site,Date,Tmax,Tmin,Prec,LW,RHmax,RHmin,chillState,ChillRate,antiChillState,forcingRate,forcingState,cycleCompletion,bbchCode,bbchPhase,plantSusceptibility,Rule310,Epi,Ipi,Dmcast,Magarey,UCSC,misfits,laore,onsRule310,onsEpi,onsIpi,onsDmcast,onsMagarey,onsUCSC,onsmisfits,onslaore,pressureRule310,pressureEpi,pressureIpi,pressureDmcast,pressureMagarey,pressureUCSC,pressureMisfits,pressureLaore
..\..\..\files\Weather\MIRA\daily\AN001_Agugliano.csv,1/1/2019 12:00:00 AM,27.26,0.9659771,0,5,95.17115,54.515667,-7.482082,-7.482082,0,0,0,0,0,0,0,0,0,0,0,0,0,0,0,0,0,0,0,0,0,0,0,0,0,0,0,0,0,0,0,
..\..\..\files\Weather\MIRA\daily\AN001_Agugliano.csv,1/2/2019 12:00:00 AM,11.55,-0.8500004,0.112500004,1,78.932144,32.917843,-12.95809,-5.4760084,0,0,0,0,0,0,0,0,0,0,0,0,0,0,0,0,0,0,0,0,0,0,0,0,0,0,0,0,0,0,0,
..\..\..\files\Weather\MIRA\daily\AN001_Agugliano.csv,1/3/2019 12:00:00 AM,7.09,1.2245569,2.5875,23,83.444016,57.486927,-15.890812,-2.9327216,0,0,0,0,0,0,0,0,0,0,0,0,0,0,0,0,0,0,0,0,0,0,0,0,0,0,0,0,0,0,0,
..\..\..\files\Weather\MIRA\daily\AN001_Agugliano.csv,1/4/2019 12:00:00 AM,6.38,-1.1383278,0,0,79.2297,51.70605,-18.597824,-2.7070117,0,0,0,0,0,0,0,0,0,0,0,0,0,0,0,0,0,0,0,0,0,0,0,0,0,0,0,0,0,0,0,
..\..\..\files\Weather\MIRA\daily\AN001_Agugliano.csv,1/5/2019 12:00:00 AM,4.35,-2.08,0,0,71.14518,44.79019,-20.069246,-1.4714229,0,0,0,0,0,0,0,0,0,0,0,0,0,0,0,0,0,0,0,0,0,0,0,0,0,0,0,0,0,0,0,
..\..\..\files\Weather\MIRA\daily\AN001_Agugliano.csv,1/6/2019 12:00:00 AM,9.14,-1.9800003,0,0,75.063034,34.25165,-23.825523,-3.7562768,0,0,0,0,0,0,0,0,0,0,0,0,0,0,0,0,0,0,0,0,0,0,0,0,0,0,0,0,0,0,0,
..\..\..\files\Weather\MIRA\daily\AN001_Agugliano.csv,1/7/2019 12:00:00 AM,10.37,-2.08,0,0,75.01879,31.288084,-28.149773,-4.324249,0,0,0,0,0,0,0,0,0,0,0,0,0,0,0,0,0,0,0,0,0,0,0,0,0,0,0,0,0,0,0,
..\..\..\files\Weather\MIRA\daily\AN001_Agugliano.csv,1/8/2019 12:00:00 AM,9.7,-2.5299997,0.045833334,1,73.83834,31.152925,-31.996462,-3.8466885,0,0,0,0,0,0,0,0,0,0,0,0,0,0,0,0,0,0,0,0,0,0,0,0,0,0,0,0,0,0,0,
..\..\..\files\Weather\MIRA\daily\AN001_Agugliano.csv,1/9/2019 12:00:00 AM,12.11,0.64000034,1.0541667,23,81.66846,36.99282,-37.537384,-5.540924,0,0,0,0,0,0,0,0,0,0,0,0,0,0,0,0,0,0,0,0,0,0,0,0,0,0,0,0,0,0,0,
..\..\..\files\Weather\MIRA\daily\AN001_Agugliano.csv,1/10/2019 12:00:00 AM,7.87,2.5677373,0.25833333,1,86.2223,59.92337,-40.188515,-2.6511314,0,0,0,0,0,0,0,0,0,0,0,0,0,0,0,0,0,0,0,0,0,0,0,0,0,0,0,0,0,0,0,
..\..\..\files\Weather\MIRA\daily\AN001_Agugliano.csv,1/11/2019 12:00:00 AM,7.8,-0.11496969,6.058333,24,83.67287,54.522427,-44.031864,-3.8433504,0,0,0,0,0,0,0,0,0,0,0,0,0,0,0,0,0,0,0,0,0,0,0,0,0,0,0,0,0,0,0,
..\..\..\files\Weather\MIRA\daily\AN001_Agugliano.csv,1/12/2019 12:00:00 AM,6.85,-1.31,2.6833334,23,75.509384,42.30124,-46.907017,-2.875153,0,0,0,0,0,0,0,0,0,0,0,0,0,0,0,0,0,0,0,0,0,0,0,0,0,0,0,0,0,0,0,
..\..\..\files\Weather\MIRA\daily\AN001_Agugliano.csv,1/13/2019 12:00:00 AM,9.42,-1.0500002,0,0,78.415115,37.13618,-51.14467,-4.2376504,0,0,0,0,0,0,0,0,0,0,0,0,0,0,0,0,0,0,0,0,0,0,0,0,0,0,0,0,0,0,0,
..\..\..\files\Weather\MIRA\daily\AN001_Agugliano.csv,1/14/2019 12:00:00 AM,11.12,2.25,0,0,85.98184,46.71243,-55.508957,-4.3642898,0,0,0,0,0,0,0,0,0,0,0,0,0,0,0,0,0,0,0,0,0,0,0,0,0,0,0,0,0,0,0,
..\..\..\files\Weather\MIRA\daily\AN001_Agugliano.csv,1/15/2019 12:00:00 AM,10.94,1.0799999,0,0,82.97538,41.95323,-60.39415,-4.8851924,0,0,0,0,0,0,0,0,0,0,0,0,0,0,0,0,0,0,0,0,0,0,0,0,0,0,0,0,0,0,0,
..\..\..\files\Weather\MIRA\daily\AN001_Agugliano.csv,1/16/2019 12:00:00 AM,12.19,0.34000015,0,0,80.80936,35.65921,-66.11678,-5.722633,0,0,0,0,0,0,0,0,0,0,0,0,0,0,0,0,0,0,0,0,0,0,0,0,0,0,0,0,0,0,0,
..\..\..\files\Weather\MIRA\daily\AN001_Agugliano.csv,1/17/2019 12:00:00 AM,15.36,2.4399996,0,0,86.12291,35.05235,-71.46496,-5.3481736,0,0,0,0,0,0,0,0,0,0,0,0,0,0,0,0,0,0,0,0,0,0,0,0,0,0,0,0,0,0,0,
..\..\..\files\Weather\MIRA\daily\AN001_Agugliano.csv,1/18/2019 12:00:00 AM,12.55,4.368669,0.20833333,4,92.941505,55.970722,-75.158226,-3.6932666,0,0,0,0,0,0,0,0,0,0,0,0,0,0,0,0,0,0,0,0,0,0,0,0,0,0,0,0,0,0,0,
..\..\..\files\Weather\MIRA\daily\AN001_Agugliano.csv,1/19/2019 12:00:00 AM,11.18,3.1999998,4.858333,24,88.45811,51.207596,-79.06098,-3.9027572,0,0,0,0,0,0,0,0,0,0,0,0,0,0,0,0,0,0,0,0,0,0,0,0,0,0,0,0,0,0,0,
..\..\..\files\Weather\MIRA\daily\AN001_Agugliano.csv,1/20/2019 12:00:00 AM,9.55,3.8950894,2.2083335,24,91.26575,63.60714,-81.888435,-2.8274553,0,0,0,0,0,0,0,0,0,0,0,0,0,0,0,0,0,0,0,0,0,0,0,0,0,0,0,0,0,0,0,
..\..\..\files\Weather\MIRA\daily\AN001_Agugliano.csv,1/21/2019 12:00:00 AM,7.48,2.3065383,16.129168,24,87.6362,65.450836,-84.47517,-2.5867307,0,0,0,0,0,0,0,0,0,0,0,0,0,0,0,0,0,0,0,0,0,0,0,0,0,0,0,0,0,0,0,
..\..\..\files\Weather\MIRA\daily\AN001_Agugliano.csv,1/22/2019 12:00:00 AM,3.8599997,1.2638166,14.195834,24,80.58481,70.83103,-85.773254,-1.2980917,0,0,0,0,0,0,0,0,0,0,0,0,0,0,0,0,0,0,0,0,0,0,0,0,0,0,0,0,0,0,0,
..\..\..\files\Weather\MIRA\daily\AN001_Agugliano.csv,1/23/2019 12:00:00 AM,2.51,1.05,7.1791663,24,77.9201,68.5244,-86.50326,-0.73,0,0,0,0,0,0,0,0,0,0,0,0,0,0,0,0,0,0,0,0,0,0,0,0,0,0,0,0,0,0,0,
..\..\..\files\Weather\MIRA\daily\AN001_Agugliano.csv,1/24/2019 12:00:00 AM,5.68,1.48,6.7958336,24,84.95895,60.55156,-88.60326,-2.1,0,0,0,0,0,0,0,0,0,0,0,0,0,0,0,0,0,0,0,0,0,0,0,0,0,0,0,0,0,0,0,
..\..\..\files\Weather\MIRA\daily\AN001_Agugliano.csv,1/25/2019 12:00:00 AM,9.19,2.5803998,8.625,23,89.81661,61.874897,-91.90806,-3.3047998,0,0,0,0,0,0,0,0,0,0,0,0,0,0,0,0,0,0,0,0,0,0,0,0,0,0,0,0,0,0,0,
..\..\..\files\Weather\MIRA\daily\AN001_Agugliano.csv,1/26/2019 12:00:00 AM,5.73,0.07143561,0,0,82.901505,63.94771,-94.73734,-2.829282,0,0,0,0,0,0,0,0,0,0,0,0,0,0,0,0,0,0,0,0,0,0,0,0,0,0,0,0,0,0,0,
..\..\..\files\Weather\MIRA\daily\AN001_Agugliano.csv,1/27/2019 12:00:00 AM,7.54,-1.21,0.125,1,76.23636,41.037476,-97.98601,-3.248663,0,0,0,0,0,0,0,0,0,0,0,0,0,0,0,0,0,0,0,0,0,0,0,0,0,0,0,0,0,0,0,
..\..\..\files\Weather\MIRA\daily\AN001_Agugliano.csv,1/28/2019 12:00:00 AM,14.93,1.7762283,3.0333333,24,84.55937,36.479794,-103.639015,-5.65301,0,0,0,0,0,0,0,0,0,0,0,0,0,0,0,0,0,0,0,0,0,0,0,0,0,0,0,0,0,0,0,
..\..\..\files\Weather\MIRA\daily\AN001_Agugliano.csv,1/29/2019 12:00:00 AM,6.65,0.46899462,3.7749999,24,80.976036,54.170345,-103.639015,-3.0905027,0,0,0,0,0,0,0,0,0,0,0,0,0,0,0,0,0,0,0,0,0,0,0,0,0,0,0,0,0,0,0,
..\..\..\files\Weather\MIRA\daily\AN001_Agugliano.csv,1/30/2019 12:00:00 AM,6,-0.48000002,3.0666668,23,77.63167,48.49856,-103.639015,-2.7777777,0,0,0,0,0,0,0,0,0,0,0,0,0,0,0,0,0,0,0,0,0,0,0,0,0,0,0,0,0,0,0,
..\..\..\files\Weather\MIRA\daily\AN001_Agugliano.csv,1/31/2019 12:00:00 AM,7.5,1.3900001,0,0,86.07239,53.950806,-103.639015,-3.055,0,0,0,0,0,0,0,0,0,0,0,0,0,0,0,0,0,0,0,0,0,0,0,0,0,0,0,0,0,0,0,
..\..\..\files\Weather\MIRA\daily\AN001_Agugliano.csv,2/1/2019 12:00:00 AM,10.21648,4.13,0,4,96.88274,63.49798,-103.63516,-3.0393903,0.0038498195,0,0,0,0,0,0,0,0,0,0,0,0,0,0,0,0,0,0,0,0,0,0,0,0,0,0,0,0,0,0,
..\..\..\files\Weather\MIRA\daily\AN001_Agugliano.csv,2/2/2019 12:00:00 AM,15.15,6.397294,0.30833334,9,100,70.11107,-102.120056,-2.8612506,1.5151026,0,0,0,0,0,0,0,0,0,0,0,0,0,0,0,0,0,0,0,0,0,0,0,0,0,0,0,0,0,0,
..\..\..\files\Weather\MIRA\daily\AN001_Agugliano.csv,2/3/2019 12:00:00 AM,13.9,5.1100006,7.508333,24,92.256775,51.08537,-101.25487,-3.5298119,0.86518764,0,0,0,0,0,0,0,0,0,0,0,0,0,0,0,0,0,0,0,0,0,0,0,0,0,0,0,0,0,0,
..\..\..\files\Weather\MIRA\daily\AN001_Agugliano.csv,2/4/2019 12:00:00 AM,11.36,4.4659915,9.583333,23,96.50697,68.22138,-101.12072,-3.3128583,0.13414541,0,0,0,0,0,0,0,0,0,0,0,0,0,0,0,0,0,0,0,0,0,0,0,0,0,0,0,0,0,0,
..\..\..\files\Weather\MIRA\daily\AN001_Agugliano.csv,2/5/2019 12:00:00 AM,11.32,3.29,0,0,88.67246,51.182163,-101.01223,-3.9065068,0.108493105,0,0,0,0,0,0,0,0,0,0,0,0,0,0,0,0,0,0,0,0,0,0,0,0,0,0,0,0,0,0,
..\..\..\files\Weather\MIRA\daily\AN001_Agugliano.csv,2/6/2019 12:00:00 AM,8.66,1.5331221,0,5,92.00096,69.97027,-101.01223,-3.563439,0,0,0,0,0,0,0,0,0,0,0,0,0,0,0,0,0,0,0,0,0,0,0,0,0,0,0,0,0,0,0,
..\..\..\files\Weather\MIRA\daily\AN001_Agugliano.csv,2/7/2019 12:00:00 AM,10.76,-0.05000019,0,0,80.102295,37.771805,-100.98551,-5.3818316,0.02671602,0,0,0,0,0,0,0,0,0,0,0,0,0,0,0,0,0,0,0,0,0,0,0,0,0,0,0,0,0,0,
..\..\..\files\Weather\MIRA\daily\AN001_Agugliano.csv,2/8/2019 12:00:00 AM,12.08,1.0961403,0,0,83.99684,40.795383,-100.78857,-5.2949862,0.1969435,0,0,0,0,0,0,0,0,0,0,0,0,0,0,0,0,0,0,0,0,0,0,0,0,0,0,0,0,0,0,
..\..\..\files\Weather\MIRA\daily\AN001_Agugliano.csv,2/9/2019 12:00:00 AM,11.04,-0.60999966,0,0,78.66642,34.955463,-100.74215,-5.2773905,0.0464206,0,0,0,0,0,0,0,0,0,0,0,0,0,0,0,0,0,0,0,0,0,0,0,0,0,0,0,0,0,0,
..\..\..\files\Weather\MIRA\daily\AN001_Agugliano.csv,2/10/2019 12:00:00 AM,15.42,2.9500003,0,0,89.57412,36.742767,-99.56427,-5.057117,1.177883,0,0,0,0,0,0,0,0,0,0,0,0,0,0,0,0,0,0,0,0,0,0,0,0,0,0,0,0,0,0,
..\..\..\files\Weather\MIRA\daily\AN001_Agugliano.csv,2/11/2019 12:00:00 AM,15.77,2.7638323,0,5,97.11769,56.754333,-98.28438,-5.223195,1.279889,0,0,0,0,0,0,0,0,0,0,0,0,0,0,0,0,0,0,0,0,0,0,0,0,0,0,0,0,0,0,
..\..\..\files\Weather\MIRA\daily\AN001_Agugliano.csv,2/12/2019 12:00:00 AM,11.82,0.8461109,0,0,83.15002,40.034023,-98.13345,-5.336023,0.15092184,0,0,0,0,0,0,0,0,0,0,0,0,0,0,0,0,0,0,0,0,0,0,0,0,0,0,0,0,0,0,
..\..\..\files\Weather\MIRA\daily\AN001_Agugliano.csv,2/13/2019 12:00:00 AM,12.48,-1.1499996,0,0,76.94732,29.885918,-97.90784,-5.9391336,0.22561988,0,0,0,0,0,0,0,0,0,0,0,0,0,0,0,0,0,0,0,0,0,0,0,0,0,0,0,0,0,0,
..\..\..\files\Weather\MIRA\daily\AN001_Agugliano.csv,2/14/2019 12:00:00 AM,10.81,-0.27999973,0,0,79.51736,36.75148,-97.87826,-5.2981157,0.029580735,0,0,0,0,0,0,0,0,0,0,0,0,0,0,0,0,0,0,0,0,0,0,0,0,0,0,0,0,0,0,
..\..\..\files\Weather\MIRA\daily\AN001_Agugliano.csv,2/15/2019 12:00:00 AM,12.58,1.0799999,0,0,82.54251,37.45108,-97.58885,-5.4605913,0.28940868,0,0,0,0,0,0,0,0,0,0,0,0,0,0,0,0,0,0,0,0,0,0,0,0,0,0,0,0,0,0,
..\..\..\files\Weather\MIRA\daily\AN001_Agugliano.csv,2/16/2019 12:00:00 AM,12.71,-0.09000015,0,0,79.508415,32.865707,-97.30197,-6.597195,0.2868789,0,0,0,0,0,0,0,0,0,0,0,0,0,0,0,0,0,0,0,0,0,0,0,0,0,0,0,0,0,0,
..\..\..\files\Weather\MIRA\daily\AN001_Agugliano.csv,2/17/2019 12:00:00 AM,13.29,-0.4300003,0,0,78.35152,30.419994,-96.90751,-6.8312025,0.39446425,0,0,0,0,0,0,0,0,0,0,0,0,0,0,0,0,0,0,0,0,0,0,0,0,0,0,0,0,0,0,
..\..\..\files\Weather\MIRA\daily\AN001_Agugliano.csv,2/18/2019 12:00:00 AM,15.86,0.14000034,0,0,77.60479,26.602156,-95.815285,-6.767773,1.0922264,0,0,0,0,0,0,0,0,0,0,0,0,0,0,0,0,0,0,0,0,0,0,0,0,0,0,0,0,0,0,
..\..\..\files\Weather\MIRA\daily\AN001_Agugliano.csv,2/19/2019 12:00:00 AM,16.77,0.65999985,0,0,77.80171,26.132805,-94.392784,-6.6325016,1.4224986,0,0,0,0,0,0,0,0,0,0,0,0,0,0,0,0,0,0,0,0,0,0,0,0,0,0,0,0,0,0,
..\..\..\files\Weather\MIRA\daily\AN001_Agugliano.csv,2/20/2019 12:00:00 AM,14.7,0.06000042,0,0,78.55515,28.842869,-93.63834,-6.56556,0.7544399,0,0,0,0,0,0,0,0,0,0,0,0,0,0,0,0,0,0,0,0,0,0,0,0,0,0,0,0,0,0,
..\..\..\files\Weather\MIRA\daily\AN001_Agugliano.csv,2/21/2019 12:00:00 AM,12.42,-0.020000458,0,0,79.80994,33.795532,-93.40296,-6.435402,0.23538586,0,0,0,0,0,0,0,0,0,0,0,0,0,0,0,0,0,0,0,0,0,0,0,0,0,0,0,0,0,0,
..\..\..\files\Weather\MIRA\daily\AN001_Agugliano.csv,2/22/2019 12:00:00 AM,13.07,0.60999966,0,0,81.101494,34.447674,-93.02476,-5.851794,0.3782062,0,0,0,0,0,0,0,0,0,0,0,0,0,0,0,0,0,0,0,0,0,0,0,0,0,0,0,0,0,0,
..\..\..\files\Weather\MIRA\daily\AN001_Agugliano.csv,2/23/2019 12:00:00 AM,14.25,3.1499996,0,0,86.82483,40.95687,-92.21113,-4.736374,0.8136261,0,0,0,0,0,0,0,0,0,0,0,0,0,0,0,0,0,0,0,0,0,0,0,0,0,0,0,0,0,0,
..\..\..\files\Weather\MIRA\daily\AN001_Agugliano.csv,2/24/2019 12:00:00 AM,6.41,3.37,0,0,86.99888,70.37115,-92.21113,-1.52,0,0,0,0,0,0,0,0,0,0,0,0,0,0,0,0,0,0,0,0,0,0,0,0,0,0,0,0,0,0,0,
..\..\..\files\Weather\MIRA\daily\AN001_Agugliano.csv,2/25/2019 12:00:00 AM,8.65,2.5500002,0,0,86.390465,56.580086,-92.21113,-3.0499997,0,0,0,0,0,0,0,0,0,0,0,0,0,0,0,0,0,0,0,0,0,0,0,0,0,0,0,0,0,0,0,
..\..\..\files\Weather\MIRA\daily\AN001_Agugliano.csv,2/26/2019 12:00:00 AM,11.71,3.0199995,0,0,87.87822,48.496193,-92.042885,-4.176755,0.1682451,0,0,0,0,0,0,0,0,0,0,0,0,0,0,0,0,0,0,0,0,0,0,0,0,0,0,0,0,0,0,
..\..\..\files\Weather\MIRA\daily\AN001_Agugliano.csv,2/27/2019 12:00:00 AM,15.869999,4.096081,0,0,88.92499,41.82529,-90.57961,-4.423687,1.4632719,0,0,0,0,0,0,0,0,0,0,0,0,0,0,0,0,0,0,0,0,0,0,0,0,0,0,0,0,0,0,
..\..\..\files\Weather\MIRA\daily\AN001_Agugliano.csv,2/28/2019 12:00:00 AM,17.42,1.8099995,0,0,79.76795,27.928955,-88.81612,-6.0415025,1.7634977,0,0,0,0,0,0,0,0,0,0,0,0,0,0,0,0,0,0,0,0,0,0,0,0,0,0,0,0,0,0,
..\..\..\files\Weather\MIRA\daily\AN001_Agugliano.csv,3/1/2019 12:00:00 AM,21.25,3.369999,0,0,86.9017,23.628513,-85.27689,-5.4007807,3.5392196,0,0,0,0,0,0,0,0,0,0,0,0,0,0,0,0,0,0,0,0,0,0,0,0,0,0,0,0,0,0,
..\..\..\files\Weather\MIRA\daily\AN001_Agugliano.csv,3/2/2019 12:00:00 AM,16.73,4.3546615,0,5,95.31151,51.717163,-83.44693,-4.357703,1.829966,0,0,0,0,0,0,0,0,0,0,0,0,0,0,0,0,0,0,0,0,0,0,0,0,0,0,0,0,0,0,
..\..\..\files\Weather\MIRA\daily\AN001_Agugliano.csv,3/3/2019 12:00:00 AM,18.02,2.0100002,0,0,79.3616,27.14092,-81.43817,-5.996243,2.008757,0,0,0,0,0,0,0,0,0,0,0,0,0,0,0,0,0,0,0,0,0,0,0,0,0,0,0,0,0,0,
..\..\..\files\Weather\MIRA\daily\AN001_Agugliano.csv,3/4/2019 12:00:00 AM,17.29,3.9899998,0,1,95.58305,35.213814,-79.44027,-4.6521015,1.9978988,0,0,0,0,0,0,0,0,0,0,0,0,0,0,0,0,0,0,0,0,0,0,0,0,0,0,0,0,0,0,
..\..\..\files\Weather\MIRA\daily\AN001_Agugliano.csv,3/5/2019 12:00:00 AM,21.36,6.5970283,0,8,100,63.61888,-75.06955,-3.0107675,4.370719,0,0,0,0,0,0,0,0,0,0,0,0,0,0,0,0,0,0,0,0,0,0,0,0,0,0,0,0,0,0,
..\..\..\files\Weather\MIRA\daily\AN001_Agugliano.csv,3/6/2019 12:00:00 AM,17.77,4.6800003,0,0,86.48988,36.28655,-72.76348,-4.2389307,2.3060696,0,0,0,0,0,0,0,0,0,0,0,0,0,0,0,0,0,0,0,0,0,0,0,0,0,0,0,0,0,0,
..\..\..\files\Weather\MIRA\daily\AN001_Agugliano.csv,3/7/2019 12:00:00 AM,19.72,8.24,0,3,92.073425,43.699436,-68.64857,-1.6250873,4.1149125,0,0,0,0,0,0,0,0,0,0,0,0,0,0,0,0,0,0,0,0,0,0,0,0,0,0,0,0,0,0,
..\..\..\files\Weather\MIRA\daily\AN001_Agugliano.csv,3/8/2019 12:00:00 AM,23.21,7.4022193,0,3,92.59018,45.010483,-63.129005,-2.384327,5.519563,0,0,0,0,0,0,0,0,0,0,0,0,0,0,0,0,0,0,0,0,0,0,0,0,0,0,0,0,0,0,
..\..\..\files\Weather\MIRA\daily\AN001_Agugliano.csv,3/9/2019 12:00:00 AM,19.13,5.3899994,0,0,85.93742,34.788593,-60.09564,-3.8366342,3.0333657,0,0,0,0,0,0,0,0,0,0,0,0,0,0,0,0,0,0,0,0,0,0,0,0,0,0,0,0,0,0,
..\..\..\files\Weather\MIRA\daily\AN001_Agugliano.csv,3/10/2019 12:00:00 AM,19.27,4.9799995,0,1,97.16465,33.00895,-57.08889,-4.138251,3.0067496,0,0,0,0,0,0,0,0,0,0,0,0,0,0,0,0,0,0,0,0,0,0,0,0,0,0,0,0,0,0,
..\..\..\files\Weather\MIRA\daily\AN001_Agugliano.csv,3/11/2019 12:00:00 AM,18.82,7.5432706,0.21666665,9,100,66.86202,-53.639645,-2.1891198,3.4492445,0,0,0,0,0,0,0,0,0,0,0,0,0,0,0,0,0,0,0,0,0,0,0,0,0,0,0,0,0,0,
..\..\..\files\Weather\MIRA\daily\AN001_Agugliano.csv,3/12/2019 12:00:00 AM,19.86,1.3745573,4.983333,23,84.62049,32.826775,-51.010017,-6.6130953,2.6296263,0,0,0,0,0,0,0,0,0,0,0,0,0,0,0,0,0,0,0,0,0,0,0,0,0,0,0,0,0,0,
..\..\..\files\Weather\MIRA\daily\AN001_Agugliano.csv,3/13/2019 12:00:00 AM,12.3,-0.5,0.275,1,84.542915,32.41348,-50.803375,-6.1164064,0.20664066,0,0,0,0,0,0,0,0,0,0,0,0,0,0,0,0,0,0,0,0,0,0,0,0,0,0,0,0,0,0,
..\..\..\files\Weather\MIRA\daily\AN001_Agugliano.csv,3/14/2019 12:00:00 AM,15.76,6.1399994,6.3250003,23,93.131485,49.130768,-49.078968,-3.085593,1.7244074,0,0,0,0,0,0,0,0,0,0,0,0,0,0,0,0,0,0,0,0,0,0,0,0,0,0,0,0,0,0,
..\..\..\files\Weather\MIRA\daily\AN001_Agugliano.csv,3/15/2019 12:00:00 AM,14.950001,6.9100003,0,5,96.10115,56.310715,-47.55518,-2.4962125,1.5237876,0,0,0,0,0,0,0,0,0,0,0,0,0,0,0,0,0,0,0,0,0,0,0,0,0,0,0,0,0,0,
..\..\..\files\Weather\MIRA\daily\AN001_Agugliano.csv,3/16/2019 12:00:00 AM,20.16,8.049973,0,5,97.163895,52.45635,-43.29319,-1.793025,4.2619886,0,0,0,0,0,0,0,0,0,0,0,0,0,0,0,0,0,0,0,0,0,0,0,0,0,0,0,0,0,0,
..\..\..\files\Weather\MIRA\daily\AN001_Agugliano.csv,3/17/2019 12:00:00 AM,21.28,5.7800007,0,0,82.46252,30.028244,-39.188725,-3.645535,4.104465,0,0,0,0,0,0,0,0,0,0,0,0,0,0,0,0,0,0,0,0,0,0,0,0,0,0,0,0,0,0,
..\..\..\files\Weather\MIRA\daily\AN001_Agugliano.csv,3/18/2019 12:00:00 AM,18.7,6.6900005,0.25416666,2,90.06544,40.973183,-36.0376,-2.8538756,3.1511245,0,0,0,0,0,0,0,0,0,0,0,0,0,0,0,0,0,0,0,0,0,0,0,0,0,0,0,0,0,0,
..\..\..\files\Weather\MIRA\daily\AN001_Agugliano.csv,3/19/2019 12:00:00 AM,18.07,6.9799995,5.9125,24,94.14458,44.38687,-33.101402,-2.6088011,2.936199,0,0,0,0,0,0,0,0,0,0,0,0,0,0,0,0,0,0,0,0,0,0,0,0,0,0,0,0,0,0,
..\..\..\files\Weather\MIRA\daily\AN001_Agugliano.csv,3/20/2019 12:00:00 AM,10.95,4.0052524,1.5333334,23,98.13844,74.192276,-33.036427,-3.4073963,0.06497714,0,0,0,0,0,0,0,0,0,0,0,0,1,0,0,0,0,0,0,0,0,0,0,0,0,0,0,0,1,0,
..\..\..\files\Weather\MIRA\daily\AN001_Agugliano.csv,3/21/2019 12:00:00 AM,12.72,2.5100002,0,0,86.168,42.91302,-32.674114,-4.7426887,0.3623115,0,0,0,0,0,0,0,0,0,0,0,0,0,0,0,0,0,0,0,0,0,0,0,0,0,0,0,0,0,0,
..\..\..\files\Weather\MIRA\daily\AN001_Agugliano.csv,3/22/2019 12:00:00 AM,13.66,2.4099998,0,0,85.354805,39.694187,-32.078754,-5.02964,0.5953599,0,0,0,0,0,0,0,0,0,0,0,0,0,0,0,0,0,0,0,0,0,0,0,0,0,0,0,0,0,0,
..\..\..\files\Weather\MIRA\daily\AN001_Agugliano.csv,3/23/2019 12:00:00 AM,15.32,2.6499996,0,0,84.5258,35.91792,-30.96185,-5.218094,1.1169059,0,0,0,0,0,0,0,0,0,0,0,0,0,0,0,0,0,0,0,0,0,0,0,0,0,0,0,0,0,0,
..\..\..\files\Weather\MIRA\daily\AN001_Agugliano.csv,3/24/2019 12:00:00 AM,17.87,3.5900002,0,0,83.55604,32.26941,-28.79319,-4.971341,2.1686592,0,0,0,0,0,0,0,0,0,0,0,0,0,0,0,0,0,0,0,0,0,0,0,0,0,0,0,0,0,0,
..\..\..\files\Weather\MIRA\daily\AN001_Agugliano.csv,3/25/2019 12:00:00 AM,20.89,5.91,0.42499998,1,83.653046,31.48225,-24.834843,-3.5316522,3.9583476,0,0,0,0,0,0,0,0,0,0,0,0,0,0,0,0,0,0,0,0,0,0,0,0,0,0,0,0,0,0,
..\..\..\files\Weather\MIRA\daily\AN001_Agugliano.csv,3/26/2019 12:00:00 AM,23.49,3.326717,9.775,23,78.548416,26.064646,-20.322182,-5.5689816,4.5126605,0,0,0,0,0,0,1,0,0,0,0,0,1,1,0,0,0,0,0,0,0,0,1,0,0,0,0,0,1,1,
..\..\..\files\Weather\MIRA\daily\AN001_Agugliano.csv,3/27/2019 12:00:00 AM,12.05,1.8299999,0,0,84.67836,41.98223,-20.11658,-4.9043984,0.2056018,0,0,0,0,0,0,0,0,0,0,0,0,0,0,0,0,0,0,0,0,0,0,0,0,0,0,0,0,0,0,
..\..\..\files\Weather\MIRA\daily\AN001_Agugliano.csv,3/28/2019 12:00:00 AM,13.95,1.3299999,0,0,82.371666,34.797596,-19.498413,-5.6918344,0.61816555,0,0,0,0,0,0,0,0,0,0,0,0,0,0,0,0,0,0,0,0,0,0,0,0,0,0,0,0,0,0,
..\..\..\files\Weather\MIRA\daily\AN001_Agugliano.csv,3/29/2019 12:00:00 AM,13.530001,2.4900002,0,0,85.65008,40.39931,-18.934061,-4.9556475,0.5643525,0,0,0,0,0,0,0,0,0,0,0,0,0,0,0,0,0,0,0,0,0,0,0,0,0,0,0,0,0,0,
..\..\..\files\Weather\MIRA\daily\AN001_Agugliano.csv,3/30/2019 12:00:00 AM,15.209999,1.7599998,0,0,82.364944,33.08004,-17.924988,-5.7159257,1.0090741,0,0,0,0,0,0,0,0,0,0,0,0,0,0,0,0,0,0,0,0,0,0,0,0,0,0,0,0,0,0,
..\..\..\files\Weather\MIRA\daily\AN001_Agugliano.csv,3/31/2019 12:00:00 AM,16.88,2.2100005,0,0,81.52707,30.393652,-16.311682,-5.7216935,1.6133059,0,0,0,0,0,0,0,0,0,0,0,0,0,0,0,0,0,0,0,0,0,0,0,0,0,0,0,0,0,0,
..\..\..\files\Weather\MIRA\daily\AN001_Agugliano.csv,4/1/2019 12:00:00 AM,18.99,2.9899998,0,0,80.17406,27.665619,-13.786054,-5.474372,2.525628,0,0,0,0,0,0,0,0,0,0,0,0,0,0,0,0,0,0,0,0,0,0,0,0,0,0,0,0,0,0,
..\..\..\files\Weather\MIRA\daily\AN001_Agugliano.csv,4/2/2019 12:00:00 AM,19.11,5.7199993,0,0,87.26045,36.00233,-10.687021,-3.5959678,3.0990329,0,0,0,0,0,0,0,0,0,0,0,0,0,0,0,0,0,0,0,0,0,0,0,0,0,0,0,0,0,0,
..\..\..\files\Weather\MIRA\daily\AN001_Agugliano.csv,4/3/2019 12:00:00 AM,20.23,9.211036,0,5,96.16899,50.602554,-5.938258,-0.7607193,4.748763,0,0,0,0,0,0,0,0,0,0,0,0,0,0,0,0,0,0,0,0,0,0,0,0,0,0,0,0,0,0,
..\..\..\files\Weather\MIRA\daily\AN001_Agugliano.csv,4/4/2019 12:00:00 AM,19.3,7.4799995,0.39583334,2,90.96166,42.078026,-2.2796295,-2.2513711,3.6586287,0,0,0,0,0,0,0,0,0,0,0,0,0,0,0,0,0,0,0,0,0,0,0,0,0,0,0,0,0,0,
..\..\..\files\Weather\MIRA\daily\AN001_Agugliano.csv,4/5/2019 12:00:00 AM,19.05,4.7693205,9.104167,23,91.83933,43.59535,0,-4.2727423,2.8675978,3.9070148,3.9070148,0.14470425,10.180881,10,1.815583,0,0,0,0,0,0,1,0,0,0,0,0,0,0,0,0,0,0,0,0,0,0,1,0,
..\..\..\files\Weather\MIRA\daily\AN001_Agugliano.csv,4/6/2019 12:00:00 AM,14.79,3.0500002,0,0,86.294304,38.93921,0,-4.8928237,0.9771763,0,3.9070148,0.14470425,10.180881,10,1.815583,0,0,0,0,0,0,0,0,0,0,0,0,0,0,0,0,0,0,0,0,0,0,0,0,
..\..\..\files\Weather\MIRA\daily\AN001_Agugliano.csv,4/7/2019 12:00:00 AM,16.96,7.42,0,5,94.89137,50.639297,0,-2.231132,2.5388675,4.379776,8.286791,0.30691817,10.383648,10,1.9843868,0,0,0,0,0,0,0,0,0,0,0,0,0,0,0,0,0,0,0,0,0,0,0,0,
..\..\..\files\Weather\MIRA\daily\AN001_Agugliano.csv,4/8/2019 12:00:00 AM,16.93,8.46,0.12916666,6,99.2747,56.073143,0,-1.3999996,2.835,5.186945,13.473736,0.49902728,10.623784,10,2.1843002,0,0,0,0,0,0,0,0,0,0,0,0,0,0,0,0,0,0,0,0,0,0,0,0,
..\..\..\files\Weather\MIRA\daily\AN001_Agugliano.csv,4/9/2019 12:00:00 AM,14.54,7.8870573,2.9708333,23,100,75.6887,0,-1.7774125,1.5490588,2.64841,16.122147,0.59711653,10.746396,10,2.2863746,0,0,0,0,0,0,0,0,0,0,0,0,0,0,0,0,0,0,0,0,0,0,0,0,
..\..\..\files\Weather\MIRA\daily\AN001_Agugliano.csv,4/10/2019 12:00:00 AM,17.37,6.26,0.38333333,4,91.20974,43.795906,0,-3.1104949,2.4445055,3.7431812,19.865328,0.7357529,10.919691,10,2.4306428,0,0,0,0,0,0,0,0,0,0,0,0,0,0,0,0,0,0,0,0,0,0,0,0,
..\..\..\files\Weather\MIRA\daily\AN001_Agugliano.csv,4/11/2019 12:00:00 AM,19.02,7.7700005,9.070833,24,93.11095,44.298527,0,-2.008982,3.616018,6.2177153,26.083042,0.9660386,11.103774,11,2.5838919,0,0,0,0,0,0,1,1,0,0,0,0,0,0,0,0,0,0,0,0,0,0,1,1,
..\..\..\files\Weather\MIRA\daily\AN001_Agugliano.csv,4/12/2019 12:00:00 AM,15.09,8.27,5.8458333,24,99.616745,63.474785,0,-1.5105788,1.8994211,3.5057182,29.58876,1.09588,11.184925,11,2.6514502,0,0,0,0,0,0,1,0,0,0,0,0,0,0,0,0,0,0,0,0,0,0,2,1,
..\..\..\files\Weather\MIRA\daily\AN001_Agugliano.csv,4/13/2019 12:00:00 AM,14.5,8.35,0,9,100,66.84613,0,-1.4286582,1.6463416,3.044425,32.633186,1.2086365,11.255398,11,2.7101185,0,0,0,0,0,0,0,0,0,0,0,0,0,0,0,0,0,0,0,0,0,0,2,1,
..\..\..\files\Weather\MIRA\daily\AN001_Agugliano.csv,4/14/2019 12:00:00 AM,13.140001,8.400001,0.074999996,11,100,74.16693,0,-1.329957,1.0400429,1.7727456,34.405933,1.2742939,11.296433,11,2.7442808,0,0,0,0,0,0,0,0,0,0,0,0,0,0,0,0,0,0,0,0,0,0,2,1,
..\..\..\files\Weather\MIRA\daily\AN001_Agugliano.csv,4/15/2019 12:00:00 AM,14.95,5.9971013,1.7249999,23,100,71.84464,0,-3.108038,1.3684115,1.1456281,35.551563,1.3167245,11.322953,11,2.7663586,0,0,0,0,0,0,0,0,0,0,0,0,0,0,0,0,0,0,0,0,0,0,2,1,
..\..\..\files\Weather\MIRA\daily\AN001_Agugliano.csv,4/16/2019 12:00:00 AM,15.83,4.3099995,0,0,88.24381,40.803314,0,-4.2847877,1.4752126,0.1994012,35.750965,1.3241098,11.327569,11,2.7702012,0,0,0,0,0,0,0,0,0,0,0,0,0,0,0,0,0,0,0,0,0,0,2,1,
..\..\..\files\Weather\MIRA\daily\AN001_Agugliano.csv,4/17/2019 12:00:00 AM,17.73,4.3099995,0,0,85.60718,35.086296,0,-4.483737,2.2262628,2.2743547,38.02532,1.4083451,11.380216,11,2.8140295,0,0,0,0,0,0,0,0,0,0,0,0,0,0,0,0,0,0,0,0,0,0,2,1,
..\..\..\files\Weather\MIRA\daily\AN001_Agugliano.csv,4/18/2019 12:00:00 AM,19.03,4.6399994,0,0,84.225914,32.561607,0,-4.3617516,2.8332489,3.777977,41.803295,1.5482702,11.467669,11,2.886834,0,0,0,0,0,0,0,0,0,0,0,0,0,0,0,0,0,0,0,0,0,0,2,1,
..\..\..\files\Weather\MIRA\daily\AN001_Agugliano.csv,4/19/2019 12:00:00 AM,19.41,5.3199997,0,0,85.22812,33.74052,0,-3.9027681,3.142232,4.665798,46.469093,1.7210776,12.050449,12,3.4421656,0,0,0,0,0,0,0,0,0,0,0,0,0,0,0,0,0,0,0,0,0,0,2,1,
..\..\..\files\Weather\MIRA\daily\AN001_Agugliano.csv,4/20/2019 12:00:00 AM,19.16,5.0599995,0,0,85.045494,33.583157,0,-4.0746245,2.9753757,4.246723,50.715816,1.8783636,12.115985,12,3.587873,0,0,0,0,0,0,0,0,0,0,0,0,0,0,0,0,0,0,0,0,0,0,2,1,
..\..\..\files\Weather\MIRA\daily\AN001_Agugliano.csv,4/21/2019 12:00:00 AM,20.36,5.58,0,0,86.74849,31.912577,0,-3.7590935,3.6309068,5.60371,56.319527,2.0859084,12.202462,12,3.7801409,0,0,0,0,0,0,0,0,0,0,0,0,0,0,0,0,0,0,0,0,0,0,2,1,
..\..\..\files\Weather\MIRA\daily\AN001_Agugliano.csv,4/22/2019 12:00:00 AM,20.53,10.35,0.45416665,6,100,49.833794,0,0,5.4400005,8.698689,65.01822,2.4080822,13.002525,13,5.5589476,0,0,0,1,0,0,0,0,0,0,0,0,0,0,0,0,0,0,0,1,0,0,2,1,
..\..\..\files\Weather\MIRA\daily\AN001_Agugliano.csv,4/23/2019 12:00:00 AM,16.26,12.903151,10.445833,24,100,91.18623,0,0,4.5815754,7.7492623,72.76748,2.6950917,13.0922165,13,5.7583613,1,1,0,1,0,0,1,1,0,0,0,0,0,0,0,0,1,1,0,2,0,0,3,2,
..\..\..\files\Weather\MIRA\daily\AN001_Agugliano.csv,4/24/2019 12:00:00 AM,20.44,11.61,0,6,99.28116,56.48309,0,0,6.0249996,9.27284,82.04032,3.0385303,13.199541,13,5.9969797,0,0,0,0,0,0,0,0,0,0,0,0,0,0,0,0,1,1,0,2,0,0,3,2,
..\..\..\files\Weather\MIRA\daily\AN001_Agugliano.csv,4/25/2019 12:00:00 AM,22.89,10.96,0,3,91.38228,42.869167,0,0,6.924999,10.04433,92.08465,3.4105425,14.052635,14,7.8936925,0,0,0,0,0,0,0,0,0,0,0,0,0,0,0,0,1,1,0,2,0,0,3,2,
..\..\..\files\Weather\MIRA\daily\AN001_Agugliano.csv,4/26/2019 12:00:00 AM,23.68,11.698109,0,5,94.62533,48.82673,0,0,7.6890545,10.595469,102.680115,3.802967,14.150742,14,8.111815,0,0,0,0,0,0,0,0,0,0,0,0,0,0,0,0,1,1,0,2,0,0,3,2,
..\..\..\files\Weather\MIRA\daily\AN001_Agugliano.csv,4/27/2019 12:00:00 AM,21.77,9.970001,0,3,91.80498,43.157597,0,-0.029960632,5.870039,9.126362,111.80647,4.1409807,20.00226,20,16.58192,0,0,0,0,0,0,0,0,0,0,0,0,0,0,0,0,1,1,0,2,0,0,3,2,
..\..\..\files\Weather\MIRA\daily\AN001_Agugliano.csv,4/28/2019 12:00:00 AM,20.83,6.3461704,0.74583334,1,89.4972,39.49948,0,-3.1929545,4.04896,6.4849567,118.29143,4.381164,29.0029,29,28.424868,0,0,0,1,0,0,0,0,0,0,0,0,0,0,0,0,1,1,0,3,0,0,3,2,
..\..\..\files\Weather\MIRA\daily\AN001_Agugliano.csv,4/29/2019 12:00:00 AM,20.37,3.9400005,17.3875,24,97.39903,27.058857,0,-4.942422,3.272578,4.321747,122.613174,4.541229,35.003277,35,36.3201,1,1,0,1,0,0,1,0,0,0,0,0,0,0,0,0,2,2,0,4,0,0,4,2,
..\..\..\files\Weather\MIRA\daily\AN001_Agugliano.csv,4/30/2019 12:00:00 AM,14.11,8.96,5.366667,24,100,72.88572,0,-0.93499017,1.6400096,3.2455137,125.85869,4.661433,40.000755,40,42.89573,1,1,0,1,0,0,0,0,0,0,0,0,0,0,0,0,3,3,0,5,0,0,4,2,
..\..\..\files\Weather\MIRA\daily\AN001_Agugliano.csv,5/1/2019 12:00:00 AM,19.2,9.209912,0,8,100,62.802856,0,-0.7588444,4.2361994,7.2913885,133.15007,4.931484,50.00211,50,56.05541,0,0,0,0,0,0,1,0,0,0,0,0,0,0,0,0,3,3,0,5,0,0,5,2,
..\..\..\files\Weather\MIRA\daily\AN001_Agugliano.csv,5/2/2019 12:00:00 AM,20.05,7.3500004,0,0,89.093636,38.990913,0,-2.3735232,3.9764762,6.6365757,139.78665,5.1772833,53.026592,53,60.13296,0,0,0,0,0,0,0,0,0,0,0,0,0,0,0,0,3,3,0,5,0,0,5,2,
..\..\..\files\Weather\MIRA\daily\AN001_Agugliano.csv,5/3/2019 12:00:00 AM,24,13.213996,0.054166663,6,96.83666,53.16403,0,0,8.606998,11.134459,150.92111,5.5896707,53.08845,53,60.442257,0,0,0,0,0,0,0,0,0,0,0,0,0,0,0,0,3,3,0,5,0,0,5,2,
..\..\..\files\Weather\MIRA\daily\AN001_Agugliano.csv,5/4/2019 12:00:00 AM,21.630001,11.27432,1.3041666,24,96.78469,51.724644,0,0,6.45216,9.655706,160.57681,5.9472895,53.142094,53,60.71047,0,0,0,1,0,0,0,1,0,0,0,0,0,0,0,0,3,3,0,6,0,0,5,3,
..\..\..\files\Weather\MIRA\daily\AN001_Agugliano.csv,5/5/2019 12:00:00 AM,18.41,8.9371605,2.4541667,24,99.43311,57.856636,0,-1.0032151,3.7332046,6.6009994,167.17781,6.1917706,53.178764,53,60.89382,0,0,0,1,0,0,0,1,0,0,0,0,0,0,0,0,3,3,0,7,0,0,5,4,
..\..\..\files\Weather\MIRA\daily\AN001_Agugliano.csv,5/6/2019 12:00:00 AM,15.390001,7.8300004,25.587502,24,98.087265,59.499657,0,-1.8585643,1.921436,3.3807817,170.5586,6.316985,53.197548,53,60.98774,1,1,0,1,0,0,1,0,0,0,0,0,0,0,0,0,4,4,0,8,0,0,6,4,
..\..\..\files\Weather\MIRA\daily\AN001_Agugliano.csv,5/7/2019 12:00:00 AM,13.55,7.28,0,6,98.343506,64.71256,0,-2.1300156,1.0049841,1.016646,171.57524,6.354638,53.203197,53,61.015987,1,0,0,0,0,0,0,0,0,0,0,0,0,0,0,0,5,4,0,8,0,0,6,4,
..\..\..\files\Weather\MIRA\daily\AN001_Agugliano.csv,5/8/2019 12:00:00 AM,17.58,5.8799996,0.14583333,1,92.33751,41.489075,0,-3.3945985,2.4554014,3.5941958,175.16943,6.4877567,53.223164,53,61.115818,0,0,0,0,0,0,0,0,0,0,0,0,0,0,0,0,5,4,0,8,0,0,6,4,
..\..\..\files\Weather\MIRA\daily\AN001_Agugliano.csv,5/9/2019 12:00:00 AM,19.93,8.896392,3.475,24,100,58.380783,0,-1.0484161,4.4683886,7.5477304,182.71716,6.767302,54.012077,54,65.06039,0,0,0,1,0,0,0,1,0,0,0,0,0,0,0,0,5,4,0,9,0,0,6,5,
..\..\..\files\Weather\MIRA\daily\AN001_Agugliano.csv,5/10/2019 12:00:00 AM,18.9,7.1800003,2.7791667,23,90.95991,42.26361,0,-2.4807336,3.379266,5.7073216,188.42448,6.9786844,54.03744,54,65.18721,0,0,0,1,0,0,1,0,0,0,0,0,0,0,0,0,5,4,0,10,0,0,7,5,
..\..\..\files\Weather\MIRA\daily\AN001_Agugliano.csv,5/11/2019 12:00:00 AM,21.59,8.69,0.93333334,1,89.00218,38.810463,0,-1.243484,5.206516,8.381533,196.80602,7.2891116,54.07469,54,65.37346,0,0,0,1,0,0,0,0,0,0,0,0,0,0,0,0,5,4,0,11,0,0,7,5,
..\..\..\files\Weather\MIRA\daily\AN001_Agugliano.csv,5/12/2019 12:00:00 AM,23.85,11.24,22.633333,24,100,40.317802,0,0,7.545,10.498745,207.30476,7.6779547,54.121353,54,65.606766,1,1,0,1,0,0,1,1,0,0,0,0,0,0,0,0,6,5,0,12,0,0,8,6,
..\..\..\files\Weather\MIRA\daily\AN001_Agugliano.csv,5/13/2019 12:00:00 AM,13.41,10.630858,27.512499,24,100,95.42115,0,0,2.0204296,4.0960054,211.40077,7.829658,54.13956,54,65.6978,1,1,0,1,1,0,1,0,0,0,0,0,0,0,0,0,7,6,0,13,1,0,9,6,
..\..\..\files\Weather\MIRA\daily\AN001_Agugliano.csv,5/14/2019 12:00:00 AM,13.55,7.5004144,15.762499,24,100,84.70821,0,-1.9831928,1.0416003,1.2578635,212.65863,7.8762455,54.14515,54,65.725746,1,1,0,1,1,0,1,0,0,0,0,0,0,0,0,0,8,7,0,14,2,0,10,6,
..\..\..\files\Weather\MIRA\daily\AN001_Agugliano.csv,5/15/2019 12:00:00 AM,12.69,6.61,3.2583332,23,97.06332,64.525246,0,-2.4449255,0.5950739,0,212.65863,7.8762455,54.14515,54,65.725746,1,0,0,0,1,0,1,0,0,0,0,0,0,0,0,0,9,7,0,14,3,0,11,6,
..\..\..\files\Weather\MIRA\daily\AN001_Agugliano.csv,5/16/2019 12:00:00 AM,14.16,6.2900004,0,5,95.191574,56.246346,0,-2.8355336,1.0994663,0.5822367,213.24086,7.89781,54.147736,54,65.73868,0,0,0,0,0,0,0,0,0,0,0,0,0,0,0,0,9,7,0,14,3,0,11,6,
..\..\..\files\Weather\MIRA\daily\AN001_Agugliano.csv,5/17/2019 12:00:00 AM,16.56,6.2700005,0,4,98.18848,46.75346,0,-3.0539598,2.0910397,3.0259814,216.26685,8.009883,54.161186,54,65.80593,0,0,0,0,0,0,0,0,0,0,0,0,0,0,0,0,9,7,0,14,3,0,11,6,
..\..\..\files\Weather\MIRA\daily\AN001_Agugliano.csv,5/18/2019 12:00:00 AM,19.93,13.200001,0.6666667,9,100,68.235214,0,0,6.5650005,9.751788,226.01863,8.37106,55.003773,55,70.01886,0,0,0,1,0,0,0,0,0,0,0,0,0,0,0,0,9,7,0,15,3,0,11,6,
..\..\..\files\Weather\MIRA\daily\AN001_Agugliano.csv,5/19/2019 12:00:00 AM,19.38,12.494321,15.462501,24,100,69.450485,0,0,5.9371605,9.190325,235.20895,8.711443,55.03781,55,70.18906,1,1,0,1,0,0,1,1,0,0,0,0,0,0,0,0,10,8,0,16,3,0,12,7,
..\..\..\files\Weather\MIRA\daily\AN001_Agugliano.csv,5/20/2019 12:00:00 AM,19.63,11.27,2.9708333,23,100,58.608063,0,0,5.45,8.708992,243.91794,9.033998,55.07007,55,70.35034,1,0,0,1,0,0,1,1,0,0,0,0,0,0,0,0,11,8,0,17,3,0,13,8,
..\..\..\files\Weather\MIRA\daily\AN001_Agugliano.csv,5/21/2019 12:00:00 AM,20.87,11.050001,0,5,96.79623,51.676136,0,0,5.960001,9.211906,253.12985,9.375179,55.104183,55,70.52092,0,0,0,0,0,0,0,0,0,0,0,0,0,0,0,0,11,8,0,17,3,0,13,8,
..\..\..\files\Weather\MIRA\daily\AN001_Agugliano.csv,5/22/2019 12:00:00 AM,22.810001,12.020001,0,3,94.28754,47.67653,0,0,7.415001,10.408606,263.53845,9.760684,55.142735,55,70.71367,0,0,0,0,0,0,0,0,0,0,0,0,0,0,0,0,11,8,0,17,3,0,13,8,
..\..\..\files\Weather\MIRA\daily\AN001_Agugliano.csv,5/23/2019 12:00:00 AM,22.63,12.35,0,5,95.62598,49.957336,0,0,7.49,10.460941,273.9994,10.148126,56.012695,56,75.06348,0,0,0,0,0,0,0,0,0,0,0,0,0,0,0,0,11,8,0,17,3,0,13,8,
..\..\..\files\Weather\MIRA\daily\AN001_Agugliano.csv,5/24/2019 12:00:00 AM,22.83,12.47,0,5,95.37997,49.617622,0,0,7.6499996,10.569576,284.56897,10.539591,56.04625,56,75.23125,0,0,0,0,0,0,0,0,0,0,0,0,0,0,0,0,11,8,0,17,3,0,13,8,
..\..\..\files\Weather\MIRA\daily\AN001_Agugliano.csv,5/25/2019 12:00:00 AM,23.68,11.91,0.18333334,4,92.47229,43.606483,0,0,7.795,10.664492,295.23346,10.934572,56.080105,56,75.40053,0,0,0,0,0,0,0,0,0,0,0,0,0,0,0,0,11,8,0,17,3,0,13,8,
..\..\..\files\Weather\MIRA\daily\AN001_Agugliano.csv,5/26/2019 12:00:00 AM,23.85,15.082826,4.579167,24,100,59.366577,0,0,9.4664135,11.519578,306.75305,11.361224,56.116676,56,75.58338,0,0,0,1,0,0,0,1,0,0,0,0,0,0,0,0,11,8,0,18,3,0,13,9,
..\..\..\files\Weather\MIRA\daily\AN001_Agugliano.csv,5/27/2019 12:00:00 AM,18.13,14.56,8.454166,24,100,89.390045,0,0,6.3449993,9.5625105,316.31555,11.71539,57.003654,57,80.01827,0,1,1,1,0,0,1,1,0,0,0,0,0,0,0,0,11,9,1,19,3,0,14,10,
..\..\..\files\Weather\MIRA\daily\AN001_Agugliano.csv,5/28/2019 12:00:00 AM,19.77,14.759999,3.2208333,24,100,79.58965,0,0,7.2649994,10.301216,326.61676,12.096917,57.03227,57,80.16135,0,0,0,1,0,0,1,1,0,0,0,0,0,0,0,0,11,9,1,20,3,0,15,11,
..\..\..\files\Weather\MIRA\daily\AN001_Agugliano.csv,5/29/2019 12:00:00 AM,21.43,13.788728,12.733333,24,100,63.694965,0,0,7.6093636,10.542373,337.15912,12.487375,57.061554,57,80.30777,1,1,1,1,0,0,1,1,0,0,0,0,0,0,0,0,12,10,2,21,3,0,16,12,
..\..\..\files\Weather\MIRA\daily\AN001_Agugliano.csv,5/30/2019 12:00:00 AM,17.22,12.559868,8.916666,24,100,85.05264,0,0,4.8899336,8.1052,345.2643,12.787567,57.08407,57,80.42034,1,1,1,1,0,0,1,1,0,0,0,0,0,0,0,0,13,11,3,22,3,0,17,13,
..\..\..\files\Weather\MIRA\daily\AN001_Agugliano.csv,5/31/2019 12:00:00 AM,17.28,11.75,8.9125,23,100,74.179634,0,0,4.5150003,7.6701894,352.9345,13.071649,57.105373,57,80.52687,0,1,1,1,0,0,1,1,0,0,0,0,0,0,0,0,13,12,4,23,3,0,18,14,
..\..\..\files\Weather\MIRA\daily\AN001_Agugliano.csv,6/1/2019 12:00:00 AM,20.73,10.91,0,6,96.76454,51.623863,0,0,5.8199997,9.078245,362.01276,13.40788,58.00497,58,85.02486,0,0,0,0,0,0,0,0,0,0,0,0,0,0,1,1,13,12,4,23,3,0,18,14,
..\..\..\files\Weather\MIRA\daily\AN001_Agugliano.csv,6/2/2019 12:00:00 AM,23.970001,15.000001,0,6,98.50691,56.389935,0,0,9.485001,11.526648,373.5394,13.834792,58.033432,58,85.16716,0,0,0,0,0,0,0,0,0,0,0,0,0,0,0,0,13,12,4,23,3,0,18,14,
..\..\..\files\Weather\MIRA\daily\AN001_Agugliano.csv,6/3/2019 12:00:00 AM,25.72,14.01,0,1,90.49901,43.775513,0,0,9.865,11.659531,385.1989,14.266626,58.062218,58,85.31109,0,0,0,0,0,0,0,0,1,1,0,1,0,0,1,1,13,12,4,23,3,0,18,14,
..\..\..\files\Weather\MIRA\daily\AN001_Agugliano.csv,6/4/2019 12:00:00 AM,28.25,14.739999,0,0,83.67289,36.571045,0,0,11.494999,11.981096,397.18002,14.710371,58.091805,58,85.45902,0,0,0,0,0,0,0,0,0,0,0,0,0,0,0,0,13,12,4,23,3,0,18,14,
..\..\..\files\Weather\MIRA\daily\AN001_Agugliano.csv,6/5/2019 12:00:00 AM,28.24,15.1,0,0,84.54585,37.84144,0,0,11.67,11.991935,409.17197,15.154516,59.00927,59,90.04635,0,0,0,0,0,0,0,0,0,0,0,0,0,0,0,0,13,12,4,23,3,0,18,14,
..\..\..\files\Weather\MIRA\daily\AN001_Agugliano.csv,6/6/2019 12:00:00 AM,29.13,15.050001,0,0,81.262146,34.430885,0,0,12.09,11.999402,421.17136,15.598939,59.035934,59,90.17967,0,0,0,0,0,0,0,0,1,1,0,0,0,0,1,0,13,12,4,23,3,0,18,14,
..\..\..\files\Weather\MIRA\daily\AN001_Agugliano.csv,6/7/2019 12:00:00 AM,27.74,14.63,0,0,85.47163,38.089325,0,0,11.184999,11.950695,433.12204,16.041557,59.062492,59,90.31246,0,0,0,0,0,0,0,0,0,0,0,0,0,0,0,0,13,12,4,23,3,0,18,14,
..\..\..\files\Weather\MIRA\daily\AN001_Agugliano.csv,6/8/2019 12:00:00 AM,26.8,16.82,0,3,93.72985,50.94082,0,0,11.809999,11.997328,445.11935,16.485903,59.089153,59,90.44577,0,0,0,0,0,0,0,0,1,1,0,1,0,0,1,1,13,12,4,23,3,0,18,14,
..\..\..\files\Weather\MIRA\daily\AN001_Agugliano.csv,6/9/2019 12:00:00 AM,28.07,17.36,0,1,90.48754,47.243233,0,0,12.715,11.9623,457.08167,16.92895,60.014305,60,95.071526,0,0,0,0,0,0,0,0,1,0,0,1,0,0,1,1,13,12,4,23,3,0,18,14,
..\..\..\files\Weather\MIRA\daily\AN001_Agugliano.csv,6/10/2019 12:00:00 AM,28.96,16.36,0,0,84.88527,39.498726,0,0,12.66,11.967869,469.04953,17.372204,60.038483,60,95.19241,0,0,0,0,0,0,0,0,1,1,0,0,1,0,1,1,13,12,4,23,3,0,18,14,
..\..\..\files\Weather\MIRA\daily\AN001_Agugliano.csv,6/11/2019 12:00:00 AM,31.990002,19.230001,0,0,79.80179,37.406696,0,0,15.610001,11.049403,480.09894,17.781443,60.060806,60,95.30403,0,0,0,0,0,0,0,0,1,1,0,1,0,0,1,1,13,12,4,23,3,0,18,14,
..\..\..\files\Weather\MIRA\daily\AN001_Agugliano.csv,6/12/2019 12:00:00 AM,31.970001,19.070002,0,0,79.53135,36.951794,0,0,15.52,11.095927,491.19485,18.192402,60.08322,60,95.41611,0,0,0,0,0,0,0,0,0,0,0,0,0,0,0,0,13,12,4,23,3,0,18,14,
..\..\..\files\Weather\MIRA\daily\AN001_Agugliano.csv,6/13/2019 12:00:00 AM,31.63,18.454218,0,0,81.28666,38.960922,0,0,15.042109,11.323599,502.51846,18.611795,61.013924,61,100,0,0,0,0,0,0,0,0,0,0,0,0,0,0,0,0,13,12,4,23,3,0,18,14,
..\..\..\files\Weather\MIRA\daily\AN001_Agugliano.csv,6/14/2019 12:00:00 AM,28.620003,16.710001,0,0,86.94234,42.189823,0,0,12.665001,11.9673815,514.48584,19.05503,61.036083,61,100,0,0,0,0,0,0,0,0,0,0,0,0,0,0,0,0,13,12,4,23,3,0,18,14,
..\..\..\files\Weather\MIRA\daily\AN001_Agugliano.csv,6/15/2019 12:00:00 AM,30.439999,20.007504,0,3,90.997025,53.436226,0,0,15.223751,11.240906,525.72675,19.471361,61.0569,61,100,0,0,0,0,0,0,0,0,0,1,1,1,0,0,1,1,13,12,4,23,3,0,18,14,
..\..\..\files\Weather\MIRA\daily\AN001_Agugliano.csv,6/16/2019 12:00:00 AM,32.99,17.780003,0,0,73.58615,29.45545,0,0,15.385002,11.163545,536.8903,19.884827,61.077576,61,100,0,0,0,0,0,0,0,0,1,1,1,1,0,0,1,1,13,12,4,23,3,0,18,14,
..\..\..\files\Weather\MIRA\daily\AN001_Agugliano.csv,6/17/2019 12:00:00 AM,29.99,17.13,0,0,82.83314,38.141327,0,0,13.559999,11.821142,548.7115,20.322647,71.01299,71,89.90256,0,0,0,0,0,0,0,0,0,1,1,0,0,0,1,1,13,12,4,23,3,0,18,14,
..\..\..\files\Weather\MIRA\daily\AN001_Agugliano.csv,6/18/2019 12:00:00 AM,29.530003,16.910002,0,0,84.05049,39.189808,0,0,13.220001,11.890463,560.6019,20.763035,71.03072,71,89.76958,0,0,0,0,0,0,0,0,0,0,0,0,0,0,0,0,13,12,4,23,3,0,18,14,
..\..\..\files\Weather\MIRA\daily\AN001_Agugliano.csv,6/19/2019 12:00:00 AM,28.97,17.51,0,0,87.523056,43.781384,0,0,13.24,11.88685,572.4888,21.203289,71.048454,71,89.6366,0,0,0,0,0,0,0,0,0,0,0,0,0,0,0,0,13,12,4,23,3,0,18,14,
..\..\..\files\Weather\MIRA\daily\AN001_Agugliano.csv,6/20/2019 12:00:00 AM,30.990002,18.480001,0,0,82.05585,38.848225,0,0,14.735001,11.452665,583.9414,21.627459,71.06554,71,89.50848,0,0,0,0,0,0,0,0,0,0,0,0,0,0,0,0,13,12,4,23,3,0,18,14,
..\..\..\files\Weather\MIRA\daily\AN001_Agugliano.csv,6/21/2019 12:00:00 AM,31.720001,16.540003,0,0,75.01933,30.145359,0,0,14.130001,11.667285,595.6087,22.059582,71.08294,71,89.37796,0,0,0,0,0,0,0,0,0,0,0,0,0,0,0,0,13,12,4,23,3,0,18,14,
..\..\..\files\Weather\MIRA\daily\AN001_Agugliano.csv,6/22/2019 12:00:00 AM,31.309998,18.358952,0.0875,1,82.36809,40.003796,0,0,14.834475,11.41234,607.02106,22.482262,71.09996,71,89.2503,0,0,0,0,0,0,0,0,0,0,0,0,0,0,0,0,13,12,4,23,3,0,18,14,
..\..\..\files\Weather\MIRA\daily\AN001_Agugliano.csv,6/23/2019 12:00:00 AM,29.310001,16.480001,2.0125,23,84.16677,38.54166,0,0,12.895,11.940973,618.96204,22.92452,71.11777,71,89.116745,0,0,0,0,0,0,0,1,0,0,0,0,0,0,0,0,13,12,4,23,3,0,18,15,
..\..\..\files\Weather\MIRA\daily\AN001_Agugliano.csv,6/24/2019 12:00:00 AM,27.55,17.380001,0,3,92.42269,49.80377,0,0,12.465,11.984038,630.94604,23.368372,71.135635,71,88.982735,0,0,0,0,0,0,0,0,0,0,0,0,0,0,0,0,13,12,4,23,3,0,18,15,
..\..\..\files\Weather\MIRA\daily\AN001_Agugliano.csv,6/25/2019 12:00:00 AM,28.56,18.22,0,1,90.7246,48.598698,0,0,13.389999,11.857904,642.80396,23.807554,71.15333,71,88.85004,0,0,0,0,0,0,0,0,0,0,0,0,0,0,0,0,13,12,4,23,3,0,18,15,
..\..\..\files\Weather\MIRA\daily\AN001_Agugliano.csv,6/26/2019 12:00:00 AM,29.57,19.690002,0,1,90.34047,50.033985,0,0,14.630001,11.4936905,654.29767,24.233248,71.17046,71,88.72153,0,0,0,0,0,0,0,0,0,0,0,0,0,0,0,0,13,12,4,23,3,0,18,15,
..\..\..\files\Weather\MIRA\daily\AN001_Agugliano.csv,6/27/2019 12:00:00 AM,31.77,18.54,0,0,79.157326,35.985214,0,0,15.155001,11.272759,665.57043,24.650757,71.18728,71,88.59541,0,0,0,0,0,0,0,0,0,0,0,0,0,0,0,0,13,12,4,23,3,0,18,15,
..\..\..\files\Weather\MIRA\daily\AN001_Agugliano.csv,6/28/2019 12:00:00 AM,35.01,20.83,0,0,71.10602,31.076738,0,0,17.919998,9.463053,675.0335,25.00124,72.00566,72,82.45754,0,0,0,0,0,0,0,0,0,0,0,0,0,0,0,0,13,12,4,23,3,0,18,15,
..\..\..\files\Weather\MIRA\daily\AN001_Agugliano.csv,6/29/2019 12:00:00 AM,33.68,17.875237,0,0,73.48549,31.655165,0,0,15.777618,10.959685,685.99316,25.407154,72.01934,72,82.35495,0,0,0,0,0,0,0,0,0,0,0,0,0,0,0,0,13,12,4,23,3,0,18,15,
..\..\..\files\Weather\MIRA\daily\AN001_Agugliano.csv,6/30/2019 12:00:00 AM,30.32,15.739999,0,0,78.48826,32.459995,0,0,13.029999,11.9218645,697.91504,25.848705,72.034225,72,82.24331,0,0,0,0,0,0,0,0,0,0,0,0,0,0,0,0,13,12,4,23,3,0,18,15,
..\..\..\files\Weather\MIRA\daily\AN001_Agugliano.csv,7/1/2019 12:00:00 AM,30.77,16.77,0,0,79.09556,34.04306,0,0,13.77,11.769933,709.685,26.28463,72.04892,72,82.1331,0,0,0,0,0,0,0,0,0,0,0,0,0,0,0,0,13,12,4,23,3,0,18,15,
..\..\..\files\Weather\MIRA\daily\AN001_Agugliano.csv,7/2/2019 12:00:00 AM,33.47,19.5,0,0,74.524704,32.684887,0,0,16.485,10.537121,720.2221,26.674894,72.06207,72,82.034454,0,0,0,0,0,0,0,0,0,0,0,0,0,0,0,0,13,12,4,23,3,0,18,15,
..\..\..\files\Weather\MIRA\daily\AN001_Agugliano.csv,7/3/2019 12:00:00 AM,32.51,20.19,0,0,79.82264,38.563797,0,0,16.349998,10.6232395,730.84534,27.068346,72.07534,72,81.93495,0,0,0,0,0,0,0,0,0,0,0,0,0,0,0,0,13,12,4,23,3,0,18,15,
..\..\..\files\Weather\MIRA\daily\AN001_Agugliano.csv,7/4/2019 12:00:00 AM,32.06,19.55,0,0,80.22402,38.209126,0,0,15.805,10.94465,741.79,27.473703,72.089005,72,81.832466,0,0,0,0,0,0,0,0,0,0,0,0,0,0,0,0,13,12,4,23,3,0,18,15,
..\..\..\files\Weather\MIRA\daily\AN001_Agugliano.csv,7/5/2019 12:00:00 AM,29.71,18.7,0,0,87.4943,45.192944,0,0,14.205,11.643543,753.43353,27.904945,72.10354,72,81.723465,0,0,0,0,0,0,0,0,0,0,0,0,0,0,0,0,13,12,4,23,3,0,18,15,
..\..\..\files\Weather\MIRA\daily\AN001_Agugliano.csv,7/6/2019 12:00:00 AM,32,20.370003,0,0,82.26356,41.362312,0,0,16.185001,10.72499,764.1585,28.302166,72.11693,72,81.62304,0,0,0,0,0,0,0,0,0,0,0,0,0,0,0,0,13,12,4,23,3,0,18,15,
..\..\..\files\Weather\MIRA\daily\AN001_Agugliano.csv,7/7/2019 12:00:00 AM,34.87,21.420002,0,0,72.865204,33.27737,0,0,18.145,9.268458,773.42694,28.645441,72.128494,72,81.53629,0,0,0,0,0,0,0,0,0,0,0,0,0,0,0,0,13,12,4,23,3,0,18,15,
..\..\..\files\Weather\MIRA\daily\AN001_Agugliano.csv,7/8/2019 12:00:00 AM,34.8,21.420002,0,0,80.13278,33.537186,0,0,18.11,9.299193,782.72614,28.989857,72.14011,72,81.4492,0,0,0,0,0,0,0,0,0,0,0,0,0,0,0,0,13,12,4,23,3,0,18,15,
..\..\..\files\Weather\MIRA\daily\AN001_Agugliano.csv,7/9/2019 12:00:00 AM,31.879997,20.102766,0.8958333,1,87.18519,49.86032,0,0,15.991383,10.839472,793.5656,29.39132,72.15364,72,81.347694,0,0,0,0,0,0,0,0,0,0,0,0,0,0,0,1,13,12,4,23,3,0,18,15,
..\..\..\files\Weather\MIRA\daily\AN001_Agugliano.csv,7/10/2019 12:00:00 AM,32.3,15.472116,21.824999,24,85.36086,32.413,0,0,13.886059,11.73889,805.3045,29.826092,73.00462,73,74.965324,1,1,1,0,0,0,1,1,0,0,0,0,0,0,0,0,14,13,5,23,3,0,19,16,
..\..\..\files\Weather\MIRA\daily\AN001_Agugliano.csv,7/11/2019 12:00:00 AM,24.46,13.93,28.079166,23,94.29086,48.910816,0,0,9.195,11.410311,816.71484,30.2487,77.00633,77,39.968338,1,1,1,0,1,0,1,1,0,0,0,0,0,0,0,0,15,14,6,23,4,0,20,17,
..\..\..\files\Weather\MIRA\daily\AN001_Agugliano.csv,7/12/2019 12:00:00 AM,26.97,18.26,0,5,96.659355,56.958717,0,0,12.615,11.972096,828.68695,30.69211,77.01763,77,39.911842,1,0,0,0,1,0,0,0,0,0,0,0,0,0,0,0,16,14,6,23,5,0,20,17,
..\..\..\files\Weather\MIRA\daily\AN001_Agugliano.csv,7/13/2019 12:00:00 AM,27.09,17.043625,0,5,95.61331,55.074905,0,0,12.0668125,11.99967,840.68665,31.136543,77.02895,77,39.855232,0,0,0,0,0,0,0,0,0,0,0,0,0,0,0,0,16,14,6,23,5,0,20,17,
..\..\..\files\Weather\MIRA\daily\AN001_Agugliano.csv,7/14/2019 12:00:00 AM,26.39,15.44,0,3,91.77194,46.789463,0,0,10.914999,11.912508,852.5992,31.577747,77.0402,77,39.799004,0,0,0,0,0,0,0,0,0,0,0,0,0,0,0,0,16,14,6,23,5,0,20,17,
..\..\..\files\Weather\MIRA\daily\AN001_Agugliano.csv,7/15/2019 12:00:00 AM,27.26,17.763063,0.07083333,6,96.17442,56.526024,0,0,12.511532,11.980688,864.5799,32.021477,77.051506,77,39.74247,0,0,0,0,0,0,0,0,0,0,0,0,0,0,0,0,16,14,6,23,5,0,20,17,
..\..\..\files\Weather\MIRA\daily\AN001_Agugliano.csv,7/16/2019 12:00:00 AM,24.600002,15.606732,1.6291666,23,100,61.37951,0,0,10.103367,11.7316265,876.3115,32.455982,77.06258,77,39.68712,0,0,0,0,0,0,0,1,0,0,0,0,0,0,0,0,16,14,6,23,5,0,20,18,
..\..\..\files\Weather\MIRA\daily\AN001_Agugliano.csv,7/17/2019 12:00:00 AM,26.37,13.76,0,0,87.76513,40.193966,0,0,10.065001,11.720607,888.0321,32.89008,77.07363,77,39.631844,0,0,0,0,0,0,0,0,0,0,0,0,0,0,0,0,16,14,6,23,5,0,20,18,
..\..\..\files\Weather\MIRA\daily\AN001_Agugliano.csv,7/18/2019 12:00:00 AM,29.329998,14.479999,0,0,79.2567,31.997389,0,0,11.904999,11.999332,900.03143,33.334496,77.08495,77,39.575233,0,0,0,0,0,0,0,0,0,0,0,0,0,0,0,0,16,14,6,23,5,0,20,18,
..\..\..\files\Weather\MIRA\daily\AN001_Agugliano.csv,7/19/2019 12:00:00 AM,29.850002,18.270002,0,0,85.96641,42.876747,0,0,14.060001,11.688712,911.72015,33.767414,77.095985,77,39.520073,0,0,0,0,0,0,0,0,0,0,0,0,0,0,0,0,16,14,6,23,5,0,20,18,
..\..\..\files\Weather\MIRA\daily\AN001_Agugliano.csv,7/20/2019 12:00:00 AM,29.39,17.8,0,0,86.62547,43.0738,0,0,13.594999,11.813051,923.5332,34.204933,77.10713,77,39.46434,0,0,0,0,0,0,0,0,0,0,0,0,0,0,0,0,16,14,6,23,5,0,20,18,
..\..\..\files\Weather\MIRA\daily\AN001_Agugliano.csv,7/21/2019 12:00:00 AM,31.5,19.73,0,0,82.84216,41.186626,0,0,15.615,11.046786,934.58,34.614075,77.11755,77,39.41223,0,0,0,0,0,0,0,0,0,0,0,0,0,0,0,0,16,14,6,23,5,0,20,18,
..\..\..\files\Weather\MIRA\daily\AN001_Agugliano.csv,7/22/2019 12:00:00 AM,32.9,19.39,0,0,76.68375,34.428078,0,0,16.145,10.749078,945.3291,35.012188,77.1277,77,39.361496,0,0,0,0,0,0,0,0,0,0,0,0,0,0,0,0,16,14,6,23,5,0,20,18,
..\..\..\files\Weather\MIRA\daily\AN001_Agugliano.csv,7/23/2019 12:00:00 AM,30.78,19.42,0,0,84.988495,43.182842,0,0,15.1,11.297755,956.62683,35.430622,77.13836,77,39.308205,0,0,0,0,0,0,0,0,0,0,0,0,0,0,0,0,16,14,6,23,5,0,20,18,
..\..\..\files\Weather\MIRA\daily\AN001_Agugliano.csv,7/24/2019 12:00:00 AM,32.35,18.98,0,0,77.84212,35.20005,0,0,15.664999,11.020407,967.6472,35.838787,77.14876,77,39.25621,0,0,0,0,0,0,0,0,0,0,0,0,0,0,0,0,16,14,6,23,5,0,20,18,
..\..\..\files\Weather\MIRA\daily\AN001_Agugliano.csv,7/25/2019 12:00:00 AM,34.02,19.86,0,0,73.088585,31.78728,0,0,16.94,10.227918,977.8751,36.217598,77.15841,77,39.207954,0,0,0,0,0,0,0,0,1,0,0,0,0,0,0,0,16,14,6,23,5,0,20,18,
..\..\..\files\Weather\MIRA\daily\AN001_Agugliano.csv,7/26/2019 12:00:00 AM,35.16,20.62,0,0,70.084,29.986515,0,0,17.89,9.488463,987.3636,36.569023,77.167366,77,39.16317,0,0,0,0,0,0,0,0,1,1,1,0,1,0,1,1,16,14,6,23,5,0,20,18,
..\..\..\files\Weather\MIRA\daily\AN001_Agugliano.csv,7/27/2019 12:00:00 AM,35.57,21.540342,1.775,1,72.84929,34.878426,0,0,18.555172,8.895547,996.25916,36.898487,77.17576,77,39.12121,0,0,0,1,0,0,0,0,1,1,1,0,1,0,1,1,16,14,6,24,5,0,20,18,
..\..\..\files\Weather\MIRA\daily\AN001_Agugliano.csv,7/28/2019 12:00:00 AM,33.84,19.43,40.962498,24,89.45082,31.188133,0,0,16.635,10.438414,1006.6976,37.285095,77.18561,77,39.07196,1,1,1,1,1,0,1,1,1,0,0,0,0,0,0,0,17,15,7,25,6,0,21,19,
..\..\..\files\Weather\MIRA\daily\AN001_Agugliano.csv,7/29/2019 12:00:00 AM,27.559998,19.11,3.1625001,23,96.59063,57.986076,0,0,13.334999,11.868898,1018.56647,37.72468,77.19681,77,39.01596,1,0,0,1,1,0,1,1,0,0,0,0,0,0,0,0,18,15,7,26,7,0,22,20,
..\..\..\files\Weather\MIRA\daily\AN001_Agugliano.csv,7/30/2019 12:00:00 AM,30.01,19.1,0,0,87.26172,45.422604,0,0,14.555,11.522023,1030.0885,38.151424,77.20768,77,38.9616,0,0,0,0,0,0,0,0,0,0,0,0,0,0,0,0,18,15,7,26,7,0,22,20,
..\..\..\files\Weather\MIRA\daily\AN001_Agugliano.csv,7/31/2019 12:00:00 AM,30.8,20.18,0,0,86.63505,46.09137,0,0,15.49,11.111178,1041.1997,38.562954,77.21816,77,38.909187,0,0,0,0,0,0,0,0,0,0,0,0,0,0,0,0,18,15,7,26,7,0,22,20,
..\..\..\files\Weather\MIRA\daily\AN001_Agugliano.csv,8/1/2019 12:00:00 AM,33.43,19.35,0,0,74.369385,32.386337,0,0,16.39,10.597991,1051.7977,38.95547,77.228165,77,38.859177,0,0,0,0,0,0,0,0,0,0,0,0,0,0,0,1,18,15,7,26,7,0,22,20,
..\..\..\files\Weather\MIRA\daily\AN001_Agugliano.csv,8/2/2019 12:00:00 AM,31.54,19.06,0.07083333,1,81.19892,38.633644,0,0,15.299999,11.204788,1063.0026,39.370464,78.00249,78,34.987564,0,0,0,0,0,0,0,0,0,0,0,0,0,0,0,0,18,15,7,26,7,0,22,20,
..\..\..\files\Weather\MIRA\daily\AN001_Agugliano.csv,8/3/2019 12:00:00 AM,32.07,17.558817,1.6291666,23,79.97746,33.281933,0,0,14.814407,11.420589,1074.4231,39.793446,78.01121,78,34.943962,0,0,0,0,0,0,0,1,0,0,0,0,0,0,0,0,18,15,7,26,7,0,22,21,
..\..\..\files\Weather\MIRA\daily\AN001_Agugliano.csv,8/4/2019 12:00:00 AM,27.46,15.860001,0,0,89.09028,43.816933,0,0,11.66,11.991436,1086.4146,40.237576,78.02036,78,34.898186,0,0,0,0,0,0,0,0,0,0,0,0,0,0,0,0,18,15,7,26,7,0,22,21,
..\..\..\files\Weather\MIRA\daily\AN001_Agugliano.csv,8/5/2019 12:00:00 AM,29.220001,17.040003,0,0,85.50128,40.921654,0,0,13.130001,11.905994,1098.3206,40.67854,78.02946,78,34.852715,0,0,0,0,0,0,0,0,0,0,0,0,0,0,0,0,18,15,7,26,7,0,22,21,
..\..\..\files\Weather\MIRA\daily\AN001_Agugliano.csv,8/6/2019 12:00:00 AM,31.39,18,0,0,79.44678,35.67482,0,0,14.695,11.468481,1109.7891,41.1033,78.038216,78,34.80892,0,0,0,0,0,0,0,0,0,0,0,0,0,0,0,0,18,15,7,26,7,0,22,21,
..\..\..\files\Weather\MIRA\daily\AN001_Agugliano.csv,8/7/2019 12:00:00 AM,33.96,20.55,0,0,74.756874,34.043663,0,0,17.255,9.99677,1119.7859,41.473553,78.045845,78,34.770775,0,0,0,0,0,0,0,0,0,0,0,0,0,0,0,0,18,15,7,26,7,0,22,21,
..\..\..\files\Weather\MIRA\daily\AN001_Agugliano.csv,8/8/2019 12:00:00 AM,32.79,21.190002,0,0,80.85933,40.896477,0,0,16.990002,10.192158,1129.978,41.851036,78.05363,78,34.731865,0,0,0,0,0,0,0,0,0,0,0,0,0,0,0,0,18,15,7,26,7,0,22,21,
..\..\..\files\Weather\MIRA\daily\AN001_Agugliano.csv,8/9/2019 12:00:00 AM,31.08,20.94,0,0,87.24343,47.871174,0,0,16.01,10.828694,1140.8068,42.2521,78.0619,78,34.690514,0,0,0,0,0,0,0,0,0,0,0,0,0,0,0,0,18,15,7,26,7,0,22,21,
..\..\..\files\Weather\MIRA\daily\AN001_Agugliano.csv,8/10/2019 12:00:00 AM,31.08,20.51,0,0,86.26756,46.098675,0,0,15.795,10.950152,1151.757,42.657665,78.07026,78,34.648705,0,0,0,0,0,0,0,0,0,0,0,0,0,0,0,0,18,15,7,26,7,0,22,21,
..\..\..\files\Weather\MIRA\daily\AN001_Agugliano.csv,8/11/2019 12:00:00 AM,35.19,20.45,0,0,69.62521,29.430653,0,0,17.82,9.547267,1161.3042,43.011265,78.07755,78,34.612236,0,0,0,0,0,0,0,0,0,0,0,0,0,0,0,0,18,15,7,26,7,0,22,21,
..\..\..\files\Weather\MIRA\daily\AN001_Agugliano.csv,8/12/2019 12:00:00 AM,34.37,20.880001,0,0,73.78602,33.51703,0,0,17.625,9.70746,1171.0117,43.370804,78.08497,78,34.575157,0,0,0,0,0,0,0,0,1,0,0,1,0,0,1,0,18,15,7,26,7,0,22,21,
..\..\..\files\Weather\MIRA\daily\AN001_Agugliano.csv,8/13/2019 12:00:00 AM,36.67,22.903418,0.24166667,1,74.14762,33.762825,0,0,19.786709,7.635458,1178.6472,43.653603,78.0908,78,34.546013,0,0,0,1,0,0,0,0,1,1,1,0,1,0,1,1,18,15,7,27,7,0,22,21,
..\..\..\files\Weather\MIRA\daily\AN001_Agugliano.csv,8/14/2019 12:00:00 AM,32.54,18.956215,5.5583334,23,84.42942,42.221645,0,0,15.748108,10.97577,1189.623,44.060116,78.099174,78,34.504128,0,1,1,1,0,0,0,1,1,0,0,0,0,0,0,1,18,16,8,28,7,0,22,22,
..\..\..\files\Weather\MIRA\daily\AN001_Agugliano.csv,8/15/2019 12:00:00 AM,27.560001,17.480001,0,3,92.62817,50.201393,0,0,12.52,11.980043,1201.6031,44.50382,78.10833,78,34.45835,0,0,0,0,0,0,0,0,0,0,0,0,0,0,0,0,18,16,8,28,7,0,22,22,
..\..\..\files\Weather\MIRA\daily\AN001_Agugliano.csv,8/16/2019 12:00:00 AM,27.78,16.62719,0,1,90.32004,46.43611,0,0,12.203594,11.996937,1213.6001,44.94815,78.117485,78,34.412575,0,0,0,0,0,0,0,0,0,0,0,0,0,0,0,0,18,16,8,28,7,0,22,22,
..\..\..\files\Weather\MIRA\daily\AN001_Agugliano.csv,8/17/2019 12:00:00 AM,27.16,14.82,0,0,87.6477,41.038418,0,0,10.99,11.924211,1225.5243,45.38979,78.126595,78,34.367027,0,0,0,0,0,0,0,0,0,0,0,0,0,0,0,0,18,16,8,28,7,0,22,22,
..\..\..\files\Weather\MIRA\daily\AN001_Agugliano.csv,8/18/2019 12:00:00 AM,28.870003,17.390001,0,0,87.61399,43.74855,0,0,13.130001,11.905994,1237.4303,45.83075,78.13569,78,34.321556,0,0,0,0,0,0,0,0,0,0,0,0,0,0,0,0,18,16,8,28,7,0,22,22,
..\..\..\files\Weather\MIRA\daily\AN001_Agugliano.csv,8/19/2019 12:00:00 AM,31.26,19.35,0,0,82.9437,40.82807,0,0,15.305,11.202391,1248.6327,46.245655,78.14424,78,34.278793,0,0,0,0,0,0,0,0,0,0,0,0,0,0,0,1,18,16,8,28,7,0,22,22,
..\..\..\files\Weather\MIRA\daily\AN001_Agugliano.csv,8/20/2019 12:00:00 AM,33.05,19.51,0,0,76.21067,34.242226,0,0,16.279999,10.666879,1259.2996,46.640724,78.15239,78,34.238052,0,0,0,0,0,0,0,0,0,0,0,0,0,0,0,0,18,16,8,28,7,0,22,22,
..\..\..\files\Weather\MIRA\daily\AN001_Agugliano.csv,8/21/2019 12:00:00 AM,32.79,19.29,0,0,79.232254,34.526722,0,0,16.04,10.811224,1270.1108,47.04114,78.160645,78,34.196777,0,0,0,0,0,0,0,0,0,0,0,0,0,0,0,0,18,16,8,28,7,0,22,22,
..\..\..\files\Weather\MIRA\daily\AN001_Agugliano.csv,8/22/2019 12:00:00 AM,31.93,21.615164,0.17083333,1,86.439674,48.57921,0,0,16.772583,10.345085,1280.4559,47.424294,78.16854,78,34.157295,0,0,0,0,0,0,0,0,0,0,0,0,0,0,0,0,18,16,8,28,7,0,22,22,
..\..\..\files\Weather\MIRA\daily\AN001_Agugliano.csv,8/23/2019 12:00:00 AM,29.63,20.24,4.0333333,24,100,52.192028,0,0,14.934999,11.370148,1291.826,47.84541,78.17722,78,34.113884,0,0,0,0,0,0,0,1,0,0,0,0,0,0,0,0,18,16,8,28,7,0,22,23,
..\..\..\files\Weather\MIRA\daily\AN001_Agugliano.csv,8/24/2019 12:00:00 AM,26.38,21.53,2.3958333,23,100,79.94729,0,0,13.955,11.719525,1303.5455,48.279465,78.18617,78,34.069138,0,0,0,1,0,0,1,1,0,0,0,0,0,0,0,0,18,16,8,29,7,0,23,24,
..\..\..\files\Weather\MIRA\daily\AN001_Agugliano.csv,8/25/2019 12:00:00 AM,28.99,20.455414,0,5,94.490524,56.861317,0,0,14.722706,11.457551,1315.003,48.703815,79.00353,79,29.982338,0,0,0,0,0,0,0,0,0,0,0,0,0,0,0,0,18,16,8,29,7,0,23,24,
..\..\..\files\Weather\MIRA\daily\AN001_Agugliano.csv,8/26/2019 12:00:00 AM,28.529999,19.07,0,3,92.86248,52.552753,0,0,13.799999,11.762096,1326.7651,49.13945,79.01107,79,29.944649,0,0,0,0,0,0,0,0,0,0,0,0,0,0,0,0,18,16,8,29,7,0,23,24,
..\..\..\files\Weather\MIRA\daily\AN001_Agugliano.csv,8/27/2019 12:00:00 AM,29.75,18.7,0,0,87.3408,45.00992,0,0,14.225,11.6370735,1338.4022,49.570454,79.01854,79,29.907303,0,0,0,0,0,0,0,0,0,0,0,1,0,0,0,0,18,16,8,29,7,0,23,24,
..\..\..\files\Weather\MIRA\daily\AN001_Agugliano.csv,8/28/2019 12:00:00 AM,30.83,19.13,0,0,84.13727,41.86555,0,0,14.98,11.350791,1349.753,49.990852,79.02582,79,29.87091,0,0,0,0,0,0,0,0,0,1,1,0,0,0,0,1,18,16,8,29,7,0,23,24,
..\..\..\files\Weather\MIRA\daily\AN001_Agugliano.csv,8/29/2019 12:00:00 AM,31.34,20.370949,0,0,85.2929,44.991364,0,0,15.855474,10.916654,1360.6697,50.395172,79.032814,79,29.83593,0,0,0,0,0,0,0,0,0,0,0,0,0,0,0,0,18,16,8,29,7,0,23,24,
..\..\..\files\Weather\MIRA\daily\AN001_Agugliano.csv,8/30/2019 12:00:00 AM,29.76,18.76,0,0,87.441216,45.20502,0,0,14.26,11.625616,1372.2953,50.825752,79.040276,79,29.798622,0,0,0,0,0,0,0,0,0,0,0,0,0,0,0,0,18,16,8,29,7,0,23,24,
..\..\..\files\Weather\MIRA\daily\AN001_Agugliano.csv,8/31/2019 12:00:00 AM,31.25,19.34,0,0,82.96073,40.834282,0,0,15.295,11.207182,1383.5024,51.240833,79.04746,79,29.762688,0,0,0,0,0,0,0,0,0,0,0,0,0,0,0,0,18,16,8,29,7,0,23,24,
..\..\..\files\Weather\MIRA\daily\AN001_Agugliano.csv,9/1/2019 12:00:00 AM,30.8,19.5,0,0,85.09104,43.400974,0,0,15.15,11.275049,1394.7775,51.65842,79.054695,79,29.726524,0,0,0,0,0,0,0,0,0,0,0,0,0,0,0,0,18,16,8,29,7,0,23,24,
..\..\..\files\Weather\MIRA\daily\AN001_Agugliano.csv,9/2/2019 12:00:00 AM,30.21,18.620003,1.0208334,1,85.38733,42.64167,0,0,14.415001,11.572748,1406.3502,52.087044,79.06211,79,29.689445,0,0,0,1,0,0,0,0,0,0,0,0,0,0,0,0,18,16,8,30,7,0,23,24,
..\..\..\files\Weather\MIRA\daily\AN001_Agugliano.csv,9/3/2019 12:00:00 AM,30.33,16.931435,23.666668,24,91.07545,44.07883,0,0,13.630718,11.804611,1418.1548,52.52425,79.06969,79,29.651566,1,1,1,0,0,0,1,1,0,0,0,0,0,0,0,0,19,17,9,30,7,0,24,25,
..\..\..\files\Weather\MIRA\daily\AN001_Agugliano.csv,9/4/2019 12:00:00 AM,24.4,15.319985,4.3125,23,98.824646,57.480766,0,0,9.859993,11.657924,1429.8127,52.956028,79.07716,79,29.614182,1,0,0,0,0,0,1,1,0,0,0,0,0,0,0,0,20,17,9,30,7,0,25,26,
..\..\..\files\Weather\MIRA\daily\AN001_Agugliano.csv,9/5/2019 12:00:00 AM,24.82,13.69,0,3,92.57416,46.270752,0,0,9.254999,11.435444,1441.2482,53.37956,84.00199,84,12.495022,0,0,0,0,0,0,0,0,0,0,0,0,0,0,0,0,20,17,9,30,7,0,25,26,
..\..\..\files\Weather\MIRA\daily\AN001_Agugliano.csv,9/6/2019 12:00:00 AM,26.97,16.58,0.40833333,4,93.14426,49.045036,0,0,11.775,11.996253,1453.2444,53.823864,84.00883,84,12.477932,0,0,0,0,0,0,0,0,0,0,0,0,0,0,0,1,20,17,9,30,7,0,25,26,
..\..\..\files\Weather\MIRA\daily\AN001_Agugliano.csv,9/7/2019 12:00:00 AM,24.38,15.931229,9.575,24,100,60.817192,0,0,10.155613,11.746273,1464.9906,54.25891,84.01552,84,12.461205,0,1,1,0,0,0,1,1,0,0,0,0,0,0,0,0,20,18,10,30,7,0,26,27,
..\..\..\files\Weather\MIRA\daily\AN001_Agugliano.csv,9/8/2019 12:00:00 AM,23.69,14.6,4.2166667,23,98.33549,55.790436,0,0,9.145,11.388941,1476.3795,54.68072,84.02201,84,12.444973,0,0,0,0,0,0,1,1,0,0,0,1,0,0,1,1,20,18,10,30,7,0,27,28,
..\..\..\files\Weather\MIRA\daily\AN001_Agugliano.csv,9/9/2019 12:00:00 AM,28.05,14.354083,0,0,85.24148,38.10781,0,0,11.202042,11.95274,1488.3323,55.123417,84.028824,84,12.42794,0,0,0,0,0,0,0,0,0,0,0,0,0,0,0,0,20,18,10,30,7,0,27,28,
..\..\..\files\Weather\MIRA\daily\AN001_Agugliano.csv,9/10/2019 12:00:00 AM,23.47,12.79,0,5,94.37718,48.234234,0,0,8.129999,10.870994,1499.2032,55.526047,84.03502,84,12.412453,0,0,0,0,0,0,0,0,0,0,0,0,0,0,0,0,20,18,10,30,7,0,27,28,
..\..\..\files\Weather\MIRA\daily\AN001_Agugliano.csv,9/11/2019 12:00:00 AM,25.49,14.26,0,3,91.8576,45.779064,0,0,9.875,11.66273,1510.866,55.957996,84.041664,84,12.39584,0,0,0,0,0,0,0,0,0,0,0,0,0,0,0,0,20,18,10,30,7,0,27,28,
..\..\..\files\Weather\MIRA\daily\AN001_Agugliano.csv,9/12/2019 12:00:00 AM,24.83,13.370001,0,3,91.74837,44.885567,0,0,9.1,11.369378,1522.2354,56.379086,88.00446,88,2.488842,0,0,0,0,0,0,0,0,0,0,0,0,0,0,0,0,20,18,10,30,7,0,27,28,
..\..\..\files\Weather\MIRA\daily\AN001_Agugliano.csv,9/13/2019 12:00:00 AM,25.23,14.32,0,3,92.84221,47.173462,0,0,9.775,11.630056,1533.8654,56.80983,88.00953,88,2.4761772,0,0,0,0,0,0,0,0,0,0,0,0,0,0,0,0,20,18,10,30,7,0,27,28,
..\..\..\files\Weather\MIRA\daily\AN001_Agugliano.csv,9/14/2019 12:00:00 AM,26.48,14.52,0,0,89.23335,42.65181,0,0,10.5,11.832455,1545.6978,57.24807,88.01469,88,2.4632835,0,0,0,0,0,0,0,0,0,0,0,0,0,0,0,0,20,18,10,30,7,0,27,28,
..\..\..\files\Weather\MIRA\daily\AN001_Agugliano.csv,9/15/2019 12:00:00 AM,27.34,15.200001,0,0,87.933304,41.74868,0,0,11.27,11.960459,1557.6582,57.691044,88.0199,88,2.4502563,0,0,0,0,0,0,0,0,0,0,0,0,0,0,0,0,20,18,10,30,7,0,27,28,
..\..\..\files\Weather\MIRA\daily\AN001_Agugliano.csv,9/16/2019 12:00:00 AM,26.34,15.02,0,1,90.91674,45.25259,0,0,10.68,11.870363,1569.5286,58.130688,88.02507,88,2.4373245,0,0,0,0,0,0,0,0,0,0,0,0,0,0,0,0,20,18,10,30,7,0,27,28,
..\..\..\files\Weather\MIRA\daily\AN001_Agugliano.csv,9/17/2019 12:00:00 AM,28.169998,16.29,0,0,87.58641,42.478416,0,0,12.23,11.996091,1581.5247,58.574986,88.0303,88,2.4242592,0,0,0,0,0,0,0,0,0,0,0,0,0,0,0,0,20,18,10,30,7,0,27,28,
..\..\..\files\Weather\MIRA\daily\AN001_Agugliano.csv,9/18/2019 12:00:00 AM,30.029999,18.18,0.6666667,1,85.072685,41.757763,0,0,14.105,11.675018,1593.1997,59.007393,88.03538,88,2.4115562,0,0,0,1,0,0,0,0,0,0,0,0,0,0,0,0,20,18,10,31,7,0,27,28,
..\..\..\files\Weather\MIRA\daily\AN001_Agugliano.csv,9/19/2019 12:00:00 AM,28.84,13.873491,15.604167,24,90.691315,49.104057,0,0,11.356747,11.96931,1605.1691,59.450703,88.040596,88,2.39851,1,1,1,1,0,0,1,1,1,0,0,0,0,0,1,0,21,19,11,32,7,0,28,29,
..\..\..\files\Weather\MIRA\daily\AN001_Agugliano.csv,9/20/2019 12:00:00 AM,22.17,11.238359,6.229167,23,97.130585,52.526592,0,0,6.70418,9.867409,1615.0365,59.816162,88.0449,88,2.3877525,1,1,1,1,0,0,1,1,1,0,0,0,0,0,0,0,22,20,12,33,7,0,29,30,
..\..\..\files\Weather\MIRA\daily\AN001_Agugliano.csv,9/21/2019 12:00:00 AM,21.37,9.5,0,4,91.59239,42.75464,0,-0.48946953,5.445531,8.69353,1623.73,60.13815,88.04868,88,2.378292,0,0,0,0,0,0,0,0,1,1,1,0,0,0,0,1,22,20,12,33,7,0,29,30,
..\..\..\files\Weather\MIRA\daily\AN001_Agugliano.csv,9/22/2019 12:00:00 AM,21.76,12.870001,0.14999999,7,99.81748,56.601173,0,0,7.3150005,10.337416,1634.0674,60.52101,88.05319,88,2.3670197,0,0,0,0,0,0,0,0,1,0,0,0,0,0,1,0,22,20,12,33,7,0,29,30,
..\..\..\files\Weather\MIRA\daily\AN001_Agugliano.csv,9/23/2019 12:00:00 AM,22.56,16.21253,4.5416665,24,100,71.36605,0,0,9.386265,11.488493,1645.5559,60.94651,88.0582,88,2.3545074,0,0,0,1,0,0,0,1,0,0,0,0,0,0,0,1,22,20,12,34,7,0,29,31,
..\..\..\files\Weather\MIRA\daily\AN001_Agugliano.csv,9/24/2019 12:00:00 AM,24.619999,14.7699995,25.108334,24,95.903564,52.02532,0,0,9.695,11.602818,1657.1587,61.37625,88.06325,88,2.3418808,1,1,1,1,1,0,1,1,0,0,0,0,0,0,0,0,23,21,13,35,8,0,30,32,
..\..\..\files\Weather\MIRA\daily\AN001_Agugliano.csv,9/25/2019 12:00:00 AM,22.22,13.710001,0.09583333,7,100,58.695095,0,0,7.965,10.771509,1667.9302,61.77519,88.06794,88,2.3301506,1,0,0,0,1,0,0,0,0,0,0,0,0,0,0,0,24,21,13,35,9,0,30,32,
..\..\..\files\Weather\MIRA\daily\AN001_Agugliano.csv,9/26/2019 12:00:00 AM,26.119999,13.839999,2.2041667,23,88.78053,41.478886,0,0,9.98,11.6953945,1679.6256,62.208355,88.07304,88,2.3174095,0,0,0,1,0,0,0,1,0,1,1,0,0,0,1,1,24,21,13,36,9,0,30,33,
..\..\..\files\Weather\MIRA\daily\AN001_Agugliano.csv,9/27/2019 12:00:00 AM,23.92,13.9,0,5,95.8611,51.26244,0,0,8.91,11.283318,1690.9089,62.626255,88.07796,88,2.305107,0,0,0,0,0,0,0,0,0,0,0,0,0,0,0,1,24,21,13,36,9,0,30,33,
..\..\..\files\Weather\MIRA\daily\AN001_Agugliano.csv,9/28/2019 12:00:00 AM,26.5,16.63,0,5,94.309784,51.5438,0,0,11.564999,11.985978,1702.8949,63.070183,88.083176,88,2.2920609,0,0,0,0,0,0,0,0,0,0,0,0,0,0,0,0,24,21,13,36,9,0,30,33,
..\..\..\files\Weather\MIRA\daily\AN001_Agugliano.csv,9/29/2019 12:00:00 AM,28.55,16.55,0,0,86.82284,41.875366,0,0,12.549999,11.977676,1714.8726,63.513798,88.088394,88,2.2790146,0,0,0,0,0,0,0,0,0,0,0,0,0,0,0,0,24,21,13,36,9,0,30,33,
..\..\..\files\Weather\MIRA\daily\AN001_Agugliano.csv,9/30/2019 12:00:00 AM,27.25,16.42,0,3,91.17519,47.048615,0,0,11.834999,11.997984,1726.8705,63.958168,88.09363,88,2.2659302,0,0,0,0,0,0,0,0,0,0,0,0,0,0,0,0,24,21,13,36,9,0,30,33,
..\..\..\files\Weather\MIRA\daily\AN001_Agugliano.csv,10/1/2019 12:00:00 AM,28.68,15.169999,0,0,83.14629,36.439392,0,0,11.924999,11.999583,1738.8701,64.402596,88.098854,88,2.2528648,0,0,0,0,0,0,0,0,0,0,0,0,0,0,0,0,24,21,13,36,9,0,30,33,
..\..\..\files\Weather\MIRA\daily\AN001_Agugliano.csv,10/2/2019 12:00:00 AM,26.630001,15.660001,0.7791667,4,91.489845,46.64344,0,0,11.145,11.945727,1750.8158,64.84503,88.10406,88,2.2398567,0,0,0,1,0,0,0,0,0,0,0,0,0,0,0,0,24,21,13,37,9,0,30,33,
..\..\..\files\Weather\MIRA\daily\AN001_Agugliano.csv,10/3/2019 12:00:00 AM,27.35,9.854808,18.166668,24,95.58295,37.00389,0,-0.14458942,8.603006,11.132092,1761.9479,65.25733,88.10891,88,2.227726,1,0,1,1,0,0,1,1,0,0,0,0,0,0,0,0,25,21,14,38,9,0,31,34,
..\..\..\files\Weather\MIRA\daily\AN001_Agugliano.csv,10/4/2019 12:00:00 AM,15.07,8.96,5.775,24,100,67.86419,0,-0.95148873,2.1035106,4.086808,1766.0347,65.40869,88.11069,88,2.2232819,1,0,1,1,0,0,1,0,0,0,0,0,0,0,0,0,26,21,15,39,9,0,32,34,
..\..\..\files\Weather\MIRA\daily\AN001_Agugliano.csv,10/5/2019 12:00:00 AM,18.59,10.43,2.9250002,24,100,59.075417,0,0,4.51,7.6642184,1773.6989,65.69255,88.11403,88,2.2149277,0,0,0,1,0,0,1,1,0,0,0,0,0,0,0,0,26,21,15,40,9,0,33,35,
..\..\..\files\Weather\MIRA\daily\AN001_Agugliano.csv,10/6/2019 12:00:00 AM,19.61,10.310001,3.5291665,24,97.7114,53.678238,0,0,4.960001,8.183733,1781.8826,65.99565,88.1176,88,2.2060013,0,0,0,1,0,0,1,1,0,0,0,0,0,0,0,0,26,21,15,41,9,0,34,36,
..\..\..\files\Weather\MIRA\daily\AN001_Agugliano.csv,10/7/2019 12:00:00 AM,20.05,11.5287285,4.025,23,100,63.719303,0,0,5.789364,9.048555,1790.9312,66.33079,88.12154,88,2.1961594,0,0,0,1,0,0,0,1,0,0,0,0,0,0,0,0,26,21,15,42,9,0,34,37,
..\..\..\files\Weather\MIRA\daily\AN001_Agugliano.csv,10/8/2019 12:00:00 AM,20.73,9.950001,0,3,94.27015,47.17232,0,-0.049883366,5.340116,8.594699,1799.5259,66.64911,88.12528,88,2.1867943,0,0,0,0,0,0,0,0,0,0,0,0,0,0,0,0,26,21,15,42,9,0,34,37,
..\..\..\files\Weather\MIRA\daily\AN001_Agugliano.csv,10/9/2019 12:00:00 AM,19.93,9.05,0,4,94.79609,46.38412,0,-0.90852404,4.5314755,7.6402884,1807.1661,66.932076,88.12862,88,2.1784592,0,0,0,0,0,0,0,0,0,0,0,0,0,0,0,0,26,21,15,42,9,0,34,37,
..\..\..\files\Weather\MIRA\daily\AN001_Agugliano.csv,10/10/2019 12:00:00 AM,23.91,16.22,0,8,100,63.253307,0,0,10.064999,11.720606,1818.8867,67.36618,88.13372,88,2.165699,0,0,0,0,0,0,0,0,0,0,0,0,0,0,0,0,26,21,15,42,9,0,34,37,
..\..\..\files\Weather\MIRA\daily\AN001_Agugliano.csv,10/11/2019 12:00:00 AM,25.8,12.169142,0,3,92.20048,46.744267,0,0,8.98457,11.317762,1830.2045,67.785355,88.13865,88,2.1533775,0,0,0,0,0,0,0,0,0,0,0,1,0,0,0,0,26,21,15,42,9,0,34,37,
..\..\..\files\Weather\MIRA\daily\AN001_Agugliano.csv,10/12/2019 12:00:00 AM,20.79,10.69,0,5,96.04943,50.311558,0,0,5.74,9.000381,1839.2048,68.1187,88.14257,88,2.1435738,0,0,0,0,0,0,0,0,1,0,0,0,0,0,0,0,26,21,15,42,9,0,34,37,
..\..\..\files\Weather\MIRA\daily\AN001_Agugliano.csv,10/13/2019 12:00:00 AM,23.13,12.86,0,5,95.53093,50.06566,0,0,7.994999,10.789916,1849.9948,68.518326,88.14728,88,2.1318054,0,0,0,0,0,0,0,0,1,1,1,0,0,0,1,1,26,21,15,42,9,0,34,37,
..\..\..\files\Weather\MIRA\daily\AN001_Agugliano.csv,10/14/2019 12:00:00 AM,21.91,11.48,0,5,95.31462,49.124275,0,0,6.6949997,9.85988,1859.8546,68.8835,88.15157,88,2.121067,0,0,0,0,0,0,0,0,0,1,1,0,0,0,1,1,26,21,15,42,9,0,34,37,
..\..\..\files\Weather\MIRA\daily\AN001_Agugliano.csv,10/15/2019 12:00:00 AM,21.2,11.89,0,6,98.18152,54.300003,0,0,6.545,9.734911,1869.5895,69.24406,88.155815,88,2.1104622,0,0,0,0,0,0,0,0,0,0,0,0,0,0,0,0,26,21,15,42,9,0,34,37,
..\..\..\files\Weather\MIRA\daily\AN001_Agugliano.csv,10/16/2019 12:00:00 AM,24.07,12.346614,0,6,100,60.045044,0,0,8.208307,10.916701,1880.5062,69.64838,88.16057,88,2.0985794,0,0,0,0,0,0,0,0,0,0,0,0,0,0,0,0,26,21,15,42,9,0,34,37,
..\..\..\files\Weather\MIRA\daily\AN001_Agugliano.csv,10/17/2019 12:00:00 AM,24.1,10.33,0,0,86.43192,36.144608,0,0,7.215,10.264614,1890.7709,70.02855,88.16504,88,2.0874023,0,0,0,0,0,0,0,0,1,0,0,0,0,0,1,1,26,21,15,42,9,0,34,37,
..\..\..\files\Weather\MIRA\daily\AN001_Agugliano.csv,10/18/2019 12:00:00 AM,22.24,9.460001,0,0,89.322586,39.43117,0,-0.5285907,5.8614087,9.107166,1899.878,70.36585,88.16901,88,2.0774841,0,0,0,0,0,0,0,0,1,1,1,0,1,0,1,1,26,21,15,42,9,0,34,37,
..\..\..\files\Weather\MIRA\daily\AN001_Agugliano.csv,10/19/2019 12:00:00 AM,23.6,10.620001,0,0,88.56584,38.91309,0,0,7.1100006,10.186433,1910.0645,70.743126,88.17345,88,2.0663834,0,0,0,0,0,0,0,0,1,0,0,0,0,0,0,0,26,21,15,42,9,0,34,37,
..\..\..\files\Weather\MIRA\daily\AN001_Agugliano.csv,10/20/2019 12:00:00 AM,24.4,10.67,0,0,86.396416,36.299545,0,0,7.535,10.491907,1920.5564,71.13172,88.17802,88,2.0549583,0,0,0,0,0,0,0,0,0,0,0,0,0,0,0,0,26,21,15,42,9,0,34,37,
..\..\..\files\Weather\MIRA\daily\AN001_Agugliano.csv,10/21/2019 12:00:00 AM,23.95,12.490001,0,3,92.21936,44.897015,0,0,8.220001,10.923445,1931.4799,71.53629,88.18278,88,2.0430565,0,0,0,0,0,0,0,0,0,0,0,0,0,0,0,1,26,21,15,42,9,0,34,37,
..\..\..\files\Weather\MIRA\daily\AN001_Agugliano.csv,10/22/2019 12:00:00 AM,24.6,12.86,0,3,91.19152,43.748333,0,0,8.73,11.196613,1942.6765,71.95098,88.18766,88,2.0308495,0,0,0,0,0,0,0,0,0,0,0,0,0,0,0,0,26,21,15,42,9,0,34,37,
..\..\..\files\Weather\MIRA\daily\AN001_Agugliano.csv,10/23/2019 12:00:00 AM,21.86,11.98,0,5,96.73455,51.687473,0,0,6.92,10.040413,1952.7169,72.32285,88.19203,88,2.0199203,0,0,0,0,0,0,0,0,0,0,0,0,0,0,0,0,26,21,15,42,9,0,34,37,
..\..\..\files\Weather\MIRA\daily\AN001_Agugliano.csv,10/24/2019 12:00:00 AM,21.58,11.81,0,5,97.01609,52.144634,0,0,6.6949997,9.85988,1962.5768,72.688034,88.19633,88,2.009182,0,0,0,0,0,0,0,0,0,0,0,0,0,0,0,0,26,21,15,42,9,0,34,37,
..\..\..\files\Weather\MIRA\daily\AN001_Agugliano.csv,10/25/2019 12:00:00 AM,21.61,12.349999,0,6,98.34251,54.670887,0,0,6.9799995,10.087158,1972.664,73.06163,88.20072,88,1.9981956,0,0,0,0,0,0,0,0,0,0,0,0,0,0,0,0,26,21,15,42,9,0,34,37,
..\..\..\files\Weather\MIRA\daily\AN001_Agugliano.csv,10/26/2019 12:00:00 AM,20.98,10.093981,0,6,98.90772,55.70222,0,0,5.53699,8.797908,1981.4618,73.387474,88.20456,88,1.9886017,0,0,0,0,0,0,0,0,0,0,0,0,0,0,0,0,26,21,15,42,9,0,34,37,
..\..\..\files\Weather\MIRA\daily\AN001_Agugliano.csv,10/27/2019 12:00:00 AM,22.24,8.01,0,0,85.6992,34.297367,-1.8508534,-1.8508534,0,0,0,0,0,0,0,0,0,0,0,0,0,0,0,0,0,0,0,0,0,0,0,0,0,0,0,0,0,0,0,
..\..\..\files\Weather\MIRA\daily\AN001_Agugliano.csv,10/28/2019 12:00:00 AM,22.64,8.07,0,0,84.921036,33.272003,-3.653026,-1.8021727,0,0,0,0,0,0,0,0,0,0,0,0,0,0,0,0,0,0,0,0,0,0,0,0,0,0,0,0,0,0,0,
..\..\..\files\Weather\MIRA\daily\AN001_Agugliano.csv,10/29/2019 12:00:00 AM,22.48,11.649999,0.32083333,4,94.2438,47.445713,-3.653026,0,0,0,0,0,0,0,0,0,0,0,0,0,0,0,0,0,0,0,0,0,0,0,0,0,0,0,0,0,0,0,0,
..\..\..\files\Weather\MIRA\daily\AN001_Agugliano.csv,10/30/2019 12:00:00 AM,22.77,14.39,7.820833,24,100,59.461166,-3.653026,0,0,0,0,0,0,0,0,0,0,1,0,0,0,1,1,0,0,0,0,0,0,0,0,0,0,1,0,0,0,1,1,
..\..\..\files\Weather\MIRA\daily\AN001_Agugliano.csv,10/31/2019 12:00:00 AM,18.94,12.855917,10.304167,24,100,80.33887,-3.653026,0,0,0,0,0,0,0,0,1,0,1,0,0,0,1,1,0,0,0,0,0,0,0,0,1,0,1,0,0,0,1,1,
..\..\..\files\Weather\MIRA\daily\AN001_Agugliano.csv,11/1/2019 12:00:00 AM,15.28,12.1978855,3.3541665,24,100,92.187935,-3.653026,0,0,0,0,0,0,0,0,1,0,0,0,0,0,1,1,0,0,0,0,0,0,0,0,1,0,0,0,0,0,1,1,
..\..\..\files\Weather\MIRA\daily\AN001_Agugliano.csv,11/2/2019 12:00:00 AM,14.75,11.76,0.15416667,24,100,90.15384,-3.653026,0,0,0,0,0,0,0,0,0,0,0,0,0,0,0,0,0,0,0,0,0,0,0,0,0,0,0,0,0,0,0,0,
..\..\..\files\Weather\MIRA\daily\AN001_Agugliano.csv,11/3/2019 12:00:00 AM,18.95,13.670001,3.7458334,24,100,77.22623,-3.653026,0,0,0,0,0,0,0,0,0,0,0,0,0,0,0,1,0,0,0,0,0,0,0,0,0,0,0,0,0,0,0,1,
..\..\..\files\Weather\MIRA\daily\AN001_Agugliano.csv,11/4/2019 12:00:00 AM,22.120003,13.500001,4.6,24,99.98892,58.09257,-3.653026,0,0,0,0,0,0,0,0,0,0,1,0,0,0,1,1,0,0,0,0,0,0,0,0,0,0,1,0,0,0,1,1,
..\..\..\files\Weather\MIRA\daily\AN001_Agugliano.csv,11/5/2019 12:00:00 AM,21.120003,11.791512,0.15416667,9,100,65.89733,-3.653026,0,0,0,0,0,0,0,0,0,0,0,0,0,0,0,0,0,0,0,0,0,0,0,0,0,0,0,0,0,0,0,0,
..\..\..\files\Weather\MIRA\daily\AN001_Agugliano.csv,11/6/2019 12:00:00 AM,23.690002,9.013166,3.625,24,86.16651,35.526417,-4.6066847,-0.9536586,0,0,0,0,0,0,0,0,0,0,0,0,0,0,1,0,0,0,0,0,0,0,0,0,0,0,0,0,0,0,1,
..\..\..\files\Weather\MIRA\daily\AN001_Agugliano.csv,11/7/2019 12:00:00 AM,18.59,7.3699994,1.8208333,23,92.03154,44.16907,-6.9284453,-2.3217607,0,0,0,0,0,0,0,0,0,0,0,0,0,1,0,0,0,0,0,0,0,0,0,0,0,0,0,0,0,1,0,
..\..\..\files\Weather\MIRA\daily\AN001_Agugliano.csv,11/8/2019 12:00:00 AM,17.79,7.1800003,0.0875,4,94.3431,46.296844,-9.373686,-2.4452403,0,0,0,0,0,0,0,0,0,0,0,0,0,0,0,0,0,0,0,0,0,0,0,0,0,0,0,0,0,0,0,
..\..\..\files\Weather\MIRA\daily\AN001_Agugliano.csv,11/9/2019 12:00:00 AM,16.51,9.48,2.0125,23,100,63.82259,-9.8744545,-0.5007684,0,0,0,0,0,0,0,0,0,0,0,0,0,0,0,0,0,0,0,0,0,0,0,0,0,0,0,0,0,0,0,
..\..\..\files\Weather\MIRA\daily\AN001_Agugliano.csv,11/10/2019 12:00:00 AM,17.11,8.4,0.041666668,6,97.268166,54.96462,-11.3274975,-1.4530427,0,0,0,0,0,0,0,0,0,0,0,0,0,0,0,0,0,0,0,0,0,0,0,0,0,0,0,0,0,0,0,
..\..\..\files\Weather\MIRA\daily\AN001_Agugliano.csv,11/11/2019 12:00:00 AM,14.66,8.58,1.2916667,24,100,67.511635,-12.581676,-1.2541777,0,0,0,0,0,0,0,0,0,0,0,0,0,0,0,0,0,0,0,0,0,0,0,0,0,0,0,0,0,0,0,
..\..\..\files\Weather\MIRA\daily\AN001_Agugliano.csv,11/12/2019 12:00:00 AM,14.27,9.601523,8.125,24,100,77.286804,-12.963146,-0.38147104,0,0,0,0,0,0,0,0,0,1,0,0,0,1,0,0,0,0,0,0,0,0,0,0,0,1,0,0,0,1,0,
..\..\..\files\Weather\MIRA\daily\AN001_Agugliano.csv,11/13/2019 12:00:00 AM,12,8.012605,10.650001,24,100,86.59039,-14.455263,-1.4921166,0,0,0,0,0,0,0,1,0,0,0,0,0,1,0,0,0,0,0,0,0,0,0,1,0,0,0,0,0,1,0,
..\..\..\files\Weather\MIRA\daily\AN001_Agugliano.csv,11/14/2019 12:00:00 AM,15.08,6.8000007,2.4916666,24,95.66834,55.171715,-17.036905,-2.5816422,0,0,0,0,0,0,0,1,0,0,0,0,0,1,0,0,0,0,0,0,0,0,0,1,0,0,0,0,0,1,0,
..\..\..\files\Weather\MIRA\daily\AN001_Agugliano.csv,11/15/2019 12:00:00 AM,15.109999,8.58,0.40416667,7,100,65.27193,-18.30251,-1.2656049,0,0,0,0,0,0,0,0,0,0,0,0,0,0,0,0,0,0,0,0,0,0,0,0,0,0,0,0,0,0,0,
..\..\..\files\Weather\MIRA\daily\AN001_Agugliano.csv,11/16/2019 12:00:00 AM,17.91,10.62,9.608334,24,100,63.545464,-18.30251,0,0,0,0,0,0,0,0,0,0,1,0,0,0,1,1,0,0,0,0,0,0,0,0,0,0,1,0,0,0,1,1,
..\..\..\files\Weather\MIRA\daily\AN001_Agugliano.csv,11/17/2019 12:00:00 AM,17.23,6.645371,7.233333,24,100,71.518555,-21.12554,-2.823031,0,0,0,0,0,0,0,0,0,1,0,0,0,1,1,0,0,0,0,0,0,0,0,0,0,1,0,0,0,1,1,
..\..\..\files\Weather\MIRA\daily\AN001_Agugliano.csv,11/18/2019 12:00:00 AM,14.37,5.3200006,1.0541667,24,92.42136,50.371975,-24.595463,-3.469922,0,0,0,0,0,0,0,0,0,0,0,0,0,0,0,0,0,0,0,0,0,0,0,0,0,0,0,0,0,0,0,
..\..\..\files\Weather\MIRA\daily\AN001_Agugliano.csv,11/19/2019 12:00:00 AM,16.56,8.738152,0.13333334,7,99.51879,60.36043,-25.755527,-1.1600657,0,0,0,0,0,0,0,0,0,0,0,0,0,0,0,0,0,0,0,0,0,0,0,0,0,0,0,0,0,0,0,
..\..\..\files\Weather\MIRA\daily\AN001_Agugliano.csv,11/20/2019 12:00:00 AM,13.39,7.94,3.0666668,23,100,69.73088,-27.426207,-1.6706786,0,0,0,0,0,0,0,0,0,0,0,0,0,0,0,0,0,0,0,0,0,0,0,0,0,0,0,0,0,0,0,
..\..\..\files\Weather\MIRA\daily\AN001_Agugliano.csv,11/21/2019 12:00:00 AM,14.889999,6.250948,0,5,96.83505,57.945297,-30.361778,-2.9355721,0,0,0,0,0,0,0,0,0,0,0,0,0,0,0,0,0,0,0,0,0,0,0,0,0,0,0,0,0,0,0,
..\..\..\files\Weather\MIRA\daily\AN001_Agugliano.csv,11/22/2019 12:00:00 AM,15.64,4.6400003,0,0,89.327415,42.78685,-34.415886,-4.0541086,0,0,0,0,0,0,0,0,0,0,0,0,0,0,0,0,0,0,0,0,0,0,0,0,0,0,0,0,0,0,0,
..\..\..\files\Weather\MIRA\daily\AN001_Agugliano.csv,11/23/2019 12:00:00 AM,16.13,5.7700005,0,4,96.62888,46.047348,-37.78233,-3.3664427,0,0,0,0,0,0,0,0,0,0,0,0,0,0,0,0,0,0,0,0,0,0,0,0,0,0,0,0,0,0,0,
..\..\..\files\Weather\MIRA\daily\AN001_Agugliano.csv,11/24/2019 12:00:00 AM,16.45,10.09,0.4,9,100,67.89288,-37.78233,0,0,0,0,0,0,0,0,0,0,0,0,0,0,0,0,0,0,0,0,0,0,0,0,0,0,0,0,0,0,0,0,
..\..\..\files\Weather\MIRA\daily\AN001_Agugliano.csv,11/25/2019 12:00:00 AM,16.89,9.1743355,9.2,23,100,80.880104,-38.563816,-0.78148675,0,0,0,0,0,0,0,0,0,1,0,0,0,1,1,0,0,0,0,0,0,0,0,0,0,1,0,0,0,1,1,
..\..\..\files\Weather\MIRA\daily\AN001_Agugliano.csv,11/26/2019 12:00:00 AM,18.35,7.6000004,0,3,93.0682,46.061523,-40.695908,-2.132093,0,0,0,0,0,0,0,0,0,0,0,0,0,0,0,0,0,0,0,0,0,0,0,0,0,0,0,0,0,0,0,
..\..\..\files\Weather\MIRA\daily\AN001_Agugliano.csv,11/27/2019 12:00:00 AM,17.73,7.5499997,0,4,96.77671,48.213223,-42.85109,-2.155182,0,0,0,0,0,0,0,0,0,0,0,0,0,0,0,0,0,0,0,0,0,0,0,0,0,0,0,0,0,0,0,
..\..\..\files\Weather\MIRA\daily\AN001_Agugliano.csv,11/28/2019 12:00:00 AM,16.23,9.822398,0,8,100,68.41974,-43.02623,-0.1751411,0,0,0,0,0,0,0,0,0,0,0,0,0,0,0,0,0,0,0,0,0,0,0,0,0,0,0,0,0,0,0,
..\..\..\files\Weather\MIRA\daily\AN001_Agugliano.csv,11/29/2019 12:00:00 AM,17.18,8.560001,0,5,97.58535,55.498634,-44.34595,-1.3197205,0,0,0,0,0,0,0,0,0,0,0,0,0,0,0,0,0,0,0,0,0,0,0,0,0,0,0,0,0,0,0,
..\..\..\files\Weather\MIRA\daily\AN001_Agugliano.csv,11/30/2019 12:00:00 AM,18.23,7.148151,0,6,95.75549,50.901558,-46.83085,-2.4848957,0,0,0,0,0,0,0,0,0,0,0,0,0,0,0,0,0,0,0,0,0,0,0,0,0,0,0,0,0,0,0,
..\..\..\files\Weather\MIRA\daily\AN001_Agugliano.csv,12/1/2019 12:00:00 AM,11.8,6.35,0,7,96.72282,66.965385,-49.258602,-2.427752,0,0,0,0,0,0,0,0,0,0,0,0,0,0,0,0,0,0,0,0,0,0,0,0,0,0,0,0,0,0,0,
..\..\..\files\Weather\MIRA\daily\AN001_Agugliano.csv,12/2/2019 12:00:00 AM,15.370001,8.080001,1.0291667,7,98.78492,61.0295,-50.925762,-1.6671594,0,0,0,0,0,0,0,0,0,0,0,0,0,0,0,0,0,0,0,0,0,0,0,0,0,0,0,0,0,0,0,
..\..\..\files\Weather\MIRA\daily\AN001_Agugliano.csv,12/3/2019 12:00:00 AM,12.46,3.9346604,23.670834,23,100,76.95303,-54.833515,-3.9077516,0,0,0,0,0,0,0,1,0,0,0,0,0,1,0,0,0,0,0,0,0,0,0,1,0,0,0,0,0,1,0,
..\..\..\files\Weather\MIRA\daily\AN001_Agugliano.csv,12/4/2019 12:00:00 AM,11.83,2.4570866,0,0,86.69469,46.00615,-59.341324,-4.507809,0,0,0,0,0,0,0,0,0,0,0,0,0,0,0,0,0,0,0,0,0,0,0,0,0,0,0,0,0,0,0,
..\..\..\files\Weather\MIRA\daily\AN001_Agugliano.csv,12/5/2019 12:00:00 AM,10.25,1.1199999,0,0,83.08417,44.111816,-63.9029,-4.5615773,0,0,0,0,0,0,0,0,0,0,0,0,0,0,0,0,0,0,0,0,0,0,0,0,0,0,0,0,0,0,0,
..\..\..\files\Weather\MIRA\daily\AN001_Agugliano.csv,12/6/2019 12:00:00 AM,10.23,3.13,0,0,88.3066,54.188885,-67.44917,-3.5462744,0,0,0,0,0,0,0,0,0,0,0,0,0,0,0,0,0,0,0,0,0,0,0,0,0,0,0,0,0,0,0,
..\..\..\files\Weather\MIRA\daily\AN001_Agugliano.csv,12/7/2019 12:00:00 AM,9.34,4.59,0,3,92.008835,66.4179,-69.82417,-2.375,0,0,0,0,0,0,0,0,0,0,0,0,0,0,0,0,0,0,0,0,0,0,0,0,0,0,0,0,0,0,0,
..\..\..\files\Weather\MIRA\daily\AN001_Agugliano.csv,12/8/2019 12:00:00 AM,11.65,3.4099998,0,0,88.93799,50.642784,-73.77898,-3.9547997,0,0,0,0,0,0,0,0,0,0,0,0,0,0,0,0,0,0,0,0,0,0,0,0,0,0,0,0,0,0,0,
..\..\..\files\Weather\MIRA\daily\AN001_Agugliano.csv,12/9/2019 12:00:00 AM,13.16,6.1199994,0,5,95.47491,59.502937,-76.589775,-2.8107955,0,0,0,0,0,0,0,0,0,0,0,0,0,0,0,0,0,0,0,0,0,0,0,0,0,0,0,0,0,0,0,
..\..\..\files\Weather\MIRA\daily\AN001_Agugliano.csv,12/10/2019 12:00:00 AM,17.01,5.150636,0,3,93.01958,47.229828,-80.44767,-3.8578973,0,0,0,0,0,0,0,0,0,0,0,0,0,0,0,0,0,0,0,0,0,0,0,0,0,0,0,0,0,0,0,
..\..\..\files\Weather\MIRA\daily\AN001_Agugliano.csv,12/11/2019 12:00:00 AM,12.09,0.034882747,0,1,90.23564,51.89553,-86.29406,-5.846387,0,0,0,0,0,0,0,0,0,0,0,0,0,0,0,0,0,0,0,0,0,0,0,0,0,0,0,0,0,0,0,
..\..\..\files\Weather\MIRA\daily\AN001_Agugliano.csv,12/12/2019 12:00:00 AM,9.68,-1.6199999,0,0,76.08336,34.379147,-90.440186,-4.1461244,0,0,0,0,0,0,0,0,0,0,0,0,0,0,0,0,0,0,0,0,0,0,0,0,0,0,0,0,0,0,0,
..\..\..\files\Weather\MIRA\daily\AN001_Agugliano.csv,12/13/2019 12:00:00 AM,5.56,-1.4500003,0.42499998,1,82.3193,44.86454,-92.64515,-2.2049642,0,0,0,0,0,0,0,0,0,0,0,0,0,0,0,0,0,0,0,0,0,0,0,0,0,0,0,0,0,0,0,
..\..\..\files\Weather\MIRA\daily\AN001_Agugliano.csv,12/14/2019 12:00:00 AM,9.59,3.0699997,9.775,23,88.05489,56.16297,-95.90515,-3.2600002,0,0,0,0,0,0,0,0,0,0,0,0,0,0,0,0,0,0,0,0,0,0,0,0,0,0,0,0,0,0,0,
..\..\..\files\Weather\MIRA\daily\AN001_Agugliano.csv,12/15/2019 12:00:00 AM,15.86,5.7,0,3,91.84694,46.70058,-99.29521,-3.390059,0,0,0,0,0,0,0,0,0,0,0,0,0,0,0,0,0,0,0,0,0,0,0,0,0,0,0,0,0,0,0,
..\..\..\files\Weather\MIRA\daily\AN001_Agugliano.csv,12/16/2019 12:00:00 AM,18.97,4.7700005,0,0,84.66377,33.15347,-103.56208,-4.2668695,0,0,0,0,0,0,0,0,0,0,0,0,0,0,0,0,0,0,0,0,0,0,0,0,0,0,0,0,0,0,0,
..\..\..\files\Weather\MIRA\daily\AN001_Agugliano.csv,12/17/2019 12:00:00 AM,17.94,5.16,0,0,87.44582,37.53292,-101.09559,-3.9235055,2.4664948,0,0,0,0,0,0,0,0,0,0,0,0,0,0,0,0,0,0,0,0,0,0,0,0,0,0,0,0,0,0,
..\..\..\files\Weather\MIRA\daily\AN001_Agugliano.csv,12/18/2019 12:00:00 AM,15.89,5.88,0,4,94.532524,47.420776,-99.36272,-3.2721279,1.7328722,0,0,0,0,0,0,0,0,0,0,0,0,0,0,0,0,0,0,0,0,0,0,0,0,0,0,0,0,0,0,
..\..\..\files\Weather\MIRA\daily\AN001_Agugliano.csv,12/19/2019 12:00:00 AM,15.1,5.862885,0.041666668,9,100,65.94275,-97.95481,-3.2106502,1.4079072,0,0,0,0,0,0,0,0,0,0,0,0,0,0,0,0,0,0,0,0,0,0,0,0,0,0,0,0,0,0,
..\..\..\files\Weather\MIRA\daily\AN001_Agugliano.csv,12/20/2019 12:00:00 AM,11.3,4.93,0.9583334,23,93.02396,60.326965,-97.82216,-3.052347,0.1326531,0,0,0,0,0,0,0,0,0,0,0,0,0,0,0,0,0,0,0,0,0,0,0,0,0,0,0,0,0,0,
..\..\..\files\Weather\MIRA\daily\AN001_Agugliano.csv,12/21/2019 12:00:00 AM,17.53,7.4400005,0.38333333,4,94.05195,48.480152,-95.0124,-2.2352426,2.8097575,0,0,0,0,0,0,0,0,0,0,0,0,0,0,0,0,0,0,0,0,0,0,0,0,0,0,0,0,0,0,
..\..\..\files\Weather\MIRA\daily\AN001_Agugliano.csv,12/22/2019 12:00:00 AM,20.03,6.702101,8.875,24,97.7698,53.636913,-91.23833,-2.8898773,3.7740722,0,0,0,0,0,0,0,0,1,0,0,1,1,1,0,0,0,0,0,0,0,0,0,0,1,0,0,1,1,1,
..\..\..\files\Weather\MIRA\daily\AN001_Agugliano.csv,12/23/2019 12:00:00 AM,13.65,5.51,1.3416667,23,93.51013,54.11183,-90.41999,-3.2516644,0.8183353,0,0,0,0,0,0,0,0,0,0,0,0,0,0,0,0,0,0,0,0,0,0,0,0,0,0,0,0,0,0,
..\..\..\files\Weather\MIRA\daily\AN001_Agugliano.csv,12/24/2019 12:00:00 AM,15.66,4.6499996,0,0,89.330345,42.763363,-88.96515,-4.050159,1.454841,0,0,0,0,0,0,0,0,0,0,0,0,0,0,0,0,0,0,0,0,0,0,0,0,0,0,0,0,0,0,
..\..\..\files\Weather\MIRA\daily\AN001_Agugliano.csv,12/25/2019 12:00:00 AM,16.94,3.58,0,0,84.92004,34.756298,-87.16262,-4.87747,1.8025302,0,0,0,0,0,0,0,0,0,0,0,0,0,0,0,0,0,0,0,0,0,0,0,0,0,0,0,0,0,0,
..\..\..\files\Weather\MIRA\daily\AN001_Agugliano.csv,12/26/2019 12:00:00 AM,15.49,2.33,0,0,83.52542,34.31743,-86.01748,-5.4348593,1.1451404,0,0,0,0,0,0,0,0,0,0,0,0,0,0,0,0,0,0,0,0,0,0,0,0,0,0,0,0,0,0,
..\..\..\files\Weather\MIRA\daily\AN001_Agugliano.csv,12/27/2019 12:00:00 AM,12.95,2.9499998,0,0,87.19615,44.13372,-85.58235,-4.564875,0.43512493,0,0,0,0,0,0,0,0,0,0,0,0,0,0,0,0,0,0,0,0,0,0,0,0,0,0,0,0,0,0,
..\..\..\files\Weather\MIRA\daily\AN001_Agugliano.csv,12/28/2019 12:00:00 AM,11.45,3.3199997,0,0,88.726685,50.88221,-85.45305,-3.9356952,0.129305,0,0,0,0,0,0,0,0,0,0,0,0,0,0,0,0,0,0,0,0,0,0,0,0,0,0,0,0,0,0,
..\..\..\files\Weather\MIRA\daily\AN001_Agugliano.csv,12/29/2019 12:00:00 AM,9.12,3.08,0,0,87.95266,57.941692,-85.45305,-3.02,0,0,0,0,0,0,0,0,0,0,0,0,0,0,0,0,0,0,0,0,0,0,0,0,0,0,0,0,0,0,0,
..\..\..\files\Weather\MIRA\daily\AN001_Agugliano.csv,12/30/2019 12:00:00 AM,7.81,-0.12851976,0,0,86.08185,59.900253,-85.45305,-3.8417804,0,0,0,0,0,0,0,0,0,0,0,0,0,0,0,0,0,0,0,0,0,0,0,0,0,0,0,0,0,0,0,
..\..\..\files\Weather\MIRA\daily\AN001_Agugliano.csv,12/31/2019 12:00:00 AM,7.69,-1.4699998,0,0,75.68358,39.562233,-85.45305,-3.2279532,0,0,0,0,0,0,0,0,0,0,0,0,0,0,0,0,0,0,0,0,0,0,0,0,0,0,0,0,0,0,0,
..\..\..\files\Weather\MIRA\daily\AN001_Agugliano.csv,1/1/2020 12:00:00 AM,9.95,-0.8999996,0,0,77.923416,36.455326,-85.45305,-4.5623274,0,0,0,0,0,0,0,0,0,0,0,0,0,0,0,0,0,0,0,0,0,0,0,0,0,0,0,0,0,0,0,
..\..\..\files\Weather\MIRA\daily\AN001_Agugliano.csv,1/2/2020 12:00:00 AM,11.71,-0.3000002,0,0,79.33133,34.491673,-85.331314,-5.830483,0.12173606,0,0,0,0,0,0,0,0,0,0,0,0,0,0,0,0,0,0,0,0,0,0,0,0,0,0,0,0,0,0,
..\..\..\files\Weather\MIRA\daily\AN001_Agugliano.csv,1/3/2020 12:00:00 AM,11.45,-1.3599997,0,0,76.7272,31.406351,-85.24925,-5.1992583,0.08206478,0,0,0,0,0,0,0,0,0,0,0,0,0,0,0,0,0,0,0,0,0,0,0,0,0,0,0,0,0,0,
..\..\..\files\Weather\MIRA\daily\AN001_Agugliano.csv,1/4/2020 12:00:00 AM,11.77,0.9200001,0,0,82.41949,38.990875,-85.10488,-5.280627,0.14437334,0,0,0,0,0,0,0,0,0,0,0,0,0,0,0,0,0,0,0,0,0,0,0,0,0,0,0,0,0,0,
..\..\..\files\Weather\MIRA\daily\AN001_Agugliano.csv,1/5/2020 12:00:00 AM,10.67,1.0500002,0,0,82.91312,42.58952,-85.08155,-4.7866683,0.023331607,0,0,0,0,0,0,0,0,0,0,0,0,0,0,0,0,0,0,0,0,0,0,0,0,0,0,0,0,0,0,
..\..\..\files\Weather\MIRA\daily\AN001_Agugliano.csv,1/6/2020 12:00:00 AM,11.7,-0.39999962,0,0,79.081375,34.156002,-84.96213,-5.7760334,0.11942147,0,0,0,0,0,0,0,0,0,0,0,0,0,0,0,0,0,0,0,0,0,0,0,0,0,0,0,0,0,0,
..\..\..\files\Weather\MIRA\daily\AN001_Agugliano.csv,1/7/2020 12:00:00 AM,9.76,-1.79,0,0,75.67512,33.588284,-84.96213,-4.123706,0,0,0,0,0,0,0,0,0,0,0,0,0,0,0,0,0,0,0,0,0,0,0,0,0,0,0,0,0,0,0,
..\..\..\files\Weather\MIRA\daily\AN001_Agugliano.csv,1/8/2020 12:00:00 AM,8.06,-1.4499998,0,0,75.93843,38.764595,-84.96213,-3.415542,0,0,0,0,0,0,0,0,0,0,0,0,0,0,0,0,0,0,0,0,0,0,0,0,0,0,0,0,0,0,0,
..\..\..\files\Weather\MIRA\daily\AN001_Agugliano.csv,1/9/2020 12:00:00 AM,8.62,-2.12,0,0,74.538536,34.865944,-84.96213,-3.4592364,0,0,0,0,0,0,0,0,0,0,0,0,0,0,0,0,0,0,0,0,0,0,0,0,0,0,0,0,0,0,0,
..\..\..\files\Weather\MIRA\daily\AN001_Agugliano.csv,1/10/2020 12:00:00 AM,11.76,-0.89000034,0,0,77.83413,32.30744,-84.83969,-5.5887427,0.1224348,0,0,0,0,0,0,0,0,0,0,0,0,0,0,0,0,0,0,0,0,0,0,0,0,0,0,0,0,0,0,
..\..\..\files\Weather\MIRA\daily\AN001_Agugliano.csv,1/11/2020 12:00:00 AM,15.789999,0.3499999,0,0,78.20401,27.340872,-83.75407,-6.634375,1.0856248,0,0,0,0,0,0,0,0,0,0,0,0,0,0,0,0,0,0,0,0,0,0,0,0,0,0,0,0,0,0,
..\..\..\files\Weather\MIRA\daily\AN001_Agugliano.csv,1/12/2020 12:00:00 AM,9.26,-0.090797335,0,0,82.52533,46.321075,-83.75407,-4.585042,0,0,0,0,0,0,0,0,0,0,0,0,0,0,0,0,0,0,0,0,0,0,0,0,0,0,0,0,0,0,0,
..\..\..\files\Weather\MIRA\daily\AN001_Agugliano.csv,1/13/2020 12:00:00 AM,10.92,-1.9799995,0,0,75.25604,30.482208,-83.72126,-4.65476,0.032806206,0,0,0,0,0,0,0,0,0,0,0,0,0,0,0,0,0,0,0,0,0,0,0,0,0,0,0,0,0,0,
..\..\..\files\Weather\MIRA\daily\AN001_Agugliano.csv,1/14/2020 12:00:00 AM,11.61,-1.2799997,0,0,76.89416,31.326822,-83.62071,-5.3291,0.1005469,0,0,0,0,0,0,0,0,0,0,0,0,0,0,0,0,0,0,0,0,0,0,0,0,0,0,0,0,0,0,
..\..\..\files\Weather\MIRA\daily\AN001_Agugliano.csv,1/15/2020 12:00:00 AM,13.39,0.8299999,0,0,81.476006,34.43408,-83.16322,-5.822512,0.45748815,0,0,0,0,0,0,0,0,0,0,0,0,0,0,0,0,0,0,0,0,0,0,0,0,0,0,0,0,0,0,
..\..\..\files\Weather\MIRA\daily\AN001_Agugliano.csv,1/16/2020 12:00:00 AM,12.45,0.4300003,0,0,80.93911,35.34073,-82.913536,-5.7603116,0.249688,0,0,0,0,0,0,0,0,0,0,0,0,0,0,0,0,0,0,0,0,0,0,0,0,0,0,0,0,0,0,
..\..\..\files\Weather\MIRA\daily\AN001_Agugliano.csv,1/17/2020 12:00:00 AM,11.32,1.4499998,0,0,83.879715,42.46891,-82.82527,-4.8467326,0.08826744,0,0,0,0,0,0,0,0,0,0,0,0,0,0,0,0,0,0,0,0,0,0,0,0,0,0,0,0,0,0,
..\..\..\files\Weather\MIRA\daily\AN001_Agugliano.csv,1/18/2020 12:00:00 AM,12.62,2.13,0.18333334,1,91.70193,41.583298,-82.498085,-4.9178123,0.32718778,0,0,0,0,0,0,0,0,0,0,0,0,0,0,0,0,0,0,0,0,0,0,0,0,0,0,0,0,0,0,
..\..\..\files\Weather\MIRA\daily\AN001_Agugliano.csv,1/19/2020 12:00:00 AM,10,4.653255,4.2166667,23,95.60284,72.22082,-82.498085,-2.6733727,0,0,0,0,0,0,0,0,0,0,0,0,0,0,0,0,0,0,0,0,0,0,0,0,0,0,0,0,0,0,0,
..\..\..\files\Weather\MIRA\daily\AN001_Agugliano.csv,1/20/2020 12:00:00 AM,9.16,2.758344,0,1,90.07118,62.614983,-82.498085,-3.2008278,0,0,0,0,0,0,0,0,0,0,0,0,0,0,0,0,0,0,0,0,0,0,0,0,0,0,0,0,0,0,0,
..\..\..\files\Weather\MIRA\daily\AN001_Agugliano.csv,1/21/2020 12:00:00 AM,10.85,1.3699999,0,0,83.72845,43.485355,-82.45998,-4.701894,0.038106572,0,0,0,0,0,0,0,0,0,0,0,0,0,0,0,0,0,0,0,0,0,0,0,0,0,0,0,0,0,0,
..\..\..\files\Weather\MIRA\daily\AN001_Agugliano.csv,1/22/2020 12:00:00 AM,8.65,0.5,0,0,81.112625,45.859753,-82.45998,-4.075,0,0,0,0,0,0,0,0,0,0,0,0,0,0,0,0,0,0,0,0,0,0,0,0,0,0,0,0,0,0,0,
..\..\..\files\Weather\MIRA\daily\AN001_Agugliano.csv,1/23/2020 12:00:00 AM,10.43,-0.75,0,0,78.337326,35.882984,-82.451706,-4.873426,0.008269243,0,0,0,0,0,0,0,0,0,0,0,0,0,0,0,0,0,0,0,0,0,0,0,0,0,0,0,0,0,0,
..\..\..\files\Weather\MIRA\daily\AN001_Agugliano.csv,1/24/2020 12:00:00 AM,11.69,-0.46000004,0.0625,1,78.932495,33.96536,-82.33417,-5.741243,0.11753493,0,0,0,0,0,0,0,0,0,0,0,0,0,0,0,0,0,0,0,0,0,0,0,0,0,0,0,0,0,0,
..\..\..\files\Weather\MIRA\daily\AN001_Agugliano.csv,1/25/2020 12:00:00 AM,11.78,2.1099997,1.4375,23,89.7218,44.01585,-82.17034,-4.671174,0.16382621,0,0,0,0,0,0,0,0,0,0,0,0,0,0,0,0,0,0,0,0,0,0,0,0,0,0,0,0,0,0,
..\..\..\files\Weather\MIRA\daily\AN001_Agugliano.csv,1/26/2020 12:00:00 AM,8.76,2.1569827,0,5,93.13696,72.398415,-82.17034,-3.3015087,0,0,0,0,0,0,0,0,0,0,0,0,0,0,0,0,0,0,0,0,0,0,0,0,0,0,0,0,0,0,0,
..\..\..\files\Weather\MIRA\daily\AN001_Agugliano.csv,1/27/2020 12:00:00 AM,7.21,1.29,0,0,82.30546,54.335285,-82.17034,-2.96,0,0,0,0,0,0,0,0,0,0,0,0,0,0,0,0,0,0,0,0,0,0,0,0,0,0,0,0,0,0,0,
..\..\..\files\Weather\MIRA\daily\AN001_Agugliano.csv,1/28/2020 12:00:00 AM,14.449999,4.0799994,0,1,100,44.291355,-81.215546,-4.2302027,0.95479715,0,0,0,0,0,0,0,0,0,0,0,0,0,0,0,0,0,0,0,0,0,0,0,0,0,0,0,0,0,0,
..\..\..\files\Weather\MIRA\daily\AN001_Agugliano.csv,1/29/2020 12:00:00 AM,16.32,5.7438025,0,10,100,74.63013,-79.32723,-3.3997831,1.8883156,0,0,0,0,0,0,0,0,0,0,0,0,0,0,0,0,0,0,0,0,0,0,0,0,0,0,0,0,0,0,
..\..\..\files\Weather\MIRA\daily\AN001_Agugliano.csv,1/30/2020 12:00:00 AM,16.49,3.8999996,0,0,86.35355,37.19667,-77.65447,-4.62224,1.67276,0,0,0,0,0,0,0,0,0,0,0,0,0,0,0,0,0,0,0,0,0,0,0,0,0,0,0,0,0,0,
..\..\..\files\Weather\MIRA\daily\AN001_Agugliano.csv,1/31/2020 12:00:00 AM,15.8,5.13,0,2,92.53397,44.360546,-76.07809,-3.7586174,1.5763825,0,0,0,0,0,0,0,0,0,0,0,0,0,0,0,0,0,0,0,0,0,0,0,0,0,0,0,0,0,0,
..\..\..\files\Weather\MIRA\daily\AN001_Agugliano.csv,2/1/2020 12:00:00 AM,17.31,8.156805,0,6,99.89483,60.036755,-73.1591,-1.6576111,2.918986,0,0,0,0,0,0,0,0,0,0,0,0,0,0,0,0,0,0,0,0,0,0,0,0,0,0,0,0,0,0,
..\..\..\files\Weather\MIRA\daily\AN001_Agugliano.csv,2/2/2020 12:00:00 AM,17.58,6.5399995,0,3,91.6084,44.253746,-70.556915,-2.9178083,2.6021917,0,0,0,0,0,0,0,0,0,0,0,0,0,0,0,0,0,0,0,0,0,0,0,0,0,0,0,0,0,0,
..\..\..\files\Weather\MIRA\daily\AN001_Agugliano.csv,2/3/2020 12:00:00 AM,17.82,7.1499996,0,3,92.810555,46.050625,-67.69129,-2.469377,2.865623,0,0,0,0,0,0,0,0,0,0,0,0,0,0,0,0,0,0,0,0,0,0,0,0,0,0,0,0,0,0,
..\..\..\files\Weather\MIRA\daily\AN001_Agugliano.csv,2/4/2020 12:00:00 AM,20.05,5.17,0.09166667,1,83.58535,31.471624,-64.29739,-4.0460987,3.3939009,0,0,0,0,0,0,0,0,0,0,0,0,0,0,0,0,0,0,0,0,0,0,0,0,0,0,0,0,0,0,
..\..\..\files\Weather\MIRA\daily\AN001_Agugliano.csv,2/5/2020 12:00:00 AM,19.51,5.9699993,2.1083333,24,90.15918,35.674797,-60.957657,-3.4302628,3.3397377,0,0,0,0,0,0,0,0,0,0,0,0,0,0,0,0,0,0,0,0,0,0,0,0,0,0,0,0,0,0,
..\..\..\files\Weather\MIRA\daily\AN001_Agugliano.csv,2/6/2020 12:00:00 AM,11.74,-0.83393365,0,6,95.60659,63.568966,-60.837265,-5.601079,0.12039188,0,0,0,0,0,0,0,0,0,0,0,0,0,0,0,0,0,0,0,0,0,0,0,0,0,0,0,0,0,0,
..\..\..\files\Weather\MIRA\daily\AN001_Agugliano.csv,2/7/2020 12:00:00 AM,10.45,-2.7699997,0,0,73.322975,28.901503,-60.829605,-4.13786,0.007658844,0,0,0,0,0,0,0,0,0,0,0,0,0,0,0,0,0,0,0,0,0,0,0,0,0,0,0,0,0,0,
..\..\..\files\Weather\MIRA\daily\AN001_Agugliano.csv,2/8/2020 12:00:00 AM,13.14,-2.3400002,0,0,73.698715,25.111717,-60.511143,-5.895323,0.31846258,0,0,0,0,0,0,0,0,0,0,0,0,0,0,0,0,0,0,0,0,0,0,0,0,0,0,0,0,0,0,
..\..\..\files\Weather\MIRA\daily\AN001_Agugliano.csv,2/9/2020 12:00:00 AM,12.05,-0.8500004,0,0,77.85187,31.795517,-60.348255,-5.790891,0.16288762,0,0,0,0,0,0,0,0,0,0,0,0,0,0,0,0,0,0,0,0,0,0,0,0,0,0,0,0,0,0,
..\..\..\files\Weather\MIRA\daily\AN001_Agugliano.csv,2/10/2020 12:00:00 AM,14.95,3.4700003,0,1,100,40.132195,-59.281075,-4.6728177,1.0671821,0,0,0,0,0,0,0,0,0,0,0,0,0,0,0,0,0,0,0,0,0,0,0,0,0,0,0,0,0,0,
..\..\..\files\Weather\MIRA\daily\AN001_Agugliano.csv,2/11/2020 12:00:00 AM,18.38,11.305756,0,12,100,76.9702,-54.438198,0,4.8428774,0,0,0,0,0,0,0,0,0,0,0,0,0,0,0,0,0,0,0,0,0,0,0,0,0,0,0,0,0,0,
..\..\..\files\Weather\MIRA\daily\AN001_Agugliano.csv,2/12/2020 12:00:00 AM,20.14,3.3188028,0,5,95.19559,48.875008,-51.381947,-5.354347,3.0562506,0,0,0,0,0,0,0,0,0,0,0,0,0,0,0,0,0,0,0,0,0,0,0,0,0,0,0,0,0,0,
..\..\..\files\Weather\MIRA\daily\AN001_Agugliano.csv,2/13/2020 12:00:00 AM,16.95,0.97999954,0.35,1,83.169266,26.62851,-49.86966,-6.4727116,1.5122888,0,0,0,0,0,0,0,0,0,0,0,0,0,0,0,0,0,0,0,0,0,0,0,0,0,0,0,0,0,0,
..\..\..\files\Weather\MIRA\daily\AN001_Agugliano.csv,2/14/2020 12:00:00 AM,18.02,3.3373532,8.05,23,92.628,45.57215,-47.679306,-5.150969,2.1903543,0,0,0,0,0,0,0,0,0,0,0,0,1,0,0,0,0,0,0,0,0,0,0,0,0,0,0,0,1,0,
..\..\..\files\Weather\MIRA\daily\AN001_Agugliano.csv,2/15/2020 12:00:00 AM,13.23,1.6400003,0,0,83.64426,37.863224,-47.229225,-5.344918,0.45008186,0,0,0,0,0,0,0,0,0,0,0,0,0,0,0,0,0,0,0,0,0,0,0,0,0,0,0,0,0,0,
..\..\..\files\Weather\MIRA\daily\AN001_Agugliano.csv,2/16/2020 12:00:00 AM,15.630001,0.6500001,0,0,79.126526,28.561249,-46.17125,-6.432026,1.0579743,0,0,0,0,0,0,0,0,0,0,0,0,0,0,0,0,0,0,0,0,0,0,0,0,0,0,0,0,0,0,
..\..\..\files\Weather\MIRA\daily\AN001_Agugliano.csv,2/17/2020 12:00:00 AM,16.53,1.4600005,0,0,81.07462,28.938606,-44.75649,-6.120239,1.4147614,0,0,0,0,0,0,0,0,0,0,0,0,0,0,0,0,0,0,0,0,0,0,0,0,0,0,0,0,0,0,
..\..\..\files\Weather\MIRA\daily\AN001_Agugliano.csv,2/18/2020 12:00:00 AM,17.57,6.24,0,2,93.377884,43.012245,-42.22759,-3.136099,2.5289009,0,0,0,0,0,0,0,0,0,0,0,0,0,0,0,0,0,0,0,0,0,0,0,0,0,0,0,0,0,0,
..\..\..\files\Weather\MIRA\daily\AN001_Agugliano.csv,2/19/2020 12:00:00 AM,16.08,5.6419835,0.079166666,7,100,62.654938,-40.45683,-3.4482503,1.7707578,0,0,0,0,0,0,0,0,0,0,0,0,0,0,0,0,0,0,0,0,0,0,0,0,0,0,0,0,0,0,
..\..\..\files\Weather\MIRA\daily\AN001_Agugliano.csv,2/20/2020 12:00:00 AM,13.58,1.7353117,1.8208333,23,90.296585,48.174137,-39.91581,-5.3813252,0.54101884,0,0,0,0,0,0,0,0,0,0,0,0,0,0,0,0,0,0,0,0,0,0,0,0,0,0,0,0,0,0,
..\..\..\files\Weather\MIRA\daily\AN001_Agugliano.csv,2/21/2020 12:00:00 AM,12.84,-0.17000008,0,0,79.24503,32.290707,-39.60583,-6.6460876,0.30997697,0,0,0,0,0,0,0,0,0,0,0,0,0,0,0,0,0,0,0,0,0,0,0,0,0,0,0,0,0,0,
..\..\..\files\Weather\MIRA\daily\AN001_Agugliano.csv,2/22/2020 12:00:00 AM,14.63,0.4499998,0,0,79.59478,30.198568,-38.849945,-6.334115,0.75588506,0,0,0,0,0,0,0,0,0,0,0,0,0,0,0,0,0,0,0,0,0,0,0,0,0,0,0,0,0,0,
..\..\..\files\Weather\MIRA\daily\AN001_Agugliano.csv,2/23/2020 12:00:00 AM,14.9,1.6700001,0,0,82.4388,33.55974,-37.94254,-5.7075925,0.9074073,0,0,0,0,0,0,0,0,0,0,0,0,0,0,0,0,0,0,0,0,0,0,0,0,0,0,0,0,0,0,
..\..\..\files\Weather\MIRA\daily\AN001_Agugliano.csv,2/24/2020 12:00:00 AM,17.82,4.99,0,0,87.204704,37.269203,-35.55936,-4.0318203,2.38318,0,0,0,0,0,0,0,0,0,0,0,0,0,0,0,0,0,0,0,0,0,0,0,0,0,0,0,0,0,0,
..\..\..\files\Weather\MIRA\daily\AN001_Agugliano.csv,2/25/2020 12:00:00 AM,18.37,5.2299995,0,1,93.13391,36.48208,-32.893574,-3.9042127,2.665788,0,0,0,0,0,0,0,0,0,0,0,0,0,0,0,0,0,0,0,0,0,0,0,0,0,0,0,0,0,0,
..\..\..\files\Weather\MIRA\daily\AN001_Agugliano.csv,2/26/2020 12:00:00 AM,17.39,5.7745132,0.2,7,100,60.95953,-30.542744,-3.456912,2.350831,0,0,0,0,0,0,0,0,0,0,0,0,0,0,0,0,0,0,0,0,0,0,0,0,0,0,0,0,0,0,
..\..\..\files\Weather\MIRA\daily\AN001_Agugliano.csv,2/27/2020 12:00:00 AM,16.35,3.9600005,4.6708336,24,90.130554,37.83565,-28.915524,-4.5677805,1.6272198,0,0,0,0,0,0,0,0,0,0,0,0,0,0,0,0,0,0,0,0,0,0,0,0,0,0,0,0,0,0,
..\..\..\files\Weather\MIRA\daily\AN001_Agugliano.csv,2/28/2020 12:00:00 AM,13.71,1.3242764,1.6291666,23,96.68392,60.54753,-28.35988,-5.6372185,0.5556438,0,0,0,0,0,0,0,0,0,0,0,0,1,0,0,0,0,0,0,0,0,0,0,0,0,0,0,0,1,0,
..\..\..\files\Weather\MIRA\daily\AN001_Agugliano.csv,2/29/2020 12:00:00 AM,13.88,-0.8299999,0,0,81.19209,27.932507,-27.848175,-7.0601225,0.51170635,0,0,0,0,0,0,0,0,0,0,0,0,0,0,0,0,0,0,0,0,0,0,0,0,0,0,0,0,0,0,
..\..\..\files\Weather\MIRA\daily\AN001_Agugliano.csv,3/1/2020 12:00:00 AM,16.1,5.3199997,0.045833334,2,97.073105,44.15943,-26.122293,-3.664119,1.7258813,0,0,0,0,0,0,0,0,0,0,0,0,0,0,0,0,0,0,0,0,0,0,0,0,0,0,0,0,0,0,
..\..\..\files\Weather\MIRA\daily\AN001_Agugliano.csv,3/2/2020 12:00:00 AM,14.27,8.950001,1.0541667,24,100,71.96472,-24.408674,-0.94638085,1.713619,0,0,0,0,0,0,0,0,0,0,0,0,0,0,0,0,0,0,0,0,0,0,0,0,0,0,0,0,0,0,
..\..\..\files\Weather\MIRA\daily\AN001_Agugliano.csv,3/3/2020 12:00:00 AM,16.95,5.73228,0,8,100,68.71931,-22.255718,-3.4559054,2.1529555,0,0,0,0,0,0,0,0,0,0,0,0,0,0,0,0,0,0,0,0,0,0,0,0,0,0,0,0,0,0,
..\..\..\files\Weather\MIRA\daily\AN001_Agugliano.csv,3/4/2020 12:00:00 AM,14.08,3.2782555,0.0625,1,89.9723,46.532276,-21.485176,-4.63033,0.77054214,0,0,0,0,0,0,0,0,0,0,0,0,0,0,0,0,0,0,0,0,0,0,0,0,0,0,0,0,0,0,
..\..\..\files\Weather\MIRA\daily\AN001_Agugliano.csv,3/5/2020 12:00:00 AM,10.67,2.0100002,1.575,24,93.70461,46.98931,-21.459257,-4.304082,0.02591802,0,0,0,0,0,0,0,0,0,0,0,0,0,0,0,0,0,0,0,0,0,0,0,0,0,0,0,0,0,0,
..\..\..\files\Weather\MIRA\daily\AN001_Agugliano.csv,3/6/2020 12:00:00 AM,13.98,5.752782,3.4916668,24,99.581696,66.2953,-20.496574,-3.1509259,0.9626824,0,0,0,0,0,0,0,0,0,0,0,0,0,0,0,0,0,0,0,0,0,0,0,0,0,0,0,0,0,0,
..\..\..\files\Weather\MIRA\daily\AN001_Agugliano.csv,3/7/2020 12:00:00 AM,14.22,4.3,7.5708337,23,89.85669,46.0528,-19.598974,-4.062399,0.89760095,0,0,0,0,0,0,0,0,0,0,0,0,1,0,0,0,0,0,0,0,0,0,0,0,0,0,0,0,1,0,
..\..\..\files\Weather\MIRA\daily\AN001_Agugliano.csv,3/8/2020 12:00:00 AM,11.37,2.40472,0,5,94.403786,63.184452,-19.494299,-4.377964,0.10467603,0,0,0,0,0,0,0,0,0,0,0,0,0,0,0,0,0,0,0,0,0,0,0,0,0,0,0,0,0,0,
..\..\..\files\Weather\MIRA\daily\AN001_Agugliano.csv,3/9/2020 12:00:00 AM,12.69,0.64000034,0,0,84.23554,35.50849,-19.194046,-5.7247467,0.30025303,0,0,0,0,0,0,0,0,0,0,0,0,0,0,0,0,0,0,0,0,0,0,0,0,0,0,0,0,0,0,
..\..\..\files\Weather\MIRA\daily\AN001_Agugliano.csv,3/10/2020 12:00:00 AM,13.91,5.0699997,0,3,92.14279,50.847263,-18.329334,-3.5552888,0.8647114,0,0,0,0,0,0,0,0,0,0,0,0,0,0,0,0,0,0,0,0,0,0,0,0,0,0,0,0,0,0,
..\..\..\files\Weather\MIRA\daily\AN001_Agugliano.csv,3/11/2020 12:00:00 AM,13.87,3.8100004,0,0,88.849525,45.0059,-17.584955,-4.285621,0.74437875,0,0,0,0,0,0,0,0,0,0,0,0,0,0,0,0,0,0,0,0,0,0,0,0,0,0,0,0,0,0,
..\..\..\files\Weather\MIRA\daily\AN001_Agugliano.csv,3/12/2020 12:00:00 AM,18.61,4.7999997,0,0,85.38541,34.268654,-14.900954,-4.2209997,2.6840007,0,0,0,0,0,0,0,0,0,0,0,0,0,0,0,0,0,0,0,0,0,0,0,0,0,0,0,0,0,0,
..\..\..\files\Weather\MIRA\daily\AN001_Agugliano.csv,3/13/2020 12:00:00 AM,18.02,5.8199997,0,0,89.0133,39.796467,-12.264873,-3.4639184,2.636082,0,0,0,0,0,0,0,0,0,0,0,0,0,0,0,0,0,0,0,0,0,0,0,0,0,0,0,0,0,0,
..\..\..\files\Weather\MIRA\daily\AN001_Agugliano.csv,3/14/2020 12:00:00 AM,19.82,8.68,0,4,93.003,45.19579,-7.936668,-1.2417951,4.3282046,0,0,0,0,0,0,0,0,0,0,0,0,0,0,0,0,0,0,0,0,0,0,0,0,0,0,0,0,0,0,
..\..\..\files\Weather\MIRA\daily\AN001_Agugliano.csv,3/15/2020 12:00:00 AM,15.93,1.9448532,0,6,97.53196,57.30784,-6.679445,-5.73535,1.2572231,0,0,0,0,0,0,0,0,0,0,0,0,0,0,0,0,0,0,0,0,0,0,0,0,0,0,0,0,0,0,
..\..\..\files\Weather\MIRA\daily\AN001_Agugliano.csv,3/16/2020 12:00:00 AM,13.28,1.7402613E-10,0,0,79.43883,31.843138,-6.2743845,-6.2349396,0.40506017,0,0,0,0,0,0,0,0,0,0,0,0,0,0,0,0,0,0,0,0,0,0,0,0,0,0,0,0,0,0,
..\..\..\files\Weather\MIRA\daily\AN001_Agugliano.csv,3/17/2020 12:00:00 AM,14.140001,1.9000001,0,0,83.685425,36.375675,-5.574237,-5.419853,0.7001474,0,0,0,0,0,0,0,0,0,0,0,0,0,0,0,0,0,0,0,0,0,0,0,0,0,0,0,0,0,0,
..\..\..\files\Weather\MIRA\daily\AN001_Agugliano.csv,3/18/2020 12:00:00 AM,15.76,2.17,0,0,82.81912,33.064472,-4.3535748,-5.574338,1.2206622,0,0,0,0,0,0,0,0,0,0,0,0,0,0,0,0,0,0,0,0,0,0,0,0,0,0,0,0,0,0,
..\..\..\files\Weather\MIRA\daily\AN001_Agugliano.csv,3/19/2020 12:00:00 AM,16.1,3.9799995,0,0,87.05945,38.66123,-2.8185086,-4.5249343,1.535066,0,0,0,0,0,0,0,0,0,0,0,0,0,0,0,0,0,0,0,0,0,0,0,0,0,0,0,0,0,0,
..\..\..\files\Weather\MIRA\daily\AN001_Agugliano.csv,3/20/2020 12:00:00 AM,18.68,3.5900002,0,0,82.21167,30.176697,-0.3220737,-5.048565,2.496435,0,0,0,0,0,0,0,0,0,0,0,0,0,0,0,0,0,0,0,0,0,0,0,0,0,0,0,0,0,0,
..\..\..\files\Weather\MIRA\daily\AN001_Agugliano.csv,3/21/2020 12:00:00 AM,18.59,6.6199994,0,1,90.0854,41.067127,0,-2.9027908,3.0822093,5.047126,5.047126,0.18693058,10.233664,10,1.8595248,0,0,0,0,0,0,0,0,0,0,0,0,0,0,0,0,0,0,0,0,0,0,0,0,
..\..\..\files\Weather\MIRA\daily\AN001_Agugliano.csv,3/22/2020 12:00:00 AM,18.33,5.7415695,0,5,95.46881,50.295204,0,-3.5381567,2.7560585,4.1219754,9.169102,0.33959636,10.424496,10,2.0183926,0,0,0,0,0,0,0,0,0,0,0,0,0,0,0,0,0,0,0,0,0,0,0,0,
..\..\..\files\Weather\MIRA\daily\AN001_Agugliano.csv,3/23/2020 12:00:00 AM,14.26,4.2800007,0,0,89.77026,45.825195,0,-4.080801,0.9091985,0,9.169102,0.33959636,10.424496,10,2.0183926,0,0,0,0,0,0,0,0,0,0,0,0,0,0,0,0,0,0,0,0,0,0,0,0,
..\..\..\files\Weather\MIRA\daily\AN001_Agugliano.csv,3/24/2020 12:00:00 AM,6.45,2.814128,0.083333336,1,88.99226,75.67898,0,-1.817936,0,0,9.169102,0.33959636,10.424496,10,2.0183926,0,0,0,0,0,0,0,0,0,0,0,0,0,0,0,0,0,0,0,0,0,0,0,0,
..\..\..\files\Weather\MIRA\daily\AN001_Agugliano.csv,3/25/2020 12:00:00 AM,6.51,2.1800003,2.3208334,24,84.72274,62.02538,0,-2.165,0,0,9.169102,0.33959636,10.424496,10,2.0183926,0,0,0,0,0,0,0,0,0,0,0,0,0,0,0,0,0,0,0,0,0,0,0,0,
..\..\..\files\Weather\MIRA\daily\AN001_Agugliano.csv,3/26/2020 12:00:00 AM,7.12,3.5,10.470834,24,93.43631,68.37382,0,-1.81,0,0,9.169102,0.33959636,10.424496,10,2.0183926,0,0,0,0,0,0,0,0,0,0,0,0,0,0,0,0,0,0,0,0,0,0,0,0,
..\..\..\files\Weather\MIRA\daily\AN001_Agugliano.csv,3/27/2020 12:00:00 AM,9.64,6.29,27.520836,24,98.51593,76.942024,0,-1.6750002,0,0,9.169102,0.33959636,10.424496,10,2.0183926,0,0,0,0,0,0,0,0,0,0,0,0,0,0,0,0,0,0,0,0,0,0,0,0,
..\..\..\files\Weather\MIRA\daily\AN001_Agugliano.csv,3/28/2020 12:00:00 AM,10.34,5.224631,11.404166,23,100,77.926674,0,-2.546385,0.011299292,0,9.169102,0.33959636,10.424496,10,2.0183926,0,0,0,0,0,0,1,0,0,0,0,0,0,0,0,0,0,0,0,0,0,0,1,0,
..\..\..\files\Weather\MIRA\daily\AN001_Agugliano.csv,3/29/2020 12:00:00 AM,14.809999,3.5799994,0,0,87.44183,41.009296,0,-4.584898,1.0301023,0,9.169102,0.33959636,10.424496,10,2.0183926,0,0,0,0,0,0,0,0,0,0,0,0,0,0,0,0,0,0,0,0,0,0,0,0,
..\..\..\files\Weather\MIRA\daily\AN001_Agugliano.csv,3/30/2020 12:00:00 AM,17.42,3.5,0.054166663,1,84.02073,33.171577,0,-4.9823995,1.9776006,1.1159501,10.285051,0.38092783,10.47616,10,2.0614033,0,0,0,0,0,0,0,0,0,0,0,0,0,0,0,0,0,0,0,0,0,0,0,0,
..\..\..\files\Weather\MIRA\daily\AN001_Agugliano.csv,3/31/2020 12:00:00 AM,16.28,5.116598,1.2458333,23,92.73389,47.651043,0,-3.8152862,1.7664152,1.6245973,11.909649,0.44109812,10.551373,10,2.1240175,0,0,0,0,0,0,0,0,0,0,0,0,0,0,0,0,0,0,0,0,0,0,0,0,
..\..\..\files\Weather\MIRA\daily\AN001_Agugliano.csv,4/1/2020 12:00:00 AM,9.06,1.0047051,0,3,91.521355,66.62136,0,-4.027648,0,0,11.909649,0.44109812,10.551373,10,2.1240175,0,0,0,0,0,0,0,0,0,0,0,0,0,0,0,0,0,0,0,0,0,0,0,0,
..\..\..\files\Weather\MIRA\daily\AN001_Agugliano.csv,4/2/2020 12:00:00 AM,9.25,-0.40999985,0,0,79.014114,40.156815,0,-4.428701,0,0,11.909649,0.44109812,10.551373,10,2.1240175,0,0,0,0,0,0,0,0,0,0,0,0,0,0,0,0,0,0,0,0,0,0,0,0,
..\..\..\files\Weather\MIRA\daily\AN001_Agugliano.csv,4/3/2020 12:00:00 AM,11.22,-1.2699995,0,0,76.98932,32.209694,0,-5.0991516,0.059583697,0,11.909649,0.44109812,10.551373,10,2.1240175,0,0,0,0,0,0,0,0,0,0,0,0,0,0,0,0,0,0,0,0,0,0,0,0,
..\..\..\files\Weather\MIRA\daily\AN001_Agugliano.csv,4/4/2020 12:00:00 AM,13.49,1.3299999,0,0,82.68924,35.992268,0,-5.5791736,0.5008264,0,11.909649,0.44109812,10.551373,10,2.1240175,0,0,0,0,0,0,0,0,0,0,0,0,0,0,0,0,0,0,0,0,0,0,0,0,
..\..\..\files\Weather\MIRA\daily\AN001_Agugliano.csv,4/5/2020 12:00:00 AM,16.21,4.2000003,0,0,87.49072,39.18177,0,-4.3995004,1.6054993,0.53472495,12.444374,0.46090275,10.576128,10,2.1446266,0,0,0,0,0,0,0,0,0,0,0,0,0,0,0,0,0,0,0,0,0,0,0,0,
..\..\..\files\Weather\MIRA\daily\AN001_Agugliano.csv,4/6/2020 12:00:00 AM,16.33,5.2199993,0,0,89.988914,42.947918,0,-3.7517197,1.8032806,1.7829993,14.227373,0.52693975,10.658674,10,2.2133462,0,0,0,0,0,0,0,0,0,0,0,0,0,0,0,0,0,0,0,0,0,0,0,0,
..\..\..\files\Weather\MIRA\daily\AN001_Agugliano.csv,4/7/2020 12:00:00 AM,17.69,4.1900005,0,0,85.36382,34.780907,0,-4.5597734,2.1902263,2.1162226,16.343596,0.60531837,10.756648,10,2.2949095,0,0,0,0,0,0,0,0,0,0,0,0,0,0,0,0,0,0,0,0,0,0,0,0,
..\..\..\files\Weather\MIRA\daily\AN001_Agugliano.csv,4/8/2020 12:00:00 AM,18.12,3.9500003,0,0,84.063835,32.779545,0,-4.7584515,2.3265493,2.3037715,18.647367,0.69064325,10.863304,10,2.3837006,0,0,0,0,0,0,0,0,0,0,0,0,0,0,0,0,0,0,0,0,0,0,0,0,
..\..\..\files\Weather\MIRA\daily\AN001_Agugliano.csv,4/9/2020 12:00:00 AM,18.48,2.0900002,0,0,78.82032,26.338715,0,-6.001272,2.1937277,0.7224551,19.369823,0.71740085,10.896751,10,2.4115455,0,0,0,0,0,0,0,0,0,0,0,0,0,0,0,0,0,0,0,0,0,0,0,0,
..\..\..\files\Weather\MIRA\daily\AN001_Agugliano.csv,4/10/2020 12:00:00 AM,19.81,2.8899994,0,0,78.42066,25.533094,0,-5.616144,2.843856,2.905425,22.27525,0.8250092,11.015631,11,2.5105126,0,0,0,0,0,0,0,0,0,0,0,0,0,0,0,0,0,0,0,0,0,0,0,0,
..\..\..\files\Weather\MIRA\daily\AN001_Agugliano.csv,4/11/2020 12:00:00 AM,21.41,4.880001,0,0,79.96402,27.135246,0,-4.3270655,3.9379342,5.8608904,28.136139,1.0420792,11.151299,11,2.6234567,0,0,0,0,0,0,0,0,0,0,0,0,0,0,0,0,0,0,0,0,0,0,0,0,
..\..\..\files\Weather\MIRA\daily\AN001_Agugliano.csv,4/12/2020 12:00:00 AM,23.83,5.84,0,0,76.38631,23.924109,0,-3.6790218,5.315978,8.043026,36.179165,1.339969,11.337481,11,2.7784524,0,0,0,0,0,0,0,0,0,0,0,0,0,0,0,0,0,0,0,0,0,0,0,0,
..\..\..\files\Weather\MIRA\daily\AN001_Agugliano.csv,4/13/2020 12:00:00 AM,24.44,9.63,0,0,83.75361,32.74626,0,-0.3653779,7.039622,10.129495,46.30866,1.7151356,12.047973,12,3.436659,0,0,0,0,0,0,0,0,0,0,0,0,0,0,0,0,0,0,0,0,0,0,0,0,
..\..\..\files\Weather\MIRA\daily\AN001_Agugliano.csv,4/14/2020 12:00:00 AM,24.05,4.9914947,0,1,90.3036,41.870842,0,-4.3503976,5.1788554,7.677045,53.985703,1.9994704,12.166446,12,3.7000642,0,0,0,0,0,0,0,0,0,0,0,0,0,0,0,0,0,0,0,0,0,0,0,0,
..\..\..\files\Weather\MIRA\daily\AN001_Agugliano.csv,4/15/2020 12:00:00 AM,14.85,2.922383,0,0,86.67612,39.751873,0,-4.977756,0.98605204,0,53.985703,1.9994704,12.166446,12,3.7000642,0,0,0,0,0,0,0,0,0,0,0,0,0,0,0,0,0,0,0,0,0,0,0,0,
..\..\..\files\Weather\MIRA\daily\AN001_Agugliano.csv,4/16/2020 12:00:00 AM,14.01,1.0200005,0,0,81.537315,33.554688,0,-5.8760586,0.61894155,0,53.985703,1.9994704,12.166446,12,3.7000642,0,0,0,0,0,0,0,0,0,0,0,0,0,0,0,0,0,0,0,0,0,0,0,0,
..\..\..\files\Weather\MIRA\daily\AN001_Agugliano.csv,4/17/2020 12:00:00 AM,18.9,4.5399995,0,0,84.21022,32.59204,0,-4.421992,2.758008,3.5765498,57.562252,2.1319351,12.22164,12,3.8227787,0,0,0,0,0,0,0,0,0,0,0,0,0,0,0,0,0,0,0,0,0,0,0,0,
..\..\..\files\Weather\MIRA\daily\AN001_Agugliano.csv,4/18/2020 12:00:00 AM,20.71,8.02,0,0,89.361885,39.30236,0,-1.8255315,4.519468,7.4891014,65.05135,2.4093094,13.002909,13,5.5598,0,0,0,0,0,0,0,0,0,0,0,0,0,0,0,0,0,0,0,0,0,0,0,0,
..\..\..\files\Weather\MIRA\daily\AN001_Agugliano.csv,4/19/2020 12:00:00 AM,22.48,9.55,0.074999996,1,89.9743,38.92342,0,-0.4421692,6.02283,9.26351,74.314865,2.7524023,13.110126,13,5.798179,0,0,0,0,0,0,0,0,0,0,0,0,0,0,0,0,0,0,0,0,0,0,0,0,
..\..\..\files\Weather\MIRA\daily\AN001_Agugliano.csv,4/20/2020 12:00:00 AM,23.3,11.854379,2.6458333,24,100,55.13006,0,0,7.5771885,10.520647,84.83551,3.142056,13.231893,13,6.0689077,0,0,0,0,0,0,0,1,0,0,0,0,0,0,0,0,0,0,0,0,0,0,0,1,
..\..\..\files\Weather\MIRA\daily\AN001_Agugliano.csv,4/21/2020 12:00:00 AM,15.61,11.062353,21.670834,24,100,80.349525,0,0,3.336176,6.134861,90.97037,3.369273,14.042318,14,7.8707547,1,0,0,0,0,1,1,1,0,0,0,0,0,0,0,0,1,0,0,0,0,1,1,2,
..\..\..\files\Weather\MIRA\daily\AN001_Agugliano.csv,4/22/2020 12:00:00 AM,12.300001,8.133063,11.345834,24,100,88.807526,0,-1.4487091,0.6347593,0.5621704,91.53254,3.3900938,14.0475235,14,7.882327,1,0,0,0,0,1,1,0,0,0,0,0,0,0,0,0,2,0,0,0,0,2,2,2,
..\..\..\files\Weather\MIRA\daily\AN001_Agugliano.csv,4/23/2020 12:00:00 AM,14.97,6.9314213,0.86249995,23,96.214226,56.497944,0,-2.4828916,1.5363973,2.1375172,93.67006,3.4692616,14.067315,14,7.9263306,1,0,0,0,0,0,1,0,0,0,0,0,0,0,0,0,3,0,0,0,0,2,3,2,
..\..\..\files\Weather\MIRA\daily\AN001_Agugliano.csv,4/24/2020 12:00:00 AM,18.13,5.01,0,0,86.745766,36.407932,0,-4.0410633,2.5189364,3.308821,96.97888,3.5918105,14.097953,14,7.994448,0,0,0,0,0,0,0,0,0,0,0,0,0,0,0,0,3,0,0,0,0,2,3,2,
..\..\..\files\Weather\MIRA\daily\AN001_Agugliano.csv,4/25/2020 12:00:00 AM,21.63,9.390001,0,1,90.67744,41.352097,0,-0.59479856,5.5252004,8.77046,105.749344,3.9166424,14.179161,14,8.175001,0,0,0,0,0,0,0,0,0,0,0,0,0,0,0,0,3,0,0,0,0,2,3,2,
..\..\..\files\Weather\MIRA\daily\AN001_Agugliano.csv,4/26/2020 12:00:00 AM,24.37,9.99,0,0,84.82706,34.11911,0,-0.009996891,7.1800036,10.238752,115.9881,4.2958555,26.001478,26,24.475628,0,0,0,0,0,0,0,0,0,0,0,0,0,0,0,0,3,0,0,0,0,2,3,2,
..\..\..\files\Weather\MIRA\daily\AN001_Agugliano.csv,4/27/2020 12:00:00 AM,20.87,9.18,0,3,91.96013,43.321247,0,-0.79123974,5.0537605,8.255815,124.24391,4.6016264,37.004925,37,38.95385,0,0,0,0,0,0,0,0,0,0,0,0,0,0,0,0,3,0,0,0,0,2,3,2,
..\..\..\files\Weather\MIRA\daily\AN001_Agugliano.csv,4/28/2020 12:00:00 AM,23.18,11,0.36666667,2,90.68601,41.913757,0,0,7.09,10.171339,134.41525,4.9783425,52.00093,52,58.685436,0,0,0,0,0,0,0,0,0,0,0,0,0,0,0,0,3,0,0,0,0,2,3,2,
..\..\..\files\Weather\MIRA\daily\AN001_Agugliano.csv,4/29/2020 12:00:00 AM,22.07,12.739999,8.508333,24,98.14839,54.426956,0,0,7.404999,10.401557,144.8168,5.3635855,53.05454,53,60.272694,0,0,0,0,0,0,1,1,0,0,0,0,0,0,0,0,3,0,0,0,0,2,4,3,
..\..\..\files\Weather\MIRA\daily\AN001_Agugliano.csv,4/30/2020 12:00:00 AM,22.23,11.52,1.7249999,24,96.94333,47.93017,0,0,6.875,10.004969,154.82178,5.73414,53.110123,53,60.550613,0,0,0,0,0,0,1,1,0,0,0,0,0,0,0,0,3,0,0,0,0,2,5,4,
..\..\..\files\Weather\MIRA\daily\AN001_Agugliano.csv,5/1/2020 12:00:00 AM,22.52,15.34,0,9,100,66.21956,0,0,8.93,11.292641,166.11441,6.1523857,53.17286,53,60.864296,0,0,0,0,0,0,0,0,0,0,0,0,0,0,0,0,3,0,0,0,0,2,5,4,
..\..\..\files\Weather\MIRA\daily\AN001_Agugliano.csv,5/2/2020 12:00:00 AM,22.74,14.962604,0,9,100,68.393845,0,0,8.851301,11.255598,177.37001,6.5692596,53.23539,53,61.17695,0,0,0,0,0,0,0,0,0,0,0,0,0,0,0,0,3,0,0,0,0,2,5,4,
..\..\..\files\Weather\MIRA\daily\AN001_Agugliano.csv,5/3/2020 12:00:00 AM,22.029999,7.846273,0.037499998,7,100,59.902126,0,-1.990211,5.101652,8.159319,185.52933,6.8714566,54.024574,54,65.12287,0,0,0,0,0,0,0,0,0,0,0,0,0,0,0,0,3,0,0,0,0,2,5,4,
..\..\..\files\Weather\MIRA\daily\AN001_Agugliano.csv,5/4/2020 12:00:00 AM,18.84,5.9599996,0.86249995,23,87.9297,37.706158,0,-3.4063978,3.0336022,4.7221875,190.25151,7.0463524,54.045563,54,65.22781,0,0,0,0,0,0,0,0,0,0,0,0,0,0,0,0,3,0,0,0,0,2,5,4,
..\..\..\files\Weather\MIRA\daily\AN001_Agugliano.csv,5/5/2020 12:00:00 AM,22.54,9.94,0,0,89.75145,40.178078,0,-0.05985737,6.240143,9.469345,199.72086,7.397069,54.087646,54,65.43823,0,0,0,0,0,0,0,0,0,0,0,0,0,0,0,0,3,0,0,0,0,2,5,4,
..\..\..\files\Weather\MIRA\daily\AN001_Agugliano.csv,5/6/2020 12:00:00 AM,25.810001,7.709956,0,3,93.8195,49.629448,0,-2.145174,6.904849,9.9128685,209.63373,7.764212,54.131706,54,65.65853,0,0,0,0,0,0,0,0,0,0,0,0,0,0,0,0,3,0,0,0,0,2,5,4,
..\..\..\files\Weather\MIRA\daily\AN001_Agugliano.csv,5/7/2020 12:00:00 AM,18.9,5.7899995,0,0,87.38413,36.895336,0,-3.534024,3.0209758,4.6334543,214.26718,7.935821,54.152298,54,65.76149,0,0,0,0,0,0,0,0,0,0,0,0,0,0,0,0,3,0,0,0,0,2,5,4,
..\..\..\files\Weather\MIRA\daily\AN001_Agugliano.csv,5/8/2020 12:00:00 AM,20.62,6,0,0,84.46554,32.522713,0,-3.4528046,3.8571959,6.0977745,220.36496,8.161666,54.1794,54,65.897,0,0,0,0,0,0,0,0,0,0,0,0,0,0,0,0,3,0,0,0,0,2,5,4,
..\..\..\files\Weather\MIRA\daily\AN001_Agugliano.csv,5/9/2020 12:00:00 AM,25.39,11.010001,0,0,84.264084,34.13623,0,0,8.200001,10.9119,231.27686,8.565809,55.023247,55,70.116234,0,0,0,0,0,0,0,0,0,0,0,0,0,0,0,0,3,0,0,0,0,2,5,4,
..\..\..\files\Weather\MIRA\daily\AN001_Agugliano.csv,5/10/2020 12:00:00 AM,25.72,12.51,0,0,87.55035,38.093666,0,0,9.115,11.375934,242.65279,8.98714,55.06538,55,70.326904,0,0,0,0,0,0,0,0,0,0,0,0,0,0,0,0,3,0,0,0,0,2,5,4,
..\..\..\files\Weather\MIRA\daily\AN001_Agugliano.csv,5/11/2020 12:00:00 AM,25.24,15.54,0,6,95.84835,52.650463,0,0,10.389999,11.806879,254.45967,9.424433,55.10911,55,70.54556,0,0,0,0,0,0,0,0,0,0,0,0,0,0,0,0,3,0,0,0,0,2,5,4,
..\..\..\files\Weather\MIRA\daily\AN001_Agugliano.csv,5/12/2020 12:00:00 AM,24.81,13.624514,0,6,98.200356,56.705433,0,0,9.217257,11.419699,265.87936,9.8473835,55.151405,55,70.75703,0,0,0,0,0,0,0,0,0,0,0,0,0,0,1,0,3,0,0,0,0,2,5,4,
..\..\..\files\Weather\MIRA\daily\AN001_Agugliano.csv,5/13/2020 12:00:00 AM,24.2,11.810001,0,1,90.37648,41.177174,0,0,8.005001,10.796022,276.67538,10.247236,56.02119,56,75.10596,0,0,0,0,0,0,0,0,0,0,0,0,0,0,0,0,3,0,0,0,0,2,5,4,
..\..\..\files\Weather\MIRA\daily\AN001_Agugliano.csv,5/14/2020 12:00:00 AM,24.62,15.690001,0,6,98.22771,56.530952,0,0,10.155001,11.746103,288.42148,10.682277,56.05848,56,75.2924,0,0,0,0,0,0,0,0,0,0,0,0,0,0,0,0,3,0,0,0,0,2,5,4,
..\..\..\files\Weather\MIRA\daily\AN001_Agugliano.csv,5/15/2020 12:00:00 AM,24.53,14.45,0,5,95.380196,50.956898,0,0,9.49,11.528539,299.95,11.10926,56.095078,56,75.47539,0,0,0,0,0,0,0,0,0,0,0,0,0,0,0,0,3,0,0,0,0,2,5,4,
..\..\..\files\Weather\MIRA\daily\AN001_Agugliano.csv,5/16/2020 12:00:00 AM,25.29,13.91,0.06666667,4,100,45.178146,0,0,9.6,11.569197,311.5192,11.537747,56.131805,56,75.65903,0,0,0,0,0,0,0,0,0,0,0,0,0,0,0,0,3,0,0,0,0,2,5,4,
..\..\..\files\Weather\MIRA\daily\AN001_Agugliano.csv,5/17/2020 12:00:00 AM,21.36,14.671776,1.5333334,23,100,74.78096,0,0,8.015888,10.802651,322.32184,11.937845,57.02034,57,80.1017,0,0,0,0,0,0,0,1,0,0,0,0,0,0,0,0,3,0,0,0,0,2,5,5,
..\..\..\files\Weather\MIRA\daily\AN001_Agugliano.csv,5/18/2020 12:00:00 AM,22.9,13.26,0,6,98.094,53.02638,0,0,8.08,10.841302,333.16315,12.3393755,57.050453,57,80.252266,0,0,0,0,0,0,0,0,0,0,0,0,0,0,0,1,3,0,0,0,0,2,5,5,
..\..\..\files\Weather\MIRA\daily\AN001_Agugliano.csv,5/19/2020 12:00:00 AM,22.06,15.2,0.78749996,9,100,68.09209,0,0,8.629999,11.146261,344.30942,12.752201,57.081413,57,80.40707,0,0,0,0,0,0,0,0,1,0,0,0,0,0,1,1,3,0,0,0,0,2,5,5,
..\..\..\files\Weather\MIRA\daily\AN001_Agugliano.csv,5/20/2020 12:00:00 AM,24.64,14.080001,18.324999,24,100,48.765663,0,0,9.360001,11.47809,355.7875,13.177315,57.1133,57,80.5665,1,0,1,0,0,0,1,1,0,0,0,0,0,0,0,0,4,0,1,0,0,2,6,6,
..\..\..\files\Weather\MIRA\daily\AN001_Agugliano.csv,5/21/2020 12:00:00 AM,20.650002,11.731288,4.8875,23,100,75.99355,0,0,6.190645,9.424919,365.21243,13.526386,58.01287,58,85.064354,1,0,1,0,0,0,1,1,0,0,0,0,0,0,0,0,5,0,2,0,0,2,7,7,
..\..\..\files\Weather\MIRA\daily\AN001_Agugliano.csv,5/22/2020 12:00:00 AM,21.88,9.99,0,3,91.579025,42.82046,0,-0.009995937,5.9350038,9.18828,374.40073,13.866694,58.035557,58,85.17778,0,0,0,0,0,0,0,0,0,0,0,0,0,0,0,0,5,0,2,0,0,2,7,7,
..\..\..\files\Weather\MIRA\daily\AN001_Agugliano.csv,5/23/2020 12:00:00 AM,26.03,14.76,0.1375,4,91.31754,45.52342,0,0,10.395,11.808083,386.2088,14.304029,58.064713,58,85.32356,0,0,0,0,0,0,0,0,0,0,0,0,0,0,1,1,5,0,2,0,0,2,7,7,
..\..\..\files\Weather\MIRA\daily\AN001_Agugliano.csv,5/24/2020 12:00:00 AM,29.6,12.030119,3.1625001,23,82.67172,37.21488,0,0,10.81506,11.895599,398.1044,14.744608,58.094086,58,85.47043,0,0,0,0,0,0,0,1,0,0,0,0,0,0,0,0,5,0,2,0,0,2,7,8,
..\..\..\files\Weather\MIRA\daily\AN001_Agugliano.csv,5/25/2020 12:00:00 AM,22.58,10.22,0,1,90.35044,41.111195,0,0,6.3999996,9.61058,407.71497,15.1005535,59.006035,59,90.030174,0,0,0,0,0,0,0,0,0,0,0,0,0,0,0,0,5,0,2,0,0,2,7,8,
..\..\..\files\Weather\MIRA\daily\AN001_Agugliano.csv,5/26/2020 12:00:00 AM,24.46,12.37,0,2,94.44402,42.35081,0,0,8.414999,11.032709,418.74768,15.509173,59.030552,59,90.152756,0,0,0,0,0,0,0,0,0,0,0,0,0,0,0,0,5,0,2,0,0,2,7,8,
..\..\..\files\Weather\MIRA\daily\AN001_Agugliano.csv,5/27/2020 12:00:00 AM,21.02,10.167945,0,6,100,61.69408,0,0,5.593973,8.855451,427.60312,15.8371525,59.05023,59,90.251144,0,0,0,0,0,0,0,0,0,0,0,0,0,0,0,0,5,0,2,0,0,2,7,8,
..\..\..\files\Weather\MIRA\daily\AN001_Agugliano.csv,5/28/2020 12:00:00 AM,20.88,8.33,0.15833333,1,89.76464,39.90016,0,-1.5588884,4.716111,7.7768946,435.38,16.125185,59.067513,59,90.33756,0,0,0,0,0,0,0,0,0,0,0,0,0,0,0,0,5,0,2,0,0,2,7,8,
..\..\..\files\Weather\MIRA\daily\AN001_Agugliano.csv,5/29/2020 12:00:00 AM,23.74,10.49,4.429167,24,100,37.94403,0,0,7.115,10.190195,445.5702,16.5026,59.090157,59,90.45078,0,0,0,1,0,0,0,1,0,0,0,0,0,0,0,0,5,0,2,1,0,2,7,9,
..\..\..\files\Weather\MIRA\daily\AN001_Agugliano.csv,5/30/2020 12:00:00 AM,14.78,11.110948,18.1125,23,100,84.08232,0,0,2.9454737,5.5671716,451.13736,16.708792,60.002296,60,95.01148,1,0,1,1,0,0,1,0,0,0,0,0,0,0,0,0,6,0,3,2,0,2,8,9,
..\..\..\files\Weather\MIRA\daily\AN001_Agugliano.csv,5/31/2020 12:00:00 AM,20.5,9.5,0,3,93.63481,46.10969,0,-0.4886365,5.0113635,8.228178,459.36554,17.013538,60.01892,60,95.094604,1,0,0,0,0,0,0,0,0,0,0,0,0,0,0,0,7,0,3,2,0,2,8,9,
..\..\..\files\Weather\MIRA\daily\AN001_Agugliano.csv,6/1/2020 12:00:00 AM,21.19,10.42,0,3,94.39051,47.381413,0,0,5.8050003,9.063729,468.42926,17.349232,60.03723,60,95.18616,0,0,0,0,0,0,0,0,0,0,0,0,0,0,0,0,7,0,3,2,0,2,8,9,
..\..\..\files\Weather\MIRA\daily\AN001_Agugliano.csv,6/2/2020 12:00:00 AM,22.41,9.98,0,1,90.19252,40.804935,0,-0.019984245,6.195016,9.428854,477.85812,17.698448,60.05628,60,95.28139,0,0,0,0,0,0,0,0,0,0,0,0,0,0,0,0,7,0,3,2,0,2,8,9,
..\..\..\files\Weather\MIRA\daily\AN001_Agugliano.csv,6/3/2020 12:00:00 AM,25.71,12.540001,0,0,86.95496,38.237183,0,0,9.125,11.380285,489.2384,18.11994,60.07927,60,95.39635,0,0,0,0,0,0,0,0,0,0,0,0,0,0,0,0,7,0,3,2,0,2,8,9,
..\..\..\files\Weather\MIRA\daily\AN001_Agugliano.csv,6/4/2020 12:00:00 AM,27.14,13.830001,0.7708333,1,100,37.53222,0,0,10.485001,11.829075,501.06747,18.558056,61.011234,61,100,0,0,0,1,0,0,0,0,0,0,0,0,0,0,0,0,7,0,3,3,0,2,8,9,
..\..\..\files\Weather\MIRA\daily\AN001_Agugliano.csv,6/5/2020 12:00:00 AM,21.8,14.517857,17.729166,23,100,75.92905,0,0,8.158928,10.887993,511.95547,18.961313,61.0314,61,100,1,0,1,1,0,0,1,1,0,0,0,0,0,0,0,0,8,0,4,4,0,2,9,10,
..\..\..\files\Weather\MIRA\daily\AN001_Agugliano.csv,6/6/2020 12:00:00 AM,24.53,12.800001,0,3,91.255806,43.790493,0,0,8.665001,11.1640625,523.1195,19.374796,61.052074,61,100,1,0,0,0,0,0,0,0,0,0,0,0,0,0,0,0,9,0,4,4,0,2,9,10,
..\..\..\files\Weather\MIRA\daily\AN001_Agugliano.csv,6/7/2020 12:00:00 AM,25.86,15.07,0.2875,4,92.64199,47.59166,0,0,10.465,11.824516,534.94403,19.812742,61.07397,61,100,0,0,0,1,0,0,0,0,0,0,0,0,0,0,0,0,9,0,4,5,0,2,9,10,
..\..\..\files\Weather\MIRA\daily\AN001_Agugliano.csv,6/8/2020 12:00:00 AM,26.74,15.877825,7.0125,24,97.79563,49.1191,0,0,11.308912,11.964567,546.90857,20.255873,71.01031,71,89.9227,0,0,1,1,0,0,1,1,0,0,0,0,0,0,0,0,9,0,5,6,0,2,10,11,
..\..\..\files\Weather\MIRA\daily\AN001_Agugliano.csv,6/9/2020 12:00:00 AM,21.81,13.943418,9.254167,24,100,67.50504,0,0,7.876709,10.716501,557.62506,20.65278,71.02628,71,89.80287,0,0,1,1,0,1,1,1,0,0,0,0,0,0,0,0,9,0,6,7,0,3,11,12,
..\..\..\files\Weather\MIRA\daily\AN001_Agugliano.csv,6/10/2020 12:00:00 AM,23.58,12.29,1.5958333,24,92.79661,45.592186,0,0,7.9349995,10.752956,568.378,21.051037,71.04232,71,89.6826,0,0,0,1,0,0,0,1,0,0,0,0,0,0,0,0,9,0,6,8,0,3,11,13,
..\..\..\files\Weather\MIRA\daily\AN001_Agugliano.csv,6/11/2020 12:00:00 AM,23.36,13.44,8.05,23,96.34841,51.719772,0,0,8.4,11.024516,579.4025,21.459352,71.05877,71,89.559235,0,0,1,1,0,1,1,1,0,0,0,0,0,0,0,1,9,0,7,9,0,4,12,14,
..\..\..\files\Weather\MIRA\daily\AN001_Agugliano.csv,6/12/2020 12:00:00 AM,22.85,12.6,0,5,95.65646,50.12703,0,0,7.7250004,10.619089,590.0216,21.852654,71.0746,71,89.4405,0,0,0,0,0,0,0,0,0,0,0,0,0,0,0,0,9,0,7,9,0,4,12,14,
..\..\..\files\Weather\MIRA\daily\AN001_Agugliano.csv,6/13/2020 12:00:00 AM,25.29,13.8,0.24166667,4,91.36501,44.72371,0,0,9.545,11.5491,601.5707,22.280396,71.09183,71,89.311295,0,0,0,1,0,0,0,0,1,0,0,0,0,0,1,0,9,0,7,10,0,4,12,14,
..\..\..\files\Weather\MIRA\daily\AN001_Agugliano.csv,6/14/2020 12:00:00 AM,26.7,15.657662,5.6625004,24,95.21513,48.123474,0,0,11.178831,11.9499445,613.5206,22.722986,71.10965,71,89.17763,0,0,1,1,0,0,1,1,1,0,1,0,0,0,1,1,9,0,8,11,0,4,13,15,
..\..\..\files\Weather\MIRA\daily\AN001_Agugliano.csv,6/15/2020 12:00:00 AM,22.23,14.53,2.8833332,24,100,63.165836,0,0,8.379999,11.013538,624.5342,23.130896,71.126076,71,89.05443,0,0,0,1,0,0,0,1,0,0,0,0,0,0,0,0,9,0,8,12,0,4,13,16,
..\..\..\files\Weather\MIRA\daily\AN001_Agugliano.csv,6/16/2020 12:00:00 AM,24.11,16.054247,11.2125,23,100,62.280148,0,0,10.082123,11.725552,636.2597,23.565174,71.14356,71,88.92328,1,0,1,1,0,0,1,1,0,0,0,0,0,0,0,0,10,0,9,13,0,4,14,17,
..\..\..\files\Weather\MIRA\daily\AN001_Agugliano.csv,6/17/2020 12:00:00 AM,24.53,14.6,0,5,95.7578,51.65683,0,0,9.565001,11.556461,647.81616,23.99319,71.1608,71,88.79402,1,0,0,0,0,0,0,0,0,0,0,0,0,0,0,1,11,0,9,13,0,4,14,17,
..\..\..\files\Weather\MIRA\daily\AN001_Agugliano.csv,6/18/2020 12:00:00 AM,26.739998,15.249999,0,1,90.11902,44.46322,0,0,10.994999,11.924963,659.74115,24.434856,71.17858,71,88.660645,0,0,0,0,0,0,0,0,0,0,0,0,0,0,0,0,11,0,9,13,0,4,14,17,
..\..\..\files\Weather\MIRA\daily\AN001_Agugliano.csv,6/19/2020 12:00:00 AM,27.740002,14.840001,0,0,85.69029,38.832638,0,0,11.290001,11.962598,671.70374,24.877916,72.0015,72,82.48872,0,0,0,0,0,0,0,0,0,0,0,0,0,0,0,0,11,0,9,13,0,4,14,17,
..\..\..\files\Weather\MIRA\daily\AN001_Agugliano.csv,6/20/2020 12:00:00 AM,27.59,15.105046,0,0,88.08477,42.365974,0,0,11.347523,11.968422,683.6722,25.321192,72.01644,72,82.37669,0,0,0,0,0,0,0,0,1,0,1,1,0,0,1,1,11,0,9,13,0,4,14,17,
..\..\..\files\Weather\MIRA\daily\AN001_Agugliano.csv,6/21/2020 12:00:00 AM,24.11,13.560001,0,6,94.42929,48.83237,0,0,8.835001,11.247805,694.92,25.737778,72.03049,72,82.27135,0,0,0,0,0,0,0,0,0,0,0,0,0,0,0,0,11,0,9,13,0,4,14,17,
..\..\..\files\Weather\MIRA\daily\AN001_Agugliano.csv,6/22/2020 12:00:00 AM,26.94,17.748905,0,6,98.27329,60.270435,0,0,12.344452,11.991237,706.9112,26.181898,72.045456,72,82.15908,0,0,0,0,0,0,0,0,0,0,0,0,0,0,0,0,11,0,9,13,0,4,14,17,
..\..\..\files\Weather\MIRA\daily\AN001_Agugliano.csv,6/23/2020 12:00:00 AM,28.349998,15.929999,0,0,86.093445,40.38091,0,0,12.139999,11.99855,718.9097,26.626286,72.06044,72,82.0467,0,0,0,0,0,0,0,0,1,0,0,1,0,0,1,0,11,0,9,13,0,4,14,17,
..\..\..\files\Weather\MIRA\daily\AN001_Agugliano.csv,6/24/2020 12:00:00 AM,28.46,15.290001,0,0,84.20779,37.668262,0,0,11.875,11.998843,730.90857,27.07069,72.07542,72,81.93437,0,0,0,0,0,0,0,0,1,0,1,0,0,0,0,1,11,0,9,13,0,4,14,17,
..\..\..\files\Weather\MIRA\daily\AN001_Agugliano.csv,6/25/2020 12:00:00 AM,29.169998,16.96,0,0,85.50147,40.832603,0,0,13.064999,11.916477,742.8251,27.512041,72.090294,72,81.8228,0,0,0,0,0,0,0,0,0,0,0,0,0,0,0,0,11,0,9,13,0,4,14,17,
..\..\..\files\Weather\MIRA\daily\AN001_Agugliano.csv,6/26/2020 12:00:00 AM,29.77,18.29,0,0,86.317726,43.30484,0,0,14.030001,11.697678,754.52277,27.94529,72.1049,72,81.71327,0,0,0,0,0,0,0,0,0,0,1,0,0,0,1,1,11,0,9,13,0,4,14,17,
..\..\..\files\Weather\MIRA\daily\AN001_Agugliano.csv,6/27/2020 12:00:00 AM,30.21,17.39,0,0,82.593025,38.1762,0,0,13.799999,11.762096,766.28485,28.380922,72.11958,72,81.60313,0,0,0,0,0,0,0,0,0,0,1,1,0,0,1,1,11,0,9,13,0,4,14,17,
..\..\..\files\Weather\MIRA\daily\AN001_Agugliano.csv,6/28/2020 12:00:00 AM,30.83,17.87,0,0,81.31105,37.388557,0,0,14.35,11.59534,777.8802,28.810375,72.134056,72,81.49458,0,0,0,0,0,0,0,0,0,0,1,0,0,0,0,1,11,0,9,13,0,4,14,17,
..\..\..\files\Weather\MIRA\daily\AN001_Agugliano.csv,6/29/2020 12:00:00 AM,31.4,19.22,0,0,82.10336,39.77064,0,0,15.309999,11.199989,789.0802,29.225191,72.14804,72,81.389694,0,0,0,0,0,0,0,0,0,0,0,0,0,0,0,0,11,0,9,13,0,4,14,17,
..\..\..\files\Weather\MIRA\daily\AN001_Agugliano.csv,6/30/2020 12:00:00 AM,34.3,20.84,0,0,75.7208,33.656265,0,0,17.57,9.751682,798.8319,29.586367,72.16022,72,81.29837,0,0,0,0,0,0,0,0,0,0,1,0,0,0,1,1,11,0,9,13,0,4,14,17,
..\..\..\files\Weather\MIRA\daily\AN001_Agugliano.csv,7/1/2020 12:00:00 AM,33.01,22.600002,0,0,83.01947,45.200108,0,0,17.805,9.559778,808.39166,29.940432,73.007935,73,74.94049,0,0,0,0,0,0,0,0,0,0,0,1,0,0,1,1,11,0,9,13,0,4,14,17,
..\..\..\files\Weather\MIRA\daily\AN001_Agugliano.csv,7/2/2020 12:00:00 AM,32.97,21.612871,0,0,81.92273,43.153294,0,0,17.291435,9.969132,818.3608,30.30966,77.00789,77,39.960556,0,0,0,0,0,0,0,0,1,0,1,0,0,0,1,1,11,0,9,13,0,4,14,17,
..\..\..\files\Weather\MIRA\daily\AN001_Agugliano.csv,7/3/2020 12:00:00 AM,30.779999,20.04,0.21249999,1,86.39576,45.619698,0,0,15.41,11.151221,829.512,30.72267,77.01841,77,39.90795,0,0,0,1,0,0,0,0,0,0,0,0,0,0,0,0,11,0,9,14,0,4,14,17,
..\..\..\files\Weather\MIRA\daily\AN001_Agugliano.csv,7/4/2020 12:00:00 AM,29.03,18.617723,4.8875,23,90.56111,49.26101,0,0,13.823862,11.755769,841.2678,31.15807,77.0295,77,39.852486,0,0,1,1,0,0,0,1,0,0,0,0,0,0,0,0,11,0,10,15,0,4,14,18,
..\..\..\files\Weather\MIRA\daily\AN001_Agugliano.csv,7/5/2020 12:00:00 AM,27.58,17.08,0,3,91.591225,48.34296,0,0,12.33,11.991957,853.25977,31.602213,77.04082,77,39.795914,0,0,0,0,0,0,0,0,0,0,0,0,0,0,0,0,11,0,10,15,0,4,14,18,
..\..\..\files\Weather\MIRA\daily\AN001_Agugliano.csv,7/6/2020 12:00:00 AM,28.45,15.43,0,0,84.56877,38.193398,0,0,11.940001,11.999734,865.2595,32.04665,77.05215,77,39.739265,0,0,0,0,0,0,0,0,0,0,0,0,0,0,0,0,11,0,10,15,0,4,14,18,
..\..\..\files\Weather\MIRA\daily\AN001_Agugliano.csv,7/7/2020 12:00:00 AM,30.15,15.1829605,0,0,83.000824,38.691986,0,0,12.666481,11.9672365,877.22675,32.48988,77.06344,77,39.682808,0,0,0,0,0,0,0,0,0,0,0,0,0,0,0,0,11,0,10,15,0,4,14,18,
..\..\..\files\Weather\MIRA\daily\AN001_Agugliano.csv,7/8/2020 12:00:00 AM,25.05,13.490001,0,3,91.358505,44.458477,0,0,9.27,11.441641,888.6684,32.913643,77.074234,77,39.62883,0,0,0,0,0,0,0,0,0,0,0,0,0,0,0,0,11,0,10,15,0,4,14,18,
..\..\..\files\Weather\MIRA\daily\AN001_Agugliano.csv,7/9/2020 12:00:00 AM,27.01,14.45,0,0,87.27658,40.25304,0,0,10.73,11.880027,900.5484,33.353645,77.08544,77,39.572792,0,0,0,0,0,0,0,0,0,0,0,0,0,0,0,0,11,0,10,15,0,4,14,18,
..\..\..\files\Weather\MIRA\daily\AN001_Agugliano.csv,7/10/2020 12:00:00 AM,29.080002,16.930002,0,0,85.76487,41.093807,0,0,13.005001,11.925605,912.474,33.795334,77.096695,77,39.516525,0,0,0,0,0,0,0,0,0,0,0,0,0,0,0,0,11,0,10,15,0,4,14,18,
..\..\..\files\Weather\MIRA\daily\AN001_Agugliano.csv,7/11/2020 12:00:00 AM,32.36,20.63,0,0,81.38449,40.744305,0,0,16.494999,10.53064,923.00464,34.185356,77.106636,77,39.46682,0,1,0,0,0,0,0,0,0,0,0,0,0,0,0,0,11,1,10,15,0,4,14,18,
..\..\..\files\Weather\MIRA\daily\AN001_Agugliano.csv,7/12/2020 12:00:00 AM,34.27,16.056732,0,0,77.56551,32.872917,0,0,15.163366,11.26892,934.27356,34.602726,77.11726,77,39.41368,0,0,0,0,0,0,0,0,0,0,0,0,0,0,0,0,11,1,10,15,0,4,14,18,
..\..\..\files\Weather\MIRA\daily\AN001_Agugliano.csv,7/13/2020 12:00:00 AM,26.82,14.21,0,0,87.345535,40.109444,0,0,10.514999,11.835802,946.1094,35.04109,77.12843,77,39.357834,0,0,0,0,0,0,0,0,0,0,0,0,0,0,0,0,11,1,10,15,0,4,14,18,
..\..\..\files\Weather\MIRA\daily\AN001_Agugliano.csv,7/14/2020 12:00:00 AM,25.36,14.16,0,3,92.029526,45.922062,0,0,9.76,11.625025,957.7344,35.471645,77.139404,77,39.30298,0,0,0,0,0,0,0,0,0,0,0,0,0,0,0,0,11,1,10,15,0,4,14,18,
..\..\..\files\Weather\MIRA\daily\AN001_Agugliano.csv,7/15/2020 12:00:00 AM,25.29,13.09,0,0,89.61965,41.88609,0,0,9.190001,11.408192,969.1426,35.89417,77.15017,77,39.249153,0,0,0,0,0,0,0,0,0,0,0,0,0,0,0,0,11,1,10,15,0,4,14,18,
..\..\..\files\Weather\MIRA\daily\AN001_Agugliano.csv,7/16/2020 12:00:00 AM,27.560001,15.4800005,0.19583333,1,87.83326,41.914288,0,0,11.52,11.9829235,981.1255,36.337982,77.161476,77,39.19262,0,0,0,0,0,0,0,0,0,0,0,0,0,0,0,0,11,1,10,15,0,4,14,18,
..\..\..\files\Weather\MIRA\daily\AN001_Agugliano.csv,7/17/2020 12:00:00 AM,27.82,16.86,4.825,24,94.116425,46.295563,0,0,12.34,11.991461,993.11694,36.78211,77.17279,77,39.136047,0,0,0,1,0,0,0,1,0,0,0,0,0,0,0,0,11,1,10,16,0,4,14,19,
..\..\..\files\Weather\MIRA\daily\AN001_Agugliano.csv,7/18/2020 12:00:00 AM,23.79,14.929898,7.3791666,23,100,62.034576,0,0,9.359949,11.478071,1004.59503,37.207222,77.183624,77,39.08188,0,1,1,1,0,0,1,1,0,0,0,0,0,0,0,0,11,2,11,17,0,4,15,20,
..\..\..\files\Weather\MIRA\daily\AN001_Agugliano.csv,7/19/2020 12:00:00 AM,23.73,13.420001,0,5,95.212036,49.91741,0,0,8.575001,11.117903,1015.71295,37.619,77.194115,77,39.029427,0,0,0,0,0,0,0,0,0,0,0,0,0,0,0,0,11,2,11,17,0,4,15,20,
..\..\..\files\Weather\MIRA\daily\AN001_Agugliano.csv,7/20/2020 12:00:00 AM,26.62,14.06,0,0,87.65663,40.33491,0,0,10.34,11.794651,1027.5076,38.055836,77.205246,77,38.97377,0,0,0,0,0,0,0,0,0,0,0,1,0,0,0,0,11,2,11,17,0,4,15,20,
..\..\..\files\Weather\MIRA\daily\AN001_Agugliano.csv,7/21/2020 12:00:00 AM,30.73,17.25,0,0,80.31111,35.715317,0,0,13.99,11.709433,1039.217,38.48952,77.21629,77,38.918533,0,0,0,0,0,0,0,0,0,0,1,0,0,0,0,1,11,2,11,17,0,4,15,20,
..\..\..\files\Weather\MIRA\daily\AN001_Agugliano.csv,7/22/2020 12:00:00 AM,31.45,18.61,0,0,80.5574,37.45677,0,0,15.030001,11.328943,1050.546,38.90911,77.22698,77,38.86509,0,0,0,0,0,0,0,0,0,0,0,0,0,0,0,0,11,2,11,17,0,4,15,20,
..\..\..\files\Weather\MIRA\daily\AN001_Agugliano.csv,7/23/2020 12:00:00 AM,32.47,20.7,0,0,81.09287,40.521477,0,0,16.585001,10.471669,1061.0177,39.29695,78.00097,78,34.995155,0,0,0,0,0,0,0,0,0,0,0,0,0,0,0,0,11,2,11,17,0,4,15,20,
..\..\..\files\Weather\MIRA\daily\AN001_Agugliano.csv,7/24/2020 12:00:00 AM,29.93,19.43,0.4958333,1,88.33482,47.152145,0,0,14.68,11.474353,1072.4921,39.721928,78.00973,78,34.951363,0,0,0,0,0,0,0,0,0,0,0,0,0,0,0,0,11,2,11,17,0,4,15,20,
..\..\..\files\Weather\MIRA\daily\AN001_Agugliano.csv,7/25/2020 12:00:00 AM,31.849998,17.323004,11.404166,23,78.81443,33.21546,0,0,14.586502,11.5102215,1084.0023,40.148235,78.01852,78,34.907417,1,1,1,0,0,0,1,1,0,0,0,0,0,0,0,0,12,3,12,17,0,4,16,21,
..\..\..\files\Weather\MIRA\daily\AN001_Agugliano.csv,7/26/2020 12:00:00 AM,27.54,15.57,0,0,88.11747,42.34273,0,0,11.555,11.985325,1095.9877,40.592136,78.02767,78,34.86164,1,0,0,0,0,0,0,0,0,0,0,0,0,0,0,0,13,3,12,17,0,4,16,21,
..\..\..\files\Weather\MIRA\daily\AN001_Agugliano.csv,7/27/2020 12:00:00 AM,31.8,17.89,0,0,77.62649,33.820625,0,0,14.844999,11.407992,1107.3956,41.014652,78.036385,78,34.818077,0,0,0,0,0,0,0,0,0,0,0,0,0,0,0,0,13,3,12,17,0,4,16,21,
..\..\..\files\Weather\MIRA\daily\AN001_Agugliano.csv,7/28/2020 12:00:00 AM,30.91,18.96,0,0,83.44207,40.894516,0,0,14.934999,11.370148,1118.7657,41.43577,78.04507,78,34.774666,0,0,0,0,0,0,0,0,0,1,0,0,0,0,0,0,13,3,12,17,0,4,16,21,
..\..\..\files\Weather\MIRA\daily\AN001_Agugliano.csv,7/29/2020 12:00:00 AM,32.46,21.06,0,0,81.919945,41.874924,0,0,16.759998,10.353732,1129.1195,41.81924,78.05297,78,34.735146,0,0,0,0,0,0,0,0,0,0,0,0,0,0,0,0,13,3,12,17,0,4,16,21,
..\..\..\files\Weather\MIRA\daily\AN001_Agugliano.csv,7/30/2020 12:00:00 AM,33.74,21.27,0,0,77.15561,37.180676,0,0,17.505001,9.803394,1138.9229,42.18233,78.06046,78,34.697685,0,0,0,0,0,0,0,0,0,0,0,0,0,0,0,0,13,3,12,17,0,4,16,21,
..\..\..\files\Weather\MIRA\daily\AN001_Agugliano.csv,7/31/2020 12:00:00 AM,33.82,21.080002,0,0,76.43028,36.24183,0,0,17.45,9.846689,1148.7695,42.54702,78.06798,78,34.66011,0,0,0,0,0,0,0,0,0,0,0,0,0,0,0,0,13,3,12,17,0,4,16,21,
..\..\..\files\Weather\MIRA\daily\AN001_Agugliano.csv,8/1/2020 12:00:00 AM,34.67,22.6,0,0,76.10838,37.76862,0,0,18.634998,8.820249,1157.5897,42.87369,78.074715,78,34.626427,0,0,0,0,0,0,0,0,0,0,0,0,0,0,0,0,13,3,12,17,0,4,16,21,
..\..\..\files\Weather\MIRA\daily\AN001_Agugliano.csv,8/2/2020 12:00:00 AM,34.5,21.91,0,0,75.38183,36.209763,0,0,18.205,9.215374,1166.805,43.215,78.08175,78,34.591255,0,0,0,0,0,0,0,0,0,0,0,0,0,0,0,0,13,3,12,17,0,4,16,21,
..\..\..\files\Weather\MIRA\daily\AN001_Agugliano.csv,8/3/2020 12:00:00 AM,32.92,20.46,0.8666666,1,78.7569,37.80592,0,0,16.689999,10.401425,1177.2064,43.60024,78.0897,78,34.551506,0,0,0,1,0,0,0,0,0,0,0,1,0,0,1,1,13,3,12,18,0,4,16,21,
..\..\..\files\Weather\MIRA\daily\AN001_Agugliano.csv,8/4/2020 12:00:00 AM,32.41,17.848108,20.904165,24,78.94198,36.125874,0,0,15.129055,11.284605,1188.491,44.018185,78.09831,78,34.50844,1,1,1,1,0,0,1,1,0,1,1,0,0,0,1,1,14,4,13,19,0,4,17,22,
..\..\..\files\Weather\MIRA\daily\AN001_Agugliano.csv,8/5/2020 12:00:00 AM,27.92,16.12,22.4625,24,100,42.877373,0,0,12.02,11.9999695,1200.491,44.462627,78.107475,78,34.462624,1,1,1,1,1,0,1,1,0,0,0,0,0,0,0,0,15,5,14,20,1,4,18,23,
..\..\..\files\Weather\MIRA\daily\AN001_Agugliano.csv,8/6/2020 12:00:00 AM,24.15,18.06,3.0666668,24,100,72.80094,0,0,11.105,11.940519,1212.4315,44.90487,78.11659,78,34.417038,1,0,0,1,1,0,1,1,0,0,0,0,0,0,0,0,16,5,14,21,2,4,19,24,
..\..\..\files\Weather\MIRA\daily\AN001_Agugliano.csv,8/7/2020 12:00:00 AM,26.6,19.58,0,8,100,66.23118,0,0,13.09,11.912518,1224.344,45.346077,78.125694,78,34.37153,0,0,0,0,0,0,0,0,0,0,0,0,0,0,0,0,16,5,14,21,2,4,19,24,
..\..\..\files\Weather\MIRA\daily\AN001_Agugliano.csv,8/8/2020 12:00:00 AM,28.220001,20.000002,0,5,96.27829,58.777493,0,0,14.110001,11.673479,1236.0175,45.778423,78.134605,78,34.326973,0,0,0,0,0,0,0,0,0,0,0,0,0,0,0,0,16,5,14,21,2,4,19,24,
..\..\..\files\Weather\MIRA\daily\AN001_Agugliano.csv,8/9/2020 12:00:00 AM,30.220001,20.460001,0,0,89.58146,50.12681,0,0,15.34,11.185509,1247.203,46.192703,78.14315,78,34.28425,0,0,0,0,0,0,0,0,0,0,0,0,0,0,0,0,16,5,14,21,2,4,19,24,
..\..\..\files\Weather\MIRA\daily\AN001_Agugliano.csv,8/10/2020 12:00:00 AM,32.05,18.77,0,0,78.564674,35.663418,0,0,15.41,11.151221,1258.3542,46.605713,78.151665,78,34.241676,0,0,0,0,0,0,0,0,1,1,1,0,0,0,1,1,16,5,14,21,2,4,19,24,
..\..\..\files\Weather\MIRA\daily\AN001_Agugliano.csv,8/11/2020 12:00:00 AM,31.739998,18.89,0,0,80.04045,37.25526,0,0,15.314999,11.197586,1269.5519,47.020443,78.16022,78,34.198914,0,0,0,0,0,0,0,0,0,0,0,0,0,0,0,0,16,5,14,21,2,4,19,24,
..\..\..\files\Weather\MIRA\daily\AN001_Agugliano.csv,8/12/2020 12:00:00 AM,32.44,20.46,0,0,80.690834,39.79567,0,0,16.449999,10.559696,1280.1116,47.41154,78.16828,78,34.158592,0,0,0,0,0,0,0,0,0,0,0,0,0,0,0,0,16,5,14,21,2,4,19,24,
..\..\..\files\Weather\MIRA\daily\AN001_Agugliano.csv,8/13/2020 12:00:00 AM,31.739998,19.86,0,0,82.176895,40.629395,0,0,15.799999,10.947404,1291.059,47.816998,78.176636,78,34.11682,0,0,0,0,0,0,0,0,0,0,0,0,0,0,0,0,16,5,14,21,2,4,19,24,
..\..\..\files\Weather\MIRA\daily\AN001_Agugliano.csv,8/14/2020 12:00:00 AM,33.12,21.16,0,0,79.44935,39.372337,0,0,17.14,10.082775,1301.1417,48.190434,78.18434,78,34.078293,0,0,0,0,0,0,0,0,0,0,0,0,0,0,0,0,16,5,14,21,2,4,19,24,
..\..\..\files\Weather\MIRA\daily\AN001_Agugliano.csv,8/15/2020 12:00:00 AM,32.49,19.79,0,0,79.03647,37.291725,0,0,16.140001,10.752071,1311.8938,48.58866,79.00153,79,29.992332,0,0,0,0,0,0,0,0,0,0,0,0,0,0,0,0,16,5,14,21,2,4,19,24,
..\..\..\files\Weather\MIRA\daily\AN001_Agugliano.csv,8/16/2020 12:00:00 AM,29.8,18.69,0,0,87.125725,44.742104,0,0,14.244999,11.6305485,1323.5243,49.019417,79.008995,79,29.955025,0,0,0,0,0,0,0,0,0,0,0,0,0,0,0,0,16,5,14,21,2,4,19,24,
..\..\..\files\Weather\MIRA\daily\AN001_Agugliano.csv,8/17/2020 12:00:00 AM,31.41,19.420002,0,0,82.50854,40.444614,0,0,15.415001,11.148745,1334.6731,49.43234,79.01614,79,29.919281,0,0,0,0,0,0,0,0,0,0,0,0,0,0,0,0,16,5,14,21,2,4,19,24,
..\..\..\files\Weather\MIRA\daily\AN001_Agugliano.csv,8/18/2020 12:00:00 AM,32.78,19.759777,0,0,79.57989,38.789036,0,0,16.269888,10.673122,1345.3462,49.827637,79.02299,79,29.885063,0,0,0,0,0,0,0,0,0,0,0,1,0,0,0,0,16,5,14,21,2,4,19,24,
..\..\..\files\Weather\MIRA\daily\AN001_Agugliano.csv,8/19/2020 12:00:00 AM,29.55,18.08,0,0,86.669395,43.45873,0,0,13.814999,11.758127,1357.1044,50.263126,79.03053,79,29.847336,0,0,0,0,0,0,0,0,1,1,1,1,1,0,1,1,16,5,14,21,2,4,19,24,
..\..\..\files\Weather\MIRA\daily\AN001_Agugliano.csv,8/20/2020 12:00:00 AM,28.89,18.14,0,0,89.299545,46.69357,0,0,13.514999,11.831282,1368.9357,50.70132,79.03812,79,29.809418,0,0,0,0,0,0,0,0,1,1,1,0,1,0,1,1,16,5,14,21,2,4,19,24,
..\..\..\files\Weather\MIRA\daily\AN001_Agugliano.csv,8/21/2020 12:00:00 AM,30.86,18.23,0,0,81.999695,38.502216,0,0,14.545,11.525741,1380.4614,51.128204,79.04551,79,29.772453,0,0,0,0,0,0,0,0,0,0,0,0,0,0,0,1,16,5,14,21,2,4,19,24,
..\..\..\files\Weather\MIRA\daily\AN001_Agugliano.csv,8/22/2020 12:00:00 AM,32.64,19.56,0,0,77.94429,35.94977,0,0,16.099998,10.775905,1391.2373,51.52731,79.05242,79,29.737892,0,0,0,0,0,0,0,0,0,0,0,0,0,0,0,0,16,5,14,21,2,4,19,24,
..\..\..\files\Weather\MIRA\daily\AN001_Agugliano.csv,8/23/2020 12:00:00 AM,35.34,22.04,0,0,79.96917,33.369728,0,0,18.69,8.76785,1400.0051,51.852043,79.058044,79,29.709778,0,0,0,0,0,0,0,0,0,0,0,0,0,0,0,0,16,5,14,21,2,4,19,24,
..\..\..\files\Weather\MIRA\daily\AN001_Agugliano.csv,8/24/2020 12:00:00 AM,31.57,21.47821,0,0,88.92195,49.0931,0,0,16.524105,10.511694,1410.5168,52.241367,79.06479,79,29.676056,0,0,0,0,0,0,0,0,0,0,0,0,0,0,0,0,16,5,14,21,2,4,19,24,
..\..\..\files\Weather\MIRA\daily\AN001_Agugliano.csv,8/25/2020 12:00:00 AM,28.52,18.895046,0,5,95.78247,58.431633,0,0,13.707523,11.785835,1422.3027,52.677883,79.07234,79,29.63829,0,0,0,0,0,0,0,0,0,0,0,0,0,0,0,0,16,5,14,21,2,4,19,24,
..\..\..\files\Weather\MIRA\daily\AN001_Agugliano.csv,8/26/2020 12:00:00 AM,27.9,17.35,0,3,91.082924,47.99741,0,0,12.625,11.971184,1434.2739,53.121258,79.080025,79,29.599876,0,0,0,0,0,0,0,0,0,0,0,0,0,0,0,0,16,5,14,21,2,4,19,24,
..\..\..\files\Weather\MIRA\daily\AN001_Agugliano.csv,8/27/2020 12:00:00 AM,31.8,19.44,0,0,81.01236,38.890068,0,0,15.619999,11.044165,1445.3181,53.5303,84.00431,84,12.4892235,0,0,0,0,0,0,0,0,0,0,0,0,0,0,0,0,16,5,14,21,2,4,19,24,
..\..\..\files\Weather\MIRA\daily\AN001_Agugliano.csv,8/28/2020 12:00:00 AM,31.470001,20.040003,0,0,83.6523,42.468555,0,0,15.755001,10.972025,1456.2902,53.936672,84.01057,84,12.473583,0,0,0,0,0,0,0,0,0,0,0,0,0,0,0,0,16,5,14,21,2,4,19,24,
..\..\..\files\Weather\MIRA\daily\AN001_Agugliano.csv,8/29/2020 12:00:00 AM,32.32,20.64,0,0,81.56791,40.95369,0,0,16.48,10.540358,1466.8306,54.327057,84.01657,84,12.458572,0,0,0,0,0,0,0,0,0,0,0,0,0,0,0,0,16,5,14,21,2,4,19,24,
..\..\..\files\Weather\MIRA\daily\AN001_Agugliano.csv,8/30/2020 12:00:00 AM,34.35,21.358803,0.28333333,1,85.08261,39.255116,0,0,17.8544,9.5184555,1476.349,54.679592,84.021996,84,12.445011,0,0,0,0,0,0,0,0,0,0,0,0,0,0,0,0,16,5,14,21,2,4,19,24,
..\..\..\files\Weather\MIRA\daily\AN001_Agugliano.csv,8/31/2020 12:00:00 AM,29.22,14.985311,6.945833,24,100,53.29603,0,0,12.102655,11.99922,1488.3483,55.12401,84.02883,84,12.427921,0,1,1,0,0,0,1,1,0,0,0,0,0,0,0,0,16,6,15,21,2,4,20,25,
..\..\..\files\Weather\MIRA\daily\AN001_Agugliano.csv,9/1/2020 12:00:00 AM,20.32,14.07,9.870833,23,100,71.44221,0,0,7.1949997,10.249859,1498.5981,55.503635,84.03467,84,12.41333,1,1,1,0,0,0,1,1,0,0,0,0,0,0,0,0,17,7,16,21,2,4,21,26,
..\..\..\files\Weather\MIRA\daily\AN001_Agugliano.csv,9/2/2020 12:00:00 AM,24.96,12.760001,0,0,89.83865,41.907303,0,0,8.860001,11.259739,1509.8579,55.920662,84.041084,84,12.397289,0,0,0,0,0,0,0,0,0,0,0,0,0,0,0,0,17,7,16,21,2,4,21,26,
..\..\..\files\Weather\MIRA\daily\AN001_Agugliano.csv,9/3/2020 12:00:00 AM,25.31,14.29,0,3,92.51137,46.69141,0,0,9.799999,11.638368,1521.4963,56.351715,88.004135,88,2.4896622,0,0,0,0,0,0,0,0,0,0,0,0,0,0,0,0,17,7,16,21,2,4,21,26,
..\..\..\files\Weather\MIRA\daily\AN001_Agugliano.csv,9/4/2020 12:00:00 AM,25.55,13.579999,0,0,89.994385,42.761105,0,0,9.564999,11.556462,1533.0529,56.779736,88.00917,88,2.4770737,0,0,0,0,0,0,0,0,0,0,0,0,0,0,0,0,17,7,16,21,2,4,21,26,
..\..\..\files\Weather\MIRA\daily\AN001_Agugliano.csv,9/5/2020 12:00:00 AM,26.63,13.870001,0,0,87.167534,39.59504,0,0,10.25,11.771682,1544.8246,57.215725,88.014305,88,2.4642372,0,0,0,0,0,0,0,0,0,0,0,0,0,0,0,0,17,7,16,21,2,4,21,26,
..\..\..\files\Weather\MIRA\daily\AN001_Agugliano.csv,9/6/2020 12:00:00 AM,28.420002,16.300001,0,0,86.70837,41.47187,0,0,12.360001,11.990429,1556.8151,57.659817,88.01952,88,2.451191,0,0,0,0,0,0,0,0,0,0,0,0,0,0,0,0,17,7,16,21,2,4,21,26,
..\..\..\files\Weather\MIRA\daily\AN001_Agugliano.csv,9/7/2020 12:00:00 AM,30.16,17.82,0,0,83.756744,39.892776,0,0,13.99,11.709433,1568.5245,58.0935,88.02463,88,2.4384308,0,0,0,0,0,0,0,0,0,0,0,0,0,0,0,0,17,7,16,21,2,4,21,26,
..\..\..\files\Weather\MIRA\daily\AN001_Agugliano.csv,9/8/2020 12:00:00 AM,28.350002,17.008316,0,0,89.32033,45.706295,0,0,12.679159,11.965981,1580.4905,58.536686,88.02985,88,2.4253845,0,0,0,0,0,0,0,0,0,0,0,0,0,0,0,0,17,7,16,21,2,4,21,26,
..\..\..\files\Weather\MIRA\daily\AN001_Agugliano.csv,9/9/2020 12:00:00 AM,26.79,15.330001,0,1,90.14139,44.572033,0,0,11.060001,11.934374,1592.4248,58.978695,88.03504,88,2.4123955,0,0,0,0,0,0,0,0,0,0,0,0,0,0,0,0,17,7,16,21,2,4,21,26,
..\..\..\files\Weather\MIRA\daily\AN001_Agugliano.csv,9/10/2020 12:00:00 AM,28.029999,17,0,0,89.775,45.922356,0,0,12.514999,11.980427,1604.4053,59.422417,88.04026,88,2.3993492,0,0,0,0,0,0,0,0,0,0,0,0,0,0,0,0,17,7,16,21,2,4,21,26,
..\..\..\files\Weather\MIRA\daily\AN001_Agugliano.csv,9/11/2020 12:00:00 AM,28.84,18.96,0,3,91.42557,50.469994,0,0,13.9,11.735028,1616.1403,59.857048,88.04538,88,2.386551,0,0,0,0,0,0,0,0,0,0,0,0,0,0,0,0,17,7,16,21,2,4,21,26,
..\..\..\files\Weather\MIRA\daily\AN001_Agugliano.csv,9/12/2020 12:00:00 AM,28.099998,18,0,3,91.90764,49.873024,0,0,13.049999,11.918808,1628.0591,60.298485,88.05057,88,2.373581,0,0,0,0,0,0,0,0,0,0,0,0,0,0,0,0,17,7,16,21,2,4,21,26,
..\..\..\files\Weather\MIRA\daily\AN001_Agugliano.csv,9/13/2020 12:00:00 AM,27.87,17.28,0,1,91.02423,47.83834,0,0,12.575001,11.975605,1640.0347,60.742027,88.055786,88,2.3605347,0,0,0,0,0,0,0,0,0,0,0,0,0,0,0,0,17,7,16,21,2,4,21,26,
..\..\..\files\Weather\MIRA\daily\AN001_Agugliano.csv,9/14/2020 12:00:00 AM,28.99,17.42,0,0,87.238434,43.341515,0,0,13.205,11.893133,1651.9279,61.18251,88.060974,88,2.3475647,0,0,0,0,0,0,0,0,0,0,0,0,0,0,0,0,17,7,16,21,2,4,21,26,
..\..\..\files\Weather\MIRA\daily\AN001_Agugliano.csv,9/15/2020 12:00:00 AM,29.06,18.31,0,0,89.059074,46.60663,0,0,13.684999,11.7914295,1663.7192,61.61923,88.06611,88,2.3347282,0,0,0,0,0,0,0,0,0,0,0,0,0,0,0,0,17,7,16,21,2,4,21,26,
..\..\..\files\Weather\MIRA\daily\AN001_Agugliano.csv,9/16/2020 12:00:00 AM,27.849998,16.93,0,1,90.25913,46.450672,0,0,12.389999,11.988769,1675.708,62.06326,88.071335,88,2.321663,0,0,0,0,0,0,0,0,1,1,1,0,0,0,1,1,17,7,16,21,2,4,21,26,
..\..\..\files\Weather\MIRA\daily\AN001_Agugliano.csv,9/17/2020 12:00:00 AM,29.09,17.060001,0,0,88.94957,41.53758,0,0,13.075001,11.914904,1687.6229,62.504555,88.07652,88,2.308693,0,0,0,0,0,0,0,0,0,0,0,0,0,0,0,0,17,7,16,21,2,4,21,26,
..\..\..\files\Weather\MIRA\daily\AN001_Agugliano.csv,9/18/2020 12:00:00 AM,28.1,18.184587,0,5,95.982086,57.884247,0,0,13.142294,11.903942,1699.5269,62.94544,88.08171,88,2.295723,0,0,0,0,0,0,0,0,0,0,0,0,0,0,0,0,17,7,16,21,2,4,21,26,
..\..\..\files\Weather\MIRA\daily\AN001_Agugliano.csv,9/19/2020 12:00:00 AM,27.42,15.976141,0,1,91.007225,47.032036,0,0,11.698071,11.993248,1711.5201,63.389633,88.08694,88,2.2826576,0,0,0,0,0,0,0,0,0,0,0,0,0,0,0,0,17,7,16,21,2,4,21,26,
..\..\..\files\Weather\MIRA\daily\AN001_Agugliano.csv,9/20/2020 12:00:00 AM,25.920002,14.270001,0.19166666,2,90.48245,43.98681,0,0,10.095001,11.729242,1723.2494,63.82405,88.09205,88,2.2698784,0,0,0,0,0,0,0,0,0,0,0,0,0,0,0,0,17,7,16,21,2,4,21,26,
..\..\..\files\Weather\MIRA\daily\AN001_Agugliano.csv,9/21/2020 12:00:00 AM,26.969997,17.929144,4.9375,24,95.97069,55.566734,0,0,12.44957,11.98508,1735.2345,64.267944,88.09727,88,2.2568321,0,0,0,0,0,0,0,1,0,0,0,0,0,0,0,0,17,7,16,21,2,4,21,27,
..\..\..\files\Weather\MIRA\daily\AN001_Agugliano.csv,9/22/2020 12:00:00 AM,26.55,16.45,12.354166,24,94.50928,50.4758,0,0,11.5,11.981468,1747.216,64.7117,88.10249,88,2.2437668,1,1,1,0,0,0,1,1,0,0,0,0,0,0,0,0,18,8,17,21,2,4,22,28,
..\..\..\files\Weather\MIRA\daily\AN001_Agugliano.csv,9/23/2020 12:00:00 AM,25.42,17.556675,4.366667,24,100,63.999397,0,0,11.488338,11.980593,1759.1965,65.155426,88.10771,88,2.2307205,1,0,0,0,0,0,1,1,0,0,0,0,0,0,0,0,19,8,17,21,2,4,23,29,
..\..\..\files\Weather\MIRA\daily\AN001_Agugliano.csv,9/24/2020 12:00:00 AM,25.93,16.120003,3.858333,24,95.00113,51.983814,0,0,11.025002,11.929386,1771.126,65.59726,88.11291,88,2.2177315,0,0,0,0,0,0,0,1,0,0,0,0,0,0,0,0,19,8,17,21,2,4,23,30,
..\..\..\files\Weather\MIRA\daily\AN001_Agugliano.csv,9/25/2020 12:00:00 AM,28.44,13.736125,9.879167,24,87.88118,43.423046,0,0,11.088062,11.938242,1783.0642,66.03941,88.11811,88,2.2047234,0,1,1,0,0,0,1,1,0,0,0,0,0,0,0,0,19,9,18,21,2,4,24,31,
..\..\..\files\Weather\MIRA\daily\AN001_Agugliano.csv,9/26/2020 12:00:00 AM,27.41,10.341525,11.491666,24,87.648476,29.050537,0,0,8.875763,11.267214,1794.3314,66.45672,88.123024,88,2.19244,1,1,1,0,0,0,1,1,0,0,0,0,0,0,0,0,20,10,19,21,2,4,25,32,
..\..\..\files\Weather\MIRA\daily\AN001_Agugliano.csv,9/27/2020 12:00:00 AM,18.51,8.940001,7.3791666,24,100,51.678444,0,-1.0012951,3.7837048,6.6701202,1801.0016,66.70376,88.12592,88,2.185192,1,1,1,0,0,0,1,1,0,0,0,0,0,0,0,0,21,11,20,21,2,4,26,33,
..\..\..\files\Weather\MIRA\daily\AN001_Agugliano.csv,9/28/2020 12:00:00 AM,15.94,11.06,22.041666,23,100,77.27426,0,0,3.5,6.3639345,1807.3655,66.93946,88.1287,88,2.1782494,1,1,1,0,1,0,1,1,0,0,0,0,0,0,0,0,22,12,21,21,3,4,27,34,
..\..\..\files\Weather\MIRA\daily\AN001_Agugliano.csv,9/29/2020 12:00:00 AM,20.63,10.710001,0,5,96.47813,51.1046,0,0,5.67,8.931359,1816.2969,67.270256,88.13259,88,2.168522,1,0,0,0,1,0,0,0,0,0,0,0,0,0,0,0,23,12,21,21,4,4,27,34,
..\..\..\files\Weather\MIRA\daily\AN001_Agugliano.csv,9/30/2020 12:00:00 AM,21.24,10.34,0,3,94.06267,46.82149,0,0,5.79,9.049173,1825.3461,67.605415,88.136536,88,2.158661,0,0,0,0,0,0,0,0,0,0,0,0,0,0,0,0,23,12,21,21,4,4,27,34,
..\..\..\files\Weather\MIRA\daily\AN001_Agugliano.csv,10/1/2020 12:00:00 AM,22.07,11.739999,0,5,95.56578,49.621002,0,0,6.904999,10.028634,1835.3748,67.976845,88.14091,88,2.1477318,0,0,0,0,0,0,0,0,0,0,0,0,0,0,0,0,23,12,21,21,4,4,27,34,
..\..\..\files\Weather\MIRA\daily\AN001_Agugliano.csv,10/2/2020 12:00:00 AM,23.29,13.71,0,6,97.241776,53.349823,0,0,8.5,11.078467,1846.4532,68.38715,88.14573,88,2.1356773,0,0,0,0,0,0,0,0,0,0,0,0,0,0,0,0,23,12,21,21,4,4,27,34,
..\..\..\files\Weather\MIRA\daily\AN001_Agugliano.csv,10/3/2020 12:00:00 AM,24.310001,15.340001,0.10833333,7,98.31918,56.364376,0,0,9.825001,11.6465845,1858.0999,68.81851,88.1508,88,2.1229935,0,0,0,0,0,0,0,0,0,0,0,0,0,0,0,0,23,12,21,21,4,4,27,34,
..\..\..\files\Weather\MIRA\daily\AN001_Agugliano.csv,10/4/2020 12:00:00 AM,23.56,14.47,2.5583332,24,98.39218,55.790962,0,0,9.014999,11.33157,1869.4314,69.2382,88.15575,88,2.1106339,0,0,0,0,0,0,0,1,0,0,0,0,0,0,0,0,23,12,21,21,4,4,27,35,
..\..\..\files\Weather\MIRA\daily\AN001_Agugliano.csv,10/5/2020 12:00:00 AM,23.3,12.280504,1.5333334,23,97.57107,53.987114,0,0,7.7902527,10.661437,1880.0928,69.633064,88.16039,88,2.099018,0,0,0,0,0,0,0,1,0,0,0,0,0,0,0,0,23,12,21,21,4,4,27,36,
..\..\..\files\Weather\MIRA\daily\AN001_Agugliano.csv,10/6/2020 12:00:00 AM,23.94,10.280001,0.0625,1,92.96086,36.512363,0,0,7.1100006,10.186433,1890.2792,70.01034,88.164825,88,2.0879364,0,0,0,0,0,0,0,0,0,0,0,0,0,0,0,0,23,12,21,21,4,4,27,36,
..\..\..\files\Weather\MIRA\daily\AN001_Agugliano.csv,10/7/2020 12:00:00 AM,22.93,11.285474,1.4375,23,100,59.68845,0,0,7.1077366,10.184729,1900.4639,70.38755,88.169266,88,2.0768356,0,0,0,0,0,0,0,1,0,0,0,0,0,0,0,0,23,12,21,21,4,4,27,37,
..\..\..\files\Weather\MIRA\daily\AN001_Agugliano.csv,10/8/2020 12:00:00 AM,21.75,9.49,0,1,90.634605,41.307346,0,-0.4993925,5.6306076,8.881548,1909.3455,70.7165,88.173134,88,2.0671654,0,0,0,0,0,0,0,0,0,0,0,0,0,0,0,0,23,12,21,21,4,4,27,37,
..\..\..\files\Weather\MIRA\daily\AN001_Agugliano.csv,10/9/2020 12:00:00 AM,21.46,8.700001,0,0,89.3414,39.296196,0,-1.233777,5.146222,8.316229,1917.6617,71.024506,88.17676,88,2.0581055,0,0,0,0,0,0,0,0,0,0,0,0,0,0,0,0,23,12,21,21,4,4,27,37,
..\..\..\files\Weather\MIRA\daily\AN001_Agugliano.csv,10/10/2020 12:00:00 AM,22.36,10.150001,0,1,90.75194,41.654266,0,0,6.255001,9.482768,1927.1445,71.375725,88.18089,88,2.0477676,0,0,0,0,0,0,0,0,0,0,0,0,0,0,0,0,23,12,21,21,4,4,27,37,
..\..\..\files\Weather\MIRA\daily\AN001_Agugliano.csv,10/11/2020 12:00:00 AM,23.44,10.249025,0.0625,6,94.463905,48.365993,0,0,6.844513,9.980767,1937.1252,71.74538,88.18524,88,2.0368958,0,0,0,0,0,0,0,0,0,0,0,0,0,0,0,0,23,12,21,21,4,4,27,37,
..\..\..\files\Weather\MIRA\daily\AN001_Agugliano.csv,10/12/2020 12:00:00 AM,19.86,8.6,1.7833333,24,95.587105,44.699516,0,-1.3129659,4.3170342,7.3226366,1944.4479,72.016594,88.18843,88,2.028923,0,0,0,0,0,0,0,1,0,0,0,0,0,0,0,0,23,12,21,21,4,4,27,38,
..\..\..\files\Weather\MIRA\daily\AN001_Agugliano.csv,10/13/2020 12:00:00 AM,15.05,8.724957,7.9541664,23,100,67.90231,0,-1.1465268,2.0159945,3.8688183,1948.3167,72.159874,88.19012,88,2.0247078,0,0,1,0,0,0,1,0,0,0,0,0,0,0,0,0,23,12,22,21,4,4,28,38,
..\..\..\files\Weather\MIRA\daily\AN001_Agugliano.csv,10/14/2020 12:00:00 AM,17.03,7.3000007,0.69166666,6,94.655945,49.779884,0,-2.325385,2.5396152,4.3383565,1952.655,72.32056,88.19201,88,2.0199776,0,0,0,0,0,0,0,0,0,0,0,0,0,0,0,0,23,12,22,21,4,4,28,38,
..\..\..\files\Weather\MIRA\daily\AN001_Agugliano.csv,10/15/2020 12:00:00 AM,20.740002,12.1404295,15.9875,24,100,62.04963,0,0,6.440216,9.645413,1962.3004,72.67779,88.19621,88,2.009468,1,0,1,0,0,0,1,1,0,0,0,0,0,0,0,0,24,12,23,21,4,4,29,39,
..\..\..\files\Weather\MIRA\daily\AN001_Agugliano.csv,10/16/2020 12:00:00 AM,19.37,8.782397,2.1916666,24,99.78119,57.870346,0,-1.1475887,4.1462126,7.128921,1969.4293,72.941826,88.19932,88,2.0017052,1,0,0,0,0,0,1,1,0,0,0,0,0,0,0,0,25,12,23,21,4,4,30,40,
..\..\..\files\Weather\MIRA\daily\AN001_Agugliano.csv,10/17/2020 12:00:00 AM,16.14,7.5200005,8.529166,23,96.31964,54.52444,0,-2.1232479,2.1867516,3.7692866,1973.1986,73.08143,88.20096,88,1.9976044,0,0,1,0,0,0,1,0,0,0,0,0,0,0,0,0,25,12,24,21,4,4,31,40,
..\..\..\files\Weather\MIRA\daily\AN001_Agugliano.csv,10/18/2020 12:00:00 AM,17.8,5.9799995,0,0,89.792595,41.157715,0,-3.3363962,2.5736036,3.8731642,1977.0718,73.22488,88.202644,88,1.9933891,0,0,0,0,0,0,0,0,0,0,0,0,0,0,0,0,25,12,24,21,4,4,31,40,
..\..\..\files\Weather\MIRA\daily\AN001_Agugliano.csv,10/19/2020 12:00:00 AM,18.12,5.9699993,0,0,89.23177,40.05786,0,-3.361651,2.7133498,4.137535,1981.2094,73.37812,88.204445,88,1.9888878,0,0,0,0,0,0,0,0,0,0,0,0,0,0,0,0,25,12,24,21,4,4,31,40,
..\..\..\files\Weather\MIRA\daily\AN001_Agugliano.csv,10/20/2020 12:00:00 AM,19.02,6.5599995,0,0,89.13306,39.392582,0,-2.965137,3.2648635,5.3326874,1986.542,73.57563,88.20677,88,1.9830704,0,0,0,0,0,0,0,0,0,0,0,0,0,0,0,0,25,12,24,21,4,4,31,40,
..\..\..\files\Weather\MIRA\daily\AN001_Agugliano.csv,10/21/2020 12:00:00 AM,19.35,6.66,0,0,88.75363,38.69183,0,-2.9004571,3.4445431,5.6556396,1992.1976,73.785095,88.209236,88,1.9769096,0,0,0,0,0,0,0,0,0,0,0,0,0,0,0,0,25,12,24,21,4,4,31,40,
..\..\..\files\Weather\MIRA\daily\AN001_Agugliano.csv,10/22/2020 12:00:00 AM,20.51,7.0300007,0,0,87.293365,36.327534,0,-2.6428146,4.097185,6.730201,1998.9279,74.03436,88.212166,88,1.9695854,0,0,0,0,0,0,0,0,0,0,0,0,0,0,0,0,25,12,24,21,4,4,31,40,
..\..\..\files\Weather\MIRA\daily\AN001_Agugliano.csv,10/23/2020 12:00:00 AM,21.57,8.96,0.045833334,1,100,39.898865,0,-0.99711275,5.3078866,8.5155735,2007.4435,74.34976,88.21588,88,1.9602966,0,0,0,0,0,0,0,0,0,0,0,0,0,0,1,1,25,12,24,21,4,4,31,40,
..\..\..\files\Weather\MIRA\daily\AN001_Agugliano.csv,10/24/2020 12:00:00 AM,21.879997,11.791036,1.9083334,24,100,72.195885,0,0,6.835516,9.973597,2017.4171,74.719154,88.22022,88,1.9494438,0,0,0,0,0,0,0,1,1,0,0,0,0,0,1,0,25,12,24,21,4,4,31,41,
..\..\..\files\Weather\MIRA\daily\AN001_Agugliano.csv,10/25/2020 12:00:00 AM,16.11,11.05,19.645834,23,100,76.201065,0,0,3.58,6.4739103,2023.891,74.95892,88.223045,88,1.9423866,1,0,1,0,0,0,1,1,1,1,1,0,0,0,0,1,26,12,25,21,4,4,32,42,
..\..\..\files\Weather\MIRA\daily\AN001_Agugliano.csv,10/26/2020 12:00:00 AM,20.02,10.21,0.041666668,6,96.558525,51.3688,0,0,0,0,0,0,0,0,0,0,0,0,0,0,0,0,0,0,0,0,0,0,0,0,0,0,0,0,0,0,0,0,0,
..\..\..\files\Weather\MIRA\daily\AN001_Agugliano.csv,10/27/2020 12:00:00 AM,21.53,10.279942,0.9583334,23,98.67847,55.308254,0,0,0,0,0,0,0,0,0,0,0,0,0,0,0,0,1,0,0,0,0,0,0,0,0,0,0,0,0,0,0,0,1,
..\..\..\files\Weather\MIRA\daily\AN001_Agugliano.csv,10/28/2020 12:00:00 AM,19.43,8.197767,0,3,93.89257,46.84169,-1.6576471,-1.6576471,0,0,0,0,0,0,0,0,0,0,0,0,0,0,0,0,0,0,0,0,0,0,0,0,0,0,0,0,0,0,0,
..\..\..\files\Weather\MIRA\daily\AN001_Agugliano.csv,10/29/2020 12:00:00 AM,17.51,6.6000004,0,3,91.87768,44.764812,-4.527858,-2.8702104,0,0,0,0,0,0,0,0,0,0,0,0,0,0,0,0,0,0,0,0,0,0,0,0,0,0,0,0,0,0,0,
..\..\..\files\Weather\MIRA\daily\AN001_Agugliano.csv,10/30/2020 12:00:00 AM,18,7.8699994,0,5,94.395164,48.643833,-6.433924,-1.9060664,0,0,0,0,0,0,0,0,0,0,0,0,0,0,0,0,0,0,0,0,0,0,0,0,0,0,0,0,0,0,0,
..\..\..\files\Weather\MIRA\daily\AN001_Agugliano.csv,10/31/2020 12:00:00 AM,19.99,7.6000004,0,0,89.85975,40.152607,-8.601479,-2.1675544,0,0,0,0,0,0,0,0,0,0,0,0,0,0,0,0,0,0,0,0,0,0,0,0,0,0,0,0,0,0,0,
..\..\..\files\Weather\MIRA\daily\AN001_Agugliano.csv,11/1/2020 12:00:00 AM,19.82,7.75,0,1,90.60127,41.333492,-10.641765,-2.0402858,0,0,0,0,0,0,0,0,0,0,0,0,0,0,0,0,0,0,0,0,0,0,0,0,0,0,0,0,0,0,0,
..\..\..\files\Weather\MIRA\daily\AN001_Agugliano.csv,11/2/2020 12:00:00 AM,19.82,7.6900005,0,1,90.447,41.094627,-12.73181,-2.0900447,0,0,0,0,0,0,0,0,0,0,0,0,0,0,0,0,0,0,0,0,0,0,0,0,0,0,0,0,0,0,0,
..\..\..\files\Weather\MIRA\daily\AN001_Agugliano.csv,11/3/2020 12:00:00 AM,19.77,9.860001,0,6,100,50.766216,-12.87082,-0.13901043,0,0,0,0,0,0,0,0,0,0,0,0,0,0,0,0,0,0,0,0,0,0,0,0,0,0,0,0,0,0,0,
..\..\..\files\Weather\MIRA\daily\AN001_Agugliano.csv,11/4/2020 12:00:00 AM,18.98,13.850193,0,15,100,81.7451,-12.87082,0,0,0,0,0,0,0,0,0,0,0,0,0,0,0,0,0,0,0,0,0,0,0,0,0,0,0,0,0,0,0,0,
..\..\..\files\Weather\MIRA\daily\AN001_Agugliano.csv,11/5/2020 12:00:00 AM,17.29,13.26,0,17,100,85.04432,-12.87082,0,0,0,0,0,0,0,0,0,0,0,0,0,0,0,0,0,0,0,0,0,0,0,0,0,0,0,0,0,0,0,0,
..\..\..\files\Weather\MIRA\daily\AN001_Agugliano.csv,11/6/2020 12:00:00 AM,15.64,8.162826,0,23,100,83.7066,-14.482294,-1.6114736,0,0,0,0,0,0,0,0,0,0,0,0,0,0,1,0,0,0,0,0,0,0,0,0,0,0,0,0,0,0,1,
..\..\..\files\Weather\MIRA\daily\AN001_Agugliano.csv,11/7/2020 12:00:00 AM,16.98,6.6499996,0,3,92.82743,46.930653,-17.289095,-2.8068008,0,0,0,0,0,0,0,0,0,0,0,0,0,0,0,0,0,0,0,0,0,0,0,0,0,0,0,0,0,0,0,
..\..\..\files\Weather\MIRA\daily\AN001_Agugliano.csv,11/8/2020 12:00:00 AM,18.56,5.5599995,0,0,87.411674,37.103672,-20.97088,-3.681785,0,0,0,0,0,0,0,0,0,0,0,0,0,0,0,0,0,0,0,0,0,0,0,0,0,0,0,0,0,0,0,
..\..\..\files\Weather\MIRA\daily\AN001_Agugliano.csv,11/9/2020 12:00:00 AM,18.76,6.5200005,0,0,89.51619,40.099014,-23.956175,-2.9852939,0,0,0,0,0,0,0,0,0,0,0,0,0,0,0,0,0,0,0,0,0,0,0,0,0,0,0,0,0,0,0,
..\..\..\files\Weather\MIRA\daily\AN001_Agugliano.csv,11/10/2020 12:00:00 AM,18.32,6.74,0,1,90.87975,42.485317,-26.757298,-2.8011227,0,0,0,0,0,0,0,0,0,0,0,0,0,0,0,0,0,0,0,0,0,0,0,0,0,0,0,0,0,0,0,
..\..\..\files\Weather\MIRA\daily\AN001_Agugliano.csv,11/11/2020 12:00:00 AM,17.49,6.3799996,0,4,91.90601,43.88627,-29.78754,-3.0302432,0,0,0,0,0,0,0,0,0,0,0,0,0,0,0,0,0,0,0,0,0,0,0,0,0,0,0,0,0,0,0,
..\..\..\files\Weather\MIRA\daily\AN001_Agugliano.csv,11/12/2020 12:00:00 AM,15.4,8.1,0,7,98.80384,61.006695,-31.440279,-1.6527394,0,0,0,0,0,0,0,0,0,0,0,0,0,0,0,0,0,0,0,0,0,0,0,0,0,0,0,0,0,0,0,
..\..\..\files\Weather\MIRA\daily\AN001_Agugliano.csv,11/13/2020 12:00:00 AM,15.36,8.9351635,0,10,100,72.451996,-32.416874,-0.9765942,0,0,0,0,0,0,0,0,0,0,0,0,0,0,0,0,0,0,0,0,0,0,0,0,0,0,0,0,0,0,0,
..\..\..\files\Weather\MIRA\daily\AN001_Agugliano.csv,11/14/2020 12:00:00 AM,16.95,7.5599995,0,6,100,51.366703,-34.539856,-2.1229825,0,0,0,0,0,0,0,0,0,0,0,0,0,0,0,0,0,0,0,0,0,0,0,0,0,0,0,0,0,0,0,
..\..\..\files\Weather\MIRA\daily\AN001_Agugliano.csv,11/15/2020 12:00:00 AM,13.22,9.86,0,15,100,84.59042,-34.67694,-0.13708365,0,0,0,0,0,0,0,0,0,0,0,0,0,0,0,0,0,0,0,0,0,0,0,0,0,0,0,0,0,0,0,
..\..\..\files\Weather\MIRA\daily\AN001_Agugliano.csv,11/16/2020 12:00:00 AM,15.550001,9.600001,1.0083333,9,100,69.502235,-35.06349,-0.3865528,0,0,0,0,0,0,0,0,0,0,0,0,0,0,0,0,0,0,0,0,0,0,0,0,0,0,0,0,0,0,0,
..\..\..\files\Weather\MIRA\daily\AN001_Agugliano.csv,11/17/2020 12:00:00 AM,15.210001,9.764232,23.191666,24,100,81.15611,-35.294155,-0.23066425,0,0,0,0,0,0,0,1,0,1,0,0,0,1,0,0,0,0,0,0,0,0,0,1,0,1,0,0,0,1,0,
..\..\..\files\Weather\MIRA\daily\AN001_Agugliano.csv,11/18/2020 12:00:00 AM,16.2,5.3996606,0,6,99.29885,60.509003,-38.91475,-3.620596,0,0,0,0,0,0,0,1,0,0,0,0,0,0,0,0,0,0,0,0,0,0,0,1,0,0,0,0,0,0,0,
..\..\..\files\Weather\MIRA\daily\AN001_Agugliano.csv,11/19/2020 12:00:00 AM,16.18,3.5499997,0.2,1,85.85066,36.799095,-43.717777,-4.8030286,0,0,0,0,0,0,0,0,0,0,0,0,0,0,0,0,0,0,0,0,0,0,0,0,0,0,0,0,0,0,0,
..\..\..\files\Weather\MIRA\daily\AN001_Agugliano.csv,11/20/2020 12:00:00 AM,16.04,5.2000003,4.9875,24,100,43.84457,-47.455048,-3.7372694,0,0,0,0,0,0,0,0,0,0,0,0,0,0,0,0,0,0,0,0,0,0,0,0,0,0,0,0,0,0,0,
..\..\..\files\Weather\MIRA\daily\AN001_Agugliano.csv,11/21/2020 12:00:00 AM,12.25,2.3770132,8.9125,23,100,73.466,-52.13516,-4.680112,0,0,0,0,0,0,0,0,0,0,0,0,0,1,0,0,0,0,0,0,0,0,0,0,0,0,0,0,0,1,0,
..\..\..\files\Weather\MIRA\daily\AN001_Agugliano.csv,11/22/2020 12:00:00 AM,11.51,0.8100004,0,0,82.199394,39.24818,-57.378613,-5.243453,0,0,0,0,0,0,0,0,0,0,0,0,0,0,0,0,0,0,0,0,0,0,0,0,0,0,0,0,0,0,0,
..\..\..\files\Weather\MIRA\daily\AN001_Agugliano.csv,11/23/2020 12:00:00 AM,11.76,0.15999985,0,0,86.27817,36.062965,-63.045097,-5.666483,0,0,0,0,0,0,0,0,0,0,0,0,0,0,0,0,0,0,0,0,0,0,0,0,0,0,0,0,0,0,0,
..\..\..\files\Weather\MIRA\daily\AN001_Agugliano.csv,11/24/2020 12:00:00 AM,12.43,4.8720126,0,3,92.99609,56.44653,-66.43345,-3.3883543,0,0,0,0,0,0,0,0,0,0,0,0,0,0,0,0,0,0,0,0,0,0,0,0,0,0,0,0,0,0,0,
..\..\..\files\Weather\MIRA\daily\AN001_Agugliano.csv,11/25/2020 12:00:00 AM,11.12,3.8000002,0,1,90.04781,54.599277,-70.00777,-3.5743167,0,0,0,0,0,0,0,0,0,0,0,0,0,0,0,0,0,0,0,0,0,0,0,0,0,0,0,0,0,0,0,
..\..\..\files\Weather\MIRA\daily\AN001_Agugliano.csv,11/26/2020 12:00:00 AM,13.2,2.5900002,0,0,86.66646,41.7992,-74.8302,-4.8224363,0,0,0,0,0,0,0,0,0,0,0,0,0,0,0,0,0,0,0,0,0,0,0,0,0,0,0,0,0,0,0,
..\..\..\files\Weather\MIRA\daily\AN001_Agugliano.csv,11/27/2020 12:00:00 AM,12.78,5.3,0,6,95.749344,56.4349,-78.0536,-3.2233956,0,0,0,0,0,0,0,0,0,0,0,0,0,0,0,0,0,0,0,0,0,0,0,0,0,0,0,0,0,0,0,
..\..\..\files\Weather\MIRA\daily\AN001_Agugliano.csv,11/28/2020 12:00:00 AM,13.12,8.04,0.079166666,9,100,71.77722,-79.63548,-1.5818899,0,0,0,0,0,0,0,0,0,0,0,0,0,0,0,0,0,0,0,0,0,0,0,0,0,0,0,0,0,0,0,
..\..\..\files\Weather\MIRA\daily\AN001_Agugliano.csv,11/29/2020 12:00:00 AM,12.02,7.7321153,2.0041666,24,100,80.8738,-81.30362,-1.6681365,0,0,0,0,0,0,0,0,0,0,0,0,0,0,0,0,0,0,0,0,0,0,0,0,0,0,0,0,0,0,0,
..\..\..\files\Weather\MIRA\daily\AN001_Agugliano.csv,11/30/2020 12:00:00 AM,10.95,2.9162145,4.2166667,23,99.14545,75.43809,-85.26434,-3.9607239,0,0,0,0,0,0,0,0,0,0,0,0,0,0,0,0,0,0,0,0,0,0,0,0,0,0,0,0,0,0,0,
..\..\..\files\Weather\MIRA\daily\AN001_Agugliano.csv,12/1/2020 12:00:00 AM,11.52,1.4400005,0.2375,1,93.38487,41.848236,-90.18974,-4.925397,0,0,0,0,0,0,0,0,0,0,0,0,0,0,0,0,0,0,0,0,0,0,0,0,0,0,0,0,0,0,0,
..\..\..\files\Weather\MIRA\daily\AN001_Agugliano.csv,12/2/2020 12:00:00 AM,9.71,4.217234,5.9166665,24,96.661026,76.59307,-92.93613,-2.7463832,0,0,0,0,0,0,0,0,0,0,0,0,0,0,0,0,0,0,0,0,0,0,0,0,0,0,0,0,0,0,0,
..\..\..\files\Weather\MIRA\daily\AN001_Agugliano.csv,12/3/2020 12:00:00 AM,9.33,2.5250597,10.445833,23,88.698975,58.681763,-96.3386,-3.40247,0,0,0,0,0,0,0,0,0,0,0,0,0,0,0,0,0,0,0,0,0,0,0,0,0,0,0,0,0,0,0,
..\..\..\files\Weather\MIRA\daily\AN001_Agugliano.csv,12/4/2020 12:00:00 AM,7.8,1.6199999,0,0,83.54438,54.244022,-99.428604,-3.0900002,0,0,0,0,0,0,0,0,0,0,0,0,0,0,0,0,0,0,0,0,0,0,0,0,0,0,0,0,0,0,0,
..\..\..\files\Weather\MIRA\daily\AN001_Agugliano.csv,12/5/2020 12:00:00 AM,11.18,3.4400003,0.32916668,1,92.61199,52.455322,-103.20866,-3.7800517,0,0,0,0,0,0,0,0,0,0,0,0,0,0,0,0,0,0,0,0,0,0,0,0,0,0,0,0,0,0,0,
..\..\..\files\Weather\MIRA\daily\AN001_Agugliano.csv,12/6/2020 12:00:00 AM,16.08,5.2475452,7.8875003,24,99.59618,61.363876,-101.50237,-3.7099473,1.70628,0,0,0,0,0,0,0,0,1,0,0,0,1,0,0,0,0,0,0,0,0,0,0,0,1,0,0,0,1,0,
..\..\..\files\Weather\MIRA\daily\AN001_Agugliano.csv,12/7/2020 12:00:00 AM,12.81,3.9499998,7.4041667,24,89.894516,49.277096,-101.05677,-3.9843965,0.44560394,0,0,0,0,0,0,0,0,0,0,0,0,1,0,0,0,0,0,0,0,0,0,0,0,0,0,0,0,1,0,
..\..\..\files\Weather\MIRA\daily\AN001_Agugliano.csv,12/8/2020 12:00:00 AM,14.09,3.3400002,2.9916668,24,87.44969,42.24527,-100.27872,-4.5969486,0.77805126,0,0,0,0,0,0,0,0,0,0,0,0,1,0,0,0,0,0,0,0,0,0,0,0,0,0,0,0,1,0,
..\..\..\files\Weather\MIRA\daily\AN001_Agugliano.csv,12/9/2020 12:00:00 AM,10.15,4.2800007,5.045833,24,91.337776,61.104782,-100.2768,-2.933083,0.0019165153,0,0,0,0,0,0,0,0,0,0,0,0,0,0,0,0,0,0,0,0,0,0,0,0,0,0,0,0,0,0,
..\..\..\files\Weather\MIRA\daily\AN001_Agugliano.csv,12/10/2020 12:00:00 AM,13.050001,5.5100007,3.6416667,23,93.90576,56.508923,-99.65993,-3.153123,0.61687714,0,0,0,0,0,0,0,0,0,0,0,0,1,0,0,0,0,0,0,0,0,0,0,0,0,0,0,0,1,0,
..\..\..\files\Weather\MIRA\daily\AN001_Agugliano.csv,12/11/2020 12:00:00 AM,9.34,3.55398,0,5,93.44978,70.048775,-99.65993,-2.89301,0,0,0,0,0,0,0,0,0,0,0,0,0,0,0,0,0,0,0,0,0,0,0,0,0,0,0,0,0,0,0,
..\..\..\files\Weather\MIRA\daily\AN001_Agugliano.csv,12/12/2020 12:00:00 AM,9.93,2.46,0,0,86.52071,51.653904,-99.65993,-3.7350001,0,0,0,0,0,0,0,0,0,0,0,0,0,0,0,0,0,0,0,0,0,0,0,0,0,0,0,0,0,0,0,
..\..\..\files\Weather\MIRA\daily\AN001_Agugliano.csv,12/13/2020 12:00:00 AM,10.77,3.6999998,0,0,89.815,55.348503,-99.618,-3.4930696,0.04193074,0,0,0,0,0,0,0,0,0,0,0,0,0,0,0,0,0,0,0,0,0,0,0,0,0,0,0,0,0,0,
..\..\..\files\Weather\MIRA\daily\AN001_Agugliano.csv,12/14/2020 12:00:00 AM,10.37,1.7262285,0,0,88.97228,55.0538,-99.61008,-4.313967,0.007918992,0,0,0,0,0,0,0,0,0,0,0,0,0,0,0,0,0,0,0,0,0,0,0,0,0,0,0,0,0,0,
..\..\..\files\Weather\MIRA\daily\AN001_Agugliano.csv,12/15/2020 12:00:00 AM,12.37,-0.10000038,0,0,79.627335,33.633057,-99.38486,-6.3606167,0.2252165,0,0,0,0,0,0,0,0,0,0,0,0,0,0,0,0,0,0,0,0,0,0,0,0,0,0,0,0,0,0,
..\..\..\files\Weather\MIRA\daily\AN001_Agugliano.csv,12/16/2020 12:00:00 AM,8.52,0.27000046,0,0,80.47294,45.142406,-99.38486,-4.125,0,0,0,0,0,0,0,0,0,0,0,0,0,0,0,0,0,0,0,0,0,0,0,0,0,0,0,0,0,0,0,
..\..\..\files\Weather\MIRA\daily\AN001_Agugliano.csv,12/17/2020 12:00:00 AM,12.07,1.6199999,0,0,84.12919,41.033382,-99.17984,-5.019981,0.20501909,0,0,0,0,0,0,0,0,0,0,0,0,0,0,0,0,0,0,0,0,0,0,0,0,0,0,0,0,0,0,
..\..\..\files\Weather\MIRA\daily\AN001_Agugliano.csv,12/18/2020 12:00:00 AM,12.16,4.1300006,0,2,91.13749,52.52339,-98.88933,-3.7244892,0.2905106,0,0,0,0,0,0,0,0,0,0,0,0,0,0,0,0,0,0,0,0,0,0,0,0,0,0,0,0,0,0,
..\..\..\files\Weather\MIRA\daily\AN001_Agugliano.csv,12/19/2020 12:00:00 AM,11.53,5.1465683,0,6,96.22744,66.84594,-98.70597,-3.0083578,0.18335743,0,0,0,0,0,0,0,0,0,0,0,0,0,0,0,0,0,0,0,0,0,0,0,0,0,0,0,0,0,0,
..\..\..\files\Weather\MIRA\daily\AN001_Agugliano.csv,12/20/2020 12:00:00 AM,10.78,4.18,0,4,92.103745,58.019646,-98.65988,-3.2539089,0.04609088,0,0,0,0,0,0,0,0,0,0,0,0,0,0,0,0,0,0,0,0,0,0,0,0,0,0,0,0,0,0,
..\..\..\files\Weather\MIRA\daily\AN001_Agugliano.csv,12/21/2020 12:00:00 AM,8.87,5.7177672,0,8,95.031105,76.92351,-98.65988,-1.5761161,0,0,0,0,0,0,0,0,0,0,0,0,0,0,0,0,0,0,0,0,0,0,0,0,0,0,0,0,0,0,0,
..\..\..\files\Weather\MIRA\daily\AN001_Agugliano.csv,12/22/2020 12:00:00 AM,9.26,5.1100006,0,5,93.37258,70.27099,-98.65988,-2.0749998,0,0,0,0,0,0,0,0,0,0,0,0,0,0,0,0,0,0,0,0,0,0,0,0,0,0,0,0,0,0,0,
..\..\..\files\Weather\MIRA\daily\AN001_Agugliano.csv,12/23/2020 12:00:00 AM,13.690001,3.9100003,0,1,90.727684,46.06091,-97.96376,-4.19388,0.6961198,0,0,0,0,0,0,0,0,0,0,0,0,0,0,0,0,0,0,0,0,0,0,0,0,0,0,0,0,0,0,
..\..\..\files\Weather\MIRA\daily\AN001_Agugliano.csv,12/24/2020 12:00:00 AM,16.04,8.14,0.15416667,7,98.41317,58.307404,-95.6548,-1.6410375,2.3089623,0,0,0,0,0,0,0,0,0,0,0,0,0,0,0,0,0,0,0,0,0,0,0,0,0,0,0,0,0,0,
..\..\..\files\Weather\MIRA\daily\AN001_Agugliano.csv,12/25/2020 12:00:00 AM,17.2,6.86787,3.7833333,24,100,70.31162,-93.14612,-2.657386,2.5086796,0,0,0,0,0,0,0,0,0,0,0,0,0,1,0,0,0,0,0,0,0,0,0,0,0,0,0,0,0,1,
..\..\..\files\Weather\MIRA\daily\AN001_Agugliano.csv,12/26/2020 12:00:00 AM,13.15,4.50827,6.3416667,24,94.595245,57.661865,-92.572014,-3.7467613,0.5741037,0,0,0,0,0,0,0,0,0,0,0,0,1,0,0,0,0,0,0,0,0,0,0,0,0,0,0,0,1,0,
..\..\..\files\Weather\MIRA\daily\AN001_Agugliano.csv,12/27/2020 12:00:00 AM,8.17,0.563181,20.220833,23,89.63996,66.63339,-92.572014,-3.8034096,0,0,0,0,0,0,0,0,0,0,0,0,0,0,0,0,0,0,0,0,0,0,0,0,0,0,0,0,0,0,0,
..\..\..\files\Weather\MIRA\daily\AN001_Agugliano.csv,12/28/2020 12:00:00 AM,7.1019683,-0.44000006,0.57916665,1,89.067276,47.572685,-92.572014,-3.343819,0,0,0,0,0,0,0,0,0,0,0,0,0,0,0,0,0,0,0,0,0,0,0,0,0,0,0,0,0,0,0,
..\..\..\files\Weather\MIRA\daily\AN001_Agugliano.csv,12/29/2020 12:00:00 AM,13,6.09,13.445833,24,95.49067,60.013725,-91.920784,-2.8037698,0.6512301,0,0,0,0,0,0,0,0,0,0,0,1,1,0,0,0,0,0,0,0,0,0,0,0,0,0,0,1,1,0,
..\..\..\files\Weather\MIRA\daily\AN001_Agugliano.csv,12/30/2020 12:00:00 AM,15.02,4.682723,2.9333334,24,92.218185,48.735714,-90.70187,-3.94973,1.2189091,0,0,0,0,0,0,0,0,0,0,0,0,0,0,0,0,0,0,0,0,0,0,0,0,0,0,0,0,0,0,
..\..\..\files\Weather\MIRA\daily\AN001_Agugliano.csv,12/31/2020 12:00:00 AM,10.76,2.576791,1.3416667,23,89.65702,55.054665,-90.66658,-4.0563126,0.0352918,0,0,0,0,0,0,0,0,0,0,0,0,0,0,0,0,0,0,0,0,0,0,0,0,0,0,0,0,0,0,
..\..\..\files\Weather\MIRA\daily\AN001_Agugliano.csv,1/1/2021 12:00:00 AM,9.96,1.3100004,0,0,83.544266,45.84719,-90.66658,-4.325,0,0,0,0,0,0,0,0,0,0,0,0,0,0,0,0,0,0,0,0,0,0,0,0,0,0,0,0,0,0,0,
..\..\..\files\Weather\MIRA\daily\AN001_Agugliano.csv,1/2/2021 12:00:00 AM,8.85,1.2600002,0,0,84.65109,48.98344,-90.66658,-3.795,0,0,0,0,0,0,0,0,0,0,0,0,0,0,0,0,0,0,0,0,0,0,0,0,0,0,0,0,0,0,0,
..\..\..\files\Weather\MIRA\daily\AN001_Agugliano.csv,1/3/2021 12:00:00 AM,12.27,4.51,0.17083333,4,91.62539,54.12251,-90.334564,-3.5479832,0.3320169,0,0,0,0,0,0,0,0,0,0,0,0,0,0,0,0,0,0,0,0,0,0,0,0,0,0,0,0,0,0,
..\..\..\files\Weather\MIRA\daily\AN001_Agugliano.csv,1/4/2021 12:00:00 AM,13.3,2.659897,3.9291668,23,92.285095,52.583313,-89.82282,-4.808308,0.5117432,0,0,0,0,0,0,0,0,0,0,0,0,0,0,0,0,0,0,0,0,0,0,0,0,0,0,0,0,0,0,
..\..\..\files\Weather\MIRA\daily\AN001_Agugliano.csv,1/5/2021 12:00:00 AM,11.46,1.1499996,0.074999996,1,83.08162,40.78786,-89.719444,-5.051625,0.10337537,0,0,0,0,0,0,0,0,0,0,0,0,0,0,0,0,0,0,0,0,0,0,0,0,0,0,0,0,0,0,
..\..\..\files\Weather\MIRA\daily\AN001_Agugliano.csv,1/6/2021 12:00:00 AM,8.2,0.27999997,1.7249999,23,80.34722,46.094467,-89.719444,-3.9599998,0,0,0,0,0,0,0,0,0,0,0,0,0,0,0,0,0,0,0,0,0,0,0,0,0,0,0,0,0,0,0,
..\..\..\files\Weather\MIRA\daily\AN001_Agugliano.csv,1/7/2021 12:00:00 AM,9.97,0.069999695,0,0,80.37441,40.302494,-89.719444,-4.9500003,0,0,0,0,0,0,0,0,0,0,0,0,0,0,0,0,0,0,0,0,0,0,0,0,0,0,0,0,0,0,0,
..\..\..\files\Weather\MIRA\daily\AN001_Agugliano.csv,1/8/2021 12:00:00 AM,8.45,-0.4499998,0.36666667,1,81.0509,42.055153,-89.719444,-4.0113764,0,0,0,0,0,0,0,0,0,0,0,0,0,0,0,0,0,0,0,0,0,0,0,0,0,0,0,0,0,0,0,
..\..\..\files\Weather\MIRA\daily\AN001_Agugliano.csv,1/9/2021 12:00:00 AM,5.36,2.4500003,8.504167,24,83.54268,68.07977,-89.719444,-1.4549999,0,0,0,0,0,0,0,0,0,0,0,0,0,0,0,0,0,0,0,0,0,0,0,0,0,0,0,0,0,0,0,
..\..\..\files\Weather\MIRA\daily\AN001_Agugliano.csv,1/10/2021 12:00:00 AM,5.15,2.4,2.3708332,24,83.77769,68.53105,-89.719444,-1.375,0,0,0,0,0,0,0,0,0,0,0,0,0,0,0,0,0,0,0,0,0,0,0,0,0,0,0,0,0,0,0,
..\..\..\files\Weather\MIRA\daily\AN001_Agugliano.csv,1/11/2021 12:00:00 AM,5.23,2.6188467,17.104166,24,85.49318,74.51263,-89.719444,-1.3055766,0,0,0,0,0,0,0,0,0,0,0,0,0,0,0,0,0,0,0,0,0,0,0,0,0,0,0,0,0,0,0,
..\..\..\files\Weather\MIRA\daily\AN001_Agugliano.csv,1/12/2021 12:00:00 AM,5.06,0.5748525,1.0541667,23,82.55736,67.48331,-89.719444,-2.2425737,0,0,0,0,0,0,0,0,0,0,0,0,0,0,0,0,0,0,0,0,0,0,0,0,0,0,0,0,0,0,0,
..\..\..\files\Weather\MIRA\daily\AN001_Agugliano.csv,1/13/2021 12:00:00 AM,6.14,-0.3800001,0,0,77.214516,48.62159,-89.719444,-2.8910737,0,0,0,0,0,0,0,0,0,0,0,0,0,0,0,0,0,0,0,0,0,0,0,0,0,0,0,0,0,0,0,
..\..\..\files\Weather\MIRA\daily\AN001_Agugliano.csv,1/14/2021 12:00:00 AM,8.97,-1.5299997,0,0,76.12536,36.321968,-89.719444,-3.8314717,0,0,0,0,0,0,0,0,0,0,0,0,0,0,0,0,0,0,0,0,0,0,0,0,0,0,0,0,0,0,0,
..\..\..\files\Weather\MIRA\daily\AN001_Agugliano.csv,1/15/2021 12:00:00 AM,12.26,-0.47000027,0,0,78.73531,32.607353,-89.51883,-6.1042886,0.20061277,0,0,0,0,0,0,0,0,0,0,0,0,0,0,0,0,0,0,0,0,0,0,0,0,0,0,0,0,0,0,
..\..\..\files\Weather\MIRA\daily\AN001_Agugliano.csv,1/16/2021 12:00:00 AM,7.92,-1.1596887,0,0,79.91895,46.359,-89.51883,-3.4542153,0,0,0,0,0,0,0,0,0,0,0,0,0,0,0,0,0,0,0,0,0,0,0,0,0,0,0,0,0,0,0,
..\..\..\files\Weather\MIRA\daily\AN001_Agugliano.csv,1/17/2021 12:00:00 AM,7.06,-2.5700002,0.104166664,1,72.57763,36.517788,-89.51883,-2.5879333,0,0,0,0,0,0,0,0,0,0,0,0,0,0,0,0,0,0,0,0,0,0,0,0,0,0,0,0,0,0,0,
..\..\..\files\Weather\MIRA\daily\AN001_Agugliano.csv,1/18/2021 12:00:00 AM,6.61,-2.6799998,2.45,24,71.97554,37.04779,-89.51883,-2.3515663,0,0,0,0,0,0,0,0,0,0,0,0,0,0,0,0,0,0,0,0,0,0,0,0,0,0,0,0,0,0,0,
..\..\..\files\Weather\MIRA\daily\AN001_Agugliano.csv,1/19/2021 12:00:00 AM,8.19,-1.0500002,1.2458333,23,76.99874,40.120754,-89.51883,-3.629659,0,0,0,0,0,0,0,0,0,0,0,0,0,0,0,0,0,0,0,0,0,0,0,0,0,0,0,0,0,0,0,
..\..\..\files\Weather\MIRA\daily\AN001_Agugliano.csv,1/20/2021 12:00:00 AM,12.23,-2.33,0,0,74.118256,26.8268,-89.34805,-5.3072042,0.1707726,0,0,0,0,0,0,0,0,0,0,0,0,0,0,0,0,0,0,0,0,0,0,0,0,0,0,0,0,0,0,
..\..\..\files\Weather\MIRA\daily\AN001_Agugliano.csv,1/21/2021 12:00:00 AM,14.34,1.6300001,0,0,82.83259,34.861404,-88.60708,-5.614024,0.7409757,0,0,0,0,0,0,0,0,0,0,0,0,0,0,0,0,0,0,0,0,0,0,0,0,0,0,0,0,0,0,
..\..\..\files\Weather\MIRA\daily\AN001_Agugliano.csv,1/22/2021 12:00:00 AM,11.18,1.5500002,0.11666667,1,84.15931,43.31742,-88.53478,-4.7427053,0.07229495,0,0,0,0,0,0,0,0,0,0,0,0,0,0,0,0,0,0,0,0,0,0,0,0,0,0,0,0,0,0,
..\..\..\files\Weather\MIRA\daily\AN001_Agugliano.csv,1/23/2021 12:00:00 AM,15.55,4.79,2.6833334,24,97.089485,43.729107,-87.10344,-3.948657,1.431343,0,0,0,0,0,0,0,0,0,0,0,0,0,0,0,0,0,0,0,0,0,0,0,0,0,0,0,0,0,0,
..\..\..\files\Weather\MIRA\daily\AN001_Agugliano.csv,1/24/2021 12:00:00 AM,12.66,4.9755335,0.45416665,11,100,75.44481,-86.64306,-3.3818495,0.46038324,0,0,0,0,0,0,0,0,0,0,0,0,0,0,0,0,0,0,0,0,0,0,0,0,0,0,0,0,0,0,
..\..\..\files\Weather\MIRA\daily\AN001_Agugliano.csv,1/25/2021 12:00:00 AM,12.06,1.9112136,10.745833,24,89.71788,50.9774,-86.43399,-4.865324,0.20906942,0,0,0,0,0,0,0,0,0,0,0,0,0,0,0,0,0,0,0,0,0,0,0,0,0,0,0,0,0,0,
..\..\..\files\Weather\MIRA\daily\AN001_Agugliano.csv,1/26/2021 12:00:00 AM,7.63,0.93000007,6.8999996,23,81.67375,51.052326,-86.43399,-3.3500001,0,0,0,0,0,0,0,0,0,0,0,0,0,0,0,0,0,0,0,0,0,0,0,0,0,0,0,0,0,0,0,
..\..\..\files\Weather\MIRA\daily\AN001_Agugliano.csv,1/27/2021 12:00:00 AM,8.84,-0.19516172,0,0,79.79111,42.79573,-86.43399,-4.324527,0,0,0,0,0,0,0,0,0,0,0,0,0,0,0,0,0,0,0,0,0,0,0,0,0,0,0,0,0,0,0,
..\..\..\files\Weather\MIRA\daily\AN001_Agugliano.csv,1/28/2021 12:00:00 AM,9.1,-1.79,0,0,75.5213,35.041634,-86.43399,-3.802112,0,0,0,0,0,0,0,0,0,0,0,0,0,0,0,0,0,0,0,0,0,0,0,0,0,0,0,0,0,0,0,
..\..\..\files\Weather\MIRA\daily\AN001_Agugliano.csv,1/29/2021 12:00:00 AM,11.14,-2.1099997,0,0,74.91301,29.617325,-86.38495,-4.7320457,0.04904154,0,0,0,0,0,0,0,0,0,0,0,0,0,0,0,0,0,0,0,0,0,0,0,0,0,0,0,0,0,0,
..\..\..\files\Weather\MIRA\daily\AN001_Agugliano.csv,1/30/2021 12:00:00 AM,13.52,1.1700001,0,0,82.26095,35.327293,-85.883316,-5.6733646,0.50163573,0,0,0,0,0,0,0,0,0,0,0,0,0,0,0,0,0,0,0,0,0,0,0,0,0,0,0,0,0,0,
..\..\..\files\Weather\MIRA\daily\AN001_Agugliano.csv,1/31/2021 12:00:00 AM,17.84,-0.26000023,0.30416667,1,92.87512,21.752522,-84.18537,-10.489812,1.6979448,0,0,0,0,0,0,0,0,0,0,0,0,0,0,0,0,0,0,0,0,0,0,0,0,0,0,0,0,0,0,
..\..\..\files\Weather\MIRA\daily\AN001_Agugliano.csv,2/1/2021 12:00:00 AM,10.97,6.46,7.0625,24,97.186775,71.629684,-84.08106,-2.1506875,0.10431269,0,0,0,0,0,0,0,0,0,0,0,0,0,0,0,0,0,0,0,0,0,0,0,0,0,0,0,0,0,0,
..\..\..\files\Weather\MIRA\daily\AN001_Agugliano.csv,2/2/2021 12:00:00 AM,11.54,5.0673676,1.5958334,24,95.95516,66.15405,-83.89786,-3.0531147,0.18320212,0,0,0,0,0,0,0,0,0,0,0,0,1,0,0,0,0,0,0,0,0,0,0,0,0,0,0,0,1,0,
..\..\..\files\Weather\MIRA\daily\AN001_Agugliano.csv,2/3/2021 12:00:00 AM,11.23,4.01,1.4375,23,90.58779,55.33871,-83.79308,-3.5052283,0.104771405,0,0,0,0,0,0,0,0,0,0,0,0,0,0,0,0,0,0,0,0,0,0,0,0,0,0,0,0,0,0,
..\..\..\files\Weather\MIRA\daily\AN001_Agugliano.csv,2/4/2021 12:00:00 AM,16.11,3.2999997,0,0,85.29471,36.081844,-82.33594,-4.947853,1.4571469,0,0,0,0,0,0,0,0,0,0,0,0,0,0,0,0,0,0,0,0,0,0,0,0,0,0,0,0,0,0,
..\..\..\files\Weather\MIRA\daily\AN001_Agugliano.csv,2/5/2021 12:00:00 AM,16.31,6.6499996,0,4,93.77772,49.47334,-80.27506,-2.7691255,2.0608745,0,0,0,0,0,0,0,0,0,0,0,0,0,0,0,0,0,0,0,0,0,0,0,0,0,0,0,0,0,0,
..\..\..\files\Weather\MIRA\daily\AN001_Agugliano.csv,2/6/2021 12:00:00 AM,10.32,6.3600006,0,9,96.92997,74.08942,-80.26213,-1.9670702,0.012929271,0,0,0,0,0,0,0,0,0,0,0,0,0,0,0,0,0,0,0,0,0,0,0,0,0,0,0,0,0,0,
..\..\..\files\Weather\MIRA\daily\AN001_Agugliano.csv,2/7/2021 12:00:00 AM,11.55,7.04,0,9,98.66238,72.82006,-79.99578,-1.9886475,0.2663526,0,0,0,0,0,0,0,0,0,0,0,0,0,0,0,0,0,0,0,0,0,0,0,0,0,0,0,0,0,0,
..\..\..\files\Weather\MIRA\daily\AN001_Agugliano.csv,2/8/2021 12:00:00 AM,15.15,9.2,0,9,100,68.99932,-77.767,-0.7462182,2.2287812,0,0,0,0,0,0,0,0,0,0,0,0,0,0,0,0,0,0,0,0,0,0,0,0,0,0,0,0,0,0,
..\..\..\files\Weather\MIRA\daily\AN001_Agugliano.csv,2/9/2021 12:00:00 AM,15.189999,8.25,0,7,99.451,62.877583,-75.826355,-1.5293586,1.9406407,0,0,0,0,0,0,0,0,0,0,0,0,0,0,0,0,0,0,0,0,0,0,0,0,0,0,0,0,0,0,
..\..\..\files\Weather\MIRA\daily\AN001_Agugliano.csv,2/10/2021 12:00:00 AM,16.18,8.995179,0.1,9,100,68.49256,-73.1685,-0.9345567,2.6578534,0,0,0,0,0,0,0,0,0,0,0,0,0,0,0,0,0,0,0,0,0,0,0,0,0,0,0,0,0,0,
..\..\..\files\Weather\MIRA\daily\AN001_Agugliano.csv,2/11/2021 12:00:00 AM,19.05,6.8834324,2.3666668,24,90.9066,42.103874,-69.80262,-2.7174,3.3658834,0,0,0,0,0,0,0,0,0,0,0,0,0,0,0,0,0,0,0,0,0,0,0,0,0,0,0,0,0,0,
..\..\..\files\Weather\MIRA\daily\AN001_Agugliano.csv,2/12/2021 12:00:00 AM,12.79,2.3024113,1.6708335,24,95.01659,59.627937,-69.43151,-4.8726845,0.37111005,0,0,0,0,0,0,0,0,0,0,0,0,0,0,0,0,0,0,0,0,0,0,0,0,0,0,0,0,0,0,
..\..\..\files\Weather\MIRA\daily\AN001_Agugliano.csv,2/13/2021 12:00:00 AM,5.93,0.34971908,3.4875002,24,82.19058,60.937996,-69.43151,-2.7901404,0,0,0,0,0,0,0,0,0,0,0,0,0,0,0,0,0,0,0,0,0,0,0,0,0,0,0,0,0,0,0,
..\..\..\files\Weather\MIRA\daily\AN001_Agugliano.csv,2/14/2021 12:00:00 AM,1.98,0.06999999,7.4750004,23,72.82845,63.468975,-69.43151,-0.955,0,0,0,0,0,0,0,0,0,0,0,0,0,0,0,0,0,0,0,0,0,0,0,0,0,0,0,0,0,0,0,
..\..\..\files\Weather\MIRA\daily\AN001_Agugliano.csv,2/15/2021 12:00:00 AM,4.9,-1.3676325,0,0,75.62726,51.450706,-69.43151,-1.9153963,0,0,0,0,0,0,0,0,0,0,0,0,0,0,0,0,0,0,0,0,0,0,0,0,0,0,0,0,0,0,0,
..\..\..\files\Weather\MIRA\daily\AN001_Agugliano.csv,2/16/2021 12:00:00 AM,7.6800003,-2.9200003,0,0,72.12408,33.890068,-69.43151,-2.7821887,0,0,0,0,0,0,0,0,0,0,0,0,0,0,0,0,0,0,0,0,0,0,0,0,0,0,0,0,0,0,0,
..\..\..\files\Weather\MIRA\daily\AN001_Agugliano.csv,2/17/2021 12:00:00 AM,11.59,-2.1800003,0,0,74.665276,28.504578,-69.339714,-4.9693613,0.091797404,0,0,0,0,0,0,0,0,0,0,0,0,0,0,0,0,0,0,0,0,0,0,0,0,0,0,0,0,0,0,
..\..\..\files\Weather\MIRA\daily\AN001_Agugliano.csv,2/18/2021 12:00:00 AM,14.38,1.1899996,0,0,81.6781,33.22059,-68.61248,-5.8677673,0.72723275,0,0,0,0,0,0,0,0,0,0,0,0,0,0,0,0,0,0,0,0,0,0,0,0,0,0,0,0,0,0,
..\..\..\files\Weather\MIRA\daily\AN001_Agugliano.csv,2/19/2021 12:00:00 AM,15.120001,1.4000001,0,0,81.54053,32.099743,-67.65714,-5.9046645,0.9553355,0,0,0,0,0,0,0,0,0,0,0,0,0,0,0,0,0,0,0,0,0,0,0,0,0,0,0,0,0,0,
..\..\..\files\Weather\MIRA\daily\AN001_Agugliano.csv,2/20/2021 12:00:00 AM,16.32,3.7199998,0,0,86.11116,37.02384,-66.07213,-4.714984,1.5850157,0,0,0,0,0,0,0,0,0,0,0,0,0,0,0,0,0,0,0,0,0,0,0,0,0,0,0,0,0,0,
..\..\..\files\Weather\MIRA\daily\AN001_Agugliano.csv,2/21/2021 12:00:00 AM,16.87,3.6997046,0,0,85.81168,36.05621,-64.280334,-4.7933545,1.791794,0,0,0,0,0,0,0,0,0,0,0,0,0,0,0,0,0,0,0,0,0,0,0,0,0,0,0,0,0,0,
..\..\..\files\Weather\MIRA\daily\AN001_Agugliano.csv,2/22/2021 12:00:00 AM,14.83,1.7899995,0,0,83.92992,34.155613,-63.385822,-5.625487,0.89451295,0,0,0,0,0,0,0,0,0,0,0,0,0,0,0,0,0,0,0,0,0,0,0,0,0,0,0,0,0,0,
..\..\..\files\Weather\MIRA\daily\AN001_Agugliano.csv,2/23/2021 12:00:00 AM,12.98,4.5699997,0,3,91.4424,51.773964,-62.857857,-3.6770334,0.5279665,0,0,0,0,0,0,0,0,0,0,0,0,0,0,0,0,0,0,0,0,0,0,0,0,0,0,0,0,0,0,
..\..\..\files\Weather\MIRA\daily\AN001_Agugliano.csv,2/24/2021 12:00:00 AM,14.59,5.26,0,3,92.061035,49.261227,-61.728806,-3.5359483,1.1290516,0,0,0,0,0,0,0,0,0,0,0,0,0,0,0,0,0,0,0,0,0,0,0,0,0,0,0,0,0,0,
..\..\..\files\Weather\MIRA\daily\AN001_Agugliano.csv,2/25/2021 12:00:00 AM,17.51,3.2999997,0,0,83.37843,32.272377,-59.744286,-5.1204786,1.9845215,0,0,0,0,0,0,0,0,0,0,0,0,0,0,0,0,0,0,0,0,0,0,0,0,0,0,0,0,0,0,
..\..\..\files\Weather\MIRA\daily\AN001_Agugliano.csv,2/26/2021 12:00:00 AM,18.78,4.1900005,0,0,83.54285,31.787857,-57.102463,-4.6531763,2.6418235,0,0,0,0,0,0,0,0,0,0,0,0,0,0,0,0,0,0,0,0,0,0,0,0,0,0,0,0,0,0,
..\..\..\files\Weather\MIRA\daily\AN001_Agugliano.csv,2/27/2021 12:00:00 AM,18.9,3.6399999,0,0,81.95065,29.77486,-54.507114,-5.0346527,2.595347,0,0,0,0,0,0,0,0,0,0,0,0,0,0,0,0,0,0,0,0,0,0,0,0,0,0,0,0,0,0,
..\..\..\files\Weather\MIRA\daily\AN001_Agugliano.csv,2/28/2021 12:00:00 AM,17.07,3.17,0,0,83.69212,33.002895,-52.709095,-5.151982,1.7980179,0,0,0,0,0,0,0,0,0,0,0,0,0,0,0,0,0,0,0,0,0,0,0,0,0,0,0,0,0,0,
..\..\..\files\Weather\MIRA\daily\AN001_Agugliano.csv,3/1/2021 12:00:00 AM,13.25,1.3236401,0,0,83.452576,37.538376,-52.266273,-5.520358,0.44282162,0,0,0,0,0,0,0,0,0,0,0,0,0,0,0,0,0,0,0,0,0,0,0,0,0,0,0,0,0,0,
..\..\..\files\Weather\MIRA\daily\AN001_Agugliano.csv,3/2/2021 12:00:00 AM,12.71,-0.6300001,0,0,78.1494,31.057823,-51.99101,-6.3301425,0.2752661,0,0,0,0,0,0,0,0,0,0,0,0,0,0,0,0,0,0,0,0,0,0,0,0,0,0,0,0,0,0,
..\..\..\files\Weather\MIRA\daily\AN001_Agugliano.csv,3/3/2021 12:00:00 AM,14.5,0.64000034,0,0,80.18474,31.103281,-51.26049,-6.1994805,0.7305195,0,0,0,0,0,0,0,0,0,0,0,0,0,0,0,0,0,0,0,0,0,0,0,0,0,0,0,0,0,0,
..\..\..\files\Weather\MIRA\daily\AN001_Agugliano.csv,3/4/2021 12:00:00 AM,15.27,-0.03999996,0,0,77.774956,27.328344,-50.353474,-8.522071,0.9070184,0,0,0,0,0,0,0,0,0,0,0,0,0,0,0,0,0,0,0,0,0,0,0,0,0,0,0,0,0,0,
..\..\..\files\Weather\MIRA\daily\AN001_Agugliano.csv,3/5/2021 12:00:00 AM,18.18,0.9599991,0,0,76.525925,24.029238,-48.410606,-6.667132,1.9428688,0,0,0,0,0,0,0,0,0,0,0,0,0,0,0,0,0,0,0,0,0,0,0,0,0,0,0,0,0,0,
..\..\..\files\Weather\MIRA\daily\AN001_Agugliano.csv,3/6/2021 12:00:00 AM,15.960001,2.7433586,0.29166666,1,86.40393,37.85247,-47.066784,-5.2644997,1.3438213,0,0,0,0,0,0,0,0,0,0,0,0,0,0,0,0,0,0,0,0,0,0,0,0,0,0,0,0,0,0,
..\..\..\files\Weather\MIRA\daily\AN001_Agugliano.csv,3/7/2021 12:00:00 AM,9.99,0.6668498,6.708333,23,84.03799,46.657673,-47.066784,-4.6615753,0,0,0,0,0,0,0,0,0,0,0,0,0,0,0,0,0,0,0,0,0,0,0,0,0,0,0,0,0,0,0,
..\..\..\files\Weather\MIRA\daily\AN001_Agugliano.csv,3/8/2021 12:00:00 AM,10.44,-1.0100002,0,0,77.68482,34.890305,-47.05833,-4.7679996,0.008454132,0,0,0,0,0,0,0,0,0,0,0,0,0,0,0,0,0,0,0,0,0,0,0,0,0,0,0,0,0,0,
..\..\..\files\Weather\MIRA\daily\AN001_Agugliano.csv,3/9/2021 12:00:00 AM,10.21,0.8299999,0.51666665,1,92.87432,42.92588,-47.05598,-4.6876493,0.0023507471,0,0,0,0,0,0,0,0,0,0,0,0,0,0,0,0,0,0,0,0,0,0,0,0,0,0,0,0,0,0,
..\..\..\files\Weather\MIRA\daily\AN001_Agugliano.csv,3/10/2021 12:00:00 AM,8.96,2.9290986,11.883333,23,95.68535,75.963356,-47.05598,-3.015451,0,0,0,0,0,0,0,0,0,0,0,0,0,0,0,0,0,0,0,0,0,0,0,0,0,0,0,0,0,0,0,
..\..\..\files\Weather\MIRA\daily\AN001_Agugliano.csv,3/11/2021 12:00:00 AM,11.2,1.5100002,0,0,84.05323,43.08171,-46.981678,-4.7706966,0.07430339,0,0,0,0,0,0,0,0,0,0,0,0,0,0,0,0,0,0,0,0,0,0,0,0,0,0,0,0,0,0,
..\..\..\files\Weather\MIRA\daily\AN001_Agugliano.csv,3/12/2021 12:00:00 AM,16.33,-0.48999977,0.05,1,98.703674,23.99493,-45.79057,-9.118246,1.1911087,0,0,0,0,0,0,0,0,0,0,0,0,0,0,0,0,0,0,0,0,0,0,0,0,0,0,0,0,0,0,
..\..\..\files\Weather\MIRA\daily\AN001_Agugliano.csv,3/13/2021 12:00:00 AM,15.88,8.577397,1.15,23,100,72.41829,-43.4233,-1.2840357,2.3672657,0,0,0,0,0,0,0,0,0,0,0,0,0,0,0,0,0,0,0,0,0,0,0,0,0,0,0,0,0,0,
..\..\..\files\Weather\MIRA\daily\AN001_Agugliano.csv,3/14/2021 12:00:00 AM,18.82,6.8199997,0.125,2,90.179115,41.083683,-40.181953,-2.75865,3.24135,0,0,0,0,0,0,0,0,0,0,0,0,0,0,0,0,0,0,0,0,0,0,0,0,0,0,0,0,0,0,
..\..\..\files\Weather\MIRA\daily\AN001_Agugliano.csv,3/15/2021 12:00:00 AM,15.359999,3.168108,2.875,23,91.87855,47.539635,-39.003727,-4.9177203,1.1782252,0,0,0,0,0,0,0,0,0,0,0,0,0,0,0,0,0,0,0,0,0,0,0,0,0,0,0,0,0,0,
..\..\..\files\Weather\MIRA\daily\AN001_Agugliano.csv,3/16/2021 12:00:00 AM,13.24,1.4400005,0,0,83.12482,37.068073,-38.558914,-5.455186,0.44481352,0,0,0,0,0,0,0,0,0,0,0,0,0,0,0,0,0,0,0,0,0,0,0,0,0,0,0,0,0,0,
..\..\..\files\Weather\MIRA\daily\AN001_Agugliano.csv,3/17/2021 12:00:00 AM,13.13,1.3900003,0,0,83.06003,37.172485,-38.14167,-5.4527555,0.4172445,0,0,0,0,0,0,0,0,0,0,0,0,0,0,0,0,0,0,0,0,0,0,0,0,0,0,0,0,0,0,
..\..\..\files\Weather\MIRA\daily\AN001_Agugliano.csv,3/18/2021 12:00:00 AM,13.4,1.755982E-10,0.12916666,1,79.36762,31.566599,-37.710327,-6.2686567,0.4313432,0,0,0,0,0,0,0,0,0,0,0,0,0,0,0,0,0,0,0,0,0,0,0,0,0,0,0,0,0,0,
..\..\..\files\Weather\MIRA\daily\AN001_Agugliano.csv,3/19/2021 12:00:00 AM,8.74,-0.52000046,2.9708333,23,78.56802,40.998447,-37.710327,-4.1246,0,0,0,0,0,0,0,0,0,0,0,0,0,0,0,0,0,0,0,0,0,0,0,0,0,0,0,0,0,0,0,
..\..\..\files\Weather\MIRA\daily\AN001_Agugliano.csv,3/20/2021 12:00:00 AM,9.81,-0.6899996,0,0,78.430984,37.611767,-37.710327,-4.5826716,0,0,0,0,0,0,0,0,0,0,0,0,0,0,0,0,0,0,0,0,0,0,0,0,0,0,0,0,0,0,0,
..\..\..\files\Weather\MIRA\daily\AN001_Agugliano.csv,3/21/2021 12:00:00 AM,10.7,-0.8999996,0,0,80.52861,34.69053,-37.689205,-4.9560347,0.021120679,0,0,0,0,0,0,0,0,0,0,0,0,0,0,0,0,0,0,0,0,0,0,0,0,0,0,0,0,0,0,
..\..\..\files\Weather\MIRA\daily\AN001_Agugliano.csv,3/22/2021 12:00:00 AM,8.22,2.33,0,0,85.93714,56.833534,-37.689205,-2.9450002,0,0,0,0,0,0,0,0,0,0,0,0,0,0,0,0,0,0,0,0,0,0,0,0,0,0,0,0,0,0,0,
..\..\..\files\Weather\MIRA\daily\AN001_Agugliano.csv,3/23/2021 12:00:00 AM,11.25,2.6122792,0,3,92.0188,58.304768,-37.59876,-4.2284136,0.09044631,0,0,0,0,0,0,0,0,0,0,0,0,0,0,0,0,0,0,0,0,0,0,0,0,0,0,0,0,0,0,
..\..\..\files\Weather\MIRA\daily\AN001_Agugliano.csv,3/24/2021 12:00:00 AM,10.96,1.1800003,0,0,83.23071,42.329933,-37.551643,-4.842883,0.047116566,0,0,0,0,0,0,0,0,0,0,0,0,0,0,0,0,0,0,0,0,0,0,0,0,0,0,0,0,0,0,
..\..\..\files\Weather\MIRA\daily\AN001_Agugliano.csv,3/25/2021 12:00:00 AM,14.33,-0.8999996,0,0,76.47023,26.813358,-36.93612,-7.3571177,0.6155253,0,0,0,0,0,0,0,0,0,0,0,0,0,0,0,0,0,0,0,0,0,0,0,0,0,0,0,0,0,0,
..\..\..\files\Weather\MIRA\daily\AN001_Agugliano.csv,3/26/2021 12:00:00 AM,17.3,0.37000084,0,0,76.37709,24.292273,-35.362286,-6.8911657,1.5738332,0,0,0,0,0,0,0,0,0,0,0,0,0,0,0,0,0,0,0,0,0,0,0,0,0,0,0,0,0,0,
..\..\..\files\Weather\MIRA\daily\AN001_Agugliano.csv,3/27/2021 12:00:00 AM,16.94,3.2999997,0,0,84.205666,33.789314,-33.596756,-5.054472,1.765528,0,0,0,0,0,0,0,0,0,0,0,0,0,0,0,0,0,0,0,0,0,0,0,0,0,0,0,0,0,0,
..\..\..\files\Weather\MIRA\daily\AN001_Agugliano.csv,3/28/2021 12:00:00 AM,18.28,6.84,0,1,91.21017,43.04163,-30.600323,-2.7235663,2.996434,0,0,0,0,0,0,0,0,0,0,0,0,0,0,0,0,0,0,0,0,0,0,0,0,0,0,0,0,0,0,
..\..\..\files\Weather\MIRA\daily\AN001_Agugliano.csv,3/29/2021 12:00:00 AM,18.72,6.5399995,0,0,89.641396,40.311127,-27.478878,-2.9685552,3.1214445,0,0,0,0,0,0,0,0,0,0,0,0,0,0,0,0,0,0,0,0,0,0,0,0,0,0,0,0,0,0,
..\..\..\files\Weather\MIRA\daily\AN001_Agugliano.csv,3/30/2021 12:00:00 AM,19.22,6.0599995,0,0,87.47154,36.885033,-24.249077,-3.350198,3.229802,0,0,0,0,0,0,0,0,0,0,0,0,0,0,0,0,0,0,0,0,0,0,0,0,0,0,0,0,0,0,
..\..\..\files\Weather\MIRA\daily\AN001_Agugliano.csv,3/31/2021 12:00:00 AM,20.12,5.26,0,0,83.66756,31.563467,-20.8031,-3.9840243,3.445976,0,0,0,0,0,0,0,0,0,0,0,0,0,0,0,0,0,0,0,0,0,0,0,0,0,0,0,0,0,0,
..\..\..\files\Weather\MIRA\daily\AN001_Agugliano.csv,4/1/2021 12:00:00 AM,21.7,6.25,0,0,82.6554,30.303246,-16.373003,-3.2949028,4.4300976,0,0,0,0,0,0,0,0,0,0,0,0,0,0,0,0,0,0,0,0,0,0,0,0,0,0,0,0,0,0,
..\..\..\files\Weather\MIRA\daily\AN001_Agugliano.csv,4/2/2021 12:00:00 AM,24.7,7.8899994,0,0,78.85832,26.986637,-9.945579,-1.9775763,6.4274244,0,0,0,0,0,0,0,0,0,0,0,0,0,0,0,0,0,0,0,0,0,0,0,0,0,0,0,0,0,0,
..\..\..\files\Weather\MIRA\daily\AN001_Agugliano.csv,4/3/2021 12:00:00 AM,25.470001,8.368241,0,0,85.62996,36.09196,-2.9486108,-1.5539117,6.996968,0,0,0,0,0,0,0,0,0,0,0,0,0,0,0,0,0,0,0,0,0,0,0,0,0,0,0,0,0,0,
..\..\..\files\Weather\MIRA\daily\AN001_Agugliano.csv,4/4/2021 12:00:00 AM,19.49,3.6341283,0,0,87.96655,37.49644,-0.10865021,-5.087975,2.8399606,0,0,0,0,0,0,0,0,0,0,0,0,0,0,0,0,0,0,0,0,0,0,0,0,0,0,0,0,0,0,
..\..\..\files\Weather\MIRA\daily\AN001_Agugliano.csv,4/5/2021 12:00:00 AM,13.1,2.0100002,0,0,84.672585,39.69241,0,-5.1117268,0.43327332,0,0,0,0,0,0,0,0,0,0,0,0,0,0,0,0,0,0,0,0,0,0,0,0,0,0,0,0,0,0,
..\..\..\files\Weather\MIRA\daily\AN001_Agugliano.csv,4/6/2021 12:00:00 AM,14.55,0.25,0.42083335,1,79.16062,29.75529,0,-6.4261365,0.72386366,0,0,0,0,0,0,0,0,0,0,0,0,0,0,0,0,0,0,0,0,0,0,0,0,0,0,0,0,0,0,
..\..\..\files\Weather\MIRA\daily\AN001_Agugliano.csv,4/7/2021 12:00:00 AM,15.32,1.5222342,9.679167,23,85.116875,36.76452,0,-5.8732677,1.0256152,0,0,0,0,0,0,0,0,0,0,0,0,1,0,0,0,0,0,0,0,0,0,0,0,0,0,0,0,1,0,
..\..\..\files\Weather\MIRA\daily\AN001_Agugliano.csv,4/8/2021 12:00:00 AM,9.52,0.14999962,0,0,80.49901,41.844498,0,-4.6850004,0,0,0,0,0,0,0,0,0,0,0,0,0,0,0,0,0,0,0,0,0,0,0,0,0,0,0,0,0,0,0,
..\..\..\files\Weather\MIRA\daily\AN001_Agugliano.csv,4/9/2021 12:00:00 AM,15.120001,-1.1600003,0,0,75.14903,24.568485,0,-7.8264384,0.8051108,0,0,0,0,0,0,0,0,0,0,0,0,0,0,0,0,0,0,0,0,0,0,0,0,0,0,0,0,0,0,
..\..\..\files\Weather\MIRA\daily\AN001_Agugliano.csv,4/10/2021 12:00:00 AM,16.91,2.2999997,0,0,81.713066,30.600786,0,-5.6709104,1.6340895,0,0,0,0,0,0,0,0,0,0,0,0,0,0,0,0,0,0,0,0,0,0,0,0,0,0,0,0,0,0,
..\..\..\files\Weather\MIRA\daily\AN001_Agugliano.csv,4/11/2021 12:00:00 AM,17.61,4.75,0,1,93.188,37.01835,0,-4.178363,2.2516372,2.5844316,2.5844316,0.095719695,10.11965,10,1.7646085,0,0,0,0,0,0,0,0,0,0,0,0,0,0,0,0,0,0,0,0,0,0,0,0,
..\..\..\files\Weather\MIRA\daily\AN001_Agugliano.csv,4/12/2021 12:00:00 AM,15.710001,8.650001,0.33333334,7,99.91423,62.777718,0,-1.2209268,2.309073,4.3632255,6.947657,0.25732064,10.3216505,10,1.932774,0,0,0,0,0,0,0,0,0,0,0,0,0,0,0,0,0,0,0,0,0,0,0,0,
..\..\..\files\Weather\MIRA\daily\AN001_Agugliano.csv,4/13/2021 12:00:00 AM,17.22,7.405681,7.754167,24,100,67.39545,0,-2.2514274,2.655732,4.5812626,11.528919,0.426997,10.533747,10,2.109344,0,0,0,0,0,1,0,1,0,0,0,0,0,0,0,0,0,0,0,0,0,1,0,1,
..\..\..\files\Weather\MIRA\daily\AN001_Agugliano.csv,4/14/2021 12:00:00 AM,11.81,4.7596755,2.0125,23,97.53207,68.889755,0,-3.2928252,0.23233692,0,11.528919,0.426997,10.533747,10,2.109344,0,0,0,0,0,0,0,0,0,0,0,0,0,0,0,0,0,0,0,0,0,0,0,0,
..\..\..\files\Weather\MIRA\daily\AN001_Agugliano.csv,4/15/2021 12:00:00 AM,11.81,3.5500002,0,0,89.24348,50.79332,0,-3.9316888,0.19831122,0,11.528919,0.426997,10.533747,10,2.109344,0,0,0,0,0,0,0,0,0,0,0,0,0,0,0,0,0,0,0,0,0,0,0,0,
..\..\..\files\Weather\MIRA\daily\AN001_Agugliano.csv,4/16/2021 12:00:00 AM,12.48,2.5,0,0,86.25219,43.605473,0,-4.681864,0.30813617,0,11.528919,0.426997,10.533747,10,2.109344,0,0,0,0,0,0,0,0,0,0,0,0,0,0,0,0,0,0,0,0,0,0,0,0,
..\..\..\files\Weather\MIRA\daily\AN001_Agugliano.csv,4/17/2021 12:00:00 AM,13.17,0.8299999,0,0,81.60591,34.987576,0,-5.762832,0.40716776,0,11.528919,0.426997,10.533747,10,2.109344,0,0,0,0,0,0,0,0,0,0,0,0,0,0,0,0,0,0,0,0,0,0,0,0,
..\..\..\files\Weather\MIRA\daily\AN001_Agugliano.csv,4/18/2021 12:00:00 AM,13.36,1.4300003,0,0,83.02697,36.709385,0,-5.4918394,0.47316003,0,11.528919,0.426997,10.533747,10,2.109344,0,0,0,0,0,0,0,0,0,0,0,0,0,0,0,0,0,0,0,0,0,0,0,0,
..\..\..\files\Weather\MIRA\daily\AN001_Agugliano.csv,4/19/2021 12:00:00 AM,13.96,3.29,0,0,87.42125,42.438908,0,-4.600155,0.7348454,0,11.528919,0.426997,10.533747,10,2.109344,0,0,0,0,0,0,0,0,0,0,0,0,0,0,0,0,0,0,0,0,0,0,0,0,
..\..\..\files\Weather\MIRA\daily\AN001_Agugliano.csv,4/20/2021 12:00:00 AM,14.04,3.4000006,0,0,87.64583,42.65794,0,-4.553007,0.7669925,0,11.528919,0.426997,10.533747,10,2.109344,0,0,0,0,0,0,0,0,0,0,0,0,0,0,0,0,0,0,0,0,0,0,0,0,
..\..\..\files\Weather\MIRA\daily\AN001_Agugliano.csv,4/21/2021 12:00:00 AM,17.22,2.7999997,0,0,82.54068,31.406858,0,-5.4024963,1.8075031,0.03316301,11.562082,0.42822528,10.535281,10,2.1106215,0,0,0,0,0,0,0,0,0,0,0,0,0,0,0,0,0,0,0,0,0,0,0,0,
..\..\..\files\Weather\MIRA\daily\AN001_Agugliano.csv,4/22/2021 12:00:00 AM,18.49,3.7899995,0,1,94.7217,31.2834,0,-4.8982964,2.4517038,2.5076585,14.06974,0.5211015,10.651377,10,2.207271,0,0,0,0,0,0,0,0,0,0,0,0,0,0,0,0,0,0,0,0,0,0,0,0,
..\..\..\files\Weather\MIRA\daily\AN001_Agugliano.csv,4/23/2021 12:00:00 AM,16.65,8.287427,0,8,100,64.32528,0,-1.5372143,2.6440725,4.832115,18.901855,0.7000687,10.875086,10,2.393509,0,0,0,0,0,0,0,0,0,0,0,0,0,0,0,0,0,0,0,0,0,0,0,0,
..\..\..\files\Weather\MIRA\daily\AN001_Agugliano.csv,4/24/2021 12:00:00 AM,16.84,6.8199997,0,3,93.48234,48.243675,0,-2.6753895,2.3346107,3.7692866,22.671143,0.83967197,11.024795,11,2.5181415,0,0,0,0,0,0,0,0,0,0,0,0,0,0,0,0,0,0,0,0,0,0,0,0,
..\..\..\files\Weather\MIRA\daily\AN001_Agugliano.csv,4/25/2021 12:00:00 AM,19.08,4.9799995,0,0,84.99219,33.542374,0,-4.1263695,2.923631,4.1121984,26.78334,0.9919756,11.119985,11,2.597387,0,0,0,0,0,0,0,0,0,0,0,0,0,0,0,0,0,0,0,0,0,0,0,0,
..\..\..\files\Weather\MIRA\daily\AN001_Agugliano.csv,4/26/2021 12:00:00 AM,20.71,2.790001,0,0,82.998726,23.362923,0,-5.75955,3.200449,3.6294127,30.412754,1.1263983,11.203999,11,2.6673288,0,0,0,0,0,0,0,0,0,0,0,0,0,0,0,0,0,0,0,0,0,0,0,0,
..\..\..\files\Weather\MIRA\daily\AN001_Agugliano.csv,4/27/2021 12:00:00 AM,18.78,7.7299995,0.20833333,4,100,45.017307,0,-2.0368376,3.488163,6.0194106,36.432163,1.3493394,11.343337,11,2.783328,0,0,0,0,0,0,0,0,0,0,0,0,0,0,0,0,0,0,0,0,0,0,0,0,
..\..\..\files\Weather\MIRA\daily\AN001_Agugliano.csv,4/28/2021 12:00:00 AM,14.43,11.26,4.8791666,24,100,88.18098,0,0,2.8450003,5.4162064,41.84837,1.5499396,11.468712,11,2.8877025,0,0,0,0,0,0,0,0,0,0,0,0,0,0,0,0,0,0,0,0,0,0,0,0,
..\..\..\files\Weather\MIRA\daily\AN001_Agugliano.csv,4/29/2021 12:00:00 AM,14.84,10.788109,2.0125,23,100,81.65255,0,0,2.8140545,5.3692913,47.21766,1.7488022,12.062001,12,3.4678493,0,0,0,0,0,0,1,0,0,0,0,0,0,0,0,0,0,0,0,0,0,0,1,0,
..\..\..\files\Weather\MIRA\daily\AN001_Agugliano.csv,4/30/2021 12:00:00 AM,20.86,9.060001,0,3,91.675606,42.86554,0,-0.90255785,4.997442,8.183733,55.40139,2.0519032,12.188293,12,3.748639,0,0,0,0,0,0,0,0,0,0,0,0,0,0,0,0,0,0,0,0,0,0,1,0,
..\..\..\files\Weather\MIRA\daily\AN001_Agugliano.csv,5/1/2021 12:00:00 AM,23.31,11.08,0.14999999,2,92.92405,41.73315,0,0,7.1949997,10.249859,65.651245,2.4315276,13.009852,13,5.575238,0,0,0,0,0,0,0,0,0,0,0,0,0,0,0,0,0,0,0,0,0,0,1,0,
..\..\..\files\Weather\MIRA\daily\AN001_Agugliano.csv,5/2/2021 12:00:00 AM,21.04,12.68,3.4499998,24,100,59.212326,0,0,6.8600006,9.99308,75.644325,2.8016417,13.125513,13,5.832391,0,0,0,0,0,0,0,1,0,0,0,0,0,0,0,0,0,0,0,0,0,0,1,1,
..\..\..\files\Weather\MIRA\daily\AN001_Agugliano.csv,5/3/2021 12:00:00 AM,22.59,10.252117,0,6,100,59.713394,0,0,6.4210587,9.628855,85.27318,3.1582658,13.236958,13,6.0801687,0,0,0,0,0,0,0,0,0,0,0,0,0,0,0,0,0,0,0,0,0,0,1,1,
..\..\..\files\Weather\MIRA\daily\AN001_Agugliano.csv,5/4/2021 12:00:00 AM,19.24,8.710001,0,3,94.27757,47.59328,0,-1.2109823,4.054017,6.999079,92.272255,3.4174907,14.054373,14,7.8975554,0,0,0,0,0,0,0,0,0,0,0,0,0,0,0,0,0,0,0,0,0,0,1,1,
..\..\..\files\Weather\MIRA\daily\AN001_Agugliano.csv,5/5/2021 12:00:00 AM,21.85,7.26,0,0,84.79471,33.0181,0,-2.4827137,4.8122864,7.7177935,99.99005,3.7033353,14.1258335,14,8.056437,0,0,0,0,0,0,0,0,0,0,0,0,0,0,0,0,0,0,0,0,0,0,1,1,
..\..\..\files\Weather\MIRA\daily\AN001_Agugliano.csv,5/6/2021 12:00:00 AM,22.01,10.22,0,3,91.83349,43.260788,0,0,6.115,9.356038,109.34609,4.049855,16.005808,16,11.323431,0,0,0,0,0,0,0,0,0,0,0,0,0,0,0,0,0,0,0,0,0,0,1,1,
..\..\..\files\Weather\MIRA\daily\AN001_Agugliano.csv,5/7/2021 12:00:00 AM,24.34,11.84,0,0,89.44826,40.759056,0,0,8.09,10.847272,120.19337,4.4516063,32.000946,32,32.369667,0,0,0,0,0,0,0,0,0,0,0,0,0,0,0,0,0,0,0,0,0,0,1,1,
..\..\..\files\Weather\MIRA\daily\AN001_Agugliano.csv,5/8/2021 12:00:00 AM,24.07,10.974705,0,5,95.939186,51.54137,0,0,7.522352,10.483238,130.6766,4.8398743,46.004974,46,50.79602,0,0,0,0,0,0,0,0,0,0,0,0,0,0,0,0,0,0,0,0,0,0,1,1,
..\..\..\files\Weather\MIRA\daily\AN001_Agugliano.csv,5/9/2021 12:00:00 AM,19.22,9.56,0,5,96.54782,51.67852,0,-0.42997837,4.4000206,7.5195646,138.19617,5.1183763,53.017757,53,60.088787,0,0,0,0,0,0,0,0,0,0,0,0,0,0,0,0,0,0,0,0,0,0,1,1,
..\..\..\files\Weather\MIRA\daily\AN001_Agugliano.csv,5/10/2021 12:00:00 AM,22.84,7.51,0,0,82.950226,30.936548,0,-2.2877789,5.377221,8.419339,146.61551,5.430204,53.06453,53,60.322647,0,0,0,0,0,0,0,0,0,0,0,0,0,0,0,0,0,0,0,0,0,0,1,1,
..\..\..\files\Weather\MIRA\daily\AN001_Agugliano.csv,5/11/2021 12:00:00 AM,24.45,11.25,0.1375,1,87.669586,38.16737,0,0,7.8500004,10.699617,157.31512,5.826486,53.123974,53,60.61987,0,0,0,0,0,0,0,0,0,0,0,0,0,0,0,0,0,0,0,0,0,0,1,1,
..\..\..\files\Weather\MIRA\daily\AN001_Agugliano.csv,5/12/2021 12:00:00 AM,25.34,12.360001,3.1625001,24,90.7683,38.949627,0,0,8.85,11.254976,168.5701,6.243337,53.1865,53,60.932503,0,0,0,0,0,0,0,1,0,0,0,0,0,0,0,0,0,0,0,0,0,0,1,2,
..\..\..\files\Weather\MIRA\daily\AN001_Agugliano.csv,5/13/2021 12:00:00 AM,21.72,12.690001,0,6,98.94276,55.868824,0,0,7.205,10.257245,178.82735,6.623235,53.243484,53,61.217422,0,0,0,0,0,0,0,0,0,0,0,0,0,0,0,0,0,0,0,0,0,0,1,2,
..\..\..\files\Weather\MIRA\daily\AN001_Agugliano.csv,5/14/2021 12:00:00 AM,22.26,12.082456,0.30416667,6,96.99223,52.30232,0,0,7.1712284,10.23224,189.05959,7.002207,54.040264,54,65.201324,0,0,0,0,0,0,0,0,0,0,0,0,0,0,0,0,0,0,0,0,0,0,1,2,
..\..\..\files\Weather\MIRA\daily\AN001_Agugliano.csv,5/15/2021 12:00:00 AM,21.829998,10.409999,6.9958334,23,92.77607,44.75186,0,0,6.119999,9.3606205,198.42021,7.3488965,54.081867,54,65.40933,0,1,0,0,0,1,1,1,0,0,0,0,0,0,0,0,0,1,0,0,0,1,2,3,
..\..\..\files\Weather\MIRA\daily\AN001_Agugliano.csv,5/16/2021 12:00:00 AM,20.7,10.96,0.25,6,96.96591,51.999474,0,0,5.83,9.087902,207.50812,7.6854854,54.122257,54,65.61128,0,0,0,0,0,0,0,0,0,0,0,0,0,0,0,0,0,1,0,0,0,1,2,3,
..\..\..\files\Weather\MIRA\daily\AN001_Agugliano.csv,5/17/2021 12:00:00 AM,19.23,11.09,5.75,23,100,59.591656,0,0,5.16,8.403162,215.91129,7.996714,54.159607,54,65.798035,0,1,0,0,0,0,1,1,0,0,0,0,0,0,0,0,0,2,0,0,0,1,3,4,
..\..\..\files\Weather\MIRA\daily\AN001_Agugliano.csv,5/18/2021 12:00:00 AM,23.71,12.400001,0,3,92.69653,45.515694,0,0,8.055,10.826309,226.7376,8.397689,55.006435,55,70.03218,0,0,0,0,0,0,0,0,0,0,0,0,0,0,0,0,0,2,0,0,0,1,3,4,
..\..\..\files\Weather\MIRA\daily\AN001_Agugliano.csv,5/19/2021 12:00:00 AM,24.91,10.348714,0.13333334,1,90.74713,34.49817,0,0,7.6293564,10.555789,237.29338,8.788644,55.045532,55,70.22766,0,0,0,0,0,0,0,0,0,0,0,0,0,0,0,0,0,2,0,0,0,1,3,4,
..\..\..\files\Weather\MIRA\daily\AN001_Agugliano.csv,5/20/2021 12:00:00 AM,17.51,8.5206375,3.0666668,23,98.54615,57.00531,0,-1.3576345,3.1370468,5.6709027,242.96428,8.998677,55.066536,55,70.33268,0,0,0,0,0,0,0,0,0,0,0,0,0,0,0,0,0,2,0,0,0,1,3,4,
..\..\..\files\Weather\MIRA\daily\AN001_Agugliano.csv,5/21/2021 12:00:00 AM,21.23,6.34,0,0,83.96147,31.878185,0,-3.2101812,4.2348185,6.750142,249.71442,9.248682,55.091534,55,70.45767,0,0,0,0,0,0,0,0,0,0,0,0,0,0,0,0,0,2,0,0,0,1,3,4,
..\..\..\files\Weather\MIRA\daily\AN001_Agugliano.csv,5/22/2021 12:00:00 AM,25.32,7.989999,0,1,98.69319,25.676695,0,-1.8934369,6.771563,9.826916,259.54132,9.612641,55.12793,55,70.63965,0,0,0,0,0,0,0,0,0,0,0,0,0,0,0,0,0,2,0,0,0,1,3,4,
..\..\..\files\Weather\MIRA\daily\AN001_Agugliano.csv,5/23/2021 12:00:00 AM,21.690002,15.000001,0,8,100,69.07438,0,0,8.345001,10.994175,270.5355,10.019833,56.0017,56,75.00851,0,0,0,0,0,0,0,0,0,0,0,0,0,0,0,0,0,2,0,0,0,1,3,4,
..\..\..\files\Weather\MIRA\daily\AN001_Agugliano.csv,5/24/2021 12:00:00 AM,25.22,14.49,0.09166667,4,100,47.956596,0,0,9.855,11.656318,282.1918,10.451549,56.038704,56,75.19352,0,0,0,0,0,0,0,0,0,0,0,0,0,0,0,0,0,2,0,0,0,1,3,4,
..\..\..\files\Weather\MIRA\daily\AN001_Agugliano.csv,5/25/2021 12:00:00 AM,22.189999,15.465976,2.1083333,23,100,75.902466,0,0,8.827988,11.244438,293.43625,10.86801,56.0744,56,75.37201,0,0,0,0,0,0,0,1,0,0,0,0,0,0,0,0,0,2,0,0,0,1,3,5,
..\..\..\files\Weather\MIRA\daily\AN001_Agugliano.csv,5/26/2021 12:00:00 AM,26.05,10.746407,0,0,88.548996,41.032383,0,0,8.398203,11.023534,304.45978,11.276288,56.109398,56,75.54699,0,0,0,0,0,0,0,0,0,0,0,0,0,0,0,1,0,2,0,0,0,1,3,5,
..\..\..\files\Weather\MIRA\daily\AN001_Agugliano.csv,5/27/2021 12:00:00 AM,22.79,8.68,0,0,85.95503,34.81671,0,-1.2582564,5.796744,8.995479,313.45526,11.609454,56.137955,56,75.68977,0,0,0,0,0,0,0,0,0,0,0,0,0,0,0,0,0,2,0,0,0,1,3,5,
..\..\..\files\Weather\MIRA\daily\AN001_Agugliano.csv,5/28/2021 12:00:00 AM,24.9,11.300001,0,0,86.449814,36.759247,0,0,8.1,10.853226,324.30847,12.011425,57.025856,57,80.12928,0,0,0,0,0,0,0,0,0,0,0,0,0,0,1,0,0,2,0,0,0,1,3,5,
..\..\..\files\Weather\MIRA\daily\AN001_Agugliano.csv,5/29/2021 12:00:00 AM,22.81,11.780001,0,3,93.67692,46.623863,0,0,7.295,10.322985,334.63147,12.393759,57.05453,57,80.27266,0,0,0,0,0,0,0,0,0,0,0,0,0,0,0,0,0,2,0,0,0,1,3,5,
..\..\..\files\Weather\MIRA\daily\AN001_Agugliano.csv,5/30/2021 12:00:00 AM,24.45,9.950001,0,0,89.85861,33.73434,0,-0.04991293,7.200087,10.253555,344.885,12.773519,57.083015,57,80.41508,0,0,0,0,0,0,0,0,0,0,0,0,0,0,0,1,0,2,0,0,0,1,3,5,
..\..\..\files\Weather\MIRA\daily\AN001_Agugliano.csv,5/31/2021 12:00:00 AM,21.52,11.223876,0,5,98.23498,54.445274,0,0,6.3719387,9.586119,354.47113,13.128561,57.109642,57,80.54821,0,0,0,0,0,0,0,0,0,0,0,0,0,0,0,0,0,2,0,0,0,1,3,5,
..\..\..\files\Weather\MIRA\daily\AN001_Agugliano.csv,6/1/2021 12:00:00 AM,20.63,9.61,0,3,93.62221,46.07473,0,-0.38309908,5.1269,8.359834,362.83096,13.438185,58.00699,58,85.03494,0,0,0,0,0,0,0,0,0,0,0,0,0,0,0,0,0,2,0,0,0,1,3,5,
..\..\..\files\Weather\MIRA\daily\AN001_Agugliano.csv,6/2/2021 12:00:00 AM,23.6,7.76,0,0,81.56706,29.555195,0,-2.081616,5.838384,8.941272,371.77225,13.769342,58.029068,58,85.14534,0,0,0,0,0,0,0,0,0,0,0,0,0,0,0,0,0,2,0,0,0,1,3,5,
..\..\..\files\Weather\MIRA\daily\AN001_Agugliano.csv,6/3/2021 12:00:00 AM,26.13,10.800001,0,0,81.483086,31.154898,0,0,8.465,11.059763,382.832,14.178963,58.056374,58,85.28187,0,0,0,0,0,0,0,0,0,0,0,0,0,0,0,0,0,2,0,0,0,1,3,5,
..\..\..\files\Weather\MIRA\daily\AN001_Agugliano.csv,6/4/2021 12:00:00 AM,26.71,12.260001,0,0,83.07771,33.80873,0,0,9.485001,11.526648,394.35864,14.605875,58.084835,58,85.42418,0,0,0,0,0,0,0,0,0,0,0,0,0,0,0,0,0,2,0,0,0,1,3,5,
..\..\..\files\Weather\MIRA\daily\AN001_Agugliano.csv,6/5/2021 12:00:00 AM,28.98,14.100001,0,0,79.637245,32.010956,0,0,11.540001,11.984318,406.34296,15.049739,59.002983,59,90.014915,0,0,0,0,0,0,0,0,0,0,0,0,0,0,0,0,0,2,0,0,0,1,3,5,
..\..\..\files\Weather\MIRA\daily\AN001_Agugliano.csv,6/6/2021 12:00:00 AM,29.43,16.64,0,1,93.943855,38.632236,0,0,13.035,11.921106,418.26407,15.491262,59.029476,59,90.147385,0,0,0,0,0,0,0,0,0,0,0,0,0,0,0,0,0,2,0,0,0,1,3,5,
..\..\..\files\Weather\MIRA\daily\AN001_Agugliano.csv,6/7/2021 12:00:00 AM,27.14,17.318077,0.2875,7,100,65.02165,0,0,12.229038,11.996123,430.2602,15.935562,59.056133,59,90.28067,0,0,0,0,0,0,0,0,0,0,0,0,0,0,0,1,0,2,0,0,0,1,3,5,
..\..\..\files\Weather\MIRA\daily\AN001_Agugliano.csv,6/8/2021 12:00:00 AM,23.309998,16.29,6.6124997,24,100,67.18393,0,0,9.799999,11.638368,441.89856,16.366613,59.081997,59,90.40999,0,1,1,0,0,0,1,1,0,1,0,0,0,0,1,1,0,3,1,0,0,1,4,6,
..\..\..\files\Weather\MIRA\daily\AN001_Agugliano.csv,6/9/2021 12:00:00 AM,23.94,15.45,0,6,99.74998,58.882774,0,0,9.695,11.602818,453.50137,16.796347,60.007072,60,95.03536,0,0,0,0,0,0,0,0,0,1,0,0,0,0,1,1,0,3,1,0,0,1,4,6,
..\..\..\files\Weather\MIRA\daily\AN001_Agugliano.csv,6/10/2021 12:00:00 AM,27.260002,16.640001,0,3,91.67122,47.943066,0,0,11.950001,11.999815,465.5012,17.240786,60.031315,60,95.15657,0,0,0,0,0,0,0,0,0,0,0,0,0,0,0,0,0,3,1,0,0,1,4,6,
..\..\..\files\Weather\MIRA\daily\AN001_Agugliano.csv,6/11/2021 12:00:00 AM,27.420002,15.590001,0,0,88.58535,42.922523,0,0,11.505001,11.981837,477.48303,17.684557,60.055523,60,95.27762,0,0,0,0,0,0,0,0,0,0,0,0,0,0,0,0,0,3,1,0,0,1,4,6,
..\..\..\files\Weather\MIRA\daily\AN001_Agugliano.csv,6/12/2021 12:00:00 AM,26.93,15.010001,0,0,88.89081,42.705776,0,0,10.970001,11.921173,489.4042,18.126083,60.079605,60,95.398026,0,0,0,0,0,0,0,0,0,0,0,0,0,0,0,0,0,3,1,0,0,1,4,6,
..\..\..\files\Weather\MIRA\daily\AN001_Agugliano.csv,6/13/2021 12:00:00 AM,28.19,15.67,0,0,86.05619,40.06893,0,0,11.93,11.999637,501.40384,18.570513,61.01186,61,100,0,0,0,0,0,0,0,0,0,0,0,0,0,0,0,0,0,3,1,0,0,1,4,6,
..\..\..\files\Weather\MIRA\daily\AN001_Agugliano.csv,6/14/2021 12:00:00 AM,30.96,15.84,0,0,84.709015,30.634426,0,0,13.4,11.855859,513.2597,19.009619,61.033813,61,100,0,0,0,0,0,0,0,0,0,0,0,0,0,0,0,1,0,3,1,0,0,1,4,6,
..\..\..\files\Weather\MIRA\daily\AN001_Agugliano.csv,6/15/2021 12:00:00 AM,26.13,15.130253,0,3,93.33808,49.199165,0,0,10.630127,11.86035,525.12006,19.44889,61.05578,61,100,0,0,0,0,0,0,0,0,0,0,0,0,0,0,0,0,0,3,1,0,0,1,4,6,
..\..\..\files\Weather\MIRA\daily\AN001_Agugliano.csv,6/16/2021 12:00:00 AM,26.73,13.14,0,0,85.09438,36.642284,0,0,9.934999,11.681601,536.80164,19.881542,61.07741,61,100,0,0,0,0,0,0,0,0,0,0,0,0,0,0,0,0,0,3,1,0,0,1,4,6,
..\..\..\files\Weather\MIRA\daily\AN001_Agugliano.csv,6/17/2021 12:00:00 AM,29.4,12.51,0,0,74.62285,26.391914,0,0,10.955,11.918855,548.7205,20.322983,71.01301,71,89.902435,0,0,0,0,0,0,0,0,0,0,0,0,0,0,0,0,0,3,1,0,0,1,4,6,
..\..\..\files\Weather\MIRA\daily\AN001_Agugliano.csv,6/18/2021 12:00:00 AM,31.63,14.960001,0.36666667,1,71.98729,26.27903,0,0,13.295,11.876618,560.59717,20.762857,71.030716,71,89.76963,0,0,0,1,0,0,0,0,0,0,0,0,0,0,0,0,0,3,1,1,0,1,4,6,
..\..\..\files\Weather\MIRA\daily\AN001_Agugliano.csv,6/19/2021 12:00:00 AM,31.66,18.740002,8.433333,23,80.02434,37.068077,0,0,15.200001,11.2519865,571.8492,21.1796,71.0475,71,89.643745,0,1,1,1,0,1,1,1,0,0,0,0,0,0,0,0,0,4,2,2,0,2,5,7,
..\..\..\files\Weather\MIRA\daily\AN001_Agugliano.csv,6/20/2021 12:00:00 AM,31.92,18.87,0,0,79.291405,36.486435,0,0,15.395,11.158627,583.0078,21.592882,71.06414,71,89.51895,0,0,0,0,0,0,0,0,0,0,0,0,0,0,0,0,0,4,2,2,0,2,5,7,
..\..\..\files\Weather\MIRA\daily\AN001_Agugliano.csv,6/21/2021 12:00:00 AM,33.27,20.19,0,0,76.77406,35.539185,0,0,16.73,10.374256,593.3821,21.977116,71.07961,71,89.40291,0,0,0,0,0,0,0,0,0,0,0,0,0,0,0,0,0,4,2,2,0,2,5,7,
..\..\..\files\Weather\MIRA\daily\AN001_Agugliano.csv,6/22/2021 12:00:00 AM,33.99,21.740002,0,0,77.121666,37.718945,0,0,17.865002,9.5095415,602.8916,22.329319,71.093796,71,89.29653,0,0,0,0,0,0,0,0,0,0,0,0,0,0,0,0,0,4,2,2,0,2,5,7,
..\..\..\files\Weather\MIRA\daily\AN001_Agugliano.csv,6/23/2021 12:00:00 AM,32.13,21.082117,0,0,84.102455,44.832184,0,0,16.60606,10.4577055,613.3493,22.71664,71.1094,71,89.17952,0,0,0,0,0,0,0,0,0,0,0,0,0,0,0,0,0,4,2,2,0,2,5,7,
..\..\..\files\Weather\MIRA\daily\AN001_Agugliano.csv,6/24/2021 12:00:00 AM,30.07,19.54,0,0,88.04353,46.940186,0,0,14.805,11.4244375,624.77374,23.139769,71.126434,71,89.05174,0,0,0,0,0,0,0,0,0,0,0,0,0,0,0,0,0,4,2,2,0,2,5,7,
..\..\..\files\Weather\MIRA\daily\AN001_Agugliano.csv,6/25/2021 12:00:00 AM,32.86,21.361155,0,0,83.798256,46.20632,0,0,17.110577,10.10448,634.87823,23.514008,71.1415,71,88.938736,0,0,0,0,0,0,0,0,0,1,1,0,0,0,1,1,0,4,2,2,0,2,5,7,
..\..\..\files\Weather\MIRA\daily\AN001_Agugliano.csv,6/26/2021 12:00:00 AM,30.46,18.971376,0,0,87.11225,46.155872,0,0,14.715687,11.460331,646.33856,23.938465,71.15859,71,88.81056,0,0,0,0,0,0,0,0,0,0,0,0,0,0,0,0,0,4,2,2,0,2,5,7,
..\..\..\files\Weather\MIRA\daily\AN001_Agugliano.csv,6/27/2021 12:00:00 AM,29.82,17.11,0,0,83.42515,38.742043,0,0,13.465,11.842204,658.1808,24.377066,71.176254,71,88.67809,0,0,0,0,0,0,0,0,0,0,0,0,0,0,0,0,0,4,2,2,0,2,5,7,
..\..\..\files\Weather\MIRA\daily\AN001_Agugliano.csv,6/28/2021 12:00:00 AM,31.02,17.22,0,0,79.144905,34.55333,0,0,14.119999,11.67039,669.8512,24.809303,71.193665,71,88.547516,0,0,0,0,0,0,0,0,0,0,0,0,0,0,0,0,0,4,2,2,0,2,5,7,
..\..\..\files\Weather\MIRA\daily\AN001_Agugliano.csv,6/29/2021 12:00:00 AM,32.21,18.36,0,0,77.05447,33.784325,0,0,15.285,11.211959,681.0632,25.22456,72.01319,72,82.40106,0,0,0,0,0,0,0,0,0,0,0,0,0,0,0,0,0,4,2,2,0,2,5,7,
..\..\..\files\Weather\MIRA\daily\AN001_Agugliano.csv,6/30/2021 12:00:00 AM,35.33,19.650002,0,0,68.0237,26.94016,0,0,17.490002,9.815243,690.8784,25.588089,72.025444,72,82.30917,0,0,0,0,0,0,0,0,0,0,0,0,0,0,0,0,0,4,2,2,0,2,5,7,
..\..\..\files\Weather\MIRA\daily\AN001_Agugliano.csv,7/1/2021 12:00:00 AM,33.93,21.093922,0,0,76.387566,36.161163,0,0,17.511961,9.797885,700.67633,25.950974,72.037674,72,82.217445,0,0,0,0,0,0,0,0,0,0,0,0,0,0,0,0,0,4,2,2,0,2,5,7,
..\..\..\files\Weather\MIRA\daily\AN001_Agugliano.csv,7/2/2021 12:00:00 AM,30.85,19.42,0,0,84.713554,42.871468,0,0,15.135,11.2819,711.95825,26.368824,72.05176,72,82.11182,0,0,0,0,0,0,0,0,0,0,0,0,0,0,0,0,0,4,2,2,0,2,5,7,
..\..\..\files\Weather\MIRA\daily\AN001_Agugliano.csv,7/3/2021 12:00:00 AM,29.369999,18.34,0,0,87.95567,45.29732,0,0,13.855,11.747388,723.7056,26.803911,72.06642,72,82.00184,0,0,0,0,0,0,0,0,0,0,0,0,0,0,0,0,0,4,2,2,0,2,5,7,
..\..\..\files\Weather\MIRA\daily\AN001_Agugliano.csv,7/4/2021 12:00:00 AM,31.19,17.33,0.28333333,1,78.93515,34.283222,0,0,14.26,11.625616,735.33124,27.234491,72.08094,72,81.892944,0,0,0,1,0,0,0,0,0,0,0,1,0,0,0,0,0,4,2,3,0,2,5,7,
..\..\..\files\Weather\MIRA\daily\AN001_Agugliano.csv,7/5/2021 12:00:00 AM,31.080002,20.472605,6.5166664,24,90.005424,46.79242,0,0,15.776302,10.960405,746.2916,27.640429,72.09462,72,81.79035,0,1,1,1,0,1,0,1,0,1,1,0,0,0,1,1,0,5,3,4,0,3,5,8,
..\..\..\files\Weather\MIRA\daily\AN001_Agugliano.csv,7/6/2021 12:00:00 AM,27.54,18.757502,0,6,97.03177,58.866756,0,0,13.14875,11.902856,758.19446,28.081278,72.10948,72,81.67889,0,0,0,0,0,0,0,0,0,0,0,0,0,0,0,0,0,5,3,4,0,3,5,8,
..\..\..\files\Weather\MIRA\daily\AN001_Agugliano.csv,7/7/2021 12:00:00 AM,31.74,16.53,0,0,74.92262,30.05324,0,0,14.135,11.665728,769.86017,28.51334,72.12405,72,81.56966,0,0,0,0,0,0,0,0,0,0,0,0,0,0,0,0,0,5,3,4,0,3,5,8,
..\..\..\files\Weather\MIRA\daily\AN001_Agugliano.csv,7/8/2021 12:00:00 AM,34.96,19.57,0,0,68.78366,27.885738,0,0,17.265,9.9892025,779.84937,28.88331,72.13651,72,81.47615,0,0,0,0,0,0,0,0,0,0,0,0,0,0,0,0,0,5,3,4,0,3,5,8,
..\..\..\files\Weather\MIRA\daily\AN001_Agugliano.csv,7/9/2021 12:00:00 AM,35.45,20.71765,0,0,74.37497,33.522205,0,0,18.083824,9.322067,789.17145,29.22857,72.148155,72,81.38884,0,0,0,0,0,0,0,0,0,0,0,0,0,0,0,0,0,5,3,4,0,3,5,8,
..\..\..\files\Weather\MIRA\daily\AN001_Agugliano.csv,7/10/2021 12:00:00 AM,31.02,18.516066,0,0,82.99022,40.39348,0,0,14.768032,11.439433,800.6109,29.652256,72.16244,72,81.28172,0,0,0,0,0,0,0,0,0,0,0,0,0,0,0,0,0,5,3,4,0,3,5,8,
..\..\..\files\Weather\MIRA\daily\AN001_Agugliano.csv,7/11/2021 12:00:00 AM,29.8,16.58,0,0,82.29493,36.99588,0,0,13.189999,11.895771,812.50665,30.092838,77.002365,77,39.988174,0,0,0,0,0,0,0,0,0,0,0,0,0,0,0,0,0,5,3,4,0,3,5,8,
..\..\..\files\Weather\MIRA\daily\AN001_Agugliano.csv,7/12/2021 12:00:00 AM,31.77,17.33,0,0,76.52986,32.240433,0,0,14.549999,11.523885,824.0305,30.51965,77.01324,77,39.933815,0,0,0,0,0,0,0,0,0,0,0,0,0,0,0,0,0,5,3,4,0,3,5,8,
..\..\..\files\Weather\MIRA\daily\AN001_Agugliano.csv,7/13/2021 12:00:00 AM,32.98,19.240002,0,0,75.91556,33.673542,0,0,16.11,10.769968,834.8005,30.918535,77.0234,77,39.883003,0,0,0,0,0,0,0,0,0,0,0,0,0,0,0,0,0,5,3,4,0,3,5,8,
..\..\..\files\Weather\MIRA\daily\AN001_Agugliano.csv,7/14/2021 12:00:00 AM,32.27,20.685295,0,0,83.44177,44.021435,0,0,16.477648,10.541878,845.34235,31.308975,77.03335,77,39.83326,0,0,0,0,0,0,0,0,0,0,0,0,0,0,0,0,0,5,3,4,0,3,5,8,
..\..\..\files\Weather\MIRA\daily\AN001_Agugliano.csv,7/15/2021 12:00:00 AM,29.75,19.039274,0,0,88.33717,46.762283,0,0,14.394638,11.57989,856.92224,31.737862,77.04427,77,39.778633,0,0,0,0,0,0,0,0,0,0,0,0,0,0,0,0,0,5,3,4,0,3,5,8,
..\..\..\files\Weather\MIRA\daily\AN001_Agugliano.csv,7/16/2021 12:00:00 AM,28.71,17.38,0.16666667,1,97.513725,44.414894,0,0,13.044998,11.919578,868.8418,32.179325,77.05553,77,39.722366,0,0,0,0,0,0,0,0,0,0,0,0,0,0,0,0,0,5,3,4,0,3,5,8,
..\..\..\files\Weather\MIRA\daily\AN001_Agugliano.csv,7/17/2021 12:00:00 AM,25.93,19.186705,4.9833336,24,100,69.87148,0,0,12.558353,11.976994,880.8188,32.622917,77.066826,77,39.66587,0,0,0,1,0,0,0,1,0,0,0,0,0,0,0,0,0,5,3,5,0,3,5,9,
..\..\..\files\Weather\MIRA\daily\AN001_Agugliano.csv,7/18/2021 12:00:00 AM,25.870003,18.040003,26.5875,24,99.99984,62.01459,0,0,11.955002,11.999849,892.81866,33.067356,77.07815,77,39.60926,1,1,1,1,1,1,1,1,0,0,0,0,0,0,0,0,1,6,4,6,1,4,6,10,
..\..\..\files\Weather\MIRA\daily\AN001_Agugliano.csv,7/19/2021 12:00:00 AM,27.91,21.473566,3.1625001,23,100,70.8011,0,0,14.691784,11.469743,904.2884,33.492165,77.088974,77,39.55513,1,0,0,1,1,0,1,1,0,0,0,1,0,0,0,0,2,6,4,7,2,4,7,11,
..\..\..\files\Weather\MIRA\daily\AN001_Agugliano.csv,7/20/2021 12:00:00 AM,28.43,20.28,0,5,96.15269,59.00141,0,0,14.355,11.593624,915.882,33.92156,77.099915,77,39.500427,0,0,0,0,0,0,0,0,0,1,1,0,0,0,0,1,2,6,4,7,2,4,7,11,
..\..\..\files\Weather\MIRA\daily\AN001_Agugliano.csv,7/21/2021 12:00:00 AM,30.240002,18.770002,0,0,85.61415,43.08378,0,0,14.505001,11.540463,927.4225,34.34898,77.1108,77,39.44599,0,0,0,0,0,0,0,0,0,0,0,0,0,0,0,0,2,6,4,7,2,4,7,11,
..\..\..\files\Weather\MIRA\daily\AN001_Agugliano.csv,7/22/2021 12:00:00 AM,31.59,18.350002,0,0,79.44145,36.053215,0,0,14.970001,11.355117,938.7776,34.769543,77.12151,77,39.392433,0,0,0,0,0,0,0,0,0,0,0,0,0,0,0,0,2,6,4,7,2,4,7,11,
..\..\..\files\Weather\MIRA\daily\AN001_Agugliano.csv,7/23/2021 12:00:00 AM,30.379997,17.86,0,0,83.00923,39.139713,0,0,14.119999,11.67039,950.448,35.20178,77.13253,77,39.33735,0,0,0,0,0,0,0,0,0,0,0,0,0,0,0,0,2,6,4,7,2,4,7,11,
..\..\..\files\Weather\MIRA\daily\AN001_Agugliano.csv,7/24/2021 12:00:00 AM,30.52,18.19,0,0,83.21823,39.741077,0,0,14.355,11.593624,962.0416,35.631172,77.14347,77,39.282646,0,0,0,0,0,0,0,0,0,0,0,0,0,0,0,0,2,6,4,7,2,4,7,11,
..\..\..\files\Weather\MIRA\daily\AN001_Agugliano.csv,7/25/2021 12:00:00 AM,35.08,19.650002,0,0,77.76499,27.71243,0,0,17.365002,9.912765,971.9544,35.99831,77.152824,77,39.235878,0,0,0,0,0,0,0,0,0,0,0,0,0,0,0,0,2,6,4,7,2,4,7,11,
..\..\..\files\Weather\MIRA\daily\AN001_Agugliano.csv,7/26/2021 12:00:00 AM,33.5,24.17,0,0,84.37272,49.13328,0,0,18.835,8.627701,980.5821,36.317856,77.160965,77,39.195175,0,0,0,0,0,0,0,0,0,0,0,0,0,0,0,0,2,6,4,7,2,4,7,11,
..\..\..\files\Weather\MIRA\daily\AN001_Agugliano.csv,7/27/2021 12:00:00 AM,33.56,23.632885,0,0,86.12279,52.810555,0,0,18.596443,8.856728,989.43884,36.64588,77.16932,77,39.153404,0,0,0,0,0,0,0,0,0,0,0,0,0,0,0,0,2,6,4,7,2,4,7,11,
..\..\..\files\Weather\MIRA\daily\AN001_Agugliano.csv,7/28/2021 12:00:00 AM,34.84,21.71,0,0,73.578384,34.261616,0,0,18.275,9.152808,998.5917,36.984875,77.177956,77,39.11022,0,0,0,0,0,0,0,0,0,0,0,0,0,0,0,0,2,6,4,7,2,4,7,11,
..\..\..\files\Weather\MIRA\daily\AN001_Agugliano.csv,7/29/2021 12:00:00 AM,36.54,20.900002,0,0,73.607315,26.283533,0,0,18.720001,8.739093,1007.33075,37.308548,77.1862,77,39.068985,0,0,0,0,0,0,0,0,0,0,0,0,0,0,0,0,2,6,4,7,2,4,7,11,
..\..\..\files\Weather\MIRA\daily\AN001_Agugliano.csv,7/30/2021 12:00:00 AM,33.02,21.83,0,0,81.3042,42.21501,0,0,17.425,9.866229,1017.19696,37.67396,77.19552,77,39.022408,0,0,0,0,0,0,0,0,0,0,0,0,0,0,0,0,2,6,4,7,2,4,7,11,
..\..\..\files\Weather\MIRA\daily\AN001_Agugliano.csv,7/31/2021 12:00:00 AM,35.1,20.09,0,0,69.26597,28.777546,0,0,17.595,9.731634,1026.9286,38.034393,77.2047,77,38.976517,0,0,0,0,0,0,0,0,0,0,0,0,0,0,0,0,2,6,4,7,2,4,7,11,
..\..\..\files\Weather\MIRA\daily\AN001_Agugliano.csv,8/1/2021 12:00:00 AM,35.14,21.78,0,0,72.49636,33.343872,0,0,18.46,8.984163,1035.9127,38.367138,77.21317,77,38.934135,0,0,0,0,0,0,0,0,0,0,0,0,0,0,0,0,2,6,4,7,2,4,7,11,
..\..\..\files\Weather\MIRA\daily\AN001_Agugliano.csv,8/2/2021 12:00:00 AM,35.31,22.382532,0,0,80.94674,36.25478,0,0,18.846268,8.616687,1044.5294,38.686275,77.221306,77,38.89347,0,0,0,0,0,0,0,0,1,0,0,1,0,0,1,1,2,6,4,7,2,4,7,11,
..\..\..\files\Weather\MIRA\daily\AN001_Agugliano.csv,8/3/2021 12:00:00 AM,30.79,20.145977,0,0,88.410866,49.320976,0,0,15.467989,11.122286,1055.6517,39.098213,77.231804,77,38.84098,0,0,0,0,0,0,0,0,1,1,1,0,1,0,1,1,2,6,4,7,2,4,7,11,
..\..\..\files\Weather\MIRA\daily\AN001_Agugliano.csv,8/4/2021 12:00:00 AM,30.73,18.33,0,0,82.72509,39.37857,0,0,14.529999,11.531288,1067.183,39.525295,78.00568,78,34.97162,0,0,0,0,0,0,0,0,1,0,0,0,0,0,1,1,2,6,4,7,2,4,7,11,
..\..\..\files\Weather\MIRA\daily\AN001_Agugliano.csv,8/5/2021 12:00:00 AM,31.53,18.78,0,0,83.83496,37.714897,0,0,15.155001,11.272759,1078.4557,39.942802,78.01428,78,34.92859,0,0,0,0,0,0,0,0,0,0,0,0,0,0,0,0,2,6,4,7,2,4,7,11,
..\..\..\files\Weather\MIRA\daily\AN001_Agugliano.csv,8/6/2021 12:00:00 AM,31.470001,22.130857,0,1,90.33971,54.97402,0,0,16.80043,10.32587,1088.7816,40.325245,78.02217,78,34.889145,0,0,0,0,0,0,0,0,0,0,0,0,0,0,0,0,2,6,4,7,2,4,7,11,
..\..\..\files\Weather\MIRA\daily\AN001_Agugliano.csv,8/7/2021 12:00:00 AM,30.82,20.532516,0,0,87.60425,47.894714,0,0,15.676258,11.014417,1099.796,40.733185,78.03058,78,34.847107,0,0,0,0,0,0,0,0,0,0,0,0,0,0,0,0,2,6,4,7,2,4,7,11,
..\..\..\files\Weather\MIRA\daily\AN001_Agugliano.csv,8/8/2021 12:00:00 AM,32.67,18.45,0,0,75.45616,32.418396,0,0,15.559999,11.075394,1110.8715,41.143387,78.03904,78,34.804802,0,0,0,0,0,0,0,0,0,0,0,0,0,0,0,0,2,6,4,7,2,4,7,11,
..\..\..\files\Weather\MIRA\daily\AN001_Agugliano.csv,8/9/2021 12:00:00 AM,34.8,22.32,0,0,74.99263,36.324047,0,0,18.56,8.89102,1119.7625,41.472683,78.04583,78,34.77085,0,0,0,0,0,0,0,0,0,0,0,0,0,0,0,0,2,6,4,7,2,4,7,11,
..\..\..\files\Weather\MIRA\daily\AN001_Agugliano.csv,8/10/2021 12:00:00 AM,33.81,23,0,0,82.10558,42.956093,0,0,18.405,9.034798,1128.7972,41.807304,78.05273,78,34.736366,0,0,0,0,0,0,0,0,0,0,0,0,0,0,0,0,2,6,4,7,2,4,7,11,
..\..\..\files\Weather\MIRA\daily\AN001_Agugliano.csv,8/11/2021 12:00:00 AM,31.74,22.83,0,0,88.827545,52.686424,0,0,17.285,9.974028,1138.7712,42.176712,78.06034,78,34.698296,0,0,0,0,0,0,0,0,0,0,0,0,0,0,0,0,2,6,4,7,2,4,7,11,
..\..\..\files\Weather\MIRA\daily\AN001_Agugliano.csv,8/12/2021 12:00:00 AM,32.28,22.05,0,0,84.83888,46.546024,0,0,17.164999,10.064236,1148.8354,42.54946,78.06803,78,34.659843,0,0,0,0,0,0,0,0,0,0,0,0,0,0,0,0,2,6,4,7,2,4,7,11,
..\..\..\files\Weather\MIRA\daily\AN001_Agugliano.csv,8/13/2021 12:00:00 AM,33.87,20.37,0,0,74.74427,33.83147,0,0,17.119999,10.097542,1158.933,42.923443,78.075745,78,34.621277,0,0,0,0,0,0,0,0,0,0,0,0,0,0,0,0,2,6,4,7,2,4,7,11,
..\..\..\files\Weather\MIRA\daily\AN001_Agugliano.csv,8/14/2021 12:00:00 AM,34.01,19.86,0,0,73.12839,31.822342,0,0,16.935,10.231475,1169.1644,43.302387,78.08356,78,34.582214,0,0,0,0,0,0,0,0,0,0,0,0,0,0,0,0,2,6,4,7,2,4,7,11,
..\..\..\files\Weather\MIRA\daily\AN001_Agugliano.csv,8/15/2021 12:00:00 AM,34.51,19.060001,0,0,69.52785,27.996958,0,0,16.785,10.33653,1179.501,43.685223,78.091446,78,34.54277,0,0,0,0,0,0,0,0,0,0,0,0,0,0,0,0,2,6,4,7,2,4,7,11,
..\..\..\files\Weather\MIRA\daily\AN001_Agugliano.csv,8/16/2021 12:00:00 AM,35.86,20.48,0,0,67.02408,27.353685,0,0,18.17,9.246402,1188.7474,44.027683,78.09851,78,34.507446,0,0,0,0,0,0,0,0,0,0,0,0,0,0,0,0,2,6,4,7,2,4,7,11,
..\..\..\files\Weather\MIRA\daily\AN001_Agugliano.csv,8/17/2021 12:00:00 AM,38.32,22.611895,0,0,86.38404,26.039978,0,0,20.465946,6.8507867,1195.5983,44.281418,78.10374,78,34.481316,0,0,0,0,0,0,0,0,0,0,0,0,0,0,0,0,2,6,4,7,2,4,7,11,
..\..\..\files\Weather\MIRA\daily\AN001_Agugliano.csv,8/18/2021 12:00:00 AM,29.85,19.569052,0,5,93.18138,56.326313,0,0,14.709526,11.462764,1207.061,44.705963,78.112495,78,34.437523,0,0,0,0,0,0,0,0,0,0,0,0,0,0,0,0,2,6,4,7,2,4,7,11,
..\..\..\files\Weather\MIRA\daily\AN001_Agugliano.csv,8/19/2021 12:00:00 AM,27.489998,18.21,0,5,94.65251,53.931725,0,0,12.849998,11.946749,1219.0078,45.148438,78.12162,78,34.3919,0,0,0,0,0,0,0,0,0,0,0,0,0,0,0,0,2,6,4,7,2,4,7,11,
..\..\..\files\Weather\MIRA\daily\AN001_Agugliano.csv,8/20/2021 12:00:00 AM,28.86,16.49,0,0,85.552155,40.372955,0,0,12.674999,11.966395,1230.9742,45.591637,78.13075,78,34.346237,0,0,0,0,0,0,0,0,0,0,0,0,0,0,0,0,2,6,4,7,2,4,7,11,
..\..\..\files\Weather\MIRA\daily\AN001_Agugliano.csv,8/21/2021 12:00:00 AM,29.63,16.28,0,0,82.24257,36.62968,0,0,12.955,11.932809,1242.9071,46.033596,78.13987,78,34.30065,0,0,0,0,0,0,0,0,0,0,0,0,0,0,0,0,2,6,4,7,2,4,7,11,
..\..\..\files\Weather\MIRA\daily\AN001_Agugliano.csv,8/22/2021 12:00:00 AM,30.189999,16.84,0,0,81.42822,36.391365,0,0,13.514999,11.831282,1254.7384,46.471794,78.1489,78,34.255486,0,0,0,0,0,0,0,0,0,0,0,0,0,0,0,0,2,6,4,7,2,4,7,11,
..\..\..\files\Weather\MIRA\daily\AN001_Agugliano.csv,8/23/2021 12:00:00 AM,34.14,16.57,1.4833332,1,66.55871,23.183275,0,0,15.355,11.178221,1265.9166,46.8858,78.15744,78,34.2128,0,0,0,0,0,0,0,0,0,0,0,0,0,0,0,0,2,6,4,7,2,4,7,11,
..\..\..\files\Weather\MIRA\daily\AN001_Agugliano.csv,8/24/2021 12:00:00 AM,33.06,19.18,34.345833,24,97.50269,33.20274,0,0,16.12,10.764016,1276.6807,47.28447,78.16566,78,34.171715,1,1,1,0,1,0,1,1,0,0,0,0,0,0,0,0,3,7,5,7,3,4,8,12,
..\..\..\files\Weather\MIRA\daily\AN001_Agugliano.csv,8/25/2021 12:00:00 AM,26.05,17.94148,5.75,24,100,69.99518,0,0,11.995739,11.999999,1288.6807,47.728912,78.17482,78,34.1259,1,1,1,0,1,0,1,1,0,0,0,0,0,0,0,0,4,8,6,7,4,4,9,13,
..\..\..\files\Weather\MIRA\daily\AN001_Agugliano.csv,8/26/2021 12:00:00 AM,25.76,16.6,11.020833,23,96.769066,55.147606,0,0,11.18,11.950087,1300.6307,48.17151,78.18395,78,34.08024,1,1,1,0,0,0,1,1,0,0,0,0,0,0,0,0,5,9,7,7,4,4,10,14,
..\..\..\files\Weather\MIRA\daily\AN001_Agugliano.csv,8/27/2021 12:00:00 AM,27.22,15.11,0.05,1,93.04488,41.896057,0,0,11.164999,11.94824,1312.579,48.614037,79.001976,79,29.99012,1,0,0,0,0,0,0,0,0,0,0,0,0,0,0,0,6,9,7,7,4,4,10,14,
..\..\..\files\Weather\MIRA\daily\AN001_Agugliano.csv,8/28/2021 12:00:00 AM,26.129997,15.445474,1.4625,24,100,62.242554,0,0,10.787735,11.890716,1324.4697,49.054436,79.0096,79,29.952011,0,0,0,0,0,0,0,1,0,0,0,0,0,0,0,0,6,9,7,7,4,4,10,15,
..\..\..\files\Weather\MIRA\daily\AN001_Agugliano.csv,8/29/2021 12:00:00 AM,20.14,14.64,7.1875,23,100,76.34304,0,0,7.3899994,10.390957,1334.8607,49.439285,79.016266,79,29.91867,0,1,1,0,0,0,1,1,0,0,0,0,0,0,0,0,6,10,8,7,4,4,11,16,
..\..\..\files\Weather\MIRA\daily\AN001_Agugliano.csv,8/30/2021 12:00:00 AM,22.97,13.131822,0,5,97.136894,52.936394,0,0,8.050911,10.823845,1345.6846,49.84017,79.02321,79,29.883957,0,0,0,0,0,0,0,0,0,0,0,0,0,0,0,0,6,10,8,7,4,4,11,16,
..\..\..\files\Weather\MIRA\daily\AN001_Agugliano.csv,8/31/2021 12:00:00 AM,27.48,10.670001,0.28333333,1,79.35208,26.925236,0,0,9.075001,11.358374,1357.043,50.26085,79.030495,79,29.847527,0,0,0,0,0,0,0,0,0,0,0,0,0,0,0,0,6,10,8,7,4,4,11,16,
..\..\..\files\Weather\MIRA\daily\AN001_Agugliano.csv,9/1/2021 12:00:00 AM,26.9,14.92,6.5166664,23,88.77705,42.479515,0,0,10.91,11.911698,1368.9547,50.702023,79.03813,79,29.809341,0,1,1,0,0,0,1,1,0,0,0,0,0,0,0,0,6,11,9,7,4,4,12,17,
..\..\..\files\Weather\MIRA\daily\AN001_Agugliano.csv,9/2/2021 12:00:00 AM,24.68,14.59,0,5,95.26214,50.897705,0,0,9.635,11.581744,1380.5365,51.13098,79.045555,79,29.772224,0,0,0,0,0,0,0,0,0,0,0,0,0,0,0,0,6,11,9,7,4,4,12,17,
..\..\..\files\Weather\MIRA\daily\AN001_Agugliano.csv,9/3/2021 12:00:00 AM,26,13.720001,0,0,88.88175,41.49708,0,0,9.860001,11.6579275,1392.1945,51.562756,79.05303,79,29.73484,0,0,0,0,0,0,0,0,0,0,0,0,0,0,0,0,6,11,9,7,4,4,12,17,
..\..\..\files\Weather\MIRA\daily\AN001_Agugliano.csv,9/4/2021 12:00:00 AM,25.870003,13.680001,0,0,89.20712,41.861736,0,0,9.775002,11.630057,1403.8245,51.9935,79.06049,79,29.697533,0,0,0,0,0,0,0,0,0,0,0,0,0,0,0,0,6,11,9,7,4,4,12,17,
..\..\..\files\Weather\MIRA\daily\AN001_Agugliano.csv,9/5/2021 12:00:00 AM,25.52,14.39,0,3,92.081,46.195675,0,0,9.955,11.687771,1415.5122,52.42638,79.067986,79,29.660072,0,0,0,0,0,0,0,0,0,0,0,0,0,0,0,0,6,11,9,7,4,4,12,17,
..\..\..\files\Weather\MIRA\daily\AN001_Agugliano.csv,9/6/2021 12:00:00 AM,26.29,15.8,0,3,92.992455,48.805004,0,0,11.045,11.932259,1427.4445,52.868313,79.075645,79,29.621773,0,0,0,0,0,0,0,0,0,0,0,0,0,0,0,0,6,11,9,7,4,4,12,17,
..\..\..\files\Weather\MIRA\daily\AN001_Agugliano.csv,9/7/2021 12:00:00 AM,26.43,16.05,0,3,93.12755,49.25441,0,0,11.24,11.957136,1439.4016,53.31117,84.00094,84,12.497654,0,0,0,0,0,0,0,0,0,0,0,0,0,0,0,0,6,11,9,7,4,4,12,17,
..\..\..\files\Weather\MIRA\daily\AN001_Agugliano.csv,9/8/2021 12:00:00 AM,26.69,15.4,0,1,90.65309,45.292645,0,0,11.045,11.932259,1451.3339,53.75311,84.007744,84,12.48064,0,0,0,0,0,0,0,0,0,0,0,0,0,0,0,0,6,11,9,7,4,4,12,17,
..\..\..\files\Weather\MIRA\daily\AN001_Agugliano.csv,9/9/2021 12:00:00 AM,26.47,15.06,0,1,90.57578,44.853764,0,0,10.764999,11.886565,1463.2205,54.193348,84.01451,84,12.463722,0,0,0,0,0,0,0,0,0,0,0,0,0,0,0,0,6,11,9,7,4,4,12,17,
..\..\..\files\Weather\MIRA\daily\AN001_Agugliano.csv,9/10/2021 12:00:00 AM,26.58,13.17,0,0,85.65978,37.28596,0,0,9.875,11.66273,1474.8832,54.6253,84.02116,84,12.447109,0,0,0,0,0,0,0,0,1,0,0,0,1,0,1,0,6,11,9,7,4,4,12,17,
..\..\..\files\Weather\MIRA\daily\AN001_Agugliano.csv,9/11/2021 12:00:00 AM,26.560001,14.410001,0,0,88.69957,41.898254,0,0,10.485001,11.829075,1486.7123,55.06342,84.0279,84,12.430248,0,0,0,0,0,0,0,0,1,1,1,0,1,0,1,1,6,11,9,7,4,4,12,17,
..\..\..\files\Weather\MIRA\daily\AN001_Agugliano.csv,9/12/2021 12:00:00 AM,26.5,15.09,0,1,90.547195,44.84683,0,0,10.795,11.892025,1498.6042,55.503864,84.034676,84,12.413311,0,0,0,0,0,0,0,0,1,1,1,0,0,0,1,1,6,11,9,7,4,4,12,17,
..\..\..\files\Weather\MIRA\daily\AN001_Agugliano.csv,9/13/2021 12:00:00 AM,26.97,14.76,0,0,88.154236,41.577396,0,0,10.865,11.904237,1510.5085,55.94476,84.04146,84,12.396355,0,0,0,0,0,0,0,0,1,1,1,0,0,0,1,1,6,11,9,7,4,4,12,17,
..\..\..\files\Weather\MIRA\daily\AN001_Agugliano.csv,9/14/2021 12:00:00 AM,28.74,12.6,0,0,77.08571,28.491503,0,0,10.67,11.868385,1522.377,56.38433,88.004524,88,2.4886894,0,0,0,0,0,0,0,0,0,0,0,0,0,0,0,0,6,11,9,7,4,4,12,17,
..\..\..\files\Weather\MIRA\daily\AN001_Agugliano.csv,9/15/2021 12:00:00 AM,30.400002,13.680001,0,0,73.682144,26.558096,0,0,12.040001,11.999883,1534.3768,56.828773,88.00975,88,2.475624,0,0,0,0,0,0,0,0,0,0,0,0,0,0,0,1,6,11,9,7,4,4,12,17,
..\..\..\files\Weather\MIRA\daily\AN001_Agugliano.csv,9/16/2021 12:00:00 AM,30.61,17.900002,0,1,97.52711,38.35732,0,0,14.255001,11.627263,1546.0042,57.25941,88.01482,88,2.4629593,0,0,0,0,0,0,0,0,0,1,1,0,0,0,1,1,6,11,9,7,4,4,12,17,
..\..\..\files\Weather\MIRA\daily\AN001_Agugliano.csv,9/17/2021 12:00:00 AM,26.4,19.86358,0.2375,9,100,70.479706,0,0,13.13179,11.905697,1557.9098,57.70036,88.020004,88,2.4499893,0,0,0,1,0,0,0,0,0,0,0,0,0,0,0,0,6,11,9,8,4,4,12,17,
..\..\..\files\Weather\MIRA\daily\AN001_Agugliano.csv,9/18/2021 12:00:00 AM,28.86,18.32,5.4625,23,89.83638,47.59067,0,0,13.59,11.8142185,1569.724,58.137924,88.025154,88,2.4371147,0,1,1,1,0,0,1,1,0,1,1,0,0,0,1,1,6,12,10,9,4,4,13,18,
..\..\..\files\Weather\MIRA\daily\AN001_Agugliano.csv,9/19/2021 12:00:00 AM,28.01,16.72,0.675,1,89.181206,44.867664,0,0,12.365,11.990161,1581.7141,58.582,88.03038,88,2.4240494,0,0,0,1,0,0,0,0,0,0,0,0,0,0,0,0,6,12,10,10,4,4,13,18,
..\..\..\files\Weather\MIRA\daily\AN001_Agugliano.csv,9/20/2021 12:00:00 AM,28.59,15.821155,15.6375,24,86.466675,41.36932,0,0,12.205578,11.996877,1593.7109,59.02633,88.03561,88,2.410984,1,1,1,1,0,0,1,1,0,0,0,0,0,0,0,0,7,13,11,11,4,4,14,19,
..\..\..\files\Weather\MIRA\daily\AN001_Agugliano.csv,9/21/2021 12:00:00 AM,24.92,14.26,2.5875,24,93.67943,48.298313,0,0,9.59,11.565578,1605.2765,59.454685,88.04064,88,2.3983955,1,0,0,0,0,0,1,1,0,0,0,0,0,0,0,0,8,13,11,11,4,4,15,20,
..\..\..\files\Weather\MIRA\daily\AN001_Agugliano.csv,9/22/2021 12:00:00 AM,22.030003,12.647353,0,6,99.52859,57.12863,0,0,7.3386784,10.354418,1615.6309,59.83818,88.04516,88,2.387104,0,0,0,0,0,0,0,0,0,0,0,0,0,0,0,0,8,13,11,11,4,4,15,20,
..\..\..\files\Weather\MIRA\daily\AN001_Agugliano.csv,9/23/2021 12:00:00 AM,22.54,10.950001,0,3,92.30157,44.20014,0,0,6.745001,9.900716,1625.5316,60.204876,88.04947,88,2.3763275,0,0,0,0,0,0,0,0,0,0,0,0,0,0,0,0,8,13,11,11,4,4,15,20,
..\..\..\files\Weather\MIRA\daily\AN001_Agugliano.csv,9/24/2021 12:00:00 AM,22.93,10.87,0,1,91.046524,42.35416,0,0,6.8999996,10.024701,1635.5563,60.57616,88.05384,88,2.3653984,0,0,0,0,0,0,0,0,0,0,0,0,0,0,0,0,8,13,11,11,4,4,15,20,
..\..\..\files\Weather\MIRA\daily\AN001_Agugliano.csv,9/25/2021 12:00:00 AM,26.989998,9.499999,0,0,79.87452,25.253466,0,-0.49285412,8.252146,10.937787,1646.494,60.981262,88.0586,88,2.3534966,0,0,0,0,0,0,0,0,0,0,0,0,0,0,0,0,8,13,11,11,4,4,15,20,
..\..\..\files\Weather\MIRA\daily\AN001_Agugliano.csv,9/26/2021 12:00:00 AM,26.39,14.450001,0.3125,1,89.36497,42.748234,0,0,10.42,11.814036,1658.3081,61.41882,88.06375,88,2.340622,0,0,0,0,0,0,0,0,0,0,0,0,0,0,0,0,8,13,11,11,4,4,15,20,
..\..\..\files\Weather\MIRA\daily\AN001_Agugliano.csv,9/27/2021 12:00:00 AM,28.91,15.57,7.7291665,24,100,36.935043,0,0,12.24,11.995744,1670.3038,61.863106,88.06898,88,2.3275566,0,1,1,0,0,0,1,1,0,0,0,0,0,0,0,0,8,14,12,11,4,4,16,21,
..\..\..\files\Weather\MIRA\daily\AN001_Agugliano.csv,9/28/2021 12:00:00 AM,21.3,16.25,12.458334,24,100,79.83466,0,0,8.775,11.218761,1681.5226,62.278618,88.07387,88,2.3153305,1,1,1,1,0,0,1,1,0,0,0,0,0,0,0,0,9,15,13,12,4,4,17,22,
..\..\..\files\Weather\MIRA\daily\AN001_Agugliano.csv,9/29/2021 12:00:00 AM,23.9,15.891244,0,6,100,61.859447,0,0,9.895622,11.669279,1693.1919,62.710808,88.07895,88,2.3026276,1,0,0,0,0,0,0,0,0,0,0,0,0,0,0,0,10,15,13,12,4,4,17,22,
..\..\..\files\Weather\MIRA\daily\AN001_Agugliano.csv,9/30/2021 12:00:00 AM,25.69,14.210001,0,1,91.08653,44.71408,0,0,9.950001,11.6862335,1704.8782,63.143635,88.084045,88,2.2898865,0,0,0,0,0,0,0,0,0,0,0,0,0,0,0,0,10,15,13,12,4,4,17,22,
..\..\..\files\Weather\MIRA\daily\AN001_Agugliano.csv,10/1/2021 12:00:00 AM,24.33,13.412323,0,5,96.431046,52.71475,0,0,8.871162,11.265037,1716.1432,63.56086,88.08895,88,2.2776222,0,0,0,0,0,0,0,0,0,0,0,0,0,0,0,0,10,15,13,12,4,4,17,22,
..\..\..\files\Weather\MIRA\daily\AN001_Agugliano.csv,10/2/2021 12:00:00 AM,22.11,11.919999,0,5,95.92352,50.279205,0,0,7.0149994,10.114155,1726.2573,63.93546,88.09336,88,2.2665977,0,0,0,0,0,0,0,0,0,0,0,0,0,0,0,0,10,15,13,12,4,4,17,22,
..\..\..\files\Weather\MIRA\daily\AN001_Agugliano.csv,10/3/2021 12:00:00 AM,22.74,10.530001,0,1,90.70465,41.728306,0,0,6.635,9.810337,1736.0676,64.298805,88.09763,88,2.2559166,0,0,0,0,0,0,0,0,0,0,0,0,0,0,0,0,10,15,13,12,4,4,17,22,
..\..\..\files\Weather\MIRA\daily\AN001_Agugliano.csv,10/4/2021 12:00:00 AM,25.38,13.01,0,0,89.140305,41.223545,0,0,9.195,11.410311,1747.4779,64.721405,88.10261,88,2.2434807,0,0,0,0,0,0,0,0,0,0,0,0,0,0,0,0,10,15,13,12,4,4,17,22,
..\..\..\files\Weather\MIRA\daily\AN001_Agugliano.csv,10/5/2021 12:00:00 AM,26.899998,14.979999,0,0,89.67904,42.713226,0,0,10.939999,11.916503,1759.3944,65.16275,88.107796,88,2.2305107,0,0,0,0,0,0,0,0,0,0,0,0,0,0,0,0,10,15,13,12,4,4,17,22,
..\..\..\files\Weather\MIRA\daily\AN001_Agugliano.csv,10/6/2021 12:00:00 AM,25.52,14.822722,0.3125,6,97.45161,56.15426,0,0,10.171362,11.750607,1771.145,65.59796,88.112915,88,2.2177124,0,0,0,1,0,0,0,0,0,0,0,0,0,0,0,0,10,15,13,13,4,4,17,22,
..\..\..\files\Weather\MIRA\daily\AN001_Agugliano.csv,10/7/2021 12:00:00 AM,20.9,13.780001,8.658333,24,100,66.24718,0,0,7.34,10.355363,1781.5004,65.9815,88.11743,88,2.206421,0,0,1,1,0,0,1,1,0,0,0,1,0,0,0,0,10,15,14,14,4,4,18,23,
..\..\..\files\Weather\MIRA\daily\AN001_Agugliano.csv,10/8/2021 12:00:00 AM,16.83,13.58,34.029167,24,100,90.74675,0,0,5.205,8.451573,1789.9519,66.29452,88.12111,88,2.1972275,1,0,1,1,1,0,1,1,0,0,0,0,0,0,0,0,11,15,15,15,5,4,19,24,
..\..\..\files\Weather\MIRA\daily\AN001_Agugliano.csv,10/9/2021 12:00:00 AM,17.84,12.7560215,4.766667,24,100,88.90963,0,0,5.298011,8.550519,1798.5024,66.6112,88.12484,88,2.1879005,1,0,1,1,1,0,1,1,0,0,0,0,0,0,0,0,12,15,16,16,6,4,20,25,
..\..\..\files\Weather\MIRA\daily\AN001_Agugliano.csv,10/10/2021 12:00:00 AM,17.92,10.312781,4.241667,24,100,71.271164,0,0,4.11639,7.179962,1805.6824,66.87713,88.12797,88,2.1800804,0,0,0,0,0,0,1,1,0,1,1,0,0,0,1,1,12,15,16,16,6,4,21,26,
..\..\..\files\Weather\MIRA\daily\AN001_Agugliano.csv,10/11/2021 12:00:00 AM,13.01,9.85,9.720833,24,100,85.789444,0,-0.14643943,1.4335605,3.0536366,1808.736,66.99022,88.129295,88,2.1767616,0,0,1,0,0,0,1,0,0,0,0,0,0,0,0,0,12,15,17,16,6,4,22,26,
..\..\..\files\Weather\MIRA\daily\AN001_Agugliano.csv,10/12/2021 12:00:00 AM,14.07,9.290001,7.5708337,23,100,75.40492,0,-0.6572691,1.7327303,3.5057182,1812.2417,67.12006,88.13082,88,2.172947,0,0,1,0,0,0,1,0,0,0,0,0,0,0,0,0,12,15,18,16,6,4,23,26,
..\..\..\files\Weather\MIRA\daily\AN001_Agugliano.csv,10/13/2021 12:00:00 AM,17.67,8.14861,0.17916667,6,97.21052,54.184196,0,-1.6713934,3.089302,5.5130663,1817.7548,67.32425,88.133224,88,2.1669388,0,0,0,0,0,0,0,0,0,0,0,0,0,0,0,0,12,15,18,16,6,4,23,26,
..\..\..\files\Weather\MIRA\daily\AN001_Agugliano.csv,10/14/2021 12:00:00 AM,18.34,6.3999996,4.1208334,23,89.963,41.032486,0,-3.0572867,2.9127135,4.6738706,1822.4286,67.49735,88.13526,88,2.1618462,0,0,0,0,0,0,0,0,0,0,0,0,0,0,0,0,12,15,18,16,6,4,23,26,
..\..\..\files\Weather\MIRA\daily\AN001_Agugliano.csv,10/15/2021 12:00:00 AM,14.97,5.7,0,4,98.16538,49.986446,0,-3.3026972,1.3323032,0.83701175,1823.2656,67.52836,88.13563,88,2.1609306,0,0,0,0,0,0,0,0,0,0,0,0,0,0,0,0,12,15,18,16,6,4,23,26,
..\..\..\files\Weather\MIRA\daily\AN001_Agugliano.csv,10/16/2021 12:00:00 AM,15.880001,10.160001,0,10,100,71.413666,0,0,3.0200005,5.67782,1828.9435,67.73865,88.1381,88,2.1547508,0,0,0,0,0,0,0,0,0,0,0,0,0,0,0,0,12,15,18,16,6,4,23,26,
..\..\..\files\Weather\MIRA\daily\AN001_Agugliano.csv,10/17/2021 12:00:00 AM,17.68,9,0,6,97.93953,55.598152,0,-0.9423964,3.3976038,6.1402683,1835.0837,67.966064,88.14078,88,2.148056,0,0,0,0,0,0,0,0,0,0,0,0,0,0,0,0,12,15,18,16,6,4,23,26,
..\..\..\files\Weather\MIRA\daily\AN001_Agugliano.csv,10/18/2021 12:00:00 AM,16.8,7.8094087,0,6,98.063225,56.975292,0,-1.9237182,2.5715768,4.5680213,1839.6517,68.13525,88.14277,88,2.1430779,0,0,0,0,0,0,0,0,0,0,0,0,0,0,0,0,12,15,18,16,6,4,23,26,
..\..\..\files\Weather\MIRA\daily\AN001_Agugliano.csv,10/19/2021 12:00:00 AM,18.53,5.9699993,0,0,88.517105,38.728085,0,-3.383468,2.8965328,4.478613,1844.1304,68.301125,88.14472,88,2.138195,0,0,0,0,0,0,0,0,0,0,0,0,0,0,0,0,12,15,18,16,6,4,23,26,
..\..\..\files\Weather\MIRA\daily\AN001_Agugliano.csv,10/20/2021 12:00:00 AM,19.8,5.6300006,0,0,85.24411,33.655933,0,-3.69615,3.3888495,5.217785,1849.3481,68.49438,88.146996,88,2.1325111,0,0,0,0,0,0,0,0,0,0,0,0,0,0,0,0,12,15,18,16,6,4,23,26,
..\..\..\files\Weather\MIRA\daily\AN001_Agugliano.csv,10/21/2021 12:00:00 AM,21.43,7.5499997,0,0,86.51691,35.257328,0,-2.2337718,4.7062283,7.6402884,1856.9884,68.77734,88.15032,88,2.124195,0,0,0,0,0,0,0,0,1,0,0,0,0,0,0,0,12,15,18,16,6,4,23,26,
..\..\..\files\Weather\MIRA\daily\AN001_Agugliano.csv,10/22/2021 12:00:00 AM,20.83,10.06,0.18333334,4,100,47.254738,0,0,5.4449997,8.703842,1865.6923,69.09972,88.15411,88,2.1147156,0,0,0,0,0,0,0,0,1,1,1,0,0,0,1,1,12,15,18,16,6,4,23,26,
..\..\..\files\Weather\MIRA\daily\AN001_Agugliano.csv,10/23/2021 12:00:00 AM,17.51,12.88426,4.2166667,24,100,87.82164,0,0,5.19713,8.443132,1874.1354,69.41242,88.15779,88,2.1055222,0,0,0,0,0,0,0,1,1,0,0,0,0,0,1,0,12,15,18,16,6,4,23,27,
..\..\..\files\Weather\MIRA\daily\AN001_Agugliano.csv,10/24/2021 12:00:00 AM,17.63,8.403832,0,10,100,74.2939,0,-1.458096,3.1549878,5.6732635,1879.8086,69.62254,88.16026,88,2.0993423,0,0,0,0,0,0,0,0,0,0,0,0,0,0,0,0,12,15,18,16,6,4,23,27,
..\..\..\files\Weather\MIRA\daily\AN001_Agugliano.csv,10/25/2021 12:00:00 AM,17.46,6.704379,0,3,92.61272,46.050232,0,-2.7907171,2.5870934,4.2001266,1884.0087,69.7781,88.162094,88,2.0947647,0,0,0,0,0,0,0,0,0,0,0,0,0,0,0,0,12,15,18,16,6,4,23,27,
..\..\..\files\Weather\MIRA\daily\AN001_Agugliano.csv,10/26/2021 12:00:00 AM,16.23,5.0699997,0.18333334,1,100,42.649246,0,-3.8410711,1.7389289,1.5236104,1885.5322,69.834526,88.16276,88,2.0931053,0,0,0,0,0,0,0,0,0,0,0,0,0,0,0,0,12,15,18,16,6,4,23,27,
..\..\..\files\Weather\MIRA\daily\AN001_Agugliano.csv,10/27/2021 12:00:00 AM,14.02,9.449809,4.2166667,23,100,82.32044,-0.5170735,-0.5170735,0,0,0,0,0,0,0,0,0,0,0,0,0,0,0,0,0,0,0,0,0,0,0,0,0,0,0,0,0,0,0,
..\..\..\files\Weather\MIRA\daily\AN001_Agugliano.csv,10/28/2021 12:00:00 AM,17.55,8.060001,0,5,95.65799,51.372,-2.2587795,-1.7417059,0,0,0,0,0,0,0,0,0,0,0,0,0,0,0,0,0,0,0,0,0,0,0,0,0,0,0,0,0,0,0,
..\..\..\files\Weather\MIRA\daily\AN001_Agugliano.csv,10/29/2021 12:00:00 AM,17.25,6.600829,0,3,93.60134,47.9795,-5.1154504,-2.8566709,0,0,0,0,0,0,0,0,0,0,0,0,0,0,0,0,0,0,0,0,0,0,0,0,0,0,0,0,0,0,0,
..\..\..\files\Weather\MIRA\daily\AN001_Agugliano.csv,10/30/2021 12:00:00 AM,16.98,4.8199997,0,0,88.051346,39.214222,-9.192144,-4.0766945,0,0,0,0,0,0,0,0,0,0,0,0,0,0,0,0,0,0,0,0,0,0,0,0,0,0,0,0,0,0,0,
..\..\..\files\Weather\MIRA\daily\AN001_Agugliano.csv,10/31/2021 12:00:00 AM,17.78,6.8500004,0,3,92.09175,44.87627,-11.888233,-2.6960886,0,0,0,0,0,0,0,0,0,0,0,0,0,0,0,0,0,0,0,0,0,0,0,0,0,0,0,0,0,0,0,
..\..\..\files\Weather\MIRA\daily\AN001_Agugliano.csv,11/1/2021 12:00:00 AM,17.46,8.5,0.34583333,6,100,53.963806,-13.262675,-1.3744421,0,0,0,0,0,0,0,0,0,0,0,0,0,0,0,0,0,0,0,0,0,0,0,0,0,0,0,0,0,0,0,
..\..\..\files\Weather\MIRA\daily\AN001_Agugliano.csv,11/2/2021 12:00:00 AM,17.01,11.662117,7.9541664,23,100,77.2484,-13.262675,0,0,0,0,0,0,0,0,0,0,1,0,0,0,1,1,0,0,0,0,0,0,0,0,0,0,1,0,0,0,1,1,
..\..\..\files\Weather\MIRA\daily\AN001_Agugliano.csv,11/3/2021 12:00:00 AM,20.65,10.120001,0.07083333,6,95.22355,48.266563,-13.262675,0,0,0,0,0,0,0,0,0,0,0,0,0,0,0,0,0,0,0,0,0,0,0,0,0,0,0,0,0,0,0,0,
..\..\..\files\Weather\MIRA\daily\AN001_Agugliano.csv,11/4/2021 12:00:00 AM,17.19,10.190001,1.6708333,24,100,64.66211,-13.262675,0,0,0,0,0,0,0,0,0,0,0,0,0,0,0,1,0,0,0,0,0,0,0,0,0,0,0,0,0,0,0,1,
..\..\..\files\Weather\MIRA\daily\AN001_Agugliano.csv,11/5/2021 12:00:00 AM,19.12,9.586154,0.9583334,24,97.22489,53.003014,-13.667539,-0.40486336,0,0,0,0,0,0,0,0,0,0,0,0,0,0,1,0,0,0,0,0,0,0,0,0,0,0,0,0,0,0,1,
..\..\..\files\Weather\MIRA\daily\AN001_Agugliano.csv,11/6/2021 12:00:00 AM,15.799999,8.52,0.45000002,7,99.449,61.582035,-14.997099,-1.32956,0,0,0,0,0,0,0,0,0,0,0,0,0,0,0,0,0,0,0,0,0,0,0,0,0,0,0,0,0,0,0,
..\..\..\files\Weather\MIRA\daily\AN001_Agugliano.csv,11/7/2021 12:00:00 AM,15.59,10.290001,10.529167,24,100,73.90288,-14.997099,0,0,0,0,0,0,0,0,1,0,1,0,0,0,1,0,0,0,0,0,0,0,0,0,1,0,1,0,0,0,1,0,
..\..\..\files\Weather\MIRA\daily\AN001_Agugliano.csv,11/8/2021 12:00:00 AM,11.460001,10.350001,6.0375004,24,100,100,-14.997099,0,0,0,0,0,0,0,0,1,0,0,0,0,0,0,0,0,0,0,0,0,0,0,0,1,0,0,0,0,0,0,0,
..\..\..\files\Weather\MIRA\daily\AN001_Agugliano.csv,11/9/2021 12:00:00 AM,13.24,10.779217,44.38333,24,100,94.22532,-14.997099,0,0,0,0,0,0,0,0,1,0,1,0,1,0,1,0,0,0,0,0,0,0,0,0,1,0,1,0,1,0,1,0,
..\..\..\files\Weather\MIRA\daily\AN001_Agugliano.csv,11/10/2021 12:00:00 AM,12.290001,10.520001,6.8999996,24,100,96.05534,-14.997099,0,0,0,0,0,0,0,0,1,0,1,0,1,0,1,0,0,0,0,0,0,0,0,0,1,0,1,0,1,0,1,0,
..\..\..\files\Weather\MIRA\daily\AN001_Agugliano.csv,11/11/2021 12:00:00 AM,14.09,9.940991,0,15,100,83.20304,-15.055687,-0.058588505,0,0,0,0,0,0,0,0,0,0,0,0,0,1,0,0,0,0,0,0,0,0,0,0,0,0,0,0,0,1,0,
..\..\..\files\Weather\MIRA\daily\AN001_Agugliano.csv,11/12/2021 12:00:00 AM,13.91,9.26,0,11,100,76.07829,-15.736805,-0.68111813,0,0,0,0,0,0,0,0,0,0,0,0,0,0,0,0,0,0,0,0,0,0,0,0,0,0,0,0,0,0,0,
..\..\..\files\Weather\MIRA\daily\AN001_Agugliano.csv,11/13/2021 12:00:00 AM,16.11,9.801983,0,10,100,73.63683,-15.931714,-0.1949091,0,0,0,0,0,0,0,0,0,0,0,0,0,0,0,0,0,0,0,0,0,0,0,0,0,0,0,0,0,0,0,
..\..\..\files\Weather\MIRA\daily\AN001_Agugliano.csv,11/14/2021 12:00:00 AM,17.74,8.440001,0,5,96.34795,52.462673,-17.360874,-1.4291608,0,0,0,0,0,0,0,0,0,0,0,0,0,0,0,0,0,0,0,0,0,0,0,0,0,0,0,0,0,0,0,
..\..\..\files\Weather\MIRA\daily\AN001_Agugliano.csv,11/15/2021 12:00:00 AM,17.83,7.0500007,0.275,4,97.61514,45.570015,-19.907232,-2.5463586,0,0,0,0,0,0,0,0,0,0,0,0,0,0,0,0,0,0,0,0,0,0,0,0,0,0,0,0,0,0,0,
..\..\..\files\Weather\MIRA\daily\AN001_Agugliano.csv,11/16/2021 12:00:00 AM,16.53,10.42,9.075,24,100,69.578766,-19.907232,0,0,0,0,0,0,0,0,0,0,1,0,0,0,1,1,0,0,0,0,0,0,0,0,0,0,1,0,0,0,1,1,
..\..\..\files\Weather\MIRA\daily\AN001_Agugliano.csv,11/17/2021 12:00:00 AM,13.66,10.036509,63.25,24,100,87.61855,-19.907232,0,0,0,0,0,0,0,0,1,0,1,0,1,0,1,0,0,0,0,0,0,0,0,0,1,0,1,0,1,0,1,0,
..\..\..\files\Weather\MIRA\daily\AN001_Agugliano.csv,11/18/2021 12:00:00 AM,13.279999,9.48,0.12083334,13,100,81.28911,-20.391653,-0.48442137,0,0,0,0,0,0,0,1,0,0,0,1,0,1,0,0,0,0,0,0,0,0,0,1,0,0,0,1,0,1,0,
..\..\..\files\Weather\MIRA\daily\AN001_Agugliano.csv,11/19/2021 12:00:00 AM,13.02,7.916746,2.7791667,23,100,85.091,-22.049694,-1.6580403,0,0,0,0,0,0,0,0,0,0,0,0,0,0,0,0,0,0,0,0,0,0,0,0,0,0,0,0,0,0,0,
..\..\..\files\Weather\MIRA\daily\AN001_Agugliano.csv,11/20/2021 12:00:00 AM,14.95,6.71,0,6,95.56528,55.23265,-24.682892,-2.6331978,0,0,0,0,0,0,0,0,0,0,0,0,0,0,0,0,0,0,0,0,0,0,0,0,0,0,0,0,0,0,0,
..\..\..\files\Weather\MIRA\daily\AN001_Agugliano.csv,11/21/2021 12:00:00 AM,11.28,6.3,0,7,96.711,69.06172,-27.008394,-2.325502,0,0,0,0,0,0,0,0,0,0,0,0,0,0,0,0,0,0,0,0,0,0,0,0,0,0,0,0,0,0,0,
..\..\..\files\Weather\MIRA\daily\AN001_Agugliano.csv,11/22/2021 12:00:00 AM,12.28,7.1400003,0.14166667,9,98.69238,69.895905,-29.072714,-2.064319,0,0,0,0,0,0,0,0,0,0,0,0,0,0,0,0,0,0,0,0,0,0,0,0,0,0,0,0,0,0,0,
..\..\..\files\Weather\MIRA\daily\AN001_Agugliano.csv,11/23/2021 12:00:00 AM,12.86,6.38,3.7208333,24,96.7048,62.347214,-31.681572,-2.6088579,0,0,0,0,0,0,0,0,0,0,0,0,0,0,0,0,0,0,0,0,0,0,0,0,0,0,0,0,0,0,0,
..\..\..\files\Weather\MIRA\daily\AN001_Agugliano.csv,11/24/2021 12:00:00 AM,13.64,8.418802,10.6375,24,100,72.496124,-33.023342,-1.3417717,0,0,0,0,0,0,0,1,0,1,0,0,0,1,0,0,0,0,0,0,0,0,0,1,0,1,0,0,0,1,0,
..\..\..\files\Weather\MIRA\daily\AN001_Agugliano.csv,11/25/2021 12:00:00 AM,10.51,8.06,0.1375,15,100,86.12269,-34.19526,-1.1719178,0,0,0,0,0,0,0,1,0,0,0,0,0,0,0,0,0,0,0,0,0,0,0,1,0,0,0,0,0,0,0,
..\..\..\files\Weather\MIRA\daily\AN001_Agugliano.csv,11/26/2021 12:00:00 AM,11.95,6.792634,3.3208334,24,100,77.354965,-36.405296,-2.2100356,0,0,0,0,0,0,0,0,0,0,0,0,0,0,0,0,0,0,0,0,0,0,0,0,0,0,0,0,0,0,0,
..\..\..\files\Weather\MIRA\daily\AN001_Agugliano.csv,11/27/2021 12:00:00 AM,12.17,5.8700004,3.7208333,24,95.30115,62.291233,-39.181576,-2.7762778,0,0,0,0,0,0,0,0,0,0,0,0,0,1,0,0,0,0,0,0,0,0,0,0,0,0,0,0,0,1,0,
..\..\..\files\Weather\MIRA\daily\AN001_Agugliano.csv,11/28/2021 12:00:00 AM,15.860001,6.231716,1.8208333,23,95.96058,54.289772,-42.212452,-3.0308752,0,0,0,0,0,0,0,0,0,0,0,0,0,0,0,0,0,0,0,0,0,0,0,0,0,0,0,0,0,0,0,
..\..\..\files\Weather\MIRA\daily\AN001_Agugliano.csv,11/29/2021 12:00:00 AM,12.07,4.872826,0.25,6,93.62097,58.921295,-45.51336,-3.3009074,0,0,0,0,0,0,0,0,0,0,0,0,0,0,0,0,0,0,0,0,0,0,0,0,0,0,0,0,0,0,0,
..\..\..\files\Weather\MIRA\daily\AN001_Agugliano.csv,11/30/2021 12:00:00 AM,7.92,3.0932407,5.75,23,90.735794,70.906364,-47.92674,-2.4133797,0,0,0,0,0,0,0,0,0,0,0,0,0,0,0,0,0,0,0,0,0,0,0,0,0,0,0,0,0,0,0,
..\..\..\files\Weather\MIRA\daily\AN001_Agugliano.csv,12/1/2021 12:00:00 AM,11.33,1.6800003,0,0,84.47193,43.451073,-52.660088,-4.733347,0,0,0,0,0,0,0,0,0,0,0,0,0,0,0,0,0,0,0,0,0,0,0,0,0,0,0,0,0,0,0,
..\..\..\files\Weather\MIRA\daily\AN001_Agugliano.csv,12/2/2021 12:00:00 AM,15.84,3.5699997,0.4958333,1,86.31463,37.86349,-57.405293,-4.745204,0,0,0,0,0,0,0,0,0,0,0,0,0,0,0,0,0,0,0,0,0,0,0,0,0,0,0,0,0,0,0,
..\..\..\files\Weather\MIRA\daily\AN001_Agugliano.csv,12/3/2021 12:00:00 AM,14.05,5.4299994,11.529166,24,92.98726,52.138817,-60.76387,-3.3585792,0,0,0,0,0,0,0,0,0,0,0,0,0,1,0,0,0,0,0,0,0,0,0,0,0,0,0,0,0,1,0,
..\..\..\files\Weather\MIRA\daily\AN001_Agugliano.csv,12/4/2021 12:00:00 AM,10.66,3.4737434,2.875,23,92.04731,60.61248,-64.32669,-3.5628204,0,0,0,0,0,0,0,0,0,0,0,0,0,0,0,0,0,0,0,0,0,0,0,0,0,0,0,0,0,0,0,
..\..\..\files\Weather\MIRA\daily\AN001_Agugliano.csv,12/5/2021 12:00:00 AM,11.83,2.04,0.058333334,1,85.29011,43.552242,-69.05065,-4.7239633,0,0,0,0,0,0,0,0,0,0,0,0,0,0,0,0,0,0,0,0,0,0,0,0,0,0,0,0,0,0,0,
..\..\..\files\Weather\MIRA\daily\AN001_Agugliano.csv,12/6/2021 12:00:00 AM,12.44,3.0999994,1.3416667,23,87.8356,46.459656,-73.40194,-4.351285,0,0,0,0,0,0,0,0,0,0,0,0,0,0,0,0,0,0,0,0,0,0,0,0,0,0,0,0,0,0,0,
..\..\..\files\Weather\MIRA\daily\AN001_Agugliano.csv,12/7/2021 12:00:00 AM,7.8200006,0.7866727,0,0,87.442055,63.090153,-76.9186,-3.516664,0,0,0,0,0,0,0,0,0,0,0,0,0,0,0,0,0,0,0,0,0,0,0,0,0,0,0,0,0,0,0,
..\..\..\files\Weather\MIRA\daily\AN001_Agugliano.csv,12/8/2021 12:00:00 AM,9.16,-0.6499996,0.175,1,78.384094,39.383343,-81.19514,-4.276534,0,0,0,0,0,0,0,0,0,0,0,0,0,0,0,0,0,0,0,0,0,0,0,0,0,0,0,0,0,0,0,
..\..\..\files\Weather\MIRA\daily\AN001_Agugliano.csv,12/9/2021 12:00:00 AM,10.86,-1.2600002,4.1416664,24,86.41344,33.039604,-86.09114,-4.896006,0,0,0,0,0,0,0,0,0,0,0,0,0,0,0,0,0,0,0,0,0,0,0,0,0,0,0,0,0,0,0,
..\..\..\files\Weather\MIRA\daily\AN001_Agugliano.csv,12/10/2021 12:00:00 AM,9.16,3.2857842,2.8875,24,90.91812,64.640785,-89.02825,-2.9371076,0,0,0,0,0,0,0,0,0,0,0,0,0,0,0,0,0,0,0,0,0,0,0,0,0,0,0,0,0,0,0,
..\..\..\files\Weather\MIRA\daily\AN001_Agugliano.csv,12/11/2021 12:00:00 AM,10.43,2.0599995,7.1375,24,91.160515,47.990677,-93.20221,-4.173955,0,0,0,0,0,0,0,0,0,0,0,0,0,1,0,0,0,0,0,0,0,0,0,0,0,0,0,0,0,1,0,
..\..\..\files\Weather\MIRA\daily\AN001_Agugliano.csv,12/12/2021 12:00:00 AM,9.38,3.389217,56.158333,23,94.72118,73.16222,-96.1976,-2.9953914,0,0,0,0,0,0,0,0,0,0,0,0,0,0,0,0,0,0,0,0,0,0,0,0,0,0,0,0,0,0,0,
..\..\..\files\Weather\MIRA\daily\AN001_Agugliano.csv,12/13/2021 12:00:00 AM,10.67,2.12969,0,0,85.73,47.61505,-100.441475,-4.2438736,0,0,0,0,0,0,0,0,0,0,0,0,0,0,0,0,0,0,0,0,0,0,0,0,0,0,0,0,0,0,0,
..\..\..\files\Weather\MIRA\daily\AN001_Agugliano.csv,12/14/2021 12:00:00 AM,11.22,0.5699997,0,0,81.63692,39.052826,-100.3716,-5.255122,0.06987796,0,0,0,0,0,0,0,0,0,0,0,0,0,0,0,0,0,0,0,0,0,0,0,0,0,0,0,0,0,0,
..\..\..\files\Weather\MIRA\daily\AN001_Agugliano.csv,12/15/2021 12:00:00 AM,11.55,0.8199997,0,0,82.21649,39.180866,-100.25964,-5.253048,0.11195249,0,0,0,0,0,0,0,0,0,0,0,0,0,0,0,0,0,0,0,0,0,0,0,0,0,0,0,0,0,0,
..\..\..\files\Weather\MIRA\daily\AN001_Agugliano.csv,12/16/2021 12:00:00 AM,10.88,1.3800001,0,1,94.15799,43.44218,-100.21889,-4.709242,0.040757906,0,0,0,0,0,0,0,0,0,0,0,0,0,0,0,0,0,0,0,0,0,0,0,0,0,0,0,0,0,0,
..\..\..\files\Weather\MIRA\daily\AN001_Agugliano.csv,12/17/2021 12:00:00 AM,10.46,2.9023232,0,8,97.80313,75.26453,-100.20489,-3.7648396,0.013999013,0,0,0,0,0,0,0,0,0,0,0,0,0,0,0,0,0,0,0,0,0,0,0,0,0,0,0,0,0,0,
..\..\..\files\Weather\MIRA\daily\AN001_Agugliano.csv,12/18/2021 12:00:00 AM,11.6,1.4099998,0,0,83.72064,41.490757,-100.07928,-4.969387,0.12561339,0,0,0,0,0,0,0,0,0,0,0,0,0,0,0,0,0,0,0,0,0,0,0,0,0,0,0,0,0,0,
..\..\..\files\Weather\MIRA\daily\AN001_Agugliano.csv,12/19/2021 12:00:00 AM,11.63,-0.03999996,0,0,80.00816,35.637924,-99.96544,-5.908903,0.113834634,0,0,0,0,0,0,0,0,0,0,0,0,0,0,0,0,0,0,0,0,0,0,0,0,0,0,0,0,0,0,
..\..\..\files\Weather\MIRA\daily\AN001_Agugliano.csv,12/20/2021 12:00:00 AM,9.84,-0.06000042,0,0,80.02644,40.098705,-99.96544,-4.8901815,0,0,0,0,0,0,0,0,0,0,0,0,0,0,0,0,0,0,0,0,0,0,0,0,0,0,0,0,0,0,0,
..\..\..\files\Weather\MIRA\daily\AN001_Agugliano.csv,12/21/2021 12:00:00 AM,12.36,0.09000015,0,0,84.95858,34.33054,-99.73848,-5.9080396,0.22696,0,0,0,0,0,0,0,0,0,0,0,0,0,0,0,0,0,0,0,0,0,0,0,0,0,0,0,0,0,0,
..\..\..\files\Weather\MIRA\daily\AN001_Agugliano.csv,12/22/2021 12:00:00 AM,10.19,2.8406665,0,1,90.54556,59.153915,-99.73602,-3.6722107,0.0024559943,0,0,0,0,0,0,0,0,0,0,0,0,0,0,0,0,0,0,0,0,0,0,0,0,0,0,0,0,0,0,
..\..\..\files\Weather\MIRA\daily\AN001_Agugliano.csv,12/23/2021 12:00:00 AM,8.09,1.4849567,0,0,84.53569,55.061523,-99.73602,-3.3025217,0,0,0,0,0,0,0,0,0,0,0,0,0,0,0,0,0,0,0,0,0,0,0,0,0,0,0,0,0,0,0,
..\..\..\files\Weather\MIRA\daily\AN001_Agugliano.csv,12/24/2021 12:00:00 AM,9.79,0.06000042,0,0,80.32285,40.735897,-99.73602,-4.865,0,0,0,0,0,0,0,0,0,0,0,0,0,0,0,0,0,0,0,0,0,0,0,0,0,0,0,0,0,0,0,
..\..\..\files\Weather\MIRA\daily\AN001_Agugliano.csv,12/25/2021 12:00:00 AM,15.32,3.5,0.06666667,1,91.864746,39.135303,-98.538795,-4.7127748,1.197225,0,0,0,0,0,0,0,0,0,0,0,0,0,0,0,0,0,0,0,0,0,0,0,0,0,0,0,0,0,0,
..\..\..\files\Weather\MIRA\daily\AN001_Agugliano.csv,12/26/2021 12:00:00 AM,14.66,5.602027,2.2125,24,98.47095,61.968643,-97.340096,-3.330286,1.1987008,0,0,0,0,0,0,0,0,0,0,0,0,0,0,0,0,0,0,0,0,0,0,0,0,0,0,0,0,0,0,
..\..\..\files\Weather\MIRA\daily\AN001_Agugliano.csv,12/27/2021 12:00:00 AM,8.12,5.17,15.658332,24,93.03188,75.94565,-97.340096,-1.4749999,0,0,0,0,0,0,0,0,0,0,0,0,0,0,0,0,0,0,0,0,0,0,0,0,0,0,0,0,0,0,0,
..\..\..\files\Weather\MIRA\daily\AN001_Agugliano.csv,12/28/2021 12:00:00 AM,8.69,5.92,0.86249995,24,97.39711,78.872185,-97.340096,-1.3849998,0,0,0,0,0,0,0,0,0,0,0,0,0,0,0,0,0,0,0,0,0,0,0,0,0,0,0,0,0,0,0,
..\..\..\files\Weather\MIRA\daily\AN001_Agugliano.csv,12/29/2021 12:00:00 AM,10.88,6.1758137,0,12,100,81.10729,-97.25779,-2.269783,0.08230968,0,0,0,0,0,0,0,0,0,0,0,0,0,0,0,0,0,0,0,0,0,0,0,0,0,0,0,0,0,0,
..\..\..\files\Weather\MIRA\daily\AN001_Agugliano.csv,12/30/2021 12:00:00 AM,11.629999,4.671021,0,5,93.78244,60.803898,-97.066895,-3.2885919,0.19089709,0,0,0,0,0,0,0,0,0,0,0,0,0,0,0,0,0,0,0,0,0,0,0,0,0,0,0,0,0,0,
..\..\..\files\Weather\MIRA\daily\AN001_Agugliano.csv,12/31/2021 12:00:00 AM,6.95,2.9537137,0,0,89.85325,73.14375,-97.066895,-1.998143,0,0,0,0,0,0,0,0,0,0,0,0,0,0,0,0,0,0,0,0,0,0,0,0,0,0,0,0,0,0,0,
..\..\..\files\Weather\MIRA\daily\AN001_Agugliano.csv,1/1/2022 12:00:00 AM,13,1.2299995,0,0,82.72141,36.91005,-96.68457,-5.502672,0.38232794,0,0,0,0,0,0,0,0,0,0,0,0,0,0,0,0,0,0,0,0,0,0,0,0,0,0,0,0,0,0,
..\..\..\files\Weather\MIRA\daily\AN001_Agugliano.csv,1/2/2022 12:00:00 AM,11.32,3.0900002,0,0,88.14704,50.16405,-96.57871,-4.0091434,0.10585658,0,0,0,0,0,0,0,0,0,0,0,0,0,0,0,0,0,0,0,0,0,0,0,0,0,0,0,0,0,0,
..\..\..\files\Weather\MIRA\daily\AN001_Agugliano.csv,1/3/2022 12:00:00 AM,12.1,2.0699997,0,0,85.282936,42.87206,-96.35887,-4.79516,0.21984056,0,0,0,0,0,0,0,0,0,0,0,0,0,0,0,0,0,0,0,0,0,0,0,0,0,0,0,0,0,0,
..\..\..\files\Weather\MIRA\daily\AN001_Agugliano.csv,1/4/2022 12:00:00 AM,9.73,3.42,0,0,89.00343,57.646095,-96.35887,-3.1549997,0,0,0,0,0,0,0,0,0,0,0,0,0,0,0,0,0,0,0,0,0,0,0,0,0,0,0,0,0,0,0,
..\..\..\files\Weather\MIRA\daily\AN001_Agugliano.csv,1/5/2022 12:00:00 AM,13.19,5.1500006,0.55833334,4,92.86011,54.002357,-95.72603,-3.3871574,0.63284194,0,0,0,0,0,0,0,0,0,0,0,0,0,0,0,0,0,0,0,0,0,0,0,0,0,0,0,0,0,0,
..\..\..\files\Weather\MIRA\daily\AN001_Agugliano.csv,1/6/2022 12:00:00 AM,16.9,5.136687,13.258333,24,95.538765,51.918457,-93.70236,-3.857992,2.0236642,0,0,0,0,0,0,1,0,0,0,0,0,1,0,0,0,0,0,0,0,0,0,1,0,0,0,0,0,1,0,
..\..\..\files\Weather\MIRA\daily\AN001_Agugliano.csv,1/7/2022 12:00:00 AM,9.78,2.3057406,9.583333,23,91.44628,62.976707,-93.70236,-3.7371294,0,0,0,0,0,0,0,1,0,0,0,0,0,0,0,0,0,0,0,0,0,0,0,1,0,0,0,0,0,0,0,
..\..\..\files\Weather\MIRA\daily\AN001_Agugliano.csv,1/8/2022 12:00:00 AM,9.1,-0.32135984,0,0,82.91315,47.622677,-93.70236,-4.394801,0,0,0,0,0,0,0,0,0,0,0,0,0,0,0,0,0,0,0,0,0,0,0,0,0,0,0,0,0,0,0,
..\..\..\files\Weather\MIRA\daily\AN001_Agugliano.csv,1/9/2022 12:00:00 AM,8.18,-1.7799997,0.3375,1,75.18221,37.153183,-93.70236,-3.3590565,0,0,0,0,0,0,0,0,0,0,0,0,0,0,0,0,0,0,0,0,0,0,0,0,0,0,0,0,0,0,0,
..\..\..\files\Weather\MIRA\daily\AN001_Agugliano.csv,1/10/2022 12:00:00 AM,5.47,-2.33,7.7625003,23,77.14327,41.03632,-93.70236,-1.9180064,0,0,0,0,0,0,0,0,0,0,0,0,0,0,0,0,0,0,0,0,0,0,0,0,0,0,0,0,0,0,0,
..\..\..\files\Weather\MIRA\daily\AN001_Agugliano.csv,1/11/2022 12:00:00 AM,7.81,1.2599998,0,0,82.627365,52.24461,-93.70236,-3.275,0,0,0,0,0,0,0,0,0,0,0,0,0,0,0,0,0,0,0,0,0,0,0,0,0,0,0,0,0,0,0,
..\..\..\files\Weather\MIRA\daily\AN001_Agugliano.csv,1/12/2022 12:00:00 AM,9.12,1.2669978,0,0,85.03406,51.72896,-93.70236,-3.9265008,0,0,0,0,0,0,0,0,0,0,0,0,0,0,0,0,0,0,0,0,0,0,0,0,0,0,0,0,0,0,0,
..\..\..\files\Weather\MIRA\daily\AN001_Agugliano.csv,1/13/2022 12:00:00 AM,8.36,-0.06964409,0,0,79.84306,44.560783,-93.70236,-4.1454654,0,0,0,0,0,0,0,0,0,0,0,0,0,0,0,0,0,0,0,0,0,0,0,0,0,0,0,0,0,0,0,
..\..\..\files\Weather\MIRA\daily\AN001_Agugliano.csv,1/14/2022 12:00:00 AM,8.5,-1.54,0,0,75.92285,37.367966,-93.70236,-3.5981076,0,0,0,0,0,0,0,0,0,0,0,0,0,0,0,0,0,0,0,0,0,0,0,0,0,0,0,0,0,0,0,
..\..\..\files\Weather\MIRA\daily\AN001_Agugliano.csv,1/15/2022 12:00:00 AM,13.09,-0.72999954,0,0,77.711105,29.905907,-93.35692,-6.5447254,0.34544504,0,0,0,0,0,0,0,0,0,0,0,0,0,0,0,0,0,0,0,0,0,0,0,0,0,0,0,0,0,0,
..\..\..\files\Weather\MIRA\daily\AN001_Agugliano.csv,1/16/2022 12:00:00 AM,15.26,2.0300002,0,0,83.00176,33.876617,-92.31128,-5.5693617,1.0456388,0,0,0,0,0,0,0,0,0,0,0,0,0,0,0,0,0,0,0,0,0,0,0,0,0,0,0,0,0,0,
..\..\..\files\Weather\MIRA\daily\AN001_Agugliano.csv,1/17/2022 12:00:00 AM,13.24,0.72000027,0,0,81.28569,34.417103,-91.892044,-5.8407664,0.4192332,0,0,0,0,0,0,0,0,0,0,0,0,0,0,0,0,0,0,0,0,0,0,0,0,0,0,0,0,0,0,
..\..\..\files\Weather\MIRA\daily\AN001_Agugliano.csv,1/18/2022 12:00:00 AM,12.64,0.8299999,0,0,81.876366,36.3423,-91.59697,-5.609928,0.29507202,0,0,0,0,0,0,0,0,0,0,0,0,0,0,0,0,0,0,0,0,0,0,0,0,0,0,0,0,0,0,
..\..\..\files\Weather\MIRA\daily\AN001_Agugliano.csv,1/19/2022 12:00:00 AM,12.49,0.12445375,0,0,81.63565,36.278286,-91.34627,-5.9320726,0.25070056,0,0,0,0,0,0,0,0,0,0,0,0,0,0,0,0,0,0,0,0,0,0,0,0,0,0,0,0,0,0,
..\..\..\files\Weather\MIRA\daily\AN001_Agugliano.csv,1/20/2022 12:00:00 AM,8.31,-1.2799997,0.16250001,1,77.28427,38.86782,-91.34627,-3.6004226,0,0,0,0,0,0,0,0,0,0,0,0,0,0,0,0,0,0,0,0,0,0,0,0,0,0,0,0,0,0,0,
..\..\..\files\Weather\MIRA\daily\AN001_Agugliano.csv,1/21/2022 12:00:00 AM,8.73,1.3999999,3.7375002,23,83.44775,50.069557,-91.34627,-3.6649997,0,0,0,0,0,0,0,0,0,0,0,0,0,0,0,0,0,0,0,0,0,0,0,0,0,0,0,0,0,0,0,
..\..\..\files\Weather\MIRA\daily\AN001_Agugliano.csv,1/22/2022 12:00:00 AM,10.14,-0.3247768,0,0,80.69768,40.356625,-91.34533,-4.9135885,0.00093647937,0,0,0,0,0,0,0,0,0,0,0,0,0,0,0,0,0,0,0,0,0,0,0,0,0,0,0,0,0,0,
..\..\..\files\Weather\MIRA\daily\AN001_Agugliano.csv,1/23/2022 12:00:00 AM,10.08,-2.1099997,0,0,74.924904,31.789974,-91.34507,-4.167876,0.00026250977,0,0,0,0,0,0,0,0,0,0,0,0,0,0,0,0,0,0,0,0,0,0,0,0,0,0,0,0,0,0,
..\..\..\files\Weather\MIRA\daily\AN001_Agugliano.csv,1/24/2022 12:00:00 AM,10.57,-0.42000008,0,0,79.17048,36.803425,-91.33029,-5.0978065,0.014781604,0,0,0,0,0,0,0,0,0,0,0,0,0,0,0,0,0,0,0,0,0,0,0,0,0,0,0,0,0,0,
..\..\..\files\Weather\MIRA\daily\AN001_Agugliano.csv,1/25/2022 12:00:00 AM,8.36,-1.0925288,0,0,77.50447,40.42086,-91.33029,-3.6968732,0,0,0,0,0,0,0,0,0,0,0,0,0,0,0,0,0,0,0,0,0,0,0,0,0,0,0,0,0,0,0,
..\..\..\files\Weather\MIRA\daily\AN001_Agugliano.csv,1/26/2022 12:00:00 AM,7.8100004,-2.6200001,0,0,75.32587,34.731056,-91.33029,-2.9240701,0,0,0,0,0,0,0,0,0,0,0,0,0,0,0,0,0,0,0,0,0,0,0,0,0,0,0,0,0,0,0,
..\..\..\files\Weather\MIRA\daily\AN001_Agugliano.csv,1/27/2022 12:00:00 AM,8.21,0.73000026,0,0,81.495735,48.267303,-91.33029,-3.74,0,0,0,0,0,0,0,0,0,0,0,0,0,0,0,0,0,0,0,0,0,0,0,0,0,0,0,0,0,0,0,
..\..\..\files\Weather\MIRA\daily\AN001_Agugliano.csv,1/28/2022 12:00:00 AM,9.5,1.9172195,0,0,86.439285,53.11619,-91.33029,-3.79139,0,0,0,0,0,0,0,0,0,0,0,0,0,0,0,0,0,0,0,0,0,0,0,0,0,0,0,0,0,0,0,
..\..\..\files\Weather\MIRA\daily\AN001_Agugliano.csv,1/29/2022 12:00:00 AM,10.76,0.39999962,0,0,81.24654,39.582355,-91.302414,-5.152124,0.027876463,0,0,0,0,0,0,0,0,0,0,0,0,0,0,0,0,0,0,0,0,0,0,0,0,0,0,0,0,0,0,
..\..\..\files\Weather\MIRA\daily\AN001_Agugliano.csv,1/30/2022 12:00:00 AM,12.76,0.32999992,0,0,80.5481,34.213497,-90.995995,-5.9085803,0.30642,0,0,0,0,0,0,0,0,0,0,0,0,0,0,0,0,0,0,0,0,0,0,0,0,0,0,0,0,0,0,
..\..\..\files\Weather\MIRA\daily\AN001_Agugliano.csv,1/31/2022 12:00:00 AM,13.32,0.97999954,0,0,81.9007,35.149956,-90.549385,-5.7233877,0.44661257,0,0,0,0,0,0,0,0,0,0,0,0,0,0,0,0,0,0,0,0,0,0,0,0,0,0,0,0,0,0,
..\..\..\files\Weather\MIRA\daily\AN001_Agugliano.csv,2/1/2022 12:00:00 AM,11.86,0.9800005,0,0,82.54844,38.988808,-90.390396,-5.2810106,0.15898892,0,0,0,0,0,0,0,0,0,0,0,0,0,0,0,0,0,0,0,0,0,0,0,0,0,0,0,0,0,0,
..\..\..\files\Weather\MIRA\daily\AN001_Agugliano.csv,2/2/2022 12:00:00 AM,11,1.5799999,0,0,84.25812,43.984085,-90.33732,-4.6569214,0.053078555,0,0,0,0,0,0,0,0,0,0,0,0,0,0,0,0,0,0,0,0,0,0,0,0,0,0,0,0,0,0,
..\..\..\files\Weather\MIRA\daily\AN001_Agugliano.csv,2/3/2022 12:00:00 AM,13.13,1.1199999,0,0,82.368645,36.154537,-89.92945,-5.597136,0.4078643,0,0,0,0,0,0,0,0,0,0,0,0,0,0,0,0,0,0,0,0,0,0,0,0,0,0,0,0,0,0,
..\..\..\files\Weather\MIRA\daily\AN001_Agugliano.csv,2/4/2022 12:00:00 AM,14.78,2.3100004,0,0,87.02004,36.153774,-89.01331,-5.318865,0.9161347,0,0,0,0,0,0,0,0,0,0,0,0,0,0,0,0,0,0,0,0,0,0,0,0,0,0,0,0,0,0,
..\..\..\files\Weather\MIRA\daily\AN001_Agugliano.csv,2/5/2022 12:00:00 AM,12.87,5.44,0,5,93.820854,56.849434,-88.459015,-3.1606996,0.5543001,0,0,0,0,0,0,0,0,0,0,0,0,0,0,0,0,0,0,0,0,0,0,0,0,0,0,0,0,0,0,
..\..\..\files\Weather\MIRA\daily\AN001_Agugliano.csv,2/6/2022 12:00:00 AM,11.789999,4.1553707,0,3,91.55133,55.465813,-88.249176,-3.6074743,0.20983972,0,0,0,0,0,0,0,0,0,0,0,0,0,0,0,0,0,0,0,0,0,0,0,0,0,0,0,0,0,0,
..\..\..\files\Weather\MIRA\daily\AN001_Agugliano.csv,2/7/2022 12:00:00 AM,11.88,2.83,0,0,87.33294,47.019775,-88.0539,-4.3297296,0.19527075,0,0,0,0,0,0,0,0,0,0,0,0,0,0,0,0,0,0,0,0,0,0,0,0,0,0,0,0,0,0,
..\..\..\files\Weather\MIRA\daily\AN001_Agugliano.csv,2/8/2022 12:00:00 AM,12.620001,2.8049712,0,0,88.77761,47.70355,-87.704216,-4.5578265,0.34968844,0,0,0,0,0,0,0,0,0,0,0,0,0,0,0,0,0,0,0,0,0,0,0,0,0,0,0,0,0,0,
..\..\..\files\Weather\MIRA\daily\AN001_Agugliano.csv,2/9/2022 12:00:00 AM,13.15,1.0299997,0,0,82.1274,35.769085,-87.29487,-5.6506557,0.40934396,0,0,0,0,0,0,0,0,0,0,0,0,0,0,0,0,0,0,0,0,0,0,0,0,0,0,0,0,0,0,
..\..\..\files\Weather\MIRA\daily\AN001_Agugliano.csv,2/10/2022 12:00:00 AM,14.85,1.3400002,0,0,81.64653,32.564415,-86.42431,-5.8844414,0.8705589,0,0,0,0,0,0,0,0,0,0,0,0,0,0,0,0,0,0,0,0,0,0,0,0,0,0,0,0,0,0,
..\..\..\files\Weather\MIRA\daily\AN001_Agugliano.csv,2/11/2022 12:00:00 AM,15.99,2.4500003,0,0,83.265625,33.417664,-85.09934,-5.445033,1.3249668,0,0,0,0,0,0,0,0,0,0,0,0,0,0,0,0,0,0,0,0,0,0,0,0,0,0,0,0,0,0,
..\..\..\files\Weather\MIRA\daily\AN001_Agugliano.csv,2/12/2022 12:00:00 AM,15.62,3.5299997,0,0,86.4653,38.35905,-83.79312,-4.73878,1.3062199,0,0,0,0,0,0,0,0,0,0,0,0,0,0,0,0,0,0,0,0,0,0,0,0,0,0,0,0,0,0,
..\..\..\files\Weather\MIRA\daily\AN001_Agugliano.csv,2/13/2022 12:00:00 AM,12.43,2.7700005,0,0,86.97718,44.971317,-83.48749,-4.524363,0.30563673,0,0,0,0,0,0,0,0,0,0,0,0,0,0,0,0,0,0,0,0,0,0,0,0,0,0,0,0,0,0,
..\..\..\files\Weather\MIRA\daily\AN001_Agugliano.csv,2/14/2022 12:00:00 AM,10.48,1.4700003,0.1,1,84.221825,45.034504,-83.4747,-4.4922137,0.01278577,0,0,0,0,0,0,0,0,0,0,0,0,0,0,0,0,0,0,0,0,0,0,0,0,0,0,0,0,0,0,
..\..\..\files\Weather\MIRA\daily\AN001_Agugliano.csv,2/15/2022 12:00:00 AM,10.51,3.8400002,2.4833333,24,90.19018,57.110996,-83.4552,-3.3155022,0.019497769,0,0,0,0,0,0,0,0,0,0,0,0,0,0,0,0,0,0,0,0,0,0,0,0,0,0,0,0,0,0,
..\..\..\files\Weather\MIRA\daily\AN001_Agugliano.csv,2/16/2022 12:00:00 AM,12.379999,4.394024,4.2833333,24,91.76599,54.079235,-83.100555,-3.6383412,0.35464647,0,0,0,0,0,0,0,0,0,0,0,0,0,0,0,0,0,0,0,0,0,0,0,0,0,0,0,0,0,0,
..\..\..\files\Weather\MIRA\daily\AN001_Agugliano.csv,2/17/2022 12:00:00 AM,11.12,3.2399998,1.5333334,23,88.57139,51.623543,-83.02096,-3.8604062,0.0795939,0,0,0,0,0,0,0,0,0,0,0,0,1,0,0,0,0,0,0,0,0,0,0,0,0,0,0,0,1,0,
..\..\..\files\Weather\MIRA\daily\AN001_Agugliano.csv,2/18/2022 12:00:00 AM,13.06,1.5600004,0,0,83.53553,38.01758,-82.613846,-5.342887,0.40711316,0,0,0,0,0,0,0,0,0,0,0,0,0,0,0,0,0,0,0,0,0,0,0,0,0,0,0,0,0,0,
..\..\..\files\Weather\MIRA\daily\AN001_Agugliano.csv,2/19/2022 12:00:00 AM,12.51,3.8500004,0,0,89.77612,49.83793,-82.2501,-3.9662528,0.36374718,0,0,0,0,0,0,0,0,0,0,0,0,0,0,0,0,0,0,0,0,0,0,0,0,0,0,0,0,0,0,
..\..\..\files\Weather\MIRA\daily\AN001_Agugliano.csv,2/20/2022 12:00:00 AM,15.59,7.1000004,0,5,95.89136,54.63211,-80.40981,-2.4047112,1.8402888,0,0,0,0,0,0,0,0,0,0,0,0,0,0,0,0,0,0,0,0,0,0,0,0,0,0,0,0,0,0,
..\..\..\files\Weather\MIRA\daily\AN001_Agugliano.csv,2/21/2022 12:00:00 AM,15.66,7.128846,0,5,95.913956,54.54982,-78.53225,-2.388011,1.8775655,0,0,0,0,0,0,0,0,0,0,0,0,0,0,0,0,0,0,0,0,0,0,0,0,0,0,0,0,0,0,
..\..\..\files\Weather\MIRA\daily\AN001_Agugliano.csv,2/22/2022 12:00:00 AM,15.34,5.3880925,0,3,92.5088,48.698017,-77.09958,-3.5432835,1.4326701,0,0,0,0,0,0,0,0,0,0,0,0,0,0,0,0,0,0,0,0,0,0,0,0,0,0,0,0,0,0,
..\..\..\files\Weather\MIRA\daily\AN001_Agugliano.csv,2/23/2022 12:00:00 AM,13.42,4.01,0,0,89.693436,47.4458,-76.47809,-4.0835123,0.6214878,0,0,0,0,0,0,0,0,0,0,0,0,0,0,0,0,0,0,0,0,0,0,0,0,0,0,0,0,0,0,
..\..\..\files\Weather\MIRA\daily\AN001_Agugliano.csv,2/24/2022 12:00:00 AM,16.02,2.8400002,0,0,84.225174,34.686176,-75.103264,-5.2151747,1.3748257,0,0,0,0,0,0,0,0,0,0,0,0,0,0,0,0,0,0,0,0,0,0,0,0,0,0,0,0,0,0,
..\..\..\files\Weather\MIRA\daily\AN001_Agugliano.csv,2/25/2022 12:00:00 AM,16.39,2.8800006,0,0,83.869606,33.83022,-73.59209,-5.243819,1.5111805,0,0,0,0,0,0,0,0,0,0,0,0,0,0,0,0,0,0,0,0,0,0,0,0,0,0,0,0,0,0,
..\..\..\files\Weather\MIRA\daily\AN001_Agugliano.csv,2/26/2022 12:00:00 AM,15.22,3.5199995,0.47916666,1,86.87487,39.51474,-72.42763,-4.685539,1.1644616,0,0,0,0,0,0,0,0,0,0,0,0,0,0,0,0,0,0,0,0,0,0,0,0,0,0,0,0,0,0,
..\..\..\files\Weather\MIRA\daily\AN001_Agugliano.csv,2/27/2022 12:00:00 AM,9.58,2.75,11.020833,23,87.214645,54.41559,-72.42763,-3.415,0,0,0,0,0,0,0,0,0,0,0,0,0,0,0,0,0,0,0,0,0,0,0,0,0,0,0,0,0,0,0,
..\..\..\files\Weather\MIRA\daily\AN001_Agugliano.csv,2/28/2022 12:00:00 AM,8.4,3.3542314,0,0,89.83921,65.88581,-72.42763,-2.522884,0,0,0,0,0,0,0,0,0,0,0,0,0,0,0,0,0,0,0,0,0,0,0,0,0,0,0,0,0,0,0,
..\..\..\files\Weather\MIRA\daily\AN001_Agugliano.csv,3/1/2022 12:00:00 AM,9.79,0.94887626,0,0,85.95182,51.029026,-72.42763,-4.420562,0,0,0,0,0,0,0,0,0,0,0,0,0,0,0,0,0,0,0,0,0,0,0,0,0,0,0,0,0,0,0,
..\..\..\files\Weather\MIRA\daily\AN001_Agugliano.csv,3/2/2022 12:00:00 AM,7.47,-0.17000008,0,0,78.78796,45.977882,-72.42763,-3.6518912,0,0,0,0,0,0,0,0,0,0,0,0,0,0,0,0,0,0,0,0,0,0,0,0,0,0,0,0,0,0,0,
..\..\..\files\Weather\MIRA\daily\AN001_Agugliano.csv,3/3/2022 12:00:00 AM,11.68,-0.6000004,0,0,78.58228,33.49318,-72.312706,-5.6695766,0.114918604,0,0,0,0,0,0,0,0,0,0,0,0,0,0,0,0,0,0,0,0,0,0,0,0,0,0,0,0,0,0,
..\..\..\files\Weather\MIRA\daily\AN001_Agugliano.csv,3/4/2022 12:00:00 AM,13.58,1.96,0.15833333,1,84.247604,38.13964,-71.76122,-5.2585196,0.5514802,0,0,0,0,0,0,0,0,0,0,0,0,0,0,0,0,0,0,0,0,0,0,0,0,0,0,0,0,0,0,
..\..\..\files\Weather\MIRA\daily\AN001_Agugliano.csv,3/5/2022 12:00:00 AM,10.86,1.8400002,3.6833334,24,84.942474,45.59698,-71.72022,-4.469002,0.04099775,0,0,0,0,0,0,0,0,0,0,0,0,0,0,0,0,0,0,0,0,0,0,0,0,0,0,0,0,0,0,
..\..\..\files\Weather\MIRA\daily\AN001_Agugliano.csv,3/6/2022 12:00:00 AM,8.23,1.9899998,0.9583334,23,84.73927,54.867237,-71.72022,-3.12,0,0,0,0,0,0,0,0,0,0,0,0,0,0,0,0,0,0,0,0,0,0,0,0,0,0,0,0,0,0,0,
..\..\..\files\Weather\MIRA\daily\AN001_Agugliano.csv,3/7/2022 12:00:00 AM,9.04,1.7343943,0,0,84.59373,51.150913,-71.72022,-3.6528027,0,0,0,0,0,0,0,0,0,0,0,0,0,0,0,0,0,0,0,0,0,0,0,0,0,0,0,0,0,0,0,
..\..\..\files\Weather\MIRA\daily\AN001_Agugliano.csv,3/8/2022 12:00:00 AM,7.53,0.5632699,0,0,81.12607,50.36239,-71.72022,-3.4833653,0,0,0,0,0,0,0,0,0,0,0,0,0,0,0,0,0,0,0,0,0,0,0,0,0,0,0,0,0,0,0,
..\..\..\files\Weather\MIRA\daily\AN001_Agugliano.csv,3/9/2022 12:00:00 AM,7.11,-0.55999994,0,0,77.56367,45.092754,-71.72022,-3.2954433,0,0,0,0,0,0,0,0,0,0,0,0,0,0,0,0,0,0,0,0,0,0,0,0,0,0,0,0,0,0,0,
..\..\..\files\Weather\MIRA\daily\AN001_Agugliano.csv,3/10/2022 12:00:00 AM,10.97,-0.84000015,0,0,78.094635,34.282104,-71.68039,-5.134708,0.039834905,0,0,0,0,0,0,0,0,0,0,0,0,0,0,0,0,0,0,0,0,0,0,0,0,0,0,0,0,0,0,
..\..\..\files\Weather\MIRA\daily\AN001_Agugliano.csv,3/11/2022 12:00:00 AM,14.45,0.9300003,0,0,80.96002,32.171917,-70.94805,-6.027659,0.73234093,0,0,0,0,0,0,0,0,0,0,0,0,0,0,0,0,0,0,0,0,0,0,0,0,0,0,0,0,0,0,
..\..\..\files\Weather\MIRA\daily\AN001_Agugliano.csv,3/12/2022 12:00:00 AM,11.29,0.8199997,0,0,82.26557,39.884956,-70.86858,-5.1555305,0.07946991,0,0,0,0,0,0,0,0,0,0,0,0,0,0,0,0,0,0,0,0,0,0,0,0,0,0,0,0,0,0,
..\..\..\files\Weather\MIRA\daily\AN001_Agugliano.csv,3/13/2022 12:00:00 AM,10.68,-0.07999992,0,0,80.029045,37.85618,-70.8471,-5.321785,0.021487007,0,0,0,0,0,0,0,0,0,0,0,0,0,0,0,0,0,0,0,0,0,0,0,0,0,0,0,0,0,0,
..\..\..\files\Weather\MIRA\daily\AN001_Agugliano.csv,3/14/2022 12:00:00 AM,12.54,-1.0900002,0,0,77.072464,29.948307,-70.61043,-6.0052533,0.2366691,0,0,0,0,0,0,0,0,0,0,0,0,0,0,0,0,0,0,0,0,0,0,0,0,0,0,0,0,0,0,
..\..\..\files\Weather\MIRA\daily\AN001_Agugliano.csv,3/15/2022 12:00:00 AM,14.689999,1.6699996,0,0,82.6325,34.09713,-69.765724,-5.6652956,0.8447039,0,0,0,0,0,0,0,0,0,0,0,0,0,0,0,0,0,0,0,0,0,0,0,0,0,0,0,0,0,0,
..\..\..\files\Weather\MIRA\daily\AN001_Agugliano.csv,3/16/2022 12:00:00 AM,15.09,2.4899998,0,0,84.350815,35.965782,-68.737625,-5.271901,1.0280993,0,0,0,0,0,0,0,0,0,0,0,0,0,0,0,0,0,0,0,0,0,0,0,0,0,0,0,0,0,0,
..\..\..\files\Weather\MIRA\daily\AN001_Agugliano.csv,3/17/2022 12:00:00 AM,15.45,5.4800005,0,3,91.750984,47.16751,-67.24803,-3.495406,1.4895937,0,0,0,0,0,0,0,0,0,0,0,0,0,0,0,0,0,0,0,0,0,0,0,0,0,0,0,0,0,0,
..\..\..\files\Weather\MIRA\daily\AN001_Agugliano.csv,3/18/2022 12:00:00 AM,15.3,5.5700006,0,4,92.15641,48.133984,-65.80456,-3.421526,1.4434739,0,0,0,0,0,0,0,0,0,0,0,0,0,0,0,0,0,0,0,0,0,0,0,0,0,0,0,0,0,0,
..\..\..\files\Weather\MIRA\daily\AN001_Agugliano.csv,3/19/2022 12:00:00 AM,13.280001,5.7713466,0,6,97.31223,63.19081,-65.08816,-3.037927,0.7164003,0,0,0,0,0,0,0,0,0,0,0,0,0,0,0,0,0,0,0,0,0,0,0,0,0,0,0,0,0,0,
..\..\..\files\Weather\MIRA\daily\AN001_Agugliano.csv,3/20/2022 12:00:00 AM,12.54,4.0690246,0,3,91.774605,53.631462,-64.70735,-3.8546813,0.38080615,0,0,0,0,0,0,0,0,0,0,0,0,0,0,0,0,0,0,0,0,0,0,0,0,0,0,0,0,0,0,
..\..\..\files\Weather\MIRA\daily\AN001_Agugliano.csv,3/21/2022 12:00:00 AM,13.68,2.42,0,0,85.3668,39.676388,-64.106,-5.0286503,0.60135,0,0,0,0,0,0,0,0,0,0,0,0,0,0,0,0,0,0,0,0,0,0,0,0,0,0,0,0,0,0,
..\..\..\files\Weather\MIRA\daily\AN001_Agugliano.csv,3/22/2022 12:00:00 AM,12.68,1.7399998,0,0,84.19308,39.79167,-63.77774,-5.141737,0.3282633,0,0,0,0,0,0,0,0,0,0,0,0,0,0,0,0,0,0,0,0,0,0,0,0,0,0,0,0,0,0,
..\..\..\files\Weather\MIRA\daily\AN001_Agugliano.csv,3/23/2022 12:00:00 AM,14.43,1.3599997,0,0,82.06887,33.680767,-63.026978,-5.784239,0.75076133,0,0,0,0,0,0,0,0,0,0,0,0,0,0,0,0,0,0,0,0,0,0,0,0,0,0,0,0,0,0,
..\..\..\files\Weather\MIRA\daily\AN001_Agugliano.csv,3/24/2022 12:00:00 AM,17.34,3,0,0,82.87201,31.741556,-61.148468,-5.2914925,1.8785077,0,0,0,0,0,0,0,0,0,0,0,0,0,0,0,0,0,0,0,0,0,0,0,0,0,0,0,0,0,0,
..\..\..\files\Weather\MIRA\daily\AN001_Agugliano.csv,3/25/2022 12:00:00 AM,20.34,5.16,0,0,82.96449,30.661354,-57.626873,-4.068406,3.5215943,0,0,0,0,0,0,0,0,0,0,0,0,0,0,0,0,0,0,0,0,0,0,0,0,0,0,0,0,0,0,
..\..\..\files\Weather\MIRA\daily\AN001_Agugliano.csv,3/26/2022 12:00:00 AM,19.61,5.6399994,0,0,85.64705,34.239883,-54.3215,-3.6796281,3.3053725,0,0,0,0,0,0,0,0,0,0,0,0,0,0,0,0,0,0,0,0,0,0,0,0,0,0,0,0,0,0,
..\..\..\files\Weather\MIRA\daily\AN001_Agugliano.csv,3/27/2022 12:00:00 AM,19.52,4.9799995,0,0,84.222244,32.3162,-51.20491,-4.153412,3.1165888,0,0,0,0,0,0,0,0,0,0,0,0,0,0,0,0,0,0,0,0,0,0,0,0,0,0,0,0,0,0,
..\..\..\files\Weather\MIRA\daily\AN001_Agugliano.csv,3/28/2022 12:00:00 AM,17.64,7.051081,0,3,93.39823,47.225258,-48.448746,-2.538295,2.7561638,0,0,0,0,0,0,0,0,0,0,0,0,0,0,0,0,0,0,0,0,0,0,0,0,0,0,0,0,0,0,
..\..\..\files\Weather\MIRA\daily\AN001_Agugliano.csv,3/29/2022 12:00:00 AM,17.49,5.26,0,0,88.423935,39.317184,-46.1552,-3.8214552,2.2935445,0,0,0,0,0,0,0,0,0,0,0,0,0,0,0,0,0,0,0,0,0,0,0,0,0,0,0,0,0,0,
..\..\..\files\Weather\MIRA\daily\AN001_Agugliano.csv,3/30/2022 12:00:00 AM,16.99,6.4400005,0.7,4,95.64326,45.94534,-43.839558,-2.959355,2.3156445,0,0,0,0,0,0,0,0,0,0,0,0,0,0,0,0,0,0,0,0,0,0,0,0,0,0,0,0,0,0,
..\..\..\files\Weather\MIRA\daily\AN001_Agugliano.csv,3/31/2022 12:00:00 AM,14.17,8.5,16.741667,24,100,69.47822,-42.306145,-1.3015873,1.5334127,0,0,0,0,0,0,1,0,0,0,0,0,1,0,0,0,0,0,0,0,0,0,1,0,0,0,0,0,1,0,
..\..\..\files\Weather\MIRA\daily\AN001_Agugliano.csv,4/1/2022 12:00:00 AM,14.790001,8.907412,15.349999,24,100,72.77832,-40.355972,-0.9911238,1.9501709,0,0,0,0,0,0,1,0,0,0,1,0,1,0,0,0,0,0,0,0,0,0,1,0,0,0,1,0,1,0,
..\..\..\files\Weather\MIRA\daily\AN001_Agugliano.csv,4/2/2022 12:00:00 AM,15.42,5.328329,13.608333,23,97.944435,59.137352,-38.900494,-3.590358,1.4554775,0,0,0,0,0,0,1,0,0,0,1,0,1,0,0,0,0,0,0,0,0,0,1,0,0,0,1,0,1,0,
..\..\..\files\Weather\MIRA\daily\AN001_Agugliano.csv,4/3/2022 12:00:00 AM,11.38,4.29,0,3,91.30434,56.32087,-38.766193,-3.4106982,0.13430186,0,0,0,0,0,0,1,0,0,0,1,0,0,0,0,0,0,0,0,0,0,0,1,0,0,0,1,0,0,0,
..\..\..\files\Weather\MIRA\daily\AN001_Agugliano.csv,4/4/2022 12:00:00 AM,12.28,3.4300003,0,0,88.767235,48.568813,-38.4725,-4.1313047,0.29369485,0,0,0,0,0,0,0,0,0,0,0,0,0,0,0,0,0,0,0,0,0,0,0,0,0,0,0,0,0,0,
..\..\..\files\Weather\MIRA\daily\AN001_Agugliano.csv,4/5/2022 12:00:00 AM,13.939999,4.7499995,0,3,91.2714,49.158703,-37.627907,-3.7504082,0.8445915,0,0,0,0,0,0,0,0,0,0,0,0,0,0,0,0,0,0,0,0,0,0,0,0,0,0,0,0,0,0,
..\..\..\files\Weather\MIRA\daily\AN001_Agugliano.csv,4/6/2022 12:00:00 AM,16.19,4.2700005,0,0,87.69742,39.518024,-36.020687,-4.352781,1.6072191,0,0,0,0,0,0,0,0,0,0,0,0,0,0,0,0,0,0,0,0,0,0,0,0,0,0,0,0,0,0,
..\..\..\files\Weather\MIRA\daily\AN001_Agugliano.csv,4/7/2022 12:00:00 AM,17.21,4.8800006,0.025,1,87.869026,38.72901,-33.912655,-4.056967,2.108033,0,0,0,0,0,0,0,0,0,0,0,0,0,0,0,0,0,0,0,0,0,0,0,0,0,0,0,0,0,0,
..\..\..\files\Weather\MIRA\daily\AN001_Agugliano.csv,4/8/2022 12:00:00 AM,18.14,6.9699993,0.575,23,91.793564,44.091038,-30.946693,-2.619038,2.965962,0,0,0,0,0,0,0,0,0,0,0,0,0,0,0,0,0,0,0,0,0,0,0,0,0,0,0,0,0,0,
..\..\..\files\Weather\MIRA\daily\AN001_Agugliano.csv,4/9/2022 12:00:00 AM,21.99,8.724646,0,5,95.51818,49.510635,-25.528063,-1.214047,5.41863,0,0,0,0,0,0,0,0,0,0,0,0,0,0,0,0,0,0,0,0,0,0,0,0,0,0,0,0,0,0,
..\..\..\files\Weather\MIRA\daily\AN001_Agugliano.csv,4/10/2022 12:00:00 AM,20.35,5.2842903,0.12916666,1,86.88053,35.770164,-21.972887,-3.977679,3.555176,0,0,0,0,0,0,0,0,0,0,0,0,0,0,0,0,0,0,0,0,0,0,0,0,0,0,0,0,0,0,
..\..\..\files\Weather\MIRA\daily\AN001_Agugliano.csv,4/11/2022 12:00:00 AM,14.11,3.7699995,2.9708333,23,88.55685,44.040382,-21.156055,-4.3531675,0.81683254,0,0,0,0,0,0,0,0,0,0,0,0,0,0,0,0,0,0,0,0,0,0,0,0,0,0,0,0,0,0,
..\..\..\files\Weather\MIRA\daily\AN001_Agugliano.csv,4/12/2022 12:00:00 AM,17.99,3.8999996,0,0,84.14896,32.96586,-18.890615,-4.77956,2.2654397,0,0,0,0,0,0,0,0,0,0,0,0,0,0,0,0,0,0,0,0,0,0,0,0,0,0,0,0,0,0,
..\..\..\files\Weather\MIRA\daily\AN001_Agugliano.csv,4/13/2022 12:00:00 AM,19.06,4.4699993,0,0,83.742836,31.93227,-16.077606,-4.481992,2.8130085,0,0,0,0,0,0,0,0,0,0,0,0,0,0,0,0,0,0,0,0,0,0,0,0,0,0,0,0,0,0,
..\..\..\files\Weather\MIRA\daily\AN001_Agugliano.csv,4/14/2022 12:00:00 AM,19.17,6.9400005,0,0,89.823364,40.36872,-12.639793,-2.677187,3.4378128,0,0,0,0,0,0,0,0,0,0,0,0,0,0,0,0,0,0,0,0,0,0,0,0,0,0,0,0,0,0,
..\..\..\files\Weather\MIRA\daily\AN001_Agugliano.csv,4/15/2022 12:00:00 AM,21.26,7.67,0,0,87.21612,36.209904,-7.9750543,-2.130261,4.664739,0,0,0,0,0,0,0,0,0,0,0,0,0,0,0,0,0,0,0,0,0,0,0,0,0,0,0,0,0,0,
..\..\..\files\Weather\MIRA\daily\AN001_Agugliano.csv,4/16/2022 12:00:00 AM,22.09,8.77,0,0,87.970055,37.40881,-2.4882636,-1.1732092,5.4867907,0,0,0,0,0,0,0,0,0,0,0,0,0,0,0,0,0,0,0,0,0,0,0,0,0,0,0,0,0,0,
..\..\..\files\Weather\MIRA\daily\AN001_Agugliano.csv,4/17/2022 12:00:00 AM,20.49,8.401377,0,4,93.94225,46.63305,0,-1.4929209,4.5513906,7.587017,7.587017,0.2810006,10.351251,10,1.9574162,0,0,0,0,0,0,0,0,0,0,0,0,0,0,0,0,0,0,0,0,0,0,0,0,
..\..\..\files\Weather\MIRA\daily\AN001_Agugliano.csv,4/18/2022 12:00:00 AM,13.48,6.589734,0,6,99.072334,66.61895,0,-2.5663276,0.8788048,0.10493814,7.691955,0.28488722,10.356109,10,1.9614605,0,0,0,0,0,0,0,0,0,0,0,0,0,0,0,0,0,0,0,0,0,0,0,0,
..\..\..\files\Weather\MIRA\daily\AN001_Agugliano.csv,4/19/2022 12:00:00 AM,16.03,4.9699993,0,0,89.72055,42.89356,0,-3.8861985,1.6438022,1.2032692,8.895225,0.32945275,10.411816,10,2.0078366,0,0,0,0,0,0,0,0,0,0,0,0,0,0,0,0,0,0,0,0,0,0,0,0,
..\..\..\files\Weather\MIRA\daily\AN001_Agugliano.csv,4/20/2022 12:00:00 AM,17.67,5.3500004,0,0,88.50273,39.094543,0,-3.7724633,2.3875365,3.200097,12.095322,0.44797486,10.559969,10,2.131174,0,0,0,0,0,0,0,0,0,0,0,0,0,0,0,0,0,0,0,0,0,0,0,0,
..\..\..\files\Weather\MIRA\daily\AN001_Agugliano.csv,4/21/2022 12:00:00 AM,17.71,8.6,0.22500001,6,97.095245,53.397232,0,-1.2924256,3.2625737,5.8754,17.970722,0.6655823,10.831978,10,2.3576214,0,0,0,0,0,0,0,0,0,0,0,0,0,0,0,0,0,0,0,0,0,0,0,0,
..\..\..\files\Weather\MIRA\daily\AN001_Agugliano.csv,4/22/2022 12:00:00 AM,15.48,9.62,5.829167,24,100,70.0044,0,-0.36767888,2.5623205,4.9608335,22.931557,0.8493169,11.030823,11,2.52316,0,1,0,0,0,0,0,0,0,0,0,0,0,0,0,0,0,1,0,0,0,0,0,0,
..\..\..\files\Weather\MIRA\daily\AN001_Agugliano.csv,4/23/2022 12:00:00 AM,16.1,11.18,15.120832,24,100,77.17988,0,0,3.6400003,6.555588,29.487144,1.0921165,11.182572,11,2.6494915,1,1,0,0,0,0,1,1,0,0,0,0,0,0,0,0,1,2,0,0,0,0,1,1,
..\..\..\files\Weather\MIRA\daily\AN001_Agugliano.csv,4/24/2022 12:00:00 AM,21.29,9.700001,1.9291666,24,92.29734,43.88108,0,-0.29611683,5.4988832,8.755152,38.242294,1.4163812,11.385239,11,2.818211,1,0,0,0,0,0,1,1,0,0,0,0,0,0,0,0,2,2,0,0,0,0,2,2,
..\..\..\files\Weather\MIRA\daily\AN001_Agugliano.csv,4/25/2022 12:00:00 AM,20.47,10.04,4.945833,24,95.10355,48.650517,0,0,5.254999,8.50495,46.747246,1.7313795,12.054742,12,3.4517093,0,1,0,0,0,1,1,1,0,0,0,0,0,0,0,0,2,3,0,0,0,1,3,3,
..\..\..\files\Weather\MIRA\daily\AN001_Agugliano.csv,4/26/2022 12:00:00 AM,20.42,8.66,5.75,23,91.648346,42.856453,0,-1.2636566,4.6163435,7.699975,54.44722,2.0165637,12.173568,12,3.715899,0,1,0,0,0,0,1,1,0,0,0,0,0,0,0,0,2,4,0,0,0,1,4,4,
..\..\..\files\Weather\MIRA\daily\AN001_Agugliano.csv,4/27/2022 12:00:00 AM,21.15,9.15,0,1,91.22593,42.156944,0,-0.8198962,5.180104,8.392356,62.839577,2.3273916,12.30308,12,4.003847,0,0,0,0,0,0,0,0,0,0,0,0,0,0,0,0,2,4,0,0,0,1,4,4,
..\..\..\files\Weather\MIRA\daily\AN001_Agugliano.csv,4/28/2022 12:00:00 AM,19.84,8.880001,0,3,93.47956,45.988792,0,-1.0627728,4.417227,7.482996,70.32257,2.6045396,13.063919,13,5.695447,0,0,0,0,0,0,0,0,0,0,0,0,0,0,0,0,2,4,0,0,0,1,4,4,
..\..\..\files\Weather\MIRA\daily\AN001_Agugliano.csv,4/29/2022 12:00:00 AM,19.62,9.08,0,5,94.464516,47.752525,0,-0.879848,4.3901525,7.4707704,77.79334,2.881235,13.150386,13,5.8876915,0,0,0,0,0,0,0,0,0,0,0,0,0,0,0,0,2,4,0,0,0,1,4,4,
..\..\..\files\Weather\MIRA\daily\AN001_Agugliano.csv,4/30/2022 12:00:00 AM,19.97,8.79,0,3,92.968155,45.095078,0,-1.1445212,4.445478,7.507393,85.300735,3.1592865,13.237277,13,6.080879,0,0,0,0,0,0,0,0,0,0,0,0,0,0,0,0,2,4,0,0,0,1,4,4,
..\..\..\files\Weather\MIRA\daily\AN001_Agugliano.csv,5/1/2022 12:00:00 AM,21.28,9.030001,0,1,90.61054,41.20507,0,-0.9315953,5.1934047,8.397762,93.6985,3.470315,14.067578,14,7.9269156,0,0,0,0,0,0,0,0,0,0,0,0,0,0,0,0,2,4,0,0,0,1,4,4,
..\..\..\files\Weather\MIRA\daily\AN001_Agugliano.csv,5/2/2022 12:00:00 AM,20.48,10.110001,0,5,95.262695,48.93053,0,0,5.295,8.54734,102.24584,3.786883,14.146721,14,8.102877,0,0,0,0,0,0,0,0,0,0,0,0,0,0,0,0,2,4,0,0,0,1,4,4,
..\..\..\files\Weather\MIRA\daily\AN001_Agugliano.csv,5/3/2022 12:00:00 AM,19.98,10.27,0,5,96.804016,51.83456,0,0,5.125,8.365267,110.61111,4.096708,18.004326,18,13.95306,0,0,0,0,0,0,0,0,0,0,0,0,0,0,0,0,2,4,0,0,0,1,4,4,
..\..\..\files\Weather\MIRA\daily\AN001_Agugliano.csv,5/4/2022 12:00:00 AM,21.52,9.62,0,3,91.532974,42.67892,0,-0.37393284,5.576067,8.831309,119.44241,4.423793,31.000616,31,31.053442,0,0,0,0,0,0,0,0,0,0,0,0,0,0,0,0,2,4,0,0,0,1,4,4,
..\..\..\files\Weather\MIRA\daily\AN001_Agugliano.csv,5/5/2022 12:00:00 AM,22.12,10.300001,0.029166667,4,91.75437,43.16479,0,0,6.210001,9.44239,128.8848,4.773511,44.002163,44,48.16074,0,0,0,0,0,0,0,0,0,0,0,0,0,0,0,0,2,4,0,0,0,1,4,4,
..\..\..\files\Weather\MIRA\daily\AN001_Agugliano.csv,5/6/2022 12:00:00 AM,20.14,10.59,0.8916667,24,100,52.693344,0,0,5.365,8.620858,137.50566,5.092802,53.01392,53,60.0696,0,0,0,0,0,0,0,1,0,0,0,0,0,0,0,0,2,4,0,0,0,1,4,5,
..\..\..\files\Weather\MIRA\daily\AN001_Agugliano.csv,5/7/2022 12:00:00 AM,17.87,13.16,5.266667,24,100,80.48503,0,0,5.5150003,8.775555,146.28122,5.417823,53.06267,53,60.31336,0,1,0,0,0,0,1,1,0,0,0,0,0,0,0,0,2,5,0,0,0,1,5,6,
..\..\..\files\Weather\MIRA\daily\AN001_Agugliano.csv,5/8/2022 12:00:00 AM,17.83,13.01,4.3125,24,100,79.653404,0,0,5.42,8.678028,154.95924,5.7392316,53.110886,53,60.55443,0,0,0,0,0,0,1,1,0,0,0,0,0,0,0,0,2,5,0,0,0,1,6,7,
..\..\..\files\Weather\MIRA\daily\AN001_Agugliano.csv,5/9/2022 12:00:00 AM,20.06,11.870001,0,6,100,59.75318,0,0,5.965,9.216618,164.17586,6.0805874,53.162086,53,60.810432,0,0,0,0,0,0,0,0,0,0,0,0,0,0,0,0,2,5,0,0,0,1,6,7,
..\..\..\files\Weather\MIRA\daily\AN001_Agugliano.csv,5/10/2022 12:00:00 AM,23.03,12.140001,0,3,93.98114,47.264717,0,0,7.585001,10.525938,174.7018,6.4704366,53.220566,53,61.10283,0,0,0,0,0,0,0,0,0,0,0,0,0,0,0,0,2,5,0,0,0,1,6,7,
..\..\..\files\Weather\MIRA\daily\AN001_Agugliano.csv,5/11/2022 12:00:00 AM,24.57,11.98,0,0,89.10685,40.419743,0,0,8.275,10.954869,185.65666,6.876173,54.025143,54,65.12572,0,0,0,0,0,0,0,0,0,0,0,0,0,0,0,0,2,5,0,0,0,1,6,7,
..\..\..\files\Weather\MIRA\daily\AN001_Agugliano.csv,5/12/2022 12:00:00 AM,26.89,13.39,0,0,85.157585,36.923454,0,0,10.139999,11.74194,197.3986,7.3110595,54.077328,54,65.38664,0,0,0,0,0,0,0,0,0,0,0,0,0,0,0,0,2,5,0,0,0,1,6,7,
..\..\..\files\Weather\MIRA\daily\AN001_Agugliano.csv,5/13/2022 12:00:00 AM,27.57,14.78,0,0,86.13907,39.27361,0,0,11.174999,11.949474,209.34808,7.753633,54.130436,54,65.652176,0,0,0,0,0,0,0,0,0,0,0,0,0,0,0,0,2,5,0,0,0,1,6,7,
..\..\..\files\Weather\MIRA\daily\AN001_Agugliano.csv,5/14/2022 12:00:00 AM,27.489998,14.249999,0,0,85.164055,37.69789,0,0,10.869999,11.90508,221.25316,8.194561,54.183346,54,65.91673,0,0,0,0,0,0,0,0,0,0,0,0,0,0,0,0,2,5,0,0,0,1,6,7,
..\..\..\files\Weather\MIRA\daily\AN001_Agugliano.csv,5/15/2022 12:00:00 AM,26.629997,14.819999,0,0,89.45347,43.20925,0,0,10.724998,11.879077,233.13223,8.634527,55.03012,55,70.150604,0,0,0,0,0,0,0,0,0,0,0,0,0,0,0,0,2,5,0,0,0,1,6,7,
..\..\..\files\Weather\MIRA\daily\AN001_Agugliano.csv,5/16/2022 12:00:00 AM,28.099998,14.749999,0,0,84.22232,37.15803,0,0,11.424999,11.975484,245.10771,9.078063,55.074474,55,70.372375,0,0,0,0,0,0,0,0,0,0,0,0,0,0,0,0,2,5,0,0,0,1,6,7,
..\..\..\files\Weather\MIRA\daily\AN001_Agugliano.csv,5/17/2022 12:00:00 AM,28.13,15.800001,0,0,86.575356,40.78972,0,0,11.965,11.99991,257.10764,9.522505,55.118916,55,70.594574,0,0,0,0,0,0,0,0,0,0,0,0,0,0,0,0,2,5,0,0,0,1,6,7,
..\..\..\files\Weather\MIRA\daily\AN001_Agugliano.csv,5/18/2022 12:00:00 AM,27.25,16.16,0,1,90.54829,45.957344,0,0,11.705,11.993555,269.1012,9.966711,55.163338,55,70.81669,0,0,0,0,0,0,0,0,0,0,0,0,0,0,0,0,2,5,0,0,0,1,6,7,
..\..\..\files\Weather\MIRA\daily\AN001_Agugliano.csv,5/19/2022 12:00:00 AM,25.98,14.625563,0,3,91.458755,45.699425,0,0,10.30278,11.7853,280.8865,10.403204,56.03456,56,75.172806,0,0,0,0,0,0,0,0,0,0,0,0,0,0,0,0,2,5,0,0,0,1,6,7,
..\..\..\files\Weather\MIRA\daily\AN001_Agugliano.csv,5/20/2022 12:00:00 AM,25.79,12.71,0,0,87.11192,38.55237,0,0,9.25,11.433371,292.3199,10.826662,56.070858,56,75.354294,0,0,0,0,0,0,0,0,0,0,0,0,0,0,0,0,2,5,0,0,0,1,6,7,
..\..\..\files\Weather\MIRA\daily\AN001_Agugliano.csv,5/21/2022 12:00:00 AM,26.99,13.390001,0,0,84.824356,36.563496,0,0,10.190001,11.755686,304.07556,11.262057,56.108177,56,75.540886,0,0,0,0,0,0,0,0,1,1,0,0,0,0,1,1,2,5,0,0,0,1,6,7,
..\..\..\files\Weather\MIRA\daily\AN001_Agugliano.csv,5/22/2022 12:00:00 AM,28.75,15.919999,0,0,84.62929,38.758167,0,0,12.334999,11.991711,316.06726,11.706195,57.002964,57,80.01482,0,0,0,0,0,0,0,0,0,1,0,0,0,0,1,1,2,5,0,0,0,1,6,7,
..\..\..\files\Weather\MIRA\daily\AN001_Agugliano.csv,5/23/2022 12:00:00 AM,28.86,17.010002,0,0,86.76291,42.318813,0,0,12.935001,11.935589,328.00284,12.148253,57.036118,57,80.18059,0,0,0,0,0,0,0,0,0,0,0,0,0,0,0,0,2,5,0,0,0,1,6,7,
..\..\..\files\Weather\MIRA\daily\AN001_Agugliano.csv,5/24/2022 12:00:00 AM,29.440002,18.860003,0,0,88.901306,47.108467,0,0,14.150002,11.661034,339.66388,12.580145,57.068512,57,80.34256,0,0,0,0,0,0,0,0,0,0,0,0,0,0,0,0,2,5,0,0,0,1,6,7,
..\..\..\files\Weather\MIRA\daily\AN001_Agugliano.csv,5/25/2022 12:00:00 AM,30.24,17.74,0,0,83.27104,39.28143,0,0,13.99,11.709433,351.37332,13.013826,57.101036,57,80.50518,0,0,0,0,0,0,0,0,0,1,0,0,0,0,1,1,2,5,0,0,0,1,6,7,
..\..\..\files\Weather\MIRA\daily\AN001_Agugliano.csv,5/26/2022 12:00:00 AM,30.02,17.4,0,0,83.33305,38.96518,0,0,13.709999,11.785217,363.15854,13.450315,58.007797,58,85.03899,0,0,0,0,0,0,0,0,0,0,0,0,0,0,1,1,2,5,0,0,0,1,6,7,
..\..\..\files\Weather\MIRA\daily\AN001_Agugliano.csv,5/27/2022 12:00:00 AM,28.35,17.81,0,1,90.530846,47.840843,0,0,13.08,11.914113,375.07266,13.891581,58.037216,58,85.18608,0,0,0,0,0,0,0,0,0,0,0,0,0,0,0,0,2,5,0,0,0,1,6,7,
..\..\..\files\Weather\MIRA\daily\AN001_Agugliano.csv,5/28/2022 12:00:00 AM,29.46,18.93,0,0,88.988075,47.30645,0,0,14.195,11.646756,386.71942,14.322941,58.065975,58,85.32988,0,0,0,0,0,0,0,0,0,0,0,0,0,0,0,0,2,5,0,0,0,1,6,7,
..\..\..\files\Weather\MIRA\daily\AN001_Agugliano.csv,5/29/2022 12:00:00 AM,29.009998,16.336525,0.054166663,1,100,42.520924,0,0,12.673262,11.966567,398.68597,14.766148,58.09552,58,85.4776,0,0,0,0,0,0,0,0,0,0,0,0,0,0,0,0,2,5,0,0,0,1,6,7,
..\..\..\files\Weather\MIRA\daily\AN001_Agugliano.csv,5/30/2022 12:00:00 AM,21.620003,15.430001,1.3625,24,100,72.21673,0,0,8.525002,11.091711,409.77768,15.17695,59.010616,59,90.053085,0,0,0,0,0,0,0,1,0,0,0,0,0,0,0,0,2,5,0,0,0,1,6,8,
..\..\..\files\Weather\MIRA\daily\AN001_Agugliano.csv,5/31/2022 12:00:00 AM,22.21,14.900001,2.6833334,24,100,65.41966,0,0,8.555,11.107473,420.88516,15.588339,59.0353,59,90.176506,0,0,0,0,0,0,0,1,0,0,0,0,0,0,0,0,2,5,0,0,0,1,6,9,
..\..\..\files\Weather\MIRA\daily\AN001_Agugliano.csv,6/1/2022 12:00:00 AM,25.7,16.95,0,6,97.84719,57.218098,0,0,11.325001,11.966202,432.85138,16.031532,59.061893,59,90.30946,0,0,0,0,0,0,0,0,0,0,0,0,0,0,0,0,2,5,0,0,0,1,6,9,
..\..\..\files\Weather\MIRA\daily\AN001_Agugliano.csv,6/2/2022 12:00:00 AM,28.219997,16.55,0,0,88.019844,43.274925,0,0,12.384998,11.989053,444.84042,16.475573,59.088535,59,90.44267,0,0,0,0,0,0,0,0,0,0,0,0,0,0,0,0,2,5,0,0,0,1,6,9,
..\..\..\files\Weather\MIRA\daily\AN001_Agugliano.csv,6/3/2022 12:00:00 AM,30.68,17.5,0,0,81.058014,36.726234,0,0,14.09,11.679617,456.52005,16.90815,60.013172,60,95.06586,0,0,0,0,0,0,0,0,0,0,0,0,0,0,0,0,2,5,0,0,0,1,6,9,
..\..\..\files\Weather\MIRA\daily\AN001_Agugliano.csv,6/4/2022 12:00:00 AM,30.33,19.13,0,0,86.08789,44.07883,0,0,14.73,11.454657,467.9747,17.332396,60.036312,60,95.181564,0,0,0,0,0,0,0,0,0,0,0,0,0,0,0,0,2,5,0,0,0,1,6,9,
..\..\..\files\Weather\MIRA\daily\AN001_Agugliano.csv,6/5/2022 12:00:00 AM,30.420002,19.550001,0,0,86.69701,45.332134,0,0,14.985001,11.348622,479.32333,17.752716,60.05924,60,95.29619,0,0,0,0,0,0,0,0,0,0,0,0,0,0,0,0,2,5,0,0,0,1,6,9,
..\..\..\files\Weather\MIRA\daily\AN001_Agugliano.csv,6/6/2022 12:00:00 AM,32.99,20.62,0,0,79.458466,38.06028,0,0,16.805,10.322705,489.64603,18.135038,60.080093,60,95.40047,0,0,0,0,0,0,0,0,0,0,0,0,0,0,0,0,2,5,0,0,0,1,6,9,
..\..\..\files\Weather\MIRA\daily\AN001_Agugliano.csv,6/7/2022 12:00:00 AM,30.559998,19.221998,0,0,87.335815,46.786423,0,0,14.890999,11.388796,501.03482,18.556845,61.011177,61,100,0,0,0,0,0,0,0,0,0,0,0,0,0,0,0,0,2,5,0,0,0,1,6,9,
..\..\..\files\Weather\MIRA\daily\AN001_Agugliano.csv,6/8/2022 12:00:00 AM,29.2,17.51,0,0,86.66521,42.779472,0,0,13.355,11.864952,512.8998,18.996288,61.033146,61,100,0,0,0,0,0,0,0,0,0,0,0,0,0,0,0,0,2,5,0,0,0,1,6,9,
..\..\..\files\Weather\MIRA\daily\AN001_Agugliano.csv,6/9/2022 12:00:00 AM,27.16,17.130001,0.52500004,4,96.53379,50.584785,0,0,12.145,11.998447,524.89825,19.440676,61.055367,61,100,0,0,0,0,0,0,0,0,0,0,0,0,0,0,0,0,2,5,0,0,0,1,6,9,
..\..\..\files\Weather\MIRA\daily\AN001_Agugliano.csv,6/10/2022 12:00:00 AM,23.329998,16.09,13.329167,24,100,65.88176,0,0,9.709999,11.607998,536.5062,19.870602,61.076862,61,100,1,1,1,0,0,0,1,1,0,0,0,0,0,0,0,0,3,6,1,0,0,1,7,10,
..\..\..\files\Weather\MIRA\daily\AN001_Agugliano.csv,6/11/2022 12:00:00 AM,24.84,16.75,28.845835,23,100,60.89741,0,0,10.795,11.892025,548.39825,20.311047,71.01253,71,89.906044,1,1,1,0,1,0,1,1,0,0,0,0,0,0,0,0,4,7,2,0,1,1,8,11,
..\..\..\files\Weather\MIRA\daily\AN001_Agugliano.csv,6/12/2022 12:00:00 AM,27.990002,16.700003,0,0,89.20583,44.875355,0,0,12.345001,11.991209,560.38947,20.755165,71.03041,71,89.77192,1,0,0,0,1,0,0,0,0,0,0,0,0,0,0,0,5,7,2,0,2,1,8,11,
..\..\..\files\Weather\MIRA\daily\AN001_Agugliano.csv,6/13/2022 12:00:00 AM,28.98,18.47,0,0,89.73732,47.655106,0,0,13.724998,11.781445,572.1709,21.191515,71.04798,71,89.64014,0,0,0,0,0,0,0,0,0,0,0,0,0,0,0,0,5,7,2,0,2,1,8,11,
..\..\..\files\Weather\MIRA\daily\AN001_Agugliano.csv,6/14/2022 12:00:00 AM,32.42,17.46,0,0,80.27247,30.429176,0,0,14.939999,11.368013,583.53894,21.612553,71.06493,71,89.513,0,0,0,0,0,0,0,0,0,0,0,0,0,0,0,0,5,7,2,0,2,1,8,11,
..\..\..\files\Weather\MIRA\daily\AN001_Agugliano.csv,6/15/2022 12:00:00 AM,29.029999,18.11,0,0,88.70299,45.920654,0,0,13.57,11.818848,595.3578,22.05029,71.082565,71,89.38076,0,0,0,0,0,0,0,0,0,0,0,0,0,0,0,1,5,7,2,0,2,1,8,11,
..\..\..\files\Weather\MIRA\daily\AN001_Agugliano.csv,6/16/2022 12:00:00 AM,31.46,18.5,0,0,80.27597,37.048637,0,0,14.98,11.350791,606.70856,22.470688,71.09949,71,89.253845,0,0,0,0,0,0,0,0,0,0,0,0,0,0,0,0,5,7,2,0,2,1,8,11,
..\..\..\files\Weather\MIRA\daily\AN001_Agugliano.csv,6/17/2022 12:00:00 AM,31.630001,19.550001,0,0,81.927605,39.98298,0,0,15.59,11.059841,617.7684,22.88031,71.11598,71,89.130135,0,0,0,0,0,0,0,0,0,0,0,0,0,0,0,0,5,7,2,0,2,1,8,11,
..\..\..\files\Weather\MIRA\daily\AN001_Agugliano.csv,6/18/2022 12:00:00 AM,31.68,19.71969,0,0,83.481415,42.66361,0,0,15.699844,11.001812,628.7702,23.287785,71.13239,71,89.00705,0,0,0,0,0,0,0,0,0,0,0,0,0,0,0,0,5,7,2,0,2,1,8,11,
..\..\..\files\Weather\MIRA\daily\AN001_Agugliano.csv,6/19/2022 12:00:00 AM,28.810001,18.160002,0,0,89.64684,47.1521,0,0,13.485001,11.837879,640.6081,23.726227,71.15005,71,88.87465,0,0,0,0,0,0,0,0,0,0,0,0,0,0,0,0,5,7,2,0,2,1,8,11,
..\..\..\files\Weather\MIRA\daily\AN001_Agugliano.csv,6/20/2022 12:00:00 AM,29.29,17.41,0,0,86.096985,42.012486,0,0,13.35,11.865945,652.47406,24.165707,71.16775,71,88.7419,0,0,0,0,0,0,0,0,0,0,0,0,0,0,0,0,5,7,2,0,2,1,8,11,
..\..\..\files\Weather\MIRA\daily\AN001_Agugliano.csv,6/21/2022 12:00:00 AM,32.47,18.400002,0,0,76.12856,32.97457,0,0,15.435001,11.138805,663.61285,24.578255,71.18436,71,88.617325,0,0,0,0,0,0,0,0,0,0,0,0,0,0,0,0,5,7,2,0,2,1,8,11,
..\..\..\files\Weather\MIRA\daily\AN001_Agugliano.csv,6/22/2022 12:00:00 AM,33.96,20.77,0,0,75.21475,34.719624,0,0,17.365,9.9127655,673.52563,24.945393,72.00378,72,82.47168,0,0,0,0,0,0,0,0,0,0,0,0,0,0,0,0,5,7,2,0,2,1,8,11,
..\..\..\files\Weather\MIRA\daily\AN001_Agugliano.csv,6/23/2022 12:00:00 AM,32.98,21.58,0,0,80.92728,41.47522,0,0,17.279999,9.977828,683.5035,25.314945,72.016235,72,82.378235,0,0,0,0,0,0,0,0,0,0,0,0,0,0,0,0,5,7,2,0,2,1,8,11,
..\..\..\files\Weather\MIRA\daily\AN001_Agugliano.csv,6/24/2022 12:00:00 AM,31.380001,21.300001,0,0,86.84566,47.893066,0,0,16.34,10.629516,694.133,25.708632,72.0295,72,82.27873,0,0,0,0,0,0,0,0,0,0,0,0,0,0,0,0,5,7,2,0,2,1,8,11,
..\..\..\files\Weather\MIRA\daily\AN001_Agugliano.csv,6/25/2022 12:00:00 AM,33.88,21.420002,0,0,76.899895,37.108383,0,0,17.650002,9.68722,703.8202,26.067415,72.041595,72,82.188034,0,0,0,0,0,0,0,0,1,0,0,0,0,0,1,0,5,7,2,0,2,1,8,11,
..\..\..\files\Weather\MIRA\daily\AN001_Agugliano.csv,6/26/2022 12:00:00 AM,31.51,20.22,0,0,83.89456,42.970715,0,0,15.865,10.911331,714.7315,26.471537,72.05522,72,82.08584,0,0,0,0,0,0,0,0,1,1,1,0,1,0,1,1,5,7,2,0,2,1,8,11,
..\..\..\files\Weather\MIRA\daily\AN001_Agugliano.csv,6/27/2022 12:00:00 AM,34.07,19.06,0,0,71.250626,29.402023,0,0,16.564999,10.484873,725.2164,26.859865,72.06831,72,81.98765,0,0,0,0,0,0,0,0,1,1,1,0,1,0,0,0,5,7,2,0,2,1,8,11,
..\..\..\files\Weather\MIRA\daily\AN001_Agugliano.csv,6/28/2022 12:00:00 AM,36.62,21.530003,0,0,70.71479,27.569462,0,0,19.075,8.389309,733.60565,27.17058,72.07878,72,81.90914,0,0,0,0,0,0,0,0,0,0,0,0,0,0,0,0,5,7,2,0,2,1,8,11,
..\..\..\files\Weather\MIRA\daily\AN001_Agugliano.csv,6/29/2022 12:00:00 AM,34.37,22.990002,0,0,78.171234,40.38808,0,0,18.68,8.777409,742.38306,27.495667,72.089745,72,81.82692,0,0,0,0,0,0,0,0,0,0,0,0,0,0,0,0,5,7,2,0,2,1,8,11,
..\..\..\files\Weather\MIRA\daily\AN001_Agugliano.csv,6/30/2022 12:00:00 AM,32.79,22.3,0,0,83.278885,45.076256,0,0,17.545,9.771641,752.1547,27.857584,72.101944,72,81.73542,0,0,0,0,0,0,0,0,0,0,0,0,0,0,0,0,5,7,2,0,2,1,8,11,
..\..\..\files\Weather\MIRA\daily\AN001_Agugliano.csv,7/1/2022 12:00:00 AM,34,20.41,0,0,74.30541,33.47226,0,0,17.205,10.034391,762.1891,28.229225,72.11447,72,81.641464,0,0,0,0,0,0,0,0,0,0,0,0,0,0,0,0,5,7,2,0,2,1,8,11,
..\..\..\files\Weather\MIRA\daily\AN001_Agugliano.csv,7/2/2022 12:00:00 AM,36.29,21.010002,0,0,74.55553,27.321533,0,0,18.650002,8.805998,770.99506,28.555372,72.125465,72,81.559006,0,0,0,0,0,0,0,0,0,0,0,0,0,0,0,0,5,7,2,0,2,1,8,11,
..\..\..\files\Weather\MIRA\daily\AN001_Agugliano.csv,7/3/2022 12:00:00 AM,32.81,21.84,0,0,82.19105,43.208725,0,0,17.325,9.943508,780.93854,28.923649,72.13788,72,81.46591,0,0,0,0,0,0,0,0,0,0,0,0,0,0,0,0,5,7,2,0,2,1,8,11,
..\..\..\files\Weather\MIRA\daily\AN001_Agugliano.csv,7/4/2022 12:00:00 AM,35.22,21.78,0,0,72.1702,33.04732,0,0,18.5,8.947072,789.8856,29.255024,72.14905,72,81.38214,0,0,0,0,0,0,0,0,0,0,0,0,0,0,0,0,5,7,2,0,2,1,8,11,
..\..\..\files\Weather\MIRA\daily\AN001_Agugliano.csv,7/5/2022 12:00:00 AM,35.22,22.010002,0,0,72.6346,33.73018,0,0,18.615002,8.839194,798.7248,29.5824,72.16008,72,81.2994,0,0,0,0,0,0,0,0,0,0,0,0,0,0,0,0,5,7,2,0,2,1,8,11,
..\..\..\files\Weather\MIRA\daily\AN001_Agugliano.csv,7/6/2022 12:00:00 AM,33.31,21.23,0,0,78.824585,38.81492,0,0,17.27,9.985414,808.7102,29.95223,73.00828,73,74.93791,0,0,0,0,0,0,0,0,0,0,0,0,0,0,0,0,5,7,2,0,2,1,8,11,
..\..\..\files\Weather\MIRA\daily\AN001_Agugliano.csv,7/7/2022 12:00:00 AM,32.38,20.59,0,0,81.21635,40.514244,0,0,16.485,10.537121,819.2473,30.342493,77.00873,77,39.95636,0,0,0,0,0,0,0,0,0,0,0,0,0,0,0,0,5,7,2,0,2,1,8,11,
..\..\..\files\Weather\MIRA\daily\AN001_Agugliano.csv,7/8/2022 12:00:00 AM,30.96,18.541523,0,0,86.820305,40.937897,0,0,14.750761,11.446371,830.69366,30.766434,77.01952,77,39.90238,0,0,0,0,0,0,0,0,0,0,0,0,0,0,0,0,5,7,2,0,2,1,8,11,
..\..\..\files\Weather\MIRA\daily\AN001_Agugliano.csv,7/9/2022 12:00:00 AM,26.71,17.14,0,5,94.829956,52.874004,0,0,11.924999,11.999583,842.69324,31.210861,77.03085,77,39.845734,0,0,0,0,0,0,0,0,0,0,0,0,0,0,0,0,5,7,2,0,2,1,8,11,
..\..\..\files\Weather\MIRA\daily\AN001_Agugliano.csv,7/10/2022 12:00:00 AM,27.1,18.01,0,5,95.577324,55.021877,0,0,12.555,11.97727,854.67053,31.654465,77.04215,77,39.789238,0,0,0,0,0,0,0,0,0,0,0,0,0,0,0,0,5,7,2,0,2,1,8,11,
..\..\..\files\Weather\MIRA\daily\AN001_Agugliano.csv,7/11/2022 12:00:00 AM,30.19,17.38,0,0,82.646,38.220367,0,0,13.785,11.766029,866.4366,32.090244,77.05325,77,39.733734,0,0,0,0,0,0,0,0,0,0,0,0,0,0,0,0,5,7,2,0,2,1,8,11,
..\..\..\files\Weather\MIRA\daily\AN001_Agugliano.csv,7/12/2022 12:00:00 AM,29.97,18.67,0,0,86.42622,43.896297,0,0,14.32,11.605562,878.0422,32.52008,77.06421,77,39.678955,0,0,0,0,0,0,0,0,0,0,0,0,0,0,0,0,5,7,2,0,2,1,8,11,
..\..\..\files\Weather\MIRA\daily\AN001_Agugliano.csv,7/13/2022 12:00:00 AM,29.330002,18.820002,0,0,89.22867,47.464214,0,0,14.075001,11.684181,889.7264,32.95283,77.07523,77,39.623833,0,0,0,0,0,0,0,0,0,0,0,0,0,0,0,0,5,7,2,0,2,1,8,11,
..\..\..\files\Weather\MIRA\daily\AN001_Agugliano.csv,7/14/2022 12:00:00 AM,29.830002,17.500002,0,0,84.27735,40.091766,0,0,13.665001,11.796337,901.5227,33.38973,77.086365,77,39.568176,0,0,0,0,0,0,0,0,0,0,0,0,0,0,0,0,5,7,2,0,2,1,8,11,
..\..\..\files\Weather\MIRA\daily\AN001_Agugliano.csv,7/15/2022 12:00:00 AM,32.5,17.52,0,0,74.14285,30.333672,0,0,15.01,11.337726,912.8604,33.809643,77.09706,77,39.514694,0,0,0,0,0,0,0,0,0,0,0,0,0,0,0,0,5,7,2,0,2,1,8,11,
..\..\..\files\Weather\MIRA\daily\AN001_Agugliano.csv,7/16/2022 12:00:00 AM,35.25,20.400002,0,0,75.88557,29.100716,0,0,17.825,9.543089,922.4035,34.163094,77.106064,77,39.46968,0,0,0,0,0,0,0,0,0,0,0,0,0,0,0,0,5,7,2,0,2,1,8,11,
..\..\..\files\Weather\MIRA\daily\AN001_Agugliano.csv,7/17/2022 12:00:00 AM,32.76,22.25,0,0,83.29381,45.023308,0,0,17.505,9.803395,932.2069,34.52618,77.11532,77,39.42341,0,0,0,0,0,0,0,0,0,0,0,0,0,0,0,0,5,7,2,0,2,1,8,11,
..\..\..\files\Weather\MIRA\daily\AN001_Agugliano.csv,7/18/2022 12:00:00 AM,31.86,21.73,0,0,85.85397,47.302498,0,0,16.795,10.329624,942.53656,34.908764,77.12506,77,39.374695,0,0,0,0,0,0,0,0,0,0,0,0,0,0,0,0,5,7,2,0,2,1,8,11,
..\..\..\files\Weather\MIRA\daily\AN001_Agugliano.csv,7/19/2022 12:00:00 AM,31.619999,20.77,0,0,84.68199,44.591587,0,0,16.195,10.718933,953.2555,35.30576,77.13518,77,39.324112,0,0,0,0,0,0,0,0,0,0,0,0,0,0,0,0,5,7,2,0,2,1,8,11,
..\..\..\files\Weather\MIRA\daily\AN001_Agugliano.csv,7/20/2022 12:00:00 AM,31.759998,19.27,0,0,80.796364,38.465336,0,0,15.514999,11.098478,964.35394,35.716812,77.14565,77,39.271736,0,0,0,0,0,0,0,0,0,0,0,0,0,0,0,0,5,7,2,0,2,1,8,11,
..\..\..\files\Weather\MIRA\daily\AN001_Agugliano.csv,7/21/2022 12:00:00 AM,33.12,19.51,0,0,75.93305,33.98365,0,0,16.314999,10.645146,974.9991,36.111076,77.15569,77,39.221535,0,0,0,0,0,0,0,0,0,0,0,0,0,0,0,0,5,7,2,0,2,1,8,11,
..\..\..\files\Weather\MIRA\daily\AN001_Agugliano.csv,7/22/2022 12:00:00 AM,34.54,20.82,0,0,72.977,32.716705,0,0,17.68,9.662817,984.6619,36.46896,77.16482,77,39.17591,0,0,0,0,0,0,0,0,0,0,0,0,0,0,0,0,5,7,2,0,2,1,8,11,
..\..\..\files\Weather\MIRA\daily\AN001_Agugliano.csv,7/23/2022 12:00:00 AM,35.92,22.61,0,0,70.967636,32.887012,0,0,19.265,8.19492,992.8569,36.772476,77.17255,77,39.137268,0,0,0,0,0,0,0,0,0,0,0,0,0,0,0,0,5,7,2,0,2,1,8,11,
..\..\..\files\Weather\MIRA\daily\AN001_Agugliano.csv,7/24/2022 12:00:00 AM,37.22,22.71,0,0,71.33567,28.598972,0,0,19.965,7.4356456,1000.29254,37.04787,77.179565,77,39.102173,0,0,0,0,0,0,0,0,0,0,0,0,0,0,0,0,5,7,2,0,2,1,8,11,
..\..\..\files\Weather\MIRA\daily\AN001_Agugliano.csv,7/25/2022 12:00:00 AM,34.48,23.420002,0,0,78.612144,41.430943,0,0,18.95,8.514468,1008.807,37.363224,77.1876,77,39.062004,0,0,0,0,0,0,0,0,0,0,0,0,0,0,0,0,5,7,2,0,2,1,8,11,
..\..\..\files\Weather\MIRA\daily\AN001_Agugliano.csv,7/26/2022 12:00:00 AM,35.73,22.51,0,0,77.702324,33.30196,0,0,19.119999,8.343723,1017.15076,37.672253,77.19547,77,39.022636,0,0,0,0,0,0,0,0,0,0,0,0,0,0,0,0,5,7,2,0,2,1,8,11,
..\..\..\files\Weather\MIRA\daily\AN001_Agugliano.csv,7/27/2022 12:00:00 AM,33.24,23.475622,0,0,84.475876,48.554333,0,0,18.357811,9.077908,1026.2286,38.00847,77.20404,77,38.979797,0,0,0,0,0,0,0,0,0,0,0,0,0,0,0,0,5,7,2,0,2,1,8,11,
..\..\..\files\Weather\MIRA\daily\AN001_Agugliano.csv,7/28/2022 12:00:00 AM,31.260002,22.140001,0,0,89.244804,52.163635,0,0,16.7,10.394653,1036.6233,38.393456,77.213844,77,38.93078,0,0,0,0,0,0,0,0,0,0,0,0,0,0,0,0,5,7,2,0,2,1,8,11,
..\..\..\files\Weather\MIRA\daily\AN001_Agugliano.csv,7/29/2022 12:00:00 AM,31.68,21.370003,0,0,85.782845,46.707706,0,0,16.525002,10.511108,1047.1344,38.782753,77.22376,77,38.881187,0,0,0,0,0,0,0,0,0,0,0,0,0,0,0,0,5,7,2,0,2,1,8,11,
..\..\..\files\Weather\MIRA\daily\AN001_Agugliano.csv,7/30/2022 12:00:00 AM,32.88,21.59,0.11666667,1,81.3593,41.957344,0,0,17.235,10.01186,1057.1462,39.153564,77.233215,77,38.833923,0,0,0,0,0,0,0,0,0,0,0,0,0,0,0,0,5,7,2,0,2,1,8,11,
..\..\..\files\Weather\MIRA\daily\AN001_Agugliano.csv,7/31/2022 12:00:00 AM,30.650002,20.860003,2.6833334,23,88.78942,49.684875,0,0,15.755001,10.972025,1068.1183,39.559937,78.00639,78,34.968033,0,0,0,0,0,0,0,1,0,0,0,0,0,0,0,0,5,7,2,0,2,1,8,12,
..\..\..\files\Weather\MIRA\daily\AN001_Agugliano.csv,8/1/2022 12:00:00 AM,31.89,20.42,0,0,82.81598,42.02977,0,0,16.154999,10.743077,1078.8613,39.95783,78.014595,78,34.927025,0,0,0,0,0,0,0,0,0,0,0,0,0,0,0,0,5,7,2,0,2,1,8,12,
..\..\..\files\Weather\MIRA\daily\AN001_Agugliano.csv,8/2/2022 12:00:00 AM,34.25,21.05,0,0,77.56527,34.482544,0,0,17.65,9.687221,1088.5486,40.316616,78.021996,78,34.890022,0,0,0,0,0,0,0,0,0,0,0,0,0,0,0,0,5,7,2,0,2,1,8,12,
..\..\..\files\Weather\MIRA\daily\AN001_Agugliano.csv,8/3/2022 12:00:00 AM,31.72,21.19,0,0,85.21673,45.786102,0,0,16.455,10.55648,1099.1051,40.707596,78.03005,78,34.84974,0,0,0,0,0,0,0,0,0,0,0,0,0,0,0,0,5,7,2,0,2,1,8,12,
..\..\..\files\Weather\MIRA\daily\AN001_Agugliano.csv,8/4/2022 12:00:00 AM,31.68,20.21,0,0,83.192345,42.175694,0,0,15.945,10.866108,1109.9712,41.110046,78.03835,78,34.808235,0,0,0,0,0,0,0,0,0,0,0,0,0,0,0,0,5,7,2,0,2,1,8,12,
..\..\..\files\Weather\MIRA\daily\AN001_Agugliano.csv,8/5/2022 12:00:00 AM,33.65,20.690002,0,0,76.29975,35.65956,0,0,17.170002,10.060516,1120.0317,41.48266,78.046036,78,34.76982,0,0,0,0,0,0,0,0,0,0,0,0,0,0,0,0,5,7,2,0,2,1,8,12,
..\..\..\files\Weather\MIRA\daily\AN001_Agugliano.csv,8/6/2022 12:00:00 AM,34.12,21.600002,0,0,76.29547,36.729633,0,0,17.86,9.513747,1129.5455,41.83502,78.0533,78,34.733505,0,0,0,0,0,0,0,0,0,0,0,0,0,0,0,0,5,7,2,0,2,1,8,12,
..\..\..\files\Weather\MIRA\daily\AN001_Agugliano.csv,8/7/2022 12:00:00 AM,36.07,22.2,0,0,84.6309,31.176067,0,0,19.135,8.328463,1137.874,42.143482,78.05966,78,34.70169,0,0,0,0,0,0,0,0,0,0,0,0,0,0,0,0,5,7,2,0,2,1,8,12,
..\..\..\files\Weather\MIRA\daily\AN001_Agugliano.csv,8/8/2022 12:00:00 AM,31.310001,22.925415,0,3,91.05234,55.98171,0,0,17.117708,10.09923,1147.9733,42.51753,78.067375,78,34.663124,0,0,0,0,0,0,0,0,0,0,0,0,0,0,0,0,5,7,2,0,2,1,8,12,
..\..\..\files\Weather\MIRA\daily\AN001_Agugliano.csv,8/9/2022 12:00:00 AM,31,20.77349,0.14999999,1,88.935936,50.860798,0,0,15.886745,10.899128,1158.8724,42.9212,78.07569,78,34.621544,0,0,0,0,0,0,0,0,0,0,0,0,0,0,0,0,5,7,2,0,2,1,8,12,
..\..\..\files\Weather\MIRA\daily\AN001_Agugliano.csv,8/10/2022 12:00:00 AM,29.07,19.35,3.4499998,23,91.47119,51.05343,0,0,14.209999,11.641932,1170.5144,43.352386,78.08459,78,34.577065,0,0,0,0,0,0,0,1,0,0,0,0,0,0,0,0,5,7,2,0,2,1,8,13,
..\..\..\files\Weather\MIRA\daily\AN001_Agugliano.csv,8/11/2022 12:00:00 AM,30.190002,19.820002,0,0,88.22001,47.53052,0,0,15.005001,11.339912,1181.8544,43.772385,78.09325,78,34.533768,0,0,0,0,0,0,0,0,0,0,0,0,0,0,0,0,5,7,2,0,2,1,8,13,
..\..\..\files\Weather\MIRA\daily\AN001_Agugliano.csv,8/12/2022 12:00:00 AM,29.75,20.03,0,1,90.43358,50.624954,0,0,14.889999,11.3892145,1193.2435,44.194202,78.101944,78,34.49028,0,0,0,0,0,0,0,0,0,0,0,0,0,0,0,0,5,7,2,0,2,1,8,13,
..\..\..\files\Weather\MIRA\daily\AN001_Agugliano.csv,8/13/2022 12:00:00 AM,27.600002,18.770002,0.09583333,6,95.612816,56.06222,0,0,13.185001,11.896644,1205.1401,44.63482,78.11103,78,34.444847,0,0,0,0,0,0,0,0,0,0,0,0,0,0,0,0,5,7,2,0,2,1,8,13,
..\..\..\files\Weather\MIRA\daily\AN001_Agugliano.csv,8/14/2022 12:00:00 AM,27.45,17.55,2.2041667,23,93.194756,51.059715,0,0,12.5,11.981547,1217.1217,45.078583,78.12018,78,34.39911,0,0,0,0,0,0,0,1,0,0,0,0,0,0,0,0,5,7,2,0,2,1,8,14,
..\..\..\files\Weather\MIRA\daily\AN001_Agugliano.csv,8/15/2022 12:00:00 AM,31.54,16.74,0,0,76.128456,31.300476,0,0,14.139999,11.664167,1228.7859,45.510586,78.12908,78,34.35459,0,0,0,0,0,0,0,0,0,0,0,0,0,0,0,1,5,7,2,0,2,1,8,14,
..\..\..\files\Weather\MIRA\daily\AN001_Agugliano.csv,8/16/2022 12:00:00 AM,31.719997,19.73,0,0,81.96895,40.246765,0,0,15.724998,10.988281,1239.7742,45.91756,78.137474,78,34.31263,0,0,0,0,0,0,0,0,0,0,0,0,0,0,0,0,5,7,2,0,2,1,8,14,
..\..\..\files\Weather\MIRA\daily\AN001_Agugliano.csv,8/17/2022 12:00:00 AM,30.59,20.96,0,0,89.26021,50.429134,0,0,15.775,10.961119,1250.7352,46.323524,78.14584,78,34.270782,0,0,0,0,0,0,0,0,0,0,0,0,0,0,0,0,5,7,2,0,2,1,8,14,
..\..\..\files\Weather\MIRA\daily\AN001_Agugliano.csv,8/18/2022 12:00:00 AM,32.24,21.54,0,0,83.87379,44.706024,0,0,16.890001,10.263324,1260.9985,46.703648,78.15369,78,34.231567,0,0,0,0,0,0,0,0,0,0,0,0,0,0,0,0,5,7,2,0,2,1,8,14,
..\..\..\files\Weather\MIRA\daily\AN001_Agugliano.csv,8/19/2022 12:00:00 AM,31.670002,20.564735,0.60833335,1,92.36357,46.065952,0,0,16.117369,10.765584,1271.7642,47.102375,78.1619,78,34.190483,0,0,0,0,0,0,0,0,0,0,0,0,0,0,0,0,5,7,2,0,2,1,8,14,
..\..\..\files\Weather\MIRA\daily\AN001_Agugliano.csv,8/20/2022 12:00:00 AM,27.12,19.44,13.991667,23,99.025925,62.266838,0,0,13.280001,11.879452,1283.6436,47.542355,78.170975,78,34.145126,1,1,1,0,0,0,1,1,0,0,0,0,0,0,0,0,6,8,3,0,2,1,9,15,
..\..\..\files\Weather\MIRA\daily\AN001_Agugliano.csv,8/21/2022 12:00:00 AM,30.029999,18.18,0,0,85.072685,41.757763,0,0,14.105,11.675018,1295.3186,47.974762,78.17989,78,34.100533,1,0,0,0,0,0,0,0,0,0,0,0,0,0,0,0,7,8,3,0,2,1,9,15,
..\..\..\files\Weather\MIRA\daily\AN001_Agugliano.csv,8/22/2022 12:00:00 AM,30.77,20.12,0,0,86.61758,45.990078,0,0,15.445,11.133815,1306.4524,48.387127,78.18839,78,34.058037,0,0,0,0,0,0,0,0,0,0,0,0,0,0,0,0,7,8,3,0,2,1,9,15,
..\..\..\files\Weather\MIRA\daily\AN001_Agugliano.csv,8/23/2022 12:00:00 AM,30.52,19.84,0,0,86.967415,46.0352,0,0,15.18,11.261254,1317.7136,48.804207,79.005264,79,29.973679,0,0,0,0,0,0,0,0,0,0,0,0,0,0,0,0,7,8,3,0,2,1,9,15,
..\..\..\files\Weather\MIRA\daily\AN001_Agugliano.csv,8/24/2022 12:00:00 AM,28.21,19.120003,0,5,94.18923,54.4741,0,0,13.665001,11.796337,1329.51,49.24111,79.01283,79,29.935837,0,0,0,0,0,0,0,0,0,0,0,0,0,0,0,1,7,8,3,0,2,1,9,15,
..\..\..\files\Weather\MIRA\daily\AN001_Agugliano.csv,8/25/2022 12:00:00 AM,28.44,18.38,0,3,91.55354,49.883987,0,0,13.41,11.853798,1341.3638,49.68014,79.02043,79,29.897842,0,0,0,0,0,0,0,0,0,0,0,0,0,0,0,0,7,8,3,0,2,1,9,15,
..\..\..\files\Weather\MIRA\daily\AN001_Agugliano.csv,8/26/2022 12:00:00 AM,30.15,18.53,0,0,85.41277,42.560936,0,0,14.34,11.598762,1352.9625,50.10972,79.02788,79,29.860611,0,0,0,0,0,0,0,0,0,0,0,0,0,0,0,0,7,8,3,0,2,1,9,15,
..\..\..\files\Weather\MIRA\daily\AN001_Agugliano.csv,8/27/2022 12:00:00 AM,30.54,20.38,0,0,88.125946,48.178226,0,0,15.459999,11.126302,1364.0889,50.52181,79.03501,79,29.824944,0,0,0,0,0,0,0,0,0,0,0,0,0,0,0,0,7,8,3,0,2,1,9,15,
..\..\..\files\Weather\MIRA\daily\AN001_Agugliano.csv,8/28/2022 12:00:00 AM,30.74,19.9,0,0,86.23558,45.245216,0,0,15.32,11.195177,1375.284,50.936447,79.04219,79,29.789047,0,0,0,0,0,0,0,0,0,0,0,0,0,0,0,1,7,8,3,0,2,1,9,15,
..\..\..\files\Weather\MIRA\daily\AN001_Agugliano.csv,8/29/2022 12:00:00 AM,29.32,19.43,0,1,90.69826,50.14499,0,0,14.375,11.586723,1386.8707,51.365585,79.04962,79,29.751892,0,0,0,0,0,0,0,0,0,0,0,0,0,0,0,0,7,8,3,0,2,1,9,15,
..\..\..\files\Weather\MIRA\daily\AN001_Agugliano.csv,8/30/2022 12:00:00 AM,29.82,19.7,0,0,89.39025,48.83059,0,0,14.76,11.442665,1398.3134,51.789387,79.05696,79,29.715195,0,0,0,0,0,0,0,0,0,0,0,0,0,0,0,0,7,8,3,0,2,1,9,15,
..\..\..\files\Weather\MIRA\daily\AN001_Agugliano.csv,8/31/2022 12:00:00 AM,30.309998,20.39,0,1,90.57054,49.366188,0,0,15.349998,11.180654,1409.494,52.203484,79.06413,79,29.679337,0,0,0,0,0,0,0,0,0,0,0,0,0,0,0,0,7,8,3,0,2,1,9,15,
..\..\..\files\Weather\MIRA\daily\AN001_Agugliano.csv,9/1/2022 12:00:00 AM,28.54,19.414646,0.25,7,97.0581,61.219086,0,0,13.977324,11.713107,1421.2072,52.637302,79.07164,79,29.6418,0,0,0,1,0,0,0,0,0,0,0,0,0,0,0,0,7,8,3,1,2,1,9,15,
..\..\..\files\Weather\MIRA\daily\AN001_Agugliano.csv,9/2/2022 12:00:00 AM,25.27,18.41,5.75,23,100,67.7463,0,0,11.84,11.998104,1433.2052,53.081673,79.07934,79,29.60331,0,1,1,1,0,0,1,1,1,0,0,0,0,0,1,1,7,9,4,2,2,1,10,16,
..\..\..\files\Weather\MIRA\daily\AN001_Agugliano.csv,9/3/2022 12:00:00 AM,27.32,17.14,0,4,92.66792,49.850376,0,0,12.23,11.996091,1445.2013,53.52597,84.00424,84,12.489395,0,0,0,0,0,0,0,0,1,1,1,0,0,0,0,0,7,9,4,2,2,1,10,16,
..\..\..\files\Weather\MIRA\daily\AN001_Agugliano.csv,9/4/2022 12:00:00 AM,25.759998,17.45,0,6,98.89641,59.47861,0,0,11.605,11.98844,1457.1897,53.96999,84.01108,84,12.472305,0,0,0,0,0,0,0,0,0,0,0,0,0,0,0,0,7,9,4,2,2,1,10,16,
..\..\..\files\Weather\MIRA\daily\AN001_Agugliano.csv,9/5/2022 12:00:00 AM,27.7,18.240002,0,5,93.95721,52.981884,0,0,12.970001,11.930686,1469.1204,54.411865,84.017876,84,12.455311,0,0,0,0,0,0,0,0,0,0,0,0,0,0,0,0,7,9,4,2,2,1,10,16,
..\..\..\files\Weather\MIRA\daily\AN001_Agugliano.csv,9/6/2022 12:00:00 AM,30.120003,18.000002,0,0,84.31844,40.711124,0,0,14.060001,11.688712,1480.8091,54.84478,84.024536,84,12.43866,0,0,0,0,0,0,0,0,0,0,0,0,0,0,0,0,7,9,4,2,2,1,10,16,
..\..\..\files\Weather\MIRA\daily\AN001_Agugliano.csv,9/7/2022 12:00:00 AM,30.72,19.63,0,0,85.70064,44.268223,0,0,15.174999,11.263563,1492.0726,55.26195,84.03095,84,12.422619,0,0,0,0,0,0,0,0,0,0,0,0,0,0,0,0,7,9,4,2,2,1,10,16,
..\..\..\files\Weather\MIRA\daily\AN001_Agugliano.csv,9/8/2022 12:00:00 AM,31.23,20.740002,0,0,86.18597,46.315205,0,0,15.985001,10.843155,1502.9158,55.66355,84.03713,84,12.407169,0,0,0,0,0,0,0,0,0,0,0,0,0,0,0,0,7,9,4,2,2,1,10,16,
..\..\..\files\Weather\MIRA\daily\AN001_Agugliano.csv,9/9/2022 12:00:00 AM,30.14,20.86,0,1,90.82881,52.33253,0,0,15.5,11.106109,1514.0219,56.074883,88.00088,88,2.4978065,0,0,0,0,0,0,0,0,0,0,0,0,0,0,0,0,7,9,4,2,2,1,10,16,
..\..\..\files\Weather\MIRA\daily\AN001_Agugliano.csv,9/10/2022 12:00:00 AM,30.09,20.007679,0,1,90.445694,51.463173,0,0,15.04884,11.32062,1525.3425,56.49417,88.00581,88,2.485466,0,0,0,0,0,0,0,0,0,0,0,0,0,0,0,0,7,9,4,2,2,1,10,16,
..\..\..\files\Weather\MIRA\daily\AN001_Agugliano.csv,9/11/2022 12:00:00 AM,28.62,18.304157,0,3,91.23604,49.658714,0,0,13.462078,11.842831,1537.1853,56.93279,88.01097,88,2.4725723,0,0,0,0,0,0,0,0,0,0,0,0,0,0,0,0,7,9,4,2,2,1,10,16,
..\..\..\files\Weather\MIRA\daily\AN001_Agugliano.csv,9/12/2022 12:00:00 AM,26.08,16.97,0,5,96.59971,55.30162,0,0,11.525,11.983277,1549.1686,57.37661,88.0162,88,2.459507,0,0,0,0,0,0,0,0,0,0,0,0,0,0,0,0,7,9,4,2,2,1,10,16,
..\..\..\files\Weather\MIRA\daily\AN001_Agugliano.csv,9/13/2022 12:00:00 AM,28.120003,15.930001,0,0,86.91701,41.316517,0,0,12.025002,11.999952,1561.1686,57.82106,88.02142,88,2.4464417,0,0,0,0,0,0,0,0,0,0,0,0,0,0,0,0,7,9,4,2,2,1,10,16,
..\..\..\files\Weather\MIRA\daily\AN001_Agugliano.csv,9/14/2022 12:00:00 AM,28.27,16.5,0,0,87.721054,42.866165,0,0,12.385,11.989055,1573.1576,58.265095,88.02665,88,2.4333763,0,0,0,0,0,0,0,0,0,0,0,0,0,0,0,0,7,9,4,2,2,1,10,16,
..\..\..\files\Weather\MIRA\daily\AN001_Agugliano.csv,9/15/2022 12:00:00 AM,29.59,18.740002,0,1,90.28232,45.908554,0,0,14.165001,11.656306,1584.8138,58.696808,88.03173,88,2.4206734,0,0,0,0,0,0,0,0,0,0,0,1,0,0,0,0,7,9,4,2,2,1,10,16,
..\..\..\files\Weather\MIRA\daily\AN001_Agugliano.csv,9/16/2022 12:00:00 AM,28.28,20.37,0,6,96.94643,60.344116,0,0,14.325001,11.603866,1596.4177,59.12658,88.03678,88,2.4080467,0,0,0,0,0,0,0,0,0,1,1,0,0,0,1,1,7,9,4,2,2,1,10,16,
..\..\..\files\Weather\MIRA\daily\AN001_Agugliano.csv,9/17/2022 12:00:00 AM,30.18,14.530015,0,2,90.48322,51.75849,0,0,12.355007,11.990692,1608.4084,59.570683,88.04201,88,2.3949814,0,0,0,0,0,0,0,0,0,0,0,0,0,0,0,0,7,9,4,2,2,1,10,16,
..\..\..\files\Weather\MIRA\daily\AN001_Agugliano.csv,9/18/2022 12:00:00 AM,22.34,12.220875,0,6,98.58456,55.383663,0,0,7.2804375,10.312435,1618.7208,59.95262,88.0465,88,2.383747,0,0,0,0,0,0,0,0,0,0,0,0,0,0,0,0,7,9,4,2,2,1,10,16,
..\..\..\files\Weather\MIRA\daily\AN001_Agugliano.csv,9/19/2022 12:00:00 AM,22.95,10.380001,0,0,89.76173,40.366364,0,0,6.665001,9.835184,1628.556,60.31689,88.05079,88,2.3730278,0,0,0,0,0,0,0,0,0,0,0,0,0,0,0,0,7,9,4,2,2,1,10,16,
..\..\..\files\Weather\MIRA\daily\AN001_Agugliano.csv,9/20/2022 12:00:00 AM,24.7,13.079999,0,3,91.43092,44.233658,0,0,8.889999,11.273933,1639.83,60.734444,88.0557,88,2.3607445,0,0,0,0,0,0,0,0,0,0,0,0,0,0,0,0,7,9,4,2,2,1,10,16,
..\..\..\files\Weather\MIRA\daily\AN001_Agugliano.csv,9/21/2022 12:00:00 AM,23.64,12.98,0.11666667,6,94.36325,48.33276,0,0,8.309999,10.974617,1650.8046,61.14091,88.06048,88,2.3488045,0,0,0,0,0,0,0,0,0,0,0,0,0,0,0,0,7,9,4,2,2,1,10,16,
..\..\..\files\Weather\MIRA\daily\AN001_Agugliano.csv,9/22/2022 12:00:00 AM,20.96,10.965889,2.6833334,23,98.171295,54.270172,0,0,5.962944,9.214681,1660.0193,61.482197,88.0645,88,2.3387527,0,0,0,0,0,0,0,1,0,0,0,0,0,0,0,0,7,9,4,2,2,1,10,17,
..\..\..\files\Weather\MIRA\daily\AN001_Agugliano.csv,9/23/2022 12:00:00 AM,20.85,9.27,0,3,92.23767,43.770103,0,-0.70698977,5.08301,8.294321,1668.3136,61.789394,88.06811,88,2.329731,0,0,0,0,0,0,0,0,0,0,0,0,0,0,0,0,7,9,4,2,2,1,10,17,
..\..\..\files\Weather\MIRA\daily\AN001_Agugliano.csv,9/24/2022 12:00:00 AM,21.83,9.13,0,0,89.52456,39.630238,0,-0.8402004,5.509799,8.739803,1677.0533,62.113087,88.07192,88,2.3201942,0,0,0,0,0,0,0,0,0,0,0,0,0,0,0,0,7,9,4,2,2,1,10,17,
..\..\..\files\Weather\MIRA\daily\AN001_Agugliano.csv,9/25/2022 12:00:00 AM,22.579998,11.339999,1.0124999,4,95.290695,45.681652,0,0,6.959999,10.07164,1687.125,62.48611,88.07631,88,2.309227,0,0,0,0,0,0,0,0,0,0,0,0,0,0,0,0,7,9,4,2,2,1,10,17,
..\..\..\files\Weather\MIRA\daily\AN001_Agugliano.csv,9/26/2022 12:00:00 AM,21.53,13.85,23.354164,24,100,63.14516,0,0,7.6900005,10.596094,1697.7211,62.878563,88.080925,88,2.2976875,1,1,1,0,0,0,1,1,0,0,0,0,0,0,0,0,8,10,5,2,2,1,11,18,
..\..\..\files\Weather\MIRA\daily\AN001_Agugliano.csv,9/27/2022 12:00:00 AM,22.32,15.099999,1.5333334,24,100,65.963615,0,0,8.709999,11.1866665,1708.9077,63.292877,88.0858,88,2.2854996,1,0,0,0,0,0,0,1,0,0,0,0,0,0,0,0,9,10,5,2,2,1,11,19,
..\..\..\files\Weather\MIRA\daily\AN001_Agugliano.csv,9/28/2022 12:00:00 AM,23.53,14.88,0,6,99.53387,58.05639,0,0,9.205,11.414539,1720.3223,63.715637,88.090775,88,2.2730637,0,0,0,0,0,0,0,0,0,0,0,0,0,0,0,0,9,10,5,2,2,1,11,19,
..\..\..\files\Weather\MIRA\daily\AN001_Agugliano.csv,9/29/2022 12:00:00 AM,22.87,13.58,0.28333333,6,98.11482,54.748882,0,0,8.225,10.926321,1731.2485,64.120316,88.095535,88,2.2611618,0,0,0,0,0,0,0,0,0,0,0,0,0,0,0,0,9,10,5,2,2,1,11,19,
..\..\..\files\Weather\MIRA\daily\AN001_Agugliano.csv,9/30/2022 12:00:00 AM,23.91,15.18,6.8791666,24,100,57.62702,0,0,9.545,11.5491,1742.7976,64.54806,88.10056,88,2.2485924,0,1,1,0,0,0,1,1,0,0,0,0,0,0,0,0,9,11,6,2,2,1,12,20,
..\..\..\files\Weather\MIRA\daily\AN001_Agugliano.csv,10/1/2022 12:00:00 AM,20.77,15.02,8.954166,24,100,74.888275,0,0,7.8950005,10.728,1753.5256,64.9454,88.10524,88,2.2369003,0,0,1,0,0,0,1,1,0,0,0,0,0,0,0,0,9,11,7,2,2,1,13,21,
..\..\..\files\Weather\MIRA\daily\AN001_Agugliano.csv,10/2/2022 12:00:00 AM,23.18,13.904172,14.183333,23,99.0768,56.853954,0,0,8.542086,11.100704,1764.6263,65.35653,88.11008,88,2.2248077,1,0,1,0,1,0,1,1,0,0,0,0,0,0,0,0,10,11,8,2,3,1,14,22,
..\..\..\files\Weather\MIRA\daily\AN001_Agugliano.csv,10/3/2022 12:00:00 AM,23.72,12.22,0,4,92.21536,44.71983,0,0,7.9699993,10.774586,1775.4009,65.755585,88.11477,88,2.2130775,1,0,0,0,1,0,0,0,0,0,0,0,0,0,0,0,11,11,8,2,4,1,14,22,
..\..\..\files\Weather\MIRA\daily\AN001_Agugliano.csv,10/4/2022 12:00:00 AM,23.58,14.450444,0,6,98.74242,56.50306,0,0,9.015223,11.33167,1786.7325,66.175285,88.11971,88,2.200718,0,0,0,0,0,0,0,0,0,0,0,0,0,0,0,0,11,11,8,2,4,1,14,22,
..\..\..\files\Weather\MIRA\daily\AN001_Agugliano.csv,10/5/2022 12:00:00 AM,23.72,12.86,0,3,93.825745,47.45248,0,0,8.289999,10.963356,1797.6959,66.58133,88.12449,88,2.188778,0,0,0,0,0,0,0,0,0,0,0,0,0,0,0,0,11,11,8,2,4,1,14,22,
..\..\..\files\Weather\MIRA\daily\AN001_Agugliano.csv,10/6/2022 12:00:00 AM,24.34,12.110001,0,1,90.11643,41.8009,0,0,8.225,10.926321,1808.6222,66.98601,88.12925,88,2.176876,0,0,0,0,0,0,0,0,0,0,0,0,0,0,0,0,11,11,8,2,4,1,14,22,
..\..\..\files\Weather\MIRA\daily\AN001_Agugliano.csv,10/7/2022 12:00:00 AM,23.4,13.35,0,5,96.00269,51.10921,0,0,8.375,11.010783,1819.6329,67.39381,88.13405,88,2.1648788,0,0,0,0,0,0,0,0,0,0,0,0,0,0,0,0,11,11,8,2,4,1,14,22,
..\..\..\files\Weather\MIRA\daily\AN001_Agugliano.csv,10/8/2022 12:00:00 AM,24.52,13.19,0,3,92.25632,45.441265,0,0,8.855,11.25736,1830.8903,67.81075,88.13895,88,2.1526337,0,0,0,0,0,0,0,0,0,0,0,0,0,0,0,0,11,11,8,2,4,1,14,22,
..\..\..\files\Weather\MIRA\daily\AN001_Agugliano.csv,10/9/2022 12:00:00 AM,23.43,13.760001,0,6,96.96076,52.91974,0,0,8.595001,11.128271,1842.0186,68.22291,88.1438,88,2.140503,0,0,0,0,0,0,0,0,0,0,0,0,0,0,0,0,11,11,8,2,4,1,14,22,
..\..\..\files\Weather\MIRA\daily\AN001_Agugliano.csv,10/10/2022 12:00:00 AM,23.05,14.399999,0,7,99.71296,58.04492,0,0,8.724998,11.194132,1853.2126,68.637505,88.148674,88,2.128315,0,0,0,0,0,0,0,0,0,0,0,0,0,0,0,0,11,11,8,2,4,1,14,22,
..\..\..\files\Weather\MIRA\daily\AN001_Agugliano.csv,10/11/2022 12:00:00 AM,22.68,14.34,0.21249999,7,100,59.668613,0,0,8.51,11.083776,1864.2964,69.04802,88.1535,88,2.1162415,0,0,0,0,0,0,0,0,0,0,0,0,0,0,0,0,11,11,8,2,4,1,14,22,
..\..\..\files\Weather\MIRA\daily\AN001_Agugliano.csv,10/12/2022 12:00:00 AM,22.72,13.030001,4.8875,23,97.12174,52.7625,0,0,7.875,10.715425,1875.0118,69.444885,88.15817,88,2.1045685,0,0,1,0,0,0,0,1,0,0,0,0,0,0,0,0,11,11,9,2,4,1,14,23,
..\..\..\files\Weather\MIRA\daily\AN001_Agugliano.csv,10/13/2022 12:00:00 AM,22.3,12.25,0,6,96.2662,50.974308,0,0,7.2749996,10.308488,1885.3203,69.82668,88.16267,88,2.0933342,0,0,0,0,0,0,0,0,0,0,0,0,0,0,0,0,11,11,9,2,4,1,14,23,
..\..\..\files\Weather\MIRA\daily\AN001_Agugliano.csv,10/14/2022 12:00:00 AM,20.49,12.324172,0,6,100,61.276257,0,0,6.4070854,9.616737,1894.937,70.18285,88.166855,88,2.0828629,0,0,0,0,0,0,0,0,0,0,0,0,0,0,0,0,11,11,9,2,4,1,14,23,
..\..\..\files\Weather\MIRA\daily\AN001_Agugliano.csv,10/15/2022 12:00:00 AM,22.14,10.64,0,3,92.56732,44.491955,0,0,6.3899994,9.601878,1904.539,70.53848,88.17104,88,2.0723915,0,0,0,0,0,0,0,0,0,0,0,0,0,0,0,0,11,11,9,2,4,1,14,23,
..\..\..\files\Weather\MIRA\daily\AN001_Agugliano.csv,10/16/2022 12:00:00 AM,22.78,11.050001,0,3,91.908554,43.664707,0,0,6.915001,10.036492,1914.5754,70.9102,88.175415,88,2.0614624,0,0,0,0,0,0,0,0,0,0,0,0,0,0,0,0,11,11,9,2,4,1,14,23,
..\..\..\files\Weather\MIRA\daily\AN001_Agugliano.csv,10/17/2022 12:00:00 AM,24.04,13.62,0,5,94.79171,49.41882,0,0,8.83,11.245406,1925.8208,71.3267,88.18031,88,2.0492172,0,0,0,0,0,0,0,0,0,0,0,0,0,0,0,1,11,11,9,2,4,1,14,23,
..\..\..\files\Weather\MIRA\daily\AN001_Agugliano.csv,10/18/2022 12:00:00 AM,23.51,13.210001,0,5,95.32609,49.95504,0,0,8.360001,11.002497,1936.8232,71.7342,88.185104,88,2.037239,0,0,0,0,0,0,0,0,0,0,0,0,0,0,0,0,11,11,9,2,4,1,14,23,
..\..\..\files\Weather\MIRA\daily\AN001_Agugliano.csv,10/19/2022 12:00:00 AM,23.56,13.04,0,5,94.74895,48.956482,0,0,8.299999,10.968994,1947.7922,72.14046,88.18989,88,2.02528,0,0,0,0,0,0,0,0,1,0,0,0,0,0,1,0,11,11,9,2,4,1,14,23,
..\..\..\files\Weather\MIRA\daily\AN001_Agugliano.csv,10/20/2022 12:00:00 AM,23.37,13.01,0,5,95.224525,49.671776,0,0,8.190001,10.906103,1958.6984,72.54439,88.19464,88,2.0133972,0,0,0,0,0,0,0,0,1,1,1,0,0,0,1,1,11,11,9,2,4,1,14,23,
..\..\..\files\Weather\MIRA\daily\AN001_Agugliano.csv,10/21/2022 12:00:00 AM,23.86,13.32,0,5,94.57333,48.87658,0,0,8.59,11.125684,1969.8241,72.95645,88.199486,88,2.0012856,0,0,0,0,0,0,0,0,0,0,0,0,0,0,0,1,11,11,9,2,4,1,14,23,
..\..\..\files\Weather\MIRA\daily\AN001_Agugliano.csv,10/22/2022 12:00:00 AM,21.92,12.56,0,6,98.0798,54.244797,0,0,7.24,10.282965,1980.107,73.337296,88.20397,88,1.9900703,0,0,0,0,0,0,0,0,0,0,0,0,0,0,0,0,11,11,9,2,4,1,14,23,
..\..\..\files\Weather\MIRA\daily\AN001_Agugliano.csv,10/23/2022 12:00:00 AM,24.61,15.59,0,7,98.00619,56.0769,0,0,10.1,11.730667,1991.8378,73.77177,88.209076,88,1.9773102,0,0,0,0,0,0,0,0,0,0,0,0,0,0,0,0,11,11,9,2,4,1,14,23,
..\..\..\files\Weather\MIRA\daily\AN001_Agugliano.csv,10/24/2022 12:00:00 AM,24.68,16.830002,0,6,100,62.24272,0,0,10.755001,11.884716,2003.7225,74.211945,88.21426,88,1.9643593,0,0,0,0,0,0,0,0,1,1,1,0,0,0,1,1,11,11,9,2,4,1,14,23,
..\..\..\files\Weather\MIRA\daily\AN001_Agugliano.csv,10/25/2022 12:00:00 AM,24.75,15.57,0,5,97.50843,55.256374,0,0,10.16,11.747483,2015.47,74.64703,88.219376,88,1.951561,0,0,0,0,0,0,0,0,1,0,1,0,1,0,1,1,11,11,9,2,4,1,14,23,
..\..\..\files\Weather\MIRA\daily\AN001_Agugliano.csv,10/26/2022 12:00:00 AM,24.63,15.26,0,5,97.10778,54.333866,0,0,9.945,11.684693,2027.1547,75.0798,88.22447,88,1.9388199,0,0,0,0,0,0,0,0,0,0,0,0,0,0,0,0,11,11,9,2,4,1,14,23,
..\..\..\files\Weather\MIRA\daily\AN001_Agugliano.csv,10/27/2022 12:00:00 AM,23.55,14.079999,0,6,97.42434,53.897423,0,0,0,0,0,0,0,0,0,0,0,0,0,0,0,0,0,0,0,0,0,0,0,0,0,0,0,0,0,0,0,0,0,
..\..\..\files\Weather\MIRA\daily\AN001_Agugliano.csv,10/28/2022 12:00:00 AM,22.49,13.74,0,6,99.59638,57.466812,0,0,0,0,0,0,0,0,0,0,0,0,0,0,0,0,0,0,0,0,0,0,0,0,0,0,0,0,0,0,0,0,0,
..\..\..\files\Weather\MIRA\daily\AN001_Agugliano.csv,10/29/2022 12:00:00 AM,22.89,12.93,0,5,96.388885,51.4897,0,0,0,0,0,0,0,0,0,0,0,0,0,0,0,0,0,0,0,0,0,0,0,0,0,0,0,0,0,0,0,0,0,
..\..\..\files\Weather\MIRA\daily\AN001_Agugliano.csv,10/30/2022 12:00:00 AM,22.28,11.97,0,5,95.600006,49.75731,0,0,0,0,0,0,0,0,0,0,0,0,0,0,0,0,0,0,0,0,0,0,0,0,0,0,0,0,0,0,0,0,0,
..\..\..\files\Weather\MIRA\daily\AN001_Agugliano.csv,10/31/2022 12:00:00 AM,23.74,12.35,0,3,92.48359,45.18051,0,0,0,0,0,0,0,0,0,0,0,0,0,0,0,0,0,0,0,0,0,0,0,0,0,0,0,0,0,0,0,0,0,
..\..\..\files\Weather\MIRA\daily\AN001_Agugliano.csv,11/1/2022 12:00:00 AM,24.38,12.61,0,3,91.23758,43.62998,0,0,0,0,0,0,0,0,0,0,0,0,0,0,0,0,0,0,0,0,0,0,0,0,0,0,0,0,0,0,0,0,0,
..\..\..\files\Weather\MIRA\daily\AN001_Agugliano.csv,11/2/2022 12:00:00 AM,23.619999,11.409999,0,1,90.4754,41.843212,0,0,0,0,0,0,0,0,0,0,0,0,0,0,0,0,0,0,0,0,0,0,0,0,0,0,0,0,0,0,0,0,0,
..\..\..\files\Weather\MIRA\daily\AN001_Agugliano.csv,11/3/2022 12:00:00 AM,21.54,12.239999,0,6,98.235916,54.450787,0,0,0,0,0,0,0,0,0,0,0,0,0,0,0,0,0,0,0,0,0,0,0,0,0,0,0,0,0,0,0,0,0,
..\..\..\files\Weather\MIRA\daily\AN001_Agugliano.csv,11/4/2022 12:00:00 AM,20.54,13.234823,0.5541667,9,100,65.758995,0,0,0,0,0,0,0,0,0,0,0,0,0,0,0,0,0,0,0,0,0,0,0,0,0,0,0,0,0,0,0,0,0,
..\..\..\files\Weather\MIRA\daily\AN001_Agugliano.csv,11/5/2022 12:00:00 AM,20.49,10.8835945,13.029167,24,100,58.253624,0,0,0,0,0,0,0,0,0,1,0,1,0,0,0,1,1,0,0,0,0,0,0,0,0,1,0,1,0,0,0,1,1,
..\..\..\files\Weather\MIRA\daily\AN001_Agugliano.csv,11/6/2022 12:00:00 AM,16.15,9.024201,6.5166664,23,100,68.77993,-0.9089868,-0.9089868,0,0,0,0,0,0,0,1,0,1,0,0,0,1,0,0,0,0,0,0,0,0,0,1,0,1,0,0,0,1,0,
..\..\..\files\Weather\MIRA\daily\AN001_Agugliano.csv,11/7/2022 12:00:00 AM,17.15,7.6299996,0,5,95.157776,50.898743,-2.9839818,-2.074995,0,0,0,0,0,0,0,0,0,0,0,0,0,0,0,0,0,0,0,0,0,0,0,0,0,0,0,0,0,0,0,
..\..\..\files\Weather\MIRA\daily\AN001_Agugliano.csv,11/8/2022 12:00:00 AM,17.79,7.01,0,3,92.49388,45.541172,-5.5593204,-2.5753386,0,0,0,0,0,0,0,0,0,0,0,0,0,0,0,0,0,0,0,0,0,0,0,0,0,0,0,0,0,0,0,
..\..\..\files\Weather\MIRA\daily\AN001_Agugliano.csv,11/9/2022 12:00:00 AM,19.38,6.9499993,0,0,89.43843,39.700737,-8.235126,-2.6758049,0,0,0,0,0,0,0,0,0,0,0,0,0,0,0,0,0,0,0,0,0,0,0,0,0,0,0,0,0,0,0,
..\..\..\files\Weather\MIRA\daily\AN001_Agugliano.csv,11/10/2022 12:00:00 AM,20.36,8.6,0,4,96.31957,42.831257,-9.551792,-1.3166661,0,0,0,0,0,0,0,0,0,0,0,0,0,0,0,0,0,0,0,0,0,0,0,0,0,0,0,0,0,0,0,
..\..\..\files\Weather\MIRA\daily\AN001_Agugliano.csv,11/11/2022 12:00:00 AM,18.08,10.505326,0,9,100,65.84077,-9.551792,0,0,0,0,0,0,0,0,0,0,0,0,0,0,0,0,0,0,0,0,0,0,0,0,0,0,0,0,0,0,0,0,
..\..\..\files\Weather\MIRA\daily\AN001_Agugliano.csv,11/12/2022 12:00:00 AM,17.88,9.24,0,7,98.23476,55.966015,-10.278366,-0.7265742,0,0,0,0,0,0,0,0,0,0,0,0,0,0,0,0,0,0,0,0,0,0,0,0,0,0,0,0,0,0,0,
..\..\..\files\Weather\MIRA\daily\AN001_Agugliano.csv,11/13/2022 12:00:00 AM,16.14,9.05,0,7,100,63.07599,-11.16472,-0.88635325,0,0,0,0,0,0,0,0,0,0,0,0,0,0,0,0,0,0,0,0,0,0,0,0,0,0,0,0,0,0,0,
..\..\..\files\Weather\MIRA\daily\AN001_Agugliano.csv,11/14/2022 12:00:00 AM,15.889999,8.16,0.4125,7,98.36304,59.098644,-12.785728,-1.6210091,0,0,0,0,0,0,0,0,0,0,0,0,0,0,0,0,0,0,0,0,0,0,0,0,0,0,0,0,0,0,0,
..\..\..\files\Weather\MIRA\daily\AN001_Agugliano.csv,11/15/2022 12:00:00 AM,13.530001,8.490001,9.641666,24,100,72.73117,-14.069527,-1.2837986,0,0,0,0,0,0,0,0,0,0,0,0,0,1,0,0,0,0,0,0,0,0,0,0,0,0,0,0,0,1,0,
..\..\..\files\Weather\MIRA\daily\AN001_Agugliano.csv,11/16/2022 12:00:00 AM,15.360001,7.3400006,4.3458333,24,97.75612,56.899048,-16.288404,-2.2188773,0,0,0,0,0,0,0,0,0,0,0,0,0,0,0,0,0,0,0,0,0,0,0,0,0,0,0,0,0,0,0,
..\..\..\files\Weather\MIRA\daily\AN001_Agugliano.csv,11/17/2022 12:00:00 AM,16,9.98043,18.4,24,100,70.495094,-16.307943,-0.019539118,0,0,0,0,0,0,0,1,0,1,0,0,0,1,0,0,0,0,0,0,0,0,0,1,0,1,0,0,0,1,0,
..\..\..\files\Weather\MIRA\daily\AN001_Agugliano.csv,11/18/2022 12:00:00 AM,17.21,8.74,0,7,98.01877,56.321438,-17.474224,-1.1662812,0,0,0,0,0,0,0,1,0,0,0,0,0,0,0,0,0,0,0,0,0,0,0,1,0,0,0,0,0,0,0,
..\..\..\files\Weather\MIRA\daily\AN001_Agugliano.csv,11/19/2022 12:00:00 AM,18.34,9.836109,0.59999996,7,100,61.486053,-17.636536,-0.16231155,0,0,0,0,0,0,0,0,0,0,0,0,0,0,0,0,0,0,0,0,0,0,0,0,0,0,0,0,0,0,0,
..\..\..\files\Weather\MIRA\daily\AN001_Agugliano.csv,11/20/2022 12:00:00 AM,15.699999,7.280799,14.749999,24,100,63.905586,-19.916618,-2.280082,0,0,0,0,0,0,0,1,0,1,0,0,0,1,0,0,0,0,0,0,0,0,0,1,0,1,0,0,0,1,0,
..\..\..\files\Weather\MIRA\daily\AN001_Agugliano.csv,11/21/2022 12:00:00 AM,13.58,6.1379304,21.85,23,95.407845,58.175545,-22.776575,-2.8599567,0,0,0,0,0,0,0,1,0,0,0,1,0,1,0,0,0,0,0,0,0,0,0,1,0,0,0,1,0,1,0,
..\..\..\files\Weather\MIRA\daily\AN001_Agugliano.csv,11/22/2022 12:00:00 AM,14.81,4.6500006,0.8625,2,90.24041,45.623856,-26.717987,-3.941412,0,0,0,0,0,0,0,0,0,0,0,0,0,0,0,0,0,0,0,0,0,0,0,0,0,0,0,0,0,0,0,
..\..\..\files\Weather\MIRA\daily\AN001_Agugliano.csv,11/23/2022 12:00:00 AM,15.36,6.4467907,20.1625,24,94.47775,52.31244,-29.562962,-2.8449736,0,0,0,0,0,0,0,1,0,0,0,0,0,1,0,0,0,0,0,0,0,0,0,1,0,0,0,0,0,1,0,
..\..\..\files\Weather\MIRA\daily\AN001_Agugliano.csv,11/24/2022 12:00:00 AM,13.83,5.1800003,7.4750004,23,92.49685,51.70305,-33.040047,-3.4770865,0,0,0,0,0,0,0,1,0,0,0,0,0,0,0,0,0,0,0,0,0,0,0,1,0,0,0,0,0,0,0,
..\..\..\files\Weather\MIRA\daily\AN001_Agugliano.csv,11/25/2022 12:00:00 AM,14.09,5.33,0,3,92.68839,51.477642,-36.46525,-3.4251997,0,0,0,0,0,0,0,0,0,0,0,0,0,0,0,0,0,0,0,0,0,0,0,0,0,0,0,0,0,0,0,
..\..\..\files\Weather\MIRA\daily\AN001_Agugliano.csv,11/26/2022 12:00:00 AM,15.309999,5.9899993,0.40416667,4,93.2577,50.1149,-39.612583,-3.147334,0,0,0,0,0,0,0,0,0,0,0,0,0,0,0,0,0,0,0,0,0,0,0,0,0,0,0,0,0,0,0,
..\..\..\files\Weather\MIRA\daily\AN001_Agugliano.csv,11/27/2022 12:00:00 AM,13.79,5.1342463,9.429167,24,96.78425,60.54517,-43.110718,-3.4981337,0,0,0,0,0,0,0,0,0,0,0,0,0,1,0,0,0,0,0,0,0,0,0,0,0,0,0,0,0,1,0,
..\..\..\files\Weather\MIRA\daily\AN001_Agugliano.csv,11/28/2022 12:00:00 AM,13.609999,3.6799998,3.0666668,23,88.697586,45.278328,-47.419518,-4.3088017,0,0,0,0,0,0,0,0,0,0,0,0,0,0,0,0,0,0,0,0,0,0,0,0,0,0,0,0,0,0,0,
..\..\..\files\Weather\MIRA\daily\AN001_Agugliano.csv,11/29/2022 12:00:00 AM,11.41,3.8599997,0,1,90.158936,53.852707,-51.062855,-3.643338,0,0,0,0,0,0,0,0,0,0,0,0,0,0,0,0,0,0,0,0,0,0,0,0,0,0,0,0,0,0,0,
..\..\..\files\Weather\MIRA\daily\AN001_Agugliano.csv,11/30/2022 12:00:00 AM,10.91,5.193255,0.21249999,6,94.49456,65.25071,-53.8488,-2.7859447,0,0,0,0,0,0,0,0,0,0,0,0,0,0,0,0,0,0,0,0,0,0,0,0,0,0,0,0,0,0,0,
..\..\..\files\Weather\MIRA\daily\AN001_Agugliano.csv,12/1/2022 12:00:00 AM,9.7,4.42,4.8875,23,91.6437,63.808994,-56.4888,-2.6399999,0,0,0,0,0,0,0,0,0,0,0,0,0,0,0,0,0,0,0,0,0,0,0,0,0,0,0,0,0,0,0,
..\..\..\files\Weather\MIRA\daily\AN001_Agugliano.csv,12/2/2022 12:00:00 AM,11.26,4.7,0,3,92.41684,59.13514,-59.647793,-3.1589942,0,0,0,0,0,0,0,0,0,0,0,0,0,0,0,0,0,0,0,0,0,0,0,0,0,0,0,0,0,0,0,
..\..\..\files\Weather\MIRA\daily\AN001_Agugliano.csv,12/3/2022 12:00:00 AM,10.36,4.99,0.26666668,6,93.24518,64.642075,-62.320724,-2.6729329,0,0,0,0,0,0,0,0,0,0,0,0,0,0,0,0,0,0,0,0,0,0,0,0,0,0,0,0,0,0,0,
..\..\..\files\Weather\MIRA\daily\AN001_Agugliano.csv,12/4/2022 12:00:00 AM,11.56,6.69,6.1333337,24,97.70901,70.35739,-64.50587,-2.1851435,0,0,0,0,0,0,0,0,0,0,0,0,0,0,0,0,0,0,0,0,0,0,0,0,0,0,0,0,0,0,0,
..\..\..\files\Weather\MIRA\daily\AN001_Agugliano.csv,12/5/2022 12:00:00 AM,14.9,8.32,0.09166667,7,99.95808,64.69524,-65.9714,-1.4655322,0,0,0,0,0,0,0,0,0,0,0,0,0,0,0,0,0,0,0,0,0,0,0,0,0,0,0,0,0,0,0,
..\..\..\files\Weather\MIRA\daily\AN001_Agugliano.csv,12/6/2022 12:00:00 AM,15.65,8.5,2.3291667,24,99.58329,62.17575,-67.31406,-1.3426573,0,0,0,0,0,0,0,0,0,0,0,0,0,0,0,0,0,0,0,0,0,0,0,0,0,0,0,0,0,0,0,
..\..\..\files\Weather\MIRA\daily\AN001_Agugliano.csv,12/7/2022 12:00:00 AM,13.25,7.4281955,5.2875004,24,100,72.26962,-69.31781,-2.0037525,0,0,0,0,0,0,0,0,0,0,0,0,0,1,0,0,0,0,0,0,0,0,0,0,0,0,0,0,0,1,0,
..\..\..\files\Weather\MIRA\daily\AN001_Agugliano.csv,12/8/2022 12:00:00 AM,12.43,6.57,4.929167,24,97.080894,65.46689,-71.74398,-2.4261687,0,0,0,0,0,0,0,0,0,0,0,0,0,0,0,0,0,0,0,0,0,0,0,0,0,0,0,0,0,0,0,
..\..\..\files\Weather\MIRA\daily\AN001_Agugliano.csv,12/9/2022 12:00:00 AM,12.61,6.37,3.3708334,24,96.45526,63.40156,-74.31814,-2.5741587,0,0,0,0,0,0,0,0,0,0,0,0,0,1,0,0,0,0,0,0,0,0,0,0,0,0,0,0,0,1,0,
..\..\..\files\Weather\MIRA\daily\AN001_Agugliano.csv,12/10/2022 12:00:00 AM,15.450001,7.4427075,5.7208333,24,98.232445,59.683098,-76.46707,-2.1489305,0,0,0,0,0,0,0,0,0,1,0,0,1,1,0,0,0,0,0,0,0,0,0,0,0,1,0,0,1,1,0,
..\..\..\files\Weather\MIRA\daily\AN001_Agugliano.csv,12/11/2022 12:00:00 AM,11.48,4.2936845,21.779165,24,97.89054,71.155045,-79.90783,-3.4407566,0,0,0,0,0,0,0,1,0,0,0,0,0,1,0,0,0,0,0,0,0,0,0,1,0,0,0,0,0,1,0,
..\..\..\files\Weather\MIRA\daily\AN001_Agugliano.csv,12/12/2022 12:00:00 AM,10.26,2.181051,9.470833,24,88.676735,54.847527,-83.94312,-4.0352907,0,0,0,0,0,0,0,0,0,0,0,0,0,1,0,0,0,0,0,0,0,0,0,0,0,0,0,0,0,1,0,
..\..\..\files\Weather\MIRA\daily\AN001_Agugliano.csv,12/13/2022 12:00:00 AM,8.54,1.0900002,1.9833333,24,82.572044,49.07945,-87.66812,-3.725,0,0,0,0,0,0,0,0,0,0,0,0,0,0,0,0,0,0,0,0,0,0,0,0,0,0,0,0,0,0,0,
..\..\..\files\Weather\MIRA\daily\AN001_Agugliano.csv,12/14/2022 12:00:00 AM,5.43,1.02,4.0125003,24,84.533676,58.562176,-89.87312,-2.205,0,0,0,0,0,0,0,0,0,0,0,0,0,0,0,0,0,0,0,0,0,0,0,0,0,0,0,0,0,0,0,
..\..\..\files\Weather\MIRA\daily\AN001_Agugliano.csv,12/15/2022 12:00:00 AM,7.88,3.4899998,6.6208334,24,88.44696,65.23887,-92.06812,-2.1950002,0,0,0,0,0,0,0,0,0,0,0,0,0,0,0,0,0,0,0,0,0,0,0,0,0,0,0,0,0,0,0,
..\..\..\files\Weather\MIRA\daily\AN001_Agugliano.csv,12/16/2022 12:00:00 AM,14.41,4.2299995,7.4249997,24,92.602036,45.0921,-96.20291,-4.134789,0,0,0,0,0,0,0,0,0,0,0,0,1,1,0,0,0,0,0,0,0,0,0,0,0,0,0,0,1,1,0,
..\..\..\files\Weather\MIRA\daily\AN001_Agugliano.csv,12/17/2022 12:00:00 AM,13.11,6.710711,14.466667,24,98.28743,65.96863,-98.646835,-2.4439278,0,0,0,0,0,0,0,1,0,0,0,0,1,1,0,0,0,0,0,0,0,0,0,1,0,0,0,0,1,1,0,
..\..\..\files\Weather\MIRA\daily\AN001_Agugliano.csv,12/18/2022 12:00:00 AM,12.310001,4.804986,4.3125,23,94.92226,60.966076,-102.04384,-3.3970046,0,0,0,0,0,0,0,1,0,0,0,0,0,1,0,0,0,0,0,0,0,0,0,1,0,0,0,0,0,1,0,
..\..\..\files\Weather\MIRA\daily\AN001_Agugliano.csv,12/19/2022 12:00:00 AM,11.42,2.7147784,0,0,89.65496,52.80503,-101.928024,-4.2367954,0.11581556,0,0,0,0,0,0,0,0,0,0,0,0,0,0,0,0,0,0,0,0,0,0,0,0,0,0,0,0,0,0,
..\..\..\files\Weather\MIRA\daily\AN001_Agugliano.csv,12/20/2022 12:00:00 AM,9.62,1.5299997,0,0,84.260056,47.942017,-101.928024,-4.045,0,0,0,0,0,0,0,0,0,0,0,0,0,0,0,0,0,0,0,0,0,0,0,0,0,0,0,0,0,0,0,
..\..\..\files\Weather\MIRA\daily\AN001_Agugliano.csv,12/21/2022 12:00:00 AM,10.92,3.96,0,1,90.49269,56.232117,-101.86722,-3.4191954,0.06080461,0,0,0,0,0,0,0,0,0,0,0,0,0,0,0,0,0,0,0,0,0,0,0,0,0,0,0,0,0,0,
..\..\..\files\Weather\MIRA\daily\AN001_Agugliano.csv,12/22/2022 12:00:00 AM,11.39,4.63,0,3,92.20681,58.20922,-101.72431,-3.2370932,0.14290687,0,0,0,0,0,0,0,0,0,0,0,0,0,0,0,0,0,0,0,0,0,0,0,0,0,0,0,0,0,0,
..\..\..\files\Weather\MIRA\daily\AN001_Agugliano.csv,12/23/2022 12:00:00 AM,12.41,5.7000003,0,5,94.74499,60.24453,-101.29152,-2.9222057,0.4327943,0,0,0,0,0,0,0,0,0,0,0,0,0,0,0,0,0,0,0,0,0,0,0,0,0,0,0,0,0,0,
..\..\..\files\Weather\MIRA\daily\AN001_Agugliano.csv,12/24/2022 12:00:00 AM,13.710001,6.0100007,0,6,94.802635,56.572205,-100.39774,-2.9562268,0.8937732,0,0,0,0,0,0,0,0,0,0,0,0,0,0,0,0,0,0,0,0,0,0,0,0,0,0,0,0,0,0,
..\..\..\files\Weather\MIRA\daily\AN001_Agugliano.csv,12/25/2022 12:00:00 AM,14.34,7.83,0,7,99.18372,64.37629,-98.95108,-1.8083334,1.4466667,0,0,0,0,0,0,0,0,0,0,0,0,0,0,0,0,0,0,0,0,0,0,0,0,0,0,0,0,0,0,
..\..\..\files\Weather\MIRA\daily\AN001_Agugliano.csv,12/26/2022 12:00:00 AM,14.49,7.66,0,7,98.5825,62.638187,-97.475235,-1.9391509,1.475849,0,0,0,0,0,0,0,0,0,0,0,0,0,0,0,0,0,0,0,0,0,0,0,0,0,0,0,0,0,0,
..\..\..\files\Weather\MIRA\daily\AN001_Agugliano.csv,12/27/2022 12:00:00 AM,13.76,7.47,0,7,98.70052,64.90411,-96.35142,-2.0211844,1.1238157,0,0,0,0,0,0,0,0,0,0,0,0,0,0,0,0,0,0,0,0,0,0,0,0,0,0,0,0,0,0,
..\..\..\files\Weather\MIRA\daily\AN001_Agugliano.csv,12/28/2022 12:00:00 AM,13.99,7.65,0,7,99.00305,64.93107,-95.09589,-1.9144713,1.2555283,0,0,0,0,0,0,0,0,0,0,0,0,0,0,0,0,0,0,0,0,0,0,0,0,0,0,0,0,0,0,
..\..\..\files\Weather\MIRA\daily\AN001_Agugliano.csv,12/29/2022 12:00:00 AM,14.01,7.2800007,0,7,97.984,62.5771,-93.90123,-2.1703415,1.1946584,0,0,0,0,0,0,0,0,0,0,0,0,0,0,0,0,0,0,0,0,0,0,0,0,0,0,0,0,0,0,
..\..\..\files\Weather\MIRA\daily\AN001_Agugliano.csv,12/30/2022 12:00:00 AM,13.92,8.02,0,9,100,67.6105,-92.59899,-1.6477624,1.3022374,0,0,0,0,0,0,0,0,0,0,0,0,0,0,0,0,0,0,0,0,0,0,0,0,0,0,0,0,0,0,
..\..\..\files\Weather\MIRA\daily\AN001_Agugliano.csv,12/31/2022 12:00:00 AM,14.94,7.9700003,0,7,98.96713,62.38735,-90.84837,-1.7343829,1.7506168,0,0,0,0,0,0,0,0,0,0,0,0,0,0,0,0,0,0,0,0,0,0,0,0,0,0,0,0,0,0,
..\..\..\files\Weather\MIRA\daily\AN001_Agugliano.csv,1/1/2023 12:00:00 AM,13.47,8.111094,0,8,100,71.743515,-89.72492,-1.5560051,1.1234478,0,0,0,0,0,0,0,0,0,0,0,0,0,0,0,0,0,0,0,0,0,0,0,0,0,0,0,0,0,0,
..\..\..\files\Weather\MIRA\daily\AN001_Agugliano.csv,1/2/2023 12:00:00 AM,14.82,6.9599996,0,6,96.36974,57.138752,-88.24703,-2.452112,1.4778879,0,0,0,0,0,0,0,0,0,0,0,0,0,0,0,0,0,0,0,0,0,0,0,0,0,0,0,0,0,0,
..\..\..\files\Weather\MIRA\daily\AN001_Agugliano.csv,1/3/2023 12:00:00 AM,12.72,6.45,0,7,96.61544,63.39909,-87.65705,-2.545016,0.5899841,0,0,0,0,0,0,0,0,0,0,0,0,0,0,0,0,0,0,0,0,0,0,0,0,0,0,0,0,0,0,
..\..\..\files\Weather\MIRA\daily\AN001_Agugliano.csv,1/4/2023 12:00:00 AM,12.559999,7.1699996,0,7,98.64672,68.73147,-87.04911,-2.0870597,0.60794044,0,0,0,0,0,0,0,0,0,0,0,0,0,0,0,0,0,0,0,0,0,0,0,0,0,0,0,0,0,0,
..\..\..\files\Weather\MIRA\daily\AN001_Agugliano.csv,1/5/2023 12:00:00 AM,13.66,7.2808437,0,8,99.946075,68.12094,-85.99916,-2.1396275,1.0499507,0,0,0,0,0,0,0,0,0,0,0,0,0,0,0,0,0,0,0,0,0,0,0,0,0,0,0,0,0,0,
..\..\..\files\Weather\MIRA\daily\AN001_Agugliano.csv,1/6/2023 12:00:00 AM,13.93,6.14,0,5,94.98039,56.378162,-85.007835,-2.9036713,0.9913287,0,0,0,0,0,0,0,0,0,0,0,0,0,0,0,0,0,0,0,0,0,0,0,0,0,0,0,0,0,0,
..\..\..\files\Weather\MIRA\daily\AN001_Agugliano.csv,1/7/2023 12:00:00 AM,11.95,5.77,0,6,95.111145,62.639267,-84.70019,-2.782354,0.3076456,0,0,0,0,0,0,0,0,0,0,0,0,0,0,0,0,0,0,0,0,0,0,0,0,0,0,0,0,0,0,
..\..\..\files\Weather\MIRA\daily\AN001_Agugliano.csv,1/8/2023 12:00:00 AM,13.09,6.4500003,0,7,96.40648,61.74873,-83.9812,-2.6010168,0.7189835,0,0,0,0,0,0,0,0,0,0,0,0,0,0,0,0,0,0,0,0,0,0,0,0,0,0,0,0,0,0,
..\..\..\files\Weather\MIRA\daily\AN001_Agugliano.csv,1/9/2023 12:00:00 AM,14.91,7.4,0.69166666,7,97.46003,59.208702,-82.37614,-2.149933,1.6050665,0,0,0,0,0,0,0,0,0,0,0,0,0,0,0,0,0,0,0,0,0,0,0,0,0,0,0,0,0,0,
..\..\..\files\Weather\MIRA\daily\AN001_Agugliano.csv,1/10/2023 12:00:00 AM,14.88,5.2178855,15.908333,23,96.30816,56.88187,-81.143776,-3.5986974,1.2323596,0,0,0,0,0,0,1,0,0,0,0,0,1,0,0,0,0,0,0,0,0,0,1,0,0,0,0,0,1,0,
..\..\..\files\Weather\MIRA\daily\AN001_Agugliano.csv,1/11/2023 12:00:00 AM,13.54,3.558433,0,0,89.0345,46.01298,-80.51604,-4.363046,0.6277371,0,0,0,0,0,0,1,0,0,0,0,0,0,0,0,0,0,0,0,0,0,0,1,0,0,0,0,0,0,0,
..\..\..\files\Weather\MIRA\daily\AN001_Agugliano.csv,1/12/2023 12:00:00 AM,12.35,2.0500002,0,0,85.13799,42.04096,-80.247955,-4.8819175,0.26808262,0,0,0,0,0,0,0,0,0,0,0,0,0,0,0,0,0,0,0,0,0,0,0,0,0,0,0,0,0,0,
..\..\..\files\Weather\MIRA\daily\AN001_Agugliano.csv,1/13/2023 12:00:00 AM,12.07,3.3599997,0,0,88.66103,48.94324,-80.001976,-4.109024,0.24597582,0,0,0,0,0,0,0,0,0,0,0,0,0,0,0,0,0,0,0,0,0,0,0,0,0,0,0,0,0,0,
..\..\..\files\Weather\MIRA\daily\AN001_Agugliano.csv,1/14/2023 12:00:00 AM,11.81,2.9000006,0,0,87.536545,47.583263,-79.81813,-4.271156,0.18384409,0,0,0,0,0,0,0,0,0,0,0,0,0,0,0,0,0,0,0,0,0,0,0,0,0,0,0,0,0,0,
..\..\..\files\Weather\MIRA\daily\AN001_Agugliano.csv,1/15/2023 12:00:00 AM,13.14,3.0999994,0,0,87.48082,44.198494,-79.32712,-4.5289845,0.491016,0,0,0,0,0,0,0,0,0,0,0,0,0,0,0,0,0,0,0,0,0,0,0,0,0,0,0,0,0,0,
..\..\..\files\Weather\MIRA\daily\AN001_Agugliano.csv,1/16/2023 12:00:00 AM,12.7,4.04,0.39166665,2,92.42087,50.111423,-78.90622,-3.9090993,0.42090064,0,0,0,0,0,0,0,0,0,0,0,0,0,0,0,0,0,0,0,0,0,0,0,0,0,0,0,0,0,0,
..\..\..\files\Weather\MIRA\daily\AN001_Agugliano.csv,1/17/2023 12:00:00 AM,13.16,7.040666,10.287499,24,98.17476,65.543304,-78.09032,-2.2437615,0.8159057,0,0,0,0,0,0,1,0,0,0,0,0,0,0,0,0,0,0,0,0,0,0,1,0,0,0,0,0,0,0,
..\..\..\files\Weather\MIRA\daily\AN001_Agugliano.csv,1/18/2023 12:00:00 AM,12.29,5.9155183,30.045834,24,95.98032,63.414734,-77.67898,-2.7759056,0.41133538,0,0,0,0,0,0,1,0,0,0,1,0,1,0,0,0,0,0,0,0,0,0,1,0,0,0,1,0,1,0,
..\..\..\files\Weather\MIRA\daily\AN001_Agugliano.csv,1/19/2023 12:00:00 AM,10.96,4.094276,14.5875,24,93.390884,62.467354,-77.61186,-3.3657458,0.067116015,0,0,0,0,0,0,0,0,0,0,0,0,1,0,0,0,0,0,0,0,0,0,0,0,0,0,0,0,1,0,
..\..\..\files\Weather\MIRA\daily\AN001_Agugliano.csv,1/20/2023 12:00:00 AM,10.88,2.9300003,5.2875,24,87.78191,50.85697,-77.563156,-3.9262955,0.048704416,0,0,0,0,0,0,0,0,0,0,0,0,1,0,0,0,0,0,0,0,0,0,0,0,0,0,0,0,1,0,
..\..\..\files\Weather\MIRA\daily\AN001_Agugliano.csv,1/21/2023 12:00:00 AM,7.54,2.3599997,9.470834,24,85.28604,59.426086,-77.563156,-2.5900002,0,0,0,0,0,0,0,0,0,0,0,0,0,0,0,0,0,0,0,0,0,0,0,0,0,0,0,0,0,0,0,
..\..\..\files\Weather\MIRA\daily\AN001_Agugliano.csv,1/22/2023 12:00:00 AM,7.66,1.9899998,7.2708335,24,84.4093,56.815784,-77.563156,-2.835,0,0,0,0,0,0,0,0,0,0,0,0,0,0,0,0,0,0,0,0,0,0,0,0,0,0,0,0,0,0,0,
..\..\..\files\Weather\MIRA\daily\AN001_Agugliano.csv,1/23/2023 12:00:00 AM,8.61,2.4399998,24.7125,24,86.08695,56.09345,-77.563156,-3.0849998,0,0,0,0,0,0,0,0,0,0,0,0,0,0,0,0,0,0,0,0,0,0,0,0,0,0,0,0,0,0,0,
..\..\..\files\Weather\MIRA\daily\AN001_Agugliano.csv,1/24/2023 12:00:00 AM,8.14,2.63,17.583334,24,86.35094,58.87855,-77.563156,-2.755,0,0,0,0,0,0,0,0,0,0,0,0,0,0,0,0,0,0,0,0,0,0,0,0,0,0,0,0,0,0,0,
..\..\..\files\Weather\MIRA\daily\AN001_Agugliano.csv,1/25/2023 12:00:00 AM,10.37,2.87,5.825,24,87.632744,52.30233,-77.55403,-3.7408733,0.009126661,0,0,0,0,0,0,0,0,0,0,0,0,1,0,0,0,0,0,0,0,0,0,0,0,0,0,0,0,1,0,
..\..\..\files\Weather\MIRA\daily\AN001_Agugliano.csv,1/26/2023 12:00:00 AM,9.8,3.5999997,8.3375,23,89.49055,58.42744,-77.55403,-3.1000001,0,0,0,0,0,0,0,0,0,0,0,0,0,0,0,0,0,0,0,0,0,0,0,0,0,0,0,0,0,0,0,
..\..\..\files\Weather\MIRA\daily\AN001_Agugliano.csv,1/27/2023 12:00:00 AM,8,2.8900003,0,0,86.94961,60.968964,-77.55403,-2.5549998,0,0,0,0,0,0,0,0,0,0,0,0,0,0,0,0,0,0,0,0,0,0,0,0,0,0,0,0,0,0,0,
..\..\..\files\Weather\MIRA\daily\AN001_Agugliano.csv,1/28/2023 12:00:00 AM,7.73,2.1,0,0,84.73748,57.212685,-77.55403,-2.815,0,0,0,0,0,0,0,0,0,0,0,0,0,0,0,0,0,0,0,0,0,0,0,0,0,0,0,0,0,0,0,
..\..\..\files\Weather\MIRA\daily\AN001_Agugliano.csv,1/29/2023 12:00:00 AM,7.32,1.7835213,0,0,85.54681,61.20401,-77.55403,-2.7682395,0,0,0,0,0,0,0,0,0,0,0,0,0,0,0,0,0,0,0,0,0,0,0,0,0,0,0,0,0,0,0,
..\..\..\files\Weather\MIRA\daily\AN001_Agugliano.csv,1/30/2023 12:00:00 AM,8.39,0.64999986,0,0,81.37994,47.33914,-77.55403,-3.8700001,0,0,0,0,0,0,0,0,0,0,0,0,0,0,0,0,0,0,0,0,0,0,0,0,0,0,0,0,0,0,0,
..\..\..\files\Weather\MIRA\daily\AN001_Agugliano.csv,1/31/2023 12:00:00 AM,10.2,-0.90999985,0,0,77.92368,35.824413,-77.55223,-4.684068,0.0018001767,0,0,0,0,0,0,0,0,0,0,0,0,0,0,0,0,0,0,0,0,0,0,0,0,0,0,0,0,0,0,
..\..\..\files\Weather\MIRA\daily\AN001_Agugliano.csv,2/1/2023 12:00:00 AM,12.31,0.46000004,0,0,81.07063,35.80292,-77.32708,-5.699848,0.22515197,0,0,0,0,0,0,0,0,0,0,0,0,0,0,0,0,0,0,0,0,0,0,0,0,0,0,0,0,0,0,
..\..\..\files\Weather\MIRA\daily\AN001_Agugliano.csv,2/2/2023 12:00:00 AM,12.32,1.2299995,0,0,83.03503,38.739124,-77.08441,-5.302331,0.242669,0,0,0,0,0,0,0,0,0,0,0,0,0,0,0,0,0,0,0,0,0,0,0,0,0,0,0,0,0,0,
..\..\..\files\Weather\MIRA\daily\AN001_Agugliano.csv,2/3/2023 12:00:00 AM,14.34,3.1800003,0,0,86.82712,40.80659,-76.240524,-4.7361107,0.843889,0,0,0,0,0,0,0,0,0,0,0,0,0,0,0,0,0,0,0,0,0,0,0,0,0,0,0,0,0,0,
..\..\..\files\Weather\MIRA\daily\AN001_Agugliano.csv,2/4/2023 12:00:00 AM,13.7,1.6800003,0,0,83.44621,36.73964,-75.67106,-5.440532,0.56946754,0,0,0,0,0,0,0,0,0,0,0,0,0,0,0,0,0,0,0,0,0,0,0,0,0,0,0,0,0,0,
..\..\..\files\Weather\MIRA\daily\AN001_Agugliano.csv,2/5/2023 12:00:00 AM,15.78,1.6874859,0,0,85.66291,36.983654,-74.48573,-5.860933,1.1853243,0,0,0,0,0,0,0,0,0,0,0,0,0,0,0,0,0,0,0,0,0,0,0,0,0,0,0,0,0,0,
..\..\..\files\Weather\MIRA\daily\AN001_Agugliano.csv,2/6/2023 12:00:00 AM,6.86,-0.04924511,0,0,80.793106,52.73844,-74.48573,-3.405553,0,0,0,0,0,0,0,0,0,0,0,0,0,0,0,0,0,0,0,0,0,0,0,0,0,0,0,0,0,0,0,
..\..\..\files\Weather\MIRA\daily\AN001_Agugliano.csv,2/7/2023 12:00:00 AM,5.9,-1.0700002,0,0,75.28414,45.829277,-74.48573,-2.4971306,0,0,0,0,0,0,0,0,0,0,0,0,0,0,0,0,0,0,0,0,0,0,0,0,0,0,0,0,0,0,0,
..\..\..\files\Weather\MIRA\daily\AN001_Agugliano.csv,2/8/2023 12:00:00 AM,6.71,-1.29,0,0,75.449875,42.739166,-74.48573,-2.8140063,0,0,0,0,0,0,0,0,0,0,0,0,0,0,0,0,0,0,0,0,0,0,0,0,0,0,0,0,0,0,0,
..\..\..\files\Weather\MIRA\daily\AN001_Agugliano.csv,2/9/2023 12:00:00 AM,6.3999996,-2.1699998,0,0,73.04204,39.61381,-74.48573,-2.3897314,0,0,0,0,0,0,0,0,0,0,0,0,0,0,0,0,0,0,0,0,0,0,0,0,0,0,0,0,0,0,0,
..\..\..\files\Weather\MIRA\daily\AN001_Agugliano.csv,2/10/2023 12:00:00 AM,4.81,-1.0700002,0,0,74.129585,48.67825,-74.48573,-1.9673553,0,0,0,0,0,0,0,0,0,0,0,0,0,0,0,0,0,0,0,0,0,0,0,0,0,0,0,0,0,0,0,
..\..\..\files\Weather\MIRA\daily\AN001_Agugliano.csv,2/11/2023 12:00:00 AM,7.31,-1.3899999,0,0,75.641556,40.819447,-74.48573,-3.0710404,0,0,0,0,0,0,0,0,0,0,0,0,0,0,0,0,0,0,0,0,0,0,0,0,0,0,0,0,0,0,0,
..\..\..\files\Weather\MIRA\daily\AN001_Agugliano.csv,2/12/2023 12:00:00 AM,10.5,-2.3199997,0,0,74.42957,30.232674,-74.47598,-4.3096724,0.00975039,0,0,0,0,0,0,0,0,0,0,0,0,0,0,0,0,0,0,0,0,0,0,0,0,0,0,0,0,0,0,
..\..\..\files\Weather\MIRA\daily\AN001_Agugliano.csv,2/13/2023 12:00:00 AM,12.71,1.2399998,0,0,82.893074,37.722607,-74.15584,-5.4148564,0.32014385,0,0,0,0,0,0,0,0,0,0,0,0,0,0,0,0,0,0,0,0,0,0,0,0,0,0,0,0,0,0,
..\..\..\files\Weather\MIRA\daily\AN001_Agugliano.csv,2/14/2023 12:00:00 AM,13.27,1.4400005,0,0,83.107056,36.98767,-73.703896,-5.46306,0.4519401,0,0,0,0,0,0,0,0,0,0,0,0,0,0,0,0,0,0,0,0,0,0,0,0,0,0,0,0,0,0,
..\..\..\files\Weather\MIRA\daily\AN001_Agugliano.csv,2/15/2023 12:00:00 AM,15.34,1.9400005,0,0,82.68976,33.361122,-72.63988,-5.635985,1.064015,0,0,0,0,0,0,0,0,0,0,0,0,0,0,0,0,0,0,0,0,0,0,0,0,0,0,0,0,0,0,
..\..\..\files\Weather\MIRA\daily\AN001_Agugliano.csv,2/16/2023 12:00:00 AM,15.799999,2.4999995,0,0,83.61453,34.08881,-71.37521,-5.385339,1.2646614,0,0,0,0,0,0,0,0,0,0,0,0,0,0,0,0,0,0,0,0,0,0,0,0,0,0,0,0,0,0,
..\..\..\files\Weather\MIRA\daily\AN001_Agugliano.csv,2/17/2023 12:00:00 AM,14.78,2.38,0,0,84.36763,36.412106,-70.45391,-5.278693,0.92130643,0,0,0,0,0,0,0,0,0,0,0,0,0,0,0,0,0,0,0,0,0,0,0,0,0,0,0,0,0,0,
..\..\..\files\Weather\MIRA\daily\AN001_Agugliano.csv,2/18/2023 12:00:00 AM,14.879999,2.8399997,0,0,85.45735,37.863518,-69.46494,-5.03103,0.98896986,0,0,0,0,0,0,0,0,0,0,0,0,0,0,0,0,0,0,0,0,0,0,0,0,0,0,0,0,0,0,
..\..\..\files\Weather\MIRA\daily\AN001_Agugliano.csv,2/19/2023 12:00:00 AM,15.05,4.45,0,0,89.47491,43.924038,-68.26199,-4.097052,1.2029482,0,0,0,0,0,0,0,0,0,0,0,0,0,0,0,0,0,0,0,0,0,0,0,0,0,0,0,0,0,0,
..\..\..\files\Weather\MIRA\daily\AN001_Agugliano.csv,2/20/2023 12:00:00 AM,14.51,5.3999996,0,3,92.506645,50.242775,-67.14563,-3.4386392,1.1163611,0,0,0,0,0,0,0,0,0,0,0,0,0,0,0,0,0,0,0,0,0,0,0,0,0,0,0,0,0,0,
..\..\..\files\Weather\MIRA\daily\AN001_Agugliano.csv,2/21/2023 12:00:00 AM,14.709999,5.4999995,0,3,92.58258,49.984833,-65.941284,-3.400652,1.2043482,0,0,0,0,0,0,0,0,0,0,0,0,0,0,0,0,0,0,0,0,0,0,0,0,0,0,0,0,0,0,
..\..\..\files\Weather\MIRA\daily\AN001_Agugliano.csv,2/22/2023 12:00:00 AM,14.09,4.9599996,0,4,91.70673,49.637085,-65.02518,-3.6488938,0.9161062,0,0,0,0,0,0,0,0,0,0,0,0,0,0,0,0,0,0,0,0,0,0,0,0,0,0,0,0,0,0,
..\..\..\files\Weather\MIRA\daily\AN001_Agugliano.csv,2/23/2023 12:00:00 AM,13.15,6.5399995,0,6,96.61229,62.021725,-64.27461,-2.5544326,0.75056714,0,0,0,0,0,0,0,0,0,0,0,0,0,0,0,0,0,0,0,0,0,0,0,0,0,0,0,0,0,0,
..\..\..\files\Weather\MIRA\daily\AN001_Agugliano.csv,2/24/2023 12:00:00 AM,14.129999,6.7399993,0,5,96.42567,58.882977,-63.12056,-2.540948,1.1540523,0,0,0,0,0,0,0,0,0,0,0,0,0,0,0,0,0,0,0,0,0,0,0,0,0,0,0,0,0,0,
..\..\..\files\Weather\MIRA\daily\AN001_Agugliano.csv,2/25/2023 12:00:00 AM,14.6,6.75,0.2375,6,98.554474,56.921017,-61.77279,-2.5772295,1.3477708,0,0,0,0,0,0,0,0,0,0,0,0,0,0,0,0,0,0,0,0,0,0,0,0,0,0,0,0,0,0,
..\..\..\files\Weather\MIRA\daily\AN001_Agugliano.csv,2/26/2023 12:00:00 AM,15.85,6.283181,6.7041664,24,100,72.18074,-59.984184,-2.994806,1.788604,0,0,0,0,0,0,0,1,0,0,0,0,0,0,0,0,0,0,0,0,0,0,0,1,0,0,0,0,0,0,
..\..\..\files\Weather\MIRA\daily\AN001_Agugliano.csv,2/27/2023 12:00:00 AM,12.13,5.28,29.366667,24,93.73287,58.963837,-59.653023,-3.0938392,0.33116063,0,0,0,0,0,0,1,0,0,0,0,0,1,0,0,0,0,0,0,0,0,0,1,0,0,0,0,0,1,0,
..\..\..\files\Weather\MIRA\daily\AN001_Agugliano.csv,2/28/2023 12:00:00 AM,10.13,4.711879,18.6375,24,92.85416,64.73281,-59.651463,-2.7075012,0.0015595838,0,0,0,0,0,0,0,0,0,0,0,0,1,0,0,0,0,0,0,0,0,0,0,0,0,0,0,0,1,0,
..\..\..\files\Weather\MIRA\daily\AN001_Agugliano.csv,3/1/2023 12:00:00 AM,9.91,3.8199997,1.3791667,24,90.08938,59.298195,-59.651463,-3.045,0,0,0,0,0,0,0,0,0,0,0,0,0,0,0,0,0,0,0,0,0,0,0,0,0,0,0,0,0,0,0,
..\..\..\files\Weather\MIRA\daily\AN001_Agugliano.csv,3/2/2023 12:00:00 AM,9.54,3.6099997,7.6166673,24,90.952255,59.480507,-59.651463,-2.9650002,0,0,0,0,0,0,0,0,0,0,0,0,0,0,0,0,0,0,0,0,0,0,0,0,0,0,0,0,0,0,0,
..\..\..\files\Weather\MIRA\daily\AN001_Agugliano.csv,3/3/2023 12:00:00 AM,11.12,5.6712575,3.3833332,24,95.81737,67.54839,-59.536354,-2.6092622,0.11510911,0,0,0,0,0,0,0,0,0,0,0,0,1,0,0,0,0,0,0,0,0,0,0,0,0,0,0,0,1,0,
..\..\..\files\Weather\MIRA\daily\AN001_Agugliano.csv,3/4/2023 12:00:00 AM,11.74,4.6299996,2.875,23,92.12406,56.826347,-59.323444,-3.3420885,0.21291132,0,0,0,0,0,0,0,0,0,0,0,0,1,0,0,0,0,0,0,0,0,0,0,0,0,0,0,0,1,0,
..\..\..\files\Weather\MIRA\daily\AN001_Agugliano.csv,3/5/2023 12:00:00 AM,13.69,3.9399996,0,0,89.323494,46.198948,-58.625183,-4.1767387,0.6982614,0,0,0,0,0,0,0,0,0,0,0,0,0,0,0,0,0,0,0,0,0,0,0,0,0,0,0,0,0,0,
..\..\..\files\Weather\MIRA\daily\AN001_Agugliano.csv,3/6/2023 12:00:00 AM,15.44,3.12,0,0,85.606514,37.321644,-57.424145,-4.958961,1.2010388,0,0,0,0,0,0,0,0,0,0,0,0,0,0,0,0,0,0,0,0,0,0,0,0,0,0,0,0,0,0,
..\..\..\files\Weather\MIRA\daily\AN001_Agugliano.csv,3/7/2023 12:00:00 AM,15.37,5.05,0,1,90.70814,45.4902,-56.027008,-3.7628632,1.3971366,0,0,0,0,0,0,0,0,0,0,0,0,0,0,0,0,0,0,0,0,0,0,0,0,0,0,0,0,0,0,
..\..\..\files\Weather\MIRA\daily\AN001_Agugliano.csv,3/8/2023 12:00:00 AM,16.31,6.1100006,0,3,92.35107,46.940468,-54.075237,-3.14823,1.9517695,0,0,0,0,0,0,0,0,0,0,0,0,0,0,0,0,0,0,0,0,0,0,0,0,0,0,0,0,0,0,
..\..\..\files\Weather\MIRA\daily\AN001_Agugliano.csv,3/9/2023 12:00:00 AM,18.35,8.22,0,5,94.69488,48.887413,-50.63385,-1.6236124,3.4413872,0,0,0,0,0,0,0,0,0,0,0,0,0,0,0,0,0,0,0,0,0,0,0,0,0,0,0,0,0,0,
..\..\..\files\Weather\MIRA\daily\AN001_Agugliano.csv,3/10/2023 12:00:00 AM,20.17,10.870001,0.125,6,97.9551,53.952946,-45.11385,0,5.5200005,0,0,0,0,0,0,0,0,0,0,0,0,0,0,0,0,0,0,0,0,0,0,0,0,0,0,0,0,0,0,
..\..\..\files\Weather\MIRA\daily\AN001_Agugliano.csv,3/11/2023 12:00:00 AM,18.06,9.99,2.875,23,99.91869,59.19239,-41.088844,-0.00999403,4.025006,0,0,0,0,0,0,0,0,0,0,0,0,0,1,0,0,0,0,0,0,0,0,0,0,0,0,0,0,0,1,
..\..\..\files\Weather\MIRA\daily\AN001_Agugliano.csv,3/12/2023 12:00:00 AM,19.01,8.876288,0,5,97.313515,53.23762,-37.083397,-1.0614076,4.005448,0,0,0,0,0,0,0,0,0,0,0,0,0,0,0,0,0,0,0,0,0,0,0,0,0,0,0,0,0,0,
..\..\..\files\Weather\MIRA\daily\AN001_Agugliano.csv,3/13/2023 12:00:00 AM,16.14,7.4643507,0,5,96.61371,55.103176,-34.91067,-2.1651,2.1727247,0,0,0,0,0,0,0,0,0,0,0,0,0,0,0,0,0,0,0,0,0,0,0,0,0,0,0,0,0,0,
..\..\..\files\Weather\MIRA\daily\AN001_Agugliano.csv,3/14/2023 12:00:00 AM,18.68,5.5400004,0,1,90.42842,36.66325,-32.043762,-3.7030895,2.8669107,0,0,0,0,0,0,0,0,0,0,0,0,0,0,0,0,0,0,0,0,0,0,0,0,0,0,0,0,0,0,
..\..\..\files\Weather\MIRA\daily\AN001_Agugliano.csv,3/15/2023 12:00:00 AM,19.03,6.986909,0.09583333,7,98.57061,55.65542,-28.65838,-2.6361654,3.385381,0,0,0,0,0,0,0,0,0,0,0,0,0,0,0,0,0,0,0,0,0,0,0,0,0,0,0,0,0,0,
..\..\..\files\Weather\MIRA\daily\AN001_Agugliano.csv,3/16/2023 12:00:00 AM,13.38,5.8900003,2.2041667,23,94.71532,57.27021,-27.895737,-2.9823563,0.7626436,0,0,0,0,0,0,0,0,0,0,0,0,0,0,0,0,0,0,0,0,0,0,0,0,0,0,0,0,0,0,
..\..\..\files\Weather\MIRA\daily\AN001_Agugliano.csv,3/17/2023 12:00:00 AM,12.22,3.848951,0,3,92.44334,55.946564,-27.601364,-3.8911521,0.29437178,0,0,0,0,0,0,0,0,0,0,0,0,0,0,0,0,0,0,0,0,0,0,0,0,0,0,0,0,0,0,
..\..\..\files\Weather\MIRA\daily\AN001_Agugliano.csv,3/18/2023 12:00:00 AM,14.8,1.9700003,0,0,83.29809,34.869236,-26.703468,-5.517104,0.8978956,0,0,0,0,0,0,0,0,0,0,0,0,0,0,0,0,0,0,0,0,0,0,0,0,0,0,0,0,0,0,
..\..\..\files\Weather\MIRA\daily\AN001_Agugliano.csv,3/19/2023 12:00:00 AM,16.83,4.1200004,0,0,86.458336,37.013687,-24.868343,-4.519874,1.8351259,0,0,0,0,0,0,0,0,0,0,0,0,0,0,0,0,0,0,0,0,0,0,0,0,0,0,0,0,0,0,
..\..\..\files\Weather\MIRA\daily\AN001_Agugliano.csv,3/20/2023 12:00:00 AM,17.82,6.7800007,0.40416667,4,97.23578,44.427917,-22.09876,-2.7504163,2.7695832,0,0,0,0,0,0,0,0,0,0,0,0,0,0,0,0,0,0,0,0,0,0,0,0,0,0,0,0,0,0,
..\..\..\files\Weather\MIRA\daily\AN001_Agugliano.csv,3/21/2023 12:00:00 AM,12.83,8.33,9.295834,23,100,75.32342,-21.208883,-1.3601222,0.88987774,0,0,0,0,0,0,0,0,0,0,0,0,1,0,0,0,0,0,0,0,0,0,0,0,0,0,0,0,1,0,
..\..\..\files\Weather\MIRA\daily\AN001_Agugliano.csv,3/22/2023 12:00:00 AM,17.27,7.6800003,0,5,95.10257,50.656967,-18.453257,-2.039374,2.755626,0,0,0,0,0,0,0,0,0,0,0,0,0,0,0,0,0,0,0,0,0,0,0,0,0,0,0,0,0,0,
..\..\..\files\Weather\MIRA\daily\AN001_Agugliano.csv,3/23/2023 12:00:00 AM,19.73,8.130001,0,3,91.76823,43.20349,-14.372528,-1.7192707,4.0807285,0,0,0,0,0,0,0,0,0,0,0,0,0,0,0,0,0,0,0,0,0,0,0,0,0,0,0,0,0,0,
..\..\..\files\Weather\MIRA\daily\AN001_Agugliano.csv,3/24/2023 12:00:00 AM,20.9,8.4,0,0,89.89695,40.09982,-9.620129,-1.4976006,4.7523994,0,0,0,0,0,0,0,0,0,0,0,0,0,0,0,0,0,0,0,0,0,0,0,0,0,0,0,0,0,0,
..\..\..\files\Weather\MIRA\daily\AN001_Agugliano.csv,3/25/2023 12:00:00 AM,21.4,9.49,0,3,91.49415,42.601692,-4.1642094,-0.49908066,5.4559193,0,0,0,0,0,0,0,0,0,0,0,0,0,0,0,0,0,0,0,0,0,0,0,0,0,0,0,0,0,0,
..\..\..\files\Weather\MIRA\daily\AN001_Agugliano.csv,3/26/2023 12:00:00 AM,21.89,9.414188,0,3,92.06274,43.599934,0,-0.5720582,5.6658473,8.91357,8.91357,0.33013225,10.412665,10,2.008544,0,0,0,0,0,0,0,0,0,0,0,0,0,0,0,0,0,0,0,0,0,0,0,0,
..\..\..\files\Weather\MIRA\daily\AN001_Agugliano.csv,3/27/2023 12:00:00 AM,21.27,7.3800006,0.16666667,1,86.46462,35.172295,0,-2.372901,4.572099,7.440126,16.353697,0.6056925,10.757115,10,2.2952986,0,0,0,0,0,0,0,0,0,0,0,0,0,0,0,0,0,0,0,0,0,0,0,0,
..\..\..\files\Weather\MIRA\daily\AN001_Agugliano.csv,3/28/2023 12:00:00 AM,16.9,5.150696,3.9583335,24,94.928246,50.782585,0,-3.8485746,2.0260773,2.2848506,18.638548,0.6903166,10.862896,10,2.3833609,0,0,0,0,0,0,0,0,0,0,0,0,0,0,0,0,0,0,0,0,0,0,0,0,
..\..\..\files\Weather\MIRA\daily\AN001_Agugliano.csv,3/29/2023 12:00:00 AM,14.48,3.5499997,2.875,23,87.66837,41.91195,0,-4.5468664,0.9181334,0,18.638548,0.6903166,10.862896,10,2.3833609,0,0,0,0,0,0,0,0,0,0,0,0,0,0,0,0,0,0,0,0,0,0,0,0,
..\..\..\files\Weather\MIRA\daily\AN001_Agugliano.csv,3/30/2023 12:00:00 AM,16.71,4.2900004,0,0,88.04038,38.008003,0,-4.397435,1.8125641,1.2032692,19.841818,0.7348822,10.918603,10,2.4297369,0,0,0,0,0,0,0,0,0,0,0,0,0,0,0,0,0,0,0,0,0,0,0,0,
..\..\..\files\Weather\MIRA\daily\AN001_Agugliano.csv,3/31/2023 12:00:00 AM,18.77,9.26,0.3125,6,96.64888,52.142914,0,-0.7112088,4.0437913,7.0506287,26.892447,0.9960165,11.12251,11,2.5994895,0,0,0,0,0,0,0,0,0,0,0,0,0,0,0,0,0,0,0,0,0,0,0,0,
..\..\..\files\Weather\MIRA\daily\AN001_Agugliano.csv,4/1/2023 12:00:00 AM,18.41,9.73,7.2875,24,98.58029,56.14338,0,-0.26580143,4.0741987,7.1210217,34.01347,1.2597581,11.287349,11,2.7367177,0,1,0,0,0,1,1,1,0,0,0,0,0,0,0,0,0,1,0,0,0,1,1,1,
..\..\..\files\Weather\MIRA\daily\AN001_Agugliano.csv,4/2/2023 12:00:00 AM,19.6,8.390001,2.3,23,92.710915,44.784653,0,-1.4943833,4.110616,7.024891,41.03836,1.5199393,11.449962,11,2.872093,0,0,0,0,0,0,0,1,0,0,0,0,0,0,0,0,0,1,0,0,0,1,1,2,
..\..\..\files\Weather\MIRA\daily\AN001_Agugliano.csv,4/3/2023 12:00:00 AM,17.48,7.4699993,0,6,94.21211,48.816208,0,-2.2102752,2.794725,4.8421197,45.88048,1.699277,12.041366,12,3.4219694,0,0,0,0,0,0,0,0,0,0,0,0,0,0,0,0,0,1,0,0,0,1,1,2,
..\..\..\files\Weather\MIRA\daily\AN001_Agugliano.csv,4/4/2023 12:00:00 AM,13.63,6.078063,0,6,98.09498,63.90685,0,-2.90355,0.8724186,0,45.88048,1.699277,12.041366,12,3.4219694,0,0,0,0,0,0,0,0,0,0,0,0,0,0,0,0,0,1,0,0,0,1,1,2,
..\..\..\files\Weather\MIRA\daily\AN001_Agugliano.csv,4/5/2023 12:00:00 AM,10.03,3.9377372,0,5,94.315544,68.7775,0,-3.0460575,7.386287E-05,0,45.88048,1.699277,12.041366,12,3.4219694,0,0,0,0,0,0,0,0,0,0,0,0,0,0,0,0,0,1,0,0,0,1,1,2,
..\..\..\files\Weather\MIRA\daily\AN001_Agugliano.csv,4/6/2023 12:00:00 AM,9.17,3.04,0,0,87.863884,57.52522,0,-3.065,0,0,45.88048,1.699277,12.041366,12,3.4219694,0,0,0,0,0,0,0,0,0,0,0,0,0,0,0,0,0,1,0,0,0,1,1,2,
..\..\..\files\Weather\MIRA\daily\AN001_Agugliano.csv,4/7/2023 12:00:00 AM,13.62,1.5500002,0,0,83.167305,36.466553,0,-5.49215,0.54285,0,45.88048,1.699277,12.041366,12,3.4219694,0,0,0,0,0,0,0,0,0,0,0,0,0,0,0,0,0,1,0,0,0,1,1,2,
..\..\..\files\Weather\MIRA\daily\AN001_Agugliano.csv,4/8/2023 12:00:00 AM,17.34,3.5200005,0,0,87.111244,33.45425,0,-4.96081,1.9491897,1.049879,46.93036,1.7381614,12.057568,12,3.4579918,0,0,0,0,0,0,0,0,0,0,0,0,0,0,0,0,0,1,0,0,0,1,1,2,
..\..\..\files\Weather\MIRA\daily\AN001_Agugliano.csv,4/9/2023 12:00:00 AM,15.059999,6.5099998,0.09166667,6,94.9144,53.725033,0,-2.7777138,1.4972863,1.8034811,48.73384,1.804957,12.085399,12,3.5198696,0,0,0,0,0,0,0,0,0,0,0,0,0,0,0,0,0,1,0,0,0,1,1,2,
..\..\..\files\Weather\MIRA\daily\AN001_Agugliano.csv,4/10/2023 12:00:00 AM,13.7,5.6139054,2.1083333,23,95.534424,58.11971,0,-3.1965325,0.84651494,0,48.73384,1.804957,12.085399,12,3.5198696,0,0,0,0,0,0,0,0,0,0,0,0,0,0,0,0,0,1,0,0,0,1,1,2,
..\..\..\files\Weather\MIRA\daily\AN001_Agugliano.csv,4/11/2023 12:00:00 AM,13.33,4.2899995,0,1,90.49033,49.104706,0,-3.9066758,0.61332405,0,48.73384,1.804957,12.085399,12,3.5198696,0,0,0,0,0,0,0,0,0,0,0,0,0,0,0,0,0,1,0,0,0,1,1,2,
..\..\..\files\Weather\MIRA\daily\AN001_Agugliano.csv,4/12/2023 12:00:00 AM,18.71,5.1300006,0,0,86.04668,35.117496,0,-3.9967706,2.7932289,3.9247794,52.65862,1.9503193,12.145967,12,3.6545322,0,0,0,0,0,0,0,0,0,0,0,0,0,0,0,0,0,1,0,0,0,1,1,2,
..\..\..\files\Weather\MIRA\daily\AN001_Agugliano.csv,4/13/2023 12:00:00 AM,19.1,8.4,0.39583334,4,93.74619,46.747757,0,-1.4803743,3.869626,6.7035456,59.362164,2.1985986,12.249416,12,3.8845356,0,0,0,0,0,0,0,0,0,0,0,0,0,0,0,0,0,1,0,0,0,1,1,2,
..\..\..\files\Weather\MIRA\daily\AN001_Agugliano.csv,4/14/2023 12:00:00 AM,18.26,7.0420127,9.354167,24,91.97464,44.299675,0,-2.5680027,3.0409913,5.1188135,64.48098,2.3881845,12.32841,12,4.0601654,0,1,0,0,0,1,1,0,0,0,0,0,0,0,0,0,0,2,0,0,0,2,2,2,
..\..\..\files\Weather\MIRA\daily\AN001_Agugliano.csv,4/15/2023 12:00:00 AM,13.29,5.9700003,5.75,24,94.98933,58.094643,0,-2.9206488,0.7393511,0,64.48098,2.3881845,12.32841,12,4.0601654,0,0,0,0,0,0,1,0,0,0,0,0,0,0,0,0,0,2,0,0,0,2,3,2,
..\..\..\files\Weather\MIRA\daily\AN001_Agugliano.csv,4/16/2023 12:00:00 AM,15.280001,8.080001,0.14166667,7,98.88892,61.447803,0,-1.663999,1.9360005,3.5057182,67.986694,2.5180259,13.036883,13,5.6353374,0,0,0,0,0,0,0,0,0,0,0,0,0,0,0,0,0,2,0,0,0,2,3,2,
..\..\..\files\Weather\MIRA\daily\AN001_Agugliano.csv,4/17/2023 12:00:00 AM,14.14,7.93,3.3333333,24,99.634926,65.95978,0,-1.7249999,1.3800001,2.3037696,70.29047,2.6033506,13.063547,13,5.69462,0,0,0,0,0,0,0,0,0,0,0,0,0,0,0,0,0,2,0,0,0,2,3,2,
..\..\..\files\Weather\MIRA\daily\AN001_Agugliano.csv,4/18/2023 12:00:00 AM,15.690001,8.400001,1.7249999,24,99.26335,61.399796,0,-1.4244161,2.2205834,4.137535,74.428,2.7565928,13.111435,13,5.8010902,0,0,0,0,0,0,0,0,0,0,0,0,0,0,0,0,0,2,0,0,0,2,3,2,
..\..\..\files\Weather\MIRA\daily\AN001_Agugliano.csv,4/19/2023 12:00:00 AM,17.21,9.85,0,6,100,62.538273,0,-0.14847112,3.5315282,6.4053197,80.83332,2.9938269,13.185571,13,5.9659185,0,0,0,0,0,0,0,0,0,0,0,0,0,0,0,0,0,2,0,0,0,2,3,2,
..\..\..\files\Weather\MIRA\daily\AN001_Agugliano.csv,4/20/2023 12:00:00 AM,20.23,9.880001,0,5,95.229774,48.915497,0,-0.11930323,5.055696,8.288833,89.122154,3.3008206,14.025205,14,7.832705,0,0,0,0,0,0,0,0,0,0,0,0,0,0,0,0,0,2,0,0,0,2,3,2,
..\..\..\files\Weather\MIRA\daily\AN001_Agugliano.csv,4/21/2023 12:00:00 AM,19.47,9.99,0,5,97.164276,52.704002,0,-0.009994984,4.730005,7.922697,97.04485,3.594254,14.098563,14,7.9958053,0,0,0,0,0,0,0,0,0,0,0,0,0,0,0,0,0,2,0,0,0,2,3,2,
..\..\..\files\Weather\MIRA\daily\AN001_Agugliano.csv,4/22/2023 12:00:00 AM,19.62,10.47,0,5,98.11202,54.44321,0,0,5.045,8.277844,105.3227,3.9008408,14.17521,14,8.166217,0,0,0,0,0,0,0,0,0,0,0,0,0,0,0,0,0,2,0,0,0,2,3,2,
..\..\..\files\Weather\MIRA\daily\AN001_Agugliano.csv,4/23/2023 12:00:00 AM,21.41,9.46,0,3,91.39333,42.44299,0,-0.52779865,5.447201,8.69353,114.01623,4.222823,23.002903,23,20.530136,0,0,0,0,0,0,0,0,0,0,0,0,0,0,0,0,0,2,0,0,0,2,3,2,
..\..\..\files\Weather\MIRA\daily\AN001_Agugliano.csv,4/24/2023 12:00:00 AM,24.17,10.1,0.2,1,92.8515,35.13114,0,0,7.135,10.205209,124.221436,4.600794,37.004745,37,38.953613,0,0,0,0,0,0,0,0,0,0,0,0,0,0,0,0,0,2,0,0,0,2,3,2,
..\..\..\files\Weather\MIRA\daily\AN001_Agugliano.csv,4/25/2023 12:00:00 AM,19.72,10.063787,4.6833334,24,100,59.255936,0,0,4.8918934,8.107409,132.32884,4.901068,49.001286,49,54.738537,0,1,0,0,0,0,0,1,0,0,0,0,0,0,0,0,0,3,0,0,0,2,3,3,
..\..\..\files\Weather\MIRA\daily\AN001_Agugliano.csv,4/26/2023 12:00:00 AM,18.77,8.57,1.9166667,23,94.83192,48.83298,0,-1.3297598,3.7702405,6.596167,138.925,5.1453705,53.021805,53,60.109024,0,0,0,0,0,0,1,1,0,0,0,0,0,0,0,0,0,3,0,0,0,2,4,4,
..\..\..\files\Weather\MIRA\daily\AN001_Agugliano.csv,4/27/2023 12:00:00 AM,19.67,7.1200004,0,0,89.29303,39.384632,0,-2.5495455,3.7254546,6.2177153,145.14272,5.375656,53.056347,53,60.281734,0,0,0,0,0,0,0,0,0,0,0,0,0,0,0,0,0,3,0,0,0,2,4,4,
..\..\..\files\Weather\MIRA\daily\AN001_Agugliano.csv,4/28/2023 12:00:00 AM,20.92,9.09,0,3,91.61306,42.764957,0,-0.875,5.04,8.233713,153.37643,5.6806087,53.102093,53,60.510464,0,0,0,0,0,0,0,0,0,0,0,0,0,0,0,0,0,3,0,0,0,2,4,4,
..\..\..\files\Weather\MIRA\daily\AN001_Agugliano.csv,4/29/2023 12:00:00 AM,21.13,8.61,0,1,94.054565,40.103783,0,-1.312839,4.9471602,8.0827,161.45914,5.979968,53.146996,53,60.734978,0,0,0,0,0,0,0,0,0,0,0,0,0,0,0,0,0,3,0,0,0,2,4,4,
..\..\..\files\Weather\MIRA\daily\AN001_Agugliano.csv,4/30/2023 12:00:00 AM,19.11,11.310001,0,7,100,61.427807,0,0,5.210001,8.456931,169.91606,6.293187,53.193977,53,60.969887,0,0,0,0,0,0,0,0,0,0,0,0,0,0,0,0,0,3,0,0,0,2,4,4,
..\..\..\files\Weather\MIRA\daily\AN001_Agugliano.csv,5/1/2023 12:00:00 AM,20.83,12.440001,0.375,7,100,58.977486,0,0,6.635,9.810337,179.7264,6.6565332,53.24848,53,61.24241,0,0,0,0,0,0,0,0,0,0,0,0,0,0,0,0,0,3,0,0,0,2,4,4,
..\..\..\files\Weather\MIRA\daily\AN001_Agugliano.csv,5/2/2023 12:00:00 AM,19.49,12.5,9.166667,24,100,66.41213,0,0,5.995,9.244804,188.97119,6.9989333,54.03987,54,65.199356,0,1,0,0,0,1,1,1,0,0,0,0,0,0,0,0,0,4,0,0,0,3,5,5,
..\..\..\files\Weather\MIRA\daily\AN001_Agugliano.csv,5/3/2023 12:00:00 AM,17.91,13.37,12.458334,24,100,81.7654,0,0,5.6399994,8.901523,197.87271,7.328619,54.079433,54,65.39717,1,1,0,0,1,0,1,1,0,0,0,0,0,0,0,0,1,5,0,0,1,3,6,6,
..\..\..\files\Weather\MIRA\daily\AN001_Agugliano.csv,5/4/2023 12:00:00 AM,18.86,12.450001,0,8,100,69.63991,0,0,5.6550007,8.916462,206.78917,7.658858,54.119064,54,65.59532,1,0,0,0,1,0,1,0,0,0,0,0,0,0,0,0,2,5,0,0,2,3,7,6,
..\..\..\files\Weather\MIRA\daily\AN001_Agugliano.csv,5/5/2023 12:00:00 AM,21.349998,11.249999,0,5,96.14364,50.502777,0,0,6.299999,9.522806,216.31198,8.011555,54.16139,54,65.806946,0,0,0,0,0,0,0,0,0,0,0,0,0,0,0,0,2,5,0,0,2,3,7,6,
..\..\..\files\Weather\MIRA\daily\AN001_Agugliano.csv,5/6/2023 12:00:00 AM,23.32,10.310001,0,0,88.57566,38.7701,0,0,6.8150005,9.957194,226.26918,8.38034,55.0047,55,70.0235,0,0,0,0,0,0,0,0,0,0,0,0,0,0,0,0,2,5,0,0,2,3,7,6,
..\..\..\files\Weather\MIRA\daily\AN001_Agugliano.csv,5/7/2023 12:00:00 AM,24.400002,12.070001,0,0,89.83833,41.413143,0,0,8.235001,10.932062,237.20125,8.785232,55.04519,55,70.225945,0,0,0,0,0,0,0,0,0,0,0,0,0,0,0,0,2,5,0,0,2,3,7,6,
..\..\..\files\Weather\MIRA\daily\AN001_Agugliano.csv,5/8/2023 12:00:00 AM,25.53,13.61,0,2,99.915016,42.961113,0,0,9.57,11.558292,248.75954,9.213316,55.087997,55,70.43999,0,0,0,0,0,0,0,0,0,0,0,0,0,0,0,0,2,5,0,0,2,3,7,6,
..\..\..\files\Weather\MIRA\daily\AN001_Agugliano.csv,5/9/2023 12:00:00 AM,21.18,14.849999,0,11,100,71.21942,0,0,8.014999,10.80211,259.56165,9.613394,55.128006,55,70.64003,0,0,0,0,0,0,0,0,0,0,0,0,0,0,0,0,2,5,0,0,2,3,7,6,
..\..\..\files\Weather\MIRA\daily\AN001_Agugliano.csv,5/10/2023 12:00:00 AM,22.39,13.534261,0.4,7,100,59.960045,0,0,7.9621296,10.76974,270.3314,10.012274,56.001053,56,75.005264,0,0,0,0,0,0,0,0,0,0,0,0,0,0,0,0,2,5,0,0,2,3,7,6,
..\..\..\files\Weather\MIRA\daily\AN001_Agugliano.csv,5/11/2023 12:00:00 AM,18.28,12.72,9.491667,24,100,74.82697,0,0,5.5,8.760259,279.09164,10.336728,56.028862,56,75.14431,0,1,1,0,0,0,1,1,0,0,0,0,0,0,0,0,2,6,1,0,2,3,8,7,
..\..\..\files\Weather\MIRA\daily\AN001_Agugliano.csv,5/12/2023 12:00:00 AM,18.88,12.07,7.0666666,24,100,67.14743,0,0,5.4749994,8.734679,287.82632,10.660234,56.05659,56,75.28296,0,1,1,0,0,1,1,1,0,0,0,0,0,0,0,0,2,7,2,0,2,4,9,8,
..\..\..\files\Weather\MIRA\daily\AN001_Agugliano.csv,5/13/2023 12:00:00 AM,19.75,11.35,8.4375,24,100,58.45335,0,0,5.55,8.811095,296.63742,10.986571,56.084564,56,75.42282,0,1,1,0,0,0,1,1,0,0,0,0,0,0,0,0,2,8,3,0,2,4,10,9,
..\..\..\files\Weather\MIRA\daily\AN001_Agugliano.csv,5/14/2023 12:00:00 AM,19.33,11.36,5.1499996,24,100,60.597168,0,0,5.3449993,8.599937,305.23737,11.305088,56.111866,56,75.559326,0,0,0,0,0,0,1,1,0,0,0,0,0,0,0,0,2,8,3,0,2,4,11,10,
..\..\..\files\Weather\MIRA\daily\AN001_Agugliano.csv,5/15/2023 12:00:00 AM,18.33,11.74,15.291666,24,100,68.132355,0,0,5.035,8.266838,313.5042,11.611267,56.138107,56,75.69054,1,1,1,0,0,0,1,1,0,0,0,0,0,0,0,0,3,9,4,0,2,4,12,11,
..\..\..\files\Weather\MIRA\daily\AN001_Agugliano.csv,5/16/2023 12:00:00 AM,19.22,11.72,10.9625,24,100,63.2217,0,0,5.4699993,8.72955,322.23376,11.934584,57.020092,57,80.100464,1,1,1,0,0,1,1,1,0,0,0,0,0,0,0,0,4,10,5,0,2,5,13,12,
..\..\..\files\Weather\MIRA\daily\AN001_Agugliano.csv,5/17/2023 12:00:00 AM,18.67,12.76,22.2875,24,100,72.759125,0,0,5.715,8.975827,331.2096,12.267022,57.045025,57,80.22513,1,1,1,0,1,0,1,1,0,0,0,0,0,0,0,0,5,11,6,0,3,5,14,13,
..\..\..\files\Weather\MIRA\daily\AN001_Agugliano.csv,5/18/2023 12:00:00 AM,19.4,13.29,36.5125,24,100,71.90224,0,0,6.3449993,9.5625105,340.7721,12.621188,57.07159,57,80.357956,1,1,1,0,1,0,1,1,0,0,0,0,0,0,0,0,6,12,7,0,4,5,15,14,
..\..\..\files\Weather\MIRA\daily\AN001_Agugliano.csv,5/19/2023 12:00:00 AM,19.95,12.259999,0,9,100,62.514336,0,0,6.1049995,9.34686,350.11896,12.967369,57.097553,57,80.48776,1,0,0,0,1,0,0,0,0,0,0,0,0,0,0,0,7,12,7,0,5,5,15,14,
..\..\..\files\Weather\MIRA\daily\AN001_Agugliano.csv,5/20/2023 12:00:00 AM,20.28,12.83,0.12083334,9,100,64.05602,0,0,6.5550003,9.743359,359.8623,13.328234,57.12462,57,80.62309,0,0,0,0,0,0,0,0,0,0,0,0,0,0,0,0,7,12,7,0,5,5,15,14,
..\..\..\files\Weather\MIRA\daily\AN001_Agugliano.csv,5/21/2023 12:00:00 AM,19.99,14.22,2.8416667,24,100,74.45045,0,0,7.1049995,10.182665,370.04498,13.70537,58.024803,58,85.124016,0,0,0,0,0,0,0,1,0,0,0,0,0,0,0,0,7,12,7,0,5,5,15,15,
..\..\..\files\Weather\MIRA\daily\AN001_Agugliano.csv,5/22/2023 12:00:00 AM,24.56,13.97,1.4375,23,94.08184,48.63733,0,0,9.264999,11.439578,381.48456,14.129058,58.053047,58,85.265236,0,0,0,0,0,0,0,1,0,0,0,0,0,0,0,0,7,12,7,0,5,5,15,16,
..\..\..\files\Weather\MIRA\daily\AN001_Agugliano.csv,5/23/2023 12:00:00 AM,26.63,14.050001,0,0,87.59923,40.25866,0,0,10.34,11.794651,393.2792,14.565897,58.082172,58,85.41086,0,0,0,0,0,0,0,0,0,1,0,0,0,0,1,1,7,12,7,0,5,5,15,16,
..\..\..\files\Weather\MIRA\daily\AN001_Agugliano.csv,5/24/2023 12:00:00 AM,27.77,14.380001,0,0,84.50572,37.110092,0,0,11.075001,11.936455,405.21567,15.007988,59.00048,59,90.0024,0,0,0,0,0,0,0,0,0,1,0,0,0,0,1,0,7,12,7,0,5,5,15,16,
..\..\..\files\Weather\MIRA\daily\AN001_Agugliano.csv,5/25/2023 12:00:00 AM,27.080002,15.000001,0,0,88.352684,42.047863,0,0,11.040001,11.931545,417.14722,15.449897,59.026993,59,90.134964,0,0,0,0,0,0,0,0,0,0,0,0,0,0,0,0,7,12,7,0,5,5,15,16,
..\..\..\files\Weather\MIRA\daily\AN001_Agugliano.csv,5/26/2023 12:00:00 AM,27.07,15.470001,0,0,89.51514,43.93296,0,0,11.27,11.960459,429.10767,15.892877,59.053574,59,90.26787,0,0,0,0,0,0,0,0,0,0,0,0,0,0,0,0,7,12,7,0,5,5,15,16,
..\..\..\files\Weather\MIRA\daily\AN001_Agugliano.csv,5/27/2023 12:00:00 AM,27.440002,16.210001,0,0,89.99902,45.317245,0,0,11.825001,11.997732,441.1054,16.337236,59.080235,59,90.40117,0,0,0,0,0,0,0,0,0,1,0,0,0,0,1,1,7,12,7,0,5,5,15,16,
..\..\..\files\Weather\MIRA\daily\AN001_Agugliano.csv,5/28/2023 12:00:00 AM,26.35,16.063965,0,5,94.43411,51.543278,0,0,11.206982,11.953323,453.05872,16.779951,60.00618,60,95.0309,0,0,0,0,0,0,0,0,0,0,0,0,0,0,0,0,7,12,7,0,5,5,15,16,
..\..\..\files\Weather\MIRA\daily\AN001_Agugliano.csv,5/29/2023 12:00:00 AM,26.17,14.33,0,0,89.805084,43.184013,0,0,10.25,11.771682,464.83038,17.21594,60.02996,60,95.1498,0,0,0,0,0,0,0,0,1,1,0,0,0,0,1,1,7,12,7,0,5,5,15,16,
..\..\..\files\Weather\MIRA\daily\AN001_Agugliano.csv,5/30/2023 12:00:00 AM,26.5,15.169999,0,1,90.741554,45.174877,0,0,10.834999,11.899094,476.7295,17.656649,60.053997,60,95.26999,0,0,0,0,0,0,0,0,1,1,0,0,1,0,1,1,7,12,7,0,5,5,15,16,
..\..\..\files\Weather\MIRA\daily\AN001_Agugliano.csv,5/31/2023 12:00:00 AM,26.04,14.73,0,3,91.21097,45.35556,0,0,10.385,11.8056755,488.53516,18.093895,60.07785,60,95.38925,0,0,0,0,0,0,0,0,0,0,0,0,0,0,0,0,7,12,7,0,5,5,15,16,
..\..\..\files\Weather\MIRA\daily\AN001_Agugliano.csv,6/1/2023 12:00:00 AM,25.52,15.380001,0,5,94.53162,50.548546,0,0,10.450001,11.821058,500.3562,18.531712,61.00992,61,100,0,0,0,0,0,0,0,0,0,0,0,0,0,0,0,0,7,12,7,0,5,5,15,16,
..\..\..\files\Weather\MIRA\daily\AN001_Agugliano.csv,6/2/2023 12:00:00 AM,26.21,15.380001,0,3,92.23362,47.344643,0,0,10.795,11.892025,512.2482,18.972157,61.03194,61,100,0,0,0,0,0,0,0,0,0,0,0,0,0,0,0,0,7,12,7,0,5,5,15,16,
..\..\..\files\Weather\MIRA\daily\AN001_Agugliano.csv,6/3/2023 12:00:00 AM,27.79,16.010002,0,0,88.2817,42.999847,0,0,11.900002,11.99926,524.2475,19.416574,61.05416,61,100,0,0,0,0,0,0,0,0,0,1,1,0,0,0,1,1,7,12,7,0,5,5,15,16,
..\..\..\files\Weather\MIRA\daily\AN001_Agugliano.csv,6/4/2023 12:00:00 AM,26.54,17.11,0,5,95.35191,53.598125,0,0,11.825001,11.997732,536.24524,19.860935,61.07638,61,100,0,0,0,0,0,0,0,0,1,1,1,0,0,0,1,1,7,12,7,0,5,5,15,16,
..\..\..\files\Weather\MIRA\daily\AN001_Agugliano.csv,6/5/2023 12:00:00 AM,26.25,16.32,0.46666667,6,100,51.341278,0,0,11.285,11.9620695,548.20734,20.303974,71.01224,71,89.90822,0,0,0,0,0,0,0,0,1,1,1,0,1,0,1,1,7,12,7,0,5,5,15,16,
..\..\..\files\Weather\MIRA\daily\AN001_Agugliano.csv,6/6/2023 12:00:00 AM,23.16,17.420002,11.2625,24,100,75.22791,0,0,10.290001,11.782042,559.9894,20.740349,71.029816,71,89.77638,1,1,1,0,0,0,1,1,0,0,0,0,0,0,0,0,8,13,8,0,5,5,16,17,
..\..\..\files\Weather\MIRA\daily\AN001_Agugliano.csv,6/7/2023 12:00:00 AM,25.39,16.61,12.170833,23,98.036804,57.14709,0,0,11,11.925709,571.9151,21.182041,71.0476,71,89.643005,1,1,1,0,1,0,1,1,0,0,0,0,0,0,0,1,9,14,9,0,6,5,17,18,
..\..\..\files\Weather\MIRA\daily\AN001_Agugliano.csv,6/8/2023 12:00:00 AM,27.04,16.41,0,3,91.889725,47.974606,0,0,11.725,11.9944,583.9095,21.626278,71.06549,71,89.50882,1,0,0,0,1,0,0,0,0,0,0,0,0,0,0,0,10,14,9,0,7,5,17,18,
..\..\..\files\Weather\MIRA\daily\AN001_Agugliano.csv,6/9/2023 12:00:00 AM,27.53,16.58,0,1,90.56782,46.445503,0,0,12.055,11.999776,595.90924,22.070713,71.08338,71,89.37463,0,0,0,0,0,0,0,0,0,0,0,0,0,0,0,0,10,14,9,0,7,5,17,18,
..\..\..\files\Weather\MIRA\daily\AN001_Agugliano.csv,6/10/2023 12:00:00 AM,27.74,16.78,0.104166664,2,93.07848,46.32621,0,0,12.26,11.995005,607.90424,22.514973,71.10127,71,89.240456,0,0,0,0,0,0,0,0,0,0,0,0,0,0,0,0,10,14,9,0,7,5,17,18,
..\..\..\files\Weather\MIRA\daily\AN001_Agugliano.csv,6/11/2023 12:00:00 AM,25.98,18.18,2.3958333,23,99.96932,62.137424,0,0,12.08,11.999527,619.90375,22.959398,71.11917,71,89.10622,0,0,0,1,0,0,0,1,0,0,0,0,0,0,0,0,10,14,9,1,7,5,17,19,
..\..\..\files\Weather\MIRA\daily\AN001_Agugliano.csv,6/12/2023 12:00:00 AM,27.29,17.73,0,5,94.20898,52.696133,0,0,12.51,11.980804,631.8845,23.40313,71.13704,71,88.972206,0,0,0,0,0,0,0,0,0,0,0,0,0,0,0,0,10,14,9,1,7,5,17,19,
..\..\..\files\Weather\MIRA\daily\AN001_Agugliano.csv,6/13/2023 12:00:00 AM,27.39,17.7,0,5,93.77533,52.048676,0,0,12.545,11.978081,643.8626,23.846764,71.1549,71,88.83826,0,0,0,0,0,0,0,0,0,0,0,0,0,0,0,0,10,14,9,1,7,5,17,19,
..\..\..\files\Weather\MIRA\daily\AN001_Agugliano.csv,6/14/2023 12:00:00 AM,26.650002,16.250002,0.19166666,4,92.8592,49.102325,0,0,11.450001,11.9775715,655.8402,24.290379,71.17277,71,88.70424,0,0,0,0,0,0,0,0,0,0,0,0,0,0,0,0,10,14,9,1,7,5,17,19,
..\..\..\files\Weather\MIRA\daily\AN001_Agugliano.csv,6/15/2023 12:00:00 AM,25.8,16.880001,4.4083333,23,97.332535,56.330097,0,0,11.34,11.967688,667.8079,24.733627,71.19061,71,88.570404,0,0,0,1,0,0,0,1,0,0,0,0,0,0,0,0,10,14,9,2,7,5,17,20,
..\..\..\files\Weather\MIRA\daily\AN001_Agugliano.csv,6/16/2023 12:00:00 AM,26.15,16.6,0,5,95.44173,53.14991,0,0,11.375,11.971028,679.77893,25.176996,72.01158,72,82.41314,0,0,0,0,0,0,0,0,0,0,0,0,0,0,0,0,10,14,9,2,7,5,17,20,
..\..\..\files\Weather\MIRA\daily\AN001_Agugliano.csv,6/17/2023 12:00:00 AM,28.260002,16.360003,0,0,87.42726,42.368202,0,0,12.310001,11.992901,691.77185,25.62118,72.02656,72,82.30081,0,0,0,0,0,0,0,0,0,0,0,0,0,0,0,0,10,14,9,2,7,5,17,20,
..\..\..\files\Weather\MIRA\daily\AN001_Agugliano.csv,6/18/2023 12:00:00 AM,29.28,15.76,0,0,82.33939,36.198357,0,0,12.52,11.980043,703.7519,26.064884,72.04151,72,82.18866,0,0,0,0,0,0,0,0,0,0,0,0,0,0,0,0,10,14,9,2,7,5,17,20,
..\..\..\files\Weather\MIRA\daily\AN001_Agugliano.csv,6/19/2023 12:00:00 AM,31.06,16.94,0,0,78.3772,33.54014,0,0,14,11.706514,715.45844,26.49846,72.05613,72,82.079025,0,0,0,0,0,0,0,0,0,0,0,0,0,0,0,0,10,14,9,2,7,5,17,20,
..\..\..\files\Weather\MIRA\daily\AN001_Agugliano.csv,6/20/2023 12:00:00 AM,31.739998,18.86,0,0,79.97469,37.154953,0,0,15.299999,11.204788,726.6632,26.913452,72.070114,72,81.974144,0,0,0,0,0,0,0,0,0,0,0,0,0,0,0,0,10,14,9,2,7,5,17,20,
..\..\..\files\Weather\MIRA\daily\AN001_Agugliano.csv,6/21/2023 12:00:00 AM,31.83,18.87,0,0,79.644066,36.836052,0,0,15.35,11.180653,737.8439,27.327549,72.084076,72,81.86943,0,0,0,0,0,0,0,0,1,1,1,0,0,0,1,1,10,14,9,2,7,5,17,20,
..\..\..\files\Weather\MIRA\daily\AN001_Agugliano.csv,6/22/2023 12:00:00 AM,33.18,20.260002,0,0,77.28375,36.112133,0,0,16.720001,10.381068,748.2249,27.712036,72.09704,72,81.77222,0,0,0,0,0,0,0,0,1,1,1,0,1,0,1,1,10,14,9,2,7,5,17,20,
..\..\..\files\Weather\MIRA\daily\AN001_Agugliano.csv,6/23/2023 12:00:00 AM,35.1,21.760002,0,0,75.10563,33.433426,0,0,18.43,9.011834,757.23676,28.045807,72.108284,72,81.68787,0,0,0,0,0,0,0,0,0,0,0,0,0,0,0,0,10,14,9,2,7,5,17,20,
..\..\..\files\Weather\MIRA\daily\AN001_Agugliano.csv,6/24/2023 12:00:00 AM,32.5,20.982988,0.20833333,1,84.05648,43.49522,0,0,16.741493,10.366409,767.60315,28.429747,72.12123,72,81.59077,0,0,0,1,0,0,0,0,0,0,0,0,0,0,0,0,10,14,9,3,7,5,17,20,
..\..\..\files\Weather\MIRA\daily\AN001_Agugliano.csv,6/25/2023 12:00:00 AM,29.16,19.58,4.7916665,23,91.66889,51.63139,0,0,14.369999,11.588453,779.1916,28.858948,72.1357,72,81.48228,0,1,1,1,0,0,0,1,0,0,0,0,0,0,0,0,10,15,10,4,7,5,17,21,
..\..\..\files\Weather\MIRA\daily\AN001_Agugliano.csv,6/26/2023 12:00:00 AM,29.61,18.74,0,0,87.97049,45.81579,0,0,14.174999,11.653138,790.8447,29.290545,72.150246,72,81.37315,0,0,0,0,0,0,0,0,0,0,0,1,0,0,0,1,10,15,10,4,7,5,17,21,
..\..\..\files\Weather\MIRA\daily\AN001_Agugliano.csv,6/27/2023 12:00:00 AM,31.2,18.41,0,0,81.08628,37.766552,0,0,14.805,11.4244375,802.26917,29.713673,73.001366,73,74.98976,0,0,0,0,0,0,0,0,0,0,0,0,0,0,0,0,10,15,10,4,7,5,17,21,
..\..\..\files\Weather\MIRA\daily\AN001_Agugliano.csv,6/28/2023 12:00:00 AM,34.98,20,0,1,90.263,28.931448,0,0,17.49,9.815245,812.0844,30.077202,77.00197,77,39.990158,0,0,0,0,0,0,0,0,0,0,0,0,0,0,0,0,10,15,10,4,7,5,17,21,
..\..\..\files\Weather\MIRA\daily\AN001_Agugliano.csv,6/29/2023 12:00:00 AM,27.7,19.560001,0,6,97.16991,59.501846,0,0,13.630001,11.804782,823.8892,30.514416,77.01311,77,39.934464,0,0,0,0,0,0,0,0,0,0,0,0,0,0,0,0,10,15,10,4,7,5,17,21,
..\..\..\files\Weather\MIRA\daily\AN001_Agugliano.csv,6/30/2023 12:00:00 AM,29.27,18.490002,0.25833333,1,88.685394,46.371536,0,0,13.880001,11.740558,835.62976,30.94925,77.024185,77,39.879074,0,0,0,0,0,0,0,0,0,0,0,0,0,0,0,1,10,15,10,4,7,5,17,21,
..\..\..\files\Weather\MIRA\daily\AN001_Agugliano.csv,7/1/2023 12:00:00 AM,30.09,17.83,6.2999997,24,91.85542,40.216846,0,0,13.959999,11.718094,847.34784,31.383251,77.03524,77,39.8238,0,1,1,0,0,0,1,1,0,0,0,0,0,0,0,0,10,16,11,4,7,5,18,22,
..\..\..\files\Weather\MIRA\daily\AN001_Agugliano.csv,7/2/2023 12:00:00 AM,26.2,18.08,8.241667,23,98.94954,60.328438,0,0,12.139999,11.99855,859.3464,31.827644,77.04656,77,39.76719,0,1,1,0,0,0,1,1,0,0,0,0,0,0,0,0,10,17,12,4,7,5,19,23,
..\..\..\files\Weather\MIRA\daily\AN001_Agugliano.csv,7/3/2023 12:00:00 AM,29.740002,19.200003,0,0,88.5384,47.10081,0,0,14.470001,11.553156,870.89954,32.25554,77.057465,77,39.712677,0,0,0,0,0,0,0,0,0,0,0,0,0,0,0,0,10,17,12,4,7,5,19,23,
..\..\..\files\Weather\MIRA\daily\AN001_Agugliano.csv,7/4/2023 12:00:00 AM,30.57,21.150002,0.23333333,1,89.77869,51.37627,0,0,15.860001,10.914125,881.81366,32.659767,77.067764,77,39.66118,0,0,0,0,0,0,0,0,0,0,0,0,0,0,0,0,10,17,12,4,7,5,19,23,
..\..\..\files\Weather\MIRA\daily\AN001_Agugliano.csv,7/5/2023 12:00:00 AM,29.379997,20.18,5.366667,23,92.23303,53.236794,0,0,14.779999,11.4346,893.2482,33.083267,77.07855,77,39.60724,0,1,1,1,0,0,0,1,0,0,0,0,0,0,0,0,10,18,13,5,7,5,19,24,
..\..\..\files\Weather\MIRA\daily\AN001_Agugliano.csv,7/6/2023 12:00:00 AM,30.07,19.95,0,0,88.991974,48.66831,0,0,15.01,11.337726,904.58594,33.503185,77.08926,77,39.55372,0,0,0,0,0,0,0,0,0,0,0,0,0,0,0,0,10,18,13,5,7,5,19,24,
..\..\..\files\Weather\MIRA\daily\AN001_Agugliano.csv,7/7/2023 12:00:00 AM,29.71,19.81,0,1,90.07591,49.856644,0,0,14.759998,11.442665,916.0286,33.926983,77.10005,77,39.49974,0,0,0,0,0,0,0,0,0,0,0,0,0,0,0,0,10,18,13,5,7,5,19,24,
..\..\..\files\Weather\MIRA\daily\AN001_Agugliano.csv,7/8/2023 12:00:00 AM,29.83,18.85,0,0,87.38006,45.245655,0,0,14.34,11.598762,927.6274,34.35657,77.11099,77,39.445038,0,0,0,0,0,0,0,0,0,0,0,1,0,0,0,0,10,18,13,5,7,5,19,24,
..\..\..\files\Weather\MIRA\daily\AN001_Agugliano.csv,7/9/2023 12:00:00 AM,31.349998,18.32,0,0,80.30597,36.87652,0,0,14.834999,11.412125,939.0395,34.779243,77.121765,77,39.391174,0,0,0,0,0,0,0,0,0,1,1,0,0,0,0,1,10,18,13,5,7,5,19,24,
..\..\..\files\Weather\MIRA\daily\AN001_Agugliano.csv,7/10/2023 12:00:00 AM,34.01,21.130001,0,0,75.7628,35.65566,0,0,17.57,9.751682,948.7912,35.140415,77.13097,77,39.34517,0,0,0,0,0,0,0,0,0,0,0,0,0,0,0,0,10,18,13,5,7,5,19,24,
..\..\..\files\Weather\MIRA\daily\AN001_Agugliano.csv,7/11/2023 12:00:00 AM,35.6,23.02,0,0,73.10777,35.348724,0,0,19.31,8.148146,956.93933,35.442196,77.13866,77,39.306717,0,0,0,0,0,0,0,0,0,0,0,0,0,0,0,0,10,18,13,5,7,5,19,24,
..\..\..\files\Weather\MIRA\daily\AN001_Agugliano.csv,7/12/2023 12:00:00 AM,36.37,24.26,0,0,72.37471,36.144936,0,0,20.314999,7.030656,963.97,35.70259,77.14529,77,39.273567,0,0,0,0,0,0,0,0,0,0,0,0,0,0,0,0,10,18,13,5,7,5,19,24,
..\..\..\files\Weather\MIRA\daily\AN001_Agugliano.csv,7/13/2023 12:00:00 AM,35.46,24.49,0,0,76.685486,40.82237,0,0,19.974998,7.4243097,971.3943,35.977566,77.1523,77,39.23851,0,0,0,0,0,0,0,0,0,0,0,0,0,0,0,0,10,18,13,5,7,5,19,24,
..\..\..\files\Weather\MIRA\daily\AN001_Agugliano.csv,7/14/2023 12:00:00 AM,33.18,23.16,0,0,83.52869,46.599697,0,0,18.17,9.246402,980.6407,36.320026,77.16102,77,39.19491,0,0,0,0,0,0,0,0,0,0,0,0,0,0,0,0,10,18,13,5,7,5,19,24,
..\..\..\files\Weather\MIRA\daily\AN001_Agugliano.csv,7/15/2023 12:00:00 AM,32.33,23.28,0,0,87.37006,51.50367,0,0,17.805,9.559778,990.20044,36.67409,77.170044,77,39.14978,0,0,0,0,0,0,0,0,0,0,0,0,0,0,0,0,10,18,13,5,7,5,19,24,
..\..\..\files\Weather\MIRA\daily\AN001_Agugliano.csv,7/16/2023 12:00:00 AM,33.53,22.73,0,0,81.13073,43.24206,0,0,18.13,9.281652,999.4821,37.017857,77.1788,77,39.105988,0,0,0,0,0,0,0,0,0,1,1,0,0,0,1,1,10,18,13,5,7,5,19,24,
..\..\..\files\Weather\MIRA\daily\AN001_Agugliano.csv,7/17/2023 12:00:00 AM,37.59,23.77,0,0,66.36767,30.110031,0,0,20.68,6.590352,1006.07245,37.261944,77.18502,77,39.074898,0,0,0,0,0,0,0,0,0,0,0,0,0,0,0,0,10,18,13,5,7,5,19,24,
..\..\..\files\Weather\MIRA\daily\AN001_Agugliano.csv,7/18/2023 12:00:00 AM,38.31,23.33,0,0,63.833416,26.613995,0,0,20.82,6.4166155,1012.4891,37.499596,77.19107,77,39.044647,0,0,0,0,0,0,0,0,0,1,1,0,0,0,1,1,10,18,13,5,7,5,19,24,
..\..\..\files\Weather\MIRA\daily\AN001_Agugliano.csv,7/19/2023 12:00:00 AM,36.75,24.41,0,0,71.077255,35.079887,0,0,20.58,6.712805,1019.2019,37.74822,77.19741,77,39.012947,0,0,0,0,0,0,0,0,0,0,0,0,0,0,0,0,10,18,13,5,7,5,19,24,
..\..\..\files\Weather\MIRA\daily\AN001_Agugliano.csv,7/20/2023 12:00:00 AM,36.64,23.95,0,0,71.95002,34.117226,0,0,20.295,7.0542507,1026.2561,38.009487,77.20406,77,38.979683,0,0,0,0,0,0,0,0,0,0,0,0,0,0,0,0,10,18,13,5,7,5,19,24,
..\..\..\files\Weather\MIRA\daily\AN001_Agugliano.csv,7/21/2023 12:00:00 AM,34.19,23.16,0,0,79.28348,41.802925,0,0,18.675,8.782184,1035.0383,38.334755,77.21235,77,38.938255,0,0,0,0,0,0,0,0,0,0,0,0,0,0,0,0,10,18,13,5,7,5,19,24,
..\..\..\files\Weather\MIRA\daily\AN001_Agugliano.csv,7/22/2023 12:00:00 AM,35,24.49,0,0,78.64558,42.94413,0,0,19.744999,7.68157,1042.7198,38.61925,77.2196,77,38.902016,0,0,0,0,0,0,0,0,0,0,0,0,0,0,0,0,10,18,13,5,7,5,19,24,
..\..\..\files\Weather\MIRA\daily\AN001_Agugliano.csv,7/23/2023 12:00:00 AM,33.74,23.3,0,0,81.47405,44.42433,0,0,18.52,8.928443,1051.6483,38.949936,77.22803,77,38.859863,0,0,0,0,0,0,0,0,0,1,1,1,0,0,0,1,10,18,13,5,7,5,19,24,
..\..\..\files\Weather\MIRA\daily\AN001_Agugliano.csv,7/24/2023 12:00:00 AM,33.92,22.07,0,0,78.104836,39.129505,0,0,17.994999,9.398975,1061.0472,39.298046,78.00099,78,34.99504,0,0,0,0,0,0,0,0,0,0,0,0,0,0,0,0,10,18,13,5,7,5,19,24,
..\..\..\files\Weather\MIRA\daily\AN001_Agugliano.csv,7/25/2023 12:00:00 AM,36.64,23.05,0,0,68.878296,31.511623,0,0,19.845,7.5706143,1068.6178,39.578438,78.006775,78,34.966125,0,0,0,0,0,0,0,0,0,0,0,0,0,0,0,0,10,18,13,5,7,5,19,24,
..\..\..\files\Weather\MIRA\daily\AN001_Agugliano.csv,7/26/2023 12:00:00 AM,35.3,21.2037,0,0,84.58725,35.977066,0,0,18.25185,9.173574,1077.7914,39.918198,78.01378,78,34.931107,0,0,0,0,0,0,0,0,0,0,0,0,0,0,0,0,10,18,13,5,7,5,19,24,
..\..\..\files\Weather\MIRA\daily\AN001_Agugliano.csv,7/27/2023 12:00:00 AM,29.21,18.603758,0.27916667,4,92.06684,52.51447,0,0,13.906879,11.733114,1089.5245,40.35276,78.022736,78,34.886322,0,0,0,0,0,0,0,0,0,0,0,0,0,0,0,0,10,18,13,5,7,5,19,24,
..\..\..\files\Weather\MIRA\daily\AN001_Agugliano.csv,7/28/2023 12:00:00 AM,29,16.82,6.4208336,23,85.8048,41.016434,0,0,12.91,11.938982,1101.4635,40.794945,78.03185,78,34.840736,0,1,1,0,0,0,1,1,0,0,0,0,0,0,0,0,10,19,14,5,7,5,20,25,
..\..\..\files\Weather\MIRA\daily\AN001_Agugliano.csv,7/29/2023 12:00:00 AM,31.15,18.15,0,0,80.70323,37.085308,0,0,14.65,11.485998,1112.9495,41.22035,78.04063,78,34.796867,0,0,0,0,0,0,0,0,0,0,0,0,0,0,0,0,10,19,14,5,7,5,20,25,
..\..\..\files\Weather\MIRA\daily\AN001_Agugliano.csv,7/30/2023 12:00:00 AM,32.13,20.96,0,0,83.04055,42.98137,0,0,16.545,10.498018,1123.4475,41.60917,78.048645,78,34.756775,0,0,0,0,0,0,0,0,0,0,0,0,0,0,0,0,10,19,14,5,7,5,20,25,
..\..\..\files\Weather\MIRA\daily\AN001_Agugliano.csv,7/31/2023 12:00:00 AM,31.93,22.02,0,0,86.21562,48.158844,0,0,16.975,10.202924,1133.6504,41.987053,78.056435,78,34.717827,0,0,0,0,0,0,0,0,0,0,0,0,0,0,0,0,10,19,14,5,7,5,20,25,
..\..\..\files\Weather\MIRA\daily\AN001_Agugliano.csv,8/1/2023 12:00:00 AM,32.38,21.26,0,0,82.684364,42.9813,0,0,16.82,10.312302,1143.9626,42.368988,78.06431,78,34.67846,0,0,0,0,0,0,0,0,0,0,0,0,0,0,0,0,10,19,14,5,7,5,20,25,
..\..\..\files\Weather\MIRA\daily\AN001_Agugliano.csv,8/2/2023 12:00:00 AM,32.59,22.030003,0,0,83.5145,44.970116,0,0,17.310001,9.954979,1153.9176,42.73769,78.071915,78,34.640427,0,0,0,0,0,0,0,0,0,0,0,0,0,0,0,0,10,19,14,5,7,5,20,25,
..\..\..\files\Weather\MIRA\daily\AN001_Agugliano.csv,8/3/2023 12:00:00 AM,32.58,21.34,0,0,82.04315,42.376938,0,0,16.960001,10.213656,1164.1312,43.11597,78.07971,78,34.60144,0,0,0,0,0,0,0,0,0,0,0,0,0,0,0,0,10,19,14,5,7,5,20,25,
..\..\..\files\Weather\MIRA\daily\AN001_Agugliano.csv,8/4/2023 12:00:00 AM,34.61,20.11472,0.79583335,1,76.14998,37.68578,0,0,17.36236,9.914801,1174.046,43.483185,78.08728,78,34.5636,0,0,0,0,0,0,0,0,0,0,0,0,0,0,0,0,10,19,14,5,7,5,20,25,
..\..\..\files\Weather\MIRA\daily\AN001_Agugliano.csv,8/5/2023 12:00:00 AM,30.4,17.372011,18.545834,24,96.1568,40.81862,0,0,13.886005,11.738903,1185.7849,43.91796,78.096245,78,34.518776,1,1,1,0,0,0,1,1,0,0,0,0,0,0,0,0,11,20,15,5,7,5,21,26,
..\..\..\files\Weather\MIRA\daily\AN001_Agugliano.csv,8/6/2023 12:00:00 AM,23.619999,16.3,5.5583334,23,100,65.39736,0,0,9.959999,11.689302,1197.4742,44.3509,78.10517,78,34.474144,1,1,1,0,0,0,1,1,0,0,0,0,0,0,0,0,12,21,16,5,7,5,22,27,
..\..\..\files\Weather\MIRA\daily\AN001_Agugliano.csv,8/7/2023 12:00:00 AM,28.86,17.1,0,0,86.973045,42.66385,0,0,12.98,11.929253,1209.4034,44.79272,78.11428,78,34.428596,0,0,0,0,0,0,0,0,0,0,0,0,0,0,0,0,12,21,16,5,7,5,22,27,
..\..\..\files\Weather\MIRA\daily\AN001_Agugliano.csv,8/8/2023 12:00:00 AM,27.34,16.5,0,1,91.05007,46.975456,0,0,11.92,11.999526,1221.403,45.23715,78.12344,78,34.382782,0,0,0,0,0,0,0,0,0,0,0,0,0,0,0,0,12,21,16,5,7,5,22,27,
..\..\..\files\Weather\MIRA\daily\AN001_Agugliano.csv,8/9/2023 12:00:00 AM,29.630001,15.660001,0,0,80.837616,34.605778,0,0,12.645,11.969311,1233.3723,45.680458,78.13258,78,34.337082,0,0,0,0,0,0,0,0,0,0,0,0,0,0,0,0,12,21,16,5,7,5,22,27,
..\..\..\files\Weather\MIRA\daily\AN001_Agugliano.csv,8/10/2023 12:00:00 AM,29.399998,17.77,0,0,86.518326,42.914543,0,0,13.584999,11.815381,1245.1877,46.118065,78.14161,78,34.291954,0,0,0,0,0,0,0,0,0,0,0,0,0,0,0,0,12,21,16,5,7,5,22,27,
..\..\..\files\Weather\MIRA\daily\AN001_Agugliano.csv,8/11/2023 12:00:00 AM,29.119999,17.84,0,0,87.73323,44.422005,0,0,13.48,11.838965,1257.0267,46.556545,78.15065,78,34.24675,0,0,0,0,0,0,0,0,0,0,0,0,0,0,0,0,12,21,16,5,7,5,22,27,
..\..\..\files\Weather\MIRA\daily\AN001_Agugliano.csv,8/12/2023 12:00:00 AM,29.61,18.690002,0,0,87.85439,45.61247,0,0,14.150002,11.661034,1268.6877,46.988434,78.15955,78,34.202232,0,0,0,0,0,0,0,0,0,1,1,0,0,0,1,1,12,21,16,5,7,5,22,27,
..\..\..\files\Weather\MIRA\daily\AN001_Agugliano.csv,8/13/2023 12:00:00 AM,30.6,17.72,0,0,81.8549,37.777912,0,0,14.16,11.6578865,1280.3456,47.420208,78.16846,78,34.157715,0,0,0,0,0,0,0,0,0,0,0,0,0,0,0,0,12,21,16,5,7,5,22,27,
..\..\..\files\Weather\MIRA\daily\AN001_Agugliano.csv,8/14/2023 12:00:00 AM,31.48,19.490002,0,0,82.387764,40.400555,0,0,15.485001,11.113708,1291.4592,47.831825,78.17695,78,34.115257,0,0,0,0,0,0,0,0,0,0,0,0,0,0,0,0,12,21,16,5,7,5,22,27,
..\..\..\files\Weather\MIRA\daily\AN001_Agugliano.csv,8/15/2023 12:00:00 AM,30.79,18.74,0,0,83.414566,40.600147,0,0,14.764999,11.440655,1302.8999,48.25555,78.185684,78,34.07158,0,0,0,0,0,0,0,0,0,0,0,0,0,0,0,0,12,21,16,5,7,5,22,27,
..\..\..\files\Weather\MIRA\daily\AN001_Agugliano.csv,8/16/2023 12:00:00 AM,31.369999,19.09,0,0,81.932465,39.434795,0,0,15.23,11.237977,1314.138,48.671776,79.002975,79,29.985123,0,0,0,0,0,0,0,0,0,0,0,0,0,0,0,0,12,21,16,5,7,5,22,27,
..\..\..\files\Weather\MIRA\daily\AN001_Agugliano.csv,8/17/2023 12:00:00 AM,32.06,20.77,0,0,82.904526,42.58057,0,0,16.415,10.582096,1324.7201,49.063705,79.00976,79,29.95121,0,0,0,0,0,0,0,0,0,0,0,0,0,0,0,0,12,21,16,5,7,5,22,27,
..\..\..\files\Weather\MIRA\daily\AN001_Agugliano.csv,8/18/2023 12:00:00 AM,31.78,21.01,0,0,84.570946,44.78701,0,0,16.395,10.594819,1335.315,49.45611,79.016556,79,29.917221,0,0,0,0,0,0,0,0,0,0,0,0,0,0,0,0,12,21,16,5,7,5,22,27,
..\..\..\files\Weather\MIRA\daily\AN001_Agugliano.csv,8/19/2023 12:00:00 AM,32.56,21.21,0,0,81.84069,41.984005,0,0,16.885,10.266846,1345.5818,49.83636,79.02314,79,29.8843,0,0,0,0,0,0,0,0,0,0,0,0,0,0,0,0,12,21,16,5,7,5,22,27,
..\..\..\files\Weather\MIRA\daily\AN001_Agugliano.csv,8/20/2023 12:00:00 AM,32.29,21.43,0,0,83.42624,44.044415,0,0,16.86,10.284399,1355.8662,50.217266,79.02974,79,29.851303,0,0,0,0,0,0,0,0,1,1,1,0,0,0,1,1,12,21,16,5,7,5,22,27,
..\..\..\files\Weather\MIRA\daily\AN001_Agugliano.csv,8/21/2023 12:00:00 AM,31.91,22.69,0,0,87.80337,51.143604,0,0,17.3,9.96261,1365.8289,50.586254,79.036125,79,29.819374,0,0,0,0,0,0,0,0,1,1,1,0,0,0,1,1,12,21,16,5,7,5,22,27,
..\..\..\files\Weather\MIRA\daily\AN001_Agugliano.csv,8/22/2023 12:00:00 AM,34.13,22.45,0,0,78.036476,39.544178,0,0,18.29,9.139309,1374.9681,50.924747,79.041985,79,29.790077,0,0,0,0,0,0,0,0,0,0,0,0,0,0,0,0,12,21,16,5,7,5,22,27,
..\..\..\files\Weather\MIRA\daily\AN001_Agugliano.csv,8/23/2023 12:00:00 AM,33.2,23.25,0,0,83.64074,46.864067,0,0,18.225,9.197567,1384.1656,51.265396,79.04788,79,29.76059,0,0,0,0,0,0,0,0,0,0,0,0,0,0,0,0,12,21,16,5,7,5,22,27,
..\..\..\files\Weather\MIRA\daily\AN001_Agugliano.csv,8/24/2023 12:00:00 AM,36.5,23.39,0,0,70.11753,32.996387,0,0,19.945,7.4582777,1391.6239,51.541626,79.052666,79,29.736671,0,0,0,0,0,0,0,0,0,0,0,0,0,0,0,0,12,21,16,5,7,5,22,27,
..\..\..\files\Weather\MIRA\daily\AN001_Agugliano.csv,8/25/2023 12:00:00 AM,35.98,24.14,0,0,73.77428,37.371445,0,0,20.06,7.327388,1398.9513,51.81301,79.057365,79,29.713173,0,0,0,0,0,0,0,0,0,0,0,0,0,0,0,0,12,21,16,5,7,5,22,27,
..\..\..\files\Weather\MIRA\daily\AN001_Agugliano.csv,8/26/2023 12:00:00 AM,37.73,24.25,0,0,66.7,30.909988,0,0,20.99,6.202034,1405.1533,52.042717,79.06135,79,29.69326,0,0,0,0,0,0,0,0,0,0,0,0,0,0,0,0,12,21,16,5,7,5,22,27,
..\..\..\files\Weather\MIRA\daily\AN001_Agugliano.csv,8/27/2023 12:00:00 AM,37.66,23.420002,0,0,67.42751,28.951916,0,0,20.54,6.7613983,1411.9147,52.293133,79.06568,79,29.671593,0,0,0,0,0,0,0,0,0,0,0,0,0,0,0,0,12,21,16,5,7,5,22,27,
..\..\..\files\Weather\MIRA\daily\AN001_Agugliano.csv,8/28/2023 12:00:00 AM,35.3,21.041998,0.39166665,1,75.42036,37.460682,0,0,18.170998,9.24552,1421.1602,52.635563,79.07161,79,29.641953,0,0,0,0,0,0,0,0,0,0,0,0,0,0,0,0,12,21,16,5,7,5,22,27,
..\..\..\files\Weather\MIRA\daily\AN001_Agugliano.csv,8/29/2023 12:00:00 AM,31.02,17.856567,9.674999,24,98.645676,41.78665,0,0,14.438284,11.564508,1432.7246,53.063877,79.079025,79,29.604874,0,1,1,0,0,0,1,1,0,0,0,0,0,0,0,0,12,22,17,5,7,5,23,28,
..\..\..\files\Weather\MIRA\daily\AN001_Agugliano.csv,8/30/2023 12:00:00 AM,23.489998,16.89,16.1,24,100,69.71631,0,0,10.189999,11.755685,1444.4803,53.499268,84.00384,84,12.490406,1,1,1,0,1,0,1,1,0,0,0,0,0,0,0,0,13,23,18,5,8,5,24,29,
..\..\..\files\Weather\MIRA\daily\AN001_Agugliano.csv,8/31/2023 12:00:00 AM,23.630001,16.270002,17.633333,23,100,65.16442,0,0,9.950001,11.6862335,1456.1666,53.932095,84.01049,84,12.473774,1,1,1,0,1,0,1,1,0,0,0,0,0,0,0,0,14,24,19,5,9,5,25,30,
..\..\..\files\Weather\MIRA\daily\AN001_Agugliano.csv,9/1/2023 12:00:00 AM,27.079998,16.45,0,3,91.84626,47.96141,0,0,11.764999,11.995911,1468.1626,54.376392,84.01733,84,12.456684,1,0,0,0,1,0,0,0,0,0,0,0,0,0,0,0,15,24,19,5,10,5,25,30,
..\..\..\files\Weather\MIRA\daily\AN001_Agugliano.csv,9/2/2023 12:00:00 AM,27.63,16.94,0,3,91.074905,47.506783,0,0,12.285,11.9939995,1480.1566,54.820614,84.02416,84,12.439594,0,0,0,0,0,0,0,0,0,0,0,0,0,0,0,0,15,24,19,5,10,5,25,30,
..\..\..\files\Weather\MIRA\daily\AN001_Agugliano.csv,9/3/2023 12:00:00 AM,29.32,18.16,0,0,87.72595,44.80058,0,0,13.74,11.777639,1491.9342,55.25682,84.030876,84,12.42281,0,0,0,0,0,0,0,0,0,0,0,0,0,0,0,0,15,24,19,5,10,5,25,30,
..\..\..\files\Weather\MIRA\daily\AN001_Agugliano.csv,9/4/2023 12:00:00 AM,30.18,18.650002,0,1,94.86483,42.88768,0,0,14.415001,11.572748,1503.507,55.685444,84.03747,84,12.40633,0,0,0,0,0,0,0,0,0,0,0,0,0,0,0,0,15,24,19,5,10,5,25,30,
..\..\..\files\Weather\MIRA\daily\AN001_Agugliano.csv,9/5/2023 12:00:00 AM,26.7,18.844778,0,9,100,66.06342,0,0,12.772388,11.956017,1515.463,56.128258,88.00151,88,2.4962234,0,0,0,0,0,0,0,0,0,0,0,0,0,0,0,0,15,24,19,5,10,5,25,30,
..\..\..\files\Weather\MIRA\daily\AN001_Agugliano.csv,9/6/2023 12:00:00 AM,25.75,17.66,0,6,99.458275,60.65039,0,0,11.705,11.993555,1527.4565,56.572468,88.00674,88,2.483158,0,0,0,0,0,0,0,0,0,0,0,0,0,0,0,0,15,24,19,5,10,5,25,30,
..\..\..\files\Weather\MIRA\daily\AN001_Agugliano.csv,9/7/2023 12:00:00 AM,27.95,17.51,0,3,91.28406,48.450493,0,0,12.73,11.960705,1539.4172,57.015453,88.01195,88,2.470131,0,0,0,0,0,0,0,0,0,0,0,0,0,0,0,0,15,24,19,5,10,5,25,30,
..\..\..\files\Weather\MIRA\daily\AN001_Agugliano.csv,9/8/2023 12:00:00 AM,28.89,18.56,0,1,90.28966,48.47138,0,0,13.724998,11.781445,1551.1987,57.4518,88.01708,88,2.4572945,0,0,0,0,0,0,0,0,0,0,0,0,0,0,0,0,15,24,19,5,10,5,25,30,
..\..\..\files\Weather\MIRA\daily\AN001_Agugliano.csv,9/9/2023 12:00:00 AM,29.72,18.17,0,0,86.23164,43.060722,0,0,13.945,11.722377,1562.9211,57.885967,88.02219,88,2.4445343,0,0,0,0,0,0,0,0,0,0,0,0,0,0,0,0,15,24,19,5,10,5,25,30,
..\..\..\files\Weather\MIRA\daily\AN001_Agugliano.csv,9/10/2023 12:00:00 AM,29.28,17.49,0,0,86.31971,42.358967,0,0,13.385,11.858921,1574.78,58.325184,88.02735,88,2.4316216,0,0,0,0,0,0,0,0,0,0,0,0,0,0,0,0,15,24,19,5,10,5,25,30,
..\..\..\files\Weather\MIRA\daily\AN001_Agugliano.csv,9/11/2023 12:00:00 AM,30.030003,16.800001,0,0,81.93644,36.8626,0,0,13.415001,11.85276,1586.6328,58.76418,88.03252,88,2.4187088,0,0,0,0,0,0,0,0,0,0,0,0,0,0,0,0,15,24,19,5,10,5,25,30,
..\..\..\files\Weather\MIRA\daily\AN001_Agugliano.csv,9/12/2023 12:00:00 AM,30.920002,16.980001,0,0,78.99416,34.161606,0,0,13.950001,11.720953,1598.3538,59.19829,88.03763,88,2.4059296,0,0,0,0,0,0,0,0,0,0,0,0,0,0,0,0,15,24,19,5,10,5,25,30,
..\..\..\files\Weather\MIRA\daily\AN001_Agugliano.csv,9/13/2023 12:00:00 AM,30.33,17.13,0,0,83.82451,36.82708,0,0,13.73,11.78018,1610.1339,59.63459,88.04276,88,2.393093,0,0,0,0,0,0,0,0,1,1,1,0,1,0,1,1,15,24,19,5,10,5,25,30,
..\..\..\files\Weather\MIRA\daily\AN001_Agugliano.csv,9/14/2023 12:00:00 AM,28.9,19.13,0,3,91.60035,50.928284,0,0,14.014999,11.702113,1621.836,60.068,88.04786,88,2.380352,0,0,0,0,0,0,0,0,1,1,1,0,1,0,1,1,15,24,19,5,10,5,25,30,
..\..\..\files\Weather\MIRA\daily\AN001_Agugliano.csv,9/15/2023 12:00:00 AM,28.400002,19.504528,0.24166667,6,95.32586,57.19882,0,0,13.952265,11.720306,1633.5564,60.502087,88.05296,88,2.3675919,0,0,0,1,0,0,0,0,1,0,0,0,0,0,0,0,15,24,19,6,10,5,25,30,
..\..\..\files\Weather\MIRA\daily\AN001_Agugliano.csv,9/16/2023 12:00:00 AM,26.35,18.33,5.5583334,24,99.04555,60.801357,0,0,12.34,11.991461,1645.5479,60.946213,88.05819,88,2.3545265,0,1,1,1,0,0,1,1,0,0,0,0,0,0,0,0,15,25,20,7,10,5,26,31,
..\..\..\files\Weather\MIRA\daily\AN001_Agugliano.csv,9/17/2023 12:00:00 AM,26.25,18.1,0,6,98.824,60.149734,0,0,12.174999,11.997736,1657.5455,61.39057,88.063416,88,2.3414612,0,0,0,0,0,0,0,0,0,0,0,0,0,0,0,0,15,25,20,7,10,5,26,31,
..\..\..\files\Weather\MIRA\daily\AN001_Agugliano.csv,9/18/2023 12:00:00 AM,28.45,18.16,0,1,90.99235,48.87004,0,0,13.305,11.874709,1669.4203,61.830383,88.068596,88,2.3285103,0,0,0,0,0,0,0,0,0,0,0,0,0,0,0,0,15,25,20,7,10,5,26,31,
..\..\..\files\Weather\MIRA\daily\AN001_Agugliano.csv,9/19/2023 12:00:00 AM,29.46,20.57,0,3,92.84105,54.64112,0,0,15.014999,11.335535,1680.7559,62.250214,88.07353,88,2.3161697,0,0,0,0,0,0,0,0,0,0,0,0,0,0,0,0,15,25,20,7,10,5,26,31,
..\..\..\files\Weather\MIRA\daily\AN001_Agugliano.csv,9/20/2023 12:00:00 AM,30.32,19.67,0.16250001,1,87.3644,46.28723,0,0,14.994999,11.344275,1692.1001,62.670372,88.078476,88,2.3038101,0,0,0,0,0,0,0,0,0,0,0,0,0,0,0,0,15,25,20,7,10,5,26,31,
..\..\..\files\Weather\MIRA\daily\AN001_Agugliano.csv,9/21/2023 12:00:00 AM,27.759998,18.59,3.916667,24,94.58478,54.32812,0,0,13.174999,11.898377,1703.9985,63.111053,88.08366,88,2.2908592,0,0,0,0,0,0,0,1,0,0,0,0,0,0,0,0,15,25,20,7,10,5,26,32,
..\..\..\files\Weather\MIRA\daily\AN001_Agugliano.csv,9/22/2023 12:00:00 AM,27.439999,18.91,4.1208334,23,96.54428,57.642776,0,0,13.174999,11.898377,1715.897,63.551743,88.088844,88,2.2778893,0,0,0,0,0,0,1,1,0,0,0,0,0,0,0,0,15,25,20,7,10,5,27,33,
..\..\..\files\Weather\MIRA\daily\AN001_Agugliano.csv,9/23/2023 12:00:00 AM,29.690002,18.037886,0.35,4,91.864655,53.25607,0,0,13.863945,11.744953,1727.642,63.986744,88.09396,88,2.265091,0,0,0,0,0,0,0,0,0,0,0,0,0,0,0,0,15,25,20,7,10,5,27,33,
..\..\..\files\Weather\MIRA\daily\AN001_Agugliano.csv,9/24/2023 12:00:00 AM,26.36,15.829572,8.604167,24,100,52.14445,0,0,11.094786,11.93915,1739.5812,64.42893,88.09917,88,2.2520828,0,1,1,0,0,0,1,1,0,0,0,0,0,0,0,0,15,26,21,7,10,5,28,34,
..\..\..\files\Weather\MIRA\daily\AN001_Agugliano.csv,9/25/2023 12:00:00 AM,20.14,15.09,12.745833,24,100,79.473434,0,0,7.615,10.546162,1750.1273,64.819534,88.10376,88,2.2406006,1,1,1,0,1,0,1,1,0,0,0,0,0,0,0,0,16,27,22,7,11,5,29,35,
..\..\..\files\Weather\MIRA\daily\AN001_Agugliano.csv,9/26/2023 12:00:00 AM,22.26,15.58,0,8,100,69.22015,0,0,8.92,11.287987,1761.4153,65.2376,88.10868,88,2.2282982,1,0,0,0,1,0,1,0,0,0,0,0,0,0,0,0,17,27,22,7,12,5,30,35,
..\..\..\files\Weather\MIRA\daily\AN001_Agugliano.csv,9/27/2023 12:00:00 AM,25.629997,16.21,0,5,96.23323,53.911327,0,0,10.919998,11.913315,1773.3286,65.67883,88.11387,88,2.2153282,0,0,0,0,0,0,0,0,0,0,0,0,0,0,0,0,17,27,22,7,12,5,30,35,
..\..\..\files\Weather\MIRA\daily\AN001_Agugliano.csv,9/28/2023 12:00:00 AM,26.510002,16.860003,0,5,94.84075,52.565586,0,0,11.685001,11.992652,1785.3213,66.12301,88.119095,88,2.2022629,0,0,0,0,0,0,0,0,0,0,0,0,0,0,0,0,17,27,22,7,12,5,30,35,
..\..\..\files\Weather\MIRA\daily\AN001_Agugliano.csv,9/29/2023 12:00:00 AM,27.09,16.41,0,3,91.71422,47.742634,0,0,11.75,11.995372,1797.3167,66.56728,88.12432,88,2.1891975,0,0,0,0,0,0,0,0,0,0,0,0,0,0,0,0,17,27,22,7,12,5,30,35,
..\..\..\files\Weather\MIRA\daily\AN001_Agugliano.csv,9/30/2023 12:00:00 AM,27.16,14.899999,0,0,87.83871,41.340416,0,0,11.029999,11.930108,1809.2467,67.00914,88.12952,88,2.1762085,0,0,0,0,0,0,0,0,0,0,0,1,0,0,0,0,17,27,22,7,12,5,30,35,
..\..\..\files\Weather\MIRA\daily\AN001_Agugliano.csv,10/1/2023 12:00:00 AM,27.04,14.89,0,0,88.22641,41.789425,0,0,10.965,11.920404,1821.1671,67.45064,88.13471,88,2.1632195,0,0,0,0,0,0,0,0,0,1,1,0,0,0,1,1,17,27,22,7,12,5,30,35,
..\..\..\files\Weather\MIRA\daily\AN001_Agugliano.csv,10/2/2023 12:00:00 AM,26.86,15.3,0,0,89.82901,44.149967,0,0,11.08,11.937141,1833.1042,67.892746,88.139915,88,2.1502113,0,0,0,0,0,0,0,0,0,0,0,0,0,0,0,0,17,27,22,7,12,5,30,35,
..\..\..\files\Weather\MIRA\daily\AN001_Agugliano.csv,10/3/2023 12:00:00 AM,27.92,15.36,0,0,86.284294,40.00915,0,0,11.639999,11.990399,1845.0946,68.33684,88.14514,88,2.137146,0,0,0,0,0,0,0,0,0,0,0,0,0,0,0,0,17,27,22,7,12,5,30,35,
..\..\..\files\Weather\MIRA\daily\AN001_Agugliano.csv,10/4/2023 12:00:00 AM,27.39,15.8,0,0,89.192474,43.87866,0,0,11.594999,11.987846,1857.0824,68.78083,88.15036,88,2.1240997,0,0,0,0,0,0,0,0,0,0,0,0,0,0,0,0,17,27,22,7,12,5,30,35,
..\..\..\files\Weather\MIRA\daily\AN001_Agugliano.csv,10/5/2023 12:00:00 AM,26.720001,16.070002,0,3,92.17799,47.987495,0,0,11.395,11.9728565,1869.0553,69.224266,88.15558,88,2.1110535,0,0,0,0,0,0,0,0,0,0,0,0,0,0,0,0,17,27,22,7,12,5,30,35,
..\..\..\files\Weather\MIRA\daily\AN001_Agugliano.csv,10/6/2023 12:00:00 AM,25.45,15.970001,0,5,96.23308,53.662224,0,0,10.710001,11.876205,1880.9315,69.66413,88.16075,88,2.0981216,0,0,0,0,0,0,0,0,0,0,0,0,0,0,0,0,17,27,22,7,12,5,30,35,
..\..\..\files\Weather\MIRA\daily\AN001_Agugliano.csv,10/7/2023 12:00:00 AM,25.75,15.610001,0,5,94.340996,50.502163,0,0,10.68,11.870363,1892.8019,70.10377,88.165924,88,2.0851898,0,0,0,0,0,0,0,0,0,0,0,0,0,0,0,1,17,27,22,7,12,5,30,35,
..\..\..\files\Weather\MIRA\daily\AN001_Agugliano.csv,10/8/2023 12:00:00 AM,26.18,14.630001,0,1,90.50193,44.344917,0,0,10.405001,11.810475,1904.6123,70.5412,88.171074,88,2.0723152,0,0,0,0,0,0,0,0,0,0,0,0,0,0,1,0,17,27,22,7,12,5,30,35,
..\..\..\files\Weather\MIRA\daily\AN001_Agugliano.csv,10/9/2023 12:00:00 AM,28.33,16.35,0,0,87.15103,42.03594,0,0,12.34,11.991461,1916.6038,70.98532,88.1763,88,2.0592499,0,0,0,0,0,0,0,0,0,0,0,0,0,0,0,1,17,27,22,7,12,5,30,35,
..\..\..\files\Weather\MIRA\daily\AN001_Agugliano.csv,10/10/2023 12:00:00 AM,29.8,16.9,0,0,83.02184,38.088844,0,0,13.349998,11.865945,1928.4697,71.424805,88.181465,88,2.0463371,0,0,0,0,0,0,0,0,0,0,0,0,0,0,0,0,17,27,22,7,12,5,30,35,
..\..\..\files\Weather\MIRA\daily\AN001_Agugliano.csv,10/11/2023 12:00:00 AM,27.190002,15.680001,0,0,89.60348,44.259346,0,0,11.435001,11.976331,1940.446,71.86837,88.18668,88,2.0332909,0,0,0,0,0,0,0,0,1,1,1,0,1,0,1,1,17,27,22,7,12,5,30,35,
..\..\..\files\Weather\MIRA\daily\AN001_Agugliano.csv,10/12/2023 12:00:00 AM,25.73,15.450001,0,3,94.01121,49.8712,0,0,10.59,11.852019,1952.2981,72.307335,88.19185,88,2.020378,0,0,0,0,0,0,0,0,0,0,0,0,0,0,0,0,17,27,22,7,12,5,30,35,
..\..\..\files\Weather\MIRA\daily\AN001_Agugliano.csv,10/13/2023 12:00:00 AM,26,15.130001,0,3,92.32419,47.21878,0,0,10.565001,11.846708,1964.1448,72.7461,88.197014,88,2.0074654,0,0,0,0,0,0,0,0,0,0,0,0,0,0,0,0,17,27,22,7,12,5,30,35,
..\..\..\files\Weather\MIRA\daily\AN001_Agugliano.csv,10/14/2023 12:00:00 AM,25.72,15.76,0,5,94.81287,51.33578,0,0,10.74,11.881912,1976.0267,73.18618,88.20219,88,1.9945335,0,0,0,0,0,0,0,0,0,0,0,0,0,0,0,0,17,27,22,7,12,5,30,35,
..\..\..\files\Weather\MIRA\daily\AN001_Agugliano.csv,10/15/2023 12:00:00 AM,26.68,15.12,0,1,90.0091,44.195263,0,0,10.9,11.910067,1987.9368,73.62729,88.20738,88,1.9815445,0,0,0,0,0,0,0,0,0,0,0,0,0,0,0,0,17,27,22,7,12,5,30,35,
..\..\..\files\Weather\MIRA\daily\AN001_Agugliano.csv,10/16/2023 12:00:00 AM,26.600002,13.733225,0.175,4,96.344696,49.740047,0,0,10.166615,11.749303,1999.686,74.06244,88.2125,88,1.9687462,0,0,0,0,0,0,0,0,0,0,0,0,0,0,0,0,17,27,22,7,12,5,30,35,
..\..\..\files\Weather\MIRA\daily\AN001_Agugliano.csv,10/17/2023 12:00:00 AM,19.93,12.598714,4.025,24,100,65.01688,0,0,6.2643566,9.49112,2009.1771,74.41397,88.21664,88,1.9584084,0,0,0,0,0,0,0,1,0,0,0,0,0,0,0,0,17,27,22,7,12,5,30,36,
..\..\..\files\Weather\MIRA\daily\AN001_Agugliano.csv,10/18/2023 12:00:00 AM,19.76,11.370001,0.037499998,7,100,58.512688,0,0,5.5650005,8.826263,2018.0034,74.74087,88.22048,88,1.9487953,0,0,0,0,0,0,0,0,0,0,0,0,0,0,0,0,17,27,22,7,12,5,30,36,
..\..\..\files\Weather\MIRA\daily\AN001_Agugliano.csv,10/19/2023 12:00:00 AM,18.94,11.5,1.0124999,24,100,63.40028,0,0,5.2200003,8.467631,2026.4711,75.05448,88.22417,88,1.9395828,0,0,0,0,0,0,0,1,0,0,0,0,0,0,0,0,17,27,22,7,12,5,30,37,
..\..\..\files\Weather\MIRA\daily\AN001_Agugliano.csv,10/20/2023 12:00:00 AM,22.95,13.380001,3.4499998,23,97.37335,53.37262,0,0,8.165001,10.891544,2037.3627,75.45788,88.22892,88,1.9277,0,0,0,0,0,0,0,1,0,0,0,0,0,0,0,0,17,27,22,7,12,5,30,38,
..\..\..\files\Weather\MIRA\daily\AN001_Agugliano.csv,10/21/2023 12:00:00 AM,29.27,17.115059,0,1,100,42.66964,0,0,13.19253,11.89533,2049.258,75.898445,88.2341,88,1.9147491,0,0,0,0,0,0,0,0,0,0,0,0,0,0,0,0,17,27,22,7,12,5,30,38,
..\..\..\files\Weather\MIRA\daily\AN001_Agugliano.csv,10/22/2023 12:00:00 AM,22.39,15.349852,0,10,100,72.37667,0,0,8.869926,11.264451,2060.5225,76.31565,88.239006,88,1.9024849,0,0,0,0,0,0,0,0,0,0,0,0,0,0,0,0,17,27,22,7,12,5,30,38,
..\..\..\files\Weather\MIRA\daily\AN001_Agugliano.csv,10/23/2023 12:00:00 AM,23.8,13.665135,0,5,96.22125,51.827675,0,0,8.732567,11.197885,2071.7205,76.730385,88.24389,88,1.8902779,0,0,0,0,0,0,0,0,0,0,0,0,0,0,0,0,17,27,22,7,12,5,30,38,
..\..\..\files\Weather\MIRA\daily\AN001_Agugliano.csv,10/24/2023 12:00:00 AM,23.370003,12.000001,0.73333335,4,92.66763,45.237213,0,0,7.6850014,10.592795,2082.3132,77.12271,88.248505,88,1.8787384,0,0,0,0,0,0,0,0,0,0,0,0,0,0,0,0,17,27,22,7,12,5,30,38,
..\..\..\files\Weather\MIRA\daily\AN001_Agugliano.csv,10/25/2023 12:00:00 AM,24.260002,15.070001,17.145834,24,99.38157,55.261463,0,0,9.665001,11.592349,2093.9055,77.552055,88.253555,88,1.8661118,1,0,1,0,0,0,1,1,0,0,0,0,0,0,0,0,18,27,23,7,12,5,31,39,
..\..\..\files\Weather\MIRA\daily\AN001_Agugliano.csv,10/26/2023 12:00:00 AM,21.89,15.400001,6.4208336,24,100,70.35573,0,0,8.645,11.1539135,2105.0593,77.96516,88.258415,88,1.853962,1,0,1,0,0,0,1,1,0,0,0,0,0,0,0,0,19,27,24,7,12,5,32,40,
..\..\..\files\Weather\MIRA\daily\AN001_Agugliano.csv,10/27/2023 12:00:00 AM,22.52,14.77,0.10833333,9,100,62.916733,0,0,0,0,0,0,0,0,0,0,0,0,0,0,0,0,0,0,0,0,0,0,0,0,0,0,0,0,0,0,0,0,0,
..\..\..\files\Weather\MIRA\daily\AN001_Agugliano.csv,10/28/2023 12:00:00 AM,23.67,15.676836,2.4916666,24,100,64.756744,0,0,0,0,0,0,0,0,0,0,0,0,0,0,0,0,1,0,0,0,0,0,0,0,0,0,0,0,0,0,0,0,1,
..\..\..\files\Weather\MIRA\daily\AN001_Agugliano.csv,10/29/2023 12:00:00 AM,23.41,14.286051,0,6,98.529945,55.940956,0,0,0,0,0,0,0,0,0,0,0,0,0,0,0,0,0,0,0,0,0,0,0,0,0,0,0,0,0,0,0,0,0,
..\..\..\files\Weather\MIRA\daily\AN001_Agugliano.csv,10/30/2023 12:00:00 AM,23.53,12.7,0,3,93.97563,47.5742,0,0,0,0,0,0,0,0,0,0,0,0,0,0,0,0,0,0,0,0,0,0,0,0,0,0,0,0,0,0,0,0,0,
..\..\..\files\Weather\MIRA\daily\AN001_Agugliano.csv,10/31/2023 12:00:00 AM,26.15,14.560311,0.44583333,4,93.7627,50.000088,0,0,0,0,0,0,0,0,0,0,0,0,0,0,0,0,0,0,0,0,0,0,0,0,0,0,0,0,0,0,0,0,0,
..\..\..\files\Weather\MIRA\daily\AN001_Agugliano.csv,11/1/2023 12:00:00 AM,22.78,12.254868,10.254167,24,97.2624,53.06142,0,0,0,0,0,0,0,0,0,1,0,1,0,0,0,1,1,0,0,0,0,0,0,0,0,1,0,1,0,0,0,1,1,
..\..\..\files\Weather\MIRA\daily\AN001_Agugliano.csv,11/2/2023 12:00:00 AM,19.86,10.950001,0.32083333,7,98.85776,55.80133,0,0,0,0,0,0,0,0,0,0,0,0,0,0,0,0,0,0,0,0,0,0,0,0,0,0,0,0,0,0,0,0,0,
..\..\..\files\Weather\MIRA\daily\AN001_Agugliano.csv,11/3/2023 12:00:00 AM,21.45,12.274453,8.675,24,98.62215,55.18422,0,0,0,0,0,0,0,0,0,0,0,1,0,0,0,1,1,0,0,0,0,0,0,0,0,0,0,1,0,0,0,1,1,
..\..\..\files\Weather\MIRA\daily\AN001_Agugliano.csv,11/4/2023 12:00:00 AM,20.46,10.793152,30.1375,24,97.29179,52.636112,0,0,0,0,0,0,0,0,0,1,0,1,0,1,0,1,1,0,0,0,0,0,0,0,0,1,0,1,0,1,0,1,1,
..\..\..\files\Weather\MIRA\daily\AN001_Agugliano.csv,11/5/2023 12:00:00 AM,18.33,9.5,8.2,24,98.117325,55.299843,-0.48584366,-0.48584366,0,0,0,0,0,0,0,1,0,1,0,1,0,1,1,0,0,0,0,0,0,0,0,1,0,1,0,1,0,1,1,
..\..\..\files\Weather\MIRA\daily\AN001_Agugliano.csv,11/6/2023 12:00:00 AM,21.28,13.036584,12.266667,24,100,60.823566,-0.48584366,0,0,0,0,0,0,0,0,1,0,1,0,1,0,1,1,0,0,0,0,0,0,0,0,1,0,1,0,1,0,1,1,
..\..\..\files\Weather\MIRA\daily\AN001_Agugliano.csv,11/7/2023 12:00:00 AM,20.71,11.720001,0.3791667,7,98.931915,55.75905,-0.48584366,0,0,0,0,0,0,0,0,1,0,0,0,0,0,0,0,0,0,0,0,0,0,0,0,1,0,0,0,0,0,0,0,
..\..\..\files\Weather\MIRA\daily\AN001_Agugliano.csv,11/8/2023 12:00:00 AM,18.12,10.2829,8.720834,23,100,68.79178,-0.48584366,0,0,0,0,0,0,0,0,0,0,1,0,0,0,1,1,0,0,0,0,0,0,0,0,0,0,1,0,0,0,1,1,
..\..\..\files\Weather\MIRA\daily\AN001_Agugliano.csv,11/9/2023 12:00:00 AM,17.76,8.690194,0,5,97.80289,55.241375,-1.7010729,-1.2152293,0,0,0,0,0,0,0,0,0,0,0,0,0,0,0,0,0,0,0,0,0,0,0,0,0,0,0,0,0,0,0,
..\..\..\files\Weather\MIRA\daily\AN001_Agugliano.csv,11/10/2023 12:00:00 AM,17.9,7.1100006,0.38333333,4,96.52381,45.575928,-4.204043,-2.50297,0,0,0,0,0,0,0,0,0,0,0,0,0,0,0,0,0,0,0,0,0,0,0,0,0,0,0,0,0,0,0,
..\..\..\files\Weather\MIRA\daily\AN001_Agugliano.csv,11/11/2023 12:00:00 AM,15.08,8.8686695,9.070833,24,100,69.56026,-5.232343,-1.0283003,0,0,0,0,0,0,0,0,0,1,0,0,0,1,0,0,0,0,0,0,0,0,0,0,0,1,0,0,0,1,0,
..\..\..\files\Weather\MIRA\daily\AN001_Agugliano.csv,11/12/2023 12:00:00 AM,15.68,7.7000003,5.8458333,24,97.39024,57.477196,-7.2008896,-1.9685466,0,0,0,0,0,0,0,0,0,1,0,0,0,1,0,0,0,0,0,0,0,0,0,0,0,1,0,0,0,1,0,
..\..\..\files\Weather\MIRA\daily\AN001_Agugliano.csv,11/13/2023 12:00:00 AM,14.35,7.6800003,0,6,98.767944,63.413174,-9.117411,-1.9165215,0,0,0,0,0,0,0,0,0,0,0,0,0,0,0,0,0,0,0,0,0,0,0,0,0,0,0,0,0,0,0,
..\..\..\files\Weather\MIRA\daily\AN001_Agugliano.csv,11/14/2023 12:00:00 AM,16.59,6.26,0,4,92.363754,46.597782,-12.180372,-3.062962,0,0,0,0,0,0,0,0,0,0,0,0,0,0,0,0,0,0,0,0,0,0,0,0,0,0,0,0,0,0,0,
..\..\..\files\Weather\MIRA\daily\AN001_Agugliano.csv,11/15/2023 12:00:00 AM,20.17,11.18,0,6,98.77078,55.533897,-12.180372,0,0,0,0,0,0,0,0,0,0,0,0,0,0,0,0,0,0,0,0,0,0,0,0,0,0,0,0,0,0,0,0,
..\..\..\files\Weather\MIRA\daily\AN001_Agugliano.csv,11/16/2023 12:00:00 AM,19.33,9.800001,0,5,96.954765,52.379196,-12.378273,-0.1979003,0,0,0,0,0,0,0,0,0,0,0,0,0,0,0,0,0,0,0,0,0,0,0,0,0,0,0,0,0,0,0,
..\..\..\files\Weather\MIRA\daily\AN001_Agugliano.csv,11/17/2023 12:00:00 AM,19.02,8.34,0,3,93.746445,46.790882,-13.9092655,-1.5309925,0,0,0,0,0,0,0,0,0,0,0,0,0,0,0,0,0,0,0,0,0,0,0,0,0,0,0,0,0,0,0,
..\..\..\files\Weather\MIRA\daily\AN001_Agugliano.csv,11/18/2023 12:00:00 AM,18.73,8.259468,0,5,95.96077,50.89621,-15.505132,-1.5958664,0,0,0,0,0,0,0,0,0,0,0,0,0,0,0,0,0,0,0,0,0,0,0,0,0,0,0,0,0,0,0,
..\..\..\files\Weather\MIRA\daily\AN001_Agugliano.csv,11/19/2023 12:00:00 AM,15.6,7,0,5,95.61211,54.06616,-17.981876,-2.4767442,0,0,0,0,0,0,0,0,0,0,0,0,0,0,0,0,0,0,0,0,0,0,0,0,0,0,0,0,0,0,0,
..\..\..\files\Weather\MIRA\daily\AN001_Agugliano.csv,11/20/2023 12:00:00 AM,16.83,5.6800003,0,1,90.50289,43.200066,-21.464996,-3.483121,0,0,0,0,0,0,0,0,0,0,0,0,0,0,0,0,0,0,0,0,0,0,0,0,0,0,0,0,0,0,0,
..\..\..\files\Weather\MIRA\daily\AN001_Agugliano.csv,11/21/2023 12:00:00 AM,16.96,8.27,0.29583332,6,98.46612,54.93685,-23.022793,-1.557796,0,0,0,0,0,0,0,0,0,0,0,0,0,0,0,0,0,0,0,0,0,0,0,0,0,0,0,0,0,0,0,
..\..\..\files\Weather\MIRA\daily\AN001_Agugliano.csv,11/22/2023 12:00:00 AM,14.77,9.6,7.7999997,24,100,73.71135,-23.407318,-0.38452578,0,0,0,0,0,0,0,0,0,1,0,0,0,1,0,0,0,0,0,0,0,0,0,0,0,1,0,0,0,1,0,
..\..\..\files\Weather\MIRA\daily\AN001_Agugliano.csv,11/23/2023 12:00:00 AM,14.82,8.065697,23.05,24,100,73.16199,-25.064648,-1.6573296,0,0,0,0,0,0,0,1,0,1,0,1,0,1,0,0,0,0,0,0,0,0,0,1,0,1,0,1,0,1,0,
..\..\..\files\Weather\MIRA\daily\AN001_Agugliano.csv,11/24/2023 12:00:00 AM,14.51,6.9600005,3.3541665,23,96.67471,58.47789,-27.49262,-2.4279735,0,0,0,0,0,0,0,1,0,0,0,1,0,1,0,0,0,0,0,0,0,0,0,1,0,0,0,1,0,1,0,
..\..\..\files\Weather\MIRA\daily\AN001_Agugliano.csv,11/25/2023 12:00:00 AM,13.56,4.9607253,0.14166667,6,95.07329,57.528187,-31.055359,-3.562738,0,0,0,0,0,0,0,0,0,0,0,0,0,0,0,0,0,0,0,0,0,0,0,0,0,0,0,0,0,0,0,
..\..\..\files\Weather\MIRA\daily\AN001_Agugliano.csv,11/26/2023 12:00:00 AM,12.6,3.6499996,3.2583332,23,89.20778,48.542297,-35.152706,-4.097347,0,0,0,0,0,0,0,0,0,0,0,0,0,0,0,0,0,0,0,0,0,0,0,0,0,0,0,0,0,0,0,
..\..\..\files\Weather\MIRA\daily\AN001_Agugliano.csv,11/27/2023 12:00:00 AM,12.67,2.62,0.34583333,1,86.47826,43.548214,-39.823036,-4.6703286,0,0,0,0,0,0,0,0,0,0,0,0,0,0,0,0,0,0,0,0,0,0,0,0,0,0,0,0,0,0,0,
..\..\..\files\Weather\MIRA\daily\AN001_Agugliano.csv,11/28/2023 12:00:00 AM,12.1,2.0299997,8.275,24,85.17925,42.6978,-44.63907,-4.816033,0,0,0,0,0,0,0,0,0,0,0,0,0,0,0,0,0,0,0,0,0,0,0,0,0,0,0,0,0,0,0,
..\..\..\files\Weather\MIRA\daily\AN001_Agugliano.csv,11/29/2023 12:00:00 AM,12.12,4.21,7.3791666,23,90.88661,53.090763,-48.30997,-3.670904,0,0,0,0,0,0,0,0,0,0,0,0,1,1,0,0,0,0,0,0,0,0,0,0,0,0,0,0,1,1,0,
..\..\..\files\Weather\MIRA\daily\AN001_Agugliano.csv,11/30/2023 12:00:00 AM,12.5,3.29,0,0,88.307434,47.155155,-52.575665,-4.265695,0,0,0,0,0,0,0,0,0,0,0,0,0,0,0,0,0,0,0,0,0,0,0,0,0,0,0,0,0,0,0,
..\..\..\files\Weather\MIRA\daily\AN001_Agugliano.csv,12/1/2023 12:00:00 AM,15.33,4.92,0,1,90.4106,45.04742,-56.416164,-3.8404994,0,0,0,0,0,0,0,0,0,0,0,0,0,0,0,0,0,0,0,0,0,0,0,0,0,0,0,0,0,0,0,
..\..\..\files\Weather\MIRA\daily\AN001_Agugliano.csv,12/2/2023 12:00:00 AM,21.51,10.190001,0.36666667,4,100,45.085957,-56.416164,0,0,0,0,0,0,0,0,0,0,0,0,0,0,0,0,0,0,0,0,0,0,0,0,0,0,0,0,0,0,0,0,
..\..\..\files\Weather\MIRA\daily\AN001_Agugliano.csv,12/3/2023 12:00:00 AM,18.5,6.9913316,8.525001,24,100,86.22525,-59.03156,-2.6153958,0,0,0,0,0,0,0,0,0,1,0,0,1,1,1,0,0,0,0,0,0,0,0,0,0,1,0,0,1,1,1,
..\..\..\files\Weather\MIRA\daily\AN001_Agugliano.csv,12/4/2023 12:00:00 AM,11.72,3.2901337,2.3083334,24,96.28661,66.23497,-63.071022,-4.039462,0,0,0,0,0,0,0,0,0,0,0,0,0,0,0,0,0,0,0,0,0,0,0,0,0,0,0,0,0,0,0,
..\..\..\files\Weather\MIRA\daily\AN001_Agugliano.csv,12/5/2023 12:00:00 AM,10.11,2.12,4.9,24,89.88634,49.316235,-67.06526,-3.9942427,0,0,0,0,0,0,0,0,0,0,0,0,0,1,0,0,0,0,0,0,0,0,0,0,0,0,0,0,0,1,0,
..\..\..\files\Weather\MIRA\daily\AN001_Agugliano.csv,12/6/2023 12:00:00 AM,8.98,5.17,6.8999996,23,93.43818,71.96068,-68.97026,-1.9049997,0,0,0,0,0,0,0,0,0,0,0,0,0,0,0,0,0,0,0,0,0,0,0,0,0,0,0,0,0,0,0,
..\..\..\files\Weather\MIRA\daily\AN001_Agugliano.csv,12/7/2023 12:00:00 AM,11.34,3.6093943,0,5,93.33756,60.87728,-72.71943,-3.749167,0,0,0,0,0,0,0,0,0,0,0,0,0,0,0,0,0,0,0,0,0,0,0,0,0,0,0,0,0,0,0,
..\..\..\files\Weather\MIRA\daily\AN001_Agugliano.csv,12/8/2023 12:00:00 AM,12.29,1.4782993,0.054166663,1,85.343025,42.520718,-77.88276,-5.1633306,0,0,0,0,0,0,0,0,0,0,0,0,0,0,0,0,0,0,0,0,0,0,0,0,0,0,0,0,0,0,0,
..\..\..\files\Weather\MIRA\daily\AN001_Agugliano.csv,12/9/2023 12:00:00 AM,9.22,0.14999962,1.3874999,24,88.82422,42.657238,-82.41776,-4.5350003,0,0,0,0,0,0,0,0,0,0,0,0,0,0,0,0,0,0,0,0,0,0,0,0,0,0,0,0,0,0,0,
..\..\..\files\Weather\MIRA\daily\AN001_Agugliano.csv,12/10/2023 12:00:00 AM,10.98,5.31,3.2583332,23,94.085464,63.99613,-85.16807,-2.7503083,0,0,0,0,0,0,0,0,0,0,0,0,0,0,0,0,0,0,0,0,0,0,0,0,0,0,0,0,0,0,0,
..\..\..\files\Weather\MIRA\daily\AN001_Agugliano.csv,12/11/2023 12:00:00 AM,12.59,4.72,0,3,92.04356,54.026276,-88.67689,-3.5088181,0,0,0,0,0,0,0,0,0,0,0,0,0,0,0,0,0,0,0,0,0,0,0,0,0,0,0,0,0,0,0,
..\..\..\files\Weather\MIRA\daily\AN001_Agugliano.csv,12/12/2023 12:00:00 AM,11.53,3.63,0,1,96.38025,52.19933,-92.47873,-3.8018417,0,0,0,0,0,0,0,0,0,0,0,0,0,0,0,0,0,0,0,0,0,0,0,0,0,0,0,0,0,0,0,
..\..\..\files\Weather\MIRA\daily\AN001_Agugliano.csv,12/13/2023 12:00:00 AM,12.99,8.16,0.20833333,9,100,73.27852,-93.968254,-1.4895239,0,0,0,0,0,0,0,0,0,0,0,0,0,0,0,0,0,0,0,0,0,0,0,0,0,0,0,0,0,0,0,
..\..\..\files\Weather\MIRA\daily\AN001_Agugliano.csv,12/14/2023 12:00:00 AM,13.200001,8.982411,4.7916665,24,100,89.32031,-94.86308,-0.8948301,0,0,0,0,0,0,0,0,0,1,0,0,1,0,0,0,0,0,0,0,0,0,0,0,0,1,0,0,1,0,0,
..\..\..\files\Weather\MIRA\daily\AN001_Agugliano.csv,12/15/2023 12:00:00 AM,12.61,8.36,0,11,100,76.72382,-96.18666,-1.3235767,0,0,0,0,0,0,0,0,0,0,0,0,0,0,0,0,0,0,0,0,0,0,0,0,0,0,0,0,0,0,0,
..\..\..\files\Weather\MIRA\daily\AN001_Agugliano.csv,12/16/2023 12:00:00 AM,13.200001,6.9698668,0,9,100,70.48885,-98.47992,-2.2932549,0,0,0,0,0,0,0,0,0,0,0,0,0,0,0,0,0,0,0,0,0,0,0,0,0,0,0,0,0,0,0,
..\..\..\files\Weather\MIRA\daily\AN001_Agugliano.csv,12/17/2023 12:00:00 AM,11.689999,5.223107,0,6,96.240906,66.24332,-101.49254,-3.0126212,0,0,0,0,0,0,0,0,0,0,0,0,0,0,0,0,0,0,0,0,0,0,0,0,0,0,0,0,0,0,0,
..\..\..\files\Weather\MIRA\daily\AN001_Agugliano.csv,12/18/2023 12:00:00 AM,12.41,3.9899998,0,1,90.18965,50.895985,-101.14764,-3.865101,0.344899,0,0,0,0,0,0,0,0,0,0,0,0,0,0,0,0,0,0,0,0,0,0,0,0,0,0,0,0,0,0,
..\..\..\files\Weather\MIRA\daily\AN001_Agugliano.csv,12/19/2023 12:00:00 AM,16.08,4.4600005,0,0,88.32887,40.620094,-99.557,-4.219363,1.590637,0,0,0,0,0,0,0,0,0,0,0,0,0,0,0,0,0,0,0,0,0,0,0,0,0,0,0,0,0,0,
..\..\..\files\Weather\MIRA\daily\AN001_Agugliano.csv,12/20/2023 12:00:00 AM,17.36,4.0499997,0,0,85.51209,35.226665,-97.52208,-4.620079,2.0349212,0,0,0,0,0,0,0,0,0,0,0,0,0,0,0,0,0,0,0,0,0,0,0,0,0,0,0,0,0,0,
..\..\..\files\Weather\MIRA\daily\AN001_Agugliano.csv,12/21/2023 12:00:00 AM,13.34,3.08,0,0,87.30713,43.477108,-96.97843,-4.5863547,0.54364526,0,0,0,0,0,0,0,0,0,0,0,0,0,0,0,0,0,0,0,0,0,0,0,0,0,0,0,0,0,0,
..\..\..\files\Weather\MIRA\daily\AN001_Agugliano.csv,12/22/2023 12:00:00 AM,13.39,4.0600004,0,0,89.84479,47.786457,-96.362564,-4.0491314,0.61586833,0,0,0,0,0,0,0,0,0,0,0,0,0,0,0,0,0,0,0,0,0,0,0,0,0,0,0,0,0,0,
..\..\..\files\Weather\MIRA\daily\AN001_Agugliano.csv,12/23/2023 12:00:00 AM,18.02,6.42,0,1,90.56784,42.204994,-93.59013,-3.027569,2.7724311,0,0,0,0,0,0,0,0,0,0,0,0,0,0,0,0,0,0,0,0,0,0,0,0,0,0,0,0,0,0,
..\..\..\files\Weather\MIRA\daily\AN001_Agugliano.csv,12/24/2023 12:00:00 AM,19.5,9.360001,0,6,95.44687,49.53599,-89.13994,-0.619802,4.4501977,0,0,0,0,0,0,0,0,0,0,0,0,0,0,0,0,0,0,0,0,0,0,0,0,0,0,0,0,0,0,
..\..\..\files\Weather\MIRA\daily\AN001_Agugliano.csv,12/25/2023 12:00:00 AM,17.19,9.018255,0,6,100,60.955,-85.97684,-0.92277193,3.1631007,0,0,0,0,0,0,0,0,0,0,0,0,0,0,0,0,0,0,0,0,0,0,0,0,0,0,0,0,0,0,
..\..\..\files\Weather\MIRA\daily\AN001_Agugliano.csv,12/26/2023 12:00:00 AM,16.41,7.75,0,5,96.566734,54.581676,-83.604546,-1.9577079,2.372292,0,0,0,0,0,0,0,0,0,0,0,0,0,0,0,0,0,0,0,0,0,0,0,0,0,0,0,0,0,0,
..\..\..\files\Weather\MIRA\daily\AN001_Agugliano.csv,12/27/2023 12:00:00 AM,15.200001,6.7500005,0,6,95.40386,54.40906,-82.00455,-2.6249995,1.6000004,0,0,0,0,0,0,0,0,0,0,0,0,0,0,0,0,0,0,0,0,0,0,0,0,0,0,0,0,0,0,
..\..\..\files\Weather\MIRA\daily\AN001_Agugliano.csv,12/28/2023 12:00:00 AM,16.32,6.6318645,0,6,97.95022,57.491516,-79.94314,-2.7826598,2.0614078,0,0,0,0,0,0,0,0,0,0,0,0,0,0,0,0,0,0,0,0,0,0,0,0,0,0,0,0,0,0,
..\..\..\files\Weather\MIRA\daily\AN001_Agugliano.csv,12/29/2023 12:00:00 AM,15.56,5.0999994,0,2,90.624985,45.054703,-78.46543,-3.752295,1.4777056,0,0,0,0,0,0,0,0,0,0,0,0,0,0,0,0,0,0,0,0,0,0,0,0,0,0,0,0,0,0,
..\..\..\files\Weather\MIRA\daily\AN001_Agugliano.csv,12/30/2023 12:00:00 AM,15.31,7.6400003,0.07083333,7,99.68345,58.783836,-76.62736,-1.9969229,1.8380772,0,0,0,0,0,0,0,0,0,0,0,0,0,0,0,0,0,0,0,0,0,0,0,0,0,0,0,0,0,0,
..\..\..\files\Weather\MIRA\daily\AN001_Agugliano.csv,12/31/2023 12:00:00 AM,13.719999,9.305401,1.9583334,24,100,78.15845,-75.06001,-0.63995457,1.5673447,0,0,0,0,0,0,0,0,0,0,0,0,0,0,0,0,0,0,0,0,0,0,0,0,0,0,0,0,0,0,
..\..\..\files\Weather\MIRA\daily\AN001_Agugliano.csv,1/1/2024 12:00:00 AM,15.34,8.27,7.5708337,24,99.33337,62.28551,-73.04335,-1.5183377,2.0166621,0,0,0,0,0,0,0,0,0,0,0,0,1,0,0,0,0,0,0,0,0,0,0,0,0,0,0,0,1,0,
..\..\..\files\Weather\MIRA\daily\AN001_Agugliano.csv,1/2/2024 12:00:00 AM,15.310001,7.377323,0,10,100,72.25248,-71.266136,-2.1891263,1.7772129,0,0,0,0,0,0,0,0,0,0,0,0,0,0,0,0,0,0,0,0,0,0,0,0,0,0,0,0,0,0,
..\..\..\files\Weather\MIRA\daily\AN001_Agugliano.csv,1/3/2024 12:00:00 AM,13.19,6.38,0,6,96.15581,60.89278,-70.51899,-2.657856,0.74714375,0,0,0,0,0,0,0,0,0,0,0,0,0,0,0,0,0,0,0,0,0,0,0,0,0,0,0,0,0,0,
..\..\..\files\Weather\MIRA\daily\AN001_Agugliano.csv,1/4/2024 12:00:00 AM,15.640001,9.350001,0,9,100,67.425766,-67.9904,-0.61641335,2.5285861,0,0,0,0,0,0,0,0,0,0,0,0,0,0,0,0,0,0,0,0,0,0,0,0,0,0,0,0,0,0,
..\..\..\files\Weather\MIRA\daily\AN001_Agugliano.csv,1/5/2024 12:00:00 AM,16.95,9.244438,0.275,9,100,65.96103,-64.85614,-0.718519,3.1342623,0,0,0,0,0,0,0,0,0,0,0,0,0,0,0,0,0,0,0,0,0,0,0,0,0,0,0,0,0,0,
..\..\..\files\Weather\MIRA\daily\AN001_Agugliano.csv,1/6/2024 12:00:00 AM,15.39,8.19,6.6708336,24,99.058685,61.578793,-62.838634,-1.5824935,2.0175068,0,0,0,0,0,0,0,0,0,0,0,0,0,0,0,0,0,0,0,0,0,0,0,0,0,0,0,0,0,0,
..\..\..\files\Weather\MIRA\daily\AN001_Agugliano.csv,1/7/2024 12:00:00 AM,15.23,9.41,9.5625,24,100,69.95137,-60.488728,-0.5600946,2.3499053,0,0,0,0,0,0,0,0,0,0,0,0,1,0,0,0,0,0,0,0,0,0,0,0,0,0,0,0,1,0,
..\..\..\files\Weather\MIRA\daily\AN001_Agugliano.csv,1/8/2024 12:00:00 AM,11.32,9.099053,36.991665,24,100,100,-60.096462,-0.7182076,0.39226505,0,0,0,0,0,0,1,0,0,0,1,0,1,0,0,0,0,0,0,0,0,0,1,0,0,0,1,0,1,0,
..\..\..\files\Weather\MIRA\daily\AN001_Agugliano.csv,1/9/2024 12:00:00 AM,11.25,5.5021157,0,16,100,87.30609,-59.96054,-2.7380223,0.13591957,0,0,0,0,0,0,1,0,0,0,1,0,0,0,0,0,0,0,0,0,0,0,1,0,0,0,1,0,0,0,
..\..\..\files\Weather\MIRA\daily\AN001_Agugliano.csv,1/10/2024 12:00:00 AM,8.72,3.1529143,0,5,92.74626,71.58808,-59.96054,-2.7835429,0,0,0,0,0,0,0,0,0,0,0,0,0,0,0,0,0,0,0,0,0,0,0,0,0,0,0,0,0,0,0,
..\..\..\files\Weather\MIRA\daily\AN001_Agugliano.csv,1/11/2024 12:00:00 AM,6.9,2.5099998,0,0,85.19875,62.690266,-59.96054,-2.1950002,0,0,0,0,0,0,0,0,0,0,0,0,0,0,0,0,0,0,0,0,0,0,0,0,0,0,0,0,0,0,0,
..\..\..\files\Weather\MIRA\daily\AN001_Agugliano.csv,1/12/2024 12:00:00 AM,7.4299994,2.4599998,0,0,85.46953,60.43194,-59.96054,-2.485,0,0,0,0,0,0,0,0,0,0,0,0,0,0,0,0,0,0,0,0,0,0,0,0,0,0,0,0,0,0,0,
..\..\..\files\Weather\MIRA\daily\AN001_Agugliano.csv,1/13/2024 12:00:00 AM,10.31,1.8500004,0,0,84.972,47.349697,-59.95486,-4.2243204,0.0056796847,0,0,0,0,0,0,0,0,0,0,0,0,0,0,0,0,0,0,0,0,0,0,0,0,0,0,0,0,0,0,
..\..\..\files\Weather\MIRA\daily\AN001_Agugliano.csv,1/14/2024 12:00:00 AM,10.58,1.1800003,0,0,83.24865,43.423412,-59.936966,-4.682106,0.017893612,0,0,0,0,0,0,0,0,0,0,0,0,0,0,0,0,0,0,0,0,0,0,0,0,0,0,0,0,0,0,
..\..\..\files\Weather\MIRA\daily\AN001_Agugliano.csv,1/15/2024 12:00:00 AM,9.17,2.9899998,0,1,90.27714,57.23635,-59.936966,-3.0900002,0,0,0,0,0,0,0,0,0,0,0,0,0,0,0,0,0,0,0,0,0,0,0,0,0,0,0,0,0,0,0,
..\..\..\files\Weather\MIRA\daily\AN001_Agugliano.csv,1/16/2024 12:00:00 AM,12.4,6.1999993,0.033333335,7,96.09491,63.29477,-59.47245,-2.635484,0.46451598,0,0,0,0,0,0,0,0,0,0,0,0,0,0,0,0,0,0,0,0,0,0,0,0,0,0,0,0,0,0,
..\..\..\files\Weather\MIRA\daily\AN001_Agugliano.csv,1/17/2024 12:00:00 AM,12.15,6.0500007,1.0541667,24,95.79355,63.481014,-59.093555,-2.6711063,0.37889338,0,0,0,0,0,0,0,0,0,0,0,0,0,0,0,0,0,0,0,0,0,0,0,0,0,0,0,0,0,0,
..\..\..\files\Weather\MIRA\daily\AN001_Agugliano.csv,1/18/2024 12:00:00 AM,14.8,7.7300005,6.6124997,24,98.46456,61.61732,-57.464134,-1.9055797,1.6294202,0,0,0,0,0,0,0,0,0,0,0,0,1,0,0,0,0,0,0,0,0,0,0,0,0,0,0,0,1,0,
..\..\..\files\Weather\MIRA\daily\AN001_Agugliano.csv,1/19/2024 12:00:00 AM,17.35,8.893181,0.18333334,9,100,63.72699,-54.270115,-1.0343895,3.1940203,0,0,0,0,0,0,0,0,0,0,0,0,0,0,0,0,0,0,0,0,0,0,0,0,0,0,0,0,0,0,
..\..\..\files\Weather\MIRA\daily\AN001_Agugliano.csv,1/20/2024 12:00:00 AM,14.74,4.0999856,4.2166667,23,98.958694,62.848103,-53.21431,-4.2642,1.0558068,0,0,0,0,0,0,0,0,0,0,0,0,0,0,0,0,0,0,0,0,0,0,0,0,0,0,0,0,0,0,
..\..\..\files\Weather\MIRA\daily\AN001_Agugliano.csv,1/21/2024 12:00:00 AM,7.83,2.5516424,0,0,88.33757,65.2422,-53.21431,-2.6391788,0,0,0,0,0,0,0,0,0,0,0,0,0,0,0,0,0,0,0,0,0,0,0,0,0,0,0,0,0,0,0,
..\..\..\files\Weather\MIRA\daily\AN001_Agugliano.csv,1/22/2024 12:00:00 AM,9.73,1.3199997,0,0,83.53397,46.587337,-53.21431,-4.205,0,0,0,0,0,0,0,0,0,0,0,0,0,0,0,0,0,0,0,0,0,0,0,0,0,0,0,0,0,0,0,
..\..\..\files\Weather\MIRA\daily\AN001_Agugliano.csv,1/23/2024 12:00:00 AM,11.21,0.3000002,0,0,80.94993,38.000057,-53.14721,-5.387901,0.067099,0,0,0,0,0,0,0,0,0,0,0,0,0,0,0,0,0,0,0,0,0,0,0,0,0,0,0,0,0,0,
..\..\..\files\Weather\MIRA\daily\AN001_Agugliano.csv,1/24/2024 12:00:00 AM,12.76,3.3099995,0,0,88.237,46.38652,-52.74416,-4.321953,0.40304765,0,0,0,0,0,0,0,0,0,0,0,0,0,0,0,0,0,0,0,0,0,0,0,0,0,0,0,0,0,0,
..\..\..\files\Weather\MIRA\daily\AN001_Agugliano.csv,1/25/2024 12:00:00 AM,12.44,3.5,0,0,88.8852,48.363045,-52.411186,-4.1370244,0.3329753,0,0,0,0,0,0,0,0,0,0,0,0,0,0,0,0,0,0,0,0,0,0,0,0,0,0,0,0,0,0,
..\..\..\files\Weather\MIRA\daily\AN001_Agugliano.csv,1/26/2024 12:00:00 AM,14.539999,4.3299994,0,0,89.65484,45.10281,-51.401802,-4.0956173,1.0093826,0,0,0,0,0,0,0,0,0,0,0,0,0,0,0,0,0,0,0,0,0,0,0,0,0,0,0,0,0,0,
..\..\..\files\Weather\MIRA\daily\AN001_Agugliano.csv,1/27/2024 12:00:00 AM,12.24,3.92,0,1,90.07417,51.14969,-51.100266,-3.8584614,0.3015384,0,0,0,0,0,0,0,0,0,0,0,0,0,0,0,0,0,0,0,0,0,0,0,0,0,0,0,0,0,0,
..\..\..\files\Weather\MIRA\daily\AN001_Agugliano.csv,1/28/2024 12:00:00 AM,14.15,5.2700005,0,3,92.479004,50.948982,-50.13053,-3.4702644,0.9697352,0,0,0,0,0,0,0,0,0,0,0,0,0,0,0,0,0,0,0,0,0,0,0,0,0,0,0,0,0,0,
..\..\..\files\Weather\MIRA\daily\AN001_Agugliano.csv,1/29/2024 12:00:00 AM,11.8,4.6195865,0,5,94.379135,61.52531,-49.90492,-3.3645928,0.22561379,0,0,0,0,0,0,0,0,0,0,0,0,0,0,0,0,0,0,0,0,0,0,0,0,0,0,0,0,0,0,
..\..\..\files\Weather\MIRA\daily\AN001_Agugliano.csv,1/30/2024 12:00:00 AM,10.97,3.0111105,0,0,89.351814,53.688286,-49.84581,-3.9203348,0.059110034,0,0,0,0,0,0,0,0,0,0,0,0,0,0,0,0,0,0,0,0,0,0,0,0,0,0,0,0,0,0,
..\..\..\files\Weather\MIRA\daily\AN001_Agugliano.csv,1/31/2024 12:00:00 AM,11.76,1.5100002,0,0,83.93868,41.457806,-49.694706,-4.9738975,0.15110247,0,0,0,0,0,0,0,0,0,0,0,0,0,0,0,0,0,0,0,0,0,0,0,0,0,0,0,0,0,0,
..\..\..\files\Weather\MIRA\daily\AN001_Agugliano.csv,2/1/2024 12:00:00 AM,11.29,3,0,0,87.91604,49.8136,-49.594337,-4.044632,0.10036791,0,0,0,0,0,0,0,0,0,0,0,0,0,0,0,0,0,0,0,0,0,0,0,0,0,0,0,0,0,0,
..\..\..\files\Weather\MIRA\daily\AN001_Agugliano.csv,2/2/2024 12:00:00 AM,12.1,3.5299997,0,0,89.09768,49.679882,-49.337044,-4.0277076,0.25729296,0,0,0,0,0,0,0,0,0,0,0,0,0,0,0,0,0,0,0,0,0,0,0,0,0,0,0,0,0,0,
..\..\..\files\Weather\MIRA\daily\AN001_Agugliano.csv,2/3/2024 12:00:00 AM,13.67,3.6100001,0,0,88.47194,44.765774,-48.667614,-4.360572,0.6694285,0,0,0,0,0,0,0,0,0,0,0,0,0,0,0,0,0,0,0,0,0,0,0,0,0,0,0,0,0,0,
..\..\..\files\Weather\MIRA\daily\AN001_Agugliano.csv,2/4/2024 12:00:00 AM,15.81,5.9700003,0,3,92.6208,48.13639,-46.952366,-3.204751,1.7152492,0,0,0,0,0,0,0,0,0,0,0,0,0,0,0,0,0,0,0,0,0,0,0,0,0,0,0,0,0,0,
..\..\..\files\Weather\MIRA\daily\AN001_Agugliano.csv,2/5/2024 12:00:00 AM,15.75,5.6100006,0,3,91.74339,46.685062,-45.322063,-3.4396987,1.6303009,0,0,0,0,0,0,0,0,0,0,0,0,0,0,0,0,0,0,0,0,0,0,0,0,0,0,0,0,0,0,
..\..\..\files\Weather\MIRA\daily\AN001_Agugliano.csv,2/6/2024 12:00:00 AM,13.94,6.7200003,0,5,96.530334,59.595787,-44.24702,-2.5349584,1.0750414,0,0,0,0,0,0,0,0,0,0,0,0,0,0,0,0,0,0,0,0,0,0,0,0,0,0,0,0,0,0,
..\..\..\files\Weather\MIRA\daily\AN001_Agugliano.csv,2/7/2024 12:00:00 AM,13.42,6.3700004,0,6,95.977394,59.83348,-43.41749,-2.6954682,0.82953197,0,0,0,0,0,0,0,0,0,0,0,0,0,0,0,0,0,0,0,0,0,0,0,0,0,0,0,0,0,0,
..\..\..\files\Weather\MIRA\daily\AN001_Agugliano.csv,2/8/2024 12:00:00 AM,14.800001,8.150001,0,6,99.601654,64.1366,-41.685158,-1.5926683,1.7323315,0,0,0,0,0,0,0,0,0,0,0,0,0,0,0,0,0,0,0,0,0,0,0,0,0,0,0,0,0,0,
..\..\..\files\Weather\MIRA\daily\AN001_Agugliano.csv,2/9/2024 12:00:00 AM,16.71,7.7299995,0,6,100,53.210865,-39.17825,-1.9830906,2.5069091,0,0,0,0,0,0,0,0,0,0,0,0,0,0,0,0,0,0,0,0,0,0,0,0,0,0,0,0,0,0,
..\..\..\files\Weather\MIRA\daily\AN001_Agugliano.csv,2/10/2024 12:00:00 AM,15.69,10.62,0.53749996,11,100,75.62444,-36.02325,0,3.1549997,0,0,0,0,0,0,0,0,0,0,0,0,0,0,0,0,0,0,0,0,0,0,0,0,0,0,0,0,0,0,
..\..\..\files\Weather\MIRA\daily\AN001_Agugliano.csv,2/11/2024 12:00:00 AM,14.39,10.692368,12.887499,24,100,84.06952,-33.482067,0,2.5411835,0,0,0,0,0,0,1,0,0,0,0,0,1,0,0,0,0,0,0,0,0,0,1,0,0,0,0,0,1,0,
..\..\..\files\Weather\MIRA\daily\AN001_Agugliano.csv,2/12/2024 12:00:00 AM,13.97,8.789779,12.075001,24,100,82.16222,-31.96081,-1.0688533,1.5212575,0,0,0,0,0,0,1,0,0,0,1,0,1,0,0,0,0,0,0,0,0,0,1,0,0,0,1,0,1,0,
..\..\..\files\Weather\MIRA\daily\AN001_Agugliano.csv,2/13/2024 12:00:00 AM,12.809999,8.1,0,8,100,73.80122,-31.122583,-1.5167725,0.83822703,0,0,0,0,0,0,1,0,0,0,1,0,0,0,0,0,0,0,0,0,0,0,1,0,0,0,1,0,0,0,
..\..\..\files\Weather\MIRA\daily\AN001_Agugliano.csv,2/14/2024 12:00:00 AM,15.21,6.912648,0,5,97.05473,57.716816,-29.486876,-2.512967,1.6357087,0,0,0,0,0,0,0,0,0,0,0,0,0,0,0,0,0,0,0,0,0,0,0,0,0,0,0,0,0,0,
..\..\..\files\Weather\MIRA\daily\AN001_Agugliano.csv,2/15/2024 12:00:00 AM,14.33,5.6399994,0,3,93.30732,52.132233,-28.408113,-3.2662373,1.0787629,0,0,0,0,0,0,0,0,0,0,0,0,0,0,0,0,0,0,0,0,0,0,0,0,0,0,0,0,0,0,
..\..\..\files\Weather\MIRA\daily\AN001_Agugliano.csv,2/16/2024 12:00:00 AM,14.67,4.4799995,0,0,89.928116,45.335995,-27.338001,-4.0248876,1.0701128,0,0,0,0,0,0,0,0,0,0,0,0,0,0,0,0,0,0,0,0,0,0,0,0,0,0,0,0,0,0,
..\..\..\files\Weather\MIRA\daily\AN001_Agugliano.csv,2/17/2024 12:00:00 AM,13.25,5.2099996,0,3,92.98246,54.087566,-26.68113,-3.3631282,0.6568718,0,0,0,0,0,0,0,0,0,0,0,0,0,0,0,0,0,0,0,0,0,0,0,0,0,0,0,0,0,0,
..\..\..\files\Weather\MIRA\daily\AN001_Agugliano.csv,2/18/2024 12:00:00 AM,13.89,5.7300005,0,5,93.91544,54.327946,-25.753918,-3.1527877,0.92721224,0,0,0,0,0,0,0,0,0,0,0,0,0,0,0,0,0,0,0,0,0,0,0,0,0,0,0,0,0,0,
..\..\..\files\Weather\MIRA\daily\AN001_Agugliano.csv,2/19/2024 12:00:00 AM,14.5,6.7999997,0,5,96.25405,57.624573,-24.438982,-2.535065,1.314935,0,0,0,0,0,0,0,0,0,0,0,0,0,0,0,0,0,0,0,0,0,0,0,0,0,0,0,0,0,0,
..\..\..\files\Weather\MIRA\daily\AN001_Agugliano.csv,2/20/2024 12:00:00 AM,14.6,6.58,0,5,95.568405,55.99227,-23.11978,-2.690798,1.3192022,0,0,0,0,0,0,0,0,0,0,0,0,0,0,0,0,0,0,0,0,0,0,0,0,0,0,0,0,0,0,
..\..\..\files\Weather\MIRA\daily\AN001_Agugliano.csv,2/21/2024 12:00:00 AM,15.530001,7.0800004,0,5,95.90927,54.777687,-21.310259,-2.415479,1.809521,0,0,0,0,0,0,0,0,0,0,0,0,0,0,0,0,0,0,0,0,0,0,0,0,0,0,0,0,0,0,
..\..\..\files\Weather\MIRA\daily\AN001_Agugliano.csv,2/22/2024 12:00:00 AM,16.86,6.4400005,0,3,92.45178,46.42179,-19.05212,-2.9518614,2.2581387,0,0,0,0,0,0,0,0,0,0,0,0,0,0,0,0,0,0,0,0,0,0,0,0,0,0,0,0,0,0,
..\..\..\files\Weather\MIRA\daily\AN001_Agugliano.csv,2/23/2024 12:00:00 AM,15.309999,6.6699996,0,6,95.0676,53.540237,-17.420403,-2.6882815,1.6317185,0,0,0,0,0,0,0,0,0,0,0,0,0,0,0,0,0,0,0,0,0,0,0,0,0,0,0,0,0,0,
..\..\..\files\Weather\MIRA\daily\AN001_Agugliano.csv,2/24/2024 12:00:00 AM,17.08,8.98037,0.12083334,7,99.72645,60.001396,-14.326039,-0.9554517,3.0943635,0,0,0,0,0,0,0,0,0,0,0,0,0,0,0,0,0,0,0,0,0,0,0,0,0,0,0,0,0,0,
..\..\..\files\Weather\MIRA\daily\AN001_Agugliano.csv,2/25/2024 12:00:00 AM,13.82,8.15,2.9375,24,100,68.95394,-13.039232,-1.5481925,1.2868075,0,0,0,0,0,0,0,0,0,0,0,0,0,0,0,0,0,0,0,0,0,0,0,0,0,0,0,0,0,0,
..\..\..\files\Weather\MIRA\daily\AN001_Agugliano.csv,2/26/2024 12:00:00 AM,13.78,6.6272044,3.6416667,23,98.17003,63.639187,-12.040434,-2.5775993,0.9987982,0,0,0,0,0,0,0,0,0,0,0,0,1,0,0,0,0,0,0,0,0,0,0,0,0,0,0,0,1,0,
..\..\..\files\Weather\MIRA\daily\AN001_Agugliano.csv,2/27/2024 12:00:00 AM,13.43,5.4599996,0,6,97.11588,54.71469,-11.30236,-3.246926,0.73807406,0,0,0,0,0,0,0,0,0,0,0,0,0,0,0,0,0,0,0,0,0,0,0,0,0,0,0,0,0,0,
..\..\..\files\Weather\MIRA\daily\AN001_Agugliano.csv,2/28/2024 12:00:00 AM,16.86,10.5,0,9,100,68.31245,-7.6223593,0,3.6800003,0,0,0,0,0,0,0,0,0,0,0,0,0,0,0,0,0,0,0,0,0,0,0,0,0,0,0,0,0,0,
..\..\..\files\Weather\MIRA\daily\AN001_Agugliano.csv,2/29/2024 12:00:00 AM,14.84,11.299349,0.2875,17,100,85.93296,-4.552685,0,3.0696745,0,0,0,0,0,0,0,0,0,0,0,0,0,0,0,0,0,0,0,0,0,0,0,0,0,0,0,0,0,0,
..\..\..\files\Weather\MIRA\daily\AN001_Agugliano.csv,3/1/2024 12:00:00 AM,13.86,10.86,7.0499997,24,100,88.618484,-2.1926851,0,2.3599997,0,0,0,0,0,0,0,0,0,0,0,0,1,0,0,0,0,0,0,0,0,0,0,0,0,0,0,0,1,0,
..\..\..\files\Weather\MIRA\daily\AN001_Agugliano.csv,3/2/2024 12:00:00 AM,15,10.811879,10.183333,24,100,83.97968,0,0,2.905939,5.5080166,5.5080166,0.20400062,10.255001,10,1.8772883,1,0,0,0,0,0,1,0,0,0,0,0,0,0,0,0,1,0,0,0,0,0,1,0,
..\..\..\files\Weather\MIRA\daily\AN001_Agugliano.csv,3/3/2024 12:00:00 AM,16.01,9.453906,2.7791667,23,100,69.13766,0,-0.52335,2.7546966,5.2438593,10.751876,0.39821762,10.497772,10,2.0793953,0,0,0,0,0,0,1,0,0,0,0,0,0,0,0,0,0,0,0,0,0,0,1,0,
..\..\..\files\Weather\MIRA\daily\AN001_Agugliano.csv,3/4/2024 12:00:00 AM,17.17,8.13,0.09166667,6,100,53.311996,0,-1.6765869,2.8434126,5.117249,15.869125,0.58774537,10.734682,10,2.2766228,0,0,0,0,0,0,0,0,0,0,0,0,0,0,0,0,0,0,0,0,0,0,0,0,
..\..\..\files\Weather\MIRA\daily\AN001_Agugliano.csv,3/5/2024 12:00:00 AM,12.35,9.023196,2.2458334,24,100,87.24086,0,-0.83340055,0.83000106,1.6002214,17.469347,0.6470128,10.808766,10,2.3382978,0,0,0,0,0,0,0,0,0,0,0,0,0,0,0,0,0,0,0,0,0,0,0,0,
..\..\..\files\Weather\MIRA\daily\AN001_Agugliano.csv,3/6/2024 12:00:00 AM,16.91,7.67,3.1625001,23,95.63008,52.077072,0,-2.0362284,2.5837715,4.5440545,22.013401,0.8153112,11.009569,11,2.5054662,0,0,0,0,0,0,0,0,0,0,0,0,0,0,0,0,0,0,0,0,0,0,0,0,
..\..\..\files\Weather\MIRA\daily\AN001_Agugliano.csv,3/7/2024 12:00:00 AM,15.12,7.1099997,0,6,96.45584,56.675713,0,-2.3686457,1.6363544,2.4594278,24.472828,0.90640104,11.066501,11,2.5528617,0,0,0,0,0,0,0,0,0,0,0,0,0,0,0,0,0,0,0,0,0,0,0,0,
..\..\..\files\Weather\MIRA\daily\AN001_Agugliano.csv,3/8/2024 12:00:00 AM,13.05,7.36,0,6,98.89448,67.60157,0,-2.027557,0.81744295,0.53472495,25.007553,0.9262057,11.078878,11,2.5631661,0,0,0,0,0,0,0,0,0,0,0,0,0,0,0,0,0,0,0,0,0,0,0,0,
..\..\..\files\Weather\MIRA\daily\AN001_Agugliano.csv,3/9/2024 12:00:00 AM,15.29,7.04,0.20416667,6,99.22595,55.57391,0,-2.428994,1.6960061,2.5556986,27.563251,1.0208611,11.138039,11,2.6124172,0,0,0,0,0,1,0,0,0,0,0,0,0,0,0,0,0,0,0,0,0,1,0,0,
..\..\..\files\Weather\MIRA\daily\AN001_Agugliano.csv,3/10/2024 12:00:00 AM,14.06,9.44,4.695833,24,100,76.52968,0,-0.52606106,1.7839394,3.6294127,31.192665,1.1552838,11.222053,11,2.6823587,0,0,1,0,0,0,0,0,0,0,0,0,0,0,0,0,0,0,1,0,0,1,0,0,
..\..\..\files\Weather\MIRA\daily\AN001_Agugliano.csv,3/11/2024 12:00:00 AM,17.08,9.933551,0.5708333,9,100,64.31935,0,-0.0661397,3.5070844,6.373296,37.56596,1.3913319,11.369582,11,2.8051772,0,0,0,0,0,0,0,0,0,0,0,0,0,0,0,0,0,0,1,0,0,1,0,0,
..\..\..\files\Weather\MIRA\daily\AN001_Agugliano.csv,3/12/2024 12:00:00 AM,14.85,8.860341,13.129167,24,100,69.84499,0,-1.0312374,1.9635928,3.8129718,41.378933,1.5325531,11.457846,11,2.8786564,1,0,1,0,0,0,1,0,0,0,0,0,0,0,0,0,1,0,2,0,0,1,1,0,
..\..\..\files\Weather\MIRA\daily\AN001_Agugliano.csv,3/13/2024 12:00:00 AM,15.390001,7.7400002,0,7,97.84486,58.989643,0,-1.9261695,1.8988308,3.299798,44.67873,1.6547678,12.0228195,12,3.3807354,1,0,0,0,0,0,0,0,0,0,0,0,0,0,0,0,2,0,2,0,0,1,1,0,
..\..\..\files\Weather\MIRA\daily\AN001_Agugliano.csv,3/14/2024 12:00:00 AM,16.44,8.280001,0,6,97.943436,57.282818,0,-1.5387249,2.541275,4.657722,49.336452,1.827276,12.094698,12,3.540545,0,0,0,0,0,0,0,0,0,0,0,0,0,0,0,0,2,0,2,0,0,1,1,0,
..\..\..\files\Weather\MIRA\daily\AN001_Agugliano.csv,3/15/2024 12:00:00 AM,18.69,7.1100006,0,1,91.17137,42.716198,0,-2.5293736,3.2606263,5.4991026,54.835556,2.0309465,12.179561,12,3.7292233,0,0,0,0,0,0,0,0,0,0,0,0,0,0,0,0,2,0,2,0,0,1,1,0,
..\..\..\files\Weather\MIRA\daily\AN001_Agugliano.csv,3/16/2024 12:00:00 AM,17.34,8.19,0,6,100,52.89684,0,-1.6309779,2.944022,5.2945156,60.130074,2.2270398,12.261267,12,3.910883,0,0,0,0,0,0,0,0,0,0,0,0,0,0,0,0,2,0,2,0,0,1,1,0,
..\..\..\files\Weather\MIRA\daily\AN001_Agugliano.csv,3/17/2024 12:00:00 AM,16.98,10.839054,0,12,100,77.35979,0,0,3.9095268,6.9140587,67.04413,2.483116,13.025973,13,5.6110806,0,0,0,0,0,0,0,0,0,0,0,0,0,0,0,0,2,0,2,0,0,1,1,0,
..\..\..\files\Weather\MIRA\daily\AN001_Agugliano.csv,3/18/2024 12:00:00 AM,18.76,9.48,0,6,97.69775,53.28297,0,-0.50543165,4.1345687,7.184533,74.22866,2.7492096,13.109128,13,5.7959614,0,0,0,0,0,0,0,0,0,0,0,0,0,0,0,0,2,0,2,0,0,1,1,0,
..\..\..\files\Weather\MIRA\daily\AN001_Agugliano.csv,3/19/2024 12:00:00 AM,16.81,10.63,0.42499998,9,100,69.414566,0,0,3.7199993,6.6634197,80.89208,2.9960032,13.186251,13,5.9674306,0,0,0,0,0,0,0,0,0,0,0,0,0,0,0,0,2,0,2,0,0,1,1,0,
..\..\..\files\Weather\MIRA\daily\AN001_Agugliano.csv,3/20/2024 12:00:00 AM,16.36,9.916584,9.775,23,100,71.16281,0,-0.08287597,3.1388323,5.8511453,86.743225,3.212712,14.003178,14,7.7837315,1,0,1,0,0,1,1,1,0,0,0,0,0,0,0,0,3,0,3,0,0,2,2,1,
..\..\..\files\Weather\MIRA\daily\AN001_Agugliano.csv,3/21/2024 12:00:00 AM,17.59,8.6,0,5,97.025566,53.914993,0,-1.2909896,3.2040102,5.788038,92.531265,3.4270837,14.056771,14,7.902888,0,0,0,0,0,0,0,0,0,0,0,0,0,0,0,0,3,0,3,0,0,2,2,1,
..\..\..\files\Weather\MIRA\daily\AN001_Agugliano.csv,3/22/2024 12:00:00 AM,18.84,8.52,0.42916667,6,94.5665,48.319798,0,-1.3738756,3.7861242,6.6096563,99.14092,3.671886,14.117971,14,8.038956,0,0,0,0,0,0,0,0,0,0,0,0,0,0,0,0,3,0,3,0,0,2,2,1,
..\..\..\files\Weather\MIRA\daily\AN001_Agugliano.csv,3/23/2024 12:00:00 AM,18.95,10.220001,9.870833,23,98.8373,56.235497,0,0,4.585001,7.7533092,106.89423,3.9590456,14.189761,14,8.198568,1,0,1,0,0,0,1,1,0,0,0,0,0,0,0,0,4,0,4,0,0,2,3,2,
..\..\..\files\Weather\MIRA\daily\AN001_Agugliano.csv,3/24/2024 12:00:00 AM,20,9.5,0,6,94.747635,48.12209,0,-0.48809528,4.7619047,7.9457684,114.840004,4.2533336,24.003868,24,21.847195,0,0,0,0,0,0,0,0,0,0,0,0,0,0,0,0,4,0,4,0,0,2,3,2,
..\..\..\files\Weather\MIRA\daily\AN001_Agugliano.csv,3/25/2024 12:00:00 AM,16.42,7.5663023,0.05,7,98.24005,57.921207,0,-2.0992107,2.3276377,4.0497327,118.88974,4.4033237,30.001942,30,29.739397,0,1,0,0,0,0,0,0,0,0,0,0,0,0,0,0,4,1,4,0,0,2,3,2,
..\..\..\files\Weather\MIRA\daily\AN001_Agugliano.csv,3/26/2024 12:00:00 AM,16.87,5.9699993,1.15,24,97.5541,44.305058,0,-3.285005,2.1649957,3.0352068,121.92495,4.515739,34.00348,34,35.004578,0,0,0,0,0,0,0,0,0,0,0,0,0,0,0,0,4,1,4,0,0,2,3,2,
..\..\..\files\Weather\MIRA\daily\AN001_Agugliano.csv,3/27/2024 12:00:00 AM,13.52,8.720001,0.80833334,11,100,74.38435,0,-1.1093324,1.2906672,2.4690917,124.39404,4.607187,38.000416,38,40.263702,0,0,0,0,0,0,0,0,0,0,0,0,0,0,0,0,4,1,4,0,0,2,3,2,
..\..\..\files\Weather\MIRA\daily\AN001_Agugliano.csv,3/28/2024 12:00:00 AM,15.9,10.08,19.070833,24,100,70.77424,0,0,2.9899998,5.633415,130.02747,4.815832,46.000008,46,50.789482,1,1,1,0,0,1,1,0,0,0,0,0,0,0,0,0,5,2,5,0,0,3,4,2,
..\..\..\files\Weather\MIRA\daily\AN001_Agugliano.csv,3/29/2024 12:00:00 AM,18.6,9.1,11.020833,23,96.551476,52.08258,0,-0.857368,3.892632,6.8360662,136.86353,5.0690193,53.010353,53,60.051765,1,1,1,0,0,0,1,1,0,0,0,0,0,0,0,0,6,3,6,0,0,3,5,3,
..\..\..\files\Weather\MIRA\daily\AN001_Agugliano.csv,3/30/2024 12:00:00 AM,22.29,13,0,6,98.228935,54.669113,0,0,7.6450005,10.566242,147.42976,5.460362,53.069054,53,60.34527,1,0,0,0,0,0,0,0,0,0,0,0,0,0,0,0,7,3,6,0,0,3,5,3,
..\..\..\files\Weather\MIRA\daily\AN001_Agugliano.csv,3/31/2024 12:00:00 AM,21.91,13.8,0,7,100,60.811295,0,0,7.8549995,10.702786,158.13255,5.8567615,53.128513,53,60.642567,0,0,0,0,0,0,0,0,0,0,0,0,0,0,0,0,7,3,6,0,0,3,5,3,
..\..\..\files\Weather\MIRA\daily\AN001_Agugliano.csv,4/1/2024 12:00:00 AM,22.600002,14.590001,0,7,100,61.467136,0,0,8.595001,11.128271,169.26082,6.2689195,53.19034,53,60.95169,0,0,0,0,0,0,0,0,0,0,0,0,0,0,0,0,7,3,6,0,0,3,5,3,
..\..\..\files\Weather\MIRA\daily\AN001_Agugliano.csv,4/2/2024 12:00:00 AM,22.689999,13.3044815,0.16666667,7,99.29515,56.970524,0,0,7.99724,10.7912855,180.05211,6.6685967,54.000233,54,65.00116,0,0,0,0,0,0,0,0,0,0,0,0,0,0,0,0,7,3,6,0,0,3,5,3,
..\..\..\files\Weather\MIRA\daily\AN001_Agugliano.csv,4/3/2024 12:00:00 AM,19.8,11.722812,3.8333335,24,100,62.9012,0,0,5.761406,9.021323,189.07343,7.0027194,54.040325,54,65.20163,0,0,0,0,0,0,0,1,0,0,0,0,0,0,0,0,7,3,6,0,0,3,5,4,
..\..\..\files\Weather\MIRA\daily\AN001_Agugliano.csv,4/4/2024 12:00:00 AM,18.5,10.560001,0,6,100,60.23839,0,0,4.5300007,7.688075,196.7615,7.2874627,54.074497,54,65.37248,0,0,0,0,0,0,0,0,0,0,0,0,0,0,0,0,7,3,6,0,0,3,5,4,
..\..\..\files\Weather\MIRA\daily\AN001_Agugliano.csv,4/5/2024 12:00:00 AM,21.04,11.48,0,6,97.50606,53.003395,0,0,6.26,9.487234,206.24873,7.6388416,54.11666,54,65.583305,0,0,0,0,0,0,0,0,0,0,0,0,0,0,0,0,7,3,6,0,0,3,5,4,
..\..\..\files\Weather\MIRA\daily\AN001_Agugliano.csv,4/6/2024 12:00:00 AM,21,11.93,0,7,98.78011,55.45222,0,0,6.465,9.666745,215.91548,7.99687,54.159626,54,65.79813,0,0,0,0,0,0,0,0,0,0,0,0,0,0,0,0,7,3,6,0,0,3,5,4,
..\..\..\files\Weather\MIRA\daily\AN001_Agugliano.csv,4/7/2024 12:00:00 AM,21.41,12.380001,0,6,98.932816,55.78643,0,0,6.8950005,10.020763,225.93625,8.36801,55.003468,55,70.017334,0,0,0,0,0,0,0,0,0,0,0,0,0,0,0,0,7,3,6,0,0,3,5,4,
..\..\..\files\Weather\MIRA\daily\AN001_Agugliano.csv,4/8/2024 12:00:00 AM,23.36,12.400001,0,4,93.706375,46.99263,0,0,7.880001,10.718575,236.65482,8.764994,55.043167,55,70.215836,0,0,0,0,0,0,0,0,0,0,0,0,0,0,0,0,7,3,6,0,0,3,5,4,
..\..\..\files\Weather\MIRA\daily\AN001_Agugliano.csv,4/9/2024 12:00:00 AM,23.23,14.07,0,6,98.339455,55.42856,0,0,8.65,11.156458,247.81128,9.178196,55.084488,55,70.42244,0,0,0,0,0,0,0,0,0,0,0,0,0,0,0,0,7,3,6,0,0,3,5,4,
..\..\..\files\Weather\MIRA\daily\AN001_Agugliano.csv,4/10/2024 12:00:00 AM,26.15,14.569985,0,4,100,47.4874,0,0,10.359993,11.799586,259.61087,9.615217,55.12819,55,70.640945,0,0,0,0,0,0,0,0,0,0,0,0,0,0,0,0,7,3,6,0,0,3,5,4,
..\..\..\files\Weather\MIRA\daily\AN001_Agugliano.csv,4/11/2024 12:00:00 AM,18.3,12.684957,0,14,100,83.342674,0,0,5.4924774,8.752573,268.36343,9.939386,55.160606,55,70.80303,0,0,0,0,0,0,0,0,0,0,0,0,0,0,0,0,7,3,6,0,0,3,5,4,
..\..\..\files\Weather\MIRA\daily\AN001_Agugliano.csv,4/12/2024 12:00:00 AM,20.99,11.26,0,6,97.05421,52.154587,0,0,6.125,9.3652,277.72864,10.286245,56.024536,56,75.12268,0,0,0,0,0,0,0,0,0,0,0,0,0,0,0,0,7,3,6,0,0,3,5,4,
..\..\..\files\Weather\MIRA\daily\AN001_Agugliano.csv,4/13/2024 12:00:00 AM,23.620003,14.680001,0,6,98.75066,56.553967,0,0,9.150002,11.391095,289.11972,10.7081375,56.060696,56,75.30348,0,0,0,0,0,0,0,0,0,0,0,0,0,0,0,0,7,3,6,0,0,3,5,4,
..\..\..\files\Weather\MIRA\daily\AN001_Agugliano.csv,4/14/2024 12:00:00 AM,25.61,15.55,0,5,94.656906,50.897755,0,0,10.58,11.849907,300.96964,11.147024,56.098316,56,75.49158,0,0,0,0,0,0,0,0,0,0,0,0,0,0,0,0,7,3,6,0,0,3,5,4,
..\..\..\files\Weather\MIRA\daily\AN001_Agugliano.csv,4/15/2024 12:00:00 AM,27.48,15.130001,0,0,87.47685,40.915947,0,0,11.305,11.964165,312.9338,11.590141,56.1363,56,75.681496,0,0,0,0,0,0,0,0,0,0,0,0,0,0,0,0,7,3,6,0,0,3,5,4,
..\..\..\files\Weather\MIRA\daily\AN001_Agugliano.csv,4/16/2024 12:00:00 AM,26.39,14.022041,0,5,95.45484,53.552723,0,0,10.20602,11.760011,324.69382,12.025697,57.026928,57,80.13464,0,0,0,0,0,0,0,0,0,0,0,0,0,0,0,0,7,3,6,0,0,3,5,4,
..\..\..\files\Weather\MIRA\daily\AN001_Agugliano.csv,4/17/2024 12:00:00 AM,24.349998,10.550799,0.104166664,2,93.52334,42.31095,0,0,7.4503994,10.433419,335.12723,12.41212,57.05591,57,80.27954,0,0,0,0,0,0,0,0,0,0,0,0,0,0,1,0,7,3,6,0,0,3,5,4,
..\..\..\files\Weather\MIRA\daily\AN001_Agugliano.csv,4/18/2024 12:00:00 AM,16.85,8.190888,2.5833333,24,100,62.0866,0,-1.6201272,2.7094293,4.914198,340.0414,12.594126,57.06956,57,80.34781,0,0,0,0,0,0,0,0,0,0,0,0,0,0,0,0,7,3,6,0,0,3,5,4,
..\..\..\files\Weather\MIRA\daily\AN001_Agugliano.csv,4/19/2024 12:00:00 AM,15.190001,6.9900002,4.3125,23,96.05722,55.727684,0,-2.4575546,1.6424453,2.411003,342.45242,12.683423,57.076256,57,80.38128,0,0,0,0,0,0,1,0,0,0,0,0,0,0,0,0,7,3,6,0,0,3,6,4,
..\..\..\files\Weather\MIRA\daily\AN001_Agugliano.csv,4/20/2024 12:00:00 AM,16.46,7.7990537,0,5,97.62027,56.59678,0,-1.9212906,2.4091818,4.279334,346.73175,12.841916,57.088142,57,80.44071,0,0,0,0,0,0,0,0,0,0,0,0,0,0,0,0,7,3,6,0,0,3,6,4,
..\..\..\files\Weather\MIRA\daily\AN001_Agugliano.csv,4/21/2024 12:00:00 AM,15.72,6.4399996,0.2875,6,93.9757,50.742508,0,-2.8771555,1.7628448,2.3915772,349.12332,12.930493,57.094788,57,80.47394,0,0,0,0,0,0,0,0,0,0,0,0,0,0,0,0,7,3,6,0,0,3,6,4,
..\..\..\files\Weather\MIRA\daily\AN001_Agugliano.csv,4/22/2024 12:00:00 AM,16.11,7.8699994,6.6124997,24,97.296295,56.516003,0,-1.854703,2.2652974,4.0443754,353.1677,13.080285,57.10602,57,80.530106,0,1,1,0,0,0,1,0,0,0,0,0,0,0,0,0,7,4,7,0,0,3,7,4,
..\..\..\files\Weather\MIRA\daily\AN001_Agugliano.csv,4/23/2024 12:00:00 AM,14.84,7.5200005,0.21249999,7,97.85632,60.20991,0,-2.0598903,1.6001095,2.5844316,355.75214,13.176004,57.1132,57,80.56601,0,0,0,0,0,0,0,0,0,0,1,0,0,0,0,0,7,4,7,0,0,3,7,4,
..\..\..\files\Weather\MIRA\daily\AN001_Agugliano.csv,4/24/2024 12:00:00 AM,12.5,7.06,5.2875,24,98.37669,68.29702,0,-2.1455512,0.5744485,0,355.75214,13.176004,57.1132,57,80.56601,0,0,0,0,0,0,0,0,0,0,0,0,0,0,0,0,7,4,7,0,0,3,7,4,
..\..\..\files\Weather\MIRA\daily\AN001_Agugliano.csv,4/25/2024 12:00:00 AM,12.9,6.73,9.370833,24,97.27434,64.31081,0,-2.4034762,0.6815234,0,355.75214,13.176004,57.1132,57,80.56601,0,0,0,0,0,0,0,0,0,0,0,0,0,0,0,0,7,4,7,0,0,3,7,4,
..\..\..\files\Weather\MIRA\daily\AN001_Agugliano.csv,4/26/2024 12:00:00 AM,13.36,7.3,3.9291668,23,98.53157,65.73382,0,-2.0985148,0.931485,0.82564056,356.5778,13.206585,57.115494,57,80.57747,0,0,0,0,0,0,1,0,0,0,0,0,0,0,0,0,7,4,7,0,0,3,8,4,
..\..\..\files\Weather\MIRA\daily\AN001_Agugliano.csv,4/27/2024 12:00:00 AM,17.19,8.2,0.1875,6,96.60959,53.58435,0,-1.6197996,2.8752003,5.186945,361.76474,13.398693,58.004356,58,85.02178,0,0,0,0,0,0,0,0,0,0,0,0,0,0,1,0,7,4,7,0,0,3,8,4,
..\..\..\files\Weather\MIRA\daily\AN001_Agugliano.csv,4/28/2024 12:00:00 AM,19.39,10.24,4.3125,23,97.991035,54.31847,0,0,4.8149996,8.020256,369.785,13.695741,58.024162,58,85.12081,0,0,0,0,0,0,0,1,1,0,1,0,0,0,0,0,7,4,7,0,0,3,8,5,
..\..\..\files\Weather\MIRA\daily\AN001_Agugliano.csv,4/29/2024 12:00:00 AM,22.79,10.849999,0,3,91.37644,42.812767,0,0,6.8199997,9.961198,379.74622,14.064674,58.048756,58,85.243774,0,0,0,0,0,0,0,0,0,0,0,0,0,0,0,0,7,4,7,0,0,3,8,5,
..\..\..\files\Weather\MIRA\daily\AN001_Agugliano.csv,4/30/2024 12:00:00 AM,21.45,11.880001,0,5,97.5282,53.083324,0,0,6.665001,9.835184,389.5814,14.428941,58.07304,58,85.365204,0,0,0,0,0,0,0,0,1,0,1,0,0,0,1,1,7,4,7,0,0,3,8,5,
..\..\..\files\Weather\MIRA\daily\AN001_Agugliano.csv,5/1/2024 12:00:00 AM,24.54,12.19,0,1,100,41.336494,0,0,8.365,11.005262,400.58664,14.836542,58.100212,58,85.50106,0,0,0,0,0,0,0,0,1,0,1,0,0,0,1,1,7,4,7,0,0,3,8,5,
..\..\..\files\Weather\MIRA\daily\AN001_Agugliano.csv,5/2/2024 12:00:00 AM,20.220001,13.617071,0.31666666,11,100,74.41754,0,0,6.918537,10.039266,410.62592,15.208366,59.0125,59,90.0625,0,0,0,0,0,0,0,0,1,1,0,0,0,0,1,0,7,4,7,0,0,3,8,5,
..\..\..\files\Weather\MIRA\daily\AN001_Agugliano.csv,5/3/2024 12:00:00 AM,19.37,10.349261,7.3875,24,100,67.87923,0,0,4.8596306,8.070969,418.6969,15.507293,59.030437,59,90.15219,0,1,1,0,0,0,1,1,1,1,1,0,0,0,1,1,7,5,8,0,0,3,9,6,
..\..\..\files\Weather\MIRA\daily\AN001_Agugliano.csv,5/4/2024 12:00:00 AM,17.98,9.040001,2.3958333,24,100,54.474503,0,-0.9084556,3.5615437,6.3777494,425.07465,15.7435055,59.04461,59,90.223045,0,0,0,0,0,0,0,1,0,0,0,0,0,0,0,0,7,5,8,0,0,3,9,7,
..\..\..\files\Weather\MIRA\daily\AN001_Agugliano.csv,5/5/2024 12:00:00 AM,18.46,12.74,0,10,100,73.87833,0,0,5.5999994,8.861503,433.93616,16.07171,59.064304,59,90.32152,0,0,0,0,0,0,1,0,0,0,0,0,0,0,0,0,7,5,8,0,0,3,10,7,
..\..\..\files\Weather\MIRA\daily\AN001_Agugliano.csv,5/6/2024 12:00:00 AM,21.92,11.31,0,5,94.85151,48.30887,0,0,6.615,9.793692,443.72986,16.434439,59.086067,59,90.430336,0,0,0,0,0,0,0,0,0,0,0,0,0,0,0,0,7,5,8,0,0,3,10,7,
..\..\..\files\Weather\MIRA\daily\AN001_Agugliano.csv,5/7/2024 12:00:00 AM,22.559998,12.929999,0,6,100,53.031826,0,0,7.744999,10.632141,454.362,16.828222,60.008812,60,95.04406,0,0,0,0,0,0,0,0,0,0,0,0,0,0,0,0,7,5,8,0,0,3,10,7,
..\..\..\files\Weather\MIRA\daily\AN001_Agugliano.csv,5/8/2024 12:00:00 AM,19.66,13.024024,0.033333335,13,100,77.91426,0,0,6.3420124,9.559886,463.92188,17.182293,60.028126,60,95.140625,0,0,0,0,0,0,0,0,0,0,0,0,0,0,0,0,7,5,8,0,0,3,10,7,
..\..\..\files\Weather\MIRA\daily\AN001_Agugliano.csv,5/9/2024 12:00:00 AM,19.75,11.87,0.7666667,24,100,61.33232,0,0,5.8099995,9.068571,472.99045,17.518164,60.046444,60,95.23222,0,0,0,0,0,0,0,1,0,0,0,0,0,0,0,0,7,5,8,0,0,3,10,8,
..\..\..\files\Weather\MIRA\daily\AN001_Agugliano.csv,5/10/2024 12:00:00 AM,22.2,13.850001,0,7,100,59.551937,0,0,8.025002,10.808185,483.79865,17.918468,60.06828,60,95.3414,0,0,0,0,0,0,0,0,0,0,0,0,0,0,0,1,7,5,8,0,0,3,10,8,
..\..\..\files\Weather\MIRA\daily\AN001_Agugliano.csv,5/11/2024 12:00:00 AM,22.2,14.009999,0,7,100,60.423195,0,0,8.105,10.856197,494.65485,18.32055,60.09021,60,95.45105,0,0,0,0,0,0,0,0,0,0,0,0,0,0,0,0,7,5,8,0,0,3,10,8,
..\..\..\files\Weather\MIRA\daily\AN001_Agugliano.csv,5/12/2024 12:00:00 AM,22.9,13.72,0,6,98.39012,55.30421,0,0,8.309999,10.974617,505.62946,18.727016,61.019684,61,100,0,0,0,0,0,0,0,0,0,0,0,0,0,0,0,0,7,5,8,0,0,3,10,8,
..\..\..\files\Weather\MIRA\daily\AN001_Agugliano.csv,5/13/2024 12:00:00 AM,24.26,13.15,0,4,92.94666,46.378517,0,0,8.705,11.184172,516.8136,19.141245,61.040394,61,100,0,0,0,0,0,0,0,0,0,0,0,0,0,0,0,0,7,5,8,0,0,3,10,8,
..\..\..\files\Weather\MIRA\daily\AN001_Agugliano.csv,5/14/2024 12:00:00 AM,23.57,14.720001,0.029166667,7,100,57.01661,0,0,9.145,11.388941,528.2025,19.563057,61.061485,61,100,0,0,0,0,0,0,0,0,0,0,0,0,0,0,0,0,7,5,8,0,0,3,10,8,
..\..\..\files\Weather\MIRA\daily\AN001_Agugliano.csv,5/15/2024 12:00:00 AM,22.330002,16.070002,0.67083335,24,100,71.86114,0,0,9.200001,11.412426,539.6149,19.985739,61.08262,61,100,0,0,0,0,0,0,0,1,0,0,0,0,0,0,0,0,7,5,8,0,0,3,10,9,
..\..\..\files\Weather\MIRA\daily\AN001_Agugliano.csv,5/16/2024 12:00:00 AM,22.47,15.7,0.112500004,9,100,68.68511,0,0,9.084999,11.362787,550.9777,20.406584,71.01637,71,89.877205,0,0,0,0,0,0,0,0,0,0,0,0,0,0,0,0,7,5,8,0,0,3,10,9,
..\..\..\files\Weather\MIRA\daily\AN001_Agugliano.csv,5/17/2024 12:00:00 AM,22.79,15.36216,2.5875,23,100,66.71025,0,0,9.07608,11.358851,562.33655,20.82728,71.03331,71,89.750175,0,0,0,0,0,0,0,1,0,0,0,0,0,0,0,0,7,5,8,0,0,3,10,10,
..\..\..\files\Weather\MIRA\daily\AN001_Agugliano.csv,5/18/2024 12:00:00 AM,24.7,13.759999,0,3,93.12228,47.093338,0,0,9.23,11.425039,573.7616,21.25043,71.050354,71,89.622345,0,0,0,0,0,0,0,0,0,0,0,0,0,0,0,0,7,5,8,0,0,3,10,10,
..\..\..\files\Weather\MIRA\daily\AN001_Agugliano.csv,5/19/2024 12:00:00 AM,23.19,13.95,0,6,99.77752,55.024326,0,0,8.57,11.115301,584.8769,21.662107,71.06693,71,89.498,0,0,0,0,0,0,0,0,0,0,0,0,0,0,0,0,7,5,8,0,0,3,10,10,
..\..\..\files\Weather\MIRA\daily\AN001_Agugliano.csv,5/20/2024 12:00:00 AM,22.74,16.4,0,11,100,71.37049,0,0,9.57,11.558292,596.4352,22.090193,71.08417,71,89.368744,0,0,0,0,0,0,0,0,0,0,0,0,0,0,0,0,7,5,8,0,0,3,10,10,
..\..\..\files\Weather\MIRA\daily\AN001_Agugliano.csv,5/21/2024 12:00:00 AM,23.35,16.17,0.35,9,100,66.233536,0,0,9.76,11.625025,608.0602,22.520748,71.10151,71,89.23868,0,0,0,0,0,0,0,0,0,0,0,0,0,0,0,0,7,5,8,0,0,3,10,10,
..\..\..\files\Weather\MIRA\daily\AN001_Agugliano.csv,5/22/2024 12:00:00 AM,23.86,16.469557,8.05,23,100,71.281166,0,0,10.16478,11.748799,619.80896,22.955887,71.119026,71,89.1073,0,1,1,0,0,0,1,1,0,0,0,0,0,0,1,0,7,6,9,0,0,3,11,11,
..\..\..\files\Weather\MIRA\daily\AN001_Agugliano.csv,5/23/2024 12:00:00 AM,24.509998,15.089999,0,5,97.05724,54.102318,0,0,9.799999,11.638368,631.4473,23.386938,71.13638,71,88.97713,0,0,0,0,0,0,0,0,0,1,1,0,0,0,1,1,7,6,9,0,0,3,11,11,
..\..\..\files\Weather\MIRA\daily\AN001_Agugliano.csv,5/24/2024 12:00:00 AM,23.61,14.07,0,5,97.220695,53.555912,0,0,8.84,11.250198,642.6975,23.803612,71.15317,71,88.85124,0,0,0,0,0,0,0,0,0,0,0,0,0,0,0,0,7,6,9,0,0,3,11,11,
..\..\..\files\Weather\MIRA\daily\AN001_Agugliano.csv,5/25/2024 12:00:00 AM,24.32,13.78,0,6,94.34434,48.872177,0,0,9.049999,11.347273,654.0448,24.223883,71.17009,71,88.72433,0,0,0,0,0,0,0,0,0,0,0,0,0,0,0,0,7,6,9,0,0,3,11,11,
..\..\..\files\Weather\MIRA\daily\AN001_Agugliano.csv,5/26/2024 12:00:00 AM,22.969997,14.909999,0,7,100,61.21723,0,0,8.939999,11.297277,665.3421,24.6423,71.186935,71,88.597984,0,0,0,0,0,0,0,0,0,0,0,0,0,0,0,0,7,6,9,0,0,3,11,11,
..\..\..\files\Weather\MIRA\daily\AN001_Agugliano.csv,5/27/2024 12:00:00 AM,23.02,14.670001,0,6,100,59.63959,0,0,8.845001,11.25259,676.59467,25.059063,72.00761,72,82.44295,0,0,0,0,0,0,0,0,0,1,1,0,0,0,1,1,7,6,9,0,0,3,11,11,
..\..\..\files\Weather\MIRA\daily\AN001_Agugliano.csv,5/28/2024 12:00:00 AM,24.309998,14.819999,0,6,96.999344,53.778385,0,0,9.564999,11.556462,688.1511,25.487078,72.02203,72,82.33475,0,0,0,0,0,0,0,0,0,0,0,0,0,0,0,0,7,6,9,0,0,3,11,11,
..\..\..\files\Weather\MIRA\daily\AN001_Agugliano.csv,5/29/2024 12:00:00 AM,23.89,16,0,7,100,62.13717,0,0,9.945,11.684693,699.8358,25.919846,72.03662,72,82.22534,0,0,0,0,0,0,0,0,0,0,0,0,0,0,0,0,7,6,9,0,0,3,11,11,
..\..\..\files\Weather\MIRA\daily\AN001_Agugliano.csv,5/30/2024 12:00:00 AM,23.38,16.78,0,9,100,69.72596,0,0,10.08,11.724941,711.5607,26.354101,72.05126,72,82.11554,0,0,0,0,0,0,0,0,0,0,0,0,0,0,0,1,7,6,9,0,0,3,11,11,
..\..\..\files\Weather\MIRA\daily\AN001_Agugliano.csv,5/31/2024 12:00:00 AM,24.69,16.62,0.30416667,7,100,61.036026,0,0,10.655001,11.865391,723.42615,26.79356,72.06608,72,82.00441,0,0,0,0,0,0,0,0,0,0,0,0,0,0,0,0,7,6,9,0,0,3,11,11,
..\..\..\files\Weather\MIRA\daily\AN001_Agugliano.csv,6/1/2024 12:00:00 AM,23.77,15.91,7.0750003,24,100,62.31379,0,0,9.84,11.651467,735.07764,27.225098,72.08062,72,81.895355,0,1,1,0,0,0,1,1,0,0,0,0,0,0,0,0,7,7,10,0,0,3,12,12,
..\..\..\files\Weather\MIRA\daily\AN001_Agugliano.csv,6/2/2024 12:00:00 AM,25.98,15.509999,1.8208333,24,96.01232,48.967842,0,0,10.744999,11.882851,746.9605,27.665203,72.09546,72,81.78406,0,0,0,0,0,0,0,1,0,0,0,0,0,0,0,0,7,7,10,0,0,3,12,13,
..\..\..\files\Weather\MIRA\daily\AN001_Agugliano.csv,6/3/2024 12:00:00 AM,23.56,16.19,0,9,100,65.1116,0,0,9.875,11.66273,758.6232,28.097157,72.110016,72,81.67488,0,0,0,0,0,0,0,0,0,0,0,0,0,0,0,1,7,7,10,0,0,3,12,13,
..\..\..\files\Weather\MIRA\daily\AN001_Agugliano.csv,6/4/2024 12:00:00 AM,23.8,15.829999,0,6,100,61.70202,0,0,9.814999,11.643309,770.26654,28.528389,72.12455,72,81.56587,0,0,0,0,0,0,0,0,0,0,0,0,0,0,0,0,7,7,10,0,0,3,12,13,
..\..\..\files\Weather\MIRA\daily\AN001_Agugliano.csv,6/5/2024 12:00:00 AM,25.9,14.890001,0,3,92.066925,46.640705,0,0,10.395,11.808083,782.07465,28.965727,72.1393,72,81.45527,0,0,0,0,0,0,0,0,0,0,0,0,0,0,0,1,7,7,10,0,0,3,12,13,
..\..\..\files\Weather\MIRA\daily\AN001_Agugliano.csv,6/6/2024 12:00:00 AM,27.220001,17.250002,0,3,93.292076,50.833767,0,0,12.235001,11.995919,794.07056,29.410019,72.154274,72,81.34294,0,0,0,0,0,0,0,0,0,0,0,0,0,0,0,0,7,7,10,0,0,3,12,13,
..\..\..\files\Weather\MIRA\daily\AN001_Agugliano.csv,6/7/2024 12:00:00 AM,29.45,17.66,0,0,86.075745,42.277912,0,0,13.555,11.822282,805.8928,29.847881,73.00525,73,74.96063,0,0,0,0,0,0,0,0,0,0,0,0,0,0,0,0,7,7,10,0,0,3,12,13,
..\..\..\files\Weather\MIRA\daily\AN001_Agugliano.csv,6/8/2024 12:00:00 AM,30.46,19.81,0,0,87.13518,46.19666,0,0,15.134998,11.281901,817.17474,30.26573,77.00677,77,39.966164,0,0,0,0,0,0,0,0,0,0,0,0,0,0,0,0,7,7,10,0,0,3,12,13,
..\..\..\files\Weather\MIRA\daily\AN001_Agugliano.csv,6/9/2024 12:00:00 AM,30.76,20.35,0,0,87.1817,46.979248,0,0,15.555,11.077971,828.2527,30.676025,77.01723,77,39.913864,0,0,0,0,0,0,0,0,0,1,1,0,0,0,1,1,7,7,10,0,0,3,12,13,
..\..\..\files\Weather\MIRA\daily\AN001_Agugliano.csv,6/10/2024 12:00:00 AM,31.12,21.818048,0,0,89.476326,52.23769,0,0,16.469025,10.547446,838.8001,31.066671,77.027176,77,39.86412,0,0,0,0,0,0,0,0,0,0,0,0,0,0,0,0,7,7,10,0,0,3,12,13,
..\..\..\files\Weather\MIRA\daily\AN001_Agugliano.csv,6/11/2024 12:00:00 AM,29.5,20.5,0,3,92.51847,54.091812,0,0,15,11.342095,850.1422,31.48675,77.03788,77,39.8106,0,0,0,0,0,0,0,0,0,0,0,0,0,0,0,0,7,7,10,0,0,3,12,13,
..\..\..\files\Weather\MIRA\daily\AN001_Agugliano.csv,6/12/2024 12:00:00 AM,28.1,19.422398,0.074999996,6,95.83658,57.581585,0,0,13.7612,11.772207,861.9144,31.922758,77.04899,77,39.75506,0,0,0,0,0,0,0,0,0,0,0,0,0,0,0,0,7,7,10,0,0,3,12,13,
..\..\..\files\Weather\MIRA\daily\AN001_Agugliano.csv,6/13/2024 12:00:00 AM,26.780003,16.92503,1.7249999,24,97.09431,57.495552,0,0,11.852516,11.99839,873.91284,32.36714,77.06031,77,39.69845,0,0,0,0,0,0,0,1,0,0,0,0,0,0,0,0,7,7,10,0,0,3,12,14,
..\..\..\files\Weather\MIRA\daily\AN001_Agugliano.csv,6/14/2024 12:00:00 AM,23.89,15.73,0.26250002,7,100,60.65517,0,0,9.809999,11.641665,885.5545,32.798313,77.0713,77,39.643517,0,0,0,0,0,0,0,0,0,0,0,0,0,0,0,0,7,7,10,0,0,3,12,14,
..\..\..\files\Weather\MIRA\daily\AN001_Agugliano.csv,6/15/2024 12:00:00 AM,26.37,15.26,6.0375004,23,91.40048,46.119118,0,0,10.815001,11.895591,897.4501,33.23889,77.08252,77,39.587402,0,1,1,0,0,0,1,1,0,0,0,0,0,0,0,0,7,8,11,0,0,3,13,15,
..\..\..\files\Weather\MIRA\daily\AN001_Agugliano.csv,6/16/2024 12:00:00 AM,29.18,16.05,0,0,84.37131,37.552284,0,0,12.615,11.972096,909.4222,33.6823,77.09382,77,39.530907,0,0,0,0,0,0,0,0,0,1,1,0,0,0,1,1,7,8,11,0,0,3,13,15,
..\..\..\files\Weather\MIRA\daily\AN001_Agugliano.csv,6/17/2024 12:00:00 AM,28.94,19.37,0,3,92.0168,51.81018,0,0,14.155001,11.659462,921.08167,34.114136,77.10482,77,39.4759,0,0,0,0,0,0,0,0,0,0,0,0,0,0,0,1,7,8,11,0,0,3,13,15,
..\..\..\files\Weather\MIRA\daily\AN001_Agugliano.csv,6/18/2024 12:00:00 AM,30.560001,19.230001,0,0,85.41906,43.43408,0,0,14.895,11.38711,932.46875,34.535877,77.11556,77,39.422188,0,0,0,0,0,0,0,0,0,0,0,0,0,0,0,0,7,8,11,0,0,3,13,15,
..\..\..\files\Weather\MIRA\daily\AN001_Agugliano.csv,6/19/2024 12:00:00 AM,31.98,20.060001,0,0,81.66088,40.325485,0,0,16.02,10.8228855,943.2916,34.936726,77.12578,77,39.37111,0,0,0,0,0,0,0,0,0,0,0,0,0,0,0,0,7,8,11,0,0,3,13,15,
..\..\..\files\Weather\MIRA\daily\AN001_Agugliano.csv,6/20/2024 12:00:00 AM,31.89,21.81,0,0,85.909966,47.48448,0,0,16.849998,10.291396,953.583,35.31789,77.13549,77,39.322548,0,0,0,0,0,0,0,0,0,0,0,0,0,0,0,0,7,8,11,0,0,3,13,15,
..\..\..\files\Weather\MIRA\daily\AN001_Agugliano.csv,6/21/2024 12:00:00 AM,33.79,23.6,0,0,84.947556,45.349106,0,0,18.695,8.763066,962.34607,35.64245,77.14375,77,39.281235,0,0,0,0,0,0,0,0,0,0,0,0,0,0,0,0,7,8,11,0,0,3,13,15,
..\..\..\files\Weather\MIRA\daily\AN001_Agugliano.csv,6/22/2024 12:00:00 AM,32.51,23.283535,0,1,90.62185,58.87542,0,0,17.896767,9.482743,971.8288,35.99366,77.1527,77,39.23649,0,0,0,0,0,0,0,0,0,0,0,0,0,0,0,0,7,8,11,0,0,3,13,15,
..\..\..\files\Weather\MIRA\daily\AN001_Agugliano.csv,6/23/2024 12:00:00 AM,31.93,20.386185,0,1,100,47.245235,0,0,16.158092,10.741219,982.57,36.391483,77.16284,77,39.18579,0,0,0,0,0,0,0,0,0,0,0,0,0,0,0,0,7,8,11,0,0,3,13,15,
..\..\..\files\Weather\MIRA\daily\AN001_Agugliano.csv,6/24/2024 12:00:00 AM,24.91,19.61,0.041666668,13,100,77.71766,0,0,12.26,11.995005,994.565,36.835743,77.17416,77,39.12922,0,0,0,0,0,0,0,1,0,0,0,0,0,0,0,0,7,8,11,0,0,3,13,16,
..\..\..\files\Weather\MIRA\daily\AN001_Agugliano.csv,6/25/2024 12:00:00 AM,26.48,19.530003,0.9583334,24,100,66.69732,0,0,13.005001,11.925605,1006.4906,37.27743,77.18541,77,39.072952,0,0,0,0,0,0,0,1,0,0,0,0,0,0,0,0,7,8,11,0,0,3,13,17,
..\..\..\files\Weather\MIRA\daily\AN001_Agugliano.csv,6/26/2024 12:00:00 AM,26.62,19.698551,0,8,100,67.789185,0,0,13.159275,11.901072,1018.39166,37.71821,77.19664,77,39.0168,0,0,0,0,0,0,0,0,0,0,0,0,0,0,0,0,7,8,11,0,0,3,13,17,
..\..\..\files\Weather\MIRA\daily\AN001_Agugliano.csv,6/27/2024 12:00:00 AM,27.5,18.36,0,5,94.98116,54.598797,0,0,12.93,11.936274,1030.3279,38.16029,77.20791,77,38.960457,0,0,0,0,0,0,0,0,0,0,0,0,0,0,0,0,7,8,11,0,0,3,13,17,
..\..\..\files\Weather\MIRA\daily\AN001_Agugliano.csv,6/28/2024 12:00:00 AM,30.830002,18.640001,0,0,83.03447,40.071484,0,0,14.735001,11.452665,1041.7805,38.584465,77.21871,77,38.90644,0,0,0,0,0,0,0,0,0,0,0,0,0,0,0,1,7,8,11,0,0,3,13,17,
..\..\..\files\Weather\MIRA\daily\AN001_Agugliano.csv,6/29/2024 12:00:00 AM,32.69,21.280003,0,0,81.46295,41.663784,0,0,16.985,10.195751,1051.9763,38.962086,77.22833,77,38.858337,0,0,0,0,0,0,0,0,0,0,0,0,0,0,1,0,7,8,11,0,0,3,13,17,
..\..\..\files\Weather\MIRA\daily\AN001_Agugliano.csv,6/30/2024 12:00:00 AM,34,23.06,0,0,79.86877,42.30327,0,0,18.529999,8.919109,1060.8954,39.292423,78.00088,78,34.995613,0,0,0,0,0,0,0,0,0,1,1,0,0,0,0,1,7,8,11,0,0,3,13,17,
