site,year,month,day,tmax,tmin,prec
Arezzo,2007,1,1,11.57,7.91,0.9
Arezzo,2007,1,2,13.38,8.59,0
Arezzo,2007,1,3,14.51,-1.25,0
Arezzo,2007,1,4,12.85,-1.48,0
Arezzo,2007,1,5,6.14,0.36,0
Arezzo,2007,1,6,14.21,-0.52,0
Arezzo,2007,1,7,12.49,1.2,0
Arezzo,2007,1,8,10.25,7.12,1.5
Arezzo,2007,1,9,11.36,7.33,9.1
Arezzo,2007,1,10,10.48,2.34,0
Arezzo,2007,1,11,8.69,3.26,0
Arezzo,2007,1,12,12.27,7.22,0
Arezzo,2007,1,13,15.59,3.89,0
Arezzo,2007,1,14,8.49,4.47,0
Arezzo,2007,1,15,8.99,4.81,0
Arezzo,2007,1,16,15.43,2.54,0
Arezzo,2007,1,17,8.97,5.3,0
Arezzo,2007,1,18,13.03,8.39,0
Arezzo,2007,1,19,13.8,9.27,0
Arezzo,2007,1,20,18.08,5.07,0
Arezzo,2007,1,21,14.08,8.02,0
Arezzo,2007,1,22,15.97,9.77,0
Arezzo,2007,1,23,15.89,11.17,0
Arezzo,2007,1,24,14.64,3.13,10.6
Arezzo,2007,1,25,6.85,1.2,5.8
Arezzo,2007,1,26,8.37,-1.25,0
Arezzo,2007,1,27,4.62,-1.99,1.7
Arezzo,2007,1,28,8.94,-3.4,0
Arezzo,2007,1,29,10.76,-0.5,0
Arezzo,2007,1,30,9.13,-0.6,0
Arezzo,2007,1,31,9.68,-0.7,0
Arezzo,2007,2,1,9.98,-0.29,0
Arezzo,2007,2,2,14.21,2.48,0
Arezzo,2007,2,3,15.82,-1.24,0
Arezzo,2007,2,4,14.22,2.67,0
Arezzo,2007,2,5,13.66,-2.96,0
Arezzo,2007,2,6,14.77,1.49,0
Arezzo,2007,2,7,12.27,3.4,1.1
Arezzo,2007,2,8,10.8,5.86,9.2
Arezzo,2007,2,9,14.22,7.36,13.6
Arezzo,2007,2,10,11.68,6.32,2
Arezzo,2007,2,11,14.55,5.08,0
Arezzo,2007,2,12,14.3,7.22,0
Arezzo,2007,2,13,13.15,6.54,14.1
Arezzo,2007,2,14,16.22,1.51,0
Arezzo,2007,2,15,14.1,5.35,3.5
Arezzo,2007,2,16,12.53,1.47,3.1
Arezzo,2007,2,17,16.12,3.89,0
Arezzo,2007,2,18,13.63,2.16,0
Arezzo,2007,2,19,10.29,5.57,0
Arezzo,2007,2,20,11.38,4.8,0
Arezzo,2007,2,21,16.42,4.33,0
Arezzo,2007,2,22,13.39,6.69,4.9
Arezzo,2007,2,23,15.56,2.16,0
Arezzo,2007,2,24,14.18,5.42,0
Arezzo,2007,2,25,13.51,7.7,0.8
Arezzo,2007,2,26,13.04,8.45,10
Arezzo,2007,2,27,17.13,0.95,0
Arezzo,2007,2,28,18.11,2.37,0
Arezzo,2007,3,1,14.14,7.31,0
Arezzo,2007,3,2,16.05,9.19,0
Arezzo,2007,3,3,15.65,8.52,0
Arezzo,2007,3,4,15.74,7.84,0
Arezzo,2007,3,5,20.43,5.86,0
Arezzo,2007,3,6,19.08,6.99,0
Arezzo,2007,3,7,16.58,9.89,2.4
Arezzo,2007,3,8,13.82,7.85,9.9
Arezzo,2007,3,9,17.89,7.93,0
Arezzo,2007,3,10,16.61,5.77,0
Arezzo,2007,3,11,14.96,8.27,0
Arezzo,2007,3,12,13.39,6.28,0
Arezzo,2007,3,13,17.71,2.89,0
Arezzo,2007,3,14,20.69,3.81,0
Arezzo,2007,3,15,20.82,4.79,0
Arezzo,2007,3,16,21.13,4.91,0
Arezzo,2007,3,17,22.19,4.15,0
Arezzo,2007,3,18,21.07,3.87,0
Arezzo,2007,3,19,18.16,9.08,0
Arezzo,2007,3,20,13.67,0.87,26.8
Arezzo,2007,3,21,7.97,2.21,4.5
Arezzo,2007,3,22,10.25,4.08,0
Arezzo,2007,3,23,11.72,-0.83,0
Arezzo,2007,3,24,13.64,-0.6,0
Arezzo,2007,3,25,12.36,3.06,10.5
Arezzo,2007,3,26,10.59,2.61,2.7
Arezzo,2007,3,27,13.27,4.34,2.4
Arezzo,2007,3,28,11.11,5.17,0
Arezzo,2007,3,29,13.61,3.19,0
Arezzo,2007,3,30,14.48,6.97,2.5
Arezzo,2007,3,31,15.81,4.93,10.4
Arezzo,2007,4,1,14.46,7.13,0
Arezzo,2007,4,2,19.54,5.42,0
Arezzo,2007,4,3,21.76,5.92,0
Arezzo,2007,4,4,18.53,6.25,1.4
Arezzo,2007,4,5,13.57,8.48,0
Arezzo,2007,4,6,18.27,2.39,0
Arezzo,2007,4,7,21.14,3.18,0
Arezzo,2007,4,8,21.83,3.72,0
Arezzo,2007,4,9,21.02,4.85,0
Arezzo,2007,4,10,22.19,3.83,0
Arezzo,2007,4,11,22.9,5.41,0
Arezzo,2007,4,12,24.38,6.8,0
Arezzo,2007,4,13,26.8,9.77,0
Arezzo,2007,4,14,26.51,10.73,0
Arezzo,2007,4,15,25,10.87,0
Arezzo,2007,4,16,25.85,9.19,0
Arezzo,2007,4,17,25.33,7.47,0
Arezzo,2007,4,18,23.87,4.59,0
Arezzo,2007,4,19,24.79,7.15,0
Arezzo,2007,4,20,24.92,9.27,0
Arezzo,2007,4,21,26.34,9.31,0
Arezzo,2007,4,22,27.79,7.78,0
Arezzo,2007,4,23,28.32,9.32,0
Arezzo,2007,4,24,27.64,8.86,0
Arezzo,2007,4,25,27.42,9.37,0
Arezzo,2007,4,26,26.79,9.54,0
Arezzo,2007,4,27,22.4,8.22,0
Arezzo,2007,4,28,24.2,7.07,0
Arezzo,2007,4,29,25.94,7.11,0
Arezzo,2007,4,30,25.66,10.59,0
Arezzo,2007,5,1,21.28,7.62,6.7
Arezzo,2007,5,2,23.32,10.56,4.9
Arezzo,2007,5,3,19.61,9.03,7.8
Arezzo,2007,5,4,18.3,12.8,7.1
Arezzo,2007,5,5,18.14,10.8,4
Arezzo,2007,5,6,18.07,8.49,4.6
Arezzo,2007,5,7,19.61,9.31,4.9
Arezzo,2007,5,8,24,7.33,0
Arezzo,2007,5,9,26.01,8.93,0
Arezzo,2007,5,10,25.82,10.16,0
Arezzo,2007,5,11,27.16,14.68,0
Arezzo,2007,5,12,26.09,11.11,0
Arezzo,2007,5,13,27.1,10.7,0
Arezzo,2007,5,14,28.83,10.64,0
Arezzo,2007,5,15,29.44,14.14,0
Arezzo,2007,5,16,23.4,7.03,0
Arezzo,2007,5,17,22.43,6.8,0
Arezzo,2007,5,18,23.69,9.66,0
Arezzo,2007,5,19,22.28,6.58,0
Arezzo,2007,5,20,26.19,8.46,0
Arezzo,2007,5,21,27.47,11.24,0
Arezzo,2007,5,22,29.52,12.34,0
Arezzo,2007,5,23,31.34,15.49,0
Arezzo,2007,5,24,31.45,15.32,0
Arezzo,2007,5,25,31.78,14.85,0
Arezzo,2007,5,26,33.2,15.34,0
Arezzo,2007,5,27,29.01,12.75,0
Arezzo,2007,5,28,24.15,12.8,5.6
Arezzo,2007,5,29,19.5,8.91,29.9
Arezzo,2007,5,30,18.95,10.03,1.3
Arezzo,2007,5,31,22.42,8.45,0
Arezzo,2007,6,1,24.08,12,0
Arezzo,2007,6,2,20.79,11.42,9.1
Arezzo,2007,6,3,21.31,13.01,1.2
Arezzo,2007,6,4,22.87,12.72,0
Arezzo,2007,6,5,26.91,15.79,0
Arezzo,2007,6,6,26.05,13.42,7.5
Arezzo,2007,6,7,23.85,15.71,11.5
Arezzo,2007,6,8,26.27,12.85,13.2
Arezzo,2007,6,9,27.03,14.25,0
Arezzo,2007,6,10,28.91,14.76,0
Arezzo,2007,6,11,29.96,14.58,0
Arezzo,2007,6,12,28.22,13.4,0
Arezzo,2007,6,13,28.29,13.8,0
Arezzo,2007,6,14,27.89,14.34,0
Arezzo,2007,6,15,30.26,16.34,0
Arezzo,2007,6,16,27.68,17.78,0
Arezzo,2007,6,17,28.43,17.36,0
Arezzo,2007,6,18,27.24,14.24,0
Arezzo,2007,6,19,32.4,16.96,0
Arezzo,2007,6,20,34.48,17.94,0
Arezzo,2007,6,21,33.88,17.43,0
Arezzo,2007,6,22,31.85,17.27,0
Arezzo,2007,6,23,30.87,18.54,0
Arezzo,2007,6,24,31.01,12.24,0
Arezzo,2007,6,25,31.41,16.67,0
Arezzo,2007,6,26,35.91,19.85,0
Arezzo,2007,6,27,28.46,12.11,0
Arezzo,2007,6,28,27.63,11.51,0
Arezzo,2007,6,29,27.84,10.75,0
Arezzo,2007,6,30,30.31,12.42,0
Arezzo,2007,7,1,30.22,13.98,0
Arezzo,2007,7,2,32.94,15.02,0
Arezzo,2007,7,3,28.63,15.29,0
Arezzo,2007,7,4,29.15,15.3,0
Arezzo,2007,7,5,27.16,10.8,0
Arezzo,2007,7,6,30.56,10.21,0
Arezzo,2007,7,7,31.94,11.62,0
Arezzo,2007,7,8,32.67,13.75,0
Arezzo,2007,7,9,33.78,16.18,0
Arezzo,2007,7,10,33.51,16.65,0
Arezzo,2007,7,11,29.52,10.73,0
Arezzo,2007,7,12,27.55,10.02,0
Arezzo,2007,7,13,30.37,10.44,0
Arezzo,2007,7,14,32.59,12.73,0
Arezzo,2007,7,15,35.27,15.26,0
Arezzo,2007,7,16,37.05,15.72,0
Arezzo,2007,7,17,37.99,15.44,0
Arezzo,2007,7,18,38.43,16.51,0
Arezzo,2007,7,19,39.38,18.06,0
Arezzo,2007,7,20,39.15,16.02,0
Arezzo,2007,7,21,37.7,16.55,0
Arezzo,2007,7,22,36.78,17.69,0
Arezzo,2007,7,23,35.52,15.75,0
Arezzo,2007,7,24,37.26,20.44,0
Arezzo,2007,7,25,32.47,13.33,0
Arezzo,2007,7,26,35.35,16.79,0
Arezzo,2007,7,27,36.62,15.93,0
Arezzo,2007,7,28,37.16,14.6,0
Arezzo,2007,7,29,36.18,16.9,0
Arezzo,2007,7,30,37.72,16.46,0
Arezzo,2007,7,31,35.39,18.19,0
Arezzo,2007,8,1,29.84,14.33,0
Arezzo,2007,8,2,32.31,13.72,0
Arezzo,2007,8,3,36.15,15.83,0
Arezzo,2007,8,4,28.07,16.74,0
Arezzo,2007,8,5,30.56,14.42,0
Arezzo,2007,8,6,31.35,13.01,0
Arezzo,2007,8,7,33.7,14.27,0
Arezzo,2007,8,8,34.36,16.71,0
Arezzo,2007,8,9,30.1,15.29,13
Arezzo,2007,8,10,27.27,12.95,0
Arezzo,2007,8,11,23.11,14.85,7.5
Arezzo,2007,8,12,27.94,14.3,0
Arezzo,2007,8,13,30.03,15.01,0
Arezzo,2007,8,14,29.46,14.35,0
Arezzo,2007,8,15,32.38,14.72,0
Arezzo,2007,8,16,33.7,14.86,0
Arezzo,2007,8,17,35.36,14.83,0
Arezzo,2007,8,18,33.6,11.68,0
Arezzo,2007,8,19,31.6,13.01,0
Arezzo,2007,8,20,30.55,16.3,2.2
Arezzo,2007,8,21,28.61,13.87,0.7
Arezzo,2007,8,22,25.3,16.33,1.5
Arezzo,2007,8,23,26.09,19.17,1.7
Arezzo,2007,8,24,25.87,13.74,6.6
Arezzo,2007,8,25,28.21,14.68,0
Arezzo,2007,8,26,35.97,17.67,0
Arezzo,2007,8,27,36.29,17.91,0
Arezzo,2007,8,28,36.49,16.77,0
Arezzo,2007,8,29,36.84,16.63,0
Arezzo,2007,8,30,34.67,18.95,0
Arezzo,2007,8,31,30.85,17.42,0
Arezzo,2007,9,1,30.77,15.44,8
Arezzo,2007,9,2,28.23,14.26,0
Arezzo,2007,9,3,29.11,12.18,0
Arezzo,2007,9,4,29.31,15.81,0
Arezzo,2007,9,5,21.42,7.74,7.8
Arezzo,2007,9,6,23.93,5.54,0
Arezzo,2007,9,7,21.19,7.68,0
Arezzo,2007,9,8,26.65,10.07,0
Arezzo,2007,9,9,28.39,10.02,0
Arezzo,2007,9,10,28.64,14.85,0
Arezzo,2007,9,11,27.27,15.83,0
Arezzo,2007,9,12,27.96,10.41,0
Arezzo,2007,9,13,27.61,9.74,0
Arezzo,2007,9,14,28.58,10.22,0
Arezzo,2007,9,15,27.98,11.95,0
Arezzo,2007,9,16,29.58,15.11,0
Arezzo,2007,9,17,30.55,17.84,12.3
Arezzo,2007,9,18,27.5,19.45,0
Arezzo,2007,9,19,28.37,13.68,8.3
Arezzo,2007,9,20,21.76,10.8,0
Arezzo,2007,9,21,23.13,8.86,0
Arezzo,2007,9,22,25.25,7.37,0
Arezzo,2007,9,23,27.48,7.28,0
Arezzo,2007,9,24,27.7,11.22,0
Arezzo,2007,9,25,27.97,9.83,0
Arezzo,2007,9,26,27.71,12.18,0
Arezzo,2007,9,27,23.62,10.23,13.4
Arezzo,2007,9,28,19.23,10.32,30.4
Arezzo,2007,9,29,15.43,7.78,7
Arezzo,2007,9,30,21.68,9.9,0
Arezzo,2007,10,1,25.96,11.08,0
Arezzo,2007,10,2,27.77,11.88,0
Arezzo,2007,10,3,27.98,11.88,0
Arezzo,2007,10,4,28.57,14.31,0
Arezzo,2007,10,5,26.51,12.55,0
Arezzo,2007,10,6,27.91,13.29,0
Arezzo,2007,10,7,24.78,15.96,0
Arezzo,2007,10,8,21.51,10.67,0
Arezzo,2007,10,9,24.39,8.06,0
Arezzo,2007,10,10,22.54,11.05,0
Arezzo,2007,10,11,21.95,12.19,0
Arezzo,2007,10,12,21.11,9.96,0
Arezzo,2007,10,13,22.53,9.51,0
Arezzo,2007,10,14,23.17,9.49,0
Arezzo,2007,10,15,20.64,5.66,0
Arezzo,2007,10,16,22.74,3.66,0
Arezzo,2007,10,17,21.84,4.33,0
Arezzo,2007,10,18,21.78,8.21,0
Arezzo,2007,10,19,21.07,5.72,0
Arezzo,2007,10,20,17.67,3.14,0.5
Arezzo,2007,10,21,10.89,2.67,1.4
Arezzo,2007,10,22,10.62,4.77,0
Arezzo,2007,10,23,11.67,5.17,0.9
Arezzo,2007,10,24,12.68,4.24,0
Arezzo,2007,10,25,13.85,8.06,3.1
Arezzo,2007,10,26,16.64,11.08,16.8
Arezzo,2007,10,27,17,10.99,2.6
Arezzo,2007,10,28,21.59,7.03,0
Arezzo,2007,10,29,18.78,7.26,0
Arezzo,2007,10,30,21,10.18,4.7
Arezzo,2007,10,31,15.64,11.85,8.8
Arezzo,2007,11,1,14.8,9.96,0
Arezzo,2007,11,2,13.75,8.76,0
Arezzo,2007,11,3,17.9,7.55,0
Arezzo,2007,11,4,19.65,3.57,0
Arezzo,2007,11,5,18.74,6.37,0
Arezzo,2007,11,6,17.02,3.46,0
Arezzo,2007,11,7,10.42,2.04,0
Arezzo,2007,11,8,16.9,1.43,0
Arezzo,2007,11,9,16.51,6.63,1.3
Arezzo,2007,11,10,17.37,-0.95,3.6
Arezzo,2007,11,11,14.47,2.68,0
Arezzo,2007,11,12,15.26,5.78,0
Arezzo,2007,11,13,17.65,-1.08,0
Arezzo,2007,11,14,14.55,1.43,5
Arezzo,2007,11,15,6.21,0.04,10.4
Arezzo,2007,11,16,9.9,4.1,0
Arezzo,2007,11,17,7.38,3.89,0
Arezzo,2007,11,18,5.53,1.12,0
Arezzo,2007,11,19,5.81,-0.88,0
Arezzo,2007,11,20,11.91,-1.77,0
Arezzo,2007,11,21,11.72,1.36,0
Arezzo,2007,11,22,12.14,4.79,0
Arezzo,2007,11,23,13.73,7.91,0
Arezzo,2007,11,24,17.85,10.77,0
Arezzo,2007,11,25,19.31,8.2,7.7
Arezzo,2007,11,26,15.03,7.83,0
Arezzo,2007,11,27,14.85,1.99,0
Arezzo,2007,11,28,15.06,4.69,0
Arezzo,2007,11,29,14.33,4.1,0
Arezzo,2007,11,30,13.08,0.07,0
Arezzo,2007,12,1,10.17,1.8,0
Arezzo,2007,12,2,9.27,3.88,0
Arezzo,2007,12,3,13.65,6.57,0
Arezzo,2007,12,4,13.28,1.28,4.2
Arezzo,2007,12,5,13.97,0.34,0
Arezzo,2007,12,6,12.83,-0.28,0
Arezzo,2007,12,7,12.79,0.59,0
Arezzo,2007,12,8,11.76,3.72,5.7
Arezzo,2007,12,9,10.75,1.77,0
Arezzo,2007,12,10,6.86,3.05,8.5
Arezzo,2007,12,11,11.01,3.12,0
Arezzo,2007,12,12,11.81,0.4,0
Arezzo,2007,12,13,12.53,1.05,0
Arezzo,2007,12,14,10.29,0.62,0
Arezzo,2007,12,15,8.28,-1.93,0
Arezzo,2007,12,16,3.01,-1.94,0
Arezzo,2007,12,17,5.1,1.21,2.1
Arezzo,2007,12,18,7.35,2,0
Arezzo,2007,12,19,6.16,0.69,0
Arezzo,2007,12,20,10.26,-2.99,0
Arezzo,2007,12,21,11.13,-4.84,0
Arezzo,2007,12,22,10.19,-2.52,0
Arezzo,2007,12,23,8.68,-0.49,4.2
Arezzo,2007,12,24,10.45,5.4,0
Arezzo,2007,12,25,10.37,2.06,0
Arezzo,2007,12,26,12.39,3.24,1
Arezzo,2007,12,27,10.82,2.02,0
Arezzo,2007,12,28,10.54,0.33,0
Arezzo,2007,12,29,10.66,-3.67,0
Arezzo,2007,12,30,9.09,-3.19,0
Arezzo,2007,12,31,6.96,-1.66,2.4
Arezzo,2008,1,1,11.65,-2.15,0
Arezzo,2008,1,2,8.78,-4.23,0
Arezzo,2008,1,3,7.63,-1.83,0
Arezzo,2008,1,4,6.28,1.1,1
Arezzo,2008,1,5,12.65,4.69,3
Arezzo,2008,1,6,10.39,6.13,5.1
Arezzo,2008,1,7,11.04,8.78,10.6
Arezzo,2008,1,8,11.73,7.76,0
Arezzo,2008,1,9,15.6,4.56,0
Arezzo,2008,1,10,10.63,6.46,2.7
Arezzo,2008,1,11,10.06,8.41,3.4
Arezzo,2008,1,12,12.64,9.12,6.7
Arezzo,2008,1,13,12.08,3.4,29.6
Arezzo,2008,1,14,8.4,2.9,1.4
Arezzo,2008,1,15,8.32,2.46,0
Arezzo,2008,1,16,8.9,4.33,3.7
Arezzo,2008,1,17,10.76,7.57,19.3
Arezzo,2008,1,18,9.19,6.09,2
Arezzo,2008,1,19,13.15,1.22,0
Arezzo,2008,1,20,12.15,1.96,0
Arezzo,2008,1,21,7.04,4.23,0
Arezzo,2008,1,22,9.88,5.94,0
Arezzo,2008,1,23,10.53,3.77,0
Arezzo,2008,1,24,10.57,2.18,0
Arezzo,2008,1,25,14.37,-1.8,0
Arezzo,2008,1,26,15.52,0.24,0
Arezzo,2008,1,27,16.77,-1.97,0
Arezzo,2008,1,28,9.2,-0.37,0
Arezzo,2008,1,29,15.45,0.94,0
Arezzo,2008,1,30,13.73,3.1,0
Arezzo,2008,1,31,14.33,6.48,5.8
Arezzo,2008,2,1,9.6,5.09,3.2
Arezzo,2008,2,2,11.75,5.33,5.7
Arezzo,2008,2,3,11.74,6.99,19.5
Arezzo,2008,2,4,10.7,6.67,11.1
Arezzo,2008,2,5,13.48,2.81,12.9
Arezzo,2008,2,6,12.02,0.77,0
Arezzo,2008,2,7,13.53,1.74,0
Arezzo,2008,2,8,15.18,2.06,0
Arezzo,2008,2,9,10.66,3.4,0
Arezzo,2008,2,10,11.7,3.48,0
Arezzo,2008,2,11,11.17,3.97,0
Arezzo,2008,2,12,9.46,-1.09,0
Arezzo,2008,2,13,10.86,-1.53,0
Arezzo,2008,2,14,12.51,-3.06,0
Arezzo,2008,2,15,12.92,-2.81,0
Arezzo,2008,2,16,12.69,-0.3,0
Arezzo,2008,2,17,8.33,-3.32,0
Arezzo,2008,2,18,7.58,-6.77,0
Arezzo,2008,2,19,9.92,-2.34,0
Arezzo,2008,2,20,10.22,-0.17,0
Arezzo,2008,2,21,12.66,1.39,0
Arezzo,2008,2,22,15.88,-0.07,0
Arezzo,2008,2,23,16.94,0.54,0
Arezzo,2008,2,24,14.76,0.05,0
Arezzo,2008,2,25,18.96,1.64,0
Arezzo,2008,2,26,18.46,3.08,0
Arezzo,2008,2,27,14.03,7.22,2.1
Arezzo,2008,2,28,12.86,9.68,0
Arezzo,2008,2,29,15.31,8.68,0
Arezzo,2008,3,1,15.44,9.72,0
Arezzo,2008,3,2,14.85,5.19,0
Arezzo,2008,3,3,19.98,7.6,0
Arezzo,2008,3,4,18.98,7.75,0
Arezzo,2008,3,5,17.43,2.84,3.8
Arezzo,2008,3,6,6.83,2.89,1
Arezzo,2008,3,7,6.95,2.45,5
Arezzo,2008,3,8,7.1,2.4,6
Arezzo,2008,3,9,14.03,2.51,0
Arezzo,2008,3,10,13.29,5.49,1.2
Arezzo,2008,3,11,12.24,6.18,5.2
Arezzo,2008,3,12,13.15,4.48,4.7
Arezzo,2008,3,13,17.7,6.59,0
Arezzo,2008,3,14,19.63,3.25,0
Arezzo,2008,3,15,18.17,8.17,0
Arezzo,2008,3,16,17.67,9.74,0
Arezzo,2008,3,17,15.58,7.38,0
Arezzo,2008,3,18,16.52,5.89,0
Arezzo,2008,3,19,15.16,5.05,3.1
Arezzo,2008,3,20,15.59,4.18,0
Arezzo,2008,3,21,11.11,-2.42,0.8
Arezzo,2008,3,22,11.39,2.8,18
Arezzo,2008,3,23,13.01,2.32,2.2
Arezzo,2008,3,24,7.48,0.89,20.2
Arezzo,2008,3,25,9.6,-1.5,2.7
Arezzo,2008,3,26,14.69,2.86,0
Arezzo,2008,3,27,16.02,5.64,2.6
Arezzo,2008,3,28,14.96,6.17,9.1
Arezzo,2008,3,29,16.42,2.25,0
Arezzo,2008,3,30,20.52,3.82,0
Arezzo,2008,3,31,21.96,5.2,0
Arezzo,2008,4,1,20.19,6.57,0
Arezzo,2008,4,2,21.91,5.56,0
Arezzo,2008,4,3,20.49,2.96,0
Arezzo,2008,4,4,17.23,4.85,0
Arezzo,2008,4,5,16.11,1.94,0
Arezzo,2008,4,6,16.89,1.31,0
Arezzo,2008,4,7,19.4,6.1,0
Arezzo,2008,4,8,18.82,10.3,0
Arezzo,2008,4,9,16.34,9.15,1.6
Arezzo,2008,4,10,18.18,11.33,1.5
Arezzo,2008,4,11,20.41,14.91,0
Arezzo,2008,4,12,18.79,10.25,1.4
Arezzo,2008,4,13,17.26,8.4,2.3
Arezzo,2008,4,14,17.3,5.18,1.7
Arezzo,2008,4,15,17.21,4.99,5.4
Arezzo,2008,4,16,12.83,3.28,4.8
Arezzo,2008,4,17,18.07,5.66,0
Arezzo,2008,4,18,16.63,8.89,9.8
Arezzo,2008,4,19,17.39,12.72,0
Arezzo,2008,4,20,21.66,5.5,0
Arezzo,2008,4,21,22.61,9.85,3.4
Arezzo,2008,4,22,17.72,9.69,2.7
Arezzo,2008,4,23,16.69,11.02,1.5
Arezzo,2008,4,24,21.39,7.87,0
Arezzo,2008,4,25,22.12,5.56,0
Arezzo,2008,4,26,22.8,7.12,0
Arezzo,2008,4,27,19.68,5.21,0
Arezzo,2008,4,28,21.96,4.67,0
Arezzo,2008,4,29,23.45,9.87,2.6
Arezzo,2008,4,30,13.52,8.32,1.6
Arezzo,2008,5,1,21.15,9.54,0
Arezzo,2008,5,2,21.67,3.63,0
Arezzo,2008,5,3,24.76,7.35,0
Arezzo,2008,5,4,25.31,7.81,0
Arezzo,2008,5,5,25.38,10.94,0
Arezzo,2008,5,6,17.01,5.48,3
Arezzo,2008,5,7,21.01,7.76,0
Arezzo,2008,5,8,23.49,5.64,0
Arezzo,2008,5,9,24.79,7.75,0
Arezzo,2008,5,10,25.71,9.55,0
Arezzo,2008,5,11,24.68,10.82,0
Arezzo,2008,5,12,24.33,11.76,0
Arezzo,2008,5,13,23.21,11.91,0
Arezzo,2008,5,14,23.28,13.02,0
Arezzo,2008,5,15,22.42,9.38,0
Arezzo,2008,5,16,23.73,12.93,0
Arezzo,2008,5,17,22.39,13.78,2.4
Arezzo,2008,5,18,25.2,13.07,1
Arezzo,2008,5,19,22.58,11.7,11.9
Arezzo,2008,5,20,21.39,13.37,7.3
Arezzo,2008,5,21,20.11,12.13,6.5
Arezzo,2008,5,22,21.64,12.82,28.2
Arezzo,2008,5,23,22.64,8.44,0
Arezzo,2008,5,24,22.58,10.85,0
Arezzo,2008,5,25,24.88,12.15,0
Arezzo,2008,5,26,26.79,12.87,0
Arezzo,2008,5,27,30.33,15.11,0
Arezzo,2008,5,28,32.63,15.44,0
Arezzo,2008,5,29,31.39,18.22,0
Arezzo,2008,5,30,25.1,14.98,7.6
Arezzo,2008,5,31,20.32,14.87,3
Arezzo,2008,6,1,24.64,13.06,0
Arezzo,2008,6,2,28.1,15.22,0
Arezzo,2008,6,3,24.29,13.09,2.5
Arezzo,2008,6,4,23.59,15.05,5.2
Arezzo,2008,6,5,25.04,12.47,0
Arezzo,2008,6,6,24.21,13.34,3.4
Arezzo,2008,6,7,25.44,14.64,3.3
Arezzo,2008,6,8,21.11,12.84,2.2
Arezzo,2008,6,9,23.75,11.96,3.5
Arezzo,2008,6,10,25.77,12.48,0
Arezzo,2008,6,11,27.83,14.04,0
Arezzo,2008,6,12,26.32,14.74,0
Arezzo,2008,6,13,20.97,15.56,3.4
Arezzo,2008,6,14,23.27,13.33,19.9
Arezzo,2008,6,15,22.69,7.48,0.9
Arezzo,2008,6,16,23.38,13.24,0
Arezzo,2008,6,17,24.28,13.08,0
Arezzo,2008,6,18,26.27,14.15,18
Arezzo,2008,6,19,29.36,13.89,0
Arezzo,2008,6,20,30.34,16.4,0
Arezzo,2008,6,21,32.2,16.22,0
Arezzo,2008,6,22,33.42,16.59,0
Arezzo,2008,6,23,34.91,17,0
Arezzo,2008,6,24,34.64,15.82,0
Arezzo,2008,6,25,33.99,17.43,0
Arezzo,2008,6,26,35.19,17.19,0
Arezzo,2008,6,27,36.04,17.35,0
Arezzo,2008,6,28,34.72,17.83,0
Arezzo,2008,6,29,32.79,18.94,0
Arezzo,2008,6,30,34.7,19.52,0
Arezzo,2008,7,1,35.04,17.92,0
Arezzo,2008,7,2,33.35,18.65,0
Arezzo,2008,7,3,34.38,16.66,0
Arezzo,2008,7,4,32.91,17.82,0
Arezzo,2008,7,5,32.35,13.38,0
Arezzo,2008,7,6,31.28,15.07,0
Arezzo,2008,7,7,33.07,16.68,0
Arezzo,2008,7,8,32.09,18.03,0
Arezzo,2008,7,9,29.86,12.21,0
Arezzo,2008,7,10,29.68,13,0
Arezzo,2008,7,11,33.06,14.64,0
Arezzo,2008,7,12,33.49,15.08,0
Arezzo,2008,7,13,34.83,14.39,0
Arezzo,2008,7,14,28.89,17.92,12.2
Arezzo,2008,7,15,28.11,13.17,0
Arezzo,2008,7,16,28.75,12.88,0
Arezzo,2008,7,17,31.98,12.15,0
Arezzo,2008,7,18,30.74,15.86,0
Arezzo,2008,7,19,30.98,15.37,0
Arezzo,2008,7,20,32.91,14.99,0
Arezzo,2008,7,21,32.52,16.46,0
Arezzo,2008,7,22,32.12,17.35,0
Arezzo,2008,7,23,26.28,10.52,0
Arezzo,2008,7,24,29.8,11.36,0
Arezzo,2008,7,25,31.12,12.08,0
Arezzo,2008,7,26,32.41,13.58,0
Arezzo,2008,7,27,33.03,18.14,0
Arezzo,2008,7,28,32.39,16.34,0
Arezzo,2008,7,29,32.85,17.37,4
Arezzo,2008,7,30,34.78,18.37,0
Arezzo,2008,7,31,36.14,18.75,0
Arezzo,2008,8,1,35.71,17.79,0
Arezzo,2008,8,2,36.78,16.25,0
Arezzo,2008,8,3,35.83,16.23,0
Arezzo,2008,8,4,35.38,16.7,0
Arezzo,2008,8,5,36.17,16.91,0
Arezzo,2008,8,6,35.33,18.48,0
Arezzo,2008,8,7,36.17,18.51,0
Arezzo,2008,8,8,36.46,17.58,0
Arezzo,2008,8,9,33.94,15.58,0
Arezzo,2008,8,10,31.86,13.63,0
Arezzo,2008,8,11,33.09,13.93,0
Arezzo,2008,8,12,33.71,15.6,0
Arezzo,2008,8,13,34.08,16.26,0
Arezzo,2008,8,14,34.4,18.39,0
Arezzo,2008,8,15,35.15,20.54,0
Arezzo,2008,8,16,28.2,13.78,37.5
Arezzo,2008,8,17,27.7,14.49,0
Arezzo,2008,8,18,26.79,12.37,0
Arezzo,2008,8,19,30.79,13.52,0
Arezzo,2008,8,20,32.54,13.82,0
Arezzo,2008,8,21,33.51,12.81,0
Arezzo,2008,8,22,33.72,14.79,0
Arezzo,2008,8,23,34.72,14.91,0
Arezzo,2008,8,24,32.05,14.1,0
Arezzo,2008,8,25,29.87,12.51,0
Arezzo,2008,8,26,30.55,14.69,0
Arezzo,2008,8,27,31.13,13.72,0
Arezzo,2008,8,28,31.25,13.3,0
Arezzo,2008,8,29,31.89,13.29,0
Arezzo,2008,8,30,33.92,14.52,0
Arezzo,2008,8,31,34.7,14.49,0
Arezzo,2008,9,1,34.4,15.03,0
Arezzo,2008,9,2,32.51,16.2,0
Arezzo,2008,9,3,31.44,14.04,0
Arezzo,2008,9,4,31.23,15.6,0
Arezzo,2008,9,5,30.97,17.62,0
Arezzo,2008,9,6,33.91,18.52,0
Arezzo,2008,9,7,35.06,20.04,0
Arezzo,2008,9,8,30.49,15.94,0
Arezzo,2008,9,9,29.98,10.77,0
Arezzo,2008,9,10,33.33,15.09,0
Arezzo,2008,9,11,35.12,19.05,0
Arezzo,2008,9,12,36.72,16.87,0
Arezzo,2008,9,13,31.91,17.44,23.5
Arezzo,2008,9,14,22.43,13.98,7.7
Arezzo,2008,9,15,22.15,11.17,13.9
Arezzo,2008,9,16,20.74,8.56,2
Arezzo,2008,9,17,20.68,6.52,0
Arezzo,2008,9,18,24.01,9.32,0
Arezzo,2008,9,19,24.62,11.51,0.9
Arezzo,2008,9,20,16.61,9.22,5
Arezzo,2008,9,21,19.49,8.32,0
Arezzo,2008,9,22,19.03,8.39,0
Arezzo,2008,9,23,21.23,6.3,0
Arezzo,2008,9,24,21.29,7.37,0
Arezzo,2008,9,25,21.8,7.98,0
Arezzo,2008,9,26,20.57,9.07,0
Arezzo,2008,9,27,18.01,10.45,0
Arezzo,2008,9,28,19.35,7.47,0
Arezzo,2008,9,29,20.13,4.18,0
Arezzo,2008,9,30,21.13,4.65,0
Arezzo,2008,10,1,21.17,7.07,0
Arezzo,2008,10,2,23.21,9.87,0
Arezzo,2008,10,3,22.71,12.32,0
Arezzo,2008,10,4,22.18,6.72,4.3
Arezzo,2008,10,5,18.9,2.63,0
Arezzo,2008,10,6,18.3,8.18,0
Arezzo,2008,10,7,20.7,12.81,0
Arezzo,2008,10,8,21.7,10.92,0
Arezzo,2008,10,9,23.47,8.88,0
Arezzo,2008,10,10,26.03,9.64,0
Arezzo,2008,10,11,25.97,8.74,0
Arezzo,2008,10,12,26.37,8.03,0
Arezzo,2008,10,13,26.11,7.19,0
Arezzo,2008,10,14,25.46,9.01,0
Arezzo,2008,10,15,24.51,10.89,0
Arezzo,2008,10,16,25.86,12.84,0
Arezzo,2008,10,17,23.8,14.8,0
Arezzo,2008,10,18,25.41,11.83,0
Arezzo,2008,10,19,22.19,9.87,0
Arezzo,2008,10,20,21.95,8.67,0
Arezzo,2008,10,21,23.01,10.87,0
Arezzo,2008,10,22,20.71,9.85,0
Arezzo,2008,10,23,24.61,11.18,0
Arezzo,2008,10,24,22.74,14.51,0
Arezzo,2008,10,25,21.88,14.19,1.4
Arezzo,2008,10,26,23.19,9.1,0
Arezzo,2008,10,27,23.52,7.4,0
Arezzo,2008,10,28,17.51,11.07,7.4
Arezzo,2008,10,29,19.55,14.37,16.1
Arezzo,2008,10,30,22.25,10.74,13.1
Arezzo,2008,10,31,16.22,10.66,1.7
Arezzo,2008,11,1,17.57,12.58,17.7
Arezzo,2008,11,2,18.11,10,0
Arezzo,2008,11,3,21.5,10.67,0
Arezzo,2008,11,4,22.37,13.4,7.2
Arezzo,2008,11,5,18.77,10.29,14
Arezzo,2008,11,6,20.34,6.74,0
Arezzo,2008,11,7,19.02,6.67,2
Arezzo,2008,11,8,15.59,9.39,0
Arezzo,2008,11,9,17.13,6.92,0
Arezzo,2008,11,10,16.9,3.8,0
Arezzo,2008,11,11,16.08,4.15,0
Arezzo,2008,11,12,12.45,6,0
Arezzo,2008,11,13,15.32,10.38,11.1
Arezzo,2008,11,14,13.47,7.66,14.2
Arezzo,2008,11,15,14.64,10.73,1.4
Arezzo,2008,11,16,15.7,7.29,0
Arezzo,2008,11,17,19,3.38,0
Arezzo,2008,11,18,16.23,3.29,0
Arezzo,2008,11,19,13.97,1.27,0
Arezzo,2008,11,20,14.2,2.65,0
Arezzo,2008,11,21,13.75,6.26,2.4
Arezzo,2008,11,22,13.25,2.89,3
Arezzo,2008,11,23,13.46,-2.21,0
Arezzo,2008,11,24,10.49,-2.55,2.2
Arezzo,2008,11,25,5.65,2.24,30.3
Arezzo,2008,11,26,9.29,1.62,0
Arezzo,2008,11,27,10.34,0.42,0
Arezzo,2008,11,28,12.46,3.57,4.2
Arezzo,2008,11,29,12.29,5.88,27.6
Arezzo,2008,11,30,12.8,8.41,13
Arezzo,2008,12,1,13.34,6.23,20.3
Arezzo,2008,12,2,11,4.4,2.9
Arezzo,2008,12,3,10.24,1.81,4.4
Arezzo,2008,12,4,7.86,-1.96,0
Arezzo,2008,12,5,11.99,-0.87,5.1
Arezzo,2008,12,6,10.82,7.27,36.1
Arezzo,2008,12,7,12.76,0.71,0
Arezzo,2008,12,8,12.19,-1.7,0
Arezzo,2008,12,9,11.05,-2.29,0
Arezzo,2008,12,10,7.91,0.05,10.2
Arezzo,2008,12,11,11.28,6.04,58.4
Arezzo,2008,12,12,10.34,6.96,9.9
Arezzo,2008,12,13,9.24,6.19,0.9
Arezzo,2008,12,14,13.38,4.93,1.5
Arezzo,2008,12,15,13.12,7.36,2.5
Arezzo,2008,12,16,10.61,7.22,7.4
Arezzo,2008,12,17,10.18,3.17,8.6
Arezzo,2008,12,18,10.96,0.34,0
Arezzo,2008,12,19,5.74,2.18,0.9
Arezzo,2008,12,20,10.87,-0.23,0
Arezzo,2008,12,21,12.88,-0.71,0
Arezzo,2008,12,22,12.17,-0.14,0
Arezzo,2008,12,23,13.16,0.5,0
Arezzo,2008,12,24,6.69,0.31,0
Arezzo,2008,12,25,8.8,0.69,0
Arezzo,2008,12,26,8.45,3.02,2.8
Arezzo,2008,12,27,6.9,1.41,0
Arezzo,2008,12,28,3.99,1.36,0
Arezzo,2008,12,29,4.96,0.82,2.6
Arezzo,2008,12,30,9.19,0.88,0
Arezzo,2008,12,31,8.6,-3.69,0
Arezzo,2009,1,1,7.35,-2.29,2.6
Arezzo,2009,1,2,8.59,-0.42,5.3
Arezzo,2009,1,3,10.29,0.81,0
Arezzo,2009,1,4,5.59,-2.51,0
Arezzo,2009,1,5,7.53,-6.58,0
Arezzo,2009,1,6,7.34,-4.07,0
Arezzo,2009,1,7,6.14,0.46,0
Arezzo,2009,1,8,7.55,1.08,7.6
Arezzo,2009,1,9,9.7,2.14,0
Arezzo,2009,1,10,8.19,0.73,0
Arezzo,2009,1,11,10.95,1.54,0
Arezzo,2009,1,12,14.29,0.82,0
Arezzo,2009,1,13,13.54,4.5,0
Arezzo,2009,1,14,8.84,4.95,2.5
Arezzo,2009,1,15,10.31,3.57,2.2
Arezzo,2009,1,16,9.18,1.19,0
Arezzo,2009,1,17,13.2,-0.83,0
Arezzo,2009,1,18,6.87,1.13,0
Arezzo,2009,1,19,10.64,5.46,2.1
Arezzo,2009,1,20,12.48,8.34,0
Arezzo,2009,1,21,13.62,8.53,5.2
Arezzo,2009,1,22,10.27,3.18,2.2
Arezzo,2009,1,23,12,1.21,0
Arezzo,2009,1,24,7.93,1.71,8.9
Arezzo,2009,1,25,10,4.16,8.2
Arezzo,2009,1,26,9.02,0.36,0
Arezzo,2009,1,27,9.24,1.24,7.1
Arezzo,2009,1,28,11.82,2.17,0
Arezzo,2009,1,29,9.75,-1.11,0
Arezzo,2009,1,30,11.08,1.6,0
Arezzo,2009,1,31,11.87,-1.43,0
Arezzo,2009,2,1,10.08,0.04,1.3
Arezzo,2009,2,2,6.51,1.43,1.6
Arezzo,2009,2,3,10.67,4.32,20.7
Arezzo,2009,2,4,13.35,5.7,5
Arezzo,2009,2,5,9.45,6.02,3.7
Arezzo,2009,2,6,14.58,8.31,11.8
Arezzo,2009,2,7,14.43,8.76,13
Arezzo,2009,2,8,11.92,4.88,5.1
Arezzo,2009,2,9,9.35,4.37,0.9
Arezzo,2009,2,10,13.07,3.21,0
Arezzo,2009,2,11,12.99,2.25,1.2
Arezzo,2009,2,12,11.1,0.33,0
Arezzo,2009,2,13,10.49,-1.52,0
Arezzo,2009,2,14,8.36,-5.29,0
Arezzo,2009,2,15,8.24,-4.18,0
Arezzo,2009,2,16,8.62,-5.03,0
Arezzo,2009,2,17,7.57,-2.61,0
Arezzo,2009,2,18,5.4,-0.35,2.4
Arezzo,2009,2,19,4.75,-4.37,0
Arezzo,2009,2,20,8.25,-3.94,0
Arezzo,2009,2,21,11.52,-1.38,0
Arezzo,2009,2,22,13.63,-1.97,0
Arezzo,2009,2,23,13.58,-0.03,0
Arezzo,2009,2,24,11.76,1.28,0
Arezzo,2009,2,25,13.71,1.53,0
Arezzo,2009,2,26,10.81,-2.3,0
Arezzo,2009,2,27,13.93,1.05,0
Arezzo,2009,2,28,14.61,0.3,0
Arezzo,2009,3,1,15.78,3.32,0
Arezzo,2009,3,2,11.85,5.9,7.4
Arezzo,2009,3,3,13.31,7.77,5.1
Arezzo,2009,3,4,14.28,6.34,5.7
Arezzo,2009,3,5,12.09,6.64,24.5
Arezzo,2009,3,6,11.73,1.32,16.1
Arezzo,2009,3,7,14.86,1.86,0
Arezzo,2009,3,8,16.48,0.41,0
Arezzo,2009,3,9,18.41,4.44,0
Arezzo,2009,3,10,17.09,-1.03,0
Arezzo,2009,3,11,15.45,5.66,0
Arezzo,2009,3,12,17.75,1.18,0
Arezzo,2009,3,13,16.25,0.1,0
Arezzo,2009,3,14,15.35,2.19,0
Arezzo,2009,3,15,17.69,4.42,0
Arezzo,2009,3,16,18.63,6.91,6.9
Arezzo,2009,3,17,17.36,3.06,0
Arezzo,2009,3,18,19.64,2.37,0
Arezzo,2009,3,19,19.46,3.56,0
Arezzo,2009,3,20,15.77,3.04,6
Arezzo,2009,3,21,7.97,0.56,0
Arezzo,2009,3,22,7.42,1.42,0
Arezzo,2009,3,23,13.77,-1.16,0
Arezzo,2009,3,24,18.08,2.73,0
Arezzo,2009,3,25,13.73,-1.48,7.8
Arezzo,2009,3,26,15.79,2.08,0
Arezzo,2009,3,27,18.04,1.48,0
Arezzo,2009,3,28,17.97,3.92,0
Arezzo,2009,3,29,15.14,9.5,3.4
Arezzo,2009,3,30,17.17,11.96,8.9
Arezzo,2009,3,31,21.27,10.38,3
Arezzo,2009,4,1,15.46,8.83,3.3
Arezzo,2009,4,2,18.96,8.56,13.6
Arezzo,2009,4,3,19.14,5.05,0
Arezzo,2009,4,4,21.1,6.24,0
Arezzo,2009,4,5,18.31,6.18,0
Arezzo,2009,4,6,21.83,5.32,0
Arezzo,2009,4,7,23.9,7.93,0
Arezzo,2009,4,8,20.8,6.11,0
Arezzo,2009,4,9,20.72,6.6,0
Arezzo,2009,4,10,24.48,7.97,0
Arezzo,2009,4,11,23.7,8.27,0
Arezzo,2009,4,12,21.72,9.09,0
Arezzo,2009,4,13,22.94,10.22,0
Arezzo,2009,4,14,22.95,7.19,0
Arezzo,2009,4,15,24.07,5.98,0
Arezzo,2009,4,16,24.33,7.58,0
Arezzo,2009,4,17,20.3,9.64,2.3
Arezzo,2009,4,18,18.13,5.87,7.5
Arezzo,2009,4,19,18.13,9.81,5.9
Arezzo,2009,4,20,17.89,6.57,12.5
Arezzo,2009,4,21,20.14,11.13,5
Arezzo,2009,4,22,18.57,11.9,1.3
Arezzo,2009,4,23,20.52,7.1,0
Arezzo,2009,4,24,21.08,7.07,2.8
Arezzo,2009,4,25,16.09,4.82,0
Arezzo,2009,4,26,22.76,10.79,0
Arezzo,2009,4,27,18.01,11,1.3
Arezzo,2009,4,28,22.61,11.69,1.6
Arezzo,2009,4,29,18.09,7.5,3.2
Arezzo,2009,4,30,18.64,6.08,10.3
Arezzo,2009,5,1,17.03,7.64,1.9
Arezzo,2009,5,2,22.72,7.9,0
Arezzo,2009,5,3,23.37,6.63,7.6
Arezzo,2009,5,4,19.91,6.1,0
Arezzo,2009,5,5,24.23,11.44,1.5
Arezzo,2009,5,6,21.03,6.62,0
Arezzo,2009,5,7,22.85,6.63,0
Arezzo,2009,5,8,25.5,6.65,0
Arezzo,2009,5,9,25.86,8.9,0
Arezzo,2009,5,10,25.6,7.71,0
Arezzo,2009,5,11,26.8,9.02,0
Arezzo,2009,5,12,26.83,9.84,0
Arezzo,2009,5,13,27.25,11.19,0
Arezzo,2009,5,14,26.55,9.15,0
Arezzo,2009,5,15,26.67,12.63,0
Arezzo,2009,5,16,23.37,13.3,0
Arezzo,2009,5,17,28.93,12.87,0
Arezzo,2009,5,18,30.57,12.97,0
Arezzo,2009,5,19,29.93,9.34,0
Arezzo,2009,5,20,30.24,9.35,0
Arezzo,2009,5,21,30.49,12.43,0
Arezzo,2009,5,22,31.83,13.07,0
Arezzo,2009,5,23,30.69,13.43,0
Arezzo,2009,5,24,31.13,13.27,0
Arezzo,2009,5,25,33.65,14.55,0
Arezzo,2009,5,26,35.07,13.99,0
Arezzo,2009,5,27,33.03,13.45,0
Arezzo,2009,5,28,29.22,14.34,0
Arezzo,2009,5,29,24.28,9.37,0
Arezzo,2009,5,30,27.79,8.06,0
Arezzo,2009,5,31,24.38,13.85,2.7
Arezzo,2009,6,1,17.25,13.86,27.1
Arezzo,2009,6,2,17.25,13.15,12.4
Arezzo,2009,6,3,23.64,11.11,0
Arezzo,2009,6,4,26.8,11.23,0
Arezzo,2009,6,5,27.08,13.66,0
Arezzo,2009,6,6,26.39,19.12,0
Arezzo,2009,6,7,23.93,16.84,0
Arezzo,2009,6,8,23.29,10.93,7.5
Arezzo,2009,6,9,25.92,11.88,0
Arezzo,2009,6,10,26,13.19,0
Arezzo,2009,6,11,27.03,10.58,0
Arezzo,2009,6,12,28.14,12.66,0
Arezzo,2009,6,13,29.75,13.57,0
Arezzo,2009,6,14,31.35,14.18,0
Arezzo,2009,6,15,32.38,15.5,0
Arezzo,2009,6,16,32.34,14.16,0
Arezzo,2009,6,17,31.66,16.34,0
Arezzo,2009,6,18,31.65,14.75,0
Arezzo,2009,6,19,32.66,15.63,0
Arezzo,2009,6,20,32.71,16.71,0
Arezzo,2009,6,21,26.02,15.92,3.6
Arezzo,2009,6,22,21.96,10.22,0
Arezzo,2009,6,23,23.65,9.74,0
Arezzo,2009,6,24,23.11,10.3,0
Arezzo,2009,6,25,24.51,13.64,0
Arezzo,2009,6,26,27.17,15.22,0
Arezzo,2009,6,27,24.17,14.23,3.8
Arezzo,2009,6,28,26.36,12.8,4.3
Arezzo,2009,6,29,28.63,15.1,0
Arezzo,2009,6,30,29.73,15.82,0
Arezzo,2009,7,1,29.76,15.14,0
Arezzo,2009,7,2,30.57,15.93,0
Arezzo,2009,7,3,31.2,16.01,15
Arezzo,2009,7,4,32.8,16.1,0
Arezzo,2009,7,5,32.34,18.07,12
Arezzo,2009,7,6,28.27,17.88,0
Arezzo,2009,7,7,30.45,16.34,0
Arezzo,2009,7,8,31.84,17.16,0
Arezzo,2009,7,9,29.68,12.07,0
Arezzo,2009,7,10,28.7,12.83,0
Arezzo,2009,7,11,27.3,12.61,0
Arezzo,2009,7,12,27.39,11.99,0
Arezzo,2009,7,13,30.42,13.66,0
Arezzo,2009,7,14,31.85,15.73,0
Arezzo,2009,7,15,34.33,17.5,0
Arezzo,2009,7,16,34.73,16.6,0
Arezzo,2009,7,17,36.67,18.09,0
Arezzo,2009,7,18,36.03,16.25,11.8
Arezzo,2009,7,19,27.08,11.79,0
Arezzo,2009,7,20,28.71,11.55,0
Arezzo,2009,7,21,29.96,12.78,0
Arezzo,2009,7,22,32.65,13.68,0
Arezzo,2009,7,23,34.15,15.27,0
Arezzo,2009,7,24,36.91,16.66,0
Arezzo,2009,7,25,35.81,18.41,0
Arezzo,2009,7,26,33.9,16.18,0
Arezzo,2009,7,27,33.32,15.61,0
Arezzo,2009,7,28,34.58,15.91,0
Arezzo,2009,7,29,35.25,15.15,0
Arezzo,2009,7,30,36.04,17.45,0
Arezzo,2009,7,31,36.35,16.97,0
Arezzo,2009,8,1,36.64,17.03,0
Arezzo,2009,8,2,35.95,15.49,0
Arezzo,2009,8,3,34.65,17.26,0
Arezzo,2009,8,4,26.52,15.93,4.9
Arezzo,2009,8,5,28.97,14.83,0
Arezzo,2009,8,6,31.79,15.68,0
Arezzo,2009,8,7,33.58,16.14,0
Arezzo,2009,8,8,34.52,16.83,0
Arezzo,2009,8,9,34,19.54,0
Arezzo,2009,8,10,33.22,16.55,3.3
Arezzo,2009,8,11,31.82,16.6,0
Arezzo,2009,8,12,32.79,16.54,0
Arezzo,2009,8,13,33.96,17.67,0
Arezzo,2009,8,14,35.04,16.61,0
Arezzo,2009,8,15,34.19,17.34,0
Arezzo,2009,8,16,35.96,17.72,0
Arezzo,2009,8,17,36.96,17.12,0
Arezzo,2009,8,18,36.54,15.92,0
Arezzo,2009,8,19,37.94,18.19,0
Arezzo,2009,8,20,38.64,18.13,0
Arezzo,2009,8,21,38.4,18.84,0
Arezzo,2009,8,22,38.5,15.95,0
Arezzo,2009,8,23,36.88,18.74,0
Arezzo,2009,8,24,34.7,18.75,0
Arezzo,2009,8,25,34.11,17.62,0
Arezzo,2009,8,26,34.77,18.05,0
Arezzo,2009,8,27,35.39,17.99,0
Arezzo,2009,8,28,34.88,16.9,0
Arezzo,2009,8,29,35.39,17.37,0
Arezzo,2009,8,30,32.79,18.05,0
Arezzo,2009,8,31,30.89,16.33,0
Arezzo,2009,9,1,33.26,17.02,0
Arezzo,2009,9,2,34.1,16.8,0
Arezzo,2009,9,3,33.39,20.17,0
Arezzo,2009,9,4,33.15,19.92,0
Arezzo,2009,9,5,34.25,17.13,0
Arezzo,2009,9,6,31.65,17.84,0
Arezzo,2009,9,7,26.26,13.03,0
Arezzo,2009,9,8,26.33,12,0
Arezzo,2009,9,9,27.08,14.12,0
Arezzo,2009,9,10,27.34,12.34,0
Arezzo,2009,9,11,27.78,13.24,0
Arezzo,2009,9,12,29.13,14.55,0
Arezzo,2009,9,13,28.24,13.69,0
Arezzo,2009,9,14,26.6,12.71,0
Arezzo,2009,9,15,23.5,13.78,19.3
Arezzo,2009,9,16,24.14,16.77,9.6
Arezzo,2009,9,17,24.67,14.8,7.6
Arezzo,2009,9,18,25.02,14.76,0
Arezzo,2009,9,19,26.82,13.15,0
Arezzo,2009,9,20,28,14.56,6.4
Arezzo,2009,9,21,26.78,14.73,21
Arezzo,2009,9,22,24.99,15.36,0
Arezzo,2009,9,23,28.22,12.47,0
Arezzo,2009,9,24,28.41,13.65,0
Arezzo,2009,9,25,28.04,13.49,0
Arezzo,2009,9,26,28.01,14.97,0
Arezzo,2009,9,27,25.9,13.42,0
Arezzo,2009,9,28,27.46,12.5,0
Arezzo,2009,9,29,27.74,11.88,0
Arezzo,2009,9,30,27.16,10.55,0
Arezzo,2009,10,1,27.26,12.06,0
Arezzo,2009,10,2,25.35,14.04,0
Arezzo,2009,10,3,27.27,13.86,0
Arezzo,2009,10,4,24.47,8.08,0
Arezzo,2009,10,5,24.77,14.09,0
Arezzo,2009,10,6,25.53,12.98,0
Arezzo,2009,10,7,24.66,12.21,0
Arezzo,2009,10,8,25.55,11.09,0
Arezzo,2009,10,9,27.06,12.2,0
Arezzo,2009,10,10,22.38,14.05,14
Arezzo,2009,10,11,21.14,14.32,0
Arezzo,2009,10,12,24.2,12.62,0
Arezzo,2009,10,13,22.04,4.78,17.5
Arezzo,2009,10,14,18.13,4.63,0
Arezzo,2009,10,15,15.37,0.37,0
Arezzo,2009,10,16,14.98,3.55,0
Arezzo,2009,10,17,16.05,3.97,0
Arezzo,2009,10,18,14.6,6.06,0
Arezzo,2009,10,19,14.46,5.97,0
Arezzo,2009,10,20,13.36,-0.42,0
Arezzo,2009,10,21,15.68,4.28,1.7
Arezzo,2009,10,22,18.34,8.15,37.4
Arezzo,2009,10,23,17.88,10.91,2.6
Arezzo,2009,10,24,16.63,10.82,13.3
Arezzo,2009,10,25,17.45,10.42,0
Arezzo,2009,10,26,19.59,6.52,0
Arezzo,2009,10,27,22.55,8.05,0
Arezzo,2009,10,28,21.41,6.22,0
Arezzo,2009,10,29,21.23,4.94,0
Arezzo,2009,10,30,18.25,7.77,0
Arezzo,2009,10,31,19.9,4.73,0
Arezzo,2009,11,1,16.39,0.17,0
Arezzo,2009,11,2,16.48,1.8,0
Arezzo,2009,11,3,12.99,4.79,6.7
Arezzo,2009,11,4,15.07,1.65,0
Arezzo,2009,11,5,12.98,6.73,7.8
Arezzo,2009,11,6,16.06,7.39,8.3
Arezzo,2009,11,7,12.91,3.83,0
Arezzo,2009,11,8,11.18,5.93,10.6
Arezzo,2009,11,9,11.61,5.9,9.1
Arezzo,2009,11,10,13.47,5.39,2.1
Arezzo,2009,11,11,13.42,1.62,0
Arezzo,2009,11,12,14.62,1.73,0
Arezzo,2009,11,13,13.85,4.62,0
Arezzo,2009,11,14,12.89,8.14,0
Arezzo,2009,11,15,14.07,9.36,0
Arezzo,2009,11,16,15.99,9.82,0
Arezzo,2009,11,17,18.27,6.36,0
Arezzo,2009,11,18,19.55,8.48,0
Arezzo,2009,11,19,17.88,6.28,0
Arezzo,2009,11,20,19.18,5.97,0
Arezzo,2009,11,21,19.26,4.59,0
Arezzo,2009,11,22,17.66,4.66,0
Arezzo,2009,11,23,14.41,7.49,0
Arezzo,2009,11,24,17.21,8.44,0
Arezzo,2009,11,25,16.49,5.29,0
Arezzo,2009,11,26,12.04,7.48,0
Arezzo,2009,11,27,13.92,9.5,1.6
Arezzo,2009,11,28,15.02,8.95,6.5
Arezzo,2009,11,29,16.34,3.84,0
Arezzo,2009,11,30,15.57,7.41,2
Arezzo,2009,12,1,16.17,5.05,21
Arezzo,2009,12,2,13.76,1.54,4
Arezzo,2009,12,3,11.99,-0.58,0
Arezzo,2009,12,4,6.93,0.95,8.3
Arezzo,2009,12,5,9.53,3.06,11.1
Arezzo,2009,12,6,13.57,1.32,0
Arezzo,2009,12,7,9.31,3.02,0
Arezzo,2009,12,8,12.74,7.94,0
Arezzo,2009,12,9,16.27,1.13,0.9
Arezzo,2009,12,10,13.74,0.11,0
Arezzo,2009,12,11,14.24,-0.9,0
Arezzo,2009,12,12,13.74,0.89,0
Arezzo,2009,12,13,11.68,2.95,0
Arezzo,2009,12,14,8.78,3.21,4.8
Arezzo,2009,12,15,7.45,2.85,0
Arezzo,2009,12,16,5.01,-0.73,0
Arezzo,2009,12,17,6.82,0.44,1.7
Arezzo,2009,12,18,5.31,-1.8,1.7
Arezzo,2009,12,19,6.06,-1.85,5.4
Arezzo,2009,12,20,1.3,-8.92,1.6
Arezzo,2009,12,21,3.42,-7.59,8.4
Arezzo,2009,12,22,12.97,-1.91,10
Arezzo,2009,12,23,14.68,12,11.5
Arezzo,2009,12,24,15.71,12.02,6.4
Arezzo,2009,12,25,17.33,13.37,15.7
Arezzo,2009,12,26,16.37,4.22,6.9
Arezzo,2009,12,27,10.35,3.71,3.3
Arezzo,2009,12,28,9.6,1.97,0
Arezzo,2009,12,29,9.13,4.32,3.7
Arezzo,2009,12,30,11.86,8.56,2.8
Arezzo,2009,12,31,16.08,11.6,0
Arezzo,2010,1,1,9.11,7.25,20.2
Arezzo,2010,1,2,12.69,1.94,15.9
Arezzo,2010,1,3,7.61,-2.07,0
Arezzo,2010,1,4,3.31,0.63,0
Arezzo,2010,1,5,6.57,3.01,22.2
Arezzo,2010,1,6,8.48,3.34,44.1
Arezzo,2010,1,7,8.17,4.31,10.7
Arezzo,2010,1,8,10.97,6.98,3
Arezzo,2010,1,9,9.16,3.7,14.9
Arezzo,2010,1,10,6.33,1.79,9.6
Arezzo,2010,1,11,7.93,1.09,0
Arezzo,2010,1,12,4.49,-0.34,0
Arezzo,2010,1,13,7.8,0.74,0
Arezzo,2010,1,14,11.31,0.14,0
Arezzo,2010,1,15,9.83,2.49,0
Arezzo,2010,1,16,9.59,0.5,0
Arezzo,2010,1,17,4.18,0.59,0
Arezzo,2010,1,18,9.91,0.54,1.5
Arezzo,2010,1,19,11.78,-1.66,0
Arezzo,2010,1,20,8.07,-2.96,0
Arezzo,2010,1,21,10.76,-0.43,0
Arezzo,2010,1,22,7.94,-2.36,0
Arezzo,2010,1,23,8.56,-2.78,0
Arezzo,2010,1,24,7.35,-4.14,0
Arezzo,2010,1,25,9.39,2.81,0
Arezzo,2010,1,26,4.55,2.68,0
Arezzo,2010,1,27,7.91,-0.77,1.8
Arezzo,2010,1,28,3.41,-4.92,0
Arezzo,2010,1,29,8.32,-2.74,0
Arezzo,2010,1,30,8.76,3.52,6.2
Arezzo,2010,1,31,7.88,-2.06,6.6
Arezzo,2010,2,1,7.05,-5.81,0
Arezzo,2010,2,2,8.49,-6.65,0
Arezzo,2010,2,3,5.03,-1.55,0
Arezzo,2010,2,4,9.64,-0.13,0
Arezzo,2010,2,5,7.85,4.82,1.6
Arezzo,2010,2,6,7.02,3.14,21.1
Arezzo,2010,2,7,9.86,0.9,1.3
Arezzo,2010,2,8,9.74,-1.13,0
Arezzo,2010,2,9,10.15,-1.99,0
Arezzo,2010,2,10,7.57,1.13,5.5
Arezzo,2010,2,11,5.93,0,4.3
Arezzo,2010,2,12,3.1,-1.78,1.7
Arezzo,2010,2,13,7.73,-3.33,6.8
Arezzo,2010,2,14,9.38,-1.74,7.1
Arezzo,2010,2,15,10.54,0.64,0
Arezzo,2010,2,16,7.6,3.71,0.7
Arezzo,2010,2,17,14.32,3.79,2.3
Arezzo,2010,2,18,16.6,7.83,7.8
Arezzo,2010,2,19,15.04,7.58,3.6
Arezzo,2010,2,20,12.54,3.75,11.7
Arezzo,2010,2,21,11.7,1.66,0
Arezzo,2010,2,22,9.84,6.16,4.3
Arezzo,2010,2,23,16.71,8.41,7
Arezzo,2010,2,24,14.04,7.78,4.5
Arezzo,2010,2,25,14.98,6.94,1.5
Arezzo,2010,2,26,16.53,9.33,0
Arezzo,2010,2,27,16.05,2.31,3.3
Arezzo,2010,2,28,16.65,7.54,0
Arezzo,2010,3,1,18.28,7.67,0
Arezzo,2010,3,2,16.59,5.2,3.7
Arezzo,2010,3,3,10.17,4.6,0
Arezzo,2010,3,4,9.94,3.95,5.7
Arezzo,2010,3,5,8.89,1.41,0.9
Arezzo,2010,3,6,8.68,-2.15,0
Arezzo,2010,3,7,10.5,-2.22,0
Arezzo,2010,3,8,6.13,0.62,0
Arezzo,2010,3,9,2.79,0.16,0
Arezzo,2010,3,10,7.22,1.03,19.8
Arezzo,2010,3,11,5.12,1.68,1.7
Arezzo,2010,3,12,8.91,1.41,6.4
Arezzo,2010,3,13,13.76,-1.57,0
Arezzo,2010,3,14,15.02,-1.79,0
Arezzo,2010,3,15,15.31,-0.43,0
Arezzo,2010,3,16,14.89,-1.47,0
Arezzo,2010,3,17,16.51,-0.81,0
Arezzo,2010,3,18,16.43,0.04,0
Arezzo,2010,3,19,13.51,3.79,0
Arezzo,2010,3,20,14.66,5.27,0
Arezzo,2010,3,21,16.14,6.75,0
Arezzo,2010,3,22,17.11,9.02,1
Arezzo,2010,3,23,19.87,6.06,1.2
Arezzo,2010,3,24,19.06,7.23,0
Arezzo,2010,3,25,20.12,5.89,0
Arezzo,2010,3,26,18.76,8.55,0
Arezzo,2010,3,27,18.7,6.86,0
Arezzo,2010,3,28,19.55,6.71,0
Arezzo,2010,3,29,18.53,4.18,0
Arezzo,2010,3,30,17.04,6.98,0
Arezzo,2010,3,31,17.23,7.01,5
Arezzo,2010,4,1,16.75,4.5,0
Arezzo,2010,4,2,16.34,2.73,6.9
Arezzo,2010,4,3,17.02,2.32,0
Arezzo,2010,4,4,10.87,4.21,0
Arezzo,2010,4,5,12.7,3.81,38.5
Arezzo,2010,4,6,19.87,1.26,0
Arezzo,2010,4,7,21.54,3.41,0
Arezzo,2010,4,8,21.77,4.97,0
Arezzo,2010,4,9,21.79,3.9,0
Arezzo,2010,4,10,22.44,5.05,0
Arezzo,2010,4,11,10.31,3.32,2.4
Arezzo,2010,4,12,15.51,3.34,9.9
Arezzo,2010,4,13,15.11,6.11,3.7
Arezzo,2010,4,14,16.84,2.93,0
Arezzo,2010,4,15,19.91,2.57,0
Arezzo,2010,4,16,17.17,6.03,0
Arezzo,2010,4,17,16.27,6,0
Arezzo,2010,4,18,20.04,3.83,2.7
Arezzo,2010,4,19,21.74,5.44,0
Arezzo,2010,4,20,22.12,5.23,6.3
Arezzo,2010,4,21,20.27,7.83,0
Arezzo,2010,4,22,22.29,9.03,0
Arezzo,2010,4,23,14.33,9.95,8.4
Arezzo,2010,4,24,18.13,12.07,11.7
Arezzo,2010,4,25,23.4,11.26,0
Arezzo,2010,4,26,25.56,10.51,0
Arezzo,2010,4,27,25.37,9.77,0
Arezzo,2010,4,28,25.4,9.89,0
Arezzo,2010,4,29,26.07,7.85,0
Arezzo,2010,4,30,25.13,8.48,0
Arezzo,2010,5,1,23.36,7.88,0
Arezzo,2010,5,2,16.04,12.86,0.9
Arezzo,2010,5,3,21.85,11.73,15.1
Arezzo,2010,5,4,20.95,11.44,2.3
Arezzo,2010,5,5,19.2,8.57,4.5
Arezzo,2010,5,6,16.07,8.81,3.4
Arezzo,2010,5,7,16.77,6.59,13.5
Arezzo,2010,5,8,18.72,8.33,5.8
Arezzo,2010,5,9,20.57,6.25,0
Arezzo,2010,5,10,20.44,9.46,0
Arezzo,2010,5,11,19.19,11.34,2.1
Arezzo,2010,5,12,20.95,10.15,4.3
Arezzo,2010,5,13,20.83,9.78,15.4
Arezzo,2010,5,14,17.36,10.06,0
Arezzo,2010,5,15,13.7,9.8,12.6
Arezzo,2010,5,16,17.71,8.54,7.7
Arezzo,2010,5,17,18.1,8.9,3.1
Arezzo,2010,5,18,22.76,6.98,2.2
Arezzo,2010,5,19,18.75,8.88,0
Arezzo,2010,5,20,19.69,6.11,0
Arezzo,2010,5,21,20.85,7.04,0
Arezzo,2010,5,22,24.64,9.2,0
Arezzo,2010,5,23,25.95,9.49,0
Arezzo,2010,5,24,27.15,10.02,0
Arezzo,2010,5,25,26.92,9.55,0
Arezzo,2010,5,26,25.54,9.54,0
Arezzo,2010,5,27,24.71,10.18,0
Arezzo,2010,5,28,24.37,13.26,0
Arezzo,2010,5,29,26.22,11.54,0
Arezzo,2010,5,30,26.14,11.34,0
Arezzo,2010,5,31,26.27,10.79,0
Arezzo,2010,6,1,26.19,7.44,0
Arezzo,2010,6,2,23.63,12.88,0
Arezzo,2010,6,3,19.51,11.57,0
Arezzo,2010,6,4,24.76,9.96,5.1
Arezzo,2010,6,5,28.75,12.18,0
Arezzo,2010,6,6,29.99,13.87,0
Arezzo,2010,6,7,28.82,11.66,0
Arezzo,2010,6,8,29.19,13.92,0
Arezzo,2010,6,9,30.23,13.87,0
Arezzo,2010,6,10,30.88,15.53,0
Arezzo,2010,6,11,31.38,14.88,0
Arezzo,2010,6,12,30.17,14.44,0
Arezzo,2010,6,13,28.14,17.79,0
Arezzo,2010,6,14,28.56,13.2,0
Arezzo,2010,6,15,27.95,15.86,0
Arezzo,2010,6,16,25.87,14.59,14.3
Arezzo,2010,6,17,26.45,14.38,0
Arezzo,2010,6,18,25.89,14.92,0
Arezzo,2010,6,19,21.93,14.75,0
Arezzo,2010,6,20,18.62,11.06,4.4
Arezzo,2010,6,21,18.58,10.47,21
Arezzo,2010,6,22,24.33,10.19,0.9
Arezzo,2010,6,23,26.09,12.68,0
Arezzo,2010,6,24,27.12,10.91,0
Arezzo,2010,6,25,28.76,12.61,0
Arezzo,2010,6,26,28.07,14.06,0
Arezzo,2010,6,27,29.12,13.46,0
Arezzo,2010,6,28,31.74,13.91,0
Arezzo,2010,6,29,31.15,15.05,0
Arezzo,2010,6,30,31.04,15.99,0
Arezzo,2010,7,1,32.47,15.55,0
Arezzo,2010,7,2,32.87,15.6,0
Arezzo,2010,7,3,34.97,15.68,0
Arezzo,2010,7,4,33.66,17.14,0
Arezzo,2010,7,5,33.71,16.08,0
Arezzo,2010,7,6,31.03,18.95,0
Arezzo,2010,7,7,31.92,18.16,0
Arezzo,2010,7,8,31.51,16.18,0
Arezzo,2010,7,9,34.3,15.89,0
Arezzo,2010,7,10,34.6,17.99,0
Arezzo,2010,7,11,34.72,17.71,0
Arezzo,2010,7,12,34,19.56,0
Arezzo,2010,7,13,33.94,17.76,0
Arezzo,2010,7,14,35.29,17.86,0
Arezzo,2010,7,15,36.21,17.52,0
Arezzo,2010,7,16,37.62,18.01,0
Arezzo,2010,7,17,36.62,18.88,0
Arezzo,2010,7,18,32.26,17.33,0
Arezzo,2010,7,19,31.91,19.99,0
Arezzo,2010,7,20,34.75,17.77,0
Arezzo,2010,7,21,34.28,18.75,0
Arezzo,2010,7,22,35.13,18.08,0
Arezzo,2010,7,23,34.29,18.54,0
Arezzo,2010,7,24,32.93,18.6,0
Arezzo,2010,7,25,29.52,14.22,0
Arezzo,2010,7,26,27.35,13.9,0
Arezzo,2010,7,27,28.32,10.89,0
Arezzo,2010,7,28,30.73,12.56,0
Arezzo,2010,7,29,27.35,14.8,0
Arezzo,2010,7,30,22.41,13.78,6.8
Arezzo,2010,7,31,28.21,13.28,3.3
Arezzo,2010,8,1,32.21,12.75,0
Arezzo,2010,8,2,33.17,14.78,0
Arezzo,2010,8,3,29.11,15.03,0
Arezzo,2010,8,4,30.87,16.2,0
Arezzo,2010,8,5,27.13,15.29,0
Arezzo,2010,8,6,24.49,14.39,2.8
Arezzo,2010,8,7,30.6,12.68,0
Arezzo,2010,8,8,31.44,12.54,0
Arezzo,2010,8,9,31.36,13.05,0
Arezzo,2010,8,10,32.23,14,0
Arezzo,2010,8,11,33.22,17.09,0
Arezzo,2010,8,12,32.43,16.76,0
Arezzo,2010,8,13,27.28,16.76,0
Arezzo,2010,8,14,21.53,16.09,21
Arezzo,2010,8,15,29.41,16.78,11.6
Arezzo,2010,8,16,27.96,15.65,0
Arezzo,2010,8,17,25.83,12.02,0
Arezzo,2010,8,18,27.91,13.19,0
Arezzo,2010,8,19,30.6,15.6,0
Arezzo,2010,8,20,33.06,16.07,0
Arezzo,2010,8,21,32.83,18.76,0
Arezzo,2010,8,22,33.71,18.74,0
Arezzo,2010,8,23,34.51,15.65,0
Arezzo,2010,8,24,32.93,15.67,0
Arezzo,2010,8,25,32.94,18.96,0
Arezzo,2010,8,26,34.85,15.71,0
Arezzo,2010,8,27,33.51,16.06,0
Arezzo,2010,8,28,33.1,18.55,0
Arezzo,2010,8,29,28.23,15.59,0
Arezzo,2010,8,30,25.79,11.7,0
Arezzo,2010,8,31,27.95,7.89,0
Arezzo,2010,9,1,29,8.73,0
Arezzo,2010,9,2,28.84,9.49,0
Arezzo,2010,9,3,29.78,12.35,0
Arezzo,2010,9,4,30.32,12.39,0
Arezzo,2010,9,5,29.31,13.1,0
Arezzo,2010,9,6,29.1,13.09,0
Arezzo,2010,9,7,27.29,15.57,0
Arezzo,2010,9,8,25.99,16.21,4.6
Arezzo,2010,9,9,26.29,13.06,6
Arezzo,2010,9,10,24.08,12.29,1.9
Arezzo,2010,9,11,26.5,13.28,0
Arezzo,2010,9,12,28.1,10.87,0
Arezzo,2010,9,13,26.55,11.32,0
Arezzo,2010,9,14,26.32,13.19,10.2
Arezzo,2010,9,15,27.64,11.01,0
Arezzo,2010,9,16,26.81,12.22,0
Arezzo,2010,9,17,26.84,16.17,0
Arezzo,2010,9,18,25.77,17.72,0
Arezzo,2010,9,19,22.75,12.03,43.8
Arezzo,2010,9,20,24.98,10.03,0
Arezzo,2010,9,21,24.63,9.42,0
Arezzo,2010,9,22,27.12,12.78,0
Arezzo,2010,9,23,27.38,9.36,0
Arezzo,2010,9,24,24.4,11.59,0
Arezzo,2010,9,25,22.6,12.49,2.9
Arezzo,2010,9,26,22.33,8.97,0
Arezzo,2010,9,27,17.56,12.23,1.4
Arezzo,2010,9,28,20.56,11.41,2.1
Arezzo,2010,9,29,21.72,7.11,3.3
Arezzo,2010,9,30,22.05,6.86,0
Arezzo,2010,10,1,19.52,11.52,0
Arezzo,2010,10,2,22.14,9.56,0
Arezzo,2010,10,3,22.87,10.25,0
Arezzo,2010,10,4,22.21,11.16,0
Arezzo,2010,10,5,22.52,14.1,10.2
Arezzo,2010,10,6,23.53,12.73,0
Arezzo,2010,10,7,25.97,12.39,0
Arezzo,2010,10,8,22.53,11.83,0
Arezzo,2010,10,9,21.07,10.52,0
Arezzo,2010,10,10,20.73,5.38,0
Arezzo,2010,10,11,16.53,11.35,0
Arezzo,2010,10,12,19.64,10.36,2.2
Arezzo,2010,10,13,16.07,12.17,1.5
Arezzo,2010,10,14,17.83,10.7,2.6
Arezzo,2010,10,15,18.53,9.55,0
Arezzo,2010,10,16,18.12,11.63,1.1
Arezzo,2010,10,17,16.92,9.24,9.9
Arezzo,2010,10,18,16.81,7.93,11.2
Arezzo,2010,10,19,18.53,6.3,0
Arezzo,2010,10,20,16.91,4.85,0
Arezzo,2010,10,21,19.76,3.24,0
Arezzo,2010,10,22,19.49,2.85,0
Arezzo,2010,10,23,18.81,8.32,0
Arezzo,2010,10,24,19.77,9.27,0
Arezzo,2010,10,25,17.18,6.44,1.3
Arezzo,2010,10,26,14.13,6.35,3.9
Arezzo,2010,10,27,12.81,3.79,0
Arezzo,2010,10,28,17.11,3.01,0
Arezzo,2010,10,29,20.53,1.55,0
Arezzo,2010,10,30,16.29,2.7,0
Arezzo,2010,10,31,17.95,13.96,4.7
Arezzo,2010,11,1,18.46,11.28,18.7
Arezzo,2010,11,2,18.86,10.47,16.2
Arezzo,2010,11,3,17.48,9.55,3.2
Arezzo,2010,11,4,21.23,7.48,0
Arezzo,2010,11,5,20.6,5.73,0
Arezzo,2010,11,6,16.97,6.04,0
Arezzo,2010,11,7,18.65,6.9,0
Arezzo,2010,11,8,12.69,6.77,34.5
Arezzo,2010,11,9,13.83,8.16,16.4
Arezzo,2010,11,10,13.86,7.34,21.3
Arezzo,2010,11,11,16.37,5.16,5.7
Arezzo,2010,11,12,10.79,4.84,0
Arezzo,2010,11,13,18.63,8.18,0
Arezzo,2010,11,14,16.72,7.72,0
Arezzo,2010,11,15,17.95,11.47,0
Arezzo,2010,11,16,16.18,8.6,16.1
Arezzo,2010,11,17,14.24,4.58,0
Arezzo,2010,11,18,9.39,3.4,0
Arezzo,2010,11,19,14.65,6.18,5.4
Arezzo,2010,11,20,13.63,6.17,3.8
Arezzo,2010,11,21,12.37,7.35,3.5
Arezzo,2010,11,22,13.52,6.62,48.8
Arezzo,2010,11,23,9.58,5.33,9.2
Arezzo,2010,11,24,11.04,2.53,1.9
Arezzo,2010,11,25,9.24,2.62,0
Arezzo,2010,11,26,7.99,2.96,4.5
Arezzo,2010,11,27,9.84,-0.11,3.2
Arezzo,2010,11,28,7.63,0.65,3.1
Arezzo,2010,11,29,12.01,4.29,16.5
Arezzo,2010,11,30,7.48,4.48,1.1
Arezzo,2010,12,1,15.13,6.86,16.7
Arezzo,2010,12,2,11.34,5.2,13.9
Arezzo,2010,12,3,6.83,2.47,9.7
Arezzo,2010,12,4,8.26,-0.95,9.8
Arezzo,2010,12,5,4.51,-2.54,0
Arezzo,2010,12,6,13.73,3.25,0
Arezzo,2010,12,7,16.15,14.04,0
Arezzo,2010,12,8,17.29,10.77,0
Arezzo,2010,12,9,16.97,4.16,4.8
Arezzo,2010,12,10,10.81,-0.3,0
Arezzo,2010,12,11,7.83,-2.59,0
Arezzo,2010,12,12,9.19,2.58,0
Arezzo,2010,12,13,11.63,-0.58,0
Arezzo,2010,12,14,6.59,-4.4,0
Arezzo,2010,12,15,4.63,-5.71,0
Arezzo,2010,12,16,3.25,-7.05,0
Arezzo,2010,12,17,0.83,-8.55,0
Arezzo,2010,12,18,2.64,-5.12,5.3
Arezzo,2010,12,19,4.22,-7.31,4.6
Arezzo,2010,12,20,5.39,1.42,14.8
Arezzo,2010,12,21,11.75,2.68,6.5
Arezzo,2010,12,22,14.36,11.5,2
Arezzo,2010,12,23,16.39,11.19,2
Arezzo,2010,12,24,12.66,8.29,14.4
Arezzo,2010,12,25,8.62,5.5,9.5
Arezzo,2010,12,26,8.93,2.84,2
Arezzo,2010,12,27,6.27,-0.54,0
Arezzo,2010,12,28,7.42,-3.08,0
Arezzo,2010,12,29,6.1,-2.4,0
Arezzo,2010,12,30,5.88,3.68,0
Arezzo,2010,12,31,10.6,2.86,0
Arezzo,2011,1,1,8.67,-0.4,0
Arezzo,2011,1,2,8.7,3.45,0
Arezzo,2011,1,3,8.74,0.16,0
Arezzo,2011,1,4,4.96,-2.91,0
Arezzo,2011,1,5,5.39,-0.78,0
Arezzo,2011,1,6,10.32,0.93,0
Arezzo,2011,1,7,13.1,10.59,0
Arezzo,2011,1,8,15.41,5.24,0
Arezzo,2011,1,9,14.46,4.32,0
Arezzo,2011,1,10,14.8,5.95,0
Arezzo,2011,1,11,11.44,3.5,6.2
Arezzo,2011,1,12,12.23,1.73,0
Arezzo,2011,1,13,11.29,0.11,0
Arezzo,2011,1,14,11.88,1.15,0
Arezzo,2011,1,15,14.83,3.2,0
Arezzo,2011,1,16,15.51,1.22,0
Arezzo,2011,1,17,12.59,2.55,0
Arezzo,2011,1,18,12.1,1.82,0
Arezzo,2011,1,19,7.06,2.28,0
Arezzo,2011,1,20,6.79,2.81,7.8
Arezzo,2011,1,21,4.5,1.81,2.1
Arezzo,2011,1,22,3.72,2.08,0
Arezzo,2011,1,23,4.77,-1.06,0
Arezzo,2011,1,24,8.97,-4.86,0
Arezzo,2011,1,25,5.12,-5.18,0
Arezzo,2011,1,26,9.32,-0.97,0
Arezzo,2011,1,27,13.07,2.3,1
Arezzo,2011,1,28,9.78,4.22,0
Arezzo,2011,1,29,6.78,3.8,0
Arezzo,2011,1,30,6.04,1.8,9.1
Arezzo,2011,1,31,11.74,0.99,6.2
Arezzo,2011,2,1,10.51,2.58,0
Arezzo,2011,2,2,12.83,1.95,0
Arezzo,2011,2,3,13.23,1.97,0
Arezzo,2011,2,4,17.1,1.75,0
Arezzo,2011,2,5,15.96,-1.16,0
Arezzo,2011,2,6,15.29,-1.96,0
Arezzo,2011,2,7,16.57,-2.01,0
Arezzo,2011,2,8,11.36,-4.81,0
Arezzo,2011,2,9,9.25,-1.1,0
Arezzo,2011,2,10,12.96,-2.21,0
Arezzo,2011,2,11,10.08,3.98,0
Arezzo,2011,2,12,9.69,7.06,0
Arezzo,2011,2,13,9.17,5.66,1.4
Arezzo,2011,2,14,13.15,4.86,0
Arezzo,2011,2,15,13.18,1.01,0
Arezzo,2011,2,16,9.26,6.58,4.8
Arezzo,2011,2,17,12.92,4.75,10.9
Arezzo,2011,2,18,15.67,3.54,4.5
Arezzo,2011,2,19,16.98,0.62,0
Arezzo,2011,2,20,12.1,1.95,0
Arezzo,2011,2,21,11.02,0.81,10.6
Arezzo,2011,2,22,12.1,-1.77,0
Arezzo,2011,2,23,8.33,-1.66,0
Arezzo,2011,2,24,9.04,-0.93,0
Arezzo,2011,2,25,10.27,-0.29,0
Arezzo,2011,2,26,10.52,-0.15,0
Arezzo,2011,2,27,5.97,-0.61,0
Arezzo,2011,2,28,12.23,3.19,1.9
Arezzo,2011,3,1,8.43,3.53,0
Arezzo,2011,3,2,8.66,1.02,1
Arezzo,2011,3,3,11.38,1.27,3.5
Arezzo,2011,3,4,11.39,3.14,0
Arezzo,2011,3,5,10.89,3.62,0
Arezzo,2011,3,6,16.99,3.71,4.7
Arezzo,2011,3,7,9.05,0.86,0
Arezzo,2011,3,8,9.59,-2.17,0
Arezzo,2011,3,9,11.43,-5.2,0
Arezzo,2011,3,10,13.12,-3.45,0
Arezzo,2011,3,11,14.15,-1.51,0
Arezzo,2011,3,12,12.56,0.85,0
Arezzo,2011,3,13,12.73,4.62,0
Arezzo,2011,3,14,17.85,10.43,10.9
Arezzo,2011,3,15,19.26,9.68,6.4
Arezzo,2011,3,16,14.35,8.73,19.5
Arezzo,2011,3,17,12.15,8.14,11.9
Arezzo,2011,3,18,18.72,5.95,2
Arezzo,2011,3,19,18.74,3.8,0
Arezzo,2011,3,20,12.74,4.43,0
Arezzo,2011,3,21,10.33,3.13,0
Arezzo,2011,3,22,15.82,3.4,0
Arezzo,2011,3,23,19.92,3.88,0
Arezzo,2011,3,24,22.46,3.2,0
Arezzo,2011,3,25,19.5,2.41,0
Arezzo,2011,3,26,17.25,5.6,0
Arezzo,2011,3,27,15.06,6.27,0
Arezzo,2011,3,28,15.41,9.24,3.5
Arezzo,2011,3,29,18.31,7.27,16.9
Arezzo,2011,3,30,20.65,3.14,0
Arezzo,2011,3,31,21.48,3.89,0
Arezzo,2011,4,1,24.86,4.46,0
Arezzo,2011,4,2,25.48,5.81,0
Arezzo,2011,4,3,24.87,5.53,0
Arezzo,2011,4,4,22.47,6.65,0
Arezzo,2011,4,5,18.91,7.01,0
Arezzo,2011,4,6,24.11,5.74,0
Arezzo,2011,4,7,27.76,8.03,0
Arezzo,2011,4,8,25.44,7.7,0
Arezzo,2011,4,9,27.77,8.08,0
Arezzo,2011,4,10,26.21,8.64,0
Arezzo,2011,4,11,25.75,7.08,0
Arezzo,2011,4,12,25.04,6.73,0
Arezzo,2011,4,13,17.29,3.98,9.4
Arezzo,2011,4,14,15.79,2.46,0
Arezzo,2011,4,15,13.45,6.19,1.3
Arezzo,2011,4,16,17.01,5.13,0
Arezzo,2011,4,17,18.76,3.98,0
Arezzo,2011,4,18,19.75,2.93,0
Arezzo,2011,4,19,21.47,3.05,0
Arezzo,2011,4,20,22.99,3.65,0
Arezzo,2011,4,21,22.4,5,0
Arezzo,2011,4,22,23.17,5.55,0
Arezzo,2011,4,23,20.15,10.97,0
Arezzo,2011,4,24,19.62,10.35,3.7
Arezzo,2011,4,25,22.54,8.51,0
Arezzo,2011,4,26,19.13,10.38,0
Arezzo,2011,4,27,19.32,8.06,0
Arezzo,2011,4,28,16.97,6.12,0
Arezzo,2011,4,29,20.88,6.69,0
Arezzo,2011,4,30,19.9,9.28,1.9
Arezzo,2011,5,1,21.63,9.8,0
Arezzo,2011,5,2,22.49,7.03,0
Arezzo,2011,5,3,23.03,10.34,0
Arezzo,2011,5,4,20.53,8.86,0
Arezzo,2011,5,5,21.28,7.47,2.7
Arezzo,2011,5,6,24.25,3.68,0
Arezzo,2011,5,7,24.7,5.66,0
Arezzo,2011,5,8,25.9,7.08,0
Arezzo,2011,5,9,20.22,9.57,0
Arezzo,2011,5,10,24.38,9.28,0
Arezzo,2011,5,11,28.12,6.31,0
Arezzo,2011,5,12,28.71,8.53,0
Arezzo,2011,5,13,28.67,9.87,0
Arezzo,2011,5,14,27.51,8.77,0
Arezzo,2011,5,15,20.09,8.67,0
Arezzo,2011,5,16,21.24,7.01,11.7
Arezzo,2011,5,17,23.46,7.11,0
Arezzo,2011,5,18,24.24,7.36,0
Arezzo,2011,5,19,27.28,8.42,0
Arezzo,2011,5,20,28.09,11.61,0
Arezzo,2011,5,21,28.11,9.57,0
Arezzo,2011,5,22,29.21,10.86,0
Arezzo,2011,5,23,28.86,11.51,0
Arezzo,2011,5,24,29.74,14.1,0
Arezzo,2011,5,25,30.08,13.75,0
Arezzo,2011,5,26,31.48,13.53,0
Arezzo,2011,5,27,29.99,13.33,0
Arezzo,2011,5,28,27.34,13.21,0
Arezzo,2011,5,29,26.51,9.56,0
Arezzo,2011,5,30,28.47,9.04,0
Arezzo,2011,5,31,28.29,11.97,0
Arezzo,2011,6,1,26.25,14.51,1.1
Arezzo,2011,6,2,26.91,13.82,0
Arezzo,2011,6,3,28.28,15.15,0
Arezzo,2011,6,4,28.63,13.02,0
Arezzo,2011,6,5,27.66,12.11,7.2
Arezzo,2011,6,6,26.79,13.7,5.4
Arezzo,2011,6,7,23.88,16.68,1.8
Arezzo,2011,6,8,24.76,14.41,5.2
Arezzo,2011,6,9,24.54,12.99,9.2
Arezzo,2011,6,10,25.88,10.73,0
Arezzo,2011,6,11,26.6,12.31,0
Arezzo,2011,6,12,27.29,12.43,0
Arezzo,2011,6,13,26.46,13.56,0
Arezzo,2011,6,14,25.87,13.34,0
Arezzo,2011,6,15,29.18,12.48,0
Arezzo,2011,6,16,30.56,12.34,0
Arezzo,2011,6,17,30.15,13.17,0
Arezzo,2011,6,18,29.79,16.63,0
Arezzo,2011,6,19,27.79,14.36,0
Arezzo,2011,6,20,30.99,11.06,0
Arezzo,2011,6,21,32.27,14.02,0
Arezzo,2011,6,22,33.74,14.21,0
Arezzo,2011,6,23,33.05,15.3,0
Arezzo,2011,6,24,31.76,15.78,0
Arezzo,2011,6,25,29.14,13.61,0
Arezzo,2011,6,26,33.76,12.96,0
Arezzo,2011,6,27,35.8,15.56,0
Arezzo,2011,6,28,35.31,15.47,0
Arezzo,2011,6,29,36.53,18.16,0
Arezzo,2011,6,30,32.05,18.1,0
Arezzo,2011,7,1,30.48,16.15,0
Arezzo,2011,7,2,24.1,13.69,1.6
Arezzo,2011,7,3,30.31,9.45,0
Arezzo,2011,7,4,31.45,13.65,0
Arezzo,2011,7,5,28.29,16.8,0
Arezzo,2011,7,6,32.61,14.62,2.1
Arezzo,2011,7,7,34.84,15.18,0
Arezzo,2011,7,8,34.4,15.37,0
Arezzo,2011,7,9,34.23,16.07,0
Arezzo,2011,7,10,34.88,16.33,0
Arezzo,2011,7,11,36.74,18.87,0
Arezzo,2011,7,12,38.2,19.17,0
Arezzo,2011,7,13,37.1,20.6,0
Arezzo,2011,7,14,33.78,19.89,0
Arezzo,2011,7,15,31.87,17.92,0
Arezzo,2011,7,16,30.98,14.26,0
Arezzo,2011,7,17,31.72,15.71,0
Arezzo,2011,7,18,31.58,16.21,0
Arezzo,2011,7,19,28.63,13.7,0
Arezzo,2011,7,20,27.08,15,3
Arezzo,2011,7,21,28.76,12.06,0
Arezzo,2011,7,22,30.78,13.17,0
Arezzo,2011,7,23,30.37,16.32,0
Arezzo,2011,7,24,24.38,12.37,0
Arezzo,2011,7,25,25.76,11.13,12.2
Arezzo,2011,7,26,28.03,12.25,1.2
Arezzo,2011,7,27,22.02,13.55,6.7
Arezzo,2011,7,28,27.32,15.63,23.9
Arezzo,2011,7,29,28.36,13.35,0
Arezzo,2011,7,30,29.72,13.25,0
Arezzo,2011,7,31,29.59,13.26,0
Arezzo,2011,8,1,31.29,15.21,0
Arezzo,2011,8,2,32.92,14.93,0
Arezzo,2011,8,3,32.38,14.67,0
Arezzo,2011,8,4,32.48,15.49,0
Arezzo,2011,8,5,33.78,16.45,0
Arezzo,2011,8,6,32.49,17.45,0
Arezzo,2011,8,7,32.15,18.58,0
Arezzo,2011,8,8,31.74,17.48,0
Arezzo,2011,8,9,32.36,14.29,0
Arezzo,2011,8,10,29.35,14.46,0
Arezzo,2011,8,11,31.79,11.13,0
Arezzo,2011,8,12,31.81,11.42,0
Arezzo,2011,8,13,32,11.43,0
Arezzo,2011,8,14,33.39,14.49,0
Arezzo,2011,8,15,30.06,16.13,0
Arezzo,2011,8,16,34.67,16.58,0
Arezzo,2011,8,17,36.5,16.88,0
Arezzo,2011,8,18,37.82,17.59,0
Arezzo,2011,8,19,37,17.59,0
Arezzo,2011,8,20,38.95,16.2,0
Arezzo,2011,8,21,39.46,18.85,0
Arezzo,2011,8,22,39.37,19.33,0
Arezzo,2011,8,23,39.2,18.3,0
Arezzo,2011,8,24,38.42,16.67,0
Arezzo,2011,8,25,38.13,15.53,0
Arezzo,2011,8,26,38.72,17.01,0
Arezzo,2011,8,27,32.75,14.7,0
Arezzo,2011,8,28,33.88,10.18,0
Arezzo,2011,8,29,33.84,14.22,0
Arezzo,2011,8,30,32.16,12.54,0
Arezzo,2011,8,31,32.05,12.53,0
Arezzo,2011,9,1,33.04,15.49,0
Arezzo,2011,9,2,34.77,15.97,0
Arezzo,2011,9,3,35.66,19.31,0
Arezzo,2011,9,4,31.32,19.99,0
Arezzo,2011,9,5,32.06,16.6,0
Arezzo,2011,9,6,32.86,13.46,0
Arezzo,2011,9,7,30.55,14.53,0
Arezzo,2011,9,8,31.83,12.86,0
Arezzo,2011,9,9,33.52,14.44,0
Arezzo,2011,9,10,32.57,15.35,0
Arezzo,2011,9,11,34.26,15.77,0
Arezzo,2011,9,12,32.51,15.71,0
Arezzo,2011,9,13,35.59,15.39,0
Arezzo,2011,9,14,35.1,16.42,0
Arezzo,2011,9,15,34.44,14.78,0
Arezzo,2011,9,16,33.78,13.87,0
Arezzo,2011,9,17,33.35,12.51,0
Arezzo,2011,9,18,28.39,14.27,0
Arezzo,2011,9,19,22.66,10.42,32.9
Arezzo,2011,9,20,22.15,10.45,7.5
Arezzo,2011,9,21,28.13,12.2,0
Arezzo,2011,9,22,29,12.41,0
Arezzo,2011,9,23,28.98,12.96,0
Arezzo,2011,9,24,28.86,13.87,0
Arezzo,2011,9,25,29.25,14.18,0
Arezzo,2011,9,26,28.58,13.01,0
Arezzo,2011,9,27,29.71,14.2,0
Arezzo,2011,9,28,27.57,13.53,0
Arezzo,2011,9,29,27.53,13.24,0
Arezzo,2011,9,30,27.61,11.19,0
Arezzo,2011,10,1,29.7,10.45,0
Arezzo,2011,10,2,30.59,10.99,0
Arezzo,2011,10,3,30.32,10.21,0
Arezzo,2011,10,4,29.82,9.28,0
Arezzo,2011,10,5,30.11,10.53,0
Arezzo,2011,10,6,28.07,10.79,0
Arezzo,2011,10,7,24.11,9.81,0
Arezzo,2011,10,8,21.23,4.8,6.6
Arezzo,2011,10,9,18.57,5.1,0
Arezzo,2011,10,10,21.89,4.03,0
Arezzo,2011,10,11,26.4,6.29,0
Arezzo,2011,10,12,26.48,8.13,0
Arezzo,2011,10,13,24.12,11.53,0
Arezzo,2011,10,14,19.01,10.04,0
Arezzo,2011,10,15,15.84,7.48,0
Arezzo,2011,10,16,16.64,5.81,0
Arezzo,2011,10,17,19.46,3.43,0
Arezzo,2011,10,18,20.39,2.6,0
Arezzo,2011,10,19,20.12,7.93,0
Arezzo,2011,10,20,18.17,9.12,0
Arezzo,2011,10,21,14.81,6.22,10.3
Arezzo,2011,10,22,16.13,3.71,0
Arezzo,2011,10,23,16.18,2.02,0
Arezzo,2011,10,24,18.43,6.4,0
Arezzo,2011,10,25,20.67,11.35,0
Arezzo,2011,10,26,17.82,9.1,18.5
Arezzo,2011,10,27,16.31,8.19,5.8
Arezzo,2011,10,28,20.39,6.25,0
Arezzo,2011,10,29,19.75,7.47,0
Arezzo,2011,10,30,19.65,6.09,0
Arezzo,2011,10,31,19.14,5.32,0
Arezzo,2011,11,1,19.64,7.78,0
Arezzo,2011,11,2,19.44,5.39,0
Arezzo,2011,11,3,18.71,5.6,0
Arezzo,2011,11,4,19.82,10.97,0
Arezzo,2011,11,5,19.93,14.38,0
Arezzo,2011,11,6,17.02,10.58,2.6
Arezzo,2011,11,7,16.55,8.64,0
Arezzo,2011,11,8,20.74,9.55,5.6
Arezzo,2011,11,9,20.79,8.98,0
Arezzo,2011,11,10,19.77,6.65,0
Arezzo,2011,11,11,17.96,4.72,0
Arezzo,2011,11,12,15.92,5.8,0
Arezzo,2011,11,13,16.46,2.79,0
Arezzo,2011,11,14,18.01,-0.16,0
Arezzo,2011,11,15,15.19,-1.74,0
Arezzo,2011,11,16,16.17,-0.89,0
Arezzo,2011,11,17,15.52,-0.22,0
Arezzo,2011,11,18,13.41,-0.8,0
Arezzo,2011,11,19,12.64,-1.25,0
Arezzo,2011,11,20,13.84,-1.24,0
Arezzo,2011,11,21,14.64,0.67,0
Arezzo,2011,11,22,16.72,3.53,0
Arezzo,2011,11,23,16.36,7.97,0
Arezzo,2011,11,24,16.6,7.07,0
Arezzo,2011,11,25,17.52,3.64,0
Arezzo,2011,11,26,15.92,2.32,0
Arezzo,2011,11,27,15.08,0.96,0
Arezzo,2011,11,28,15.41,0.18,0
Arezzo,2011,11,29,14.11,0.55,0
Arezzo,2011,11,30,13.04,0.32,0
Arezzo,2011,12,1,8.83,1.67,0
Arezzo,2011,12,2,15.44,7.49,0
Arezzo,2011,12,3,16.97,7.87,1.1
Arezzo,2011,12,4,12.26,9.32,5.7
Arezzo,2011,12,5,15.73,9.21,2.7
Arezzo,2011,12,6,13.63,4.65,4.1
Arezzo,2011,12,7,14.23,4.05,0
Arezzo,2011,12,8,17.59,5.39,0
Arezzo,2011,12,9,12.24,2.64,0
Arezzo,2011,12,10,15.58,8.91,0
Arezzo,2011,12,11,12.02,8.64,0
Arezzo,2011,12,12,11.32,8.55,15.8
Arezzo,2011,12,13,12.09,3.82,11.9
Arezzo,2011,12,14,12.32,8.56,0.6
Arezzo,2011,12,15,14.04,8.72,2.3
Arezzo,2011,12,16,13.58,9.33,1.2
Arezzo,2011,12,17,13.22,0.27,7.1
Arezzo,2011,12,18,6.77,-1.81,0
Arezzo,2011,12,19,8.38,-1.33,0
Arezzo,2011,12,20,5.81,-4.59,0
Arezzo,2011,12,21,9.49,-2.09,0
Arezzo,2011,12,22,11.65,-2.91,0
Arezzo,2011,12,23,11.85,-2.24,0
Arezzo,2011,12,24,7.63,-1.67,0
Arezzo,2011,12,25,12.64,4.2,8.1
Arezzo,2011,12,26,12.49,3.46,0
Arezzo,2011,12,27,14.35,0.31,0
Arezzo,2011,12,28,10.81,-2.41,0
Arezzo,2011,12,29,8.51,-2.13,0
Arezzo,2011,12,30,9.21,0.08,0
Arezzo,2011,12,31,10.3,-2.72,0
Arezzo,2012,1,1,10.85,-2.38,0
Arezzo,2012,1,2,12.15,4.31,0
Arezzo,2012,1,3,14.76,3.38,15.6
Arezzo,2012,1,4,7.68,1.3,0
Arezzo,2012,1,5,10.14,0.47,7.3
Arezzo,2012,1,6,11.99,1.45,3.4
Arezzo,2012,1,7,12.18,-2.3,0
Arezzo,2012,1,8,12.22,-2.06,0
Arezzo,2012,1,9,14.32,-1.74,0
Arezzo,2012,1,10,11.9,-3.25,0
Arezzo,2012,1,11,12.78,-2,0
Arezzo,2012,1,12,12.17,-2.56,0
Arezzo,2012,1,13,9.91,3.96,0
Arezzo,2012,1,14,12.44,0.19,0
Arezzo,2012,1,15,10.84,-3.48,0
Arezzo,2012,1,16,8.85,-4.24,0
Arezzo,2012,1,17,8.96,-5.23,0
Arezzo,2012,1,18,10.31,-4.96,0
Arezzo,2012,1,19,7.03,-2.43,0
Arezzo,2012,1,20,13.66,2.26,0
Arezzo,2012,1,21,13.64,-0.97,0
Arezzo,2012,1,22,13.98,1.71,0
Arezzo,2012,1,23,12.35,4.29,0
Arezzo,2012,1,24,14.97,-0.02,0
Arezzo,2012,1,25,11.48,-2.6,0
Arezzo,2012,1,26,10.75,-5.38,0
Arezzo,2012,1,27,11.85,-2.41,0
Arezzo,2012,1,28,10.22,-2.31,0
Arezzo,2012,1,29,9.35,1.35,0
Arezzo,2012,1,30,7.15,-0.42,0
Arezzo,2012,1,31,4.24,-0.49,0
Arezzo,2012,2,1,2.95,-1.61,0
Arezzo,2012,2,2,1.39,-1.16,2.8
Arezzo,2012,2,3,-0.37,-2.44,1.5
Arezzo,2012,2,4,-0.3,-3.35,0
Arezzo,2012,2,5,3.04,-4.3,0
Arezzo,2012,2,6,1.11,-5.24,8.1
Arezzo,2012,2,7,1.79,-2.89,2.9
Arezzo,2012,2,8,4.11,-1.11,0
Arezzo,2012,2,9,8.77,-3.36,0
Arezzo,2012,2,10,1.37,-1.48,0
Arezzo,2012,2,11,2.48,-2.89,0
Arezzo,2012,2,12,3.08,-3.71,0
Arezzo,2012,2,13,4.27,-6.94,0
Arezzo,2012,2,14,6.4,-6.8,0
Arezzo,2012,2,15,1.16,-7.42,0
Arezzo,2012,2,16,12.05,-4.75,0
Arezzo,2012,2,17,8.64,-2.59,0
Arezzo,2012,2,18,10.68,1.7,0
Arezzo,2012,2,19,8.27,4.13,0
Arezzo,2012,2,20,7.09,3.77,1.1
Arezzo,2012,2,21,12.55,3.06,2.5
Arezzo,2012,2,22,12.02,3.21,0
Arezzo,2012,2,23,17.44,1.09,0
Arezzo,2012,2,24,19.14,2.16,0
Arezzo,2012,2,25,16.21,0.59,0
Arezzo,2012,2,26,14.74,4.54,0
Arezzo,2012,2,27,13.27,-0.57,0
Arezzo,2012,2,28,16.26,1.29,0
Arezzo,2012,2,29,16.15,2,0
Arezzo,2012,3,1,21.91,2.29,0
Arezzo,2012,3,2,22.32,3.36,0
Arezzo,2012,3,3,18.74,3.48,0
Arezzo,2012,3,4,17.03,2.37,0
Arezzo,2012,3,5,16.34,6.13,0
Arezzo,2012,3,6,13.41,5.02,3.1
Arezzo,2012,3,7,14.42,1.25,0
Arezzo,2012,3,8,17.18,-0.85,0
Arezzo,2012,3,9,13.69,4.53,0
Arezzo,2012,3,10,14.17,4.14,0
Arezzo,2012,3,11,16.77,3.32,0
Arezzo,2012,3,12,20.57,1.45,0
Arezzo,2012,3,13,18.86,2.58,0
Arezzo,2012,3,14,21.64,1.79,0
Arezzo,2012,3,15,22.65,2.02,0
Arezzo,2012,3,16,21.88,1.2,0
Arezzo,2012,3,17,19.33,1.14,0
Arezzo,2012,3,18,17.75,5.82,0
Arezzo,2012,3,19,18.39,4.85,0
Arezzo,2012,3,20,20.52,2.95,0
Arezzo,2012,3,21,23.58,7.06,0
Arezzo,2012,3,22,24.19,5.49,0
Arezzo,2012,3,23,20.56,6.09,0
Arezzo,2012,3,24,22.66,7.07,0
Arezzo,2012,3,25,22.81,5.38,0
Arezzo,2012,3,26,19.8,6.72,0
Arezzo,2012,3,27,23.56,5.29,0
Arezzo,2012,3,28,24.86,4.72,0
Arezzo,2012,3,29,25.34,4.54,0
Arezzo,2012,3,30,22.94,4.45,0
Arezzo,2012,3,31,23.3,5.02,0
Arezzo,2012,4,1,21.56,8.29,0
Arezzo,2012,4,2,21.09,6.67,0
Arezzo,2012,4,3,17.98,11.08,1.2
Arezzo,2012,4,4,22.24,8.39,0
Arezzo,2012,4,5,22.85,10.07,0
Arezzo,2012,4,6,18.07,9.04,9.2
Arezzo,2012,4,7,16.08,8.12,1.8
Arezzo,2012,4,8,14.21,3.13,1.7
Arezzo,2012,4,9,14.55,0.27,12.6
Arezzo,2012,4,10,18.23,0.44,0
Arezzo,2012,4,11,13.57,6.3,4.9
Arezzo,2012,4,12,17.61,8,20.1
Arezzo,2012,4,13,17.35,7.25,0
Arezzo,2012,4,14,11.47,8.46,2.9
Arezzo,2012,4,15,15.49,7.71,13.9
Arezzo,2012,4,16,14.89,7.02,2.7
Arezzo,2012,4,17,19.6,7.7,2
Arezzo,2012,4,18,16.96,6.32,0
Arezzo,2012,4,19,16.23,5.99,11.6
Arezzo,2012,4,20,14.12,6.81,6.5
Arezzo,2012,4,21,19.35,6.47,12.8
Arezzo,2012,4,22,18.78,7.13,5.9
Arezzo,2012,4,23,19.24,7.8,0
Arezzo,2012,4,24,14.63,6.32,0.9
Arezzo,2012,4,25,19.74,6.86,11.5
Arezzo,2012,4,26,22.56,4.68,0
Arezzo,2012,4,27,27.93,8.36,0
Arezzo,2012,4,28,30.39,10.94,0
Arezzo,2012,4,29,22.13,11.97,0
Arezzo,2012,4,30,24.83,10.61,0
Arezzo,2012,5,1,25.17,11.59,2.3
Arezzo,2012,5,2,23.85,8.81,6.1
Arezzo,2012,5,3,23.03,7.03,0
Arezzo,2012,5,4,22.97,4.45,0
Arezzo,2012,5,5,22.8,6.23,0
Arezzo,2012,5,6,17.35,10.72,7
Arezzo,2012,5,7,23.34,11,24.3
Arezzo,2012,5,8,23.69,7.71,0
Arezzo,2012,5,9,25.06,10.44,0
Arezzo,2012,5,10,28.89,8.98,0
Arezzo,2012,5,11,30.96,10.99,0
Arezzo,2012,5,12,30.97,12.22,0
Arezzo,2012,5,13,19.53,8,0
Arezzo,2012,5,14,15.55,5.8,5.2
Arezzo,2012,5,15,23.06,3.97,0
Arezzo,2012,5,16,18.79,6.65,0
Arezzo,2012,5,17,21.78,2.25,0
Arezzo,2012,5,18,23.39,3.85,0
Arezzo,2012,5,19,25.23,6.24,0
Arezzo,2012,5,20,18.9,10.59,1.4
Arezzo,2012,5,21,16.71,9.26,22.3
Arezzo,2012,5,22,22.14,8.71,10.5
Arezzo,2012,5,23,22.89,11.35,2.5
Arezzo,2012,5,24,28.06,12.86,0
Arezzo,2012,5,25,27.09,13.9,0
Arezzo,2012,5,26,23.86,10.42,0
Arezzo,2012,5,27,24.9,8.03,0
Arezzo,2012,5,28,22.16,10.68,3.1
Arezzo,2012,5,29,26.63,9.31,1.1
Arezzo,2012,5,30,26.46,10.5,0
Arezzo,2012,5,31,27.1,11.42,0
Arezzo,2012,6,1,23.74,15.48,0
Arezzo,2012,6,2,28.23,14.91,0
Arezzo,2012,6,3,29.07,12.44,0
Arezzo,2012,6,4,20.74,10.83,0
Arezzo,2012,6,5,28.01,9.34,12.3
Arezzo,2012,6,6,27.42,10.57,0
Arezzo,2012,6,7,29.78,14.5,0
Arezzo,2012,6,8,30.22,12.88,0
Arezzo,2012,6,9,29.5,14.97,0
Arezzo,2012,6,10,27.51,16.27,0
Arezzo,2012,6,11,23.9,15.49,0
Arezzo,2012,6,12,25.52,13.62,11.1
Arezzo,2012,6,13,26.04,11.28,1.6
Arezzo,2012,6,14,26.92,10.07,0
Arezzo,2012,6,15,30.57,10.45,0
Arezzo,2012,6,16,33.39,12.4,0
Arezzo,2012,6,17,34.89,14.84,0
Arezzo,2012,6,18,35.7,16.36,0
Arezzo,2012,6,19,35.75,16.87,0
Arezzo,2012,6,20,36.35,18.6,0
Arezzo,2012,6,21,33.97,16.54,0
Arezzo,2012,6,22,32.92,16.67,0
Arezzo,2012,6,23,33.37,15.11,0
Arezzo,2012,6,24,34.01,15.01,0
Arezzo,2012,6,25,32.9,13.95,0
Arezzo,2012,6,26,33.38,15.54,0
Arezzo,2012,6,27,34.34,17.59,0
Arezzo,2012,6,28,35.13,17.72,0
Arezzo,2012,6,29,36,17.27,0
Arezzo,2012,6,30,36.78,17.68,0
Arezzo,2012,7,1,37.57,17.99,0
Arezzo,2012,7,2,36.62,18.36,0
Arezzo,2012,7,3,31.92,16.98,0
Arezzo,2012,7,4,34.26,14.33,0
Arezzo,2012,7,5,35.5,15.99,0
Arezzo,2012,7,6,33.48,17.84,0
Arezzo,2012,7,7,33.87,16.04,0
Arezzo,2012,7,8,36.34,14.51,0
Arezzo,2012,7,9,36.3,15.93,0
Arezzo,2012,7,10,35.99,15.71,0
Arezzo,2012,7,11,35.3,15.82,0
Arezzo,2012,7,12,34.45,16.81,0
Arezzo,2012,7,13,33.09,12.77,0
Arezzo,2012,7,14,35.8,17.49,0
Arezzo,2012,7,15,31.91,16.56,0
Arezzo,2012,7,16,32.58,12.57,0
Arezzo,2012,7,17,34.17,12.95,0
Arezzo,2012,7,18,35.85,14.09,0
Arezzo,2012,7,19,37.2,14.06,0
Arezzo,2012,7,20,36.29,14.89,0
Arezzo,2012,7,21,34.12,15.97,0
Arezzo,2012,7,22,26.74,18.67,0
Arezzo,2012,7,23,22.37,18.3,0
Arezzo,2012,7,24,29.26,19.61,0
Arezzo,2012,7,25,33.51,15.97,0
Arezzo,2012,7,26,34.84,15.34,0
Arezzo,2012,7,27,38.67,15.79,0
Arezzo,2012,7,28,38.19,16.71,0
Arezzo,2012,7,29,36.3,17.6,0
Arezzo,2012,7,30,35.48,15.6,0
Arezzo,2012,7,31,36.22,13.79,0
Arezzo,2012,8,1,36.36,17.7,0
Arezzo,2012,8,2,38.28,16.4,0
Arezzo,2012,8,3,36.49,15.42,0
Arezzo,2012,8,4,37.72,16.05,0
Arezzo,2012,8,5,37,16.37,0
Arezzo,2012,8,6,34.94,19.28,0
Arezzo,2012,8,7,37.36,17.63,0
Arezzo,2012,8,8,36.78,11.73,0
Arezzo,2012,8,9,37.51,16.47,0
Arezzo,2012,8,10,33.93,19.41,0
Arezzo,2012,8,11,33.58,16.14,0
Arezzo,2012,8,12,34.91,15.38,0
Arezzo,2012,8,13,34.13,17.29,0
Arezzo,2012,8,14,33.93,18.14,0
Arezzo,2012,8,15,36.01,17.53,0
Arezzo,2012,8,16,36.04,15.71,0
Arezzo,2012,8,17,36.76,16.88,0
Arezzo,2012,8,18,37.55,17.83,0
Arezzo,2012,8,19,38.69,18.64,0
Arezzo,2012,8,20,39.03,16.84,0
Arezzo,2012,8,21,39.99,17.96,0
Arezzo,2012,8,22,40.04,18.45,0
Arezzo,2012,8,23,39.14,17.48,0
Arezzo,2012,8,24,38.31,17.7,0
Arezzo,2012,8,25,36.48,17.36,0
Arezzo,2012,8,26,28.74,15.94,0
Arezzo,2012,8,27,30.22,13.85,9.4
Arezzo,2012,8,28,33.48,13.07,0
Arezzo,2012,8,29,33.94,12.7,0
Arezzo,2012,8,30,35.57,15.12,0
Arezzo,2012,8,31,23.73,15.14,20.1
Arezzo,2012,9,1,24.48,14.22,27.9
Arezzo,2012,9,2,25.51,11.87,0
Arezzo,2012,9,3,25.66,13.8,16.9
Arezzo,2012,9,4,23.73,12.72,6.2
Arezzo,2012,9,5,27.74,16.37,0
Arezzo,2012,9,6,29.26,14.42,0
Arezzo,2012,9,7,31.04,16.08,0
Arezzo,2012,9,8,30.96,13.62,0
Arezzo,2012,9,9,31.68,10.37,0
Arezzo,2012,9,10,30.42,12.3,0
Arezzo,2012,9,11,30.39,13.32,0
Arezzo,2012,9,12,28.78,13.27,0
Arezzo,2012,9,13,21.12,13.92,1.6
Arezzo,2012,9,14,18.61,14.1,0
Arezzo,2012,9,15,25.35,14.6,0
Arezzo,2012,9,16,26.17,12.5,0
Arezzo,2012,9,17,26.68,9.63,0
Arezzo,2012,9,18,27.39,12.24,0
Arezzo,2012,9,19,22.03,13.12,0
Arezzo,2012,9,20,22.22,9.55,25.2
Arezzo,2012,9,21,24.58,6.51,0
Arezzo,2012,9,22,25.56,9.62,0
Arezzo,2012,9,23,28.46,16.89,0
Arezzo,2012,9,24,30.08,17.1,0
Arezzo,2012,9,25,25.74,13.99,0
Arezzo,2012,9,26,26.99,16.47,0
Arezzo,2012,9,27,25.74,15.55,0
Arezzo,2012,9,28,27.73,16.34,0
Arezzo,2012,9,29,28.39,16.08,0
Arezzo,2012,9,30,24.8,15.21,7.7
Arezzo,2012,10,1,24.41,12.46,4.6
Arezzo,2012,10,2,23.91,13.22,0
Arezzo,2012,10,3,22.56,10.48,0
Arezzo,2012,10,4,24.57,11.03,0
Arezzo,2012,10,5,24.53,10.58,0
Arezzo,2012,10,6,24.91,10.33,0
Arezzo,2012,10,7,24.63,13.62,0
Arezzo,2012,10,8,26.42,12.93,0
Arezzo,2012,10,9,20.5,13.54,3.7
Arezzo,2012,10,10,22.9,12.32,8.2
Arezzo,2012,10,11,23.53,11.93,0
Arezzo,2012,10,12,21.24,14.24,8.6
Arezzo,2012,10,13,22.01,12.51,5.1
Arezzo,2012,10,14,21.72,12.72,6.7
Arezzo,2012,10,15,20.97,11.31,2.7
Arezzo,2012,10,16,18.17,8.8,14
Arezzo,2012,10,17,21.53,8.74,0
Arezzo,2012,10,18,22.16,8.51,0
Arezzo,2012,10,19,23.62,7.97,0
Arezzo,2012,10,20,25.04,9.16,0
Arezzo,2012,10,21,25.82,11.05,0
Arezzo,2012,10,22,25.68,12.52,0
Arezzo,2012,10,23,25.22,9.79,0
Arezzo,2012,10,24,23.08,7.56,0
Arezzo,2012,10,25,22.61,8.66,0
Arezzo,2012,10,26,20.05,10.46,0
Arezzo,2012,10,27,18.71,13.37,25.7
Arezzo,2012,10,28,13.14,6.53,11.3
Arezzo,2012,10,29,11.33,1.01,9.4
Arezzo,2012,10,30,13.62,-0.77,0
Arezzo,2012,10,31,12.52,4.57,0
Arezzo,2012,11,1,16.69,9.61,32.5
Arezzo,2012,11,2,20.4,8.59,0
Arezzo,2012,11,3,16.72,6.62,0
Arezzo,2012,11,4,20.11,13.41,1.1
Arezzo,2012,11,5,20.46,11.41,16.8
Arezzo,2012,11,6,18.15,7.97,0
Arezzo,2012,11,7,17.44,3.72,0
Arezzo,2012,11,8,15.35,1.15,0
Arezzo,2012,11,9,14.45,2.38,0
Arezzo,2012,11,10,17.33,6.87,0
Arezzo,2012,11,11,19.47,13.57,0
Arezzo,2012,11,12,14.12,12.45,60.7
Arezzo,2012,11,13,18.24,12.25,44.1
Arezzo,2012,11,14,17.67,8.73,0
Arezzo,2012,11,15,15.12,5.31,0
Arezzo,2012,11,16,15.56,4.04,0
Arezzo,2012,11,17,16.45,2.87,0
Arezzo,2012,11,18,14.65,7.4,0
Arezzo,2012,11,19,12.84,7.54,1.2
Arezzo,2012,11,20,14.73,9.31,0.9
Arezzo,2012,11,21,17.13,5.91,0
Arezzo,2012,11,22,15.27,3.72,0
Arezzo,2012,11,23,15.75,4.68,0
Arezzo,2012,11,24,10.35,5.68,0
Arezzo,2012,11,25,11.06,5.68,0
Arezzo,2012,11,26,14.27,7.71,0
Arezzo,2012,11,27,15.73,7.69,0
Arezzo,2012,11,28,16.4,9.6,15.8
Arezzo,2012,11,29,9.93,6.43,24.4
Arezzo,2012,11,30,11.21,4.61,7
Arezzo,2012,12,1,12.61,4.49,0.9
Arezzo,2012,12,2,9.76,3.74,0
Arezzo,2012,12,3,9.81,-1.33,1.7
Arezzo,2012,12,4,10.57,-0.14,0
Arezzo,2012,12,5,6.67,-1.38,4.9
Arezzo,2012,12,6,5.98,-1.96,0
Arezzo,2012,12,7,3.77,-1.65,0
Arezzo,2012,12,8,5.92,-1.39,8.2
Arezzo,2012,12,9,8.23,-3.53,0
Arezzo,2012,12,10,5.23,-3.66,0
Arezzo,2012,12,11,8.8,-3.51,2.2
Arezzo,2012,12,12,8.21,-4.59,0
Arezzo,2012,12,13,2.32,-4.91,0
Arezzo,2012,12,14,10.9,1.63,0.9
Arezzo,2012,12,15,14.27,10.66,3.7
Arezzo,2012,12,16,13.73,5.89,0.9
Arezzo,2012,12,17,8.37,3.34,1.5
Arezzo,2012,12,18,5.64,1.05,16.5
Arezzo,2012,12,19,10.83,-1.65,0
Arezzo,2012,12,20,5.92,-2.4,0
Arezzo,2012,12,21,5.5,1.72,7.5
Arezzo,2012,12,22,11.28,0.07,0
Arezzo,2012,12,23,6.39,-0.36,0
Arezzo,2012,12,24,14.02,3.32,0
Arezzo,2012,12,25,13.21,8.31,0
Arezzo,2012,12,26,12.32,5.33,0
Arezzo,2012,12,27,10.48,4.31,15.5
Arezzo,2012,12,28,15.61,2.92,1.3
Arezzo,2012,12,29,13.67,-0.61,0
Arezzo,2012,12,30,10.48,-2.58,0
Arezzo,2012,12,31,11.97,-1.46,0
Arezzo,2013,1,1,6.85,-2.92,0
Arezzo,2013,1,2,11.43,3.35,0
Arezzo,2013,1,3,14.56,2.37,0
Arezzo,2013,1,4,10.71,-0.2,0
Arezzo,2013,1,5,9.33,2.42,0
Arezzo,2013,1,6,7.71,2.13,0
Arezzo,2013,1,7,10.89,0.82,0
Arezzo,2013,1,8,6.67,-0.35,0
Arezzo,2013,1,9,10.63,3.69,0
Arezzo,2013,1,10,8.66,5.74,0
Arezzo,2013,1,11,7.68,1.41,1
Arezzo,2013,1,12,10.32,-0.43,3.9
Arezzo,2013,1,13,8.33,3.12,4.3
Arezzo,2013,1,14,10.37,4.77,14.6
Arezzo,2013,1,15,7.92,2.18,1.6
Arezzo,2013,1,16,5.75,0.3,3.7
Arezzo,2013,1,17,5.72,-1.38,1.7
Arezzo,2013,1,18,4.89,-1.69,0
Arezzo,2013,1,19,8.01,-2.34,0
Arezzo,2013,1,20,12.26,6.64,9.2
Arezzo,2013,1,21,9.56,3.76,31.8
Arezzo,2013,1,22,7.83,2.31,0
Arezzo,2013,1,23,6.58,2.04,0.6
Arezzo,2013,1,24,8.38,0.46,1.7
Arezzo,2013,1,25,7.7,1,0
Arezzo,2013,1,26,8.49,-0.59,0
Arezzo,2013,1,27,8.98,-4.57,0
Arezzo,2013,1,28,5.29,-0.77,3.5
Arezzo,2013,1,29,11.97,0.18,3.4
Arezzo,2013,1,30,10.9,4.93,0
Arezzo,2013,1,31,14.89,5.56,0
Arezzo,2013,2,1,14.22,5.24,0
Arezzo,2013,2,2,12.48,3.5,0
Arezzo,2013,2,3,9.44,-0.22,18.7
Arezzo,2013,2,4,11.5,-2.27,0
Arezzo,2013,2,5,9.73,0.31,0
Arezzo,2013,2,6,11.81,3.05,2
Arezzo,2013,2,7,6.32,1.14,7.2
Arezzo,2013,2,8,9.04,-0.73,0
Arezzo,2013,2,9,7.69,-2.23,0
Arezzo,2013,2,10,7.48,-4.63,0
Arezzo,2013,2,11,7.2,-2.08,0
Arezzo,2013,2,12,10.27,0.06,19.8
Arezzo,2013,2,13,8.43,-1.15,0
Arezzo,2013,2,14,10.33,-0.26,0
Arezzo,2013,2,15,10.72,-1.49,0
Arezzo,2013,2,16,11.72,0.68,0
Arezzo,2013,2,17,11.55,-0.44,0
Arezzo,2013,2,18,10.68,0.31,0
Arezzo,2013,2,19,10.71,-2.7,0
Arezzo,2013,2,20,6.97,-1.23,0
Arezzo,2013,2,21,8.32,2.52,0
Arezzo,2013,2,22,6.51,0.7,5.1
Arezzo,2013,2,23,6.22,-0.66,5.1
Arezzo,2013,2,24,6.39,2.64,9.9
Arezzo,2013,2,25,7.99,1.06,1.9
Arezzo,2013,2,26,13.08,-1.04,0
Arezzo,2013,2,27,8.98,-2.27,0
Arezzo,2013,2,28,14.23,-0.78,0
Arezzo,2013,3,1,10.13,-0.32,0
Arezzo,2013,3,2,13.47,1.75,0
Arezzo,2013,3,3,15.75,-2.18,0
Arezzo,2013,3,4,16.89,-1.85,0
Arezzo,2013,3,5,13.55,0.36,0
Arezzo,2013,3,6,10.64,6.96,3.1
Arezzo,2013,3,7,14.94,8.4,2.9
Arezzo,2013,3,8,13.73,10.02,4.4
Arezzo,2013,3,9,16.24,9.66,9.2
Arezzo,2013,3,10,16.63,7.85,5.3
Arezzo,2013,3,11,13.82,6.85,6.1
Arezzo,2013,3,12,14.25,4.39,15.6
Arezzo,2013,3,13,12.2,3.81,2.4
Arezzo,2013,3,14,11.51,3.36,3.2
Arezzo,2013,3,15,8.32,-0.98,0
Arezzo,2013,3,16,10.36,-3.17,0
Arezzo,2013,3,17,10.21,0.07,0
Arezzo,2013,3,18,13.1,7.52,10.6
Arezzo,2013,3,19,15.14,5.28,9.6
Arezzo,2013,3,20,13.24,2.31,0
Arezzo,2013,3,21,16.3,2.79,6.2
Arezzo,2013,3,22,16.23,0.75,0
Arezzo,2013,3,23,16.08,3.71,0
Arezzo,2013,3,24,17.6,7.3,0
Arezzo,2013,3,25,11.87,4.61,1
Arezzo,2013,3,26,10.01,3.42,3.5
Arezzo,2013,3,27,13.56,0.95,1.9
Arezzo,2013,3,28,16.49,6.08,0
Arezzo,2013,3,29,17.4,11.67,2.1
Arezzo,2013,3,30,14.36,9.98,0.9
Arezzo,2013,3,31,15.52,5.38,14.9
Arezzo,2013,4,1,16.23,2.89,3.4
Arezzo,2013,4,2,17.1,7.31,9.4
Arezzo,2013,4,3,17.19,4.67,0
Arezzo,2013,4,4,15.22,3.42,0
Arezzo,2013,4,5,12.48,8.72,8.1
Arezzo,2013,4,6,18.91,6.26,2.6
Arezzo,2013,4,7,15.22,5.54,0
Arezzo,2013,4,8,14.36,3.76,0
Arezzo,2013,4,9,17.31,6.22,4.8
Arezzo,2013,4,10,20.07,8.69,0
Arezzo,2013,4,11,19.49,4.85,0
Arezzo,2013,4,12,19.57,10.36,0
Arezzo,2013,4,13,21.24,7.24,0
Arezzo,2013,4,14,25.08,4.71,0
Arezzo,2013,4,15,26.31,8.07,0
Arezzo,2013,4,16,26.94,7.78,0
Arezzo,2013,4,17,27.67,9.9,0
Arezzo,2013,4,18,28.23,9.55,0
Arezzo,2013,4,19,27.83,9.42,0
Arezzo,2013,4,20,20.21,9.51,0
Arezzo,2013,4,21,18.92,6.18,0
Arezzo,2013,4,22,17.88,6.16,0
Arezzo,2013,4,23,19.2,5.46,4.8
Arezzo,2013,4,24,25.07,5.99,0
Arezzo,2013,4,25,24.26,9.36,0
Arezzo,2013,4,26,23.05,11.59,0
Arezzo,2013,4,27,18.7,10.73,0
Arezzo,2013,4,28,23.09,12.93,8.2
Arezzo,2013,4,29,29.05,12.13,0
Arezzo,2013,4,30,28.53,15.21,0
Arezzo,2013,5,1,28.18,13.92,0
Arezzo,2013,5,2,18.29,12.01,5.7
Arezzo,2013,5,3,25.95,11.64,7
Arezzo,2013,5,4,27.08,11.78,0
Arezzo,2013,5,5,18.07,11.75,2.7
Arezzo,2013,5,6,22.19,10.19,4.3
Arezzo,2013,5,7,21.33,12.55,10.5
Arezzo,2013,5,8,22.84,11.51,3.1
Arezzo,2013,5,9,27.21,9.09,0
Arezzo,2013,5,10,22.74,13.11,0
Arezzo,2013,5,11,24.72,11.96,0
Arezzo,2013,5,12,21.57,10.94,0
Arezzo,2013,5,13,22.34,9.32,1.4
Arezzo,2013,5,14,24.47,7.16,0
Arezzo,2013,5,15,22.02,8.43,0
Arezzo,2013,5,16,20.74,13.31,13.6
Arezzo,2013,5,17,20.68,11.18,4.5
Arezzo,2013,5,18,23.87,11.14,6.3
Arezzo,2013,5,19,21.39,10,1.6
Arezzo,2013,5,20,18.77,9.23,10.1
Arezzo,2013,5,21,16.98,9.87,4.5
Arezzo,2013,5,22,22.62,6.24,1.7
Arezzo,2013,5,23,21.11,10.9,9.1
Arezzo,2013,5,24,18.84,9.43,0
Arezzo,2013,5,25,13.92,6.31,0
Arezzo,2013,5,26,18.74,7.14,17
Arezzo,2013,5,27,19.74,8.8,0
Arezzo,2013,5,28,18.02,10.55,6.1
Arezzo,2013,5,29,19.75,10.8,0
Arezzo,2013,5,30,15.89,7.08,0.8
Arezzo,2013,5,31,17.68,9.33,6.5
Arezzo,2013,6,1,21.45,10.76,2.1
Arezzo,2013,6,2,24.69,10.9,0
Arezzo,2013,6,3,20.63,11.66,7.5
Arezzo,2013,6,4,24.63,8.56,1.5
Arezzo,2013,6,5,23.95,11.49,0
Arezzo,2013,6,6,24.9,9.96,5.2
Arezzo,2013,6,7,26.09,11.08,0
Arezzo,2013,6,8,28.96,10.89,0
Arezzo,2013,6,9,22.72,12.41,0
Arezzo,2013,6,10,21.72,12.52,0
Arezzo,2013,6,11,26.65,10.13,1.4
Arezzo,2013,6,12,27.08,11.91,0
Arezzo,2013,6,13,28.28,11.49,0
Arezzo,2013,6,14,30.58,11.7,0
Arezzo,2013,6,15,30.06,14.75,0
Arezzo,2013,6,16,32.03,13.17,0
Arezzo,2013,6,17,33.62,14.22,0
Arezzo,2013,6,18,34.71,16.84,0
Arezzo,2013,6,19,34.49,19.33,0
Arezzo,2013,6,20,33.18,16.91,0
Arezzo,2013,6,21,30.06,15.32,0
Arezzo,2013,6,22,26.51,12.85,0
Arezzo,2013,6,23,27.77,13.17,0
Arezzo,2013,6,24,26.43,12.88,0
Arezzo,2013,6,25,26.98,11.35,0
Arezzo,2013,6,26,24.6,10.7,3.5
Arezzo,2013,6,27,25.72,10.79,0
Arezzo,2013,6,28,21.08,11,1.6
Arezzo,2013,6,29,24.99,9.29,4.3
Arezzo,2013,6,30,28.07,9.8,0
Arezzo,2013,7,1,30.6,12.48,0
Arezzo,2013,7,2,30.68,11.73,0
Arezzo,2013,7,3,30.41,12.53,0
Arezzo,2013,7,4,28.82,14.95,5.3
Arezzo,2013,7,5,31.18,14.17,0
Arezzo,2013,7,6,30.63,16.08,0
Arezzo,2013,7,7,30.29,16.27,0
Arezzo,2013,7,8,30.18,18.07,0
Arezzo,2013,7,9,30.6,16.66,0
Arezzo,2013,7,10,31.29,15.14,0
Arezzo,2013,7,11,28.66,15.68,5.7
Arezzo,2013,7,12,30.9,14.18,7.1
Arezzo,2013,7,13,30.78,14.95,0
Arezzo,2013,7,14,30.67,16.59,0
Arezzo,2013,7,15,31.07,14.07,0
Arezzo,2013,7,16,32.76,15.48,0
Arezzo,2013,7,17,31.99,16.87,0
Arezzo,2013,7,18,32.19,16.06,0
Arezzo,2013,7,19,31.5,15.4,0
Arezzo,2013,7,20,31.24,14.38,12.9
Arezzo,2013,7,21,31.4,15.01,0
Arezzo,2013,7,22,31.98,15.75,0
Arezzo,2013,7,23,33.85,14.87,0
Arezzo,2013,7,24,33.24,15.71,0
Arezzo,2013,7,25,32.61,15.35,0
Arezzo,2013,7,26,34.44,17.94,0
Arezzo,2013,7,27,36.03,16.87,0
Arezzo,2013,7,28,35.71,17.31,0
Arezzo,2013,7,29,32.08,18.3,0
Arezzo,2013,7,30,30.88,15.67,17.6
Arezzo,2013,7,31,30.2,15.14,0
Arezzo,2013,8,1,32.7,14.92,0
Arezzo,2013,8,2,35,14.74,0
Arezzo,2013,8,3,36.52,16.7,0
Arezzo,2013,8,4,35.67,16.13,0
Arezzo,2013,8,5,37.92,16.34,0
Arezzo,2013,8,6,36.92,16.9,0
Arezzo,2013,8,7,36.71,17.35,0
Arezzo,2013,8,8,36.75,17.62,0
Arezzo,2013,8,9,32.72,19.28,0
Arezzo,2013,8,10,30.76,16.83,0
Arezzo,2013,8,11,31.87,16.35,0
Arezzo,2013,8,12,33.84,15.02,0
Arezzo,2013,8,13,33.24,15.29,0
Arezzo,2013,8,14,33.34,16.09,0
Arezzo,2013,8,15,30.56,18.21,0
Arezzo,2013,8,16,32.67,14.86,0
Arezzo,2013,8,17,33.48,14.82,0
Arezzo,2013,8,18,33.36,15.02,0
Arezzo,2013,8,19,33.9,15.02,0
Arezzo,2013,8,20,22.73,17.09,6.7
Arezzo,2013,8,21,28.27,16.66,0
Arezzo,2013,8,22,32.19,14.56,0
Arezzo,2013,8,23,32.23,14.99,0
Arezzo,2013,8,24,31.08,14.61,0
Arezzo,2013,8,25,30.53,17.42,2.3
Arezzo,2013,8,26,28.05,16.82,0
Arezzo,2013,8,27,28.83,15.36,0
Arezzo,2013,8,28,28.15,14.36,0
Arezzo,2013,8,29,29.77,14.06,0
Arezzo,2013,8,30,29.45,13.22,0
Arezzo,2013,8,31,29.33,12.17,0
Arezzo,2013,9,1,30.43,12.02,0
Arezzo,2013,9,2,30.69,12.98,0
Arezzo,2013,9,3,32.71,12.68,0
Arezzo,2013,9,4,33.33,13.91,0
Arezzo,2013,9,5,33.69,14.71,0
Arezzo,2013,9,6,33.17,15.18,0
Arezzo,2013,9,7,33.13,16.03,0
Arezzo,2013,9,8,29.55,15.66,0
Arezzo,2013,9,9,29.14,15.96,20.6
Arezzo,2013,9,10,25.81,14.43,0
Arezzo,2013,9,11,26.07,13.13,3.9
Arezzo,2013,9,12,25.03,11.44,8
Arezzo,2013,9,13,25.89,10.16,0
Arezzo,2013,9,14,26.29,9.69,0
Arezzo,2013,9,15,23.85,13.27,0
Arezzo,2013,9,16,24.01,11.23,0
Arezzo,2013,9,17,24.27,13.26,0
Arezzo,2013,9,18,24.09,9.72,0
Arezzo,2013,9,19,27.24,15.15,0
Arezzo,2013,9,20,28.24,12.5,0
Arezzo,2013,9,21,29,11.56,0
Arezzo,2013,9,22,25.79,12.58,0
Arezzo,2013,9,23,28.57,9.75,0
Arezzo,2013,9,24,27.52,8.7,0
Arezzo,2013,9,25,25.98,9.03,0
Arezzo,2013,9,26,24.91,13.17,0
Arezzo,2013,9,27,23.98,14.23,0
Arezzo,2013,9,28,27.22,12.75,0
Arezzo,2013,9,29,19.72,14.87,0
Arezzo,2013,9,30,21.32,12.65,47.1
Arezzo,2013,10,1,23.7,10.38,8.1
Arezzo,2013,10,2,23.43,11.71,0
Arezzo,2013,10,3,22.21,9.69,0
Arezzo,2013,10,4,21.13,12.46,0
Arezzo,2013,10,5,17.36,14.11,19.1
Arezzo,2013,10,6,21.95,12.78,20.8
Arezzo,2013,10,7,20.75,13.37,0
Arezzo,2013,10,8,22.06,12.35,5.2
Arezzo,2013,10,9,21.94,10.61,0
Arezzo,2013,10,10,20.76,12.78,0
Arezzo,2013,10,11,20.38,11.51,6.5
Arezzo,2013,10,12,18.15,8.86,13.4
Arezzo,2013,10,13,21.35,7.85,0
Arezzo,2013,10,14,22.06,9.99,0
Arezzo,2013,10,15,21.42,12.86,0
Arezzo,2013,10,16,23.4,9.84,11.5
Arezzo,2013,10,17,22.74,7.31,0
Arezzo,2013,10,18,22.5,8.24,0
Arezzo,2013,10,19,22.25,10.25,0
Arezzo,2013,10,20,20.79,12.07,0
Arezzo,2013,10,21,19.52,13.26,35.5
Arezzo,2013,10,22,23.03,12.93,31.8
Arezzo,2013,10,23,21.4,11.18,0
Arezzo,2013,10,24,18.07,14.8,11.7
Arezzo,2013,10,25,22.51,11.93,2.8
Arezzo,2013,10,26,22.59,12.58,0
Arezzo,2013,10,27,21.63,12.87,0
Arezzo,2013,10,28,23.24,15.28,0
Arezzo,2013,10,29,22.26,13.69,0
Arezzo,2013,10,30,23.25,12.37,0
Arezzo,2013,10,31,21.24,10.29,0
Arezzo,2013,11,1,20.42,8.45,0
Arezzo,2013,11,2,19.36,11.31,0
Arezzo,2013,11,3,20.95,14.4,0
Arezzo,2013,11,4,19.06,11.88,0
Arezzo,2013,11,5,16.8,8.62,27
Arezzo,2013,11,6,19.79,7.33,0
Arezzo,2013,11,7,19.58,8.64,0
Arezzo,2013,11,8,19.66,11.3,0
Arezzo,2013,11,9,20.21,11.25,0
Arezzo,2013,11,10,14.21,9.28,5.9
Arezzo,2013,11,11,12.15,6.58,13.3
Arezzo,2013,11,12,15.22,10.61,7
Arezzo,2013,11,13,19.13,10.02,0
Arezzo,2013,11,14,16.75,11.06,0
Arezzo,2013,11,15,14.33,10.82,8
Arezzo,2013,11,16,14.57,9.54,0
Arezzo,2013,11,17,15.14,7.59,0
Arezzo,2013,11,18,16.82,6.92,0
Arezzo,2013,11,19,14.43,7.57,3.8
Arezzo,2013,11,20,12.33,6.04,3.3
Arezzo,2013,11,21,9.38,3.07,3.6
Arezzo,2013,11,22,11.01,2.52,20.4
Arezzo,2013,11,23,10.64,4.1,1.6
Arezzo,2013,11,24,13.44,3.72,0
Arezzo,2013,11,25,8.92,0.57,0
Arezzo,2013,11,26,7.32,-0.86,0.7
Arezzo,2013,11,27,4.15,-1.25,0
Arezzo,2013,11,28,9.11,0.57,0
Arezzo,2013,11,29,11.23,-1.68,0
Arezzo,2013,11,30,9.19,-1.96,0
Arezzo,2013,12,1,8.95,5.79,0
Arezzo,2013,12,2,9.51,6.4,0
Arezzo,2013,12,3,14.5,1.69,0
Arezzo,2013,12,4,12.06,-2.95,0
Arezzo,2013,12,5,10.9,-3.44,0
Arezzo,2013,12,6,8.33,2.11,0
Arezzo,2013,12,7,10.36,-0.47,0
Arezzo,2013,12,8,10,-2.24,0
Arezzo,2013,12,9,7.51,-1.32,0
Arezzo,2013,12,10,11.44,0.12,0
Arezzo,2013,12,11,14.66,-0.02,0
Arezzo,2013,12,12,10.16,-0.46,0
Arezzo,2013,12,13,5.61,0.34,0
Arezzo,2013,12,14,8.58,3.27,0
Arezzo,2013,12,15,13.43,0.78,0
Arezzo,2013,12,16,14.75,-1.57,0
Arezzo,2013,12,17,13.87,-1.86,0
Arezzo,2013,12,18,9.48,-3.41,0
Arezzo,2013,12,19,8.56,-2.56,0
Arezzo,2013,12,20,11.43,4.02,0
Arezzo,2013,12,21,10.29,2.38,0
Arezzo,2013,12,22,9,2.46,0
Arezzo,2013,12,23,9.68,6.33,0
Arezzo,2013,12,24,7.45,4.61,0
Arezzo,2013,12,25,13.09,5.84,0
Arezzo,2013,12,26,13.15,4.67,13.1
Arezzo,2013,12,27,8.47,1.24,7.2
Arezzo,2013,12,28,12.17,1.96,0
Arezzo,2013,12,29,12.39,4.64,0
Arezzo,2013,12,30,9.28,3.64,3
Arezzo,2013,12,31,11.76,4.42,0
Arezzo,2014,1,1,11.52,-0.68,0
Arezzo,2014,1,2,7.6,-0.5,0
Arezzo,2014,1,3,12.47,7.6,1.7
Arezzo,2014,1,4,15.13,9.82,0.8
Arezzo,2014,1,5,14.76,4.82,5.5
Arezzo,2014,1,6,14.91,1.52,1
Arezzo,2014,1,7,12.04,1.87,0
Arezzo,2014,1,8,10.56,0.89,0
Arezzo,2014,1,9,6.78,2.06,0
Arezzo,2014,1,10,10.45,4.76,0
Arezzo,2014,1,11,13.35,5.55,0
Arezzo,2014,1,12,11.99,1.38,0
Arezzo,2014,1,13,7.43,0.77,0
Arezzo,2014,1,14,10.62,5.19,3.9
Arezzo,2014,1,15,11.61,2.03,9.9
Arezzo,2014,1,16,9.98,0.33,0
Arezzo,2014,1,17,12.45,9.69,0
Arezzo,2014,1,18,14.89,12.02,5.5
Arezzo,2014,1,19,16.22,8.72,0
Arezzo,2014,1,20,11.47,5.64,9.4
Arezzo,2014,1,21,10.15,6.29,1.8
Arezzo,2014,1,22,10.66,5.12,2.7
Arezzo,2014,1,23,11.19,4.72,5.5
Arezzo,2014,1,24,7.55,4.21,9.5
Arezzo,2014,1,25,11.1,0.71,0
Arezzo,2014,1,26,12.14,-1.74,0
Arezzo,2014,1,27,5.75,-1.11,0
Arezzo,2014,1,28,8.94,-1.5,3
Arezzo,2014,1,29,9.12,-2.7,0
Arezzo,2014,1,30,12.42,4.8,10.7
Arezzo,2014,1,31,11.31,8.32,35.6
Arezzo,2014,2,1,15.25,7.84,13.1
Arezzo,2014,2,2,10.12,4.68,2.7
Arezzo,2014,2,3,14.4,7.55,7.9
Arezzo,2014,2,4,12.7,5.76,0.6
Arezzo,2014,2,5,10.31,2.77,2.9
Arezzo,2014,2,6,11.52,3.14,14.8
Arezzo,2014,2,7,14.47,1.51,0
Arezzo,2014,2,8,14.2,7.34,9
Arezzo,2014,2,9,12.26,6.46,13.2
Arezzo,2014,2,10,11.53,4.26,5.4
Arezzo,2014,2,11,11.47,6.71,20.8
Arezzo,2014,2,12,13.96,3.03,0
Arezzo,2014,2,13,13.19,1.44,0
Arezzo,2014,2,14,16.78,5.91,0
Arezzo,2014,2,15,17.32,4.38,0
Arezzo,2014,2,16,18.09,8.85,0
Arezzo,2014,2,17,17.78,7.47,0
Arezzo,2014,2,18,20.14,6.36,0
Arezzo,2014,2,19,16.75,9.54,0
Arezzo,2014,2,20,12.52,9.14,6.5
Arezzo,2014,2,21,10.45,7.87,3.7
Arezzo,2014,2,22,12.6,2.98,4.4
Arezzo,2014,2,23,11.27,0.26,2
Arezzo,2014,2,24,6.25,1.95,0
Arezzo,2014,2,25,9.26,0.48,0
Arezzo,2014,2,26,11.17,2.57,0
Arezzo,2014,2,27,9.43,3.97,8.3
Arezzo,2014,2,28,12.09,4.26,1.7
Arezzo,2014,3,1,10.94,4.81,5.3
Arezzo,2014,3,2,13.44,1.59,1.2
Arezzo,2014,3,3,12.59,0,0
Arezzo,2014,3,4,11.7,4.19,8.1
Arezzo,2014,3,5,12.01,4.49,8.4
Arezzo,2014,3,6,14.43,6.61,0
Arezzo,2014,3,7,17.37,7.03,0
Arezzo,2014,3,8,14.72,6.21,0
Arezzo,2014,3,9,16.3,4.72,0
Arezzo,2014,3,10,14.39,6.12,0
Arezzo,2014,3,11,14.04,3.72,0
Arezzo,2014,3,12,18.28,2.27,0
Arezzo,2014,3,13,21.43,1.57,0
Arezzo,2014,3,14,20.64,2.22,0
Arezzo,2014,3,15,19.39,2.21,0
Arezzo,2014,3,16,21.12,3.27,0
Arezzo,2014,3,17,21.03,3.85,0
Arezzo,2014,3,18,19.02,4.06,0
Arezzo,2014,3,19,18.75,7.74,0
Arezzo,2014,3,20,23.48,5.24,0
Arezzo,2014,3,21,21.31,6.63,0
Arezzo,2014,3,22,17.33,10.43,2.7
Arezzo,2014,3,23,15.77,5.9,5.2
Arezzo,2014,3,24,10.47,1.8,6.4
Arezzo,2014,3,25,13.28,-0.13,0
Arezzo,2014,3,26,12.83,5.38,0
Arezzo,2014,3,27,11.54,7.22,2.6
Arezzo,2014,3,28,17.77,5.49,3.4
Arezzo,2014,3,29,22.11,3.71,0
Arezzo,2014,3,30,22.12,5.2,0
Arezzo,2014,3,31,21.32,4.77,0
Arezzo,2014,4,1,19.49,3.16,0
Arezzo,2014,4,2,18.22,4.11,0
Arezzo,2014,4,3,20.09,6.55,0
Arezzo,2014,4,4,14.81,10.35,2.4
Arezzo,2014,4,5,17.8,8.31,11
Arezzo,2014,4,6,21.45,8.02,0
Arezzo,2014,4,7,25.05,7.02,0
Arezzo,2014,4,8,23.4,7.61,0
Arezzo,2014,4,9,20.09,7.47,0
Arezzo,2014,4,10,22,4.09,0
Arezzo,2014,4,11,21.9,6.75,0
Arezzo,2014,4,12,20.84,6.55,0
Arezzo,2014,4,13,19.85,7.98,0
Arezzo,2014,4,14,22.19,4.95,3.6
Arezzo,2014,4,15,17.21,6.19,0
Arezzo,2014,4,16,15.2,2.84,0
Arezzo,2014,4,17,16.62,1.28,0
Arezzo,2014,4,18,19.94,0.73,0
Arezzo,2014,4,19,12.31,6.92,1.6
Arezzo,2014,4,20,19.14,3.99,5.5
Arezzo,2014,4,21,20.57,7.75,0
Arezzo,2014,4,22,20.68,8.52,0
Arezzo,2014,4,23,21.65,10.64,0
Arezzo,2014,4,24,23.2,8.17,0
Arezzo,2014,4,25,23.89,6.79,0
Arezzo,2014,4,26,23.04,8.98,0
Arezzo,2014,4,27,16.51,9.74,3.1
Arezzo,2014,4,28,13.74,8.25,6.8
Arezzo,2014,4,29,16.53,8.05,3.7
Arezzo,2014,4,30,19.75,8.34,0
Arezzo,2014,5,1,18.58,7.17,4.9
Arezzo,2014,5,2,17.27,10.05,0
Arezzo,2014,5,3,14.84,9.3,34.7
Arezzo,2014,5,4,16.93,7.25,3.7
Arezzo,2014,5,5,22.26,4.51,0
Arezzo,2014,5,6,23.42,5.62,0
Arezzo,2014,5,7,19.66,7.16,0
Arezzo,2014,5,8,23.69,8.17,0
Arezzo,2014,5,9,26.39,7.74,0
Arezzo,2014,5,10,25.62,8.03,0
Arezzo,2014,5,11,22.28,13.96,0
Arezzo,2014,5,12,22.78,8.6,0
Arezzo,2014,5,13,21.93,5.94,0
Arezzo,2014,5,14,23.08,7.56,0
Arezzo,2014,5,15,20.99,5.43,0
Arezzo,2014,5,16,20.95,7.78,0
Arezzo,2014,5,17,21.9,8.67,0
Arezzo,2014,5,18,22.21,6.25,0
Arezzo,2014,5,19,21.21,7.79,0
Arezzo,2014,5,20,24.28,11.58,0
Arezzo,2014,5,21,27.17,10.53,0
Arezzo,2014,5,22,26.6,11.76,0
Arezzo,2014,5,23,22.21,14.82,0
Arezzo,2014,5,24,25.29,10.69,5.6
Arezzo,2014,5,25,27.06,8.55,0
Arezzo,2014,5,26,25,13.76,2.4
Arezzo,2014,5,27,19.96,10.99,0
Arezzo,2014,5,28,22.01,10.92,1.8
Arezzo,2014,5,29,23.64,6.26,0
Arezzo,2014,5,30,22.97,9.34,0
Arezzo,2014,5,31,20.92,8.71,0
Arezzo,2014,6,1,23.33,6.34,0
Arezzo,2014,6,2,25.22,7.51,0
Arezzo,2014,6,3,25.99,12.14,0
Arezzo,2014,6,4,26.59,9.58,0
Arezzo,2014,6,5,27.01,11.89,0
Arezzo,2014,6,6,29.76,10.86,0
Arezzo,2014,6,7,32.2,13.53,0
Arezzo,2014,6,8,32.79,15.2,0
Arezzo,2014,6,9,33.4,14.85,0
Arezzo,2014,6,10,34.46,15.17,0
Arezzo,2014,6,11,34.17,16.76,0
Arezzo,2014,6,12,34.11,16.2,0
Arezzo,2014,6,13,32.87,16.77,0
Arezzo,2014,6,14,29.24,15.61,6.8
Arezzo,2014,6,15,21.95,15.94,4.2
Arezzo,2014,6,16,21.66,12.32,4.1
Arezzo,2014,6,17,22.95,10.98,5.5
Arezzo,2014,6,18,23.74,12.87,0
Arezzo,2014,6,19,25.91,10.44,0
Arezzo,2014,6,20,27.78,11.17,0
Arezzo,2014,6,21,29.19,11.89,0
Arezzo,2014,6,22,29.35,12.68,0
Arezzo,2014,6,23,29.7,14.42,0
Arezzo,2014,6,24,30.3,13.31,0
Arezzo,2014,6,25,26.35,16.98,0
Arezzo,2014,6,26,25,14.72,10.6
Arezzo,2014,6,27,28.52,13.05,4.7
Arezzo,2014,6,28,28.02,13.64,0
Arezzo,2014,6,29,29.64,14.04,0
Arezzo,2014,6,30,27.97,15.45,15
Arezzo,2014,7,1,28.06,12.75,0
Arezzo,2014,7,2,28.7,14.88,0
Arezzo,2014,7,3,30.15,15.02,0
Arezzo,2014,7,4,32.15,17.32,0
Arezzo,2014,7,5,28.89,17.2,0
Arezzo,2014,7,6,31.25,14.47,0
Arezzo,2014,7,7,31.08,16.06,0
Arezzo,2014,7,8,25.53,15.98,3.2
Arezzo,2014,7,9,26.68,14.37,1.5
Arezzo,2014,7,10,23.59,11.21,6.2
Arezzo,2014,7,11,27.97,10.22,3.7
Arezzo,2014,7,12,26.98,12.92,0
Arezzo,2014,7,13,25.59,15.39,14.8
Arezzo,2014,7,14,25.49,15.14,7.4
Arezzo,2014,7,15,28.02,12.8,11.2
Arezzo,2014,7,16,30.98,15.07,0
Arezzo,2014,7,17,32.06,15.78,0
Arezzo,2014,7,18,33.69,16.2,0
Arezzo,2014,7,19,34.41,15.59,0
Arezzo,2014,7,20,33.04,17.69,0
Arezzo,2014,7,21,24.43,15.94,2.5
Arezzo,2014,7,22,27.11,15.84,10.2
Arezzo,2014,7,23,29.35,17.61,0
Arezzo,2014,7,24,27.02,15.02,0
Arezzo,2014,7,25,28.21,17.08,5.8
Arezzo,2014,7,26,28.04,16.82,0
Arezzo,2014,7,27,27.16,16.38,14.8
Arezzo,2014,7,28,29.33,15.29,0
Arezzo,2014,7,29,24.05,17.11,2.9
Arezzo,2014,7,30,22.99,14.84,19.3
Arezzo,2014,7,31,27.81,16.62,0
Arezzo,2014,8,1,31.05,16.69,0
Arezzo,2014,8,2,30.38,16.31,0
Arezzo,2014,8,3,28.61,17.11,0
Arezzo,2014,8,4,30.11,15.74,0
Arezzo,2014,8,5,30.75,15.93,0
Arezzo,2014,8,6,28.91,14.7,0
Arezzo,2014,8,7,31.24,13.91,0
Arezzo,2014,8,8,31.38,15.74,0
Arezzo,2014,8,9,31.21,16.15,0
Arezzo,2014,8,10,32.37,17.66,0
Arezzo,2014,8,11,32.43,16.21,0
Arezzo,2014,8,12,31.28,17.86,0
Arezzo,2014,8,13,30.89,20.8,0
Arezzo,2014,8,14,27.77,15.29,8.4
Arezzo,2014,8,15,27.18,13.21,0
Arezzo,2014,8,16,26.82,11.99,0
Arezzo,2014,8,17,27.3,11.37,0
Arezzo,2014,8,18,28.64,9.97,0
Arezzo,2014,8,19,28.7,14.09,0
Arezzo,2014,8,20,27.28,16.23,0
Arezzo,2014,8,21,28.76,15,0
Arezzo,2014,8,22,29,11.58,0
Arezzo,2014,8,23,22.66,15.51,0
Arezzo,2014,8,24,26.16,13.34,7.7
Arezzo,2014,8,25,26.92,12.37,0
Arezzo,2014,8,26,28.66,14.22,0
Arezzo,2014,8,27,29.96,16.12,0
Arezzo,2014,8,28,29.64,13.59,0
Arezzo,2014,8,29,30.73,14.42,0
Arezzo,2014,8,30,31.07,15.04,0
Arezzo,2014,8,31,29.77,15.19,0
Arezzo,2014,9,1,20.4,12.62,30.9
Arezzo,2014,9,2,21.88,14.53,0
Arezzo,2014,9,3,20.37,14.86,0
Arezzo,2014,9,4,24.61,14.02,0
Arezzo,2014,9,5,26.46,14.66,0
Arezzo,2014,9,6,27.15,14.58,0
Arezzo,2014,9,7,28.69,13.31,0
Arezzo,2014,9,8,28.48,13.71,0
Arezzo,2014,9,9,28.82,15.44,0
Arezzo,2014,9,10,23.88,15.31,0
Arezzo,2014,9,11,23.06,13.9,20.4
Arezzo,2014,9,12,17.91,10.5,6.7
Arezzo,2014,9,13,24.32,9.04,10.2
Arezzo,2014,9,14,26.11,11.53,0
Arezzo,2014,9,15,26.24,11.73,0
Arezzo,2014,9,16,25.46,14.11,0
Arezzo,2014,9,17,25.59,11.32,0
Arezzo,2014,9,18,27.28,13.69,0
Arezzo,2014,9,19,26.3,17.5,0
Arezzo,2014,9,20,28.54,19.29,3.9
Arezzo,2014,9,21,27.44,16.75,0
Arezzo,2014,9,22,25.01,14.83,0
Arezzo,2014,9,23,22.66,9.85,0
Arezzo,2014,9,24,18.06,7.74,0
Arezzo,2014,9,25,23.51,11.77,1.5
Arezzo,2014,9,26,23.5,9.93,0
Arezzo,2014,9,27,26.23,8.76,0
Arezzo,2014,9,28,26.13,9.79,0
Arezzo,2014,9,29,25.29,8.77,0
Arezzo,2014,9,30,25.24,10.48,0
Arezzo,2014,10,1,21.54,13.36,0
Arezzo,2014,10,2,23.26,14.81,3.3
Arezzo,2014,10,3,23.68,12.91,0
Arezzo,2014,10,4,22.85,11.65,0
Arezzo,2014,10,5,23.14,9.52,0
Arezzo,2014,10,6,24.2,9.56,0
Arezzo,2014,10,7,23.94,8.56,0
Arezzo,2014,10,8,24.82,13.29,0
Arezzo,2014,10,9,24.61,11.39,0
Arezzo,2014,10,10,26.44,14.74,0
Arezzo,2014,10,11,24.72,13.57,0
Arezzo,2014,10,12,26.2,14.31,1.4
Arezzo,2014,10,13,24.49,15.78,0
Arezzo,2014,10,14,21.22,15.5,25.6
Arezzo,2014,10,15,24.95,15.31,4.1
Arezzo,2014,10,16,21.78,16.16,5.9
Arezzo,2014,10,17,25.07,16.18,0
Arezzo,2014,10,18,25.69,15.4,0
Arezzo,2014,10,19,26.3,13.16,0
Arezzo,2014,10,20,22.54,11.82,0
Arezzo,2014,10,21,21.79,14.64,0
Arezzo,2014,10,22,19.39,5.26,0
Arezzo,2014,10,23,17.41,4.73,0
Arezzo,2014,10,24,21.36,9.04,0
Arezzo,2014,10,25,18.22,6.55,0
Arezzo,2014,10,26,16.26,5.44,0
Arezzo,2014,10,27,14.99,6.66,0
Arezzo,2014,10,28,15.84,6.2,0
Arezzo,2014,10,29,17.26,5.28,0
Arezzo,2014,10,30,18.98,4.27,0
Arezzo,2014,10,31,19.42,3.54,0
Arezzo,2014,11,1,21.79,5.53,0
Arezzo,2014,11,2,19.33,3.06,0
Arezzo,2014,11,3,17.11,4.35,0
Arezzo,2014,11,4,20.41,10.13,0
Arezzo,2014,11,5,19.44,13.38,4.9
Arezzo,2014,11,6,15.74,12.75,56.3
Arezzo,2014,11,7,15.92,11.51,11.3
Arezzo,2014,11,8,16.85,11.61,3
Arezzo,2014,11,9,17.68,12.57,0
Arezzo,2014,11,10,17.57,11.74,0
Arezzo,2014,11,11,19.59,10.83,7.2
Arezzo,2014,11,12,15.31,10.82,0
Arezzo,2014,11,13,17.64,11.25,1.2
Arezzo,2014,11,14,17.32,8.83,0
Arezzo,2014,11,15,15.65,9.79,0
Arezzo,2014,11,16,15.93,8.45,12
Arezzo,2014,11,17,13.12,6.18,6.5
Arezzo,2014,11,18,14.79,7.45,32.6
Arezzo,2014,11,19,16.21,4.88,12.5
Arezzo,2014,11,20,14.7,2.19,0
Arezzo,2014,11,21,11.08,1.31,0
Arezzo,2014,11,22,14.29,9.15,0
Arezzo,2014,11,23,17.04,8.58,0
Arezzo,2014,11,24,12.86,6.24,0
Arezzo,2014,11,25,13.92,7.8,0
Arezzo,2014,11,26,14.26,11.23,2.6
Arezzo,2014,11,27,14.4,10.44,1.8
Arezzo,2014,11,28,17,8.76,7.3
Arezzo,2014,11,29,16.09,8.15,0
Arezzo,2014,11,30,19.43,11.96,1.5
Arezzo,2014,12,1,18.31,9.47,1.3
Arezzo,2014,12,2,15.39,7.32,1.4
Arezzo,2014,12,3,13.32,9.4,0
Arezzo,2014,12,4,14.51,9.39,14.8
Arezzo,2014,12,5,14.4,7.85,6.3
Arezzo,2014,12,6,13.5,7.8,1
Arezzo,2014,12,7,11.82,6.19,0
Arezzo,2014,12,8,13.13,2.78,0
Arezzo,2014,12,9,10.21,2.89,0
Arezzo,2014,12,10,12.54,1.74,0
Arezzo,2014,12,11,12.05,-0.87,0
Arezzo,2014,12,12,11.78,-2.13,0
Arezzo,2014,12,13,14.47,3.27,0
Arezzo,2014,12,14,14.17,7.13,0
Arezzo,2014,12,15,13.92,7.55,0
Arezzo,2014,12,16,11.76,8.26,4.2
Arezzo,2014,12,17,13.62,7.82,2
Arezzo,2014,12,18,13.12,4.02,0
Arezzo,2014,12,19,10.09,3.49,0
Arezzo,2014,12,20,14.66,6.9,0
Arezzo,2014,12,21,15.11,2.26,0
Arezzo,2014,12,22,10.91,0.3,0
Arezzo,2014,12,23,11.51,7.06,0
Arezzo,2014,12,24,12.07,9.34,0
Arezzo,2014,12,25,11.65,6.15,0
Arezzo,2014,12,26,12,-0.66,0
Arezzo,2014,12,27,7.44,-2.48,0
Arezzo,2014,12,28,6.18,-1.37,15.4
Arezzo,2014,12,29,7.07,-3.94,0
Arezzo,2014,12,30,1.73,-4.54,0
Arezzo,2014,12,31,1.81,-3.4,0
Arezzo,2015,1,1,7.16,-1.99,0
Arezzo,2015,1,2,12.53,-0.9,0
Arezzo,2015,1,3,10.15,1.54,0
Arezzo,2015,1,4,15.55,5.39,0
Arezzo,2015,1,5,12.3,-1.15,0
Arezzo,2015,1,6,11.94,-2.37,0
Arezzo,2015,1,7,10.54,0.97,0
Arezzo,2015,1,8,12.6,3.49,0
Arezzo,2015,1,9,11.87,7.31,0
Arezzo,2015,1,10,11.65,7.27,0
Arezzo,2015,1,11,14.61,4.26,0
Arezzo,2015,1,12,13.36,-1.19,0
Arezzo,2015,1,13,12.85,-0.5,0
Arezzo,2015,1,14,13.6,3.81,0
Arezzo,2015,1,15,14.44,4.09,0
Arezzo,2015,1,16,12.57,4.97,0
Arezzo,2015,1,17,14.66,6.68,0
Arezzo,2015,1,18,12.82,0.57,0
Arezzo,2015,1,19,11.59,-1.91,0
Arezzo,2015,1,20,9.25,3.53,0
Arezzo,2015,1,21,11.95,5.82,1
Arezzo,2015,1,22,10.81,5.99,1.9
Arezzo,2015,1,23,9.71,6.97,0.9
Arezzo,2015,1,24,12.37,4.86,0
Arezzo,2015,1,25,8.32,4.46,0
Arezzo,2015,1,26,9.73,-2.49,0
Arezzo,2015,1,27,8.76,-4.77,0
Arezzo,2015,1,28,9.3,-3.51,0
Arezzo,2015,1,29,7.44,-3.52,0
Arezzo,2015,1,30,11.23,-1.46,17.5
Arezzo,2015,1,31,7.13,-1.49,4.9
Arezzo,2015,2,1,6.46,-0.86,8.6
Arezzo,2015,2,2,7.04,-1.39,0
Arezzo,2015,2,3,6.25,-0.12,0
Arezzo,2015,2,4,9.07,3.85,3
Arezzo,2015,2,5,7.21,3.73,13.2
Arezzo,2015,2,6,8.03,0.43,20.7
Arezzo,2015,2,7,6.5,-0.43,2.2
Arezzo,2015,2,8,9.29,-3.32,0
Arezzo,2015,2,9,8.32,-2.11,0
Arezzo,2015,2,10,13.48,-1.88,0
Arezzo,2015,2,11,16.7,-0.27,0
Arezzo,2015,2,12,15.75,-0.18,0
Arezzo,2015,2,13,11.7,-0.35,0
Arezzo,2015,2,14,11.56,3.93,0
Arezzo,2015,2,15,11.82,3.65,0
Arezzo,2015,2,16,12.93,6.56,0
Arezzo,2015,2,17,14.68,4.51,0
Arezzo,2015,2,18,11.47,1.93,0
Arezzo,2015,2,19,12.39,-1.63,0
Arezzo,2015,2,20,12,-2.57,0
Arezzo,2015,2,21,10.01,3.38,0
Arezzo,2015,2,22,12.55,5.87,5.3
Arezzo,2015,2,23,13.27,4.78,0
Arezzo,2015,2,24,14.31,4.47,0
Arezzo,2015,2,25,9.56,6.17,0
Arezzo,2015,2,26,10.66,6.48,0
Arezzo,2015,2,27,13.8,2.33,0
Arezzo,2015,2,28,15.02,0.69,0
Arezzo,2015,3,1,13.32,0.01,0
Arezzo,2015,3,2,14.3,7.16,1.5
Arezzo,2015,3,3,19.05,5.91,0
Arezzo,2015,3,4,12.35,3.15,0
Arezzo,2015,3,5,7.62,3.56,20.6
Arezzo,2015,3,6,10.21,4.16,0
Arezzo,2015,3,7,10.96,2.97,0
Arezzo,2015,3,8,12.4,3.42,0
Arezzo,2015,3,9,12.88,2.63,0
Arezzo,2015,3,10,16.54,-1.16,0
Arezzo,2015,3,11,16.94,0.29,0
Arezzo,2015,3,12,12.73,0.97,0
Arezzo,2015,3,13,15.34,-1.32,0
Arezzo,2015,3,14,15.66,0.91,0
Arezzo,2015,3,15,12.78,3.63,0
Arezzo,2015,3,16,10.61,6.72,19.4
Arezzo,2015,3,17,13.56,7.99,18.4
Arezzo,2015,3,18,17.5,5.45,0
Arezzo,2015,3,19,19.07,1.97,0
Arezzo,2015,3,20,18.67,2.51,0
Arezzo,2015,3,21,14.81,2.51,0
Arezzo,2015,3,22,14.93,6.08,0
Arezzo,2015,3,23,18.11,7.16,0
Arezzo,2015,3,24,18.52,7.14,0
Arezzo,2015,3,25,12.87,10.47,4
Arezzo,2015,3,26,17.57,9.88,28.2
Arezzo,2015,3,27,13.05,8.62,2.1
Arezzo,2015,3,28,18.39,5.1,5.8
Arezzo,2015,3,29,20.43,2.37,0
Arezzo,2015,3,30,17.29,7.69,0
Arezzo,2015,3,31,22.37,5.58,0
Arezzo,2015,4,1,21.81,5.88,0
Arezzo,2015,4,2,20.88,2.65,0
Arezzo,2015,4,3,17.54,3.16,0
Arezzo,2015,4,4,14.45,5.62,0
Arezzo,2015,4,5,9.28,5.06,18.6
Arezzo,2015,4,6,12.59,1.47,0
Arezzo,2015,4,7,12.18,-0.1,0
Arezzo,2015,4,8,17.89,-1.81,0
Arezzo,2015,4,9,20.93,0.3,0
Arezzo,2015,4,10,21.08,2.92,0
Arezzo,2015,4,11,16.71,4.37,0
Arezzo,2015,4,12,23.28,4.04,0
Arezzo,2015,4,13,24.65,4.71,0
Arezzo,2015,4,14,23.85,6.23,0
Arezzo,2015,4,15,24.64,7.12,0
Arezzo,2015,4,16,23.91,6.1,0
Arezzo,2015,4,17,19.04,9.78,0
Arezzo,2015,4,18,18.68,8.84,3.6
Arezzo,2015,4,19,17.19,6.86,0
Arezzo,2015,4,20,21.03,2.72,0
Arezzo,2015,4,21,24.3,4.72,0
Arezzo,2015,4,22,25.28,4.71,0
Arezzo,2015,4,23,22.57,6.25,0
Arezzo,2015,4,24,21.9,6.52,0
Arezzo,2015,4,25,21.11,7.14,0
Arezzo,2015,4,26,21.43,10.34,0
Arezzo,2015,4,27,16.82,10.51,3.1
Arezzo,2015,4,28,14.89,9.71,10.2
Arezzo,2015,4,29,20.73,8.85,4.7
Arezzo,2015,4,30,18.25,7.8,3.4
Arezzo,2015,5,1,21.04,6.35,0
Arezzo,2015,5,2,22.6,12.33,1.2
Arezzo,2015,5,3,23.16,12.78,0
Arezzo,2015,5,4,27.4,13.04,0
Arezzo,2015,5,5,28.85,13.3,0
Arezzo,2015,5,6,28.51,12.5,0
Arezzo,2015,5,7,27.39,9.76,0
Arezzo,2015,5,8,25.61,8.19,0
Arezzo,2015,5,9,26.89,8.31,0
Arezzo,2015,5,10,26.44,12.05,0
Arezzo,2015,5,11,29.01,9.55,0
Arezzo,2015,5,12,29.18,10.82,0
Arezzo,2015,5,13,26.62,9.84,0
Arezzo,2015,5,14,26.55,9.4,0
Arezzo,2015,5,15,22.65,12.25,0
Arezzo,2015,5,16,20.2,8.6,0
Arezzo,2015,5,17,27.25,14.63,0
Arezzo,2015,5,18,30.45,11.54,0
Arezzo,2015,5,19,28.22,11.25,0
Arezzo,2015,5,20,22.68,13.55,0
Arezzo,2015,5,21,21.41,10.43,0
Arezzo,2015,5,22,12.99,9.18,5.5
Arezzo,2015,5,23,16.93,10.08,12.4
Arezzo,2015,5,24,19.07,9.89,20.6
Arezzo,2015,5,25,22.79,7.72,0
Arezzo,2015,5,26,22.48,10.82,2.8
Arezzo,2015,5,27,19.45,9.22,8.1
Arezzo,2015,5,28,23.94,6.91,0
Arezzo,2015,5,29,25.91,8.08,0
Arezzo,2015,5,30,25.63,9.09,0
Arezzo,2015,5,31,26.63,9.58,0
Arezzo,2015,6,1,28.65,10.88,0
Arezzo,2015,6,2,28.62,11.78,0
Arezzo,2015,6,3,30.65,11.36,0
Arezzo,2015,6,4,31.04,14.1,0
Arezzo,2015,6,5,31.86,15.68,0
Arezzo,2015,6,6,32.76,15.6,0
Arezzo,2015,6,7,31.74,17.03,0
Arezzo,2015,6,8,32.07,15.46,0
Arezzo,2015,6,9,28.77,13.64,3.6
Arezzo,2015,6,10,30.05,13.05,0
Arezzo,2015,6,11,30.99,13.97,6.8
Arezzo,2015,6,12,28.81,15.66,0
Arezzo,2015,6,13,31.09,14.86,0
Arezzo,2015,6,14,25.29,16.31,0
Arezzo,2015,6,15,24.86,16.17,14.3
Arezzo,2015,6,16,27.5,15.43,12.5
Arezzo,2015,6,17,22.02,12.88,5.2
Arezzo,2015,6,18,25.85,11.68,0
Arezzo,2015,6,19,27.46,11.56,0
Arezzo,2015,6,20,25.41,14.53,0
Arezzo,2015,6,21,25.98,11.67,0
Arezzo,2015,6,22,27.89,11.93,0
Arezzo,2015,6,23,28.49,15.59,0
Arezzo,2015,6,24,24.58,13.63,6.1
Arezzo,2015,6,25,27.16,12.4,0
Arezzo,2015,6,26,28.95,12.01,0
Arezzo,2015,6,27,30.73,13.85,0
Arezzo,2015,6,28,30.71,14.42,0
Arezzo,2015,6,29,31.06,14.41,0
Arezzo,2015,6,30,31.09,17.47,0
Arezzo,2015,7,1,33.65,15.61,0
Arezzo,2015,7,2,34.81,17.44,0
Arezzo,2015,7,3,34.81,18.77,0
Arezzo,2015,7,4,36.24,18.02,0
Arezzo,2015,7,5,36.89,19.61,0
Arezzo,2015,7,6,36.11,18.63,0
Arezzo,2015,7,7,37.16,18.49,0
Arezzo,2015,7,8,35.51,19.43,0
Arezzo,2015,7,9,32.28,19.38,0
Arezzo,2015,7,10,31,17.77,0
Arezzo,2015,7,11,34.48,14.5,0
Arezzo,2015,7,12,34.32,16.12,0
Arezzo,2015,7,13,33.83,16.85,0
Arezzo,2015,7,14,36.73,17.27,0
Arezzo,2015,7,15,37.15,20.15,0
Arezzo,2015,7,16,37.52,19.93,0
Arezzo,2015,7,17,37.45,18.59,0
Arezzo,2015,7,18,37.19,18.27,0
Arezzo,2015,7,19,37.59,18.01,0
Arezzo,2015,7,20,37.21,18.26,0
Arezzo,2015,7,21,39.12,19.41,0
Arezzo,2015,7,22,38.99,19.7,0
Arezzo,2015,7,23,38.19,16.9,0
Arezzo,2015,7,24,35.95,19.08,0
Arezzo,2015,7,25,30.78,17.22,1.3
Arezzo,2015,7,26,34.69,17.51,0
Arezzo,2015,7,27,32.01,19.4,0
Arezzo,2015,7,28,33.04,16.53,0
Arezzo,2015,7,29,33.74,15.9,0
Arezzo,2015,7,30,34.98,18.67,0
Arezzo,2015,7,31,31.87,20.06,0
Arezzo,2015,8,1,34.21,16.81,0
Arezzo,2015,8,2,33.64,17.64,0
Arezzo,2015,8,3,34.81,17.04,0
Arezzo,2015,8,4,36.86,16.65,0
Arezzo,2015,8,5,37.12,18.76,0
Arezzo,2015,8,6,37.01,18.32,0
Arezzo,2015,8,7,37.37,19.11,0
Arezzo,2015,8,8,38.14,19.55,0
Arezzo,2015,8,9,36.98,19.69,0
Arezzo,2015,8,10,29.26,17.68,8.9
Arezzo,2015,8,11,31.87,17.26,9.5
Arezzo,2015,8,12,34.87,17.24,0
Arezzo,2015,8,13,37.18,16.92,0
Arezzo,2015,8,14,34.73,18.39,0
Arezzo,2015,8,15,31.07,17.49,0
Arezzo,2015,8,16,25.27,16.18,3.5
Arezzo,2015,8,17,28.8,14.69,1.5
Arezzo,2015,8,18,29.27,12.92,0
Arezzo,2015,8,19,26.46,14.63,6.2
Arezzo,2015,8,20,28.25,12.41,3.5
Arezzo,2015,8,21,28.31,13.91,0
Arezzo,2015,8,22,29.11,12.71,0
Arezzo,2015,8,23,30.46,13.43,0
Arezzo,2015,8,24,25.41,16.79,13.5
Arezzo,2015,8,25,27.95,14.53,42.8
Arezzo,2015,8,26,30.44,12.24,0
Arezzo,2015,8,27,32.42,15.39,0
Arezzo,2015,8,28,33.37,16.4,0
Arezzo,2015,8,29,34.95,16.84,0
Arezzo,2015,8,30,35.05,17.86,0
Arezzo,2015,8,31,34.31,16.24,0
Arezzo,2015,9,1,33.45,15.26,0
Arezzo,2015,9,2,30.81,16.31,0
Arezzo,2015,9,3,29.33,14.45,0
Arezzo,2015,9,4,28.57,18.05,3.5
Arezzo,2015,9,5,26.4,14.65,6.9
Arezzo,2015,9,6,26.4,11.2,0
Arezzo,2015,9,7,27.12,11.24,0
Arezzo,2015,9,8,25.15,12.43,0
Arezzo,2015,9,9,24.9,10.12,0
Arezzo,2015,9,10,24.99,11.17,0
Arezzo,2015,9,11,26.71,10.37,0
Arezzo,2015,9,12,27.18,10.84,0
Arezzo,2015,9,13,22.76,12.93,0
Arezzo,2015,9,14,26.87,16.89,4.1
Arezzo,2015,9,15,28.11,18.18,0
Arezzo,2015,9,16,28.24,19.14,0
Arezzo,2015,9,17,32.92,19.89,0
Arezzo,2015,9,18,29.52,15.58,0
Arezzo,2015,9,19,25.41,11.92,0
Arezzo,2015,9,20,25.99,10,0
Arezzo,2015,9,21,25.68,12.43,0
Arezzo,2015,9,22,25.11,9.16,0
Arezzo,2015,9,23,22.43,11.3,0
Arezzo,2015,9,24,20.36,9.3,6.1
Arezzo,2015,9,25,21.26,12.16,0
Arezzo,2015,9,26,21.8,11.76,0
Arezzo,2015,9,27,22.2,12.28,0
Arezzo,2015,9,28,18.51,14.33,0
Arezzo,2015,9,29,18.46,11.89,0
Arezzo,2015,9,30,17.33,11.56,0
Arezzo,2015,10,1,14.59,12.15,1.4
Arezzo,2015,10,2,22.66,14.67,7.6
Arezzo,2015,10,3,22.27,11.44,12.9
Arezzo,2015,10,4,23.07,11.46,0
Arezzo,2015,10,5,24.57,16.11,2.8
Arezzo,2015,10,6,24.65,16,0
Arezzo,2015,10,7,22.96,15.28,2.6
Arezzo,2015,10,8,23.4,11.95,0
Arezzo,2015,10,9,21.89,9.57,0
Arezzo,2015,10,10,16.18,12.26,4.9
Arezzo,2015,10,11,20.07,8.48,9
Arezzo,2015,10,12,20.15,7.45,0
Arezzo,2015,10,13,19.77,13.77,1
Arezzo,2015,10,14,17.12,14.71,6.2
Arezzo,2015,10,15,16.86,10.87,13.3
Arezzo,2015,10,16,17.62,8.13,2.4
Arezzo,2015,10,17,18.05,7.44,0
Arezzo,2015,10,18,18.63,6.76,0
Arezzo,2015,10,19,18.88,9.95,4.7
Arezzo,2015,10,20,18.04,7.16,0
Arezzo,2015,10,21,16.19,8.41,0
Arezzo,2015,10,22,14.99,8.62,0
Arezzo,2015,10,23,18.55,9.53,0
Arezzo,2015,10,24,22.09,7.76,0
Arezzo,2015,10,25,18.9,5.95,0
Arezzo,2015,10,26,17.86,6.49,0
Arezzo,2015,10,27,18.95,6.14,0
Arezzo,2015,10,28,16.79,13.07,1.4
Arezzo,2015,10,29,15.91,9.53,24.1
Arezzo,2015,10,30,18.92,9.75,1.2
Arezzo,2015,10,31,18.18,10.09,0
Arezzo,2015,11,1,17.27,8.37,0
Arezzo,2015,11,2,18.49,6.48,0
Arezzo,2015,11,3,18.87,4.82,0
Arezzo,2015,11,4,19.79,9.81,0
Arezzo,2015,11,5,19.67,9.48,0
Arezzo,2015,11,6,19.33,8.8,0
Arezzo,2015,11,7,21.56,5.61,0
Arezzo,2015,11,8,22.56,6.44,0
Arezzo,2015,11,9,17.48,6.03,0
Arezzo,2015,11,10,19.86,6.47,0
Arezzo,2015,11,11,15.6,9.98,0
Arezzo,2015,11,12,17.12,7.47,0
Arezzo,2015,11,13,14.25,4.09,0
Arezzo,2015,11,14,18.9,7.85,0
Arezzo,2015,11,15,15.14,7.09,0
Arezzo,2015,11,16,18.12,7.13,0
Arezzo,2015,11,17,14.29,7.65,0
Arezzo,2015,11,18,17.53,7.43,0
Arezzo,2015,11,19,12.58,5.23,0
Arezzo,2015,11,20,16.67,10.33,0
Arezzo,2015,11,21,16.11,8.09,7.7
Arezzo,2015,11,22,10.2,0.43,24.6
Arezzo,2015,11,23,8.64,-0.06,1.4
Arezzo,2015,11,24,11.67,0.3,1.4
Arezzo,2015,11,25,10,-1.59,0
Arezzo,2015,11,26,8.31,3.05,1
Arezzo,2015,11,27,10.55,0.53,0
Arezzo,2015,11,28,9.94,-2.21,0
Arezzo,2015,11,29,11.69,0.31,0
Arezzo,2015,11,30,12.2,2.55,0
Arezzo,2015,12,1,13.46,4.63,0
Arezzo,2015,12,2,13.92,2,0
Arezzo,2015,12,3,8.74,3.14,0
Arezzo,2015,12,4,11.2,3.41,0
Arezzo,2015,12,5,12.49,3.51,0
Arezzo,2015,12,6,11.99,2.02,0
Arezzo,2015,12,7,13.31,1.56,0
Arezzo,2015,12,8,12.69,3.72,0
Arezzo,2015,12,9,11.65,3.55,0
Arezzo,2015,12,10,14.5,1.51,0
Arezzo,2015,12,11,12.53,-1.56,0
Arezzo,2015,12,12,11,2.87,0
Arezzo,2015,12,13,11.63,6.06,0
Arezzo,2015,12,14,13.4,2.3,0
Arezzo,2015,12,15,9.29,-0.29,0
Arezzo,2015,12,16,14.03,3.15,0
Arezzo,2015,12,17,14.3,0.92,0
Arezzo,2015,12,18,11.58,-0.02,0
Arezzo,2015,12,19,13.44,3.51,0
Arezzo,2015,12,20,6.64,0.97,0
Arezzo,2015,12,21,6.84,0.41,0
Arezzo,2015,12,22,9.55,4.6,0
Arezzo,2015,12,23,11.27,7.16,0
Arezzo,2015,12,24,11.02,6.21,0
Arezzo,2015,12,25,13.26,3.5,0
Arezzo,2015,12,26,12.32,0.47,0
Arezzo,2015,12,27,9.6,-1.61,0
Arezzo,2015,12,28,5.7,-1.47,0
Arezzo,2015,12,29,9.93,-0.03,0
Arezzo,2015,12,30,11.7,-0.72,0
Arezzo,2015,12,31,9.9,0.44,0
Arezzo,2016,1,1,9.58,-1.84,0
Arezzo,2016,1,2,10.3,3.15,19.9
Arezzo,2016,1,3,9.08,-0.61,3.3
Arezzo,2016,1,4,10.38,2.16,5.7
Arezzo,2016,1,5,11.04,3.54,3.7
Arezzo,2016,1,6,9.75,0.18,9.6
Arezzo,2016,1,7,9.78,-1.14,2.7
Arezzo,2016,1,8,12.61,4.84,0
Arezzo,2016,1,9,11.8,8.03,4.2
Arezzo,2016,1,10,13.58,7.64,5.8
Arezzo,2016,1,11,14.17,5.79,6.9
Arezzo,2016,1,12,12.84,4.33,0
Arezzo,2016,1,13,12.76,1.13,0
Arezzo,2016,1,14,8.92,0.49,21.6
Arezzo,2016,1,15,10.05,-0.48,4
Arezzo,2016,1,16,7.36,-2.17,0
Arezzo,2016,1,17,7.13,-4.71,0
Arezzo,2016,1,18,5.44,-4.93,0
Arezzo,2016,1,19,6.31,-6.27,0
Arezzo,2016,1,20,5.9,-4.23,0
Arezzo,2016,1,21,6.58,-2.96,0
Arezzo,2016,1,22,7.4,-2.33,0
Arezzo,2016,1,23,8.33,-1.73,0
Arezzo,2016,1,24,12.51,-1.29,0
Arezzo,2016,1,25,9.09,-0.68,0
Arezzo,2016,1,26,10.99,1.17,0
Arezzo,2016,1,27,10,3.51,0
Arezzo,2016,1,28,10.36,6.19,0
Arezzo,2016,1,29,11.92,4.63,0
Arezzo,2016,1,30,10.03,4.72,0
Arezzo,2016,1,31,12.24,5.62,0
Arezzo,2016,2,1,13.72,6.54,0
Arezzo,2016,2,2,10.72,6.97,0
Arezzo,2016,2,3,11.65,3.03,7.2
Arezzo,2016,2,4,11.33,0.19,4
Arezzo,2016,2,5,12.11,0.24,0
Arezzo,2016,2,6,10.8,3.6,0
Arezzo,2016,2,7,10.65,5.87,0
Arezzo,2016,2,8,10.91,6.15,2.5
Arezzo,2016,2,9,11.69,5.29,7.5
Arezzo,2016,2,10,11.65,2.48,5.1
Arezzo,2016,2,11,12.29,1.27,2.3
Arezzo,2016,2,12,11.52,3.01,18.7
Arezzo,2016,2,13,11.66,4.27,4.6
Arezzo,2016,2,14,12.56,5.05,15.7
Arezzo,2016,2,15,12.54,4.02,21.3
Arezzo,2016,2,16,11.9,3.21,17.6
Arezzo,2016,2,17,11.21,3.08,11.5
Arezzo,2016,2,18,11.72,3.33,0
Arezzo,2016,2,19,11.89,3.09,1.6
Arezzo,2016,2,20,13.3,2.27,0
Arezzo,2016,2,21,11.85,2.5,0
Arezzo,2016,2,22,11.59,4.15,0
Arezzo,2016,2,23,12.89,5.74,2
Arezzo,2016,2,24,14.82,4.66,1.2
Arezzo,2016,2,25,13.34,4.57,8.4
Arezzo,2016,2,26,9.6,3.2,4.5
Arezzo,2016,2,27,12.34,5.58,15.3
Arezzo,2016,2,28,11.85,6.56,22.7
Arezzo,2016,2,29,12.69,3.99,8.4
Arezzo,2016,3,1,14.2,2.48,0
Arezzo,2016,3,2,14.91,2.69,0
Arezzo,2016,3,3,9.85,0.65,8.3
Arezzo,2016,3,4,13.56,0.66,0
Arezzo,2016,3,5,10.24,3.42,12.7
Arezzo,2016,3,6,9.86,1.68,4.8
Arezzo,2016,3,7,10.33,1.31,3.7
Arezzo,2016,3,8,8.94,1.6,8.6
Arezzo,2016,3,9,7.8,1.68,14.6
Arezzo,2016,3,10,10.04,2.53,2.9
Arezzo,2016,3,11,10.48,3.42,5.6
Arezzo,2016,3,12,9.92,4.62,0
Arezzo,2016,3,13,10.96,4.56,0
Arezzo,2016,3,14,9.61,3.02,0
Arezzo,2016,3,15,14.36,1.52,0
Arezzo,2016,3,16,9.55,4.2,4.8
Arezzo,2016,3,17,9.91,3.26,3.1
Arezzo,2016,3,18,15.57,2.7,0
Arezzo,2016,3,19,17.98,2.97,0
Arezzo,2016,3,20,14.61,4.43,1
Arezzo,2016,3,21,15.77,7.21,1
Arezzo,2016,3,22,13.56,5.66,2.5
Arezzo,2016,3,23,9.45,2.47,3.5
Arezzo,2016,3,24,13.48,1.4,0
Arezzo,2016,3,25,15.49,2.14,0
Arezzo,2016,3,26,17.32,3.91,0
Arezzo,2016,3,27,16.53,4.93,2.3
Arezzo,2016,3,28,11.63,6.23,2.1
Arezzo,2016,3,29,17.23,6.27,0
Arezzo,2016,3,30,17.7,7.17,0
Arezzo,2016,3,31,17.9,8.32,0
Arezzo,2016,4,1,20.88,8.95,0
Arezzo,2016,4,2,17.51,6.72,0
Arezzo,2016,4,3,22.94,5.91,0
Arezzo,2016,4,4,20.41,10.41,0
Arezzo,2016,4,5,22.76,9.75,0
Arezzo,2016,4,6,27.08,6.81,0
Arezzo,2016,4,7,24.92,8.78,0
Arezzo,2016,4,8,18.2,7.42,3.4
Arezzo,2016,4,9,17.29,5.92,0
Arezzo,2016,4,10,19.23,4.57,0
Arezzo,2016,4,11,19.73,4.69,0
Arezzo,2016,4,12,20.36,6.48,0
Arezzo,2016,4,13,20.88,8.09,0
Arezzo,2016,4,14,20.33,7.36,0
Arezzo,2016,4,15,20.85,5.35,0
Arezzo,2016,4,16,20.83,6.98,0
Arezzo,2016,4,17,21.41,10.14,0
Arezzo,2016,4,18,21.07,7.36,0
Arezzo,2016,4,19,17.64,5.54,0
Arezzo,2016,4,20,19.33,5.35,0
Arezzo,2016,4,21,20.76,3.66,0
Arezzo,2016,4,22,20.04,7.58,0
Arezzo,2016,4,23,15,8.41,6.2
Arezzo,2016,4,24,15.34,4.54,15.7
Arezzo,2016,4,25,12.67,2.12,5
Arezzo,2016,4,26,14.88,2.67,0
Arezzo,2016,4,27,17.25,6.76,0
Arezzo,2016,4,28,13.66,6.22,4.6
Arezzo,2016,4,29,17.56,5.66,0
Arezzo,2016,4,30,20.4,4.22,9
Arezzo,2016,5,1,17.04,5.66,11.3
Arezzo,2016,5,2,15.35,5.4,14.1
Arezzo,2016,5,3,20.76,6.39,3.8
Arezzo,2016,5,4,20.63,6.45,0
Arezzo,2016,5,5,17.64,5.69,0
Arezzo,2016,5,6,21.35,4.21,0
Arezzo,2016,5,7,22.15,6,0
Arezzo,2016,5,8,20.64,7.82,6
Arezzo,2016,5,9,22.36,10.45,0
Arezzo,2016,5,10,22,11.25,0
Arezzo,2016,5,11,18.44,11.98,5.2
Arezzo,2016,5,12,18.57,9.57,9.3
Arezzo,2016,5,13,18.92,9.14,11.1
Arezzo,2016,5,14,19.78,10.2,5.2
Arezzo,2016,5,15,20.59,7.74,5.6
Arezzo,2016,5,16,18.32,6.94,5.7
Arezzo,2016,5,17,19.24,6.43,0
Arezzo,2016,5,18,20.31,5.67,0
Arezzo,2016,5,19,16.62,6.36,17
Arezzo,2016,5,20,18.28,6.86,4
Arezzo,2016,5,21,23.22,7.89,0
Arezzo,2016,5,22,25.73,9.51,0
Arezzo,2016,5,23,19.35,7.15,8.4
Arezzo,2016,5,24,21.94,7.29,0
Arezzo,2016,5,25,21.23,8.1,0
Arezzo,2016,5,26,24.26,10.03,0
Arezzo,2016,5,27,27.26,11.08,0
Arezzo,2016,5,28,27.83,12.56,0
Arezzo,2016,5,29,22.16,12.23,9.8
Arezzo,2016,5,30,22.08,11.64,0
Arezzo,2016,5,31,21.96,10.9,0
Arezzo,2016,6,1,22.04,10.68,3.2
Arezzo,2016,6,2,20.17,10.88,6.3
Arezzo,2016,6,3,21.35,10.53,0
Arezzo,2016,6,4,21.84,11.75,0
Arezzo,2016,6,5,24.28,10.52,0
Arezzo,2016,6,6,23.27,10.48,5.4
Arezzo,2016,6,7,26.36,10.23,0
Arezzo,2016,6,8,27.45,12.2,9.5
Arezzo,2016,6,9,22.8,12.47,12.1
Arezzo,2016,6,10,22.21,12.54,0
Arezzo,2016,6,11,24.5,12.78,0
Arezzo,2016,6,12,22.23,11.61,7.4
Arezzo,2016,6,13,25.16,10.63,0
Arezzo,2016,6,14,23.5,12.27,3
Arezzo,2016,6,15,24.45,12.46,0
Arezzo,2016,6,16,27.05,13.97,0
Arezzo,2016,6,17,23.34,10.91,0
Arezzo,2016,6,18,24.65,9.78,0
Arezzo,2016,6,19,22.91,10.85,11.9
Arezzo,2016,6,20,21.27,10.36,3.6
Arezzo,2016,6,21,26.26,10.88,0
Arezzo,2016,6,22,27.54,12.7,0
Arezzo,2016,6,23,29.46,14.39,0
Arezzo,2016,6,24,32.02,16.78,0
Arezzo,2016,6,25,32.43,18.01,0
Arezzo,2016,6,26,31.85,16.26,0
Arezzo,2016,6,27,28.13,15.49,0
Arezzo,2016,6,28,27.23,13.5,0
Arezzo,2016,6,29,29.19,13.78,0
Arezzo,2016,6,30,29.3,15.75,0
Arezzo,2016,7,1,30.54,15.5,0
Arezzo,2016,7,2,31.38,15.17,0
Arezzo,2016,7,3,31.05,16.43,0
Arezzo,2016,7,4,27.98,15.4,0
Arezzo,2016,7,5,31.35,14.07,0
Arezzo,2016,7,6,30.39,15.56,0
Arezzo,2016,7,7,31.4,15.97,0
Arezzo,2016,7,8,30.63,15.75,0
Arezzo,2016,7,9,32.53,15.3,0
Arezzo,2016,7,10,32.98,16.38,0
Arezzo,2016,7,11,33.48,17.86,0
Arezzo,2016,7,12,33.07,17.24,0
Arezzo,2016,7,13,31.65,15.38,0
Arezzo,2016,7,14,29.39,12.1,0
Arezzo,2016,7,15,19.95,10.77,23.2
Arezzo,2016,7,16,24.16,9.56,0
Arezzo,2016,7,17,27.96,9.2,0
Arezzo,2016,7,18,30.47,12.78,0
Arezzo,2016,7,19,30.87,13.29,0
Arezzo,2016,7,20,32.79,13.65,0
Arezzo,2016,7,21,32.15,15.21,0
Arezzo,2016,7,22,31.54,16.23,0
Arezzo,2016,7,23,28.11,16,0
Arezzo,2016,7,24,28.47,14.9,6.8
Arezzo,2016,7,25,30.77,14.04,0
Arezzo,2016,7,26,31.21,14.68,0
Arezzo,2016,7,27,31.33,14.62,0
Arezzo,2016,7,28,30.74,15.02,5.8
Arezzo,2016,7,29,31.07,14.93,0
Arezzo,2016,7,30,30.5,15.72,0
Arezzo,2016,7,31,32.27,16.23,0
Arezzo,2016,8,1,29.43,15.68,0
Arezzo,2016,8,2,28.99,15.69,0
Arezzo,2016,8,3,30.93,16.04,0
Arezzo,2016,8,4,32.21,17.02,0
Arezzo,2016,8,5,29.28,14.93,4.1
Arezzo,2016,8,6,25.03,13.68,0
Arezzo,2016,8,7,26.95,14.35,0
Arezzo,2016,8,8,28.11,12.98,0
Arezzo,2016,8,9,32.63,13.8,0
Arezzo,2016,8,10,27.48,14.15,0
Arezzo,2016,8,11,23.75,10.61,0
Arezzo,2016,8,12,24.99,9.57,0
Arezzo,2016,8,13,26.47,10.91,0
Arezzo,2016,8,14,30.14,12.18,0
Arezzo,2016,8,15,32.76,14,0
Arezzo,2016,8,16,31.06,14.35,0
Arezzo,2016,8,17,28.88,15.35,0
Arezzo,2016,8,18,28.99,14.97,0
Arezzo,2016,8,19,27.85,17.1,0
Arezzo,2016,8,20,31.24,16.09,0
Arezzo,2016,8,21,31.48,16.62,0
Arezzo,2016,8,22,26.12,12.5,0
Arezzo,2016,8,23,26.65,12.1,0
Arezzo,2016,8,24,28.1,13.13,0
Arezzo,2016,8,25,28.53,13.08,0
Arezzo,2016,8,26,30.06,13.1,0
Arezzo,2016,8,27,33.13,12.44,0
Arezzo,2016,8,28,31.1,13.86,0
Arezzo,2016,8,29,32.01,14.23,0
Arezzo,2016,8,30,28.94,15.17,3.2
Arezzo,2016,8,31,27.76,13.46,0
Arezzo,2016,9,1,30.36,13.06,0
Arezzo,2016,9,2,31.55,13.91,0
Arezzo,2016,9,3,31.81,14.28,0
Arezzo,2016,9,4,30.17,14.43,0
Arezzo,2016,9,5,28.5,13.77,0
Arezzo,2016,9,6,25.3,11.15,7.5
Arezzo,2016,9,7,22.57,14,6
Arezzo,2016,9,8,26.2,13.11,0
Arezzo,2016,9,9,26.15,13.39,0
Arezzo,2016,9,10,27.43,13.19,0
Arezzo,2016,9,11,26.73,14.22,2
Arezzo,2016,9,12,28.62,13.08,0
Arezzo,2016,9,13,28.9,13.76,0
Arezzo,2016,9,14,30.63,13.25,0
Arezzo,2016,9,15,24.18,14.86,5.9
Arezzo,2016,9,16,22.2,13.43,39.4
Arezzo,2016,9,17,23.58,13.2,0
Arezzo,2016,9,18,22.66,11.39,5.3
Arezzo,2016,9,19,23.69,10.73,1.1
Arezzo,2016,9,20,26.96,11.43,0
Arezzo,2016,9,21,22.12,11.13,4.8
Arezzo,2016,9,22,21.8,7.91,0
Arezzo,2016,9,23,23.56,6.47,0
Arezzo,2016,9,24,23.06,8.83,0
Arezzo,2016,9,25,23.34,7.42,0
Arezzo,2016,9,26,23.2,6.59,0
Arezzo,2016,9,27,23.46,7.17,0
Arezzo,2016,9,28,22.48,7.84,0
Arezzo,2016,9,29,24.7,7.94,0
Arezzo,2016,9,30,21.78,10.24,0
Arezzo,2016,10,1,22.13,11.31,15.4
Arezzo,2016,10,2,23.11,13.98,4.9
Arezzo,2016,10,3,23.91,8.94,0
Arezzo,2016,10,4,22.86,7.79,0
Arezzo,2016,10,5,19.92,6.98,0
Arezzo,2016,10,6,13.71,7.58,5.5
Arezzo,2016,10,7,15.67,6.24,8.1
Arezzo,2016,10,8,16.96,5.83,8.2
Arezzo,2016,10,9,18.02,8.47,11.5
Arezzo,2016,10,10,14.93,4.63,9.4
Arezzo,2016,10,11,11.95,3.54,5.5
Arezzo,2016,10,12,16.5,3.07,0
Arezzo,2016,10,13,13.48,5.3,6.1
Arezzo,2016,10,14,22.78,8.19,29.2
Arezzo,2016,10,15,19.11,10.69,0
Arezzo,2016,10,16,21.55,8.99,0
Arezzo,2016,10,17,20.09,9.55,0
Arezzo,2016,10,18,18.04,9.53,0
Arezzo,2016,10,19,19.29,8.93,0
Arezzo,2016,10,20,17.79,9.27,0
Arezzo,2016,10,21,16.64,5.92,3.2
Arezzo,2016,10,22,18.02,4.29,0
Arezzo,2016,10,23,17.57,9.15,0
Arezzo,2016,10,24,21.01,13.07,0
Arezzo,2016,10,25,19.47,14.13,0
Arezzo,2016,10,26,21.11,10.83,13.9
Arezzo,2016,10,27,17.73,8.25,4.3
Arezzo,2016,10,28,14.27,6.05,0
Arezzo,2016,10,29,17.79,4.16,0
Arezzo,2016,10,30,18.95,5.65,0
Arezzo,2016,10,31,17.62,5.28,0
Arezzo,2016,11,1,18.75,5.77,0
Arezzo,2016,11,2,16.51,9.35,3.5
Arezzo,2016,11,3,16.98,7.48,0
Arezzo,2016,11,4,16.13,6.58,0
Arezzo,2016,11,5,15.94,11.12,30.6
Arezzo,2016,11,6,17.43,7.56,33.6
Arezzo,2016,11,7,15.12,4.83,0
Arezzo,2016,11,8,15.2,2.68,0
Arezzo,2016,11,9,12.84,2.04,5.2
Arezzo,2016,11,10,12.75,3.5,5.1
Arezzo,2016,11,11,12.48,0.74,28.9
Arezzo,2016,11,12,9.79,0.03,10
Arezzo,2016,11,13,10.72,1.42,0
Arezzo,2016,11,14,10.37,2.35,0
Arezzo,2016,11,15,7.4,-0.23,0
Arezzo,2016,11,16,12.62,-0.99,0
Arezzo,2016,11,17,12.21,3.68,5.3
Arezzo,2016,11,18,12.77,9.02,13.9
Arezzo,2016,11,19,14.07,8.94,25.7
Arezzo,2016,11,20,12.86,9.21,2.1
Arezzo,2016,11,21,14.72,9.35,0
Arezzo,2016,11,22,16,8.89,0
Arezzo,2016,11,23,18.23,8.98,0
Arezzo,2016,11,24,18.13,8.89,1.6
Arezzo,2016,11,25,15.79,7.14,5.6
Arezzo,2016,11,26,12.79,3.38,0
Arezzo,2016,11,27,14.31,1.63,0
Arezzo,2016,11,28,10.15,0.25,0
Arezzo,2016,11,29,4.4,-2.27,0
Arezzo,2016,11,30,9.5,-3.83,0
Arezzo,2016,12,1,10.38,-2.19,0
Arezzo,2016,12,2,10.67,0.61,0
Arezzo,2016,12,3,10.77,2.96,0
Arezzo,2016,12,4,9.93,3.11,0
Arezzo,2016,12,5,11.11,0.94,0
Arezzo,2016,12,6,10.69,-0.66,0
Arezzo,2016,12,7,9.13,-1.42,0
Arezzo,2016,12,8,11.01,-0.46,0
Arezzo,2016,12,9,9.86,-2.4,0
Arezzo,2016,12,10,10.33,-1.82,0
Arezzo,2016,12,11,10.72,1.02,0
Arezzo,2016,12,12,9.77,0.32,0
Arezzo,2016,12,13,11.48,-0.01,0
Arezzo,2016,12,14,8.59,0.91,0
Arezzo,2016,12,15,9.61,-0.7,0
Arezzo,2016,12,16,5.99,-1.9,0
Arezzo,2016,12,17,6.1,-5.38,0
Arezzo,2016,12,18,8.55,-4.8,0
Arezzo,2016,12,19,6.94,-1.89,0
Arezzo,2016,12,20,8.14,2.87,2.8
Arezzo,2016,12,21,9.26,1.3,1.6
Arezzo,2016,12,22,9.71,0.13,0
Arezzo,2016,12,23,12.72,-0.35,0
Arezzo,2016,12,24,14.44,-0.6,0
Arezzo,2016,12,25,12.3,0.27,0
Arezzo,2016,12,26,16.28,0.64,0
Arezzo,2016,12,27,16.47,-0.38,0
Arezzo,2016,12,28,14.62,-2.23,0
Arezzo,2016,12,29,5.62,-3.41,0
Arezzo,2016,12,30,5.21,-3.85,0
Arezzo,2016,12,31,8.58,-5.45,0
Arezzo,2017,1,1,8.59,-1.35,0
Arezzo,2017,1,2,8.05,1.16,0
Arezzo,2017,1,3,8.77,-1.86,11.9
Arezzo,2017,1,4,7.45,-3.69,0
Arezzo,2017,1,5,7.28,-3.21,0
Arezzo,2017,1,6,0.94,-7.12,0
Arezzo,2017,1,7,-0.95,-8.58,0
Arezzo,2017,1,8,1.82,-7.68,0
Arezzo,2017,1,9,5.38,-5.99,0
Arezzo,2017,1,10,1.9,-6.19,0
Arezzo,2017,1,11,2.25,-6.53,0
Arezzo,2017,1,12,5.76,-2.72,0
Arezzo,2017,1,13,9.99,-2.18,17.1
Arezzo,2017,1,14,7.84,-4.19,0
Arezzo,2017,1,15,5.2,-2.94,0
Arezzo,2017,1,16,3.27,-3.24,0
Arezzo,2017,1,17,2.99,-2.33,0
Arezzo,2017,1,18,3.9,-0.83,0
Arezzo,2017,1,19,2.49,-2.1,0
Arezzo,2017,1,20,4.03,-5.11,0
Arezzo,2017,1,21,3.18,-4.98,0
Arezzo,2017,1,22,5.87,-3.82,0
Arezzo,2017,1,23,6.53,0.89,0
Arezzo,2017,1,24,9.34,-0.67,0
Arezzo,2017,1,25,6.64,-2.14,0
Arezzo,2017,1,26,5.45,-4.95,0
Arezzo,2017,1,27,8.31,-4.22,0
Arezzo,2017,1,28,7.9,-3.42,0
Arezzo,2017,1,29,8.19,-4.62,0
Arezzo,2017,1,30,8.48,-1.41,0
Arezzo,2017,1,31,7.14,3.02,0
Arezzo,2017,2,1,9.44,4.01,1
Arezzo,2017,2,2,10.13,5.09,4.6
Arezzo,2017,2,3,12.75,6.18,3.5
Arezzo,2017,2,4,12.29,4.95,5.8
Arezzo,2017,2,5,11.82,5.35,22.1
Arezzo,2017,2,6,10.73,3.9,21.9
Arezzo,2017,2,7,10.45,1.72,0
Arezzo,2017,2,8,9.04,-0.13,0
Arezzo,2017,2,9,7.1,0.71,0
Arezzo,2017,2,10,7.38,0.25,0
Arezzo,2017,2,11,11.07,0.35,0
Arezzo,2017,2,12,12.05,2.28,0
Arezzo,2017,2,13,12.27,0.84,0
Arezzo,2017,2,14,12.1,-0.28,0
Arezzo,2017,2,15,16.89,-1.35,0
Arezzo,2017,2,16,16.91,0.16,0
Arezzo,2017,2,17,12.01,3.07,2.3
Arezzo,2017,2,18,12.67,1.02,2.5
Arezzo,2017,2,19,12.5,-0.75,0
Arezzo,2017,2,20,11.55,-0.14,0
Arezzo,2017,2,21,11.29,-0.53,0
Arezzo,2017,2,22,9.59,2.08,0
Arezzo,2017,2,23,10.45,4.92,0
Arezzo,2017,2,24,11.68,5.07,20
Arezzo,2017,2,25,9.37,0.93,5.2
Arezzo,2017,2,26,14.69,-0.94,0
Arezzo,2017,2,27,14.54,1.34,0
Arezzo,2017,2,28,12.24,4.46,4.7
Arezzo,2017,3,1,16.05,3.26,3.8
Arezzo,2017,3,2,13.62,0.82,0
Arezzo,2017,3,3,14.62,2.46,0
Arezzo,2017,3,4,11.03,4.5,13.7
Arezzo,2017,3,5,10.1,4.1,13.7
Arezzo,2017,3,6,12.52,3.68,20.5
Arezzo,2017,3,7,13.71,4.16,8.7
Arezzo,2017,3,8,14.95,0.87,0
Arezzo,2017,3,9,21.62,0.6,0
Arezzo,2017,3,10,19.91,0.6,0
Arezzo,2017,3,11,13.27,-0.98,0
Arezzo,2017,3,12,17.47,0.24,0
Arezzo,2017,3,13,13.84,-0.68,0
Arezzo,2017,3,14,18.09,-1.08,0
Arezzo,2017,3,15,17.68,0.55,0
Arezzo,2017,3,16,20.04,0.35,0
Arezzo,2017,3,17,18.47,1.79,0
Arezzo,2017,3,18,16.88,3.81,0
Arezzo,2017,3,19,17.41,5.28,0
Arezzo,2017,3,20,16.17,5.98,0
Arezzo,2017,3,21,20.37,6.73,0
Arezzo,2017,3,22,16.54,7.03,0
Arezzo,2017,3,23,16.2,6.97,0
Arezzo,2017,3,24,22.36,6.49,0
Arezzo,2017,3,25,22.57,5.65,2.1
Arezzo,2017,3,26,15.77,2.16,4.9
Arezzo,2017,3,27,11,0.93,0
Arezzo,2017,3,28,17.31,-1.84,0
Arezzo,2017,3,29,21.21,0.07,0
Arezzo,2017,3,30,22.84,3.7,0
Arezzo,2017,3,31,23.52,4.65,0
Arezzo,2017,4,1,19.36,5.32,0
Arezzo,2017,4,2,17.26,7.51,0
Arezzo,2017,4,3,20.82,5.58,0
Arezzo,2017,4,4,24.3,5.33,0
Arezzo,2017,4,5,19.15,5.32,0
Arezzo,2017,4,6,17.71,4.12,3.6
Arezzo,2017,4,7,20.01,2.93,0
Arezzo,2017,4,8,22.46,2.49,0
Arezzo,2017,4,9,23.85,5.95,0
Arezzo,2017,4,10,23.84,6.65,0
Arezzo,2017,4,11,22.67,4.99,0
Arezzo,2017,4,12,22.01,5.79,0
Arezzo,2017,4,13,22.02,6.6,0
Arezzo,2017,4,14,21.25,7,0
Arezzo,2017,4,15,19.74,8.84,7.5
Arezzo,2017,4,16,22.17,7.55,7.1
Arezzo,2017,4,17,18.4,5.09,2.9
Arezzo,2017,4,18,17.03,0.9,12.1
Arezzo,2017,4,19,14.15,-1.22,0
Arezzo,2017,4,20,13.55,-1.98,0
Arezzo,2017,4,21,14.04,-2.05,0
Arezzo,2017,4,22,17.84,-0.18,0
Arezzo,2017,4,23,17.83,3.94,0
Arezzo,2017,4,24,17.77,4.18,0
Arezzo,2017,4,25,16.88,6.12,0
Arezzo,2017,4,26,16.84,7.1,0
Arezzo,2017,4,27,17.37,9.4,24.7
Arezzo,2017,4,28,15.84,2.26,4.3
Arezzo,2017,4,29,15.25,0.66,0
Arezzo,2017,4,30,17.68,1.5,0
Arezzo,2017,5,1,17.76,3.37,3.8
Arezzo,2017,5,2,19.21,3.62,0
Arezzo,2017,5,3,19.69,6.54,0
Arezzo,2017,5,4,18.19,6.32,4.5
Arezzo,2017,5,5,20.6,6.11,0
Arezzo,2017,5,6,19.45,7.14,11.5
Arezzo,2017,5,7,18.91,7.37,0
Arezzo,2017,5,8,22.24,5.57,4.4
Arezzo,2017,5,9,16.15,5.34,14.6
Arezzo,2017,5,10,21.18,3.34,0
Arezzo,2017,5,11,22.76,7.67,0
Arezzo,2017,5,12,23.14,11.23,0
Arezzo,2017,5,13,23.05,9.14,0
Arezzo,2017,5,14,24.35,8.55,0
Arezzo,2017,5,15,22.87,8.26,3.3
Arezzo,2017,5,16,22.56,8.03,0
Arezzo,2017,5,17,25.04,7.32,0
Arezzo,2017,5,18,25.87,8.01,0
Arezzo,2017,5,19,24.22,10.39,0
Arezzo,2017,5,20,22.68,9.65,3.9
Arezzo,2017,5,21,22.49,7.73,3.3
Arezzo,2017,5,22,25.34,6.35,0
Arezzo,2017,5,23,26.8,8.61,0
Arezzo,2017,5,24,27.22,10.14,0
Arezzo,2017,5,25,23.27,9.05,0
Arezzo,2017,5,26,23.91,6.93,0
Arezzo,2017,5,27,25.76,6.91,0
Arezzo,2017,5,28,27.95,8.56,0
Arezzo,2017,5,29,27.84,8.81,0
Arezzo,2017,5,30,28.03,10.61,0
Arezzo,2017,5,31,28.52,10.91,0
Arezzo,2017,6,1,28.1,11.18,0
Arezzo,2017,6,2,28.55,9.3,0
Arezzo,2017,6,3,29.84,10.72,0
Arezzo,2017,6,4,28.01,12.83,0
Arezzo,2017,6,5,29.09,13.25,0
Arezzo,2017,6,6,26.27,14.62,0
Arezzo,2017,6,7,27.17,12.22,0
Arezzo,2017,6,8,24.83,9.55,0
Arezzo,2017,6,9,29.27,8.45,0
Arezzo,2017,6,10,29.96,11.74,0
Arezzo,2017,6,11,29.04,11.45,0
Arezzo,2017,6,12,31.73,10.88,0
Arezzo,2017,6,13,31.23,13.47,0
Arezzo,2017,6,14,31.35,14.23,0
Arezzo,2017,6,15,31.66,14.01,0
Arezzo,2017,6,16,33.29,14.3,0
Arezzo,2017,6,17,29.89,14.38,0
Arezzo,2017,6,18,26.22,12.21,0
Arezzo,2017,6,19,29.06,10.08,0
Arezzo,2017,6,20,31.14,11.9,0
Arezzo,2017,6,21,31.69,12.86,0
Arezzo,2017,6,22,32.9,13.57,0
Arezzo,2017,6,23,31.84,15.55,0
Arezzo,2017,6,24,32.07,15.93,0
Arezzo,2017,6,25,29.57,16.97,0
Arezzo,2017,6,26,31.24,15.39,0
Arezzo,2017,6,27,32.5,18.18,0
Arezzo,2017,6,28,27.74,15.38,5.4
Arezzo,2017,6,29,28.12,15.42,4.5
Arezzo,2017,6,30,22.4,11.88,4.5
Arezzo,2017,7,1,26.16,10.78,0
Arezzo,2017,7,2,28.48,10.01,0
Arezzo,2017,7,3,29.72,12.56,0
Arezzo,2017,7,4,31.19,13.1,0
Arezzo,2017,7,5,32.1,14.1,0
Arezzo,2017,7,6,33.68,13.55,0
Arezzo,2017,7,7,33.96,14.68,0
Arezzo,2017,7,8,34.81,14.66,0
Arezzo,2017,7,9,35.11,15.6,0
Arezzo,2017,7,10,32.01,15.8,0
Arezzo,2017,7,11,32.27,16.42,0
Arezzo,2017,7,12,32.62,16.46,0
Arezzo,2017,7,13,34.07,16.3,0
Arezzo,2017,7,14,29.91,14.16,0
Arezzo,2017,7,15,29.83,12.56,0
Arezzo,2017,7,16,25.27,12.66,0
Arezzo,2017,7,17,27.04,10.8,0
Arezzo,2017,7,18,31.79,10.05,0
Arezzo,2017,7,19,32.23,13.5,0
Arezzo,2017,7,20,32.62,15.22,0
Arezzo,2017,7,21,32.89,15.05,0
Arezzo,2017,7,22,32.15,16.02,0
Arezzo,2017,7,23,33.84,16.79,0
Arezzo,2017,7,24,29.54,16.47,0
Arezzo,2017,7,25,28.81,12.41,6.5
Arezzo,2017,7,26,28.96,11.42,0
Arezzo,2017,7,27,30.9,12.46,0
Arezzo,2017,7,28,30.49,14.89,0
Arezzo,2017,7,29,33.08,15.42,0
Arezzo,2017,7,30,32.93,15.3,0
Arezzo,2017,7,31,36.91,15.81,0
Arezzo,2017,8,1,39.1,16.57,0
Arezzo,2017,8,2,39.44,18.52,0
Arezzo,2017,8,3,39.09,18.54,0
Arezzo,2017,8,4,38.88,19.67,0
Arezzo,2017,8,5,38.39,18.39,0
Arezzo,2017,8,6,37.77,17.88,0
Arezzo,2017,8,7,32.68,15.55,0
Arezzo,2017,8,8,35.13,16.11,0
Arezzo,2017,8,9,36.46,18.78,0
Arezzo,2017,8,10,32.77,15.79,19.8
Arezzo,2017,8,11,27.42,14.04,0
Arezzo,2017,8,12,24.89,11.78,7.9
Arezzo,2017,8,13,28.98,10.65,0
Arezzo,2017,8,14,31.32,11.69,0
Arezzo,2017,8,15,33.39,12.72,0
Arezzo,2017,8,16,35.3,14.17,0
Arezzo,2017,8,17,34.15,13.78,0
Arezzo,2017,8,18,36.47,14.69,0
Arezzo,2017,8,19,33.51,16.47,0
Arezzo,2017,8,20,27.2,13.42,0
Arezzo,2017,8,21,26.24,11.06,0
Arezzo,2017,8,22,27.62,10.16,0
Arezzo,2017,8,23,31.83,10.8,0
Arezzo,2017,8,24,33.44,12.28,0
Arezzo,2017,8,25,33.28,13.99,0
Arezzo,2017,8,26,35.73,13.26,0
Arezzo,2017,8,27,37.13,14.55,0
Arezzo,2017,8,28,35.73,14.09,0
Arezzo,2017,8,29,31,14.29,0
Arezzo,2017,8,30,34.67,13.55,0
Arezzo,2017,8,31,34.35,16.48,0
Arezzo,2017,9,1,27.81,15.89,15.8
Arezzo,2017,9,2,25.67,11.03,0
Arezzo,2017,9,3,22.58,9.13,0
Arezzo,2017,9,4,26.1,8.81,0
Arezzo,2017,9,5,28.92,11.03,0
Arezzo,2017,9,6,27.7,13.19,0
Arezzo,2017,9,7,27.68,13.99,14.8
Arezzo,2017,9,8,25.66,13.22,0
Arezzo,2017,9,9,24.58,13.93,0
Arezzo,2017,9,10,19.34,14.3,28.1
Arezzo,2017,9,11,21.4,13.6,0
Arezzo,2017,9,12,24.34,11.72,0
Arezzo,2017,9,13,24.55,10.21,0
Arezzo,2017,9,14,23.67,13.15,0
Arezzo,2017,9,15,23.78,15.19,3.6
Arezzo,2017,9,16,22.85,10.39,13.1
Arezzo,2017,9,17,20.96,9.46,2.4
Arezzo,2017,9,18,21.36,9,7.3
Arezzo,2017,9,19,18.1,7.86,12.1
Arezzo,2017,9,20,20.82,6.15,3.9
Arezzo,2017,9,21,21.63,7.07,0
Arezzo,2017,9,22,22.46,7.75,0
Arezzo,2017,9,23,22.52,8.49,0
Arezzo,2017,9,24,20.01,8.05,4.9
Arezzo,2017,9,25,18.01,8.43,0
Arezzo,2017,9,26,20.09,8.82,0
Arezzo,2017,9,27,21.1,9.08,0
Arezzo,2017,9,28,21.62,9,0
Arezzo,2017,9,29,20.84,8.17,0
Arezzo,2017,9,30,21.18,8.07,0
Arezzo,2017,10,1,18.19,8.74,2.1
Arezzo,2017,10,2,19.74,9.26,0
Arezzo,2017,10,3,21.1,9.69,0
Arezzo,2017,10,4,23.47,9.95,0
Arezzo,2017,10,5,21.16,8.57,0
Arezzo,2017,10,6,23.57,6.4,8.1
Arezzo,2017,10,7,19.19,3.69,0
Arezzo,2017,10,8,19.93,4.86,0
Arezzo,2017,10,9,22.11,6.45,0
Arezzo,2017,10,10,21.5,6.81,0
Arezzo,2017,10,11,22.91,5.93,0
Arezzo,2017,10,12,19.77,6.54,0
Arezzo,2017,10,13,22.83,5.03,0
Arezzo,2017,10,14,23.48,5.96,0
Arezzo,2017,10,15,25.08,4.7,0
Arezzo,2017,10,16,26.04,4.96,0
Arezzo,2017,10,17,24.75,4.3,0
Arezzo,2017,10,18,22.82,4.34,0
Arezzo,2017,10,19,22.77,4.55,0
Arezzo,2017,10,20,21.49,5.61,0
Arezzo,2017,10,21,19.89,7.82,0
Arezzo,2017,10,22,19.65,6.05,4.3
Arezzo,2017,10,23,19.67,4.14,2
Arezzo,2017,10,24,20.08,3.39,0
Arezzo,2017,10,25,18.35,2.96,0
Arezzo,2017,10,26,22.78,1.86,0
Arezzo,2017,10,27,16.9,4,0
Arezzo,2017,10,28,18.59,3.02,0
Arezzo,2017,10,29,17.58,4.17,0
Arezzo,2017,10,30,17.72,3.46,0
Arezzo,2017,10,31,17.1,1.41,0
Arezzo,2017,11,1,18.26,1.71,0
Arezzo,2017,11,2,15.11,3.73,0
Arezzo,2017,11,3,16.11,7.22,0
Arezzo,2017,11,4,15.25,7.96,0
Arezzo,2017,11,5,15.14,9.15,13
Arezzo,2017,11,6,15.16,4.21,12.8
Arezzo,2017,11,7,14.1,2.47,13.9
Arezzo,2017,11,8,15.27,3.78,0
Arezzo,2017,11,9,14.86,6.77,0
Arezzo,2017,11,10,12.68,4.23,0
Arezzo,2017,11,11,16.2,2.8,0
Arezzo,2017,11,12,11.83,5.5,6.6
Arezzo,2017,11,13,12.62,0.19,28.1
Arezzo,2017,11,14,8.97,1.29,14.9
Arezzo,2017,11,15,9.47,1.29,5.5
Arezzo,2017,11,16,11.02,2.12,0
Arezzo,2017,11,17,12.15,0.5,0
Arezzo,2017,11,18,10.44,0.4,0
Arezzo,2017,11,19,12.57,-0.65,0
Arezzo,2017,11,20,12.79,-0.96,0
Arezzo,2017,11,21,12.46,1.36,0
Arezzo,2017,11,22,11.11,2.92,0
Arezzo,2017,11,23,13.39,6.47,0
Arezzo,2017,11,24,14.15,4.88,0
Arezzo,2017,11,25,13.96,8.05,2.3
Arezzo,2017,11,26,12.67,0.41,6.6
Arezzo,2017,11,27,7.87,-2.92,0
Arezzo,2017,11,28,7.43,-3.65,4.3
Arezzo,2017,11,29,9.14,3.23,23.2
Arezzo,2017,11,30,10.08,-0.88,0.9
Arezzo,2017,12,1,8.44,-0.94,0
Arezzo,2017,12,2,7.02,0.15,6.3
Arezzo,2017,12,3,5.76,-1.71,0
Arezzo,2017,12,4,6.88,-3.66,0
Arezzo,2017,12,5,10.08,-2.4,0
Arezzo,2017,12,6,7.65,-1.27,0
Arezzo,2017,12,7,9.76,0.9,0
Arezzo,2017,12,8,10.56,3.02,16
Arezzo,2017,12,9,8.51,-2.85,3.5
Arezzo,2017,12,10,10.29,-4.99,14.6
Arezzo,2017,12,11,13.47,6.62,3.6
Arezzo,2017,12,12,14.11,4.43,12.6
Arezzo,2017,12,13,9.17,1.73,3.1
Arezzo,2017,12,14,11.54,0.97,5.8
Arezzo,2017,12,15,12.04,2.89,16.7
Arezzo,2017,12,16,8.32,-0.5,5
Arezzo,2017,12,17,6.13,-2.75,0
Arezzo,2017,12,18,6.38,-3.86,0
Arezzo,2017,12,19,4.51,-5.37,0
Arezzo,2017,12,20,4.53,-4.04,0
Arezzo,2017,12,21,5.48,-4.54,0
Arezzo,2017,12,22,8.26,-2.6,0
Arezzo,2017,12,23,11.76,-1.02,0
Arezzo,2017,12,24,10.05,0.16,0
Arezzo,2017,12,25,9.34,0.55,0
Arezzo,2017,12,26,9.12,2.39,0
Arezzo,2017,12,27,10.68,2.51,37.1
Arezzo,2017,12,28,6.7,-0.43,7.4
Arezzo,2017,12,29,5.99,-1.03,3.9
Arezzo,2017,12,30,7.23,-1.15,0
Arezzo,2017,12,31,8.83,2.87,0
Arezzo,2018,1,1,10.48,3.08,11.4
Arezzo,2018,1,2,9.38,0.09,5
Arezzo,2018,1,3,11.44,-1.85,0
Arezzo,2018,1,4,11.87,2.11,0
Arezzo,2018,1,5,11.86,2.61,0
Arezzo,2018,1,6,10.64,2.85,0
Arezzo,2018,1,7,13.4,4.35,0
Arezzo,2018,1,8,15.81,3.11,0
Arezzo,2018,1,9,14.12,3.08,16.4
Arezzo,2018,1,10,11.09,1.14,0
Arezzo,2018,1,11,8.84,3.12,7.1
Arezzo,2018,1,12,8.63,1.06,0
Arezzo,2018,1,13,6.74,0.4,0
Arezzo,2018,1,14,7.39,-0.53,0
Arezzo,2018,1,15,9.45,-0.52,0
Arezzo,2018,1,16,11.01,2.71,10.6
Arezzo,2018,1,17,13.01,0.26,5.1
Arezzo,2018,1,18,9.49,-1.28,0
Arezzo,2018,1,19,10.92,0.87,0
Arezzo,2018,1,20,10.69,-1.13,0
Arezzo,2018,1,21,14.43,-0.21,0
Arezzo,2018,1,22,10.27,-2.26,0
Arezzo,2018,1,23,11.9,-1.27,0
Arezzo,2018,1,24,13.07,0.18,0
Arezzo,2018,1,25,9.57,1.15,0
Arezzo,2018,1,26,10.27,2.97,0
Arezzo,2018,1,27,13.48,1.11,0
Arezzo,2018,1,28,14.79,-0.25,0
Arezzo,2018,1,29,11.13,-0.91,0
Arezzo,2018,1,30,8.57,0.88,0
Arezzo,2018,1,31,8.06,2.71,0
Arezzo,2018,2,1,9.33,5.38,10.9
Arezzo,2018,2,2,10.77,1.47,31.7
Arezzo,2018,2,3,5.26,-1.09,16.7
Arezzo,2018,2,4,7.74,-2.6,0
Arezzo,2018,2,5,8.65,-0.46,0
Arezzo,2018,2,6,4.93,1.85,10.3
Arezzo,2018,2,7,6.63,1.08,3.6
Arezzo,2018,2,8,9.1,0.35,0
Arezzo,2018,2,9,10.06,-1.29,0
Arezzo,2018,2,10,6.23,-1.71,0
Arezzo,2018,2,11,6.65,-0.33,0
Arezzo,2018,2,12,6.92,-1.37,4
Arezzo,2018,2,13,4.64,-3.56,2.2
Arezzo,2018,2,14,5.54,-4,0
Arezzo,2018,2,15,6.94,-3.17,0
Arezzo,2018,2,16,9.85,-2.34,0
Arezzo,2018,2,17,7.69,0.02,4.6
Arezzo,2018,2,18,8.3,0.45,14.2
Arezzo,2018,2,19,4.41,-0.53,0
Arezzo,2018,2,20,2.45,-3.54,0
Arezzo,2018,2,21,3.79,-1.11,6.2
Arezzo,2018,2,22,4.49,-1.49,6.9
Arezzo,2018,2,23,4.51,-0.71,10.2
Arezzo,2018,2,24,6.01,2.17,4.8
Arezzo,2018,2,25,3.46,-5.38,3.2
Arezzo,2018,2,26,-2.52,-8.61,0
Arezzo,2018,2,27,-1.81,-10.53,0
Arezzo,2018,2,28,0.02,-10.62,0
Arezzo,2018,3,1,0.6,-6.01,16.9
Arezzo,2018,3,2,9.77,-2.09,21.7
Arezzo,2018,3,3,8.08,-0.78,22
Arezzo,2018,3,4,9.74,0.39,4.6
Arezzo,2018,3,5,5.08,0.53,13.1
Arezzo,2018,3,6,10.69,1.78,10.6
Arezzo,2018,3,7,11.81,1.28,10.7
Arezzo,2018,3,8,12.42,2.33,0
Arezzo,2018,3,9,15.19,3.03,0
Arezzo,2018,3,10,12.08,3.42,0
Arezzo,2018,3,11,13.48,6.79,27.7
Arezzo,2018,3,12,11.46,5.25,12.8
Arezzo,2018,3,13,12.48,3.7,0
Arezzo,2018,3,14,15.36,2.54,0
Arezzo,2018,3,15,11.64,3.68,16.9
Arezzo,2018,3,16,13.49,6.03,6.5
Arezzo,2018,3,17,10.68,4.36,2.1
Arezzo,2018,3,18,9.42,2.85,14.7
Arezzo,2018,3,19,7.47,0.7,7.4
Arezzo,2018,3,20,7.47,0.19,10.9
Arezzo,2018,3,21,4.07,-1.37,5.3
Arezzo,2018,3,22,5.46,-1.79,0
Arezzo,2018,3,23,6.08,-1.49,0
Arezzo,2018,3,24,9.51,-0.86,0
Arezzo,2018,3,25,8.66,-0.98,0
Arezzo,2018,3,26,12.93,-0.83,0
Arezzo,2018,3,27,16.3,1.95,0
Arezzo,2018,3,28,14.01,2.62,0
Arezzo,2018,3,29,15.55,7.01,0
Arezzo,2018,3,30,18.35,6.73,0
Arezzo,2018,3,31,13.4,3.01,11.4
Arezzo,2018,4,1,16.3,2.78,5.4
Arezzo,2018,4,2,16.71,1.19,0
Arezzo,2018,4,3,17.18,3.28,0
Arezzo,2018,4,4,12.45,5.98,17.9
Arezzo,2018,4,5,16.55,4.51,5.6
Arezzo,2018,4,6,19.47,2.8,0
Arezzo,2018,4,7,20.9,2.59,0
Arezzo,2018,4,8,23.3,4.1,0
Arezzo,2018,4,9,13.62,5.26,16.7
Arezzo,2018,4,10,16.99,5.75,0
Arezzo,2018,4,11,15.53,4.05,2.8
Arezzo,2018,4,12,18.68,7.46,5.7
Arezzo,2018,4,13,17.77,5.4,3.2
Arezzo,2018,4,14,20.02,4.24,0
Arezzo,2018,4,15,17.75,6.63,0
Arezzo,2018,4,16,23.15,6.76,0
Arezzo,2018,4,17,21.16,7.49,0
Arezzo,2018,4,18,19.39,6.31,0
Arezzo,2018,4,19,22.22,5.29,0
Arezzo,2018,4,20,25.22,5.82,0
Arezzo,2018,4,21,24.97,5.14,0
Arezzo,2018,4,22,25.83,5.82,0
Arezzo,2018,4,23,25.55,7.66,0
Arezzo,2018,4,24,23.91,8.16,0
Arezzo,2018,4,25,25.22,7.73,0
Arezzo,2018,4,26,24.59,7.96,0
Arezzo,2018,4,27,24.87,7.83,0
Arezzo,2018,4,28,27.69,8.32,0
Arezzo,2018,4,29,26.44,10.3,0
Arezzo,2018,4,30,20.5,9.6,0
Arezzo,2018,5,1,16.07,8.15,7.2
Arezzo,2018,5,2,16.6,7.6,5.7
Arezzo,2018,5,3,16.11,8.8,9.5
Arezzo,2018,5,4,17.87,10.08,12.4
Arezzo,2018,5,5,20.31,9.34,0
Arezzo,2018,5,6,20.38,10.44,2.6
Arezzo,2018,5,7,23.58,10.35,0
Arezzo,2018,5,8,24.56,9.39,0
Arezzo,2018,5,9,22.61,9.56,3.8
Arezzo,2018,5,10,22.77,11.03,5.4
Arezzo,2018,5,11,23.04,9.75,0
Arezzo,2018,5,12,23.79,10,0
Arezzo,2018,5,13,22.7,10.18,9.7
Arezzo,2018,5,14,17.76,5.88,6.2
Arezzo,2018,5,15,14.34,5.63,8.3
Arezzo,2018,5,16,18.48,6.65,0
Arezzo,2018,5,17,19.73,7.57,4.4
Arezzo,2018,5,18,21.17,6.38,0
Arezzo,2018,5,19,23.36,7.66,0
Arezzo,2018,5,20,23.52,8.03,0
Arezzo,2018,5,21,22.77,9.48,10.9
Arezzo,2018,5,22,21.12,10.31,6.8
Arezzo,2018,5,23,21.19,10.47,3.6
Arezzo,2018,5,24,24.99,9.78,0
Arezzo,2018,5,25,26.21,11.21,0
Arezzo,2018,5,26,27.84,12.13,0
Arezzo,2018,5,27,27.56,12.83,0
Arezzo,2018,5,28,27.51,13.88,0
Arezzo,2018,5,29,28.75,14.56,0
Arezzo,2018,5,30,26.47,13.79,5.7
Arezzo,2018,5,31,26.04,13.01,0
Arezzo,2018,6,1,25.67,10.73,0
Arezzo,2018,6,2,26.58,10.22,0
Arezzo,2018,6,3,28.31,11.36,0
Arezzo,2018,6,4,26.25,12.77,0
Arezzo,2018,6,5,25.24,12.52,2.4
Arezzo,2018,6,6,26.02,11.46,0
Arezzo,2018,6,7,27.01,12.55,0
Arezzo,2018,6,8,23.23,10.43,5.9
Arezzo,2018,6,9,26.35,11.02,0
Arezzo,2018,6,10,28.23,10.97,0
Arezzo,2018,6,11,29.46,14.69,0
Arezzo,2018,6,12,26.08,14.04,0
Arezzo,2018,6,13,22.23,12.18,0
Arezzo,2018,6,14,22.59,12.13,18.5
Arezzo,2018,6,15,22.37,12.01,0
Arezzo,2018,6,16,26.09,10.52,0
Arezzo,2018,6,17,28.33,12.28,0
Arezzo,2018,6,18,27.08,13.03,0
Arezzo,2018,6,19,27.1,13.42,0
Arezzo,2018,6,20,28.02,12.41,0
Arezzo,2018,6,21,29.25,14.33,0
Arezzo,2018,6,22,25.15,13.23,8
Arezzo,2018,6,23,23.71,9.83,0
Arezzo,2018,6,24,25.73,8.52,0
Arezzo,2018,6,25,23.01,8.83,4.3
Arezzo,2018,6,26,22.38,8.93,0
Arezzo,2018,6,27,25.44,8.7,0
Arezzo,2018,6,28,27.36,9.75,0
Arezzo,2018,6,29,28.73,10.77,0
Arezzo,2018,6,30,31.6,13.17,0
Arezzo,2018,7,1,30.56,14.78,0
Arezzo,2018,7,2,30.11,14.16,0
Arezzo,2018,7,3,30.63,15.88,0
Arezzo,2018,7,4,30.71,15.14,0
Arezzo,2018,7,5,30.46,15.6,0
Arezzo,2018,7,6,31.59,15.98,8.1
Arezzo,2018,7,7,29.51,13.1,0
Arezzo,2018,7,8,29.33,13.33,0
Arezzo,2018,7,9,29.21,12.6,0
Arezzo,2018,7,10,30.62,12.76,0
Arezzo,2018,7,11,27.79,14.54,0
Arezzo,2018,7,12,28.5,14.62,0
Arezzo,2018,7,13,31.38,13.02,0
Arezzo,2018,7,14,33.04,13.64,0
Arezzo,2018,7,15,33.81,13.38,0
Arezzo,2018,7,16,29.48,11.84,12.3
Arezzo,2018,7,17,29.05,11.67,0
Arezzo,2018,7,18,32.93,13.35,0
Arezzo,2018,7,19,32.18,14.15,0
Arezzo,2018,7,20,32.37,14.09,0
Arezzo,2018,7,21,29.9,15.74,0
Arezzo,2018,7,22,29.46,15.31,0
Arezzo,2018,7,23,27.94,12.18,9.7
Arezzo,2018,7,24,30.45,12.08,0
Arezzo,2018,7,25,32.04,13.75,0
Arezzo,2018,7,26,31.87,13.26,0
Arezzo,2018,7,27,31.96,12.73,0
Arezzo,2018,7,28,31.38,15.48,0
Arezzo,2018,7,29,32.2,15.94,0
Arezzo,2018,7,30,32.77,16.93,0
Arezzo,2018,7,31,34.18,15.98,0
Arezzo,2018,8,1,34.49,16.69,0
Arezzo,2018,8,2,33.2,16.68,0
Arezzo,2018,8,3,29.8,16.43,0
Arezzo,2018,8,4,32.01,15.39,0
Arezzo,2018,8,5,32.29,15.09,0
Arezzo,2018,8,6,34.21,15.11,0
Arezzo,2018,8,7,33.53,15.61,0
Arezzo,2018,8,8,32.33,15.26,0
Arezzo,2018,8,9,32.76,15.98,0
Arezzo,2018,8,10,31.96,17.62,0
Arezzo,2018,8,11,32.8,15.37,0
Arezzo,2018,8,12,32.6,13.67,0
Arezzo,2018,8,13,29.82,14.59,0
Arezzo,2018,8,14,26.51,14.28,13.6
Arezzo,2018,8,15,25.48,13.32,9.2
Arezzo,2018,8,16,29.02,12.34,0
Arezzo,2018,8,17,31.02,11.97,0
Arezzo,2018,8,18,31.16,13.35,0
Arezzo,2018,8,19,30.57,13.38,0
Arezzo,2018,8,20,31.37,13.61,0
Arezzo,2018,8,21,31.91,13.17,0
Arezzo,2018,8,22,31.82,12.33,0
Arezzo,2018,8,23,31.77,12.59,0
Arezzo,2018,8,24,32.89,15.22,0
Arezzo,2018,8,25,29.4,15.94,4.2
Arezzo,2018,8,26,22.18,10.36,3.3
Arezzo,2018,8,27,23.1,8.66,0
Arezzo,2018,8,28,27.41,7.92,0
Arezzo,2018,8,29,30.25,10.58,0
Arezzo,2018,8,30,29.72,13.09,0
Arezzo,2018,8,31,27.2,14.92,0
Arezzo,2018,9,1,26.72,11.18,7.6
Arezzo,2018,9,2,24.79,10.3,5.9
Arezzo,2018,9,3,24.6,10.45,0
Arezzo,2018,9,4,26.58,11.13,0
Arezzo,2018,9,5,29.02,11.35,0
Arezzo,2018,9,6,29.4,13.71,0
Arezzo,2018,9,7,27.82,14.09,13.2
Arezzo,2018,9,8,26.94,12.46,0
Arezzo,2018,9,9,28.94,11.49,0
Arezzo,2018,9,10,30.3,12.75,0
Arezzo,2018,9,11,30.55,12.45,0
Arezzo,2018,9,12,31.72,12.51,0
Arezzo,2018,9,13,26.99,14.31,0
Arezzo,2018,9,14,31.4,13.37,0
Arezzo,2018,9,15,28.48,13.07,0
Arezzo,2018,9,16,28.36,11.97,0
Arezzo,2018,9,17,28.18,12.49,0
Arezzo,2018,9,18,28.28,11.83,6.3
Arezzo,2018,9,19,26.56,13.46,0
Arezzo,2018,9,20,27.18,12.79,0
Arezzo,2018,9,21,28.55,13.56,0
Arezzo,2018,9,22,28.22,15.34,0
Arezzo,2018,9,23,26.38,13.93,0
Arezzo,2018,9,24,26.51,11.56,0
Arezzo,2018,9,25,19.1,8.21,0
Arezzo,2018,9,26,16.23,3.63,0
Arezzo,2018,9,27,22.5,1.88,0
Arezzo,2018,9,28,26.14,4.72,0
Arezzo,2018,9,29,25.42,6.33,0
Arezzo,2018,9,30,22.19,5.11,0
Arezzo,2018,10,1,20.79,8.41,7.8
Arezzo,2018,10,2,16.02,7.39,9.6
Arezzo,2018,10,3,20.67,5.58,0
Arezzo,2018,10,4,22.68,7.05,0
Arezzo,2018,10,5,19.29,7.42,0
Arezzo,2018,10,6,17.4,9.52,8.6
Arezzo,2018,10,7,21.57,9.94,2.9
Arezzo,2018,10,8,21.66,9.07,0
Arezzo,2018,10,9,23.39,8.77,0
Arezzo,2018,10,10,22.83,8.62,0
Arezzo,2018,10,11,21.62,11.48,2
Arezzo,2018,10,12,23.08,9.71,0
Arezzo,2018,10,13,23.6,7.08,0
Arezzo,2018,10,14,21.72,6.58,0
Arezzo,2018,10,15,20.61,7.51,0
Arezzo,2018,10,16,18.67,10.31,5.8
Arezzo,2018,10,17,18.99,10.87,3.5
Arezzo,2018,10,18,20.86,9.68,0
Arezzo,2018,10,19,22.39,7.86,0
Arezzo,2018,10,20,22.89,7.93,0
Arezzo,2018,10,21,20.48,3.21,4.7
Arezzo,2018,10,22,12.88,4.99,0
Arezzo,2018,10,23,18.47,4.73,0
Arezzo,2018,10,24,23.6,7.03,0
Arezzo,2018,10,25,22.82,9.02,0
Arezzo,2018,10,26,17.14,11.72,0
Arezzo,2018,10,27,22.33,13.33,1.9
Arezzo,2018,10,28,20.09,13.07,39.5
Arezzo,2018,10,29,21.16,9.76,22.3
Arezzo,2018,10,30,14.23,6.95,6
Arezzo,2018,10,31,17.63,5.94,0
Arezzo,2018,11,1,16.3,8.71,24.8
Arezzo,2018,11,2,16.16,10.78,9.3
Arezzo,2018,11,3,16.51,8.64,0
Arezzo,2018,11,4,15.79,9.18,2.4
Arezzo,2018,11,5,18.88,8.01,2.6
Arezzo,2018,11,6,16.48,9.48,5.9
Arezzo,2018,11,7,14.86,8.31,0
Arezzo,2018,11,8,16.96,6.18,0
Arezzo,2018,11,9,16.59,5.95,0
Arezzo,2018,11,10,16.64,6.6,0
Arezzo,2018,11,11,15.32,8.43,0
Arezzo,2018,11,12,18.1,7.12,0
Arezzo,2018,11,13,16.48,7.75,0
Arezzo,2018,11,14,15.48,6.16,0
Arezzo,2018,11,15,14.6,5.02,0
Arezzo,2018,11,16,12.46,4.4,4
Arezzo,2018,11,17,10.01,2.18,9.2
Arezzo,2018,11,18,9.14,-0.81,3.1
Arezzo,2018,11,19,6.72,-0.41,4.4
Arezzo,2018,11,20,5.86,2.1,30.1
Arezzo,2018,11,21,11.3,2.22,3.7
Arezzo,2018,11,22,13.61,5.39,0
Arezzo,2018,11,23,13.09,5.56,2.8
Arezzo,2018,11,24,13.17,8.58,7.2
Arezzo,2018,11,25,12.92,5.79,20.6
Arezzo,2018,11,26,11.79,4.03,4.7
Arezzo,2018,11,27,10.52,2.5,1.8
Arezzo,2018,11,28,9.13,0.94,0
Arezzo,2018,11,29,8.98,-2.11,0
Arezzo,2018,11,30,9.82,-1.51,0
Arezzo,2018,12,1,7.13,-0.08,2.1
Arezzo,2018,12,2,8.97,0.11,0
Arezzo,2018,12,3,12.76,5.28,0
Arezzo,2018,12,4,16.03,2.46,0
Arezzo,2018,12,5,14.72,0.65,0
Arezzo,2018,12,6,12.11,3.5,3.2
Arezzo,2018,12,7,11.99,0.68,0
Arezzo,2018,12,8,13.67,1.02,9.3
Arezzo,2018,12,9,13.76,-0.76,0
Arezzo,2018,12,10,14.27,1.31,0
Arezzo,2018,12,11,10.27,-2.77,0
Arezzo,2018,12,12,7.64,-3.62,0
Arezzo,2018,12,13,4,-2.24,3
Arezzo,2018,12,14,2.98,-2.57,4.3
Arezzo,2018,12,15,1.94,-5.65,0
Arezzo,2018,12,16,4.67,-5.85,10.6
Arezzo,2018,12,17,3.66,-2.93,9.7
Arezzo,2018,12,18,5.14,-5.66,0
Arezzo,2018,12,19,7.93,-3.46,0
Arezzo,2018,12,20,8.39,0.18,11.6
Arezzo,2018,12,21,8.86,0.24,0
Arezzo,2018,12,22,11.04,2.59,0
Arezzo,2018,12,23,12.64,4.17,0
Arezzo,2018,12,24,11.79,1.22,0
Arezzo,2018,12,25,8.26,-0.91,0
Arezzo,2018,12,26,9.54,-1.98,0
Arezzo,2018,12,27,8.47,-2.39,0
Arezzo,2018,12,28,9.49,-1.58,0
Arezzo,2018,12,29,11.66,-0.64,0
Arezzo,2018,12,30,12.14,-1.96,0
Arezzo,2018,12,31,12.35,-2.42,0
Arezzo,2019,1,1,9.14,-1.73,0
Arezzo,2019,1,2,8.74,-3.48,0
Arezzo,2019,1,3,5.24,-5.56,0
Arezzo,2019,1,4,4.04,-6.84,0
Arezzo,2019,1,5,5.86,-4.29,0
Arezzo,2019,1,6,12.15,-3,0
Arezzo,2019,1,7,9.58,-3.69,0
Arezzo,2019,1,8,5.31,-2.98,0
Arezzo,2019,1,9,7.85,-2.06,0
Arezzo,2019,1,10,7.47,-2.44,0
Arezzo,2019,1,11,5.45,-4.14,0
Arezzo,2019,1,12,8.77,-5.3,0
Arezzo,2019,1,13,9.65,-2.59,0
Arezzo,2019,1,14,14.2,-0.63,0
Arezzo,2019,1,15,11.63,-2.36,0
Arezzo,2019,1,16,9.69,-0.83,0
Arezzo,2019,1,17,8.48,1.37,7.3
Arezzo,2019,1,18,9.41,0.96,10
Arezzo,2019,1,19,7.15,-0.5,3.4
Arezzo,2019,1,20,5.79,-1.49,3.7
Arezzo,2019,1,21,4.73,-2.48,4.6
Arezzo,2019,1,22,3.06,-3.48,8.1
Arezzo,2019,1,23,4.2,-2.61,7.4
Arezzo,2019,1,24,5.41,-2.19,4.3
Arezzo,2019,1,25,4.23,-2.07,0
Arezzo,2019,1,26,8.48,-5.18,0
Arezzo,2019,1,27,8.08,-2.63,8.4
Arezzo,2019,1,28,8.4,-1.43,4.7
Arezzo,2019,1,29,6.61,-3.77,3.6
Arezzo,2019,1,30,4.48,-3.38,4.3
Arezzo,2019,1,31,7.6,-3.17,10.1
Arezzo,2019,2,1,10.74,5.49,22.8
Arezzo,2019,2,2,10.05,2.89,50.7
Arezzo,2019,2,3,9.61,2.07,7.9
Arezzo,2019,2,4,9.85,0.63,0
Arezzo,2019,2,5,10.33,-1.09,0
Arezzo,2019,2,6,12.25,-2.01,0
Arezzo,2019,2,7,14.69,-2.2,0
Arezzo,2019,2,8,12.34,-0.24,0
Arezzo,2019,2,9,11.3,-0.05,0
Arezzo,2019,2,10,10.84,4.5,0
Arezzo,2019,2,11,12.93,1.96,4.2
Arezzo,2019,2,12,15.01,-1.28,0
Arezzo,2019,2,13,11.14,-2.28,0
Arezzo,2019,2,14,16.78,-2.24,0
Arezzo,2019,2,15,16,-3.1,0
Arezzo,2019,2,16,15.41,-2.94,0
Arezzo,2019,2,17,17.81,-2.22,0
Arezzo,2019,2,18,15.31,-1.15,0
Arezzo,2019,2,19,11.47,-1.02,0
Arezzo,2019,2,20,13.94,-2.09,0
Arezzo,2019,2,21,16.15,-2.09,0
Arezzo,2019,2,22,18.42,-0.57,0
Arezzo,2019,2,23,7.99,-2.12,0
Arezzo,2019,2,24,8.36,-4.02,0
Arezzo,2019,2,25,13.01,-1.92,0
Arezzo,2019,2,26,16.99,-0.58,0
Arezzo,2019,2,27,20.49,1.15,0
Arezzo,2019,2,28,16.21,1.16,0
Arezzo,2019,3,1,14.22,2.54,0
Arezzo,2019,3,2,19.44,2.5,0
Arezzo,2019,3,3,17.57,0.5,0
Arezzo,2019,3,4,14.33,2.78,0
Arezzo,2019,3,5,15.59,4.03,0
Arezzo,2019,3,6,16.67,2.31,0
Arezzo,2019,3,7,18.58,6.71,0
Arezzo,2019,3,8,16.78,4.58,0
Arezzo,2019,3,9,16.12,3.03,0
Arezzo,2019,3,10,14.34,3.56,0
Arezzo,2019,3,11,17.37,1.88,4.5
Arezzo,2019,3,12,13.44,-1.27,0
Arezzo,2019,3,13,11.75,0.22,0
Arezzo,2019,3,14,16.9,0.94,0
Arezzo,2019,3,15,18.38,3.41,0
Arezzo,2019,3,16,16.82,4.32,0
Arezzo,2019,3,17,14.94,5.73,0
Arezzo,2019,3,18,12.63,4.04,8.3
Arezzo,2019,3,19,8.43,1.55,3.4
Arezzo,2019,3,20,10.58,0.79,0
Arezzo,2019,3,21,13.3,1.05,0
Arezzo,2019,3,22,16.39,0.41,0
Arezzo,2019,3,23,19.96,2.41,0
Arezzo,2019,3,24,23.61,2.73,0
Arezzo,2019,3,25,19.99,2.14,0
Arezzo,2019,3,26,9.39,2.23,11.7
Arezzo,2019,3,27,12.46,1.03,0
Arezzo,2019,3,28,11.45,0.96,0
Arezzo,2019,3,29,15.67,0.98,0
Arezzo,2019,3,30,19.08,0.91,0
Arezzo,2019,3,31,21.63,0.6,0
Arezzo,2019,4,1,20.91,2.13,0
Arezzo,2019,4,2,20.52,3.14,0
Arezzo,2019,4,3,14.45,6.09,0
Arezzo,2019,4,4,15.42,1.74,45.1
Arezzo,2019,4,5,10.34,1.78,0
Arezzo,2019,4,6,18.56,1.48,0
Arezzo,2019,4,7,14.38,3.54,0
Arezzo,2019,4,8,16.22,2.8,0
Arezzo,2019,4,9,17.48,3.18,0
Arezzo,2019,4,10,17.67,3.98,2.8
Arezzo,2019,4,11,15.08,6.24,10
Arezzo,2019,4,12,13.39,4.09,4.7
Arezzo,2019,4,13,11.14,2.21,0
Arezzo,2019,4,14,12.95,1.41,14
Arezzo,2019,4,15,14.45,2.26,0
Arezzo,2019,4,16,18.27,1.56,0
Arezzo,2019,4,17,20.28,2.63,0
Arezzo,2019,4,18,19.61,2.34,0
Arezzo,2019,4,19,19.12,1.44,0
Arezzo,2019,4,20,21.47,2.01,0
Arezzo,2019,4,21,21.04,4.51,0
Arezzo,2019,4,22,17.44,5.49,19.6
Arezzo,2019,4,23,15.55,10.14,11.6
Arezzo,2019,4,24,21.12,9.47,0
Arezzo,2019,4,25,25.18,9.69,0
Arezzo,2019,4,26,18.34,7.98,5.2
Arezzo,2019,4,27,19.94,6.23,0
Arezzo,2019,4,28,16.53,3.67,4.9
Arezzo,2019,4,29,12.59,3.5,2.8
Arezzo,2019,4,30,19.26,2.92,0
Arezzo,2019,5,1,19.82,6.37,0
Arezzo,2019,5,2,19.48,6.2,0
Arezzo,2019,5,3,17.37,8.81,2.6
Arezzo,2019,5,4,17.03,8.54,0
Arezzo,2019,5,5,14.24,3.08,27.1
Arezzo,2019,5,6,11.53,2.13,3
Arezzo,2019,5,7,17.36,2.83,0
Arezzo,2019,5,8,16.74,6.38,0
Arezzo,2019,5,9,20.1,7.58,11.3
Arezzo,2019,5,10,19.44,7.66,0
Arezzo,2019,5,11,20.05,6.88,8.9
Arezzo,2019,5,12,15.67,6.82,35.7
Arezzo,2019,5,13,12.26,7.07,13.2
Arezzo,2019,5,14,12.63,3.52,0
Arezzo,2019,5,15,11.06,2.25,1.9
Arezzo,2019,5,16,17.08,3.87,0
Arezzo,2019,5,17,20.55,6.1,3.6
Arezzo,2019,5,18,17.3,9.94,17.6
Arezzo,2019,5,19,15.86,9.38,14.6
Arezzo,2019,5,20,18.33,8.23,7
Arezzo,2019,5,21,19.78,9.09,0
Arezzo,2019,5,22,19.27,9.88,0
Arezzo,2019,5,23,21.15,10.54,7.3
Arezzo,2019,5,24,22.87,9.67,0
Arezzo,2019,5,25,23.57,11.36,5.8
Arezzo,2019,5,26,17.12,11.23,15.8
Arezzo,2019,5,27,17.99,11.65,10.6
Arezzo,2019,5,28,18.7,11.11,10.7
Arezzo,2019,5,29,16.61,9.8,11.3
Arezzo,2019,5,30,17.25,7.18,3.6
Arezzo,2019,5,31,20.27,8.33,0
Arezzo,2019,6,1,23.54,9.31,0
Arezzo,2019,6,2,25.98,12.19,0
Arezzo,2019,6,3,27.83,11.84,0
Arezzo,2019,6,4,27.55,12.48,0
Arezzo,2019,6,5,26.95,12.78,0
Arezzo,2019,6,6,24.82,13.21,0
Arezzo,2019,6,7,27.95,14.31,0
Arezzo,2019,6,8,29.4,16.65,0
Arezzo,2019,6,9,31.17,16.24,0
Arezzo,2019,6,10,32.09,16.92,0
Arezzo,2019,6,11,30.12,16.59,0
Arezzo,2019,6,12,28.77,14.25,0
Arezzo,2019,6,13,29.11,14.23,0
Arezzo,2019,6,14,31.56,16.33,0
Arezzo,2019,6,15,29.9,16.21,0
Arezzo,2019,6,16,29.67,15.29,0
Arezzo,2019,6,17,29,13.89,0
Arezzo,2019,6,18,30.33,15.08,0
Arezzo,2019,6,19,30.12,15.48,0
Arezzo,2019,6,20,29.87,14.7,0
Arezzo,2019,6,21,30.76,15.12,0
Arezzo,2019,6,22,27.8,14.62,4.7
Arezzo,2019,6,23,28.87,14.2,0
Arezzo,2019,6,24,29.28,15.19,0
Arezzo,2019,6,25,30.95,16.06,0
Arezzo,2019,6,26,31.39,19.53,0
Arezzo,2019,6,27,35.95,17.54,0
Arezzo,2019,6,28,34.09,18.02,0
Arezzo,2019,6,29,30.7,15.57,0
Arezzo,2019,6,30,32.45,15.01,0
Arezzo,2019,7,1,35.17,17.16,0
Arezzo,2019,7,2,35.11,16.91,0
Arezzo,2019,7,3,33.27,16.96,0
Arezzo,2019,7,4,31.02,15.85,0
Arezzo,2019,7,5,33.21,16.32,0
Arezzo,2019,7,6,32.75,17.5,0
Arezzo,2019,7,7,30.89,19.16,0
Arezzo,2019,7,8,32.81,19.65,0
Arezzo,2019,7,9,32.1,18.37,0
Arezzo,2019,7,10,25.98,15.51,9.6
Arezzo,2019,7,11,28.66,15.47,0
Arezzo,2019,7,12,28.25,16.14,0
Arezzo,2019,7,13,28.62,14.83,0
Arezzo,2019,7,14,29.04,15.08,0
Arezzo,2019,7,15,21.19,14.91,9.2
Arezzo,2019,7,16,26.56,12.58,0
Arezzo,2019,7,17,29.86,13.91,0
Arezzo,2019,7,18,30.29,14.03,0
Arezzo,2019,7,19,31.16,14.8,0
Arezzo,2019,7,20,32.72,15.43,0
Arezzo,2019,7,21,33.29,16.53,0
Arezzo,2019,7,22,33.19,16.3,0
Arezzo,2019,7,23,33.58,17.7,0
Arezzo,2019,7,24,34.9,17.45,0
Arezzo,2019,7,25,36.32,19.34,0
Arezzo,2019,7,26,35.66,18.21,0
Arezzo,2019,7,27,31.27,16.87,19.4
Arezzo,2019,7,28,24.94,17.03,13.6
Arezzo,2019,7,29,30,15.93,0
Arezzo,2019,7,30,32.31,16.22,0
Arezzo,2019,7,31,31.37,16.37,0
Arezzo,2019,8,1,32.16,17.08,0
Arezzo,2019,8,2,30.75,15.16,0
Arezzo,2019,8,3,28.2,15.03,0
Arezzo,2019,8,4,31.55,15.54,0
Arezzo,2019,8,5,31.44,16.41,0
Arezzo,2019,8,6,30.8,16.88,0
Arezzo,2019,8,7,31.92,18.01,0
Arezzo,2019,8,8,30.52,18.92,0
Arezzo,2019,8,9,33.02,19.08,0
Arezzo,2019,8,10,34.28,20.43,0
Arezzo,2019,8,11,36.37,20.06,0
Arezzo,2019,8,12,35.72,19.61,0
Arezzo,2019,8,13,33.5,17.85,0
Arezzo,2019,8,14,28.44,14.92,0
Arezzo,2019,8,15,30.16,14.77,0
Arezzo,2019,8,16,28.46,13.02,0
Arezzo,2019,8,17,29.69,15.68,0
Arezzo,2019,8,18,31.39,16.79,0
Arezzo,2019,8,19,33.75,18.01,0
Arezzo,2019,8,20,35.45,18.46,0
Arezzo,2019,8,21,33.98,17.76,0
Arezzo,2019,8,22,29.64,16.9,8.8
Arezzo,2019,8,23,28.58,16.81,0
Arezzo,2019,8,24,30,15.88,9.3
Arezzo,2019,8,25,29.85,15.68,0
Arezzo,2019,8,26,29.71,15.35,0
Arezzo,2019,8,27,32.07,16.61,0
Arezzo,2019,8,28,30.9,17.56,0
Arezzo,2019,8,29,31.29,16.41,0
Arezzo,2019,8,30,30.87,17.18,0
Arezzo,2019,8,31,30.5,15.8,0
Arezzo,2019,9,1,31.1,16.72,0
Arezzo,2019,9,2,30.45,16.56,3.5
Arezzo,2019,9,3,24.69,14.09,0
Arezzo,2019,9,4,25.23,12.14,0
Arezzo,2019,9,5,29.03,13.2,0
Arezzo,2019,9,6,24.45,13.21,0
Arezzo,2019,9,7,24.3,12.27,0
Arezzo,2019,9,8,24.21,12.02,4.8
Arezzo,2019,9,9,24.75,10.43,0
Arezzo,2019,9,10,24.76,11.5,0
Arezzo,2019,9,11,26.47,12.35,0
Arezzo,2019,9,12,26.67,13.34,0
Arezzo,2019,9,13,27.77,13.03,0
Arezzo,2019,9,14,27.7,13.09,0
Arezzo,2019,9,15,27.2,13.53,0
Arezzo,2019,9,16,29.35,14.34,0
Arezzo,2019,9,17,28.46,14.46,0
Arezzo,2019,9,18,28.13,15.47,0
Arezzo,2019,9,19,22.77,11.94,3.7
Arezzo,2019,9,20,21.55,9.4,0
Arezzo,2019,9,21,23.37,9.13,0
Arezzo,2019,9,22,19.05,13.34,23.4
Arezzo,2019,9,23,22.07,11.53,11.4
Arezzo,2019,9,24,22.69,11.17,0
Arezzo,2019,9,25,23.06,12.61,5.1
Arezzo,2019,9,26,25.61,13.17,0
Arezzo,2019,9,27,24.76,13.39,0
Arezzo,2019,9,28,24.94,14.47,0
Arezzo,2019,9,29,23.6,14.04,0
Arezzo,2019,9,30,24.69,13.92,0
Arezzo,2019,10,1,24.78,14.93,0
Arezzo,2019,10,2,22.36,12.05,9.9
Arezzo,2019,10,3,14.43,9.38,8.7
Arezzo,2019,10,4,19.92,8.1,0
Arezzo,2019,10,5,22.41,9.41,0
Arezzo,2019,10,6,22.09,10.21,0
Arezzo,2019,10,7,18.54,8.66,0
Arezzo,2019,10,8,20.92,8.14,0
Arezzo,2019,10,9,21.88,10.55,0
Arezzo,2019,10,10,21.38,11.27,0
Arezzo,2019,10,11,22.28,9.92,0
Arezzo,2019,10,12,21.94,10.25,0
Arezzo,2019,10,13,22.5,9.87,0
Arezzo,2019,10,14,22.99,11.47,0
Arezzo,2019,10,15,22.34,11.65,5.1
Arezzo,2019,10,16,20.31,9.19,0
Arezzo,2019,10,17,21.55,8.46,0
Arezzo,2019,10,18,20.36,9.59,0
Arezzo,2019,10,19,21.71,11.16,0
Arezzo,2019,10,20,21.96,11.81,0
Arezzo,2019,10,21,24.41,13.36,0
Arezzo,2019,10,22,25.21,11.99,0
Arezzo,2019,10,23,23.5,10.57,0
Arezzo,2019,10,24,19.59,10.8,8.6
Arezzo,2019,10,25,20.3,10.68,0
Arezzo,2019,10,26,23.55,9.09,0
Arezzo,2019,10,27,23.62,9.12,0
Arezzo,2019,10,28,21.03,10.25,0
Arezzo,2019,10,29,19.5,11.26,2.1
Arezzo,2019,10,30,17.35,11.14,2
Arezzo,2019,10,31,15,10.26,3.2
Arezzo,2019,11,1,14.18,9.3,2.2
Arezzo,2019,11,2,15.64,10.69,10.6
Arezzo,2019,11,3,18.35,10.93,19.8
Arezzo,2019,11,4,18.26,10.33,1.5
Arezzo,2019,11,5,19.01,9.89,19.6
Arezzo,2019,11,6,13.84,7.09,11
Arezzo,2019,11,7,16.41,6.02,0
Arezzo,2019,11,8,13.58,5.72,19.2
Arezzo,2019,11,9,14.25,4.8,2.5
Arezzo,2019,11,10,13.4,5.39,2.4
Arezzo,2019,11,11,12.73,7.43,4.9
Arezzo,2019,11,12,11.85,7.48,18.7
Arezzo,2019,11,13,13.86,6.05,0
Arezzo,2019,11,14,14.37,6.1,3.1
Arezzo,2019,11,15,13.47,7.91,45.4
Arezzo,2019,11,16,12.94,6.65,45.6
Arezzo,2019,11,17,13.15,4.61,21.5
Arezzo,2019,11,18,12.06,5.17,8
Arezzo,2019,11,19,12.98,7.08,4.4
Arezzo,2019,11,20,14.19,6.36,1.8
Arezzo,2019,11,21,12.46,6.73,0
Arezzo,2019,11,22,14.39,7.11,0
Arezzo,2019,11,23,16.23,8.45,6.2
Arezzo,2019,11,24,15.1,9.26,4.7
Arezzo,2019,11,25,16.59,7.31,0
Arezzo,2019,11,26,16.72,6.95,0
Arezzo,2019,11,27,14.11,7.6,11.3
Arezzo,2019,11,28,14.64,8.23,4.8
Arezzo,2019,11,29,14.12,5.98,0
Arezzo,2019,11,30,13.62,4.02,0
Arezzo,2019,12,1,12.49,5.55,0
Arezzo,2019,12,2,13.14,6.79,34.1
Arezzo,2019,12,3,10.37,1.36,0
Arezzo,2019,12,4,8.48,-0.1,0
Arezzo,2019,12,5,9.89,1.05,0
Arezzo,2019,12,6,11.49,3.16,3.4
Arezzo,2019,12,7,12.8,5.23,0
Arezzo,2019,12,8,12.32,4.29,0
Arezzo,2019,12,9,12.09,2.55,3.9
Arezzo,2019,12,10,10.8,1.58,0
Arezzo,2019,12,11,8.04,-1.13,0
Arezzo,2019,12,12,5.52,-0.68,2.9
Arezzo,2019,12,13,9.57,-0.74,22.5
Arezzo,2019,12,14,12.41,2.42,0
Arezzo,2019,12,15,11.73,3.66,0
Arezzo,2019,12,16,12.67,5.96,0
Arezzo,2019,12,17,16.3,5,0
Arezzo,2019,12,18,13.49,5.97,0
Arezzo,2019,12,19,11.28,4.21,0
Arezzo,2019,12,20,12.83,5.83,28.7
Arezzo,2019,12,21,14.69,7.41,35.8
Arezzo,2019,12,22,13.13,6.76,18.2
Arezzo,2019,12,23,15.01,4.48,0
Arezzo,2019,12,24,13,3.87,0
Arezzo,2019,12,25,14.84,1.77,0
Arezzo,2019,12,26,13.65,1.28,0
Arezzo,2019,12,27,11.95,0.66,0
Arezzo,2019,12,28,7.96,-0.46,0
Arezzo,2019,12,29,5.17,-1.64,0
Arezzo,2019,12,30,4.72,-2.11,0
Arezzo,2019,12,31,10.43,-2.64,0
Arezzo,2020,1,1,14.01,-1.61,0
Arezzo,2020,1,2,11.74,-1.22,0
Arezzo,2020,1,3,11.48,-0.59,0
Arezzo,2020,1,4,12.5,0.55,0
Arezzo,2020,1,5,11.94,-2.12,0
Arezzo,2020,1,6,7.71,-3.38,0
Arezzo,2020,1,7,10.39,-3.58,0
Arezzo,2020,1,8,10.45,-2.09,0
Arezzo,2020,1,9,11.44,-3.16,0
Arezzo,2020,1,10,11.15,-2.22,0
Arezzo,2020,1,11,11.14,-1.7,0
Arezzo,2020,1,12,9.93,-2.85,0
Arezzo,2020,1,13,10.33,-4.42,0
Arezzo,2020,1,14,8.87,-2.56,0
Arezzo,2020,1,15,10.09,0.42,0
Arezzo,2020,1,16,11.58,-2.59,0
Arezzo,2020,1,17,9.74,-1.8,0
Arezzo,2020,1,18,9.23,1.79,9
Arezzo,2020,1,19,8.02,0.32,3.9
Arezzo,2020,1,20,6.68,0.82,0
Arezzo,2020,1,21,6.4,-0.35,0
Arezzo,2020,1,22,13.14,-1.74,0
Arezzo,2020,1,23,12.38,-1.71,0
Arezzo,2020,1,24,12.12,-0.67,3.6
Arezzo,2020,1,25,10.7,2.64,8.1
Arezzo,2020,1,26,11.85,-0.07,1.9
Arezzo,2020,1,27,9.42,0.4,0
Arezzo,2020,1,28,12.85,4.57,2.6
Arezzo,2020,1,29,13.27,2.81,0
Arezzo,2020,1,30,13.48,1.92,0
Arezzo,2020,1,31,11.27,5.15,0
Arezzo,2020,2,1,12.27,7.45,0
Arezzo,2020,2,2,14.34,7.17,0
Arezzo,2020,2,3,15.89,6.71,0
Arezzo,2020,2,4,17.33,3.32,0
Arezzo,2020,2,5,11.49,1.56,0
Arezzo,2020,2,6,10.17,-1.13,0
Arezzo,2020,2,7,13.51,-1.33,0
Arezzo,2020,2,8,13.27,-1.17,0
Arezzo,2020,2,9,11.53,0.49,0
Arezzo,2020,2,10,14.71,6.54,2.6
Arezzo,2020,2,11,17.16,6.37,0
Arezzo,2020,2,12,16.63,1.93,0
Arezzo,2020,2,13,14.13,1.5,0
Arezzo,2020,2,14,16.44,3.25,0
Arezzo,2020,2,15,15.72,1.34,0
Arezzo,2020,2,16,16.8,1.2,0
Arezzo,2020,2,17,14.04,2.42,0
Arezzo,2020,2,18,15.32,4.07,0
Arezzo,2020,2,19,14.22,1.01,0
Arezzo,2020,2,20,13.53,1.33,0
Arezzo,2020,2,21,15.52,0.35,0
Arezzo,2020,2,22,16.7,1.62,0
Arezzo,2020,2,23,15.49,1.8,0
Arezzo,2020,2,24,17.04,5.18,0
Arezzo,2020,2,25,15.75,5.5,0
Arezzo,2020,2,26,13.83,-0.11,7.8
Arezzo,2020,2,27,12,-0.4,9.1
Arezzo,2020,2,28,14.2,1.68,0
Arezzo,2020,2,29,12.85,2.79,0
Arezzo,2020,3,1,11.87,6.17,15.3
Arezzo,2020,3,2,12.74,4.18,33.2
Arezzo,2020,3,3,10.6,3.81,2.4
Arezzo,2020,3,4,10.35,0.88,0
Arezzo,2020,3,5,12.06,2.43,11
Arezzo,2020,3,6,14.33,2.71,7
Arezzo,2020,3,7,10.31,3.25,2.6
Arezzo,2020,3,8,12.07,1.03,0
Arezzo,2020,3,9,13.56,1.38,0
Arezzo,2020,3,10,16,3.09,0
Arezzo,2020,3,11,18.48,3.04,0
Arezzo,2020,3,12,14.07,4.91,0
Arezzo,2020,3,13,15.93,6.8,0
Arezzo,2020,3,14,14.45,4.98,0
Arezzo,2020,3,15,12.24,1.5,0
Arezzo,2020,3,16,15.02,1.24,0
Arezzo,2020,3,17,16.74,2.55,0
Arezzo,2020,3,18,17.29,3.87,0
Arezzo,2020,3,19,19.89,4.44,0
Arezzo,2020,3,20,19.78,3.93,0
Arezzo,2020,3,21,18.87,4.83,0
Arezzo,2020,3,22,14.46,1.65,0
Arezzo,2020,3,23,6.08,-0.45,0
Arezzo,2020,3,24,5.25,-2.29,0
Arezzo,2020,3,25,5.33,-1.4,5.6
Arezzo,2020,3,26,6.23,0.81,4
Arezzo,2020,3,27,10.44,3.56,0
Arezzo,2020,3,28,15.58,3.98,0
Arezzo,2020,3,29,18.11,3.89,0
Arezzo,2020,3,30,17.76,2.65,4.7
Arezzo,2020,3,31,7.14,0.3,1.4
Arezzo,2020,4,1,8.23,-1.22,0
Arezzo,2020,4,2,13.33,-1.99,0
Arezzo,2020,4,3,15.5,0.43,0
Arezzo,2020,4,4,16.92,2.86,0
Arezzo,2020,4,5,16.26,3.7,0
Arezzo,2020,4,6,18.97,3.55,0
Arezzo,2020,4,7,20,2.73,0
Arezzo,2020,4,8,20.54,2.23,0
Arezzo,2020,4,9,20.99,2.54,0
Arezzo,2020,4,10,22.9,3.67,0
Arezzo,2020,4,11,24.68,5.74,0
Arezzo,2020,4,12,23.31,5.87,0
Arezzo,2020,4,13,20.61,6.69,0
Arezzo,2020,4,14,19,4.96,0
Arezzo,2020,4,15,16.31,2.33,0
Arezzo,2020,4,16,20.41,1.92,0
Arezzo,2020,4,17,22.5,5.19,0
Arezzo,2020,4,18,22.43,8.35,0
Arezzo,2020,4,19,22.72,10.27,0
Arezzo,2020,4,20,14.96,10.79,17.7
Arezzo,2020,4,21,13.54,9.09,4.5
Arezzo,2020,4,22,14.68,6.76,0
Arezzo,2020,4,23,19.07,5.3,0
Arezzo,2020,4,24,22.16,4.8,0
Arezzo,2020,4,25,21.33,6.58,0
Arezzo,2020,4,26,22.29,7.75,0
Arezzo,2020,4,27,22.34,7.85,0
Arezzo,2020,4,28,17.71,9.8,16.3
Arezzo,2020,4,29,18.69,9.04,0
Arezzo,2020,4,30,19.68,9.51,0
Arezzo,2020,5,1,18.94,10.43,1.8
Arezzo,2020,5,2,23.54,10.77,0
Arezzo,2020,5,3,21.98,6.76,0
Arezzo,2020,5,4,23.69,5.63,0
Arezzo,2020,5,5,20.83,8.61,0
Arezzo,2020,5,6,22.04,6.34,0
Arezzo,2020,5,7,22.09,3.88,0
Arezzo,2020,5,8,24.12,5.28,0
Arezzo,2020,5,9,22.83,7.33,0
Arezzo,2020,5,10,24.04,10.38,0
Arezzo,2020,5,11,18.88,10.33,4.1
Arezzo,2020,5,12,21.13,10.75,3.4
Arezzo,2020,5,13,22.89,10.7,0
Arezzo,2020,5,14,26.57,12.03,0
Arezzo,2020,5,15,21.14,10.48,0
Arezzo,2020,5,16,19.56,9.41,0
Arezzo,2020,5,17,25.54,10.86,0
Arezzo,2020,5,18,21.42,10.45,2.5
Arezzo,2020,5,19,22.31,10.15,18.1
Arezzo,2020,5,20,17.9,9,9.8
Arezzo,2020,5,21,22.64,7.8,0
Arezzo,2020,5,22,25.73,8.24,0
Arezzo,2020,5,23,25.88,12.36,0
Arezzo,2020,5,24,24.28,10.36,0
Arezzo,2020,5,25,25.54,8.37,0
Arezzo,2020,5,26,22.49,7.66,0
Arezzo,2020,5,27,21.66,6.53,0
Arezzo,2020,5,28,23.65,5.51,0
Arezzo,2020,5,29,16.1,6.58,23.1
Arezzo,2020,5,30,20.88,5.25,0
Arezzo,2020,5,31,21.29,6.91,0
Arezzo,2020,6,1,22.74,6.77,0
Arezzo,2020,6,2,26.62,7.9,0
Arezzo,2020,6,3,25.83,8.88,0
Arezzo,2020,6,4,20.51,11.36,17.1
Arezzo,2020,6,5,22.03,12.44,1.8
Arezzo,2020,6,6,24.8,10,0
Arezzo,2020,6,7,24.05,11.11,0
Arezzo,2020,6,8,23.43,10.85,5.4
Arezzo,2020,6,9,23.86,9.76,2.3
Arezzo,2020,6,10,21.85,9.34,13.3
Arezzo,2020,6,11,20.17,9.31,0
Arezzo,2020,6,12,23.06,9.1,0
Arezzo,2020,6,13,25.3,8.89,5.5
Arezzo,2020,6,14,22.15,9.76,4.4
Arezzo,2020,6,15,23.18,10.42,9.7
Arezzo,2020,6,16,23.91,11.71,2.2
Arezzo,2020,6,17,24.44,11.32,0
Arezzo,2020,6,18,24.57,10.89,0
Arezzo,2020,6,19,25.25,9.88,0
Arezzo,2020,6,20,26.28,9.82,0
Arezzo,2020,6,21,27.37,11.32,3.9
Arezzo,2020,6,22,29.76,11.97,0
Arezzo,2020,6,23,30.03,11.75,0
Arezzo,2020,6,24,30.66,11.6,0
Arezzo,2020,6,25,29.17,12.68,0
Arezzo,2020,6,26,29.99,12.8,0
Arezzo,2020,6,27,30.41,13.33,0
Arezzo,2020,6,28,31.97,15.01,0
Arezzo,2020,6,29,30.8,15.46,0
Arezzo,2020,6,30,30.25,15.97,0
Arezzo,2020,7,1,30.61,15.68,0
Arezzo,2020,7,2,32.38,16.12,0
Arezzo,2020,7,3,31.25,15.18,2.1
Arezzo,2020,7,4,27.24,14.06,0
Arezzo,2020,7,5,29.21,12.23,0
Arezzo,2020,7,6,32.55,13.09,0
Arezzo,2020,7,7,25.8,10.78,0
Arezzo,2020,7,8,28.56,9.78,0
Arezzo,2020,7,9,32.44,12.39,0
Arezzo,2020,7,10,32.39,12.71,0
Arezzo,2020,7,11,31.83,13.62,0
Arezzo,2020,7,12,25.96,11.33,1.2
Arezzo,2020,7,13,25.9,9.69,0
Arezzo,2020,7,14,26.6,8.97,0
Arezzo,2020,7,15,28.64,10.62,5.4
Arezzo,2020,7,16,28.98,12.72,0
Arezzo,2020,7,17,26.62,12.79,3
Arezzo,2020,7,18,25.88,10.1,0
Arezzo,2020,7,19,28.64,9.44,0
Arezzo,2020,7,20,31.55,11.78,0
Arezzo,2020,7,21,32.75,13.66,0
Arezzo,2020,7,22,33.15,14.8,0
Arezzo,2020,7,23,30.83,13.15,0
Arezzo,2020,7,24,28.38,11.45,12
Arezzo,2020,7,25,28.02,11.4,0
Arezzo,2020,7,26,31.96,12.79,0
Arezzo,2020,7,27,32.69,13.83,0
Arezzo,2020,7,28,34.11,15.69,0
Arezzo,2020,7,29,34.71,16.37,0
Arezzo,2020,7,30,35.35,15.87,0
Arezzo,2020,7,31,36.63,16.55,0
Arezzo,2020,8,1,37.72,17.12,0
Arezzo,2020,8,2,34.56,16.64,0
Arezzo,2020,8,3,30.69,15.66,0
Arezzo,2020,8,4,24.72,11.75,15.2
Arezzo,2020,8,5,23.5,11.43,3.8
Arezzo,2020,8,6,26.34,12.09,0
Arezzo,2020,8,7,30.05,12.64,0
Arezzo,2020,8,8,30.99,13.36,0
Arezzo,2020,8,9,33.42,14.72,0
Arezzo,2020,8,10,34.36,15.31,0
Arezzo,2020,8,11,34.23,16.29,0
Arezzo,2020,8,12,34.04,16.58,0
Arezzo,2020,8,13,33.71,16,0
Arezzo,2020,8,14,33.21,16.2,0
Arezzo,2020,8,15,32.5,15.4,0
Arezzo,2020,8,16,33.39,14.75,0
Arezzo,2020,8,17,32.05,14.92,0
Arezzo,2020,8,18,29.31,14.62,0
Arezzo,2020,8,19,31.4,13.77,0
Arezzo,2020,8,20,33.22,14.35,0
Arezzo,2020,8,21,34.66,15.31,0
Arezzo,2020,8,22,34.76,16.21,0
Arezzo,2020,8,23,34.72,17.21,0
Arezzo,2020,8,24,30.51,14.98,0
Arezzo,2020,8,25,30.27,12.91,0
Arezzo,2020,8,26,32.19,13.63,0
Arezzo,2020,8,27,31.68,14.98,0
Arezzo,2020,8,28,32.1,15.83,0
Arezzo,2020,8,29,31.49,16.24,0
Arezzo,2020,8,30,26.18,14.61,13.7
Arezzo,2020,8,31,19.52,9.38,16.6
Arezzo,2020,9,1,24.92,9.09,0
Arezzo,2020,9,2,26.11,9.93,0
Arezzo,2020,9,3,26.06,10.44,0
Arezzo,2020,9,4,27.53,11.36,0
Arezzo,2020,9,5,29.17,11.93,0
Arezzo,2020,9,6,29,12.51,0
Arezzo,2020,9,7,30.21,13.18,0
Arezzo,2020,9,8,27.44,12.96,0
Arezzo,2020,9,9,30.9,12.65,0
Arezzo,2020,9,10,29.9,14.71,0
Arezzo,2020,9,11,28.54,14.64,0
Arezzo,2020,9,12,29.69,12.26,0
Arezzo,2020,9,13,30.24,12.36,0
Arezzo,2020,9,14,28.62,12.1,0
Arezzo,2020,9,15,29.03,12.15,0
Arezzo,2020,9,16,30.88,13.27,0
Arezzo,2020,9,17,29.37,13.6,0
Arezzo,2020,9,18,27.54,12.72,0
Arezzo,2020,9,19,27.81,11,0
Arezzo,2020,9,20,27,10.83,9.6
Arezzo,2020,9,21,26.45,11.77,10.2
Arezzo,2020,9,22,23.19,11.64,9.2
Arezzo,2020,9,23,22.24,12.71,6.8
Arezzo,2020,9,24,24.2,13.52,22.7
Arezzo,2020,9,25,22.73,8.4,13.4
Arezzo,2020,9,26,21.78,5.9,4.8
Arezzo,2020,9,27,11.82,5.46,17.5
Arezzo,2020,9,28,18.07,6.37,0
Arezzo,2020,9,29,20.09,6.34,0
Arezzo,2020,9,30,20.46,8.61,0
Arezzo,2020,10,1,20.31,10.08,0
Arezzo,2020,10,2,19.74,11.5,0
Arezzo,2020,10,3,19.15,9.13,16.8
Arezzo,2020,10,4,20.46,8.88,20.2
Arezzo,2020,10,5,20.12,8.41,5.8
Arezzo,2020,10,6,18.12,8.11,4.9
Arezzo,2020,10,7,21.61,7.38,8.3
Arezzo,2020,10,8,21.65,7,0
Arezzo,2020,10,9,22.13,6.23,0
Arezzo,2020,10,10,20.01,8.24,0
Arezzo,2020,10,11,17.68,6.35,15.8
Arezzo,2020,10,12,14.9,4.37,8.9
Arezzo,2020,10,13,17.3,2.93,0
Arezzo,2020,10,14,18.04,5.54,29.4
Arezzo,2020,10,15,15.83,6.51,13
Arezzo,2020,10,16,17.44,4.86,3.5
Arezzo,2020,10,17,18.42,3.17,0
Arezzo,2020,10,18,17.7,3.37,0
Arezzo,2020,10,19,18.51,3.3,0
Arezzo,2020,10,20,17.84,4.18,0
Arezzo,2020,10,21,18.43,5.25,0
Arezzo,2020,10,22,18.85,7.4,0
Arezzo,2020,10,23,16.79,9.57,4.9
Arezzo,2020,10,24,17.25,7.66,11
Arezzo,2020,10,25,16.88,7.23,0
Arezzo,2020,10,26,17.58,9.13,12.8
Arezzo,2020,10,27,16.52,4.27,0
Arezzo,2020,10,28,17.23,3.66,0
Arezzo,2020,10,29,17.16,5.03,0
Arezzo,2020,10,30,18.49,6,0
Arezzo,2020,10,31,18.83,5.6,0
Arezzo,2020,11,1,13.99,7.63,0
Arezzo,2020,11,2,13.37,8.22,0
Arezzo,2020,11,3,14.41,10.25,0
Arezzo,2020,11,4,18.15,9.93,0
Arezzo,2020,11,5,14.82,8.99,0
Arezzo,2020,11,6,15.95,5.91,0
Arezzo,2020,11,7,17.48,3.86,0
Arezzo,2020,11,8,18.6,5.98,0
Arezzo,2020,11,9,22.31,6.39,0
Arezzo,2020,11,10,21.04,6.43,0
Arezzo,2020,11,11,17.57,6.62,0
Arezzo,2020,11,12,14.25,8.03,0
Arezzo,2020,11,13,16.36,6.4,0
Arezzo,2020,11,14,12.85,5.47,2.3
Arezzo,2020,11,15,15.29,7.02,0
Arezzo,2020,11,16,15.62,8.23,25.1
Arezzo,2020,11,17,11.87,5.58,1.7
Arezzo,2020,11,18,13.7,3.25,0
Arezzo,2020,11,19,15.79,4.69,0
Arezzo,2020,11,20,11.11,3.05,18.7
Arezzo,2020,11,21,7.46,0.14,0
Arezzo,2020,11,22,8.05,-2.8,0
Arezzo,2020,11,23,13.19,-2.59,0
Arezzo,2020,11,24,9.58,-1.09,0
Arezzo,2020,11,25,13.87,-1.25,0
Arezzo,2020,11,26,15.08,0.42,0
Arezzo,2020,11,27,15.37,2.28,0
Arezzo,2020,11,28,10.7,3.08,0
Arezzo,2020,11,29,10.27,2.12,2.6
Arezzo,2020,11,30,8.63,-0.88,0
Arezzo,2020,12,1,6.57,-0.16,9.1
Arezzo,2020,12,2,9.54,1.36,19.9
Arezzo,2020,12,3,6.12,0.79,2.6
Arezzo,2020,12,4,11.44,2.05,13.7
Arezzo,2020,12,5,13.92,6.85,44
Arezzo,2020,12,6,9.99,1.5,16.4
Arezzo,2020,12,7,7.84,1.43,6.7
Arezzo,2020,12,8,9.71,4.03,23.9
Arezzo,2020,12,9,8.82,2.66,9.4
Arezzo,2020,12,10,7.09,2.66,5.8
Arezzo,2020,12,11,8.91,0.85,0
Arezzo,2020,12,12,9.01,1.38,0
Arezzo,2020,12,13,8.8,0.67,0
Arezzo,2020,12,14,11.13,1.47,0
Arezzo,2020,12,15,11.41,2.42,0
Arezzo,2020,12,16,11.14,3.33,0
Arezzo,2020,12,17,11.46,4.32,0
Arezzo,2020,12,18,11.87,3.4,0
Arezzo,2020,12,19,13.03,4.3,0
Arezzo,2020,12,20,15.03,3.09,0
Arezzo,2020,12,21,12.76,2.69,0
Arezzo,2020,12,22,9.78,4.97,0
Arezzo,2020,12,23,10.41,7.49,0
Arezzo,2020,12,24,11.66,7.9,3.8
Arezzo,2020,12,25,10.89,2.53,6.8
Arezzo,2020,12,26,5.19,0.54,11.4
Arezzo,2020,12,27,5.38,-1.9,0
Arezzo,2020,12,28,9.08,0.16,37.3
Arezzo,2020,12,29,9.78,1.39,14.4
Arezzo,2020,12,30,7.2,0.21,8.1
Arezzo,2020,12,31,6.53,-0.4,0
Arezzo,2021,1,1,8.88,1.19,11.7
Arezzo,2021,1,2,9.38,3.08,13.9
Arezzo,2021,1,3,8.83,2.14,4.1
Arezzo,2021,1,4,7.28,2.23,4.4
Arezzo,2021,1,5,6.66,1.37,11.2
Arezzo,2021,1,6,6.9,0.24,6.6
Arezzo,2021,1,7,6.88,0.38,0
Arezzo,2021,1,8,5.18,-0.64,0
Arezzo,2021,1,9,4.01,-1.51,1.8
Arezzo,2021,1,10,3.23,-0.21,14.1
Arezzo,2021,1,11,2.92,-2.69,0
Arezzo,2021,1,12,6.83,-4.49,0
Arezzo,2021,1,13,10.86,-2.04,0
Arezzo,2021,1,14,10.45,-0.55,0
Arezzo,2021,1,15,7.8,-0.38,0
Arezzo,2021,1,16,5.14,-3.04,0
Arezzo,2021,1,17,5.23,-3.47,0
Arezzo,2021,1,18,8.86,-4.84,0
Arezzo,2021,1,19,6.72,-2.17,0
Arezzo,2021,1,20,7.94,0.53,0
Arezzo,2021,1,21,10.4,5.71,1.5
Arezzo,2021,1,22,11.83,5.96,19.9
Arezzo,2021,1,23,11.24,3.23,12
Arezzo,2021,1,24,10.27,0.29,28.5
Arezzo,2021,1,25,9.15,-1.69,9.6
Arezzo,2021,1,26,8.43,-2.24,0
Arezzo,2021,1,27,8.43,-3.35,0
Arezzo,2021,1,28,8.78,-1.12,0
Arezzo,2021,1,29,11.24,3.05,0
Arezzo,2021,1,30,12.5,2.22,6.6
Arezzo,2021,1,31,10.4,3.89,4
Arezzo,2021,2,1,10.94,2.51,3.5
Arezzo,2021,2,2,13.86,2.26,0
Arezzo,2021,2,3,10.46,4.22,0
Arezzo,2021,2,4,11.63,5.63,0
Arezzo,2021,2,5,16.59,4.35,0
Arezzo,2021,2,6,18.56,3.78,0
Arezzo,2021,2,7,15.55,4.96,21
Arezzo,2021,2,8,11.8,2.23,9.6
Arezzo,2021,2,9,10.77,5.51,12.8
Arezzo,2021,2,10,14.33,4.13,19.2
Arezzo,2021,2,11,14.83,0.01,0
Arezzo,2021,2,12,5.33,-1.36,7.4
Arezzo,2021,2,13,1.99,-6.09,8.8
Arezzo,2021,2,14,2.38,-6.37,0
Arezzo,2021,2,15,7.85,-7.28,0
Arezzo,2021,2,16,5.2,-3.35,0
Arezzo,2021,2,17,9.27,1.42,0
Arezzo,2021,2,18,11.44,1.53,0
Arezzo,2021,2,19,11.32,1.73,0
Arezzo,2021,2,20,15.78,1.52,0
Arezzo,2021,2,21,19.12,0.97,0
Arezzo,2021,2,22,19.22,0.62,0
Arezzo,2021,2,23,20.44,0.79,0
Arezzo,2021,2,24,21.62,2.04,0
Arezzo,2021,2,25,22.12,2.66,0
Arezzo,2021,2,26,20.75,2.99,0
Arezzo,2021,2,27,18.09,2.53,0
Arezzo,2021,2,28,12.12,-0.08,0
Arezzo,2021,3,1,14.22,-3.47,0
Arezzo,2021,3,2,15.68,-1.53,0
Arezzo,2021,3,3,18.41,-2.62,0
Arezzo,2021,3,4,13.77,-0.74,0
Arezzo,2021,3,5,14.11,2.15,0
Arezzo,2021,3,6,10.48,-1.57,3.5
Arezzo,2021,3,7,12.31,-2.91,0
Arezzo,2021,3,8,12.65,0.55,0
Arezzo,2021,3,9,9.59,0.51,2.6
Arezzo,2021,3,10,11.83,-1.59,0
Arezzo,2021,3,11,13.64,-0.58,0
Arezzo,2021,3,12,14.03,5.21,0
Arezzo,2021,3,13,15.84,2.38,0
Arezzo,2021,3,14,12.62,-0.24,5.3
Arezzo,2021,3,15,15.76,-2.19,0
Arezzo,2021,3,16,16.63,-0.32,0
Arezzo,2021,3,17,15.39,-3.34,0
Arezzo,2021,3,18,11.23,-3.49,0
Arezzo,2021,3,19,10.4,-3.66,0
Arezzo,2021,3,20,10.57,-1.7,0
Arezzo,2021,3,21,8.4,-1.79,0
Arezzo,2021,3,22,13.24,-2.68,0
Arezzo,2021,3,23,10.73,-1.67,0
Arezzo,2021,3,24,17.12,-2.58,0
Arezzo,2021,3,25,19.42,-0.29,0
Arezzo,2021,3,26,16.11,0.04,0
Arezzo,2021,3,27,16.34,4.58,0
Arezzo,2021,3,28,19.91,2.89,0
Arezzo,2021,3,29,22.18,1.65,0
Arezzo,2021,3,30,22.78,2.12,0
Arezzo,2021,3,31,24.84,3.67,0
Arezzo,2021,4,1,24.93,5.22,0
Arezzo,2021,4,2,22.23,6.28,0
Arezzo,2021,4,3,19.3,3.83,0
Arezzo,2021,4,4,13.67,0.1,0
Arezzo,2021,4,5,15.85,-0.96,0
Arezzo,2021,4,6,14.56,-0.21,5.4
Arezzo,2021,4,7,10.54,-3.13,0
Arezzo,2021,4,8,14.71,-4.75,0
Arezzo,2021,4,9,16.24,-0.13,0
Arezzo,2021,4,10,10.76,3.26,2.7
Arezzo,2021,4,11,11.68,5.64,7.4
Arezzo,2021,4,12,12.75,6.1,20.2
Arezzo,2021,4,13,11.91,1.64,6.1
Arezzo,2021,4,14,12.83,-1.17,0
Arezzo,2021,4,15,12.73,-1.71,0
Arezzo,2021,4,16,14.89,-0.95,0
Arezzo,2021,4,17,15.24,0,0
Arezzo,2021,4,18,14.75,0.75,0
Arezzo,2021,4,19,15.22,0.97,0
Arezzo,2021,4,20,17.84,0.06,0
Arezzo,2021,4,21,19.35,1.53,0
Arezzo,2021,4,22,16.56,4.3,0
Arezzo,2021,4,23,18.69,3.05,0
Arezzo,2021,4,24,20.9,1.69,0
Arezzo,2021,4,25,24.12,3.07,0
Arezzo,2021,4,26,21.21,6.28,2.5
Arezzo,2021,4,27,12.84,6.33,9.6
Arezzo,2021,4,28,16.78,6.82,9.6
Arezzo,2021,4,29,15.42,9.16,0
Arezzo,2021,4,30,22.69,8.68,0
Arezzo,2021,5,1,21.25,9.25,12.4
Arezzo,2021,5,2,20.04,7.31,0
Arezzo,2021,5,3,20.76,5.51,0
Arezzo,2021,5,4,17.65,4.55,0
Arezzo,2021,5,5,18.43,7.55,0
Arezzo,2021,5,6,21.63,7.78,0
Arezzo,2021,5,7,20.07,8.2,0
Arezzo,2021,5,8,21.44,7.62,0
Arezzo,2021,5,9,24.96,7.86,0
Arezzo,2021,5,10,24.85,10.45,0
Arezzo,2021,5,11,21.66,8.56,9.2
Arezzo,2021,5,12,17.54,8.17,0
Arezzo,2021,5,13,18.9,7.28,0
Arezzo,2021,5,14,18.37,6.23,2.6
Arezzo,2021,5,15,19.76,5.76,0
Arezzo,2021,5,16,15.72,10.21,0
Arezzo,2021,5,17,21.56,8.14,0
Arezzo,2021,5,18,22.44,6.08,0
Arezzo,2021,5,19,20.83,6,11.5
Arezzo,2021,5,20,21.6,4.69,0
Arezzo,2021,5,21,22.33,6.53,0
Arezzo,2021,5,22,20.32,8.67,0
Arezzo,2021,5,23,23.77,11.02,0
Arezzo,2021,5,24,21.83,11.01,8
Arezzo,2021,5,25,21.85,8.7,0
Arezzo,2021,5,26,23.66,6.23,0
Arezzo,2021,5,27,24.53,7.49,0
Arezzo,2021,5,28,25.75,7.54,0
Arezzo,2021,5,29,28.09,9.56,0
Arezzo,2021,5,30,22.88,7.93,0
Arezzo,2021,5,31,22.79,6.63,0
Arezzo,2021,6,1,25.65,4.72,0
Arezzo,2021,6,2,26.15,8,0
Arezzo,2021,6,3,28.24,9.44,0
Arezzo,2021,6,4,28.77,8.08,0
Arezzo,2021,6,5,25.6,12.49,0
Arezzo,2021,6,6,27.51,11.56,0
Arezzo,2021,6,7,26.09,11.65,2.7
Arezzo,2021,6,8,24.5,11.16,12
Arezzo,2021,6,9,28.29,9.51,0
Arezzo,2021,6,10,28.7,10.24,0
Arezzo,2021,6,11,27.81,9.74,0
Arezzo,2021,6,12,29.2,10.27,0
Arezzo,2021,6,13,31.77,14.01,0
Arezzo,2021,6,14,29.95,13.58,0
Arezzo,2021,6,15,29.16,11.05,0
Arezzo,2021,6,16,29.3,12.39,0
Arezzo,2021,6,17,30.55,13.71,0
Arezzo,2021,6,18,29.54,12.87,0
Arezzo,2021,6,19,29.27,13.84,0
Arezzo,2021,6,20,31.88,16.11,0
Arezzo,2021,6,21,31.08,15.95,0
Arezzo,2021,6,22,32.45,16.22,0
Arezzo,2021,6,23,34.07,15.22,0
Arezzo,2021,6,24,31.78,14.01,0
Arezzo,2021,6,25,29.98,12.94,0
Arezzo,2021,6,26,32.68,12.38,0
Arezzo,2021,6,27,33.49,12.82,0
Arezzo,2021,6,28,35.38,13.94,0
Arezzo,2021,6,29,33.08,13.35,0
Arezzo,2021,6,30,29.21,14.01,0
Arezzo,2021,7,1,29.62,11.59,0
Arezzo,2021,7,2,30.26,11.97,0
Arezzo,2021,7,3,32.06,12.77,0
Arezzo,2021,7,4,28.69,14.03,0
Arezzo,2021,7,5,31.51,12.57,0
Arezzo,2021,7,6,34.38,13.7,0
Arezzo,2021,7,7,34.67,17.02,0
Arezzo,2021,7,8,34.22,15.7,0
Arezzo,2021,7,9,31.76,13.36,0
Arezzo,2021,7,10,32.88,13.11,0
Arezzo,2021,7,11,31.28,13.92,0
Arezzo,2021,7,12,32.58,13.54,0
Arezzo,2021,7,13,30.41,13.05,6.3
Arezzo,2021,7,14,27.12,12.51,0
Arezzo,2021,7,15,28.72,12.22,0
Arezzo,2021,7,16,24.85,13.02,7.4
Arezzo,2021,7,17,23.97,12.56,5.7
Arezzo,2021,7,18,28.69,14.39,0
Arezzo,2021,7,19,29.51,15.22,0
Arezzo,2021,7,20,33.85,13.93,0
Arezzo,2021,7,21,34.43,14.47,0
Arezzo,2021,7,22,34.23,14.38,0
Arezzo,2021,7,23,32.85,13.71,0
Arezzo,2021,7,24,33.2,14.08,0
Arezzo,2021,7,25,32.29,17.14,0
Arezzo,2021,7,26,31.33,16.36,0
Arezzo,2021,7,27,31.93,15.05,0
Arezzo,2021,7,28,33.38,15.99,0
Arezzo,2021,7,29,34.67,16.02,0
Arezzo,2021,7,30,35.3,16.31,0
Arezzo,2021,7,31,36.06,17.01,0
Arezzo,2021,8,1,31.06,15.39,6.8
Arezzo,2021,8,2,29.28,13.19,0
Arezzo,2021,8,3,30.33,13.06,0
Arezzo,2021,8,4,31.07,13.93,0
Arezzo,2021,8,5,27.18,13.88,0
Arezzo,2021,8,6,29.91,13.53,0
Arezzo,2021,8,7,32.57,15.19,0
Arezzo,2021,8,8,32.76,17.68,0
Arezzo,2021,8,9,33.72,15.5,0
Arezzo,2021,8,10,33.61,16.02,0
Arezzo,2021,8,11,35.52,15.9,0
Arezzo,2021,8,12,37.04,16.1,0
Arezzo,2021,8,13,37.11,17.06,0
Arezzo,2021,8,14,37.86,16.82,0
Arezzo,2021,8,15,37.83,17.67,0
Arezzo,2021,8,16,35.47,18.6,0
Arezzo,2021,8,17,32.37,16.04,0
Arezzo,2021,8,18,30.59,14.61,0
Arezzo,2021,8,19,31.77,13.52,0
Arezzo,2021,8,20,31.44,12.94,0
Arezzo,2021,8,21,32.57,12.66,0
Arezzo,2021,8,22,34.23,14.98,0
Arezzo,2021,8,23,30.6,15.02,0
Arezzo,2021,8,24,27.97,13.28,0
Arezzo,2021,8,25,26.99,13.07,0
Arezzo,2021,8,26,30.02,11.62,0
Arezzo,2021,8,27,27.19,12.46,1.7
Arezzo,2021,8,28,22.66,9.74,10.3
Arezzo,2021,8,29,25.36,8.57,0
Arezzo,2021,8,30,27.75,8.63,0
Arezzo,2021,8,31,26.73,9.76,5.5
Arezzo,2021,9,1,28.62,9.27,0
Arezzo,2021,9,2,28.49,9.39,0
Arezzo,2021,9,3,28.67,9.04,0
Arezzo,2021,9,4,26.47,9.93,1.3
Arezzo,2021,9,5,28.47,7.83,0
Arezzo,2021,9,6,28.48,8.15,0
Arezzo,2021,9,7,28.86,8.39,0
Arezzo,2021,9,8,28.14,7.84,0
Arezzo,2021,9,9,29.66,8.56,0
Arezzo,2021,9,10,28.98,10.9,0
Arezzo,2021,9,11,29.93,11.8,0
Arezzo,2021,9,12,30.4,9.44,0
Arezzo,2021,9,13,31.25,9.22,0
Arezzo,2021,9,14,30.55,11.05,0
Arezzo,2021,9,15,28.24,14.34,0
Arezzo,2021,9,16,25.42,15.96,0
Arezzo,2021,9,17,26.7,14.73,1.9
Arezzo,2021,9,18,27.62,13.48,0
Arezzo,2021,9,19,24.95,11.63,9.3
Arezzo,2021,9,20,25.43,11.05,1.8
Arezzo,2021,9,21,23.4,8.07,0
Arezzo,2021,9,22,23.68,7.6,0
Arezzo,2021,9,23,24.64,6.5,0
Arezzo,2021,9,24,25.4,8.67,0
Arezzo,2021,9,25,27.31,9.54,0
Arezzo,2021,9,26,24.29,11.2,10.1
Arezzo,2021,9,27,25.9,13.4,0
Arezzo,2021,9,28,27.04,10.55,0
Arezzo,2021,9,29,27.75,10.71,0
Arezzo,2021,9,30,25.27,10.08,0
Arezzo,2021,10,1,24.02,10.3,0
Arezzo,2021,10,2,24.79,10.27,0
Arezzo,2021,10,3,23.83,12.53,0
Arezzo,2021,10,4,24.46,13.24,18.2
Arezzo,2021,10,5,21.01,12.95,5
Arezzo,2021,10,6,21.37,10.22,17.9
Arezzo,2021,10,7,15.52,8.95,40.7
Arezzo,2021,10,8,16.81,8.93,7.7
Arezzo,2021,10,9,15.27,7.07,4.4
Arezzo,2021,10,10,12.67,5.33,0
Arezzo,2021,10,11,13,5,3.3
Arezzo,2021,10,12,18.25,4.29,0
Arezzo,2021,10,13,17.81,4.3,2.5
Arezzo,2021,10,14,13.88,3.85,0
Arezzo,2021,10,15,15.69,2.46,0
Arezzo,2021,10,16,16.96,3.49,0
Arezzo,2021,10,17,18.32,4.11,0
Arezzo,2021,10,18,18.41,3.19,0
Arezzo,2021,10,19,21.13,4.13,0
Arezzo,2021,10,20,18.55,6.81,0
Arezzo,2021,10,21,18.74,9.51,0
Arezzo,2021,10,22,18.25,10.4,8.2
Arezzo,2021,10,23,17.75,8.75,0
Arezzo,2021,10,24,16.27,5.07,0
Arezzo,2021,10,25,15.27,3.86,0
Arezzo,2021,10,26,13.82,5.72,0
Arezzo,2021,10,27,16.48,3.97,0
Arezzo,2021,10,28,18.57,3.69,0
Arezzo,2021,10,29,18.55,3.47,0
Arezzo,2021,10,30,18.38,4.04,0
Arezzo,2021,10,31,17.1,6.31,0
Arezzo,2021,11,1,16.5,10.79,22.8
Arezzo,2021,11,2,15.75,9.16,0
Arezzo,2021,11,3,16.52,9.44,7.4
Arezzo,2021,11,4,16.23,6.03,5.6
Arezzo,2021,11,5,14.7,5.35,0
Arezzo,2021,11,6,13.05,5.77,11
Arezzo,2021,11,7,12.74,6.55,6.7
Arezzo,2021,11,8,14.44,7.26,5.4
Arezzo,2021,11,9,11.73,7.16,1.8
Arezzo,2021,11,10,15.06,7.2,0
Arezzo,2021,11,11,13.97,6.98,0
Arezzo,2021,11,12,15.82,6.79,0
Arezzo,2021,11,13,15.17,6.61,0
Arezzo,2021,11,14,15.33,8.53,6.3
Arezzo,2021,11,15,16.4,8.99,8.7
Arezzo,2021,11,16,12.11,6.48,10.6
Arezzo,2021,11,17,12.86,6.71,0
Arezzo,2021,11,18,13.24,6.13,0
Arezzo,2021,11,19,14.59,5.82,0
Arezzo,2021,11,20,16.27,4.63,0
Arezzo,2021,11,21,12.02,4.96,0
Arezzo,2021,11,22,12.79,7.16,2.9
Arezzo,2021,11,23,11.47,5.58,0
Arezzo,2021,11,24,10.78,3.05,0
Arezzo,2021,11,25,11.24,3.57,14.3
Arezzo,2021,11,26,10.51,5.57,6.5
Arezzo,2021,11,27,12.79,4.88,7.5
Arezzo,2021,11,28,10.56,1.03,8.8
Arezzo,2021,11,29,5.49,-1.12,4.1
Arezzo,2021,11,30,8.99,-3.38,0
Arezzo,2021,12,1,11.25,-0.84,0
Arezzo,2021,12,2,11.92,2.39,15
Arezzo,2021,12,3,7.28,0.6,13
Arezzo,2021,12,4,10.7,-1.11,7.4
Arezzo,2021,12,5,11.62,-0.21,8.4
Arezzo,2021,12,6,6.44,-1.81,0
Arezzo,2021,12,7,8.15,-3.43,0
Arezzo,2021,12,8,9.63,-1.29,21.6
Arezzo,2021,12,9,6.78,-0.41,20.5
Arezzo,2021,12,10,4.44,-2.06,5.9
Arezzo,2021,12,11,6.54,-0.41,7.9
Arezzo,2021,12,12,7.71,-2.83,0
Arezzo,2021,12,13,10.69,-2.63,0
Arezzo,2021,12,14,10.3,-1.26,0
Arezzo,2021,12,15,9.36,-1,0
Arezzo,2021,12,16,8.98,-1.04,0
Arezzo,2021,12,17,10.43,-1.75,0
Arezzo,2021,12,18,7.7,-1.35,0
Arezzo,2021,12,19,11.07,-2.76,0
Arezzo,2021,12,20,8.57,-1.1,0
Arezzo,2021,12,21,7.56,0.27,0
Arezzo,2021,12,22,6.76,-0.4,0
Arezzo,2021,12,23,7.93,-0.83,0
Arezzo,2021,12,24,10.13,4.01,9
Arezzo,2021,12,25,10.98,6.75,27.2
Arezzo,2021,12,26,11.62,3.56,21.8
Arezzo,2021,12,27,10.59,4.97,7.3
Arezzo,2021,12,28,11.18,4.17,3.4
Arezzo,2021,12,29,13.43,4.92,0
Arezzo,2021,12,30,15.21,4.69,0
Arezzo,2021,12,31,17.2,3.94,0
