site,year,month,day,tmax,tmin,prec
Atripalda,2007,1,1,13.95,9.41,0
Atripalda,2007,1,2,13.74,7.01,7.8
Atripalda,2007,1,3,8.99,3.91,0
Atripalda,2007,1,4,11.12,3.21,0
Atripalda,2007,1,5,12,7.19,2.2
Atripalda,2007,1,6,13.45,6.98,0
Atripalda,2007,1,7,11.51,6.67,0
Atripalda,2007,1,8,12.89,7.92,2.6
Atripalda,2007,1,9,15.13,7.44,0
Atripalda,2007,1,10,15.42,6.55,0
Atripalda,2007,1,11,13.07,8.1,0
Atripalda,2007,1,12,16.05,9.51,0
Atripalda,2007,1,13,17.97,7.53,0
Atripalda,2007,1,14,16.18,7.55,0
Atripalda,2007,1,15,14.56,6.84,0
Atripalda,2007,1,16,12.89,6,0
Atripalda,2007,1,17,14.38,9.69,0
Atripalda,2007,1,18,15.96,10.59,0
Atripalda,2007,1,19,15.68,11.2,0
Atripalda,2007,1,20,18.02,10.18,0
Atripalda,2007,1,21,16.01,11.12,0
Atripalda,2007,1,22,17.38,10.09,0
Atripalda,2007,1,23,13.51,8.89,7.7
Atripalda,2007,1,24,10.17,6.37,14.5
Atripalda,2007,1,25,9.9,4.39,6.6
Atripalda,2007,1,26,9.48,4.15,0
Atripalda,2007,1,27,10.14,3.19,0
Atripalda,2007,1,28,10.41,1.21,0
Atripalda,2007,1,29,11.11,3.99,0
Atripalda,2007,1,30,14.31,5.14,0
Atripalda,2007,1,31,15.27,5.44,0
Atripalda,2007,2,1,13.65,6.05,0
Atripalda,2007,2,2,12.94,5.51,0
Atripalda,2007,2,3,12.92,4.46,0
Atripalda,2007,2,4,11.05,4.23,0
Atripalda,2007,2,5,12.01,2.35,0
Atripalda,2007,2,6,12.01,3.47,0
Atripalda,2007,2,7,14.06,6.8,5.9
Atripalda,2007,2,8,14.11,8.11,4.9
Atripalda,2007,2,9,12.57,8.77,10.9
Atripalda,2007,2,10,12.86,9.25,10.4
Atripalda,2007,2,11,14.67,9.35,2.7
Atripalda,2007,2,12,13.85,7.57,7.6
Atripalda,2007,2,13,13.72,7.85,9.7
Atripalda,2007,2,14,15.34,5.52,0
Atripalda,2007,2,15,13.85,7.2,14
Atripalda,2007,2,16,14.2,6.91,0
Atripalda,2007,2,17,14.34,5.89,0
Atripalda,2007,2,18,12.61,5.23,5.6
Atripalda,2007,2,19,14.76,8.65,6.3
Atripalda,2007,2,20,13.27,10.22,5.5
Atripalda,2007,2,21,15.25,8.26,2.3
Atripalda,2007,2,22,15.2,7.62,0
Atripalda,2007,2,23,15.6,7.52,0
Atripalda,2007,2,24,15.82,7.18,0
Atripalda,2007,2,25,15.04,7.36,0.6
Atripalda,2007,2,26,14.95,7.63,6.9
Atripalda,2007,2,27,14.69,5.25,0
Atripalda,2007,2,28,14.1,5.78,0
Atripalda,2007,3,1,16.08,11.66,0
Atripalda,2007,3,2,15.09,11.44,0
Atripalda,2007,3,3,15.72,9.94,0
Atripalda,2007,3,4,18.72,10.08,0
Atripalda,2007,3,5,17.73,8.13,0
Atripalda,2007,3,6,18.36,8.31,0
Atripalda,2007,3,7,13.76,8.88,7.9
Atripalda,2007,3,8,16.2,8.29,4.8
Atripalda,2007,3,9,16.16,9.47,0
Atripalda,2007,3,10,11.83,9.31,0
Atripalda,2007,3,11,13.96,10.31,0
Atripalda,2007,3,12,16.16,9.2,0
Atripalda,2007,3,13,16.79,7.77,0
Atripalda,2007,3,14,17.23,8.71,0
Atripalda,2007,3,15,18,8.64,0
Atripalda,2007,3,16,17.62,8.54,0
Atripalda,2007,3,17,17.1,7.99,0
Atripalda,2007,3,18,17.25,8.27,0
Atripalda,2007,3,19,13.32,8.3,9.1
Atripalda,2007,3,20,11.47,4.26,17.5
Atripalda,2007,3,21,7.88,2.8,9.5
Atripalda,2007,3,22,10.09,4.15,7.6
Atripalda,2007,3,23,12.13,3.18,0
Atripalda,2007,3,24,10.31,4.58,11.8
Atripalda,2007,3,25,12.91,5.68,14.5
Atripalda,2007,3,26,14.39,5.83,0
Atripalda,2007,3,27,13.24,7.55,6
Atripalda,2007,3,28,14.26,6.5,0
Atripalda,2007,3,29,14.49,10.18,0
Atripalda,2007,3,30,14.36,8.1,3.6
Atripalda,2007,3,31,15.85,7.08,0
Atripalda,2007,4,1,17.59,6.97,0
Atripalda,2007,4,2,18.37,9.64,0
Atripalda,2007,4,3,16.69,9.1,2.7
Atripalda,2007,4,4,12.17,8.92,12.3
Atripalda,2007,4,5,14.87,8.84,0
Atripalda,2007,4,6,17.68,8.14,0
Atripalda,2007,4,7,17,9.07,0
Atripalda,2007,4,8,17.27,9.28,0
Atripalda,2007,4,9,18.18,9.04,0
Atripalda,2007,4,10,18.61,8.75,0
Atripalda,2007,4,11,20.47,11.39,0
Atripalda,2007,4,12,22.5,11.76,0
Atripalda,2007,4,13,22.85,11.83,0
Atripalda,2007,4,14,17.72,11.85,3
Atripalda,2007,4,15,21.21,12.63,0
Atripalda,2007,4,16,21.24,12.99,0
Atripalda,2007,4,17,19.63,10.83,0
Atripalda,2007,4,18,17.93,9.3,0
Atripalda,2007,4,19,21.88,10.45,0
Atripalda,2007,4,20,22.01,11.41,0
Atripalda,2007,4,21,23.93,11.61,0
Atripalda,2007,4,22,23.04,13.34,0
Atripalda,2007,4,23,23.1,13.19,0
Atripalda,2007,4,24,22.38,13.66,0
Atripalda,2007,4,25,22.02,13.34,3.6
Atripalda,2007,4,26,19.59,11.73,0
Atripalda,2007,4,27,19.52,12.82,0
Atripalda,2007,4,28,20.26,11.53,0
Atripalda,2007,4,29,20.61,12.2,0
Atripalda,2007,4,30,18.17,12.61,2.9
Atripalda,2007,5,1,18.74,11.79,10
Atripalda,2007,5,2,20.31,12.63,3.7
Atripalda,2007,5,3,19.19,13.1,17
Atripalda,2007,5,4,21.9,13.63,6.3
Atripalda,2007,5,5,19.73,13.02,0
Atripalda,2007,5,6,19.27,12.32,0
Atripalda,2007,5,7,18.88,11.97,0
Atripalda,2007,5,8,21.33,11.4,0
Atripalda,2007,5,9,21.35,13.45,0
Atripalda,2007,5,10,23.6,14,0
Atripalda,2007,5,11,23.55,13.95,0
Atripalda,2007,5,12,23.01,15.02,0
Atripalda,2007,5,13,25.82,15.51,0
Atripalda,2007,5,14,25.97,15.31,0
Atripalda,2007,5,15,24.28,14.98,0
Atripalda,2007,5,16,19.51,12.75,0
Atripalda,2007,5,17,18.91,11.38,7.8
Atripalda,2007,5,18,19.54,11.84,4.6
Atripalda,2007,5,19,20.52,12.21,0
Atripalda,2007,5,20,21.74,12.21,0
Atripalda,2007,5,21,23.93,13.66,0
Atripalda,2007,5,22,25.79,15.65,0
Atripalda,2007,5,23,26.16,17.48,0
Atripalda,2007,5,24,27.09,17.41,0
Atripalda,2007,5,25,26.47,17.25,0
Atripalda,2007,5,26,26.22,17.41,0
Atripalda,2007,5,27,25.19,16.75,3.3
Atripalda,2007,5,28,21.76,13.67,12
Atripalda,2007,5,29,16.03,11.24,9.1
Atripalda,2007,5,30,16.33,10.74,3.4
Atripalda,2007,5,31,20.47,11.52,0
Atripalda,2007,6,1,21.97,12.57,0
Atripalda,2007,6,2,21.8,13.26,0
Atripalda,2007,6,3,19.59,14.03,8
Atripalda,2007,6,4,23.15,14.1,3.5
Atripalda,2007,6,5,22.63,14.83,0
Atripalda,2007,6,6,23.48,14.18,0
Atripalda,2007,6,7,25.93,13.43,0
Atripalda,2007,6,8,23.42,14.95,6
Atripalda,2007,6,9,24.57,14.11,0
Atripalda,2007,6,10,25.25,16.09,0
Atripalda,2007,6,11,25.06,16.46,0
Atripalda,2007,6,12,24.45,16.95,0
Atripalda,2007,6,13,25.79,16.81,0
Atripalda,2007,6,14,25.96,16.85,0
Atripalda,2007,6,15,26.24,17.92,0
Atripalda,2007,6,16,26.54,18.7,0
Atripalda,2007,6,17,25.94,18.17,0
Atripalda,2007,6,18,29.29,17.53,0
Atripalda,2007,6,19,32.11,19.58,0
Atripalda,2007,6,20,31.97,20.11,0
Atripalda,2007,6,21,29.78,19.09,0
Atripalda,2007,6,22,31.43,19.04,0
Atripalda,2007,6,23,30.77,20.64,0
Atripalda,2007,6,24,32.84,20.33,0
Atripalda,2007,6,25,34.98,22.85,0
Atripalda,2007,6,26,33.82,21.65,0
Atripalda,2007,6,27,25.6,18.05,0
Atripalda,2007,6,28,25.43,16.53,0
Atripalda,2007,6,29,26.68,15.39,0
Atripalda,2007,6,30,27.62,15.92,0
Atripalda,2007,7,1,27.55,17.45,0
Atripalda,2007,7,2,28.67,17.45,0
Atripalda,2007,7,3,27.13,18.51,0
Atripalda,2007,7,4,26.53,17.58,0
Atripalda,2007,7,5,26.1,15.61,0
Atripalda,2007,7,6,26.12,15.57,0
Atripalda,2007,7,7,27.67,15.95,0
Atripalda,2007,7,8,28.62,16.85,0
Atripalda,2007,7,9,28.76,17.28,0
Atripalda,2007,7,10,27.81,17.75,0
Atripalda,2007,7,11,24.44,16.13,0
Atripalda,2007,7,12,25.3,14.75,0
Atripalda,2007,7,13,27.76,16.37,0
Atripalda,2007,7,14,29.28,17.04,0
Atripalda,2007,7,15,31.49,18.94,0
Atripalda,2007,7,16,30.93,19.42,0
Atripalda,2007,7,17,32.34,21.68,0
Atripalda,2007,7,18,33.7,21.46,0
Atripalda,2007,7,19,33.49,22.41,0
Atripalda,2007,7,20,34.26,21.36,0
Atripalda,2007,7,21,33.39,21.84,0
Atripalda,2007,7,22,34.41,22.51,0
Atripalda,2007,7,23,34.76,23.65,0
Atripalda,2007,7,24,35.57,23.08,0
Atripalda,2007,7,25,31.92,21.03,0
Atripalda,2007,7,26,30.65,20.58,0
Atripalda,2007,7,27,31.13,21.32,0
Atripalda,2007,7,28,31.71,21.61,0
Atripalda,2007,7,29,30.83,20.69,0
Atripalda,2007,7,30,29.35,18.9,0
Atripalda,2007,7,31,28.89,20.35,0
Atripalda,2007,8,1,28.65,18.65,0
Atripalda,2007,8,2,29.74,18.88,0
Atripalda,2007,8,3,30.35,19.21,0
Atripalda,2007,8,4,29.16,19.47,0
Atripalda,2007,8,5,28.4,18.76,0
Atripalda,2007,8,6,28.52,16.91,0
Atripalda,2007,8,7,27.84,17.77,0
Atripalda,2007,8,8,30.12,18.74,0
Atripalda,2007,8,9,28.22,18.67,0
Atripalda,2007,8,10,26.32,15.78,4.8
Atripalda,2007,8,11,24.56,15.81,0
Atripalda,2007,8,12,26.61,17.02,0
Atripalda,2007,8,13,28.03,17.26,0
Atripalda,2007,8,14,29.75,18.49,0
Atripalda,2007,8,15,29.42,18.83,0
Atripalda,2007,8,16,30.04,18.88,0
Atripalda,2007,8,17,30.64,19.41,0
Atripalda,2007,8,18,29.66,19.13,0
Atripalda,2007,8,19,28.01,17.48,0
Atripalda,2007,8,20,28.39,17.25,0
Atripalda,2007,8,21,30.9,18.84,0
Atripalda,2007,8,22,33.71,20.93,0
Atripalda,2007,8,23,33.84,23.46,0
Atripalda,2007,8,24,33.77,22.14,0
Atripalda,2007,8,25,33.69,22.73,0
Atripalda,2007,8,26,34,23.52,0
Atripalda,2007,8,27,32.99,21.37,0
Atripalda,2007,8,28,31.91,20.11,0
Atripalda,2007,8,29,32.15,20.3,0
Atripalda,2007,8,30,33.58,22.52,0
Atripalda,2007,8,31,30.54,20.25,0
Atripalda,2007,9,1,26.96,18.88,0
Atripalda,2007,9,2,27.93,18.66,0
Atripalda,2007,9,3,27.06,17.65,0
Atripalda,2007,9,4,26.05,15.78,10.4
Atripalda,2007,9,5,21.73,11.82,7.7
Atripalda,2007,9,6,20.51,9.58,0
Atripalda,2007,9,7,20.94,10.18,2.1
Atripalda,2007,9,8,24.12,13.24,0
Atripalda,2007,9,9,25.02,14.89,0
Atripalda,2007,9,10,25.65,15.19,0
Atripalda,2007,9,11,26.03,15.22,0
Atripalda,2007,9,12,25.6,16.34,0
Atripalda,2007,9,13,25.52,13.88,0
Atripalda,2007,9,14,25.79,15.02,0
Atripalda,2007,9,15,28.31,16.21,0
Atripalda,2007,9,16,27.83,17.08,0
Atripalda,2007,9,17,28.1,18.22,0
Atripalda,2007,9,18,28.46,19.33,0
Atripalda,2007,9,19,25.25,17.51,0
Atripalda,2007,9,20,23.66,15.13,0
Atripalda,2007,9,21,24.18,12.91,0
Atripalda,2007,9,22,24.92,12.22,0
Atripalda,2007,9,23,25.2,14.08,0
Atripalda,2007,9,24,24.38,14.13,0
Atripalda,2007,9,25,22.13,14.27,5.2
Atripalda,2007,9,26,23.23,14.18,6
Atripalda,2007,9,27,20.81,13.1,10.2
Atripalda,2007,9,28,21.63,13.85,0
Atripalda,2007,9,29,20.96,11.82,0
Atripalda,2007,9,30,24.82,12.89,0
Atripalda,2007,10,1,25.82,14.06,0
Atripalda,2007,10,2,26.72,14.29,0
Atripalda,2007,10,3,26.16,14.4,0
Atripalda,2007,10,4,26.87,15.03,0
Atripalda,2007,10,5,26.56,16.44,0
Atripalda,2007,10,6,26.75,15.98,10.4
Atripalda,2007,10,7,22.64,15.39,27.7
Atripalda,2007,10,8,23.82,16.19,0
Atripalda,2007,10,9,22.56,14.6,0
Atripalda,2007,10,10,19.38,15.38,4.2
Atripalda,2007,10,11,21.66,14.19,0
Atripalda,2007,10,12,21.47,12.41,0
Atripalda,2007,10,13,22.86,13.06,0
Atripalda,2007,10,14,20.22,10.84,0
Atripalda,2007,10,15,21.28,8.62,0
Atripalda,2007,10,16,20.97,10.14,0
Atripalda,2007,10,17,22.08,11.54,0
Atripalda,2007,10,18,20.76,12.76,0
Atripalda,2007,10,19,17.19,10.49,0
Atripalda,2007,10,20,13.86,7.96,0
Atripalda,2007,10,21,10.99,7.3,0
Atripalda,2007,10,22,10.83,7.37,0
Atripalda,2007,10,23,14.81,5.9,2.8
Atripalda,2007,10,24,15.93,8.07,2.6
Atripalda,2007,10,25,17.53,8.48,5.8
Atripalda,2007,10,26,22.53,13.73,0
Atripalda,2007,10,27,22.61,13.03,0
Atripalda,2007,10,28,21.16,13.12,0
Atripalda,2007,10,29,20.69,11.65,0
Atripalda,2007,10,30,20.45,13.16,0
Atripalda,2007,10,31,19.89,14.66,12.4
Atripalda,2007,11,1,16.4,12.3,7.2
Atripalda,2007,11,2,17.85,11.19,0
Atripalda,2007,11,3,20.41,10.98,0
Atripalda,2007,11,4,19.73,8.81,0
Atripalda,2007,11,5,18.69,8.75,0
Atripalda,2007,11,6,14.65,5.98,0
Atripalda,2007,11,7,15.41,6.74,0
Atripalda,2007,11,8,16.46,5.86,0
Atripalda,2007,11,9,15.39,6.9,4.4
Atripalda,2007,11,10,14.34,5.07,0
Atripalda,2007,11,11,15.17,7.34,0
Atripalda,2007,11,12,16.94,8.29,3.1
Atripalda,2007,11,13,14.26,6.52,0
Atripalda,2007,11,14,11.22,5.44,17.2
Atripalda,2007,11,15,11.83,5.38,0
Atripalda,2007,11,16,9.17,5.48,6
Atripalda,2007,11,17,10.89,4.84,3.7
Atripalda,2007,11,18,9.03,3.7,0
Atripalda,2007,11,19,12.84,3.33,0
Atripalda,2007,11,20,14.51,3.54,0
Atripalda,2007,11,21,16.33,5.28,0
Atripalda,2007,11,22,18.48,8.48,0
Atripalda,2007,11,23,19.94,12.81,0
Atripalda,2007,11,24,19.55,13,0
Atripalda,2007,11,25,16.75,12.38,2.1
Atripalda,2007,11,26,19.68,10.15,0
Atripalda,2007,11,27,16.94,7.72,0
Atripalda,2007,11,28,13.82,6.51,0
Atripalda,2007,11,29,10.37,6.22,14.7
Atripalda,2007,11,30,13.97,7.67,2.5
Atripalda,2007,12,1,14.64,6.62,0
Atripalda,2007,12,2,15.36,7.64,0
Atripalda,2007,12,3,14.75,7.46,7.6
Atripalda,2007,12,4,12.96,5.17,0
Atripalda,2007,12,5,13.06,4.27,0
Atripalda,2007,12,6,13.55,2.78,0
Atripalda,2007,12,7,13.53,3.98,8
Atripalda,2007,12,8,12.08,6.59,12.4
Atripalda,2007,12,9,10.83,5.65,14.7
Atripalda,2007,12,10,14.8,7.81,3.4
Atripalda,2007,12,11,13.23,5.1,6.5
Atripalda,2007,12,12,12.12,5.12,0
Atripalda,2007,12,13,12.41,6.09,0
Atripalda,2007,12,14,8.15,1.71,0
Atripalda,2007,12,15,3.66,-2.41,0
Atripalda,2007,12,16,5.54,-1.63,0
Atripalda,2007,12,17,7.69,3.84,4.6
Atripalda,2007,12,18,10.58,3.27,0
Atripalda,2007,12,19,11.85,4,0
Atripalda,2007,12,20,12.65,2.8,0
Atripalda,2007,12,21,14.54,3.62,0
Atripalda,2007,12,22,14.6,3.3,0
Atripalda,2007,12,23,14.46,5.62,2.6
Atripalda,2007,12,24,14.49,7.17,0
Atripalda,2007,12,25,13.95,7.47,2.2
Atripalda,2007,12,26,10.73,5.49,2.1
Atripalda,2007,12,27,11.49,4.26,0
Atripalda,2007,12,28,11.78,3.18,0
Atripalda,2007,12,29,13.58,3.8,0
Atripalda,2007,12,30,13.22,3.28,0
Atripalda,2007,12,31,11.63,4.4,0
Atripalda,2008,1,1,9.21,2.97,0
Atripalda,2008,1,2,6.85,0.05,0
Atripalda,2008,1,3,9.9,2.41,0
Atripalda,2008,1,4,13.58,5.93,0
Atripalda,2008,1,5,15.59,10.54,11.6
Atripalda,2008,1,6,13.07,10.51,10.1
Atripalda,2008,1,7,14.55,10.95,4
Atripalda,2008,1,8,16.5,9.03,0
Atripalda,2008,1,9,15.22,7.26,0
Atripalda,2008,1,10,14.58,9.26,0
Atripalda,2008,1,11,14.35,9.74,4.5
Atripalda,2008,1,12,13.74,8.48,16.1
Atripalda,2008,1,13,11.03,5,12.3
Atripalda,2008,1,14,11.74,3.71,9.4
Atripalda,2008,1,15,11.87,2.87,6.7
Atripalda,2008,1,16,13.18,7.08,9.7
Atripalda,2008,1,17,11.82,9.31,6.8
Atripalda,2008,1,18,13.16,7.35,0
Atripalda,2008,1,19,14.34,6.61,0
Atripalda,2008,1,20,16.68,6.27,0
Atripalda,2008,1,21,11.79,6.36,0
Atripalda,2008,1,22,10.55,7.8,8.7
Atripalda,2008,1,23,9.56,5.35,0
Atripalda,2008,1,24,12.7,2.21,0
Atripalda,2008,1,25,13.44,2.65,0
Atripalda,2008,1,26,14.96,4.12,0
Atripalda,2008,1,27,10.83,4.19,0
Atripalda,2008,1,28,15.74,4.84,0
Atripalda,2008,1,29,14.89,4.15,0
Atripalda,2008,1,30,15.28,4.88,0
Atripalda,2008,1,31,12.03,5.25,0
Atripalda,2008,2,1,11.55,4.79,1.7
Atripalda,2008,2,2,12.64,5.06,0.6
Atripalda,2008,2,3,14.24,6.26,0
Atripalda,2008,2,4,14.18,8.34,0
Atripalda,2008,2,5,12.62,5.8,3.1
Atripalda,2008,2,6,14.08,4.87,0
Atripalda,2008,2,7,14.19,5.99,0
Atripalda,2008,2,8,11.94,5.38,0
Atripalda,2008,2,9,12.41,5.38,0
Atripalda,2008,2,10,11.44,3.33,0
Atripalda,2008,2,11,10.74,4.16,0
Atripalda,2008,2,12,10.9,2.8,0
Atripalda,2008,2,13,12.39,2.96,0
Atripalda,2008,2,14,11.62,1.09,0
Atripalda,2008,2,15,11.68,2.12,0
Atripalda,2008,2,16,8.18,0.95,0
Atripalda,2008,2,17,5.98,-2.51,0
Atripalda,2008,2,18,10.2,-1.96,0
Atripalda,2008,2,19,11.8,0.58,0
Atripalda,2008,2,20,12.8,1.72,0
Atripalda,2008,2,21,11.84,7.98,5.4
Atripalda,2008,2,22,14.48,6.4,0
Atripalda,2008,2,23,16.1,5.79,0
Atripalda,2008,2,24,18.42,5.76,0
Atripalda,2008,2,25,16.53,7.3,0
Atripalda,2008,2,26,16.46,7.06,0
Atripalda,2008,2,27,13.94,7.96,0
Atripalda,2008,2,28,15.26,8.73,0
Atripalda,2008,2,29,16.18,7.55,0
Atripalda,2008,3,1,12.5,9.04,3
Atripalda,2008,3,2,17.33,8.1,0
Atripalda,2008,3,3,17.77,10,0
Atripalda,2008,3,4,17.24,7.35,0
Atripalda,2008,3,5,10.78,5.87,10
Atripalda,2008,3,6,12.51,5.32,21.4
Atripalda,2008,3,7,9.06,2.98,5.8
Atripalda,2008,3,8,13.69,3.45,0
Atripalda,2008,3,9,13.89,4,0
Atripalda,2008,3,10,12.02,4.89,16.2
Atripalda,2008,3,11,12.99,7.19,14.2
Atripalda,2008,3,12,15.97,6.89,0
Atripalda,2008,3,13,17.87,8.22,0
Atripalda,2008,3,14,17.88,8.06,0
Atripalda,2008,3,15,17.54,9.6,0
Atripalda,2008,3,16,17.36,9.82,0
Atripalda,2008,3,17,15.56,9.34,0
Atripalda,2008,3,18,15.31,7.04,0
Atripalda,2008,3,19,14.56,7.56,4.6
Atripalda,2008,3,20,12.15,5.39,5.8
Atripalda,2008,3,21,10.6,3.68,8.5
Atripalda,2008,3,22,11.08,8.86,18.6
Atripalda,2008,3,23,13.43,7.48,12.1
Atripalda,2008,3,24,10.03,3.96,12.5
Atripalda,2008,3,25,11.54,3.31,3.3
Atripalda,2008,3,26,12.05,5.38,1.6
Atripalda,2008,3,27,14.25,6.68,13
Atripalda,2008,3,28,16.62,6.81,6.3
Atripalda,2008,3,29,18.55,7.39,0
Atripalda,2008,3,30,18.88,8.44,0
Atripalda,2008,3,31,17.68,7.18,0
Atripalda,2008,4,1,18.64,7.93,0
Atripalda,2008,4,2,17.83,7.7,0
Atripalda,2008,4,3,14.54,7.27,13.8
Atripalda,2008,4,4,12.05,6.65,5.6
Atripalda,2008,4,5,14.97,6.93,5.2
Atripalda,2008,4,6,14.95,6.37,0
Atripalda,2008,4,7,18.59,8.14,0
Atripalda,2008,4,8,17.21,10.63,10.3
Atripalda,2008,4,9,18.34,10.32,0
Atripalda,2008,4,10,21.32,13.42,0
Atripalda,2008,4,11,19.17,14.05,3.8
Atripalda,2008,4,12,17.94,10.14,5.2
Atripalda,2008,4,13,16.3,8.65,0
Atripalda,2008,4,14,16.61,7.74,0
Atripalda,2008,4,15,15.5,6.67,10
Atripalda,2008,4,16,17.3,6.24,0
Atripalda,2008,4,17,14.71,8.98,4.3
Atripalda,2008,4,18,19.05,10.29,7.1
Atripalda,2008,4,19,20.21,11.34,5.9
Atripalda,2008,4,20,21.6,10.26,0
Atripalda,2008,4,21,20.08,10.86,0
Atripalda,2008,4,22,15.64,9.73,8.1
Atripalda,2008,4,23,17.3,11.01,3.8
Atripalda,2008,4,24,18.64,8.86,5.3
Atripalda,2008,4,25,19.74,8.72,0
Atripalda,2008,4,26,18.22,9.43,0
Atripalda,2008,4,27,19.4,9.17,0
Atripalda,2008,4,28,19.23,8.78,0
Atripalda,2008,4,29,15.87,9.11,0
Atripalda,2008,4,30,19.37,9.4,0
Atripalda,2008,5,1,21.22,9.4,0
Atripalda,2008,5,2,21.68,11.52,0
Atripalda,2008,5,3,23,12.7,0
Atripalda,2008,5,4,22.73,11.46,0
Atripalda,2008,5,5,20.39,11.34,1.3
Atripalda,2008,5,6,19.41,11.71,0
Atripalda,2008,5,7,20.49,10.01,0
Atripalda,2008,5,8,21.43,10.82,0
Atripalda,2008,5,9,21.47,10.75,0
Atripalda,2008,5,10,23.1,11.64,0
Atripalda,2008,5,11,23.09,12.7,0
Atripalda,2008,5,12,19.89,14.79,2.7
Atripalda,2008,5,13,18.32,13.49,5.5
Atripalda,2008,5,14,19.71,13.67,0
Atripalda,2008,5,15,20.41,12.33,0
Atripalda,2008,5,16,21.79,12.37,0
Atripalda,2008,5,17,27.53,15.14,0
Atripalda,2008,5,18,22.09,14.31,0
Atripalda,2008,5,19,24.27,13.06,5.7
Atripalda,2008,5,20,19.86,13.51,11.7
Atripalda,2008,5,21,19.24,13.2,28.1
Atripalda,2008,5,22,21.45,12.85,0
Atripalda,2008,5,23,20.94,11.89,0
Atripalda,2008,5,24,23.55,12.63,0
Atripalda,2008,5,25,27.31,14.68,0
Atripalda,2008,5,26,30.38,16.79,0
Atripalda,2008,5,27,33.06,18.41,0
Atripalda,2008,5,28,30.99,19.34,0
Atripalda,2008,5,29,29.88,17.83,0
Atripalda,2008,5,30,23.18,15.86,0
Atripalda,2008,5,31,24.19,14.21,0
Atripalda,2008,6,1,26.73,15.41,0
Atripalda,2008,6,2,26.55,17.53,0
Atripalda,2008,6,3,24.61,17.56,8.7
Atripalda,2008,6,4,23.39,15.22,3.1
Atripalda,2008,6,5,22.19,13.65,6.2
Atripalda,2008,6,6,21.85,12.54,6.8
Atripalda,2008,6,7,20.92,13.95,8.2
Atripalda,2008,6,8,21.47,14.1,0
Atripalda,2008,6,9,23.02,14.12,0
Atripalda,2008,6,10,24.41,15.65,0
Atripalda,2008,6,11,23.77,16.15,0
Atripalda,2008,6,12,21.57,15.38,8.3
Atripalda,2008,6,13,22.09,14.45,9.3
Atripalda,2008,6,14,22.94,13.93,0
Atripalda,2008,6,15,23.1,13.08,0
Atripalda,2008,6,16,25.65,14.06,0
Atripalda,2008,6,17,28.14,17.06,1.5
Atripalda,2008,6,18,28.06,17.49,0
Atripalda,2008,6,19,26.56,17.8,0
Atripalda,2008,6,20,27.06,18.76,0
Atripalda,2008,6,21,29.29,18.72,0
Atripalda,2008,6,22,29.9,20.27,0
Atripalda,2008,6,23,29.25,20.54,0
Atripalda,2008,6,24,31.02,20.78,0
Atripalda,2008,6,25,31.28,21.79,0
Atripalda,2008,6,26,31.11,21.53,0
Atripalda,2008,6,27,30.39,20.65,0
Atripalda,2008,6,28,31.37,21.41,0
Atripalda,2008,6,29,31.3,21.3,0
Atripalda,2008,6,30,31.17,22.03,0
Atripalda,2008,7,1,30.7,21.6,0
Atripalda,2008,7,2,29.36,21.26,0
Atripalda,2008,7,3,29.92,21.08,0
Atripalda,2008,7,4,29.71,22.34,0
Atripalda,2008,7,5,29.45,20.43,0
Atripalda,2008,7,6,29.61,20.22,0
Atripalda,2008,7,7,31.86,20.25,0
Atripalda,2008,7,8,30.09,20.26,0
Atripalda,2008,7,9,28.66,18.88,0
Atripalda,2008,7,10,28.88,18.84,0
Atripalda,2008,7,11,29.4,19.22,0
Atripalda,2008,7,12,31.13,19.23,0
Atripalda,2008,7,13,31.05,19.59,0
Atripalda,2008,7,14,29.36,18.78,0
Atripalda,2008,7,15,27.34,17.99,0
Atripalda,2008,7,16,29.15,18.77,0
Atripalda,2008,7,17,28.29,18.02,0
Atripalda,2008,7,18,29.62,17.78,0
Atripalda,2008,7,19,29.08,19.48,0
Atripalda,2008,7,20,30.1,20.46,0
Atripalda,2008,7,21,29.58,19.45,0
Atripalda,2008,7,22,27.27,18.7,4.3
Atripalda,2008,7,23,24.62,17.07,0
Atripalda,2008,7,24,25.86,17.06,0
Atripalda,2008,7,25,27.56,18.22,0
Atripalda,2008,7,26,28.53,17.83,0
Atripalda,2008,7,27,27.89,19.75,0
Atripalda,2008,7,28,28.88,19.71,0
Atripalda,2008,7,29,30.08,20.09,0
Atripalda,2008,7,30,30.56,21.35,0
Atripalda,2008,7,31,30.93,21.38,0
Atripalda,2008,8,1,31.31,20.3,0
Atripalda,2008,8,2,31.81,20.33,0
Atripalda,2008,8,3,31.64,21.31,0
Atripalda,2008,8,4,31.97,21.6,0
Atripalda,2008,8,5,30.57,21.12,0
Atripalda,2008,8,6,32.13,22,0
Atripalda,2008,8,7,31.19,22.08,0
Atripalda,2008,8,8,32.88,21.06,0
Atripalda,2008,8,9,29.83,21.31,0
Atripalda,2008,8,10,29.59,20.95,0
Atripalda,2008,8,11,29.81,19.03,0
Atripalda,2008,8,12,29.39,18.19,0
Atripalda,2008,8,13,31.84,19.18,0
Atripalda,2008,8,14,32.43,20.94,0
Atripalda,2008,8,15,32.68,20.55,0
Atripalda,2008,8,16,27.2,19.34,0
Atripalda,2008,8,17,26.41,18.16,0
Atripalda,2008,8,18,28.55,17.92,0
Atripalda,2008,8,19,30.91,18.5,0
Atripalda,2008,8,20,31.29,18.78,0
Atripalda,2008,8,21,32.2,20.76,0
Atripalda,2008,8,22,31.46,20.82,0
Atripalda,2008,8,23,30.16,19.42,0
Atripalda,2008,8,24,28.7,20.17,0
Atripalda,2008,8,25,27.93,19.96,0
Atripalda,2008,8,26,29,18.55,0
Atripalda,2008,8,27,27.85,19.61,0
Atripalda,2008,8,28,28,18.55,0
Atripalda,2008,8,29,29.04,18.43,0
Atripalda,2008,8,30,29.21,20.04,0
Atripalda,2008,8,31,29.7,19.56,0
Atripalda,2008,9,1,29.35,20.04,0
Atripalda,2008,9,2,30.01,19.12,0
Atripalda,2008,9,3,29.38,18.44,0
Atripalda,2008,9,4,29.87,17.97,0
Atripalda,2008,9,5,29.83,18.99,0
Atripalda,2008,9,6,32.53,21.45,0
Atripalda,2008,9,7,34.86,22.14,0
Atripalda,2008,9,8,32.34,21.45,0
Atripalda,2008,9,9,30.75,20.21,0
Atripalda,2008,9,10,32.8,19.81,0
Atripalda,2008,9,11,31.42,19.78,0
Atripalda,2008,9,12,30.75,19.52,9.6
Atripalda,2008,9,13,26.95,19.14,3.7
Atripalda,2008,9,14,23.38,15.61,18.9
Atripalda,2008,9,15,22.72,14.43,6.5
Atripalda,2008,9,16,21.3,13.77,3.8
Atripalda,2008,9,17,22.67,12.38,0
Atripalda,2008,9,18,22.61,11.99,0
Atripalda,2008,9,19,18.88,12.13,8.1
Atripalda,2008,9,20,19.25,12.46,0
Atripalda,2008,9,21,20.02,12.17,0.6
Atripalda,2008,9,22,18.89,11.07,5.3
Atripalda,2008,9,23,19.94,11.6,0
Atripalda,2008,9,24,20.92,14.01,0
Atripalda,2008,9,25,21.2,13.76,5.3
Atripalda,2008,9,26,19.87,12.25,0
Atripalda,2008,9,27,20.08,12.31,0
Atripalda,2008,9,28,19.07,12.11,0
Atripalda,2008,9,29,19.49,11.31,0
Atripalda,2008,9,30,21.29,10.08,0
Atripalda,2008,10,1,22.9,13.32,3.4
Atripalda,2008,10,2,23.25,14.47,0
Atripalda,2008,10,3,23.36,15.39,11.4
Atripalda,2008,10,4,18.34,10.49,9.2
Atripalda,2008,10,5,18.49,9.11,0
Atripalda,2008,10,6,20.47,10.13,0
Atripalda,2008,10,7,22.15,12.52,0
Atripalda,2008,10,8,22.29,12.09,0
Atripalda,2008,10,9,23.17,12.55,0
Atripalda,2008,10,10,23.72,13.45,0
Atripalda,2008,10,11,23.46,13.4,0
Atripalda,2008,10,12,23.47,12.78,0
Atripalda,2008,10,13,23.75,13.04,0
Atripalda,2008,10,14,22.7,13.73,0
Atripalda,2008,10,15,22.03,13.53,0
Atripalda,2008,10,16,23.69,14.21,0
Atripalda,2008,10,17,20.89,13.43,0
Atripalda,2008,10,18,22.48,13.12,0
Atripalda,2008,10,19,22.52,14.11,0
Atripalda,2008,10,20,23.16,13.02,0
Atripalda,2008,10,21,22.21,12.1,0
Atripalda,2008,10,22,22.16,11.12,0
Atripalda,2008,10,23,21.23,12.24,0
Atripalda,2008,10,24,22.31,13.65,0
Atripalda,2008,10,25,22.28,15.04,0
Atripalda,2008,10,26,22.23,13.69,0
Atripalda,2008,10,27,22.04,13.14,0
Atripalda,2008,10,28,20.03,13.78,18.3
Atripalda,2008,10,29,23.25,16.1,14.6
Atripalda,2008,10,30,19.28,13.86,8
Atripalda,2008,10,31,22.46,12.96,0
Atripalda,2008,11,1,23.84,16.39,2
Atripalda,2008,11,2,22.79,13.8,0
Atripalda,2008,11,3,26.51,13.28,2.5
Atripalda,2008,11,4,22.71,16.56,2.9
Atripalda,2008,11,5,22.67,14.45,15
Atripalda,2008,11,6,19.47,11.8,4.9
Atripalda,2008,11,7,16.01,10.99,0
Atripalda,2008,11,8,17.7,9.61,0
Atripalda,2008,11,9,18.11,8.55,0
Atripalda,2008,11,10,19.42,9.74,0
Atripalda,2008,11,11,18.74,7.75,0
Atripalda,2008,11,12,17.15,7.18,0
Atripalda,2008,11,13,15.91,9.78,25.3
Atripalda,2008,11,14,17.95,10.15,0
Atripalda,2008,11,15,16.81,11.41,6.8
Atripalda,2008,11,16,17.7,11.57,0
Atripalda,2008,11,17,15.83,10.22,0
Atripalda,2008,11,18,14.68,6.56,0
Atripalda,2008,11,19,14.57,6.25,0
Atripalda,2008,11,20,16.15,7.82,0
Atripalda,2008,11,21,14.25,11.98,12
Atripalda,2008,11,22,13,5.34,11.7
Atripalda,2008,11,23,8.05,1.86,0
Atripalda,2008,11,24,12.78,3,13.2
Atripalda,2008,11,25,13.84,9.37,12.1
Atripalda,2008,11,26,12.74,6.26,0
Atripalda,2008,11,27,13.52,6.4,0
Atripalda,2008,11,28,13.74,9.31,46.8
Atripalda,2008,11,29,15.2,10.5,13.4
Atripalda,2008,11,30,17.96,10.55,9.7
Atripalda,2008,12,1,15.54,9.65,4.4
Atripalda,2008,12,2,12.54,8.3,4.9
Atripalda,2008,12,3,12.55,6.36,0
Atripalda,2008,12,4,12.33,7.38,6.2
Atripalda,2008,12,5,15.36,9.28,16.8
Atripalda,2008,12,6,14.78,9.4,5.5
Atripalda,2008,12,7,14.26,5.51,0
Atripalda,2008,12,8,12.07,3.32,0
Atripalda,2008,12,9,13.02,2.61,0
Atripalda,2008,12,10,14.35,6.37,12.8
Atripalda,2008,12,11,14.39,10.03,31.2
Atripalda,2008,12,12,9.74,6.98,18.2
Atripalda,2008,12,13,12.33,4.59,7
Atripalda,2008,12,14,13.28,5.62,5
Atripalda,2008,12,15,13.19,8.74,15.6
Atripalda,2008,12,16,14.14,10.02,6.2
Atripalda,2008,12,17,13.65,6.92,7.7
Atripalda,2008,12,18,11,4.81,5.9
Atripalda,2008,12,19,11.31,4.92,0
Atripalda,2008,12,20,13.37,4.26,0
Atripalda,2008,12,21,12.7,4.66,0
Atripalda,2008,12,22,14.94,5.65,0
Atripalda,2008,12,23,14.88,4.62,0
Atripalda,2008,12,24,14.5,4.46,0
Atripalda,2008,12,25,9.84,5.05,1.1
Atripalda,2008,12,26,7.79,5.36,0
Atripalda,2008,12,27,7.56,4.19,0
Atripalda,2008,12,28,7.13,3.86,1.3
Atripalda,2008,12,29,12.88,6.24,0
Atripalda,2008,12,30,10.68,3.89,0
Atripalda,2008,12,31,12.05,2.8,0
Atripalda,2009,1,1,12.7,5.28,18.3
Atripalda,2009,1,2,11.66,5.76,8.5
Atripalda,2009,1,3,8.77,5.98,24.9
Atripalda,2009,1,4,8.87,1.13,0
Atripalda,2009,1,5,10.3,2.46,0
Atripalda,2009,1,6,9.16,0.77,0
Atripalda,2009,1,7,9.62,4.39,22.3
Atripalda,2009,1,8,10.49,4.64,13.3
Atripalda,2009,1,9,11.63,6.84,0
Atripalda,2009,1,10,10.9,8.75,4.3
Atripalda,2009,1,11,13.5,7.82,0
Atripalda,2009,1,12,11.38,7.67,5.3
Atripalda,2009,1,13,12.67,9.3,20.5
Atripalda,2009,1,14,11.88,9.39,10.1
Atripalda,2009,1,15,12.54,6.83,5
Atripalda,2009,1,16,13.85,6.28,0
Atripalda,2009,1,17,13.82,4.1,0
Atripalda,2009,1,18,13.07,4.66,4.1
Atripalda,2009,1,19,14.76,9.24,0
Atripalda,2009,1,20,15.45,9.73,4.4
Atripalda,2009,1,21,12.58,10.28,18.1
Atripalda,2009,1,22,12.79,7.96,8
Atripalda,2009,1,23,12.64,6.22,4.9
Atripalda,2009,1,24,12.53,6.38,16.4
Atripalda,2009,1,25,10.16,6.23,8.8
Atripalda,2009,1,26,11.3,4.84,18.2
Atripalda,2009,1,27,9.33,4.17,18.4
Atripalda,2009,1,28,10.64,4.25,3.9
Atripalda,2009,1,29,11.11,3.33,0
Atripalda,2009,1,30,10.87,5.69,0
Atripalda,2009,1,31,11.53,3.31,0
Atripalda,2009,2,1,11.69,4.67,4.4
Atripalda,2009,2,2,12.52,7.03,2.2
Atripalda,2009,2,3,14.73,12.04,10.5
Atripalda,2009,2,4,13.27,9.14,10.5
Atripalda,2009,2,5,15.38,8.41,1.3
Atripalda,2009,2,6,13.98,9.35,2.6
Atripalda,2009,2,7,12.94,7.04,12.4
Atripalda,2009,2,8,10.09,4.38,7.4
Atripalda,2009,2,9,11.78,3.29,0
Atripalda,2009,2,10,11.03,4.64,1.9
Atripalda,2009,2,11,10.42,3.4,4.3
Atripalda,2009,2,12,7.96,1.65,4.2
Atripalda,2009,2,13,7.04,-0.61,0
Atripalda,2009,2,14,6.95,-1.11,0
Atripalda,2009,2,15,7.56,-0.65,0
Atripalda,2009,2,16,7.52,-1.55,0
Atripalda,2009,2,17,9.09,-0.59,0
Atripalda,2009,2,18,6.34,-1.01,7
Atripalda,2009,2,19,5.41,-1.64,0
Atripalda,2009,2,20,9.03,-0.66,0
Atripalda,2009,2,21,11.01,1.2,0
Atripalda,2009,2,22,10.29,1.59,0
Atripalda,2009,2,23,10.88,0.58,0
Atripalda,2009,2,24,9.98,4.01,0
Atripalda,2009,2,25,11.85,2.3,0
Atripalda,2009,2,26,11.79,0.38,0
Atripalda,2009,2,27,13.74,3.23,0
Atripalda,2009,2,28,16,4.54,0
Atripalda,2009,3,1,13.98,5.45,6.4
Atripalda,2009,3,2,14.17,7.67,4.1
Atripalda,2009,3,3,14.9,7.73,4.1
Atripalda,2009,3,4,15.47,8.44,17.7
Atripalda,2009,3,5,12.17,5.52,21.5
Atripalda,2009,3,6,9.91,3.77,7.1
Atripalda,2009,3,7,12.51,4.99,0
Atripalda,2009,3,8,14.07,5.26,0
Atripalda,2009,3,9,15.07,4.99,0
Atripalda,2009,3,10,13.75,4.8,0
Atripalda,2009,3,11,13.79,5.99,10.7
Atripalda,2009,3,12,12.57,4.3,0
Atripalda,2009,3,13,14.49,3.84,0
Atripalda,2009,3,14,15.84,5.71,0
Atripalda,2009,3,15,15.91,6.25,0
Atripalda,2009,3,16,16.16,7.45,0
Atripalda,2009,3,17,15.69,6.35,0
Atripalda,2009,3,18,16.12,5.32,0
Atripalda,2009,3,19,12.95,4.03,11.1
Atripalda,2009,3,20,8.68,3.64,14.7
Atripalda,2009,3,21,8.8,2.65,0
Atripalda,2009,3,22,10.09,3.48,0
Atripalda,2009,3,23,12.81,2.73,0
Atripalda,2009,3,24,13.13,4.57,5.2
Atripalda,2009,3,25,12.32,3.85,8.3
Atripalda,2009,3,26,12.88,5.37,6.7
Atripalda,2009,3,27,14.53,4.73,0
Atripalda,2009,3,28,16.31,6,2.2
Atripalda,2009,3,29,18.37,12.05,17.1
Atripalda,2009,3,30,20.98,12.67,5.9
Atripalda,2009,3,31,19.19,12.18,4.6
Atripalda,2009,4,1,19.81,9.89,8.3
Atripalda,2009,4,2,17.1,9.26,0
Atripalda,2009,4,3,17.08,8.27,0
Atripalda,2009,4,4,17.51,9.54,4.8
Atripalda,2009,4,5,17.68,9.26,2.9
Atripalda,2009,4,6,18.28,10.57,0
Atripalda,2009,4,7,18,9.97,0
Atripalda,2009,4,8,19.19,9.26,0
Atripalda,2009,4,9,19.87,11.63,0
Atripalda,2009,4,10,19.63,10.99,0
Atripalda,2009,4,11,20.18,10.38,0
Atripalda,2009,4,12,19.63,9.9,3.3
Atripalda,2009,4,13,15.91,11.94,5.1
Atripalda,2009,4,14,17.36,10.53,0
Atripalda,2009,4,15,18.73,10.66,0
Atripalda,2009,4,16,20.55,9.5,0
Atripalda,2009,4,17,17.41,10.84,0
Atripalda,2009,4,18,17.9,10.99,0
Atripalda,2009,4,19,15.66,10.36,8
Atripalda,2009,4,20,18.18,10.32,11.6
Atripalda,2009,4,21,16.11,11.7,14.7
Atripalda,2009,4,22,15.96,11.63,3.1
Atripalda,2009,4,23,17.16,10.02,5.7
Atripalda,2009,4,24,16.94,10.1,3.6
Atripalda,2009,4,25,19.79,10.55,0
Atripalda,2009,4,26,21.25,13.46,0
Atripalda,2009,4,27,21.28,11.33,19.5
Atripalda,2009,4,28,14.52,10.38,21.1
Atripalda,2009,4,29,17.09,10.52,6.2
Atripalda,2009,4,30,15.36,8.64,8.2
Atripalda,2009,5,1,17.3,8.36,0
Atripalda,2009,5,2,19.57,10.12,0
Atripalda,2009,5,3,16.7,9.1,5
Atripalda,2009,5,4,18.17,8.48,2
Atripalda,2009,5,5,19.17,10.09,0
Atripalda,2009,5,6,18.97,9.97,0
Atripalda,2009,5,7,20.97,11.94,0
Atripalda,2009,5,8,20.62,12.13,0
Atripalda,2009,5,9,21.92,11.57,0
Atripalda,2009,5,10,23.38,12.04,0
Atripalda,2009,5,11,22.77,12.6,0
Atripalda,2009,5,12,23.32,12.61,0
Atripalda,2009,5,13,23.76,13.82,0
Atripalda,2009,5,14,24.71,13.54,0
Atripalda,2009,5,15,25.9,14.6,0
Atripalda,2009,5,16,25.43,15.64,0
Atripalda,2009,5,17,27.1,16.46,0
Atripalda,2009,5,18,25.54,15.98,0
Atripalda,2009,5,19,27.22,15.71,0
Atripalda,2009,5,20,26.54,16.95,0
Atripalda,2009,5,21,27.16,17.22,0
Atripalda,2009,5,22,27.49,16.76,0
Atripalda,2009,5,23,27.6,16.35,0
Atripalda,2009,5,24,28.49,18.66,0
Atripalda,2009,5,25,29.84,19.13,0
Atripalda,2009,5,26,28.91,18.7,0
Atripalda,2009,5,27,26.44,17,0
Atripalda,2009,5,28,24.61,16.33,9.9
Atripalda,2009,5,29,24.48,13.43,0
Atripalda,2009,5,30,22.36,12.82,4.2
Atripalda,2009,5,31,22.8,14.05,12.3
Atripalda,2009,6,1,20.01,16.9,24.9
Atripalda,2009,6,2,19.93,14.85,24.4
Atripalda,2009,6,3,22.53,13.33,0
Atripalda,2009,6,4,23.36,13.68,0
Atripalda,2009,6,5,24.99,14.52,0
Atripalda,2009,6,6,25.17,17.61,0
Atripalda,2009,6,7,23.35,15.62,0
Atripalda,2009,6,8,25.66,15.48,0
Atripalda,2009,6,9,27.18,14.86,0
Atripalda,2009,6,10,28.22,17.44,0
Atripalda,2009,6,11,26.61,16.77,0
Atripalda,2009,6,12,26.6,16.42,0
Atripalda,2009,6,13,27.73,17.73,0
Atripalda,2009,6,14,29.19,19.03,0
Atripalda,2009,6,15,29.02,17.97,0
Atripalda,2009,6,16,28.93,18.16,0
Atripalda,2009,6,17,31.95,18.55,0
Atripalda,2009,6,18,29.97,19.82,0
Atripalda,2009,6,19,27.28,18.44,0
Atripalda,2009,6,20,28.61,18.58,0
Atripalda,2009,6,21,23.37,15.89,13.8
Atripalda,2009,6,22,20.67,14.42,16.6
Atripalda,2009,6,23,20.05,13.48,10.5
Atripalda,2009,6,24,20.63,13.2,0
Atripalda,2009,6,25,23.71,14.67,0
Atripalda,2009,6,26,24.16,16.12,0
Atripalda,2009,6,27,24.87,15.86,0
Atripalda,2009,6,28,24.61,16.56,5.5
Atripalda,2009,6,29,25.24,17.06,8.3
Atripalda,2009,6,30,26.04,17.57,8.5
Atripalda,2009,7,1,25.82,18.7,0
Atripalda,2009,7,2,26.25,18.42,11
Atripalda,2009,7,3,26.62,17.69,0
Atripalda,2009,7,4,27.07,18.81,3.4
Atripalda,2009,7,5,26.1,19.48,5.2
Atripalda,2009,7,6,26.66,18.85,0
Atripalda,2009,7,7,28.35,19.63,0
Atripalda,2009,7,8,28.31,18.76,0
Atripalda,2009,7,9,26.53,18.32,0
Atripalda,2009,7,10,26.44,17.42,0
Atripalda,2009,7,11,25.75,16.96,0
Atripalda,2009,7,12,26.23,17.51,0
Atripalda,2009,7,13,27.92,17.71,0
Atripalda,2009,7,14,29.71,18.94,0
Atripalda,2009,7,15,31.04,19.75,0
Atripalda,2009,7,16,32.4,21.24,0
Atripalda,2009,7,17,30.21,21.34,0
Atripalda,2009,7,18,27.72,18.22,0
Atripalda,2009,7,19,25.62,16.64,0
Atripalda,2009,7,20,26.91,16.69,0
Atripalda,2009,7,21,29.62,17.8,0
Atripalda,2009,7,22,30.21,18.89,0
Atripalda,2009,7,23,31.35,19.63,0
Atripalda,2009,7,24,33.63,22.38,0
Atripalda,2009,7,25,32.2,20.95,0
Atripalda,2009,7,26,30.69,21.22,0
Atripalda,2009,7,27,29.44,19.55,0
Atripalda,2009,7,28,29.49,18.88,0
Atripalda,2009,7,29,32.32,19.94,0
Atripalda,2009,7,30,31.59,21.32,0
Atripalda,2009,7,31,31.47,20.42,0
Atripalda,2009,8,1,31.12,20.53,0
Atripalda,2009,8,2,32.04,19.28,0
Atripalda,2009,8,3,30.81,19.95,0
Atripalda,2009,8,4,27.41,19.83,0
Atripalda,2009,8,5,27.71,19.16,0
Atripalda,2009,8,6,29.03,19.45,0
Atripalda,2009,8,7,29.42,19.87,0
Atripalda,2009,8,8,29.98,20.14,0
Atripalda,2009,8,9,28.74,20.07,0
Atripalda,2009,8,10,28.97,20.27,0
Atripalda,2009,8,11,29.64,20.53,0
Atripalda,2009,8,12,30.5,21.05,0
Atripalda,2009,8,13,29.79,20.36,0
Atripalda,2009,8,14,29.9,20.23,0
Atripalda,2009,8,15,30.73,21.28,0
Atripalda,2009,8,16,32.3,21.55,0
Atripalda,2009,8,17,31.23,22.43,0
Atripalda,2009,8,18,32.51,20.37,0
Atripalda,2009,8,19,33.18,22.72,0
Atripalda,2009,8,20,33.21,22.68,0
Atripalda,2009,8,21,31.82,21.11,0
Atripalda,2009,8,22,32,21.44,0
Atripalda,2009,8,23,31.44,21.24,0
Atripalda,2009,8,24,30.79,21.89,0
Atripalda,2009,8,25,30.22,21.11,0
Atripalda,2009,8,26,32.23,20.36,0
Atripalda,2009,8,27,31.75,20.24,0
Atripalda,2009,8,28,30.4,20.8,0
Atripalda,2009,8,29,31.37,19.16,0
Atripalda,2009,8,30,30.58,20.75,0
Atripalda,2009,8,31,29.78,21.2,0
Atripalda,2009,9,1,29.78,21.69,0
Atripalda,2009,9,2,30.44,19.66,0
Atripalda,2009,9,3,30.49,19.91,0
Atripalda,2009,9,4,29.42,19.81,0
Atripalda,2009,9,5,29.6,19.43,0
Atripalda,2009,9,6,27.8,19.47,0
Atripalda,2009,9,7,26.15,17.52,0
Atripalda,2009,9,8,26.82,16.52,0
Atripalda,2009,9,9,26.03,17.16,0
Atripalda,2009,9,10,25.95,15.88,0
Atripalda,2009,9,11,27.17,16.83,2.7
Atripalda,2009,9,12,26.25,16.33,0
Atripalda,2009,9,13,24.27,16.05,0
Atripalda,2009,9,14,24.7,14.32,7.3
Atripalda,2009,9,15,24.92,15.65,0
Atripalda,2009,9,16,24.13,16.1,27
Atripalda,2009,9,17,24.92,16.09,3.4
Atripalda,2009,9,18,24.98,16.74,0
Atripalda,2009,9,19,26.54,17.03,0
Atripalda,2009,9,20,22.9,16.72,5.8
Atripalda,2009,9,21,21.13,17,7.8
Atripalda,2009,9,22,23.99,16.66,0
Atripalda,2009,9,23,24.16,17.1,0
Atripalda,2009,9,24,23.03,17.6,2.9
Atripalda,2009,9,25,24.09,18.06,0
Atripalda,2009,9,26,24.24,17.79,0
Atripalda,2009,9,27,24.82,18.4,0
Atripalda,2009,9,28,26.18,17.6,0
Atripalda,2009,9,29,25.02,15.57,0
Atripalda,2009,9,30,26.1,15.47,0
Atripalda,2009,10,1,25.76,16.18,0
Atripalda,2009,10,2,21.72,16.15,6.3
Atripalda,2009,10,3,23.58,14.86,0
Atripalda,2009,10,4,24.05,14.27,0
Atripalda,2009,10,5,24.44,14.94,0
Atripalda,2009,10,6,24.23,14.88,0
Atripalda,2009,10,7,25.86,15.48,0
Atripalda,2009,10,8,24.39,15.81,0
Atripalda,2009,10,9,25.79,14.78,0
Atripalda,2009,10,10,24.14,16.11,0
Atripalda,2009,10,11,23.18,15.38,6.9
Atripalda,2009,10,12,21.09,11.28,9.6
Atripalda,2009,10,13,16.67,9,0
Atripalda,2009,10,14,14.77,6.79,0
Atripalda,2009,10,15,13.7,6.89,0
Atripalda,2009,10,16,15.46,7.12,0
Atripalda,2009,10,17,15.06,7.42,1.7
Atripalda,2009,10,18,12.32,9.7,7.4
Atripalda,2009,10,19,14.42,7.93,4
Atripalda,2009,10,20,16.8,7.31,1.9
Atripalda,2009,10,21,21.6,9.02,0
Atripalda,2009,10,22,20.84,15.31,14.8
Atripalda,2009,10,23,19.19,13.77,24.9
Atripalda,2009,10,24,17.75,13.26,0
Atripalda,2009,10,25,20.69,14.21,0
Atripalda,2009,10,26,21.2,13.1,0
Atripalda,2009,10,27,20.61,12.57,0
Atripalda,2009,10,28,20.6,11.72,0
Atripalda,2009,10,29,19.55,10.57,0
Atripalda,2009,10,30,20.1,9.78,0
Atripalda,2009,10,31,16.42,8.45,0
Atripalda,2009,11,1,15.63,5.26,0
Atripalda,2009,11,2,15.38,5.59,33.4
Atripalda,2009,11,3,13.69,7.69,11.7
Atripalda,2009,11,4,14.95,6.67,3.9
Atripalda,2009,11,5,17.8,12.53,4.3
Atripalda,2009,11,6,13.89,10.04,30.3
Atripalda,2009,11,7,13.91,9.09,0
Atripalda,2009,11,8,13.48,8.33,11.6
Atripalda,2009,11,9,12.98,8.06,15.2
Atripalda,2009,11,10,13.98,8.25,7.5
Atripalda,2009,11,11,13.75,7.76,0
Atripalda,2009,11,12,15.28,7.3,0
Atripalda,2009,11,13,17.27,8.26,0
Atripalda,2009,11,14,16.31,9.1,0
Atripalda,2009,11,15,17.37,11.16,0
Atripalda,2009,11,16,19.64,11.69,0
Atripalda,2009,11,17,20.91,11.13,0
Atripalda,2009,11,18,19.55,10.24,0
Atripalda,2009,11,19,19.92,10.76,0
Atripalda,2009,11,20,20.11,11.52,0
Atripalda,2009,11,21,18.18,11.52,0
Atripalda,2009,11,22,16.35,8.75,0
Atripalda,2009,11,23,16.7,9.48,0
Atripalda,2009,11,24,16.98,9.23,0
Atripalda,2009,11,25,18.21,8.59,0
Atripalda,2009,11,26,16.93,9.06,0
Atripalda,2009,11,27,16.41,10.79,0
Atripalda,2009,11,28,16.28,9.84,8.7
Atripalda,2009,11,29,16.95,7.43,0
Atripalda,2009,11,30,16.83,11.74,4.7
Atripalda,2009,12,1,13.02,7.19,10
Atripalda,2009,12,2,12.39,4.98,0
Atripalda,2009,12,3,12.96,4.04,0
Atripalda,2009,12,4,12.21,6.1,26.6
Atripalda,2009,12,5,13.73,5.46,0
Atripalda,2009,12,6,13.74,6.66,0
Atripalda,2009,12,7,13.89,6.6,0
Atripalda,2009,12,8,13.51,7.89,3.9
Atripalda,2009,12,9,12.33,6.6,0
Atripalda,2009,12,10,14.02,6.57,0
Atripalda,2009,12,11,11.53,4.24,0
Atripalda,2009,12,12,10.2,3.83,0
Atripalda,2009,12,13,8.57,2.94,2.9
Atripalda,2009,12,14,10.02,5.75,53.8
Atripalda,2009,12,15,10.39,6.21,8.2
Atripalda,2009,12,16,8.27,5.02,0
Atripalda,2009,12,17,8.57,3.59,20.7
Atripalda,2009,12,18,8.03,2.53,4.4
Atripalda,2009,12,19,8.63,2.02,11.8
Atripalda,2009,12,20,6.82,-1.02,0
Atripalda,2009,12,21,9.98,0.24,9.9
Atripalda,2009,12,22,16.68,11.31,26.6
Atripalda,2009,12,23,19.96,14.94,1.8
Atripalda,2009,12,24,19.6,14.69,0
Atripalda,2009,12,25,20.16,12.05,6.1
Atripalda,2009,12,26,13.53,9.13,15.2
Atripalda,2009,12,27,13.01,7.05,7.2
Atripalda,2009,12,28,11.82,6.13,0
Atripalda,2009,12,29,14.46,10.43,5.4
Atripalda,2009,12,30,17.64,11.72,3
Atripalda,2009,12,31,20.39,13.41,2.3
Atripalda,2010,1,1,14.35,8.41,20.1
Atripalda,2010,1,2,13.23,5.8,7
Atripalda,2010,1,3,9.71,2.51,0
Atripalda,2010,1,4,7.69,3.04,6.3
Atripalda,2010,1,5,13.72,7.19,0.3
Atripalda,2010,1,6,14.28,10.56,7.5
Atripalda,2010,1,7,15.26,10.82,5.4
Atripalda,2010,1,8,15.37,12.26,10
Atripalda,2010,1,9,12.42,5.65,12.7
Atripalda,2010,1,10,8.37,4.51,11.7
Atripalda,2010,1,11,6.57,4.58,3.8
Atripalda,2010,1,12,10.13,3.77,0
Atripalda,2010,1,13,7.27,1.92,2.2
Atripalda,2010,1,14,11.92,3.68,0
Atripalda,2010,1,15,11.05,4.93,0
Atripalda,2010,1,16,12.21,5.2,0
Atripalda,2010,1,17,9.11,3.83,0
Atripalda,2010,1,18,11.74,5.28,0
Atripalda,2010,1,19,11.42,3.46,0
Atripalda,2010,1,20,12.79,1.52,0
Atripalda,2010,1,21,11.61,4.61,0
Atripalda,2010,1,22,10.23,2.58,0
Atripalda,2010,1,23,9.01,1.5,0
Atripalda,2010,1,24,10.75,1.17,0
Atripalda,2010,1,25,9.87,2.71,0
Atripalda,2010,1,26,10,6.26,7.2
Atripalda,2010,1,27,10.1,5,7.5
Atripalda,2010,1,28,8.84,2.67,0
Atripalda,2010,1,29,10.84,3.52,2
Atripalda,2010,1,30,10.98,5.4,14.9
Atripalda,2010,1,31,10.17,4.1,10.3
Atripalda,2010,2,1,6.62,0.36,0
Atripalda,2010,2,2,6.9,-0.66,0
Atripalda,2010,2,3,10.75,2.22,0
Atripalda,2010,2,4,13.18,5.05,0
Atripalda,2010,2,5,11.76,5.38,11.1
Atripalda,2010,2,6,10.14,6.17,15.6
Atripalda,2010,2,7,9.67,4.49,0
Atripalda,2010,2,8,9.99,2.72,0
Atripalda,2010,2,9,9.43,3.33,5.1
Atripalda,2010,2,10,8.36,5.9,29.5
Atripalda,2010,2,11,7.88,2.09,7.7
Atripalda,2010,2,12,5.48,0.44,11.8
Atripalda,2010,2,13,8.49,-0.75,4.3
Atripalda,2010,2,14,8.4,3.44,5.9
Atripalda,2010,2,15,10.94,4.3,1.9
Atripalda,2010,2,16,10.18,6.34,13
Atripalda,2010,2,17,14.88,8.89,8.4
Atripalda,2010,2,18,17.74,9.33,5.1
Atripalda,2010,2,19,16.99,9.3,18.1
Atripalda,2010,2,20,13.4,7.68,11.1
Atripalda,2010,2,21,12.58,5.37,5
Atripalda,2010,2,22,12.9,6.85,19
Atripalda,2010,2,23,17,11.4,8.4
Atripalda,2010,2,24,14.54,9.27,10.6
Atripalda,2010,2,25,14.44,6.44,0
Atripalda,2010,2,26,14.71,7.42,1.4
Atripalda,2010,2,27,16.12,6.44,0
Atripalda,2010,2,28,17.82,8.77,0
Atripalda,2010,3,1,17.55,12.9,3.3
Atripalda,2010,3,2,16.68,9.4,0
Atripalda,2010,3,3,14.63,8.4,4
Atripalda,2010,3,4,13.38,7.75,15.9
Atripalda,2010,3,5,10.88,4.18,8.8
Atripalda,2010,3,6,8.82,2.43,0
Atripalda,2010,3,7,10.23,1.08,0
Atripalda,2010,3,8,8.93,3.53,0
Atripalda,2010,3,9,8.36,2.46,26.1
Atripalda,2010,3,10,12.3,5,14.8
Atripalda,2010,3,11,9.68,2.44,11.2
Atripalda,2010,3,12,11.05,2.31,0
Atripalda,2010,3,13,11.17,3.64,0
Atripalda,2010,3,14,12.54,4.22,0
Atripalda,2010,3,15,12.3,2.73,0
Atripalda,2010,3,16,13.3,4.1,0
Atripalda,2010,3,17,16.03,5.29,0
Atripalda,2010,3,18,15.39,4.45,0
Atripalda,2010,3,19,14.75,4.76,0
Atripalda,2010,3,20,16.74,6.85,0
Atripalda,2010,3,21,18.76,8.66,0
Atripalda,2010,3,22,17.75,11.02,1.9
Atripalda,2010,3,23,16.31,12.49,1.7
Atripalda,2010,3,24,15.6,10.65,0
Atripalda,2010,3,25,17.93,8.78,0
Atripalda,2010,3,26,18.49,9.13,0
Atripalda,2010,3,27,16.39,9.72,0
Atripalda,2010,3,28,17.39,8.74,0
Atripalda,2010,3,29,17.22,8.42,0
Atripalda,2010,3,30,18.44,8.72,0
Atripalda,2010,3,31,16.23,10.25,0
Atripalda,2010,4,1,17.31,7.48,0
Atripalda,2010,4,2,16.73,8.94,0
Atripalda,2010,4,3,15.34,6.55,0
Atripalda,2010,4,4,15.87,6.09,3.2
Atripalda,2010,4,5,14.43,7.84,4.7
Atripalda,2010,4,6,17.04,6.92,0
Atripalda,2010,4,7,17.88,7.29,0
Atripalda,2010,4,8,17.51,7.71,0
Atripalda,2010,4,9,16.95,9.45,0
Atripalda,2010,4,10,17.72,8.65,0
Atripalda,2010,4,11,15.52,7.12,3.8
Atripalda,2010,4,12,12.93,8.07,23.4
Atripalda,2010,4,13,15.23,9.78,3.3
Atripalda,2010,4,14,14.89,8.63,0
Atripalda,2010,4,15,17.95,10.18,0
Atripalda,2010,4,16,18.39,11.8,0
Atripalda,2010,4,17,18.73,10.52,0
Atripalda,2010,4,18,19,11.57,8.7
Atripalda,2010,4,19,18.1,11.37,6.8
Atripalda,2010,4,20,19.39,10.03,6.6
Atripalda,2010,4,21,20.2,10.19,0
Atripalda,2010,4,22,21.15,8.81,0
Atripalda,2010,4,23,17.4,12.09,9.3
Atripalda,2010,4,24,18.88,13.53,0
Atripalda,2010,4,25,19.86,14.06,0
Atripalda,2010,4,26,20.9,12.95,0
Atripalda,2010,4,27,20.81,13.67,0
Atripalda,2010,4,28,21.77,12.64,5.9
Atripalda,2010,4,29,22.62,12.26,0
Atripalda,2010,4,30,20.97,10.76,0
Atripalda,2010,5,1,21.15,10.93,0
Atripalda,2010,5,2,21.52,11.49,0
Atripalda,2010,5,3,20.96,13.07,0
Atripalda,2010,5,4,23.26,15.22,0
Atripalda,2010,5,5,21.42,12.97,1.3
Atripalda,2010,5,6,16.72,10.2,3.5
Atripalda,2010,5,7,18.11,9.64,1.6
Atripalda,2010,5,8,18.28,10.72,1.1
Atripalda,2010,5,9,20.29,9.85,0
Atripalda,2010,5,10,23.6,11.22,0
Atripalda,2010,5,11,23.05,14.48,0
Atripalda,2010,5,12,20.68,12.6,4.2
Atripalda,2010,5,13,20.11,12.43,0
Atripalda,2010,5,14,20.61,11.83,3.3
Atripalda,2010,5,15,15.12,11.79,34.8
Atripalda,2010,5,16,15.91,10.62,10.6
Atripalda,2010,5,17,18.06,10.53,5.8
Atripalda,2010,5,18,19.56,10.52,0
Atripalda,2010,5,19,19.59,10.5,0
Atripalda,2010,5,20,17.55,11.87,6.8
Atripalda,2010,5,21,18.74,10.59,0
Atripalda,2010,5,22,20.97,11.84,0
Atripalda,2010,5,23,22.75,11.54,0
Atripalda,2010,5,24,22.98,12.73,0
Atripalda,2010,5,25,23.62,13.98,0
Atripalda,2010,5,26,23.1,14.86,0
Atripalda,2010,5,27,24.74,13.55,0
Atripalda,2010,5,28,23.46,16.29,0
Atripalda,2010,5,29,24.84,14.73,0
Atripalda,2010,5,30,25.01,16.42,0
Atripalda,2010,5,31,21.47,12.74,4
Atripalda,2010,6,1,21.74,12.36,0
Atripalda,2010,6,2,19.78,12.16,0
Atripalda,2010,6,3,20.73,11.9,9.6
Atripalda,2010,6,4,21.78,12.86,7.1
Atripalda,2010,6,5,24.44,15.41,0
Atripalda,2010,6,6,25.34,16.35,0
Atripalda,2010,6,7,26.36,15.32,0
Atripalda,2010,6,8,24.31,15.48,0
Atripalda,2010,6,9,27.72,15.94,0
Atripalda,2010,6,10,30.5,18.19,0
Atripalda,2010,6,11,30.11,18.47,0
Atripalda,2010,6,12,28.91,17.66,0
Atripalda,2010,6,13,29.15,19.38,0
Atripalda,2010,6,14,27.12,19.72,0
Atripalda,2010,6,15,31.48,19.52,0
Atripalda,2010,6,16,27.8,18.51,0
Atripalda,2010,6,17,28.51,17.88,0
Atripalda,2010,6,18,26.54,18.47,0
Atripalda,2010,6,19,23.28,15.62,4.3
Atripalda,2010,6,20,23.4,13.61,31.3
Atripalda,2010,6,21,18.95,13.34,15.8
Atripalda,2010,6,22,20.07,13.6,0
Atripalda,2010,6,23,22.24,15.59,0
Atripalda,2010,6,24,23.17,15.98,0
Atripalda,2010,6,25,25.44,15.41,0
Atripalda,2010,6,26,25.02,16.01,5.4
Atripalda,2010,6,27,25.05,16.62,0
Atripalda,2010,6,28,26.66,18.36,0
Atripalda,2010,6,29,27.34,19.25,0
Atripalda,2010,6,30,28.34,19.66,7.9
Atripalda,2010,7,1,27.44,19.05,0
Atripalda,2010,7,2,28.75,19.66,0
Atripalda,2010,7,3,28.71,19.99,0
Atripalda,2010,7,4,28.82,19.93,0
Atripalda,2010,7,5,29.23,19.13,0
Atripalda,2010,7,6,28.9,19.98,0
Atripalda,2010,7,7,28.4,20.53,0
Atripalda,2010,7,8,27.72,19.45,0
Atripalda,2010,7,9,28.66,18.54,0
Atripalda,2010,7,10,29.96,19.58,0
Atripalda,2010,7,11,30.02,20.34,0
Atripalda,2010,7,12,28.82,20.84,0
Atripalda,2010,7,13,30.29,20.51,0
Atripalda,2010,7,14,31.18,21.18,0
Atripalda,2010,7,15,32.29,21.54,0
Atripalda,2010,7,16,33.14,21.12,0
Atripalda,2010,7,17,32.12,22.53,0
Atripalda,2010,7,18,31.69,22.11,0
Atripalda,2010,7,19,30.68,21.94,4.6
Atripalda,2010,7,20,30.1,22.89,0
Atripalda,2010,7,21,29.8,20.97,0
Atripalda,2010,7,22,30.85,21.79,0
Atripalda,2010,7,23,32.12,21.25,0
Atripalda,2010,7,24,29.25,20.6,0
Atripalda,2010,7,25,27.35,17.82,0
Atripalda,2010,7,26,25.75,16.37,0
Atripalda,2010,7,27,26.17,15.15,7.1
Atripalda,2010,7,28,26.49,16.23,0
Atripalda,2010,7,29,27.22,16.31,0
Atripalda,2010,7,30,26,17.28,0
Atripalda,2010,7,31,25.87,17.2,4.5
Atripalda,2010,8,1,28.09,18.56,0
Atripalda,2010,8,2,29.37,19.37,0
Atripalda,2010,8,3,28.38,19.12,0
Atripalda,2010,8,4,27.4,19.68,0
Atripalda,2010,8,5,27.91,19.49,0
Atripalda,2010,8,6,25.05,17.99,0
Atripalda,2010,8,7,26.22,17.17,0
Atripalda,2010,8,8,27.43,18.6,0
Atripalda,2010,8,9,29.24,18.32,0
Atripalda,2010,8,10,29.74,20.63,0
Atripalda,2010,8,11,28.21,20.11,0
Atripalda,2010,8,12,28.63,20.54,0
Atripalda,2010,8,13,30.08,19.73,0
Atripalda,2010,8,14,31.25,20.94,0
Atripalda,2010,8,15,30.18,21.35,0
Atripalda,2010,8,16,28.57,19.59,0
Atripalda,2010,8,17,26.24,19.32,0
Atripalda,2010,8,18,27.41,17.89,0
Atripalda,2010,8,19,30.29,18.47,0
Atripalda,2010,8,20,32.28,20.75,0
Atripalda,2010,8,21,32.66,22.98,0
Atripalda,2010,8,22,32.16,23.03,0
Atripalda,2010,8,23,31.78,21.25,0
Atripalda,2010,8,24,30.35,21.05,0
Atripalda,2010,8,25,30.51,20.6,0
Atripalda,2010,8,26,31.12,22.02,0
Atripalda,2010,8,27,31.83,20.44,0
Atripalda,2010,8,28,28.77,20.4,0
Atripalda,2010,8,29,27.97,18.93,0
Atripalda,2010,8,30,26.73,17.77,0
Atripalda,2010,8,31,25.71,15.88,0
Atripalda,2010,9,1,24.98,14.33,0
Atripalda,2010,9,2,27.01,15.31,0
Atripalda,2010,9,3,26.6,16.94,0
Atripalda,2010,9,4,27.03,16.43,0
Atripalda,2010,9,5,27.36,16.44,0
Atripalda,2010,9,6,27.46,17.09,0
Atripalda,2010,9,7,28.38,16.86,0
Atripalda,2010,9,8,27.04,18.58,5.4
Atripalda,2010,9,9,24.98,17.24,8.1
Atripalda,2010,9,10,21.79,16.05,9.8
Atripalda,2010,9,11,24.01,15.43,0
Atripalda,2010,9,12,26.09,16.48,0
Atripalda,2010,9,13,25.8,14.93,0
Atripalda,2010,9,14,25.95,16.79,0
Atripalda,2010,9,15,25.34,16.22,0
Atripalda,2010,9,16,25.41,14.92,0
Atripalda,2010,9,17,25.49,15.97,0
Atripalda,2010,9,18,27.44,17.66,0
Atripalda,2010,9,19,26.64,17.61,0
Atripalda,2010,9,20,24.68,16.08,0
Atripalda,2010,9,21,23.91,14.48,0
Atripalda,2010,9,22,25.25,16.82,0
Atripalda,2010,9,23,25.67,15.57,0
Atripalda,2010,9,24,22.69,14.94,5.4
Atripalda,2010,9,25,21.54,15.17,25.7
Atripalda,2010,9,26,20.77,13.35,9.2
Atripalda,2010,9,27,22.68,13.42,0
Atripalda,2010,9,28,21.9,14,0
Atripalda,2010,9,29,21.88,13.66,0
Atripalda,2010,9,30,21.42,13.23,0
Atripalda,2010,10,1,22.19,12.71,0
Atripalda,2010,10,2,23.47,13.23,0
Atripalda,2010,10,3,24.88,13.9,0
Atripalda,2010,10,4,26.05,13.51,0
Atripalda,2010,10,5,24.77,16.37,0
Atripalda,2010,10,6,24.07,14.82,0
Atripalda,2010,10,7,24.83,14.31,0
Atripalda,2010,10,8,23.68,14.24,0
Atripalda,2010,10,9,21.53,12.3,0
Atripalda,2010,10,10,20.34,11.27,1.8
Atripalda,2010,10,11,17.11,12.58,6.8
Atripalda,2010,10,12,21.86,15.2,0
Atripalda,2010,10,13,21.92,16.44,23.5
Atripalda,2010,10,14,20.37,15.1,6.5
Atripalda,2010,10,15,19.18,13.97,2.7
Atripalda,2010,10,16,19.68,13.27,7.7
Atripalda,2010,10,17,20.42,11.79,3.4
Atripalda,2010,10,18,18.53,11.76,0
Atripalda,2010,10,19,16.8,11.23,13.7
Atripalda,2010,10,20,18.49,10.65,0
Atripalda,2010,10,21,19.73,10.58,0
Atripalda,2010,10,22,18.54,10.86,0
Atripalda,2010,10,23,20.04,12.24,0
Atripalda,2010,10,24,20,12.1,0
Atripalda,2010,10,25,17.71,10.39,17.8
Atripalda,2010,10,26,15.13,9.46,23.6
Atripalda,2010,10,27,16.06,9.84,0
Atripalda,2010,10,28,16.69,9.16,0
Atripalda,2010,10,29,18.07,7.94,0
Atripalda,2010,10,30,18.91,8.1,0
Atripalda,2010,10,31,18.84,13.35,0
Atripalda,2010,11,1,21.72,14.97,55.9
Atripalda,2010,11,2,18.1,12.3,27.7
Atripalda,2010,11,3,18.93,11.3,0
Atripalda,2010,11,4,21.43,12.13,0
Atripalda,2010,11,5,21.7,11.32,0
Atripalda,2010,11,6,20.5,11.29,0
Atripalda,2010,11,7,19.57,10.84,7.1
Atripalda,2010,11,8,15.19,11.45,34.3
Atripalda,2010,11,9,16.02,11.03,32
Atripalda,2010,11,10,18.12,12.75,11.4
Atripalda,2010,11,11,17.45,10.48,3.3
Atripalda,2010,11,12,16.77,7.68,0
Atripalda,2010,11,13,19.08,9.41,0
Atripalda,2010,11,14,21.01,12.64,0
Atripalda,2010,11,15,19.57,9.93,0
Atripalda,2010,11,16,15.8,9.12,12.6
Atripalda,2010,11,17,11.8,7.84,19.9
Atripalda,2010,11,18,13.74,7.75,18.4
Atripalda,2010,11,19,16.41,10.09,2.4
Atripalda,2010,11,20,14.89,8.98,20.8
Atripalda,2010,11,21,17.12,10.95,11.9
Atripalda,2010,11,22,16.4,9.7,21.9
Atripalda,2010,11,23,11.6,7.02,12
Atripalda,2010,11,24,10.99,6.71,6.4
Atripalda,2010,11,25,10.94,7.06,7.7
Atripalda,2010,11,26,11.69,6.64,16.7
Atripalda,2010,11,27,11.05,6.68,3.1
Atripalda,2010,11,28,16.48,9.5,12.1
Atripalda,2010,11,29,13.1,10.24,5.6
Atripalda,2010,11,30,14.58,8.46,23.7
Atripalda,2010,12,1,18.25,11.93,12.8
Atripalda,2010,12,2,16.48,11.46,9.7
Atripalda,2010,12,3,13.67,7.1,3.6
Atripalda,2010,12,4,10.63,4.67,2.7
Atripalda,2010,12,5,10.03,1.98,0
Atripalda,2010,12,6,15.31,8.17,2.7
Atripalda,2010,12,7,20.17,13.61,0
Atripalda,2010,12,8,22.22,13.46,0
Atripalda,2010,12,9,18.34,9.28,0
Atripalda,2010,12,10,10.97,4.19,0
Atripalda,2010,12,11,7.75,1.12,0
Atripalda,2010,12,12,10.27,4.01,3.4
Atripalda,2010,12,13,8.7,2.79,0
Atripalda,2010,12,14,6.38,-0.38,0
Atripalda,2010,12,15,2.94,-0.66,0
Atripalda,2010,12,16,4.1,-2.31,0
Atripalda,2010,12,17,6.17,-5.23,13.3
Atripalda,2010,12,18,10.16,3.44,12.2
Atripalda,2010,12,19,10.72,3.95,1.4
Atripalda,2010,12,20,13.38,10.23,3.4
Atripalda,2010,12,21,16.15,10.49,0
Atripalda,2010,12,22,15.87,11.04,0
Atripalda,2010,12,23,17.17,13.65,3.9
Atripalda,2010,12,24,14.25,9.63,16.3
Atripalda,2010,12,25,10.45,5.66,9.7
Atripalda,2010,12,26,9.25,2.94,6.5
Atripalda,2010,12,27,8.04,2.51,0
Atripalda,2010,12,28,8.7,0.64,0
Atripalda,2010,12,29,11.25,2.1,0
Atripalda,2010,12,30,12.52,2.25,0
Atripalda,2010,12,31,8.95,5.55,0
Atripalda,2011,1,1,11.53,5.88,0
Atripalda,2011,1,2,10.83,6.12,0
Atripalda,2011,1,3,9.88,4.47,0
Atripalda,2011,1,4,6.71,2.45,0
Atripalda,2011,1,5,8.49,2.68,2.3
Atripalda,2011,1,6,13.31,4.53,0
Atripalda,2011,1,7,16.09,8.82,0
Atripalda,2011,1,8,18.31,8.65,0
Atripalda,2011,1,9,17.07,8.59,0
Atripalda,2011,1,10,16.25,8.9,0
Atripalda,2011,1,11,13.5,7.65,5.9
Atripalda,2011,1,12,14.34,6.48,0
Atripalda,2011,1,13,15.41,5.16,0
Atripalda,2011,1,14,15.68,6.13,0
Atripalda,2011,1,15,15.53,6.39,0
Atripalda,2011,1,16,17.04,6.35,0
Atripalda,2011,1,17,17.71,6.3,0
Atripalda,2011,1,18,15.37,6,0
Atripalda,2011,1,19,11.14,7.53,0
Atripalda,2011,1,20,9.41,6.87,5.7
Atripalda,2011,1,21,8.15,4.67,8.9
Atripalda,2011,1,22,5.6,3.9,26
Atripalda,2011,1,23,5.13,2.4,4.6
Atripalda,2011,1,24,6.59,1.6,0
Atripalda,2011,1,25,8.27,0.98,0
Atripalda,2011,1,26,8.84,1.95,3
Atripalda,2011,1,27,10.99,4.35,1.1
Atripalda,2011,1,28,11.23,7.9,0
Atripalda,2011,1,29,10.54,7.54,0
Atripalda,2011,1,30,11.62,6.34,12.8
Atripalda,2011,1,31,13.24,5.69,3.2
Atripalda,2011,2,1,12.68,8.11,0
Atripalda,2011,2,2,12.68,5.88,0
Atripalda,2011,2,3,11.85,6.4,0
Atripalda,2011,2,4,14.34,6.4,0
Atripalda,2011,2,5,14.92,5.38,0
Atripalda,2011,2,6,16.08,7.38,0
Atripalda,2011,2,7,19.18,7.89,0
Atripalda,2011,2,8,17.36,7.76,0
Atripalda,2011,2,9,14.35,7.59,0
Atripalda,2011,2,10,15.19,6.04,0
Atripalda,2011,2,11,13.19,5.78,0
Atripalda,2011,2,12,12.71,5.78,0
Atripalda,2011,2,13,12.24,5.74,0
Atripalda,2011,2,14,14.21,4.28,0
Atripalda,2011,2,15,14.06,3.87,0
Atripalda,2011,2,16,12.04,6.62,19.7
Atripalda,2011,2,17,16.93,8.04,0
Atripalda,2011,2,18,15.48,8.16,0
Atripalda,2011,2,19,14.56,9.48,0
Atripalda,2011,2,20,13.15,5.96,3.3
Atripalda,2011,2,21,11.53,6.88,8.9
Atripalda,2011,2,22,11.92,4.41,0
Atripalda,2011,2,23,9.42,3.46,0
Atripalda,2011,2,24,8.34,2.54,0
Atripalda,2011,2,25,9.63,3.5,0
Atripalda,2011,2,26,9.24,1.71,0
Atripalda,2011,2,27,10.87,1.54,10.8
Atripalda,2011,2,28,11.01,5.22,18.1
Atripalda,2011,3,1,10.71,5.94,29.7
Atripalda,2011,3,2,10.69,4.85,18.3
Atripalda,2011,3,3,12.18,6.01,13.5
Atripalda,2011,3,4,11.12,6.92,2.8
Atripalda,2011,3,5,10.13,8.42,8.1
Atripalda,2011,3,6,10.33,6.89,0
Atripalda,2011,3,7,8.61,2.07,0
Atripalda,2011,3,8,8.79,0.31,0
Atripalda,2011,3,9,9.65,-0.77,0
Atripalda,2011,3,10,12.33,1.59,0
Atripalda,2011,3,11,13.97,2.85,0
Atripalda,2011,3,12,14.35,4.15,0
Atripalda,2011,3,13,12.45,8.98,15
Atripalda,2011,3,14,17.57,11.64,0
Atripalda,2011,3,15,19.33,11.8,0
Atripalda,2011,3,16,16.6,10.29,30.6
Atripalda,2011,3,17,14.64,10,17.3
Atripalda,2011,3,18,14.17,8.55,12.2
Atripalda,2011,3,19,16.03,8.28,0
Atripalda,2011,3,20,13.3,7.4,0
Atripalda,2011,3,21,11.51,6.91,0
Atripalda,2011,3,22,14.64,8.87,0
Atripalda,2011,3,23,15.23,6.71,0
Atripalda,2011,3,24,17.43,7.22,0
Atripalda,2011,3,25,16.83,7.65,0
Atripalda,2011,3,26,16.64,8.95,0
Atripalda,2011,3,27,16.47,8.72,0
Atripalda,2011,3,28,14.94,9.69,9.8
Atripalda,2011,3,29,15.85,9.85,6.1
Atripalda,2011,3,30,16,9.31,3.9
Atripalda,2011,3,31,18.18,8.58,0
Atripalda,2011,4,1,19.84,8.23,0
Atripalda,2011,4,2,21.33,10.33,0
Atripalda,2011,4,3,19.9,9.72,0
Atripalda,2011,4,4,18.91,10.07,0
Atripalda,2011,4,5,18.52,8.69,4
Atripalda,2011,4,6,20.02,9.87,0
Atripalda,2011,4,7,23.29,11.58,0
Atripalda,2011,4,8,21.18,12.47,0
Atripalda,2011,4,9,21.82,12.96,0
Atripalda,2011,4,10,18.98,11.67,0
Atripalda,2011,4,11,21.43,11.16,0
Atripalda,2011,4,12,18.51,8.14,0
Atripalda,2011,4,13,15.47,6.53,5
Atripalda,2011,4,14,15.24,4.93,0
Atripalda,2011,4,15,13.18,7.11,0
Atripalda,2011,4,16,14.47,9.51,0
Atripalda,2011,4,17,16.74,8.55,0
Atripalda,2011,4,18,18.14,8.37,0
Atripalda,2011,4,19,18.83,8.85,0
Atripalda,2011,4,20,19.5,10.16,0
Atripalda,2011,4,21,20.34,10.26,0
Atripalda,2011,4,22,20.88,10.8,0
Atripalda,2011,4,23,21.89,9.95,0
Atripalda,2011,4,24,20.61,11.91,0
Atripalda,2011,4,25,18.54,12.18,2.3
Atripalda,2011,4,26,15.31,12.83,2.8
Atripalda,2011,4,27,17.37,11.86,5.6
Atripalda,2011,4,28,18.83,11.01,4.2
Atripalda,2011,4,29,18.64,9.82,0
Atripalda,2011,4,30,15.03,11.86,15.8
Atripalda,2011,5,1,18.6,11.38,8.9
Atripalda,2011,5,2,18.74,11.52,7.7
Atripalda,2011,5,3,18.14,12.86,6.4
Atripalda,2011,5,4,18.64,10.64,10.3
Atripalda,2011,5,5,19.29,10.64,0
Atripalda,2011,5,6,19.63,9.83,0
Atripalda,2011,5,7,19.84,10,0
Atripalda,2011,5,8,19.8,9.15,0
Atripalda,2011,5,9,17.64,10,4.2
Atripalda,2011,5,10,20.99,10.2,0
Atripalda,2011,5,11,23.09,12.27,0
Atripalda,2011,5,12,23.63,13.16,0
Atripalda,2011,5,13,22.62,12.44,0
Atripalda,2011,5,14,22.42,12.74,0
Atripalda,2011,5,15,22.88,10.77,0
Atripalda,2011,5,16,16.84,9.96,5.6
Atripalda,2011,5,17,18.04,10.6,0
Atripalda,2011,5,18,20.07,10.57,0
Atripalda,2011,5,19,22.51,12.29,0
Atripalda,2011,5,20,23.03,12.8,0
Atripalda,2011,5,21,24.2,14.34,0
Atripalda,2011,5,22,23.06,15.69,0
Atripalda,2011,5,23,23.16,14.5,0
Atripalda,2011,5,24,23.72,16.23,4.5
Atripalda,2011,5,25,24.92,15.23,8
Atripalda,2011,5,26,25.92,16.74,0
Atripalda,2011,5,27,24.78,14.65,0
Atripalda,2011,5,28,23.73,14.69,0
Atripalda,2011,5,29,23.94,14.34,0
Atripalda,2011,5,30,24.75,15.79,0
Atripalda,2011,5,31,25.06,14.41,0
Atripalda,2011,6,1,23.35,14.94,5.1
Atripalda,2011,6,2,25.91,15.3,6.4
Atripalda,2011,6,3,26.42,15.24,0
Atripalda,2011,6,4,26.71,16.76,0
Atripalda,2011,6,5,26.45,17.45,3.5
Atripalda,2011,6,6,27.07,16.76,0
Atripalda,2011,6,7,27.91,18.71,0
Atripalda,2011,6,8,24.62,16.23,0
Atripalda,2011,6,9,23.29,15.33,0
Atripalda,2011,6,10,24.09,14.83,0
Atripalda,2011,6,11,24.08,14.99,6.6
Atripalda,2011,6,12,24.19,14.94,0
Atripalda,2011,6,13,23.58,14.7,0
Atripalda,2011,6,14,22.95,16.22,6.3
Atripalda,2011,6,15,25.45,16.78,0
Atripalda,2011,6,16,25.19,16.57,0
Atripalda,2011,6,17,26.67,16.09,0
Atripalda,2011,6,18,27.01,17.01,0
Atripalda,2011,6,19,26.68,16.75,0
Atripalda,2011,6,20,26.66,16.29,0
Atripalda,2011,6,21,28.16,17.37,0
Atripalda,2011,6,22,28.26,17.6,0
Atripalda,2011,6,23,29.3,18.01,0
Atripalda,2011,6,24,28.55,17.9,0
Atripalda,2011,6,25,28.38,17.68,0
Atripalda,2011,6,26,27.95,17.67,0
Atripalda,2011,6,27,28.36,18.99,0
Atripalda,2011,6,28,29.02,18.81,0
Atripalda,2011,6,29,28.99,19.06,0
Atripalda,2011,6,30,28.01,18.8,0
Atripalda,2011,7,1,28.02,18.44,0
Atripalda,2011,7,2,25.26,17.27,0
Atripalda,2011,7,3,26.9,17.27,0
Atripalda,2011,7,4,28.4,17.01,0
Atripalda,2011,7,5,27,18.25,18.6
Atripalda,2011,7,6,27.82,18.35,0
Atripalda,2011,7,7,28.76,18.94,0
Atripalda,2011,7,8,31.03,18.79,0
Atripalda,2011,7,9,31.77,20.17,0
Atripalda,2011,7,10,32.3,19.24,0
Atripalda,2011,7,11,32.95,20.7,0
Atripalda,2011,7,12,33.36,21.24,0
Atripalda,2011,7,13,34.66,21.32,0
Atripalda,2011,7,14,32,19.92,0
Atripalda,2011,7,15,30.3,19.18,0
Atripalda,2011,7,16,28.03,17.81,0
Atripalda,2011,7,17,27.34,17.5,0
Atripalda,2011,7,18,29.43,18.56,0
Atripalda,2011,7,19,29.12,19.12,0
Atripalda,2011,7,20,25.68,17.44,0
Atripalda,2011,7,21,26.59,15.99,0
Atripalda,2011,7,22,27.25,17.16,0
Atripalda,2011,7,23,27.09,17.75,0
Atripalda,2011,7,24,25.8,15.72,0
Atripalda,2011,7,25,24.61,16.21,0
Atripalda,2011,7,26,24.23,15.59,0
Atripalda,2011,7,27,25.19,16.68,0
Atripalda,2011,7,28,26.38,17.9,8.1
Atripalda,2011,7,29,25.15,17.09,0
Atripalda,2011,7,30,25.82,16.38,0
Atripalda,2011,7,31,26.66,17.08,0
Atripalda,2011,8,1,26.95,17.18,0
Atripalda,2011,8,2,27.9,19.02,0
Atripalda,2011,8,3,29.24,20.1,0
Atripalda,2011,8,4,29,20.27,0
Atripalda,2011,8,5,28.88,19.13,0
Atripalda,2011,8,6,28.53,19.46,0
Atripalda,2011,8,7,28.93,18.38,0
Atripalda,2011,8,8,29.47,19.36,0
Atripalda,2011,8,9,29.52,19.64,0
Atripalda,2011,8,10,27.88,18.47,0
Atripalda,2011,8,11,27.55,16.97,0
Atripalda,2011,8,12,27.18,17.09,0
Atripalda,2011,8,13,27.72,17.47,0
Atripalda,2011,8,14,28.17,17.99,0
Atripalda,2011,8,15,29.38,18.17,0
Atripalda,2011,8,16,30.8,19.22,0
Atripalda,2011,8,17,31.33,20.47,0
Atripalda,2011,8,18,31.21,21.41,0
Atripalda,2011,8,19,31.12,21.08,0
Atripalda,2011,8,20,34.06,21.63,0
Atripalda,2011,8,21,33.95,22.57,0
Atripalda,2011,8,22,34.45,22.48,0
Atripalda,2011,8,23,34.04,22.05,0
Atripalda,2011,8,24,32.28,20.96,0
Atripalda,2011,8,25,33.17,21.2,0
Atripalda,2011,8,26,32.59,21.76,0
Atripalda,2011,8,27,31.09,20.49,0
Atripalda,2011,8,28,29.58,19.53,0
Atripalda,2011,8,29,28.59,19.12,0
Atripalda,2011,8,30,28.23,19.2,0
Atripalda,2011,8,31,29,18.97,0
Atripalda,2011,9,1,30.16,19.12,0
Atripalda,2011,9,2,32.16,20.82,0
Atripalda,2011,9,3,31.86,22.52,0
Atripalda,2011,9,4,32.33,20.12,0
Atripalda,2011,9,5,28.96,18.86,0
Atripalda,2011,9,6,29.73,18.59,0
Atripalda,2011,9,7,27.92,19.19,0
Atripalda,2011,9,8,27.73,17.57,0
Atripalda,2011,9,9,29.48,18.81,0
Atripalda,2011,9,10,31.12,18.82,0
Atripalda,2011,9,11,30.29,19.04,0
Atripalda,2011,9,12,29.65,17.95,0
Atripalda,2011,9,13,30.08,19.67,0
Atripalda,2011,9,14,30.15,19.14,0
Atripalda,2011,9,15,30.87,18.62,0
Atripalda,2011,9,16,32.19,19.91,0
Atripalda,2011,9,17,31.08,19.11,0
Atripalda,2011,9,18,28.67,17.79,0
Atripalda,2011,9,19,24.62,14.57,13.9
Atripalda,2011,9,20,21.16,12.27,5.1
Atripalda,2011,9,21,25.37,15.83,0
Atripalda,2011,9,22,26.13,18.49,0
Atripalda,2011,9,23,25.85,17.53,0
Atripalda,2011,9,24,25.08,16.94,0
Atripalda,2011,9,25,25.45,16.77,0
Atripalda,2011,9,26,24.02,17.78,1.2
Atripalda,2011,9,27,26.34,19.23,0
Atripalda,2011,9,28,25.52,19.01,0
Atripalda,2011,9,29,25.87,16.76,0
Atripalda,2011,9,30,25.37,15.92,0
Atripalda,2011,10,1,26.22,16.62,0
Atripalda,2011,10,2,27.53,16.09,0
Atripalda,2011,10,3,26.82,15.6,0
Atripalda,2011,10,4,26.71,15.57,0
Atripalda,2011,10,5,26.36,14.79,0
Atripalda,2011,10,6,25.02,14.61,0
Atripalda,2011,10,7,23.31,13.39,3.2
Atripalda,2011,10,8,19.92,10.92,15.7
Atripalda,2011,10,9,15.64,8.6,0
Atripalda,2011,10,10,19.97,9.32,0
Atripalda,2011,10,11,24.61,12.06,0
Atripalda,2011,10,12,23.8,15.05,0
Atripalda,2011,10,13,23.03,15.49,0
Atripalda,2011,10,14,20.47,12.79,0
Atripalda,2011,10,15,18.01,11.78,0
Atripalda,2011,10,16,18.36,9.77,0
Atripalda,2011,10,17,18.15,8.23,0
Atripalda,2011,10,18,20.11,8.66,0
Atripalda,2011,10,19,19.82,10.8,0
Atripalda,2011,10,20,18.85,11.27,19.5
Atripalda,2011,10,21,18.68,11.71,4.8
Atripalda,2011,10,22,18.64,11.3,0
Atripalda,2011,10,23,20.02,11.56,0
Atripalda,2011,10,24,18.04,12.23,0
Atripalda,2011,10,25,22.15,12.39,0
Atripalda,2011,10,26,19.24,13.98,16.1
Atripalda,2011,10,27,20.62,13.48,0
Atripalda,2011,10,28,22.01,12.94,0
Atripalda,2011,10,29,21.18,12.72,0
Atripalda,2011,10,30,20.2,11.72,0
Atripalda,2011,10,31,19.75,12.05,0
Atripalda,2011,11,1,20.69,12.73,0
Atripalda,2011,11,2,20.53,11.07,0
Atripalda,2011,11,3,19.65,8.72,0
Atripalda,2011,11,4,20.56,11.01,0
Atripalda,2011,11,5,19.85,14.1,0
Atripalda,2011,11,6,19.88,11.67,12.7
Atripalda,2011,11,7,18.86,10.12,6.1
Atripalda,2011,11,8,19.77,12.85,1.4
Atripalda,2011,11,9,19.99,10.93,0
Atripalda,2011,11,10,19.33,11.36,0
Atripalda,2011,11,11,19.01,10.46,0
Atripalda,2011,11,12,18.18,10.64,0
Atripalda,2011,11,13,16.07,7.75,0
Atripalda,2011,11,14,17.07,7.19,0
Atripalda,2011,11,15,16,5.67,0
Atripalda,2011,11,16,16.45,6.84,0
Atripalda,2011,11,17,16.92,7.77,0
Atripalda,2011,11,18,16.67,7.36,0
Atripalda,2011,11,19,17.17,6.61,0
Atripalda,2011,11,20,18.53,8.36,0
Atripalda,2011,11,21,19.21,9.6,0
Atripalda,2011,11,22,17.03,11.83,17.4
Atripalda,2011,11,23,19.56,12.21,0
Atripalda,2011,11,24,18.61,10.75,0
Atripalda,2011,11,25,17.01,9.08,0
Atripalda,2011,11,26,17.8,9.87,0
Atripalda,2011,11,27,16.5,7.95,0
Atripalda,2011,11,28,16.65,7.5,0
Atripalda,2011,11,29,17.08,8.1,0
Atripalda,2011,11,30,16.82,7.89,0
Atripalda,2011,12,1,16.47,7.13,0
Atripalda,2011,12,2,15.05,6.97,0
Atripalda,2011,12,3,17.17,10.23,4.8
Atripalda,2011,12,4,16.91,10.65,10.6
Atripalda,2011,12,5,16.25,11.62,16.6
Atripalda,2011,12,6,15.21,9.27,6
Atripalda,2011,12,7,14.95,8.67,0
Atripalda,2011,12,8,16.04,8.35,0
Atripalda,2011,12,9,15.79,8.46,0
Atripalda,2011,12,10,15.64,10.54,0
Atripalda,2011,12,11,15.13,12.12,0
Atripalda,2011,12,12,16.31,9.81,13.6
Atripalda,2011,12,13,14.85,7.2,6.7
Atripalda,2011,12,14,16.06,8.73,2.9
Atripalda,2011,12,15,15.98,10.47,6.1
Atripalda,2011,12,16,14.87,8.51,6.5
Atripalda,2011,12,17,13,5.29,7.2
Atripalda,2011,12,18,8.51,3.1,10.2
Atripalda,2011,12,19,7.85,2.18,8.2
Atripalda,2011,12,20,7.6,-0.02,0
Atripalda,2011,12,21,9.65,2.34,0
Atripalda,2011,12,22,9.23,1.8,0
Atripalda,2011,12,23,12.19,2.94,0
Atripalda,2011,12,24,11.71,2.08,13.7
Atripalda,2011,12,25,9.84,4.69,17.2
Atripalda,2011,12,26,12.05,4.9,0
Atripalda,2011,12,27,12.5,4.8,0
Atripalda,2011,12,28,11.29,1.88,0
Atripalda,2011,12,29,11.43,2.65,0
Atripalda,2011,12,30,9.31,4.02,2
Atripalda,2011,12,31,10.36,2.32,0
Atripalda,2012,1,1,11.84,2.54,0
Atripalda,2012,1,2,12.69,6.01,0
Atripalda,2012,1,3,14.2,7.32,14.9
Atripalda,2012,1,4,13.14,6.91,3.4
Atripalda,2012,1,5,11.76,7.01,2.9
Atripalda,2012,1,6,9.86,3.93,9.2
Atripalda,2012,1,7,10.2,2.53,0
Atripalda,2012,1,8,11.29,2.09,0
Atripalda,2012,1,9,9.25,2.19,0
Atripalda,2012,1,10,9.73,1.26,0
Atripalda,2012,1,11,11.68,1.89,0
Atripalda,2012,1,12,12.37,1.66,0
Atripalda,2012,1,13,11.18,2.75,0
Atripalda,2012,1,14,10.66,3.69,0
Atripalda,2012,1,15,9.56,-0.73,0
Atripalda,2012,1,16,6.39,-2.02,0
Atripalda,2012,1,17,7.59,-3.01,0
Atripalda,2012,1,18,9.97,-2.05,0
Atripalda,2012,1,19,12.16,0.49,0
Atripalda,2012,1,20,10.91,6.6,6.3
Atripalda,2012,1,21,12.51,3.66,0
Atripalda,2012,1,22,12.39,4.94,0
Atripalda,2012,1,23,13.15,6.52,0
Atripalda,2012,1,24,12.33,5.46,0
Atripalda,2012,1,25,7.71,1.32,0
Atripalda,2012,1,26,8.32,-0.28,0
Atripalda,2012,1,27,9.37,-1.7,0
Atripalda,2012,1,28,9.85,-1.26,0
Atripalda,2012,1,29,9.94,2.21,0
Atripalda,2012,1,30,7.58,3.03,0
Atripalda,2012,1,31,6.8,2.57,0.6
Atripalda,2012,2,1,7.12,0.83,35.2
Atripalda,2012,2,2,7.28,0.12,7.4
Atripalda,2012,2,3,5.24,2.8,22.5
Atripalda,2012,2,4,5.08,-0.59,12.6
Atripalda,2012,2,5,6.36,-0.06,0
Atripalda,2012,2,6,5.05,0.74,0
Atripalda,2012,2,7,2.97,-0.79,6.3
Atripalda,2012,2,8,7.28,1.25,0
Atripalda,2012,2,9,7.08,1.16,0
Atripalda,2012,2,10,4.17,0.13,14.7
Atripalda,2012,2,11,6.33,0.86,6.6
Atripalda,2012,2,12,6.81,-0.14,3
Atripalda,2012,2,13,5.8,-2.48,0
Atripalda,2012,2,14,6.28,-2.22,0
Atripalda,2012,2,15,6.57,-2.78,0
Atripalda,2012,2,16,9.45,-0.56,0
Atripalda,2012,2,17,10.83,0.4,0
Atripalda,2012,2,18,12.88,0.92,0
Atripalda,2012,2,19,12.7,3.9,3.1
Atripalda,2012,2,20,11.59,4.9,2.6
Atripalda,2012,2,21,12.34,4.6,1.4
Atripalda,2012,2,22,13.02,8.33,0
Atripalda,2012,2,23,14.59,5.68,0
Atripalda,2012,2,24,16.48,4.72,0
Atripalda,2012,2,25,17.53,4.26,0
Atripalda,2012,2,26,12.58,5.12,4.1
Atripalda,2012,2,27,10.54,3.12,0
Atripalda,2012,2,28,12.05,0.4,0
Atripalda,2012,2,29,16.14,3.23,0
Atripalda,2012,3,1,18.69,8.04,0
Atripalda,2012,3,2,16.98,7.72,0
Atripalda,2012,3,3,14.4,8.1,0
Atripalda,2012,3,4,13.19,6.19,0
Atripalda,2012,3,5,13.85,4.72,5.4
Atripalda,2012,3,6,11.38,5.23,5.6
Atripalda,2012,3,7,11.36,3.17,0
Atripalda,2012,3,8,12.22,4.24,6.4
Atripalda,2012,3,9,12.79,6.02,0
Atripalda,2012,3,10,12.73,8.52,0
Atripalda,2012,3,11,14.05,7.83,0
Atripalda,2012,3,12,13.72,6.72,0
Atripalda,2012,3,13,16.39,7.25,0
Atripalda,2012,3,14,16.2,5.16,0
Atripalda,2012,3,15,17.81,6.21,0
Atripalda,2012,3,16,17.43,7.41,0
Atripalda,2012,3,17,16.74,8.2,0
Atripalda,2012,3,18,16.89,9.4,0
Atripalda,2012,3,19,16.36,9.41,0
Atripalda,2012,3,20,18.57,9.44,0
Atripalda,2012,3,21,19.4,7.32,0
Atripalda,2012,3,22,19.71,9.17,0
Atripalda,2012,3,23,20.75,10.12,0
Atripalda,2012,3,24,20.24,10.25,0
Atripalda,2012,3,25,19.01,10.57,0
Atripalda,2012,3,26,20.15,8.84,0
Atripalda,2012,3,27,18.78,8.96,0
Atripalda,2012,3,28,19.42,9.06,0
Atripalda,2012,3,29,18.49,7.73,0
Atripalda,2012,3,30,16.45,6.79,0
Atripalda,2012,3,31,16.93,8.44,0
Atripalda,2012,4,1,18.64,7.41,0
Atripalda,2012,4,2,18.92,8,0
Atripalda,2012,4,3,19.93,11.43,0
Atripalda,2012,4,4,20,11.53,0
Atripalda,2012,4,5,17.17,11.86,11.8
Atripalda,2012,4,6,15.92,10.94,0
Atripalda,2012,4,7,13.3,10.52,4.9
Atripalda,2012,4,8,13.09,6.46,10.4
Atripalda,2012,4,9,12.23,4.01,0
Atripalda,2012,4,10,16.7,2.97,0
Atripalda,2012,4,11,14.2,7.95,5.4
Atripalda,2012,4,12,15.91,8.64,0
Atripalda,2012,4,13,13.11,8.95,28.7
Atripalda,2012,4,14,12.32,9.44,24
Atripalda,2012,4,15,15.05,8.12,11.1
Atripalda,2012,4,16,13.7,7.05,17.5
Atripalda,2012,4,17,14.38,6.21,5.5
Atripalda,2012,4,18,15.77,6.97,2.5
Atripalda,2012,4,19,15.25,7.72,7.7
Atripalda,2012,4,20,13.68,8.45,13.6
Atripalda,2012,4,21,15.85,8.61,2.8
Atripalda,2012,4,22,15.88,10.8,0
Atripalda,2012,4,23,15.35,10.21,6.5
Atripalda,2012,4,24,15.95,8.91,1.5
Atripalda,2012,4,25,17.84,8.2,0
Atripalda,2012,4,26,19.67,8.7,0
Atripalda,2012,4,27,24.09,10.62,0
Atripalda,2012,4,28,24.06,15.56,0
Atripalda,2012,4,29,25.14,13.19,0
Atripalda,2012,4,30,24.71,14.9,0
Atripalda,2012,5,1,25.31,12.61,0
Atripalda,2012,5,2,23.1,12.35,0
Atripalda,2012,5,3,21.33,11.22,0
Atripalda,2012,5,4,19.68,10.25,0
Atripalda,2012,5,5,19.94,9.3,0
Atripalda,2012,5,6,19.17,11.4,2.4
Atripalda,2012,5,7,18.65,12.76,5.1
Atripalda,2012,5,8,20.48,11.64,0
Atripalda,2012,5,9,22.45,11.6,0
Atripalda,2012,5,10,24.03,12.82,0
Atripalda,2012,5,11,25.34,14.12,0
Atripalda,2012,5,12,24.12,13.92,0
Atripalda,2012,5,13,23.28,13.57,0
Atripalda,2012,5,14,15.61,9.29,9.5
Atripalda,2012,5,15,16.72,8.55,0
Atripalda,2012,5,16,18.48,7.86,0
Atripalda,2012,5,17,17.83,7.24,0
Atripalda,2012,5,18,19.14,8.19,0
Atripalda,2012,5,19,21.85,10.11,0
Atripalda,2012,5,20,23.33,12.1,0
Atripalda,2012,5,21,21.94,13.23,8.2
Atripalda,2012,5,22,16.79,10.92,19.1
Atripalda,2012,5,23,17.49,9.93,4.3
Atripalda,2012,5,24,22.4,13.1,0
Atripalda,2012,5,25,23.76,15.06,0
Atripalda,2012,5,26,22.03,13.32,9
Atripalda,2012,5,27,20.98,10.79,0
Atripalda,2012,5,28,18.8,10.88,4.8
Atripalda,2012,5,29,20.4,11.17,6
Atripalda,2012,5,30,22.13,13.29,0
Atripalda,2012,5,31,23.13,13.1,0
Atripalda,2012,6,1,22.12,13.94,0
Atripalda,2012,6,2,24.55,14.86,0
Atripalda,2012,6,3,24.81,15.22,0
Atripalda,2012,6,4,23.9,14.08,14.6
Atripalda,2012,6,5,22.18,13.57,15
Atripalda,2012,6,6,22.68,14.29,0
Atripalda,2012,6,7,24.62,14.34,0
Atripalda,2012,6,8,28.92,15.73,0
Atripalda,2012,6,9,28.57,18.05,0
Atripalda,2012,6,10,25.45,17.62,0
Atripalda,2012,6,11,24.36,17.16,0
Atripalda,2012,6,12,25.49,16.77,0
Atripalda,2012,6,13,23.58,15.32,0
Atripalda,2012,6,14,24.93,14.34,0
Atripalda,2012,6,15,27.32,16.2,0
Atripalda,2012,6,16,29.79,18,0
Atripalda,2012,6,17,30.6,18.17,0
Atripalda,2012,6,18,30.42,20,0
Atripalda,2012,6,19,31.22,19.75,0
Atripalda,2012,6,20,30.32,20.39,0
Atripalda,2012,6,21,30.08,20.79,0
Atripalda,2012,6,22,29.48,19.28,0
Atripalda,2012,6,23,31.03,20.17,0
Atripalda,2012,6,24,29.85,19.78,0
Atripalda,2012,6,25,28.18,17.94,0
Atripalda,2012,6,26,30.19,18.25,0
Atripalda,2012,6,27,30.2,21.31,0
Atripalda,2012,6,28,31.01,20.15,0
Atripalda,2012,6,29,29.1,20.6,0
Atripalda,2012,6,30,31.47,21.27,0
Atripalda,2012,7,1,31.44,21.2,0
Atripalda,2012,7,2,30.63,21.09,0
Atripalda,2012,7,3,29.99,20.06,0
Atripalda,2012,7,4,29.15,19.21,0
Atripalda,2012,7,5,29.2,20.19,0
Atripalda,2012,7,6,29.4,19.21,0
Atripalda,2012,7,7,29.61,20,0
Atripalda,2012,7,8,30.54,20.29,0
Atripalda,2012,7,9,31.77,20.72,0
Atripalda,2012,7,10,31.68,21.65,0
Atripalda,2012,7,11,31.1,19.77,0
Atripalda,2012,7,12,30.74,20.59,0
Atripalda,2012,7,13,29.02,19.96,0
Atripalda,2012,7,14,30.5,19.07,0
Atripalda,2012,7,15,30.81,19.84,0
Atripalda,2012,7,16,29.36,18.06,0
Atripalda,2012,7,17,29.31,18.52,0
Atripalda,2012,7,18,31.15,20.61,0
Atripalda,2012,7,19,30.75,19.66,0
Atripalda,2012,7,20,30.97,19.4,0
Atripalda,2012,7,21,31.54,18.05,0
Atripalda,2012,7,22,27.96,19.54,0
Atripalda,2012,7,23,24.91,18.43,37.4
Atripalda,2012,7,24,24.72,18.34,11.7
Atripalda,2012,7,25,25.62,18.73,11.4
Atripalda,2012,7,26,28.25,20.02,0
Atripalda,2012,7,27,31.08,21.32,0
Atripalda,2012,7,28,32.27,21.48,0
Atripalda,2012,7,29,32.36,20.89,0
Atripalda,2012,7,30,31.89,21.1,0
Atripalda,2012,7,31,30.67,19.82,0
Atripalda,2012,8,1,30.66,21.77,0
Atripalda,2012,8,2,30.28,20.92,0
Atripalda,2012,8,3,31.57,20.11,0
Atripalda,2012,8,4,32.56,20.22,0
Atripalda,2012,8,5,33.61,21.56,0
Atripalda,2012,8,6,33.64,21.81,0
Atripalda,2012,8,7,34.82,22.51,0
Atripalda,2012,8,8,33.83,21.95,0
Atripalda,2012,8,9,31.73,20.78,0
Atripalda,2012,8,10,30.65,20.55,0
Atripalda,2012,8,11,29.35,20.04,0
Atripalda,2012,8,12,28.96,18.52,0
Atripalda,2012,8,13,29.55,20.04,0
Atripalda,2012,8,14,29.4,20,0
Atripalda,2012,8,15,30.16,21.03,0
Atripalda,2012,8,16,29.92,20.57,0
Atripalda,2012,8,17,31.77,21.64,0
Atripalda,2012,8,18,31.82,23.08,0
Atripalda,2012,8,19,32.75,21.89,0
Atripalda,2012,8,20,32.31,21.73,0
Atripalda,2012,8,21,31.74,21.77,0
Atripalda,2012,8,22,32.16,22.04,0
Atripalda,2012,8,23,33.51,21.35,0
Atripalda,2012,8,24,31.69,21.48,0
Atripalda,2012,8,25,31.05,21.16,0
Atripalda,2012,8,26,30.49,20.56,0
Atripalda,2012,8,27,29.8,20.45,0
Atripalda,2012,8,28,28.88,19.4,0
Atripalda,2012,8,29,29.29,18.56,0
Atripalda,2012,8,30,29.95,20.18,0
Atripalda,2012,8,31,29.43,18.57,0
Atripalda,2012,9,1,25.44,16.47,4.3
Atripalda,2012,9,2,27.84,17.49,5.9
Atripalda,2012,9,3,26.96,17.97,11.7
Atripalda,2012,9,4,24.12,17.69,14.4
Atripalda,2012,9,5,25.03,18.8,10.9
Atripalda,2012,9,6,26.08,18.9,10.7
Atripalda,2012,9,7,27.98,18.47,0
Atripalda,2012,9,8,28.24,18.07,0
Atripalda,2012,9,9,27.65,18.44,0
Atripalda,2012,9,10,26.33,18.15,0
Atripalda,2012,9,11,26.47,18.13,0
Atripalda,2012,9,12,25.51,16.33,0
Atripalda,2012,9,13,23.32,15.92,36.6
Atripalda,2012,9,14,19.9,14.75,22.7
Atripalda,2012,9,15,24.57,15.32,0
Atripalda,2012,9,16,24.71,15.73,0
Atripalda,2012,9,17,24.48,15.04,0
Atripalda,2012,9,18,24.66,16.09,0
Atripalda,2012,9,19,23.48,14.58,26.2
Atripalda,2012,9,20,23.45,15.06,0
Atripalda,2012,9,21,23.02,12.82,0
Atripalda,2012,9,22,23.62,13.64,0
Atripalda,2012,9,23,27.35,16.57,0
Atripalda,2012,9,24,28.42,18.38,0
Atripalda,2012,9,25,25.24,18.98,0
Atripalda,2012,9,26,25.82,17.59,0
Atripalda,2012,9,27,27.88,20.02,0
Atripalda,2012,9,28,28.96,19.59,0
Atripalda,2012,9,29,32.57,18.89,0
Atripalda,2012,9,30,25.75,17.43,6.4
Atripalda,2012,10,1,27.04,18.31,0
Atripalda,2012,10,2,24.38,16.55,0
Atripalda,2012,10,3,22.66,16.37,0
Atripalda,2012,10,4,23.77,14.97,0
Atripalda,2012,10,5,25.35,13.92,0
Atripalda,2012,10,6,25.33,14.94,0
Atripalda,2012,10,7,22.89,14.68,0
Atripalda,2012,10,8,24.99,15.31,0
Atripalda,2012,10,9,21.39,15.4,6.3
Atripalda,2012,10,10,23.82,15.93,0
Atripalda,2012,10,11,22.99,16.2,0
Atripalda,2012,10,12,22.06,16.6,10
Atripalda,2012,10,13,21.7,14.98,12.5
Atripalda,2012,10,14,22.06,14.97,7.6
Atripalda,2012,10,15,22.74,14.89,14.2
Atripalda,2012,10,16,20.86,13.47,2.5
Atripalda,2012,10,17,22.55,12.16,0
Atripalda,2012,10,18,23.86,12.15,0
Atripalda,2012,10,19,25.4,12.71,0
Atripalda,2012,10,20,24.92,14.76,0
Atripalda,2012,10,21,25.85,13.98,0
Atripalda,2012,10,22,22.72,14.16,0
Atripalda,2012,10,23,22.71,13.97,0
Atripalda,2012,10,24,23.64,13.98,0
Atripalda,2012,10,25,22.89,12.48,0
Atripalda,2012,10,26,22.05,12.41,25
Atripalda,2012,10,27,21.06,15.09,19.4
Atripalda,2012,10,28,17.15,8.95,9.7
Atripalda,2012,10,29,11.3,6.15,13
Atripalda,2012,10,30,14.71,6.59,0
Atripalda,2012,10,31,16.66,10.16,35.2
Atripalda,2012,11,1,19.25,13.64,8.9
Atripalda,2012,11,2,19.64,11.98,0
Atripalda,2012,11,3,19.23,11.2,0
Atripalda,2012,11,4,20.97,13.77,31.2
Atripalda,2012,11,5,21.77,14.64,6.4
Atripalda,2012,11,6,17.97,12.5,0
Atripalda,2012,11,7,16.08,8.88,3
Atripalda,2012,11,8,16.72,6.63,0
Atripalda,2012,11,9,17.04,6.72,0
Atripalda,2012,11,10,19.34,7.62,0
Atripalda,2012,11,11,21.34,13.37,0
Atripalda,2012,11,12,21.54,15.82,0
Atripalda,2012,11,13,20.4,13.94,0
Atripalda,2012,11,14,19.87,12.98,0
Atripalda,2012,11,15,18.59,12.54,0
Atripalda,2012,11,16,17.02,11.21,0
Atripalda,2012,11,17,17.27,11.64,2.1
Atripalda,2012,11,18,16.12,12.52,25.2
Atripalda,2012,11,19,15.78,14.18,9.2
Atripalda,2012,11,20,13.8,12.43,6
Atripalda,2012,11,21,17.26,11.57,0
Atripalda,2012,11,22,18.16,10.06,0
Atripalda,2012,11,23,17.13,10.95,0
Atripalda,2012,11,24,17.76,9.41,0
Atripalda,2012,11,25,17.5,7.76,0
Atripalda,2012,11,26,16.57,6.55,0
Atripalda,2012,11,27,16.91,8.51,0
Atripalda,2012,11,28,18.66,10.5,24.4
Atripalda,2012,11,29,12.27,8.42,31.8
Atripalda,2012,11,30,13.21,6.08,10.1
Atripalda,2012,12,1,12.32,5.43,14.1
Atripalda,2012,12,2,11.97,6.78,15.8
Atripalda,2012,12,3,9.04,1.91,4.5
Atripalda,2012,12,4,10.51,2.39,11.8
Atripalda,2012,12,5,11.07,3.45,8.8
Atripalda,2012,12,6,8.74,0.77,0
Atripalda,2012,12,7,8.64,-0.27,8.8
Atripalda,2012,12,8,9.09,3.03,16.9
Atripalda,2012,12,9,6.45,-0.21,0
Atripalda,2012,12,10,7.4,0.24,11.7
Atripalda,2012,12,11,8.41,2.16,7.6
Atripalda,2012,12,12,7.66,-0.76,0
Atripalda,2012,12,13,7.12,-1.11,0
Atripalda,2012,12,14,12.76,5.24,15.9
Atripalda,2012,12,15,15.53,12.06,1.5
Atripalda,2012,12,16,17.87,11.74,2.5
Atripalda,2012,12,17,15.6,7.23,11.4
Atripalda,2012,12,18,12.09,5.11,0
Atripalda,2012,12,19,11.11,4.09,0
Atripalda,2012,12,20,10.88,3.21,0
Atripalda,2012,12,21,7.91,4.91,3.5
Atripalda,2012,12,22,13.29,4.08,0
Atripalda,2012,12,23,13.55,4.22,0
Atripalda,2012,12,24,15.48,6.12,0
Atripalda,2012,12,25,16.72,7.34,0
Atripalda,2012,12,26,15.64,8.26,0
Atripalda,2012,12,27,15.04,7.6,4.6
Atripalda,2012,12,28,12.83,7.59,0
Atripalda,2012,12,29,12.38,4.5,0
Atripalda,2012,12,30,13.13,4.2,0
Atripalda,2012,12,31,13.54,3.98,0
Atripalda,2013,1,1,12.41,3.96,0
Atripalda,2013,1,2,12.39,5.49,2.8
Atripalda,2013,1,3,14.25,5.78,0
Atripalda,2013,1,4,13.03,5.55,0
Atripalda,2013,1,5,9.73,4.36,0
Atripalda,2013,1,6,13.09,5.18,0
Atripalda,2013,1,7,13.64,5.02,0
Atripalda,2013,1,8,11.2,3.94,0
Atripalda,2013,1,9,12.17,5.49,0
Atripalda,2013,1,10,10.76,7.56,5.2
Atripalda,2013,1,11,11.89,5.57,5.6
Atripalda,2013,1,12,12.32,3.36,1.3
Atripalda,2013,1,13,10.93,6.23,6
Atripalda,2013,1,14,11.91,6.94,16.4
Atripalda,2013,1,15,10.8,5.68,14.5
Atripalda,2013,1,16,7.66,1.96,16.2
Atripalda,2013,1,17,8.79,1.77,28.7
Atripalda,2013,1,18,6.58,1.1,9.1
Atripalda,2013,1,19,9.78,0.93,6.3
Atripalda,2013,1,20,14.91,9.5,27.3
Atripalda,2013,1,21,13.81,8.7,12.1
Atripalda,2013,1,22,10.38,6.24,8.3
Atripalda,2013,1,23,9.61,3.74,9.9
Atripalda,2013,1,24,10.03,4.75,12.2
Atripalda,2013,1,25,8.16,3.45,0
Atripalda,2013,1,26,8.28,2.87,0
Atripalda,2013,1,27,10.47,2.98,0
Atripalda,2013,1,28,9.45,2.47,4.4
Atripalda,2013,1,29,14.18,5.74,0
Atripalda,2013,1,30,15.43,4.22,0
Atripalda,2013,1,31,17.89,6.91,0
Atripalda,2013,2,1,15.53,7.81,0
Atripalda,2013,2,2,16.38,7.67,7.5
Atripalda,2013,2,3,7.7,3.73,7.9
Atripalda,2013,2,4,10.96,1.76,0
Atripalda,2013,2,5,11.73,2.89,0
Atripalda,2013,2,6,10.81,4.29,9.5
Atripalda,2013,2,7,7.8,2.45,9.3
Atripalda,2013,2,8,7.26,2.46,4
Atripalda,2013,2,9,5.87,0.06,7.2
Atripalda,2013,2,10,5.35,-1.84,0
Atripalda,2013,2,11,9.42,-0.22,15.8
Atripalda,2013,2,12,10.62,4.91,9.8
Atripalda,2013,2,13,10.87,2.67,15.6
Atripalda,2013,2,14,11.61,3.49,0
Atripalda,2013,2,15,11.91,3.04,0
Atripalda,2013,2,16,12.29,5.52,2.7
Atripalda,2013,2,17,11.84,3.57,0
Atripalda,2013,2,18,9.48,2.72,3.4
Atripalda,2013,2,19,10.23,2.25,0
Atripalda,2013,2,20,11.73,1.79,0
Atripalda,2013,2,21,11.69,3.67,0
Atripalda,2013,2,22,10.59,3.77,8.5
Atripalda,2013,2,23,12.31,4.93,12
Atripalda,2013,2,24,11.29,3.19,3.3
Atripalda,2013,2,25,10.36,2.63,0
Atripalda,2013,2,26,9.92,3.3,0
Atripalda,2013,2,27,12.36,3.05,0
Atripalda,2013,2,28,13.52,3.17,0
Atripalda,2013,3,1,12.52,4.92,0
Atripalda,2013,3,2,12.19,5.57,0
Atripalda,2013,3,3,13.29,3.88,0
Atripalda,2013,3,4,13.33,3.37,0
Atripalda,2013,3,5,13.59,4.44,0
Atripalda,2013,3,6,13.95,10.41,18.4
Atripalda,2013,3,7,15.29,11.43,5.5
Atripalda,2013,3,8,14.71,10.62,9.7
Atripalda,2013,3,9,16.4,10.18,0
Atripalda,2013,3,10,16.95,10.2,8
Atripalda,2013,3,11,14.58,9.77,5.3
Atripalda,2013,3,12,13.61,7.47,24.6
Atripalda,2013,3,13,11.53,7.19,17.5
Atripalda,2013,3,14,9.56,5.21,6.4
Atripalda,2013,3,15,6.9,1.35,7.2
Atripalda,2013,3,16,9.32,1.42,0
Atripalda,2013,3,17,10.42,0.95,2.4
Atripalda,2013,3,18,14.18,9.07,9.8
Atripalda,2013,3,19,14.34,8.29,0
Atripalda,2013,3,20,15.52,6.08,5.9
Atripalda,2013,3,21,15,7.73,3.8
Atripalda,2013,3,22,14.48,5.14,0
Atripalda,2013,3,23,15.29,4.56,0
Atripalda,2013,3,24,19.96,8.94,0
Atripalda,2013,3,25,14.55,8.46,21
Atripalda,2013,3,26,12.89,6.93,17.1
Atripalda,2013,3,27,15.06,6.88,0
Atripalda,2013,3,28,14.52,7.84,1.7
Atripalda,2013,3,29,19.23,12.11,2.6
Atripalda,2013,3,30,16.61,11.44,4.2
Atripalda,2013,3,31,13.23,10.19,10.6
Atripalda,2013,4,1,16.7,7.92,9.9
Atripalda,2013,4,2,13.35,9.23,19.4
Atripalda,2013,4,3,14.24,6.62,0
Atripalda,2013,4,4,16.83,5.83,0
Atripalda,2013,4,5,17.36,10.72,0
Atripalda,2013,4,6,17.35,7.68,0
Atripalda,2013,4,7,16.49,8.75,0
Atripalda,2013,4,8,15.91,6.49,0
Atripalda,2013,4,9,16.89,8.9,3.9
Atripalda,2013,4,10,17.63,10.13,0
Atripalda,2013,4,11,18.15,9.18,0
Atripalda,2013,4,12,19.15,9.72,0
Atripalda,2013,4,13,19.22,11.46,0
Atripalda,2013,4,14,21.58,11.54,0
Atripalda,2013,4,15,20.36,13.27,0
Atripalda,2013,4,16,18.97,10.9,0
Atripalda,2013,4,17,20.4,11.22,0
Atripalda,2013,4,18,20.52,11.21,0
Atripalda,2013,4,19,20.84,11.97,0
Atripalda,2013,4,20,19.96,11.74,0
Atripalda,2013,4,21,17.77,10.06,5.2
Atripalda,2013,4,22,15.4,9.04,12.3
Atripalda,2013,4,23,18.3,9.14,0
Atripalda,2013,4,24,22.45,12.8,0
Atripalda,2013,4,25,23.51,14.84,0
Atripalda,2013,4,26,24.4,13.47,12.4
Atripalda,2013,4,27,18.35,12.93,1.4
Atripalda,2013,4,28,23.28,12.46,0
Atripalda,2013,4,29,27.1,15.41,0
Atripalda,2013,4,30,27.9,16.3,0
Atripalda,2013,5,1,26.98,16.03,0
Atripalda,2013,5,2,25.59,15.51,0
Atripalda,2013,5,3,25.42,14.55,0
Atripalda,2013,5,4,26.41,16.18,0
Atripalda,2013,5,5,24.89,15.64,0
Atripalda,2013,5,6,20.97,14.08,5.1
Atripalda,2013,5,7,20.28,12.94,4.7
Atripalda,2013,5,8,20.89,12.89,0
Atripalda,2013,5,9,22.64,12.18,0
Atripalda,2013,5,10,21.96,12.8,0
Atripalda,2013,5,11,21.31,13.43,0
Atripalda,2013,5,12,20.55,11.47,0
Atripalda,2013,5,13,20.29,11.13,0
Atripalda,2013,5,14,22.09,9.3,0
Atripalda,2013,5,15,21.75,10.6,0
Atripalda,2013,5,16,23.73,14.3,5.2
Atripalda,2013,5,17,21.03,12.57,0
Atripalda,2013,5,18,26.73,12.25,0
Atripalda,2013,5,19,23.11,13.74,0
Atripalda,2013,5,20,20.83,11.78,0
Atripalda,2013,5,21,21.79,11.86,4.2
Atripalda,2013,5,22,24.46,14.22,12.9
Atripalda,2013,5,23,18.98,12.09,11.6
Atripalda,2013,5,24,19.89,10.75,4.7
Atripalda,2013,5,25,19.33,9.27,5.6
Atripalda,2013,5,26,17.59,9.13,2.1
Atripalda,2013,5,27,18.92,9.53,0
Atripalda,2013,5,28,23.43,10.41,0
Atripalda,2013,5,29,20.75,11.01,3.9
Atripalda,2013,5,30,18.35,10.24,6.8
Atripalda,2013,5,31,16.99,8.89,9.3
Atripalda,2013,6,1,18.52,10.32,7.7
Atripalda,2013,6,2,19.24,11.24,0
Atripalda,2013,6,3,20.58,11.67,0
Atripalda,2013,6,4,19.59,12.85,6.4
Atripalda,2013,6,5,20.72,12.36,0
Atripalda,2013,6,6,23.24,13.36,0
Atripalda,2013,6,7,24.34,14.31,0
Atripalda,2013,6,8,23.87,14.94,0
Atripalda,2013,6,9,24.21,15.61,0
Atripalda,2013,6,10,23.14,15.48,0
Atripalda,2013,6,11,23.05,13.24,5.9
Atripalda,2013,6,12,24.6,15.06,0
Atripalda,2013,6,13,26.07,15.08,0
Atripalda,2013,6,14,26.2,14.91,0
Atripalda,2013,6,15,26.47,16.8,0
Atripalda,2013,6,16,27.54,17.59,0
Atripalda,2013,6,17,30.07,19.5,0
Atripalda,2013,6,18,30.07,21.34,0
Atripalda,2013,6,19,31.34,20.41,0
Atripalda,2013,6,20,31.15,19.45,0
Atripalda,2013,6,21,30.09,19.41,0
Atripalda,2013,6,22,28.85,18.49,0
Atripalda,2013,6,23,27.12,17.92,0
Atripalda,2013,6,24,24.93,16.09,0
Atripalda,2013,6,25,23.93,15.34,0
Atripalda,2013,6,26,24.83,14.57,0
Atripalda,2013,6,27,24.13,14.08,0
Atripalda,2013,6,28,24.01,13.84,0
Atripalda,2013,6,29,23.42,15.21,8.4
Atripalda,2013,6,30,24.48,14.42,0
Atripalda,2013,7,1,25.38,14.13,0
Atripalda,2013,7,2,26.67,15.71,0
Atripalda,2013,7,3,26.53,15.46,0
Atripalda,2013,7,4,23.74,16.55,0
Atripalda,2013,7,5,28.32,16.65,0
Atripalda,2013,7,6,28.76,18.74,4.9
Atripalda,2013,7,7,27.76,19.14,8.3
Atripalda,2013,7,8,28.62,18.11,5.3
Atripalda,2013,7,9,27.37,17.66,0
Atripalda,2013,7,10,27.57,17.09,0
Atripalda,2013,7,11,26.35,17.43,0
Atripalda,2013,7,12,27.64,17.61,0
Atripalda,2013,7,13,27.85,18.33,0
Atripalda,2013,7,14,28.4,18.84,0
Atripalda,2013,7,15,28.64,18.66,0
Atripalda,2013,7,16,29,19.24,0
Atripalda,2013,7,17,28.98,18.59,0
Atripalda,2013,7,18,28.19,18.81,0
Atripalda,2013,7,19,27.4,18.28,0
Atripalda,2013,7,20,28.3,17.42,0
Atripalda,2013,7,21,29.23,18.86,0
Atripalda,2013,7,22,29.66,18.44,0
Atripalda,2013,7,23,28.94,19.92,0
Atripalda,2013,7,24,29.66,20.34,0
Atripalda,2013,7,25,29.24,20.61,0
Atripalda,2013,7,26,30.72,21.22,0
Atripalda,2013,7,27,31.92,22.02,0
Atripalda,2013,7,28,31.93,22.23,0
Atripalda,2013,7,29,32.66,21.84,0
Atripalda,2013,7,30,30.09,20.76,0
Atripalda,2013,7,31,30.71,21.02,0
Atripalda,2013,8,1,31.52,21.2,0
Atripalda,2013,8,2,30.8,21.4,0
Atripalda,2013,8,3,32.17,21.05,0
Atripalda,2013,8,4,33.88,21.64,0
Atripalda,2013,8,5,33.98,21.22,0
Atripalda,2013,8,6,32.77,22.69,0
Atripalda,2013,8,7,34.33,22.58,0
Atripalda,2013,8,8,34.25,21.08,0
Atripalda,2013,8,9,31.42,20.17,3.9
Atripalda,2013,8,10,28.24,19.48,4.1
Atripalda,2013,8,11,29.15,19.18,0
Atripalda,2013,8,12,30.02,20.38,0
Atripalda,2013,8,13,29.52,19.8,0
Atripalda,2013,8,14,30.62,19.84,0
Atripalda,2013,8,15,30.01,20.09,0
Atripalda,2013,8,16,30.28,21.83,0
Atripalda,2013,8,17,30.35,20.34,0
Atripalda,2013,8,18,29.56,19.72,0
Atripalda,2013,8,19,30.27,20.23,0
Atripalda,2013,8,20,28.33,19.4,0
Atripalda,2013,8,21,29.15,18.43,0
Atripalda,2013,8,22,29.06,19.9,0
Atripalda,2013,8,23,28.72,20.09,0
Atripalda,2013,8,24,28.28,18.32,0
Atripalda,2013,8,25,25.64,17.86,27.2
Atripalda,2013,8,26,27.53,19.19,0
Atripalda,2013,8,27,29.59,19.63,25.5
Atripalda,2013,8,28,26.74,18.17,0
Atripalda,2013,8,29,27.36,17.18,0
Atripalda,2013,8,30,26.99,18.01,0
Atripalda,2013,8,31,27.09,17.88,0
Atripalda,2013,9,1,26.92,17.66,0
Atripalda,2013,9,2,27.01,16.67,0
Atripalda,2013,9,3,28.97,17.8,0
Atripalda,2013,9,4,30.14,18.45,0
Atripalda,2013,9,5,29.24,18.8,0
Atripalda,2013,9,6,27.91,18.59,0
Atripalda,2013,9,7,28.55,18.99,0
Atripalda,2013,9,8,28.39,18.01,0
Atripalda,2013,9,9,26.46,19.06,0
Atripalda,2013,9,10,25.55,17.93,7.9
Atripalda,2013,9,11,26.08,17.69,10.5
Atripalda,2013,9,12,23.72,16.9,5.3
Atripalda,2013,9,13,23.15,15.18,0
Atripalda,2013,9,14,25.62,15.14,0
Atripalda,2013,9,15,23.07,14.01,12.1
Atripalda,2013,9,16,24.01,15.27,4.9
Atripalda,2013,9,17,22.45,14.79,4.3
Atripalda,2013,9,18,24.01,14.4,0
Atripalda,2013,9,19,23.95,15.31,0
Atripalda,2013,9,20,25.8,16.23,0
Atripalda,2013,9,21,25.63,15.78,0
Atripalda,2013,9,22,24.3,15.9,0
Atripalda,2013,9,23,23.27,13.67,0
Atripalda,2013,9,24,25.43,12.82,0
Atripalda,2013,9,25,24.75,14.29,0
Atripalda,2013,9,26,26.36,15.02,0
Atripalda,2013,9,27,25.81,16.37,0
Atripalda,2013,9,28,24.95,16.84,0
Atripalda,2013,9,29,24.88,17.78,16.2
Atripalda,2013,9,30,23.68,16.22,28.2
Atripalda,2013,10,1,23.74,14.59,0
Atripalda,2013,10,2,23.14,14.62,0
Atripalda,2013,10,3,21.43,12.99,0
Atripalda,2013,10,4,20.92,11.69,0
Atripalda,2013,10,5,20.73,14.76,23.5
Atripalda,2013,10,6,22.22,16.71,27.5
Atripalda,2013,10,7,23.91,15.81,0
Atripalda,2013,10,8,21.88,16.03,12.1
Atripalda,2013,10,9,20.68,14.54,7.3
Atripalda,2013,10,10,21.29,14.42,3.9
Atripalda,2013,10,11,22.9,15.82,4.6
Atripalda,2013,10,12,22.98,15.48,1
Atripalda,2013,10,13,25.81,15.52,0
Atripalda,2013,10,14,24.44,16.41,0
Atripalda,2013,10,15,21.65,16.56,0
Atripalda,2013,10,16,21.3,14.22,10.5
Atripalda,2013,10,17,21.79,12.27,0
Atripalda,2013,10,18,23.17,11.38,0
Atripalda,2013,10,19,24.04,12.8,0
Atripalda,2013,10,20,23.24,13.03,0
Atripalda,2013,10,21,23.81,15.42,0
Atripalda,2013,10,22,25.15,15.73,0
Atripalda,2013,10,23,24.97,13.51,0
Atripalda,2013,10,24,20.6,14.24,0
Atripalda,2013,10,25,24.11,14.56,0
Atripalda,2013,10,26,23.9,13.94,0
Atripalda,2013,10,27,22.81,13.74,0
Atripalda,2013,10,28,22.21,15.01,0
Atripalda,2013,10,29,23.17,13.27,0
Atripalda,2013,10,30,22.22,12.37,0
Atripalda,2013,10,31,22.16,14.34,0
Atripalda,2013,11,1,23.1,14.25,0
Atripalda,2013,11,2,21.74,13.36,1.7
Atripalda,2013,11,3,22.48,15.52,0
Atripalda,2013,11,4,22.62,16.26,3
Atripalda,2013,11,5,18.62,12.61,19.6
Atripalda,2013,11,6,19.62,11.19,0
Atripalda,2013,11,7,23.68,13.25,0
Atripalda,2013,11,8,21.51,12.86,0
Atripalda,2013,11,9,21.27,13.58,0
Atripalda,2013,11,10,18.89,11.9,12.7
Atripalda,2013,11,11,13.76,10.1,10.5
Atripalda,2013,11,12,15.63,12.3,6.1
Atripalda,2013,11,13,17.33,13.94,0
Atripalda,2013,11,14,20.55,12.8,2.9
Atripalda,2013,11,15,17.34,11.44,14.6
Atripalda,2013,11,16,17.56,13.75,0
Atripalda,2013,11,17,18.94,11.64,0
Atripalda,2013,11,18,17.85,9.97,0
Atripalda,2013,11,19,17.51,10.85,41.3
Atripalda,2013,11,20,15.82,9.77,13.2
Atripalda,2013,11,21,13.88,7.69,13
Atripalda,2013,11,22,12.62,7.05,18.1
Atripalda,2013,11,23,11.19,6.49,15.9
Atripalda,2013,11,24,11.59,5.27,3.8
Atripalda,2013,11,25,12.2,3.48,4.7
Atripalda,2013,11,26,7.31,3,0
Atripalda,2013,11,27,6.77,2.1,4.7
Atripalda,2013,11,28,8.33,2.12,2
Atripalda,2013,11,29,12.15,5.71,0
Atripalda,2013,11,30,12.5,5.4,8.3
Atripalda,2013,12,1,13.78,10,14.4
Atripalda,2013,12,2,13.49,10.63,18.5
Atripalda,2013,12,3,14.69,7.81,0
Atripalda,2013,12,4,15.2,6.96,0
Atripalda,2013,12,5,14.1,5.67,0
Atripalda,2013,12,6,12.23,4.89,0
Atripalda,2013,12,7,13.53,4.21,0
Atripalda,2013,12,8,14.54,5.5,0
Atripalda,2013,12,9,14.91,7.43,2.7
Atripalda,2013,12,10,15.71,8.01,0
Atripalda,2013,12,11,15.26,7.02,0
Atripalda,2013,12,12,14.9,5.51,0
Atripalda,2013,12,13,12.71,5.71,0
Atripalda,2013,12,14,11.44,5.57,0
Atripalda,2013,12,15,13.06,6.53,0
Atripalda,2013,12,16,15.92,6.79,0
Atripalda,2013,12,17,15.39,5.42,0
Atripalda,2013,12,18,13.31,3.93,0
Atripalda,2013,12,19,14.45,3.96,0
Atripalda,2013,12,20,14.94,7.54,0
Atripalda,2013,12,21,15.85,5.3,0
Atripalda,2013,12,22,14.17,4.05,0
Atripalda,2013,12,23,13.01,4.35,0
Atripalda,2013,12,24,13.94,3.73,0
Atripalda,2013,12,25,13.02,6.79,0
Atripalda,2013,12,26,12.4,7.86,22.4
Atripalda,2013,12,27,10.9,6.03,5.5
Atripalda,2013,12,28,14.15,5.71,0
Atripalda,2013,12,29,13.34,6.88,0
Atripalda,2013,12,30,10.04,8.75,10.3
Atripalda,2013,12,31,13.04,8.21,0
Atripalda,2014,1,1,13.45,6.93,0
Atripalda,2014,1,2,12.98,6.03,4.3
Atripalda,2014,1,3,15.66,9.02,0
Atripalda,2014,1,4,15.76,10.01,3.3
Atripalda,2014,1,5,13.74,6.94,17.2
Atripalda,2014,1,6,13.76,6.13,0
Atripalda,2014,1,7,15.07,6.44,0
Atripalda,2014,1,8,15.06,5.91,0
Atripalda,2014,1,9,13.16,4.96,0
Atripalda,2014,1,10,12.32,7.01,0
Atripalda,2014,1,11,13.71,5.14,0
Atripalda,2014,1,12,12.22,6.2,0
Atripalda,2014,1,13,14.25,5.98,0
Atripalda,2014,1,14,12.27,8.16,13.9
Atripalda,2014,1,15,13.03,7.26,0
Atripalda,2014,1,16,12.85,6.14,0
Atripalda,2014,1,17,14.21,8.53,4.9
Atripalda,2014,1,18,16.8,10.82,0
Atripalda,2014,1,19,16.43,11.14,24.8
Atripalda,2014,1,20,13.62,8.45,24
Atripalda,2014,1,21,10.7,7.96,16.3
Atripalda,2014,1,22,11.43,7.19,4.1
Atripalda,2014,1,23,10.95,6.34,5.3
Atripalda,2014,1,24,10.39,6.23,32.4
Atripalda,2014,1,25,9.33,4.61,0
Atripalda,2014,1,26,8.19,2.95,0
Atripalda,2014,1,27,7.45,1.16,8.4
Atripalda,2014,1,28,10.15,3.89,6.5
Atripalda,2014,1,29,10.54,1.6,11
Atripalda,2014,1,30,13.58,7.74,3.3
Atripalda,2014,1,31,15.66,12.71,12.8
Atripalda,2014,2,1,15.6,11.57,16.9
Atripalda,2014,2,2,11.19,9.52,16.6
Atripalda,2014,2,3,11.04,6.79,17
Atripalda,2014,2,4,11.61,6.93,4.4
Atripalda,2014,2,5,12.54,6.42,7.9
Atripalda,2014,2,6,13.49,6.53,10.6
Atripalda,2014,2,7,16.67,5.16,0
Atripalda,2014,2,8,15.05,9.09,8.6
Atripalda,2014,2,9,12.64,7.58,10.6
Atripalda,2014,2,10,13.97,6.04,15.1
Atripalda,2014,2,11,14.69,9.01,2.1
Atripalda,2014,2,12,12.28,7.13,8.2
Atripalda,2014,2,13,14.86,5.19,0
Atripalda,2014,2,14,14.89,7.4,1.4
Atripalda,2014,2,15,16.92,5.52,0
Atripalda,2014,2,16,20.4,8.22,0
Atripalda,2014,2,17,19.95,9.97,0
Atripalda,2014,2,18,20.18,10.12,0
Atripalda,2014,2,19,18.07,11.4,0
Atripalda,2014,2,20,14.11,9.26,9.3
Atripalda,2014,2,21,13.55,7.84,2.5
Atripalda,2014,2,22,14.42,6.84,4.9
Atripalda,2014,2,23,13.21,5.5,0
Atripalda,2014,2,24,13.54,5.02,0
Atripalda,2014,2,25,14.2,3.32,0
Atripalda,2014,2,26,13.42,4.42,0
Atripalda,2014,2,27,14.17,5.69,4.2
Atripalda,2014,2,28,12.34,5.8,7.3
Atripalda,2014,3,1,10.83,3.92,17.8
Atripalda,2014,3,2,10.24,3,5
Atripalda,2014,3,3,12.44,2.61,3.1
Atripalda,2014,3,4,10.75,3.2,17.4
Atripalda,2014,3,5,12.52,3.85,0.7
Atripalda,2014,3,6,11.21,7.11,0
Atripalda,2014,3,7,13.78,7.17,0
Atripalda,2014,3,8,13.74,8.27,0
Atripalda,2014,3,9,16.51,7.91,0
Atripalda,2014,3,10,12.04,7.59,0
Atripalda,2014,3,11,13.5,6.74,0
Atripalda,2014,3,12,15.47,4.82,0
Atripalda,2014,3,13,17.08,6.22,0
Atripalda,2014,3,14,16.99,6.72,0
Atripalda,2014,3,15,15.71,8.22,0
Atripalda,2014,3,16,15.97,5.57,0
Atripalda,2014,3,17,20.71,8.21,0
Atripalda,2014,3,18,19.57,8.48,0
Atripalda,2014,3,19,17.66,8.31,0
Atripalda,2014,3,20,21.51,7.13,0
Atripalda,2014,3,21,18.89,8.66,0
Atripalda,2014,3,22,16.36,9.11,0
Atripalda,2014,3,23,15.11,8.58,2.9
Atripalda,2014,3,24,10.24,4.75,14.7
Atripalda,2014,3,25,11.56,2.85,3.2
Atripalda,2014,3,26,12.88,5.33,1.8
Atripalda,2014,3,27,12.42,6.84,18.3
Atripalda,2014,3,28,15.03,5.98,3.1
Atripalda,2014,3,29,17.54,7.8,0
Atripalda,2014,3,30,19.24,7.99,0
Atripalda,2014,3,31,18.04,7.95,0
Atripalda,2014,4,1,18.54,9.34,0
Atripalda,2014,4,2,18.44,8.4,0
Atripalda,2014,4,3,20.09,8.73,0
Atripalda,2014,4,4,18.32,8.92,13
Atripalda,2014,4,5,16.09,9.02,4
Atripalda,2014,4,6,17.25,9.88,0
Atripalda,2014,4,7,20.98,10.31,0
Atripalda,2014,4,8,20.21,9.85,0
Atripalda,2014,4,9,17.66,10.43,2.7
Atripalda,2014,4,10,17.05,8.28,0
Atripalda,2014,4,11,17.65,8.04,0
Atripalda,2014,4,12,16.89,10.12,3.6
Atripalda,2014,4,13,17.23,10.34,3.3
Atripalda,2014,4,14,18.28,7.97,0
Atripalda,2014,4,15,16.04,6.78,10.6
Atripalda,2014,4,16,12.09,4.75,0
Atripalda,2014,4,17,12.99,4.84,0
Atripalda,2014,4,18,14.97,5.75,0
Atripalda,2014,4,19,14.05,8.07,16.6
Atripalda,2014,4,20,18.58,10.83,0
Atripalda,2014,4,21,22.61,10.53,0
Atripalda,2014,4,22,21.29,10.94,0
Atripalda,2014,4,23,18.53,14.05,4.6
Atripalda,2014,4,24,18.7,12.34,0
Atripalda,2014,4,25,19.74,11.66,0
Atripalda,2014,4,26,17.93,12.27,9.9
Atripalda,2014,4,27,15.57,9.35,6.9
Atripalda,2014,4,28,16.66,9.57,3.6
Atripalda,2014,4,29,15.09,9.27,5.2
Atripalda,2014,4,30,17.91,8.45,5
Atripalda,2014,5,1,17.8,9.59,2.5
Atripalda,2014,5,2,18.5,9.94,36.2
Atripalda,2014,5,3,15.68,9.05,14.5
Atripalda,2014,5,4,16.75,8.79,0
Atripalda,2014,5,5,19.15,8.45,0
Atripalda,2014,5,6,19.8,9.39,0
Atripalda,2014,5,7,20.42,9.33,0
Atripalda,2014,5,8,21.57,10.96,0
Atripalda,2014,5,9,22.21,10.47,0
Atripalda,2014,5,10,22.55,11.64,0
Atripalda,2014,5,11,21.6,12.71,0
Atripalda,2014,5,12,21.07,13.13,0
Atripalda,2014,5,13,21.59,11.29,2.3
Atripalda,2014,5,14,17.97,9.6,0
Atripalda,2014,5,15,18.02,9.12,0
Atripalda,2014,5,16,15.96,10.51,4.4
Atripalda,2014,5,17,18.61,10.42,3.6
Atripalda,2014,5,18,20.56,10.32,0
Atripalda,2014,5,19,20.19,12.72,0
Atripalda,2014,5,20,21.51,11.78,0
Atripalda,2014,5,21,23.67,13.53,0
Atripalda,2014,5,22,25.31,13.88,0
Atripalda,2014,5,23,23.1,16.57,0
Atripalda,2014,5,24,23.68,15.75,0
Atripalda,2014,5,25,26.33,15.96,0
Atripalda,2014,5,26,23.98,13.78,0
Atripalda,2014,5,27,22.08,12.47,0
Atripalda,2014,5,28,19.72,11.47,0
Atripalda,2014,5,29,20.48,12.41,0
Atripalda,2014,5,30,20.57,12.5,3.9
Atripalda,2014,5,31,21.7,11.28,4.2
Atripalda,2014,6,1,19.96,10.89,6.5
Atripalda,2014,6,2,21.99,10.52,0
Atripalda,2014,6,3,23.54,12.85,0
Atripalda,2014,6,4,23,12.4,0
Atripalda,2014,6,5,23.77,12.71,0
Atripalda,2014,6,6,26.58,13.83,0
Atripalda,2014,6,7,27.7,16.19,0
Atripalda,2014,6,8,29.65,17.85,0
Atripalda,2014,6,9,31.15,18.55,0
Atripalda,2014,6,10,30.69,19.39,0
Atripalda,2014,6,11,30.73,18.48,0
Atripalda,2014,6,12,29.72,18.7,3.8
Atripalda,2014,6,13,29.56,18.5,0
Atripalda,2014,6,14,26.05,16.44,7.9
Atripalda,2014,6,15,24.96,16.03,4.9
Atripalda,2014,6,16,22.51,16.05,9.2
Atripalda,2014,6,17,23.47,16.45,5.4
Atripalda,2014,6,18,24.54,15.78,5.8
Atripalda,2014,6,19,22.86,14.5,6.4
Atripalda,2014,6,20,23.96,13.6,0
Atripalda,2014,6,21,26.14,14.25,0
Atripalda,2014,6,22,28,15.44,0
Atripalda,2014,6,23,27.37,16.74,0
Atripalda,2014,6,24,30.26,17.92,0
Atripalda,2014,6,25,28.45,18.73,0
Atripalda,2014,6,26,25.12,17.69,0
Atripalda,2014,6,27,26.01,17.35,0
Atripalda,2014,6,28,26.59,17.33,0
Atripalda,2014,6,29,28.46,16.15,0
Atripalda,2014,6,30,25.92,17.54,0
Atripalda,2014,7,1,26.07,15.67,0
Atripalda,2014,7,2,26.77,15.77,0
Atripalda,2014,7,3,29.79,16.35,0
Atripalda,2014,7,4,29.85,19.39,0
Atripalda,2014,7,5,27.8,17.96,0
Atripalda,2014,7,6,28.63,17.33,0
Atripalda,2014,7,7,27.71,17.68,0
Atripalda,2014,7,8,27.51,17.87,0
Atripalda,2014,7,9,25.21,16.66,0
Atripalda,2014,7,10,23.29,13.63,11.9
Atripalda,2014,7,11,24.31,13.76,0
Atripalda,2014,7,12,24.47,15.89,0
Atripalda,2014,7,13,22.37,16.33,5.4
Atripalda,2014,7,14,24.25,15.04,7.9
Atripalda,2014,7,15,25.05,15.5,0
Atripalda,2014,7,16,28.24,17.42,0
Atripalda,2014,7,17,28.63,18.93,0
Atripalda,2014,7,18,30.25,18.07,7.6
Atripalda,2014,7,19,30.37,18.52,0
Atripalda,2014,7,20,30.09,19.87,0
Atripalda,2014,7,21,27.75,18.75,10.9
Atripalda,2014,7,22,25.15,16.67,10
Atripalda,2014,7,23,25.94,16.56,0
Atripalda,2014,7,24,28.29,17.95,4.3
Atripalda,2014,7,25,27.34,18.58,0
Atripalda,2014,7,26,28.1,18.31,9.1
Atripalda,2014,7,27,26.7,18.5,4.7
Atripalda,2014,7,28,25.98,17.26,0
Atripalda,2014,7,29,27.24,18.48,0
Atripalda,2014,7,30,25.09,17.95,13.6
Atripalda,2014,7,31,25.55,15.81,0
Atripalda,2014,8,1,27.77,18.65,0
Atripalda,2014,8,2,28.2,19.69,0
Atripalda,2014,8,3,29.14,19.02,0
Atripalda,2014,8,4,28.87,19.41,0
Atripalda,2014,8,5,28.27,18.42,0
Atripalda,2014,8,6,27.39,18.71,0
Atripalda,2014,8,7,27.96,18.42,0
Atripalda,2014,8,8,29.46,19.07,0
Atripalda,2014,8,9,29.66,18.97,0
Atripalda,2014,8,10,30.76,19.01,0
Atripalda,2014,8,11,31.32,18.36,0
Atripalda,2014,8,12,30.39,19.16,0
Atripalda,2014,8,13,31.42,21.16,0
Atripalda,2014,8,14,28.98,18.86,0
Atripalda,2014,8,15,27.48,17.99,0
Atripalda,2014,8,16,27.27,17.36,0
Atripalda,2014,8,17,27.18,17.31,0
Atripalda,2014,8,18,26.98,15.98,0
Atripalda,2014,8,19,29.67,15.74,0
Atripalda,2014,8,20,30.68,18.41,0
Atripalda,2014,8,21,29.65,20.19,0
Atripalda,2014,8,22,29.18,20.42,0
Atripalda,2014,8,23,28.31,17.49,0
Atripalda,2014,8,24,26.46,17.53,0
Atripalda,2014,8,25,27.49,17.58,0
Atripalda,2014,8,26,27.17,16.92,0
Atripalda,2014,8,27,28.5,18.96,0
Atripalda,2014,8,28,29.48,19.21,0
Atripalda,2014,8,29,29.74,19.76,0
Atripalda,2014,8,30,28.34,18.95,0
Atripalda,2014,8,31,27.66,18.6,0
Atripalda,2014,9,1,24.97,15.08,30.2
Atripalda,2014,9,2,24.34,15.85,3.9
Atripalda,2014,9,3,24.85,17.05,0
Atripalda,2014,9,4,25.92,16.43,0
Atripalda,2014,9,5,26.65,16.82,11.7
Atripalda,2014,9,6,25.8,17.07,8
Atripalda,2014,9,7,26.25,16.49,0
Atripalda,2014,9,8,26.97,17.22,0
Atripalda,2014,9,9,27.18,16.63,0
Atripalda,2014,9,10,26.06,16.51,5
Atripalda,2014,9,11,23.55,16.71,13
Atripalda,2014,9,12,25.32,16.71,11.6
Atripalda,2014,9,13,24.31,15.95,0
Atripalda,2014,9,14,24.59,15.11,0
Atripalda,2014,9,15,25.04,14.64,0
Atripalda,2014,9,16,26.06,15.78,0
Atripalda,2014,9,17,25.38,15.54,0
Atripalda,2014,9,18,25.88,16.76,0
Atripalda,2014,9,19,27.3,18.74,0
Atripalda,2014,9,20,29.75,19.73,0
Atripalda,2014,9,21,27.98,19.92,0
Atripalda,2014,9,22,26.08,18.5,0
Atripalda,2014,9,23,23.82,15.16,0
Atripalda,2014,9,24,22.02,13.62,0
Atripalda,2014,9,25,22.8,15.82,5.6
Atripalda,2014,9,26,22.82,14.27,0
Atripalda,2014,9,27,23.86,13.06,0
Atripalda,2014,9,28,24.5,13.06,0
Atripalda,2014,9,29,23.64,12.59,0
Atripalda,2014,9,30,24.38,12.91,0
Atripalda,2014,10,1,23.9,13.13,0
Atripalda,2014,10,2,22.52,14.81,0
Atripalda,2014,10,3,23.5,15.51,0
Atripalda,2014,10,4,23.8,15.3,0
Atripalda,2014,10,5,22.67,15.04,0
Atripalda,2014,10,6,22.99,14.3,0
Atripalda,2014,10,7,23.81,13.68,0
Atripalda,2014,10,8,26.6,14.19,0
Atripalda,2014,10,9,26.12,13.39,0
Atripalda,2014,10,10,25.82,14.51,0
Atripalda,2014,10,11,27.68,14.28,0
Atripalda,2014,10,12,26.23,15.75,0
Atripalda,2014,10,13,26.29,16.37,0
Atripalda,2014,10,14,27.58,18.55,0
Atripalda,2014,10,15,25.95,18.59,0
Atripalda,2014,10,16,25.01,18.61,0
Atripalda,2014,10,17,24.14,17.45,0
Atripalda,2014,10,18,25.84,15.92,0
Atripalda,2014,10,19,25.77,15.16,0
Atripalda,2014,10,20,23.74,14.93,0
Atripalda,2014,10,21,23.09,14.01,0
Atripalda,2014,10,22,22.16,7.62,1.9
Atripalda,2014,10,23,14.41,5.44,0
Atripalda,2014,10,24,15.66,6.4,0
Atripalda,2014,10,25,18.87,9.26,0
Atripalda,2014,10,26,19.61,10.16,0
Atripalda,2014,10,27,19.09,10.05,0
Atripalda,2014,10,28,18.69,9.79,0
Atripalda,2014,10,29,19.28,10.38,0
Atripalda,2014,10,30,18.65,10.53,0
Atripalda,2014,10,31,18.87,9.54,0
Atripalda,2014,11,1,18.84,9.06,0
Atripalda,2014,11,2,19.09,9.44,0
Atripalda,2014,11,3,20.19,9.27,0
Atripalda,2014,11,4,18.76,12.02,5.8
Atripalda,2014,11,5,19.4,14.75,0
Atripalda,2014,11,6,18.77,17.21,19.3
Atripalda,2014,11,7,17.04,14.26,31.4
Atripalda,2014,11,8,19.22,13.26,0
Atripalda,2014,11,9,19.03,12.72,0
Atripalda,2014,11,10,20.76,11.99,0
Atripalda,2014,11,11,20.54,13.57,0
Atripalda,2014,11,12,16.38,12.88,15.8
Atripalda,2014,11,13,16.6,10.76,11.3
Atripalda,2014,11,14,18.28,9.41,0
Atripalda,2014,11,15,17.3,9.15,6.6
Atripalda,2014,11,16,17.6,11.89,12.7
Atripalda,2014,11,17,17.28,10.27,9.6
Atripalda,2014,11,18,17.52,11.58,1.1
Atripalda,2014,11,19,17.23,9.17,0
Atripalda,2014,11,20,16.58,7.33,0
Atripalda,2014,11,21,16.07,7.44,0
Atripalda,2014,11,22,17.12,8.57,0
Atripalda,2014,11,23,19.2,9.68,0
Atripalda,2014,11,24,16.89,10.08,0
Atripalda,2014,11,25,17.47,9.33,0
Atripalda,2014,11,26,14.11,8.91,3.3
Atripalda,2014,11,27,17.91,10.51,0
Atripalda,2014,11,28,19.56,9.76,0
Atripalda,2014,11,29,17.76,15.42,1
Atripalda,2014,11,30,21.45,14.89,0
Atripalda,2014,12,1,18.82,12.82,5.5
Atripalda,2014,12,2,14.46,9.95,41.3
Atripalda,2014,12,3,15.27,9.41,0
Atripalda,2014,12,4,16.37,9.35,9.6
Atripalda,2014,12,5,13.08,8.11,10.4
Atripalda,2014,12,6,12.65,7.55,5.7
Atripalda,2014,12,7,13.46,5.83,4.8
Atripalda,2014,12,8,13.25,4.51,0
Atripalda,2014,12,9,11.07,4.22,0
Atripalda,2014,12,10,12.2,3.73,0
Atripalda,2014,12,11,13.26,3.94,0
Atripalda,2014,12,12,15.24,4.79,0
Atripalda,2014,12,13,17.39,6.82,0
Atripalda,2014,12,14,15.75,10.05,0
Atripalda,2014,12,15,14.73,8.71,0
Atripalda,2014,12,16,13.02,7.98,20.3
Atripalda,2014,12,17,14.63,6.95,4.5
Atripalda,2014,12,18,17.42,6.1,0
Atripalda,2014,12,19,17.48,6.3,0
Atripalda,2014,12,20,13.81,6.11,0
Atripalda,2014,12,21,15.59,5.29,0
Atripalda,2014,12,22,15.96,3.87,0
Atripalda,2014,12,23,14.32,4.31,0
Atripalda,2014,12,24,13.94,7.74,0
Atripalda,2014,12,25,12.02,7.17,0
Atripalda,2014,12,26,11.07,4.29,0
Atripalda,2014,12,27,10.65,1.39,9.3
Atripalda,2014,12,28,7.36,2.18,18.3
Atripalda,2014,12,29,4.55,0.08,0
Atripalda,2014,12,30,0.93,-2.85,0
Atripalda,2014,12,31,1.14,-3.39,0
Atripalda,2015,1,1,7.61,-1.46,0
Atripalda,2015,1,2,11.98,0.08,0
Atripalda,2015,1,3,12.45,3.65,0
Atripalda,2015,1,4,14.54,6.73,0
Atripalda,2015,1,5,9.65,0.88,0
Atripalda,2015,1,6,11.16,1.47,0
Atripalda,2015,1,7,10.39,2.3,0
Atripalda,2015,1,8,12.69,2.74,0
Atripalda,2015,1,9,13.21,5.88,0
Atripalda,2015,1,10,14.97,8.26,0
Atripalda,2015,1,11,12.42,7.76,0
Atripalda,2015,1,12,13.3,3.05,0
Atripalda,2015,1,13,14.33,3.13,0
Atripalda,2015,1,14,13.32,4,0
Atripalda,2015,1,15,14.77,4.99,0
Atripalda,2015,1,16,14.48,4.16,0
Atripalda,2015,1,17,14.88,6.94,2.5
Atripalda,2015,1,18,11.44,7.31,12.1
Atripalda,2015,1,19,12.88,5.2,7.1
Atripalda,2015,1,20,10.55,7.74,12.3
Atripalda,2015,1,21,12.55,5.66,5.1
Atripalda,2015,1,22,10.87,5.58,18.3
Atripalda,2015,1,23,11.02,6.64,7.2
Atripalda,2015,1,24,11.55,6.12,0
Atripalda,2015,1,25,8.67,3.58,0
Atripalda,2015,1,26,8.78,1.62,0
Atripalda,2015,1,27,9.52,0,0
Atripalda,2015,1,28,7.06,1.23,9.7
Atripalda,2015,1,29,9.95,-0.46,13.8
Atripalda,2015,1,30,10.68,4,26.1
Atripalda,2015,1,31,9.02,4.1,20.1
Atripalda,2015,2,1,7.87,2.05,5.4
Atripalda,2015,2,2,6.7,0.21,8.3
Atripalda,2015,2,3,8.4,0.14,14.5
Atripalda,2015,2,4,11.26,4.8,10.6
Atripalda,2015,2,5,12.26,4.98,23.6
Atripalda,2015,2,6,10.1,3.63,26.3
Atripalda,2015,2,7,9.65,1.97,11.5
Atripalda,2015,2,8,8.61,1.17,5.1
Atripalda,2015,2,9,4.92,-1.16,0
Atripalda,2015,2,10,11.91,0.97,0
Atripalda,2015,2,11,13.71,4.04,0
Atripalda,2015,2,12,12.01,3.34,0
Atripalda,2015,2,13,11.77,3.66,0
Atripalda,2015,2,14,12.52,2.3,0
Atripalda,2015,2,15,12.23,4.28,4.1
Atripalda,2015,2,16,12.02,6.81,16.1
Atripalda,2015,2,17,13.48,6.45,0
Atripalda,2015,2,18,11.59,2.44,0
Atripalda,2015,2,19,11.32,-0.31,0
Atripalda,2015,2,20,12.4,1.56,0
Atripalda,2015,2,21,11.42,2.86,5.3
Atripalda,2015,2,22,11.87,7.91,17.9
Atripalda,2015,2,23,12.99,6.46,4.8
Atripalda,2015,2,24,11.63,6.16,20.1
Atripalda,2015,2,25,10.73,5.68,8.7
Atripalda,2015,2,26,12.3,4.2,8.1
Atripalda,2015,2,27,12.68,3.58,0
Atripalda,2015,2,28,13,4.46,0
Atripalda,2015,3,1,14.09,4.32,0
Atripalda,2015,3,2,11.95,6.55,1.6
Atripalda,2015,3,3,17.72,7.39,0
Atripalda,2015,3,4,14.92,6.11,9.5
Atripalda,2015,3,5,9.37,4.12,51.9
Atripalda,2015,3,6,10.02,5.35,13.3
Atripalda,2015,3,7,10.91,4.36,0
Atripalda,2015,3,8,13.05,4.36,0
Atripalda,2015,3,9,14.94,5.39,0
Atripalda,2015,3,10,14.15,3.98,0
Atripalda,2015,3,11,13.62,4.88,0
Atripalda,2015,3,12,10.52,4.52,9
Atripalda,2015,3,13,12.31,3.32,0
Atripalda,2015,3,14,12.84,3.01,0
Atripalda,2015,3,15,11.07,4.5,2.9
Atripalda,2015,3,16,13.56,7.84,4.9
Atripalda,2015,3,17,12.68,9.21,4.5
Atripalda,2015,3,18,16.28,7.29,0
Atripalda,2015,3,19,16.62,7.24,0
Atripalda,2015,3,20,15.03,5.74,0
Atripalda,2015,3,21,12.63,3.98,0
Atripalda,2015,3,22,13.15,6.49,4.9
Atripalda,2015,3,23,16.38,7.02,0
Atripalda,2015,3,24,17.73,9.1,2.2
Atripalda,2015,3,25,14.06,10.7,10.8
Atripalda,2015,3,26,19,9.75,0
Atripalda,2015,3,27,15.76,8.67,10.9
Atripalda,2015,3,28,15.4,8.03,0
Atripalda,2015,3,29,16.07,5,0
Atripalda,2015,3,30,15.71,7.99,2.4
Atripalda,2015,3,31,17.55,8.42,0
Atripalda,2015,4,1,17.63,7.48,0
Atripalda,2015,4,2,15.36,6.15,0
Atripalda,2015,4,3,15.41,4.86,0
Atripalda,2015,4,4,12.12,4.7,8.4
Atripalda,2015,4,5,10.68,6.09,17.8
Atripalda,2015,4,6,10.55,5.33,4.3
Atripalda,2015,4,7,9.76,2.55,0
Atripalda,2015,4,8,12.81,3.81,0
Atripalda,2015,4,9,16.32,5.79,0
Atripalda,2015,4,10,15.85,6.87,0
Atripalda,2015,4,11,14.98,5.63,0
Atripalda,2015,4,12,17.51,6.46,0
Atripalda,2015,4,13,18.8,8.83,0
Atripalda,2015,4,14,19,9.97,0
Atripalda,2015,4,15,19.61,10.89,0
Atripalda,2015,4,16,20.67,10.8,0
Atripalda,2015,4,17,21.9,9.98,0
Atripalda,2015,4,18,18.33,9.55,0
Atripalda,2015,4,19,18.82,10.12,0
Atripalda,2015,4,20,18.67,9.38,0
Atripalda,2015,4,21,20.31,9.3,0
Atripalda,2015,4,22,21.39,9.22,0
Atripalda,2015,4,23,19.56,9.6,0
Atripalda,2015,4,24,19.21,11.87,0
Atripalda,2015,4,25,21.19,10.29,0
Atripalda,2015,4,26,20.09,10.74,0
Atripalda,2015,4,27,20.64,10.69,9.3
Atripalda,2015,4,28,15.76,10.03,16.2
Atripalda,2015,4,29,18.74,10.03,0
Atripalda,2015,4,30,17.62,10.05,0
Atripalda,2015,5,1,19.18,10.21,0
Atripalda,2015,5,2,20.71,12.76,0
Atripalda,2015,5,3,21.53,12.25,0
Atripalda,2015,5,4,25.94,13.12,0
Atripalda,2015,5,5,28.89,15.6,0
Atripalda,2015,5,6,28.2,16.1,0
Atripalda,2015,5,7,25.71,15.56,0
Atripalda,2015,5,8,25.33,14.37,0
Atripalda,2015,5,9,24.21,12.98,0
Atripalda,2015,5,10,24.38,15.03,0
Atripalda,2015,5,11,24.79,14.21,0
Atripalda,2015,5,12,24.2,13.4,0
Atripalda,2015,5,13,23.56,14.04,0
Atripalda,2015,5,14,23.66,14.27,0
Atripalda,2015,5,15,26.78,15.25,0
Atripalda,2015,5,16,21.64,14.81,4.3
Atripalda,2015,5,17,25.57,16.31,0
Atripalda,2015,5,18,26.85,15.78,0
Atripalda,2015,5,19,24.86,14.16,0
Atripalda,2015,5,20,24.63,13.7,0
Atripalda,2015,5,21,21.07,12.56,2.5
Atripalda,2015,5,22,18.15,10.63,5.3
Atripalda,2015,5,23,17.99,10.72,2.5
Atripalda,2015,5,24,18.66,12.13,0
Atripalda,2015,5,25,19.75,10.77,0
Atripalda,2015,5,26,20.02,11.25,0
Atripalda,2015,5,27,20.2,12.16,10.8
Atripalda,2015,5,28,20.87,11.18,0
Atripalda,2015,5,29,21.98,10.46,0
Atripalda,2015,5,30,22.17,10.81,0
Atripalda,2015,5,31,22.91,12.52,0
Atripalda,2015,6,1,24.62,14.25,0
Atripalda,2015,6,2,26.55,14.79,0
Atripalda,2015,6,3,26.65,15.24,0
Atripalda,2015,6,4,28.35,16.56,0
Atripalda,2015,6,5,28.51,18.25,0
Atripalda,2015,6,6,27.73,18.41,0
Atripalda,2015,6,7,27.25,16.99,0
Atripalda,2015,6,8,26.33,16.91,2.3
Atripalda,2015,6,9,24.8,15.5,8.1
Atripalda,2015,6,10,26.84,15.13,0
Atripalda,2015,6,11,27.57,17.19,0
Atripalda,2015,6,12,29.08,17.9,0
Atripalda,2015,6,13,28.69,18.21,0
Atripalda,2015,6,14,26.78,18.01,0
Atripalda,2015,6,15,24.5,17.41,0
Atripalda,2015,6,16,25.85,16.79,0
Atripalda,2015,6,17,24,14.63,10
Atripalda,2015,6,18,24.57,14.07,0
Atripalda,2015,6,19,24.78,12.88,0
Atripalda,2015,6,20,24.29,14.36,4.5
Atripalda,2015,6,21,24.31,13.98,0
Atripalda,2015,6,22,25.7,14.32,0
Atripalda,2015,6,23,25.15,14.52,0
Atripalda,2015,6,24,26.87,16.63,0
Atripalda,2015,6,25,26.91,16.06,0
Atripalda,2015,6,26,26.27,15.34,0
Atripalda,2015,6,27,26.49,15.27,0
Atripalda,2015,6,28,26.1,15.79,8.6
Atripalda,2015,6,29,28.85,16.89,0
Atripalda,2015,6,30,29.05,18.38,0
Atripalda,2015,7,1,29.31,17.8,0
Atripalda,2015,7,2,29.86,18.77,0
Atripalda,2015,7,3,31.05,19.75,0
Atripalda,2015,7,4,31.83,19.96,0
Atripalda,2015,7,5,30.33,19.58,0
Atripalda,2015,7,6,31.43,20.41,0
Atripalda,2015,7,7,31.09,21.97,0
Atripalda,2015,7,8,30.67,19.68,0
Atripalda,2015,7,9,29.93,20.1,0
Atripalda,2015,7,10,31.69,20.69,0
Atripalda,2015,7,11,30.99,20.65,0
Atripalda,2015,7,12,30.34,20.36,0
Atripalda,2015,7,13,29.86,19.66,0
Atripalda,2015,7,14,30.67,21.09,0
Atripalda,2015,7,15,33.18,22.55,0
Atripalda,2015,7,16,34.17,22.83,0
Atripalda,2015,7,17,34.8,22.63,0
Atripalda,2015,7,18,33.42,21.81,0
Atripalda,2015,7,19,34.22,22.57,0
Atripalda,2015,7,20,33.55,22.06,0
Atripalda,2015,7,21,34.07,23.25,0
Atripalda,2015,7,22,33.92,22.05,0
Atripalda,2015,7,23,32.67,20.84,0
Atripalda,2015,7,24,31.71,20.41,0
Atripalda,2015,7,25,29.51,19.67,0
Atripalda,2015,7,26,29.97,20.07,0
Atripalda,2015,7,27,28.79,19.92,0
Atripalda,2015,7,28,28.99,19.56,0
Atripalda,2015,7,29,28.09,19.81,0
Atripalda,2015,7,30,32.04,20.45,0
Atripalda,2015,7,31,32.37,21.73,0
Atripalda,2015,8,1,33.06,22.59,0
Atripalda,2015,8,2,34.14,22.28,0
Atripalda,2015,8,3,32,21.86,0
Atripalda,2015,8,4,31.25,21.98,0
Atripalda,2015,8,5,32.65,21.4,0
Atripalda,2015,8,6,34.49,23.37,0
Atripalda,2015,8,7,34.33,23.98,4.5
Atripalda,2015,8,8,32.78,22.86,0
Atripalda,2015,8,9,31.28,20.5,0
Atripalda,2015,8,10,30.46,20.37,1.7
Atripalda,2015,8,11,28.33,19.1,17.8
Atripalda,2015,8,12,30.4,20.97,0
Atripalda,2015,8,13,32.15,21.6,0
Atripalda,2015,8,14,31.4,21.49,0
Atripalda,2015,8,15,29.77,19.63,0
Atripalda,2015,8,16,24.05,17.27,10.6
Atripalda,2015,8,17,25.26,16.98,0
Atripalda,2015,8,18,26.58,16.2,0
Atripalda,2015,8,19,27.87,17.06,5.4
Atripalda,2015,8,20,25.78,17.69,0
Atripalda,2015,8,21,26.32,18.02,0
Atripalda,2015,8,22,26.9,17.26,0
Atripalda,2015,8,23,27.03,16.64,0
Atripalda,2015,8,24,28.03,17.05,0
Atripalda,2015,8,25,28.38,19,0
Atripalda,2015,8,26,27.75,19.05,0
Atripalda,2015,8,27,28.84,19.82,0
Atripalda,2015,8,28,30.46,20.18,0
Atripalda,2015,8,29,31.33,20.45,0
Atripalda,2015,8,30,31.77,21.2,0
Atripalda,2015,8,31,31.59,21.17,0
Atripalda,2015,9,1,31.34,19.86,0
Atripalda,2015,9,2,30.39,19.15,0
Atripalda,2015,9,3,30.1,19.46,0
Atripalda,2015,9,4,28.64,20.1,0
Atripalda,2015,9,5,28.7,19.38,9.8
Atripalda,2015,9,6,26.15,18.41,0
Atripalda,2015,9,7,25.72,15.89,0
Atripalda,2015,9,8,26.03,17.39,0
Atripalda,2015,9,9,22.75,15.75,0
Atripalda,2015,9,10,24.21,14.95,0
Atripalda,2015,9,11,24.71,14.21,0
Atripalda,2015,9,12,26.22,14.14,0
Atripalda,2015,9,13,27.64,15.6,0
Atripalda,2015,9,14,27.29,18.48,0
Atripalda,2015,9,15,28.56,20.25,0
Atripalda,2015,9,16,30.81,20.22,0
Atripalda,2015,9,17,32.52,21.26,0
Atripalda,2015,9,18,31.56,20.77,0
Atripalda,2015,9,19,30.76,19.51,0
Atripalda,2015,9,20,25.27,16.03,6.1
Atripalda,2015,9,21,24.44,15.71,0
Atripalda,2015,9,22,24.24,14.05,0
Atripalda,2015,9,23,24.48,13.16,15.6
Atripalda,2015,9,24,21.69,13.41,4.1
Atripalda,2015,9,25,20.83,13.98,0
Atripalda,2015,9,26,21.83,14.46,0
Atripalda,2015,9,27,23.25,15.18,0
Atripalda,2015,9,28,22.72,14.96,0
Atripalda,2015,9,29,22.58,14.47,0
Atripalda,2015,9,30,22.31,13.82,0
Atripalda,2015,10,1,20.17,14.55,18.6
Atripalda,2015,10,2,23.17,16.05,15
Atripalda,2015,10,3,23.8,15.57,0
Atripalda,2015,10,4,23.48,14.15,0
Atripalda,2015,10,5,23.23,16.04,2.7
Atripalda,2015,10,6,24.27,16.64,0
Atripalda,2015,10,7,22.6,14.31,11
Atripalda,2015,10,8,22.04,14.51,0
Atripalda,2015,10,9,21.92,13.8,4.2
Atripalda,2015,10,10,20.12,15.46,16
Atripalda,2015,10,11,18.29,12.46,6
Atripalda,2015,10,12,20.99,10.05,0
Atripalda,2015,10,13,20.72,11.97,14
Atripalda,2015,10,14,21.66,15.53,32.7
Atripalda,2015,10,15,21.09,13.19,3.7
Atripalda,2015,10,16,20.4,12.74,0
Atripalda,2015,10,17,21.05,11.74,0
Atripalda,2015,10,18,21.28,11.57,0
Atripalda,2015,10,19,22.37,14.16,10.4
Atripalda,2015,10,20,18.69,13.92,3.2
Atripalda,2015,10,21,17.4,12.11,12.5
Atripalda,2015,10,22,13.96,9.85,13.8
Atripalda,2015,10,23,17.89,9.55,0
Atripalda,2015,10,24,19.92,8.93,0
Atripalda,2015,10,25,19.7,9.45,0
Atripalda,2015,10,26,18.74,10.96,0
Atripalda,2015,10,27,20.97,12.25,0
Atripalda,2015,10,28,19.05,12.68,1.5
Atripalda,2015,10,29,19.55,12.7,40.5
Atripalda,2015,10,30,16.98,12.11,4.8
Atripalda,2015,10,31,18.76,13.3,0
Atripalda,2015,11,1,16.42,8,0
Atripalda,2015,11,2,18.78,8.48,0
Atripalda,2015,11,3,18.53,8.8,0
Atripalda,2015,11,4,20.03,7.77,0
Atripalda,2015,11,5,19.5,9.09,0
Atripalda,2015,11,6,20.21,8.98,0
Atripalda,2015,11,7,20.01,7.76,0
Atripalda,2015,11,8,21.34,6.97,0
Atripalda,2015,11,9,20.18,8.18,0
Atripalda,2015,11,10,18.67,9.53,0
Atripalda,2015,11,11,18.04,8.04,0
Atripalda,2015,11,12,16.99,8.29,0
Atripalda,2015,11,13,15.29,7.24,0
Atripalda,2015,11,14,14.71,8.48,0
Atripalda,2015,11,15,17.15,5.57,0
Atripalda,2015,11,16,16.73,5.22,0
Atripalda,2015,11,17,14.73,6.16,0
Atripalda,2015,11,18,16.06,5.91,0
Atripalda,2015,11,19,17.07,5.14,0
Atripalda,2015,11,20,16.04,9.54,0
Atripalda,2015,11,21,17.3,11.69,18.3
Atripalda,2015,11,22,11.54,4.27,7.1
Atripalda,2015,11,23,9.24,3.39,3.4
Atripalda,2015,11,24,9.27,6.58,6
Atripalda,2015,11,25,8.74,4.5,3.1
Atripalda,2015,11,26,6.96,4.08,16.3
Atripalda,2015,11,27,8.26,4.34,5.3
Atripalda,2015,11,28,10.39,2.77,0
Atripalda,2015,11,29,11.71,0.93,0
Atripalda,2015,11,30,12.74,2.32,0
Atripalda,2015,12,1,14.44,8.11,0
Atripalda,2015,12,2,15.12,5.29,0
Atripalda,2015,12,3,13.14,4.37,0
Atripalda,2015,12,4,12.97,6.46,0
Atripalda,2015,12,5,14.48,5.02,0
Atripalda,2015,12,6,14.89,4.24,0
Atripalda,2015,12,7,14.35,3.94,0
Atripalda,2015,12,8,13.79,3.07,0
Atripalda,2015,12,9,12.45,4.04,0
Atripalda,2015,12,10,10.84,5.87,0
Atripalda,2015,12,11,11.3,1.18,0
Atripalda,2015,12,12,11.59,0.17,0
Atripalda,2015,12,13,10.84,3.18,0
Atripalda,2015,12,14,10.18,1.01,0
Atripalda,2015,12,15,11.39,0.95,0
Atripalda,2015,12,16,10.48,1.91,0
Atripalda,2015,12,17,11.02,4.12,0
Atripalda,2015,12,18,12.09,1.19,0
Atripalda,2015,12,19,12.38,2.03,0
Atripalda,2015,12,20,13.45,5.24,0
Atripalda,2015,12,21,13.98,2.58,0
Atripalda,2015,12,22,13.31,2.3,0
Atripalda,2015,12,23,13.26,2.76,0
Atripalda,2015,12,24,12.75,2.81,0
Atripalda,2015,12,25,13.53,2.59,0
Atripalda,2015,12,26,13.48,3.72,0
Atripalda,2015,12,27,14.85,2.41,0
Atripalda,2015,12,28,15.43,2.13,0
Atripalda,2015,12,29,11.16,1.77,0
Atripalda,2015,12,30,9.82,1.17,0
Atripalda,2015,12,31,7.22,1.04,0
Atripalda,2016,1,1,10.02,3.83,0
Atripalda,2016,1,2,11.44,4.76,4
Atripalda,2016,1,3,13.95,5.5,12.2
Atripalda,2016,1,4,13.12,4.94,16.5
Atripalda,2016,1,5,13.87,10,10.6
Atripalda,2016,1,6,12.21,7.63,8.8
Atripalda,2016,1,7,12.55,5.11,3.6
Atripalda,2016,1,8,14.78,8.61,0
Atripalda,2016,1,9,18.48,12.6,0
Atripalda,2016,1,10,19.33,14.67,3.4
Atripalda,2016,1,11,16.19,12.36,5
Atripalda,2016,1,12,13.37,8.42,0
Atripalda,2016,1,13,12.27,2.47,0
Atripalda,2016,1,14,10.69,2.45,3.9
Atripalda,2016,1,15,11.87,5.84,15.4
Atripalda,2016,1,16,7.3,2.9,0
Atripalda,2016,1,17,4.44,-1.69,0
Atripalda,2016,1,18,3.99,-4.35,0
Atripalda,2016,1,19,5.6,-2.49,0
Atripalda,2016,1,20,8.55,-1.8,0
Atripalda,2016,1,21,9.75,2.27,3.4
Atripalda,2016,1,22,10.14,1.2,0
Atripalda,2016,1,23,8.93,1.48,0
Atripalda,2016,1,24,11.46,2.61,0
Atripalda,2016,1,25,12.05,1.91,0
Atripalda,2016,1,26,12.88,3.44,0
Atripalda,2016,1,27,14.07,6.7,0
Atripalda,2016,1,28,14.63,5.81,0
Atripalda,2016,1,29,14.6,6.74,0
Atripalda,2016,1,30,13.78,7.14,0
Atripalda,2016,1,31,15.46,9.37,0
Atripalda,2016,2,1,16.73,7.92,0
Atripalda,2016,2,2,15.62,6.9,0
Atripalda,2016,2,3,12.94,8.59,0.7
Atripalda,2016,2,4,11.01,1.61,2.9
Atripalda,2016,2,5,10.82,-1.28,0
Atripalda,2016,2,6,13.47,-0.36,0
Atripalda,2016,2,7,11.97,0.76,0
Atripalda,2016,2,8,14.98,5.51,0.5
Atripalda,2016,2,9,12.9,8.58,1.1
Atripalda,2016,2,10,12.51,5.92,4.3
Atripalda,2016,2,11,10.84,5.36,10.7
Atripalda,2016,2,12,12.18,3.88,2.8
Atripalda,2016,2,13,13.39,9.1,19.9
Atripalda,2016,2,14,15.1,11.22,14.6
Atripalda,2016,2,15,15.59,9.86,16.2
Atripalda,2016,2,16,16.51,8,0
Atripalda,2016,2,17,16.92,7.49,0
Atripalda,2016,2,18,11.28,7.01,2.7
Atripalda,2016,2,19,12.45,5.45,0
Atripalda,2016,2,20,11.91,2.72,3.8
Atripalda,2016,2,21,13.68,2.74,0
Atripalda,2016,2,22,15.21,7.23,0
Atripalda,2016,2,23,17.97,5.83,0
Atripalda,2016,2,24,15.92,6.63,0
Atripalda,2016,2,25,13.91,7.09,0
Atripalda,2016,2,26,13.3,6.24,12
Atripalda,2016,2,27,14.11,5.62,0
Atripalda,2016,2,28,17.87,7.98,13.9
Atripalda,2016,2,29,12.01,5.21,16.7
Atripalda,2016,3,1,10.51,6.01,22.8
Atripalda,2016,3,2,13.44,3.54,0
Atripalda,2016,3,3,9.89,2.27,12.4
Atripalda,2016,3,4,11.01,2.2,0
Atripalda,2016,3,5,13.04,4.56,0
Atripalda,2016,3,6,11.78,5.81,3.4
Atripalda,2016,3,7,9.96,4.34,1.3
Atripalda,2016,3,8,11.39,3.24,0
Atripalda,2016,3,9,8.44,3.24,1
Atripalda,2016,3,10,9.93,2.2,0
Atripalda,2016,3,11,10.64,3.79,0
Atripalda,2016,3,12,9.33,6.77,3
Atripalda,2016,3,13,9.15,6.92,0
Atripalda,2016,3,14,10.02,6.35,0
Atripalda,2016,3,15,11.17,5.33,0
Atripalda,2016,3,16,11.95,4.57,0
Atripalda,2016,3,17,9.99,6.52,2.5
Atripalda,2016,3,18,8.7,4.61,2
Atripalda,2016,3,19,15.63,2.74,0
Atripalda,2016,3,20,15.78,4.63,0
Atripalda,2016,3,21,21.21,5.3,0
Atripalda,2016,3,22,17.83,7.39,0
Atripalda,2016,3,23,11.91,6.39,1.9
Atripalda,2016,3,24,8.65,5.52,0
Atripalda,2016,3,25,13.37,3.72,0
Atripalda,2016,3,26,13.93,4.01,0
Atripalda,2016,3,27,16,2.06,0
Atripalda,2016,3,28,13.77,7.81,0
Atripalda,2016,3,29,16.43,8.45,0
Atripalda,2016,3,30,18.7,6.64,0
Atripalda,2016,3,31,24.35,7.41,0
Atripalda,2016,4,1,23.07,11.86,0
Atripalda,2016,4,2,18.77,9.36,0
Atripalda,2016,4,3,20.69,8.15,0
Atripalda,2016,4,4,22.62,8.35,0
Atripalda,2016,4,5,24.71,8.47,0
Atripalda,2016,4,6,23.72,11.02,0
Atripalda,2016,4,7,23.11,10.17,0
Atripalda,2016,4,8,19.15,12.49,3
Atripalda,2016,4,9,17.1,7.24,4.5
Atripalda,2016,4,10,18.08,6.96,3.7
Atripalda,2016,4,11,24.32,7.74,0
Atripalda,2016,4,12,23.35,7.04,0
Atripalda,2016,4,13,26.51,10.25,0
Atripalda,2016,4,14,21.17,9.5,0
Atripalda,2016,4,15,21.28,6.37,0
Atripalda,2016,4,16,22.4,7.67,0
Atripalda,2016,4,17,27.39,9.89,0
Atripalda,2016,4,18,28.01,9.17,0
Atripalda,2016,4,19,21.48,9.09,0
Atripalda,2016,4,20,19.07,7.45,0
Atripalda,2016,4,21,20.77,7.68,0
Atripalda,2016,4,22,19.2,9.17,0
Atripalda,2016,4,23,17.36,11.32,15.9
Atripalda,2016,4,24,14.69,8.68,15.2
Atripalda,2016,4,25,9.96,1.86,21.3
Atripalda,2016,4,26,13.25,-0.1,0
Atripalda,2016,4,27,16.97,7.03,0
Atripalda,2016,4,28,20.48,7.95,0
Atripalda,2016,4,29,20.86,9.89,0
Atripalda,2016,4,30,22.27,8.53,1
Atripalda,2016,5,1,16.29,7.03,11.1
Atripalda,2016,5,2,12.75,5.4,14
Atripalda,2016,5,3,17.04,8.89,7.1
Atripalda,2016,5,4,16.82,8.94,0
Atripalda,2016,5,5,16.9,7.06,0
Atripalda,2016,5,6,20.14,6.48,0
Atripalda,2016,5,7,22.2,8.58,0
Atripalda,2016,5,8,21.84,8.34,0
Atripalda,2016,5,9,22.7,10.49,0
Atripalda,2016,5,10,25.2,11.57,0
Atripalda,2016,5,11,24.12,13.64,2.6
Atripalda,2016,5,12,19.54,12.54,6.8
Atripalda,2016,5,13,18.62,11.94,3.4
Atripalda,2016,5,14,16.22,9.9,12.5
Atripalda,2016,5,15,17.31,11.33,5.1
Atripalda,2016,5,16,19.1,9.49,9.5
Atripalda,2016,5,17,15.86,8.73,17.1
Atripalda,2016,5,18,19.27,6.93,0
Atripalda,2016,5,19,20.09,7.76,3.6
Atripalda,2016,5,20,15.71,9.64,18.9
Atripalda,2016,5,21,21.29,11.71,4.3
Atripalda,2016,5,22,24.13,8.93,0
Atripalda,2016,5,23,22.16,9.76,0
Atripalda,2016,5,24,17.04,10.46,6.7
Atripalda,2016,5,25,20.95,8.83,0
Atripalda,2016,5,26,25.38,9.23,0
Atripalda,2016,5,27,29.12,12.14,0
Atripalda,2016,5,28,28.56,15,0
Atripalda,2016,5,29,26.78,14.21,0
Atripalda,2016,5,30,22.3,13.27,0
Atripalda,2016,5,31,22.98,11.7,0
Atripalda,2016,6,1,20.71,12.23,5.5
Atripalda,2016,6,2,20.57,13.06,0
Atripalda,2016,6,3,20.82,11.56,0
Atripalda,2016,6,4,23.65,9.9,0
Atripalda,2016,6,5,24.37,10.96,0
Atripalda,2016,6,6,25.83,11.64,0
Atripalda,2016,6,7,25.03,11.7,5.8
Atripalda,2016,6,8,25.68,11.84,0
Atripalda,2016,6,9,23.44,12.83,12.7
Atripalda,2016,6,10,24.12,11.26,8.1
Atripalda,2016,6,11,23.82,12.85,0
Atripalda,2016,6,12,23.86,14.95,3.6
Atripalda,2016,6,13,23.28,13,0
Atripalda,2016,6,14,24.21,14.39,0
Atripalda,2016,6,15,24.77,14.82,0
Atripalda,2016,6,16,33.26,14.93,0
Atripalda,2016,6,17,27.2,15.64,0
Atripalda,2016,6,18,27.25,13.4,0
Atripalda,2016,6,19,22.97,11.61,9.4
Atripalda,2016,6,20,22.54,10.16,0
Atripalda,2016,6,21,28.07,11.44,0
Atripalda,2016,6,22,29.15,16.36,0
Atripalda,2016,6,23,28.8,17.88,3.8
Atripalda,2016,6,24,31.76,18.41,0
Atripalda,2016,6,25,32.29,18.03,9.3
Atripalda,2016,6,26,29.35,17.66,0
Atripalda,2016,6,27,26.19,15.08,0
Atripalda,2016,6,28,27.47,12.95,0
Atripalda,2016,6,29,28.97,14.67,0
Atripalda,2016,6,30,28.76,15.53,0
Atripalda,2016,7,1,31.32,16.15,0
Atripalda,2016,7,2,31.55,17.39,0
Atripalda,2016,7,3,30.13,16.46,0
Atripalda,2016,7,4,31.82,16.71,0
Atripalda,2016,7,5,31.9,17.68,0
Atripalda,2016,7,6,30.34,16.62,4.4
Atripalda,2016,7,7,32.62,15.74,0
Atripalda,2016,7,8,32.03,17.21,0
Atripalda,2016,7,9,30.64,17.28,0
Atripalda,2016,7,10,33.39,17.99,0
Atripalda,2016,7,11,33.54,18.19,0
Atripalda,2016,7,12,33.16,17.95,0
Atripalda,2016,7,13,31.57,17.37,0
Atripalda,2016,7,14,27.29,15.25,0
Atripalda,2016,7,15,20.93,12.91,10.4
Atripalda,2016,7,16,20.01,11.08,0
Atripalda,2016,7,17,23.98,10.61,0
Atripalda,2016,7,18,29.71,12.24,0
Atripalda,2016,7,19,30.55,14.78,0
Atripalda,2016,7,20,31.75,17.31,0
Atripalda,2016,7,21,32.1,16.36,0
Atripalda,2016,7,22,30.2,15.55,0
Atripalda,2016,7,23,33.41,17.32,0
Atripalda,2016,7,24,31.75,17.28,15.6
Atripalda,2016,7,25,29.24,15.09,12.5
Atripalda,2016,7,26,29.41,15.06,2.9
Atripalda,2016,7,27,29.84,16.89,0
Atripalda,2016,7,28,29.91,17.32,28
Atripalda,2016,7,29,30.45,16.52,0
Atripalda,2016,7,30,31.93,17.64,0
Atripalda,2016,7,31,31.02,18.19,0
Atripalda,2016,8,1,28.29,17.1,0
Atripalda,2016,8,2,30.28,16.66,0
Atripalda,2016,8,3,30.07,17.45,0
Atripalda,2016,8,4,31.82,15.6,0
Atripalda,2016,8,5,29.98,16.77,0
Atripalda,2016,8,6,26.23,16.55,5.2
Atripalda,2016,8,7,22.92,17.1,7.2
Atripalda,2016,8,8,26.22,15.99,0
Atripalda,2016,8,9,28.84,14.81,0
Atripalda,2016,8,10,27.07,16.06,0
Atripalda,2016,8,11,27.29,15.27,0
Atripalda,2016,8,12,23.6,12.73,0
Atripalda,2016,8,13,25.82,12.17,0
Atripalda,2016,8,14,28.23,11.32,0
Atripalda,2016,8,15,29.83,13.23,0
Atripalda,2016,8,16,29.98,14.6,0
Atripalda,2016,8,17,26.67,16.06,0
Atripalda,2016,8,18,27.27,15.63,0
Atripalda,2016,8,19,28.13,15.92,0
Atripalda,2016,8,20,31.13,15.6,0
Atripalda,2016,8,21,31.28,16.36,0
Atripalda,2016,8,22,26.82,15.65,0
Atripalda,2016,8,23,24.3,14.8,0
Atripalda,2016,8,24,26.03,16.45,0
Atripalda,2016,8,25,29.03,15.12,0
Atripalda,2016,8,26,30.75,14.75,0
Atripalda,2016,8,27,31.42,15.3,0
Atripalda,2016,8,28,30.63,16,0
Atripalda,2016,8,29,28.82,14.51,0
Atripalda,2016,8,30,31.03,12.91,0
Atripalda,2016,8,31,29.32,15.92,1.3
Atripalda,2016,9,1,27.85,14.63,0
Atripalda,2016,9,2,29.74,14.15,0
Atripalda,2016,9,3,30.16,14.26,0
Atripalda,2016,9,4,29.92,14.51,0
Atripalda,2016,9,5,26.21,16.57,9.8
Atripalda,2016,9,6,21,14.84,2.2
Atripalda,2016,9,7,17.7,12.57,12.8
Atripalda,2016,9,8,20.69,13.39,7.4
Atripalda,2016,9,9,21.94,14.68,6.1
Atripalda,2016,9,10,23.13,15.55,4
Atripalda,2016,9,11,20.97,15.14,8.5
Atripalda,2016,9,12,24.31,16.71,6.5
Atripalda,2016,9,13,26.11,14.44,10
Atripalda,2016,9,14,26.68,13.61,0
Atripalda,2016,9,15,25.74,14.42,0
Atripalda,2016,9,16,27.04,14.65,11.2
Atripalda,2016,9,17,23.53,16.04,7
Atripalda,2016,9,18,20.64,12.81,19.6
Atripalda,2016,9,19,19.92,12.33,7.9
Atripalda,2016,9,20,22.79,11.44,0
Atripalda,2016,9,21,22.34,13.03,3.1
Atripalda,2016,9,22,20.69,11.55,0
Atripalda,2016,9,23,22.32,9.7,0
Atripalda,2016,9,24,22.2,11.87,0
Atripalda,2016,9,25,22.26,9.65,0
Atripalda,2016,9,26,22.54,9.51,0
Atripalda,2016,9,27,22.85,10.63,0
Atripalda,2016,9,28,22.37,10.54,0
Atripalda,2016,9,29,23.44,9.37,0
Atripalda,2016,9,30,23.02,10.55,0
Atripalda,2016,10,1,23.54,9.67,0
Atripalda,2016,10,2,21.37,14.63,27.2
Atripalda,2016,10,3,23.87,13.68,0
Atripalda,2016,10,4,19.46,11.14,8.6
Atripalda,2016,10,5,18.14,9.13,0
Atripalda,2016,10,6,18.19,7.27,6.6
Atripalda,2016,10,7,18.76,9.44,31.8
Atripalda,2016,10,8,19.2,8.82,3.3
Atripalda,2016,10,9,19.87,10.58,2.9
Atripalda,2016,10,10,19.39,10.71,0
Atripalda,2016,10,11,13.62,9.87,7.8
Atripalda,2016,10,12,15.81,5.85,0
Atripalda,2016,10,13,18.86,5.08,0
Atripalda,2016,10,14,24.85,10.84,0
Atripalda,2016,10,15,24.43,12.31,3
Atripalda,2016,10,16,21.07,9.54,0
Atripalda,2016,10,17,21.55,9.51,0
Atripalda,2016,10,18,17.33,9.76,4.8
Atripalda,2016,10,19,19.66,8.41,0
Atripalda,2016,10,20,17.48,11.05,3.3
Atripalda,2016,10,21,17.37,10.8,12.1
Atripalda,2016,10,22,18.48,10.14,1.7
Atripalda,2016,10,23,17.69,9.55,2.8
Atripalda,2016,10,24,24.7,10.6,0
Atripalda,2016,10,25,24,11.77,0
Atripalda,2016,10,26,20.87,14.35,0
Atripalda,2016,10,27,16.15,10.74,26.7
Atripalda,2016,10,28,13.26,8.36,0
Atripalda,2016,10,29,17.41,8.08,0
Atripalda,2016,10,30,18,8.17,0
Atripalda,2016,10,31,16.15,6.74,0
Atripalda,2016,11,1,19.25,7.28,0
Atripalda,2016,11,2,18.02,7.8,0
Atripalda,2016,11,3,21.24,10.77,5.6
Atripalda,2016,11,4,20.2,10.69,0
Atripalda,2016,11,5,21.15,9.93,0
Atripalda,2016,11,6,20.85,15.07,13.1
Atripalda,2016,11,7,16.87,11.36,25
Atripalda,2016,11,8,15.63,9.79,20.9
Atripalda,2016,11,9,14.57,7.17,5.4
Atripalda,2016,11,10,15.37,7.07,7.6
Atripalda,2016,11,11,15.31,7.6,42.4
Atripalda,2016,11,12,11.76,4.93,5.9
Atripalda,2016,11,13,14.49,3.68,0
Atripalda,2016,11,14,11.93,6.68,3.5
Atripalda,2016,11,15,11.42,7.53,0
Atripalda,2016,11,16,16.4,5.1,0
Atripalda,2016,11,17,16.88,5.4,0
Atripalda,2016,11,18,20.47,8.47,0
Atripalda,2016,11,19,17.77,11.06,0
Atripalda,2016,11,20,21.4,9.86,0
Atripalda,2016,11,21,21.03,9.64,0
Atripalda,2016,11,22,21.31,9,0
Atripalda,2016,11,23,20.73,10.12,0
Atripalda,2016,11,24,19.78,10.87,0
Atripalda,2016,11,25,18.29,11.69,19.4
Atripalda,2016,11,26,16.33,9.26,0
Atripalda,2016,11,27,15.27,7.24,0
Atripalda,2016,11,28,15.44,5.29,0
Atripalda,2016,11,29,6.76,5.01,0
Atripalda,2016,11,30,10.33,3.16,0
Atripalda,2016,12,1,10.67,-1.09,0
Atripalda,2016,12,2,11.43,4.15,0
Atripalda,2016,12,3,12.14,5.02,0
Atripalda,2016,12,4,13.6,5.14,0
Atripalda,2016,12,5,14.44,3.72,0
Atripalda,2016,12,6,13.17,3.75,0
Atripalda,2016,12,7,11.48,5.95,0
Atripalda,2016,12,8,11.96,2.75,0
Atripalda,2016,12,9,13.65,1.27,0
Atripalda,2016,12,10,13.74,1.28,0
Atripalda,2016,12,11,13.16,2.09,0
Atripalda,2016,12,12,12.01,5.08,0
Atripalda,2016,12,13,11.69,2.56,0
Atripalda,2016,12,14,11.84,0,0
Atripalda,2016,12,15,11.17,0.11,0
Atripalda,2016,12,16,9.53,3.58,0
Atripalda,2016,12,17,8.02,3.07,0
Atripalda,2016,12,18,10.46,-1.39,0
Atripalda,2016,12,19,9.62,-1.24,0
Atripalda,2016,12,20,10.74,4.59,2.9
Atripalda,2016,12,21,12.64,6.89,0
Atripalda,2016,12,22,11.56,3.74,0
Atripalda,2016,12,23,12.68,2.1,0
Atripalda,2016,12,24,14.98,2.17,0
Atripalda,2016,12,25,12.05,3.26,0
Atripalda,2016,12,26,15.83,1.95,0
Atripalda,2016,12,27,12.47,4.07,0
Atripalda,2016,12,28,11.05,4,0
Atripalda,2016,12,29,4.48,1.47,0
Atripalda,2016,12,30,4.84,-0.71,0
Atripalda,2016,12,31,9.39,0.04,0
Atripalda,2017,1,1,9.86,-2.32,0
Atripalda,2017,1,2,10.03,-0.07,0
Atripalda,2017,1,3,9.64,4.57,22.3
Atripalda,2017,1,4,9.3,2.12,0
Atripalda,2017,1,5,6.05,-0.58,11.3
Atripalda,2017,1,6,-0.31,-4.52,0
Atripalda,2017,1,7,-3.38,-6.06,0
Atripalda,2017,1,8,1.99,-4.9,0
Atripalda,2017,1,9,1.99,-2.27,1.6
Atripalda,2017,1,10,2.72,-1.54,3.2
Atripalda,2017,1,11,2.5,-4.56,0
Atripalda,2017,1,12,7.12,-3.44,0
Atripalda,2017,1,13,11.06,3.34,13.4
Atripalda,2017,1,14,6.7,-1.99,0
Atripalda,2017,1,15,2.54,-1.97,6.4
Atripalda,2017,1,16,2.81,-0.07,5.8
Atripalda,2017,1,17,4.43,-0.19,10.2
Atripalda,2017,1,18,4.7,0.2,11.9
Atripalda,2017,1,19,4.02,1.12,11.9
Atripalda,2017,1,20,5.61,2.78,0
Atripalda,2017,1,21,6.96,4.53,0
Atripalda,2017,1,22,9.29,6.49,0
Atripalda,2017,1,23,9.37,6.59,10.3
Atripalda,2017,1,24,8.91,5.81,2.5
Atripalda,2017,1,25,7.81,3.83,0
Atripalda,2017,1,26,7.27,0.84,0
Atripalda,2017,1,27,10.81,-0.5,0
Atripalda,2017,1,28,9.84,-0.36,0
Atripalda,2017,1,29,10.5,3.04,0
Atripalda,2017,1,30,11.07,-0.37,0
Atripalda,2017,1,31,10.69,-0.52,0
Atripalda,2017,2,1,13.17,6.29,1.8
Atripalda,2017,2,2,14.22,5.01,0
Atripalda,2017,2,3,13.9,7.26,0
Atripalda,2017,2,4,14.19,11.1,2.4
Atripalda,2017,2,5,13.96,10.56,8.1
Atripalda,2017,2,6,11.07,4.84,20.5
Atripalda,2017,2,7,11.55,3.93,0
Atripalda,2017,2,8,10.48,3.38,0
Atripalda,2017,2,9,7.69,5.45,4.5
Atripalda,2017,2,10,12.44,5.67,1.5
Atripalda,2017,2,11,13.96,3.62,0
Atripalda,2017,2,12,12.4,6.19,0
Atripalda,2017,2,13,13.13,4.94,0
Atripalda,2017,2,14,9.96,4.83,0
Atripalda,2017,2,15,13.22,1.09,0
Atripalda,2017,2,16,14.36,1.36,0
Atripalda,2017,2,17,13,3.74,0
Atripalda,2017,2,18,11.27,4.19,10.8
Atripalda,2017,2,19,11.36,2.62,0
Atripalda,2017,2,20,12.33,-0.2,0
Atripalda,2017,2,21,12.92,-0.25,0
Atripalda,2017,2,22,13.62,5.32,0
Atripalda,2017,2,23,14.33,6.51,0
Atripalda,2017,2,24,17.22,6.43,4
Atripalda,2017,2,25,14.3,6.33,19.8
Atripalda,2017,2,26,11.3,6.41,0
Atripalda,2017,2,27,16.79,6.12,0
Atripalda,2017,2,28,14.58,8.58,0
Atripalda,2017,3,1,14.28,6.34,5.1
Atripalda,2017,3,2,15.05,4.02,0
Atripalda,2017,3,3,18.08,3.12,0
Atripalda,2017,3,4,18.48,5.05,0
Atripalda,2017,3,5,11.47,7.03,16.7
Atripalda,2017,3,6,13.34,7.56,5.8
Atripalda,2017,3,7,11.13,4.61,19.7
Atripalda,2017,3,8,11.65,5.53,3.8
Atripalda,2017,3,9,16.96,4.12,0
Atripalda,2017,3,10,16.76,4.65,1.5
Atripalda,2017,3,11,10.88,4.15,0
Atripalda,2017,3,12,13.95,1.3,0
Atripalda,2017,3,13,12,1.91,0
Atripalda,2017,3,14,14.62,2.37,0
Atripalda,2017,3,15,12.16,2.89,0
Atripalda,2017,3,16,14.66,2.97,0
Atripalda,2017,3,17,19.25,2.76,0
Atripalda,2017,3,18,16.38,7.84,0
Atripalda,2017,3,19,15.62,7.98,0
Atripalda,2017,3,20,18.35,7.91,0
Atripalda,2017,3,21,20.91,6.57,0
Atripalda,2017,3,22,18.34,6.93,0
Atripalda,2017,3,23,20.25,7.16,0
Atripalda,2017,3,24,22.81,7.03,0
Atripalda,2017,3,25,22.34,7.2,0
Atripalda,2017,3,26,18.89,8.16,0
Atripalda,2017,3,27,10.27,6.49,6.1
Atripalda,2017,3,28,14.92,4.26,0
Atripalda,2017,3,29,18.96,3.12,0
Atripalda,2017,3,30,20.92,5.34,0
Atripalda,2017,3,31,21.68,7.28,0
Atripalda,2017,4,1,20.58,5.44,0
Atripalda,2017,4,2,18.31,9.69,0
Atripalda,2017,4,3,14.69,8.85,2.3
Atripalda,2017,4,4,18,7.77,0
Atripalda,2017,4,5,18.68,5.11,0
Atripalda,2017,4,6,18.13,5.24,4.8
Atripalda,2017,4,7,16.38,6.35,1.6
Atripalda,2017,4,8,19.22,4.53,0
Atripalda,2017,4,9,20.6,6.23,0
Atripalda,2017,4,10,21.66,6.81,0
Atripalda,2017,4,11,20.25,7.25,0
Atripalda,2017,4,12,20.68,7.07,4.3
Atripalda,2017,4,13,19.63,8.9,0
Atripalda,2017,4,14,20.03,8.34,0
Atripalda,2017,4,15,20.37,7.13,0
Atripalda,2017,4,16,18.4,7.79,7.2
Atripalda,2017,4,17,16.51,7.41,0
Atripalda,2017,4,18,17.5,5.8,0
Atripalda,2017,4,19,9.36,2.32,3.3
Atripalda,2017,4,20,9.83,0.21,0
Atripalda,2017,4,21,9.68,1.58,0
Atripalda,2017,4,22,15.18,0.19,0
Atripalda,2017,4,23,16.73,6.36,0
Atripalda,2017,4,24,19.05,4.66,0
Atripalda,2017,4,25,19.59,2.8,0
Atripalda,2017,4,26,22.53,4.13,0
Atripalda,2017,4,27,23.54,14.45,0
Atripalda,2017,4,28,21.03,11.34,4
Atripalda,2017,4,29,16,7.35,4.1
Atripalda,2017,4,30,20.28,5.1,0
Atripalda,2017,5,1,19.64,4.84,0
Atripalda,2017,5,2,18.07,7.8,0
Atripalda,2017,5,3,19.49,8.85,0
Atripalda,2017,5,4,20.87,7.56,0
Atripalda,2017,5,5,24.01,8.78,0
Atripalda,2017,5,6,21.8,8.46,1.1
Atripalda,2017,5,7,20.99,10.94,0
Atripalda,2017,5,8,19.49,9.05,8.1
Atripalda,2017,5,9,18.59,8.71,6
Atripalda,2017,5,10,21.41,8.56,0
Atripalda,2017,5,11,26.87,10.1,0
Atripalda,2017,5,12,27.53,14.55,0
Atripalda,2017,5,13,24.33,11.74,0
Atripalda,2017,5,14,25.41,10.1,0
Atripalda,2017,5,15,24.54,9.32,7.2
Atripalda,2017,5,16,22.8,13.01,0
Atripalda,2017,5,17,23.58,12.53,0
Atripalda,2017,5,18,24.9,10.46,0
Atripalda,2017,5,19,24.58,10.59,0
Atripalda,2017,5,20,21,11.38,4.2
Atripalda,2017,5,21,17.82,10.22,2.5
Atripalda,2017,5,22,25.58,10.03,0
Atripalda,2017,5,23,25.1,11.49,0
Atripalda,2017,5,24,26.11,11.21,0
Atripalda,2017,5,25,21.03,10.45,7.1
Atripalda,2017,5,26,20.27,9.39,0
Atripalda,2017,5,27,22.67,9.55,0
Atripalda,2017,5,28,24.23,11.11,0
Atripalda,2017,5,29,26.32,10.87,0
Atripalda,2017,5,30,25.47,12.1,0
Atripalda,2017,5,31,26.72,11.64,0
Atripalda,2017,6,1,27.39,13.15,0
Atripalda,2017,6,2,25.83,12.72,0
Atripalda,2017,6,3,28.26,11.08,0
Atripalda,2017,6,4,27.39,12.65,0
Atripalda,2017,6,5,28.79,12.9,0
Atripalda,2017,6,6,24.33,16.08,0
Atripalda,2017,6,7,25.94,13.04,0
Atripalda,2017,6,8,26.88,11.35,0
Atripalda,2017,6,9,27.24,12.22,0
Atripalda,2017,6,10,28.84,13.72,0
Atripalda,2017,6,11,27.19,15.08,0
Atripalda,2017,6,12,30.1,13.14,0
Atripalda,2017,6,13,30.45,14.84,0
Atripalda,2017,6,14,30.5,15.43,0
Atripalda,2017,6,15,31.22,16.22,0
Atripalda,2017,6,16,30.74,16,0
Atripalda,2017,6,17,30.17,17.38,0
Atripalda,2017,6,18,23.76,15.49,0
Atripalda,2017,6,19,27.42,14.15,0
Atripalda,2017,6,20,29.29,12.84,0
Atripalda,2017,6,21,29.75,15.88,0
Atripalda,2017,6,22,31.99,15.73,0
Atripalda,2017,6,23,30.64,16.05,0
Atripalda,2017,6,24,31.43,16.4,0
Atripalda,2017,6,25,30.58,16.95,0
Atripalda,2017,6,26,32.15,17.46,0
Atripalda,2017,6,27,33.36,17.46,0
Atripalda,2017,6,28,34.1,19.54,0
Atripalda,2017,6,29,28.92,17.59,0
Atripalda,2017,6,30,31.8,15.96,0
Atripalda,2017,7,1,29.76,16.44,0
Atripalda,2017,7,2,25.43,13.09,5
Atripalda,2017,7,3,27.65,12.5,0
Atripalda,2017,7,4,29.38,13.94,0
Atripalda,2017,7,5,31.77,14.49,0
Atripalda,2017,7,6,33.45,16.37,0
Atripalda,2017,7,7,33.74,17.29,0
Atripalda,2017,7,8,33.22,17.75,0
Atripalda,2017,7,9,33.9,17.09,0
Atripalda,2017,7,10,33.2,17.22,0
Atripalda,2017,7,11,33.78,17.53,0
Atripalda,2017,7,12,33.76,16.71,0
Atripalda,2017,7,13,34.1,17.76,0
Atripalda,2017,7,14,31.43,17.65,0
Atripalda,2017,7,15,29.69,17.54,5.6
Atripalda,2017,7,16,25.53,17.53,0
Atripalda,2017,7,17,26.49,15.48,0
Atripalda,2017,7,18,30.57,13.81,0
Atripalda,2017,7,19,30.91,15.15,0
Atripalda,2017,7,20,32.66,15.47,0
Atripalda,2017,7,21,34.59,16.23,0
Atripalda,2017,7,22,33.77,18.73,0
Atripalda,2017,7,23,33.75,18.7,0
Atripalda,2017,7,24,32.54,19.4,0
Atripalda,2017,7,25,26.71,18.02,0
Atripalda,2017,7,26,26.33,14.22,13.4
Atripalda,2017,7,27,27.81,13.46,0
Atripalda,2017,7,28,28.35,16.4,0
Atripalda,2017,7,29,31.63,15.96,0
Atripalda,2017,7,30,33.71,16.99,0
Atripalda,2017,7,31,36.37,17.86,0
Atripalda,2017,8,1,37.03,20.7,0
Atripalda,2017,8,2,38.16,19.28,0
Atripalda,2017,8,3,38.44,20.46,0
Atripalda,2017,8,4,38.49,21.05,0
Atripalda,2017,8,5,37.99,20.47,0
Atripalda,2017,8,6,36.92,19.23,0
Atripalda,2017,8,7,37.03,19.7,0
Atripalda,2017,8,8,36,19.91,0
Atripalda,2017,8,9,37.32,20.26,0
Atripalda,2017,8,10,37.54,20.56,0
Atripalda,2017,8,11,28.71,18.34,0
Atripalda,2017,8,12,24.67,13.63,0
Atripalda,2017,8,13,26.4,13.15,0
Atripalda,2017,8,14,29.71,15.88,0
Atripalda,2017,8,15,32.57,15.76,0
Atripalda,2017,8,16,33.82,16.75,0
Atripalda,2017,8,17,34.21,16.83,0
Atripalda,2017,8,18,34.67,18.07,0
Atripalda,2017,8,19,33.13,18.11,0
Atripalda,2017,8,20,31.69,17.75,0
Atripalda,2017,8,21,28.11,18.36,0
Atripalda,2017,8,22,27.03,15.85,0
Atripalda,2017,8,23,30.73,13.42,0
Atripalda,2017,8,24,32.54,15.11,0
Atripalda,2017,8,25,34.12,16.2,0
Atripalda,2017,8,26,34.34,17.01,0
Atripalda,2017,8,27,34.91,16.95,0
Atripalda,2017,8,28,34.33,17.64,0
Atripalda,2017,8,29,32.13,18.5,0
Atripalda,2017,8,30,32.39,16.09,0
Atripalda,2017,8,31,31.95,16,0
Atripalda,2017,9,1,28.61,18.73,0
Atripalda,2017,9,2,26.14,18.35,9.5
Atripalda,2017,9,3,23.68,15.07,0
Atripalda,2017,9,4,25.63,13.84,0
Atripalda,2017,9,5,26.82,14.37,0
Atripalda,2017,9,6,26.31,15.14,0
Atripalda,2017,9,7,23.19,16.91,5.8
Atripalda,2017,9,8,26.86,16.06,2.1
Atripalda,2017,9,9,24.63,14.69,0
Atripalda,2017,9,10,28.28,15.11,5.8
Atripalda,2017,9,11,21.85,15.25,43.8
Atripalda,2017,9,12,24.01,16.96,0
Atripalda,2017,9,13,25.29,15.39,0
Atripalda,2017,9,14,23.46,13.34,0
Atripalda,2017,9,15,26.37,15.93,0
Atripalda,2017,9,16,29.74,15.35,0
Atripalda,2017,9,17,25.24,13.77,3.1
Atripalda,2017,9,18,22.78,12.04,0
Atripalda,2017,9,19,21.42,12.54,7.2
Atripalda,2017,9,20,18.97,10.87,3.1
Atripalda,2017,9,21,21.09,8.99,0
Atripalda,2017,9,22,21.98,10.64,0
Atripalda,2017,9,23,23.88,10.73,0
Atripalda,2017,9,24,23.61,11.66,0
Atripalda,2017,9,25,22.17,11.14,6.2
Atripalda,2017,9,26,22.26,12.34,0
Atripalda,2017,9,27,23.03,15.28,0
Atripalda,2017,9,28,24.28,14.6,0
Atripalda,2017,9,29,22.25,13.06,0
Atripalda,2017,9,30,22.68,12.27,0
Atripalda,2017,10,1,21.59,9.76,0
Atripalda,2017,10,2,20.98,12.69,0
Atripalda,2017,10,3,22.89,10.63,0
Atripalda,2017,10,4,25.74,11.88,0
Atripalda,2017,10,5,24.63,12.51,0
Atripalda,2017,10,6,21.88,11.25,3.4
Atripalda,2017,10,7,15.63,8.14,2.7
Atripalda,2017,10,8,18.82,4.71,0
Atripalda,2017,10,9,20.26,8.8,0
Atripalda,2017,10,10,20.61,10.11,0
Atripalda,2017,10,11,22.75,10.17,0
Atripalda,2017,10,12,23.32,8.67,0
Atripalda,2017,10,13,23.21,8.59,0
Atripalda,2017,10,14,24.74,8.8,0
Atripalda,2017,10,15,25.8,9.16,0
Atripalda,2017,10,16,26.25,10.29,0
Atripalda,2017,10,17,25.28,9.44,0
Atripalda,2017,10,18,22.73,10.51,0
Atripalda,2017,10,19,20.94,10,0
Atripalda,2017,10,20,23.43,9.63,0
Atripalda,2017,10,21,23.34,8.14,0
Atripalda,2017,10,22,20.66,9.45,9.3
Atripalda,2017,10,23,14.71,7.51,8.1
Atripalda,2017,10,24,14.56,8.1,3.3
Atripalda,2017,10,25,16.41,9.25,0
Atripalda,2017,10,26,21.58,7.95,0
Atripalda,2017,10,27,19.1,8.38,0
Atripalda,2017,10,28,15.47,5.45,0
Atripalda,2017,10,29,16.12,5.78,0
Atripalda,2017,10,30,17.84,7.69,0
Atripalda,2017,10,31,15.79,7.76,0
Atripalda,2017,11,1,16.36,4.6,0
Atripalda,2017,11,2,18.01,3.63,0
Atripalda,2017,11,3,16.46,8.08,0
Atripalda,2017,11,4,19.88,7.09,0
Atripalda,2017,11,5,18.59,6.35,5.1
Atripalda,2017,11,6,15.44,8.37,55.6
Atripalda,2017,11,7,12.59,6.78,24.4
Atripalda,2017,11,8,14.29,6.32,0
Atripalda,2017,11,9,15.97,6.16,0
Atripalda,2017,11,10,15.29,8.19,1.9
Atripalda,2017,11,11,15.2,6.72,0
Atripalda,2017,11,12,16.64,5.65,0
Atripalda,2017,11,13,13.95,5.8,17.4
Atripalda,2017,11,14,10.3,6.21,9.7
Atripalda,2017,11,15,15.26,7.24,3.4
Atripalda,2017,11,16,10.63,9,13.9
Atripalda,2017,11,17,12.79,8.56,0
Atripalda,2017,11,18,13.2,5.96,0
Atripalda,2017,11,19,13.16,4.65,0
Atripalda,2017,11,20,12.88,2.71,0
Atripalda,2017,11,21,13.98,2.65,0
Atripalda,2017,11,22,14.91,5.44,0
Atripalda,2017,11,23,16.26,5.47,0
Atripalda,2017,11,24,14.93,5.16,0
Atripalda,2017,11,25,15.23,8.57,0
Atripalda,2017,11,26,14.32,6.99,4.9
Atripalda,2017,11,27,8.08,2.3,0
Atripalda,2017,11,28,10.32,-0.71,0
Atripalda,2017,11,29,12.64,4.54,18.1
Atripalda,2017,11,30,13.74,7.4,39
Atripalda,2017,12,1,8.81,1.89,0
Atripalda,2017,12,2,8.61,0.36,7.1
Atripalda,2017,12,3,8.36,1.02,12.8
Atripalda,2017,12,4,7.12,0.55,0
Atripalda,2017,12,5,10.49,-0.57,0
Atripalda,2017,12,6,11.57,-0.51,0
Atripalda,2017,12,7,11.82,0.44,0
Atripalda,2017,12,8,12.43,5.65,4
Atripalda,2017,12,9,10.67,-0.13,20
Atripalda,2017,12,10,8.85,-2.53,0
Atripalda,2017,12,11,13.79,7.87,0
Atripalda,2017,12,12,15.06,12.28,0
Atripalda,2017,12,13,13.51,6.49,23
Atripalda,2017,12,14,11.95,6.17,2.5
Atripalda,2017,12,15,13.27,10.26,36.4
Atripalda,2017,12,16,11.23,4.27,9.2
Atripalda,2017,12,17,7.98,1.19,1.5
Atripalda,2017,12,18,6.17,-0.53,0
Atripalda,2017,12,19,5.21,-1.03,0
Atripalda,2017,12,20,4.33,-1.41,0
Atripalda,2017,12,21,5.79,0.34,0
Atripalda,2017,12,22,8.3,4.79,0
Atripalda,2017,12,23,11.37,2.93,0
Atripalda,2017,12,24,13.89,1.5,0
Atripalda,2017,12,25,12.37,2.33,0
Atripalda,2017,12,26,11.6,3.59,0
Atripalda,2017,12,27,10.34,6.17,36.2
Atripalda,2017,12,28,7.52,1.56,31
Atripalda,2017,12,29,7.62,0.17,0
Atripalda,2017,12,30,9.25,-0.95,0
Atripalda,2017,12,31,10.97,1.36,0
Atripalda,2018,1,1,12.88,7.41,4.7
Atripalda,2018,1,2,9.43,3.8,20.2
Atripalda,2018,1,3,12.38,0.52,2.7
Atripalda,2018,1,4,14.24,6.63,0
Atripalda,2018,1,5,14.89,8.33,0
Atripalda,2018,1,6,15.31,6.55,0
Atripalda,2018,1,7,15.76,7.03,0
Atripalda,2018,1,8,18.4,9.56,0
Atripalda,2018,1,9,16.39,12.35,0
Atripalda,2018,1,10,12.66,3.24,10.5
Atripalda,2018,1,11,11.48,1.85,3.9
Atripalda,2018,1,12,8.58,6.15,8.3
Atripalda,2018,1,13,10.12,4.57,0
Atripalda,2018,1,14,9.86,1.96,0
Atripalda,2018,1,15,10.6,3.69,2.3
Atripalda,2018,1,16,11.37,5.93,12.7
Atripalda,2018,1,17,12.42,1.47,7.3
Atripalda,2018,1,18,11.12,-0.34,0
Atripalda,2018,1,19,12.17,7.52,0
Atripalda,2018,1,20,12.63,6.76,1.7
Atripalda,2018,1,21,13.19,5.45,5.7
Atripalda,2018,1,22,11.19,2.85,0
Atripalda,2018,1,23,10.4,4.23,2.3
Atripalda,2018,1,24,11.2,1.68,0
Atripalda,2018,1,25,12.48,0.43,0
Atripalda,2018,1,26,12.84,0.61,0
Atripalda,2018,1,27,12.76,1.57,0
Atripalda,2018,1,28,13.61,2.44,0
Atripalda,2018,1,29,13.8,2.45,0
Atripalda,2018,1,30,13.73,3.7,0
Atripalda,2018,1,31,11.49,3.45,0
Atripalda,2018,2,1,11.08,7.92,1.3
Atripalda,2018,2,2,14.59,8.9,11.3
Atripalda,2018,2,3,13.89,3.4,42
Atripalda,2018,2,4,9.54,1.31,2.1
Atripalda,2018,2,5,11.86,0.57,0
Atripalda,2018,2,6,9,4.35,30.7
Atripalda,2018,2,7,10.86,5.01,22.2
Atripalda,2018,2,8,9.82,4.71,2.8
Atripalda,2018,2,9,10.94,1.99,0
Atripalda,2018,2,10,8.56,4.16,0
Atripalda,2018,2,11,8.94,2.25,0
Atripalda,2018,2,12,8.82,-0.2,4.9
Atripalda,2018,2,13,8.77,1.12,7.8
Atripalda,2018,2,14,5.64,-0.71,3.8
Atripalda,2018,2,15,6.19,-0.35,0
Atripalda,2018,2,16,13.11,-1.36,0
Atripalda,2018,2,17,11.94,0.11,0
Atripalda,2018,2,18,9.12,4.15,4
Atripalda,2018,2,19,8,4.73,9
Atripalda,2018,2,20,7.82,3.28,8
Atripalda,2018,2,21,4.06,2.11,7.3
Atripalda,2018,2,22,10.1,1.87,6.2
Atripalda,2018,2,23,12.9,6.13,21
Atripalda,2018,2,24,9.7,4.57,9
Atripalda,2018,2,25,6.95,0.81,0
Atripalda,2018,2,26,1.29,-4.78,4.3
Atripalda,2018,2,27,2.4,-5.38,6.1
Atripalda,2018,2,28,3.01,-7.51,0
Atripalda,2018,3,1,13.45,-1.77,1.8
Atripalda,2018,3,2,15.9,7.7,5.7
Atripalda,2018,3,3,12.18,6.45,16.1
Atripalda,2018,3,4,14.03,7.8,1.7
Atripalda,2018,3,5,11.58,7.97,8.3
Atripalda,2018,3,6,10.63,7.91,28.1
Atripalda,2018,3,7,13.23,6.55,14.6
Atripalda,2018,3,8,12.88,4.58,0
Atripalda,2018,3,9,14.87,5.17,0
Atripalda,2018,3,10,14.59,4.03,0
Atripalda,2018,3,11,21.31,6.19,8
Atripalda,2018,3,12,13.17,8.08,16.3
Atripalda,2018,3,13,12.87,7.78,5.1
Atripalda,2018,3,14,14.71,5.45,0
Atripalda,2018,3,15,13.59,4.49,0
Atripalda,2018,3,16,16.27,9.42,5.3
Atripalda,2018,3,17,17.21,7.42,5.3
Atripalda,2018,3,18,10.83,4.69,21.4
Atripalda,2018,3,19,11.21,4.94,12.4
Atripalda,2018,3,20,10.99,4.41,21.2
Atripalda,2018,3,21,7.55,2.11,20.6
Atripalda,2018,3,22,3.1,-0.49,6.2
Atripalda,2018,3,23,6.1,-0.47,0
Atripalda,2018,3,24,9.68,1.36,0
Atripalda,2018,3,25,8.41,0.58,4.6
Atripalda,2018,3,26,9.34,4.08,3.6
Atripalda,2018,3,27,13.6,3.08,0
Atripalda,2018,3,28,15.07,2.78,0
Atripalda,2018,3,29,17.09,6.21,0
Atripalda,2018,3,30,22.45,6.69,0
Atripalda,2018,3,31,17.81,6.79,13.5
Atripalda,2018,4,1,13.08,5.74,14.3
Atripalda,2018,4,2,16.07,4.44,0
Atripalda,2018,4,3,19.71,2.9,0
Atripalda,2018,4,4,18.56,8.53,0
Atripalda,2018,4,5,18.51,6.71,0
Atripalda,2018,4,6,17.75,5.22,0
Atripalda,2018,4,7,20.79,6.31,0
Atripalda,2018,4,8,24.16,7.86,0
Atripalda,2018,4,9,15.78,9.28,4.1
Atripalda,2018,4,10,17.39,7.36,0
Atripalda,2018,4,11,21.72,8.54,0
Atripalda,2018,4,12,21.55,9.88,0
Atripalda,2018,4,13,20.89,7.3,0
Atripalda,2018,4,14,20.27,10.21,0
Atripalda,2018,4,15,20.29,11.87,0
Atripalda,2018,4,16,20.65,9.29,0
Atripalda,2018,4,17,19.36,11.8,20.2
Atripalda,2018,4,18,18.89,12,0
Atripalda,2018,4,19,22.24,12.23,0
Atripalda,2018,4,20,23.47,10.71,0
Atripalda,2018,4,21,23.94,9.65,0
Atripalda,2018,4,22,22.88,9.72,0
Atripalda,2018,4,23,23.87,10.07,0
Atripalda,2018,4,24,22.84,9.96,0
Atripalda,2018,4,25,25.03,9.8,0
Atripalda,2018,4,26,25.46,9.06,0
Atripalda,2018,4,27,27.6,9.84,0
Atripalda,2018,4,28,27.89,14.27,0
Atripalda,2018,4,29,27.64,13.09,0
Atripalda,2018,4,30,23.68,10.43,0
Atripalda,2018,5,1,21.84,6.9,0
Atripalda,2018,5,2,22.67,12.16,0
Atripalda,2018,5,3,20.05,11.88,13.9
Atripalda,2018,5,4,18.46,11.13,1.6
Atripalda,2018,5,5,18.75,9.92,2.6
Atripalda,2018,5,6,19.36,9.73,0
Atripalda,2018,5,7,20.52,12.13,14.2
Atripalda,2018,5,8,19.9,13.01,11.9
Atripalda,2018,5,9,20.5,11.61,4.8
Atripalda,2018,5,10,21.18,10.21,0
Atripalda,2018,5,11,22.19,11.03,0
Atripalda,2018,5,12,21.94,11.98,0
Atripalda,2018,5,13,22.61,10.28,0
Atripalda,2018,5,14,18.69,9.55,0
Atripalda,2018,5,15,13.29,7.18,10.4
Atripalda,2018,5,16,18.62,6.37,0
Atripalda,2018,5,17,21.41,8.42,0
Atripalda,2018,5,18,23.04,10.52,0
Atripalda,2018,5,19,24.22,12.7,0
Atripalda,2018,5,20,24.6,11.37,0
Atripalda,2018,5,21,24.16,13.44,3.9
Atripalda,2018,5,22,25.36,13.99,11.1
Atripalda,2018,5,23,16.79,13.81,27.6
Atripalda,2018,5,24,25.3,12.99,0
Atripalda,2018,5,25,25.9,13.05,0
Atripalda,2018,5,26,28.07,13.77,0
Atripalda,2018,5,27,27.97,15.17,0
Atripalda,2018,5,28,27.81,15.23,0
Atripalda,2018,5,29,30.02,16.31,0
Atripalda,2018,5,30,30.01,16.33,0
Atripalda,2018,5,31,27.97,14.75,0
Atripalda,2018,6,1,27.71,13.53,0
Atripalda,2018,6,2,28.09,12.03,0
Atripalda,2018,6,3,29.67,14.45,0
Atripalda,2018,6,4,28.73,15.42,0
Atripalda,2018,6,5,24.08,15.54,0
Atripalda,2018,6,6,25.41,13.19,0
Atripalda,2018,6,7,29.99,15.21,0
Atripalda,2018,6,8,27.18,15.07,0
Atripalda,2018,6,9,23.76,15.27,0
Atripalda,2018,6,10,28.19,14.61,0
Atripalda,2018,6,11,30.23,14.42,0
Atripalda,2018,6,12,28.66,16.78,0
Atripalda,2018,6,13,25.31,15.06,0
Atripalda,2018,6,14,22.54,13.97,15.8
Atripalda,2018,6,15,22.73,13.53,5.3
Atripalda,2018,6,16,23.91,13.88,0
Atripalda,2018,6,17,26.68,14.34,7.8
Atripalda,2018,6,18,25.19,14.59,0
Atripalda,2018,6,19,26.89,16.22,0
Atripalda,2018,6,20,27.13,15.07,9.3
Atripalda,2018,6,21,27.89,14.78,0
Atripalda,2018,6,22,26.16,15.62,0
Atripalda,2018,6,23,23.59,14.61,0
Atripalda,2018,6,24,24.04,11.89,0
Atripalda,2018,6,25,25.02,11.45,0
Atripalda,2018,6,26,22.67,13.59,0
Atripalda,2018,6,27,23.2,14.75,0
Atripalda,2018,6,28,25.15,12.43,0
Atripalda,2018,6,29,25.22,14.5,0
Atripalda,2018,6,30,28.43,16.33,0
Atripalda,2018,7,1,30.32,16.84,0
Atripalda,2018,7,2,31.3,15.91,0
Atripalda,2018,7,3,28.69,17.13,0
Atripalda,2018,7,4,30.09,17.67,0
Atripalda,2018,7,5,31.43,18.26,0
Atripalda,2018,7,6,28.42,18.46,0
Atripalda,2018,7,7,28.57,17.53,0
Atripalda,2018,7,8,28.88,16.13,0
Atripalda,2018,7,9,27.92,15.06,0
Atripalda,2018,7,10,28.9,14.64,0
Atripalda,2018,7,11,29.02,15.63,0
Atripalda,2018,7,12,29.68,17.48,0
Atripalda,2018,7,13,31.52,17.15,0
Atripalda,2018,7,14,33.23,18.31,0
Atripalda,2018,7,15,31.89,19.88,0
Atripalda,2018,7,16,31.7,17.5,0
Atripalda,2018,7,17,27.1,19.35,5.2
Atripalda,2018,7,18,31.35,16.77,0
Atripalda,2018,7,19,32.43,18.08,0
Atripalda,2018,7,20,31.84,17.48,0
Atripalda,2018,7,21,32.68,16.79,0
Atripalda,2018,7,22,30.63,20.35,0
Atripalda,2018,7,23,24.47,18.11,7.9
Atripalda,2018,7,24,28.88,17.85,0
Atripalda,2018,7,25,30.92,16.59,0
Atripalda,2018,7,26,30.96,17,0
Atripalda,2018,7,27,29.93,17.97,0
Atripalda,2018,7,28,29.49,18.55,0
Atripalda,2018,7,29,32.07,19.25,0
Atripalda,2018,7,30,32.79,18.53,0
Atripalda,2018,7,31,33.71,19.2,0
Atripalda,2018,8,1,33.32,18.53,0
Atripalda,2018,8,2,32.77,19.57,0
Atripalda,2018,8,3,28.5,19.47,0
Atripalda,2018,8,4,31.57,18.76,0
Atripalda,2018,8,5,31.6,18.9,0
Atripalda,2018,8,6,31.2,17.98,0
Atripalda,2018,8,7,32.21,18.06,0
Atripalda,2018,8,8,32.39,19.66,0
Atripalda,2018,8,9,32.62,18.29,0
Atripalda,2018,8,10,32.68,19.42,0
Atripalda,2018,8,11,32.17,19.34,0
Atripalda,2018,8,12,32.68,19.09,0
Atripalda,2018,8,13,30.47,18.26,0
Atripalda,2018,8,14,29.24,17.29,0
Atripalda,2018,8,15,21.81,17,2.8
Atripalda,2018,8,16,27.7,16.95,3.7
Atripalda,2018,8,17,29.61,16.4,0
Atripalda,2018,8,18,30.3,16.94,3.8
Atripalda,2018,8,19,30.09,16.09,7.2
Atripalda,2018,8,20,29.48,16.32,11.3
Atripalda,2018,8,21,30.46,16.64,5
Atripalda,2018,8,22,27.41,17.24,2.3
Atripalda,2018,8,23,29.92,16.15,3.7
Atripalda,2018,8,24,28.56,15.77,2.4
Atripalda,2018,8,25,27.95,15.31,0
Atripalda,2018,8,26,24.7,16.11,0
Atripalda,2018,8,27,23.34,15.39,0
Atripalda,2018,8,28,28.2,14.16,0
Atripalda,2018,8,29,29.5,15.3,0
Atripalda,2018,8,30,28.77,16.19,0
Atripalda,2018,8,31,28.37,16.05,0
Atripalda,2018,9,1,25.99,16.98,6.2
Atripalda,2018,9,2,25.97,15.7,12.8
Atripalda,2018,9,3,25.47,14.4,0
Atripalda,2018,9,4,26.25,14.78,0
Atripalda,2018,9,5,27.69,15.51,0
Atripalda,2018,9,6,28.86,14.4,0
Atripalda,2018,9,7,27.4,15.04,0
Atripalda,2018,9,8,27.97,15.35,0
Atripalda,2018,9,9,29,16.05,0
Atripalda,2018,9,10,28.43,16.9,0
Atripalda,2018,9,11,29.19,14.89,0
Atripalda,2018,9,12,29.83,14.87,0
Atripalda,2018,9,13,27.56,14.57,0
Atripalda,2018,9,14,28.3,17.21,0
Atripalda,2018,9,15,28.83,15.29,0
Atripalda,2018,9,16,28.29,16.46,0
Atripalda,2018,9,17,28.44,16.48,0
Atripalda,2018,9,18,27.8,17.17,0
Atripalda,2018,9,19,26.91,18.65,0
Atripalda,2018,9,20,27.13,17.01,11.6
Atripalda,2018,9,21,26.78,16.04,6
Atripalda,2018,9,22,28.71,15.57,0
Atripalda,2018,9,23,28.55,15.78,0
Atripalda,2018,9,24,26.89,16.41,0
Atripalda,2018,9,25,18.54,12.24,0
Atripalda,2018,9,26,17.16,10.92,0
Atripalda,2018,9,27,19.26,10.14,0
Atripalda,2018,9,28,23.06,9.68,0
Atripalda,2018,9,29,24.26,9.22,0
Atripalda,2018,9,30,22.42,12.15,0
Atripalda,2018,10,1,21.94,12.03,12.5
Atripalda,2018,10,2,18.87,11.02,2.2
Atripalda,2018,10,3,18.86,15.48,0
Atripalda,2018,10,4,18.54,15.17,2.7
Atripalda,2018,10,5,19.41,15.89,1.3
Atripalda,2018,10,6,22.19,14.73,6.8
Atripalda,2018,10,7,21.69,13.8,6.4
Atripalda,2018,10,8,23.63,13.13,0
Atripalda,2018,10,9,24.08,12.12,0
Atripalda,2018,10,10,23.78,13.06,0
Atripalda,2018,10,11,23.42,13.13,0
Atripalda,2018,10,12,22.7,13.04,0
Atripalda,2018,10,13,23.22,11.4,0
Atripalda,2018,10,14,22.18,12.47,3.1
Atripalda,2018,10,15,20.83,14.42,2.5
Atripalda,2018,10,16,22.59,14.93,0
Atripalda,2018,10,17,22.9,13.77,0
Atripalda,2018,10,18,22.51,15.69,0
Atripalda,2018,10,19,23.51,13.9,0
Atripalda,2018,10,20,23.37,11.53,0
Atripalda,2018,10,21,20.91,9.5,7.8
Atripalda,2018,10,22,13.9,10.05,16.8
Atripalda,2018,10,23,16.67,9.73,6.1
Atripalda,2018,10,24,21.4,6.87,0
Atripalda,2018,10,25,21.67,8.44,0
Atripalda,2018,10,26,21.53,13.3,0
Atripalda,2018,10,27,21.47,15.66,0
Atripalda,2018,10,28,19.95,16.35,18.4
Atripalda,2018,10,29,23.51,12.36,39
Atripalda,2018,10,30,17.28,11.08,1.6
Atripalda,2018,10,31,18.81,7.05,0
Atripalda,2018,11,1,18.06,12.35,6.8
Atripalda,2018,11,2,17.84,13.18,36.1
Atripalda,2018,11,3,20.21,13.32,0
Atripalda,2018,11,4,16.4,12.47,3.3
Atripalda,2018,11,5,17.75,10.72,1.5
Atripalda,2018,11,6,20.05,8.45,0
Atripalda,2018,11,7,16.92,9.53,4.5
Atripalda,2018,11,8,18.02,7.25,0
Atripalda,2018,11,9,18.24,6.8,0
Atripalda,2018,11,10,18.56,6.64,0
Atripalda,2018,11,11,19.37,6.53,0
Atripalda,2018,11,12,19.39,7.59,0
Atripalda,2018,11,13,18.9,7.17,0
Atripalda,2018,11,14,18.39,7,0
Atripalda,2018,11,15,16.2,9.25,0
Atripalda,2018,11,16,13.35,6.77,1.7
Atripalda,2018,11,17,11.47,4.76,0
Atripalda,2018,11,18,9.3,6.9,0
Atripalda,2018,11,19,15.37,4.61,36.2
Atripalda,2018,11,20,16.55,9.61,37.8
Atripalda,2018,11,21,14.94,8.97,0
Atripalda,2018,11,22,15.74,8.09,1.1
Atripalda,2018,11,23,15.66,7.19,0
Atripalda,2018,11,24,18.14,8.96,0
Atripalda,2018,11,25,15.5,11.74,27.6
Atripalda,2018,11,26,13.14,9.26,10.2
Atripalda,2018,11,27,10.04,7.75,33.1
Atripalda,2018,11,28,8.21,5.78,0
Atripalda,2018,11,29,10.39,6.29,0
Atripalda,2018,11,30,10.68,2.66,0
Atripalda,2018,12,1,11.64,6.93,0
Atripalda,2018,12,2,15.07,7.59,0
Atripalda,2018,12,3,12.58,7.46,0
Atripalda,2018,12,4,18.26,11.96,2.1
Atripalda,2018,12,5,15.44,6.9,0
Atripalda,2018,12,6,13.71,4.61,0
Atripalda,2018,12,7,14.7,6.39,0
Atripalda,2018,12,8,13.55,5.98,5.2
Atripalda,2018,12,9,13.59,2.68,0
Atripalda,2018,12,10,13.78,3.49,4.1
Atripalda,2018,12,11,9.61,1.95,0
Atripalda,2018,12,12,9.19,0.08,0
Atripalda,2018,12,13,7.27,2.68,3.8
Atripalda,2018,12,14,12.34,6.63,12.3
Atripalda,2018,12,15,7,0.9,2.7
Atripalda,2018,12,16,8.37,-0.81,0
Atripalda,2018,12,17,12.2,5.53,9.6
Atripalda,2018,12,18,9.55,2.53,0
Atripalda,2018,12,19,9.83,-0.11,0
Atripalda,2018,12,20,12.9,2.08,0
Atripalda,2018,12,21,12.5,4.54,0
Atripalda,2018,12,22,11.84,9.59,0
Atripalda,2018,12,23,15.57,9.54,0
Atripalda,2018,12,24,14.94,9.71,0
Atripalda,2018,12,25,9.61,5.05,0
Atripalda,2018,12,26,10.15,1.75,0
Atripalda,2018,12,27,12.52,-0.1,0
Atripalda,2018,12,28,11.2,0.49,0
Atripalda,2018,12,29,12.95,1.17,0
Atripalda,2018,12,30,9.75,2,0
Atripalda,2018,12,31,9.32,5.02,0
Atripalda,2019,1,1,8.11,-0.08,0
Atripalda,2019,1,2,9.74,-1.67,0
Atripalda,2019,1,3,2.63,-1.19,0
Atripalda,2019,1,4,0.32,-2.37,1.8
Atripalda,2019,1,5,3.51,-1.98,3.5
Atripalda,2019,1,6,8.44,-2.44,0
Atripalda,2019,1,7,4.71,1.44,1.8
Atripalda,2019,1,8,8.14,-0.15,0
Atripalda,2019,1,9,6.51,3.05,6.4
Atripalda,2019,1,10,5.64,0.57,3.8
Atripalda,2019,1,11,5.64,0.42,0
Atripalda,2019,1,12,6.26,0.61,0
Atripalda,2019,1,13,8.07,-0.06,0
Atripalda,2019,1,14,8.57,3,9.4
Atripalda,2019,1,15,7.34,0.17,4.4
Atripalda,2019,1,16,10.49,-1.05,0
Atripalda,2019,1,17,11.63,3.92,0
Atripalda,2019,1,18,11.28,6.43,7.3
Atripalda,2019,1,19,9.39,2.05,3.2
Atripalda,2019,1,20,9.41,1.2,2.8
Atripalda,2019,1,21,9.98,4.86,3.1
Atripalda,2019,1,22,8.55,3.88,34.6
Atripalda,2019,1,23,8.06,1.31,5.8
Atripalda,2019,1,24,6.67,1.01,10.6
Atripalda,2019,1,25,4.96,2.18,11.7
Atripalda,2019,1,26,5.32,0.96,0
Atripalda,2019,1,27,10.41,-0.45,2.3
Atripalda,2019,1,28,9.56,3.52,25.2
Atripalda,2019,1,29,7.42,1.96,8.2
Atripalda,2019,1,30,7.87,1.38,10.8
Atripalda,2019,1,31,9.54,2.11,4
Atripalda,2019,2,1,13.56,8.16,18.5
Atripalda,2019,2,2,17.28,9.09,5.7
Atripalda,2019,2,3,10.27,3.72,5.4
Atripalda,2019,2,4,8.15,2.22,13.3
Atripalda,2019,2,5,9.87,3.55,0
Atripalda,2019,2,6,10,4.91,0
Atripalda,2019,2,7,13.85,3.47,0
Atripalda,2019,2,8,11.43,2.1,0
Atripalda,2019,2,9,12.5,1.16,0
Atripalda,2019,2,10,13.28,6.06,0
Atripalda,2019,2,11,11.69,2.49,6.8
Atripalda,2019,2,12,7.65,2.21,2.5
Atripalda,2019,2,13,6.56,2.77,0
Atripalda,2019,2,14,13.89,5.18,0
Atripalda,2019,2,15,11.97,4.17,2.3
Atripalda,2019,2,16,11.3,2.59,0
Atripalda,2019,2,17,13.91,0.47,0
Atripalda,2019,2,18,12.9,2.33,0
Atripalda,2019,2,19,11.8,2.18,0
Atripalda,2019,2,20,12.66,1.8,0
Atripalda,2019,2,21,13.93,3.05,0
Atripalda,2019,2,22,14.28,1.74,0
Atripalda,2019,2,23,8.19,-1.78,0
Atripalda,2019,2,24,5.35,1.8,0
Atripalda,2019,2,25,7.73,-0.02,1.3
Atripalda,2019,2,26,13.48,-0.32,0
Atripalda,2019,2,27,13.4,4.77,0
Atripalda,2019,2,28,15.75,0.9,0
Atripalda,2019,3,1,13.85,5.84,0
Atripalda,2019,3,2,13.2,5.3,5.3
Atripalda,2019,3,3,17.1,4.06,0
Atripalda,2019,3,4,15.04,4.49,0
Atripalda,2019,3,5,16.29,7.46,0
Atripalda,2019,3,6,18.17,5.28,0
Atripalda,2019,3,7,21.12,7.61,0
Atripalda,2019,3,8,19.92,7.99,0
Atripalda,2019,3,9,16.76,7.35,0
Atripalda,2019,3,10,14.75,8.82,0
Atripalda,2019,3,11,15.08,4.98,7.4
Atripalda,2019,3,12,8.81,2.65,11
Atripalda,2019,3,13,13.27,0.39,2.2
Atripalda,2019,3,14,9.86,5.16,8.1
Atripalda,2019,3,15,15.58,4.54,0
Atripalda,2019,3,16,15.22,7.69,0
Atripalda,2019,3,17,18.14,5.82,0
Atripalda,2019,3,18,17.6,6.83,0
Atripalda,2019,3,19,14.52,4.44,0
Atripalda,2019,3,20,8.44,5.97,5.7
Atripalda,2019,3,21,13.58,5.06,0
Atripalda,2019,3,22,16.6,6.39,0
Atripalda,2019,3,23,18.92,7.67,0
Atripalda,2019,3,24,20.83,6.43,0
Atripalda,2019,3,25,17.95,6.44,0
Atripalda,2019,3,26,10.16,6,3.1
Atripalda,2019,3,27,8.45,6.82,1.7
Atripalda,2019,3,28,10.67,5.09,0
Atripalda,2019,3,29,13.55,4.33,0
Atripalda,2019,3,30,17.65,3.73,0
Atripalda,2019,3,31,20.04,3.99,0
Atripalda,2019,4,1,20.87,5.91,0
Atripalda,2019,4,2,19.17,6.6,0
Atripalda,2019,4,3,14.62,8.29,0
Atripalda,2019,4,4,16.9,7.06,6.4
Atripalda,2019,4,5,16.31,6.05,11.4
Atripalda,2019,4,6,18.93,7.1,0
Atripalda,2019,4,7,14.69,8.02,0
Atripalda,2019,4,8,15.21,5.61,0
Atripalda,2019,4,9,15.18,8.14,0
Atripalda,2019,4,10,14.82,5.15,4.1
Atripalda,2019,4,11,13.68,6.33,6.2
Atripalda,2019,4,12,13.86,5.13,11.1
Atripalda,2019,4,13,11.84,7.38,1.8
Atripalda,2019,4,14,13.93,5.17,3.5
Atripalda,2019,4,15,13.11,5.07,2
Atripalda,2019,4,16,17.6,4.5,0
Atripalda,2019,4,17,18.11,5.51,0
Atripalda,2019,4,18,18.89,5.78,0
Atripalda,2019,4,19,19.42,7.73,0
Atripalda,2019,4,20,20.58,7.23,0
Atripalda,2019,4,21,17.1,11.75,0
Atripalda,2019,4,22,17.96,11.12,2.4
Atripalda,2019,4,23,19.84,9.42,0
Atripalda,2019,4,24,25.66,10.38,0
Atripalda,2019,4,25,27.99,11.23,0
Atripalda,2019,4,26,24.82,13.26,0
Atripalda,2019,4,27,19.03,9.9,0
Atripalda,2019,4,28,15.41,8.34,0
Atripalda,2019,4,29,15.15,6.89,1.8
Atripalda,2019,4,30,16.17,4.23,0
Atripalda,2019,5,1,16.7,4.13,0
Atripalda,2019,5,2,18.66,6.46,0
Atripalda,2019,5,3,17.77,9.29,0
Atripalda,2019,5,4,12.45,10.07,16.3
Atripalda,2019,5,5,14.6,6.69,8.9
Atripalda,2019,5,6,11.55,5.98,11.4
Atripalda,2019,5,7,14.27,5,0
Atripalda,2019,5,8,17.98,5.07,0
Atripalda,2019,5,9,16.71,8.91,0
Atripalda,2019,5,10,20.26,10.03,0
Atripalda,2019,5,11,20.75,7.96,0
Atripalda,2019,5,12,16.26,8.88,15.2
Atripalda,2019,5,13,16.08,7.7,8.7
Atripalda,2019,5,14,11.55,8.55,6.2
Atripalda,2019,5,15,11.62,8.16,12.3
Atripalda,2019,5,16,13.5,8.5,5.4
Atripalda,2019,5,17,20.17,6.08,0
Atripalda,2019,5,18,19.41,9.88,2.7
Atripalda,2019,5,19,16.81,9.99,5.2
Atripalda,2019,5,20,16,9.43,11.2
Atripalda,2019,5,21,17.92,10.78,7.7
Atripalda,2019,5,22,20.29,10.71,0
Atripalda,2019,5,23,19.66,8.95,0
Atripalda,2019,5,24,20.33,8.6,0
Atripalda,2019,5,25,22.14,9.9,3.8
Atripalda,2019,5,26,16.19,12.86,7.5
Atripalda,2019,5,27,17.13,12.69,25.3
Atripalda,2019,5,28,18.66,13.17,3.9
Atripalda,2019,5,29,19.45,12.62,0
Atripalda,2019,5,30,18.63,10.73,0
Atripalda,2019,5,31,17.9,11.28,6.2
Atripalda,2019,6,1,21.66,9.53,5.7
Atripalda,2019,6,2,22.31,12.3,7.8
Atripalda,2019,6,3,23.68,12.5,0
Atripalda,2019,6,4,24.6,15.39,0
Atripalda,2019,6,5,24.77,15.67,0
Atripalda,2019,6,6,27.77,13.93,0
Atripalda,2019,6,7,30.94,14.69,0
Atripalda,2019,6,8,31.61,16.71,0
Atripalda,2019,6,9,33,16.53,0
Atripalda,2019,6,10,33.32,17.7,0
Atripalda,2019,6,11,31.84,17.2,0
Atripalda,2019,6,12,33.21,16.87,0
Atripalda,2019,6,13,30.66,16.19,0
Atripalda,2019,6,14,34.46,17.7,0
Atripalda,2019,6,15,31.51,19.07,0
Atripalda,2019,6,16,29.83,16.46,0
Atripalda,2019,6,17,29.98,14.01,0
Atripalda,2019,6,18,30.47,16.41,0
Atripalda,2019,6,19,29.08,16.5,0
Atripalda,2019,6,20,28.95,16.31,0
Atripalda,2019,6,21,31.33,16.23,0
Atripalda,2019,6,22,30.96,17.29,0
Atripalda,2019,6,23,30.25,18.24,0
Atripalda,2019,6,24,29.84,17.28,0
Atripalda,2019,6,25,29.83,18.19,0
Atripalda,2019,6,26,31.33,18.5,0
Atripalda,2019,6,27,33.34,19.2,0
Atripalda,2019,6,28,34.47,17.85,0
Atripalda,2019,6,29,29.97,18.99,0
Atripalda,2019,6,30,32.5,16.39,0
Atripalda,2019,7,1,33.21,17.44,0
Atripalda,2019,7,2,33.79,18.06,0
Atripalda,2019,7,3,34.4,18.75,0
Atripalda,2019,7,4,32.89,19.07,0
Atripalda,2019,7,5,32.69,17.21,0
Atripalda,2019,7,6,32.07,18.92,0
Atripalda,2019,7,7,31.43,17.8,0
Atripalda,2019,7,8,32.71,19.09,0
Atripalda,2019,7,9,31.67,21.17,0
Atripalda,2019,7,10,30.72,18.69,3.1
Atripalda,2019,7,11,27.95,17.33,0
Atripalda,2019,7,12,28.31,15.8,0
Atripalda,2019,7,13,28.55,17.79,5.8
Atripalda,2019,7,14,26.77,16.67,0
Atripalda,2019,7,15,28.37,16.24,1.7
Atripalda,2019,7,16,24.08,15.35,3.3
Atripalda,2019,7,17,28.01,13.53,0
Atripalda,2019,7,18,28.06,14.28,0
Atripalda,2019,7,19,29.56,15.44,0
Atripalda,2019,7,20,31.07,15.41,0
Atripalda,2019,7,21,32.7,17.18,0
Atripalda,2019,7,22,33.52,18.69,0
Atripalda,2019,7,23,32.2,19.71,0
Atripalda,2019,7,24,33.35,18.85,0
Atripalda,2019,7,25,34.6,18.64,0
Atripalda,2019,7,26,33.14,18.54,0
Atripalda,2019,7,27,32.12,18.78,0
Atripalda,2019,7,28,25.65,19.18,27.1
Atripalda,2019,7,29,27.64,18.75,0
Atripalda,2019,7,30,29.14,17.14,0
Atripalda,2019,7,31,30.95,18.25,0
Atripalda,2019,8,1,32.2,17.29,0
Atripalda,2019,8,2,33.18,16.86,0
Atripalda,2019,8,3,31.85,18.01,0
Atripalda,2019,8,4,30.63,17.12,0
Atripalda,2019,8,5,31.63,17.17,0
Atripalda,2019,8,6,31.95,16.96,0
Atripalda,2019,8,7,34.23,17.01,0
Atripalda,2019,8,8,34.2,18.52,0
Atripalda,2019,8,9,34.2,19.14,0
Atripalda,2019,8,10,34.28,20.56,0
Atripalda,2019,8,11,36.79,21.05,0
Atripalda,2019,8,12,37.14,20.79,0
Atripalda,2019,8,13,35.09,21.33,0
Atripalda,2019,8,14,30.72,19.96,0
Atripalda,2019,8,15,29.87,17.52,0
Atripalda,2019,8,16,29.68,16.06,9.3
Atripalda,2019,8,17,29.22,16.55,0
Atripalda,2019,8,18,31.98,16.37,0
Atripalda,2019,8,19,32.55,17.88,0
Atripalda,2019,8,20,33.5,18.2,0
Atripalda,2019,8,21,32.76,18.31,0
Atripalda,2019,8,22,34.34,19.36,0
Atripalda,2019,8,23,32.16,18.73,5.5
Atripalda,2019,8,24,30.05,17.8,5.7
Atripalda,2019,8,25,29.88,17.49,0
Atripalda,2019,8,26,30.59,16.96,0
Atripalda,2019,8,27,31.49,17.72,0
Atripalda,2019,8,28,32.08,18.23,0
Atripalda,2019,8,29,30.78,18.81,0
Atripalda,2019,8,30,31.1,20.28,0
Atripalda,2019,8,31,30.83,19.51,0
Atripalda,2019,9,1,28.08,17.93,5.7
Atripalda,2019,9,2,25.26,17.95,0
Atripalda,2019,9,3,27.2,16.82,0
Atripalda,2019,9,4,24.71,16.82,0
Atripalda,2019,9,5,29.08,15.15,0
Atripalda,2019,9,6,28.26,15.59,0
Atripalda,2019,9,7,27.1,15.23,0
Atripalda,2019,9,8,26.07,13.78,0
Atripalda,2019,9,9,24.25,12.53,3.9
Atripalda,2019,9,10,26.32,10.38,0
Atripalda,2019,9,11,27.49,15.14,0
Atripalda,2019,9,12,27.88,14.07,0
Atripalda,2019,9,13,27.69,15.46,0
Atripalda,2019,9,14,27.99,14.59,0
Atripalda,2019,9,15,28.79,14.83,0
Atripalda,2019,9,16,28.66,15.02,0
Atripalda,2019,9,17,27.82,15.02,0
Atripalda,2019,9,18,28.5,15.95,0
Atripalda,2019,9,19,24.96,15.45,6.4
Atripalda,2019,9,20,22.05,12.26,0
Atripalda,2019,9,21,24.33,10.18,0
Atripalda,2019,9,22,24.84,12.34,0
Atripalda,2019,9,23,27.47,17.08,17.5
Atripalda,2019,9,24,24,16.22,0
Atripalda,2019,9,25,24,14.23,0
Atripalda,2019,9,26,25.22,15.29,4.8
Atripalda,2019,9,27,27.53,13.37,0
Atripalda,2019,9,28,26.1,14.16,0
Atripalda,2019,9,29,26.06,14.38,0
Atripalda,2019,9,30,25.31,15.89,0
Atripalda,2019,10,1,25.59,14.48,0
Atripalda,2019,10,2,25.17,14.42,7.8
Atripalda,2019,10,3,20.86,12.54,8.5
Atripalda,2019,10,4,19.05,11.23,0
Atripalda,2019,10,5,20.71,11.26,1.7
Atripalda,2019,10,6,20.98,11.37,0
Atripalda,2019,10,7,15.13,12.5,12.3
Atripalda,2019,10,8,19.86,10.14,0
Atripalda,2019,10,9,23.86,8.57,0
Atripalda,2019,10,10,24.02,12.87,0
Atripalda,2019,10,11,23.21,12.56,0
Atripalda,2019,10,12,23.52,12.27,0
Atripalda,2019,10,13,22.7,10.37,0
Atripalda,2019,10,14,23.48,10.07,0
Atripalda,2019,10,15,24.03,10.02,0
Atripalda,2019,10,16,20.52,10.45,0
Atripalda,2019,10,17,20.92,8.63,0
Atripalda,2019,10,18,21.2,9.4,0
Atripalda,2019,10,19,22.3,9.93,0
Atripalda,2019,10,20,24.14,9.11,0
Atripalda,2019,10,21,25.57,12.1,0
Atripalda,2019,10,22,26.49,12.48,0
Atripalda,2019,10,23,26.32,11.56,0
Atripalda,2019,10,24,24.3,10,0
Atripalda,2019,10,25,23.15,15.05,1.1
Atripalda,2019,10,26,22.68,13.35,0
Atripalda,2019,10,27,24.2,10.33,0
Atripalda,2019,10,28,22.6,8.92,0
Atripalda,2019,10,29,22.59,8.62,0
Atripalda,2019,10,30,20.19,10.08,0
Atripalda,2019,10,31,20.71,10.21,0
Atripalda,2019,11,1,17.9,12.13,3.4
Atripalda,2019,11,2,19.17,11.9,2.2
Atripalda,2019,11,3,18.65,13.96,71.7
Atripalda,2019,11,4,17.21,13.62,14.4
Atripalda,2019,11,5,19.93,13.64,13.5
Atripalda,2019,11,6,17.41,10.89,45.6
Atripalda,2019,11,7,15.56,7.27,0
Atripalda,2019,11,8,16.37,5.65,14.4
Atripalda,2019,11,9,14.04,8.55,29.4
Atripalda,2019,11,10,14.55,7.3,1.6
Atripalda,2019,11,11,17.87,7.81,0
Atripalda,2019,11,12,16.47,11.27,9.9
Atripalda,2019,11,13,14.43,9.13,16.2
Atripalda,2019,11,14,14.8,7.02,0.8
Atripalda,2019,11,15,17.22,8.39,0
Atripalda,2019,11,16,19.83,13.67,0
Atripalda,2019,11,17,18.27,10.06,28
Atripalda,2019,11,18,15.35,7.9,0
Atripalda,2019,11,19,13.53,8.16,0
Atripalda,2019,11,20,13.95,7.26,3.7
Atripalda,2019,11,21,12.62,5.22,0
Atripalda,2019,11,22,14.09,5.94,2.1
Atripalda,2019,11,23,18.47,7.23,0
Atripalda,2019,11,24,14.92,10.04,21.9
Atripalda,2019,11,25,12.56,9.45,3.9
Atripalda,2019,11,26,17.25,8.47,0
Atripalda,2019,11,27,15.72,11.14,2.3
Atripalda,2019,11,28,15.83,10.68,10.8
Atripalda,2019,11,29,14.52,11.25,4.1
Atripalda,2019,11,30,14.97,7.21,0
Atripalda,2019,12,1,15.61,5.14,0
Atripalda,2019,12,2,16.74,9.58,0
Atripalda,2019,12,3,13.88,8.5,0
Atripalda,2019,12,4,8.65,3.53,0
Atripalda,2019,12,5,12.9,4.13,0
Atripalda,2019,12,6,12.48,7.93,3.9
Atripalda,2019,12,7,13.93,8.73,0
Atripalda,2019,12,8,14.44,7.26,0
Atripalda,2019,12,9,13.63,7.02,5.4
Atripalda,2019,12,10,9.49,6.47,7.3
Atripalda,2019,12,11,9.35,3.15,0
Atripalda,2019,12,12,10.01,1.34,0
Atripalda,2019,12,13,12.62,1.84,22.5
Atripalda,2019,12,14,13.41,4.24,0
Atripalda,2019,12,15,15.7,3.64,0
Atripalda,2019,12,16,17.17,6.73,0
Atripalda,2019,12,17,17.91,7.06,0
Atripalda,2019,12,18,16.29,9.64,0
Atripalda,2019,12,19,12.02,7.92,27.2
Atripalda,2019,12,20,14.24,8.35,8.1
Atripalda,2019,12,21,15.2,11.52,38.8
Atripalda,2019,12,22,15.28,9.11,40.5
Atripalda,2019,12,23,13.05,3.64,6.6
Atripalda,2019,12,24,13.85,1.66,0
Atripalda,2019,12,25,13.91,2.91,0
Atripalda,2019,12,26,12.26,2.3,0
Atripalda,2019,12,27,11.9,1.79,0
Atripalda,2019,12,28,6.63,1.67,1.4
Atripalda,2019,12,29,4.02,2.1,1.5
Atripalda,2019,12,30,4.7,1.89,1.8
Atripalda,2019,12,31,9.01,0.93,0
Atripalda,2020,1,1,12.64,1.83,0
Atripalda,2020,1,2,11.56,2.18,0
Atripalda,2020,1,3,11.68,0.04,0
Atripalda,2020,1,4,9.24,1.72,0
Atripalda,2020,1,5,10.03,1.52,0
Atripalda,2020,1,6,5.92,1.74,0
Atripalda,2020,1,7,10.53,0.59,0
Atripalda,2020,1,8,10.62,3.97,0
Atripalda,2020,1,9,12.09,0.67,0
Atripalda,2020,1,10,11.3,0.84,0
Atripalda,2020,1,11,11.7,0.5,0
Atripalda,2020,1,12,10.82,5.11,0
Atripalda,2020,1,13,12.75,1.88,0
Atripalda,2020,1,14,12.31,1.66,0
Atripalda,2020,1,15,12.53,0.62,0
Atripalda,2020,1,16,12.36,0.41,0
Atripalda,2020,1,17,11.55,0.62,0
Atripalda,2020,1,18,10.35,1.42,2.6
Atripalda,2020,1,19,9.82,4.46,0
Atripalda,2020,1,20,6.48,6.25,0
Atripalda,2020,1,21,10.42,4.36,0
Atripalda,2020,1,22,12.84,1.69,0
Atripalda,2020,1,23,13.91,2.31,0
Atripalda,2020,1,24,13.11,1.3,0
Atripalda,2020,1,25,13.69,4.77,0
Atripalda,2020,1,26,10.82,4.01,4.8
Atripalda,2020,1,27,12.98,5.18,0
Atripalda,2020,1,28,13.29,9.13,1.2
Atripalda,2020,1,29,13.1,6.75,0.6
Atripalda,2020,1,30,14.01,3.65,0
Atripalda,2020,1,31,12.39,6.41,0
Atripalda,2020,2,1,12.09,8.61,0
Atripalda,2020,2,2,14.23,9.19,0
Atripalda,2020,2,3,16.11,8.57,0
Atripalda,2020,2,4,15.56,3.3,9.5
Atripalda,2020,2,5,4.63,1.57,9.3
Atripalda,2020,2,6,5.99,1.54,0
Atripalda,2020,2,7,10.58,-0.95,0
Atripalda,2020,2,8,13.34,0.1,0
Atripalda,2020,2,9,13.18,0.21,0
Atripalda,2020,2,10,12.04,6.6,1
Atripalda,2020,2,11,16.2,11.78,0
Atripalda,2020,2,12,15.49,6.04,0
Atripalda,2020,2,13,14.31,3.68,0
Atripalda,2020,2,14,12.16,6.65,13.6
Atripalda,2020,2,15,13.46,4.49,0
Atripalda,2020,2,16,14.25,2.03,0
Atripalda,2020,2,17,15.86,2.1,0
Atripalda,2020,2,18,14.89,4.43,0
Atripalda,2020,2,19,13.2,5.07,2.2
Atripalda,2020,2,20,10.81,2.93,0
Atripalda,2020,2,21,14.26,0.73,0
Atripalda,2020,2,22,12.17,4.21,0
Atripalda,2020,2,23,15.66,2.91,0
Atripalda,2020,2,24,16.56,9.18,0
Atripalda,2020,2,25,15.94,7.96,0
Atripalda,2020,2,26,13.98,3.85,2.8
Atripalda,2020,2,27,11.84,2.27,2.9
Atripalda,2020,2,28,13.71,4.34,5.1
Atripalda,2020,2,29,14.45,1.23,0
Atripalda,2020,3,1,16.14,7.33,3.1
Atripalda,2020,3,2,15.58,9.9,3.2
Atripalda,2020,3,3,13.16,4.85,15.2
Atripalda,2020,3,4,12.23,4.15,2.8
Atripalda,2020,3,5,13.96,3.57,0
Atripalda,2020,3,6,14.44,6.72,7.6
Atripalda,2020,3,7,11.06,5.31,6.6
Atripalda,2020,3,8,11.86,4.67,1.8
Atripalda,2020,3,9,13.02,1.43,0
Atripalda,2020,3,10,13.53,4,0
Atripalda,2020,3,11,17.22,2.68,0
Atripalda,2020,3,12,18.88,5.68,0
Atripalda,2020,3,13,18.54,5.91,0
Atripalda,2020,3,14,18.49,7.42,0
Atripalda,2020,3,15,13.15,5.4,0
Atripalda,2020,3,16,15.48,3.97,0
Atripalda,2020,3,17,16.76,4.37,0
Atripalda,2020,3,18,17.6,5.03,0
Atripalda,2020,3,19,19.33,6.04,0
Atripalda,2020,3,20,19.25,5.5,0
Atripalda,2020,3,21,18.48,5.63,0
Atripalda,2020,3,22,14.32,7.55,1.7
Atripalda,2020,3,23,7.81,0.08,0
Atripalda,2020,3,24,5.46,-2.16,0
Atripalda,2020,3,25,2.68,-2.07,9.5
Atripalda,2020,3,26,10.48,2.46,19.5
Atripalda,2020,3,27,12.55,6.27,6.6
Atripalda,2020,3,28,13.54,6.17,1.2
Atripalda,2020,3,29,15.74,5.55,0
Atripalda,2020,3,30,16.04,5.41,0
Atripalda,2020,3,31,11.97,1.04,8.9
Atripalda,2020,4,1,7.72,-0.29,9.5
Atripalda,2020,4,2,12.29,-1.65,0
Atripalda,2020,4,3,13.23,3.19,0
Atripalda,2020,4,4,14.98,5.51,0
Atripalda,2020,4,5,16.1,8.16,0
Atripalda,2020,4,6,17.38,6.65,0
Atripalda,2020,4,7,18.16,6.62,0
Atripalda,2020,4,8,18.59,5.48,0
Atripalda,2020,4,9,19.43,3.62,0
Atripalda,2020,4,10,20.95,4.71,0
Atripalda,2020,4,11,21.98,5.32,0
Atripalda,2020,4,12,22.29,6.46,0
Atripalda,2020,4,13,21.24,6.86,0
Atripalda,2020,4,14,19.1,8.36,4.6
Atripalda,2020,4,15,13.38,3.97,0
Atripalda,2020,4,16,19.64,2.23,0
Atripalda,2020,4,17,20.79,5.19,0
Atripalda,2020,4,18,18.09,-8.9,0
Atripalda,2020,4,19,24.81,12.23,0
Atripalda,2020,4,20,-4.06,-8.77,19.7
Atripalda,2020,4,21,16.33,12.47,2.4
Atripalda,2020,4,22,15.06,10.79,21
Atripalda,2020,4,23,14.69,9.33,3.9
Atripalda,2020,4,24,20.41,6.07,0
Atripalda,2020,4,25,19.15,8.76,0
Atripalda,2020,4,26,19.61,8.48,0
Atripalda,2020,4,27,21.06,6.98,0
Atripalda,2020,4,28,18.19,9.38,0
Atripalda,2020,4,29,19.17,11.51,0
Atripalda,2020,4,30,19.8,10.81,0
Atripalda,2020,5,1,18.56,11.33,0
Atripalda,2020,5,2,20.49,13.09,0
Atripalda,2020,5,3,21.87,9.99,5.8
Atripalda,2020,5,4,20.96,7.69,0
Atripalda,2020,5,5,22.93,8.41,0
Atripalda,2020,5,6,24.74,12.15,0
Atripalda,2020,5,7,19.06,8.93,0
Atripalda,2020,5,8,24.37,5.84,0
Atripalda,2020,5,9,24.26,8.53,0
Atripalda,2020,5,10,24.4,11.72,0
Atripalda,2020,5,11,23.1,10.67,0
Atripalda,2020,5,12,22.43,12.35,0
Atripalda,2020,5,13,29.11,10.16,0
Atripalda,2020,5,14,30.68,20.43,0
Atripalda,2020,5,15,24.4,14.76,0
Atripalda,2020,5,16,29.93,12.34,0
Atripalda,2020,5,17,25.69,15.74,0
Atripalda,2020,5,18,27.01,16.72,0
Atripalda,2020,5,19,23.86,14.57,0
Atripalda,2020,5,20,17.6,12.11,16.1
Atripalda,2020,5,21,20.65,12.2,6.7
Atripalda,2020,5,22,23.3,10.96,0
Atripalda,2020,5,23,25.64,10.24,0
Atripalda,2020,5,24,25.17,12.58,0
Atripalda,2020,5,25,22.88,12.17,0
Atripalda,2020,5,26,21.21,9.47,0
Atripalda,2020,5,27,19.87,10.62,0
Atripalda,2020,5,28,22.48,8.15,0
Atripalda,2020,5,29,21.8,8.43,11
Atripalda,2020,5,30,16.14,9.64,5
Atripalda,2020,5,31,20.76,8.42,9.6
Atripalda,2020,6,1,19.29,10.97,0
Atripalda,2020,6,2,22.67,8.99,0
Atripalda,2020,6,3,23.73,10.26,0
Atripalda,2020,6,4,24.1,12.79,0
Atripalda,2020,6,5,20.4,13.11,15
Atripalda,2020,6,6,24.2,11.68,0
Atripalda,2020,6,7,23.5,13.25,0
Atripalda,2020,6,8,23.04,15.75,0
Atripalda,2020,6,9,23.74,14.13,0
Atripalda,2020,6,10,21.2,13.21,0
Atripalda,2020,6,11,21.02,12.39,2.5
Atripalda,2020,6,12,24.48,10.54,0
Atripalda,2020,6,13,27.26,11.76,0
Atripalda,2020,6,14,23.93,15.05,0
Atripalda,2020,6,15,23.7,15.23,0
Atripalda,2020,6,16,22.25,14.64,12.3
Atripalda,2020,6,17,24.47,13.86,0
Atripalda,2020,6,18,24.3,14.25,0
Atripalda,2020,6,19,24.19,12.4,0
Atripalda,2020,6,20,27.34,14.94,0
Atripalda,2020,6,21,25.78,12.98,0
Atripalda,2020,6,22,22,13.35,0
Atripalda,2020,6,23,27.57,17.42,0
Atripalda,2020,6,24,28.7,14.51,0
Atripalda,2020,6,25,29.32,14.31,0
Atripalda,2020,6,26,30.16,15.77,0
Atripalda,2020,6,27,31.52,15.8,0
Atripalda,2020,6,28,31.91,16.69,0
Atripalda,2020,6,29,29.9,17.43,0
Atripalda,2020,6,30,30.42,16.77,0
Atripalda,2020,7,1,30.79,17.76,0
Atripalda,2020,7,2,32.68,17.5,0
Atripalda,2020,7,3,31.65,17.64,0
Atripalda,2020,7,4,26.44,17.55,8.4
Atripalda,2020,7,5,28.87,15.91,0
Atripalda,2020,7,6,30.43,16.15,0
Atripalda,2020,7,7,29.06,16.38,0
Atripalda,2020,7,8,30.08,15.61,0
Atripalda,2020,7,9,32.52,17.21,0
Atripalda,2020,7,10,32.83,16.12,0
Atripalda,2020,7,11,30.74,17.58,0
Atripalda,2020,7,12,31.77,17.93,0
Atripalda,2020,7,13,27.28,17.21,0
Atripalda,2020,7,14,28.45,14.5,0
Atripalda,2020,7,15,28.35,14.18,0
Atripalda,2020,7,16,28.35,15.64,0
Atripalda,2020,7,17,27.69,16.59,16.1
Atripalda,2020,7,18,26.38,15.47,3.2
Atripalda,2020,7,19,27.06,14.96,0
Atripalda,2020,7,20,30.1,14.54,0
Atripalda,2020,7,21,32.34,15.92,0
Atripalda,2020,7,22,33.37,16.31,0
Atripalda,2020,7,23,32.1,18.57,0
Atripalda,2020,7,24,31.64,17.63,0
Atripalda,2020,7,25,30.09,18,0
Atripalda,2020,7,26,31.12,15.91,0
Atripalda,2020,7,27,33.21,17.74,0
Atripalda,2020,7,28,34.23,18.87,0
Atripalda,2020,7,29,34.91,18.26,0
Atripalda,2020,7,30,35.86,21.16,0
Atripalda,2020,7,31,35.52,21.44,0
Atripalda,2020,8,1,33.91,20.63,0
Atripalda,2020,8,2,34.4,18.55,0
Atripalda,2020,8,3,33.15,19.5,0
Atripalda,2020,8,4,28.16,16.57,0
Atripalda,2020,8,5,23.57,14.5,8.7
Atripalda,2020,8,6,25.11,15.58,10.4
Atripalda,2020,8,7,26.63,17.83,0
Atripalda,2020,8,8,27.96,17.91,0
Atripalda,2020,8,9,30.5,17.68,0
Atripalda,2020,8,10,32.26,17.64,0
Atripalda,2020,8,11,32.51,18.01,0
Atripalda,2020,8,12,32.01,17.99,0
Atripalda,2020,8,13,32.61,18.27,0
Atripalda,2020,8,14,32.78,18.33,0
Atripalda,2020,8,15,32.33,19.24,0
Atripalda,2020,8,16,32.6,19.56,0
Atripalda,2020,8,17,31.32,18.07,0
Atripalda,2020,8,18,29.22,19.11,0
Atripalda,2020,8,19,31.02,17.49,0
Atripalda,2020,8,20,32.79,18.09,0
Atripalda,2020,8,21,34.42,18.25,0
Atripalda,2020,8,22,33.28,19.48,0
Atripalda,2020,8,23,32.51,17.56,0
Atripalda,2020,8,24,30.68,19.02,0
Atripalda,2020,8,25,30.92,17.32,0
Atripalda,2020,8,26,30.83,17.64,0
Atripalda,2020,8,27,30.57,18.75,0
Atripalda,2020,8,28,30.82,19.07,0
Atripalda,2020,8,29,33.75,17.47,0
Atripalda,2020,8,30,33.5,19.68,0
Atripalda,2020,8,31,30.57,15.56,2
Atripalda,2020,9,1,26.14,12.19,0
Atripalda,2020,9,2,26.6,13.29,0
Atripalda,2020,9,3,27.12,17.02,0
Atripalda,2020,9,4,28.59,15.58,0
Atripalda,2020,9,5,29.6,12.73,0
Atripalda,2020,9,6,29.91,13.47,0
Atripalda,2020,9,7,30.49,14.42,0
Atripalda,2020,9,8,29.94,18.91,0
Atripalda,2020,9,9,32.33,17.47,0
Atripalda,2020,9,10,32.47,17.3,0
Atripalda,2020,9,11,30.76,18.09,0
Atripalda,2020,9,12,31.03,17.25,0
Atripalda,2020,9,13,31.56,17.32,0
Atripalda,2020,9,14,31.46,18.48,0
Atripalda,2020,9,15,29.86,17.87,0
Atripalda,2020,9,16,30.82,17.63,0
Atripalda,2020,9,17,23.2,18.44,2.5
Atripalda,2020,9,18,29.9,16.27,0
Atripalda,2020,9,19,29.45,15.86,0
Atripalda,2020,9,20,28.98,15.31,0
Atripalda,2020,9,21,26.89,16.21,0
Atripalda,2020,9,22,25.75,15.22,10.3
Atripalda,2020,9,23,25.93,15.21,13.9
Atripalda,2020,9,24,25.22,14.74,0
Atripalda,2020,9,25,24.84,14.21,23.4
Atripalda,2020,9,26,17.02,9.74,20
Atripalda,2020,9,27,19.29,11.3,47.7
Atripalda,2020,9,28,17.2,10.59,13.1
Atripalda,2020,9,29,20.3,10.48,0
Atripalda,2020,9,30,21.11,8.59,0
Atripalda,2020,10,1,21.04,10.92,0
Atripalda,2020,10,2,23.98,10.54,0
Atripalda,2020,10,3,29.15,17.02,0
Atripalda,2020,10,4,22.57,12.71,0
Atripalda,2020,10,5,23.42,13.24,0
Atripalda,2020,10,6,21.61,11.39,0
Atripalda,2020,10,7,17.21,11.8,28
Atripalda,2020,10,8,19.24,10.07,0
Atripalda,2020,10,9,21.49,8.22,0
Atripalda,2020,10,10,21.42,8.41,0
Atripalda,2020,10,11,20.18,11.3,3.3
Atripalda,2020,10,12,16.33,10.69,6.6
Atripalda,2020,10,13,14.86,8.97,0
Atripalda,2020,10,14,19.19,9.79,4.6
Atripalda,2020,10,15,18.43,11.96,35.5
Atripalda,2020,10,16,17.06,6.97,2.1
Atripalda,2020,10,17,17.12,6.95,0
Atripalda,2020,10,18,18.33,7.02,0
Atripalda,2020,10,19,18.85,7.52,0
Atripalda,2020,10,20,19.2,6.59,0
Atripalda,2020,10,21,19.39,6.48,0
Atripalda,2020,10,22,19.65,6.86,0
Atripalda,2020,10,23,20.53,6.71,0
Atripalda,2020,10,24,17.61,12.82,17.8
Atripalda,2020,10,25,18.33,11.13,0
Atripalda,2020,10,26,18.44,10.63,0
Atripalda,2020,10,27,15.4,8.61,20.1
Atripalda,2020,10,28,14.6,8.55,1.8
Atripalda,2020,10,29,17.38,6.88,0
Atripalda,2020,10,30,19.12,9.52,0
Atripalda,2020,10,31,20.04,8.57,0
Atripalda,2020,11,1,17.81,9.22,0
Atripalda,2020,11,2,17.79,8.56,0
Atripalda,2020,11,3,17.97,7.27,0
Atripalda,2020,11,4,18.68,8.63,0
Atripalda,2020,11,5,16.42,11.01,0
Atripalda,2020,11,6,15.47,11.9,0
Atripalda,2020,11,7,18.12,8.87,0
Atripalda,2020,11,8,18.53,6.14,0
Atripalda,2020,11,9,20.4,6.41,0
Atripalda,2020,11,10,20.29,7.63,0
Atripalda,2020,11,11,19.19,6.69,0
Atripalda,2020,11,12,18.13,7.31,0
Atripalda,2020,11,13,16.62,9.77,0
Atripalda,2020,11,14,17.8,9.46,0
Atripalda,2020,11,15,17.9,9.34,0
Atripalda,2020,11,16,17.87,8.67,6.5
Atripalda,2020,11,17,12.91,11.64,29.7
Atripalda,2020,11,18,15.13,9.7,0
Atripalda,2020,11,19,17.27,5.88,0
Atripalda,2020,11,20,11.46,7.88,31.9
Atripalda,2020,11,21,8.69,7.04,10.7
Atripalda,2020,11,22,8.09,5.38,0
Atripalda,2020,11,23,15.78,7.91,0
Atripalda,2020,11,24,12.2,9.55,0
Atripalda,2020,11,25,12.97,8.19,0
Atripalda,2020,11,26,15.39,6.86,0
Atripalda,2020,11,27,15.63,4.26,0
Atripalda,2020,11,28,13.9,6.09,2.1
Atripalda,2020,11,29,11.09,9.69,12.1
Atripalda,2020,11,30,11.67,4.57,0
Atripalda,2020,12,1,12.48,3.77,4.8
Atripalda,2020,12,2,13.45,8.45,26.8
Atripalda,2020,12,3,10.52,5.65,18.2
Atripalda,2020,12,4,11.8,3.12,0
Atripalda,2020,12,5,16.12,10.81,0
Atripalda,2020,12,6,16.27,6.52,33.3
Atripalda,2020,12,7,11.69,4.74,4.4
Atripalda,2020,12,8,12.02,8.26,38.1
Atripalda,2020,12,9,10.12,7.36,10
Atripalda,2020,12,10,9.77,5.4,2.2
Atripalda,2020,12,11,7.36,5.44,8.6
Atripalda,2020,12,12,11.18,4.36,0
Atripalda,2020,12,13,10.44,5.46,0
Atripalda,2020,12,14,12.25,4.42,0
Atripalda,2020,12,15,12.5,3.55,0
Atripalda,2020,12,16,13.56,1.65,0
Atripalda,2020,12,17,13.4,2.81,0
Atripalda,2020,12,18,13.06,3.04,0
Atripalda,2020,12,19,12.21,4.1,0
Atripalda,2020,12,20,13.31,4.54,0
Atripalda,2020,12,21,12.54,5.89,0
Atripalda,2020,12,22,13.08,4.89,0
Atripalda,2020,12,23,12.6,5.29,0
Atripalda,2020,12,24,14.51,10.49,0
Atripalda,2020,12,25,13.07,7.94,6.7
Atripalda,2020,12,26,6.93,4.29,12.5
Atripalda,2020,12,27,7.05,4.69,4
Atripalda,2020,12,28,11.03,5.68,25.2
Atripalda,2020,12,29,12.55,7.09,28.2
Atripalda,2020,12,30,11.54,5.02,20.5
Atripalda,2020,12,31,9.25,3.76,3.8
Atripalda,2021,1,1,10.6,2.47,6.7
Atripalda,2021,1,2,12.14,5.95,11.5
Atripalda,2021,1,3,8.22,3.94,8.3
Atripalda,2021,1,4,9.49,2.33,2.4
Atripalda,2021,1,5,8.24,1.81,22.8
Atripalda,2021,1,6,7.94,4.24,28.8
Atripalda,2021,1,7,7.75,3.56,7.5
Atripalda,2021,1,8,8.42,5.31,8.5
Atripalda,2021,1,9,6.62,4.95,13.6
Atripalda,2021,1,10,8.27,5.17,16.5
Atripalda,2021,1,11,5.92,4.69,0
Atripalda,2021,1,12,6.66,2.36,0
Atripalda,2021,1,13,10.91,1.92,0
Atripalda,2021,1,14,10.79,0.56,0
Atripalda,2021,1,15,6.38,1.57,4.6
Atripalda,2021,1,16,4.43,-0.47,0
Atripalda,2021,1,17,4.93,-2.05,4.2
Atripalda,2021,1,18,4.79,-0.35,4.1
Atripalda,2021,1,19,9.51,-2.03,0
Atripalda,2021,1,20,11.9,5.59,0.9
Atripalda,2021,1,21,12.89,8.33,0
Atripalda,2021,1,22,12.51,9.71,6.6
Atripalda,2021,1,23,12.01,6.92,15.2
Atripalda,2021,1,24,10.99,7.53,32.6
Atripalda,2021,1,25,11.07,3.6,12.8
Atripalda,2021,1,26,7.92,-1.16,0
Atripalda,2021,1,27,7.35,-2.72,0
Atripalda,2021,1,28,10.5,-0.4,0
Atripalda,2021,1,29,13.65,6.57,0
Atripalda,2021,1,30,14.55,7.64,0
Atripalda,2021,1,31,11.7,7.62,27.3
Atripalda,2021,2,1,12.25,6.35,3.2
Atripalda,2021,2,2,13.54,5.4,1.7
Atripalda,2021,2,3,15,5.56,0
Atripalda,2021,2,4,17.48,7.75,0
Atripalda,2021,2,5,20.04,6.12,0
Atripalda,2021,2,6,21.22,7.66,0
Atripalda,2021,2,7,20.5,8.55,25.9
Atripalda,2021,2,8,11.71,8.89,3.7
Atripalda,2021,2,9,11.09,8.31,25.9
Atripalda,2021,2,10,13.11,8.04,48.9
Atripalda,2021,2,11,13.74,4.93,4.1
Atripalda,2021,2,12,7.27,4.8,1.1
Atripalda,2021,2,13,3.93,-0.45,17.3
Atripalda,2021,2,14,0.9,-2.03,1
Atripalda,2021,2,15,3.6,-2.62,0
Atripalda,2021,2,16,8.48,-4.29,0
Atripalda,2021,2,17,8.64,1.94,0
Atripalda,2021,2,18,13.52,2.71,0
Atripalda,2021,2,19,14.28,2.38,0
Atripalda,2021,2,20,14.92,2.55,0
Atripalda,2021,2,21,16.91,4.25,0
Atripalda,2021,2,22,16.76,3.86,0
Atripalda,2021,2,23,18.24,4.19,0
Atripalda,2021,2,24,19.18,6.6,0
Atripalda,2021,2,25,19.65,5.22,0
Atripalda,2021,2,26,20.16,5.48,0
Atripalda,2021,2,27,14.59,6.45,0
Atripalda,2021,2,28,13.19,4.49,0
Atripalda,2021,3,1,13.8,2.22,0
Atripalda,2021,3,2,14.76,3.18,0
Atripalda,2021,3,3,16.81,2.61,0
Atripalda,2021,3,4,14.67,2.4,0
Atripalda,2021,3,5,13.88,3.29,0
Atripalda,2021,3,6,14.18,6.94,0
Atripalda,2021,3,7,12.69,5.9,0
Atripalda,2021,3,8,13.43,7.11,3.8
Atripalda,2021,3,9,11.03,6.37,50.6
Atripalda,2021,3,10,10.94,4.19,5
Atripalda,2021,3,11,13.12,2.24,0
Atripalda,2021,3,12,13.67,8.73,0
Atripalda,2021,3,13,15.51,8.5,0
Atripalda,2021,3,14,12.14,6.47,2.6
Atripalda,2021,3,15,11.57,1.28,0
Atripalda,2021,3,16,12.83,0.09,0
Atripalda,2021,3,17,9.68,0.54,0
Atripalda,2021,3,18,8.03,2.36,0
Atripalda,2021,3,19,7.19,-1.17,2.3
Atripalda,2021,3,20,4.64,1.07,10.1
Atripalda,2021,3,21,5.8,2.01,1.8
Atripalda,2021,3,22,8.41,2.12,0
Atripalda,2021,3,23,6.79,2.49,0
Atripalda,2021,3,24,10.28,2.36,0
Atripalda,2021,3,25,15.23,0.87,0
Atripalda,2021,3,26,17.56,2.79,0
Atripalda,2021,3,27,15.43,5.32,0
Atripalda,2021,3,28,19.82,3.94,0
Atripalda,2021,3,29,20.11,6.56,0
Atripalda,2021,3,30,18.92,5.77,0
Atripalda,2021,3,31,19.38,7.02,0
Atripalda,2021,4,1,21.08,6.55,0
Atripalda,2021,4,2,19.24,9.62,0
Atripalda,2021,4,3,17.65,6.97,0
Atripalda,2021,4,4,12.19,4.16,0
Atripalda,2021,4,5,15.15,2.5,0
Atripalda,2021,4,6,14.41,6.87,1.2
Atripalda,2021,4,7,7.99,1.48,5.2
Atripalda,2021,4,8,11.28,-0.61,2.3
Atripalda,2021,4,9,15.4,0.79,0
Atripalda,2021,4,10,16.93,1.4,0
Atripalda,2021,4,11,17.47,5.66,0
Atripalda,2021,4,12,16.56,5.64,1.5
Atripalda,2021,4,13,12.8,7.49,9
Atripalda,2021,4,14,11.74,4.25,0
Atripalda,2021,4,15,13.63,2.89,0
Atripalda,2021,4,16,8.03,4.43,0
Atripalda,2021,4,17,10.9,4.6,0
Atripalda,2021,4,18,13.65,3.5,2.4
Atripalda,2021,4,19,11.5,4.32,4.1
Atripalda,2021,4,20,13.5,2.9,2.4
Atripalda,2021,4,21,16.64,3.59,0
Atripalda,2021,4,22,12.68,7.53,12.3
Atripalda,2021,4,23,13.54,9.9,2.4
Atripalda,2021,4,24,17.35,5.81,0
Atripalda,2021,4,25,20.78,4.19,0
Atripalda,2021,4,26,21.79,6.06,0
Atripalda,2021,4,27,21.8,9.95,0
Atripalda,2021,4,28,20.11,10.78,0
Atripalda,2021,4,29,22.11,9.25,0
Atripalda,2021,4,30,27.54,11.3,0
Atripalda,2021,5,1,23.07,13.49,6.3
Atripalda,2021,5,2,17.95,11.15,0
Atripalda,2021,5,3,17.44,8.01,0
Atripalda,2021,5,4,20.24,6.17,1.4
Atripalda,2021,5,5,18.38,10.8,0
Atripalda,2021,5,6,19.81,9.13,0
Atripalda,2021,5,7,21.32,11.09,0
Atripalda,2021,5,8,22.98,10.42,0
Atripalda,2021,5,9,26.36,9.91,0
Atripalda,2021,5,10,26.61,10.39,0
Atripalda,2021,5,11,27.66,10.22,0
Atripalda,2021,5,12,19.22,11.43,3
Atripalda,2021,5,13,17.83,11.67,2.7
Atripalda,2021,5,14,19.42,9.84,14.3
Atripalda,2021,5,15,18.11,10.72,3.7
Atripalda,2021,5,16,20.19,11.84,0
Atripalda,2021,5,17,21.3,10.9,0
Atripalda,2021,5,18,20.78,8.46,0
Atripalda,2021,5,19,19.56,10.83,0
Atripalda,2021,5,20,19.2,8.01,0
Atripalda,2021,5,21,21.77,5.81,0
Atripalda,2021,5,22,23.93,9.59,0
Atripalda,2021,5,23,26.75,11.86,0
Atripalda,2021,5,24,31.64,12.69,0
Atripalda,2021,5,25,23.68,13.15,0
Atripalda,2021,5,26,23.21,11.8,0
Atripalda,2021,5,27,22.78,9.65,0
Atripalda,2021,5,28,26.29,10.31,0
Atripalda,2021,5,29,26.11,11.66,0
Atripalda,2021,5,30,19.61,12.77,0
Atripalda,2021,5,31,21.73,12.07,0
Atripalda,2021,6,1,23.22,10.06,0
Atripalda,2021,6,2,25.88,9.36,0
Atripalda,2021,6,3,28.42,10.73,0
Atripalda,2021,6,4,27.89,13.03,0
Atripalda,2021,6,5,26.77,13.37,0
Atripalda,2021,6,6,25.1,14.75,0
Atripalda,2021,6,7,23.32,13.07,4.7
Atripalda,2021,6,8,24.99,14.43,15.3
Atripalda,2021,6,9,24.75,15.15,5.1
Atripalda,2021,6,10,26.41,12.87,0
Atripalda,2021,6,11,26.58,12.8,2.4
Atripalda,2021,6,12,26.43,13.37,0
Atripalda,2021,6,13,28.12,13.52,0
Atripalda,2021,6,14,27.9,15.58,0
Atripalda,2021,6,15,27.16,12.69,0
Atripalda,2021,6,16,27.87,11.87,0
Atripalda,2021,6,17,29.08,14.08,0
Atripalda,2021,6,18,29.82,15.07,0
Atripalda,2021,6,19,30.21,16.42,0
Atripalda,2021,6,20,32.09,16.85,0
Atripalda,2021,6,21,33.95,19.18,0
Atripalda,2021,6,22,34.56,20.48,0
Atripalda,2021,6,23,36.08,19.72,0
Atripalda,2021,6,24,32.97,21.99,0
Atripalda,2021,6,25,32.61,20.35,0
Atripalda,2021,6,26,31.95,18.12,0
Atripalda,2021,6,27,32.92,17.54,0
Atripalda,2021,6,28,36.52,18.76,0
Atripalda,2021,6,29,34.86,19.64,0
Atripalda,2021,6,30,31.18,18.98,0
Atripalda,2021,7,1,29.01,17.61,0
Atripalda,2021,7,2,28.66,16.47,0
Atripalda,2021,7,3,29.93,16.44,0
Atripalda,2021,7,4,31.04,17.21,0
Atripalda,2021,7,5,30.67,19.21,0
Atripalda,2021,7,6,32.98,18.5,0
Atripalda,2021,7,7,34.99,19.56,0
Atripalda,2021,7,8,36.55,20.41,0
Atripalda,2021,7,9,32.37,19.2,0
Atripalda,2021,7,10,31.06,15.23,0
Atripalda,2021,7,11,30.68,17.28,0
Atripalda,2021,7,12,32.08,17.1,0
Atripalda,2021,7,13,32.45,17.38,0
Atripalda,2021,7,14,27.87,17.43,0
Atripalda,2021,7,15,26.27,16.76,0
Atripalda,2021,7,16,26.87,16,0
Atripalda,2021,7,17,26.3,16.21,24.3
Atripalda,2021,7,18,25.68,16.35,15.6
Atripalda,2021,7,19,24.33,15.64,4.3
Atripalda,2021,7,20,28.98,17.37,0
Atripalda,2021,7,21,32.8,16.19,0
Atripalda,2021,7,22,31.89,18.71,0
Atripalda,2021,7,23,31.84,16.97,0
Atripalda,2021,7,24,31.83,19.05,0
Atripalda,2021,7,25,33.73,18.86,0
Atripalda,2021,7,26,34.4,20.1,0
Atripalda,2021,7,27,35.6,19.64,0
Atripalda,2021,7,28,36.11,19.41,0
Atripalda,2021,7,29,35.43,20.73,0
Atripalda,2021,7,30,35.09,19.71,0
Atripalda,2021,7,31,35.59,19.28,0
Atripalda,2021,8,1,34.1,20.74,0
Atripalda,2021,8,2,30.07,18.31,0
Atripalda,2021,8,3,30.95,15.9,0
Atripalda,2021,8,4,34.82,17.37,0
Atripalda,2021,8,5,28.26,18.85,0
Atripalda,2021,8,6,28.24,18.31,0
Atripalda,2021,8,7,32.56,17.17,0
Atripalda,2021,8,8,34.7,18.87,0
Atripalda,2021,8,9,35.48,19.17,0
Atripalda,2021,8,10,38.39,19.63,0
Atripalda,2021,8,11,37.95,23.14,0
Atripalda,2021,8,12,35.72,21.45,0
Atripalda,2021,8,13,36.73,20.6,0
Atripalda,2021,8,14,36.59,21.42,0
Atripalda,2021,8,15,36.79,19.37,0
Atripalda,2021,8,16,34.41,20.74,0
Atripalda,2021,8,17,32.5,18.89,0
Atripalda,2021,8,18,30.99,16.94,0
Atripalda,2021,8,19,31.11,18.49,0
Atripalda,2021,8,20,30.8,16.45,11.9
Atripalda,2021,8,21,30.93,15.72,0
Atripalda,2021,8,22,32.56,16.52,0
Atripalda,2021,8,23,29.93,17.6,0
Atripalda,2021,8,24,31.5,16.48,0
Atripalda,2021,8,25,30.53,17.31,0
Atripalda,2021,8,26,27.37,17.01,0
Atripalda,2021,8,27,27.55,17.61,0
Atripalda,2021,8,28,26.48,16.73,0
Atripalda,2021,8,29,27.01,15.41,0
Atripalda,2021,8,30,27.37,13.63,0
Atripalda,2021,8,31,28.02,13.66,0
Atripalda,2021,9,1,28.72,14.43,0
Atripalda,2021,9,2,27.45,15.98,0
Atripalda,2021,9,3,28.21,16.2,0
Atripalda,2021,9,4,28.07,17.16,17.2
Atripalda,2021,9,5,27.66,15.94,0
Atripalda,2021,9,6,27.76,15.44,0
Atripalda,2021,9,7,27.27,14.83,0
Atripalda,2021,9,8,27.81,13.13,3.6
Atripalda,2021,9,9,27.32,12.42,0
Atripalda,2021,9,10,27.6,13.87,0
Atripalda,2021,9,11,25.87,16.05,0
Atripalda,2021,9,12,28.21,13.33,0
Atripalda,2021,9,13,28.92,13.82,0
Atripalda,2021,9,14,28.38,14.96,0
Atripalda,2021,9,15,29.57,15.07,0
Atripalda,2021,9,16,29.44,18.14,0
Atripalda,2021,9,17,28.87,16.42,11.7
Atripalda,2021,9,18,28.49,16.73,0
Atripalda,2021,9,19,28.5,17.17,0
Atripalda,2021,9,20,24.85,17.17,1.4
Atripalda,2021,9,21,25.61,14.5,0
Atripalda,2021,9,22,22.88,13.68,0
Atripalda,2021,9,23,22.34,11.38,0
Atripalda,2021,9,24,26.31,9.6,0
Atripalda,2021,9,25,28.42,12.03,0
Atripalda,2021,9,26,29.3,14.79,0
Atripalda,2021,9,27,26.6,15.96,0
Atripalda,2021,9,28,25.37,15.29,0
Atripalda,2021,9,29,26.28,13.6,0
Atripalda,2021,9,30,26.01,15.01,0
Atripalda,2021,10,1,25.73,13.65,0
Atripalda,2021,10,2,23.45,12.2,0
Atripalda,2021,10,3,25.71,13.5,0
Atripalda,2021,10,4,27.18,12.18,0
Atripalda,2021,10,5,20.82,14.47,9.5
Atripalda,2021,10,6,21.9,12.08,13.8
Atripalda,2021,10,7,17.67,9.64,6.3
Atripalda,2021,10,8,19.01,10.58,2.5
Atripalda,2021,10,9,16.98,11.22,0
Atripalda,2021,10,10,11.63,7.02,12.6
Atripalda,2021,10,11,14.47,5.74,2.3
Atripalda,2021,10,12,15.79,8.56,0
Atripalda,2021,10,13,16.55,7.26,0
Atripalda,2021,10,14,13.28,9.03,0
Atripalda,2021,10,15,12.72,8.8,0
Atripalda,2021,10,16,15.6,6.92,0
Atripalda,2021,10,17,15.18,8.56,0
Atripalda,2021,10,18,19.81,9.08,0
Atripalda,2021,10,19,20.19,7.57,0
Atripalda,2021,10,20,19.52,7,0
Atripalda,2021,10,21,19.33,10.96,0
Atripalda,2021,10,22,20.69,13.34,0
Atripalda,2021,10,23,21.03,11.6,0
Atripalda,2021,10,24,15.22,13.13,0
Atripalda,2021,10,25,14.07,12.49,0
Atripalda,2021,10,26,18.11,12.45,0
Atripalda,2021,10,27,17.46,9.22,0
Atripalda,2021,10,28,18.89,9.18,0
Atripalda,2021,10,29,18.18,8.5,0
Atripalda,2021,10,30,17.62,8.96,0
Atripalda,2021,10,31,18.57,11.51,0
Atripalda,2021,11,1,19.97,11.95,3.8
Atripalda,2021,11,2,17.83,12.99,4.5
Atripalda,2021,11,3,20.34,13.32,25.8
Atripalda,2021,11,4,20.92,11.61,9.1
Atripalda,2021,11,5,14.97,10.63,0
Atripalda,2021,11,6,14.16,12.57,11.5
Atripalda,2021,11,7,20.12,12.04,0
Atripalda,2021,11,8,17.51,11.92,20
Atripalda,2021,11,9,17.2,14.2,31
Atripalda,2021,11,10,19.05,14.05,0
Atripalda,2021,11,11,19.21,14.03,0
Atripalda,2021,11,12,15.68,11.67,2.9
Atripalda,2021,11,13,18.55,9.9,4.8
Atripalda,2021,11,14,16.23,7.22,0
Atripalda,2021,11,15,15.2,7.16,6.1
Atripalda,2021,11,16,17.35,9.83,14
Atripalda,2021,11,17,16.68,8.24,7.3
Atripalda,2021,11,18,16.82,10.45,3.1
Atripalda,2021,11,19,14.92,7.17,0
Atripalda,2021,11,20,18.11,5.35,0
Atripalda,2021,11,21,16.59,5.71,0
Atripalda,2021,11,22,13.88,8.52,10.6
Atripalda,2021,11,23,14.9,8.65,1.4
Atripalda,2021,11,24,11.79,10.12,0
Atripalda,2021,11,25,12.28,8.66,14.8
Atripalda,2021,11,26,12.12,8.76,30.8
Atripalda,2021,11,27,11.4,8.34,24.5
Atripalda,2021,11,28,11.68,5.59,31.4
Atripalda,2021,11,29,6.69,2.33,21.8
Atripalda,2021,11,30,8.13,1.05,2.7
Atripalda,2021,12,1,10.89,3.89,3.5
Atripalda,2021,12,2,13.74,9.22,21.9
Atripalda,2021,12,3,8.91,7.16,23.4
Atripalda,2021,12,4,11.42,3.65,0
Atripalda,2021,12,5,11.76,5.86,23
Atripalda,2021,12,6,6.44,3.89,13
Atripalda,2021,12,7,8.39,1.69,0
Atripalda,2021,12,8,12.67,-0.69,7.6
Atripalda,2021,12,9,12.45,2.57,45.2
Atripalda,2021,12,10,9.64,1.87,20.2
Atripalda,2021,12,11,7.35,4.85,18.6
Atripalda,2021,12,12,6.94,4.49,2.1
Atripalda,2021,12,13,11.26,3.33,0
Atripalda,2021,12,14,10.08,7.02,0
Atripalda,2021,12,15,11.04,7.15,0
Atripalda,2021,12,16,8.86,6.76,0
Atripalda,2021,12,17,12.28,4.44,0
Atripalda,2021,12,18,7.86,4.15,0
Atripalda,2021,12,19,11.35,3.24,0
Atripalda,2021,12,20,12.41,1.56,0
Atripalda,2021,12,21,8.13,4.18,0
Atripalda,2021,12,22,8.81,1.15,0
Atripalda,2021,12,23,11.7,2.22,0
Atripalda,2021,12,24,11.48,7.28,1.3
Atripalda,2021,12,25,15.06,9.59,0
Atripalda,2021,12,26,14.15,10.74,25.9
Atripalda,2021,12,27,13.96,8.67,2.8
Atripalda,2021,12,28,14.35,7.04,3.4
Atripalda,2021,12,29,14.97,7.13,0
Atripalda,2021,12,30,15.27,4.65,0
Atripalda,2021,12,31,19.33,5.76,0
