site,year,month,day,tmax,tmin,prec
Lugo,2007,1,1,6,0.48,0
Lugo,2007,1,2,8.54,2.11,1.9
Lugo,2007,1,3,11.82,-0.75,0
Lugo,2007,1,4,7.78,-1.56,0
Lugo,2007,1,5,8.33,0.24,0
Lugo,2007,1,6,7.73,-1.51,0
Lugo,2007,1,7,9.78,-1.89,0
Lugo,2007,1,8,8.59,3.55,0
Lugo,2007,1,9,9.33,2.08,0
Lugo,2007,1,10,8.13,4.35,0
Lugo,2007,1,11,7.28,3.43,0
Lugo,2007,1,12,9.67,0,0
Lugo,2007,1,13,6.04,3.72,0
Lugo,2007,1,14,6.38,3.67,0
Lugo,2007,1,15,6.14,5.07,0
Lugo,2007,1,16,5.53,4.02,0
Lugo,2007,1,17,7.29,5.23,0
Lugo,2007,1,18,7.2,4.84,0
Lugo,2007,1,19,15.23,1.38,0
Lugo,2007,1,20,8.49,2.56,0
Lugo,2007,1,21,8.05,5.16,0
Lugo,2007,1,22,8.55,5.24,0
Lugo,2007,1,23,17.59,6.5,1.6
Lugo,2007,1,24,10.93,1.26,0
Lugo,2007,1,25,10.11,1.56,9.8
Lugo,2007,1,26,5.04,1.97,0
Lugo,2007,1,27,7.8,-1.45,0
Lugo,2007,1,28,10.97,-4,0
Lugo,2007,1,29,12.51,-1.44,0
Lugo,2007,1,30,10.78,-1.77,0
Lugo,2007,1,31,9.48,-3.28,0
Lugo,2007,2,1,4.73,-0.65,0
Lugo,2007,2,2,5.54,2.4,0
Lugo,2007,2,3,10.13,-1.22,0
Lugo,2007,2,4,9.76,-1.71,0
Lugo,2007,2,5,12.16,-4.23,0
Lugo,2007,2,6,13.96,-2.62,0
Lugo,2007,2,7,8.24,4.38,1.5
Lugo,2007,2,8,8.31,3.73,0
Lugo,2007,2,9,8.63,6.67,1.6
Lugo,2007,2,10,9.04,7.78,0
Lugo,2007,2,11,13.17,2.64,0
Lugo,2007,2,12,10.01,2.06,6.7
Lugo,2007,2,13,14.72,2.24,4.8
Lugo,2007,2,14,12.66,-0.91,0
Lugo,2007,2,15,11.39,1.29,9.7
Lugo,2007,2,16,12.84,-0.51,0
Lugo,2007,2,17,12.13,-0.41,0
Lugo,2007,2,18,10.82,0.46,0
Lugo,2007,2,19,12.04,0.6,0
Lugo,2007,2,20,11.79,2.6,0
Lugo,2007,2,21,14.59,5.81,0
Lugo,2007,2,22,15.06,5.42,0
Lugo,2007,2,23,13.74,1.84,0
Lugo,2007,2,24,14.34,3.79,0
Lugo,2007,2,25,15.25,7.36,0.7
Lugo,2007,2,26,14.06,1.81,0
Lugo,2007,2,27,16.52,1.13,0
Lugo,2007,2,28,17.09,2.49,0
Lugo,2007,3,1,17.11,2.23,0
Lugo,2007,3,2,19.45,8.86,0
Lugo,2007,3,3,19.8,5.07,0
Lugo,2007,3,4,19.32,3.7,0
Lugo,2007,3,5,17.79,5.27,0
Lugo,2007,3,6,17.59,9.71,0
Lugo,2007,3,7,16.9,6.86,0
Lugo,2007,3,8,14.94,8.2,4.2
Lugo,2007,3,9,17,2.78,0
Lugo,2007,3,10,16.18,2.61,0
Lugo,2007,3,11,14.31,2.84,0
Lugo,2007,3,12,15.71,1.55,0
Lugo,2007,3,13,18.26,1.18,0
Lugo,2007,3,14,20.04,1.61,0
Lugo,2007,3,15,20.02,1.72,0
Lugo,2007,3,16,20.17,1.5,0
Lugo,2007,3,17,22.26,2.16,0
Lugo,2007,3,18,22.45,5.71,0
Lugo,2007,3,19,16.76,5.84,0
Lugo,2007,3,20,10.05,3.11,15.2
Lugo,2007,3,21,11.65,3.02,3.9
Lugo,2007,3,22,11.55,1.05,0
Lugo,2007,3,23,12.93,0.27,0
Lugo,2007,3,24,14.16,0.28,5
Lugo,2007,3,25,11.33,6.3,30.7
Lugo,2007,3,26,9.57,6.37,20.5
Lugo,2007,3,27,11.84,7.27,8.1
Lugo,2007,3,28,13.35,2.94,0
Lugo,2007,3,29,12.41,2.57,5
Lugo,2007,3,30,10.6,7.54,15.5
Lugo,2007,3,31,15.09,5.11,0
Lugo,2007,4,1,16.36,6.95,0
Lugo,2007,4,2,18.23,5.96,0
Lugo,2007,4,3,19.59,5.14,0
Lugo,2007,4,4,15.23,8.91,9.8
Lugo,2007,4,5,17.36,4.08,0
Lugo,2007,4,6,20.41,1.68,0
Lugo,2007,4,7,21.39,2.74,0
Lugo,2007,4,8,20.07,3.7,0
Lugo,2007,4,9,22.67,4.51,0
Lugo,2007,4,10,23.36,6.04,0
Lugo,2007,4,11,24.28,6.1,0
Lugo,2007,4,12,23.41,5.28,0
Lugo,2007,4,13,22.65,6.09,0
Lugo,2007,4,14,22.32,8.05,0
Lugo,2007,4,15,24.64,6.62,0
Lugo,2007,4,16,23.59,6.14,0
Lugo,2007,4,17,22.81,5.05,0
Lugo,2007,4,18,25.55,3.73,0
Lugo,2007,4,19,20.76,9.04,0
Lugo,2007,4,20,21.41,10.95,0
Lugo,2007,4,21,22.18,10.51,0
Lugo,2007,4,22,23.86,9.9,0
Lugo,2007,4,23,26.71,8.71,0
Lugo,2007,4,24,27.77,9.95,0
Lugo,2007,4,25,25.51,11.54,0
Lugo,2007,4,26,22.73,9.13,0
Lugo,2007,4,27,23.98,7.23,0
Lugo,2007,4,28,25.74,7.11,0
Lugo,2007,4,29,27.41,6.93,0
Lugo,2007,4,30,23.36,10.65,0
Lugo,2007,5,1,23.02,11.37,0
Lugo,2007,5,2,22.51,8.32,5.3
Lugo,2007,5,3,19.28,11.84,3.2
Lugo,2007,5,4,20.62,12.67,2.2
Lugo,2007,5,5,21.6,9.64,11.6
Lugo,2007,5,6,22.12,7.48,0
Lugo,2007,5,7,25.49,9.75,0
Lugo,2007,5,8,28.57,9.52,0
Lugo,2007,5,9,30.37,11.65,0
Lugo,2007,5,10,29.13,14.16,0
Lugo,2007,5,11,28.45,13.2,0
Lugo,2007,5,12,28.69,13.98,0
Lugo,2007,5,13,30.14,13.17,0
Lugo,2007,5,14,30.56,13.19,0
Lugo,2007,5,15,25.27,14.26,0
Lugo,2007,5,16,23.47,9.5,0
Lugo,2007,5,17,25.09,8.59,0
Lugo,2007,5,18,23.38,8.54,0
Lugo,2007,5,19,24.3,6.34,0
Lugo,2007,5,20,26.7,7.88,0
Lugo,2007,5,21,28.74,11.17,0
Lugo,2007,5,22,32.27,12.69,0
Lugo,2007,5,23,31.92,15.92,0
Lugo,2007,5,24,31.53,14.9,0
Lugo,2007,5,25,33.16,13.75,0
Lugo,2007,5,26,31.52,15.35,0
Lugo,2007,5,27,29.06,13.84,1.3
Lugo,2007,5,28,25.24,9.95,1.4
Lugo,2007,5,29,19.99,10.49,4.1
Lugo,2007,5,30,23.31,11.3,0
Lugo,2007,5,31,25.73,8.29,0
Lugo,2007,6,1,24.67,13.16,4.6
Lugo,2007,6,2,22.15,13.66,1.8
Lugo,2007,6,3,25.43,13.47,0
Lugo,2007,6,4,27.44,12.6,2.4
Lugo,2007,6,5,26.72,15.92,0
Lugo,2007,6,6,20.75,17.55,9
Lugo,2007,6,7,22.76,15.14,8.4
Lugo,2007,6,8,26.5,15.14,0
Lugo,2007,6,9,29.54,15.18,0
Lugo,2007,6,10,31.05,14.26,0
Lugo,2007,6,11,31.01,16.7,0
Lugo,2007,6,12,28.68,16.04,6.7
Lugo,2007,6,13,30.11,14.84,0
Lugo,2007,6,14,31.22,16.18,0
Lugo,2007,6,15,30.03,17.73,0
Lugo,2007,6,16,30.2,15.06,0
Lugo,2007,6,17,30.41,13.5,0
Lugo,2007,6,18,31.64,18.17,0
Lugo,2007,6,19,33.33,19.48,0
Lugo,2007,6,20,32.9,20.68,0
Lugo,2007,6,21,33.41,18.77,0
Lugo,2007,6,22,31.96,16.89,0
Lugo,2007,6,23,31.54,15.27,0
Lugo,2007,6,24,32.69,11.2,0
Lugo,2007,6,25,34.64,16.6,0
Lugo,2007,6,26,30.44,16.59,0
Lugo,2007,6,27,28.44,14.07,0
Lugo,2007,6,28,28.62,12.22,0
Lugo,2007,6,29,29.8,12.88,0
Lugo,2007,6,30,29.68,15.18,0
Lugo,2007,7,1,31.25,15.51,0
Lugo,2007,7,2,31.76,16.48,0
Lugo,2007,7,3,30.42,16.2,0
Lugo,2007,7,4,29.74,12.28,3.3
Lugo,2007,7,5,28.97,10.6,0
Lugo,2007,7,6,32.31,11.57,0
Lugo,2007,7,7,33.61,13.55,0
Lugo,2007,7,8,34.25,15.79,0
Lugo,2007,7,9,34.41,17.97,0
Lugo,2007,7,10,29.18,17.52,0
Lugo,2007,7,11,26.11,12.73,0
Lugo,2007,7,12,29.22,9.93,0
Lugo,2007,7,13,32.08,12.57,0
Lugo,2007,7,14,34.12,13.93,0
Lugo,2007,7,15,35.27,15.18,0
Lugo,2007,7,16,37.16,14.96,0
Lugo,2007,7,17,37.56,16.32,0
Lugo,2007,7,18,38.87,16.59,0
Lugo,2007,7,19,38.02,17.6,0
Lugo,2007,7,20,39.1,16.2,0
Lugo,2007,7,21,38.41,17.93,0
Lugo,2007,7,22,35.47,20.47,0
Lugo,2007,7,23,36.2,17.38,0
Lugo,2007,7,24,33.12,20.14,0
Lugo,2007,7,25,31.83,15.9,0
Lugo,2007,7,26,32.07,15.05,0
Lugo,2007,7,27,35.38,16.29,0
Lugo,2007,7,28,35.34,17.09,0
Lugo,2007,7,29,33.33,19.8,0
Lugo,2007,7,30,34.82,18.27,23.7
Lugo,2007,7,31,27.71,13.65,0
Lugo,2007,8,1,28.18,12.04,0
Lugo,2007,8,2,30.17,11.68,0
Lugo,2007,8,3,26.67,16.39,2.7
Lugo,2007,8,4,28.75,15.76,0
Lugo,2007,8,5,28.81,13.4,0
Lugo,2007,8,6,30.67,12.86,0
Lugo,2007,8,7,33.64,13.52,0
Lugo,2007,8,8,31.83,19.03,3
Lugo,2007,8,9,28.81,14.54,0
Lugo,2007,8,10,26.55,13.69,2.4
Lugo,2007,8,11,28.03,16.25,0
Lugo,2007,8,12,31.49,16.08,0
Lugo,2007,8,13,31.83,16.87,0
Lugo,2007,8,14,32.12,18.54,0
Lugo,2007,8,15,33.41,17.31,0
Lugo,2007,8,16,36.01,17.19,0
Lugo,2007,8,17,34.55,16.57,0
Lugo,2007,8,18,32.13,13.65,0
Lugo,2007,8,19,31.44,15.85,0
Lugo,2007,8,20,27.71,17.22,0
Lugo,2007,8,21,28.08,12.99,4.5
Lugo,2007,8,22,26.58,17.41,1
Lugo,2007,8,23,21.98,15.31,11.1
Lugo,2007,8,24,23.48,14.64,0
Lugo,2007,8,25,28.85,14.79,0
Lugo,2007,8,26,32.54,16.09,0
Lugo,2007,8,27,33.01,15.98,0
Lugo,2007,8,28,33.96,16.99,0
Lugo,2007,8,29,32.43,18.2,0
Lugo,2007,8,30,33.81,20.16,0
Lugo,2007,8,31,23.95,16.67,9.9
Lugo,2007,9,1,26.63,14.39,0
Lugo,2007,9,2,26.76,13.38,0
Lugo,2007,9,3,28.28,11.05,0
Lugo,2007,9,4,22.04,11.12,12.5
Lugo,2007,9,5,22.43,7.63,0
Lugo,2007,9,6,23.22,7.96,0
Lugo,2007,9,7,26.06,7.82,0
Lugo,2007,9,8,27.3,9.99,0
Lugo,2007,9,9,28.22,11.16,0
Lugo,2007,9,10,28.23,12.72,0
Lugo,2007,9,11,27.56,11.82,0
Lugo,2007,9,12,26.22,8.62,0
Lugo,2007,9,13,25.73,6.87,0
Lugo,2007,9,14,26.93,8.76,0
Lugo,2007,9,15,28.63,10.85,0
Lugo,2007,9,16,28.84,12.55,0
Lugo,2007,9,17,29.42,17.18,0
Lugo,2007,9,18,28.52,16.4,9.9
Lugo,2007,9,19,22.86,10.83,0
Lugo,2007,9,20,22.19,8.31,0
Lugo,2007,9,21,22.97,7.94,0
Lugo,2007,9,22,24.99,6.69,0
Lugo,2007,9,23,26.54,7.96,0
Lugo,2007,9,24,25.89,9.72,0
Lugo,2007,9,25,23.98,9.74,0
Lugo,2007,9,26,24.08,11.84,1.5
Lugo,2007,9,27,21.43,10.83,12.3
Lugo,2007,9,28,19.42,9.58,1.8
Lugo,2007,9,29,23.32,11.15,0
Lugo,2007,9,30,22.46,11.93,0
Lugo,2007,10,1,23.67,12.85,0
Lugo,2007,10,2,25.69,11.27,0
Lugo,2007,10,3,26.85,10.84,0
Lugo,2007,10,4,26.64,15.46,0
Lugo,2007,10,5,26.01,12.7,0
Lugo,2007,10,6,24.16,15.14,11.7
Lugo,2007,10,7,21.72,10.04,0
Lugo,2007,10,8,21.49,8.66,0
Lugo,2007,10,9,20.6,8.05,0
Lugo,2007,10,10,20.95,10.14,0
Lugo,2007,10,11,20.35,11.39,0
Lugo,2007,10,12,21.38,9.64,0
Lugo,2007,10,13,22.68,7.41,0
Lugo,2007,10,14,18.88,5.21,0
Lugo,2007,10,15,19.38,3.26,0
Lugo,2007,10,16,19.63,0.94,0
Lugo,2007,10,17,19.59,2.81,0
Lugo,2007,10,18,19.39,4.82,3.4
Lugo,2007,10,19,18.26,3.43,2.3
Lugo,2007,10,20,13.69,4.09,4.7
Lugo,2007,10,21,12.73,4.47,1.9
Lugo,2007,10,22,9.88,6.38,2.1
Lugo,2007,10,23,15.3,6.11,0
Lugo,2007,10,24,13.33,8.28,5.1
Lugo,2007,10,25,11.77,8.72,4.7
Lugo,2007,10,26,15.26,11.21,16.5
Lugo,2007,10,27,15.09,11.5,0
Lugo,2007,10,28,16.34,10.06,0
Lugo,2007,10,29,16.88,7.77,0
Lugo,2007,10,30,14.23,10.05,41.7
Lugo,2007,10,31,17.11,8.22,11.8
Lugo,2007,11,1,15.3,5.26,0
Lugo,2007,11,2,15.41,5.46,0
Lugo,2007,11,3,16.54,4.31,0
Lugo,2007,11,4,16.58,3.17,0
Lugo,2007,11,5,15.79,3.04,0
Lugo,2007,11,6,13.91,2.71,0
Lugo,2007,11,7,15.32,0.77,0
Lugo,2007,11,8,16.51,1.72,0
Lugo,2007,11,9,15.73,3.84,7.4
Lugo,2007,11,10,15.63,3.51,0
Lugo,2007,11,11,17.53,1.67,0
Lugo,2007,11,12,15.4,0.71,0
Lugo,2007,11,13,13.32,-0.65,0
Lugo,2007,11,14,8.51,-0.04,1.8
Lugo,2007,11,15,10.39,-0.19,0
Lugo,2007,11,16,9.74,-0.79,0
Lugo,2007,11,17,8.39,0.36,0
Lugo,2007,11,18,7.1,3.01,0
Lugo,2007,11,19,10.85,-0.63,0
Lugo,2007,11,20,9.74,-2.51,0
Lugo,2007,11,21,7.2,-1.1,0
Lugo,2007,11,22,7.18,4.68,1.5
Lugo,2007,11,23,10.93,5.44,0
Lugo,2007,11,24,11.32,5.45,8.7
Lugo,2007,11,25,12.99,3.72,1.8
Lugo,2007,11,26,10.55,2.9,0
Lugo,2007,11,27,9.81,2.1,0
Lugo,2007,11,28,12.89,1.84,0
Lugo,2007,11,29,10.13,3.1,0
Lugo,2007,11,30,10.79,-0.61,0
Lugo,2007,12,1,10.68,-1.11,0
Lugo,2007,12,2,11.17,2.47,0
Lugo,2007,12,3,14.91,2.68,0
Lugo,2007,12,4,13.16,-0.16,0
Lugo,2007,12,5,14.16,-0.5,0
Lugo,2007,12,6,10.85,-0.75,0
Lugo,2007,12,7,10.59,0,1.6
Lugo,2007,12,8,9.03,2.53,23.4
Lugo,2007,12,9,7.47,1.45,10.6
Lugo,2007,12,10,5.06,0.05,0
Lugo,2007,12,11,3.57,1.14,0
Lugo,2007,12,12,5.8,0.01,0
Lugo,2007,12,13,8.83,-0.29,0
Lugo,2007,12,14,9.11,-0.81,2.5
Lugo,2007,12,15,5.13,0.17,3.2
Lugo,2007,12,16,5.85,0.79,0
Lugo,2007,12,17,5.76,-0.34,0
Lugo,2007,12,18,2.44,-0.45,0
Lugo,2007,12,19,5.62,-2.57,0
Lugo,2007,12,20,7.46,-3.87,0
Lugo,2007,12,21,7.64,-4.82,0
Lugo,2007,12,22,6.5,-5.29,0
Lugo,2007,12,23,5.29,1.45,0
Lugo,2007,12,24,6.38,3.19,0
Lugo,2007,12,25,6.17,1.84,0
Lugo,2007,12,26,6.24,-2.34,0
Lugo,2007,12,27,5.81,-4.35,0
Lugo,2007,12,28,6.84,-4.49,0
Lugo,2007,12,29,7.21,-6.46,0
Lugo,2007,12,30,2.43,-6.22,0
Lugo,2007,12,31,6.58,-3.01,0
Lugo,2008,1,1,7.92,-5.12,0
Lugo,2008,1,2,7.38,-6.81,0
Lugo,2008,1,3,3.51,-0.89,1.8
Lugo,2008,1,4,3.41,0.4,2.4
Lugo,2008,1,5,4.66,2.44,1.1
Lugo,2008,1,6,5.87,1.28,0
Lugo,2008,1,7,5.85,2.03,0
Lugo,2008,1,8,6.06,3.41,0
Lugo,2008,1,9,7.18,4.82,0
Lugo,2008,1,10,7.71,4.62,0
Lugo,2008,1,11,7.62,3.8,0
Lugo,2008,1,12,13.82,4.71,10.1
Lugo,2008,1,13,9.29,2.19,6
Lugo,2008,1,14,9.36,4.26,2
Lugo,2008,1,15,9.26,1.77,0
Lugo,2008,1,16,11.35,3.94,0
Lugo,2008,1,17,8.74,5.3,8.2
Lugo,2008,1,18,10.57,1.6,0
Lugo,2008,1,19,10.29,-0.12,0
Lugo,2008,1,20,5.55,2.8,0
Lugo,2008,1,21,3.83,2.55,0
Lugo,2008,1,22,6.64,2.2,0
Lugo,2008,1,23,9.61,-1.27,0
Lugo,2008,1,24,9.46,-1.68,0
Lugo,2008,1,25,10.4,-2.84,0
Lugo,2008,1,26,12.81,-1.05,0
Lugo,2008,1,27,15.29,-0.49,0
Lugo,2008,1,28,11.96,0.77,0
Lugo,2008,1,29,10.29,-0.65,0
Lugo,2008,1,30,10.29,0.66,0
Lugo,2008,1,31,7.83,1.77,4.6
Lugo,2008,2,1,12.82,1.56,0
Lugo,2008,2,2,10.98,1.61,0.7
Lugo,2008,2,3,7.62,5.7,9.1
Lugo,2008,2,4,8.32,4.94,3.3
Lugo,2008,2,5,9.78,2.12,0
Lugo,2008,2,6,13.56,-0.11,0
Lugo,2008,2,7,14.6,-0.43,0
Lugo,2008,2,8,12.32,-2.53,0
Lugo,2008,2,9,11.4,-0.92,0
Lugo,2008,2,10,10.98,-0.71,0
Lugo,2008,2,11,10.27,-1.83,0
Lugo,2008,2,12,10.32,-3.25,0
Lugo,2008,2,13,9.97,-4.76,0
Lugo,2008,2,14,12.83,-6.71,0
Lugo,2008,2,15,13.24,-5.19,0
Lugo,2008,2,16,8.04,-3.57,0
Lugo,2008,2,17,5.77,-5.3,0
Lugo,2008,2,18,8.4,-6.54,0
Lugo,2008,2,19,14.03,-5.17,0
Lugo,2008,2,20,13.36,-2.82,0
Lugo,2008,2,21,13.66,-2.26,0
Lugo,2008,2,22,12.58,-1.28,0
Lugo,2008,2,23,12.09,1.27,0
Lugo,2008,2,24,14.2,-1.25,0
Lugo,2008,2,25,8.4,1.14,0
Lugo,2008,2,26,8.05,4.4,0
Lugo,2008,2,27,12.31,5.46,0
Lugo,2008,2,28,12.75,7.09,0
Lugo,2008,2,29,14.01,4.06,0
Lugo,2008,3,1,17.81,3.98,0
Lugo,2008,3,2,24.7,2.92,0
Lugo,2008,3,3,21.99,5.19,0
Lugo,2008,3,4,18.08,4.01,1.2
Lugo,2008,3,5,9.03,4.13,9.1
Lugo,2008,3,6,6.71,3.45,1.7
Lugo,2008,3,7,5.82,3.87,16.4
Lugo,2008,3,8,9.89,4.21,4.2
Lugo,2008,3,9,13.64,4.94,0
Lugo,2008,3,10,15.95,4.66,0
Lugo,2008,3,11,13.95,3.26,0
Lugo,2008,3,12,18.69,1.98,0
Lugo,2008,3,13,20.57,2.43,0
Lugo,2008,3,14,18.69,4.54,0
Lugo,2008,3,15,16.7,2.3,0
Lugo,2008,3,16,17.61,4.86,0
Lugo,2008,3,17,19.38,6.31,0
Lugo,2008,3,18,14.91,4.81,1.3
Lugo,2008,3,19,12.99,0.7,0
Lugo,2008,3,20,12.9,0.22,0
Lugo,2008,3,21,14.43,-0.89,0
Lugo,2008,3,22,15.58,3.52,5.2
Lugo,2008,3,23,11.33,0.49,12.4
Lugo,2008,3,24,10.76,-0.11,3.1
Lugo,2008,3,25,13.5,-1.61,0
Lugo,2008,3,26,15.97,-1.5,0
Lugo,2008,3,27,11.63,5.81,0
Lugo,2008,3,28,12.38,3.97,4.5
Lugo,2008,3,29,18.25,1.12,0
Lugo,2008,3,30,18.33,1.56,0
Lugo,2008,3,31,18.82,2.1,0
Lugo,2008,4,1,21.63,3.27,0
Lugo,2008,4,2,19.44,4.48,4.1
Lugo,2008,4,3,17.53,1.52,0
Lugo,2008,4,4,16.69,2.92,0
Lugo,2008,4,5,16.83,0.51,0
Lugo,2008,4,6,18.09,2.08,0
Lugo,2008,4,7,20.08,9.1,0
Lugo,2008,4,8,15.03,7.9,1.3
Lugo,2008,4,9,17.52,5.24,0
Lugo,2008,4,10,18.61,10.18,1.2
Lugo,2008,4,11,22.31,11.14,0.9
Lugo,2008,4,12,19.42,7.05,0
Lugo,2008,4,13,18.06,4.79,2.5
Lugo,2008,4,14,19,2.94,6
Lugo,2008,4,15,14.11,3.89,0
Lugo,2008,4,16,17.58,3.16,0
Lugo,2008,4,17,19.2,7.98,1.7
Lugo,2008,4,18,19.22,11.33,1.4
Lugo,2008,4,19,21.42,8.25,2
Lugo,2008,4,20,22.43,5.57,0
Lugo,2008,4,21,18.78,8.84,2.8
Lugo,2008,4,22,18.35,7.5,0
Lugo,2008,4,23,22.97,5.35,9.8
Lugo,2008,4,24,20.96,7.58,6
Lugo,2008,4,25,22.09,5.13,0
Lugo,2008,4,26,20.65,4.48,0
Lugo,2008,4,27,20.91,4.96,0
Lugo,2008,4,28,23.35,3.13,0
Lugo,2008,4,29,18.42,8.82,4
Lugo,2008,4,30,21.46,5.04,0
Lugo,2008,5,1,22.04,7.91,0
Lugo,2008,5,2,23.35,6.8,0
Lugo,2008,5,3,24.59,6.06,0
Lugo,2008,5,4,22.86,6.93,0
Lugo,2008,5,5,20.09,7.64,0
Lugo,2008,5,6,21.4,6.53,0
Lugo,2008,5,7,22.59,6.49,0
Lugo,2008,5,8,23.79,4.92,0
Lugo,2008,5,9,24.82,5.01,0
Lugo,2008,5,10,23.97,6.01,0
Lugo,2008,5,11,23.44,7.21,0
Lugo,2008,5,12,22.99,7,0
Lugo,2008,5,13,24.02,8.27,0
Lugo,2008,5,14,25.52,11.04,0
Lugo,2008,5,15,26.8,9.66,0
Lugo,2008,5,16,25.77,11.51,0
Lugo,2008,5,17,24.1,14.57,2.1
Lugo,2008,5,18,22.65,12.67,13.7
Lugo,2008,5,19,21.12,11.49,6
Lugo,2008,5,20,19.07,13.81,33.1
Lugo,2008,5,21,21.07,11.31,3.3
Lugo,2008,5,22,23.53,10.82,0
Lugo,2008,5,23,25.74,12.73,0
Lugo,2008,5,24,26.17,10.48,0
Lugo,2008,5,25,25.89,14.12,0
Lugo,2008,5,26,25.36,14.09,0
Lugo,2008,5,27,26.66,14.17,0
Lugo,2008,5,28,29.87,14.89,0
Lugo,2008,5,29,27.69,16.12,12.2
Lugo,2008,5,30,25.62,15.02,2
Lugo,2008,5,31,27.31,14.22,0
Lugo,2008,6,1,28.55,13.74,0
Lugo,2008,6,2,28.45,14.37,0
Lugo,2008,6,3,25.62,13.03,0
Lugo,2008,6,4,22.38,15.58,2.4
Lugo,2008,6,5,25.55,12.77,5.7
Lugo,2008,6,6,26.4,11.17,2.7
Lugo,2008,6,7,25.38,14.81,2.9
Lugo,2008,6,8,24.47,14.08,1.7
Lugo,2008,6,9,25.63,14.14,0
Lugo,2008,6,10,28.53,13.02,0
Lugo,2008,6,11,29.71,14.68,0
Lugo,2008,6,12,25.28,14.59,2.9
Lugo,2008,6,13,22.73,14.43,11.3
Lugo,2008,6,14,16.29,9.45,14.3
Lugo,2008,6,15,21.51,8.05,0
Lugo,2008,6,16,24.91,14.78,0
Lugo,2008,6,17,27.95,15.95,1.8
Lugo,2008,6,18,26.72,14.22,1.5
Lugo,2008,6,19,29.9,12.75,0
Lugo,2008,6,20,31.21,15.44,0
Lugo,2008,6,21,32.42,15.52,0
Lugo,2008,6,22,33.09,15.75,0
Lugo,2008,6,23,35.46,18.01,0
Lugo,2008,6,24,35.84,17.05,0
Lugo,2008,6,25,35.74,18.03,0
Lugo,2008,6,26,35.7,17.69,0
Lugo,2008,6,27,34.43,16.98,0
Lugo,2008,6,28,31.94,19.32,6.3
Lugo,2008,6,29,33.13,17.79,0
Lugo,2008,6,30,33.41,20.22,0
Lugo,2008,7,1,33,18.97,0
Lugo,2008,7,2,32.45,17.48,0
Lugo,2008,7,3,35.38,17.71,0
Lugo,2008,7,4,34.76,20.2,0
Lugo,2008,7,5,33.25,18.67,0
Lugo,2008,7,6,34.37,17.89,0
Lugo,2008,7,7,33.44,18.27,0
Lugo,2008,7,8,32.08,17.62,0
Lugo,2008,7,9,30.47,16.13,0
Lugo,2008,7,10,33.1,15.39,0
Lugo,2008,7,11,34.23,16.57,0
Lugo,2008,7,12,35.05,16.42,0
Lugo,2008,7,13,33.04,17.77,0
Lugo,2008,7,14,28.96,15.35,0
Lugo,2008,7,15,30.44,13.56,0
Lugo,2008,7,16,32.23,12.09,0
Lugo,2008,7,17,31.95,15.05,0
Lugo,2008,7,18,27.17,17.53,0
Lugo,2008,7,19,26.65,17.81,0
Lugo,2008,7,20,33.03,16.26,0
Lugo,2008,7,21,30.46,18.45,22.4
Lugo,2008,7,22,27.02,14.71,12.6
Lugo,2008,7,23,29.2,10.87,0
Lugo,2008,7,24,31.67,12.5,0
Lugo,2008,7,25,32.83,14.4,0
Lugo,2008,7,26,33.82,16.38,0
Lugo,2008,7,27,30.96,19.12,4.4
Lugo,2008,7,28,32.73,18.03,0
Lugo,2008,7,29,33.9,16.75,0
Lugo,2008,7,30,35.07,18,0
Lugo,2008,7,31,33.42,19.28,0
Lugo,2008,8,1,34.43,17.78,0
Lugo,2008,8,2,34.89,20.14,0
Lugo,2008,8,3,34.19,19.69,0
Lugo,2008,8,4,36.38,18.43,0
Lugo,2008,8,5,35.9,20.15,0
Lugo,2008,8,6,33.05,20.56,0
Lugo,2008,8,7,32.62,20.31,0
Lugo,2008,8,8,36.16,19.5,0
Lugo,2008,8,9,31.12,15.06,0
Lugo,2008,8,10,31.38,13.59,0
Lugo,2008,8,11,31.83,14.79,0
Lugo,2008,8,12,34.92,17.95,0
Lugo,2008,8,13,35.71,19.87,0
Lugo,2008,8,14,35.19,21.34,0
Lugo,2008,8,15,32.24,16.88,1.9
Lugo,2008,8,16,28.85,16.03,0
Lugo,2008,8,17,29.62,15.41,0
Lugo,2008,8,18,30.66,13.75,0
Lugo,2008,8,19,32.62,14.69,0
Lugo,2008,8,20,34.31,16.5,0
Lugo,2008,8,21,33.57,15.21,0
Lugo,2008,8,22,33.02,14.34,0
Lugo,2008,8,23,31.37,15.18,0
Lugo,2008,8,24,28.12,14.09,0
Lugo,2008,8,25,28.65,12.22,0
Lugo,2008,8,26,29.02,13.16,0
Lugo,2008,8,27,29.86,15.1,0
Lugo,2008,8,28,30.58,13.66,0
Lugo,2008,8,29,33.09,14.44,0
Lugo,2008,8,30,33.43,15.46,0
Lugo,2008,8,31,30.76,16.73,0
Lugo,2008,9,1,30.45,15.92,0
Lugo,2008,9,2,31.76,16.38,0
Lugo,2008,9,3,32.54,16.4,0
Lugo,2008,9,4,32.82,15.66,0
Lugo,2008,9,5,34.68,19.87,0
Lugo,2008,9,6,35.05,18.15,0
Lugo,2008,9,7,32.91,19.05,0
Lugo,2008,9,8,30.74,12.94,0
Lugo,2008,9,9,30.85,12.85,0
Lugo,2008,9,10,32.39,14.96,0
Lugo,2008,9,11,31.73,17.27,0
Lugo,2008,9,12,33.43,19.63,0
Lugo,2008,9,13,25.78,16.55,0
Lugo,2008,9,14,20.87,12.62,3.2
Lugo,2008,9,15,19.68,12.01,0
Lugo,2008,9,16,22.12,10.36,0
Lugo,2008,9,17,23.76,7.57,0
Lugo,2008,9,18,24.47,8.55,0
Lugo,2008,9,19,19.95,13.6,1.2
Lugo,2008,9,20,20.35,9.34,0
Lugo,2008,9,21,18.14,9.8,0
Lugo,2008,9,22,19.65,6.08,0
Lugo,2008,9,23,18.88,5.28,6.5
Lugo,2008,9,24,20.09,7.68,0
Lugo,2008,9,25,20.47,7.26,0
Lugo,2008,9,26,19.11,10.21,0
Lugo,2008,9,27,19.05,8.98,0
Lugo,2008,9,28,19.47,6.45,0
Lugo,2008,9,29,21.62,3.84,0
Lugo,2008,9,30,22.71,3.89,0
Lugo,2008,10,1,24.79,7.8,0
Lugo,2008,10,2,24.48,9.58,0
Lugo,2008,10,3,23.46,10.71,0
Lugo,2008,10,4,18.87,4.39,0
Lugo,2008,10,5,21.73,1.46,0
Lugo,2008,10,6,23.58,4.42,0
Lugo,2008,10,7,23.37,11.83,0
Lugo,2008,10,8,25.17,10.81,0
Lugo,2008,10,9,24.29,9.17,0
Lugo,2008,10,10,24.49,8.28,0
Lugo,2008,10,11,25.38,7.51,0
Lugo,2008,10,12,25.47,7.58,0
Lugo,2008,10,13,23.21,7.22,0
Lugo,2008,10,14,24.32,8.09,0
Lugo,2008,10,15,25.68,11.15,0
Lugo,2008,10,16,26.19,10.32,0
Lugo,2008,10,17,25.3,14.15,0
Lugo,2008,10,18,19.67,12.24,0
Lugo,2008,10,19,19.67,8.29,0
Lugo,2008,10,20,20.07,7.72,0
Lugo,2008,10,21,19.46,11.34,0
Lugo,2008,10,22,20.01,12.07,0
Lugo,2008,10,23,18.75,13.59,0
Lugo,2008,10,24,20.08,11.81,0
Lugo,2008,10,25,20.34,8.91,0
Lugo,2008,10,26,20.34,6.46,0
Lugo,2008,10,27,19.49,5.43,0
Lugo,2008,10,28,18.64,10.76,12.2
Lugo,2008,10,29,23.12,13.91,3.1
Lugo,2008,10,30,19.3,9.05,0.9
Lugo,2008,10,31,18.88,10.82,7.6
Lugo,2008,11,1,17.26,8.64,15.2
Lugo,2008,11,2,19.35,7.41,0
Lugo,2008,11,3,19.91,11.73,0
Lugo,2008,11,4,17.61,13.46,7.2
Lugo,2008,11,5,22.6,9.67,0
Lugo,2008,11,6,18.93,10.42,0
Lugo,2008,11,7,16.21,11.05,0
Lugo,2008,11,8,17.61,7.36,0
Lugo,2008,11,9,16.74,4.93,0
Lugo,2008,11,10,14.64,5,0
Lugo,2008,11,11,15.34,8.06,0
Lugo,2008,11,12,16.41,11.18,3.1
Lugo,2008,11,13,14.12,11.06,6.8
Lugo,2008,11,14,14.33,9.63,14.6
Lugo,2008,11,15,14.37,6.99,0
Lugo,2008,11,16,15.18,3.81,0
Lugo,2008,11,17,14.95,2.91,0
Lugo,2008,11,18,12.88,2.09,0
Lugo,2008,11,19,12.05,0.55,0
Lugo,2008,11,20,13.8,-0.63,0
Lugo,2008,11,21,16.86,1.82,0
Lugo,2008,11,22,12.19,1.79,0
Lugo,2008,11,23,9.72,-1.55,0
Lugo,2008,11,24,6.64,-0.26,2
Lugo,2008,11,25,4.48,1.47,4.1
Lugo,2008,11,26,7.02,0.14,1.2
Lugo,2008,11,27,7.86,-1.59,0
Lugo,2008,11,28,4.69,1.93,15.4
Lugo,2008,11,29,11.36,2.85,3.6
Lugo,2008,11,30,11.66,7.11,11.1
Lugo,2008,12,1,14,5.49,5.7
Lugo,2008,12,2,8.1,2.83,5.4
Lugo,2008,12,3,8.49,-0.87,0
Lugo,2008,12,4,8.74,-1.4,0
Lugo,2008,12,5,13.12,0.87,0
Lugo,2008,12,6,5.31,-0.88,0
Lugo,2008,12,7,6.25,-2.04,0
Lugo,2008,12,8,8,-3.98,0
Lugo,2008,12,9,5.95,-5.17,0
Lugo,2008,12,10,9.23,1.46,11.5
Lugo,2008,12,11,6.01,3.04,5.7
Lugo,2008,12,12,6.8,5.02,8.2
Lugo,2008,12,13,9.29,6.69,4.5
Lugo,2008,12,14,13.11,5.56,0
Lugo,2008,12,15,12.96,5.87,2.8
Lugo,2008,12,16,11.28,5.45,0.9
Lugo,2008,12,17,9.37,2.57,0
Lugo,2008,12,18,7.95,5.3,2.5
Lugo,2008,12,19,10.15,0.33,0
Lugo,2008,12,20,10.7,-0.54,0
Lugo,2008,12,21,11.19,0.22,0
Lugo,2008,12,22,9.42,-0.43,0
Lugo,2008,12,23,3.21,0.11,0
Lugo,2008,12,24,1.39,-0.86,0
Lugo,2008,12,25,5.48,0.32,0.8
Lugo,2008,12,26,6.57,-0.99,0
Lugo,2008,12,27,3.61,-0.83,0
Lugo,2008,12,28,3.52,0.02,3.4
Lugo,2008,12,29,3.25,-0.7,1.4
Lugo,2008,12,30,3.06,-2.17,0
Lugo,2008,12,31,4.33,-4.99,2
Lugo,2009,1,1,1.85,-1.95,4.3
Lugo,2009,1,2,-0.4,-2.26,0
Lugo,2009,1,3,4.89,-3.02,0
Lugo,2009,1,4,3.02,-6.47,0
Lugo,2009,1,5,-1.79,-6.65,0
Lugo,2009,1,6,0.57,-3.44,0
Lugo,2009,1,7,1.46,-0.92,10.5
Lugo,2009,1,8,3.46,1.07,2.4
Lugo,2009,1,9,2.73,-2.88,0
Lugo,2009,1,10,3.85,-2.86,0
Lugo,2009,1,11,6.33,-0.95,0
Lugo,2009,1,12,6.85,-1.55,0
Lugo,2009,1,13,3.98,0.34,2.7
Lugo,2009,1,14,5.33,1.22,2.2
Lugo,2009,1,15,6.43,3.69,0
Lugo,2009,1,16,9.11,-0.69,0
Lugo,2009,1,17,4.28,-0.01,0
Lugo,2009,1,18,4.25,2.47,0
Lugo,2009,1,19,6.44,1.88,0
Lugo,2009,1,20,14.82,3.58,0.9
Lugo,2009,1,21,8.63,3.74,2.8
Lugo,2009,1,22,7.1,0.75,0
Lugo,2009,1,23,7.47,-1.19,0
Lugo,2009,1,24,5.87,-0.6,21.8
Lugo,2009,1,25,7.79,2.01,6.1
Lugo,2009,1,26,8.46,2.36,6.1
Lugo,2009,1,27,7.47,5.01,0
Lugo,2009,1,28,9.41,0.85,2.4
Lugo,2009,1,29,10.23,-0.7,0
Lugo,2009,1,30,10.65,0.36,0
Lugo,2009,1,31,7.19,-0.17,0
Lugo,2009,2,1,6.17,1.16,5.3
Lugo,2009,2,2,6.04,1.29,12.9
Lugo,2009,2,3,7.04,3.03,9.3
Lugo,2009,2,4,14.28,3.85,0
Lugo,2009,2,5,16.86,3.95,3.8
Lugo,2009,2,6,17.5,7.4,4.5
Lugo,2009,2,7,16.49,5.74,4.1
Lugo,2009,2,8,10.44,5.14,0
Lugo,2009,2,9,12.39,3.03,0
Lugo,2009,2,10,13.39,3.1,0
Lugo,2009,2,11,8.32,-0.14,0
Lugo,2009,2,12,9.4,0.24,0
Lugo,2009,2,13,8.65,-2.75,1.4
Lugo,2009,2,14,8.67,-4.35,0
Lugo,2009,2,15,8.28,-4.62,0
Lugo,2009,2,16,10.07,-5.27,0
Lugo,2009,2,17,11.22,-1.85,0
Lugo,2009,2,18,6.76,-4.39,0
Lugo,2009,2,19,7.56,-6.3,0
Lugo,2009,2,20,10.4,-6.98,0
Lugo,2009,2,21,11.82,-1.06,0
Lugo,2009,2,22,12.59,-2.82,0
Lugo,2009,2,23,9.16,-1.81,0
Lugo,2009,2,24,10.64,1.03,0
Lugo,2009,2,25,11.89,-2.12,0
Lugo,2009,2,26,13.39,-3.6,0
Lugo,2009,2,27,14.38,-0.73,0
Lugo,2009,2,28,16.64,-2.59,0
Lugo,2009,3,1,12.05,0.99,1.1
Lugo,2009,3,2,11.04,6.67,0
Lugo,2009,3,3,12.62,5.53,1.1
Lugo,2009,3,4,11.11,3.2,16.1
Lugo,2009,3,5,11.8,5.1,5.6
Lugo,2009,3,6,11.36,3.56,4.7
Lugo,2009,3,7,15.63,3.54,0
Lugo,2009,3,8,17.25,1.38,0
Lugo,2009,3,9,17.5,2.9,0
Lugo,2009,3,10,17.01,-0.09,0
Lugo,2009,3,11,16.1,0.2,0
Lugo,2009,3,12,16.12,-0.37,0
Lugo,2009,3,13,19.19,1.54,0
Lugo,2009,3,14,16.54,3.64,0
Lugo,2009,3,15,16.73,2.27,0
Lugo,2009,3,16,16.91,2.65,0
Lugo,2009,3,17,18.25,-0.13,0
Lugo,2009,3,18,18.52,2.09,0
Lugo,2009,3,19,17.76,-0.83,0
Lugo,2009,3,20,11.25,5.56,0
Lugo,2009,3,21,9.81,-0.26,0
Lugo,2009,3,22,13.71,-1.15,0
Lugo,2009,3,23,18.37,-1.4,0
Lugo,2009,3,24,17.57,0.38,1.6
Lugo,2009,3,25,17,-0.02,0
Lugo,2009,3,26,18.18,0.33,0
Lugo,2009,3,27,19.47,3.91,0
Lugo,2009,3,28,16.81,7.05,7.4
Lugo,2009,3,29,12.45,10.19,25.6
Lugo,2009,3,30,15.2,9.86,5.6
Lugo,2009,3,31,12.27,9.93,15.3
Lugo,2009,4,1,15.63,10.63,4.4
Lugo,2009,4,2,14.77,8.61,4.1
Lugo,2009,4,3,17.94,7.39,0
Lugo,2009,4,4,15.82,8.84,5.6
Lugo,2009,4,5,19.78,9.62,0
Lugo,2009,4,6,22.05,8.53,0
Lugo,2009,4,7,24.24,6.77,0
Lugo,2009,4,8,23.18,8.26,0
Lugo,2009,4,9,19.98,6.9,0
Lugo,2009,4,10,17.86,8.89,0
Lugo,2009,4,11,19.52,7.35,0
Lugo,2009,4,12,20.08,8.72,0
Lugo,2009,4,13,22.6,7.01,0
Lugo,2009,4,14,24.02,6.37,0
Lugo,2009,4,15,24.91,5.69,0
Lugo,2009,4,16,20.6,7.49,0
Lugo,2009,4,17,20.57,9.39,0
Lugo,2009,4,18,20.83,8.72,1.5
Lugo,2009,4,19,16.53,11.06,17.3
Lugo,2009,4,20,16.38,9.72,5.1
Lugo,2009,4,21,19.26,11.74,0
Lugo,2009,4,22,22.22,9.26,0
Lugo,2009,4,23,19.48,6.27,1.8
Lugo,2009,4,24,17.29,5.18,0
Lugo,2009,4,25,19.36,4,0
Lugo,2009,4,26,15.78,8.82,5.7
Lugo,2009,4,27,17.31,12.47,1.3
Lugo,2009,4,28,18.93,12.17,2.8
Lugo,2009,4,29,18.47,9.03,0
Lugo,2009,4,30,17.3,8.12,2.2
Lugo,2009,5,1,22.08,9.58,0
Lugo,2009,5,2,25.31,8.38,3.1
Lugo,2009,5,3,22.02,7.51,0
Lugo,2009,5,4,23.88,7.51,8.3
Lugo,2009,5,5,19.89,9.09,3
Lugo,2009,5,6,22.34,7.41,0
Lugo,2009,5,7,25.23,8.25,0
Lugo,2009,5,8,26.72,11.52,0
Lugo,2009,5,9,26.87,11.62,0
Lugo,2009,5,10,26.45,10.41,0
Lugo,2009,5,11,29.03,12.42,0
Lugo,2009,5,12,29.03,13.77,0
Lugo,2009,5,13,28.69,13.31,0
Lugo,2009,5,14,28.25,13.24,0
Lugo,2009,5,15,23.84,12.09,0
Lugo,2009,5,16,23.8,13.02,0
Lugo,2009,5,17,27.79,11.31,0
Lugo,2009,5,18,29.97,14.28,0
Lugo,2009,5,19,30.64,13.98,0
Lugo,2009,5,20,30.44,13.92,0
Lugo,2009,5,21,31.26,13.03,0
Lugo,2009,5,22,30.35,14.66,0
Lugo,2009,5,23,32.7,16.17,0
Lugo,2009,5,24,33.72,15.81,0
Lugo,2009,5,25,34.8,16.39,0
Lugo,2009,5,26,34.9,14.89,0
Lugo,2009,5,27,29.33,14.81,9.9
Lugo,2009,5,28,25.63,11.36,0
Lugo,2009,5,29,24.75,8.66,2.8
Lugo,2009,5,30,24.15,7.69,0
Lugo,2009,5,31,19.46,12.28,5.2
Lugo,2009,6,1,18.04,13.33,4.7
Lugo,2009,6,2,24.63,12.06,0
Lugo,2009,6,3,29.41,10.99,0
Lugo,2009,6,4,27.75,13.17,0
Lugo,2009,6,5,26.98,12.85,0
Lugo,2009,6,6,27.57,14.78,0
Lugo,2009,6,7,26.41,13.79,0
Lugo,2009,6,8,28.1,10.42,0
Lugo,2009,6,9,27.98,13.8,0
Lugo,2009,6,10,27.96,14.22,0
Lugo,2009,6,11,29.39,11.73,0
Lugo,2009,6,12,29.45,15.57,0
Lugo,2009,6,13,29.27,13.8,0
Lugo,2009,6,14,32.69,14.18,0
Lugo,2009,6,15,33.41,14.35,0
Lugo,2009,6,16,34.24,18.41,0
Lugo,2009,6,17,27.71,14.94,1.7
Lugo,2009,6,18,30.58,13.22,0
Lugo,2009,6,19,33.03,14.63,0
Lugo,2009,6,20,23.19,14.58,7.9
Lugo,2009,6,21,24.5,13.28,0
Lugo,2009,6,22,24.51,12.29,2.4
Lugo,2009,6,23,24.29,13.27,0
Lugo,2009,6,24,27,12.69,0
Lugo,2009,6,25,29.33,16.13,0
Lugo,2009,6,26,28.46,17.08,0
Lugo,2009,6,27,26.65,15.49,3.9
Lugo,2009,6,28,30.29,14.73,0
Lugo,2009,6,29,31.09,17.98,0
Lugo,2009,6,30,30.91,17.34,0
Lugo,2009,7,1,32.34,15.81,0
Lugo,2009,7,2,31.34,17.08,0
Lugo,2009,7,3,33.46,16.72,0
Lugo,2009,7,4,33.67,18.85,0
Lugo,2009,7,5,30.97,18.54,6.5
Lugo,2009,7,6,30.28,18.55,0
Lugo,2009,7,7,32.02,18.28,0
Lugo,2009,7,8,30.45,16.92,0
Lugo,2009,7,9,29.53,14.04,2.5
Lugo,2009,7,10,27,14.36,12
Lugo,2009,7,11,26.97,14.05,0
Lugo,2009,7,12,29.81,11.93,0
Lugo,2009,7,13,31.87,15.61,0
Lugo,2009,7,14,33.73,17.13,0
Lugo,2009,7,15,34.83,18.46,0
Lugo,2009,7,16,35.06,19.96,0
Lugo,2009,7,17,35.93,19.95,0
Lugo,2009,7,18,28.24,15.72,0
Lugo,2009,7,19,30.46,12.73,0
Lugo,2009,7,20,32.15,12.32,0
Lugo,2009,7,21,32.67,15.48,0
Lugo,2009,7,22,35.91,15.87,0
Lugo,2009,7,23,37.63,18.25,0
Lugo,2009,7,24,37.06,19.6,0
Lugo,2009,7,25,32.54,18.87,0
Lugo,2009,7,26,30.85,15.89,0
Lugo,2009,7,27,31.44,14.16,0
Lugo,2009,7,28,32.34,15.47,0
Lugo,2009,7,29,32.98,17.47,0
Lugo,2009,7,30,35,17.04,0
Lugo,2009,7,31,34.27,18,0
Lugo,2009,8,1,34.36,18.22,0
Lugo,2009,8,2,36.46,16.4,0
Lugo,2009,8,3,31.96,18.26,0
Lugo,2009,8,4,29.47,17.18,0
Lugo,2009,8,5,31.34,15.59,0
Lugo,2009,8,6,32.22,15.93,0
Lugo,2009,8,7,33.01,16.53,0
Lugo,2009,8,8,32.39,16.55,0
Lugo,2009,8,9,33.51,17.82,0
Lugo,2009,8,10,32.54,17.02,0
Lugo,2009,8,11,32.05,17.62,0
Lugo,2009,8,12,33,16.69,0
Lugo,2009,8,13,34.43,17.08,0
Lugo,2009,8,14,32.9,18.66,0
Lugo,2009,8,15,32.29,18.39,0
Lugo,2009,8,16,33.74,19.05,0
Lugo,2009,8,17,35.01,19.08,0
Lugo,2009,8,18,37.41,17.5,0
Lugo,2009,8,19,36.86,17.8,0
Lugo,2009,8,20,36.16,17.26,0
Lugo,2009,8,21,37.03,18.1,0
Lugo,2009,8,22,36.25,19.08,0
Lugo,2009,8,23,29.06,19.19,0
Lugo,2009,8,24,26.78,16.93,0
Lugo,2009,8,25,31.71,15.24,0
Lugo,2009,8,26,32.66,17.64,0
Lugo,2009,8,27,33.34,19.52,0
Lugo,2009,8,28,34.81,18.28,0
Lugo,2009,8,29,35.33,18.83,0
Lugo,2009,8,30,26.48,15.73,0.8
Lugo,2009,8,31,28.64,13.48,0
Lugo,2009,9,1,31.97,12.6,0
Lugo,2009,9,2,33.45,16.17,0
Lugo,2009,9,3,34.13,18.38,0
Lugo,2009,9,4,33.19,20.73,0
Lugo,2009,9,5,29.36,17.12,0
Lugo,2009,9,6,25.89,11.18,0
Lugo,2009,9,7,25.66,9.47,0
Lugo,2009,9,8,26.01,10.85,0
Lugo,2009,9,9,25.91,12.76,0
Lugo,2009,9,10,27.32,14.94,0
Lugo,2009,9,11,28.29,15.19,0
Lugo,2009,9,12,27.73,15.48,0
Lugo,2009,9,13,27.76,14.08,0
Lugo,2009,9,14,20.37,14.91,8.7
Lugo,2009,9,15,20.9,15.37,0
Lugo,2009,9,16,24.33,17.57,1.5
Lugo,2009,9,17,25.5,16.04,0
Lugo,2009,9,18,27.96,14.44,0
Lugo,2009,9,19,28.55,16.51,0
Lugo,2009,9,20,26.89,15.52,0
Lugo,2009,9,21,24.43,16.95,0
Lugo,2009,9,22,27.24,12.51,0
Lugo,2009,9,23,28.57,10.45,0
Lugo,2009,9,24,25.64,10.6,0
Lugo,2009,9,25,27.3,9.21,0
Lugo,2009,9,26,26.76,12.7,0
Lugo,2009,9,27,22.43,13.38,0
Lugo,2009,9,28,26.95,11.58,0
Lugo,2009,9,29,28.77,10.52,0
Lugo,2009,9,30,28,12,0
Lugo,2009,10,1,27.58,11.35,0
Lugo,2009,10,2,24.62,12.58,0
Lugo,2009,10,3,24.25,9.1,0
Lugo,2009,10,4,26.33,7.03,0
Lugo,2009,10,5,27.54,11.75,0
Lugo,2009,10,6,27.76,14.27,0
Lugo,2009,10,7,28.29,11.93,0
Lugo,2009,10,8,28.83,11.96,0
Lugo,2009,10,9,24.21,12.61,2.8
Lugo,2009,10,10,23.53,14.37,0
Lugo,2009,10,11,24.67,14.1,0
Lugo,2009,10,12,23.85,9.28,16.3
Lugo,2009,10,13,20.14,6.76,0
Lugo,2009,10,14,16.26,1.54,0
Lugo,2009,10,15,14.58,0.62,0
Lugo,2009,10,16,15.06,4.65,0
Lugo,2009,10,17,16.15,3.35,0
Lugo,2009,10,18,15.85,4.29,0
Lugo,2009,10,19,14.67,2.93,0
Lugo,2009,10,20,16.02,0.07,0
Lugo,2009,10,21,11.08,3.99,0
Lugo,2009,10,22,13.83,8.2,10.3
Lugo,2009,10,23,13.14,8.33,24.8
Lugo,2009,10,24,18.14,9.29,9.4
Lugo,2009,10,25,18.5,8.02,0
Lugo,2009,10,26,19.35,7.54,0
Lugo,2009,10,27,19.27,7.7,0
Lugo,2009,10,28,18.51,6.13,0
Lugo,2009,10,29,17.73,6.58,0
Lugo,2009,10,30,17.53,6.14,0
Lugo,2009,10,31,15.92,2.53,0
Lugo,2009,11,1,16.18,-0.08,0
Lugo,2009,11,2,12.77,1.46,3.3
Lugo,2009,11,3,12.92,3.55,2.7
Lugo,2009,11,4,11.76,3.36,1.4
Lugo,2009,11,5,13.67,6.56,0
Lugo,2009,11,6,11.71,8.38,2.4
Lugo,2009,11,7,15.1,5.73,0
Lugo,2009,11,8,13.29,7.45,10.8
Lugo,2009,11,9,12.47,5.58,7.1
Lugo,2009,11,10,12.83,4.25,5.4
Lugo,2009,11,11,14.05,1.53,0
Lugo,2009,11,12,15.62,0.34,0
Lugo,2009,11,13,12.43,2.17,0
Lugo,2009,11,14,14.39,5.56,0
Lugo,2009,11,15,12.39,7.05,0
Lugo,2009,11,16,12.31,6.81,0
Lugo,2009,11,17,11.6,10.28,0
Lugo,2009,11,18,10.97,8.88,0
Lugo,2009,11,19,11.85,10.28,0
Lugo,2009,11,20,12.43,10.42,0
Lugo,2009,11,21,11.37,9.74,0
Lugo,2009,11,22,10.75,8.79,0
Lugo,2009,11,23,11.97,9.09,0
Lugo,2009,11,24,10.6,9.2,0
Lugo,2009,11,25,9.86,8.42,0
Lugo,2009,11,26,10.61,7.22,0
Lugo,2009,11,27,11.16,8.41,1.9
Lugo,2009,11,28,10.51,7.23,5.2
Lugo,2009,11,29,14.8,5.01,0
Lugo,2009,11,30,18.35,9.84,0
Lugo,2009,12,1,14.32,3.32,0
Lugo,2009,12,2,11.06,0.33,0
Lugo,2009,12,3,10.75,-1.17,0
Lugo,2009,12,4,8.89,3.76,6
Lugo,2009,12,5,10.33,1.61,3.2
Lugo,2009,12,6,10,1.11,0
Lugo,2009,12,7,8.82,3.77,1.5
Lugo,2009,12,8,8.61,3.32,2
Lugo,2009,12,9,11.15,-0.54,0
Lugo,2009,12,10,9.9,-1.66,0
Lugo,2009,12,11,9.51,-1.87,0
Lugo,2009,12,12,9.01,-0.96,0
Lugo,2009,12,13,7.68,-0.74,1.6
Lugo,2009,12,14,4.79,0.86,8.8
Lugo,2009,12,15,4.55,0.26,0
Lugo,2009,12,16,4.46,-2.86,0
Lugo,2009,12,17,0.96,-1.47,0
Lugo,2009,12,18,1.29,-2.74,1.6
Lugo,2009,12,19,0.16,-10.39,0
Lugo,2009,12,20,-3.5,-12.17,0
Lugo,2009,12,21,-4.39,-10.18,0
Lugo,2009,12,22,0.22,-4.98,0
Lugo,2009,12,23,4.86,-0.59,13.7
Lugo,2009,12,24,13.21,0.75,2.7
Lugo,2009,12,25,17.36,1.61,2.3
Lugo,2009,12,26,6.98,-0.44,4.1
Lugo,2009,12,27,7.26,-1.86,0
Lugo,2009,12,28,3.39,-3.94,5.6
Lugo,2009,12,29,3.58,2.15,1.4
Lugo,2009,12,30,4.55,3.22,2.6
Lugo,2009,12,31,6.18,0.92,2.1
Lugo,2010,1,1,6.35,3.21,5.6
Lugo,2010,1,2,7.99,0.98,4.7
Lugo,2010,1,3,6.92,-1.62,0
Lugo,2010,1,4,1.61,-0.72,0
Lugo,2010,1,5,-0.03,-0.74,0
Lugo,2010,1,6,7.72,-2.2,6.7
Lugo,2010,1,7,2.64,-2.08,3.4
Lugo,2010,1,8,2.89,0.48,11.1
Lugo,2010,1,9,6.36,2.5,10.4
Lugo,2010,1,10,9.14,-0.49,0
Lugo,2010,1,11,9.68,-2.23,0
Lugo,2010,1,12,7.39,0.54,0
Lugo,2010,1,13,5.13,1.6,0
Lugo,2010,1,14,6.08,2.32,0
Lugo,2010,1,15,6.06,0.59,0
Lugo,2010,1,16,5.77,-0.11,0
Lugo,2010,1,17,4.56,0.09,0
Lugo,2010,1,18,6.12,-2.76,0
Lugo,2010,1,19,1.77,-3.25,0
Lugo,2010,1,20,-0.41,-2.64,0
Lugo,2010,1,21,0.22,-1.11,0
Lugo,2010,1,22,0.85,-1.07,0
Lugo,2010,1,23,3.65,-0.86,0
Lugo,2010,1,24,2.25,-3.92,0
Lugo,2010,1,25,1.53,-0.02,0
Lugo,2010,1,26,1.41,-0.43,6.4
Lugo,2010,1,27,2.41,-3.47,5.8
Lugo,2010,1,28,3.28,-5.18,0
Lugo,2010,1,29,2.27,-5.21,0
Lugo,2010,1,30,2.25,-0.55,0
Lugo,2010,1,31,1.18,-5.95,2.5
Lugo,2010,2,1,3.67,-10.72,2.8
Lugo,2010,2,2,5.78,-7.5,0
Lugo,2010,2,3,6.27,-3.53,0
Lugo,2010,2,4,6.27,-3.34,0
Lugo,2010,2,5,7.98,1.21,5.2
Lugo,2010,2,6,6.4,2.72,13.5
Lugo,2010,2,7,9.3,0.67,0
Lugo,2010,2,8,7.82,-1.51,0
Lugo,2010,2,9,4.33,-1.66,0
Lugo,2010,2,10,3.12,-0.28,11.9
Lugo,2010,2,11,2.84,0.09,8.1
Lugo,2010,2,12,4.26,0.63,1.7
Lugo,2010,2,13,10.78,-1.67,0
Lugo,2010,2,14,6.14,-3.17,0
Lugo,2010,2,15,7.82,-0.38,0
Lugo,2010,2,16,6.59,2,0.8
Lugo,2010,2,17,8.83,3.43,3.8
Lugo,2010,2,18,11.67,4.29,2.6
Lugo,2010,2,19,15.23,5.36,3.9
Lugo,2010,2,20,11.67,2.44,5
Lugo,2010,2,21,11.2,0.24,0
Lugo,2010,2,22,10.19,4.72,2.2
Lugo,2010,2,23,9.14,4.29,7.8
Lugo,2010,2,24,11.15,2.63,0
Lugo,2010,2,25,15.05,1.38,1.5
Lugo,2010,2,26,16.09,3.51,5.2
Lugo,2010,2,27,16.57,2.25,0
Lugo,2010,2,28,11.58,6.69,0
Lugo,2010,3,1,13.89,3.5,0
Lugo,2010,3,2,15.92,4.15,0
Lugo,2010,3,3,12.2,2.89,18.2
Lugo,2010,3,4,8.94,3.82,14.8
Lugo,2010,3,5,7.38,1.03,1.9
Lugo,2010,3,6,9.84,-1.36,0
Lugo,2010,3,7,6.71,-0.28,2.8
Lugo,2010,3,8,5.69,-1.77,0
Lugo,2010,3,9,4.36,0.35,15
Lugo,2010,3,10,2,-0.05,11.2
Lugo,2010,3,11,2.73,-1.56,4.8
Lugo,2010,3,12,5.83,-2.2,0
Lugo,2010,3,13,10.25,-1.85,0
Lugo,2010,3,14,14.12,-1.9,0
Lugo,2010,3,15,14.16,-0.37,0
Lugo,2010,3,16,15.9,-0.71,0
Lugo,2010,3,17,15.97,-0.67,0
Lugo,2010,3,18,18.1,2.46,0
Lugo,2010,3,19,17.62,3.15,0
Lugo,2010,3,20,16.39,3.44,0
Lugo,2010,3,21,17.22,8.63,0
Lugo,2010,3,22,13.93,10.03,4.1
Lugo,2010,3,23,15.47,7.2,0
Lugo,2010,3,24,18.02,5.74,0
Lugo,2010,3,25,19.49,4.13,0
Lugo,2010,3,26,19.65,7.67,0
Lugo,2010,3,27,19.63,7.39,3
Lugo,2010,3,28,21.22,6.27,0
Lugo,2010,3,29,21.15,5.17,0
Lugo,2010,3,30,18.18,8.06,2.7
Lugo,2010,3,31,18.13,7.85,0
Lugo,2010,4,1,17.53,5.87,0
Lugo,2010,4,2,15.23,3.92,0
Lugo,2010,4,3,18.55,1.76,0
Lugo,2010,4,4,15.39,7.84,27.4
Lugo,2010,4,5,14.8,6.1,18.2
Lugo,2010,4,6,17.94,3.35,0
Lugo,2010,4,7,18.37,2.04,0
Lugo,2010,4,8,18.6,2.39,0
Lugo,2010,4,9,20.67,4.26,0
Lugo,2010,4,10,23.51,5.38,0
Lugo,2010,4,11,15.29,4.2,5.6
Lugo,2010,4,12,14.66,3.11,0
Lugo,2010,4,13,12.76,3.56,5.7
Lugo,2010,4,14,17.61,1.58,0
Lugo,2010,4,15,18.44,3.73,0
Lugo,2010,4,16,17.02,5.62,0
Lugo,2010,4,17,14.7,9.22,8
Lugo,2010,4,18,17.24,7.6,0
Lugo,2010,4,19,19.98,5.91,0
Lugo,2010,4,20,24.23,5.33,0
Lugo,2010,4,21,23.54,8.7,0
Lugo,2010,4,22,22.79,9.51,0
Lugo,2010,4,23,18.52,12.16,3
Lugo,2010,4,24,16.51,11.49,7.9
Lugo,2010,4,25,21.77,11.28,0
Lugo,2010,4,26,25.24,10.55,0
Lugo,2010,4,27,23.18,10.71,0
Lugo,2010,4,28,23.73,10.03,0
Lugo,2010,4,29,25.05,8.26,0
Lugo,2010,4,30,27.56,9.96,0
Lugo,2010,5,1,26.36,9.82,0
Lugo,2010,5,2,20,14.47,5.6
Lugo,2010,5,3,23.15,12.58,3.2
Lugo,2010,5,4,19.88,12.65,5.9
Lugo,2010,5,5,20.11,11.34,3.6
Lugo,2010,5,6,19.88,8.8,0
Lugo,2010,5,7,20.17,6.43,0
Lugo,2010,5,8,20.28,10.3,0
Lugo,2010,5,9,22.97,9.2,0
Lugo,2010,5,10,24.28,13.04,2.2
Lugo,2010,5,11,19.72,11.89,5.3
Lugo,2010,5,12,23.91,10.68,3.9
Lugo,2010,5,13,22.01,11.36,8.4
Lugo,2010,5,14,21.19,9.6,0
Lugo,2010,5,15,14.7,11.42,27.3
Lugo,2010,5,16,21.08,11.14,6.5
Lugo,2010,5,17,22.78,10.81,0
Lugo,2010,5,18,24.68,10.18,0
Lugo,2010,5,19,20.75,8.57,18.7
Lugo,2010,5,20,20.89,8.54,0
Lugo,2010,5,21,22.87,9.14,0
Lugo,2010,5,22,25.58,12.32,0
Lugo,2010,5,23,27.33,12.96,0
Lugo,2010,5,24,28.48,11.97,0
Lugo,2010,5,25,29.59,12.91,0
Lugo,2010,5,26,28.01,13.64,0
Lugo,2010,5,27,27.32,12.2,0
Lugo,2010,5,28,26,11.82,0
Lugo,2010,5,29,26.6,12.88,19.8
Lugo,2010,5,30,25.94,12.34,0
Lugo,2010,5,31,26.03,11.13,0
Lugo,2010,6,1,29.03,7.98,0
Lugo,2010,6,2,24.86,14.39,6.5
Lugo,2010,6,3,22.81,13.48,9.4
Lugo,2010,6,4,27.19,14.11,0
Lugo,2010,6,5,27.27,13.26,0
Lugo,2010,6,6,28.65,11.42,0
Lugo,2010,6,7,30.53,13.88,0
Lugo,2010,6,8,30.88,16.07,0
Lugo,2010,6,9,30.37,15.67,0
Lugo,2010,6,10,30.97,16,0
Lugo,2010,6,11,31.71,17.07,0
Lugo,2010,6,12,31.45,16.26,0
Lugo,2010,6,13,30.7,17.71,0
Lugo,2010,6,14,29.98,14.87,0
Lugo,2010,6,15,25.56,18.54,15.3
Lugo,2010,6,16,27.61,15.18,5.4
Lugo,2010,6,17,27.53,13.73,8.2
Lugo,2010,6,18,28.08,14.99,0
Lugo,2010,6,19,26.01,15.46,2.5
Lugo,2010,6,20,20.76,14.06,4.4
Lugo,2010,6,21,19.7,13.91,8.4
Lugo,2010,6,22,25.71,13.85,0
Lugo,2010,6,23,26.67,13.18,0
Lugo,2010,6,24,26.84,11.75,0
Lugo,2010,6,25,28.56,12.91,0
Lugo,2010,6,26,30.59,14.85,0
Lugo,2010,6,27,30.52,14.35,0
Lugo,2010,6,28,30.51,15.08,0
Lugo,2010,6,29,31.75,14.7,0
Lugo,2010,6,30,32.83,15.84,0
Lugo,2010,7,1,34.14,17.07,0
Lugo,2010,7,2,34.12,16.79,0
Lugo,2010,7,3,34.7,16.98,0
Lugo,2010,7,4,34.52,19.65,0
Lugo,2010,7,5,33.42,20.49,0
Lugo,2010,7,6,32.95,19.16,4.4
Lugo,2010,7,7,30.7,17.39,0
Lugo,2010,7,8,30.19,16.27,0
Lugo,2010,7,9,31.55,15.74,0
Lugo,2010,7,10,33.07,17.43,0
Lugo,2010,7,11,33.75,16.82,0
Lugo,2010,7,12,34.42,17.76,0
Lugo,2010,7,13,34.99,20.48,0
Lugo,2010,7,14,35.34,20.29,0
Lugo,2010,7,15,37.15,19.03,0
Lugo,2010,7,16,36.75,19.84,0
Lugo,2010,7,17,37.49,19.9,0
Lugo,2010,7,18,30.43,20.51,0
Lugo,2010,7,19,31.18,18.6,0
Lugo,2010,7,20,31.63,17.13,0
Lugo,2010,7,21,32.88,17.24,0
Lugo,2010,7,22,35.83,18.86,0
Lugo,2010,7,23,35.84,19.95,0
Lugo,2010,7,24,31.61,17.06,0
Lugo,2010,7,25,30.53,14.26,0
Lugo,2010,7,26,27.62,13.73,0
Lugo,2010,7,27,27.35,12,0
Lugo,2010,7,28,31.41,11.76,0
Lugo,2010,7,29,26.89,16.59,3.5
Lugo,2010,7,30,25.28,14.92,0
Lugo,2010,7,31,26.95,14.91,0
Lugo,2010,8,1,31.1,13.67,0
Lugo,2010,8,2,32.3,15.58,0
Lugo,2010,8,3,30.78,19.11,0
Lugo,2010,8,4,28.89,16.83,1.4
Lugo,2010,8,5,22.71,15.82,23.3
Lugo,2010,8,6,24.77,15.13,14.5
Lugo,2010,8,7,28.42,14.15,0
Lugo,2010,8,8,30.41,14.94,0
Lugo,2010,8,9,31.08,15.07,0
Lugo,2010,8,10,31.47,16.75,0
Lugo,2010,8,11,32.41,17.54,0
Lugo,2010,8,12,32.81,18.01,0
Lugo,2010,8,13,24.17,16.8,6.6
Lugo,2010,8,14,22.31,16.49,15.9
Lugo,2010,8,15,28.09,17.39,0
Lugo,2010,8,16,28.06,14.38,0
Lugo,2010,8,17,28.88,13.06,0
Lugo,2010,8,18,29.59,14.37,0
Lugo,2010,8,19,31.4,16.9,0
Lugo,2010,8,20,30.95,18.33,0
Lugo,2010,8,21,31.43,19.77,0
Lugo,2010,8,22,31.97,18.64,0
Lugo,2010,8,23,33.84,16.85,0
Lugo,2010,8,24,33.79,17.69,0
Lugo,2010,8,25,32.64,19.86,0
Lugo,2010,8,26,33.94,18.99,0
Lugo,2010,8,27,34.31,18.92,0
Lugo,2010,8,28,33.25,19.49,0
Lugo,2010,8,29,27.41,15.68,0
Lugo,2010,8,30,24.89,11.19,0
Lugo,2010,8,31,27.73,9.52,0
Lugo,2010,9,1,27.14,10.68,0
Lugo,2010,9,2,27.58,10.05,0
Lugo,2010,9,3,27.56,13.69,0
Lugo,2010,9,4,28.41,13.92,0
Lugo,2010,9,5,26.88,14.47,11.8
Lugo,2010,9,6,24.55,16.71,0
Lugo,2010,9,7,28.22,16.02,0
Lugo,2010,9,8,23.53,15.1,12.7
Lugo,2010,9,9,27.04,13.35,19
Lugo,2010,9,10,24.33,12.94,3
Lugo,2010,9,11,25.07,11.79,0
Lugo,2010,9,12,26.29,11.49,0
Lugo,2010,9,13,25.76,10.99,5.1
Lugo,2010,9,14,26.11,13.38,0
Lugo,2010,9,15,27.77,11.98,0
Lugo,2010,9,16,27.61,13.76,0
Lugo,2010,9,17,24.89,18.51,3.5
Lugo,2010,9,18,25.35,15.21,6.6
Lugo,2010,9,19,21.56,11.59,8.1
Lugo,2010,9,20,23.48,10.38,0
Lugo,2010,9,21,24.6,9.59,0
Lugo,2010,9,22,25.66,10.81,0
Lugo,2010,9,23,25.79,9.12,0
Lugo,2010,9,24,24.14,11.98,3.3
Lugo,2010,9,25,20.91,11.11,3.6
Lugo,2010,9,26,23.38,9.66,0
Lugo,2010,9,27,21.18,9.95,0
Lugo,2010,9,28,21.07,8.16,2.1
Lugo,2010,9,29,21.52,6.43,0
Lugo,2010,9,30,22.8,5.48,0
Lugo,2010,10,1,22.08,12.39,0
Lugo,2010,10,2,22.21,10.72,0
Lugo,2010,10,3,23.05,9.08,0
Lugo,2010,10,4,24.79,12.7,4.6
Lugo,2010,10,5,25.48,16.28,9.8
Lugo,2010,10,6,24.86,13.15,0
Lugo,2010,10,7,23.27,13.59,0
Lugo,2010,10,8,21.32,8.71,0
Lugo,2010,10,9,19.88,6.18,0
Lugo,2010,10,10,18.71,5.25,0
Lugo,2010,10,11,15.85,7.67,0
Lugo,2010,10,12,20.55,7.33,0
Lugo,2010,10,13,13.94,10.92,0.7
Lugo,2010,10,14,17.93,10.32,0
Lugo,2010,10,15,15.21,11.27,3.9
Lugo,2010,10,16,15.23,10.58,9.9
Lugo,2010,10,17,12.01,9.37,11.2
Lugo,2010,10,18,12.58,9.05,2.6
Lugo,2010,10,19,17.11,5.55,0
Lugo,2010,10,20,17.37,3.62,0
Lugo,2010,10,21,17.52,3.07,0
Lugo,2010,10,22,16.91,4.21,0
Lugo,2010,10,23,15.12,5.53,0
Lugo,2010,10,24,16.42,8.89,1.3
Lugo,2010,10,25,17.76,10.52,4.8
Lugo,2010,10,26,12.9,5.81,2.7
Lugo,2010,10,27,12.42,4.03,0
Lugo,2010,10,28,13.55,2.19,0
Lugo,2010,10,29,16.42,0.81,0
Lugo,2010,10,30,15.61,0.31,0
Lugo,2010,10,31,16.86,10.99,0
Lugo,2010,11,1,16.74,12.92,6.7
Lugo,2010,11,2,18.36,12.86,1.9
Lugo,2010,11,3,16.52,11.84,3.9
Lugo,2010,11,4,17.02,6.93,0
Lugo,2010,11,5,18.02,5.29,0
Lugo,2010,11,6,17.32,10.01,0
Lugo,2010,11,7,18.65,8.74,1.3
Lugo,2010,11,8,15.42,8.52,4.7
Lugo,2010,11,9,14.83,7.53,7.2
Lugo,2010,11,10,14.13,5.45,10
Lugo,2010,11,11,9.96,4.7,0
Lugo,2010,11,12,14.17,3.62,0
Lugo,2010,11,13,13.73,8.02,0
Lugo,2010,11,14,13.25,10.31,0
Lugo,2010,11,15,13.5,11.4,0
Lugo,2010,11,16,15.55,7.9,4.1
Lugo,2010,11,17,13.64,4.49,0
Lugo,2010,11,18,12.3,5.09,6.4
Lugo,2010,11,19,15.48,3.61,0
Lugo,2010,11,20,12.07,2.93,0
Lugo,2010,11,21,11.93,8.1,7.8
Lugo,2010,11,22,10.81,5.74,1.6
Lugo,2010,11,23,11.74,5.17,0
Lugo,2010,11,24,10.38,0.41,7.6
Lugo,2010,11,25,8.11,0.54,0
Lugo,2010,11,26,9.81,2.22,2.8
Lugo,2010,11,27,9.39,-1.91,0
Lugo,2010,11,28,5.08,1.02,28.5
Lugo,2010,11,29,11.99,-0.55,0
Lugo,2010,11,30,7.43,3.12,4.9
Lugo,2010,12,1,6.01,1.09,17.3
Lugo,2010,12,2,4.99,1.51,6.9
Lugo,2010,12,3,6.28,0.06,1.8
Lugo,2010,12,4,4.57,0.07,1.1
Lugo,2010,12,5,5.09,-2.16,0
Lugo,2010,12,6,4.3,2.14,0
Lugo,2010,12,7,6.18,2.38,0
Lugo,2010,12,8,6.55,3.58,0
Lugo,2010,12,9,11.79,0.3,0
Lugo,2010,12,10,10.85,-1.71,0
Lugo,2010,12,11,8.5,-4.07,0
Lugo,2010,12,12,7.43,-2.47,0
Lugo,2010,12,13,7.94,-3.05,0
Lugo,2010,12,14,4.98,-5.48,0
Lugo,2010,12,15,1.24,-4.5,0
Lugo,2010,12,16,-0.11,-6.98,0
Lugo,2010,12,17,0.77,-8.2,0
Lugo,2010,12,18,1.46,-8.01,0
Lugo,2010,12,19,1.61,-9.04,0
Lugo,2010,12,20,2.96,-0.41,0
Lugo,2010,12,21,3.44,-0.15,0
Lugo,2010,12,22,4.65,1.71,1
Lugo,2010,12,23,10.12,2.89,7.7
Lugo,2010,12,24,7.79,4.03,3.3
Lugo,2010,12,25,9.51,6.13,1.2
Lugo,2010,12,26,7.62,1.34,6.4
Lugo,2010,12,27,4.57,-2.89,0
Lugo,2010,12,28,2.25,-4.84,0
Lugo,2010,12,29,1.45,-4.24,0
Lugo,2010,12,30,4.17,0.41,0
Lugo,2010,12,31,6.72,-1.24,0
Lugo,2011,1,1,5.95,-0.73,0
Lugo,2011,1,2,5.31,1.93,0
Lugo,2011,1,3,7.92,-3.11,0
Lugo,2011,1,4,4,-5.31,0
Lugo,2011,1,5,2.53,-0.57,0
Lugo,2011,1,6,2.28,0.34,0
Lugo,2011,1,7,3.74,1.61,0
Lugo,2011,1,8,5.83,-0.45,0
Lugo,2011,1,9,3.53,1.92,0
Lugo,2011,1,10,5.75,2.9,0
Lugo,2011,1,11,9.21,0.17,1.3
Lugo,2011,1,12,7.81,-0.25,0
Lugo,2011,1,13,7.46,1.76,0
Lugo,2011,1,14,4.25,3.14,0
Lugo,2011,1,15,7.45,2.92,0
Lugo,2011,1,16,5.65,2.66,0
Lugo,2011,1,17,3.27,0.85,0
Lugo,2011,1,18,2.46,0.17,0
Lugo,2011,1,19,2.38,0.55,0
Lugo,2011,1,20,4.87,2.29,11.6
Lugo,2011,1,21,5.04,2.72,1.8
Lugo,2011,1,22,5.53,-0.42,0
Lugo,2011,1,23,6.09,-4.06,0
Lugo,2011,1,24,7.15,-5.01,0
Lugo,2011,1,25,5.28,-5.59,0
Lugo,2011,1,26,7.67,-5.17,0
Lugo,2011,1,27,5.32,1.28,3.3
Lugo,2011,1,28,7.95,0.77,0
Lugo,2011,1,29,4.27,0.49,0
Lugo,2011,1,30,3.22,0.98,5.1
Lugo,2011,1,31,5.81,0.11,2.7
Lugo,2011,2,1,6.7,-2.19,0
Lugo,2011,2,2,5.75,-2.02,0
Lugo,2011,2,3,8.65,-2.89,0
Lugo,2011,2,4,11.83,-3.77,0
Lugo,2011,2,5,14.31,-3.14,0
Lugo,2011,2,6,13.77,-3.17,0
Lugo,2011,2,7,15.85,-3.74,0
Lugo,2011,2,8,14.08,-3.99,0
Lugo,2011,2,9,12.74,-2.72,0
Lugo,2011,2,10,13.9,-2.8,0
Lugo,2011,2,11,16.35,-1.23,0
Lugo,2011,2,12,16.45,-1.38,0
Lugo,2011,2,13,13.76,5.73,0
Lugo,2011,2,14,11.39,5.06,0
Lugo,2011,2,15,12.72,3.93,1.2
Lugo,2011,2,16,9.12,4.1,5.5
Lugo,2011,2,17,11.47,3.75,5.1
Lugo,2011,2,18,12.48,5.76,0
Lugo,2011,2,19,14.34,1.43,0
Lugo,2011,2,20,10.64,0.25,5.4
Lugo,2011,2,21,9.57,0.7,3
Lugo,2011,2,22,8.21,-1.68,0
Lugo,2011,2,23,7.07,-1.37,0
Lugo,2011,2,24,7.83,-4.15,0
Lugo,2011,2,25,9.42,-4.95,0
Lugo,2011,2,26,8.93,-2.38,0
Lugo,2011,2,27,4.23,-1.38,3.4
Lugo,2011,2,28,6.96,2.88,14.5
Lugo,2011,3,1,8.87,0.42,11.3
Lugo,2011,3,2,1.89,0.31,17.5
Lugo,2011,3,3,1.64,0.41,11.3
Lugo,2011,3,4,4.96,1.22,4.4
Lugo,2011,3,5,8.49,2.68,0
Lugo,2011,3,6,14.75,2.02,0
Lugo,2011,3,7,8.14,-1.29,0
Lugo,2011,3,8,8.85,-3.8,0
Lugo,2011,3,9,11.39,-4.9,0
Lugo,2011,3,10,15.33,-3.55,0
Lugo,2011,3,11,16,-0.98,0
Lugo,2011,3,12,15.77,0.83,0
Lugo,2011,3,13,10.1,6.73,6.7
Lugo,2011,3,14,12.23,7.3,2.7
Lugo,2011,3,15,13.52,9.57,9.7
Lugo,2011,3,16,17.94,10.62,13.4
Lugo,2011,3,17,17.06,7.77,0
Lugo,2011,3,18,17.1,6.03,0
Lugo,2011,3,19,13.11,4.14,0
Lugo,2011,3,20,13.1,0.67,0
Lugo,2011,3,21,11.71,-0.75,0
Lugo,2011,3,22,14.97,1.42,0
Lugo,2011,3,23,18.78,1.41,0
Lugo,2011,3,24,21.23,1.87,0
Lugo,2011,3,25,23.65,2.68,0
Lugo,2011,3,26,20.3,5.59,0
Lugo,2011,3,27,16.36,8.18,2.4
Lugo,2011,3,28,15.36,10.42,4.3
Lugo,2011,3,29,18.64,6.08,0
Lugo,2011,3,30,20.4,4.43,0
Lugo,2011,3,31,22.15,4.99,0
Lugo,2011,4,1,24.66,5.88,0
Lugo,2011,4,2,24.37,5.58,0
Lugo,2011,4,3,25.26,6.07,0
Lugo,2011,4,4,25.66,8.69,0
Lugo,2011,4,5,19.82,7.08,0
Lugo,2011,4,6,22.66,5.89,0
Lugo,2011,4,7,27.43,7.96,0
Lugo,2011,4,8,26.72,10.59,0
Lugo,2011,4,9,30.54,10.15,0
Lugo,2011,4,10,23.11,8.56,0
Lugo,2011,4,11,24.2,5.64,0
Lugo,2011,4,12,27.43,6.87,1.8
Lugo,2011,4,13,18.42,5.38,0
Lugo,2011,4,14,15.82,4.57,2.4
Lugo,2011,4,15,15.32,3.98,1.9
Lugo,2011,4,16,17.5,3.17,0
Lugo,2011,4,17,18.68,3.72,0
Lugo,2011,4,18,20.44,3.33,0
Lugo,2011,4,19,21.57,2.95,0
Lugo,2011,4,20,23.17,2.43,0
Lugo,2011,4,21,24.73,4.48,0
Lugo,2011,4,22,23.91,6.23,0
Lugo,2011,4,23,21.45,12.5,0
Lugo,2011,4,24,20.73,10.69,0
Lugo,2011,4,25,22.11,8.82,0
Lugo,2011,4,26,20.28,9.23,0
Lugo,2011,4,27,21.29,8.67,2
Lugo,2011,4,28,19.77,10.25,0
Lugo,2011,4,29,19.99,10.25,0
Lugo,2011,4,30,18.13,8.95,6.6
Lugo,2011,5,1,23.58,10.37,0
Lugo,2011,5,2,23.97,8.5,0
Lugo,2011,5,3,24.65,12.73,0
Lugo,2011,5,4,18.49,7.29,20.5
Lugo,2011,5,5,18.47,4.92,0
Lugo,2011,5,6,20.45,3.32,0
Lugo,2011,5,7,25.21,6.01,0
Lugo,2011,5,8,28.41,8.07,3.4
Lugo,2011,5,9,20.76,7.68,0
Lugo,2011,5,10,24.37,8.69,0
Lugo,2011,5,11,29.27,7.61,0
Lugo,2011,5,12,29.43,10.09,0
Lugo,2011,5,13,27.54,12.61,0
Lugo,2011,5,14,29.27,11,0
Lugo,2011,5,15,21.17,9.59,12
Lugo,2011,5,16,22.47,8.44,0
Lugo,2011,5,17,24.37,9.47,0
Lugo,2011,5,18,24.38,8.5,0
Lugo,2011,5,19,27.44,8.5,0
Lugo,2011,5,20,27.84,11.57,0
Lugo,2011,5,21,28.15,11.02,0
Lugo,2011,5,22,29.84,10.61,0
Lugo,2011,5,23,28.65,12.25,0
Lugo,2011,5,24,29.67,13.43,0
Lugo,2011,5,25,29.62,13.87,0
Lugo,2011,5,26,29.93,13.25,0
Lugo,2011,5,27,31.15,13.56,0
Lugo,2011,5,28,24.07,11.13,0
Lugo,2011,5,29,25.84,9.2,0
Lugo,2011,5,30,27.5,8.04,0
Lugo,2011,5,31,29.31,9.17,0
Lugo,2011,6,1,26.1,15.28,0
Lugo,2011,6,2,27.04,15.35,0
Lugo,2011,6,3,27.97,16.14,0
Lugo,2011,6,4,29.8,15.25,0
Lugo,2011,6,5,27.55,14.3,1.6
Lugo,2011,6,6,23.74,14.77,5.8
Lugo,2011,6,7,22.54,15.45,12.4
Lugo,2011,6,8,26.98,14.48,0
Lugo,2011,6,9,26.62,12.81,0
Lugo,2011,6,10,26.23,14.82,0
Lugo,2011,6,11,25.81,14.89,0
Lugo,2011,6,12,27.89,13.91,0
Lugo,2011,6,13,26.51,15.31,0
Lugo,2011,6,14,28.28,14.82,0
Lugo,2011,6,15,29.97,13.56,0
Lugo,2011,6,16,31.81,13.44,0
Lugo,2011,6,17,31.3,14.82,0
Lugo,2011,6,18,30.58,16.84,0
Lugo,2011,6,19,29.23,14.65,0
Lugo,2011,6,20,28.39,14.07,0
Lugo,2011,6,21,31.23,14.75,0
Lugo,2011,6,22,34.03,15.28,0
Lugo,2011,6,23,33.94,17.79,0
Lugo,2011,6,24,30.19,16.58,0
Lugo,2011,6,25,28.28,14.04,0
Lugo,2011,6,26,31.53,11.54,0
Lugo,2011,6,27,30.79,13.85,0
Lugo,2011,6,28,32.93,16.17,0
Lugo,2011,6,29,32.45,17.68,1.4
Lugo,2011,6,30,29.98,17.63,0
Lugo,2011,7,1,28.58,16.28,9.7
Lugo,2011,7,2,25.71,11.13,0
Lugo,2011,7,3,30.01,8.92,0
Lugo,2011,7,4,30.84,14.06,0
Lugo,2011,7,5,27.39,17.71,2
Lugo,2011,7,6,32.05,15.2,0
Lugo,2011,7,7,34.98,16.43,0
Lugo,2011,7,8,35.97,19.01,0
Lugo,2011,7,9,34.44,16.71,0
Lugo,2011,7,10,35.02,18.26,0
Lugo,2011,7,11,34.62,20.29,0
Lugo,2011,7,12,34.93,20.26,0
Lugo,2011,7,13,36.49,20.82,0
Lugo,2011,7,14,34.85,21.94,0
Lugo,2011,7,15,32.68,18.81,0
Lugo,2011,7,16,32.07,14.68,0
Lugo,2011,7,17,32.54,17.13,0
Lugo,2011,7,18,30.04,17.95,0
Lugo,2011,7,19,29.55,14.59,14.9
Lugo,2011,7,20,28.72,14.49,0
Lugo,2011,7,21,28.72,15.5,0
Lugo,2011,7,22,30.8,15.89,0
Lugo,2011,7,23,26.69,14.48,0
Lugo,2011,7,24,21.54,13.1,5.7
Lugo,2011,7,25,25.61,11.54,0
Lugo,2011,7,26,27.93,13.18,0
Lugo,2011,7,27,26.01,12.16,6.8
Lugo,2011,7,28,28.44,15.2,2.1
Lugo,2011,7,29,29.93,15.1,0
Lugo,2011,7,30,32.11,13.58,0
Lugo,2011,7,31,29.03,15.88,0
Lugo,2011,8,1,31.11,14.69,0
Lugo,2011,8,2,32.3,16.26,0
Lugo,2011,8,3,32.26,17.09,0
Lugo,2011,8,4,32.98,17.01,0
Lugo,2011,8,5,31.69,18.5,0
Lugo,2011,8,6,34.18,18.39,0
Lugo,2011,8,7,33.78,22.97,0
Lugo,2011,8,8,32.76,19.19,0
Lugo,2011,8,9,27.85,14.75,0
Lugo,2011,8,10,28.69,12.82,0
Lugo,2011,8,11,29.17,9.82,0
Lugo,2011,8,12,31.71,11.68,0
Lugo,2011,8,13,32.03,13.63,0
Lugo,2011,8,14,33.06,15.58,0
Lugo,2011,8,15,32.72,18.6,0
Lugo,2011,8,16,32.67,16.79,0
Lugo,2011,8,17,33.43,15.38,0
Lugo,2011,8,18,35.21,15.21,0
Lugo,2011,8,19,38.21,17.46,0
Lugo,2011,8,20,36.54,18.83,0
Lugo,2011,8,21,37.28,18.07,0
Lugo,2011,8,22,37.68,16.03,0
Lugo,2011,8,23,38.51,16.07,0
Lugo,2011,8,24,38.52,16.54,0
Lugo,2011,8,25,38.75,16.82,0
Lugo,2011,8,26,37.98,15.69,0
Lugo,2011,8,27,33.75,15.91,0
Lugo,2011,8,28,30.87,13.39,0
Lugo,2011,8,29,32.25,12.43,0
Lugo,2011,8,30,32.49,12.73,0
Lugo,2011,8,31,33.22,14,0
Lugo,2011,9,1,33.93,16.16,0
Lugo,2011,9,2,33.35,17.06,0
Lugo,2011,9,3,31.81,17.53,0
Lugo,2011,9,4,30.99,19.61,0
Lugo,2011,9,5,29.83,16.52,1.4
Lugo,2011,9,6,27.54,16.15,0
Lugo,2011,9,7,30.59,14.49,0
Lugo,2011,9,8,30.96,15.54,0
Lugo,2011,9,9,32.8,14.92,0
Lugo,2011,9,10,32.88,16.84,0
Lugo,2011,9,11,33.86,16.43,0
Lugo,2011,9,12,32.19,18.4,0
Lugo,2011,9,13,33.66,16.6,0
Lugo,2011,9,14,34.36,16.79,0
Lugo,2011,9,15,33.42,14.92,0
Lugo,2011,9,16,32.92,16.31,0
Lugo,2011,9,17,33.14,13.83,0
Lugo,2011,9,18,31.37,14.81,2.1
Lugo,2011,9,19,21.56,14.41,3
Lugo,2011,9,20,24.15,12.09,3.2
Lugo,2011,9,21,27.87,11.19,0
Lugo,2011,9,22,29,11.5,0
Lugo,2011,9,23,27.22,13.27,0
Lugo,2011,9,24,28.57,11.14,0
Lugo,2011,9,25,28.29,11.83,0
Lugo,2011,9,26,29.52,11.6,0
Lugo,2011,9,27,28.64,12.81,0
Lugo,2011,9,28,27.38,11.45,0
Lugo,2011,9,29,28.14,11.2,0
Lugo,2011,9,30,27.94,10.19,0
Lugo,2011,10,1,29.05,9.02,0
Lugo,2011,10,2,29.99,9.53,0
Lugo,2011,10,3,30.02,7.93,0
Lugo,2011,10,4,30.15,7.73,0
Lugo,2011,10,5,29.06,9.33,0
Lugo,2011,10,6,29.76,8.68,0
Lugo,2011,10,7,24.44,7.75,7.1
Lugo,2011,10,8,19.95,4.03,0
Lugo,2011,10,9,18.81,3.19,0
Lugo,2011,10,10,22.66,4.22,0
Lugo,2011,10,11,25.5,6.3,0
Lugo,2011,10,12,28.42,5.27,0
Lugo,2011,10,13,23.71,12.59,0
Lugo,2011,10,14,18.5,5.78,0
Lugo,2011,10,15,15.79,3.45,0
Lugo,2011,10,16,16.76,2.5,0
Lugo,2011,10,17,17.65,1.36,0
Lugo,2011,10,18,19.34,-0.41,0
Lugo,2011,10,19,23.91,8.51,0
Lugo,2011,10,20,16.43,8.56,20.7
Lugo,2011,10,21,15.55,5.94,0
Lugo,2011,10,22,13.34,3.72,0
Lugo,2011,10,23,14.73,1.38,0
Lugo,2011,10,24,9.76,5.26,0
Lugo,2011,10,25,14.66,8.96,0
Lugo,2011,10,26,12.98,9.54,20.5
Lugo,2011,10,27,17.44,7.26,0
Lugo,2011,10,28,17.7,5.44,0
Lugo,2011,10,29,16.44,4.53,0
Lugo,2011,10,30,14.37,4.94,0
Lugo,2011,10,31,15.07,11.02,0
Lugo,2011,11,1,15.43,8.73,0
Lugo,2011,11,2,15.94,9.23,0
Lugo,2011,11,3,17.31,9.2,0
Lugo,2011,11,4,20.91,9.98,0
Lugo,2011,11,5,18.07,15.37,1.6
Lugo,2011,11,6,17.23,10.92,2.6
Lugo,2011,11,7,15.56,9.72,4
Lugo,2011,11,8,19.26,12.04,4.1
Lugo,2011,11,9,17.57,10.1,0
Lugo,2011,11,10,17.56,6.04,0
Lugo,2011,11,11,13.77,6.64,0
Lugo,2011,11,12,12.67,2.55,0
Lugo,2011,11,13,12.98,0.51,0
Lugo,2011,11,14,12.98,-1.76,0
Lugo,2011,11,15,9.55,-1.76,0
Lugo,2011,11,16,7.97,0.74,0
Lugo,2011,11,17,10.71,-1.61,0
Lugo,2011,11,18,11.19,-4.19,0
Lugo,2011,11,19,7.38,-3.46,0
Lugo,2011,11,20,2.43,-0.47,0
Lugo,2011,11,21,3.38,0.45,0
Lugo,2011,11,22,8.27,2.88,0
Lugo,2011,11,23,13.26,5.38,0
Lugo,2011,11,24,11.82,3.11,0
Lugo,2011,11,25,13.69,-0.62,0
Lugo,2011,11,26,11.96,-2.64,0
Lugo,2011,11,27,12.62,-3.27,0
Lugo,2011,11,28,9.94,-3.72,0
Lugo,2011,11,29,11.1,-1.82,0
Lugo,2011,11,30,12.38,-3.97,0
Lugo,2011,12,1,12.34,-3.32,0
Lugo,2011,12,2,10.79,1.2,0
Lugo,2011,12,3,8.21,2.96,0
Lugo,2011,12,4,7.15,4.43,0
Lugo,2011,12,5,13,-0.32,0
Lugo,2011,12,6,11.01,-1.93,0
Lugo,2011,12,7,13.79,-3.31,0
Lugo,2011,12,8,14.58,-1.99,0
Lugo,2011,12,9,9.24,0.34,0
Lugo,2011,12,10,9.71,1.23,0
Lugo,2011,12,11,9.29,0.22,0
Lugo,2011,12,12,8.02,3.54,4
Lugo,2011,12,13,12.99,2.76,0
Lugo,2011,12,14,8.39,3.26,0
Lugo,2011,12,15,10.31,0.75,0
Lugo,2011,12,16,16.19,-0.33,6.5
Lugo,2011,12,17,10.96,0.09,0
Lugo,2011,12,18,4.75,-3.28,0
Lugo,2011,12,19,7.77,-1.63,0
Lugo,2011,12,20,6.19,-4.65,0
Lugo,2011,12,21,6.57,-4.87,0
Lugo,2011,12,22,7.95,-4.23,0
Lugo,2011,12,23,7.98,-5.01,0
Lugo,2011,12,24,3.25,-4.94,6.3
Lugo,2011,12,25,10.19,-0.28,0
Lugo,2011,12,26,8.46,-1.61,0
Lugo,2011,12,27,10.22,-1.4,0
Lugo,2011,12,28,9.87,-3.22,0
Lugo,2011,12,29,5.21,-3.44,3.8
Lugo,2011,12,30,6.81,-2.18,0
Lugo,2011,12,31,10.32,-4.32,0
Lugo,2012,1,1,9.61,-3.64,0
Lugo,2012,1,2,7.27,-1.94,3.6
Lugo,2012,1,3,7.42,2.41,0
Lugo,2012,1,4,3.96,-1.06,0
Lugo,2012,1,5,11.08,-0.9,2.9
Lugo,2012,1,6,10.57,2.42,0
Lugo,2012,1,7,11.25,0.3,0
Lugo,2012,1,8,12.89,-2.46,0
Lugo,2012,1,9,11.63,-3.39,0
Lugo,2012,1,10,10.56,-3.46,0
Lugo,2012,1,11,13.62,-4.35,0
Lugo,2012,1,12,10.67,-4.49,0
Lugo,2012,1,13,9.66,-2.94,0
Lugo,2012,1,14,8.31,-4.84,0
Lugo,2012,1,15,1.35,-1.33,0
Lugo,2012,1,16,1.16,-1.5,0
Lugo,2012,1,17,1.75,-3.08,0
Lugo,2012,1,18,-0.92,-4.31,0
Lugo,2012,1,19,1.35,-4.22,0
Lugo,2012,1,20,0.91,-3.78,0
Lugo,2012,1,21,1.59,-4.02,0
Lugo,2012,1,22,5.13,-3.94,0
Lugo,2012,1,23,9.26,-3.33,0
Lugo,2012,1,24,8.79,-4.03,0
Lugo,2012,1,25,10.26,-6.29,0
Lugo,2012,1,26,9.87,-7.06,0
Lugo,2012,1,27,9.94,-2.65,0
Lugo,2012,1,28,8.31,-4.06,0
Lugo,2012,1,29,6.46,0.93,0
Lugo,2012,1,30,3.93,-3.91,0
Lugo,2012,1,31,1.2,-3.05,0
Lugo,2012,2,1,-0.04,-1.93,0
Lugo,2012,2,2,-0.18,-3.1,1.9
Lugo,2012,2,3,-1.65,-7.39,0
Lugo,2012,2,4,-2.42,-5.07,0
Lugo,2012,2,5,-1.56,-6.49,0
Lugo,2012,2,6,-3.2,-11.12,0
Lugo,2012,2,7,1.16,-5.8,0
Lugo,2012,2,8,2.18,-6.26,3
Lugo,2012,2,9,3.95,-8.01,3.4
Lugo,2012,2,10,1.31,-4.45,0
Lugo,2012,2,11,-1.9,-5.31,0
Lugo,2012,2,12,-1.45,-7.53,0
Lugo,2012,2,13,1.1,-10.56,3.5
Lugo,2012,2,14,2.31,-15.4,1.7
Lugo,2012,2,15,6.57,-14.24,0
Lugo,2012,2,16,8.36,-9.57,0
Lugo,2012,2,17,6.21,-8.29,0
Lugo,2012,2,18,9.22,-6.05,0
Lugo,2012,2,19,5.95,-0.6,0
Lugo,2012,2,20,3.57,0.76,20.7
Lugo,2012,2,21,7.84,-0.94,0
Lugo,2012,2,22,10.26,-1.24,0
Lugo,2012,2,23,14.48,-1.23,0
Lugo,2012,2,24,19.32,0.7,0
Lugo,2012,2,25,20.06,1.16,0
Lugo,2012,2,26,12.58,0.76,1.4
Lugo,2012,2,27,11.77,-1.31,0
Lugo,2012,2,28,14.58,-2.21,0
Lugo,2012,2,29,19.54,1.52,0
Lugo,2012,3,1,19.99,0.5,0
Lugo,2012,3,2,22.17,1.98,0
Lugo,2012,3,3,19.52,2.44,0
Lugo,2012,3,4,14.73,4.27,0
Lugo,2012,3,5,13.81,3.84,0
Lugo,2012,3,6,9.39,4.37,1.4
Lugo,2012,3,7,13.01,0.11,0
Lugo,2012,3,8,14.04,-1.71,0
Lugo,2012,3,9,13.53,-0.61,0
Lugo,2012,3,10,13.21,-1.81,0
Lugo,2012,3,11,16.78,-0.35,0
Lugo,2012,3,12,19.11,-9.85,0
Lugo,2012,3,13,17.45,-0.61,0
Lugo,2012,3,14,19.54,-0.08,0
Lugo,2012,3,15,19.3,-10.25,0
Lugo,2012,3,16,19.97,1.4,0
Lugo,2012,3,17,19.31,1.28,0
Lugo,2012,3,18,20.99,3.08,0
Lugo,2012,3,19,19.2,6.88,0
Lugo,2012,3,20,15.95,6,0
Lugo,2012,3,21,21.68,5.25,0
Lugo,2012,3,22,22.2,3.13,0
Lugo,2012,3,23,22.41,2.81,0
Lugo,2012,3,24,22.01,4.73,0
Lugo,2012,3,25,21.46,4.18,0
Lugo,2012,3,26,23.61,5.6,0
Lugo,2012,3,27,21.25,2.59,0
Lugo,2012,3,28,25.62,2.55,0
Lugo,2012,3,29,26.86,5.68,0
Lugo,2012,3,30,26.51,9.48,0
Lugo,2012,3,31,25.5,5.62,0
Lugo,2012,4,1,14.81,4.52,0
Lugo,2012,4,2,17.33,1.95,0
Lugo,2012,4,3,15.37,8.03,0
Lugo,2012,4,4,18.32,10.71,1.1
Lugo,2012,4,5,20.55,10.94,10.8
Lugo,2012,4,6,22.35,8.74,0
Lugo,2012,4,7,20.4,7.81,0
Lugo,2012,4,8,12.5,4.35,4.9
Lugo,2012,4,9,11.85,0.27,0
Lugo,2012,4,10,15.35,-0.37,0
Lugo,2012,4,11,16.48,7.24,7.1
Lugo,2012,4,12,18.83,2.99,0
Lugo,2012,4,13,13.15,6.81,12.5
Lugo,2012,4,14,13.74,9.07,12.2
Lugo,2012,4,15,16.59,8.1,6
Lugo,2012,4,16,15.55,6.88,2.4
Lugo,2012,4,17,17.32,6.03,0
Lugo,2012,4,18,17.66,4.97,0
Lugo,2012,4,19,18.47,5.69,4.3
Lugo,2012,4,20,18.05,6.75,3.6
Lugo,2012,4,21,20.52,6.14,0
Lugo,2012,4,22,20.87,6.49,0
Lugo,2012,4,23,20.09,5.58,0
Lugo,2012,4,24,18.3,9.82,1.1
Lugo,2012,4,25,21.47,6.38,0
Lugo,2012,4,26,22.55,5.38,0
Lugo,2012,4,27,25.83,7.31,0
Lugo,2012,4,28,28.15,8.76,0
Lugo,2012,4,29,24.29,10.96,0
Lugo,2012,4,30,25.5,13,0
Lugo,2012,5,1,25.23,12.01,5.8
Lugo,2012,5,2,22.4,8.93,0
Lugo,2012,5,3,25.46,9.58,0
Lugo,2012,5,4,24.3,9.72,0
Lugo,2012,5,5,24.27,8.2,0
Lugo,2012,5,6,19.71,13.86,3.9
Lugo,2012,5,7,21.29,11.55,18.1
Lugo,2012,5,8,23.45,8.14,0
Lugo,2012,5,9,25.97,12.17,0
Lugo,2012,5,10,28.93,11.05,0
Lugo,2012,5,11,30.09,12.44,0
Lugo,2012,5,12,33.25,12.6,0
Lugo,2012,5,13,21.29,8.87,7.8
Lugo,2012,5,14,17.63,7.04,0
Lugo,2012,5,15,22.05,5.09,0
Lugo,2012,5,16,15.09,5.89,1.1
Lugo,2012,5,17,21.28,4.36,0
Lugo,2012,5,18,22.2,3.38,0
Lugo,2012,5,19,23.82,6.11,0
Lugo,2012,5,20,20.8,8.59,14.5
Lugo,2012,5,21,21.16,9.53,12.6
Lugo,2012,5,22,20.87,8.89,0
Lugo,2012,5,23,25.59,14.44,1.2
Lugo,2012,5,24,30.2,16.44,0
Lugo,2012,5,25,25.95,12.99,0
Lugo,2012,5,26,24.04,10.76,0
Lugo,2012,5,27,25.7,9.31,0
Lugo,2012,5,28,26.7,11.34,0
Lugo,2012,5,29,28.7,10.91,0
Lugo,2012,5,30,25.77,15.16,0
Lugo,2012,5,31,27.73,13.61,0
Lugo,2012,6,1,29.2,14.99,0
Lugo,2012,6,2,29.67,16.74,0
Lugo,2012,6,3,30.56,14.7,0
Lugo,2012,6,4,22.53,15.06,3.4
Lugo,2012,6,5,27.94,13.21,0
Lugo,2012,6,6,30.25,12.87,0
Lugo,2012,6,7,30.68,13.47,0
Lugo,2012,6,8,31.52,15.16,0
Lugo,2012,6,9,28.69,17.77,1.6
Lugo,2012,6,10,27.45,15.06,0.7
Lugo,2012,6,11,27.81,14.9,0
Lugo,2012,6,12,25.9,15.35,0
Lugo,2012,6,13,27.62,12.51,0
Lugo,2012,6,14,28.79,11.66,0
Lugo,2012,6,15,30.66,10.59,0
Lugo,2012,6,16,31.52,11.03,0
Lugo,2012,6,17,33.36,13.34,0
Lugo,2012,6,18,36.64,13.62,0
Lugo,2012,6,19,37.11,16.16,0
Lugo,2012,6,20,37.92,17.09,0
Lugo,2012,6,21,35.87,18.57,0
Lugo,2012,6,22,34.75,20.39,0
Lugo,2012,6,23,32.42,18.41,0
Lugo,2012,6,24,34.59,18.29,0
Lugo,2012,6,25,36,18.03,0
Lugo,2012,6,26,30.8,16.38,0
Lugo,2012,6,27,32.15,14.92,0
Lugo,2012,6,28,32.9,15.23,0
Lugo,2012,6,29,37.24,18.27,0
Lugo,2012,6,30,38.73,22.27,0
Lugo,2012,7,1,40.13,17.9,0
Lugo,2012,7,2,38.4,20.22,0
Lugo,2012,7,3,35.46,20.28,0
Lugo,2012,7,4,35.25,19.35,0
Lugo,2012,7,5,36.69,19.79,0
Lugo,2012,7,6,32.7,18.8,21.4
Lugo,2012,7,7,33.47,15.94,0
Lugo,2012,7,8,36.59,15.14,0
Lugo,2012,7,9,35.79,16.93,0
Lugo,2012,7,10,37.36,15.75,0
Lugo,2012,7,11,35.77,16.94,0
Lugo,2012,7,12,34.12,17.72,0
Lugo,2012,7,13,33.32,16.66,0
Lugo,2012,7,14,35.49,20.23,0
Lugo,2012,7,15,32.29,16.71,0
Lugo,2012,7,16,29.69,13.55,0
Lugo,2012,7,17,32.23,10.42,0
Lugo,2012,7,18,33.3,12.96,0
Lugo,2012,7,19,37.79,14.84,0
Lugo,2012,7,20,37.82,15.78,0
Lugo,2012,7,21,30.67,17.28,0
Lugo,2012,7,22,27.21,18.56,3.7
Lugo,2012,7,23,26.83,18.86,0
Lugo,2012,7,24,30.51,17.21,0
Lugo,2012,7,25,33.18,16.85,0
Lugo,2012,7,26,34.34,16.83,0
Lugo,2012,7,27,37.32,17.07,0
Lugo,2012,7,28,37.93,17.91,0
Lugo,2012,7,29,37.58,22.26,0
Lugo,2012,7,30,35.24,15.85,0
Lugo,2012,7,31,33.34,18.33,0
Lugo,2012,8,1,34.38,15.88,0
Lugo,2012,8,2,35.76,14.68,0
Lugo,2012,8,3,37.39,16.09,0
Lugo,2012,8,4,36.16,19.07,0
Lugo,2012,8,5,37.56,17.75,0
Lugo,2012,8,6,37.11,20.2,0
Lugo,2012,8,7,33.44,20.1,0
Lugo,2012,8,8,34.93,13.9,0
Lugo,2012,8,9,34.31,14.61,0
Lugo,2012,8,10,32.04,16.76,0
Lugo,2012,8,11,32.12,15.25,0
Lugo,2012,8,12,29.61,16.99,0
Lugo,2012,8,13,31.23,15.59,0
Lugo,2012,8,14,31.74,18.85,0
Lugo,2012,8,15,34.61,17.51,0
Lugo,2012,8,16,37.33,18.22,0
Lugo,2012,8,17,34.59,17.95,0
Lugo,2012,8,18,35.05,15.43,0
Lugo,2012,8,19,35.33,15.23,0
Lugo,2012,8,20,38.32,13.83,0
Lugo,2012,8,21,38,19.93,0
Lugo,2012,8,22,38.4,17.41,0
Lugo,2012,8,23,36.1,3.51,0
Lugo,2012,8,24,40.21,18.65,0
Lugo,2012,8,25,35.18,19.72,0
Lugo,2012,8,26,34.17,14.86,1.2
Lugo,2012,8,27,29.99,14.42,0
Lugo,2012,8,28,32.32,10.69,0
Lugo,2012,8,29,33.79,13.63,0
Lugo,2012,8,30,33.7,15.42,0
Lugo,2012,8,31,28.86,17.69,6.7
Lugo,2012,9,1,25.1,14.89,0
Lugo,2012,9,2,25.43,15.6,0
Lugo,2012,9,3,23.52,16.76,39
Lugo,2012,9,4,25.2,17.23,15.2
Lugo,2012,9,5,26.4,17.53,10.5
Lugo,2012,9,6,28.68,16.75,0
Lugo,2012,9,7,29.21,14.65,0
Lugo,2012,9,8,30.34,13.78,0
Lugo,2012,9,9,31.21,12.07,0
Lugo,2012,9,10,31.48,15.11,0
Lugo,2012,9,11,31.99,14.81,0
Lugo,2012,9,12,29.25,16.24,2.1
Lugo,2012,9,13,18.1,13.36,11.2
Lugo,2012,9,14,23.54,14.55,0
Lugo,2012,9,15,24.28,12.27,0
Lugo,2012,9,16,25.38,10.72,0
Lugo,2012,9,17,25.24,12.34,0
Lugo,2012,9,18,27.27,10.79,0
Lugo,2012,9,19,23.8,14.61,5.9
Lugo,2012,9,20,22.4,8.8,0
Lugo,2012,9,21,22.42,6.04,0
Lugo,2012,9,22,25.27,8.41,0
Lugo,2012,9,23,25.95,17.09,0
Lugo,2012,9,24,27.94,15.23,0
Lugo,2012,9,25,29.44,11.07,0
Lugo,2012,9,26,27.66,16.89,0
Lugo,2012,9,27,27.63,17.01,0
Lugo,2012,9,28,23.57,15.73,0
Lugo,2012,9,29,21.19,15.67,0
Lugo,2012,9,30,22.68,15.83,15.9
Lugo,2012,10,1,24.75,14.41,6.7
Lugo,2012,10,2,24.17,14.86,0
Lugo,2012,10,3,25.23,13.14,0
Lugo,2012,10,4,26.35,12.27,0
Lugo,2012,10,5,26,12.08,0
Lugo,2012,10,6,26,11.88,0
Lugo,2012,10,7,26.22,13.38,0
Lugo,2012,10,8,22.2,13.95,0
Lugo,2012,10,9,19.1,13.27,1.2
Lugo,2012,10,10,21.42,12.01,0
Lugo,2012,10,11,19.9,12.75,0
Lugo,2012,10,12,17.4,11.64,0
Lugo,2012,10,13,21.1,12.12,10.9
Lugo,2012,10,14,18.65,12.16,0
Lugo,2012,10,15,21.01,12.22,9.8
Lugo,2012,10,16,19.6,7.62,0
Lugo,2012,10,17,21.18,8.76,0
Lugo,2012,10,18,19.44,10.43,0
Lugo,2012,10,19,18.31,9.53,0
Lugo,2012,10,20,20.35,9.69,0
Lugo,2012,10,21,21.67,9.55,0
Lugo,2012,10,22,21.24,9.96,0
Lugo,2012,10,23,21.54,7.83,0
Lugo,2012,10,24,20.88,5.74,0
Lugo,2012,10,25,20.5,6.27,0
Lugo,2012,10,26,17.49,7.87,8.6
Lugo,2012,10,27,18.56,12.04,4
Lugo,2012,10,28,14.85,4.77,1.4
Lugo,2012,10,29,11.18,0.25,4.2
Lugo,2012,10,30,12.52,-1.81,0
Lugo,2012,10,31,12.8,6.1,22.9
Lugo,2012,11,1,15.42,8.51,8.3
Lugo,2012,11,2,19.15,6.92,0
Lugo,2012,11,3,18.81,6.13,0
Lugo,2012,11,4,17.77,9.67,0
Lugo,2012,11,5,22.11,10.87,1
Lugo,2012,11,6,18.41,-6.94,0
Lugo,2012,11,7,14.94,3.11,0
Lugo,2012,11,8,16.27,-8.93,0
Lugo,2012,11,9,16.68,1.09,0
Lugo,2012,11,10,14.71,7.16,0
Lugo,2012,11,11,20.32,11.36,2.3
Lugo,2012,11,12,11.5,9.87,4.8
Lugo,2012,11,13,13.97,9.9,0
Lugo,2012,11,14,14.6,6.49,0
Lugo,2012,11,15,12.88,2.91,0
Lugo,2012,11,16,11.12,1.19,0
Lugo,2012,11,17,11.12,7.25,0
Lugo,2012,11,18,9.71,7.99,0
Lugo,2012,11,19,10.15,8.3,6.4
Lugo,2012,11,20,13.46,-5.84,4
Lugo,2012,11,21,13.92,4.21,0
Lugo,2012,11,22,12.76,2.24,0
Lugo,2012,11,23,14.88,6.69,0
Lugo,2012,11,24,15.15,4.06,0
Lugo,2012,11,25,12.49,5.51,0
Lugo,2012,11,26,19.24,5.66,0
Lugo,2012,11,27,14.02,7.88,32.9
Lugo,2012,11,28,14.16,8.05,29
Lugo,2012,11,29,13.31,5.7,4.1
Lugo,2012,11,30,10.22,5.82,11.3
Lugo,2012,12,1,10.41,4.68,5.5
Lugo,2012,12,2,8.34,4.55,1.5
Lugo,2012,12,3,9.78,-1.58,0
Lugo,2012,12,4,3.32,-1.67,3.6
Lugo,2012,12,5,5.8,-2.12,0
Lugo,2012,12,6,6.58,-2.83,0
Lugo,2012,12,7,2.85,-3.47,5.1
Lugo,2012,12,8,2.03,-1.7,3.7
Lugo,2012,12,9,3.47,-4.48,0
Lugo,2012,12,10,3.99,-5.23,0
Lugo,2012,12,11,7.65,-3.59,0
Lugo,2012,12,12,5.36,-5.55,0
Lugo,2012,12,13,0.87,-7.24,0
Lugo,2012,12,14,0.59,-0.99,0
Lugo,2012,12,15,2.58,-0.99,1.2
Lugo,2012,12,16,3.22,-2.42,0
Lugo,2012,12,17,3.4,0.19,0
Lugo,2012,12,18,3.56,-0.86,0
Lugo,2012,12,19,5.7,-3.74,0
Lugo,2012,12,20,1.3,-5.17,0
Lugo,2012,12,21,2.19,-1.28,4.9
Lugo,2012,12,22,5.02,-0.68,0
Lugo,2012,12,23,2.41,-1.3,0
Lugo,2012,12,24,6.6,-0.98,0
Lugo,2012,12,25,5.44,2.97,0
Lugo,2012,12,26,5.75,4.43,5.9
Lugo,2012,12,27,5.83,3.26,0
Lugo,2012,12,28,10.82,0.53,0
Lugo,2012,12,29,10.52,-2.91,0
Lugo,2012,12,30,8.32,-3.49,0
Lugo,2012,12,31,8.09,-4.6,0
Lugo,2013,1,1,8.24,-5,0
Lugo,2013,1,2,4.64,1.23,5.7
Lugo,2013,1,3,10.84,0.27,0
Lugo,2013,1,4,9.99,-0.87,0
Lugo,2013,1,5,13.01,-0.55,0
Lugo,2013,1,6,9.44,-0.9,0
Lugo,2013,1,7,11.1,-0.45,0
Lugo,2013,1,8,6.62,2.96,0
Lugo,2013,1,9,6.93,3.44,0
Lugo,2013,1,10,7.99,-0.05,0
Lugo,2013,1,11,4.51,-0.84,0
Lugo,2013,1,12,4.23,2.44,0
Lugo,2013,1,13,4.86,1.41,10.1
Lugo,2013,1,14,4.21,0.31,5.1
Lugo,2013,1,15,6.73,-0.85,0
Lugo,2013,1,16,3.76,0.19,13.4
Lugo,2013,1,17,3.58,-0.18,8
Lugo,2013,1,18,5.02,-1.57,0
Lugo,2013,1,19,4.69,-3.54,2.7
Lugo,2013,1,20,3.79,1.23,4.5
Lugo,2013,1,21,6.15,-0.52,0
Lugo,2013,1,22,6.72,-0.92,0
Lugo,2013,1,23,7.86,-2.59,0.6
Lugo,2013,1,24,6.22,3.52,2.3
Lugo,2013,1,25,8.72,-3.46,0
Lugo,2013,1,26,5.92,-2.49,0
Lugo,2013,1,27,7.25,-5.12,0
Lugo,2013,1,28,3.28,-0.82,3.1
Lugo,2013,1,29,2.81,-1,0
Lugo,2013,1,30,3.48,-0.34,0
Lugo,2013,1,31,4.98,0.95,0
Lugo,2013,2,1,2.77,-0.17,0
Lugo,2013,2,2,5.31,-0.42,18.8
Lugo,2013,2,3,11.37,-0.45,12.9
Lugo,2013,2,4,13.7,-1.18,0
Lugo,2013,2,5,10.5,-1.12,0
Lugo,2013,2,6,10.63,-0.15,2.2
Lugo,2013,2,7,7.87,0.38,0
Lugo,2013,2,8,6.39,-0.8,0
Lugo,2013,2,9,7.06,-2.81,0
Lugo,2013,2,10,6.97,-3.58,0
Lugo,2013,2,11,3.02,-2.64,1.9
Lugo,2013,2,12,3.4,-0.94,0
Lugo,2013,2,13,4.45,-0.66,0
Lugo,2013,2,14,9.24,-0.75,0
Lugo,2013,2,15,10.57,-3.01,0
Lugo,2013,2,16,10.21,-1.66,0
Lugo,2013,2,17,9.42,-1.16,0
Lugo,2013,2,18,9.25,-1.08,0
Lugo,2013,2,19,10.99,-2.64,0
Lugo,2013,2,20,6.83,-0.82,7.8
Lugo,2013,2,21,4.13,-0.1,20.1
Lugo,2013,2,22,0.89,-0.98,5.7
Lugo,2013,2,23,2.71,-0.84,17.2
Lugo,2013,2,24,9.56,-0.79,19.2
Lugo,2013,2,25,9.27,-3.42,0
Lugo,2013,2,26,8.49,-1.45,0
Lugo,2013,2,27,4.83,1.71,0
Lugo,2013,2,28,11.74,0.17,0
Lugo,2013,3,1,12.02,-1.14,0
Lugo,2013,3,2,11.18,-0.39,0
Lugo,2013,3,3,13.95,-2.89,0
Lugo,2013,3,4,15.25,-1.89,0
Lugo,2013,3,5,10.47,-1.68,0.9
Lugo,2013,3,6,9.54,5.97,15.2
Lugo,2013,3,7,12.45,6.37,4.1
Lugo,2013,3,8,12.4,7.72,7.1
Lugo,2013,3,9,16.76,9,4.4
Lugo,2013,3,10,17.62,6.28,2.4
Lugo,2013,3,11,14.25,5.67,2.9
Lugo,2013,3,12,16.44,4.12,0
Lugo,2013,3,13,13.26,4.2,3.4
Lugo,2013,3,14,8.18,4.66,13.2
Lugo,2013,3,15,7.3,-0.61,1.7
Lugo,2013,3,16,9.75,-2.07,0
Lugo,2013,3,17,12.28,-0.78,0
Lugo,2013,3,18,7.25,1.09,3.2
Lugo,2013,3,19,16.43,0.78,0
Lugo,2013,3,20,15.45,1.32,8.4
Lugo,2013,3,21,16.28,4.34,3.8
Lugo,2013,3,22,17.11,1.94,0
Lugo,2013,3,23,15.82,4.34,0
Lugo,2013,3,24,10.66,5.37,8
Lugo,2013,3,25,5.3,1.31,16.5
Lugo,2013,3,26,7.22,1.88,3.2
Lugo,2013,3,27,10.75,2.76,0
Lugo,2013,3,28,10.39,3.69,1
Lugo,2013,3,29,11,5.06,0
Lugo,2013,3,30,11.23,7.28,9.8
Lugo,2013,3,31,14.3,7.06,5.1
Lugo,2013,4,1,13.67,6.02,5.6
Lugo,2013,4,2,10.84,7.12,9.8
Lugo,2013,4,3,13.53,3.29,0
Lugo,2013,4,4,13.12,2.08,6
Lugo,2013,4,5,11.14,6.8,19.8
Lugo,2013,4,6,15.74,3.58,0
Lugo,2013,4,7,13.56,5.57,0
Lugo,2013,4,8,11.8,4.53,1.5
Lugo,2013,4,9,15.79,6.31,0
Lugo,2013,4,10,16.95,7.85,0
Lugo,2013,4,11,20.17,5.27,0
Lugo,2013,4,12,22.16,11.78,0
Lugo,2013,4,13,21.96,9.46,0
Lugo,2013,4,14,22.37,7.01,0
Lugo,2013,4,15,22.93,7.58,0
Lugo,2013,4,16,22.7,9.99,0
Lugo,2013,4,17,24.66,9.57,0
Lugo,2013,4,18,26.27,9.07,0
Lugo,2013,4,19,25.53,10.23,0
Lugo,2013,4,20,19.67,12.66,0
Lugo,2013,4,21,17.07,11.05,3.5
Lugo,2013,4,22,18.55,8.01,5.2
Lugo,2013,4,23,19.31,6.79,0
Lugo,2013,4,24,21.39,5.71,0
Lugo,2013,4,25,23.86,8.17,0
Lugo,2013,4,26,21.68,10.85,0
Lugo,2013,4,27,21.3,11.82,0
Lugo,2013,4,28,25.22,13.61,0
Lugo,2013,4,29,22.49,13.49,0
Lugo,2013,4,30,22.95,12.79,0.9
Lugo,2013,5,1,24.36,14.1,1.4
Lugo,2013,5,2,19.29,13.55,6
Lugo,2013,5,3,24.83,11.27,0
Lugo,2013,5,4,25.14,12.81,0
Lugo,2013,5,5,22.47,13.97,8.3
Lugo,2013,5,6,21.35,14.58,2.6
Lugo,2013,5,7,23.54,14.2,13.1
Lugo,2013,5,8,23.4,12.91,0
Lugo,2013,5,9,26.95,11.62,0
Lugo,2013,5,10,24.68,14.98,2.7
Lugo,2013,5,11,22.41,13.52,2.5
Lugo,2013,5,12,22.41,12.33,5.3
Lugo,2013,5,13,22.57,9.37,0
Lugo,2013,5,14,23.88,7.79,0
Lugo,2013,5,15,25.85,11.07,0
Lugo,2013,5,16,23.5,14,8.9
Lugo,2013,5,17,21.97,12.15,2.1
Lugo,2013,5,18,23.62,9.57,0
Lugo,2013,5,19,22.53,12.27,0
Lugo,2013,5,20,22.36,9.79,0
Lugo,2013,5,21,22.49,8.6,0
Lugo,2013,5,22,22.66,9.77,0
Lugo,2013,5,23,23.28,12.71,1.6
Lugo,2013,5,24,17,6.9,2.2
Lugo,2013,5,25,14.78,6.04,4.7
Lugo,2013,5,26,21.7,8.28,2.5
Lugo,2013,5,27,23.47,8.63,0
Lugo,2013,5,28,22.41,10.68,0
Lugo,2013,5,29,21.54,10.92,0
Lugo,2013,5,30,19.1,9.67,0
Lugo,2013,5,31,21.23,10.09,0
Lugo,2013,6,1,23.14,12.53,0
Lugo,2013,6,2,25.85,12.5,0
Lugo,2013,6,3,24.51,10.49,0
Lugo,2013,6,4,26.35,9.34,0
Lugo,2013,6,5,26.11,13.82,3.3
Lugo,2013,6,6,26.46,12.6,0
Lugo,2013,6,7,28.33,11.67,0
Lugo,2013,6,8,29.3,12.92,0
Lugo,2013,6,9,27.46,13.59,2
Lugo,2013,6,10,24.06,13.47,2.5
Lugo,2013,6,11,28.93,12.95,0
Lugo,2013,6,12,29.81,13.96,0
Lugo,2013,6,13,29.33,13.91,0
Lugo,2013,6,14,29.87,11.63,0
Lugo,2013,6,15,32.19,16.98,0
Lugo,2013,6,16,33.44,18.23,0
Lugo,2013,6,17,34.34,18.14,0
Lugo,2013,6,18,34.43,18.98,0
Lugo,2013,6,19,33.46,19.14,0
Lugo,2013,6,20,35.86,18.1,0
Lugo,2013,6,21,31.82,18.05,0
Lugo,2013,6,22,30.7,14.98,0
Lugo,2013,6,23,30.66,16.3,0
Lugo,2013,6,24,25.82,14.33,0
Lugo,2013,6,25,28.65,12.45,0
Lugo,2013,6,26,23.89,13.06,3.6
Lugo,2013,6,27,24.83,13.12,3.2
Lugo,2013,6,28,19.21,11.51,4
Lugo,2013,6,29,25.25,10.76,0
Lugo,2013,6,30,29.17,10.35,0
Lugo,2013,7,1,29.11,12.13,0
Lugo,2013,7,2,31.19,13.53,0
Lugo,2013,7,3,31.39,15.85,0
Lugo,2013,7,4,30.94,18.35,0
Lugo,2013,7,5,32.73,16.76,0
Lugo,2013,7,6,31.89,18.69,0
Lugo,2013,7,7,30.68,17.45,0
Lugo,2013,7,8,31.16,17.8,0
Lugo,2013,7,9,32.51,17.16,0
Lugo,2013,7,10,33.02,17.48,0
Lugo,2013,7,11,31.58,18.71,0
Lugo,2013,7,12,30.39,19.26,5.2
Lugo,2013,7,13,30.17,18.02,10.1
Lugo,2013,7,14,30.65,16.08,0
Lugo,2013,7,15,32.17,15.82,0
Lugo,2013,7,16,30.53,17.06,0
Lugo,2013,7,17,30.83,16.34,0
Lugo,2013,7,18,31.07,14.89,0
Lugo,2013,7,19,32.21,16.79,0
Lugo,2013,7,20,33.09,16.32,0
Lugo,2013,7,21,31.84,16.21,0
Lugo,2013,7,22,33.36,16.26,0
Lugo,2013,7,23,35.02,15.28,0
Lugo,2013,7,24,34.86,17.51,0
Lugo,2013,7,25,31.52,19.16,0
Lugo,2013,7,26,35.19,18.66,0
Lugo,2013,7,27,37.43,18.5,0
Lugo,2013,7,28,38.83,19.2,0
Lugo,2013,7,29,33.02,17.68,9.6
Lugo,2013,7,30,30.78,16.16,0
Lugo,2013,7,31,31.75,13.95,0
Lugo,2013,8,1,33.6,14.89,0
Lugo,2013,8,2,35.65,15.47,0
Lugo,2013,8,3,37.25,14.69,0
Lugo,2013,8,4,35.93,19.14,0
Lugo,2013,8,5,37.3,18.47,0
Lugo,2013,8,6,38.67,18.51,0
Lugo,2013,8,7,37.61,17.05,0
Lugo,2013,8,8,37.03,18.7,0
Lugo,2013,8,9,33.04,19.87,0
Lugo,2013,8,10,30.49,17.17,0
Lugo,2013,8,11,31.07,15.73,0
Lugo,2013,8,12,33.14,13.42,0
Lugo,2013,8,13,35.15,15.45,0
Lugo,2013,8,14,25.66,16.79,0
Lugo,2013,8,15,29.26,14.02,0
Lugo,2013,8,16,29.85,13.5,0
Lugo,2013,8,17,32.78,11.9,0
Lugo,2013,8,18,33.36,13.96,0
Lugo,2013,8,19,34.44,15.41,0
Lugo,2013,8,20,22.31,16.33,21.7
Lugo,2013,8,21,28.71,15.08,0
Lugo,2013,8,22,30.65,14.23,0
Lugo,2013,8,23,31.82,14.21,7.7
Lugo,2013,8,24,30.16,16.36,0
Lugo,2013,8,25,28.22,16.19,9.8
Lugo,2013,8,26,28.5,16.5,0
Lugo,2013,8,27,28.29,15.47,4.3
Lugo,2013,8,28,28.22,15.06,0
Lugo,2013,8,29,27.83,13.14,0
Lugo,2013,8,30,28.64,12.67,0
Lugo,2013,8,31,29.58,11.47,0
Lugo,2013,9,1,30.11,10.55,0
Lugo,2013,9,2,28.63,14.37,0
Lugo,2013,9,3,31.82,12.88,0
Lugo,2013,9,4,31.16,12.52,0
Lugo,2013,9,5,30.78,14.02,0
Lugo,2013,9,6,30.94,14.58,0
Lugo,2013,9,7,31.72,14.5,0
Lugo,2013,9,8,30.32,16.9,0
Lugo,2013,9,9,30.95,14.43,1.6
Lugo,2013,9,10,29.61,10.98,0
Lugo,2013,9,11,26.5,13.91,3.6
Lugo,2013,9,12,24.63,10.67,0
Lugo,2013,9,13,26.85,9.85,0
Lugo,2013,9,14,28.95,8.96,0
Lugo,2013,9,15,26.18,11.28,15
Lugo,2013,9,16,26.91,14.55,0
Lugo,2013,9,17,22.48,12.37,0
Lugo,2013,9,18,23.8,9.3,0
Lugo,2013,9,19,26.45,11.64,0
Lugo,2013,9,20,26.12,10.55,0
Lugo,2013,9,21,26.33,11.74,0
Lugo,2013,9,22,25.33,10.13,0
Lugo,2013,9,23,28.15,8.19,0
Lugo,2013,9,24,29.47,8.34,0
Lugo,2013,9,25,28.09,12.69,0
Lugo,2013,9,26,28.28,11.37,0
Lugo,2013,9,27,28.73,15.64,0
Lugo,2013,9,28,28.1,16.19,0
Lugo,2013,9,29,18.89,14.01,10.3
Lugo,2013,9,30,16.17,12.92,0
Lugo,2013,10,1,22.15,11.18,0
Lugo,2013,10,2,21.45,11.65,0
Lugo,2013,10,3,17.99,8.37,0
Lugo,2013,10,4,17.5,10.82,0
Lugo,2013,10,5,14.45,9.99,9.3
Lugo,2013,10,6,15.18,11.73,9.5
Lugo,2013,10,7,16.2,13.32,19.9
Lugo,2013,10,8,13.76,12.63,15.8
Lugo,2013,10,9,19.18,13,0
Lugo,2013,10,10,23.16,11.74,0.7
Lugo,2013,10,11,17.57,8.93,0
Lugo,2013,10,12,20.6,9.1,0
Lugo,2013,10,13,20.85,7.41,0
Lugo,2013,10,14,14.96,9.64,3.1
Lugo,2013,10,15,16.83,10.7,0
Lugo,2013,10,16,20.64,9.25,0
Lugo,2013,10,17,21.77,6.6,0
Lugo,2013,10,18,20.45,6.98,0
Lugo,2013,10,19,18.58,10.64,0
Lugo,2013,10,20,19.77,11.08,9.7
Lugo,2013,10,21,16.65,12.43,9.8
Lugo,2013,10,22,18,11.64,0
Lugo,2013,10,23,23.28,13.58,0
Lugo,2013,10,24,21.21,15.16,28.6
Lugo,2013,10,25,19.86,14.74,0
Lugo,2013,10,26,20.16,13.62,0
Lugo,2013,10,27,23.72,13.8,0
Lugo,2013,10,28,25.51,13.36,0
Lugo,2013,10,29,26.1,14.65,0
Lugo,2013,10,30,18.84,13.72,0
Lugo,2013,10,31,18.78,9.56,0
Lugo,2013,11,1,19.51,7.06,0
Lugo,2013,11,2,18.89,8.57,0
Lugo,2013,11,3,23.56,11.43,0
Lugo,2013,11,4,18.74,12.32,6.1
Lugo,2013,11,5,15.61,7.73,5.6
Lugo,2013,11,6,19.72,6.46,0
Lugo,2013,11,7,17.15,6.72,0
Lugo,2013,11,8,18.88,11.09,0
Lugo,2013,11,9,22.06,10.68,0
Lugo,2013,11,10,18.72,9.51,10
Lugo,2013,11,11,13.84,8.45,17.4
Lugo,2013,11,12,15.35,8.95,1.3
Lugo,2013,11,13,15.68,8.39,0
Lugo,2013,11,14,12.44,10.4,9.6
Lugo,2013,11,15,13.61,9.45,19.4
Lugo,2013,11,16,12.66,8.65,0
Lugo,2013,11,17,11.68,8.14,0
Lugo,2013,11,18,12.87,9.74,0
Lugo,2013,11,19,15.06,8.63,0
Lugo,2013,11,20,15.5,6.71,0
Lugo,2013,11,21,12.12,5.96,1
Lugo,2013,11,22,11.64,2.2,5.9
Lugo,2013,11,23,8.99,4.76,29.4
Lugo,2013,11,24,9.77,5.21,1.9
Lugo,2013,11,25,11.3,1.17,1.2
Lugo,2013,11,26,8.63,-1.1,0
Lugo,2013,11,27,5.83,0,0
Lugo,2013,11,28,7.05,-0.27,0
Lugo,2013,11,29,8.76,-1.84,0
Lugo,2013,11,30,5.9,-1.9,0
Lugo,2013,12,1,10.33,1.52,0
Lugo,2013,12,2,12.19,1.05,0
Lugo,2013,12,3,9.89,-1.23,0
Lugo,2013,12,4,10.64,-2.18,0
Lugo,2013,12,5,9.73,-3.52,0
Lugo,2013,12,6,12.49,-1.92,0
Lugo,2013,12,7,10.37,-1.74,0
Lugo,2013,12,8,8.95,-2.34,0
Lugo,2013,12,9,6.99,-2.31,0
Lugo,2013,12,10,7.83,-1.83,0
Lugo,2013,12,11,6.19,-1.74,0
Lugo,2013,12,12,3.55,-0.9,0
Lugo,2013,12,13,8.69,-2.61,0
Lugo,2013,12,14,11.16,-3.27,0
Lugo,2013,12,15,8.67,-1.96,0
Lugo,2013,12,16,9.73,-2.5,0
Lugo,2013,12,17,10.21,-3.45,0
Lugo,2013,12,18,7.96,-4.08,0
Lugo,2013,12,19,7.91,-4.01,0
Lugo,2013,12,20,6.9,-0.28,0
Lugo,2013,12,21,8.78,3.11,0
Lugo,2013,12,22,5.98,2.76,0
Lugo,2013,12,23,7.13,4.87,0
Lugo,2013,12,24,5.38,1.92,0
Lugo,2013,12,25,14.78,2.43,0.8
Lugo,2013,12,26,14.44,3.35,3.8
Lugo,2013,12,27,11.13,2.64,0
Lugo,2013,12,28,12.66,0.53,0
Lugo,2013,12,29,10.07,5.01,0
Lugo,2013,12,30,9.23,5.16,0
Lugo,2013,12,31,8.68,1.1,0
Lugo,2014,1,1,9.2,-1.39,0
Lugo,2014,1,2,5.63,-0.43,0
Lugo,2014,1,3,6.41,3.56,1.4
Lugo,2014,1,4,15.32,4.27,1.7
Lugo,2014,1,5,8.05,5.55,3.5
Lugo,2014,1,6,13.22,2.82,0
Lugo,2014,1,7,10.41,1.79,0
Lugo,2014,1,8,11.64,0.78,0
Lugo,2014,1,9,12.44,3.18,0
Lugo,2014,1,10,9.94,1.4,0
Lugo,2014,1,11,10.45,6.37,0
Lugo,2014,1,12,9.85,6.39,0
Lugo,2014,1,13,8.91,6.43,0
Lugo,2014,1,14,12.92,3.35,1.2
Lugo,2014,1,15,6.71,0.99,0
Lugo,2014,1,16,7.9,3.08,0
Lugo,2014,1,17,12.86,4.69,4.4
Lugo,2014,1,18,6.9,4.33,3.1
Lugo,2014,1,19,8.66,5.07,3.6
Lugo,2014,1,20,9.37,6.4,2.6
Lugo,2014,1,21,12.65,6.61,0
Lugo,2014,1,22,14.34,3.85,0
Lugo,2014,1,23,13.14,1.53,3.8
Lugo,2014,1,24,6.8,4.65,13.4
Lugo,2014,1,25,11.12,0.96,0
Lugo,2014,1,26,9.42,-0.87,0
Lugo,2014,1,27,6.09,0.65,4.8
Lugo,2014,1,28,3.89,-0.38,10.6
Lugo,2014,1,29,9.29,-1.54,1.1
Lugo,2014,1,30,7.05,3.3,7.1
Lugo,2014,1,31,5.35,3.01,7
Lugo,2014,2,1,9.51,4.5,3.4
Lugo,2014,2,2,8.42,6.53,6.5
Lugo,2014,2,3,9.72,6.44,7
Lugo,2014,2,4,7.11,5.54,3.3
Lugo,2014,2,5,12.35,4.79,2.5
Lugo,2014,2,6,11.25,2.55,0
Lugo,2014,2,7,14.3,0.96,2.7
Lugo,2014,2,8,13.41,3.3,0
Lugo,2014,2,9,12.13,4.03,1.3
Lugo,2014,2,10,10.27,4.28,2.9
Lugo,2014,2,11,9.01,5.2,2.2
Lugo,2014,2,12,12.43,3.18,0
Lugo,2014,2,13,14.95,0.71,0
Lugo,2014,2,14,15.08,4.52,0
Lugo,2014,2,15,14.95,3.77,0
Lugo,2014,2,16,13.02,4.13,0
Lugo,2014,2,17,15.46,4.11,0
Lugo,2014,2,18,11.56,5.65,0
Lugo,2014,2,19,11.26,7.35,4.2
Lugo,2014,2,20,9.86,6.39,9.3
Lugo,2014,2,21,13.79,6.52,0
Lugo,2014,2,22,12.2,4.09,4.9
Lugo,2014,2,23,13.76,0.38,0
Lugo,2014,2,24,13.73,1.3,0
Lugo,2014,2,25,15.5,-1.32,0
Lugo,2014,2,26,15.78,2.2,2
Lugo,2014,2,27,14.78,1.91,0
Lugo,2014,2,28,14.85,1.56,0
Lugo,2014,3,1,13.46,2.69,0
Lugo,2014,3,2,9.68,5.41,1.2
Lugo,2014,3,3,15.51,3.99,0
Lugo,2014,3,4,9.57,6.33,26.6
Lugo,2014,3,5,14.45,6.74,15.5
Lugo,2014,3,6,15.51,5.97,0
Lugo,2014,3,7,16.33,5.29,0
Lugo,2014,3,8,15.52,4.02,0
Lugo,2014,3,9,16.46,2.56,0
Lugo,2014,3,10,14.71,4,0
Lugo,2014,3,11,14.54,3.54,0
Lugo,2014,3,12,17.49,2.33,0
Lugo,2014,3,13,19.43,2.3,0
Lugo,2014,3,14,19.84,1.95,0
Lugo,2014,3,15,20.87,1.6,0
Lugo,2014,3,16,16.49,5.39,0
Lugo,2014,3,17,20.81,3.91,0
Lugo,2014,3,18,17.55,7.62,0
Lugo,2014,3,19,20.78,7.85,0
Lugo,2014,3,20,18.9,8.02,0
Lugo,2014,3,21,19.31,6.74,0
Lugo,2014,3,22,20.2,8.6,0
Lugo,2014,3,23,17.67,7.04,5.5
Lugo,2014,3,24,8.97,3.49,2.2
Lugo,2014,3,25,13.43,0.56,0
Lugo,2014,3,26,12.81,5.44,5.9
Lugo,2014,3,27,14.52,8.14,3.4
Lugo,2014,3,28,18.71,6.88,2.3
Lugo,2014,3,29,20.4,4.77,0
Lugo,2014,3,30,21.7,4.18,0
Lugo,2014,3,31,23.01,4.77,0
Lugo,2014,4,1,20.97,8.04,0
Lugo,2014,4,2,21.18,6.2,0
Lugo,2014,4,3,19.21,9.33,0
Lugo,2014,4,4,14.77,11.38,7.7
Lugo,2014,4,5,16.69,11.06,6.7
Lugo,2014,4,6,21.93,10.38,0
Lugo,2014,4,7,24.74,8.71,0
Lugo,2014,4,8,24.71,9.74,0
Lugo,2014,4,9,19.19,8.47,0
Lugo,2014,4,10,22.48,5.8,0
Lugo,2014,4,11,19.62,8.44,0
Lugo,2014,4,12,18.79,9.13,0
Lugo,2014,4,13,18.24,8.4,0
Lugo,2014,4,14,24.57,6.01,0
Lugo,2014,4,15,17.67,9.2,0
Lugo,2014,4,16,17.27,5.34,8.4
Lugo,2014,4,17,17.82,4.76,0
Lugo,2014,4,18,20.64,2.52,0
Lugo,2014,4,19,17.82,9.83,0
Lugo,2014,4,20,20.75,7.45,0
Lugo,2014,4,21,20.75,10.01,0
Lugo,2014,4,22,20.44,9.67,0
Lugo,2014,4,23,22.82,11.15,0
Lugo,2014,4,24,24.23,11.44,0
Lugo,2014,4,25,24.81,8.87,0
Lugo,2014,4,26,24.18,12.24,0
Lugo,2014,4,27,21.28,11.54,7
Lugo,2014,4,28,14.09,10.27,12.9
Lugo,2014,4,29,19.94,9.89,0
Lugo,2014,4,30,22.23,9.76,6.9
Lugo,2014,5,1,22.11,10.84,0
Lugo,2014,5,2,19.43,10.51,18.3
Lugo,2014,5,3,18.87,11.48,5.4
Lugo,2014,5,4,19.8,8.96,2.7
Lugo,2014,5,5,19.85,6.54,0
Lugo,2014,5,6,22.83,6.75,0
Lugo,2014,5,7,21.91,10.03,0
Lugo,2014,5,8,24.13,11.17,0
Lugo,2014,5,9,26.59,8.39,0
Lugo,2014,5,10,27.67,11.61,0
Lugo,2014,5,11,23.97,14.04,0
Lugo,2014,5,12,21.85,9.91,0
Lugo,2014,5,13,18.76,8.38,2
Lugo,2014,5,14,23.65,8.12,0
Lugo,2014,5,15,22.57,8.13,0
Lugo,2014,5,16,21.94,10.89,0
Lugo,2014,5,17,24.54,11.7,0
Lugo,2014,5,18,26.2,8.54,0
Lugo,2014,5,19,23.8,8.1,0
Lugo,2014,5,20,25.37,12.16,0
Lugo,2014,5,21,26.84,11.65,0
Lugo,2014,5,22,28.48,13.63,0
Lugo,2014,5,23,25.57,14.45,0
Lugo,2014,5,24,28.52,12.55,0
Lugo,2014,5,25,26.25,10.46,0
Lugo,2014,5,26,24.16,14.78,5.8
Lugo,2014,5,27,23.86,12.09,0
Lugo,2014,5,28,25.03,12.62,0
Lugo,2014,5,29,25.09,11.71,3.3
Lugo,2014,5,30,26,11.97,12
Lugo,2014,5,31,24.16,11.28,8.1
Lugo,2014,6,1,25.04,8.84,0
Lugo,2014,6,2,25.52,9,0
Lugo,2014,6,3,26.08,11.51,0
Lugo,2014,6,4,26.51,12.33,0
Lugo,2014,6,5,29.21,14.92,0
Lugo,2014,6,6,28.81,13.51,0
Lugo,2014,6,7,31.12,15.04,0
Lugo,2014,6,8,33.13,16.1,0
Lugo,2014,6,9,32.5,15.52,0
Lugo,2014,6,10,34.56,15.67,0
Lugo,2014,6,11,35.77,16.86,0
Lugo,2014,6,12,35.63,17.22,0
Lugo,2014,6,13,32.59,18.23,0
Lugo,2014,6,14,27.17,17.3,19.3
Lugo,2014,6,15,23.3,17.34,0
Lugo,2014,6,16,22.4,15.38,4.7
Lugo,2014,6,17,24.66,13.74,5.4
Lugo,2014,6,18,25.83,12.77,0
Lugo,2014,6,19,28.75,13.3,0
Lugo,2014,6,20,29.64,14.02,0
Lugo,2014,6,21,27.44,17.55,0
Lugo,2014,6,22,31.54,15.49,0
Lugo,2014,6,23,31.39,17.46,0
Lugo,2014,6,24,32.06,18.37,0
Lugo,2014,6,25,24.83,17.74,2.4
Lugo,2014,6,26,23.82,16.09,6.4
Lugo,2014,6,27,28.61,15.27,0
Lugo,2014,6,28,30.94,15.4,0
Lugo,2014,6,29,29.34,14.92,6.5
Lugo,2014,6,30,28,15.51,0
Lugo,2014,7,1,28.01,14.11,0
Lugo,2014,7,2,30.16,15.93,0
Lugo,2014,7,3,28.97,14.57,0
Lugo,2014,7,4,28.52,13.39,0
Lugo,2014,7,5,30.84,16.63,0
Lugo,2014,7,6,31.79,17.3,0
Lugo,2014,7,7,33.57,17.46,0
Lugo,2014,7,8,27.72,15.41,3.2
Lugo,2014,7,9,27.41,14.29,2.6
Lugo,2014,7,10,21.25,13.98,11.7
Lugo,2014,7,11,28.31,13.26,0
Lugo,2014,7,12,30.34,15.55,28
Lugo,2014,7,13,28.42,16.39,0
Lugo,2014,7,14,25.86,15.9,9.1
Lugo,2014,7,15,31.45,14.69,0
Lugo,2014,7,16,33.41,16.88,0
Lugo,2014,7,17,34.21,17.82,0
Lugo,2014,7,18,33.77,17.45,0
Lugo,2014,7,19,34.77,16.56,0
Lugo,2014,7,20,35.67,19.05,0
Lugo,2014,7,21,26.13,17.11,0
Lugo,2014,7,22,28.41,15.67,0
Lugo,2014,7,23,31.16,18.81,0
Lugo,2014,7,24,23.4,18.4,1.6
Lugo,2014,7,25,30.02,16.81,0
Lugo,2014,7,26,28.86,16.08,8.2
Lugo,2014,7,27,26.82,17.09,10.9
Lugo,2014,7,28,31.56,16.79,0
Lugo,2014,7,29,27.11,17.91,3.4
Lugo,2014,7,30,22.74,16.82,11.7
Lugo,2014,7,31,27.23,18.41,0
Lugo,2014,8,1,30.79,16.97,0
Lugo,2014,8,2,32.15,17.97,0
Lugo,2014,8,3,30.99,18.15,5.8
Lugo,2014,8,4,31.55,16.56,0
Lugo,2014,8,5,28.95,17.68,7.5
Lugo,2014,8,6,31.73,16.62,0
Lugo,2014,8,7,32.52,15.76,0
Lugo,2014,8,8,32.03,15.33,0
Lugo,2014,8,9,32.56,17.51,0
Lugo,2014,8,10,34.61,17.71,0
Lugo,2014,8,11,32.71,19.16,0
Lugo,2014,8,12,34.16,19.77,0
Lugo,2014,8,13,32.36,19.63,0
Lugo,2014,8,14,28.98,18.37,0
Lugo,2014,8,15,28.61,15.03,0
Lugo,2014,8,16,23.89,13.01,13.3
Lugo,2014,8,17,27.65,11.43,0
Lugo,2014,8,18,29.34,12.38,0
Lugo,2014,8,19,29.85,14.07,0
Lugo,2014,8,20,29.96,16.97,0
Lugo,2014,8,21,30.18,15.45,0
Lugo,2014,8,22,29.98,13.13,0
Lugo,2014,8,23,23.13,15.06,3.3
Lugo,2014,8,24,27.56,14.52,0
Lugo,2014,8,25,27.29,15.9,0
Lugo,2014,8,26,26.61,13.66,0
Lugo,2014,8,27,30.93,17.41,0
Lugo,2014,8,28,27.44,15.47,0
Lugo,2014,8,29,29.78,13.94,0
Lugo,2014,8,30,31.02,12.84,0
Lugo,2014,8,31,31.55,15.71,0
Lugo,2014,9,1,20.35,14.61,11
Lugo,2014,9,2,21.75,13.72,0
Lugo,2014,9,3,20.88,15.19,0.9
Lugo,2014,9,4,23.67,17.14,4.2
Lugo,2014,9,5,26.26,16.85,0
Lugo,2014,9,6,29.31,15.65,0
Lugo,2014,9,7,29.62,14.1,0
Lugo,2014,9,8,30.5,14.79,0
Lugo,2014,9,9,30.56,15.14,0
Lugo,2014,9,10,25.58,16.5,4.3
Lugo,2014,9,11,23.48,13.62,4
Lugo,2014,9,12,21.76,11.72,3.5
Lugo,2014,9,13,26.16,9.24,0
Lugo,2014,9,14,26.46,11.06,0
Lugo,2014,9,15,27.05,11.44,0
Lugo,2014,9,16,27.46,13.32,0
Lugo,2014,9,17,26.01,12.06,0
Lugo,2014,9,18,24.84,11.66,0
Lugo,2014,9,19,22.13,15.02,1.7
Lugo,2014,9,20,24.98,17.14,18.7
Lugo,2014,9,21,26.75,14.95,0
Lugo,2014,9,22,26.84,13.84,0
Lugo,2014,9,23,23.37,8.55,0
Lugo,2014,9,24,22.98,6.36,0
Lugo,2014,9,25,23.12,10.88,0
Lugo,2014,9,26,24.07,9.83,0
Lugo,2014,9,27,25.56,9.34,0
Lugo,2014,9,28,25.68,9.97,0
Lugo,2014,9,29,25.29,9.76,0
Lugo,2014,9,30,25.18,9.4,0
Lugo,2014,10,1,19.5,13.15,4
Lugo,2014,10,2,23.3,12.46,0
Lugo,2014,10,3,23.08,11.19,0
Lugo,2014,10,4,23.42,10.5,0
Lugo,2014,10,5,23.06,10.13,0
Lugo,2014,10,6,20.17,9.64,0
Lugo,2014,10,7,23.09,9.02,0
Lugo,2014,10,8,26.98,14.03,0
Lugo,2014,10,9,24.26,12.34,0
Lugo,2014,10,10,25.32,16.36,0
Lugo,2014,10,11,27.73,16.71,10.1
Lugo,2014,10,12,23.35,14.5,6.2
Lugo,2014,10,13,26.24,16.44,6.2
Lugo,2014,10,14,24.65,14.3,2.9
Lugo,2014,10,15,19.67,15.83,9.2
Lugo,2014,10,16,25.44,14.57,0
Lugo,2014,10,17,26.99,16.04,0
Lugo,2014,10,18,25.03,15.26,0
Lugo,2014,10,19,23.75,14.5,0
Lugo,2014,10,20,22.72,14.61,0
Lugo,2014,10,21,25.34,15.45,0
Lugo,2014,10,22,20.07,11.39,0
Lugo,2014,10,23,17.23,10.34,0
Lugo,2014,10,24,22.28,9.55,0
Lugo,2014,10,25,18.05,6.9,0
Lugo,2014,10,26,18.67,6.21,0
Lugo,2014,10,27,15.81,5.1,0
Lugo,2014,10,28,15.58,6.18,0
Lugo,2014,10,29,16.32,3.56,0
Lugo,2014,10,30,16.07,2.35,0
Lugo,2014,10,31,16.06,2.44,0
Lugo,2014,11,1,18.68,2.52,0
Lugo,2014,11,2,20.58,2.7,0
Lugo,2014,11,3,21.55,3.01,0
Lugo,2014,11,4,22.9,7.14,0
Lugo,2014,11,5,20.19,14.22,9.1
Lugo,2014,11,6,17.07,13.1,9.7
Lugo,2014,11,7,14.28,12.14,0
Lugo,2014,11,8,15.83,12.42,1.7
Lugo,2014,11,9,17.01,12.23,0
Lugo,2014,11,10,16.3,12.2,4
Lugo,2014,11,11,18.4,10.5,1.9
Lugo,2014,11,12,18.58,11.11,0
Lugo,2014,11,13,15.36,11.1,0
Lugo,2014,11,14,17.04,9.29,0
Lugo,2014,11,15,16.75,8.19,1.2
Lugo,2014,11,16,16.33,8.99,0
Lugo,2014,11,17,12.43,6.42,18.1
Lugo,2014,11,18,14.11,6.03,0
Lugo,2014,11,19,13.53,4.31,0
Lugo,2014,11,20,13.35,1.66,0
Lugo,2014,11,21,11.38,1.09,0
Lugo,2014,11,22,12.67,7.02,0
Lugo,2014,11,23,13.55,7.73,0
Lugo,2014,11,24,14.61,5.76,0
Lugo,2014,11,25,11.22,6.75,0
Lugo,2014,11,26,10.47,7.07,10.6
Lugo,2014,11,27,8.45,6.9,4.3
Lugo,2014,11,28,9.48,7.25,1.3
Lugo,2014,11,29,12.46,8.78,0
Lugo,2014,11,30,12.03,10.8,2
Lugo,2014,12,1,14.9,10.21,3.4
Lugo,2014,12,2,10.9,9.19,3.3
Lugo,2014,12,3,10.2,7.24,14.2
Lugo,2014,12,4,10.34,7.13,8.2
Lugo,2014,12,5,9.47,7.67,10.4
Lugo,2014,12,6,11.75,8.32,0.8
Lugo,2014,12,7,10.53,7.69,9.5
Lugo,2014,12,8,10.54,3.47,0
Lugo,2014,12,9,11.24,2.68,0
Lugo,2014,12,10,10.21,0.42,0
Lugo,2014,12,11,9.46,-0.51,0
Lugo,2014,12,12,9.79,-1.54,0
Lugo,2014,12,13,8.69,0.05,0
Lugo,2014,12,14,8.62,3.04,0
Lugo,2014,12,15,8.4,5.56,0
Lugo,2014,12,16,9.21,6.16,2.9
Lugo,2014,12,17,11.55,6.77,0.6
Lugo,2014,12,18,8.41,3.46,0
Lugo,2014,12,19,5.69,3.22,0
Lugo,2014,12,20,7.9,1.6,0
Lugo,2014,12,21,5.61,3.55,0
Lugo,2014,12,22,4.35,2.25,0
Lugo,2014,12,23,3.65,1.45,0
Lugo,2014,12,24,4.24,0.86,0
Lugo,2014,12,25,9.61,2.37,0
Lugo,2014,12,26,7.89,-1.79,0
Lugo,2014,12,27,5.8,-4.03,13.9
Lugo,2014,12,28,4.36,-0.38,7.9
Lugo,2014,12,29,6.3,-2.81,0
Lugo,2014,12,30,4.91,-4.63,0
Lugo,2014,12,31,2.66,-3.52,1.4
Lugo,2015,1,1,4.53,-4.15,0
Lugo,2015,1,2,6.87,-1.7,0
Lugo,2015,1,3,9.45,-1.52,0
Lugo,2015,1,4,11.07,-1.1,0
Lugo,2015,1,5,13.78,-2.19,0
Lugo,2015,1,6,8.83,-1.65,0
Lugo,2015,1,7,8.04,-1.45,0
Lugo,2015,1,8,9.32,-0.27,0
Lugo,2015,1,9,9,-0.85,0
Lugo,2015,1,10,7.79,-1.18,0
Lugo,2015,1,11,5.51,-1.37,0
Lugo,2015,1,12,15.08,0.12,0
Lugo,2015,1,13,12.02,-2.37,0
Lugo,2015,1,14,10.86,-0.07,0
Lugo,2015,1,15,10.78,-1.81,0
Lugo,2015,1,16,14,1.9,0
Lugo,2015,1,17,14.3,7.46,0
Lugo,2015,1,18,13.41,0.37,0
Lugo,2015,1,19,9.57,-1.31,0
Lugo,2015,1,20,4.98,1.61,1.9
Lugo,2015,1,21,7.02,3.75,2.5
Lugo,2015,1,22,7.14,4.33,2.8
Lugo,2015,1,23,9.86,3.68,0
Lugo,2015,1,24,11.11,4.76,0
Lugo,2015,1,25,10.66,3.14,0
Lugo,2015,1,26,9.86,-1.62,0
Lugo,2015,1,27,6.84,-2.71,0
Lugo,2015,1,28,9.95,-3.15,0
Lugo,2015,1,29,8.73,-1.9,0
Lugo,2015,1,30,6.15,-0.57,2.5
Lugo,2015,1,31,9.1,-4.66,0
Lugo,2015,2,1,8.17,-1.12,6.1
Lugo,2015,2,2,8.88,-2.93,0
Lugo,2015,2,3,8.57,-2.49,0
Lugo,2015,2,4,6.18,3.78,4.4
Lugo,2015,2,5,6.87,2.54,37.1
Lugo,2015,2,6,6.36,1.36,67.6
Lugo,2015,2,7,4.66,0.29,3.9
Lugo,2015,2,8,6.28,-1.51,0
Lugo,2015,2,9,8.41,-2.45,0
Lugo,2015,2,10,11.81,-2.28,0
Lugo,2015,2,11,10.29,-0.79,0
Lugo,2015,2,12,9.79,-1.2,0
Lugo,2015,2,13,8.92,0.77,0
Lugo,2015,2,14,12.31,3.33,0
Lugo,2015,2,15,11.76,2.39,0
Lugo,2015,2,16,11.45,5.78,3.6
Lugo,2015,2,17,11.84,2.86,0
Lugo,2015,2,18,10.77,-0.51,0
Lugo,2015,2,19,12.69,-2.17,0
Lugo,2015,2,20,12.25,-2.76,0
Lugo,2015,2,21,14.63,-0.51,0
Lugo,2015,2,22,8.33,6.26,5.4
Lugo,2015,2,23,11.64,5.77,0
Lugo,2015,2,24,10.48,5.11,14.8
Lugo,2015,2,25,10.01,5.58,7.6
Lugo,2015,2,26,11.83,5.46,0
Lugo,2015,2,27,13.27,4.27,0
Lugo,2015,2,28,10.39,2.11,0
Lugo,2015,3,1,15.47,0.37,0
Lugo,2015,3,2,13.63,5.72,0
Lugo,2015,3,3,12.72,1.76,0
Lugo,2015,3,4,11.31,2.8,21
Lugo,2015,3,5,7.3,3.62,6.8
Lugo,2015,3,6,11.83,1.46,0
Lugo,2015,3,7,12.13,-0.48,0
Lugo,2015,3,8,11.94,0.5,0
Lugo,2015,3,9,11.65,-0.75,0
Lugo,2015,3,10,14.16,-0.45,0
Lugo,2015,3,11,18.53,0.31,0
Lugo,2015,3,12,14.16,1.71,0
Lugo,2015,3,13,14.42,-1.04,0
Lugo,2015,3,14,14.17,-0.05,0
Lugo,2015,3,15,13.75,6.32,7.5
Lugo,2015,3,16,11.18,8.55,22.9
Lugo,2015,3,17,14.3,6.28,22.6
Lugo,2015,3,18,13.72,4.37,0
Lugo,2015,3,19,16.39,1.73,0
Lugo,2015,3,20,15.62,1.25,0
Lugo,2015,3,21,16.25,4.12,0
Lugo,2015,3,22,14.34,8.27,0
Lugo,2015,3,23,17.14,5.55,0
Lugo,2015,3,24,15.92,3.13,0
Lugo,2015,3,25,12.52,10.43,20.4
Lugo,2015,3,26,15.16,9.78,10
Lugo,2015,3,27,13.21,7.63,13
Lugo,2015,3,28,17.78,4.08,0
Lugo,2015,3,29,18.19,2.91,0
Lugo,2015,3,30,21.85,7.77,0
Lugo,2015,3,31,23.29,6.4,0
Lugo,2015,4,1,19.67,5.3,0
Lugo,2015,4,2,20.65,1.82,0
Lugo,2015,4,3,15.58,7.43,0
Lugo,2015,4,4,8.94,5.89,12.6
Lugo,2015,4,5,11.78,6.72,7.5
Lugo,2015,4,6,12.66,4.13,0
Lugo,2015,4,7,14.03,1.48,0
Lugo,2015,4,8,19.78,-0.18,0
Lugo,2015,4,9,17.32,0.86,0
Lugo,2015,4,10,18.78,1.65,0
Lugo,2015,4,11,22.23,5.56,0
Lugo,2015,4,12,21.48,6.74,0
Lugo,2015,4,13,26.33,6.11,0
Lugo,2015,4,14,22.59,8.79,0
Lugo,2015,4,15,24.32,6.33,0
Lugo,2015,4,16,26.78,7.27,0
Lugo,2015,4,17,21,11.7,2.6
Lugo,2015,4,18,20.65,8.66,12.1
Lugo,2015,4,19,15.01,3.73,0
Lugo,2015,4,20,20.66,2.31,0
Lugo,2015,4,21,24.83,4.77,0
Lugo,2015,4,22,27.27,6.32,0
Lugo,2015,4,23,24.11,8.79,0
Lugo,2015,4,24,21.98,7.75,0
Lugo,2015,4,25,20.02,7.68,0
Lugo,2015,4,26,24.08,10.24,1.9
Lugo,2015,4,27,19.95,11.25,1.8
Lugo,2015,4,28,19.48,11.99,17.3
Lugo,2015,4,29,20.11,11.75,2.5
Lugo,2015,4,30,21.28,10.6,1
Lugo,2015,5,1,22.93,10.22,0
Lugo,2015,5,2,25.84,13.62,0
Lugo,2015,5,3,24.86,13.7,0
Lugo,2015,5,4,25.01,14.07,0
Lugo,2015,5,5,24,14.54,0
Lugo,2015,5,6,22.19,13.63,0
Lugo,2015,5,7,26.6,12.25,0
Lugo,2015,5,8,27.03,12.81,0
Lugo,2015,5,9,26.61,13.21,0
Lugo,2015,5,10,27.73,12.72,0
Lugo,2015,5,11,27.99,10.51,0
Lugo,2015,5,12,27.2,10.8,0
Lugo,2015,5,13,30.43,12.04,0
Lugo,2015,5,14,30.49,16.29,0
Lugo,2015,5,15,22.11,16.15,3.3
Lugo,2015,5,16,21.51,13.64,0
Lugo,2015,5,17,27.07,13.18,0
Lugo,2015,5,18,28.89,11.34,0
Lugo,2015,5,19,30.06,12.79,0
Lugo,2015,5,20,22.86,12.71,3.8
Lugo,2015,5,21,22.79,10.15,6.9
Lugo,2015,5,22,14.41,10.81,38.8
Lugo,2015,5,23,15.15,11.79,26
Lugo,2015,5,24,21.32,11.16,11.6
Lugo,2015,5,25,26.7,9.51,0
Lugo,2015,5,26,20.91,13.58,13.3
Lugo,2015,5,27,21,10.92,5.8
Lugo,2015,5,28,22.86,8.53,0
Lugo,2015,5,29,24.22,9.15,0
Lugo,2015,5,30,26.02,11.26,0
Lugo,2015,5,31,25.28,12.57,0
Lugo,2015,6,1,28.53,13.16,0
Lugo,2015,6,2,30.26,13.33,0
Lugo,2015,6,3,32.63,13.82,0
Lugo,2015,6,4,32.86,16.62,0
Lugo,2015,6,5,32.35,17.07,0
Lugo,2015,6,6,33.13,16.1,0
Lugo,2015,6,7,32.4,15.99,0
Lugo,2015,6,8,32.03,16.46,0
Lugo,2015,6,9,32.39,16.31,0
Lugo,2015,6,10,29.6,16.2,0
Lugo,2015,6,11,32.42,15.41,0
Lugo,2015,6,12,33.84,17.19,0
Lugo,2015,6,13,34.05,18.46,0
Lugo,2015,6,14,31.57,16.56,1.9
Lugo,2015,6,15,30.64,14.89,0
Lugo,2015,6,16,31.38,14.67,0
Lugo,2015,6,17,24.49,14.81,8.1
Lugo,2015,6,18,26.82,13.44,0
Lugo,2015,6,19,28.09,13.5,3.1
Lugo,2015,6,20,26.44,14.44,6.5
Lugo,2015,6,21,25.63,12.84,0
Lugo,2015,6,22,30.21,10.77,0
Lugo,2015,6,23,30.77,17.02,0
Lugo,2015,6,24,24.72,12.61,7.2
Lugo,2015,6,25,26.68,11.11,0
Lugo,2015,6,26,29.83,12.39,0
Lugo,2015,6,27,31.88,13.86,0
Lugo,2015,6,28,30.39,15.96,0
Lugo,2015,6,29,29.99,14.4,0
Lugo,2015,6,30,30.79,15.66,0
Lugo,2015,7,1,32.19,14.88,0
Lugo,2015,7,2,33.68,16.71,0
Lugo,2015,7,3,34.22,18.29,0
Lugo,2015,7,4,35.2,17.39,0
Lugo,2015,7,5,34.78,18.59,0
Lugo,2015,7,6,36.35,21,0
Lugo,2015,7,7,36.47,22.22,0
Lugo,2015,7,8,37.21,22.46,0
Lugo,2015,7,9,29.7,18.14,0
Lugo,2015,7,10,29.16,15.51,0
Lugo,2015,7,11,32.46,13.39,0
Lugo,2015,7,12,33.8,17.18,0
Lugo,2015,7,13,33.27,19.45,0
Lugo,2015,7,14,33.16,20.29,0
Lugo,2015,7,15,33.76,19.97,0
Lugo,2015,7,16,36.75,20.85,0
Lugo,2015,7,17,38.21,19.17,0
Lugo,2015,7,18,37.94,21.02,0
Lugo,2015,7,19,38.47,20.67,0
Lugo,2015,7,20,37.61,18.61,0
Lugo,2015,7,21,37.24,20.99,0
Lugo,2015,7,22,38.82,20.07,0
Lugo,2015,7,23,38.47,20.24,0
Lugo,2015,7,24,35.45,22.22,0
Lugo,2015,7,25,33.74,20.28,0
Lugo,2015,7,26,31.77,20.35,0
Lugo,2015,7,27,35.22,20.05,0
Lugo,2015,7,28,35.77,17.6,0
Lugo,2015,7,29,35.57,18.19,0
Lugo,2015,7,30,31.22,19.83,0
Lugo,2015,7,31,27.39,17.11,1.4
Lugo,2015,8,1,30.27,15.34,5.8
Lugo,2015,8,2,28.97,18.31,0
Lugo,2015,8,3,32.44,17.35,0
Lugo,2015,8,4,34.66,18.56,0
Lugo,2015,8,5,33.74,20.26,0
Lugo,2015,8,6,35.5,19.5,0
Lugo,2015,8,7,36.23,19.07,0
Lugo,2015,8,8,36.05,20.16,0
Lugo,2015,8,9,36.71,20.05,0
Lugo,2015,8,10,29.54,18.84,9.7
Lugo,2015,8,11,32.33,19.27,0
Lugo,2015,8,12,35.07,18.64,0
Lugo,2015,8,13,36.23,17.35,0
Lugo,2015,8,14,36.69,19.25,0
Lugo,2015,8,15,31.39,18.53,7.3
Lugo,2015,8,16,26.93,18.28,4.9
Lugo,2015,8,17,30.9,15.67,0
Lugo,2015,8,18,32.03,14.73,0
Lugo,2015,8,19,25.4,16.92,0
Lugo,2015,8,20,30.37,15.64,0
Lugo,2015,8,21,27.37,15.15,0
Lugo,2015,8,22,27.42,13.51,0
Lugo,2015,8,23,29.56,11.93,0
Lugo,2015,8,24,30.97,18.4,5.5
Lugo,2015,8,25,32.62,16.76,0
Lugo,2015,8,26,30.55,16.71,0
Lugo,2015,8,27,32.24,14.85,0
Lugo,2015,8,28,35.24,16.93,0
Lugo,2015,8,29,34.69,18.34,0
Lugo,2015,8,30,35.88,17.76,0
Lugo,2015,8,31,36.19,17.59,0
Lugo,2015,9,1,36.78,14.59,0
Lugo,2015,9,2,33.87,18.04,0
Lugo,2015,9,3,31.34,16.9,0
Lugo,2015,9,4,30.98,16.74,0
Lugo,2015,9,5,29.03,13.23,0
Lugo,2015,9,6,26.32,11.37,0
Lugo,2015,9,7,26.23,9.94,0
Lugo,2015,9,8,25.48,9.05,0
Lugo,2015,9,9,25.02,9,0
Lugo,2015,9,10,24.86,9.61,0
Lugo,2015,9,11,26.41,8.11,0
Lugo,2015,9,12,28.84,10.08,0
Lugo,2015,9,13,24.33,12.21,3.4
Lugo,2015,9,14,29.48,16.99,3.2
Lugo,2015,9,15,28.42,17.43,0
Lugo,2015,9,16,33.19,15.78,0
Lugo,2015,9,17,33.56,19.95,0
Lugo,2015,9,18,31.14,17.19,0
Lugo,2015,9,19,28.84,12.66,0
Lugo,2015,9,20,26.22,13.41,0
Lugo,2015,9,21,26.44,10.62,0
Lugo,2015,9,22,26.3,7.99,0
Lugo,2015,9,23,22.48,13.38,3.5
Lugo,2015,9,24,16.14,12.43,8.9
Lugo,2015,9,25,20.77,12.65,0
Lugo,2015,9,26,23.09,9.87,0
Lugo,2015,9,27,21.65,11.68,0
Lugo,2015,9,28,21.55,12.77,0
Lugo,2015,9,29,20.26,9.43,0
Lugo,2015,9,30,20.5,11.2,0
Lugo,2015,10,1,14.17,11.01,6.5
Lugo,2015,10,2,16.14,11.57,3.3
Lugo,2015,10,3,23.63,13.01,0
Lugo,2015,10,4,24.35,13.22,3.1
Lugo,2015,10,5,23.69,14.62,0
Lugo,2015,10,6,18.1,15.85,1.8
Lugo,2015,10,7,22.19,14.08,0
Lugo,2015,10,8,23.09,9.75,0
Lugo,2015,10,9,22.11,8.26,0
Lugo,2015,10,10,16.79,13.3,12.6
Lugo,2015,10,11,22.69,10.7,0
Lugo,2015,10,12,23.45,7.03,0
Lugo,2015,10,13,16.82,14.13,14.6
Lugo,2015,10,14,16.94,14.27,17.5
Lugo,2015,10,15,19.83,11.41,9.2
Lugo,2015,10,16,16.83,7.75,3.1
Lugo,2015,10,17,17.8,7.08,0
Lugo,2015,10,18,14.11,7.34,5.3
Lugo,2015,10,19,16.21,7.11,2.6
Lugo,2015,10,20,17.35,4.67,0
Lugo,2015,10,21,17.07,4.84,0
Lugo,2015,10,22,17.01,4.73,0
Lugo,2015,10,23,18.12,4.97,0
Lugo,2015,10,24,20.06,4,0
Lugo,2015,10,25,17.53,3.95,0
Lugo,2015,10,26,17.42,4.14,0
Lugo,2015,10,27,17.66,4.02,0
Lugo,2015,10,28,12.77,7.99,8.5
Lugo,2015,10,29,15.24,10.94,9.1
Lugo,2015,10,30,18.06,6.24,0
Lugo,2015,10,31,18.38,5.62,0
Lugo,2015,11,1,17.22,3.79,0
Lugo,2015,11,2,16.46,3.11,0
Lugo,2015,11,3,17.84,2.12,0
Lugo,2015,11,4,17.11,5.71,0
Lugo,2015,11,5,19.67,4.06,0
Lugo,2015,11,6,19.5,5,0
Lugo,2015,11,7,21.17,4.1,0
Lugo,2015,11,8,21.58,4.5,0
Lugo,2015,11,9,20.49,3.66,0
Lugo,2015,11,10,21.43,4.95,0
Lugo,2015,11,11,17.53,7.68,0
Lugo,2015,11,12,18.86,3.78,0
Lugo,2015,11,13,10.79,7.75,0
Lugo,2015,11,14,10.85,6.76,0
Lugo,2015,11,15,11.47,6.7,0
Lugo,2015,11,16,11.89,8.74,0
Lugo,2015,11,17,12,8.68,0
Lugo,2015,11,18,10.85,9.18,0
Lugo,2015,11,19,13.48,6.05,0
Lugo,2015,11,20,12.18,5.85,0
Lugo,2015,11,21,9.45,5.68,30
Lugo,2015,11,22,12.25,0.05,11.5
Lugo,2015,11,23,8.45,-0.36,3.1
Lugo,2015,11,24,9.15,-1,0
Lugo,2015,11,25,7.19,-1.75,0
Lugo,2015,11,26,7.01,1.37,0
Lugo,2015,11,27,11.36,1.1,0
Lugo,2015,11,28,8.54,-1.45,0
Lugo,2015,11,29,9.32,-2.92,0
Lugo,2015,11,30,12.15,-2.64,0
Lugo,2015,12,1,12.13,-1.39,0
Lugo,2015,12,2,11.27,-1.18,0
Lugo,2015,12,3,8.05,-0.99,0
Lugo,2015,12,4,6.26,1.66,0
Lugo,2015,12,5,7.88,4.44,0
Lugo,2015,12,6,6.14,4.1,0
Lugo,2015,12,7,6.35,4.18,0
Lugo,2015,12,8,10.48,2.37,0
Lugo,2015,12,9,5.31,2.28,0
Lugo,2015,12,10,5.41,1.76,0
Lugo,2015,12,11,7.38,-0.54,0
Lugo,2015,12,12,6.74,-1.71,0
Lugo,2015,12,13,5.57,-1.66,0
Lugo,2015,12,14,8.53,-0.68,0
Lugo,2015,12,15,9.43,-2.12,0
Lugo,2015,12,16,9.6,-0.55,0
Lugo,2015,12,17,11.74,-1.7,0
Lugo,2015,12,18,12.54,-1.79,0
Lugo,2015,12,19,12.04,-0.81,0
Lugo,2015,12,20,12.99,-1.22,0
Lugo,2015,12,21,7.55,5.16,0
Lugo,2015,12,22,7.69,3.96,0
Lugo,2015,12,23,6.58,4.09,0
Lugo,2015,12,24,7.54,4.31,0
Lugo,2015,12,25,9.1,4.35,0
Lugo,2015,12,26,6.92,5.36,0
Lugo,2015,12,27,5.28,3.12,0
Lugo,2015,12,28,4.54,1.63,0
Lugo,2015,12,29,7.94,0.15,0
Lugo,2015,12,30,6.13,-0.7,0
Lugo,2015,12,31,7.08,-1.95,0
Lugo,2016,1,1,9.08,-2.87,0
Lugo,2016,1,2,2.65,-0.88,6.9
Lugo,2016,1,3,4.32,-0.47,1.9
Lugo,2016,1,4,3.22,0.21,3
Lugo,2016,1,5,3.79,2.75,0.7
Lugo,2016,1,6,6.38,-0.33,7.1
Lugo,2016,1,7,8.91,-2.19,0
Lugo,2016,1,8,8.29,1.71,0
Lugo,2016,1,9,6.19,2.49,1.3
Lugo,2016,1,10,13.72,2.56,2.1
Lugo,2016,1,11,17.9,5.97,0
Lugo,2016,1,12,16.11,5.33,0
Lugo,2016,1,13,13.32,1.37,0
Lugo,2016,1,14,7.65,-0.41,4.7
Lugo,2016,1,15,9.37,-1.91,0
Lugo,2016,1,16,9.1,-2.43,0
Lugo,2016,1,17,8.45,-3.81,0
Lugo,2016,1,18,6.85,-4.76,0
Lugo,2016,1,19,6.02,-6.96,0
Lugo,2016,1,20,6.17,-6.36,0
Lugo,2016,1,21,6.59,-7.2,0
Lugo,2016,1,22,6.47,-2.71,0
Lugo,2016,1,23,7.37,-3.98,0
Lugo,2016,1,24,10.48,-5.78,0
Lugo,2016,1,25,13.63,-4.88,0
Lugo,2016,1,26,16.27,-2.67,0
Lugo,2016,1,27,14.48,-1.92,0
Lugo,2016,1,28,12.91,-0.08,0
Lugo,2016,1,29,12.99,-0.22,0
Lugo,2016,1,30,15.43,5.48,0
Lugo,2016,1,31,17.07,4.94,0
Lugo,2016,2,1,8.85,3.23,0
Lugo,2016,2,2,8.15,6.34,0
Lugo,2016,2,3,13.43,5.47,8.6
Lugo,2016,2,4,12.72,-0.32,0
Lugo,2016,2,5,13.19,-1.52,0
Lugo,2016,2,6,12.05,0.07,0
Lugo,2016,2,7,12.33,4.56,0
Lugo,2016,2,8,13.62,3.92,0
Lugo,2016,2,9,17.66,1.55,0
Lugo,2016,2,10,14.4,3.95,3.8
Lugo,2016,2,11,11.42,-2.28,0
Lugo,2016,2,12,10.29,3.42,10.6
Lugo,2016,2,13,10.79,1.74,0
Lugo,2016,2,14,7.08,4.6,11.6
Lugo,2016,2,15,7.73,5.95,15.7
Lugo,2016,2,16,10.5,5.82,20
Lugo,2016,2,17,9.35,4.99,11.3
Lugo,2016,2,18,11.68,5.58,0
Lugo,2016,2,19,15.32,1.88,0
Lugo,2016,2,20,13.37,2.54,0
Lugo,2016,2,21,17.29,0.98,0
Lugo,2016,2,22,13.53,2.13,0
Lugo,2016,2,23,15.21,5.65,5.1
Lugo,2016,2,24,11.48,4.05,0
Lugo,2016,2,25,8.84,6.94,3.7
Lugo,2016,2,26,9.27,5.69,0
Lugo,2016,2,27,10.04,5.56,8.8
Lugo,2016,2,28,12.37,8.02,17.9
Lugo,2016,2,29,14.21,7.98,15
Lugo,2016,3,1,14.41,4.66,0.6
Lugo,2016,3,2,15.77,3.31,0
Lugo,2016,3,3,12.27,2.3,17.9
Lugo,2016,3,4,14.69,1.05,0
Lugo,2016,3,5,15.08,4.65,11.5
Lugo,2016,3,6,10.71,1.14,2.8
Lugo,2016,3,7,9.09,3.43,0
Lugo,2016,3,8,7.96,3.26,6.6
Lugo,2016,3,9,8.28,5.11,10.4
Lugo,2016,3,10,13.44,4.17,0.7
Lugo,2016,3,11,11.67,7.34,2.4
Lugo,2016,3,12,14.55,7.67,0
Lugo,2016,3,13,13.1,8.98,0
Lugo,2016,3,14,12.29,2.7,0
Lugo,2016,3,15,15.16,-0.5,0
Lugo,2016,3,16,9.57,7.06,0
Lugo,2016,3,17,13.33,3.26,0
Lugo,2016,3,18,17.83,1.33,0
Lugo,2016,3,19,20.76,0.96,0
Lugo,2016,3,20,20.6,3.49,0
Lugo,2016,3,21,15.87,9.94,0
Lugo,2016,3,22,14.52,9.8,0
Lugo,2016,3,23,11.87,8.21,0
Lugo,2016,3,24,16.16,1.44,0
Lugo,2016,3,25,17.71,2.36,0
Lugo,2016,3,26,18.27,4.51,0
Lugo,2016,3,27,19.74,1.22,0
Lugo,2016,3,28,20.1,9.8,0
Lugo,2016,3,29,22.79,4.8,0
Lugo,2016,3,30,23.56,8.1,0
Lugo,2016,3,31,20.08,7.17,0
Lugo,2016,4,1,18.75,10.91,0
Lugo,2016,4,2,16.68,7.84,0
Lugo,2016,4,3,19.69,6,0
Lugo,2016,4,4,16.95,10.97,0
Lugo,2016,4,5,20.23,8.6,0
Lugo,2016,4,6,21.48,8.04,0
Lugo,2016,4,7,15.76,10.64,0
Lugo,2016,4,8,15.42,11.45,2.1
Lugo,2016,4,9,19.19,8.37,2.7
Lugo,2016,4,10,21.88,7.29,0
Lugo,2016,4,11,24.97,7.78,0
Lugo,2016,4,12,24.88,9.5,0
Lugo,2016,4,13,23.17,10.36,0
Lugo,2016,4,14,22.13,9.31,0
Lugo,2016,4,15,24.99,5.63,0
Lugo,2016,4,16,26.82,9.89,0
Lugo,2016,4,17,26.65,15.18,0
Lugo,2016,4,18,24.74,10.71,0
Lugo,2016,4,19,19.37,7.01,1.9
Lugo,2016,4,20,20.39,4.56,0
Lugo,2016,4,21,21.85,3.05,0
Lugo,2016,4,22,23.52,9.23,0
Lugo,2016,4,23,21.54,11,15.7
Lugo,2016,4,24,13.16,8.54,22.7
Lugo,2016,4,25,14.59,4.65,0
Lugo,2016,4,26,18.12,1.89,0
Lugo,2016,4,27,20.62,5.45,0
Lugo,2016,4,28,18.2,5.13,0
Lugo,2016,4,29,19.6,5.98,0
Lugo,2016,4,30,19.89,3.53,8.5
Lugo,2016,5,1,15.61,11.35,5.5
Lugo,2016,5,2,18.77,10.76,8.6
Lugo,2016,5,3,24.34,10.28,7.2
Lugo,2016,5,4,23.86,10.74,0
Lugo,2016,5,5,20.52,8.78,0
Lugo,2016,5,6,24.15,7.81,0
Lugo,2016,5,7,23.23,6.7,0
Lugo,2016,5,8,22.79,10.66,0
Lugo,2016,5,9,21.37,13.74,0
Lugo,2016,5,10,25.1,14.54,0
Lugo,2016,5,11,19.59,14.94,3
Lugo,2016,5,12,23.78,14.61,7
Lugo,2016,5,13,20.52,13.24,1.7
Lugo,2016,5,14,24.3,13.19,7.6
Lugo,2016,5,15,21.67,11.44,4.2
Lugo,2016,5,16,19.82,9.66,0
Lugo,2016,5,17,21.71,7.92,0
Lugo,2016,5,18,24.05,6.74,0
Lugo,2016,5,19,23.83,10.36,4.4
Lugo,2016,5,20,23.86,10.77,0
Lugo,2016,5,21,27.08,9.34,0
Lugo,2016,5,22,27.04,8.57,0
Lugo,2016,5,23,23.49,11.29,2.3
Lugo,2016,5,24,24.62,10.07,0
Lugo,2016,5,25,26.5,8.52,0
Lugo,2016,5,26,28.15,10.76,0
Lugo,2016,5,27,27.03,11.03,0
Lugo,2016,5,28,29.89,12.85,0
Lugo,2016,5,29,23.63,15.89,5.5
Lugo,2016,5,30,25.23,14.34,0
Lugo,2016,5,31,26.09,12.02,0
Lugo,2016,6,1,25.34,12.55,0
Lugo,2016,6,2,25.14,14.61,0
Lugo,2016,6,3,25.44,14,0
Lugo,2016,6,4,26.91,12.72,0
Lugo,2016,6,5,27.24,15.54,2.2
Lugo,2016,6,6,25.77,14.8,0
Lugo,2016,6,7,29.48,13.65,0
Lugo,2016,6,8,29.97,12.23,2.6
Lugo,2016,6,9,21.5,16.25,23.6
Lugo,2016,6,10,25.68,15.84,13
Lugo,2016,6,11,27.67,14.31,0
Lugo,2016,6,12,25.37,14.33,5.6
Lugo,2016,6,13,27.87,14.15,0
Lugo,2016,6,14,25.63,13.82,7.8
Lugo,2016,6,15,27.13,15.37,0
Lugo,2016,6,16,28.56,16.8,0
Lugo,2016,6,17,26.75,12.64,0
Lugo,2016,6,18,27.56,10.54,0
Lugo,2016,6,19,22.09,15.7,6.1
Lugo,2016,6,20,26.81,13.82,0
Lugo,2016,6,21,29.31,12.31,0
Lugo,2016,6,22,30.47,14.14,0
Lugo,2016,6,23,33,0.64,0
Lugo,2016,6,24,34.88,18.89,0
Lugo,2016,6,25,35.89,20.26,0
Lugo,2016,6,26,34.12,18.72,0
Lugo,2016,6,27,30.59,15.1,0
Lugo,2016,6,28,30.36,16.2,0
Lugo,2016,6,29,31.93,15,0
Lugo,2016,6,30,34.66,18.47,0
Lugo,2016,7,1,32.89,19.44,0
Lugo,2016,7,2,35.41,18.34,0
Lugo,2016,7,3,33.21,20.19,0
Lugo,2016,7,4,30.46,18.36,0
Lugo,2016,7,5,33.39,16.27,0
Lugo,2016,7,6,33.16,20.11,0
Lugo,2016,7,7,32.7,18.69,0
Lugo,2016,7,8,32.4,18.91,0
Lugo,2016,7,9,35.09,18.2,0
Lugo,2016,7,10,34.93,20.34,0
Lugo,2016,7,11,35.93,20.38,0
Lugo,2016,7,12,37.26,19.71,0
Lugo,2016,7,13,32.51,17.59,0
Lugo,2016,7,14,28.07,15.78,0
Lugo,2016,7,15,23.75,15.15,3.8
Lugo,2016,7,16,28.08,13.26,0
Lugo,2016,7,17,32.93,12.44,0
Lugo,2016,7,18,35.59,15.13,0
Lugo,2016,7,19,34.15,16.33,0
Lugo,2016,7,20,35.85,17.44,0
Lugo,2016,7,21,35.45,18.28,0
Lugo,2016,7,22,36,17.96,0
Lugo,2016,7,23,29.95,18.54,0
Lugo,2016,7,24,27.38,19.41,0.6
Lugo,2016,7,25,32.22,17.52,0
Lugo,2016,7,26,33.84,18.56,0
Lugo,2016,7,27,33.41,18.86,0
Lugo,2016,7,28,31.79,18.87,0
Lugo,2016,7,29,33.35,17.85,0
Lugo,2016,7,30,35.68,17.71,0
Lugo,2016,7,31,36.26,18.92,0
Lugo,2016,8,1,30.09,19.17,0
Lugo,2016,8,2,31.51,17.5,0
Lugo,2016,8,3,32.8,16.44,0
Lugo,2016,8,4,34.54,17.66,0
Lugo,2016,8,5,29.17,18.66,0
Lugo,2016,8,6,28.07,16.86,4.4
Lugo,2016,8,7,29.87,15.95,0
Lugo,2016,8,8,30.32,14.59,0
Lugo,2016,8,9,33.53,14.31,0
Lugo,2016,8,10,25.49,16.9,0
Lugo,2016,8,11,25.96,13.3,18.2
Lugo,2016,8,12,27.21,11.58,0
Lugo,2016,8,13,29.39,11.88,0
Lugo,2016,8,14,32.68,13.22,0
Lugo,2016,8,15,33.51,14.31,0
Lugo,2016,8,16,33.84,17.11,0
Lugo,2016,8,17,33.35,18.07,5.3
Lugo,2016,8,18,30.53,17.54,1.2
Lugo,2016,8,19,30.75,20.07,0
Lugo,2016,8,20,32.14,19,0
Lugo,2016,8,21,30.31,19.25,5.3
Lugo,2016,8,22,27.57,14.3,0
Lugo,2016,8,23,28.86,13.02,0
Lugo,2016,8,24,30.5,14.39,0
Lugo,2016,8,25,29.58,15.35,0
Lugo,2016,8,26,30.33,15.14,0
Lugo,2016,8,27,31.89,13.91,0
Lugo,2016,8,28,33.96,15.46,0
Lugo,2016,8,29,34.1,16.37,0
Lugo,2016,8,30,30.15,19.45,0
Lugo,2016,8,31,30.11,17.28,0
Lugo,2016,9,1,32.41,15.34,0
Lugo,2016,9,2,33.34,16.25,0
Lugo,2016,9,3,33.3,15.42,0
Lugo,2016,9,4,33.65,16.84,0
Lugo,2016,9,5,28.1,16.76,0
Lugo,2016,9,6,28.13,13.78,4.8
Lugo,2016,9,7,27.81,17.02,0
Lugo,2016,9,8,29.07,16.8,0
Lugo,2016,9,9,30.52,16.5,0
Lugo,2016,9,10,31.04,16.53,0
Lugo,2016,9,11,30.26,17.48,0
Lugo,2016,9,12,32.12,15.99,0
Lugo,2016,9,13,31.93,15.44,0
Lugo,2016,9,14,32.17,14.48,0
Lugo,2016,9,15,30.16,16.91,0
Lugo,2016,9,16,20.54,15.39,51.1
Lugo,2016,9,17,27.72,14.73,0
Lugo,2016,9,18,25.03,14.63,0
Lugo,2016,9,19,26.29,14.1,0
Lugo,2016,9,20,27.71,12.43,0
Lugo,2016,9,21,20.22,14.29,12.8
Lugo,2016,9,22,23.48,10.75,0
Lugo,2016,9,23,24.92,8.66,0
Lugo,2016,9,24,25.19,10.15,0
Lugo,2016,9,25,25.43,9.16,0
Lugo,2016,9,26,25.52,9.75,0
Lugo,2016,9,27,25.56,9.66,0
Lugo,2016,9,28,25.8,9.98,0
Lugo,2016,9,29,26.37,9.22,0
Lugo,2016,9,30,28.19,10.89,0
Lugo,2016,10,1,27.97,10.35,2.4
Lugo,2016,10,2,23.54,15.09,6.2
Lugo,2016,10,3,22.43,10.41,0
Lugo,2016,10,4,23.04,8.41,0
Lugo,2016,10,5,21.17,8.5,14.4
Lugo,2016,10,6,18.24,9.6,0.5
Lugo,2016,10,7,19.25,7.4,0
Lugo,2016,10,8,17.42,5.92,0
Lugo,2016,10,9,17.87,11.81,8.4
Lugo,2016,10,10,15.56,7.13,3
Lugo,2016,10,11,14.76,5.83,0
Lugo,2016,10,12,18.48,4.09,0
Lugo,2016,10,13,14.94,6.01,4.4
Lugo,2016,10,14,14.89,11.12,30.7
Lugo,2016,10,15,17.73,12.53,0
Lugo,2016,10,16,20.63,10.48,0
Lugo,2016,10,17,17.45,9.61,0
Lugo,2016,10,18,19.35,9.58,0
Lugo,2016,10,19,19.49,7.36,1.4
Lugo,2016,10,20,15.95,11.03,8.2
Lugo,2016,10,21,16.28,5.54,0
Lugo,2016,10,22,17.29,3.44,0
Lugo,2016,10,23,17.91,5.98,0
Lugo,2016,10,24,13.39,11.84,0
Lugo,2016,10,25,15.19,13.04,0
Lugo,2016,10,26,16.58,12.22,0
Lugo,2016,10,27,20.01,6.8,0
Lugo,2016,10,28,18.43,6.51,0
Lugo,2016,10,29,18.81,4.1,0
Lugo,2016,10,30,19.54,4.76,0
Lugo,2016,10,31,17.22,7.37,0
Lugo,2016,11,1,16.29,8.22,0
Lugo,2016,11,2,13.85,6.48,0
Lugo,2016,11,3,15.31,6.42,0
Lugo,2016,11,4,13.89,7.41,0
Lugo,2016,11,5,16.23,7.97,5.6
Lugo,2016,11,6,21.97,9.92,5.1
Lugo,2016,11,7,17.61,6.4,0
Lugo,2016,11,8,11.06,4.32,0
Lugo,2016,11,9,13.81,4.27,3.9
Lugo,2016,11,10,12.67,3.9,0
Lugo,2016,11,11,8.9,3.38,22.2
Lugo,2016,11,12,13.18,1.99,12.4
Lugo,2016,11,13,10.97,-0.12,0
Lugo,2016,11,14,7.53,4.7,2.5
Lugo,2016,11,15,9.51,-0.41,0
Lugo,2016,11,16,11.23,-1.24,0
Lugo,2016,11,17,11.99,1.27,0
Lugo,2016,11,18,10.67,7.93,3.9
Lugo,2016,11,19,14.67,8.03,6
Lugo,2016,11,20,8.9,7.3,0
Lugo,2016,11,21,13.61,8.21,0
Lugo,2016,11,22,19.31,7.24,0
Lugo,2016,11,23,16.35,9.04,0
Lugo,2016,11,24,13.16,11.51,0
Lugo,2016,11,25,14.98,11.84,1.9
Lugo,2016,11,26,16.31,5.69,0
Lugo,2016,11,27,15.51,3.96,0
Lugo,2016,11,28,9.66,4.71,2.1
Lugo,2016,11,29,7.54,-1.13,0
Lugo,2016,11,30,8.45,-3.22,0
Lugo,2016,12,1,9.31,-2.42,0
Lugo,2016,12,2,12.03,-1.78,0
Lugo,2016,12,3,7.84,-0.26,0
Lugo,2016,12,4,7.58,5.64,1.4
Lugo,2016,12,5,8.82,5.99,0
Lugo,2016,12,6,10.36,4.59,0
Lugo,2016,12,7,5.08,2.17,0
Lugo,2016,12,8,9,0.3,0
Lugo,2016,12,9,3.28,0.32,0
Lugo,2016,12,10,3.86,-0.63,0
Lugo,2016,12,11,2.98,0.45,0
Lugo,2016,12,12,8.7,2.74,0
Lugo,2016,12,13,2.84,1.42,0
Lugo,2016,12,14,2.56,1.15,0
Lugo,2016,12,15,2.24,0.26,0
Lugo,2016,12,16,5.3,2.18,0
Lugo,2016,12,17,7.56,-2.56,0
Lugo,2016,12,18,2.95,-5.01,0
Lugo,2016,12,19,3.56,-2.28,0
Lugo,2016,12,20,7.86,3.52,19.8
Lugo,2016,12,21,10.83,0.95,2
Lugo,2016,12,22,11.54,-0.62,0
Lugo,2016,12,23,10.76,-0.44,0
Lugo,2016,12,24,10.75,-1.61,0
Lugo,2016,12,25,10.68,-1.35,0
Lugo,2016,12,26,13.2,-1.41,0
Lugo,2016,12,27,12.21,-0.91,0
Lugo,2016,12,28,13.05,-1.82,0
Lugo,2016,12,29,9.07,-1.35,0
Lugo,2016,12,30,7.39,-3.58,0
Lugo,2016,12,31,7.99,-4.45,0
Lugo,2017,1,1,7.96,-5.71,0
Lugo,2017,1,2,9.08,-4.01,0
Lugo,2017,1,3,9.53,-0.8,5.6
Lugo,2017,1,4,9.56,-3.18,0
Lugo,2017,1,5,7.91,-3.34,0
Lugo,2017,1,6,3.78,-6.67,0
Lugo,2017,1,7,3.86,-9.12,0
Lugo,2017,1,8,3.6,-6.15,0
Lugo,2017,1,9,5.34,-7.22,0
Lugo,2017,1,10,1.08,-4.26,0
Lugo,2017,1,11,3.52,-6.28,0
Lugo,2017,1,12,1.37,-6.15,0
Lugo,2017,1,13,3.42,-0.06,5.2
Lugo,2017,1,14,8.99,-3.63,0
Lugo,2017,1,15,2.2,-2.74,5.6
Lugo,2017,1,16,4.84,-1.46,0
Lugo,2017,1,17,4.47,2.06,0
Lugo,2017,1,18,6.47,0.99,0
Lugo,2017,1,19,7.29,-1.15,0
Lugo,2017,1,20,6.02,-2.41,0
Lugo,2017,1,21,5.38,-1.43,0
Lugo,2017,1,22,4.92,-2.41,0
Lugo,2017,1,23,5.53,2.07,0
Lugo,2017,1,24,11.59,-0.67,0
Lugo,2017,1,25,7.46,-2.45,0
Lugo,2017,1,26,6.88,-3.69,0
Lugo,2017,1,27,7.31,-5.6,0
Lugo,2017,1,28,6.72,-4.26,0
Lugo,2017,1,29,9.19,-3.51,0
Lugo,2017,1,30,9.2,-4.62,0
Lugo,2017,1,31,8.43,0.67,0
Lugo,2017,2,1,9.96,3.35,0
Lugo,2017,2,2,8.18,3.92,2.4
Lugo,2017,2,3,18.31,4.6,1.5
Lugo,2017,2,4,10.48,4.1,4.6
Lugo,2017,2,5,8,1.11,15.7
Lugo,2017,2,6,9.42,5.29,9.9
Lugo,2017,2,7,12.78,1.82,0
Lugo,2017,2,8,9.61,0.41,0
Lugo,2017,2,9,6.32,0.3,0
Lugo,2017,2,10,6.87,3.31,0
Lugo,2017,2,11,8.17,5.04,0
Lugo,2017,2,12,10.58,5.4,0
Lugo,2017,2,13,9.19,6.77,0
Lugo,2017,2,14,11.47,1.46,0
Lugo,2017,2,15,14.75,-0.82,0
Lugo,2017,2,16,16.11,-0.59,0
Lugo,2017,2,17,15.63,0.44,3.7
Lugo,2017,2,18,13.75,0.58,0
Lugo,2017,2,19,12.5,-1.58,0
Lugo,2017,2,20,9.77,-0.81,0
Lugo,2017,2,21,12.58,-1.53,0
Lugo,2017,2,22,12.08,4.17,0
Lugo,2017,2,23,12.12,1.52,0
Lugo,2017,2,24,14.31,3.94,8.5
Lugo,2017,2,25,12.38,0.59,3.2
Lugo,2017,2,26,14.19,-0.77,0
Lugo,2017,2,27,14.05,-1.52,0
Lugo,2017,2,28,16.62,8.35,0
Lugo,2017,3,1,17.8,6.69,0
Lugo,2017,3,2,18.66,2.46,0
Lugo,2017,3,3,15.01,3.67,0
Lugo,2017,3,4,15.69,5.73,1.4
Lugo,2017,3,5,16.87,7.56,0
Lugo,2017,3,6,18.22,5.16,5.6
Lugo,2017,3,7,15.46,4.76,0
Lugo,2017,3,8,16.37,2.91,0
Lugo,2017,3,9,19.98,1.67,0
Lugo,2017,3,10,20.69,1.77,0
Lugo,2017,3,11,16.08,-0.74,0
Lugo,2017,3,12,15.19,1.54,0
Lugo,2017,3,13,15.47,-0.47,0
Lugo,2017,3,14,20.15,1.4,0
Lugo,2017,3,15,18.57,2.15,0
Lugo,2017,3,16,20.25,0.98,0
Lugo,2017,3,17,22.77,1.54,0
Lugo,2017,3,18,21.77,5.74,0
Lugo,2017,3,19,19.55,6.39,0
Lugo,2017,3,20,18.21,6.27,0
Lugo,2017,3,21,17.06,8.21,0
Lugo,2017,3,22,20.37,10.16,0
Lugo,2017,3,23,21.49,8.05,0
Lugo,2017,3,24,20.85,6.06,0
Lugo,2017,3,25,22.35,6.93,3.3
Lugo,2017,3,26,18.85,6.27,2.3
Lugo,2017,3,27,15.55,2.39,0
Lugo,2017,3,28,19.5,0.99,0
Lugo,2017,3,29,23.34,2.78,0
Lugo,2017,3,30,25.4,4.46,0
Lugo,2017,3,31,23.89,5.41,0
Lugo,2017,4,1,23.27,6.51,0
Lugo,2017,4,2,18.9,12.51,0
Lugo,2017,4,3,23.47,8.42,0
Lugo,2017,4,4,24.06,9.84,0
Lugo,2017,4,5,19.54,8.22,0
Lugo,2017,4,6,18.14,6.8,1.4
Lugo,2017,4,7,22.02,4.96,0
Lugo,2017,4,8,22.61,4.09,0
Lugo,2017,4,9,24.21,6.25,0
Lugo,2017,4,10,25.85,6.19,0
Lugo,2017,4,11,25,7.72,0
Lugo,2017,4,12,21.96,8.17,0
Lugo,2017,4,13,25.95,6.78,0
Lugo,2017,4,14,26.31,9.36,0
Lugo,2017,4,15,22.37,11.7,6.8
Lugo,2017,4,16,23.74,11.58,6.4
Lugo,2017,4,17,18.24,7.21,1.3
Lugo,2017,4,18,17.08,4.4,11.5
Lugo,2017,4,19,16.18,2.19,0
Lugo,2017,4,20,16.38,0.99,0
Lugo,2017,4,21,16.36,1.81,0
Lugo,2017,4,22,21.44,-0.07,0
Lugo,2017,4,23,20.81,5.56,0
Lugo,2017,4,24,21.55,8.9,0
Lugo,2017,4,25,23.2,6.19,0
Lugo,2017,4,26,21.47,12.81,0
Lugo,2017,4,27,23.66,14.25,11.6
Lugo,2017,4,28,18.32,7.18,0
Lugo,2017,4,29,18.07,4.2,0
Lugo,2017,4,30,19.69,1.99,0
Lugo,2017,5,1,20.72,4.04,0
Lugo,2017,5,2,20.58,5.27,0
Lugo,2017,5,3,21.01,10.08,0
Lugo,2017,5,4,20.11,10.67,8.5
Lugo,2017,5,5,22.2,9.68,0
Lugo,2017,5,6,18.89,8.88,10.8
Lugo,2017,5,7,15.34,10.02,1.4
Lugo,2017,5,8,21.24,8.12,0
Lugo,2017,5,9,19.1,8.79,22.2
Lugo,2017,5,10,20.04,7.15,0
Lugo,2017,5,11,21.41,11.28,0
Lugo,2017,5,12,26.89,12.58,0
Lugo,2017,5,13,27.31,13.44,0
Lugo,2017,5,14,27.66,11.17,0
Lugo,2017,5,15,24.13,13.98,3.6
Lugo,2017,5,16,26.7,12.25,0
Lugo,2017,5,17,27.86,10.43,0
Lugo,2017,5,18,27.48,10.67,0
Lugo,2017,5,19,28.23,13.24,0
Lugo,2017,5,20,20.9,13.79,3.3
Lugo,2017,5,21,26.21,12.61,0
Lugo,2017,5,22,28.22,10.89,0
Lugo,2017,5,23,29.88,13.19,0
Lugo,2017,5,24,31.24,13.75,0
Lugo,2017,5,25,24.77,12.33,0
Lugo,2017,5,26,25.86,9.91,0
Lugo,2017,5,27,28.78,11.47,0
Lugo,2017,5,28,30.29,11.99,0
Lugo,2017,5,29,30.39,11.86,0
Lugo,2017,5,30,31.74,14.13,0
Lugo,2017,5,31,31.92,15.72,0
Lugo,2017,6,1,31.74,14.88,0
Lugo,2017,6,2,32.46,13.23,0
Lugo,2017,6,3,33.24,13.89,0
Lugo,2017,6,4,31.55,13.71,0
Lugo,2017,6,5,30.68,13.72,0
Lugo,2017,6,6,29.02,16.74,0
Lugo,2017,6,7,30.16,13.81,0
Lugo,2017,6,8,26.91,10.78,0
Lugo,2017,6,9,29.69,7.81,0
Lugo,2017,6,10,31.2,14.98,0
Lugo,2017,6,11,30.86,13.46,0
Lugo,2017,6,12,33.04,13.22,0
Lugo,2017,6,13,34.34,17.2,0
Lugo,2017,6,14,33.3,19.33,11
Lugo,2017,6,15,30.92,19.59,0
Lugo,2017,6,16,33.45,18.39,0
Lugo,2017,6,17,31.09,20.3,0
Lugo,2017,6,18,28.83,13.84,0
Lugo,2017,6,19,31.45,12.6,0
Lugo,2017,6,20,34.22,13.49,0
Lugo,2017,6,21,35.91,16.75,0
Lugo,2017,6,22,36.52,18.16,0
Lugo,2017,6,23,36.71,21.36,0
Lugo,2017,6,24,36.79,23.43,0
Lugo,2017,6,25,34.05,20.64,0
Lugo,2017,6,26,32.51,19.99,0
Lugo,2017,6,27,32.89,20.88,0
Lugo,2017,6,28,31.19,16.67,27.1
Lugo,2017,6,29,29.27,17.5,0
Lugo,2017,6,30,27.43,16.58,0
Lugo,2017,7,1,29.98,12.17,0
Lugo,2017,7,2,28.69,12.14,0
Lugo,2017,7,3,32.16,15.34,0
Lugo,2017,7,4,31.57,15.68,0
Lugo,2017,7,5,33.32,16.25,0
Lugo,2017,7,6,35.87,16.26,0
Lugo,2017,7,7,37.64,16.87,0
Lugo,2017,7,8,35.97,17.02,0
Lugo,2017,7,9,34.36,21.32,0
Lugo,2017,7,10,35.35,19.79,0
Lugo,2017,7,11,35.35,18.62,0
Lugo,2017,7,12,33.13,17.65,0
Lugo,2017,7,13,33.49,20.9,0
Lugo,2017,7,14,30.27,17.87,0
Lugo,2017,7,15,31.74,16.6,0
Lugo,2017,7,16,27.98,14.26,0
Lugo,2017,7,17,29.94,11.4,0
Lugo,2017,7,18,33.18,12.59,0
Lugo,2017,7,19,34.49,14.87,0
Lugo,2017,7,20,34.27,19.88,0
Lugo,2017,7,21,34.28,17.95,0
Lugo,2017,7,22,35.07,18.3,0
Lugo,2017,7,23,36.99,20.56,0
Lugo,2017,7,24,34.03,18.8,0
Lugo,2017,7,25,31.56,15.87,0
Lugo,2017,7,26,31.91,13.31,0
Lugo,2017,7,27,32.51,13.85,0
Lugo,2017,7,28,35.07,14.65,0
Lugo,2017,7,29,32.87,17.21,0
Lugo,2017,7,30,33.72,21.93,0
Lugo,2017,7,31,34.71,19.47,0
Lugo,2017,8,1,36.55,17.48,0
Lugo,2017,8,2,40.06,18.87,0
Lugo,2017,8,3,40.07,21.72,0
Lugo,2017,8,4,41.07,20.93,0
Lugo,2017,8,5,39.65,19.96,0
Lugo,2017,8,6,39.13,21.19,3.2
Lugo,2017,8,7,31.5,20.45,0
Lugo,2017,8,8,33.13,17.36,0
Lugo,2017,8,9,36.31,21.02,0
Lugo,2017,8,10,34.57,18.55,28.5
Lugo,2017,8,11,29.4,16.44,0
Lugo,2017,8,12,28.42,14.38,0
Lugo,2017,8,13,31.4,13.64,0
Lugo,2017,8,14,31.3,13.53,0
Lugo,2017,8,15,33.36,14.75,0
Lugo,2017,8,16,33.39,16.17,0
Lugo,2017,8,17,33.99,17.54,0
Lugo,2017,8,18,35.43,16.22,0
Lugo,2017,8,19,35.44,18.22,0
Lugo,2017,8,20,28.44,14.91,0
Lugo,2017,8,21,28.46,12.47,0
Lugo,2017,8,22,28.14,11.27,0
Lugo,2017,8,23,30.39,11.96,0
Lugo,2017,8,24,32.62,13.67,0
Lugo,2017,8,25,34.25,17.5,0
Lugo,2017,8,26,33.71,17.36,0
Lugo,2017,8,27,36.54,17.02,0
Lugo,2017,8,28,34.1,18.65,0
Lugo,2017,8,29,30.81,16.83,0
Lugo,2017,8,30,32.4,13.66,0
Lugo,2017,8,31,35.59,15.87,0
Lugo,2017,9,1,31.02,16.79,11.6
Lugo,2017,9,2,29.31,14.12,1.3
Lugo,2017,9,3,25.68,11.19,3.7
Lugo,2017,9,4,27.64,10.66,0
Lugo,2017,9,5,29.37,12.78,0
Lugo,2017,9,6,29.82,12.99,0
Lugo,2017,9,7,29.86,16.84,5.1
Lugo,2017,9,8,27.09,15.71,0
Lugo,2017,9,9,28.71,13.46,2.2
Lugo,2017,9,10,22.04,16.71,26.7
Lugo,2017,9,11,20.71,14.96,0
Lugo,2017,9,12,24.97,11.33,0
Lugo,2017,9,13,26.11,9.93,0
Lugo,2017,9,14,26.83,12.21,0
Lugo,2017,9,15,26.03,15,7.4
Lugo,2017,9,16,20.51,15.45,4.6
Lugo,2017,9,17,23.96,12.69,0
Lugo,2017,9,18,23.43,12.89,8.5
Lugo,2017,9,19,15.5,12.26,7.9
Lugo,2017,9,20,22.83,8.78,0.9
Lugo,2017,9,21,23.05,6.88,0
Lugo,2017,9,22,24.34,7.71,0
Lugo,2017,9,23,25,9.82,0
Lugo,2017,9,24,20.82,11.24,2.3
Lugo,2017,9,25,20.44,11.25,2.6
Lugo,2017,9,26,22.21,10.51,0
Lugo,2017,9,27,23.86,12.48,0
Lugo,2017,9,28,23.12,10.98,0
Lugo,2017,9,29,22.92,10.08,0
Lugo,2017,9,30,22.42,10.03,0
Lugo,2017,10,1,17.22,12.17,1.2
Lugo,2017,10,2,21.92,10.8,0
Lugo,2017,10,3,22.53,9.57,0
Lugo,2017,10,4,23.76,13.38,0
Lugo,2017,10,5,25.66,11.4,0
Lugo,2017,10,6,23.23,9.16,9.6
Lugo,2017,10,7,20.8,7.57,0
Lugo,2017,10,8,23.28,8.6,0
Lugo,2017,10,9,22.97,8.95,0
Lugo,2017,10,10,22.61,9.8,0
Lugo,2017,10,11,23.13,7.85,0
Lugo,2017,10,12,23.51,8.31,0
Lugo,2017,10,13,23.29,8.34,0
Lugo,2017,10,14,23.59,7.74,0
Lugo,2017,10,15,25.59,7.89,0
Lugo,2017,10,16,24.75,6.77,0
Lugo,2017,10,17,24.06,7.32,0
Lugo,2017,10,18,21.84,8.97,0
Lugo,2017,10,19,19.8,13.04,0
Lugo,2017,10,20,19.54,11.5,0
Lugo,2017,10,21,21.08,12.49,0
Lugo,2017,10,22,20.77,10.14,9.4
Lugo,2017,10,23,19.77,5.24,1.3
Lugo,2017,10,24,21.28,4.39,0
Lugo,2017,10,25,20.36,3.59,0
Lugo,2017,10,26,20.74,4.39,0
Lugo,2017,10,27,20.01,4.7,0
Lugo,2017,10,28,21.18,4.31,0
Lugo,2017,10,29,22.61,6.11,0
Lugo,2017,10,30,18.94,4.64,0
Lugo,2017,10,31,17.42,3.64,0
Lugo,2017,11,1,18.82,1.94,0
Lugo,2017,11,2,18.7,2.11,0
Lugo,2017,11,3,18.53,6.75,0
Lugo,2017,11,4,17.27,7.13,0
Lugo,2017,11,5,19.1,7,14.7
Lugo,2017,11,6,13,9.1,3.1
Lugo,2017,11,7,12.75,9.13,63.1
Lugo,2017,11,8,13.45,5.42,4.8
Lugo,2017,11,9,15.48,5.14,0
Lugo,2017,11,10,13.34,5.32,0
Lugo,2017,11,11,15.2,2.43,0
Lugo,2017,11,12,12.83,7,0
Lugo,2017,11,13,8.34,2.31,70.1
Lugo,2017,11,14,12.57,5.03,3.9
Lugo,2017,11,15,8.89,5.36,0.7
Lugo,2017,11,16,12.42,3.75,0
Lugo,2017,11,17,12.72,1.82,0
Lugo,2017,11,18,13.25,2.73,0
Lugo,2017,11,19,13.82,1.34,0
Lugo,2017,11,20,13.69,-0.49,0
Lugo,2017,11,21,14.44,0.39,0
Lugo,2017,11,22,13.82,0.47,0
Lugo,2017,11,23,13.32,3.37,0
Lugo,2017,11,24,13.36,1.76,0
Lugo,2017,11,25,16.01,6.38,0
Lugo,2017,11,26,9.12,3.04,14.2
Lugo,2017,11,27,9.74,-1.72,0
Lugo,2017,11,28,12.06,-2.36,0
Lugo,2017,11,29,4.7,3.44,1.6
Lugo,2017,11,30,9.86,-1.23,2
Lugo,2017,12,1,5.79,-1.95,4
Lugo,2017,12,2,8.67,2.71,1.4
Lugo,2017,12,3,7.57,-0.51,0
Lugo,2017,12,4,8.77,-1.72,0
Lugo,2017,12,5,8.63,-2.51,0
Lugo,2017,12,6,11.74,-3.03,0
Lugo,2017,12,7,11.41,-1.39,0
Lugo,2017,12,8,13.7,2.5,0
Lugo,2017,12,9,7.39,-1.75,4.4
Lugo,2017,12,10,8.58,-2.54,0
Lugo,2017,12,11,16.65,0.46,3.6
Lugo,2017,12,12,17.37,5.66,0
Lugo,2017,12,13,9.8,1.37,0
Lugo,2017,12,14,13.96,1.84,0
Lugo,2017,12,15,15.81,3.98,1.9
Lugo,2017,12,16,7.06,2.81,0
Lugo,2017,12,17,7.81,-1.48,0
Lugo,2017,12,18,6.26,-3.05,0
Lugo,2017,12,19,5.08,-3.46,0
Lugo,2017,12,20,5.2,-2.27,0
Lugo,2017,12,21,6.29,-4.74,0
Lugo,2017,12,22,6.01,-3.68,0
Lugo,2017,12,23,10.26,-2.63,0
Lugo,2017,12,24,11.71,-3.84,0
Lugo,2017,12,25,10.86,-2.79,0
Lugo,2017,12,26,13.9,2.35,0
Lugo,2017,12,27,12.17,5.55,0
Lugo,2017,12,28,6.31,0.93,5.6
Lugo,2017,12,29,8.6,-1.56,0
Lugo,2017,12,30,7.15,-1.46,0
Lugo,2017,12,31,5.89,0.29,0
Lugo,2018,1,1,5.33,-1.19,2.3
Lugo,2018,1,2,10.69,-0.63,0
Lugo,2018,1,3,13.89,-1.1,0
Lugo,2018,1,4,11.09,1.41,0
Lugo,2018,1,5,8.65,0,0
Lugo,2018,1,6,7.75,4.52,0
Lugo,2018,1,7,8.64,6.89,0
Lugo,2018,1,8,11.24,8.48,0
Lugo,2018,1,9,15.24,7.82,1.3
Lugo,2018,1,10,16.46,1.38,0
Lugo,2018,1,11,8.98,5.62,1
Lugo,2018,1,12,11.67,3.25,0
Lugo,2018,1,13,9.17,3.56,0
Lugo,2018,1,14,8.07,2.63,0
Lugo,2018,1,15,6.16,-0.98,0
Lugo,2018,1,16,6.49,2.41,0
Lugo,2018,1,17,13.05,2.96,0
Lugo,2018,1,18,14.02,2.1,0
Lugo,2018,1,19,10.96,-1.18,0
Lugo,2018,1,20,9.82,-2.12,0
Lugo,2018,1,21,12.06,-1.43,0
Lugo,2018,1,22,8.61,-2.59,0
Lugo,2018,1,23,12.25,-0.99,0
Lugo,2018,1,24,11.24,0.36,0
Lugo,2018,1,25,12.3,-1.03,0
Lugo,2018,1,26,7.49,3.34,0
Lugo,2018,1,27,10.52,6.16,0
Lugo,2018,1,28,13.21,0.39,0
Lugo,2018,1,29,9.09,-0.84,0
Lugo,2018,1,30,4.92,2.58,0
Lugo,2018,1,31,9.43,3.77,0
Lugo,2018,2,1,13.94,6.59,0
Lugo,2018,2,2,9.14,4.41,19
Lugo,2018,2,3,4.1,1.13,20.6
Lugo,2018,2,4,10.18,-0.3,0
Lugo,2018,2,5,10.53,-0.16,0
Lugo,2018,2,6,7.89,4.28,27
Lugo,2018,2,7,5.72,4.29,1.6
Lugo,2018,2,8,12.57,0.44,0
Lugo,2018,2,9,11.34,0.13,0
Lugo,2018,2,10,8.46,-0.27,0
Lugo,2018,2,11,10.32,0.17,0
Lugo,2018,2,12,5.02,-0.25,14.8
Lugo,2018,2,13,6.84,-0.82,2.2
Lugo,2018,2,14,8.42,-2.19,0
Lugo,2018,2,15,10.05,-2.31,0
Lugo,2018,2,16,10.59,-0.64,0
Lugo,2018,2,17,8.57,3.26,1
Lugo,2018,2,18,6.01,4.31,21.7
Lugo,2018,2,19,6.07,2.33,1.5
Lugo,2018,2,20,4.38,0.03,0
Lugo,2018,2,21,6.72,2.34,9.8
Lugo,2018,2,22,5.35,2.19,22.2
Lugo,2018,2,23,4.69,3.02,19.6
Lugo,2018,2,24,10.11,3.86,0
Lugo,2018,2,25,4.16,-0.01,0
Lugo,2018,2,26,-0.67,-3.68,0
Lugo,2018,2,27,-0.13,-5.59,0
Lugo,2018,2,28,2.36,-7.34,0
Lugo,2018,3,1,-0.06,-2.15,4.6
Lugo,2018,3,2,1.02,-1.15,10
Lugo,2018,3,3,2.57,-2.1,7.9
Lugo,2018,3,4,2.21,-1.88,0
Lugo,2018,3,5,4,0.93,15.7
Lugo,2018,3,6,8.66,4.09,1.1
Lugo,2018,3,7,15.92,3.97,3.1
Lugo,2018,3,8,17.07,1.92,0
Lugo,2018,3,9,18.76,2.25,0
Lugo,2018,3,10,15.87,4.12,0
Lugo,2018,3,11,13.69,7.38,4.7
Lugo,2018,3,12,18.3,5.96,0
Lugo,2018,3,13,16.4,5.12,0
Lugo,2018,3,14,17.87,5.94,0
Lugo,2018,3,15,14.72,4.43,0.7
Lugo,2018,3,16,16.19,8.33,1.5
Lugo,2018,3,17,14.31,7.35,2.6
Lugo,2018,3,18,11.34,6.89,3.6
Lugo,2018,3,19,7.44,3.03,1.6
Lugo,2018,3,20,7.23,3.65,0
Lugo,2018,3,21,8.54,-0.03,0
Lugo,2018,3,22,8.99,-0.95,0
Lugo,2018,3,23,11.78,0.36,0
Lugo,2018,3,24,12.81,0.19,0
Lugo,2018,3,25,11.96,-0.11,0
Lugo,2018,3,26,15.31,0.05,0
Lugo,2018,3,27,18.15,6.42,0
Lugo,2018,3,28,18.62,3.18,0
Lugo,2018,3,29,21.25,9.73,0
Lugo,2018,3,30,21.92,8.91,0
Lugo,2018,3,31,16.28,8.76,3.7
Lugo,2018,4,1,20.04,8.53,0
Lugo,2018,4,2,21.54,4.77,0
Lugo,2018,4,3,19.42,10.11,0
Lugo,2018,4,4,18.73,10.69,6.3
Lugo,2018,4,5,17.05,8.51,0
Lugo,2018,4,6,20.42,6.07,0
Lugo,2018,4,7,20.62,4.56,0
Lugo,2018,4,8,19.48,4.68,0
Lugo,2018,4,9,16.1,9.17,0.8
Lugo,2018,4,10,18.93,8.32,0
Lugo,2018,4,11,17.88,9.68,2.8
Lugo,2018,4,12,19.4,9.61,1.2
Lugo,2018,4,13,21.58,9.57,0
Lugo,2018,4,14,21.72,8.87,0
Lugo,2018,4,15,18.09,10.55,0
Lugo,2018,4,16,24.4,11.33,0
Lugo,2018,4,17,23.19,11.61,0
Lugo,2018,4,18,23.23,9.94,0
Lugo,2018,4,19,24.33,8.08,0
Lugo,2018,4,20,27.67,9.79,0
Lugo,2018,4,21,27.39,9.27,0
Lugo,2018,4,22,26.75,7.2,0
Lugo,2018,4,23,27.63,10.36,0
Lugo,2018,4,24,28.51,11.67,0
Lugo,2018,4,25,29.85,11.29,0
Lugo,2018,4,26,29.72,12.51,0
Lugo,2018,4,27,23.8,12.06,0
Lugo,2018,4,28,27.38,10.49,0
Lugo,2018,4,29,27.34,12.86,0
Lugo,2018,4,30,23.98,13.41,0
Lugo,2018,5,1,21.76,11.53,7.1
Lugo,2018,5,2,19.58,12.31,8.4
Lugo,2018,5,3,19.26,12.05,8.8
Lugo,2018,5,4,20.84,14.12,0
Lugo,2018,5,5,23.43,12.69,0
Lugo,2018,5,6,25.26,13.75,0
Lugo,2018,5,7,25.36,12.42,0
Lugo,2018,5,8,25.01,14.12,0
Lugo,2018,5,9,23.16,14.55,0
Lugo,2018,5,10,22.36,12.97,0
Lugo,2018,5,11,28.17,11.48,0
Lugo,2018,5,12,26.21,13.36,0
Lugo,2018,5,13,26.79,11.02,13.1
Lugo,2018,5,14,20.19,10.49,1.8
Lugo,2018,5,15,19.99,8.26,1.8
Lugo,2018,5,16,22.56,8.82,0
Lugo,2018,5,17,22.55,8.68,26.4
Lugo,2018,5,18,24.36,9.95,0
Lugo,2018,5,19,24.69,9.05,0
Lugo,2018,5,20,24.87,10.23,0
Lugo,2018,5,21,25.34,13.28,0
Lugo,2018,5,22,22.48,14.34,10.7
Lugo,2018,5,23,22.33,14.71,0
Lugo,2018,5,24,27.43,12.91,0
Lugo,2018,5,25,29.19,15.11,0
Lugo,2018,5,26,29.53,15.08,0
Lugo,2018,5,27,29.47,14.59,0
Lugo,2018,5,28,28.78,16.78,0
Lugo,2018,5,29,28.74,18.83,0
Lugo,2018,5,30,27.01,18.75,0
Lugo,2018,5,31,28.97,16.6,0
Lugo,2018,6,1,28.97,16.25,0
Lugo,2018,6,2,29.6,14.4,0
Lugo,2018,6,3,30.38,15.21,0
Lugo,2018,6,4,30.13,17.06,5.4
Lugo,2018,6,5,27.79,16.94,0
Lugo,2018,6,6,29.39,14.82,0
Lugo,2018,6,7,28.63,15.94,0
Lugo,2018,6,8,24.17,16.96,12.5
Lugo,2018,6,9,29.1,16.84,0
Lugo,2018,6,10,31.32,16.8,0
Lugo,2018,6,11,32.11,16.43,0
Lugo,2018,6,12,30.23,18.36,0
Lugo,2018,6,13,27.36,15.98,0
Lugo,2018,6,14,25.18,15.5,29.6
Lugo,2018,6,15,25.4,14.02,0
Lugo,2018,6,16,28.27,13.34,0
Lugo,2018,6,17,29.89,14.38,0
Lugo,2018,6,18,28.78,15.16,0
Lugo,2018,6,19,29.98,15.42,0
Lugo,2018,6,20,29.67,14.37,0
Lugo,2018,6,21,32.28,15.9,0
Lugo,2018,6,22,24.26,15.37,18.6
Lugo,2018,6,23,24.12,10.89,0
Lugo,2018,6,24,25.44,9.57,0
Lugo,2018,6,25,22.75,11.69,1.4
Lugo,2018,6,26,25.52,11.88,0
Lugo,2018,6,27,26.79,10.79,0
Lugo,2018,6,28,28.35,12.63,0
Lugo,2018,6,29,30.98,14.27,0
Lugo,2018,6,30,35.14,15.43,0
Lugo,2018,7,1,30.57,17.78,0
Lugo,2018,7,2,30.21,19.28,0
Lugo,2018,7,3,30.91,18.64,0
Lugo,2018,7,4,32.06,19.76,0
Lugo,2018,7,5,32.38,17.98,1.3
Lugo,2018,7,6,28.67,17.44,0
Lugo,2018,7,7,31.68,15.73,0
Lugo,2018,7,8,30.39,17.78,0
Lugo,2018,7,9,30.73,16.25,0
Lugo,2018,7,10,31.17,16.81,0
Lugo,2018,7,11,27.78,18.75,1.8
Lugo,2018,7,12,30.73,16.56,0
Lugo,2018,7,13,32.21,16.45,0
Lugo,2018,7,14,31.52,17.05,0
Lugo,2018,7,15,31.36,18.87,0
Lugo,2018,7,16,30.7,17.51,11.3
Lugo,2018,7,17,31.6,16.53,0
Lugo,2018,7,18,34.13,15.57,0
Lugo,2018,7,19,34.27,16.11,0
Lugo,2018,7,20,34.14,15.77,0
Lugo,2018,7,21,30.5,17.76,0
Lugo,2018,7,22,29.59,17.7,2.7
Lugo,2018,7,23,31.17,17.07,0
Lugo,2018,7,24,32.79,15.65,0
Lugo,2018,7,25,33.4,16.43,0
Lugo,2018,7,26,31.58,17.34,0
Lugo,2018,7,27,33.89,15.68,0
Lugo,2018,7,28,34.33,18.21,0
Lugo,2018,7,29,34.05,22.06,0
Lugo,2018,7,30,34.75,20.6,0
Lugo,2018,7,31,35.94,19.18,0
Lugo,2018,8,1,36.33,20.94,0
Lugo,2018,8,2,33.02,21.74,0
Lugo,2018,8,3,32.46,21.94,0
Lugo,2018,8,4,33.82,20.34,0
Lugo,2018,8,5,35.37,18.89,0
Lugo,2018,8,6,34.6,19.08,0
Lugo,2018,8,7,34.82,17.57,0
Lugo,2018,8,8,34.92,20.38,0
Lugo,2018,8,9,34.39,19.6,0
Lugo,2018,8,10,35.5,18.11,0
Lugo,2018,8,11,34.75,19.12,0
Lugo,2018,8,12,30.55,18.92,0
Lugo,2018,8,13,33.96,17.24,0
Lugo,2018,8,14,29.47,18.27,13
Lugo,2018,8,15,28.52,18.15,20.6
Lugo,2018,8,16,29.65,17.36,0
Lugo,2018,8,17,31.7,16.13,0
Lugo,2018,8,18,31.81,16.86,0
Lugo,2018,8,19,31.66,19,0
Lugo,2018,8,20,32.29,18.87,0
Lugo,2018,8,21,32.8,18.36,0
Lugo,2018,8,22,33.52,17.89,0
Lugo,2018,8,23,33.2,18.12,0
Lugo,2018,8,24,34.04,17.27,0
Lugo,2018,8,25,28.17,20.03,3.6
Lugo,2018,8,26,19.78,13.25,2.8
Lugo,2018,8,27,26.15,10.94,0
Lugo,2018,8,28,28.98,12.14,0
Lugo,2018,8,29,30.69,13.29,0
Lugo,2018,8,30,30.21,15.27,0
Lugo,2018,8,31,29.46,16.68,0
Lugo,2018,9,1,24.84,16.33,7.6
Lugo,2018,9,2,24.02,15.91,2.5
Lugo,2018,9,3,24.33,14.74,0
Lugo,2018,9,4,27.86,14.61,0
Lugo,2018,9,5,28.45,14,0
Lugo,2018,9,6,28.53,14.34,0
Lugo,2018,9,7,25.61,17.2,15.5
Lugo,2018,9,8,27.36,16.48,0
Lugo,2018,9,9,29,14.56,0
Lugo,2018,9,10,29.76,14.95,0
Lugo,2018,9,11,30.29,15.17,0
Lugo,2018,9,12,29.68,16.01,0
Lugo,2018,9,13,27.54,16.18,0
Lugo,2018,9,14,30.52,15.51,0
Lugo,2018,9,15,27.39,16.45,0
Lugo,2018,9,16,28.77,15.66,0
Lugo,2018,9,17,28.18,16.64,12.6
Lugo,2018,9,18,27.27,17.62,0
Lugo,2018,9,19,28.35,16.3,0
Lugo,2018,9,20,29.33,15.58,0
Lugo,2018,9,21,30.08,14.46,0
Lugo,2018,9,22,29.6,15.9,0
Lugo,2018,9,23,30.02,15.53,0
Lugo,2018,9,24,24.47,14.62,0
Lugo,2018,9,25,19.84,10.19,0
Lugo,2018,9,26,18.26,5.92,0
Lugo,2018,9,27,22.74,3.56,0
Lugo,2018,9,28,26.08,6.38,0
Lugo,2018,9,29,23.42,8.23,0
Lugo,2018,9,30,22.26,7.1,0
Lugo,2018,10,1,19.17,8.02,1.6
Lugo,2018,10,2,19.55,6.97,17.5
Lugo,2018,10,3,20.73,6.14,0
Lugo,2018,10,4,22.9,7.62,0
Lugo,2018,10,5,21.6,8.59,0.7
Lugo,2018,10,6,16.71,13.02,3.7
Lugo,2018,10,7,22.54,10.92,0
Lugo,2018,10,8,23.93,10.43,0
Lugo,2018,10,9,24.59,10.73,0
Lugo,2018,10,10,23.68,9.6,0
Lugo,2018,10,11,20.39,12.59,0
Lugo,2018,10,12,23.76,10.65,0
Lugo,2018,10,13,23.15,8.72,0
Lugo,2018,10,14,22.06,7.55,0
Lugo,2018,10,15,21,9.55,0
Lugo,2018,10,16,19.47,14.62,1.7
Lugo,2018,10,17,17.69,15.25,5
Lugo,2018,10,18,22.37,11.55,0
Lugo,2018,10,19,23.5,9.01,0
Lugo,2018,10,20,23.02,9.05,0
Lugo,2018,10,21,19.77,6.56,4
Lugo,2018,10,22,17.26,7.07,0
Lugo,2018,10,23,19.35,6.1,0
Lugo,2018,10,24,27.37,6.01,0
Lugo,2018,10,25,22.2,8.08,0
Lugo,2018,10,26,18.83,9.63,0
Lugo,2018,10,27,25.19,18.13,0
Lugo,2018,10,28,20.74,15.29,3.3
Lugo,2018,10,29,21.29,12.67,23.8
Lugo,2018,10,30,15.12,12.78,1.8
Lugo,2018,10,31,18.53,8.31,0
Lugo,2018,11,1,16.68,12.52,9.5
Lugo,2018,11,2,14.41,13.26,6
Lugo,2018,11,3,15.63,13.31,0
Lugo,2018,11,4,16.6,12.72,1.7
Lugo,2018,11,5,19.89,13.5,0
Lugo,2018,11,6,19.97,11.92,0
Lugo,2018,11,7,19.38,10.95,0
Lugo,2018,11,8,20.49,7.58,0
Lugo,2018,11,9,17.53,5.93,0
Lugo,2018,11,10,15.4,11.97,0
Lugo,2018,11,11,18.79,10.42,0
Lugo,2018,11,12,15.33,10.43,0
Lugo,2018,11,13,17.71,10.88,0
Lugo,2018,11,14,15.9,8.81,0
Lugo,2018,11,15,14.47,7.27,0
Lugo,2018,11,16,13.99,6.96,0
Lugo,2018,11,17,11.93,6.23,0
Lugo,2018,11,18,8.73,4.04,0
Lugo,2018,11,19,7.43,3.99,8.5
Lugo,2018,11,20,6.53,3.23,19.5
Lugo,2018,11,21,10.84,5.03,2.2
Lugo,2018,11,22,12.01,5.58,0
Lugo,2018,11,23,10.01,3.2,8.8
Lugo,2018,11,24,12.64,8.58,4.7
Lugo,2018,11,25,9.58,8.59,7.9
Lugo,2018,11,26,14.04,3.99,0
Lugo,2018,11,27,12.4,6.51,0
Lugo,2018,11,28,11.77,4,0
Lugo,2018,11,29,8.4,-0.17,0
Lugo,2018,11,30,5.31,-0.81,0
Lugo,2018,12,1,7.28,3.72,0
Lugo,2018,12,2,6.84,2.77,0
Lugo,2018,12,3,8.93,5,0
Lugo,2018,12,4,12.29,0.52,0
Lugo,2018,12,5,10.23,-0.6,0
Lugo,2018,12,6,8.14,6.08,0
Lugo,2018,12,7,11.36,2.78,0
Lugo,2018,12,8,12.99,1.77,3.6
Lugo,2018,12,9,9.81,-0.26,0
Lugo,2018,12,10,13.12,3.39,0
Lugo,2018,12,11,11.27,-2.62,0
Lugo,2018,12,12,7.98,-4.33,0
Lugo,2018,12,13,3.62,-0.41,8
Lugo,2018,12,14,5.22,0.37,0
Lugo,2018,12,15,5.21,-3.47,0
Lugo,2018,12,16,2.85,-3.82,0
Lugo,2018,12,17,1.99,-0.58,9.3
Lugo,2018,12,18,4.25,-3.61,0
Lugo,2018,12,19,0.33,-3.69,0
Lugo,2018,12,20,3.49,-0.52,4
Lugo,2018,12,21,5.68,-1.35,0
Lugo,2018,12,22,7.03,0.46,0
Lugo,2018,12,23,4.68,1.85,0
Lugo,2018,12,24,5.23,0.87,0
Lugo,2018,12,25,4.24,3.19,0
Lugo,2018,12,26,2.81,0.22,0
Lugo,2018,12,27,1.08,-0.63,0
Lugo,2018,12,28,7.73,-2.33,0
Lugo,2018,12,29,8.64,-2.63,0
Lugo,2018,12,30,9.5,-1.66,0
Lugo,2018,12,31,10.34,-2.04,0
Lugo,2019,1,1,5.31,-3.4,0
Lugo,2019,1,2,3.59,-1.85,0
Lugo,2019,1,3,7.26,-3.83,0
Lugo,2019,1,4,7.29,-6.83,0
Lugo,2019,1,5,3.49,-4.51,0
Lugo,2019,1,6,10.4,-5.67,0
Lugo,2019,1,7,7.96,-5.49,0
Lugo,2019,1,8,0.98,-4.63,0
Lugo,2019,1,9,4.04,-2.69,0
Lugo,2019,1,10,7.8,-4.75,0
Lugo,2019,1,11,7.95,-4.54,0
Lugo,2019,1,12,9.17,-4.45,0
Lugo,2019,1,13,8.5,-3.25,0
Lugo,2019,1,14,14.32,-1.82,0
Lugo,2019,1,15,13.8,-3,0
Lugo,2019,1,16,14.53,-3.81,0
Lugo,2019,1,17,13.4,5.36,0
Lugo,2019,1,18,6.26,4.35,3.6
Lugo,2019,1,19,5.57,2.05,4.8
Lugo,2019,1,20,4.92,1.86,0
Lugo,2019,1,21,4.51,2.17,0
Lugo,2019,1,22,2.83,0.85,5.9
Lugo,2019,1,23,3.85,0.39,5
Lugo,2019,1,24,4.92,0.33,5.1
Lugo,2019,1,25,7.28,-1.5,0
Lugo,2019,1,26,10.02,-4.95,0
Lugo,2019,1,27,6.11,-2.7,2.1
Lugo,2019,1,28,4.76,0.32,4.8
Lugo,2019,1,29,8.71,-0.95,0.8
Lugo,2019,1,30,6.95,-2.29,6.8
Lugo,2019,1,31,5.41,0.28,7.9
Lugo,2019,2,1,4.05,1.67,3.6
Lugo,2019,2,2,4.95,1.74,8.8
Lugo,2019,2,3,8.52,0.52,1.1
Lugo,2019,2,4,9.18,0.99,0
Lugo,2019,2,5,9.27,-0.35,0
Lugo,2019,2,6,10.83,-0.39,0
Lugo,2019,2,7,11.2,-2.9,0
Lugo,2019,2,8,11.67,-0.75,0
Lugo,2019,2,9,12.76,-2.43,0
Lugo,2019,2,10,15.88,3.83,0
Lugo,2019,2,11,12.23,2.52,0
Lugo,2019,2,12,15.19,-0.44,0
Lugo,2019,2,13,12.01,-3.99,0
Lugo,2019,2,14,13.68,-2.86,0
Lugo,2019,2,15,14.45,-3.35,0
Lugo,2019,2,16,15.36,-1.76,0
Lugo,2019,2,17,16.65,-3.15,0
Lugo,2019,2,18,17.22,-1.87,0
Lugo,2019,2,19,14.82,-1.58,0
Lugo,2019,2,20,12.92,-0.85,0
Lugo,2019,2,21,14.78,-2.8,0
Lugo,2019,2,22,17.2,-0.43,0
Lugo,2019,2,23,8.58,0.02,0
Lugo,2019,2,24,9.9,-2.54,0
Lugo,2019,2,25,15.14,-2.16,0
Lugo,2019,2,26,18.1,0.15,0
Lugo,2019,2,27,21.53,2.45,0
Lugo,2019,2,28,19.39,0.03,0
Lugo,2019,3,1,13.23,1.65,0
Lugo,2019,3,2,18.17,0.76,0
Lugo,2019,3,3,18.48,0.33,0
Lugo,2019,3,4,18.43,3.15,0
Lugo,2019,3,5,18.38,6.34,0
Lugo,2019,3,6,17.38,1.59,0
Lugo,2019,3,7,20.69,8.03,0
Lugo,2019,3,8,20.77,8.32,0
Lugo,2019,3,9,19.46,3.42,0
Lugo,2019,3,10,18.97,5.7,0
Lugo,2019,3,11,19.9,4.97,2.7
Lugo,2019,3,12,15.43,2.44,0
Lugo,2019,3,13,12.95,0.06,0
Lugo,2019,3,14,16.73,-0.88,0
Lugo,2019,3,15,22.22,1.47,0
Lugo,2019,3,16,22.89,2.83,0
Lugo,2019,3,17,20.73,2.85,0
Lugo,2019,3,18,12.66,6.41,2.9
Lugo,2019,3,19,10.9,2.59,1
Lugo,2019,3,20,12.98,2.42,0
Lugo,2019,3,21,15.61,0.66,0
Lugo,2019,3,22,18.96,0.81,0
Lugo,2019,3,23,21.42,2.75,0
Lugo,2019,3,24,23.96,1.47,0
Lugo,2019,3,25,23.83,4.54,0.8
Lugo,2019,3,26,13.07,1.69,7.9
Lugo,2019,3,27,14.01,0.6,0
Lugo,2019,3,28,14.91,0.73,0
Lugo,2019,3,29,17.39,2.48,0
Lugo,2019,3,30,20.56,0.19,0
Lugo,2019,3,31,21.91,1.5,0
Lugo,2019,4,1,22.15,1.93,0
Lugo,2019,4,2,20.91,4.33,0
Lugo,2019,4,3,20.15,9.47,0
Lugo,2019,4,4,20.53,7.55,26.1
Lugo,2019,4,5,14.48,7.14,1.4
Lugo,2019,4,6,17.28,8.26,0
Lugo,2019,4,7,17.38,7.34,0
Lugo,2019,4,8,16.74,6.68,0
Lugo,2019,4,9,18.91,6.12,0
Lugo,2019,4,10,19.93,4.99,0
Lugo,2019,4,11,16.91,10.1,2.7
Lugo,2019,4,12,15.78,8.26,2.7
Lugo,2019,4,13,13.36,3.31,1.1
Lugo,2019,4,14,12.94,2.29,2.1
Lugo,2019,4,15,16.96,5.27,0
Lugo,2019,4,16,19.62,2.81,0
Lugo,2019,4,17,21.57,3.28,0
Lugo,2019,4,18,19.9,3.78,0
Lugo,2019,4,19,21.36,4.37,0
Lugo,2019,4,20,22.57,3.76,0
Lugo,2019,4,21,21.64,5.31,0
Lugo,2019,4,22,17.17,9.4,3.4
Lugo,2019,4,23,17.3,11.75,7.1
Lugo,2019,4,24,24.1,12.38,2.3
Lugo,2019,4,25,21.96,10.14,0
Lugo,2019,4,26,23.08,11.77,0
Lugo,2019,4,27,22.74,8.94,0
Lugo,2019,4,28,16.73,6.63,5.5
Lugo,2019,4,29,11.98,7.34,1.6
Lugo,2019,4,30,20.58,7.53,0
Lugo,2019,5,1,23.41,8.75,0
Lugo,2019,5,2,23.73,6.35,0
Lugo,2019,5,3,22.04,11.81,2.3
Lugo,2019,5,4,18.7,10.51,1.5
Lugo,2019,5,5,12.66,6.97,28.2
Lugo,2019,5,6,16.6,5.88,3.1
Lugo,2019,5,7,18.39,3.84,0
Lugo,2019,5,8,19.25,6.06,4.1
Lugo,2019,5,9,20.01,10.33,10
Lugo,2019,5,10,24.11,9.64,0
Lugo,2019,5,11,23.55,9.75,0
Lugo,2019,5,12,13.92,11.07,30.9
Lugo,2019,5,13,14.07,11.01,5.3
Lugo,2019,5,14,15.36,4.65,0
Lugo,2019,5,15,14,6.01,5.9
Lugo,2019,5,16,18.3,5.11,0
Lugo,2019,5,17,19.14,5.18,4.8
Lugo,2019,5,18,16.19,12.37,21.6
Lugo,2019,5,19,17.95,12.35,6.9
Lugo,2019,5,20,20.77,12.33,0
Lugo,2019,5,21,22.72,12.33,1.1
Lugo,2019,5,22,24.41,10,0
Lugo,2019,5,23,24.15,11.56,0
Lugo,2019,5,24,25.88,11.58,0
Lugo,2019,5,25,25.48,12.52,0
Lugo,2019,5,26,20.22,14.28,8.2
Lugo,2019,5,27,18.77,14.65,11.8
Lugo,2019,5,28,21.44,14.31,1.4
Lugo,2019,5,29,14.98,13.26,3.7
Lugo,2019,5,30,20.26,12.22,0
Lugo,2019,5,31,25.69,10.11,0
Lugo,2019,6,1,29.28,11.16,0
Lugo,2019,6,2,30.67,6.99,0
Lugo,2019,6,3,31.03,14.32,0
Lugo,2019,6,4,30.92,16.13,0
Lugo,2019,6,5,29.72,17.96,0
Lugo,2019,6,6,28.26,17.55,0
Lugo,2019,6,7,28.3,12.22,0
Lugo,2019,6,8,32.02,15.32,0
Lugo,2019,6,9,29.41,18.05,0
Lugo,2019,6,10,30.95,18.09,0
Lugo,2019,6,11,30.62,21.3,0
Lugo,2019,6,12,31.68,21.54,0
Lugo,2019,6,13,33.27,15.14,0
Lugo,2019,6,14,31.52,15.19,0
Lugo,2019,6,15,32.92,19.53,0
Lugo,2019,6,16,34.15,16.41,0
Lugo,2019,6,17,30.69,16.08,0
Lugo,2019,6,18,33.06,16.38,0
Lugo,2019,6,19,34.14,17.57,0
Lugo,2019,6,20,34.24,15.61,0
Lugo,2019,6,21,34.16,15.79,0
Lugo,2019,6,22,30.21,18.35,26.1
Lugo,2019,6,23,31.12,16.58,0
Lugo,2019,6,24,32.79,18.09,0
Lugo,2019,6,25,33.58,20.58,0
Lugo,2019,6,26,34.17,21.69,0
Lugo,2019,6,27,38.67,22.26,0
Lugo,2019,6,28,35.03,22.01,0
Lugo,2019,6,29,31.87,18.05,0
Lugo,2019,6,30,35.73,16.14,0
Lugo,2019,7,1,36.19,16.61,0
Lugo,2019,7,2,36.66,19,0
Lugo,2019,7,3,34.22,21.24,0
Lugo,2019,7,4,32.28,17.33,0
Lugo,2019,7,5,35.65,18.37,0
Lugo,2019,7,6,36.49,19.44,0
Lugo,2019,7,7,34.76,19.82,0
Lugo,2019,7,8,34.37,20.12,0
Lugo,2019,7,9,32.55,19.77,12
Lugo,2019,7,10,27.5,17.35,14.7
Lugo,2019,7,11,28.71,15.54,0
Lugo,2019,7,12,30.47,16.7,0
Lugo,2019,7,13,29.4,16.73,4.9
Lugo,2019,7,14,29.45,15.33,0
Lugo,2019,7,15,22.13,17.66,8.6
Lugo,2019,7,16,29.94,15.86,0
Lugo,2019,7,17,32.84,14.87,0
Lugo,2019,7,18,30.81,15.51,0
Lugo,2019,7,19,32.35,16.45,0
Lugo,2019,7,20,34.3,15.86,0
Lugo,2019,7,21,36.37,17.57,0
Lugo,2019,7,22,34.43,18.7,0
Lugo,2019,7,23,35.09,19.84,0
Lugo,2019,7,24,36.78,19.26,0
Lugo,2019,7,25,36.01,20.68,0
Lugo,2019,7,26,39.06,20.92,0
Lugo,2019,7,27,34.24,19.08,4.9
Lugo,2019,7,28,26.89,18.21,6.3
Lugo,2019,7,29,33.2,18.96,0
Lugo,2019,7,30,33.8,20.23,0
Lugo,2019,7,31,34.01,17.95,0
Lugo,2019,8,1,33.77,18.57,0
Lugo,2019,8,2,31.53,19.88,4.7
Lugo,2019,8,3,29.89,16.58,0
Lugo,2019,8,4,29.87,17.16,0
Lugo,2019,8,5,31.91,20.1,0
Lugo,2019,8,6,33.42,20.85,0
Lugo,2019,8,7,33.09,22.64,0
Lugo,2019,8,8,30.45,21.78,0
Lugo,2019,8,9,32.65,21.89,0
Lugo,2019,8,10,34.98,22.22,0
Lugo,2019,8,11,34.03,22.66,0
Lugo,2019,8,12,33.94,23.65,0
Lugo,2019,8,13,32.26,22.88,0
Lugo,2019,8,14,26.93,20.63,1.4
Lugo,2019,8,15,28.26,17.81,0
Lugo,2019,8,16,28.16,19.08,0
Lugo,2019,8,17,29.53,16.59,0
Lugo,2019,8,18,31.54,18.32,0
Lugo,2019,8,19,33.74,20.89,0
Lugo,2019,8,20,33.83,21.24,0
Lugo,2019,8,21,32.46,22.09,0
Lugo,2019,8,22,28.9,20.72,3.1
Lugo,2019,8,23,28.83,21.9,0
Lugo,2019,8,24,31.68,21.42,0
Lugo,2019,8,25,31.72,20.68,0
Lugo,2019,8,26,32.63,20.79,0
Lugo,2019,8,27,33.54,21.06,0
Lugo,2019,8,28,32.88,21.48,0
Lugo,2019,8,29,32.83,19.88,0
Lugo,2019,8,30,33.35,21.25,0
Lugo,2019,8,31,33.65,21.21,0
Lugo,2019,9,1,33.22,20.48,0
Lugo,2019,9,2,30.82,21.19,0
Lugo,2019,9,3,26.82,18.82,5.3
Lugo,2019,9,4,27.36,15.72,0
Lugo,2019,9,5,29.63,14.14,0
Lugo,2019,9,6,21.52,17.65,9.4
Lugo,2019,9,7,25.2,16.02,0
Lugo,2019,9,8,25.15,15.89,5
Lugo,2019,9,9,25.24,12.9,3.6
Lugo,2019,9,10,26.28,13.02,0
Lugo,2019,9,11,27.2,15.35,0
Lugo,2019,9,12,27.85,15.16,0
Lugo,2019,9,13,28.8,14.98,0
Lugo,2019,9,14,29.26,15.53,0
Lugo,2019,9,15,29.65,16.42,0
Lugo,2019,9,16,29.7,17.39,0
Lugo,2019,9,17,30.9,18.25,0
Lugo,2019,9,18,27.93,19.42,0
Lugo,2019,9,19,21.23,16.12,6.8
Lugo,2019,9,20,22.29,14.73,0
Lugo,2019,9,21,23.65,11,0
Lugo,2019,9,22,18.26,14.17,3.9
Lugo,2019,9,23,16.92,14.8,6.2
Lugo,2019,9,24,25.09,14.39,0
Lugo,2019,9,25,23.42,16.14,2.9
Lugo,2019,9,26,25.04,15.54,0
Lugo,2019,9,27,26.06,15.69,0
Lugo,2019,9,28,27.89,17.63,0
Lugo,2019,9,29,27.16,16.03,0
Lugo,2019,9,30,28.7,16.73,0
Lugo,2019,10,1,27.39,16.22,0
Lugo,2019,10,2,24.95,16.24,6
Lugo,2019,10,3,18.32,12.61,17.8
Lugo,2019,10,4,20.41,8.93,0
Lugo,2019,10,5,22.54,12.49,0
Lugo,2019,10,6,21.24,11.92,0
Lugo,2019,10,7,21.45,14.25,3.4
Lugo,2019,10,8,21.02,9.73,0
Lugo,2019,10,9,22.77,9.87,0
Lugo,2019,10,10,21.93,14.07,0
Lugo,2019,10,11,22.48,13.14,0
Lugo,2019,10,12,21.15,11.79,0
Lugo,2019,10,13,21.88,12.71,0
Lugo,2019,10,14,22.27,14.3,0
Lugo,2019,10,15,25.58,16.11,2.3
Lugo,2019,10,16,22.53,12.91,0
Lugo,2019,10,17,23.1,10.99,0
Lugo,2019,10,18,22.67,12.58,0
Lugo,2019,10,19,25.14,13.97,0
Lugo,2019,10,20,24.25,13.38,0
Lugo,2019,10,21,25.93,16.37,0
Lugo,2019,10,22,22.94,17.18,0
Lugo,2019,10,23,23.56,13.48,0
Lugo,2019,10,24,18.86,16.11,1.1
Lugo,2019,10,25,21.2,14.97,0
Lugo,2019,10,26,23.21,12.91,0
Lugo,2019,10,27,23.3,11.59,0
Lugo,2019,10,28,18.89,12.07,0
Lugo,2019,10,29,19.21,13.29,1.5
Lugo,2019,10,30,15.59,13.24,5.3
Lugo,2019,10,31,12.52,10.98,4.6
Lugo,2019,11,1,12.38,9.26,1.1
Lugo,2019,11,2,12.53,10.24,2.3
Lugo,2019,11,3,19.15,10.06,4.6
Lugo,2019,11,4,20.5,10.06,0
Lugo,2019,11,5,20.59,14.16,12.6
Lugo,2019,11,6,16.77,9.19,2.7
Lugo,2019,11,7,16.11,7.76,0
Lugo,2019,11,8,15.42,9.96,10.4
Lugo,2019,11,9,15.25,7.95,0
Lugo,2019,11,10,14.31,5.85,0
Lugo,2019,11,11,11.07,7.57,4.4
Lugo,2019,11,12,10.38,8.78,27.9
Lugo,2019,11,13,13.41,8.4,0
Lugo,2019,11,14,13.11,5.08,0
Lugo,2019,11,15,16.21,9.83,15.9
Lugo,2019,11,16,12.49,6.9,25.8
Lugo,2019,11,17,14.66,7.84,23.7
Lugo,2019,11,18,15.12,4.24,4
Lugo,2019,11,19,13.46,9.15,1.8
Lugo,2019,11,20,13.54,9.76,0
Lugo,2019,11,21,11.19,7.41,0
Lugo,2019,11,22,12.46,7.17,0
Lugo,2019,11,23,14.5,9.27,0
Lugo,2019,11,24,16.83,12.78,10.2
Lugo,2019,11,25,17.56,12.79,0
Lugo,2019,11,26,14.98,7.77,0
Lugo,2019,11,27,15.4,7.02,1.2
Lugo,2019,11,28,13.36,8.75,0
Lugo,2019,11,29,14.66,5.81,0
Lugo,2019,11,30,8.49,6.07,0
Lugo,2019,12,1,9.6,5.82,0
Lugo,2019,12,2,8.41,7.44,30.6
Lugo,2019,12,3,11.86,5.74,0
Lugo,2019,12,4,9.51,1.37,0
Lugo,2019,12,5,7.46,1.73,0
Lugo,2019,12,6,8.52,1.66,0
Lugo,2019,12,7,10.2,3.9,0
Lugo,2019,12,8,10.69,3.09,0
Lugo,2019,12,9,8.76,6.23,2
Lugo,2019,12,10,10.79,4.34,0
Lugo,2019,12,11,8.59,1.51,0
Lugo,2019,12,12,2.33,-0.46,2.5
Lugo,2019,12,13,6.87,-0.72,12.9
Lugo,2019,12,14,11.78,0.43,0
Lugo,2019,12,15,9.54,2.16,0
Lugo,2019,12,16,9.14,5.94,0
Lugo,2019,12,17,12.23,6.2,0
Lugo,2019,12,18,9.41,6.71,0
Lugo,2019,12,19,11.65,9.6,0
Lugo,2019,12,20,14.68,7.29,0
Lugo,2019,12,21,17.97,12.71,8.8
Lugo,2019,12,22,12.64,6.97,22.7
Lugo,2019,12,23,15.29,4.86,0
Lugo,2019,12,24,15.46,6.95,0
Lugo,2019,12,25,14.1,3.88,0
Lugo,2019,12,26,11.35,1.73,0
Lugo,2019,12,27,9.17,2.47,0
Lugo,2019,12,28,10.65,3.2,0
Lugo,2019,12,29,3.07,0.47,0
Lugo,2019,12,30,3.72,-0.75,0
Lugo,2019,12,31,7.83,-2.39,0
Lugo,2020,1,1,8.58,-3.09,0
Lugo,2020,1,2,8.3,-2.28,0
Lugo,2020,1,3,10.72,-1.53,0
Lugo,2020,1,4,10.97,1.38,0
Lugo,2020,1,5,10.48,-1.14,0
Lugo,2020,1,6,9.41,-1.9,0
Lugo,2020,1,7,2.55,-2.16,0
Lugo,2020,1,8,4.47,-1.21,0
Lugo,2020,1,9,9.62,-2.45,0
Lugo,2020,1,10,12.73,-3.38,0
Lugo,2020,1,11,9.73,0.51,0
Lugo,2020,1,12,10.31,-1.89,0
Lugo,2020,1,13,3.41,-4.84,0
Lugo,2020,1,14,6.87,-3.86,0
Lugo,2020,1,15,7.62,2.71,0
Lugo,2020,1,16,8.63,0.06,0
Lugo,2020,1,17,11.49,-0.28,0
Lugo,2020,1,18,6.97,5.5,11.7
Lugo,2020,1,19,9.62,2.54,0
Lugo,2020,1,20,9.04,0.48,0
Lugo,2020,1,21,7.59,-0.05,0
Lugo,2020,1,22,9.51,-1.64,0
Lugo,2020,1,23,8.65,-2.27,0
Lugo,2020,1,24,7.93,-2.65,0
Lugo,2020,1,25,5.38,4.27,5.7
Lugo,2020,1,26,8.56,-0.28,0
Lugo,2020,1,27,12.86,-0.47,0
Lugo,2020,1,28,16.21,6.32,0
Lugo,2020,1,29,14.97,2.36,0
Lugo,2020,1,30,14.11,0.57,0
Lugo,2020,1,31,11.6,4.02,0
Lugo,2020,2,1,13.92,8.75,0
Lugo,2020,2,2,11.01,7.18,0
Lugo,2020,2,3,8.03,5.89,0
Lugo,2020,2,4,18,5.75,0
Lugo,2020,2,5,14.02,3.8,0
Lugo,2020,2,6,12.16,4.52,0
Lugo,2020,2,7,13.23,0.01,0
Lugo,2020,2,8,11.39,0.36,0
Lugo,2020,2,9,12.14,0.84,0
Lugo,2020,2,10,17.2,8.03,0
Lugo,2020,2,11,20.66,9.15,0
Lugo,2020,2,12,17.63,5.29,0
Lugo,2020,2,13,15.09,3.18,0
Lugo,2020,2,14,16.11,6.63,1.2
Lugo,2020,2,15,14.74,3.92,0
Lugo,2020,2,16,13.78,4.03,0
Lugo,2020,2,17,16.79,4.86,0
Lugo,2020,2,18,12.97,8.37,0
Lugo,2020,2,19,14.25,7.9,0
Lugo,2020,2,20,14.75,3.7,0
Lugo,2020,2,21,14.84,2.21,0
Lugo,2020,2,22,14.02,3.79,0
Lugo,2020,2,23,14.61,4.4,0
Lugo,2020,2,24,15.55,6.17,0
Lugo,2020,2,25,18.17,6.06,0
Lugo,2020,2,26,17.33,6.18,4.5
Lugo,2020,2,27,15.22,2.77,0
Lugo,2020,2,28,16.43,5.75,0
Lugo,2020,2,29,14.84,2.3,0
Lugo,2020,3,1,12.07,7.43,1.5
Lugo,2020,3,2,16.29,3.34,2.5
Lugo,2020,3,3,12.71,6.37,1.4
Lugo,2020,3,4,11.09,6.57,4.5
Lugo,2020,3,5,12.74,2.5,1.5
Lugo,2020,3,6,12.21,5.55,1.5
Lugo,2020,3,7,13.12,7.07,0
Lugo,2020,3,8,14.98,6.31,0
Lugo,2020,3,9,14.55,4.54,0
Lugo,2020,3,10,15.99,4.64,0
Lugo,2020,3,11,17.73,6.43,0
Lugo,2020,3,12,17.05,5.61,0
Lugo,2020,3,13,18.29,10.32,0
Lugo,2020,3,14,13.81,10.15,0
Lugo,2020,3,15,14.65,7.67,0
Lugo,2020,3,16,16,1.89,0
Lugo,2020,3,17,17.1,4.15,0
Lugo,2020,3,18,19.24,5.91,0
Lugo,2020,3,19,20.86,8.22,0
Lugo,2020,3,20,18.37,7.06,0
Lugo,2020,3,21,18.04,7.62,0
Lugo,2020,3,22,14.01,9.91,0
Lugo,2020,3,23,8.69,3.95,0
Lugo,2020,3,24,9.59,1.31,0
Lugo,2020,3,25,9.31,4.93,0
Lugo,2020,3,26,7.32,3.88,4.8
Lugo,2020,3,27,10.98,5.4,0.9
Lugo,2020,3,28,17.65,6.4,0
Lugo,2020,3,29,19.31,6.51,0
Lugo,2020,3,30,15.13,7.22,3.1
Lugo,2020,3,31,10.64,4.09,1.8
Lugo,2020,4,1,10.97,3.36,0
Lugo,2020,4,2,13.99,0.02,0
Lugo,2020,4,3,14.93,1.52,0
Lugo,2020,4,4,17.79,4.14,0
Lugo,2020,4,5,18.07,6.95,0
Lugo,2020,4,6,19.54,6.03,0
Lugo,2020,4,7,20.26,6.67,0
Lugo,2020,4,8,20.49,5.85,0
Lugo,2020,4,9,22.46,5.83,0
Lugo,2020,4,10,23.73,7.87,0
Lugo,2020,4,11,24.31,9.63,0
Lugo,2020,4,12,25.39,10.24,0
Lugo,2020,4,13,22.9,9.81,0
Lugo,2020,4,14,20.9,11.05,0
Lugo,2020,4,15,15.77,6.07,0
Lugo,2020,4,16,19.83,4.82,0
Lugo,2020,4,17,21.32,6.97,0
Lugo,2020,4,18,22.33,9.87,0
Lugo,2020,4,19,22.8,12.05,0
Lugo,2020,4,20,15.5,14.26,12.7
Lugo,2020,4,21,15.4,12,1.6
Lugo,2020,4,22,19.8,10.78,0
Lugo,2020,4,23,20.74,8.71,0
Lugo,2020,4,24,22.73,7.26,0
Lugo,2020,4,25,25.27,11.75,0
Lugo,2020,4,26,24.51,13.54,0
Lugo,2020,4,27,24.13,12.08,0
Lugo,2020,4,28,22.02,13.58,2
Lugo,2020,4,29,23.89,13.32,0
Lugo,2020,4,30,22.76,10.08,0
Lugo,2020,5,1,23.03,11.71,0
Lugo,2020,5,2,24.5,11.68,0
Lugo,2020,5,3,20.76,6.26,0
Lugo,2020,5,4,23.35,5.21,0
Lugo,2020,5,5,24.81,7.2,0
Lugo,2020,5,6,19.62,8.61,0
Lugo,2020,5,7,22.64,4.83,0
Lugo,2020,5,8,25.29,5.09,0
Lugo,2020,5,9,28.55,10.58,0
Lugo,2020,5,10,26.3,12.36,0
Lugo,2020,5,11,25.1,14.48,1.5
Lugo,2020,5,12,24.73,12.93,0
Lugo,2020,5,13,24.7,10.52,0
Lugo,2020,5,14,23.96,12.58,0
Lugo,2020,5,15,25.28,11.92,0
Lugo,2020,5,16,21.01,11.59,0
Lugo,2020,5,17,26.83,13.17,0
Lugo,2020,5,18,24.33,11.83,1.4
Lugo,2020,5,19,24.14,15.27,0
Lugo,2020,5,20,21.91,12.33,4.9
Lugo,2020,5,21,25.77,10.08,0
Lugo,2020,5,22,27.41,11.55,0
Lugo,2020,5,23,30.83,13.71,0
Lugo,2020,5,24,24.4,10.36,0
Lugo,2020,5,25,27.6,8.13,0
Lugo,2020,5,26,23.54,10.11,0
Lugo,2020,5,27,23.95,7.09,0
Lugo,2020,5,28,26.29,7.23,0
Lugo,2020,5,29,19.06,9.98,13.9
Lugo,2020,5,30,22.9,8.94,0
Lugo,2020,5,31,22.71,12.86,0
Lugo,2020,6,1,25.93,10.35,0
Lugo,2020,6,2,29.58,11.04,0
Lugo,2020,6,3,28.6,12.35,0
Lugo,2020,6,4,21.78,15.95,13.4
Lugo,2020,6,5,25.33,13.58,0
Lugo,2020,6,6,27.53,11.74,0
Lugo,2020,6,7,28.56,12.99,4.8
Lugo,2020,6,8,23.66,13.5,11.4
Lugo,2020,6,9,25.23,12.36,7
Lugo,2020,6,10,24.22,11.74,13.4
Lugo,2020,6,11,23.22,10.14,5.8
Lugo,2020,6,12,27.6,9.98,0
Lugo,2020,6,13,29.16,13.16,2.7
Lugo,2020,6,14,25.84,12.42,0
Lugo,2020,6,15,23.59,16,2.7
Lugo,2020,6,16,26.98,16.43,0
Lugo,2020,6,17,25.54,15.9,7.9
Lugo,2020,6,18,28.01,14.28,0
Lugo,2020,6,19,29.18,11.95,0
Lugo,2020,6,20,29,13.1,0
Lugo,2020,6,21,29.15,13.42,0
Lugo,2020,6,22,32.16,15.8,0
Lugo,2020,6,23,32.43,16.06,0
Lugo,2020,6,24,29.31,15.42,0
Lugo,2020,6,25,30.7,16.72,0
Lugo,2020,6,26,31.35,16.16,0
Lugo,2020,6,27,33.38,15.22,0
Lugo,2020,6,28,33.66,16.74,0
Lugo,2020,6,29,32.59,16.64,0
Lugo,2020,6,30,33.61,17.02,0
Lugo,2020,7,1,34.46,16.96,0
Lugo,2020,7,2,31.88,20.66,0
Lugo,2020,7,3,29.95,17.56,0
Lugo,2020,7,4,30.41,15.71,0
Lugo,2020,7,5,31.09,14.86,0
Lugo,2020,7,6,33.47,15.68,0
Lugo,2020,7,7,26.36,12.71,3.4
Lugo,2020,7,8,28.42,10.53,0
Lugo,2020,7,9,30.79,12.63,0
Lugo,2020,7,10,32.67,14.83,0
Lugo,2020,7,11,34.65,17.87,22.6
Lugo,2020,7,12,26.79,15.48,0
Lugo,2020,7,13,26.6,12.75,0
Lugo,2020,7,14,26.83,12.35,0
Lugo,2020,7,15,28.74,12.78,0
Lugo,2020,7,16,30.06,14.21,0
Lugo,2020,7,17,26.92,18.06,12.4
Lugo,2020,7,18,26.51,16.76,1
Lugo,2020,7,19,28.59,14.07,0
Lugo,2020,7,20,31.89,14.74,0
Lugo,2020,7,21,33.16,16.79,0
Lugo,2020,7,22,32.67,18.61,0
Lugo,2020,7,23,29.83,18.39,7.3
Lugo,2020,7,24,25.9,16.12,25.7
Lugo,2020,7,25,30.11,15.38,0
Lugo,2020,7,26,31.79,16.09,0
Lugo,2020,7,27,31.4,16.81,0
Lugo,2020,7,28,33.29,18,0
Lugo,2020,7,29,33.48,19.96,0
Lugo,2020,7,30,35.17,21.01,0
Lugo,2020,7,31,37.37,20.34,0
Lugo,2020,8,1,36.55,19.37,0
Lugo,2020,8,2,31.55,21.04,3.8
Lugo,2020,8,3,26.54,17.64,11.3
Lugo,2020,8,4,23.43,16.31,6.5
Lugo,2020,8,5,24.49,16.73,6.3
Lugo,2020,8,6,27.25,17.25,0
Lugo,2020,8,7,31.02,17.51,0
Lugo,2020,8,8,33.26,19.22,0
Lugo,2020,8,9,34.04,18.81,0
Lugo,2020,8,10,34,17.75,0
Lugo,2020,8,11,34.69,18.05,0
Lugo,2020,8,12,33.3,20.57,0
Lugo,2020,8,13,34.8,20.51,0
Lugo,2020,8,14,33.88,20.12,0
Lugo,2020,8,15,32.17,19.74,0
Lugo,2020,8,16,32.34,18.39,0
Lugo,2020,8,17,32.94,18.69,0
Lugo,2020,8,18,30.75,18.23,0
Lugo,2020,8,19,31.13,18.32,0
Lugo,2020,8,20,32.72,17.58,0
Lugo,2020,8,21,34.25,17.31,0
Lugo,2020,8,22,36.08,18.2,0
Lugo,2020,8,23,32.2,20.38,0
Lugo,2020,8,24,30.23,19.05,0
Lugo,2020,8,25,30.52,17.71,0
Lugo,2020,8,26,33.89,16.68,0
Lugo,2020,8,27,31.81,18.05,0
Lugo,2020,8,28,34.41,17.61,0
Lugo,2020,8,29,34.86,20.12,0
Lugo,2020,8,30,28.26,18.74,4.9
Lugo,2020,8,31,22.39,14.71,6.8
Lugo,2020,9,1,27.17,12.05,0
Lugo,2020,9,2,27.15,11.19,4.1
Lugo,2020,9,3,26.96,14.64,0
Lugo,2020,9,4,29.57,11.95,0
Lugo,2020,9,5,30.87,12.12,0
Lugo,2020,9,6,31.11,13.86,0
Lugo,2020,9,7,29.89,14.43,0
Lugo,2020,9,8,28.6,14.57,0
Lugo,2020,9,9,29.98,13.38,0
Lugo,2020,9,10,30.32,14.7,0
Lugo,2020,9,11,30.49,16.05,0
Lugo,2020,9,12,30.51,15.87,0
Lugo,2020,9,13,30.92,15.59,0
Lugo,2020,9,14,30.33,16.46,0
Lugo,2020,9,15,30.94,15.96,0
Lugo,2020,9,16,30.78,15.7,0
Lugo,2020,9,17,30.92,15.58,0
Lugo,2020,9,18,28.98,15.91,0
Lugo,2020,9,19,27.49,13.61,0
Lugo,2020,9,20,28.13,12.67,0
Lugo,2020,9,21,27.23,14.86,0
Lugo,2020,9,22,26.59,15.37,31.1
Lugo,2020,9,23,25.12,15.08,0
Lugo,2020,9,24,26.13,14.09,9.8
Lugo,2020,9,25,25.34,11.62,4.2
Lugo,2020,9,26,20.58,9.2,4.7
Lugo,2020,9,27,15.94,7.17,12
Lugo,2020,9,28,20.06,8.6,0
Lugo,2020,9,29,22.63,7.25,0
Lugo,2020,9,30,22.99,9.68,0
Lugo,2020,10,1,23.59,11,0
Lugo,2020,10,2,20.75,13.71,0
Lugo,2020,10,3,21.36,14.6,2.2
Lugo,2020,10,4,21.72,14.05,8.8
Lugo,2020,10,5,21.78,10.78,2.6
Lugo,2020,10,6,22.27,7.47,0
Lugo,2020,10,7,21.06,9.09,0
Lugo,2020,10,8,22.34,5.85,0
Lugo,2020,10,9,21.77,7.21,0
Lugo,2020,10,10,21.83,8.86,0
Lugo,2020,10,11,13.85,9.14,14.2
Lugo,2020,10,12,14.63,6.6,1.6
Lugo,2020,10,13,16.66,4.27,0
Lugo,2020,10,14,16.66,3.73,8.2
Lugo,2020,10,15,13.63,9.46,5.8
Lugo,2020,10,16,14.8,6.31,0
Lugo,2020,10,17,17.47,3.86,0
Lugo,2020,10,18,17.99,5.03,0
Lugo,2020,10,19,17.83,4.58,0
Lugo,2020,10,20,18.17,4.21,0
Lugo,2020,10,21,18.88,4.65,0
Lugo,2020,10,22,20.36,5.41,0
Lugo,2020,10,23,15.55,11.52,0
Lugo,2020,10,24,14.42,12.42,1.1
Lugo,2020,10,25,19.2,10.45,0
Lugo,2020,10,26,20.24,11.27,5.8
Lugo,2020,10,27,15.36,5.16,0
Lugo,2020,10,28,16.97,3.6,0
Lugo,2020,10,29,17.75,4.94,0
Lugo,2020,10,30,17.8,5.59,0
Lugo,2020,10,31,17.78,7.07,0
Lugo,2020,11,1,16.83,9.17,0
Lugo,2020,11,2,15.57,8.64,0
Lugo,2020,11,3,15.15,13.26,0
Lugo,2020,11,4,15.6,13.77,0
Lugo,2020,11,5,16.84,11.55,0
Lugo,2020,11,6,17.17,8.21,0
Lugo,2020,11,7,18.49,8.13,0
Lugo,2020,11,8,17.56,7.2,0
Lugo,2020,11,9,18.64,7.8,0
Lugo,2020,11,10,16.79,8.69,0
Lugo,2020,11,11,13.21,8.71,0
Lugo,2020,11,12,14.46,10.92,0
Lugo,2020,11,13,14.52,11.23,0
Lugo,2020,11,14,13.3,11.63,0
Lugo,2020,11,15,14.4,11.43,0
Lugo,2020,11,16,12.46,10.88,4.7
Lugo,2020,11,17,15.72,7.48,0
Lugo,2020,11,18,14.63,4.97,0
Lugo,2020,11,19,12.34,3.51,0
Lugo,2020,11,20,13.18,4.08,7.3
Lugo,2020,11,21,10.85,1.8,0
Lugo,2020,11,22,10.31,0.8,0
Lugo,2020,11,23,10.53,0.65,0
Lugo,2020,11,24,10.16,3.28,0
Lugo,2020,11,25,11.81,0.91,0
Lugo,2020,11,26,8.7,1.47,0
Lugo,2020,11,27,7.8,2.82,0
Lugo,2020,11,28,7.4,5.6,1.7
Lugo,2020,11,29,8.52,4.34,1.6
Lugo,2020,11,30,9.47,0.77,0
Lugo,2020,12,1,6.77,0.31,11.6
Lugo,2020,12,2,7.72,2.59,39.4
Lugo,2020,12,3,7.1,1.91,1.3
Lugo,2020,12,4,13.88,2.22,0
Lugo,2020,12,5,13.81,7.72,12.6
Lugo,2020,12,6,11.04,4.15,6.8
Lugo,2020,12,7,12.09,3.62,0
Lugo,2020,12,8,9.62,4.94,7.8
Lugo,2020,12,9,8.33,5.69,10.3
Lugo,2020,12,10,8.18,5.51,0
Lugo,2020,12,11,9.89,5.29,0
Lugo,2020,12,12,7.14,4.33,0
Lugo,2020,12,13,10.06,1.84,0
Lugo,2020,12,14,8.48,-0.54,0
Lugo,2020,12,15,8.83,0.15,0
Lugo,2020,12,16,10.15,3.22,0
Lugo,2020,12,17,8.72,6.2,0
Lugo,2020,12,18,9.82,7.08,0
Lugo,2020,12,19,8.52,6.94,0
Lugo,2020,12,20,9.08,6.97,0
Lugo,2020,12,21,9.5,7.1,0
Lugo,2020,12,22,12.72,5.77,0
Lugo,2020,12,23,11.38,8.06,0
Lugo,2020,12,24,15.98,7.26,0
Lugo,2020,12,25,12.97,7.19,1.4
Lugo,2020,12,26,10.02,4.16,8.2
Lugo,2020,12,27,6.32,0,0
Lugo,2020,12,28,11.38,0.66,2.8
Lugo,2020,12,29,13.24,2.17,3.2
Lugo,2020,12,30,5.28,3.11,1.3
Lugo,2020,12,31,9.22,1.39,2.2
Lugo,2021,1,1,6.51,2.46,0.8
Lugo,2021,1,2,7.73,1.32,1.9
Lugo,2021,1,3,10.76,0.9,0
Lugo,2021,1,4,4.37,2.1,0
Lugo,2021,1,5,6.25,0.32,4.3
Lugo,2021,1,6,6.48,-0.25,0
Lugo,2021,1,7,5.94,-0.73,0
Lugo,2021,1,8,6.29,-0.01,0
Lugo,2021,1,9,2.75,-0.15,0
Lugo,2021,1,10,2.03,-0.44,3.6
Lugo,2021,1,11,3.11,-1.13,0
Lugo,2021,1,12,4.82,-3.85,0
Lugo,2021,1,13,4.93,-4.52,0
Lugo,2021,1,14,6.34,-4.02,0
Lugo,2021,1,15,4.82,-1.83,0
Lugo,2021,1,16,6.39,-4.76,0
Lugo,2021,1,17,2.23,-2.38,0
Lugo,2021,1,18,4.29,-4.26,0
Lugo,2021,1,19,1.47,-6.3,0
Lugo,2021,1,20,4.81,-4.55,0
Lugo,2021,1,21,3.8,-0.57,0
Lugo,2021,1,22,11.75,1.05,1.3
Lugo,2021,1,23,9.87,3.11,1.8
Lugo,2021,1,24,4.64,-0.58,10
Lugo,2021,1,25,4.21,-1.24,1.2
Lugo,2021,1,26,8.44,-2.34,0
Lugo,2021,1,27,6.07,-3.48,0
Lugo,2021,1,28,6,-3.12,0
Lugo,2021,1,29,5.23,-1.65,0
Lugo,2021,1,30,14.31,-1.9,1.7
Lugo,2021,1,31,7.28,5.37,0.8
Lugo,2021,2,1,7.76,3.19,0
Lugo,2021,2,2,11.3,0.74,0
Lugo,2021,2,3,8.83,3.21,0
Lugo,2021,2,4,10.45,5.05,0
Lugo,2021,2,5,10.27,6.34,0
Lugo,2021,2,6,10.32,7.25,0
Lugo,2021,2,7,12.75,7.96,1.4
Lugo,2021,2,8,14.39,8.19,0
Lugo,2021,2,9,11.89,6.01,4
Lugo,2021,2,10,15.13,6.97,2.6
Lugo,2021,2,11,12.14,3.61,0
Lugo,2021,2,12,5.9,0.35,1.3
Lugo,2021,2,13,1.53,-1.27,2.8
Lugo,2021,2,14,5.94,-4.54,0
Lugo,2021,2,15,7.91,-7.18,0
Lugo,2021,2,16,10.95,-3.16,0
Lugo,2021,2,17,10.88,-0.96,0
Lugo,2021,2,18,13.5,3.56,0
Lugo,2021,2,19,17.28,2.18,0
Lugo,2021,2,20,15.87,1.16,0
Lugo,2021,2,21,13.07,1.16,0
Lugo,2021,2,22,12.9,2.47,0
Lugo,2021,2,23,16.68,0.58,0
Lugo,2021,2,24,20,1.22,0
Lugo,2021,2,25,21.15,1.52,0
Lugo,2021,2,26,22.14,0.94,0
Lugo,2021,2,27,15.73,0.8,0
Lugo,2021,2,28,14.62,-1.1,0
Lugo,2021,3,1,15.86,-3.4,0
Lugo,2021,3,2,17.03,-2.16,0
Lugo,2021,3,3,18.39,-2.09,0
Lugo,2021,3,4,18.77,-1.46,0
Lugo,2021,3,5,17.67,4.89,0
Lugo,2021,3,6,10.79,-1,6.5
Lugo,2021,3,7,12.47,-2.46,0
Lugo,2021,3,8,12.82,-2.48,0
Lugo,2021,3,9,12.16,0.42,0
Lugo,2021,3,10,14.88,0.4,0
Lugo,2021,3,11,16.86,-1.12,0
Lugo,2021,3,12,19.22,5.08,0
Lugo,2021,3,13,19.42,0.8,0
Lugo,2021,3,14,15.11,2.5,1.5
Lugo,2021,3,15,15.96,0.15,0
Lugo,2021,3,16,16.63,-0.27,0
Lugo,2021,3,17,16.06,-2.32,0
Lugo,2021,3,18,12.51,-1.93,0
Lugo,2021,3,19,11.45,-2.38,0
Lugo,2021,3,20,11.01,-2.73,0
Lugo,2021,3,21,10.46,-1.67,0
Lugo,2021,3,22,14.4,-0.96,0
Lugo,2021,3,23,13.89,1.26,0
Lugo,2021,3,24,17.85,-2.71,0
Lugo,2021,3,25,18.93,-1.03,0
Lugo,2021,3,26,20.13,0.84,0
Lugo,2021,3,27,20.03,5.5,0
Lugo,2021,3,28,21.06,4.08,0
Lugo,2021,3,29,23.16,3.11,0
Lugo,2021,3,30,23.7,3.41,0
Lugo,2021,3,31,26.19,4.42,0
Lugo,2021,4,1,27.45,4.91,0
Lugo,2021,4,2,27.25,8.43,0
Lugo,2021,4,3,17.48,7.13,0
Lugo,2021,4,4,14.58,0.02,0
Lugo,2021,4,5,17.7,-1.78,0
Lugo,2021,4,6,12.25,0.07,7.2
Lugo,2021,4,7,12.05,-0.67,0
Lugo,2021,4,8,17.99,-1.16,0
Lugo,2021,4,9,18.95,-0.03,0
Lugo,2021,4,10,17.93,6.96,5
Lugo,2021,4,11,17.99,9.7,2.8
Lugo,2021,4,12,18.36,10.81,20.9
Lugo,2021,4,13,10.84,5.99,8.3
Lugo,2021,4,14,13.53,0.61,0
Lugo,2021,4,15,12.94,-0.5,0
Lugo,2021,4,16,14.76,-0.6,0
Lugo,2021,4,17,15.11,-0.29,0
Lugo,2021,4,18,14.58,2.05,0
Lugo,2021,4,19,16.93,4.04,0
Lugo,2021,4,20,20.86,1.82,0
Lugo,2021,4,21,20.17,3.65,0
Lugo,2021,4,22,19.31,5.56,0
Lugo,2021,4,23,19.75,2.88,0
Lugo,2021,4,24,21.9,2.73,0
Lugo,2021,4,25,23.56,3.64,0
Lugo,2021,4,26,17.4,9.44,2
Lugo,2021,4,27,13.8,10.39,1.3
Lugo,2021,4,28,17.51,10.93,0
Lugo,2021,4,29,21.51,9.68,2.8
Lugo,2021,4,30,24.57,12.23,1.9
Lugo,2021,5,1,21.21,11.17,6.2
Lugo,2021,5,2,20.79,10.35,0
Lugo,2021,5,3,20.85,7.93,0
Lugo,2021,5,4,23.62,4.7,0
Lugo,2021,5,5,22.36,12.21,0
Lugo,2021,5,6,24.01,13.03,0
Lugo,2021,5,7,25.57,12.6,0
Lugo,2021,5,8,20.83,8.14,0
Lugo,2021,5,9,22.69,6.14,0
Lugo,2021,5,10,26.15,7.58,0
Lugo,2021,5,11,21.22,12.53,0.8
Lugo,2021,5,12,22.06,10.84,3.6
Lugo,2021,5,13,22.58,9.34,0
Lugo,2021,5,14,22.77,6.97,1.3
Lugo,2021,5,15,23.21,10.32,0
Lugo,2021,5,16,21.64,14.61,0
Lugo,2021,5,17,23,12.16,4.5
Lugo,2021,5,18,25.47,6.91,0
Lugo,2021,5,19,21.89,9.05,4.5
Lugo,2021,5,20,24.34,6.98,0
Lugo,2021,5,21,24.79,7.14,0
Lugo,2021,5,22,23.65,13.26,0
Lugo,2021,5,23,27.34,13.36,0
Lugo,2021,5,24,20.34,14.01,14
Lugo,2021,5,25,24.51,9.1,0
Lugo,2021,5,26,23.58,8.13,0
Lugo,2021,5,27,27.11,9.24,0
Lugo,2021,5,28,24.17,10.19,0
Lugo,2021,5,29,25.58,10.76,0
Lugo,2021,5,30,23.58,10.03,0
Lugo,2021,5,31,23.07,9.3,0
Lugo,2021,6,1,25.42,6.73,0
Lugo,2021,6,2,26.97,8.36,0
Lugo,2021,6,3,29.66,11.19,0
Lugo,2021,6,4,31.37,11.71,0
Lugo,2021,6,5,29.37,15.14,0
Lugo,2021,6,6,28.31,17.18,12.2
Lugo,2021,6,7,26.58,17.02,0
Lugo,2021,6,8,27.24,14.89,0
Lugo,2021,6,9,29.88,13.8,0
Lugo,2021,6,10,30.16,14.09,0
Lugo,2021,6,11,28.42,13.61,0
Lugo,2021,6,12,32.46,13.02,0
Lugo,2021,6,13,33.2,15.85,0
Lugo,2021,6,14,28.09,15.51,0
Lugo,2021,6,15,28.86,12.81,0
Lugo,2021,6,16,30.27,13.02,0
Lugo,2021,6,17,32.88,16.11,0
Lugo,2021,6,18,34.16,16.58,0
Lugo,2021,6,19,33.78,17.14,0
Lugo,2021,6,20,35.04,17.63,0
Lugo,2021,6,21,34.67,18.54,0
Lugo,2021,6,22,35.23,18.9,0
Lugo,2021,6,23,34.97,17.9,0
Lugo,2021,6,24,34.96,17.25,0
Lugo,2021,6,25,32.65,12.83,0
Lugo,2021,6,26,32.59,13.31,0
Lugo,2021,6,27,33.59,14.1,0
Lugo,2021,6,28,33.22,15.86,0
Lugo,2021,6,29,35.82,17.78,0
Lugo,2021,6,30,30.72,20.63,0
Lugo,2021,7,1,32.72,17.45,0
Lugo,2021,7,2,31.51,15.68,0
Lugo,2021,7,3,32.46,16.55,0
Lugo,2021,7,4,29.9,18.66,0
Lugo,2021,7,5,31.58,16.81,0
Lugo,2021,7,6,32.89,14.74,0
Lugo,2021,7,7,37.63,17.53,0
Lugo,2021,7,8,37.08,18.25,0
Lugo,2021,7,9,32.64,14.26,0
Lugo,2021,7,10,33.12,13.7,0
Lugo,2021,7,11,33.99,16.58,0
Lugo,2021,7,12,35.22,16.85,0
Lugo,2021,7,13,31.79,18.07,15.5
Lugo,2021,7,14,28.24,15.69,0
Lugo,2021,7,15,28.7,12.88,0
Lugo,2021,7,16,24.9,17.96,7.8
Lugo,2021,7,17,28.22,18.8,0
Lugo,2021,7,18,32.45,18.06,0
Lugo,2021,7,19,32.49,18.59,0
Lugo,2021,7,20,33.39,17.59,0
Lugo,2021,7,21,32.82,17.38,0
Lugo,2021,7,22,32.56,17.46,0
Lugo,2021,7,23,32.72,17.34,0
Lugo,2021,7,24,35.76,18.55,0
Lugo,2021,7,25,33.1,19.92,0
Lugo,2021,7,26,33.28,18.84,0
Lugo,2021,7,27,33.45,19.22,0.9
Lugo,2021,7,28,34.97,18.35,0
Lugo,2021,7,29,34.26,17.91,0
Lugo,2021,7,30,36.03,17.04,0
Lugo,2021,7,31,37.76,19.84,0
Lugo,2021,8,1,33.17,18.46,1
Lugo,2021,8,2,32.2,14.96,0
Lugo,2021,8,3,32.68,14.55,0
Lugo,2021,8,4,31.8,19.76,0
Lugo,2021,8,5,31.71,20.61,0
Lugo,2021,8,6,33.2,17.38,0
Lugo,2021,8,7,36.02,15.89,0
Lugo,2021,8,8,34.65,20.6,0
Lugo,2021,8,9,34.45,16.56,0
Lugo,2021,8,10,33.12,17.15,0
Lugo,2021,8,11,35.73,17.31,0
Lugo,2021,8,12,35.71,16.05,0
Lugo,2021,8,13,35.59,18.12,0
Lugo,2021,8,14,37.42,17.58,0
Lugo,2021,8,15,37.48,18.03,0
Lugo,2021,8,16,38.18,21.96,0
Lugo,2021,8,17,31.29,17.05,0
Lugo,2021,8,18,30.15,14.25,0
Lugo,2021,8,19,31.06,12.16,0
Lugo,2021,8,20,31.58,13.91,0
Lugo,2021,8,21,34.26,14.08,0
Lugo,2021,8,22,35.72,15.54,0
Lugo,2021,8,23,27.32,18.76,6.3
Lugo,2021,8,24,28.89,16.36,0
Lugo,2021,8,25,28.33,13.63,0
Lugo,2021,8,26,31.22,10.95,0
Lugo,2021,8,27,22.5,14.4,2
Lugo,2021,8,28,25.23,11.98,2.8
Lugo,2021,8,29,26.4,12.28,0
Lugo,2021,8,30,29.14,7.96,0
Lugo,2021,8,31,28.49,12.67,0.7
Lugo,2021,9,1,28.88,12.64,0
Lugo,2021,9,2,28.25,11.17,0
Lugo,2021,9,3,28.78,10.14,0
Lugo,2021,9,4,27.98,10.19,0
Lugo,2021,9,5,29.23,11.14,0
Lugo,2021,9,6,29.31,11.13,0
Lugo,2021,9,7,28.84,10.42,0
Lugo,2021,9,8,29.38,11.12,0
Lugo,2021,9,9,29.94,10.23,0
Lugo,2021,9,10,29.48,9.95,0
Lugo,2021,9,11,29.69,12.42,0
Lugo,2021,9,12,30.89,10.42,0
Lugo,2021,9,13,32.75,11.07,0
Lugo,2021,9,14,32.85,12.69,0
Lugo,2021,9,15,31.86,14.61,0
Lugo,2021,9,16,24.21,19.44,9.3
Lugo,2021,9,17,27.13,17.34,0
Lugo,2021,9,18,28.41,16.31,3.2
Lugo,2021,9,19,26.01,13.47,1.9
Lugo,2021,9,20,26.01,12.54,5.1
Lugo,2021,9,21,23.21,11.13,4
Lugo,2021,9,22,24.34,8.7,0
Lugo,2021,9,23,24.79,9.39,0
Lugo,2021,9,24,26.78,8.2,0
Lugo,2021,9,25,27.63,11.5,0
Lugo,2021,9,26,27.79,14.72,61.6
Lugo,2021,9,27,22.22,14.42,0
Lugo,2021,9,28,26.72,13.44,0
Lugo,2021,9,29,27.8,13.87,0
Lugo,2021,9,30,23.92,12.35,5.1
Lugo,2021,10,1,24.03,11.18,0
Lugo,2021,10,2,23.52,9.67,0
Lugo,2021,10,3,27.26,11.52,0
Lugo,2021,10,4,26.05,13.99,2.9
Lugo,2021,10,5,24.27,15.69,0
Lugo,2021,10,6,24.14,14.04,4.1
Lugo,2021,10,7,16.23,12.04,14.4
Lugo,2021,10,8,17.26,11.35,0
Lugo,2021,10,9,18.1,7.74,0
Lugo,2021,10,10,16.19,5.66,0
Lugo,2021,10,11,18.64,6.15,0
Lugo,2021,10,12,19.25,5.82,0
Lugo,2021,10,13,19.2,3.82,0
Lugo,2021,10,14,17.66,2.47,0
Lugo,2021,10,15,17.76,1.97,0
Lugo,2021,10,16,20.04,2.71,0
Lugo,2021,10,17,20.6,3.75,0
Lugo,2021,10,18,21.49,2.63,0
Lugo,2021,10,19,21.7,2.36,0
Lugo,2021,10,20,23.21,4.24,0
Lugo,2021,10,21,22.58,11.43,0
Lugo,2021,10,22,18.64,10.44,0
Lugo,2021,10,23,19.19,8.59,0
Lugo,2021,10,24,17.97,6.49,0
Lugo,2021,10,25,16.98,4.62,0
Lugo,2021,10,26,14.49,10.31,0
Lugo,2021,10,27,18.6,5.48,0
Lugo,2021,10,28,18.43,2.85,0
Lugo,2021,10,29,17.3,0.69,0
Lugo,2021,10,30,16.58,5.5,0
Lugo,2021,10,31,15.58,9.31,0
Lugo,2021,11,1,15.57,11.05,9.6
Lugo,2021,11,2,20.49,7.6,0
Lugo,2021,11,3,17.88,9.46,0
Lugo,2021,11,4,19.38,6.22,0
Lugo,2021,11,5,14.02,4.81,0
Lugo,2021,11,6,15.1,8.4,1
Lugo,2021,11,7,13.17,8.05,1.9
Lugo,2021,11,8,10.95,8.82,1.2
Lugo,2021,11,9,11.73,8.88,0
Lugo,2021,11,10,13.24,9.12,0
Lugo,2021,11,11,16.38,5.84,0
Lugo,2021,11,12,17.4,4.29,0
Lugo,2021,11,13,11.71,3.72,0
Lugo,2021,11,14,14.53,10.39,3.5
Lugo,2021,11,15,15.47,10.85,8.3
Lugo,2021,11,16,10.83,9.12,8.9
Lugo,2021,11,17,12.14,9.36,1.8
Lugo,2021,11,18,13.49,8.25,0
Lugo,2021,11,19,13.91,7.57,0
Lugo,2021,11,20,9.45,7.24,0
Lugo,2021,11,21,8.71,6.12,0
Lugo,2021,11,22,10.04,7.66,1.6
Lugo,2021,11,23,14.37,3.95,0
Lugo,2021,11,24,11.18,2.51,0
Lugo,2021,11,25,6.73,5.18,7.8
Lugo,2021,11,26,13.79,3.04,1.3
Lugo,2021,11,27,15.31,7.48,0
Lugo,2021,11,28,13.14,-0.16,0
Lugo,2021,11,29,6.72,-0.95,2.5
Lugo,2021,11,30,13.25,-2.64,0
Lugo,2021,12,1,13.65,-1.3,0
Lugo,2021,12,2,6.06,3.6,0
Lugo,2021,12,3,9.54,0.92,12.5
Lugo,2021,12,4,9.28,-0.96,0
Lugo,2021,12,5,9.12,-0.01,1.2
Lugo,2021,12,6,8.63,-1.79,1
Lugo,2021,12,7,7.18,-3.31,0
Lugo,2021,12,8,9.27,-3.71,0
Lugo,2021,12,9,5.54,1.86,8.8
Lugo,2021,12,10,6.92,-0.58,2.2
Lugo,2021,12,11,7.86,-0.61,3.7
Lugo,2021,12,12,10.16,-2.99,0
Lugo,2021,12,13,10.18,-1.63,0
Lugo,2021,12,14,8.95,-3.22,0
Lugo,2021,12,15,9.1,-2.91,0
Lugo,2021,12,16,10.1,-0.49,0
Lugo,2021,12,17,10.93,-1.16,0
Lugo,2021,12,18,1.41,-3.3,0
Lugo,2021,12,19,8.54,-3.35,0
Lugo,2021,12,20,6.67,-2.16,0
Lugo,2021,12,21,6.56,1.73,0
Lugo,2021,12,22,7,3.56,0
Lugo,2021,12,23,5.88,1.62,0
Lugo,2021,12,24,6.93,2.73,0
Lugo,2021,12,25,5.76,2.86,0
Lugo,2021,12,26,6.3,4.43,8.8
Lugo,2021,12,27,9.06,5.31,4.4
Lugo,2021,12,28,9.54,6.8,2.2
Lugo,2021,12,29,7.84,4.44,0
Lugo,2021,12,30,5.69,3.34,0
Lugo,2021,12,31,5.17,1.3,0
