site,year,month,day,tmax,tmin,prec
Ravenna,2007,1,1,7.84,0.51,0
Ravenna,2007,1,2,8.96,1.56,1.2
Ravenna,2007,1,3,11.81,-2.09,0
Ravenna,2007,1,4,8.13,-1.97,0
Ravenna,2007,1,5,9.82,-0.62,0
Ravenna,2007,1,6,11.12,-1.8,0
Ravenna,2007,1,7,9.79,-1.66,0
Ravenna,2007,1,8,9.02,4.04,0
Ravenna,2007,1,9,9.55,2.56,0
Ravenna,2007,1,10,8.32,3.96,0
Ravenna,2007,1,11,7.97,3.33,0
Ravenna,2007,1,12,8.37,0.08,0
Ravenna,2007,1,13,6.4,3.46,0
Ravenna,2007,1,14,6.17,3.6,0
Ravenna,2007,1,15,6.4,4.81,0
Ravenna,2007,1,16,5.26,3.25,0
Ravenna,2007,1,17,7.31,5.59,0
Ravenna,2007,1,18,7.62,5.57,0
Ravenna,2007,1,19,15.7,1.58,0
Ravenna,2007,1,20,9.41,2.19,0
Ravenna,2007,1,21,8.53,4.84,0
Ravenna,2007,1,22,8.72,5.21,0
Ravenna,2007,1,23,16.4,5.78,1.3
Ravenna,2007,1,24,11.16,1.93,0
Ravenna,2007,1,25,9.93,0.88,4.7
Ravenna,2007,1,26,5.73,1.54,2
Ravenna,2007,1,27,7.77,-1.47,0
Ravenna,2007,1,28,11.16,-3.85,0
Ravenna,2007,1,29,12.19,-2.04,0
Ravenna,2007,1,30,10.98,-2.39,0
Ravenna,2007,1,31,8.15,-3.11,0
Ravenna,2007,2,1,5.28,-0.74,0
Ravenna,2007,2,2,5.84,1.92,0
Ravenna,2007,2,3,9.83,-0.26,0
Ravenna,2007,2,4,9.78,-2.51,0
Ravenna,2007,2,5,11.7,-4.25,0
Ravenna,2007,2,6,13.79,-2.13,0
Ravenna,2007,2,7,8.92,3.71,2.4
Ravenna,2007,2,8,9,2.9,0
Ravenna,2007,2,9,9.27,6.5,2
Ravenna,2007,2,10,9.14,7.18,0
Ravenna,2007,2,11,12.75,3.51,0
Ravenna,2007,2,12,10.43,2.68,5.2
Ravenna,2007,2,13,14.64,1.85,6.6
Ravenna,2007,2,14,13.05,-0.92,0
Ravenna,2007,2,15,11.7,1.11,6.7
Ravenna,2007,2,16,12.68,-0.51,0
Ravenna,2007,2,17,12.8,-0.14,0
Ravenna,2007,2,18,10.4,0.35,0
Ravenna,2007,2,19,12.3,0.91,0
Ravenna,2007,2,20,11.45,2.39,0
Ravenna,2007,2,21,14.57,4.76,1
Ravenna,2007,2,22,14.65,5.6,0
Ravenna,2007,2,23,13.78,1.55,0
Ravenna,2007,2,24,13.85,3.49,0
Ravenna,2007,2,25,14.75,7.12,1
Ravenna,2007,2,26,14.8,2.07,0
Ravenna,2007,2,27,17.18,0.2,0
Ravenna,2007,2,28,16.42,1.87,0
Ravenna,2007,3,1,16.92,2.08,0
Ravenna,2007,3,2,19.65,7.96,0
Ravenna,2007,3,3,19.78,4.37,0
Ravenna,2007,3,4,18.77,4.31,0
Ravenna,2007,3,5,18.53,5.9,0
Ravenna,2007,3,6,17.62,9.14,0
Ravenna,2007,3,7,16.57,6.84,1.4
Ravenna,2007,3,8,14.94,7.41,1.4
Ravenna,2007,3,9,16.47,2.61,0
Ravenna,2007,3,10,15.85,2.28,0
Ravenna,2007,3,11,14.83,2.59,0
Ravenna,2007,3,12,16.44,1.31,0
Ravenna,2007,3,13,18.6,0.97,0
Ravenna,2007,3,14,20.28,1.51,0
Ravenna,2007,3,15,19.55,1.99,0
Ravenna,2007,3,16,19.79,1.01,0
Ravenna,2007,3,17,22.31,2.19,0
Ravenna,2007,3,18,22.52,5.26,0
Ravenna,2007,3,19,17.09,7.23,0
Ravenna,2007,3,20,9.71,3.18,8.3
Ravenna,2007,3,21,11.42,3.07,6.2
Ravenna,2007,3,22,11.73,1.09,0
Ravenna,2007,3,23,12.78,-0.32,0
Ravenna,2007,3,24,13.63,-0.57,2.6
Ravenna,2007,3,25,11.32,6.65,30.7
Ravenna,2007,3,26,10.1,6.41,32
Ravenna,2007,3,27,11.88,7.55,17.2
Ravenna,2007,3,28,14.15,3.69,0
Ravenna,2007,3,29,12.98,3.12,5.4
Ravenna,2007,3,30,11.04,7.13,12.7
Ravenna,2007,3,31,14.63,5.97,0
Ravenna,2007,4,1,15.83,6.89,0
Ravenna,2007,4,2,18.73,6.52,0
Ravenna,2007,4,3,19.04,6.03,0
Ravenna,2007,4,4,15.32,8.92,6.3
Ravenna,2007,4,5,16.95,4.36,0
Ravenna,2007,4,6,20.61,1.2,0
Ravenna,2007,4,7,21.02,2.35,0
Ravenna,2007,4,8,19.95,3.81,0
Ravenna,2007,4,9,22.47,4.86,0
Ravenna,2007,4,10,23.86,5.71,0
Ravenna,2007,4,11,24.29,6.31,0
Ravenna,2007,4,12,23.11,5.1,0
Ravenna,2007,4,13,21.97,6.52,0
Ravenna,2007,4,14,21.93,7.91,0
Ravenna,2007,4,15,24.4,6.69,0
Ravenna,2007,4,16,23.34,6.38,0
Ravenna,2007,4,17,22.92,5.27,0
Ravenna,2007,4,18,24.43,4.1,0
Ravenna,2007,4,19,20.32,9.79,0
Ravenna,2007,4,20,21.07,11.06,0
Ravenna,2007,4,21,21.81,10.45,0
Ravenna,2007,4,22,23.64,9.85,0
Ravenna,2007,4,23,26.46,8.28,0
Ravenna,2007,4,24,28.32,9.92,0
Ravenna,2007,4,25,25.11,12.29,0
Ravenna,2007,4,26,22.47,9.81,0
Ravenna,2007,4,27,24.1,7.71,0
Ravenna,2007,4,28,25.43,6.82,0
Ravenna,2007,4,29,27.19,7.21,0
Ravenna,2007,4,30,23.49,10.61,0
Ravenna,2007,5,1,22.53,11.65,0
Ravenna,2007,5,2,22.3,8.67,2.9
Ravenna,2007,5,3,19.25,11.9,3
Ravenna,2007,5,4,19.63,12.94,5.2
Ravenna,2007,5,5,21.1,10.44,4.5
Ravenna,2007,5,6,22.99,7.95,0
Ravenna,2007,5,7,25.7,10,0
Ravenna,2007,5,8,28.88,9.45,0
Ravenna,2007,5,9,30.25,11.17,0
Ravenna,2007,5,10,29.28,14.28,0
Ravenna,2007,5,11,28.37,11.56,0
Ravenna,2007,5,12,28.31,14.44,0
Ravenna,2007,5,13,29.36,12.48,0
Ravenna,2007,5,14,29.76,13.2,0
Ravenna,2007,5,15,25.39,15.07,0
Ravenna,2007,5,16,23,10.43,0
Ravenna,2007,5,17,24.08,8.75,0
Ravenna,2007,5,18,23.35,8.75,0
Ravenna,2007,5,19,24.02,6.23,0
Ravenna,2007,5,20,26.38,7.54,0
Ravenna,2007,5,21,29.05,11.11,0
Ravenna,2007,5,22,32.09,12.07,0
Ravenna,2007,5,23,31.77,16.63,0
Ravenna,2007,5,24,32.36,15.19,0
Ravenna,2007,5,25,32.58,13.41,0
Ravenna,2007,5,26,31.62,15.79,0
Ravenna,2007,5,27,28.83,13.37,4.9
Ravenna,2007,5,28,24.92,9.83,1.5
Ravenna,2007,5,29,20.52,10.04,2.1
Ravenna,2007,5,30,22.69,11.34,0
Ravenna,2007,5,31,24.75,7.99,0
Ravenna,2007,6,1,24.42,12.66,4.8
Ravenna,2007,6,2,22.46,14.01,2.3
Ravenna,2007,6,3,25.19,13.72,0
Ravenna,2007,6,4,27.37,12.42,3.6
Ravenna,2007,6,5,26.84,15.87,0
Ravenna,2007,6,6,20.31,17.61,7.5
Ravenna,2007,6,7,24.07,15.91,6.9
Ravenna,2007,6,8,27.36,15.3,0
Ravenna,2007,6,9,29.64,14.62,0
Ravenna,2007,6,10,30.72,14.43,0
Ravenna,2007,6,11,31,16.52,0
Ravenna,2007,6,12,28.68,16.25,8.8
Ravenna,2007,6,13,29.41,15.04,0
Ravenna,2007,6,14,31.05,16.3,0
Ravenna,2007,6,15,30.77,17.19,0
Ravenna,2007,6,16,30.26,15.09,0
Ravenna,2007,6,17,30.3,12.8,0
Ravenna,2007,6,18,31.32,18.39,0
Ravenna,2007,6,19,32.85,18.92,0
Ravenna,2007,6,20,32.31,20.65,0
Ravenna,2007,6,21,33.45,18.7,0
Ravenna,2007,6,22,32.08,16.82,0
Ravenna,2007,6,23,31.58,15.23,0
Ravenna,2007,6,24,32.21,11.16,0
Ravenna,2007,6,25,34.37,16.62,0
Ravenna,2007,6,26,30.86,14.6,0
Ravenna,2007,6,27,28.55,14.36,0
Ravenna,2007,6,28,27.99,12.19,0
Ravenna,2007,6,29,29.17,13.09,0
Ravenna,2007,6,30,29.65,14.89,0
Ravenna,2007,7,1,30.41,15.6,0
Ravenna,2007,7,2,32.25,16.41,0
Ravenna,2007,7,3,30.36,16.12,0
Ravenna,2007,7,4,29.98,12.64,3.7
Ravenna,2007,7,5,29.22,10.97,0
Ravenna,2007,7,6,31.75,11.68,0
Ravenna,2007,7,7,32.9,13.11,0
Ravenna,2007,7,8,33.52,15.93,0
Ravenna,2007,7,9,34.17,17.96,0
Ravenna,2007,7,10,29.37,17.49,0
Ravenna,2007,7,11,26.01,12.67,0
Ravenna,2007,7,12,28.05,9.64,0
Ravenna,2007,7,13,30.6,12.27,0
Ravenna,2007,7,14,33.3,13.85,0
Ravenna,2007,7,15,34.43,15.35,0
Ravenna,2007,7,16,36.07,14.73,0
Ravenna,2007,7,17,37.54,16.2,0
Ravenna,2007,7,18,37.87,16.36,0
Ravenna,2007,7,19,37.35,17.62,0
Ravenna,2007,7,20,38.62,16.08,0
Ravenna,2007,7,21,38.31,17.96,0
Ravenna,2007,7,22,35.74,20.49,0
Ravenna,2007,7,23,35.55,17.32,0
Ravenna,2007,7,24,33.45,20.41,0
Ravenna,2007,7,25,31.29,15.99,0
Ravenna,2007,7,26,31.56,15.21,0
Ravenna,2007,7,27,34.09,16.26,0
Ravenna,2007,7,28,34.77,17.32,0
Ravenna,2007,7,29,33.04,20.39,0
Ravenna,2007,7,30,34.94,17.81,21.2
Ravenna,2007,7,31,27.57,15.3,0
Ravenna,2007,8,1,27.41,12.6,0
Ravenna,2007,8,2,29.31,11.94,0
Ravenna,2007,8,3,27.4,17.2,1.7
Ravenna,2007,8,4,28.96,15.88,0
Ravenna,2007,8,5,28.69,14.47,0
Ravenna,2007,8,6,30.58,13.76,0
Ravenna,2007,8,7,32.39,13.06,0
Ravenna,2007,8,8,31.56,19.66,3.7
Ravenna,2007,8,9,28.22,15.26,0
Ravenna,2007,8,10,26.51,13.94,1.7
Ravenna,2007,8,11,27.5,16.38,0
Ravenna,2007,8,12,30.95,15.97,0
Ravenna,2007,8,13,31.7,17.88,0
Ravenna,2007,8,14,32.32,19.23,0
Ravenna,2007,8,15,32.97,18.1,0
Ravenna,2007,8,16,35.07,17.63,0
Ravenna,2007,8,17,34.57,16.85,0
Ravenna,2007,8,18,31.19,13.87,0
Ravenna,2007,8,19,31.52,16.39,0
Ravenna,2007,8,20,28.35,17.72,0
Ravenna,2007,8,21,27.28,13.27,2.3
Ravenna,2007,8,22,26.05,17.43,1.9
Ravenna,2007,8,23,22.68,16.26,6.9
Ravenna,2007,8,24,23.89,14.85,0
Ravenna,2007,8,25,29.04,15.19,0
Ravenna,2007,8,26,32.61,17.03,0
Ravenna,2007,8,27,32.78,16.34,0
Ravenna,2007,8,28,33.42,17.26,0
Ravenna,2007,8,29,32.42,18.66,0
Ravenna,2007,8,30,33.04,21.18,0
Ravenna,2007,8,31,24.89,17.02,10.3
Ravenna,2007,9,1,27.14,14.73,0
Ravenna,2007,9,2,26.55,13.82,0
Ravenna,2007,9,3,27.49,11.46,0
Ravenna,2007,9,4,22,11.2,10.2
Ravenna,2007,9,5,22.54,8.06,0
Ravenna,2007,9,6,23.53,8.23,0
Ravenna,2007,9,7,25.31,8.49,0
Ravenna,2007,9,8,27.05,9.87,0
Ravenna,2007,9,9,28.63,11.55,0
Ravenna,2007,9,10,28.52,13.24,0
Ravenna,2007,9,11,27.74,12.52,0
Ravenna,2007,9,12,25.65,8.8,0
Ravenna,2007,9,13,25.43,6.7,0
Ravenna,2007,9,14,26.28,8.99,0
Ravenna,2007,9,15,28.78,10.91,0
Ravenna,2007,9,16,27.97,12.73,0
Ravenna,2007,9,17,29.46,16.9,0
Ravenna,2007,9,18,28.28,16.58,8.6
Ravenna,2007,9,19,23.32,12.28,0
Ravenna,2007,9,20,22.1,8.96,0
Ravenna,2007,9,21,23.53,8.11,0
Ravenna,2007,9,22,24.54,6.55,0
Ravenna,2007,9,23,26.6,7.57,0
Ravenna,2007,9,24,25.67,9.56,0
Ravenna,2007,9,25,24.21,10.89,0
Ravenna,2007,9,26,23.05,11.99,1.2
Ravenna,2007,9,27,20.99,11.46,10
Ravenna,2007,9,28,19.49,9.79,3.6
Ravenna,2007,9,29,22.9,10.62,0
Ravenna,2007,9,30,22.84,12.16,0
Ravenna,2007,10,1,24.03,12.38,0
Ravenna,2007,10,2,26.27,10.92,0
Ravenna,2007,10,3,26.89,10.27,0
Ravenna,2007,10,4,27.11,15.28,0
Ravenna,2007,10,5,26.6,12.89,0
Ravenna,2007,10,6,25.08,15.27,10.3
Ravenna,2007,10,7,22.04,10.36,0
Ravenna,2007,10,8,22.04,9.3,0
Ravenna,2007,10,9,20.99,8.54,0
Ravenna,2007,10,10,21.35,10.1,0
Ravenna,2007,10,11,20.47,10.89,0
Ravenna,2007,10,12,21.58,8.75,0
Ravenna,2007,10,13,22.48,7.54,0
Ravenna,2007,10,14,18.9,6.76,0
Ravenna,2007,10,15,19.67,3.43,0
Ravenna,2007,10,16,19.63,1.11,0
Ravenna,2007,10,17,19.54,3.29,0
Ravenna,2007,10,18,19.88,4.64,4.5
Ravenna,2007,10,19,18.19,3.38,4.8
Ravenna,2007,10,20,14.31,4.61,6.1
Ravenna,2007,10,21,12.89,4.84,2.1
Ravenna,2007,10,22,10.83,5.55,3.1
Ravenna,2007,10,23,14.71,5.32,0
Ravenna,2007,10,24,13.42,8,4.7
Ravenna,2007,10,25,12.78,9.18,4.4
Ravenna,2007,10,26,15.13,11.13,21.7
Ravenna,2007,10,27,15.17,11.94,0
Ravenna,2007,10,28,16.29,10.97,0
Ravenna,2007,10,29,16.81,7.91,0
Ravenna,2007,10,30,14.36,9.62,30
Ravenna,2007,10,31,17,9.7,13
Ravenna,2007,11,1,16.06,5.69,0
Ravenna,2007,11,2,15.97,5.03,0
Ravenna,2007,11,3,16.65,5.08,0
Ravenna,2007,11,4,16.8,3.51,0
Ravenna,2007,11,5,15.57,2.68,0
Ravenna,2007,11,6,14.28,1.79,0
Ravenna,2007,11,7,15.14,1.14,0
Ravenna,2007,11,8,16.9,1.8,0
Ravenna,2007,11,9,15.38,3.59,6.7
Ravenna,2007,11,10,15.33,2.79,0
Ravenna,2007,11,11,17.02,0.95,0
Ravenna,2007,11,12,15.53,1.4,0
Ravenna,2007,11,13,13.05,-1.03,0
Ravenna,2007,11,14,9.13,0.02,0
Ravenna,2007,11,15,10.29,0.53,0
Ravenna,2007,11,16,9.5,-0.24,0
Ravenna,2007,11,17,8.83,0.39,0
Ravenna,2007,11,18,7.35,1.98,0
Ravenna,2007,11,19,10.22,-0.8,0
Ravenna,2007,11,20,10.29,-2.77,0
Ravenna,2007,11,21,7.43,-1.18,0
Ravenna,2007,11,22,7.64,3.86,1.5
Ravenna,2007,11,23,11.28,5.11,0
Ravenna,2007,11,24,11.24,5.32,8.3
Ravenna,2007,11,25,12.32,4.69,2.2
Ravenna,2007,11,26,10.41,2.33,0
Ravenna,2007,11,27,10.21,1.51,0
Ravenna,2007,11,28,12.33,1.19,0
Ravenna,2007,11,29,10.45,2.84,0
Ravenna,2007,11,30,11.42,-0.37,0
Ravenna,2007,12,1,10.61,-1.15,0
Ravenna,2007,12,2,11.66,2.87,0
Ravenna,2007,12,3,15.02,2.39,0
Ravenna,2007,12,4,12.79,-1.35,0
Ravenna,2007,12,5,13.39,-0.27,0
Ravenna,2007,12,6,11.46,-0.45,0
Ravenna,2007,12,7,10.3,0.09,2
Ravenna,2007,12,8,9.56,2.29,19.8
Ravenna,2007,12,9,7.41,1.41,8.7
Ravenna,2007,12,10,5.32,-0.09,0
Ravenna,2007,12,11,3.12,0.29,0
Ravenna,2007,12,12,5.68,0.02,0
Ravenna,2007,12,13,9.12,-0.4,0
Ravenna,2007,12,14,8.89,-1.1,3
Ravenna,2007,12,15,5.6,-0.43,2.1
Ravenna,2007,12,16,5.76,0.6,0
Ravenna,2007,12,17,5.62,-0.46,0
Ravenna,2007,12,18,2.17,-0.64,0
Ravenna,2007,12,19,5.2,-3.1,0
Ravenna,2007,12,20,7.42,-3.51,0
Ravenna,2007,12,21,8.27,-5.16,0
Ravenna,2007,12,22,6.06,-5.41,0
Ravenna,2007,12,23,5.15,2.2,0
Ravenna,2007,12,24,6.19,2.75,0
Ravenna,2007,12,25,6.04,0.89,0
Ravenna,2007,12,26,6.15,-2.37,0
Ravenna,2007,12,27,5.75,-4.35,0
Ravenna,2007,12,28,6.72,-4.47,0
Ravenna,2007,12,29,7.39,-6.42,0
Ravenna,2007,12,30,2.46,-5.72,0
Ravenna,2007,12,31,6.27,-3.54,0
Ravenna,2008,1,1,7.56,-4.52,0
Ravenna,2008,1,2,6.97,-5.97,0
Ravenna,2008,1,3,4.32,-1.41,1.1
Ravenna,2008,1,4,3.46,-0.32,2.4
Ravenna,2008,1,5,4.26,2.13,1.6
Ravenna,2008,1,6,5.8,1.65,0
Ravenna,2008,1,7,5.99,0.88,0
Ravenna,2008,1,8,6.31,3.58,0
Ravenna,2008,1,9,6.86,4.26,0
Ravenna,2008,1,10,7.74,4.72,0
Ravenna,2008,1,11,7.49,4.64,0
Ravenna,2008,1,12,12.79,5.59,6.9
Ravenna,2008,1,13,9.82,3.66,5.9
Ravenna,2008,1,14,10.22,3.22,0
Ravenna,2008,1,15,9.79,1.68,0
Ravenna,2008,1,16,10.48,3.91,0
Ravenna,2008,1,17,9.02,5.69,6.6
Ravenna,2008,1,18,11.11,0.93,0
Ravenna,2008,1,19,10.81,-0.17,0
Ravenna,2008,1,20,5.86,2.71,0
Ravenna,2008,1,21,4.72,2.62,0
Ravenna,2008,1,22,6.48,2.14,0
Ravenna,2008,1,23,9.59,-0.92,0
Ravenna,2008,1,24,9.82,-2.16,0
Ravenna,2008,1,25,10.02,-3.52,0
Ravenna,2008,1,26,12.6,-1.09,0
Ravenna,2008,1,27,15.26,-1.7,0
Ravenna,2008,1,28,13.77,-0.1,0
Ravenna,2008,1,29,10.64,-0.93,0
Ravenna,2008,1,30,10.03,1.79,0
Ravenna,2008,1,31,8.05,2.28,3.9
Ravenna,2008,2,1,11.94,1.33,0
Ravenna,2008,2,2,11.9,2.09,0.9
Ravenna,2008,2,3,8.52,5.86,9.5
Ravenna,2008,2,4,8.94,4.88,4.4
Ravenna,2008,2,5,10.07,1.62,0
Ravenna,2008,2,6,13.27,-0.17,0
Ravenna,2008,2,7,14.74,-0.3,0
Ravenna,2008,2,8,12.03,-2.38,0
Ravenna,2008,2,9,11.3,-1.3,0
Ravenna,2008,2,10,10.99,-0.89,0
Ravenna,2008,2,11,9.56,-1.67,0
Ravenna,2008,2,12,9.83,-3.62,0
Ravenna,2008,2,13,9.99,-4.52,0
Ravenna,2008,2,14,12.74,-6.48,0
Ravenna,2008,2,15,13.2,-5.07,0
Ravenna,2008,2,16,8.12,-4.25,0
Ravenna,2008,2,17,5.93,-5.96,0
Ravenna,2008,2,18,8.46,-7.7,0
Ravenna,2008,2,19,12.85,-5.08,0
Ravenna,2008,2,20,13.32,-3.18,0
Ravenna,2008,2,21,13.49,-2.41,0
Ravenna,2008,2,22,11.77,0,0
Ravenna,2008,2,23,11.97,1.42,0
Ravenna,2008,2,24,13.82,-0.76,0
Ravenna,2008,2,25,9.21,1.56,0
Ravenna,2008,2,26,8.22,3.47,0
Ravenna,2008,2,27,11.75,5.82,0
Ravenna,2008,2,28,12.43,7.35,0
Ravenna,2008,2,29,13.96,4.25,0
Ravenna,2008,3,1,17.07,3.59,0
Ravenna,2008,3,2,24.72,3.24,0
Ravenna,2008,3,3,21.94,3.82,0
Ravenna,2008,3,4,17.76,4.01,0
Ravenna,2008,3,5,9.89,4.21,7.7
Ravenna,2008,3,6,6.74,3,2.1
Ravenna,2008,3,7,6.85,3.88,17.3
Ravenna,2008,3,8,9.7,3.37,5.5
Ravenna,2008,3,9,12.94,4.5,0
Ravenna,2008,3,10,15.77,4.76,0
Ravenna,2008,3,11,13.97,3.85,1.1
Ravenna,2008,3,12,18.26,0.74,0
Ravenna,2008,3,13,20.17,0.66,0
Ravenna,2008,3,14,19.03,3.95,0
Ravenna,2008,3,15,16.09,1.57,0
Ravenna,2008,3,16,17.27,4.89,0
Ravenna,2008,3,17,19.03,5.09,0
Ravenna,2008,3,18,16.13,3.86,0
Ravenna,2008,3,19,12.51,1.31,0
Ravenna,2008,3,20,12.47,-0.34,0
Ravenna,2008,3,21,14.16,-1.62,0
Ravenna,2008,3,22,15.71,3.08,3.8
Ravenna,2008,3,23,10.95,0.01,14.1
Ravenna,2008,3,24,10.92,-0.46,3.9
Ravenna,2008,3,25,13.14,-1.77,0
Ravenna,2008,3,26,14.92,-1.27,0
Ravenna,2008,3,27,12.46,5.57,0
Ravenna,2008,3,28,12.92,4.53,4
Ravenna,2008,3,29,18.08,0.56,0
Ravenna,2008,3,30,17.61,1.22,0
Ravenna,2008,3,31,17.95,2.11,0
Ravenna,2008,4,1,21.34,3.9,0
Ravenna,2008,4,2,19.95,3.75,2.9
Ravenna,2008,4,3,17.19,0.66,0
Ravenna,2008,4,4,16.35,2.63,0
Ravenna,2008,4,5,16.52,-0.22,0
Ravenna,2008,4,6,17.38,0.85,0
Ravenna,2008,4,7,19.82,8.58,0
Ravenna,2008,4,8,15.2,7.92,1.1
Ravenna,2008,4,9,16.23,5.69,0
Ravenna,2008,4,10,18.75,10.3,1.5
Ravenna,2008,4,11,21.55,11.09,0
Ravenna,2008,4,12,19.61,7.52,0.9
Ravenna,2008,4,13,17.92,4.23,3.3
Ravenna,2008,4,14,17.62,2.84,8.2
Ravenna,2008,4,15,13.93,4.08,0
Ravenna,2008,4,16,16.96,1.71,0
Ravenna,2008,4,17,18.62,7.43,1.6
Ravenna,2008,4,18,18.54,11.07,1.9
Ravenna,2008,4,19,20.76,8.04,3.1
Ravenna,2008,4,20,21.52,5.63,0
Ravenna,2008,4,21,18.08,8.15,2.4
Ravenna,2008,4,22,17.83,7.68,0
Ravenna,2008,4,23,21.69,5.23,5.8
Ravenna,2008,4,24,20.32,7.53,4.9
Ravenna,2008,4,25,21.19,4.54,0
Ravenna,2008,4,26,20.55,3.95,0
Ravenna,2008,4,27,20.65,4.6,0
Ravenna,2008,4,28,22.08,2.53,0
Ravenna,2008,4,29,17.62,8.84,5.3
Ravenna,2008,4,30,19.59,4.64,0
Ravenna,2008,5,1,21.69,7.07,0
Ravenna,2008,5,2,22.84,6.94,0
Ravenna,2008,5,3,23.74,4.83,0
Ravenna,2008,5,4,22.59,6.44,0
Ravenna,2008,5,5,19.67,8.39,0
Ravenna,2008,5,6,21.12,6.82,0
Ravenna,2008,5,7,22.31,5.9,0
Ravenna,2008,5,8,23.3,4.66,0
Ravenna,2008,5,9,24.09,4.92,0
Ravenna,2008,5,10,23.54,5.95,0
Ravenna,2008,5,11,22.89,7.67,0
Ravenna,2008,5,12,22.57,7.1,0
Ravenna,2008,5,13,23.49,8.28,0
Ravenna,2008,5,14,25.13,11.34,0
Ravenna,2008,5,15,25.98,9.38,0
Ravenna,2008,5,16,24.95,10.92,0
Ravenna,2008,5,17,23.43,14.49,1.8
Ravenna,2008,5,18,22.74,12.84,10.2
Ravenna,2008,5,19,21.12,11.71,9.1
Ravenna,2008,5,20,18.2,14,30.4
Ravenna,2008,5,21,20.44,12.01,5.1
Ravenna,2008,5,22,21.86,11.6,0
Ravenna,2008,5,23,24.85,12.66,0
Ravenna,2008,5,24,25.25,10.34,0
Ravenna,2008,5,25,25.6,14.22,0
Ravenna,2008,5,26,24.94,14.14,0
Ravenna,2008,5,27,25.78,13.84,0
Ravenna,2008,5,28,28.93,14.85,0
Ravenna,2008,5,29,27.46,16.81,5.5
Ravenna,2008,5,30,24.95,15.16,0
Ravenna,2008,5,31,27.08,14.09,0
Ravenna,2008,6,1,28.37,14.06,0
Ravenna,2008,6,2,28.25,14.96,0
Ravenna,2008,6,3,26.17,13.69,0
Ravenna,2008,6,4,22.14,16.06,1.9
Ravenna,2008,6,5,24.66,13.02,1.9
Ravenna,2008,6,6,25.82,11.4,4.6
Ravenna,2008,6,7,24.82,14.74,4
Ravenna,2008,6,8,24.53,14.09,1.3
Ravenna,2008,6,9,25.41,14.49,0
Ravenna,2008,6,10,28.09,13.22,0
Ravenna,2008,6,11,29.88,14.61,0
Ravenna,2008,6,12,24.96,14.76,3.2
Ravenna,2008,6,13,23.71,14.25,7.1
Ravenna,2008,6,14,19.11,10.4,18.5
Ravenna,2008,6,15,20.82,7.85,0
Ravenna,2008,6,16,24.21,14.45,0
Ravenna,2008,6,17,27.3,15.55,0
Ravenna,2008,6,18,26.71,14.08,1.3
Ravenna,2008,6,19,28.81,12.27,0
Ravenna,2008,6,20,30.81,15.38,0
Ravenna,2008,6,21,31.69,15.3,0
Ravenna,2008,6,22,32.36,14.83,0
Ravenna,2008,6,23,34.88,17.86,0
Ravenna,2008,6,24,35.09,17.01,0
Ravenna,2008,6,25,35.5,17.85,0
Ravenna,2008,6,26,35.27,17.12,0
Ravenna,2008,6,27,34.6,17,0
Ravenna,2008,6,28,31.92,19.39,2.3
Ravenna,2008,6,29,33.12,17.48,0
Ravenna,2008,6,30,34.14,20,0
Ravenna,2008,7,1,32.32,18.35,0
Ravenna,2008,7,2,32.76,16.63,0
Ravenna,2008,7,3,34.82,17.74,0
Ravenna,2008,7,4,34.79,20.04,0
Ravenna,2008,7,5,33.34,18.46,0
Ravenna,2008,7,6,33.85,17.69,0
Ravenna,2008,7,7,33.63,18.76,0
Ravenna,2008,7,8,31.81,17.37,0
Ravenna,2008,7,9,30.31,17.02,0
Ravenna,2008,7,10,31.89,15.03,0
Ravenna,2008,7,11,32.85,16.93,0
Ravenna,2008,7,12,33.64,15.94,0
Ravenna,2008,7,13,32.93,17.17,0
Ravenna,2008,7,14,28.85,15.72,0
Ravenna,2008,7,15,29.17,13.91,0
Ravenna,2008,7,16,31.16,12.1,0
Ravenna,2008,7,17,31.46,15.45,0
Ravenna,2008,7,18,27.25,16.34,0
Ravenna,2008,7,19,29.55,17.5,0
Ravenna,2008,7,20,32.09,16.04,0
Ravenna,2008,7,21,30.91,18.28,15.9
Ravenna,2008,7,22,26.98,14.47,14.1
Ravenna,2008,7,23,29.5,10.91,0
Ravenna,2008,7,24,31.84,12.81,0
Ravenna,2008,7,25,33.22,14.1,0
Ravenna,2008,7,26,33.61,16.55,0
Ravenna,2008,7,27,30.41,19.12,4.9
Ravenna,2008,7,28,31.99,18.54,0
Ravenna,2008,7,29,33.15,17.12,0
Ravenna,2008,7,30,34.45,17.19,0
Ravenna,2008,7,31,32.69,18.97,0
Ravenna,2008,8,1,33.63,17.76,0
Ravenna,2008,8,2,33.65,20.17,0
Ravenna,2008,8,3,33.28,19.46,0
Ravenna,2008,8,4,35.63,18.74,0
Ravenna,2008,8,5,35.19,19.81,0
Ravenna,2008,8,6,32.2,20.83,0
Ravenna,2008,8,7,31.97,20.43,4.4
Ravenna,2008,8,8,35.4,19.15,0
Ravenna,2008,8,9,30.89,15.05,0
Ravenna,2008,8,10,30.52,13.89,0
Ravenna,2008,8,11,31.22,14.97,0
Ravenna,2008,8,12,33.68,18.1,0
Ravenna,2008,8,13,35.19,19.56,0
Ravenna,2008,8,14,34.14,21.42,0
Ravenna,2008,8,15,32.28,17.96,2.1
Ravenna,2008,8,16,28.51,15.63,0
Ravenna,2008,8,17,29.02,15.29,0
Ravenna,2008,8,18,29.92,14.06,0
Ravenna,2008,8,19,31.5,14.94,0
Ravenna,2008,8,20,33.61,16.32,0
Ravenna,2008,8,21,32.83,15.01,0
Ravenna,2008,8,22,32.24,14.5,0
Ravenna,2008,8,23,31.07,14.9,0
Ravenna,2008,8,24,27.75,14.04,0
Ravenna,2008,8,25,28,12.03,0
Ravenna,2008,8,26,28.77,13.04,0
Ravenna,2008,8,27,29.02,15.08,0
Ravenna,2008,8,28,30.22,14.62,0
Ravenna,2008,8,29,31.92,14.66,0
Ravenna,2008,8,30,32.69,15.45,0
Ravenna,2008,8,31,30.05,18.26,0
Ravenna,2008,9,1,29.43,16,0
Ravenna,2008,9,2,30.78,16.96,0
Ravenna,2008,9,3,32.07,17.14,0
Ravenna,2008,9,4,32.68,16.2,0
Ravenna,2008,9,5,33.15,19.66,0
Ravenna,2008,9,6,33.94,18.74,0
Ravenna,2008,9,7,32.48,20.14,0
Ravenna,2008,9,8,30.97,12.95,0
Ravenna,2008,9,9,30.49,12.99,0
Ravenna,2008,9,10,31.44,15.3,0
Ravenna,2008,9,11,31.06,17.86,0
Ravenna,2008,9,12,33.48,19.49,0
Ravenna,2008,9,13,25.94,17.09,0
Ravenna,2008,9,14,21.37,12.96,2.9
Ravenna,2008,9,15,19.7,12.3,0
Ravenna,2008,9,16,21.81,10.88,0
Ravenna,2008,9,17,22.41,8.41,0
Ravenna,2008,9,18,24.17,8.37,0
Ravenna,2008,9,19,20,13.74,3.8
Ravenna,2008,9,20,20.02,10.28,0
Ravenna,2008,9,21,18.32,9.78,0
Ravenna,2008,9,22,19.37,5.91,0
Ravenna,2008,9,23,19.21,5.33,6.3
Ravenna,2008,9,24,20,7.61,0
Ravenna,2008,9,25,20.34,7.52,0
Ravenna,2008,9,26,19.21,11.32,0
Ravenna,2008,9,27,18.91,10.29,0
Ravenna,2008,9,28,19.69,6.77,0
Ravenna,2008,9,29,21.76,4.22,0
Ravenna,2008,9,30,22.16,3.85,0
Ravenna,2008,10,1,24.24,7.41,0
Ravenna,2008,10,2,24.43,9.45,0
Ravenna,2008,10,3,24.18,12.43,0
Ravenna,2008,10,4,19.08,4.64,0
Ravenna,2008,10,5,21.03,1.44,0
Ravenna,2008,10,6,22.73,4.02,0
Ravenna,2008,10,7,23.07,11.99,0
Ravenna,2008,10,8,25.2,11.18,0
Ravenna,2008,10,9,24.05,9.66,0
Ravenna,2008,10,10,24.78,8.37,0
Ravenna,2008,10,11,25.5,7.72,0
Ravenna,2008,10,12,25.98,7.31,0
Ravenna,2008,10,13,23.88,7.7,0
Ravenna,2008,10,14,24.28,7.8,0
Ravenna,2008,10,15,25.69,12.59,0
Ravenna,2008,10,16,25.95,10.84,0
Ravenna,2008,10,17,25.45,14.29,0
Ravenna,2008,10,18,20.31,12.77,0
Ravenna,2008,10,19,19.65,9.42,0
Ravenna,2008,10,20,19.51,8.62,0
Ravenna,2008,10,21,19.45,11.43,0
Ravenna,2008,10,22,19.39,11.8,0
Ravenna,2008,10,23,18.76,14.08,0
Ravenna,2008,10,24,19.37,11.78,0
Ravenna,2008,10,25,20.36,9.21,0
Ravenna,2008,10,26,20.54,6.64,0
Ravenna,2008,10,27,18.88,5.65,0
Ravenna,2008,10,28,19.3,10.77,10.7
Ravenna,2008,10,29,22.63,13.99,4.6
Ravenna,2008,10,30,19.01,10.01,2
Ravenna,2008,10,31,18.41,10.65,8.5
Ravenna,2008,11,1,17.33,9.72,11.1
Ravenna,2008,11,2,18.56,7.39,0
Ravenna,2008,11,3,19.41,12.31,0
Ravenna,2008,11,4,17.89,13.31,3
Ravenna,2008,11,5,21.04,11.46,0
Ravenna,2008,11,6,19.18,10.47,0
Ravenna,2008,11,7,16.47,10.72,0
Ravenna,2008,11,8,17.52,7.56,0
Ravenna,2008,11,9,16.32,5.14,0
Ravenna,2008,11,10,14.09,5.78,0
Ravenna,2008,11,11,14.12,7.92,0
Ravenna,2008,11,12,16.35,10.65,2.8
Ravenna,2008,11,13,14.54,10.85,6.8
Ravenna,2008,11,14,14.46,10.26,13.1
Ravenna,2008,11,15,14.75,7.04,0
Ravenna,2008,11,16,14.72,3.57,0
Ravenna,2008,11,17,15.13,2.88,0
Ravenna,2008,11,18,13.03,2.32,0
Ravenna,2008,11,19,11.65,0.36,0
Ravenna,2008,11,20,13.53,-0.58,0
Ravenna,2008,11,21,15.64,1.91,0
Ravenna,2008,11,22,12.5,1.36,0
Ravenna,2008,11,23,9.78,-1.3,0
Ravenna,2008,11,24,6.82,-0.12,1.8
Ravenna,2008,11,25,5.03,0.89,6.2
Ravenna,2008,11,26,7.1,0.34,1.3
Ravenna,2008,11,27,8.18,-1.6,0
Ravenna,2008,11,28,5.77,1.35,9.8
Ravenna,2008,11,29,10.84,2.31,10.6
Ravenna,2008,11,30,11.63,6.63,6.3
Ravenna,2008,12,1,13.41,5.56,5.1
Ravenna,2008,12,2,9.21,3.3,3.7
Ravenna,2008,12,3,8.48,0.46,0
Ravenna,2008,12,4,8.64,-1.25,0
Ravenna,2008,12,5,12.14,0.46,0
Ravenna,2008,12,6,7.05,-0.67,0
Ravenna,2008,12,7,6.15,-1.8,0
Ravenna,2008,12,8,7.54,-3.7,0
Ravenna,2008,12,9,5.82,-4.67,0
Ravenna,2008,12,10,8.27,0.66,9.6
Ravenna,2008,12,11,6.15,3.19,6.6
Ravenna,2008,12,12,6.73,4.66,11
Ravenna,2008,12,13,9.21,6.53,2.9
Ravenna,2008,12,14,12.79,5.24,1.8
Ravenna,2008,12,15,12.56,5.77,2.3
Ravenna,2008,12,16,11.08,5.38,1.7
Ravenna,2008,12,17,9.64,2.82,0
Ravenna,2008,12,18,7.94,4.41,2.3
Ravenna,2008,12,19,9.73,1.53,0
Ravenna,2008,12,20,10.44,-0.11,0
Ravenna,2008,12,21,11.43,0.19,0
Ravenna,2008,12,22,8.87,-0.3,0
Ravenna,2008,12,23,3.72,-0.34,0
Ravenna,2008,12,24,1.99,-1,0
Ravenna,2008,12,25,4.88,0.13,0
Ravenna,2008,12,26,6.22,-0.3,0
Ravenna,2008,12,27,4.08,-0.83,0
Ravenna,2008,12,28,3.84,0.39,0
Ravenna,2008,12,29,3.12,-0.78,3.3
Ravenna,2008,12,30,2.88,-1.81,0
Ravenna,2008,12,31,3.57,-4.45,1.9
Ravenna,2009,1,1,2.12,-1.79,4.2
Ravenna,2009,1,2,-0.58,-2.17,0
Ravenna,2009,1,3,3.37,-2.99,0
Ravenna,2009,1,4,2.97,-6.24,0
Ravenna,2009,1,5,-1.19,-6.78,0
Ravenna,2009,1,6,-0.28,-3.35,0
Ravenna,2009,1,7,1.1,-1.67,10.6
Ravenna,2009,1,8,3.81,0.68,2.3
Ravenna,2009,1,9,3.25,-2.61,0
Ravenna,2009,1,10,3.24,-2.83,0
Ravenna,2009,1,11,5.52,-1.08,0
Ravenna,2009,1,12,6.49,-1.91,0
Ravenna,2009,1,13,3.82,-0.49,3
Ravenna,2009,1,14,4.92,0.9,1.6
Ravenna,2009,1,15,5.79,4.05,0
Ravenna,2009,1,16,8.56,-0.16,0
Ravenna,2009,1,17,4.23,-0.5,0
Ravenna,2009,1,18,4.76,2.32,0
Ravenna,2009,1,19,9.34,2.03,0
Ravenna,2009,1,20,13.67,3.19,1.6
Ravenna,2009,1,21,8.64,3.67,2
Ravenna,2009,1,22,6.99,0.85,0
Ravenna,2009,1,23,6.68,-0.55,0
Ravenna,2009,1,24,5.85,-0.61,16.9
Ravenna,2009,1,25,7.2,2.24,7.1
Ravenna,2009,1,26,9.04,0.2,5.3
Ravenna,2009,1,27,7.6,3.96,0
Ravenna,2009,1,28,9.61,1.72,2
Ravenna,2009,1,29,9.76,0.11,0
Ravenna,2009,1,30,9.9,0.89,0
Ravenna,2009,1,31,7.33,-0.1,0
Ravenna,2009,2,1,6.04,0.97,3.5
Ravenna,2009,2,2,7.48,1,6.4
Ravenna,2009,2,3,6.4,2.8,13.9
Ravenna,2009,2,4,12.68,4.2,0
Ravenna,2009,2,5,16.11,3.76,3.7
Ravenna,2009,2,6,16.45,7.39,4.2
Ravenna,2009,2,7,15,5.71,5.7
Ravenna,2009,2,8,10.79,4.29,0
Ravenna,2009,2,9,11.81,2.79,0
Ravenna,2009,2,10,12.26,2.49,0
Ravenna,2009,2,11,8.81,0.52,0
Ravenna,2009,2,12,8.89,0,0
Ravenna,2009,2,13,8.82,-3.03,1.9
Ravenna,2009,2,14,9.6,-3.83,0
Ravenna,2009,2,15,8.17,-4.04,0
Ravenna,2009,2,16,9.82,-4.78,0
Ravenna,2009,2,17,11.03,-2.27,0
Ravenna,2009,2,18,7.25,-4.34,0
Ravenna,2009,2,19,7,-5.54,0
Ravenna,2009,2,20,11.07,-6.39,0
Ravenna,2009,2,21,11.67,-1.44,0
Ravenna,2009,2,22,12.01,-3.53,0
Ravenna,2009,2,23,9.15,-1.54,0
Ravenna,2009,2,24,10.05,-0.56,0
Ravenna,2009,2,25,11.28,-2.39,0
Ravenna,2009,2,26,13.07,-3.56,0
Ravenna,2009,2,27,14.28,-0.83,0
Ravenna,2009,2,28,15.13,-2.07,0
Ravenna,2009,3,1,12.24,1.26,1
Ravenna,2009,3,2,11.05,6.74,0
Ravenna,2009,3,3,11.97,4.88,1.1
Ravenna,2009,3,4,11.13,2.27,12.6
Ravenna,2009,3,5,11.22,4.97,9
Ravenna,2009,3,6,10.97,3.13,5.3
Ravenna,2009,3,7,15.02,3.58,0
Ravenna,2009,3,8,17.14,1.44,0
Ravenna,2009,3,9,17.17,3.08,0
Ravenna,2009,3,10,16.5,-0.47,0
Ravenna,2009,3,11,16.32,0,0
Ravenna,2009,3,12,16.08,-0.39,0
Ravenna,2009,3,13,18.58,1.42,0
Ravenna,2009,3,14,16.86,3.03,0
Ravenna,2009,3,15,16.47,2.7,0
Ravenna,2009,3,16,16.3,2.8,0
Ravenna,2009,3,17,17.54,-0.12,0
Ravenna,2009,3,18,18,1.38,0
Ravenna,2009,3,19,17.22,-0.58,0.4
Ravenna,2009,3,20,11.93,4.73,0
Ravenna,2009,3,21,10.26,2.06,0
Ravenna,2009,3,22,13.37,-0.77,0
Ravenna,2009,3,23,18.11,-1.76,0
Ravenna,2009,3,24,17.8,0.77,1.8
Ravenna,2009,3,25,16.66,-0.82,0
Ravenna,2009,3,26,18.03,-0.5,0
Ravenna,2009,3,27,19.23,2.18,0
Ravenna,2009,3,28,17.19,5.39,7
Ravenna,2009,3,29,13.13,10.36,16.1
Ravenna,2009,3,30,15.24,9.89,8.2
Ravenna,2009,3,31,12.44,10.31,15.1
Ravenna,2009,4,1,15.5,10.74,6.5
Ravenna,2009,4,2,14.7,8.13,4.3
Ravenna,2009,4,3,17.7,7.46,0
Ravenna,2009,4,4,15.66,9.19,4.7
Ravenna,2009,4,5,20.3,10.15,0
Ravenna,2009,4,6,22.29,8.87,0
Ravenna,2009,4,7,23.68,7.24,0
Ravenna,2009,4,8,23.23,7.65,0
Ravenna,2009,4,9,19.42,6.92,0
Ravenna,2009,4,10,17.16,9.05,0
Ravenna,2009,4,11,18.55,8.22,0
Ravenna,2009,4,12,19.2,9,0
Ravenna,2009,4,13,22.44,7.16,0
Ravenna,2009,4,14,24.04,6.74,0
Ravenna,2009,4,15,24.1,6.15,0
Ravenna,2009,4,16,20.24,7.31,0
Ravenna,2009,4,17,20.21,8.95,0
Ravenna,2009,4,18,20.58,9.08,0.8
Ravenna,2009,4,19,16.25,11.1,14.7
Ravenna,2009,4,20,15.65,9.54,8.7
Ravenna,2009,4,21,18.84,11.5,0
Ravenna,2009,4,22,21.99,9.41,0
Ravenna,2009,4,23,19.52,6.51,2.6
Ravenna,2009,4,24,17.16,5.26,0
Ravenna,2009,4,25,18.89,4.4,0
Ravenna,2009,4,26,16.04,9.06,5.9
Ravenna,2009,4,27,16.92,12.63,2.7
Ravenna,2009,4,28,18.11,12.2,3.5
Ravenna,2009,4,29,18.06,8.84,0
Ravenna,2009,4,30,18.07,8.49,3.3
Ravenna,2009,5,1,22,9.73,0
Ravenna,2009,5,2,24.87,8.73,1.9
Ravenna,2009,5,3,22.41,7.2,0
Ravenna,2009,5,4,23.35,7.89,8.6
Ravenna,2009,5,5,20.29,9.2,4.1
Ravenna,2009,5,6,21.8,7.59,0
Ravenna,2009,5,7,24.05,7.85,0
Ravenna,2009,5,8,26.05,10.42,0
Ravenna,2009,5,9,26.53,12.1,0
Ravenna,2009,5,10,26.16,9.69,0
Ravenna,2009,5,11,28.3,12.26,0
Ravenna,2009,5,12,28.95,13.64,0
Ravenna,2009,5,13,28.22,12.98,0
Ravenna,2009,5,14,28.27,12.17,0
Ravenna,2009,5,15,23.65,12.51,0
Ravenna,2009,5,16,23.57,12.76,0
Ravenna,2009,5,17,26.94,11.32,0
Ravenna,2009,5,18,29.54,14.07,0
Ravenna,2009,5,19,30.53,14.2,0
Ravenna,2009,5,20,30.53,14.32,0
Ravenna,2009,5,21,30.39,13.06,0
Ravenna,2009,5,22,30.34,14.65,0
Ravenna,2009,5,23,32.54,16.12,0
Ravenna,2009,5,24,34.11,15.85,0
Ravenna,2009,5,25,35.71,16.07,0
Ravenna,2009,5,26,34.95,14.85,0
Ravenna,2009,5,27,29.91,15.41,8.6
Ravenna,2009,5,28,25.12,11.73,0
Ravenna,2009,5,29,24.67,8.48,2.1
Ravenna,2009,5,30,23.6,7.13,0
Ravenna,2009,5,31,19.07,12.28,5.5
Ravenna,2009,6,1,18.87,13.46,3.6
Ravenna,2009,6,2,24.79,12.02,0
Ravenna,2009,6,3,29.07,10.69,0
Ravenna,2009,6,4,28.3,12.23,0
Ravenna,2009,6,5,26.84,12.24,0
Ravenna,2009,6,6,27.55,14.77,0
Ravenna,2009,6,7,26.65,13.07,0
Ravenna,2009,6,8,27.4,10.19,0
Ravenna,2009,6,9,27.7,13.48,0
Ravenna,2009,6,10,28.31,13.18,0
Ravenna,2009,6,11,29.09,10.9,0
Ravenna,2009,6,12,28.6,14.53,0
Ravenna,2009,6,13,28.86,14,0
Ravenna,2009,6,14,31.43,13.73,0
Ravenna,2009,6,15,33.1,14.28,0
Ravenna,2009,6,16,33.88,17.51,0
Ravenna,2009,6,17,27.28,15.12,1.7
Ravenna,2009,6,18,29.56,13.01,0
Ravenna,2009,6,19,31.8,13.88,0
Ravenna,2009,6,20,23.69,15.35,7.9
Ravenna,2009,6,21,23.99,13.35,0
Ravenna,2009,6,22,24.37,11.96,3
Ravenna,2009,6,23,24.57,12.78,0
Ravenna,2009,6,24,26.96,12.2,0
Ravenna,2009,6,25,28.49,15.71,0
Ravenna,2009,6,26,27.43,16.39,0
Ravenna,2009,6,27,27.21,14.92,3.6
Ravenna,2009,6,28,29.5,14.1,0
Ravenna,2009,6,29,30.44,17.54,0
Ravenna,2009,6,30,30.98,16.43,0
Ravenna,2009,7,1,32.43,15.47,0
Ravenna,2009,7,2,31.57,17.13,0
Ravenna,2009,7,3,32.97,16.49,0
Ravenna,2009,7,4,32.76,18.29,0
Ravenna,2009,7,5,31.17,18.65,5.3
Ravenna,2009,7,6,30.76,17.9,0
Ravenna,2009,7,7,31.96,18.11,0
Ravenna,2009,7,8,30.37,16.14,0
Ravenna,2009,7,9,29.31,13.33,1.9
Ravenna,2009,7,10,27.81,14.12,10.3
Ravenna,2009,7,11,27.07,13.27,0
Ravenna,2009,7,12,28.98,10.9,0
Ravenna,2009,7,13,31.33,14.89,0
Ravenna,2009,7,14,33.06,17.18,0
Ravenna,2009,7,15,33.69,18.21,0
Ravenna,2009,7,16,34.98,19.88,0
Ravenna,2009,7,17,35.03,19.3,0
Ravenna,2009,7,18,28.73,15.51,0
Ravenna,2009,7,19,30.43,12.3,0
Ravenna,2009,7,20,30.8,11.95,0
Ravenna,2009,7,21,31.37,14.73,0
Ravenna,2009,7,22,35.56,15.66,0
Ravenna,2009,7,23,36.53,16.32,0
Ravenna,2009,7,24,36.97,19.04,0
Ravenna,2009,7,25,33.06,18.53,0
Ravenna,2009,7,26,30.31,15.2,0
Ravenna,2009,7,27,30.92,13.27,0
Ravenna,2009,7,28,32,15.06,0
Ravenna,2009,7,29,32.24,17.17,0
Ravenna,2009,7,30,34.49,16.51,0
Ravenna,2009,7,31,33.61,17.85,0
Ravenna,2009,8,1,33.82,18.06,0
Ravenna,2009,8,2,35.9,15.74,0
Ravenna,2009,8,3,32.31,18.73,0
Ravenna,2009,8,4,29.85,17.12,0
Ravenna,2009,8,5,30.69,15.36,0
Ravenna,2009,8,6,31.99,15.65,0
Ravenna,2009,8,7,32.25,15.97,0
Ravenna,2009,8,8,31.75,16.3,0
Ravenna,2009,8,9,32.14,17.19,0
Ravenna,2009,8,10,32.35,16.78,0
Ravenna,2009,8,11,31.92,17.43,0
Ravenna,2009,8,12,32.15,15.91,0
Ravenna,2009,8,13,33.57,16.78,0
Ravenna,2009,8,14,32.48,18.87,0
Ravenna,2009,8,15,32.01,18.04,0
Ravenna,2009,8,16,33.23,18.87,0
Ravenna,2009,8,17,34.98,18.46,0
Ravenna,2009,8,18,36.72,16.84,0
Ravenna,2009,8,19,36,17.29,0
Ravenna,2009,8,20,35.78,17.07,0
Ravenna,2009,8,21,36.74,17.85,0
Ravenna,2009,8,22,35.27,17.8,0
Ravenna,2009,8,23,30.94,18.26,0
Ravenna,2009,8,24,30.16,15.69,0
Ravenna,2009,8,25,31.1,14.62,0
Ravenna,2009,8,26,31.97,17.17,0
Ravenna,2009,8,27,32.67,19.76,0
Ravenna,2009,8,28,33.96,17.85,0
Ravenna,2009,8,29,34.91,18.04,0
Ravenna,2009,8,30,26.46,16.25,1.8
Ravenna,2009,8,31,27.59,13.21,0
Ravenna,2009,9,1,30.98,11.7,0
Ravenna,2009,9,2,32.87,16.04,0
Ravenna,2009,9,3,34.08,18.18,0
Ravenna,2009,9,4,33.13,20.68,0
Ravenna,2009,9,5,28.95,17.03,0
Ravenna,2009,9,6,26.02,11.3,0
Ravenna,2009,9,7,25.48,9.52,0
Ravenna,2009,9,8,25.77,10.31,0
Ravenna,2009,9,9,25.8,13.38,0
Ravenna,2009,9,10,27.2,14.86,0
Ravenna,2009,9,11,28.13,15.03,0
Ravenna,2009,9,12,27.13,16.23,0
Ravenna,2009,9,13,27.08,14.46,0
Ravenna,2009,9,14,21.22,14.58,8.4
Ravenna,2009,9,15,22.2,15.19,3.4
Ravenna,2009,9,16,23.81,17.48,1.5
Ravenna,2009,9,17,25.76,15.93,0
Ravenna,2009,9,18,27.32,14.4,0
Ravenna,2009,9,19,27.7,17.08,0
Ravenna,2009,9,20,27,16.15,0
Ravenna,2009,9,21,25.2,16.77,0
Ravenna,2009,9,22,27.09,12.6,0
Ravenna,2009,9,23,28.61,10.94,0
Ravenna,2009,9,24,27.41,9.93,0
Ravenna,2009,9,25,26.98,10.53,0
Ravenna,2009,9,26,26.12,13.22,0
Ravenna,2009,9,27,26.03,13.5,0
Ravenna,2009,9,28,27.36,12.42,0
Ravenna,2009,9,29,28.65,10.36,0
Ravenna,2009,9,30,28.28,11.94,0
Ravenna,2009,10,1,27.14,10.74,0
Ravenna,2009,10,2,24.79,12.56,0
Ravenna,2009,10,3,23.68,9.41,0
Ravenna,2009,10,4,25.68,6.86,0
Ravenna,2009,10,5,27.08,12.33,0
Ravenna,2009,10,6,27.37,14.11,0
Ravenna,2009,10,7,28.18,12.03,0
Ravenna,2009,10,8,28.45,12,0
Ravenna,2009,10,9,24.5,12.34,2
Ravenna,2009,10,10,22.96,14.37,0
Ravenna,2009,10,11,23.95,14.22,0
Ravenna,2009,10,12,23.36,9.65,8.2
Ravenna,2009,10,13,19.98,6.31,0
Ravenna,2009,10,14,15.14,2.27,0
Ravenna,2009,10,15,13.92,1.18,0
Ravenna,2009,10,16,15.06,3.48,0
Ravenna,2009,10,17,15.87,3.49,0
Ravenna,2009,10,18,15.94,3.32,0
Ravenna,2009,10,19,14.85,3.68,0
Ravenna,2009,10,20,15.33,-0.08,0
Ravenna,2009,10,21,11.61,3.55,0
Ravenna,2009,10,22,13.71,8.45,9.3
Ravenna,2009,10,23,13.67,8.9,13
Ravenna,2009,10,24,17.86,8.66,20.7
Ravenna,2009,10,25,18.63,7.62,0
Ravenna,2009,10,26,19.29,8.46,0
Ravenna,2009,10,27,19.5,8.4,0
Ravenna,2009,10,28,18.7,6.22,0
Ravenna,2009,10,29,17.71,5.69,0
Ravenna,2009,10,30,16.98,5.1,0
Ravenna,2009,10,31,16.06,2.52,0
Ravenna,2009,11,1,15.81,-0.17,0
Ravenna,2009,11,2,13.2,1.62,2.9
Ravenna,2009,11,3,12.58,3.87,3.6
Ravenna,2009,11,4,11.96,2.67,1.7
Ravenna,2009,11,5,13.28,6.59,0
Ravenna,2009,11,6,11.49,8.05,3.5
Ravenna,2009,11,7,14.43,5.6,0
Ravenna,2009,11,8,13.15,7.44,8.9
Ravenna,2009,11,9,12.66,6.84,3.9
Ravenna,2009,11,10,12.9,4.68,7.1
Ravenna,2009,11,11,14.1,1.1,0
Ravenna,2009,11,12,15.47,0.1,0
Ravenna,2009,11,13,12.68,2.35,0
Ravenna,2009,11,14,13.76,6.08,0
Ravenna,2009,11,15,12.5,6.39,0
Ravenna,2009,11,16,12.55,6.96,0
Ravenna,2009,11,17,11.44,9.82,0
Ravenna,2009,11,18,11.2,9.02,0
Ravenna,2009,11,19,12.17,10.23,0
Ravenna,2009,11,20,12.45,10.71,0
Ravenna,2009,11,21,11.73,9.12,0
Ravenna,2009,11,22,11.29,8.56,0
Ravenna,2009,11,23,11.71,8.97,0
Ravenna,2009,11,24,10.73,9.39,0
Ravenna,2009,11,25,10.12,8.47,0
Ravenna,2009,11,26,10.77,7.55,0
Ravenna,2009,11,27,11.07,8.28,2
Ravenna,2009,11,28,10.99,7.67,6
Ravenna,2009,11,29,14.38,4.08,0
Ravenna,2009,11,30,17.61,9.38,0
Ravenna,2009,12,1,13.89,3.96,0
Ravenna,2009,12,2,10.75,-0.4,0
Ravenna,2009,12,3,10.03,-1.37,0
Ravenna,2009,12,4,9.27,3.25,4.1
Ravenna,2009,12,5,10.25,1.63,7.1
Ravenna,2009,12,6,9.72,0.96,0
Ravenna,2009,12,7,8.59,3.78,1.3
Ravenna,2009,12,8,8.7,3.8,2.9
Ravenna,2009,12,9,10.62,0.04,0
Ravenna,2009,12,10,10.01,-1.89,0
Ravenna,2009,12,11,9.44,-1.45,0
Ravenna,2009,12,12,10.08,-0.34,0
Ravenna,2009,12,13,8.28,-0.49,1.7
Ravenna,2009,12,14,4.45,0.96,12.9
Ravenna,2009,12,15,4.51,-0.17,0
Ravenna,2009,12,16,4.35,-2.78,0
Ravenna,2009,12,17,0.97,-1.84,0
Ravenna,2009,12,18,1.24,-2.3,2.2
Ravenna,2009,12,19,0.66,-9.86,0
Ravenna,2009,12,20,-2.92,-10.74,0
Ravenna,2009,12,21,-3.72,-10.49,0
Ravenna,2009,12,22,-0.38,-5.51,0
Ravenna,2009,12,23,4.74,-1.17,11.5
Ravenna,2009,12,24,12.9,0.7,0
Ravenna,2009,12,25,16.77,1.39,2.1
Ravenna,2009,12,26,8.9,-0.09,4.1
Ravenna,2009,12,27,7.19,-1.44,0
Ravenna,2009,12,28,3.73,-3.31,5.5
Ravenna,2009,12,29,3.45,1.74,2.4
Ravenna,2009,12,30,4.42,2.88,3.5
Ravenna,2009,12,31,6.19,1.17,2.5
Ravenna,2010,1,1,6.38,3.27,4.7
Ravenna,2010,1,2,8.15,0.7,6.5
Ravenna,2010,1,3,6.28,-1.09,0
Ravenna,2010,1,4,2.02,-0.89,0
Ravenna,2010,1,5,0.28,-0.98,4.4
Ravenna,2010,1,6,6.56,-2.1,11
Ravenna,2010,1,7,3.62,-1.73,3
Ravenna,2010,1,8,2.18,0.48,8.3
Ravenna,2010,1,9,6.54,1.65,11.8
Ravenna,2010,1,10,9.07,-0.36,0
Ravenna,2010,1,11,9.52,-2.05,0
Ravenna,2010,1,12,7.31,0.65,0
Ravenna,2010,1,13,5.4,1.93,0
Ravenna,2010,1,14,6,1.86,0
Ravenna,2010,1,15,6.15,0.86,0
Ravenna,2010,1,16,6.32,0.07,0
Ravenna,2010,1,17,4.38,0.26,0
Ravenna,2010,1,18,6.09,-2.6,0
Ravenna,2010,1,19,1.63,-3.07,0
Ravenna,2010,1,20,0.41,-2.87,0
Ravenna,2010,1,21,1.24,-1.48,0
Ravenna,2010,1,22,0.41,-1.38,0
Ravenna,2010,1,23,2.73,-1.41,0
Ravenna,2010,1,24,2.33,-3.12,0
Ravenna,2010,1,25,1.48,-0.16,0
Ravenna,2010,1,26,2.07,-0.62,9.5
Ravenna,2010,1,27,3.18,-3.33,5.8
Ravenna,2010,1,28,3.82,-4.4,0
Ravenna,2010,1,29,2.48,-4.23,0
Ravenna,2010,1,30,2.38,-0.21,0
Ravenna,2010,1,31,1.56,-4.24,3.2
Ravenna,2010,2,1,3.77,-8.52,2.7
Ravenna,2010,2,2,5.7,-5.79,0
Ravenna,2010,2,3,6.85,-3.23,0
Ravenna,2010,2,4,7.08,-2.3,0
Ravenna,2010,2,5,7.17,1.53,7.7
Ravenna,2010,2,6,7.14,2.4,14.2
Ravenna,2010,2,7,9.31,0.8,0
Ravenna,2010,2,8,7.7,-1.5,0
Ravenna,2010,2,9,4.58,-1.95,0
Ravenna,2010,2,10,4.3,-0.41,12.4
Ravenna,2010,2,11,2.99,0,6.7
Ravenna,2010,2,12,5.15,-0.21,2.8
Ravenna,2010,2,13,10.37,-1.49,0
Ravenna,2010,2,14,6.8,-3.21,0
Ravenna,2010,2,15,7.32,-0.58,0
Ravenna,2010,2,16,6.83,1.96,1.1
Ravenna,2010,2,17,7.77,3.14,3.6
Ravenna,2010,2,18,11.98,3.92,2.9
Ravenna,2010,2,19,14.33,5.16,3.5
Ravenna,2010,2,20,11.4,2.05,3.6
Ravenna,2010,2,21,10.27,-0.23,0
Ravenna,2010,2,22,10.13,4.53,1.9
Ravenna,2010,2,23,9.21,3.07,7.1
Ravenna,2010,2,24,10.43,2.36,0
Ravenna,2010,2,25,13.81,1.03,1.4
Ravenna,2010,2,26,15.67,3.89,5.2
Ravenna,2010,2,27,15.75,1.98,0
Ravenna,2010,2,28,12.56,6.6,0
Ravenna,2010,3,1,13.69,3.02,0
Ravenna,2010,3,2,15.96,3.71,0
Ravenna,2010,3,3,12.15,2.78,19.2
Ravenna,2010,3,4,9.92,3.72,15.9
Ravenna,2010,3,5,7.39,0,3.2
Ravenna,2010,3,6,8.64,-1.56,3.6
Ravenna,2010,3,7,7.09,0.23,4.3
Ravenna,2010,3,8,5.71,-1.02,0
Ravenna,2010,3,9,4.31,-0.16,19.2
Ravenna,2010,3,10,2.56,-0.07,8.6
Ravenna,2010,3,11,3.14,-1.02,3.8
Ravenna,2010,3,12,6.14,-1.97,0
Ravenna,2010,3,13,10.2,-1.51,0
Ravenna,2010,3,14,13.23,-1.75,0
Ravenna,2010,3,15,14.46,-0.32,0
Ravenna,2010,3,16,15.83,-1.28,0
Ravenna,2010,3,17,15.72,-0.89,0
Ravenna,2010,3,18,17.42,1.24,0
Ravenna,2010,3,19,17.39,3.24,0
Ravenna,2010,3,20,15.95,3.46,0
Ravenna,2010,3,21,16.69,8.73,0
Ravenna,2010,3,22,14.39,10.14,4.1
Ravenna,2010,3,23,14.79,7.23,0
Ravenna,2010,3,24,17.1,5.68,0
Ravenna,2010,3,25,18.1,3.87,0
Ravenna,2010,3,26,18.49,7.59,0
Ravenna,2010,3,27,19.4,6.26,0
Ravenna,2010,3,28,21.2,4.7,0
Ravenna,2010,3,29,20.7,4.25,0
Ravenna,2010,3,30,18.28,7.66,1.9
Ravenna,2010,3,31,17.95,7.52,0
Ravenna,2010,4,1,17.3,5.05,0
Ravenna,2010,4,2,15.53,2.79,0
Ravenna,2010,4,3,17,1.12,0
Ravenna,2010,4,4,15.22,7.5,22.7
Ravenna,2010,4,5,15.08,5.52,29.5
Ravenna,2010,4,6,17.9,2.61,0
Ravenna,2010,4,7,17.65,1.57,0
Ravenna,2010,4,8,17.88,1.71,0
Ravenna,2010,4,9,21.14,4.84,0
Ravenna,2010,4,10,22.67,5.57,0
Ravenna,2010,4,11,15.31,4.65,7.2
Ravenna,2010,4,12,14.28,2.63,0
Ravenna,2010,4,13,12.69,3.61,3.7
Ravenna,2010,4,14,17.41,1.03,0
Ravenna,2010,4,15,17.89,2.71,0
Ravenna,2010,4,16,16.87,5.48,0
Ravenna,2010,4,17,14.77,9.41,6.6
Ravenna,2010,4,18,17.02,7.53,0
Ravenna,2010,4,19,19.9,6.01,0
Ravenna,2010,4,20,23.67,5.74,0
Ravenna,2010,4,21,23.34,8.36,0
Ravenna,2010,4,22,22.7,9.56,0
Ravenna,2010,4,23,18.78,12.23,4.8
Ravenna,2010,4,24,16.66,11.73,8.4
Ravenna,2010,4,25,22.51,10.98,0
Ravenna,2010,4,26,25.93,10.65,0
Ravenna,2010,4,27,23.32,10.84,0
Ravenna,2010,4,28,23.25,9.75,0
Ravenna,2010,4,29,24.44,7.45,0
Ravenna,2010,4,30,26.22,9.93,0
Ravenna,2010,5,1,26.01,8.92,0
Ravenna,2010,5,2,20.71,14.62,5.6
Ravenna,2010,5,3,22.73,12.26,5.5
Ravenna,2010,5,4,19.38,13.79,5.4
Ravenna,2010,5,5,19.15,12.13,4.6
Ravenna,2010,5,6,19.19,8.57,0
Ravenna,2010,5,7,19.35,6.63,0
Ravenna,2010,5,8,19.95,9.83,0
Ravenna,2010,5,9,21.7,8.77,0
Ravenna,2010,5,10,23.26,12.58,1.1
Ravenna,2010,5,11,19.56,11.39,4.3
Ravenna,2010,5,12,23.03,10.58,5.7
Ravenna,2010,5,13,21.27,10.59,2.4
Ravenna,2010,5,14,20.75,8.55,7.4
Ravenna,2010,5,15,15.49,11.4,15.6
Ravenna,2010,5,16,20.53,10.99,16
Ravenna,2010,5,17,23.29,10.83,0
Ravenna,2010,5,18,25.2,9.94,0
Ravenna,2010,5,19,20.47,8.48,17.4
Ravenna,2010,5,20,20.86,8.99,0
Ravenna,2010,5,21,22.78,9.22,0
Ravenna,2010,5,22,25.53,11.89,0
Ravenna,2010,5,23,26.76,12.65,0
Ravenna,2010,5,24,27.75,11.59,0
Ravenna,2010,5,25,28.91,12,0
Ravenna,2010,5,26,27.51,11.61,0
Ravenna,2010,5,27,26.96,12.19,0
Ravenna,2010,5,28,25.98,12.28,0
Ravenna,2010,5,29,25.7,12.56,6.8
Ravenna,2010,5,30,26.44,12.43,0
Ravenna,2010,5,31,26.12,10.9,0
Ravenna,2010,6,1,28.23,7.91,0
Ravenna,2010,6,2,25.39,14.62,0
Ravenna,2010,6,3,23.35,13.27,26.6
Ravenna,2010,6,4,26.33,13.81,0
Ravenna,2010,6,5,26.78,12.18,0
Ravenna,2010,6,6,27.66,11.28,0
Ravenna,2010,6,7,29.43,13.73,0
Ravenna,2010,6,8,30.53,15.67,0
Ravenna,2010,6,9,29.68,15.79,0
Ravenna,2010,6,10,29.68,15.99,0
Ravenna,2010,6,11,30.86,16.7,0
Ravenna,2010,6,12,30.18,15.59,0
Ravenna,2010,6,13,30.31,17.1,0
Ravenna,2010,6,14,29.46,14.85,0
Ravenna,2010,6,15,26.3,18.54,13.7
Ravenna,2010,6,16,27.12,15.31,11.1
Ravenna,2010,6,17,27.39,13.35,6
Ravenna,2010,6,18,28.08,15.06,0
Ravenna,2010,6,19,26.03,14.98,0
Ravenna,2010,6,20,20.99,14.32,3.1
Ravenna,2010,6,21,20.57,13.7,12.9
Ravenna,2010,6,22,25.09,13.85,0
Ravenna,2010,6,23,26.53,12.5,0
Ravenna,2010,6,24,26.49,11.62,0
Ravenna,2010,6,25,27.8,12.26,0
Ravenna,2010,6,26,30.2,14.07,0
Ravenna,2010,6,27,30.27,14.02,0
Ravenna,2010,6,28,30.3,14.41,0
Ravenna,2010,6,29,31.24,14.35,0
Ravenna,2010,6,30,33.28,15.12,0
Ravenna,2010,7,1,34.01,16.96,0
Ravenna,2010,7,2,33.71,16.44,0
Ravenna,2010,7,3,34.48,16.42,0
Ravenna,2010,7,4,35.31,19.32,0
Ravenna,2010,7,5,32.87,19.96,0
Ravenna,2010,7,6,33.1,19.57,2.8
Ravenna,2010,7,7,30.93,17.63,0
Ravenna,2010,7,8,30.29,15.98,0
Ravenna,2010,7,9,31.01,15.28,0
Ravenna,2010,7,10,32.57,16.88,0
Ravenna,2010,7,11,33.36,16.45,0
Ravenna,2010,7,12,33.86,17.37,0
Ravenna,2010,7,13,34.86,19.89,0
Ravenna,2010,7,14,35.75,20.05,0
Ravenna,2010,7,15,36.67,19.1,0
Ravenna,2010,7,16,36.31,19.52,0
Ravenna,2010,7,17,36.9,19.76,0
Ravenna,2010,7,18,31.26,20.45,0
Ravenna,2010,7,19,30.07,18,0
Ravenna,2010,7,20,31.17,16.8,0
Ravenna,2010,7,21,32.78,17.13,0
Ravenna,2010,7,22,35.43,18.74,0
Ravenna,2010,7,23,35.91,19.7,0
Ravenna,2010,7,24,32.03,16.63,0
Ravenna,2010,7,25,29.31,13.97,0
Ravenna,2010,7,26,27.83,13.02,0
Ravenna,2010,7,27,27.78,11.09,0
Ravenna,2010,7,28,30.9,11.06,0
Ravenna,2010,7,29,27.11,16.23,5.2
Ravenna,2010,7,30,25.59,14.92,8
Ravenna,2010,7,31,27.41,14.57,0
Ravenna,2010,8,1,30.44,13.61,0
Ravenna,2010,8,2,31.4,14.8,0
Ravenna,2010,8,3,30.44,18.03,0
Ravenna,2010,8,4,29.15,15.87,2
Ravenna,2010,8,5,24.29,15.26,21.4
Ravenna,2010,8,6,24.8,14.96,19.6
Ravenna,2010,8,7,27.77,13.96,0
Ravenna,2010,8,8,30.44,14.75,0
Ravenna,2010,8,9,31.13,14.57,0
Ravenna,2010,8,10,31.28,16.5,0
Ravenna,2010,8,11,31.79,17.19,0
Ravenna,2010,8,12,32.72,17.74,0
Ravenna,2010,8,13,25.22,17.54,2.1
Ravenna,2010,8,14,23.06,16.92,12.1
Ravenna,2010,8,15,28.1,17.41,0
Ravenna,2010,8,16,28.05,14.14,0
Ravenna,2010,8,17,28.39,12.39,0
Ravenna,2010,8,18,29.24,13.94,0
Ravenna,2010,8,19,31.08,16.65,0
Ravenna,2010,8,20,31,18.76,0
Ravenna,2010,8,21,32.04,20.06,0
Ravenna,2010,8,22,32.27,17.65,0
Ravenna,2010,8,23,33.19,16.27,0
Ravenna,2010,8,24,33.84,17.22,0
Ravenna,2010,8,25,33.5,19.94,0
Ravenna,2010,8,26,33.18,18.94,0
Ravenna,2010,8,27,34.13,18.32,0
Ravenna,2010,8,28,33.32,18.86,0
Ravenna,2010,8,29,27.27,15.69,0
Ravenna,2010,8,30,25.59,11.15,0
Ravenna,2010,8,31,27.96,9.16,0
Ravenna,2010,9,1,26.65,10.68,0
Ravenna,2010,9,2,26.95,9.48,0
Ravenna,2010,9,3,27.33,13.74,0
Ravenna,2010,9,4,27.52,14.56,0
Ravenna,2010,9,5,26.82,15.09,6.1
Ravenna,2010,9,6,24.25,17.12,0
Ravenna,2010,9,7,26.94,15.66,0
Ravenna,2010,9,8,24.18,14.88,12.2
Ravenna,2010,9,9,25.97,13.07,21
Ravenna,2010,9,10,24.66,13.18,4.3
Ravenna,2010,9,11,25.26,11.78,0
Ravenna,2010,9,12,25.66,11.7,0
Ravenna,2010,9,13,25.22,10.97,0
Ravenna,2010,9,14,26.37,13.09,0
Ravenna,2010,9,15,27.45,11.6,0
Ravenna,2010,9,16,27.24,14.14,0
Ravenna,2010,9,17,25.13,18.5,2.6
Ravenna,2010,9,18,24.92,15.66,7.8
Ravenna,2010,9,19,21.64,11.62,8.9
Ravenna,2010,9,20,23.27,10,0
Ravenna,2010,9,21,24.89,9.45,0
Ravenna,2010,9,22,26.25,10.48,0
Ravenna,2010,9,23,25.93,8.85,0
Ravenna,2010,9,24,23.94,12.3,3.6
Ravenna,2010,9,25,21.34,11.24,2.7
Ravenna,2010,9,26,23.36,9.5,0
Ravenna,2010,9,27,21.42,10.2,0
Ravenna,2010,9,28,20.99,7.79,1.8
Ravenna,2010,9,29,21.96,6.54,0
Ravenna,2010,9,30,23.28,5.55,0
Ravenna,2010,10,1,22.16,11.5,0
Ravenna,2010,10,2,22.52,10.39,0
Ravenna,2010,10,3,22.4,9.16,0
Ravenna,2010,10,4,23.92,13.22,6
Ravenna,2010,10,5,25.08,16.18,6.5
Ravenna,2010,10,6,25.17,13.37,0
Ravenna,2010,10,7,23.93,14.14,0
Ravenna,2010,10,8,20.95,9.94,0
Ravenna,2010,10,9,19.67,6.43,0
Ravenna,2010,10,10,18.46,5.62,0
Ravenna,2010,10,11,18.89,7.78,0
Ravenna,2010,10,12,19.85,7.77,0
Ravenna,2010,10,13,15.24,10.83,0.8
Ravenna,2010,10,14,17.54,10.82,0
Ravenna,2010,10,15,16.46,10.33,5.1
Ravenna,2010,10,16,16.24,10.45,10.4
Ravenna,2010,10,17,12.8,9.35,11.2
Ravenna,2010,10,18,13.06,8.59,3
Ravenna,2010,10,19,17.51,4.94,0
Ravenna,2010,10,20,17.67,2.9,0
Ravenna,2010,10,21,17.45,2.75,0
Ravenna,2010,10,22,17.21,3.81,0
Ravenna,2010,10,23,15.56,5.72,0
Ravenna,2010,10,24,15.6,9.89,1.5
Ravenna,2010,10,25,17.67,11.16,8.5
Ravenna,2010,10,26,13.73,5.61,4.2
Ravenna,2010,10,27,12.71,3.5,0
Ravenna,2010,10,28,13.43,2.11,0
Ravenna,2010,10,29,16.21,1.03,0
Ravenna,2010,10,30,16,0.61,0
Ravenna,2010,10,31,16.3,12.24,3.7
Ravenna,2010,11,1,16.39,12.65,7.9
Ravenna,2010,11,2,18.06,12.81,2.2
Ravenna,2010,11,3,16.8,12.38,4
Ravenna,2010,11,4,17.56,7.99,0
Ravenna,2010,11,5,18.18,5.22,0
Ravenna,2010,11,6,16.74,9.42,0
Ravenna,2010,11,7,18.14,8.75,1.5
Ravenna,2010,11,8,15.07,9.25,4.1
Ravenna,2010,11,9,14.12,8.11,6.5
Ravenna,2010,11,10,14.22,5.8,10.5
Ravenna,2010,11,11,10.41,4.76,0
Ravenna,2010,11,12,14.65,3.7,0
Ravenna,2010,11,13,13.48,8.8,0
Ravenna,2010,11,14,13.19,10.36,0
Ravenna,2010,11,15,14.31,11.17,0
Ravenna,2010,11,16,15.3,7.45,3.5
Ravenna,2010,11,17,13.52,4.53,0
Ravenna,2010,11,18,12.1,4.62,6.1
Ravenna,2010,11,19,14.03,4.45,0
Ravenna,2010,11,20,12.39,3.44,0
Ravenna,2010,11,21,12.18,7.04,10.4
Ravenna,2010,11,22,10.94,5.11,2.2
Ravenna,2010,11,23,11.85,5.45,0
Ravenna,2010,11,24,10.9,0.95,2.4
Ravenna,2010,11,25,8.53,-0.11,0
Ravenna,2010,11,26,9.06,0.98,3
Ravenna,2010,11,27,9.16,-1.9,0
Ravenna,2010,11,28,6.36,0.56,26.4
Ravenna,2010,11,29,11.17,-0.68,0
Ravenna,2010,11,30,7.95,3.01,4.4
Ravenna,2010,12,1,6.28,1.3,18.1
Ravenna,2010,12,2,5.41,1.04,5.7
Ravenna,2010,12,3,6.31,0.58,2.4
Ravenna,2010,12,4,4.41,-0.12,1
Ravenna,2010,12,5,5.07,-2.41,0
Ravenna,2010,12,6,4.99,1.96,0
Ravenna,2010,12,7,5.55,2.33,0
Ravenna,2010,12,8,6.51,3.47,0
Ravenna,2010,12,9,11.65,1.27,0
Ravenna,2010,12,10,11.16,-2.09,0
Ravenna,2010,12,11,8.83,-3.69,0
Ravenna,2010,12,12,7.62,-2.54,0
Ravenna,2010,12,13,7.96,-2.82,0
Ravenna,2010,12,14,5.55,-5.32,0
Ravenna,2010,12,15,1.23,-4.97,0
Ravenna,2010,12,16,-0.11,-6.91,0
Ravenna,2010,12,17,0.67,-7.76,0
Ravenna,2010,12,18,1.46,-8.28,0
Ravenna,2010,12,19,1.93,-8.88,0
Ravenna,2010,12,20,2.75,-0.75,0
Ravenna,2010,12,21,3.87,-0.32,0
Ravenna,2010,12,22,4.45,1.65,1.1
Ravenna,2010,12,23,9.95,2.54,5.7
Ravenna,2010,12,24,9.18,4.05,4
Ravenna,2010,12,25,8.78,6.21,1.8
Ravenna,2010,12,26,7.32,1.73,4.8
Ravenna,2010,12,27,4.88,-2.77,0
Ravenna,2010,12,28,2.23,-4.94,0
Ravenna,2010,12,29,1.91,-3.51,0
Ravenna,2010,12,30,4.12,0.37,0
Ravenna,2010,12,31,6.57,-0.44,0
Ravenna,2011,1,1,5.56,0.5,0
Ravenna,2011,1,2,5.39,1.72,0
Ravenna,2011,1,3,7.99,-3.4,0
Ravenna,2011,1,4,4.13,-4.95,0
Ravenna,2011,1,5,2.47,-0.64,0
Ravenna,2011,1,6,2.35,0.19,0
Ravenna,2011,1,7,4.08,1.35,0
Ravenna,2011,1,8,6.21,-1.08,0
Ravenna,2011,1,9,3.8,1.55,0
Ravenna,2011,1,10,5.47,2.73,0
Ravenna,2011,1,11,9.4,0.82,0.9
Ravenna,2011,1,12,7.54,0.09,0
Ravenna,2011,1,13,6.79,1.87,0
Ravenna,2011,1,14,4.31,2.66,0
Ravenna,2011,1,15,7.42,2.13,0
Ravenna,2011,1,16,5.35,2.27,0
Ravenna,2011,1,17,2.95,0.88,0
Ravenna,2011,1,18,2.33,-0.22,0
Ravenna,2011,1,19,2.43,-0.78,0
Ravenna,2011,1,20,5.55,1.87,4.9
Ravenna,2011,1,21,5.03,2.86,2.7
Ravenna,2011,1,22,5.81,-0.7,0
Ravenna,2011,1,23,6.37,-3.58,0
Ravenna,2011,1,24,7.76,-5.41,0
Ravenna,2011,1,25,5.6,-6.01,0
Ravenna,2011,1,26,7.49,-5.14,0
Ravenna,2011,1,27,5.71,-0.24,2.9
Ravenna,2011,1,28,7.67,0.61,2.7
Ravenna,2011,1,29,4.26,0.71,0
Ravenna,2011,1,30,3.79,0.99,3.2
Ravenna,2011,1,31,6.41,0.13,2.9
Ravenna,2011,2,1,6.59,-2.27,0
Ravenna,2011,2,2,5.48,-2.38,0
Ravenna,2011,2,3,8.96,-3.56,0
Ravenna,2011,2,4,12.06,-3.64,0
Ravenna,2011,2,5,14.9,-3.14,0
Ravenna,2011,2,6,14.44,-3.14,0
Ravenna,2011,2,7,16.17,-3.99,0
Ravenna,2011,2,8,14.48,-4.01,0
Ravenna,2011,2,9,13.09,-2.51,0
Ravenna,2011,2,10,14.18,-3.66,0
Ravenna,2011,2,11,15.97,-1.98,0
Ravenna,2011,2,12,16.26,-1.46,0
Ravenna,2011,2,13,13.5,5.98,0
Ravenna,2011,2,14,10.79,4.96,0
Ravenna,2011,2,15,11.38,3.73,1.1
Ravenna,2011,2,16,9.2,4.68,6.5
Ravenna,2011,2,17,11.52,3.53,4.6
Ravenna,2011,2,18,12.52,5.25,0
Ravenna,2011,2,19,14.94,0.58,0
Ravenna,2011,2,20,10.57,0.25,4.7
Ravenna,2011,2,21,9.49,0.84,3
Ravenna,2011,2,22,7.71,-1.57,0
Ravenna,2011,2,23,7.03,-1.02,0
Ravenna,2011,2,24,8.36,-3.62,0
Ravenna,2011,2,25,9.24,-4.43,0
Ravenna,2011,2,26,9.29,-2.41,0
Ravenna,2011,2,27,5.01,-1.55,3.3
Ravenna,2011,2,28,7.03,2.56,11
Ravenna,2011,3,1,8.81,0.64,10.6
Ravenna,2011,3,2,2.33,0.07,17.4
Ravenna,2011,3,3,1.96,0.26,11.1
Ravenna,2011,3,4,5.37,0.96,2.6
Ravenna,2011,3,5,8.82,2.11,0
Ravenna,2011,3,6,14.9,2.04,0
Ravenna,2011,3,7,7.92,-0.19,0
Ravenna,2011,3,8,8.52,-3.81,0
Ravenna,2011,3,9,11.61,-4.64,0
Ravenna,2011,3,10,14.99,-3.83,0
Ravenna,2011,3,11,16.09,-1.05,0
Ravenna,2011,3,12,15.32,0.64,0
Ravenna,2011,3,13,10.26,5.87,5.7
Ravenna,2011,3,14,12.29,7.04,3.5
Ravenna,2011,3,15,13.22,9.57,6.4
Ravenna,2011,3,16,16.48,10.91,12.9
Ravenna,2011,3,17,17.14,7.85,0
Ravenna,2011,3,18,17.26,5.52,0
Ravenna,2011,3,19,15.18,3.55,0
Ravenna,2011,3,20,13.32,0.7,0
Ravenna,2011,3,21,11.92,-0.09,0
Ravenna,2011,3,22,15.15,1.59,0
Ravenna,2011,3,23,19.25,1.41,0
Ravenna,2011,3,24,20.41,1.06,0
Ravenna,2011,3,25,23.33,2.41,0
Ravenna,2011,3,26,20.33,4.88,0
Ravenna,2011,3,27,18.19,7.2,2.1
Ravenna,2011,3,28,14.86,10.36,2.2
Ravenna,2011,3,29,19.2,5.99,0
Ravenna,2011,3,30,20.62,4.1,0
Ravenna,2011,3,31,22.62,3.88,0
Ravenna,2011,4,1,24.71,5.55,0
Ravenna,2011,4,2,23.71,5.69,0
Ravenna,2011,4,3,24.55,5.84,0
Ravenna,2011,4,4,25.26,7.85,0
Ravenna,2011,4,5,20.16,6.56,0
Ravenna,2011,4,6,22.34,5.23,0
Ravenna,2011,4,7,27.9,8.16,0
Ravenna,2011,4,8,26.85,10.45,0
Ravenna,2011,4,9,31.1,9.86,0
Ravenna,2011,4,10,22.42,7.5,0
Ravenna,2011,4,11,23.98,4.71,0
Ravenna,2011,4,12,27.47,7.17,1.3
Ravenna,2011,4,13,18.23,5.2,0
Ravenna,2011,4,14,16.02,4.88,1.5
Ravenna,2011,4,15,14.71,5.03,1.6
Ravenna,2011,4,16,17.36,3.64,0
Ravenna,2011,4,17,18.34,3.29,0
Ravenna,2011,4,18,20.04,3.49,0
Ravenna,2011,4,19,21.1,3.01,0
Ravenna,2011,4,20,22.66,2.72,0
Ravenna,2011,4,21,23.9,4.63,0
Ravenna,2011,4,22,23.39,6.07,0
Ravenna,2011,4,23,21.74,12.65,0
Ravenna,2011,4,24,20.46,10.59,0
Ravenna,2011,4,25,21.21,8.91,0
Ravenna,2011,4,26,20.1,9.79,0
Ravenna,2011,4,27,20.99,9.21,1.4
Ravenna,2011,4,28,20.22,10.41,0
Ravenna,2011,4,29,20,10.45,0
Ravenna,2011,4,30,18.08,8.66,2.9
Ravenna,2011,5,1,23.68,10.32,0
Ravenna,2011,5,2,23.19,8.64,0
Ravenna,2011,5,3,23.9,13.08,0
Ravenna,2011,5,4,18.51,7.3,21.1
Ravenna,2011,5,5,18.42,4.91,0
Ravenna,2011,5,6,19.88,3.21,0
Ravenna,2011,5,7,24.52,6.14,0
Ravenna,2011,5,8,28.49,8.35,2.7
Ravenna,2011,5,9,21.11,8.36,0
Ravenna,2011,5,10,24.67,8.82,0
Ravenna,2011,5,11,29.35,7.61,0
Ravenna,2011,5,12,29.14,10.74,0
Ravenna,2011,5,13,26.83,13.08,0
Ravenna,2011,5,14,28.93,11.7,0
Ravenna,2011,5,15,20.68,9.93,11.9
Ravenna,2011,5,16,22.33,8.64,0
Ravenna,2011,5,17,24.34,9.38,0
Ravenna,2011,5,18,24.52,8.95,0
Ravenna,2011,5,19,27.82,8.85,0
Ravenna,2011,5,20,27.3,11.65,0
Ravenna,2011,5,21,28.19,10.33,0
Ravenna,2011,5,22,29.64,10.97,0
Ravenna,2011,5,23,29.05,12.26,0
Ravenna,2011,5,24,30.09,14.15,0
Ravenna,2011,5,25,30.09,14.22,0
Ravenna,2011,5,26,29.8,13.31,0
Ravenna,2011,5,27,30.81,13.54,0
Ravenna,2011,5,28,23.92,11.67,0
Ravenna,2011,5,29,25.77,9.8,0
Ravenna,2011,5,30,27.32,8.57,0
Ravenna,2011,5,31,28.93,9.77,0
Ravenna,2011,6,1,25.96,15.84,0
Ravenna,2011,6,2,26.75,15.39,0
Ravenna,2011,6,3,27.85,15.92,0
Ravenna,2011,6,4,28.86,15.24,0
Ravenna,2011,6,5,26.95,13.82,0
Ravenna,2011,6,6,24.07,14.97,8.5
Ravenna,2011,6,7,23.27,16.19,8.8
Ravenna,2011,6,8,25.95,14.26,0
Ravenna,2011,6,9,26.3,13.22,0
Ravenna,2011,6,10,26.05,14.71,0
Ravenna,2011,6,11,25.66,15.01,0
Ravenna,2011,6,12,27.16,14.03,0
Ravenna,2011,6,13,26.99,15.41,0
Ravenna,2011,6,14,27.83,14.98,0
Ravenna,2011,6,15,30.02,14.04,0
Ravenna,2011,6,16,30.86,13.87,0
Ravenna,2011,6,17,30.72,15.24,0
Ravenna,2011,6,18,30.77,17.64,0
Ravenna,2011,6,19,29.4,15.29,0
Ravenna,2011,6,20,27.87,14.7,0
Ravenna,2011,6,21,29.68,14.62,0
Ravenna,2011,6,22,32.87,15.77,0
Ravenna,2011,6,23,33.21,16.76,0
Ravenna,2011,6,24,30.42,16.81,0
Ravenna,2011,6,25,27.95,13.59,0
Ravenna,2011,6,26,30.44,11.84,0
Ravenna,2011,6,27,30.11,14.85,0
Ravenna,2011,6,28,32.35,16.31,0
Ravenna,2011,6,29,32.03,18.35,2.2
Ravenna,2011,6,30,30.11,17.44,1.3
Ravenna,2011,7,1,27.89,16.16,5.5
Ravenna,2011,7,2,25.37,10.74,0
Ravenna,2011,7,3,29.42,9.07,0
Ravenna,2011,7,4,30.43,14.36,0
Ravenna,2011,7,5,27.03,16.91,2.8
Ravenna,2011,7,6,30.68,15.22,0
Ravenna,2011,7,7,33.51,16.28,0
Ravenna,2011,7,8,35.72,18.05,0
Ravenna,2011,7,9,33.81,16.72,0
Ravenna,2011,7,10,34.36,18.45,0
Ravenna,2011,7,11,34.45,20.42,0
Ravenna,2011,7,12,34.56,20.31,0
Ravenna,2011,7,13,35.63,20.98,0
Ravenna,2011,7,14,34.42,22.46,0
Ravenna,2011,7,15,32.42,17.84,0
Ravenna,2011,7,16,31.86,15.16,0
Ravenna,2011,7,17,32.13,15.21,0
Ravenna,2011,7,18,29.81,17.79,0
Ravenna,2011,7,19,29.26,14.24,11.1
Ravenna,2011,7,20,28.9,14.54,7.3
Ravenna,2011,7,21,28.57,16.52,0
Ravenna,2011,7,22,30.78,15.69,0
Ravenna,2011,7,23,26.68,14.41,0
Ravenna,2011,7,24,22.44,13.85,4.3
Ravenna,2011,7,25,25.56,12.08,0
Ravenna,2011,7,26,27.76,13.39,0
Ravenna,2011,7,27,26.24,12.53,11.4
Ravenna,2011,7,28,27.99,15.25,3.1
Ravenna,2011,7,29,29.16,14.78,0
Ravenna,2011,7,30,31.07,14.01,0
Ravenna,2011,7,31,28.44,15.95,0
Ravenna,2011,8,1,30.4,15.34,0
Ravenna,2011,8,2,31.43,16.01,0
Ravenna,2011,8,3,32.4,17.13,0
Ravenna,2011,8,4,33.21,17.27,0
Ravenna,2011,8,5,30.8,17.86,0
Ravenna,2011,8,6,33.66,18.73,0
Ravenna,2011,8,7,33.55,22.86,0
Ravenna,2011,8,8,32.75,18.89,0
Ravenna,2011,8,9,27.5,15.78,0
Ravenna,2011,8,10,28.36,11.43,0
Ravenna,2011,8,11,28.6,10.45,0
Ravenna,2011,8,12,31.29,11.57,0
Ravenna,2011,8,13,31.69,13.9,0
Ravenna,2011,8,14,32.62,15.52,0
Ravenna,2011,8,15,32.66,17.53,0
Ravenna,2011,8,16,32.26,16.83,0
Ravenna,2011,8,17,33.09,15.71,0
Ravenna,2011,8,18,34.45,14.99,0
Ravenna,2011,8,19,38.28,17.3,0
Ravenna,2011,8,20,36.05,19.73,0
Ravenna,2011,8,21,36.74,17.74,0
Ravenna,2011,8,22,37.14,16.56,0
Ravenna,2011,8,23,37.34,16.32,0
Ravenna,2011,8,24,38.63,17.29,0
Ravenna,2011,8,25,38.8,16.54,0
Ravenna,2011,8,26,37.33,15.55,0
Ravenna,2011,8,27,32.89,14.72,0
Ravenna,2011,8,28,30.08,11.94,0
Ravenna,2011,8,29,31.31,12.8,0
Ravenna,2011,8,30,32.34,13.09,0
Ravenna,2011,8,31,33.05,13.89,0
Ravenna,2011,9,1,33.78,16.56,0
Ravenna,2011,9,2,33.36,17.63,0
Ravenna,2011,9,3,31.25,17.86,0
Ravenna,2011,9,4,30.63,19.02,0
Ravenna,2011,9,5,30.06,15.82,1.9
Ravenna,2011,9,6,27.62,15.55,0
Ravenna,2011,9,7,30.82,14.18,0
Ravenna,2011,9,8,31,15.48,0
Ravenna,2011,9,9,31.99,14.85,0
Ravenna,2011,9,10,31.77,17.16,0
Ravenna,2011,9,11,33.26,16.55,0
Ravenna,2011,9,12,32.22,16.96,0
Ravenna,2011,9,13,33.52,17.13,0
Ravenna,2011,9,14,33.53,16.11,0
Ravenna,2011,9,15,33.09,14.38,0
Ravenna,2011,9,16,32.21,16.01,0
Ravenna,2011,9,17,32.53,13.94,0
Ravenna,2011,9,18,30.59,14.69,3.3
Ravenna,2011,9,19,21.95,13.9,5.6
Ravenna,2011,9,20,24.04,11.99,4
Ravenna,2011,9,21,27.76,11.5,0
Ravenna,2011,9,22,29.3,11.87,0
Ravenna,2011,9,23,26.9,13.03,0
Ravenna,2011,9,24,28.11,11.81,0
Ravenna,2011,9,25,27.92,12.01,0
Ravenna,2011,9,26,28.82,11.9,0
Ravenna,2011,9,27,28.27,12.49,0
Ravenna,2011,9,28,27.03,11.82,0
Ravenna,2011,9,29,27.72,10.73,0
Ravenna,2011,9,30,27.3,9.95,0
Ravenna,2011,10,1,28.7,9.34,0
Ravenna,2011,10,2,30.04,9.41,0
Ravenna,2011,10,3,30.07,8.03,0
Ravenna,2011,10,4,30,7.7,0
Ravenna,2011,10,5,28.68,9.75,0
Ravenna,2011,10,6,28.99,8.81,0
Ravenna,2011,10,7,24.28,7.3,6.5
Ravenna,2011,10,8,20.15,3.59,0
Ravenna,2011,10,9,18.83,3.25,0
Ravenna,2011,10,10,22.1,5.12,0
Ravenna,2011,10,11,25.32,5.57,0
Ravenna,2011,10,12,28.04,5.7,0
Ravenna,2011,10,13,23.19,11.85,0
Ravenna,2011,10,14,18.05,6.99,0
Ravenna,2011,10,15,15.13,3.35,0
Ravenna,2011,10,16,16.66,2.38,0
Ravenna,2011,10,17,17.65,0.92,0
Ravenna,2011,10,18,19.17,-0.36,0
Ravenna,2011,10,19,23.23,8.51,0
Ravenna,2011,10,20,15.11,8.6,18.8
Ravenna,2011,10,21,15.31,6.21,9.9
Ravenna,2011,10,22,13.33,3.12,0
Ravenna,2011,10,23,14.81,1.77,0
Ravenna,2011,10,24,9.95,5.46,0
Ravenna,2011,10,25,15.68,8.63,0
Ravenna,2011,10,26,13.23,9.55,18.2
Ravenna,2011,10,27,17.62,6.82,0
Ravenna,2011,10,28,17.04,5.73,0
Ravenna,2011,10,29,16.37,4.95,0
Ravenna,2011,10,30,13.78,5.25,0
Ravenna,2011,10,31,15.1,10.68,0
Ravenna,2011,11,1,14.95,7.24,0
Ravenna,2011,11,2,15.48,7.89,0
Ravenna,2011,11,3,16.85,9.5,0
Ravenna,2011,11,4,19.54,9.61,0
Ravenna,2011,11,5,17.1,15.03,3.3
Ravenna,2011,11,6,16.89,11.92,3.1
Ravenna,2011,11,7,15.3,9.7,3.7
Ravenna,2011,11,8,18.88,11.02,3
Ravenna,2011,11,9,17.16,9.94,0
Ravenna,2011,11,10,16.8,6.39,0
Ravenna,2011,11,11,13.82,7,0
Ravenna,2011,11,12,12.31,1.8,0
Ravenna,2011,11,13,12.82,0.72,0
Ravenna,2011,11,14,12,-1.3,0
Ravenna,2011,11,15,8.85,-2.02,0
Ravenna,2011,11,16,7.54,-0.4,0
Ravenna,2011,11,17,10.06,-2.52,0
Ravenna,2011,11,18,11.08,-4,0
Ravenna,2011,11,19,5.79,-3.41,0
Ravenna,2011,11,20,2,-0.65,0
Ravenna,2011,11,21,2.63,0.1,0
Ravenna,2011,11,22,8.12,2.61,0
Ravenna,2011,11,23,13.15,4.28,0
Ravenna,2011,11,24,11.42,3.05,0
Ravenna,2011,11,25,13.08,-0.45,0
Ravenna,2011,11,26,11.38,-3.07,0
Ravenna,2011,11,27,12.43,-3.37,0
Ravenna,2011,11,28,9.45,-3.71,0
Ravenna,2011,11,29,10.24,-2.06,0
Ravenna,2011,11,30,12.13,-4.37,0
Ravenna,2011,12,1,11.74,-2.82,0
Ravenna,2011,12,2,10.58,1.37,0
Ravenna,2011,12,3,8.41,2.91,0
Ravenna,2011,12,4,7.1,4.35,0
Ravenna,2011,12,5,12.75,0.67,0
Ravenna,2011,12,6,10.91,-1.72,0
Ravenna,2011,12,7,12.58,-3.53,0
Ravenna,2011,12,8,13.74,-2.28,0
Ravenna,2011,12,9,8.2,-1.77,0
Ravenna,2011,12,10,10.04,1.46,0
Ravenna,2011,12,11,8.89,0.36,0
Ravenna,2011,12,12,7.85,3.11,3.1
Ravenna,2011,12,13,12.23,2.26,0
Ravenna,2011,12,14,8.9,2.58,0
Ravenna,2011,12,15,9.75,0.17,0
Ravenna,2011,12,16,15.19,-1.1,6.2
Ravenna,2011,12,17,10.14,0.7,0
Ravenna,2011,12,18,4.11,-2.83,0
Ravenna,2011,12,19,7.37,-0.94,0
Ravenna,2011,12,20,6.13,-3.46,0
Ravenna,2011,12,21,5.92,-4.71,0
Ravenna,2011,12,22,7.12,-4.08,0
Ravenna,2011,12,23,8.29,-4.63,0
Ravenna,2011,12,24,3.1,-5.47,5.5
Ravenna,2011,12,25,10.9,-0.86,0
Ravenna,2011,12,26,8.65,-2.06,0
Ravenna,2011,12,27,10.44,-1.46,0
Ravenna,2011,12,28,10.17,-3.79,0
Ravenna,2011,12,29,4.12,-3.68,4.8
Ravenna,2011,12,30,7.05,-2.27,0
Ravenna,2011,12,31,10.12,-4.6,0
Ravenna,2012,1,1,9.44,-3.84,0
Ravenna,2012,1,2,6.15,-2.06,4.1
Ravenna,2012,1,3,6.77,1.96,2.7
Ravenna,2012,1,4,4.09,-1.4,0
Ravenna,2012,1,5,9.9,-1.78,2.6
Ravenna,2012,1,6,10.44,0.92,0
Ravenna,2012,1,7,10.53,-0.47,0
Ravenna,2012,1,8,12.02,-3.11,0
Ravenna,2012,1,9,10.54,-3.79,0
Ravenna,2012,1,10,9.28,-3.34,0
Ravenna,2012,1,11,13.04,-4.66,0
Ravenna,2012,1,12,10.43,-4.66,0
Ravenna,2012,1,13,8.98,-3.78,0
Ravenna,2012,1,14,7.62,-4.59,0
Ravenna,2012,1,15,0.84,-2.43,0
Ravenna,2012,1,16,0.67,-2.1,0
Ravenna,2012,1,17,1.33,-3.97,0
Ravenna,2012,1,18,-1.64,-4.92,0
Ravenna,2012,1,19,1.68,-5.28,0
Ravenna,2012,1,20,1.62,-4.62,0
Ravenna,2012,1,21,1.16,-4.06,0
Ravenna,2012,1,22,3.81,-4.17,0
Ravenna,2012,1,23,9.18,-4.01,0
Ravenna,2012,1,24,8.54,-4.42,0
Ravenna,2012,1,25,10.22,-6.2,0
Ravenna,2012,1,26,9.12,-7.56,0
Ravenna,2012,1,27,8.78,-2.86,0
Ravenna,2012,1,28,7.41,-4.34,0
Ravenna,2012,1,29,5.98,0.2,0
Ravenna,2012,1,30,3.65,-4.52,0
Ravenna,2012,1,31,0.7,-4.35,0
Ravenna,2012,2,1,-0.4,-2.46,0
Ravenna,2012,2,2,-0.53,-4.39,2.3
Ravenna,2012,2,3,-2.1,-7.96,0
Ravenna,2012,2,4,-2.62,-6.2,0
Ravenna,2012,2,5,-1.49,-7.69,0
Ravenna,2012,2,6,-2.6,-13.34,0
Ravenna,2012,2,7,0.75,-7.42,0
Ravenna,2012,2,8,2.56,-8.41,4.4
Ravenna,2012,2,9,4.09,-9.47,2.6
Ravenna,2012,2,10,1.07,-5.22,0
Ravenna,2012,2,11,-2.59,-6.77,0
Ravenna,2012,2,12,-1.33,-9.1,0
Ravenna,2012,2,13,1.26,-10.46,2.4
Ravenna,2012,2,14,2.98,-15.67,0
Ravenna,2012,2,15,6.63,-15.53,0
Ravenna,2012,2,16,8.42,-10.64,0
Ravenna,2012,2,17,6.19,-9.06,0
Ravenna,2012,2,18,8.09,-6.44,0
Ravenna,2012,2,19,5.41,-1.59,0
Ravenna,2012,2,20,3.07,-0.02,22.9
Ravenna,2012,2,21,7.88,-1.18,0
Ravenna,2012,2,22,10.48,-1.7,0
Ravenna,2012,2,23,14.46,-1.71,0
Ravenna,2012,2,24,19.5,0.22,0
Ravenna,2012,2,25,19.25,0.68,0
Ravenna,2012,2,26,11.67,-0.44,1.5
Ravenna,2012,2,27,11.02,-2.4,0
Ravenna,2012,2,28,13.13,-1.79,0
Ravenna,2012,2,29,18.52,-0.63,0
Ravenna,2012,3,1,18.08,0.31,0
Ravenna,2012,3,2,21.9,0.91,0
Ravenna,2012,3,3,18.89,1.54,0
Ravenna,2012,3,4,14.92,3.67,0
Ravenna,2012,3,5,12.47,4.21,0
Ravenna,2012,3,6,8.75,3.68,0
Ravenna,2012,3,7,12.82,-0.87,0
Ravenna,2012,3,8,12.95,-2.51,0
Ravenna,2012,3,9,12.72,-1.04,0
Ravenna,2012,3,10,12.32,-2.09,0
Ravenna,2012,3,11,17.02,-1.48,0
Ravenna,2012,3,12,16.89,-0.02,0
Ravenna,2012,3,13,16.79,-0.54,0
Ravenna,2012,3,14,18.22,-0.56,0
Ravenna,2012,3,15,17.84,-0.23,0
Ravenna,2012,3,16,18.35,0.92,0
Ravenna,2012,3,17,17.44,0.79,0
Ravenna,2012,3,18,20.26,2.55,0
Ravenna,2012,3,19,19.22,6.04,0
Ravenna,2012,3,20,15.57,4.67,0
Ravenna,2012,3,21,22.12,5.17,0
Ravenna,2012,3,22,21.62,2.29,0
Ravenna,2012,3,23,21.9,2.34,0
Ravenna,2012,3,24,21.17,4.41,0
Ravenna,2012,3,25,21.3,4.14,0
Ravenna,2012,3,26,22.71,5.36,0
Ravenna,2012,3,27,20.38,1.9,0
Ravenna,2012,3,28,25.27,2.11,0
Ravenna,2012,3,29,26.95,4.37,0
Ravenna,2012,3,30,26.1,8.76,0
Ravenna,2012,3,31,25.25,5.14,0
Ravenna,2012,4,1,14.72,4.62,0
Ravenna,2012,4,2,15.86,1.22,0
Ravenna,2012,4,3,15.04,7.68,0
Ravenna,2012,4,4,17.26,9.59,1.1
Ravenna,2012,4,5,19.47,10.47,1.1
Ravenna,2012,4,6,21.89,8.9,0
Ravenna,2012,4,7,19.93,6.84,0
Ravenna,2012,4,8,11.88,3.63,5
Ravenna,2012,4,9,10.79,-0.4,0
Ravenna,2012,4,10,13.33,-1.22,0
Ravenna,2012,4,11,14.55,6.69,3.6
Ravenna,2012,4,12,16.92,2.3,0
Ravenna,2012,4,13,12.87,6.44,17.5
Ravenna,2012,4,14,13.46,8.54,24.7
Ravenna,2012,4,15,15.98,8.49,6.5
Ravenna,2012,4,16,16.39,6.94,1
Ravenna,2012,4,17,16.54,5.25,0
Ravenna,2012,4,18,16.42,3.77,0
Ravenna,2012,4,19,16.95,4.95,3.9
Ravenna,2012,4,20,17.03,5.38,3.4
Ravenna,2012,4,21,19.96,4.68,0
Ravenna,2012,4,22,20.71,5.26,0
Ravenna,2012,4,23,19.86,4.75,0
Ravenna,2012,4,24,18.16,9.68,1.6
Ravenna,2012,4,25,21.08,5.89,0
Ravenna,2012,4,26,20.82,5.11,0
Ravenna,2012,4,27,25.37,7.67,0
Ravenna,2012,4,28,27.1,8.28,0
Ravenna,2012,4,29,24.26,11.28,0
Ravenna,2012,4,30,23.71,12.59,0
Ravenna,2012,5,1,24.28,12.07,6.5
Ravenna,2012,5,2,22.37,8.9,0
Ravenna,2012,5,3,25,9.05,0
Ravenna,2012,5,4,24.14,9.12,0
Ravenna,2012,5,5,24.27,7.06,0
Ravenna,2012,5,6,20.21,13.29,1.7
Ravenna,2012,5,7,20.47,11.55,21
Ravenna,2012,5,8,22.09,7.52,0
Ravenna,2012,5,9,26.06,11.27,0
Ravenna,2012,5,10,28.81,11,0
Ravenna,2012,5,11,29.01,12.1,0
Ravenna,2012,5,12,32.76,12.36,0
Ravenna,2012,5,13,21.14,8.76,7
Ravenna,2012,5,14,17.75,7.13,0
Ravenna,2012,5,15,20.9,4.78,0
Ravenna,2012,5,16,14.72,6.14,1.1
Ravenna,2012,5,17,20.65,3.7,0
Ravenna,2012,5,18,20.43,2.79,0
Ravenna,2012,5,19,22.47,5.98,0
Ravenna,2012,5,20,20.18,7.73,14
Ravenna,2012,5,21,20.71,9.77,12.4
Ravenna,2012,5,22,20.37,7.93,0
Ravenna,2012,5,23,26.02,13.92,1.1
Ravenna,2012,5,24,30.98,15.91,0
Ravenna,2012,5,25,25.06,13.86,0
Ravenna,2012,5,26,24.19,10.54,0
Ravenna,2012,5,27,24.89,8.17,0
Ravenna,2012,5,28,26.81,10.43,0
Ravenna,2012,5,29,29.49,10.66,0
Ravenna,2012,5,30,29.21,14.47,0
Ravenna,2012,5,31,26.99,13.42,0
Ravenna,2012,6,1,28.85,14.33,0
Ravenna,2012,6,2,29.98,15.95,0
Ravenna,2012,6,3,30.37,14.56,0
Ravenna,2012,6,4,23.1,14.11,3.6
Ravenna,2012,6,5,28.02,12.87,0
Ravenna,2012,6,6,29.8,12.35,0
Ravenna,2012,6,7,29.75,14.25,0
Ravenna,2012,6,8,31.62,14.64,0
Ravenna,2012,6,9,28.34,17.76,1.6
Ravenna,2012,6,10,27.03,14.57,0
Ravenna,2012,6,11,27.48,14.84,0
Ravenna,2012,6,12,25.81,14.54,0
Ravenna,2012,6,13,26.95,12.19,0
Ravenna,2012,6,14,28.08,10.83,0
Ravenna,2012,6,15,29.54,9.92,0
Ravenna,2012,6,16,30.8,10.93,0
Ravenna,2012,6,17,32.77,13.52,0
Ravenna,2012,6,18,36.92,13.89,0
Ravenna,2012,6,19,36.86,16.37,0
Ravenna,2012,6,20,37.75,17.26,0
Ravenna,2012,6,21,36.16,18.27,0
Ravenna,2012,6,22,34.81,19.27,0
Ravenna,2012,6,23,31.64,17.58,0
Ravenna,2012,6,24,33.78,17.69,0
Ravenna,2012,6,25,35.89,17.13,0
Ravenna,2012,6,26,30.74,16.76,0
Ravenna,2012,6,27,32.1,14.53,0
Ravenna,2012,6,28,32.65,15.2,0
Ravenna,2012,6,29,37.19,17.89,0
Ravenna,2012,6,30,38.35,18.76,0
Ravenna,2012,7,1,39.01,17.71,0
Ravenna,2012,7,2,37.2,20.46,0
Ravenna,2012,7,3,35.91,19.81,0
Ravenna,2012,7,4,34.31,17,0
Ravenna,2012,7,5,36.74,19.89,0
Ravenna,2012,7,6,33.09,18.2,11
Ravenna,2012,7,7,33.67,16.04,0
Ravenna,2012,7,8,35.31,14.74,0
Ravenna,2012,7,9,36.81,16.62,0
Ravenna,2012,7,10,38.12,14.75,0
Ravenna,2012,7,11,35.86,17.01,0
Ravenna,2012,7,12,33.73,17.05,0
Ravenna,2012,7,13,33.56,13.36,0
Ravenna,2012,7,14,35.62,19.02,0
Ravenna,2012,7,15,32.36,18.19,0
Ravenna,2012,7,16,29.76,13.01,0
Ravenna,2012,7,17,31.56,10.46,0
Ravenna,2012,7,18,32.53,12.3,0
Ravenna,2012,7,19,37.87,14.36,0
Ravenna,2012,7,20,36.34,15.12,0
Ravenna,2012,7,21,30.7,16.34,0
Ravenna,2012,7,22,27.43,18.57,1.9
Ravenna,2012,7,23,26.66,18.53,0
Ravenna,2012,7,24,31.12,16.64,0
Ravenna,2012,7,25,32.73,16.34,0
Ravenna,2012,7,26,34.1,16.94,0
Ravenna,2012,7,27,36.52,16.67,0
Ravenna,2012,7,28,37.48,17.64,0
Ravenna,2012,7,29,37.7,21.24,0
Ravenna,2012,7,30,35.72,15.06,0
Ravenna,2012,7,31,33.66,17.67,0
Ravenna,2012,8,1,34.8,15.81,0
Ravenna,2012,8,2,35.35,13.96,0
Ravenna,2012,8,3,37.42,15.04,0
Ravenna,2012,8,4,36.23,15.46,0
Ravenna,2012,8,5,36.51,16.87,0
Ravenna,2012,8,6,36.53,18.15,0
Ravenna,2012,8,7,36.34,16.7,0
Ravenna,2012,8,8,34.5,13.32,0
Ravenna,2012,8,9,34.15,14.54,0
Ravenna,2012,8,10,31.9,16.83,0
Ravenna,2012,8,11,31.85,15.01,0
Ravenna,2012,8,12,28.97,17.92,0
Ravenna,2012,8,13,31.6,15.27,0
Ravenna,2012,8,14,31.74,19.22,0
Ravenna,2012,8,15,33.51,17.05,0
Ravenna,2012,8,16,37.23,17.15,0
Ravenna,2012,8,17,34.32,17.35,0
Ravenna,2012,8,18,35.2,14.37,0
Ravenna,2012,8,19,35.4,15.3,0
Ravenna,2012,8,20,39.28,12.78,0
Ravenna,2012,8,21,37.9,16.3,0
Ravenna,2012,8,22,37.56,15.46,0
Ravenna,2012,8,23,36.22,18.72,0
Ravenna,2012,8,24,39.82,17.23,0
Ravenna,2012,8,25,38.75,16.03,0
Ravenna,2012,8,26,34.44,16.27,1.8
Ravenna,2012,8,27,30.72,11.86,0
Ravenna,2012,8,28,31.44,8.91,0
Ravenna,2012,8,29,33.71,12.36,0
Ravenna,2012,8,30,32.5,13.34,0
Ravenna,2012,8,31,26.95,17.15,7.6
Ravenna,2012,9,1,23.94,14.12,1
Ravenna,2012,9,2,25.42,14.56,0
Ravenna,2012,9,3,24.78,15.89,23.9
Ravenna,2012,9,4,25.61,16.32,19.7
Ravenna,2012,9,5,27.03,16.67,15
Ravenna,2012,9,6,28.56,15.35,0
Ravenna,2012,9,7,29,13.92,0
Ravenna,2012,9,8,30.71,12.45,0
Ravenna,2012,9,9,31.71,11.08,0
Ravenna,2012,9,10,32.49,13.75,0
Ravenna,2012,9,11,32.75,13.8,0
Ravenna,2012,9,12,28.78,14.95,2.8
Ravenna,2012,9,13,18.24,12.78,7.5
Ravenna,2012,9,14,23.43,14.14,0
Ravenna,2012,9,15,24.25,10.82,0
Ravenna,2012,9,16,24.89,10.56,0
Ravenna,2012,9,17,25.16,11.09,0
Ravenna,2012,9,18,26.93,10.23,0
Ravenna,2012,9,19,23.09,13.73,7.3
Ravenna,2012,9,20,21.88,8.02,0
Ravenna,2012,9,21,21.87,5.3,0
Ravenna,2012,9,22,24.88,7.82,0
Ravenna,2012,9,23,25.28,17.2,0
Ravenna,2012,9,24,26.32,14,0
Ravenna,2012,9,25,28.52,11.67,0
Ravenna,2012,9,26,26.47,15.91,0
Ravenna,2012,9,27,26.67,17.62,0
Ravenna,2012,9,28,23.2,15.65,0
Ravenna,2012,9,29,20.96,15.36,0
Ravenna,2012,9,30,22.4,15.33,4.9
Ravenna,2012,10,1,24.44,13.81,16.1
Ravenna,2012,10,2,23.92,13.85,0
Ravenna,2012,10,3,25.32,12.55,0
Ravenna,2012,10,4,25.99,14.15,0
Ravenna,2012,10,5,25.77,12.04,0
Ravenna,2012,10,6,26.17,11.07,0
Ravenna,2012,10,7,25.99,13.12,0
Ravenna,2012,10,8,21.7,13.83,0
Ravenna,2012,10,9,19.09,12.61,2.4
Ravenna,2012,10,10,21.06,11.2,0
Ravenna,2012,10,11,19.51,12.04,0
Ravenna,2012,10,12,17.04,11.3,0
Ravenna,2012,10,13,20.93,11.06,8.3
Ravenna,2012,10,14,18.57,11.82,0
Ravenna,2012,10,15,20.41,12.05,9.4
Ravenna,2012,10,16,19.66,7.48,0
Ravenna,2012,10,17,20.6,6.39,0
Ravenna,2012,10,18,18.91,8.91,0
Ravenna,2012,10,19,17.89,7.6,0
Ravenna,2012,10,20,18.4,8.81,0
Ravenna,2012,10,21,21.2,8.98,0
Ravenna,2012,10,22,20.75,9.24,0
Ravenna,2012,10,23,21.86,6.78,0
Ravenna,2012,10,24,21.09,5.07,0
Ravenna,2012,10,25,20.84,5.15,0
Ravenna,2012,10,26,16.34,7.14,10.1
Ravenna,2012,10,27,17.32,12.12,7.5
Ravenna,2012,10,28,14.65,4.4,2
Ravenna,2012,10,29,11.35,-0.11,9.8
Ravenna,2012,10,30,11.67,-2.59,0
Ravenna,2012,10,31,12.47,4.88,24.7
Ravenna,2012,11,1,15.7,7.87,16.2
Ravenna,2012,11,2,19.15,6.41,0
Ravenna,2012,11,3,18.82,4.95,0
Ravenna,2012,11,4,16.23,9.51,0
Ravenna,2012,11,5,21.8,11,0
Ravenna,2012,11,6,18.41,6.54,0
Ravenna,2012,11,7,14.67,2.07,0
Ravenna,2012,11,8,16.43,0.14,0
Ravenna,2012,11,9,16.62,0.34,0
Ravenna,2012,11,10,14.19,6.36,0
Ravenna,2012,11,11,18.47,10.6,4.5
Ravenna,2012,11,12,10.84,8.87,4.9
Ravenna,2012,11,13,13.21,8.72,0
Ravenna,2012,11,14,14.01,5.72,0
Ravenna,2012,11,15,12.86,2.26,0
Ravenna,2012,11,16,10.22,0.11,0
Ravenna,2012,11,17,10.48,6.73,0
Ravenna,2012,11,18,9.04,7.23,0
Ravenna,2012,11,19,9.64,7.94,5.6
Ravenna,2012,11,20,13.61,6.8,7.2
Ravenna,2012,11,21,13.96,4.41,0
Ravenna,2012,11,22,12.18,0.54,0
Ravenna,2012,11,23,14.73,7.29,0
Ravenna,2012,11,24,14.69,3.7,0
Ravenna,2012,11,25,12.43,4.61,0
Ravenna,2012,11,26,18.44,6.1,0
Ravenna,2012,11,27,13.93,6.05,31.9
Ravenna,2012,11,28,13.95,7.88,30.2
Ravenna,2012,11,29,12.83,5.62,8.3
Ravenna,2012,11,30,10.04,5.36,13.9
Ravenna,2012,12,1,10.19,3.77,8.2
Ravenna,2012,12,2,7.52,3.25,2
Ravenna,2012,12,3,9.82,-2.57,0
Ravenna,2012,12,4,5.1,-2.48,3.8
Ravenna,2012,12,5,4.92,-2.83,0
Ravenna,2012,12,6,6.38,-3.18,0
Ravenna,2012,12,7,3.15,-3.81,6.3
Ravenna,2012,12,8,3.77,-3.11,6.4
Ravenna,2012,12,9,5.01,-5.69,1.5
Ravenna,2012,12,10,3.76,-6.03,0
Ravenna,2012,12,11,7.28,-3.78,0
Ravenna,2012,12,12,5.04,-5.74,0
Ravenna,2012,12,13,0.47,-7.72,0
Ravenna,2012,12,14,0,-1.99,1.6
Ravenna,2012,12,15,1.7,-1.91,1.9
Ravenna,2012,12,16,3.03,-3.12,0
Ravenna,2012,12,17,3,-0.84,0
Ravenna,2012,12,18,2.91,-1.89,0
Ravenna,2012,12,19,5.31,-5.16,0
Ravenna,2012,12,20,2.04,-5.65,0
Ravenna,2012,12,21,2.25,-1.74,4.9
Ravenna,2012,12,22,3.79,-1.86,0
Ravenna,2012,12,23,2.47,-2.52,0
Ravenna,2012,12,24,5.18,-1.67,0
Ravenna,2012,12,25,5.49,2.98,0
Ravenna,2012,12,26,5.55,2.97,6.1
Ravenna,2012,12,27,5.62,1.64,0
Ravenna,2012,12,28,11.66,-1.08,0
Ravenna,2012,12,29,10.29,-3.84,0
Ravenna,2012,12,30,8.51,-3.91,0
Ravenna,2012,12,31,7.73,-4.39,0
Ravenna,2013,1,1,7.98,-5.52,0
Ravenna,2013,1,2,4.82,0.26,5
Ravenna,2013,1,3,10.43,-0.47,3.2
Ravenna,2013,1,4,9.59,-1.58,0
Ravenna,2013,1,5,11.92,-0.52,0
Ravenna,2013,1,6,8.69,-1.39,0
Ravenna,2013,1,7,10.39,-0.75,0
Ravenna,2013,1,8,6.26,1.36,0
Ravenna,2013,1,9,6.2,2.37,0
Ravenna,2013,1,10,7.96,-0.36,0
Ravenna,2013,1,11,4.64,-1.77,0
Ravenna,2013,1,12,4.77,0.41,0
Ravenna,2013,1,13,4.4,0.52,10.5
Ravenna,2013,1,14,3.86,-0.4,7.8
Ravenna,2013,1,15,7.04,-2.27,0
Ravenna,2013,1,16,4.2,-0.31,9.6
Ravenna,2013,1,17,4.37,-0.99,8.2
Ravenna,2013,1,18,5.04,-2.89,0
Ravenna,2013,1,19,3.96,-4.19,2.3
Ravenna,2013,1,20,4.1,0.11,5.4
Ravenna,2013,1,21,5.56,-0.52,4.5
Ravenna,2013,1,22,6.5,-2.33,0
Ravenna,2013,1,23,7.21,-3.31,0.8
Ravenna,2013,1,24,6.03,3.12,3.1
Ravenna,2013,1,25,8.28,-6.21,0
Ravenna,2013,1,26,5.43,-3.23,0
Ravenna,2013,1,27,7.09,-5.56,0
Ravenna,2013,1,28,2.74,-1.51,2
Ravenna,2013,1,29,2.66,-1.75,0
Ravenna,2013,1,30,2.96,-1.14,0
Ravenna,2013,1,31,5.32,-0.03,0
Ravenna,2013,2,1,2.94,-1.07,0
Ravenna,2013,2,2,5.68,-0.5,15.1
Ravenna,2013,2,3,11.24,-1.68,18.7
Ravenna,2013,2,4,13.94,-2.45,0
Ravenna,2013,2,5,9.71,-1.82,0
Ravenna,2013,2,6,10.19,-1.01,1.7
Ravenna,2013,2,7,8.17,-0.69,0
Ravenna,2013,2,8,8.52,-2.55,0
Ravenna,2013,2,9,6.89,-3.79,0
Ravenna,2013,2,10,6.21,-4.54,0
Ravenna,2013,2,11,3.05,-3.22,2.4
Ravenna,2013,2,12,3.74,-1.41,0
Ravenna,2013,2,13,3.84,-1.63,0
Ravenna,2013,2,14,8.8,-2.09,0
Ravenna,2013,2,15,10.08,-3,0
Ravenna,2013,2,16,10.1,-2.16,0
Ravenna,2013,2,17,9.26,-1.75,0
Ravenna,2013,2,18,9,-1.29,0
Ravenna,2013,2,19,10.63,-2.82,0
Ravenna,2013,2,20,6.35,-3.73,6.5
Ravenna,2013,2,21,4.12,-1.01,18.7
Ravenna,2013,2,22,1.41,-1.7,12.1
Ravenna,2013,2,23,3.04,-1.61,12.2
Ravenna,2013,2,24,9.31,-1.8,14.9
Ravenna,2013,2,25,8.93,-4.5,0
Ravenna,2013,2,26,8.99,-1.19,0
Ravenna,2013,2,27,4.61,-0.42,0
Ravenna,2013,2,28,11.86,-0.93,0
Ravenna,2013,3,1,11.58,-2.12,0
Ravenna,2013,3,2,11.38,-1.31,0
Ravenna,2013,3,3,14.08,-3.81,0
Ravenna,2013,3,4,14.64,-3,0
Ravenna,2013,3,5,10.72,-0.65,1.1
Ravenna,2013,3,6,8.74,5.35,10.4
Ravenna,2013,3,7,12.38,5.84,5.6
Ravenna,2013,3,8,11.33,7.07,3.6
Ravenna,2013,3,9,16.21,8.24,6.3
Ravenna,2013,3,10,16.35,5.99,3.4
Ravenna,2013,3,11,13.74,4.38,0
Ravenna,2013,3,12,15.39,3.63,0
Ravenna,2013,3,13,12.61,2.97,2.4
Ravenna,2013,3,14,8.1,4.06,16.2
Ravenna,2013,3,15,7.02,-1.52,1.7
Ravenna,2013,3,16,8.9,-3.06,0
Ravenna,2013,3,17,10.62,-1.25,0
Ravenna,2013,3,18,7.18,0.68,2.6
Ravenna,2013,3,19,15.89,0.1,0
Ravenna,2013,3,20,14.93,-0.05,8.2
Ravenna,2013,3,21,16,2.72,8
Ravenna,2013,3,22,16.49,1.81,0
Ravenna,2013,3,23,15.22,4.1,0
Ravenna,2013,3,24,10.74,5.09,5.1
Ravenna,2013,3,25,4.73,0.47,23.4
Ravenna,2013,3,26,7.14,1.02,4.2
Ravenna,2013,3,27,10.57,1.44,0
Ravenna,2013,3,28,9.84,3.3,1
Ravenna,2013,3,29,10.47,4.44,0
Ravenna,2013,3,30,12.12,6.43,10.9
Ravenna,2013,3,31,13.31,5.89,6.8
Ravenna,2013,4,1,12.81,4.51,4.5
Ravenna,2013,4,2,10.51,6.12,9.1
Ravenna,2013,4,3,13.81,2.8,0
Ravenna,2013,4,4,12.38,0.87,5.2
Ravenna,2013,4,5,11.28,7.01,25.9
Ravenna,2013,4,6,15.04,4.2,0
Ravenna,2013,4,7,12.99,3.68,0
Ravenna,2013,4,8,11.18,2.56,2
Ravenna,2013,4,9,13.56,5.78,2.4
Ravenna,2013,4,10,15.69,7.44,0
Ravenna,2013,4,11,20,3.88,0
Ravenna,2013,4,12,21.83,9.7,0
Ravenna,2013,4,13,21.39,7.47,0
Ravenna,2013,4,14,21.3,5.65,0
Ravenna,2013,4,15,22.41,6.16,0
Ravenna,2013,4,16,21.79,8.4,0
Ravenna,2013,4,17,23.92,9.61,0
Ravenna,2013,4,18,24.91,7.06,0
Ravenna,2013,4,19,24.11,8.81,0
Ravenna,2013,4,20,18.93,12.03,0
Ravenna,2013,4,21,15.6,10.03,8.1
Ravenna,2013,4,22,17.43,7.78,5.6
Ravenna,2013,4,23,17.9,6.4,0
Ravenna,2013,4,24,20.32,4.56,0
Ravenna,2013,4,25,22.95,6.44,0
Ravenna,2013,4,26,21.92,9.88,0
Ravenna,2013,4,27,21.56,10.52,0
Ravenna,2013,4,28,23.69,12.86,0
Ravenna,2013,4,29,20.85,13.55,0
Ravenna,2013,4,30,21.81,11.64,0
Ravenna,2013,5,1,23.04,13.63,1.3
Ravenna,2013,5,2,18.94,13.6,5
Ravenna,2013,5,3,23.54,10.87,0
Ravenna,2013,5,4,24.31,12.42,0
Ravenna,2013,5,5,21.39,12.97,3.9
Ravenna,2013,5,6,21.24,14.29,1.4
Ravenna,2013,5,7,22.95,13.93,5.8
Ravenna,2013,5,8,22.67,11.87,0
Ravenna,2013,5,9,26.63,11.34,0
Ravenna,2013,5,10,24.55,14.23,2.5
Ravenna,2013,5,11,22.58,13.27,3.1
Ravenna,2013,5,12,21.81,12.12,3
Ravenna,2013,5,13,22.18,8.83,0
Ravenna,2013,5,14,23.06,6.29,0
Ravenna,2013,5,15,24.73,9.64,0
Ravenna,2013,5,16,21.39,14.06,5.9
Ravenna,2013,5,17,22.23,11.85,1
Ravenna,2013,5,18,22.47,9.01,0
Ravenna,2013,5,19,22.54,11.76,0
Ravenna,2013,5,20,22.26,8.44,0
Ravenna,2013,5,21,22,7.06,0
Ravenna,2013,5,22,21.91,8.84,0
Ravenna,2013,5,23,22.72,12.47,2
Ravenna,2013,5,24,17.07,6.72,0
Ravenna,2013,5,25,14.24,5.28,4.2
Ravenna,2013,5,26,21.77,7.92,3.4
Ravenna,2013,5,27,23.82,7.91,0
Ravenna,2013,5,28,21.33,9.55,0
Ravenna,2013,5,29,21.04,10.76,0
Ravenna,2013,5,30,19.86,8.59,0
Ravenna,2013,5,31,21.36,9.21,0
Ravenna,2013,6,1,22.24,12,0
Ravenna,2013,6,2,25.9,11.64,0
Ravenna,2013,6,3,23.58,9.85,0
Ravenna,2013,6,4,26.32,8.35,0
Ravenna,2013,6,5,24.94,13.51,4.2
Ravenna,2013,6,6,25.73,11.9,0
Ravenna,2013,6,7,27.59,10.97,0
Ravenna,2013,6,8,28.6,11.95,0
Ravenna,2013,6,9,27.67,12.64,3.6
Ravenna,2013,6,10,24.03,12.78,1.4
Ravenna,2013,6,11,29.16,12.01,0
Ravenna,2013,6,12,28.94,12.99,0
Ravenna,2013,6,13,29.71,12.73,0
Ravenna,2013,6,14,28.85,9.87,0
Ravenna,2013,6,15,32.26,15.99,0
Ravenna,2013,6,16,33.32,16.87,0
Ravenna,2013,6,17,33.75,16.33,0
Ravenna,2013,6,18,33.73,17.74,0
Ravenna,2013,6,19,32.42,17.91,0
Ravenna,2013,6,20,35.53,17.45,0
Ravenna,2013,6,21,32.01,17.58,0
Ravenna,2013,6,22,30.97,14.15,0
Ravenna,2013,6,23,31.14,15.27,0
Ravenna,2013,6,24,26.17,13.27,0
Ravenna,2013,6,25,29.28,11.55,0
Ravenna,2013,6,26,24.51,12.57,0.8
Ravenna,2013,6,27,24.52,12.8,3
Ravenna,2013,6,28,19.74,10.18,8.5
Ravenna,2013,6,29,25.32,10.06,0
Ravenna,2013,6,30,28.55,8.67,0
Ravenna,2013,7,1,28.12,10.48,0
Ravenna,2013,7,2,30.76,12.05,0
Ravenna,2013,7,3,31.41,13.77,0
Ravenna,2013,7,4,32.03,17.96,0
Ravenna,2013,7,5,32.83,16.69,0
Ravenna,2013,7,6,31.8,17.93,0
Ravenna,2013,7,7,30.79,16.36,0
Ravenna,2013,7,8,31.6,16.53,0
Ravenna,2013,7,9,32.61,16.66,0
Ravenna,2013,7,10,33.02,16.86,0
Ravenna,2013,7,11,32.67,17.84,0
Ravenna,2013,7,12,30.21,18.78,10.3
Ravenna,2013,7,13,30.48,17.69,14.8
Ravenna,2013,7,14,30.82,15.48,10.1
Ravenna,2013,7,15,31.97,14.66,0
Ravenna,2013,7,16,29.9,15.54,0
Ravenna,2013,7,17,30.55,15.12,0
Ravenna,2013,7,18,31.35,13.34,0
Ravenna,2013,7,19,32.62,15.07,0
Ravenna,2013,7,20,33.96,14.41,0
Ravenna,2013,7,21,31.79,14.94,0
Ravenna,2013,7,22,33.26,14.38,0
Ravenna,2013,7,23,35.01,13.48,0
Ravenna,2013,7,24,35.31,15.17,0
Ravenna,2013,7,25,35.47,18.72,0
Ravenna,2013,7,26,34.78,18.11,0
Ravenna,2013,7,27,36.62,18.36,0
Ravenna,2013,7,28,37.79,17.64,0
Ravenna,2013,7,29,32.82,16.36,8.5
Ravenna,2013,7,30,30.46,15.96,0
Ravenna,2013,7,31,31.79,13.37,0
Ravenna,2013,8,1,33.72,14.67,0
Ravenna,2013,8,2,35.58,14.94,0
Ravenna,2013,8,3,37.08,14.01,0
Ravenna,2013,8,4,34.26,18.54,0
Ravenna,2013,8,5,37.09,18.8,0
Ravenna,2013,8,6,38.39,18.35,0
Ravenna,2013,8,7,36.11,16.87,0
Ravenna,2013,8,8,35.86,18.47,0
Ravenna,2013,8,9,33.02,19.17,0
Ravenna,2013,8,10,29.93,16.57,0
Ravenna,2013,8,11,30.79,15.34,0
Ravenna,2013,8,12,32.41,13.42,0
Ravenna,2013,8,13,34.74,15.14,0
Ravenna,2013,8,14,26.09,16.52,0
Ravenna,2013,8,15,28.27,14.26,0
Ravenna,2013,8,16,30.11,13.46,0
Ravenna,2013,8,17,32.4,11.94,0
Ravenna,2013,8,18,32.27,13.84,0
Ravenna,2013,8,19,33.43,15.34,0
Ravenna,2013,8,20,22.7,15.94,19.1
Ravenna,2013,8,21,29.09,14.38,0
Ravenna,2013,8,22,30.9,14.12,0
Ravenna,2013,8,23,31.45,13.73,5.2
Ravenna,2013,8,24,30.21,16.69,0
Ravenna,2013,8,25,26.97,15.99,6.6
Ravenna,2013,8,26,28.93,15.89,0
Ravenna,2013,8,27,28.17,15.41,4.8
Ravenna,2013,8,28,28.27,14.25,0
Ravenna,2013,8,29,28.07,12.4,0
Ravenna,2013,8,30,28.82,11.87,0
Ravenna,2013,8,31,29.55,10.85,0
Ravenna,2013,9,1,30.41,9.56,0
Ravenna,2013,9,2,28.57,13.77,0
Ravenna,2013,9,3,32.18,12.27,0
Ravenna,2013,9,4,30.9,12.03,0
Ravenna,2013,9,5,30.78,13.48,0
Ravenna,2013,9,6,31.01,14.06,0
Ravenna,2013,9,7,31.77,13.76,0
Ravenna,2013,9,8,29.46,15.72,0
Ravenna,2013,9,9,31.13,12.39,2
Ravenna,2013,9,10,28.93,10.45,0
Ravenna,2013,9,11,25.8,13.75,3.3
Ravenna,2013,9,12,25.15,10.44,0
Ravenna,2013,9,13,27.18,9.34,0
Ravenna,2013,9,14,29.14,8.83,0
Ravenna,2013,9,15,24.83,10.44,13
Ravenna,2013,9,16,26.06,13.94,0
Ravenna,2013,9,17,22.75,11.66,0
Ravenna,2013,9,18,25.3,7.37,0
Ravenna,2013,9,19,26.19,11.17,0
Ravenna,2013,9,20,25.61,10.34,0
Ravenna,2013,9,21,26.17,10.83,0
Ravenna,2013,9,22,24.85,9.17,0
Ravenna,2013,9,23,28.43,7.42,0
Ravenna,2013,9,24,29.51,7.85,0
Ravenna,2013,9,25,27.35,12.99,0
Ravenna,2013,9,26,27.74,11.41,0
Ravenna,2013,9,27,28.22,15.02,0
Ravenna,2013,9,28,27.55,13.8,0
Ravenna,2013,9,29,19.15,13.18,5.4
Ravenna,2013,9,30,16.95,12.42,8
Ravenna,2013,10,1,21.53,10.66,0
Ravenna,2013,10,2,21.08,11.08,0
Ravenna,2013,10,3,18.45,8,0
Ravenna,2013,10,4,17.21,10.72,0
Ravenna,2013,10,5,14.9,9.8,8.5
Ravenna,2013,10,6,15.81,10.61,13.3
Ravenna,2013,10,7,15.69,13.06,30.4
Ravenna,2013,10,8,14.07,12.29,13.2
Ravenna,2013,10,9,19.3,12.41,0
Ravenna,2013,10,10,23.46,10.88,0.8
Ravenna,2013,10,11,17.19,8.75,1.1
Ravenna,2013,10,12,20.44,8.47,1.1
Ravenna,2013,10,13,19.69,6.06,0
Ravenna,2013,10,14,15.24,9.04,2.7
Ravenna,2013,10,15,17.03,10.23,0
Ravenna,2013,10,16,21.23,9.29,0
Ravenna,2013,10,17,22.23,5.32,0
Ravenna,2013,10,18,19.75,5.37,0
Ravenna,2013,10,19,18.67,9.85,0
Ravenna,2013,10,20,19.2,10.25,11
Ravenna,2013,10,21,16.32,12.02,12.6
Ravenna,2013,10,22,18.48,11.55,0
Ravenna,2013,10,23,21.71,12.84,0
Ravenna,2013,10,24,19.91,14.65,24.5
Ravenna,2013,10,25,19.04,14,0
Ravenna,2013,10,26,20,13.03,0
Ravenna,2013,10,27,22.24,13.24,0
Ravenna,2013,10,28,25,14.05,0
Ravenna,2013,10,29,25.1,13.91,0
Ravenna,2013,10,30,19.32,12.81,0
Ravenna,2013,10,31,18.92,9.65,0
Ravenna,2013,11,1,19.28,6.17,0
Ravenna,2013,11,2,18.76,7.82,0
Ravenna,2013,11,3,22.84,11.72,0
Ravenna,2013,11,4,18.07,12.24,6.1
Ravenna,2013,11,5,15.72,6.37,7.1
Ravenna,2013,11,6,19.9,5.73,0
Ravenna,2013,11,7,17.6,6.39,0
Ravenna,2013,11,8,18.13,10.34,0
Ravenna,2013,11,9,21.76,10.17,0
Ravenna,2013,11,10,18.25,9.23,11.4
Ravenna,2013,11,11,14.41,8.17,20.2
Ravenna,2013,11,12,15.8,8.79,1.6
Ravenna,2013,11,13,15.78,7.43,0
Ravenna,2013,11,14,12.75,10.32,8.3
Ravenna,2013,11,15,13.66,9.32,18.3
Ravenna,2013,11,16,13.29,7.93,0
Ravenna,2013,11,17,12.08,8.1,0
Ravenna,2013,11,18,13.74,9.32,0
Ravenna,2013,11,19,14.92,7.52,0
Ravenna,2013,11,20,15.21,6.44,0
Ravenna,2013,11,21,12.33,5.5,1.4
Ravenna,2013,11,22,10.88,1.86,1.8
Ravenna,2013,11,23,10.35,4.31,28.2
Ravenna,2013,11,24,10.25,4.91,1.4
Ravenna,2013,11,25,11.59,1.74,1.6
Ravenna,2013,11,26,8.51,-1.42,0
Ravenna,2013,11,27,6.14,-0.28,0
Ravenna,2013,11,28,7.24,-1.33,0
Ravenna,2013,11,29,8.67,-2.6,0
Ravenna,2013,11,30,6.59,-2.19,0
Ravenna,2013,12,1,10.32,0.03,0
Ravenna,2013,12,2,12.5,-0.67,0
Ravenna,2013,12,3,9.9,-2.33,0
Ravenna,2013,12,4,10.1,-3.35,0
Ravenna,2013,12,5,9.32,-4.58,0
Ravenna,2013,12,6,12.73,-3.08,0
Ravenna,2013,12,7,10.25,-3.05,0
Ravenna,2013,12,8,8.6,-3.41,0
Ravenna,2013,12,9,6.2,-2.72,0
Ravenna,2013,12,10,6.69,-2.92,0
Ravenna,2013,12,11,5.97,-2.03,0
Ravenna,2013,12,12,3.27,-1.71,0
Ravenna,2013,12,13,8.24,-3.45,0
Ravenna,2013,12,14,10.72,-3.96,0
Ravenna,2013,12,15,8.39,-2.68,0
Ravenna,2013,12,16,9.85,-3.7,0
Ravenna,2013,12,17,9.99,-4.8,0
Ravenna,2013,12,18,8.12,-5.56,0
Ravenna,2013,12,19,6.52,-5.35,0
Ravenna,2013,12,20,6.59,-1.36,0
Ravenna,2013,12,21,8.3,1.55,0
Ravenna,2013,12,22,6.3,2.06,0
Ravenna,2013,12,23,7.27,4.16,0
Ravenna,2013,12,24,5.82,1.03,0
Ravenna,2013,12,25,14.16,2.13,0
Ravenna,2013,12,26,14.09,1.94,3
Ravenna,2013,12,27,11.69,1.38,0
Ravenna,2013,12,28,12.62,-0.88,0
Ravenna,2013,12,29,8.79,4.34,0
Ravenna,2013,12,30,9.11,4.09,0
Ravenna,2013,12,31,8.91,0.5,0
Ravenna,2014,1,1,9.34,-2.31,0
Ravenna,2014,1,2,5.9,-1.41,0
Ravenna,2014,1,3,6.16,3.26,1.2
Ravenna,2014,1,4,13.69,3.46,1.9
Ravenna,2014,1,5,8.3,5.24,1.9
Ravenna,2014,1,6,12.56,2.08,0
Ravenna,2014,1,7,10.56,0.23,0
Ravenna,2014,1,8,11.32,-0.62,0
Ravenna,2014,1,9,11.93,2.85,0
Ravenna,2014,1,10,8.47,0.77,0
Ravenna,2014,1,11,10.08,5.65,0
Ravenna,2014,1,12,9.65,6.01,0
Ravenna,2014,1,13,8.75,6.09,0
Ravenna,2014,1,14,12.03,2.73,1.4
Ravenna,2014,1,15,7.23,0.04,0
Ravenna,2014,1,16,7.01,2.44,0
Ravenna,2014,1,17,11.57,4.25,4.4
Ravenna,2014,1,18,6.88,3.93,7.7
Ravenna,2014,1,19,8.46,4.88,4.4
Ravenna,2014,1,20,8.86,6.04,6.1
Ravenna,2014,1,21,12.3,5.94,0
Ravenna,2014,1,22,13.99,2.47,0
Ravenna,2014,1,23,12.58,0.36,4.9
Ravenna,2014,1,24,7.37,4.2,14.3
Ravenna,2014,1,25,10.65,0.12,0
Ravenna,2014,1,26,9.56,-1.28,0
Ravenna,2014,1,27,7.11,-0.35,5.8
Ravenna,2014,1,28,4.13,-0.79,14.2
Ravenna,2014,1,29,8.51,-2.16,1.3
Ravenna,2014,1,30,7.9,3.37,2.8
Ravenna,2014,1,31,6.41,2.65,8.4
Ravenna,2014,2,1,8.37,4.27,6.7
Ravenna,2014,2,2,8.93,6,3.2
Ravenna,2014,2,3,9.71,6.16,13.9
Ravenna,2014,2,4,7.34,4.94,3.2
Ravenna,2014,2,5,11.59,3.99,2.8
Ravenna,2014,2,6,11.21,1.64,0
Ravenna,2014,2,7,13.66,0.2,2.7
Ravenna,2014,2,8,12.79,2.22,0
Ravenna,2014,2,9,12.04,2.83,2
Ravenna,2014,2,10,10.35,3.02,3
Ravenna,2014,2,11,9.01,4.86,1.8
Ravenna,2014,2,12,12.38,2.03,0
Ravenna,2014,2,13,14.27,-0.2,0
Ravenna,2014,2,14,13.64,3.95,0
Ravenna,2014,2,15,13.49,3.49,0
Ravenna,2014,2,16,12.68,4.08,0
Ravenna,2014,2,17,15.34,2.84,0
Ravenna,2014,2,18,11.18,3.31,0
Ravenna,2014,2,19,10.9,6.87,4.1
Ravenna,2014,2,20,10.04,5.31,8
Ravenna,2014,2,21,14.56,5.78,3.9
Ravenna,2014,2,22,11.17,3.76,4.6
Ravenna,2014,2,23,14.02,1.33,0
Ravenna,2014,2,24,13.57,1.38,0
Ravenna,2014,2,25,14.52,-0.85,0
Ravenna,2014,2,26,14.62,2.14,2
Ravenna,2014,2,27,14.76,2.25,0
Ravenna,2014,2,28,13.91,1.44,0
Ravenna,2014,3,1,12.47,3.32,0
Ravenna,2014,3,2,10.2,4.39,1
Ravenna,2014,3,3,14.25,3.46,0
Ravenna,2014,3,4,9.77,6.33,18.5
Ravenna,2014,3,5,14.18,6.23,27.8
Ravenna,2014,3,6,15.1,4.31,0
Ravenna,2014,3,7,15.73,3.92,0
Ravenna,2014,3,8,14.91,2.69,0
Ravenna,2014,3,9,15.92,1.68,0
Ravenna,2014,3,10,14.31,2.89,0
Ravenna,2014,3,11,13.78,3.3,0
Ravenna,2014,3,12,17.49,1.48,0
Ravenna,2014,3,13,18.92,0.86,0
Ravenna,2014,3,14,19.51,0.05,0
Ravenna,2014,3,15,20.04,-0.1,0
Ravenna,2014,3,16,15.98,3.95,0
Ravenna,2014,3,17,18.92,3.87,0
Ravenna,2014,3,18,16.75,7.39,0
Ravenna,2014,3,19,20.58,7.12,0
Ravenna,2014,3,20,17.19,6.78,0
Ravenna,2014,3,21,17.53,6.75,0
Ravenna,2014,3,22,20.16,7.87,0
Ravenna,2014,3,23,16.88,6.64,4.5
Ravenna,2014,3,24,9.38,2.83,4
Ravenna,2014,3,25,12.68,-0.14,0
Ravenna,2014,3,26,12.32,4.75,2.4
Ravenna,2014,3,27,14.41,7.82,1.7
Ravenna,2014,3,28,18.07,6.79,3.9
Ravenna,2014,3,29,19.87,3.92,0
Ravenna,2014,3,30,20.76,3.39,0
Ravenna,2014,3,31,22.66,3.04,0
Ravenna,2014,4,1,20.98,7.41,0
Ravenna,2014,4,2,21.15,4.75,0
Ravenna,2014,4,3,18.17,8.19,0
Ravenna,2014,4,4,14.21,11.08,11
Ravenna,2014,4,5,16.25,10.2,11.2
Ravenna,2014,4,6,21.47,9.94,0
Ravenna,2014,4,7,24.18,8.27,0
Ravenna,2014,4,8,23.61,8.51,0
Ravenna,2014,4,9,18.28,8.11,0
Ravenna,2014,4,10,22.2,4.7,0
Ravenna,2014,4,11,18.07,7.43,0
Ravenna,2014,4,12,17.96,8.77,0
Ravenna,2014,4,13,17.78,7.65,0
Ravenna,2014,4,14,23.77,5.11,0
Ravenna,2014,4,15,16.79,9.5,0
Ravenna,2014,4,16,16.49,4.35,7.1
Ravenna,2014,4,17,18.83,4.52,0
Ravenna,2014,4,18,19.91,1.9,0
Ravenna,2014,4,19,16.64,9.94,0
Ravenna,2014,4,20,19.69,7.13,0
Ravenna,2014,4,21,18.68,9.52,0
Ravenna,2014,4,22,19.96,10.12,0
Ravenna,2014,4,23,22.25,9.7,0
Ravenna,2014,4,24,23.97,10.95,0
Ravenna,2014,4,25,23.97,7.51,0
Ravenna,2014,4,26,24.58,11.8,0
Ravenna,2014,4,27,21.83,10.95,6.6
Ravenna,2014,4,28,14.26,10.03,18
Ravenna,2014,4,29,20.21,9.32,11.9
Ravenna,2014,4,30,21.02,9.07,12.2
Ravenna,2014,5,1,21.38,10.53,0
Ravenna,2014,5,2,18.78,9.94,11.4
Ravenna,2014,5,3,18.45,10.87,7.9
Ravenna,2014,5,4,19.78,8.84,3.6
Ravenna,2014,5,5,18.89,5.58,0
Ravenna,2014,5,6,21.3,6.37,0
Ravenna,2014,5,7,21.93,8.46,0
Ravenna,2014,5,8,23.34,11.41,0
Ravenna,2014,5,9,24.97,7.36,0
Ravenna,2014,5,10,26.45,9.98,0
Ravenna,2014,5,11,23.8,13.12,0
Ravenna,2014,5,12,21.39,8.51,0
Ravenna,2014,5,13,18.59,8.12,0
Ravenna,2014,5,14,24.3,7.71,0
Ravenna,2014,5,15,22.85,7.61,0
Ravenna,2014,5,16,21.76,9.28,0
Ravenna,2014,5,17,23.66,11.79,0
Ravenna,2014,5,18,26.09,7.75,0
Ravenna,2014,5,19,22.6,6.37,0
Ravenna,2014,5,20,24.2,11.71,0
Ravenna,2014,5,21,25.67,10.65,0
Ravenna,2014,5,22,27.15,12.65,0
Ravenna,2014,5,23,25.9,13.61,0
Ravenna,2014,5,24,28.43,12.11,0
Ravenna,2014,5,25,25.32,9.7,0
Ravenna,2014,5,26,23.36,14.69,0
Ravenna,2014,5,27,24.27,11.43,0
Ravenna,2014,5,28,24.33,11.45,0
Ravenna,2014,5,29,25.09,10.39,2.9
Ravenna,2014,5,30,25.41,11,4.9
Ravenna,2014,5,31,26.35,11.27,13.2
Ravenna,2014,6,1,25.13,8.24,0
Ravenna,2014,6,2,24.44,7.31,0
Ravenna,2014,6,3,25.65,10.3,0
Ravenna,2014,6,4,25.42,12.16,0
Ravenna,2014,6,5,28.38,13.92,0
Ravenna,2014,6,6,28.92,12.3,0
Ravenna,2014,6,7,30.51,14.03,0
Ravenna,2014,6,8,32.58,15.37,0
Ravenna,2014,6,9,32.1,14.38,0
Ravenna,2014,6,10,34,15.4,0
Ravenna,2014,6,11,36.1,15.57,0
Ravenna,2014,6,12,35.03,16.06,0
Ravenna,2014,6,13,32.89,17.19,0
Ravenna,2014,6,14,26.55,16.94,11.1
Ravenna,2014,6,15,23.28,16.97,0
Ravenna,2014,6,16,22.19,14.42,3.8
Ravenna,2014,6,17,24.5,13.19,4.5
Ravenna,2014,6,18,25.64,12.37,0
Ravenna,2014,6,19,29.08,12.81,0
Ravenna,2014,6,20,30,12.35,0
Ravenna,2014,6,21,26.51,16.75,0
Ravenna,2014,6,22,30.79,14.13,0
Ravenna,2014,6,23,31.53,16.3,0
Ravenna,2014,6,24,31.7,17.74,0
Ravenna,2014,6,25,25.34,17.06,1.4
Ravenna,2014,6,26,23.4,15.08,1.3
Ravenna,2014,6,27,28.5,14.28,0
Ravenna,2014,6,28,30.81,13.71,0
Ravenna,2014,6,29,29.25,13.98,5.2
Ravenna,2014,6,30,27.4,14.94,7.9
Ravenna,2014,7,1,27.24,12.05,0
Ravenna,2014,7,2,30.4,14.91,0
Ravenna,2014,7,3,28.44,12.63,0
Ravenna,2014,7,4,28.01,11.48,0
Ravenna,2014,7,5,31.27,16.07,0
Ravenna,2014,7,6,31.31,16.23,0
Ravenna,2014,7,7,33.43,16.33,0
Ravenna,2014,7,8,27.31,15.52,2.5
Ravenna,2014,7,9,26.87,13.02,2
Ravenna,2014,7,10,21.99,13.6,7.9
Ravenna,2014,7,11,29.15,12.02,0
Ravenna,2014,7,12,30.3,14.48,13
Ravenna,2014,7,13,29.4,16.25,0
Ravenna,2014,7,14,25.89,14.91,0
Ravenna,2014,7,15,32.28,14.43,0
Ravenna,2014,7,16,33.15,16.43,0
Ravenna,2014,7,17,34.78,17.28,0
Ravenna,2014,7,18,33.86,16.38,0
Ravenna,2014,7,19,34.8,15.25,0
Ravenna,2014,7,20,36.26,17.89,0
Ravenna,2014,7,21,26.18,17.15,0
Ravenna,2014,7,22,28.55,15.08,0
Ravenna,2014,7,23,31.38,18.24,0
Ravenna,2014,7,24,23.56,18.22,1.5
Ravenna,2014,7,25,28.8,16.17,0
Ravenna,2014,7,26,28.19,15.86,1.6
Ravenna,2014,7,27,26.23,16.8,17.5
Ravenna,2014,7,28,30.37,15.9,0
Ravenna,2014,7,29,27.03,17.24,4.4
Ravenna,2014,7,30,23.69,16.79,12.2
Ravenna,2014,7,31,27.34,18.25,0.7
Ravenna,2014,8,1,29.85,16.23,0
Ravenna,2014,8,2,31.74,17.15,0
Ravenna,2014,8,3,30.87,17.98,7.5
Ravenna,2014,8,4,31.84,15.97,0
Ravenna,2014,8,5,29.55,17.42,2.4
Ravenna,2014,8,6,31.76,16.43,0
Ravenna,2014,8,7,33.16,14.43,0
Ravenna,2014,8,8,31.96,14.27,0
Ravenna,2014,8,9,33.35,16.3,0
Ravenna,2014,8,10,34.91,17.57,0
Ravenna,2014,8,11,35.25,16.55,0
Ravenna,2014,8,12,34.44,18.78,0
Ravenna,2014,8,13,33.43,18.4,0
Ravenna,2014,8,14,29.73,18.52,0
Ravenna,2014,8,15,29.59,14.78,0
Ravenna,2014,8,16,24.62,12.18,16.4
Ravenna,2014,8,17,27.76,11.16,0
Ravenna,2014,8,18,29.99,11.09,0
Ravenna,2014,8,19,29.78,12.74,0
Ravenna,2014,8,20,29.6,16.57,0
Ravenna,2014,8,21,30.79,15.29,0
Ravenna,2014,8,22,31,11.47,0
Ravenna,2014,8,23,23.51,14.38,3.2
Ravenna,2014,8,24,28.4,13.36,1.8
Ravenna,2014,8,25,27.28,15.83,0
Ravenna,2014,8,26,26.21,11.96,0
Ravenna,2014,8,27,31.66,16.96,0
Ravenna,2014,8,28,27.67,14.43,0
Ravenna,2014,8,29,30.59,12.83,0
Ravenna,2014,8,30,30.71,11.28,0
Ravenna,2014,8,31,31.45,15.19,0
Ravenna,2014,9,1,21.8,13.87,9.2
Ravenna,2014,9,2,22.4,13.27,0
Ravenna,2014,9,3,21.37,14.66,0.5
Ravenna,2014,9,4,25.08,16.64,0
Ravenna,2014,9,5,27.86,16.13,0
Ravenna,2014,9,6,29.17,15.26,0
Ravenna,2014,9,7,29.44,13.43,0
Ravenna,2014,9,8,30.76,12.36,0
Ravenna,2014,9,9,30.6,13.58,0
Ravenna,2014,9,10,27.02,15.45,3.3
Ravenna,2014,9,11,23.9,12.29,2.9
Ravenna,2014,9,12,21.85,11.05,3.4
Ravenna,2014,9,13,26.24,8.26,0
Ravenna,2014,9,14,26.63,9.42,0
Ravenna,2014,9,15,27.31,9.49,0
Ravenna,2014,9,16,27.46,12.27,0
Ravenna,2014,9,17,26.29,11.03,0
Ravenna,2014,9,18,24.47,10.31,0
Ravenna,2014,9,19,22.14,13.54,1.8
Ravenna,2014,9,20,25.14,16.25,20.2
Ravenna,2014,9,21,27.25,13.91,0
Ravenna,2014,9,22,28.08,13.54,0
Ravenna,2014,9,23,23.01,7.39,0
Ravenna,2014,9,24,23.36,4.95,0
Ravenna,2014,9,25,24.37,10.1,0
Ravenna,2014,9,26,24.17,8.87,0
Ravenna,2014,9,27,25.24,8.37,0
Ravenna,2014,9,28,24.92,9.8,0
Ravenna,2014,9,29,25.9,8.74,0
Ravenna,2014,9,30,25.64,8.77,0
Ravenna,2014,10,1,20.69,15.05,3.7
Ravenna,2014,10,2,23.42,12.74,0
Ravenna,2014,10,3,23.5,11.05,0
Ravenna,2014,10,4,22.91,10.28,0
Ravenna,2014,10,5,22.18,9.8,0
Ravenna,2014,10,6,21.03,9.39,0
Ravenna,2014,10,7,21.81,8.38,0
Ravenna,2014,10,8,25.74,13.59,0
Ravenna,2014,10,9,22.73,11.52,0
Ravenna,2014,10,10,24.36,15.82,0
Ravenna,2014,10,11,27.26,16.44,8.8
Ravenna,2014,10,12,23.12,15.99,0
Ravenna,2014,10,13,24.93,16.21,6
Ravenna,2014,10,14,25.24,14,5.7
Ravenna,2014,10,15,19.86,15.29,9.3
Ravenna,2014,10,16,24.78,13.95,0
Ravenna,2014,10,17,26.26,15.94,0
Ravenna,2014,10,18,24.18,15.29,0
Ravenna,2014,10,19,22.84,14.78,0
Ravenna,2014,10,20,22.04,14.2,0
Ravenna,2014,10,21,24.45,15.14,0
Ravenna,2014,10,22,19.27,10.72,0
Ravenna,2014,10,23,16.49,10.17,0
Ravenna,2014,10,24,21.79,9.06,0
Ravenna,2014,10,25,17.33,6.78,0
Ravenna,2014,10,26,18.24,5.71,0
Ravenna,2014,10,27,15.69,4.59,0
Ravenna,2014,10,28,15.7,4.71,0
Ravenna,2014,10,29,16.26,2.07,0
Ravenna,2014,10,30,16.24,1.14,0
Ravenna,2014,10,31,16.75,1.31,0
Ravenna,2014,11,1,18.06,1.6,0
Ravenna,2014,11,2,20.58,1.91,0
Ravenna,2014,11,3,20.46,3.08,0
Ravenna,2014,11,4,21.29,6.45,0
Ravenna,2014,11,5,18.94,14.23,12.3
Ravenna,2014,11,6,16.98,12.39,17.3
Ravenna,2014,11,7,13.75,11.05,2.3
Ravenna,2014,11,8,15.41,11.3,1.3
Ravenna,2014,11,9,16.55,11.82,0
Ravenna,2014,11,10,17.31,11.98,3.8
Ravenna,2014,11,11,17.16,10.34,2.9
Ravenna,2014,11,12,17.32,10.26,0
Ravenna,2014,11,13,15.9,10.99,0
Ravenna,2014,11,14,17.34,8.98,0
Ravenna,2014,11,15,16.91,7.3,1.6
Ravenna,2014,11,16,16.49,8.13,0
Ravenna,2014,11,17,12.79,5.11,16.4
Ravenna,2014,11,18,14.74,5.48,16.3
Ravenna,2014,11,19,13.93,3.46,0
Ravenna,2014,11,20,13.4,0.36,0
Ravenna,2014,11,21,11.59,0.53,0
Ravenna,2014,11,22,12.48,6.5,0
Ravenna,2014,11,23,13.89,8.09,0
Ravenna,2014,11,24,14.13,5.29,0
Ravenna,2014,11,25,11.38,6.16,0
Ravenna,2014,11,26,10.91,7.09,6.6
Ravenna,2014,11,27,8.25,6.59,5.6
Ravenna,2014,11,28,9.54,6.57,0
Ravenna,2014,11,29,12.55,8.23,0
Ravenna,2014,11,30,12.22,10.01,1.4
Ravenna,2014,12,1,15.41,10.17,3.1
Ravenna,2014,12,2,11.13,9.07,2.9
Ravenna,2014,12,3,10.29,6.82,7.3
Ravenna,2014,12,4,10.15,6.45,16.1
Ravenna,2014,12,5,9.76,7.34,13.1
Ravenna,2014,12,6,11.47,8.08,1.3
Ravenna,2014,12,7,10.35,7.17,8.4
Ravenna,2014,12,8,12.22,2.86,0
Ravenna,2014,12,9,11.04,2.01,0
Ravenna,2014,12,10,10.74,-0.68,0
Ravenna,2014,12,11,9.69,-1.29,0
Ravenna,2014,12,12,9.5,-2.23,0
Ravenna,2014,12,13,8.71,-0.56,0
Ravenna,2014,12,14,9.16,1.93,0
Ravenna,2014,12,15,8.67,4.58,0
Ravenna,2014,12,16,9.29,5.27,3.1
Ravenna,2014,12,17,11.55,6.71,1
Ravenna,2014,12,18,7.41,2.6,0
Ravenna,2014,12,19,5.96,3.08,0
Ravenna,2014,12,20,8.16,1.51,0
Ravenna,2014,12,21,6.15,2.3,0
Ravenna,2014,12,22,4.32,1.54,0
Ravenna,2014,12,23,3.42,1.22,0
Ravenna,2014,12,24,4.51,0.45,0
Ravenna,2014,12,25,8.95,1.94,0
Ravenna,2014,12,26,7.42,-2,0
Ravenna,2014,12,27,5.58,-3.8,14.1
Ravenna,2014,12,28,5.41,-1.03,11.1
Ravenna,2014,12,29,6.88,-2.97,0
Ravenna,2014,12,30,4.68,-4.65,0
Ravenna,2014,12,31,2.36,-4.28,1.4
Ravenna,2015,1,1,4.85,-4.8,0
Ravenna,2015,1,2,6.8,-2.96,0
Ravenna,2015,1,3,9.29,-2.53,0
Ravenna,2015,1,4,11.74,-2.43,0
Ravenna,2015,1,5,13.28,-3.34,0
Ravenna,2015,1,6,8.42,-2.85,0
Ravenna,2015,1,7,7.73,-2.03,0
Ravenna,2015,1,8,9.2,-1.43,0
Ravenna,2015,1,9,8.85,-1.78,0
Ravenna,2015,1,10,8.02,-1.33,0
Ravenna,2015,1,11,5.29,-1.8,0
Ravenna,2015,1,12,15.28,-0.98,0
Ravenna,2015,1,13,11.04,-3.78,0
Ravenna,2015,1,14,10.87,-1.45,0
Ravenna,2015,1,15,9.62,-2.05,0
Ravenna,2015,1,16,12.34,-0.54,0
Ravenna,2015,1,17,14.03,6.31,0
Ravenna,2015,1,18,13.19,-0.35,0
Ravenna,2015,1,19,9.25,-1.29,0
Ravenna,2015,1,20,5.02,0.27,1.5
Ravenna,2015,1,21,6.48,2.73,2
Ravenna,2015,1,22,7.15,3.6,3.1
Ravenna,2015,1,23,10.15,2.45,0
Ravenna,2015,1,24,11.17,3.63,0
Ravenna,2015,1,25,10.64,2.98,0
Ravenna,2015,1,26,9.54,-2.21,0
Ravenna,2015,1,27,6.68,-3.89,0
Ravenna,2015,1,28,9.51,-3.55,0
Ravenna,2015,1,29,8.23,-3,0
Ravenna,2015,1,30,6.64,-1.57,2.3
Ravenna,2015,1,31,8.38,-4.21,0
Ravenna,2015,2,1,7.99,-2.35,3.9
Ravenna,2015,2,2,8.94,-4.02,0
Ravenna,2015,2,3,8.01,-2.71,0
Ravenna,2015,2,4,6.54,3.48,4.4
Ravenna,2015,2,5,6.34,2.25,23.9
Ravenna,2015,2,6,5.86,2.51,67.1
Ravenna,2015,2,7,4.69,-0.83,5.9
Ravenna,2015,2,8,6.22,-2.47,0
Ravenna,2015,2,9,7.79,-3.61,0
Ravenna,2015,2,10,11.37,-3.86,0
Ravenna,2015,2,11,10.77,-2.49,0
Ravenna,2015,2,12,9.73,-2.64,0
Ravenna,2015,2,13,8.09,-0.06,0
Ravenna,2015,2,14,10.15,2.2,0
Ravenna,2015,2,15,10.4,1.12,0
Ravenna,2015,2,16,10.27,6.74,2.5
Ravenna,2015,2,17,11.94,2.68,0
Ravenna,2015,2,18,10.27,-1,0
Ravenna,2015,2,19,11.74,-2.82,0
Ravenna,2015,2,20,11.24,-4.18,0
Ravenna,2015,2,21,13.73,-1.92,0
Ravenna,2015,2,22,8.62,5.95,3
Ravenna,2015,2,23,9.41,4.5,2.2
Ravenna,2015,2,24,10.56,4.23,13.5
Ravenna,2015,2,25,10.15,5.36,10.7
Ravenna,2015,2,26,11.13,4.55,0
Ravenna,2015,2,27,13.17,3.84,0
Ravenna,2015,2,28,12.54,1.38,0
Ravenna,2015,3,1,14.84,-1.08,0
Ravenna,2015,3,2,13.86,4.73,0
Ravenna,2015,3,3,12.01,0.19,0
Ravenna,2015,3,4,11.91,3.05,22.9
Ravenna,2015,3,5,10.25,4.95,18.2
Ravenna,2015,3,6,11.3,1.3,0
Ravenna,2015,3,7,11.7,-0.64,0
Ravenna,2015,3,8,11.8,0.28,0
Ravenna,2015,3,9,11.03,-0.77,0
Ravenna,2015,3,10,14.13,-0.58,0
Ravenna,2015,3,11,17.07,-0.03,0
Ravenna,2015,3,12,13.82,0.9,0
Ravenna,2015,3,13,13.57,-1.82,0
Ravenna,2015,3,14,13.15,-0.6,0
Ravenna,2015,3,15,12.95,6,7.6
Ravenna,2015,3,16,10.24,8.05,20.2
Ravenna,2015,3,17,13.24,6.09,27.8
Ravenna,2015,3,18,15.84,4.33,0
Ravenna,2015,3,19,15.65,2.08,0
Ravenna,2015,3,20,14.75,1.49,0
Ravenna,2015,3,21,15.38,4.3,0
Ravenna,2015,3,22,13.49,7.36,0
Ravenna,2015,3,23,16.05,5.15,0
Ravenna,2015,3,24,14.72,2.41,0
Ravenna,2015,3,25,12.03,9.45,10.1
Ravenna,2015,3,26,15.03,9.19,18.4
Ravenna,2015,3,27,12.87,8.1,11.2
Ravenna,2015,3,28,17.79,4.09,0
Ravenna,2015,3,29,16.67,3.02,0
Ravenna,2015,3,30,21.76,7.26,0
Ravenna,2015,3,31,22.89,6.05,0
Ravenna,2015,4,1,19.58,6.14,0
Ravenna,2015,4,2,20.17,1.42,0
Ravenna,2015,4,3,15.16,6.4,0
Ravenna,2015,4,4,9.31,5.2,6.1
Ravenna,2015,4,5,11.83,6.12,15.2
Ravenna,2015,4,6,12.2,3.9,0
Ravenna,2015,4,7,13.58,1.74,0
Ravenna,2015,4,8,19.88,-0.92,0
Ravenna,2015,4,9,16.66,1.05,0
Ravenna,2015,4,10,17.32,2.28,0
Ravenna,2015,4,11,21.05,5.46,0
Ravenna,2015,4,12,20.77,5.23,0
Ravenna,2015,4,13,25.88,6.53,0
Ravenna,2015,4,14,21.61,8.4,0
Ravenna,2015,4,15,22.52,6.72,0
Ravenna,2015,4,16,25.23,7.03,0
Ravenna,2015,4,17,19.17,11.24,2.7
Ravenna,2015,4,18,20.15,8.13,9.9
Ravenna,2015,4,19,14.36,3.7,0
Ravenna,2015,4,20,20.7,1.51,0
Ravenna,2015,4,21,24.67,4.3,0
Ravenna,2015,4,22,26.64,6.27,0
Ravenna,2015,4,23,23.4,7.94,0
Ravenna,2015,4,24,22.08,6.74,0
Ravenna,2015,4,25,18.8,8.15,0
Ravenna,2015,4,26,23.58,10.25,0
Ravenna,2015,4,27,18.71,8.36,1.4
Ravenna,2015,4,28,18.92,11.3,13.5
Ravenna,2015,4,29,19.14,10.83,2.8
Ravenna,2015,4,30,21.18,9.89,0.8
Ravenna,2015,5,1,22.47,7.97,0
Ravenna,2015,5,2,24.31,12.68,0
Ravenna,2015,5,3,24.38,13.41,0
Ravenna,2015,5,4,23.66,13.99,0
Ravenna,2015,5,5,22.85,14.28,0
Ravenna,2015,5,6,20.69,13.42,0
Ravenna,2015,5,7,25.58,12.02,0
Ravenna,2015,5,8,26.28,12.17,0
Ravenna,2015,5,9,26.81,13.21,0
Ravenna,2015,5,10,27.43,12.81,0
Ravenna,2015,5,11,27.11,9.77,0
Ravenna,2015,5,12,26.1,11.32,0
Ravenna,2015,5,13,30.09,11.99,0
Ravenna,2015,5,14,29.75,15.88,0
Ravenna,2015,5,15,20.9,17.11,5
Ravenna,2015,5,16,21.22,12.87,0
Ravenna,2015,5,17,26.16,13.03,0
Ravenna,2015,5,18,28.17,10.94,0
Ravenna,2015,5,19,29.73,12.61,0
Ravenna,2015,5,20,22.94,14.24,3.5
Ravenna,2015,5,21,22.54,10.25,6
Ravenna,2015,5,22,14.09,10.19,52.4
Ravenna,2015,5,23,14.94,11.31,32
Ravenna,2015,5,24,21.83,10.57,15.1
Ravenna,2015,5,25,26.6,9.33,0
Ravenna,2015,5,26,20.25,13.32,1.3
Ravenna,2015,5,27,21.86,11.37,9.1
Ravenna,2015,5,28,21.97,8.17,0
Ravenna,2015,5,29,22.98,8.31,0
Ravenna,2015,5,30,24.47,11.25,0
Ravenna,2015,5,31,24.23,11.8,0
Ravenna,2015,6,1,28,12.18,0
Ravenna,2015,6,2,30.44,13.28,0
Ravenna,2015,6,3,33.03,13.99,0
Ravenna,2015,6,4,32.39,16.13,0
Ravenna,2015,6,5,32.07,16.59,0
Ravenna,2015,6,6,32.26,16.12,0
Ravenna,2015,6,7,32.05,16.17,0
Ravenna,2015,6,8,31.81,16.3,0
Ravenna,2015,6,9,32.31,16.36,0
Ravenna,2015,6,10,28.95,16.08,0
Ravenna,2015,6,11,32.39,14.91,0
Ravenna,2015,6,12,34.05,17.18,0
Ravenna,2015,6,13,32.97,18.22,0
Ravenna,2015,6,14,30.35,15.98,1.3
Ravenna,2015,6,15,31.08,13.92,0
Ravenna,2015,6,16,32.08,14.23,0
Ravenna,2015,6,17,24.33,14.77,7.6
Ravenna,2015,6,18,26.22,13.15,0
Ravenna,2015,6,19,26.66,12.34,3.2
Ravenna,2015,6,20,25.27,14.17,2.5
Ravenna,2015,6,21,25.7,11.89,0
Ravenna,2015,6,22,29.43,9.61,0
Ravenna,2015,6,23,30.91,16.22,0
Ravenna,2015,6,24,24.24,12.04,9.5
Ravenna,2015,6,25,26,10.35,0
Ravenna,2015,6,26,29.63,11.93,0
Ravenna,2015,6,27,30.59,13.18,0
Ravenna,2015,6,28,29.9,15.57,0
Ravenna,2015,6,29,29.18,13.81,0
Ravenna,2015,6,30,29.93,15.62,0
Ravenna,2015,7,1,31.18,14.28,0
Ravenna,2015,7,2,31.97,16.5,0
Ravenna,2015,7,3,33.38,17.69,0
Ravenna,2015,7,4,34.34,16.58,0
Ravenna,2015,7,5,34.01,19.06,0
Ravenna,2015,7,6,35.15,19.25,0
Ravenna,2015,7,7,35.04,22.41,0
Ravenna,2015,7,8,36.93,21.59,0
Ravenna,2015,7,9,29.84,18.27,0
Ravenna,2015,7,10,28.61,15.07,0
Ravenna,2015,7,11,31.37,12.88,0
Ravenna,2015,7,12,33.09,17.04,0
Ravenna,2015,7,13,32.57,18.71,0
Ravenna,2015,7,14,32.16,20.19,0
Ravenna,2015,7,15,32.43,20,0
Ravenna,2015,7,16,34.97,21.32,0
Ravenna,2015,7,17,38.54,19.29,0
Ravenna,2015,7,18,38.15,20.01,0
Ravenna,2015,7,19,38.86,19.69,0
Ravenna,2015,7,20,38.61,18.4,0
Ravenna,2015,7,21,36.57,20.03,0
Ravenna,2015,7,22,38.26,19.65,0
Ravenna,2015,7,23,39.24,20.09,0
Ravenna,2015,7,24,34.94,22.63,0
Ravenna,2015,7,25,34.12,19.93,0
Ravenna,2015,7,26,31.88,19.32,0
Ravenna,2015,7,27,35.59,19.56,0
Ravenna,2015,7,28,36.04,16.94,0
Ravenna,2015,7,29,36.48,16.44,0
Ravenna,2015,7,30,31.22,19.42,0
Ravenna,2015,7,31,27.87,16.88,0
Ravenna,2015,8,1,29.29,15.27,5.3
Ravenna,2015,8,2,28.9,17.31,0
Ravenna,2015,8,3,32.17,17.34,0
Ravenna,2015,8,4,33.79,18.25,0
Ravenna,2015,8,5,33.47,19.58,0
Ravenna,2015,8,6,35.07,19.39,0
Ravenna,2015,8,7,35.68,18.51,0
Ravenna,2015,8,8,36.09,19.79,0
Ravenna,2015,8,9,35.92,19.81,0
Ravenna,2015,8,10,30.84,18.86,13.7
Ravenna,2015,8,11,32.71,18.67,0
Ravenna,2015,8,12,34.82,18.48,0
Ravenna,2015,8,13,35.11,17.1,0
Ravenna,2015,8,14,35.48,19.03,0
Ravenna,2015,8,15,31.57,17.9,8.7
Ravenna,2015,8,16,28.37,17.76,10.8
Ravenna,2015,8,17,31.54,15.34,0
Ravenna,2015,8,18,32.33,14.47,0
Ravenna,2015,8,19,26.11,16.96,0
Ravenna,2015,8,20,30.22,14.95,0
Ravenna,2015,8,21,26.94,15.23,0
Ravenna,2015,8,22,27.07,13.17,0
Ravenna,2015,8,23,27.91,11.64,0
Ravenna,2015,8,24,31.45,17.85,6.2
Ravenna,2015,8,25,32.54,16.49,0
Ravenna,2015,8,26,30.79,14.7,0
Ravenna,2015,8,27,31.21,14.5,0
Ravenna,2015,8,28,34.97,16.61,0
Ravenna,2015,8,29,33.91,18.68,0
Ravenna,2015,8,30,36.47,16.7,0
Ravenna,2015,8,31,36.57,16.99,0
Ravenna,2015,9,1,36.46,14.75,0
Ravenna,2015,9,2,32.75,18.47,0
Ravenna,2015,9,3,31.86,17.47,0
Ravenna,2015,9,4,29.8,16.49,0
Ravenna,2015,9,5,28.83,12.59,0
Ravenna,2015,9,6,25.77,11.22,0
Ravenna,2015,9,7,25.67,9.63,0
Ravenna,2015,9,8,24.83,8.79,0
Ravenna,2015,9,9,24.42,8.81,0
Ravenna,2015,9,10,24.82,9.7,0
Ravenna,2015,9,11,25.54,7.82,0
Ravenna,2015,9,12,27.95,9.71,0
Ravenna,2015,9,13,24.21,11.48,4.3
Ravenna,2015,9,14,29.65,16.31,3.2
Ravenna,2015,9,15,28.39,17.05,0
Ravenna,2015,9,16,33.02,15.3,0
Ravenna,2015,9,17,32.35,18.96,0
Ravenna,2015,9,18,32.18,17.56,0
Ravenna,2015,9,19,28.92,12.31,0
Ravenna,2015,9,20,25.81,13.14,0
Ravenna,2015,9,21,25.54,11.59,0
Ravenna,2015,9,22,26.2,8.18,0
Ravenna,2015,9,23,22.33,13.15,4.9
Ravenna,2015,9,24,16.36,11.85,18.6
Ravenna,2015,9,25,20.22,12.46,0
Ravenna,2015,9,26,22.33,10.55,0
Ravenna,2015,9,27,21.09,12.17,0
Ravenna,2015,9,28,20.65,12.96,0
Ravenna,2015,9,29,19.58,11.43,0
Ravenna,2015,9,30,19.18,11.48,0
Ravenna,2015,10,1,14.46,11.07,9.2
Ravenna,2015,10,2,16.94,11.54,3.2
Ravenna,2015,10,3,23.33,12.97,0
Ravenna,2015,10,4,23.52,12.58,2.5
Ravenna,2015,10,5,22.41,14.3,0
Ravenna,2015,10,6,18.26,15.4,2.2
Ravenna,2015,10,7,21.74,14.2,0
Ravenna,2015,10,8,22.12,10.42,0
Ravenna,2015,10,9,22.27,8.65,0
Ravenna,2015,10,10,16.83,13.01,12.2
Ravenna,2015,10,11,23.09,10.43,0
Ravenna,2015,10,12,23.5,7.53,0
Ravenna,2015,10,13,16.5,14.18,10.4
Ravenna,2015,10,14,16.84,14.13,13.2
Ravenna,2015,10,15,19.74,11.33,12.8
Ravenna,2015,10,16,16.48,7.78,2.4
Ravenna,2015,10,17,16.61,7.21,0
Ravenna,2015,10,18,14.14,6.87,5.1
Ravenna,2015,10,19,15.41,8.04,4.3
Ravenna,2015,10,20,16.54,5.33,0
Ravenna,2015,10,21,16.32,4.63,0
Ravenna,2015,10,22,16.25,4.49,0
Ravenna,2015,10,23,17.87,4.55,0
Ravenna,2015,10,24,19.57,4.39,0
Ravenna,2015,10,25,17.06,3.85,0
Ravenna,2015,10,26,16.8,4.1,0
Ravenna,2015,10,27,16.64,4.17,0
Ravenna,2015,10,28,12.7,7.4,9.7
Ravenna,2015,10,29,14.91,10.83,9.2
Ravenna,2015,10,30,17.79,6.81,0
Ravenna,2015,10,31,18.07,5.99,0
Ravenna,2015,11,1,16.81,3.58,0
Ravenna,2015,11,2,15.93,2.81,0
Ravenna,2015,11,3,17.2,1.93,0
Ravenna,2015,11,4,16.33,5.47,0
Ravenna,2015,11,5,19.34,3.73,0
Ravenna,2015,11,6,19.06,5.35,0
Ravenna,2015,11,7,19.84,4.56,0
Ravenna,2015,11,8,21.25,4.51,0
Ravenna,2015,11,9,19.83,3.97,0
Ravenna,2015,11,10,20.92,5.26,0
Ravenna,2015,11,11,15.76,8.01,0
Ravenna,2015,11,12,17.88,4.09,0
Ravenna,2015,11,13,10.87,7.16,0
Ravenna,2015,11,14,10.85,7.28,0
Ravenna,2015,11,15,11.3,6.65,0
Ravenna,2015,11,16,11.5,8.41,0
Ravenna,2015,11,17,11.54,8.1,0
Ravenna,2015,11,18,10.71,8.87,0
Ravenna,2015,11,19,12.8,6.28,0
Ravenna,2015,11,20,11.99,6.49,0
Ravenna,2015,11,21,9.16,5.41,23.7
Ravenna,2015,11,22,11.47,-0.08,23.6
Ravenna,2015,11,23,8.36,-0.48,4.8
Ravenna,2015,11,24,9.15,0.14,0
Ravenna,2015,11,25,6.61,-1.14,0
Ravenna,2015,11,26,8.66,0.81,0
Ravenna,2015,11,27,11.15,1.42,0
Ravenna,2015,11,28,8.12,-1.2,0
Ravenna,2015,11,29,8.89,-2.59,0
Ravenna,2015,11,30,11.03,-2.9,0
Ravenna,2015,12,1,12.16,-1.99,0
Ravenna,2015,12,2,9.84,-1.75,0
Ravenna,2015,12,3,6.98,-1.14,0
Ravenna,2015,12,4,5.53,1.43,0
Ravenna,2015,12,5,7.31,4.26,0
Ravenna,2015,12,6,6.26,3.55,0
Ravenna,2015,12,7,5.68,3.49,0
Ravenna,2015,12,8,9.99,1.73,0
Ravenna,2015,12,9,4.5,1.74,0
Ravenna,2015,12,10,4.52,0.49,0
Ravenna,2015,12,11,6.57,-1.02,0
Ravenna,2015,12,12,5.76,-1.87,0
Ravenna,2015,12,13,5.13,-3,0
Ravenna,2015,12,14,8.01,-0.81,0
Ravenna,2015,12,15,8.68,-2.57,0
Ravenna,2015,12,16,8.58,-0.4,0
Ravenna,2015,12,17,10.92,-2.11,0
Ravenna,2015,12,18,11.69,-2.36,0
Ravenna,2015,12,19,11.29,-1.46,0
Ravenna,2015,12,20,12.25,-1.57,0
Ravenna,2015,12,21,7.37,4.12,0
Ravenna,2015,12,22,7.48,3.59,0
Ravenna,2015,12,23,6.26,3.62,0
Ravenna,2015,12,24,7.05,3.61,0
Ravenna,2015,12,25,8.07,3.89,0
Ravenna,2015,12,26,6.23,4.02,0
Ravenna,2015,12,27,4.53,2.56,0
Ravenna,2015,12,28,4.16,1.17,0
Ravenna,2015,12,29,6,-0.09,0
Ravenna,2015,12,30,4.3,-1,0
Ravenna,2015,12,31,6.12,-2.37,0
Ravenna,2016,1,1,8.54,-2.16,0
Ravenna,2016,1,2,2.98,-1.35,6.9
Ravenna,2016,1,3,4.7,-0.16,2.1
Ravenna,2016,1,4,3.33,0.48,3.1
Ravenna,2016,1,5,4,2.71,0.8
Ravenna,2016,1,6,6.41,0.25,6.6
Ravenna,2016,1,7,8.81,-1.56,0
Ravenna,2016,1,8,7.57,2,0
Ravenna,2016,1,9,6.32,3,0.9
Ravenna,2016,1,10,12.69,3.45,2.1
Ravenna,2016,1,11,17.59,6.39,0
Ravenna,2016,1,12,15.6,5.28,0
Ravenna,2016,1,13,13.09,2.25,0
Ravenna,2016,1,14,7.71,-0.19,4.7
Ravenna,2016,1,15,9.48,-1.3,0
Ravenna,2016,1,16,9.09,-1.36,0
Ravenna,2016,1,17,7.67,-2.75,0
Ravenna,2016,1,18,6.71,-3.82,0
Ravenna,2016,1,19,5.77,-6.54,0
Ravenna,2016,1,20,6.18,-5.52,0
Ravenna,2016,1,21,6.14,-6.35,0
Ravenna,2016,1,22,6.33,-2.2,0
Ravenna,2016,1,23,7.26,-3.27,0
Ravenna,2016,1,24,9.96,-5.72,0
Ravenna,2016,1,25,12.74,-4.23,0
Ravenna,2016,1,26,15.9,-2.36,0
Ravenna,2016,1,27,12.98,-1.35,0
Ravenna,2016,1,28,12.31,0.7,0
Ravenna,2016,1,29,12.51,0.09,0
Ravenna,2016,1,30,14.79,5.31,0
Ravenna,2016,1,31,17.2,5.48,0
Ravenna,2016,2,1,8.5,3.57,0
Ravenna,2016,2,2,7.93,5.83,0
Ravenna,2016,2,3,13.35,5.42,7.3
Ravenna,2016,2,4,12.27,-0.02,0
Ravenna,2016,2,5,12.08,-1.3,0
Ravenna,2016,2,6,11.58,-0.26,0
Ravenna,2016,2,7,11.93,4.08,0
Ravenna,2016,2,8,13.27,4.14,0
Ravenna,2016,2,9,16.97,3.41,0
Ravenna,2016,2,10,14.06,3.09,3.1
Ravenna,2016,2,11,11.47,-1.69,0
Ravenna,2016,2,12,9.79,4.44,9.8
Ravenna,2016,2,13,10.05,1.6,0
Ravenna,2016,2,14,7.97,4.79,11
Ravenna,2016,2,15,7.43,6.07,17.7
Ravenna,2016,2,16,10.18,6.28,20.2
Ravenna,2016,2,17,8.85,5.38,10.2
Ravenna,2016,2,18,11.46,5.07,0
Ravenna,2016,2,19,14.6,1.88,0
Ravenna,2016,2,20,12.91,2.15,0
Ravenna,2016,2,21,16,1.42,0
Ravenna,2016,2,22,13.05,2.43,0
Ravenna,2016,2,23,15.67,5.41,4.7
Ravenna,2016,2,24,11.16,3.94,0
Ravenna,2016,2,25,8.6,6.95,3.6
Ravenna,2016,2,26,9.21,5.81,0
Ravenna,2016,2,27,10.21,5.86,9.5
Ravenna,2016,2,28,12.29,8.69,13.7
Ravenna,2016,2,29,13.72,7.95,11.8
Ravenna,2016,3,1,13.66,4.57,0.7
Ravenna,2016,3,2,14.61,3.57,0
Ravenna,2016,3,3,12.37,1.57,16
Ravenna,2016,3,4,14.29,1.36,0
Ravenna,2016,3,5,15.12,5.06,10.9
Ravenna,2016,3,6,11.66,1.88,4.3
Ravenna,2016,3,7,8.76,3.08,0
Ravenna,2016,3,8,8.9,2.88,5.3
Ravenna,2016,3,9,8.19,5.11,10.9
Ravenna,2016,3,10,13.26,3.98,0.9
Ravenna,2016,3,11,11.49,7.53,2.4
Ravenna,2016,3,12,13.66,7.43,0
Ravenna,2016,3,13,12.4,9.3,0
Ravenna,2016,3,14,11.92,3,0
Ravenna,2016,3,15,14.48,-0.16,0
Ravenna,2016,3,16,9.37,7.11,0
Ravenna,2016,3,17,12.53,3.64,0
Ravenna,2016,3,18,17.38,1.43,0
Ravenna,2016,3,19,20.04,1.89,0
Ravenna,2016,3,20,19.51,3.63,0
Ravenna,2016,3,21,14.58,9.78,0
Ravenna,2016,3,22,13.95,10.59,0
Ravenna,2016,3,23,11.31,8.28,0
Ravenna,2016,3,24,15.13,1.49,0
Ravenna,2016,3,25,16.53,1.79,0
Ravenna,2016,3,26,17.39,3.95,0
Ravenna,2016,3,27,18.6,1.48,0
Ravenna,2016,3,28,19.21,10.19,0
Ravenna,2016,3,29,21.64,5.06,0
Ravenna,2016,3,30,22.62,7.98,0
Ravenna,2016,3,31,19.4,7.34,0
Ravenna,2016,4,1,17.77,11.12,0
Ravenna,2016,4,2,16.14,8.14,0
Ravenna,2016,4,3,18.56,6.6,0
Ravenna,2016,4,4,16.93,10.97,0
Ravenna,2016,4,5,19.11,8.9,0
Ravenna,2016,4,6,19.74,7.43,0
Ravenna,2016,4,7,14.77,10.99,0
Ravenna,2016,4,8,15.21,11.15,1.9
Ravenna,2016,4,9,18.39,9.1,1.7
Ravenna,2016,4,10,20.93,7.66,0
Ravenna,2016,4,11,23.64,7.3,0
Ravenna,2016,4,12,24.09,9.77,0
Ravenna,2016,4,13,21.44,10.25,0
Ravenna,2016,4,14,21,10.3,0
Ravenna,2016,4,15,23.92,6.44,0
Ravenna,2016,4,16,25.74,10.79,0
Ravenna,2016,4,17,25.5,13.92,0
Ravenna,2016,4,18,24.03,11.28,0
Ravenna,2016,4,19,18.61,7.3,2.1
Ravenna,2016,4,20,19.66,5.07,0
Ravenna,2016,4,21,21.24,3.7,0
Ravenna,2016,4,22,23.09,9.78,0
Ravenna,2016,4,23,21.1,11.45,12.1
Ravenna,2016,4,24,13.5,8.95,20.3
Ravenna,2016,4,25,14.16,4.89,0
Ravenna,2016,4,26,17.95,2.78,0
Ravenna,2016,4,27,20.27,6.69,0
Ravenna,2016,4,28,17.41,5.49,0
Ravenna,2016,4,29,18.75,6.84,0
Ravenna,2016,4,30,18.75,4.37,5.7
Ravenna,2016,5,1,15.26,11.44,8.9
Ravenna,2016,5,2,18.55,10.83,6.9
Ravenna,2016,5,3,23.6,10.67,5.1
Ravenna,2016,5,4,23.2,10.58,0
Ravenna,2016,5,5,19.81,9.12,0
Ravenna,2016,5,6,23.19,7.57,0
Ravenna,2016,5,7,22.27,7.3,0
Ravenna,2016,5,8,21.74,11.93,0
Ravenna,2016,5,9,20.89,14.2,0
Ravenna,2016,5,10,24.96,14.69,0
Ravenna,2016,5,11,19.12,15.46,3
Ravenna,2016,5,12,22.93,14.8,6.4
Ravenna,2016,5,13,20.5,13.63,1.7
Ravenna,2016,5,14,23.28,13.04,7.1
Ravenna,2016,5,15,20.67,11.59,3.9
Ravenna,2016,5,16,18.9,10.5,0
Ravenna,2016,5,17,20.97,8.19,0
Ravenna,2016,5,18,22.94,6.88,0
Ravenna,2016,5,19,21.85,9.39,4.5
Ravenna,2016,5,20,23.28,10.91,0
Ravenna,2016,5,21,26.27,9.55,0
Ravenna,2016,5,22,26.22,8.96,0
Ravenna,2016,5,23,23.64,11.54,2.2
Ravenna,2016,5,24,23.73,9.96,0
Ravenna,2016,5,25,25.74,9.08,0
Ravenna,2016,5,26,27.39,10.75,0
Ravenna,2016,5,27,26.24,11.56,0
Ravenna,2016,5,28,28.82,13.67,0
Ravenna,2016,5,29,23.15,16.12,5.1
Ravenna,2016,5,30,24.61,14.28,0
Ravenna,2016,5,31,25.59,11.93,0
Ravenna,2016,6,1,24.5,11.18,0
Ravenna,2016,6,2,23.28,14.38,0
Ravenna,2016,6,3,24.69,13.98,0
Ravenna,2016,6,4,25.79,12.57,0
Ravenna,2016,6,5,26.15,15.39,2.1
Ravenna,2016,6,6,24.98,14.47,0
Ravenna,2016,6,7,28.13,13.63,0
Ravenna,2016,6,8,28.47,12.31,2.9
Ravenna,2016,6,9,21.33,15.85,25.8
Ravenna,2016,6,10,24.55,15.78,14.3
Ravenna,2016,6,11,26.96,14.28,0
Ravenna,2016,6,12,24.84,14.36,4.5
Ravenna,2016,6,13,26.05,13.63,0
Ravenna,2016,6,14,24.79,13.68,8.5
Ravenna,2016,6,15,26.82,14.87,0
Ravenna,2016,6,16,26.98,16.61,0
Ravenna,2016,6,17,26.03,13,0
Ravenna,2016,6,18,27.24,11.1,0
Ravenna,2016,6,19,22.4,15.31,0
Ravenna,2016,6,20,25.9,13.69,0
Ravenna,2016,6,21,27.7,12.37,0
Ravenna,2016,6,22,29.5,13.9,0
Ravenna,2016,6,23,32.17,16.9,0
Ravenna,2016,6,24,34.26,18.61,0
Ravenna,2016,6,25,34.41,19.85,0
Ravenna,2016,6,26,33.29,18.25,0
Ravenna,2016,6,27,30.15,15.05,0
Ravenna,2016,6,28,29.08,16.16,0
Ravenna,2016,6,29,30.18,15.34,0
Ravenna,2016,6,30,33.43,18.4,0
Ravenna,2016,7,1,31.6,19.06,0
Ravenna,2016,7,2,33.75,18.41,0
Ravenna,2016,7,3,32.64,19.11,0
Ravenna,2016,7,4,29.09,18.15,0
Ravenna,2016,7,5,31.7,16.2,0
Ravenna,2016,7,6,32.07,19.96,0
Ravenna,2016,7,7,31.03,18.89,0
Ravenna,2016,7,8,31.13,19.72,0
Ravenna,2016,7,9,33.72,18.59,0
Ravenna,2016,7,10,33.24,20.34,0
Ravenna,2016,7,11,34.52,20.44,0
Ravenna,2016,7,12,36,20.36,0
Ravenna,2016,7,13,31.59,18.27,0
Ravenna,2016,7,14,27.53,15.77,0
Ravenna,2016,7,15,22.58,15.01,3.1
Ravenna,2016,7,16,26.33,13.56,0
Ravenna,2016,7,17,31.85,12.84,0
Ravenna,2016,7,18,34.27,15.59,0
Ravenna,2016,7,19,32.52,16.8,0
Ravenna,2016,7,20,34.17,18.07,0
Ravenna,2016,7,21,34.3,18.58,0
Ravenna,2016,7,22,34.01,17.82,0
Ravenna,2016,7,23,28.95,18.83,0
Ravenna,2016,7,24,27.21,19.49,0.6
Ravenna,2016,7,25,31.49,18.74,0
Ravenna,2016,7,26,32.8,19.31,0
Ravenna,2016,7,27,32.46,19.11,0
Ravenna,2016,7,28,30.72,18.93,0
Ravenna,2016,7,29,31.67,18.14,0
Ravenna,2016,7,30,34,18.54,0
Ravenna,2016,7,31,34.83,20.01,0
Ravenna,2016,8,1,29.55,19.24,3.5
Ravenna,2016,8,2,29.74,17.96,0
Ravenna,2016,8,3,31.27,16.34,0
Ravenna,2016,8,4,32.5,17.97,0
Ravenna,2016,8,5,29.26,18.47,0
Ravenna,2016,8,6,27.68,17.17,4
Ravenna,2016,8,7,28.8,16.71,0
Ravenna,2016,8,8,29.92,15.32,0
Ravenna,2016,8,9,32.37,14.72,0
Ravenna,2016,8,10,25.56,16.53,0
Ravenna,2016,8,11,24.59,13.61,16.1
Ravenna,2016,8,12,25.62,11.57,0
Ravenna,2016,8,13,27.83,12.24,0
Ravenna,2016,8,14,30.97,13.33,0
Ravenna,2016,8,15,31.82,14.5,0
Ravenna,2016,8,16,32.28,16.88,0
Ravenna,2016,8,17,32.36,17.68,3.2
Ravenna,2016,8,18,28.88,17.49,3.1
Ravenna,2016,8,19,30.43,19.77,0
Ravenna,2016,8,20,30.55,19.1,0
Ravenna,2016,8,21,29.6,19.73,5.4
Ravenna,2016,8,22,26.62,14.86,0
Ravenna,2016,8,23,27.82,13.12,0
Ravenna,2016,8,24,29.51,14.49,0
Ravenna,2016,8,25,28.46,15.1,0
Ravenna,2016,8,26,29.64,15.19,0
Ravenna,2016,8,27,31.31,13.5,0
Ravenna,2016,8,28,32.61,15.78,0
Ravenna,2016,8,29,32.82,16.46,0
Ravenna,2016,8,30,29.45,19.71,0
Ravenna,2016,8,31,29.11,17.7,0
Ravenna,2016,9,1,31.6,15.59,0
Ravenna,2016,9,2,31.8,16.56,0
Ravenna,2016,9,3,31.69,15.63,0
Ravenna,2016,9,4,31.97,17.03,0
Ravenna,2016,9,5,27.13,16.89,0
Ravenna,2016,9,6,26.23,13.87,6.9
Ravenna,2016,9,7,27.22,17.9,0
Ravenna,2016,9,8,28.45,16.36,0
Ravenna,2016,9,9,29.7,16.16,0
Ravenna,2016,9,10,30,16.12,0
Ravenna,2016,9,11,29.3,16.73,0
Ravenna,2016,9,12,30.54,15.81,0
Ravenna,2016,9,13,31.17,14.86,0
Ravenna,2016,9,14,30.82,14.44,0
Ravenna,2016,9,15,29.1,16.52,0
Ravenna,2016,9,16,20.27,14.96,39.3
Ravenna,2016,9,17,26.63,14.79,0
Ravenna,2016,9,18,24.12,14.53,0
Ravenna,2016,9,19,25.96,13.89,0
Ravenna,2016,9,20,26.65,12.73,0
Ravenna,2016,9,21,20.51,14.25,16.5
Ravenna,2016,9,22,22.71,10.95,0
Ravenna,2016,9,23,23.22,8.8,0
Ravenna,2016,9,24,24.11,9.79,0
Ravenna,2016,9,25,24.84,9.41,0
Ravenna,2016,9,26,24.49,9.73,0
Ravenna,2016,9,27,24.19,9.65,0
Ravenna,2016,9,28,24.84,9.94,0
Ravenna,2016,9,29,24.82,8.84,0
Ravenna,2016,9,30,27.21,11.03,0
Ravenna,2016,10,1,26.96,10.64,2.5
Ravenna,2016,10,2,23.32,14.92,6.8
Ravenna,2016,10,3,21.92,10.98,0
Ravenna,2016,10,4,22.77,8.21,0
Ravenna,2016,10,5,20.01,8.53,10.9
Ravenna,2016,10,6,16.99,10.02,2.2
Ravenna,2016,10,7,19.16,8.04,0
Ravenna,2016,10,8,17.15,6.16,0
Ravenna,2016,10,9,17.04,11.6,7.6
Ravenna,2016,10,10,15.11,7.83,5.6
Ravenna,2016,10,11,14.94,5.9,0
Ravenna,2016,10,12,17.74,4.34,0
Ravenna,2016,10,13,14.85,6.14,3.2
Ravenna,2016,10,14,15.8,10.87,24.1
Ravenna,2016,10,15,18.05,12.54,0
Ravenna,2016,10,16,20.79,9.96,0
Ravenna,2016,10,17,17.32,9.76,0
Ravenna,2016,10,18,18.91,9.77,0
Ravenna,2016,10,19,19.08,7.71,1.9
Ravenna,2016,10,20,16.08,11.08,7.8
Ravenna,2016,10,21,15.92,6.4,0
Ravenna,2016,10,22,16.99,4.53,0
Ravenna,2016,10,23,17.99,6.59,0
Ravenna,2016,10,24,13.39,12.08,0
Ravenna,2016,10,25,14.92,12.8,0
Ravenna,2016,10,26,16.19,12.38,0
Ravenna,2016,10,27,19.73,7.82,0
Ravenna,2016,10,28,17.83,6.6,0
Ravenna,2016,10,29,18.57,4.53,0
Ravenna,2016,10,30,19.64,4.43,0
Ravenna,2016,10,31,16.86,7.63,0
Ravenna,2016,11,1,16.13,7.32,0
Ravenna,2016,11,2,13.48,5.92,0
Ravenna,2016,11,3,14.77,6.77,0
Ravenna,2016,11,4,13.93,6.89,0
Ravenna,2016,11,5,17.09,7.78,5.7
Ravenna,2016,11,6,21.72,10.41,5.4
Ravenna,2016,11,7,17.21,6.99,0
Ravenna,2016,11,8,10.99,4.66,0
Ravenna,2016,11,9,12.95,4.02,3.4
Ravenna,2016,11,10,12.3,4,0
Ravenna,2016,11,11,8.92,3.35,25
Ravenna,2016,11,12,12.75,2,12.3
Ravenna,2016,11,13,10.9,-0.01,0
Ravenna,2016,11,14,8.11,4.6,3.5
Ravenna,2016,11,15,9.43,-0.07,0
Ravenna,2016,11,16,10.15,-0.94,0
Ravenna,2016,11,17,11.62,1.16,0
Ravenna,2016,11,18,11.07,7.52,2.6
Ravenna,2016,11,19,15,8.06,5
Ravenna,2016,11,20,9.17,7.03,0
Ravenna,2016,11,21,12.77,8.13,0
Ravenna,2016,11,22,18.58,7.26,0
Ravenna,2016,11,23,16.04,9.2,0
Ravenna,2016,11,24,13.05,11.14,0
Ravenna,2016,11,25,14.46,11.67,1.6
Ravenna,2016,11,26,16.17,5.92,0
Ravenna,2016,11,27,15.43,4.18,0
Ravenna,2016,11,28,9.9,5.29,2.2
Ravenna,2016,11,29,7.28,-0.95,0
Ravenna,2016,11,30,7.77,-3.03,0
Ravenna,2016,12,1,7.89,-2.49,0
Ravenna,2016,12,2,10.94,-1.34,0
Ravenna,2016,12,3,7.51,-0.27,0
Ravenna,2016,12,4,7.29,5.33,1.2
Ravenna,2016,12,5,8.28,5.3,0
Ravenna,2016,12,6,10.08,3.93,0
Ravenna,2016,12,7,5.02,2.25,0
Ravenna,2016,12,8,8.32,-0.15,0
Ravenna,2016,12,9,3.05,0.11,0
Ravenna,2016,12,10,3.96,-0.66,0
Ravenna,2016,12,11,2.93,0.09,0
Ravenna,2016,12,12,8.55,2.36,0
Ravenna,2016,12,13,3.03,1.22,0
Ravenna,2016,12,14,2.68,0.81,0
Ravenna,2016,12,15,2.19,0.41,0
Ravenna,2016,12,16,5.16,1.96,0
Ravenna,2016,12,17,7.13,-2.68,0
Ravenna,2016,12,18,3.11,-4.37,0
Ravenna,2016,12,19,3.46,-2.54,0
Ravenna,2016,12,20,8.32,3.3,19.3
Ravenna,2016,12,21,10.53,0.73,2.2
Ravenna,2016,12,22,11.68,-0.29,0
Ravenna,2016,12,23,10.04,-0.82,0
Ravenna,2016,12,24,10.12,-1.82,0
Ravenna,2016,12,25,10.51,-0.67,0
Ravenna,2016,12,26,12.88,-0.72,0
Ravenna,2016,12,27,11.7,-0.74,0
Ravenna,2016,12,28,12.63,-2.17,0
Ravenna,2016,12,29,9.15,-1.08,0
Ravenna,2016,12,30,7.13,-3.17,0
Ravenna,2016,12,31,7.29,-4.22,0
Ravenna,2017,1,1,7.93,-5.5,0
Ravenna,2017,1,2,8.59,-3.66,0
Ravenna,2017,1,3,9.45,-0.41,5.1
Ravenna,2017,1,4,8.99,-2.8,0
Ravenna,2017,1,5,7.64,-2.51,0
Ravenna,2017,1,6,3.57,-5.66,0
Ravenna,2017,1,7,3.28,-8.32,0
Ravenna,2017,1,8,3.2,-6.14,0
Ravenna,2017,1,9,4.79,-7.29,0
Ravenna,2017,1,10,2.13,-3.97,0
Ravenna,2017,1,11,3.12,-6.31,0
Ravenna,2017,1,12,1.16,-5.97,0
Ravenna,2017,1,13,2.88,-0.37,5.5
Ravenna,2017,1,14,8.39,-2.95,0
Ravenna,2017,1,15,2.93,-2.06,6.1
Ravenna,2017,1,16,4.71,-0.79,0
Ravenna,2017,1,17,4.31,1.91,0
Ravenna,2017,1,18,6.32,1.6,0
Ravenna,2017,1,19,6.82,-1.19,0
Ravenna,2017,1,20,5.95,-2.52,0
Ravenna,2017,1,21,5.12,-1.17,0
Ravenna,2017,1,22,4.73,-1.56,0
Ravenna,2017,1,23,5.37,1.74,0
Ravenna,2017,1,24,10.89,-0.41,0
Ravenna,2017,1,25,7.1,-2.58,0
Ravenna,2017,1,26,6.37,-3.41,0
Ravenna,2017,1,27,6.85,-4.89,0
Ravenna,2017,1,28,6.81,-4.24,0
Ravenna,2017,1,29,8.16,-2.8,0
Ravenna,2017,1,30,8.59,-4.75,0
Ravenna,2017,1,31,8.47,0.85,0
Ravenna,2017,2,1,10.78,3.59,0
Ravenna,2017,2,2,7.9,4.59,2.1
Ravenna,2017,2,3,17.89,4.28,1.2
Ravenna,2017,2,4,11.16,4.17,5.2
Ravenna,2017,2,5,8.47,0.85,13.8
Ravenna,2017,2,6,9.58,5.18,8.4
Ravenna,2017,2,7,11.9,1.84,0
Ravenna,2017,2,8,9,0.73,0
Ravenna,2017,2,9,6.34,0.59,0
Ravenna,2017,2,10,6.69,3.55,0
Ravenna,2017,2,11,7.82,4.8,0
Ravenna,2017,2,12,9.92,5.21,0
Ravenna,2017,2,13,8.76,6.79,0
Ravenna,2017,2,14,11,0.79,0
Ravenna,2017,2,15,14.48,-0.24,0
Ravenna,2017,2,16,16.21,-0.71,0
Ravenna,2017,2,17,15.33,0.31,4.9
Ravenna,2017,2,18,13.36,0.43,0
Ravenna,2017,2,19,11.47,-1.4,0
Ravenna,2017,2,20,9.58,-0.7,0
Ravenna,2017,2,21,11.82,-1.51,0
Ravenna,2017,2,22,11.06,3.73,0
Ravenna,2017,2,23,11,1.83,0
Ravenna,2017,2,24,14.92,3.89,8.5
Ravenna,2017,2,25,11.88,0.79,3.6
Ravenna,2017,2,26,12.95,-0.33,0
Ravenna,2017,2,27,13.59,-1.19,0
Ravenna,2017,2,28,16.45,7.02,0
Ravenna,2017,3,1,16.35,6.42,0
Ravenna,2017,3,2,17.42,2.35,0
Ravenna,2017,3,3,13.73,3.44,0
Ravenna,2017,3,4,14.95,4.94,1.1
Ravenna,2017,3,5,15.64,7.52,0
Ravenna,2017,3,6,17.48,4.38,5
Ravenna,2017,3,7,14.65,4.52,0
Ravenna,2017,3,8,15.78,2.3,0
Ravenna,2017,3,9,19.07,1.83,0
Ravenna,2017,3,10,19.27,2.2,0
Ravenna,2017,3,11,14.9,-0.34,0
Ravenna,2017,3,12,13.63,1.48,0
Ravenna,2017,3,13,14.36,-0.06,0
Ravenna,2017,3,14,18.81,1.44,0
Ravenna,2017,3,15,17.32,3.19,0
Ravenna,2017,3,16,18.41,1.19,0
Ravenna,2017,3,17,20.92,1.27,0
Ravenna,2017,3,18,21.14,6.55,0
Ravenna,2017,3,19,18.53,6.88,0
Ravenna,2017,3,20,17.27,6.26,0
Ravenna,2017,3,21,15.33,8.45,0
Ravenna,2017,3,22,18.44,9.62,0
Ravenna,2017,3,23,20.24,7.95,0
Ravenna,2017,3,24,19.7,6.12,0
Ravenna,2017,3,25,21.23,6.24,2.6
Ravenna,2017,3,26,18.8,6.14,2.8
Ravenna,2017,3,27,14.89,2.51,0
Ravenna,2017,3,28,18.64,1.13,0
Ravenna,2017,3,29,23.16,2.76,0
Ravenna,2017,3,30,24.1,5.25,0
Ravenna,2017,3,31,20.27,6.18,0
Ravenna,2017,4,1,20.26,7.16,0
Ravenna,2017,4,2,17.66,12.67,0
Ravenna,2017,4,3,23.52,9.02,0
Ravenna,2017,4,4,23.57,9.61,0
Ravenna,2017,4,5,18.91,8.43,0
Ravenna,2017,4,6,17.65,6.65,1.8
Ravenna,2017,4,7,20.36,5.53,0
Ravenna,2017,4,8,21.03,4.47,0
Ravenna,2017,4,9,22.43,5.74,0
Ravenna,2017,4,10,24.31,6.35,0
Ravenna,2017,4,11,23.38,7.79,0
Ravenna,2017,4,12,19.25,9.07,0
Ravenna,2017,4,13,25.04,7.88,0
Ravenna,2017,4,14,24.97,9.71,0
Ravenna,2017,4,15,21.94,11.01,7.6
Ravenna,2017,4,16,22.28,11.53,6.5
Ravenna,2017,4,17,17.06,8.15,0
Ravenna,2017,4,18,16.86,4.71,11
Ravenna,2017,4,19,15.48,2.56,0
Ravenna,2017,4,20,15.58,1.15,0
Ravenna,2017,4,21,15.26,1.75,0
Ravenna,2017,4,22,19.52,0.5,0
Ravenna,2017,4,23,20.44,6.65,0
Ravenna,2017,4,24,20.95,9.13,0
Ravenna,2017,4,25,22.19,6.6,0
Ravenna,2017,4,26,21.03,11.93,0
Ravenna,2017,4,27,23.54,14.34,10.9
Ravenna,2017,4,28,18.06,7.76,0
Ravenna,2017,4,29,17.1,4.21,0
Ravenna,2017,4,30,18.65,1.91,0
Ravenna,2017,5,1,19.23,3.98,0
Ravenna,2017,5,2,18.54,4.9,0
Ravenna,2017,5,3,20.84,10.11,1.2
Ravenna,2017,5,4,19.91,10.98,8.5
Ravenna,2017,5,5,21.8,9.42,0
Ravenna,2017,5,6,17.9,8.53,9.8
Ravenna,2017,5,7,15.47,10.53,2.4
Ravenna,2017,5,8,21.09,7.94,0
Ravenna,2017,5,9,17.88,8.96,17.2
Ravenna,2017,5,10,18.27,6.81,0
Ravenna,2017,5,11,20,11.82,0
Ravenna,2017,5,12,26.18,12.59,0
Ravenna,2017,5,13,26.08,13.52,0
Ravenna,2017,5,14,26.93,11.02,0
Ravenna,2017,5,15,23.96,14.32,2.8
Ravenna,2017,5,16,25.79,11.74,0
Ravenna,2017,5,17,26.64,10.42,0
Ravenna,2017,5,18,26.04,10.71,0
Ravenna,2017,5,19,27.76,13.21,0
Ravenna,2017,5,20,20.3,13.2,8.2
Ravenna,2017,5,21,25.64,12.4,0
Ravenna,2017,5,22,26.68,10.53,0
Ravenna,2017,5,23,29.93,13.75,0
Ravenna,2017,5,24,30.31,14.1,0
Ravenna,2017,5,25,23.31,11.99,0
Ravenna,2017,5,26,24.66,9.92,0
Ravenna,2017,5,27,27.42,11.44,0
Ravenna,2017,5,28,28.65,11.77,0
Ravenna,2017,5,29,28.97,11.92,0
Ravenna,2017,5,30,28.12,14.94,0
Ravenna,2017,5,31,29.36,15.58,0
Ravenna,2017,6,1,28.47,14.93,0
Ravenna,2017,6,2,31.37,13.03,0
Ravenna,2017,6,3,32.38,14.13,0
Ravenna,2017,6,4,30.63,13.16,0
Ravenna,2017,6,5,29.26,13.82,0
Ravenna,2017,6,6,28.18,16.07,0
Ravenna,2017,6,7,29.3,12.82,0
Ravenna,2017,6,8,25.56,10.11,0
Ravenna,2017,6,9,28.41,7.96,0
Ravenna,2017,6,10,29.75,16.5,0
Ravenna,2017,6,11,29.01,13.51,0
Ravenna,2017,6,12,30.9,14.76,0
Ravenna,2017,6,13,32.59,17.52,0
Ravenna,2017,6,14,32.86,19.32,9.8
Ravenna,2017,6,15,29.47,19.21,0
Ravenna,2017,6,16,32.04,18.81,0
Ravenna,2017,6,17,29.33,19.61,0
Ravenna,2017,6,18,27.39,13.94,0
Ravenna,2017,6,19,29.93,12.46,0
Ravenna,2017,6,20,32.05,13.48,0
Ravenna,2017,6,21,34.54,16.5,0
Ravenna,2017,6,22,35.33,18.07,0
Ravenna,2017,6,23,35.68,21.24,0
Ravenna,2017,6,24,35.95,22.83,0
Ravenna,2017,6,25,32.71,20.8,0
Ravenna,2017,6,26,30.99,20.23,0
Ravenna,2017,6,27,31.96,20.56,0
Ravenna,2017,6,28,30.74,16.07,27.9
Ravenna,2017,6,29,28.98,16.17,0
Ravenna,2017,6,30,26.28,15.34,0
Ravenna,2017,7,1,28.65,12.22,0
Ravenna,2017,7,2,28.31,11.99,0
Ravenna,2017,7,3,29.76,15.16,0
Ravenna,2017,7,4,29.52,16.31,0
Ravenna,2017,7,5,31.18,16.32,0
Ravenna,2017,7,6,34.58,16.03,0
Ravenna,2017,7,7,36.6,16.81,0
Ravenna,2017,7,8,34.83,17.06,0
Ravenna,2017,7,9,32.08,21.28,0
Ravenna,2017,7,10,34.5,19.67,0
Ravenna,2017,7,11,35.08,18.52,0
Ravenna,2017,7,12,32.38,17.47,0
Ravenna,2017,7,13,31.99,19.82,0
Ravenna,2017,7,14,29.37,17.8,0
Ravenna,2017,7,15,30.01,15.91,0
Ravenna,2017,7,16,27.33,14.47,0
Ravenna,2017,7,17,29.11,11.97,0
Ravenna,2017,7,18,32.05,12.1,0
Ravenna,2017,7,19,32.78,14.65,0
Ravenna,2017,7,20,33.43,17.95,0
Ravenna,2017,7,21,33,17.58,0
Ravenna,2017,7,22,35,19.32,0
Ravenna,2017,7,23,35.98,19.55,0
Ravenna,2017,7,24,33.53,18.95,0
Ravenna,2017,7,25,30.37,15.46,0
Ravenna,2017,7,26,31.85,13.07,0
Ravenna,2017,7,27,30.76,13.54,0
Ravenna,2017,7,28,34.16,15.04,0
Ravenna,2017,7,29,32.32,17.78,0
Ravenna,2017,7,30,31.19,21.85,0
Ravenna,2017,7,31,33.16,19.81,0
Ravenna,2017,8,1,35.37,18.17,0
Ravenna,2017,8,2,39.07,19.66,0
Ravenna,2017,8,3,37.84,21.32,0
Ravenna,2017,8,4,40.54,21.02,0
Ravenna,2017,8,5,39.05,19.51,0
Ravenna,2017,8,6,37.87,20.96,5
Ravenna,2017,8,7,29.61,20.32,0
Ravenna,2017,8,8,31.77,18.47,0
Ravenna,2017,8,9,35.43,21.99,0
Ravenna,2017,8,10,34.27,19.38,22.2
Ravenna,2017,8,11,29.07,16.69,0
Ravenna,2017,8,12,27.69,15.31,0
Ravenna,2017,8,13,30.52,14.31,0
Ravenna,2017,8,14,30.06,14.7,0
Ravenna,2017,8,15,32.29,15.52,0
Ravenna,2017,8,16,32.3,17.11,0
Ravenna,2017,8,17,33.31,18.22,0
Ravenna,2017,8,18,34.24,17.09,0
Ravenna,2017,8,19,34.43,19.51,0
Ravenna,2017,8,20,27.67,15.28,0
Ravenna,2017,8,21,27.82,13.31,0
Ravenna,2017,8,22,26.83,12.23,0
Ravenna,2017,8,23,28.56,13.42,0
Ravenna,2017,8,24,30.61,14.78,0
Ravenna,2017,8,25,33.06,18.35,0
Ravenna,2017,8,26,32.67,17.85,0
Ravenna,2017,8,27,35.93,17.72,0
Ravenna,2017,8,28,33.11,19.57,0
Ravenna,2017,8,29,29.51,17.13,0
Ravenna,2017,8,30,30.89,14.9,0
Ravenna,2017,8,31,34.54,16.8,0
Ravenna,2017,9,1,30.76,17.87,8.9
Ravenna,2017,9,2,28.72,14.23,2.1
Ravenna,2017,9,3,24.77,11.87,5.1
Ravenna,2017,9,4,25.77,10.79,0
Ravenna,2017,9,5,27.41,14.05,0
Ravenna,2017,9,6,29.33,14.3,0
Ravenna,2017,9,7,28.82,17.31,7
Ravenna,2017,9,8,26.31,16.15,0
Ravenna,2017,9,9,27.13,14.26,0
Ravenna,2017,9,10,21.02,17.11,25.9
Ravenna,2017,9,11,20.37,15.1,0
Ravenna,2017,9,12,23.25,12.69,0
Ravenna,2017,9,13,25.44,11.35,0
Ravenna,2017,9,14,25.15,13.02,0
Ravenna,2017,9,15,26.46,14.83,5.9
Ravenna,2017,9,16,20.18,15.12,3.2
Ravenna,2017,9,17,23.35,12.38,0
Ravenna,2017,9,18,22.95,11.99,6.3
Ravenna,2017,9,19,15.09,12.12,7.6
Ravenna,2017,9,20,22.61,9.22,0.8
Ravenna,2017,9,21,23.09,6.79,0
Ravenna,2017,9,22,24.57,7.97,0
Ravenna,2017,9,23,24.94,9.66,0
Ravenna,2017,9,24,20.63,11.04,4
Ravenna,2017,9,25,19.55,11.32,4.1
Ravenna,2017,9,26,21.83,10.22,0
Ravenna,2017,9,27,23.79,11.97,0
Ravenna,2017,9,28,22.86,10.54,0
Ravenna,2017,9,29,22.87,10.05,0
Ravenna,2017,9,30,22.42,9.86,0
Ravenna,2017,10,1,17.61,11.42,1.3
Ravenna,2017,10,2,22.04,10.51,0
Ravenna,2017,10,3,22.11,9.43,0
Ravenna,2017,10,4,23.58,13.05,0
Ravenna,2017,10,5,25.5,11.14,0
Ravenna,2017,10,6,22.55,9.63,7.9
Ravenna,2017,10,7,19.02,7.57,0
Ravenna,2017,10,8,23.34,8.32,0
Ravenna,2017,10,9,22.34,9.17,0
Ravenna,2017,10,10,22.18,9.63,0
Ravenna,2017,10,11,22.06,7.4,0
Ravenna,2017,10,12,23.26,8.4,0
Ravenna,2017,10,13,23.05,8.03,0
Ravenna,2017,10,14,23.54,7.62,0
Ravenna,2017,10,15,25.37,7.42,0
Ravenna,2017,10,16,25.26,6.51,0
Ravenna,2017,10,17,23.5,7,0
Ravenna,2017,10,18,21.3,8.1,0
Ravenna,2017,10,19,18.84,12.96,0
Ravenna,2017,10,20,19.45,11.64,0
Ravenna,2017,10,21,20.64,11.94,0
Ravenna,2017,10,22,21.28,10.21,7.8
Ravenna,2017,10,23,19.25,4.66,1.3
Ravenna,2017,10,24,20.93,4,0
Ravenna,2017,10,25,19.77,3.43,0
Ravenna,2017,10,26,21.07,4.25,0
Ravenna,2017,10,27,20.22,4.57,0
Ravenna,2017,10,28,20.42,4.57,0
Ravenna,2017,10,29,22.38,6,0
Ravenna,2017,10,30,18.61,4,0
Ravenna,2017,10,31,17.37,2.67,0
Ravenna,2017,11,1,17.54,1.14,0
Ravenna,2017,11,2,17.82,1.62,0
Ravenna,2017,11,3,18.23,6.44,0
Ravenna,2017,11,4,17.04,6.68,0
Ravenna,2017,11,5,18.59,6.6,10.4
Ravenna,2017,11,6,12.95,9.2,3
Ravenna,2017,11,7,13.09,9.5,59
Ravenna,2017,11,8,12.89,5.15,6.6
Ravenna,2017,11,9,15.35,5.09,0
Ravenna,2017,11,10,13.1,5.25,0
Ravenna,2017,11,11,14.44,2.54,0
Ravenna,2017,11,12,13.15,6.24,0
Ravenna,2017,11,13,8.43,3.41,53.3
Ravenna,2017,11,14,12.37,5.24,3.9
Ravenna,2017,11,15,8.2,5.24,0.6
Ravenna,2017,11,16,12,3.96,0
Ravenna,2017,11,17,12.38,2.16,0
Ravenna,2017,11,18,13.1,2.87,0
Ravenna,2017,11,19,13.38,1.54,0
Ravenna,2017,11,20,12.8,0.31,0
Ravenna,2017,11,21,14.55,0.76,0
Ravenna,2017,11,22,13.9,0.83,0
Ravenna,2017,11,23,13.53,3.88,0
Ravenna,2017,11,24,12.49,2.34,0
Ravenna,2017,11,25,15.8,6.56,0
Ravenna,2017,11,26,9.1,3.43,12.1
Ravenna,2017,11,27,9.35,-0.77,0
Ravenna,2017,11,28,11.52,-2.09,0
Ravenna,2017,11,29,4.67,3.54,1.5
Ravenna,2017,11,30,9.33,-0.72,1.8
Ravenna,2017,12,1,6.39,-1.71,3.3
Ravenna,2017,12,2,8.62,3.19,1.5
Ravenna,2017,12,3,7.51,-0.04,0
Ravenna,2017,12,4,8.52,-1.52,0
Ravenna,2017,12,5,7.96,-2.13,0
Ravenna,2017,12,6,11.7,-2.33,0
Ravenna,2017,12,7,11.27,-1.33,0
Ravenna,2017,12,8,13.87,2.74,0
Ravenna,2017,12,9,6.7,-2.31,5.2
Ravenna,2017,12,10,8.06,-2.06,0
Ravenna,2017,12,11,16.84,0.57,3.4
Ravenna,2017,12,12,16.49,7.05,0
Ravenna,2017,12,13,9.55,1.09,0
Ravenna,2017,12,14,13.27,1.81,0
Ravenna,2017,12,15,16.03,4.32,1.9
Ravenna,2017,12,16,7.1,3.65,0
Ravenna,2017,12,17,7.65,-1.63,0
Ravenna,2017,12,18,6.2,-2.89,0
Ravenna,2017,12,19,4.89,-2.89,0
Ravenna,2017,12,20,4.64,-1.91,0
Ravenna,2017,12,21,6.44,-3.74,0
Ravenna,2017,12,22,5.81,-3.18,0
Ravenna,2017,12,23,10.56,-2.95,0
Ravenna,2017,12,24,11.41,-2.99,0
Ravenna,2017,12,25,10.77,-2.61,0
Ravenna,2017,12,26,13.31,2.61,0
Ravenna,2017,12,27,12.36,7.76,0
Ravenna,2017,12,28,7.04,1.65,6.3
Ravenna,2017,12,29,8.1,-0.77,0
Ravenna,2017,12,30,6.93,-1.3,0
Ravenna,2017,12,31,6.19,2.55,0
Ravenna,2018,1,1,5.41,-0.9,2.9
Ravenna,2018,1,2,10.28,0.32,0
Ravenna,2018,1,3,14.14,-0.07,0
Ravenna,2018,1,4,10.99,1.06,0
Ravenna,2018,1,5,8.06,0.7,0
Ravenna,2018,1,6,8.02,5.43,0
Ravenna,2018,1,7,8.92,6.76,0
Ravenna,2018,1,8,10.96,8.62,0
Ravenna,2018,1,9,14.53,8,2.8
Ravenna,2018,1,10,14.8,2.22,0
Ravenna,2018,1,11,9.02,5.59,1.1
Ravenna,2018,1,12,11.19,4.07,0
Ravenna,2018,1,13,9.73,3.97,0
Ravenna,2018,1,14,7.88,3.41,0
Ravenna,2018,1,15,6.36,-0.16,0
Ravenna,2018,1,16,6.21,2.9,0
Ravenna,2018,1,17,12.3,3.07,0
Ravenna,2018,1,18,13.39,2.11,0
Ravenna,2018,1,19,11.34,-0.17,0
Ravenna,2018,1,20,9.08,-0.88,0
Ravenna,2018,1,21,11.57,-1.22,0
Ravenna,2018,1,22,8.81,-2.03,0
Ravenna,2018,1,23,11.62,-1.07,0
Ravenna,2018,1,24,10.91,0.02,0
Ravenna,2018,1,25,11.83,-0.93,0
Ravenna,2018,1,26,6.87,2.06,0
Ravenna,2018,1,27,10.1,6.7,0
Ravenna,2018,1,28,12.25,0.22,0
Ravenna,2018,1,29,8.92,-0.42,0
Ravenna,2018,1,30,4.87,2.67,0
Ravenna,2018,1,31,9.63,3.92,0
Ravenna,2018,2,1,14.43,8.96,0
Ravenna,2018,2,2,8.97,5.22,16.5
Ravenna,2018,2,3,2.9,1.06,8.5
Ravenna,2018,2,4,9.64,-0.22,0
Ravenna,2018,2,5,10.21,-0.4,0
Ravenna,2018,2,6,8.09,5.48,23.9
Ravenna,2018,2,7,6.05,4.57,1.2
Ravenna,2018,2,8,12.34,0.57,0
Ravenna,2018,2,9,10.87,0.15,0
Ravenna,2018,2,10,8.38,0.61,0
Ravenna,2018,2,11,9.62,-0.05,0
Ravenna,2018,2,12,5.19,-0.33,12.6
Ravenna,2018,2,13,6.55,-0.57,3.4
Ravenna,2018,2,14,8.46,-2.13,0
Ravenna,2018,2,15,9.69,-2.11,0
Ravenna,2018,2,16,10.42,-0.21,0
Ravenna,2018,2,17,8.07,4.05,0.8
Ravenna,2018,2,18,5.94,4.25,21.2
Ravenna,2018,2,19,5.73,3.29,2.2
Ravenna,2018,2,20,4.19,-0.14,0
Ravenna,2018,2,21,6.21,2.67,8.2
Ravenna,2018,2,22,4.92,2.53,21.5
Ravenna,2018,2,23,4.95,3.89,20.8
Ravenna,2018,2,24,9.88,3.99,0
Ravenna,2018,2,25,3.39,0.42,0
Ravenna,2018,2,26,-0.91,-3.82,0
Ravenna,2018,2,27,-0.75,-5.02,0
Ravenna,2018,2,28,1.76,-6.74,0
Ravenna,2018,3,1,0.42,-2.76,6.6
Ravenna,2018,3,2,1.29,-0.85,9.1
Ravenna,2018,3,3,3.03,-1.14,11.6
Ravenna,2018,3,4,3.41,-1.5,2.5
Ravenna,2018,3,5,3.72,1.22,8.3
Ravenna,2018,3,6,8.46,4.58,1.8
Ravenna,2018,3,7,15.03,5.13,2.2
Ravenna,2018,3,8,16.36,1.84,0
Ravenna,2018,3,9,18.02,2.16,0
Ravenna,2018,3,10,15.34,4.43,0
Ravenna,2018,3,11,13.81,6.52,4.2
Ravenna,2018,3,12,17.48,6.06,0
Ravenna,2018,3,13,15.76,5.04,0
Ravenna,2018,3,14,17.15,5.87,0
Ravenna,2018,3,15,14.47,3.44,1.3
Ravenna,2018,3,16,16.33,8,1.3
Ravenna,2018,3,17,13.98,7.64,2.5
Ravenna,2018,3,18,11.1,7.21,4.8
Ravenna,2018,3,19,7.23,2.94,2.2
Ravenna,2018,3,20,7.09,3.62,0
Ravenna,2018,3,21,8.06,-0.07,0
Ravenna,2018,3,22,8.63,-0.5,0
Ravenna,2018,3,23,11.24,0.44,0
Ravenna,2018,3,24,11.76,0.19,0
Ravenna,2018,3,25,11.52,0.46,0
Ravenna,2018,3,26,14.82,0.09,0
Ravenna,2018,3,27,16.83,6,0
Ravenna,2018,3,28,17.72,2.95,0
Ravenna,2018,3,29,20,9.63,0
Ravenna,2018,3,30,21.72,8.87,0
Ravenna,2018,3,31,15.62,8.95,2.7
Ravenna,2018,4,1,19.78,8.24,0
Ravenna,2018,4,2,20.44,5.59,0
Ravenna,2018,4,3,18.14,9.35,0
Ravenna,2018,4,4,17.17,10.25,6.1
Ravenna,2018,4,5,16.6,8.1,0
Ravenna,2018,4,6,19,5.31,0
Ravenna,2018,4,7,19.14,3.92,0
Ravenna,2018,4,8,17.94,4.51,0
Ravenna,2018,4,9,15.24,8.82,1
Ravenna,2018,4,10,18.69,7.85,0
Ravenna,2018,4,11,16.43,9.44,2.9
Ravenna,2018,4,12,17.93,8.41,0
Ravenna,2018,4,13,19.77,9.35,0
Ravenna,2018,4,14,20.54,8.62,0
Ravenna,2018,4,15,17.53,9.59,0
Ravenna,2018,4,16,23.52,10.4,0
Ravenna,2018,4,17,22.37,10.99,0
Ravenna,2018,4,18,21.77,9.89,0
Ravenna,2018,4,19,23.64,7.8,0
Ravenna,2018,4,20,26.53,9.42,0
Ravenna,2018,4,21,26.13,8.71,0
Ravenna,2018,4,22,25.08,6.23,0
Ravenna,2018,4,23,26.4,9.35,0
Ravenna,2018,4,24,27.79,11.59,0
Ravenna,2018,4,25,28.81,10.36,0
Ravenna,2018,4,26,28.32,12.25,0
Ravenna,2018,4,27,22.47,11.72,0
Ravenna,2018,4,28,25.89,10,0
Ravenna,2018,4,29,25.7,12.52,0
Ravenna,2018,4,30,23.2,12.64,0
Ravenna,2018,5,1,20.89,10.76,5.9
Ravenna,2018,5,2,20.11,12.57,7.3
Ravenna,2018,5,3,19.55,12.06,7.5
Ravenna,2018,5,4,21.16,14.37,0
Ravenna,2018,5,5,23.33,12.9,0
Ravenna,2018,5,6,25.14,13.88,0
Ravenna,2018,5,7,25.55,12.49,0
Ravenna,2018,5,8,24.66,13.86,0
Ravenna,2018,5,9,23.17,14.77,0
Ravenna,2018,5,10,22.73,13.3,0
Ravenna,2018,5,11,27.72,11.72,0
Ravenna,2018,5,12,26.1,13.91,0
Ravenna,2018,5,13,26.43,11.15,10.2
Ravenna,2018,5,14,20.76,10.18,4.1
Ravenna,2018,5,15,19.71,8.2,1.7
Ravenna,2018,5,16,21.97,9.4,0
Ravenna,2018,5,17,22.5,9.33,0
Ravenna,2018,5,18,24.06,10.24,0
Ravenna,2018,5,19,24.4,9.74,0
Ravenna,2018,5,20,24.71,10.95,0
Ravenna,2018,5,21,25.36,13.5,0
Ravenna,2018,5,22,22.49,14.75,9.7
Ravenna,2018,5,23,22.58,14.97,0
Ravenna,2018,5,24,27.69,13.36,0
Ravenna,2018,5,25,28.96,15.32,0
Ravenna,2018,5,26,28.99,15.14,0
Ravenna,2018,5,27,29.15,14.45,0
Ravenna,2018,5,28,28.58,17.02,0
Ravenna,2018,5,29,28.51,18.87,0
Ravenna,2018,5,30,27.21,18.51,0
Ravenna,2018,5,31,29.11,17.01,0
Ravenna,2018,6,1,28.92,16.3,0
Ravenna,2018,6,2,29.45,15.03,0
Ravenna,2018,6,3,29.98,15.5,0
Ravenna,2018,6,4,30.03,17.8,0
Ravenna,2018,6,5,27.84,17.2,0
Ravenna,2018,6,6,29.11,15.33,0
Ravenna,2018,6,7,28.66,16.49,0
Ravenna,2018,6,8,24.21,17.03,12
Ravenna,2018,6,9,29.12,16.93,0
Ravenna,2018,6,10,31,17.34,0
Ravenna,2018,6,11,31.35,16.67,0
Ravenna,2018,6,12,30.46,18.97,0
Ravenna,2018,6,13,27.93,15.83,13
Ravenna,2018,6,14,25.17,15.88,29
Ravenna,2018,6,15,25.48,14.66,0
Ravenna,2018,6,16,28.2,13.87,0
Ravenna,2018,6,17,29.84,14.83,0
Ravenna,2018,6,18,28.85,15.38,0
Ravenna,2018,6,19,29.7,16.09,0
Ravenna,2018,6,20,29.56,15.06,0
Ravenna,2018,6,21,31.46,16.16,0
Ravenna,2018,6,22,24.62,15.89,19.5
Ravenna,2018,6,23,23.92,11.46,0
Ravenna,2018,6,24,25.19,10.23,0
Ravenna,2018,6,25,22.93,12.25,1.9
Ravenna,2018,6,26,25.63,11.94,0
Ravenna,2018,6,27,26.62,11.63,0
Ravenna,2018,6,28,28.19,13.04,0
Ravenna,2018,6,29,30.76,14.6,0
Ravenna,2018,6,30,34.28,15.59,0
Ravenna,2018,7,1,30.09,17.68,0
Ravenna,2018,7,2,29.57,19.97,0
Ravenna,2018,7,3,30.39,19.05,0
Ravenna,2018,7,4,31.88,19.85,0
Ravenna,2018,7,5,32.23,18.39,0
Ravenna,2018,7,6,28.43,17.97,0
Ravenna,2018,7,7,31.14,15.94,0
Ravenna,2018,7,8,30,18.01,0
Ravenna,2018,7,9,30.32,16.77,0
Ravenna,2018,7,10,30.81,17.1,0
Ravenna,2018,7,11,28.09,18.94,3.4
Ravenna,2018,7,12,30.76,16.66,0
Ravenna,2018,7,13,31.38,16.76,0
Ravenna,2018,7,14,30.97,17.9,0
Ravenna,2018,7,15,31.23,18.72,0
Ravenna,2018,7,16,30.23,17.61,11.4
Ravenna,2018,7,17,31.46,16.73,0
Ravenna,2018,7,18,33.84,16.35,0
Ravenna,2018,7,19,34.15,16.86,0
Ravenna,2018,7,20,33.6,16.73,0
Ravenna,2018,7,21,30.45,17.89,0
Ravenna,2018,7,22,29.79,17.85,0
Ravenna,2018,7,23,30.84,17.12,0
Ravenna,2018,7,24,32.56,16.09,0
Ravenna,2018,7,25,33.16,16.59,0
Ravenna,2018,7,26,31.49,17.81,0
Ravenna,2018,7,27,33.56,15.76,0
Ravenna,2018,7,28,34.13,18.5,0
Ravenna,2018,7,29,33.83,22.05,0
Ravenna,2018,7,30,34.42,20.64,0
Ravenna,2018,7,31,35.41,19.71,0
Ravenna,2018,8,1,35.87,21.11,0
Ravenna,2018,8,2,33.19,21.62,0
Ravenna,2018,8,3,32.12,22.07,0
Ravenna,2018,8,4,33.18,20.53,0
Ravenna,2018,8,5,34.96,18.97,0
Ravenna,2018,8,6,34.06,19.28,0
Ravenna,2018,8,7,34.31,17.88,0
Ravenna,2018,8,8,34.66,20.55,0
Ravenna,2018,8,9,33.92,19.41,0
Ravenna,2018,8,10,34.94,18.41,0
Ravenna,2018,8,11,34.59,18.89,0
Ravenna,2018,8,12,30.6,19.02,0
Ravenna,2018,8,13,33.77,17.73,0
Ravenna,2018,8,14,29.28,18.49,13.4
Ravenna,2018,8,15,28.68,18.22,21
Ravenna,2018,8,16,29.59,17.27,0
Ravenna,2018,8,17,31.79,16.25,0
Ravenna,2018,8,18,31.68,16.9,0
Ravenna,2018,8,19,31.51,19.38,0
Ravenna,2018,8,20,32.27,19.16,0
Ravenna,2018,8,21,32.52,18.95,0
Ravenna,2018,8,22,33.26,18.25,0
Ravenna,2018,8,23,32.94,18.12,0
Ravenna,2018,8,24,33.46,17.53,0
Ravenna,2018,8,25,28.18,19.95,3.8
Ravenna,2018,8,26,19.89,13.54,2
Ravenna,2018,8,27,26.14,11.65,0
Ravenna,2018,8,28,28.98,12.44,0
Ravenna,2018,8,29,30.42,13.64,0
Ravenna,2018,8,30,30.42,15.48,0
Ravenna,2018,8,31,29.33,16.73,0
Ravenna,2018,9,1,24.82,16.54,7.2
Ravenna,2018,9,2,24.19,16.18,3.7
Ravenna,2018,9,3,24.3,14.87,0
Ravenna,2018,9,4,27.66,14.93,0
Ravenna,2018,9,5,28.23,14.3,0
Ravenna,2018,9,6,28.19,14.6,0
Ravenna,2018,9,7,25.55,17.2,14.9
Ravenna,2018,9,8,27.39,16.73,0
Ravenna,2018,9,9,28.83,14.95,0
Ravenna,2018,9,10,29.55,15.31,0
Ravenna,2018,9,11,30.12,15.56,0
Ravenna,2018,9,12,29.4,16.14,0
Ravenna,2018,9,13,27.33,16.54,0
Ravenna,2018,9,14,30.34,15.94,0
Ravenna,2018,9,15,27.39,16.72,0
Ravenna,2018,9,16,28.59,16.07,0
Ravenna,2018,9,17,27.9,17.33,12.1
Ravenna,2018,9,18,27.33,17.91,0
Ravenna,2018,9,19,28.3,16.67,0
Ravenna,2018,9,20,29.07,15.83,0
Ravenna,2018,9,21,29.72,15.03,0
Ravenna,2018,9,22,29.6,15.92,0
Ravenna,2018,9,23,29.88,15.56,0
Ravenna,2018,9,24,24.76,15.65,0
Ravenna,2018,9,25,20.04,11.55,0
Ravenna,2018,9,26,18.29,6.32,0
Ravenna,2018,9,27,22.62,4.36,0
Ravenna,2018,9,28,26.02,6.64,0
Ravenna,2018,9,29,23.36,8.35,0
Ravenna,2018,9,30,22.05,7.64,0
Ravenna,2018,10,1,19.65,8.49,1.9
Ravenna,2018,10,2,19.76,7.73,20.6
Ravenna,2018,10,3,20.63,6.76,0
Ravenna,2018,10,4,22.76,8.01,0
Ravenna,2018,10,5,21.44,8.97,0.9
Ravenna,2018,10,6,16.68,12.99,3.1
Ravenna,2018,10,7,22.52,11.15,0
Ravenna,2018,10,8,23.76,10.79,0
Ravenna,2018,10,9,24.25,10.97,0
Ravenna,2018,10,10,23.66,10.19,0
Ravenna,2018,10,11,20.62,12.76,0
Ravenna,2018,10,12,23.64,10.98,0
Ravenna,2018,10,13,22.91,8.89,0
Ravenna,2018,10,14,21.92,8.05,0
Ravenna,2018,10,15,22.1,10.03,0
Ravenna,2018,10,16,19.94,14.91,2.2
Ravenna,2018,10,17,17.45,15.31,7.9
Ravenna,2018,10,18,22.38,11.9,0
Ravenna,2018,10,19,23.23,9.7,0
Ravenna,2018,10,20,22.84,9.44,0
Ravenna,2018,10,21,19.83,7.1,5.3
Ravenna,2018,10,22,17.62,8.18,0
Ravenna,2018,10,23,19.44,6.52,0
Ravenna,2018,10,24,26.21,5.85,0
Ravenna,2018,10,25,21.52,8.61,0
Ravenna,2018,10,26,19,10.32,0
Ravenna,2018,10,27,25.09,18.22,0
Ravenna,2018,10,28,20.4,15.4,3.6
Ravenna,2018,10,29,21.16,12.63,30
Ravenna,2018,10,30,15.4,12.63,2.8
Ravenna,2018,10,31,18.8,8.58,0
Ravenna,2018,11,1,17.2,12.57,10.1
Ravenna,2018,11,2,14.56,13.63,5.7
Ravenna,2018,11,3,15.63,13.15,0
Ravenna,2018,11,4,16.9,12.82,2.2
Ravenna,2018,11,5,20.07,13.91,0
Ravenna,2018,11,6,20.46,12.24,0
Ravenna,2018,11,7,20.25,11.14,0
Ravenna,2018,11,8,20.62,7.88,0
Ravenna,2018,11,9,17.31,6.17,0
Ravenna,2018,11,10,15.79,12.34,0
Ravenna,2018,11,11,18.34,10.33,0
Ravenna,2018,11,12,15.54,10.91,0
Ravenna,2018,11,13,17.04,11.14,0
Ravenna,2018,11,14,16.25,9.48,0
Ravenna,2018,11,15,15.15,8.11,0
Ravenna,2018,11,16,14.31,6.99,0
Ravenna,2018,11,17,12.32,7.76,0
Ravenna,2018,11,18,9.58,4.36,0
Ravenna,2018,11,19,8.34,4.44,7.4
Ravenna,2018,11,20,7.94,4.08,26.7
Ravenna,2018,11,21,11.18,5.7,3.2
Ravenna,2018,11,22,12.14,5.84,0
Ravenna,2018,11,23,11,3.77,7
Ravenna,2018,11,24,13.49,9.07,3
Ravenna,2018,11,25,9.73,8.68,10.5
Ravenna,2018,11,26,14.37,4.23,0
Ravenna,2018,11,27,12.24,6.54,4.6
Ravenna,2018,11,28,11.91,5.3,0
Ravenna,2018,11,29,8.9,0.17,0
Ravenna,2018,11,30,5.39,-0.08,0
Ravenna,2018,12,1,7.42,4.09,0
Ravenna,2018,12,2,7.2,3.74,0
Ravenna,2018,12,3,9.01,5.43,0
Ravenna,2018,12,4,12.26,1.22,0
Ravenna,2018,12,5,10.8,-0.17,0
Ravenna,2018,12,6,8.59,5.87,0
Ravenna,2018,12,7,12.25,4.06,0
Ravenna,2018,12,8,13.36,1.7,4.2
Ravenna,2018,12,9,11.49,0.73,0
Ravenna,2018,12,10,13.23,1.88,0
Ravenna,2018,12,11,11.04,-1.95,0
Ravenna,2018,12,12,8.54,-3.23,0
Ravenna,2018,12,13,4.25,0.24,11.5
Ravenna,2018,12,14,5.32,0.84,0
Ravenna,2018,12,15,5.12,-2.79,0
Ravenna,2018,12,16,3.08,-3.38,5.6
Ravenna,2018,12,17,2.44,-0.08,8.8
Ravenna,2018,12,18,4.67,-3.64,0
Ravenna,2018,12,19,1.13,-3.9,0
Ravenna,2018,12,20,3.85,0.02,4
Ravenna,2018,12,21,5.88,-0.32,0
Ravenna,2018,12,22,6.66,-0.02,0
Ravenna,2018,12,23,5.04,0.68,0
Ravenna,2018,12,24,5.99,1.57,0
Ravenna,2018,12,25,5.07,3.56,0
Ravenna,2018,12,26,3.37,0.59,0
Ravenna,2018,12,27,1.54,-0.32,0
Ravenna,2018,12,28,8.05,-2.05,0
Ravenna,2018,12,29,8.08,-1.89,0
Ravenna,2018,12,30,8.83,-1.28,0
Ravenna,2018,12,31,10.25,-1.46,0
Ravenna,2019,1,1,6.75,-2.3,0
Ravenna,2019,1,2,4.41,-1.05,0
Ravenna,2019,1,3,7.43,-3.84,0
Ravenna,2019,1,4,7.03,-5.99,0
Ravenna,2019,1,5,3.4,-3.89,0
Ravenna,2019,1,6,9.98,-5.26,0
Ravenna,2019,1,7,8.41,-4.33,0
Ravenna,2019,1,8,1.4,-4.38,0
Ravenna,2019,1,9,3.15,-2.16,0
Ravenna,2019,1,10,7.99,-4.02,0
Ravenna,2019,1,11,7.96,-3.51,0
Ravenna,2019,1,12,9.54,-4.63,0
Ravenna,2019,1,13,9.16,-3.28,0
Ravenna,2019,1,14,14.39,-1.77,0
Ravenna,2019,1,15,13.65,-3.13,0
Ravenna,2019,1,16,14.26,-3.66,0
Ravenna,2019,1,17,13.04,5.92,0
Ravenna,2019,1,18,7.11,4.83,4.4
Ravenna,2019,1,19,6.15,2.44,5.8
Ravenna,2019,1,20,5.39,2.38,0
Ravenna,2019,1,21,4.74,2.8,0
Ravenna,2019,1,22,3.36,0.78,6.4
Ravenna,2019,1,23,4.37,0.71,4.8
Ravenna,2019,1,24,5.4,0.66,5.7
Ravenna,2019,1,25,7.5,-0.76,0
Ravenna,2019,1,26,10.05,-3.5,0
Ravenna,2019,1,27,8.14,-2.25,0
Ravenna,2019,1,28,5.22,0.83,3.6
Ravenna,2019,1,29,8.74,-0.73,1.3
Ravenna,2019,1,30,7.36,-2.2,8.2
Ravenna,2019,1,31,5.92,0.32,4.5
Ravenna,2019,2,1,7.74,2.13,4.1
Ravenna,2019,2,2,6.85,2.13,9.8
Ravenna,2019,2,3,8.92,0.13,1.4
Ravenna,2019,2,4,9.3,1.2,0
Ravenna,2019,2,5,9.36,0.1,0
Ravenna,2019,2,6,11.03,0.18,0
Ravenna,2019,2,7,11.4,-2.35,0
Ravenna,2019,2,8,11.8,-0.11,0
Ravenna,2019,2,9,12.56,-1.46,0
Ravenna,2019,2,10,16.01,3.75,0
Ravenna,2019,2,11,11.87,2.75,0.6
Ravenna,2019,2,12,15.22,-0.83,0
Ravenna,2019,2,13,11.93,-2.81,0
Ravenna,2019,2,14,13.93,-2.89,0
Ravenna,2019,2,15,14.25,-2.72,0
Ravenna,2019,2,16,15.39,-2.11,0
Ravenna,2019,2,17,16.64,-2.06,0
Ravenna,2019,2,18,17.14,-1.79,0
Ravenna,2019,2,19,14.62,-0.78,0
Ravenna,2019,2,20,12.46,-0.38,0
Ravenna,2019,2,21,14,-2.04,0
Ravenna,2019,2,22,16.8,-0.47,0
Ravenna,2019,2,23,8.1,1.4,0
Ravenna,2019,2,24,9.37,-1.29,0
Ravenna,2019,2,25,14.73,-1.74,0
Ravenna,2019,2,26,18,0.91,0
Ravenna,2019,2,27,20.54,2.37,0
Ravenna,2019,2,28,19.37,0.88,0
Ravenna,2019,3,1,12.95,1.81,0
Ravenna,2019,3,2,17.86,0.94,0
Ravenna,2019,3,3,17.46,1.32,0
Ravenna,2019,3,4,17.22,4.02,0
Ravenna,2019,3,5,17.66,6.44,0
Ravenna,2019,3,6,16.51,2.06,0
Ravenna,2019,3,7,20.9,7.96,0
Ravenna,2019,3,8,20.44,7.48,0
Ravenna,2019,3,9,19.06,3.87,0
Ravenna,2019,3,10,19.25,5.99,0
Ravenna,2019,3,11,19.69,4.22,0
Ravenna,2019,3,12,14.88,1.79,0
Ravenna,2019,3,13,12.78,0.58,0
Ravenna,2019,3,14,16.32,-0.31,0
Ravenna,2019,3,15,20.77,2.14,0
Ravenna,2019,3,16,21.46,4.25,0
Ravenna,2019,3,17,19.96,4.05,0
Ravenna,2019,3,18,13.13,6.53,3.7
Ravenna,2019,3,19,10.54,2.65,0
Ravenna,2019,3,20,12.71,2.66,0
Ravenna,2019,3,21,15.65,1.77,0
Ravenna,2019,3,22,18.8,1.03,0
Ravenna,2019,3,23,21.05,1.5,0
Ravenna,2019,3,24,23.59,2.39,0
Ravenna,2019,3,25,23.03,4.76,1.7
Ravenna,2019,3,26,13.01,2.31,8.1
Ravenna,2019,3,27,13.8,1.54,0
Ravenna,2019,3,28,14.86,1.3,0
Ravenna,2019,3,29,16.94,2.67,0
Ravenna,2019,3,30,20.46,0.71,0
Ravenna,2019,3,31,21.29,1.78,0
Ravenna,2019,4,1,21.63,2.51,0
Ravenna,2019,4,2,20.56,5.14,0
Ravenna,2019,4,3,20.53,9.4,0
Ravenna,2019,4,4,20.02,7.71,27.4
Ravenna,2019,4,5,14.09,7.42,1.1
Ravenna,2019,4,6,16.82,8.09,0
Ravenna,2019,4,7,17.25,7.47,0
Ravenna,2019,4,8,16.74,6.67,0
Ravenna,2019,4,9,18.4,7.16,0
Ravenna,2019,4,10,19.75,5.39,0
Ravenna,2019,4,11,16.89,10.13,2.5
Ravenna,2019,4,12,15.78,8.66,2.6
Ravenna,2019,4,13,13.03,3.83,0
Ravenna,2019,4,14,13.31,2.75,0
Ravenna,2019,4,15,17.17,5.75,0
Ravenna,2019,4,16,19.32,2.91,0
Ravenna,2019,4,17,21.34,4.33,0
Ravenna,2019,4,18,19.78,4.91,0
Ravenna,2019,4,19,21.24,4.85,0
Ravenna,2019,4,20,22.89,4.88,0
Ravenna,2019,4,21,21.73,6.2,0
Ravenna,2019,4,22,17.39,10.64,4.9
Ravenna,2019,4,23,17.2,12.22,6
Ravenna,2019,4,24,24.06,12.44,0
Ravenna,2019,4,25,22.67,9.2,0
Ravenna,2019,4,26,22.95,11.58,0
Ravenna,2019,4,27,22.72,8.8,0
Ravenna,2019,4,28,17.14,7.09,3.2
Ravenna,2019,4,29,12.07,7.51,1.7
Ravenna,2019,4,30,20.83,8.39,0
Ravenna,2019,5,1,22.61,9.36,0
Ravenna,2019,5,2,23.57,7.38,0
Ravenna,2019,5,3,21.73,11.19,3.7
Ravenna,2019,5,4,18.52,10.76,1.5
Ravenna,2019,5,5,13.56,7.73,26.1
Ravenna,2019,5,6,16.22,5.89,2.9
Ravenna,2019,5,7,17.57,4.61,0
Ravenna,2019,5,8,19.19,6.03,4.8
Ravenna,2019,5,9,20.06,10.5,8.5
Ravenna,2019,5,10,23,10.29,0
Ravenna,2019,5,11,23.24,9.15,3.4
Ravenna,2019,5,12,13.73,11.2,30.6
Ravenna,2019,5,13,14.17,11.43,5.3
Ravenna,2019,5,14,15.25,6.35,0
Ravenna,2019,5,15,13.79,6.23,7.1
Ravenna,2019,5,16,17.78,5.39,0
Ravenna,2019,5,17,19.02,5.78,8.6
Ravenna,2019,5,18,17.09,12.66,20.3
Ravenna,2019,5,19,18.5,12.6,7.9
Ravenna,2019,5,20,21.07,12.65,0
Ravenna,2019,5,21,22.97,12.98,1.8
Ravenna,2019,5,22,23.59,10.05,0
Ravenna,2019,5,23,24.19,11.68,0
Ravenna,2019,5,24,25.68,11.74,0
Ravenna,2019,5,25,26.08,12.51,0
Ravenna,2019,5,26,21.42,14.81,8
Ravenna,2019,5,27,19.45,14.61,13.6
Ravenna,2019,5,28,22.58,14.49,1.7
Ravenna,2019,5,29,16.39,13.62,5
Ravenna,2019,5,30,19.99,12.41,0
Ravenna,2019,5,31,25.29,10.6,0
Ravenna,2019,6,1,28.85,11.03,0
Ravenna,2019,6,2,30.35,8.33,0
Ravenna,2019,6,3,30.04,14.9,0
Ravenna,2019,6,4,29.64,16.48,0
Ravenna,2019,6,5,29,17.61,0
Ravenna,2019,6,6,28.18,17.44,0
Ravenna,2019,6,7,27.68,12.93,0
Ravenna,2019,6,8,31.15,15.47,0
Ravenna,2019,6,9,28.96,17.9,0
Ravenna,2019,6,10,30.06,19.05,0
Ravenna,2019,6,11,30.26,21.77,0
Ravenna,2019,6,12,31.74,21.92,0
Ravenna,2019,6,13,32.49,15.95,0
Ravenna,2019,6,14,30.91,16.06,0
Ravenna,2019,6,15,32.77,19.89,0
Ravenna,2019,6,16,33.41,16.74,0
Ravenna,2019,6,17,30.55,17.24,0
Ravenna,2019,6,18,32,17.16,0
Ravenna,2019,6,19,33.09,17.84,0
Ravenna,2019,6,20,33.76,16.92,0
Ravenna,2019,6,21,33.45,17.02,0
Ravenna,2019,6,22,29.73,18.76,22.1
Ravenna,2019,6,23,30.54,16.2,0
Ravenna,2019,6,24,32.43,18.99,0
Ravenna,2019,6,25,33.01,20.8,0
Ravenna,2019,6,26,34.02,21.69,0
Ravenna,2019,6,27,37.97,22.15,0
Ravenna,2019,6,28,34.74,23.09,0
Ravenna,2019,6,29,31.74,18.9,0
Ravenna,2019,6,30,35.09,16.71,0
Ravenna,2019,7,1,34.78,17.82,0
Ravenna,2019,7,2,36.16,19.81,0
Ravenna,2019,7,3,34.21,22.03,7.6
Ravenna,2019,7,4,31.95,18.25,0
Ravenna,2019,7,5,34.62,18.71,0
Ravenna,2019,7,6,36.19,19.65,0
Ravenna,2019,7,7,34.52,19.94,0
Ravenna,2019,7,8,33.9,21.17,0
Ravenna,2019,7,9,31.91,20.42,9.3
Ravenna,2019,7,10,27.14,18.62,18
Ravenna,2019,7,11,28.2,16.26,0
Ravenna,2019,7,12,29.62,17.46,0
Ravenna,2019,7,13,29.14,17.54,8.3
Ravenna,2019,7,14,29.15,15.94,0
Ravenna,2019,7,15,22.36,19.41,10.9
Ravenna,2019,7,16,29.76,15.72,0
Ravenna,2019,7,17,32.24,15.58,0
Ravenna,2019,7,18,30.51,16.29,0
Ravenna,2019,7,19,31.97,17.12,0
Ravenna,2019,7,20,33.81,16.27,0
Ravenna,2019,7,21,35.76,18.18,0
Ravenna,2019,7,22,34.01,19.73,0
Ravenna,2019,7,23,34.7,20.47,0
Ravenna,2019,7,24,36.16,20.27,0
Ravenna,2019,7,25,35.51,21.65,0
Ravenna,2019,7,26,38.71,21.6,0
Ravenna,2019,7,27,34.02,19.52,3.1
Ravenna,2019,7,28,26.48,18.44,4.1
Ravenna,2019,7,29,32.42,19.31,0
Ravenna,2019,7,30,33.21,20.48,0
Ravenna,2019,7,31,33.41,18.88,0
Ravenna,2019,8,1,33.29,18.57,0
Ravenna,2019,8,2,31.42,20,9.8
Ravenna,2019,8,3,29.62,16.9,0
Ravenna,2019,8,4,29.34,16.76,0
Ravenna,2019,8,5,31.53,20.47,0
Ravenna,2019,8,6,33.04,20.76,0
Ravenna,2019,8,7,32.61,23.28,0
Ravenna,2019,8,8,30.24,21.91,0
Ravenna,2019,8,9,32.11,22.42,0
Ravenna,2019,8,10,34.4,22.01,0
Ravenna,2019,8,11,33.33,22.57,0
Ravenna,2019,8,12,33.74,24.03,0
Ravenna,2019,8,13,32.12,23.61,0
Ravenna,2019,8,14,26.55,20.89,1.5
Ravenna,2019,8,15,27.66,17.85,0
Ravenna,2019,8,16,27.9,20.03,0
Ravenna,2019,8,17,29.14,16.36,0
Ravenna,2019,8,18,31.11,17.94,0
Ravenna,2019,8,19,33.11,21.02,0
Ravenna,2019,8,20,33.27,21.49,0
Ravenna,2019,8,21,32.3,22.43,0
Ravenna,2019,8,22,29.45,20.82,3.4
Ravenna,2019,8,23,29.09,21.76,0
Ravenna,2019,8,24,32.13,21.79,0
Ravenna,2019,8,25,31.87,20.79,0
Ravenna,2019,8,26,32.66,21.08,0
Ravenna,2019,8,27,33.54,21.36,0
Ravenna,2019,8,28,32.81,21.92,0
Ravenna,2019,8,29,33.3,20.06,0
Ravenna,2019,8,30,33.37,21.28,0
Ravenna,2019,8,31,33.97,21.4,0
Ravenna,2019,9,1,33.3,20.99,0
Ravenna,2019,9,2,31.47,21.17,0
Ravenna,2019,9,3,27.27,20.12,3.4
Ravenna,2019,9,4,27.61,16.08,0
Ravenna,2019,9,5,29.75,14.47,0
Ravenna,2019,9,6,21.91,18.63,8.6
Ravenna,2019,9,7,25.37,16.48,0
Ravenna,2019,9,8,25.88,16.33,4
Ravenna,2019,9,9,25.46,13.31,3.8
Ravenna,2019,9,10,26.59,13.67,0
Ravenna,2019,9,11,27.48,15.68,0
Ravenna,2019,9,12,27.89,15.6,0
Ravenna,2019,9,13,28.72,15.18,0
Ravenna,2019,9,14,29.38,15.76,0
Ravenna,2019,9,15,29.6,16.78,0
Ravenna,2019,9,16,29.4,17.63,0
Ravenna,2019,9,17,30.18,18.22,0
Ravenna,2019,9,18,27.55,19.42,0
Ravenna,2019,9,19,22.39,17.6,7.8
Ravenna,2019,9,20,22.7,15.81,0
Ravenna,2019,9,21,23.95,10.7,0
Ravenna,2019,9,22,19.07,14.2,3.8
Ravenna,2019,9,23,17.04,15.05,6.8
Ravenna,2019,9,24,25.23,14.86,0
Ravenna,2019,9,25,23.69,16.12,2.5
Ravenna,2019,9,26,24.84,15.91,0
Ravenna,2019,9,27,26.29,16.13,0
Ravenna,2019,9,28,27.92,17.1,0
Ravenna,2019,9,29,27.49,15.82,0
Ravenna,2019,9,30,29.1,16.69,0
Ravenna,2019,10,1,27.52,15.96,0
Ravenna,2019,10,2,25.16,16.47,5.5
Ravenna,2019,10,3,18.87,13.44,23.4
Ravenna,2019,10,4,20.68,9.21,0
Ravenna,2019,10,5,22.78,12.91,0
Ravenna,2019,10,6,21.28,12.28,0
Ravenna,2019,10,7,22.25,15.76,3
Ravenna,2019,10,8,21.28,10.25,0
Ravenna,2019,10,9,22.94,10.44,0
Ravenna,2019,10,10,22.3,14.21,0
Ravenna,2019,10,11,22.92,13.56,0
Ravenna,2019,10,12,21.39,12.18,0
Ravenna,2019,10,13,22.02,13.35,0
Ravenna,2019,10,14,22.07,14.24,0
Ravenna,2019,10,15,25.79,16.06,2.5
Ravenna,2019,10,16,23.03,13.46,0
Ravenna,2019,10,17,23.33,11.26,0
Ravenna,2019,10,18,23.2,13.06,0
Ravenna,2019,10,19,25.01,14.7,0
Ravenna,2019,10,20,24.16,13.92,0
Ravenna,2019,10,21,25.58,16.67,0
Ravenna,2019,10,22,23.52,18.13,0
Ravenna,2019,10,23,23.79,13.67,0
Ravenna,2019,10,24,19.5,17.03,1.1
Ravenna,2019,10,25,21.7,15.93,0
Ravenna,2019,10,26,23.48,13.35,0
Ravenna,2019,10,27,23.24,11.68,0
Ravenna,2019,10,28,19.34,12.54,0
Ravenna,2019,10,29,19.23,13.78,1.2
Ravenna,2019,10,30,16.29,14.48,7.9
Ravenna,2019,10,31,13.04,11.38,4.9
Ravenna,2019,11,1,12.16,9.71,1
Ravenna,2019,11,2,12.84,10.69,1.3
Ravenna,2019,11,3,19.32,10.24,4.6
Ravenna,2019,11,4,20.7,10.6,0
Ravenna,2019,11,5,20.71,14.87,14.4
Ravenna,2019,11,6,16.74,9.62,2.7
Ravenna,2019,11,7,16.54,8.43,0
Ravenna,2019,11,8,16.05,10.15,12.1
Ravenna,2019,11,9,15.84,7.82,0
Ravenna,2019,11,10,14.71,6.38,0
Ravenna,2019,11,11,12.02,8.18,4.5
Ravenna,2019,11,12,10.62,8.95,28.2
Ravenna,2019,11,13,13.62,8.77,0
Ravenna,2019,11,14,13.16,5.94,0
Ravenna,2019,11,15,16.6,10.16,17.2
Ravenna,2019,11,16,12.37,7.45,24.3
Ravenna,2019,11,17,14.56,7.98,19.3
Ravenna,2019,11,18,15.56,4.8,3.1
Ravenna,2019,11,19,13.8,9.58,2.3
Ravenna,2019,11,20,13.66,9.98,0
Ravenna,2019,11,21,11.18,7.36,0
Ravenna,2019,11,22,11.85,7.27,0
Ravenna,2019,11,23,14.75,9.86,0
Ravenna,2019,11,24,16.85,13.34,8.3
Ravenna,2019,11,25,18.1,13.71,0
Ravenna,2019,11,26,15.05,7.97,0
Ravenna,2019,11,27,14.95,6.99,1
Ravenna,2019,11,28,13.35,9.16,0
Ravenna,2019,11,29,14.97,6.15,0
Ravenna,2019,11,30,8.58,6.44,0
Ravenna,2019,12,1,9.71,6.22,0
Ravenna,2019,12,2,8.33,7.35,35.5
Ravenna,2019,12,3,12.32,6.51,0
Ravenna,2019,12,4,10.28,1.67,0
Ravenna,2019,12,5,7.59,1.86,0
Ravenna,2019,12,6,8.46,1.78,0
Ravenna,2019,12,7,10.01,3.82,0
Ravenna,2019,12,8,10.85,3.61,0
Ravenna,2019,12,9,8.67,6.61,2
Ravenna,2019,12,10,10.77,4.15,0
Ravenna,2019,12,11,8.87,1.82,0
Ravenna,2019,12,12,2.44,-0.44,2.1
Ravenna,2019,12,13,8.04,-0.42,14.8
Ravenna,2019,12,14,12.23,0.79,0
Ravenna,2019,12,15,10.25,2.79,0
Ravenna,2019,12,16,9.23,6.18,0
Ravenna,2019,12,17,12.63,5.82,0
Ravenna,2019,12,18,9.54,7.2,0
Ravenna,2019,12,19,11.37,9.51,0
Ravenna,2019,12,20,14.28,7.88,0
Ravenna,2019,12,21,18.35,12.89,8.3
Ravenna,2019,12,22,12.32,7.73,24.2
Ravenna,2019,12,23,15.43,4.82,0
Ravenna,2019,12,24,15.49,7.27,0
Ravenna,2019,12,25,13.84,3.83,0
Ravenna,2019,12,26,11.23,2.04,0
Ravenna,2019,12,27,9.15,2.63,0
Ravenna,2019,12,28,11.04,3.87,0
Ravenna,2019,12,29,3.22,0.92,0
Ravenna,2019,12,30,3.95,-0.37,0
Ravenna,2019,12,31,7.77,-1.88,0
Ravenna,2020,1,1,8.23,-2.7,0
Ravenna,2020,1,2,8.29,-2.02,0
Ravenna,2020,1,3,10.8,-1.66,0
Ravenna,2020,1,4,10.99,0.99,0
Ravenna,2020,1,5,10.8,-1.49,0
Ravenna,2020,1,6,9.52,-1.75,0
Ravenna,2020,1,7,2.61,-2.33,0
Ravenna,2020,1,8,4.83,-1.03,0
Ravenna,2020,1,9,9.39,-2.12,0
Ravenna,2020,1,10,13.35,-3.03,0
Ravenna,2020,1,11,9.48,-0.21,0
Ravenna,2020,1,12,10.57,-1.88,0
Ravenna,2020,1,13,4.65,-4.42,0
Ravenna,2020,1,14,6.87,-3.67,0
Ravenna,2020,1,15,7.67,3.05,0
Ravenna,2020,1,16,8.68,0.68,0
Ravenna,2020,1,17,11.57,-1.04,0
Ravenna,2020,1,18,7.05,6.04,9.9
Ravenna,2020,1,19,10.28,3.14,0
Ravenna,2020,1,20,9.04,1.1,0
Ravenna,2020,1,21,7.96,0.02,0
Ravenna,2020,1,22,9.59,-1.55,0
Ravenna,2020,1,23,9.25,-1.94,0
Ravenna,2020,1,24,7.98,-2.62,0
Ravenna,2020,1,25,5.98,4.8,4.5
Ravenna,2020,1,26,8.76,0.49,0
Ravenna,2020,1,27,12.58,-0.1,0
Ravenna,2020,1,28,16.4,6.88,0
Ravenna,2020,1,29,14.76,2.5,0
Ravenna,2020,1,30,14.26,0.82,0
Ravenna,2020,1,31,10.97,4.62,0
Ravenna,2020,2,1,12.96,8.81,0
Ravenna,2020,2,2,10.76,7.61,0
Ravenna,2020,2,3,7.49,6.15,0
Ravenna,2020,2,4,17.75,5.51,0
Ravenna,2020,2,5,14.22,4.02,0
Ravenna,2020,2,6,12.21,6.2,0
Ravenna,2020,2,7,13.01,-0.36,0
Ravenna,2020,2,8,11.38,0.53,0
Ravenna,2020,2,9,11.61,1.01,0
Ravenna,2020,2,10,17.69,7.94,0
Ravenna,2020,2,11,20.35,9.4,0
Ravenna,2020,2,12,17.59,5.19,0
Ravenna,2020,2,13,14.65,3.76,0
Ravenna,2020,2,14,15.78,7.12,1.3
Ravenna,2020,2,15,14.3,3.68,0
Ravenna,2020,2,16,13.1,3.68,0
Ravenna,2020,2,17,16.19,4.63,0
Ravenna,2020,2,18,12.95,8.12,0
Ravenna,2020,2,19,14.07,8.62,0
Ravenna,2020,2,20,14.45,4.18,0
Ravenna,2020,2,21,14.68,2.33,0
Ravenna,2020,2,22,13.45,3.74,0
Ravenna,2020,2,23,13.99,4.52,0
Ravenna,2020,2,24,14.7,6.23,0
Ravenna,2020,2,25,18.04,6.63,0
Ravenna,2020,2,26,17.4,6.54,4.8
Ravenna,2020,2,27,15.12,3.28,0
Ravenna,2020,2,28,16.56,5.74,0
Ravenna,2020,2,29,14.73,1.92,0
Ravenna,2020,3,1,12.22,7.87,1.6
Ravenna,2020,3,2,16.09,3.35,2.7
Ravenna,2020,3,3,12.99,6.49,0
Ravenna,2020,3,4,11.12,6.9,6.2
Ravenna,2020,3,5,12.47,2.88,1.5
Ravenna,2020,3,6,11.98,6.07,1.7
Ravenna,2020,3,7,13.24,6.85,0
Ravenna,2020,3,8,14.5,6.93,0
Ravenna,2020,3,9,14.39,4.57,0
Ravenna,2020,3,10,15.5,5.04,0
Ravenna,2020,3,11,16.67,6.74,0
Ravenna,2020,3,12,15.86,5.44,0
Ravenna,2020,3,13,17.81,10.03,0
Ravenna,2020,3,14,13.59,11.02,0
Ravenna,2020,3,15,14.25,8.75,0
Ravenna,2020,3,16,15.69,2.27,0
Ravenna,2020,3,17,16.83,4.48,0
Ravenna,2020,3,18,19.16,6.04,0
Ravenna,2020,3,19,20.22,8.43,0
Ravenna,2020,3,20,17.15,7.52,0
Ravenna,2020,3,21,17.6,7.96,0
Ravenna,2020,3,22,13.96,10.63,0
Ravenna,2020,3,23,8.94,4.72,0
Ravenna,2020,3,24,9.58,2.05,0
Ravenna,2020,3,25,9.66,5.59,0
Ravenna,2020,3,26,7.93,4.27,4.9
Ravenna,2020,3,27,11.14,5.49,1.1
Ravenna,2020,3,28,17.06,6.9,0
Ravenna,2020,3,29,18.49,6.31,0
Ravenna,2020,3,30,14.93,7.78,2.2
Ravenna,2020,3,31,10.63,4.99,1.6
Ravenna,2020,4,1,11.01,4.9,0
Ravenna,2020,4,2,13.97,0.28,0
Ravenna,2020,4,3,14.38,1.53,0
Ravenna,2020,4,4,17.27,3.99,0
Ravenna,2020,4,5,17.67,7.73,0
Ravenna,2020,4,6,18.89,6.79,0
Ravenna,2020,4,7,19.63,7.15,0
Ravenna,2020,4,8,19.89,5.78,0
Ravenna,2020,4,9,21.96,5.75,0
Ravenna,2020,4,10,23.03,7.89,0
Ravenna,2020,4,11,23.12,9.63,0
Ravenna,2020,4,12,24.6,10.17,0
Ravenna,2020,4,13,22.24,10.15,0
Ravenna,2020,4,14,20.25,11.32,0
Ravenna,2020,4,15,15.73,7.53,0
Ravenna,2020,4,16,19.58,4.58,0
Ravenna,2020,4,17,20.36,6.93,0
Ravenna,2020,4,18,21.3,10.29,0
Ravenna,2020,4,19,21.73,12.15,0
Ravenna,2020,4,20,15.59,14.55,11.9
Ravenna,2020,4,21,15.66,12.24,1.6
Ravenna,2020,4,22,19.61,11.58,0
Ravenna,2020,4,23,20.56,9.05,0
Ravenna,2020,4,24,21.92,7.52,0
Ravenna,2020,4,25,24.99,11.24,0
Ravenna,2020,4,26,24.31,14.3,0
Ravenna,2020,4,27,23.25,11.26,0
Ravenna,2020,4,28,21.9,13.65,1.6
Ravenna,2020,4,29,24.44,13.79,0
Ravenna,2020,4,30,22.28,10.98,0
Ravenna,2020,5,1,22.68,10.83,0
Ravenna,2020,5,2,24.37,12.42,0
Ravenna,2020,5,3,20.36,6.45,0
Ravenna,2020,5,4,22.93,5.23,0
Ravenna,2020,5,5,24.25,7.63,0
Ravenna,2020,5,6,19.35,7.2,0
Ravenna,2020,5,7,22.52,4.42,0
Ravenna,2020,5,8,24.38,4.98,0
Ravenna,2020,5,9,27.68,9.73,0
Ravenna,2020,5,10,25.72,11.28,0
Ravenna,2020,5,11,24.84,14.12,1.2
Ravenna,2020,5,12,24.29,13.55,0
Ravenna,2020,5,13,24.4,10.4,0
Ravenna,2020,5,14,24.32,13.29,0
Ravenna,2020,5,15,25.65,12.45,0
Ravenna,2020,5,16,21.08,12.18,0
Ravenna,2020,5,17,26.91,14.21,0
Ravenna,2020,5,18,24.64,12.32,1.3
Ravenna,2020,5,19,24.56,15.63,0
Ravenna,2020,5,20,22.1,13.08,5.1
Ravenna,2020,5,21,26.65,10.19,0
Ravenna,2020,5,22,27.53,11.13,0
Ravenna,2020,5,23,30.28,14.01,0
Ravenna,2020,5,24,24.66,10.91,0
Ravenna,2020,5,25,27.03,8.34,0
Ravenna,2020,5,26,23.35,9.77,0
Ravenna,2020,5,27,24.02,7.29,0
Ravenna,2020,5,28,25.99,7.89,0
Ravenna,2020,5,29,19.38,10.46,13.5
Ravenna,2020,5,30,22.42,9.49,0
Ravenna,2020,5,31,22.98,12.55,0
Ravenna,2020,6,1,25.83,10.86,0
Ravenna,2020,6,2,29.16,11.87,0
Ravenna,2020,6,3,28.18,12.81,0
Ravenna,2020,6,4,22.43,15.44,7.9
Ravenna,2020,6,5,25.55,13.78,0
Ravenna,2020,6,6,27.56,11.41,0
Ravenna,2020,6,7,28.43,11.94,1.6
Ravenna,2020,6,8,24.58,13.57,6
Ravenna,2020,6,9,25.97,12.21,2.7
Ravenna,2020,6,10,24.76,12.02,10.4
Ravenna,2020,6,11,23.8,10.34,5
Ravenna,2020,6,12,27.41,10.27,0
Ravenna,2020,6,13,28.71,13.8,0
Ravenna,2020,6,14,26.98,12.76,0
Ravenna,2020,6,15,24.28,16.2,1.8
Ravenna,2020,6,16,27.54,16.65,0
Ravenna,2020,6,17,26.56,16.09,7.8
Ravenna,2020,6,18,28.37,14.27,0
Ravenna,2020,6,19,29.36,11.48,0
Ravenna,2020,6,20,28.86,13.26,0
Ravenna,2020,6,21,29.42,12.82,0
Ravenna,2020,6,22,32.46,15.72,0
Ravenna,2020,6,23,32.5,16.07,0
Ravenna,2020,6,24,29.39,16.1,0
Ravenna,2020,6,25,30.73,17.16,0
Ravenna,2020,6,26,31.63,15.78,0
Ravenna,2020,6,27,33.66,15.47,0
Ravenna,2020,6,28,33.78,16.39,0
Ravenna,2020,6,29,32.98,16.9,0
Ravenna,2020,6,30,33.65,17.21,0
Ravenna,2020,7,1,34.21,16.72,0
Ravenna,2020,7,2,31.79,20,0
Ravenna,2020,7,3,30.73,17.9,0
Ravenna,2020,7,4,30.54,16.86,0
Ravenna,2020,7,5,31.28,15.73,0
Ravenna,2020,7,6,33.55,16.23,0
Ravenna,2020,7,7,26.33,13.49,2.2
Ravenna,2020,7,8,28.47,10.78,0
Ravenna,2020,7,9,30.88,12.63,0
Ravenna,2020,7,10,32.34,15.12,0
Ravenna,2020,7,11,34.76,18.11,8.2
Ravenna,2020,7,12,27.59,14.81,0
Ravenna,2020,7,13,27.29,13.04,0
Ravenna,2020,7,14,27.03,12.46,0
Ravenna,2020,7,15,28.84,11.94,0
Ravenna,2020,7,16,30.36,14.12,0
Ravenna,2020,7,17,27.54,18.53,13.9
Ravenna,2020,7,18,26.6,17.34,1.3
Ravenna,2020,7,19,28.42,14.11,0
Ravenna,2020,7,20,31.76,15.54,0
Ravenna,2020,7,21,33.32,16.54,0
Ravenna,2020,7,22,32.73,18.99,0
Ravenna,2020,7,23,30.59,18.96,2.5
Ravenna,2020,7,24,26.81,17.27,19.4
Ravenna,2020,7,25,30.33,16.16,0
Ravenna,2020,7,26,31.89,15.92,0
Ravenna,2020,7,27,31.81,17.59,0
Ravenna,2020,7,28,33.06,18.13,0
Ravenna,2020,7,29,33.5,20.22,0
Ravenna,2020,7,30,35.43,21.2,0
Ravenna,2020,7,31,36.94,21.4,0
Ravenna,2020,8,1,36.54,20.25,0
Ravenna,2020,8,2,32.19,21.9,4.1
Ravenna,2020,8,3,27.13,18.88,9.7
Ravenna,2020,8,4,23.45,16.68,9.3
Ravenna,2020,8,5,24.97,16.91,5.8
Ravenna,2020,8,6,28.03,17.86,0
Ravenna,2020,8,7,31.05,17.47,0
Ravenna,2020,8,8,32.74,19.32,0
Ravenna,2020,8,9,33.66,18.7,0
Ravenna,2020,8,10,34.01,18.25,0
Ravenna,2020,8,11,34.53,18.87,0
Ravenna,2020,8,12,33.42,20.75,0
Ravenna,2020,8,13,34.89,20.28,0
Ravenna,2020,8,14,34.23,20.72,0
Ravenna,2020,8,15,32.02,20.37,0
Ravenna,2020,8,16,32.28,18.78,0
Ravenna,2020,8,17,33.44,18.6,0
Ravenna,2020,8,18,30.33,18.97,0
Ravenna,2020,8,19,30.41,18.64,0
Ravenna,2020,8,20,32.4,17.61,0
Ravenna,2020,8,21,33.46,18.01,0
Ravenna,2020,8,22,35.38,17.86,0
Ravenna,2020,8,23,31.9,20.39,0
Ravenna,2020,8,24,29.82,19.25,0
Ravenna,2020,8,25,29.99,18.46,0
Ravenna,2020,8,26,33.7,16.99,0
Ravenna,2020,8,27,31.89,18.39,0
Ravenna,2020,8,28,33.6,17.94,0
Ravenna,2020,8,29,34.13,20.27,0
Ravenna,2020,8,30,28.34,18.85,4.1
Ravenna,2020,8,31,22.39,15.68,5.5
Ravenna,2020,9,1,26.88,12.73,0
Ravenna,2020,9,2,27.06,11.76,3.1
Ravenna,2020,9,3,27,14.9,0
Ravenna,2020,9,4,29.3,12.66,0
Ravenna,2020,9,5,30.46,12.89,0
Ravenna,2020,9,6,30.35,14.4,0
Ravenna,2020,9,7,29.81,14.65,0
Ravenna,2020,9,8,28.31,14.95,0
Ravenna,2020,9,9,29.98,13.69,0
Ravenna,2020,9,10,30.33,15.1,0
Ravenna,2020,9,11,30.04,16.78,0
Ravenna,2020,9,12,30.29,16.43,0
Ravenna,2020,9,13,31,15.4,0
Ravenna,2020,9,14,29.89,16.31,0
Ravenna,2020,9,15,30.88,15.87,0
Ravenna,2020,9,16,30.62,15.69,0
Ravenna,2020,9,17,30.79,15.5,0
Ravenna,2020,9,18,28.22,16.17,0
Ravenna,2020,9,19,27.51,14.08,0
Ravenna,2020,9,20,27.45,12.91,0
Ravenna,2020,9,21,27.26,14.91,0
Ravenna,2020,9,22,26.81,15.72,18.3
Ravenna,2020,9,23,25.46,15.59,0
Ravenna,2020,9,24,26.7,14.55,10
Ravenna,2020,9,25,25.59,11.84,4.6
Ravenna,2020,9,26,20.88,9,3.8
Ravenna,2020,9,27,16.04,8.59,13.2
Ravenna,2020,9,28,21,9.12,0
Ravenna,2020,9,29,22.83,7.99,0
Ravenna,2020,9,30,23.51,10.58,0
Ravenna,2020,10,1,23.6,11.64,0
Ravenna,2020,10,2,21.03,13.75,0
Ravenna,2020,10,3,21.76,14.27,4.7
Ravenna,2020,10,4,21.92,13.75,5.3
Ravenna,2020,10,5,22.05,10.39,2.4
Ravenna,2020,10,6,22.1,7.81,0
Ravenna,2020,10,7,20.65,8.77,1
Ravenna,2020,10,8,22.42,6.45,0
Ravenna,2020,10,9,22.18,7.65,0
Ravenna,2020,10,10,22.18,9.5,0
Ravenna,2020,10,11,14.39,9.82,15.9
Ravenna,2020,10,12,14.76,7.12,4.3
Ravenna,2020,10,13,17.25,4.82,0
Ravenna,2020,10,14,17.28,5.06,7
Ravenna,2020,10,15,14.4,10.44,7.9
Ravenna,2020,10,16,15.05,6.71,0
Ravenna,2020,10,17,17.8,4.46,0
Ravenna,2020,10,18,18.22,5.12,0
Ravenna,2020,10,19,17.85,5.05,0
Ravenna,2020,10,20,18.87,4.6,0
Ravenna,2020,10,21,18.97,4.79,0
Ravenna,2020,10,22,20.18,5.44,0
Ravenna,2020,10,23,15.87,11.98,0
Ravenna,2020,10,24,14.51,12.67,2.1
Ravenna,2020,10,25,19.39,11.11,0
Ravenna,2020,10,26,21.17,11.38,5.8
Ravenna,2020,10,27,15.94,5.97,0
Ravenna,2020,10,28,16.97,4.97,0
Ravenna,2020,10,29,18.17,5.66,0
Ravenna,2020,10,30,18.19,6.53,0
Ravenna,2020,10,31,17.42,8.01,0
Ravenna,2020,11,1,16.14,9.1,0
Ravenna,2020,11,2,15.47,9.28,0
Ravenna,2020,11,3,15.05,13.6,0
Ravenna,2020,11,4,15.25,13.57,0
Ravenna,2020,11,5,16.39,11.14,0
Ravenna,2020,11,6,17.23,8.28,0
Ravenna,2020,11,7,18.17,7.7,0
Ravenna,2020,11,8,17.23,7.25,0
Ravenna,2020,11,9,18.63,7.62,0
Ravenna,2020,11,10,15.97,8.38,0
Ravenna,2020,11,11,13.26,7.97,0
Ravenna,2020,11,12,14.51,10.74,0
Ravenna,2020,11,13,14.38,11.64,0
Ravenna,2020,11,14,13.29,12.08,0
Ravenna,2020,11,15,14.54,11.18,0
Ravenna,2020,11,16,12.83,10.91,6.5
Ravenna,2020,11,17,16.02,7.37,0
Ravenna,2020,11,18,14.33,5.03,0
Ravenna,2020,11,19,12.32,3.62,0
Ravenna,2020,11,20,13.83,4.89,5.6
Ravenna,2020,11,21,10.95,2.1,0
Ravenna,2020,11,22,10.54,0.9,0
Ravenna,2020,11,23,10.37,0.52,0
Ravenna,2020,11,24,10.67,3.15,0
Ravenna,2020,11,25,11.67,1.43,0
Ravenna,2020,11,26,8.68,1.71,0
Ravenna,2020,11,27,7.63,3.8,0
Ravenna,2020,11,28,7.79,5.65,1.8
Ravenna,2020,11,29,8.66,4.29,0.9
Ravenna,2020,11,30,9.6,1.25,0
Ravenna,2020,12,1,7.44,0.64,12.9
Ravenna,2020,12,2,8.75,2.51,38.6
Ravenna,2020,12,3,7.38,2.03,1
Ravenna,2020,12,4,14.09,2.13,0
Ravenna,2020,12,5,14.84,8.46,9.8
Ravenna,2020,12,6,11.8,4.21,9.6
Ravenna,2020,12,7,12.63,3.89,0
Ravenna,2020,12,8,10.78,5.9,7.3
Ravenna,2020,12,9,8.53,6.05,8.2
Ravenna,2020,12,10,8.1,5.5,0
Ravenna,2020,12,11,9.22,4.83,0
Ravenna,2020,12,12,7.82,4.16,0
Ravenna,2020,12,13,9.5,2.69,0
Ravenna,2020,12,14,8.23,-0.23,0
Ravenna,2020,12,15,8.21,0.12,0
Ravenna,2020,12,16,9.77,2.89,0
Ravenna,2020,12,17,8.64,6.12,0
Ravenna,2020,12,18,9.7,7.34,0
Ravenna,2020,12,19,8.84,6.18,0
Ravenna,2020,12,20,8.99,7.2,0
Ravenna,2020,12,21,9.6,7.54,0
Ravenna,2020,12,22,12.38,5.89,0
Ravenna,2020,12,23,11.21,8.23,0
Ravenna,2020,12,24,16.09,7.38,0
Ravenna,2020,12,25,12.8,8.1,3.2
Ravenna,2020,12,26,11.23,6.15,9.9
Ravenna,2020,12,27,7.44,0.87,0
Ravenna,2020,12,28,12.46,1.43,2.4
Ravenna,2020,12,29,13.8,1.97,2.6
Ravenna,2020,12,30,6.18,3.81,1.8
Ravenna,2020,12,31,9.82,1.38,2.6
Ravenna,2021,1,1,7.82,3.05,0.9
Ravenna,2021,1,2,9.2,1.97,2
Ravenna,2021,1,3,11.91,2.07,0
Ravenna,2021,1,4,4.93,1.15,0
Ravenna,2021,1,5,6.67,1.35,4.4
Ravenna,2021,1,6,7.74,-0.28,0
Ravenna,2021,1,7,6.87,-0.32,0
Ravenna,2021,1,8,6.64,0.52,0
Ravenna,2021,1,9,3.61,0.77,0
Ravenna,2021,1,10,3.1,0.94,3.5
Ravenna,2021,1,11,3.29,0.44,0
Ravenna,2021,1,12,6.33,-2.87,0
Ravenna,2021,1,13,6.19,-4.11,0
Ravenna,2021,1,14,7.53,-2.91,0
Ravenna,2021,1,15,5.77,-0.86,0
Ravenna,2021,1,16,7.39,-2.67,0
Ravenna,2021,1,17,3.06,-1.76,0
Ravenna,2021,1,18,5.35,-3.54,0
Ravenna,2021,1,19,5.14,-5.19,0
Ravenna,2021,1,20,6.23,-3.77,0
Ravenna,2021,1,21,4.5,0.47,0
Ravenna,2021,1,22,13.74,1.85,2.2
Ravenna,2021,1,23,11.13,4.33,1.7
Ravenna,2021,1,24,6.56,0.74,12.3
Ravenna,2021,1,25,5.49,-0.51,1.6
Ravenna,2021,1,26,9.17,-3.36,0
Ravenna,2021,1,27,6.91,-3.44,0
Ravenna,2021,1,28,6.75,-3.28,0
Ravenna,2021,1,29,5.93,-0.54,0
Ravenna,2021,1,30,15.65,-1.69,1.4
Ravenna,2021,1,31,7.56,5.37,0.8
Ravenna,2021,2,1,8.06,3.33,0
Ravenna,2021,2,2,11.5,1.44,0
Ravenna,2021,2,3,9.16,3.52,0
Ravenna,2021,2,4,10.48,5.38,0
Ravenna,2021,2,5,10.17,5.81,0
Ravenna,2021,2,6,10.56,7.63,0
Ravenna,2021,2,7,12.39,7.92,1.4
Ravenna,2021,2,8,14.49,7.74,0
Ravenna,2021,2,9,11.91,6.72,3.7
Ravenna,2021,2,10,15.04,6.76,2.6
Ravenna,2021,2,11,12.32,4.19,0
Ravenna,2021,2,12,5.98,0.96,1.4
Ravenna,2021,2,13,1.64,-0.92,3.3
Ravenna,2021,2,14,5.87,-4.01,0
Ravenna,2021,2,15,8.05,-6.41,0
Ravenna,2021,2,16,10.88,-2.57,0
Ravenna,2021,2,17,10.27,-0.5,0
Ravenna,2021,2,18,12.83,4.22,0
Ravenna,2021,2,19,16.57,1.78,0
Ravenna,2021,2,20,15.4,1.19,0
Ravenna,2021,2,21,12.16,0.98,0
Ravenna,2021,2,22,12.87,2.58,0
Ravenna,2021,2,23,15.94,0.9,0
Ravenna,2021,2,24,19.98,1.94,0
Ravenna,2021,2,25,21.06,2.49,0
Ravenna,2021,2,26,21.39,2.14,0
Ravenna,2021,2,27,15.73,1.51,0
Ravenna,2021,2,28,13.89,0.56,0
Ravenna,2021,3,1,15.43,-2.06,0
Ravenna,2021,3,2,16.57,-1.71,0
Ravenna,2021,3,3,17.79,-1.43,0
Ravenna,2021,3,4,18,-1.05,0
Ravenna,2021,3,5,17.42,3.86,0
Ravenna,2021,3,6,10.58,-0.02,8.8
Ravenna,2021,3,7,11.77,-1.65,0
Ravenna,2021,3,8,12.58,-1.76,0
Ravenna,2021,3,9,11.74,1.26,0
Ravenna,2021,3,10,14.37,0.84,0
Ravenna,2021,3,11,16.15,-0.88,0
Ravenna,2021,3,12,18.9,5.71,0
Ravenna,2021,3,13,19.08,1.9,0
Ravenna,2021,3,14,14.91,2.34,1.3
Ravenna,2021,3,15,15.71,0.47,0
Ravenna,2021,3,16,16.18,0.36,0
Ravenna,2021,3,17,15.45,-2.03,0
Ravenna,2021,3,18,12.12,-1.64,1.3
Ravenna,2021,3,19,10.99,-2.04,0
Ravenna,2021,3,20,11.08,-1.61,0
Ravenna,2021,3,21,10.04,-1.19,0
Ravenna,2021,3,22,14.05,-0.03,0
Ravenna,2021,3,23,13.51,1.01,0
Ravenna,2021,3,24,17.33,-2.26,0
Ravenna,2021,3,25,17.68,-0.48,0
Ravenna,2021,3,26,19.31,1.42,0
Ravenna,2021,3,27,19.27,5.99,0
Ravenna,2021,3,28,20.7,4.28,0
Ravenna,2021,3,29,21.95,4.06,0
Ravenna,2021,3,30,22.89,3.67,0
Ravenna,2021,3,31,25.09,4.9,0
Ravenna,2021,4,1,26.83,4.74,0
Ravenna,2021,4,2,26.97,9.39,0
Ravenna,2021,4,3,17.48,7.51,0
Ravenna,2021,4,4,14.37,0.68,0
Ravenna,2021,4,5,16.62,-1.77,0
Ravenna,2021,4,6,12.53,0.19,7.1
Ravenna,2021,4,7,11.48,-1.15,0
Ravenna,2021,4,8,17.3,-1.2,0
Ravenna,2021,4,9,18.3,0.48,0
Ravenna,2021,4,10,17.54,6.14,3.5
Ravenna,2021,4,11,18.34,9.68,0
Ravenna,2021,4,12,18.14,10.67,18.9
Ravenna,2021,4,13,10.82,6.04,8.4
Ravenna,2021,4,14,13.33,1.29,0
Ravenna,2021,4,15,12.67,0.01,0
Ravenna,2021,4,16,14.79,-0.28,0
Ravenna,2021,4,17,14.68,0.42,0
Ravenna,2021,4,18,14.09,3.07,0
Ravenna,2021,4,19,16.68,3.63,0
Ravenna,2021,4,20,20.24,2.83,0
Ravenna,2021,4,21,19.56,3.36,0
Ravenna,2021,4,22,18.89,6.01,0
Ravenna,2021,4,23,19.53,3.45,0
Ravenna,2021,4,24,21.5,3.59,0
Ravenna,2021,4,25,22.71,3.42,0
Ravenna,2021,4,26,17.33,8.97,2.2
Ravenna,2021,4,27,13.93,11.22,2.1
Ravenna,2021,4,28,17.19,11.26,0
Ravenna,2021,4,29,21.1,10,1.8
Ravenna,2021,4,30,24.17,12.23,1.9
Ravenna,2021,5,1,20.61,12.35,8.4
Ravenna,2021,5,2,20.47,8.94,0
Ravenna,2021,5,3,20.68,8.3,0
Ravenna,2021,5,4,22.57,5.01,0
Ravenna,2021,5,5,22.25,11.64,0
Ravenna,2021,5,6,23.77,13.48,0
Ravenna,2021,5,7,24.93,13.03,0
Ravenna,2021,5,8,20.52,9.18,0
Ravenna,2021,5,9,22.56,7.23,0
Ravenna,2021,5,10,25.68,8.8,0
Ravenna,2021,5,11,21.18,13,1.1
Ravenna,2021,5,12,21.2,10.36,4.9
Ravenna,2021,5,13,21.42,10.27,0
Ravenna,2021,5,14,22.56,7.96,1.8
Ravenna,2021,5,15,22.31,10.33,0
Ravenna,2021,5,16,21.48,14.29,0
Ravenna,2021,5,17,21.74,11.13,5.6
Ravenna,2021,5,18,24.53,7.89,0
Ravenna,2021,5,19,21.24,9.46,5.2
Ravenna,2021,5,20,23.88,7.11,0
Ravenna,2021,5,21,24.48,7.96,0
Ravenna,2021,5,22,22.39,14.21,0
Ravenna,2021,5,23,26.97,13.95,0
Ravenna,2021,5,24,19.72,14.07,12.6
Ravenna,2021,5,25,23.66,9.6,0
Ravenna,2021,5,26,23.26,7.59,0
Ravenna,2021,5,27,26.48,9.28,0
Ravenna,2021,5,28,23.51,10.46,0
Ravenna,2021,5,29,25.21,11.01,0
Ravenna,2021,5,30,23.09,10.88,0
Ravenna,2021,5,31,22.81,8.6,0
Ravenna,2021,6,1,24.81,7.31,0
Ravenna,2021,6,2,26.48,9.83,0
Ravenna,2021,6,3,29.05,11.61,0
Ravenna,2021,6,4,30.56,12.32,0
Ravenna,2021,6,5,29.21,14.84,0
Ravenna,2021,6,6,27.29,17.05,7.3
Ravenna,2021,6,7,26.28,16.91,0
Ravenna,2021,6,8,26.48,14.62,0
Ravenna,2021,6,9,29.18,14.16,0
Ravenna,2021,6,10,29.34,13.56,0
Ravenna,2021,6,11,28.31,13.79,0
Ravenna,2021,6,12,31.63,13.31,0
Ravenna,2021,6,13,32.77,15.82,0
Ravenna,2021,6,14,27.61,15.83,0
Ravenna,2021,6,15,28.14,13.19,0
Ravenna,2021,6,16,29.52,13.4,0
Ravenna,2021,6,17,32.07,16.38,0
Ravenna,2021,6,18,33.44,17.15,0
Ravenna,2021,6,19,33.55,17.48,0
Ravenna,2021,6,20,34.11,18.14,0
Ravenna,2021,6,21,33.67,18.63,0
Ravenna,2021,6,22,34.16,19.53,0
Ravenna,2021,6,23,34.28,17.1,0
Ravenna,2021,6,24,34.32,17.62,0
Ravenna,2021,6,25,31.85,13.32,0
Ravenna,2021,6,26,32.56,13.44,0
Ravenna,2021,6,27,32.8,14.08,0
Ravenna,2021,6,28,32.34,16.19,0
Ravenna,2021,6,29,34.38,18.07,0
Ravenna,2021,6,30,30.85,20.27,0
Ravenna,2021,7,1,31.8,18.13,0
Ravenna,2021,7,2,30.77,16.33,0
Ravenna,2021,7,3,31.71,16.86,0
Ravenna,2021,7,4,30.02,18.24,0
Ravenna,2021,7,5,31,17.14,0
Ravenna,2021,7,6,31.85,15.38,0
Ravenna,2021,7,7,36.31,17.79,0
Ravenna,2021,7,8,36.15,17.75,0
Ravenna,2021,7,9,32.87,14.71,0
Ravenna,2021,7,10,32.33,13.87,0
Ravenna,2021,7,11,33.68,17.14,0
Ravenna,2021,7,12,34,16.22,0
Ravenna,2021,7,13,30.79,19.05,12.3
Ravenna,2021,7,14,28.18,15.68,0
Ravenna,2021,7,15,28.4,13.2,0
Ravenna,2021,7,16,23.98,17.5,9.8
Ravenna,2021,7,17,27.75,18.42,0.9
Ravenna,2021,7,18,31.67,18.06,0
Ravenna,2021,7,19,31.78,18.27,0
Ravenna,2021,7,20,32.25,17.22,0
Ravenna,2021,7,21,31.59,18.09,0
Ravenna,2021,7,22,31.4,18.62,0
Ravenna,2021,7,23,31.96,17.96,0
Ravenna,2021,7,24,35.04,19.16,0
Ravenna,2021,7,25,32.99,20.66,0
Ravenna,2021,7,26,32.95,19.57,0
Ravenna,2021,7,27,32.84,19.99,0.8
Ravenna,2021,7,28,33.88,18.89,0
Ravenna,2021,7,29,33.88,18.4,0
Ravenna,2021,7,30,35.37,16.82,0
Ravenna,2021,7,31,36.92,20.46,0
Ravenna,2021,8,1,33.18,19.57,1.9
Ravenna,2021,8,2,31.75,15.61,0
Ravenna,2021,8,3,31.93,14.05,0
Ravenna,2021,8,4,31.65,18.38,1.2
Ravenna,2021,8,5,31.63,20.81,0
Ravenna,2021,8,6,32.27,18.07,0
Ravenna,2021,8,7,34.35,16.25,0
Ravenna,2021,8,8,34.93,20.48,0
Ravenna,2021,8,9,34.11,16.44,0
Ravenna,2021,8,10,32.74,17.61,0
Ravenna,2021,8,11,35.33,17.67,0
Ravenna,2021,8,12,35.08,16.43,0
Ravenna,2021,8,13,35.06,18.84,0
Ravenna,2021,8,14,36.46,18.09,0
Ravenna,2021,8,15,37.13,18.71,0
Ravenna,2021,8,16,37.63,21.74,0
Ravenna,2021,8,17,30.9,17.89,0
Ravenna,2021,8,18,29.42,15.13,0
Ravenna,2021,8,19,30.22,13.1,0
Ravenna,2021,8,20,30.89,14.85,0
Ravenna,2021,8,21,33.38,14.5,0
Ravenna,2021,8,22,34.69,16.02,0
Ravenna,2021,8,23,27.31,19.71,6.3
Ravenna,2021,8,24,28.26,16.62,0
Ravenna,2021,8,25,27.39,14.37,0
Ravenna,2021,8,26,30.08,11.6,0
Ravenna,2021,8,27,22.22,14.95,2.6
Ravenna,2021,8,28,24.76,13.03,2
Ravenna,2021,8,29,25.89,11.89,0
Ravenna,2021,8,30,28.65,8.88,0
Ravenna,2021,8,31,27.76,13.13,2.2
Ravenna,2021,9,1,28.25,13.23,0
Ravenna,2021,9,2,27.73,11.77,0
Ravenna,2021,9,3,28.23,10.95,0
Ravenna,2021,9,4,27.4,11.2,0
Ravenna,2021,9,5,28.57,11.88,0
Ravenna,2021,9,6,28.43,11.99,0
Ravenna,2021,9,7,28.32,11.36,0
Ravenna,2021,9,8,28.76,12.1,0
Ravenna,2021,9,9,29.42,10.9,0
Ravenna,2021,9,10,28.56,10.93,0
Ravenna,2021,9,11,28.91,12.86,0
Ravenna,2021,9,12,30.5,11.13,0
Ravenna,2021,9,13,32.21,12.08,0
Ravenna,2021,9,14,32.03,13.09,0
Ravenna,2021,9,15,31.48,15.16,0
Ravenna,2021,9,16,24.45,19.62,6.9
Ravenna,2021,9,17,26.34,17.36,0
Ravenna,2021,9,18,28.02,15.87,2.1
Ravenna,2021,9,19,25.89,13.76,2
Ravenna,2021,9,20,25.66,12.73,3.4
Ravenna,2021,9,21,22.78,11.43,9
Ravenna,2021,9,22,23.52,9.04,0
Ravenna,2021,9,23,24.26,9.94,0
Ravenna,2021,9,24,26.21,8.44,0
Ravenna,2021,9,25,27.19,12.08,0
Ravenna,2021,9,26,27.8,14.64,42.2
Ravenna,2021,9,27,21.86,15.23,0
Ravenna,2021,9,28,26.44,14.24,0
Ravenna,2021,9,29,27.48,13.88,0
Ravenna,2021,9,30,23.55,13.22,12.3
Ravenna,2021,10,1,23.74,11.85,0
Ravenna,2021,10,2,22.92,10.19,0
Ravenna,2021,10,3,27.07,11.91,0
Ravenna,2021,10,4,25.73,13.58,2.4
Ravenna,2021,10,5,23.57,16.6,0
Ravenna,2021,10,6,24.07,14.02,6.1
Ravenna,2021,10,7,16.55,12.57,18.1
Ravenna,2021,10,8,17.28,12.22,0
Ravenna,2021,10,9,18,8.95,0
Ravenna,2021,10,10,15.53,7.1,0
Ravenna,2021,10,11,17.88,7.28,0
Ravenna,2021,10,12,18.93,6.27,0
Ravenna,2021,10,13,19.07,4.3,0
Ravenna,2021,10,14,17.01,2.84,0
Ravenna,2021,10,15,17.68,2.69,0
Ravenna,2021,10,16,19.43,3.47,0
Ravenna,2021,10,17,20.1,3.75,0
Ravenna,2021,10,18,20.87,3.08,0
Ravenna,2021,10,19,20.79,3.02,0
Ravenna,2021,10,20,22.23,4.89,0
Ravenna,2021,10,21,22.72,12.5,0
Ravenna,2021,10,22,18.85,10.62,0
Ravenna,2021,10,23,18.81,9.44,0
Ravenna,2021,10,24,17.71,7.05,0
Ravenna,2021,10,25,16.97,4.96,0
Ravenna,2021,10,26,14.37,10.61,0
Ravenna,2021,10,27,18.44,6.05,0
Ravenna,2021,10,28,18.15,3.57,0
Ravenna,2021,10,29,17.09,1.47,0
Ravenna,2021,10,30,16.75,6.52,0
Ravenna,2021,10,31,15.68,7.91,0
Ravenna,2021,11,1,15.89,11.27,9
Ravenna,2021,11,2,19.75,7.5,0
Ravenna,2021,11,3,17.57,9.02,0
Ravenna,2021,11,4,19.4,7.46,0
Ravenna,2021,11,5,13.99,4.47,0
Ravenna,2021,11,6,14.87,8.93,0.9
Ravenna,2021,11,7,13.42,7.98,2.1
Ravenna,2021,11,8,11.51,9.14,2
Ravenna,2021,11,9,11.78,9.2,0
Ravenna,2021,11,10,13.52,9.89,0
Ravenna,2021,11,11,16.28,5.84,0
Ravenna,2021,11,12,16.64,4.61,0
Ravenna,2021,11,13,11.67,3.71,0
Ravenna,2021,11,14,15.21,10.31,2.4
Ravenna,2021,11,15,15.52,11.15,11.3
Ravenna,2021,11,16,11.29,9.2,9.2
Ravenna,2021,11,17,12.38,9.41,2.5
Ravenna,2021,11,18,13.92,8.49,0
Ravenna,2021,11,19,13.21,7.58,0
Ravenna,2021,11,20,9.82,7.3,0
Ravenna,2021,11,21,9.37,6.36,0
Ravenna,2021,11,22,10.77,8.12,2
Ravenna,2021,11,23,13.6,4.42,0
Ravenna,2021,11,24,11.1,2.29,0
Ravenna,2021,11,25,8.46,5.19,8
Ravenna,2021,11,26,13.22,3.76,1.9
Ravenna,2021,11,27,15.48,7.11,0
Ravenna,2021,11,28,13.44,0.25,0
Ravenna,2021,11,29,6.84,-0.45,1.8
Ravenna,2021,11,30,13.16,-2.36,0
Ravenna,2021,12,1,13.61,-0.61,0
Ravenna,2021,12,2,7.3,3.78,0
Ravenna,2021,12,3,9.95,1.23,12.7
Ravenna,2021,12,4,8.62,-0.71,0
Ravenna,2021,12,5,8.41,0.12,1.2
Ravenna,2021,12,6,8.7,-0.62,1.1
Ravenna,2021,12,7,7.07,-2.65,0
Ravenna,2021,12,8,10.06,-3.09,0
Ravenna,2021,12,9,5.44,1.97,10.6
Ravenna,2021,12,10,7.21,0.4,2.4
Ravenna,2021,12,11,8.59,0.23,3.8
Ravenna,2021,12,12,10.07,-1.89,0
Ravenna,2021,12,13,9.91,-0.56,0
Ravenna,2021,12,14,9.06,-2.22,0
Ravenna,2021,12,15,9.92,-1.81,0
Ravenna,2021,12,16,10.26,0.23,0
Ravenna,2021,12,17,10.71,-1.04,0
Ravenna,2021,12,18,1.47,-2.92,0
Ravenna,2021,12,19,8,-2.95,0
Ravenna,2021,12,20,7.53,-1.77,0
Ravenna,2021,12,21,6.49,1.86,0
Ravenna,2021,12,22,7.13,3.53,0
Ravenna,2021,12,23,6.08,1.99,0
Ravenna,2021,12,24,6.81,3.34,0
Ravenna,2021,12,25,5.3,3.66,0
Ravenna,2021,12,26,6.46,4.63,7.8
Ravenna,2021,12,27,9.23,5.45,5.5
Ravenna,2021,12,28,9.45,6.54,1.7
Ravenna,2021,12,29,7.94,4.56,0
Ravenna,2021,12,30,6.02,3.19,0
Ravenna,2021,12,31,5.38,1.56,0
