site,year,month,day,tmax,tmin,prec
Ronco all'Adige,2007,1,1,6.02,3.42,0
Ronco all'Adige,2007,1,2,8.25,2.67,2.1
Ronco all'Adige,2007,1,3,10.76,0.62,0
Ronco all'Adige,2007,1,4,7.14,1.36,0
Ronco all'Adige,2007,1,5,9.61,0.3,0
Ronco all'Adige,2007,1,6,10.29,1.23,0
Ronco all'Adige,2007,1,7,8.53,4.37,0
Ronco all'Adige,2007,1,8,8.62,5.04,0.8
Ronco all'Adige,2007,1,9,9.71,4.2,0
Ronco all'Adige,2007,1,10,8.52,4.47,0
Ronco all'Adige,2007,1,11,9.37,5.87,0
Ronco all'Adige,2007,1,12,9.48,4.38,0
Ronco all'Adige,2007,1,13,7.82,4.72,0
Ronco all'Adige,2007,1,14,7.4,3.57,0
Ronco all'Adige,2007,1,15,8.62,2.69,0
Ronco all'Adige,2007,1,16,5.05,2.1,0
Ronco all'Adige,2007,1,17,7.76,4,0
Ronco all'Adige,2007,1,18,7.08,3.64,0
Ronco all'Adige,2007,1,19,13.64,2.96,0
Ronco all'Adige,2007,1,20,9.51,2.24,0
Ronco all'Adige,2007,1,21,8.93,5.38,0
Ronco all'Adige,2007,1,22,9.6,7.88,0
Ronco all'Adige,2007,1,23,13.44,7.42,18.2
Ronco all'Adige,2007,1,24,8.26,2.94,0
Ronco all'Adige,2007,1,25,3.84,0.74,2.5
Ronco all'Adige,2007,1,26,4.2,-0.57,0
Ronco all'Adige,2007,1,27,6.76,-1.59,0
Ronco all'Adige,2007,1,28,8.79,-2.23,0
Ronco all'Adige,2007,1,29,11.95,0.3,0
Ronco all'Adige,2007,1,30,9.75,-0.14,0
Ronco all'Adige,2007,1,31,5.25,-2.15,0
Ronco all'Adige,2007,2,1,6.58,0.52,0
Ronco all'Adige,2007,2,2,10.03,1.02,0
Ronco all'Adige,2007,2,3,6.42,1.47,0
Ronco all'Adige,2007,2,4,8.56,-1.18,0
Ronco all'Adige,2007,2,5,6.5,-1.9,0
Ronco all'Adige,2007,2,6,5.89,-0.8,5
Ronco all'Adige,2007,2,7,7.95,3.95,3.8
Ronco all'Adige,2007,2,8,7.63,5.52,4.1
Ronco all'Adige,2007,2,9,11.42,5.44,0
Ronco all'Adige,2007,2,10,11.94,5.94,0
Ronco all'Adige,2007,2,11,12.83,2.62,0
Ronco all'Adige,2007,2,12,9.95,2.57,12.9
Ronco all'Adige,2007,2,13,16.86,4.33,4.7
Ronco all'Adige,2007,2,14,10.42,2.89,0
Ronco all'Adige,2007,2,15,13.36,5.46,0
Ronco all'Adige,2007,2,16,13.23,0.96,0
Ronco all'Adige,2007,2,17,12.4,0.18,0
Ronco all'Adige,2007,2,18,11.53,1.96,0
Ronco all'Adige,2007,2,19,12.22,-0.63,0
Ronco all'Adige,2007,2,20,14.04,0.11,0
Ronco all'Adige,2007,2,21,14.86,6.66,0
Ronco all'Adige,2007,2,22,14.62,7,0
Ronco all'Adige,2007,2,23,14.49,4.41,0
Ronco all'Adige,2007,2,24,14.61,7.76,3.3
Ronco all'Adige,2007,2,25,11,6.56,3.3
Ronco all'Adige,2007,2,26,14.93,5.6,0
Ronco all'Adige,2007,2,27,16.95,2.59,0
Ronco all'Adige,2007,2,28,13.43,2.88,0
Ronco all'Adige,2007,3,1,15.59,3.94,0
Ronco all'Adige,2007,3,2,18.79,6.51,0
Ronco all'Adige,2007,3,3,18.22,6.98,0
Ronco all'Adige,2007,3,4,19,5.14,0
Ronco all'Adige,2007,3,5,18.98,5.52,0
Ronco all'Adige,2007,3,6,15.86,8.92,0
Ronco all'Adige,2007,3,7,13.82,9.7,4.5
Ronco all'Adige,2007,3,8,16.03,9.01,4.2
Ronco all'Adige,2007,3,9,17.62,8.27,0
Ronco all'Adige,2007,3,10,16.36,6.91,0
Ronco all'Adige,2007,3,11,16.2,4.69,0
Ronco all'Adige,2007,3,12,17.75,3.63,0
Ronco all'Adige,2007,3,13,20.73,4.78,0
Ronco all'Adige,2007,3,14,21.47,6.59,0
Ronco all'Adige,2007,3,15,20.33,6.24,0
Ronco all'Adige,2007,3,16,20.62,6.58,0
Ronco all'Adige,2007,3,17,20.47,7.1,0
Ronco all'Adige,2007,3,18,18.86,8.09,0
Ronco all'Adige,2007,3,19,15.99,4.01,2.1
Ronco all'Adige,2007,3,20,8.15,1.64,9.7
Ronco all'Adige,2007,3,21,13.03,1.88,0
Ronco all'Adige,2007,3,22,12.84,1.83,0
Ronco all'Adige,2007,3,23,11.86,3.27,0
Ronco all'Adige,2007,3,24,11.98,1.6,4.3
Ronco all'Adige,2007,3,25,9.95,5.82,23.8
Ronco all'Adige,2007,3,26,14.58,6.83,6.4
Ronco all'Adige,2007,3,27,13,7.07,0
Ronco all'Adige,2007,3,28,13.91,5.34,0
Ronco all'Adige,2007,3,29,14.96,4.66,0
Ronco all'Adige,2007,3,30,8.85,6.71,14.7
Ronco all'Adige,2007,3,31,13.61,6.68,0
Ronco all'Adige,2007,4,1,14.47,8.35,0
Ronco all'Adige,2007,4,2,19.85,7.82,0
Ronco all'Adige,2007,4,3,20.23,6.7,0
Ronco all'Adige,2007,4,4,18.05,9.44,0
Ronco all'Adige,2007,4,5,18.38,7.49,0
Ronco all'Adige,2007,4,6,21.28,5.99,0
Ronco all'Adige,2007,4,7,22.74,7.51,0
Ronco all'Adige,2007,4,8,21.05,10.13,0
Ronco all'Adige,2007,4,9,22.32,8.4,0
Ronco all'Adige,2007,4,10,23.15,8.38,0
Ronco all'Adige,2007,4,11,24.85,8.59,0
Ronco all'Adige,2007,4,12,24.29,10.35,0
Ronco all'Adige,2007,4,13,24.3,11.34,0
Ronco all'Adige,2007,4,14,25.22,10.38,0
Ronco all'Adige,2007,4,15,26.25,10.97,0
Ronco all'Adige,2007,4,16,25.2,11.82,0
Ronco all'Adige,2007,4,17,23.74,11.86,0
Ronco all'Adige,2007,4,18,26.53,10.59,0
Ronco all'Adige,2007,4,19,20.96,11.47,0
Ronco all'Adige,2007,4,20,23.91,9.4,0
Ronco all'Adige,2007,4,21,24.11,11.73,0
Ronco all'Adige,2007,4,22,26.57,12.09,0
Ronco all'Adige,2007,4,23,28.12,12.14,0
Ronco all'Adige,2007,4,24,28.69,14.49,0
Ronco all'Adige,2007,4,25,25.09,16.44,0
Ronco all'Adige,2007,4,26,23.76,14.03,0
Ronco all'Adige,2007,4,27,25.63,11.26,0
Ronco all'Adige,2007,4,28,26.82,11.17,0
Ronco all'Adige,2007,4,29,27.51,9.34,0
Ronco all'Adige,2007,4,30,24.13,13.53,0
Ronco all'Adige,2007,5,1,23.54,13.92,0
Ronco all'Adige,2007,5,2,17.72,11.36,10.4
Ronco all'Adige,2007,5,3,19.84,11.35,2.8
Ronco all'Adige,2007,5,4,16.3,11.32,14.4
Ronco all'Adige,2007,5,5,20.57,11.34,6.8
Ronco all'Adige,2007,5,6,24.7,10.67,0
Ronco all'Adige,2007,5,7,26.76,12.3,0
Ronco all'Adige,2007,5,8,29.06,13.64,0
Ronco all'Adige,2007,5,9,29.65,15.75,0
Ronco all'Adige,2007,5,10,29.62,15.27,0
Ronco all'Adige,2007,5,11,27.38,15.66,0
Ronco all'Adige,2007,5,12,28.5,15.86,0
Ronco all'Adige,2007,5,13,29.22,16.77,0
Ronco all'Adige,2007,5,14,29.3,16,0
Ronco all'Adige,2007,5,15,22.62,14.04,0
Ronco all'Adige,2007,5,16,24.31,11.32,0
Ronco all'Adige,2007,5,17,25.28,12.93,0
Ronco all'Adige,2007,5,18,25.06,12.97,0
Ronco all'Adige,2007,5,19,25.46,11.68,0
Ronco all'Adige,2007,5,20,28.54,13.93,0
Ronco all'Adige,2007,5,21,31.52,15.76,0
Ronco all'Adige,2007,5,22,33.74,17.67,0
Ronco all'Adige,2007,5,23,32.48,19.91,0
Ronco all'Adige,2007,5,24,33.48,18.74,0
Ronco all'Adige,2007,5,25,32.52,18.76,0
Ronco all'Adige,2007,5,26,30.9,18.13,0
Ronco all'Adige,2007,5,27,26.19,15.01,3.3
Ronco all'Adige,2007,5,28,22.98,11.89,15
Ronco all'Adige,2007,5,29,20.25,11.35,0
Ronco all'Adige,2007,5,30,23.64,11.95,0
Ronco all'Adige,2007,5,31,24.41,11.95,3.9
Ronco all'Adige,2007,6,1,20.58,13.93,13.2
Ronco all'Adige,2007,6,2,21.49,13.82,10.9
Ronco all'Adige,2007,6,3,27.03,14.47,0
Ronco all'Adige,2007,6,4,28.47,16.03,0
Ronco all'Adige,2007,6,5,26.89,17.6,0
Ronco all'Adige,2007,6,6,22.31,17.9,4.2
Ronco all'Adige,2007,6,7,22.99,17.29,14.2
Ronco all'Adige,2007,6,8,26.97,17.14,2
Ronco all'Adige,2007,6,9,30.15,17.31,0
Ronco all'Adige,2007,6,10,31.37,19.08,0
Ronco all'Adige,2007,6,11,28.18,17.91,9
Ronco all'Adige,2007,6,12,26.02,17.34,6.2
Ronco all'Adige,2007,6,13,29.55,18.07,14
Ronco all'Adige,2007,6,14,29.89,18.11,0
Ronco all'Adige,2007,6,15,29.27,18.6,0
Ronco all'Adige,2007,6,16,28.36,16.94,4.7
Ronco all'Adige,2007,6,17,29.6,16.64,0
Ronco all'Adige,2007,6,18,29.34,18.64,0
Ronco all'Adige,2007,6,19,32.26,19.41,0
Ronco all'Adige,2007,6,20,32.88,21.81,0
Ronco all'Adige,2007,6,21,33.19,21.12,0
Ronco all'Adige,2007,6,22,30.79,19.32,0
Ronco all'Adige,2007,6,23,31.73,18.54,0
Ronco all'Adige,2007,6,24,31.76,17.94,0
Ronco all'Adige,2007,6,25,32.98,19.38,0
Ronco all'Adige,2007,6,26,29.41,18.33,0
Ronco all'Adige,2007,6,27,26.95,15.02,4.3
Ronco all'Adige,2007,6,28,27.73,14.31,0
Ronco all'Adige,2007,6,29,29.75,18.02,0
Ronco all'Adige,2007,6,30,29.52,18.36,0
Ronco all'Adige,2007,7,1,30.64,18.81,0
Ronco all'Adige,2007,7,2,29.64,18.62,0
Ronco all'Adige,2007,7,3,28.73,16.91,0
Ronco all'Adige,2007,7,4,29.36,14.15,4.3
Ronco all'Adige,2007,7,5,28.15,12.49,0
Ronco all'Adige,2007,7,6,30.2,14.57,0
Ronco all'Adige,2007,7,7,32.22,17.8,0
Ronco all'Adige,2007,7,8,32.69,18.18,0
Ronco all'Adige,2007,7,9,31.07,18.76,0
Ronco all'Adige,2007,7,10,27.33,15.37,4.5
Ronco all'Adige,2007,7,11,26.36,12.92,0
Ronco all'Adige,2007,7,12,28.51,14.72,0
Ronco all'Adige,2007,7,13,31.33,16.64,0
Ronco all'Adige,2007,7,14,33.58,17.46,0
Ronco all'Adige,2007,7,15,35.23,18.98,0
Ronco all'Adige,2007,7,16,36.1,20.26,0
Ronco all'Adige,2007,7,17,36.43,20.69,0
Ronco all'Adige,2007,7,18,36.7,21.67,0
Ronco all'Adige,2007,7,19,37.53,21.45,0
Ronco all'Adige,2007,7,20,36.99,21.67,0
Ronco all'Adige,2007,7,21,36.15,21.25,0
Ronco all'Adige,2007,7,22,33.62,20.67,0
Ronco all'Adige,2007,7,23,34.16,19.18,0
Ronco all'Adige,2007,7,24,31.76,20.46,0
Ronco all'Adige,2007,7,25,31.52,17.53,0
Ronco all'Adige,2007,7,26,32.68,18.88,0
Ronco all'Adige,2007,7,27,34.57,19.42,0
Ronco all'Adige,2007,7,28,35.41,21.93,0
Ronco all'Adige,2007,7,29,32.75,22.61,0
Ronco all'Adige,2007,7,30,33.52,17.53,0
Ronco all'Adige,2007,7,31,27.2,16.89,0
Ronco all'Adige,2007,8,1,28.8,17.01,0
Ronco all'Adige,2007,8,2,30.49,16.5,0
Ronco all'Adige,2007,8,3,27.49,18.45,4
Ronco all'Adige,2007,8,4,30.91,17.22,0
Ronco all'Adige,2007,8,5,30.05,18.4,0
Ronco all'Adige,2007,8,6,31.74,19.14,0
Ronco all'Adige,2007,8,7,32.81,20.37,0
Ronco all'Adige,2007,8,8,29.2,18.55,11.9
Ronco all'Adige,2007,8,9,25.08,15.85,0
Ronco all'Adige,2007,8,10,28.33,14.41,3.6
Ronco all'Adige,2007,8,11,30.29,18.14,0
Ronco all'Adige,2007,8,12,31.43,18.48,0
Ronco all'Adige,2007,8,13,31.39,19.85,0
Ronco all'Adige,2007,8,14,30.89,20.5,0
Ronco all'Adige,2007,8,15,33.18,20.22,0
Ronco all'Adige,2007,8,16,33.86,21.05,0
Ronco all'Adige,2007,8,17,33.06,20.12,0
Ronco all'Adige,2007,8,18,30.44,18.54,0
Ronco all'Adige,2007,8,19,31.34,17.87,0
Ronco all'Adige,2007,8,20,25.03,16.21,9.9
Ronco all'Adige,2007,8,21,22.13,15.18,6.2
Ronco all'Adige,2007,8,22,26.9,14.64,5.2
Ronco all'Adige,2007,8,23,23.75,16.85,4.3
Ronco all'Adige,2007,8,24,26.53,15.63,0
Ronco all'Adige,2007,8,25,31.02,17.15,0
Ronco all'Adige,2007,8,26,32.98,18.56,0
Ronco all'Adige,2007,8,27,32.73,20.26,0
Ronco all'Adige,2007,8,28,32.64,19.64,3.7
Ronco all'Adige,2007,8,29,29.73,19.17,0
Ronco all'Adige,2007,8,30,27.4,18.42,0
Ronco all'Adige,2007,8,31,25.99,17.34,6.6
Ronco all'Adige,2007,9,1,27.77,15.55,0
Ronco all'Adige,2007,9,2,26.05,17.57,0
Ronco all'Adige,2007,9,3,27.9,16.8,0
Ronco all'Adige,2007,9,4,21.46,13.16,7.7
Ronco all'Adige,2007,9,5,23.06,11.12,0
Ronco all'Adige,2007,9,6,23.38,12.21,0
Ronco all'Adige,2007,9,7,26.81,11.41,0
Ronco all'Adige,2007,9,8,27.24,12.91,0
Ronco all'Adige,2007,9,9,27.44,14.67,0
Ronco all'Adige,2007,9,10,26.71,16.51,0
Ronco all'Adige,2007,9,11,26.81,15.31,0
Ronco all'Adige,2007,9,12,25.89,13.61,0
Ronco all'Adige,2007,9,13,26.03,13.13,0
Ronco all'Adige,2007,9,14,27.38,13.52,0
Ronco all'Adige,2007,9,15,27.72,14.45,0
Ronco all'Adige,2007,9,16,28.61,16.95,0
Ronco all'Adige,2007,9,17,26.61,17.39,0
Ronco all'Adige,2007,9,18,28.35,15.29,6.1
Ronco all'Adige,2007,9,19,22.31,12.37,0
Ronco all'Adige,2007,9,20,21.94,11.41,0
Ronco all'Adige,2007,9,21,24.01,10.73,0
Ronco all'Adige,2007,9,22,25.63,10.52,0
Ronco all'Adige,2007,9,23,27,12.04,0
Ronco all'Adige,2007,9,24,25.43,11.78,0
Ronco all'Adige,2007,9,25,24.17,13.32,0
Ronco all'Adige,2007,9,26,18.15,12.39,11.5
Ronco all'Adige,2007,9,27,18.17,10.48,15.9
Ronco all'Adige,2007,9,28,18.89,9.21,0
Ronco all'Adige,2007,9,29,21.4,10.63,0
Ronco all'Adige,2007,9,30,21.06,13.12,0
Ronco all'Adige,2007,10,1,23.81,10.74,0
Ronco all'Adige,2007,10,2,25.78,10.75,0
Ronco all'Adige,2007,10,3,26.53,13.18,0
Ronco all'Adige,2007,10,4,25.46,16.13,0
Ronco all'Adige,2007,10,5,25.55,15.86,0
Ronco all'Adige,2007,10,6,21.15,12.17,0
Ronco all'Adige,2007,10,7,21.25,11.34,0
Ronco all'Adige,2007,10,8,21.38,9.64,0
Ronco all'Adige,2007,10,9,21.02,9.68,0
Ronco all'Adige,2007,10,10,20.29,11.33,0
Ronco all'Adige,2007,10,11,21.1,8.12,0
Ronco all'Adige,2007,10,12,21.86,10.57,0
Ronco all'Adige,2007,10,13,22,9.25,0
Ronco all'Adige,2007,10,14,17.45,7.91,0
Ronco all'Adige,2007,10,15,19.15,7.13,0
Ronco all'Adige,2007,10,16,19.49,6.97,0
Ronco all'Adige,2007,10,17,18.53,6.41,0
Ronco all'Adige,2007,10,18,16.69,8.06,0
Ronco all'Adige,2007,10,19,18.01,6.01,0
Ronco all'Adige,2007,10,20,14.1,5.22,0
Ronco all'Adige,2007,10,21,14.23,3.22,0
Ronco all'Adige,2007,10,22,13.62,3.96,0
Ronco all'Adige,2007,10,23,15.36,7.96,0
Ronco all'Adige,2007,10,24,12.61,8.56,5.6
Ronco all'Adige,2007,10,25,13.86,8.67,4.2
Ronco all'Adige,2007,10,26,12.77,9.32,6.8
Ronco all'Adige,2007,10,27,18.39,9.38,0
Ronco all'Adige,2007,10,28,16.01,10.54,0
Ronco all'Adige,2007,10,29,15.99,8.7,0
Ronco all'Adige,2007,10,30,12.81,9.69,17.7
Ronco all'Adige,2007,10,31,18.33,10,6.1
Ronco all'Adige,2007,11,1,16.15,6.47,0
Ronco all'Adige,2007,11,2,16.55,4.4,0
Ronco all'Adige,2007,11,3,18.46,5.33,0
Ronco all'Adige,2007,11,4,17.89,5.25,0
Ronco all'Adige,2007,11,5,14.03,5.75,0
Ronco all'Adige,2007,11,6,15.14,5.78,0
Ronco all'Adige,2007,11,7,15.01,4.63,0
Ronco all'Adige,2007,11,8,14.79,3.79,0
Ronco all'Adige,2007,11,9,15.23,4.75,1.9
Ronco all'Adige,2007,11,10,14.12,2.22,0
Ronco all'Adige,2007,11,11,16.32,3.95,0
Ronco all'Adige,2007,11,12,15.12,3.05,0
Ronco all'Adige,2007,11,13,11.26,0.33,0
Ronco all'Adige,2007,11,14,10.68,0.87,0
Ronco all'Adige,2007,11,15,11.45,-0.02,0
Ronco all'Adige,2007,11,16,9.56,-0.64,0
Ronco all'Adige,2007,11,17,7.66,-1.19,0
Ronco all'Adige,2007,11,18,7.08,0.44,0
Ronco all'Adige,2007,11,19,8.9,0.25,0
Ronco all'Adige,2007,11,20,8.04,-1.07,0
Ronco all'Adige,2007,11,21,8.21,0.93,0
Ronco all'Adige,2007,11,22,10.12,5.53,6.8
Ronco all'Adige,2007,11,23,12.69,8.31,15.7
Ronco all'Adige,2007,11,24,12.58,8.21,34.7
Ronco all'Adige,2007,11,25,13.64,7.7,0
Ronco all'Adige,2007,11,26,11.58,5.5,0
Ronco all'Adige,2007,11,27,11.32,4.32,0
Ronco all'Adige,2007,11,28,8.79,4.6,0
Ronco all'Adige,2007,11,29,9.95,2.78,0
Ronco all'Adige,2007,11,30,10.81,0.87,0
Ronco all'Adige,2007,12,1,9.38,-0.06,0
Ronco all'Adige,2007,12,2,9.51,5.94,0
Ronco all'Adige,2007,12,3,9.99,4.49,0
Ronco all'Adige,2007,12,4,13.49,1.28,0
Ronco all'Adige,2007,12,5,11.17,2.66,0
Ronco all'Adige,2007,12,6,11.42,0.33,0
Ronco all'Adige,2007,12,7,7.61,2.84,0
Ronco all'Adige,2007,12,8,11.46,3.83,5.9
Ronco all'Adige,2007,12,9,8.42,1.26,1.5
Ronco all'Adige,2007,12,10,5.34,1.35,0
Ronco all'Adige,2007,12,11,5.13,1.18,0
Ronco all'Adige,2007,12,12,7.71,0.74,0
Ronco all'Adige,2007,12,13,10.91,0.25,0
Ronco all'Adige,2007,12,14,8.64,0.04,0
Ronco all'Adige,2007,12,15,5.35,-0.6,0
Ronco all'Adige,2007,12,16,6.27,-0.7,0
Ronco all'Adige,2007,12,17,5.11,-1.41,0
Ronco all'Adige,2007,12,18,4.6,-2.79,0
Ronco all'Adige,2007,12,19,7.15,-2.89,0
Ronco all'Adige,2007,12,20,7.65,-3.44,0
Ronco all'Adige,2007,12,21,9.56,-2.56,0
Ronco all'Adige,2007,12,22,6.45,-3.08,0
Ronco all'Adige,2007,12,23,4.91,1.35,0
Ronco all'Adige,2007,12,24,7.55,2.85,0
Ronco all'Adige,2007,12,25,6.8,0.6,0
Ronco all'Adige,2007,12,26,6.68,-2.08,0
Ronco all'Adige,2007,12,27,7.07,-3.05,0
Ronco all'Adige,2007,12,28,4.93,-3.31,0
Ronco all'Adige,2007,12,29,3.43,-5.03,0
Ronco all'Adige,2007,12,30,1.6,-5.11,0
Ronco all'Adige,2007,12,31,7.3,-3.1,0
Ronco all'Adige,2008,1,1,7.08,-4.93,0
Ronco all'Adige,2008,1,2,3.71,-1.21,0
Ronco all'Adige,2008,1,3,2.11,-0.48,1.2
Ronco all'Adige,2008,1,4,5.34,0.59,4.6
Ronco all'Adige,2008,1,5,4.77,3.14,4.4
Ronco all'Adige,2008,1,6,6.36,1.29,7.6
Ronco all'Adige,2008,1,7,6.86,0.82,0
Ronco all'Adige,2008,1,8,7.84,1.49,0
Ronco all'Adige,2008,1,9,7.12,1.47,0
Ronco all'Adige,2008,1,10,7.31,2.99,0
Ronco all'Adige,2008,1,11,6.76,3.96,0
Ronco all'Adige,2008,1,12,11.9,4.55,9.3
Ronco all'Adige,2008,1,13,8.61,4.55,9.1
Ronco all'Adige,2008,1,14,10.76,4.78,0
Ronco all'Adige,2008,1,15,8.73,4.8,1
Ronco all'Adige,2008,1,16,8.1,5.48,3.4
Ronco all'Adige,2008,1,17,9.54,5.32,9.6
Ronco all'Adige,2008,1,18,11.7,3.47,0
Ronco all'Adige,2008,1,19,7.48,1.69,0
Ronco all'Adige,2008,1,20,4.85,2.39,0
Ronco all'Adige,2008,1,21,4.86,2.06,0
Ronco all'Adige,2008,1,22,7.26,1.83,0
Ronco all'Adige,2008,1,23,10.49,0.04,0
Ronco all'Adige,2008,1,24,9.94,-1.57,0
Ronco all'Adige,2008,1,25,11.06,-0.52,0
Ronco all'Adige,2008,1,26,13.66,-1.25,0
Ronco all'Adige,2008,1,27,13.78,0.47,0
Ronco all'Adige,2008,1,28,13.82,1.13,0
Ronco all'Adige,2008,1,29,11.35,2.33,0
Ronco all'Adige,2008,1,30,7.57,1.38,0
Ronco all'Adige,2008,1,31,10,2.36,0
Ronco all'Adige,2008,2,1,7.75,0.46,0
Ronco all'Adige,2008,2,2,7.24,4.53,0
Ronco all'Adige,2008,2,3,7.48,4.98,2.6
Ronco all'Adige,2008,2,4,8.71,4.41,9.1
Ronco all'Adige,2008,2,5,12.15,3.84,6.6
Ronco all'Adige,2008,2,6,13.06,1.02,0
Ronco all'Adige,2008,2,7,15.82,0.28,0
Ronco all'Adige,2008,2,8,11.96,0.68,0
Ronco all'Adige,2008,2,9,10.9,-0.61,0
Ronco all'Adige,2008,2,10,11.36,-0.71,0
Ronco all'Adige,2008,2,11,11.18,-1.01,0
Ronco all'Adige,2008,2,12,9.78,-1.7,0
Ronco all'Adige,2008,2,13,11.37,-2.46,0
Ronco all'Adige,2008,2,14,13.02,-2.51,0
Ronco all'Adige,2008,2,15,11.33,-2.75,0
Ronco all'Adige,2008,2,16,6.66,-2.12,0
Ronco all'Adige,2008,2,17,6.58,-3.28,0
Ronco all'Adige,2008,2,18,9.29,-5.78,0
Ronco all'Adige,2008,2,19,12.9,-3.09,0
Ronco all'Adige,2008,2,20,10.05,1.03,0
Ronco all'Adige,2008,2,21,12.97,-0.38,0
Ronco all'Adige,2008,2,22,11.3,-0.38,0
Ronco all'Adige,2008,2,23,11.26,0.74,0
Ronco all'Adige,2008,2,24,14.31,-0.6,0
Ronco all'Adige,2008,2,25,7.95,-0.03,0
Ronco all'Adige,2008,2,26,11.69,4.47,0
Ronco all'Adige,2008,2,27,10.09,4.9,0
Ronco all'Adige,2008,2,28,14.62,5.43,0
Ronco all'Adige,2008,2,29,15.62,3.45,0
Ronco all'Adige,2008,3,1,19.01,6.66,0
Ronco all'Adige,2008,3,2,25.74,5.62,0
Ronco all'Adige,2008,3,3,20.45,5.73,0
Ronco all'Adige,2008,3,4,11.45,3.44,4.9
Ronco all'Adige,2008,3,5,10.33,2.69,0
Ronco all'Adige,2008,3,6,9.34,0.93,0
Ronco all'Adige,2008,3,7,8.35,4.81,5.7
Ronco all'Adige,2008,3,8,9.56,5.38,2.9
Ronco all'Adige,2008,3,9,11.28,6.5,0
Ronco all'Adige,2008,3,10,13.63,7.19,0
Ronco all'Adige,2008,3,11,15.13,6.62,4
Ronco all'Adige,2008,3,12,17.64,3.73,0
Ronco all'Adige,2008,3,13,19.21,4.92,0
Ronco all'Adige,2008,3,14,17.86,4.06,0
Ronco all'Adige,2008,3,15,14.75,5.43,0
Ronco all'Adige,2008,3,16,16.8,7.52,0
Ronco all'Adige,2008,3,17,18.62,5.49,0
Ronco all'Adige,2008,3,18,15.37,5.43,0
Ronco all'Adige,2008,3,19,12.95,2.45,0
Ronco all'Adige,2008,3,20,14.03,2.21,0
Ronco all'Adige,2008,3,21,12.58,0.14,0
Ronco all'Adige,2008,3,22,13.04,2.26,0
Ronco all'Adige,2008,3,23,10.01,1.89,3.4
Ronco all'Adige,2008,3,24,11.48,1.99,2.1
Ronco all'Adige,2008,3,25,13.53,-0.56,0
Ronco all'Adige,2008,3,26,13.52,0.1,0
Ronco all'Adige,2008,3,27,11.03,6.71,2.1
Ronco all'Adige,2008,3,28,15.84,6.49,0
Ronco all'Adige,2008,3,29,18.94,3.62,0
Ronco all'Adige,2008,3,30,18.43,5.77,0
Ronco all'Adige,2008,3,31,18.72,7.12,0
Ronco all'Adige,2008,4,1,22.57,7.39,0
Ronco all'Adige,2008,4,2,21.82,7.52,0
Ronco all'Adige,2008,4,3,17.6,4.29,0
Ronco all'Adige,2008,4,4,18.77,4.33,0
Ronco all'Adige,2008,4,5,16.7,5.41,0
Ronco all'Adige,2008,4,6,15.42,5.06,0
Ronco all'Adige,2008,4,7,19.48,6.65,0
Ronco all'Adige,2008,4,8,12.01,6.32,2.3
Ronco all'Adige,2008,4,9,14.91,6.91,4.1
Ronco all'Adige,2008,4,10,14.57,10.48,7.4
Ronco all'Adige,2008,4,11,18.39,12.05,10
Ronco all'Adige,2008,4,12,17.24,8.36,8.6
Ronco all'Adige,2008,4,13,15.17,8.45,0
Ronco all'Adige,2008,4,14,16.52,5.31,7.1
Ronco all'Adige,2008,4,15,11.72,6.98,10
Ronco all'Adige,2008,4,16,18.68,7.16,0
Ronco all'Adige,2008,4,17,17.74,7.57,2.8
Ronco all'Adige,2008,4,18,16.59,9.02,9.1
Ronco all'Adige,2008,4,19,20.35,9.4,0
Ronco all'Adige,2008,4,20,21.26,8.03,0
Ronco all'Adige,2008,4,21,15.22,9.46,12.3
Ronco all'Adige,2008,4,22,19.27,9.45,4.7
Ronco all'Adige,2008,4,23,22.17,8.77,7.4
Ronco all'Adige,2008,4,24,20.99,11.59,0
Ronco all'Adige,2008,4,25,22.38,9.59,0
Ronco all'Adige,2008,4,26,21.58,8.15,0
Ronco all'Adige,2008,4,27,21.81,10.35,0
Ronco all'Adige,2008,4,28,22.83,8.96,0
Ronco all'Adige,2008,4,29,16.15,10.23,3.7
Ronco all'Adige,2008,4,30,20.83,10.66,0
Ronco all'Adige,2008,5,1,22.53,10.32,0
Ronco all'Adige,2008,5,2,24.29,9.23,0
Ronco all'Adige,2008,5,3,25.19,10.25,0
Ronco all'Adige,2008,5,4,23.61,12.54,0
Ronco all'Adige,2008,5,5,19.6,10.04,0
Ronco all'Adige,2008,5,6,24.02,8.6,0
Ronco all'Adige,2008,5,7,24,12,0
Ronco all'Adige,2008,5,8,24.87,12.35,0
Ronco all'Adige,2008,5,9,25.52,11.68,0
Ronco all'Adige,2008,5,10,24.96,12.08,0
Ronco all'Adige,2008,5,11,23.75,12.38,0
Ronco all'Adige,2008,5,12,24.32,11.27,0
Ronco all'Adige,2008,5,13,25.53,11.09,0
Ronco all'Adige,2008,5,14,26.74,12.55,0
Ronco all'Adige,2008,5,15,26.39,12.9,0
Ronco all'Adige,2008,5,16,24.68,14.51,0
Ronco all'Adige,2008,5,17,19.28,15.7,7.8
Ronco all'Adige,2008,5,18,19.01,14.49,28.5
Ronco all'Adige,2008,5,19,21.94,13.5,8.4
Ronco all'Adige,2008,5,20,18.98,13.67,13.1
Ronco all'Adige,2008,5,21,23.03,14.33,4.7
Ronco all'Adige,2008,5,22,23.46,13.88,4.7
Ronco all'Adige,2008,5,23,24.59,15.01,3
Ronco all'Adige,2008,5,24,23.98,14.4,0
Ronco all'Adige,2008,5,25,25.17,15.25,0
Ronco all'Adige,2008,5,26,26.9,15.76,0
Ronco all'Adige,2008,5,27,29.05,15.87,0
Ronco all'Adige,2008,5,28,29.37,18.37,0
Ronco all'Adige,2008,5,29,28.03,17.98,12.4
Ronco all'Adige,2008,5,30,24.05,15.97,0
Ronco all'Adige,2008,5,31,26.05,15.69,0
Ronco all'Adige,2008,6,1,27.36,15.83,0
Ronco all'Adige,2008,6,2,27.45,17.02,0
Ronco all'Adige,2008,6,3,27.94,15.59,0
Ronco all'Adige,2008,6,4,21.41,16.78,6.7
Ronco all'Adige,2008,6,5,22.92,16.26,11
Ronco all'Adige,2008,6,6,22.16,16.12,9.2
Ronco all'Adige,2008,6,7,25.06,16.18,10
Ronco all'Adige,2008,6,8,26.38,16.32,0
Ronco all'Adige,2008,6,9,26.92,15.67,4.1
Ronco all'Adige,2008,6,10,29.21,15.61,0
Ronco all'Adige,2008,6,11,29.57,17.1,6.4
Ronco all'Adige,2008,6,12,25.85,16.77,9.3
Ronco all'Adige,2008,6,13,23.2,14.45,11.4
Ronco all'Adige,2008,6,14,19.43,12.25,17.7
Ronco all'Adige,2008,6,15,20.8,10.31,0
Ronco all'Adige,2008,6,16,21.06,13.76,3.1
Ronco all'Adige,2008,6,17,26.8,15.42,14.3
Ronco all'Adige,2008,6,18,27.16,16.35,4.6
Ronco all'Adige,2008,6,19,30.41,16.49,0
Ronco all'Adige,2008,6,20,32.22,18.35,0
Ronco all'Adige,2008,6,21,32.75,20.14,0
Ronco all'Adige,2008,6,22,33.72,20.61,0
Ronco all'Adige,2008,6,23,35.08,20.7,0
Ronco all'Adige,2008,6,24,33.86,21.63,0
Ronco all'Adige,2008,6,25,34.65,21.05,0
Ronco all'Adige,2008,6,26,34.52,21.34,0
Ronco all'Adige,2008,6,27,32.69,20.72,0
Ronco all'Adige,2008,6,28,31.69,20.7,0
Ronco all'Adige,2008,6,29,32.71,20.36,0
Ronco all'Adige,2008,6,30,32.92,19.16,0
Ronco all'Adige,2008,7,1,31.58,20.69,4.9
Ronco all'Adige,2008,7,2,32.76,20.62,0
Ronco all'Adige,2008,7,3,31.78,20.36,0
Ronco all'Adige,2008,7,4,31.25,20.11,0
Ronco all'Adige,2008,7,5,30.93,20.09,0
Ronco all'Adige,2008,7,6,32.27,19.85,0
Ronco all'Adige,2008,7,7,31.78,18.52,0
Ronco all'Adige,2008,7,8,28.8,17.65,0
Ronco all'Adige,2008,7,9,29.7,16.47,0
Ronco all'Adige,2008,7,10,30.49,18.49,0
Ronco all'Adige,2008,7,11,31.67,20.34,0
Ronco all'Adige,2008,7,12,32.99,19.14,0
Ronco all'Adige,2008,7,13,31.41,19.28,0
Ronco all'Adige,2008,7,14,27.34,16.37,0
Ronco all'Adige,2008,7,15,29.49,14.74,0
Ronco all'Adige,2008,7,16,30.86,16.36,0
Ronco all'Adige,2008,7,17,29.05,17.11,0
Ronco all'Adige,2008,7,18,23.84,17.13,7.7
Ronco all'Adige,2008,7,19,28.85,16.51,0
Ronco all'Adige,2008,7,20,29.4,18.61,0
Ronco all'Adige,2008,7,21,27.36,18.1,0
Ronco all'Adige,2008,7,22,26.58,15.35,2.9
Ronco all'Adige,2008,7,23,28.48,12.95,0
Ronco all'Adige,2008,7,24,30.43,15.21,0
Ronco all'Adige,2008,7,25,31.67,17.14,0
Ronco all'Adige,2008,7,26,31.16,19.15,7
Ronco all'Adige,2008,7,27,30.85,19.24,5
Ronco all'Adige,2008,7,28,31.83,20.2,0
Ronco all'Adige,2008,7,29,32.95,19.86,0
Ronco all'Adige,2008,7,30,33.83,21.16,0
Ronco all'Adige,2008,7,31,32.63,18.79,10.1
Ronco all'Adige,2008,8,1,33.37,20.77,0
Ronco all'Adige,2008,8,2,32.17,19.45,0
Ronco all'Adige,2008,8,3,33.13,21.04,0
Ronco all'Adige,2008,8,4,32.78,21.61,0
Ronco all'Adige,2008,8,5,33.31,21.48,0
Ronco all'Adige,2008,8,6,31.33,21.62,14.2
Ronco all'Adige,2008,8,7,31.85,19.58,4.5
Ronco all'Adige,2008,8,8,33.19,19.42,0
Ronco all'Adige,2008,8,9,30.39,16.83,0
Ronco all'Adige,2008,8,10,30.6,17.48,0
Ronco all'Adige,2008,8,11,31.78,18.91,0
Ronco all'Adige,2008,8,12,31.95,18.58,0
Ronco all'Adige,2008,8,13,31.98,20.65,0
Ronco all'Adige,2008,8,14,32.74,20.14,0
Ronco all'Adige,2008,8,15,30.89,16.8,10.8
Ronco all'Adige,2008,8,16,28.44,15.75,7.9
Ronco all'Adige,2008,8,17,27.97,17.23,0
Ronco all'Adige,2008,8,18,29.68,15.52,0
Ronco all'Adige,2008,8,19,31.22,17.48,0
Ronco all'Adige,2008,8,20,31.77,19.7,0
Ronco all'Adige,2008,8,21,32.18,19.61,0
Ronco all'Adige,2008,8,22,32.71,18.62,0
Ronco all'Adige,2008,8,23,30.62,18.03,0
Ronco all'Adige,2008,8,24,28.32,16.78,0
Ronco all'Adige,2008,8,25,29.18,14.96,0
Ronco all'Adige,2008,8,26,30.13,15.49,0
Ronco all'Adige,2008,8,27,30,18.86,0
Ronco all'Adige,2008,8,28,31.12,19.24,0
Ronco all'Adige,2008,8,29,31.72,19.02,0
Ronco all'Adige,2008,8,30,32.05,18.96,0
Ronco all'Adige,2008,8,31,30.34,20.04,0
Ronco all'Adige,2008,9,1,29.71,18.67,9.6
Ronco all'Adige,2008,9,2,30.01,18.31,0
Ronco all'Adige,2008,9,3,30.47,19.7,0
Ronco all'Adige,2008,9,4,31.29,17.91,0
Ronco all'Adige,2008,9,5,31.69,19.64,0
Ronco all'Adige,2008,9,6,33.33,20.58,0
Ronco all'Adige,2008,9,7,29.4,18.28,0
Ronco all'Adige,2008,9,8,29.6,15.6,0
Ronco all'Adige,2008,9,9,30.17,15.68,0
Ronco all'Adige,2008,9,10,31.17,17.55,0
Ronco all'Adige,2008,9,11,31.97,18.7,0
Ronco all'Adige,2008,9,12,30.39,18.56,0
Ronco all'Adige,2008,9,13,22.93,14.9,33.9
Ronco all'Adige,2008,9,14,20.14,12.83,13.5
Ronco all'Adige,2008,9,15,19.32,11.65,8.7
Ronco all'Adige,2008,9,16,23.2,9.4,0
Ronco all'Adige,2008,9,17,22.45,9.59,0
Ronco all'Adige,2008,9,18,21.82,14.46,0
Ronco all'Adige,2008,9,19,20.24,12.67,4.7
Ronco all'Adige,2008,9,20,21.06,12.05,0
Ronco all'Adige,2008,9,21,17.82,11.02,0
Ronco all'Adige,2008,9,22,21.06,10.72,0
Ronco all'Adige,2008,9,23,20.08,9.66,0
Ronco all'Adige,2008,9,24,21.11,9.3,0
Ronco all'Adige,2008,9,25,22.03,11.17,1.3
Ronco all'Adige,2008,9,26,20.27,10.41,0
Ronco all'Adige,2008,9,27,19.97,12.34,0
Ronco all'Adige,2008,9,28,20.6,11.45,0
Ronco all'Adige,2008,9,29,21.01,7.44,0
Ronco all'Adige,2008,9,30,17.72,8.76,0
Ronco all'Adige,2008,10,1,22.38,11.39,0
Ronco all'Adige,2008,10,2,22.16,12.88,0
Ronco all'Adige,2008,10,3,24.28,10.71,0
Ronco all'Adige,2008,10,4,19.29,7.7,0
Ronco all'Adige,2008,10,5,20.17,4.74,0
Ronco all'Adige,2008,10,6,21.44,6.4,0
Ronco all'Adige,2008,10,7,20.69,11.75,0
Ronco all'Adige,2008,10,8,22.89,12.87,0
Ronco all'Adige,2008,10,9,22.78,12.36,0
Ronco all'Adige,2008,10,10,24.07,11.7,0
Ronco all'Adige,2008,10,11,23.94,11.25,0
Ronco all'Adige,2008,10,12,24.46,9.76,0
Ronco all'Adige,2008,10,13,24.55,10.39,0
Ronco all'Adige,2008,10,14,24.39,11.05,0
Ronco all'Adige,2008,10,15,25.49,13.06,0
Ronco all'Adige,2008,10,16,21.8,12.56,0
Ronco all'Adige,2008,10,17,22.85,11.82,0
Ronco all'Adige,2008,10,18,18.28,10.25,0
Ronco all'Adige,2008,10,19,20.04,9.33,0
Ronco all'Adige,2008,10,20,20.64,8.19,0
Ronco all'Adige,2008,10,21,18.34,13.81,0
Ronco all'Adige,2008,10,22,20.01,12.9,0
Ronco all'Adige,2008,10,23,21.04,13.95,0
Ronco all'Adige,2008,10,24,19.83,12.47,0
Ronco all'Adige,2008,10,25,19.84,11.58,0
Ronco all'Adige,2008,10,26,20.01,9.13,0
Ronco all'Adige,2008,10,27,15.3,8.88,0
Ronco all'Adige,2008,10,28,18.62,11.08,7.1
Ronco all'Adige,2008,10,29,19.35,14.13,19.3
Ronco all'Adige,2008,10,30,16.63,9.48,15.7
Ronco all'Adige,2008,10,31,14.7,8.59,11.4
Ronco all'Adige,2008,11,1,17.07,10.39,12.5
Ronco all'Adige,2008,11,2,15.21,8.8,0
Ronco all'Adige,2008,11,3,16.12,12.7,5.3
Ronco all'Adige,2008,11,4,16.62,13.32,19.7
Ronco all'Adige,2008,11,5,19.5,12.39,0
Ronco all'Adige,2008,11,6,17.75,10.43,5.8
Ronco all'Adige,2008,11,7,15.74,9.88,4.4
Ronco all'Adige,2008,11,8,16.04,9.11,0
Ronco all'Adige,2008,11,9,15.19,8.1,0
Ronco all'Adige,2008,11,10,12.25,7.79,0
Ronco all'Adige,2008,11,11,11.25,8.32,0
Ronco all'Adige,2008,11,12,12.31,9.69,12
Ronco all'Adige,2008,11,13,12.11,9.45,21.1
Ronco all'Adige,2008,11,14,15.02,8.3,11
Ronco all'Adige,2008,11,15,16.12,6.37,0
Ronco all'Adige,2008,11,16,15.95,4.08,0
Ronco all'Adige,2008,11,17,15.72,5.86,0
Ronco all'Adige,2008,11,18,10.45,3.33,0
Ronco all'Adige,2008,11,19,11.9,1.32,0
Ronco all'Adige,2008,11,20,10.68,0.37,0
Ronco all'Adige,2008,11,21,11.7,2.51,0
Ronco all'Adige,2008,11,22,10.73,0.76,0
Ronco all'Adige,2008,11,23,9.04,-1.36,0
Ronco all'Adige,2008,11,24,3.8,-1.28,4.4
Ronco all'Adige,2008,11,25,5.11,-1.39,0
Ronco all'Adige,2008,11,26,9.14,-0.41,0
Ronco all'Adige,2008,11,27,7.86,-2.47,0
Ronco all'Adige,2008,11,28,5.31,0.84,14.7
Ronco all'Adige,2008,11,29,8.92,2.44,12.8
Ronco all'Adige,2008,11,30,8.47,4.93,30
Ronco all'Adige,2008,12,1,10.65,4.85,15.3
Ronco all'Adige,2008,12,2,7.96,3.35,10.9
Ronco all'Adige,2008,12,3,8.47,0.66,0
Ronco all'Adige,2008,12,4,6.65,-2.07,0
Ronco all'Adige,2008,12,5,5.88,2.37,6.5
Ronco all'Adige,2008,12,6,7.3,1.35,0
Ronco all'Adige,2008,12,7,5.06,-1.66,0
Ronco all'Adige,2008,12,8,7.75,-3.28,0
Ronco all'Adige,2008,12,9,3.43,-3.69,0
Ronco all'Adige,2008,12,10,7.44,0.33,15.3
Ronco all'Adige,2008,12,11,6.19,2.95,14.8
Ronco all'Adige,2008,12,12,8.75,4.57,20.5
Ronco all'Adige,2008,12,13,7.24,6.13,8.7
Ronco all'Adige,2008,12,14,10.37,6.34,6.4
Ronco all'Adige,2008,12,15,9.77,7.93,23.5
Ronco all'Adige,2008,12,16,10.27,7.75,16.4
Ronco all'Adige,2008,12,17,10.17,4.83,0
Ronco all'Adige,2008,12,18,9.24,3.1,0
Ronco all'Adige,2008,12,19,11.48,2.31,0
Ronco all'Adige,2008,12,20,12.22,1.07,0
Ronco all'Adige,2008,12,21,10.18,0.49,0
Ronco all'Adige,2008,12,22,9.26,0.23,0
Ronco all'Adige,2008,12,23,6.57,1.4,0
Ronco all'Adige,2008,12,24,4.41,-0.12,0
Ronco all'Adige,2008,12,25,7.6,-0.2,3.6
Ronco all'Adige,2008,12,26,4.52,-1.38,0
Ronco all'Adige,2008,12,27,4.48,-2.08,0
Ronco all'Adige,2008,12,28,3,-1.99,0
Ronco all'Adige,2008,12,29,5.33,-1.57,0
Ronco all'Adige,2008,12,30,4.7,-3.9,0
Ronco all'Adige,2008,12,31,3.76,-5.8,0
Ronco all'Adige,2009,1,1,1.88,-1.71,5.3
Ronco all'Adige,2009,1,2,1.12,-2.33,0
Ronco all'Adige,2009,1,3,2.96,-4.6,3.3
Ronco all'Adige,2009,1,4,2.65,-6.72,1.3
Ronco all'Adige,2009,1,5,-1.38,-6.53,0
Ronco all'Adige,2009,1,6,1.71,-3.35,0
Ronco all'Adige,2009,1,7,3.33,-0.61,7.7
Ronco all'Adige,2009,1,8,3.65,-1.14,4.3
Ronco all'Adige,2009,1,9,3.84,-4.5,0
Ronco all'Adige,2009,1,10,3.5,-5.86,0
Ronco all'Adige,2009,1,11,6.2,-4.33,0
Ronco all'Adige,2009,1,12,7.18,-3.28,0
Ronco all'Adige,2009,1,13,5.52,-3.72,2.1
Ronco all'Adige,2009,1,14,5.09,0.02,4.6
Ronco all'Adige,2009,1,15,7.17,0.91,3.6
Ronco all'Adige,2009,1,16,5.02,-1.35,0
Ronco all'Adige,2009,1,17,3.43,-2.44,0
Ronco all'Adige,2009,1,18,4.56,1.79,0
Ronco all'Adige,2009,1,19,5.34,0.66,0
Ronco all'Adige,2009,1,20,8.82,3.43,15.3
Ronco all'Adige,2009,1,21,7.74,3.76,8.7
Ronco all'Adige,2009,1,22,6.73,2.09,0
Ronco all'Adige,2009,1,23,4.93,-1.01,2.9
Ronco all'Adige,2009,1,24,6.48,0.44,9.3
Ronco all'Adige,2009,1,25,8.56,2.75,0
Ronco all'Adige,2009,1,26,9.04,2.55,7.7
Ronco all'Adige,2009,1,27,8.18,4.35,4.4
Ronco all'Adige,2009,1,28,11.52,2.49,0
Ronco all'Adige,2009,1,29,8.13,0.19,0
Ronco all'Adige,2009,1,30,10.18,-0.42,0
Ronco all'Adige,2009,1,31,3.44,-0.39,0
Ronco all'Adige,2009,2,1,2.99,0.21,3.3
Ronco all'Adige,2009,2,2,7.35,0.93,17.3
Ronco all'Adige,2009,2,3,8.49,3.62,7.8
Ronco all'Adige,2009,2,4,12.12,3.61,0
Ronco all'Adige,2009,2,5,11.89,5.6,1.8
Ronco all'Adige,2009,2,6,11.97,7.1,8.7
Ronco all'Adige,2009,2,7,13.18,5.48,9.7
Ronco all'Adige,2009,2,8,11.36,4.75,6.2
Ronco all'Adige,2009,2,9,11.95,2.88,0
Ronco all'Adige,2009,2,10,7.47,3.32,0
Ronco all'Adige,2009,2,11,11.28,2.04,0
Ronco all'Adige,2009,2,12,9.66,1.13,0
Ronco all'Adige,2009,2,13,7.88,-0.43,0
Ronco all'Adige,2009,2,14,8.84,-2.76,0
Ronco all'Adige,2009,2,15,7.66,-2.01,0
Ronco all'Adige,2009,2,16,9.39,-2.21,0
Ronco all'Adige,2009,2,17,11.2,-2.33,0
Ronco all'Adige,2009,2,18,6.26,-1.24,0
Ronco all'Adige,2009,2,19,7.75,-4.47,0
Ronco all'Adige,2009,2,20,8.57,-3.59,0
Ronco all'Adige,2009,2,21,12.02,0.51,0
Ronco all'Adige,2009,2,22,10.43,-1.15,0
Ronco all'Adige,2009,2,23,8.19,0.07,0
Ronco all'Adige,2009,2,24,11.57,-0.46,0
Ronco all'Adige,2009,2,25,11.09,0.82,0
Ronco all'Adige,2009,2,26,11.86,-0.62,0
Ronco all'Adige,2009,2,27,13.13,0.48,0
Ronco all'Adige,2009,2,28,14.76,1.05,0
Ronco all'Adige,2009,3,1,10.55,2.86,1.6
Ronco all'Adige,2009,3,2,11.51,6.46,0.6
Ronco all'Adige,2009,3,3,11.57,5.94,0
Ronco all'Adige,2009,3,4,9.13,6.34,16
Ronco all'Adige,2009,3,5,10.46,6.56,21.3
Ronco all'Adige,2009,3,6,11.56,5.29,10.5
Ronco all'Adige,2009,3,7,16.55,2.96,0
Ronco all'Adige,2009,3,8,15.89,2.32,0
Ronco all'Adige,2009,3,9,16.26,1.39,0
Ronco all'Adige,2009,3,10,14.59,0.69,0
Ronco all'Adige,2009,3,11,16,1.6,0
Ronco all'Adige,2009,3,12,15.61,1.12,0
Ronco all'Adige,2009,3,13,17,1.68,0
Ronco all'Adige,2009,3,14,14.56,3.5,0
Ronco all'Adige,2009,3,15,16,3.68,0
Ronco all'Adige,2009,3,16,18.11,6.01,0
Ronco all'Adige,2009,3,17,17.84,3.3,0
Ronco all'Adige,2009,3,18,18.96,4.89,0
Ronco all'Adige,2009,3,19,17.88,3.63,3.2
Ronco all'Adige,2009,3,20,11.32,1.5,0
Ronco all'Adige,2009,3,21,12.59,-0.4,0
Ronco all'Adige,2009,3,22,15,-0.75,0
Ronco all'Adige,2009,3,23,19.1,1.25,0
Ronco all'Adige,2009,3,24,14.32,2.98,0
Ronco all'Adige,2009,3,25,15.51,-0.62,0
Ronco all'Adige,2009,3,26,18.41,1.72,0
Ronco all'Adige,2009,3,27,17.17,4.98,0
Ronco all'Adige,2009,3,28,14.96,7.91,4.8
Ronco all'Adige,2009,3,29,12.18,8.41,25.2
Ronco all'Adige,2009,3,30,16.35,7.53,11.8
Ronco all'Adige,2009,3,31,14.56,8.86,5.4
Ronco all'Adige,2009,4,1,19.23,9.72,1.7
Ronco all'Adige,2009,4,2,14.31,10.62,19
Ronco all'Adige,2009,4,3,19.92,8.63,0
Ronco all'Adige,2009,4,4,17.02,9.35,4
Ronco all'Adige,2009,4,5,21.17,10.42,1.1
Ronco all'Adige,2009,4,6,23.59,9.45,0
Ronco all'Adige,2009,4,7,23.21,8.96,0
Ronco all'Adige,2009,4,8,22.22,9.98,0
Ronco all'Adige,2009,4,9,21.5,9.13,0
Ronco all'Adige,2009,4,10,20.7,8.97,0
Ronco all'Adige,2009,4,11,20.73,8.69,0
Ronco all'Adige,2009,4,12,21.81,10.39,0
Ronco all'Adige,2009,4,13,25.68,9.81,0
Ronco all'Adige,2009,4,14,24.12,9.44,0
Ronco all'Adige,2009,4,15,25.13,8.95,0
Ronco all'Adige,2009,4,16,17.68,10.74,6.3
Ronco all'Adige,2009,4,17,19.02,8.78,9.8
Ronco all'Adige,2009,4,18,19.22,8.31,0
Ronco all'Adige,2009,4,19,13.89,10.61,14.2
Ronco all'Adige,2009,4,20,16.08,11.06,8.8
Ronco all'Adige,2009,4,21,21.06,11.52,0
Ronco all'Adige,2009,4,22,25.24,11.32,0
Ronco all'Adige,2009,4,23,18.33,7.89,2.2
Ronco all'Adige,2009,4,24,18.14,7.17,0
Ronco all'Adige,2009,4,25,20.64,7.11,0
Ronco all'Adige,2009,4,26,14.33,9.68,11.9
Ronco all'Adige,2009,4,27,15.53,11.36,12.9
Ronco all'Adige,2009,4,28,15.18,11.36,19.9
Ronco all'Adige,2009,4,29,17.18,9.15,6.6
Ronco all'Adige,2009,4,30,20.1,9.58,2.6
Ronco all'Adige,2009,5,1,24.26,8.34,0
Ronco all'Adige,2009,5,2,26,10.65,0
Ronco all'Adige,2009,5,3,22.28,10.24,0
Ronco all'Adige,2009,5,4,24,11.02,5.5
Ronco all'Adige,2009,5,5,21.59,10.02,0
Ronco all'Adige,2009,5,6,21.6,10.06,0
Ronco all'Adige,2009,5,7,25.73,10.87,0
Ronco all'Adige,2009,5,8,24.98,13.05,0
Ronco all'Adige,2009,5,9,25.47,14.28,0
Ronco all'Adige,2009,5,10,27.09,13.89,0
Ronco all'Adige,2009,5,11,28.09,13.15,0
Ronco all'Adige,2009,5,12,27.63,14.21,0
Ronco all'Adige,2009,5,13,27.43,16.62,0
Ronco all'Adige,2009,5,14,26.5,15.27,0
Ronco all'Adige,2009,5,15,22.09,15.35,0
Ronco all'Adige,2009,5,16,26.03,14.09,0
Ronco all'Adige,2009,5,17,28.92,14.69,0
Ronco all'Adige,2009,5,18,30.78,16.85,0
Ronco all'Adige,2009,5,19,29.79,16.72,0
Ronco all'Adige,2009,5,20,30.26,16.3,0
Ronco all'Adige,2009,5,21,31.34,17.39,0
Ronco all'Adige,2009,5,22,31.84,17.02,0
Ronco all'Adige,2009,5,23,32.6,18.09,0
Ronco all'Adige,2009,5,24,34.45,19.15,0
Ronco all'Adige,2009,5,25,36.25,19.47,0
Ronco all'Adige,2009,5,26,34.88,20.07,0
Ronco all'Adige,2009,5,27,27.75,15.71,0
Ronco all'Adige,2009,5,28,26.43,13.51,0
Ronco all'Adige,2009,5,29,26.92,11.24,3.8
Ronco all'Adige,2009,5,30,23.85,9.69,0
Ronco all'Adige,2009,5,31,19.98,12.36,0
Ronco all'Adige,2009,6,1,24.19,11.8,0
Ronco all'Adige,2009,6,2,28.5,13.34,0
Ronco all'Adige,2009,6,3,30.31,14.01,0
Ronco all'Adige,2009,6,4,27.68,16.51,0
Ronco all'Adige,2009,6,5,26.81,16.7,0
Ronco all'Adige,2009,6,6,27.5,17.05,0
Ronco all'Adige,2009,6,7,28,16.01,0
Ronco all'Adige,2009,6,8,26.72,14.44,0
Ronco all'Adige,2009,6,9,28.32,15.74,0
Ronco all'Adige,2009,6,10,27.35,15.91,0
Ronco all'Adige,2009,6,11,29.71,15.76,0
Ronco all'Adige,2009,6,12,29.78,16.73,0
Ronco all'Adige,2009,6,13,29.56,16.76,0
Ronco all'Adige,2009,6,14,31.97,17.28,0
Ronco all'Adige,2009,6,15,32.81,19.6,0
Ronco all'Adige,2009,6,16,33.53,19.9,0
Ronco all'Adige,2009,6,17,26.34,17.48,5.1
Ronco all'Adige,2009,6,18,30.79,16.12,0
Ronco all'Adige,2009,6,19,32.09,18.36,0
Ronco all'Adige,2009,6,20,23.85,15.74,14.4
Ronco all'Adige,2009,6,21,25.31,14.52,0
Ronco all'Adige,2009,6,22,26.18,13.54,3.6
Ronco all'Adige,2009,6,23,26.91,14.66,0
Ronco all'Adige,2009,6,24,28.2,14.55,0
Ronco all'Adige,2009,6,25,29.85,16.72,8.7
Ronco all'Adige,2009,6,26,28.48,17.05,0
Ronco all'Adige,2009,6,27,26.34,16.98,3.7
Ronco all'Adige,2009,6,28,30.31,17.92,3.2
Ronco all'Adige,2009,6,29,30.31,18.62,7.3
Ronco all'Adige,2009,6,30,31.27,18.69,4.1
Ronco all'Adige,2009,7,1,31.93,20.72,0
Ronco all'Adige,2009,7,2,31.45,19.72,0
Ronco all'Adige,2009,7,3,32.41,19.45,0
Ronco all'Adige,2009,7,4,30.92,19.33,12.6
Ronco all'Adige,2009,7,5,30.57,18.25,8.7
Ronco all'Adige,2009,7,6,29.82,19.43,6.4
Ronco all'Adige,2009,7,7,27.62,18.42,0
Ronco all'Adige,2009,7,8,28.72,18.14,0
Ronco all'Adige,2009,7,9,27.14,16.57,3.6
Ronco all'Adige,2009,7,10,25.5,15.34,0
Ronco all'Adige,2009,7,11,25.01,15.39,0
Ronco all'Adige,2009,7,12,28.12,15.12,0
Ronco all'Adige,2009,7,13,30.11,17.67,0
Ronco all'Adige,2009,7,14,31.91,21.16,0
Ronco all'Adige,2009,7,15,31.87,21.13,0
Ronco all'Adige,2009,7,16,33.92,21.86,0
Ronco all'Adige,2009,7,17,33.44,21.58,0
Ronco all'Adige,2009,7,18,24.38,15.34,0
Ronco all'Adige,2009,7,19,29.22,14.58,0
Ronco all'Adige,2009,7,20,29.98,16.74,0
Ronco all'Adige,2009,7,21,30.79,18.04,0
Ronco all'Adige,2009,7,22,32.18,19.52,0
Ronco all'Adige,2009,7,23,35.02,19.79,0
Ronco all'Adige,2009,7,24,33.89,20.5,0
Ronco all'Adige,2009,7,25,30.27,20.06,0
Ronco all'Adige,2009,7,26,29.56,19.15,0
Ronco all'Adige,2009,7,27,31.54,18.01,0
Ronco all'Adige,2009,7,28,32.27,19.4,0
Ronco all'Adige,2009,7,29,32.53,19.59,0
Ronco all'Adige,2009,7,30,33.84,21.01,0
Ronco all'Adige,2009,7,31,32.21,22.26,0
Ronco all'Adige,2009,8,1,32.06,20.95,0
Ronco all'Adige,2009,8,2,34.9,20.87,0
Ronco all'Adige,2009,8,3,30.06,18.48,0
Ronco all'Adige,2009,8,4,30.1,18.38,0
Ronco all'Adige,2009,8,5,31.72,18.34,0
Ronco all'Adige,2009,8,6,31.86,19.73,0
Ronco all'Adige,2009,8,7,32.36,20.63,0
Ronco all'Adige,2009,8,8,30.39,22.11,0
Ronco all'Adige,2009,8,9,32.35,21.81,0
Ronco all'Adige,2009,8,10,32,20.37,0
Ronco all'Adige,2009,8,11,32.6,19.45,0
Ronco all'Adige,2009,8,12,33.34,19.96,0
Ronco all'Adige,2009,8,13,33.22,19.04,0
Ronco all'Adige,2009,8,14,30.9,18.71,0
Ronco all'Adige,2009,8,15,31.77,20.28,0
Ronco all'Adige,2009,8,16,33.78,21.1,0
Ronco all'Adige,2009,8,17,35.7,21.34,0
Ronco all'Adige,2009,8,18,35.96,21.27,0
Ronco all'Adige,2009,8,19,35.81,21.44,0
Ronco all'Adige,2009,8,20,36.21,21.98,0
Ronco all'Adige,2009,8,21,36.23,22.65,0
Ronco all'Adige,2009,8,22,33.61,21.63,4.3
Ronco all'Adige,2009,8,23,31.03,20.62,0
Ronco all'Adige,2009,8,24,30.07,19.49,0
Ronco all'Adige,2009,8,25,31.88,17.92,0
Ronco all'Adige,2009,8,26,32.6,19.46,0
Ronco all'Adige,2009,8,27,33.67,21.17,0
Ronco all'Adige,2009,8,28,34.44,21.16,0
Ronco all'Adige,2009,8,29,32.11,19.21,7.3
Ronco all'Adige,2009,8,30,25.62,17.28,6.9
Ronco all'Adige,2009,8,31,29.46,15.07,0
Ronco all'Adige,2009,9,1,30.87,16.37,0
Ronco all'Adige,2009,9,2,31.32,18.36,0
Ronco all'Adige,2009,9,3,30.48,20.32,0
Ronco all'Adige,2009,9,4,32.73,19.79,0
Ronco all'Adige,2009,9,5,27.16,16.89,0
Ronco all'Adige,2009,9,6,25.59,14.18,0
Ronco all'Adige,2009,9,7,26.11,12.48,0
Ronco all'Adige,2009,9,8,26.42,13.11,0
Ronco all'Adige,2009,9,9,26.75,16.3,0
Ronco all'Adige,2009,9,10,29.04,15.79,0
Ronco all'Adige,2009,9,11,29.82,16.69,0
Ronco all'Adige,2009,9,12,28.49,17.58,0
Ronco all'Adige,2009,9,13,28.2,15.08,0
Ronco all'Adige,2009,9,14,19.1,13.79,18.2
Ronco all'Adige,2009,9,15,22.19,13.69,18
Ronco all'Adige,2009,9,16,21.71,16.72,21.1
Ronco all'Adige,2009,9,17,25.54,17.08,4.8
Ronco all'Adige,2009,9,18,27.53,15.52,0
Ronco all'Adige,2009,9,19,27.78,15.99,0
Ronco all'Adige,2009,9,20,27.6,15.84,0
Ronco all'Adige,2009,9,21,27.97,16.64,0
Ronco all'Adige,2009,9,22,28.23,15.5,0
Ronco all'Adige,2009,9,23,28.9,14.51,0
Ronco all'Adige,2009,9,24,28.63,15.13,0
Ronco all'Adige,2009,9,25,27.87,15.79,0
Ronco all'Adige,2009,9,26,26.37,17.41,0
Ronco all'Adige,2009,9,27,26.49,15.4,0
Ronco all'Adige,2009,9,28,27.03,14.89,0
Ronco all'Adige,2009,9,29,27.47,13.96,0
Ronco all'Adige,2009,9,30,26.51,14.23,0
Ronco all'Adige,2009,10,1,26.22,14.27,0
Ronco all'Adige,2009,10,2,24.48,14.19,0
Ronco all'Adige,2009,10,3,24.38,12.76,0
Ronco all'Adige,2009,10,4,24.8,10.85,0
Ronco all'Adige,2009,10,5,24.83,13.64,0
Ronco all'Adige,2009,10,6,24.9,15.31,0
Ronco all'Adige,2009,10,7,26.31,14.64,0
Ronco all'Adige,2009,10,8,26.41,14.53,0
Ronco all'Adige,2009,10,9,23.8,15.39,0
Ronco all'Adige,2009,10,10,22.56,14.73,4.8
Ronco all'Adige,2009,10,11,23.87,13.01,0
Ronco all'Adige,2009,10,12,22.36,10.45,2.4
Ronco all'Adige,2009,10,13,20.56,6.68,0
Ronco all'Adige,2009,10,14,16.17,4.35,0
Ronco all'Adige,2009,10,15,16.04,2.1,0
Ronco all'Adige,2009,10,16,15.93,3.03,0
Ronco all'Adige,2009,10,17,16.93,3.5,0
Ronco all'Adige,2009,10,18,16.44,3.71,0
Ronco all'Adige,2009,10,19,15.99,2.86,0
Ronco all'Adige,2009,10,20,12.74,1.1,0
Ronco all'Adige,2009,10,21,11.98,7.37,5.5
Ronco all'Adige,2009,10,22,14.45,8.59,25.1
Ronco all'Adige,2009,10,23,15.51,8.51,9
Ronco all'Adige,2009,10,24,21.02,10.44,4.9
Ronco all'Adige,2009,10,25,21.17,8.83,0
Ronco all'Adige,2009,10,26,20.72,8.04,0
Ronco all'Adige,2009,10,27,19.87,7.5,0
Ronco all'Adige,2009,10,28,17.72,6.38,0
Ronco all'Adige,2009,10,29,17.31,7.46,0
Ronco all'Adige,2009,10,30,17.16,6.26,0
Ronco all'Adige,2009,10,31,14.28,6.26,0
Ronco all'Adige,2009,11,1,14.62,2.64,0
Ronco all'Adige,2009,11,2,10.65,4.6,14.4
Ronco all'Adige,2009,11,3,13.77,4.94,10.4
Ronco all'Adige,2009,11,4,10.09,4.78,0
Ronco all'Adige,2009,11,5,13.19,5.96,2.7
Ronco all'Adige,2009,11,6,11.17,6.66,9.7
Ronco all'Adige,2009,11,7,13.87,4.98,0
Ronco all'Adige,2009,11,8,10.85,7.64,9.6
Ronco all'Adige,2009,11,9,11.75,7.22,10.4
Ronco all'Adige,2009,11,10,14.51,5.43,0
Ronco all'Adige,2009,11,11,14.32,2.98,0
Ronco all'Adige,2009,11,12,14.01,2.15,0
Ronco all'Adige,2009,11,13,11.54,4.2,0
Ronco all'Adige,2009,11,14,12.27,7.67,0
Ronco all'Adige,2009,11,15,12.52,8.31,0
Ronco all'Adige,2009,11,16,13.24,9.57,0
Ronco all'Adige,2009,11,17,12.09,10.18,0
Ronco all'Adige,2009,11,18,12.87,9.03,0
Ronco all'Adige,2009,11,19,12.76,8.84,0
Ronco all'Adige,2009,11,20,13.86,8.4,0
Ronco all'Adige,2009,11,21,11.59,6.61,0
Ronco all'Adige,2009,11,22,10.98,7.89,0
Ronco all'Adige,2009,11,23,12.86,7.37,0
Ronco all'Adige,2009,11,24,11.46,7.05,0
Ronco all'Adige,2009,11,25,10.35,6.74,0
Ronco all'Adige,2009,11,26,10.67,7.27,0
Ronco all'Adige,2009,11,27,11.8,8.59,1.9
Ronco all'Adige,2009,11,28,12.43,6.94,2.9
Ronco all'Adige,2009,11,29,13.22,6.47,5.6
Ronco all'Adige,2009,11,30,15.73,8.46,6.3
Ronco all'Adige,2009,12,1,11.98,5.03,0
Ronco all'Adige,2009,12,2,11.6,0.73,0
Ronco all'Adige,2009,12,3,7.84,-0.17,0
Ronco all'Adige,2009,12,4,7.07,3.81,31.4
Ronco all'Adige,2009,12,5,10.6,3.12,0
Ronco all'Adige,2009,12,6,8.45,1.19,0
Ronco all'Adige,2009,12,7,7.32,4.03,5.7
Ronco all'Adige,2009,12,8,8.95,3.51,9.8
Ronco all'Adige,2009,12,9,12.87,0.05,0
Ronco all'Adige,2009,12,10,11,-0.49,0
Ronco all'Adige,2009,12,11,6.57,-2.13,0
Ronco all'Adige,2009,12,12,7.9,-1.24,0
Ronco all'Adige,2009,12,13,6.26,1.41,0
Ronco all'Adige,2009,12,14,3.87,-1.13,0
Ronco all'Adige,2009,12,15,3.76,-2.97,0
Ronco all'Adige,2009,12,16,3.53,-5.29,0
Ronco all'Adige,2009,12,17,-0.38,-5.36,0
Ronco all'Adige,2009,12,18,0.61,-7.13,0
Ronco all'Adige,2009,12,19,-1.61,-10.51,0
Ronco all'Adige,2009,12,20,-3.04,-13.12,0
Ronco all'Adige,2009,12,21,-2.15,-7.8,0
Ronco all'Adige,2009,12,22,0.1,-4.01,6
Ronco all'Adige,2009,12,23,4.98,-0.67,14
Ronco all'Adige,2009,12,24,7.38,1.95,3.6
Ronco all'Adige,2009,12,25,10.73,1.05,0
Ronco all'Adige,2009,12,26,5.7,-1.16,0
Ronco all'Adige,2009,12,27,7.94,-1.78,0
Ronco all'Adige,2009,12,28,3.69,-4.29,2.2
Ronco all'Adige,2009,12,29,4.91,0.33,0
Ronco all'Adige,2009,12,30,3.7,1.65,2.8
Ronco all'Adige,2009,12,31,5,0.61,2.5
Ronco all'Adige,2010,1,1,5.9,3.07,4.9
Ronco all'Adige,2010,1,2,6.27,-0.38,2.6
Ronco all'Adige,2010,1,3,3.44,-3.19,0
Ronco all'Adige,2010,1,4,1.11,-2.4,0
Ronco all'Adige,2010,1,5,1.84,-1.57,0
Ronco all'Adige,2010,1,6,4.3,-0.92,3.4
Ronco all'Adige,2010,1,7,5.7,-0.76,3.2
Ronco all'Adige,2010,1,8,6.4,2.28,15.2
Ronco all'Adige,2010,1,9,7.76,3.15,14.8
Ronco all'Adige,2010,1,10,8.77,0.68,0
Ronco all'Adige,2010,1,11,5.77,0.33,0
Ronco all'Adige,2010,1,12,4.88,0.53,0
Ronco all'Adige,2010,1,13,6.08,2.51,0
Ronco all'Adige,2010,1,14,5.19,1.56,0
Ronco all'Adige,2010,1,15,7.92,-0.54,0
Ronco all'Adige,2010,1,16,5.82,-1,0
Ronco all'Adige,2010,1,17,5.05,0.41,0
Ronco all'Adige,2010,1,18,5,-2.52,0
Ronco all'Adige,2010,1,19,1.81,-1.86,0
Ronco all'Adige,2010,1,20,1.63,-2.05,0
Ronco all'Adige,2010,1,21,1.71,-1.81,0
Ronco all'Adige,2010,1,22,4.36,-1.14,0
Ronco all'Adige,2010,1,23,3.28,-2.29,0
Ronco all'Adige,2010,1,24,0.96,-3.83,0
Ronco all'Adige,2010,1,25,2.41,-1.96,0
Ronco all'Adige,2010,1,26,2.29,-1.67,0
Ronco all'Adige,2010,1,27,5.06,-3.02,3.6
Ronco all'Adige,2010,1,28,4.15,-3.9,0
Ronco all'Adige,2010,1,29,4.27,-4.69,0
Ronco all'Adige,2010,1,30,3.32,-1.5,2.3
Ronco all'Adige,2010,1,31,3.36,-4.62,4.2
Ronco all'Adige,2010,2,1,4.49,-6.36,0
Ronco all'Adige,2010,2,2,6.04,-5.41,0
Ronco all'Adige,2010,2,3,7.75,-4.28,0
Ronco all'Adige,2010,2,4,5.79,-0.91,0
Ronco all'Adige,2010,2,5,6.52,2.27,8.5
Ronco all'Adige,2010,2,6,8.01,2.47,13.4
Ronco all'Adige,2010,2,7,11.02,0.47,0
Ronco all'Adige,2010,2,8,7.5,-1.95,0
Ronco all'Adige,2010,2,9,4.64,-2.03,0
Ronco all'Adige,2010,2,10,5.87,1.66,8.5
Ronco all'Adige,2010,2,11,5.5,0.2,5.6
Ronco all'Adige,2010,2,12,8.78,0.45,0
Ronco all'Adige,2010,2,13,9.06,-1.59,0
Ronco all'Adige,2010,2,14,9.71,-1.31,0
Ronco all'Adige,2010,2,15,6.59,-2.01,0
Ronco all'Adige,2010,2,16,7.49,2.58,0
Ronco all'Adige,2010,2,17,9.94,3.37,4.1
Ronco all'Adige,2010,2,18,10.6,4.9,5.3
Ronco all'Adige,2010,2,19,10.01,5.5,8.7
Ronco all'Adige,2010,2,20,8.75,3.37,10.9
Ronco all'Adige,2010,2,21,10.04,0.58,0
Ronco all'Adige,2010,2,22,7.61,4.39,1.5
Ronco all'Adige,2010,2,23,10.05,5.23,5.3
Ronco all'Adige,2010,2,24,13.16,3.48,0
Ronco all'Adige,2010,2,25,14.36,3.57,0
Ronco all'Adige,2010,2,26,11.8,5.14,5.2
Ronco all'Adige,2010,2,27,14.76,2.13,0
Ronco all'Adige,2010,2,28,9.91,6.57,0
Ronco all'Adige,2010,3,1,13.16,2.83,0
Ronco all'Adige,2010,3,2,15.58,4.62,0
Ronco all'Adige,2010,3,3,10.69,3.87,9.5
Ronco all'Adige,2010,3,4,10.41,4.2,5.5
Ronco all'Adige,2010,3,5,7.45,-0.51,2.8
Ronco all'Adige,2010,3,6,9.05,-3.58,0
Ronco all'Adige,2010,3,7,7.25,-0.18,0
Ronco all'Adige,2010,3,8,6.34,-2.31,0
Ronco all'Adige,2010,3,9,4.61,-0.75,0
Ronco all'Adige,2010,3,10,3.49,-0.81,4
Ronco all'Adige,2010,3,11,6.87,-1.24,4.1
Ronco all'Adige,2010,3,12,9.35,-1.05,0
Ronco all'Adige,2010,3,13,11.82,-1.17,0
Ronco all'Adige,2010,3,14,13.5,-1.03,0
Ronco all'Adige,2010,3,15,15.72,-0.66,0
Ronco all'Adige,2010,3,16,16.2,1,0
Ronco all'Adige,2010,3,17,14.64,0.35,0
Ronco all'Adige,2010,3,18,15.63,4.71,0
Ronco all'Adige,2010,3,19,14.41,4.84,0
Ronco all'Adige,2010,3,20,13.89,7.54,0
Ronco all'Adige,2010,3,21,12.54,9.81,0
Ronco all'Adige,2010,3,22,13.5,10.22,4.3
Ronco all'Adige,2010,3,23,16.54,9.66,0
Ronco all'Adige,2010,3,24,18.47,7.24,0
Ronco all'Adige,2010,3,25,18.6,8.2,0
Ronco all'Adige,2010,3,26,16.49,10.39,0
Ronco all'Adige,2010,3,27,19.12,7.23,5.2
Ronco all'Adige,2010,3,28,21.18,7.16,0
Ronco all'Adige,2010,3,29,17.96,6.92,0
Ronco all'Adige,2010,3,30,15.62,8.74,3.5
Ronco all'Adige,2010,3,31,16.78,7.21,0
Ronco all'Adige,2010,4,1,14.18,5.39,3.2
Ronco all'Adige,2010,4,2,14.43,2.82,0
Ronco all'Adige,2010,4,3,14.91,2.79,0
Ronco all'Adige,2010,4,4,16.1,8.82,6.4
Ronco all'Adige,2010,4,5,17.26,7.28,5
Ronco all'Adige,2010,4,6,19.25,5.62,0
Ronco all'Adige,2010,4,7,18.14,6.29,0
Ronco all'Adige,2010,4,8,20.4,6.77,0
Ronco all'Adige,2010,4,9,22.6,7.16,0
Ronco all'Adige,2010,4,10,23.09,9.33,0
Ronco all'Adige,2010,4,11,13.87,6.72,5.8
Ronco all'Adige,2010,4,12,15.09,3.13,0
Ronco all'Adige,2010,4,13,15.28,5.98,0
Ronco all'Adige,2010,4,14,18.48,5.78,0
Ronco all'Adige,2010,4,15,18.35,8.27,0
Ronco all'Adige,2010,4,16,18.12,7.3,2.3
Ronco all'Adige,2010,4,17,15.08,9.78,13.6
Ronco all'Adige,2010,4,18,17.82,8.29,6.9
Ronco all'Adige,2010,4,19,21.02,7.59,0
Ronco all'Adige,2010,4,20,23.55,8.83,0
Ronco all'Adige,2010,4,21,24.39,10.52,0
Ronco all'Adige,2010,4,22,21.12,11.93,0
Ronco all'Adige,2010,4,23,17.55,12.12,8.3
Ronco all'Adige,2010,4,24,19.41,11.93,3.5
Ronco all'Adige,2010,4,25,24.79,12.08,0
Ronco all'Adige,2010,4,26,26.34,12.92,0
Ronco all'Adige,2010,4,27,24.14,14.1,0
Ronco all'Adige,2010,4,28,24.87,12.98,0
Ronco all'Adige,2010,4,29,25.39,13.45,0
Ronco all'Adige,2010,4,30,26.11,13.28,0
Ronco all'Adige,2010,5,1,24.95,14.13,0
Ronco all'Adige,2010,5,2,20.49,14.22,4.2
Ronco all'Adige,2010,5,3,23.72,14.31,0
Ronco all'Adige,2010,5,4,18.71,14.18,21.4
Ronco all'Adige,2010,5,5,19.63,12.35,30.6
Ronco all'Adige,2010,5,6,18.89,9.41,13.4
Ronco all'Adige,2010,5,7,18.6,8.42,2.6
Ronco all'Adige,2010,5,8,19.25,10.78,0
Ronco all'Adige,2010,5,9,19.03,10.3,0
Ronco all'Adige,2010,5,10,18.92,12.99,4.1
Ronco all'Adige,2010,5,11,18.17,13.39,12
Ronco all'Adige,2010,5,12,22.06,12.89,8.8
Ronco all'Adige,2010,5,13,20.52,11.73,5
Ronco all'Adige,2010,5,14,21.1,12.14,0
Ronco all'Adige,2010,5,15,16.4,11.93,10.5
Ronco all'Adige,2010,5,16,22.99,11.59,0
Ronco all'Adige,2010,5,17,22.75,12.56,0
Ronco all'Adige,2010,5,18,24.42,11.49,0
Ronco all'Adige,2010,5,19,20.79,13.32,0
Ronco all'Adige,2010,5,20,23.21,11.79,0
Ronco all'Adige,2010,5,21,25.8,11.88,0
Ronco all'Adige,2010,5,22,26.84,14.17,0
Ronco all'Adige,2010,5,23,28.05,15.42,0
Ronco all'Adige,2010,5,24,29.43,16.47,0
Ronco all'Adige,2010,5,25,29.3,15.93,0
Ronco all'Adige,2010,5,26,27.64,16.67,0
Ronco all'Adige,2010,5,27,25.86,15.43,0
Ronco all'Adige,2010,5,28,25.4,14.36,0
Ronco all'Adige,2010,5,29,24.79,15.29,7.7
Ronco all'Adige,2010,5,30,25.13,13.87,0
Ronco all'Adige,2010,5,31,26.98,14.68,0
Ronco all'Adige,2010,6,1,27.12,12.9,0
Ronco all'Adige,2010,6,2,27.02,15.91,0
Ronco all'Adige,2010,6,3,23.68,16.48,0
Ronco all'Adige,2010,6,4,27.9,15.54,0
Ronco all'Adige,2010,6,5,27.99,16.78,0
Ronco all'Adige,2010,6,6,29.1,17.53,0
Ronco all'Adige,2010,6,7,29.1,18.96,0
Ronco all'Adige,2010,6,8,29.39,18.79,0
Ronco all'Adige,2010,6,9,30.07,18.99,0
Ronco all'Adige,2010,6,10,29.81,20.18,0
Ronco all'Adige,2010,6,11,31.4,19.29,0
Ronco all'Adige,2010,6,12,31.25,21.17,0
Ronco all'Adige,2010,6,13,31.1,19.51,2.4
Ronco all'Adige,2010,6,14,30.18,17.68,0
Ronco all'Adige,2010,6,15,23.22,18.85,16
Ronco all'Adige,2010,6,16,24.81,17.9,27.5
Ronco all'Adige,2010,6,17,23.32,15.92,5.8
Ronco all'Adige,2010,6,18,25.97,14.58,0
Ronco all'Adige,2010,6,19,23.59,14.93,18
Ronco all'Adige,2010,6,20,16.99,13.69,47.1
Ronco all'Adige,2010,6,21,23.06,13.72,8
Ronco all'Adige,2010,6,22,25.74,14.47,0
Ronco all'Adige,2010,6,23,27.03,16.8,0
Ronco all'Adige,2010,6,24,27.28,15.99,0
Ronco all'Adige,2010,6,25,28.51,17.44,0
Ronco all'Adige,2010,6,26,30,18.35,0
Ronco all'Adige,2010,6,27,30.19,19.64,0
Ronco all'Adige,2010,6,28,31.36,19.18,0
Ronco all'Adige,2010,6,29,31.25,20.73,0
Ronco all'Adige,2010,6,30,32.61,21.14,0
Ronco all'Adige,2010,7,1,33.3,21.54,0
Ronco all'Adige,2010,7,2,33.22,21.03,0
Ronco all'Adige,2010,7,3,34.09,22.64,0
Ronco all'Adige,2010,7,4,34.46,20.97,0
Ronco all'Adige,2010,7,5,32.61,21.83,3.2
Ronco all'Adige,2010,7,6,32.35,21.5,3.9
Ronco all'Adige,2010,7,7,29.38,20.1,0
Ronco all'Adige,2010,7,8,29.76,20.87,0
Ronco all'Adige,2010,7,9,31.19,18.92,0
Ronco all'Adige,2010,7,10,31.2,21.98,0
Ronco all'Adige,2010,7,11,33.41,22.09,0
Ronco all'Adige,2010,7,12,32.88,22.18,0
Ronco all'Adige,2010,7,13,33.09,23.15,0
Ronco all'Adige,2010,7,14,32.6,22.96,0
Ronco all'Adige,2010,7,15,35.78,23.11,0
Ronco all'Adige,2010,7,16,35.98,23.43,0
Ronco all'Adige,2010,7,17,35.8,23.15,0
Ronco all'Adige,2010,7,18,29.64,20.98,0
Ronco all'Adige,2010,7,19,30.4,19.77,0
Ronco all'Adige,2010,7,20,30.92,20.48,0
Ronco all'Adige,2010,7,21,33.29,20.86,0
Ronco all'Adige,2010,7,22,34.72,22.33,0
Ronco all'Adige,2010,7,23,33.9,19.37,0
Ronco all'Adige,2010,7,24,30.16,18.69,11.1
Ronco all'Adige,2010,7,25,30.11,17.65,0
Ronco all'Adige,2010,7,26,28.16,17.17,0
Ronco all'Adige,2010,7,27,28.37,17.31,0
Ronco all'Adige,2010,7,28,30.05,16.96,0
Ronco all'Adige,2010,7,29,25.01,17.38,9.7
Ronco all'Adige,2010,7,30,26.33,15.52,0
Ronco all'Adige,2010,7,31,28.7,15.02,0
Ronco all'Adige,2010,8,1,30,16.97,0
Ronco all'Adige,2010,8,2,31.26,18.15,0
Ronco all'Adige,2010,8,3,30.29,19.77,0
Ronco all'Adige,2010,8,4,28.67,18.46,0
Ronco all'Adige,2010,8,5,22.02,15.6,19.4
Ronco all'Adige,2010,8,6,27.67,15.56,9
Ronco all'Adige,2010,8,7,28.76,15.66,0
Ronco all'Adige,2010,8,8,29.49,16.86,0
Ronco all'Adige,2010,8,9,29.72,18.62,0
Ronco all'Adige,2010,8,10,30.51,19.34,0
Ronco all'Adige,2010,8,11,31.02,19.46,0
Ronco all'Adige,2010,8,12,29.22,19.95,7.5
Ronco all'Adige,2010,8,13,22.34,17.62,24.1
Ronco all'Adige,2010,8,14,22.93,16.53,26
Ronco all'Adige,2010,8,15,28.38,17.34,0
Ronco all'Adige,2010,8,16,26.71,15.68,0
Ronco all'Adige,2010,8,17,27.51,15.57,0
Ronco all'Adige,2010,8,18,28.2,17.83,0
Ronco all'Adige,2010,8,19,29.38,18.43,0
Ronco all'Adige,2010,8,20,28.81,20.2,0
Ronco all'Adige,2010,8,21,32.34,20,0
Ronco all'Adige,2010,8,22,32.9,20.27,0
Ronco all'Adige,2010,8,23,33.45,20.07,0
Ronco all'Adige,2010,8,24,31.89,21,0
Ronco all'Adige,2010,8,25,31.37,21.5,0
Ronco all'Adige,2010,8,26,32.09,21.17,0
Ronco all'Adige,2010,8,27,30.58,21.8,0
Ronco all'Adige,2010,8,28,32.06,18.24,0
Ronco all'Adige,2010,8,29,25.77,16.36,0
Ronco all'Adige,2010,8,30,25.53,13.39,0
Ronco all'Adige,2010,8,31,26.58,12.51,0
Ronco all'Adige,2010,9,1,26.81,11.48,0
Ronco all'Adige,2010,9,2,26.04,13.51,0
Ronco all'Adige,2010,9,3,25.5,16.22,0
Ronco all'Adige,2010,9,4,27.53,16.12,0
Ronco all'Adige,2010,9,5,24.13,17.57,0
Ronco all'Adige,2010,9,6,21.16,16.83,0
Ronco all'Adige,2010,9,7,21.37,15.5,0
Ronco all'Adige,2010,9,8,22.9,15.6,11.6
Ronco all'Adige,2010,9,9,25.45,14.07,0
Ronco all'Adige,2010,9,10,26.32,14.82,0
Ronco all'Adige,2010,9,11,26.8,13.43,0
Ronco all'Adige,2010,9,12,26.2,13.95,0
Ronco all'Adige,2010,9,13,21.41,14.69,7.2
Ronco all'Adige,2010,9,14,26.28,13.61,0
Ronco all'Adige,2010,9,15,26.77,14.57,0
Ronco all'Adige,2010,9,16,26.77,15.53,0
Ronco all'Adige,2010,9,17,24.95,18.24,0
Ronco all'Adige,2010,9,18,19.65,14.73,7.9
Ronco all'Adige,2010,9,19,22.83,14.03,5
Ronco all'Adige,2010,9,20,24.28,13.94,0
Ronco all'Adige,2010,9,21,25.13,12.83,0
Ronco all'Adige,2010,9,22,26.51,12.4,0
Ronco all'Adige,2010,9,23,24.73,12.15,0
Ronco all'Adige,2010,9,24,23.79,12.97,15
Ronco all'Adige,2010,9,25,19.76,12.72,20
Ronco all'Adige,2010,9,26,23.35,11.98,0
Ronco all'Adige,2010,9,27,17.98,12.91,8.2
Ronco all'Adige,2010,9,28,18.7,11.55,0
Ronco all'Adige,2010,9,29,22.04,9.66,0
Ronco all'Adige,2010,9,30,22.12,9.81,0
Ronco all'Adige,2010,10,1,19.35,12.18,0
Ronco all'Adige,2010,10,2,21.64,11.9,0
Ronco all'Adige,2010,10,3,21.64,11.94,0
Ronco all'Adige,2010,10,4,21.66,15.08,7.5
Ronco all'Adige,2010,10,5,23.98,15.88,2.6
Ronco all'Adige,2010,10,6,24.22,13.71,0
Ronco all'Adige,2010,10,7,21.92,13.49,0
Ronco all'Adige,2010,10,8,18.06,11.65,0
Ronco all'Adige,2010,10,9,18.43,8.59,0
Ronco all'Adige,2010,10,10,18.74,7.32,0
Ronco all'Adige,2010,10,11,19.49,8.84,0
Ronco all'Adige,2010,10,12,19.51,7.85,0
Ronco all'Adige,2010,10,13,16.93,8.78,0
Ronco all'Adige,2010,10,14,20.4,10.26,0
Ronco all'Adige,2010,10,15,19.43,8.55,0
Ronco all'Adige,2010,10,16,15.59,9.13,17.3
Ronco all'Adige,2010,10,17,12.22,8.81,12.5
Ronco all'Adige,2010,10,18,17.71,7.68,0
Ronco all'Adige,2010,10,19,18.92,6.64,0
Ronco all'Adige,2010,10,20,18.29,5.95,0
Ronco all'Adige,2010,10,21,16.92,5.38,0
Ronco all'Adige,2010,10,22,16.49,5.13,0
Ronco all'Adige,2010,10,23,13.82,7.6,0
Ronco all'Adige,2010,10,24,13.16,8.1,8.4
Ronco all'Adige,2010,10,25,13.58,8.26,28.5
Ronco all'Adige,2010,10,26,11.9,5.64,8.8
Ronco all'Adige,2010,10,27,13.57,2.25,0
Ronco all'Adige,2010,10,28,14.19,1.98,0
Ronco all'Adige,2010,10,29,16.55,2.8,0
Ronco all'Adige,2010,10,30,14.69,3.39,0
Ronco all'Adige,2010,10,31,15.07,11.63,16.3
Ronco all'Adige,2010,11,1,16.11,13.51,25.8
Ronco all'Adige,2010,11,2,17.06,12.05,11.9
Ronco all'Adige,2010,11,3,18.43,11.33,5.4
Ronco all'Adige,2010,11,4,17.37,9.39,0
Ronco all'Adige,2010,11,5,16.14,10.05,0
Ronco all'Adige,2010,11,6,14.5,10.35,0
Ronco all'Adige,2010,11,7,14.77,9.61,1.1
Ronco all'Adige,2010,11,8,15.25,7.79,2.8
Ronco all'Adige,2010,11,9,11.76,7.04,2.3
Ronco all'Adige,2010,11,10,13.4,7.73,3.4
Ronco all'Adige,2010,11,11,12.62,7.23,0
Ronco all'Adige,2010,11,12,13.28,6.67,0
Ronco all'Adige,2010,11,13,13.38,9.28,0
Ronco all'Adige,2010,11,14,14.22,8.9,0
Ronco all'Adige,2010,11,15,14.46,10.07,0
Ronco all'Adige,2010,11,16,15.68,10.86,21.3
Ronco all'Adige,2010,11,17,14.63,8.45,8.9
Ronco all'Adige,2010,11,18,12.66,7.25,2.4
Ronco all'Adige,2010,11,19,13.11,6.78,0
Ronco all'Adige,2010,11,20,11.1,5.98,2.5
Ronco all'Adige,2010,11,21,12.66,8.63,14.3
Ronco all'Adige,2010,11,22,10.89,7.22,4
Ronco all'Adige,2010,11,23,10.11,5.3,0
Ronco all'Adige,2010,11,24,9.75,3.07,0
Ronco all'Adige,2010,11,25,7.39,2.05,0
Ronco all'Adige,2010,11,26,6.61,1.22,7.7
Ronco all'Adige,2010,11,27,7.67,-0.89,0
Ronco all'Adige,2010,11,28,5.73,2.65,11.9
Ronco all'Adige,2010,11,29,8.42,0.1,0
Ronco all'Adige,2010,11,30,8.3,1.11,4.5
Ronco all'Adige,2010,12,1,5.81,0.03,12.5
Ronco all'Adige,2010,12,2,4.16,-0.61,4.9
Ronco all'Adige,2010,12,3,5.99,0.07,5.9
Ronco all'Adige,2010,12,4,4.52,-0.05,4.6
Ronco all'Adige,2010,12,5,3.2,-1.86,0
Ronco all'Adige,2010,12,6,4.26,1.52,3.2
Ronco all'Adige,2010,12,7,5.58,2.45,4.8
Ronco all'Adige,2010,12,8,8.05,3,2.7
Ronco all'Adige,2010,12,9,12.43,1.4,0
Ronco all'Adige,2010,12,10,9.45,-0.16,0
Ronco all'Adige,2010,12,11,8.19,-0.61,0
Ronco all'Adige,2010,12,12,7.78,-2.22,0
Ronco all'Adige,2010,12,13,8.11,-1.7,0
Ronco all'Adige,2010,12,14,3.58,-3.91,0
Ronco all'Adige,2010,12,15,0.56,-4.86,0
Ronco all'Adige,2010,12,16,-0.42,-6.33,0
Ronco all'Adige,2010,12,17,-0.02,-6,0
Ronco all'Adige,2010,12,18,1.41,-6.87,0
Ronco all'Adige,2010,12,19,3.07,-8.62,0
Ronco all'Adige,2010,12,20,4.29,-0.4,0
Ronco all'Adige,2010,12,21,5.02,1.95,2.5
Ronco all'Adige,2010,12,22,5.02,3.18,9.4
Ronco all'Adige,2010,12,23,10.21,4.09,27.7
Ronco all'Adige,2010,12,24,10.89,5.42,22.2
Ronco all'Adige,2010,12,25,9.85,4.66,9.6
Ronco all'Adige,2010,12,26,6.52,0.77,0
Ronco all'Adige,2010,12,27,5.26,-2.18,0
Ronco all'Adige,2010,12,28,1.94,-3.66,0
Ronco all'Adige,2010,12,29,3.38,-3.95,0
Ronco all'Adige,2010,12,30,5.29,0.79,0
Ronco all'Adige,2010,12,31,8.03,0.82,0
Ronco all'Adige,2011,1,1,6.57,-1.17,0
Ronco all'Adige,2011,1,2,6.1,-2.88,0
Ronco all'Adige,2011,1,3,5.78,-2,0
Ronco all'Adige,2011,1,4,3.84,-3.35,0
Ronco all'Adige,2011,1,5,1.05,-2.71,0
Ronco all'Adige,2011,1,6,1.57,-0.41,0
Ronco all'Adige,2011,1,7,2.81,-0.11,3.2
Ronco all'Adige,2011,1,8,6.42,2.21,0
Ronco all'Adige,2011,1,9,5.75,3.8,0
Ronco all'Adige,2011,1,10,7.59,4.69,4.6
Ronco all'Adige,2011,1,11,8.97,4.3,4.7
Ronco all'Adige,2011,1,12,8.39,3.47,0
Ronco all'Adige,2011,1,13,6.81,2.3,0
Ronco all'Adige,2011,1,14,6.59,3.19,0
Ronco all'Adige,2011,1,15,8.21,3.46,0
Ronco all'Adige,2011,1,16,6.82,2.59,0
Ronco all'Adige,2011,1,17,4.34,0.77,0
Ronco all'Adige,2011,1,18,4.71,0.38,0
Ronco all'Adige,2011,1,19,4.8,-0.09,0
Ronco all'Adige,2011,1,20,6.33,1.08,5.2
Ronco all'Adige,2011,1,21,6.79,0.4,0
Ronco all'Adige,2011,1,22,7.05,-1.8,0
Ronco all'Adige,2011,1,23,7.58,-3.1,0
Ronco all'Adige,2011,1,24,6.98,-3.74,0
Ronco all'Adige,2011,1,25,6.65,-2.69,0
Ronco all'Adige,2011,1,26,6.25,-2.19,0
Ronco all'Adige,2011,1,27,7.49,1.82,0
Ronco all'Adige,2011,1,28,9.14,1.67,0
Ronco all'Adige,2011,1,29,6.44,0.66,0
Ronco all'Adige,2011,1,30,6.23,1.4,4.3
Ronco all'Adige,2011,1,31,9.57,0.1,0
Ronco all'Adige,2011,2,1,7.81,-2.51,0
Ronco all'Adige,2011,2,2,8.27,-1.09,0
Ronco all'Adige,2011,2,3,9.06,-1.98,0
Ronco all'Adige,2011,2,4,12.23,-1.13,0
Ronco all'Adige,2011,2,5,14.83,-0.09,0
Ronco all'Adige,2011,2,6,14.95,-1.14,0
Ronco all'Adige,2011,2,7,12.47,-2.6,0
Ronco all'Adige,2011,2,8,13.57,-1.27,0
Ronco all'Adige,2011,2,9,13.38,-2.39,0
Ronco all'Adige,2011,2,10,12.88,-1.08,0
Ronco all'Adige,2011,2,11,13.36,-0.15,0
Ronco all'Adige,2011,2,12,12.58,1.26,0
Ronco all'Adige,2011,2,13,8.96,5.65,0
Ronco all'Adige,2011,2,14,10.24,5.42,0
Ronco all'Adige,2011,2,15,9.55,6.92,3.3
Ronco all'Adige,2011,2,16,8.34,6.03,11.6
Ronco all'Adige,2011,2,17,11.04,5.65,9
Ronco all'Adige,2011,2,18,13.3,5.59,1.4
Ronco all'Adige,2011,2,19,13.49,1.7,0
Ronco all'Adige,2011,2,20,9.24,4.38,2
Ronco all'Adige,2011,2,21,9.24,3.7,0
Ronco all'Adige,2011,2,22,7.28,1.91,0
Ronco all'Adige,2011,2,23,8.45,-0.69,0
Ronco all'Adige,2011,2,24,9.16,-2.38,0
Ronco all'Adige,2011,2,25,9.66,-2.69,0
Ronco all'Adige,2011,2,26,10.59,-2.04,0
Ronco all'Adige,2011,2,27,6.26,2.36,5.5
Ronco all'Adige,2011,2,28,10.02,3.3,17.8
Ronco all'Adige,2011,3,1,12.34,3.91,2.1
Ronco all'Adige,2011,3,2,7.48,2.31,0
Ronco all'Adige,2011,3,3,6.36,2.16,6.4
Ronco all'Adige,2011,3,4,11.58,2.6,1.8
Ronco all'Adige,2011,3,5,11.66,3.36,0
Ronco all'Adige,2011,3,6,16.48,0.67,0
Ronco all'Adige,2011,3,7,9.04,0.46,0
Ronco all'Adige,2011,3,8,9.51,-1.41,0
Ronco all'Adige,2011,3,9,11.42,-2.4,0
Ronco all'Adige,2011,3,10,13.6,-0.36,0
Ronco all'Adige,2011,3,11,14.01,2.04,0
Ronco all'Adige,2011,3,12,13.01,7.75,0
Ronco all'Adige,2011,3,13,12.13,7.19,5.8
Ronco all'Adige,2011,3,14,14.17,7.9,1.5
Ronco all'Adige,2011,3,15,12.64,10.7,4.3
Ronco all'Adige,2011,3,16,11.49,10.15,27.9
Ronco all'Adige,2011,3,17,16.28,9.23,9.1
Ronco all'Adige,2011,3,18,17.04,7.97,0
Ronco all'Adige,2011,3,19,16.23,7.23,0
Ronco all'Adige,2011,3,20,14.73,5.81,0
Ronco all'Adige,2011,3,21,14.02,4.18,0
Ronco all'Adige,2011,3,22,16.59,4.6,0
Ronco all'Adige,2011,3,23,19.75,4.64,0
Ronco all'Adige,2011,3,24,21.46,5.58,0
Ronco all'Adige,2011,3,25,21.32,6.94,0
Ronco all'Adige,2011,3,26,18.83,8.13,0
Ronco all'Adige,2011,3,27,17.03,9.37,1.1
Ronco all'Adige,2011,3,28,15.08,10.18,1
Ronco all'Adige,2011,3,29,18.55,8.55,0
Ronco all'Adige,2011,3,30,20.66,7.11,0
Ronco all'Adige,2011,3,31,22.53,7.85,0
Ronco all'Adige,2011,4,1,25,11.14,0
Ronco all'Adige,2011,4,2,24.45,10.59,0
Ronco all'Adige,2011,4,3,25.13,10.49,0
Ronco all'Adige,2011,4,4,24.84,10.89,0
Ronco all'Adige,2011,4,5,21.86,11,0
Ronco all'Adige,2011,4,6,24.56,10.78,0
Ronco all'Adige,2011,4,7,27.67,10.94,0
Ronco all'Adige,2011,4,8,29.54,13.7,0
Ronco all'Adige,2011,4,9,31.44,13.58,0
Ronco all'Adige,2011,4,10,24.97,12.61,0
Ronco all'Adige,2011,4,11,24.87,9.83,0
Ronco all'Adige,2011,4,12,25.72,11.05,0
Ronco all'Adige,2011,4,13,18.2,9.36,0
Ronco all'Adige,2011,4,14,16.46,7.39,3.1
Ronco all'Adige,2011,4,15,16.55,8.04,0
Ronco all'Adige,2011,4,16,17.26,6.44,0
Ronco all'Adige,2011,4,17,19.19,7.99,0
Ronco all'Adige,2011,4,18,20.49,7.07,0
Ronco all'Adige,2011,4,19,21.73,7.76,0
Ronco all'Adige,2011,4,20,23.1,8.7,0
Ronco all'Adige,2011,4,21,23.92,9.15,0
Ronco all'Adige,2011,4,22,22.12,9.86,0
Ronco all'Adige,2011,4,23,20.13,12.7,0
Ronco all'Adige,2011,4,24,22.91,10.39,0
Ronco all'Adige,2011,4,25,21.97,11.84,0
Ronco all'Adige,2011,4,26,22.67,11.33,0
Ronco all'Adige,2011,4,27,22.34,12.25,0
Ronco all'Adige,2011,4,28,19.09,10.21,0
Ronco all'Adige,2011,4,29,19.48,9.99,2.1
Ronco all'Adige,2011,4,30,20.52,10.33,3.7
Ronco all'Adige,2011,5,1,23.2,10.22,0
Ronco all'Adige,2011,5,2,23.1,12.57,0
Ronco all'Adige,2011,5,3,24.75,12.46,0
Ronco all'Adige,2011,5,4,19.04,12.13,10
Ronco all'Adige,2011,5,5,19.34,9.56,0
Ronco all'Adige,2011,5,6,21.67,7.02,0
Ronco all'Adige,2011,5,7,24.57,8.62,0
Ronco all'Adige,2011,5,8,27.48,11.3,0
Ronco all'Adige,2011,5,9,21.76,11.98,0
Ronco all'Adige,2011,5,10,25.82,10.57,0
Ronco all'Adige,2011,5,11,28.19,11.91,0
Ronco all'Adige,2011,5,12,29.21,15.46,0
Ronco all'Adige,2011,5,13,26.93,15.69,0
Ronco all'Adige,2011,5,14,27.28,15.97,0
Ronco all'Adige,2011,5,15,20.12,10.26,12.7
Ronco all'Adige,2011,5,16,24.08,8.99,0
Ronco all'Adige,2011,5,17,24.6,11.71,0
Ronco all'Adige,2011,5,18,25.28,14.82,0
Ronco all'Adige,2011,5,19,27.27,13.79,0
Ronco all'Adige,2011,5,20,28.87,14.78,0
Ronco all'Adige,2011,5,21,28.85,15.94,0
Ronco all'Adige,2011,5,22,29.99,15.85,0
Ronco all'Adige,2011,5,23,30.01,18.16,0
Ronco all'Adige,2011,5,24,31.09,19.83,0
Ronco all'Adige,2011,5,25,30.81,20.29,0
Ronco all'Adige,2011,5,26,30.34,17.69,0
Ronco all'Adige,2011,5,27,27.05,13.91,0
Ronco all'Adige,2011,5,28,24.66,14.09,0
Ronco all'Adige,2011,5,29,26.04,14.27,0
Ronco all'Adige,2011,5,30,27.39,15.72,0
Ronco all'Adige,2011,5,31,28.31,15.52,0
Ronco all'Adige,2011,6,1,25.25,17.56,3.2
Ronco all'Adige,2011,6,2,26.99,15.62,3.3
Ronco all'Adige,2011,6,3,26.15,18.23,0
Ronco all'Adige,2011,6,4,27.76,17.59,9.9
Ronco all'Adige,2011,6,5,25.95,16.52,16.3
Ronco all'Adige,2011,6,6,22.04,15.76,15.3
Ronco all'Adige,2011,6,7,19.42,15.51,16.2
Ronco all'Adige,2011,6,8,23.93,16.36,11.7
Ronco all'Adige,2011,6,9,24.68,16.83,5.8
Ronco all'Adige,2011,6,10,24.62,17.09,7.8
Ronco all'Adige,2011,6,11,24.01,16.51,6.2
Ronco all'Adige,2011,6,12,26.68,17.22,0
Ronco all'Adige,2011,6,13,24.89,16.87,0
Ronco all'Adige,2011,6,14,28.01,17.24,0
Ronco all'Adige,2011,6,15,29.13,16.98,0
Ronco all'Adige,2011,6,16,30.16,18.43,0
Ronco all'Adige,2011,6,17,28.13,19.67,0
Ronco all'Adige,2011,6,18,28.57,18.89,0
Ronco all'Adige,2011,6,19,26.65,17.36,0
Ronco all'Adige,2011,6,20,27.83,16.6,0
Ronco all'Adige,2011,6,21,29.07,17.84,0
Ronco all'Adige,2011,6,22,31.26,19.84,0
Ronco all'Adige,2011,6,23,30.16,20.78,0
Ronco all'Adige,2011,6,24,27.65,18.58,0
Ronco all'Adige,2011,6,25,28.09,17.9,0
Ronco all'Adige,2011,6,26,29.71,17.49,0
Ronco all'Adige,2011,6,27,30.57,18.47,0
Ronco all'Adige,2011,6,28,32.29,20.06,0
Ronco all'Adige,2011,6,29,32.4,20.89,2.3
Ronco all'Adige,2011,6,30,29.57,19.69,0
Ronco all'Adige,2011,7,1,26.14,17.65,0
Ronco all'Adige,2011,7,2,26.02,15.69,0
Ronco all'Adige,2011,7,3,28.02,13.98,0
Ronco all'Adige,2011,7,4,29.21,17.7,0
Ronco all'Adige,2011,7,5,27.66,19.27,5.6
Ronco all'Adige,2011,7,6,30.64,19.44,0
Ronco all'Adige,2011,7,7,30.41,20.64,0
Ronco all'Adige,2011,7,8,31.95,20.54,0
Ronco all'Adige,2011,7,9,32.82,21.22,0
Ronco all'Adige,2011,7,10,33.41,21.13,0
Ronco all'Adige,2011,7,11,33.73,19.96,0
Ronco all'Adige,2011,7,12,32.78,22.8,0
Ronco all'Adige,2011,7,13,32.22,23.29,0
Ronco all'Adige,2011,7,14,31.96,21.51,0
Ronco all'Adige,2011,7,15,30.04,20.12,0
Ronco all'Adige,2011,7,16,29.08,19.23,0
Ronco all'Adige,2011,7,17,30.07,19.43,0
Ronco all'Adige,2011,7,18,30.28,18.74,0
Ronco all'Adige,2011,7,19,27.66,16.45,7.2
Ronco all'Adige,2011,7,20,28.94,16.52,4.5
Ronco all'Adige,2011,7,21,29.12,16.42,0
Ronco all'Adige,2011,7,22,29.67,16.39,0
Ronco all'Adige,2011,7,23,25.77,16.03,11.1
Ronco all'Adige,2011,7,24,22.42,15.15,9.1
Ronco all'Adige,2011,7,25,24.89,14.47,0
Ronco all'Adige,2011,7,26,26.29,16.15,0
Ronco all'Adige,2011,7,27,25.2,16.68,0
Ronco all'Adige,2011,7,28,27.7,16.88,0
Ronco all'Adige,2011,7,29,28.97,18.15,0
Ronco all'Adige,2011,7,30,30.08,17.46,0
Ronco all'Adige,2011,7,31,28.8,18.63,2.2
Ronco all'Adige,2011,8,1,29.53,19.08,0
Ronco all'Adige,2011,8,2,30.85,20.01,0
Ronco all'Adige,2011,8,3,31.11,20.3,0
Ronco all'Adige,2011,8,4,31.38,19.75,0
Ronco all'Adige,2011,8,5,30.55,20.63,0
Ronco all'Adige,2011,8,6,29.91,21.24,0
Ronco all'Adige,2011,8,7,31.21,21.86,0
Ronco all'Adige,2011,8,8,31.37,21.17,0
Ronco all'Adige,2011,8,9,27.21,17.43,0
Ronco all'Adige,2011,8,10,28.61,15.65,0
Ronco all'Adige,2011,8,11,28.19,16.09,0
Ronco all'Adige,2011,8,12,29.82,16.9,0
Ronco all'Adige,2011,8,13,31.22,18.47,0
Ronco all'Adige,2011,8,14,32.17,20.07,0
Ronco all'Adige,2011,8,15,30.5,20.68,0
Ronco all'Adige,2011,8,16,32.03,19.82,0
Ronco all'Adige,2011,8,17,32.63,20.74,0
Ronco all'Adige,2011,8,18,34.47,20.92,0
Ronco all'Adige,2011,8,19,35.46,22.06,0
Ronco all'Adige,2011,8,20,35.89,22.58,0
Ronco all'Adige,2011,8,21,36.42,23.53,0
Ronco all'Adige,2011,8,22,36.36,22.15,0
Ronco all'Adige,2011,8,23,36.88,22.43,0
Ronco all'Adige,2011,8,24,36.97,22.4,0
Ronco all'Adige,2011,8,25,36.65,22.25,0
Ronco all'Adige,2011,8,26,35.57,22.44,0
Ronco all'Adige,2011,8,27,32.33,20.83,0
Ronco all'Adige,2011,8,28,29.95,17.56,0
Ronco all'Adige,2011,8,29,30.87,18.43,0
Ronco all'Adige,2011,8,30,30.63,18.85,0
Ronco all'Adige,2011,8,31,31.07,20.25,0
Ronco all'Adige,2011,9,1,30,19.75,0
Ronco all'Adige,2011,9,2,30.95,19.8,0
Ronco all'Adige,2011,9,3,32.14,20.85,0
Ronco all'Adige,2011,9,4,28.68,20.7,8.4
Ronco all'Adige,2011,9,5,27.68,19.02,7.3
Ronco all'Adige,2011,9,6,27.23,19.6,3.8
Ronco all'Adige,2011,9,7,28.43,17.53,0
Ronco all'Adige,2011,9,8,28.42,18.88,0
Ronco all'Adige,2011,9,9,29.29,18.04,0
Ronco all'Adige,2011,9,10,30.6,20.25,0
Ronco all'Adige,2011,9,11,31.63,20.54,0
Ronco all'Adige,2011,9,12,30.47,20.92,0
Ronco all'Adige,2011,9,13,31.54,19.67,0
Ronco all'Adige,2011,9,14,32.01,19.8,0
Ronco all'Adige,2011,9,15,31.69,20.78,0
Ronco all'Adige,2011,9,16,30.4,19.52,0
Ronco all'Adige,2011,9,17,31.03,19.87,0
Ronco all'Adige,2011,9,18,26.62,17.16,10.9
Ronco all'Adige,2011,9,19,22.65,14.71,11.3
Ronco all'Adige,2011,9,20,26.71,14.45,0
Ronco all'Adige,2011,9,21,27.39,12.92,0
Ronco all'Adige,2011,9,22,28.33,15.65,0
Ronco all'Adige,2011,9,23,26.95,16.49,0
Ronco all'Adige,2011,9,24,27.11,15.3,0
Ronco all'Adige,2011,9,25,27.73,15.63,0
Ronco all'Adige,2011,9,26,28.7,15.1,0
Ronco all'Adige,2011,9,27,28.06,14.76,0
Ronco all'Adige,2011,9,28,27.95,16.37,0
Ronco all'Adige,2011,9,29,27.21,15.56,0
Ronco all'Adige,2011,9,30,27.6,14.27,0
Ronco all'Adige,2011,10,1,28.54,13.25,0
Ronco all'Adige,2011,10,2,29.06,13.54,0
Ronco all'Adige,2011,10,3,28.85,14.23,0
Ronco all'Adige,2011,10,4,28.11,13.88,0
Ronco all'Adige,2011,10,5,28.04,15.04,0
Ronco all'Adige,2011,10,6,27.85,13.3,0
Ronco all'Adige,2011,10,7,20.22,10.02,10.6
Ronco all'Adige,2011,10,8,19.94,7.83,0
Ronco all'Adige,2011,10,9,20.48,7.32,0
Ronco all'Adige,2011,10,10,22.12,8.61,0
Ronco all'Adige,2011,10,11,23.72,9.16,0
Ronco all'Adige,2011,10,12,25.51,10.94,0
Ronco all'Adige,2011,10,13,23.95,11.98,0
Ronco all'Adige,2011,10,14,17.75,10.05,0
Ronco all'Adige,2011,10,15,16.18,6.01,0
Ronco all'Adige,2011,10,16,16.12,4.82,0
Ronco all'Adige,2011,10,17,16.2,3.2,0
Ronco all'Adige,2011,10,18,17.47,3.49,0
Ronco all'Adige,2011,10,19,14.84,10.76,3.5
Ronco all'Adige,2011,10,20,13.11,7.72,22.8
Ronco all'Adige,2011,10,21,14.86,5.9,0
Ronco all'Adige,2011,10,22,13.77,5.55,0
Ronco all'Adige,2011,10,23,14.16,4.08,0
Ronco all'Adige,2011,10,24,12.81,4.51,0
Ronco all'Adige,2011,10,25,13.36,8.9,28.6
Ronco all'Adige,2011,10,26,14.67,9.66,21.9
Ronco all'Adige,2011,10,27,16.34,9.13,0
Ronco all'Adige,2011,10,28,17.58,8.21,0
Ronco all'Adige,2011,10,29,16.49,7.17,0
Ronco all'Adige,2011,10,30,16.41,8.39,0
Ronco all'Adige,2011,10,31,16.36,7.3,0
Ronco all'Adige,2011,11,1,14.91,5.68,0
Ronco all'Adige,2011,11,2,14.35,8.61,0
Ronco all'Adige,2011,11,3,14.39,10.55,0
Ronco all'Adige,2011,11,4,13.6,10.86,0.6
Ronco all'Adige,2011,11,5,16.68,14.51,7.8
Ronco all'Adige,2011,11,6,14.24,12.47,18.2
Ronco all'Adige,2011,11,7,13.99,11.4,27.4
Ronco all'Adige,2011,11,8,16.09,10.73,7.7
Ronco all'Adige,2011,11,9,16.74,8.39,0
Ronco all'Adige,2011,11,10,15.8,7.36,0
Ronco all'Adige,2011,11,11,12.69,6.44,0
Ronco all'Adige,2011,11,12,12.39,4.61,0
Ronco all'Adige,2011,11,13,14.34,1.77,0
Ronco all'Adige,2011,11,14,12.43,2.01,0
Ronco all'Adige,2011,11,15,7.8,2.26,0
Ronco all'Adige,2011,11,16,9.37,1.31,0
Ronco all'Adige,2011,11,17,7.11,0.79,0
Ronco all'Adige,2011,11,18,6.29,0.03,0
Ronco all'Adige,2011,11,19,5.48,-0.73,0
Ronco all'Adige,2011,11,20,4.48,0.83,0
Ronco all'Adige,2011,11,21,5.6,1.95,0
Ronco all'Adige,2011,11,22,8.5,3.02,0
Ronco all'Adige,2011,11,23,14.26,4.41,0
Ronco all'Adige,2011,11,24,12.58,2.22,0
Ronco all'Adige,2011,11,25,11.95,-0.43,0
Ronco all'Adige,2011,11,26,8.79,0.89,0
Ronco all'Adige,2011,11,27,7.83,0.33,0
Ronco all'Adige,2011,11,28,10.13,0.45,0
Ronco all'Adige,2011,11,29,10.63,0.62,0
Ronco all'Adige,2011,11,30,8.42,0.47,0
Ronco all'Adige,2011,12,1,7.14,-0.52,0
Ronco all'Adige,2011,12,2,7.99,4.56,0.9
Ronco all'Adige,2011,12,3,8.48,5.84,5.5
Ronco all'Adige,2011,12,4,8.07,6.06,0
Ronco all'Adige,2011,12,5,10.16,4.65,0
Ronco all'Adige,2011,12,6,11.13,2.54,0
Ronco all'Adige,2011,12,7,9.31,-1.18,0
Ronco all'Adige,2011,12,8,10.62,0.27,0
Ronco all'Adige,2011,12,9,7.15,0.03,0
Ronco all'Adige,2011,12,10,8.32,4.5,0
Ronco all'Adige,2011,12,11,8.44,5.01,0
Ronco all'Adige,2011,12,12,7.56,5.79,5.7
Ronco all'Adige,2011,12,13,8.12,2.7,0
Ronco all'Adige,2011,12,14,6.52,3.75,0
Ronco all'Adige,2011,12,15,6.39,3.11,0
Ronco all'Adige,2011,12,16,7.63,1.51,3.4
Ronco all'Adige,2011,12,17,8.94,-0.08,0
Ronco all'Adige,2011,12,18,4.88,-2.38,0
Ronco all'Adige,2011,12,19,7.33,-2.49,0
Ronco all'Adige,2011,12,20,4.74,-4.42,0
Ronco all'Adige,2011,12,21,6.42,-5.06,0
Ronco all'Adige,2011,12,22,8.3,-2.65,0
Ronco all'Adige,2011,12,23,7.71,-1.48,0
Ronco all'Adige,2011,12,24,4.35,-1.26,3.3
Ronco all'Adige,2011,12,25,12.32,0.4,0
Ronco all'Adige,2011,12,26,9.52,-1.69,0
Ronco all'Adige,2011,12,27,9.68,-0.24,0
Ronco all'Adige,2011,12,28,8.91,-1.23,0
Ronco all'Adige,2011,12,29,4.2,-3.15,0
Ronco all'Adige,2011,12,30,5.11,-1.7,0
Ronco all'Adige,2011,12,31,7.6,-2,0
Ronco all'Adige,2012,1,1,8.18,-3.92,0
Ronco all'Adige,2012,1,2,5.86,-0.71,0
Ronco all'Adige,2012,1,3,7.82,-0.01,4.2
Ronco all'Adige,2012,1,4,2.89,-1.24,0
Ronco all'Adige,2012,1,5,7.33,-1.03,0
Ronco all'Adige,2012,1,6,11.12,0.3,0
Ronco all'Adige,2012,1,7,10.54,-0.79,0
Ronco all'Adige,2012,1,8,10.92,-2.43,0
Ronco all'Adige,2012,1,9,12.71,-2.7,0
Ronco all'Adige,2012,1,10,11.13,-2.72,0
Ronco all'Adige,2012,1,11,10.43,-2.65,0
Ronco all'Adige,2012,1,12,8.84,-4,0
Ronco all'Adige,2012,1,13,8.53,-2.68,0
Ronco all'Adige,2012,1,14,5.93,-5.59,0
Ronco all'Adige,2012,1,15,1.74,-4.27,0
Ronco all'Adige,2012,1,16,2.73,-4.47,0
Ronco all'Adige,2012,1,17,0.43,-4.64,0
Ronco all'Adige,2012,1,18,0.73,-3.23,0
Ronco all'Adige,2012,1,19,1.55,-3.52,0
Ronco all'Adige,2012,1,20,2.26,-3.24,0
Ronco all'Adige,2012,1,21,6.62,-2.23,0
Ronco all'Adige,2012,1,22,7.84,-2.44,0
Ronco all'Adige,2012,1,23,9.23,-3.05,0
Ronco all'Adige,2012,1,24,8.09,-2.99,0
Ronco all'Adige,2012,1,25,10.32,-3.54,0
Ronco all'Adige,2012,1,26,8.07,-4.29,0
Ronco all'Adige,2012,1,27,7.73,-1.63,0
Ronco all'Adige,2012,1,28,5.86,0.54,0
Ronco all'Adige,2012,1,29,5.43,-1.79,0
Ronco all'Adige,2012,1,30,4.52,-4.65,0
Ronco all'Adige,2012,1,31,0.99,-2.55,0
Ronco all'Adige,2012,2,1,0.9,-2.67,0
Ronco all'Adige,2012,2,2,0.41,-6.07,0
Ronco all'Adige,2012,2,3,0.75,-7.6,0
Ronco all'Adige,2012,2,4,-0.75,-7.12,0
Ronco all'Adige,2012,2,5,-0.12,-7.76,0.5
Ronco all'Adige,2012,2,6,0.74,-10.48,0
Ronco all'Adige,2012,2,7,2.53,-4.77,0
Ronco all'Adige,2012,2,8,5.6,-4.11,0
Ronco all'Adige,2012,2,9,4.53,-6.96,0
Ronco all'Adige,2012,2,10,0.12,-3.37,0
Ronco all'Adige,2012,2,11,-0.18,-5.03,0
Ronco all'Adige,2012,2,12,0.29,-5.98,0
Ronco all'Adige,2012,2,13,3.26,-6.51,0
Ronco all'Adige,2012,2,14,4.7,-8.14,0
Ronco all'Adige,2012,2,15,9.7,-5.53,0
Ronco all'Adige,2012,2,16,10.48,-2.54,0
Ronco all'Adige,2012,2,17,10.63,-1.84,0
Ronco all'Adige,2012,2,18,10.57,-0.4,0
Ronco all'Adige,2012,2,19,6.88,2.69,1.2
Ronco all'Adige,2012,2,20,6.24,1.94,11.5
Ronco all'Adige,2012,2,21,10.5,0.78,0
Ronco all'Adige,2012,2,22,13.22,-1.71,0
Ronco all'Adige,2012,2,23,15.64,-0.98,0
Ronco all'Adige,2012,2,24,17.16,2.66,0
Ronco all'Adige,2012,2,25,17.35,3.18,0
Ronco all'Adige,2012,2,26,14.95,3.16,0
Ronco all'Adige,2012,2,27,13.75,1.4,0
Ronco all'Adige,2012,2,28,15.32,0.86,0
Ronco all'Adige,2012,2,29,18.65,5.77,0
Ronco all'Adige,2012,3,1,19.72,4.14,0
Ronco all'Adige,2012,3,2,20.66,4.17,0
Ronco all'Adige,2012,3,3,19.72,5.52,0
Ronco all'Adige,2012,3,4,15.37,7.63,0
Ronco all'Adige,2012,3,5,13,5.67,0
Ronco all'Adige,2012,3,6,12.36,3.63,0
Ronco all'Adige,2012,3,7,13.32,0.33,0
Ronco all'Adige,2012,3,8,13.87,1.25,0
Ronco all'Adige,2012,3,9,14.74,3.9,0
Ronco all'Adige,2012,3,10,14.59,1.26,0
Ronco all'Adige,2012,3,11,16.69,0.19,0
Ronco all'Adige,2012,3,12,18.19,4.42,0
Ronco all'Adige,2012,3,13,17.27,3.48,0
Ronco all'Adige,2012,3,14,18.75,3.33,0
Ronco all'Adige,2012,3,15,19.64,4.43,0
Ronco all'Adige,2012,3,16,19.15,4.77,0
Ronco all'Adige,2012,3,17,17.41,4.47,0
Ronco all'Adige,2012,3,18,16.72,6.26,0
Ronco all'Adige,2012,3,19,17.31,7.78,0
Ronco all'Adige,2012,3,20,18.04,2.76,0
Ronco all'Adige,2012,3,21,21.15,6.38,0
Ronco all'Adige,2012,3,22,21.76,5.65,0
Ronco all'Adige,2012,3,23,21.44,6.15,0
Ronco all'Adige,2012,3,24,20.16,7.12,0
Ronco all'Adige,2012,3,25,20.96,7.61,0
Ronco all'Adige,2012,3,26,22.39,7.34,0
Ronco all'Adige,2012,3,27,21.46,7.29,0
Ronco all'Adige,2012,3,28,24.33,7.43,0
Ronco all'Adige,2012,3,29,24.82,8.4,0
Ronco all'Adige,2012,3,30,25.45,11.62,0
Ronco all'Adige,2012,3,31,23.28,8.84,0
Ronco all'Adige,2012,4,1,14.42,7.9,0
Ronco all'Adige,2012,4,2,16.91,7.44,0
Ronco all'Adige,2012,4,3,17.01,8.06,0
Ronco all'Adige,2012,4,4,16.72,10.85,9.5
Ronco all'Adige,2012,4,5,18.27,10.93,17.3
Ronco all'Adige,2012,4,6,20,8.81,0
Ronco all'Adige,2012,4,7,19.28,9.71,0
Ronco all'Adige,2012,4,8,12.8,4.82,3.5
Ronco all'Adige,2012,4,9,11.65,4.39,0
Ronco all'Adige,2012,4,10,13.66,4.55,0
Ronco all'Adige,2012,4,11,11.17,6.29,14.1
Ronco all'Adige,2012,4,12,17.73,5.06,0
Ronco all'Adige,2012,4,13,13.68,8.47,3.8
Ronco all'Adige,2012,4,14,14.27,9.22,3.1
Ronco all'Adige,2012,4,15,13.14,9.4,9.5
Ronco all'Adige,2012,4,16,16.49,8.64,6.4
Ronco all'Adige,2012,4,17,17.2,8.2,0
Ronco all'Adige,2012,4,18,15.21,7.26,2.2
Ronco all'Adige,2012,4,19,15.47,7.86,5.5
Ronco all'Adige,2012,4,20,16.21,7.35,2.6
Ronco all'Adige,2012,4,21,19.41,5.9,0
Ronco all'Adige,2012,4,22,17.43,8.28,0
Ronco all'Adige,2012,4,23,15.65,8.18,5.4
Ronco all'Adige,2012,4,24,18.14,9.37,3.1
Ronco all'Adige,2012,4,25,19.6,6.82,0
Ronco all'Adige,2012,4,26,22.3,6.53,0
Ronco all'Adige,2012,4,27,24.29,9.07,0
Ronco all'Adige,2012,4,28,26.7,10.87,0
Ronco all'Adige,2012,4,29,21.12,14.1,0
Ronco all'Adige,2012,4,30,23.52,12.95,5.1
Ronco all'Adige,2012,5,1,22.68,12.02,11.9
Ronco all'Adige,2012,5,2,20.83,9.8,0
Ronco all'Adige,2012,5,3,22.7,10.98,0
Ronco all'Adige,2012,5,4,22.59,12.33,0
Ronco all'Adige,2012,5,5,21.26,10.94,0
Ronco all'Adige,2012,5,6,20.41,11.43,2.2
Ronco all'Adige,2012,5,7,22.4,10.06,0
Ronco all'Adige,2012,5,8,23.93,11.5,0
Ronco all'Adige,2012,5,9,24.92,13.49,0
Ronco all'Adige,2012,5,10,28.06,12.88,0
Ronco all'Adige,2012,5,11,29.47,14.49,0
Ronco all'Adige,2012,5,12,30.86,14.58,0
Ronco all'Adige,2012,5,13,21.12,10.5,5.7
Ronco all'Adige,2012,5,14,19.33,9,0
Ronco all'Adige,2012,5,15,21.67,8.8,0
Ronco all'Adige,2012,5,16,16.99,9.03,2.7
Ronco all'Adige,2012,5,17,21.39,7.65,0
Ronco all'Adige,2012,5,18,21.05,9.24,0
Ronco all'Adige,2012,5,19,22.53,9.57,0
Ronco all'Adige,2012,5,20,18.46,10.98,17.4
Ronco all'Adige,2012,5,21,15.89,10.48,21.9
Ronco all'Adige,2012,5,22,21.56,11.05,0
Ronco all'Adige,2012,5,23,27,15.05,0
Ronco all'Adige,2012,5,24,28.73,16.73,1.6
Ronco all'Adige,2012,5,25,24.69,15.87,0
Ronco all'Adige,2012,5,26,22.83,14.82,0
Ronco all'Adige,2012,5,27,24.51,14.64,0
Ronco all'Adige,2012,5,28,25.73,15.56,0
Ronco all'Adige,2012,5,29,27.83,14.91,0
Ronco all'Adige,2012,5,30,28.64,15.61,0
Ronco all'Adige,2012,5,31,27.07,17.61,0
Ronco all'Adige,2012,6,1,28.35,17.69,0
Ronco all'Adige,2012,6,2,27.09,18.43,0
Ronco all'Adige,2012,6,3,27.6,18.42,0
Ronco all'Adige,2012,6,4,22.89,14.78,13.5
Ronco all'Adige,2012,6,5,25.94,13.69,0
Ronco all'Adige,2012,6,6,24.71,15.62,0
Ronco all'Adige,2012,6,7,25.64,17.29,0
Ronco all'Adige,2012,6,8,24.51,16.86,0
Ronco all'Adige,2012,6,9,26.43,18.31,0
Ronco all'Adige,2012,6,10,24.98,16.2,0
Ronco all'Adige,2012,6,11,26.06,15.35,0
Ronco all'Adige,2012,6,12,23.21,14.38,9.9
Ronco all'Adige,2012,6,13,25.42,13.53,0
Ronco all'Adige,2012,6,14,26.08,13.26,0
Ronco all'Adige,2012,6,15,27.89,14.15,0
Ronco all'Adige,2012,6,16,29.69,15.53,0
Ronco all'Adige,2012,6,17,32.1,17.63,0
Ronco all'Adige,2012,6,18,32.72,19.33,0
Ronco all'Adige,2012,6,19,33.91,20.45,0
Ronco all'Adige,2012,6,20,32.69,21.79,0
Ronco all'Adige,2012,6,21,32.57,20.96,0
Ronco all'Adige,2012,6,22,32.97,21.05,0
Ronco all'Adige,2012,6,23,29.27,20.76,0
Ronco all'Adige,2012,6,24,31,19.82,0
Ronco all'Adige,2012,6,25,30.7,21.35,0
Ronco all'Adige,2012,6,26,29.31,19.96,0
Ronco all'Adige,2012,6,27,30.06,18.39,0
Ronco all'Adige,2012,6,28,32.13,19.24,0
Ronco all'Adige,2012,6,29,33.58,21.05,0
Ronco all'Adige,2012,6,30,33.87,22.2,0
Ronco all'Adige,2012,7,1,35.58,21.9,0
Ronco all'Adige,2012,7,2,34.51,22.51,0
Ronco all'Adige,2012,7,3,30.62,20.52,0
Ronco all'Adige,2012,7,4,30.88,19.69,0
Ronco all'Adige,2012,7,5,31.83,19.65,0
Ronco all'Adige,2012,7,6,29.94,19.8,9.6
Ronco all'Adige,2012,7,7,30.04,19.01,0
Ronco all'Adige,2012,7,8,32.26,19.27,0
Ronco all'Adige,2012,7,9,31.93,19.78,0
Ronco all'Adige,2012,7,10,31.66,20.06,0
Ronco all'Adige,2012,7,11,32.29,19.72,0
Ronco all'Adige,2012,7,12,30.75,18.95,0
Ronco all'Adige,2012,7,13,29.72,20.57,0
Ronco all'Adige,2012,7,14,29.92,18.88,0
Ronco all'Adige,2012,7,15,28.15,18.75,0
Ronco all'Adige,2012,7,16,28.38,17.19,0
Ronco all'Adige,2012,7,17,29.38,16.06,0
Ronco all'Adige,2012,7,18,30.35,17.93,0
Ronco all'Adige,2012,7,19,33.5,20.14,0
Ronco all'Adige,2012,7,20,32.66,19.98,0
Ronco all'Adige,2012,7,21,26.93,18.97,0
Ronco all'Adige,2012,7,22,26.75,17.24,0
Ronco all'Adige,2012,7,23,27.68,18,0
Ronco all'Adige,2012,7,24,29.17,17.58,0
Ronco all'Adige,2012,7,25,30.87,18.22,0
Ronco all'Adige,2012,7,26,31.98,18.62,0
Ronco all'Adige,2012,7,27,33.36,20.86,0
Ronco all'Adige,2012,7,28,34.24,21.02,0
Ronco all'Adige,2012,7,29,32.74,20.68,0
Ronco all'Adige,2012,7,30,31.01,20.65,0
Ronco all'Adige,2012,7,31,31.44,20.26,0
Ronco all'Adige,2012,8,1,33.27,19.65,0
Ronco all'Adige,2012,8,2,34.6,20.25,0
Ronco all'Adige,2012,8,3,33.3,20.1,0
Ronco all'Adige,2012,8,4,33.59,21.19,0
Ronco all'Adige,2012,8,5,34.05,21.6,0
Ronco all'Adige,2012,8,6,32.35,21.54,0
Ronco all'Adige,2012,8,7,32.97,20.75,0
Ronco all'Adige,2012,8,8,32.89,19.69,0
Ronco all'Adige,2012,8,9,32.26,20.15,0
Ronco all'Adige,2012,8,10,29.37,18.36,4
Ronco all'Adige,2012,8,11,30.81,18.52,0
Ronco all'Adige,2012,8,12,27.99,18.42,0
Ronco all'Adige,2012,8,13,29.46,19.06,0
Ronco all'Adige,2012,8,14,30.77,19.03,0
Ronco all'Adige,2012,8,15,32,19.84,0
Ronco all'Adige,2012,8,16,32.31,21.03,0
Ronco all'Adige,2012,8,17,32.84,20.94,0
Ronco all'Adige,2012,8,18,33.84,20.56,0
Ronco all'Adige,2012,8,19,34.94,20.52,0
Ronco all'Adige,2012,8,20,35.84,21.05,0
Ronco all'Adige,2012,8,21,36.55,21.73,0
Ronco all'Adige,2012,8,22,36.46,21.31,0
Ronco all'Adige,2012,8,23,34.65,22.67,0
Ronco all'Adige,2012,8,24,35.52,22.22,0
Ronco all'Adige,2012,8,25,34.64,20.69,0
Ronco all'Adige,2012,8,26,31.02,16.89,0
Ronco all'Adige,2012,8,27,28.61,15.19,0
Ronco all'Adige,2012,8,28,30.43,15.58,0
Ronco all'Adige,2012,8,29,31.91,16.55,0
Ronco all'Adige,2012,8,30,30.78,18.69,0
Ronco all'Adige,2012,8,31,23.26,15.09,14.6
Ronco all'Adige,2012,9,1,23.69,15.09,9.5
Ronco all'Adige,2012,9,2,24.96,16.91,0
Ronco all'Adige,2012,9,3,22.84,17.81,26.5
Ronco all'Adige,2012,9,4,26.81,17.34,19.5
Ronco all'Adige,2012,9,5,25.63,18.68,2.7
Ronco all'Adige,2012,9,6,29.56,18.17,0
Ronco all'Adige,2012,9,7,28.31,18.45,0
Ronco all'Adige,2012,9,8,29.9,17.6,0
Ronco all'Adige,2012,9,9,30.66,16.47,0
Ronco all'Adige,2012,9,10,29.98,16.99,0
Ronco all'Adige,2012,9,11,29.12,16.82,0
Ronco all'Adige,2012,9,12,26.74,15.59,9.5
Ronco all'Adige,2012,9,13,21.19,13.59,11.8
Ronco all'Adige,2012,9,14,26.08,14.41,0
Ronco all'Adige,2012,9,15,24.15,13.44,0
Ronco all'Adige,2012,9,16,25.34,13.9,0
Ronco all'Adige,2012,9,17,25.41,14.32,0
Ronco all'Adige,2012,9,18,26.43,12.64,0
Ronco all'Adige,2012,9,19,23.24,12.5,7.5
Ronco all'Adige,2012,9,20,21.84,11.38,0
Ronco all'Adige,2012,9,21,22.18,9.64,0
Ronco all'Adige,2012,9,22,23.84,10.65,0
Ronco all'Adige,2012,9,23,23.12,16.28,0
Ronco all'Adige,2012,9,24,24.79,14.89,3.9
Ronco all'Adige,2012,9,25,24.69,13.18,0
Ronco all'Adige,2012,9,26,25.57,16.78,0
Ronco all'Adige,2012,9,27,26.64,15.63,0
Ronco all'Adige,2012,9,28,23.65,12.33,0
Ronco all'Adige,2012,9,29,19.1,16.58,3
Ronco all'Adige,2012,9,30,22.67,16.25,18.9
Ronco all'Adige,2012,10,1,23.08,16.08,10.5
Ronco all'Adige,2012,10,2,23.85,15.02,0
Ronco all'Adige,2012,10,3,24.59,13.95,0
Ronco all'Adige,2012,10,4,24.02,13.06,0
Ronco all'Adige,2012,10,5,24.48,14.17,0
Ronco all'Adige,2012,10,6,24.13,14.77,0
Ronco all'Adige,2012,10,7,24.57,15.22,0
Ronco all'Adige,2012,10,8,19.88,14.33,0
Ronco all'Adige,2012,10,9,21.14,13.76,1.8
Ronco all'Adige,2012,10,10,20.18,13.79,0
Ronco all'Adige,2012,10,11,18.41,13.03,4.5
Ronco all'Adige,2012,10,12,19.97,12.7,3.1
Ronco all'Adige,2012,10,13,19.22,12.54,0
Ronco all'Adige,2012,10,14,17.77,11.07,0
Ronco all'Adige,2012,10,15,16.98,10.49,19.5
Ronco all'Adige,2012,10,16,17.18,8.25,0
Ronco all'Adige,2012,10,17,18.03,8.27,0
Ronco all'Adige,2012,10,18,19.86,11.08,0
Ronco all'Adige,2012,10,19,20.01,10.15,0
Ronco all'Adige,2012,10,20,20.61,10.59,0
Ronco all'Adige,2012,10,21,19.59,10.98,0
Ronco all'Adige,2012,10,22,23.02,11.05,0
Ronco all'Adige,2012,10,23,22.8,9.23,0
Ronco all'Adige,2012,10,24,21.46,8.49,0
Ronco all'Adige,2012,10,25,19.62,7.19,0
Ronco all'Adige,2012,10,26,14.79,9.78,21.2
Ronco all'Adige,2012,10,27,15.42,10.67,15.3
Ronco all'Adige,2012,10,28,13.03,5.04,7.6
Ronco all'Adige,2012,10,29,11.95,2.35,0
Ronco all'Adige,2012,10,30,11.56,0.29,0
Ronco all'Adige,2012,10,31,11.97,6.47,37.4
Ronco all'Adige,2012,11,1,14.05,7.19,11.7
Ronco all'Adige,2012,11,2,15.38,6.66,0
Ronco all'Adige,2012,11,3,12.59,6.74,0
Ronco all'Adige,2012,11,4,15.3,10.49,3.5
Ronco all'Adige,2012,11,5,18.81,8.36,0
Ronco all'Adige,2012,11,6,16.74,6.51,0
Ronco all'Adige,2012,11,7,14.95,5.05,0
Ronco all'Adige,2012,11,8,14.59,3.01,0
Ronco all'Adige,2012,11,9,13.79,4.18,0
Ronco all'Adige,2012,11,10,12.4,8.34,4.7
Ronco all'Adige,2012,11,11,14.88,10.41,37
Ronco all'Adige,2012,11,12,12.63,9.85,6.1
Ronco all'Adige,2012,11,13,15.32,10.38,1.2
Ronco all'Adige,2012,11,14,15.1,6.92,0
Ronco all'Adige,2012,11,15,11.39,3.92,0
Ronco all'Adige,2012,11,16,11.24,1.65,0
Ronco all'Adige,2012,11,17,10.26,4.71,0
Ronco all'Adige,2012,11,18,9.52,4.86,0
Ronco all'Adige,2012,11,19,11.61,6.76,5.2
Ronco all'Adige,2012,11,20,14.58,6.18,0
Ronco all'Adige,2012,11,21,14.52,4.76,0
Ronco all'Adige,2012,11,22,12.45,5.13,0
Ronco all'Adige,2012,11,23,14.36,7.27,1.5
Ronco all'Adige,2012,11,24,14.23,6.18,0
Ronco all'Adige,2012,11,25,12.2,8.75,0
Ronco all'Adige,2012,11,26,12.62,9.14,0
Ronco all'Adige,2012,11,27,12.51,9.05,12.7
Ronco all'Adige,2012,11,28,13.41,9.22,37.6
Ronco all'Adige,2012,11,29,14.63,7.37,17.4
Ronco all'Adige,2012,11,30,9.95,5.64,4.1
Ronco all'Adige,2012,12,1,8.43,5.87,6
Ronco all'Adige,2012,12,2,7.15,3.22,4.1
Ronco all'Adige,2012,12,3,9.1,-0.11,0
Ronco all'Adige,2012,12,4,4.34,-0.56,0
Ronco all'Adige,2012,12,5,5.93,-1.65,0
Ronco all'Adige,2012,12,6,7.07,-1.79,0
Ronco all'Adige,2012,12,7,3.75,-2.13,0
Ronco all'Adige,2012,12,8,2.46,-4.37,2
Ronco all'Adige,2012,12,9,4.12,-4.35,2.7
Ronco all'Adige,2012,12,10,3.19,-5.28,0
Ronco all'Adige,2012,12,11,6.97,-4.15,0
Ronco all'Adige,2012,12,12,4.3,-4.92,0
Ronco all'Adige,2012,12,13,0.88,-5.47,0
Ronco all'Adige,2012,12,14,0.38,-1.33,4.8
Ronco all'Adige,2012,12,15,1.77,0.28,11.8
Ronco all'Adige,2012,12,16,3.39,-0.64,3
Ronco all'Adige,2012,12,17,3.6,0.07,0
Ronco all'Adige,2012,12,18,4.9,-0.08,0
Ronco all'Adige,2012,12,19,4.5,-1.77,0
Ronco all'Adige,2012,12,20,2.31,-2.89,0
Ronco all'Adige,2012,12,21,4.25,-0.38,2.3
Ronco all'Adige,2012,12,22,3.29,-0.49,0
Ronco all'Adige,2012,12,23,1.65,-1.22,0
Ronco all'Adige,2012,12,24,4.03,-1.05,0
Ronco all'Adige,2012,12,25,5.57,2.91,0
Ronco all'Adige,2012,12,26,6.38,4.4,5.6
Ronco all'Adige,2012,12,27,7.18,3.86,0
Ronco all'Adige,2012,12,28,12.71,1.99,0
Ronco all'Adige,2012,12,29,9.73,-1.1,0
Ronco all'Adige,2012,12,30,9.41,-1.8,0
Ronco all'Adige,2012,12,31,7.13,-2.38,0
Ronco all'Adige,2013,1,1,7.39,-2.35,0
Ronco all'Adige,2013,1,2,5.77,3.15,8.6
Ronco all'Adige,2013,1,3,10.21,3.16,0
Ronco all'Adige,2013,1,4,10.32,2.04,0
Ronco all'Adige,2013,1,5,10.96,2.1,0
Ronco all'Adige,2013,1,6,8.89,0.76,0
Ronco all'Adige,2013,1,7,7.74,0.56,0
Ronco all'Adige,2013,1,8,8.47,2.98,0
Ronco all'Adige,2013,1,9,6.7,3.81,0
Ronco all'Adige,2013,1,10,7.49,2.89,0
Ronco all'Adige,2013,1,11,5.77,0.18,0
Ronco all'Adige,2013,1,12,6.33,2.77,0
Ronco all'Adige,2013,1,13,4.78,3.06,11.3
Ronco all'Adige,2013,1,14,4.46,1.78,7.4
Ronco all'Adige,2013,1,15,5.12,0.99,4.8
Ronco all'Adige,2013,1,16,3.91,0.2,18.3
Ronco all'Adige,2013,1,17,4.68,-0.08,7.3
Ronco all'Adige,2013,1,18,6.36,-1.18,0
Ronco all'Adige,2013,1,19,3.15,-2.38,2.8
Ronco all'Adige,2013,1,20,4.23,1.79,8.3
Ronco all'Adige,2013,1,21,5.99,2.64,0
Ronco all'Adige,2013,1,22,5.87,-0.8,0
Ronco all'Adige,2013,1,23,7.71,-2.03,2.2
Ronco all'Adige,2013,1,24,8.01,3.46,0
Ronco all'Adige,2013,1,25,8,0.62,0
Ronco all'Adige,2013,1,26,6.25,-1.27,0
Ronco all'Adige,2013,1,27,4.21,-3.26,0
Ronco all'Adige,2013,1,28,2.22,0.15,4.3
Ronco all'Adige,2013,1,29,4.15,-0.78,0
Ronco all'Adige,2013,1,30,5.33,0.94,0
Ronco all'Adige,2013,1,31,6.61,1.13,0
Ronco all'Adige,2013,2,1,7.13,1.31,0
Ronco all'Adige,2013,2,2,7.11,3.34,14.8
Ronco all'Adige,2013,2,3,12.15,1.17,0
Ronco all'Adige,2013,2,4,11.71,0,0
Ronco all'Adige,2013,2,5,7.75,1.24,0
Ronco all'Adige,2013,2,6,10.53,1.18,0
Ronco all'Adige,2013,2,7,9.24,0.31,0
Ronco all'Adige,2013,2,8,8.71,-1.56,0
Ronco all'Adige,2013,2,9,7.16,-2.64,0
Ronco all'Adige,2013,2,10,5.6,-3.07,0
Ronco all'Adige,2013,2,11,1,-1.29,5
Ronco all'Adige,2013,2,12,3.96,-0.64,8.4
Ronco all'Adige,2013,2,13,4.24,-1.5,0
Ronco all'Adige,2013,2,14,8.33,-0.27,0
Ronco all'Adige,2013,2,15,8.59,-1.27,0
Ronco all'Adige,2013,2,16,10.8,-0.13,0
Ronco all'Adige,2013,2,17,9.58,1.01,0
Ronco all'Adige,2013,2,18,8.98,-0.06,0
Ronco all'Adige,2013,2,19,9.11,-2.74,0
Ronco all'Adige,2013,2,20,7.19,-0.04,4.6
Ronco all'Adige,2013,2,21,4.28,-0.84,10.5
Ronco all'Adige,2013,2,22,3.41,-1.18,3.1
Ronco all'Adige,2013,2,23,3.81,-0.46,4
Ronco all'Adige,2013,2,24,7.65,1.32,6.4
Ronco all'Adige,2013,2,25,8.24,0.5,0
Ronco all'Adige,2013,2,26,11.89,-0.93,0
Ronco all'Adige,2013,2,27,7.91,2.81,1.7
Ronco all'Adige,2013,2,28,12.92,2.94,0
Ronco all'Adige,2013,3,1,13.14,1.48,0
Ronco all'Adige,2013,3,2,12.71,2.41,0
Ronco all'Adige,2013,3,3,13.47,0.22,0
Ronco all'Adige,2013,3,4,15.77,-0.46,0
Ronco all'Adige,2013,3,5,11.94,2.27,0
Ronco all'Adige,2013,3,6,9.21,6.59,10.1
Ronco all'Adige,2013,3,7,10.57,8.14,7.2
Ronco all'Adige,2013,3,8,10.73,8.65,5.9
Ronco all'Adige,2013,3,9,14.2,8.91,9.2
Ronco all'Adige,2013,3,10,16.49,7,4.4
Ronco all'Adige,2013,3,11,14.01,7.58,0
Ronco all'Adige,2013,3,12,14.7,7.44,0
Ronco all'Adige,2013,3,13,12.03,6.87,1.5
Ronco all'Adige,2013,3,14,11.57,4.06,3.7
Ronco all'Adige,2013,3,15,10.25,1.01,0
Ronco all'Adige,2013,3,16,8.56,-0.95,0
Ronco all'Adige,2013,3,17,7.36,2.61,3.8
Ronco all'Adige,2013,3,18,7.56,2.55,17.1
Ronco all'Adige,2013,3,19,15.92,1.21,0
Ronco all'Adige,2013,3,20,11.56,2.66,6.8
Ronco all'Adige,2013,3,21,15.84,3.5,0
Ronco all'Adige,2013,3,22,14.76,2.83,0
Ronco all'Adige,2013,3,23,12.89,6.82,4.8
Ronco all'Adige,2013,3,24,7.9,4.44,12
Ronco all'Adige,2013,3,25,5.4,2.05,15.8
Ronco all'Adige,2013,3,26,6.45,1.82,2.2
Ronco all'Adige,2013,3,27,8.33,3.14,0
Ronco all'Adige,2013,3,28,7.09,4.8,3.4
Ronco all'Adige,2013,3,29,8.38,4.71,6.5
Ronco all'Adige,2013,3,30,9.29,6.31,17
Ronco all'Adige,2013,3,31,14.81,6.63,0
Ronco all'Adige,2013,4,1,11.39,5.66,7.3
Ronco all'Adige,2013,4,2,13.3,6.66,4.6
Ronco all'Adige,2013,4,3,13.98,6.26,0
Ronco all'Adige,2013,4,4,12.21,5.7,8.8
Ronco all'Adige,2013,4,5,10.56,6.86,19.8
Ronco all'Adige,2013,4,6,15.89,4.8,0
Ronco all'Adige,2013,4,7,12.75,7.8,0
Ronco all'Adige,2013,4,8,10.35,5.78,1.2
Ronco all'Adige,2013,4,9,13.35,5.87,2.3
Ronco all'Adige,2013,4,10,16.73,6.6,0
Ronco all'Adige,2013,4,11,17.61,8.26,0
Ronco all'Adige,2013,4,12,20.03,10.97,0
Ronco all'Adige,2013,4,13,21.18,9.03,0
Ronco all'Adige,2013,4,14,22.49,9.13,0
Ronco all'Adige,2013,4,15,22.23,11.11,0
Ronco all'Adige,2013,4,16,22.78,12.34,0
Ronco all'Adige,2013,4,17,24.34,11.67,0
Ronco all'Adige,2013,4,18,26.41,12.28,0
Ronco all'Adige,2013,4,19,25.81,14.09,0
Ronco all'Adige,2013,4,20,16.93,12.43,13
Ronco all'Adige,2013,4,21,15.17,11.62,16
Ronco all'Adige,2013,4,22,13.7,10.54,11.9
Ronco all'Adige,2013,4,23,18.55,8.53,0
Ronco all'Adige,2013,4,24,21.36,8.33,0
Ronco all'Adige,2013,4,25,23.82,10.39,0
Ronco all'Adige,2013,4,26,21.25,13.33,0
Ronco all'Adige,2013,4,27,16.51,13.4,3.7
Ronco all'Adige,2013,4,28,22.75,12.67,0
Ronco all'Adige,2013,4,29,20.52,14.67,3.9
Ronco all'Adige,2013,4,30,20.05,14.67,3
Ronco all'Adige,2013,5,1,24.15,14.6,2.7
Ronco all'Adige,2013,5,2,21.81,15.07,0
Ronco all'Adige,2013,5,3,23.45,13.27,8.3
Ronco all'Adige,2013,5,4,25.08,13.32,0
Ronco all'Adige,2013,5,5,23.45,14.56,12.6
Ronco all'Adige,2013,5,6,21.4,15.04,11.5
Ronco all'Adige,2013,5,7,22.18,14.36,6.6
Ronco all'Adige,2013,5,8,23.77,14.48,8.9
Ronco all'Adige,2013,5,9,25.99,13.66,0
Ronco all'Adige,2013,5,10,21.9,15.59,2.6
Ronco all'Adige,2013,5,11,21.82,14.2,9
Ronco all'Adige,2013,5,12,21.99,12.07,2.2
Ronco all'Adige,2013,5,13,22.1,10.05,0
Ronco all'Adige,2013,5,14,22.67,11.38,0
Ronco all'Adige,2013,5,15,23.66,13.17,4.3
Ronco all'Adige,2013,5,16,17.01,14.15,21.8
Ronco all'Adige,2013,5,17,20.17,13.21,21
Ronco all'Adige,2013,5,18,20.53,10.44,0
Ronco all'Adige,2013,5,19,19.9,12.11,5.8
Ronco all'Adige,2013,5,20,20.73,10.59,4.4
Ronco all'Adige,2013,5,21,21.93,9.87,0
Ronco all'Adige,2013,5,22,22.02,11.59,0
Ronco all'Adige,2013,5,23,22.71,11,7
Ronco all'Adige,2013,5,24,12.64,7.6,11.8
Ronco all'Adige,2013,5,25,14.08,8.32,11.5
Ronco all'Adige,2013,5,26,20.57,8.52,1.4
Ronco all'Adige,2013,5,27,23.08,9.27,0
Ronco all'Adige,2013,5,28,21.47,12.38,0
Ronco all'Adige,2013,5,29,21.94,12.2,3
Ronco all'Adige,2013,5,30,19.21,10.94,1.5
Ronco all'Adige,2013,5,31,19.81,10.96,0
Ronco all'Adige,2013,6,1,22.35,12.2,0
Ronco all'Adige,2013,6,2,23.79,13.34,0
Ronco all'Adige,2013,6,3,23.7,14.82,0
Ronco all'Adige,2013,6,4,26.12,14.86,0
Ronco all'Adige,2013,6,5,25.65,15.82,4.3
Ronco all'Adige,2013,6,6,26.14,16.33,0
Ronco all'Adige,2013,6,7,27.91,15.26,0
Ronco all'Adige,2013,6,8,28.61,16.55,0
Ronco all'Adige,2013,6,9,25.91,15.69,2.7
Ronco all'Adige,2013,6,10,23.09,13.66,0
Ronco all'Adige,2013,6,11,28.18,14.94,0
Ronco all'Adige,2013,6,12,29.39,17.33,0
Ronco all'Adige,2013,6,13,29.11,17.35,0
Ronco all'Adige,2013,6,14,29.71,17.75,0
Ronco all'Adige,2013,6,15,31.14,19.31,0
Ronco all'Adige,2013,6,16,31.53,20.76,0
Ronco all'Adige,2013,6,17,33.06,21.02,0
Ronco all'Adige,2013,6,18,33.8,21.85,0
Ronco all'Adige,2013,6,19,34.17,22.6,0
Ronco all'Adige,2013,6,20,34.37,22.41,0
Ronco all'Adige,2013,6,21,30.43,21.28,0
Ronco all'Adige,2013,6,22,28.99,19.45,0
Ronco all'Adige,2013,6,23,30.16,18.85,0
Ronco all'Adige,2013,6,24,23.32,16.25,0
Ronco all'Adige,2013,6,25,28.07,15.09,0
Ronco all'Adige,2013,6,26,23.84,16.13,3.5
Ronco all'Adige,2013,6,27,22.81,13.59,15.2
Ronco all'Adige,2013,6,28,22.24,12.75,10.3
Ronco all'Adige,2013,6,29,23.5,13.16,0
Ronco all'Adige,2013,6,30,28.36,13.68,0
Ronco all'Adige,2013,7,1,27.85,16.49,0
Ronco all'Adige,2013,7,2,29.54,15.95,0
Ronco all'Adige,2013,7,3,29.65,19.21,0
Ronco all'Adige,2013,7,4,30.34,18.48,0
Ronco all'Adige,2013,7,5,32.08,19.23,0
Ronco all'Adige,2013,7,6,31.37,21.38,0
Ronco all'Adige,2013,7,7,30.27,21.45,0
Ronco all'Adige,2013,7,8,30.56,21.75,0
Ronco all'Adige,2013,7,9,31.48,19.89,0
Ronco all'Adige,2013,7,10,31.01,20.81,0
Ronco all'Adige,2013,7,11,32.2,19.76,0
Ronco all'Adige,2013,7,12,28.78,18.99,6.9
Ronco all'Adige,2013,7,13,29.7,19.22,8.9
Ronco all'Adige,2013,7,14,29.94,18.31,0
Ronco all'Adige,2013,7,15,31.64,19.35,0
Ronco all'Adige,2013,7,16,29.16,21.23,0
Ronco all'Adige,2013,7,17,29.44,20.28,0
Ronco all'Adige,2013,7,18,29.84,19.16,0
Ronco all'Adige,2013,7,19,31.58,18.54,0
Ronco all'Adige,2013,7,20,32.04,19.65,0
Ronco all'Adige,2013,7,21,31.2,20.68,0
Ronco all'Adige,2013,7,22,32.43,20.35,0
Ronco all'Adige,2013,7,23,33.78,20.66,0
Ronco all'Adige,2013,7,24,33.14,20.98,0
Ronco all'Adige,2013,7,25,33.36,20.39,0
Ronco all'Adige,2013,7,26,34.71,22.63,0
Ronco all'Adige,2013,7,27,35.21,23.7,0
Ronco all'Adige,2013,7,28,36.58,22.44,0
Ronco all'Adige,2013,7,29,29.12,18.64,4.5
Ronco all'Adige,2013,7,30,31.37,17.4,0
Ronco all'Adige,2013,7,31,32.09,18.53,0
Ronco all'Adige,2013,8,1,33.4,20.18,0
Ronco all'Adige,2013,8,2,35.05,20.61,0
Ronco all'Adige,2013,8,3,35.26,20.78,0
Ronco all'Adige,2013,8,4,35.24,22.48,0
Ronco all'Adige,2013,8,5,35.9,22.32,0
Ronco all'Adige,2013,8,6,36.41,23.41,0
Ronco all'Adige,2013,8,7,35.1,22.91,0
Ronco all'Adige,2013,8,8,34.13,23.94,0
Ronco all'Adige,2013,8,9,30.51,21.18,0
Ronco all'Adige,2013,8,10,30.43,19.7,0
Ronco all'Adige,2013,8,11,30.59,19.38,0
Ronco all'Adige,2013,8,12,32.23,19.75,0
Ronco all'Adige,2013,8,13,33.03,19.99,0
Ronco all'Adige,2013,8,14,23.63,17.79,20.2
Ronco all'Adige,2013,8,15,27.58,16.26,0
Ronco all'Adige,2013,8,16,29.25,17.02,0
Ronco all'Adige,2013,8,17,30.9,17.4,0
Ronco all'Adige,2013,8,18,32.01,18.34,0
Ronco all'Adige,2013,8,19,32.28,18.81,3.8
Ronco all'Adige,2013,8,20,26.14,17.75,4.9
Ronco all'Adige,2013,8,21,28.23,15.68,0
Ronco all'Adige,2013,8,22,28.99,17.24,0
Ronco all'Adige,2013,8,23,29.92,17.44,0
Ronco all'Adige,2013,8,24,30.19,17.67,6.2
Ronco all'Adige,2013,8,25,26.43,17.3,13.1
Ronco all'Adige,2013,8,26,24.49,15.95,12
Ronco all'Adige,2013,8,27,26.12,16.01,5.3
Ronco all'Adige,2013,8,28,27.69,16.01,0
Ronco all'Adige,2013,8,29,27,18.04,0
Ronco all'Adige,2013,8,30,27.43,17.53,0
Ronco all'Adige,2013,8,31,28.15,18.24,0
Ronco all'Adige,2013,9,1,28.01,16.96,0
Ronco all'Adige,2013,9,2,27.38,17.63,0
Ronco all'Adige,2013,9,3,30.03,16.56,0
Ronco all'Adige,2013,9,4,29.89,17.85,0
Ronco all'Adige,2013,9,5,29.52,18.61,0
Ronco all'Adige,2013,9,6,29.7,18.72,0
Ronco all'Adige,2013,9,7,31.2,18.79,0
Ronco all'Adige,2013,9,8,27.2,19.79,0
Ronco all'Adige,2013,9,9,29.26,19.34,0
Ronco all'Adige,2013,9,10,25.48,16.41,0
Ronco all'Adige,2013,9,11,20.71,13.56,9.9
Ronco all'Adige,2013,9,12,23.53,12.11,0
Ronco all'Adige,2013,9,13,25.24,12.49,0
Ronco all'Adige,2013,9,14,25.01,11.77,0
Ronco all'Adige,2013,9,15,22.18,14.61,9.4
Ronco all'Adige,2013,9,16,24.06,14.91,5.3
Ronco all'Adige,2013,9,17,22.82,12.81,0
Ronco all'Adige,2013,9,18,20.82,10.68,0
Ronco all'Adige,2013,9,19,25.47,11.89,0
Ronco all'Adige,2013,9,20,25.4,15.17,0
Ronco all'Adige,2013,9,21,25.94,14.13,0
Ronco all'Adige,2013,9,22,25.46,15.12,0
Ronco all'Adige,2013,9,23,25.22,13.07,0
Ronco all'Adige,2013,9,24,27.26,13.67,0
Ronco all'Adige,2013,9,25,25.36,14.76,0
Ronco all'Adige,2013,9,26,26.22,14.68,0
Ronco all'Adige,2013,9,27,25.96,18.23,0
Ronco all'Adige,2013,9,28,26.12,18.95,0
Ronco all'Adige,2013,9,29,20.67,14.54,13
Ronco all'Adige,2013,9,30,16.83,13.33,8.7
Ronco all'Adige,2013,10,1,20.27,13.04,0
Ronco all'Adige,2013,10,2,20.72,13.86,0
Ronco all'Adige,2013,10,3,15.65,12.87,0
Ronco all'Adige,2013,10,4,15.09,11.2,0
Ronco all'Adige,2013,10,5,12.62,10.48,7.5
Ronco all'Adige,2013,10,6,16.32,12.32,16
Ronco all'Adige,2013,10,7,16.02,13.92,23.7
Ronco all'Adige,2013,10,8,16.02,12.77,9.7
Ronco all'Adige,2013,10,9,19.49,14.14,0
Ronco all'Adige,2013,10,10,20.55,12.8,3.2
Ronco all'Adige,2013,10,11,17.47,8.18,8.6
Ronco all'Adige,2013,10,12,18.62,10.02,0
Ronco all'Adige,2013,10,13,17.12,8.09,0
Ronco all'Adige,2013,10,14,15.57,11.16,4.2
Ronco all'Adige,2013,10,15,17.5,10.78,0
Ronco all'Adige,2013,10,16,21.39,12.01,0
Ronco all'Adige,2013,10,17,20.6,9.95,0
Ronco all'Adige,2013,10,18,18.24,9.28,0
Ronco all'Adige,2013,10,19,18.73,10.57,0
Ronco all'Adige,2013,10,20,17.91,13.91,17.2
Ronco all'Adige,2013,10,21,18.41,14,0
Ronco all'Adige,2013,10,22,19.02,15.13,0
Ronco all'Adige,2013,10,23,19.34,15.75,11.6
Ronco all'Adige,2013,10,24,21.09,15.66,15.7
Ronco all'Adige,2013,10,25,20.86,14.14,0
Ronco all'Adige,2013,10,26,20.2,14.32,0
Ronco all'Adige,2013,10,27,20.01,15.37,0
Ronco all'Adige,2013,10,28,21.14,15.5,0
Ronco all'Adige,2013,10,29,20.71,14.73,6.7
Ronco all'Adige,2013,10,30,19.27,14.12,5.1
Ronco all'Adige,2013,10,31,18.55,11,0
Ronco all'Adige,2013,11,1,18.59,9.06,0
Ronco all'Adige,2013,11,2,16.09,11.97,0
Ronco all'Adige,2013,11,3,18.16,10.74,0
Ronco all'Adige,2013,11,4,14.17,10.45,5.2
Ronco all'Adige,2013,11,5,16.21,9.82,3.2
Ronco all'Adige,2013,11,6,17.53,8.64,0
Ronco all'Adige,2013,11,7,16.67,7.04,0
Ronco all'Adige,2013,11,8,14.69,12.15,0
Ronco all'Adige,2013,11,9,16.2,9.54,7
Ronco all'Adige,2013,11,10,13.76,7.8,4.7
Ronco all'Adige,2013,11,11,17.12,9.46,0
Ronco all'Adige,2013,11,12,17.26,7.75,0
Ronco all'Adige,2013,11,13,17.64,8.01,0
Ronco all'Adige,2013,11,14,12.25,9.21,6.2
Ronco all'Adige,2013,11,15,10.57,8.52,15.9
Ronco all'Adige,2013,11,16,14.76,7.13,0
Ronco all'Adige,2013,11,17,12.88,5.98,0
Ronco all'Adige,2013,11,18,11.22,9.21,0
Ronco all'Adige,2013,11,19,13.79,10.73,2.6
Ronco all'Adige,2013,11,20,13.29,7.04,8
Ronco all'Adige,2013,11,21,10.74,5.04,6.8
Ronco all'Adige,2013,11,22,11.38,4.25,0
Ronco all'Adige,2013,11,23,8.62,5.74,22.6
Ronco all'Adige,2013,11,24,12.42,6.33,8
Ronco all'Adige,2013,11,25,11.44,1.13,0
Ronco all'Adige,2013,11,26,8.47,-1.35,0
Ronco all'Adige,2013,11,27,7.48,-0.03,0
Ronco all'Adige,2013,11,28,8.03,-1.58,0
Ronco all'Adige,2013,11,29,7.48,-1.56,0
Ronco all'Adige,2013,11,30,5.94,0.1,0
Ronco all'Adige,2013,12,1,10.46,-0.65,0
Ronco all'Adige,2013,12,2,11.45,0.82,0
Ronco all'Adige,2013,12,3,9.47,-1.69,0
Ronco all'Adige,2013,12,4,9.37,-1.3,0
Ronco all'Adige,2013,12,5,10.35,-1.69,0
Ronco all'Adige,2013,12,6,10.4,-0.51,0
Ronco all'Adige,2013,12,7,9.01,-1.77,0
Ronco all'Adige,2013,12,8,6.45,-1.8,0
Ronco all'Adige,2013,12,9,5.47,-1.2,0
Ronco all'Adige,2013,12,10,6.38,-0.61,0
Ronco all'Adige,2013,12,11,2.83,-1.2,0
Ronco all'Adige,2013,12,12,3.78,0.12,0
Ronco all'Adige,2013,12,13,5.81,-1.11,0
Ronco all'Adige,2013,12,14,5.05,-2.58,0
Ronco all'Adige,2013,12,15,5.71,-0.6,0
Ronco all'Adige,2013,12,16,8.15,-2.54,0
Ronco all'Adige,2013,12,17,8.88,-3.32,0
Ronco all'Adige,2013,12,18,6.51,-3.65,0
Ronco all'Adige,2013,12,19,5.13,-2.92,0
Ronco all'Adige,2013,12,20,5.8,3.45,0
Ronco all'Adige,2013,12,21,7.04,4.49,0.6
Ronco all'Adige,2013,12,22,6.81,5.43,0
Ronco all'Adige,2013,12,23,7.98,6.04,0
Ronco all'Adige,2013,12,24,7.21,5.15,0
Ronco all'Adige,2013,12,25,12.58,6.94,0
Ronco all'Adige,2013,12,26,13.87,5.72,25.2
Ronco all'Adige,2013,12,27,12.17,3.91,9.2
Ronco all'Adige,2013,12,28,10.11,0.82,0
Ronco all'Adige,2013,12,29,8.4,4.17,3.7
Ronco all'Adige,2013,12,30,10.2,2.08,0
Ronco all'Adige,2013,12,31,8.47,-0.88,0
Ronco all'Adige,2014,1,1,7.69,-0.96,0
Ronco all'Adige,2014,1,2,4.56,2.38,3
Ronco all'Adige,2014,1,3,6.4,3.68,1.9
Ronco all'Adige,2014,1,4,8.2,4.78,4.5
Ronco all'Adige,2014,1,5,9.84,5.81,27.7
Ronco all'Adige,2014,1,6,12.49,3.68,0
Ronco all'Adige,2014,1,7,10.44,2.98,0
Ronco all'Adige,2014,1,8,10.02,4.62,0
Ronco all'Adige,2014,1,9,9.33,4.86,0
Ronco all'Adige,2014,1,10,9.15,5.4,0
Ronco all'Adige,2014,1,11,9.15,6.66,0
Ronco all'Adige,2014,1,12,8.89,5.47,0
Ronco all'Adige,2014,1,13,8.44,4.11,0
Ronco all'Adige,2014,1,14,9.26,2.64,5.1
Ronco all'Adige,2014,1,15,7.58,2.29,0
Ronco all'Adige,2014,1,16,5.66,2.86,0
Ronco all'Adige,2014,1,17,8.65,4.61,5
Ronco all'Adige,2014,1,18,7.68,5.07,21.2
Ronco all'Adige,2014,1,19,10.56,5.28,25.1
Ronco all'Adige,2014,1,20,9.38,6.32,4.4
Ronco all'Adige,2014,1,21,12.6,5.4,0
Ronco all'Adige,2014,1,22,12.76,3.38,0
Ronco all'Adige,2014,1,23,12.6,4.91,2.6
Ronco all'Adige,2014,1,24,8.48,4.26,3.5
Ronco all'Adige,2014,1,25,9.69,-0.03,0
Ronco all'Adige,2014,1,26,10.07,-0.21,0
Ronco all'Adige,2014,1,27,7.54,2.1,5.8
Ronco all'Adige,2014,1,28,7.02,0.8,13.5
Ronco all'Adige,2014,1,29,7.14,-0.85,1.7
Ronco all'Adige,2014,1,30,6.52,1.95,23.6
Ronco all'Adige,2014,1,31,6.92,2.64,18.8
Ronco all'Adige,2014,2,1,8.16,5.94,9.3
Ronco all'Adige,2014,2,2,9.12,6.74,16.5
Ronco all'Adige,2014,2,3,7.78,5.57,16.2
Ronco all'Adige,2014,2,4,6.69,4.71,10
Ronco all'Adige,2014,2,5,8.8,6.04,5.1
Ronco all'Adige,2014,2,6,11.58,4.34,3
Ronco all'Adige,2014,2,7,10.43,3.74,0
Ronco all'Adige,2014,2,8,11.62,4.64,0
Ronco all'Adige,2014,2,9,10.26,4.05,9.7
Ronco all'Adige,2014,2,10,7.29,4.69,11.3
Ronco all'Adige,2014,2,11,12.21,4.71,8
Ronco all'Adige,2014,2,12,13.65,4.12,0
Ronco all'Adige,2014,2,13,9.65,0.72,0
Ronco all'Adige,2014,2,14,12.66,3.87,0
Ronco all'Adige,2014,2,15,9.94,4.86,0
Ronco all'Adige,2014,2,16,13.96,6.44,0
Ronco all'Adige,2014,2,17,13.96,6.03,0
Ronco all'Adige,2014,2,18,12.66,3.88,0
Ronco all'Adige,2014,2,19,11.86,8.15,4.8
Ronco all'Adige,2014,2,20,10.41,8.07,4.9
Ronco all'Adige,2014,2,21,14.49,7.14,6.5
Ronco all'Adige,2014,2,22,11.21,4.69,5.9
Ronco all'Adige,2014,2,23,14.13,3.12,0
Ronco all'Adige,2014,2,24,14.48,1.13,0
Ronco all'Adige,2014,2,25,14.76,1.33,0
Ronco all'Adige,2014,2,26,11.55,4.72,1.5
Ronco all'Adige,2014,2,27,12.99,4.37,0
Ronco all'Adige,2014,2,28,11.91,4.54,0
Ronco all'Adige,2014,3,1,10.16,5.92,4.7
Ronco all'Adige,2014,3,2,9.91,5.99,19.2
Ronco all'Adige,2014,3,3,13.72,4.94,0
Ronco all'Adige,2014,3,4,12.78,7.82,4.1
Ronco all'Adige,2014,3,5,16.66,6.23,0
Ronco all'Adige,2014,3,6,19.02,6.04,0
Ronco all'Adige,2014,3,7,17.61,5.73,0
Ronco all'Adige,2014,3,8,16.88,6.92,0
Ronco all'Adige,2014,3,9,17.2,4.32,0
Ronco all'Adige,2014,3,10,16.51,5.58,0
Ronco all'Adige,2014,3,11,15.79,6.08,0
Ronco all'Adige,2014,3,12,19.34,3.25,0
Ronco all'Adige,2014,3,13,19.69,4.1,0
Ronco all'Adige,2014,3,14,19.35,5.02,0
Ronco all'Adige,2014,3,15,18.8,6.27,0
Ronco all'Adige,2014,3,16,20.12,7.49,0
Ronco all'Adige,2014,3,17,18.8,7.37,0
Ronco all'Adige,2014,3,18,16.69,7.76,0
Ronco all'Adige,2014,3,19,19.59,8.79,0
Ronco all'Adige,2014,3,20,20.02,8.98,0
Ronco all'Adige,2014,3,21,20.27,7.22,0
Ronco all'Adige,2014,3,22,17.53,10,0
Ronco all'Adige,2014,3,23,16.95,7.37,9.2
Ronco all'Adige,2014,3,24,13.44,5.06,6.7
Ronco all'Adige,2014,3,25,12.31,3.6,0
Ronco all'Adige,2014,3,26,13.7,6.37,0
Ronco all'Adige,2014,3,27,16.4,8.27,0
Ronco all'Adige,2014,3,28,19.5,7.37,0
Ronco all'Adige,2014,3,29,21.04,6.23,0
Ronco all'Adige,2014,3,30,21.03,6.71,0
Ronco all'Adige,2014,3,31,21.78,7.18,0
Ronco all'Adige,2014,4,1,20.36,9.46,0
Ronco all'Adige,2014,4,2,19.95,9.7,0
Ronco all'Adige,2014,4,3,17.04,9.42,0
Ronco all'Adige,2014,4,4,16.64,11.16,4.8
Ronco all'Adige,2014,4,5,18.61,11.7,0
Ronco all'Adige,2014,4,6,23.34,10.38,0
Ronco all'Adige,2014,4,7,24.1,10.61,0
Ronco all'Adige,2014,4,8,24.18,11.63,0
Ronco all'Adige,2014,4,9,20.72,11.01,0
Ronco all'Adige,2014,4,10,21.35,8.58,0
Ronco all'Adige,2014,4,11,18.62,9.69,0
Ronco all'Adige,2014,4,12,19.1,10.59,0
Ronco all'Adige,2014,4,13,19.99,10.36,0
Ronco all'Adige,2014,4,14,23.55,9.59,0
Ronco all'Adige,2014,4,15,18.37,8.79,0
Ronco all'Adige,2014,4,16,18.15,6.43,0
Ronco all'Adige,2014,4,17,19.83,5.06,0
Ronco all'Adige,2014,4,18,19.97,7.24,0
Ronco all'Adige,2014,4,19,16.7,9.24,2.4
Ronco all'Adige,2014,4,20,19.54,9.03,0
Ronco all'Adige,2014,4,21,14.88,12.11,4.9
Ronco all'Adige,2014,4,22,21.88,10.8,0
Ronco all'Adige,2014,4,23,22.49,10.87,0
Ronco all'Adige,2014,4,24,25.55,11.62,0
Ronco all'Adige,2014,4,25,25.57,12.08,0
Ronco all'Adige,2014,4,26,24.85,13.71,0
Ronco all'Adige,2014,4,27,17.8,12.72,10.4
Ronco all'Adige,2014,4,28,14.02,11.16,28.7
Ronco all'Adige,2014,4,29,22.22,11.38,12.2
Ronco all'Adige,2014,4,30,17.43,11.26,18.9
Ronco all'Adige,2014,5,1,22.62,11.02,0
Ronco all'Adige,2014,5,2,15.46,12.18,12.9
Ronco all'Adige,2014,5,3,20.24,11.78,2.2
Ronco all'Adige,2014,5,4,22.55,10.51,0
Ronco all'Adige,2014,5,5,20.27,10.17,0
Ronco all'Adige,2014,5,6,22.53,10.66,0
Ronco all'Adige,2014,5,7,21.76,12.2,0
Ronco all'Adige,2014,5,8,22.87,12.44,0
Ronco all'Adige,2014,5,9,25.99,12.41,0
Ronco all'Adige,2014,5,10,27.41,13.91,0
Ronco all'Adige,2014,5,11,24.53,12.64,0
Ronco all'Adige,2014,5,12,22.56,11.23,0
Ronco all'Adige,2014,5,13,19.68,10.57,4.4
Ronco all'Adige,2014,5,14,22.96,9.36,0
Ronco all'Adige,2014,5,15,22.83,11.4,0
Ronco all'Adige,2014,5,16,24.12,12.84,0
Ronco all'Adige,2014,5,17,24.1,10.86,0
Ronco all'Adige,2014,5,18,24.34,11.99,0
Ronco all'Adige,2014,5,19,22.92,13.38,0
Ronco all'Adige,2014,5,20,25.05,15.03,0
Ronco all'Adige,2014,5,21,26.74,13.68,0
Ronco all'Adige,2014,5,22,27.11,16.28,0
Ronco all'Adige,2014,5,23,25.98,17.11,0
Ronco all'Adige,2014,5,24,25.61,13.56,0
Ronco all'Adige,2014,5,25,26.51,12.99,0
Ronco all'Adige,2014,5,26,23.93,15.88,6.8
Ronco all'Adige,2014,5,27,23.22,14.58,3.8
Ronco all'Adige,2014,5,28,25.9,13.83,0
Ronco all'Adige,2014,5,29,24.86,14.67,0
Ronco all'Adige,2014,5,30,27.21,14.68,6.1
Ronco all'Adige,2014,5,31,22.34,14.78,0
Ronco all'Adige,2014,6,1,25.44,11.48,0
Ronco all'Adige,2014,6,2,25.23,14.13,0
Ronco all'Adige,2014,6,3,25.74,13.36,2.5
Ronco all'Adige,2014,6,4,25.2,14.14,3.1
Ronco all'Adige,2014,6,5,27.64,14.52,0
Ronco all'Adige,2014,6,6,28.55,14.82,0
Ronco all'Adige,2014,6,7,30.54,17.39,0
Ronco all'Adige,2014,6,8,33.57,17.46,0
Ronco all'Adige,2014,6,9,32.81,19.54,0
Ronco all'Adige,2014,6,10,34,19.16,0
Ronco all'Adige,2014,6,11,35.43,19.61,0
Ronco all'Adige,2014,6,12,35.47,18.95,0
Ronco all'Adige,2014,6,13,32.43,20.24,5.1
Ronco all'Adige,2014,6,14,28.24,17.34,17
Ronco all'Adige,2014,6,15,23.92,17.26,0
Ronco all'Adige,2014,6,16,23.57,16.37,0
Ronco all'Adige,2014,6,17,25.01,15.33,0
Ronco all'Adige,2014,6,18,26.06,14.53,0
Ronco all'Adige,2014,6,19,27.69,14.98,0
Ronco all'Adige,2014,6,20,29.07,15.84,0
Ronco all'Adige,2014,6,21,26.71,18.51,0
Ronco all'Adige,2014,6,22,29.11,17.02,0
Ronco all'Adige,2014,6,23,29.27,18.46,0
Ronco all'Adige,2014,6,24,29.43,17.74,0
Ronco all'Adige,2014,6,25,23.08,16.93,11.8
Ronco all'Adige,2014,6,26,25.51,17.97,0
Ronco all'Adige,2014,6,27,27.06,17.15,0
Ronco all'Adige,2014,6,28,29.13,17.93,0
Ronco all'Adige,2014,6,29,26.96,16.46,5.8
Ronco all'Adige,2014,6,30,28.31,14.94,0
Ronco all'Adige,2014,7,1,25.82,17.04,3.3
Ronco all'Adige,2014,7,2,27.5,17.77,0
Ronco all'Adige,2014,7,3,27.9,16.3,0
Ronco all'Adige,2014,7,4,26.77,15.53,0
Ronco all'Adige,2014,7,5,28.36,17.88,0
Ronco all'Adige,2014,7,6,31.26,19.01,0
Ronco all'Adige,2014,7,7,30.78,19.17,0
Ronco all'Adige,2014,7,8,25.79,16.66,10.4
Ronco all'Adige,2014,7,9,26.29,15.38,10.8
Ronco all'Adige,2014,7,10,24.19,15.41,7.5
Ronco all'Adige,2014,7,11,27.71,15.97,0
Ronco all'Adige,2014,7,12,28.78,17.04,3.3
Ronco all'Adige,2014,7,13,26.47,17.48,4
Ronco all'Adige,2014,7,14,25.57,16.8,6.1
Ronco all'Adige,2014,7,15,29.93,16.8,0
Ronco all'Adige,2014,7,16,31.74,19.4,0
Ronco all'Adige,2014,7,17,32.09,19.81,0
Ronco all'Adige,2014,7,18,32.06,19.16,0
Ronco all'Adige,2014,7,19,33.42,19.52,0
Ronco all'Adige,2014,7,20,32.72,21.43,0
Ronco all'Adige,2014,7,21,24.58,17.95,6.6
Ronco all'Adige,2014,7,22,28.52,16.98,10
Ronco all'Adige,2014,7,23,30,20.42,0
Ronco all'Adige,2014,7,24,23.14,18.75,5.1
Ronco all'Adige,2014,7,25,28.32,17.57,0
Ronco all'Adige,2014,7,26,23.3,17.78,13.5
Ronco all'Adige,2014,7,27,27.14,18.1,0
Ronco all'Adige,2014,7,28,29.58,19.82,0
Ronco all'Adige,2014,7,29,26.47,18.8,10.7
Ronco all'Adige,2014,7,30,23.51,18.53,18
Ronco all'Adige,2014,7,31,28.47,19.03,0
Ronco all'Adige,2014,8,1,30.24,19.67,0
Ronco all'Adige,2014,8,2,30.39,20.16,0
Ronco all'Adige,2014,8,3,28.36,17.74,14.7
Ronco all'Adige,2014,8,4,29.19,17.61,7.7
Ronco all'Adige,2014,8,5,29.32,18.43,9.7
Ronco all'Adige,2014,8,6,30.01,17.92,0
Ronco all'Adige,2014,8,7,30.29,18.27,0
Ronco all'Adige,2014,8,8,29.7,18.4,0
Ronco all'Adige,2014,8,9,28.67,19.26,0
Ronco all'Adige,2014,8,10,30.87,19.41,0
Ronco all'Adige,2014,8,11,32.56,20.82,0
Ronco all'Adige,2014,8,12,32.57,20.65,0
Ronco all'Adige,2014,8,13,27.91,18.74,7.4
Ronco all'Adige,2014,8,14,27.2,17.49,0
Ronco all'Adige,2014,8,15,25.49,15.53,6.7
Ronco all'Adige,2014,8,16,23.82,14.24,10.2
Ronco all'Adige,2014,8,17,26.18,13.19,0
Ronco all'Adige,2014,8,18,26.47,14.73,0
Ronco all'Adige,2014,8,19,21.21,16.26,5
Ronco all'Adige,2014,8,20,25.03,16.54,8
Ronco all'Adige,2014,8,21,26.27,16.09,0
Ronco all'Adige,2014,8,22,27.16,16.9,0
Ronco all'Adige,2014,8,23,22.01,15.23,6.1
Ronco all'Adige,2014,8,24,26.73,13.98,5.8
Ronco all'Adige,2014,8,25,23.82,15.78,0
Ronco all'Adige,2014,8,26,24.59,16.33,0
Ronco all'Adige,2014,8,27,28.83,17.09,0
Ronco all'Adige,2014,8,28,26.22,17.02,0
Ronco all'Adige,2014,8,29,28.6,15.47,0
Ronco all'Adige,2014,8,30,29.18,17.25,0
Ronco all'Adige,2014,8,31,28.95,15.65,7.9
Ronco all'Adige,2014,9,1,24.58,14.58,8.7
Ronco all'Adige,2014,9,2,24.62,13.7,0
Ronco all'Adige,2014,9,3,23.08,15.61,8.5
Ronco all'Adige,2014,9,4,24.33,17.42,0
Ronco all'Adige,2014,9,5,26.47,18.75,0
Ronco all'Adige,2014,9,6,28.25,17.49,0
Ronco all'Adige,2014,9,7,27.79,17.41,0
Ronco all'Adige,2014,9,8,28.73,16.84,0
Ronco all'Adige,2014,9,9,29.49,18.24,11.8
Ronco all'Adige,2014,9,10,26.31,17.26,13.2
Ronco all'Adige,2014,9,11,24.27,14.99,10.3
Ronco all'Adige,2014,9,12,21.91,13.93,2.6
Ronco all'Adige,2014,9,13,24.46,12.46,0
Ronco all'Adige,2014,9,14,25.55,13.85,0
Ronco all'Adige,2014,9,15,25.77,13.82,0
Ronco all'Adige,2014,9,16,25.88,15.9,0
Ronco all'Adige,2014,9,17,24.24,14.79,0
Ronco all'Adige,2014,9,18,22.95,14.06,0
Ronco all'Adige,2014,9,19,23.38,16.25,0
Ronco all'Adige,2014,9,20,23.72,17.43,12.8
Ronco all'Adige,2014,9,21,25.99,16.25,0
Ronco all'Adige,2014,9,22,26.73,14.72,0
Ronco all'Adige,2014,9,23,22.59,11.23,0
Ronco all'Adige,2014,9,24,22.17,9.93,0
Ronco all'Adige,2014,9,25,23.79,13.24,0
Ronco all'Adige,2014,9,26,22.97,12.05,0
Ronco all'Adige,2014,9,27,24.39,11.91,0
Ronco all'Adige,2014,9,28,25.24,13.54,0
Ronco all'Adige,2014,9,29,25.45,12.42,0
Ronco all'Adige,2014,9,30,25.1,12.67,0
Ronco all'Adige,2014,10,1,20.52,14.63,3.4
Ronco all'Adige,2014,10,2,25.26,13.57,0
Ronco all'Adige,2014,10,3,24.08,14.05,0
Ronco all'Adige,2014,10,4,23.27,12.78,0
Ronco all'Adige,2014,10,5,22.31,11.63,0
Ronco all'Adige,2014,10,6,21.64,11.53,0
Ronco all'Adige,2014,10,7,21.3,10.59,0
Ronco all'Adige,2014,10,8,22.53,14.61,0
Ronco all'Adige,2014,10,9,22.21,16.17,2.1
Ronco all'Adige,2014,10,10,24.15,16.5,0
Ronco all'Adige,2014,10,11,24.28,17.16,7.2
Ronco all'Adige,2014,10,12,23.53,15.93,0
Ronco all'Adige,2014,10,13,21.7,16.01,12.7
Ronco all'Adige,2014,10,14,21.45,15.16,0
Ronco all'Adige,2014,10,15,21.14,15.74,0
Ronco all'Adige,2014,10,16,22.64,15.11,0
Ronco all'Adige,2014,10,17,24.46,16.53,0
Ronco all'Adige,2014,10,18,25.16,15.51,0
Ronco all'Adige,2014,10,19,24.17,15.9,0
Ronco all'Adige,2014,10,20,21.35,15.51,0
Ronco all'Adige,2014,10,21,23.51,15.86,0
Ronco all'Adige,2014,10,22,19.3,9.82,0
Ronco all'Adige,2014,10,23,20.42,9,0
Ronco all'Adige,2014,10,24,22.83,8.82,0
Ronco all'Adige,2014,10,25,17.51,9.07,0
Ronco all'Adige,2014,10,26,17.58,8.17,0
Ronco all'Adige,2014,10,27,15.14,6.28,0
Ronco all'Adige,2014,10,28,15.76,5.43,0
Ronco all'Adige,2014,10,29,15.08,3.76,0
Ronco all'Adige,2014,10,30,16.24,3.84,0
Ronco all'Adige,2014,10,31,17.19,4.07,0
Ronco all'Adige,2014,11,1,18.63,5.94,0
Ronco all'Adige,2014,11,2,19.34,6,0
Ronco all'Adige,2014,11,3,16.06,4.69,0
Ronco all'Adige,2014,11,4,18.91,11.79,0
Ronco all'Adige,2014,11,5,18.28,14.43,28.9
Ronco all'Adige,2014,11,6,15.84,12.95,20.8
Ronco all'Adige,2014,11,7,14.62,11.49,2.7
Ronco all'Adige,2014,11,8,16.53,12.49,0
Ronco all'Adige,2014,11,9,15.56,13.54,0
Ronco all'Adige,2014,11,10,15.43,13.41,11.4
Ronco all'Adige,2014,11,11,16.93,12.15,7.8
Ronco all'Adige,2014,11,12,17.25,13.4,6.1
Ronco all'Adige,2014,11,13,16.7,12.03,7
Ronco all'Adige,2014,11,14,17.24,9.43,0
Ronco all'Adige,2014,11,15,15.47,10.95,14.1
Ronco all'Adige,2014,11,16,18.08,8.58,0
Ronco all'Adige,2014,11,17,12.03,6.45,14.2
Ronco all'Adige,2014,11,18,14.47,6.73,4.8
Ronco all'Adige,2014,11,19,13.31,4.17,0
Ronco all'Adige,2014,11,20,10.61,3.69,0
Ronco all'Adige,2014,11,21,11.35,2.58,0
Ronco all'Adige,2014,11,22,11.65,3.71,0
Ronco all'Adige,2014,11,23,12.11,3.86,0
Ronco all'Adige,2014,11,24,13.41,4.97,0
Ronco all'Adige,2014,11,25,11.64,5.94,0
Ronco all'Adige,2014,11,26,9.64,7.33,2.2
Ronco all'Adige,2014,11,27,8.33,6.89,0
Ronco all'Adige,2014,11,28,11.89,8.42,1.2
Ronco all'Adige,2014,11,29,13.23,10.81,0
Ronco all'Adige,2014,11,30,13.07,11.11,8.1
Ronco all'Adige,2014,12,1,15.13,10.75,14.2
Ronco all'Adige,2014,12,2,12,9.41,7.5
Ronco all'Adige,2014,12,3,10.56,8.22,9.5
Ronco all'Adige,2014,12,4,9.22,8.47,6.7
Ronco all'Adige,2014,12,5,11.27,9.04,3.6
Ronco all'Adige,2014,12,6,12.36,8.81,2.5
Ronco all'Adige,2014,12,7,11.41,7.48,3.8
Ronco all'Adige,2014,12,8,11.56,4.46,0
Ronco all'Adige,2014,12,9,11.54,3.66,0
Ronco all'Adige,2014,12,10,9.91,0.7,0
Ronco all'Adige,2014,12,11,9.67,0.43,0
Ronco all'Adige,2014,12,12,8.87,-0.52,0
Ronco all'Adige,2014,12,13,8.08,3.67,0
Ronco all'Adige,2014,12,14,8.66,3.95,0
Ronco all'Adige,2014,12,15,9.81,6.32,0
Ronco all'Adige,2014,12,16,10.04,7.82,7.3
Ronco all'Adige,2014,12,17,10.97,5.95,0
Ronco all'Adige,2014,12,18,8.61,4.55,0
Ronco all'Adige,2014,12,19,7.44,4.21,0
Ronco all'Adige,2014,12,20,8.9,4.46,0
Ronco all'Adige,2014,12,21,9.1,5.11,0
Ronco all'Adige,2014,12,22,5.18,3.23,0
Ronco all'Adige,2014,12,23,4.53,2.85,0
Ronco all'Adige,2014,12,24,5.53,2.52,0
Ronco all'Adige,2014,12,25,7.05,1.83,0
Ronco all'Adige,2014,12,26,6.73,1.25,0
Ronco all'Adige,2014,12,27,3.03,-0.9,5.5
Ronco all'Adige,2014,12,28,3.36,-0.89,2.2
Ronco all'Adige,2014,12,29,6.1,-2.23,0
Ronco all'Adige,2014,12,30,3.99,-3.59,0
Ronco all'Adige,2014,12,31,1.3,-3.67,0
Ronco all'Adige,2015,1,1,3.99,-3.69,0
Ronco all'Adige,2015,1,2,6.58,-1.6,0
Ronco all'Adige,2015,1,3,8.51,-1.66,0
Ronco all'Adige,2015,1,4,10.19,-0.66,0
Ronco all'Adige,2015,1,5,10.17,-1.3,0
Ronco all'Adige,2015,1,6,8.98,-1.99,0
Ronco all'Adige,2015,1,7,8.22,-1.59,0
Ronco all'Adige,2015,1,8,8.39,0.63,0
Ronco all'Adige,2015,1,9,7.33,0.08,0
Ronco all'Adige,2015,1,10,7.46,-0.5,0
Ronco all'Adige,2015,1,11,5.84,-0.47,0
Ronco all'Adige,2015,1,12,11.63,-0.63,0
Ronco all'Adige,2015,1,13,9.09,-1.95,0
Ronco all'Adige,2015,1,14,8.26,-0.68,0
Ronco all'Adige,2015,1,15,6.76,-1.16,0
Ronco all'Adige,2015,1,16,10.34,3.18,2.7
Ronco all'Adige,2015,1,17,13.16,5.55,15
Ronco all'Adige,2015,1,18,11.13,0.89,0
Ronco all'Adige,2015,1,19,7.58,0.14,0
Ronco all'Adige,2015,1,20,5.04,-0.7,0
Ronco all'Adige,2015,1,21,5.85,2.96,4.3
Ronco all'Adige,2015,1,22,7.65,4.75,3.3
Ronco all'Adige,2015,1,23,9.69,3.71,0
Ronco all'Adige,2015,1,24,12.19,2.38,0
Ronco all'Adige,2015,1,25,11.61,2.01,0
Ronco all'Adige,2015,1,26,9.31,0.33,0
Ronco all'Adige,2015,1,27,5.77,-0.81,0
Ronco all'Adige,2015,1,28,9.39,-2.75,0
Ronco all'Adige,2015,1,29,3.84,-2.13,0
Ronco all'Adige,2015,1,30,6.7,-0.37,4
Ronco all'Adige,2015,1,31,8.19,-3.17,0.9
Ronco all'Adige,2015,2,1,8.73,-0.73,3.5
Ronco all'Adige,2015,2,2,8.32,-3.17,0
Ronco all'Adige,2015,2,3,7.29,-0.28,0
Ronco all'Adige,2015,2,4,9.01,3.48,0
Ronco all'Adige,2015,2,5,6.93,2.44,22.3
Ronco all'Adige,2015,2,6,6.23,1.81,24.2
Ronco all'Adige,2015,2,7,7.42,1.02,6.2
Ronco all'Adige,2015,2,8,6.9,-0.76,0
Ronco all'Adige,2015,2,9,7.41,-2.32,0
Ronco all'Adige,2015,2,10,11.62,-0.95,0
Ronco all'Adige,2015,2,11,11.35,-0.16,0
Ronco all'Adige,2015,2,12,10.22,-1.21,0
Ronco all'Adige,2015,2,13,7.76,3.19,0
Ronco all'Adige,2015,2,14,8.8,4.4,1.8
Ronco all'Adige,2015,2,15,9.86,4.79,2.7
Ronco all'Adige,2015,2,16,13.16,3.73,3.9
Ronco all'Adige,2015,2,17,13.33,3.18,0
Ronco all'Adige,2015,2,18,10.32,0.9,0
Ronco all'Adige,2015,2,19,10.97,-0.91,0
Ronco all'Adige,2015,2,20,10.64,-1.5,0
Ronco all'Adige,2015,2,21,8.48,1.51,0
Ronco all'Adige,2015,2,22,10.88,4.31,10.1
Ronco all'Adige,2015,2,23,13.48,3.07,0
Ronco all'Adige,2015,2,24,10.81,4.84,4.3
Ronco all'Adige,2015,2,25,11.18,6.5,2.7
Ronco all'Adige,2015,2,26,11.85,6.51,0
Ronco all'Adige,2015,2,27,11.89,4.91,0
Ronco all'Adige,2015,2,28,13.72,3,0
Ronco all'Adige,2015,3,1,14.16,2.11,0
Ronco all'Adige,2015,3,2,11.33,5.9,0
Ronco all'Adige,2015,3,3,14.34,2.56,0
Ronco all'Adige,2015,3,4,13.33,3.81,7.6
Ronco all'Adige,2015,3,5,13.63,4.19,0
Ronco all'Adige,2015,3,6,13.74,2.3,0
Ronco all'Adige,2015,3,7,13.14,0.92,0
Ronco all'Adige,2015,3,8,14.01,1.23,0
Ronco all'Adige,2015,3,9,12.21,2.76,0
Ronco all'Adige,2015,3,10,15.93,1.68,0
Ronco all'Adige,2015,3,11,18.07,4.24,0
Ronco all'Adige,2015,3,12,15.8,3.9,0
Ronco all'Adige,2015,3,13,15.16,2.28,0
Ronco all'Adige,2015,3,14,13.55,3.96,0
Ronco all'Adige,2015,3,15,13.38,4.22,2.6
Ronco all'Adige,2015,3,16,9.18,6.86,9.1
Ronco all'Adige,2015,3,17,15.07,6.94,6.4
Ronco all'Adige,2015,3,18,15.95,4.87,0
Ronco all'Adige,2015,3,19,16.14,3.02,0
Ronco all'Adige,2015,3,20,15.24,4.53,0
Ronco all'Adige,2015,3,21,13.75,6.22,1.1
Ronco all'Adige,2015,3,22,12.49,6.06,2.6
Ronco all'Adige,2015,3,23,16.65,4.09,0
Ronco all'Adige,2015,3,24,16.35,6.63,0
Ronco all'Adige,2015,3,25,13.06,9.28,24.1
Ronco all'Adige,2015,3,26,13.56,9.82,5.6
Ronco all'Adige,2015,3,27,17.24,7.52,3.8
Ronco all'Adige,2015,3,28,19.64,5.15,0
Ronco all'Adige,2015,3,29,17.99,6.61,0
Ronco all'Adige,2015,3,30,22.07,6.62,0
Ronco all'Adige,2015,3,31,23.21,6.72,0
Ronco all'Adige,2015,4,1,19.7,7.05,0
Ronco all'Adige,2015,4,2,19.62,4.58,0
Ronco all'Adige,2015,4,3,16.18,6.37,0
Ronco all'Adige,2015,4,4,12.59,7.6,3.6
Ronco all'Adige,2015,4,5,13.31,5.59,2.4
Ronco all'Adige,2015,4,6,14.72,2.4,0
Ronco all'Adige,2015,4,7,16.52,3.07,0
Ronco all'Adige,2015,4,8,19.92,2.31,0
Ronco all'Adige,2015,4,9,19.07,4.67,0
Ronco all'Adige,2015,4,10,21.59,5.93,0
Ronco all'Adige,2015,4,11,21.18,6.47,0
Ronco all'Adige,2015,4,12,22.55,8.46,0
Ronco all'Adige,2015,4,13,25.1,8.62,0
Ronco all'Adige,2015,4,14,24.1,10.67,0
Ronco all'Adige,2015,4,15,24.8,9.77,0
Ronco all'Adige,2015,4,16,23.12,9.78,0
Ronco all'Adige,2015,4,17,19.17,12.44,1.6
Ronco all'Adige,2015,4,18,20.36,7.55,4.1
Ronco all'Adige,2015,4,19,15.89,4.58,0
Ronco all'Adige,2015,4,20,20.28,3.73,0
Ronco all'Adige,2015,4,21,23.86,6.32,0
Ronco all'Adige,2015,4,22,25.99,9.34,0
Ronco all'Adige,2015,4,23,23.66,9.41,0
Ronco all'Adige,2015,4,24,20.95,9.28,0
Ronco all'Adige,2015,4,25,19.58,10.37,0
Ronco all'Adige,2015,4,26,21.27,11.48,2.3
Ronco all'Adige,2015,4,27,15.15,13.22,8.2
Ronco all'Adige,2015,4,28,21.82,11.9,8.9
Ronco all'Adige,2015,4,29,19.09,10.12,0
Ronco all'Adige,2015,4,30,19.95,11.15,2.1
Ronco all'Adige,2015,5,1,16.41,10.31,1.2
Ronco all'Adige,2015,5,2,21.86,12.57,0
Ronco all'Adige,2015,5,3,21.07,15.04,0
Ronco all'Adige,2015,5,4,22.7,15.38,0
Ronco all'Adige,2015,5,5,24.45,14.15,0
Ronco all'Adige,2015,5,6,25.61,15.05,0
Ronco all'Adige,2015,5,7,26.38,14.45,0
Ronco all'Adige,2015,5,8,26.6,14.77,0
Ronco all'Adige,2015,5,9,25.87,14.16,0
Ronco all'Adige,2015,5,10,27.21,14.39,0
Ronco all'Adige,2015,5,11,27.24,12.94,0
Ronco all'Adige,2015,5,12,26.46,15.49,0
Ronco all'Adige,2015,5,13,27.09,14.64,0
Ronco all'Adige,2015,5,14,27.48,15.37,0
Ronco all'Adige,2015,5,15,21.14,16.47,8.2
Ronco all'Adige,2015,5,16,25.15,15.38,4.1
Ronco all'Adige,2015,5,17,27.9,15.57,0
Ronco all'Adige,2015,5,18,27.67,15.33,0
Ronco all'Adige,2015,5,19,28.77,16.56,0
Ronco all'Adige,2015,5,20,23.68,12.68,0
Ronco all'Adige,2015,5,21,20.22,9.55,11
Ronco all'Adige,2015,5,22,17.09,11.72,8.5
Ronco all'Adige,2015,5,23,17.12,12.86,4.6
Ronco all'Adige,2015,5,24,23.72,12.7,0
Ronco all'Adige,2015,5,25,26.21,12.79,0
Ronco all'Adige,2015,5,26,22.19,15.23,6.9
Ronco all'Adige,2015,5,27,23.53,13.18,2.7
Ronco all'Adige,2015,5,28,23.48,12.56,0
Ronco all'Adige,2015,5,29,24.74,12.59,0
Ronco all'Adige,2015,5,30,26.93,13.84,0
Ronco all'Adige,2015,5,31,24.18,15.84,0
Ronco all'Adige,2015,6,1,27.72,14.4,0
Ronco all'Adige,2015,6,2,29.91,16.54,0
Ronco all'Adige,2015,6,3,30.73,17.21,0
Ronco all'Adige,2015,6,4,32.65,19.49,0
Ronco all'Adige,2015,6,5,32.6,19.54,0
Ronco all'Adige,2015,6,6,33.09,20.6,0
Ronco all'Adige,2015,6,7,32.62,19.78,0
Ronco all'Adige,2015,6,8,30.75,19.21,0
Ronco all'Adige,2015,6,9,31.7,17.28,0
Ronco all'Adige,2015,6,10,29.74,17.57,0
Ronco all'Adige,2015,6,11,30.57,18.02,0
Ronco all'Adige,2015,6,12,30.6,17.8,0
Ronco all'Adige,2015,6,13,30.83,18.95,0
Ronco all'Adige,2015,6,14,26.42,17.12,2.6
Ronco all'Adige,2015,6,15,28.17,16.78,0
Ronco all'Adige,2015,6,16,27.21,17.05,10
Ronco all'Adige,2015,6,17,25.86,16.29,6.6
Ronco all'Adige,2015,6,18,26.01,16.45,0
Ronco all'Adige,2015,6,19,27.26,17.37,2.7
Ronco all'Adige,2015,6,20,24.45,15.31,4.8
Ronco all'Adige,2015,6,21,25.68,14.65,0
Ronco all'Adige,2015,6,22,26.84,15.23,0
Ronco all'Adige,2015,6,23,28.69,15.64,11.8
Ronco all'Adige,2015,6,24,24.79,14.3,3.8
Ronco all'Adige,2015,6,25,26.72,13.43,0
Ronco all'Adige,2015,6,26,28.97,15.02,0
Ronco all'Adige,2015,6,27,30.81,16.56,3.2
Ronco all'Adige,2015,6,28,30.17,16.88,0
Ronco all'Adige,2015,6,29,29.2,19.36,0
Ronco all'Adige,2015,6,30,30.06,17.82,0
Ronco all'Adige,2015,7,1,31.49,17.68,0
Ronco all'Adige,2015,7,2,32.89,19,0
Ronco all'Adige,2015,7,3,33.05,20.33,0
Ronco all'Adige,2015,7,4,33.28,18.61,0
Ronco all'Adige,2015,7,5,34.48,21.81,0
Ronco all'Adige,2015,7,6,35.4,22.07,0
Ronco all'Adige,2015,7,7,36.21,23.22,0
Ronco all'Adige,2015,7,8,35.3,22.92,0
Ronco all'Adige,2015,7,9,29.29,20.59,0
Ronco all'Adige,2015,7,10,29.75,18.51,0
Ronco all'Adige,2015,7,11,31.88,16.79,0
Ronco all'Adige,2015,7,12,33.57,19.42,0
Ronco all'Adige,2015,7,13,32.32,20.97,0
Ronco all'Adige,2015,7,14,32.9,20.93,0
Ronco all'Adige,2015,7,15,33.99,21.03,0
Ronco all'Adige,2015,7,16,35.36,22.89,0
Ronco all'Adige,2015,7,17,35.71,23.05,0
Ronco all'Adige,2015,7,18,36.28,21.22,0
Ronco all'Adige,2015,7,19,36.25,23.27,0
Ronco all'Adige,2015,7,20,36.47,21.99,0
Ronco all'Adige,2015,7,21,36.62,22.82,0
Ronco all'Adige,2015,7,22,37.23,23.78,0
Ronco all'Adige,2015,7,23,36.27,22.8,0
Ronco all'Adige,2015,7,24,33.67,22.42,0
Ronco all'Adige,2015,7,25,33.25,21.29,11
Ronco all'Adige,2015,7,26,28.79,21.35,0
Ronco all'Adige,2015,7,27,33.15,20.24,0
Ronco all'Adige,2015,7,28,32,21.79,0
Ronco all'Adige,2015,7,29,32.55,20.5,0
Ronco all'Adige,2015,7,30,28.59,20.16,0
Ronco all'Adige,2015,7,31,26.99,16.86,0
Ronco all'Adige,2015,8,1,25.63,16.84,6.6
Ronco all'Adige,2015,8,2,29.15,17.51,0
Ronco all'Adige,2015,8,3,32.37,19.49,0
Ronco all'Adige,2015,8,4,33.62,20.57,0
Ronco all'Adige,2015,8,5,34.24,21.91,0
Ronco all'Adige,2015,8,6,35.54,21.54,0
Ronco all'Adige,2015,8,7,35.09,22.46,0
Ronco all'Adige,2015,8,8,36.13,22.44,0
Ronco all'Adige,2015,8,9,35.12,22.42,0
Ronco all'Adige,2015,8,10,31.61,20.12,0
Ronco all'Adige,2015,8,11,34.15,20,0
Ronco all'Adige,2015,8,12,34.94,21.26,0
Ronco all'Adige,2015,8,13,35.58,20.82,0
Ronco all'Adige,2015,8,14,34.48,20.24,0
Ronco all'Adige,2015,8,15,30.61,19.81,3.1
Ronco all'Adige,2015,8,16,25.52,19.03,2.6
Ronco all'Adige,2015,8,17,29.56,17.92,2.8
Ronco all'Adige,2015,8,18,29.35,17.02,0
Ronco all'Adige,2015,8,19,21.52,15.66,11
Ronco all'Adige,2015,8,20,29.36,17.18,0
Ronco all'Adige,2015,8,21,25.97,16.79,2.3
Ronco all'Adige,2015,8,22,27.29,15.47,0
Ronco all'Adige,2015,8,23,25.67,15.49,0
Ronco all'Adige,2015,8,24,24.77,18.32,5.5
Ronco all'Adige,2015,8,25,29.48,18.71,0
Ronco all'Adige,2015,8,26,30,18.17,0
Ronco all'Adige,2015,8,27,31.24,18.08,0
Ronco all'Adige,2015,8,28,32.12,18.32,0
Ronco all'Adige,2015,8,29,33.95,19.48,0
Ronco all'Adige,2015,8,30,33.63,18.75,0
Ronco all'Adige,2015,8,31,33.7,19.07,0
Ronco all'Adige,2015,9,1,32.65,17.75,0
Ronco all'Adige,2015,9,2,30.39,19.01,0
Ronco all'Adige,2015,9,3,28.61,18.4,0
Ronco all'Adige,2015,9,4,28.53,16.47,0
Ronco all'Adige,2015,9,5,25.55,14.04,8.9
Ronco all'Adige,2015,9,6,25.09,11.63,0
Ronco all'Adige,2015,9,7,24.87,13.15,0
Ronco all'Adige,2015,9,8,24.92,12.68,0
Ronco all'Adige,2015,9,9,23.68,12.08,0
Ronco all'Adige,2015,9,10,23.03,14.42,0
Ronco all'Adige,2015,9,11,24.18,13.83,0
Ronco all'Adige,2015,9,12,27.17,13.06,0
Ronco all'Adige,2015,9,13,24.02,15.96,10.4
Ronco all'Adige,2015,9,14,29.01,18.15,21.5
Ronco all'Adige,2015,9,15,27.13,17.32,0
Ronco all'Adige,2015,9,16,27.4,17.8,0
Ronco all'Adige,2015,9,17,30.94,18.75,0
Ronco all'Adige,2015,9,18,29.72,16.87,0
Ronco all'Adige,2015,9,19,27.84,15.48,0
Ronco all'Adige,2015,9,20,26.72,14.92,0
Ronco all'Adige,2015,9,21,24.74,13.91,0
Ronco all'Adige,2015,9,22,23.4,13.92,0
Ronco all'Adige,2015,9,23,20.73,12.35,10.6
Ronco all'Adige,2015,9,24,18.46,12.34,5.5
Ronco all'Adige,2015,9,25,23.8,12.72,0
Ronco all'Adige,2015,9,26,23.57,13.22,0
Ronco all'Adige,2015,9,27,21.18,14.52,0
Ronco all'Adige,2015,9,28,20.28,12.89,0
Ronco all'Adige,2015,9,29,20.08,11.24,0
Ronco all'Adige,2015,9,30,19.05,9.34,0
Ronco all'Adige,2015,10,1,17.18,10.06,0
Ronco all'Adige,2015,10,2,16.93,14.51,14.3
Ronco all'Adige,2015,10,3,21.95,14.01,6.2
Ronco all'Adige,2015,10,4,22.1,13.46,5.2
Ronco all'Adige,2015,10,5,22.73,12.63,3.1
Ronco all'Adige,2015,10,6,17.69,15.32,3
Ronco all'Adige,2015,10,7,22.74,15.91,1.8
Ronco all'Adige,2015,10,8,23.29,14.87,0
Ronco all'Adige,2015,10,9,20.96,14.24,0
Ronco all'Adige,2015,10,10,18.79,13.47,0
Ronco all'Adige,2015,10,11,22.51,12.49,0
Ronco all'Adige,2015,10,12,22.34,11.37,0
Ronco all'Adige,2015,10,13,15.34,14.27,10.1
Ronco all'Adige,2015,10,14,16.46,12.82,15.3
Ronco all'Adige,2015,10,15,18.74,12.07,7.9
Ronco all'Adige,2015,10,16,15,7.56,4.6
Ronco all'Adige,2015,10,17,16.57,6.2,0
Ronco all'Adige,2015,10,18,13.87,10.72,2.1
Ronco all'Adige,2015,10,19,17.79,9.75,3.9
Ronco all'Adige,2015,10,20,17.75,5.85,0
Ronco all'Adige,2015,10,21,17.57,6.6,0
Ronco all'Adige,2015,10,22,17.35,5,0
Ronco all'Adige,2015,10,23,17.85,6.27,0
Ronco all'Adige,2015,10,24,18.86,5.88,0
Ronco all'Adige,2015,10,25,16.58,7.13,0
Ronco all'Adige,2015,10,26,19.3,6.22,0
Ronco all'Adige,2015,10,27,18.06,6.26,0
Ronco all'Adige,2015,10,28,13.07,11.54,16.1
Ronco all'Adige,2015,10,29,15,11.53,11.5
Ronco all'Adige,2015,10,30,19.79,9.79,0
Ronco all'Adige,2015,10,31,18.49,8.01,0
Ronco all'Adige,2015,11,1,17.76,5.13,0
Ronco all'Adige,2015,11,2,16.84,1.49,0
Ronco all'Adige,2015,11,3,16.1,2.3,0
Ronco all'Adige,2015,11,4,15.56,7.25,0
Ronco all'Adige,2015,11,5,17.93,5.13,0
Ronco all'Adige,2015,11,6,19.18,7.3,0
Ronco all'Adige,2015,11,7,20.23,6.92,0
Ronco all'Adige,2015,11,8,20.79,7.43,0
Ronco all'Adige,2015,11,9,20.02,7.42,0
Ronco all'Adige,2015,11,10,19.58,7.54,0
Ronco all'Adige,2015,11,11,14.03,7.5,0
Ronco all'Adige,2015,11,12,17.63,7.86,0
Ronco all'Adige,2015,11,13,11.75,7.27,0
Ronco all'Adige,2015,11,14,12.21,6.97,0
Ronco all'Adige,2015,11,15,11.51,7.23,0
Ronco all'Adige,2015,11,16,13.35,9.04,0
Ronco all'Adige,2015,11,17,11.35,8.78,0
Ronco all'Adige,2015,11,18,11.47,8.75,0
Ronco all'Adige,2015,11,19,11.95,9.01,0
Ronco all'Adige,2015,11,20,13.34,8.34,0
Ronco all'Adige,2015,11,21,10.57,5.29,11.3
Ronco all'Adige,2015,11,22,11.08,2.53,0
Ronco all'Adige,2015,11,23,7.42,2.49,0
Ronco all'Adige,2015,11,24,8.8,0.19,0
Ronco all'Adige,2015,11,25,6.23,-0.49,0
Ronco all'Adige,2015,11,26,10.55,-0.17,0
Ronco all'Adige,2015,11,27,10.94,-0.04,0
Ronco all'Adige,2015,11,28,7.35,-0.2,0
Ronco all'Adige,2015,11,29,9.05,-0.6,0
Ronco all'Adige,2015,11,30,8.61,-1.54,0
Ronco all'Adige,2015,12,1,8.71,-2.03,0
Ronco all'Adige,2015,12,2,11.49,0.12,0
Ronco all'Adige,2015,12,3,6.16,1.37,0
Ronco all'Adige,2015,12,4,5.57,1.85,0
Ronco all'Adige,2015,12,5,8.08,3.54,0
Ronco all'Adige,2015,12,6,6.53,2.94,0
Ronco all'Adige,2015,12,7,7.06,2.57,0
Ronco all'Adige,2015,12,8,8.55,2.3,0
Ronco all'Adige,2015,12,9,5.89,2.14,0
Ronco all'Adige,2015,12,10,6.07,1.7,0
Ronco all'Adige,2015,12,11,4.27,-1.24,0
Ronco all'Adige,2015,12,12,5.43,-0.86,0
Ronco all'Adige,2015,12,13,5.28,-0.71,0
Ronco all'Adige,2015,12,14,8.53,0.9,0
Ronco all'Adige,2015,12,15,8.76,-0.72,0
Ronco all'Adige,2015,12,16,10.41,-0.21,0
Ronco all'Adige,2015,12,17,9.54,0.83,0
Ronco all'Adige,2015,12,18,10.5,-0.19,0
Ronco all'Adige,2015,12,19,9.09,1.26,0
Ronco all'Adige,2015,12,20,8.34,0.4,0
Ronco all'Adige,2015,12,21,5.9,0.99,0
Ronco all'Adige,2015,12,22,7.66,3.44,0
Ronco all'Adige,2015,12,23,6.27,2.34,0
Ronco all'Adige,2015,12,24,8.49,3.29,0
Ronco all'Adige,2015,12,25,6.84,3.29,0
Ronco all'Adige,2015,12,26,6.55,2.66,0
Ronco all'Adige,2015,12,27,5.42,0.23,0
Ronco all'Adige,2015,12,28,4.1,-0.12,0
Ronco all'Adige,2015,12,29,5.21,-0.46,0
Ronco all'Adige,2015,12,30,9.48,-1.76,0
Ronco all'Adige,2015,12,31,6.13,0.51,0
Ronco all'Adige,2016,1,1,6.1,-2.5,0
Ronco all'Adige,2016,1,2,1.88,-1.9,5.2
Ronco all'Adige,2016,1,3,4.59,0.51,11.1
Ronco all'Adige,2016,1,4,1.84,-0.61,2.6
Ronco all'Adige,2016,1,5,3.26,-0.07,2.2
Ronco all'Adige,2016,1,6,6.6,0.56,0
Ronco all'Adige,2016,1,7,5.16,-1.37,0
Ronco all'Adige,2016,1,8,6.47,-1.43,0
Ronco all'Adige,2016,1,9,5.12,3.25,6.5
Ronco all'Adige,2016,1,10,7.42,3.57,0
Ronco all'Adige,2016,1,11,12.8,5.57,0
Ronco all'Adige,2016,1,12,13.07,3.46,0
Ronco all'Adige,2016,1,13,11.99,2.06,0
Ronco all'Adige,2016,1,14,5.37,-0.63,4.4
Ronco all'Adige,2016,1,15,9.21,-0.58,0
Ronco all'Adige,2016,1,16,10.13,-1.85,0
Ronco all'Adige,2016,1,17,7.97,-1.77,0
Ronco all'Adige,2016,1,18,6.41,-14.63,0
Ronco all'Adige,2016,1,19,4.16,-6.24,0
Ronco all'Adige,2016,1,20,3.61,-5.78,0
Ronco all'Adige,2016,1,21,4.67,-4.89,0
Ronco all'Adige,2016,1,22,4.8,-5.11,0
Ronco all'Adige,2016,1,23,6.67,-2.9,0
Ronco all'Adige,2016,1,24,7.6,-3.84,0
Ronco all'Adige,2016,1,25,10.23,-3.17,0
Ronco all'Adige,2016,1,26,11.74,-1.52,0
Ronco all'Adige,2016,1,27,10.64,-0.59,0
Ronco all'Adige,2016,1,28,10,5.55,0
Ronco all'Adige,2016,1,29,14.31,5.1,0
Ronco all'Adige,2016,1,30,10.42,5.06,0
Ronco all'Adige,2016,1,31,8.94,4.76,0
Ronco all'Adige,2016,2,1,9.96,4.5,0
Ronco all'Adige,2016,2,2,9.19,5.56,0
Ronco all'Adige,2016,2,3,9.27,5.69,7.5
Ronco all'Adige,2016,2,4,12.33,1.76,0
Ronco all'Adige,2016,2,5,11.58,-0.63,0
Ronco all'Adige,2016,2,6,11.44,1.14,0
Ronco all'Adige,2016,2,7,9.19,5.02,2.4
Ronco all'Adige,2016,2,8,10.72,4.47,9.7
Ronco all'Adige,2016,2,9,11.83,4.02,7.2
Ronco all'Adige,2016,2,10,12.91,0.99,11.3
Ronco all'Adige,2016,2,11,11.98,-1.51,0
Ronco all'Adige,2016,2,12,10.31,1.95,10.1
Ronco all'Adige,2016,2,13,9.33,1.27,0
Ronco all'Adige,2016,2,14,6.72,3.45,6.3
Ronco all'Adige,2016,2,15,10.19,4.06,9.8
Ronco all'Adige,2016,2,16,10.16,6.19,10.1
Ronco all'Adige,2016,2,17,8.42,4.72,11.9
Ronco all'Adige,2016,2,18,12.72,3.68,0
Ronco all'Adige,2016,2,19,14.23,3.42,0
Ronco all'Adige,2016,2,20,12.35,2.91,0
Ronco all'Adige,2016,2,21,15.27,1.55,0
Ronco all'Adige,2016,2,22,12.56,3.57,0
Ronco all'Adige,2016,2,23,14.62,5.77,2.9
Ronco all'Adige,2016,2,24,12.59,3.77,0
Ronco all'Adige,2016,2,25,10.15,4.83,1
Ronco all'Adige,2016,2,26,8.77,2.58,0
Ronco all'Adige,2016,2,27,8.45,5.01,5.2
Ronco all'Adige,2016,2,28,11.32,7.08,22.2
Ronco all'Adige,2016,2,29,12.51,7.78,38.3
Ronco all'Adige,2016,3,1,15.97,5.42,0
Ronco all'Adige,2016,3,2,14.51,4.44,2.2
Ronco all'Adige,2016,3,3,10.83,2.09,17.2
Ronco all'Adige,2016,3,4,13.33,0.98,0
Ronco all'Adige,2016,3,5,9.96,4.3,7.9
Ronco all'Adige,2016,3,6,9.87,2.06,0
Ronco all'Adige,2016,3,7,9.6,2.89,3.4
Ronco all'Adige,2016,3,8,9.15,2.77,9.9
Ronco all'Adige,2016,3,9,10.72,4.12,0
Ronco all'Adige,2016,3,10,15.34,3.74,0
Ronco all'Adige,2016,3,11,13.07,6.65,1.2
Ronco all'Adige,2016,3,12,15.62,7.12,0
Ronco all'Adige,2016,3,13,14.4,8.32,0
Ronco all'Adige,2016,3,14,13.39,4.44,0
Ronco all'Adige,2016,3,15,12.45,1.34,0.8
Ronco all'Adige,2016,3,16,10.55,4.8,0
Ronco all'Adige,2016,3,17,15.34,4.8,0
Ronco all'Adige,2016,3,18,16.53,3.09,0
Ronco all'Adige,2016,3,19,18.6,2.98,0
Ronco all'Adige,2016,3,20,18.06,4.39,0
Ronco all'Adige,2016,3,21,17.52,7.02,0
Ronco all'Adige,2016,3,22,17.07,7.29,0
Ronco all'Adige,2016,3,23,15.68,4.52,0
Ronco all'Adige,2016,3,24,16.61,3.03,0
Ronco all'Adige,2016,3,25,16.28,5.52,0
Ronco all'Adige,2016,3,26,17.46,5.55,0
Ronco all'Adige,2016,3,27,17.65,4.5,0
Ronco all'Adige,2016,3,28,15.14,8.8,0
Ronco all'Adige,2016,3,29,20.63,7.33,0
Ronco all'Adige,2016,3,30,17.84,9.51,0
Ronco all'Adige,2016,3,31,19.34,8.25,0
Ronco all'Adige,2016,4,1,18.9,11.06,0
Ronco all'Adige,2016,4,2,19.22,11.48,0
Ronco all'Adige,2016,4,3,20.87,7.81,0
Ronco all'Adige,2016,4,4,18.69,11.13,0
Ronco all'Adige,2016,4,5,21.43,8.91,0
Ronco all'Adige,2016,4,6,22.01,9.19,0
Ronco all'Adige,2016,4,7,19.82,11.07,0
Ronco all'Adige,2016,4,8,18.43,10.45,0
Ronco all'Adige,2016,4,9,17.54,9.75,0
Ronco all'Adige,2016,4,10,21.72,8.41,0
Ronco all'Adige,2016,4,11,22.83,8.43,0
Ronco all'Adige,2016,4,12,22.61,7.92,0
Ronco all'Adige,2016,4,13,22.87,11.36,0
Ronco all'Adige,2016,4,14,23.14,9.75,0
Ronco all'Adige,2016,4,15,21.99,8.46,0
Ronco all'Adige,2016,4,16,23.86,9.66,0
Ronco all'Adige,2016,4,17,22.47,12.42,0
Ronco all'Adige,2016,4,18,24.37,10.3,0
Ronco all'Adige,2016,4,19,20.93,8.66,3
Ronco all'Adige,2016,4,20,20.75,9.15,0
Ronco all'Adige,2016,4,21,22.22,7.68,0
Ronco all'Adige,2016,4,22,22.64,10.39,0
Ronco all'Adige,2016,4,23,19.75,11.75,3.3
Ronco all'Adige,2016,4,24,15.23,7.86,6.3
Ronco all'Adige,2016,4,25,16.98,5.89,0
Ronco all'Adige,2016,4,26,16.45,5.08,0
Ronco all'Adige,2016,4,27,19.51,7.03,0
Ronco all'Adige,2016,4,28,16.49,6.2,0
Ronco all'Adige,2016,4,29,18.67,7.32,0
Ronco all'Adige,2016,4,30,19.22,7.1,5.9
Ronco all'Adige,2016,5,1,15.05,9.89,10.8
Ronco all'Adige,2016,5,2,18.44,11.4,7.8
Ronco all'Adige,2016,5,3,24.25,10.4,0
Ronco all'Adige,2016,5,4,24.2,10.43,0
Ronco all'Adige,2016,5,5,21.26,9.69,0
Ronco all'Adige,2016,5,6,23.41,9.67,0
Ronco all'Adige,2016,5,7,23.86,10.03,0
Ronco all'Adige,2016,5,8,24.11,12.09,0
Ronco all'Adige,2016,5,9,19.99,14.36,0
Ronco all'Adige,2016,5,10,21.3,14.06,0
Ronco all'Adige,2016,5,11,16.15,14.53,10.9
Ronco all'Adige,2016,5,12,21.53,12.71,29.9
Ronco all'Adige,2016,5,13,18.5,12.06,5.3
Ronco all'Adige,2016,5,14,23.39,12.55,9.2
Ronco all'Adige,2016,5,15,22.23,11.93,6.5
Ronco all'Adige,2016,5,16,19.34,10.22,0
Ronco all'Adige,2016,5,17,21.03,9.02,0
Ronco all'Adige,2016,5,18,22.71,8.93,0
Ronco all'Adige,2016,5,19,17.2,11.37,5.3
Ronco all'Adige,2016,5,20,24.86,11.39,0
Ronco all'Adige,2016,5,21,26.68,12.57,0
Ronco all'Adige,2016,5,22,26.77,13.64,0
Ronco all'Adige,2016,5,23,21.7,10.92,5
Ronco all'Adige,2016,5,24,25.94,11.21,0
Ronco all'Adige,2016,5,25,25.93,11.56,0
Ronco all'Adige,2016,5,26,26.83,14.13,0
Ronco all'Adige,2016,5,27,28.04,14.91,0
Ronco all'Adige,2016,5,28,28.09,16.06,0
Ronco all'Adige,2016,5,29,22.5,15.58,16
Ronco all'Adige,2016,5,30,23.44,15.02,0
Ronco all'Adige,2016,5,31,25.1,14.16,6.8
Ronco all'Adige,2016,6,1,24.2,12.91,0
Ronco all'Adige,2016,6,2,23.7,14.87,6.7
Ronco all'Adige,2016,6,3,24.17,15.08,0
Ronco all'Adige,2016,6,4,23.63,15.84,0
Ronco all'Adige,2016,6,5,26.57,15.21,5.8
Ronco all'Adige,2016,6,6,26.84,16.77,6
Ronco all'Adige,2016,6,7,29.25,15.57,0
Ronco all'Adige,2016,6,8,28.59,16.72,5.5
Ronco all'Adige,2016,6,9,22.43,16.49,16
Ronco all'Adige,2016,6,10,26.19,14.58,6.1
Ronco all'Adige,2016,6,11,26.07,16.31,0
Ronco all'Adige,2016,6,12,24.9,16.6,5.3
Ronco all'Adige,2016,6,13,27.52,15.3,0
Ronco all'Adige,2016,6,14,23.94,16.28,6.8
Ronco all'Adige,2016,6,15,26.52,13.95,7.8
Ronco all'Adige,2016,6,16,26.53,17.55,0
Ronco all'Adige,2016,6,17,26.43,15.8,0
Ronco all'Adige,2016,6,18,25.88,13.63,0
Ronco all'Adige,2016,6,19,22.96,15.08,4.4
Ronco all'Adige,2016,6,20,27.74,15.48,0
Ronco all'Adige,2016,6,21,29.21,16.24,0
Ronco all'Adige,2016,6,22,31.74,17.28,0
Ronco all'Adige,2016,6,23,33.55,19.22,0
Ronco all'Adige,2016,6,24,34.74,21.23,0
Ronco all'Adige,2016,6,25,34.56,21.34,0
Ronco all'Adige,2016,6,26,31.65,18.54,0
Ronco all'Adige,2016,6,27,31.33,18.5,0
Ronco all'Adige,2016,6,28,30.21,17.5,0
Ronco all'Adige,2016,6,29,31.27,18.43,0
Ronco all'Adige,2016,6,30,32.6,19.33,0
Ronco all'Adige,2016,7,1,31.53,20.5,0
Ronco all'Adige,2016,7,2,32.27,20.68,0
Ronco all'Adige,2016,7,3,31.65,21.21,0
Ronco all'Adige,2016,7,4,28.36,18.93,0
Ronco all'Adige,2016,7,5,31.63,17.59,0
Ronco all'Adige,2016,7,6,32.86,19.07,0
Ronco all'Adige,2016,7,7,30.56,15.37,0
Ronco all'Adige,2016,7,8,31.83,20.3,0
Ronco all'Adige,2016,7,9,34,21.56,0
Ronco all'Adige,2016,7,10,33.22,23.04,0
Ronco all'Adige,2016,7,11,34.78,22.24,0
Ronco all'Adige,2016,7,12,33.39,21.74,0
Ronco all'Adige,2016,7,13,31.4,18.41,0
Ronco all'Adige,2016,7,14,28.38,16.08,0
Ronco all'Adige,2016,7,15,26.01,14.61,0
Ronco all'Adige,2016,7,16,29.18,14.31,0
Ronco all'Adige,2016,7,17,30.73,14.79,0
Ronco all'Adige,2016,7,18,32.72,17.5,0
Ronco all'Adige,2016,7,19,32.42,19.44,0
Ronco all'Adige,2016,7,20,33.47,19.72,0
Ronco all'Adige,2016,7,21,32.91,21.05,0
Ronco all'Adige,2016,7,22,33.42,20.62,0
Ronco all'Adige,2016,7,23,29.64,20.25,0
Ronco all'Adige,2016,7,24,29.01,20.55,0
Ronco all'Adige,2016,7,25,32.7,20.21,0
Ronco all'Adige,2016,7,26,32.11,21.28,0
Ronco all'Adige,2016,7,27,32.15,19.27,0
Ronco all'Adige,2016,7,28,30.23,19.5,3.9
Ronco all'Adige,2016,7,29,32.53,19.83,0
Ronco all'Adige,2016,7,30,33.3,21.28,0
Ronco all'Adige,2016,7,31,29.42,20.47,0
Ronco all'Adige,2016,8,1,28.57,19.1,0
Ronco all'Adige,2016,8,2,30.25,18.26,0
Ronco all'Adige,2016,8,3,31.21,18.79,0
Ronco all'Adige,2016,8,4,32.19,19.99,0
Ronco all'Adige,2016,8,5,26.83,17.2,7.2
Ronco all'Adige,2016,8,6,29.95,17.19,7.1
Ronco all'Adige,2016,8,7,30.27,17.43,0
Ronco all'Adige,2016,8,8,30.52,16.57,0
Ronco all'Adige,2016,8,9,32.72,17.7,0
Ronco all'Adige,2016,8,10,25.11,17.17,15.7
Ronco all'Adige,2016,8,11,25.22,14.22,0
Ronco all'Adige,2016,8,12,27.15,14.05,0
Ronco all'Adige,2016,8,13,28.62,14.67,0
Ronco all'Adige,2016,8,14,31.31,16.13,0
Ronco all'Adige,2016,8,15,32.63,18.35,0
Ronco all'Adige,2016,8,16,30.88,18.2,0
Ronco all'Adige,2016,8,17,29.83,18.82,8
Ronco all'Adige,2016,8,18,28.83,17.22,0
Ronco all'Adige,2016,8,19,28.24,18.61,2.1
Ronco all'Adige,2016,8,20,29.32,20.58,4.7
Ronco all'Adige,2016,8,21,29.57,19.35,9.4
Ronco all'Adige,2016,8,22,28.4,15.41,0
Ronco all'Adige,2016,8,23,29.66,15.09,0
Ronco all'Adige,2016,8,24,29.95,16.76,0
Ronco all'Adige,2016,8,25,29.32,17.9,0
Ronco all'Adige,2016,8,26,29.39,17.28,0
Ronco all'Adige,2016,8,27,30.92,16.24,0
Ronco all'Adige,2016,8,28,32.01,17.36,0
Ronco all'Adige,2016,8,29,32.94,19.2,0
Ronco all'Adige,2016,8,30,29.48,20.47,0
Ronco all'Adige,2016,8,31,30.57,18.71,0
Ronco all'Adige,2016,9,1,31.13,17.64,0
Ronco all'Adige,2016,9,2,31.8,19.16,0
Ronco all'Adige,2016,9,3,32.42,19.12,0
Ronco all'Adige,2016,9,4,32.15,19.32,0
Ronco all'Adige,2016,9,5,29.96,18.01,0
Ronco all'Adige,2016,9,6,29.85,15.77,2.7
Ronco all'Adige,2016,9,7,29.38,15.77,0
Ronco all'Adige,2016,9,8,29.76,17.01,0
Ronco all'Adige,2016,9,9,31.54,17.19,0
Ronco all'Adige,2016,9,10,31.56,18.47,0
Ronco all'Adige,2016,9,11,30.55,18.42,0
Ronco all'Adige,2016,9,12,31.03,17.62,0
Ronco all'Adige,2016,9,13,31.05,17.17,0
Ronco all'Adige,2016,9,14,30.84,16.59,0
Ronco all'Adige,2016,9,15,26.58,17.88,0
Ronco all'Adige,2016,9,16,21.18,16.78,10.4
Ronco all'Adige,2016,9,17,25.97,15.91,0
Ronco all'Adige,2016,9,18,24.8,15.06,0
Ronco all'Adige,2016,9,19,27.89,15.21,0
Ronco all'Adige,2016,9,20,27.28,13.55,0
Ronco all'Adige,2016,9,21,19.61,14.93,9.3
Ronco all'Adige,2016,9,22,23.41,12.73,0
Ronco all'Adige,2016,9,23,24.57,11.41,0
Ronco all'Adige,2016,9,24,25.74,12.57,0
Ronco all'Adige,2016,9,25,25.08,11.79,0
Ronco all'Adige,2016,9,26,25.52,11.97,0
Ronco all'Adige,2016,9,27,25.16,13.34,0
Ronco all'Adige,2016,9,28,25.32,12.26,0
Ronco all'Adige,2016,9,29,25.73,12.59,0
Ronco all'Adige,2016,9,30,25.74,12.55,0
Ronco all'Adige,2016,10,1,25.62,12.01,1
Ronco all'Adige,2016,10,2,23.28,15.41,0
Ronco all'Adige,2016,10,3,23.23,12.68,4.3
Ronco all'Adige,2016,10,4,23.57,12.03,0
Ronco all'Adige,2016,10,5,18.07,9.2,6.2
Ronco all'Adige,2016,10,6,18.43,8.24,0
Ronco all'Adige,2016,10,7,19.67,7.6,0
Ronco all'Adige,2016,10,8,17.58,8.42,0
Ronco all'Adige,2016,10,9,16.36,10.31,2.5
Ronco all'Adige,2016,10,10,17.56,8.79,2.7
Ronco all'Adige,2016,10,11,15.68,6.29,0
Ronco all'Adige,2016,10,12,17.96,4.18,0
Ronco all'Adige,2016,10,13,15.3,7.65,1.8
Ronco all'Adige,2016,10,14,16.25,10.17,37
Ronco all'Adige,2016,10,15,17.96,12.75,0
Ronco all'Adige,2016,10,16,20.37,11.03,0
Ronco all'Adige,2016,10,17,16.61,11.34,0
Ronco all'Adige,2016,10,18,20.21,10.79,0
Ronco all'Adige,2016,10,19,18.05,9.31,3
Ronco all'Adige,2016,10,20,14.47,8.66,7.4
Ronco all'Adige,2016,10,21,17.38,6.93,0
Ronco all'Adige,2016,10,22,15.81,6.53,0
Ronco all'Adige,2016,10,23,15.17,9.4,1.2
Ronco all'Adige,2016,10,24,13.21,11.57,2
Ronco all'Adige,2016,10,25,14.58,12.23,1
Ronco all'Adige,2016,10,26,17.71,12.52,0
Ronco all'Adige,2016,10,27,19.7,10.56,0
Ronco all'Adige,2016,10,28,18.32,9.02,0
Ronco all'Adige,2016,10,29,18.16,6.66,0
Ronco all'Adige,2016,10,30,18.71,5.23,0
Ronco all'Adige,2016,10,31,16.51,6.37,0
Ronco all'Adige,2016,11,1,13.17,8.44,0
Ronco all'Adige,2016,11,2,14.3,9.56,0
Ronco all'Adige,2016,11,3,16.74,8.46,0
Ronco all'Adige,2016,11,4,14.45,7.38,0
Ronco all'Adige,2016,11,5,11.01,8.89,11.5
Ronco all'Adige,2016,11,6,14.92,8.04,11.8
Ronco all'Adige,2016,11,7,16.86,5.74,0
Ronco all'Adige,2016,11,8,11.9,3.24,0
Ronco all'Adige,2016,11,9,10.74,1.34,0
Ronco all'Adige,2016,11,10,11.13,3.51,0
Ronco all'Adige,2016,11,11,9.1,3.05,7.8
Ronco all'Adige,2016,11,12,14.82,2.94,0
Ronco all'Adige,2016,11,13,10.5,1.58,0
Ronco all'Adige,2016,11,14,9.35,2.1,0
Ronco all'Adige,2016,11,15,9.41,0.97,0
Ronco all'Adige,2016,11,16,10.45,0,0
Ronco all'Adige,2016,11,17,9.68,1.34,0
Ronco all'Adige,2016,11,18,9.95,6.19,5.6
Ronco all'Adige,2016,11,19,11.8,8.28,19.5
Ronco all'Adige,2016,11,20,10.99,8.68,0
Ronco all'Adige,2016,11,21,13.61,9.08,2.2
Ronco all'Adige,2016,11,22,16.82,11.88,0
Ronco all'Adige,2016,11,23,16.32,13,0
Ronco all'Adige,2016,11,24,15.72,12.09,0
Ronco all'Adige,2016,11,25,15.21,12.22,12.3
Ronco all'Adige,2016,11,26,15.62,7.69,7.4
Ronco all'Adige,2016,11,27,10.99,7.23,0
Ronco all'Adige,2016,11,28,11.8,4.73,0
Ronco all'Adige,2016,11,29,7.61,0.51,0
Ronco all'Adige,2016,11,30,8.06,-1.41,0
Ronco all'Adige,2016,12,1,8.02,-0.3,0
Ronco all'Adige,2016,12,2,10.86,-1.71,0
Ronco all'Adige,2016,12,3,8.3,2.86,0
Ronco all'Adige,2016,12,4,8.58,5.14,1.2
Ronco all'Adige,2016,12,5,8.86,3.11,0
Ronco all'Adige,2016,12,6,7.29,-0.05,0
Ronco all'Adige,2016,12,7,6.06,-0.26,0
Ronco all'Adige,2016,12,8,4.95,-0.94,0
Ronco all'Adige,2016,12,9,3.88,-0.89,0
Ronco all'Adige,2016,12,10,3.54,-1.04,0
Ronco all'Adige,2016,12,11,3.03,-0.97,0
Ronco all'Adige,2016,12,12,6.27,1.51,0
Ronco all'Adige,2016,12,13,3.85,0.65,0
Ronco all'Adige,2016,12,14,3.88,0.73,0
Ronco all'Adige,2016,12,15,4.3,1.32,0
Ronco all'Adige,2016,12,16,6.38,-1.34,0
Ronco all'Adige,2016,12,17,5.61,-2.34,0
Ronco all'Adige,2016,12,18,0.96,-2.48,0
Ronco all'Adige,2016,12,19,7.35,-1.07,0
Ronco all'Adige,2016,12,20,9.02,4,0.8
Ronco all'Adige,2016,12,21,12.72,4.17,0
Ronco all'Adige,2016,12,22,9.88,-0.27,0
Ronco all'Adige,2016,12,23,10.01,-1.43,0
Ronco all'Adige,2016,12,24,8.99,-0.63,0
Ronco all'Adige,2016,12,25,10.91,-0.68,0
Ronco all'Adige,2016,12,26,11.5,0.85,0
Ronco all'Adige,2016,12,27,12.08,0.35,0
Ronco all'Adige,2016,12,28,12.4,-1.52,0
Ronco all'Adige,2016,12,29,7.95,-1.26,0
Ronco all'Adige,2016,12,30,5.53,-3.3,0
Ronco all'Adige,2016,12,31,5.37,-4.46,0
Ronco all'Adige,2017,1,1,6.64,-3.7,0
Ronco all'Adige,2017,1,2,6.92,-1.17,0
Ronco all'Adige,2017,1,3,9.55,-11.12,0
Ronco all'Adige,2017,1,4,8.11,-1.61,0
Ronco all'Adige,2017,1,5,8.82,-2.58,0
Ronco all'Adige,2017,1,6,5.1,-5.93,0
Ronco all'Adige,2017,1,7,2.28,-7.85,0
Ronco all'Adige,2017,1,8,2.6,-7.36,0
Ronco all'Adige,2017,1,9,4.38,-5.87,0
Ronco all'Adige,2017,1,10,1.62,-5.03,0
Ronco all'Adige,2017,1,11,2.12,-5.07,0
Ronco all'Adige,2017,1,12,1.16,-2.06,0
Ronco all'Adige,2017,1,13,4.47,-1,4.6
Ronco all'Adige,2017,1,14,8.9,-3.13,0
Ronco all'Adige,2017,1,15,7.56,-2.48,0
Ronco all'Adige,2017,1,16,6.34,-3.58,0
Ronco all'Adige,2017,1,17,7.04,-1.23,0
Ronco all'Adige,2017,1,18,8.05,-2.07,0
Ronco all'Adige,2017,1,19,6.82,-0.85,0
Ronco all'Adige,2017,1,20,6.65,-3.52,0
Ronco all'Adige,2017,1,21,7.72,-6.42,0
Ronco all'Adige,2017,1,22,9.31,-5.39,0
Ronco all'Adige,2017,1,23,8.73,-2.18,0
Ronco all'Adige,2017,1,24,12.23,-0.88,0
Ronco all'Adige,2017,1,25,8.5,-2.91,0
Ronco all'Adige,2017,1,26,5.71,-4.57,0
Ronco all'Adige,2017,1,27,6.63,-5.74,0
Ronco all'Adige,2017,1,28,5.81,-4.47,0
Ronco all'Adige,2017,1,29,6.47,-4.79,0
Ronco all'Adige,2017,1,30,5.42,-3.52,0
Ronco all'Adige,2017,1,31,3.59,0.89,0
Ronco all'Adige,2017,2,1,6.73,2.91,0
Ronco all'Adige,2017,2,2,7.55,4.07,1.7
Ronco all'Adige,2017,2,3,11.29,6.47,4.9
Ronco all'Adige,2017,2,4,8.72,4.02,7.6
Ronco all'Adige,2017,2,5,6.78,2.89,20.7
Ronco all'Adige,2017,2,6,10.46,4.73,19.3
Ronco all'Adige,2017,2,7,14.01,3.94,0
Ronco all'Adige,2017,2,8,9.08,2.81,0
Ronco all'Adige,2017,2,9,8.79,1.17,0
Ronco all'Adige,2017,2,10,6.26,3.34,0
Ronco all'Adige,2017,2,11,8.02,3.6,0
Ronco all'Adige,2017,2,12,11.01,4.65,0
Ronco all'Adige,2017,2,13,8.09,3.32,0
Ronco all'Adige,2017,2,14,11.92,1.25,0
Ronco all'Adige,2017,2,15,14.29,0.49,0
Ronco all'Adige,2017,2,16,16.84,0.88,0
Ronco all'Adige,2017,2,17,12.83,0.33,0
Ronco all'Adige,2017,2,18,13.75,1.45,0
Ronco all'Adige,2017,2,19,10.83,0.14,0
Ronco all'Adige,2017,2,20,10.41,0.3,0
Ronco all'Adige,2017,2,21,9.25,1.36,0
Ronco all'Adige,2017,2,22,10.18,2.57,0
Ronco all'Adige,2017,2,23,11.24,4.11,0
Ronco all'Adige,2017,2,24,10.37,5.83,3.2
Ronco all'Adige,2017,2,25,13.93,2.26,0
Ronco all'Adige,2017,2,26,14.8,-0.09,0
Ronco all'Adige,2017,2,27,13.51,1.99,0
Ronco all'Adige,2017,2,28,13.2,6.74,3.5
Ronco all'Adige,2017,3,1,17.27,4.85,11.1
Ronco all'Adige,2017,3,2,16.39,2.94,0
Ronco all'Adige,2017,3,3,14.31,4.34,0
Ronco all'Adige,2017,3,4,12.8,6.93,0
Ronco all'Adige,2017,3,5,15.56,5.77,0
Ronco all'Adige,2017,3,6,14.88,3.69,0
Ronco all'Adige,2017,3,7,18.12,4.1,0
Ronco all'Adige,2017,3,8,18,2.44,0
Ronco all'Adige,2017,3,9,18.99,3.14,0
Ronco all'Adige,2017,3,10,21.06,5,0
Ronco all'Adige,2017,3,11,15.66,2.67,0
Ronco all'Adige,2017,3,12,14.46,3.33,0
Ronco all'Adige,2017,3,13,15.68,3.2,0
Ronco all'Adige,2017,3,14,19.11,4.34,0
Ronco all'Adige,2017,3,15,17.61,5.59,0
Ronco all'Adige,2017,3,16,19.95,4.25,0
Ronco all'Adige,2017,3,17,20.4,4.8,0
Ronco all'Adige,2017,3,18,19,7.26,0
Ronco all'Adige,2017,3,19,18.1,6.38,0
Ronco all'Adige,2017,3,20,17.76,6.2,0
Ronco all'Adige,2017,3,21,16.34,9.65,0
Ronco all'Adige,2017,3,22,15.38,11.03,0
Ronco all'Adige,2017,3,23,19.23,9.75,1
Ronco all'Adige,2017,3,24,20.42,9.4,0
Ronco all'Adige,2017,3,25,21.39,9.05,9.7
Ronco all'Adige,2017,3,26,17.54,8.47,7.8
Ronco all'Adige,2017,3,27,17.02,5.67,0
Ronco all'Adige,2017,3,28,20.97,-6.18,0
Ronco all'Adige,2017,3,29,23.89,6.56,0
Ronco all'Adige,2017,3,30,25.16,7.78,0
Ronco all'Adige,2017,3,31,24.63,8.43,0
Ronco all'Adige,2017,4,1,21.33,9.68,0
Ronco all'Adige,2017,4,2,19.66,10.67,0
Ronco all'Adige,2017,4,3,24.43,9.02,0
Ronco all'Adige,2017,4,4,23.67,10.24,1.9
Ronco all'Adige,2017,4,5,19.4,10.09,3.9
Ronco all'Adige,2017,4,6,19.99,8.81,0
Ronco all'Adige,2017,4,7,19.25,8.9,0
Ronco all'Adige,2017,4,8,22.79,7.66,0
Ronco all'Adige,2017,4,9,23.14,9.28,0
Ronco all'Adige,2017,4,10,23.82,10.26,0
Ronco all'Adige,2017,4,11,23.39,10.76,0
Ronco all'Adige,2017,4,12,21.61,12.71,0
Ronco all'Adige,2017,4,13,25.02,9.75,0
Ronco all'Adige,2017,4,14,24.55,13.17,0
Ronco all'Adige,2017,4,15,19.81,12.39,5.6
Ronco all'Adige,2017,4,16,23.65,10.58,2.2
Ronco all'Adige,2017,4,17,18.82,8.85,0
Ronco all'Adige,2017,4,18,13.85,4.47,4
Ronco all'Adige,2017,4,19,15.52,3.19,0
Ronco all'Adige,2017,4,20,17.82,2.68,0
Ronco all'Adige,2017,4,21,17.15,3.94,0
Ronco all'Adige,2017,4,22,20.46,4.28,0
Ronco all'Adige,2017,4,23,20.41,6.42,0
Ronco all'Adige,2017,4,24,19.26,12.12,0
Ronco all'Adige,2017,4,25,20.42,11.08,0
Ronco all'Adige,2017,4,26,15.59,12.81,6.6
Ronco all'Adige,2017,4,27,19.06,12.69,14.5
Ronco all'Adige,2017,4,28,16.12,6.63,0
Ronco all'Adige,2017,4,29,18.38,5.23,0
Ronco all'Adige,2017,4,30,18.62,5.31,0
Ronco all'Adige,2017,5,1,17.54,7.95,4.2
Ronco all'Adige,2017,5,2,20,6.23,5.2
Ronco all'Adige,2017,5,3,16.77,9.89,6.2
Ronco all'Adige,2017,5,4,18.67,9.71,4.8
Ronco all'Adige,2017,5,5,21.81,9.15,0
Ronco all'Adige,2017,5,6,18.06,10.58,15.2
Ronco all'Adige,2017,5,7,16.33,9.89,4.9
Ronco all'Adige,2017,5,8,22.3,10.32,0
Ronco all'Adige,2017,5,9,20.34,12.39,5.1
Ronco all'Adige,2017,5,10,18.87,11.1,0
Ronco all'Adige,2017,5,11,19.57,11.3,0
Ronco all'Adige,2017,5,12,24.51,13.72,0
Ronco all'Adige,2017,5,13,26.76,13.13,3.2
Ronco all'Adige,2017,5,14,26.69,14.54,0
Ronco all'Adige,2017,5,15,26.39,14.58,4.7
Ronco all'Adige,2017,5,16,27.85,13.21,0
Ronco all'Adige,2017,5,17,28,14.35,0
Ronco all'Adige,2017,5,18,26.44,16.36,0
Ronco all'Adige,2017,5,19,24.95,14.54,3.2
Ronco all'Adige,2017,5,20,22.19,12.94,0
Ronco all'Adige,2017,5,21,27.69,13.38,0
Ronco all'Adige,2017,5,22,28.19,13.39,0
Ronco all'Adige,2017,5,23,29.45,14.76,0
Ronco all'Adige,2017,5,24,29.75,17.14,0
Ronco all'Adige,2017,5,25,25.77,16.32,0
Ronco all'Adige,2017,5,26,26.52,14.84,0
Ronco all'Adige,2017,5,27,29.09,14.58,0
Ronco all'Adige,2017,5,28,30.12,16.71,0
Ronco all'Adige,2017,5,29,29.97,16.98,0
Ronco all'Adige,2017,5,30,31.52,17.55,0
Ronco all'Adige,2017,5,31,31.44,17.81,0
Ronco all'Adige,2017,6,1,31.24,17.82,0
Ronco all'Adige,2017,6,2,31.03,16.65,0
Ronco all'Adige,2017,6,3,31.61,17.33,0
Ronco all'Adige,2017,6,4,29.92,18.04,0
Ronco all'Adige,2017,6,5,27.85,17.64,0
Ronco all'Adige,2017,6,6,26.97,16.68,0
Ronco all'Adige,2017,6,7,28.08,14.63,0
Ronco all'Adige,2017,6,8,26.77,13.96,0
Ronco all'Adige,2017,6,9,28.56,13.45,0
Ronco all'Adige,2017,6,10,30.33,17.91,0
Ronco all'Adige,2017,6,11,30.24,16.77,0
Ronco all'Adige,2017,6,12,32.45,18.82,0
Ronco all'Adige,2017,6,13,32.85,19.22,0
Ronco all'Adige,2017,6,14,31.16,20.62,15.8
Ronco all'Adige,2017,6,15,30.46,20.26,0
Ronco all'Adige,2017,6,16,32.76,21.4,0
Ronco all'Adige,2017,6,17,32.18,20.33,0
Ronco all'Adige,2017,6,18,28.96,17.57,0
Ronco all'Adige,2017,6,19,30.74,16.47,0
Ronco all'Adige,2017,6,20,33.05,17.95,0
Ronco all'Adige,2017,6,21,34.52,19.8,0
Ronco all'Adige,2017,6,22,35.26,20.74,0
Ronco all'Adige,2017,6,23,35.02,22.34,0
Ronco all'Adige,2017,6,24,35.69,23.2,0
Ronco all'Adige,2017,6,25,29.8,20.36,0
Ronco all'Adige,2017,6,26,31.37,19.19,0
Ronco all'Adige,2017,6,27,28.85,20.28,0
Ronco all'Adige,2017,6,28,29.86,17.05,14.5
Ronco all'Adige,2017,6,29,28.35,16.29,0
Ronco all'Adige,2017,6,30,26.95,15.9,0
Ronco all'Adige,2017,7,1,28.3,14.33,0
Ronco all'Adige,2017,7,2,29.63,14.98,0
Ronco all'Adige,2017,7,3,31.77,18.06,0
Ronco all'Adige,2017,7,4,29.91,18.81,0
Ronco all'Adige,2017,7,5,32.16,18.92,0
Ronco all'Adige,2017,7,6,34.4,20.01,0
Ronco all'Adige,2017,7,7,34.75,20.69,0
Ronco all'Adige,2017,7,8,35.13,20.47,0
Ronco all'Adige,2017,7,9,34.28,21.31,0
Ronco all'Adige,2017,7,10,34.36,21.32,0
Ronco all'Adige,2017,7,11,32.01,20.73,5.7
Ronco all'Adige,2017,7,12,31.44,19.52,0
Ronco all'Adige,2017,7,13,31.86,21.1,0
Ronco all'Adige,2017,7,14,27.85,18.44,6.8
Ronco all'Adige,2017,7,15,31,18.43,0
Ronco all'Adige,2017,7,16,27.93,16.85,0
Ronco all'Adige,2017,7,17,30,15.66,0
Ronco all'Adige,2017,7,18,31.64,17.76,0
Ronco all'Adige,2017,7,19,33.2,13.72,0
Ronco all'Adige,2017,7,20,32.72,19.52,0
Ronco all'Adige,2017,7,21,32.14,20.1,0
Ronco all'Adige,2017,7,22,33.07,21.17,0
Ronco all'Adige,2017,7,23,34,22.05,0
Ronco all'Adige,2017,7,24,29.74,17.82,9
Ronco all'Adige,2017,7,25,29.76,15.89,0
Ronco all'Adige,2017,7,26,28.74,14.85,0
Ronco all'Adige,2017,7,27,30.81,16.64,0
Ronco all'Adige,2017,7,28,31.91,17.73,0
Ronco all'Adige,2017,7,29,31.17,20.46,5.5
Ronco all'Adige,2017,7,30,31.05,19.68,3.4
Ronco all'Adige,2017,7,31,32.77,20.3,0
Ronco all'Adige,2017,8,1,34.62,21.32,0
Ronco all'Adige,2017,8,2,36.87,22.73,0
Ronco all'Adige,2017,8,3,37.12,22.82,0
Ronco all'Adige,2017,8,4,37.66,22.86,0
Ronco all'Adige,2017,8,5,36.92,24.97,0
Ronco all'Adige,2017,8,6,34.42,20.74,0
Ronco all'Adige,2017,8,7,30.02,19.04,0
Ronco all'Adige,2017,8,8,31.49,18.72,0
Ronco all'Adige,2017,8,9,34.22,21.09,0
Ronco all'Adige,2017,8,10,30.51,19.67,0
Ronco all'Adige,2017,8,11,28.49,16.98,0
Ronco all'Adige,2017,8,12,29.15,15.39,0
Ronco all'Adige,2017,8,13,30.4,15.34,0
Ronco all'Adige,2017,8,14,30.83,17.1,0
Ronco all'Adige,2017,8,15,33.23,18.15,0
Ronco all'Adige,2017,8,16,32.8,17.81,0
Ronco all'Adige,2017,8,17,33.86,19.91,0
Ronco all'Adige,2017,8,18,34.14,20.47,0
Ronco all'Adige,2017,8,19,32.43,18.04,0
Ronco all'Adige,2017,8,20,27.97,16.92,0
Ronco all'Adige,2017,8,21,27.58,17.05,0
Ronco all'Adige,2017,8,22,27.6,15.68,0
Ronco all'Adige,2017,8,23,29.81,15.56,0
Ronco all'Adige,2017,8,24,31.63,16.54,0
Ronco all'Adige,2017,8,25,32.55,19.74,0
Ronco all'Adige,2017,8,26,33.94,20,0
Ronco all'Adige,2017,8,27,35.23,20.09,0
Ronco all'Adige,2017,8,28,31.82,20.19,0
Ronco all'Adige,2017,8,29,30.4,18.21,0
Ronco all'Adige,2017,8,30,31.93,17.96,0
Ronco all'Adige,2017,8,31,32.54,19.52,0
Ronco all'Adige,2017,9,1,28.91,17.05,3.8
Ronco all'Adige,2017,9,2,24.07,13.73,8.8
Ronco all'Adige,2017,9,3,25.66,13.1,7.5
Ronco all'Adige,2017,9,4,25.85,13.69,0
Ronco all'Adige,2017,9,5,27.53,14.76,0
Ronco all'Adige,2017,9,6,29.08,15.72,0
Ronco all'Adige,2017,9,7,26.99,17.9,8.3
Ronco all'Adige,2017,9,8,24.84,16.07,0
Ronco all'Adige,2017,9,9,26.83,15.95,10.3
Ronco all'Adige,2017,9,10,20.19,16.97,26.8
Ronco all'Adige,2017,9,11,22.59,16.88,4.3
Ronco all'Adige,2017,9,12,22.25,12.21,10.7
Ronco all'Adige,2017,9,13,23.93,11.23,0
Ronco all'Adige,2017,9,14,22.14,13.67,0
Ronco all'Adige,2017,9,15,20.93,13.35,10
Ronco all'Adige,2017,9,16,20.52,13.65,4.7
Ronco all'Adige,2017,9,17,22.29,12.36,0
Ronco all'Adige,2017,9,18,19.9,10.88,5.8
Ronco all'Adige,2017,9,19,16.96,11.68,7.9
Ronco all'Adige,2017,9,20,23.22,11.15,0
Ronco all'Adige,2017,9,21,23.19,9.87,0
Ronco all'Adige,2017,9,22,23.39,9.98,0
Ronco all'Adige,2017,9,23,23,11.52,0
Ronco all'Adige,2017,9,24,20.56,13.29,8.5
Ronco all'Adige,2017,9,25,21.57,11.46,0
Ronco all'Adige,2017,9,26,22.81,11.59,0
Ronco all'Adige,2017,9,27,23.89,12.12,0
Ronco all'Adige,2017,9,28,23.58,13.33,0
Ronco all'Adige,2017,9,29,21.77,13.49,0
Ronco all'Adige,2017,9,30,19.71,13.43,0
Ronco all'Adige,2017,10,1,15.64,13.4,2.9
Ronco all'Adige,2017,10,2,21.32,11.12,0
Ronco all'Adige,2017,10,3,19.3,12.6,0
Ronco all'Adige,2017,10,4,21.62,12.86,0
Ronco all'Adige,2017,10,5,22.67,12.82,0
Ronco all'Adige,2017,10,6,23.9,10.83,8.8
Ronco all'Adige,2017,10,7,21.05,8.76,0
Ronco all'Adige,2017,10,8,21.84,10.17,0
Ronco all'Adige,2017,10,9,21.18,9.15,0
Ronco all'Adige,2017,10,10,21.41,9.59,0
Ronco all'Adige,2017,10,11,20.88,10.55,0
Ronco all'Adige,2017,10,12,21.97,11.99,0
Ronco all'Adige,2017,10,13,22.09,10.33,0
Ronco all'Adige,2017,10,14,22.73,9.13,0
Ronco all'Adige,2017,10,15,23.84,9.47,0
Ronco all'Adige,2017,10,16,24.85,9.84,0
Ronco all'Adige,2017,10,17,22.87,8.53,0
Ronco all'Adige,2017,10,18,18.74,9.06,0
Ronco all'Adige,2017,10,19,16.21,10.14,0
Ronco all'Adige,2017,10,20,16.48,10.56,0
Ronco all'Adige,2017,10,21,17.4,12.05,0
Ronco all'Adige,2017,10,22,16.94,10.1,8.6
Ronco all'Adige,2017,10,23,20.83,7.55,0
Ronco all'Adige,2017,10,24,21.81,6.38,0
Ronco all'Adige,2017,10,25,19.3,6.11,0
Ronco all'Adige,2017,10,26,18.54,6.75,0
Ronco all'Adige,2017,10,27,19.09,7.87,0
Ronco all'Adige,2017,10,28,16.78,7.25,0
Ronco all'Adige,2017,10,29,19.76,7.28,0
Ronco all'Adige,2017,10,30,18.45,7.54,0
Ronco all'Adige,2017,10,31,16.58,6.39,0
Ronco all'Adige,2017,11,1,16.95,4.37,0
Ronco all'Adige,2017,11,2,15.09,4.45,0
Ronco all'Adige,2017,11,3,17.92,7.43,0
Ronco all'Adige,2017,11,4,13.8,7.12,0
Ronco all'Adige,2017,11,5,15.77,9.68,22
Ronco all'Adige,2017,11,6,11.71,6.97,17
Ronco all'Adige,2017,11,7,11.35,8.27,19.6
Ronco all'Adige,2017,11,8,13.42,6.71,0
Ronco all'Adige,2017,11,9,12.86,8.13,1.3
Ronco all'Adige,2017,11,10,12.98,7.1,0
Ronco all'Adige,2017,11,11,9.57,5.51,0
Ronco all'Adige,2017,11,12,8.45,5.64,2.6
Ronco all'Adige,2017,11,13,8.57,4.63,28.7
Ronco all'Adige,2017,11,14,12.21,4.74,0
Ronco all'Adige,2017,11,15,11.12,4.19,0
Ronco all'Adige,2017,11,16,12.63,6.5,0
Ronco all'Adige,2017,11,17,12.24,3.65,0
Ronco all'Adige,2017,11,18,12.18,4.2,0
Ronco all'Adige,2017,11,19,10.31,2.67,0
Ronco all'Adige,2017,11,20,9.64,1.55,0
Ronco all'Adige,2017,11,21,8.7,2.5,0
Ronco all'Adige,2017,11,22,10.25,3.62,0
Ronco all'Adige,2017,11,23,11.57,7.07,0
Ronco all'Adige,2017,11,24,10.68,6.37,0
Ronco all'Adige,2017,11,25,9.85,7.76,3.7
Ronco all'Adige,2017,11,26,8.67,2.79,10.2
Ronco all'Adige,2017,11,27,8,0.19,0
Ronco all'Adige,2017,11,28,3.54,-0.61,0
Ronco all'Adige,2017,11,29,4.29,2.68,0
Ronco all'Adige,2017,11,30,7.83,0.57,0
Ronco all'Adige,2017,12,1,5.37,-0.9,0
Ronco all'Adige,2017,12,2,6.17,0.91,0
Ronco all'Adige,2017,12,3,6.93,-0.28,0
Ronco all'Adige,2017,12,4,6.94,-2.84,0
Ronco all'Adige,2017,12,5,7.75,-2.14,0
Ronco all'Adige,2017,12,6,8.83,-1.58,0
Ronco all'Adige,2017,12,7,7.99,-1.49,0
Ronco all'Adige,2017,12,8,5.6,2.76,2.1
Ronco all'Adige,2017,12,9,6.79,-1.76,0
Ronco all'Adige,2017,12,10,1.83,-3.72,2.2
Ronco all'Adige,2017,12,11,11.08,-0.79,8.3
Ronco all'Adige,2017,12,12,10.44,2.86,0
Ronco all'Adige,2017,12,13,6.97,0.79,0
Ronco all'Adige,2017,12,14,7.84,1.04,0
Ronco all'Adige,2017,12,15,8.01,1.61,0
Ronco all'Adige,2017,12,16,6.78,0.41,0
Ronco all'Adige,2017,12,17,6.56,-1.58,0
Ronco all'Adige,2017,12,18,4.12,-3.65,0
Ronco all'Adige,2017,12,19,4.51,-4.2,0
Ronco all'Adige,2017,12,20,4.92,-1.96,0
Ronco all'Adige,2017,12,21,4.36,-4.15,0
Ronco all'Adige,2017,12,22,5.58,-2.7,0
Ronco all'Adige,2017,12,23,9.34,-1.06,0
Ronco all'Adige,2017,12,24,10.42,-0.59,0
Ronco all'Adige,2017,12,25,6.71,-1.97,0
Ronco all'Adige,2017,12,26,7.34,2.9,0
Ronco all'Adige,2017,12,27,8.65,3.48,6.1
Ronco all'Adige,2017,12,28,6.75,1.92,9.9
Ronco all'Adige,2017,12,29,7.75,-0.63,0
Ronco all'Adige,2017,12,30,5.45,-1.57,0
Ronco all'Adige,2017,12,31,3.3,-2.09,0
Ronco all'Adige,2018,1,1,4.61,0.39,3.9
Ronco all'Adige,2018,1,2,10.49,0.45,0
Ronco all'Adige,2018,1,3,7.05,-0.08,0
Ronco all'Adige,2018,1,4,7.96,1.31,0
Ronco all'Adige,2018,1,5,8.4,-0.69,0
Ronco all'Adige,2018,1,6,9.38,4.11,0
Ronco all'Adige,2018,1,7,11.18,5.8,0
Ronco all'Adige,2018,1,8,12.32,8.88,0
Ronco all'Adige,2018,1,9,13.98,6.79,17.5
Ronco all'Adige,2018,1,10,12.14,2.67,1
Ronco all'Adige,2018,1,11,8.81,4.67,0
Ronco all'Adige,2018,1,12,11.06,3.34,0
Ronco all'Adige,2018,1,13,8.2,2.18,0
Ronco all'Adige,2018,1,14,7.52,0.98,0
Ronco all'Adige,2018,1,15,5.06,1.62,0
Ronco all'Adige,2018,1,16,5.66,1.67,0
Ronco all'Adige,2018,1,17,11.27,0.8,0
Ronco all'Adige,2018,1,18,11.27,0.46,0
Ronco all'Adige,2018,1,19,10.66,-0.45,0
Ronco all'Adige,2018,1,20,8.74,-0.35,0
Ronco all'Adige,2018,1,21,10.75,1.16,0
Ronco all'Adige,2018,1,22,10.72,-0.04,0
Ronco all'Adige,2018,1,23,10.96,-0.36,0
Ronco all'Adige,2018,1,24,10.2,1.32,0
Ronco all'Adige,2018,1,25,8.86,0.1,0
Ronco all'Adige,2018,1,26,9.06,4.81,0
Ronco all'Adige,2018,1,27,10.99,4.33,0
Ronco all'Adige,2018,1,28,11.75,2.48,0
Ronco all'Adige,2018,1,29,6.31,1.14,0
Ronco all'Adige,2018,1,30,6.77,2.75,0
Ronco all'Adige,2018,1,31,7.65,4.29,0
Ronco all'Adige,2018,2,1,8.88,5.82,2.6
Ronco all'Adige,2018,2,2,7.82,4.47,14.1
Ronco all'Adige,2018,2,3,6.56,2,7.3
Ronco all'Adige,2018,2,4,8.72,1,0
Ronco all'Adige,2018,2,5,8.33,3.01,0
Ronco all'Adige,2018,2,6,7.21,3.48,3.5
Ronco all'Adige,2018,2,7,7.94,3.43,2.7
Ronco all'Adige,2018,2,8,10.29,2.34,0
Ronco all'Adige,2018,2,9,10.38,2.21,0
Ronco all'Adige,2018,2,10,11.23,1.2,0
Ronco all'Adige,2018,2,11,9.45,1.29,0
Ronco all'Adige,2018,2,12,6.39,2.2,6.6
Ronco all'Adige,2018,2,13,8.88,0.93,0
Ronco all'Adige,2018,2,14,8.85,-1.32,0
Ronco all'Adige,2018,2,15,8.45,-1.36,0
Ronco all'Adige,2018,2,16,9.35,-0.19,0
Ronco all'Adige,2018,2,17,8.05,1.36,0
Ronco all'Adige,2018,2,18,7.79,4.31,4.2
Ronco all'Adige,2018,2,19,6.34,3.21,0
Ronco all'Adige,2018,2,20,7.46,1.84,0
Ronco all'Adige,2018,2,21,8.92,2.88,0
Ronco all'Adige,2018,2,22,6.62,2.7,8.9
Ronco all'Adige,2018,2,23,6.89,1.78,11.9
Ronco all'Adige,2018,2,24,11.29,2.3,1.3
Ronco all'Adige,2018,2,25,3.56,-1.15,0
Ronco all'Adige,2018,2,26,1.1,-5.33,0
Ronco all'Adige,2018,2,27,1.74,-5.49,0
Ronco all'Adige,2018,2,28,1.15,-6.89,0
Ronco all'Adige,2018,3,1,-2.16,-3.37,0
Ronco all'Adige,2018,3,2,0.7,-2.32,4.6
Ronco all'Adige,2018,3,3,3.11,-1.37,5.5
Ronco all'Adige,2018,3,4,4.91,0.22,0
Ronco all'Adige,2018,3,5,6.03,2.65,6.6
Ronco all'Adige,2018,3,6,7.61,4.25,3.4
Ronco all'Adige,2018,3,7,11.22,4.27,3.4
Ronco all'Adige,2018,3,8,15.8,1.91,0
Ronco all'Adige,2018,3,9,15.83,3.4,0
Ronco all'Adige,2018,3,10,12.1,6.88,0
Ronco all'Adige,2018,3,11,10.31,8.66,9.5
Ronco all'Adige,2018,3,12,14.87,7.31,7.5
Ronco all'Adige,2018,3,13,16.02,6.66,0
Ronco all'Adige,2018,3,14,16.17,5.46,0
Ronco all'Adige,2018,3,15,10.99,5.73,6.6
Ronco all'Adige,2018,3,16,15.51,6.71,0
Ronco all'Adige,2018,3,17,11.12,7.23,9
Ronco all'Adige,2018,3,18,9.83,4.27,17.4
Ronco all'Adige,2018,3,19,5.12,2.4,7.6
Ronco all'Adige,2018,3,20,9.54,2.63,0
Ronco all'Adige,2018,3,21,9.9,2.03,0
Ronco all'Adige,2018,3,22,11.61,0.38,0
Ronco all'Adige,2018,3,23,12.36,2,0
Ronco all'Adige,2018,3,24,11.82,3.1,0
Ronco all'Adige,2018,3,25,12.69,4.08,0
Ronco all'Adige,2018,3,26,16.17,1.75,0
Ronco all'Adige,2018,3,27,17.88,6.74,0
Ronco all'Adige,2018,3,28,17.44,5.18,0
Ronco all'Adige,2018,3,29,13.81,9.36,0
Ronco all'Adige,2018,3,30,18.95,8.81,0
Ronco all'Adige,2018,3,31,15.47,8.07,10.1
Ronco all'Adige,2018,4,1,19.38,7.53,0
Ronco all'Adige,2018,4,2,18.55,5.61,0
Ronco all'Adige,2018,4,3,16.57,7.87,0
Ronco all'Adige,2018,4,4,13.97,8.38,7.2
Ronco all'Adige,2018,4,5,18.04,10.13,3.9
Ronco all'Adige,2018,4,6,19.08,7.88,0
Ronco all'Adige,2018,4,7,19.23,8.79,0
Ronco all'Adige,2018,4,8,19.93,8.36,0
Ronco all'Adige,2018,4,9,17.27,10.21,7.4
Ronco all'Adige,2018,4,10,18.82,8.91,0
Ronco all'Adige,2018,4,11,16.63,7.27,3.4
Ronco all'Adige,2018,4,12,17.67,10.81,12
Ronco all'Adige,2018,4,13,19.02,8.58,7.5
Ronco all'Adige,2018,4,14,21.42,9.17,0
Ronco all'Adige,2018,4,15,19.01,11.38,0
Ronco all'Adige,2018,4,16,23.92,10.89,0
Ronco all'Adige,2018,4,17,24.06,13.15,0
Ronco all'Adige,2018,4,18,25.04,12.56,0
Ronco all'Adige,2018,4,19,25.72,12.36,0
Ronco all'Adige,2018,4,20,28.42,12.73,0
Ronco all'Adige,2018,4,21,27.3,13.13,0
Ronco all'Adige,2018,4,22,25.99,12.8,0
Ronco all'Adige,2018,4,23,26.42,14,0
Ronco all'Adige,2018,4,24,26.77,14.64,0
Ronco all'Adige,2018,4,25,27.61,14.68,0
Ronco all'Adige,2018,4,26,27.09,15.41,0
Ronco all'Adige,2018,4,27,23.89,15.08,0
Ronco all'Adige,2018,4,28,26.04,13.8,0
Ronco all'Adige,2018,4,29,25.91,15.53,0
Ronco all'Adige,2018,4,30,23.15,13.28,0
Ronco all'Adige,2018,5,1,20.28,11.47,3.4
Ronco all'Adige,2018,5,2,19.13,11.72,10.6
Ronco all'Adige,2018,5,3,22.13,13.07,5.2
Ronco all'Adige,2018,5,4,23.59,14.24,3.5
Ronco all'Adige,2018,5,5,24.34,14.31,5.8
Ronco all'Adige,2018,5,6,27.72,16.6,0
Ronco all'Adige,2018,5,7,26.3,16.54,0
Ronco all'Adige,2018,5,8,26.78,14.49,4.5
Ronco all'Adige,2018,5,9,23.95,14.19,0
Ronco all'Adige,2018,5,10,24.79,14.75,7.1
Ronco all'Adige,2018,5,11,25.57,14.36,4.7
Ronco all'Adige,2018,5,12,26.44,14.77,0
Ronco all'Adige,2018,5,13,25.89,14.51,3.4
Ronco all'Adige,2018,5,14,19.21,11.95,5.6
Ronco all'Adige,2018,5,15,16.55,10.44,0
Ronco all'Adige,2018,5,16,23.4,10.72,5
Ronco all'Adige,2018,5,17,22.71,12.81,0
Ronco all'Adige,2018,5,18,24.96,11.59,0
Ronco all'Adige,2018,5,19,24.44,13.48,0
Ronco all'Adige,2018,5,20,25.77,13.56,0
Ronco all'Adige,2018,5,21,26.06,15.46,0
Ronco all'Adige,2018,5,22,20.44,15.18,10.8
Ronco all'Adige,2018,5,23,23.97,15.48,6
Ronco all'Adige,2018,5,24,27.84,16.09,0
Ronco all'Adige,2018,5,25,29.86,17.1,0
Ronco all'Adige,2018,5,26,29.33,18.17,0
Ronco all'Adige,2018,5,27,28.97,18.7,0
Ronco all'Adige,2018,5,28,28.81,18.38,3.4
Ronco all'Adige,2018,5,29,29.21,18.97,7.6
Ronco all'Adige,2018,5,30,28.81,19.05,0
Ronco all'Adige,2018,5,31,28.58,18.7,0
Ronco all'Adige,2018,6,1,28.27,17.81,0
Ronco all'Adige,2018,6,2,28.97,17.49,0
Ronco all'Adige,2018,6,3,29.83,16.71,0
Ronco all'Adige,2018,6,4,25.91,17.42,9.8
Ronco all'Adige,2018,6,5,29.58,17.88,0
Ronco all'Adige,2018,6,6,29.56,18.12,10.8
Ronco all'Adige,2018,6,7,27.83,18.63,13
Ronco all'Adige,2018,6,8,25.97,16.6,27.3
Ronco all'Adige,2018,6,9,29.24,17.37,0
Ronco all'Adige,2018,6,10,30.49,18.05,0
Ronco all'Adige,2018,6,11,31.62,20.03,0
Ronco all'Adige,2018,6,12,28.96,18.87,7
Ronco all'Adige,2018,6,13,25.98,16.86,5.2
Ronco all'Adige,2018,6,14,27.47,18.29,0
Ronco all'Adige,2018,6,15,28.57,18.32,0
Ronco all'Adige,2018,6,16,29.16,17.93,0
Ronco all'Adige,2018,6,17,32.5,18.47,0
Ronco all'Adige,2018,6,18,31.72,19.06,4.4
Ronco all'Adige,2018,6,19,31.49,19.57,0
Ronco all'Adige,2018,6,20,30.59,20.36,0
Ronco all'Adige,2018,6,21,31.53,19.78,0
Ronco all'Adige,2018,6,22,26.16,17.45,0
Ronco all'Adige,2018,6,23,25.22,15.03,0
Ronco all'Adige,2018,6,24,25.45,13.91,0
Ronco all'Adige,2018,6,25,24.24,15.04,3.8
Ronco all'Adige,2018,6,26,26.92,15.58,0
Ronco all'Adige,2018,6,27,28.16,15.27,0
Ronco all'Adige,2018,6,28,28.42,14.62,0
Ronco all'Adige,2018,6,29,31.91,17.6,0
Ronco all'Adige,2018,6,30,33.86,19.38,0
Ronco all'Adige,2018,7,1,28.71,21.3,0
Ronco all'Adige,2018,7,2,29.14,20.37,0
Ronco all'Adige,2018,7,3,30.64,19.99,5.3
Ronco all'Adige,2018,7,4,30.68,19.34,0
Ronco all'Adige,2018,7,5,30.71,18.89,0
Ronco all'Adige,2018,7,6,30.99,18.8,0
Ronco all'Adige,2018,7,7,32.31,18.58,0
Ronco all'Adige,2018,7,8,31.46,18.79,0
Ronco all'Adige,2018,7,9,31.32,18.79,0
Ronco all'Adige,2018,7,10,30.56,20.5,0
Ronco all'Adige,2018,7,11,25.34,18.7,4
Ronco all'Adige,2018,7,12,28.74,18.92,0
Ronco all'Adige,2018,7,13,30.62,18.78,2.5
Ronco all'Adige,2018,7,14,31.4,19.69,4.5
Ronco all'Adige,2018,7,15,32.09,19.33,0
Ronco all'Adige,2018,7,16,29.21,17.55,6.9
Ronco all'Adige,2018,7,17,32.67,17.15,0
Ronco all'Adige,2018,7,18,33.79,19.28,0
Ronco all'Adige,2018,7,19,34.1,19.22,0
Ronco all'Adige,2018,7,20,33.57,19.97,0
Ronco all'Adige,2018,7,21,28.15,18.72,8.4
Ronco all'Adige,2018,7,22,30.82,17.97,0
Ronco all'Adige,2018,7,23,32.09,18.46,0
Ronco all'Adige,2018,7,24,32.58,19.15,0
Ronco all'Adige,2018,7,25,33.46,21.1,0
Ronco all'Adige,2018,7,26,31.77,20.68,2.2
Ronco all'Adige,2018,7,27,33.51,19.77,0
Ronco all'Adige,2018,7,28,33.79,20.61,0
Ronco all'Adige,2018,7,29,33.42,21.63,0
Ronco all'Adige,2018,7,30,35.62,22.75,0
Ronco all'Adige,2018,7,31,36.01,23.14,0
Ronco all'Adige,2018,8,1,36.3,24.04,0
Ronco all'Adige,2018,8,2,32.68,22.27,4.9
Ronco all'Adige,2018,8,3,33.25,22.33,0
Ronco all'Adige,2018,8,4,34.27,22.65,0
Ronco all'Adige,2018,8,5,35.46,22.95,0
Ronco all'Adige,2018,8,6,35.1,22.19,0
Ronco all'Adige,2018,8,7,34.6,22.21,0
Ronco all'Adige,2018,8,8,34.48,22.16,0
Ronco all'Adige,2018,8,9,33.91,20.4,15.1
Ronco all'Adige,2018,8,10,32.69,20.18,0
Ronco all'Adige,2018,8,11,33.47,20.8,0
Ronco all'Adige,2018,8,12,30.52,21.22,0
Ronco all'Adige,2018,8,13,32.24,20.27,6.1
Ronco all'Adige,2018,8,14,26.66,18.58,6.9
Ronco all'Adige,2018,8,15,30.15,18.53,0
Ronco all'Adige,2018,8,16,30.38,19.18,0
Ronco all'Adige,2018,8,17,32.29,19.14,0
Ronco all'Adige,2018,8,18,33.21,19.93,0
Ronco all'Adige,2018,8,19,33.29,20.37,0
Ronco all'Adige,2018,8,20,33.96,21.42,0
Ronco all'Adige,2018,8,21,33.63,20.4,0
Ronco all'Adige,2018,8,22,33.97,20.36,0
Ronco all'Adige,2018,8,23,34.41,21.08,0
Ronco all'Adige,2018,8,24,33.07,19.87,0
Ronco all'Adige,2018,8,25,25.27,17.01,11.6
Ronco all'Adige,2018,8,26,23.58,14.5,14.1
Ronco all'Adige,2018,8,27,27.29,13.35,0
Ronco all'Adige,2018,8,28,30.55,14.57,0
Ronco all'Adige,2018,8,29,31.13,16.66,0
Ronco all'Adige,2018,8,30,30.22,18.27,0
Ronco all'Adige,2018,8,31,28.14,18.87,17.2
Ronco all'Adige,2018,9,1,24.05,16.1,15.9
Ronco all'Adige,2018,9,2,23,16.61,13.2
Ronco all'Adige,2018,9,3,26.36,16.06,0
Ronco all'Adige,2018,9,4,28.36,15.06,0
Ronco all'Adige,2018,9,5,28.86,16.73,0
Ronco all'Adige,2018,9,6,29.55,16.8,0
Ronco all'Adige,2018,9,7,26.27,17.37,7.1
Ronco all'Adige,2018,9,8,28.86,17.4,0
Ronco all'Adige,2018,9,9,30.22,17.15,0
Ronco all'Adige,2018,9,10,30.65,18.83,0
Ronco all'Adige,2018,9,11,30.88,18.74,0
Ronco all'Adige,2018,9,12,31.02,18.71,0
Ronco all'Adige,2018,9,13,28.61,19.59,0
Ronco all'Adige,2018,9,14,30,18.74,0
Ronco all'Adige,2018,9,15,27.34,18.96,6
Ronco all'Adige,2018,9,16,28.51,18.12,0
Ronco all'Adige,2018,9,17,28.68,18.74,0
Ronco all'Adige,2018,9,18,28.34,19.15,0
Ronco all'Adige,2018,9,19,29.72,17.77,0
Ronco all'Adige,2018,9,20,29.66,18.76,0
Ronco all'Adige,2018,9,21,30.23,18.34,0
Ronco all'Adige,2018,9,22,29.52,18.79,0
Ronco all'Adige,2018,9,23,27.77,17.42,0
Ronco all'Adige,2018,9,24,26,14.28,0
Ronco all'Adige,2018,9,25,20.82,11.25,0
Ronco all'Adige,2018,9,26,19.91,9.72,0
Ronco all'Adige,2018,9,27,25.02,8.1,0
Ronco all'Adige,2018,9,28,27.12,10.39,0
Ronco all'Adige,2018,9,29,25.76,13.23,0
Ronco all'Adige,2018,9,30,22.23,12.31,0
Ronco all'Adige,2018,10,1,16.44,10.19,11.1
Ronco all'Adige,2018,10,2,20.7,10.57,6.2
Ronco all'Adige,2018,10,3,21.91,8.98,0
Ronco all'Adige,2018,10,4,23.26,11.2,0
Ronco all'Adige,2018,10,5,22.18,10.43,0
Ronco all'Adige,2018,10,6,18.9,13.77,7.9
Ronco all'Adige,2018,10,7,22.95,14.13,0
Ronco all'Adige,2018,10,8,23.53,13.92,0
Ronco all'Adige,2018,10,9,23.99,14.38,0
Ronco all'Adige,2018,10,10,23.57,13.13,0
Ronco all'Adige,2018,10,11,22.65,13.11,0
Ronco all'Adige,2018,10,12,24.54,14.34,0
Ronco all'Adige,2018,10,13,23.96,12.66,0
Ronco all'Adige,2018,10,14,22.78,11.76,0
Ronco all'Adige,2018,10,15,22.94,12.34,0
Ronco all'Adige,2018,10,16,20.45,13.22,0
Ronco all'Adige,2018,10,17,20.54,14.74,0
Ronco all'Adige,2018,10,18,23.34,14.33,0
Ronco all'Adige,2018,10,19,24.09,12.71,0
Ronco all'Adige,2018,10,20,23.38,11.97,0
Ronco all'Adige,2018,10,21,20.21,8.53,0
Ronco all'Adige,2018,10,22,19.66,8.25,0
Ronco all'Adige,2018,10,23,20.8,8.93,0
Ronco all'Adige,2018,10,24,25.74,11.44,0
Ronco all'Adige,2018,10,25,20.33,12.04,0
Ronco all'Adige,2018,10,26,17.43,11.91,0
Ronco all'Adige,2018,10,27,21.25,13.29,0
Ronco all'Adige,2018,10,28,21.69,13.35,26.9
Ronco all'Adige,2018,10,29,20.84,13.86,44.5
Ronco all'Adige,2018,10,30,17.65,10.45,16.5
Ronco all'Adige,2018,10,31,16.9,8.95,0
Ronco all'Adige,2018,11,1,15.68,11.6,16.5
Ronco all'Adige,2018,11,2,14.91,12,5.5
Ronco all'Adige,2018,11,3,18.22,12.47,4.6
Ronco all'Adige,2018,11,4,18.12,11.65,15.2
Ronco all'Adige,2018,11,5,17.64,14.26,30.2
Ronco all'Adige,2018,11,6,17.81,14.05,5.1
Ronco all'Adige,2018,11,7,17.89,12.14,0
Ronco all'Adige,2018,11,8,18.41,11.21,0
Ronco all'Adige,2018,11,9,13.86,10.39,0
Ronco all'Adige,2018,11,10,14.15,11.07,0
Ronco all'Adige,2018,11,11,15.89,11.39,0
Ronco all'Adige,2018,11,12,16.49,12.19,0
Ronco all'Adige,2018,11,13,16.71,11.22,0
Ronco all'Adige,2018,11,14,17.38,10.2,0
Ronco all'Adige,2018,11,15,15.12,8.42,0
Ronco all'Adige,2018,11,16,12.97,6.8,0
Ronco all'Adige,2018,11,17,12.92,4.08,0
Ronco all'Adige,2018,11,18,11.55,2.44,0
Ronco all'Adige,2018,11,19,7.51,2.11,3.8
Ronco all'Adige,2018,11,20,7.28,3.05,6.1
Ronco all'Adige,2018,11,21,11.23,3.7,0
Ronco all'Adige,2018,11,22,10.7,6.65,0.8
Ronco all'Adige,2018,11,23,9.76,7.06,10.4
Ronco all'Adige,2018,11,24,10.86,7.95,13.8
Ronco all'Adige,2018,11,25,10.23,7.57,5.1
Ronco all'Adige,2018,11,26,11.97,6.9,0
Ronco all'Adige,2018,11,27,14.75,7.32,0
Ronco all'Adige,2018,11,28,12.89,4.06,0
Ronco all'Adige,2018,11,29,8.2,1.39,0
Ronco all'Adige,2018,11,30,6,0.3,0
Ronco all'Adige,2018,12,1,7.93,1.48,0
Ronco all'Adige,2018,12,2,6.32,0.73,0
Ronco all'Adige,2018,12,3,10.28,3.67,0
Ronco all'Adige,2018,12,4,11.76,0.57,0
Ronco all'Adige,2018,12,5,9.83,0.97,0
Ronco all'Adige,2018,12,6,8.99,4.99,0
Ronco all'Adige,2018,12,7,8.8,2.72,0
Ronco all'Adige,2018,12,8,13.28,2.16,2.9
Ronco all'Adige,2018,12,9,11.05,0.65,0
Ronco all'Adige,2018,12,10,13.96,2.9,0
Ronco all'Adige,2018,12,11,11.3,-0.18,0
Ronco all'Adige,2018,12,12,8.27,-2.16,0
Ronco all'Adige,2018,12,13,4.9,-1.19,0
Ronco all'Adige,2018,12,14,6.2,-1.23,0
Ronco all'Adige,2018,12,15,5.61,-3.26,0
Ronco all'Adige,2018,12,16,1.67,-2.35,0
Ronco all'Adige,2018,12,17,4.04,-1.22,3.1
Ronco all'Adige,2018,12,18,2.47,-2.82,0
Ronco all'Adige,2018,12,19,2.18,-1.84,2.4
Ronco all'Adige,2018,12,20,4.71,-0.69,6
Ronco all'Adige,2018,12,21,2.2,-1.38,0
Ronco all'Adige,2018,12,22,6.57,-0.3,0
Ronco all'Adige,2018,12,23,6.31,-1.12,0
Ronco all'Adige,2018,12,24,6.63,1.75,0
Ronco all'Adige,2018,12,25,5.05,1.35,0
Ronco all'Adige,2018,12,26,3.91,0.24,0
Ronco all'Adige,2018,12,27,3.87,-0.06,0
Ronco all'Adige,2018,12,28,6.35,-0.18,0
Ronco all'Adige,2018,12,29,7.2,0,0
Ronco all'Adige,2018,12,30,8.15,0.49,0
Ronco all'Adige,2018,12,31,6.85,-0.43,0
Ronco all'Adige,2019,1,1,5.01,-0.44,0
Ronco all'Adige,2019,1,2,6.13,-1.24,0
Ronco all'Adige,2019,1,3,6.5,-2.94,0
Ronco all'Adige,2019,1,4,5.55,-4.37,0
Ronco all'Adige,2019,1,5,5.2,-2.58,0
Ronco all'Adige,2019,1,6,9.73,-1.56,0
Ronco all'Adige,2019,1,7,8.75,-1.41,0
Ronco all'Adige,2019,1,8,2.48,-2.81,0
Ronco all'Adige,2019,1,9,4.55,-2.17,0
Ronco all'Adige,2019,1,10,8.41,-2.72,0
Ronco all'Adige,2019,1,11,7.5,-3.18,0
Ronco all'Adige,2019,1,12,6.43,-1.68,0
Ronco all'Adige,2019,1,13,8.77,-1.63,0
Ronco all'Adige,2019,1,14,12.8,0.11,0
Ronco all'Adige,2019,1,15,11.91,-0.28,0
Ronco all'Adige,2019,1,16,11.9,-1.88,0
Ronco all'Adige,2019,1,17,9.23,2.64,0
Ronco all'Adige,2019,1,18,7.87,3.97,3.6
Ronco all'Adige,2019,1,19,5.85,1.79,0
Ronco all'Adige,2019,1,20,5.85,-0.28,0
Ronco all'Adige,2019,1,21,5.72,-1.15,0
Ronco all'Adige,2019,1,22,6.8,-1.18,0
Ronco all'Adige,2019,1,23,3.25,-0.48,0.7
Ronco all'Adige,2019,1,24,8.08,-0.43,0
Ronco all'Adige,2019,1,25,8.9,-1.71,0
Ronco all'Adige,2019,1,26,5.67,-3.71,0
Ronco all'Adige,2019,1,27,4.03,-1.63,2.6
Ronco all'Adige,2019,1,28,5.18,0.18,6.6
Ronco all'Adige,2019,1,29,8.62,-1.01,0
Ronco all'Adige,2019,1,30,5.94,-0.12,6.9
Ronco all'Adige,2019,1,31,6.19,0.5,2.8
Ronco all'Adige,2019,2,1,4.84,1.61,3.1
Ronco all'Adige,2019,2,2,6.67,2.63,34.6
Ronco all'Adige,2019,2,3,7.42,2.83,9.1
Ronco all'Adige,2019,2,4,10.3,2.71,0
Ronco all'Adige,2019,2,5,10.83,0.27,0
Ronco all'Adige,2019,2,6,13.11,0.78,0
Ronco all'Adige,2019,2,7,10.18,-0.9,0
Ronco all'Adige,2019,2,8,12.39,1.79,0
Ronco all'Adige,2019,2,9,11.88,0.05,0
Ronco all'Adige,2019,2,10,9.28,4.72,3
Ronco all'Adige,2019,2,11,12.41,4.03,0
Ronco all'Adige,2019,2,12,13.89,0.96,0
Ronco all'Adige,2019,2,13,11.96,0.87,0
Ronco all'Adige,2019,2,14,13.74,-0.67,0
Ronco all'Adige,2019,2,15,14.63,-0.46,0
Ronco all'Adige,2019,2,16,14.33,0.68,0
Ronco all'Adige,2019,2,17,16.16,0.69,0
Ronco all'Adige,2019,2,18,16.34,1.02,0
Ronco all'Adige,2019,2,19,13.24,1.61,0
Ronco all'Adige,2019,2,20,12.26,2.8,0
Ronco all'Adige,2019,2,21,14.16,1.45,0
Ronco all'Adige,2019,2,22,18.46,2.48,0
Ronco all'Adige,2019,2,23,9.18,1.24,0
Ronco all'Adige,2019,2,24,10.56,-1.6,0
Ronco all'Adige,2019,2,25,15.68,-0.86,0
Ronco all'Adige,2019,2,26,17.96,3.3,0
Ronco all'Adige,2019,2,27,21.46,4.79,0
Ronco all'Adige,2019,2,28,18.12,4.32,0
Ronco all'Adige,2019,3,1,15.03,4.05,0
Ronco all'Adige,2019,3,2,18.29,3.28,0
Ronco all'Adige,2019,3,3,17.78,2.72,0
Ronco all'Adige,2019,3,4,14.45,3.75,0
Ronco all'Adige,2019,3,5,16.22,4.11,0
Ronco all'Adige,2019,3,6,15.72,3.3,0
Ronco all'Adige,2019,3,7,19.01,9.3,0
Ronco all'Adige,2019,3,8,18.58,6.63,0
Ronco all'Adige,2019,3,9,18.58,4.56,0
Ronco all'Adige,2019,3,10,16.68,6.18,0
Ronco all'Adige,2019,3,11,18.92,4.21,0
Ronco all'Adige,2019,3,12,15.63,1.92,0
Ronco all'Adige,2019,3,13,10.84,1.84,1.3
Ronco all'Adige,2019,3,14,15.53,0,0
Ronco all'Adige,2019,3,15,19.77,3.83,0
Ronco all'Adige,2019,3,16,21.24,5.7,0
Ronco all'Adige,2019,3,17,16.61,6.73,0
Ronco all'Adige,2019,3,18,12.82,5.14,1.9
Ronco all'Adige,2019,3,19,12.8,3.32,0
Ronco all'Adige,2019,3,20,13.95,3.19,0
Ronco all'Adige,2019,3,21,16.06,3.29,0
Ronco all'Adige,2019,3,22,19.87,3.22,0
Ronco all'Adige,2019,3,23,21.96,4.74,0
Ronco all'Adige,2019,3,24,23.66,5.88,0
Ronco all'Adige,2019,3,25,22.71,6.71,0
Ronco all'Adige,2019,3,26,15.72,5.4,0
Ronco all'Adige,2019,3,27,14.73,3.38,0
Ronco all'Adige,2019,3,28,16.39,3.95,0
Ronco all'Adige,2019,3,29,17.73,4.59,0
Ronco all'Adige,2019,3,30,20.8,3.6,0
Ronco all'Adige,2019,3,31,21.97,4.69,0
Ronco all'Adige,2019,4,1,22.53,6.26,0
Ronco all'Adige,2019,4,2,21.69,8.77,0
Ronco all'Adige,2019,4,3,18.01,9.45,1.1
Ronco all'Adige,2019,4,4,16.86,7.89,19.1
Ronco all'Adige,2019,4,5,14.83,7.17,20.6
Ronco all'Adige,2019,4,6,14.1,8.3,0
Ronco all'Adige,2019,4,7,16.45,8.73,0
Ronco all'Adige,2019,4,8,17.11,7.2,0
Ronco all'Adige,2019,4,9,17.6,10.21,0
Ronco all'Adige,2019,4,10,19.27,9.64,7.1
Ronco all'Adige,2019,4,11,14.12,10.3,12
Ronco all'Adige,2019,4,12,15.67,9.91,2.8
Ronco all'Adige,2019,4,13,13.65,8.54,0
Ronco all'Adige,2019,4,14,13.25,8.04,3.1
Ronco all'Adige,2019,4,15,17.7,7.99,0
Ronco all'Adige,2019,4,16,20,6.82,0
Ronco all'Adige,2019,4,17,21.15,7.96,0
Ronco all'Adige,2019,4,18,20.5,9.86,0
Ronco all'Adige,2019,4,19,21.95,9.27,0
Ronco all'Adige,2019,4,20,23.37,8.68,0
Ronco all'Adige,2019,4,21,23.23,10.08,0
Ronco all'Adige,2019,4,22,19.64,11.07,3.1
Ronco all'Adige,2019,4,23,14.48,12.15,10.1
Ronco all'Adige,2019,4,24,21.36,12.74,2.9
Ronco all'Adige,2019,4,25,20.25,12.1,0
Ronco all'Adige,2019,4,26,22.1,11.37,2.2
Ronco all'Adige,2019,4,27,22.3,8.82,0
Ronco all'Adige,2019,4,28,15.18,7.72,5.7
Ronco all'Adige,2019,4,29,16.19,6.61,6.2
Ronco all'Adige,2019,4,30,21.82,8.11,0
Ronco all'Adige,2019,5,1,23.51,10.45,0
Ronco all'Adige,2019,5,2,23.14,10.42,0
Ronco all'Adige,2019,5,3,19.63,12.09,3.8
Ronco all'Adige,2019,5,4,18.8,11.1,3.9
Ronco all'Adige,2019,5,5,13.85,6.37,36.1
Ronco all'Adige,2019,5,6,17.95,6.41,3.7
Ronco all'Adige,2019,5,7,18.8,5.78,0
Ronco all'Adige,2019,5,8,15.21,9.34,5
Ronco all'Adige,2019,5,9,19.91,11.01,9.6
Ronco all'Adige,2019,5,10,22.7,10.91,0
Ronco all'Adige,2019,5,11,21.78,10.79,5.8
Ronco all'Adige,2019,5,12,13.95,10.6,14.9
Ronco all'Adige,2019,5,13,18.86,11.67,2.6
Ronco all'Adige,2019,5,14,17.71,8.39,0
Ronco all'Adige,2019,5,15,15.3,5.92,2.5
Ronco all'Adige,2019,5,16,19.34,7.83,0
Ronco all'Adige,2019,5,17,18.23,10.58,0
Ronco all'Adige,2019,5,18,14.71,11.94,9.6
Ronco all'Adige,2019,5,19,15.83,12.26,13.8
Ronco all'Adige,2019,5,20,18.62,12.55,4.1
Ronco all'Adige,2019,5,21,22.91,12.71,1.1
Ronco all'Adige,2019,5,22,24.59,13.54,0
Ronco all'Adige,2019,5,23,25.38,14.74,2.7
Ronco all'Adige,2019,5,24,26.01,15.46,0
Ronco all'Adige,2019,5,25,23.97,14.89,13.8
Ronco all'Adige,2019,5,26,22.78,15.35,3.7
Ronco all'Adige,2019,5,27,17.2,14.73,7.3
Ronco all'Adige,2019,5,28,22.92,13.49,9.8
Ronco all'Adige,2019,5,29,17.86,12.97,9.7
Ronco all'Adige,2019,5,30,22.54,13.28,0
Ronco all'Adige,2019,5,31,24.84,12.22,0
Ronco all'Adige,2019,6,1,28.14,13.02,0
Ronco all'Adige,2019,6,2,29.48,14.95,0
Ronco all'Adige,2019,6,3,29.69,16.75,0
Ronco all'Adige,2019,6,4,29.86,16.28,0
Ronco all'Adige,2019,6,5,29.42,16.83,0
Ronco all'Adige,2019,6,6,25.66,16.23,0
Ronco all'Adige,2019,6,7,27.39,13.6,0
Ronco all'Adige,2019,6,8,29.45,17.08,0
Ronco all'Adige,2019,6,9,29.76,16.91,0
Ronco all'Adige,2019,6,10,30.14,19.12,0
Ronco all'Adige,2019,6,11,31.2,20.2,0
Ronco all'Adige,2019,6,12,30.39,20.8,0
Ronco all'Adige,2019,6,13,30.41,16.53,0
Ronco all'Adige,2019,6,14,31.26,15.8,0
Ronco all'Adige,2019,6,15,31.27,19.51,0
Ronco all'Adige,2019,6,16,31.85,18.22,0
Ronco all'Adige,2019,6,17,30.87,17.44,0
Ronco all'Adige,2019,6,18,31.23,17.24,0
Ronco all'Adige,2019,6,19,31.75,19.46,0
Ronco all'Adige,2019,6,20,32.55,17.63,0
Ronco all'Adige,2019,6,21,32.71,17.78,0
Ronco all'Adige,2019,6,22,26.15,18.54,13.2
Ronco all'Adige,2019,6,23,31.26,16.27,0
Ronco all'Adige,2019,6,24,32.96,17.39,0
Ronco all'Adige,2019,6,25,34.48,19.43,0
Ronco all'Adige,2019,6,26,35.73,21.06,0
Ronco all'Adige,2019,6,27,37.48,22.57,0
Ronco all'Adige,2019,6,28,34.38,23.64,0
Ronco all'Adige,2019,6,29,33.01,20.81,0
Ronco all'Adige,2019,6,30,35.64,18.72,0
Ronco all'Adige,2019,7,1,34.09,21.04,0
Ronco all'Adige,2019,7,2,33.69,20.52,0
Ronco all'Adige,2019,7,3,32.86,21.3,7.5
Ronco all'Adige,2019,7,4,31.11,19.21,0
Ronco all'Adige,2019,7,5,32.41,20.76,0
Ronco all'Adige,2019,7,6,33.62,21.1,0
Ronco all'Adige,2019,7,7,32.22,20.36,0
Ronco all'Adige,2019,7,8,31.43,20.05,0
Ronco all'Adige,2019,7,9,29.41,20.51,3.3
Ronco all'Adige,2019,7,10,27.77,20.01,0
Ronco all'Adige,2019,7,11,26.68,18.03,0
Ronco all'Adige,2019,7,12,29.92,17.93,4.4
Ronco all'Adige,2019,7,13,29.19,18.46,8.1
Ronco all'Adige,2019,7,14,29.09,16.76,0
Ronco all'Adige,2019,7,15,24.94,18,8.6
Ronco all'Adige,2019,7,16,29.03,15.94,0
Ronco all'Adige,2019,7,17,30.79,17.32,0
Ronco all'Adige,2019,7,18,28.63,18.19,0
Ronco all'Adige,2019,7,19,31.2,19.38,0
Ronco all'Adige,2019,7,20,32.28,20.73,0
Ronco all'Adige,2019,7,21,32.52,20.55,0
Ronco all'Adige,2019,7,22,32.85,21.37,0
Ronco all'Adige,2019,7,23,34.14,21.81,0
Ronco all'Adige,2019,7,24,34.93,21.7,0
Ronco all'Adige,2019,7,25,36.1,21.94,0
Ronco all'Adige,2019,7,26,34.93,21.79,7.9
Ronco all'Adige,2019,7,27,31.89,20.16,12.8
Ronco all'Adige,2019,7,28,25.25,18.94,6.6
Ronco all'Adige,2019,7,29,31.19,20.99,0
Ronco all'Adige,2019,7,30,33.11,21.65,0
Ronco all'Adige,2019,7,31,31.8,21.91,0
Ronco all'Adige,2019,8,1,32.47,19.93,0
Ronco all'Adige,2019,8,2,29.69,19.44,15.3
Ronco all'Adige,2019,8,3,31.04,16.79,0
Ronco all'Adige,2019,8,4,31.27,18.45,0
Ronco all'Adige,2019,8,5,31.86,19.47,0
Ronco all'Adige,2019,8,6,31.86,20.28,0
Ronco all'Adige,2019,8,7,31.39,20.48,0
Ronco all'Adige,2019,8,8,31.09,20.24,0
Ronco all'Adige,2019,8,9,32.19,21.1,0
Ronco all'Adige,2019,8,10,35.46,23.16,0
Ronco all'Adige,2019,8,11,34.43,23.3,0
Ronco all'Adige,2019,8,12,31.89,22.2,1.4
Ronco all'Adige,2019,8,13,32.26,19.59,6.6
Ronco all'Adige,2019,8,14,28.8,19.52,0
Ronco all'Adige,2019,8,15,29.71,17.92,0
Ronco all'Adige,2019,8,16,29.87,18.08,0
Ronco all'Adige,2019,8,17,29.6,18.38,0
Ronco all'Adige,2019,8,18,31.37,19.12,0
Ronco all'Adige,2019,8,19,33.72,21.71,0
Ronco all'Adige,2019,8,20,34,21.91,0
Ronco all'Adige,2019,8,21,33.07,22.1,5.6
Ronco all'Adige,2019,8,22,30.17,20.3,3.3
Ronco all'Adige,2019,8,23,29.23,20.68,10.1
Ronco all'Adige,2019,8,24,31.11,20.52,5.4
Ronco all'Adige,2019,8,25,31.76,20,0
Ronco all'Adige,2019,8,26,31.45,20.31,0
Ronco all'Adige,2019,8,27,32.06,20.16,0
Ronco all'Adige,2019,8,28,31.57,21.78,0
Ronco all'Adige,2019,8,29,32.25,20.53,0
Ronco all'Adige,2019,8,30,33.87,20.68,0
Ronco all'Adige,2019,8,31,31.68,20.99,0
Ronco all'Adige,2019,9,1,31.7,18.92,0
Ronco all'Adige,2019,9,2,28.49,18.95,0
Ronco all'Adige,2019,9,3,28.17,18.08,0
Ronco all'Adige,2019,9,4,28.22,15.56,0
Ronco all'Adige,2019,9,5,30.04,14.39,0
Ronco all'Adige,2019,9,6,22.68,14.71,18.1
Ronco all'Adige,2019,9,7,25.06,13.61,0
Ronco all'Adige,2019,9,8,20.92,13.15,14.8
Ronco all'Adige,2019,9,9,25.12,11.89,0
Ronco all'Adige,2019,9,10,24.98,12.47,0
Ronco all'Adige,2019,9,11,27.03,13.63,0
Ronco all'Adige,2019,9,12,28.13,15.71,0
Ronco all'Adige,2019,9,13,29.23,14.84,0
Ronco all'Adige,2019,9,14,28.49,14.79,0
Ronco all'Adige,2019,9,15,28.03,15.79,0
Ronco all'Adige,2019,9,16,29.34,17.04,0
Ronco all'Adige,2019,9,17,29.66,17.65,0
Ronco all'Adige,2019,9,18,26.99,18.13,4.4
Ronco all'Adige,2019,9,19,22.08,14.84,0
Ronco all'Adige,2019,9,20,22.14,12.14,0
Ronco all'Adige,2019,9,21,22.82,9.89,0
Ronco all'Adige,2019,9,22,17.44,13.01,0
Ronco all'Adige,2019,9,23,18.2,13.92,0
Ronco all'Adige,2019,9,24,24.31,11.68,0
Ronco all'Adige,2019,9,25,24.43,14.08,0
Ronco all'Adige,2019,9,26,23.89,13.71,0
Ronco all'Adige,2019,9,27,24.16,13.97,0
Ronco all'Adige,2019,9,28,27.13,15.65,0
Ronco all'Adige,2019,9,29,25.51,14.74,0
Ronco all'Adige,2019,9,30,27.6,15.14,0
Ronco all'Adige,2019,10,1,26.02,14.98,0
Ronco all'Adige,2019,10,2,23.68,13.45,7.4
Ronco all'Adige,2019,10,3,20.26,9.49,0
Ronco all'Adige,2019,10,4,19.8,6.65,0
Ronco all'Adige,2019,10,5,21.43,8.11,0
Ronco all'Adige,2019,10,6,20.26,9.72,0
Ronco all'Adige,2019,10,7,20.73,10.33,6.1
Ronco all'Adige,2019,10,8,18.12,7.93,0
Ronco all'Adige,2019,10,9,20.44,8.57,0
Ronco all'Adige,2019,10,10,20.49,10.35,0
Ronco all'Adige,2019,10,11,21.76,8.46,0
Ronco all'Adige,2019,10,12,21.08,7.77,0
Ronco all'Adige,2019,10,13,21.46,9.59,0
Ronco all'Adige,2019,10,14,22.89,10.49,0
Ronco all'Adige,2019,10,15,23.8,13.03,21.8
Ronco all'Adige,2019,10,16,21.17,9.85,0
Ronco all'Adige,2019,10,17,21.5,8.06,0
Ronco all'Adige,2019,10,18,19.84,11.24,0
Ronco all'Adige,2019,10,19,20.78,12,0
Ronco all'Adige,2019,10,20,23.08,12.56,0
Ronco all'Adige,2019,10,21,23.94,15.03,0
Ronco all'Adige,2019,10,22,22.86,12.99,0
Ronco all'Adige,2019,10,23,23.23,10.59,0
Ronco all'Adige,2019,10,24,18.3,12.82,1.6
Ronco all'Adige,2019,10,25,21.75,10.86,0
Ronco all'Adige,2019,10,26,22.39,9.69,0
Ronco all'Adige,2019,10,27,22.47,9.17,0
Ronco all'Adige,2019,10,28,18.84,9.34,0
Ronco all'Adige,2019,10,29,15.61,12.33,2.2
Ronco all'Adige,2019,10,30,14.54,10.32,1.2
Ronco all'Adige,2019,10,31,11.46,9.03,0
Ronco all'Adige,2019,11,1,12.71,8.76,0
Ronco all'Adige,2019,11,2,10.63,9.02,0.4
Ronco all'Adige,2019,11,3,16.52,10.01,6.1
Ronco all'Adige,2019,11,4,18.53,8.26,0
Ronco all'Adige,2019,11,5,17.28,9.39,5.2
Ronco all'Adige,2019,11,6,13.14,6.61,4.4
Ronco all'Adige,2019,11,7,12.26,4.53,9.9
Ronco all'Adige,2019,11,8,11.35,6.18,16.2
Ronco all'Adige,2019,11,9,13.77,4.77,5.7
Ronco all'Adige,2019,11,10,13.23,2.84,0
Ronco all'Adige,2019,11,11,8.94,4.63,6.9
Ronco all'Adige,2019,11,12,9.64,6.11,15.2
Ronco all'Adige,2019,11,13,11.33,3.6,14.9
Ronco all'Adige,2019,11,14,11.77,1.01,0
Ronco all'Adige,2019,11,15,11.58,5.95,25.9
Ronco all'Adige,2019,11,16,11.74,4.91,30.4
Ronco all'Adige,2019,11,17,12.74,5.31,28.4
Ronco all'Adige,2019,11,18,10.82,3.2,11.4
Ronco all'Adige,2019,11,19,10.3,6.41,6.8
Ronco all'Adige,2019,11,20,11.39,6.34,3.4
Ronco all'Adige,2019,11,21,11.52,6.04,1
Ronco all'Adige,2019,11,22,11.59,7.54,2
Ronco all'Adige,2019,11,23,11.65,8.59,5.1
Ronco all'Adige,2019,11,24,13.71,9.38,25.9
Ronco all'Adige,2019,11,25,16.46,8.63,0
Ronco all'Adige,2019,11,26,13.37,6.05,0
Ronco all'Adige,2019,11,27,11.21,6.22,1.1
Ronco all'Adige,2019,11,28,11.62,7.35,0
Ronco all'Adige,2019,11,29,10.17,3.77,0
Ronco all'Adige,2019,11,30,10.12,5.23,0
Ronco all'Adige,2019,12,1,8.56,4.48,5.8
Ronco all'Adige,2019,12,2,9.2,5.48,13.9
Ronco all'Adige,2019,12,3,8.99,1.91,0
Ronco all'Adige,2019,12,4,7.33,-1.11,0
Ronco all'Adige,2019,12,5,8.23,-2.13,0
Ronco all'Adige,2019,12,6,6.66,-0.92,0
Ronco all'Adige,2019,12,7,10.23,0.82,0
Ronco all'Adige,2019,12,8,9.97,-0.34,0
Ronco all'Adige,2019,12,9,8.45,2.77,2.2
Ronco all'Adige,2019,12,10,11.95,0.21,0
Ronco all'Adige,2019,12,11,8.45,-1.24,0
Ronco all'Adige,2019,12,12,2.52,-2.13,0
Ronco all'Adige,2019,12,13,3.13,-2.47,6.3
Ronco all'Adige,2019,12,14,8.71,-1.66,0
Ronco all'Adige,2019,12,15,7.87,-1.27,0
Ronco all'Adige,2019,12,16,8.58,2.83,0
Ronco all'Adige,2019,12,17,11.73,5.06,0
Ronco all'Adige,2019,12,18,11.37,6.04,0
Ronco all'Adige,2019,12,19,10.7,6.42,0
Ronco all'Adige,2019,12,20,11.73,5.56,6.6
Ronco all'Adige,2019,12,21,12.43,5.28,32
Ronco all'Adige,2019,12,22,11.59,2.97,22.6
Ronco all'Adige,2019,12,23,14.83,4.92,0
Ronco all'Adige,2019,12,24,11.79,2.59,0
Ronco all'Adige,2019,12,25,13.08,0.54,0
Ronco all'Adige,2019,12,26,11.17,-0.25,0
Ronco all'Adige,2019,12,27,9.71,0.09,0
Ronco all'Adige,2019,12,28,9.98,0.06,0
Ronco all'Adige,2019,12,29,4.44,-1.55,0
Ronco all'Adige,2019,12,30,5.1,-2.69,0
Ronco all'Adige,2019,12,31,7.28,-1.37,0
Ronco all'Adige,2020,1,1,9.27,-0.82,0
Ronco all'Adige,2020,1,2,8,-0.89,0
Ronco all'Adige,2020,1,3,8.21,-0.82,0
Ronco all'Adige,2020,1,4,11.53,1.1,0
Ronco all'Adige,2020,1,5,12.21,0,0
Ronco all'Adige,2020,1,6,7.48,-1.43,0
Ronco all'Adige,2020,1,7,2.98,-2.44,0
Ronco all'Adige,2020,1,8,4.2,-0.24,0
Ronco all'Adige,2020,1,9,6.27,-1.85,0
Ronco all'Adige,2020,1,10,8.09,-2.28,0
Ronco all'Adige,2020,1,11,11.2,-1.07,0
Ronco all'Adige,2020,1,12,8.6,-1.84,0
Ronco all'Adige,2020,1,13,4.29,-2.44,0
Ronco all'Adige,2020,1,14,4.78,-2.8,0
Ronco all'Adige,2020,1,15,6.83,1.77,0
Ronco all'Adige,2020,1,16,8.06,0.93,0
Ronco all'Adige,2020,1,17,11.05,0.11,0
Ronco all'Adige,2020,1,18,6.75,4.61,8.2
Ronco all'Adige,2020,1,19,9.77,3.09,0
Ronco all'Adige,2020,1,20,9.5,0.78,0
Ronco all'Adige,2020,1,21,8.3,-0.34,0
Ronco all'Adige,2020,1,22,8.9,-0.56,0
Ronco all'Adige,2020,1,23,9.69,-0.81,0
Ronco all'Adige,2020,1,24,7.85,-1,0
Ronco all'Adige,2020,1,25,5.87,3.54,3
Ronco all'Adige,2020,1,26,8.59,1.17,0
Ronco all'Adige,2020,1,27,10.37,0.2,0
Ronco all'Adige,2020,1,28,11.72,4.02,0
Ronco all'Adige,2020,1,29,13.46,1.84,0
Ronco all'Adige,2020,1,30,10.27,1.28,0
Ronco all'Adige,2020,1,31,13.72,2.83,0
Ronco all'Adige,2020,2,1,11.51,5.03,0
Ronco all'Adige,2020,2,2,9.47,4.17,0
Ronco all'Adige,2020,2,3,10.59,4.21,0
Ronco all'Adige,2020,2,4,15.55,3.79,0
Ronco all'Adige,2020,2,5,13.02,0.56,0
Ronco all'Adige,2020,2,6,12.18,-1.22,0
Ronco all'Adige,2020,2,7,12.4,-3.07,0
Ronco all'Adige,2020,2,8,11.11,-3.1,0
Ronco all'Adige,2020,2,9,11.26,-2.55,0
Ronco all'Adige,2020,2,10,15.21,4.49,0
Ronco all'Adige,2020,2,11,19.13,2.63,0
Ronco all'Adige,2020,2,12,16.24,0.18,0
Ronco all'Adige,2020,2,13,13.5,-0.44,1.9
Ronco all'Adige,2020,2,14,15.62,1.71,2.4
Ronco all'Adige,2020,2,15,14.88,-0.03,0
Ronco all'Adige,2020,2,16,12.45,0.29,0
Ronco all'Adige,2020,2,17,14.56,3.33,0
Ronco all'Adige,2020,2,18,14.82,5.75,0
Ronco all'Adige,2020,2,19,14.16,2.92,0
Ronco all'Adige,2020,2,20,13.96,-0.85,0
Ronco all'Adige,2020,2,21,14.22,-1.26,0
Ronco all'Adige,2020,2,22,14.75,0.68,0
Ronco all'Adige,2020,2,23,13.53,1.32,0
Ronco all'Adige,2020,2,24,14.61,4.4,0
Ronco all'Adige,2020,2,25,14.29,3.61,0
Ronco all'Adige,2020,2,26,15.39,3.28,0
Ronco all'Adige,2020,2,27,13.72,-0.4,0
Ronco all'Adige,2020,2,28,15.05,1.7,0
Ronco all'Adige,2020,2,29,10.83,-0.2,0
Ronco all'Adige,2020,3,1,7.99,4.1,4.9
Ronco all'Adige,2020,3,2,10.1,2.12,7.1
Ronco all'Adige,2020,3,3,10.74,4.23,18
Ronco all'Adige,2020,3,4,14.66,3.67,0
Ronco all'Adige,2020,3,5,12.09,1.52,7.6
Ronco all'Adige,2020,3,6,13.74,3.52,6.5
Ronco all'Adige,2020,3,7,16.26,4.62,0
Ronco all'Adige,2020,3,8,15.67,3.83,0
Ronco all'Adige,2020,3,9,13.59,2.39,0
Ronco all'Adige,2020,3,10,16.72,4.9,0
Ronco all'Adige,2020,3,11,19.21,3.65,0
Ronco all'Adige,2020,3,12,16.43,3.6,0
Ronco all'Adige,2020,3,13,17.32,7.75,0
Ronco all'Adige,2020,3,14,13.43,6.63,0
Ronco all'Adige,2020,3,15,13.28,2.76,0
Ronco all'Adige,2020,3,16,16.14,1.53,0
Ronco all'Adige,2020,3,17,17.57,1.39,0
Ronco all'Adige,2020,3,18,20.39,3.89,0
Ronco all'Adige,2020,3,19,21.27,4.89,0
Ronco all'Adige,2020,3,20,19.56,5.09,0
Ronco all'Adige,2020,3,21,18.51,5.87,0
Ronco all'Adige,2020,3,22,14.14,6.64,0
Ronco all'Adige,2020,3,23,10.74,0.98,0
Ronco all'Adige,2020,3,24,12.18,-1.55,0
Ronco all'Adige,2020,3,25,9.41,1.6,0
Ronco all'Adige,2020,3,26,8.69,1.29,0
Ronco all'Adige,2020,3,27,13.72,5.61,0
Ronco all'Adige,2020,3,28,19.18,5.04,0
Ronco all'Adige,2020,3,29,19.41,6.86,0
Ronco all'Adige,2020,3,30,14.89,6.15,7.1
Ronco all'Adige,2020,3,31,10.74,3.1,3.7
Ronco all'Adige,2020,4,1,12.48,0.82,0
Ronco all'Adige,2020,4,2,15.42,-0.97,0
Ronco all'Adige,2020,4,3,17.95,1.33,0
Ronco all'Adige,2020,4,4,20.29,3.06,0
Ronco all'Adige,2020,4,5,20.18,5.47,0
Ronco all'Adige,2020,4,6,21.68,3.48,0
Ronco all'Adige,2020,4,7,22.75,3.4,0
Ronco all'Adige,2020,4,8,22.62,3.26,0
Ronco all'Adige,2020,4,9,24.37,2.96,0
Ronco all'Adige,2020,4,10,25.64,5.49,0
Ronco all'Adige,2020,4,11,26.04,6.13,0
Ronco all'Adige,2020,4,12,25.75,6.72,0
Ronco all'Adige,2020,4,13,24,8.38,0
Ronco all'Adige,2020,4,14,23.06,7.51,0
Ronco all'Adige,2020,4,15,18.58,3.79,0
Ronco all'Adige,2020,4,16,21.22,3.43,0
Ronco all'Adige,2020,4,17,23.32,4.72,0
Ronco all'Adige,2020,4,18,24.4,7.6,0
Ronco all'Adige,2020,4,19,24.56,10.53,5
Ronco all'Adige,2020,4,20,16.41,12.87,4.8
Ronco all'Adige,2020,4,21,18.55,9.74,0
Ronco all'Adige,2020,4,22,21.36,8.02,0
Ronco all'Adige,2020,4,23,22.57,6.28,0
Ronco all'Adige,2020,4,24,24.67,5.85,0
Ronco all'Adige,2020,4,25,25.27,8.8,0
Ronco all'Adige,2020,4,26,23.41,9.86,0
Ronco all'Adige,2020,4,27,23.93,10.44,0
Ronco all'Adige,2020,4,28,20.53,11.42,2.7
Ronco all'Adige,2020,4,29,21.95,11.46,5.9
Ronco all'Adige,2020,4,30,22.81,9.97,6.8
Ronco all'Adige,2020,5,1,22.13,10.64,6.8
Ronco all'Adige,2020,5,2,24.94,11.12,0
Ronco all'Adige,2020,5,3,23.44,10.16,0
Ronco all'Adige,2020,5,4,24.29,9.71,0
Ronco all'Adige,2020,5,5,23.96,10.08,0
Ronco all'Adige,2020,5,6,21.42,10.92,0
Ronco all'Adige,2020,5,7,24.39,9.36,0
Ronco all'Adige,2020,5,8,27.13,9.09,0
Ronco all'Adige,2020,5,9,27.66,12.33,0
Ronco all'Adige,2020,5,10,25.8,16.33,0
Ronco all'Adige,2020,5,11,21.92,14.3,8.5
Ronco all'Adige,2020,5,12,24.82,12.75,0
Ronco all'Adige,2020,5,13,20.81,12.23,0
Ronco all'Adige,2020,5,14,24.79,12.64,0
Ronco all'Adige,2020,5,15,23.35,13.53,0
Ronco all'Adige,2020,5,16,22.06,13.55,2.1
Ronco all'Adige,2020,5,17,26.67,14.82,0
Ronco all'Adige,2020,5,18,26.73,14.18,0
Ronco all'Adige,2020,5,19,25.16,15.55,1.1
Ronco all'Adige,2020,5,20,26.08,14.99,2.1
Ronco all'Adige,2020,5,21,27.95,12.89,0
Ronco all'Adige,2020,5,22,27.76,13.59,0
Ronco all'Adige,2020,5,23,29.95,15.8,0
Ronco all'Adige,2020,5,24,26.65,13.8,0
Ronco all'Adige,2020,5,25,27.58,12.91,0
Ronco all'Adige,2020,5,26,25.22,12.57,0
Ronco all'Adige,2020,5,27,25.97,11.49,0
Ronco all'Adige,2020,5,28,26.38,11.53,5.5
Ronco all'Adige,2020,5,29,22.73,11,8.1
Ronco all'Adige,2020,5,30,22.69,11.73,0
Ronco all'Adige,2020,5,31,24.2,13.65,0
Ronco all'Adige,2020,6,1,28.03,13.11,0
Ronco all'Adige,2020,6,2,29.67,14.96,0
Ronco all'Adige,2020,6,3,28.95,14.19,0
Ronco all'Adige,2020,6,4,19.7,14.57,14.8
Ronco all'Adige,2020,6,5,26.92,15.32,0
Ronco all'Adige,2020,6,6,28.09,15.65,0
Ronco all'Adige,2020,6,7,26.45,16.23,0
Ronco all'Adige,2020,6,8,23.37,15.24,19.1
Ronco all'Adige,2020,6,9,25.37,14.76,8.3
Ronco all'Adige,2020,6,10,24.24,13.51,2.6
Ronco all'Adige,2020,6,11,23.39,13.61,7.9
Ronco all'Adige,2020,6,12,27.16,12.48,0
Ronco all'Adige,2020,6,13,29.68,14.88,7.3
Ronco all'Adige,2020,6,14,27.35,14.97,0
Ronco all'Adige,2020,6,15,25.7,16.68,1.8
Ronco all'Adige,2020,6,16,26.91,17,0
Ronco all'Adige,2020,6,17,25.67,17.49,9.8
Ronco all'Adige,2020,6,18,27.64,16.04,0
Ronco all'Adige,2020,6,19,27.79,13.84,0
Ronco all'Adige,2020,6,20,29.42,13.38,0
Ronco all'Adige,2020,6,21,31.64,16.42,0
Ronco all'Adige,2020,6,22,33.89,16.88,0
Ronco all'Adige,2020,6,23,33.54,18.75,0
Ronco all'Adige,2020,6,24,28.64,18.57,0
Ronco all'Adige,2020,6,25,28.34,19,0
Ronco all'Adige,2020,6,26,31.29,17.93,0
Ronco all'Adige,2020,6,27,33.18,19.54,0
Ronco all'Adige,2020,6,28,34.46,19.82,0
Ronco all'Adige,2020,6,29,33.98,20.72,0
Ronco all'Adige,2020,6,30,33.34,21.29,0
Ronco all'Adige,2020,7,1,32.44,21.33,0
Ronco all'Adige,2020,7,2,31.92,19.23,19.3
Ronco all'Adige,2020,7,3,29.5,18.63,8.3
Ronco all'Adige,2020,7,4,30.4,18.7,0
Ronco all'Adige,2020,7,5,32.37,18.87,0
Ronco all'Adige,2020,7,6,34,19.59,0
Ronco all'Adige,2020,7,7,27.77,16.79,0
Ronco all'Adige,2020,7,8,29.64,15.42,0
Ronco all'Adige,2020,7,9,31.86,15.52,0
Ronco all'Adige,2020,7,10,33.68,18.23,0
Ronco all'Adige,2020,7,11,30.36,18.03,14.5
Ronco all'Adige,2020,7,12,27.33,16.64,0
Ronco all'Adige,2020,7,13,27.39,16.71,0
Ronco all'Adige,2020,7,14,27.32,15.6,0
Ronco all'Adige,2020,7,15,28.8,15.72,0
Ronco all'Adige,2020,7,16,29.88,16.68,0
Ronco all'Adige,2020,7,17,28.52,19.01,8.7
Ronco all'Adige,2020,7,18,29.1,17.91,0
Ronco all'Adige,2020,7,19,30.15,16.07,0
Ronco all'Adige,2020,7,20,32.25,18.12,0
Ronco all'Adige,2020,7,21,33.1,19.09,0
Ronco all'Adige,2020,7,22,32.56,19.11,9.9
Ronco all'Adige,2020,7,23,31.41,18.48,5.6
Ronco all'Adige,2020,7,24,24.84,16.95,17
Ronco all'Adige,2020,7,25,31.33,16.48,0
Ronco all'Adige,2020,7,26,32.64,17.95,0
Ronco all'Adige,2020,7,27,32.23,19.51,0
Ronco all'Adige,2020,7,28,33.48,20.37,0
Ronco all'Adige,2020,7,29,34.05,21.26,0
Ronco all'Adige,2020,7,30,35.38,23.21,0
Ronco all'Adige,2020,7,31,35.88,21.98,0
Ronco all'Adige,2020,8,1,36.74,20.47,0
Ronco all'Adige,2020,8,2,32.48,20.74,6.6
Ronco all'Adige,2020,8,3,25.97,17.14,17.8
Ronco all'Adige,2020,8,4,25.32,15.94,13.3
Ronco all'Adige,2020,8,5,27.99,16.37,6
Ronco all'Adige,2020,8,6,30.32,17.29,0
Ronco all'Adige,2020,8,7,31.84,19.02,0
Ronco all'Adige,2020,8,8,33.47,19.97,0
Ronco all'Adige,2020,8,9,34.1,19.83,0
Ronco all'Adige,2020,8,10,34.21,19.94,0
Ronco all'Adige,2020,8,11,34.33,20.15,0
Ronco all'Adige,2020,8,12,33.03,19.83,0
Ronco all'Adige,2020,8,13,32.91,21.06,0
Ronco all'Adige,2020,8,14,31.76,19.91,0
Ronco all'Adige,2020,8,15,32.57,18.92,0
Ronco all'Adige,2020,8,16,32.37,20.14,0
Ronco all'Adige,2020,8,17,31.56,20.06,0
Ronco all'Adige,2020,8,18,30.88,18.59,0
Ronco all'Adige,2020,8,19,31.29,18.09,0
Ronco all'Adige,2020,8,20,32.52,19.76,0
Ronco all'Adige,2020,8,21,34.15,20.13,0
Ronco all'Adige,2020,8,22,36.23,20.28,0
Ronco all'Adige,2020,8,23,31.54,20.17,12.8
Ronco all'Adige,2020,8,24,29.4,18.99,0
Ronco all'Adige,2020,8,25,30.04,16.99,0
Ronco all'Adige,2020,8,26,31.74,18.11,0
Ronco all'Adige,2020,8,27,30.69,20.42,0
Ronco all'Adige,2020,8,28,32.63,20.2,0
Ronco all'Adige,2020,8,29,30.93,19.21,10.1
Ronco all'Adige,2020,8,30,29.63,16.99,27.6
Ronco all'Adige,2020,8,31,23.16,15.55,4.7
Ronco all'Adige,2020,9,1,27.48,13.35,0
Ronco all'Adige,2020,9,2,24.51,14.43,4.3
Ronco all'Adige,2020,9,3,27.3,13.41,0
Ronco all'Adige,2020,9,4,28.45,14.98,0
Ronco all'Adige,2020,9,5,29.38,15.84,0
Ronco all'Adige,2020,9,6,29.27,17.53,0
Ronco all'Adige,2020,9,7,28.12,17.34,0
Ronco all'Adige,2020,9,8,27.49,16.46,0
Ronco all'Adige,2020,9,9,29.45,15.62,0
Ronco all'Adige,2020,9,10,29.52,17.42,0
Ronco all'Adige,2020,9,11,30.05,18.29,0
Ronco all'Adige,2020,9,12,30.68,17.24,0
Ronco all'Adige,2020,9,13,30.66,17.63,0
Ronco all'Adige,2020,9,14,30.48,17.78,0
Ronco all'Adige,2020,9,15,30.81,16.9,0
Ronco all'Adige,2020,9,16,30.84,17.34,0
Ronco all'Adige,2020,9,17,31.87,16.88,0
Ronco all'Adige,2020,9,18,28.6,16.56,0
Ronco all'Adige,2020,9,19,25.5,15.3,0
Ronco all'Adige,2020,9,20,25.74,14.14,0
Ronco all'Adige,2020,9,21,25.43,16.01,0
Ronco all'Adige,2020,9,22,23.69,16.22,5
Ronco all'Adige,2020,9,23,25.35,16.04,3.4
Ronco all'Adige,2020,9,24,25.69,15.02,6.6
Ronco all'Adige,2020,9,25,25.8,12.36,5.6
Ronco all'Adige,2020,9,26,22.42,9.62,0
Ronco all'Adige,2020,9,27,18.69,8.24,0
Ronco all'Adige,2020,9,28,20.18,10.34,0
Ronco all'Adige,2020,9,29,22.95,8.64,0
Ronco all'Adige,2020,9,30,22.6,10.37,0
Ronco all'Adige,2020,10,1,22.74,12.56,0
Ronco all'Adige,2020,10,2,20.49,13.87,6.1
Ronco all'Adige,2020,10,3,21.34,11.93,12.6
Ronco all'Adige,2020,10,4,21.75,10.56,14.3
Ronco all'Adige,2020,10,5,21.11,10.18,0
Ronco all'Adige,2020,10,6,21.34,8.55,0
Ronco all'Adige,2020,10,7,22.48,10.44,0
Ronco all'Adige,2020,10,8,22.24,8.7,0
Ronco all'Adige,2020,10,9,21.41,8.85,0
Ronco all'Adige,2020,10,10,21.45,10.3,0
Ronco all'Adige,2020,10,11,15.05,8.73,22.2
Ronco all'Adige,2020,10,12,16.68,7.64,0
Ronco all'Adige,2020,10,13,17.46,5.55,0
Ronco all'Adige,2020,10,14,16.92,5.25,3.4
Ronco all'Adige,2020,10,15,12.5,8.82,20.6
Ronco all'Adige,2020,10,16,17.09,7.52,5.8
Ronco all'Adige,2020,10,17,18.38,6.59,0
Ronco all'Adige,2020,10,18,17.66,6.21,0
Ronco all'Adige,2020,10,19,17.59,6.85,0
Ronco all'Adige,2020,10,20,17.64,7.23,0
Ronco all'Adige,2020,10,21,18.82,7.69,0
Ronco all'Adige,2020,10,22,17.85,7.8,0
Ronco all'Adige,2020,10,23,15.11,10,1.8
Ronco all'Adige,2020,10,24,17.75,11.96,0
Ronco all'Adige,2020,10,25,19.52,10.13,0
Ronco all'Adige,2020,10,26,19.51,12.01,3.2
Ronco all'Adige,2020,10,27,16.31,7.41,11.5
Ronco all'Adige,2020,10,28,17.39,5.57,0
Ronco all'Adige,2020,10,29,18.16,7.56,0
Ronco all'Adige,2020,10,30,17.67,7.48,0
Ronco all'Adige,2020,10,31,16.43,7.67,0
Ronco all'Adige,2020,11,1,15.79,8.59,0
Ronco all'Adige,2020,11,2,14.11,10.24,0
Ronco all'Adige,2020,11,3,16.55,11.53,0
Ronco all'Adige,2020,11,4,17.56,10.78,0
Ronco all'Adige,2020,11,5,19.49,10.04,0
Ronco all'Adige,2020,11,6,18.73,7.66,0
Ronco all'Adige,2020,11,7,18.62,5.77,0
Ronco all'Adige,2020,11,8,16.41,6.06,0
Ronco all'Adige,2020,11,9,18.32,5.46,0
Ronco all'Adige,2020,11,10,16.92,5.52,0
Ronco all'Adige,2020,11,11,14.71,6.72,0
Ronco all'Adige,2020,11,12,14.57,7.15,0
Ronco all'Adige,2020,11,13,12.4,7.54,0
Ronco all'Adige,2020,11,14,13.24,7.63,0
Ronco all'Adige,2020,11,15,13.98,7.33,0
Ronco all'Adige,2020,11,16,14.07,7.26,3.8
Ronco all'Adige,2020,11,17,16.41,5.1,0
Ronco all'Adige,2020,11,18,11.43,2.82,0
Ronco all'Adige,2020,11,19,10.83,4.91,0
Ronco all'Adige,2020,11,20,15.4,4.12,2.5
Ronco all'Adige,2020,11,21,10.96,0.77,0
Ronco all'Adige,2020,11,22,10.05,-1.47,0
Ronco all'Adige,2020,11,23,10.22,-1.88,0
Ronco all'Adige,2020,11,24,11.64,0.6,0
Ronco all'Adige,2020,11,25,11.99,-1.07,0
Ronco all'Adige,2020,11,26,10.02,-0.96,0
Ronco all'Adige,2020,11,27,7.45,-0.6,0
Ronco all'Adige,2020,11,28,8.86,1.57,0
Ronco all'Adige,2020,11,29,10.54,1.96,0
Ronco all'Adige,2020,11,30,9.05,-0.22,0
Ronco all'Adige,2020,12,1,5.51,0.31,3.5
Ronco all'Adige,2020,12,2,4.12,1.85,11.7
Ronco all'Adige,2020,12,3,6.1,0.94,4.5
Ronco all'Adige,2020,12,4,10.95,0.46,0
Ronco all'Adige,2020,12,5,11.92,4.26,42.4
Ronco all'Adige,2020,12,6,10.21,2.23,35.2
Ronco all'Adige,2020,12,7,8.44,1.93,8.8
Ronco all'Adige,2020,12,8,6.22,3.52,11.3
Ronco all'Adige,2020,12,9,5.86,4.45,18
Ronco all'Adige,2020,12,10,7.31,3.61,0
Ronco all'Adige,2020,12,11,7.05,2.18,0
Ronco all'Adige,2020,12,12,6.45,2.65,0
Ronco all'Adige,2020,12,13,9.15,0.43,0
Ronco all'Adige,2020,12,14,5.84,-0.18,0
Ronco all'Adige,2020,12,15,7.58,1.27,0
Ronco all'Adige,2020,12,16,8.75,3.57,0.8
Ronco all'Adige,2020,12,17,9.14,3.93,0
Ronco all'Adige,2020,12,18,9.35,4.45,0
Ronco all'Adige,2020,12,19,8.59,3.78,0
Ronco all'Adige,2020,12,20,8.14,5.24,0
Ronco all'Adige,2020,12,21,8.18,5.1,0
Ronco all'Adige,2020,12,22,9.67,4.88,0
Ronco all'Adige,2020,12,23,8.67,4.9,0
Ronco all'Adige,2020,12,24,11.19,5.83,0
Ronco all'Adige,2020,12,25,9.24,3.82,3.2
Ronco all'Adige,2020,12,26,9.13,0.23,0
Ronco all'Adige,2020,12,27,4.4,-2.69,0
Ronco all'Adige,2020,12,28,5.28,-1.49,5.1
Ronco all'Adige,2020,12,29,7.21,-0.67,5.8
Ronco all'Adige,2020,12,30,5.03,0.47,4.4
Ronco all'Adige,2020,12,31,7.16,-1.03,0
Ronco all'Adige,2021,1,1,4.47,1.76,14.7
Ronco all'Adige,2021,1,2,6.17,2.91,14.7
Ronco all'Adige,2021,1,3,10.21,1.86,0
Ronco all'Adige,2021,1,4,5.62,2.41,0
Ronco all'Adige,2021,1,5,6.13,2.7,4.1
Ronco all'Adige,2021,1,6,4.87,0.63,0
Ronco all'Adige,2021,1,7,4.46,-0.65,0
Ronco all'Adige,2021,1,8,5.36,-2.43,0
Ronco all'Adige,2021,1,9,3.09,-2.87,0
Ronco all'Adige,2021,1,10,3.83,-2.34,0
Ronco all'Adige,2021,1,11,4.68,-3.81,0
Ronco all'Adige,2021,1,12,3.79,-5.09,0
Ronco all'Adige,2021,1,13,6.82,-4.01,0
Ronco all'Adige,2021,1,14,7.15,-3.74,0
Ronco all'Adige,2021,1,15,5.36,-1.03,0
Ronco all'Adige,2021,1,16,6.34,-4.32,0
Ronco all'Adige,2021,1,17,3.07,-2.8,0
Ronco all'Adige,2021,1,18,5.89,-3.74,0
Ronco all'Adige,2021,1,19,1.54,-4.2,0
Ronco all'Adige,2021,1,20,3.9,-3.04,0
Ronco all'Adige,2021,1,21,4.82,0.47,0
Ronco all'Adige,2021,1,22,9.09,2.2,13.2
Ronco all'Adige,2021,1,23,7.95,2.44,20.1
Ronco all'Adige,2021,1,24,7.2,-0.51,0
Ronco all'Adige,2021,1,25,6.93,-2.29,0
Ronco all'Adige,2021,1,26,8.92,-0.78,0
Ronco all'Adige,2021,1,27,3.51,-1.96,0
Ronco all'Adige,2021,1,28,4.71,-2.56,0
Ronco all'Adige,2021,1,29,5.4,-2.53,0
Ronco all'Adige,2021,1,30,8.33,-0.57,3
Ronco all'Adige,2021,1,31,8.01,2.14,7.6
Ronco all'Adige,2021,2,1,8.54,1.49,0
Ronco all'Adige,2021,2,2,8.82,1.17,0
Ronco all'Adige,2021,2,3,7.35,2.29,0
Ronco all'Adige,2021,2,4,9.98,4.45,0
Ronco all'Adige,2021,2,5,10.97,5.01,0
Ronco all'Adige,2021,2,6,9.32,6.97,2.2
Ronco all'Adige,2021,2,7,10.63,6.54,5.2
Ronco all'Adige,2021,2,8,13.84,4.18,6.3
Ronco all'Adige,2021,2,9,11.73,5.94,3.6
Ronco all'Adige,2021,2,10,10.59,4.22,7.5
Ronco all'Adige,2021,2,11,12.58,1.86,0
Ronco all'Adige,2021,2,12,3.91,0.02,0
Ronco all'Adige,2021,2,13,3.33,-2.51,0
Ronco all'Adige,2021,2,14,6.11,-5.22,0
Ronco all'Adige,2021,2,15,7.43,-4.95,0
Ronco all'Adige,2021,2,16,10.85,-1.69,0
Ronco all'Adige,2021,2,17,12.4,2.53,0
Ronco all'Adige,2021,2,18,13.3,3.68,0
Ronco all'Adige,2021,2,19,13.71,5.44,0
Ronco all'Adige,2021,2,20,15.16,5.36,0
Ronco all'Adige,2021,2,21,15.03,5.19,0
Ronco all'Adige,2021,2,22,13.91,3.97,0
Ronco all'Adige,2021,2,23,15.96,3.25,0
Ronco all'Adige,2021,2,24,20.32,4.13,0
Ronco all'Adige,2021,2,25,20.71,4.61,0
Ronco all'Adige,2021,2,26,20.46,3.72,0
Ronco all'Adige,2021,2,27,19.44,5.11,0
Ronco all'Adige,2021,2,28,14.08,2.72,0
Ronco all'Adige,2021,3,1,17.16,-0.18,0
Ronco all'Adige,2021,3,2,17.19,-0.25,0
Ronco all'Adige,2021,3,3,16.35,0.46,0
Ronco all'Adige,2021,3,4,15.32,1.68,0
Ronco all'Adige,2021,3,5,17.01,4.74,0
Ronco all'Adige,2021,3,6,11.17,0.84,0
Ronco all'Adige,2021,3,7,12.68,-1.74,0
Ronco all'Adige,2021,3,8,14.04,-1.04,0
Ronco all'Adige,2021,3,9,14.25,1.69,0
Ronco all'Adige,2021,3,10,14.78,1.08,0
Ronco all'Adige,2021,3,11,13.43,1.5,0
Ronco all'Adige,2021,3,12,16.67,4.63,0
Ronco all'Adige,2021,3,13,18.2,2.45,0
Ronco all'Adige,2021,3,14,15.02,1.3,0
Ronco all'Adige,2021,3,15,16.72,0.75,0
Ronco all'Adige,2021,3,16,16.33,1.89,0
Ronco all'Adige,2021,3,17,17.05,0.12,0
Ronco all'Adige,2021,3,18,12.63,0.58,0
Ronco all'Adige,2021,3,19,12.18,0.61,0
Ronco all'Adige,2021,3,20,12.75,-2.14,0
Ronco all'Adige,2021,3,21,11.52,-1.13,0
Ronco all'Adige,2021,3,22,17.09,-0.33,0
Ronco all'Adige,2021,3,23,15.38,1.2,0
Ronco all'Adige,2021,3,24,17.52,-0.43,0
Ronco all'Adige,2021,3,25,19.55,1.56,0
Ronco all'Adige,2021,3,26,19.36,2.47,0
Ronco all'Adige,2021,3,27,17.29,7.49,0
Ronco all'Adige,2021,3,28,20.27,5.53,0
Ronco all'Adige,2021,3,29,21.94,4.62,0
Ronco all'Adige,2021,3,30,24.31,5.4,0
Ronco all'Adige,2021,3,31,25.19,6.45,0
Ronco all'Adige,2021,4,1,26.29,8.15,0
Ronco all'Adige,2021,4,2,25.77,9.28,0
Ronco all'Adige,2021,4,3,18.26,7.67,0
Ronco all'Adige,2021,4,4,16.76,4.47,0
Ronco all'Adige,2021,4,5,17.38,2.54,0
Ronco all'Adige,2021,4,6,12.13,1.1,0
Ronco all'Adige,2021,4,7,13.78,0.13,0
Ronco all'Adige,2021,4,8,17.12,-0.56,0
Ronco all'Adige,2021,4,9,17.52,3.21,0
Ronco all'Adige,2021,4,10,17.98,5.63,5.1
Ronco all'Adige,2021,4,11,11.05,8.4,9.8
Ronco all'Adige,2021,4,12,15.53,5.91,14.9
Ronco all'Adige,2021,4,13,12.64,4.72,12.4
Ronco all'Adige,2021,4,14,14.94,1.41,0
Ronco all'Adige,2021,4,15,12.74,2.79,0
Ronco all'Adige,2021,4,16,15.27,1.33,0
Ronco all'Adige,2021,4,17,15.55,2.47,0
Ronco all'Adige,2021,4,18,15.92,6.01,0
Ronco all'Adige,2021,4,19,17.63,4.6,0
Ronco all'Adige,2021,4,20,20.77,4.75,0
Ronco all'Adige,2021,4,21,20.08,5.53,0
Ronco all'Adige,2021,4,22,20.22,6.83,0
Ronco all'Adige,2021,4,23,21.66,6.79,0
Ronco all'Adige,2021,4,24,22.77,5.85,0
Ronco all'Adige,2021,4,25,24.5,7.52,0
Ronco all'Adige,2021,4,26,15.74,9.83,1
Ronco all'Adige,2021,4,27,15.02,9.87,1.5
Ronco all'Adige,2021,4,28,19.85,9.77,0
Ronco all'Adige,2021,4,29,18.35,11.75,2.6
Ronco all'Adige,2021,4,30,23.46,12.12,0
Ronco all'Adige,2021,5,1,21.32,11.03,5.2
Ronco all'Adige,2021,5,2,22.32,10.78,0
Ronco all'Adige,2021,5,3,20.01,8.85,1.2
Ronco all'Adige,2021,5,4,22.79,7.29,0
Ronco all'Adige,2021,5,5,23.1,9.07,0
Ronco all'Adige,2021,5,6,22.11,9.44,0
Ronco all'Adige,2021,5,7,25.89,10.55,0
Ronco all'Adige,2021,5,8,21.99,9.79,0
Ronco all'Adige,2021,5,9,23.98,9.53,0
Ronco all'Adige,2021,5,10,26.67,11.95,0
Ronco all'Adige,2021,5,11,17.89,13.44,14.5
Ronco all'Adige,2021,5,12,21.98,11.66,0
Ronco all'Adige,2021,5,13,22.86,11.3,4.3
Ronco all'Adige,2021,5,14,22.14,9.82,4.5
Ronco all'Adige,2021,5,15,22.34,9.56,3.9
Ronco all'Adige,2021,5,16,21.53,11.83,0
Ronco all'Adige,2021,5,17,24.08,11.3,0
Ronco all'Adige,2021,5,18,25.92,9.21,0
Ronco all'Adige,2021,5,19,23.14,9.93,4
Ronco all'Adige,2021,5,20,24.63,8.49,0
Ronco all'Adige,2021,5,21,24.34,10.37,0
Ronco all'Adige,2021,5,22,22.84,12.84,0
Ronco all'Adige,2021,5,23,24.48,13.16,0
Ronco all'Adige,2021,5,24,15.97,12.57,18.6
Ronco all'Adige,2021,5,25,23.53,11.58,0
Ronco all'Adige,2021,5,26,24.4,9.57,0
Ronco all'Adige,2021,5,27,25.76,10.38,0
Ronco all'Adige,2021,5,28,24.36,11.76,0
Ronco all'Adige,2021,5,29,25.75,11.79,0
Ronco all'Adige,2021,5,30,24.94,12.05,0
Ronco all'Adige,2021,5,31,24.73,12.59,0
Ronco all'Adige,2021,6,1,25.99,10.71,0
Ronco all'Adige,2021,6,2,27.43,13.18,0
Ronco all'Adige,2021,6,3,30.16,13.93,0
Ronco all'Adige,2021,6,4,31.41,15.58,0
Ronco all'Adige,2021,6,5,30.96,17.15,0
Ronco all'Adige,2021,6,6,28.54,16.08,6.6
Ronco all'Adige,2021,6,7,26.18,16.78,0
Ronco all'Adige,2021,6,8,29.27,17.06,0
Ronco all'Adige,2021,6,9,30.49,15.71,0
Ronco all'Adige,2021,6,10,30.15,16.55,0
Ronco all'Adige,2021,6,11,29.58,16.17,0
Ronco all'Adige,2021,6,12,32.41,16.05,0
Ronco all'Adige,2021,6,13,34.08,18.64,0
Ronco all'Adige,2021,6,14,29.6,18.29,0
Ronco all'Adige,2021,6,15,30.29,17.77,0
Ronco all'Adige,2021,6,16,31.42,16.68,0
Ronco all'Adige,2021,6,17,32.63,18.44,0
Ronco all'Adige,2021,6,18,33.66,20.84,0
Ronco all'Adige,2021,6,19,32.39,19.63,0
Ronco all'Adige,2021,6,20,34.31,21.08,0
Ronco all'Adige,2021,6,21,34.93,20.73,0
Ronco all'Adige,2021,6,22,34.65,18.71,0
Ronco all'Adige,2021,6,23,33.68,19.31,0
Ronco all'Adige,2021,6,24,34.63,17.98,0
Ronco all'Adige,2021,6,25,32.3,17.03,0
Ronco all'Adige,2021,6,26,32.6,17.09,0
Ronco all'Adige,2021,6,27,34.35,17.72,0
Ronco all'Adige,2021,6,28,33.93,19.68,0
Ronco all'Adige,2021,6,29,35.75,19.58,0
Ronco all'Adige,2021,6,30,32.7,17.98,0
Ronco all'Adige,2021,7,1,32.89,16.64,0
Ronco all'Adige,2021,7,2,32.08,18.52,0
Ronco all'Adige,2021,7,3,32.86,18.52,9.2
Ronco all'Adige,2021,7,4,27.54,18.11,5.7
Ronco all'Adige,2021,7,5,31.45,16.41,0
Ronco all'Adige,2021,7,6,33.11,17.35,0
Ronco all'Adige,2021,7,7,34.67,20.18,0
Ronco all'Adige,2021,7,8,32.27,18.05,6.2
Ronco all'Adige,2021,7,9,31.78,16.52,0
Ronco all'Adige,2021,7,10,32.13,16.52,0
Ronco all'Adige,2021,7,11,32.98,19.28,0
Ronco all'Adige,2021,7,12,33.54,19.08,0
Ronco all'Adige,2021,7,13,30.52,18.55,0
Ronco all'Adige,2021,7,14,27.2,16.12,0
Ronco all'Adige,2021,7,15,28.75,15.64,0
Ronco all'Adige,2021,7,16,26.38,18.19,10
Ronco all'Adige,2021,7,17,28.69,18.56,0
Ronco all'Adige,2021,7,18,34.12,20.74,0
Ronco all'Adige,2021,7,19,34.25,19.98,0
Ronco all'Adige,2021,7,20,33.89,20.16,0
Ronco all'Adige,2021,7,21,32.85,19.39,0
Ronco all'Adige,2021,7,22,31.91,20.36,0
Ronco all'Adige,2021,7,23,32.22,17.59,0
Ronco all'Adige,2021,7,24,34.08,20.79,0
Ronco all'Adige,2021,7,25,33.31,21.8,0
Ronco all'Adige,2021,7,26,31.3,19.47,8.6
Ronco all'Adige,2021,7,27,30.44,18.84,4.8
Ronco all'Adige,2021,7,28,31.77,18.69,0
Ronco all'Adige,2021,7,29,32.47,18.94,0
Ronco all'Adige,2021,7,30,33.01,19.88,0
Ronco all'Adige,2021,7,31,34.15,20.07,0
Ronco all'Adige,2021,8,1,30.28,16.83,0
Ronco all'Adige,2021,8,2,29.12,15.77,10.3
Ronco all'Adige,2021,8,3,30.45,16.41,0
Ronco all'Adige,2021,8,4,27.75,18.88,0
Ronco all'Adige,2021,8,5,30.74,17.03,0
Ronco all'Adige,2021,8,6,32.52,16.97,0
Ronco all'Adige,2021,8,7,32.9,18.27,0
Ronco all'Adige,2021,8,8,33.98,19.6,0
Ronco all'Adige,2021,8,9,32.96,16.75,0
Ronco all'Adige,2021,8,10,32.26,18.14,0
Ronco all'Adige,2021,8,11,34.28,18.54,0
Ronco all'Adige,2021,8,12,35.35,19.42,0
Ronco all'Adige,2021,8,13,36.22,21.21,0
Ronco all'Adige,2021,8,14,37.15,20.42,0
Ronco all'Adige,2021,8,15,37.92,20.91,0
Ronco all'Adige,2021,8,16,36.53,19.41,0
Ronco all'Adige,2021,8,17,31.48,16.69,0
Ronco all'Adige,2021,8,18,29.81,17.47,0
Ronco all'Adige,2021,8,19,30.83,16.25,0
Ronco all'Adige,2021,8,20,31.53,18.95,0
Ronco all'Adige,2021,8,21,33.37,16.95,0
Ronco all'Adige,2021,8,22,35.22,18.8,0
Ronco all'Adige,2021,8,23,27.02,17.54,17.9
Ronco all'Adige,2021,8,24,29.05,15.57,0
Ronco all'Adige,2021,8,25,28.33,16,0
Ronco all'Adige,2021,8,26,30.4,15.14,0
Ronco all'Adige,2021,8,27,23.77,15.17,2.9
Ronco all'Adige,2021,8,28,26.06,14.06,0
Ronco all'Adige,2021,8,29,27.36,13.01,0
Ronco all'Adige,2021,8,30,28.54,13.17,4.6
Ronco all'Adige,2021,8,31,27.05,14.55,0
Ronco all'Adige,2021,9,1,29.77,14.23,0
Ronco all'Adige,2021,9,2,27.81,14.69,0
Ronco all'Adige,2021,9,3,28.17,13.63,0
Ronco all'Adige,2021,9,4,28.32,14.28,0
Ronco all'Adige,2021,9,5,29.25,14.46,0
Ronco all'Adige,2021,9,6,29.11,15.16,0
Ronco all'Adige,2021,9,7,29.38,14.49,0
Ronco all'Adige,2021,9,8,29.2,15.22,0
Ronco all'Adige,2021,9,9,29.68,13.86,0
Ronco all'Adige,2021,9,10,30.39,13.94,0
Ronco all'Adige,2021,9,11,30.58,15.93,0
Ronco all'Adige,2021,9,12,30.34,15.5,0
Ronco all'Adige,2021,9,13,32.28,15.54,0
Ronco all'Adige,2021,9,14,31.67,16.04,0
Ronco all'Adige,2021,9,15,30.78,18.5,0
Ronco all'Adige,2021,9,16,25.99,18.71,7.1
Ronco all'Adige,2021,9,17,28.75,17.62,4.3
Ronco all'Adige,2021,9,18,28.24,17.72,0
Ronco all'Adige,2021,9,19,25.29,14.2,2.9
Ronco all'Adige,2021,9,20,26.17,13.26,12.4
Ronco all'Adige,2021,9,21,24.56,13.83,0
Ronco all'Adige,2021,9,22,23.79,12.9,0
Ronco all'Adige,2021,9,23,23.98,12.13,0
Ronco all'Adige,2021,9,24,26.45,11.44,0
Ronco all'Adige,2021,9,25,26.49,13.22,0
Ronco all'Adige,2021,9,26,22.6,15.07,13.2
Ronco all'Adige,2021,9,27,23.73,14.62,0
Ronco all'Adige,2021,9,28,27.25,14.48,0
Ronco all'Adige,2021,9,29,27.5,15.65,0
Ronco all'Adige,2021,9,30,24.5,15.25,0
Ronco all'Adige,2021,10,1,23.47,12.08,0
Ronco all'Adige,2021,10,2,23.81,11.45,0
Ronco all'Adige,2021,10,3,25.67,14.06,0
Ronco all'Adige,2021,10,4,25.07,16.12,14.6
Ronco all'Adige,2021,10,5,22.84,14.48,0
Ronco all'Adige,2021,10,6,20.96,12.06,8.4
Ronco all'Adige,2021,10,7,18.96,12.64,2.1
Ronco all'Adige,2021,10,8,20.54,12.16,0
Ronco all'Adige,2021,10,9,19.58,9.36,0
Ronco all'Adige,2021,10,10,18.38,7.54,0
Ronco all'Adige,2021,10,11,20.89,8.14,0
Ronco all'Adige,2021,10,12,19.41,7.54,0
Ronco all'Adige,2021,10,13,20.36,5.65,0
Ronco all'Adige,2021,10,14,18.05,5.26,0
Ronco all'Adige,2021,10,15,18.81,3.6,0
Ronco all'Adige,2021,10,16,20.73,5.63,0
Ronco all'Adige,2021,10,17,20.3,5.75,0
Ronco all'Adige,2021,10,18,20.73,5.77,0
Ronco all'Adige,2021,10,19,19.74,6.28,0
Ronco all'Adige,2021,10,20,21.32,7.25,0
Ronco all'Adige,2021,10,21,19.8,11.47,0
Ronco all'Adige,2021,10,22,18.28,9.17,0
Ronco all'Adige,2021,10,23,19.5,9.5,0
Ronco all'Adige,2021,10,24,18.6,6.66,0
Ronco all'Adige,2021,10,25,16.03,4.52,0
Ronco all'Adige,2021,10,26,17.61,4.66,0
Ronco all'Adige,2021,10,27,19.96,5.76,0
Ronco all'Adige,2021,10,28,18.68,4.31,0
Ronco all'Adige,2021,10,29,18.05,4.48,0
Ronco all'Adige,2021,10,30,16.12,3.99,0
Ronco all'Adige,2021,10,31,15.49,8.04,0
Ronco all'Adige,2021,11,1,12.94,8.62,24.5
Ronco all'Adige,2021,11,2,17.61,6.62,0
Ronco all'Adige,2021,11,3,14.74,8.14,4.8
Ronco all'Adige,2021,11,4,15.76,5.39,12.1
Ronco all'Adige,2021,11,5,13.98,3.33,0
Ronco all'Adige,2021,11,6,14.36,4.8,0
Ronco all'Adige,2021,11,7,13.38,6.06,0
Ronco all'Adige,2021,11,8,12.23,6.17,4.1
Ronco all'Adige,2021,11,9,13.02,6.65,0
Ronco all'Adige,2021,11,10,14.38,8.1,0
Ronco all'Adige,2021,11,11,15.81,7.72,0
Ronco all'Adige,2021,11,12,15.62,6.22,0
Ronco all'Adige,2021,11,13,11.7,6.76,4.2
Ronco all'Adige,2021,11,14,14.07,10.34,14.2
Ronco all'Adige,2021,11,15,13.57,8.81,9.2
Ronco all'Adige,2021,11,16,11.37,8.09,3.1
Ronco all'Adige,2021,11,17,12.9,9.15,1.3
Ronco all'Adige,2021,11,18,14.68,6.95,0
Ronco all'Adige,2021,11,19,13.16,6.38,0
Ronco all'Adige,2021,11,20,11.19,6.2,0
Ronco all'Adige,2021,11,21,8.85,5.09,0
Ronco all'Adige,2021,11,22,11.23,6.34,3
Ronco all'Adige,2021,11,23,13.68,4.7,0
Ronco all'Adige,2021,11,24,11.23,1.44,0
Ronco all'Adige,2021,11,25,6.75,2.93,3.2
Ronco all'Adige,2021,11,26,10.22,4.22,2.4
Ronco all'Adige,2021,11,27,13.21,3.92,3.1
Ronco all'Adige,2021,11,28,9.72,1.02,0
Ronco all'Adige,2021,11,29,8.59,-0.53,0
Ronco all'Adige,2021,11,30,9.54,-1.14,0
Ronco all'Adige,2021,12,1,9.1,-0.13,0
Ronco all'Adige,2021,12,2,7.71,2.84,5.5
Ronco all'Adige,2021,12,3,9.11,0.99,2.7
Ronco all'Adige,2021,12,4,5.37,-0.39,0
Ronco all'Adige,2021,12,5,7.59,0.7,2.2
Ronco all'Adige,2021,12,6,9.82,-0.55,0
Ronco all'Adige,2021,12,7,7.75,-2.62,0
Ronco all'Adige,2021,12,8,4.04,-1.99,0
Ronco all'Adige,2021,12,9,5.85,0.04,10
Ronco all'Adige,2021,12,10,4.84,-1,0
Ronco all'Adige,2021,12,11,9.35,-1.17,1.6
Ronco all'Adige,2021,12,12,8.72,-1.67,0
Ronco all'Adige,2021,12,13,9.78,0.22,0
Ronco all'Adige,2021,12,14,8.89,-0.73,0
Ronco all'Adige,2021,12,15,7.17,-1.2,0
Ronco all'Adige,2021,12,16,6.9,-2.08,0
Ronco all'Adige,2021,12,17,7.69,0.18,0
Ronco all'Adige,2021,12,18,4.74,-0.14,0
Ronco all'Adige,2021,12,19,5.77,-1.02,0
Ronco all'Adige,2021,12,20,7.52,-1.39,0
Ronco all'Adige,2021,12,21,5.54,1.4,0
Ronco all'Adige,2021,12,22,6.31,-0.47,0
Ronco all'Adige,2021,12,23,3.07,-1.44,0
Ronco all'Adige,2021,12,24,4.31,0.62,0
Ronco all'Adige,2021,12,25,5.73,2.49,0
Ronco all'Adige,2021,12,26,6.32,2.33,7.1
Ronco all'Adige,2021,12,27,7.35,3.25,0
Ronco all'Adige,2021,12,28,7.89,3.41,1.1
Ronco all'Adige,2021,12,29,7.21,3.03,0
Ronco all'Adige,2021,12,30,7.19,2.44,0
Ronco all'Adige,2021,12,31,7.25,1.8,0
