site,year,month,day,tmax,tmin,prec
San Vendemiano,2007,1,1,5.43,0.75,0
San Vendemiano,2007,1,2,9.92,1.44,3.4
San Vendemiano,2007,1,3,11.43,-0.62,0
San Vendemiano,2007,1,4,7.82,-0.73,0
San Vendemiano,2007,1,5,10.21,-0.06,0
San Vendemiano,2007,1,6,10.48,0.89,0
San Vendemiano,2007,1,7,9.31,1.94,0
San Vendemiano,2007,1,8,9.7,2.9,1.9
San Vendemiano,2007,1,9,10.59,2.75,0
San Vendemiano,2007,1,10,9.7,3.16,0
San Vendemiano,2007,1,11,11.28,4.01,0
San Vendemiano,2007,1,12,11.68,2.24,0
San Vendemiano,2007,1,13,9,2.39,0
San Vendemiano,2007,1,14,9.69,1.79,0
San Vendemiano,2007,1,15,9.39,1.78,0
San Vendemiano,2007,1,16,7.78,0.29,0
San Vendemiano,2007,1,17,9.55,3.01,0
San Vendemiano,2007,1,18,11.55,2.22,0
San Vendemiano,2007,1,19,15.52,2.1,0
San Vendemiano,2007,1,20,12.53,3.26,0
San Vendemiano,2007,1,21,9.19,4.19,0
San Vendemiano,2007,1,22,8.51,5.32,0
San Vendemiano,2007,1,23,9.4,5.29,40.3
San Vendemiano,2007,1,24,9.84,2.8,12.1
San Vendemiano,2007,1,25,4.27,-0.38,0
San Vendemiano,2007,1,26,4.31,-2.18,0
San Vendemiano,2007,1,27,8.1,-2.87,0
San Vendemiano,2007,1,28,8.7,-1.49,0
San Vendemiano,2007,1,29,10.8,-0.17,0
San Vendemiano,2007,1,30,10.23,-0.53,0
San Vendemiano,2007,1,31,8.31,-0.65,0
San Vendemiano,2007,2,1,9.58,0.09,0
San Vendemiano,2007,2,2,11.83,-0.08,0
San Vendemiano,2007,2,3,10.73,-1.17,0
San Vendemiano,2007,2,4,10.99,-2.37,0
San Vendemiano,2007,2,5,10.55,-4,0
San Vendemiano,2007,2,6,8.15,-1.21,7.6
San Vendemiano,2007,2,7,8.11,3.81,2.8
San Vendemiano,2007,2,8,11.02,4.55,5.2
San Vendemiano,2007,2,9,12.23,5.24,2.4
San Vendemiano,2007,2,10,12.43,4.46,0
San Vendemiano,2007,2,11,12.71,1.46,0
San Vendemiano,2007,2,12,11.58,1.59,18.1
San Vendemiano,2007,2,13,15.49,3.82,5.5
San Vendemiano,2007,2,14,13.69,0.47,0
San Vendemiano,2007,2,15,13.94,2.41,0
San Vendemiano,2007,2,16,13.2,-0.93,0
San Vendemiano,2007,2,17,13.29,-0.21,0
San Vendemiano,2007,2,18,11.69,-0.24,0
San Vendemiano,2007,2,19,13.91,-0.97,0
San Vendemiano,2007,2,20,14.21,-1.18,0
San Vendemiano,2007,2,21,14.52,5.14,0
San Vendemiano,2007,2,22,13.5,5.34,0
San Vendemiano,2007,2,23,13.23,4.29,0
San Vendemiano,2007,2,24,12.4,4.53,1.6
San Vendemiano,2007,2,25,12.91,5.23,8.3
San Vendemiano,2007,2,26,15.5,3.72,0
San Vendemiano,2007,2,27,16.12,1.36,0
San Vendemiano,2007,2,28,14.52,2.13,0
San Vendemiano,2007,3,1,17.08,3.5,0
San Vendemiano,2007,3,2,18.48,5.44,0
San Vendemiano,2007,3,3,18.07,5.45,0
San Vendemiano,2007,3,4,19.11,4.77,0
San Vendemiano,2007,3,5,18.6,4.26,0
San Vendemiano,2007,3,6,15.02,7.78,0
San Vendemiano,2007,3,7,13.63,7.47,10.2
San Vendemiano,2007,3,8,15.31,7.13,3.9
San Vendemiano,2007,3,9,18.08,5.75,0
San Vendemiano,2007,3,10,18.16,4.22,0
San Vendemiano,2007,3,11,18.12,3.59,0
San Vendemiano,2007,3,12,18.37,1.4,0
San Vendemiano,2007,3,13,20.56,2.38,0
San Vendemiano,2007,3,14,21.76,3.86,0
San Vendemiano,2007,3,15,19.27,4.39,0
San Vendemiano,2007,3,16,19.45,3.57,0
San Vendemiano,2007,3,17,19.76,4.75,0
San Vendemiano,2007,3,18,17.75,4.92,0
San Vendemiano,2007,3,19,15.58,2.2,13.1
San Vendemiano,2007,3,20,11.27,0.97,9.9
San Vendemiano,2007,3,21,13.29,0.85,0
San Vendemiano,2007,3,22,14.73,-0.81,0
San Vendemiano,2007,3,23,14.92,0.84,0
San Vendemiano,2007,3,24,10.79,2.08,0
San Vendemiano,2007,3,25,12.62,6.26,11
San Vendemiano,2007,3,26,15.4,6.69,4.8
San Vendemiano,2007,3,27,13.54,6.03,0
San Vendemiano,2007,3,28,14.98,3.18,0
San Vendemiano,2007,3,29,15.62,2.31,0
San Vendemiano,2007,3,30,11.05,4.15,14.6
San Vendemiano,2007,3,31,12.29,5.66,9.6
San Vendemiano,2007,4,1,15.06,4.29,0
San Vendemiano,2007,4,2,19.04,7.66,0
San Vendemiano,2007,4,3,19.4,6.16,0
San Vendemiano,2007,4,4,18.97,8.08,0
San Vendemiano,2007,4,5,20.4,7.3,0
San Vendemiano,2007,4,6,21.89,4.83,0
San Vendemiano,2007,4,7,23.1,5.97,0
San Vendemiano,2007,4,8,21.24,8.05,0
San Vendemiano,2007,4,9,23.1,6.27,0
San Vendemiano,2007,4,10,23.58,7.67,0
San Vendemiano,2007,4,11,24.79,7.76,0
San Vendemiano,2007,4,12,24.27,9.37,0
San Vendemiano,2007,4,13,24.57,9.24,0
San Vendemiano,2007,4,14,25.2,9.37,0
San Vendemiano,2007,4,15,26.34,9.28,0
San Vendemiano,2007,4,16,24.79,9.72,0
San Vendemiano,2007,4,17,24.33,9.06,0
San Vendemiano,2007,4,18,23.76,8.87,0
San Vendemiano,2007,4,19,22.06,10.08,0
San Vendemiano,2007,4,20,22.87,8.22,0
San Vendemiano,2007,4,21,24.53,10.1,0
San Vendemiano,2007,4,22,26.08,11.44,0
San Vendemiano,2007,4,23,27.81,10.57,0
San Vendemiano,2007,4,24,26.38,12.61,0
San Vendemiano,2007,4,25,24.41,13.4,0
San Vendemiano,2007,4,26,23.19,11.37,0
San Vendemiano,2007,4,27,26.31,9.7,0
San Vendemiano,2007,4,28,27.19,8.89,0
San Vendemiano,2007,4,29,26.79,10.04,0
San Vendemiano,2007,4,30,23.98,11.77,0
San Vendemiano,2007,5,1,22.1,12.62,0
San Vendemiano,2007,5,2,18.41,10.79,8.7
San Vendemiano,2007,5,3,19.48,11.01,3.8
San Vendemiano,2007,5,4,17.43,11.55,16.7
San Vendemiano,2007,5,5,21.42,10.95,10
San Vendemiano,2007,5,6,24.48,9.92,0
San Vendemiano,2007,5,7,26.46,11.34,0
San Vendemiano,2007,5,8,27.56,12.37,0
San Vendemiano,2007,5,9,28.61,14.14,0
San Vendemiano,2007,5,10,28.03,15.19,0
San Vendemiano,2007,5,11,26.68,14.83,0
San Vendemiano,2007,5,12,27.28,15.39,0
San Vendemiano,2007,5,13,27.15,15.11,0
San Vendemiano,2007,5,14,27.64,14.18,0
San Vendemiano,2007,5,15,24.26,12.4,6.1
San Vendemiano,2007,5,16,21.66,10.89,0
San Vendemiano,2007,5,17,24.15,10.65,0
San Vendemiano,2007,5,18,25.06,10.83,0
San Vendemiano,2007,5,19,24.71,9.72,0
San Vendemiano,2007,5,20,27.99,11.38,0
San Vendemiano,2007,5,21,29.8,14.02,0
San Vendemiano,2007,5,22,32.89,16.37,0
San Vendemiano,2007,5,23,31.61,18.16,0
San Vendemiano,2007,5,24,31.67,16.07,0
San Vendemiano,2007,5,25,30.76,16.51,0
San Vendemiano,2007,5,26,29.79,8.06,13.8
San Vendemiano,2007,5,27,25.14,6.13,12.9
San Vendemiano,2007,5,28,23.19,11.76,20.4
San Vendemiano,2007,5,29,21.38,10.74,0
San Vendemiano,2007,5,30,22.07,10.43,0
San Vendemiano,2007,5,31,23.08,11.71,0
San Vendemiano,2007,6,1,20.94,13.31,7.9
San Vendemiano,2007,6,2,23.08,14.64,5.2
San Vendemiano,2007,6,3,26.73,14.2,0
San Vendemiano,2007,6,4,27.52,15.79,0
San Vendemiano,2007,6,5,26.22,16.23,0
San Vendemiano,2007,6,6,22.14,17.33,0
San Vendemiano,2007,6,7,23.04,16.14,8.6
San Vendemiano,2007,6,8,26.69,17.08,0
San Vendemiano,2007,6,9,28.62,16.85,0
San Vendemiano,2007,6,10,29.96,16.64,0
San Vendemiano,2007,6,11,27.12,16.57,7.5
San Vendemiano,2007,6,12,25.58,17.43,7.3
San Vendemiano,2007,6,13,28.35,17.08,9.5
San Vendemiano,2007,6,14,28.18,17.49,4.9
San Vendemiano,2007,6,15,28.44,17.53,17.3
San Vendemiano,2007,6,16,27.55,16.74,5.4
San Vendemiano,2007,6,17,29.65,16.37,0
San Vendemiano,2007,6,18,29.97,17.87,0
San Vendemiano,2007,6,19,31.77,18.74,0
San Vendemiano,2007,6,20,32.04,19.98,0
San Vendemiano,2007,6,21,32.38,19.63,0
San Vendemiano,2007,6,22,30.44,18.95,0
San Vendemiano,2007,6,23,29.77,17.5,0
San Vendemiano,2007,6,24,29.96,16.03,0
San Vendemiano,2007,6,25,31.3,16.75,0
San Vendemiano,2007,6,26,29.93,17.27,0
San Vendemiano,2007,6,27,25.69,15.16,3.9
San Vendemiano,2007,6,28,26.12,13.81,0
San Vendemiano,2007,6,29,27.71,15.87,6.8
San Vendemiano,2007,6,30,28.23,17.09,0
San Vendemiano,2007,7,1,28.77,14.95,0
San Vendemiano,2007,7,2,27.26,16.43,14.5
San Vendemiano,2007,7,3,27.01,15.57,0
San Vendemiano,2007,7,4,28.55,12.92,12.4
San Vendemiano,2007,7,5,27.11,11.48,0
San Vendemiano,2007,7,6,29.3,12.82,0
San Vendemiano,2007,7,7,30.31,15.58,0
San Vendemiano,2007,7,8,30.51,16.76,0
San Vendemiano,2007,7,9,29.65,17.69,19.5
San Vendemiano,2007,7,10,26.15,14.09,11.7
San Vendemiano,2007,7,11,24.93,12.1,1.4
San Vendemiano,2007,7,12,26.98,12.99,0
San Vendemiano,2007,7,13,28.34,14.12,0
San Vendemiano,2007,7,14,30.71,14.94,0
San Vendemiano,2007,7,15,32.05,17.06,0
San Vendemiano,2007,7,16,32.99,17.38,0
San Vendemiano,2007,7,17,35.25,18.02,0
San Vendemiano,2007,7,18,34.74,19.37,0
San Vendemiano,2007,7,19,36.15,20.32,0
San Vendemiano,2007,7,20,36.32,19.75,0
San Vendemiano,2007,7,21,35.13,19.28,0
San Vendemiano,2007,7,22,31.97,18.96,0
San Vendemiano,2007,7,23,31.37,17.21,0
San Vendemiano,2007,7,24,30.98,18.14,6.1
San Vendemiano,2007,7,25,30.53,16.32,0
San Vendemiano,2007,7,26,30.81,15.91,0
San Vendemiano,2007,7,27,32.59,17.74,0
San Vendemiano,2007,7,28,32.97,18.87,0
San Vendemiano,2007,7,29,31.02,19.88,0
San Vendemiano,2007,7,30,31.09,16.32,6.4
San Vendemiano,2007,7,31,25.97,13.39,0
San Vendemiano,2007,8,1,26.95,12.65,0
San Vendemiano,2007,8,2,29.13,13.56,0
San Vendemiano,2007,8,3,26.56,16.16,9
San Vendemiano,2007,8,4,28.84,15.07,0
San Vendemiano,2007,8,5,28.44,14.27,0
San Vendemiano,2007,8,6,29.51,15.27,0
San Vendemiano,2007,8,7,31.7,16.26,0
San Vendemiano,2007,8,8,28.09,17.91,14.6
San Vendemiano,2007,8,9,26.49,16.55,10.6
San Vendemiano,2007,8,10,31.27,14.77,3.4
San Vendemiano,2007,8,11,28.07,15.73,0
San Vendemiano,2007,8,12,28.78,16.34,0
San Vendemiano,2007,8,13,30.22,17.49,0
San Vendemiano,2007,8,14,29.62,17.67,0
San Vendemiano,2007,8,15,33,18.18,0
San Vendemiano,2007,8,16,31.31,18.27,0
San Vendemiano,2007,8,17,31.07,18.18,0
San Vendemiano,2007,8,18,28.53,16.54,0
San Vendemiano,2007,8,19,29.08,15.94,0
San Vendemiano,2007,8,20,23.97,15.96,20.7
San Vendemiano,2007,8,21,22.21,14.57,10.4
San Vendemiano,2007,8,22,24.3,15.42,3.7
San Vendemiano,2007,8,23,22.85,15.75,14.3
San Vendemiano,2007,8,24,25.78,14.9,0
San Vendemiano,2007,8,25,28.6,15.13,0
San Vendemiano,2007,8,26,31.2,16.92,0
San Vendemiano,2007,8,27,29.97,17.07,0
San Vendemiano,2007,8,28,30.01,17.3,1.7
San Vendemiano,2007,8,29,27.15,17.89,0
San Vendemiano,2007,8,30,26.12,17.63,11.5
San Vendemiano,2007,8,31,24.8,16.73,0
San Vendemiano,2007,9,1,26.18,13.89,0
San Vendemiano,2007,9,2,25.39,14.86,0
San Vendemiano,2007,9,3,26.14,12.81,5.9
San Vendemiano,2007,9,4,21.84,11.17,8.8
San Vendemiano,2007,9,5,21.12,8.56,0
San Vendemiano,2007,9,6,23.23,10.55,0
San Vendemiano,2007,9,7,25.02,10.25,0
San Vendemiano,2007,9,8,25.75,12.06,0
San Vendemiano,2007,9,9,26.6,12.32,0
San Vendemiano,2007,9,10,25.4,12.71,0
San Vendemiano,2007,9,11,25.55,13.24,0
San Vendemiano,2007,9,12,24.38,10.47,0
San Vendemiano,2007,9,13,24.32,10.64,0
San Vendemiano,2007,9,14,26.58,10.9,0
San Vendemiano,2007,9,15,27,13.54,0
San Vendemiano,2007,9,16,26.83,14.59,0
San Vendemiano,2007,9,17,24.42,15,10.3
San Vendemiano,2007,9,18,26.96,14.09,16.1
San Vendemiano,2007,9,19,22.14,10.57,0
San Vendemiano,2007,9,20,21.17,9.26,0
San Vendemiano,2007,9,21,22.42,8.86,0
San Vendemiano,2007,9,22,23.92,9.25,0
San Vendemiano,2007,9,23,25.59,10.12,0
San Vendemiano,2007,9,24,25.32,9.45,0
San Vendemiano,2007,9,25,23.23,11.49,0
San Vendemiano,2007,9,26,18.21,10.99,23.6
San Vendemiano,2007,9,27,16.84,9.53,33.2
San Vendemiano,2007,9,28,17.99,10.19,11.1
San Vendemiano,2007,9,29,21.09,9.45,0
San Vendemiano,2007,9,30,21.49,9.73,0
San Vendemiano,2007,10,1,23.78,10.67,0
San Vendemiano,2007,10,2,24.79,11.15,0
San Vendemiano,2007,10,3,24.56,11.21,0
San Vendemiano,2007,10,4,24.01,13.28,0
San Vendemiano,2007,10,5,23.71,12.93,0
San Vendemiano,2007,10,6,21.27,13.02,8.3
San Vendemiano,2007,10,7,21.7,10.68,0
San Vendemiano,2007,10,8,21.27,8.39,0
San Vendemiano,2007,10,9,20.77,8.45,0
San Vendemiano,2007,10,10,19.99,9.97,0
San Vendemiano,2007,10,11,20.69,7.74,0
San Vendemiano,2007,10,12,21.72,8.65,0
San Vendemiano,2007,10,13,20.7,8.41,0
San Vendemiano,2007,10,14,18.52,6.74,0
San Vendemiano,2007,10,15,18.81,3.91,0
San Vendemiano,2007,10,16,18.63,3.63,0
San Vendemiano,2007,10,17,18.06,5.07,0
San Vendemiano,2007,10,18,17.29,5,4.2
San Vendemiano,2007,10,19,17.67,3.84,0
San Vendemiano,2007,10,20,13.59,3.21,0
San Vendemiano,2007,10,21,14.45,2.59,0
San Vendemiano,2007,10,22,13.19,4.62,0
San Vendemiano,2007,10,23,14.52,6.85,0
San Vendemiano,2007,10,24,14.35,7.11,3.7
San Vendemiano,2007,10,25,15.52,7.48,0
San Vendemiano,2007,10,26,15.35,10.4,10
San Vendemiano,2007,10,27,18.14,10.38,0
San Vendemiano,2007,10,28,17.24,7.47,0
San Vendemiano,2007,10,29,16.76,6.22,0
San Vendemiano,2007,10,30,14.69,8.88,9.8
San Vendemiano,2007,10,31,17.82,9.76,4.5
San Vendemiano,2007,11,1,17.63,6,0
San Vendemiano,2007,11,2,17.01,3.59,0
San Vendemiano,2007,11,3,17.46,5.77,0
San Vendemiano,2007,11,4,18.34,5.85,0
San Vendemiano,2007,11,5,14.02,4.71,0
San Vendemiano,2007,11,6,13.91,3.58,0
San Vendemiano,2007,11,7,15.26,3.37,0
San Vendemiano,2007,11,8,16.71,3.4,0
San Vendemiano,2007,11,9,14.76,4.95,2.6
San Vendemiano,2007,11,10,15.05,2.91,0
San Vendemiano,2007,11,11,15.6,4.17,0
San Vendemiano,2007,11,12,14.9,2.25,0
San Vendemiano,2007,11,13,12.23,-0.26,0
San Vendemiano,2007,11,14,11.07,1,0
San Vendemiano,2007,11,15,11.41,-0.82,0
San Vendemiano,2007,11,16,10.62,-1.79,0
San Vendemiano,2007,11,17,7.35,0,0
San Vendemiano,2007,11,18,6.9,1.4,0
San Vendemiano,2007,11,19,9.48,0.07,0
San Vendemiano,2007,11,20,8.43,-0.6,0
San Vendemiano,2007,11,21,6.43,1.1,0
San Vendemiano,2007,11,22,8.63,4.82,7.8
San Vendemiano,2007,11,23,11.94,7.83,25.2
San Vendemiano,2007,11,24,12.6,8.02,26.6
San Vendemiano,2007,11,25,13.44,5.9,0
San Vendemiano,2007,11,26,12.56,3.13,0
San Vendemiano,2007,11,27,11.43,1.27,0
San Vendemiano,2007,11,28,9.78,2.07,0
San Vendemiano,2007,11,29,10.96,0.73,0
San Vendemiano,2007,11,30,10.83,-0.09,0
San Vendemiano,2007,12,1,11.39,0.56,0
San Vendemiano,2007,12,2,10.7,4.15,0
San Vendemiano,2007,12,3,12.38,4.1,2.6
San Vendemiano,2007,12,4,13.1,1.04,0
San Vendemiano,2007,12,5,12.41,0.98,0
San Vendemiano,2007,12,6,12.3,0.77,0
San Vendemiano,2007,12,7,9.05,1.67,3.1
San Vendemiano,2007,12,8,11.08,3.72,0
San Vendemiano,2007,12,9,8.2,1,4.4
San Vendemiano,2007,12,10,8.13,1.33,0
San Vendemiano,2007,12,11,7.34,0.82,0
San Vendemiano,2007,12,12,8.18,0.62,0
San Vendemiano,2007,12,13,10.33,-0.66,0
San Vendemiano,2007,12,14,7.87,-1,0
San Vendemiano,2007,12,15,4.36,-1.25,0
San Vendemiano,2007,12,16,5.53,-1.35,0
San Vendemiano,2007,12,17,5.45,-1.51,0
San Vendemiano,2007,12,18,6.02,-2.38,0
San Vendemiano,2007,12,19,8.36,-4.64,0
San Vendemiano,2007,12,20,9.11,-4.03,0
San Vendemiano,2007,12,21,8.74,-4.05,0
San Vendemiano,2007,12,22,5.8,-4.2,0
San Vendemiano,2007,12,23,5.49,-1.29,0
San Vendemiano,2007,12,24,5.85,0.34,0
San Vendemiano,2007,12,25,5.12,-1.19,0
San Vendemiano,2007,12,26,7.91,-2.67,0
San Vendemiano,2007,12,27,7.71,-1.98,0
San Vendemiano,2007,12,28,8.25,-2.74,0
San Vendemiano,2007,12,29,8.09,-4.88,0
San Vendemiano,2007,12,30,5.04,-3.87,0
San Vendemiano,2007,12,31,7.94,-2.52,0
San Vendemiano,2008,1,1,5.87,-5.2,0
San Vendemiano,2008,1,2,4.72,-4.95,0
San Vendemiano,2008,1,3,3.48,-2.73,0
San Vendemiano,2008,1,4,4.32,-0.43,2.6
San Vendemiano,2008,1,5,4.8,1,5.8
San Vendemiano,2008,1,6,7.5,0.88,4.2
San Vendemiano,2008,1,7,7.77,-0.45,0
San Vendemiano,2008,1,8,8.67,0.19,0
San Vendemiano,2008,1,9,7.73,0.59,0
San Vendemiano,2008,1,10,7.05,1.26,0
San Vendemiano,2008,1,11,6.45,3.06,8.6
San Vendemiano,2008,1,12,10.21,5.16,23.1
San Vendemiano,2008,1,13,8.85,4.25,8.9
San Vendemiano,2008,1,14,9.61,3.41,0
San Vendemiano,2008,1,15,8.53,3.24,0
San Vendemiano,2008,1,16,8.37,4.31,10.3
San Vendemiano,2008,1,17,10.51,5.02,16.2
San Vendemiano,2008,1,18,10.77,2.64,0
San Vendemiano,2008,1,19,11.19,1.94,0
San Vendemiano,2008,1,20,8.17,0.82,0
San Vendemiano,2008,1,21,7.75,0.35,0
San Vendemiano,2008,1,22,9.31,-0.39,0
San Vendemiano,2008,1,23,12.26,-2.59,0
San Vendemiano,2008,1,24,10.81,-2.66,0
San Vendemiano,2008,1,25,12.94,-1.52,0
San Vendemiano,2008,1,26,14.76,-2.39,0
San Vendemiano,2008,1,27,15.27,0.23,0
San Vendemiano,2008,1,28,14.13,-0.79,0
San Vendemiano,2008,1,29,10.81,-0.7,0
San Vendemiano,2008,1,30,9.13,0.53,0
San Vendemiano,2008,1,31,10.87,2.82,0
San Vendemiano,2008,2,1,6.89,1.7,0
San Vendemiano,2008,2,2,8.32,4.48,7.4
San Vendemiano,2008,2,3,8.19,5.05,7.2
San Vendemiano,2008,2,4,10.17,4.54,13.1
San Vendemiano,2008,2,5,12.84,2.79,7.7
San Vendemiano,2008,2,6,13.75,-0.11,0
San Vendemiano,2008,2,7,14.4,-0.77,0
San Vendemiano,2008,2,8,11.97,-2.57,0
San Vendemiano,2008,2,9,11.61,-2.27,0
San Vendemiano,2008,2,10,10.82,-2.86,0
San Vendemiano,2008,2,11,11.69,-2.29,0
San Vendemiano,2008,2,12,11.14,-2.69,0
San Vendemiano,2008,2,13,12.67,-3.17,0
San Vendemiano,2008,2,14,12.15,-3.91,0
San Vendemiano,2008,2,15,12.25,-2.74,0
San Vendemiano,2008,2,16,5.38,-4.14,0
San Vendemiano,2008,2,17,11.55,-6.08,0
San Vendemiano,2008,2,18,13.42,-5.65,0
San Vendemiano,2008,2,19,12.5,-3.53,0
San Vendemiano,2008,2,20,10.35,-2.18,0
San Vendemiano,2008,2,21,13.14,-1.45,0
San Vendemiano,2008,2,22,14.21,0.1,0
San Vendemiano,2008,2,23,13.58,1.3,0
San Vendemiano,2008,2,24,13.5,-0.22,0
San Vendemiano,2008,2,25,10.69,0.7,0
San Vendemiano,2008,2,26,10.93,2.49,0
San Vendemiano,2008,2,27,11.06,4.06,0
San Vendemiano,2008,2,28,12.31,4.96,0
San Vendemiano,2008,2,29,14.84,4.13,0
San Vendemiano,2008,3,1,18.68,5.73,0
San Vendemiano,2008,3,2,22.36,6.13,0
San Vendemiano,2008,3,3,20.23,3.74,0
San Vendemiano,2008,3,4,13.6,2.89,9.2
San Vendemiano,2008,3,5,10.91,1.09,0
San Vendemiano,2008,3,6,9.83,-0.01,0
San Vendemiano,2008,3,7,9.71,5.65,4.3
San Vendemiano,2008,3,8,9.7,5.28,2.1
San Vendemiano,2008,3,9,8.91,5.4,0
San Vendemiano,2008,3,10,14.25,4.86,5.6
San Vendemiano,2008,3,11,13.59,4.88,1.5
San Vendemiano,2008,3,12,17.54,2.79,0
San Vendemiano,2008,3,13,18.35,4.46,0
San Vendemiano,2008,3,14,16.09,3.44,0
San Vendemiano,2008,3,15,13.96,4.79,0
San Vendemiano,2008,3,16,16.77,6.29,0
San Vendemiano,2008,3,17,18.03,4.3,0
San Vendemiano,2008,3,18,14.85,3.52,0
San Vendemiano,2008,3,19,12.67,0.21,0
San Vendemiano,2008,3,20,12.92,0.4,0
San Vendemiano,2008,3,21,13.17,0.51,0
San Vendemiano,2008,3,22,12.93,2.87,2.5
San Vendemiano,2008,3,23,9.81,0.89,7.3
San Vendemiano,2008,3,24,11.23,0.38,3.7
San Vendemiano,2008,3,25,13.81,-1.24,0
San Vendemiano,2008,3,26,13.51,-1.53,0
San Vendemiano,2008,3,27,11.85,5.27,5.1
San Vendemiano,2008,3,28,14.84,5.86,0
San Vendemiano,2008,3,29,17.54,3.38,0
San Vendemiano,2008,3,30,17.36,3.74,0
San Vendemiano,2008,3,31,18.98,5.3,0
San Vendemiano,2008,4,1,22.81,5.71,0
San Vendemiano,2008,4,2,20.01,5.48,0
San Vendemiano,2008,4,3,19.23,3.35,0
San Vendemiano,2008,4,4,19.54,5.23,0
San Vendemiano,2008,4,5,17.29,3.32,0
San Vendemiano,2008,4,6,16.3,2.59,0
San Vendemiano,2008,4,7,18.79,7.43,0
San Vendemiano,2008,4,8,14.26,6.77,3.8
San Vendemiano,2008,4,9,14.06,6.57,6.8
San Vendemiano,2008,4,10,14.15,9.51,6.7
San Vendemiano,2008,4,11,18.47,10.73,12.7
San Vendemiano,2008,4,12,18.44,8.95,11.9
San Vendemiano,2008,4,13,16.59,7.53,3.4
San Vendemiano,2008,4,14,17.74,5.44,7.2
San Vendemiano,2008,4,15,15.35,6.66,6.7
San Vendemiano,2008,4,16,16.83,6.63,3.7
San Vendemiano,2008,4,17,15.08,7.26,1.7
San Vendemiano,2008,4,18,18.03,8.57,8.2
San Vendemiano,2008,4,19,20.59,8.42,6.4
San Vendemiano,2008,4,20,20.41,6.85,0
San Vendemiano,2008,4,21,18.57,8.05,13.8
San Vendemiano,2008,4,22,20.96,7.7,9.9
San Vendemiano,2008,4,23,22.78,7.14,0
San Vendemiano,2008,4,24,20.77,7.57,0
San Vendemiano,2008,4,25,20.45,7.36,0
San Vendemiano,2008,4,26,20.67,6.49,0
San Vendemiano,2008,4,27,22.03,6.85,0
San Vendemiano,2008,4,28,21.81,6.98,0
San Vendemiano,2008,4,29,16.46,9.94,6.5
San Vendemiano,2008,4,30,19.46,9.78,0
San Vendemiano,2008,5,1,21.61,9.5,3.6
San Vendemiano,2008,5,2,23.46,7.53,0
San Vendemiano,2008,5,3,24.01,8.46,0
San Vendemiano,2008,5,4,22.53,9.13,0
San Vendemiano,2008,5,5,20.23,8.46,2.4
San Vendemiano,2008,5,6,23.3,7.06,0
San Vendemiano,2008,5,7,23.44,9.2,0
San Vendemiano,2008,5,8,23.63,9.45,0
San Vendemiano,2008,5,9,24.88,9.4,0
San Vendemiano,2008,5,10,24.24,10.13,0
San Vendemiano,2008,5,11,23.97,9.54,0
San Vendemiano,2008,5,12,24.8,7.66,0
San Vendemiano,2008,5,13,25.79,9.21,0
San Vendemiano,2008,5,14,26.6,10.78,0
San Vendemiano,2008,5,15,25.64,10.95,4
San Vendemiano,2008,5,16,24.34,13.2,0
San Vendemiano,2008,5,17,20.55,14,8.9
San Vendemiano,2008,5,18,21.34,12.99,24.4
San Vendemiano,2008,5,19,22.29,12.2,7.5
San Vendemiano,2008,5,20,21.94,13.69,8.8
San Vendemiano,2008,5,21,23.91,12.97,0
San Vendemiano,2008,5,22,23.1,12.74,4.4
San Vendemiano,2008,5,23,22.97,13.35,5.8
San Vendemiano,2008,5,24,24.1,13.1,0
San Vendemiano,2008,5,25,26.61,15.09,0
San Vendemiano,2008,5,26,27.5,13.95,0
San Vendemiano,2008,5,27,28.35,14.08,0
San Vendemiano,2008,5,28,29.45,15.76,0
San Vendemiano,2008,5,29,28.5,16.31,0
San Vendemiano,2008,5,30,25.12,15.31,9.4
San Vendemiano,2008,5,31,26.96,14.16,0
San Vendemiano,2008,6,1,27.3,13.95,0
San Vendemiano,2008,6,2,27.57,14.74,0
San Vendemiano,2008,6,3,27.32,14.58,0
San Vendemiano,2008,6,4,22.42,15.7,4.3
San Vendemiano,2008,6,5,22.96,15.44,11.8
San Vendemiano,2008,6,6,22.94,15.33,5.7
San Vendemiano,2008,6,7,25.3,14.19,5.5
San Vendemiano,2008,6,8,26.23,14.76,0
San Vendemiano,2008,6,9,26.82,15.21,0
San Vendemiano,2008,6,10,28.13,13.95,0
San Vendemiano,2008,6,11,28.47,14.67,5.5
San Vendemiano,2008,6,12,25.25,15.2,6.4
San Vendemiano,2008,6,13,22.4,12.66,12.3
San Vendemiano,2008,6,14,18.78,11.05,11.4
San Vendemiano,2008,6,15,20.29,9.56,0
San Vendemiano,2008,6,16,21.94,13.31,2.9
San Vendemiano,2008,6,17,25.08,14.21,10.7
San Vendemiano,2008,6,18,26.72,15.32,2.6
San Vendemiano,2008,6,19,28.99,14.17,0
San Vendemiano,2008,6,20,30.72,16.75,0
San Vendemiano,2008,6,21,31.71,18.28,0
San Vendemiano,2008,6,22,31.8,18.09,0
San Vendemiano,2008,6,23,32.41,17.73,0
San Vendemiano,2008,6,24,33.79,18.56,0
San Vendemiano,2008,6,25,33.33,19.64,0
San Vendemiano,2008,6,26,34.11,20.27,0
San Vendemiano,2008,6,27,32.3,19.18,0
San Vendemiano,2008,6,28,31.24,20.25,0
San Vendemiano,2008,6,29,31.83,18.28,0
San Vendemiano,2008,6,30,31.79,18.74,0
San Vendemiano,2008,7,1,30.75,18.33,0
San Vendemiano,2008,7,2,30.28,18.07,0
San Vendemiano,2008,7,3,31.84,18.46,0
San Vendemiano,2008,7,4,31.42,18.25,0
San Vendemiano,2008,7,5,30.77,19.67,0
San Vendemiano,2008,7,6,31.49,16.96,15.8
San Vendemiano,2008,7,7,31.24,18.17,16.1
San Vendemiano,2008,7,8,28.23,15.97,0
San Vendemiano,2008,7,9,28.59,15.2,0
San Vendemiano,2008,7,10,29.38,16.47,0
San Vendemiano,2008,7,11,29.32,17.37,0
San Vendemiano,2008,7,12,31.47,17.47,0
San Vendemiano,2008,7,13,29.38,15.69,6.6
San Vendemiano,2008,7,14,28.06,14.03,3.4
San Vendemiano,2008,7,15,28.43,13.27,0
San Vendemiano,2008,7,16,29,14,0
San Vendemiano,2008,7,17,28.59,16.35,0
San Vendemiano,2008,7,18,26.21,16.62,7
San Vendemiano,2008,7,19,27.78,15.66,0
San Vendemiano,2008,7,20,28.19,15.63,7.8
San Vendemiano,2008,7,21,27.59,15.64,0
San Vendemiano,2008,7,22,27.67,13.61,0
San Vendemiano,2008,7,23,29.16,11.1,0
San Vendemiano,2008,7,24,29.79,13.37,0
San Vendemiano,2008,7,25,30.36,15.75,0
San Vendemiano,2008,7,26,31.1,17.53,0
San Vendemiano,2008,7,27,30.77,18.75,0
San Vendemiano,2008,7,28,31.06,18.15,0
San Vendemiano,2008,7,29,31.95,17.75,0
San Vendemiano,2008,7,30,31.71,17.93,0
San Vendemiano,2008,7,31,31.42,17.99,6.6
San Vendemiano,2008,8,1,32.69,18.12,0
San Vendemiano,2008,8,2,31.49,18.76,0
San Vendemiano,2008,8,3,31.65,18.94,0
San Vendemiano,2008,8,4,33.01,18.97,0
San Vendemiano,2008,8,5,32.48,20.13,0
San Vendemiano,2008,8,6,30.66,21.17,0
San Vendemiano,2008,8,7,31.36,16.7,7.8
San Vendemiano,2008,8,8,31.11,17.3,11
San Vendemiano,2008,8,9,29.14,14.66,0
San Vendemiano,2008,8,10,29.16,15.03,0
San Vendemiano,2008,8,11,30.65,16.15,0
San Vendemiano,2008,8,12,29.92,17.08,0
San Vendemiano,2008,8,13,31.88,19.33,3.8
San Vendemiano,2008,8,14,31.36,17.99,0
San Vendemiano,2008,8,15,30.26,16.13,30.7
San Vendemiano,2008,8,16,27.47,14.22,11.2
San Vendemiano,2008,8,17,27.01,14.3,0
San Vendemiano,2008,8,18,27.96,13.05,0
San Vendemiano,2008,8,19,28.65,15.38,0
San Vendemiano,2008,8,20,29.63,17.48,0
San Vendemiano,2008,8,21,30.18,17.5,0
San Vendemiano,2008,8,22,30.27,16.38,0
San Vendemiano,2008,8,23,28.82,14.79,13.4
San Vendemiano,2008,8,24,26.01,14.04,0
San Vendemiano,2008,8,25,28.14,13.1,0
San Vendemiano,2008,8,26,28.87,14.03,0
San Vendemiano,2008,8,27,29.56,14.92,0
San Vendemiano,2008,8,28,30.09,15.25,0
San Vendemiano,2008,8,29,29.83,15.9,0
San Vendemiano,2008,8,30,29.3,16.59,0
San Vendemiano,2008,8,31,28.17,17.49,0
San Vendemiano,2008,9,1,26.84,15.84,0
San Vendemiano,2008,9,2,27.54,15.73,0
San Vendemiano,2008,9,3,27.28,15.59,0
San Vendemiano,2008,9,4,29.51,16.83,0
San Vendemiano,2008,9,5,29.52,17.91,0
San Vendemiano,2008,9,6,31.47,18.54,0
San Vendemiano,2008,9,7,29.36,17.3,0
San Vendemiano,2008,9,8,28.34,14.08,0
San Vendemiano,2008,9,9,29.54,12.56,0
San Vendemiano,2008,9,10,29.61,15.18,0
San Vendemiano,2008,9,11,30.11,16.57,0
San Vendemiano,2008,9,12,30.86,17.04,4.4
San Vendemiano,2008,9,13,24.39,13.95,25.3
San Vendemiano,2008,9,14,20.48,11.03,8.5
San Vendemiano,2008,9,15,21.7,9.38,0
San Vendemiano,2008,9,16,22.09,7.49,0
San Vendemiano,2008,9,17,20.9,7.19,0
San Vendemiano,2008,9,18,21.45,10.25,0
San Vendemiano,2008,9,19,20.61,10.29,0
San Vendemiano,2008,9,20,20.14,8.94,0
San Vendemiano,2008,9,21,19.28,8.47,0
San Vendemiano,2008,9,22,20.08,8.09,0
San Vendemiano,2008,9,23,20.62,7.67,0
San Vendemiano,2008,9,24,20.73,6.6,0
San Vendemiano,2008,9,25,21.76,7.66,0
San Vendemiano,2008,9,26,20.95,8.69,0
San Vendemiano,2008,9,27,19.78,8.43,0
San Vendemiano,2008,9,28,19.85,7.43,0
San Vendemiano,2008,9,29,19.95,4.76,0
San Vendemiano,2008,9,30,19.58,7.35,0
San Vendemiano,2008,10,1,21.8,10.26,0
San Vendemiano,2008,10,2,21.19,9.7,0
San Vendemiano,2008,10,3,22.71,8.99,0
San Vendemiano,2008,10,4,20.24,4.8,0
San Vendemiano,2008,10,5,20.24,2.68,0
San Vendemiano,2008,10,6,20.42,4.79,0
San Vendemiano,2008,10,7,19.93,8.16,0
San Vendemiano,2008,10,8,23.15,10.55,0
San Vendemiano,2008,10,9,23.83,9.61,0
San Vendemiano,2008,10,10,24.31,8.55,0
San Vendemiano,2008,10,11,23.61,8.11,0
San Vendemiano,2008,10,12,23.27,8.6,0
San Vendemiano,2008,10,13,24.52,7.35,0
San Vendemiano,2008,10,14,24.4,9.59,0
San Vendemiano,2008,10,15,24.77,11.32,0
San Vendemiano,2008,10,16,23.05,10.85,0
San Vendemiano,2008,10,17,22.32,9.99,0
San Vendemiano,2008,10,18,17.68,8.05,0
San Vendemiano,2008,10,19,19.05,6.48,0
San Vendemiano,2008,10,20,19.71,5.31,0
San Vendemiano,2008,10,21,18.52,7.95,0
San Vendemiano,2008,10,22,19.69,10.43,0
San Vendemiano,2008,10,23,21.6,12.05,0
San Vendemiano,2008,10,24,20.88,8.83,0
San Vendemiano,2008,10,25,21.58,8.39,0
San Vendemiano,2008,10,26,19.25,6.92,0
San Vendemiano,2008,10,27,15.34,6.19,0
San Vendemiano,2008,10,28,18.46,11.67,23.9
San Vendemiano,2008,10,29,19.19,11.38,31.6
San Vendemiano,2008,10,30,17.11,8.09,21
San Vendemiano,2008,10,31,16.54,7.26,14.3
San Vendemiano,2008,11,1,16.82,9.59,14.3
San Vendemiano,2008,11,2,17.32,7.73,0
San Vendemiano,2008,11,3,14.69,9.34,0
San Vendemiano,2008,11,4,15.97,9.59,28.7
San Vendemiano,2008,11,5,18.39,10.15,20.5
San Vendemiano,2008,11,6,15.12,8.87,6.9
San Vendemiano,2008,11,7,15.07,8.67,0
San Vendemiano,2008,11,8,14.93,8.07,0
San Vendemiano,2008,11,9,16.13,6.4,0
San Vendemiano,2008,11,10,14.01,4.74,0
San Vendemiano,2008,11,11,12.4,5.88,1
San Vendemiano,2008,11,12,11.7,8.09,14.9
San Vendemiano,2008,11,13,12.66,8.07,24.2
San Vendemiano,2008,11,14,14.62,6.16,6.8
San Vendemiano,2008,11,15,15.6,5.11,0
San Vendemiano,2008,11,16,16.82,2.55,0
San Vendemiano,2008,11,17,15.42,2.17,0
San Vendemiano,2008,11,18,11.62,0.49,0
San Vendemiano,2008,11,19,12.42,-1.1,0
San Vendemiano,2008,11,20,13.2,0.37,0
San Vendemiano,2008,11,21,12.84,3.13,0
San Vendemiano,2008,11,22,10.47,-0.14,0
San Vendemiano,2008,11,23,9.59,-3.4,0
San Vendemiano,2008,11,24,6.04,-2.12,6.3
San Vendemiano,2008,11,25,5.56,-1.87,0
San Vendemiano,2008,11,26,8.22,-2.59,0
San Vendemiano,2008,11,27,8.13,-3.18,0
San Vendemiano,2008,11,28,5.42,-3.1,21.1
San Vendemiano,2008,11,29,7.76,1.95,22.9
San Vendemiano,2008,11,30,9.07,2.53,36
San Vendemiano,2008,12,1,10.17,2.94,25.9
San Vendemiano,2008,12,2,9.13,1.97,8.6
San Vendemiano,2008,12,3,8.61,-0.53,0
San Vendemiano,2008,12,4,6.45,-2.52,0
San Vendemiano,2008,12,5,8.61,0.23,10.4
San Vendemiano,2008,12,6,7.46,-0.48,0
San Vendemiano,2008,12,7,6.66,-2.64,0
San Vendemiano,2008,12,8,5.81,-2.19,0
San Vendemiano,2008,12,9,4.31,-4.25,0
San Vendemiano,2008,12,10,6.84,-0.01,21.4
San Vendemiano,2008,12,11,6.69,4.44,34.2
San Vendemiano,2008,12,12,8.11,4.81,14.9
San Vendemiano,2008,12,13,7.16,5.87,13
San Vendemiano,2008,12,14,8.24,5.37,8.1
San Vendemiano,2008,12,15,8.22,5.1,18.1
San Vendemiano,2008,12,16,8.43,4.35,14.2
San Vendemiano,2008,12,17,8.43,3.23,7.4
San Vendemiano,2008,12,18,8.91,2.49,0
San Vendemiano,2008,12,19,9.97,1.32,0
San Vendemiano,2008,12,20,10.57,-1.37,0
San Vendemiano,2008,12,21,11.33,0.02,0
San Vendemiano,2008,12,22,9.7,-0.45,0
San Vendemiano,2008,12,23,7.61,-1.89,0
San Vendemiano,2008,12,24,4.14,-1.63,0
San Vendemiano,2008,12,25,6.9,-3.02,0
San Vendemiano,2008,12,26,3.69,-4.43,0
San Vendemiano,2008,12,27,3.29,-5.45,0
San Vendemiano,2008,12,28,5.45,-2.28,0
San Vendemiano,2008,12,29,5.2,-2.59,0
San Vendemiano,2008,12,30,3.32,-6.5,0
San Vendemiano,2008,12,31,3.28,-8.14,0
San Vendemiano,2009,1,1,2.09,-3.79,6.8
San Vendemiano,2009,1,2,1.01,-5.77,0
San Vendemiano,2009,1,3,3.19,-5.12,0
San Vendemiano,2009,1,4,1.94,-8.53,0
San Vendemiano,2009,1,5,1.13,-8.37,0
San Vendemiano,2009,1,6,1.42,-3.94,0
San Vendemiano,2009,1,7,2.85,-3,0
San Vendemiano,2009,1,8,3.34,-3.68,0
San Vendemiano,2009,1,9,3.88,-6.88,0
San Vendemiano,2009,1,10,3.72,-8.82,0
San Vendemiano,2009,1,11,5.02,-6.38,0
San Vendemiano,2009,1,12,5.41,-6.69,0
San Vendemiano,2009,1,13,5.69,-6.46,0
San Vendemiano,2009,1,14,3.06,-0.35,3.9
San Vendemiano,2009,1,15,6.52,0.57,3.4
San Vendemiano,2009,1,16,7.43,-2.64,0
San Vendemiano,2009,1,17,5.52,-2.96,0
San Vendemiano,2009,1,18,5.35,-1.78,0
San Vendemiano,2009,1,19,7.09,-0.67,0
San Vendemiano,2009,1,20,9.24,3.37,21.5
San Vendemiano,2009,1,21,8.35,2.71,11.6
San Vendemiano,2009,1,22,7.73,-0.56,0
San Vendemiano,2009,1,23,6.93,-1.95,3.4
San Vendemiano,2009,1,24,8.25,-1.56,0
San Vendemiano,2009,1,25,10.45,-0.26,0
San Vendemiano,2009,1,26,10.99,-0.99,5.1
San Vendemiano,2009,1,27,9.75,2.74,5.2
San Vendemiano,2009,1,28,12.51,1.64,0
San Vendemiano,2009,1,29,11.12,0.39,0
San Vendemiano,2009,1,30,10.42,-0.64,0
San Vendemiano,2009,1,31,3.53,0.07,0
San Vendemiano,2009,2,1,1.73,0.47,4.6
San Vendemiano,2009,2,2,6.21,1.97,16
San Vendemiano,2009,2,3,6.63,3.24,7.4
San Vendemiano,2009,2,4,10.42,0.28,0
San Vendemiano,2009,2,5,11.22,1.86,2.5
San Vendemiano,2009,2,6,10.94,4.99,17.1
San Vendemiano,2009,2,7,10.51,4.01,17.5
San Vendemiano,2009,2,8,10.93,2.83,8.8
San Vendemiano,2009,2,9,11,1.57,0
San Vendemiano,2009,2,10,8.1,2.32,0
San Vendemiano,2009,2,11,9.53,1.68,0
San Vendemiano,2009,2,12,8.91,-0.71,0
San Vendemiano,2009,2,13,7.44,-2.59,0
San Vendemiano,2009,2,14,8.12,-4.16,0
San Vendemiano,2009,2,15,6.74,-5.2,0
San Vendemiano,2009,2,16,8.34,-4.06,0
San Vendemiano,2009,2,17,9.73,-5.09,0
San Vendemiano,2009,2,18,6.28,-5.28,0
San Vendemiano,2009,2,19,9.99,-6.11,0
San Vendemiano,2009,2,20,10.01,-5.26,0
San Vendemiano,2009,2,21,13.19,-1.7,0
San Vendemiano,2009,2,22,11.02,-2.86,0
San Vendemiano,2009,2,23,9.39,-2.37,0
San Vendemiano,2009,2,24,11.33,-2.28,0
San Vendemiano,2009,2,25,11.3,-3.43,0
San Vendemiano,2009,2,26,12.06,-2.37,0
San Vendemiano,2009,2,27,14.39,-0.37,0
San Vendemiano,2009,2,28,15.37,0.17,0
San Vendemiano,2009,3,1,10.14,1.78,0
San Vendemiano,2009,3,2,10.83,7.37,0
San Vendemiano,2009,3,3,10.61,5.83,0
San Vendemiano,2009,3,4,9.13,5.72,16.9
San Vendemiano,2009,3,5,10.63,5.1,18.8
San Vendemiano,2009,3,6,12.57,3.78,6.8
San Vendemiano,2009,3,7,17.56,2.36,0
San Vendemiano,2009,3,8,15.97,0.84,0
San Vendemiano,2009,3,9,16.44,1.12,0
San Vendemiano,2009,3,10,15.3,-0.61,0
San Vendemiano,2009,3,11,16.13,-0.08,0
San Vendemiano,2009,3,12,16.22,-0.53,0
San Vendemiano,2009,3,13,17.53,0.18,0
San Vendemiano,2009,3,14,13.58,1.84,0
San Vendemiano,2009,3,15,15.71,2.41,0
San Vendemiano,2009,3,16,17,3.2,0
San Vendemiano,2009,3,17,15.97,1.55,0
San Vendemiano,2009,3,18,16.98,1.85,0
San Vendemiano,2009,3,19,15.76,-0.35,0
San Vendemiano,2009,3,20,10.83,-1.13,0
San Vendemiano,2009,3,21,13.3,-1.73,0
San Vendemiano,2009,3,22,15.61,-2.92,0
San Vendemiano,2009,3,23,17.75,-0.25,0
San Vendemiano,2009,3,24,14.58,1.31,0
San Vendemiano,2009,3,25,15.24,-0.09,0
San Vendemiano,2009,3,26,17.04,1.33,0
San Vendemiano,2009,3,27,15.46,3.37,0
San Vendemiano,2009,3,28,12.35,6.73,10.3
San Vendemiano,2009,3,29,12.58,7.92,29.3
San Vendemiano,2009,3,30,15.21,7.32,14.1
San Vendemiano,2009,3,31,13.79,6.65,4.9
San Vendemiano,2009,4,1,17.81,9.08,0
San Vendemiano,2009,4,2,16.76,8.88,13.9
San Vendemiano,2009,4,3,19.78,7.01,0
San Vendemiano,2009,4,4,18.3,7.45,2.7
San Vendemiano,2009,4,5,21,7.83,0
San Vendemiano,2009,4,6,22.16,7.08,0
San Vendemiano,2009,4,7,22.28,7.34,0
San Vendemiano,2009,4,8,21.88,7.77,0
San Vendemiano,2009,4,9,21.55,6.89,0
San Vendemiano,2009,4,10,20.25,7.45,0
San Vendemiano,2009,4,11,20.17,6.92,0
San Vendemiano,2009,4,12,22.63,7.28,0
San Vendemiano,2009,4,13,25.13,7.28,0
San Vendemiano,2009,4,14,23.69,6.57,0
San Vendemiano,2009,4,15,24.04,6.58,0
San Vendemiano,2009,4,16,20.58,8.49,6.7
San Vendemiano,2009,4,17,20.55,8.65,5.3
San Vendemiano,2009,4,18,18.78,6.73,0
San Vendemiano,2009,4,19,14.73,7.88,9.7
San Vendemiano,2009,4,20,17.09,9.49,5.7
San Vendemiano,2009,4,21,22.71,10.26,0
San Vendemiano,2009,4,22,25.09,8.02,0
San Vendemiano,2009,4,23,18.04,6.02,4.8
San Vendemiano,2009,4,24,17.88,6.12,0
San Vendemiano,2009,4,25,19.68,6.01,0
San Vendemiano,2009,4,26,15.98,7.31,8.4
San Vendemiano,2009,4,27,15.72,9.96,18.4
San Vendemiano,2009,4,28,16.81,9.77,18.4
San Vendemiano,2009,4,29,18.03,8.29,9.9
San Vendemiano,2009,4,30,23.64,7.63,3
San Vendemiano,2009,5,1,26.23,9.47,0
San Vendemiano,2009,5,2,24.9,8.7,0
San Vendemiano,2009,5,3,22.3,8.39,0
San Vendemiano,2009,5,4,25.41,8.49,7.7
San Vendemiano,2009,5,5,24.2,9.03,4
San Vendemiano,2009,5,6,22.72,8.7,0
San Vendemiano,2009,5,7,24.76,10.15,0
San Vendemiano,2009,5,8,24.4,10.9,0
San Vendemiano,2009,5,9,24.27,11.62,0
San Vendemiano,2009,5,10,25.22,11.31,0
San Vendemiano,2009,5,11,25.29,11.96,0
San Vendemiano,2009,5,12,25.86,12.53,0
San Vendemiano,2009,5,13,25.19,14.4,0
San Vendemiano,2009,5,14,24.37,12.7,0
San Vendemiano,2009,5,15,22.56,12.54,0
San Vendemiano,2009,5,16,26.75,13.26,0
San Vendemiano,2009,5,17,27.49,12.41,0
San Vendemiano,2009,5,18,29.2,15.11,0
San Vendemiano,2009,5,19,29.32,13.56,0
San Vendemiano,2009,5,20,28.78,14.47,0
San Vendemiano,2009,5,21,28.94,14.23,0
San Vendemiano,2009,5,22,30,15.41,0
San Vendemiano,2009,5,23,31.44,14.78,0
San Vendemiano,2009,5,24,32.26,16.44,0
San Vendemiano,2009,5,25,33.76,17.06,0
San Vendemiano,2009,5,26,33.32,16.47,0
San Vendemiano,2009,5,27,26.15,13.92,0
San Vendemiano,2009,5,28,26.77,11.55,0
San Vendemiano,2009,5,29,24.69,9.52,3.3
San Vendemiano,2009,5,30,21.79,8.41,0
San Vendemiano,2009,5,31,20.95,10.26,0
San Vendemiano,2009,6,1,24.2,10.49,0
San Vendemiano,2009,6,2,26.35,11.53,0
San Vendemiano,2009,6,3,28.85,13.32,0
San Vendemiano,2009,6,4,26.44,13.24,0
San Vendemiano,2009,6,5,24.05,16.28,0
San Vendemiano,2009,6,6,24.29,16.37,7.7
San Vendemiano,2009,6,7,25.45,14.68,5.4
San Vendemiano,2009,6,8,24.68,13.51,0
San Vendemiano,2009,6,9,25.33,14.59,0
San Vendemiano,2009,6,10,26.45,15.28,0
San Vendemiano,2009,6,11,28.55,13.65,0
San Vendemiano,2009,6,12,28.26,14.32,0
San Vendemiano,2009,6,13,27.88,15.14,0
San Vendemiano,2009,6,14,27.94,14.93,0
San Vendemiano,2009,6,15,29.71,18.15,0
San Vendemiano,2009,6,16,30.54,17.25,0
San Vendemiano,2009,6,17,26.92,15.6,0
San Vendemiano,2009,6,18,28.53,13.85,0
San Vendemiano,2009,6,19,31.08,15.09,0
San Vendemiano,2009,6,20,24.52,14.1,17.1
San Vendemiano,2009,6,21,24.2,12.95,0
San Vendemiano,2009,6,22,24.13,12.41,0
San Vendemiano,2009,6,23,24.35,14.38,3.2
San Vendemiano,2009,6,24,25.9,13.26,1.8
San Vendemiano,2009,6,25,25.67,16.09,6.4
San Vendemiano,2009,6,26,25.78,16.48,6.9
San Vendemiano,2009,6,27,26.83,16.49,13.1
San Vendemiano,2009,6,28,27.84,16.33,2.4
San Vendemiano,2009,6,29,27.76,17.79,4.5
San Vendemiano,2009,6,30,29.38,16.89,0
San Vendemiano,2009,7,1,29.09,17,0
San Vendemiano,2009,7,2,29.21,17.59,0
San Vendemiano,2009,7,3,30.82,16.95,0
San Vendemiano,2009,7,4,29.78,18.79,5.7
San Vendemiano,2009,7,5,29.41,18.18,7
San Vendemiano,2009,7,6,28.84,17.43,5.2
San Vendemiano,2009,7,7,27.69,16.43,16
San Vendemiano,2009,7,8,27.84,15.91,0
San Vendemiano,2009,7,9,26.29,14.16,3
San Vendemiano,2009,7,10,24.41,13.63,4.6
San Vendemiano,2009,7,11,23.49,11.96,0
San Vendemiano,2009,7,12,26.96,12.54,0
San Vendemiano,2009,7,13,28.9,15.99,0
San Vendemiano,2009,7,14,30.13,19.01,0
San Vendemiano,2009,7,15,31.98,19.52,0
San Vendemiano,2009,7,16,32.2,19.03,0
San Vendemiano,2009,7,17,34.04,16.88,0
San Vendemiano,2009,7,18,26.15,13.57,11.8
San Vendemiano,2009,7,19,27.36,11.89,0
San Vendemiano,2009,7,20,28.76,14.03,0
San Vendemiano,2009,7,21,28.86,14.89,0
San Vendemiano,2009,7,22,31.34,17.68,0
San Vendemiano,2009,7,23,32.06,18.03,0
San Vendemiano,2009,7,24,32.22,18.37,0
San Vendemiano,2009,7,25,28.74,17.63,0
San Vendemiano,2009,7,26,28.26,15.21,0
San Vendemiano,2009,7,27,28.55,15.15,0
San Vendemiano,2009,7,28,30.83,17.37,0
San Vendemiano,2009,7,29,31.29,17.74,0
San Vendemiano,2009,7,30,32.6,18.3,0
San Vendemiano,2009,7,31,30.69,19.73,0
San Vendemiano,2009,8,1,30.49,18.25,0
San Vendemiano,2009,8,2,33.69,17.55,0
San Vendemiano,2009,8,3,29.32,17.98,9.2
San Vendemiano,2009,8,4,29.25,17.42,0
San Vendemiano,2009,8,5,29.66,15.79,0
San Vendemiano,2009,8,6,29.88,17.59,0
San Vendemiano,2009,8,7,30.26,18.28,0
San Vendemiano,2009,8,8,28.99,18.28,0
San Vendemiano,2009,8,9,29.61,19.58,0
San Vendemiano,2009,8,10,30.49,17.47,5
San Vendemiano,2009,8,11,30.22,18.04,0
San Vendemiano,2009,8,12,30.31,18.5,0
San Vendemiano,2009,8,13,30.59,18.48,0
San Vendemiano,2009,8,14,29.12,17.92,0
San Vendemiano,2009,8,15,29.27,17.55,0
San Vendemiano,2009,8,16,32.56,17.92,0
San Vendemiano,2009,8,17,33.02,19.16,0
San Vendemiano,2009,8,18,34.12,19.19,0
San Vendemiano,2009,8,19,33.53,19.71,0
San Vendemiano,2009,8,20,32.93,20.18,0
San Vendemiano,2009,8,21,33.99,19.08,0
San Vendemiano,2009,8,22,30.7,19.11,0
San Vendemiano,2009,8,23,28.86,17.57,0
San Vendemiano,2009,8,24,27.75,16.5,0
San Vendemiano,2009,8,25,29.7,15.95,0
San Vendemiano,2009,8,26,30.71,17.91,0
San Vendemiano,2009,8,27,31.62,19.86,0
San Vendemiano,2009,8,28,32.64,18.5,0
San Vendemiano,2009,8,29,29.94,17.3,7.7
San Vendemiano,2009,8,30,25.65,15.92,0
San Vendemiano,2009,8,31,27.66,12.88,0
San Vendemiano,2009,9,1,28.54,13.31,0
San Vendemiano,2009,9,2,29.73,16.77,0
San Vendemiano,2009,9,3,29.64,18.07,0
San Vendemiano,2009,9,4,30.74,17.34,0
San Vendemiano,2009,9,5,26.51,14.5,0
San Vendemiano,2009,9,6,25.15,11.13,0
San Vendemiano,2009,9,7,24.81,8.32,0
San Vendemiano,2009,9,8,25.65,9.06,0
San Vendemiano,2009,9,9,25.45,11.78,0
San Vendemiano,2009,9,10,28.03,14.37,0
San Vendemiano,2009,9,11,28.6,14.92,0
San Vendemiano,2009,9,12,26.99,14.19,0
San Vendemiano,2009,9,13,26.17,12.45,0
San Vendemiano,2009,9,14,19.82,13.73,17.4
San Vendemiano,2009,9,15,21.28,13.3,11.2
San Vendemiano,2009,9,16,23.73,16.76,15.8
San Vendemiano,2009,9,17,24.31,16.02,0
San Vendemiano,2009,9,18,25.84,14.83,0
San Vendemiano,2009,9,19,26.73,14.99,0
San Vendemiano,2009,9,20,28.37,14.84,0
San Vendemiano,2009,9,21,27.21,14.75,0
San Vendemiano,2009,9,22,27.6,13.05,0
San Vendemiano,2009,9,23,27.6,12.69,0
San Vendemiano,2009,9,24,27.62,12.1,0
San Vendemiano,2009,9,25,26.53,13.54,0
San Vendemiano,2009,9,26,25.36,12.74,0
San Vendemiano,2009,9,27,25.6,11.12,0
San Vendemiano,2009,9,28,26.15,11.37,0
San Vendemiano,2009,9,29,26.44,12.34,0
San Vendemiano,2009,9,30,25.71,12.56,0
San Vendemiano,2009,10,1,25.75,13.79,0
San Vendemiano,2009,10,2,24.2,13.64,0
San Vendemiano,2009,10,3,22.65,10.63,0
San Vendemiano,2009,10,4,23.33,8.59,0
San Vendemiano,2009,10,5,23.95,12.25,0
San Vendemiano,2009,10,6,24.45,14.06,0
San Vendemiano,2009,10,7,25.38,14.75,0
San Vendemiano,2009,10,8,24.61,14.61,0
San Vendemiano,2009,10,9,23.69,13.44,3.6
San Vendemiano,2009,10,10,22.41,12.58,6.2
San Vendemiano,2009,10,11,23.04,10.93,5.5
San Vendemiano,2009,10,12,19.88,8.87,5.1
San Vendemiano,2009,10,13,19.06,4.72,0
San Vendemiano,2009,10,14,15.1,2.24,0
San Vendemiano,2009,10,15,14.53,1.33,0
San Vendemiano,2009,10,16,14.67,1.55,0
San Vendemiano,2009,10,17,15.8,2.41,0
San Vendemiano,2009,10,18,15.16,2.51,0
San Vendemiano,2009,10,19,14.19,2.17,0
San Vendemiano,2009,10,20,13.19,0.2,0
San Vendemiano,2009,10,21,13.28,4.44,10.9
San Vendemiano,2009,10,22,15.42,8.08,23.5
San Vendemiano,2009,10,23,18.23,7.29,12.3
San Vendemiano,2009,10,24,20.32,10.35,0
San Vendemiano,2009,10,25,20.96,7.11,0
San Vendemiano,2009,10,26,20.03,7.16,0
San Vendemiano,2009,10,27,19.55,7.01,0
San Vendemiano,2009,10,28,18.77,6.37,0
San Vendemiano,2009,10,29,18.73,6.48,0
San Vendemiano,2009,10,30,15.91,5.49,0
San Vendemiano,2009,10,31,15.02,2.71,0
San Vendemiano,2009,11,1,14.58,1.35,0
San Vendemiano,2009,11,2,11.22,2.79,18.4
San Vendemiano,2009,11,3,12.05,2.52,9.1
San Vendemiano,2009,11,4,11.08,2.61,2.8
San Vendemiano,2009,11,5,14.02,3.06,4
San Vendemiano,2009,11,6,11.59,4.93,6.1
San Vendemiano,2009,11,7,12.67,3.4,0
San Vendemiano,2009,11,8,13.29,5.63,7.6
San Vendemiano,2009,11,9,12.62,5.69,11
San Vendemiano,2009,11,10,15.72,4.6,0
San Vendemiano,2009,11,11,14.92,2.58,0
San Vendemiano,2009,11,12,13.98,1.27,0
San Vendemiano,2009,11,13,12.8,2.68,0
San Vendemiano,2009,11,14,13.1,4.67,0
San Vendemiano,2009,11,15,12.78,6.42,0
San Vendemiano,2009,11,16,11.84,7.46,0
San Vendemiano,2009,11,17,12.03,7.25,0
San Vendemiano,2009,11,18,13.23,6.43,0
San Vendemiano,2009,11,19,13.6,6.22,0
San Vendemiano,2009,11,20,13.7,4.52,0
San Vendemiano,2009,11,21,12.32,3.83,0
San Vendemiano,2009,11,22,11.94,3.7,0
San Vendemiano,2009,11,23,13.89,5.79,0
San Vendemiano,2009,11,24,12.9,5.24,0
San Vendemiano,2009,11,25,11.69,3.46,0
San Vendemiano,2009,11,26,11.35,5.32,0
San Vendemiano,2009,11,27,12.26,6.62,2.7
San Vendemiano,2009,11,28,12.32,5.98,0
San Vendemiano,2009,11,29,12.75,4.49,16.8
San Vendemiano,2009,11,30,14.35,6.82,41.8
San Vendemiano,2009,12,1,12.1,4.38,16.9
San Vendemiano,2009,12,2,10.35,2.12,0
San Vendemiano,2009,12,3,8.45,1.12,0
San Vendemiano,2009,12,4,7.88,2.89,14.5
San Vendemiano,2009,12,5,10.01,2.93,0
San Vendemiano,2009,12,6,7.93,0.54,0
San Vendemiano,2009,12,7,7.91,2.25,6.3
San Vendemiano,2009,12,8,10.93,3.61,12.5
San Vendemiano,2009,12,9,11.29,1.48,0
San Vendemiano,2009,12,10,11.42,0.48,0
San Vendemiano,2009,12,11,8.9,-0.82,0
San Vendemiano,2009,12,12,8.9,-0.49,0
San Vendemiano,2009,12,13,6.26,-0.18,0
San Vendemiano,2009,12,14,3.38,-0.39,0
San Vendemiano,2009,12,15,3.43,-2.32,0
San Vendemiano,2009,12,16,3.14,-3.34,0
San Vendemiano,2009,12,17,0.74,-5.02,0
San Vendemiano,2009,12,18,0.07,-6.79,0
San Vendemiano,2009,12,19,-3.04,-11.22,0
San Vendemiano,2009,12,20,-2.8,-13.12,0
San Vendemiano,2009,12,21,0.05,-10.02,0
San Vendemiano,2009,12,22,2.16,-2.61,14.6
San Vendemiano,2009,12,23,7.56,0.26,15.3
San Vendemiano,2009,12,24,9.06,0.76,23.9
San Vendemiano,2009,12,25,13.66,1.8,11.5
San Vendemiano,2009,12,26,8.17,0.2,0
San Vendemiano,2009,12,27,7.24,-1.19,0
San Vendemiano,2009,12,28,5.8,-3.12,0
San Vendemiano,2009,12,29,5.15,-0.28,0
San Vendemiano,2009,12,30,5.08,3.14,1.8
San Vendemiano,2009,12,31,7.15,2.36,3
San Vendemiano,2010,1,1,6.94,0.63,1.8
San Vendemiano,2010,1,2,6.55,-1.53,2.4
San Vendemiano,2010,1,3,3.88,-3.62,0
San Vendemiano,2010,1,4,1.31,-4.73,0
San Vendemiano,2010,1,5,2.24,-0.39,1.5
San Vendemiano,2010,1,6,4.75,-0.15,2
San Vendemiano,2010,1,7,5.4,0.09,2.8
San Vendemiano,2010,1,8,4.45,2.07,12.6
San Vendemiano,2010,1,9,7.57,4.38,8.9
San Vendemiano,2010,1,10,8.77,2.98,0
San Vendemiano,2010,1,11,7,2.78,0
San Vendemiano,2010,1,12,5.09,2.21,0
San Vendemiano,2010,1,13,6.37,0.69,0
San Vendemiano,2010,1,14,6.05,-0.05,0
San Vendemiano,2010,1,15,6.87,-0.82,0
San Vendemiano,2010,1,16,5.78,-1.44,0
San Vendemiano,2010,1,17,5.45,-2.27,0
San Vendemiano,2010,1,18,6.26,-2.88,0
San Vendemiano,2010,1,19,3.57,-3.27,0
San Vendemiano,2010,1,20,3.78,-3.42,0
San Vendemiano,2010,1,21,4,-3.57,0
San Vendemiano,2010,1,22,4.96,-2.26,0
San Vendemiano,2010,1,23,3.72,-3.65,0
San Vendemiano,2010,1,24,1.52,-5.7,0
San Vendemiano,2010,1,25,1.48,-3.85,0
San Vendemiano,2010,1,26,4.06,-2.78,0
San Vendemiano,2010,1,27,4.97,-3.71,0
San Vendemiano,2010,1,28,6.56,-5.13,0
San Vendemiano,2010,1,29,6.07,-5.76,0
San Vendemiano,2010,1,30,6.34,-3.48,2.2
San Vendemiano,2010,1,31,5.45,-4.91,0
San Vendemiano,2010,2,1,5.49,-7.74,0
San Vendemiano,2010,2,2,7.76,-7.63,0
San Vendemiano,2010,2,3,8.41,-4.52,0
San Vendemiano,2010,2,4,8.01,-2.56,0
San Vendemiano,2010,2,5,6.91,1.22,8.1
San Vendemiano,2010,2,6,8.18,-0.3,11.3
San Vendemiano,2010,2,7,10.55,-1.7,0
San Vendemiano,2010,2,8,7.15,-2.88,0
San Vendemiano,2010,2,9,3.29,-3.01,0
San Vendemiano,2010,2,10,4.05,-0.38,7.8
San Vendemiano,2010,2,11,8.04,1.66,4
San Vendemiano,2010,2,12,10.67,0.84,0
San Vendemiano,2010,2,13,11.04,-1.19,0
San Vendemiano,2010,2,14,10.27,-2.62,0
San Vendemiano,2010,2,15,7.26,-2.13,0
San Vendemiano,2010,2,16,9.77,-0.17,0
San Vendemiano,2010,2,17,10.25,2.84,2.3
San Vendemiano,2010,2,18,9.9,4.36,3.3
San Vendemiano,2010,2,19,9.68,1.07,21.6
San Vendemiano,2010,2,20,11.7,0.6,11.6
San Vendemiano,2010,2,21,10.58,-2.02,0
San Vendemiano,2010,2,22,9.09,2.87,2.7
San Vendemiano,2010,2,23,10.63,3.44,3
San Vendemiano,2010,2,24,11.94,2.37,0
San Vendemiano,2010,2,25,13.18,2.37,0
San Vendemiano,2010,2,26,13.33,4.58,7.6
San Vendemiano,2010,2,27,14.66,2.13,0
San Vendemiano,2010,2,28,11.27,4.13,0
San Vendemiano,2010,3,1,14.09,2.6,0
San Vendemiano,2010,3,2,15.3,2.65,0
San Vendemiano,2010,3,3,11.39,2.61,4.6
San Vendemiano,2010,3,4,11.64,0.9,0
San Vendemiano,2010,3,5,8.8,-0.96,0
San Vendemiano,2010,3,6,8.78,-4.25,0
San Vendemiano,2010,3,7,8.71,-2.42,0
San Vendemiano,2010,3,8,6.57,-2.44,0
San Vendemiano,2010,3,9,11.55,-0.73,0
San Vendemiano,2010,3,10,13.47,-0.59,6.3
San Vendemiano,2010,3,11,8.97,-1.66,0
San Vendemiano,2010,3,12,10.97,-1.71,0
San Vendemiano,2010,3,13,12.45,-2.59,0
San Vendemiano,2010,3,14,14.81,-0.53,0
San Vendemiano,2010,3,15,16.01,-0.35,0
San Vendemiano,2010,3,16,16.04,0.1,0
San Vendemiano,2010,3,17,15.02,1.08,0
San Vendemiano,2010,3,18,14.86,2.74,0
San Vendemiano,2010,3,19,14,4.49,0
San Vendemiano,2010,3,20,13.33,4.9,0
San Vendemiano,2010,3,21,13.16,8.37,0
San Vendemiano,2010,3,22,13.63,8.63,3.4
San Vendemiano,2010,3,23,17.46,7.36,0
San Vendemiano,2010,3,24,18.6,4.5,0
San Vendemiano,2010,3,25,17.04,7.47,0
San Vendemiano,2010,3,26,16.88,7.58,0
San Vendemiano,2010,3,27,20.22,6.71,0
San Vendemiano,2010,3,28,20.63,5.75,0
San Vendemiano,2010,3,29,18.38,6.17,0
San Vendemiano,2010,3,30,15.27,5.96,12.2
San Vendemiano,2010,3,31,15.95,5.52,9.1
San Vendemiano,2010,4,1,15.91,3.29,7.6
San Vendemiano,2010,4,2,15.14,3.14,0
San Vendemiano,2010,4,3,14.96,2.3,0
San Vendemiano,2010,4,4,16.13,7.04,7.7
San Vendemiano,2010,4,5,17.93,6.93,0
San Vendemiano,2010,4,6,19.38,4.05,0
San Vendemiano,2010,4,7,18.64,4.43,0
San Vendemiano,2010,4,8,22.09,4.47,0
San Vendemiano,2010,4,9,23.38,5.25,0
San Vendemiano,2010,4,10,23.57,6.52,0
San Vendemiano,2010,4,11,15.09,4.72,0
San Vendemiano,2010,4,12,15.9,4.01,0
San Vendemiano,2010,4,13,15.43,4.39,0
San Vendemiano,2010,4,14,17.34,4.81,0
San Vendemiano,2010,4,15,18.73,5.06,0
San Vendemiano,2010,4,16,19.92,5.53,0
San Vendemiano,2010,4,17,18.07,7.88,8.4
San Vendemiano,2010,4,18,20.02,5.71,4.4
San Vendemiano,2010,4,19,22.56,5.08,0
San Vendemiano,2010,4,20,24.04,6.91,0
San Vendemiano,2010,4,21,24.45,8.97,0
San Vendemiano,2010,4,22,20.37,9.27,0
San Vendemiano,2010,4,23,19.61,10.72,3.1
San Vendemiano,2010,4,24,21.32,11.22,0
San Vendemiano,2010,4,25,25.66,9.83,0
San Vendemiano,2010,4,26,26.48,10.9,0
San Vendemiano,2010,4,27,24.02,12.88,0
San Vendemiano,2010,4,28,25.5,10.44,0
San Vendemiano,2010,4,29,24.32,8.31,0
San Vendemiano,2010,4,30,26.34,10.93,0
San Vendemiano,2010,5,1,24.41,11.77,0
San Vendemiano,2010,5,2,21.32,13.61,5.8
San Vendemiano,2010,5,3,21.98,13.86,12.2
San Vendemiano,2010,5,4,17.21,12.31,23.6
San Vendemiano,2010,5,5,18.97,11.14,40.5
San Vendemiano,2010,5,6,18.81,9.57,12.4
San Vendemiano,2010,5,7,18.87,7.28,2.5
San Vendemiano,2010,5,8,18.56,10.51,3.8
San Vendemiano,2010,5,9,19.93,10.35,0
San Vendemiano,2010,5,10,17.96,12.96,3.1
San Vendemiano,2010,5,11,18.59,12.01,5.7
San Vendemiano,2010,5,12,20.61,12.11,5.4
San Vendemiano,2010,5,13,21.42,10.91,7.3
San Vendemiano,2010,5,14,21.44,10.69,5.6
San Vendemiano,2010,5,15,18.87,11.11,8
San Vendemiano,2010,5,16,23.13,11.07,0
San Vendemiano,2010,5,17,23.76,11.46,0
San Vendemiano,2010,5,18,24.2,10.41,0
San Vendemiano,2010,5,19,21.86,10.38,0
San Vendemiano,2010,5,20,25.26,11.54,0
San Vendemiano,2010,5,21,25.52,10.95,0
San Vendemiano,2010,5,22,26.42,12.59,0
San Vendemiano,2010,5,23,27.37,12.41,0
San Vendemiano,2010,5,24,28.53,13.46,0
San Vendemiano,2010,5,25,28.46,14.7,0
San Vendemiano,2010,5,26,25.54,14.89,0
San Vendemiano,2010,5,27,25.06,13.48,4.1
San Vendemiano,2010,5,28,24.81,13.67,0
San Vendemiano,2010,5,29,24.2,13.8,5.5
San Vendemiano,2010,5,30,26.16,12.69,6.4
San Vendemiano,2010,5,31,27,11.98,0
San Vendemiano,2010,6,1,25.72,9.91,0
San Vendemiano,2010,6,2,25.95,13.54,5
San Vendemiano,2010,6,3,26,13.63,0
San Vendemiano,2010,6,4,28.09,13.62,0
San Vendemiano,2010,6,5,27.74,13.4,0
San Vendemiano,2010,6,6,28.17,14.64,0
San Vendemiano,2010,6,7,27.5,15.99,0
San Vendemiano,2010,6,8,28.64,16.54,0
San Vendemiano,2010,6,9,29.21,16.35,0
San Vendemiano,2010,6,10,29.1,17.69,0
San Vendemiano,2010,6,11,30.97,16.86,0
San Vendemiano,2010,6,12,31.67,17.45,0
San Vendemiano,2010,6,13,31.04,17.67,4.2
San Vendemiano,2010,6,14,28.37,16.47,0
San Vendemiano,2010,6,15,24.35,17.21,20.4
San Vendemiano,2010,6,16,25.51,16.2,13.5
San Vendemiano,2010,6,17,25.68,15.35,9.5
San Vendemiano,2010,6,18,26.9,14.55,6.4
San Vendemiano,2010,6,19,24.4,13.45,18.9
San Vendemiano,2010,6,20,21.16,12.98,17.6
San Vendemiano,2010,6,21,23.58,13,7.4
San Vendemiano,2010,6,22,27.07,12.79,0
San Vendemiano,2010,6,23,26.65,13.88,0
San Vendemiano,2010,6,24,27.37,13.05,0
San Vendemiano,2010,6,25,28.39,15.16,0
San Vendemiano,2010,6,26,29.56,16.17,0
San Vendemiano,2010,6,27,30.05,16.82,0
San Vendemiano,2010,6,28,30.45,16.34,0
San Vendemiano,2010,6,29,31.91,18.54,0
San Vendemiano,2010,6,30,33.14,18.6,0
San Vendemiano,2010,7,1,32.67,18.12,0
San Vendemiano,2010,7,2,33.12,18.38,0
San Vendemiano,2010,7,3,34.17,18.71,0
San Vendemiano,2010,7,4,34.89,19.9,6
San Vendemiano,2010,7,5,31.5,19.69,0
San Vendemiano,2010,7,6,30.78,18.97,6.7
San Vendemiano,2010,7,7,28.84,16.5,0
San Vendemiano,2010,7,8,29.99,15.45,0
San Vendemiano,2010,7,9,31.98,16.32,0
San Vendemiano,2010,7,10,32.01,19.37,0
San Vendemiano,2010,7,11,32.73,19.73,0
San Vendemiano,2010,7,12,32.84,19.37,0
San Vendemiano,2010,7,13,33.47,20.55,0
San Vendemiano,2010,7,14,33.72,20.61,0
San Vendemiano,2010,7,15,36.18,21.1,0
San Vendemiano,2010,7,16,35.69,21.25,0
San Vendemiano,2010,7,17,36.47,20.79,0
San Vendemiano,2010,7,18,31.16,18.76,0
San Vendemiano,2010,7,19,30.95,17.27,0
San Vendemiano,2010,7,20,31.35,18.08,0
San Vendemiano,2010,7,21,32.55,18.54,0
San Vendemiano,2010,7,22,34.44,19.23,0
San Vendemiano,2010,7,23,34.5,18.13,0
San Vendemiano,2010,7,24,30.66,17.03,0
San Vendemiano,2010,7,25,29.7,14.71,0
San Vendemiano,2010,7,26,27.74,13.56,0
San Vendemiano,2010,7,27,28.4,14.51,0
San Vendemiano,2010,7,28,29.21,14.12,0
San Vendemiano,2010,7,29,24.6,14.55,22.6
San Vendemiano,2010,7,30,26.2,13.28,9.1
San Vendemiano,2010,7,31,28.84,13.12,0
San Vendemiano,2010,8,1,29.42,14.81,0
San Vendemiano,2010,8,2,30.87,17.41,0
San Vendemiano,2010,8,3,30.62,17.12,5.9
San Vendemiano,2010,8,4,28.28,16.08,0
San Vendemiano,2010,8,5,24.59,14.93,10.2
San Vendemiano,2010,8,6,27.81,14.38,8.3
San Vendemiano,2010,8,7,27.95,14.68,0
San Vendemiano,2010,8,8,28.77,15.09,0
San Vendemiano,2010,8,9,29.51,16.8,0
San Vendemiano,2010,8,10,30.46,16.33,0
San Vendemiano,2010,8,11,31.17,17.08,0
San Vendemiano,2010,8,12,28.41,17.6,10.6
San Vendemiano,2010,8,13,24.84,16.09,20
San Vendemiano,2010,8,14,25.04,16.77,27.6
San Vendemiano,2010,8,15,28.6,17.27,23.2
San Vendemiano,2010,8,16,27.96,15.11,0
San Vendemiano,2010,8,17,27.65,13.64,0
San Vendemiano,2010,8,18,28.61,16.28,0
San Vendemiano,2010,8,19,29.79,17.18,0
San Vendemiano,2010,8,20,30.89,19.42,0
San Vendemiano,2010,8,21,32.34,18.35,0
San Vendemiano,2010,8,22,32.12,18.33,0
San Vendemiano,2010,8,23,32.76,18.27,0
San Vendemiano,2010,8,24,31.79,19.15,0
San Vendemiano,2010,8,25,30.99,19.53,0
San Vendemiano,2010,8,26,30.26,18.8,0
San Vendemiano,2010,8,27,31.81,17.29,0
San Vendemiano,2010,8,28,32,16.61,5.4
San Vendemiano,2010,8,29,25.8,13.66,0
San Vendemiano,2010,8,30,24.39,11.19,0
San Vendemiano,2010,8,31,26.17,10.09,0
San Vendemiano,2010,9,1,25.99,10.64,0
San Vendemiano,2010,9,2,25.82,10.6,0
San Vendemiano,2010,9,3,26.1,13.42,0
San Vendemiano,2010,9,4,26.98,15.43,0
San Vendemiano,2010,9,5,24.37,15.35,0
San Vendemiano,2010,9,6,19.96,14.83,2.9
San Vendemiano,2010,9,7,21.83,13.3,8.9
San Vendemiano,2010,9,8,23.79,13.86,11.3
San Vendemiano,2010,9,9,26.36,14.07,0
San Vendemiano,2010,9,10,27,14.17,0
San Vendemiano,2010,9,11,27.09,12.27,0
San Vendemiano,2010,9,12,27.12,11.91,0
San Vendemiano,2010,9,13,25.04,12.64,0
San Vendemiano,2010,9,14,27.57,13.22,0
San Vendemiano,2010,9,15,26.86,12.35,0
San Vendemiano,2010,9,16,26.91,15.15,4.7
San Vendemiano,2010,9,17,23.84,17.23,16.3
San Vendemiano,2010,9,18,22.14,13.67,15.3
San Vendemiano,2010,9,19,23.34,12.6,5.9
San Vendemiano,2010,9,20,25.31,11.71,0
San Vendemiano,2010,9,21,26.49,11.09,0
San Vendemiano,2010,9,22,27.01,10.46,0
San Vendemiano,2010,9,23,25.99,9.62,0
San Vendemiano,2010,9,24,24.3,10.99,24.9
San Vendemiano,2010,9,25,21.84,11.87,20.9
San Vendemiano,2010,9,26,22.44,11.38,0
San Vendemiano,2010,9,27,20.43,11.79,3.1
San Vendemiano,2010,9,28,21.9,10.25,3.3
San Vendemiano,2010,9,29,22.65,8.83,0
San Vendemiano,2010,9,30,21.71,8.7,0
San Vendemiano,2010,10,1,20.68,12.69,0
San Vendemiano,2010,10,2,21.1,11.12,0
San Vendemiano,2010,10,3,21.37,10.58,0
San Vendemiano,2010,10,4,21.66,13.95,0
San Vendemiano,2010,10,5,24.65,14.05,9.7
San Vendemiano,2010,10,6,24.49,13.61,0
San Vendemiano,2010,10,7,21.78,13.05,0
San Vendemiano,2010,10,8,19.96,10.03,0
San Vendemiano,2010,10,9,20,6.19,0
San Vendemiano,2010,10,10,19.93,4.88,0
San Vendemiano,2010,10,11,20.7,6.49,0
San Vendemiano,2010,10,12,19.53,4.93,0
San Vendemiano,2010,10,13,18.47,7.25,0
San Vendemiano,2010,10,14,20.38,8.74,0
San Vendemiano,2010,10,15,19.61,7.26,0
San Vendemiano,2010,10,16,15.16,7.54,12.2
San Vendemiano,2010,10,17,15.64,7.42,10.7
San Vendemiano,2010,10,18,20.19,6.91,0
San Vendemiano,2010,10,19,20.34,6.59,0
San Vendemiano,2010,10,20,18.75,4.56,0
San Vendemiano,2010,10,21,18.01,3.37,0
San Vendemiano,2010,10,22,16.44,3.25,0
San Vendemiano,2010,10,23,13.25,6.06,0
San Vendemiano,2010,10,24,14.71,7.5,15.2
San Vendemiano,2010,10,25,15.11,6.43,28.7
San Vendemiano,2010,10,26,12.58,3.81,0
San Vendemiano,2010,10,27,14.02,2.25,0
San Vendemiano,2010,10,28,15.38,1.08,0
San Vendemiano,2010,10,29,15.8,2.18,0
San Vendemiano,2010,10,30,16.83,3.4,0
San Vendemiano,2010,10,31,14.51,8.69,15.6
San Vendemiano,2010,11,1,15.42,11.28,34.5
San Vendemiano,2010,11,2,20.71,11.4,16.9
San Vendemiano,2010,11,3,20.11,9.62,4.8
San Vendemiano,2010,11,4,18.78,7.69,0
San Vendemiano,2010,11,5,17.52,6.73,0
San Vendemiano,2010,11,6,14.26,6.31,0
San Vendemiano,2010,11,7,13.98,6.89,9.2
San Vendemiano,2010,11,8,14.22,6.78,7.7
San Vendemiano,2010,11,9,12.26,6.1,4.7
San Vendemiano,2010,11,10,12.53,6.5,4.8
San Vendemiano,2010,11,11,12.5,5.24,0
San Vendemiano,2010,11,12,15.36,4.51,0
San Vendemiano,2010,11,13,13.75,6.19,0
San Vendemiano,2010,11,14,14.44,7.97,0
San Vendemiano,2010,11,15,14.48,8.71,0
San Vendemiano,2010,11,16,15.01,9.91,23.7
San Vendemiano,2010,11,17,12.49,8.11,12.9
San Vendemiano,2010,11,18,12.2,6.48,5.2
San Vendemiano,2010,11,19,11.74,5.54,3.4
San Vendemiano,2010,11,20,11.43,5.15,0
San Vendemiano,2010,11,21,12.58,7.79,15
San Vendemiano,2010,11,22,11.85,5.63,5.4
San Vendemiano,2010,11,23,12.09,3.87,0
San Vendemiano,2010,11,24,12.29,0.77,0
San Vendemiano,2010,11,25,10.08,-0.81,0
San Vendemiano,2010,11,26,7.31,-1.01,5.5
San Vendemiano,2010,11,27,7.53,-1.18,0
San Vendemiano,2010,11,28,5.52,-0.44,11.4
San Vendemiano,2010,11,29,7.94,0,7.5
San Vendemiano,2010,11,30,6.29,0.58,3.5
San Vendemiano,2010,12,1,4.44,0.43,12.1
San Vendemiano,2010,12,2,4.46,1.21,10.6
San Vendemiano,2010,12,3,5.7,0.7,6.2
San Vendemiano,2010,12,4,5.09,-0.75,0
San Vendemiano,2010,12,5,5.16,-2.42,0
San Vendemiano,2010,12,6,5.45,0.27,4.6
San Vendemiano,2010,12,7,6.34,3.24,6
San Vendemiano,2010,12,8,7.26,1.39,4.9
San Vendemiano,2010,12,9,11.11,1.16,0
San Vendemiano,2010,12,10,11.06,-0.52,0
San Vendemiano,2010,12,11,9.94,-1.34,0
San Vendemiano,2010,12,12,8.5,-3.63,0
San Vendemiano,2010,12,13,7.75,-3.85,0
San Vendemiano,2010,12,14,5.69,-4.7,0
San Vendemiano,2010,12,15,2.03,-6.83,0
San Vendemiano,2010,12,16,-0.58,-6.66,0
San Vendemiano,2010,12,17,0.16,-8.4,0
San Vendemiano,2010,12,18,1.58,-7.85,0
San Vendemiano,2010,12,19,3.57,-10.51,0
San Vendemiano,2010,12,20,4.35,-2.44,0
San Vendemiano,2010,12,21,4.81,-0.97,2.7
San Vendemiano,2010,12,22,6.25,1.72,11.2
San Vendemiano,2010,12,23,9.82,3.73,27.3
San Vendemiano,2010,12,24,11.04,6.18,22.5
San Vendemiano,2010,12,25,9.67,2.88,5.9
San Vendemiano,2010,12,26,7.01,-2.02,0
San Vendemiano,2010,12,27,3.81,-4.01,0
San Vendemiano,2010,12,28,2.19,-4.97,0
San Vendemiano,2010,12,29,3.98,-3.67,0
San Vendemiano,2010,12,30,4.86,-1.3,0
San Vendemiano,2010,12,31,6.07,-0.88,0
San Vendemiano,2011,1,1,4.45,-1.64,0
San Vendemiano,2011,1,2,5.05,-2.7,0
San Vendemiano,2011,1,3,4.05,-3.58,0
San Vendemiano,2011,1,4,1.43,-6.18,0
San Vendemiano,2011,1,5,0.78,-4.55,0
San Vendemiano,2011,1,6,2.61,-2.65,0
San Vendemiano,2011,1,7,4.05,0.31,0
San Vendemiano,2011,1,8,5.7,2.74,0
San Vendemiano,2011,1,9,6.1,3.89,0
San Vendemiano,2011,1,10,7.17,4.59,10.4
San Vendemiano,2011,1,11,8.73,3.61,3.3
San Vendemiano,2011,1,12,9.62,1.9,0
San Vendemiano,2011,1,13,10.4,1.1,0
San Vendemiano,2011,1,14,8.46,2.76,0
San Vendemiano,2011,1,15,9.94,2.85,0
San Vendemiano,2011,1,16,8.47,2.01,0
San Vendemiano,2011,1,17,6.33,0.65,0
San Vendemiano,2011,1,18,6.45,-1.09,0
San Vendemiano,2011,1,19,5.13,-1.49,0
San Vendemiano,2011,1,20,5.23,0.04,0
San Vendemiano,2011,1,21,7.29,-0.83,0
San Vendemiano,2011,1,22,7.5,-1.33,0
San Vendemiano,2011,1,23,14.6,-2.51,0
San Vendemiano,2011,1,24,13.61,-4.9,0
San Vendemiano,2011,1,25,6.89,-4.99,0
San Vendemiano,2011,1,26,7.77,-2.96,0
San Vendemiano,2011,1,27,8.22,-0.55,0
San Vendemiano,2011,1,28,8.03,-0.23,0
San Vendemiano,2011,1,29,6.5,-0.8,0
San Vendemiano,2011,1,30,7.56,-0.17,0
San Vendemiano,2011,1,31,8.75,-0.33,0
San Vendemiano,2011,2,1,9.21,-0.84,0
San Vendemiano,2011,2,2,10.37,-2.47,0
San Vendemiano,2011,2,3,11.47,-1.47,0
San Vendemiano,2011,2,4,12.76,-2.35,0
San Vendemiano,2011,2,5,15.26,-0.06,0
San Vendemiano,2011,2,6,15.2,-2.18,0
San Vendemiano,2011,2,7,13.87,-2.31,0
San Vendemiano,2011,2,8,12.94,-3.35,0
San Vendemiano,2011,2,9,13.92,-2.85,0
San Vendemiano,2011,2,10,12.61,-1.03,0
San Vendemiano,2011,2,11,14.26,-0.7,0
San Vendemiano,2011,2,12,13.72,0.77,0
San Vendemiano,2011,2,13,9.1,4.01,0
San Vendemiano,2011,2,14,9.01,3.96,0
San Vendemiano,2011,2,15,9.04,5.27,0
San Vendemiano,2011,2,16,8.29,4.46,12.6
San Vendemiano,2011,2,17,11.83,4.25,7.5
San Vendemiano,2011,2,18,15.25,3.58,0
San Vendemiano,2011,2,19,13.02,2.07,0
San Vendemiano,2011,2,20,8.11,2.23,0
San Vendemiano,2011,2,21,8.38,0.95,0
San Vendemiano,2011,2,22,6.77,-2.93,0
San Vendemiano,2011,2,23,9.55,-3.57,0
San Vendemiano,2011,2,24,10.42,-4.45,0
San Vendemiano,2011,2,25,11.42,-5.2,0
San Vendemiano,2011,2,26,12.07,-2.83,0
San Vendemiano,2011,2,27,6.87,0.03,4.9
San Vendemiano,2011,2,28,13.16,2.54,5.7
San Vendemiano,2011,3,1,13.34,3.02,0
San Vendemiano,2011,3,2,8.15,1.22,0
San Vendemiano,2011,3,3,11.33,1.77,2.7
San Vendemiano,2011,3,4,13.83,1.77,0
San Vendemiano,2011,3,5,15.27,1.53,0
San Vendemiano,2011,3,6,17.48,-0.54,0
San Vendemiano,2011,3,7,9.44,-1.05,0
San Vendemiano,2011,3,8,11.11,-3.1,0
San Vendemiano,2011,3,9,12.13,-2.7,0
San Vendemiano,2011,3,10,13.57,-0.35,0
San Vendemiano,2011,3,11,14.46,1.53,0
San Vendemiano,2011,3,12,12.4,3.88,0
San Vendemiano,2011,3,13,15.31,5.89,12.5
San Vendemiano,2011,3,14,15.81,7.38,3.1
San Vendemiano,2011,3,15,13.29,8.79,7.3
San Vendemiano,2011,3,16,11.32,9.14,34.6
San Vendemiano,2011,3,17,16.55,7.92,6.8
San Vendemiano,2011,3,18,17.96,6.89,0
San Vendemiano,2011,3,19,16.4,4.48,0
San Vendemiano,2011,3,20,15.92,2.77,0
San Vendemiano,2011,3,21,14.91,2.21,0
San Vendemiano,2011,3,22,18.34,1.88,0
San Vendemiano,2011,3,23,21.22,3.03,0
San Vendemiano,2011,3,24,21.67,4.59,0
San Vendemiano,2011,3,25,20.6,5.17,0
San Vendemiano,2011,3,26,18.53,7.28,0
San Vendemiano,2011,3,27,16.42,8.66,0
San Vendemiano,2011,3,28,16.37,9.13,1.4
San Vendemiano,2011,3,29,19.6,6.09,0
San Vendemiano,2011,3,30,20.8,5.47,0
San Vendemiano,2011,3,31,23.68,6.95,0
San Vendemiano,2011,4,1,24.86,9.24,0
San Vendemiano,2011,4,2,24.24,7.63,0
San Vendemiano,2011,4,3,24.27,7.02,0
San Vendemiano,2011,4,4,24.94,9.29,2.3
San Vendemiano,2011,4,5,22.7,8.45,0
San Vendemiano,2011,4,6,26.42,6.74,0
San Vendemiano,2011,4,7,28.56,10.93,0
San Vendemiano,2011,4,8,29.49,13.72,0
San Vendemiano,2011,4,9,31.23,12.31,0
San Vendemiano,2011,4,10,25.29,9.93,0
San Vendemiano,2011,4,11,24.55,7.14,0
San Vendemiano,2011,4,12,26.49,7.73,4.7
San Vendemiano,2011,4,13,18.04,6.24,0
San Vendemiano,2011,4,14,17.13,5.54,0
San Vendemiano,2011,4,15,17.82,5.76,0
San Vendemiano,2011,4,16,19.05,5.62,0
San Vendemiano,2011,4,17,19.92,5.01,0
San Vendemiano,2011,4,18,21.05,4.56,0
San Vendemiano,2011,4,19,22.63,5.96,0
San Vendemiano,2011,4,20,23.52,6.15,0
San Vendemiano,2011,4,21,24.36,7.24,0
San Vendemiano,2011,4,22,22.64,8.14,0
San Vendemiano,2011,4,23,21.91,10.23,0
San Vendemiano,2011,4,24,24.11,9.24,0
San Vendemiano,2011,4,25,23.34,9.88,0
San Vendemiano,2011,4,26,21.91,10.61,0
San Vendemiano,2011,4,27,22.61,11.02,1.4
San Vendemiano,2011,4,28,19.3,10.36,0
San Vendemiano,2011,4,29,19.47,9.51,0
San Vendemiano,2011,4,30,21.17,9.57,0
San Vendemiano,2011,5,1,23.71,8.94,0
San Vendemiano,2011,5,2,23.26,10.91,0
San Vendemiano,2011,5,3,24.79,11.51,0
San Vendemiano,2011,5,4,20,9.66,0
San Vendemiano,2011,5,5,20.88,6.86,0
San Vendemiano,2011,5,6,21.82,6.33,0
San Vendemiano,2011,5,7,24.13,8.17,0
San Vendemiano,2011,5,8,26.69,10.48,0
San Vendemiano,2011,5,9,23.78,10.43,0
San Vendemiano,2011,5,10,27.11,9.2,0
San Vendemiano,2011,5,11,27.79,10.68,0
San Vendemiano,2011,5,12,28.6,13.05,0
San Vendemiano,2011,5,13,27.32,14.64,0
San Vendemiano,2011,5,14,25.57,12.38,0
San Vendemiano,2011,5,15,21.52,8.85,19.5
San Vendemiano,2011,5,16,24.73,8.32,0
San Vendemiano,2011,5,17,25.46,10.26,0
San Vendemiano,2011,5,18,26.5,12.35,0
San Vendemiano,2011,5,19,28.12,11.42,0
San Vendemiano,2011,5,20,29.05,13.21,0
San Vendemiano,2011,5,21,29.54,13.55,0
San Vendemiano,2011,5,22,30.66,13.21,0
San Vendemiano,2011,5,23,31.02,15.23,0
San Vendemiano,2011,5,24,31.53,17.07,0
San Vendemiano,2011,5,25,30.92,17.76,0
San Vendemiano,2011,5,26,28.86,13.52,0
San Vendemiano,2011,5,27,27.29,13.5,18.7
San Vendemiano,2011,5,28,25.11,11.73,7.8
San Vendemiano,2011,5,29,27.16,10.9,0
San Vendemiano,2011,5,30,27.26,12.67,0
San Vendemiano,2011,5,31,28.35,14.14,0
San Vendemiano,2011,6,1,28.86,16.37,1.8
San Vendemiano,2011,6,2,29.5,14.87,0
San Vendemiano,2011,6,3,27.42,17.01,0
San Vendemiano,2011,6,4,28.08,17.2,0
San Vendemiano,2011,6,5,26.31,15.19,5.4
San Vendemiano,2011,6,6,23.02,15.88,4
San Vendemiano,2011,6,7,21.79,15.76,23.2
San Vendemiano,2011,6,8,24.57,16.39,12.4
San Vendemiano,2011,6,9,25.55,16.56,2.2
San Vendemiano,2011,6,10,24.53,17.04,5.5
San Vendemiano,2011,6,11,25.26,15.85,10
San Vendemiano,2011,6,12,26.07,16.17,0
San Vendemiano,2011,6,13,26.02,15.65,0
San Vendemiano,2011,6,14,28.03,17.12,0
San Vendemiano,2011,6,15,28.92,16.19,0
San Vendemiano,2011,6,16,29.28,17.77,0
San Vendemiano,2011,6,17,27.71,17.91,0
San Vendemiano,2011,6,18,27.75,18.56,0
San Vendemiano,2011,6,19,26.96,15.61,0
San Vendemiano,2011,6,20,28.52,14.37,0
San Vendemiano,2011,6,21,28.61,15.12,0
San Vendemiano,2011,6,22,29.44,17.94,0
San Vendemiano,2011,6,23,29.69,18.49,4
San Vendemiano,2011,6,24,27,16.32,7.2
San Vendemiano,2011,6,25,27.52,15.05,0
San Vendemiano,2011,6,26,28.34,15.56,0
San Vendemiano,2011,6,27,29.69,16.28,0
San Vendemiano,2011,6,28,31.15,18.91,0
San Vendemiano,2011,6,29,31.43,18.94,0
San Vendemiano,2011,6,30,29.26,16.9,0.5
San Vendemiano,2011,7,1,27.14,15.36,0
San Vendemiano,2011,7,2,27.07,12.7,0
San Vendemiano,2011,7,3,28.41,11.11,0
San Vendemiano,2011,7,4,29.18,15.04,0
San Vendemiano,2011,7,5,28.32,18.44,7.8
San Vendemiano,2011,7,6,30.24,18.33,0
San Vendemiano,2011,7,7,30.77,18.53,0
San Vendemiano,2011,7,8,32.01,19.68,0
San Vendemiano,2011,7,9,33.28,19.14,0
San Vendemiano,2011,7,10,33.56,18.39,0
San Vendemiano,2011,7,11,33.21,18.89,0
San Vendemiano,2011,7,12,33.02,20.77,0
San Vendemiano,2011,7,13,32.69,22.25,0
San Vendemiano,2011,7,14,33.28,21.22,0
San Vendemiano,2011,7,15,30.15,18.89,0
San Vendemiano,2011,7,16,28.66,18.17,7.1
San Vendemiano,2011,7,17,30.23,17.47,0
San Vendemiano,2011,7,18,30.47,17.77,0
San Vendemiano,2011,7,19,28.74,15.88,9.5
San Vendemiano,2011,7,20,28.53,15.37,6
San Vendemiano,2011,7,21,29.73,15.07,0
San Vendemiano,2011,7,22,29.21,15.39,7.5
San Vendemiano,2011,7,23,25.37,15.28,15.6
San Vendemiano,2011,7,24,22.78,13.64,8.7
San Vendemiano,2011,7,25,25.52,14.18,0
San Vendemiano,2011,7,26,25.97,14.88,0
San Vendemiano,2011,7,27,26.95,14.49,0
San Vendemiano,2011,7,28,27.89,16.29,0
San Vendemiano,2011,7,29,29.14,16.01,0
San Vendemiano,2011,7,30,28.86,16.08,0
San Vendemiano,2011,7,31,28.65,16.93,0
San Vendemiano,2011,8,1,29.08,16.58,0
San Vendemiano,2011,8,2,29.84,17.1,0
San Vendemiano,2011,8,3,30.95,17.59,0
San Vendemiano,2011,8,4,30.29,18.55,0
San Vendemiano,2011,8,5,29.75,19.02,0
San Vendemiano,2011,8,6,28.31,19.62,8.5
San Vendemiano,2011,8,7,31,19.02,2.7
San Vendemiano,2011,8,8,32.18,18.48,5.3
San Vendemiano,2011,8,9,27.66,15.66,0
San Vendemiano,2011,8,10,27.53,13.5,0
San Vendemiano,2011,8,11,27.68,12.84,0
San Vendemiano,2011,8,12,29.09,15.35,0
San Vendemiano,2011,8,13,30.34,16.3,0
San Vendemiano,2011,8,14,31.65,18.15,0
San Vendemiano,2011,8,15,30.39,18.08,9.5
San Vendemiano,2011,8,16,31.18,18.31,0
San Vendemiano,2011,8,17,32.03,18.93,0
San Vendemiano,2011,8,18,32.78,17.95,0
San Vendemiano,2011,8,19,35.01,20.11,0
San Vendemiano,2011,8,20,34.99,20.06,0
San Vendemiano,2011,8,21,35.99,20.55,0
San Vendemiano,2011,8,22,35.96,20.08,0
San Vendemiano,2011,8,23,36.53,20.56,0
San Vendemiano,2011,8,24,36.02,21.03,0
San Vendemiano,2011,8,25,35.57,20.36,0
San Vendemiano,2011,8,26,35.03,18.14,0
San Vendemiano,2011,8,27,32.26,17.69,0
San Vendemiano,2011,8,28,29.21,14.57,0
San Vendemiano,2011,8,29,30.11,15.39,0
San Vendemiano,2011,8,30,29.28,18.07,0
San Vendemiano,2011,8,31,29.57,18.21,0
San Vendemiano,2011,9,1,29.2,17.34,0
San Vendemiano,2011,9,2,29.9,17.03,0
San Vendemiano,2011,9,3,31.05,18.09,0
San Vendemiano,2011,9,4,29.69,18.64,2.6
San Vendemiano,2011,9,5,27.66,17.95,6.1
San Vendemiano,2011,9,6,27.36,17.8,0
San Vendemiano,2011,9,7,28.04,14.82,0
San Vendemiano,2011,9,8,27.74,17.23,0
San Vendemiano,2011,9,9,28.95,16.9,0
San Vendemiano,2011,9,10,30.01,18.71,0
San Vendemiano,2011,9,11,29.69,17.62,0
San Vendemiano,2011,9,12,30.54,19.24,0
San Vendemiano,2011,9,13,31.16,18.36,0
San Vendemiano,2011,9,14,31.27,18.27,0
San Vendemiano,2011,9,15,30.02,18.47,0
San Vendemiano,2011,9,16,29.89,17.57,0
San Vendemiano,2011,9,17,29.09,16.66,0
San Vendemiano,2011,9,18,26.02,14.25,32
San Vendemiano,2011,9,19,24.84,12.27,21.4
San Vendemiano,2011,9,20,26.69,11.41,0
San Vendemiano,2011,9,21,28.09,12.57,0
San Vendemiano,2011,9,22,27.98,14.33,0
San Vendemiano,2011,9,23,26.58,14.75,0
San Vendemiano,2011,9,24,26.9,12.66,0
San Vendemiano,2011,9,25,27.94,13.52,0
San Vendemiano,2011,9,26,28.64,13.4,0
San Vendemiano,2011,9,27,28.33,13.02,0
San Vendemiano,2011,9,28,27.6,13.12,0
San Vendemiano,2011,9,29,26.48,12.92,0
San Vendemiano,2011,9,30,27.35,12.35,0
San Vendemiano,2011,10,1,28.29,11.62,0
San Vendemiano,2011,10,2,27.97,11.65,0
San Vendemiano,2011,10,3,27.19,10.17,0
San Vendemiano,2011,10,4,27.11,11.78,0
San Vendemiano,2011,10,5,27.59,13.12,0
San Vendemiano,2011,10,6,25.81,9.39,0
San Vendemiano,2011,10,7,20.81,7.37,15.2
San Vendemiano,2011,10,8,19.68,5.88,0
San Vendemiano,2011,10,9,19.11,5.59,0
San Vendemiano,2011,10,10,23.46,6.27,0
San Vendemiano,2011,10,11,24.39,9.28,0
San Vendemiano,2011,10,12,25.57,10.01,0
San Vendemiano,2011,10,13,24.09,9.6,0
San Vendemiano,2011,10,14,17.72,6.58,0
San Vendemiano,2011,10,15,15.19,3.48,0
San Vendemiano,2011,10,16,15.73,3.36,0
San Vendemiano,2011,10,17,16.25,2.22,0
San Vendemiano,2011,10,18,16.59,2.32,0
San Vendemiano,2011,10,19,15.31,7.02,7.7
San Vendemiano,2011,10,20,15.78,6.5,15.4
San Vendemiano,2011,10,21,14.06,4.82,0
San Vendemiano,2011,10,22,13.08,3.28,0
San Vendemiano,2011,10,23,13.31,3.23,0
San Vendemiano,2011,10,24,12.37,4.39,0
San Vendemiano,2011,10,25,13.29,8.23,11.4
San Vendemiano,2011,10,26,15.1,8.96,27.4
San Vendemiano,2011,10,27,18.14,7.27,0
San Vendemiano,2011,10,28,18.24,7,0
San Vendemiano,2011,10,29,17.18,6.98,0
San Vendemiano,2011,10,30,17.27,7.11,0
San Vendemiano,2011,10,31,16.9,6.49,0
San Vendemiano,2011,11,1,15.14,4.39,0
San Vendemiano,2011,11,2,12.43,5.64,0
San Vendemiano,2011,11,3,13.45,7.32,0
San Vendemiano,2011,11,4,14.25,8.69,0
San Vendemiano,2011,11,5,15.41,11.97,0
San Vendemiano,2011,11,6,14.37,10.67,16.2
San Vendemiano,2011,11,7,13.48,10.02,12
San Vendemiano,2011,11,8,15.64,8.63,6.2
San Vendemiano,2011,11,9,14.84,5.98,0
San Vendemiano,2011,11,10,14.72,5.1,0
San Vendemiano,2011,11,11,13.33,5.39,0
San Vendemiano,2011,11,12,12.39,2.2,0
San Vendemiano,2011,11,13,13.61,-0.4,0
San Vendemiano,2011,11,14,13.03,-0.7,0
San Vendemiano,2011,11,15,10.04,0.3,0
San Vendemiano,2011,11,16,9.09,-0.28,0
San Vendemiano,2011,11,17,8.18,-1.47,0
San Vendemiano,2011,11,18,7.99,-1.94,0
San Vendemiano,2011,11,19,7.41,-1.67,0
San Vendemiano,2011,11,20,6.58,-1.79,0
San Vendemiano,2011,11,21,6.98,-1.83,0
San Vendemiano,2011,11,22,10.95,-0.09,0
San Vendemiano,2011,11,23,12.49,1.4,0
San Vendemiano,2011,11,24,10.74,1.75,0
San Vendemiano,2011,11,25,10.34,0.73,0
San Vendemiano,2011,11,26,11.09,0.15,0
San Vendemiano,2011,11,27,10.42,0.16,0
San Vendemiano,2011,11,28,10.81,-0.89,0
San Vendemiano,2011,11,29,10.97,-0.23,0
San Vendemiano,2011,11,30,8.09,-1.25,0
San Vendemiano,2011,12,1,8.38,-0.97,0
San Vendemiano,2011,12,2,8.52,0.93,0
San Vendemiano,2011,12,3,9.01,4.62,3.6
San Vendemiano,2011,12,4,9.86,3.88,0
San Vendemiano,2011,12,5,11.26,3.72,0
San Vendemiano,2011,12,6,10.2,-0.22,0
San Vendemiano,2011,12,7,10.34,-2.02,0
San Vendemiano,2011,12,8,13.28,-0.02,0
San Vendemiano,2011,12,9,8.05,0.68,0
San Vendemiano,2011,12,10,8.77,3.51,0
San Vendemiano,2011,12,11,8.07,2.76,0
San Vendemiano,2011,12,12,7.99,4.46,6.4
San Vendemiano,2011,12,13,8.67,1.7,0
San Vendemiano,2011,12,14,8.54,1.95,0
San Vendemiano,2011,12,15,8.45,1.68,0
San Vendemiano,2011,12,16,9.94,0.81,6.8
San Vendemiano,2011,12,17,10.37,0.04,0
San Vendemiano,2011,12,18,6.45,-2.4,0
San Vendemiano,2011,12,19,6.15,-2.96,0
San Vendemiano,2011,12,20,5.63,-4.22,0
San Vendemiano,2011,12,21,5.4,-4.39,0
San Vendemiano,2011,12,22,7.88,-3.4,0
San Vendemiano,2011,12,23,6.59,-2.53,0
San Vendemiano,2011,12,24,4.85,-2.19,0
San Vendemiano,2011,12,25,10.7,0.08,0
San Vendemiano,2011,12,26,8.41,-1.32,0
San Vendemiano,2011,12,27,9.98,1.2,0
San Vendemiano,2011,12,28,8.92,-2.14,0
San Vendemiano,2011,12,29,5.14,-2.33,0
San Vendemiano,2011,12,30,6.68,-1.77,0
San Vendemiano,2011,12,31,8.85,-3.22,0
San Vendemiano,2012,1,1,8.82,-3.43,0
San Vendemiano,2012,1,2,7.59,-1.79,8.4
San Vendemiano,2012,1,3,8.33,1.47,2.3
San Vendemiano,2012,1,4,5.65,-0.87,0
San Vendemiano,2012,1,5,8.65,-0.98,0
San Vendemiano,2012,1,6,10.67,0.36,0
San Vendemiano,2012,1,7,10.61,-0.72,0
San Vendemiano,2012,1,8,10.5,-1.39,0
San Vendemiano,2012,1,9,12.37,-1.2,0
San Vendemiano,2012,1,10,11.56,-1.23,0
San Vendemiano,2012,1,11,10.04,-2.69,0
San Vendemiano,2012,1,12,9.92,-4.11,0
San Vendemiano,2012,1,13,9.14,-2.88,0
San Vendemiano,2012,1,14,6,-4.88,0
San Vendemiano,2012,1,15,2.83,-5.26,0
San Vendemiano,2012,1,16,2.76,-5.07,0
San Vendemiano,2012,1,17,3.08,-6.06,0
San Vendemiano,2012,1,18,2.17,-4.88,0
San Vendemiano,2012,1,19,4.8,-4.23,0
San Vendemiano,2012,1,20,6.04,-3.04,0
San Vendemiano,2012,1,21,7.61,-2.14,0
San Vendemiano,2012,1,22,9.22,-1.93,0
San Vendemiano,2012,1,23,9.55,-2.98,0
San Vendemiano,2012,1,24,9.25,-3.13,0
San Vendemiano,2012,1,25,9.59,-4.95,0
San Vendemiano,2012,1,26,7.69,-6.07,0
San Vendemiano,2012,1,27,7.36,-3.98,0
San Vendemiano,2012,1,28,5.61,-3.67,0
San Vendemiano,2012,1,29,4.26,-2.11,0
San Vendemiano,2012,1,30,4.12,-4.09,0
San Vendemiano,2012,1,31,-0.93,-3.08,0
San Vendemiano,2012,2,1,0.73,-3.29,0
San Vendemiano,2012,2,2,0.13,-4.61,0
San Vendemiano,2012,2,3,-0.99,-5.97,0
San Vendemiano,2012,2,4,-1.57,-5.95,0
San Vendemiano,2012,2,5,0.57,-8.25,0
San Vendemiano,2012,2,6,1.68,-10.52,0
San Vendemiano,2012,2,7,4.53,-3.83,0
San Vendemiano,2012,2,8,5.87,-4.56,0
San Vendemiano,2012,2,9,5.06,-9.2,0
San Vendemiano,2012,2,10,-0.44,-4.08,0
San Vendemiano,2012,2,11,-0.05,-5.96,0
San Vendemiano,2012,2,12,2.13,-6.76,0
San Vendemiano,2012,2,13,4.04,-4.94,0
San Vendemiano,2012,2,14,6.34,-8.66,0
San Vendemiano,2012,2,15,9.8,-5.87,0
San Vendemiano,2012,2,16,10.64,-3.47,0
San Vendemiano,2012,2,17,10.6,-3.22,0
San Vendemiano,2012,2,18,11.15,-1.06,0
San Vendemiano,2012,2,19,8.1,-0.77,3.2
San Vendemiano,2012,2,20,7.49,0.73,6.3
San Vendemiano,2012,2,21,11.96,-0.13,0
San Vendemiano,2012,2,22,13.73,-2.36,0
San Vendemiano,2012,2,23,15.85,-0.9,0
San Vendemiano,2012,2,24,17.53,3.49,0
San Vendemiano,2012,2,25,19.03,3.5,0
San Vendemiano,2012,2,26,14.76,1.57,0
San Vendemiano,2012,2,27,13.05,0.58,0
San Vendemiano,2012,2,28,17.92,-0.66,0
San Vendemiano,2012,2,29,20.27,4.28,0
San Vendemiano,2012,3,1,20.68,3.6,0
San Vendemiano,2012,3,2,21.38,3.73,0
San Vendemiano,2012,3,3,19.52,3.46,0
San Vendemiano,2012,3,4,15.51,4.56,0
San Vendemiano,2012,3,5,14.06,3.48,0
San Vendemiano,2012,3,6,14.88,3.02,0
San Vendemiano,2012,3,7,15.08,-0.22,0
San Vendemiano,2012,3,8,16.33,-0.05,0
San Vendemiano,2012,3,9,17.08,1.43,0
San Vendemiano,2012,3,10,17.67,-0.48,0
San Vendemiano,2012,3,11,20.8,0.19,0
San Vendemiano,2012,3,12,19.79,2.22,0
San Vendemiano,2012,3,13,19.05,1.46,0
San Vendemiano,2012,3,14,20.63,1.92,0
San Vendemiano,2012,3,15,20.41,1.8,0
San Vendemiano,2012,3,16,19.74,1.38,0
San Vendemiano,2012,3,17,17.59,2.57,0
San Vendemiano,2012,3,18,15.48,6.04,0
San Vendemiano,2012,3,19,20.04,5.36,2.3
San Vendemiano,2012,3,20,20.35,4.22,0
San Vendemiano,2012,3,21,21.85,4.8,0
San Vendemiano,2012,3,22,22.69,3.47,0
San Vendemiano,2012,3,23,21.86,3.86,0
San Vendemiano,2012,3,24,20.98,4.65,0
San Vendemiano,2012,3,25,23.12,5.64,0
San Vendemiano,2012,3,26,23.65,6.11,0
San Vendemiano,2012,3,27,23.61,3.92,0
San Vendemiano,2012,3,28,25.99,5.15,0
San Vendemiano,2012,3,29,27.44,7.65,0
San Vendemiano,2012,3,30,26.51,9.42,0
San Vendemiano,2012,3,31,24.93,5.29,0
San Vendemiano,2012,4,1,16.41,5.97,0
San Vendemiano,2012,4,2,18.19,4.17,0
San Vendemiano,2012,4,3,18.11,5.96,0
San Vendemiano,2012,4,4,19.49,11.49,10.7
San Vendemiano,2012,4,5,20.48,10.37,22.8
San Vendemiano,2012,4,6,21.95,9.11,4.7
San Vendemiano,2012,4,7,19.8,7.39,4.2
San Vendemiano,2012,4,8,14.59,4.08,0
San Vendemiano,2012,4,9,14.29,1.63,0
San Vendemiano,2012,4,10,14.03,3.4,2.4
San Vendemiano,2012,4,11,16.92,5.31,11.5
San Vendemiano,2012,4,12,18.45,4.3,0
San Vendemiano,2012,4,13,16.2,7.7,5.3
San Vendemiano,2012,4,14,17.2,8.4,0
San Vendemiano,2012,4,15,15.79,8.48,9.5
San Vendemiano,2012,4,16,19.22,8.22,0
San Vendemiano,2012,4,17,18.71,6.35,0
San Vendemiano,2012,4,18,16.99,5.85,1.4
San Vendemiano,2012,4,19,17.49,7.9,2.5
San Vendemiano,2012,4,20,19.17,7.83,3.8
San Vendemiano,2012,4,21,20.63,6.91,0
San Vendemiano,2012,4,22,17.16,7.62,5.1
San Vendemiano,2012,4,23,16.89,5.79,3.2
San Vendemiano,2012,4,24,19.16,7.66,7.5
San Vendemiano,2012,4,25,20.73,5.97,0
San Vendemiano,2012,4,26,24.18,7.31,0
San Vendemiano,2012,4,27,26.12,8.56,0
San Vendemiano,2012,4,28,29.32,10.69,0
San Vendemiano,2012,4,29,24.32,13.55,0
San Vendemiano,2012,4,30,25.44,13.72,0
San Vendemiano,2012,5,1,25.6,12.89,3.8
San Vendemiano,2012,5,2,24,11.87,0
San Vendemiano,2012,5,3,25.8,10.36,0
San Vendemiano,2012,5,4,23.98,11.55,0
San Vendemiano,2012,5,5,22.02,10.39,2.6
San Vendemiano,2012,5,6,22.97,12.47,4.1
San Vendemiano,2012,5,7,23.41,10.71,2
San Vendemiano,2012,5,8,25.88,12.08,0
San Vendemiano,2012,5,9,28.07,12.51,0
San Vendemiano,2012,5,10,30.77,12.85,0
San Vendemiano,2012,5,11,30.63,13.74,0
San Vendemiano,2012,5,12,32.61,13.42,0
San Vendemiano,2012,5,13,22.83,8.42,0
San Vendemiano,2012,5,14,21.72,7.72,0
San Vendemiano,2012,5,15,22.85,7.02,0
San Vendemiano,2012,5,16,20,7.6,5.6
San Vendemiano,2012,5,17,21.6,5.93,0
San Vendemiano,2012,5,18,23.15,6.43,0
San Vendemiano,2012,5,19,24.24,8.23,0
San Vendemiano,2012,5,20,21.23,9.89,14.3
San Vendemiano,2012,5,21,21.18,10.46,18.8
San Vendemiano,2012,5,22,26.07,10.32,5.2
San Vendemiano,2012,5,23,28.39,15.28,0
San Vendemiano,2012,5,24,31.49,15.12,0
San Vendemiano,2012,5,25,26.37,14.46,0
San Vendemiano,2012,5,26,24.38,12.89,0
San Vendemiano,2012,5,27,25.28,11.85,0
San Vendemiano,2012,5,28,28,12.99,2.2
San Vendemiano,2012,5,29,29.16,13.77,0
San Vendemiano,2012,5,30,29.51,15.1,0
San Vendemiano,2012,5,31,27.62,15.92,1.6
San Vendemiano,2012,6,1,28.44,17.21,0
San Vendemiano,2012,6,2,26.68,17.61,0
San Vendemiano,2012,6,3,27.03,15.57,0
San Vendemiano,2012,6,4,25.39,13.62,16
San Vendemiano,2012,6,5,26.52,12.55,0
San Vendemiano,2012,6,6,26.1,14.15,0
San Vendemiano,2012,6,7,25.65,15.17,0
San Vendemiano,2012,6,8,26.31,17.46,0
San Vendemiano,2012,6,9,25.98,16.8,2.9
San Vendemiano,2012,6,10,25.4,15.48,5.9
San Vendemiano,2012,6,11,25.79,14.09,17.4
San Vendemiano,2012,6,12,26.01,13.68,13.4
San Vendemiano,2012,6,13,26.43,12.31,5.3
San Vendemiano,2012,6,14,27.89,11.92,0
San Vendemiano,2012,6,15,29.37,13.65,0
San Vendemiano,2012,6,16,31.53,14.91,0
San Vendemiano,2012,6,17,32.91,16.86,0
San Vendemiano,2012,6,18,34.41,18.03,0
San Vendemiano,2012,6,19,34.64,19.62,0
San Vendemiano,2012,6,20,34.74,20.11,0
San Vendemiano,2012,6,21,34.22,20.05,0
San Vendemiano,2012,6,22,33.96,19.96,0
San Vendemiano,2012,6,23,30.73,20.38,0
San Vendemiano,2012,6,24,32.13,18.78,0
San Vendemiano,2012,6,25,32.41,18.77,0
San Vendemiano,2012,6,26,29.95,18.12,0
San Vendemiano,2012,6,27,30.59,16.81,0
San Vendemiano,2012,6,28,32.43,17.69,0
San Vendemiano,2012,6,29,33.91,19.49,0
San Vendemiano,2012,6,30,35.73,20.94,0
San Vendemiano,2012,7,1,35.86,19.97,0
San Vendemiano,2012,7,2,36.62,20.15,0
San Vendemiano,2012,7,3,32.67,20.12,0
San Vendemiano,2012,7,4,32.88,18.66,0
San Vendemiano,2012,7,5,32.13,19.71,0
San Vendemiano,2012,7,6,30.98,18.8,10.2
San Vendemiano,2012,7,7,31.64,17.75,0
San Vendemiano,2012,7,8,32.66,17.61,0
San Vendemiano,2012,7,9,33.69,19.01,0
San Vendemiano,2012,7,10,32.8,18.64,8.4
San Vendemiano,2012,7,11,32.41,18.86,6.8
San Vendemiano,2012,7,12,30.8,18.36,0
San Vendemiano,2012,7,13,30.29,18.8,0
San Vendemiano,2012,7,14,31.87,17.49,0
San Vendemiano,2012,7,15,29.36,17.46,6.4
San Vendemiano,2012,7,16,29.54,16.31,0
San Vendemiano,2012,7,17,30.06,14.65,0
San Vendemiano,2012,7,18,31.42,16.23,0
San Vendemiano,2012,7,19,33.04,16.64,0
San Vendemiano,2012,7,20,32.77,17.74,0
San Vendemiano,2012,7,21,28.44,16.34,13.4
San Vendemiano,2012,7,22,27.59,15.6,0
San Vendemiano,2012,7,23,29.68,15.25,0
San Vendemiano,2012,7,24,30.77,16.71,0
San Vendemiano,2012,7,25,31.05,17.03,0
San Vendemiano,2012,7,26,32.84,17.78,0
San Vendemiano,2012,7,27,33.32,18.68,0
San Vendemiano,2012,7,28,34.81,20.07,0
San Vendemiano,2012,7,29,33.68,19.35,0
San Vendemiano,2012,7,30,31.6,18.76,0
San Vendemiano,2012,7,31,32.5,19.49,0
San Vendemiano,2012,8,1,32.78,17.5,0
San Vendemiano,2012,8,2,34.17,18.28,0
San Vendemiano,2012,8,3,33.36,19.69,0
San Vendemiano,2012,8,4,33.49,19.61,0
San Vendemiano,2012,8,5,34,19.17,0
San Vendemiano,2012,8,6,34.13,20.16,0
San Vendemiano,2012,8,7,33.54,19.49,0
San Vendemiano,2012,8,8,33.14,18.89,0
San Vendemiano,2012,8,9,32.59,17.82,0
San Vendemiano,2012,8,10,30.18,17.39,0
San Vendemiano,2012,8,11,29.97,16.36,0
San Vendemiano,2012,8,12,28.49,16.72,0
San Vendemiano,2012,8,13,29.9,17.14,0
San Vendemiano,2012,8,14,31.56,17.65,0
San Vendemiano,2012,8,15,32,17.9,0
San Vendemiano,2012,8,16,34.46,19.08,0
San Vendemiano,2012,8,17,33.39,19.41,0
San Vendemiano,2012,8,18,33.93,18.38,0
San Vendemiano,2012,8,19,34.71,18.41,0
San Vendemiano,2012,8,20,36.44,17.57,0
San Vendemiano,2012,8,21,36.19,19.74,0
San Vendemiano,2012,8,22,36.39,19.07,0
San Vendemiano,2012,8,23,34.99,20.69,0
San Vendemiano,2012,8,24,35.79,20.44,0
San Vendemiano,2012,8,25,35.43,18.48,0
San Vendemiano,2012,8,26,30.54,15.27,7.2
San Vendemiano,2012,8,27,29.86,12.93,0
San Vendemiano,2012,8,28,31.07,12.97,0
San Vendemiano,2012,8,29,31.9,15.75,0
San Vendemiano,2012,8,30,31.43,15.51,0
San Vendemiano,2012,8,31,24.94,15.89,14.6
San Vendemiano,2012,9,1,26.7,15.03,9.7
San Vendemiano,2012,9,2,26.96,14.87,0
San Vendemiano,2012,9,3,26.32,17.36,11.4
San Vendemiano,2012,9,4,29.04,16.32,8.9
San Vendemiano,2012,9,5,28.39,17.05,3.7
San Vendemiano,2012,9,6,30.01,16.68,0
San Vendemiano,2012,9,7,28.71,16.77,0
San Vendemiano,2012,9,8,30.77,14.56,0
San Vendemiano,2012,9,9,30.99,13.31,0
San Vendemiano,2012,9,10,31.45,15.71,0
San Vendemiano,2012,9,11,29.58,13.61,0
San Vendemiano,2012,9,12,25.99,13.66,21.2
San Vendemiano,2012,9,13,23.9,11.26,9.4
San Vendemiano,2012,9,14,26.24,12.29,0
San Vendemiano,2012,9,15,25.83,12.16,0
San Vendemiano,2012,9,16,25.89,11.79,0
San Vendemiano,2012,9,17,26.16,11.55,0
San Vendemiano,2012,9,18,27.54,11.22,0
San Vendemiano,2012,9,19,23.88,12.21,9.4
San Vendemiano,2012,9,20,22.38,8.9,0
San Vendemiano,2012,9,21,22.1,8.19,0
San Vendemiano,2012,9,22,23.37,9.21,0
San Vendemiano,2012,9,23,22.91,13.8,0
San Vendemiano,2012,9,24,25.28,13.23,9
San Vendemiano,2012,9,25,25.34,13.05,5.9
San Vendemiano,2012,9,26,26.42,15.5,8.9
San Vendemiano,2012,9,27,27.26,14.59,0
San Vendemiano,2012,9,28,23.84,12.33,0
San Vendemiano,2012,9,29,21.64,15.23,4
San Vendemiano,2012,9,30,22.95,15.98,13.3
San Vendemiano,2012,10,1,23.56,15.65,13.3
San Vendemiano,2012,10,2,24.03,14.52,4.5
San Vendemiano,2012,10,3,24.68,12.66,0
San Vendemiano,2012,10,4,24.65,12.08,0
San Vendemiano,2012,10,5,24.42,12.86,0
San Vendemiano,2012,10,6,24.04,12.43,0
San Vendemiano,2012,10,7,25.23,13.56,0
San Vendemiano,2012,10,8,20.69,11.77,0
San Vendemiano,2012,10,9,21.57,12.64,2.8
San Vendemiano,2012,10,10,20.54,12.41,0
San Vendemiano,2012,10,11,20.02,11.64,2.1
San Vendemiano,2012,10,12,21.24,12.12,2.7
San Vendemiano,2012,10,13,19.28,10.93,5.4
San Vendemiano,2012,10,14,17.89,9.89,5.7
San Vendemiano,2012,10,15,19.26,10.73,38.4
San Vendemiano,2012,10,16,18.41,8.89,17.5
San Vendemiano,2012,10,17,20.77,6.87,0
San Vendemiano,2012,10,18,21.48,8.86,0
San Vendemiano,2012,10,19,21.03,7.96,0
San Vendemiano,2012,10,20,21.67,7.88,0
San Vendemiano,2012,10,21,20.83,8.49,0
San Vendemiano,2012,10,22,22.56,9.54,0
San Vendemiano,2012,10,23,22.95,7.68,0
San Vendemiano,2012,10,24,21.71,6.37,0
San Vendemiano,2012,10,25,19.78,5.74,0
San Vendemiano,2012,10,26,16.1,7.37,24
San Vendemiano,2012,10,27,16.77,9.81,17.2
San Vendemiano,2012,10,28,14.82,3.62,12
San Vendemiano,2012,10,29,11.65,0.89,9.8
San Vendemiano,2012,10,30,11,-0.92,0
San Vendemiano,2012,10,31,12.04,3.35,33.7
San Vendemiano,2012,11,1,13.75,6.29,13.6
San Vendemiano,2012,11,2,16.53,5.47,0
San Vendemiano,2012,11,3,14.46,5.14,0
San Vendemiano,2012,11,4,16.1,6.92,11.9
San Vendemiano,2012,11,5,19.83,6.67,10.3
San Vendemiano,2012,11,6,16.41,4.86,0
San Vendemiano,2012,11,7,15.87,3.18,0
San Vendemiano,2012,11,8,15.22,1.93,0
San Vendemiano,2012,11,9,15.42,2.49,0
San Vendemiano,2012,11,10,13.69,6.73,7.4
San Vendemiano,2012,11,11,16.75,9.13,28.1
San Vendemiano,2012,11,12,15.38,10.02,15.8
San Vendemiano,2012,11,13,14.69,9.62,0
San Vendemiano,2012,11,14,14.48,4.4,0
San Vendemiano,2012,11,15,11.03,2.18,0
San Vendemiano,2012,11,16,11.23,1.06,0
San Vendemiano,2012,11,17,11.67,2.92,0
San Vendemiano,2012,11,18,10.55,3.58,0
San Vendemiano,2012,11,19,12.44,6.37,0
San Vendemiano,2012,11,20,12.4,4.79,0
San Vendemiano,2012,11,21,13.14,3.19,0
San Vendemiano,2012,11,22,13.1,4.09,0
San Vendemiano,2012,11,23,13.76,5.89,0
San Vendemiano,2012,11,24,13.53,4.9,0
San Vendemiano,2012,11,25,12.07,6.03,0
San Vendemiano,2012,11,26,13.23,7.93,0
San Vendemiano,2012,11,27,13.94,7.56,23.7
San Vendemiano,2012,11,28,14.36,8.05,48.1
San Vendemiano,2012,11,29,13.79,6.34,14.1
San Vendemiano,2012,11,30,10.22,5.14,2.8
San Vendemiano,2012,12,1,8.68,3.51,2.2
San Vendemiano,2012,12,2,7.11,2.38,3.3
San Vendemiano,2012,12,3,8.89,0.12,0
San Vendemiano,2012,12,4,6.39,-0.61,0
San Vendemiano,2012,12,5,8.37,-1.68,0
San Vendemiano,2012,12,6,7.92,-1.95,0
San Vendemiano,2012,12,7,3.88,-2.1,0
San Vendemiano,2012,12,8,2.55,-2.26,1.3
San Vendemiano,2012,12,9,5.89,-5.28,0
San Vendemiano,2012,12,10,5.9,-4.55,0
San Vendemiano,2012,12,11,7.35,-4.11,0
San Vendemiano,2012,12,12,4.49,-5.14,0
San Vendemiano,2012,12,13,2.8,-5.9,0
San Vendemiano,2012,12,14,3.69,-0.48,7.9
San Vendemiano,2012,12,15,4.75,1.04,9.9
San Vendemiano,2012,12,16,6.36,-0.89,0
San Vendemiano,2012,12,17,5.56,0.53,0
San Vendemiano,2012,12,18,5.73,-0.75,0
San Vendemiano,2012,12,19,6.21,-2.16,0
San Vendemiano,2012,12,20,4.17,-2.81,0
San Vendemiano,2012,12,21,4.48,-0.1,0
San Vendemiano,2012,12,22,5.1,-1.17,0
San Vendemiano,2012,12,23,4.25,-0.79,0
San Vendemiano,2012,12,24,4.56,-0.4,0
San Vendemiano,2012,12,25,5.77,2.53,0
San Vendemiano,2012,12,26,7.49,4.4,8
San Vendemiano,2012,12,27,9.24,3.04,2.3
San Vendemiano,2012,12,28,12.65,1.8,0
San Vendemiano,2012,12,29,9.2,0.04,0
San Vendemiano,2012,12,30,8.32,-0.88,0
San Vendemiano,2012,12,31,7.72,-1.87,0
San Vendemiano,2013,1,1,7.53,-3.51,0
San Vendemiano,2013,1,2,7.5,1.76,5.2
San Vendemiano,2013,1,3,12.66,1.71,0
San Vendemiano,2013,1,4,12.91,1.18,0
San Vendemiano,2013,1,5,14.64,2.63,0
San Vendemiano,2013,1,6,12.83,0.12,0
San Vendemiano,2013,1,7,8.72,0.16,0
San Vendemiano,2013,1,8,4.09,1.13,0
San Vendemiano,2013,1,9,5.4,2.23,0
San Vendemiano,2013,1,10,7.82,0.72,0
San Vendemiano,2013,1,11,6.83,-0.95,0
San Vendemiano,2013,1,12,5.19,0.19,0
San Vendemiano,2013,1,13,4.25,2.24,9.6
San Vendemiano,2013,1,14,4.33,1.03,6.6
San Vendemiano,2013,1,15,4.93,-0.04,5.2
San Vendemiano,2013,1,16,4.02,-1.75,8.9
San Vendemiano,2013,1,17,6.63,-0.33,0
San Vendemiano,2013,1,18,5.76,-1.67,0
San Vendemiano,2013,1,19,4.2,-3.94,3.1
San Vendemiano,2013,1,20,5.9,0.8,12.6
San Vendemiano,2013,1,21,7.5,2.51,9.9
San Vendemiano,2013,1,22,6.99,0.31,4.4
San Vendemiano,2013,1,23,7.13,-0.8,0
San Vendemiano,2013,1,24,7.69,1.57,0
San Vendemiano,2013,1,25,6.16,-1.63,0
San Vendemiano,2013,1,26,4.31,-4.65,0
San Vendemiano,2013,1,27,3.76,-5.07,0
San Vendemiano,2013,1,28,4.69,-1.87,0
San Vendemiano,2013,1,29,7.1,-2.29,0
San Vendemiano,2013,1,30,7.87,-0.99,0
San Vendemiano,2013,1,31,8.97,1.19,0
San Vendemiano,2013,2,1,7.19,0.24,0
San Vendemiano,2013,2,2,7.84,1.53,12.2
San Vendemiano,2013,2,3,12.07,0.76,5.6
San Vendemiano,2013,2,4,11.68,-0.57,0
San Vendemiano,2013,2,5,9.24,-0.86,0
San Vendemiano,2013,2,6,10.68,-0.56,0
San Vendemiano,2013,2,7,10.44,-2.71,0
San Vendemiano,2013,2,8,8.81,-3.29,0
San Vendemiano,2013,2,9,6.29,-3.46,0
San Vendemiano,2013,2,10,4.62,-4.94,0
San Vendemiano,2013,2,11,4.13,-4.16,13.7
San Vendemiano,2013,2,12,5.42,-2.06,4.7
San Vendemiano,2013,2,13,7.08,-3.17,0
San Vendemiano,2013,2,14,10.1,0.69,0
San Vendemiano,2013,2,15,9.32,-1.9,0
San Vendemiano,2013,2,16,10.03,-1.52,0
San Vendemiano,2013,2,17,9.37,0.14,0
San Vendemiano,2013,2,18,8.84,-1.15,0
San Vendemiano,2013,2,19,9.41,-3.3,0
San Vendemiano,2013,2,20,8.13,-1.86,0
San Vendemiano,2013,2,21,4.82,-1.82,5.2
San Vendemiano,2013,2,22,3.68,-1.77,2.2
San Vendemiano,2013,2,23,4.64,-1.4,6.6
San Vendemiano,2013,2,24,7.09,0.32,7.6
San Vendemiano,2013,2,25,10.97,-0.62,0
San Vendemiano,2013,2,26,12.11,-2.02,0
San Vendemiano,2013,2,27,9.81,3.16,0
San Vendemiano,2013,2,28,12.49,1.66,0
San Vendemiano,2013,3,1,13.01,0.85,0
San Vendemiano,2013,3,2,14.07,1.58,0
San Vendemiano,2013,3,3,14.13,-0.37,0
San Vendemiano,2013,3,4,15.99,-1.42,0
San Vendemiano,2013,3,5,12.6,-0.07,0
San Vendemiano,2013,3,6,11,5.91,10.2
San Vendemiano,2013,3,7,11.81,7.61,5.8
San Vendemiano,2013,3,8,11.58,7.29,2.4
San Vendemiano,2013,3,9,13,7.42,7.9
San Vendemiano,2013,3,10,14.03,5.82,4.1
San Vendemiano,2013,3,11,14.11,4.97,2.4
San Vendemiano,2013,3,12,12.72,5.7,4
San Vendemiano,2013,3,13,12.9,2.98,2.7
San Vendemiano,2013,3,14,11.63,2.48,0
San Vendemiano,2013,3,15,9.73,-0.56,0
San Vendemiano,2013,3,16,8.58,-2.81,0
San Vendemiano,2013,3,17,7.56,1.37,0
San Vendemiano,2013,3,18,11.16,1.96,12
San Vendemiano,2013,3,19,15.38,1.71,10.4
San Vendemiano,2013,3,20,14.84,1.99,0
San Vendemiano,2013,3,21,15.82,3.01,2.1
San Vendemiano,2013,3,22,15.24,1.22,0
San Vendemiano,2013,3,23,12.91,3.86,0
San Vendemiano,2013,3,24,8.13,4.37,6.4
San Vendemiano,2013,3,25,6.31,1.96,12.1
San Vendemiano,2013,3,26,8.28,0.9,4.5
San Vendemiano,2013,3,27,9.37,1.98,0
San Vendemiano,2013,3,28,9.19,3.26,0
San Vendemiano,2013,3,29,8.98,4.63,4
San Vendemiano,2013,3,30,12.78,5.47,18.6
San Vendemiano,2013,3,31,15.03,4.85,9.4
San Vendemiano,2013,4,1,13.28,5.75,0
San Vendemiano,2013,4,2,13.54,5.64,0
San Vendemiano,2013,4,3,13.85,5.15,0
San Vendemiano,2013,4,4,11.93,4.72,3.6
San Vendemiano,2013,4,5,12.12,6.18,11.8
San Vendemiano,2013,4,6,14.68,5.25,3
San Vendemiano,2013,4,7,14.15,5.09,0
San Vendemiano,2013,4,8,12.89,4.28,1.5
San Vendemiano,2013,4,9,14.95,5.1,1.7
San Vendemiano,2013,4,10,16.64,6.4,0
San Vendemiano,2013,4,11,18.26,6.11,0
San Vendemiano,2013,4,12,20.39,10.08,6.2
San Vendemiano,2013,4,13,21.41,8.63,0
San Vendemiano,2013,4,14,22.43,7.86,0
San Vendemiano,2013,4,15,21.92,8.65,0
San Vendemiano,2013,4,16,22.77,10.43,0
San Vendemiano,2013,4,17,24.91,10.26,0
San Vendemiano,2013,4,18,25.38,10.96,0
San Vendemiano,2013,4,19,25.86,11.63,0
San Vendemiano,2013,4,20,20.41,12.57,10.4
San Vendemiano,2013,4,21,19.39,11.27,13
San Vendemiano,2013,4,22,16.09,9.39,12
San Vendemiano,2013,4,23,20.95,8.73,0
San Vendemiano,2013,4,24,24.27,6.51,0
San Vendemiano,2013,4,25,24.44,10.61,0
San Vendemiano,2013,4,26,21.83,11.32,0
San Vendemiano,2013,4,27,19.4,12.19,11.3
San Vendemiano,2013,4,28,22.98,13.11,0
San Vendemiano,2013,4,29,21.11,12.82,3.5
San Vendemiano,2013,4,30,23.37,12.87,2
San Vendemiano,2013,5,1,25.25,13.26,3.2
San Vendemiano,2013,5,2,22.03,12.8,6.1
San Vendemiano,2013,5,3,24.42,12.65,7.5
San Vendemiano,2013,5,4,25.71,11.98,0
San Vendemiano,2013,5,5,24.66,13.34,11.7
San Vendemiano,2013,5,6,21.63,14.21,7.5
San Vendemiano,2013,5,7,24.61,13.91,6.8
San Vendemiano,2013,5,8,25.04,13.69,4.7
San Vendemiano,2013,5,9,26.71,11.53,0
San Vendemiano,2013,5,10,22.14,12.59,17.5
San Vendemiano,2013,5,11,21.43,11.95,11.7
San Vendemiano,2013,5,12,23.1,10.72,4.9
San Vendemiano,2013,5,13,23.16,9.17,0
San Vendemiano,2013,5,14,23.02,9.21,0
San Vendemiano,2013,5,15,24.11,10.85,0
San Vendemiano,2013,5,16,18.28,12.4,24.7
San Vendemiano,2013,5,17,20.18,12.05,28.1
San Vendemiano,2013,5,18,20.13,9.92,0
San Vendemiano,2013,5,19,20.06,11.11,7.3
San Vendemiano,2013,5,20,19.81,9.5,9
San Vendemiano,2013,5,21,21.76,9.16,3.1
San Vendemiano,2013,5,22,23.36,9.25,0
San Vendemiano,2013,5,23,22.87,10.46,19.2
San Vendemiano,2013,5,24,15.42,7.25,17.4
San Vendemiano,2013,5,25,17.42,7.14,7.8
San Vendemiano,2013,5,26,21.92,7.61,2.7
San Vendemiano,2013,5,27,22.78,8.98,0
San Vendemiano,2013,5,28,19.97,11.18,0
San Vendemiano,2013,5,29,21.38,11.58,5.9
San Vendemiano,2013,5,30,18.58,11,3.6
San Vendemiano,2013,5,31,21.48,10.69,5.6
San Vendemiano,2013,6,1,23.47,10.95,0
San Vendemiano,2013,6,2,24.17,12.41,0
San Vendemiano,2013,6,3,25.81,13.14,0
San Vendemiano,2013,6,4,25.08,13.36,0
San Vendemiano,2013,6,5,25.39,13.9,5.8
San Vendemiano,2013,6,6,26.28,13.64,0
San Vendemiano,2013,6,7,26.96,13.42,0
San Vendemiano,2013,6,8,27.57,14.46,0
San Vendemiano,2013,6,9,25.41,13.88,4.8
San Vendemiano,2013,6,10,24.8,13.24,4.8
San Vendemiano,2013,6,11,27.66,13.33,0
San Vendemiano,2013,6,12,29.27,14.13,0
San Vendemiano,2013,6,13,29.57,14.54,0
San Vendemiano,2013,6,14,30.31,15.39,0
San Vendemiano,2013,6,15,30.98,17.98,0
San Vendemiano,2013,6,16,31.26,18.94,0
San Vendemiano,2013,6,17,32.37,19.42,0
San Vendemiano,2013,6,18,33.49,19.9,0
San Vendemiano,2013,6,19,33.62,19.82,0
San Vendemiano,2013,6,20,34.24,20.04,0
San Vendemiano,2013,6,21,31.25,18.89,0
San Vendemiano,2013,6,22,30.2,16.53,0
San Vendemiano,2013,6,23,30.65,15.84,0
San Vendemiano,2013,6,24,25.57,13.45,15.5
San Vendemiano,2013,6,25,27.49,13.16,0
San Vendemiano,2013,6,26,24.45,13.03,5.5
San Vendemiano,2013,6,27,22.84,11.74,0
San Vendemiano,2013,6,28,22.85,11.35,7.8
San Vendemiano,2013,6,29,27.01,11.08,0
San Vendemiano,2013,6,30,28.35,12.26,0
San Vendemiano,2013,7,1,28.48,14.17,0
San Vendemiano,2013,7,2,29.8,13.86,0
San Vendemiano,2013,7,3,29.58,16.01,0
San Vendemiano,2013,7,4,31.9,17.43,0
San Vendemiano,2013,7,5,32.1,16.57,0
San Vendemiano,2013,7,6,31.39,17.81,0
San Vendemiano,2013,7,7,30.81,18.68,0
San Vendemiano,2013,7,8,30.95,19.12,0
San Vendemiano,2013,7,9,32.09,18.21,0
San Vendemiano,2013,7,10,32.18,18.28,0
San Vendemiano,2013,7,11,32.3,18.05,3.4
San Vendemiano,2013,7,12,29.47,17,0
San Vendemiano,2013,7,13,29.83,16.32,3.9
San Vendemiano,2013,7,14,30.85,16.21,0
San Vendemiano,2013,7,15,31.62,16.73,0
San Vendemiano,2013,7,16,30.59,18.37,0
San Vendemiano,2013,7,17,31.29,16.53,0
San Vendemiano,2013,7,18,32.07,16.2,0
San Vendemiano,2013,7,19,32.92,16.94,0
San Vendemiano,2013,7,20,33.26,17.68,0
San Vendemiano,2013,7,21,32.68,18.87,0
San Vendemiano,2013,7,22,33.67,16.93,0
San Vendemiano,2013,7,23,33.69,16.72,0
San Vendemiano,2013,7,24,33.35,18.63,3.4
San Vendemiano,2013,7,25,33.68,18.31,0
San Vendemiano,2013,7,26,34.18,20.16,0
San Vendemiano,2013,7,27,35.18,19.92,0
San Vendemiano,2013,7,28,36.03,19.96,0
San Vendemiano,2013,7,29,32.57,17.32,4.5
San Vendemiano,2013,7,30,32.49,15.95,0
San Vendemiano,2013,7,31,33.61,16.55,0
San Vendemiano,2013,8,1,34.42,17.1,0
San Vendemiano,2013,8,2,35.79,17.65,0
San Vendemiano,2013,8,3,36.16,17.87,0
San Vendemiano,2013,8,4,37.06,20.37,0
San Vendemiano,2013,8,5,36.31,20.54,0
San Vendemiano,2013,8,6,36.52,20.39,0
San Vendemiano,2013,8,7,35.78,19.94,0
San Vendemiano,2013,8,8,35.97,20.24,0
San Vendemiano,2013,8,9,33,18.93,0
San Vendemiano,2013,8,10,30.9,17.66,0
San Vendemiano,2013,8,11,31.66,15.49,0
San Vendemiano,2013,8,12,32.33,16.71,0
San Vendemiano,2013,8,13,32.66,17.18,0
San Vendemiano,2013,8,14,24.67,16.89,16.2
San Vendemiano,2013,8,15,28.88,14.25,0
San Vendemiano,2013,8,16,30.52,13.23,0
San Vendemiano,2013,8,17,32.65,14.46,0
San Vendemiano,2013,8,18,32.33,15.6,0
San Vendemiano,2013,8,19,32.49,15.86,8.1
San Vendemiano,2013,8,20,26.52,15.78,7.8
San Vendemiano,2013,8,21,29.03,13.29,0
San Vendemiano,2013,8,22,29.65,14.8,0
San Vendemiano,2013,8,23,29.26,15.01,10.2
San Vendemiano,2013,8,24,28.83,15.27,13.2
San Vendemiano,2013,8,25,26.45,17.01,13.8
San Vendemiano,2013,8,26,24.58,15.76,6.2
San Vendemiano,2013,8,27,26.91,15.79,6.2
San Vendemiano,2013,8,28,26.77,14.88,0
San Vendemiano,2013,8,29,26.84,14.78,0
San Vendemiano,2013,8,30,27.63,13.62,0
San Vendemiano,2013,8,31,28.4,13.78,0
San Vendemiano,2013,9,1,27.91,14.1,0
San Vendemiano,2013,9,2,28.15,15.82,0
San Vendemiano,2013,9,3,28.49,14.25,0
San Vendemiano,2013,9,4,28.29,15.01,0
San Vendemiano,2013,9,5,29.01,15.75,0
San Vendemiano,2013,9,6,29.16,15.87,0
San Vendemiano,2013,9,7,29.26,16.56,0
San Vendemiano,2013,9,8,28.8,17.07,0
San Vendemiano,2013,9,9,28.62,17.3,5.7
San Vendemiano,2013,9,10,25.74,13.45,10.4
San Vendemiano,2013,9,11,22.48,12.44,4.3
San Vendemiano,2013,9,12,24.17,10.83,0
San Vendemiano,2013,9,13,24.75,10.13,0
San Vendemiano,2013,9,14,25.54,9.3,0
San Vendemiano,2013,9,15,24.25,12.34,1.4
San Vendemiano,2013,9,16,24.54,12.25,7.7
San Vendemiano,2013,9,17,22.28,10.39,2.6
San Vendemiano,2013,9,18,23.35,8.98,0
San Vendemiano,2013,9,19,26.31,11.46,0
San Vendemiano,2013,9,20,24.17,12.31,0
San Vendemiano,2013,9,21,25.15,12.68,0
San Vendemiano,2013,9,22,24.46,12.01,0
San Vendemiano,2013,9,23,25.73,10.6,0
San Vendemiano,2013,9,24,26.73,10.37,0
San Vendemiano,2013,9,25,24.99,12.85,0
San Vendemiano,2013,9,26,25.49,12.85,0
San Vendemiano,2013,9,27,24.77,15.95,0
San Vendemiano,2013,9,28,24.84,17.41,0
San Vendemiano,2013,9,29,20.42,14.06,13.7
San Vendemiano,2013,9,30,15.92,12.53,6.8
San Vendemiano,2013,10,1,20.51,11.43,0
San Vendemiano,2013,10,2,20.68,10.53,0
San Vendemiano,2013,10,3,15.99,9.3,0
San Vendemiano,2013,10,4,14.98,7.61,0
San Vendemiano,2013,10,5,15.55,8.96,3.5
San Vendemiano,2013,10,6,18.2,10.96,5.6
San Vendemiano,2013,10,7,17.93,12.95,4.6
San Vendemiano,2013,10,8,17.53,13.09,4.3
San Vendemiano,2013,10,9,19.69,13.07,5.5
San Vendemiano,2013,10,10,19.17,10.68,16.7
San Vendemiano,2013,10,11,18.38,7.13,15.7
San Vendemiano,2013,10,12,17.98,7.55,6.4
San Vendemiano,2013,10,13,17.77,5.32,0
San Vendemiano,2013,10,14,16.18,8.43,0
San Vendemiano,2013,10,15,18.67,9.22,0
San Vendemiano,2013,10,16,21.64,8.65,0
San Vendemiano,2013,10,17,21.19,6.33,0
San Vendemiano,2013,10,18,19.63,6.55,0
San Vendemiano,2013,10,19,19.4,7.86,0
San Vendemiano,2013,10,20,19.11,10.72,7.5
San Vendemiano,2013,10,21,19.38,12.85,0
San Vendemiano,2013,10,22,19.05,13,0
San Vendemiano,2013,10,23,20.21,13.97,11
San Vendemiano,2013,10,24,20.48,13.93,16.4
San Vendemiano,2013,10,25,20.55,13.72,0
San Vendemiano,2013,10,26,20.52,12.57,0
San Vendemiano,2013,10,27,20.82,12.78,0
San Vendemiano,2013,10,28,22.24,14.33,0
San Vendemiano,2013,10,29,22.42,14.21,12.5
San Vendemiano,2013,10,30,19.26,13.29,0
San Vendemiano,2013,10,31,17.46,9.97,0
San Vendemiano,2013,11,1,16.27,9.03,0
San Vendemiano,2013,11,2,15.87,8.68,0
San Vendemiano,2013,11,3,19.55,9.86,7.7
San Vendemiano,2013,11,4,15.75,9.29,9.1
San Vendemiano,2013,11,5,15.97,8.7,1.6
San Vendemiano,2013,11,6,17.86,6.73,0
San Vendemiano,2013,11,7,16.39,6.63,0
San Vendemiano,2013,11,8,14.55,8.94,0
San Vendemiano,2013,11,9,17.2,8.1,11.6
San Vendemiano,2013,11,10,14.63,7.25,10.3
San Vendemiano,2013,11,11,18.1,7.55,0
San Vendemiano,2013,11,12,17.32,8.02,0
San Vendemiano,2013,11,13,17.08,7.88,0
San Vendemiano,2013,11,14,12.13,8.16,12.4
San Vendemiano,2013,11,15,11.65,7.43,16.1
San Vendemiano,2013,11,16,13.59,5.64,0
San Vendemiano,2013,11,17,11.68,6.18,0
San Vendemiano,2013,11,18,11.19,7.14,0
San Vendemiano,2013,11,19,12.4,9.02,13.5
San Vendemiano,2013,11,20,13.67,5.95,7.7
San Vendemiano,2013,11,21,10.92,3.54,9.9
San Vendemiano,2013,11,22,10.56,3.83,0
San Vendemiano,2013,11,23,10.26,4.9,15.6
San Vendemiano,2013,11,24,11.4,1.98,9.5
San Vendemiano,2013,11,25,9.33,-0.34,0
San Vendemiano,2013,11,26,8.49,-3.08,0
San Vendemiano,2013,11,27,7.15,-0.72,0
San Vendemiano,2013,11,28,7.93,-0.94,0
San Vendemiano,2013,11,29,7.39,-1.88,0
San Vendemiano,2013,11,30,7.45,-0.6,0
San Vendemiano,2013,12,1,11.4,-0.18,0
San Vendemiano,2013,12,2,11.11,0.22,0
San Vendemiano,2013,12,3,8.87,-1.45,0
San Vendemiano,2013,12,4,9.03,-4.13,0
San Vendemiano,2013,12,5,10.17,-2.94,0
San Vendemiano,2013,12,6,11.78,-1.44,0
San Vendemiano,2013,12,7,9.8,-2.02,0
San Vendemiano,2013,12,8,7.7,-2.97,0
San Vendemiano,2013,12,9,6.99,-2.11,0
San Vendemiano,2013,12,10,7.25,-1.68,0
San Vendemiano,2013,12,11,5.9,-1.86,0
San Vendemiano,2013,12,12,5.36,-1.18,0
San Vendemiano,2013,12,13,5.79,-2.36,0
San Vendemiano,2013,12,14,7.05,-3.55,0
San Vendemiano,2013,12,15,7.09,-1.79,0
San Vendemiano,2013,12,16,7.17,-3.7,0
San Vendemiano,2013,12,17,7.59,-4.4,0
San Vendemiano,2013,12,18,6.97,-4.89,0
San Vendemiano,2013,12,19,4.99,-4,0
San Vendemiano,2013,12,20,6.61,1.56,0
San Vendemiano,2013,12,21,6.39,2.81,0
San Vendemiano,2013,12,22,6.75,2.88,0
San Vendemiano,2013,12,23,6.63,4.61,0
San Vendemiano,2013,12,24,7.24,3.5,0
San Vendemiano,2013,12,25,11,4.9,20.9
San Vendemiano,2013,12,26,13.32,4.84,37.6
San Vendemiano,2013,12,27,10.98,2.28,0
San Vendemiano,2013,12,28,10.4,0.16,0
San Vendemiano,2013,12,29,9.16,2.95,6.7
San Vendemiano,2013,12,30,8.32,1.86,0
San Vendemiano,2013,12,31,6.12,-1.27,0
San Vendemiano,2014,1,1,6.96,-1.16,0
San Vendemiano,2014,1,2,6.59,0.18,2.9
San Vendemiano,2014,1,3,7.08,2.61,0
San Vendemiano,2014,1,4,8.61,3.36,25.8
San Vendemiano,2014,1,5,9.21,5.79,26.3
San Vendemiano,2014,1,6,11.27,3.61,0
San Vendemiano,2014,1,7,9.34,2.23,0
San Vendemiano,2014,1,8,9.14,2.39,0
San Vendemiano,2014,1,9,9.12,2.94,0
San Vendemiano,2014,1,10,8.57,3.49,0
San Vendemiano,2014,1,11,9.36,3.86,0
San Vendemiano,2014,1,12,8.55,2.85,0
San Vendemiano,2014,1,13,7.27,3.18,0
San Vendemiano,2014,1,14,10.84,3.16,9
San Vendemiano,2014,1,15,8.77,1.82,0
San Vendemiano,2014,1,16,5.87,1.91,0
San Vendemiano,2014,1,17,9.49,3.87,16.2
San Vendemiano,2014,1,18,8.11,4.54,19
San Vendemiano,2014,1,19,9.59,4.49,28.2
San Vendemiano,2014,1,20,9.88,5.12,6
San Vendemiano,2014,1,21,11.96,3.89,0
San Vendemiano,2014,1,22,11.9,2.88,0
San Vendemiano,2014,1,23,10.82,2.03,5.5
San Vendemiano,2014,1,24,8.13,1.43,4.8
San Vendemiano,2014,1,25,10.14,-1.26,0
San Vendemiano,2014,1,26,9.6,-1.85,0
San Vendemiano,2014,1,27,7.85,-0.22,9
San Vendemiano,2014,1,28,6.59,0.76,9.1
San Vendemiano,2014,1,29,6.82,-1.4,3.9
San Vendemiano,2014,1,30,5.98,0.1,23.7
San Vendemiano,2014,1,31,6.15,2.79,38.9
San Vendemiano,2014,2,1,7.89,5.02,25.5
San Vendemiano,2014,2,2,8.79,4.77,26
San Vendemiano,2014,2,3,7.11,4.21,17.6
San Vendemiano,2014,2,4,7.72,4.01,14.5
San Vendemiano,2014,2,5,9.43,4.08,7.7
San Vendemiano,2014,2,6,10.92,2.45,3.8
San Vendemiano,2014,2,7,12.87,3.05,0
San Vendemiano,2014,2,8,12.23,3.18,10.2
San Vendemiano,2014,2,9,11.1,2.77,9.5
San Vendemiano,2014,2,10,10.73,2.1,18.5
San Vendemiano,2014,2,11,11.41,3.85,8.8
San Vendemiano,2014,2,12,12.09,1.44,0
San Vendemiano,2014,2,13,11.83,-0.3,3.2
San Vendemiano,2014,2,14,11.12,1.59,0
San Vendemiano,2014,2,15,10.47,2.76,0
San Vendemiano,2014,2,16,12.95,5.17,0
San Vendemiano,2014,2,17,13.76,4.27,14.4
San Vendemiano,2014,2,18,11.23,3.12,0
San Vendemiano,2014,2,19,10.91,7.08,13.1
San Vendemiano,2014,2,20,11.81,6.9,6.1
San Vendemiano,2014,2,21,14.89,4.36,5.7
San Vendemiano,2014,2,22,10.54,2.91,7.4
San Vendemiano,2014,2,23,13.43,0.17,0
San Vendemiano,2014,2,24,14.32,-0.11,0
San Vendemiano,2014,2,25,13.43,0.31,0
San Vendemiano,2014,2,26,14.45,3.86,2.5
San Vendemiano,2014,2,27,13.08,3.16,1.3
San Vendemiano,2014,2,28,11.63,2.86,0
San Vendemiano,2014,3,1,11.68,3.87,4.6
San Vendemiano,2014,3,2,11.04,3.42,8.5
San Vendemiano,2014,3,3,13.1,3.06,0
San Vendemiano,2014,3,4,15.16,4.45,0
San Vendemiano,2014,3,5,18.65,4.33,0
San Vendemiano,2014,3,6,19.85,4.49,0
San Vendemiano,2014,3,7,18.84,3.22,0
San Vendemiano,2014,3,8,17.42,3.56,0
San Vendemiano,2014,3,9,17.33,0.81,0
San Vendemiano,2014,3,10,16.59,1.99,0
San Vendemiano,2014,3,11,16.44,2.4,0
San Vendemiano,2014,3,12,19.02,0.8,0
San Vendemiano,2014,3,13,19.39,1.64,0
San Vendemiano,2014,3,14,18.67,1.47,0
San Vendemiano,2014,3,15,19.94,3.85,0
San Vendemiano,2014,3,16,22.53,5.92,0
San Vendemiano,2014,3,17,21.65,5.08,0
San Vendemiano,2014,3,18,17.83,4.95,0
San Vendemiano,2014,3,19,21.11,6.31,0
San Vendemiano,2014,3,20,19.31,4.76,0
San Vendemiano,2014,3,21,18.17,5.8,0
San Vendemiano,2014,3,22,16.48,6.34,6.5
San Vendemiano,2014,3,23,15.37,4.98,17.8
San Vendemiano,2014,3,24,14.05,3.34,6.2
San Vendemiano,2014,3,25,13.03,2.59,0
San Vendemiano,2014,3,26,14.31,3.3,0
San Vendemiano,2014,3,27,16.62,7.93,0
San Vendemiano,2014,3,28,19.63,5.76,0
San Vendemiano,2014,3,29,20.57,4.13,0
San Vendemiano,2014,3,30,21.17,4.39,0
San Vendemiano,2014,3,31,21.14,4.81,0
San Vendemiano,2014,4,1,21.03,7.1,0
San Vendemiano,2014,4,2,19.18,6.84,0
San Vendemiano,2014,4,3,17.15,8.03,0
San Vendemiano,2014,4,4,18.64,9.17,0
San Vendemiano,2014,4,5,20.2,9.94,0
San Vendemiano,2014,4,6,24.34,9.43,0
San Vendemiano,2014,4,7,23.76,8.1,0
San Vendemiano,2014,4,8,24.71,7.7,3.6
San Vendemiano,2014,4,9,21.37,8.2,0
San Vendemiano,2014,4,10,21.84,5.23,0
San Vendemiano,2014,4,11,18.5,6.87,0
San Vendemiano,2014,4,12,19.31,9.19,0
San Vendemiano,2014,4,13,20.16,8.32,0
San Vendemiano,2014,4,14,21.95,5.24,0
San Vendemiano,2014,4,15,18.5,5.85,0
San Vendemiano,2014,4,16,20.94,3.12,0
San Vendemiano,2014,4,17,20.65,2.77,0
San Vendemiano,2014,4,18,20.38,3.89,0
San Vendemiano,2014,4,19,17.7,9.15,0
San Vendemiano,2014,4,20,16.96,8.78,4.4
San Vendemiano,2014,4,21,18.77,9.22,8.1
San Vendemiano,2014,4,22,22.47,8.9,0
San Vendemiano,2014,4,23,24.16,8.35,0
San Vendemiano,2014,4,24,23.78,11.01,0
San Vendemiano,2014,4,25,24.9,9.51,0
San Vendemiano,2014,4,26,24.48,11.07,0
San Vendemiano,2014,4,27,18.02,11.8,13.3
San Vendemiano,2014,4,28,20.37,11.3,13.3
San Vendemiano,2014,4,29,22.86,10.22,5
San Vendemiano,2014,4,30,22.82,10.12,8
San Vendemiano,2014,5,1,23.46,10.09,3.6
San Vendemiano,2014,5,2,20.11,10.98,6.8
San Vendemiano,2014,5,3,23.59,10.2,1.2
San Vendemiano,2014,5,4,23.46,9.13,0
San Vendemiano,2014,5,5,21.23,6.96,0
San Vendemiano,2014,5,6,22.58,8,0
San Vendemiano,2014,5,7,21.54,10.13,3.4
San Vendemiano,2014,5,8,23.51,9.68,0
San Vendemiano,2014,5,9,25.81,10.54,0
San Vendemiano,2014,5,10,25.27,11.52,0
San Vendemiano,2014,5,11,24.38,10.51,10.5
San Vendemiano,2014,5,12,21.66,8.39,4.2
San Vendemiano,2014,5,13,20.29,8.88,0
San Vendemiano,2014,5,14,23.58,7.34,0
San Vendemiano,2014,5,15,23.39,8.08,0
San Vendemiano,2014,5,16,23.28,9.87,0
San Vendemiano,2014,5,17,22.89,8.92,0
San Vendemiano,2014,5,18,21.17,9.83,0
San Vendemiano,2014,5,19,22.55,9.91,0
San Vendemiano,2014,5,20,24.37,10.25,0
San Vendemiano,2014,5,21,26.11,12,0
San Vendemiano,2014,5,22,27.27,13.79,0
San Vendemiano,2014,5,23,26.07,14.42,0
San Vendemiano,2014,5,24,26.15,12.31,0
San Vendemiano,2014,5,25,27.39,11.77,0
San Vendemiano,2014,5,26,22.19,13.9,8.2
San Vendemiano,2014,5,27,24.09,12.76,5.4
San Vendemiano,2014,5,28,24.25,13.33,4.8
San Vendemiano,2014,5,29,25.33,12.19,2.6
San Vendemiano,2014,5,30,27.14,11.88,5.6
San Vendemiano,2014,5,31,23.04,10.96,0
San Vendemiano,2014,6,1,24.52,9.92,0
San Vendemiano,2014,6,2,25.03,11.34,0
San Vendemiano,2014,6,3,25.57,12.08,3.2
San Vendemiano,2014,6,4,26.38,11.8,7.3
San Vendemiano,2014,6,5,27.17,14.18,0
San Vendemiano,2014,6,6,29.76,12.68,0
San Vendemiano,2014,6,7,32.03,15.05,0
San Vendemiano,2014,6,8,32.92,15.63,0
San Vendemiano,2014,6,9,33.03,17.17,0
San Vendemiano,2014,6,10,34.37,16.88,0
San Vendemiano,2014,6,11,35.11,18.17,0
San Vendemiano,2014,6,12,35.29,18.54,0
San Vendemiano,2014,6,13,32.09,17.3,0
San Vendemiano,2014,6,14,28.71,16.74,7.7
San Vendemiano,2014,6,15,24.63,15.86,0
San Vendemiano,2014,6,16,23.79,14.89,0
San Vendemiano,2014,6,17,26.36,14.91,0
San Vendemiano,2014,6,18,27.55,13.1,0
San Vendemiano,2014,6,19,29.1,13.51,0
San Vendemiano,2014,6,20,29.42,15.44,0
San Vendemiano,2014,6,21,28.27,15.29,0
San Vendemiano,2014,6,22,29.11,14.72,0
San Vendemiano,2014,6,23,28.61,17.28,6.1
San Vendemiano,2014,6,24,29.55,17.24,10.6
San Vendemiano,2014,6,25,24.29,16.34,10.1
San Vendemiano,2014,6,26,26.51,15,0
San Vendemiano,2014,6,27,27.84,15.72,0
San Vendemiano,2014,6,28,27.77,15.67,0
San Vendemiano,2014,6,29,27.82,15.21,13.2
San Vendemiano,2014,6,30,27.27,14.15,8.6
San Vendemiano,2014,7,1,24.7,14.29,0
San Vendemiano,2014,7,2,28.01,13.52,6
San Vendemiano,2014,7,3,28.19,14.13,0
San Vendemiano,2014,7,4,28.48,14.26,0
San Vendemiano,2014,7,5,29.17,16.63,0
San Vendemiano,2014,7,6,29.74,17.71,0
San Vendemiano,2014,7,7,30.6,16.65,10.3
San Vendemiano,2014,7,8,25.25,15.63,12.4
San Vendemiano,2014,7,9,25.22,13.75,13.4
San Vendemiano,2014,7,10,26.04,14.19,4.3
San Vendemiano,2014,7,11,27.63,13.91,0
San Vendemiano,2014,7,12,28.57,15.02,5.7
San Vendemiano,2014,7,13,25.86,16.38,6.1
San Vendemiano,2014,7,14,27.16,15.95,7.9
San Vendemiano,2014,7,15,30.74,15.9,0
San Vendemiano,2014,7,16,31.81,17.19,0
San Vendemiano,2014,7,17,32.35,17.57,0
San Vendemiano,2014,7,18,32.08,16.37,0
San Vendemiano,2014,7,19,32.72,17.3,0
San Vendemiano,2014,7,20,32.45,19.27,0
San Vendemiano,2014,7,21,26.95,17.35,9.4
San Vendemiano,2014,7,22,27.82,16.2,0
San Vendemiano,2014,7,23,29.19,18.7,0
San Vendemiano,2014,7,24,26.45,16.36,5
San Vendemiano,2014,7,25,27.59,16.74,0
San Vendemiano,2014,7,26,25.46,16.79,14.2
San Vendemiano,2014,7,27,27.43,18.1,0
San Vendemiano,2014,7,28,28.76,18.44,0
San Vendemiano,2014,7,29,27.1,18.23,21.3
San Vendemiano,2014,7,30,25.98,17.66,19.6
San Vendemiano,2014,7,31,27.83,18.26,5.9
San Vendemiano,2014,8,1,29.81,17.85,0
San Vendemiano,2014,8,2,29.81,17.16,0
San Vendemiano,2014,8,3,29.25,16.88,9.9
San Vendemiano,2014,8,4,29.05,16.03,0
San Vendemiano,2014,8,5,28.63,17.06,10
San Vendemiano,2014,8,6,30.27,15.13,0
San Vendemiano,2014,8,7,29.85,16.19,0
San Vendemiano,2014,8,8,29.61,16.21,0
San Vendemiano,2014,8,9,29.92,17.83,0
San Vendemiano,2014,8,10,30.55,17.92,0
San Vendemiano,2014,8,11,31.8,19.55,0
San Vendemiano,2014,8,12,31.08,18.53,7.9
San Vendemiano,2014,8,13,28.66,18.49,12.6
San Vendemiano,2014,8,14,26.8,16.25,9.9
San Vendemiano,2014,8,15,24.21,14.37,5.3
San Vendemiano,2014,8,16,24.25,12.18,5.5
San Vendemiano,2014,8,17,25.49,10.92,0
San Vendemiano,2014,8,18,25.61,12.39,0
San Vendemiano,2014,8,19,23.06,15.3,5.1
San Vendemiano,2014,8,20,25.66,15,11.8
San Vendemiano,2014,8,21,25.92,14.23,4.8
San Vendemiano,2014,8,22,25.18,14.54,0
San Vendemiano,2014,8,23,23.01,14.45,8.8
San Vendemiano,2014,8,24,25.43,13.71,6.4
San Vendemiano,2014,8,25,23.57,15.33,0
San Vendemiano,2014,8,26,25.8,14.46,0
San Vendemiano,2014,8,27,29.12,17.36,0
San Vendemiano,2014,8,28,26.54,15.91,0
San Vendemiano,2014,8,29,28.87,13.72,0
San Vendemiano,2014,8,30,29.32,14.93,0
San Vendemiano,2014,8,31,27.05,14.44,14
San Vendemiano,2014,9,1,24.76,12.89,11.4
San Vendemiano,2014,9,2,24.72,12.56,3.3
San Vendemiano,2014,9,3,25.63,14.6,2.8
San Vendemiano,2014,9,4,24.23,16.91,0
San Vendemiano,2014,9,5,26.65,17.04,0
San Vendemiano,2014,9,6,27.34,15.43,0
San Vendemiano,2014,9,7,27,14.58,0
San Vendemiano,2014,9,8,27.92,14.72,0
San Vendemiano,2014,9,9,28.7,14.87,7.1
San Vendemiano,2014,9,10,25.98,15.38,7.9
San Vendemiano,2014,9,11,22.77,13.54,5.9
San Vendemiano,2014,9,12,22.09,11.71,3.7
San Vendemiano,2014,9,13,23.39,11.51,0
San Vendemiano,2014,9,14,23.31,12.63,0
San Vendemiano,2014,9,15,24.45,12.83,0
San Vendemiano,2014,9,16,24.61,14.8,0
San Vendemiano,2014,9,17,23.09,14.01,0
San Vendemiano,2014,9,18,22.88,13.16,0
San Vendemiano,2014,9,19,22.47,14.7,0
San Vendemiano,2014,9,20,24.24,16.48,7.5
San Vendemiano,2014,9,21,26.04,13.87,1.3
San Vendemiano,2014,9,22,26.77,12.52,4.1
San Vendemiano,2014,9,23,22.49,8.64,0
San Vendemiano,2014,9,24,21.8,8.45,0
San Vendemiano,2014,9,25,22.47,11.02,0
San Vendemiano,2014,9,26,23.66,9.03,0
San Vendemiano,2014,9,27,24.65,10.81,0
San Vendemiano,2014,9,28,25.3,11.01,0
San Vendemiano,2014,9,29,25.16,11.57,0
San Vendemiano,2014,9,30,24.71,12.53,0
San Vendemiano,2014,10,1,22.25,12.59,4.7
San Vendemiano,2014,10,2,25.15,12.82,0
San Vendemiano,2014,10,3,23.52,12.22,0
San Vendemiano,2014,10,4,23,10.11,0
San Vendemiano,2014,10,5,22.3,10.1,0
San Vendemiano,2014,10,6,20.76,9.36,0
San Vendemiano,2014,10,7,20.81,10.04,0
San Vendemiano,2014,10,8,23.21,13.75,0
San Vendemiano,2014,10,9,23.1,14.76,0
San Vendemiano,2014,10,10,23.95,15.03,0
San Vendemiano,2014,10,11,23.99,14.84,5.2
San Vendemiano,2014,10,12,24.12,14.03,0
San Vendemiano,2014,10,13,22.56,14.78,21
San Vendemiano,2014,10,14,22.31,14.23,18.6
San Vendemiano,2014,10,15,20.51,14.51,4.4
San Vendemiano,2014,10,16,24.26,14.44,0
San Vendemiano,2014,10,17,25.87,14.95,0
San Vendemiano,2014,10,18,24.56,13.77,0
San Vendemiano,2014,10,19,23.63,14.25,0
San Vendemiano,2014,10,20,20.91,13.1,0
San Vendemiano,2014,10,21,23.46,12.65,0
San Vendemiano,2014,10,22,20.7,9.55,0
San Vendemiano,2014,10,23,20.58,8.22,0
San Vendemiano,2014,10,24,23.13,7.93,0
San Vendemiano,2014,10,25,17.57,6.58,0
San Vendemiano,2014,10,26,17.75,5.57,0
San Vendemiano,2014,10,27,15.53,4.76,0
San Vendemiano,2014,10,28,15.94,3.84,0
San Vendemiano,2014,10,29,15.51,2.38,0
San Vendemiano,2014,10,30,17.78,3.01,0
San Vendemiano,2014,10,31,18.52,2.97,0
San Vendemiano,2014,11,1,18.86,4.74,0
San Vendemiano,2014,11,2,19.21,4.39,0
San Vendemiano,2014,11,3,16.38,5.27,0
San Vendemiano,2014,11,4,17.41,10.43,0
San Vendemiano,2014,11,5,18.6,13.52,50.5
San Vendemiano,2014,11,6,18.19,13.14,66.2
San Vendemiano,2014,11,7,15.45,13.43,27.6
San Vendemiano,2014,11,8,15.93,12.06,7.2
San Vendemiano,2014,11,9,15.67,12.24,3.2
San Vendemiano,2014,11,10,16.66,11.73,4.7
San Vendemiano,2014,11,11,16.23,11.79,9
San Vendemiano,2014,11,12,17.09,11.24,7.1
San Vendemiano,2014,11,13,16.66,11.7,7.1
San Vendemiano,2014,11,14,16.3,10.09,0
San Vendemiano,2014,11,15,14.75,9.71,18.2
San Vendemiano,2014,11,16,16.14,8.14,13.6
San Vendemiano,2014,11,17,11.98,6.27,22
San Vendemiano,2014,11,18,12.94,5.3,8
San Vendemiano,2014,11,19,12.37,2.36,0
San Vendemiano,2014,11,20,10.68,2.43,0
San Vendemiano,2014,11,21,11.28,2.35,0
San Vendemiano,2014,11,22,11.54,2.25,0
San Vendemiano,2014,11,23,13.04,3.92,0
San Vendemiano,2014,11,24,12.77,3.41,0
San Vendemiano,2014,11,25,11.75,5.52,0
San Vendemiano,2014,11,26,8.68,6.43,0
San Vendemiano,2014,11,27,9.22,5.87,0
San Vendemiano,2014,11,28,11.22,7.08,3.5
San Vendemiano,2014,11,29,13.49,8.77,0
San Vendemiano,2014,11,30,11.84,8.72,14.9
San Vendemiano,2014,12,1,14.1,9.09,22.9
San Vendemiano,2014,12,2,10.62,8.17,0
San Vendemiano,2014,12,3,9.12,7.63,16.6
San Vendemiano,2014,12,4,8,7.45,6.3
San Vendemiano,2014,12,5,10.59,6.71,0
San Vendemiano,2014,12,6,11.94,7.78,2.8
San Vendemiano,2014,12,7,10.64,5.79,2.4
San Vendemiano,2014,12,8,11.19,2.82,0
San Vendemiano,2014,12,9,10.51,2.16,0
San Vendemiano,2014,12,10,10.02,0.16,0
San Vendemiano,2014,12,11,9.37,-0.56,0
San Vendemiano,2014,12,12,8.79,-1.47,0
San Vendemiano,2014,12,13,8.71,0.6,0
San Vendemiano,2014,12,14,7.98,4.05,0
San Vendemiano,2014,12,15,8.36,4.4,0
San Vendemiano,2014,12,16,9.35,4.72,2.9
San Vendemiano,2014,12,17,10.64,5.13,0
San Vendemiano,2014,12,18,9.92,3.5,0
San Vendemiano,2014,12,19,9.52,2.89,0
San Vendemiano,2014,12,20,10.27,3.22,0
San Vendemiano,2014,12,21,9.67,2.69,0
San Vendemiano,2014,12,22,6.69,1.45,0
San Vendemiano,2014,12,23,4.37,-0.19,0
San Vendemiano,2014,12,24,4.94,-0.13,0
San Vendemiano,2014,12,25,8.43,1.19,0
San Vendemiano,2014,12,26,8.09,-0.09,0
San Vendemiano,2014,12,27,3.84,-2.51,6
San Vendemiano,2014,12,28,4.48,-1.67,1.7
San Vendemiano,2014,12,29,6.3,-2.99,0
San Vendemiano,2014,12,30,2.79,-4.88,0
San Vendemiano,2014,12,31,2.53,-5.03,0
San Vendemiano,2015,1,1,4.61,-4.37,0
San Vendemiano,2015,1,2,6.6,-3.46,0
San Vendemiano,2015,1,3,8.06,-3.03,0
San Vendemiano,2015,1,4,11.65,-1.36,0
San Vendemiano,2015,1,5,9.02,-2.66,0
San Vendemiano,2015,1,6,5.89,-3.66,0
San Vendemiano,2015,1,7,6.31,-2.13,0
San Vendemiano,2015,1,8,9.39,-0.28,0
San Vendemiano,2015,1,9,10.08,-0.74,0
San Vendemiano,2015,1,10,12.07,0.3,0
San Vendemiano,2015,1,11,9.43,-0.47,0
San Vendemiano,2015,1,12,10.43,-1.08,0
San Vendemiano,2015,1,13,8.29,-3.32,0
San Vendemiano,2015,1,14,7.95,-0.96,0
San Vendemiano,2015,1,15,7.71,-2.07,0
San Vendemiano,2015,1,16,10.12,1.37,0
San Vendemiano,2015,1,17,11.8,3.53,12.5
San Vendemiano,2015,1,18,10.28,-0.12,0
San Vendemiano,2015,1,19,6.99,-1.59,0
San Vendemiano,2015,1,20,6.31,-0.35,0
San Vendemiano,2015,1,21,7.42,1.76,3
San Vendemiano,2015,1,22,8.14,4.08,4.3
San Vendemiano,2015,1,23,10.37,2.5,0
San Vendemiano,2015,1,24,10.1,2.42,0
San Vendemiano,2015,1,25,11.04,0.94,0
San Vendemiano,2015,1,26,9.64,-1.54,0
San Vendemiano,2015,1,27,6.82,-2.38,0
San Vendemiano,2015,1,28,8.13,-3.36,0
San Vendemiano,2015,1,29,4.77,-2.64,0
San Vendemiano,2015,1,30,7,-1.85,7.3
San Vendemiano,2015,1,31,8.76,-4.67,0
San Vendemiano,2015,2,1,9.35,-1.45,0
San Vendemiano,2015,2,2,8.76,-2.97,0
San Vendemiano,2015,2,3,8.97,-2.18,0
San Vendemiano,2015,2,4,9.5,0.73,0
San Vendemiano,2015,2,5,6.08,2.61,14.3
San Vendemiano,2015,2,6,6.57,1.79,16.7
San Vendemiano,2015,2,7,7.5,-0.63,0
San Vendemiano,2015,2,8,8.32,-3.12,0
San Vendemiano,2015,2,9,9.95,-3.58,0
San Vendemiano,2015,2,10,12.16,-2.55,0
San Vendemiano,2015,2,11,11.88,-0.93,0
San Vendemiano,2015,2,12,10.21,-2.56,0
San Vendemiano,2015,2,13,6.8,0.21,0
San Vendemiano,2015,2,14,8.27,2.46,0
San Vendemiano,2015,2,15,10.7,2.14,2.3
San Vendemiano,2015,2,16,13.05,2.08,0
San Vendemiano,2015,2,17,12.39,1.8,0
San Vendemiano,2015,2,18,11.77,-0.2,0
San Vendemiano,2015,2,19,10.77,-2.34,0
San Vendemiano,2015,2,20,10.21,-3.18,0
San Vendemiano,2015,2,21,10.43,0.83,0
San Vendemiano,2015,2,22,12.17,4.41,4.6
San Vendemiano,2015,2,23,13.41,4.69,1.3
San Vendemiano,2015,2,24,11.17,4.1,5.5
San Vendemiano,2015,2,25,12.56,4.66,1.6
San Vendemiano,2015,2,26,13.23,5.42,0
San Vendemiano,2015,2,27,13.2,2.66,0
San Vendemiano,2015,2,28,14.01,2.79,0
San Vendemiano,2015,3,1,14.33,1.41,0
San Vendemiano,2015,3,2,12.61,4.9,0
San Vendemiano,2015,3,3,14.64,2.52,0
San Vendemiano,2015,3,4,14.12,2.84,0
San Vendemiano,2015,3,5,15.21,3.79,0
San Vendemiano,2015,3,6,14.17,1.35,0
San Vendemiano,2015,3,7,14.64,0.6,0
San Vendemiano,2015,3,8,16.11,0.24,0
San Vendemiano,2015,3,9,14.13,1.25,0
San Vendemiano,2015,3,10,16.32,-0.16,0
San Vendemiano,2015,3,11,17.96,1.84,0
San Vendemiano,2015,3,12,16.89,1.59,0
San Vendemiano,2015,3,13,15.22,1.03,0
San Vendemiano,2015,3,14,13.66,2.41,0
San Vendemiano,2015,3,15,12.79,4.5,0
San Vendemiano,2015,3,16,10.42,6.08,15.2
San Vendemiano,2015,3,17,13.92,4.83,0
San Vendemiano,2015,3,18,15.68,3.86,0
San Vendemiano,2015,3,19,16.21,3.58,0
San Vendemiano,2015,3,20,14.89,2.87,0
San Vendemiano,2015,3,21,13.82,4.24,2.4
San Vendemiano,2015,3,22,14.07,6.21,1.6
San Vendemiano,2015,3,23,15.32,4.4,0
San Vendemiano,2015,3,24,15.24,4.99,0
San Vendemiano,2015,3,25,12.14,7.68,22.2
San Vendemiano,2015,3,26,16.37,8.53,13.5
San Vendemiano,2015,3,27,18.48,5.85,5.6
San Vendemiano,2015,3,28,19.91,5.08,0
San Vendemiano,2015,3,29,18.03,4.04,0
San Vendemiano,2015,3,30,22.17,6.44,0
San Vendemiano,2015,3,31,21.67,6.02,0
San Vendemiano,2015,4,1,19.86,5.33,0
San Vendemiano,2015,4,2,19.09,3.11,0
San Vendemiano,2015,4,3,16.62,4.97,0
San Vendemiano,2015,4,4,13.02,4.84,0
San Vendemiano,2015,4,5,13.19,3.54,0
San Vendemiano,2015,4,6,16.19,2.24,0
San Vendemiano,2015,4,7,18.73,1.75,0
San Vendemiano,2015,4,8,20.43,0.96,0
San Vendemiano,2015,4,9,20.31,2.81,0
San Vendemiano,2015,4,10,21.13,3.02,0
San Vendemiano,2015,4,11,22.59,5.6,0
San Vendemiano,2015,4,12,25.21,6.79,0
San Vendemiano,2015,4,13,26.32,6.78,0
San Vendemiano,2015,4,14,24.63,9.93,0
San Vendemiano,2015,4,15,24.56,8.14,0
San Vendemiano,2015,4,16,24.26,8.83,0
San Vendemiano,2015,4,17,18.16,10.31,2.4
San Vendemiano,2015,4,18,19.08,8.69,2.5
San Vendemiano,2015,4,19,18.87,2.8,0
San Vendemiano,2015,4,20,22.91,2.43,0
San Vendemiano,2015,4,21,24.28,6.61,0
San Vendemiano,2015,4,22,26.04,7.51,0
San Vendemiano,2015,4,23,25.36,9.01,2.7
San Vendemiano,2015,4,24,20.62,8.19,0
San Vendemiano,2015,4,25,20.1,8.67,0
San Vendemiano,2015,4,26,20.65,11.03,2.3
San Vendemiano,2015,4,27,17.33,11.52,4.2
San Vendemiano,2015,4,28,20.58,10.32,5.3
San Vendemiano,2015,4,29,19.14,8.69,0
San Vendemiano,2015,4,30,18.14,9.46,2
San Vendemiano,2015,5,1,19.97,9.62,4.7
San Vendemiano,2015,5,2,22.73,11.55,0
San Vendemiano,2015,5,3,19.83,13.81,0
San Vendemiano,2015,5,4,23.58,13.74,0
San Vendemiano,2015,5,5,23.97,13.66,0
San Vendemiano,2015,5,6,25.09,13.43,0
San Vendemiano,2015,5,7,25.25,12.95,0
San Vendemiano,2015,5,8,25.86,12.65,0
San Vendemiano,2015,5,9,27.86,12.4,0
San Vendemiano,2015,5,10,27.5,12.28,0
San Vendemiano,2015,5,11,26.7,10.58,0
San Vendemiano,2015,5,12,24.63,12.95,0
San Vendemiano,2015,5,13,25.94,12.75,0
San Vendemiano,2015,5,14,27.47,14.33,8.9
San Vendemiano,2015,5,15,24.41,15.59,9.4
San Vendemiano,2015,5,16,26.84,15.78,0
San Vendemiano,2015,5,17,28.03,15.41,0
San Vendemiano,2015,5,18,26.57,14.68,0
San Vendemiano,2015,5,19,27.44,13.25,0
San Vendemiano,2015,5,20,21.96,12.02,12.6
San Vendemiano,2015,5,21,18.99,10.11,8.4
San Vendemiano,2015,5,22,17.35,10.68,7.5
San Vendemiano,2015,5,23,19.65,11.42,8.6
San Vendemiano,2015,5,24,24.16,11.27,0
San Vendemiano,2015,5,25,24.89,11.13,0
San Vendemiano,2015,5,26,24.22,12.84,5.9
San Vendemiano,2015,5,27,24.37,10.95,0
San Vendemiano,2015,5,28,23.7,9.96,0
San Vendemiano,2015,5,29,23.78,11.15,0
San Vendemiano,2015,5,30,25.98,13.01,0
San Vendemiano,2015,5,31,24.01,15.04,0
San Vendemiano,2015,6,1,27.07,13.85,0
San Vendemiano,2015,6,2,30.25,14.37,0
San Vendemiano,2015,6,3,30.28,16.49,0
San Vendemiano,2015,6,4,32.57,17.96,0
San Vendemiano,2015,6,5,33.43,18.64,0
San Vendemiano,2015,6,6,32.55,18.63,0
San Vendemiano,2015,6,7,32.54,17.33,0
San Vendemiano,2015,6,8,31.56,17.59,0
San Vendemiano,2015,6,9,31.91,17.47,0
San Vendemiano,2015,6,10,30.27,17.11,0
San Vendemiano,2015,6,11,30.76,16.41,0
San Vendemiano,2015,6,12,30.01,18.1,0
San Vendemiano,2015,6,13,28.41,18.2,0
San Vendemiano,2015,6,14,26,16.1,9.3
San Vendemiano,2015,6,15,27.15,16.35,9.9
San Vendemiano,2015,6,16,26.94,16.4,16.2
San Vendemiano,2015,6,17,25.19,15.74,5.2
San Vendemiano,2015,6,18,26.54,14.66,0
San Vendemiano,2015,6,19,26.76,13.82,2.9
San Vendemiano,2015,6,20,23.9,13.36,2.8
San Vendemiano,2015,6,21,23.91,12.43,0
San Vendemiano,2015,6,22,25.49,13.58,0
San Vendemiano,2015,6,23,27.47,14.66,22.4
San Vendemiano,2015,6,24,24.97,14.19,8.7
San Vendemiano,2015,6,25,27.05,12.72,0
San Vendemiano,2015,6,26,28.53,14.12,0
San Vendemiano,2015,6,27,29.23,15.48,2.5
San Vendemiano,2015,6,28,29.28,15.45,0
San Vendemiano,2015,6,29,28.46,16.03,0
San Vendemiano,2015,6,30,29.52,16.03,0
San Vendemiano,2015,7,1,31.12,16.39,0
San Vendemiano,2015,7,2,32.31,18.25,0
San Vendemiano,2015,7,3,32.96,18.37,0
San Vendemiano,2015,7,4,32.39,18.37,0
San Vendemiano,2015,7,5,33.85,19.58,0
San Vendemiano,2015,7,6,33.67,20.82,0
San Vendemiano,2015,7,7,34.24,20.34,0
San Vendemiano,2015,7,8,33.61,20.55,12.3
San Vendemiano,2015,7,9,28.47,18.96,0
San Vendemiano,2015,7,10,29.43,16.32,0
San Vendemiano,2015,7,11,31.27,14.79,0
San Vendemiano,2015,7,12,32.72,18.41,0
San Vendemiano,2015,7,13,32.16,20.17,0
San Vendemiano,2015,7,14,32.38,19.45,0
San Vendemiano,2015,7,15,33.11,20.65,0
San Vendemiano,2015,7,16,34.38,20.17,0
San Vendemiano,2015,7,17,35.32,20.14,0
San Vendemiano,2015,7,18,35.73,19.67,0
San Vendemiano,2015,7,19,35.55,20.75,0
San Vendemiano,2015,7,20,35.97,21.04,0
San Vendemiano,2015,7,21,36.18,21.81,0
San Vendemiano,2015,7,22,37.35,21.37,0
San Vendemiano,2015,7,23,37.09,20.59,0
San Vendemiano,2015,7,24,33.6,20.52,0
San Vendemiano,2015,7,25,31.84,19.57,13.2
San Vendemiano,2015,7,26,29.37,18.93,0
San Vendemiano,2015,7,27,31.44,19.47,2.5
San Vendemiano,2015,7,28,30.62,19.88,0
San Vendemiano,2015,7,29,30.61,19.05,0
San Vendemiano,2015,7,30,27.6,19.24,7.8
San Vendemiano,2015,7,31,26.77,16.4,0
San Vendemiano,2015,8,1,27.93,15.15,18.6
San Vendemiano,2015,8,2,29.39,16.77,11.3
San Vendemiano,2015,8,3,32.04,17.12,0
San Vendemiano,2015,8,4,33.49,18.28,0
San Vendemiano,2015,8,5,34.77,20.3,0
San Vendemiano,2015,8,6,35.09,19.02,0
San Vendemiano,2015,8,7,34.51,18.67,0
San Vendemiano,2015,8,8,34.88,20.31,0
San Vendemiano,2015,8,9,35.21,18.84,0
San Vendemiano,2015,8,10,32.67,17.55,0
San Vendemiano,2015,8,11,33.95,17.56,0
San Vendemiano,2015,8,12,35.87,18.37,0
San Vendemiano,2015,8,13,35.57,18.36,0
San Vendemiano,2015,8,14,35.07,19.3,4.2
San Vendemiano,2015,8,15,31.36,18.7,13.2
San Vendemiano,2015,8,16,25.55,18.25,14.1
San Vendemiano,2015,8,17,27.57,17.28,3.4
San Vendemiano,2015,8,18,27.95,16.01,4.2
San Vendemiano,2015,8,19,24.69,15.89,5
San Vendemiano,2015,8,20,27.75,15.17,4.6
San Vendemiano,2015,8,21,25.48,14.68,0
San Vendemiano,2015,8,22,26.42,12.76,0
San Vendemiano,2015,8,23,25.05,14.95,0
San Vendemiano,2015,8,24,26.07,16.94,5.9
San Vendemiano,2015,8,25,29.5,18.32,4.9
San Vendemiano,2015,8,26,30.1,16.95,0
San Vendemiano,2015,8,27,29.72,16.27,0
San Vendemiano,2015,8,28,30.64,16.72,0
San Vendemiano,2015,8,29,32.75,16.82,0
San Vendemiano,2015,8,30,33.66,16.58,0
San Vendemiano,2015,8,31,32.71,16.98,0
San Vendemiano,2015,9,1,32.76,16.72,0
San Vendemiano,2015,9,2,29.76,17.8,0
San Vendemiano,2015,9,3,28.78,16.89,0
San Vendemiano,2015,9,4,27.72,14.97,11.1
San Vendemiano,2015,9,5,25.05,12.85,10.3
San Vendemiano,2015,9,6,24.16,10.53,0
San Vendemiano,2015,9,7,24.7,11.41,0
San Vendemiano,2015,9,8,24.32,10.36,0
San Vendemiano,2015,9,9,23.39,9.21,0
San Vendemiano,2015,9,10,22.83,11.3,0
San Vendemiano,2015,9,11,23.31,11.44,0
San Vendemiano,2015,9,12,25.67,10.99,0
San Vendemiano,2015,9,13,23.58,13.34,10.4
San Vendemiano,2015,9,14,27.31,16.71,14.2
San Vendemiano,2015,9,15,27.48,17.03,0
San Vendemiano,2015,9,16,27.1,16.09,0
San Vendemiano,2015,9,17,30.43,16.79,0
San Vendemiano,2015,9,18,29.54,14.91,0
San Vendemiano,2015,9,19,27.91,13.55,0
San Vendemiano,2015,9,20,26.98,13.98,0
San Vendemiano,2015,9,21,24.89,11.29,0
San Vendemiano,2015,9,22,22.93,9.76,0
San Vendemiano,2015,9,23,20.32,11.89,30.9
San Vendemiano,2015,9,24,21.12,11.49,9.2
San Vendemiano,2015,9,25,22.79,13.03,0
San Vendemiano,2015,9,26,22.68,13.06,0
San Vendemiano,2015,9,27,20.9,12.15,0
San Vendemiano,2015,9,28,20.21,11.65,0
San Vendemiano,2015,9,29,20.94,8.86,0
San Vendemiano,2015,9,30,19.07,9.47,0
San Vendemiano,2015,10,1,17.37,10.74,0
San Vendemiano,2015,10,2,17.15,12.43,11.8
San Vendemiano,2015,10,3,19.87,11.97,7.9
San Vendemiano,2015,10,4,21.39,12.39,10.3
San Vendemiano,2015,10,5,21.41,10.86,0
San Vendemiano,2015,10,6,18.25,13.19,2.8
San Vendemiano,2015,10,7,22.74,14.63,0
San Vendemiano,2015,10,8,22.45,12.78,0
San Vendemiano,2015,10,9,21.48,11.07,0
San Vendemiano,2015,10,10,20.11,12.24,0
San Vendemiano,2015,10,11,21.18,10.93,0
San Vendemiano,2015,10,12,20.75,9.78,2.2
San Vendemiano,2015,10,13,15.04,12.91,16.1
San Vendemiano,2015,10,14,17.3,11.89,23.7
San Vendemiano,2015,10,15,19.2,9.07,10.5
San Vendemiano,2015,10,16,15.5,6.49,9.9
San Vendemiano,2015,10,17,14.71,4.48,0
San Vendemiano,2015,10,18,15.47,8.09,2.9
San Vendemiano,2015,10,19,16.21,6.53,3.2
San Vendemiano,2015,10,20,17.61,3.88,0
San Vendemiano,2015,10,21,18.27,3.96,0
San Vendemiano,2015,10,22,17.57,5.41,0
San Vendemiano,2015,10,23,19.75,5.07,0
San Vendemiano,2015,10,24,19.98,3.74,0
San Vendemiano,2015,10,25,18.44,5.11,0
San Vendemiano,2015,10,26,18.51,5.03,0
San Vendemiano,2015,10,27,18.58,6.33,0
San Vendemiano,2015,10,28,13.74,9.45,7.9
San Vendemiano,2015,10,29,16.97,10.12,9.3
San Vendemiano,2015,10,30,19.92,8.13,0
San Vendemiano,2015,10,31,18.92,5.97,0
San Vendemiano,2015,11,1,17.52,3.29,0
San Vendemiano,2015,11,2,17.09,0.09,0
San Vendemiano,2015,11,3,15.96,0.37,0
San Vendemiano,2015,11,4,16.16,4.09,0
San Vendemiano,2015,11,5,18.42,3.7,0
San Vendemiano,2015,11,6,18.97,4.77,0
San Vendemiano,2015,11,7,20.44,4.62,0
San Vendemiano,2015,11,8,20.08,5.09,0
San Vendemiano,2015,11,9,21.64,6.13,0
San Vendemiano,2015,11,10,19.78,7.27,0
San Vendemiano,2015,11,11,17.55,6.15,0
San Vendemiano,2015,11,12,14.9,4.92,0
San Vendemiano,2015,11,13,13.27,3.7,0
San Vendemiano,2015,11,14,12.34,5.24,0
San Vendemiano,2015,11,15,12.75,5.54,0
San Vendemiano,2015,11,16,13.16,5.44,0
San Vendemiano,2015,11,17,12.78,6.06,0
San Vendemiano,2015,11,18,12.43,5.67,0
San Vendemiano,2015,11,19,10.63,4.68,0
San Vendemiano,2015,11,20,9.71,4.57,0
San Vendemiano,2015,11,21,10.3,4.13,6.1
San Vendemiano,2015,11,22,10.33,0.15,0
San Vendemiano,2015,11,23,7.06,-0.39,0
San Vendemiano,2015,11,24,6.87,-0.89,0
San Vendemiano,2015,11,25,5.93,-2.46,0
San Vendemiano,2015,11,26,9.1,0.85,0
San Vendemiano,2015,11,27,10.03,-0.14,0
San Vendemiano,2015,11,28,7.74,-1.49,0
San Vendemiano,2015,11,29,10.46,-1.49,0
San Vendemiano,2015,11,30,11.53,-1.88,0
San Vendemiano,2015,12,1,11.74,-1.39,0
San Vendemiano,2015,12,2,10.92,0.84,0
San Vendemiano,2015,12,3,7.66,-0.74,0
San Vendemiano,2015,12,4,5.91,0.52,0
San Vendemiano,2015,12,5,8.03,1.34,0
San Vendemiano,2015,12,6,5.57,-0.39,0
San Vendemiano,2015,12,7,7.19,-0.3,0
San Vendemiano,2015,12,8,7.5,-0.53,0
San Vendemiano,2015,12,9,6.45,-0.35,0
San Vendemiano,2015,12,10,6.67,-0.91,0
San Vendemiano,2015,12,11,5.46,-3.39,0
San Vendemiano,2015,12,12,5.73,-4.15,0
San Vendemiano,2015,12,13,4.11,-3.29,0
San Vendemiano,2015,12,14,6.35,-1.98,0
San Vendemiano,2015,12,15,7.58,-3.1,0
San Vendemiano,2015,12,16,9.02,-1.32,0
San Vendemiano,2015,12,17,7.83,-1.07,0
San Vendemiano,2015,12,18,9.3,-1.35,0
San Vendemiano,2015,12,19,8.47,-0.26,0
San Vendemiano,2015,12,20,7.91,-1.02,0
San Vendemiano,2015,12,21,6.82,-0.01,0
San Vendemiano,2015,12,22,7.57,0.95,0
San Vendemiano,2015,12,23,5.74,0.41,0
San Vendemiano,2015,12,24,7.54,0.79,0
San Vendemiano,2015,12,25,7.78,0.31,0
San Vendemiano,2015,12,26,6.27,-0.36,0
San Vendemiano,2015,12,27,4.44,-1.95,0
San Vendemiano,2015,12,28,3.95,-4.24,0
San Vendemiano,2015,12,29,4.03,-4.46,0
San Vendemiano,2015,12,30,6.48,-3.44,0
San Vendemiano,2015,12,31,6.14,-3.35,0
San Vendemiano,2016,1,1,5.39,-2.8,0
San Vendemiano,2016,1,2,2,-2.9,4
San Vendemiano,2016,1,3,2.1,-1.06,3.2
San Vendemiano,2016,1,4,1.33,-2.12,2.4
San Vendemiano,2016,1,5,1.45,-2.32,0
San Vendemiano,2016,1,6,4.16,-0.86,0
San Vendemiano,2016,1,7,5.76,-4.1,0
San Vendemiano,2016,1,8,5.02,-2.8,0
San Vendemiano,2016,1,9,5.57,2.53,11.8
San Vendemiano,2016,1,10,8.3,2.28,6.6
San Vendemiano,2016,1,11,13.07,2.89,9.5
San Vendemiano,2016,1,12,13.65,2.39,0
San Vendemiano,2016,1,13,11.52,0.66,0
San Vendemiano,2016,1,14,7.42,-1.62,0
San Vendemiano,2016,1,15,9.17,-1.97,0
San Vendemiano,2016,1,16,8.69,-2.78,0
San Vendemiano,2016,1,17,7.34,-4.44,0
San Vendemiano,2016,1,18,5.13,-6.78,0
San Vendemiano,2016,1,19,3.02,-7.66,0
San Vendemiano,2016,1,20,4.28,-6.77,0
San Vendemiano,2016,1,21,4.76,-6.85,0
San Vendemiano,2016,1,22,5.66,-5.22,0
San Vendemiano,2016,1,23,7.55,-4.3,0
San Vendemiano,2016,1,24,7.38,-4.12,0
San Vendemiano,2016,1,25,11.79,-2.68,0
San Vendemiano,2016,1,26,13.6,-2,0
San Vendemiano,2016,1,27,11.28,-1,0
San Vendemiano,2016,1,28,10.93,2.6,0
San Vendemiano,2016,1,29,12.99,1.41,0
San Vendemiano,2016,1,30,9.91,2.92,0
San Vendemiano,2016,1,31,12.81,3.55,0
San Vendemiano,2016,2,1,12.03,3.01,0
San Vendemiano,2016,2,2,10.13,4.61,0
San Vendemiano,2016,2,3,9.88,3.41,12.8
San Vendemiano,2016,2,4,13.12,1.02,0
San Vendemiano,2016,2,5,10.71,-0.1,0
San Vendemiano,2016,2,6,11.02,-0.45,0
San Vendemiano,2016,2,7,10.32,3.53,5.3
San Vendemiano,2016,2,8,10.82,5.31,12.6
San Vendemiano,2016,2,9,12.43,2.46,13.6
San Vendemiano,2016,2,10,11.07,1.93,5.8
San Vendemiano,2016,2,11,11.75,-1.25,0
San Vendemiano,2016,2,12,9.89,1.68,7.9
San Vendemiano,2016,2,13,10.13,0.87,0
San Vendemiano,2016,2,14,8.75,3.02,7.7
San Vendemiano,2016,2,15,10.33,5.19,8.2
San Vendemiano,2016,2,16,9.14,6.11,11.1
San Vendemiano,2016,2,17,8.44,3.26,10.5
San Vendemiano,2016,2,18,11.4,3.25,0
San Vendemiano,2016,2,19,12.7,2.86,0
San Vendemiano,2016,2,20,13.7,2.06,0
San Vendemiano,2016,2,21,14.04,1.43,0
San Vendemiano,2016,2,22,12.85,2.64,0
San Vendemiano,2016,2,23,13.89,4.93,3.4
San Vendemiano,2016,2,24,12.68,2.91,0
San Vendemiano,2016,2,25,9.86,3.94,0
San Vendemiano,2016,2,26,8.33,3.85,0
San Vendemiano,2016,2,27,7.75,4.87,8.2
San Vendemiano,2016,2,28,10.06,6.85,22.4
San Vendemiano,2016,2,29,14.17,6.89,22.1
San Vendemiano,2016,3,1,16.41,4.44,1.9
San Vendemiano,2016,3,2,15.35,3.03,4.8
San Vendemiano,2016,3,3,12.86,1.52,9.2
San Vendemiano,2016,3,4,12.71,0.26,0
San Vendemiano,2016,3,5,11.19,3.27,15.9
San Vendemiano,2016,3,6,9.94,2.44,13.8
San Vendemiano,2016,3,7,9.25,3.36,4.8
San Vendemiano,2016,3,8,10.93,3.2,7.7
San Vendemiano,2016,3,9,12.54,5.1,1.1
San Vendemiano,2016,3,10,15.79,3.65,0
San Vendemiano,2016,3,11,15.65,6.37,0
San Vendemiano,2016,3,12,15.88,7.37,0
San Vendemiano,2016,3,13,14.06,6.69,0
San Vendemiano,2016,3,14,13.48,3.67,0
San Vendemiano,2016,3,15,10.9,1.09,0
San Vendemiano,2016,3,16,12.14,3.25,0
San Vendemiano,2016,3,17,16.67,3.83,0
San Vendemiano,2016,3,18,16.92,1.29,0
San Vendemiano,2016,3,19,17.42,3.13,0
San Vendemiano,2016,3,20,17.83,4.94,0
San Vendemiano,2016,3,21,17.36,6.35,0
San Vendemiano,2016,3,22,17.25,6.52,0
San Vendemiano,2016,3,23,15.61,5.47,0
San Vendemiano,2016,3,24,17,2.11,0
San Vendemiano,2016,3,25,16.45,4.15,0
San Vendemiano,2016,3,26,16.66,3.89,0
San Vendemiano,2016,3,27,17.07,3.74,0
San Vendemiano,2016,3,28,16.14,8.17,0
San Vendemiano,2016,3,29,19.79,6.52,0
San Vendemiano,2016,3,30,18.79,8.94,0
San Vendemiano,2016,3,31,17.92,8.53,0
San Vendemiano,2016,4,1,20.21,9.99,0
San Vendemiano,2016,4,2,19.88,8.99,0
San Vendemiano,2016,4,3,20.82,6.85,0
San Vendemiano,2016,4,4,19.52,10.2,0
San Vendemiano,2016,4,5,21.62,9.91,0
San Vendemiano,2016,4,6,21.97,9.34,0
San Vendemiano,2016,4,7,19.91,10.35,0
San Vendemiano,2016,4,8,17.97,11.54,10.8
San Vendemiano,2016,4,9,19.33,9.91,7.6
San Vendemiano,2016,4,10,21.6,8.91,0
San Vendemiano,2016,4,11,22.61,7.97,0
San Vendemiano,2016,4,12,21.77,7.84,0
San Vendemiano,2016,4,13,21.66,9.35,0
San Vendemiano,2016,4,14,21.99,10.22,0
San Vendemiano,2016,4,15,21.83,7.28,0
San Vendemiano,2016,4,16,21.5,10.49,0
San Vendemiano,2016,4,17,22.34,11.58,0
San Vendemiano,2016,4,18,24.49,10.74,0
San Vendemiano,2016,4,19,21,9.28,0
San Vendemiano,2016,4,20,21.31,6.97,0
San Vendemiano,2016,4,21,21.79,7.47,0
San Vendemiano,2016,4,22,22.06,9.75,0
San Vendemiano,2016,4,23,18.48,9.89,2.7
San Vendemiano,2016,4,24,16.35,6.13,3
San Vendemiano,2016,4,25,16.12,5.1,0
San Vendemiano,2016,4,26,16.07,3.91,1.7
San Vendemiano,2016,4,27,18.51,5.4,5.8
San Vendemiano,2016,4,28,16.28,5.01,0
San Vendemiano,2016,4,29,19.2,5.84,0
San Vendemiano,2016,4,30,20.06,6,0
San Vendemiano,2016,5,1,17.97,9.85,10.3
San Vendemiano,2016,5,2,21.72,10.35,3.2
San Vendemiano,2016,5,3,24.3,9.42,0
San Vendemiano,2016,5,4,23.9,9.88,0
San Vendemiano,2016,5,5,23.05,9.57,0
San Vendemiano,2016,5,6,24.36,8.81,0
San Vendemiano,2016,5,7,24.36,8.61,0
San Vendemiano,2016,5,8,24.09,10.61,0
San Vendemiano,2016,5,9,19.26,12.3,0
San Vendemiano,2016,5,10,18.82,13.57,0
San Vendemiano,2016,5,11,17.58,12.28,18.2
San Vendemiano,2016,5,12,21.57,12.65,18.6
San Vendemiano,2016,5,13,21.5,11.75,5.3
San Vendemiano,2016,5,14,23.34,12.34,8
San Vendemiano,2016,5,15,21.99,10.98,5.3
San Vendemiano,2016,5,16,19.87,9.1,0
San Vendemiano,2016,5,17,21.21,7.74,0
San Vendemiano,2016,5,18,21.06,8.24,0
San Vendemiano,2016,5,19,23.24,10.71,3.7
San Vendemiano,2016,5,20,26.37,10.82,0
San Vendemiano,2016,5,21,26.94,10.96,0
San Vendemiano,2016,5,22,27.31,11.86,0
San Vendemiano,2016,5,23,24.98,12,10.3
San Vendemiano,2016,5,24,25.24,10.76,0
San Vendemiano,2016,5,25,25.86,11.11,0
San Vendemiano,2016,5,26,27.37,12.56,0
San Vendemiano,2016,5,27,27.09,13.37,0
San Vendemiano,2016,5,28,28.11,15.23,0
San Vendemiano,2016,5,29,24.33,14.39,16.4
San Vendemiano,2016,5,30,23.2,13.75,19.7
San Vendemiano,2016,5,31,23.4,13.46,8.8
San Vendemiano,2016,6,1,23.12,13.49,0
San Vendemiano,2016,6,2,23.97,14.18,4.2
San Vendemiano,2016,6,3,24.29,14.43,0
San Vendemiano,2016,6,4,24.72,14.82,5.7
San Vendemiano,2016,6,5,26.85,15.48,0
San Vendemiano,2016,6,6,26.75,15.49,4.1
San Vendemiano,2016,6,7,28.81,14.52,0
San Vendemiano,2016,6,8,26.52,15.25,5
San Vendemiano,2016,6,9,22.98,15.66,14
San Vendemiano,2016,6,10,25.25,15.7,4.6
San Vendemiano,2016,6,11,25.39,15.4,10.2
San Vendemiano,2016,6,12,24.49,15.22,6.5
San Vendemiano,2016,6,13,25.66,14.47,0
San Vendemiano,2016,6,14,24.74,15.17,14
San Vendemiano,2016,6,15,26.14,14.96,9.9
San Vendemiano,2016,6,16,25.06,17.17,5.4
San Vendemiano,2016,6,17,26.09,14.92,0
San Vendemiano,2016,6,18,26.18,12.79,0
San Vendemiano,2016,6,19,25.89,14.33,2.5
San Vendemiano,2016,6,20,26.68,15.34,0
San Vendemiano,2016,6,21,29.95,14.29,0
San Vendemiano,2016,6,22,32.13,16.98,0
San Vendemiano,2016,6,23,33.61,17.5,0
San Vendemiano,2016,6,24,33.92,19.59,0
San Vendemiano,2016,6,25,34.07,20.25,0
San Vendemiano,2016,6,26,31.03,18.57,9.7
San Vendemiano,2016,6,27,28.89,16.78,8
San Vendemiano,2016,6,28,29.75,15.36,0
San Vendemiano,2016,6,29,30.02,16.73,0
San Vendemiano,2016,6,30,31.26,18.72,3.2
San Vendemiano,2016,7,1,30.25,19.35,0
San Vendemiano,2016,7,2,31.78,19.68,6.2
San Vendemiano,2016,7,3,29.16,19.57,4.5
San Vendemiano,2016,7,4,29.58,18.51,0
San Vendemiano,2016,7,5,31.29,16,0
San Vendemiano,2016,7,6,31.04,18.28,0
San Vendemiano,2016,7,7,30.25,18.22,0
San Vendemiano,2016,7,8,30.9,18.78,0
San Vendemiano,2016,7,9,32.29,19.73,0
San Vendemiano,2016,7,10,32.11,20.31,0
San Vendemiano,2016,7,11,32.82,20.52,0
San Vendemiano,2016,7,12,31.76,20.36,0
San Vendemiano,2016,7,13,31,16.98,7.8
San Vendemiano,2016,7,14,27.77,15.21,0
San Vendemiano,2016,7,15,26.46,14.8,0
San Vendemiano,2016,7,16,28.57,13.57,0
San Vendemiano,2016,7,17,30.85,13.84,0
San Vendemiano,2016,7,18,32.13,16.35,0
San Vendemiano,2016,7,19,31.85,17.67,0
San Vendemiano,2016,7,20,31.24,18.82,0
San Vendemiano,2016,7,21,31.6,19.64,0
San Vendemiano,2016,7,22,31.52,19.42,0
San Vendemiano,2016,7,23,30.17,19.07,0
San Vendemiano,2016,7,24,29.84,19.24,0
San Vendemiano,2016,7,25,31.91,19.93,0
San Vendemiano,2016,7,26,31.46,19.93,0
San Vendemiano,2016,7,27,31,19.17,0
San Vendemiano,2016,7,28,29.76,18.96,0
San Vendemiano,2016,7,29,31.78,18.45,0
San Vendemiano,2016,7,30,31.92,19.07,0
San Vendemiano,2016,7,31,28.66,19.03,7.2
San Vendemiano,2016,8,1,27.99,18.87,7.9
San Vendemiano,2016,8,2,30.28,17.35,0
San Vendemiano,2016,8,3,31.07,17.62,0
San Vendemiano,2016,8,4,30.75,17.07,0
San Vendemiano,2016,8,5,29.61,16.03,9.7
San Vendemiano,2016,8,6,30.45,15.74,0
San Vendemiano,2016,8,7,30.37,16.35,0
San Vendemiano,2016,8,8,30.34,15.12,0
San Vendemiano,2016,8,9,31.31,15.58,0
San Vendemiano,2016,8,10,24.48,15.32,11.3
San Vendemiano,2016,8,11,25.11,13.98,0
San Vendemiano,2016,8,12,27.59,12.61,0
San Vendemiano,2016,8,13,28.89,13.61,0
San Vendemiano,2016,8,14,30.12,14.43,0
San Vendemiano,2016,8,15,30.38,16.14,0
San Vendemiano,2016,8,16,30,16.48,4.8
San Vendemiano,2016,8,17,29.79,17.3,6.3
San Vendemiano,2016,8,18,27.52,16.57,0
San Vendemiano,2016,8,19,28.55,19.31,2.4
San Vendemiano,2016,8,20,30.27,16.97,3.5
San Vendemiano,2016,8,21,29.19,17.13,14.2
San Vendemiano,2016,8,22,28.62,14.74,0
San Vendemiano,2016,8,23,29.67,14.02,0
San Vendemiano,2016,8,24,29.92,14.9,0
San Vendemiano,2016,8,25,29.75,16.61,0
San Vendemiano,2016,8,26,29.22,16.7,0
San Vendemiano,2016,8,27,30.81,15.33,0
San Vendemiano,2016,8,28,31.54,16.63,0
San Vendemiano,2016,8,29,32.18,17.9,0
San Vendemiano,2016,8,30,28.97,18.99,0
San Vendemiano,2016,8,31,30.18,18.17,0
San Vendemiano,2016,9,1,30.65,16.54,0
San Vendemiano,2016,9,2,30.75,17.82,0
San Vendemiano,2016,9,3,30.92,16.88,0
San Vendemiano,2016,9,4,30.35,17.6,5.9
San Vendemiano,2016,9,5,28.64,16.64,0
San Vendemiano,2016,9,6,28.05,14.23,0
San Vendemiano,2016,9,7,29.03,16.15,0
San Vendemiano,2016,9,8,30,15.64,0
San Vendemiano,2016,9,9,31.03,16.73,0
San Vendemiano,2016,9,10,31.5,16.48,0
San Vendemiano,2016,9,11,30.85,17.77,0
San Vendemiano,2016,9,12,31.29,16.68,0
San Vendemiano,2016,9,13,31.1,16.18,0
San Vendemiano,2016,9,14,30.31,15.77,0
San Vendemiano,2016,9,15,26.57,16.14,2.6
San Vendemiano,2016,9,16,22.8,15.31,23.9
San Vendemiano,2016,9,17,24.87,14.92,18.5
San Vendemiano,2016,9,18,25.18,14.01,3.2
San Vendemiano,2016,9,19,27.03,14.71,0
San Vendemiano,2016,9,20,26.42,14.32,0
San Vendemiano,2016,9,21,22,13.43,11.8
San Vendemiano,2016,9,22,23.52,11.42,0
San Vendemiano,2016,9,23,24.56,9.77,0
San Vendemiano,2016,9,24,25.89,11.75,0
San Vendemiano,2016,9,25,25.63,10.17,0
San Vendemiano,2016,9,26,25.5,10.81,0
San Vendemiano,2016,9,27,24.92,12.88,0
San Vendemiano,2016,9,28,25.63,11.76,0
San Vendemiano,2016,9,29,25.16,11.36,0
San Vendemiano,2016,9,30,24.04,12.88,0
San Vendemiano,2016,10,1,24.62,12.62,3.2
San Vendemiano,2016,10,2,22.86,14.59,6.2
San Vendemiano,2016,10,3,23.3,10.9,7.3
San Vendemiano,2016,10,4,24,7.99,0
San Vendemiano,2016,10,5,18.56,8.24,0
San Vendemiano,2016,10,6,19.12,6.9,0
San Vendemiano,2016,10,7,18.81,7.05,0
San Vendemiano,2016,10,8,17.55,7.59,0
San Vendemiano,2016,10,9,17.07,10.15,2.4
San Vendemiano,2016,10,10,16.52,7.1,0
San Vendemiano,2016,10,11,16.8,4.8,0
San Vendemiano,2016,10,12,18.01,3.65,0
San Vendemiano,2016,10,13,15.62,6.19,1.8
San Vendemiano,2016,10,14,17.31,9.89,34
San Vendemiano,2016,10,15,19.32,11.46,18.9
San Vendemiano,2016,10,16,20.98,11.05,0
San Vendemiano,2016,10,17,18.73,10.53,0
San Vendemiano,2016,10,18,19.54,10.95,0
San Vendemiano,2016,10,19,18.26,9.4,10.3
San Vendemiano,2016,10,20,15.52,8.73,5.9
San Vendemiano,2016,10,21,17.26,6.91,0
San Vendemiano,2016,10,22,15.72,5.58,0
San Vendemiano,2016,10,23,15.65,7.86,0
San Vendemiano,2016,10,24,14.12,11.11,3.5
San Vendemiano,2016,10,25,15.53,12.05,7.2
San Vendemiano,2016,10,26,18.78,11.77,0
San Vendemiano,2016,10,27,20.23,9.37,0
San Vendemiano,2016,10,28,19.16,7.67,0
San Vendemiano,2016,10,29,19.61,6.1,0
San Vendemiano,2016,10,30,18.52,5.65,0
San Vendemiano,2016,10,31,16.93,5.85,0
San Vendemiano,2016,11,1,13.16,6.2,0
San Vendemiano,2016,11,2,15.19,7.21,0
San Vendemiano,2016,11,3,15.74,5.93,0
San Vendemiano,2016,11,4,13.75,4.62,0
San Vendemiano,2016,11,5,14.2,8.27,18.9
San Vendemiano,2016,11,6,17.78,8.2,13.2
San Vendemiano,2016,11,7,15.23,4.76,0
San Vendemiano,2016,11,8,11.37,2.72,0
San Vendemiano,2016,11,9,10.59,1.14,0
San Vendemiano,2016,11,10,10.45,2.58,0
San Vendemiano,2016,11,11,11.26,3.08,5.4
San Vendemiano,2016,11,12,14,2.21,0
San Vendemiano,2016,11,13,10.37,1.13,0
San Vendemiano,2016,11,14,9.27,1.69,0
San Vendemiano,2016,11,15,9.75,-0.28,0
San Vendemiano,2016,11,16,9.7,-0.03,0
San Vendemiano,2016,11,17,11.6,1.87,0
San Vendemiano,2016,11,18,11.05,6.39,11.2
San Vendemiano,2016,11,19,13.43,8.5,16.9
San Vendemiano,2016,11,20,12.09,8.21,4
San Vendemiano,2016,11,21,12.69,9.16,3.5
San Vendemiano,2016,11,22,14.86,11.65,0
San Vendemiano,2016,11,23,14.47,8.66,0
San Vendemiano,2016,11,24,14.89,10.65,0
San Vendemiano,2016,11,25,14.26,11.07,8.1
San Vendemiano,2016,11,26,13.09,7.87,7.1
San Vendemiano,2016,11,27,12.73,5.36,0
San Vendemiano,2016,11,28,10.39,3.22,0
San Vendemiano,2016,11,29,7.82,-1.81,0
San Vendemiano,2016,11,30,10.09,-2.83,0
San Vendemiano,2016,12,1,10.72,-1.71,0
San Vendemiano,2016,12,2,12.51,-1.94,0
San Vendemiano,2016,12,3,7.24,0.3,0
San Vendemiano,2016,12,4,7.22,1.56,0
San Vendemiano,2016,12,5,7.66,-0.25,0
San Vendemiano,2016,12,6,7.13,-1.39,0
San Vendemiano,2016,12,7,6.48,-2.29,0
San Vendemiano,2016,12,8,6.05,-2.69,0
San Vendemiano,2016,12,9,5.44,-2.91,0
San Vendemiano,2016,12,10,5.5,-3.84,0
San Vendemiano,2016,12,11,5.45,-2.81,0
San Vendemiano,2016,12,12,8.18,-0.1,0
San Vendemiano,2016,12,13,4.28,-2.07,0
San Vendemiano,2016,12,14,4.73,-1,0
San Vendemiano,2016,12,15,5.11,-2.26,0
San Vendemiano,2016,12,16,5.35,-2.35,0
San Vendemiano,2016,12,17,4.45,-3.9,0
San Vendemiano,2016,12,18,2.67,-3.35,0
San Vendemiano,2016,12,19,6.27,-1.96,0
San Vendemiano,2016,12,20,8.37,1.37,0
San Vendemiano,2016,12,21,9.98,0.05,0
San Vendemiano,2016,12,22,8.79,-1.51,0
San Vendemiano,2016,12,23,8.25,-2.85,0
San Vendemiano,2016,12,24,9.18,-1.91,0
San Vendemiano,2016,12,25,10.98,-0.66,0
San Vendemiano,2016,12,26,11.79,-1.26,0
San Vendemiano,2016,12,27,12.41,0.46,0
San Vendemiano,2016,12,28,12.94,-2.41,0
San Vendemiano,2016,12,29,5.8,-3,0
San Vendemiano,2016,12,30,5.56,-5.35,0
San Vendemiano,2016,12,31,3.82,-5.36,0
San Vendemiano,2017,1,1,5.76,-5.78,0
San Vendemiano,2017,1,2,6.23,-3.15,0
San Vendemiano,2017,1,3,9.64,-3.69,0
San Vendemiano,2017,1,4,9.1,-4.65,0
San Vendemiano,2017,1,5,7.71,-4.92,0
San Vendemiano,2017,1,6,3.23,-7.45,0
San Vendemiano,2017,1,7,2.29,-10.3,0
San Vendemiano,2017,1,8,3.02,-8.8,0
San Vendemiano,2017,1,9,4.24,-6.8,0
San Vendemiano,2017,1,10,1.44,-5.34,0
San Vendemiano,2017,1,11,1.39,-7.42,0
San Vendemiano,2017,1,12,1.91,-5.9,0
San Vendemiano,2017,1,13,5.99,-1.79,4.7
San Vendemiano,2017,1,14,8.66,-3.16,0
San Vendemiano,2017,1,15,6.11,-5.2,0
San Vendemiano,2017,1,16,4.94,-4.71,0
San Vendemiano,2017,1,17,7.09,-0.62,0
San Vendemiano,2017,1,18,6.54,-0.46,0
San Vendemiano,2017,1,19,6.52,-2.69,0
San Vendemiano,2017,1,20,4.8,-4.18,0
San Vendemiano,2017,1,21,5.19,-7.62,0
San Vendemiano,2017,1,22,5.93,-7.41,0
San Vendemiano,2017,1,23,5.65,-3.84,0
San Vendemiano,2017,1,24,10.05,-2.21,0
San Vendemiano,2017,1,25,7.74,-3.16,0
San Vendemiano,2017,1,26,5.55,-4.19,0
San Vendemiano,2017,1,27,6.27,-6.12,0
San Vendemiano,2017,1,28,5.88,-5.56,0
San Vendemiano,2017,1,29,6.76,-4.85,0
San Vendemiano,2017,1,30,5.9,-4.64,0
San Vendemiano,2017,1,31,5.96,-0.44,0
San Vendemiano,2017,2,1,7.18,1.76,0
San Vendemiano,2017,2,2,6.84,3.02,2.9
San Vendemiano,2017,2,3,11.18,4.2,5.2
San Vendemiano,2017,2,4,9.32,3.21,7.1
San Vendemiano,2017,2,5,8.88,1.9,16
San Vendemiano,2017,2,6,11.52,5.09,11.7
San Vendemiano,2017,2,7,12.01,4.31,0
San Vendemiano,2017,2,8,9.87,2.36,0
San Vendemiano,2017,2,9,8.73,1.39,0
San Vendemiano,2017,2,10,6.93,2.77,0
San Vendemiano,2017,2,11,8.29,3.54,0
San Vendemiano,2017,2,12,10.89,3.27,0
San Vendemiano,2017,2,13,9.79,2.03,0
San Vendemiano,2017,2,14,12.08,-0.21,0
San Vendemiano,2017,2,15,14.72,-0.68,0
San Vendemiano,2017,2,16,15.76,-0.39,0
San Vendemiano,2017,2,17,12.42,-0.41,0
San Vendemiano,2017,2,18,12.6,0.9,0
San Vendemiano,2017,2,19,11.31,-0.39,0
San Vendemiano,2017,2,20,11.45,0,0
San Vendemiano,2017,2,21,10.28,0.92,0
San Vendemiano,2017,2,22,11.28,2.91,0
San Vendemiano,2017,2,23,8.81,2.65,0
San Vendemiano,2017,2,24,11.89,3.13,6.5
San Vendemiano,2017,2,25,13.38,1.38,0
San Vendemiano,2017,2,26,12.83,-0.82,0
San Vendemiano,2017,2,27,13.47,1.16,0
San Vendemiano,2017,2,28,13.73,4.92,8.4
San Vendemiano,2017,3,1,14.95,4.27,3.9
San Vendemiano,2017,3,2,16.21,1.7,0
San Vendemiano,2017,3,3,14.32,2.82,0
San Vendemiano,2017,3,4,12.76,6.23,5.2
San Vendemiano,2017,3,5,15.63,5.94,3.2
San Vendemiano,2017,3,6,15.48,4.07,0
San Vendemiano,2017,3,7,18.63,3.86,0
San Vendemiano,2017,3,8,19.85,2.3,0
San Vendemiano,2017,3,9,19.25,2.87,0
San Vendemiano,2017,3,10,19.27,3.9,0
San Vendemiano,2017,3,11,15.94,0.38,0
San Vendemiano,2017,3,12,14.78,2.36,0
San Vendemiano,2017,3,13,17.34,0.85,0
San Vendemiano,2017,3,14,19.14,2.56,0
San Vendemiano,2017,3,15,18.54,4.23,0
San Vendemiano,2017,3,16,20.22,3.04,0
San Vendemiano,2017,3,17,20.12,3.56,0
San Vendemiano,2017,3,18,19.75,7.34,0
San Vendemiano,2017,3,19,19.02,6.89,0
San Vendemiano,2017,3,20,19.04,7.16,0
San Vendemiano,2017,3,21,17.34,9.07,0
San Vendemiano,2017,3,22,16.9,10.15,0
San Vendemiano,2017,3,23,19.96,9.14,0
San Vendemiano,2017,3,24,21.38,7.2,0
San Vendemiano,2017,3,25,21.71,7.04,0
San Vendemiano,2017,3,26,17.81,6.98,3.2
San Vendemiano,2017,3,27,19.31,3.6,0
San Vendemiano,2017,3,28,21.98,1.67,0
San Vendemiano,2017,3,29,24.84,4.87,0
San Vendemiano,2017,3,30,24.88,7.19,0
San Vendemiano,2017,3,31,23.29,7.75,0
San Vendemiano,2017,4,1,21.68,9,0
San Vendemiano,2017,4,2,22.62,9.74,0
San Vendemiano,2017,4,3,25.42,8.13,0
San Vendemiano,2017,4,4,22.22,8.9,0
San Vendemiano,2017,4,5,20.79,9.57,5.2
San Vendemiano,2017,4,6,20.45,8.72,0
San Vendemiano,2017,4,7,20.69,7.94,0
San Vendemiano,2017,4,8,22.29,7.39,0
San Vendemiano,2017,4,9,23.15,8.7,0
San Vendemiano,2017,4,10,23.42,9.8,0
San Vendemiano,2017,4,11,23.49,11.16,0
San Vendemiano,2017,4,12,21.66,10.78,0
San Vendemiano,2017,4,13,24.81,10.7,0
San Vendemiano,2017,4,14,24.01,11.75,0
San Vendemiano,2017,4,15,20.72,11.2,3.9
San Vendemiano,2017,4,16,22.99,9.04,4.2
San Vendemiano,2017,4,17,17.33,7.06,0
San Vendemiano,2017,4,18,14.71,5.51,3.2
San Vendemiano,2017,4,19,15.65,3.77,0
San Vendemiano,2017,4,20,17.65,2.76,0
San Vendemiano,2017,4,21,17.92,2.67,0
San Vendemiano,2017,4,22,19.77,3.33,0
San Vendemiano,2017,4,23,21.08,6.55,0
San Vendemiano,2017,4,24,16.55,10.72,0
San Vendemiano,2017,4,25,17.56,9.69,0
San Vendemiano,2017,4,26,17.47,12.58,16.4
San Vendemiano,2017,4,27,19.95,9.85,27.9
San Vendemiano,2017,4,28,18.07,6.63,9.3
San Vendemiano,2017,4,29,19.26,4.86,0
San Vendemiano,2017,4,30,19.8,5.47,0
San Vendemiano,2017,5,1,19.37,6.99,4.5
San Vendemiano,2017,5,2,19.93,7.1,0
San Vendemiano,2017,5,3,16.82,8.84,2.4
San Vendemiano,2017,5,4,20.12,8.48,3.6
San Vendemiano,2017,5,5,20.7,9.54,0
San Vendemiano,2017,5,6,19.47,9.29,9.4
San Vendemiano,2017,5,7,19.63,10.51,0
San Vendemiano,2017,5,8,22.58,10.79,0
San Vendemiano,2017,5,9,21.28,11.58,3
San Vendemiano,2017,5,10,18.85,10.02,0
San Vendemiano,2017,5,11,20.57,10.41,0
San Vendemiano,2017,5,12,24.41,13.5,4.6
San Vendemiano,2017,5,13,25.87,13.87,0
San Vendemiano,2017,5,14,26.49,13.23,0
San Vendemiano,2017,5,15,27.04,14.59,5.3
San Vendemiano,2017,5,16,28.55,13.3,0
San Vendemiano,2017,5,17,27.85,14.46,0
San Vendemiano,2017,5,18,26.4,14.67,0
San Vendemiano,2017,5,19,26.4,13.08,0
San Vendemiano,2017,5,20,23.8,12.61,5.9
San Vendemiano,2017,5,21,27.76,12.83,0
San Vendemiano,2017,5,22,28.26,12.72,0
San Vendemiano,2017,5,23,29.14,14.55,0
San Vendemiano,2017,5,24,28.37,15.35,0
San Vendemiano,2017,5,25,25.6,14.7,0
San Vendemiano,2017,5,26,27.92,13.37,0
San Vendemiano,2017,5,27,29.38,14.79,0
San Vendemiano,2017,5,28,30.12,15.97,0
San Vendemiano,2017,5,29,29.42,16.7,0
San Vendemiano,2017,5,30,30.6,17.11,0
San Vendemiano,2017,5,31,30.93,17.73,0
San Vendemiano,2017,6,1,30.37,17.2,0
San Vendemiano,2017,6,2,30.3,17.28,0
San Vendemiano,2017,6,3,30.45,17.36,0
San Vendemiano,2017,6,4,28.64,17.32,0
San Vendemiano,2017,6,5,26.59,16.31,0
San Vendemiano,2017,6,6,27.1,15.51,10.6
San Vendemiano,2017,6,7,26.81,13.23,9.3
San Vendemiano,2017,6,8,26.65,12.63,0
San Vendemiano,2017,6,9,28.4,13.38,0
San Vendemiano,2017,6,10,30.37,16.43,0
San Vendemiano,2017,6,11,30.27,15.73,0
San Vendemiano,2017,6,12,31.71,16.67,0
San Vendemiano,2017,6,13,31.79,18.8,0
San Vendemiano,2017,6,14,29.88,19.76,6.9
San Vendemiano,2017,6,15,30,18.97,0
San Vendemiano,2017,6,16,30.9,19,0
San Vendemiano,2017,6,17,31.2,19.18,0
San Vendemiano,2017,6,18,29.78,15.56,0
San Vendemiano,2017,6,19,31.14,16.52,0
San Vendemiano,2017,6,20,32.46,17.49,0
San Vendemiano,2017,6,21,33.42,18.83,0
San Vendemiano,2017,6,22,33.89,20,0
San Vendemiano,2017,6,23,34.75,22,0
San Vendemiano,2017,6,24,34.13,20.99,0
San Vendemiano,2017,6,25,29.84,20.36,15.4
San Vendemiano,2017,6,26,30.3,18.32,0
San Vendemiano,2017,6,27,28.39,17.66,0
San Vendemiano,2017,6,28,28.97,16.69,20.5
San Vendemiano,2017,6,29,28.03,16.22,9.3
San Vendemiano,2017,6,30,25.67,15.36,6.1
San Vendemiano,2017,7,1,26.87,14.49,0
San Vendemiano,2017,7,2,29.4,14.28,0
San Vendemiano,2017,7,3,29.63,16.65,0
San Vendemiano,2017,7,4,29.75,18.53,0
San Vendemiano,2017,7,5,30.98,18.37,0
San Vendemiano,2017,7,6,32.88,18.26,0
San Vendemiano,2017,7,7,34.15,19.58,0
San Vendemiano,2017,7,8,32.88,19.06,8.7
San Vendemiano,2017,7,9,32.05,20.36,0
San Vendemiano,2017,7,10,32.39,20.64,0
San Vendemiano,2017,7,11,30.82,19.29,8.6
San Vendemiano,2017,7,12,30.87,18.79,0
San Vendemiano,2017,7,13,31.32,20.3,0
San Vendemiano,2017,7,14,27.71,17.54,7.7
San Vendemiano,2017,7,15,30.25,16.27,0
San Vendemiano,2017,7,16,28.45,15.79,0
San Vendemiano,2017,7,17,30.17,14.64,0
San Vendemiano,2017,7,18,31.07,15.59,0
San Vendemiano,2017,7,19,31.62,17.15,0
San Vendemiano,2017,7,20,32.44,18.99,0
San Vendemiano,2017,7,21,32.31,20.25,0
San Vendemiano,2017,7,22,32.48,20.86,0
San Vendemiano,2017,7,23,33.53,19.6,0
San Vendemiano,2017,7,24,30.07,17.55,17.8
San Vendemiano,2017,7,25,28.78,15.41,4.1
San Vendemiano,2017,7,26,29.47,14.39,0
San Vendemiano,2017,7,27,30.72,15.32,0
San Vendemiano,2017,7,28,31.56,17.29,0
San Vendemiano,2017,7,29,30.71,20.12,0
San Vendemiano,2017,7,30,31.56,19.66,0
San Vendemiano,2017,7,31,33.03,19.45,0
San Vendemiano,2017,8,1,34.08,18.09,0
San Vendemiano,2017,8,2,35.99,21.49,0
San Vendemiano,2017,8,3,35.63,21.34,0
San Vendemiano,2017,8,4,37.72,22.43,0
San Vendemiano,2017,8,5,35.86,21.7,0
San Vendemiano,2017,8,6,34.99,19.04,14.6
San Vendemiano,2017,8,7,28.76,18.51,0
San Vendemiano,2017,8,8,31.99,18.41,0
San Vendemiano,2017,8,9,33.82,20.82,0
San Vendemiano,2017,8,10,31.66,18.37,6.2
San Vendemiano,2017,8,11,27.78,16.66,7.2
San Vendemiano,2017,8,12,29.15,14.86,0
San Vendemiano,2017,8,13,29.31,14.52,0
San Vendemiano,2017,8,14,30.14,16.59,0
San Vendemiano,2017,8,15,31,17.09,0
San Vendemiano,2017,8,16,31.33,17.75,0
San Vendemiano,2017,8,17,32.69,19.31,0
San Vendemiano,2017,8,18,32.57,18.17,0
San Vendemiano,2017,8,19,30.56,17.98,9.1
San Vendemiano,2017,8,20,27.29,16.51,0
San Vendemiano,2017,8,21,26.98,14.88,0
San Vendemiano,2017,8,22,27.02,13.26,0
San Vendemiano,2017,8,23,28.27,13.54,0
San Vendemiano,2017,8,24,30.85,16.68,0
San Vendemiano,2017,8,25,31.5,18.27,0
San Vendemiano,2017,8,26,32.91,18.12,0
San Vendemiano,2017,8,27,34.15,19.07,0
San Vendemiano,2017,8,28,30.63,18.79,0
San Vendemiano,2017,8,29,29.24,16.6,0
San Vendemiano,2017,8,30,30.53,16.6,0
San Vendemiano,2017,8,31,32.05,18.26,0
San Vendemiano,2017,9,1,27.27,15.58,10.2
San Vendemiano,2017,9,2,24.69,14.1,12.9
San Vendemiano,2017,9,3,24.33,12.87,4.8
San Vendemiano,2017,9,4,25.74,11.29,0
San Vendemiano,2017,9,5,27.2,14.19,0
San Vendemiano,2017,9,6,27.56,15.29,0
San Vendemiano,2017,9,7,25.67,17.84,7.8
San Vendemiano,2017,9,8,24.08,17.04,0
San Vendemiano,2017,9,9,24.92,16.03,17.1
San Vendemiano,2017,9,10,21.35,16.55,31.6
San Vendemiano,2017,9,11,21.87,14.69,8.2
San Vendemiano,2017,9,12,22.16,11.65,16
San Vendemiano,2017,9,13,21.56,9.7,0
San Vendemiano,2017,9,14,21.21,12.13,2.9
San Vendemiano,2017,9,15,21.37,12.75,10.7
San Vendemiano,2017,9,16,19.88,13.29,5.5
San Vendemiano,2017,9,17,22.42,12.51,3.6
San Vendemiano,2017,9,18,19.44,10.32,10.5
San Vendemiano,2017,9,19,17.8,10.86,7.6
San Vendemiano,2017,9,20,22.53,10.01,0
San Vendemiano,2017,9,21,22.95,8.66,0
San Vendemiano,2017,9,22,23.48,9.43,0
San Vendemiano,2017,9,23,23.31,11.27,0
San Vendemiano,2017,9,24,18.88,12.26,14.8
San Vendemiano,2017,9,25,20.87,11.75,0
San Vendemiano,2017,9,26,22.51,10.33,0
San Vendemiano,2017,9,27,23.44,11.27,0
San Vendemiano,2017,9,28,22.63,12.68,0
San Vendemiano,2017,9,29,21.2,12.04,0
San Vendemiano,2017,9,30,18.15,11.46,0
San Vendemiano,2017,10,1,17.9,11.5,0
San Vendemiano,2017,10,2,20.88,10.2,0
San Vendemiano,2017,10,3,19.78,10.69,0
San Vendemiano,2017,10,4,21.24,11.9,0
San Vendemiano,2017,10,5,21.75,11.13,0
San Vendemiano,2017,10,6,22.24,9.23,0
San Vendemiano,2017,10,7,20.23,7.51,0
San Vendemiano,2017,10,8,21.99,8.64,0
San Vendemiano,2017,10,9,21.63,7.85,0
San Vendemiano,2017,10,10,21.44,9.28,0
San Vendemiano,2017,10,11,22.22,9.11,0
San Vendemiano,2017,10,12,23.24,9.97,0
San Vendemiano,2017,10,13,22.56,9.68,0
San Vendemiano,2017,10,14,22.61,8.77,0
San Vendemiano,2017,10,15,23.57,9.29,0
San Vendemiano,2017,10,16,24.69,8.44,0
San Vendemiano,2017,10,17,22.77,7.61,0
San Vendemiano,2017,10,18,20.52,8.72,0
San Vendemiano,2017,10,19,18.24,8.16,0
San Vendemiano,2017,10,20,17.22,10.16,0
San Vendemiano,2017,10,21,17.84,9.35,0
San Vendemiano,2017,10,22,19.03,8.93,9.6
San Vendemiano,2017,10,23,21.53,6.5,0
San Vendemiano,2017,10,24,21.69,6.43,0
San Vendemiano,2017,10,25,20.04,5.46,0
San Vendemiano,2017,10,26,19.3,4.28,0
San Vendemiano,2017,10,27,20.23,6.05,0
San Vendemiano,2017,10,28,18.92,5.53,0
San Vendemiano,2017,10,29,21.36,6.57,0
San Vendemiano,2017,10,30,19,4.97,0
San Vendemiano,2017,10,31,16.08,4.12,0
San Vendemiano,2017,11,1,16.54,1.89,0
San Vendemiano,2017,11,2,17.08,3.77,0
San Vendemiano,2017,11,3,17.74,5.88,0
San Vendemiano,2017,11,4,14.65,6.29,0
San Vendemiano,2017,11,5,15.57,8.6,30.4
San Vendemiano,2017,11,6,12.89,7.1,24.6
San Vendemiano,2017,11,7,11.51,5.84,7.2
San Vendemiano,2017,11,8,14.32,5.54,0
San Vendemiano,2017,11,9,13.69,6.04,0
San Vendemiano,2017,11,10,13.26,5.11,0
San Vendemiano,2017,11,11,11.38,3.39,0
San Vendemiano,2017,11,12,9.88,4.55,7.1
San Vendemiano,2017,11,13,10.73,3.49,20
San Vendemiano,2017,11,14,12.8,3.62,0
San Vendemiano,2017,11,15,10.51,2.64,0
San Vendemiano,2017,11,16,12.01,4.01,0
San Vendemiano,2017,11,17,12.09,1.43,0
San Vendemiano,2017,11,18,13.15,1.36,0
San Vendemiano,2017,11,19,12.43,0.11,0
San Vendemiano,2017,11,20,10.8,-0.48,0
San Vendemiano,2017,11,21,10.57,0.1,0
San Vendemiano,2017,11,22,11.9,2.43,0
San Vendemiano,2017,11,23,12.08,4.49,0
San Vendemiano,2017,11,24,11.47,3.6,0
San Vendemiano,2017,11,25,11.59,4.07,6.1
San Vendemiano,2017,11,26,10.93,1.18,4.8
San Vendemiano,2017,11,27,8.84,-0.84,0
San Vendemiano,2017,11,28,6.6,-2.26,0
San Vendemiano,2017,11,29,6.54,0.95,4.1
San Vendemiano,2017,11,30,8,-0.98,2.6
San Vendemiano,2017,12,1,4.64,-2.14,0
San Vendemiano,2017,12,2,5.47,-0.43,0
San Vendemiano,2017,12,3,5.61,-1.48,0
San Vendemiano,2017,12,4,6.38,-3.65,0
San Vendemiano,2017,12,5,7.82,-3.29,0
San Vendemiano,2017,12,6,8.6,-3.02,0
San Vendemiano,2017,12,7,6.97,-3.44,0
San Vendemiano,2017,12,8,5.99,-0.89,3.9
San Vendemiano,2017,12,9,6.93,-2.72,0
San Vendemiano,2017,12,10,4.17,-4.35,8.6
San Vendemiano,2017,12,11,10.3,-0.5,20.7
San Vendemiano,2017,12,12,11.6,4.35,16.1
San Vendemiano,2017,12,13,6.58,1.41,0
San Vendemiano,2017,12,14,7.71,0.41,0
San Vendemiano,2017,12,15,8.65,0.6,0
San Vendemiano,2017,12,16,6.86,0.15,0
San Vendemiano,2017,12,17,5.54,-2.91,0
San Vendemiano,2017,12,18,3.27,-4.55,0
San Vendemiano,2017,12,19,3.81,-5.68,0
San Vendemiano,2017,12,20,5.07,-3.93,0
San Vendemiano,2017,12,21,5.38,-3.99,0
San Vendemiano,2017,12,22,6.52,-2.76,0
San Vendemiano,2017,12,23,10.1,-1.92,0
San Vendemiano,2017,12,24,8.94,-2.6,0
San Vendemiano,2017,12,25,6.68,-3.44,0
San Vendemiano,2017,12,26,6.66,0.99,0
San Vendemiano,2017,12,27,7.42,1.94,21.6
San Vendemiano,2017,12,28,6.81,0.62,10.9
San Vendemiano,2017,12,29,6.14,-2.3,0
San Vendemiano,2017,12,30,4.26,-3.12,0
San Vendemiano,2017,12,31,4.34,-3.53,0
San Vendemiano,2018,1,1,6.22,0.03,8.3
San Vendemiano,2018,1,2,8.75,-0.74,0
San Vendemiano,2018,1,3,8.16,-1,0
San Vendemiano,2018,1,4,7.97,-0.61,0
San Vendemiano,2018,1,5,7.38,-0.36,0
San Vendemiano,2018,1,6,9.15,4.05,0
San Vendemiano,2018,1,7,9,5.05,0
San Vendemiano,2018,1,8,9.78,6.07,0
San Vendemiano,2018,1,9,11.83,5.34,34.7
San Vendemiano,2018,1,10,10.35,2.98,0
San Vendemiano,2018,1,11,7.86,2.33,0
San Vendemiano,2018,1,12,9.5,1.62,0
San Vendemiano,2018,1,13,8.3,2.01,0
San Vendemiano,2018,1,14,6.93,0.71,0
San Vendemiano,2018,1,15,5.05,1.16,0
San Vendemiano,2018,1,16,6.53,0.51,0
San Vendemiano,2018,1,17,9.55,0.11,0
San Vendemiano,2018,1,18,11.74,-1.39,0
San Vendemiano,2018,1,19,10.26,-0.72,0
San Vendemiano,2018,1,20,9.41,-2.29,0
San Vendemiano,2018,1,21,10.32,-0.68,0
San Vendemiano,2018,1,22,9.42,-2.3,0
San Vendemiano,2018,1,23,11.19,-1.87,0
San Vendemiano,2018,1,24,10.72,-0.81,0
San Vendemiano,2018,1,25,9.96,-1.42,0
San Vendemiano,2018,1,26,9.81,2.44,0
San Vendemiano,2018,1,27,10.59,2.36,0
San Vendemiano,2018,1,28,11.19,1.53,0
San Vendemiano,2018,1,29,8.27,0.41,0
San Vendemiano,2018,1,30,7.46,1.71,0
San Vendemiano,2018,1,31,7.54,2.76,0
San Vendemiano,2018,2,1,9.92,5.04,7
San Vendemiano,2018,2,2,7.86,4.32,10.1
San Vendemiano,2018,2,3,6.46,1.65,6.2
San Vendemiano,2018,2,4,8.84,-0.09,0
San Vendemiano,2018,2,5,8.3,1.08,0
San Vendemiano,2018,2,6,8.56,1.84,3.6
San Vendemiano,2018,2,7,8.13,3.63,1.8
San Vendemiano,2018,2,8,10.2,2.7,0
San Vendemiano,2018,2,9,10.55,1.68,0
San Vendemiano,2018,2,10,11.02,-0.79,0
San Vendemiano,2018,2,11,8.82,-0.68,0
San Vendemiano,2018,2,12,6.78,-0.8,6
San Vendemiano,2018,2,13,8.35,-0.56,0
San Vendemiano,2018,2,14,9.35,-2.33,0
San Vendemiano,2018,2,15,10.07,-4.47,0
San Vendemiano,2018,2,16,9.46,-2.61,0
San Vendemiano,2018,2,17,8.08,0.62,1.1
San Vendemiano,2018,2,18,6.84,3.73,3.9
San Vendemiano,2018,2,19,6.53,2.24,0
San Vendemiano,2018,2,20,7.82,1.06,0
San Vendemiano,2018,2,21,9.26,2.26,0
San Vendemiano,2018,2,22,8.44,3.26,5.2
San Vendemiano,2018,2,23,8.71,3.2,5
San Vendemiano,2018,2,24,10.76,-0.77,0
San Vendemiano,2018,2,25,2.87,-4.69,0
San Vendemiano,2018,2,26,0.21,-6.12,0
San Vendemiano,2018,2,27,1.55,-6.08,0
San Vendemiano,2018,2,28,1.27,-7.44,0
San Vendemiano,2018,3,1,0.25,-4.1,1.9
San Vendemiano,2018,3,2,2.38,-1.05,3.2
San Vendemiano,2018,3,3,7.07,-0.33,4.7
San Vendemiano,2018,3,4,7.62,0.3,0
San Vendemiano,2018,3,5,7.04,1.45,8.5
San Vendemiano,2018,3,6,8.42,2.93,3.1
San Vendemiano,2018,3,7,13.91,2.5,3.6
San Vendemiano,2018,3,8,15.63,2.32,0
San Vendemiano,2018,3,9,15.28,2.68,0
San Vendemiano,2018,3,10,12.37,6.54,0
San Vendemiano,2018,3,11,11.3,7.21,14
San Vendemiano,2018,3,12,15.75,7.56,5.3
San Vendemiano,2018,3,13,16.08,6.4,1.6
San Vendemiano,2018,3,14,15.16,5.17,0
San Vendemiano,2018,3,15,14.53,5.11,8.1
San Vendemiano,2018,3,16,14.61,6.54,7.6
San Vendemiano,2018,3,17,10.88,6.56,7
San Vendemiano,2018,3,18,8.56,4.93,8.1
San Vendemiano,2018,3,19,7.86,2.1,3
San Vendemiano,2018,3,20,10.26,0.98,0
San Vendemiano,2018,3,21,11.67,0.73,0
San Vendemiano,2018,3,22,12.76,-0.38,0
San Vendemiano,2018,3,23,13.46,1.84,0
San Vendemiano,2018,3,24,12.67,1.87,0
San Vendemiano,2018,3,25,13.56,2.12,0
San Vendemiano,2018,3,26,15.68,0.8,0
San Vendemiano,2018,3,27,17.34,5.87,0
San Vendemiano,2018,3,28,16.36,3.9,0
San Vendemiano,2018,3,29,14.42,8.73,10.7
San Vendemiano,2018,3,30,15.4,7.25,18.1
San Vendemiano,2018,3,31,15.68,7.43,13.7
San Vendemiano,2018,4,1,18.29,6.19,0
San Vendemiano,2018,4,2,17.3,4.15,0
San Vendemiano,2018,4,3,16.1,8.25,0
San Vendemiano,2018,4,4,16.54,9.22,5.9
San Vendemiano,2018,4,5,19.81,9.19,2.8
San Vendemiano,2018,4,6,21.45,6.15,0
San Vendemiano,2018,4,7,20.89,6.89,0
San Vendemiano,2018,4,8,21.26,6.27,0
San Vendemiano,2018,4,9,19.93,8.09,0
San Vendemiano,2018,4,10,19.69,8.99,3.2
San Vendemiano,2018,4,11,18.32,8.26,8.6
San Vendemiano,2018,4,12,16.97,9.69,18.2
San Vendemiano,2018,4,13,21.76,8.44,0
San Vendemiano,2018,4,14,22.27,7.28,0
San Vendemiano,2018,4,15,22.54,10.48,5.7
San Vendemiano,2018,4,16,24.55,10.96,1.2
San Vendemiano,2018,4,17,25.94,11.97,0
San Vendemiano,2018,4,18,26.68,9.97,0
San Vendemiano,2018,4,19,27.68,9.4,0
San Vendemiano,2018,4,20,29.04,10.17,0
San Vendemiano,2018,4,21,26.87,10.92,0
San Vendemiano,2018,4,22,26.34,11.19,0
San Vendemiano,2018,4,23,26.69,13.35,0
San Vendemiano,2018,4,24,26.19,13.41,0
San Vendemiano,2018,4,25,27.15,12.64,0
San Vendemiano,2018,4,26,26.15,14.12,0
San Vendemiano,2018,4,27,25.58,13.59,0
San Vendemiano,2018,4,28,27.57,11.9,0
San Vendemiano,2018,4,29,26.69,13.26,0
San Vendemiano,2018,4,30,23.82,12.65,0
San Vendemiano,2018,5,1,21.92,10.75,2.9
San Vendemiano,2018,5,2,25.18,11.71,4.1
San Vendemiano,2018,5,3,26.61,14.25,8.6
San Vendemiano,2018,5,4,24.39,14.63,2.9
San Vendemiano,2018,5,5,26.9,13.7,0
San Vendemiano,2018,5,6,28.88,15.75,0
San Vendemiano,2018,5,7,27.58,14.17,0
San Vendemiano,2018,5,8,26.92,13.19,0
San Vendemiano,2018,5,9,24.2,12.74,0
San Vendemiano,2018,5,10,25.47,14.11,3.4
San Vendemiano,2018,5,11,26.15,13.96,0
San Vendemiano,2018,5,12,27.31,13.83,0
San Vendemiano,2018,5,13,25.28,13.88,4.1
San Vendemiano,2018,5,14,20.85,13.09,8.2
San Vendemiano,2018,5,15,20.98,10.75,0
San Vendemiano,2018,5,16,23.03,10.14,3.6
San Vendemiano,2018,5,17,23.53,12.43,0
San Vendemiano,2018,5,18,24.67,11.46,0
San Vendemiano,2018,5,19,25.42,12.18,0
San Vendemiano,2018,5,20,26.88,13.03,0
San Vendemiano,2018,5,21,26.59,14.93,0
San Vendemiano,2018,5,22,24.13,15.06,10.3
San Vendemiano,2018,5,23,24.83,15.15,4.2
San Vendemiano,2018,5,24,28.72,15.87,3.6
San Vendemiano,2018,5,25,29.81,16.43,0
San Vendemiano,2018,5,26,29.17,17.08,0
San Vendemiano,2018,5,27,28.68,16.23,0
San Vendemiano,2018,5,28,29.49,18.18,0
San Vendemiano,2018,5,29,29.07,18.83,0
San Vendemiano,2018,5,30,29.45,18.24,0
San Vendemiano,2018,5,31,30.45,18.49,0
San Vendemiano,2018,6,1,29.26,17.68,0
San Vendemiano,2018,6,2,28.87,16.95,0
San Vendemiano,2018,6,3,29.34,15.99,0
San Vendemiano,2018,6,4,29.41,16.96,4
San Vendemiano,2018,6,5,29.81,17.32,4.8
San Vendemiano,2018,6,6,29.29,17.93,0
San Vendemiano,2018,6,7,27.78,17.8,0
San Vendemiano,2018,6,8,28.44,17.26,16
San Vendemiano,2018,6,9,31.13,17.46,0
San Vendemiano,2018,6,10,30.97,18.83,0
San Vendemiano,2018,6,11,30.52,19.3,0
San Vendemiano,2018,6,12,28.94,19.19,6.6
San Vendemiano,2018,6,13,28.12,17.43,5.6
San Vendemiano,2018,6,14,28.38,17.67,0
San Vendemiano,2018,6,15,29.95,18,0
San Vendemiano,2018,6,16,30.87,18.08,0
San Vendemiano,2018,6,17,32.02,17.88,0
San Vendemiano,2018,6,18,32.47,18.68,0
San Vendemiano,2018,6,19,32.15,18.78,0
San Vendemiano,2018,6,20,31.71,19.17,0
San Vendemiano,2018,6,21,31.6,17.41,12.3
San Vendemiano,2018,6,22,26.02,16.12,5.8
San Vendemiano,2018,6,23,24.99,13.04,0
San Vendemiano,2018,6,24,24.4,13.49,0
San Vendemiano,2018,6,25,25.4,15.11,3.2
San Vendemiano,2018,6,26,27.6,14.27,0
San Vendemiano,2018,6,27,27.48,14.83,0
San Vendemiano,2018,6,28,28.88,13.69,0
San Vendemiano,2018,6,29,33.24,17.33,0
San Vendemiano,2018,6,30,32.83,18.69,0
San Vendemiano,2018,7,1,27.99,19.66,0
San Vendemiano,2018,7,2,27.31,17.48,0
San Vendemiano,2018,7,3,29.71,18.85,2.9
San Vendemiano,2018,7,4,30.83,17.57,0
San Vendemiano,2018,7,5,29.44,17.57,9.1
San Vendemiano,2018,7,6,30.26,16.89,0
San Vendemiano,2018,7,7,30.99,17.9,0
San Vendemiano,2018,7,8,30.5,17.49,0
San Vendemiano,2018,7,9,30.25,18.05,0
San Vendemiano,2018,7,10,28.87,18.81,7
San Vendemiano,2018,7,11,25.73,18.88,5.2
San Vendemiano,2018,7,12,28.58,18.27,0
San Vendemiano,2018,7,13,30.38,17.66,0
San Vendemiano,2018,7,14,30.66,17.66,4
San Vendemiano,2018,7,15,30.2,18.59,5.8
San Vendemiano,2018,7,16,30.24,17.12,9.7
San Vendemiano,2018,7,17,32.05,16.83,0
San Vendemiano,2018,7,18,32.88,17.71,0
San Vendemiano,2018,7,19,33.12,18.14,0
San Vendemiano,2018,7,20,32.17,18.08,6.3
San Vendemiano,2018,7,21,29.52,18,11.7
San Vendemiano,2018,7,22,31.29,18.32,3.5
San Vendemiano,2018,7,23,31.56,18.1,0
San Vendemiano,2018,7,24,32.56,17.9,0
San Vendemiano,2018,7,25,33.74,19.46,0
San Vendemiano,2018,7,26,31.67,19.55,0
San Vendemiano,2018,7,27,33.2,18.5,0
San Vendemiano,2018,7,28,34.47,18.38,0
San Vendemiano,2018,7,29,33.76,20.67,0
San Vendemiano,2018,7,30,35.2,21.91,0
San Vendemiano,2018,7,31,36.01,21.75,0
San Vendemiano,2018,8,1,35.75,21.85,0
San Vendemiano,2018,8,2,33.59,21.53,6.6
San Vendemiano,2018,8,3,33.88,21.9,0
San Vendemiano,2018,8,4,34.57,21.37,0
San Vendemiano,2018,8,5,35.27,21.04,0
San Vendemiano,2018,8,6,34.51,20.88,0
San Vendemiano,2018,8,7,34.08,20.86,0
San Vendemiano,2018,8,8,33.8,21.69,0
San Vendemiano,2018,8,9,33.16,19.96,0
San Vendemiano,2018,8,10,31.9,19.75,0
San Vendemiano,2018,8,11,32.37,20.13,0
San Vendemiano,2018,8,12,29.98,20.41,0
San Vendemiano,2018,8,13,30.88,19.44,7.6
San Vendemiano,2018,8,14,28.5,19.19,7.8
San Vendemiano,2018,8,15,29.88,18.46,0
San Vendemiano,2018,8,16,30.65,17.26,0
San Vendemiano,2018,8,17,32.56,16.97,0
San Vendemiano,2018,8,18,33.27,18.65,0
San Vendemiano,2018,8,19,32.98,19.47,0
San Vendemiano,2018,8,20,34.05,19.68,0
San Vendemiano,2018,8,21,33.88,19.57,0
San Vendemiano,2018,8,22,33.93,19.43,0
San Vendemiano,2018,8,23,33.35,19.45,0
San Vendemiano,2018,8,24,31.19,17.43,13.4
San Vendemiano,2018,8,25,26.39,16.42,34.9
San Vendemiano,2018,8,26,23.4,13.48,15.4
San Vendemiano,2018,8,27,28.78,11.28,0
San Vendemiano,2018,8,28,29.65,13.74,0
San Vendemiano,2018,8,29,30.4,15.87,0
San Vendemiano,2018,8,30,28.2,17.52,0
San Vendemiano,2018,8,31,26.25,17.96,14.1
San Vendemiano,2018,9,1,23.7,16.2,26.9
San Vendemiano,2018,9,2,24.48,16.06,7.7
San Vendemiano,2018,9,3,26.7,15.85,4.7
San Vendemiano,2018,9,4,27.66,15.38,0
San Vendemiano,2018,9,5,28.03,16.22,0
San Vendemiano,2018,9,6,28.19,16.8,7.8
San Vendemiano,2018,9,7,26.72,17.08,6.2
San Vendemiano,2018,9,8,28.72,17.03,0
San Vendemiano,2018,9,9,29.48,15.75,0
San Vendemiano,2018,9,10,29.87,16.91,0
San Vendemiano,2018,9,11,30.32,18.12,0
San Vendemiano,2018,9,12,29.56,16.94,0
San Vendemiano,2018,9,13,28.05,18.33,0
San Vendemiano,2018,9,14,29.56,16.82,0
San Vendemiano,2018,9,15,27.56,18.26,4.9
San Vendemiano,2018,9,16,28.91,17.45,0
San Vendemiano,2018,9,17,28.64,16.98,0
San Vendemiano,2018,9,18,28.01,17.07,0
San Vendemiano,2018,9,19,29.3,16.53,0
San Vendemiano,2018,9,20,29.95,16.98,0
San Vendemiano,2018,9,21,29.28,17.19,0
San Vendemiano,2018,9,22,27.5,17.81,0
San Vendemiano,2018,9,23,26.27,14.57,0
San Vendemiano,2018,9,24,24.62,12.62,0
San Vendemiano,2018,9,25,20.52,9.45,0
San Vendemiano,2018,9,26,21.78,6.63,0
San Vendemiano,2018,9,27,25.6,7.5,0
San Vendemiano,2018,9,28,27.58,9.29,0
San Vendemiano,2018,9,29,25.22,11.39,0
San Vendemiano,2018,9,30,20.63,9.47,0
San Vendemiano,2018,10,1,18.96,8.24,4.7
San Vendemiano,2018,10,2,21.48,8.93,0
San Vendemiano,2018,10,3,22.29,7.43,0
San Vendemiano,2018,10,4,23.23,7.84,0
San Vendemiano,2018,10,5,22.98,9.12,0
San Vendemiano,2018,10,6,20.8,12.46,15.9
San Vendemiano,2018,10,7,22.97,12.91,0
San Vendemiano,2018,10,8,23.43,13.22,0
San Vendemiano,2018,10,9,23.69,11.24,0
San Vendemiano,2018,10,10,23.3,11.14,0
San Vendemiano,2018,10,11,23.09,11.08,0
San Vendemiano,2018,10,12,23.9,12.54,0
San Vendemiano,2018,10,13,23.77,10.66,0
San Vendemiano,2018,10,14,22.29,9.97,0
San Vendemiano,2018,10,15,19.66,10.64,0
San Vendemiano,2018,10,16,19.69,12.18,0
San Vendemiano,2018,10,17,20.5,12.8,0
San Vendemiano,2018,10,18,23.5,12.85,0
San Vendemiano,2018,10,19,23.3,10.41,0
San Vendemiano,2018,10,20,22.47,9.24,0
San Vendemiano,2018,10,21,18.72,6.65,0
San Vendemiano,2018,10,22,19.31,6.76,0
San Vendemiano,2018,10,23,24.66,7.01,0
San Vendemiano,2018,10,24,26.26,10.29,0
San Vendemiano,2018,10,25,18.85,11.53,0
San Vendemiano,2018,10,26,16.28,11.93,0
San Vendemiano,2018,10,27,21.21,13.85,28.7
San Vendemiano,2018,10,28,21.69,13.66,55.8
San Vendemiano,2018,10,29,20.68,12.16,72.7
San Vendemiano,2018,10,30,17.64,9.62,30.7
San Vendemiano,2018,10,31,17.46,7.95,0
San Vendemiano,2018,11,1,15.27,10.6,22.5
San Vendemiano,2018,11,2,16.34,11.67,16.3
San Vendemiano,2018,11,3,18.85,11.94,0
San Vendemiano,2018,11,4,18.91,10.24,5.3
San Vendemiano,2018,11,5,17.58,12.1,14.7
San Vendemiano,2018,11,6,17.11,12.2,6.7
San Vendemiano,2018,11,7,18.04,10.69,0
San Vendemiano,2018,11,8,18.22,10.4,0
San Vendemiano,2018,11,9,15.95,9.11,0
San Vendemiano,2018,11,10,14.81,10.13,0
San Vendemiano,2018,11,11,17.22,10.1,0
San Vendemiano,2018,11,12,17,9.48,0
San Vendemiano,2018,11,13,16.59,10.46,0
San Vendemiano,2018,11,14,16.42,8.61,0
San Vendemiano,2018,11,15,15.43,6.67,0
San Vendemiano,2018,11,16,13.34,4.59,0
San Vendemiano,2018,11,17,11.81,3.56,0
San Vendemiano,2018,11,18,10.47,1.62,0
San Vendemiano,2018,11,19,8.85,1.88,5
San Vendemiano,2018,11,20,7.94,3.24,6.2
San Vendemiano,2018,11,21,10.63,3.97,0
San Vendemiano,2018,11,22,9.58,6.73,0
San Vendemiano,2018,11,23,10.49,6.78,9.6
San Vendemiano,2018,11,24,11.7,6.73,13.7
San Vendemiano,2018,11,25,10.59,6.56,6.1
San Vendemiano,2018,11,26,12.52,6.39,0
San Vendemiano,2018,11,27,12.37,4.93,0
San Vendemiano,2018,11,28,10.63,2.6,0
San Vendemiano,2018,11,29,7.78,-0.6,0
San Vendemiano,2018,11,30,7.05,0.4,0
San Vendemiano,2018,12,1,8.17,0.96,0
San Vendemiano,2018,12,2,7.61,1.17,0
San Vendemiano,2018,12,3,11.81,2.59,0
San Vendemiano,2018,12,4,12.59,1.58,0
San Vendemiano,2018,12,5,9.42,0.63,0
San Vendemiano,2018,12,6,9.65,3.27,0
San Vendemiano,2018,12,7,10.11,1.03,0
San Vendemiano,2018,12,8,12.95,2.52,2.1
San Vendemiano,2018,12,9,12.56,0.4,0
San Vendemiano,2018,12,10,12.31,2.18,0
San Vendemiano,2018,12,11,9.7,-1.41,0
San Vendemiano,2018,12,12,7.59,-2.55,0
San Vendemiano,2018,12,13,4.2,-1.85,0
San Vendemiano,2018,12,14,4.52,-0.25,0
San Vendemiano,2018,12,15,3.6,-3.85,0
San Vendemiano,2018,12,16,3.06,-4.23,0
San Vendemiano,2018,12,17,3.8,-2.64,0
San Vendemiano,2018,12,18,3.61,-3.8,0
San Vendemiano,2018,12,19,3.17,-2.77,2.1
San Vendemiano,2018,12,20,3.72,-0.63,3.1
San Vendemiano,2018,12,21,4.88,-1.6,0
San Vendemiano,2018,12,22,7.04,-1.18,0
San Vendemiano,2018,12,23,9.17,1.18,0
San Vendemiano,2018,12,24,9.61,0.56,0
San Vendemiano,2018,12,25,6.7,0.25,0
San Vendemiano,2018,12,26,4.34,-0.85,0
San Vendemiano,2018,12,27,3.84,0.3,0
San Vendemiano,2018,12,28,7.38,-1.06,0
San Vendemiano,2018,12,29,8.5,-0.9,0
San Vendemiano,2018,12,30,8.61,-1.06,0
San Vendemiano,2018,12,31,8.26,-1.11,0
San Vendemiano,2019,1,1,7.47,-1.25,0
San Vendemiano,2019,1,2,8.08,-1.8,0
San Vendemiano,2019,1,3,6.48,-3.9,0
San Vendemiano,2019,1,4,8.09,-5.49,0
San Vendemiano,2019,1,5,7.64,-4.22,0
San Vendemiano,2019,1,6,10.21,-2.78,0
San Vendemiano,2019,1,7,8.7,-2.22,0
San Vendemiano,2019,1,8,4.61,-2.74,0
San Vendemiano,2019,1,9,6.5,-2.28,0
San Vendemiano,2019,1,10,10.15,-3.76,0
San Vendemiano,2019,1,11,8.32,-2.59,0
San Vendemiano,2019,1,12,9.09,-1.75,0
San Vendemiano,2019,1,13,10.78,-1.03,0
San Vendemiano,2019,1,14,12.81,0.73,0
San Vendemiano,2019,1,15,10.57,-0.9,0
San Vendemiano,2019,1,16,9.89,-0.85,0
San Vendemiano,2019,1,17,10.03,2.52,0
San Vendemiano,2019,1,18,8.51,3.29,2.4
San Vendemiano,2019,1,19,4.53,0.22,0
San Vendemiano,2019,1,20,6.15,-2.12,0
San Vendemiano,2019,1,21,6.04,-2.12,0
San Vendemiano,2019,1,22,5.38,-1.85,0
San Vendemiano,2019,1,23,4.12,-0.93,1.2
San Vendemiano,2019,1,24,7.24,-1.53,0
San Vendemiano,2019,1,25,7.71,-3.2,0
San Vendemiano,2019,1,26,7.16,-4.29,0
San Vendemiano,2019,1,27,6.27,-4.25,4
San Vendemiano,2019,1,28,7.56,-0.96,0
San Vendemiano,2019,1,29,8.32,-2.01,0
San Vendemiano,2019,1,30,6.04,-2.1,0
San Vendemiano,2019,1,31,5.2,-0.02,2.9
San Vendemiano,2019,2,1,7.38,1.8,19.8
San Vendemiano,2019,2,2,8.41,2.39,36
San Vendemiano,2019,2,3,7.76,2.28,6.7
San Vendemiano,2019,2,4,8.03,0.43,0
San Vendemiano,2019,2,5,8.62,-0.24,0
San Vendemiano,2019,2,6,10.37,-0.46,0
San Vendemiano,2019,2,7,11,-2.5,0
San Vendemiano,2019,2,8,11.18,0.13,0
San Vendemiano,2019,2,9,11.64,-0.6,0
San Vendemiano,2019,2,10,10.25,3.03,3
San Vendemiano,2019,2,11,13.78,2.77,2.6
San Vendemiano,2019,2,12,13.46,0.37,0
San Vendemiano,2019,2,13,12.34,-1.18,0
San Vendemiano,2019,2,14,13.37,-1.18,0
San Vendemiano,2019,2,15,13.9,-1.49,0
San Vendemiano,2019,2,16,14.75,-2.19,0
San Vendemiano,2019,2,17,15.57,-0.32,0
San Vendemiano,2019,2,18,15.93,-1.34,0
San Vendemiano,2019,2,19,12.95,-0.14,0
San Vendemiano,2019,2,20,13.12,0.82,0
San Vendemiano,2019,2,21,14.76,0.55,0
San Vendemiano,2019,2,22,16.42,-0.51,0
San Vendemiano,2019,2,23,9.15,-0.35,0
San Vendemiano,2019,2,24,11.19,-3.26,0
San Vendemiano,2019,2,25,15.45,-0.59,0
San Vendemiano,2019,2,26,17.48,1.44,0
San Vendemiano,2019,2,27,19.54,1.75,0
San Vendemiano,2019,2,28,18.23,2.05,0
San Vendemiano,2019,3,1,16.1,3.62,0
San Vendemiano,2019,3,2,17.97,3.43,0
San Vendemiano,2019,3,3,17.24,1.48,0
San Vendemiano,2019,3,4,14.88,3.04,2.4
San Vendemiano,2019,3,5,16.41,3.37,0
San Vendemiano,2019,3,6,14.87,2.33,0
San Vendemiano,2019,3,7,17.57,8.26,0
San Vendemiano,2019,3,8,18.18,6.05,0
San Vendemiano,2019,3,9,18.11,5.14,0
San Vendemiano,2019,3,10,15.77,4.79,0
San Vendemiano,2019,3,11,17.46,4.48,0
San Vendemiano,2019,3,12,15.06,2.09,0
San Vendemiano,2019,3,13,14.11,0.91,0
San Vendemiano,2019,3,14,17.63,0.67,0
San Vendemiano,2019,3,15,21.09,4.07,0
San Vendemiano,2019,3,16,21.82,6.03,0
San Vendemiano,2019,3,17,15.51,4.01,0
San Vendemiano,2019,3,18,13.49,4.45,3.2
San Vendemiano,2019,3,19,12.73,2.54,0
San Vendemiano,2019,3,20,15.53,2.12,0
San Vendemiano,2019,3,21,18.13,0.42,0
San Vendemiano,2019,3,22,21.33,1.12,0
San Vendemiano,2019,3,23,22.66,2.24,0
San Vendemiano,2019,3,24,23.58,3.5,0
San Vendemiano,2019,3,25,22.71,4.92,0
San Vendemiano,2019,3,26,16.5,3.19,0
San Vendemiano,2019,3,27,16.66,1.69,0
San Vendemiano,2019,3,28,17.88,2.4,0
San Vendemiano,2019,3,29,20.11,2.08,0
San Vendemiano,2019,3,30,20.98,3.35,0
San Vendemiano,2019,3,31,22.22,2.76,0
San Vendemiano,2019,4,1,22.7,5.28,0
San Vendemiano,2019,4,2,21.55,6.85,0
San Vendemiano,2019,4,3,17.15,8.98,6.5
San Vendemiano,2019,4,4,15.87,8.22,28.3
San Vendemiano,2019,4,5,14.76,7.52,24.1
San Vendemiano,2019,4,6,16.3,7.21,0
San Vendemiano,2019,4,7,17.94,7.42,0
San Vendemiano,2019,4,8,16.94,7.57,0
San Vendemiano,2019,4,9,18.92,9.61,2.7
San Vendemiano,2019,4,10,19.54,8.98,8.4
San Vendemiano,2019,4,11,15.75,11.52,4.1
San Vendemiano,2019,4,12,16.19,10.03,4
San Vendemiano,2019,4,13,13.27,7.59,0
San Vendemiano,2019,4,14,16.47,7.25,0
San Vendemiano,2019,4,15,19.27,7.18,0
San Vendemiano,2019,4,16,20.87,6.01,0
San Vendemiano,2019,4,17,22.06,6.46,0
San Vendemiano,2019,4,18,22.04,6.92,0
San Vendemiano,2019,4,19,24.22,7.16,0
San Vendemiano,2019,4,20,24.72,7.37,0
San Vendemiano,2019,4,21,23.89,7.62,0
San Vendemiano,2019,4,22,20.62,8.37,2.8
San Vendemiano,2019,4,23,15.86,11.78,10.6
San Vendemiano,2019,4,24,21.01,12.44,7
San Vendemiano,2019,4,25,21.03,10.85,0
San Vendemiano,2019,4,26,22.95,10.89,4.8
San Vendemiano,2019,4,27,21.75,7.97,0
San Vendemiano,2019,4,28,15.02,6.62,27.8
San Vendemiano,2019,4,29,18.23,6.45,8
San Vendemiano,2019,4,30,20.65,7.71,0
San Vendemiano,2019,5,1,22.44,9.67,0
San Vendemiano,2019,5,2,22.79,9.15,0
San Vendemiano,2019,5,3,19.84,12.07,11
San Vendemiano,2019,5,4,17.77,9.58,15.7
San Vendemiano,2019,5,5,15.36,6.49,16.6
San Vendemiano,2019,5,6,17.53,6.36,0
San Vendemiano,2019,5,7,17.47,4.97,0
San Vendemiano,2019,5,8,18.41,8.49,5.8
San Vendemiano,2019,5,9,19.85,10.68,7.2
San Vendemiano,2019,5,10,21,9.54,0
San Vendemiano,2019,5,11,20.44,9.56,14.9
San Vendemiano,2019,5,12,17.02,10.05,7.2
San Vendemiano,2019,5,13,18.35,11.39,0
San Vendemiano,2019,5,14,18.07,8.28,0
San Vendemiano,2019,5,15,16.04,7.53,0
San Vendemiano,2019,5,16,18.24,8.74,0
San Vendemiano,2019,5,17,17.78,9.14,0
San Vendemiano,2019,5,18,15.52,11.52,9.4
San Vendemiano,2019,5,19,16.91,11.71,11.1
San Vendemiano,2019,5,20,19.66,12.74,7.9
San Vendemiano,2019,5,21,23.03,12.47,2.4
San Vendemiano,2019,5,22,23.94,13.23,0
San Vendemiano,2019,5,23,25.15,13.53,0
San Vendemiano,2019,5,24,26.23,13.57,0
San Vendemiano,2019,5,25,24.72,14.33,0
San Vendemiano,2019,5,26,23.96,14.97,4.1
San Vendemiano,2019,5,27,19.3,14.38,9.8
San Vendemiano,2019,5,28,22.34,13.84,21.3
San Vendemiano,2019,5,29,19.62,13.38,10.6
San Vendemiano,2019,5,30,23.18,13.34,0
San Vendemiano,2019,5,31,26.09,12.21,0
San Vendemiano,2019,6,1,28.34,12.74,0
San Vendemiano,2019,6,2,29.08,14.17,0
San Vendemiano,2019,6,3,29.45,15.42,0
San Vendemiano,2019,6,4,29.36,16.11,0
San Vendemiano,2019,6,5,27.35,16.29,0
San Vendemiano,2019,6,6,25.78,16.62,0
San Vendemiano,2019,6,7,26.66,15.02,0
San Vendemiano,2019,6,8,29.64,17.36,0
San Vendemiano,2019,6,9,30.44,16.37,0
San Vendemiano,2019,6,10,30.81,19.02,0
San Vendemiano,2019,6,11,31.25,20,0
San Vendemiano,2019,6,12,30.68,19.47,0
San Vendemiano,2019,6,13,31.35,17.14,0
San Vendemiano,2019,6,14,32.4,15.68,0
San Vendemiano,2019,6,15,32.24,19.23,0
San Vendemiano,2019,6,16,32.38,18.75,0
San Vendemiano,2019,6,17,30.56,17.79,0
San Vendemiano,2019,6,18,31.02,17.26,0
San Vendemiano,2019,6,19,30.81,18.16,0
San Vendemiano,2019,6,20,31.66,18.16,0
San Vendemiano,2019,6,21,30.32,17.44,0
San Vendemiano,2019,6,22,28.07,17.58,10
San Vendemiano,2019,6,23,31.1,16.24,0
San Vendemiano,2019,6,24,32.9,17.13,0
San Vendemiano,2019,6,25,35.1,20.02,0
San Vendemiano,2019,6,26,36.97,20.94,0
San Vendemiano,2019,6,27,37.91,22,0
San Vendemiano,2019,6,28,33.94,21.54,0
San Vendemiano,2019,6,29,33.76,19.92,0
San Vendemiano,2019,6,30,33.75,17.92,0
San Vendemiano,2019,7,1,33.43,18.54,0
San Vendemiano,2019,7,2,33.53,18.14,2.6
San Vendemiano,2019,7,3,31.64,18.81,7.3
San Vendemiano,2019,7,4,31.09,17.62,0
San Vendemiano,2019,7,5,32.63,17.86,0
San Vendemiano,2019,7,6,33.18,18.39,3.4
San Vendemiano,2019,7,7,31.29,17.96,1.3
San Vendemiano,2019,7,8,30.21,17.51,4.1
San Vendemiano,2019,7,9,28.21,18.57,0
San Vendemiano,2019,7,10,26.98,18.45,0
San Vendemiano,2019,7,11,27.16,14.98,0
San Vendemiano,2019,7,12,29.14,15.51,0
San Vendemiano,2019,7,13,28.73,15.38,3.3
San Vendemiano,2019,7,14,28.45,15.08,0
San Vendemiano,2019,7,15,27.77,15.51,0
San Vendemiano,2019,7,16,30.35,15.31,0
San Vendemiano,2019,7,17,30.63,15.41,0
San Vendemiano,2019,7,18,30.18,17.01,3.6
San Vendemiano,2019,7,19,31.5,17.03,0
San Vendemiano,2019,7,20,31.48,17.12,0
San Vendemiano,2019,7,21,32.62,18.56,0
San Vendemiano,2019,7,22,33.83,19.02,0
San Vendemiano,2019,7,23,34.69,19.72,0
San Vendemiano,2019,7,24,34.75,20.05,0
San Vendemiano,2019,7,25,34.79,19.93,0
San Vendemiano,2019,7,26,33.51,20.44,10.6
San Vendemiano,2019,7,27,30.82,18.52,14.8
San Vendemiano,2019,7,28,27.59,18.75,5
San Vendemiano,2019,7,29,31.36,19.57,0
San Vendemiano,2019,7,30,32.61,19.98,0
San Vendemiano,2019,7,31,32.11,19.93,0
San Vendemiano,2019,8,1,30.54,18.09,0
San Vendemiano,2019,8,2,28.88,17.62,20.8
San Vendemiano,2019,8,3,29.3,16.12,0
San Vendemiano,2019,8,4,29.81,16.47,0
San Vendemiano,2019,8,5,29.93,17.81,0
San Vendemiano,2019,8,6,30.26,18.06,9.6
San Vendemiano,2019,8,7,30.73,18.53,0
San Vendemiano,2019,8,8,30.83,19.64,0
San Vendemiano,2019,8,9,30.67,20.07,0
San Vendemiano,2019,8,10,33.56,21.74,0
San Vendemiano,2019,8,11,33.02,22.31,0
San Vendemiano,2019,8,12,32.47,20.41,0
San Vendemiano,2019,8,13,31.28,18.93,6
San Vendemiano,2019,8,14,27.68,17.76,0
San Vendemiano,2019,8,15,28.28,16.21,0
San Vendemiano,2019,8,16,28.77,16.77,0
San Vendemiano,2019,8,17,29.27,15.58,0
San Vendemiano,2019,8,18,29.4,17.76,0
San Vendemiano,2019,8,19,32.35,19.18,0
San Vendemiano,2019,8,20,33.47,19.82,0
San Vendemiano,2019,8,21,32.04,20.62,7.2
San Vendemiano,2019,8,22,29.3,20.03,3.3
San Vendemiano,2019,8,23,30.29,19.42,0
San Vendemiano,2019,8,24,31.37,18.38,0
San Vendemiano,2019,8,25,30.25,18.14,0
San Vendemiano,2019,8,26,31.26,19.08,0
San Vendemiano,2019,8,27,31.65,18.72,0
San Vendemiano,2019,8,28,31.43,19.49,0
San Vendemiano,2019,8,29,32,18.94,0
San Vendemiano,2019,8,30,32.8,19.47,0
San Vendemiano,2019,8,31,31.97,18.62,0
San Vendemiano,2019,9,1,28.21,16.4,0
San Vendemiano,2019,9,2,26.09,15.74,8.4
San Vendemiano,2019,9,3,25.01,13.88,0
San Vendemiano,2019,9,4,25.24,12,0
San Vendemiano,2019,9,5,26.74,12.48,0
San Vendemiano,2019,9,6,20.94,13.16,4.7
San Vendemiano,2019,9,7,20.68,11.25,8.9
San Vendemiano,2019,9,8,20.96,10.49,16.1
San Vendemiano,2019,9,9,20.69,8.68,0
San Vendemiano,2019,9,10,21.76,10.32,0
San Vendemiano,2019,9,11,24.3,10.56,0
San Vendemiano,2019,9,12,24.71,12.35,0
San Vendemiano,2019,9,13,25.52,11.5,0
San Vendemiano,2019,9,14,26.27,14.23,0
San Vendemiano,2019,9,15,26.46,13.77,0
San Vendemiano,2019,9,16,26.59,14.65,0
San Vendemiano,2019,9,17,26.67,15.41,0
San Vendemiano,2019,9,18,24.35,15.11,0
San Vendemiano,2019,9,19,20.07,11.97,0
San Vendemiano,2019,9,20,19.8,9.1,0
San Vendemiano,2019,9,21,20.58,7.33,0
San Vendemiano,2019,9,22,17.9,10.49,0
San Vendemiano,2019,9,23,19.47,11.12,0
San Vendemiano,2019,9,24,20.87,10.74,0
San Vendemiano,2019,9,25,21.56,10.94,0
San Vendemiano,2019,9,26,21.28,10.8,0
San Vendemiano,2019,9,27,21.44,12.48,0
San Vendemiano,2019,9,28,22.92,13.99,0
San Vendemiano,2019,9,29,22.78,12.83,0
San Vendemiano,2019,9,30,24.66,13.36,0
San Vendemiano,2019,10,1,24.04,15.37,0
San Vendemiano,2019,10,2,23.35,12.81,7.9
San Vendemiano,2019,10,3,19.6,9.55,0
San Vendemiano,2019,10,4,20.82,6.86,0
San Vendemiano,2019,10,5,21.74,9.23,0
San Vendemiano,2019,10,6,20.28,9.24,0
San Vendemiano,2019,10,7,20.34,11.62,0
San Vendemiano,2019,10,8,18.17,9.87,0
San Vendemiano,2019,10,9,20.49,9.23,0
San Vendemiano,2019,10,10,20.62,10.45,0
San Vendemiano,2019,10,11,20.91,9.63,0
San Vendemiano,2019,10,12,20.82,8.08,0
San Vendemiano,2019,10,13,21.59,11.61,0
San Vendemiano,2019,10,14,21.11,11.32,0
San Vendemiano,2019,10,15,21.25,12.24,12.3
San Vendemiano,2019,10,16,21.56,10.58,0
San Vendemiano,2019,10,17,21.88,9.63,0
San Vendemiano,2019,10,18,20.43,10.35,0
San Vendemiano,2019,10,19,20.64,12.33,0
San Vendemiano,2019,10,20,21.48,13.4,0
San Vendemiano,2019,10,21,23.12,13.46,0
San Vendemiano,2019,10,22,23.32,12.49,0
San Vendemiano,2019,10,23,23.65,10.44,0
San Vendemiano,2019,10,24,20.7,10.67,0
San Vendemiano,2019,10,25,22.24,10.5,0
San Vendemiano,2019,10,26,22.69,9.05,0
San Vendemiano,2019,10,27,22.4,9.14,0
San Vendemiano,2019,10,28,18.77,10.28,0.8
San Vendemiano,2019,10,29,15.96,11.19,3.7
San Vendemiano,2019,10,30,13.15,10.13,1.7
San Vendemiano,2019,10,31,11.88,8.78,0
San Vendemiano,2019,11,1,12.4,7.79,0
San Vendemiano,2019,11,2,11.81,9.09,4.3
San Vendemiano,2019,11,3,17.24,10.58,11.8
San Vendemiano,2019,11,4,17.03,9.77,11.5
San Vendemiano,2019,11,5,17.66,10.05,11.7
San Vendemiano,2019,11,6,14.21,7.77,6.7
San Vendemiano,2019,11,7,13.45,6.35,4.9
San Vendemiano,2019,11,8,11.94,5.83,26.3
San Vendemiano,2019,11,9,12.59,5.03,6.3
San Vendemiano,2019,11,10,12.28,3.88,0
San Vendemiano,2019,11,11,10.06,3.64,7.4
San Vendemiano,2019,11,12,10.41,5.28,34.8
San Vendemiano,2019,11,13,11.13,4.66,16.4
San Vendemiano,2019,11,14,11.3,2.26,6.5
San Vendemiano,2019,11,15,11.46,6.38,46
San Vendemiano,2019,11,16,12.75,6.74,36.8
San Vendemiano,2019,11,17,13.44,5.87,45.1
San Vendemiano,2019,11,18,11.83,4.51,18.9
San Vendemiano,2019,11,19,12.01,6.88,2.6
San Vendemiano,2019,11,20,11.11,6.85,0
San Vendemiano,2019,11,21,11.05,6.48,0
San Vendemiano,2019,11,22,10.66,6.18,2.5
San Vendemiano,2019,11,23,11.19,7.83,5.6
San Vendemiano,2019,11,24,12.78,7.85,16.9
San Vendemiano,2019,11,25,14.46,6.71,0
San Vendemiano,2019,11,26,11.7,5.21,0
San Vendemiano,2019,11,27,11.97,6.64,3.6
San Vendemiano,2019,11,28,12.6,6.73,0
San Vendemiano,2019,11,29,12.55,4.78,0
San Vendemiano,2019,11,30,10.2,3.65,0
San Vendemiano,2019,12,1,8.47,3.8,11
San Vendemiano,2019,12,2,9.42,4.3,10.4
San Vendemiano,2019,12,3,8.07,0.67,0
San Vendemiano,2019,12,4,6.31,-0.56,0
San Vendemiano,2019,12,5,4.93,-1.57,0
San Vendemiano,2019,12,6,6.4,-0.47,0
San Vendemiano,2019,12,7,8.28,1.3,0
San Vendemiano,2019,12,8,8.72,-0.07,0
San Vendemiano,2019,12,9,8.5,2.41,2.8
San Vendemiano,2019,12,10,10.75,0.98,0
San Vendemiano,2019,12,11,6.36,-1.46,0
San Vendemiano,2019,12,12,2.78,-1.64,0
San Vendemiano,2019,12,13,5.69,-1.85,8.9
San Vendemiano,2019,12,14,9.05,-0.81,0
San Vendemiano,2019,12,15,9.11,-0.6,0
San Vendemiano,2019,12,16,9.38,3.31,0
San Vendemiano,2019,12,17,11.92,5.92,0
San Vendemiano,2019,12,18,11.21,5.9,3.3
San Vendemiano,2019,12,19,10.3,5.14,6
San Vendemiano,2019,12,20,9.91,4.41,11.3
San Vendemiano,2019,12,21,11.84,6.36,26.9
San Vendemiano,2019,12,22,11.74,4.26,17.1
San Vendemiano,2019,12,23,13.45,4.29,0
San Vendemiano,2019,12,24,11.97,3.24,0
San Vendemiano,2019,12,25,12.35,0.27,0
San Vendemiano,2019,12,26,9.08,0,0
San Vendemiano,2019,12,27,8.57,0.38,0
San Vendemiano,2019,12,28,7.09,-0.7,0
San Vendemiano,2019,12,29,3.33,-1.82,0
San Vendemiano,2019,12,30,5.56,-2.91,0
San Vendemiano,2019,12,31,7.76,-2.02,0
San Vendemiano,2020,1,1,5.75,-2.68,0
San Vendemiano,2020,1,2,7.45,-2.39,0
San Vendemiano,2020,1,3,9.49,-2.72,0
San Vendemiano,2020,1,4,11.26,-1.63,0
San Vendemiano,2020,1,5,11.35,-1.28,0
San Vendemiano,2020,1,6,7.44,-2.69,0
San Vendemiano,2020,1,7,4.29,-3.55,0
San Vendemiano,2020,1,8,5.7,-2.21,0
San Vendemiano,2020,1,9,8.22,-2.72,0
San Vendemiano,2020,1,10,8.83,-2.34,0
San Vendemiano,2020,1,11,10.64,-1.53,0
San Vendemiano,2020,1,12,8.67,-3.31,0
San Vendemiano,2020,1,13,5.76,-4.08,0
San Vendemiano,2020,1,14,5.1,-3.84,0
San Vendemiano,2020,1,15,7.09,-1.65,0
San Vendemiano,2020,1,16,8.45,-2.4,0
San Vendemiano,2020,1,17,9.69,-1.3,0
San Vendemiano,2020,1,18,6.68,1.78,0
San Vendemiano,2020,1,19,8.83,0.04,0
San Vendemiano,2020,1,20,10.39,-1.26,0
San Vendemiano,2020,1,21,8.68,-1.62,0
San Vendemiano,2020,1,22,8.5,-1.4,0
San Vendemiano,2020,1,23,9.08,-2.24,0
San Vendemiano,2020,1,24,7.82,-2.16,0
San Vendemiano,2020,1,25,7.06,2.04,1.6
San Vendemiano,2020,1,26,7.76,0.82,1.7
San Vendemiano,2020,1,27,9.54,-0.24,0
San Vendemiano,2020,1,28,12.4,2.41,1.9
San Vendemiano,2020,1,29,13.78,1.05,0
San Vendemiano,2020,1,30,11.92,0.19,0
San Vendemiano,2020,1,31,13.49,1.94,0
San Vendemiano,2020,2,1,12.38,3.8,0
San Vendemiano,2020,2,2,12,3.57,0
San Vendemiano,2020,2,3,11.69,3.89,0
San Vendemiano,2020,2,4,13.93,3.86,0
San Vendemiano,2020,2,5,12.66,0.73,0
San Vendemiano,2020,2,6,12.2,-1.12,0
San Vendemiano,2020,2,7,12.75,-1.46,0
San Vendemiano,2020,2,8,11.11,-2.26,0
San Vendemiano,2020,2,9,11.96,-1.26,0
San Vendemiano,2020,2,10,15.73,4.22,0
San Vendemiano,2020,2,11,17.91,3.35,0
San Vendemiano,2020,2,12,15.22,1.2,0
San Vendemiano,2020,2,13,14.2,0.41,0
San Vendemiano,2020,2,14,15,3,0
San Vendemiano,2020,2,15,12.61,-0.06,0
San Vendemiano,2020,2,16,12.3,0.57,0
San Vendemiano,2020,2,17,13.52,2.61,0
San Vendemiano,2020,2,18,15.24,5.08,0
San Vendemiano,2020,2,19,14.39,2.81,0
San Vendemiano,2020,2,20,13.82,-0.31,0
San Vendemiano,2020,2,21,14.53,-0.28,0
San Vendemiano,2020,2,22,13.88,0.02,0
San Vendemiano,2020,2,23,14.2,1.98,0
San Vendemiano,2020,2,24,15.15,4.76,0
San Vendemiano,2020,2,25,13.43,4.23,0
San Vendemiano,2020,2,26,14.43,3.71,0
San Vendemiano,2020,2,27,13.09,1.17,0
San Vendemiano,2020,2,28,13.24,3.21,0
San Vendemiano,2020,2,29,11.39,0.38,0
San Vendemiano,2020,3,1,9.7,5.84,10.4
San Vendemiano,2020,3,2,10.53,4.61,17.5
San Vendemiano,2020,3,3,14.86,4.71,15.4
San Vendemiano,2020,3,4,14.63,3.31,0
San Vendemiano,2020,3,5,12.83,1.3,5.9
San Vendemiano,2020,3,6,14.8,5.56,5
San Vendemiano,2020,3,7,17.12,5.18,0
San Vendemiano,2020,3,8,15.06,2.75,0
San Vendemiano,2020,3,9,15.46,2.66,0
San Vendemiano,2020,3,10,17.35,4.32,0
San Vendemiano,2020,3,11,18.81,4.74,0
San Vendemiano,2020,3,12,16.21,4.85,0
San Vendemiano,2020,3,13,15.73,7.35,0
San Vendemiano,2020,3,14,14.75,7.4,0
San Vendemiano,2020,3,15,15.06,4.3,0
San Vendemiano,2020,3,16,17.27,2.07,0
San Vendemiano,2020,3,17,18.35,2.73,0
San Vendemiano,2020,3,18,20.41,5.27,0
San Vendemiano,2020,3,19,20.41,5.66,0
San Vendemiano,2020,3,20,18.99,5.84,0
San Vendemiano,2020,3,21,18.96,6.62,0
San Vendemiano,2020,3,22,14.1,5.33,0
San Vendemiano,2020,3,23,10.81,0.73,0
San Vendemiano,2020,3,24,11.05,-0.42,0
San Vendemiano,2020,3,25,8.91,1.73,0
San Vendemiano,2020,3,26,11.17,1.4,0
San Vendemiano,2020,3,27,15.96,7.02,0
San Vendemiano,2020,3,28,19.3,4.82,0
San Vendemiano,2020,3,29,19.43,5.18,0
San Vendemiano,2020,3,30,14.72,4.45,6.9
San Vendemiano,2020,3,31,11.42,3.43,0
San Vendemiano,2020,4,1,13.62,0.17,0
San Vendemiano,2020,4,2,16.26,-1.07,0
San Vendemiano,2020,4,3,19.14,1.03,0
San Vendemiano,2020,4,4,20.56,4.04,0
San Vendemiano,2020,4,5,21.47,4.97,0
San Vendemiano,2020,4,6,23.61,4.62,0
San Vendemiano,2020,4,7,23.53,4.91,0
San Vendemiano,2020,4,8,23.84,4.17,0
San Vendemiano,2020,4,9,25.45,4.29,0
San Vendemiano,2020,4,10,26.07,6.89,0
San Vendemiano,2020,4,11,26.35,7.2,0
San Vendemiano,2020,4,12,25.26,6.98,0
San Vendemiano,2020,4,13,24.03,9.13,0
San Vendemiano,2020,4,14,20.48,8.25,0
San Vendemiano,2020,4,15,20.54,4.17,0
San Vendemiano,2020,4,16,22.3,4.39,0
San Vendemiano,2020,4,17,23.44,6.36,0
San Vendemiano,2020,4,18,24.34,9.04,0
San Vendemiano,2020,4,19,24.46,11.06,0
San Vendemiano,2020,4,20,18.36,11.12,0
San Vendemiano,2020,4,21,20.37,8.94,0
San Vendemiano,2020,4,22,22.1,7.25,0
San Vendemiano,2020,4,23,23.15,6.5,0
San Vendemiano,2020,4,24,24.53,7.07,0
San Vendemiano,2020,4,25,24.26,10.15,0
San Vendemiano,2020,4,26,22.94,11.68,0
San Vendemiano,2020,4,27,23.79,10.26,0
San Vendemiano,2020,4,28,20.59,10.93,1.5
San Vendemiano,2020,4,29,21.04,11.62,7.8
San Vendemiano,2020,4,30,22.53,8.8,9.4
San Vendemiano,2020,5,1,23.44,10.71,5.3
San Vendemiano,2020,5,2,24.65,11.07,0
San Vendemiano,2020,5,3,23.04,9.38,0
San Vendemiano,2020,5,4,22.09,8.35,0
San Vendemiano,2020,5,5,22.43,10.49,0
San Vendemiano,2020,5,6,22.4,10.77,0
San Vendemiano,2020,5,7,24.24,8.02,0
San Vendemiano,2020,5,8,25.16,9.74,0
San Vendemiano,2020,5,9,26.38,12.42,0
San Vendemiano,2020,5,10,24.41,13.85,1.4
San Vendemiano,2020,5,11,22.01,13.67,5.1
San Vendemiano,2020,5,12,22.54,12.61,4
San Vendemiano,2020,5,13,21.97,11.82,0
San Vendemiano,2020,5,14,24.42,12.71,9.7
San Vendemiano,2020,5,15,23.62,14.27,7
San Vendemiano,2020,5,16,22.82,14.02,4.5
San Vendemiano,2020,5,17,26.53,14.88,0
San Vendemiano,2020,5,18,26.59,14.49,0
San Vendemiano,2020,5,19,25.73,15.08,0
San Vendemiano,2020,5,20,26.47,14.48,0
San Vendemiano,2020,5,21,26.62,12.75,0
San Vendemiano,2020,5,22,26.13,13.88,0
San Vendemiano,2020,5,23,27.86,15.38,1.9
San Vendemiano,2020,5,24,26.29,12.78,0
San Vendemiano,2020,5,25,25.65,12.35,0
San Vendemiano,2020,5,26,23.81,11.7,0
San Vendemiano,2020,5,27,25.34,9.66,0
San Vendemiano,2020,5,28,24.89,11.48,6
San Vendemiano,2020,5,29,22.1,10.61,0
San Vendemiano,2020,5,30,22.12,11.59,0
San Vendemiano,2020,5,31,25,12.96,0
San Vendemiano,2020,6,1,27.07,12.49,0
San Vendemiano,2020,6,2,28.13,13.6,0
San Vendemiano,2020,6,3,27.29,13.76,0
San Vendemiano,2020,6,4,22.29,14.5,26.5
San Vendemiano,2020,6,5,24.9,14.75,16.4
San Vendemiano,2020,6,6,26.76,16.1,0
San Vendemiano,2020,6,7,24.52,15.84,9.9
San Vendemiano,2020,6,8,22.74,15.37,31
San Vendemiano,2020,6,9,23.97,14.95,17.7
San Vendemiano,2020,6,10,23.37,13.91,7.2
San Vendemiano,2020,6,11,24.44,12.83,6.5
San Vendemiano,2020,6,12,26.4,11.94,0
San Vendemiano,2020,6,13,27.86,14.66,5.2
San Vendemiano,2020,6,14,25.4,15.9,6.4
San Vendemiano,2020,6,15,24.49,17.74,2.2
San Vendemiano,2020,6,16,26.69,17.21,0
San Vendemiano,2020,6,17,25.97,15.67,5.4
San Vendemiano,2020,6,18,26.3,15.55,0
San Vendemiano,2020,6,19,27.11,14.97,5.3
San Vendemiano,2020,6,20,28.4,13.78,0
San Vendemiano,2020,6,21,29.73,15.56,0
San Vendemiano,2020,6,22,32.6,17.06,0
San Vendemiano,2020,6,23,31.36,17.78,0
San Vendemiano,2020,6,24,27.26,17.1,0
San Vendemiano,2020,6,25,26.84,17.25,7.5
San Vendemiano,2020,6,26,29.86,17.61,0
San Vendemiano,2020,6,27,30.64,18.72,0
San Vendemiano,2020,6,28,31.27,19.18,0
San Vendemiano,2020,6,29,32.18,20.29,0
San Vendemiano,2020,6,30,30.17,20.62,0
San Vendemiano,2020,7,1,31.37,19.17,0
San Vendemiano,2020,7,2,30.54,19.05,10.7
San Vendemiano,2020,7,3,29.21,19.1,7.6
San Vendemiano,2020,7,4,30.46,18.39,0
San Vendemiano,2020,7,5,31.31,17.95,0
San Vendemiano,2020,7,6,32.64,17.46,8.7
San Vendemiano,2020,7,7,27.44,15.39,0
San Vendemiano,2020,7,8,29.33,14.37,0
San Vendemiano,2020,7,9,31.04,15.13,0
San Vendemiano,2020,7,10,31.24,17.07,0
San Vendemiano,2020,7,11,29.97,16.7,15.1
San Vendemiano,2020,7,12,25.81,15.95,0
San Vendemiano,2020,7,13,26.13,15.21,0
San Vendemiano,2020,7,14,26.96,14.54,0
San Vendemiano,2020,7,15,28.09,14.79,0
San Vendemiano,2020,7,16,27.9,15.96,2.3
San Vendemiano,2020,7,17,27.04,18.03,0
San Vendemiano,2020,7,18,27.64,15.79,0
San Vendemiano,2020,7,19,29.05,14.43,0
San Vendemiano,2020,7,20,31.18,16.85,0
San Vendemiano,2020,7,21,32.6,17.34,0
San Vendemiano,2020,7,22,31.9,18.66,4.3
San Vendemiano,2020,7,23,30.81,18.89,8.9
San Vendemiano,2020,7,24,27.65,17.09,14.3
San Vendemiano,2020,7,25,28.64,17.23,0
San Vendemiano,2020,7,26,30.77,16.94,0
San Vendemiano,2020,7,27,31.73,18.74,0
San Vendemiano,2020,7,28,32.69,19.43,0
San Vendemiano,2020,7,29,33.44,21.08,0
San Vendemiano,2020,7,30,33.73,21.29,0
San Vendemiano,2020,7,31,35,20.33,0
San Vendemiano,2020,8,1,34.95,19.87,0
San Vendemiano,2020,8,2,30.08,19.94,11.9
San Vendemiano,2020,8,3,27.23,16.86,20.4
San Vendemiano,2020,8,4,27.2,15.94,11.7
San Vendemiano,2020,8,5,28.35,15.74,0
San Vendemiano,2020,8,6,29.82,17.14,0
San Vendemiano,2020,8,7,31.97,18.1,0
San Vendemiano,2020,8,8,32.65,18.78,0
San Vendemiano,2020,8,9,33.18,18.35,0
San Vendemiano,2020,8,10,32.51,19.22,0
San Vendemiano,2020,8,11,32.66,19.42,0
San Vendemiano,2020,8,12,32.05,18.95,0
San Vendemiano,2020,8,13,31.64,19.49,0
San Vendemiano,2020,8,14,30.85,18.89,0
San Vendemiano,2020,8,15,30.26,18.39,0
San Vendemiano,2020,8,16,30.66,18.88,0
San Vendemiano,2020,8,17,30.1,18.55,4.9
San Vendemiano,2020,8,18,28.96,17.76,0
San Vendemiano,2020,8,19,29.95,17.45,0
San Vendemiano,2020,8,20,31.04,18.23,0
San Vendemiano,2020,8,21,32.66,18.93,0
San Vendemiano,2020,8,22,33.84,19.37,0
San Vendemiano,2020,8,23,30.37,19.3,5.3
San Vendemiano,2020,8,24,28.19,18.27,0
San Vendemiano,2020,8,25,28.17,16.89,0
San Vendemiano,2020,8,26,29.7,17.11,0
San Vendemiano,2020,8,27,30.14,18.48,0
San Vendemiano,2020,8,28,29.3,19.11,0
San Vendemiano,2020,8,29,30.83,18.73,27
San Vendemiano,2020,8,30,27.16,16.27,29.9
San Vendemiano,2020,8,31,23.9,14.45,12.2
San Vendemiano,2020,9,1,25.9,14.05,5.5
San Vendemiano,2020,9,2,25.05,13.46,4.8
San Vendemiano,2020,9,3,27,14.04,0
San Vendemiano,2020,9,4,28.21,13.63,0
San Vendemiano,2020,9,5,27.78,15.33,0
San Vendemiano,2020,9,6,27.55,16.48,0
San Vendemiano,2020,9,7,27.85,16.76,0
San Vendemiano,2020,9,8,26.9,16.54,0
San Vendemiano,2020,9,9,28.89,15.4,0
San Vendemiano,2020,9,10,29.01,16.84,0
San Vendemiano,2020,9,11,29.24,17.9,0
San Vendemiano,2020,9,12,30.12,16.73,0
San Vendemiano,2020,9,13,29.99,17.27,0
San Vendemiano,2020,9,14,29.41,15.95,0
San Vendemiano,2020,9,15,29.25,16.07,0
San Vendemiano,2020,9,16,30.28,15.39,0
San Vendemiano,2020,9,17,30.61,17.18,0
San Vendemiano,2020,9,18,27.02,16.8,0
San Vendemiano,2020,9,19,25.93,13.99,0
San Vendemiano,2020,9,20,25.81,13.87,0
San Vendemiano,2020,9,21,25.39,15.55,0
San Vendemiano,2020,9,22,23.72,15.21,4.8
San Vendemiano,2020,9,23,24.01,15.59,3.3
San Vendemiano,2020,9,24,24.48,13.66,16.3
San Vendemiano,2020,9,25,24.39,12.63,14.1
San Vendemiano,2020,9,26,21.2,8.84,3
San Vendemiano,2020,9,27,16.43,8.12,8
San Vendemiano,2020,9,28,19.83,10.72,3
San Vendemiano,2020,9,29,21.67,8.67,0
San Vendemiano,2020,9,30,22.13,9.48,0
San Vendemiano,2020,10,1,21.49,11.61,0
San Vendemiano,2020,10,2,20.17,12.83,6.5
San Vendemiano,2020,10,3,20.89,12.43,19.5
San Vendemiano,2020,10,4,21.56,10.99,23.7
San Vendemiano,2020,10,5,20.96,9.86,10.5
San Vendemiano,2020,10,6,21.32,9.03,0
San Vendemiano,2020,10,7,20.89,9.88,0
San Vendemiano,2020,10,8,21.61,8.22,0
San Vendemiano,2020,10,9,20.78,7.99,0
San Vendemiano,2020,10,10,21.37,9.81,13.6
San Vendemiano,2020,10,11,15.91,7.17,27.1
San Vendemiano,2020,10,12,16.74,5.83,0
San Vendemiano,2020,10,13,17.4,4.24,0
San Vendemiano,2020,10,14,17.42,4.25,3.5
San Vendemiano,2020,10,15,14.96,8.15,14.3
San Vendemiano,2020,10,16,16.45,7.47,4.7
San Vendemiano,2020,10,17,17.84,6.59,0
San Vendemiano,2020,10,18,17.52,7.04,0
San Vendemiano,2020,10,19,16.77,6.05,0
San Vendemiano,2020,10,20,17.26,6.45,0
San Vendemiano,2020,10,21,17.76,7.14,0
San Vendemiano,2020,10,22,17.05,7.44,0
San Vendemiano,2020,10,23,16.35,10.33,2.3
San Vendemiano,2020,10,24,18.29,12.57,6.1
San Vendemiano,2020,10,25,19.27,11.39,0
San Vendemiano,2020,10,26,18.3,12.03,17.2
San Vendemiano,2020,10,27,16.83,7.49,17.2
San Vendemiano,2020,10,28,16.69,5.57,0
San Vendemiano,2020,10,29,17.14,6.54,0
San Vendemiano,2020,10,30,18.15,7.93,0
San Vendemiano,2020,10,31,17.58,8.16,0
San Vendemiano,2020,11,1,16.13,6.99,0
San Vendemiano,2020,11,2,16.57,9.18,0
San Vendemiano,2020,11,3,17.44,10.57,0
San Vendemiano,2020,11,4,17.86,9.94,0
San Vendemiano,2020,11,5,18.5,9.74,0
San Vendemiano,2020,11,6,17.18,6.68,0
San Vendemiano,2020,11,7,17.31,4.08,0
San Vendemiano,2020,11,8,15.14,2.67,0
San Vendemiano,2020,11,9,15.79,3.78,0
San Vendemiano,2020,11,10,15.85,4.31,0
San Vendemiano,2020,11,11,12.65,3.93,0
San Vendemiano,2020,11,12,12.5,4.7,0
San Vendemiano,2020,11,13,11.94,4.55,0
San Vendemiano,2020,11,14,12.38,4.61,0
San Vendemiano,2020,11,15,12.2,4.9,0
San Vendemiano,2020,11,16,13.1,6.71,6
San Vendemiano,2020,11,17,14.14,4.06,0
San Vendemiano,2020,11,18,12.23,2.42,0
San Vendemiano,2020,11,19,11.73,1.01,0
San Vendemiano,2020,11,20,13.58,2.53,0
San Vendemiano,2020,11,21,9.23,-1.13,0
San Vendemiano,2020,11,22,8.84,-2.62,0
San Vendemiano,2020,11,23,8.84,-1.74,0
San Vendemiano,2020,11,24,9.22,-1.32,0
San Vendemiano,2020,11,25,10.49,-1.52,0
San Vendemiano,2020,11,26,9.08,-1.41,0
San Vendemiano,2020,11,27,7.66,-0.66,0
San Vendemiano,2020,11,28,6.98,1.13,0
San Vendemiano,2020,11,29,7.82,0.24,0
San Vendemiano,2020,11,30,6.52,-0.69,0
San Vendemiano,2020,12,1,4.76,-0.73,0
San Vendemiano,2020,12,2,3.71,2.57,16.4
San Vendemiano,2020,12,3,3.69,1.29,0
San Vendemiano,2020,12,4,10.75,0.48,17
San Vendemiano,2020,12,5,12.58,4.67,61.9
San Vendemiano,2020,12,6,11.02,1.76,82
San Vendemiano,2020,12,7,7.7,2.13,12.2
San Vendemiano,2020,12,8,6.11,1.8,22.3
San Vendemiano,2020,12,9,5.81,3.48,11.9
San Vendemiano,2020,12,10,6.82,1.76,0
San Vendemiano,2020,12,11,6.41,1.16,0
San Vendemiano,2020,12,12,6.77,0.61,0
San Vendemiano,2020,12,13,7.4,-0.62,0
San Vendemiano,2020,12,14,6.86,-0.74,0
San Vendemiano,2020,12,15,6.67,-0.2,0
San Vendemiano,2020,12,16,7.49,1.14,0
San Vendemiano,2020,12,17,7.51,2.15,0
San Vendemiano,2020,12,18,8.07,1.98,0
San Vendemiano,2020,12,19,7.22,3.1,0
San Vendemiano,2020,12,20,7.21,3.65,0
San Vendemiano,2020,12,21,6.96,3.6,0
San Vendemiano,2020,12,22,7.85,3.42,0
San Vendemiano,2020,12,23,7.31,2.35,0
San Vendemiano,2020,12,24,10.05,3.74,0.7
San Vendemiano,2020,12,25,8.99,1.09,4.4
San Vendemiano,2020,12,26,6.2,-0.42,0
San Vendemiano,2020,12,27,3.25,-2.56,0
San Vendemiano,2020,12,28,6,-3.12,10
San Vendemiano,2020,12,29,7.35,-0.89,12.8
San Vendemiano,2020,12,30,5.87,-0.09,3.3
San Vendemiano,2020,12,31,7.01,-1.87,0
San Vendemiano,2021,1,1,4.46,-0.59,8.4
San Vendemiano,2021,1,2,6.28,1.16,20.9
San Vendemiano,2021,1,3,7.77,0.45,0
San Vendemiano,2021,1,4,4.66,0.76,0
San Vendemiano,2021,1,5,5.43,0.61,3.5
San Vendemiano,2021,1,6,5.66,-0.34,0
San Vendemiano,2021,1,7,3.9,-1.94,0
San Vendemiano,2021,1,8,3.21,-3.52,0
San Vendemiano,2021,1,9,2.46,-3.27,0
San Vendemiano,2021,1,10,2.35,-3.53,0
San Vendemiano,2021,1,11,2.36,-4.73,0
San Vendemiano,2021,1,12,3.46,-6.3,0
San Vendemiano,2021,1,13,6.3,-5.66,0
San Vendemiano,2021,1,14,6.75,-5.5,0
San Vendemiano,2021,1,15,3.8,-4.93,0
San Vendemiano,2021,1,16,4.02,-6.49,0
San Vendemiano,2021,1,17,3.33,-4.36,0
San Vendemiano,2021,1,18,4.04,-5.14,0
San Vendemiano,2021,1,19,2.23,-6.19,0
San Vendemiano,2021,1,20,5.06,-4.77,0
San Vendemiano,2021,1,21,5.2,-0.49,6.1
San Vendemiano,2021,1,22,9.18,1.86,18.4
San Vendemiano,2021,1,23,8.27,-0.06,19.5
San Vendemiano,2021,1,24,5.99,-2.08,0
San Vendemiano,2021,1,25,6.32,-3.51,0
San Vendemiano,2021,1,26,7.72,-2.9,0
San Vendemiano,2021,1,27,4.7,-4.87,0
San Vendemiano,2021,1,28,4.99,-4.17,0
San Vendemiano,2021,1,29,5.55,-3.04,0
San Vendemiano,2021,1,30,8.66,-0.71,2.3
San Vendemiano,2021,1,31,6.75,3.25,3.3
San Vendemiano,2021,2,1,8.25,1.06,0
San Vendemiano,2021,2,2,8.03,0.74,0
San Vendemiano,2021,2,3,9.54,2.27,0
San Vendemiano,2021,2,4,11.01,3.88,0
San Vendemiano,2021,2,5,9.74,4.07,0
San Vendemiano,2021,2,6,7.49,5.81,2.9
San Vendemiano,2021,2,7,10.47,6.04,16.4
San Vendemiano,2021,2,8,11.39,4.85,8.5
San Vendemiano,2021,2,9,10.29,6.32,6.4
San Vendemiano,2021,2,10,11.51,3.5,9
San Vendemiano,2021,2,11,10.49,-0.71,0
San Vendemiano,2021,2,12,2.24,-2.92,0
San Vendemiano,2021,2,13,3.3,-4.65,0
San Vendemiano,2021,2,14,6.9,-5.93,0
San Vendemiano,2021,2,15,6.96,-6.18,0
San Vendemiano,2021,2,16,10.03,-2.72,0
San Vendemiano,2021,2,17,11.77,-0.43,0
San Vendemiano,2021,2,18,11.76,0.74,0
San Vendemiano,2021,2,19,12.69,1.68,0
San Vendemiano,2021,2,20,13.07,2.66,0
San Vendemiano,2021,2,21,13.15,1.96,0
San Vendemiano,2021,2,22,14.66,1.94,0
San Vendemiano,2021,2,23,15.19,3.11,0
San Vendemiano,2021,2,24,18.48,2.34,0
San Vendemiano,2021,2,25,19.14,2.48,0
San Vendemiano,2021,2,26,18.68,1.78,0
San Vendemiano,2021,2,27,17.17,1.89,0
San Vendemiano,2021,2,28,13.69,0.23,0
San Vendemiano,2021,3,1,16.56,-1.57,0
San Vendemiano,2021,3,2,16.08,-0.55,0
San Vendemiano,2021,3,3,15.77,-1.32,0
San Vendemiano,2021,3,4,15.43,1.51,0
San Vendemiano,2021,3,5,16.52,3.98,2.1
San Vendemiano,2021,3,6,10.35,0.53,0
San Vendemiano,2021,3,7,12.02,-2.52,0
San Vendemiano,2021,3,8,12.97,-0.89,0
San Vendemiano,2021,3,9,13.83,0.72,0
San Vendemiano,2021,3,10,14.48,1.05,0
San Vendemiano,2021,3,11,14.4,0.82,0
San Vendemiano,2021,3,12,16.24,4.41,0
San Vendemiano,2021,3,13,16.66,2.65,0
San Vendemiano,2021,3,14,15.52,1.72,4.8
San Vendemiano,2021,3,15,15.48,1.21,0
San Vendemiano,2021,3,16,15.24,1.26,0
San Vendemiano,2021,3,17,14.29,-0.21,0
San Vendemiano,2021,3,18,11.88,-0.41,0
San Vendemiano,2021,3,19,10.75,-1.22,0
San Vendemiano,2021,3,20,11.63,-2.8,0
San Vendemiano,2021,3,21,12.75,-1.33,0
San Vendemiano,2021,3,22,15.21,-0.55,0
San Vendemiano,2021,3,23,15.01,1.13,0
San Vendemiano,2021,3,24,17.39,-0.56,0
San Vendemiano,2021,3,25,18.24,1.46,0
San Vendemiano,2021,3,26,17.49,3.05,0
San Vendemiano,2021,3,27,17.45,6.21,0
San Vendemiano,2021,3,28,19.21,6.44,0
San Vendemiano,2021,3,29,21.44,5.04,0
San Vendemiano,2021,3,30,23.88,4.93,0
San Vendemiano,2021,3,31,24.65,6.23,0
San Vendemiano,2021,4,1,25.62,8.26,0
San Vendemiano,2021,4,2,25.3,9.4,0
San Vendemiano,2021,4,3,18.96,7,0
San Vendemiano,2021,4,4,16.86,3.7,0
San Vendemiano,2021,4,5,16.26,2.02,0
San Vendemiano,2021,4,6,12.59,1.27,0
San Vendemiano,2021,4,7,15.29,0.07,0
San Vendemiano,2021,4,8,16.5,0.36,0
San Vendemiano,2021,4,9,16.22,1.93,0
San Vendemiano,2021,4,10,16.6,6.01,2.2
San Vendemiano,2021,4,11,11.58,7.46,5.8
San Vendemiano,2021,4,12,14.36,5.98,22
San Vendemiano,2021,4,13,12.81,3.54,9.3
San Vendemiano,2021,4,14,14.79,1.89,0
San Vendemiano,2021,4,15,14.21,3.09,0
San Vendemiano,2021,4,16,16.91,2.22,0
San Vendemiano,2021,4,17,16.78,2.97,0
San Vendemiano,2021,4,18,15.8,6.11,0
San Vendemiano,2021,4,19,18.44,5.72,0
San Vendemiano,2021,4,20,19.55,5.39,0
San Vendemiano,2021,4,21,20.11,5.97,0
San Vendemiano,2021,4,22,20.35,7.86,0
San Vendemiano,2021,4,23,22.01,6.72,0
San Vendemiano,2021,4,24,22.64,6.61,0
San Vendemiano,2021,4,25,23.36,7.37,0
San Vendemiano,2021,4,26,15.89,9.11,2.3
San Vendemiano,2021,4,27,17.11,9.43,0
San Vendemiano,2021,4,28,19.57,9.07,0
San Vendemiano,2021,4,29,20.65,12.31,6
San Vendemiano,2021,4,30,22.62,12.3,5
San Vendemiano,2021,5,1,21.32,11.03,17
San Vendemiano,2021,5,2,21.28,10.85,12.5
San Vendemiano,2021,5,3,19.76,9.49,0
San Vendemiano,2021,5,4,20.82,7.44,0
San Vendemiano,2021,5,5,22.06,9.54,0
San Vendemiano,2021,5,6,21.9,10.23,0
San Vendemiano,2021,5,7,24.27,10.32,2.1
San Vendemiano,2021,5,8,21.58,8.78,0
San Vendemiano,2021,5,9,23.81,8.14,0
San Vendemiano,2021,5,10,24.56,11.68,0
San Vendemiano,2021,5,11,19.57,12.06,21.6
San Vendemiano,2021,5,12,20.86,12.42,20.9
San Vendemiano,2021,5,13,21.18,11.9,10.3
San Vendemiano,2021,5,14,20.32,10.95,10
San Vendemiano,2021,5,15,20.92,10.43,2.8
San Vendemiano,2021,5,16,22.11,10.81,6.1
San Vendemiano,2021,5,17,23.78,12.02,5.3
San Vendemiano,2021,5,18,24.24,10.39,6
San Vendemiano,2021,5,19,22.22,10.06,4.9
San Vendemiano,2021,5,20,23.65,8.98,0
San Vendemiano,2021,5,21,22.91,10.21,0
San Vendemiano,2021,5,22,22.25,13.57,3.1
San Vendemiano,2021,5,23,23.9,13.75,4.8
San Vendemiano,2021,5,24,17.79,11.93,19.3
San Vendemiano,2021,5,25,22.01,11.77,10.1
San Vendemiano,2021,5,26,21.97,9.81,0
San Vendemiano,2021,5,27,24.6,10.66,0
San Vendemiano,2021,5,28,22.53,10.82,0
San Vendemiano,2021,5,29,23.56,11.75,0
San Vendemiano,2021,5,30,23.37,11.69,0
San Vendemiano,2021,5,31,23.2,10.67,0
San Vendemiano,2021,6,1,24.65,10.13,0
San Vendemiano,2021,6,2,26.43,12.42,0
San Vendemiano,2021,6,3,28.61,14.22,0
San Vendemiano,2021,6,4,29.21,15.01,0
San Vendemiano,2021,6,5,29.55,17.06,5.3
San Vendemiano,2021,6,6,26.4,16.76,11.3
San Vendemiano,2021,6,7,27.06,16.67,0
San Vendemiano,2021,6,8,28.8,16.23,0
San Vendemiano,2021,6,9,29.83,16.54,0
San Vendemiano,2021,6,10,28.43,17.29,0
San Vendemiano,2021,6,11,29.32,15.55,0
San Vendemiano,2021,6,12,32.69,16.27,0
San Vendemiano,2021,6,13,33.07,18.81,0
San Vendemiano,2021,6,14,28.33,17.08,0
San Vendemiano,2021,6,15,29.06,17.41,0
San Vendemiano,2021,6,16,30.57,17.03,0
San Vendemiano,2021,6,17,30.54,17.54,0
San Vendemiano,2021,6,18,32.31,19.24,0
San Vendemiano,2021,6,19,32.69,19.33,0
San Vendemiano,2021,6,20,33.16,20.48,0
San Vendemiano,2021,6,21,33.76,20.73,0
San Vendemiano,2021,6,22,32.61,19.94,0
San Vendemiano,2021,6,23,32.81,18.74,0
San Vendemiano,2021,6,24,33.15,17.68,0
San Vendemiano,2021,6,25,31.23,16.46,0
San Vendemiano,2021,6,26,31.61,16.74,0
San Vendemiano,2021,6,27,32.45,17.82,0
San Vendemiano,2021,6,28,33.17,19.04,0
San Vendemiano,2021,6,29,34.64,18,0
San Vendemiano,2021,6,30,31.09,17.79,0
San Vendemiano,2021,7,1,29.71,15.82,0
San Vendemiano,2021,7,2,29.83,17.61,0
San Vendemiano,2021,7,3,30.34,17.27,6.8
San Vendemiano,2021,7,4,28.11,17.59,15.4
San Vendemiano,2021,7,5,29.84,17.08,0
San Vendemiano,2021,7,6,31.46,17.17,0
San Vendemiano,2021,7,7,32.66,18.37,0
San Vendemiano,2021,7,8,33.05,17.61,8.3
San Vendemiano,2021,7,9,30.89,17.39,0
San Vendemiano,2021,7,10,30.7,17.01,0
San Vendemiano,2021,7,11,30.87,18.28,0
San Vendemiano,2021,7,12,31.06,17.9,0
San Vendemiano,2021,7,13,30.36,18.09,19
San Vendemiano,2021,7,14,26.13,16.2,5.5
San Vendemiano,2021,7,15,28.16,15.18,0
San Vendemiano,2021,7,16,26.26,17.62,4.9
San Vendemiano,2021,7,17,29.48,18.53,0
San Vendemiano,2021,7,18,32.76,18.79,0
San Vendemiano,2021,7,19,32.08,19.93,0
San Vendemiano,2021,7,20,31.34,18.69,0
San Vendemiano,2021,7,21,30.68,18.24,0
San Vendemiano,2021,7,22,29.93,18.44,0
San Vendemiano,2021,7,23,30.11,17.13,0
San Vendemiano,2021,7,24,31.44,19.72,0
San Vendemiano,2021,7,25,32.14,20.2,0
San Vendemiano,2021,7,26,30.07,19.68,6.9
San Vendemiano,2021,7,27,29.64,18.79,4.5
San Vendemiano,2021,7,28,31.33,18.61,3.6
San Vendemiano,2021,7,29,30.91,18.22,0
San Vendemiano,2021,7,30,31.75,18.65,0
San Vendemiano,2021,7,31,31.62,18.5,0
San Vendemiano,2021,8,1,29.54,17.22,15.4
San Vendemiano,2021,8,2,26.86,16.16,6.1
San Vendemiano,2021,8,3,27.35,16.16,0
San Vendemiano,2021,8,4,28.34,17.97,10.3
San Vendemiano,2021,8,5,29.24,16.76,15.3
San Vendemiano,2021,8,6,30.15,16.52,0
San Vendemiano,2021,8,7,30.97,17.68,0
San Vendemiano,2021,8,8,32.46,18.68,0
San Vendemiano,2021,8,9,31.63,17.31,0
San Vendemiano,2021,8,10,31.23,16.8,0
San Vendemiano,2021,8,11,32.44,17.93,0
San Vendemiano,2021,8,12,33.19,18.42,0
San Vendemiano,2021,8,13,34.44,20.43,0
San Vendemiano,2021,8,14,34.66,19.78,0
San Vendemiano,2021,8,15,34.7,19.24,0
San Vendemiano,2021,8,16,34.8,18.19,5.4
San Vendemiano,2021,8,17,28.67,16.39,0
San Vendemiano,2021,8,18,28.48,17.01,0
San Vendemiano,2021,8,19,29.22,15.88,0
San Vendemiano,2021,8,20,29.93,17.06,0
San Vendemiano,2021,8,21,30.75,16.12,0
San Vendemiano,2021,8,22,31.94,17.63,0
San Vendemiano,2021,8,23,25.69,16.79,0
San Vendemiano,2021,8,24,27.75,14.72,0
San Vendemiano,2021,8,25,26.25,15.24,0
San Vendemiano,2021,8,26,28.26,12.85,0
San Vendemiano,2021,8,27,23.23,14.43,4.6
San Vendemiano,2021,8,28,23.74,12.72,0
San Vendemiano,2021,8,29,25.2,12.54,0
San Vendemiano,2021,8,30,25.52,12.43,1.8
San Vendemiano,2021,8,31,26.55,13.29,3.9
San Vendemiano,2021,9,1,27.63,13.72,0
San Vendemiano,2021,9,2,26.44,13.43,0
San Vendemiano,2021,9,3,27.14,13.24,0
San Vendemiano,2021,9,4,27.52,13.33,0
San Vendemiano,2021,9,5,28.07,13.83,0
San Vendemiano,2021,9,6,27.9,13.76,0
San Vendemiano,2021,9,7,27.59,13.12,0
San Vendemiano,2021,9,8,28.04,13.32,0
San Vendemiano,2021,9,9,28.34,12.56,0
San Vendemiano,2021,9,10,29.3,12.83,0
San Vendemiano,2021,9,11,29.13,13.46,0
San Vendemiano,2021,9,12,29.56,14.15,0
San Vendemiano,2021,9,13,30.97,15.04,0
San Vendemiano,2021,9,14,30.71,15.84,0
San Vendemiano,2021,9,15,29.57,16.81,0
San Vendemiano,2021,9,16,26.06,18.34,8.4
San Vendemiano,2021,9,17,27.77,17.89,5.8
San Vendemiano,2021,9,18,27.14,15.92,0
San Vendemiano,2021,9,19,25.02,14.2,9.2
San Vendemiano,2021,9,20,24.86,13.78,0
San Vendemiano,2021,9,21,23.13,13.57,5.9
San Vendemiano,2021,9,22,22.33,11.45,0
San Vendemiano,2021,9,23,23.44,10.66,0
San Vendemiano,2021,9,24,25.3,11.24,0
San Vendemiano,2021,9,25,24.32,12.91,0
San Vendemiano,2021,9,26,24.66,14.73,6.8
San Vendemiano,2021,9,27,24.38,15.42,0
San Vendemiano,2021,9,28,26.67,14.62,0
San Vendemiano,2021,9,29,26.66,14.43,4.5
San Vendemiano,2021,9,30,24.06,14.24,0
San Vendemiano,2021,10,1,22.78,10.09,0
San Vendemiano,2021,10,2,22.39,10.91,0
San Vendemiano,2021,10,3,24.62,12.01,0
San Vendemiano,2021,10,4,24.8,14.6,8.9
San Vendemiano,2021,10,5,22.26,13.3,17.9
San Vendemiano,2021,10,6,20.26,11.36,16.2
San Vendemiano,2021,10,7,17.9,10.9,1.9
San Vendemiano,2021,10,8,18.81,10.49,0
San Vendemiano,2021,10,9,18.58,7.55,0
San Vendemiano,2021,10,10,17.52,6.69,0
San Vendemiano,2021,10,11,19.42,7.24,0
San Vendemiano,2021,10,12,18.15,5.81,0
San Vendemiano,2021,10,13,19.67,3.35,0
San Vendemiano,2021,10,14,17.88,3.01,0
San Vendemiano,2021,10,15,18.48,3.08,0
San Vendemiano,2021,10,16,19.82,4.42,0
San Vendemiano,2021,10,17,19.87,5.05,0
San Vendemiano,2021,10,18,19.69,5.42,0
San Vendemiano,2021,10,19,18.99,5.32,0
San Vendemiano,2021,10,20,19.16,7.52,0
San Vendemiano,2021,10,21,20.22,11.14,0
San Vendemiano,2021,10,22,18.61,9.17,0
San Vendemiano,2021,10,23,18.96,8.44,0
San Vendemiano,2021,10,24,17.14,5.45,0
San Vendemiano,2021,10,25,15.88,3.9,0
San Vendemiano,2021,10,26,16.74,5.74,0
San Vendemiano,2021,10,27,18.83,4.85,0
San Vendemiano,2021,10,28,19.28,4.09,0
San Vendemiano,2021,10,29,18.29,2.28,0
San Vendemiano,2021,10,30,15.53,3.49,0
San Vendemiano,2021,10,31,15.56,5.99,0
San Vendemiano,2021,11,1,13.72,7.69,23.4
San Vendemiano,2021,11,2,16.59,7.03,0
San Vendemiano,2021,11,3,15.34,6.5,16
San Vendemiano,2021,11,4,16.63,6.11,0
San Vendemiano,2021,11,5,14.65,3.66,0
San Vendemiano,2021,11,6,14.12,4.53,0
San Vendemiano,2021,11,7,13.17,5.11,0
San Vendemiano,2021,11,8,12.08,5.65,0
San Vendemiano,2021,11,9,15.01,5.56,0
San Vendemiano,2021,11,10,14.95,7.38,0
San Vendemiano,2021,11,11,16.37,6.54,0
San Vendemiano,2021,11,12,16.06,5.51,0
San Vendemiano,2021,11,13,11.87,6.77,1.8
San Vendemiano,2021,11,14,14.76,9.58,6.6
San Vendemiano,2021,11,15,13.58,8.88,0
San Vendemiano,2021,11,16,11.91,8.74,0
San Vendemiano,2021,11,17,13.44,8.5,1.5
San Vendemiano,2021,11,18,14.45,6.97,0
San Vendemiano,2021,11,19,13.83,5.67,0
San Vendemiano,2021,11,20,10.64,4.59,0
San Vendemiano,2021,11,21,8.66,3.71,0
San Vendemiano,2021,11,22,11.59,5.17,0
San Vendemiano,2021,11,23,13.13,3.92,0
San Vendemiano,2021,11,24,9.28,-0.1,0
San Vendemiano,2021,11,25,7.99,1.2,2.7
San Vendemiano,2021,11,26,10.51,4.31,8
San Vendemiano,2021,11,27,11.88,3.42,8.1
San Vendemiano,2021,11,28,10.63,0.02,7.1
San Vendemiano,2021,11,29,8.32,-1.81,0
San Vendemiano,2021,11,30,9.84,-2.11,0
San Vendemiano,2021,12,1,8.61,-1.21,0
San Vendemiano,2021,12,2,6.89,1.54,4
San Vendemiano,2021,12,3,7.19,-0.76,0
San Vendemiano,2021,12,4,3.61,-2.23,0
San Vendemiano,2021,12,5,5.4,-0.71,4.3
San Vendemiano,2021,12,6,8.28,-2.31,0
San Vendemiano,2021,12,7,6.16,-4.88,0
San Vendemiano,2021,12,8,4.26,-4.21,16.6
San Vendemiano,2021,12,9,3.58,-1.15,7.9
San Vendemiano,2021,12,10,4.82,-2.85,0
San Vendemiano,2021,12,11,6.63,-2.22,0
San Vendemiano,2021,12,12,8.51,-4.27,0
San Vendemiano,2021,12,13,7.34,-1.35,0
San Vendemiano,2021,12,14,6.56,-1.68,0
San Vendemiano,2021,12,15,5.97,-2.48,0
San Vendemiano,2021,12,16,6.18,-2.04,0
San Vendemiano,2021,12,17,5.85,-0.87,0
San Vendemiano,2021,12,18,5.02,-2.59,0
San Vendemiano,2021,12,19,4.87,-4.01,0
San Vendemiano,2021,12,20,6.03,-4.1,0
San Vendemiano,2021,12,21,3.71,-2.98,0
San Vendemiano,2021,12,22,3.9,-2.81,0
San Vendemiano,2021,12,23,3.37,-2.41,0
San Vendemiano,2021,12,24,4.46,-2.09,0
San Vendemiano,2021,12,25,5.11,-0.04,0
San Vendemiano,2021,12,26,5.63,1.17,0
San Vendemiano,2021,12,27,5.95,0.89,0
San Vendemiano,2021,12,28,7.66,1.18,0
San Vendemiano,2021,12,29,7.47,0.54,0
San Vendemiano,2021,12,30,7.07,0.48,0
San Vendemiano,2021,12,31,7.24,-0.03,0
