"site","year","month","day","tmax","tmin","prec"
"VR001_S.Pietro in Cariano (VR)",2019,1,1,6.13,-0.46,0
"VR001_S.Pietro in Cariano (VR)",2019,1,2,7.01,-0.63,0
"VR001_S.Pietro in Cariano (VR)",2019,1,3,6.35,-3.64,0
"VR001_S.Pietro in Cariano (VR)",2019,1,4,5.73,-4.17,0
"VR001_S.Pietro in Cariano (VR)",2019,1,5,7.83,-2.36,0
"VR001_S.Pietro in Cariano (VR)",2019,1,6,11.51,0.23,0
"VR001_S.Pietro in Cariano (VR)",2019,1,7,8.24,-1.43,0
"VR001_S.Pietro in Cariano (VR)",2019,1,8,3.88,-1.39,0
"VR001_S.Pietro in Cariano (VR)",2019,1,9,6.57,-1.78,0
"VR001_S.Pietro in Cariano (VR)",2019,1,10,7.91,-1.53,0
"VR001_S.Pietro in Cariano (VR)",2019,1,11,6.68,-2.73,0
"VR001_S.Pietro in Cariano (VR)",2019,1,12,7.19,-1.75,0
"VR001_S.Pietro in Cariano (VR)",2019,1,13,9.94,-1.61,0
"VR001_S.Pietro in Cariano (VR)",2019,1,14,13.24,0.38,0
"VR001_S.Pietro in Cariano (VR)",2019,1,15,11.17,-0.15,0
"VR001_S.Pietro in Cariano (VR)",2019,1,16,10.37,-1.16,0
"VR001_S.Pietro in Cariano (VR)",2019,1,17,7.66,2.47,0
"VR001_S.Pietro in Cariano (VR)",2019,1,18,8.57,1.99,2.1
"VR001_S.Pietro in Cariano (VR)",2019,1,19,4.65,0.18,0
"VR001_S.Pietro in Cariano (VR)",2019,1,20,5.65,-1.62,0
"VR001_S.Pietro in Cariano (VR)",2019,1,21,4.32,-2.42,0
"VR001_S.Pietro in Cariano (VR)",2019,1,22,6.43,-2.83,0
"VR001_S.Pietro in Cariano (VR)",2019,1,23,3.34,-1.25,0
"VR001_S.Pietro in Cariano (VR)",2019,1,24,7.24,-1.68,0
"VR001_S.Pietro in Cariano (VR)",2019,1,25,7.63,-3.06,0
"VR001_S.Pietro in Cariano (VR)",2019,1,26,5.94,-3.1,0
"VR001_S.Pietro in Cariano (VR)",2019,1,27,4.56,-2.25,4.1
"VR001_S.Pietro in Cariano (VR)",2019,1,28,5.06,-0.93,6.2
"VR001_S.Pietro in Cariano (VR)",2019,1,29,7.77,-2.7,0
"VR001_S.Pietro in Cariano (VR)",2019,1,30,4.62,-0.53,3.4
"VR001_S.Pietro in Cariano (VR)",2019,1,31,5.53,-0.77,2.2
"VR001_S.Pietro in Cariano (VR)",2019,2,1,3.16,0.19,4.9
"VR001_S.Pietro in Cariano (VR)",2019,2,2,6.8,1.84,51.3
"VR001_S.Pietro in Cariano (VR)",2019,2,3,6.62,1.98,14.9
"VR001_S.Pietro in Cariano (VR)",2019,2,4,9.22,1.57,0
"VR001_S.Pietro in Cariano (VR)",2019,2,5,9.95,-0.95,0
"VR001_S.Pietro in Cariano (VR)",2019,2,6,10.93,0.33,0
"VR001_S.Pietro in Cariano (VR)",2019,2,7,9.15,-0.06,0
"VR001_S.Pietro in Cariano (VR)",2019,2,8,11.36,1.6,0
"VR001_S.Pietro in Cariano (VR)",2019,2,9,10.15,0.3,0
"VR001_S.Pietro in Cariano (VR)",2019,2,10,9.19,3.31,4.9
"VR001_S.Pietro in Cariano (VR)",2019,2,11,10.59,2.35,5.1
"VR001_S.Pietro in Cariano (VR)",2019,2,12,12.41,0.3,0
"VR001_S.Pietro in Cariano (VR)",2019,2,13,11.35,0.91,0
"VR001_S.Pietro in Cariano (VR)",2019,2,14,13.63,1.17,0
"VR001_S.Pietro in Cariano (VR)",2019,2,15,14.49,1.94,0
"VR001_S.Pietro in Cariano (VR)",2019,2,16,14.39,2.41,0
"VR001_S.Pietro in Cariano (VR)",2019,2,17,14.84,3.27,0
"VR001_S.Pietro in Cariano (VR)",2019,2,18,14.74,3.03,0
"VR001_S.Pietro in Cariano (VR)",2019,2,19,12.82,1.83,0
"VR001_S.Pietro in Cariano (VR)",2019,2,20,11.61,2.83,0
"VR001_S.Pietro in Cariano (VR)",2019,2,21,15.44,3.13,0
"VR001_S.Pietro in Cariano (VR)",2019,2,22,18.74,3.05,0
"VR001_S.Pietro in Cariano (VR)",2019,2,23,9.74,0.97,0
"VR001_S.Pietro in Cariano (VR)",2019,2,24,10.48,-1.56,0
"VR001_S.Pietro in Cariano (VR)",2019,2,25,15.75,1.24,0
"VR001_S.Pietro in Cariano (VR)",2019,2,26,17.79,4.89,0
"VR001_S.Pietro in Cariano (VR)",2019,2,27,20.09,7.08,0
"VR001_S.Pietro in Cariano (VR)",2019,2,28,17.16,5.87,0
"VR001_S.Pietro in Cariano (VR)",2019,3,1,15.57,4.71,0
"VR001_S.Pietro in Cariano (VR)",2019,3,2,16.7,3.79,0
"VR001_S.Pietro in Cariano (VR)",2019,3,3,16.32,3.09,0
"VR001_S.Pietro in Cariano (VR)",2019,3,4,12.38,3.99,0
"VR001_S.Pietro in Cariano (VR)",2019,3,5,15.26,4,4.9
"VR001_S.Pietro in Cariano (VR)",2019,3,6,13.54,3.02,0
"VR001_S.Pietro in Cariano (VR)",2019,3,7,15.7,8.62,6.5
"VR001_S.Pietro in Cariano (VR)",2019,3,8,15.94,5.77,10.6
"VR001_S.Pietro in Cariano (VR)",2019,3,9,16.07,4.48,0
"VR001_S.Pietro in Cariano (VR)",2019,3,10,16.82,5.58,0
"VR001_S.Pietro in Cariano (VR)",2019,3,11,17.05,2.95,0
"VR001_S.Pietro in Cariano (VR)",2019,3,12,14.83,1.08,0
"VR001_S.Pietro in Cariano (VR)",2019,3,13,10.65,1.31,0
"VR001_S.Pietro in Cariano (VR)",2019,3,14,14.48,0.42,0
"VR001_S.Pietro in Cariano (VR)",2019,3,15,18.26,3.24,0
"VR001_S.Pietro in Cariano (VR)",2019,3,16,19.6,5.36,0
"VR001_S.Pietro in Cariano (VR)",2019,3,17,14.86,5.86,0
"VR001_S.Pietro in Cariano (VR)",2019,3,18,13.19,3.98,7.2
"VR001_S.Pietro in Cariano (VR)",2019,3,19,11.6,1.94,0
"VR001_S.Pietro in Cariano (VR)",2019,3,20,13.28,1.68,0
"VR001_S.Pietro in Cariano (VR)",2019,3,21,15.34,1.92,0
"VR001_S.Pietro in Cariano (VR)",2019,3,22,18.48,3.83,0
"VR001_S.Pietro in Cariano (VR)",2019,3,23,20.57,5.55,0
"VR001_S.Pietro in Cariano (VR)",2019,3,24,21.38,6.79,0
"VR001_S.Pietro in Cariano (VR)",2019,3,25,20.42,6.38,0
"VR001_S.Pietro in Cariano (VR)",2019,3,26,14.63,4.55,0
"VR001_S.Pietro in Cariano (VR)",2019,3,27,13.64,2.59,0
"VR001_S.Pietro in Cariano (VR)",2019,3,28,14.93,3.48,0
"VR001_S.Pietro in Cariano (VR)",2019,3,29,16.77,3.56,0
"VR001_S.Pietro in Cariano (VR)",2019,3,30,19.14,4.68,0
"VR001_S.Pietro in Cariano (VR)",2019,3,31,20.53,5.87,0
"VR001_S.Pietro in Cariano (VR)",2019,4,1,21.21,8.14,0
"VR001_S.Pietro in Cariano (VR)",2019,4,2,20.04,9.06,0
"VR001_S.Pietro in Cariano (VR)",2019,4,3,15.16,7.82,2.2
"VR001_S.Pietro in Cariano (VR)",2019,4,4,13.7,6.94,22.4
"VR001_S.Pietro in Cariano (VR)",2019,4,5,13.36,6.1,42.9
"VR001_S.Pietro in Cariano (VR)",2019,4,6,12.64,8.22,0
"VR001_S.Pietro in Cariano (VR)",2019,4,7,14.91,7.14,0
"VR001_S.Pietro in Cariano (VR)",2019,4,8,15.34,5.92,0
"VR001_S.Pietro in Cariano (VR)",2019,4,9,14.61,9.68,4.7
"VR001_S.Pietro in Cariano (VR)",2019,4,10,15.66,8.81,8.3
"VR001_S.Pietro in Cariano (VR)",2019,4,11,11.63,9.03,16.5
"VR001_S.Pietro in Cariano (VR)",2019,4,12,14.03,8.34,3.2
"VR001_S.Pietro in Cariano (VR)",2019,4,13,11.49,7.38,2
"VR001_S.Pietro in Cariano (VR)",2019,4,14,11.46,7.62,5.2
"VR001_S.Pietro in Cariano (VR)",2019,4,15,15.64,7,0
"VR001_S.Pietro in Cariano (VR)",2019,4,16,17.96,6.5,0
"VR001_S.Pietro in Cariano (VR)",2019,4,17,19.26,7.72,0
"VR001_S.Pietro in Cariano (VR)",2019,4,18,18.82,9.23,0
"VR001_S.Pietro in Cariano (VR)",2019,4,19,20.59,9.89,0
"VR001_S.Pietro in Cariano (VR)",2019,4,20,22.28,8.86,0
"VR001_S.Pietro in Cariano (VR)",2019,4,21,21.78,11.02,0
"VR001_S.Pietro in Cariano (VR)",2019,4,22,19.28,10.48,3
"VR001_S.Pietro in Cariano (VR)",2019,4,23,14.91,10.49,17.4
"VR001_S.Pietro in Cariano (VR)",2019,4,24,19.07,11.23,9.5
"VR001_S.Pietro in Cariano (VR)",2019,4,25,18.63,10.51,5.3
"VR001_S.Pietro in Cariano (VR)",2019,4,26,19.45,9.99,3.4
"VR001_S.Pietro in Cariano (VR)",2019,4,27,20.08,6.34,10.3
"VR001_S.Pietro in Cariano (VR)",2019,4,28,15.39,6.93,5.6
"VR001_S.Pietro in Cariano (VR)",2019,4,29,16.58,6.2,7.2
"VR001_S.Pietro in Cariano (VR)",2019,4,30,20.76,6.92,0
"VR001_S.Pietro in Cariano (VR)",2019,5,1,22.05,9.3,0
"VR001_S.Pietro in Cariano (VR)",2019,5,2,20.84,9.24,0
"VR001_S.Pietro in Cariano (VR)",2019,5,3,16.63,10.03,4.5
"VR001_S.Pietro in Cariano (VR)",2019,5,4,16.7,7.47,5.8
"VR001_S.Pietro in Cariano (VR)",2019,5,5,11.66,4.08,38.1
"VR001_S.Pietro in Cariano (VR)",2019,5,6,16.32,5.24,6.2
"VR001_S.Pietro in Cariano (VR)",2019,5,7,17.44,4.69,0
"VR001_S.Pietro in Cariano (VR)",2019,5,8,14.41,8.11,7
"VR001_S.Pietro in Cariano (VR)",2019,5,9,18.24,8.64,8.6
"VR001_S.Pietro in Cariano (VR)",2019,5,10,20.5,10.03,0
"VR001_S.Pietro in Cariano (VR)",2019,5,11,18.48,9.08,10.9
"VR001_S.Pietro in Cariano (VR)",2019,5,12,14.55,8.96,20.4
"VR001_S.Pietro in Cariano (VR)",2019,5,13,17.35,8.57,5.4
"VR001_S.Pietro in Cariano (VR)",2019,5,14,17,7.18,0
"VR001_S.Pietro in Cariano (VR)",2019,5,15,14.09,5.51,0
"VR001_S.Pietro in Cariano (VR)",2019,5,16,17.5,6.08,0
"VR001_S.Pietro in Cariano (VR)",2019,5,17,17.32,10.4,0
"VR001_S.Pietro in Cariano (VR)",2019,5,18,14.75,10.4,9.8
"VR001_S.Pietro in Cariano (VR)",2019,5,19,13.99,10.57,21.1
"VR001_S.Pietro in Cariano (VR)",2019,5,20,16.13,10.78,8.7
"VR001_S.Pietro in Cariano (VR)",2019,5,21,20.57,11.02,3.1
"VR001_S.Pietro in Cariano (VR)",2019,5,22,22.71,11.99,0
"VR001_S.Pietro in Cariano (VR)",2019,5,23,23.21,13.3,0
"VR001_S.Pietro in Cariano (VR)",2019,5,24,23.67,13.53,0
"VR001_S.Pietro in Cariano (VR)",2019,5,25,22.55,13.39,11.2
"VR001_S.Pietro in Cariano (VR)",2019,5,26,21.74,13.42,5.1
"VR001_S.Pietro in Cariano (VR)",2019,5,27,16.28,13.2,6
"VR001_S.Pietro in Cariano (VR)",2019,5,28,20.16,11.92,8.4
"VR001_S.Pietro in Cariano (VR)",2019,5,29,17.34,11.4,12.2
"VR001_S.Pietro in Cariano (VR)",2019,5,30,20.68,11.11,0
"VR001_S.Pietro in Cariano (VR)",2019,5,31,23.38,10.66,0
"VR001_S.Pietro in Cariano (VR)",2019,6,1,26.1,12.37,0
"VR001_S.Pietro in Cariano (VR)",2019,6,2,27.97,15.42,0
"VR001_S.Pietro in Cariano (VR)",2019,6,3,28.68,15.88,0
"VR001_S.Pietro in Cariano (VR)",2019,6,4,28.31,16.33,0
"VR001_S.Pietro in Cariano (VR)",2019,6,5,27.79,16.42,0
"VR001_S.Pietro in Cariano (VR)",2019,6,6,24.01,15,0
"VR001_S.Pietro in Cariano (VR)",2019,6,7,25.69,13.04,0
"VR001_S.Pietro in Cariano (VR)",2019,6,8,28.28,16.85,0
"VR001_S.Pietro in Cariano (VR)",2019,6,9,28.12,16.52,0
"VR001_S.Pietro in Cariano (VR)",2019,6,10,29.01,18.56,0
"VR001_S.Pietro in Cariano (VR)",2019,6,11,28.75,18.28,0
"VR001_S.Pietro in Cariano (VR)",2019,6,12,28.75,18.61,0
"VR001_S.Pietro in Cariano (VR)",2019,6,13,29.42,15.23,0
"VR001_S.Pietro in Cariano (VR)",2019,6,14,30.17,14.9,0
"VR001_S.Pietro in Cariano (VR)",2019,6,15,29.54,17.71,0
"VR001_S.Pietro in Cariano (VR)",2019,6,16,29.34,17.96,0
"VR001_S.Pietro in Cariano (VR)",2019,6,17,29.67,17.26,0
"VR001_S.Pietro in Cariano (VR)",2019,6,18,29.19,17.42,0
"VR001_S.Pietro in Cariano (VR)",2019,6,19,29.57,18.86,0
"VR001_S.Pietro in Cariano (VR)",2019,6,20,30.43,17.3,0
"VR001_S.Pietro in Cariano (VR)",2019,6,21,30.37,16.75,0
"VR001_S.Pietro in Cariano (VR)",2019,6,22,24.68,16.51,20.6
"VR001_S.Pietro in Cariano (VR)",2019,6,23,28.97,14.69,4.5
"VR001_S.Pietro in Cariano (VR)",2019,6,24,31.07,17.7,0
"VR001_S.Pietro in Cariano (VR)",2019,6,25,32.98,20.01,0
"VR001_S.Pietro in Cariano (VR)",2019,6,26,34.22,20.95,0
"VR001_S.Pietro in Cariano (VR)",2019,6,27,36.25,22.57,0
"VR001_S.Pietro in Cariano (VR)",2019,6,28,33.24,23.48,0
"VR001_S.Pietro in Cariano (VR)",2019,6,29,31.73,21,0
"VR001_S.Pietro in Cariano (VR)",2019,6,30,33.76,19.55,0
"VR001_S.Pietro in Cariano (VR)",2019,7,1,33.33,20.93,0
"VR001_S.Pietro in Cariano (VR)",2019,7,2,32.5,18.83,0
"VR001_S.Pietro in Cariano (VR)",2019,7,3,31.79,19.27,10.9
"VR001_S.Pietro in Cariano (VR)",2019,7,4,29.74,17.68,8
"VR001_S.Pietro in Cariano (VR)",2019,7,5,31.24,19.07,0
"VR001_S.Pietro in Cariano (VR)",2019,7,6,32.22,20.3,0
"VR001_S.Pietro in Cariano (VR)",2019,7,7,31.07,19.26,0
"VR001_S.Pietro in Cariano (VR)",2019,7,8,29.93,18.73,4.8
"VR001_S.Pietro in Cariano (VR)",2019,7,9,28.61,18.93,4.4
"VR001_S.Pietro in Cariano (VR)",2019,7,10,27.29,18.39,3.7
"VR001_S.Pietro in Cariano (VR)",2019,7,11,26.08,17.09,0
"VR001_S.Pietro in Cariano (VR)",2019,7,12,28.65,16.9,4.1
"VR001_S.Pietro in Cariano (VR)",2019,7,13,28.22,16.71,17
"VR001_S.Pietro in Cariano (VR)",2019,7,14,27.52,15.75,0
"VR001_S.Pietro in Cariano (VR)",2019,7,15,24.34,15.87,7.9
"VR001_S.Pietro in Cariano (VR)",2019,7,16,27.94,14.84,0
"VR001_S.Pietro in Cariano (VR)",2019,7,17,29.18,16.86,0
"VR001_S.Pietro in Cariano (VR)",2019,7,18,27.38,17.71,0
"VR001_S.Pietro in Cariano (VR)",2019,7,19,29.33,17.99,0
"VR001_S.Pietro in Cariano (VR)",2019,7,20,30.74,19.56,0
"VR001_S.Pietro in Cariano (VR)",2019,7,21,31.31,20.1,0
"VR001_S.Pietro in Cariano (VR)",2019,7,22,31.86,20.84,0
"VR001_S.Pietro in Cariano (VR)",2019,7,23,32.81,21.09,0
"VR001_S.Pietro in Cariano (VR)",2019,7,24,33.72,21.92,0
"VR001_S.Pietro in Cariano (VR)",2019,7,25,34.68,22.81,0
"VR001_S.Pietro in Cariano (VR)",2019,7,26,34.15,19.82,0
"VR001_S.Pietro in Cariano (VR)",2019,7,27,30.98,18.01,15.8
"VR001_S.Pietro in Cariano (VR)",2019,7,28,24.98,17.65,11.5
"VR001_S.Pietro in Cariano (VR)",2019,7,29,29.82,19.62,6.3
"VR001_S.Pietro in Cariano (VR)",2019,7,30,30.32,19.6,0
"VR001_S.Pietro in Cariano (VR)",2019,7,31,29.08,19.73,0
"VR001_S.Pietro in Cariano (VR)",2019,8,1,29.89,18.55,12.5
"VR001_S.Pietro in Cariano (VR)",2019,8,2,27.45,17.01,22.6
"VR001_S.Pietro in Cariano (VR)",2019,8,3,28.93,15.79,12.4
"VR001_S.Pietro in Cariano (VR)",2019,8,4,28.49,17.37,0
"VR001_S.Pietro in Cariano (VR)",2019,8,5,29.47,19.05,0
"VR001_S.Pietro in Cariano (VR)",2019,8,6,29.61,19.14,0
"VR001_S.Pietro in Cariano (VR)",2019,8,7,28.03,18.88,21.7
"VR001_S.Pietro in Cariano (VR)",2019,8,8,28.61,18.4,13.4
"VR001_S.Pietro in Cariano (VR)",2019,8,9,31.05,20.35,0
"VR001_S.Pietro in Cariano (VR)",2019,8,10,31.31,21.96,0
"VR001_S.Pietro in Cariano (VR)",2019,8,11,31.06,21.2,0
"VR001_S.Pietro in Cariano (VR)",2019,8,12,28.66,20.29,4.7
"VR001_S.Pietro in Cariano (VR)",2019,8,13,29.21,17.53,6.3
"VR001_S.Pietro in Cariano (VR)",2019,8,14,26.53,16.9,0
"VR001_S.Pietro in Cariano (VR)",2019,8,15,26.66,17.01,0
"VR001_S.Pietro in Cariano (VR)",2019,8,16,27.48,16.99,0
"VR001_S.Pietro in Cariano (VR)",2019,8,17,27.97,16.87,0
"VR001_S.Pietro in Cariano (VR)",2019,8,18,29.76,18.15,0
"VR001_S.Pietro in Cariano (VR)",2019,8,19,30.5,20.31,0
"VR001_S.Pietro in Cariano (VR)",2019,8,20,30.66,20.33,0
"VR001_S.Pietro in Cariano (VR)",2019,8,21,29.6,20.54,4.4
"VR001_S.Pietro in Cariano (VR)",2019,8,22,27.73,19.54,0
"VR001_S.Pietro in Cariano (VR)",2019,8,23,26.45,18.67,8.6
"VR001_S.Pietro in Cariano (VR)",2019,8,24,28.22,18.52,3.6
"VR001_S.Pietro in Cariano (VR)",2019,8,25,29.48,18.66,0
"VR001_S.Pietro in Cariano (VR)",2019,8,26,29.14,18.8,0
"VR001_S.Pietro in Cariano (VR)",2019,8,27,29.58,18.33,0
"VR001_S.Pietro in Cariano (VR)",2019,8,28,29.73,21.02,0
"VR001_S.Pietro in Cariano (VR)",2019,8,29,30.43,19.77,0
"VR001_S.Pietro in Cariano (VR)",2019,8,30,31.67,19.24,0
"VR001_S.Pietro in Cariano (VR)",2019,8,31,29.74,19.6,0
"VR001_S.Pietro in Cariano (VR)",2019,9,1,28.8,17.94,0
"VR001_S.Pietro in Cariano (VR)",2019,9,2,26.1,17.57,13.9
"VR001_S.Pietro in Cariano (VR)",2019,9,3,26.47,16.38,5.7
"VR001_S.Pietro in Cariano (VR)",2019,9,4,26.53,15.56,0
"VR001_S.Pietro in Cariano (VR)",2019,9,5,27.51,13.9,0
"VR001_S.Pietro in Cariano (VR)",2019,9,6,21.67,13.74,25.5
"VR001_S.Pietro in Cariano (VR)",2019,9,7,22.62,12.39,26.3
"VR001_S.Pietro in Cariano (VR)",2019,9,8,18.65,11.55,17.2
"VR001_S.Pietro in Cariano (VR)",2019,9,9,23.38,9.76,17.9
"VR001_S.Pietro in Cariano (VR)",2019,9,10,23.39,11.94,0
"VR001_S.Pietro in Cariano (VR)",2019,9,11,24.49,13.19,0
"VR001_S.Pietro in Cariano (VR)",2019,9,12,25.93,14.69,0
"VR001_S.Pietro in Cariano (VR)",2019,9,13,26.76,15.47,0
"VR001_S.Pietro in Cariano (VR)",2019,9,14,26.3,15.81,0
"VR001_S.Pietro in Cariano (VR)",2019,9,15,26.37,16.61,0
"VR001_S.Pietro in Cariano (VR)",2019,9,16,27.8,16.69,0
"VR001_S.Pietro in Cariano (VR)",2019,9,17,26.97,17.71,0
"VR001_S.Pietro in Cariano (VR)",2019,9,18,25.05,16.63,4.8
"VR001_S.Pietro in Cariano (VR)",2019,9,19,20.84,13.51,4.1
"VR001_S.Pietro in Cariano (VR)",2019,9,20,19.87,11.08,0
"VR001_S.Pietro in Cariano (VR)",2019,9,21,21.85,9.41,0
"VR001_S.Pietro in Cariano (VR)",2019,9,22,18.01,13.55,0
"VR001_S.Pietro in Cariano (VR)",2019,9,23,17.87,12.12,7.5
"VR001_S.Pietro in Cariano (VR)",2019,9,24,22.09,10.72,6.9
"VR001_S.Pietro in Cariano (VR)",2019,9,25,22.44,12.23,0
"VR001_S.Pietro in Cariano (VR)",2019,9,26,21.77,12.38,0
"VR001_S.Pietro in Cariano (VR)",2019,9,27,21.9,13.53,0
"VR001_S.Pietro in Cariano (VR)",2019,9,28,23.9,14.55,0
"VR001_S.Pietro in Cariano (VR)",2019,9,29,24.39,13.33,0
"VR001_S.Pietro in Cariano (VR)",2019,9,30,25.01,14.2,0
"VR001_S.Pietro in Cariano (VR)",2019,10,1,24.23,13.74,0
"VR001_S.Pietro in Cariano (VR)",2019,10,2,21.13,12.19,5.7
"VR001_S.Pietro in Cariano (VR)",2019,10,3,19.05,8.86,0
"VR001_S.Pietro in Cariano (VR)",2019,10,4,18.09,7.4,0
"VR001_S.Pietro in Cariano (VR)",2019,10,5,19.14,8.52,0
"VR001_S.Pietro in Cariano (VR)",2019,10,6,18.27,9.84,0
"VR001_S.Pietro in Cariano (VR)",2019,10,7,18.99,10.15,6.9
"VR001_S.Pietro in Cariano (VR)",2019,10,8,15.78,9.06,0
"VR001_S.Pietro in Cariano (VR)",2019,10,9,18.58,9.49,0
"VR001_S.Pietro in Cariano (VR)",2019,10,10,19.42,9.82,6
"VR001_S.Pietro in Cariano (VR)",2019,10,11,20.1,8.75,0
"VR001_S.Pietro in Cariano (VR)",2019,10,12,19.43,8.64,0
"VR001_S.Pietro in Cariano (VR)",2019,10,13,19.08,9.97,0
"VR001_S.Pietro in Cariano (VR)",2019,10,14,20.8,10.91,0
"VR001_S.Pietro in Cariano (VR)",2019,10,15,21.66,12.09,28
"VR001_S.Pietro in Cariano (VR)",2019,10,16,19.46,10.05,13.4
"VR001_S.Pietro in Cariano (VR)",2019,10,17,19.54,8.53,0
"VR001_S.Pietro in Cariano (VR)",2019,10,18,17.82,12.03,0
"VR001_S.Pietro in Cariano (VR)",2019,10,19,18.58,12.64,5.8
"VR001_S.Pietro in Cariano (VR)",2019,10,20,21.84,12.47,8.8
"VR001_S.Pietro in Cariano (VR)",2019,10,21,21.92,14.15,9.4
"VR001_S.Pietro in Cariano (VR)",2019,10,22,22.22,12.85,0
"VR001_S.Pietro in Cariano (VR)",2019,10,23,22.06,11.69,0
"VR001_S.Pietro in Cariano (VR)",2019,10,24,17.44,12.72,4.1
"VR001_S.Pietro in Cariano (VR)",2019,10,25,20.81,10.92,4.8
"VR001_S.Pietro in Cariano (VR)",2019,10,26,21.45,9.68,0
"VR001_S.Pietro in Cariano (VR)",2019,10,27,21.38,10.72,0
"VR001_S.Pietro in Cariano (VR)",2019,10,28,18.33,10.51,0
"VR001_S.Pietro in Cariano (VR)",2019,10,29,14.15,12.15,2
"VR001_S.Pietro in Cariano (VR)",2019,10,30,13.55,10.86,1.3
"VR001_S.Pietro in Cariano (VR)",2019,10,31,11.38,9.59,0
"VR001_S.Pietro in Cariano (VR)",2019,11,1,12.22,8.23,0
"VR001_S.Pietro in Cariano (VR)",2019,11,2,10.61,8.18,1.7
"VR001_S.Pietro in Cariano (VR)",2019,11,3,15.25,8.66,15.5
"VR001_S.Pietro in Cariano (VR)",2019,11,4,16.31,7.51,29.5
"VR001_S.Pietro in Cariano (VR)",2019,11,5,14.46,7.39,11.8
"VR001_S.Pietro in Cariano (VR)",2019,11,6,10.46,5.26,8.2
"VR001_S.Pietro in Cariano (VR)",2019,11,7,10.31,3.99,14.2
"VR001_S.Pietro in Cariano (VR)",2019,11,8,9.86,5.04,21.5
"VR001_S.Pietro in Cariano (VR)",2019,11,9,12.42,3.95,6.6
"VR001_S.Pietro in Cariano (VR)",2019,11,10,11.39,2.94,0
"VR001_S.Pietro in Cariano (VR)",2019,11,11,7.49,3.46,9
"VR001_S.Pietro in Cariano (VR)",2019,11,12,8.55,4.29,13.8
"VR001_S.Pietro in Cariano (VR)",2019,11,13,10.17,2.6,18.1
"VR001_S.Pietro in Cariano (VR)",2019,11,14,9.73,0.94,0
"VR001_S.Pietro in Cariano (VR)",2019,11,15,8.96,4.48,29.8
"VR001_S.Pietro in Cariano (VR)",2019,11,16,10.35,3.65,31.9
"VR001_S.Pietro in Cariano (VR)",2019,11,17,9.83,3.91,31.3
"VR001_S.Pietro in Cariano (VR)",2019,11,18,8.45,2.16,14.4
"VR001_S.Pietro in Cariano (VR)",2019,11,19,9.07,4.72,14.4
"VR001_S.Pietro in Cariano (VR)",2019,11,20,10.58,5.65,8.4
"VR001_S.Pietro in Cariano (VR)",2019,11,21,9.88,5.71,1.3
"VR001_S.Pietro in Cariano (VR)",2019,11,22,9.82,6.37,3.6
"VR001_S.Pietro in Cariano (VR)",2019,11,23,10.21,7.11,9.3
"VR001_S.Pietro in Cariano (VR)",2019,11,24,11.6,7.76,32.2
"VR001_S.Pietro in Cariano (VR)",2019,11,25,15.03,7.67,21.8
"VR001_S.Pietro in Cariano (VR)",2019,11,26,12.11,5.87,0
"VR001_S.Pietro in Cariano (VR)",2019,11,27,9.8,5.59,2.8
"VR001_S.Pietro in Cariano (VR)",2019,11,28,10.81,5.69,15.4
"VR001_S.Pietro in Cariano (VR)",2019,11,29,9.77,3.61,0
"VR001_S.Pietro in Cariano (VR)",2019,11,30,10.68,3.61,0
"VR001_S.Pietro in Cariano (VR)",2019,12,1,7.83,3.15,8.7
"VR001_S.Pietro in Cariano (VR)",2019,12,2,8.39,3.63,13.5
"VR001_S.Pietro in Cariano (VR)",2019,12,3,8.62,1.46,0
"VR001_S.Pietro in Cariano (VR)",2019,12,4,5.98,-1.02,0
"VR001_S.Pietro in Cariano (VR)",2019,12,5,8.06,-1.12,0
"VR001_S.Pietro in Cariano (VR)",2019,12,6,7.25,-1.18,0
"VR001_S.Pietro in Cariano (VR)",2019,12,7,8.62,0.65,0
"VR001_S.Pietro in Cariano (VR)",2019,12,8,8.11,0.34,0
"VR001_S.Pietro in Cariano (VR)",2019,12,9,7.57,2.55,0
"VR001_S.Pietro in Cariano (VR)",2019,12,10,11.19,0.03,0
"VR001_S.Pietro in Cariano (VR)",2019,12,11,6.55,-2.16,0
"VR001_S.Pietro in Cariano (VR)",2019,12,12,1.32,-2.25,2.4
"VR001_S.Pietro in Cariano (VR)",2019,12,13,2.35,-2.36,3.7
"VR001_S.Pietro in Cariano (VR)",2019,12,14,6.67,-1.34,4.8
"VR001_S.Pietro in Cariano (VR)",2019,12,15,5.85,-0.65,0
"VR001_S.Pietro in Cariano (VR)",2019,12,16,8.44,2.76,0
"VR001_S.Pietro in Cariano (VR)",2019,12,17,10.72,4.59,0
"VR001_S.Pietro in Cariano (VR)",2019,12,18,10.55,6.23,0
"VR001_S.Pietro in Cariano (VR)",2019,12,19,10.34,6.02,0
"VR001_S.Pietro in Cariano (VR)",2019,12,20,9.63,4.87,12.3
"VR001_S.Pietro in Cariano (VR)",2019,12,21,10.11,3.63,36.7
"VR001_S.Pietro in Cariano (VR)",2019,12,22,9.57,2.45,23.1
"VR001_S.Pietro in Cariano (VR)",2019,12,23,11.85,4.24,0
"VR001_S.Pietro in Cariano (VR)",2019,12,24,9.74,2.17,0
"VR001_S.Pietro in Cariano (VR)",2019,12,25,11.18,0.9,0
"VR001_S.Pietro in Cariano (VR)",2019,12,26,9.77,0.65,0
"VR001_S.Pietro in Cariano (VR)",2019,12,27,8.14,0.2,0
"VR001_S.Pietro in Cariano (VR)",2019,12,28,8.39,-0.62,0
"VR001_S.Pietro in Cariano (VR)",2019,12,29,5.37,-1.49,0
"VR001_S.Pietro in Cariano (VR)",2019,12,30,6.78,-1.66,0
"VR001_S.Pietro in Cariano (VR)",2019,12,31,8.31,-0.45,0
"VR001_S.Pietro in Cariano (VR)",2020,1,1,9.86,0.27,0
"VR001_S.Pietro in Cariano (VR)",2020,1,2,8.09,-0.2,0
"VR001_S.Pietro in Cariano (VR)",2020,1,3,7.96,0.82,0
"VR001_S.Pietro in Cariano (VR)",2020,1,4,11.16,1.37,0
"VR001_S.Pietro in Cariano (VR)",2020,1,5,12.01,0.3,0
"VR001_S.Pietro in Cariano (VR)",2020,1,6,6.68,-0.25,0
"VR001_S.Pietro in Cariano (VR)",2020,1,7,4.69,-1.29,0
"VR001_S.Pietro in Cariano (VR)",2020,1,8,6.4,0.41,0
"VR001_S.Pietro in Cariano (VR)",2020,1,9,7.79,0.25,0
"VR001_S.Pietro in Cariano (VR)",2020,1,10,7.31,-0.33,0
"VR001_S.Pietro in Cariano (VR)",2020,1,11,10.43,0.25,0
"VR001_S.Pietro in Cariano (VR)",2020,1,12,7.6,-1.08,0
"VR001_S.Pietro in Cariano (VR)",2020,1,13,6.02,-1.48,0
"VR001_S.Pietro in Cariano (VR)",2020,1,14,5.81,-1.75,0
"VR001_S.Pietro in Cariano (VR)",2020,1,15,6.87,0.73,0
"VR001_S.Pietro in Cariano (VR)",2020,1,16,8.4,1.59,0
"VR001_S.Pietro in Cariano (VR)",2020,1,17,9.06,0.47,0
"VR001_S.Pietro in Cariano (VR)",2020,1,18,6.55,2.72,4.1
"VR001_S.Pietro in Cariano (VR)",2020,1,19,8.43,1.55,0
"VR001_S.Pietro in Cariano (VR)",2020,1,20,8.01,0.4,0
"VR001_S.Pietro in Cariano (VR)",2020,1,21,7.77,-1.23,0
"VR001_S.Pietro in Cariano (VR)",2020,1,22,9.65,0.73,0
"VR001_S.Pietro in Cariano (VR)",2020,1,23,9.38,0.27,0
"VR001_S.Pietro in Cariano (VR)",2020,1,24,8.33,0.53,0
"VR001_S.Pietro in Cariano (VR)",2020,1,25,6.44,2.36,0
"VR001_S.Pietro in Cariano (VR)",2020,1,26,8.13,2.32,0
"VR001_S.Pietro in Cariano (VR)",2020,1,27,9.91,1.74,0
"VR001_S.Pietro in Cariano (VR)",2020,1,28,9.9,3.89,4.1
"VR001_S.Pietro in Cariano (VR)",2020,1,29,12.2,1.8,2
"VR001_S.Pietro in Cariano (VR)",2020,1,30,10.08,2.11,0
"VR001_S.Pietro in Cariano (VR)",2020,1,31,11.77,2.37,0
"VR001_S.Pietro in Cariano (VR)",2020,2,1,9.71,3.48,0
"VR001_S.Pietro in Cariano (VR)",2020,2,2,10.12,2.66,0
"VR001_S.Pietro in Cariano (VR)",2020,2,3,12.06,3.23,0
"VR001_S.Pietro in Cariano (VR)",2020,2,4,14.25,1.74,0
"VR001_S.Pietro in Cariano (VR)",2020,2,5,11,0.65,0
"VR001_S.Pietro in Cariano (VR)",2020,2,6,10.26,-0.76,0
"VR001_S.Pietro in Cariano (VR)",2020,2,7,11.05,-1.66,0
"VR001_S.Pietro in Cariano (VR)",2020,2,8,10.04,-1.37,0
"VR001_S.Pietro in Cariano (VR)",2020,2,9,9.86,-1.17,0
"VR001_S.Pietro in Cariano (VR)",2020,2,10,13.48,3.6,0
"VR001_S.Pietro in Cariano (VR)",2020,2,11,16.28,2.07,0
"VR001_S.Pietro in Cariano (VR)",2020,2,12,14.04,0.68,0
"VR001_S.Pietro in Cariano (VR)",2020,2,13,12.51,0.43,1.2
"VR001_S.Pietro in Cariano (VR)",2020,2,14,14.2,1.22,1.7
"VR001_S.Pietro in Cariano (VR)",2020,2,15,13.23,0.94,0
"VR001_S.Pietro in Cariano (VR)",2020,2,16,11.02,1.02,0
"VR001_S.Pietro in Cariano (VR)",2020,2,17,12.07,3.47,0
"VR001_S.Pietro in Cariano (VR)",2020,2,18,14.42,5.08,0
"VR001_S.Pietro in Cariano (VR)",2020,2,19,11.77,2.36,0
"VR001_S.Pietro in Cariano (VR)",2020,2,20,12.33,0.47,0
"VR001_S.Pietro in Cariano (VR)",2020,2,21,12.79,-0.33,0
"VR001_S.Pietro in Cariano (VR)",2020,2,22,13.62,1.73,0
"VR001_S.Pietro in Cariano (VR)",2020,2,23,13.3,2.19,0
"VR001_S.Pietro in Cariano (VR)",2020,2,24,14.89,4.26,0
"VR001_S.Pietro in Cariano (VR)",2020,2,25,11.35,3.42,0
"VR001_S.Pietro in Cariano (VR)",2020,2,26,12.23,2.07,0
"VR001_S.Pietro in Cariano (VR)",2020,2,27,11.72,-0.47,0
"VR001_S.Pietro in Cariano (VR)",2020,2,28,12.97,1.3,0
"VR001_S.Pietro in Cariano (VR)",2020,2,29,9.4,1.36,0
"VR001_S.Pietro in Cariano (VR)",2020,3,1,5.87,3.17,5.1
"VR001_S.Pietro in Cariano (VR)",2020,3,2,8.31,1.82,10.6
"VR001_S.Pietro in Cariano (VR)",2020,3,3,9.22,2.8,31.1
"VR001_S.Pietro in Cariano (VR)",2020,3,4,12.46,2.13,0
"VR001_S.Pietro in Cariano (VR)",2020,3,5,9.96,0.98,11.4
"VR001_S.Pietro in Cariano (VR)",2020,3,6,12.34,1.8,12
"VR001_S.Pietro in Cariano (VR)",2020,3,7,14.44,3.02,0
"VR001_S.Pietro in Cariano (VR)",2020,3,8,12.94,2.15,0
"VR001_S.Pietro in Cariano (VR)",2020,3,9,11.84,2.66,0
"VR001_S.Pietro in Cariano (VR)",2020,3,10,15.3,4.96,0
"VR001_S.Pietro in Cariano (VR)",2020,3,11,17.88,3.29,0
"VR001_S.Pietro in Cariano (VR)",2020,3,12,15.24,4.77,0
"VR001_S.Pietro in Cariano (VR)",2020,3,13,15.94,6.86,0
"VR001_S.Pietro in Cariano (VR)",2020,3,14,11.97,5.01,5.8
"VR001_S.Pietro in Cariano (VR)",2020,3,15,11.76,2.11,6.4
"VR001_S.Pietro in Cariano (VR)",2020,3,16,14.38,1.94,0
"VR001_S.Pietro in Cariano (VR)",2020,3,17,15.95,2.88,0
"VR001_S.Pietro in Cariano (VR)",2020,3,18,18.8,5.52,0
"VR001_S.Pietro in Cariano (VR)",2020,3,19,19.42,5.91,0
"VR001_S.Pietro in Cariano (VR)",2020,3,20,18.22,6.32,0
"VR001_S.Pietro in Cariano (VR)",2020,3,21,16.4,5.94,0
"VR001_S.Pietro in Cariano (VR)",2020,3,22,11.7,5.07,0
"VR001_S.Pietro in Cariano (VR)",2020,3,23,8.97,0.36,0
"VR001_S.Pietro in Cariano (VR)",2020,3,24,10.36,-1.69,0
"VR001_S.Pietro in Cariano (VR)",2020,3,25,8.04,0.65,0
"VR001_S.Pietro in Cariano (VR)",2020,3,26,6.32,0.01,0
"VR001_S.Pietro in Cariano (VR)",2020,3,27,12.06,4.17,0
"VR001_S.Pietro in Cariano (VR)",2020,3,28,17.06,5.28,0
"VR001_S.Pietro in Cariano (VR)",2020,3,29,16.63,7.08,0
"VR001_S.Pietro in Cariano (VR)",2020,3,30,11.56,4.03,4.9
"VR001_S.Pietro in Cariano (VR)",2020,3,31,8.75,1.96,5
"VR001_S.Pietro in Cariano (VR)",2020,4,1,10.42,0.89,0
"VR001_S.Pietro in Cariano (VR)",2020,4,2,13.69,-0.96,0
"VR001_S.Pietro in Cariano (VR)",2020,4,3,15.51,2.03,0
"VR001_S.Pietro in Cariano (VR)",2020,4,4,17.59,3.62,0
"VR001_S.Pietro in Cariano (VR)",2020,4,5,19.11,4.67,0
"VR001_S.Pietro in Cariano (VR)",2020,4,6,20.33,4.73,0
"VR001_S.Pietro in Cariano (VR)",2020,4,7,20.37,5.18,0
"VR001_S.Pietro in Cariano (VR)",2020,4,8,20.65,5.38,0
"VR001_S.Pietro in Cariano (VR)",2020,4,9,22.32,5.16,0
"VR001_S.Pietro in Cariano (VR)",2020,4,10,23.12,6.83,0
"VR001_S.Pietro in Cariano (VR)",2020,4,11,23.42,8.39,0
"VR001_S.Pietro in Cariano (VR)",2020,4,12,23.19,8.02,0
"VR001_S.Pietro in Cariano (VR)",2020,4,13,21.83,8.29,0
"VR001_S.Pietro in Cariano (VR)",2020,4,14,21.66,7.29,0
"VR001_S.Pietro in Cariano (VR)",2020,4,15,17.08,4.56,0
"VR001_S.Pietro in Cariano (VR)",2020,4,16,19.35,4.75,0
"VR001_S.Pietro in Cariano (VR)",2020,4,17,21.9,6.4,0
"VR001_S.Pietro in Cariano (VR)",2020,4,18,22.37,8.61,0
"VR001_S.Pietro in Cariano (VR)",2020,4,19,22.48,10.22,0
"VR001_S.Pietro in Cariano (VR)",2020,4,20,15.84,10.97,4.9
"VR001_S.Pietro in Cariano (VR)",2020,4,21,18.38,8.63,1.9
"VR001_S.Pietro in Cariano (VR)",2020,4,22,20.61,7.02,0
"VR001_S.Pietro in Cariano (VR)",2020,4,23,21.34,6.29,0
"VR001_S.Pietro in Cariano (VR)",2020,4,24,23.4,7.6,0
"VR001_S.Pietro in Cariano (VR)",2020,4,25,24.05,9.29,0
"VR001_S.Pietro in Cariano (VR)",2020,4,26,21.28,11.07,0
"VR001_S.Pietro in Cariano (VR)",2020,4,27,21.26,11.17,0
"VR001_S.Pietro in Cariano (VR)",2020,4,28,18.33,11.21,3.9
"VR001_S.Pietro in Cariano (VR)",2020,4,29,19.59,10.39,9.1
"VR001_S.Pietro in Cariano (VR)",2020,4,30,20.09,9.36,11
"VR001_S.Pietro in Cariano (VR)",2020,5,1,19.97,9.09,15
"VR001_S.Pietro in Cariano (VR)",2020,5,2,22.53,9.93,0
"VR001_S.Pietro in Cariano (VR)",2020,5,3,21.28,9.88,0
"VR001_S.Pietro in Cariano (VR)",2020,5,4,23.01,9.86,0
"VR001_S.Pietro in Cariano (VR)",2020,5,5,22.16,10.11,0
"VR001_S.Pietro in Cariano (VR)",2020,5,6,20.68,10.6,0
"VR001_S.Pietro in Cariano (VR)",2020,5,7,23,9.61,0
"VR001_S.Pietro in Cariano (VR)",2020,5,8,24.63,10.32,0
"VR001_S.Pietro in Cariano (VR)",2020,5,9,25.06,12.74,0
"VR001_S.Pietro in Cariano (VR)",2020,5,10,23.37,15.26,0
"VR001_S.Pietro in Cariano (VR)",2020,5,11,19.45,12.88,18.3
"VR001_S.Pietro in Cariano (VR)",2020,5,12,22.26,11.85,8.7
"VR001_S.Pietro in Cariano (VR)",2020,5,13,18.43,11.87,6.4
"VR001_S.Pietro in Cariano (VR)",2020,5,14,22.88,12.88,3.1
"VR001_S.Pietro in Cariano (VR)",2020,5,15,20.09,13.18,17.8
"VR001_S.Pietro in Cariano (VR)",2020,5,16,20.7,12.42,2.9
"VR001_S.Pietro in Cariano (VR)",2020,5,17,23.79,13.59,4.5
"VR001_S.Pietro in Cariano (VR)",2020,5,18,24.03,14.66,0
"VR001_S.Pietro in Cariano (VR)",2020,5,19,22.51,14.96,3.6
"VR001_S.Pietro in Cariano (VR)",2020,5,20,23.88,14.11,7.1
"VR001_S.Pietro in Cariano (VR)",2020,5,21,24.49,12.59,0
"VR001_S.Pietro in Cariano (VR)",2020,5,22,24.98,14.1,0
"VR001_S.Pietro in Cariano (VR)",2020,5,23,25.57,14.8,0
"VR001_S.Pietro in Cariano (VR)",2020,5,24,24.11,12.76,4.1
"VR001_S.Pietro in Cariano (VR)",2020,5,25,24.83,13.04,0
"VR001_S.Pietro in Cariano (VR)",2020,5,26,22.97,12.65,0
"VR001_S.Pietro in Cariano (VR)",2020,5,27,24.17,11.6,0
"VR001_S.Pietro in Cariano (VR)",2020,5,28,24.27,11.82,0
"VR001_S.Pietro in Cariano (VR)",2020,5,29,20.52,12.35,5.2
"VR001_S.Pietro in Cariano (VR)",2020,5,30,21.08,12.24,0
"VR001_S.Pietro in Cariano (VR)",2020,5,31,22.33,11.95,1.3
"VR001_S.Pietro in Cariano (VR)",2020,6,1,26.54,12.73,0
"VR001_S.Pietro in Cariano (VR)",2020,6,2,27.03,13.27,0
"VR001_S.Pietro in Cariano (VR)",2020,6,3,26.36,14.27,7.6
"VR001_S.Pietro in Cariano (VR)",2020,6,4,19.24,13.34,13.2
"VR001_S.Pietro in Cariano (VR)",2020,6,5,23.82,13.54,28.5
"VR001_S.Pietro in Cariano (VR)",2020,6,6,24.73,14.19,0
"VR001_S.Pietro in Cariano (VR)",2020,6,7,21.31,14.84,3.6
"VR001_S.Pietro in Cariano (VR)",2020,6,8,19.81,13.06,24.2
"VR001_S.Pietro in Cariano (VR)",2020,6,9,21.75,13.5,9.8
"VR001_S.Pietro in Cariano (VR)",2020,6,10,20.54,12.66,0.7
"VR001_S.Pietro in Cariano (VR)",2020,6,11,20.51,12.15,7.2
"VR001_S.Pietro in Cariano (VR)",2020,6,12,24.85,11.14,0
"VR001_S.Pietro in Cariano (VR)",2020,6,13,26.07,13.6,15.5
"VR001_S.Pietro in Cariano (VR)",2020,6,14,24.92,14.48,11
"VR001_S.Pietro in Cariano (VR)",2020,6,15,23.45,15.49,0
"VR001_S.Pietro in Cariano (VR)",2020,6,16,24.03,15.8,3
"VR001_S.Pietro in Cariano (VR)",2020,6,17,23.63,15.38,9.3
"VR001_S.Pietro in Cariano (VR)",2020,6,18,24.63,14.12,3.7
"VR001_S.Pietro in Cariano (VR)",2020,6,19,24.55,13.07,0
"VR001_S.Pietro in Cariano (VR)",2020,6,20,27.32,12.27,1.8
"VR001_S.Pietro in Cariano (VR)",2020,6,21,29.46,15.77,0
"VR001_S.Pietro in Cariano (VR)",2020,6,22,31.24,16.16,0
"VR001_S.Pietro in Cariano (VR)",2020,6,23,31.35,18.38,0
"VR001_S.Pietro in Cariano (VR)",2020,6,24,27.36,18.68,0
"VR001_S.Pietro in Cariano (VR)",2020,6,25,26.55,18.22,0
"VR001_S.Pietro in Cariano (VR)",2020,6,26,28.67,17.63,0
"VR001_S.Pietro in Cariano (VR)",2020,6,27,30.48,18.17,0
"VR001_S.Pietro in Cariano (VR)",2020,6,28,31.81,19.3,0
"VR001_S.Pietro in Cariano (VR)",2020,6,29,30.92,20.14,0
"VR001_S.Pietro in Cariano (VR)",2020,6,30,30.43,20.12,0
"VR001_S.Pietro in Cariano (VR)",2020,7,1,29.34,20.4,0
"VR001_S.Pietro in Cariano (VR)",2020,7,2,29.16,17.83,15.5
"VR001_S.Pietro in Cariano (VR)",2020,7,3,27.9,17.04,12
"VR001_S.Pietro in Cariano (VR)",2020,7,4,28.01,17.84,14.4
"VR001_S.Pietro in Cariano (VR)",2020,7,5,29.45,18.24,0
"VR001_S.Pietro in Cariano (VR)",2020,7,6,30.82,19.24,0
"VR001_S.Pietro in Cariano (VR)",2020,7,7,26.16,16.86,0
"VR001_S.Pietro in Cariano (VR)",2020,7,8,28.05,15.27,0
"VR001_S.Pietro in Cariano (VR)",2020,7,9,30.07,16.43,0
"VR001_S.Pietro in Cariano (VR)",2020,7,10,30.34,18.13,0
"VR001_S.Pietro in Cariano (VR)",2020,7,11,26.32,17.23,17.2
"VR001_S.Pietro in Cariano (VR)",2020,7,12,25.41,15.62,10
"VR001_S.Pietro in Cariano (VR)",2020,7,13,25.09,16.29,0
"VR001_S.Pietro in Cariano (VR)",2020,7,14,25.23,15.36,0
"VR001_S.Pietro in Cariano (VR)",2020,7,15,25.68,15.37,0
"VR001_S.Pietro in Cariano (VR)",2020,7,16,26.78,16.08,0
"VR001_S.Pietro in Cariano (VR)",2020,7,17,26.34,18.1,0
"VR001_S.Pietro in Cariano (VR)",2020,7,18,26.67,16.68,0
"VR001_S.Pietro in Cariano (VR)",2020,7,19,28.11,15.53,0
"VR001_S.Pietro in Cariano (VR)",2020,7,20,30.34,18.71,0
"VR001_S.Pietro in Cariano (VR)",2020,7,21,30.8,18.51,0
"VR001_S.Pietro in Cariano (VR)",2020,7,22,30.28,18.69,13.6
"VR001_S.Pietro in Cariano (VR)",2020,7,23,28.87,17.4,9.9
"VR001_S.Pietro in Cariano (VR)",2020,7,24,24.67,16.89,13.6
"VR001_S.Pietro in Cariano (VR)",2020,7,25,29,15.28,7.1
"VR001_S.Pietro in Cariano (VR)",2020,7,26,29.68,17.18,0
"VR001_S.Pietro in Cariano (VR)",2020,7,27,30.37,19.42,0
"VR001_S.Pietro in Cariano (VR)",2020,7,28,31.33,20.2,0
"VR001_S.Pietro in Cariano (VR)",2020,7,29,32.27,21.12,0
"VR001_S.Pietro in Cariano (VR)",2020,7,30,33.6,22.63,0
"VR001_S.Pietro in Cariano (VR)",2020,7,31,33.98,22.16,0
"VR001_S.Pietro in Cariano (VR)",2020,8,1,33.92,20.58,0
"VR001_S.Pietro in Cariano (VR)",2020,8,2,29.99,19.19,5
"VR001_S.Pietro in Cariano (VR)",2020,8,3,24.72,15.95,19.5
"VR001_S.Pietro in Cariano (VR)",2020,8,4,24.28,14.69,19.8
"VR001_S.Pietro in Cariano (VR)",2020,8,5,26.64,15.53,5.6
"VR001_S.Pietro in Cariano (VR)",2020,8,6,28.41,15.57,0
"VR001_S.Pietro in Cariano (VR)",2020,8,7,29.82,18.85,0
"VR001_S.Pietro in Cariano (VR)",2020,8,8,31.33,19.53,0
"VR001_S.Pietro in Cariano (VR)",2020,8,9,31.7,19.84,0
"VR001_S.Pietro in Cariano (VR)",2020,8,10,31.96,19.93,0
"VR001_S.Pietro in Cariano (VR)",2020,8,11,31.48,20.31,0
"VR001_S.Pietro in Cariano (VR)",2020,8,12,30.57,19.1,4.5
"VR001_S.Pietro in Cariano (VR)",2020,8,13,29.65,19.29,2.7
"VR001_S.Pietro in Cariano (VR)",2020,8,14,28.12,18.43,0
"VR001_S.Pietro in Cariano (VR)",2020,8,15,30.22,17.48,4.6
"VR001_S.Pietro in Cariano (VR)",2020,8,16,29.5,18.89,0
"VR001_S.Pietro in Cariano (VR)",2020,8,17,29.04,17.95,0
"VR001_S.Pietro in Cariano (VR)",2020,8,18,28.31,16.79,2.9
"VR001_S.Pietro in Cariano (VR)",2020,8,19,28.85,16.12,6.1
"VR001_S.Pietro in Cariano (VR)",2020,8,20,30.43,19.18,0
"VR001_S.Pietro in Cariano (VR)",2020,8,21,31.29,20.01,0
"VR001_S.Pietro in Cariano (VR)",2020,8,22,32.25,19.59,0
"VR001_S.Pietro in Cariano (VR)",2020,8,23,28.74,17.85,10.8
"VR001_S.Pietro in Cariano (VR)",2020,8,24,26.63,16.87,6.5
"VR001_S.Pietro in Cariano (VR)",2020,8,25,27.87,16.08,0
"VR001_S.Pietro in Cariano (VR)",2020,8,26,28.57,17.57,0
"VR001_S.Pietro in Cariano (VR)",2020,8,27,28.51,18.95,0
"VR001_S.Pietro in Cariano (VR)",2020,8,28,28.09,19.07,0
"VR001_S.Pietro in Cariano (VR)",2020,8,29,26.47,17.17,7.2
"VR001_S.Pietro in Cariano (VR)",2020,8,30,25.75,15.86,53.4
"VR001_S.Pietro in Cariano (VR)",2020,8,31,21.91,14.1,2.5
"VR001_S.Pietro in Cariano (VR)",2020,9,1,24.93,12.96,0
"VR001_S.Pietro in Cariano (VR)",2020,9,2,21.76,14.35,4.6
"VR001_S.Pietro in Cariano (VR)",2020,9,3,25.29,12.88,0
"VR001_S.Pietro in Cariano (VR)",2020,9,4,26.56,14.46,0
"VR001_S.Pietro in Cariano (VR)",2020,9,5,27.25,16.01,0
"VR001_S.Pietro in Cariano (VR)",2020,9,6,26.15,17.03,0
"VR001_S.Pietro in Cariano (VR)",2020,9,7,24.72,15.82,4.4
"VR001_S.Pietro in Cariano (VR)",2020,9,8,25.48,15.47,0
"VR001_S.Pietro in Cariano (VR)",2020,9,9,26.75,15.58,0
"VR001_S.Pietro in Cariano (VR)",2020,9,10,26.75,16.94,0
"VR001_S.Pietro in Cariano (VR)",2020,9,11,27.7,17.78,0
"VR001_S.Pietro in Cariano (VR)",2020,9,12,28.21,17.88,0
"VR001_S.Pietro in Cariano (VR)",2020,9,13,28.44,17.89,0
"VR001_S.Pietro in Cariano (VR)",2020,9,14,28.7,17.9,0
"VR001_S.Pietro in Cariano (VR)",2020,9,15,28.23,17.05,0
"VR001_S.Pietro in Cariano (VR)",2020,9,16,28.69,17.18,0
"VR001_S.Pietro in Cariano (VR)",2020,9,17,29.3,16.45,0
"VR001_S.Pietro in Cariano (VR)",2020,9,18,26.64,16.5,0
"VR001_S.Pietro in Cariano (VR)",2020,9,19,23.99,15.31,0
"VR001_S.Pietro in Cariano (VR)",2020,9,20,24.8,14.59,0
"VR001_S.Pietro in Cariano (VR)",2020,9,21,23.16,15.96,0
"VR001_S.Pietro in Cariano (VR)",2020,9,22,20.97,15.86,3.8
"VR001_S.Pietro in Cariano (VR)",2020,9,23,22.31,15.06,6
"VR001_S.Pietro in Cariano (VR)",2020,9,24,21.84,12.72,12.5
"VR001_S.Pietro in Cariano (VR)",2020,9,25,21.2,10.3,11.3
"VR001_S.Pietro in Cariano (VR)",2020,9,26,19.12,7.96,7.3
"VR001_S.Pietro in Cariano (VR)",2020,9,27,17.39,6.85,0
"VR001_S.Pietro in Cariano (VR)",2020,9,28,18.54,8.22,0
"VR001_S.Pietro in Cariano (VR)",2020,9,29,20.17,7.96,0
"VR001_S.Pietro in Cariano (VR)",2020,9,30,20.92,9.82,0
"VR001_S.Pietro in Cariano (VR)",2020,10,1,19.55,11.66,0
"VR001_S.Pietro in Cariano (VR)",2020,10,2,18.1,12,11.7
"VR001_S.Pietro in Cariano (VR)",2020,10,3,19.46,10.79,30.5
"VR001_S.Pietro in Cariano (VR)",2020,10,4,17.85,9.09,16.2
"VR001_S.Pietro in Cariano (VR)",2020,10,5,17.68,9.28,14
"VR001_S.Pietro in Cariano (VR)",2020,10,6,19.6,8.46,0
"VR001_S.Pietro in Cariano (VR)",2020,10,7,21.32,9.96,0
"VR001_S.Pietro in Cariano (VR)",2020,10,8,20.91,8.44,0
"VR001_S.Pietro in Cariano (VR)",2020,10,9,19.7,9.34,0
"VR001_S.Pietro in Cariano (VR)",2020,10,10,19.41,8.96,0
"VR001_S.Pietro in Cariano (VR)",2020,10,11,13.55,7.67,29.8
"VR001_S.Pietro in Cariano (VR)",2020,10,12,16.02,6.52,4.8
"VR001_S.Pietro in Cariano (VR)",2020,10,13,15.87,3.89,0
"VR001_S.Pietro in Cariano (VR)",2020,10,14,15.73,4.14,3
"VR001_S.Pietro in Cariano (VR)",2020,10,15,11.25,7.12,20
"VR001_S.Pietro in Cariano (VR)",2020,10,16,15.38,6.84,10.5
"VR001_S.Pietro in Cariano (VR)",2020,10,17,15.64,6.17,0
"VR001_S.Pietro in Cariano (VR)",2020,10,18,15.59,6.1,0
"VR001_S.Pietro in Cariano (VR)",2020,10,19,15.37,6.87,0
"VR001_S.Pietro in Cariano (VR)",2020,10,20,15.39,6.87,0
"VR001_S.Pietro in Cariano (VR)",2020,10,21,17.37,7.7,0
"VR001_S.Pietro in Cariano (VR)",2020,10,22,16.33,7.61,0
"VR001_S.Pietro in Cariano (VR)",2020,10,23,15.54,10.62,0
"VR001_S.Pietro in Cariano (VR)",2020,10,24,17.81,11.2,6.4
"VR001_S.Pietro in Cariano (VR)",2020,10,25,18.35,9.51,2.2
"VR001_S.Pietro in Cariano (VR)",2020,10,26,16.28,10.11,4.4
"VR001_S.Pietro in Cariano (VR)",2020,10,27,14.3,6.54,36
"VR001_S.Pietro in Cariano (VR)",2020,10,28,15.94,5.94,0
"VR001_S.Pietro in Cariano (VR)",2020,10,29,16.92,7.01,0
"VR001_S.Pietro in Cariano (VR)",2020,10,30,17.02,7.33,0
"VR001_S.Pietro in Cariano (VR)",2020,10,31,17.25,8.28,0
"VR001_S.Pietro in Cariano (VR)",2020,11,1,15.61,8.11,0
"VR001_S.Pietro in Cariano (VR)",2020,11,2,15.19,9,0
"VR001_S.Pietro in Cariano (VR)",2020,11,3,16.14,10.86,0
"VR001_S.Pietro in Cariano (VR)",2020,11,4,16.03,10.39,0
"VR001_S.Pietro in Cariano (VR)",2020,11,5,17.57,9.98,0
"VR001_S.Pietro in Cariano (VR)",2020,11,6,17.92,8.58,0
"VR001_S.Pietro in Cariano (VR)",2020,11,7,17.24,6.65,0
"VR001_S.Pietro in Cariano (VR)",2020,11,8,16.84,6.64,0
"VR001_S.Pietro in Cariano (VR)",2020,11,9,17.83,6.38,0
"VR001_S.Pietro in Cariano (VR)",2020,11,10,16.45,6.67,0
"VR001_S.Pietro in Cariano (VR)",2020,11,11,13.56,6.1,0
"VR001_S.Pietro in Cariano (VR)",2020,11,12,13.24,5.89,0
"VR001_S.Pietro in Cariano (VR)",2020,11,13,12.36,6.02,0
"VR001_S.Pietro in Cariano (VR)",2020,11,14,12.84,5.76,0
"VR001_S.Pietro in Cariano (VR)",2020,11,15,13.56,6.05,0
"VR001_S.Pietro in Cariano (VR)",2020,11,16,13.55,7.08,4.3
"VR001_S.Pietro in Cariano (VR)",2020,11,17,15.36,4.69,0
"VR001_S.Pietro in Cariano (VR)",2020,11,18,12.56,4.26,0
"VR001_S.Pietro in Cariano (VR)",2020,11,19,12.55,5.04,0
"VR001_S.Pietro in Cariano (VR)",2020,11,20,13.77,3.5,2.4
"VR001_S.Pietro in Cariano (VR)",2020,11,21,10.72,1,0
"VR001_S.Pietro in Cariano (VR)",2020,11,22,9.64,-0.77,0
"VR001_S.Pietro in Cariano (VR)",2020,11,23,9.96,0,0
"VR001_S.Pietro in Cariano (VR)",2020,11,24,11.13,1.43,0
"VR001_S.Pietro in Cariano (VR)",2020,11,25,10.88,0.51,0
"VR001_S.Pietro in Cariano (VR)",2020,11,26,9.96,0.65,0
"VR001_S.Pietro in Cariano (VR)",2020,11,27,8.57,0.67,0
"VR001_S.Pietro in Cariano (VR)",2020,11,28,8.42,1.08,0
"VR001_S.Pietro in Cariano (VR)",2020,11,29,9.07,2,0
"VR001_S.Pietro in Cariano (VR)",2020,11,30,7.29,0.82,0
"VR001_S.Pietro in Cariano (VR)",2020,12,1,4.53,1.34,3.3
"VR001_S.Pietro in Cariano (VR)",2020,12,2,3.66,0.46,8
"VR001_S.Pietro in Cariano (VR)",2020,12,3,5.08,0.61,9.1
"VR001_S.Pietro in Cariano (VR)",2020,12,4,7.91,0.73,19.8
"VR001_S.Pietro in Cariano (VR)",2020,12,5,9.17,2.86,50.7
"VR001_S.Pietro in Cariano (VR)",2020,12,6,8.87,2.33,61.3
"VR001_S.Pietro in Cariano (VR)",2020,12,7,6.7,2.35,15.7
"VR001_S.Pietro in Cariano (VR)",2020,12,8,5.34,2.52,10.5
"VR001_S.Pietro in Cariano (VR)",2020,12,9,5.1,3.46,17.9
"VR001_S.Pietro in Cariano (VR)",2020,12,10,6.87,2.9,10.3
"VR001_S.Pietro in Cariano (VR)",2020,12,11,6.57,1.54,0
"VR001_S.Pietro in Cariano (VR)",2020,12,12,6.23,2.09,0
"VR001_S.Pietro in Cariano (VR)",2020,12,13,8.03,0.48,0
"VR001_S.Pietro in Cariano (VR)",2020,12,14,7.45,0.44,0
"VR001_S.Pietro in Cariano (VR)",2020,12,15,7.93,1.61,0
"VR001_S.Pietro in Cariano (VR)",2020,12,16,8.81,3.97,1.2
"VR001_S.Pietro in Cariano (VR)",2020,12,17,9.27,2.99,0
"VR001_S.Pietro in Cariano (VR)",2020,12,18,8.74,3.42,0
"VR001_S.Pietro in Cariano (VR)",2020,12,19,8.05,3.63,0
"VR001_S.Pietro in Cariano (VR)",2020,12,20,7.56,4.5,0
"VR001_S.Pietro in Cariano (VR)",2020,12,21,8.77,4.43,0
"VR001_S.Pietro in Cariano (VR)",2020,12,22,8.77,4.46,0
"VR001_S.Pietro in Cariano (VR)",2020,12,23,7.7,3.78,0
"VR001_S.Pietro in Cariano (VR)",2020,12,24,9.89,4.29,0
"VR001_S.Pietro in Cariano (VR)",2020,12,25,7.88,3.09,3.1
"VR001_S.Pietro in Cariano (VR)",2020,12,26,8.47,-0.79,0
"VR001_S.Pietro in Cariano (VR)",2020,12,27,3.24,-3.09,0
"VR001_S.Pietro in Cariano (VR)",2020,12,28,2.2,-1.95,8.9
"VR001_S.Pietro in Cariano (VR)",2020,12,29,4.79,-1.19,12.6
"VR001_S.Pietro in Cariano (VR)",2020,12,30,3.66,-0.41,6.8
"VR001_S.Pietro in Cariano (VR)",2020,12,31,5.06,-2.09,0
"VR001_S.Pietro in Cariano (VR)",2021,1,1,3.2,0.27,18.5
"VR001_S.Pietro in Cariano (VR)",2021,1,2,4.35,2.1,23
"VR001_S.Pietro in Cariano (VR)",2021,1,3,7.41,1.75,14.2
"VR001_S.Pietro in Cariano (VR)",2021,1,4,5.38,1.43,0
"VR001_S.Pietro in Cariano (VR)",2021,1,5,4.48,1,3.3
"VR001_S.Pietro in Cariano (VR)",2021,1,6,2.98,-0.65,5.3
"VR001_S.Pietro in Cariano (VR)",2021,1,7,3.93,-1.81,1.2
"VR001_S.Pietro in Cariano (VR)",2021,1,8,4.45,-3.12,0
"VR001_S.Pietro in Cariano (VR)",2021,1,9,1.87,-3.76,0
"VR001_S.Pietro in Cariano (VR)",2021,1,10,2.17,-3.8,0
"VR001_S.Pietro in Cariano (VR)",2021,1,11,3.14,-5.79,0
"VR001_S.Pietro in Cariano (VR)",2021,1,12,3.66,-5.61,0
"VR001_S.Pietro in Cariano (VR)",2021,1,13,7.43,-2.77,0
"VR001_S.Pietro in Cariano (VR)",2021,1,14,7.63,-2.83,0
"VR001_S.Pietro in Cariano (VR)",2021,1,15,4.82,-2.1,0
"VR001_S.Pietro in Cariano (VR)",2021,1,16,5.02,-3.93,0
"VR001_S.Pietro in Cariano (VR)",2021,1,17,2.07,-2.72,0
"VR001_S.Pietro in Cariano (VR)",2021,1,18,6.21,-3.35,0
"VR001_S.Pietro in Cariano (VR)",2021,1,19,3.02,-2.87,0
"VR001_S.Pietro in Cariano (VR)",2021,1,20,2.68,-1.41,2.1
"VR001_S.Pietro in Cariano (VR)",2021,1,21,4.91,0.67,2.6
"VR001_S.Pietro in Cariano (VR)",2021,1,22,6.47,1.29,24.9
"VR001_S.Pietro in Cariano (VR)",2021,1,23,6.28,2.21,32.6
"VR001_S.Pietro in Cariano (VR)",2021,1,24,5.78,-0.99,0
"VR001_S.Pietro in Cariano (VR)",2021,1,25,5.35,-2.26,0
"VR001_S.Pietro in Cariano (VR)",2021,1,26,7.19,-2.32,0
"VR001_S.Pietro in Cariano (VR)",2021,1,27,3.6,-2.2,0
"VR001_S.Pietro in Cariano (VR)",2021,1,28,5.3,-2.08,0
"VR001_S.Pietro in Cariano (VR)",2021,1,29,5.98,-1.49,0
"VR001_S.Pietro in Cariano (VR)",2021,1,30,8.88,0.67,4.2
"VR001_S.Pietro in Cariano (VR)",2021,1,31,8.38,2.12,6
"VR001_S.Pietro in Cariano (VR)",2021,2,1,8.43,1.66,0
"VR001_S.Pietro in Cariano (VR)",2021,2,2,8.5,1.13,0
"VR001_S.Pietro in Cariano (VR)",2021,2,3,7.34,2.86,0
"VR001_S.Pietro in Cariano (VR)",2021,2,4,9.93,3.91,0
"VR001_S.Pietro in Cariano (VR)",2021,2,5,10.08,5.27,0
"VR001_S.Pietro in Cariano (VR)",2021,2,6,8.93,5.28,3.2
"VR001_S.Pietro in Cariano (VR)",2021,2,7,9.9,5.18,4.8
"VR001_S.Pietro in Cariano (VR)",2021,2,8,11.31,3.43,11.8
"VR001_S.Pietro in Cariano (VR)",2021,2,9,9.95,4.74,5.3
"VR001_S.Pietro in Cariano (VR)",2021,2,10,8.25,2.93,14.5
"VR001_S.Pietro in Cariano (VR)",2021,2,11,11.18,1.89,2.6
"VR001_S.Pietro in Cariano (VR)",2021,2,12,2.98,-0.61,0
"VR001_S.Pietro in Cariano (VR)",2021,2,13,3.07,-3.4,0
"VR001_S.Pietro in Cariano (VR)",2021,2,14,5.09,-4.41,0
"VR001_S.Pietro in Cariano (VR)",2021,2,15,6.9,-4.41,0
"VR001_S.Pietro in Cariano (VR)",2021,2,16,10.33,-1.79,0
"VR001_S.Pietro in Cariano (VR)",2021,2,17,11.61,1.7,0
"VR001_S.Pietro in Cariano (VR)",2021,2,18,11.51,4.51,0
"VR001_S.Pietro in Cariano (VR)",2021,2,19,12.05,5.4,0
"VR001_S.Pietro in Cariano (VR)",2021,2,20,13.05,4.96,0
"VR001_S.Pietro in Cariano (VR)",2021,2,21,13.02,5.48,0
"VR001_S.Pietro in Cariano (VR)",2021,2,22,14.2,4.56,0
"VR001_S.Pietro in Cariano (VR)",2021,2,23,16.95,4.78,0
"VR001_S.Pietro in Cariano (VR)",2021,2,24,19.35,5.68,0
"VR001_S.Pietro in Cariano (VR)",2021,2,25,19.33,5.58,0
"VR001_S.Pietro in Cariano (VR)",2021,2,26,19.28,5.38,0
"VR001_S.Pietro in Cariano (VR)",2021,2,27,19,5.14,0
"VR001_S.Pietro in Cariano (VR)",2021,2,28,13.14,3.25,0
"VR001_S.Pietro in Cariano (VR)",2021,3,1,15.55,1.22,0
"VR001_S.Pietro in Cariano (VR)",2021,3,2,14.61,2.08,0
"VR001_S.Pietro in Cariano (VR)",2021,3,3,13.47,2.82,0
"VR001_S.Pietro in Cariano (VR)",2021,3,4,13.53,2.62,0
"VR001_S.Pietro in Cariano (VR)",2021,3,5,15.24,4.34,0
"VR001_S.Pietro in Cariano (VR)",2021,3,6,10.15,1.68,0
"VR001_S.Pietro in Cariano (VR)",2021,3,7,11.42,-0.23,0
"VR001_S.Pietro in Cariano (VR)",2021,3,8,12.12,0.73,0
"VR001_S.Pietro in Cariano (VR)",2021,3,9,12.06,1.1,0
"VR001_S.Pietro in Cariano (VR)",2021,3,10,12.59,1.89,0
"VR001_S.Pietro in Cariano (VR)",2021,3,11,12.01,2.39,0
"VR001_S.Pietro in Cariano (VR)",2021,3,12,14.82,5.08,0
"VR001_S.Pietro in Cariano (VR)",2021,3,13,15.74,2.95,0
"VR001_S.Pietro in Cariano (VR)",2021,3,14,13.48,1.85,2.9
"VR001_S.Pietro in Cariano (VR)",2021,3,15,14.6,0.95,2.1
"VR001_S.Pietro in Cariano (VR)",2021,3,16,14.72,1.52,0
"VR001_S.Pietro in Cariano (VR)",2021,3,17,14.1,0.68,0
"VR001_S.Pietro in Cariano (VR)",2021,3,18,10.55,0.52,0
"VR001_S.Pietro in Cariano (VR)",2021,3,19,10.27,0.04,0
"VR001_S.Pietro in Cariano (VR)",2021,3,20,10.65,-1.05,0
"VR001_S.Pietro in Cariano (VR)",2021,3,21,10.59,-1.63,0
"VR001_S.Pietro in Cariano (VR)",2021,3,22,14.81,0.11,0
"VR001_S.Pietro in Cariano (VR)",2021,3,23,13.67,1.38,0
"VR001_S.Pietro in Cariano (VR)",2021,3,24,16.26,2.27,0
"VR001_S.Pietro in Cariano (VR)",2021,3,25,17.14,3.87,0
"VR001_S.Pietro in Cariano (VR)",2021,3,26,17.47,4.58,0
"VR001_S.Pietro in Cariano (VR)",2021,3,27,16.19,6.97,0
"VR001_S.Pietro in Cariano (VR)",2021,3,28,18.1,7.04,0
"VR001_S.Pietro in Cariano (VR)",2021,3,29,20.82,7.17,0
"VR001_S.Pietro in Cariano (VR)",2021,3,30,22.23,8.42,0
"VR001_S.Pietro in Cariano (VR)",2021,3,31,23.46,8.31,0
"VR001_S.Pietro in Cariano (VR)",2021,4,1,24.36,10.04,0
"VR001_S.Pietro in Cariano (VR)",2021,4,2,23.17,9.64,0
"VR001_S.Pietro in Cariano (VR)",2021,4,3,17.65,7.72,0
"VR001_S.Pietro in Cariano (VR)",2021,4,4,14.15,4.11,0
"VR001_S.Pietro in Cariano (VR)",2021,4,5,14.94,2.46,0
"VR001_S.Pietro in Cariano (VR)",2021,4,6,11.91,1.87,0
"VR001_S.Pietro in Cariano (VR)",2021,4,7,11.6,-0.06,0
"VR001_S.Pietro in Cariano (VR)",2021,4,8,15.11,-0.76,0
"VR001_S.Pietro in Cariano (VR)",2021,4,9,15.76,3.09,0
"VR001_S.Pietro in Cariano (VR)",2021,4,10,16.13,5.28,5.3
"VR001_S.Pietro in Cariano (VR)",2021,4,11,9.85,6.09,13.5
"VR001_S.Pietro in Cariano (VR)",2021,4,12,13.52,4.9,16.2
"VR001_S.Pietro in Cariano (VR)",2021,4,13,12.28,3.38,18.5
"VR001_S.Pietro in Cariano (VR)",2021,4,14,13.59,1.35,0
"VR001_S.Pietro in Cariano (VR)",2021,4,15,10.96,2.98,0
"VR001_S.Pietro in Cariano (VR)",2021,4,16,12.96,1.67,0
"VR001_S.Pietro in Cariano (VR)",2021,4,17,13.61,2.97,0
"VR001_S.Pietro in Cariano (VR)",2021,4,18,13.7,6.47,0
"VR001_S.Pietro in Cariano (VR)",2021,4,19,16.01,4.88,0
"VR001_S.Pietro in Cariano (VR)",2021,4,20,17.45,5.11,0
"VR001_S.Pietro in Cariano (VR)",2021,4,21,17.41,5.73,0
"VR001_S.Pietro in Cariano (VR)",2021,4,22,17.75,6.34,0
"VR001_S.Pietro in Cariano (VR)",2021,4,23,18.98,7.43,0
"VR001_S.Pietro in Cariano (VR)",2021,4,24,20.64,8.01,0
"VR001_S.Pietro in Cariano (VR)",2021,4,25,22.41,7.96,0
"VR001_S.Pietro in Cariano (VR)",2021,4,26,14.76,10.11,1.2
"VR001_S.Pietro in Cariano (VR)",2021,4,27,13.96,8.71,0
"VR001_S.Pietro in Cariano (VR)",2021,4,28,17.07,9.51,0
"VR001_S.Pietro in Cariano (VR)",2021,4,29,15.84,10.44,4.2
"VR001_S.Pietro in Cariano (VR)",2021,4,30,19.94,11.27,11.3
"VR001_S.Pietro in Cariano (VR)",2021,5,1,19.26,9.99,5.9
"VR001_S.Pietro in Cariano (VR)",2021,5,2,19.23,9.19,16.7
"VR001_S.Pietro in Cariano (VR)",2021,5,3,18.07,8.03,2.7
"VR001_S.Pietro in Cariano (VR)",2021,5,4,19.38,6.79,0
"VR001_S.Pietro in Cariano (VR)",2021,5,5,19.5,8.24,0
"VR001_S.Pietro in Cariano (VR)",2021,5,6,20.36,8.53,0
"VR001_S.Pietro in Cariano (VR)",2021,5,7,21.82,10.02,0
"VR001_S.Pietro in Cariano (VR)",2021,5,8,20.35,8.72,0
"VR001_S.Pietro in Cariano (VR)",2021,5,9,23.1,9.64,0
"VR001_S.Pietro in Cariano (VR)",2021,5,10,25.25,11.35,0
"VR001_S.Pietro in Cariano (VR)",2021,5,11,16.87,11.38,15.4
"VR001_S.Pietro in Cariano (VR)",2021,5,12,19.37,10.06,31.6
"VR001_S.Pietro in Cariano (VR)",2021,5,13,19.49,10.46,7.1
"VR001_S.Pietro in Cariano (VR)",2021,5,14,19.17,8.9,3.9
"VR001_S.Pietro in Cariano (VR)",2021,5,15,18,8.39,7.7
"VR001_S.Pietro in Cariano (VR)",2021,5,16,18.32,9.96,0
"VR001_S.Pietro in Cariano (VR)",2021,5,17,21.52,10.14,4.4
"VR001_S.Pietro in Cariano (VR)",2021,5,18,22.87,9.14,2.8
"VR001_S.Pietro in Cariano (VR)",2021,5,19,20.68,8.49,4.7
"VR001_S.Pietro in Cariano (VR)",2021,5,20,22.18,7.89,0
"VR001_S.Pietro in Cariano (VR)",2021,5,21,21.6,10.07,0
"VR001_S.Pietro in Cariano (VR)",2021,5,22,19.25,10.69,1.5
"VR001_S.Pietro in Cariano (VR)",2021,5,23,21.61,11.97,3.1
"VR001_S.Pietro in Cariano (VR)",2021,5,24,15.54,10.53,11.3
"VR001_S.Pietro in Cariano (VR)",2021,5,25,21.37,10.53,11.1
"VR001_S.Pietro in Cariano (VR)",2021,5,26,21.98,8.74,0
"VR001_S.Pietro in Cariano (VR)",2021,5,27,22.93,9.68,0
"VR001_S.Pietro in Cariano (VR)",2021,5,28,23.36,11.69,0
"VR001_S.Pietro in Cariano (VR)",2021,5,29,23.86,12.43,0
"VR001_S.Pietro in Cariano (VR)",2021,5,30,22.68,10.58,0
"VR001_S.Pietro in Cariano (VR)",2021,5,31,23.04,12.72,0
"VR001_S.Pietro in Cariano (VR)",2021,6,1,24.69,12.67,0
"VR001_S.Pietro in Cariano (VR)",2021,6,2,25.62,12.57,0
"VR001_S.Pietro in Cariano (VR)",2021,6,3,27.03,14.2,0
"VR001_S.Pietro in Cariano (VR)",2021,6,4,27.82,15.22,0
"VR001_S.Pietro in Cariano (VR)",2021,6,5,27.81,16.68,0
"VR001_S.Pietro in Cariano (VR)",2021,6,6,25.73,15.26,2.3
"VR001_S.Pietro in Cariano (VR)",2021,6,7,24.48,16.72,2.7
"VR001_S.Pietro in Cariano (VR)",2021,6,8,27.11,16.16,3.8
"VR001_S.Pietro in Cariano (VR)",2021,6,9,27.36,15.45,0
"VR001_S.Pietro in Cariano (VR)",2021,6,10,27.74,15.57,0
"VR001_S.Pietro in Cariano (VR)",2021,6,11,27.2,16.08,2.3
"VR001_S.Pietro in Cariano (VR)",2021,6,12,30.07,15.7,0
"VR001_S.Pietro in Cariano (VR)",2021,6,13,31.91,18.24,0
"VR001_S.Pietro in Cariano (VR)",2021,6,14,28.7,18.15,0
"VR001_S.Pietro in Cariano (VR)",2021,6,15,28.28,18.26,0
"VR001_S.Pietro in Cariano (VR)",2021,6,16,29.03,17.4,0
"VR001_S.Pietro in Cariano (VR)",2021,6,17,29.63,19.22,0
"VR001_S.Pietro in Cariano (VR)",2021,6,18,30.79,20.73,0
"VR001_S.Pietro in Cariano (VR)",2021,6,19,30.31,19.55,0
"VR001_S.Pietro in Cariano (VR)",2021,6,20,31.25,20.59,0
"VR001_S.Pietro in Cariano (VR)",2021,6,21,31.51,19.75,0
"VR001_S.Pietro in Cariano (VR)",2021,6,22,31.25,19.09,0
"VR001_S.Pietro in Cariano (VR)",2021,6,23,31.34,18.58,0
"VR001_S.Pietro in Cariano (VR)",2021,6,24,31.32,16.41,4.2
"VR001_S.Pietro in Cariano (VR)",2021,6,25,29.87,16.4,0
"VR001_S.Pietro in Cariano (VR)",2021,6,26,30.63,16.52,0
"VR001_S.Pietro in Cariano (VR)",2021,6,27,31.72,17.53,0
"VR001_S.Pietro in Cariano (VR)",2021,6,28,32.87,19.42,0
"VR001_S.Pietro in Cariano (VR)",2021,6,29,32.16,18.8,0
"VR001_S.Pietro in Cariano (VR)",2021,6,30,30.22,16.57,0
"VR001_S.Pietro in Cariano (VR)",2021,7,1,30.31,15.85,0
"VR001_S.Pietro in Cariano (VR)",2021,7,2,28.99,16.89,1.9
"VR001_S.Pietro in Cariano (VR)",2021,7,3,30.3,18.02,0
"VR001_S.Pietro in Cariano (VR)",2021,7,4,24.96,16.88,8
"VR001_S.Pietro in Cariano (VR)",2021,7,5,28.88,15.6,15.8
"VR001_S.Pietro in Cariano (VR)",2021,7,6,30.57,16.76,0
"VR001_S.Pietro in Cariano (VR)",2021,7,7,32.4,19.15,0
"VR001_S.Pietro in Cariano (VR)",2021,7,8,29.35,16.85,17.6
"VR001_S.Pietro in Cariano (VR)",2021,7,9,29.76,15.29,20.9
"VR001_S.Pietro in Cariano (VR)",2021,7,10,29.84,16.24,0
"VR001_S.Pietro in Cariano (VR)",2021,7,11,29.87,17.89,1.6
"VR001_S.Pietro in Cariano (VR)",2021,7,12,30.08,16.5,0
"VR001_S.Pietro in Cariano (VR)",2021,7,13,27.08,15.72,0
"VR001_S.Pietro in Cariano (VR)",2021,7,14,23.64,14.42,6.9
"VR001_S.Pietro in Cariano (VR)",2021,7,15,26.17,14.57,0
"VR001_S.Pietro in Cariano (VR)",2021,7,16,26.11,16.39,7.7
"VR001_S.Pietro in Cariano (VR)",2021,7,17,27.42,17.09,0
"VR001_S.Pietro in Cariano (VR)",2021,7,18,31,19.18,0
"VR001_S.Pietro in Cariano (VR)",2021,7,19,31.79,18.98,0
"VR001_S.Pietro in Cariano (VR)",2021,7,20,30.99,19.66,0
"VR001_S.Pietro in Cariano (VR)",2021,7,21,30.56,18.8,0
"VR001_S.Pietro in Cariano (VR)",2021,7,22,29.76,18.73,0
"VR001_S.Pietro in Cariano (VR)",2021,7,23,29.71,16.98,5.9
"VR001_S.Pietro in Cariano (VR)",2021,7,24,31.28,20.02,0
"VR001_S.Pietro in Cariano (VR)",2021,7,25,29.88,19.42,0
"VR001_S.Pietro in Cariano (VR)",2021,7,26,28.35,17.98,10.3
"VR001_S.Pietro in Cariano (VR)",2021,7,27,28.33,18.16,13.7
"VR001_S.Pietro in Cariano (VR)",2021,7,28,28.46,18.27,5.8
"VR001_S.Pietro in Cariano (VR)",2021,7,29,29.93,17.73,0
"VR001_S.Pietro in Cariano (VR)",2021,7,30,29.96,18.07,0
"VR001_S.Pietro in Cariano (VR)",2021,7,31,30.66,18.74,0
"VR001_S.Pietro in Cariano (VR)",2021,8,1,25.62,16.19,23.7
"VR001_S.Pietro in Cariano (VR)",2021,8,2,26.42,14.78,18.9
"VR001_S.Pietro in Cariano (VR)",2021,8,3,26.32,15.84,0
"VR001_S.Pietro in Cariano (VR)",2021,8,4,24.95,17.22,0
"VR001_S.Pietro in Cariano (VR)",2021,8,5,27.71,15.44,20.3
"VR001_S.Pietro in Cariano (VR)",2021,8,6,28.82,16.17,0
"VR001_S.Pietro in Cariano (VR)",2021,8,7,29.12,18.27,0
"VR001_S.Pietro in Cariano (VR)",2021,8,8,29.95,18.38,0
"VR001_S.Pietro in Cariano (VR)",2021,8,9,30.58,16.48,0
"VR001_S.Pietro in Cariano (VR)",2021,8,10,30.74,17.94,0
"VR001_S.Pietro in Cariano (VR)",2021,8,11,32.15,18.14,0
"VR001_S.Pietro in Cariano (VR)",2021,8,12,33.38,19.25,0
"VR001_S.Pietro in Cariano (VR)",2021,8,13,32.99,21.11,0
"VR001_S.Pietro in Cariano (VR)",2021,8,14,34.63,20.38,0
"VR001_S.Pietro in Cariano (VR)",2021,8,15,34.63,19.8,0
"VR001_S.Pietro in Cariano (VR)",2021,8,16,33.16,17.01,0
"VR001_S.Pietro in Cariano (VR)",2021,8,17,29.36,14.85,7
"VR001_S.Pietro in Cariano (VR)",2021,8,18,27.47,15.62,0
"VR001_S.Pietro in Cariano (VR)",2021,8,19,28.77,15.1,0
"VR001_S.Pietro in Cariano (VR)",2021,8,20,29.56,17.39,0
"VR001_S.Pietro in Cariano (VR)",2021,8,21,30.82,16.05,0
"VR001_S.Pietro in Cariano (VR)",2021,8,22,32.12,17.91,0
"VR001_S.Pietro in Cariano (VR)",2021,8,23,27.86,16.47,0
"VR001_S.Pietro in Cariano (VR)",2021,8,24,26.96,15.31,0
"VR001_S.Pietro in Cariano (VR)",2021,8,25,26.3,14.71,10
"VR001_S.Pietro in Cariano (VR)",2021,8,26,27.49,14.71,0
"VR001_S.Pietro in Cariano (VR)",2021,8,27,22.44,14.49,1.9
"VR001_S.Pietro in Cariano (VR)",2021,8,28,23.9,13.12,3
"VR001_S.Pietro in Cariano (VR)",2021,8,29,25.64,11.8,3.4
"VR001_S.Pietro in Cariano (VR)",2021,8,30,26.06,12.69,0
"VR001_S.Pietro in Cariano (VR)",2021,8,31,26.05,13.55,5.8
"VR001_S.Pietro in Cariano (VR)",2021,9,1,27.39,13.47,0
"VR001_S.Pietro in Cariano (VR)",2021,9,2,25.86,14.13,0
"VR001_S.Pietro in Cariano (VR)",2021,9,3,26.46,13.7,0
"VR001_S.Pietro in Cariano (VR)",2021,9,4,26.26,14.69,0
"VR001_S.Pietro in Cariano (VR)",2021,9,5,27.23,15.09,0
"VR001_S.Pietro in Cariano (VR)",2021,9,6,27.4,14.78,0
"VR001_S.Pietro in Cariano (VR)",2021,9,7,27.07,14.96,0
"VR001_S.Pietro in Cariano (VR)",2021,9,8,27.16,15.65,0
"VR001_S.Pietro in Cariano (VR)",2021,9,9,27.62,13.99,0
"VR001_S.Pietro in Cariano (VR)",2021,9,10,28.16,14.14,0
"VR001_S.Pietro in Cariano (VR)",2021,9,11,27.86,15.89,0
"VR001_S.Pietro in Cariano (VR)",2021,9,12,29.27,15.56,0
"VR001_S.Pietro in Cariano (VR)",2021,9,13,29.9,15.62,0
"VR001_S.Pietro in Cariano (VR)",2021,9,14,28.98,17.2,0
"VR001_S.Pietro in Cariano (VR)",2021,9,15,28.04,17.75,0
"VR001_S.Pietro in Cariano (VR)",2021,9,16,24.74,16.79,12.8
"VR001_S.Pietro in Cariano (VR)",2021,9,17,26.65,16.36,9.8
"VR001_S.Pietro in Cariano (VR)",2021,9,18,25.05,15.89,3
"VR001_S.Pietro in Cariano (VR)",2021,9,19,23.13,13.42,3.7
"VR001_S.Pietro in Cariano (VR)",2021,9,20,23.09,11.96,9.8
"VR001_S.Pietro in Cariano (VR)",2021,9,21,22.25,13.68,0
"VR001_S.Pietro in Cariano (VR)",2021,9,22,22.63,12.23,0
"VR001_S.Pietro in Cariano (VR)",2021,9,23,22.22,11.61,0
"VR001_S.Pietro in Cariano (VR)",2021,9,24,24.94,11.91,0
"VR001_S.Pietro in Cariano (VR)",2021,9,25,24.23,13.57,0
"VR001_S.Pietro in Cariano (VR)",2021,9,26,21.56,14.92,10.4
"VR001_S.Pietro in Cariano (VR)",2021,9,27,24.13,13.98,6.5
"VR001_S.Pietro in Cariano (VR)",2021,9,28,25.24,14.28,0
"VR001_S.Pietro in Cariano (VR)",2021,9,29,25.34,14.9,0
"VR001_S.Pietro in Cariano (VR)",2021,9,30,21.96,13.92,0
"VR001_S.Pietro in Cariano (VR)",2021,10,1,21.4,12.07,0
"VR001_S.Pietro in Cariano (VR)",2021,10,2,22.2,11.4,0
"VR001_S.Pietro in Cariano (VR)",2021,10,3,22.98,14.23,0
"VR001_S.Pietro in Cariano (VR)",2021,10,4,22.75,14.81,24.6
"VR001_S.Pietro in Cariano (VR)",2021,10,5,20.35,13.46,24.6
"VR001_S.Pietro in Cariano (VR)",2021,10,6,18.36,10.83,10.9
"VR001_S.Pietro in Cariano (VR)",2021,10,7,18.74,11.79,3.4
"VR001_S.Pietro in Cariano (VR)",2021,10,8,18.74,11.68,0
"VR001_S.Pietro in Cariano (VR)",2021,10,9,17.5,8.75,0
"VR001_S.Pietro in Cariano (VR)",2021,10,10,18.14,7.06,0
"VR001_S.Pietro in Cariano (VR)",2021,10,11,19.52,7.24,0
"VR001_S.Pietro in Cariano (VR)",2021,10,12,17.7,7.45,0
"VR001_S.Pietro in Cariano (VR)",2021,10,13,18.61,5.78,0
"VR001_S.Pietro in Cariano (VR)",2021,10,14,16.55,4.37,0
"VR001_S.Pietro in Cariano (VR)",2021,10,15,17.19,4.57,0
"VR001_S.Pietro in Cariano (VR)",2021,10,16,18.54,6.29,0
"VR001_S.Pietro in Cariano (VR)",2021,10,17,18.81,6.41,0
"VR001_S.Pietro in Cariano (VR)",2021,10,18,19.18,6.77,0
"VR001_S.Pietro in Cariano (VR)",2021,10,19,18.4,7.21,0
"VR001_S.Pietro in Cariano (VR)",2021,10,20,18.7,7.47,0
"VR001_S.Pietro in Cariano (VR)",2021,10,21,17.21,10.09,1.1
"VR001_S.Pietro in Cariano (VR)",2021,10,22,18.03,8.96,0
"VR001_S.Pietro in Cariano (VR)",2021,10,23,17.81,8.94,0
"VR001_S.Pietro in Cariano (VR)",2021,10,24,17.2,7.88,0
"VR001_S.Pietro in Cariano (VR)",2021,10,25,13.76,6.04,0
"VR001_S.Pietro in Cariano (VR)",2021,10,26,16.74,5.47,0
"VR001_S.Pietro in Cariano (VR)",2021,10,27,17.75,6.38,0
"VR001_S.Pietro in Cariano (VR)",2021,10,28,17.16,5.56,0
"VR001_S.Pietro in Cariano (VR)",2021,10,29,15.85,6.36,0
"VR001_S.Pietro in Cariano (VR)",2021,10,30,14.33,5.39,0
"VR001_S.Pietro in Cariano (VR)",2021,10,31,15.02,8.78,0
"VR001_S.Pietro in Cariano (VR)",2021,11,1,12.43,7.81,26
"VR001_S.Pietro in Cariano (VR)",2021,11,2,16.47,5.95,29.9
"VR001_S.Pietro in Cariano (VR)",2021,11,3,12.05,7.01,7.7
"VR001_S.Pietro in Cariano (VR)",2021,11,4,13.42,4.98,24.7
"VR001_S.Pietro in Cariano (VR)",2021,11,5,12.55,3.02,0
"VR001_S.Pietro in Cariano (VR)",2021,11,6,12.73,3.26,0
"VR001_S.Pietro in Cariano (VR)",2021,11,7,12.39,3.68,0
"VR001_S.Pietro in Cariano (VR)",2021,11,8,11.42,4.94,4
"VR001_S.Pietro in Cariano (VR)",2021,11,9,12.59,4.55,0
"VR001_S.Pietro in Cariano (VR)",2021,11,10,14.91,7.81,0
"VR001_S.Pietro in Cariano (VR)",2021,11,11,15.01,7.27,0
"VR001_S.Pietro in Cariano (VR)",2021,11,12,16.37,6.36,0
"VR001_S.Pietro in Cariano (VR)",2021,11,13,12,7.18,8.8
"VR001_S.Pietro in Cariano (VR)",2021,11,14,11.89,9.03,15
"VR001_S.Pietro in Cariano (VR)",2021,11,15,12.44,8.37,14.4
"VR001_S.Pietro in Cariano (VR)",2021,11,16,11.32,7.59,4.5
"VR001_S.Pietro in Cariano (VR)",2021,11,17,12.61,7.89,1.7
"VR001_S.Pietro in Cariano (VR)",2021,11,18,13.78,6.61,0
"VR001_S.Pietro in Cariano (VR)",2021,11,19,13.34,5.9,0
"VR001_S.Pietro in Cariano (VR)",2021,11,20,13.2,6.03,0
"VR001_S.Pietro in Cariano (VR)",2021,11,21,10.35,4.86,0
"VR001_S.Pietro in Cariano (VR)",2021,11,22,10.18,5.75,2.3
"VR001_S.Pietro in Cariano (VR)",2021,11,23,12.86,4.21,0
"VR001_S.Pietro in Cariano (VR)",2021,11,24,10.77,2.17,0
"VR001_S.Pietro in Cariano (VR)",2021,11,25,6.81,1.81,5.3
"VR001_S.Pietro in Cariano (VR)",2021,11,26,9.07,4.09,4.8
"VR001_S.Pietro in Cariano (VR)",2021,11,27,10.47,3.34,6.3
"VR001_S.Pietro in Cariano (VR)",2021,11,28,7.11,0.67,7.4
"VR001_S.Pietro in Cariano (VR)",2021,11,29,7.79,-1.11,3
"VR001_S.Pietro in Cariano (VR)",2021,11,30,8.07,-1.85,0
"VR001_S.Pietro in Cariano (VR)",2021,12,1,8.3,0.13,0
"VR001_S.Pietro in Cariano (VR)",2021,12,2,7.52,2.54,5
"VR001_S.Pietro in Cariano (VR)",2021,12,3,8.94,0.8,0
"VR001_S.Pietro in Cariano (VR)",2021,12,4,5.64,-0.97,0
"VR001_S.Pietro in Cariano (VR)",2021,12,5,7.56,1.19,0
"VR001_S.Pietro in Cariano (VR)",2021,12,6,8.01,-0.77,0
"VR001_S.Pietro in Cariano (VR)",2021,12,7,6.9,-2.19,0
"VR001_S.Pietro in Cariano (VR)",2021,12,8,3.52,-0.72,0
"VR001_S.Pietro in Cariano (VR)",2021,12,9,5.5,-0.02,9.5
"VR001_S.Pietro in Cariano (VR)",2021,12,10,4.03,-1.46,0
"VR001_S.Pietro in Cariano (VR)",2021,12,11,9.32,-1.12,0
"VR001_S.Pietro in Cariano (VR)",2021,12,12,8.91,0.34,0
"VR001_S.Pietro in Cariano (VR)",2021,12,13,10.32,2.04,0
"VR001_S.Pietro in Cariano (VR)",2021,12,14,10.04,1.55,0
"VR001_S.Pietro in Cariano (VR)",2021,12,15,9.03,0.82,0
"VR001_S.Pietro in Cariano (VR)",2021,12,16,8.75,0.46,0
"VR001_S.Pietro in Cariano (VR)",2021,12,17,9.03,1.82,0
"VR001_S.Pietro in Cariano (VR)",2021,12,18,6.46,1.18,0
"VR001_S.Pietro in Cariano (VR)",2021,12,19,9.52,0.19,0
"VR001_S.Pietro in Cariano (VR)",2021,12,20,10.53,0.03,0
"VR001_S.Pietro in Cariano (VR)",2021,12,21,5.46,0.98,0
"VR001_S.Pietro in Cariano (VR)",2021,12,22,6.18,-1.61,0
"VR001_S.Pietro in Cariano (VR)",2021,12,23,3.37,-1.54,0
"VR001_S.Pietro in Cariano (VR)",2021,12,24,5.18,0.43,0
"VR001_S.Pietro in Cariano (VR)",2021,12,25,6.79,3.16,0
"VR001_S.Pietro in Cariano (VR)",2021,12,26,7.21,2.83,0
"VR001_S.Pietro in Cariano (VR)",2021,12,27,7.7,3.06,0
"VR001_S.Pietro in Cariano (VR)",2021,12,28,8.54,3.55,0
"VR001_S.Pietro in Cariano (VR)",2021,12,29,8.91,3.44,0
"VR001_S.Pietro in Cariano (VR)",2021,12,30,8.92,3.34,0
"VR001_S.Pietro in Cariano (VR)",2021,12,31,10.62,3.23,0
"VR001_S.Pietro in Cariano (VR)",2022,1,1,11.61,2.93,0
"VR001_S.Pietro in Cariano (VR)",2022,1,2,10.86,1.12,0
"VR001_S.Pietro in Cariano (VR)",2022,1,3,7.2,1.68,0
"VR001_S.Pietro in Cariano (VR)",2022,1,4,7.13,3.04,0
"VR001_S.Pietro in Cariano (VR)",2022,1,5,8.8,3.13,16.1
"VR001_S.Pietro in Cariano (VR)",2022,1,6,8.38,0.41,8.7
"VR001_S.Pietro in Cariano (VR)",2022,1,7,4.75,-1.49,0
"VR001_S.Pietro in Cariano (VR)",2022,1,8,5.6,-2.68,0
"VR001_S.Pietro in Cariano (VR)",2022,1,9,4.33,-1.91,0
"VR001_S.Pietro in Cariano (VR)",2022,1,10,7.67,-1.35,0
"VR001_S.Pietro in Cariano (VR)",2022,1,11,10,-0.85,0
"VR001_S.Pietro in Cariano (VR)",2022,1,12,7.74,-1.74,0
"VR001_S.Pietro in Cariano (VR)",2022,1,13,8.7,-3.06,0
"VR001_S.Pietro in Cariano (VR)",2022,1,14,11.93,-0.03,0
"VR001_S.Pietro in Cariano (VR)",2022,1,15,12.82,1.86,0
"VR001_S.Pietro in Cariano (VR)",2022,1,16,11.34,0.38,0
"VR001_S.Pietro in Cariano (VR)",2022,1,17,11.93,0.69,0
"VR001_S.Pietro in Cariano (VR)",2022,1,18,11.44,0.59,0
"VR001_S.Pietro in Cariano (VR)",2022,1,19,8.34,-0.67,0
"VR001_S.Pietro in Cariano (VR)",2022,1,20,7.29,-0.51,0
"VR001_S.Pietro in Cariano (VR)",2022,1,21,7.28,-1.66,0
"VR001_S.Pietro in Cariano (VR)",2022,1,22,9.23,-2.33,0
"VR001_S.Pietro in Cariano (VR)",2022,1,23,8.26,-0.89,0
"VR001_S.Pietro in Cariano (VR)",2022,1,24,7.68,-1.45,0
"VR001_S.Pietro in Cariano (VR)",2022,1,25,6.59,-0.92,0
"VR001_S.Pietro in Cariano (VR)",2022,1,26,7.42,0.34,0
"VR001_S.Pietro in Cariano (VR)",2022,1,27,7.91,1.08,0
"VR001_S.Pietro in Cariano (VR)",2022,1,28,9.16,-0.1,0
"VR001_S.Pietro in Cariano (VR)",2022,1,29,9.92,-1,0
"VR001_S.Pietro in Cariano (VR)",2022,1,30,13.36,-0.22,0
"VR001_S.Pietro in Cariano (VR)",2022,1,31,9.88,-0.52,0
"VR001_S.Pietro in Cariano (VR)",2022,2,1,13.45,0.69,0
"VR001_S.Pietro in Cariano (VR)",2022,2,2,14.13,1.18,0
"VR001_S.Pietro in Cariano (VR)",2022,2,3,12.83,1.53,0
"VR001_S.Pietro in Cariano (VR)",2022,2,4,10.07,1.64,0
"VR001_S.Pietro in Cariano (VR)",2022,2,5,10.98,1.32,0
"VR001_S.Pietro in Cariano (VR)",2022,2,6,9.55,0.57,0
"VR001_S.Pietro in Cariano (VR)",2022,2,7,12.1,0.99,0
"VR001_S.Pietro in Cariano (VR)",2022,2,8,13.37,-1.03,0
"VR001_S.Pietro in Cariano (VR)",2022,2,9,13,0.69,0
"VR001_S.Pietro in Cariano (VR)",2022,2,10,12.32,1.06,0
"VR001_S.Pietro in Cariano (VR)",2022,2,11,11.67,1.79,0
"VR001_S.Pietro in Cariano (VR)",2022,2,12,10.15,-0.73,0
"VR001_S.Pietro in Cariano (VR)",2022,2,13,8.68,-1.93,0
"VR001_S.Pietro in Cariano (VR)",2022,2,14,5.1,-0.6,0
"VR001_S.Pietro in Cariano (VR)",2022,2,15,5.48,1.24,15.4
"VR001_S.Pietro in Cariano (VR)",2022,2,16,10.19,0.56,5.2
"VR001_S.Pietro in Cariano (VR)",2022,2,17,12.09,0.48,0
"VR001_S.Pietro in Cariano (VR)",2022,2,18,12.55,1.19,0
"VR001_S.Pietro in Cariano (VR)",2022,2,19,11.28,5.17,0
"VR001_S.Pietro in Cariano (VR)",2022,2,20,13.56,4.59,0
"VR001_S.Pietro in Cariano (VR)",2022,2,21,14.05,2.73,0
"VR001_S.Pietro in Cariano (VR)",2022,2,22,15.71,2.14,0
"VR001_S.Pietro in Cariano (VR)",2022,2,23,15.92,1.49,0
"VR001_S.Pietro in Cariano (VR)",2022,2,24,12.78,1.71,0
"VR001_S.Pietro in Cariano (VR)",2022,2,25,13.74,0.78,0
"VR001_S.Pietro in Cariano (VR)",2022,2,26,11.92,0.88,0
"VR001_S.Pietro in Cariano (VR)",2022,2,27,11.16,-0.33,0
"VR001_S.Pietro in Cariano (VR)",2022,2,28,11.49,-1.76,0
"VR001_S.Pietro in Cariano (VR)",2022,3,1,9.64,-0.89,0
"VR001_S.Pietro in Cariano (VR)",2022,3,2,10.73,-0.87,0
"VR001_S.Pietro in Cariano (VR)",2022,3,3,12.77,1.58,0
"VR001_S.Pietro in Cariano (VR)",2022,3,4,11.01,2.63,0
"VR001_S.Pietro in Cariano (VR)",2022,3,5,7.84,0.59,0
"VR001_S.Pietro in Cariano (VR)",2022,3,6,8.59,-0.38,0
"VR001_S.Pietro in Cariano (VR)",2022,3,7,8.77,-1.85,0
"VR001_S.Pietro in Cariano (VR)",2022,3,8,9.23,-0.38,0
"VR001_S.Pietro in Cariano (VR)",2022,3,9,11.96,-1.55,0
"VR001_S.Pietro in Cariano (VR)",2022,3,10,14.2,0.49,0
"VR001_S.Pietro in Cariano (VR)",2022,3,11,8.37,1.56,0
"VR001_S.Pietro in Cariano (VR)",2022,3,12,8.75,0.1,0
"VR001_S.Pietro in Cariano (VR)",2022,3,13,10.4,-2.22,0
"VR001_S.Pietro in Cariano (VR)",2022,3,14,12.43,3.4,0
"VR001_S.Pietro in Cariano (VR)",2022,3,15,11.67,3.21,0
"VR001_S.Pietro in Cariano (VR)",2022,3,16,13.57,5.39,0
"VR001_S.Pietro in Cariano (VR)",2022,3,17,12.71,6.08,0
"VR001_S.Pietro in Cariano (VR)",2022,3,18,13.49,4.58,0
"VR001_S.Pietro in Cariano (VR)",2022,3,19,12.98,2.34,0
"VR001_S.Pietro in Cariano (VR)",2022,3,20,12.67,2.03,0
"VR001_S.Pietro in Cariano (VR)",2022,3,21,13.01,1.38,0
"VR001_S.Pietro in Cariano (VR)",2022,3,22,15.31,1.48,0
"VR001_S.Pietro in Cariano (VR)",2022,3,23,18.23,2.63,0
"VR001_S.Pietro in Cariano (VR)",2022,3,24,20.5,4.46,0
"VR001_S.Pietro in Cariano (VR)",2022,3,25,19.67,5.92,0
"VR001_S.Pietro in Cariano (VR)",2022,3,26,20.32,5.28,0
"VR001_S.Pietro in Cariano (VR)",2022,3,27,19.93,5.99,0
"VR001_S.Pietro in Cariano (VR)",2022,3,28,20.88,5.14,0
"VR001_S.Pietro in Cariano (VR)",2022,3,29,16.53,6.09,0
"VR001_S.Pietro in Cariano (VR)",2022,3,30,12.93,8.62,0
"VR001_S.Pietro in Cariano (VR)",2022,3,31,12.15,7,5.4
"VR001_S.Pietro in Cariano (VR)",2022,4,1,11.58,4.54,7.5
"VR001_S.Pietro in Cariano (VR)",2022,4,2,10.21,2.69,10.3
"VR001_S.Pietro in Cariano (VR)",2022,4,3,12.19,2.35,0
"VR001_S.Pietro in Cariano (VR)",2022,4,4,12.88,3.41,0
"VR001_S.Pietro in Cariano (VR)",2022,4,5,15.7,2.27,0
"VR001_S.Pietro in Cariano (VR)",2022,4,6,16.33,5.16,0
"VR001_S.Pietro in Cariano (VR)",2022,4,7,19.23,8.3,0
"VR001_S.Pietro in Cariano (VR)",2022,4,8,20.5,7.79,0
"VR001_S.Pietro in Cariano (VR)",2022,4,9,18.26,3.9,0
"VR001_S.Pietro in Cariano (VR)",2022,4,10,15.46,2.13,2.3
"VR001_S.Pietro in Cariano (VR)",2022,4,11,17.58,4.09,0
"VR001_S.Pietro in Cariano (VR)",2022,4,12,18.45,4.28,0
"VR001_S.Pietro in Cariano (VR)",2022,4,13,19.62,7.02,0
"VR001_S.Pietro in Cariano (VR)",2022,4,14,21.92,7.86,0
"VR001_S.Pietro in Cariano (VR)",2022,4,15,22.76,9.57,0
"VR001_S.Pietro in Cariano (VR)",2022,4,16,21.77,8.53,0
"VR001_S.Pietro in Cariano (VR)",2022,4,17,15.5,5.22,0
"VR001_S.Pietro in Cariano (VR)",2022,4,18,17.04,3.78,0
"VR001_S.Pietro in Cariano (VR)",2022,4,19,17.69,4.85,0
"VR001_S.Pietro in Cariano (VR)",2022,4,20,15.14,8.04,0
"VR001_S.Pietro in Cariano (VR)",2022,4,21,13.6,8.22,0
"VR001_S.Pietro in Cariano (VR)",2022,4,22,13.74,8.78,11.8
"VR001_S.Pietro in Cariano (VR)",2022,4,23,16.21,8.52,3.8
"VR001_S.Pietro in Cariano (VR)",2022,4,24,15.26,7.89,16.2
"VR001_S.Pietro in Cariano (VR)",2022,4,25,17.08,7.34,1.9
"VR001_S.Pietro in Cariano (VR)",2022,4,26,17.64,9.08,4.7
"VR001_S.Pietro in Cariano (VR)",2022,4,27,19.71,7.49,1.5
"VR001_S.Pietro in Cariano (VR)",2022,4,28,19.4,9.54,0
"VR001_S.Pietro in Cariano (VR)",2022,4,29,19.74,10.08,0
"VR001_S.Pietro in Cariano (VR)",2022,4,30,19.6,9.31,0
"VR001_S.Pietro in Cariano (VR)",2022,5,1,19.84,9.97,1.4
"VR001_S.Pietro in Cariano (VR)",2022,5,2,20.87,8.87,0
"VR001_S.Pietro in Cariano (VR)",2022,5,3,20.82,10.58,0
"VR001_S.Pietro in Cariano (VR)",2022,5,4,21.59,11.76,0
"VR001_S.Pietro in Cariano (VR)",2022,5,5,17.29,10.63,5.5
"VR001_S.Pietro in Cariano (VR)",2022,5,6,15.54,10.97,15.6
"VR001_S.Pietro in Cariano (VR)",2022,5,7,18.03,11.53,2.5
"VR001_S.Pietro in Cariano (VR)",2022,5,8,20.74,12.96,3.9
"VR001_S.Pietro in Cariano (VR)",2022,5,9,22.92,12.16,0
"VR001_S.Pietro in Cariano (VR)",2022,5,10,25.09,11.7,0
"VR001_S.Pietro in Cariano (VR)",2022,5,11,26.58,13.68,0
"VR001_S.Pietro in Cariano (VR)",2022,5,12,26,15.31,0
"VR001_S.Pietro in Cariano (VR)",2022,5,13,26.78,15.58,0
"VR001_S.Pietro in Cariano (VR)",2022,5,14,26.11,14.98,0
"VR001_S.Pietro in Cariano (VR)",2022,5,15,27.47,15.77,0
"VR001_S.Pietro in Cariano (VR)",2022,5,16,28.69,16.32,0
"VR001_S.Pietro in Cariano (VR)",2022,5,17,28.55,14.84,2.8
"VR001_S.Pietro in Cariano (VR)",2022,5,18,25.74,16.21,0
"VR001_S.Pietro in Cariano (VR)",2022,5,19,26.76,15.05,0
"VR001_S.Pietro in Cariano (VR)",2022,5,20,28.89,14.83,0
"VR001_S.Pietro in Cariano (VR)",2022,5,21,29.39,16.45,0
"VR001_S.Pietro in Cariano (VR)",2022,5,22,29,17.6,0
"VR001_S.Pietro in Cariano (VR)",2022,5,23,28.85,18.21,0.5
"VR001_S.Pietro in Cariano (VR)",2022,5,24,27.67,14.87,0
"VR001_S.Pietro in Cariano (VR)",2022,5,25,26.18,15.63,20.7
"VR001_S.Pietro in Cariano (VR)",2022,5,26,27.31,16.31,0
"VR001_S.Pietro in Cariano (VR)",2022,5,27,28.93,17.16,0
"VR001_S.Pietro in Cariano (VR)",2022,5,28,26.59,13.68,0
"VR001_S.Pietro in Cariano (VR)",2022,5,29,17.05,11.72,23.8
"VR001_S.Pietro in Cariano (VR)",2022,5,30,21.3,10.89,1.5
"VR001_S.Pietro in Cariano (VR)",2022,5,31,24.18,14.9,0
"VR001_S.Pietro in Cariano (VR)",2022,6,1,27.05,15.31,0
"VR001_S.Pietro in Cariano (VR)",2022,6,2,28.37,16.21,0
"VR001_S.Pietro in Cariano (VR)",2022,6,3,26.67,18.1,0
"VR001_S.Pietro in Cariano (VR)",2022,6,4,29.83,17.43,2.1
"VR001_S.Pietro in Cariano (VR)",2022,6,5,30.21,16.8,0
"VR001_S.Pietro in Cariano (VR)",2022,6,6,28.76,16.1,4.9
"VR001_S.Pietro in Cariano (VR)",2022,6,7,24.08,16,4.9
"VR001_S.Pietro in Cariano (VR)",2022,6,8,26.71,13.99,6.3
"VR001_S.Pietro in Cariano (VR)",2022,6,9,26.44,13.83,8.2
"VR001_S.Pietro in Cariano (VR)",2022,6,10,29.4,15.7,0
"VR001_S.Pietro in Cariano (VR)",2022,6,11,29.53,15.48,0
"VR001_S.Pietro in Cariano (VR)",2022,6,12,31.02,16.38,0
"VR001_S.Pietro in Cariano (VR)",2022,6,13,30.5,17.51,0
"VR001_S.Pietro in Cariano (VR)",2022,6,14,28.37,18.25,0
"VR001_S.Pietro in Cariano (VR)",2022,6,15,30.63,19.13,0
"VR001_S.Pietro in Cariano (VR)",2022,6,16,31.72,18.38,0
"VR001_S.Pietro in Cariano (VR)",2022,6,17,32.35,20.06,0
"VR001_S.Pietro in Cariano (VR)",2022,6,18,30.78,19.9,0
"VR001_S.Pietro in Cariano (VR)",2022,6,19,32.19,18.52,0
"VR001_S.Pietro in Cariano (VR)",2022,6,20,32.86,18.33,0
"VR001_S.Pietro in Cariano (VR)",2022,6,21,32.49,18.93,0
"VR001_S.Pietro in Cariano (VR)",2022,6,22,28.55,20.05,0
"VR001_S.Pietro in Cariano (VR)",2022,6,23,30.75,18.3,0.5
"VR001_S.Pietro in Cariano (VR)",2022,6,24,30.13,17.84,0
"VR001_S.Pietro in Cariano (VR)",2022,6,25,30.35,16.58,2.8
"VR001_S.Pietro in Cariano (VR)",2022,6,26,32.3,17.78,0
"VR001_S.Pietro in Cariano (VR)",2022,6,27,33.69,20.3,0
"VR001_S.Pietro in Cariano (VR)",2022,6,28,29.58,19.36,0
"VR001_S.Pietro in Cariano (VR)",2022,6,29,29.93,18.33,8.2
"VR001_S.Pietro in Cariano (VR)",2022,6,30,31.85,19.04,0
"VR001_S.Pietro in Cariano (VR)",2022,7,1,31.76,18.62,0
"VR001_S.Pietro in Cariano (VR)",2022,7,2,30.94,18.85,0
"VR001_S.Pietro in Cariano (VR)",2022,7,3,34.11,19.2,0
"VR001_S.Pietro in Cariano (VR)",2022,7,4,32,19.56,0
"VR001_S.Pietro in Cariano (VR)",2022,7,5,32.84,18.4,6.8
"VR001_S.Pietro in Cariano (VR)",2022,7,6,30.25,18.69,7.3
"VR001_S.Pietro in Cariano (VR)",2022,7,7,30.59,17.85,0
"VR001_S.Pietro in Cariano (VR)",2022,7,8,30.68,16.52,0
"VR001_S.Pietro in Cariano (VR)",2022,7,9,29.38,15.91,0
"VR001_S.Pietro in Cariano (VR)",2022,7,10,31.61,16.49,0
"VR001_S.Pietro in Cariano (VR)",2022,7,11,28.76,18.18,0
"VR001_S.Pietro in Cariano (VR)",2022,7,12,29.61,19.31,0
"VR001_S.Pietro in Cariano (VR)",2022,7,13,31.9,18.58,0
"VR001_S.Pietro in Cariano (VR)",2022,7,14,33.44,20.31,0
"VR001_S.Pietro in Cariano (VR)",2022,7,15,34.63,20.82,0
"VR001_S.Pietro in Cariano (VR)",2022,7,16,33.27,21.7,0
"VR001_S.Pietro in Cariano (VR)",2022,7,17,31.99,23.08,0
"VR001_S.Pietro in Cariano (VR)",2022,7,18,32.57,21.49,0
"VR001_S.Pietro in Cariano (VR)",2022,7,19,33.76,20.42,0
"VR001_S.Pietro in Cariano (VR)",2022,7,20,35.13,20.23,0
"VR001_S.Pietro in Cariano (VR)",2022,7,21,35.96,22.17,0
"VR001_S.Pietro in Cariano (VR)",2022,7,22,37.14,22.22,0
"VR001_S.Pietro in Cariano (VR)",2022,7,23,36.38,22.8,0
"VR001_S.Pietro in Cariano (VR)",2022,7,24,34.94,21.7,0
"VR001_S.Pietro in Cariano (VR)",2022,7,25,36.46,20.79,0
"VR001_S.Pietro in Cariano (VR)",2022,7,26,34.23,19.84,4.6
"VR001_S.Pietro in Cariano (VR)",2022,7,27,30.6,19.26,11.7
"VR001_S.Pietro in Cariano (VR)",2022,7,28,31.18,18.75,8.2
"VR001_S.Pietro in Cariano (VR)",2022,7,29,31.02,18.32,8.7
"VR001_S.Pietro in Cariano (VR)",2022,7,30,32.18,17.87,8.6
"VR001_S.Pietro in Cariano (VR)",2022,7,31,33.11,18.3,0
"VR001_S.Pietro in Cariano (VR)",2022,8,1,33.83,19.19,0
"VR001_S.Pietro in Cariano (VR)",2022,8,2,30.65,18.01,15
"VR001_S.Pietro in Cariano (VR)",2022,8,3,32.21,19.57,0
"VR001_S.Pietro in Cariano (VR)",2022,8,4,34.16,20.63,0
"VR001_S.Pietro in Cariano (VR)",2022,8,5,35.1,20.79,0
"VR001_S.Pietro in Cariano (VR)",2022,8,6,33.85,19.73,0
"VR001_S.Pietro in Cariano (VR)",2022,8,7,28.42,19.22,9.9
"VR001_S.Pietro in Cariano (VR)",2022,8,8,29.47,19.53,0
"VR001_S.Pietro in Cariano (VR)",2022,8,9,29.84,20.01,0
"VR001_S.Pietro in Cariano (VR)",2022,8,10,29.63,19.02,0
"VR001_S.Pietro in Cariano (VR)",2022,8,11,29.32,18.61,0
"VR001_S.Pietro in Cariano (VR)",2022,8,12,26.37,16.35,2.6
"VR001_S.Pietro in Cariano (VR)",2022,8,13,28.4,15.6,5.5
"VR001_S.Pietro in Cariano (VR)",2022,8,14,30.37,16.35,0
"VR001_S.Pietro in Cariano (VR)",2022,8,15,30.14,19.26,0
"VR001_S.Pietro in Cariano (VR)",2022,8,16,30.14,17.83,0
"VR001_S.Pietro in Cariano (VR)",2022,8,17,29.84,19.28,0
"VR001_S.Pietro in Cariano (VR)",2022,8,18,24.41,18.28,10.6
"VR001_S.Pietro in Cariano (VR)",2022,8,19,25.25,16.96,24.8
"VR001_S.Pietro in Cariano (VR)",2022,8,20,30.74,17.8,2.6
"VR001_S.Pietro in Cariano (VR)",2022,8,21,31.26,17.86,0
"VR001_S.Pietro in Cariano (VR)",2022,8,22,30.3,17.96,0
"VR001_S.Pietro in Cariano (VR)",2022,8,23,29.75,16.91,0
"VR001_S.Pietro in Cariano (VR)",2022,8,24,29.43,17.38,0
"VR001_S.Pietro in Cariano (VR)",2022,8,25,30.42,18.98,0
"VR001_S.Pietro in Cariano (VR)",2022,8,26,30.13,19.35,0
"VR001_S.Pietro in Cariano (VR)",2022,8,27,25.1,18.48,0
"VR001_S.Pietro in Cariano (VR)",2022,8,28,28,17.48,8.2
"VR001_S.Pietro in Cariano (VR)",2022,8,29,29.22,18.43,2.6
"VR001_S.Pietro in Cariano (VR)",2022,8,30,27.78,18.43,6.7
"VR001_S.Pietro in Cariano (VR)",2022,8,31,26.29,17.87,9.1
"VR001_S.Pietro in Cariano (VR)",2022,9,1,26.01,17.41,6.9
"VR001_S.Pietro in Cariano (VR)",2022,9,2,25.04,16.42,0
"VR001_S.Pietro in Cariano (VR)",2022,9,3,25.8,17.26,0
"VR001_S.Pietro in Cariano (VR)",2022,9,4,27.45,16.71,0
"VR001_S.Pietro in Cariano (VR)",2022,9,5,28.75,17.83,0
"VR001_S.Pietro in Cariano (VR)",2022,9,6,29.67,18.01,0
"VR001_S.Pietro in Cariano (VR)",2022,9,7,27.46,18.86,6
"VR001_S.Pietro in Cariano (VR)",2022,9,8,28.25,18.17,5.2
"VR001_S.Pietro in Cariano (VR)",2022,9,9,26.42,16.51,7.5
"VR001_S.Pietro in Cariano (VR)",2022,9,10,25.99,14.65,1
"VR001_S.Pietro in Cariano (VR)",2022,9,11,25.52,14.9,4.4
"VR001_S.Pietro in Cariano (VR)",2022,9,12,25.9,14.66,0
"VR001_S.Pietro in Cariano (VR)",2022,9,13,27.04,15.73,0
"VR001_S.Pietro in Cariano (VR)",2022,9,14,27.89,18.53,0
"VR001_S.Pietro in Cariano (VR)",2022,9,15,28.83,18.17,0
"VR001_S.Pietro in Cariano (VR)",2022,9,16,27.79,15.24,12
"VR001_S.Pietro in Cariano (VR)",2022,9,17,19.16,11.41,20.7
"VR001_S.Pietro in Cariano (VR)",2022,9,18,22.96,9,0
"VR001_S.Pietro in Cariano (VR)",2022,9,19,24.15,10.3,0
"VR001_S.Pietro in Cariano (VR)",2022,9,20,21.29,10.77,0
"VR001_S.Pietro in Cariano (VR)",2022,9,21,19.75,9.94,0
"VR001_S.Pietro in Cariano (VR)",2022,9,22,19.8,9.59,0
"VR001_S.Pietro in Cariano (VR)",2022,9,23,20.36,9.79,0
"VR001_S.Pietro in Cariano (VR)",2022,9,24,17.59,12.46,0
"VR001_S.Pietro in Cariano (VR)",2022,9,25,19.88,12.25,2.3
"VR001_S.Pietro in Cariano (VR)",2022,9,26,22.35,11.09,1.9
"VR001_S.Pietro in Cariano (VR)",2022,9,27,21.68,11.58,0
"VR001_S.Pietro in Cariano (VR)",2022,9,28,19.08,10.82,0
"VR001_S.Pietro in Cariano (VR)",2022,9,29,17.77,11,5.9
"VR001_S.Pietro in Cariano (VR)",2022,9,30,16.85,11.64,18
"VR001_S.Pietro in Cariano (VR)",2022,10,1,20.01,10.61,8.4
"VR001_S.Pietro in Cariano (VR)",2022,10,2,22.9,11.14,0
"VR001_S.Pietro in Cariano (VR)",2022,10,3,24.02,13.66,0
"VR001_S.Pietro in Cariano (VR)",2022,10,4,19.94,12.04,0
"VR001_S.Pietro in Cariano (VR)",2022,10,5,22.09,12.45,0
"VR001_S.Pietro in Cariano (VR)",2022,10,6,23.1,12.6,0
"VR001_S.Pietro in Cariano (VR)",2022,10,7,23.32,12.06,0
"VR001_S.Pietro in Cariano (VR)",2022,10,8,22.89,11.81,0
"VR001_S.Pietro in Cariano (VR)",2022,10,9,21.92,13.53,0
"VR001_S.Pietro in Cariano (VR)",2022,10,10,20.5,12.63,0
"VR001_S.Pietro in Cariano (VR)",2022,10,11,21.7,11.7,0
"VR001_S.Pietro in Cariano (VR)",2022,10,12,20.91,11.63,0
"VR001_S.Pietro in Cariano (VR)",2022,10,13,20.46,11.06,0
"VR001_S.Pietro in Cariano (VR)",2022,10,14,20.64,11.1,0
"VR001_S.Pietro in Cariano (VR)",2022,10,15,20.09,11.8,0
"VR001_S.Pietro in Cariano (VR)",2022,10,16,22.62,13.51,0
"VR001_S.Pietro in Cariano (VR)",2022,10,17,22.81,12.86,0
"VR001_S.Pietro in Cariano (VR)",2022,10,18,23.13,12.62,0
"VR001_S.Pietro in Cariano (VR)",2022,10,19,23.93,12.34,0
"VR001_S.Pietro in Cariano (VR)",2022,10,20,20.64,12.25,0
"VR001_S.Pietro in Cariano (VR)",2022,10,21,18.32,13.78,0
"VR001_S.Pietro in Cariano (VR)",2022,10,22,20.48,14.46,13.4
"VR001_S.Pietro in Cariano (VR)",2022,10,23,20.88,13.24,11.2
"VR001_S.Pietro in Cariano (VR)",2022,10,24,22.01,15.04,0
"VR001_S.Pietro in Cariano (VR)",2022,10,25,21.59,14.41,7.3
"VR001_S.Pietro in Cariano (VR)",2022,10,26,22.79,13.33,0
"VR001_S.Pietro in Cariano (VR)",2022,10,27,21.89,12.47,0
"VR001_S.Pietro in Cariano (VR)",2022,10,28,21.83,11.51,0
"VR001_S.Pietro in Cariano (VR)",2022,10,29,23.12,11.19,0
"VR001_S.Pietro in Cariano (VR)",2022,10,30,23.91,12.12,0
"VR001_S.Pietro in Cariano (VR)",2022,10,31,23.46,11.12,0
"VR001_S.Pietro in Cariano (VR)",2022,11,1,17.7,9.48,0
"VR001_S.Pietro in Cariano (VR)",2022,11,2,16.31,10.48,0
"VR001_S.Pietro in Cariano (VR)",2022,11,3,17.21,11.38,13.7
"VR001_S.Pietro in Cariano (VR)",2022,11,4,15.7,7.7,26.5
"VR001_S.Pietro in Cariano (VR)",2022,11,5,17.46,5.86,2.5
"VR001_S.Pietro in Cariano (VR)",2022,11,6,15.86,4.89,0
"VR001_S.Pietro in Cariano (VR)",2022,11,7,16.18,5.39,0
"VR001_S.Pietro in Cariano (VR)",2022,11,8,15.44,5.36,0
"VR001_S.Pietro in Cariano (VR)",2022,11,9,15.16,9.16,0
"VR001_S.Pietro in Cariano (VR)",2022,11,10,15.84,9.49,9.5
"VR001_S.Pietro in Cariano (VR)",2022,11,11,15.29,7.57,0
"VR001_S.Pietro in Cariano (VR)",2022,11,12,14.62,7.87,0
"VR001_S.Pietro in Cariano (VR)",2022,11,13,14.67,6.67,0
"VR001_S.Pietro in Cariano (VR)",2022,11,14,12.85,6.91,1.3
"VR001_S.Pietro in Cariano (VR)",2022,11,15,10.43,5.5,0
"VR001_S.Pietro in Cariano (VR)",2022,11,16,11.86,7.69,7.9
"VR001_S.Pietro in Cariano (VR)",2022,11,17,14.1,6.65,0
"VR001_S.Pietro in Cariano (VR)",2022,11,18,15.26,7.61,0
"VR001_S.Pietro in Cariano (VR)",2022,11,19,11.68,4.94,0
"VR001_S.Pietro in Cariano (VR)",2022,11,20,12.94,3.58,0
"VR001_S.Pietro in Cariano (VR)",2022,11,21,11.42,2.48,0
"VR001_S.Pietro in Cariano (VR)",2022,11,22,9.74,4.03,20.5
"VR001_S.Pietro in Cariano (VR)",2022,11,23,12.73,3.32,21.8
"VR001_S.Pietro in Cariano (VR)",2022,11,24,13.38,2.55,0
"VR001_S.Pietro in Cariano (VR)",2022,11,25,12.66,3.67,0
"VR001_S.Pietro in Cariano (VR)",2022,11,26,12.93,3.4,0
"VR001_S.Pietro in Cariano (VR)",2022,11,27,10.65,2.08,0
"VR001_S.Pietro in Cariano (VR)",2022,11,28,6.32,2.59,0
"VR001_S.Pietro in Cariano (VR)",2022,11,29,6.39,2.48,0
"VR001_S.Pietro in Cariano (VR)",2022,11,30,7.72,2.32,0
"VR001_S.Pietro in Cariano (VR)",2022,12,1,8.07,1.7,0
"VR001_S.Pietro in Cariano (VR)",2022,12,2,7.04,3.28,0
"VR001_S.Pietro in Cariano (VR)",2022,12,3,7.11,4.78,9.8
"VR001_S.Pietro in Cariano (VR)",2022,12,4,8.53,5.37,18.9
"VR001_S.Pietro in Cariano (VR)",2022,12,5,9.19,4.46,11.7
"VR001_S.Pietro in Cariano (VR)",2022,12,6,7.8,1.43,3.1
"VR001_S.Pietro in Cariano (VR)",2022,12,7,6.44,0.77,0
"VR001_S.Pietro in Cariano (VR)",2022,12,8,6.48,-0.13,0
"VR001_S.Pietro in Cariano (VR)",2022,12,9,5.31,1.59,8.7
"VR001_S.Pietro in Cariano (VR)",2022,12,10,7.34,1.92,14.2
"VR001_S.Pietro in Cariano (VR)",2022,12,11,5.46,-1.32,3.9
"VR001_S.Pietro in Cariano (VR)",2022,12,12,3.64,-3.13,0
"VR001_S.Pietro in Cariano (VR)",2022,12,13,1.5,-2.44,0
"VR001_S.Pietro in Cariano (VR)",2022,12,14,3.55,-0.64,0
"VR001_S.Pietro in Cariano (VR)",2022,12,15,4.19,-0.46,0
"VR001_S.Pietro in Cariano (VR)",2022,12,16,5.8,1.69,16.6
"VR001_S.Pietro in Cariano (VR)",2022,12,17,8.56,2.08,3.9
"VR001_S.Pietro in Cariano (VR)",2022,12,18,6.15,1.35,0
"VR001_S.Pietro in Cariano (VR)",2022,12,19,5.15,0.9,0
"VR001_S.Pietro in Cariano (VR)",2022,12,20,5.81,1.58,0
"VR001_S.Pietro in Cariano (VR)",2022,12,21,6.67,2.62,0
"VR001_S.Pietro in Cariano (VR)",2022,12,22,9.34,2.71,0
"VR001_S.Pietro in Cariano (VR)",2022,12,23,8.94,2.18,0
"VR001_S.Pietro in Cariano (VR)",2022,12,24,10.2,4.16,0
"VR001_S.Pietro in Cariano (VR)",2022,12,25,10.13,2.87,0
"VR001_S.Pietro in Cariano (VR)",2022,12,26,10.17,5.11,0
"VR001_S.Pietro in Cariano (VR)",2022,12,27,11.25,3.94,0
"VR001_S.Pietro in Cariano (VR)",2022,12,28,8.59,3.96,0
"VR001_S.Pietro in Cariano (VR)",2022,12,29,7.8,4.85,1.9
"VR001_S.Pietro in Cariano (VR)",2022,12,30,8.44,4.34,2.6
"VR001_S.Pietro in Cariano (VR)",2022,12,31,10.98,5.71,0
"VR001_S.Pietro in Cariano (VR)",2023,1,1,11.52,6.65,0
"VR001_S.Pietro in Cariano (VR)",2023,1,2,9.92,7.15,0
"VR001_S.Pietro in Cariano (VR)",2023,1,3,10.12,6.22,0
"VR001_S.Pietro in Cariano (VR)",2023,1,4,11.31,5.55,0
"VR001_S.Pietro in Cariano (VR)",2023,1,5,12.15,5.29,0
"VR001_S.Pietro in Cariano (VR)",2023,1,6,9.62,3.39,0
"VR001_S.Pietro in Cariano (VR)",2023,1,7,7.65,3.7,0
"VR001_S.Pietro in Cariano (VR)",2023,1,8,7.68,4.64,18.7
"VR001_S.Pietro in Cariano (VR)",2023,1,9,9.03,3.39,17.1
"VR001_S.Pietro in Cariano (VR)",2023,1,10,11.72,1.5,0
"VR001_S.Pietro in Cariano (VR)",2023,1,11,8.11,0.48,0
"VR001_S.Pietro in Cariano (VR)",2023,1,12,9.19,2.38,0
"VR001_S.Pietro in Cariano (VR)",2023,1,13,8.04,2.5,0
"VR001_S.Pietro in Cariano (VR)",2023,1,14,10.3,0.64,0
"VR001_S.Pietro in Cariano (VR)",2023,1,15,5.56,2.35,7.3
"VR001_S.Pietro in Cariano (VR)",2023,1,16,5.55,2.38,5
"VR001_S.Pietro in Cariano (VR)",2023,1,17,4.42,0.95,3.5
"VR001_S.Pietro in Cariano (VR)",2023,1,18,5.71,0.71,2.3
"VR001_S.Pietro in Cariano (VR)",2023,1,19,4.24,-0.32,0
"VR001_S.Pietro in Cariano (VR)",2023,1,20,6.62,-2.22,0
"VR001_S.Pietro in Cariano (VR)",2023,1,21,6.11,-1.28,0
"VR001_S.Pietro in Cariano (VR)",2023,1,22,7.83,1.16,0
"VR001_S.Pietro in Cariano (VR)",2023,1,23,8.38,1.6,5.6
"VR001_S.Pietro in Cariano (VR)",2023,1,24,9.63,3,12.4
"VR001_S.Pietro in Cariano (VR)",2023,1,25,9.32,2.11,0
"VR001_S.Pietro in Cariano (VR)",2023,1,26,7.53,0.78,0
"VR001_S.Pietro in Cariano (VR)",2023,1,27,5.09,-0.62,0
"VR001_S.Pietro in Cariano (VR)",2023,1,28,7.21,-1.54,0
"VR001_S.Pietro in Cariano (VR)",2023,1,29,7.6,-1.71,0
"VR001_S.Pietro in Cariano (VR)",2023,1,30,8.42,-1.7,0
"VR001_S.Pietro in Cariano (VR)",2023,1,31,10.93,-1.1,0
"VR001_S.Pietro in Cariano (VR)",2023,2,1,12.02,0.21,0
"VR001_S.Pietro in Cariano (VR)",2023,2,2,13.76,0.94,0
"VR001_S.Pietro in Cariano (VR)",2023,2,3,12.58,1.6,0
"VR001_S.Pietro in Cariano (VR)",2023,2,4,14.57,1.41,0
"VR001_S.Pietro in Cariano (VR)",2023,2,5,7.59,-0.05,0
"VR001_S.Pietro in Cariano (VR)",2023,2,6,5.12,-1.37,0
"VR001_S.Pietro in Cariano (VR)",2023,2,7,5.32,-3.11,0
"VR001_S.Pietro in Cariano (VR)",2023,2,8,4.71,-3.22,0
"VR001_S.Pietro in Cariano (VR)",2023,2,9,5.54,-3.92,0
"VR001_S.Pietro in Cariano (VR)",2023,2,10,8.21,-4.56,0
"VR001_S.Pietro in Cariano (VR)",2023,2,11,9.96,-1.83,0
"VR001_S.Pietro in Cariano (VR)",2023,2,12,12.57,0,0
"VR001_S.Pietro in Cariano (VR)",2023,2,13,14.44,0.54,0
"VR001_S.Pietro in Cariano (VR)",2023,2,14,15.65,1.79,0
"VR001_S.Pietro in Cariano (VR)",2023,2,15,16.11,3.14,0
"VR001_S.Pietro in Cariano (VR)",2023,2,16,13.37,1.73,0
"VR001_S.Pietro in Cariano (VR)",2023,2,17,13.38,2.1,0
"VR001_S.Pietro in Cariano (VR)",2023,2,18,12.92,2.92,0
"VR001_S.Pietro in Cariano (VR)",2023,2,19,13.54,3.17,0
"VR001_S.Pietro in Cariano (VR)",2023,2,20,14.13,5.24,0
"VR001_S.Pietro in Cariano (VR)",2023,2,21,14.24,3.48,0
"VR001_S.Pietro in Cariano (VR)",2023,2,22,12.71,7.06,0
"VR001_S.Pietro in Cariano (VR)",2023,2,23,12.42,6.1,0
"VR001_S.Pietro in Cariano (VR)",2023,2,24,13.83,4.74,0
"VR001_S.Pietro in Cariano (VR)",2023,2,25,14.17,5.48,0
"VR001_S.Pietro in Cariano (VR)",2023,2,26,8.91,2.64,0
"VR001_S.Pietro in Cariano (VR)",2023,2,27,8.14,2.21,0
"VR001_S.Pietro in Cariano (VR)",2023,2,28,8.51,1.21,0
"VR001_S.Pietro in Cariano (VR)",2023,3,1,8.21,0.24,1.3
"VR001_S.Pietro in Cariano (VR)",2023,3,2,10.49,2.73,5
"VR001_S.Pietro in Cariano (VR)",2023,3,3,13.18,1.79,0
"VR001_S.Pietro in Cariano (VR)",2023,3,4,13.28,2.51,0
"VR001_S.Pietro in Cariano (VR)",2023,3,5,13.7,1.4,0
"VR001_S.Pietro in Cariano (VR)",2023,3,6,13.2,3.54,0
"VR001_S.Pietro in Cariano (VR)",2023,3,7,13.92,3.12,0
"VR001_S.Pietro in Cariano (VR)",2023,3,8,16.53,3.61,0
"VR001_S.Pietro in Cariano (VR)",2023,3,9,17.85,8.32,1.6
"VR001_S.Pietro in Cariano (VR)",2023,3,10,17.81,7.33,0
"VR001_S.Pietro in Cariano (VR)",2023,3,11,19.4,6.71,0
"VR001_S.Pietro in Cariano (VR)",2023,3,12,15.29,6.06,0
"VR001_S.Pietro in Cariano (VR)",2023,3,13,15.42,5.22,0
"VR001_S.Pietro in Cariano (VR)",2023,3,14,15.23,7.66,6
"VR001_S.Pietro in Cariano (VR)",2023,3,15,14.42,3.07,1.6
"VR001_S.Pietro in Cariano (VR)",2023,3,16,13.53,1.92,0
"VR001_S.Pietro in Cariano (VR)",2023,3,17,14.42,2.93,0
"VR001_S.Pietro in Cariano (VR)",2023,3,18,15.78,3.08,0
"VR001_S.Pietro in Cariano (VR)",2023,3,19,15.01,5.09,0
"VR001_S.Pietro in Cariano (VR)",2023,3,20,17.7,6.06,0
"VR001_S.Pietro in Cariano (VR)",2023,3,21,19.71,5.55,0
"VR001_S.Pietro in Cariano (VR)",2023,3,22,20.82,8.4,0
"VR001_S.Pietro in Cariano (VR)",2023,3,23,19.84,7.98,0
"VR001_S.Pietro in Cariano (VR)",2023,3,24,19.57,8.72,0
"VR001_S.Pietro in Cariano (VR)",2023,3,25,19.9,8.06,0
"VR001_S.Pietro in Cariano (VR)",2023,3,26,17.42,5.44,4.6
"VR001_S.Pietro in Cariano (VR)",2023,3,27,17.37,3.28,7.7
"VR001_S.Pietro in Cariano (VR)",2023,3,28,15.97,1.4,0
"VR001_S.Pietro in Cariano (VR)",2023,3,29,16.84,4.4,0
"VR001_S.Pietro in Cariano (VR)",2023,3,30,15.56,8.04,0
"VR001_S.Pietro in Cariano (VR)",2023,3,31,16.5,7.45,0
"VR001_S.Pietro in Cariano (VR)",2023,4,1,18.52,6.44,0
"VR001_S.Pietro in Cariano (VR)",2023,4,2,16.45,7.32,0
"VR001_S.Pietro in Cariano (VR)",2023,4,3,15.51,4.28,0
"VR001_S.Pietro in Cariano (VR)",2023,4,4,11.6,3.08,0
"VR001_S.Pietro in Cariano (VR)",2023,4,5,11.87,2.29,0
"VR001_S.Pietro in Cariano (VR)",2023,4,6,14.56,2.68,0
"VR001_S.Pietro in Cariano (VR)",2023,4,7,14.9,4.36,0
"VR001_S.Pietro in Cariano (VR)",2023,4,8,15.29,5.55,0
"VR001_S.Pietro in Cariano (VR)",2023,4,9,14.99,7.03,0
"VR001_S.Pietro in Cariano (VR)",2023,4,10,16.95,5.16,0
"VR001_S.Pietro in Cariano (VR)",2023,4,11,17.61,7.85,0
"VR001_S.Pietro in Cariano (VR)",2023,4,12,15.37,8.57,0
"VR001_S.Pietro in Cariano (VR)",2023,4,13,13.57,6.08,6
"VR001_S.Pietro in Cariano (VR)",2023,4,14,16.4,5.64,5.4
"VR001_S.Pietro in Cariano (VR)",2023,4,15,16.12,4.92,0
"VR001_S.Pietro in Cariano (VR)",2023,4,16,17.97,5.8,0
"VR001_S.Pietro in Cariano (VR)",2023,4,17,19.13,6.76,0
"VR001_S.Pietro in Cariano (VR)",2023,4,18,20.25,9.61,0
"VR001_S.Pietro in Cariano (VR)",2023,4,19,19.14,8.98,0
"VR001_S.Pietro in Cariano (VR)",2023,4,20,16.46,9.81,11.4
"VR001_S.Pietro in Cariano (VR)",2023,4,21,18.39,9.57,7.9
"VR001_S.Pietro in Cariano (VR)",2023,4,22,21.13,9.6,0
"VR001_S.Pietro in Cariano (VR)",2023,4,23,21.55,10.53,0
"VR001_S.Pietro in Cariano (VR)",2023,4,24,20.47,9.35,9.3
"VR001_S.Pietro in Cariano (VR)",2023,4,25,16.77,8.45,0
"VR001_S.Pietro in Cariano (VR)",2023,4,26,18.74,6.76,0
"VR001_S.Pietro in Cariano (VR)",2023,4,27,20.13,8.34,0
"VR001_S.Pietro in Cariano (VR)",2023,4,28,20.67,9.09,0
"VR001_S.Pietro in Cariano (VR)",2023,4,29,20.37,12.24,0
"VR001_S.Pietro in Cariano (VR)",2023,4,30,20.64,11.2,0
"VR001_S.Pietro in Cariano (VR)",2023,5,1,17.04,11.15,0
"VR001_S.Pietro in Cariano (VR)",2023,5,2,16.67,10.94,16.3
"VR001_S.Pietro in Cariano (VR)",2023,5,3,19.19,10.31,0
"VR001_S.Pietro in Cariano (VR)",2023,5,4,21.25,11.17,0
"VR001_S.Pietro in Cariano (VR)",2023,5,5,23.96,12.15,0
"VR001_S.Pietro in Cariano (VR)",2023,5,6,24.51,13.36,0
"VR001_S.Pietro in Cariano (VR)",2023,5,7,24.25,13.34,0
"VR001_S.Pietro in Cariano (VR)",2023,5,8,20.04,13.21,10.1
"VR001_S.Pietro in Cariano (VR)",2023,5,9,19.29,11.49,0
"VR001_S.Pietro in Cariano (VR)",2023,5,10,13.18,9.97,20.7
"VR001_S.Pietro in Cariano (VR)",2023,5,11,13.66,9.4,30.4
"VR001_S.Pietro in Cariano (VR)",2023,5,12,16.18,9.02,5
"VR001_S.Pietro in Cariano (VR)",2023,5,13,17.46,9.57,5.4
"VR001_S.Pietro in Cariano (VR)",2023,5,14,15.81,10.74,5.3
"VR001_S.Pietro in Cariano (VR)",2023,5,15,19.63,9.3,2.7
"VR001_S.Pietro in Cariano (VR)",2023,5,16,18.55,10.99,4.5
"VR001_S.Pietro in Cariano (VR)",2023,5,17,19.57,11.46,5.5
"VR001_S.Pietro in Cariano (VR)",2023,5,18,18.33,10.12,0
"VR001_S.Pietro in Cariano (VR)",2023,5,19,15.73,13,3.5
"VR001_S.Pietro in Cariano (VR)",2023,5,20,21.44,12.53,7.3
"VR001_S.Pietro in Cariano (VR)",2023,5,21,25.75,14.24,3.9
"VR001_S.Pietro in Cariano (VR)",2023,5,22,25.43,14.01,3.7
"VR001_S.Pietro in Cariano (VR)",2023,5,23,26.44,13.47,0
"VR001_S.Pietro in Cariano (VR)",2023,5,24,25.29,14.43,0
"VR001_S.Pietro in Cariano (VR)",2023,5,25,25.39,14.13,9.7
"VR001_S.Pietro in Cariano (VR)",2023,5,26,26.66,15.39,0
"VR001_S.Pietro in Cariano (VR)",2023,5,27,24.97,16.64,0
"VR001_S.Pietro in Cariano (VR)",2023,5,28,25.77,15.92,0
"VR001_S.Pietro in Cariano (VR)",2023,5,29,25.23,13.71,0
"VR001_S.Pietro in Cariano (VR)",2023,5,30,26.05,14.18,0
"VR001_S.Pietro in Cariano (VR)",2023,5,31,25.08,15.31,4.2
"VR001_S.Pietro in Cariano (VR)",2023,6,1,25.85,15.04,0
"VR001_S.Pietro in Cariano (VR)",2023,6,2,27.08,15.21,0
"VR001_S.Pietro in Cariano (VR)",2023,6,3,23.99,15.31,0
"VR001_S.Pietro in Cariano (VR)",2023,6,4,23.74,15.53,6.3
"VR001_S.Pietro in Cariano (VR)",2023,6,5,21.34,15.15,18
"VR001_S.Pietro in Cariano (VR)",2023,6,6,23.83,15.33,6.1
"VR001_S.Pietro in Cariano (VR)",2023,6,7,25.45,16.2,0
"VR001_S.Pietro in Cariano (VR)",2023,6,8,25.53,15.09,3
"VR001_S.Pietro in Cariano (VR)",2023,6,9,25.58,16.21,0
"VR001_S.Pietro in Cariano (VR)",2023,6,10,24.66,17.08,6.5
"VR001_S.Pietro in Cariano (VR)",2023,6,11,25.46,16.15,1.5
"VR001_S.Pietro in Cariano (VR)",2023,6,12,25.28,16.26,0
"VR001_S.Pietro in Cariano (VR)",2023,6,13,23.67,16.82,3.1
"VR001_S.Pietro in Cariano (VR)",2023,6,14,24.44,16.27,0
"VR001_S.Pietro in Cariano (VR)",2023,6,15,25.43,15.97,5.6
"VR001_S.Pietro in Cariano (VR)",2023,6,16,27.05,15.74,0
"VR001_S.Pietro in Cariano (VR)",2023,6,17,28.15,15.73,0
"VR001_S.Pietro in Cariano (VR)",2023,6,18,28.48,16.79,0
"VR001_S.Pietro in Cariano (VR)",2023,6,19,28.73,18.19,0
"VR001_S.Pietro in Cariano (VR)",2023,6,20,29.75,20.02,0
"VR001_S.Pietro in Cariano (VR)",2023,6,21,31.36,19.38,0
"VR001_S.Pietro in Cariano (VR)",2023,6,22,32.07,21.13,0
"VR001_S.Pietro in Cariano (VR)",2023,6,23,31.36,20.09,0
"VR001_S.Pietro in Cariano (VR)",2023,6,24,30.03,18.6,0
"VR001_S.Pietro in Cariano (VR)",2023,6,25,28.84,18.24,0
"VR001_S.Pietro in Cariano (VR)",2023,6,26,30.45,18.58,0
"VR001_S.Pietro in Cariano (VR)",2023,6,27,30.37,19.07,0
"VR001_S.Pietro in Cariano (VR)",2023,6,28,25.71,19,0
"VR001_S.Pietro in Cariano (VR)",2023,6,29,26.93,17.63,0
"VR001_S.Pietro in Cariano (VR)",2023,6,30,24.8,17.84,6.1
"VR001_S.Pietro in Cariano (VR)",2023,7,1,26.33,17.41,5.6
"VR001_S.Pietro in Cariano (VR)",2023,7,2,27.33,16.55,0
"VR001_S.Pietro in Cariano (VR)",2023,7,3,27.58,16.98,8.2
"VR001_S.Pietro in Cariano (VR)",2023,7,4,27.48,16.05,8.9
"VR001_S.Pietro in Cariano (VR)",2023,7,5,27.79,16.91,6.9
"VR001_S.Pietro in Cariano (VR)",2023,7,6,25.96,17.52,5.7
"VR001_S.Pietro in Cariano (VR)",2023,7,7,28.04,16.74,4.1
"VR001_S.Pietro in Cariano (VR)",2023,7,8,30.01,18.08,0
"VR001_S.Pietro in Cariano (VR)",2023,7,9,32.09,19.44,0
"VR001_S.Pietro in Cariano (VR)",2023,7,10,32.59,21.1,0
"VR001_S.Pietro in Cariano (VR)",2023,7,11,33.39,20.53,0
"VR001_S.Pietro in Cariano (VR)",2023,7,12,30.09,20.07,29.6
"VR001_S.Pietro in Cariano (VR)",2023,7,13,27.82,18.22,10.5
"VR001_S.Pietro in Cariano (VR)",2023,7,14,29.7,19.26,4.1
"VR001_S.Pietro in Cariano (VR)",2023,7,15,32.49,19.28,0
"VR001_S.Pietro in Cariano (VR)",2023,7,16,32.42,21.29,0
"VR001_S.Pietro in Cariano (VR)",2023,7,17,32.92,22.08,0
"VR001_S.Pietro in Cariano (VR)",2023,7,18,33.2,21.09,0
"VR001_S.Pietro in Cariano (VR)",2023,7,19,32.68,20.8,7.4
"VR001_S.Pietro in Cariano (VR)",2023,7,20,29.99,19.37,7.3
"VR001_S.Pietro in Cariano (VR)",2023,7,21,26.8,18.95,8.8
"VR001_S.Pietro in Cariano (VR)",2023,7,22,27.14,17.41,4.1
"VR001_S.Pietro in Cariano (VR)",2023,7,23,29.31,18.29,0
"VR001_S.Pietro in Cariano (VR)",2023,7,24,27.75,18.33,0
"VR001_S.Pietro in Cariano (VR)",2023,7,25,27.25,15.89,11
"VR001_S.Pietro in Cariano (VR)",2023,7,26,27.41,15.54,5.2
"VR001_S.Pietro in Cariano (VR)",2023,7,27,26.28,15.46,0
"VR001_S.Pietro in Cariano (VR)",2023,7,28,27.86,16.22,0
"VR001_S.Pietro in Cariano (VR)",2023,7,29,29.21,18.54,0
"VR001_S.Pietro in Cariano (VR)",2023,7,30,28.4,18.67,7.4
"VR001_S.Pietro in Cariano (VR)",2023,7,31,29.31,19.57,0
"VR001_S.Pietro in Cariano (VR)",2023,8,1,27.21,20.06,3.5
"VR001_S.Pietro in Cariano (VR)",2023,8,2,28.77,19.14,0
"VR001_S.Pietro in Cariano (VR)",2023,8,3,29.48,18.97,0
"VR001_S.Pietro in Cariano (VR)",2023,8,4,26.12,16.02,3.6
"VR001_S.Pietro in Cariano (VR)",2023,8,5,24.58,15.43,11.5
"VR001_S.Pietro in Cariano (VR)",2023,8,6,26.42,15.26,0
"VR001_S.Pietro in Cariano (VR)",2023,8,7,26.09,13.82,0
"VR001_S.Pietro in Cariano (VR)",2023,8,8,27.4,14.23,0
"VR001_S.Pietro in Cariano (VR)",2023,8,9,27.13,17.41,0
"VR001_S.Pietro in Cariano (VR)",2023,8,10,27.43,17.47,0
"VR001_S.Pietro in Cariano (VR)",2023,8,11,28.9,19.27,0
"VR001_S.Pietro in Cariano (VR)",2023,8,12,30.86,19.39,0
"VR001_S.Pietro in Cariano (VR)",2023,8,13,31.94,20.81,0
"VR001_S.Pietro in Cariano (VR)",2023,8,14,32.26,20.5,0
"VR001_S.Pietro in Cariano (VR)",2023,8,15,32.2,20.79,5.9
"VR001_S.Pietro in Cariano (VR)",2023,8,16,32,20.29,2.3
"VR001_S.Pietro in Cariano (VR)",2023,8,17,31.81,20.17,0
"VR001_S.Pietro in Cariano (VR)",2023,8,18,31.88,19.97,0
"VR001_S.Pietro in Cariano (VR)",2023,8,19,32.95,21.04,0
"VR001_S.Pietro in Cariano (VR)",2023,8,20,32.81,22.38,0
"VR001_S.Pietro in Cariano (VR)",2023,8,21,34.78,23.65,0
"VR001_S.Pietro in Cariano (VR)",2023,8,22,35.21,23.6,0
"VR001_S.Pietro in Cariano (VR)",2023,8,23,35.31,23.9,0
"VR001_S.Pietro in Cariano (VR)",2023,8,24,34.95,23.6,0
"VR001_S.Pietro in Cariano (VR)",2023,8,25,33.86,22.07,0
"VR001_S.Pietro in Cariano (VR)",2023,8,26,32.1,21.41,0
"VR001_S.Pietro in Cariano (VR)",2023,8,27,26.39,19.32,0
"VR001_S.Pietro in Cariano (VR)",2023,8,28,25.86,16.36,28.6
"VR001_S.Pietro in Cariano (VR)",2023,8,29,21.7,14.42,14
"VR001_S.Pietro in Cariano (VR)",2023,8,30,23.83,14.46,0
"VR001_S.Pietro in Cariano (VR)",2023,8,31,25.35,14.84,0
"VR001_S.Pietro in Cariano (VR)",2023,9,1,27.45,16.1,0
"VR001_S.Pietro in Cariano (VR)",2023,9,2,29.26,16.78,0
"VR001_S.Pietro in Cariano (VR)",2023,9,3,29.16,16.94,0
"VR001_S.Pietro in Cariano (VR)",2023,9,4,28.02,17.87,0
"VR001_S.Pietro in Cariano (VR)",2023,9,5,26.45,17.33,0
"VR001_S.Pietro in Cariano (VR)",2023,9,6,28.01,14.92,0
"VR001_S.Pietro in Cariano (VR)",2023,9,7,28.58,16.21,0
"VR001_S.Pietro in Cariano (VR)",2023,9,8,28.68,15.69,0
"VR001_S.Pietro in Cariano (VR)",2023,9,9,28.77,17.1,0
"VR001_S.Pietro in Cariano (VR)",2023,9,10,29.74,16.79,0
"VR001_S.Pietro in Cariano (VR)",2023,9,11,29.78,17.1,0
"VR001_S.Pietro in Cariano (VR)",2023,9,12,29.45,16.89,0
"VR001_S.Pietro in Cariano (VR)",2023,9,13,26.94,18.33,0
"VR001_S.Pietro in Cariano (VR)",2023,9,14,27.4,17.24,4
"VR001_S.Pietro in Cariano (VR)",2023,9,15,25.06,17.3,0
"VR001_S.Pietro in Cariano (VR)",2023,9,16,25.27,15.77,0
"VR001_S.Pietro in Cariano (VR)",2023,9,17,26.65,18.12,0
"VR001_S.Pietro in Cariano (VR)",2023,9,18,24.83,18.62,17
"VR001_S.Pietro in Cariano (VR)",2023,9,19,27.01,17.07,0
"VR001_S.Pietro in Cariano (VR)",2023,9,20,25.89,16.88,0
"VR001_S.Pietro in Cariano (VR)",2023,9,21,24.67,15.91,3.7
"VR001_S.Pietro in Cariano (VR)",2023,9,22,20.84,15.92,24.1
"VR001_S.Pietro in Cariano (VR)",2023,9,23,23.62,13.19,3.2
"VR001_S.Pietro in Cariano (VR)",2023,9,24,23.38,11.69,0
"VR001_S.Pietro in Cariano (VR)",2023,9,25,24.5,10.88,0
"VR001_S.Pietro in Cariano (VR)",2023,9,26,26.09,13.88,0
"VR001_S.Pietro in Cariano (VR)",2023,9,27,26.03,15.26,0
"VR001_S.Pietro in Cariano (VR)",2023,9,28,26.18,14.12,0
"VR001_S.Pietro in Cariano (VR)",2023,9,29,26.32,13.46,0
"VR001_S.Pietro in Cariano (VR)",2023,9,30,26.9,14.15,0
"VR001_S.Pietro in Cariano (VR)",2023,10,1,26.25,14.12,0
"VR001_S.Pietro in Cariano (VR)",2023,10,2,26.39,14.05,0
"VR001_S.Pietro in Cariano (VR)",2023,10,3,26.74,13.66,0
"VR001_S.Pietro in Cariano (VR)",2023,10,4,24.41,15.5,0
"VR001_S.Pietro in Cariano (VR)",2023,10,5,24.55,14.47,0
"VR001_S.Pietro in Cariano (VR)",2023,10,6,24.57,13.54,0
"VR001_S.Pietro in Cariano (VR)",2023,10,7,25.17,13.14,0
"VR001_S.Pietro in Cariano (VR)",2023,10,8,28.49,15.19,0
"VR001_S.Pietro in Cariano (VR)",2023,10,9,29.63,15.8,0
"VR001_S.Pietro in Cariano (VR)",2023,10,10,26.95,14.87,0
"VR001_S.Pietro in Cariano (VR)",2023,10,11,24.98,15.39,0
"VR001_S.Pietro in Cariano (VR)",2023,10,12,25.28,15.32,0
"VR001_S.Pietro in Cariano (VR)",2023,10,13,24.79,15.77,0
"VR001_S.Pietro in Cariano (VR)",2023,10,14,23.86,14.14,0
"VR001_S.Pietro in Cariano (VR)",2023,10,15,22.73,12.26,0
"VR001_S.Pietro in Cariano (VR)",2023,10,16,16.21,9.5,0
"VR001_S.Pietro in Cariano (VR)",2023,10,17,16.24,7.83,0
"VR001_S.Pietro in Cariano (VR)",2023,10,18,12.55,8.47,0.3
"VR001_S.Pietro in Cariano (VR)",2023,10,19,14.8,9.98,13.5
"VR001_S.Pietro in Cariano (VR)",2023,10,20,19.51,12.5,8
"VR001_S.Pietro in Cariano (VR)",2023,10,21,19.79,12.31,3.4
"VR001_S.Pietro in Cariano (VR)",2023,10,22,20.03,10.65,1.5
"VR001_S.Pietro in Cariano (VR)",2023,10,23,19.07,10.2,0
"VR001_S.Pietro in Cariano (VR)",2023,10,24,15.92,13.24,20
"VR001_S.Pietro in Cariano (VR)",2023,10,25,17.82,11.03,8.3
"VR001_S.Pietro in Cariano (VR)",2023,10,26,15.95,11.31,0
"VR001_S.Pietro in Cariano (VR)",2023,10,27,19.23,12.34,8.3
"VR001_S.Pietro in Cariano (VR)",2023,10,28,19.76,9.49,0
"VR001_S.Pietro in Cariano (VR)",2023,10,29,14.36,9.98,0
"VR001_S.Pietro in Cariano (VR)",2023,10,30,16.69,10.64,23.3
"VR001_S.Pietro in Cariano (VR)",2023,10,31,16.34,9.86,13.5
"VR001_S.Pietro in Cariano (VR)",2023,11,1,13.71,7.12,0
"VR001_S.Pietro in Cariano (VR)",2023,11,2,14.23,9.71,5.5
"VR001_S.Pietro in Cariano (VR)",2023,11,3,12.75,9,8.2
"VR001_S.Pietro in Cariano (VR)",2023,11,4,12.47,3.16,1.9
"VR001_S.Pietro in Cariano (VR)",2023,11,5,15.4,7.09,4
"VR001_S.Pietro in Cariano (VR)",2023,11,6,16.22,6.07,0
"VR001_S.Pietro in Cariano (VR)",2023,11,7,15.35,7.12,0
"VR001_S.Pietro in Cariano (VR)",2023,11,8,13.23,4.5,0
"VR001_S.Pietro in Cariano (VR)",2023,11,9,11.48,3.76,0
"VR001_S.Pietro in Cariano (VR)",2023,11,10,10.36,6.26,1.4
"VR001_S.Pietro in Cariano (VR)",2023,11,11,12.05,2.85,0
"VR001_S.Pietro in Cariano (VR)",2023,11,12,10.9,2.94,0
"VR001_S.Pietro in Cariano (VR)",2023,11,13,13.22,2.77,0
"VR001_S.Pietro in Cariano (VR)",2023,11,14,13.95,6.26,0
"VR001_S.Pietro in Cariano (VR)",2023,11,15,15.51,6.78,0
"VR001_S.Pietro in Cariano (VR)",2023,11,16,12.17,4.92,0
"VR001_S.Pietro in Cariano (VR)",2023,11,17,14.21,4.91,0
"VR001_S.Pietro in Cariano (VR)",2023,11,18,12.44,1.62,0
"VR001_S.Pietro in Cariano (VR)",2023,11,19,14.1,2.46,0
"VR001_S.Pietro in Cariano (VR)",2023,11,20,11.51,4.97,0
"VR001_S.Pietro in Cariano (VR)",2023,11,21,9.14,6.69,0
"VR001_S.Pietro in Cariano (VR)",2023,11,22,11.74,3.47,0
"VR001_S.Pietro in Cariano (VR)",2023,11,23,11.01,1.83,0
"VR001_S.Pietro in Cariano (VR)",2023,11,24,11.54,1.94,0
"VR001_S.Pietro in Cariano (VR)",2023,11,25,8.45,0.41,0
"VR001_S.Pietro in Cariano (VR)",2023,11,26,9.77,-0.4,0
"VR001_S.Pietro in Cariano (VR)",2023,11,27,6.4,-1.32,0
"VR001_S.Pietro in Cariano (VR)",2023,11,28,7.61,0.96,1.4
"VR001_S.Pietro in Cariano (VR)",2023,11,29,7.19,-1.65,0
"VR001_S.Pietro in Cariano (VR)",2023,11,30,5.01,1.79,3.9
"VR001_S.Pietro in Cariano (VR)",2023,12,1,6.28,3.13,24.4
"VR001_S.Pietro in Cariano (VR)",2023,12,2,8.38,5.21,1.7
"VR001_S.Pietro in Cariano (VR)",2023,12,3,5.48,-1.95,0
"VR001_S.Pietro in Cariano (VR)",2023,12,4,0.62,-4.74,5.6
"VR001_S.Pietro in Cariano (VR)",2023,12,5,3.21,-1.6,0
"VR001_S.Pietro in Cariano (VR)",2023,12,6,5.43,-1.9,0
"VR001_S.Pietro in Cariano (VR)",2023,12,7,5.91,-3.21,0
"VR001_S.Pietro in Cariano (VR)",2023,12,8,2.14,-2.31,1.4
"VR001_S.Pietro in Cariano (VR)",2023,12,9,4.71,0.62,0
"VR001_S.Pietro in Cariano (VR)",2023,12,10,7.89,1.96,0
"VR001_S.Pietro in Cariano (VR)",2023,12,11,6.21,1.06,0
"VR001_S.Pietro in Cariano (VR)",2023,12,12,8.61,1.4,0
"VR001_S.Pietro in Cariano (VR)",2023,12,13,6.98,5.29,2.3
"VR001_S.Pietro in Cariano (VR)",2023,12,14,6.73,3.87,0
"VR001_S.Pietro in Cariano (VR)",2023,12,15,7.37,0.83,0
"VR001_S.Pietro in Cariano (VR)",2023,12,16,8.36,-1.72,0
"VR001_S.Pietro in Cariano (VR)",2023,12,17,7.45,-1.77,0
"VR001_S.Pietro in Cariano (VR)",2023,12,18,10.6,-1.37,0
"VR001_S.Pietro in Cariano (VR)",2023,12,19,9.12,-1.72,0
"VR001_S.Pietro in Cariano (VR)",2023,12,20,6.33,0.39,0
"VR001_S.Pietro in Cariano (VR)",2023,12,21,8.8,-0.05,0
"VR001_S.Pietro in Cariano (VR)",2023,12,22,13.57,2.77,0
"VR001_S.Pietro in Cariano (VR)",2023,12,23,15.46,6.08,0
"VR001_S.Pietro in Cariano (VR)",2023,12,24,13.84,4.06,0
"VR001_S.Pietro in Cariano (VR)",2023,12,25,13.01,2.07,0
"VR001_S.Pietro in Cariano (VR)",2023,12,26,10.85,3,0
"VR001_S.Pietro in Cariano (VR)",2023,12,27,9.94,3.38,0
"VR001_S.Pietro in Cariano (VR)",2023,12,28,8.8,2.78,0
"VR001_S.Pietro in Cariano (VR)",2023,12,29,9.98,4.08,0
"VR001_S.Pietro in Cariano (VR)",2023,12,30,9.63,3.57,0
"VR001_S.Pietro in Cariano (VR)",2023,12,31,6.98,3.15,4
"VR001_S.Pietro in Cariano (VR)",2024,1,1,6.77,3.66,0
"VR001_S.Pietro in Cariano (VR)",2024,1,2,4.74,1.59,0
"VR001_S.Pietro in Cariano (VR)",2024,1,3,10.25,3.34,0
"VR001_S.Pietro in Cariano (VR)",2024,1,4,10.63,1.46,0
"VR001_S.Pietro in Cariano (VR)",2024,1,5,6.83,2.66,6.6
"VR001_S.Pietro in Cariano (VR)",2024,1,6,5.3,4.48,10.8
"VR001_S.Pietro in Cariano (VR)",2024,1,7,5.87,4.02,14.9
"VR001_S.Pietro in Cariano (VR)",2024,1,8,7.61,2.83,0
"VR001_S.Pietro in Cariano (VR)",2024,1,9,5.52,0.71,0
"VR001_S.Pietro in Cariano (VR)",2024,1,10,3.29,-1.13,0
"VR001_S.Pietro in Cariano (VR)",2024,1,11,5.08,-3.03,0
"VR001_S.Pietro in Cariano (VR)",2024,1,12,6.58,-3.44,0
"VR001_S.Pietro in Cariano (VR)",2024,1,13,6.03,-3.92,0
"VR001_S.Pietro in Cariano (VR)",2024,1,14,3.38,-1.84,0
"VR001_S.Pietro in Cariano (VR)",2024,1,15,6.86,-0.64,0
"VR001_S.Pietro in Cariano (VR)",2024,1,16,5.39,-3.15,0
"VR001_S.Pietro in Cariano (VR)",2024,1,17,3.94,0.4,2.7
"VR001_S.Pietro in Cariano (VR)",2024,1,18,9.03,2.18,0
"VR001_S.Pietro in Cariano (VR)",2024,1,19,5.96,2.12,2.6
"VR001_S.Pietro in Cariano (VR)",2024,1,20,4.33,-4.37,0
"VR001_S.Pietro in Cariano (VR)",2024,1,21,4.7,-5.35,0
"VR001_S.Pietro in Cariano (VR)",2024,1,22,5.74,-2.9,0
"VR001_S.Pietro in Cariano (VR)",2024,1,23,8.07,0,0
"VR001_S.Pietro in Cariano (VR)",2024,1,24,10.39,-0.13,0
"VR001_S.Pietro in Cariano (VR)",2024,1,25,11.09,1.02,0
"VR001_S.Pietro in Cariano (VR)",2024,1,26,7.7,-0.41,0
"VR001_S.Pietro in Cariano (VR)",2024,1,27,9.42,-0.3,0
"VR001_S.Pietro in Cariano (VR)",2024,1,28,5.63,0.14,0
"VR001_S.Pietro in Cariano (VR)",2024,1,29,5.25,-0.87,0
"VR001_S.Pietro in Cariano (VR)",2024,1,30,6.2,-1.31,0
"VR001_S.Pietro in Cariano (VR)",2024,1,31,9.97,-2.41,0
"VR001_S.Pietro in Cariano (VR)",2024,2,1,7.4,0.68,0
"VR001_S.Pietro in Cariano (VR)",2024,2,2,11.71,0.25,0
"VR001_S.Pietro in Cariano (VR)",2024,2,3,15.04,1.24,0
"VR001_S.Pietro in Cariano (VR)",2024,2,4,13.94,2.81,0
"VR001_S.Pietro in Cariano (VR)",2024,2,5,13.26,1.59,0
"VR001_S.Pietro in Cariano (VR)",2024,2,6,12.68,2.71,0
"VR001_S.Pietro in Cariano (VR)",2024,2,7,12.89,5.61,0
"VR001_S.Pietro in Cariano (VR)",2024,2,8,11.53,3.44,0
"VR001_S.Pietro in Cariano (VR)",2024,2,9,9.08,6.62,0
"VR001_S.Pietro in Cariano (VR)",2024,2,10,9.37,6.94,1.8
"VR001_S.Pietro in Cariano (VR)",2024,2,11,10.58,7.1,7.7
"VR001_S.Pietro in Cariano (VR)",2024,2,12,11.7,4.75,0
"VR001_S.Pietro in Cariano (VR)",2024,2,13,11,2.49,0
"VR001_S.Pietro in Cariano (VR)",2024,2,14,12.55,1.75,0
"VR001_S.Pietro in Cariano (VR)",2024,2,15,12.12,2.64,0
"VR001_S.Pietro in Cariano (VR)",2024,2,16,11.92,3.77,0
"VR001_S.Pietro in Cariano (VR)",2024,2,17,13.09,4.3,0
"VR001_S.Pietro in Cariano (VR)",2024,2,18,13.63,3.61,0
"VR001_S.Pietro in Cariano (VR)",2024,2,19,13.62,6.18,0
"VR001_S.Pietro in Cariano (VR)",2024,2,20,14.1,4.47,0
"VR001_S.Pietro in Cariano (VR)",2024,2,21,14.02,2.43,0
"VR001_S.Pietro in Cariano (VR)",2024,2,22,9.55,5.55,0
"VR001_S.Pietro in Cariano (VR)",2024,2,23,9.81,4.91,6.9
"VR001_S.Pietro in Cariano (VR)",2024,2,24,10.33,3.43,6
"VR001_S.Pietro in Cariano (VR)",2024,2,25,12.04,3.93,0
"VR001_S.Pietro in Cariano (VR)",2024,2,26,8.89,4.31,6.3
"VR001_S.Pietro in Cariano (VR)",2024,2,27,8.94,5.81,17.5
"VR001_S.Pietro in Cariano (VR)",2024,2,28,11.22,7.6,8.7
"VR001_S.Pietro in Cariano (VR)",2024,2,29,12.15,7.45,2.3
"VR001_S.Pietro in Cariano (VR)",2024,3,1,9.45,8.69,8.1
"VR001_S.Pietro in Cariano (VR)",2024,3,2,10.76,7.48,5.3
"VR001_S.Pietro in Cariano (VR)",2024,3,3,12.35,6.81,3.3
"VR001_S.Pietro in Cariano (VR)",2024,3,4,10.85,6.46,1.9
"VR001_S.Pietro in Cariano (VR)",2024,3,5,14.2,5.29,7.9
"VR001_S.Pietro in Cariano (VR)",2024,3,6,11.47,4.72,0
"VR001_S.Pietro in Cariano (VR)",2024,3,7,12.02,4.69,0
"VR001_S.Pietro in Cariano (VR)",2024,3,8,8.88,4.77,0
"VR001_S.Pietro in Cariano (VR)",2024,3,9,10.27,5.32,3.6
"VR001_S.Pietro in Cariano (VR)",2024,3,10,10.66,5.82,3.3
"VR001_S.Pietro in Cariano (VR)",2024,3,11,12.4,3.52,5.4
"VR001_S.Pietro in Cariano (VR)",2024,3,12,14.71,3.34,0
"VR001_S.Pietro in Cariano (VR)",2024,3,13,15.25,5.12,0
"VR001_S.Pietro in Cariano (VR)",2024,3,14,16.16,4.52,0
"VR001_S.Pietro in Cariano (VR)",2024,3,15,15.81,6.69,0
"VR001_S.Pietro in Cariano (VR)",2024,3,16,17.66,8.35,0
"VR001_S.Pietro in Cariano (VR)",2024,3,17,17.38,7.69,0
"VR001_S.Pietro in Cariano (VR)",2024,3,18,15.38,9.48,0
"VR001_S.Pietro in Cariano (VR)",2024,3,19,15.15,7.73,0
"VR001_S.Pietro in Cariano (VR)",2024,3,20,16.32,6.29,0
"VR001_S.Pietro in Cariano (VR)",2024,3,21,18.64,6.72,0
"VR001_S.Pietro in Cariano (VR)",2024,3,22,19.03,6.55,0
"VR001_S.Pietro in Cariano (VR)",2024,3,23,16.83,7.12,0
"VR001_S.Pietro in Cariano (VR)",2024,3,24,14.54,3.62,0
"VR001_S.Pietro in Cariano (VR)",2024,3,25,14.59,2.71,0
"VR001_S.Pietro in Cariano (VR)",2024,3,26,10.63,4.89,0
"VR001_S.Pietro in Cariano (VR)",2024,3,27,11.72,6.38,8.6
"VR001_S.Pietro in Cariano (VR)",2024,3,28,10.26,4.85,4
"VR001_S.Pietro in Cariano (VR)",2024,3,29,15.32,5.47,1.3
"VR001_S.Pietro in Cariano (VR)",2024,3,30,16.63,9.16,0
"VR001_S.Pietro in Cariano (VR)",2024,3,31,16.09,10.2,7.9
"VR001_S.Pietro in Cariano (VR)",2024,4,1,15.93,8.64,4.1
"VR001_S.Pietro in Cariano (VR)",2024,4,2,17.44,6.33,0
"VR001_S.Pietro in Cariano (VR)",2024,4,3,14.47,7.08,0
"VR001_S.Pietro in Cariano (VR)",2024,4,4,17.91,6.52,0
"VR001_S.Pietro in Cariano (VR)",2024,4,5,19.53,9.06,0
"VR001_S.Pietro in Cariano (VR)",2024,4,6,22.08,9.6,0
"VR001_S.Pietro in Cariano (VR)",2024,4,7,24.06,10.24,0
"VR001_S.Pietro in Cariano (VR)",2024,4,8,25.08,12.36,0
"VR001_S.Pietro in Cariano (VR)",2024,4,9,21.52,12.39,0
"VR001_S.Pietro in Cariano (VR)",2024,4,10,12.5,9.92,6.1
"VR001_S.Pietro in Cariano (VR)",2024,4,11,20.74,8.32,1.8
"VR001_S.Pietro in Cariano (VR)",2024,4,12,23.31,11.61,0
"VR001_S.Pietro in Cariano (VR)",2024,4,13,25.64,12.57,0
"VR001_S.Pietro in Cariano (VR)",2024,4,14,27.14,13.43,0
"VR001_S.Pietro in Cariano (VR)",2024,4,15,22.07,13.06,0
"VR001_S.Pietro in Cariano (VR)",2024,4,16,20.89,9.51,0
"VR001_S.Pietro in Cariano (VR)",2024,4,17,15.38,5.58,0
"VR001_S.Pietro in Cariano (VR)",2024,4,18,11.62,5.24,0
"VR001_S.Pietro in Cariano (VR)",2024,4,19,16.04,3.34,0
"VR001_S.Pietro in Cariano (VR)",2024,4,20,15.68,5.22,0
"VR001_S.Pietro in Cariano (VR)",2024,4,21,14.81,3.29,0
"VR001_S.Pietro in Cariano (VR)",2024,4,22,7.85,5.12,12.8
"VR001_S.Pietro in Cariano (VR)",2024,4,23,9.15,4.14,17.9
"VR001_S.Pietro in Cariano (VR)",2024,4,24,13.05,5.2,4.4
"VR001_S.Pietro in Cariano (VR)",2024,4,25,13.1,4.59,0
"VR001_S.Pietro in Cariano (VR)",2024,4,26,15.21,6,0
"VR001_S.Pietro in Cariano (VR)",2024,4,27,16.11,8.31,0
"VR001_S.Pietro in Cariano (VR)",2024,4,28,18.62,10.47,0
"VR001_S.Pietro in Cariano (VR)",2024,4,29,22.16,9.24,0
"VR001_S.Pietro in Cariano (VR)",2024,4,30,24.62,10.27,0
"VR001_S.Pietro in Cariano (VR)",2024,5,1,18.9,12.94,0
"VR001_S.Pietro in Cariano (VR)",2024,5,2,15.93,11.18,7.3
"VR001_S.Pietro in Cariano (VR)",2024,5,3,17.24,7.93,3.1
"VR001_S.Pietro in Cariano (VR)",2024,5,4,19.61,11.16,0
"VR001_S.Pietro in Cariano (VR)",2024,5,5,21.69,11.07,0
"VR001_S.Pietro in Cariano (VR)",2024,5,6,18.65,11.68,0
"VR001_S.Pietro in Cariano (VR)",2024,5,7,16.68,11.2,6.4
"VR001_S.Pietro in Cariano (VR)",2024,5,8,19.2,11.56,2.3
"VR001_S.Pietro in Cariano (VR)",2024,5,9,21.65,12.88,0
"VR001_S.Pietro in Cariano (VR)",2024,5,10,22.64,12.17,0
"VR001_S.Pietro in Cariano (VR)",2024,5,11,24.22,12.57,0
"VR001_S.Pietro in Cariano (VR)",2024,5,12,25.08,13.1,0
"VR001_S.Pietro in Cariano (VR)",2024,5,13,23.06,14.75,0
"VR001_S.Pietro in Cariano (VR)",2024,5,14,22.54,14.12,0
"VR001_S.Pietro in Cariano (VR)",2024,5,15,17.3,14.52,15.1
"VR001_S.Pietro in Cariano (VR)",2024,5,16,19.58,12.35,12.7
"VR001_S.Pietro in Cariano (VR)",2024,5,17,20.05,11.38,9.6
"VR001_S.Pietro in Cariano (VR)",2024,5,18,22.82,11.67,0
"VR001_S.Pietro in Cariano (VR)",2024,5,19,23.55,13.98,0
"VR001_S.Pietro in Cariano (VR)",2024,5,20,22.72,14.81,0
"VR001_S.Pietro in Cariano (VR)",2024,5,21,21.51,15.38,32.3
"VR001_S.Pietro in Cariano (VR)",2024,5,22,22.21,13.48,0
"VR001_S.Pietro in Cariano (VR)",2024,5,23,22.06,12.61,3.5
"VR001_S.Pietro in Cariano (VR)",2024,5,24,22.1,11.8,9.3
"VR001_S.Pietro in Cariano (VR)",2024,5,25,20.82,12.85,0
"VR001_S.Pietro in Cariano (VR)",2024,5,26,25.11,11.89,0
"VR001_S.Pietro in Cariano (VR)",2024,5,27,25.06,14.08,0
"VR001_S.Pietro in Cariano (VR)",2024,5,28,23.36,15.28,0
"VR001_S.Pietro in Cariano (VR)",2024,5,29,24.73,15.71,0
"VR001_S.Pietro in Cariano (VR)",2024,5,30,22.34,15.83,0
"VR001_S.Pietro in Cariano (VR)",2024,5,31,16.92,12.85,10.1
"VR001_S.Pietro in Cariano (VR)",2024,6,1,24.3,10.77,0
"VR001_S.Pietro in Cariano (VR)",2024,6,2,24.24,13.63,0
"VR001_S.Pietro in Cariano (VR)",2024,6,3,21.95,13.68,7.5
"VR001_S.Pietro in Cariano (VR)",2024,6,4,24.88,14.53,0
"VR001_S.Pietro in Cariano (VR)",2024,6,5,26.14,14.6,0
"VR001_S.Pietro in Cariano (VR)",2024,6,6,27.22,16.37,0
"VR001_S.Pietro in Cariano (VR)",2024,6,7,28.14,18.14,0
"VR001_S.Pietro in Cariano (VR)",2024,6,8,27.71,19.19,0
"VR001_S.Pietro in Cariano (VR)",2024,6,9,25.88,19.09,0
"VR001_S.Pietro in Cariano (VR)",2024,6,10,26.46,16.69,0
"VR001_S.Pietro in Cariano (VR)",2024,6,11,22.94,16.11,0
"VR001_S.Pietro in Cariano (VR)",2024,6,12,23.54,14.36,0
"VR001_S.Pietro in Cariano (VR)",2024,6,13,22.88,13.84,0
"VR001_S.Pietro in Cariano (VR)",2024,6,14,23.19,13.73,0
"VR001_S.Pietro in Cariano (VR)",2024,6,15,23.92,16.06,0
"VR001_S.Pietro in Cariano (VR)",2024,6,16,26.49,15.48,0
"VR001_S.Pietro in Cariano (VR)",2024,6,17,28.48,15.37,0
"VR001_S.Pietro in Cariano (VR)",2024,6,18,29.79,17.41,0
"VR001_S.Pietro in Cariano (VR)",2024,6,19,30.09,19.43,0
"VR001_S.Pietro in Cariano (VR)",2024,6,20,28.79,22.14,0
"VR001_S.Pietro in Cariano (VR)",2024,6,21,27.7,20.99,0
"VR001_S.Pietro in Cariano (VR)",2024,6,22,28.3,17.46,0
"VR001_S.Pietro in Cariano (VR)",2024,6,23,20.59,16.28,2.7
"VR001_S.Pietro in Cariano (VR)",2024,6,24,23.07,17.34,2.5
"VR001_S.Pietro in Cariano (VR)",2024,6,25,23.63,16.74,24.7
"VR001_S.Pietro in Cariano (VR)",2024,6,26,26.35,16.67,8.4
"VR001_S.Pietro in Cariano (VR)",2024,6,27,28.83,17.47,0
"VR001_S.Pietro in Cariano (VR)",2024,6,28,30.97,19.16,0
"VR001_S.Pietro in Cariano (VR)",2024,6,29,29.75,21.56,0
"VR001_S.Pietro in Cariano (VR)",2024,6,30,28.58,20.7,0
