site,Date,Tmax,Tmin,Prec,LW,RHmax,RHmin,chillState,ChillRate,antiChillState,forcingRate,forcingState,cycleCompletion,bbchCode,bbchPhase,plantSusceptibility,Rule310,Epi,Ipi,Dmcast,Magarey,UCSC,misfits,laore,onsRule310,onsEpi,onsIpi,onsDmcast,onsMagarey,onsUCSC,onsmisfits,onslaore,pressureRule310,pressureEpi,pressureIpi,pressureDmcast,pressureMagarey,pressureUCSC,pressureMisfits,pressureLaore
..\..\..\files\Weather\daily\Bagnacavallo.csv,1/1/2016 12:00:00 AM,-1.1199249,-1.1199249,0,0,64.02551,64.02551,0,0,0,0,0,0,0,0,0,0,0,0,0,0,0,0,0,0,0,0,0,0,0,0,0,0,0,0,0,0,0,0,0,
..\..\..\files\Weather\daily\Bagnacavallo.csv,1/2/2016 12:00:00 AM,9.08,-2.87,0.2875,1,72.858925,31.249851,-3.44964,-3.44964,0,0,0,0,0,0,0,0,0,0,0,0,0,0,0,0,0,0,0,0,0,0,0,0,0,0,0,0,0,0,0,
..\..\..\files\Weather\daily\Bagnacavallo.csv,1/3/2016 12:00:00 AM,2.65,-0.88000005,6.6916666,24,71.65135,55.54994,-4.4443283,-0.9946884,0,0,0,0,0,0,0,0,0,0,0,0,0,0,0,0,0,0,0,0,0,0,0,0,0,0,0,0,0,0,0,
..\..\..\files\Weather\daily\Bagnacavallo.csv,1/4/2016 12:00:00 AM,4.32,-0.4699999,1.9458333,24,74.99666,53.25002,-6.392387,-1.9480586,0,0,0,0,0,0,0,0,0,0,0,0,0,0,0,0,0,0,0,0,0,0,0,0,0,0,0,0,0,0,0,
..\..\..\files\Weather\daily\Bagnacavallo.csv,1/5/2016 12:00:00 AM,3.22,0.21000004,2.9041667,24,81.383965,60.56841,-7.897387,-1.505,0,0,0,0,0,0,0,0,0,0,0,0,0,0,0,0,0,0,0,0,0,0,0,0,0,0,0,0,0,0,0,
..\..\..\files\Weather\daily\Bagnacavallo.csv,1/6/2016 12:00:00 AM,3.79,0.65267813,0.96666664,24,82.26828,72.21875,-9.466048,-1.5686609,0,0,0,0,0,0,0,0,0,0,0,0,0,0,0,0,0,0,0,0,0,0,0,0,0,0,0,0,0,0,0,
..\..\..\files\Weather\daily\Bagnacavallo.csv,1/7/2016 12:00:00 AM,6.38,-0.5644076,6.8041663,23,77.55427,48.208748,-12.396781,-2.9307327,0,0,0,0,0,0,0,0,0,0,0,0,0,0,0,0,0,0,0,0,0,0,0,0,0,0,0,0,0,0,0,
..\..\..\files\Weather\daily\Bagnacavallo.csv,1/8/2016 12:00:00 AM,8.91,-2.1900003,0,0,78.46433,33.982254,-15.972821,-3.5760405,0,0,0,0,0,0,0,0,0,0,0,0,0,0,0,0,0,0,0,0,0,0,0,0,0,0,0,0,0,0,0,
..\..\..\files\Weather\daily\Bagnacavallo.csv,1/9/2016 12:00:00 AM,8.29,1.71,0.054166663,1,84.04723,53.123222,-19.262821,-3.29,0,0,0,0,0,0,0,0,0,0,0,0,0,0,0,0,0,0,0,0,0,0,0,0,0,0,0,0,0,0,0,
..\..\..\files\Weather\daily\Bagnacavallo.csv,1/10/2016 12:00:00 AM,6.19,2.4900002,1.3333333,24,84.516556,65.21054,-21.112822,-1.8499999,0,0,0,0,0,0,0,0,0,0,0,0,0,0,0,0,0,0,0,0,0,0,0,0,0,0,0,0,0,0,0,
..\..\..\files\Weather\daily\Bagnacavallo.csv,1/11/2016 12:00:00 AM,13.72,2.5600004,2.0125,23,85.70117,40.126064,-26.072823,-4.96,0,0,0,0,0,0,0,0,0,0,0,0,0,0,0,0,0,0,0,0,0,0,0,0,0,0,0,0,0,0,0,
..\..\..\files\Weather\daily\Bagnacavallo.csv,1/12/2016 12:00:00 AM,17.9,5.9699993,0,0,89.60168,40.784245,-29.422148,-3.349326,0,0,0,0,0,0,0,0,0,0,0,0,0,0,0,0,0,0,0,0,0,0,0,0,0,0,0,0,0,0,0,
..\..\..\files\Weather\daily\Bagnacavallo.csv,1/13/2016 12:00:00 AM,16.11,3.1200747,0,1,90.56183,44.168533,-34.48015,-5.057999,0,0,0,0,0,0,0,0,0,0,0,0,0,0,0,0,0,0,0,0,0,0,0,0,0,0,0,0,0,0,0,
..\..\..\files\Weather\daily\Bagnacavallo.csv,1/14/2016 12:00:00 AM,13.32,0.77038527,0.19583333,1,82.89761,36.58997,-40.315804,-5.8356547,0,0,0,0,0,0,0,0,0,0,0,0,0,0,0,0,0,0,0,0,0,0,0,0,0,0,0,0,0,0,0,
..\..\..\files\Weather\daily\Bagnacavallo.csv,1/15/2016 12:00:00 AM,7.6500006,-0.4100001,4.5041666,23,78.29972,44.353,-43.94623,-3.6304286,0,0,0,0,0,0,0,0,0,0,0,0,0,0,0,0,0,0,0,0,0,0,0,0,0,0,0,0,0,0,0,
..\..\..\files\Weather\daily\Bagnacavallo.csv,1/16/2016 12:00:00 AM,9.37,-1.9099998,0,0,75.29787,34.005875,-47.837936,-3.8917065,0,0,0,0,0,0,0,0,0,0,0,0,0,0,0,0,0,0,0,0,0,0,0,0,0,0,0,0,0,0,0,
..\..\..\files\Weather\daily\Bagnacavallo.csv,1/17/2016 12:00:00 AM,9.1,-2.4300003,0,0,73.9425,32.72374,-51.429005,-3.5910668,0,0,0,0,0,0,0,0,0,0,0,0,0,0,0,0,0,0,0,0,0,0,0,0,0,0,0,0,0,0,0,
..\..\..\files\Weather\daily\Bagnacavallo.csv,1/18/2016 12:00:00 AM,8.45,-3.8100002,0,0,70.35533,29.354446,-54.341015,-2.9120104,0,0,0,0,0,0,0,0,0,0,0,0,0,0,0,0,0,0,0,0,0,0,0,0,0,0,0,0,0,0,0,
..\..\..\files\Weather\daily\Bagnacavallo.csv,1/19/2016 12:00:00 AM,6.8500004,-5.0590816,0,0,67.1925,29.110401,-56.311047,-1.9700302,0,0,0,0,0,0,0,0,0,0,0,0,0,0,0,0,0,0,0,0,0,0,0,0,0,0,0,0,0,0,0,
..\..\..\files\Weather\daily\Bagnacavallo.csv,1/20/2016 12:00:00 AM,6.0199995,-6.9599996,0,0,61.48789,23.848135,-57.707054,-1.3960091,0,0,0,0,0,0,0,0,0,0,0,0,0,0,0,0,0,0,0,0,0,0,0,0,0,0,0,0,0,0,0,
..\..\..\files\Weather\daily\Bagnacavallo.csv,1/21/2016 12:00:00 AM,6.17,-6.36,0,0,62.97087,25.311672,-59.226166,-1.5191101,0,0,0,0,0,0,0,0,0,0,0,0,0,0,0,0,0,0,0,0,0,0,0,0,0,0,0,0,0,0,0,
..\..\..\files\Weather\daily\Bagnacavallo.csv,1/22/2016 12:00:00 AM,6.59,-7.2,0,0,65.00327,22.46953,-60.80079,-1.574623,0,0,0,0,0,0,0,0,0,0,0,0,0,0,0,0,0,0,0,0,0,0,0,0,0,0,0,0,0,0,0,
..\..\..\files\Weather\daily\Bagnacavallo.csv,1/23/2016 12:00:00 AM,6.4700003,-2.7100003,0,0,71.790886,37.22757,-63.080795,-2.2800057,0,0,0,0,0,0,0,0,0,0,0,0,0,0,0,0,0,0,0,0,0,0,0,0,0,0,0,0,0,0,0,
..\..\..\files\Weather\daily\Bagnacavallo.csv,1/24/2016 12:00:00 AM,7.37,-3.9800003,0,0,69.386795,30.764479,-65.47361,-2.3928149,0,0,0,0,0,0,0,0,0,0,0,0,0,0,0,0,0,0,0,0,0,0,0,0,0,0,0,0,0,0,0,
..\..\..\files\Weather\daily\Bagnacavallo.csv,1/25/2016 12:00:00 AM,10.48,-5.78,0,0,66.10413,20.731438,-68.85801,-3.384403,0,0,0,0,0,0,0,0,0,0,0,0,0,0,0,0,0,0,0,0,0,0,0,0,0,0,0,0,0,0,0,
..\..\..\files\Weather\daily\Bagnacavallo.csv,1/26/2016 12:00:00 AM,13.63,-4.88,0,0,67.31932,18.369848,-74.23223,-5.3742247,0,0,0,0,0,0,0,0,0,0,0,0,0,0,0,0,0,0,0,0,0,0,0,0,0,0,0,0,0,0,0,
..\..\..\files\Weather\daily\Bagnacavallo.csv,1/27/2016 12:00:00 AM,16.27,-2.67,0,0,70.31129,19.103302,-82.258255,-8.026025,0,0,0,0,0,0,0,0,0,0,0,0,0,0,0,0,0,0,0,0,0,0,0,0,0,0,0,0,0,0,0,
..\..\..\files\Weather\daily\Bagnacavallo.csv,1/28/2016 12:00:00 AM,14.48,-1.9200001,0,0,73.84043,23.789532,-89.26255,-7.004292,0,0,0,0,0,0,0,0,0,0,0,0,0,0,0,0,0,0,0,0,0,0,0,0,0,0,0,0,0,0,0,
..\..\..\files\Weather\daily\Bagnacavallo.csv,1/29/2016 12:00:00 AM,12.91,-0.07999992,0,0,79.43742,32.43268,-96.003746,-6.741193,0,0,0,0,0,0,0,0,0,0,0,0,0,0,0,0,0,0,0,0,0,0,0,0,0,0,0,0,0,0,0,
..\..\..\files\Weather\daily\Bagnacavallo.csv,1/30/2016 12:00:00 AM,12.99,-0.22000027,0,0,82.991425,31.778305,-102.72896,-6.7252154,0,0,0,0,0,0,0,0,0,0,0,0,0,0,0,0,0,0,0,0,0,0,0,0,0,0,0,0,0,0,0,
..\..\..\files\Weather\daily\Bagnacavallo.csv,1/31/2016 12:00:00 AM,15.43,5.4799995,0,3,91.77362,47.23971,-101.24731,-3.4933472,1.4816533,0,0,0,0,0,0,0,0,0,0,0,0,0,0,0,0,0,0,0,0,0,0,0,0,0,0,0,0,0,0,
..\..\..\files\Weather\daily\Bagnacavallo.csv,2/1/2016 12:00:00 AM,17.07,4.0530477,0,0,88.23101,39.39932,-99.32732,-4.588484,1.9199922,0,0,0,0,0,0,0,0,0,0,0,0,0,0,0,0,0,0,0,0,0,0,0,0,0,0,0,0,0,0,
..\..\..\files\Weather\daily\Bagnacavallo.csv,2/2/2016 12:00:00 AM,8.85,3.2299998,0,1,94.446014,59.83834,-99.32732,-2.8100002,0,0,0,0,0,0,0,0,0,0,0,0,0,0,0,0,0,0,0,0,0,0,0,0,0,0,0,0,0,0,0,
..\..\..\files\Weather\daily\Bagnacavallo.csv,2/3/2016 12:00:00 AM,8.15,6.34,0.35833335,13,96.186325,84.97737,-99.32732,-0.90499973,0,0,0,0,0,0,0,0,0,0,0,0,0,0,0,0,0,0,0,0,0,0,0,0,0,0,0,0,0,0,0,
..\..\..\files\Weather\daily\Bagnacavallo.csv,2/4/2016 12:00:00 AM,13.43,1.5897056,8.241667,23,93.558075,54.768326,-98.8305,-5.4233313,0.49681628,0,0,0,0,0,0,0,0,0,0,0,0,1,0,0,0,0,0,0,0,0,0,0,0,0,0,0,0,1,0,
..\..\..\files\Weather\daily\Bagnacavallo.csv,2/5/2016 12:00:00 AM,12.72,-0.3199997,0,0,78.92389,32.061687,-98.546814,-6.4876075,0.28368104,0,0,0,0,0,0,0,0,0,0,0,0,0,0,0,0,0,0,0,0,0,0,0,0,0,0,0,0,0,0,
..\..\..\files\Weather\daily\Bagnacavallo.csv,2/6/2016 12:00:00 AM,13.19,-1.5199995,0,0,75.691246,27.310478,-98.20092,-6.2594223,0.34589046,0,0,0,0,0,0,0,0,0,0,0,0,0,0,0,0,0,0,0,0,0,0,0,0,0,0,0,0,0,0,
..\..\..\files\Weather\daily\Bagnacavallo.csv,2/7/2016 12:00:00 AM,12.05,0.069999695,0,0,84.7454,35.012974,-98.02552,-5.814604,0.17539652,0,0,0,0,0,0,0,0,0,0,0,0,0,0,0,0,0,0,0,0,0,0,0,0,0,0,0,0,0,0,
..\..\..\files\Weather\daily\Bagnacavallo.csv,2/8/2016 12:00:00 AM,12.33,4.56,0,3,91.73383,54.162388,-97.67617,-3.5356498,0.34935004,0,0,0,0,0,0,0,0,0,0,0,0,0,0,0,0,0,0,0,0,0,0,0,0,0,0,0,0,0,0,
..\..\..\files\Weather\daily\Bagnacavallo.csv,2/9/2016 12:00:00 AM,13.620001,3.9093053,0,0,89.32065,46.343094,-97.00143,-4.180607,0.6747409,0,0,0,0,0,0,0,0,0,0,0,0,0,0,0,0,0,0,0,0,0,0,0,0,0,0,0,0,0,0,
..\..\..\files\Weather\daily\Bagnacavallo.csv,2/10/2016 12:00:00 AM,17.66,1.5499992,0.15833333,1,79.78,26.663727,-95.180336,-6.2339077,1.8210924,0,0,0,0,0,0,0,0,0,0,0,0,0,0,0,0,0,0,0,0,0,0,0,0,0,0,0,0,0,0,
..\..\..\files\Weather\daily\Bagnacavallo.csv,2/11/2016 12:00:00 AM,14.4,-0.27363765,3.6416667,23,88.78373,43.8842,-94.52065,-7.7254186,0.6596864,0,0,0,0,0,0,0,0,0,0,0,0,0,0,0,0,0,0,0,0,0,0,0,0,0,0,0,0,0,0,
..\..\..\files\Weather\daily\Bagnacavallo.csv,2/12/2016 12:00:00 AM,11.42,-2.2799997,0.4416667,1,82.98907,28.532684,-94.44706,-4.833314,0.07359125,0,0,0,0,0,0,0,0,0,0,0,0,0,0,0,0,0,0,0,0,0,0,0,0,0,0,0,0,0,0,
..\..\..\files\Weather\daily\Bagnacavallo.csv,2/13/2016 12:00:00 AM,10.29,3.0653703,10.158334,23,89.0735,55.56845,-94.44124,-3.6064947,0.005820366,0,0,0,0,0,0,0,0,0,0,0,0,0,0,0,0,0,0,0,0,0,0,0,0,0,0,0,0,0,0,
..\..\..\files\Weather\daily\Bagnacavallo.csv,2/14/2016 12:00:00 AM,10.79,1.7399998,0.48333335,1,88.528534,45.346703,-94.40676,-4.4905195,0.034480657,0,0,0,0,0,0,0,0,0,0,0,0,0,0,0,0,0,0,0,0,0,0,0,0,0,0,0,0,0,0,
..\..\..\files\Weather\daily\Bagnacavallo.csv,2/15/2016 12:00:00 AM,7.08,4.6000004,11.770834,24,93.18174,76.4763,-94.40676,-1.2399998,0,0,0,0,0,0,0,0,0,0,0,0,0,0,0,0,0,0,0,0,0,0,0,0,0,0,0,0,0,0,0,
..\..\..\files\Weather\daily\Bagnacavallo.csv,2/16/2016 12:00:00 AM,7.7300005,5.9500003,15.879166,24,94.875435,83.95809,-94.40676,-0.88999987,0,0,0,0,0,0,0,0,0,0,0,0,0,0,0,0,0,0,0,0,0,0,0,0,0,0,0,0,0,0,0,
..\..\..\files\Weather\daily\Bagnacavallo.csv,2/17/2016 12:00:00 AM,10.5,5.628521,19.637499,24,95.47769,69.466995,-94.3811,-2.41008,0.025659557,0,0,0,0,0,0,0,0,0,0,0,0,1,0,0,0,0,0,0,0,0,0,0,0,0,0,0,0,1,0,
..\..\..\files\Weather\daily\Bagnacavallo.csv,2/18/2016 12:00:00 AM,9.35,4.99,10.829166,23,93.07838,69.04661,-94.3811,-2.1800003,0,0,0,0,0,0,0,0,0,0,0,0,0,0,0,0,0,0,0,0,0,0,0,0,0,0,0,0,0,0,0,
..\..\..\files\Weather\daily\Bagnacavallo.csv,2/19/2016 12:00:00 AM,11.68,3.8482847,0,5,94.68143,62.64677,-94.20091,-3.7356672,0.18019047,0,0,0,0,0,0,0,0,0,0,0,0,0,0,0,0,0,0,0,0,0,0,0,0,0,0,0,0,0,0,
..\..\..\files\Weather\daily\Bagnacavallo.csv,2/20/2016 12:00:00 AM,15.32,1.8799996,0,0,82.55779,33.207916,-93.147995,-5.6670833,1.0529165,0,0,0,0,0,0,0,0,0,0,0,0,0,0,0,0,0,0,0,0,0,0,0,0,0,0,0,0,0,0,
..\..\..\files\Weather\daily\Bagnacavallo.csv,2/21/2016 12:00:00 AM,13.37,2.54,0,0,85.88323,41.07965,-92.62367,-4.890674,0.5243259,0,0,0,0,0,0,0,0,0,0,0,0,0,0,0,0,0,0,0,0,0,0,0,0,0,0,0,0,0,0,
..\..\..\files\Weather\daily\Bagnacavallo.csv,2/22/2016 12:00:00 AM,17.29,0.97999954,0,0,77.89296,25.906694,-90.994484,-6.525813,1.6291878,0,0,0,0,0,0,0,0,0,0,0,0,0,0,0,0,0,0,0,0,0,0,0,0,0,0,0,0,0,0,
..\..\..\files\Weather\daily\Bagnacavallo.csv,2/23/2016 12:00:00 AM,13.53,2.13,0.21249999,1,84.719124,38.94813,-90.44795,-5.153469,0.54653066,0,0,0,0,0,0,0,0,0,0,0,0,0,0,0,0,0,0,0,0,0,0,0,0,0,0,0,0,0,0,
..\..\..\files\Weather\daily\Bagnacavallo.csv,2/24/2016 12:00:00 AM,15.21,5.138122,4.8875,23,92.466446,48.846252,-89.10043,-3.6884193,1.3475193,0,0,0,0,0,0,0,0,0,0,0,0,0,0,0,0,0,0,0,0,0,0,0,0,0,0,0,0,0,0,
..\..\..\files\Weather\daily\Bagnacavallo.csv,2/25/2016 12:00:00 AM,11.48,4.05,0.15416667,2,96.29838,54.61894,-88.95303,-3.5675974,0.14740235,0,0,0,0,0,0,0,0,0,0,0,0,0,0,0,0,0,0,0,0,0,0,0,0,0,0,0,0,0,0,
..\..\..\files\Weather\daily\Bagnacavallo.csv,2/26/2016 12:00:00 AM,8.84,6.2142906,3.5458333,24,98.152695,86.240036,-88.95303,-1.3128548,0,0,0,0,0,0,0,0,0,0,0,0,0,0,0,0,0,0,0,0,0,0,0,0,0,0,0,0,0,0,0,
..\..\..\files\Weather\daily\Bagnacavallo.csv,2/27/2016 12:00:00 AM,9.27,5.6900005,0.36666667,7,94.9308,74.3316,-88.95303,-1.79,0,0,0,0,0,0,0,0,0,0,0,0,0,0,0,0,0,0,0,0,0,0,0,0,0,0,0,0,0,0,0,
..\..\..\files\Weather\daily\Bagnacavallo.csv,2/28/2016 12:00:00 AM,10.04,5.5600004,9.179167,24,96.7793,69.81693,-88.95286,-2.2398212,0.0001785711,0,0,0,0,0,0,0,0,0,0,0,0,0,0,0,0,0,0,0,0,0,0,0,0,0,0,0,0,0,0,
..\..\..\files\Weather\daily\Bagnacavallo.csv,2/29/2016 12:00:00 AM,12.369999,8.02,17.779167,24,100,75.55192,-88.307236,-1.5293789,0.6456203,0,0,0,0,0,0,1,0,0,0,0,0,1,0,0,0,0,0,0,0,0,0,1,0,0,0,0,0,1,0,
..\..\..\files\Weather\daily\Bagnacavallo.csv,3/1/2016 12:00:00 AM,14.21,6.0878854,14.4,24,99.70889,65.93408,-87.21613,-2.9699562,1.0911014,0,0,0,0,0,0,1,0,0,0,1,0,1,0,0,0,0,0,0,0,0,0,1,0,0,0,1,0,1,0,
..\..\..\files\Weather\daily\Bagnacavallo.csv,3/2/2016 12:00:00 AM,14.41,4.66,0.575,23,90.6402,47.05778,-86.218796,-3.8776617,0.9973384,0,0,0,0,0,0,1,0,0,0,1,0,1,0,0,0,0,0,0,0,0,0,1,0,0,0,1,0,1,0,
..\..\..\files\Weather\daily\Bagnacavallo.csv,3/3/2016 12:00:00 AM,15.77,3.3099995,0.74583334,1,85.72601,37.08697,-84.882805,-4.894009,1.3359913,0,0,0,0,0,0,0,0,0,0,0,0,0,0,0,0,0,0,0,0,0,0,0,0,0,0,0,0,0,0,
..\..\..\files\Weather\daily\Bagnacavallo.csv,3/4/2016 12:00:00 AM,12.27,2.3000002,17.154167,23,85.817924,43.36674,-84.62438,-4.7265797,0.25842035,0,0,0,0,0,0,0,0,0,0,0,0,1,0,0,0,0,0,0,0,0,0,0,0,0,0,0,0,1,0,
..\..\..\files\Weather\daily\Bagnacavallo.csv,3/5/2016 12:00:00 AM,14.69,1.0500002,0.47916666,1,81.05665,31.990238,-83.81808,-6.013691,0.8063085,0,0,0,0,0,0,0,0,0,0,0,0,0,0,0,0,0,0,0,0,0,0,0,0,0,0,0,0,0,0,
..\..\..\files\Weather\daily\Bagnacavallo.csv,3/6/2016 12:00:00 AM,15.08,2.541525,11.1375,24,89.9684,44.702293,-82.78899,-5.240149,1.0290884,0,0,0,0,0,0,0,0,0,0,0,0,0,0,0,0,0,0,0,0,0,0,0,0,0,0,0,0,0,0,
..\..\..\files\Weather\daily\Bagnacavallo.csv,3/7/2016 12:00:00 AM,10.71,1.1400003,2.6833334,23,83.82682,42.87093,-82.76265,-4.758662,0.026337516,0,0,0,0,0,0,0,0,0,0,0,0,0,0,0,0,0,0,0,0,0,0,0,0,0,0,0,0,0,0,
..\..\..\files\Weather\daily\Bagnacavallo.csv,3/8/2016 12:00:00 AM,9.09,3.4300003,0.275,1,88.861755,60.128944,-82.76265,-2.83,0,0,0,0,0,0,0,0,0,0,0,0,0,0,0,0,0,0,0,0,0,0,0,0,0,0,0,0,0,0,0,
..\..\..\files\Weather\daily\Bagnacavallo.csv,3/9/2016 12:00:00 AM,7.96,3.2600002,6.758333,24,90.008316,63.43871,-82.76265,-2.35,0,0,0,0,0,0,0,0,0,0,0,0,0,0,0,0,0,0,0,0,0,0,0,0,0,0,0,0,0,0,0,
..\..\..\files\Weather\daily\Bagnacavallo.csv,3/10/2016 12:00:00 AM,8.28,5.11,9.995832,24,92.96045,74.75405,-82.76265,-1.5849996,0,0,0,0,0,0,0,0,0,0,0,0,0,0,0,0,0,0,0,0,0,0,0,0,0,0,0,0,0,0,0,
..\..\..\files\Weather\daily\Bagnacavallo.csv,3/11/2016 12:00:00 AM,13.440001,4.1700006,0.7708333,24,95.23782,48.137604,-82.124374,-3.9967256,0.6382742,0,0,0,0,0,0,0,0,0,0,0,0,1,0,0,0,0,0,0,0,0,0,0,0,0,0,0,0,1,0,
..\..\..\files\Weather\daily\Bagnacavallo.csv,3/12/2016 12:00:00 AM,11.67,7.34,2.3,24,99.448654,74.332,-81.80233,-1.8429561,0.3220439,0,0,0,0,0,0,0,0,0,0,0,0,0,0,0,0,0,0,0,0,0,0,0,0,0,0,0,0,0,0,
..\..\..\files\Weather\daily\Bagnacavallo.csv,3/13/2016 12:00:00 AM,14.550001,7.6700006,0,7,99.180984,62.419014,-80.29779,-1.9354572,1.5045428,0,0,0,0,0,0,0,0,0,0,0,0,0,0,0,0,0,0,0,0,0,0,0,0,0,0,0,0,0,0,
..\..\..\files\Weather\daily\Bagnacavallo.csv,3/14/2016 12:00:00 AM,13.1,4.104453,0,10,100,78.56794,-79.76363,-3.96362,0.5341533,0,0,0,0,0,0,0,0,0,0,0,0,0,0,0,0,0,0,0,0,0,0,0,0,0,0,0,0,0,0,
..\..\..\files\Weather\daily\Bagnacavallo.csv,3/15/2016 12:00:00 AM,12.29,1.7934036,0,0,86.85157,45.09671,-79.51383,-4.998498,0.24980001,0,0,0,0,0,0,0,0,0,0,0,0,0,0,0,0,0,0,0,0,0,0,0,0,0,0,0,0,0,0,
..\..\..\files\Weather\daily\Bagnacavallo.csv,3/16/2016 12:00:00 AM,15.16,-0.5,0,1,96.265884,26.261543,-78.66372,-8.188097,0.85011494,0,0,0,0,0,0,0,0,0,0,0,0,0,0,0,0,0,0,0,0,0,0,0,0,0,0,0,0,0,0,
..\..\..\files\Weather\daily\Bagnacavallo.csv,3/17/2016 12:00:00 AM,9.57,4.7347493,0,12,98.71895,79.1407,-78.66372,-2.417625,0,0,0,0,0,0,0,0,0,0,0,0,0,0,0,0,0,0,0,0,0,0,0,0,0,0,0,0,0,0,0,
..\..\..\files\Weather\daily\Bagnacavallo.csv,3/18/2016 12:00:00 AM,13.33,3.2600002,0,0,87.783554,44.303574,-78.11313,-4.484409,0.5505909,0,0,0,0,0,0,0,0,0,0,0,0,0,0,0,0,0,0,0,0,0,0,0,0,0,0,0,0,0,0,
..\..\..\files\Weather\daily\Bagnacavallo.csv,3/19/2016 12:00:00 AM,17.83,1.3299999,0,0,77.97164,25.703218,-76.25528,-6.3921547,1.8578454,0,0,0,0,0,0,0,0,0,0,0,0,0,0,0,0,0,0,0,0,0,0,0,0,0,0,0,0,0,0,
..\..\..\files\Weather\daily\Bagnacavallo.csv,3/20/2016 12:00:00 AM,20.76,0.9599991,0,0,71.945526,19.242634,-73.331604,-6.976324,2.9236767,0,0,0,0,0,0,0,0,0,0,0,0,0,0,0,0,0,0,0,0,0,0,0,0,0,0,0,0,0,0,
..\..\..\files\Weather\daily\Bagnacavallo.csv,3/21/2016 12:00:00 AM,20.6,3.4899998,0,1,97.400536,25.337357,-70.04814,-5.27154,3.2834601,0,0,0,0,0,0,0,0,0,0,0,0,0,0,0,0,0,0,0,0,0,0,0,0,0,0,0,0,0,0,
..\..\..\files\Weather\daily\Bagnacavallo.csv,3/22/2016 12:00:00 AM,15.87,9.94,0,9,100,70.01614,-67.14284,-0.059696913,2.9053032,0,0,0,0,0,0,0,0,0,0,0,0,0,0,0,0,0,0,0,0,0,0,0,0,0,0,0,0,0,0,
..\..\..\files\Weather\daily\Bagnacavallo.csv,3/23/2016 12:00:00 AM,14.52,8.746006,0,11,100,76.51283,-65.373665,-1.117823,1.7691742,0,0,0,0,0,0,0,0,0,0,0,0,0,0,0,0,0,0,0,0,0,0,0,0,0,0,0,0,0,0,
..\..\..\files\Weather\daily\Bagnacavallo.csv,3/24/2016 12:00:00 AM,11.87,3.5957413,0,10,100,69.0612,-65.16235,-3.9258173,0.21131197,0,0,0,0,0,0,0,0,0,0,0,0,0,0,0,0,0,0,0,0,0,0,0,0,0,0,0,0,0,0,
..\..\..\files\Weather\daily\Bagnacavallo.csv,3/25/2016 12:00:00 AM,16.16,1.4400005,0,0,80.5074,29.73601,-63.87344,-6.071087,1.288913,0,0,0,0,0,0,0,0,0,0,0,0,0,0,0,0,0,0,0,0,0,0,0,0,0,0,0,0,0,0,
..\..\..\files\Weather\daily\Bagnacavallo.csv,3/26/2016 12:00:00 AM,17.71,2.3600001,0,0,80.710915,28.857868,-61.93715,-5.7387104,1.9362895,0,0,0,0,0,0,0,0,0,0,0,0,0,0,0,0,0,0,0,0,0,0,0,0,0,0,0,0,0,0,
..\..\..\files\Weather\daily\Bagnacavallo.csv,3/27/2016 12:00:00 AM,18.27,3.9322495,0,0,85.23483,34.24369,-59.552086,-4.7838116,2.385064,0,0,0,0,0,0,0,0,0,0,0,0,0,0,0,0,0,0,0,0,0,0,0,0,0,0,0,0,0,0,
..\..\..\files\Weather\daily\Bagnacavallo.csv,3/28/2016 12:00:00 AM,19.74,1.2199993,0,0,86.19201,21.625345,-56.990868,-6.69878,2.56122,0,0,0,0,0,0,0,0,0,0,0,0,0,0,0,0,0,0,0,0,0,0,0,0,0,0,0,0,0,0,
..\..\..\files\Weather\daily\Bagnacavallo.csv,3/29/2016 12:00:00 AM,20.1,7.4346313,0,5,95.31017,49.088,-52.963745,-2.305561,4.0271235,0,0,0,0,0,0,0,0,0,0,0,0,0,0,0,0,0,0,0,0,0,0,0,0,0,0,0,0,0,0,
..\..\..\files\Weather\daily\Bagnacavallo.csv,3/30/2016 12:00:00 AM,22.79,4.799999,0,0,76.54913,23.748194,-48.417217,-4.448472,4.546529,0,0,0,0,0,0,0,0,0,0,0,0,0,0,0,0,0,0,0,0,0,0,0,0,0,0,0,0,0,0,
..\..\..\files\Weather\daily\Bagnacavallo.csv,3/31/2016 12:00:00 AM,23.56,8.1,0,0,82.49624,30.665657,-42.470467,-1.783247,5.9467525,0,0,0,0,0,0,0,0,0,0,0,0,0,0,0,0,0,0,0,0,0,0,0,0,0,0,0,0,0,0,
..\..\..\files\Weather\daily\Bagnacavallo.csv,4/1/2016 12:00:00 AM,20.08,7.17,0,1,93.67945,38.216583,-38.535286,-2.5198178,3.935182,0,0,0,0,0,0,0,0,0,0,0,0,0,0,0,0,0,0,0,0,0,0,0,0,0,0,0,0,0,0,
..\..\..\files\Weather\daily\Bagnacavallo.csv,4/2/2016 12:00:00 AM,18.75,9.134616,0,6,100,60.97232,-34.554035,-0.82644224,3.9812503,0,0,0,0,0,0,0,0,0,0,0,0,0,0,0,0,0,0,0,0,0,0,0,0,0,0,0,0,0,0,
..\..\..\files\Weather\daily\Bagnacavallo.csv,4/3/2016 12:00:00 AM,16.68,7.84,0,5,96.42251,53.901886,-32.030144,-1.8961086,2.5238914,0,0,0,0,0,0,0,0,0,0,0,0,0,0,0,0,0,0,0,0,0,0,0,0,0,0,0,0,0,0,
..\..\..\files\Weather\daily\Bagnacavallo.csv,4/4/2016 12:00:00 AM,19.69,6,0,1,98.5692,35.23696,-28.600775,-3.4156318,3.4293685,0,0,0,0,0,0,0,0,0,0,0,0,0,0,0,0,0,0,0,0,0,0,0,0,0,0,0,0,0,0,
..\..\..\files\Weather\daily\Bagnacavallo.csv,4/5/2016 12:00:00 AM,16.95,10.303211,0,10,100,70.85417,-24.974169,0,3.626606,0,0,0,0,0,0,0,0,0,0,0,0,0,0,0,0,0,0,0,0,0,0,0,0,0,0,0,0,0,0,
..\..\..\files\Weather\daily\Bagnacavallo.csv,4/6/2016 12:00:00 AM,20.23,8.6,0,3,91.913315,43.31151,-20.474903,-1.3157349,4.4992647,0,0,0,0,0,0,0,0,0,0,0,0,0,0,0,0,0,0,0,0,0,0,0,0,0,0,0,0,0,0,
..\..\..\files\Weather\daily\Bagnacavallo.csv,4/7/2016 12:00:00 AM,21.48,8.040001,0,1,100,36.810043,-15.571986,-1.8170824,4.902917,0,0,0,0,0,0,0,0,0,0,0,0,0,0,0,0,0,0,0,0,0,0,0,0,0,0,0,0,0,0,
..\..\..\files\Weather\daily\Bagnacavallo.csv,4/8/2016 12:00:00 AM,15.76,10.640001,0.0875,11,100,75.36105,-12.371985,0,3.2000008,0,0,0,0,0,0,0,0,0,0,0,0,0,0,0,0,0,0,0,0,0,0,0,0,0,0,0,0,0,0,
..\..\..\files\Weather\daily\Bagnacavallo.csv,4/9/2016 12:00:00 AM,15.42,9.954587,2.125,24,100,83.33467,-9.684504,-0.045224905,2.687482,0,0,0,0,0,0,0,0,0,0,0,0,0,1,0,0,0,0,0,0,0,0,0,0,0,0,0,0,0,1,
..\..\..\files\Weather\daily\Bagnacavallo.csv,4/10/2016 12:00:00 AM,19.19,8.370001,2.5875,23,93.48981,46.26486,-5.781726,-1.5072222,3.9027777,0,0,0,0,0,0,0,0,0,0,0,0,0,1,0,0,0,0,0,0,0,0,0,0,0,0,0,0,0,1,
..\..\..\files\Weather\daily\Bagnacavallo.csv,4/11/2016 12:00:00 AM,21.88,7.2899995,0,0,84.79684,33.02625,-0.94504404,-2.4583178,4.836682,0,0,0,0,0,0,0,0,0,0,0,0,0,0,0,0,0,0,0,0,0,0,0,0,0,0,0,0,0,0,
..\..\..\files\Weather\daily\Bagnacavallo.csv,4/12/2016 12:00:00 AM,24.97,7.7800007,0,0,77.837296,26.015648,0,-2.0766487,6.5183506,9.588793,9.588793,0.35514048,10.443926,10,2.0345683,0,0,0,0,0,0,0,0,0,0,0,0,0,0,0,0,0,0,0,0,0,0,0,0,
..\..\..\files\Weather\daily\Bagnacavallo.csv,4/13/2016 12:00:00 AM,24.879997,9.499999,0,0,82.167984,31.020275,0,-0.49187374,7.198126,10.2461605,19.834953,0.7346279,10.918284,10,2.4294717,0,0,0,0,0,0,0,0,0,0,0,0,0,0,0,0,0,0,0,0,0,0,0,0,
..\..\..\files\Weather\daily\Bagnacavallo.csv,4/14/2016 12:00:00 AM,23.17,10.36,0,0,89.11251,39.4918,0,0,6.7649994,9.916933,29.751886,1.1019217,11.188701,11,2.6545932,0,0,0,0,0,0,0,0,0,0,0,0,0,0,0,0,0,0,0,0,0,0,0,0,
..\..\..\files\Weather\daily\Bagnacavallo.csv,4/15/2016 12:00:00 AM,22.13,8.465267,0,0,89.22551,39.25486,0,-1.4485469,5.383819,8.55012,38.302006,1.4185928,11.3866205,11,2.8193614,0,0,0,0,0,0,0,0,0,0,0,0,0,0,0,0,0,0,0,0,0,0,0,0,
..\..\..\files\Weather\daily\Bagnacavallo.csv,4/16/2016 12:00:00 AM,24.99,5.629999,0,0,72.806076,20.965208,0,-3.8767958,5.8032045,8.563165,46.86517,1.7357471,12.056561,12,3.455755,0,0,0,0,0,0,0,0,0,0,0,0,0,0,0,0,0,0,0,0,0,0,0,0,
..\..\..\files\Weather\daily\Bagnacavallo.csv,4/17/2016 12:00:00 AM,26.82,9.889999,0,0,81.0759,26.674587,0,-0.10964298,8.355357,10.999726,57.864895,2.1431441,12.22631,12,3.833162,0,0,0,0,0,0,0,0,0,0,0,0,0,0,0,0,0,0,0,0,0,0,0,0,
..\..\..\files\Weather\daily\Bagnacavallo.csv,4/18/2016 12:00:00 AM,26.650002,12.764691,0,1,90.25644,44.566647,0,0,9.707346,11.607084,69.47198,2.5730362,13.054073,13,5.6735563,0,0,0,0,0,0,0,0,0,0,0,0,0,0,0,0,0,0,0,0,0,0,0,0,
..\..\..\files\Weather\daily\Bagnacavallo.csv,4/19/2016 12:00:00 AM,24.74,8.82012,0.079166666,1,85.494225,35.29126,0,-1.1361575,6.8237824,9.929104,79.40108,2.9407806,13.168994,13,5.929063,0,0,0,0,0,0,0,0,0,0,0,0,0,0,0,0,0,0,0,0,0,0,0,0,
..\..\..\files\Weather\daily\Bagnacavallo.csv,4/20/2016 12:00:00 AM,19.37,6.8782997,1.8208333,23,89.61231,39.966843,0,-2.7316408,3.5142097,5.830572,85.23165,3.156728,13.236478,13,6.0791025,0,0,0,0,0,0,0,0,0,0,0,0,0,0,0,0,0,0,0,0,0,0,0,0,
..\..\..\files\Weather\daily\Bagnacavallo.csv,4/21/2016 12:00:00 AM,20.39,4.5599995,0,0,81.37376,28.75129,0,-4.505269,3.4097311,4.8421197,90.07377,3.3360655,14.034017,14,7.852297,0,0,0,0,0,0,0,0,0,0,0,0,0,0,0,0,0,0,0,0,0,0,0,0,
..\..\..\files\Weather\daily\Bagnacavallo.csv,4/22/2016 12:00:00 AM,21.85,3.0499992,0,0,74.587265,21.664337,0,-5.6653595,3.734641,4.802278,94.876045,3.5139277,14.078482,14,7.9511576,0,0,0,0,0,0,0,0,0,0,0,0,0,0,0,0,0,0,0,0,0,0,0,0,
..\..\..\files\Weather\daily\Bagnacavallo.csv,4/23/2016 12:00:00 AM,23.52,9.23,0.65416664,1,85.815414,34.334305,0,-0.7492552,6.3957453,9.588793,104.464836,3.869068,14.167267,14,8.148557,0,0,0,0,0,0,0,0,0,0,0,0,0,0,0,0,0,0,0,0,0,0,0,0,
..\..\..\files\Weather\daily\Bagnacavallo.csv,4/24/2016 12:00:00 AM,21.54,9.2165985,15.991666,24,97.48715,48.524532,0,-0.75850105,5.4032,8.634729,113.09956,4.188873,22.001108,22,19.211985,1,1,0,0,0,0,1,1,0,0,0,0,0,0,0,0,1,1,0,0,0,0,1,1,
..\..\..\files\Weather\daily\Bagnacavallo.csv,4/25/2016 12:00:00 AM,13.16,6.1057105,21.754168,23,100,75.04909,0,-2.819377,0.70776784,0,113.09956,4.188873,22.001108,22,19.211985,1,0,0,0,1,0,1,0,0,0,0,0,0,0,0,0,2,1,0,0,1,0,2,1,
..\..\..\files\Weather\daily\Bagnacavallo.csv,4/26/2016 12:00:00 AM,14.59,4.2668796,0,1,90.45019,46.383648,0,-4.1411276,1.0204328,0,113.09956,4.188873,22.001108,22,19.211985,1,0,0,0,1,0,0,0,0,0,0,0,0,0,0,0,3,1,0,0,2,0,2,1,
..\..\..\files\Weather\daily\Bagnacavallo.csv,4/27/2016 12:00:00 AM,18.12,1.8899994,0,0,78.90719,26.58743,0,-6.08375,2.031251,0.017494647,113.11706,4.189521,22.00126,22,19.212185,0,0,0,0,0,0,0,0,0,0,0,0,0,0,0,0,3,1,0,0,2,0,2,1,
..\..\..\files\Weather\daily\Bagnacavallo.csv,4/28/2016 12:00:00 AM,20.62,5.4499993,0,0,83.095215,30.798542,0,-3.8676505,3.71735,5.699954,118.81701,4.40063,30.001333,30,29.738596,0,0,0,0,0,0,0,0,0,0,0,0,0,0,0,0,3,1,0,0,2,0,2,1,
..\..\..\files\Weather\daily\Bagnacavallo.csv,4/29/2016 12:00:00 AM,18.2,5.1300006,0,0,86.93504,36.632286,0,-3.9626968,2.5723035,3.4790525,122.29606,4.529484,35.000694,35,36.316704,0,0,0,0,0,0,0,0,0,0,0,0,0,0,0,0,3,1,0,0,2,0,2,1,
..\..\..\files\Weather\daily\Bagnacavallo.csv,4/30/2016 12:00:00 AM,19.6,5.925919,0.35416666,1,86.52757,35.43805,0,-3.4671614,3.369879,5.291395,127.587456,4.7254615,42.003155,42,45.530468,0,0,0,0,0,0,0,0,0,0,0,0,0,0,0,0,3,1,0,0,2,0,2,1,
..\..\..\files\Weather\daily\Bagnacavallo.csv,5/1/2016 12:00:00 AM,19.89,3.5300007,8.375,24,100,27.063297,0,-5.190632,2.9893672,3.5588803,131.14633,4.8572717,47.003117,47,52.109364,0,1,0,0,0,0,1,0,0,0,0,0,0,0,0,0,3,2,0,0,2,0,3,1,
..\..\..\files\Weather\daily\Bagnacavallo.csv,5/2/2016 12:00:00 AM,15.609999,11.35,5.6291666,24,100,81.39135,0,0,3.4799995,6.3362474,137.48257,5.0919476,53.013794,53,60.06897,0,1,0,0,0,0,1,1,0,0,0,0,0,0,0,0,3,3,0,0,2,0,4,2,
..\..\..\files\Weather\daily\Bagnacavallo.csv,5/3/2016 12:00:00 AM,18.77,10.76,8.541667,24,100,60.0287,0,0,4.7650003,7.963024,145.4456,5.386874,53.058033,53,60.290165,0,1,0,0,0,0,1,1,0,0,0,0,0,0,0,0,3,4,0,0,2,0,5,3,
..\..\..\files\Weather\daily\Bagnacavallo.csv,5/4/2016 12:00:00 AM,24.34,10.28,6.8999996,23,85.61914,35.175392,0,0,7.3099995,10.333813,155.77942,5.769608,53.11544,53,60.5772,0,1,0,1,0,1,1,1,0,0,0,0,0,0,0,0,3,5,0,1,2,1,6,4,
..\..\..\files\Weather\daily\Bagnacavallo.csv,5/5/2016 12:00:00 AM,23.86,10.49932,0,0,88.12664,38.424713,0,0,7.179661,10.238501,166.01791,6.148812,53.17232,53,60.861607,0,0,0,0,0,0,0,0,0,0,0,0,0,0,0,0,3,5,0,1,2,1,6,4,
..\..\..\files\Weather\daily\Bagnacavallo.csv,5/6/2016 12:00:00 AM,20.52,8.78,0,3,91.73315,42.979725,0,-1.1566095,4.7133904,7.829705,173.84763,6.438801,53.21582,53,61.0791,0,0,0,0,0,0,0,0,0,0,0,0,0,0,0,0,3,5,0,1,2,1,6,4,
..\..\..\files\Weather\daily\Bagnacavallo.csv,5/7/2016 12:00:00 AM,24.15,7.8099995,0,0,80.19664,28.209356,0,-2.043241,6.126759,9.230729,183.07835,6.7806797,54.013683,54,65.06842,0,0,0,0,0,0,0,0,0,0,0,0,0,0,0,0,3,5,0,1,2,1,6,4,
..\..\..\files\Weather\daily\Bagnacavallo.csv,5/8/2016 12:00:00 AM,23.23,6.700001,0,0,80.82105,27.562063,0,-2.9705982,5.294401,8.189303,191.26765,7.083987,54.05008,54,65.2504,0,0,0,0,0,0,0,0,0,0,0,0,0,0,0,0,3,5,0,1,2,1,6,4,
..\..\..\files\Weather\daily\Bagnacavallo.csv,5/9/2016 12:00:00 AM,22.79,10.66,0,2,95.447624,42.0532,0,0,6.7250004,9.88443,201.15208,7.450077,54.09401,54,65.47005,0,0,0,0,0,0,0,0,0,0,0,0,0,0,0,0,3,5,0,1,2,1,6,4,
..\..\..\files\Weather\daily\Bagnacavallo.csv,5/10/2016 12:00:00 AM,21.37,13.74,0,8,100,63.391125,0,0,7.5550003,10.505568,211.65765,7.8391724,54.1407,54,65.70351,0,0,0,0,0,0,0,0,0,0,0,0,0,0,0,0,3,5,0,1,2,1,6,4,
..\..\..\files\Weather\daily\Bagnacavallo.csv,5/11/2016 12:00:00 AM,25.1,14.54,0.125,4,100,48.72104,0,0,9.82,11.644949,223.3026,8.270466,54.192455,54,65.96228,0,0,0,0,0,0,0,0,0,0,0,0,0,0,0,0,3,5,0,1,2,1,6,4,
..\..\..\files\Weather\daily\Bagnacavallo.csv,5/12/2016 12:00:00 AM,19.59,14.94,3.1666667,24,100,82.095535,0,0,7.2649994,10.301216,233.60382,8.651994,55.031864,55,70.15932,0,0,0,1,0,0,0,1,0,0,0,0,0,0,0,0,3,5,0,2,2,1,6,5,
..\..\..\files\Weather\daily\Bagnacavallo.csv,5/13/2016 12:00:00 AM,23.78,14.306155,6.779166,24,98.08966,55.38606,0,0,9.043077,11.344183,244.948,9.072148,55.073883,55,70.369415,0,1,1,1,0,1,1,1,0,0,0,0,0,0,0,0,3,6,1,3,2,2,7,6,
..\..\..\files\Weather\daily\Bagnacavallo.csv,5/14/2016 12:00:00 AM,20.52,13.240001,1.9458333,24,100,65.15597,0,0,6.880001,10.008924,254.95692,9.442849,55.11095,55,70.55475,0,0,0,1,0,0,1,1,0,0,0,0,0,0,0,0,3,6,1,4,2,2,8,7,
..\..\..\files\Weather\daily\Bagnacavallo.csv,5/15/2016 12:00:00 AM,24.3,12.938182,7.458333,24,92.92579,46.378025,0,0,8.619091,11.140676,266.0976,9.855466,55.152214,55,70.76107,0,1,1,1,0,0,1,1,0,0,0,0,0,0,0,0,3,7,2,5,2,2,9,8,
..\..\..\files\Weather\daily\Bagnacavallo.csv,5/16/2016 12:00:00 AM,21.67,11.14793,4.025,23,95.828804,49.986168,0,0,6.408966,9.618371,275.71597,10.211702,56.018147,56,75.09073,0,0,0,1,0,0,1,1,0,0,0,0,0,0,0,0,3,7,2,6,2,2,10,9,
..\..\..\files\Weather\daily\Bagnacavallo.csv,5/17/2016 12:00:00 AM,19.82,9.66,0,5,95.55501,49.606915,0,-0.334311,4.745689,7.934242,283.6502,10.505563,56.043335,56,75.216675,0,0,0,0,0,0,0,0,0,0,0,0,0,0,0,0,3,7,2,6,2,2,10,9,
..\..\..\files\Weather\daily\Bagnacavallo.csv,5/18/2016 12:00:00 AM,21.71,7.92,0,0,86.77617,35.650436,0,-1.9231324,4.971867,8.020256,291.67047,10.80261,56.068794,56,75.34397,0,0,0,0,0,0,0,0,0,0,0,0,0,0,0,0,3,7,2,6,2,2,10,9,
..\..\..\files\Weather\daily\Bagnacavallo.csv,5/19/2016 12:00:00 AM,24.05,6.74,0.18333334,1,77.92638,25.628658,0,-2.9530215,5.701978,8.652105,300.32257,11.123058,56.096264,56,75.48132,0,0,0,0,0,0,0,0,0,0,0,0,0,0,0,0,3,7,2,6,2,2,10,9,
..\..\..\files\Weather\daily\Bagnacavallo.csv,5/20/2016 12:00:00 AM,23.83,10.36,4.2166667,23,87.27431,37.168182,0,0,7.0949993,10.1751175,310.49768,11.499914,56.128563,56,75.642815,0,0,0,1,0,0,0,1,0,0,0,0,0,0,0,0,3,7,2,7,2,2,10,10,
..\..\..\files\Weather\daily\Bagnacavallo.csv,5/21/2016 12:00:00 AM,23.86,10.77,0,0,88.20077,38.533905,0,0,7.3150005,10.337416,320.83508,11.88278,57.01621,57,80.08104,0,0,0,0,0,0,0,0,0,0,0,0,0,0,0,0,3,7,2,7,2,2,10,10,
..\..\..\files\Weather\daily\Bagnacavallo.csv,5/22/2016 12:00:00 AM,27.079998,9.339999,0,0,75.149605,24.640463,0,-0.64772415,8.222276,10.917679,331.75275,12.287138,57.046535,57,80.23268,0,0,0,0,0,0,0,0,0,0,0,0,0,0,0,0,3,7,2,7,2,2,10,10,
..\..\..\files\Weather\daily\Bagnacavallo.csv,5/23/2016 12:00:00 AM,27.04,8.57,0.09583333,1,80.50042,22.94345,0,-1.3746428,7.8603578,10.670914,342.42365,12.682358,57.076176,57,80.380875,0,0,0,0,0,0,0,0,0,0,0,0,0,0,0,0,3,7,2,7,2,2,10,10,
..\..\..\files\Weather\daily\Bagnacavallo.csv,5/24/2016 12:00:00 AM,23.49,11.29,2.2041667,23,90.54466,41.87048,0,0,7.3899994,10.390957,352.8146,13.067208,57.10504,57,80.52521,0,0,0,1,0,0,0,1,0,0,0,0,0,0,0,0,3,7,2,8,2,2,10,11,
..\..\..\files\Weather\daily\Bagnacavallo.csv,5/25/2016 12:00:00 AM,24.620003,10.070001,0,0,84.29649,33.58157,0,0,7.345001,10.358942,363.17355,13.450872,58.007835,58,85.03918,0,0,0,0,0,0,0,0,0,0,0,0,0,0,0,0,3,7,2,8,2,2,10,11,
..\..\..\files\Weather\daily\Bagnacavallo.csv,5/26/2016 12:00:00 AM,26.5,8.52,0,0,75.06488,24.094963,0,-1.4190874,7.5709124,10.474745,373.6483,13.838824,58.0337,58,85.168495,0,0,0,0,0,0,0,0,0,0,0,0,0,0,0,0,3,7,2,8,2,2,10,11,
..\..\..\files\Weather\daily\Bagnacavallo.csv,5/27/2016 12:00:00 AM,28.15,10.76,0,0,74.93236,25.380539,0,0,9.455,11.515212,385.16348,14.265314,58.062134,58,85.31067,0,0,0,0,0,0,0,0,1,0,0,0,0,0,1,0,3,7,2,8,2,2,10,11,
..\..\..\files\Weather\daily\Bagnacavallo.csv,5/28/2016 12:00:00 AM,27.03,11.030001,0,0,79.17442,29.151096,0,0,9.030001,11.338324,396.5018,14.685252,58.09013,58,85.45065,0,0,0,0,0,0,0,0,1,1,0,0,1,0,1,1,3,7,2,8,2,2,10,11,
..\..\..\files\Weather\daily\Bagnacavallo.csv,5/29/2016 12:00:00 AM,29.89,12.849999,0.22916667,1,94.7464,25.901451,0,0,11.369999,11.970564,408.47235,15.128605,59.007717,59,90.03859,0,0,0,1,0,0,0,0,0,1,0,0,0,0,1,1,3,7,2,9,2,2,10,11,
..\..\..\files\Weather\daily\Bagnacavallo.csv,5/30/2016 12:00:00 AM,23.63,15.890001,5.2708335,23,100,62.994774,0,0,9.76,11.625025,420.09738,15.559162,59.03355,59,90.167755,0,1,1,1,0,0,1,1,0,1,0,1,0,0,0,1,3,8,3,10,2,2,11,12,
..\..\..\files\Weather\daily\Bagnacavallo.csv,5/31/2016 12:00:00 AM,25.23,14.080549,0,3,92.891785,47.259777,0,0,9.655273,11.588926,431.6863,15.988381,59.059303,59,90.29652,0,0,0,0,0,0,0,0,0,0,0,0,0,0,0,0,3,8,3,10,2,2,11,12,
..\..\..\files\Weather\daily\Bagnacavallo.csv,6/1/2016 12:00:00 AM,26.09,12.02,0,0,84.500946,35.109917,0,0,9.055,11.349501,443.0358,16.408733,59.084522,59,90.42261,0,0,0,0,0,0,0,0,0,0,0,0,0,0,0,0,3,8,3,10,2,2,11,12,
..\..\..\files\Weather\daily\Bagnacavallo.csv,6/2/2016 12:00:00 AM,25.34,12.55,0,0,88.14314,39.64673,0,0,8.945,11.299591,454.3354,16.827236,60.00876,60,95.04379,0,0,0,0,0,0,0,0,0,0,0,0,0,0,0,0,3,8,3,10,2,2,11,12,
..\..\..\files\Weather\daily\Bagnacavallo.csv,6/3/2016 12:00:00 AM,25.14,14.610001,0,3,93.85095,48.84936,0,0,9.875,11.66273,465.9981,17.25919,60.03232,60,95.16159,0,0,0,0,0,0,0,0,0,0,0,0,0,0,0,0,3,8,3,10,2,2,11,12,
..\..\..\files\Weather\daily\Bagnacavallo.csv,6/4/2016 12:00:00 AM,25.440002,14.000001,0,3,91.37817,44.91241,0,0,9.720001,11.611435,477.60956,17.689243,60.05578,60,95.27889,0,0,0,0,0,0,0,0,0,0,0,1,0,0,0,1,3,8,3,10,2,2,11,12,
..\..\..\files\Weather\daily\Bagnacavallo.csv,6/5/2016 12:00:00 AM,26.91,12.720001,0.09166667,1,83.50757,34.615986,0,0,9.815001,11.643309,489.25287,18.120476,60.0793,60,95.3965,0,0,0,0,0,0,0,0,0,1,1,1,0,0,1,1,3,8,3,10,2,2,11,12,
..\..\..\files\Weather\daily\Bagnacavallo.csv,6/6/2016 12:00:00 AM,27.24,15.54,2.1083333,23,89.09353,43.48685,0,0,11.389999,11.9724045,501.22528,18.5639,61.011528,61,100,0,0,0,0,0,0,0,1,0,0,0,1,0,0,1,1,3,8,3,10,2,2,11,13,
..\..\..\files\Weather\daily\Bagnacavallo.csv,6/7/2016 12:00:00 AM,25.77,14.8,0,3,92.27463,46.83491,0,0,10.285,11.780759,513.00604,19.000223,61.033344,61,100,0,0,0,0,0,0,0,0,0,1,1,0,0,0,1,1,3,8,3,10,2,2,11,13,
..\..\..\files\Weather\daily\Bagnacavallo.csv,6/8/2016 12:00:00 AM,29.48,13.649999,0.10833333,1,76.86809,29.153685,0,0,11.564999,11.985978,524.992,19.444149,61.055542,61,100,0,0,0,0,0,0,0,0,0,0,0,0,0,0,0,0,3,8,3,10,2,2,11,13,
..\..\..\files\Weather\daily\Bagnacavallo.csv,6/9/2016 12:00:00 AM,29.969997,12.229999,3.475,24,100,24.209587,0,0,11.099998,11.939852,536.9319,19.886366,61.077652,61,100,0,0,0,1,0,0,0,1,0,0,0,0,0,0,0,1,3,8,3,11,2,2,11,14,
..\..\..\files\Weather\daily\Bagnacavallo.csv,6/10/2016 12:00:00 AM,21.5,16.25,23.158333,24,100,78.47505,0,0,8.875,11.266853,548.1987,20.303656,71.01223,71,89.90828,1,1,1,1,0,0,1,1,0,0,0,0,0,0,0,0,4,9,4,12,2,2,12,15,
..\..\..\files\Weather\daily\Bagnacavallo.csv,6/11/2016 12:00:00 AM,25.68,15.84,12.458334,23,95.14492,51.902847,0,0,10.76,11.885643,560.08435,20.743864,71.02995,71,89.77535,1,1,1,1,1,0,1,1,0,0,0,0,0,0,0,0,5,10,5,13,3,2,13,16,
..\..\..\files\Weather\daily\Bagnacavallo.csv,6/12/2016 12:00:00 AM,27.67,14.31,0.23333333,1,84.686646,37.238403,0,0,10.99,11.924211,572.00854,21.185501,71.04774,71,89.64197,1,0,0,1,1,0,0,0,0,0,0,1,0,0,0,1,6,10,5,14,4,2,13,16,
..\..\..\files\Weather\daily\Bagnacavallo.csv,6/13/2016 12:00:00 AM,25.37,14.33,5.366667,23,92.417404,46.59832,0,0,9.85,11.654705,583.66327,21.617157,71.06512,71,89.51163,0,1,1,1,0,0,1,1,0,0,0,0,0,0,0,0,6,11,6,15,4,2,14,17,
..\..\..\files\Weather\daily\Bagnacavallo.csv,6/14/2016 12:00:00 AM,27.87,14.15,0.32500002,1,83.62262,35.968952,0,0,11.01,11.927191,595.59045,22.058907,71.08291,71,89.37819,0,0,0,1,0,0,0,0,0,0,0,0,0,0,0,0,6,11,6,16,4,2,14,17,
..\..\..\files\Weather\daily\Bagnacavallo.csv,6/15/2016 12:00:00 AM,25.629997,13.819999,7.4750004,23,90.3249,43.38671,0,0,9.724998,11.613146,607.2036,22.489023,71.10023,71,89.24829,0,1,1,1,0,1,0,1,0,0,0,0,0,0,0,0,6,12,7,17,4,3,14,18,
..\..\..\files\Weather\daily\Bagnacavallo.csv,6/16/2016 12:00:00 AM,27.13,15.370001,0,0,89.06736,43.280968,0,0,11.25,11.958258,619.16187,22.931921,71.118065,71,89.11452,0,0,0,0,0,0,0,0,0,0,0,1,0,0,0,0,6,12,7,17,4,3,14,18,
..\..\..\files\Weather\daily\Bagnacavallo.csv,6/17/2016 12:00:00 AM,28.560001,14.706407,0,0,87.37254,42.79033,0,0,11.6332035,11.990034,631.1519,23.375998,71.13595,71,88.98039,0,0,0,0,0,0,0,0,0,1,1,0,0,0,1,1,6,12,7,17,4,3,14,18,
..\..\..\files\Weather\daily\Bagnacavallo.csv,6/18/2016 12:00:00 AM,26.75,12.64,0,0,83.84406,34.900528,0,0,9.695,11.602818,642.75476,23.80573,71.15325,71,88.85062,0,0,0,0,0,0,0,0,0,0,0,0,0,0,0,0,6,12,7,17,4,3,14,18,
..\..\..\files\Weather\daily\Bagnacavallo.csv,6/19/2016 12:00:00 AM,27.56,10.539999,0.25416666,1,99.7141,26.377392,0,0,9.049999,11.347273,654.10205,24.226002,71.17017,71,88.723694,0,0,0,0,0,0,0,0,0,0,0,0,0,0,0,0,6,12,7,17,4,3,14,18,
..\..\..\files\Weather\daily\Bagnacavallo.csv,6/20/2016 12:00:00 AM,22.09,15.700001,5.8458333,23,100,71.01289,0,0,8.895,11.276285,665.37836,24.643642,71.18699,71,88.59758,0,1,1,1,0,1,1,1,0,0,0,0,0,0,0,0,6,13,8,18,4,4,15,19,
..\..\..\files\Weather\daily\Bagnacavallo.csv,6/21/2016 12:00:00 AM,26.809998,13.819999,0,0,86.44729,38.728077,0,0,10.314999,11.788393,677.16675,25.080248,72.00832,72,82.43758,0,0,0,0,0,0,0,0,0,0,0,0,0,0,0,0,6,13,8,18,4,4,15,19,
..\..\..\files\Weather\daily\Bagnacavallo.csv,6/22/2016 12:00:00 AM,29.31,12.309999,0,0,74.49117,26.136887,0,0,10.809999,11.894705,689.06146,25.520796,72.02317,72,82.32622,0,0,0,0,0,0,0,0,0,0,0,0,0,0,0,0,6,13,8,18,4,4,15,19,
..\..\..\files\Weather\daily\Bagnacavallo.csv,6/23/2016 12:00:00 AM,30.47,5.3791146,0,0,74.43051,27.530533,0,-4.195381,8.350061,10.746465,699.8079,25.918812,72.03659,72,82.22557,0,0,0,0,0,0,0,0,0,0,0,0,0,0,0,0,6,13,8,18,4,4,15,19,
..\..\..\files\Weather\daily\Bagnacavallo.csv,6/24/2016 12:00:00 AM,33,0.6399994,0,0,58.605408,5.189437,0,-8.00633,8.173671,9.961198,709.7691,26.287743,72.04903,72,82.1323,0,0,0,0,0,0,0,0,0,0,0,0,0,0,0,0,6,13,8,18,4,4,15,19,
..\..\..\files\Weather\daily\Bagnacavallo.csv,6/25/2016 12:00:00 AM,34.88,18.89,0,0,67.74666,26.44318,0,0,16.885,10.266846,720.03595,26.667997,72.061844,72,82.03617,0,0,0,0,0,0,0,0,0,0,0,0,0,0,0,1,6,13,8,18,4,4,15,19,
..\..\..\files\Weather\daily\Bagnacavallo.csv,6/26/2016 12:00:00 AM,35.89,20.260002,0,0,66.47852,26.720804,0,0,18.075,9.329757,729.3657,27.013546,72.073494,72,81.94879,0,0,0,0,0,0,0,0,0,0,0,0,0,0,0,0,6,13,8,18,4,4,15,19,
..\..\..\files\Weather\daily\Bagnacavallo.csv,6/27/2016 12:00:00 AM,34.12,17.36851,0,0,70.36327,28.34666,0,0,15.744255,10.977862,740.34357,27.420134,72.0872,72,81.84602,0,0,0,0,0,0,0,0,0,0,0,0,0,0,0,0,6,13,8,18,4,4,15,19,
..\..\..\files\Weather\daily\Bagnacavallo.csv,6/28/2016 12:00:00 AM,30.59,15.100001,0,0,76.08931,29.738697,0,0,12.845001,11.947372,752.29095,27.862629,72.10211,72,81.73416,0,0,0,0,0,0,0,0,1,0,0,1,0,0,1,1,6,13,8,18,4,4,15,19,
..\..\..\files\Weather\daily\Bagnacavallo.csv,6/29/2016 12:00:00 AM,30.36,16.2,0,0,79.36247,33.72298,0,0,13.280001,11.879452,764.1704,28.302607,72.11694,72,81.622925,0,0,0,0,0,0,0,0,1,1,1,0,1,0,1,1,6,13,8,18,4,4,15,19,
..\..\..\files\Weather\daily\Bagnacavallo.csv,6/30/2016 12:00:00 AM,31.93,15,0,0,70.97328,25.537613,0,0,13.465,11.842204,776.01263,28.741207,72.13173,72,81.51203,0,0,0,0,0,0,0,0,1,1,1,0,1,0,1,1,6,13,8,18,4,4,15,19,
..\..\..\files\Weather\daily\Bagnacavallo.csv,7/1/2016 12:00:00 AM,34.66,18.47,0,0,67.915825,26.081158,0,0,16.564999,10.484873,786.4975,29.129538,72.14481,72,81.413895,0,0,0,0,0,0,0,0,0,0,0,0,0,0,0,0,6,13,8,18,4,4,15,19,
..\..\..\files\Weather\daily\Bagnacavallo.csv,7/2/2016 12:00:00 AM,32.89,19.440002,0,0,76.69622,34.620647,0,0,16.165,10.737062,797.23456,29.527205,72.15822,72,81.31336,0,0,0,0,0,0,0,0,0,1,1,0,0,0,1,1,6,13,8,18,4,4,15,19,
..\..\..\files\Weather\daily\Bagnacavallo.csv,7/3/2016 12:00:00 AM,35.41,18.34,0,0,68.507576,23.66814,0,0,16.875,10.273877,807.5084,29.907719,73.00699,73,74.947586,0,0,0,0,0,0,0,0,0,0,0,0,0,0,0,0,6,13,8,18,4,4,15,19,
..\..\..\files\Weather\daily\Bagnacavallo.csv,7/4/2016 12:00:00 AM,33.21,20.132042,0,0,77.01468,35.77075,0,0,16.67102,10.414238,817.92267,30.293432,77.00748,77,39.962616,0,0,0,0,0,0,0,0,0,1,1,0,0,0,0,1,6,13,8,18,4,4,15,19,
..\..\..\files\Weather\daily\Bagnacavallo.csv,7/5/2016 12:00:00 AM,30.46,18.36,0,0,83.83314,40.6033,0,0,14.41,11.574507,829.4972,30.722118,77.018394,77,39.908028,0,0,0,0,0,0,0,0,0,0,0,0,0,0,0,0,6,13,8,18,4,4,15,19,
..\..\..\files\Weather\daily\Bagnacavallo.csv,7/6/2016 12:00:00 AM,33.39,16.27,0,0,68.51152,24.511518,0,0,14.83,11.414185,840.9114,31.144867,77.02917,77,39.854164,0,0,0,0,0,0,0,0,0,0,0,0,0,0,0,0,6,13,8,18,4,4,15,19,
..\..\..\files\Weather\daily\Bagnacavallo.csv,7/7/2016 12:00:00 AM,33.16,20.11,0,0,77.045265,35.70836,0,0,16.635,10.438414,851.3498,31.531473,77.03902,77,39.804916,0,0,0,0,0,0,0,0,0,0,0,0,0,0,0,0,6,13,8,18,4,4,15,19,
..\..\..\files\Weather\daily\Bagnacavallo.csv,7/8/2016 12:00:00 AM,32.7,18.69,0,0,75.848854,33.02463,0,0,15.695,11.004407,862.3542,31.939045,77.0494,77,39.753,0,0,0,0,0,0,0,0,0,0,0,0,0,0,0,0,6,13,8,18,4,4,15,19,
..\..\..\files\Weather\daily\Bagnacavallo.csv,7/9/2016 12:00:00 AM,32.4,18.91,0,0,77.495,34.79194,0,0,15.655001,11.02571,873.3799,32.3474,77.05981,77,39.700966,0,0,0,0,0,0,0,0,0,1,1,1,0,0,1,1,6,13,8,18,4,4,15,19,
..\..\..\files\Weather\daily\Bagnacavallo.csv,7/10/2016 12:00:00 AM,35.09,18.2,0,0,65.5809,24.231853,0,0,16.645,10.43172,883.8116,32.73376,77.06965,77,39.651756,0,0,0,0,0,0,0,0,0,0,0,0,0,0,0,0,6,13,8,18,4,4,15,19,
..\..\..\files\Weather\daily\Bagnacavallo.csv,7/11/2016 12:00:00 AM,34.93,20.34,0,0,70.4412,30.002731,0,0,17.635,9.699375,893.511,33.093,77.078804,77,39.60598,0,0,0,0,0,0,0,0,0,0,0,0,0,0,0,0,6,13,8,18,4,4,15,19,
..\..\..\files\Weather\daily\Bagnacavallo.csv,7/12/2016 12:00:00 AM,35.93,20.38,0,0,66.55337,26.89068,0,0,18.154999,9.259647,902.7706,33.43595,77.08754,77,39.5623,0,0,0,0,0,0,0,0,0,0,0,0,0,0,0,0,6,13,8,18,4,4,15,19,
..\..\..\files\Weather\daily\Bagnacavallo.csv,7/13/2016 12:00:00 AM,37.26,19.71,0,0,64.766174,21.670547,0,0,18.484999,8.961008,911.7316,33.767838,77.09599,77,39.520035,0,0,0,0,0,0,0,0,0,0,0,0,0,0,0,0,6,13,8,18,4,4,15,19,
..\..\..\files\Weather\daily\Bagnacavallo.csv,7/14/2016 12:00:00 AM,32.51,17.579866,0,0,77.3692,30.49582,0,0,15.044933,11.32235,923.05396,34.187183,77.10668,77,39.46659,0,0,0,0,0,0,0,0,0,0,0,0,0,0,0,0,6,13,8,18,4,4,15,19,
..\..\..\files\Weather\daily\Bagnacavallo.csv,7/15/2016 12:00:00 AM,28.07,15.78,0.15833333,1,91.8549,40.958904,0,0,11.924999,11.999583,935.0535,34.631615,77.118004,77,39.40998,0,0,0,0,0,0,0,0,0,0,0,0,0,0,0,0,6,13,8,18,4,4,15,19,
..\..\..\files\Weather\daily\Bagnacavallo.csv,7/16/2016 12:00:00 AM,23.75,15.150001,3.6416667,23,99.56282,58.3134,0,0,9.450001,11.513293,946.56683,35.05803,77.12887,77,39.35566,0,0,0,0,0,0,0,1,0,0,0,0,0,0,0,0,6,13,8,18,4,4,15,20,
..\..\..\files\Weather\daily\Bagnacavallo.csv,7/17/2016 12:00:00 AM,28.08,13.26,0,0,80.84,32.417458,0,0,10.67,11.868385,958.43524,35.497604,77.14007,77,39.29966,0,0,0,0,0,0,0,0,0,0,0,0,0,0,0,0,6,13,8,18,4,4,15,20,
..\..\..\files\Weather\daily\Bagnacavallo.csv,7/18/2016 12:00:00 AM,32.93,12.439999,0,0,62.19849,17.909105,0,0,12.684999,11.965392,970.40063,35.94076,77.15136,77,39.243202,0,0,0,0,0,0,0,0,0,0,0,0,0,0,0,0,6,13,8,18,4,4,15,20,
..\..\..\files\Weather\daily\Bagnacavallo.csv,7/19/2016 12:00:00 AM,35.59,15.130001,0,0,57.906704,17.124746,0,0,15.360001,11.175783,981.5764,36.354683,77.1619,77,39.190483,0,0,0,0,0,0,0,0,0,0,0,0,0,0,0,0,6,13,8,18,4,4,15,20,
..\..\..\files\Weather\daily\Bagnacavallo.csv,7/20/2016 12:00:00 AM,34.15,16.330002,0,0,65.46381,22.642092,0,0,15.240002,11.233277,992.8097,36.77073,77.1725,77,39.137497,0,0,0,0,0,0,0,0,0,0,0,0,0,0,0,0,6,13,8,18,4,4,15,20,
..\..\..\files\Weather\daily\Bagnacavallo.csv,7/21/2016 12:00:00 AM,35.85,17.440002,0,0,61.25079,20.68807,0,0,16.645,10.43172,1003.2414,37.15709,77.18234,77,39.088287,0,0,0,0,0,0,0,0,0,0,0,0,0,0,0,0,6,13,8,18,4,4,15,20,
..\..\..\files\Weather\daily\Bagnacavallo.csv,7/22/2016 12:00:00 AM,35.45,18.280003,0,0,64.359566,23.429459,0,0,16.865002,10.280894,1013.5223,37.53786,77.19205,77,39.039764,0,0,0,0,0,0,0,0,0,0,0,0,0,0,0,0,6,13,8,18,4,4,15,20,
..\..\..\files\Weather\daily\Bagnacavallo.csv,7/23/2016 12:00:00 AM,36,17.96,0,0,77.69137,21.344963,0,0,16.98,10.19934,1023.7216,37.915615,77.201675,77,38.991623,0,0,0,0,0,0,0,0,0,0,0,0,0,0,0,0,6,13,8,18,4,4,15,20,
..\..\..\files\Weather\daily\Bagnacavallo.csv,7/24/2016 12:00:00 AM,29.95,18.54,0.025,1,91.159386,43.478664,0,0,14.245001,11.6305485,1035.3522,38.34638,77.21265,77,38.936768,0,0,0,0,0,0,0,0,0,0,0,0,0,0,0,0,6,13,8,18,4,4,15,20,
..\..\..\files\Weather\daily\Bagnacavallo.csv,7/25/2016 12:00:00 AM,27.380001,19.410002,0.575,23,97.99271,60.57198,0,0,13.395,11.856883,1047.2091,38.785522,77.22383,77,38.880844,0,0,0,0,0,0,0,1,0,0,0,0,0,0,0,0,6,13,8,18,4,4,15,21,
..\..\..\files\Weather\daily\Bagnacavallo.csv,7/26/2016 12:00:00 AM,32.22,17.52,0,0,75.216255,31.263096,0,0,14.870001,11.397596,1058.6067,39.207657,77.23459,77,38.827057,0,0,0,0,0,0,0,0,0,0,0,0,0,0,0,0,6,13,8,18,4,4,15,21,
..\..\..\files\Weather\daily\Bagnacavallo.csv,7/27/2016 12:00:00 AM,33.84,18.560001,0,0,71.127525,28.815716,0,0,16.2,10.7159,1069.3226,39.60454,78.00731,78,34.963455,0,0,0,0,0,0,0,0,0,0,0,0,0,0,0,0,6,13,8,18,4,4,15,21,
..\..\..\files\Weather\daily\Bagnacavallo.csv,7/28/2016 12:00:00 AM,33.41,18.86,0,0,73.42599,31.048113,0,0,16.135,10.755064,1080.0776,40.002876,78.015526,78,34.92237,0,0,0,0,0,0,0,0,0,0,0,0,0,0,0,0,6,13,8,18,4,4,15,21,
..\..\..\files\Weather\daily\Bagnacavallo.csv,7/29/2016 12:00:00 AM,31.79,18.870003,0,0,79.80074,36.992302,0,0,15.330002,11.190349,1091.268,40.41733,78.02407,78,34.879646,0,0,0,0,0,0,0,0,0,0,0,0,0,0,0,0,6,13,8,18,4,4,15,21,
..\..\..\files\Weather\daily\Bagnacavallo.csv,7/30/2016 12:00:00 AM,33.35,17.85,0,0,71.56556,28.499746,0,0,15.599998,11.05463,1102.3226,40.826763,78.03251,78,34.837456,0,0,0,0,0,0,0,0,0,0,0,0,0,0,0,0,6,13,8,18,4,4,15,21,
..\..\..\files\Weather\daily\Bagnacavallo.csv,7/31/2016 12:00:00 AM,35.68,17.71,0,0,62.39806,21.639309,0,0,16.695,10.398041,1112.7207,41.21188,78.04045,78,34.797745,0,0,0,0,0,0,0,0,0,0,0,0,0,0,0,0,6,13,8,18,4,4,15,21,
..\..\..\files\Weather\daily\Bagnacavallo.csv,8/1/2016 12:00:00 AM,36.26,18.920002,0,0,78.89711,22.643795,0,0,17.59,9.73565,1122.4563,41.572456,78.04788,78,34.76059,0,0,0,0,0,0,0,0,0,0,0,0,0,0,0,0,6,13,8,18,4,4,15,21,
..\..\..\files\Weather\daily\Bagnacavallo.csv,8/2/2016 12:00:00 AM,30.09,19.170002,0,0,87.1126,45.33458,0,0,14.630001,11.4936905,1133.95,41.998146,78.05666,78,34.716682,0,0,0,0,0,0,0,0,0,0,0,0,0,0,0,0,6,13,8,18,4,4,15,21,
..\..\..\files\Weather\daily\Bagnacavallo.csv,8/3/2016 12:00:00 AM,31.510002,17.500002,0,0,77.8919,33.66156,0,0,14.505001,11.540463,1145.4904,42.42557,78.065475,78,34.672623,0,0,0,0,0,0,0,0,0,0,0,0,0,0,0,0,6,13,8,18,4,4,15,21,
..\..\..\files\Weather\daily\Bagnacavallo.csv,8/4/2016 12:00:00 AM,32.8,16.44,0,0,70.74384,26.575115,0,0,14.619999,11.497516,1156.9879,42.851402,78.07426,78,34.628716,0,0,0,0,0,0,0,0,0,0,0,0,0,0,0,1,6,13,8,18,4,4,15,21,
..\..\..\files\Weather\daily\Bagnacavallo.csv,8/5/2016 12:00:00 AM,34.54,17.66,0,0,81.29612,24.530771,0,0,16.1,10.775904,1167.7638,43.25051,78.08248,78,34.587593,0,0,0,0,0,0,0,0,0,0,0,0,0,0,0,0,6,13,8,18,4,4,15,21,
..\..\..\files\Weather\daily\Bagnacavallo.csv,8/6/2016 12:00:00 AM,29.170002,18.501703,0.18333334,1,89.46362,47.552917,0,0,13.835854,11.752558,1179.5164,43.68579,78.09146,78,34.542694,0,0,0,0,0,0,0,0,0,0,0,0,0,0,0,0,6,13,8,18,4,4,15,21,
..\..\..\files\Weather\daily\Bagnacavallo.csv,8/7/2016 12:00:00 AM,28.07,16.86,4.2166667,23,89.29701,45.168736,0,0,12.465,11.984038,1191.5004,44.129642,78.10061,78,34.496956,0,0,0,0,0,0,0,1,0,0,0,0,0,0,0,0,6,13,8,18,4,4,15,22,
..\..\..\files\Weather\daily\Bagnacavallo.csv,8/8/2016 12:00:00 AM,29.87,15.95,0,0,80.6128,34.673462,0,0,12.91,11.938982,1203.4393,44.571827,78.109726,78,34.45137,0,0,0,0,0,0,0,0,0,0,0,0,0,0,0,0,6,13,8,18,4,4,15,22,
..\..\..\files\Weather\daily\Bagnacavallo.csv,8/9/2016 12:00:00 AM,30.32,14.59,0,0,75.95197,29.172655,0,0,12.455,11.984717,1215.4241,45.01571,78.11888,78,34.405594,0,0,0,0,0,0,0,0,0,0,0,0,0,0,0,0,6,13,8,18,4,4,15,22,
..\..\..\files\Weather\daily\Bagnacavallo.csv,8/10/2016 12:00:00 AM,33.53,14.310001,0,1,90.91775,20.050394,0,0,13.92,11.729441,1227.1536,45.450134,78.12784,78,34.36081,0,0,0,0,0,0,0,0,0,0,0,0,0,0,0,0,6,13,8,18,4,4,15,22,
..\..\..\files\Weather\daily\Bagnacavallo.csv,8/11/2016 12:00:00 AM,25.49,15.154054,0.7583334,7,98.43089,58.096855,0,0,10.322027,11.790161,1238.9437,45.886806,78.13684,78,34.315796,0,0,0,0,0,0,0,0,0,0,0,0,0,0,0,0,6,13,8,18,4,4,15,22,
..\..\..\files\Weather\daily\Bagnacavallo.csv,8/12/2016 12:00:00 AM,25.96,13.3,17.441668,23,87.99358,40.068687,0,0,9.629999,11.579964,1250.5237,46.31569,78.14568,78,34.271584,1,1,1,0,0,0,1,1,0,0,0,0,0,0,0,1,7,14,9,18,4,4,16,23,
..\..\..\files\Weather\daily\Bagnacavallo.csv,8/13/2016 12:00:00 AM,27.21,11.580001,0,0,79.8645,30.176268,0,0,9.395,11.49193,1262.0156,46.741318,78.15446,78,34.227715,1,0,0,0,0,0,0,0,0,0,0,0,0,0,0,0,8,14,9,18,4,4,16,23,
..\..\..\files\Weather\daily\Bagnacavallo.csv,8/14/2016 12:00:00 AM,29.39,11.880001,0,0,73.273926,24.876837,0,0,10.635,11.861345,1273.877,47.18063,78.16352,78,34.182396,0,0,0,0,0,0,0,0,0,0,0,0,0,0,0,0,8,14,9,18,4,4,16,23,
..\..\..\files\Weather\daily\Bagnacavallo.csv,8/15/2016 12:00:00 AM,32.68,13.220001,0,0,64.623184,19.859617,0,0,12.950001,11.933511,1285.8104,47.62261,78.17263,78,34.13685,0,0,0,0,0,0,0,0,0,0,0,0,0,0,0,0,8,14,9,18,4,4,16,23,
..\..\..\files\Weather\daily\Bagnacavallo.csv,8/16/2016 12:00:00 AM,33.51,14.310001,0,0,63.82482,20.095533,0,0,13.91,11.732243,1297.5427,48.05714,78.18159,78,34.092064,0,0,0,0,0,0,0,0,0,0,0,0,0,0,0,0,8,14,9,18,4,4,16,23,
..\..\..\files\Weather\daily\Bagnacavallo.csv,8/17/2016 12:00:00 AM,33.84,17.11,0.22083335,1,68.1844,25.213036,0,0,15.475,11.118755,1308.6615,48.468945,78.19008,78,34.049606,0,0,0,0,0,0,0,0,0,0,0,0,0,0,0,0,8,14,9,18,4,4,16,23,
..\..\..\files\Weather\daily\Bagnacavallo.csv,8/18/2016 12:00:00 AM,33.35,18.07,5.129167,24,72.53654,29.080456,0,0,15.709999,10.996361,1319.6578,48.876217,79.006516,79,29.967422,0,1,1,0,0,0,1,1,0,0,0,0,0,0,0,0,8,15,10,18,4,4,17,24,
..\..\..\files\Weather\daily\Bagnacavallo.csv,8/19/2016 12:00:00 AM,30.529999,17.54,1.15,23,81.71782,37.43854,0,0,14.035,11.696194,1331.354,49.30941,79.014015,79,29.929924,0,0,0,0,0,0,0,1,0,0,0,0,0,0,0,0,8,15,10,18,4,4,17,25,
..\..\..\files\Weather\daily\Bagnacavallo.csv,8/20/2016 12:00:00 AM,30.75,20.07,0,0,86.583015,45.882095,0,0,15.41,11.151221,1342.5052,49.722416,79.021164,79,29.89418,0,0,0,0,0,0,0,0,0,0,0,0,0,0,0,0,8,15,10,18,4,4,17,25,
..\..\..\files\Weather\daily\Bagnacavallo.csv,8/21/2016 12:00:00 AM,32.14,19,0.22083335,1,78.710724,36.062634,0,0,15.57,11.070223,1353.5754,50.132423,79.02827,79,29.858665,0,0,0,0,0,0,0,0,0,0,0,0,0,0,0,0,8,15,10,18,4,4,17,25,
..\..\..\files\Weather\daily\Bagnacavallo.csv,8/22/2016 12:00:00 AM,30.309998,16.24339,5.079167,23,86.440346,44.642624,0,0,13.276693,11.880073,1365.4556,50.57243,79.03589,79,29.820557,0,1,1,1,0,0,0,1,0,0,0,0,0,0,0,0,8,16,11,19,4,4,17,26,
..\..\..\files\Weather\daily\Bagnacavallo.csv,8/23/2016 12:00:00 AM,27.57,14.3,0,0,85.00722,37.574207,0,0,10.934999,11.91571,1377.3713,51.013756,79.043526,79,29.782372,0,0,0,0,0,0,0,0,0,0,0,0,0,0,0,0,8,16,11,19,4,4,17,26,
..\..\..\files\Weather\daily\Bagnacavallo.csv,8/24/2016 12:00:00 AM,28.86,13.02,0,0,77.61779,29.28378,0,0,10.940001,11.916503,1389.2878,51.455105,79.05117,79,29.744148,0,0,0,0,0,0,0,0,0,0,0,0,0,0,0,0,8,16,11,19,4,4,17,26,
..\..\..\files\Weather\daily\Bagnacavallo.csv,8/25/2016 12:00:00 AM,30.5,14.389999,0,0,74.86645,28.09532,0,0,12.445,11.98538,1401.2732,51.89901,79.05886,79,29.705696,0,0,0,0,0,0,0,0,0,0,0,0,0,0,0,1,8,16,11,19,4,4,17,26,
..\..\..\files\Weather\daily\Bagnacavallo.csv,8/26/2016 12:00:00 AM,29.58,15.35,0,0,80.31955,33.804565,0,0,12.465,11.984038,1413.2572,52.34286,79.06654,79,29.667282,0,0,0,0,0,0,0,0,0,0,0,0,0,0,0,0,8,16,11,19,4,4,17,26,
..\..\..\files\Weather\daily\Bagnacavallo.csv,8/27/2016 12:00:00 AM,30.33,15.140001,0,0,77.12491,30.674252,0,0,12.735001,11.960165,1425.2174,52.78583,79.07421,79,29.628944,0,0,0,0,0,0,0,0,0,0,0,0,0,0,0,0,8,16,11,19,4,4,17,26,
..\..\..\files\Weather\daily\Bagnacavallo.csv,8/28/2016 12:00:00 AM,31.89,13.91,0,0,68.845795,23.13906,0,0,12.9,11.940311,1437.1577,53.22806,79.08187,79,29.590645,0,0,0,0,0,0,0,0,0,0,0,0,0,0,0,0,8,16,11,19,4,4,17,26,
..\..\..\files\Weather\daily\Bagnacavallo.csv,8/29/2016 12:00:00 AM,33.96,15.459999,0,0,64.45257,21.311043,0,0,14.709999,11.462578,1448.6202,53.652603,84.006195,84,12.484512,0,0,0,0,0,0,0,0,0,0,0,0,0,0,1,0,8,16,11,19,4,4,17,26,
..\..\..\files\Weather\daily\Bagnacavallo.csv,8/30/2016 12:00:00 AM,34.1,16.370003,0,0,79.44333,22.855543,0,0,15.235001,11.235629,1459.8558,54.068733,84.012596,84,12.46851,0,0,0,0,0,0,0,0,1,0,0,0,0,0,0,0,8,16,11,19,4,4,17,26,
..\..\..\files\Weather\daily\Bagnacavallo.csv,8/31/2016 12:00:00 AM,30.149998,19.15895,0,0,87.523674,46.19011,0,0,14.654474,11.48427,1471.3401,54.494076,84.01914,84,12.452145,0,0,0,0,0,0,0,0,1,1,1,0,0,0,0,1,8,16,11,19,4,4,17,26,
..\..\..\files\Weather\daily\Bagnacavallo.csv,9/1/2016 12:00:00 AM,30.11,17.28,0,0,82.72164,38.189198,0,0,13.695,11.788958,1483.129,54.930706,84.025856,84,12.43536,0,0,0,0,0,0,0,0,0,0,0,0,0,0,0,0,8,16,11,19,4,4,17,26,
..\..\..\files\Weather\daily\Bagnacavallo.csv,9/2/2016 12:00:00 AM,32.41,15.34,0,0,69.91776,25.02538,0,0,13.875,11.741931,1494.871,55.365593,84.03255,84,12.4186325,0,0,0,0,0,0,0,0,0,0,0,0,0,0,0,0,8,16,11,19,4,4,17,26,
..\..\..\files\Weather\daily\Bagnacavallo.csv,9/3/2016 12:00:00 AM,33.34,16.25,0,0,68.32906,24.601717,0,0,14.795,11.428513,1506.2994,55.788868,84.03906,84,12.402344,0,0,0,0,0,0,0,0,0,0,0,0,0,0,0,0,8,16,11,19,4,4,17,26,
..\..\..\files\Weather\daily\Bagnacavallo.csv,9/4/2016 12:00:00 AM,33.3,15.420001,0,0,66.80048,22.859226,0,0,14.360001,11.591903,1517.8914,56.2182,88.00256,88,2.4935913,0,0,0,0,0,0,0,0,0,0,0,0,0,0,0,0,8,16,11,19,4,4,17,26,
..\..\..\files\Weather\daily\Bagnacavallo.csv,9/5/2016 12:00:00 AM,33.65,16.84,0,0,80.10325,25.113762,0,0,15.245001,11.230925,1529.1223,56.63416,88.00746,88,2.4813461,0,0,0,0,0,0,0,0,0,1,1,0,0,0,1,1,8,16,11,19,4,4,17,26,
..\..\..\files\Weather\daily\Bagnacavallo.csv,9/6/2016 12:00:00 AM,28.1,15.881555,0.2,1,88.95099,44.630962,0,0,11.990778,11.999994,1541.1223,57.078606,88.01269,88,2.4682808,0,0,0,0,0,0,0,0,0,0,0,0,0,0,0,1,8,16,11,19,4,4,17,26,
..\..\..\files\Weather\daily\Bagnacavallo.csv,9/7/2016 12:00:00 AM,28.13,13.780001,4.6,23,82.03476,33.861244,0,0,10.955,11.918855,1553.0411,57.520042,88.01788,88,2.4552917,0,1,1,1,0,0,0,1,0,0,0,0,0,0,0,0,8,17,12,20,4,4,17,27,
..\..\..\files\Weather\daily\Bagnacavallo.csv,9/8/2016 12:00:00 AM,27.810001,17.020002,0,1,90.61876,47.012188,0,0,12.415001,11.987284,1565.0284,57.964016,88.02311,88,2.4422264,0,0,0,0,0,0,0,0,0,0,0,0,0,0,0,0,8,17,12,20,4,4,17,27,
..\..\..\files\Weather\daily\Bagnacavallo.csv,9/9/2016 12:00:00 AM,29.07,16.8,0,0,85.500435,40.654137,0,0,12.934999,11.93559,1576.964,58.406075,88.028305,88,2.4292374,0,0,0,0,0,0,0,0,0,1,1,1,0,0,0,1,8,17,12,20,4,4,17,27,
..\..\..\files\Weather\daily\Bagnacavallo.csv,9/10/2016 12:00:00 AM,30.52,16.5,0,0,79.43391,34.090775,0,0,13.51,11.832391,1588.7964,58.84431,88.03346,88,2.4163437,0,0,0,0,0,0,0,0,0,0,0,0,0,0,0,0,8,17,12,20,4,4,17,27,
..\..\..\files\Weather\daily\Bagnacavallo.csv,9/11/2016 12:00:00 AM,31.04,16.53,0,0,77.553406,32.371536,0,0,13.785,11.766029,1600.5624,59.280087,88.03859,88,2.4035263,0,0,0,0,0,0,0,0,0,0,0,0,0,0,0,0,8,17,12,20,4,4,17,27,
..\..\..\files\Weather\daily\Bagnacavallo.csv,9/12/2016 12:00:00 AM,30.259998,17.48,0,0,82.60716,38.290474,0,0,13.869999,11.743301,1612.3057,59.715027,88.04371,88,2.390728,0,0,0,0,0,0,0,0,0,0,0,0,0,0,0,0,8,17,12,20,4,4,17,27,
..\..\..\files\Weather\daily\Bagnacavallo.csv,9/13/2016 12:00:00 AM,32.12,15.990001,0,0,72.35119,27.442915,0,0,14.055,11.690216,1623.9958,60.147995,88.0488,88,2.378006,0,0,0,0,0,0,0,0,0,0,0,0,0,0,0,0,8,17,12,20,4,4,17,27,
..\..\..\files\Weather\daily\Bagnacavallo.csv,9/14/2016 12:00:00 AM,31.93,15.439999,0,0,71.8979,26.612192,0,0,13.684999,11.7914295,1635.7872,60.584713,88.05394,88,2.3651505,0,0,0,0,0,0,0,0,0,0,0,0,0,0,0,0,8,17,12,20,4,4,17,27,
..\..\..\files\Weather\daily\Bagnacavallo.csv,9/15/2016 12:00:00 AM,32.17,14.48,0,0,72.30476,23.69022,0,0,13.324999,11.870851,1647.6581,61.024372,88.05911,88,2.3522186,0,0,0,0,0,0,0,0,0,0,0,0,0,0,0,0,8,17,12,20,4,4,17,27,
..\..\..\files\Weather\daily\Bagnacavallo.csv,9/16/2016 12:00:00 AM,30.16,16.144217,2.1291666,1,100,36.73767,0,0,13.152107,11.902288,1659.5604,61.465202,88.06429,88,2.3392677,0,0,0,0,0,0,0,0,0,0,0,0,0,0,0,0,8,17,12,20,4,4,17,27,
..\..\..\files\Weather\daily\Bagnacavallo.csv,9/17/2016 12:00:00 AM,20.54,15.39,48.970833,23,100,75.69568,0,0,7.965,10.771509,1670.3319,61.864143,88.06899,88,2.3275185,1,1,1,1,1,0,1,1,0,0,0,0,0,0,0,0,9,18,13,21,5,4,18,28,
..\..\..\files\Weather\daily\Bagnacavallo.csv,9/18/2016 12:00:00 AM,27.719997,14.729999,0,0,85.500885,38.517944,0,0,11.224998,11.955423,1682.2874,62.306942,88.074196,88,2.3145103,1,0,0,0,1,0,0,0,0,0,0,0,0,0,0,0,10,18,13,21,6,4,18,28,
..\..\..\files\Weather\daily\Bagnacavallo.csv,9/19/2016 12:00:00 AM,25.03,14.63,0,5,94.25279,49.444885,0,0,9.83,11.648215,1693.9355,62.738354,88.07928,88,2.3018074,0,0,0,0,0,0,0,0,0,0,0,0,0,0,0,0,10,18,13,21,6,4,18,28,
..\..\..\files\Weather\daily\Bagnacavallo.csv,9/20/2016 12:00:00 AM,26.29,14.099999,0,0,88.8502,41.795803,0,0,10.195,11.75704,1705.6926,63.1738,88.0844,88,2.289009,0,0,0,0,0,0,0,0,0,0,0,0,0,0,0,0,10,18,13,21,6,4,18,28,
..\..\..\files\Weather\daily\Bagnacavallo.csv,9/21/2016 12:00:00 AM,27.71,12.43,0.53333336,1,100,31.11629,0,0,10.07,11.722055,1717.4147,63.60795,88.08951,88,2.2762299,0,0,0,1,0,0,0,0,0,0,0,0,0,0,0,0,10,18,13,22,6,4,18,28,
..\..\..\files\Weather\daily\Bagnacavallo.csv,9/22/2016 12:00:00 AM,20.22,12.6143055,12.266667,23,100,73.487686,0,0,6.4171524,9.625469,1727.0402,63.96445,88.0937,88,2.2657585,1,1,1,1,0,0,1,1,0,0,0,0,0,0,0,0,11,19,14,23,6,4,19,29,
..\..\..\files\Weather\daily\Bagnacavallo.csv,9/23/2016 12:00:00 AM,23.48,10.75,0,0,89.22562,39.830917,0,0,7.115,10.190195,1737.2303,64.341866,88.09814,88,2.2546577,1,0,0,0,0,0,0,0,0,0,0,0,0,0,0,0,12,19,14,23,6,4,19,29,
..\..\..\files\Weather\daily\Bagnacavallo.csv,9/24/2016 12:00:00 AM,24.920002,8.660001,0,0,80.05319,28.48905,0,-1.2847838,6.8452163,9.937115,1747.1675,64.70991,88.10247,88,2.243824,0,0,0,0,0,0,0,0,0,0,0,0,0,0,0,0,12,19,14,23,6,4,19,29,
..\..\..\files\Weather\daily\Bagnacavallo.csv,9/25/2016 12:00:00 AM,25.19,10.15,0,0,82.80759,32.05656,0,0,7.67,10.582867,1757.7504,65.10187,88.10708,88,2.2323036,0,0,0,0,0,0,0,0,0,0,0,0,0,0,0,0,12,19,14,23,6,4,19,29,
..\..\..\files\Weather\daily\Bagnacavallo.csv,9/26/2016 12:00:00 AM,25.43,9.16,0,0,79.74633,28.476677,0,-0.818316,7.3166842,10.322985,1768.0734,65.4842,88.11158,88,2.2210503,0,0,0,0,0,0,0,0,0,1,1,1,0,0,0,1,12,19,14,23,6,4,19,29,
..\..\..\files\Weather\daily\Bagnacavallo.csv,9/27/2016 12:00:00 AM,25.52,9.75,0,0,80.869934,29.886532,0,-0.24801874,7.6369815,10.559565,1778.6329,65.87529,88.11618,88,2.209549,0,0,0,0,0,0,0,0,0,0,0,0,0,0,0,0,12,19,14,23,6,4,19,29,
..\..\..\files\Weather\daily\Bagnacavallo.csv,9/28/2016 12:00:00 AM,25.560001,9.660001,0,0,80.53756,29.51427,0,-0.33636332,7.6136365,10.542802,1789.1758,66.26577,88.12077,88,2.1980667,0,0,0,0,0,0,0,0,0,0,0,0,0,0,0,0,12,19,14,23,6,4,19,29,
..\..\..\files\Weather\daily\Bagnacavallo.csv,9/29/2016 12:00:00 AM,25.8,9.98,0,0,80.567474,29.739237,0,-0.01998806,7.890012,10.724861,1799.9006,66.66299,88.12545,88,2.1863747,0,0,0,0,0,0,0,0,0,0,0,0,0,0,0,0,12,19,14,23,6,4,19,29,
..\..\..\files\Weather\daily\Bagnacavallo.csv,9/30/2016 12:00:00 AM,26.37,9.219999,0,0,77.06281,26.133928,0,-0.7622628,7.812738,10.664492,1810.5652,67.05797,88.1301,88,2.174759,0,0,0,0,0,0,0,0,0,0,0,0,0,0,0,0,12,19,14,23,6,4,19,29,
..\..\..\files\Weather\daily\Bagnacavallo.csv,10/1/2016 12:00:00 AM,28.19,10.890001,0.1,1,75.09232,25.595947,0,0,9.540001,11.547251,1822.1124,67.48565,88.135124,88,2.1621895,0,0,0,0,0,0,0,0,0,0,0,0,0,0,0,0,12,19,14,23,6,4,19,29,
..\..\..\files\Weather\daily\Bagnacavallo.csv,10/2/2016 12:00:00 AM,27.97,10.35,2.5583334,24,92.42454,24.84593,0,0,9.16,11.395392,1833.5078,67.9077,88.14009,88,2.1497726,0,0,0,1,0,0,0,1,0,0,0,0,0,0,0,0,12,19,14,24,6,4,19,30,
..\..\..\files\Weather\daily\Bagnacavallo.csv,10/3/2016 12:00:00 AM,23.54,12.170326,5.9416666,23,100,59.112507,0,0,7.8551636,10.70289,1844.2107,68.3041,88.14475,88,2.1381187,0,0,1,1,0,0,1,1,0,0,0,0,0,0,0,0,12,19,15,25,6,4,20,31,
..\..\..\files\Weather\daily\Bagnacavallo.csv,10/4/2016 12:00:00 AM,22.43,10.41,0,1,91.22569,42.424442,0,0,6.42,9.627938,1853.8386,68.66069,88.14895,88,2.1276283,0,0,0,0,0,0,0,0,0,0,0,0,0,0,0,0,12,19,15,25,6,4,20,31,
..\..\..\files\Weather\daily\Bagnacavallo.csv,10/5/2016 12:00:00 AM,23.04,8.41,0.59999996,1,84.63485,33.154808,0,-1.5035987,5.811402,8.9856615,1862.8243,68.9935,88.15286,88,2.1178436,0,0,0,1,0,0,0,0,0,0,0,0,0,0,0,0,12,19,15,26,6,4,20,31,
..\..\..\files\Weather\daily\Bagnacavallo.csv,10/6/2016 12:00:00 AM,21.17,8.5,13.820832,24,90.55785,39.543552,0,-1.4112077,4.9237924,8.043026,1870.8673,69.29138,88.15637,88,2.1090698,1,0,1,1,0,0,1,1,0,0,0,0,0,0,0,0,13,19,16,27,6,4,21,32,
..\..\..\files\Weather\daily\Bagnacavallo.csv,10/7/2016 12:00:00 AM,18.24,9.135429,0.4791667,23,98.54934,56.234505,0,-0.82352066,3.7287645,6.6200485,1877.4873,69.53657,88.159256,88,2.10186,1,0,0,0,0,0,1,1,0,0,0,0,0,0,0,0,14,19,16,27,6,4,22,33,
..\..\..\files\Weather\daily\Bagnacavallo.csv,10/8/2016 12:00:00 AM,19.25,7.3999996,0,1,90.85362,41.929226,0,-2.3147683,3.6102319,6.1190424,1883.6063,69.7632,88.16192,88,2.0952034,0,0,0,0,0,0,0,0,0,0,0,0,0,0,0,0,14,19,16,27,6,4,22,33,
..\..\..\files\Weather\daily\Bagnacavallo.csv,10/9/2016 12:00:00 AM,17.42,5.92,0.35,2,99.21003,42.193066,0,-3.3562434,2.3937566,3.487946,1887.0942,69.89238,88.16344,88,2.0914078,0,0,0,0,0,0,0,0,0,0,0,0,0,0,0,0,14,19,16,27,6,4,22,33,
..\..\..\files\Weather\daily\Bagnacavallo.csv,10/10/2016 12:00:00 AM,17.87,8.364572,8.175,24,100,71.16461,0,-1.4947395,3.2579756,5.820572,1892.9148,70.107956,88.16598,88,2.0850563,0,0,1,0,0,0,1,1,0,0,0,0,0,0,0,0,14,19,17,27,6,4,23,34,
..\..\..\files\Weather\daily\Bagnacavallo.csv,10/11/2016 12:00:00 AM,15.56,7.13,2.875,23,96.007416,54.916264,0,-2.381453,1.8335471,2.896104,1895.8109,70.21522,88.16724,88,2.0819092,0,0,0,0,0,0,1,0,0,0,0,0,0,0,0,0,14,19,17,27,6,4,24,34,
..\..\..\files\Weather\daily\Bagnacavallo.csv,10/12/2016 12:00:00 AM,14.76,5.83,0,3,93.4101,51.432644,0,-3.1963773,1.2686228,0.745522,1896.5564,70.24283,88.167564,88,2.081089,0,0,0,0,0,0,0,0,0,0,0,0,0,0,0,0,14,19,17,27,6,4,24,34,
..\..\..\files\Weather\daily\Bagnacavallo.csv,10/13/2016 12:00:00 AM,18.48,4.09,0.18333334,1,85.64686,32.267986,0,-4.696376,2.4986238,2.7836819,1899.3401,70.345924,88.16878,88,2.0780563,0,0,0,0,0,0,0,0,0,0,0,0,0,0,0,0,14,19,17,27,6,4,24,34,
..\..\..\files\Weather\daily\Bagnacavallo.csv,10/14/2016 12:00:00 AM,14.940001,6.0100007,5.4958334,24,100,51.640434,0,-3.0986166,1.3663832,1.1487968,1900.4889,70.38848,88.16927,88,2.0768166,0,0,0,0,0,0,0,0,0,0,0,0,0,0,0,0,14,19,17,27,6,4,24,34,
..\..\..\files\Weather\daily\Bagnacavallo.csv,10/15/2016 12:00:00 AM,14.89,11.12,29.420834,24,100,84.129456,0,0,3.005,5.6556396,1906.1445,70.597946,88.17174,88,2.0706558,1,0,1,0,1,0,1,0,0,0,0,0,0,0,0,0,15,19,18,27,7,4,25,34,
..\..\..\files\Weather\daily\Bagnacavallo.csv,10/16/2016 12:00:00 AM,17.73,11.966465,0,12,100,76.865524,0,0,4.8482323,8.05805,1914.2026,70.89639,88.175255,88,2.061863,1,0,0,0,1,0,0,0,0,0,0,0,0,0,0,0,16,19,18,27,8,4,25,34,
..\..\..\files\Weather\daily\Bagnacavallo.csv,10/17/2016 12:00:00 AM,20.63,10.48,0,6,95.87886,50.014652,0,0,5.5549994,8.8161545,1923.0188,71.222916,88.17909,88,2.052269,0,0,0,0,0,0,0,0,0,0,0,0,0,0,0,0,16,19,18,27,8,4,25,34,
..\..\..\files\Weather\daily\Bagnacavallo.csv,10/18/2016 12:00:00 AM,17.45,9.610001,0,6,99.95938,59.98822,0,-0.38029933,3.5397007,6.40532,1929.4241,71.46015,88.181885,88,2.045288,0,0,0,0,0,0,0,0,0,0,0,0,0,0,0,0,16,19,18,27,8,4,25,34,
..\..\..\files\Weather\daily\Bagnacavallo.csv,10/19/2016 12:00:00 AM,19.35,9.136436,0.058333334,6,96.33458,51.21744,0,-0.82705593,4.279726,7.3390827,1936.7632,71.73197,88.18508,88,2.0372963,0,0,0,0,0,0,0,0,1,0,0,0,0,0,1,0,16,19,18,27,8,4,25,34,
..\..\..\files\Weather\daily\Bagnacavallo.csv,10/20/2016 12:00:00 AM,19.49,7.3600006,1.6833334,24,100,40.931767,0,-2.3527117,3.712288,6.259711,1943.023,71.96381,88.18781,88,2.030468,0,0,0,0,0,0,0,1,1,0,0,0,1,0,1,0,16,19,18,27,8,4,25,35,
..\..\..\files\Weather\daily\Bagnacavallo.csv,10/21/2016 12:00:00 AM,15.95,7.11287,7.8583336,23,100,77.00148,0,-2.4155107,2.0030541,3.2390478,1946.262,72.08378,88.189224,88,2.0269394,0,0,1,0,0,0,1,1,1,1,1,1,1,0,0,1,16,19,19,27,8,4,26,36,
..\..\..\files\Weather\daily\Bagnacavallo.csv,10/22/2016 12:00:00 AM,16.28,5.4683304,0,1,90.89237,44.496105,0,-3.5819538,1.8238814,1.9844466,1948.2465,72.15727,88.19009,88,2.024784,0,0,0,0,0,0,0,0,1,0,0,0,0,0,0,0,16,19,19,27,8,4,26,36,
..\..\..\files\Weather\daily\Bagnacavallo.csv,10/23/2016 12:00:00 AM,17.29,3.4400005,0,0,84.060844,33.319798,0,-5.00644,1.9185599,0.90487087,1949.1514,72.19079,88.19048,88,2.0237923,0,0,0,0,0,0,0,0,1,0,0,0,0,0,0,0,16,19,19,27,8,4,26,36,
..\..\..\files\Weather\daily\Bagnacavallo.csv,10/24/2016 12:00:00 AM,17.91,5.9799995,0,1,100,40.791016,0,-3.3426995,2.6223006,3.9676256,1953.119,72.33774,88.19221,88,2.0194817,0,0,0,0,0,0,0,0,1,0,0,0,0,0,0,0,16,19,19,27,8,4,26,36,
..\..\..\files\Weather\daily\Bagnacavallo.csv,10/25/2016 12:00:00 AM,13.389999,11.84,0,24,100,100,0,0,2.6149998,5.0627465,1958.1818,72.52525,88.19441,88,2.0139694,0,0,0,0,0,0,0,0,1,0,0,0,0,0,0,0,16,19,19,27,8,4,26,36,
..\..\..\files\Weather\daily\Bagnacavallo.csv,10/26/2016 12:00:00 AM,15.19,12.8585205,0,24,100,97.99301,0,0,0,0,0,0,0,0,0,0,0,0,0,0,0,0,0,0,0,0,0,0,0,0,0,0,0,0,0,0,0,0,0,
..\..\..\files\Weather\daily\Bagnacavallo.csv,10/27/2016 12:00:00 AM,16.58,8.734602,0,14,100,76.9314,-1.1633489,-1.1633489,0,0,0,0,0,0,0,0,0,0,0,0,0,0,0,0,0,0,0,0,0,0,0,0,0,0,0,0,0,0,0,
..\..\..\files\Weather\daily\Bagnacavallo.csv,10/28/2016 12:00:00 AM,20.01,6.8000007,0,0,87.77621,37.08478,-3.9757633,-2.8124144,0,0,0,0,0,0,0,0,0,0,0,0,0,0,0,0,0,0,0,0,0,0,0,0,0,0,0,0,0,0,0,
..\..\..\files\Weather\daily\Bagnacavallo.csv,10/29/2016 12:00:00 AM,18.43,6.2542768,0,1,90.088425,41.169273,-7.145322,-3.1695585,0,0,0,0,0,0,0,0,0,0,0,0,0,0,0,0,0,0,0,0,0,0,0,0,0,0,0,0,0,0,0,
..\..\..\files\Weather\daily\Bagnacavallo.csv,10/30/2016 12:00:00 AM,18.81,4.1000004,0,0,83.263245,31.422981,-11.862113,-4.716791,0,0,0,0,0,0,0,0,0,0,0,0,0,0,0,0,0,0,0,0,0,0,0,0,0,0,0,0,0,0,0,
..\..\..\files\Weather\daily\Bagnacavallo.csv,10/31/2016 12:00:00 AM,19.54,4.76,0,0,85.5455,31.561228,-16.173237,-4.311123,0,0,0,0,0,0,0,0,0,0,0,0,0,0,0,0,0,0,0,0,0,0,0,0,0,0,0,0,0,0,0,
..\..\..\files\Weather\daily\Bagnacavallo.csv,11/1/2016 12:00:00 AM,17.22,7.3700004,0,6,94.360756,49.364723,-18.452126,-2.278888,0,0,0,0,0,0,0,0,0,0,0,0,0,0,0,0,0,0,0,0,0,0,0,0,0,0,0,0,0,0,0,
..\..\..\files\Weather\daily\Bagnacavallo.csv,11/2/2016 12:00:00 AM,16.29,7.5593348,0,6,97.99163,57.625866,-20.551645,-2.0995197,0,0,0,0,0,0,0,0,0,0,0,0,0,0,0,0,0,0,0,0,0,0,0,0,0,0,0,0,0,0,0,
..\..\..\files\Weather\daily\Bagnacavallo.csv,11/3/2016 12:00:00 AM,13.85,6.48,0,5,95.95653,58.612717,-23.231049,-2.6794028,0,0,0,0,0,0,0,0,0,0,0,0,0,0,0,0,0,0,0,0,0,0,0,0,0,0,0,0,0,0,0,
..\..\..\files\Weather\daily\Bagnacavallo.csv,11/4/2016 12:00:00 AM,15.309999,6.4199996,0,6,94.40092,52.257626,-26.090218,-2.859168,0,0,0,0,0,0,0,0,0,0,0,0,0,0,0,0,0,0,0,0,0,0,0,0,0,0,0,0,0,0,0,
..\..\..\files\Weather\daily\Bagnacavallo.csv,11/5/2016 12:00:00 AM,13.889999,7.4099994,0.23333333,7,98.43464,63.922256,-28.162619,-2.0724003,0,0,0,0,0,0,0,0,0,0,0,0,0,0,0,0,0,0,0,0,0,0,0,0,0,0,0,0,0,0,0,
..\..\..\files\Weather\daily\Bagnacavallo.csv,11/6/2016 12:00:00 AM,16.23,7.9699993,5.579167,24,97.40309,56.5302,-29.94317,-1.7805514,0,0,0,0,0,0,0,0,0,1,0,0,0,0,0,0,0,0,0,0,0,0,0,0,0,1,0,0,0,0,0,
..\..\..\files\Weather\daily\Bagnacavallo.csv,11/7/2016 12:00:00 AM,21.97,8.041702,4.8875,23,91.173294,42.198933,-31.763802,-1.820631,0,0,0,0,0,0,0,0,0,1,0,0,0,1,1,0,0,0,0,0,0,0,0,0,0,1,0,0,0,1,1,
..\..\..\files\Weather\daily\Bagnacavallo.csv,11/8/2016 12:00:00 AM,17.61,5.307072,0,3,91.194405,43.548473,-35.561676,-3.7978737,0,0,0,0,0,0,0,0,0,0,0,0,0,0,0,0,0,0,0,0,0,0,0,0,0,0,0,0,0,0,0,
..\..\..\files\Weather\daily\Bagnacavallo.csv,11/9/2016 12:00:00 AM,11.06,4.3200006,0.16250001,4,91.43358,57.73149,-38.848324,-3.2866466,0,0,0,0,0,0,0,0,0,0,0,0,0,0,0,0,0,0,0,0,0,0,0,0,0,0,0,0,0,0,0,
..\..\..\files\Weather\daily\Bagnacavallo.csv,11/10/2016 12:00:00 AM,13.81,4.2699995,3.7375002,23,90.103836,47.324448,-42.85752,-4.0091987,0,0,0,0,0,0,0,0,0,0,0,0,0,0,0,0,0,0,0,0,0,0,0,0,0,0,0,0,0,0,0,
..\..\..\files\Weather\daily\Bagnacavallo.csv,11/11/2016 12:00:00 AM,12.67,3.8999996,0.925,1,89.83305,49.52275,-46.836086,-3.9785635,0,0,0,0,0,0,0,0,0,0,0,0,0,0,0,0,0,0,0,0,0,0,0,0,0,0,0,0,0,0,0,
..\..\..\files\Weather\daily\Bagnacavallo.csv,11/12/2016 12:00:00 AM,8.9,3.38,21.791666,24,88.662445,60.55424,-49.596085,-2.7599998,0,0,0,0,0,0,0,0,0,0,0,0,0,0,0,0,0,0,0,0,0,0,0,0,0,0,0,0,0,0,0,
..\..\..\files\Weather\daily\Bagnacavallo.csv,11/13/2016 12:00:00 AM,13.18,1.5041283,11.883333,23,84.575096,39.383766,-55.000973,-5.404889,0,0,0,0,0,0,0,0,0,0,0,0,0,1,0,0,0,0,0,0,0,0,0,0,0,0,0,0,0,1,0,
..\..\..\files\Weather\daily\Bagnacavallo.csv,11/14/2016 12:00:00 AM,10.97,-0.119999886,0.104166664,1,88.801125,36.970417,-60.469044,-5.4680705,0,0,0,0,0,0,0,0,0,0,0,0,0,0,0,0,0,0,0,0,0,0,0,0,0,0,0,0,0,0,0,
..\..\..\files\Weather\daily\Bagnacavallo.csv,11/15/2016 12:00:00 AM,7.5299997,1.0427821,2.3958333,23,91.40608,71.179726,-63.712654,-3.2436087,0,0,0,0,0,0,0,0,0,0,0,0,0,0,0,0,0,0,0,0,0,0,0,0,0,0,0,0,0,0,0,
..\..\..\files\Weather\daily\Bagnacavallo.csv,11/16/2016 12:00:00 AM,9.51,-0.40999985,0,0,79.079216,39.492874,-68.271126,-4.5584726,0,0,0,0,0,0,0,0,0,0,0,0,0,0,0,0,0,0,0,0,0,0,0,0,0,0,0,0,0,0,0,
..\..\..\files\Weather\daily\Bagnacavallo.csv,11/17/2016 12:00:00 AM,11.23,-1.2399998,0,0,77.06286,32.290108,-73.38844,-5.1173134,0,0,0,0,0,0,0,0,0,0,0,0,0,0,0,0,0,0,0,0,0,0,0,0,0,0,0,0,0,0,0,
..\..\..\files\Weather\daily\Bagnacavallo.csv,11/18/2016 12:00:00 AM,11.99,1.2700005,0.16250001,1,98.49043,39.80841,-78.563736,-5.1752934,0,0,0,0,0,0,0,0,0,0,0,0,0,0,0,0,0,0,0,0,0,0,0,0,0,0,0,0,0,0,0,
..\..\..\files\Weather\daily\Bagnacavallo.csv,11/19/2016 12:00:00 AM,10.67,7.9300003,3.9875002,24,100,84.16109,-79.85182,-1.2880838,0,0,0,0,0,0,0,0,0,0,0,0,0,0,0,0,0,0,0,0,0,0,0,0,0,0,0,0,0,0,0,
..\..\..\files\Weather\daily\Bagnacavallo.csv,11/20/2016 12:00:00 AM,14.67,7.5343204,5.75,24,99.40864,64.02681,-81.8915,-2.0396814,0,0,0,0,0,0,0,0,0,1,0,0,0,1,0,0,0,0,0,0,0,0,0,0,0,1,0,0,0,1,0,
..\..\..\files\Weather\daily\Bagnacavallo.csv,11/21/2016 12:00:00 AM,9.000829,7.3000007,0,19,99.156204,88.936325,-82.74191,-0.8504138,0,0,0,0,0,0,0,0,0,0,0,0,0,0,0,0,0,0,0,0,0,0,0,0,0,0,0,0,0,0,0,
..\..\..\files\Weather\daily\Bagnacavallo.csv,11/22/2016 12:00:00 AM,13.61,8.21,0,8,100,70.41574,-84.23524,-1.493324,0,0,0,0,0,0,0,0,0,0,0,0,0,0,0,0,0,0,0,0,0,0,0,0,0,0,0,0,0,0,0,
..\..\..\files\Weather\daily\Bagnacavallo.csv,11/23/2016 12:00:00 AM,19.31,7.24,0,2,93.16801,41.076633,-86.67968,-2.444441,0,0,0,0,0,0,0,0,0,0,0,0,0,0,0,0,0,0,0,0,0,0,0,0,0,0,0,0,0,0,0,
..\..\..\files\Weather\daily\Bagnacavallo.csv,11/24/2016 12:00:00 AM,16.35,9.04,0,7,100,61.998367,-87.576645,-0.89696264,0,0,0,0,0,0,0,0,0,0,0,0,0,0,0,0,0,0,0,0,0,0,0,0,0,0,0,0,0,0,0,
..\..\..\files\Weather\daily\Bagnacavallo.csv,11/25/2016 12:00:00 AM,13.16,11.51,0.079166666,24,100,98.9435,-87.576645,0,0,0,0,0,0,0,0,0,0,0,0,0,0,0,0,0,0,0,0,0,0,0,0,0,0,0,0,0,0,0,0,
..\..\..\files\Weather\daily\Bagnacavallo.csv,11/26/2016 12:00:00 AM,14.98,7.245297,1.8208333,23,100,81.976,-89.840805,-2.264161,0,0,0,0,0,0,0,0,0,0,0,0,0,0,1,0,0,0,0,0,0,0,0,0,0,0,0,0,0,0,1,
..\..\..\files\Weather\daily\Bagnacavallo.csv,11/27/2016 12:00:00 AM,16.31,5.6514955,0,3,91.24632,45.050365,-93.302246,-3.4614432,0,0,0,0,0,0,0,0,0,0,0,0,0,0,0,0,0,0,0,0,0,0,0,0,0,0,0,0,0,0,0,
..\..\..\files\Weather\daily\Bagnacavallo.csv,11/28/2016 12:00:00 AM,15.51,3.9600005,0.0875,1,87.85657,40.388245,-97.762955,-4.46071,0,0,0,0,0,0,0,0,0,0,0,0,0,0,0,0,0,0,0,0,0,0,0,0,0,0,0,0,0,0,0,
..\..\..\files\Weather\daily\Bagnacavallo.csv,11/29/2016 12:00:00 AM,9.66,0.13971956,2.0125,23,92.40763,65.836075,-102.523094,-4.7601404,0,0,0,0,0,0,0,0,0,0,0,0,0,0,0,0,0,0,0,0,0,0,0,0,0,0,0,0,0,0,0,
..\..\..\files\Weather\daily\Bagnacavallo.csv,11/30/2016 12:00:00 AM,7.54,-1.5109313,0,0,76.43494,41.386482,-102.523094,-3.1406493,0,0,0,0,0,0,0,0,0,0,0,0,0,0,0,0,0,0,0,0,0,0,0,0,0,0,0,0,0,0,0,
..\..\..\files\Weather\daily\Bagnacavallo.csv,12/1/2016 12:00:00 AM,8.45,-3.2200003,0,0,71.78032,31.300255,-102.523094,-3.059233,0,0,0,0,0,0,0,0,0,0,0,0,0,0,0,0,0,0,0,0,0,0,0,0,0,0,0,0,0,0,0,
..\..\..\files\Weather\daily\Bagnacavallo.csv,12/2/2016 12:00:00 AM,9.31,-2.42,0,0,74.02498,32.32387,-102.523094,-3.6946337,0,0,0,0,0,0,0,0,0,0,0,0,0,0,0,0,0,0,0,0,0,0,0,0,0,0,0,0,0,0,0,
..\..\..\files\Weather\daily\Bagnacavallo.csv,12/3/2016 12:00:00 AM,12.03,-1.7799997,0,0,75.54035,28.852917,-102.37389,-5.3889136,0.14919981,0,0,0,0,0,0,0,0,0,0,0,0,0,0,0,0,0,0,0,0,0,0,0,0,0,0,0,0,0,0,
..\..\..\files\Weather\daily\Bagnacavallo.csv,12/4/2016 12:00:00 AM,7.84,-0.26000023,0.058333334,1,92.111694,44.539886,-102.37389,-3.7941728,0,0,0,0,0,0,0,0,0,0,0,0,0,0,0,0,0,0,0,0,0,0,0,0,0,0,0,0,0,0,0,
..\..\..\files\Weather\daily\Bagnacavallo.csv,12/5/2016 12:00:00 AM,7.58,5.64,1.3416667,24,93.94238,82.203514,-102.37389,-0.9699998,0,0,0,0,0,0,0,0,0,0,0,0,0,0,0,0,0,0,0,0,0,0,0,0,0,0,0,0,0,0,0,
..\..\..\files\Weather\daily\Bagnacavallo.csv,12/6/2016 12:00:00 AM,8.82,5.435015,0,8,95.57568,78.76264,-102.37389,-1.692492,0,0,0,0,0,0,0,0,0,0,0,0,0,0,0,0,0,0,0,0,0,0,0,0,0,0,0,0,0,0,0,
..\..\..\files\Weather\daily\Bagnacavallo.csv,12/7/2016 12:00:00 AM,10.36,2.596169,0,3,92.17731,62.14163,-102.36555,-3.8735693,0.008346379,0,0,0,0,0,0,0,0,0,0,0,0,0,0,0,0,0,0,0,0,0,0,0,0,0,0,0,0,0,0,
..\..\..\files\Weather\daily\Bagnacavallo.csv,12/8/2016 12:00:00 AM,5.08,1.5741134,0,0,82.50498,67.20263,-102.36555,-1.7529433,0,0,0,0,0,0,0,0,0,0,0,0,0,0,0,0,0,0,0,0,0,0,0,0,0,0,0,0,0,0,0,
..\..\..\files\Weather\daily\Bagnacavallo.csv,12/9/2016 12:00:00 AM,9,0.3000002,0,0,80.73483,43.938236,-102.36555,-4.35,0,0,0,0,0,0,0,0,0,0,0,0,0,0,0,0,0,0,0,0,0,0,0,0,0,0,0,0,0,0,0,
..\..\..\files\Weather\daily\Bagnacavallo.csv,12/10/2016 12:00:00 AM,3.28,0.027559638,0,0,75.49438,61.083233,-102.36555,-1.6262201,0,0,0,0,0,0,0,0,0,0,0,0,0,0,0,0,0,0,0,0,0,0,0,0,0,0,0,0,0,0,0,
..\..\..\files\Weather\daily\Bagnacavallo.csv,12/11/2016 12:00:00 AM,3.86,-0.6299999,0,0,74.00585,53.64182,-102.36555,-1.6591982,0,0,0,0,0,0,0,0,0,0,0,0,0,0,0,0,0,0,0,0,0,0,0,0,0,0,0,0,0,0,0,
..\..\..\files\Weather\daily\Bagnacavallo.csv,12/12/2016 12:00:00 AM,3.6128404,0.45000005,0,0,81.70212,62.87082,-102.36555,-1.5814202,0,0,0,0,0,0,0,0,0,0,0,0,0,0,0,0,0,0,0,0,0,0,0,0,0,0,0,0,0,0,0,
..\..\..\files\Weather\daily\Bagnacavallo.csv,12/13/2016 12:00:00 AM,8.7,1.6279585,0,0,86.90685,57.497128,-102.36555,-3.5360205,0,0,0,0,0,0,0,0,0,0,0,0,0,0,0,0,0,0,0,0,0,0,0,0,0,0,0,0,0,0,0,
..\..\..\files\Weather\daily\Bagnacavallo.csv,12/14/2016 12:00:00 AM,2.84,1.3564942,0,0,77.50932,70.03954,-102.36555,-0.74175286,0,0,0,0,0,0,0,0,0,0,0,0,0,0,0,0,0,0,0,0,0,0,0,0,0,0,0,0,0,0,0,
..\..\..\files\Weather\daily\Bagnacavallo.csv,12/15/2016 12:00:00 AM,2.56,0.54997057,0,0,76.39752,69.068436,-102.36555,-1.0050147,0,0,0,0,0,0,0,0,0,0,0,0,0,0,0,0,0,0,0,0,0,0,0,0,0,0,0,0,0,0,0,
..\..\..\files\Weather\daily\Bagnacavallo.csv,12/16/2016 12:00:00 AM,2.6369236,0.26,0,0,80.136475,63.93831,-102.36555,-1.1884618,0,0,0,0,0,0,0,0,0,0,0,0,0,0,0,0,0,0,0,0,0,0,0,0,0,0,0,0,0,0,0,
..\..\..\files\Weather\daily\Bagnacavallo.csv,12/17/2016 12:00:00 AM,5.3,-1.0779281,0,0,82.78647,65.37852,-102.36555,-2.2021258,0,0,0,0,0,0,0,0,0,0,0,0,0,0,0,0,0,0,0,0,0,0,0,0,0,0,0,0,0,0,0,
..\..\..\files\Weather\daily\Bagnacavallo.csv,12/18/2016 12:00:00 AM,7.56,-3.8442597,0,0,72.928795,35.48676,-102.36555,-2.5058005,0,0,0,0,0,0,0,0,0,0,0,0,0,0,0,0,0,0,0,0,0,0,0,0,0,0,0,0,0,0,0,
..\..\..\files\Weather\daily\Bagnacavallo.csv,12/19/2016 12:00:00 AM,2.9499998,-5.01,0,0,65.39504,34.89618,-102.36555,-0.5466393,0,0,0,0,0,0,0,0,0,0,0,0,0,0,0,0,0,0,0,0,0,0,0,0,0,0,0,0,0,0,0,
..\..\..\files\Weather\daily\Bagnacavallo.csv,12/20/2016 12:00:00 AM,4.155592,-2.28,0.825,1,84.64158,45.67481,-102.36555,-1.3416749,0,0,0,0,0,0,0,0,0,0,0,0,0,0,0,0,0,0,0,0,0,0,0,0,0,0,0,0,0,0,0,
..\..\..\files\Weather\daily\Bagnacavallo.csv,12/21/2016 12:00:00 AM,7.86,2.3969238,19.058332,24,88.51336,65.515396,-102.36555,-2.731538,0,0,0,0,0,0,0,0,0,0,0,0,0,0,0,0,0,0,0,0,0,0,0,0,0,0,0,0,0,0,0,
..\..\..\files\Weather\daily\Bagnacavallo.csv,12/22/2016 12:00:00 AM,10.83,0.9499998,1.9166667,23,82.649574,41.702946,-102.33068,-4.9051366,0.034863353,0,0,0,0,0,0,0,0,0,0,0,0,1,0,0,0,0,0,0,0,0,0,0,0,0,0,0,0,1,0,
..\..\..\files\Weather\daily\Bagnacavallo.csv,12/23/2016 12:00:00 AM,11.54,-0.6199999,0,0,78.56327,33.747112,-102.23316,-5.573323,0.09751645,0,0,0,0,0,0,0,0,0,0,0,0,0,0,0,0,0,0,0,0,0,0,0,0,0,0,0,0,0,0,
..\..\..\files\Weather\daily\Bagnacavallo.csv,12/24/2016 12:00:00 AM,10.76,-0.43999958,0,0,79.11556,36.262497,-102.207375,-5.194429,0.025785731,0,0,0,0,0,0,0,0,0,0,0,0,0,0,0,0,0,0,0,0,0,0,0,0,0,0,0,0,0,0,
..\..\..\files\Weather\daily\Bagnacavallo.csv,12/25/2016 12:00:00 AM,10.75,-1.6099997,0,0,76.18404,32.072056,-102.184616,-4.6976132,0.022754855,0,0,0,0,0,0,0,0,0,0,0,0,0,0,0,0,0,0,0,0,0,0,0,0,0,0,0,0,0,0,
..\..\..\files\Weather\daily\Bagnacavallo.csv,12/26/2016 12:00:00 AM,10.68,-1.3500004,0,0,76.8342,33.124126,-102.1654,-4.759967,0.019218637,0,0,0,0,0,0,0,0,0,0,0,0,0,0,0,0,0,0,0,0,0,0,0,0,0,0,0,0,0,0,
..\..\..\files\Weather\daily\Bagnacavallo.csv,12/27/2016 12:00:00 AM,13.2,-1.4099998,0,0,75.958275,27.611341,-101.81495,-6.3134837,0.35044488,0,0,0,0,0,0,0,0,0,0,0,0,0,0,0,0,0,0,0,0,0,0,0,0,0,0,0,0,0,0,
..\..\..\files\Weather\daily\Bagnacavallo.csv,12/28/2016 12:00:00 AM,12.21,-0.90999985,0,0,77.64847,31.24269,-101.628815,-5.867691,0.18613186,0,0,0,0,0,0,0,0,0,0,0,0,0,0,0,0,0,0,0,0,0,0,0,0,0,0,0,0,0,0,
..\..\..\files\Weather\daily\Bagnacavallo.csv,12/29/2016 12:00:00 AM,13.05,-1.8199997,0,0,75.023865,26.721405,-101.31602,-6.039173,0.31279424,0,0,0,0,0,0,0,0,0,0,0,0,0,0,0,0,0,0,0,0,0,0,0,0,0,0,0,0,0,0,
..\..\..\files\Weather\daily\Bagnacavallo.csv,12/30/2016 12:00:00 AM,9.07,-1.9734457,0,0,76.60518,36.788628,-101.31602,-3.7246027,0,0,0,0,0,0,0,0,0,0,0,0,0,0,0,0,0,0,0,0,0,0,0,0,0,0,0,0,0,0,0,
..\..\..\files\Weather\daily\Bagnacavallo.csv,12/31/2016 12:00:00 AM,7.3899994,-3.5799997,0,0,70.35679,32.100193,-101.31602,-2.4891565,0,0,0,0,0,0,0,0,0,0,0,0,0,0,0,0,0,0,0,0,0,0,0,0,0,0,0,0,0,0,0,
..\..\..\files\Weather\daily\Bagnacavallo.csv,1/1/2017 12:00:00 AM,7.99,-4.45,0,0,68.61421,28.148895,-101.31602,-2.5659204,0,0,0,0,0,0,0,0,0,0,0,0,0,0,0,0,0,0,0,0,0,0,0,0,0,0,0,0,0,0,0,
..\..\..\files\Weather\daily\Bagnacavallo.csv,1/2/2017 12:00:00 AM,7.96,-5.71,0,0,65.630936,24.522636,-101.31602,-2.317542,0,0,0,0,0,0,0,0,0,0,0,0,0,0,0,0,0,0,0,0,0,0,0,0,0,0,0,0,0,0,0,
..\..\..\files\Weather\daily\Bagnacavallo.csv,1/3/2017 12:00:00 AM,9.08,-4.01,0.23333333,1,70.097115,27.60937,-101.31602,-3.1492128,0,0,0,0,0,0,0,0,0,0,0,0,0,0,0,0,0,0,0,0,0,0,0,0,0,0,0,0,0,0,0,
..\..\..\files\Weather\daily\Bagnacavallo.csv,1/4/2017 12:00:00 AM,9.53,-1.3142298,5.366667,23,78.10206,37.85916,-101.31602,-4.1875215,0,0,0,0,0,0,0,0,0,0,0,0,0,0,0,0,0,0,0,0,0,0,0,0,0,0,0,0,0,0,0,
..\..\..\files\Weather\daily\Bagnacavallo.csv,1/5/2017 12:00:00 AM,9.56,-3.1800003,0,0,72.22274,29.307327,-101.31602,-3.5868762,0,0,0,0,0,0,0,0,0,0,0,0,0,0,0,0,0,0,0,0,0,0,0,0,0,0,0,0,0,0,0,
..\..\..\files\Weather\daily\Bagnacavallo.csv,1/6/2017 12:00:00 AM,7.91,-5.1396,0,0,71.23395,31.93541,-101.31602,-2.3973186,0,0,0,0,0,0,0,0,0,0,0,0,0,0,0,0,0,0,0,0,0,0,0,0,0,0,0,0,0,0,0,
..\..\..\files\Weather\daily\Bagnacavallo.csv,1/7/2017 12:00:00 AM,3.7799997,-7.219082,0,0,59.887375,27.768883,-101.31602,-0.64952683,0,0,0,0,0,0,0,0,0,0,0,0,0,0,0,0,0,0,0,0,0,0,0,0,0,0,0,0,0,0,0,
..\..\..\files\Weather\daily\Bagnacavallo.csv,1/8/2017 12:00:00 AM,3.8599997,-9.12,0,0,54.66941,20.840792,-101.31602,-0.57394445,0,0,0,0,0,0,0,0,0,0,0,0,0,0,0,0,0,0,0,0,0,0,0,0,0,0,0,0,0,0,0,
..\..\..\files\Weather\daily\Bagnacavallo.csv,1/9/2017 12:00:00 AM,3.6,-6.15,0,0,60.82397,29.72467,-101.31602,-0.66461533,0,0,0,0,0,0,0,0,0,0,0,0,0,0,0,0,0,0,0,0,0,0,0,0,0,0,0,0,0,0,0,
..\..\..\files\Weather\daily\Bagnacavallo.csv,1/10/2017 12:00:00 AM,5.34,-7.2199993,0,0,60.3126,24.034761,-101.31602,-1.1351753,0,0,0,0,0,0,0,0,0,0,0,0,0,0,0,0,0,0,0,0,0,0,0,0,0,0,0,0,0,0,0,
..\..\..\files\Weather\daily\Bagnacavallo.csv,1/11/2017 12:00:00 AM,1.0799999,-4.8447924,0,0,61.365555,41.4206,-101.31602,-0.098433815,0,0,0,0,0,0,0,0,0,0,0,0,0,0,0,0,0,0,0,0,0,0,0,0,0,0,0,0,0,0,0,
..\..\..\files\Weather\daily\Bagnacavallo.csv,1/12/2017 12:00:00 AM,3.52,-6.28,0,0,60.436237,29.408276,-101.31602,-0.6321632,0,0,0,0,0,0,0,0,0,0,0,0,0,0,0,0,0,0,0,0,0,0,0,0,0,0,0,0,0,0,0,
..\..\..\files\Weather\daily\Bagnacavallo.csv,1/13/2017 12:00:00 AM,1.3699999,-6.15,0.21666665,1,72.06174,33.05501,-101.31602,-0.124793865,0,0,0,0,0,0,0,0,0,0,0,0,0,0,0,0,0,0,0,0,0,0,0,0,0,0,0,0,0,0,0,
..\..\..\files\Weather\daily\Bagnacavallo.csv,1/14/2017 12:00:00 AM,3.42,-1.7818038,4.983333,23,74.774704,58.2764,-101.31602,-1.1242639,0,0,0,0,0,0,0,0,0,0,0,0,0,0,0,0,0,0,0,0,0,0,0,0,0,0,0,0,0,0,0,
..\..\..\files\Weather\daily\Bagnacavallo.csv,1/15/2017 12:00:00 AM,8.99,-3.63,0.23333333,1,70.98562,28.942755,-101.31602,-3.2020643,0,0,0,0,0,0,0,0,0,0,0,0,0,0,0,0,0,0,0,0,0,0,0,0,0,0,0,0,0,0,0,
..\..\..\files\Weather\daily\Bagnacavallo.csv,1/16/2017 12:00:00 AM,2.2,-2.74,5.366667,23,68.43327,46.481293,-101.31602,-0.48987857,0,0,0,0,0,0,0,0,0,0,0,0,0,0,0,0,0,0,0,0,0,0,0,0,0,0,0,0,0,0,0,
..\..\..\files\Weather\daily\Bagnacavallo.csv,1/17/2017 12:00:00 AM,4.84,-1.46,0,0,79.44228,46.624573,-101.31602,-1.8591747,0,0,0,0,0,0,0,0,0,0,0,0,0,0,0,0,0,0,0,0,0,0,0,0,0,0,0,0,0,0,0,
..\..\..\files\Weather\daily\Bagnacavallo.csv,1/18/2017 12:00:00 AM,4.47,1.792545,0,0,81.46686,68.70343,-101.31602,-1.3387274,0,0,0,0,0,0,0,0,0,0,0,0,0,0,0,0,0,0,0,0,0,0,0,0,0,0,0,0,0,0,0,
..\..\..\files\Weather\daily\Bagnacavallo.csv,1/19/2017 12:00:00 AM,6.47,0.086036295,0,0,80.94794,55.024536,-101.31602,-3.1919818,0,0,0,0,0,0,0,0,0,0,0,0,0,0,0,0,0,0,0,0,0,0,0,0,0,0,0,0,0,0,0,
..\..\..\files\Weather\daily\Bagnacavallo.csv,1/20/2017 12:00:00 AM,7.29,-1.1754284,0,0,76.22221,41.92117,-101.31602,-3.1388903,0,0,0,0,0,0,0,0,0,0,0,0,0,0,0,0,0,0,0,0,0,0,0,0,0,0,0,0,0,0,0,
..\..\..\files\Weather\daily\Bagnacavallo.csv,1/21/2017 12:00:00 AM,6.02,-2.41,0,0,72.12897,39.451077,-101.31602,-2.1494896,0,0,0,0,0,0,0,0,0,0,0,0,0,0,0,0,0,0,0,0,0,0,0,0,0,0,0,0,0,0,0,
..\..\..\files\Weather\daily\Bagnacavallo.csv,1/22/2017 12:00:00 AM,5.38,-1.4299998,0,0,73.88258,45.411743,-101.31602,-2.1251395,0,0,0,0,0,0,0,0,0,0,0,0,0,0,0,0,0,0,0,0,0,0,0,0,0,0,0,0,0,0,0,
..\..\..\files\Weather\daily\Bagnacavallo.csv,1/23/2017 12:00:00 AM,4.92,-2.4099998,0,0,79.82876,41.928043,-101.31602,-1.651187,0,0,0,0,0,0,0,0,0,0,0,0,0,0,0,0,0,0,0,0,0,0,0,0,0,0,0,0,0,0,0,
..\..\..\files\Weather\daily\Bagnacavallo.csv,1/24/2017 12:00:00 AM,5.53,1.1254743,0,0,82.76356,64.87181,-101.31602,-2.2022629,0,0,0,0,0,0,0,0,0,0,0,0,0,0,0,0,0,0,0,0,0,0,0,0,0,0,0,0,0,0,0,
..\..\..\files\Weather\daily\Bagnacavallo.csv,1/25/2017 12:00:00 AM,11.59,-0.99868244,0,0,78.42678,33.454903,-101.21561,-5.435684,0.10041164,0,0,0,0,0,0,0,0,0,0,0,0,0,0,0,0,0,0,0,0,0,0,0,0,0,0,0,0,0,0,
..\..\..\files\Weather\daily\Bagnacavallo.csv,1/26/2017 12:00:00 AM,7.46,-2.4499998,0,0,73.13551,36.12478,-101.21561,-2.8078506,0,0,0,0,0,0,0,0,0,0,0,0,0,0,0,0,0,0,0,0,0,0,0,0,0,0,0,0,0,0,0,
..\..\..\files\Weather\daily\Bagnacavallo.csv,1/27/2017 12:00:00 AM,6.88,-3.7093332,0,0,69.750595,32.684948,-101.21561,-2.2350037,0,0,0,0,0,0,0,0,0,0,0,0,0,0,0,0,0,0,0,0,0,0,0,0,0,0,0,0,0,0,0,
..\..\..\files\Weather\daily\Bagnacavallo.csv,1/28/2017 12:00:00 AM,7.31,-5.6,0,0,65.52973,25.81064,-101.21561,-2.0695624,0,0,0,0,0,0,0,0,0,0,0,0,0,0,0,0,0,0,0,0,0,0,0,0,0,0,0,0,0,0,0,
..\..\..\files\Weather\daily\Bagnacavallo.csv,1/29/2017 12:00:00 AM,6.7199993,-4.2599998,0,0,68.278114,30.993256,-101.21561,-2.0563931,0,0,0,0,0,0,0,0,0,0,0,0,0,0,0,0,0,0,0,0,0,0,0,0,0,0,0,0,0,0,0,
..\..\..\files\Weather\daily\Bagnacavallo.csv,1/30/2017 12:00:00 AM,9.19,-3.5100002,0,0,71.33417,28.954008,-101.21561,-3.325043,0,0,0,0,0,0,0,0,0,0,0,0,0,0,0,0,0,0,0,0,0,0,0,0,0,0,0,0,0,0,0,
..\..\..\files\Weather\daily\Bagnacavallo.csv,1/31/2017 12:00:00 AM,9.2,-4.62,0,0,75.05959,25.625021,-101.21561,-3.0622287,0,0,0,0,0,0,0,0,0,0,0,0,0,0,0,0,0,0,0,0,0,0,0,0,0,0,0,0,0,0,0,
..\..\..\files\Weather\daily\Bagnacavallo.csv,2/1/2017 12:00:00 AM,8.43,0.6700001,0,0,83.00485,47.31957,-101.21561,-3.88,0,0,0,0,0,0,0,0,0,0,0,0,0,0,0,0,0,0,0,0,0,0,0,0,0,0,0,0,0,0,0,
..\..\..\files\Weather\daily\Bagnacavallo.csv,2/2/2017 12:00:00 AM,9.96,3.3499997,0.1,1,88.85661,56.39089,-101.21561,-3.305,0,0,0,0,0,0,0,0,0,0,0,0,0,0,0,0,0,0,0,0,0,0,0,0,0,0,0,0,0,0,0,
..\..\..\files\Weather\daily\Bagnacavallo.csv,2/3/2017 12:00:00 AM,8.18,3.92,2.3625,24,89.75085,66.858345,-101.21561,-2.13,0,0,0,0,0,0,0,0,0,0,0,0,0,0,0,0,0,0,0,0,0,0,0,0,0,0,0,0,0,0,0,
..\..\..\files\Weather\daily\Bagnacavallo.csv,2/4/2017 12:00:00 AM,18.31,4.6000004,1.6291666,24,85.395966,34.43859,-98.69715,-4.336542,2.5184572,0,0,0,0,0,0,0,0,0,0,0,0,0,0,0,0,0,0,0,0,0,0,0,0,0,0,0,0,0,0,
..\..\..\files\Weather\daily\Bagnacavallo.csv,2/5/2017 12:00:00 AM,10.48,2.1190388,5.0625,24,90.87847,58.725674,-98.68337,-4.166702,0.013778294,0,0,0,0,0,0,0,0,0,0,0,0,0,0,0,0,0,0,0,0,0,0,0,0,0,0,0,0,0,0,
..\..\..\files\Weather\daily\Bagnacavallo.csv,2/6/2017 12:00:00 AM,8,1.1099999,15.458333,24,90.04185,50.850655,-98.68337,-3.445,0,0,0,0,0,0,0,0,0,0,0,0,0,0,0,0,0,0,0,0,0,0,0,0,0,0,0,0,0,0,0,
..\..\..\files\Weather\daily\Bagnacavallo.csv,2/7/2017 12:00:00 AM,9.42,3.4250894,9.4875,23,93.90039,70.79251,-98.68337,-2.9974551,0,0,0,0,0,0,0,0,0,0,0,0,0,0,0,0,0,0,0,0,0,0,0,0,0,0,0,0,0,0,0,
..\..\..\files\Weather\daily\Bagnacavallo.csv,2/8/2017 12:00:00 AM,12.78,1.7573379,0,0,84.35131,39.83351,-98.3328,-5.160762,0.3505686,0,0,0,0,0,0,0,0,0,0,0,0,0,0,0,0,0,0,0,0,0,0,0,0,0,0,0,0,0,0,
..\..\..\files\Weather\daily\Bagnacavallo.csv,2/9/2017 12:00:00 AM,9.61,0.40999985,0,0,81.179665,42.74163,-98.3328,-4.6,0,0,0,0,0,0,0,0,0,0,0,0,0,0,0,0,0,0,0,0,0,0,0,0,0,0,0,0,0,0,0,
..\..\..\files\Weather\daily\Bagnacavallo.csv,2/10/2017 12:00:00 AM,6.32,0.3000002,0,0,84.09859,51.66963,-98.3328,-3.01,0,0,0,0,0,0,0,0,0,0,0,0,0,0,0,0,0,0,0,0,0,0,0,0,0,0,0,0,0,0,0,
..\..\..\files\Weather\daily\Bagnacavallo.csv,2/11/2017 12:00:00 AM,6.87,3.3100002,0,0,89.80421,68.08556,-98.3328,-1.78,0,0,0,0,0,0,0,0,0,0,0,0,0,0,0,0,0,0,0,0,0,0,0,0,0,0,0,0,0,0,0,
..\..\..\files\Weather\daily\Bagnacavallo.csv,2/12/2017 12:00:00 AM,8.17,5.04,0,5,92.71364,74.74922,-98.3328,-1.565,0,0,0,0,0,0,0,0,0,0,0,0,0,0,0,0,0,0,0,0,0,0,0,0,0,0,0,0,0,0,0,
..\..\..\files\Weather\daily\Bagnacavallo.csv,2/13/2017 12:00:00 AM,10.58,5.4,0,6,95.47201,66.31962,-98.30033,-2.5575287,0.032471035,0,0,0,0,0,0,0,0,0,0,0,0,0,0,0,0,0,0,0,0,0,0,0,0,0,0,0,0,0,0,
..\..\..\files\Weather\daily\Bagnacavallo.csv,2/14/2017 12:00:00 AM,9.19,2.9259624,0,12,97.82223,75.55004,-98.30033,-3.1320186,0,0,0,0,0,0,0,0,0,0,0,0,0,0,0,0,0,0,0,0,0,0,0,0,0,0,0,0,0,0,0,
..\..\..\files\Weather\daily\Bagnacavallo.csv,2/15/2017 12:00:00 AM,11.47,1.46,0,0,83.87766,42.078304,-98.19239,-4.897063,0.107937105,0,0,0,0,0,0,0,0,0,0,0,0,0,0,0,0,0,0,0,0,0,0,0,0,0,0,0,0,0,0,
..\..\..\files\Weather\daily\Bagnacavallo.csv,2/16/2017 12:00:00 AM,14.75,-0.8199997,0,0,76.32133,26.197687,-97.46784,-7.711143,0.7245504,0,0,0,0,0,0,0,0,0,0,0,0,0,0,0,0,0,0,0,0,0,0,0,0,0,0,0,0,0,0,
..\..\..\files\Weather\daily\Bagnacavallo.csv,2/17/2017 12:00:00 AM,16.11,-0.59000015,0.15416667,1,75.52252,24.160154,-96.35011,-8.888149,1.1177278,0,0,0,0,0,0,0,0,0,0,0,0,0,0,0,0,0,0,0,0,0,0,0,0,0,0,0,0,0,0,
..\..\..\files\Weather\daily\Bagnacavallo.csv,2/18/2017 12:00:00 AM,15.63,0.43999958,3.5458333,23,78.60164,27.944256,-95.30676,-6.551653,1.0433476,0,0,0,0,0,0,0,0,0,0,0,0,0,0,0,0,0,0,0,0,0,0,0,0,0,0,0,0,0,0,
..\..\..\files\Weather\daily\Bagnacavallo.csv,2/19/2017 12:00:00 AM,13.75,0.48201308,0,0,80.60703,32.682453,-94.776825,-6.104052,0.52994096,0,0,0,0,0,0,0,0,0,0,0,0,0,0,0,0,0,0,0,0,0,0,0,0,0,0,0,0,0,0,
..\..\..\files\Weather\daily\Bagnacavallo.csv,2/20/2017 12:00:00 AM,12.5,-1.5799999,0,0,75.86971,28.51364,-94.55488,-5.770597,0.22194603,0,0,0,0,0,0,0,0,0,0,0,0,0,0,0,0,0,0,0,0,0,0,0,0,0,0,0,0,0,0,
..\..\..\files\Weather\daily\Bagnacavallo.csv,2/21/2017 12:00:00 AM,9.77,-0.8100004,0,0,78.122894,37.236656,-94.55488,-4.511007,0,0,0,0,0,0,0,0,0,0,0,0,0,0,0,0,0,0,0,0,0,0,0,0,0,0,0,0,0,0,0,
..\..\..\files\Weather\daily\Bagnacavallo.csv,2/22/2017 12:00:00 AM,12.58,-1.5299997,0,0,83.73747,28.503069,-94.319,-5.843827,0.23587526,0,0,0,0,0,0,0,0,0,0,0,0,0,0,0,0,0,0,0,0,0,0,0,0,0,0,0,0,0,0,
..\..\..\files\Weather\daily\Bagnacavallo.csv,2/23/2017 12:00:00 AM,12.08,3.0723674,0,1,90.794945,53.02806,-94.07885,-4.2636647,0.24015188,0,0,0,0,0,0,0,0,0,0,0,0,0,0,0,0,0,0,0,0,0,0,0,0,0,0,0,0,0,0,
..\..\..\files\Weather\daily\Bagnacavallo.csv,2/24/2017 12:00:00 AM,12.12,1.5199995,0.35416666,1,83.8543,40.47364,-93.86685,-5.0880003,0.21199997,0,0,0,0,0,0,0,0,0,0,0,0,0,0,0,0,0,0,0,0,0,0,0,0,0,0,0,0,0,0,
..\..\..\files\Weather\daily\Bagnacavallo.csv,2/25/2017 12:00:00 AM,14.31,2.3166432,8.279166,24,88.83547,44.13514,-93.09242,-5.2222457,0.774433,0,0,0,0,0,0,0,0,0,0,0,0,1,0,0,0,0,0,0,0,0,0,0,0,0,0,0,0,1,0,
..\..\..\files\Weather\daily\Bagnacavallo.csv,2/26/2017 12:00:00 AM,12.38,0.59000015,3.0666668,23,81.374565,36.11007,-92.8522,-5.6547794,0.24022055,0,0,0,0,0,0,0,0,0,0,0,0,0,0,0,0,0,0,0,0,0,0,0,0,0,0,0,0,0,0,
..\..\..\files\Weather\daily\Bagnacavallo.csv,2/27/2017 12:00:00 AM,14.19,-0.7699995,0,0,76.90088,27.469816,-92.265434,-7.3165846,0.586768,0,0,0,0,0,0,0,0,0,0,0,0,0,0,0,0,0,0,0,0,0,0,0,0,0,0,0,0,0,0,
..\..\..\files\Weather\daily\Bagnacavallo.csv,2/28/2017 12:00:00 AM,14.05,-1.5199995,0,1,90.18807,25.638823,-91.7387,-6.8659286,0.5267342,0,0,0,0,0,0,0,0,0,0,0,0,0,0,0,0,0,0,0,0,0,0,0,0,0,0,0,0,0,0,
..\..\..\files\Weather\daily\Bagnacavallo.csv,3/1/2017 12:00:00 AM,16.62,8.317058,0,6,97.87324,56.85961,-89.09961,-1.5123823,2.6390889,0,0,0,0,0,0,0,0,0,0,0,0,0,0,0,0,0,0,0,0,0,0,0,0,0,0,0,0,0,0,
..\..\..\files\Weather\daily\Bagnacavallo.csv,3/2/2017 12:00:00 AM,17.8,4.8324857,0,3,91.6404,44.11243,-86.753746,-4.1378946,2.3458617,0,0,0,0,0,0,0,0,0,0,0,0,0,0,0,0,0,0,0,0,0,0,0,0,0,0,0,0,0,0,
..\..\..\files\Weather\daily\Bagnacavallo.csv,3/3/2017 12:00:00 AM,18.66,2.459999,0,0,79.43362,26.947598,-84.439064,-5.785321,2.314679,0,0,0,0,0,0,0,0,0,0,0,0,0,0,0,0,0,0,0,0,0,0,0,0,0,0,0,0,0,0,
..\..\..\files\Weather\daily\Bagnacavallo.csv,3/4/2017 12:00:00 AM,15.01,3.67,0.058333334,1,87.47958,40.759636,-83.33236,-4.5632935,1.1067064,0,0,0,0,0,0,0,0,0,0,0,0,0,0,0,0,0,0,0,0,0,0,0,0,0,0,0,0,0,0,
..\..\..\files\Weather\daily\Bagnacavallo.csv,3/5/2017 12:00:00 AM,15.69,5.7300005,1.3416667,23,92.13171,47.456245,-81.707054,-3.3546934,1.6253061,0,0,0,0,0,0,0,0,0,0,0,0,0,0,0,0,0,0,0,0,0,0,0,0,0,0,0,0,0,0,
..\..\..\files\Weather\daily\Bagnacavallo.csv,3/6/2017 12:00:00 AM,16.87,7.072634,0.23333333,6,95.39758,51.69289,-79.2984,-2.4900303,2.4086528,0,0,0,0,0,0,0,0,0,0,0,0,0,0,0,0,0,0,0,0,0,0,0,0,0,0,0,0,0,0,
..\..\..\files\Weather\daily\Bagnacavallo.csv,3/7/2017 12:00:00 AM,18.22,5.16,5.366667,23,86.97794,36.680912,-76.711555,-3.9431546,2.5868452,0,0,0,0,0,0,0,0,0,0,0,0,0,0,0,0,0,0,0,0,0,0,0,0,0,0,0,0,0,0,
..\..\..\files\Weather\daily\Bagnacavallo.csv,3/8/2017 12:00:00 AM,15.460001,4.7600007,0,0,89.846634,43.9015,-75.31849,-3.956934,1.3930658,0,0,0,0,0,0,0,0,0,0,0,0,0,0,0,0,0,0,0,0,0,0,0,0,0,0,0,0,0,0,
..\..\..\files\Weather\daily\Bagnacavallo.csv,3/9/2017 12:00:00 AM,16.37,2.9099998,0,0,83.97158,33.986744,-73.81117,-5.222686,1.5073146,0,0,0,0,0,0,0,0,0,0,0,0,0,0,0,0,0,0,0,0,0,0,0,0,0,0,0,0,0,0,
..\..\..\files\Weather\daily\Bagnacavallo.csv,3/10/2017 12:00:00 AM,19.98,1.6700001,0,0,75.14083,22.192598,-71.09134,-6.4351635,2.719836,0,0,0,0,0,0,0,0,0,0,0,0,0,0,0,0,0,0,0,0,0,0,0,0,0,0,0,0,0,0,
..\..\..\files\Weather\daily\Bagnacavallo.csv,3/11/2017 12:00:00 AM,20.69,1.7232857,0,0,73.999725,21.068144,-68.0788,-6.4708138,3.0125434,0,0,0,0,0,0,0,0,0,0,0,0,0,0,0,0,0,0,0,0,0,0,0,0,0,0,0,0,0,0,
..\..\..\files\Weather\daily\Bagnacavallo.csv,3/12/2017 12:00:00 AM,16.08,-0.7399998,0,0,75.18873,23.836897,-66.97991,-8.785161,1.0988823,0,0,0,0,0,0,0,0,0,0,0,0,0,0,0,0,0,0,0,0,0,0,0,0,0,0,0,0,0,0,
..\..\..\files\Weather\daily\Bagnacavallo.csv,3/13/2017 12:00:00 AM,15.19,1.54,0,0,81.82611,32.39129,-65.99324,-5.83833,0.9866702,0,0,0,0,0,0,0,0,0,0,0,0,0,0,0,0,0,0,0,0,0,0,0,0,0,0,0,0,0,0,
..\..\..\files\Weather\daily\Bagnacavallo.csv,3/14/2017 12:00:00 AM,15.47,-0.47000027,0,0,76.50792,25.722473,-65.054695,-8.445477,0.93854773,0,0,0,0,0,0,0,0,0,0,0,0,0,0,0,0,0,0,0,0,0,0,0,0,0,0,0,0,0,0,
..\..\..\files\Weather\daily\Bagnacavallo.csv,3/15/2017 12:00:00 AM,20.15,1.3999996,0,0,74.17187,21.261425,-62.30743,-6.627733,2.7472665,0,0,0,0,0,0,0,0,0,0,0,0,0,0,0,0,0,0,0,0,0,0,0,0,0,0,0,0,0,0,
..\..\..\files\Weather\daily\Bagnacavallo.csv,3/16/2017 12:00:00 AM,18.57,2.1499996,0,0,78.81911,26.302654,-60.070984,-5.9735537,2.2364461,0,0,0,0,0,0,0,0,0,0,0,0,0,0,0,0,0,0,0,0,0,0,0,0,0,0,0,0,0,0,
..\..\..\files\Weather\daily\Bagnacavallo.csv,3/17/2017 12:00:00 AM,20.25,0.97999954,0,0,72.98204,20.172768,-57.34492,-6.9089365,2.7260637,0,0,0,0,0,0,0,0,0,0,0,0,0,0,0,0,0,0,0,0,0,0,0,0,0,0,0,0,0,0,
..\..\..\files\Weather\daily\Bagnacavallo.csv,3/18/2017 12:00:00 AM,22.77,1.5400009,0,0,69.150734,17.019999,-53.504295,-6.7743754,3.8406243,0,0,0,0,0,0,0,0,0,0,0,0,0,0,0,0,0,0,0,0,0,0,0,0,0,0,0,0,0,0,
..\..\..\files\Weather\daily\Bagnacavallo.csv,3/19/2017 12:00:00 AM,21.77,5.74,0,0,81.24119,28.629961,-49.183243,-3.6939487,4.3210516,0,0,0,0,0,0,0,0,0,0,0,0,0,0,0,0,0,0,0,0,0,0,0,0,0,0,0,0,0,0,
..\..\..\files\Weather\daily\Bagnacavallo.csv,3/20/2017 12:00:00 AM,19.55,6.3899994,0,0,87.66908,37.051388,-45.7181,-3.1148598,3.46514,0,0,0,0,0,0,0,0,0,0,0,0,0,0,0,0,0,0,0,0,0,0,0,0,0,0,0,0,0,0,
..\..\..\files\Weather\daily\Bagnacavallo.csv,3/21/2017 12:00:00 AM,18.21,6.2700005,0,0,89.853264,40.94938,-42.895485,-3.1473825,2.8226168,0,0,0,0,0,0,0,0,0,0,0,0,0,0,0,0,0,0,0,0,0,0,0,0,0,0,0,0,0,0,
..\..\..\files\Weather\daily\Bagnacavallo.csv,3/22/2017 12:00:00 AM,17.06,8.210001,0,5,96.83903,54.19231,-40.079464,-1.6089766,2.8160226,0,0,0,0,0,0,0,0,0,0,0,0,0,0,0,0,0,0,0,0,0,0,0,0,0,0,0,0,0,0,
..\..\..\files\Weather\daily\Bagnacavallo.csv,3/23/2017 12:00:00 AM,20.37,10.018286,0,5,95.64379,49.626644,-34.885323,0,5.1941433,0,0,0,0,0,0,0,0,0,0,0,0,0,0,0,0,0,0,0,0,0,0,0,0,0,0,0,0,0,0,
..\..\..\files\Weather\daily\Bagnacavallo.csv,3/24/2017 12:00:00 AM,21.49,8.050001,0,0,87.62972,36.8131,-29.97386,-1.808537,4.9114623,0,0,0,0,0,0,0,0,0,0,0,0,0,0,0,0,0,0,0,0,0,0,0,0,0,0,0,0,0,0,
..\..\..\files\Weather\daily\Bagnacavallo.csv,3/25/2017 12:00:00 AM,20.85,6.0599995,0.1375,1,84.114235,32.064697,-25.994059,-3.4151998,3.9798007,0,0,0,0,0,0,0,0,0,0,0,0,0,0,0,0,0,0,0,0,0,0,0,0,0,0,0,0,0,0,
..\..\..\files\Weather\daily\Bagnacavallo.csv,3/26/2017 12:00:00 AM,22.35,6.9300003,3.2583334,24,82.76318,30.560818,-21.048452,-2.7643933,4.9456067,0,0,0,0,0,0,0,0,0,0,0,0,0,1,0,0,0,0,0,0,0,0,0,0,0,0,0,0,0,1,
..\..\..\files\Weather\daily\Bagnacavallo.csv,3/27/2017 12:00:00 AM,18.85,4.3172793,2.2041667,23,88.70643,38.838367,-18.353756,-4.5716653,2.6946955,0,0,0,0,0,0,0,0,0,0,0,0,1,0,0,0,0,0,0,0,0,0,0,0,0,0,0,0,1,0,
..\..\..\files\Weather\daily\Bagnacavallo.csv,3/28/2017 12:00:00 AM,15.55,2.3900003,0,0,83.61353,34.368313,-17.183449,-5.409692,1.1703079,0,0,0,0,0,0,0,0,0,0,0,0,0,0,0,0,0,0,0,0,0,0,0,0,0,0,0,0,0,0,
..\..\..\files\Weather\daily\Bagnacavallo.csv,3/29/2017 12:00:00 AM,19.5,0.9899998,0,0,74.38879,21.55558,-14.745577,-6.8171287,2.4378715,0,0,0,0,0,0,0,0,0,0,0,0,0,0,0,0,0,0,0,0,0,0,0,0,0,0,0,0,0,0,
..\..\..\files\Weather\daily\Bagnacavallo.csv,3/30/2017 12:00:00 AM,23.34,2.7800007,0,0,70.513145,18.354792,-10.417863,-5.952286,4.327714,0,0,0,0,0,0,0,0,0,0,0,0,0,0,0,0,0,0,0,0,0,0,0,0,0,0,0,0,0,0,
..\..\..\files\Weather\daily\Bagnacavallo.csv,3/31/2017 12:00:00 AM,25.4,4.460001,0,0,69.05458,17.88611,-4.755017,-4.807153,5.662846,0,0,0,0,0,0,0,0,0,0,0,0,0,0,0,0,0,0,0,0,0,0,0,0,0,0,0,0,0,0,
..\..\..\files\Weather\daily\Bagnacavallo.csv,4/1/2017 12:00:00 AM,23.89,5.41,0,0,75.22267,22.785053,0,-4.0199757,5.220024,7.829705,7.829705,0.28998908,10.362486,10,1.9667695,0,0,0,0,0,0,0,0,0,0,0,0,0,0,0,0,0,0,0,0,0,0,0,0,
..\..\..\files\Weather\daily\Bagnacavallo.csv,4/2/2017 12:00:00 AM,23.27,6.51,0,1,98.83582,26.948797,0,-3.1266317,5.2533684,8.105276,15.934981,0.5901845,10.737731,10,2.279161,0,0,0,0,0,0,0,0,0,0,0,0,0,0,0,0,0,0,0,0,0,0,0,0,
..\..\..\files\Weather\daily\Bagnacavallo.csv,4/3/2017 12:00:00 AM,18.9,10.624069,0,10,100,69.793396,0,0,4.7620344,7.9596148,23.894596,0.8849851,11.053116,11,2.541719,0,0,0,0,0,0,0,0,0,0,0,0,0,0,0,0,0,0,0,0,0,0,0,0,
..\..\..\files\Weather\daily\Bagnacavallo.csv,4/4/2017 12:00:00 AM,23.47,8.42,0,0,83.515396,31.899006,0,-1.4970627,6.027937,9.197742,33.09234,1.2256422,11.2660265,11,2.718967,0,0,0,0,0,0,0,0,0,0,0,0,0,0,0,0,0,0,0,0,0,0,0,0,
..\..\..\files\Weather\daily\Bagnacavallo.csv,4/5/2017 12:00:00 AM,24.060001,9.840001,0,0,85.347725,34.622993,0,-0.15909815,6.9509015,10.063859,43.156197,1.5983777,11.498986,11,2.912906,0,0,0,0,0,0,0,0,0,0,0,0,0,0,0,0,0,0,0,0,0,0,0,0,
..\..\..\files\Weather\daily\Bagnacavallo.csv,4/6/2017 12:00:00 AM,19.54,8.220001,0.058333334,4,92.393486,44.28408,0,-1.6400518,4.019948,6.8754573,50.031654,1.8530242,12.105427,12,3.5643988,0,0,0,0,0,0,0,0,0,0,0,0,0,0,0,0,0,0,0,0,0,0,0,0,
..\..\..\files\Weather\daily\Bagnacavallo.csv,4/7/2017 12:00:00 AM,18.14,6.7999997,1.3416667,23,91.35057,43.36913,0,-2.748501,2.9214985,4.8341618,54.865814,2.0320673,12.180028,12,3.730262,0,0,0,0,0,0,0,0,0,0,0,0,0,0,0,0,0,0,0,0,0,0,0,0,
..\..\..\files\Weather\daily\Bagnacavallo.csv,4/8/2017 12:00:00 AM,22.02,4.959999,0,0,78.76455,25.894144,0,-4.2955227,4.234478,6.3501015,61.215916,2.2672563,12.278024,12,3.9481394,0,0,0,0,0,0,0,0,0,0,0,0,0,0,0,0,0,0,0,0,0,0,0,0,
..\..\..\files\Weather\daily\Bagnacavallo.csv,4/9/2017 12:00:00 AM,22.61,4.09,0,0,75.30039,22.471804,0,-4.9670167,4.2929835,6.1543937,67.37031,2.4951966,13.029749,13,5.6194754,0,0,0,0,0,0,0,0,0,0,0,0,0,0,0,0,0,0,0,0,0,0,0,0,
..\..\..\files\Weather\daily\Bagnacavallo.csv,4/10/2017 12:00:00 AM,24.21,6.25,0,0,76.34523,24.043505,0,-3.3585052,5.6214943,8.478315,75.848625,2.8092082,13.127877,13,5.837647,0,0,0,0,0,0,0,0,0,0,0,0,0,0,0,0,0,0,0,0,0,0,0,0,
..\..\..\files\Weather\daily\Bagnacavallo.csv,4/11/2017 12:00:00 AM,25.85,6.1900005,0,0,71.68747,20.389492,0,-3.4408207,6.389179,9.268177,85.116806,3.1524744,13.235148,13,6.076147,0,0,0,0,0,0,0,0,0,0,0,0,0,0,0,0,0,0,0,0,0,0,0,0,
..\..\..\files\Weather\daily\Bagnacavallo.csv,4/12/2017 12:00:00 AM,25,7.7200003,0,0,77.61173,25.7882,0,-2.1295834,6.510417,9.575672,94.692474,3.5071287,14.076782,14,7.947379,0,0,0,0,0,0,0,0,0,0,0,0,0,0,0,0,0,0,0,0,0,0,0,0,
..\..\..\files\Weather\daily\Bagnacavallo.csv,4/13/2017 12:00:00 AM,21.96,8.17,0,0,86.79187,35.71889,0,-1.7085748,5.1864247,8.299805,102.99228,3.814529,14.153632,14,8.118242,0,0,0,0,0,0,0,0,0,0,0,0,0,0,0,0,0,0,0,0,0,0,0,0,
..\..\..\files\Weather\daily\Bagnacavallo.csv,4/14/2017 12:00:00 AM,25.95,6.7799997,0,0,72.734314,21.41799,0,-2.9495668,6.635433,9.58005,112.57233,4.1693454,21.002737,21,17.898338,0,0,0,0,0,0,0,0,0,0,0,0,0,0,0,0,0,0,0,0,0,0,0,0,
..\..\..\files\Weather\daily\Bagnacavallo.csv,4/15/2017 12:00:00 AM,26.31,9.359999,0.28333333,1,85.43633,26.648872,0,-0.6279187,7.8470817,10.690085,123.26241,4.5652747,36.00276,36,37.635212,0,0,0,0,0,0,0,0,0,0,0,0,0,0,0,0,0,0,0,0,0,0,0,0,
..\..\..\files\Weather\daily\Bagnacavallo.csv,4/16/2017 12:00:00 AM,22.37,11.7,6.7833333,24,94.66694,48.137264,0,0,7.035,10.129495,133.3919,4.9404407,50.003918,50,56.05779,0,0,0,0,0,0,1,1,0,0,0,0,0,0,0,0,0,0,0,0,0,0,1,1,
..\..\..\files\Weather\daily\Bagnacavallo.csv,4/17/2017 12:00:00 AM,23.74,8.825341,6.1875005,24,90.55608,42.04933,0,-1.1284018,6.328928,9.507429,142.89934,5.292568,53.043884,53,60.21942,0,0,0,0,0,0,1,1,0,0,0,0,0,0,0,0,0,0,0,0,0,0,2,2,
..\..\..\files\Weather\daily\Bagnacavallo.csv,4/18/2017 12:00:00 AM,18.24,6.256983,1.7249999,24,92.24478,44.760693,0,-3.1584325,2.833076,4.476138,147.37547,5.4583507,53.068752,53,60.34376,0,0,0,0,0,0,0,0,0,0,0,0,0,0,0,0,0,0,0,0,0,0,2,2,
..\..\..\files\Weather\daily\Bagnacavallo.csv,4/19/2017 12:00:00 AM,17.08,4.238833,11.020833,23,86.822945,37.31082,0,-4.468798,1.9517852,1.5433769,148.91885,5.5155134,53.077328,53,60.38664,1,0,0,0,0,0,1,0,0,0,0,0,0,0,0,0,1,0,0,0,0,0,3,2,
..\..\..\files\Weather\daily\Bagnacavallo.csv,4/20/2017 12:00:00 AM,16.18,2.1900005,0,0,82.37685,32.06293,0,-5.6300106,1.3649894,0,148.91885,5.5155134,53.077328,53,60.38664,1,0,0,0,0,0,0,0,0,0,0,0,0,0,0,0,2,0,0,0,0,0,3,2,
..\..\..\files\Weather\daily\Bagnacavallo.csv,4/21/2017 12:00:00 AM,16.38,0.9899998,0,0,79.11371,27.896944,0,-6.37257,1.3224298,0,148.91885,5.5155134,53.077328,53,60.38664,0,0,0,0,0,0,0,0,0,0,0,0,0,0,0,0,2,0,0,0,0,0,3,2,
..\..\..\files\Weather\daily\Bagnacavallo.csv,4/22/2017 12:00:00 AM,16.36,1.8099995,0,0,81.19493,30.405676,0,-5.8849797,1.3900207,0,148.91885,5.5155134,53.077328,53,60.38664,0,0,0,0,0,0,0,0,0,0,0,0,0,0,0,0,2,0,0,0,0,0,3,2,
..\..\..\files\Weather\daily\Bagnacavallo.csv,4/23/2017 12:00:00 AM,21.44,-0.069999695,0,0,71.1478,16.236767,0,-13.727271,3.0421574,1.5968895,150.51575,5.5746574,53.086197,53,60.430984,0,0,0,0,0,0,0,0,0,0,0,0,0,0,0,0,2,0,0,0,0,0,3,2,
..\..\..\files\Weather\daily\Bagnacavallo.csv,4/24/2017 12:00:00 AM,20.81,5.5599995,0,0,82.95895,30.623293,0,-3.793653,3.831347,5.918811,156.43456,5.7938724,53.11908,53,60.595398,0,0,0,0,0,0,0,0,0,0,0,0,0,0,0,0,2,0,0,0,0,0,3,2,
..\..\..\files\Weather\daily\Bagnacavallo.csv,4/25/2017 12:00:00 AM,21.55,8.681111,0,0,89.63029,39.740364,0,-1.2513041,5.1831393,8.355002,164.78955,6.103317,53.165497,53,60.827484,0,0,0,0,0,0,0,0,0,0,0,0,0,0,0,0,2,0,0,0,0,0,3,2,
..\..\..\files\Weather\daily\Bagnacavallo.csv,4/26/2017 12:00:00 AM,23.2,6.1900005,0,1,91.97991,26.276865,0,-3.3833065,5.1216936,7.8821545,172.6717,6.3952484,53.209286,53,61.04643,0,0,0,0,0,0,0,0,0,0,0,0,0,0,0,0,2,0,0,0,0,0,3,2,
..\..\..\files\Weather\daily\Bagnacavallo.csv,4/27/2017 12:00:00 AM,21.47,12.81,0.48333335,7,99.9038,57.732964,0,0,7.1399994,10.208952,182.88066,6.773358,54.012802,54,65.06401,0,0,0,0,0,0,0,0,0,0,0,0,0,0,0,0,2,0,0,0,0,0,3,2,
..\..\..\files\Weather\daily\Bagnacavallo.csv,4/28/2017 12:00:00 AM,23.66,8.811451,11.116667,23,97.53107,54.193695,0,-1.1409802,6.283294,9.465513,192.34618,7.1239324,54.05487,54,65.27435,1,0,0,0,0,1,1,1,0,0,0,0,0,0,0,0,3,0,0,0,0,1,4,3,
..\..\..\files\Weather\daily\Bagnacavallo.csv,4/29/2017 12:00:00 AM,18.32,6.231259,0,3,92.02479,44.33915,0,-3.1812766,2.8630936,4.520584,196.86676,7.291362,54.074963,54,65.37482,1,0,0,0,0,0,0,0,0,0,0,0,0,0,0,0,4,0,0,0,0,1,4,3,
..\..\..\files\Weather\daily\Bagnacavallo.csv,4/30/2017 12:00:00 AM,18.07,4.2000003,0,0,84.77988,33.75024,0,-4.587311,2.3476892,2.4980292,199.36479,7.3838816,54.086067,54,65.430336,0,0,0,0,0,0,0,0,0,0,0,0,0,0,0,0,4,0,0,0,0,1,4,3,
..\..\..\files\Weather\daily\Bagnacavallo.csv,5/1/2017 12:00:00 AM,19.69,1.9899998,0,0,76.45527,23.522902,0,-6.197568,2.6524324,1.9154532,201.28024,7.4548235,54.094578,54,65.472885,0,0,0,0,0,0,0,0,0,0,0,0,0,0,0,0,4,0,0,0,0,1,4,3,
..\..\..\files\Weather\daily\Bagnacavallo.csv,5/2/2017 12:00:00 AM,20.72,4.039999,0,0,79.41008,26.508104,0,-4.8952045,3.4447958,4.6899967,205.97025,7.628527,54.115425,54,65.577126,0,0,0,0,0,0,0,0,0,0,0,0,0,0,0,0,4,0,0,0,0,1,4,3,
..\..\..\files\Weather\daily\Bagnacavallo.csv,5/3/2017 12:00:00 AM,20.58,5.2700005,0,0,84.46095,30.357992,0,-3.9993365,3.6556633,5.5365777,211.50682,7.8335857,54.14003,54,65.70015,0,0,0,0,0,0,0,0,0,0,0,0,0,0,0,0,4,0,0,0,0,1,4,3,
..\..\..\files\Weather\daily\Bagnacavallo.csv,5/4/2017 12:00:00 AM,21.01,10.08,0.35416666,4,93.946266,46.611385,0,0,5.545,8.80603,220.31285,8.159735,54.17917,54,65.89584,0,0,0,0,0,0,0,0,0,0,0,0,0,0,0,0,4,0,0,0,0,1,4,3,
..\..\..\files\Weather\daily\Bagnacavallo.csv,5/5/2017 12:00:00 AM,20.11,10.67,8.145833,23,97.564766,53.224617,0,0,5.3900003,8.64691,228.95976,8.479992,55.014668,55,70.07333,0,0,0,0,0,0,1,1,0,0,0,0,0,0,0,0,4,0,0,0,0,1,5,4,
..\..\..\files\Weather\daily\Bagnacavallo.csv,5/6/2017 12:00:00 AM,22.2,9.68,0.45000002,1,89.979294,40.410873,0,-0.31591034,5.94409,9.193014,238.15277,8.820473,55.048714,55,70.24357,0,0,0,0,0,0,0,0,0,0,0,0,0,0,0,0,4,0,0,0,0,1,5,4,
..\..\..\files\Weather\daily\Bagnacavallo.csv,5/7/2017 12:00:00 AM,18.89,8.880001,10.408334,24,98.82452,49.799614,0,-1.0573416,3.9476576,6.882004,245.03477,9.075362,55.074203,55,70.37102,1,0,0,0,0,0,1,1,0,0,0,0,0,0,0,0,5,0,0,0,0,1,6,5,
..\..\..\files\Weather\daily\Bagnacavallo.csv,5/8/2017 12:00:00 AM,15.34,10.02,1.3416667,23,100,73.44769,0,0,2.6800003,5.163761,250.19853,9.266612,55.093327,55,70.46663,1,0,0,0,0,0,1,0,0,0,0,0,0,0,0,0,6,0,0,0,0,1,7,5,
..\..\..\files\Weather\daily\Bagnacavallo.csv,5/9/2017 12:00:00 AM,21.24,8.120001,0.925,1,88.39713,37.88871,0,-1.7453041,4.8146954,7.864711,258.06323,9.557898,55.122456,55,70.612274,0,0,0,0,0,0,0,0,0,0,0,0,0,0,0,0,6,0,0,0,0,1,7,5,
..\..\..\files\Weather\daily\Bagnacavallo.csv,5/10/2017 12:00:00 AM,19.1,8.79,21.275,23,94.7663,48.521057,0,-1.1389956,4.016004,6.9602213,265.02347,9.815684,55.148235,55,70.74118,1,0,0,0,0,1,1,1,0,0,0,0,0,0,0,0,7,0,0,0,0,2,8,6,
..\..\..\files\Weather\daily\Bagnacavallo.csv,5/11/2017 12:00:00 AM,20.04,7.1499996,0,0,88.60439,38.273247,0,-2.5349305,3.9100702,6.4943943,271.51785,10.056217,56.004818,56,75.02409,1,0,0,0,0,0,0,0,0,0,0,0,0,0,0,0,8,0,0,0,0,2,8,6,
..\..\..\files\Weather\daily\Bagnacavallo.csv,5/12/2017 12:00:00 AM,21.41,11.28,0,5,96.07169,50.37988,0,0,6.3449993,9.5625105,281.08035,10.410383,56.035175,56,75.17587,0,0,0,0,0,0,0,0,0,0,0,0,0,0,0,0,8,0,0,0,0,2,8,6,
..\..\..\files\Weather\daily\Bagnacavallo.csv,5/13/2017 12:00:00 AM,26.89,12.580001,0,0,83.243614,34.231487,0,0,9.735001,11.616558,292.6969,10.840626,56.072052,56,75.36026,0,0,0,0,0,0,0,0,0,0,0,0,0,0,0,0,8,0,0,0,0,2,8,6,
..\..\..\files\Weather\daily\Bagnacavallo.csv,5/14/2017 12:00:00 AM,27.31,13.440001,0,0,83.869675,35.595425,0,0,10.375,11.80325,304.50015,11.277783,56.109524,56,75.54762,0,0,0,0,0,0,0,0,0,0,0,0,0,0,0,0,8,0,0,0,0,2,8,6,
..\..\..\files\Weather\daily\Bagnacavallo.csv,5/15/2017 12:00:00 AM,27.66,11.170001,0.14999999,1,86.70246,27.742344,0,0,9.415001,11.499752,315.9999,11.703701,57.002777,57,80.013885,0,0,0,0,0,0,0,0,0,0,0,0,0,0,0,0,8,0,0,0,0,2,8,6,
..\..\..\files\Weather\daily\Bagnacavallo.csv,5/16/2017 12:00:00 AM,24.130001,13.9800005,3.4499998,23,95.42796,50.653572,0,0,9.055,11.349501,327.3494,12.124052,57.034306,57,80.171524,0,0,0,0,0,0,0,1,0,0,0,0,0,0,0,0,8,0,0,0,0,2,8,7,
..\..\..\files\Weather\daily\Bagnacavallo.csv,5/17/2017 12:00:00 AM,26.7,12.25,0,0,83.08662,33.810017,0,0,9.475,11.522852,338.87225,12.550825,57.06631,57,80.33156,0,0,0,0,0,0,0,0,0,0,0,0,0,0,0,0,8,0,0,0,0,2,8,7,
..\..\..\files\Weather\daily\Bagnacavallo.csv,5/18/2017 12:00:00 AM,27.86,10.43,0,0,75.13488,25.320017,0,0,9.145,11.388941,350.2612,12.972636,57.097946,57,80.48973,0,0,0,0,0,0,0,0,0,0,0,0,0,0,0,0,8,0,0,0,0,2,8,7,
..\..\..\files\Weather\daily\Bagnacavallo.csv,5/19/2017 12:00:00 AM,27.48,10.670001,0,0,76.90313,26.925236,0,0,9.075001,11.358374,361.61957,13.393317,58.003998,58,85.01999,0,0,0,0,0,0,0,0,0,0,0,0,0,0,0,0,8,0,0,0,0,2,8,7,
..\..\..\files\Weather\daily\Bagnacavallo.csv,5/20/2017 12:00:00 AM,28.23,13.240001,0.1375,1,97.16243,31.871855,0,0,10.735001,11.880972,373.50055,13.833354,58.033337,58,85.16669,0,0,0,0,0,0,0,0,0,0,0,0,0,0,0,0,8,0,0,0,0,2,8,7,
..\..\..\files\Weather\daily\Bagnacavallo.csv,5/21/2017 12:00:00 AM,20.9,13.79,3.1625001,23,100,66.30719,0,0,7.3449993,10.358939,383.8595,14.217019,58.058914,58,85.29457,0,0,0,0,0,0,0,1,0,0,0,0,0,0,0,0,8,0,0,0,0,2,8,8,
..\..\..\files\Weather\daily\Bagnacavallo.csv,5/22/2017 12:00:00 AM,26.21,12.610001,0,0,85.52647,36.680336,0,0,9.41,11.497802,395.3573,14.642863,58.087303,58,85.436516,0,0,0,0,0,0,0,0,0,0,0,0,0,0,1,1,8,0,0,0,0,2,8,8,
..\..\..\files\Weather\daily\Bagnacavallo.csv,5/23/2017 12:00:00 AM,28.22,10.890001,0,0,74.99393,25.517813,0,0,9.555,11.552789,406.9101,15.070744,59.004246,59,90.021225,0,0,0,0,0,0,0,0,1,0,0,0,0,0,1,1,8,0,0,0,0,2,8,8,
..\..\..\files\Weather\daily\Bagnacavallo.csv,5/24/2017 12:00:00 AM,29.88,13.190001,0,0,74.44928,26.778519,0,0,11.535,11.983974,418.89407,15.514596,59.030876,59,90.15438,0,0,0,0,0,0,0,0,0,0,0,0,0,0,0,0,8,0,0,0,0,2,8,8,
..\..\..\files\Weather\daily\Bagnacavallo.csv,5/25/2017 12:00:00 AM,31.239998,13.749999,0,0,79.34571,24.448713,0,0,12.494999,11.9819145,430.87598,15.958368,59.057503,59,90.28751,0,0,0,0,0,0,0,0,0,0,0,0,0,0,0,0,8,0,0,0,0,2,8,8,
..\..\..\files\Weather\daily\Bagnacavallo.csv,5/26/2017 12:00:00 AM,24.77,12.245874,0,0,89.36356,40.988007,0,0,8.507938,11.082684,441.95865,16.36884,59.08213,59,90.41065,0,0,0,0,0,0,0,0,0,0,0,0,0,0,0,0,8,0,0,0,0,2,8,8,
..\..\..\files\Weather\daily\Bagnacavallo.csv,5/27/2017 12:00:00 AM,25.86,9.91,0,0,80.220566,29.368073,0,-0.089746475,7.885254,10.72172,452.68036,16.765938,60.005413,60,95.02707,0,0,0,0,0,0,0,0,1,0,0,0,0,0,1,1,8,0,0,0,0,2,8,8,
..\..\..\files\Weather\daily\Bagnacavallo.csv,5/28/2017 12:00:00 AM,28.78,11.469999,0,0,74.42934,25.47679,0,0,10.125,11.73774,464.4181,17.20067,60.02913,60,95.145645,0,0,0,0,0,0,0,0,0,0,0,0,0,0,0,0,8,0,0,0,0,2,8,8,
..\..\..\files\Weather\daily\Bagnacavallo.csv,5/29/2017 12:00:00 AM,30.29,11.989999,0,0,70.43311,22.871517,0,0,11.139999,11.945088,476.3632,17.64308,60.053257,60,95.26628,0,0,0,0,0,0,0,0,0,0,0,0,0,0,1,0,8,0,0,0,0,2,8,8,
..\..\..\files\Weather\daily\Bagnacavallo.csv,5/30/2017 12:00:00 AM,30.39,11.860001,0,0,69.81295,22.348206,0,0,11.125,11.943153,488.30634,18.08542,60.077385,60,95.386925,0,0,0,0,0,0,0,0,0,0,0,0,0,0,1,1,8,0,0,0,0,2,8,8,
..\..\..\files\Weather\daily\Bagnacavallo.csv,5/31/2017 12:00:00 AM,31.74,14.129999,0,0,69.84311,24.014938,0,0,12.934999,11.93559,500.2419,18.527477,61.00971,61,100,0,0,0,0,0,0,0,0,1,0,0,0,0,0,1,1,8,0,0,0,0,2,8,8,
..\..\..\files\Weather\daily\Bagnacavallo.csv,6/1/2017 12:00:00 AM,31.92,15.719999,0,0,72.5257,27.346039,0,0,13.82,11.756798,511.99872,18.962915,61.03148,61,100,0,0,0,0,0,0,0,0,1,0,0,0,0,0,0,0,8,0,0,0,0,2,8,8,
..\..\..\files\Weather\daily\Bagnacavallo.csv,6/2/2017 12:00:00 AM,31.74,14.879999,0,0,71.41627,25.77523,0,0,13.309999,11.873752,523.8725,19.402685,61.053467,61,100,0,0,0,0,0,0,0,0,0,0,0,0,0,0,0,0,8,0,0,0,0,2,8,8,
..\..\..\files\Weather\daily\Bagnacavallo.csv,6/3/2017 12:00:00 AM,32.46,13.23,0,0,65.42215,20.369305,0,0,12.844999,11.947372,535.8199,19.84518,61.075592,61,100,0,0,0,0,0,0,0,0,0,0,0,0,0,0,0,0,8,0,0,0,0,2,8,8,
..\..\..\files\Weather\daily\Bagnacavallo.csv,6/4/2017 12:00:00 AM,33.24,13.889999,0,0,63.9644,19.897322,0,0,13.565001,11.819998,547.6399,20.282959,71.01139,71,89.914566,0,0,0,0,0,0,0,0,0,0,0,0,0,0,0,0,8,0,0,0,0,2,8,8,
..\..\..\files\Weather\daily\Bagnacavallo.csv,6/5/2017 12:00:00 AM,31.55,13.709999,0,0,69.64713,23.556074,0,0,12.629999,11.97072,559.6106,20.726318,71.02925,71,89.78062,0,0,0,0,0,0,0,0,0,0,0,0,0,0,0,0,8,0,0,0,0,2,8,8,
..\..\..\files\Weather\daily\Bagnacavallo.csv,6/6/2017 12:00:00 AM,30.68,13.720001,0,0,76.37366,25.880728,0,0,12.200001,11.997045,571.60767,21.170654,71.04714,71,89.64644,0,0,0,0,0,0,0,0,0,0,0,0,0,0,0,1,8,0,0,0,0,2,8,8,
..\..\..\files\Weather\daily\Bagnacavallo.csv,6/7/2017 12:00:00 AM,29.02,16.204454,0,0,85.545525,40.638298,0,0,12.612228,11.972348,583.58,21.614075,71.064995,71,89.51254,0,0,0,0,0,0,0,0,0,0,0,0,0,0,0,0,8,0,0,0,0,2,8,8,
..\..\..\files\Weather\daily\Bagnacavallo.csv,6/8/2017 12:00:00 AM,30.16,13.142234,0,0,74.81737,27.572853,0,0,11.651117,11.990984,595.571,22.058184,71.08288,71,89.37842,0,0,0,0,0,0,0,0,0,0,0,0,0,0,0,0,8,0,0,0,0,2,8,8,
..\..\..\files\Weather\daily\Bagnacavallo.csv,6/9/2017 12:00:00 AM,26.91,10.779999,0,0,78.980064,28.80257,0,0,8.844999,11.252588,606.82355,22.474947,71.09966,71,89.25253,0,0,0,0,0,0,0,0,0,0,0,0,0,0,0,0,8,0,0,0,0,2,8,8,
..\..\..\files\Weather\daily\Bagnacavallo.csv,6/10/2017 12:00:00 AM,29.69,7.8099995,0,0,63.636063,16.163332,0,-2.0804005,8.8596,11.206497,618.03,22.890001,71.11638,71,89.12716,0,0,0,0,0,0,0,0,0,0,0,0,0,0,0,1,8,0,0,0,0,2,8,8,
..\..\..\files\Weather\daily\Bagnacavallo.csv,6/11/2017 12:00:00 AM,31.2,14.98,0,0,73.60209,27.568823,0,0,13.09,11.912518,629.94257,23.331205,71.13414,71,88.99395,0,0,0,0,0,0,0,0,0,0,0,0,0,0,0,0,8,0,0,0,0,2,8,8,
..\..\..\files\Weather\daily\Bagnacavallo.csv,6/12/2017 12:00:00 AM,30.86,13.459999,0,0,71.57657,24.772192,0,0,12.16,11.998108,641.9407,23.775581,71.15204,71,88.85971,0,0,0,0,0,0,0,0,0,0,0,0,0,0,0,0,8,0,0,0,0,2,8,8,
..\..\..\files\Weather\daily\Bagnacavallo.csv,6/13/2017 12:00:00 AM,33.04,13.220001,0,0,63.35006,19.07813,0,0,13.130001,11.905994,653.8467,24.216543,71.16979,71,88.72656,0,0,0,0,0,0,0,0,0,0,0,0,0,0,0,0,8,0,0,0,0,2,8,8,
..\..\..\files\Weather\daily\Bagnacavallo.csv,6/14/2017 12:00:00 AM,34.34,17.2,0.45833334,1,66.47041,24.040184,0,0,15.77,10.96385,664.81055,24.622614,71.18614,71,88.603935,0,0,0,0,0,0,0,0,0,0,0,0,0,0,0,0,8,0,0,0,0,2,8,8,
..\..\..\files\Weather\daily\Bagnacavallo.csv,6/15/2017 12:00:00 AM,33.3,19.33,10.541667,23,76.564476,32.789295,0,0,16.314999,10.645146,675.4557,25.016876,72.00619,72,82.4536,1,0,0,0,0,0,1,1,0,0,0,0,0,0,0,0,9,0,0,0,0,2,9,9,
..\..\..\files\Weather\daily\Bagnacavallo.csv,6/16/2017 12:00:00 AM,30.920002,19.590002,0,0,84.8221,43.209473,0,0,15.255001,11.226204,686.6819,25.432661,72.0202,72,82.34848,1,0,0,0,0,0,0,0,0,0,0,0,0,0,0,0,10,0,0,0,0,2,9,9,
..\..\..\files\Weather\daily\Bagnacavallo.csv,6/17/2017 12:00:00 AM,33.45,18.39,0,0,77.82164,29.61716,0,0,15.92,10.880337,697.5622,25.835636,72.03378,72,82.24663,0,0,0,0,0,0,0,0,0,0,0,0,0,0,0,0,10,0,0,0,0,2,9,9,
..\..\..\files\Weather\daily\Bagnacavallo.csv,6/18/2017 12:00:00 AM,31.09,16.035282,0,0,85.752235,45.207317,0,0,13.562641,11.820537,709.38275,26.273436,72.048546,72,82.13591,0,0,0,0,0,0,0,0,0,0,0,0,0,0,0,0,10,0,0,0,0,2,9,9,
..\..\..\files\Weather\daily\Bagnacavallo.csv,6/19/2017 12:00:00 AM,28.829998,13.839999,0,0,79.57388,31.724735,0,0,11.334999,11.9671955,721.35,26.716665,72.063484,72,82.023865,0,0,0,0,0,0,0,0,0,0,0,0,0,0,0,0,10,0,0,0,0,2,9,9,
..\..\..\files\Weather\daily\Bagnacavallo.csv,6/20/2017 12:00:00 AM,31.45,12.600001,0,0,67.69043,21.41471,0,0,12.025002,11.999952,733.3499,27.161106,72.07846,72,81.911545,0,0,0,0,0,0,0,0,0,0,0,0,0,0,0,0,10,0,0,0,0,2,9,9,
..\..\..\files\Weather\daily\Bagnacavallo.csv,6/21/2017 12:00:00 AM,34.22,13.489999,0,0,59.708195,17.131905,0,0,13.855,11.747388,745.0973,27.596197,72.09313,72,81.80151,0,0,0,0,0,0,0,0,0,0,0,0,0,0,0,0,10,0,0,0,0,2,9,9,
..\..\..\files\Weather\daily\Bagnacavallo.csv,6/22/2017 12:00:00 AM,35.91,16.75,0,0,59.739708,19.251324,0,0,16.33,10.635777,755.7331,27.990114,72.10641,72,81.70195,0,0,0,0,0,0,0,0,0,0,0,0,0,0,0,0,10,0,0,0,0,2,9,9,
..\..\..\files\Weather\daily\Bagnacavallo.csv,6/23/2017 12:00:00 AM,36.52,18.16,0,0,60.081978,20.467781,0,0,17.34,9.932007,765.6651,28.357967,72.118805,72,81.60896,0,0,0,0,0,0,0,0,0,0,0,0,0,0,0,0,10,0,0,0,0,2,9,9,
..\..\..\files\Weather\daily\Bagnacavallo.csv,6/24/2017 12:00:00 AM,36.71,21.36,0,0,65.34646,26.869184,0,0,19.035,8.429596,774.0947,28.670174,72.12933,72,81.53,0,0,0,0,0,0,0,0,0,0,0,0,0,0,0,0,10,0,0,0,0,2,9,9,
..\..\..\files\Weather\daily\Bagnacavallo.csv,6/25/2017 12:00:00 AM,36.79,22.603891,0,0,68.99974,32.036377,0,0,19.696945,7.734397,781.8291,28.956635,72.138985,72,81.45761,0,0,0,0,0,0,0,0,0,0,0,0,0,0,0,0,10,0,0,0,0,2,9,9,
..\..\..\files\Weather\daily\Bagnacavallo.csv,6/26/2017 12:00:00 AM,34.05,20.64,0,0,74.58127,33.981632,0,0,17.345,9.928165,791.75726,29.324345,72.15138,72,81.36463,0,0,0,0,0,0,0,0,0,0,0,0,0,0,0,0,10,0,0,0,0,2,9,9,
..\..\..\files\Weather\daily\Bagnacavallo.csv,6/27/2017 12:00:00 AM,32.51,19.990002,0,0,79.3893,37.882675,0,0,16.25,10.685367,802.4426,29.720098,73.00155,73,74.98839,0,0,0,0,0,0,0,0,0,0,0,0,0,0,0,0,10,0,0,0,0,2,9,9,
..\..\..\files\Weather\daily\Bagnacavallo.csv,6/28/2017 12:00:00 AM,32.89,18.796452,1.1291667,1,79.782005,39.368256,0,0,15.8432255,10.92348,813.3661,30.12467,77.003174,77,39.98413,0,0,0,1,0,0,0,0,0,0,0,0,0,0,0,0,10,0,0,1,0,2,9,9,
..\..\..\files\Weather\daily\Bagnacavallo.csv,6/29/2017 12:00:00 AM,31.19,16.67,25.970835,23,77.529915,32.275436,0,0,13.93,11.726626,825.0927,30.558989,77.014244,77,39.92878,1,1,0,1,0,0,1,1,0,0,0,0,0,0,0,0,11,1,0,2,0,2,10,10,
..\..\..\files\Weather\daily\Bagnacavallo.csv,6/30/2017 12:00:00 AM,29.27,17.5,0,0,86.38032,42.439972,0,0,13.385,11.858921,836.95166,30.998209,77.02543,77,39.872856,1,0,0,0,1,0,0,0,0,0,0,0,0,0,0,0,12,1,0,2,1,2,10,10,
..\..\..\files\Weather\daily\Bagnacavallo.csv,7/1/2017 12:00:00 AM,27.43,14.778272,0,1,90.92354,46.901615,0,0,11.1041355,11.940404,848.8921,31.440449,77.0367,77,39.816513,0,0,0,0,0,0,0,0,0,0,0,0,0,0,0,0,12,1,0,2,1,2,10,10,
..\..\..\files\Weather\daily\Bagnacavallo.csv,7/2/2017 12:00:00 AM,29.98,12.170001,0,0,71.88555,24.045506,0,0,11.075001,11.936455,860.82855,31.88254,77.047966,77,39.76017,0,0,0,0,0,0,0,0,0,0,0,0,0,0,0,0,12,1,0,2,1,2,10,10,
..\..\..\files\Weather\daily\Bagnacavallo.csv,7/3/2017 12:00:00 AM,28.69,12.140001,0,0,76.2244,27.413666,0,0,10.415001,11.812854,872.6414,32.320053,77.05911,77,39.704437,0,0,0,0,0,0,0,0,1,0,0,0,0,0,1,1,12,1,0,2,1,2,10,10,
..\..\..\files\Weather\daily\Bagnacavallo.csv,7/4/2017 12:00:00 AM,32.16,15.34,0,0,70.83946,25.715858,0,0,13.75,11.775086,884.4165,32.75617,77.07022,77,39.648895,0,0,0,0,0,0,0,0,0,0,0,0,0,0,0,0,12,1,0,2,1,2,10,10,
..\..\..\files\Weather\daily\Bagnacavallo.csv,7/5/2017 12:00:00 AM,31.57,15.68,0,0,73.73874,28.288225,0,0,13.625,11.805975,896.2225,33.193424,77.08136,77,39.5932,0,0,0,0,0,0,0,0,0,0,0,0,0,0,0,0,12,1,0,2,1,2,10,10,
..\..\..\files\Weather\daily\Bagnacavallo.csv,7/6/2017 12:00:00 AM,33.32,16.25,0,0,68.40388,24.65628,0,0,14.785,11.432575,907.655,33.61685,77.09215,77,39.53926,0,0,0,0,0,0,0,0,0,0,0,0,0,0,0,0,12,1,0,2,1,2,10,10,
..\..\..\files\Weather\daily\Bagnacavallo.csv,7/7/2017 12:00:00 AM,35.87,16.26,0,0,58.97863,18.463316,0,0,16.064999,10.796571,918.4516,34.016724,77.10234,77,39.488297,0,0,0,0,0,0,0,0,0,0,0,0,0,0,0,0,12,1,0,2,1,2,10,10,
..\..\..\files\Weather\daily\Bagnacavallo.csv,7/8/2017 12:00:00 AM,37.64,16.870003,0,0,53.668594,15.854366,0,0,17.255001,9.996769,928.44836,34.38698,77.11177,77,39.441147,0,0,0,0,0,0,0,0,0,0,0,0,0,0,0,0,12,1,0,2,1,2,10,10,
..\..\..\files\Weather\daily\Bagnacavallo.csv,7/9/2017 12:00:00 AM,35.97,17.02,0,0,66.53373,19.610867,0,0,16.495,10.530639,938.979,34.777,77.121704,77,39.39148,0,0,0,0,0,0,0,0,0,0,0,0,0,0,0,0,12,1,0,2,1,2,10,10,
..\..\..\files\Weather\daily\Bagnacavallo.csv,7/10/2017 12:00:00 AM,34.36,21.32,0,0,74.73399,34.896786,0,0,17.84,9.530536,948.5095,35.129982,77.1307,77,39.346504,0,0,0,0,0,0,0,0,0,0,0,0,0,0,0,0,12,1,0,2,1,2,10,10,
..\..\..\files\Weather\daily\Bagnacavallo.csv,7/11/2017 12:00:00 AM,35.35,19.79,0,0,67.685905,27.224354,0,0,17.57,9.751682,958.2612,35.491158,77.1399,77,39.3005,0,0,0,0,0,0,0,0,0,0,0,0,0,0,0,0,12,1,0,2,1,2,10,10,
..\..\..\files\Weather\daily\Bagnacavallo.csv,7/12/2017 12:00:00 AM,35.35,18.620003,0,0,65.40015,24.455667,0,0,16.985,10.195751,968.457,35.868774,77.14952,77,39.252396,0,0,0,0,0,0,0,0,0,0,0,0,0,0,0,0,12,1,0,2,1,2,10,10,
..\..\..\files\Weather\daily\Bagnacavallo.csv,7/13/2017 12:00:00 AM,33.13,17.65,0,0,71.997635,28.664309,0,0,15.389999,11.161089,979.61804,36.28215,77.16006,77,39.199715,0,0,0,0,0,0,0,0,0,0,0,0,0,0,0,0,12,1,0,2,1,2,10,10,
..\..\..\files\Weather\daily\Bagnacavallo.csv,7/14/2017 12:00:00 AM,33.49,19.685978,0,0,77.39055,36.969406,0,0,16.58799,10.46969,990.0877,36.669914,77.16994,77,39.150314,0,0,0,0,0,0,0,0,0,0,0,0,0,0,0,0,12,1,0,2,1,2,10,10,
..\..\..\files\Weather\daily\Bagnacavallo.csv,7/15/2017 12:00:00 AM,30.27,17.87,0,0,83.4513,39.621883,0,0,14.07,11.685696,1001.7734,37.10272,77.18096,77,39.095192,0,0,0,0,0,0,0,0,0,0,0,0,0,0,0,0,12,1,0,2,1,2,10,10,
..\..\..\files\Weather\daily\Bagnacavallo.csv,7/16/2017 12:00:00 AM,31.74,16.26929,0,0,75.07272,30.24779,0,0,14.004646,11.705155,1013.4785,37.536243,77.19201,77,39.039955,0,0,0,0,0,0,0,0,0,0,0,0,0,0,0,0,12,1,0,2,1,2,10,10,
..\..\..\files\Weather\daily\Bagnacavallo.csv,7/17/2017 12:00:00 AM,27.98,14.115179,0,0,83.49859,35.941063,0,0,11.047588,11.932626,1025.4111,37.97819,77.20326,77,38.98369,0,0,0,0,0,0,0,0,1,0,0,1,0,0,1,0,12,1,0,2,1,2,10,10,
..\..\..\files\Weather\daily\Bagnacavallo.csv,7/18/2017 12:00:00 AM,29.94,11.4,0,0,70.36715,22.422495,0,0,10.67,11.868385,1037.2795,38.41776,77.21446,77,38.92769,0,0,0,0,0,0,0,0,1,1,0,0,1,0,0,1,12,1,0,2,1,2,10,10,
..\..\..\files\Weather\daily\Bagnacavallo.csv,7/19/2017 12:00:00 AM,33.18,12.59,0,0,61.62124,17.668604,0,0,12.885,11.942281,1049.2218,38.86007,77.22573,77,38.871346,0,0,0,0,0,0,0,0,1,0,0,0,0,0,0,0,12,1,0,2,1,2,10,10,
..\..\..\files\Weather\daily\Bagnacavallo.csv,7/20/2017 12:00:00 AM,34.49,14.869999,0,0,63.369034,18.970545,0,0,14.68,11.474353,1060.6962,39.28504,78.000725,78,34.996376,0,0,0,0,0,0,0,0,0,0,0,0,0,0,0,0,12,1,0,2,1,2,10,10,
..\..\..\files\Weather\daily\Bagnacavallo.csv,7/21/2017 12:00:00 AM,34.27,19.880001,0,0,72.13584,30.977291,0,0,17.075,10.130564,1070.8268,39.66025,78.00846,78,34.957695,0,0,0,0,0,0,0,0,0,0,0,0,0,0,0,0,12,1,0,2,1,2,10,10,
..\..\..\files\Weather\daily\Bagnacavallo.csv,7/22/2017 12:00:00 AM,34.28,17.95,0,0,68.19241,25.94457,0,0,16.115,10.766994,1081.5938,40.05903,78.01668,78,34.91661,0,0,0,0,0,0,0,0,0,0,0,0,0,0,0,0,12,1,0,2,1,2,10,10,
..\..\..\files\Weather\daily\Bagnacavallo.csv,7/23/2017 12:00:00 AM,35.07,18.3,0,0,65.8527,24.512596,0,0,16.685,10.404806,1091.9985,40.44439,78.02463,78,34.87686,0,0,0,0,0,0,0,0,0,0,0,0,0,0,0,0,12,1,0,2,1,2,10,10,
..\..\..\files\Weather\daily\Bagnacavallo.csv,7/24/2017 12:00:00 AM,36.99,20.560001,0,0,62.737446,24.185604,0,0,18.775002,8.686046,1100.6846,40.766098,78.03126,78,34.84371,0,0,0,0,0,0,0,0,0,0,0,0,0,0,0,0,12,1,0,2,1,2,10,10,
..\..\..\files\Weather\daily\Bagnacavallo.csv,7/25/2017 12:00:00 AM,34.03,18.167797,0,0,70.87699,28.841131,0,0,16.098898,10.776556,1111.4612,41.16523,78.03949,78,34.80255,0,0,0,0,0,0,0,0,0,0,0,0,0,0,0,0,12,1,0,2,1,2,10,10,
..\..\..\files\Weather\daily\Bagnacavallo.csv,7/26/2017 12:00:00 AM,31.56,15.870001,0,0,74.18213,28.822739,0,0,13.715,11.783963,1123.2451,41.60167,78.048485,78,34.757576,0,0,0,0,0,0,0,0,0,0,0,0,0,0,0,0,12,1,0,2,1,2,10,10,
..\..\..\files\Weather\daily\Bagnacavallo.csv,7/27/2017 12:00:00 AM,31.91,13.310001,0,0,67.5352,21.804695,0,0,12.610001,11.972548,1135.2177,42.045097,78.05763,78,34.711838,0,0,0,0,0,0,0,0,0,0,0,0,0,0,0,0,12,1,0,2,1,2,10,10,
..\..\..\files\Weather\daily\Bagnacavallo.csv,7/28/2017 12:00:00 AM,32.51,13.850001,0,0,66.49861,21.496655,0,0,13.18,11.897512,1147.1151,42.485744,78.06672,78,34.666405,0,0,0,0,0,0,0,0,0,0,0,0,0,0,0,0,12,1,0,2,1,2,10,10,
..\..\..\files\Weather\daily\Bagnacavallo.csv,7/29/2017 12:00:00 AM,35.07,14.650001,0,0,62.421917,17.373518,0,0,14.860001,11.401764,1158.5168,42.90803,78.075424,78,34.62288,0,0,0,0,0,0,0,0,0,0,0,0,0,0,0,0,12,1,0,2,1,2,10,10,
..\..\..\files\Weather\daily\Bagnacavallo.csv,7/30/2017 12:00:00 AM,32.87,17.21,0,0,72.077736,28.320372,0,0,15.039999,11.324532,1169.8414,43.32746,78.08407,78,34.57966,0,0,0,0,0,0,0,0,0,0,0,0,0,0,0,0,12,1,0,2,1,2,10,10,
..\..\..\files\Weather\daily\Bagnacavallo.csv,7/31/2017 12:00:00 AM,33.72,21.701895,0,0,78.63358,39.49823,0,0,17.710949,9.637509,1179.4789,43.684402,78.09143,78,34.542847,0,0,0,0,0,0,0,0,0,0,0,0,0,0,0,0,12,1,0,2,1,2,10,10,
..\..\..\files\Weather\daily\Bagnacavallo.csv,8/1/2017 12:00:00 AM,34.71,19.470001,0,0,69.56672,28.41965,0,0,17.09,10.119587,1189.5985,44.059204,78.09916,78,34.504204,0,0,0,0,0,0,0,0,0,0,0,0,0,0,0,0,12,1,0,2,1,2,10,10,
..\..\..\files\Weather\daily\Bagnacavallo.csv,8/2/2017 12:00:00 AM,36.55,17.48,0,0,58.721497,19.134312,0,0,17.015,10.1741495,1199.7727,44.436028,78.106926,78,34.46537,0,0,0,0,0,0,0,0,0,0,0,0,0,0,0,0,12,1,0,2,1,2,10,10,
..\..\..\files\Weather\daily\Bagnacavallo.csv,8/3/2017 12:00:00 AM,40.06,18.87,0,0,48.414364,14.238663,0,0,19.465,7.9848948,1207.7576,44.731762,78.11303,78,34.434853,0,0,0,0,0,0,0,0,0,0,0,0,0,0,0,0,12,1,0,2,1,2,10,10,
..\..\..\files\Weather\daily\Bagnacavallo.csv,8/4/2017 12:00:00 AM,40.07,21.720001,0,0,53.022514,18.58663,0,0,20.895,6.3224354,1214.08,44.965923,78.11785,78,34.410744,0,0,0,0,0,0,0,0,0,0,0,0,0,0,0,0,12,1,0,2,1,2,10,10,
..\..\..\files\Weather\daily\Bagnacavallo.csv,8/5/2017 12:00:00 AM,41.07,20.93,0,0,48.109528,15.234613,0,0,21,6.189288,1220.2693,45.19516,78.12258,78,34.387093,0,0,0,0,0,0,0,0,0,0,0,0,0,0,0,0,12,1,0,2,1,2,10,10,
..\..\..\files\Weather\daily\Bagnacavallo.csv,8/6/2017 12:00:00 AM,39.65,19.96,0.13333334,1,51.6487,16.615877,0,0,19.805,7.61516,1227.8844,45.4772,78.128395,78,34.358025,0,0,0,0,0,0,0,0,0,0,0,0,0,0,0,0,12,1,0,2,1,2,10,10,
..\..\..\files\Weather\daily\Bagnacavallo.csv,8/7/2017 12:00:00 AM,39.13,21.19,3.0666668,23,76.46957,19.859768,0,0,20.16,7.2120886,1235.0964,45.744312,78.1339,78,34.330482,0,0,0,0,0,0,0,1,0,0,0,0,0,0,0,0,12,1,0,2,1,2,10,11,
..\..\..\files\Weather\daily\Bagnacavallo.csv,8/8/2017 12:00:00 AM,31.5,19.669514,0,0,84.44885,43.898426,0,0,15.584757,11.062571,1246.159,46.15404,78.14235,78,34.288254,0,0,0,0,0,0,0,0,0,0,0,0,0,0,0,0,12,1,0,2,1,2,10,11,
..\..\..\files\Weather\daily\Bagnacavallo.csv,8/9/2017 12:00:00 AM,33.13,17.36,0,0,71.39693,27.909512,0,0,15.245001,11.230925,1257.39,46.57,78.150925,78,34.245377,0,0,0,0,0,0,0,0,0,0,0,0,0,0,0,0,12,1,0,2,1,2,10,11,
..\..\..\files\Weather\daily\Bagnacavallo.csv,8/10/2017 12:00:00 AM,36.31,20.896126,1.1875,1,66.28487,27.283567,0,0,18.603064,8.850479,1266.2405,46.897797,78.157684,78,34.21158,0,0,0,0,0,0,0,0,0,0,0,0,0,0,0,0,12,1,0,2,1,2,10,11,
..\..\..\files\Weather\daily\Bagnacavallo.csv,8/11/2017 12:00:00 AM,34.57,18.33799,27.3125,23,74.02365,26.540718,0,0,16.453995,10.557127,1276.7976,47.2888,78.16575,78,34.171257,1,1,0,0,0,0,1,1,0,0,0,0,0,0,0,0,13,2,0,2,1,2,11,12,
..\..\..\files\Weather\daily\Bagnacavallo.csv,8/12/2017 12:00:00 AM,29.4,16.436155,0,0,83.45503,38.051575,0,0,12.918077,11.937895,1288.7355,47.73094,78.174866,78,34.12567,1,0,0,0,1,0,0,0,0,0,0,0,0,0,0,0,14,2,0,2,2,2,11,12,
..\..\..\files\Weather\daily\Bagnacavallo.csv,8/13/2017 12:00:00 AM,28.42,14.38,0,0,82.24352,34.774635,0,0,11.4,11.973303,1300.7087,48.1744,78.184006,78,34.07997,0,0,0,0,0,0,0,0,0,0,0,0,0,0,0,0,14,2,0,2,2,2,11,12,
..\..\..\files\Weather\daily\Bagnacavallo.csv,8/14/2017 12:00:00 AM,31.4,13.640001,0,0,70.03606,23.781855,0,0,12.52,11.980043,1312.6888,48.618107,79.002045,79,29.989777,0,0,0,0,0,0,0,0,0,0,0,0,0,0,0,0,14,2,0,2,2,2,11,12,
..\..\..\files\Weather\daily\Bagnacavallo.csv,8/15/2017 12:00:00 AM,31.3,13.529999,0,0,70.1612,23.789293,0,0,12.414999,11.987283,1324.6761,49.06208,79.009735,79,29.951324,0,0,0,0,0,0,0,0,0,0,0,0,0,0,0,0,14,2,0,2,2,2,11,12,
..\..\..\files\Weather\daily\Bagnacavallo.csv,8/16/2017 12:00:00 AM,33.36,14.75,0,0,65.23945,21.311512,0,0,14.055,11.690216,1336.3663,49.49505,79.01723,79,29.913864,0,0,0,0,0,0,0,0,0,0,0,0,0,0,0,0,14,2,0,2,2,2,11,12,
..\..\..\files\Weather\daily\Bagnacavallo.csv,8/17/2017 12:00:00 AM,33.39,16.17,0,0,67.980125,24.283411,0,0,14.779999,11.4346,1347.8009,49.918552,79.02457,79,29.877167,0,0,0,0,0,0,0,0,0,0,0,0,0,0,0,0,14,2,0,2,2,2,11,12,
..\..\..\files\Weather\daily\Bagnacavallo.csv,8/18/2017 12:00:00 AM,33.99,17.54,0,0,68.4795,25.802967,0,0,15.765001,10.9665785,1358.7675,50.32472,79.03159,79,29.842033,0,0,0,0,0,0,0,0,0,0,0,0,0,0,0,0,14,2,0,2,2,2,11,12,
..\..\..\files\Weather\daily\Bagnacavallo.csv,8/19/2017 12:00:00 AM,35.43,16.220001,0,0,60.514587,19.35976,0,0,15.825001,10.933599,1369.701,50.729668,79.03861,79,29.806938,0,0,0,0,0,0,0,0,0,0,0,0,0,0,0,0,14,2,0,2,2,2,11,12,
..\..\..\files\Weather\daily\Bagnacavallo.csv,8/20/2017 12:00:00 AM,35.44,16.891464,0,0,73.476585,23.3262,0,0,16.165731,10.736622,1380.4376,51.12732,79.045494,79,29.77253,0,0,0,0,0,0,0,0,0,0,0,0,0,0,0,0,14,2,0,2,2,2,11,12,
..\..\..\files\Weather\daily\Bagnacavallo.csv,8/21/2017 12:00:00 AM,28.439999,14.811732,0,0,83.397606,36.447433,0,0,11.625866,11.98963,1392.4272,51.57138,79.053185,79,29.734077,0,0,0,0,0,0,0,0,0,0,0,0,0,0,0,0,14,2,0,2,2,2,11,12,
..\..\..\files\Weather\daily\Bagnacavallo.csv,8/22/2017 12:00:00 AM,28.46,12.470001,0,0,77.74559,28.958067,0,0,10.465,11.824516,1404.2517,52.00932,79.06077,79,29.69616,0,0,0,0,0,0,0,0,0,0,0,0,0,0,0,0,14,2,0,2,2,2,11,12,
..\..\..\files\Weather\daily\Bagnacavallo.csv,8/23/2017 12:00:00 AM,28.14,11.27,0,0,76.10965,26.68305,0,0,9.705,11.606276,1415.858,52.43919,79.068214,79,29.658928,0,0,0,0,0,0,0,0,0,0,0,0,0,0,0,0,14,2,0,2,2,2,11,12,
..\..\..\files\Weather\daily\Bagnacavallo.csv,8/24/2017 12:00:00 AM,30.39,11.959999,0,0,70.0254,22.564539,0,0,11.174999,11.949474,1427.8075,52.88176,79.075874,79,29.620628,0,0,0,0,0,0,0,0,0,0,0,0,0,0,0,0,14,2,0,2,2,2,11,12,
..\..\..\files\Weather\daily\Bagnacavallo.csv,8/25/2017 12:00:00 AM,32.62,13.670001,0,0,65.7409,20.87469,0,0,13.145,11.903488,1439.7109,53.322624,84.001114,84,12.497215,0,0,0,0,0,0,0,0,0,0,0,0,0,0,0,0,14,2,0,2,2,2,11,12,
..\..\..\files\Weather\daily\Bagnacavallo.csv,8/26/2017 12:00:00 AM,34.25,17.5,0,0,67.40814,24.970774,0,0,15.875,10.905726,1450.6167,53.726543,84.00733,84,12.48167,0,0,0,0,0,0,0,0,0,0,0,0,0,0,0,0,14,2,0,2,2,2,11,12,
..\..\..\files\Weather\daily\Bagnacavallo.csv,8/27/2017 12:00:00 AM,33.71,17.36,0,0,69.18377,26.179832,0,0,15.535,11.088253,1461.705,54.13722,84.01365,84,12.465878,0,0,0,0,0,0,0,0,0,0,0,0,0,0,0,1,14,2,0,2,2,2,11,12,
..\..\..\files\Weather\daily\Bagnacavallo.csv,8/28/2017 12:00:00 AM,36.54,17.02,0,0,61.093487,18.342018,0,0,16.78,10.339977,1472.0449,54.520184,84.01954,84,12.451153,0,0,0,0,0,0,0,0,0,0,0,0,0,0,0,0,14,2,0,2,2,2,11,12,
..\..\..\files\Weather\daily\Bagnacavallo.csv,8/29/2017 12:00:00 AM,34.1,18.650002,0,0,70.299065,28.228516,0,0,16.375,10.607486,1482.6525,54.913055,84.02559,84,12.436028,0,0,0,0,0,0,0,0,0,0,0,0,0,0,0,0,14,2,0,2,2,2,11,12,
..\..\..\files\Weather\daily\Bagnacavallo.csv,8/30/2017 12:00:00 AM,30.81,16.404469,0,0,79.07771,34.0873,0,0,13.607235,11.810182,1494.4626,55.35047,84.03232,84,12.419205,0,0,0,0,0,0,0,0,1,0,0,0,0,0,1,0,14,2,0,2,2,2,11,12,
..\..\..\files\Weather\daily\Bagnacavallo.csv,8/31/2017 12:00:00 AM,32.4,13.66,0,0,66.50629,21.367426,0,0,13.030001,11.9218645,1506.3845,55.792023,84.03911,84,12.402229,0,0,0,0,0,0,0,0,1,1,0,0,1,0,0,1,14,2,0,2,2,2,11,12,
..\..\..\files\Weather\daily\Bagnacavallo.csv,9/1/2017 12:00:00 AM,35.59,15.869999,0.48333335,1,68.58184,18.381416,0,0,15.73,10.98558,1517.3701,56.198895,88.00234,88,2.4941444,0,0,0,0,0,0,0,0,1,0,0,0,0,0,0,0,14,2,0,2,2,2,11,12,
..\..\..\files\Weather\daily\Bagnacavallo.csv,9/2/2017 12:00:00 AM,31.02,16.344572,11.170834,24,78.19867,33.222466,0,0,13.682285,11.7921,1529.1622,56.635635,88.00748,88,2.481308,1,1,1,0,0,1,1,1,0,0,0,0,0,0,0,0,15,3,1,2,2,3,12,13,
..\..\..\files\Weather\daily\Bagnacavallo.csv,9/3/2017 12:00:00 AM,29.31,13.312057,1.4,24,78.518036,31.004915,0,0,11.311028,11.964784,1541.1271,57.078777,88.012695,88,2.4682617,1,0,0,0,0,0,0,1,0,0,0,0,0,0,0,0,16,3,1,2,2,3,12,14,
..\..\..\files\Weather\daily\Bagnacavallo.csv,9/4/2017 12:00:00 AM,25.68,11.19,3.5458333,23,83.804535,33.771526,0,0,8.434999,11.043578,1552.1707,57.487804,88.0175,88,2.4562454,0,0,0,0,0,0,1,1,0,0,0,0,0,0,0,0,16,3,1,2,2,3,13,15,
..\..\..\files\Weather\daily\Bagnacavallo.csv,9/5/2017 12:00:00 AM,27.64,10.66,0,0,76.364494,26.469973,0,0,9.15,11.391096,1563.5618,57.9097,88.02247,88,2.4438286,0,0,0,0,0,0,0,0,0,0,0,0,0,0,0,0,16,3,1,2,2,3,13,15,
..\..\..\files\Weather\daily\Bagnacavallo.csv,9/6/2017 12:00:00 AM,29.37,12.780001,0,0,75.32215,27.162033,0,0,11.075001,11.936455,1575.4982,58.351784,88.02767,88,2.4308205,0,0,0,0,0,0,0,0,0,0,0,0,0,0,0,0,16,3,1,2,2,3,13,15,
..\..\..\files\Weather\daily\Bagnacavallo.csv,9/7/2017 12:00:00 AM,29.82,12.989999,0.21249999,1,74.221405,26.441025,0,0,11.404999,11.973746,1587.4719,58.795254,88.03288,88,2.4177933,0,0,0,0,0,0,0,0,0,0,0,0,0,0,0,0,16,3,1,2,2,3,13,15,
..\..\..\files\Weather\daily\Bagnacavallo.csv,9/8/2017 12:00:00 AM,29.86,16.84,4.8875,23,82.661644,37.649387,0,0,13.35,11.865945,1599.3379,59.234737,88.038055,88,2.4048615,0,1,1,0,0,1,0,1,0,0,0,0,0,0,0,0,16,4,2,2,2,4,13,16,
..\..\..\files\Weather\daily\Bagnacavallo.csv,9/9/2017 12:00:00 AM,27.09,15.693358,0.09166667,2,90.023445,44.814438,0,0,11.39168,11.972556,1611.3104,59.67816,88.043274,88,2.3918152,0,0,0,0,0,0,0,0,0,0,0,0,0,0,0,0,16,4,2,2,2,4,13,16,
..\..\..\files\Weather\daily\Bagnacavallo.csv,9/10/2017 12:00:00 AM,28.71,13.46,3.2208335,24,100,30.99215,0,0,11.084999,11.937826,1623.2483,60.120308,88.04848,88,2.378807,0,0,0,0,0,0,0,1,0,0,0,0,0,0,0,0,16,4,2,2,2,4,13,17,
..\..\..\files\Weather\daily\Bagnacavallo.csv,9/11/2017 12:00:00 AM,22.04,15.802086,25.587502,24,100,77.99286,0,0,8.921043,11.288473,1634.5367,60.5384,88.05339,88,2.3665237,1,1,1,0,1,0,1,1,0,0,0,0,0,0,0,0,17,5,3,2,3,4,14,18,
..\..\..\files\Weather\daily\Bagnacavallo.csv,9/12/2017 12:00:00 AM,20.71,13.327575,0,10,100,74.86869,0,0,7.0187874,10.117065,1644.6538,60.913105,88.0578,88,2.3554993,1,0,0,0,1,0,0,0,0,0,0,0,0,0,0,0,18,5,3,2,4,4,14,18,
..\..\..\files\Weather\daily\Bagnacavallo.csv,9/13/2017 12:00:00 AM,24.97,11.33,0,0,86.31168,36.620316,0,0,8.15,10.88276,1655.5366,61.31617,88.062546,88,2.3436356,0,0,0,0,0,0,0,0,0,0,0,0,0,0,0,0,18,5,3,2,4,4,14,18,
..\..\..\files\Weather\daily\Bagnacavallo.csv,9/14/2017 12:00:00 AM,26.11,9.93,0,0,79.50435,28.716873,0,-0.069849014,8.020151,10.805148,1666.3418,61.716366,88.06725,88,2.3318672,0,0,0,0,0,0,0,0,0,0,0,0,0,0,0,0,18,5,3,2,4,4,14,18,
..\..\..\files\Weather\daily\Bagnacavallo.csv,9/15/2017 12:00:00 AM,26.83,12.210001,0.30833334,1,82.883316,33.25605,0,0,9.52,11.539812,1677.8816,62.14376,88.07228,88,2.3192978,0,0,0,1,0,0,0,0,0,0,0,0,0,0,0,0,18,5,3,3,4,4,14,18,
..\..\..\files\Weather\daily\Bagnacavallo.csv,9/16/2017 12:00:00 AM,26.029999,14.999999,7.2833333,24,100,46.5304,0,0,10.514999,11.835802,1689.7174,62.582123,88.07744,88,2.306404,0,1,1,1,0,0,1,1,0,0,0,0,0,0,0,0,18,6,4,4,4,4,15,19,
..\..\..\files\Weather\daily\Bagnacavallo.csv,9/17/2017 12:00:00 AM,20.51,14.340488,4.4083333,23,100,79.54499,0,0,7.4252434,10.415806,1700.1332,62.967896,88.08198,88,2.2950554,0,0,0,1,0,0,1,1,0,0,0,0,0,0,0,0,18,6,4,5,4,4,16,20,
..\..\..\files\Weather\daily\Bagnacavallo.csv,9/18/2017 12:00:00 AM,23.96,12.69,0.35416666,4,92.6911,45.695156,0,0,8.324999,10.983023,1711.1162,63.374676,88.08676,88,2.2830963,0,0,0,1,0,0,0,0,0,0,0,0,0,0,0,0,18,6,4,6,4,4,16,20,
..\..\..\files\Weather\daily\Bagnacavallo.csv,9/19/2017 12:00:00 AM,23.43,12.734497,8.474999,24,100,48.858707,0,0,8.082249,10.842646,1721.9589,63.776253,88.091484,88,2.2712898,0,1,1,1,0,1,1,1,0,0,0,0,0,0,0,0,18,7,5,7,4,5,17,21,
..\..\..\files\Weather\daily\Bagnacavallo.csv,9/20/2017 12:00:00 AM,15.5,10.83762,7.6083336,24,100,75.000626,0,0,3.16881,5.8954062,1727.8542,63.994606,88.094055,88,2.264862,0,1,1,1,0,0,1,1,0,0,0,0,0,0,0,0,18,8,6,8,4,5,18,22,
..\..\..\files\Weather\daily\Bagnacavallo.csv,9/21/2017 12:00:00 AM,22.83,8.780001,0.86249995,23,86.09785,35.02623,0,-1.1670313,5.8579683,9.063729,1736.918,64.3303,88.09801,88,2.254982,0,0,0,1,0,0,1,1,0,0,0,0,0,0,0,0,18,8,6,9,4,5,19,23,
..\..\..\files\Weather\daily\Bagnacavallo.csv,9/22/2017 12:00:00 AM,23.05,6.880001,0,0,80.88197,28.526392,0,-2.8189974,5.2660017,8.189303,1745.1073,64.6336,88.10157,88,2.2460747,0,0,0,0,0,0,0,0,0,0,0,0,0,0,0,0,18,8,6,9,4,5,19,23,
..\..\..\files\Weather\daily\Bagnacavallo.csv,9/23/2017 12:00:00 AM,24.34,7.709999,0,0,79.43548,27.437424,0,-2.132331,6.1826696,9.27284,1754.3801,64.97704,88.10561,88,2.2359657,0,0,0,0,0,0,0,0,0,0,0,0,0,0,0,0,18,8,6,9,4,5,19,23,
..\..\..\files\Weather\daily\Bagnacavallo.csv,9/24/2017 12:00:00 AM,25,9.82,0.09583333,1,88.80474,31.626347,0,-0.17893314,7.411067,10.405083,1764.7852,65.36241,88.110146,88,2.224636,0,0,0,0,0,0,0,0,1,1,1,0,0,0,1,1,18,8,6,9,4,5,19,23,
..\..\..\files\Weather\daily\Bagnacavallo.csv,9/25/2017 12:00:00 AM,20.82,11.239999,2.3125,24,97.4117,52.826744,0,0,6.029999,9.277495,1774.0626,65.706024,88.11419,88,2.2145271,0,0,0,1,0,0,0,1,0,0,0,0,0,0,0,0,18,8,6,10,4,5,19,24,
..\..\..\files\Weather\daily\Bagnacavallo.csv,9/26/2017 12:00:00 AM,20.44,11.25,2.4916666,23,98.33449,54.62696,0,0,5.8450003,9.102355,1783.1649,66.043144,88.11816,88,2.204609,0,0,0,1,0,0,0,1,0,0,0,0,0,0,0,1,18,8,6,11,4,5,19,25,
..\..\..\files\Weather\daily\Bagnacavallo.csv,9/27/2017 12:00:00 AM,22.21,10.510001,0,3,92.054756,43.677265,0,0,6.3600006,9.575672,1792.7406,66.3978,88.12233,88,2.1941757,0,0,0,0,0,0,0,0,0,0,0,0,0,0,0,0,18,8,6,11,4,5,19,25,
..\..\..\files\Weather\daily\Bagnacavallo.csv,9/28/2017 12:00:00 AM,23.86,12.48,0,3,92.45903,45.228188,0,0,8.17,10.894463,1803.635,66.8013,88.127075,88,2.182312,0,0,0,0,0,0,0,0,0,0,0,0,0,0,1,1,18,8,6,11,4,5,19,25,
..\..\..\files\Weather\daily\Bagnacavallo.csv,9/29/2017 12:00:00 AM,23.119999,10.979999,0,1,90.80171,42.06382,0,0,7.049999,10.140954,1813.776,67.17689,88.13149,88,2.1712685,0,0,0,0,0,0,0,0,0,0,0,0,0,0,0,0,18,8,6,11,4,5,19,25,
..\..\..\files\Weather\daily\Bagnacavallo.csv,9/30/2017 12:00:00 AM,22.92,10.08,0,0,89.09195,39.341225,0,0,6.5,9.696697,1823.4727,67.536026,88.13572,88,2.1607018,0,0,0,0,0,0,0,0,0,0,0,0,0,0,0,0,18,8,6,11,4,5,19,25,
..\..\..\files\Weather\daily\Bagnacavallo.csv,10/1/2017 12:00:00 AM,22.42,10.030001,0.05,2,100,40.96222,0,0,6.2250004,9.455887,1832.9286,67.886246,88.13984,88,2.150402,0,0,0,0,0,0,0,0,0,0,0,0,0,0,0,0,18,8,6,11,4,5,19,25,
..\..\..\files\Weather\daily\Bagnacavallo.csv,10/2/2017 12:00:00 AM,17.22,12.17,1.15,23,100,77.454865,0,0,4.6949997,7.882154,1840.8108,68.17818,88.14327,88,2.141819,0,0,0,1,0,0,0,1,0,0,0,0,0,0,0,0,18,8,6,12,4,5,19,26,
..\..\..\files\Weather\daily\Bagnacavallo.csv,10/3/2017 12:00:00 AM,21.92,10.800001,0,3,93.54361,46.05639,0,0,6.3600006,9.575672,1850.3865,68.53283,88.147446,88,2.1313858,0,0,0,0,0,0,0,0,0,0,0,0,0,0,0,0,18,8,6,12,4,5,19,26,
..\..\..\files\Weather\daily\Bagnacavallo.csv,10/4/2017 12:00:00 AM,22.529999,9.569999,0,0,88.84905,38.82252,0,-0.42286825,6.0571322,9.296085,1859.6826,68.87714,88.1515,88,2.1212578,0,0,0,0,0,0,0,0,0,0,0,0,0,0,0,0,18,8,6,12,4,5,19,26,
..\..\..\files\Weather\daily\Bagnacavallo.csv,10/5/2017 12:00:00 AM,23.76,13.38,0,5,95.021904,49.598377,0,0,8.57,11.115301,1870.798,69.28881,88.15634,88,2.109146,0,0,0,0,0,0,0,0,0,1,1,0,0,0,0,1,18,8,6,12,4,5,19,26,
..\..\..\files\Weather\daily\Bagnacavallo.csv,10/6/2017 12:00:00 AM,25.66,11.220549,0.4,1,84.368706,34.51629,0,0,8.440273,11.046433,1881.8444,69.69794,88.161156,88,2.0971107,0,0,0,1,0,0,0,0,0,0,0,0,0,0,0,0,18,8,6,13,4,5,19,26,
..\..\..\files\Weather\daily\Bagnacavallo.csv,10/7/2017 12:00:00 AM,23.23,9.16,9.2,23,85.97401,35.02659,0,-0.8149257,6.220074,9.428854,1891.2732,70.04716,88.16526,88,2.0868492,0,0,1,1,0,0,1,1,0,0,0,0,0,0,0,0,18,8,7,14,4,5,20,27,
..\..\..\files\Weather\daily\Bagnacavallo.csv,10/8/2017 12:00:00 AM,20.8,7.5699997,0,0,88.01725,37.334354,0,-2.2068372,4.4081626,7.266407,1898.5396,70.31628,88.16843,88,2.0789337,0,0,0,0,0,0,0,0,1,0,0,0,0,0,1,1,18,8,7,14,4,5,20,27,
..\..\..\files\Weather\daily\Bagnacavallo.csv,10/9/2017 12:00:00 AM,23.28,8.6,0,0,84.464294,33.03399,0,-1.3332424,6.0067577,9.193014,1907.7325,70.65676,88.17243,88,2.0689201,0,0,0,0,0,0,0,0,1,0,0,0,0,0,1,0,18,8,7,14,4,5,20,27,
..\..\..\files\Weather\daily\Bagnacavallo.csv,10/10/2017 12:00:00 AM,22.97,8.95,0,0,86.1497,35.15286,0,-1.0106807,5.9993186,9.211904,1916.9445,70.99794,88.176445,88,2.0588875,0,0,0,0,0,0,0,0,1,1,1,0,1,0,1,1,18,8,7,14,4,5,20,27,
..\..\..\files\Weather\daily\Bagnacavallo.csv,10/11/2017 12:00:00 AM,22.61,9.8,0,0,89.2159,39.397495,0,-0.19843817,6.2065616,9.437882,1926.3823,71.347496,88.18056,88,2.0486069,0,0,0,0,0,0,0,0,0,0,0,0,0,0,0,0,18,8,7,14,4,5,20,27,
..\..\..\files\Weather\daily\Bagnacavallo.csv,10/12/2017 12:00:00 AM,23.13,7.8500004,0,0,83.028854,31.140965,0,-1.9987397,5.6412597,8.75004,1935.1323,71.67157,88.18437,88,2.0390701,0,0,0,0,0,0,0,0,0,0,0,0,0,0,0,0,18,8,7,14,4,5,20,27,
..\..\..\files\Weather\daily\Bagnacavallo.csv,10/13/2017 12:00:00 AM,23.51,8.31,0,0,83.14022,31.44368,0,-1.5960484,6.003951,9.164549,1944.2969,72.010994,88.18836,88,2.0290947,0,0,0,0,0,0,0,0,0,0,0,0,0,0,0,0,18,8,7,14,4,5,20,27,
..\..\..\files\Weather\daily\Bagnacavallo.csv,10/14/2017 12:00:00 AM,23.29,8.34,0,0,83.80191,32.182938,0,-1.5678391,5.907161,9.073412,1953.3702,72.347046,88.19232,88,2.0191956,0,0,0,0,0,0,0,0,0,0,0,0,0,0,0,0,18,8,7,14,4,5,20,27,
..\..\..\files\Weather\daily\Bagnacavallo.csv,10/15/2017 12:00:00 AM,23.59,7.74,0,0,81.54555,29.52492,0,-2.098877,5.826123,8.926397,1962.2966,72.67765,88.196205,88,2.0094872,0,0,0,0,0,0,0,0,0,0,0,1,0,0,0,0,18,8,7,14,4,5,20,27,
..\..\..\files\Weather\daily\Bagnacavallo.csv,10/16/2017 12:00:00 AM,25.59,7.8899994,0,0,76.31421,24.76781,0,-1.9842348,6.8657656,9.896649,1972.1932,73.04419,88.20052,88,1.9986916,0,0,0,0,0,0,0,0,0,0,0,0,0,0,1,0,18,8,7,14,4,5,20,27,
..\..\..\files\Weather\daily\Bagnacavallo.csv,10/17/2017 12:00:00 AM,24.75,6.7700005,0,0,76.093285,24.047865,0,-2.9398746,6.050125,9.019949,1981.2131,73.378265,88.20445,88,1.9888687,0,0,0,0,0,0,0,0,0,1,1,0,0,0,1,1,18,8,7,14,4,5,20,27,
..\..\..\files\Weather\daily\Bagnacavallo.csv,10/18/2017 12:00:00 AM,24.06,7.3199997,0,0,79.27467,27.11364,0,-2.4654722,5.9045277,8.951165,1990.1643,73.70979,88.20835,88,1.9791222,0,0,0,0,0,0,0,0,0,0,0,0,0,0,0,1,18,8,7,14,4,5,20,27,
..\..\..\files\Weather\daily\Bagnacavallo.csv,10/19/2017 12:00:00 AM,21.84,8.970001,0,1,98.027954,38.99322,0,-0.9887829,5.4462166,8.662489,1998.8268,74.03062,88.21213,88,1.9696808,0,0,0,0,0,0,0,0,0,0,0,1,0,0,0,0,18,8,7,14,4,5,20,27,
..\..\..\files\Weather\daily\Bagnacavallo.csv,10/20/2017 12:00:00 AM,19.8,12.677457,0,9,100,67.985664,0,0,6.2387276,9.4682045,2008.295,74.381294,88.21625,88,1.9593811,0,0,0,0,0,0,0,0,0,0,0,0,0,0,1,0,18,8,7,14,4,5,20,27,
..\..\..\files\Weather\daily\Bagnacavallo.csv,10/21/2017 12:00:00 AM,19.54,11.5,0,7,100,60.322685,0,0,5.5200005,8.780644,2017.0757,74.706505,88.22008,88,1.9498062,0,0,0,0,0,0,0,0,0,1,1,0,0,0,1,1,18,8,7,14,4,5,20,27,
..\..\..\files\Weather\daily\Bagnacavallo.csv,10/22/2017 12:00:00 AM,21.08,11.696761,0.39166665,7,100,57.988132,0,0,6.38838,9.600468,2026.6761,75.06208,88.22426,88,1.939354,0,0,0,0,0,0,0,0,0,0,0,1,0,0,0,1,18,8,7,14,4,5,20,27,
..\..\..\files\Weather\daily\Bagnacavallo.csv,10/23/2017 12:00:00 AM,20.77,7.367915,9.0625,24,94.66867,47.86001,0,-2.373623,4.32742,7.119694,2033.7959,75.325775,88.22736,88,1.931591,0,0,1,0,0,0,1,1,0,0,0,0,0,0,0,0,18,8,8,14,4,5,21,28,
..\..\..\files\Weather\daily\Bagnacavallo.csv,10/24/2017 12:00:00 AM,19.77,5.24,1.2458333,23,84.322914,32.462776,0,-3.9803166,3.2846837,4.889752,2038.6857,75.50688,88.22949,88,1.9262695,0,0,0,0,0,0,0,0,0,0,0,0,0,0,0,0,18,8,8,14,4,5,21,28,
..\..\..\files\Weather\daily\Bagnacavallo.csv,10/25/2017 12:00:00 AM,21.28,4.3899994,0,0,79.06017,26.132376,0,-4.678322,3.7666788,5.4010673,2044.0868,75.70692,88.23185,88,1.9203758,0,0,0,0,0,0,0,0,0,0,0,0,0,0,0,0,18,8,8,14,4,5,21,28,
..\..\..\files\Weather\daily\Bagnacavallo.csv,10/26/2017 12:00:00 AM,20.36,3.5900002,0,0,79.05193,26.139774,0,-5.1849523,3.200048,4.0188465,2048.1057,75.85577,88.2336,88,1.916008,0,0,0,0,0,0,0,0,0,0,0,0,0,0,0,0,18,8,8,14,4,5,21,28,
..\..\..\files\Weather\daily\Bagnacavallo.csv,10/27/2017 12:00:00 AM,20.74,4.3899994,0,0,80.22431,27.41183,-4.6475506,-4.6475506,0,0,0,0,0,0,0,0,0,0,0,0,0,0,0,0,0,0,0,0,0,0,0,0,0,0,0,0,0,0,0,
..\..\..\files\Weather\daily\Bagnacavallo.csv,10/28/2017 12:00:00 AM,20.01,4.6999993,0,0,82.49423,30.133652,-9.030176,-4.382626,0,0,0,0,0,0,0,0,0,0,0,0,0,0,0,0,0,0,0,0,0,0,0,0,0,0,0,0,0,0,0,
..\..\..\files\Weather\daily\Bagnacavallo.csv,10/29/2017 12:00:00 AM,21.18,4.3099995,0,0,79.08458,26.154253,-13.7606,-4.730424,0,0,0,0,0,0,0,0,0,0,0,0,0,0,0,0,0,0,0,0,0,0,0,0,0,0,0,0,0,0,0,
..\..\..\files\Weather\daily\Bagnacavallo.csv,10/30/2017 12:00:00 AM,22.61,6.1100006,0,0,80.126854,27.524769,-17.19205,-3.4314508,0,0,0,0,0,0,0,0,0,0,0,0,0,0,0,0,0,0,0,0,0,0,0,0,0,0,0,0,0,0,0,
..\..\..\files\Weather\daily\Bagnacavallo.csv,10/31/2017 12:00:00 AM,18.94,4.6399994,0,0,84.390114,32.808857,-21.54752,-4.3554688,0,0,0,0,0,0,0,0,0,0,0,0,0,0,0,0,0,0,0,0,0,0,0,0,0,0,0,0,0,0,0,
..\..\..\files\Weather\daily\Bagnacavallo.csv,11/1/2017 12:00:00 AM,17.42,3.6399999,0,0,84.37659,33.642616,-26.439827,-4.8923078,0,0,0,0,0,0,0,0,0,0,0,0,0,0,0,0,0,0,0,0,0,0,0,0,0,0,0,0,0,0,0,
..\..\..\files\Weather\daily\Bagnacavallo.csv,11/2/2017 12:00:00 AM,18.82,1.9400005,0,0,77.88104,25.205511,-32.57555,-6.135722,0,0,0,0,0,0,0,0,0,0,0,0,0,0,0,0,0,0,0,0,0,0,0,0,0,0,0,0,0,0,0,
..\..\..\files\Weather\daily\Bagnacavallo.csv,11/3/2017 12:00:00 AM,18.7,2.1100006,0,0,80.474525,25.910631,-38.589355,-6.0138063,0,0,0,0,0,0,0,0,0,0,0,0,0,0,0,0,0,0,0,0,0,0,0,0,0,0,0,0,0,0,0,
..\..\..\files\Weather\daily\Bagnacavallo.csv,11/4/2017 12:00:00 AM,18.53,6.75,0,1,90.53055,41.797356,-41.391033,-2.8016768,0,0,0,0,0,0,0,0,0,0,0,0,0,0,0,0,0,0,0,0,0,0,0,0,0,0,0,0,0,0,0,
..\..\..\files\Weather\daily\Bagnacavallo.csv,11/5/2017 12:00:00 AM,17.27,7.1300006,0.6125,4,93.649216,48.042015,-43.854874,-2.463841,0,0,0,0,0,0,0,0,0,0,0,0,0,0,0,0,0,0,0,0,0,0,0,0,0,0,0,0,0,0,0,
..\..\..\files\Weather\daily\Bagnacavallo.csv,11/6/2017 12:00:00 AM,19.1,7,14.216667,24,99.77765,40.84382,-46.48297,-2.6280992,0,0,0,0,0,0,0,1,0,1,0,0,0,1,0,0,0,0,0,0,0,0,0,1,0,1,0,0,0,1,0,
..\..\..\files\Weather\daily\Bagnacavallo.csv,11/7/2017 12:00:00 AM,13,9.1,5.6,24,100,80.029305,-47.279125,-0.79615355,0,0,0,0,0,0,0,1,0,1,0,0,0,1,0,0,0,0,0,0,0,0,0,1,0,1,0,0,0,1,0,
..\..\..\files\Weather\daily\Bagnacavallo.csv,11/8/2017 12:00:00 AM,12.75,6.595991,60.670834,24,100,81.69367,-49.74169,-2.4625676,0,0,0,0,0,0,0,1,0,0,0,1,0,1,0,0,0,0,0,0,0,0,0,1,0,0,0,1,0,1,0,
..\..\..\files\Weather\daily\Bagnacavallo.csv,11/9/2017 12:00:00 AM,13.449999,5.4199996,4.6,23,93.41104,54.42171,-53.015564,-3.2738733,0,0,0,0,0,0,0,1,0,0,0,1,0,1,0,0,0,0,0,0,0,0,0,1,0,0,0,1,0,1,0,
..\..\..\files\Weather\daily\Bagnacavallo.csv,11/10/2017 12:00:00 AM,15.48,5.1399994,0,1,90.82147,45.51116,-56.733418,-3.7178533,0,0,0,0,0,0,0,0,0,0,0,0,0,0,0,0,0,0,0,0,0,0,0,0,0,0,0,0,0,0,0,
..\..\..\files\Weather\daily\Bagnacavallo.csv,11/11/2017 12:00:00 AM,13.34,4.3001637,0,3,93.21778,54.321075,-60.63631,-3.9028935,0,0,0,0,0,0,0,0,0,0,0,0,0,0,0,0,0,0,0,0,0,0,0,0,0,0,0,0,0,0,0,
..\..\..\files\Weather\daily\Bagnacavallo.csv,11/12/2017 12:00:00 AM,15.199999,2.4299998,0,1,92.4866,35.44842,-65.96258,-5.3262687,0,0,0,0,0,0,0,0,0,0,0,0,0,0,0,0,0,0,0,0,0,0,0,0,0,0,0,0,0,0,0,
..\..\..\files\Weather\daily\Bagnacavallo.csv,11/13/2017 12:00:00 AM,12.83,3.1930919,2.9208333,7,98.044754,66.3363,-70.3655,-4.4029217,0,0,0,0,0,0,0,0,0,0,0,0,0,0,0,0,0,0,0,0,0,0,0,0,0,0,0,0,0,0,0,
..\..\..\files\Weather\daily\Bagnacavallo.csv,11/14/2017 12:00:00 AM,8.34,2.3099997,67.34167,24,86.028854,56.298195,-73.3805,-3.015,0,0,0,0,0,0,0,0,0,0,0,0,0,0,0,0,0,0,0,0,0,0,0,0,0,0,0,0,0,0,0,
..\..\..\files\Weather\daily\Bagnacavallo.csv,11/15/2017 12:00:00 AM,12.57,5.0300007,3.766667,24,92.87872,55.781765,-76.71251,-3.3320088,0,0,0,0,0,0,0,0,0,0,0,0,0,1,0,0,0,0,0,0,0,0,0,0,0,0,0,0,0,1,0,
..\..\..\files\Weather\daily\Bagnacavallo.csv,11/16/2017 12:00:00 AM,8.89,5.0197196,0.67083335,23,93.912155,73.73469,-78.64765,-1.9351401,0,0,0,0,0,0,0,0,0,0,0,0,0,0,0,0,0,0,0,0,0,0,0,0,0,0,0,0,0,0,0,
..\..\..\files\Weather\daily\Bagnacavallo.csv,11/17/2017 12:00:00 AM,12.42,3.4163024,0,0,89.55197,49.657364,-82.82428,-4.176627,0,0,0,0,0,0,0,0,0,0,0,0,0,0,0,0,0,0,0,0,0,0,0,0,0,0,0,0,0,0,0,
..\..\..\files\Weather\daily\Bagnacavallo.csv,11/18/2017 12:00:00 AM,12.72,1.8199997,0,0,84.380486,40.00423,-87.934906,-5.1106243,0,0,0,0,0,0,0,0,0,0,0,0,0,0,0,0,0,0,0,0,0,0,0,0,0,0,0,0,0,0,0,
..\..\..\files\Weather\daily\Bagnacavallo.csv,11/19/2017 12:00:00 AM,13.25,2.7299995,0,0,86.45091,42.242695,-92.69289,-4.7579803,0,0,0,0,0,0,0,0,0,0,0,0,0,0,0,0,0,0,0,0,0,0,0,0,0,0,0,0,0,0,0,
..\..\..\files\Weather\daily\Bagnacavallo.csv,11/20/2017 12:00:00 AM,13.82,1.3400002,0,0,82.49152,35.168896,-98.34825,-5.6553683,0,0,0,0,0,0,0,0,0,0,0,0,0,0,0,0,0,0,0,0,0,0,0,0,0,0,0,0,0,0,0,
..\..\..\files\Weather\daily\Bagnacavallo.csv,11/21/2017 12:00:00 AM,13.69,-0.48999977,0,0,77.95361,29.358446,-105.43684,-7.0885825,0,0,0,0,0,0,0,0,0,0,0,0,0,0,0,0,0,0,0,0,0,0,0,0,0,0,0,0,0,0,0,
..\..\..\files\Weather\daily\Bagnacavallo.csv,11/22/2017 12:00:00 AM,14.44,0.39000034,0,0,79.60471,30.442854,-104.73528,-6.323448,0.7015515,0,0,0,0,0,0,0,0,0,0,0,0,0,0,0,0,0,0,0,0,0,0,0,0,0,0,0,0,0,0,
..\..\..\files\Weather\daily\Bagnacavallo.csv,11/23/2017 12:00:00 AM,13.82,0.47000027,0,0,80.280075,32.145428,-104.18875,-6.128468,0.5465318,0,0,0,0,0,0,0,0,0,0,0,0,0,0,0,0,0,0,0,0,0,0,0,0,0,0,0,0,0,0,
..\..\..\files\Weather\daily\Bagnacavallo.csv,11/24/2017 12:00:00 AM,13.32,3.3699994,0,0,88.07759,44.828114,-103.634865,-4.4211106,0.5538893,0,0,0,0,0,0,0,0,0,0,0,0,0,0,0,0,0,0,0,0,0,0,0,0,0,0,0,0,0,0,
..\..\..\files\Weather\daily\Bagnacavallo.csv,11/25/2017 12:00:00 AM,13.36,1.7600002,0,0,84.84476,37.971706,-103.14825,-5.3133793,0.4866206,0,0,0,0,0,0,0,0,0,0,0,0,0,0,0,0,0,0,0,0,0,0,0,0,0,0,0,0,0,0,
..\..\..\files\Weather\daily\Bagnacavallo.csv,11/26/2017 12:00:00 AM,16.01,3.9304147,0.59166664,4,93.455826,49.330406,-101.65316,-4.544704,1.4950886,0,0,0,0,0,0,0,0,0,0,0,0,0,0,0,0,0,0,0,0,0,0,0,0,0,0,0,0,0,0,
..\..\..\files\Weather\daily\Bagnacavallo.csv,11/27/2017 12:00:00 AM,9.12,-0.04168569,13.608333,23,87.84784,57.708923,-101.65316,-4.539252,0,0,0,0,0,0,0,0,0,0,0,0,0,0,0,0,0,0,0,0,0,0,0,0,0,0,0,0,0,0,0,
..\..\..\files\Weather\daily\Bagnacavallo.csv,11/28/2017 12:00:00 AM,9.74,-1.7200003,0,0,75.84549,33.883465,-101.65316,-4.139075,0,0,0,0,0,0,0,0,0,0,0,0,0,0,0,0,0,0,0,0,0,0,0,0,0,0,0,0,0,0,0,
..\..\..\files\Weather\daily\Bagnacavallo.csv,11/29/2017 12:00:00 AM,12.06,-2.3599997,0.06666667,1,84.171585,27.061718,-101.50602,-5.1902637,0.14714292,0,0,0,0,0,0,0,0,0,0,0,0,0,0,0,0,0,0,0,0,0,0,0,0,0,0,0,0,0,0,
..\..\..\files\Weather\daily\Bagnacavallo.csv,11/30/2017 12:00:00 AM,4.7,0.39412767,1.6166668,24,85.2745,68.47933,-101.50602,-2.1529362,0,0,0,0,0,0,0,0,0,0,0,0,0,0,0,0,0,0,0,0,0,0,0,0,0,0,0,0,0,0,0,
..\..\..\files\Weather\daily\Bagnacavallo.csv,12/1/2017 12:00:00 AM,9.86,-1.2300005,2.0833335,24,77.08482,35.414333,-101.50602,-4.3832097,0,0,0,0,0,0,0,0,0,0,0,0,0,0,0,0,0,0,0,0,0,0,0,0,0,0,0,0,0,0,0,
..\..\..\files\Weather\daily\Bagnacavallo.csv,12/2/2017 12:00:00 AM,5.79,-1.9499999,3.891667,24,81.61539,41.988747,-101.50602,-2.1656396,0,0,0,0,0,0,0,0,0,0,0,0,0,0,0,0,0,0,0,0,0,0,0,0,0,0,0,0,0,0,0,
..\..\..\files\Weather\daily\Bagnacavallo.csv,12/3/2017 12:00:00 AM,8.67,0.6733145,1.3416667,23,86.815926,57.43119,-101.50602,-3.9983425,0,0,0,0,0,0,0,0,0,0,0,0,0,0,0,0,0,0,0,0,0,0,0,0,0,0,0,0,0,0,0,
..\..\..\files\Weather\daily\Bagnacavallo.csv,12/4/2017 12:00:00 AM,7.57,-0.50999975,0,0,77.99951,44.10214,-101.50602,-3.5460954,0,0,0,0,0,0,0,0,0,0,0,0,0,0,0,0,0,0,0,0,0,0,0,0,0,0,0,0,0,0,0,
..\..\..\files\Weather\daily\Bagnacavallo.csv,12/5/2017 12:00:00 AM,8.77,-1.7200003,0,0,75.58407,36.046574,-101.50602,-3.6660106,0,0,0,0,0,0,0,0,0,0,0,0,0,0,0,0,0,0,0,0,0,0,0,0,0,0,0,0,0,0,0,
..\..\..\files\Weather\daily\Bagnacavallo.csv,12/6/2017 12:00:00 AM,8.63,-2.5100002,0,0,73.58436,33.417217,-101.50602,-3.3427691,0,0,0,0,0,0,0,0,0,0,0,0,0,0,0,0,0,0,0,0,0,0,0,0,0,0,0,0,0,0,0,
..\..\..\files\Weather\daily\Bagnacavallo.csv,12/7/2017 12:00:00 AM,11.74,-3.0299997,0,0,72.54669,25.745878,-101.40353,-4.7682867,0.10249151,0,0,0,0,0,0,0,0,0,0,0,0,0,0,0,0,0,0,0,0,0,0,0,0,0,0,0,0,0,0,
..\..\..\files\Weather\daily\Bagnacavallo.csv,12/8/2017 12:00:00 AM,11.41,-1.3900003,0,0,76.659706,31.39266,-101.32587,-5.1631327,0.077660136,0,0,0,0,0,0,0,0,0,0,0,0,0,0,0,0,0,0,0,0,0,0,0,0,0,0,0,0,0,0,
..\..\..\files\Weather\daily\Bagnacavallo.csv,12/9/2017 12:00:00 AM,13.700001,-0.41144878,0.18333334,1,85.55987,39.941204,-100.8408,-7.1353416,0.4850673,0,0,0,0,0,0,0,0,0,0,0,0,0,0,0,0,0,0,0,0,0,0,0,0,0,0,0,0,0,0,
..\..\..\files\Weather\daily\Bagnacavallo.csv,12/10/2017 12:00:00 AM,7.3899994,-1.7499998,4.2166667,23,74.806305,39.098804,-100.8408,-2.9875326,0,0,0,0,0,0,0,0,0,0,0,0,0,0,0,0,0,0,0,0,0,0,0,0,0,0,0,0,0,0,0,
..\..\..\files\Weather\daily\Bagnacavallo.csv,12/11/2017 12:00:00 AM,8.58,-2.54,0.14999999,1,73.49103,33.413578,-100.8408,-3.31009,0,0,0,0,0,0,0,0,0,0,0,0,0,0,0,0,0,0,0,0,0,0,0,0,0,0,0,0,0,0,0,
..\..\..\files\Weather\daily\Bagnacavallo.csv,12/12/2017 12:00:00 AM,16.65,0.45999908,3.4499998,23,79.661766,25.840885,-99.47506,-6.729265,1.3657348,0,0,0,0,0,0,0,0,0,0,0,0,0,0,0,0,0,0,0,0,0,0,0,0,0,0,0,0,0,0,
..\..\..\files\Weather\daily\Bagnacavallo.csv,12/13/2017 12:00:00 AM,17.37,2.6045716,0,0,89.64656,41.29547,-97.635735,-5.543388,1.8393272,0,0,0,0,0,0,0,0,0,0,0,0,0,0,0,0,0,0,0,0,0,0,0,0,0,0,0,0,0,0,
..\..\..\files\Weather\daily\Bagnacavallo.csv,12/14/2017 12:00:00 AM,9.8,1.3699999,0,0,83.67499,46.61446,-97.635735,-4.215,0,0,0,0,0,0,0,0,0,0,0,0,0,0,0,0,0,0,0,0,0,0,0,0,0,0,0,0,0,0,0,
..\..\..\files\Weather\daily\Bagnacavallo.csv,12/15/2017 12:00:00 AM,13.96,1.8400002,0.079166666,1,83.66973,36.63832,-96.9888,-5.4130692,0.6469307,0,0,0,0,0,0,0,0,0,0,0,0,0,0,0,0,0,0,0,0,0,0,0,0,0,0,0,0,0,0,
..\..\..\files\Weather\daily\Bagnacavallo.csv,12/16/2017 12:00:00 AM,15.81,3.4324114,1.8208333,23,87.41061,39.543083,-95.625206,-4.825197,1.3635976,0,0,0,0,0,0,0,0,0,0,0,0,0,0,0,0,0,0,0,0,0,0,0,0,0,0,0,0,0,0,
..\..\..\files\Weather\daily\Bagnacavallo.csv,12/17/2017 12:00:00 AM,7.06,-0.1194815,0,0,86.10259,64.013824,-95.625206,-3.4712534,0,0,0,0,0,0,0,0,0,0,0,0,0,0,0,0,0,0,0,0,0,0,0,0,0,0,0,0,0,0,0,
..\..\..\files\Weather\daily\Bagnacavallo.csv,12/18/2017 12:00:00 AM,7.81,-1.6865525,0,0,75.728455,39.234295,-95.625206,-3.2114863,0,0,0,0,0,0,0,0,0,0,0,0,0,0,0,0,0,0,0,0,0,0,0,0,0,0,0,0,0,0,0,
..\..\..\files\Weather\daily\Bagnacavallo.csv,12/19/2017 12:00:00 AM,6.26,-3.05,0,0,70.79763,36.31749,-95.625206,-2.1045973,0,0,0,0,0,0,0,0,0,0,0,0,0,0,0,0,0,0,0,0,0,0,0,0,0,0,0,0,0,0,0,
..\..\..\files\Weather\daily\Bagnacavallo.csv,12/20/2017 12:00:00 AM,5.08,-3.46,0,0,68.69677,37.09145,-95.625206,-1.5109133,0,0,0,0,0,0,0,0,0,0,0,0,0,0,0,0,0,0,0,0,0,0,0,0,0,0,0,0,0,0,0,
..\..\..\files\Weather\daily\Bagnacavallo.csv,12/21/2017 12:00:00 AM,5.2,-3.1246586,0,0,71.65982,41.920853,-95.625206,-1.6240904,0,0,0,0,0,0,0,0,0,0,0,0,0,0,0,0,0,0,0,0,0,0,0,0,0,0,0,0,0,0,0,
..\..\..\files\Weather\daily\Bagnacavallo.csv,12/22/2017 12:00:00 AM,6.29,-4.74,0,0,66.81409,30.129444,-95.625206,-1.7934768,0,0,0,0,0,0,0,0,0,0,0,0,0,0,0,0,0,0,0,0,0,0,0,0,0,0,0,0,0,0,0,
..\..\..\files\Weather\daily\Bagnacavallo.csv,12/23/2017 12:00:00 AM,6.01,-3.68,0,0,69.07724,34.394733,-95.625206,-1.8637823,0,0,0,0,0,0,0,0,0,0,0,0,0,0,0,0,0,0,0,0,0,0,0,0,0,0,0,0,0,0,0,
..\..\..\files\Weather\daily\Bagnacavallo.csv,12/24/2017 12:00:00 AM,10.26,-2.63,0,0,73.65852,29.711845,-95.62258,-4.085927,0.0026221923,0,0,0,0,0,0,0,0,0,0,0,0,0,0,0,0,0,0,0,0,0,0,0,0,0,0,0,0,0,0,
..\..\..\files\Weather\daily\Bagnacavallo.csv,12/25/2017 12:00:00 AM,11.71,-3.8400002,0,0,70.589775,23.626415,-95.52856,-4.5031576,0.09402251,0,0,0,0,0,0,0,0,0,0,0,0,0,0,0,0,0,0,0,0,0,0,0,0,0,0,0,0,0,0,
..\..\..\files\Weather\daily\Bagnacavallo.csv,12/26/2017 12:00:00 AM,10.86,-2.79,0,0,75.438156,28.05916,-95.501465,-4.3472233,0.027091553,0,0,0,0,0,0,0,0,0,0,0,0,0,0,0,0,0,0,0,0,0,0,0,0,0,0,0,0,0,0,
..\..\..\files\Weather\daily\Bagnacavallo.csv,12/27/2017 12:00:00 AM,13.9,2.3500004,0,0,88.31954,38.76406,-94.843025,-5.116558,0.6584415,0,0,0,0,0,0,0,0,0,0,0,0,0,0,0,0,0,0,0,0,0,0,0,0,0,0,0,0,0,0,
..\..\..\files\Weather\daily\Bagnacavallo.csv,12/28/2017 12:00:00 AM,12.17,1.7178997,0.23333333,6,94.441345,60.375244,-94.61777,-5.000789,0.22526096,0,0,0,0,0,0,0,0,0,0,0,0,0,0,0,0,0,0,0,0,0,0,0,0,0,0,0,0,0,0,
..\..\..\files\Weather\daily\Bagnacavallo.csv,12/29/2017 12:00:00 AM,6.31,-0.07206988,5.366667,23,80.65304,55.192905,-94.61777,-3.1193721,0,0,0,0,0,0,0,0,0,0,0,0,0,0,0,0,0,0,0,0,0,0,0,0,0,0,0,0,0,0,0,
..\..\..\files\Weather\daily\Bagnacavallo.csv,12/30/2017 12:00:00 AM,8.6,-1.5599997,0,0,75.91484,37.0572,-94.61777,-3.639764,0,0,0,0,0,0,0,0,0,0,0,0,0,0,0,0,0,0,0,0,0,0,0,0,0,0,0,0,0,0,0,
..\..\..\files\Weather\daily\Bagnacavallo.csv,12/31/2017 12:00:00 AM,7.1500006,-1.4600003,0,0,75.35896,40.903862,-94.61777,-2.9687867,0,0,0,0,0,0,0,0,0,0,0,0,0,0,0,0,0,0,0,0,0,0,0,0,0,0,0,0,0,0,0,
