site,Date,Tmax,Tmin,Prec,LW,RHmax,RHmin,chillState,ChillRate,antiChillState,forcingRate,forcingState,cycleCompletion,bbchCode,bbchPhase,plantSusceptibility,Rule310,Epi,Ipi,Dmcast,Magarey,UCSC,misfits,laore,onsRule310,onsEpi,onsIpi,onsDmcast,onsMagarey,onsUCSC,onsmisfits,onslaore,pressureRule310,pressureEpi,pressureIpi,pressureDmcast,pressureMagarey,pressureUCSC,pressureMisfits,pressureLaore
..\..\..\files\weather\calibration\daily\Castel Boglione.csv,1/1/2012 12:00:00 AM,1.5662581,1.5662581,0,0,71.88324,71.88324,0,-0,0,0,0,0,0,0,0,0,0,0,0,0,0,0,0,0,0,0,0,0,0,0,0,0,0,0,0,0,0,0,0,
..\..\..\files\weather\calibration\daily\Castel Boglione.csv,1/2/2012 12:00:00 AM,10.52,0.029999733,0.5125,1,80.634346,38.70417,-5.232112,-5.232112,0,0,0,0,0,0,0,0,0,0,0,0,0,0,0,0,0,0,0,0,0,0,0,0,0,0,0,0,0,0,0,
..\..\..\files\weather\calibration\daily\Castel Boglione.csv,1/3/2012 12:00:00 AM,6.88,1.298625,11.787499,23,84.58937,61.314903,-8.0227995,-2.7906876,0,0,0,0,0,0,0,0,0,0,0,0,0,0,0,0,0,0,0,0,0,0,0,0,0,0,0,0,0,0,0,
..\..\..\files\weather\calibration\daily\Castel Boglione.csv,1/4/2012 12:00:00 AM,7.76,0.19000006,0,0,79.87651,46.9102,-11.807799,-3.785,0,0,0,0,0,0,0,0,0,0,0,0,0,0,0,0,0,0,0,0,0,0,0,0,0,0,0,0,0,0,0,
..\..\..\files\weather\calibration\daily\Castel Boglione.csv,1/5/2012 12:00:00 AM,9.54,-0.3699999,0,0,79.186745,39.58211,-16.399706,-4.591907,0,0,0,0,0,0,0,0,0,0,0,0,0,0,0,0,0,0,0,0,0,0,0,0,0,0,0,0,0,0,0,
..\..\..\files\weather\calibration\daily\Castel Boglione.csv,1/6/2012 12:00:00 AM,10.43,0.14999962,0,0,81.16366,39.42615,-21.530712,-5.131007,0,0,0,0,0,0,0,0,0,0,0,0,0,0,0,0,0,0,0,0,0,0,0,0,0,0,0,0,0,0,0,
..\..\..\files\weather\calibration\daily\Castel Boglione.csv,1/7/2012 12:00:00 AM,10.76,0.80730873,0,0,87.94646,51.57955,-26.47804,-4.9473286,0,0,0,0,0,0,0,0,0,0,0,0,0,0,0,0,0,0,0,0,0,0,0,0,0,0,0,0,0,0,0,
..\..\..\files\weather\calibration\daily\Castel Boglione.csv,1/8/2012 12:00:00 AM,10.35,-0.8299999,0,0,78.133446,35.771397,-31.274328,-4.796288,0,0,0,0,0,0,0,0,0,0,0,0,0,0,0,0,0,0,0,0,0,0,0,0,0,0,0,0,0,0,0,
..\..\..\files\weather\calibration\daily\Castel Boglione.csv,1/9/2012 12:00:00 AM,14.54,1.2600002,0,0,81.72082,33.06195,-37.13829,-5.8639607,0,0,0,0,0,0,0,0,0,0,0,0,0,0,0,0,0,0,0,0,0,0,0,0,0,0,0,0,0,0,0,
..\..\..\files\weather\calibration\daily\Castel Boglione.csv,1/10/2012 12:00:00 AM,11.78,0.27999973,0,0,80.78333,36.46535,-42.750534,-5.6122437,0,0,0,0,0,0,0,0,0,0,0,0,0,0,0,0,0,0,0,0,0,0,0,0,0,0,0,0,0,0,0,
..\..\..\files\weather\calibration\daily\Castel Boglione.csv,1/11/2012 12:00:00 AM,12.91,-0.15999985,0,0,79.23565,32.162685,-49.450466,-6.6999307,0,0,0,0,0,0,0,0,0,0,0,0,0,0,0,0,0,0,0,0,0,0,0,0,0,0,0,0,0,0,0,
..\..\..\files\weather\calibration\daily\Castel Boglione.csv,1/12/2012 12:00:00 AM,10.28,-0.75,0,0,78.330956,36.241226,-54.24452,-4.7940526,0,0,0,0,0,0,0,0,0,0,0,0,0,0,0,0,0,0,0,0,0,0,0,0,0,0,0,0,0,0,0,
..\..\..\files\weather\calibration\daily\Castel Boglione.csv,1/13/2012 12:00:00 AM,7.28,-1.0499997,0,0,76.46349,42.39225,-57.425694,-3.1811767,0,0,0,0,0,0,0,0,0,0,0,0,0,0,0,0,0,0,0,0,0,0,0,0,0,0,0,0,0,0,0,
..\..\..\files\weather\calibration\daily\Castel Boglione.csv,1/14/2012 12:00:00 AM,9.89,-1.0199995,0,0,77.61451,36.13818,-61.908375,-4.4826813,0,0,0,0,0,0,0,0,0,0,0,0,0,0,0,0,0,0,0,0,0,0,0,0,0,0,0,0,0,0,0,
..\..\..\files\weather\calibration\daily\Castel Boglione.csv,1/15/2012 12:00:00 AM,7.06,-1.7199998,0,0,74.65495,39.99964,-64.74685,-2.8384738,0,0,0,0,0,0,0,0,0,0,0,0,0,0,0,0,0,0,0,0,0,0,0,0,0,0,0,0,0,0,0,
..\..\..\files\weather\calibration\daily\Castel Boglione.csv,1/16/2012 12:00:00 AM,3.38,-2.43,0,0,69.05434,45.354195,-65.73002,-0.98316693,0,0,0,0,0,0,0,0,0,0,0,0,0,0,0,0,0,0,0,0,0,0,0,0,0,0,0,0,0,0,0,
..\..\..\files\weather\calibration\daily\Castel Boglione.csv,1/17/2012 12:00:00 AM,3.06,-2.7069817,0,0,68.88594,46.692528,-66.54185,-0.8118285,0,0,0,0,0,0,0,0,0,0,0,0,0,0,0,0,0,0,0,0,0,0,0,0,0,0,0,0,0,0,0,
..\..\..\files\weather\calibration\daily\Castel Boglione.csv,1/18/2012 12:00:00 AM,3.78,-3.82,0,0,66.34099,38.190235,-67.48187,-0.9400263,0,0,0,0,0,0,0,0,0,0,0,0,0,0,0,0,0,0,0,0,0,0,0,0,0,0,0,0,0,0,0,
..\..\..\files\weather\calibration\daily\Castel Boglione.csv,1/19/2012 12:00:00 AM,4.05,-3.2799997,0,0,67.93717,39.955624,-68.60073,-1.118861,0,0,0,0,0,0,0,0,0,0,0,0,0,0,0,0,0,0,0,0,0,0,0,0,0,0,0,0,0,0,0,
..\..\..\files\weather\calibration\daily\Castel Boglione.csv,1/20/2012 12:00:00 AM,5.61,-2.57,0,0,71.35693,39.679207,-70.52445,-1.9237225,0,0,0,0,0,0,0,0,0,0,0,0,0,0,0,0,0,0,0,0,0,0,0,0,0,0,0,0,0,0,0,
..\..\..\files\weather\calibration\daily\Castel Boglione.csv,1/21/2012 12:00:00 AM,12.48,-0.14000034,0,0,79.48232,33.233334,-76.9389,-6.4144526,0,0,0,0,0,0,0,0,0,0,0,0,0,0,0,0,0,0,0,0,0,0,0,0,0,0,0,0,0,0,0,
..\..\..\files\weather\calibration\daily\Castel Boglione.csv,1/22/2012 12:00:00 AM,10.55,1.0600004,0,0,82.94023,42.976414,-81.66797,-4.729062,0,0,0,0,0,0,0,0,0,0,0,0,0,0,0,0,0,0,0,0,0,0,0,0,0,0,0,0,0,0,0,
..\..\..\files\weather\calibration\daily\Castel Boglione.csv,1/23/2012 12:00:00 AM,15.63,1.6899996,0,0,81.74524,31.7985,-87.50107,-5.8330956,0,0,0,0,0,0,0,0,0,0,0,0,0,0,0,0,0,0,0,0,0,0,0,0,0,0,0,0,0,0,0,
..\..\..\files\weather\calibration\daily\Castel Boglione.csv,1/24/2012 12:00:00 AM,9.84,0.4300003,0,0,81.27205,42.195942,-92.20607,-4.705,0,0,0,0,0,0,0,0,0,0,0,0,0,0,0,0,0,0,0,0,0,0,0,0,0,0,0,0,0,0,0,
..\..\..\files\weather\calibration\daily\Castel Boglione.csv,1/25/2012 12:00:00 AM,11.16,0.10000038,0,0,80.44817,37.34445,-97.67524,-5.4691677,0,0,0,0,0,0,0,0,0,0,0,0,0,0,0,0,0,0,0,0,0,0,0,0,0,0,0,0,0,0,0,
..\..\..\files\weather\calibration\daily\Castel Boglione.csv,1/26/2012 12:00:00 AM,9.97,-1.5799999,0,0,76.2269,33.880314,-101.97831,-4.303069,0,0,0,0,0,0,0,0,0,0,0,0,0,0,0,0,0,0,0,0,0,0,0,0,0,0,0,0,0,0,0,
..\..\..\files\weather\calibration\daily\Castel Boglione.csv,1/27/2012 12:00:00 AM,7.05,-0.88999987,0,0,76.69856,43.706844,-101.97831,-3.1298804,0,0,0,0,0,0,0,0,0,0,0,0,0,0,0,0,0,0,0,0,0,0,0,0,0,0,0,0,0,0,0,
..\..\..\files\weather\calibration\daily\Castel Boglione.csv,1/28/2012 12:00:00 AM,6.73,1.0700002,0.2375,1,81.37236,54.646164,-101.97831,-2.83,0,0,0,0,0,0,0,0,0,0,0,0,0,0,0,0,0,0,0,0,0,0,0,0,0,0,0,0,0,0,0,
..\..\..\files\weather\calibration\daily\Castel Boglione.csv,1/29/2012 12:00:00 AM,4.3,1.0842013,5.5916667,24,79.13898,63.594673,-101.97831,-1.6078994,0,0,0,0,0,0,0,0,0,0,0,0,0,0,0,0,0,0,0,0,0,0,0,0,0,0,0,0,0,0,0,
..\..\..\files\weather\calibration\daily\Castel Boglione.csv,1/30/2012 12:00:00 AM,3.44,-0.6464493,3.0749998,24,76.609276,62.905468,-101.97831,-1.4479072,0,0,0,0,0,0,0,0,0,0,0,0,0,0,0,0,0,0,0,0,0,0,0,0,0,0,0,0,0,0,0,
..\..\..\files\weather\calibration\daily\Castel Boglione.csv,1/31/2012 12:00:00 AM,4.27,-1.9602364,2.3958333,23,72.461365,47.91473,-101.97831,-1.4632591,0,0,0,0,0,0,0,0,0,0,0,0,0,0,0,0,0,0,0,0,0,0,0,0,0,0,0,0,0,0,0,
..\..\..\files\weather\calibration\daily\Castel Boglione.csv,2/1/2012 12:00:00 AM,0.01999998,-3.2312276,0,0,63.83538,53.849495,-101.97831,-6.151511E-05,0,0,0,0,0,0,0,0,0,0,0,0,0,0,0,0,0,0,0,0,0,0,0,0,0,0,0,0,0,0,0,
..\..\..\files\weather\calibration\daily\Castel Boglione.csv,2/2/2012 12:00:00 AM,0.5500001,-3.88,0,0,61.298378,44.233177,-101.97831,-0.03414222,0,0,0,0,0,0,0,0,0,0,0,0,0,0,0,0,0,0,0,0,0,0,0,0,0,0,0,0,0,0,0,
..\..\..\files\weather\calibration\daily\Castel Boglione.csv,2/3/2012 12:00:00 AM,-0.01999998,-6.3689046,0,0,59.954865,44.583393,-101.97831,0,0,0,0,0,0,0,0,0,0,0,0,0,0,0,0,0,0,0,0,0,0,0,0,0,0,0,0,0,0,0,0,
..\..\..\files\weather\calibration\daily\Castel Boglione.csv,2/4/2012 12:00:00 AM,0.34000015,-7.52,0,0,53.19648,29.534222,-101.97831,-0.007353696,0,0,0,0,0,0,0,0,0,0,0,0,0,0,0,0,0,0,0,0,0,0,0,0,0,0,0,0,0,0,0,
..\..\..\files\weather\calibration\daily\Castel Boglione.csv,2/5/2012 12:00:00 AM,-0.6999998,-8.422026,0,0,49.715916,27.825558,-101.97831,0,0,0,0,0,0,0,0,0,0,0,0,0,0,0,0,0,0,0,0,0,0,0,0,0,0,0,0,0,0,0,0,
..\..\..\files\weather\calibration\daily\Castel Boglione.csv,2/6/2012 12:00:00 AM,0.6000004,-9.97,0,0,48.665386,21.89171,-101.97831,-0.017029349,0,0,0,0,0,0,0,0,0,0,0,0,0,0,0,0,0,0,0,0,0,0,0,0,0,0,0,0,0,0,0,
..\..\..\files\weather\calibration\daily\Castel Boglione.csv,2/7/2012 12:00:00 AM,0.6999998,-11.19,0,0,46.433094,18.821354,-101.97831,-0.020605542,0,0,0,0,0,0,0,0,0,0,0,0,0,0,0,0,0,0,0,0,0,0,0,0,0,0,0,0,0,0,0,
..\..\..\files\weather\calibration\daily\Castel Boglione.csv,2/8/2012 12:00:00 AM,0.35999966,-9.14,0,0,60.03032,24.405865,-101.97831,-0.0068210396,0,0,0,0,0,0,0,0,0,0,0,0,0,0,0,0,0,0,0,0,0,0,0,0,0,0,0,0,0,0,0,
..\..\..\files\weather\calibration\daily\Castel Boglione.csv,2/9/2012 12:00:00 AM,4.62,-4.858165,0,0,66.207054,34.63274,-101.97831,-1.1259774,0,0,0,0,0,0,0,0,0,0,0,0,0,0,0,0,0,0,0,0,0,0,0,0,0,0,0,0,0,0,0,
..\..\..\files\weather\calibration\daily\Castel Boglione.csv,2/10/2012 12:00:00 AM,5.76,-6.68,0,0,61.902027,24.976892,-101.97831,-1.3335048,0,0,0,0,0,0,0,0,0,0,0,0,0,0,0,0,0,0,0,0,0,0,0,0,0,0,0,0,0,0,0,
..\..\..\files\weather\calibration\daily\Castel Boglione.csv,2/11/2012 12:00:00 AM,-0.55999994,-4.860384,0,0,59.34406,46.5231,-101.97831,0,0,0,0,0,0,0,0,0,0,0,0,0,0,0,0,0,0,0,0,0,0,0,0,0,0,0,0,0,0,0,0,
..\..\..\files\weather\calibration\daily\Castel Boglione.csv,2/12/2012 12:00:00 AM,-0.19999981,-7.230695,0,0,56.150837,37.397266,-101.97831,0,0,0,0,0,0,0,0,0,0,0,0,0,0,0,0,0,0,0,0,0,0,0,0,0,0,0,0,0,0,0,0,
..\..\..\files\weather\calibration\daily\Castel Boglione.csv,2/13/2012 12:00:00 AM,0.75,-8.6,0,0,51.63449,25.588354,-101.97831,-0.030080212,0,0,0,0,0,0,0,0,0,0,0,0,0,0,0,0,0,0,0,0,0,0,0,0,0,0,0,0,0,0,0,
..\..\..\files\weather\calibration\daily\Castel Boglione.csv,2/14/2012 12:00:00 AM,3.7800002,-7.69,0,0,57.650154,24.708279,-101.97831,-0.6228597,0,0,0,0,0,0,0,0,0,0,0,0,0,0,0,0,0,0,0,0,0,0,0,0,0,0,0,0,0,0,0,
..\..\..\files\weather\calibration\daily\Castel Boglione.csv,2/15/2012 12:00:00 AM,5.8900003,-8.2,0,0,58.614223,20.839006,-101.97831,-1.2310896,0,0,0,0,0,0,0,0,0,0,0,0,0,0,0,0,0,0,0,0,0,0,0,0,0,0,0,0,0,0,0,
..\..\..\files\weather\calibration\daily\Castel Boglione.csv,2/16/2012 12:00:00 AM,9.19,-5.91,0,0,66.35183,22.218628,-101.97831,-2.7965596,0,0,0,0,0,0,0,0,0,0,0,0,0,0,0,0,0,0,0,0,0,0,0,0,0,0,0,0,0,0,0,
..\..\..\files\weather\calibration\daily\Castel Boglione.csv,2/17/2012 12:00:00 AM,11.18,-1.6300001,0,0,76.097664,31.087515,-101.92396,-4.9330525,0.054348193,0,0,0,0,0,0,0,0,0,0,0,0,0,0,0,0,0,0,0,0,0,0,0,0,0,0,0,0,0,0,
..\..\..\files\weather\calibration\daily\Castel Boglione.csv,2/18/2012 12:00:00 AM,10.21,-0.8199997,0,0,78.150406,36.14181,-101.92196,-4.7274795,0.0019990942,0,0,0,0,0,0,0,0,0,0,0,0,0,0,0,0,0,0,0,0,0,0,0,0,0,0,0,0,0,0,
..\..\..\files\weather\calibration\daily\Castel Boglione.csv,2/19/2012 12:00:00 AM,9.42,-0.60999966,0,0,78.651886,38.897354,-101.92196,-4.4235497,0,0,0,0,0,0,0,0,0,0,0,0,0,0,0,0,0,0,0,0,0,0,0,0,0,0,0,0,0,0,0,
..\..\..\files\weather\calibration\daily\Castel Boglione.csv,2/20/2012 12:00:00 AM,9.07,1.8699999,0,0,84.784775,51.41963,-101.92196,-3.6,0,0,0,0,0,0,0,0,0,0,0,0,0,0,0,0,0,0,0,0,0,0,0,0,0,0,0,0,0,0,0,
..\..\..\files\weather\calibration\daily\Castel Boglione.csv,2/21/2012 12:00:00 AM,6.35,1.5799999,0,0,82.3386,58.878864,-101.92196,-2.385,0,0,0,0,0,0,0,0,0,0,0,0,0,0,0,0,0,0,0,0,0,0,0,0,0,0,0,0,0,0,0,
..\..\..\files\weather\calibration\daily\Castel Boglione.csv,2/22/2012 12:00:00 AM,10.43,0.97000027,0,0,82.707405,42.921032,-101.912186,-4.7202272,0.009772741,0,0,0,0,0,0,0,0,0,0,0,0,0,0,0,0,0,0,0,0,0,0,0,0,0,0,0,0,0,0,
..\..\..\files\weather\calibration\daily\Castel Boglione.csv,2/23/2012 12:00:00 AM,13.07,-0.10999966,0,0,79.27872,31.96122,-101.55464,-6.838004,0.35754547,0,0,0,0,0,0,0,0,0,0,0,0,0,0,0,0,0,0,0,0,0,0,0,0,0,0,0,0,0,0,
..\..\..\files\weather\calibration\daily\Castel Boglione.csv,2/24/2012 12:00:00 AM,16.44,0.55999994,0,0,77.97,26.551958,-100.248795,-6.634156,1.305844,0,0,0,0,0,0,0,0,0,0,0,0,0,0,0,0,0,0,0,0,0,0,0,0,0,0,0,0,0,0,
..\..\..\files\weather\calibration\daily\Castel Boglione.csv,2/25/2012 12:00:00 AM,17.78,4.1900005,0,0,85.222015,34.526764,-98.02185,-4.5680532,2.2269466,0,0,0,0,0,0,0,0,0,0,0,0,0,0,0,0,0,0,0,0,0,0,0,0,0,0,0,0,0,0,
..\..\..\files\weather\calibration\daily\Castel Boglione.csv,2/26/2012 12:00:00 AM,17.67,5.4699993,0,0,88.68257,39.560123,-95.61083,-3.68898,2.4110203,0,0,0,0,0,0,0,0,0,0,0,0,0,0,0,0,0,0,0,0,0,0,0,0,0,0,0,0,0,0,
..\..\..\files\weather\calibration\daily\Castel Boglione.csv,2/27/2012 12:00:00 AM,19.1,3.352309,0,0,81.66674,29.365713,-92.98156,-5.2445707,2.6292746,0,0,0,0,0,0,0,0,0,0,0,0,0,0,0,0,0,0,0,0,0,0,0,0,0,0,0,0,0,0,
..\..\..\files\weather\calibration\daily\Castel Boglione.csv,2/28/2012 12:00:00 AM,15.78,1.2200003,0,0,80.39291,29.946339,-91.83429,-6.1327333,1.1472664,0,0,0,0,0,0,0,0,0,0,0,0,0,0,0,0,0,0,0,0,0,0,0,0,0,0,0,0,0,0,
..\..\..\files\weather\calibration\daily\Castel Boglione.csv,2/29/2012 12:00:00 AM,13.65,1.1700001,0,0,82.17521,34.993137,-91.30054,-5.706246,0.53375393,0,0,0,0,0,0,0,0,0,0,0,0,0,0,0,0,0,0,0,0,0,0,0,0,0,0,0,0,0,0,
..\..\..\files\weather\calibration\daily\Castel Boglione.csv,3/1/2012 12:00:00 AM,19.32,3.42,0,0,80.64353,28.103045,-88.569016,-5.218478,2.7315218,0,0,0,0,0,0,0,0,0,0,0,0,0,0,0,0,0,0,0,0,0,0,0,0,0,0,0,0,0,0,
..\..\..\files\weather\calibration\daily\Castel Boglione.csv,3/2/2012 12:00:00 AM,18.96,4.0400004,0,0,82.84453,30.843159,-85.87862,-4.7695975,2.690402,0,0,0,0,0,0,0,0,0,0,0,0,0,0,0,0,0,0,0,0,0,0,0,0,0,0,0,0,0,0,
..\..\..\files\weather\calibration\daily\Castel Boglione.csv,3/3/2012 12:00:00 AM,20.87,6.104853,0,0,84.71859,32.839573,-81.8774,-3.3813634,4.00121,0,0,0,0,0,0,0,0,0,0,0,0,0,0,0,0,0,0,0,0,0,0,0,0,0,0,0,0,0,0,
..\..\..\files\weather\calibration\daily\Castel Boglione.csv,3/4/2012 12:00:00 AM,17.44,4.16,0,0,87.65748,35.38719,-79.793304,-4.555904,2.0840964,0,0,0,0,0,0,0,0,0,0,0,0,0,0,0,0,0,0,0,0,0,0,0,0,0,0,0,0,0,0,
..\..\..\files\weather\calibration\daily\Castel Boglione.csv,3/5/2012 12:00:00 AM,15.81,5.219084,0.6375,6,95.62261,53.717087,-78.19967,-3.7018232,1.5936346,0,0,0,0,0,0,0,0,0,0,0,0,0,0,0,0,0,0,0,0,0,0,0,0,0,0,0,0,0,0,
..\..\..\files\weather\calibration\daily\Castel Boglione.csv,3/6/2012 12:00:00 AM,11.45,3.6266868,15.0875,24,90.9188,55.278145,-78.06529,-3.7772827,0.134374,0,0,0,0,0,0,0,0,0,0,0,0,0,0,0,0,0,0,0,0,0,0,0,0,0,0,0,0,0,0,
..\..\..\files\weather\calibration\daily\Castel Boglione.csv,3/7/2012 12:00:00 AM,8.27,2.83,9.775,23,86.940636,59.599964,-78.06529,-2.7200003,0,0,0,0,0,0,0,0,0,0,0,0,0,0,0,0,0,0,0,0,0,0,0,0,0,0,0,0,0,0,0,
..\..\..\files\weather\calibration\daily\Castel Boglione.csv,3/8/2012 12:00:00 AM,13.44,1.46,0,0,83.05399,36.60909,-77.5714,-5.49611,0.49388972,0,0,0,0,0,0,0,0,0,0,0,0,0,0,0,0,0,0,0,0,0,0,0,0,0,0,0,0,0,0,
..\..\..\files\weather\calibration\daily\Castel Boglione.csv,3/9/2012 12:00:00 AM,14.08,3.8400002,0,0,88.76435,44.447983,-76.75859,-4.3071876,0.81281245,0,0,0,0,0,0,0,0,0,0,0,0,0,0,0,0,0,0,0,0,0,0,0,0,0,0,0,0,0,0,
..\..\..\files\weather\calibration\daily\Castel Boglione.csv,3/10/2012 12:00:00 AM,13.16,3.1875305,0,3,91.41666,51.261566,-76.257935,-4.4855766,0.5006583,0,0,0,0,0,0,0,0,0,0,0,0,0,0,0,0,0,0,0,0,0,0,0,0,0,0,0,0,0,0,
..\..\..\files\weather\calibration\daily\Castel Boglione.csv,3/11/2012 12:00:00 AM,14.48,1.25,0,0,81.746765,33.17706,-75.49941,-5.8564816,0.7585184,0,0,0,0,0,0,0,0,0,0,0,0,0,0,0,0,0,0,0,0,0,0,0,0,0,0,0,0,0,0,
..\..\..\files\weather\calibration\daily\Castel Boglione.csv,3/12/2012 12:00:00 AM,18.07,2.92,0,0,81.5509,29.662249,-73.350075,-5.425663,2.1493366,0,0,0,0,0,0,0,0,0,0,0,0,0,0,0,0,0,0,0,0,0,0,0,0,0,0,0,0,0,0,
..\..\..\files\weather\calibration\daily\Castel Boglione.csv,3/13/2012 12:00:00 AM,22.64,5.9300003,0,0,79.61852,26.962767,-68.56942,-3.5743418,4.780658,0,0,0,0,0,0,0,0,0,0,0,0,0,0,0,0,0,0,0,0,0,0,0,0,0,0,0,0,0,0,
..\..\..\files\weather\calibration\daily\Castel Boglione.csv,3/14/2012 12:00:00 AM,19.27,5.24,0,0,85.29338,33.87287,-65.50695,-3.9525306,3.0624697,0,0,0,0,0,0,0,0,0,0,0,0,0,0,0,0,0,0,0,0,0,0,0,0,0,0,0,0,0,0,
..\..\..\files\weather\calibration\daily\Castel Boglione.csv,3/15/2012 12:00:00 AM,19.19,4.3600006,0,0,83.22707,31.237837,-62.659477,-4.567525,2.847475,0,0,0,0,0,0,0,0,0,0,0,0,0,0,0,0,0,0,0,0,0,0,0,0,0,0,0,0,0,0,
..\..\..\files\weather\calibration\daily\Castel Boglione.csv,3/16/2012 12:00:00 AM,19.68,5.49,0,0,85.130226,33.53479,-59.357773,-3.7932947,3.3017056,0,0,0,0,0,0,0,0,0,0,0,0,0,0,0,0,0,0,0,0,0,0,0,0,0,0,0,0,0,0,
..\..\..\files\weather\calibration\daily\Castel Boglione.csv,3/17/2012 12:00:00 AM,17.1,4.6999993,0,0,87.56688,38.380066,-57.32511,-4.1673393,2.0326612,0,0,0,0,0,0,0,0,0,0,0,0,0,0,0,0,0,0,0,0,0,0,0,0,0,0,0,0,0,0,
..\..\..\files\weather\calibration\daily\Castel Boglione.csv,3/18/2012 12:00:00 AM,16.1,5.4799995,0,2,93.46015,44.860043,-55.573227,-3.5581172,1.7518833,0,0,0,0,0,0,0,0,0,0,0,0,0,0,0,0,0,0,0,0,0,0,0,0,0,0,0,0,0,0,
..\..\..\files\weather\calibration\daily\Castel Boglione.csv,3/19/2012 12:00:00 AM,14.63,7.4259176,0.24583334,7,99.69275,64.770966,-54.085396,-2.114211,1.48783,0,0,0,0,0,0,0,0,0,0,0,0,0,0,0,0,0,0,0,0,0,0,0,0,0,0,0,0,0,0,
..\..\..\files\weather\calibration\daily\Castel Boglione.csv,3/20/2012 12:00:00 AM,15.62,5.7480626,5.6541667,23,92.981514,49.084576,-52.48569,-3.3362627,1.5997063,0,0,0,0,0,0,0,0,0,0,0,0,0,0,0,0,0,0,0,0,0,0,0,0,0,0,0,0,0,0,
..\..\..\files\weather\calibration\daily\Castel Boglione.csv,3/21/2012 12:00:00 AM,15.469999,4.0799994,0,0,88.05984,41.00087,-51.17222,-4.381528,1.3134722,0,0,0,0,0,0,0,0,0,0,0,0,0,0,0,0,0,0,0,0,0,0,0,0,0,0,0,0,0,0,
..\..\..\files\weather\calibration\daily\Castel Boglione.csv,3/22/2012 12:00:00 AM,19.49,7.3099995,0,1,90.144684,40.733868,-47.47517,-2.392952,3.6970482,0,0,0,0,0,0,0,0,0,0,0,0,0,0,0,0,0,0,0,0,0,0,0,0,0,0,0,0,0,0,
..\..\..\files\weather\calibration\daily\Castel Boglione.csv,3/23/2012 12:00:00 AM,20.9,6.7800007,0,0,85.80287,34.266644,-43.268017,-2.8528466,4.207153,0,0,0,0,0,0,0,0,0,0,0,0,0,0,0,0,0,0,0,0,0,0,0,0,0,0,0,0,0,0,
..\..\..\files\weather\calibration\daily\Castel Boglione.csv,3/24/2012 12:00:00 AM,19.17,8.22,0,3,93.138535,45.681023,-39.42834,-1.6353238,3.8396757,0,0,0,0,0,0,0,0,0,0,0,0,0,0,0,0,0,0,0,0,0,0,0,0,0,0,0,0,0,0,
..\..\..\files\weather\calibration\daily\Castel Boglione.csv,3/25/2012 12:00:00 AM,21.18,7.16,0,0,86.12094,34.70003,-34.970695,-2.5523539,4.4576464,0,0,0,0,0,0,0,0,0,0,0,0,0,0,0,0,0,0,0,0,0,0,0,0,0,0,0,0,0,0,
..\..\..\files\weather\calibration\daily\Castel Boglione.csv,3/26/2012 12:00:00 AM,20.79,6.58,0,0,85.54589,33.926205,-30.87414,-3.0084448,4.0965557,0,0,0,0,0,0,0,0,0,0,0,0,0,0,0,0,0,0,0,0,0,0,0,0,0,0,0,0,0,0,
..\..\..\files\weather\calibration\daily\Castel Boglione.csv,3/27/2012 12:00:00 AM,22.65,7.6800003,0,0,83.851364,32.00428,-25.529367,-2.1402268,5.344773,0,0,0,0,0,0,0,0,0,0,0,0,0,0,0,0,0,0,0,0,0,0,0,0,0,0,0,0,0,0,
..\..\..\files\weather\calibration\daily\Castel Boglione.csv,3/28/2012 12:00:00 AM,22.55,7.3600006,0,0,83.31908,31.303062,-20.344954,-2.4105854,5.184414,0,0,0,0,0,0,0,0,0,0,0,0,0,0,0,0,0,0,0,0,0,0,0,0,0,0,0,0,0,0,
..\..\..\files\weather\calibration\daily\Castel Boglione.csv,3/29/2012 12:00:00 AM,23.36,7.9300003,0,0,82.61761,30.726068,-14.561104,-1.9311504,5.7838497,0,0,0,0,0,0,0,0,0,0,0,0,0,0,0,0,0,0,0,0,0,0,0,0,0,0,0,0,0,0,
..\..\..\files\weather\calibration\daily\Castel Boglione.csv,3/30/2012 12:00:00 AM,24.48,9.27,0,0,82.770966,31.512413,-7.668586,-0.7124815,6.892518,0,0,0,0,0,0,0,0,0,0,0,0,0,0,0,0,0,0,0,0,0,0,0,0,0,0,0,0,0,0,
..\..\..\files\weather\calibration\daily\Castel Boglione.csv,3/31/2012 12:00:00 AM,25.81,11.235016,0,0,84.069664,34.24775,0,0,8.522507,11.090393,11.090393,0.4107553,10.513444,10,2.092442,0,0,0,0,0,0,0,0,0,0,0,0,0,0,0,0,0,0,0,0,0,0,0,0,
..\..\..\files\weather\calibration\daily\Castel Boglione.csv,4/1/2012 12:00:00 AM,21.93,9.4,0,0,89.95718,40.305744,0,-0.5856347,5.6793656,8.926397,20.01679,0.74136263,10.926703,10,2.4364805,0,0,0,0,0,0,0,0,0,0,0,0,0,0,0,0,0,0,0,0,0,0,0,0,
..\..\..\files\weather\calibration\daily\Castel Boglione.csv,4/2/2012 12:00:00 AM,20.41,7.7099996,0,1,92.00763,39.145435,0,-2.0835395,4.2664604,7.1082644,27.125055,1.0046318,11.127894,11,2.603972,0,0,0,0,0,0,0,0,0,0,0,0,0,0,0,0,0,0,0,0,0,0,0,0,
..\..\..\files\weather\calibration\daily\Castel Boglione.csv,4/3/2012 12:00:00 AM,16.31,8.68,0,7,99.20103,60.10834,0,-1.2058189,2.6091807,4.8738966,31.998951,1.1851463,11.240716,11,2.697896,0,0,0,0,0,0,0,0,0,0,0,0,0,0,0,0,0,0,0,0,0,0,0,0,
..\..\..\files\weather\calibration\daily\Castel Boglione.csv,4/4/2012 12:00:00 AM,15.91,8.76,0.45000002,7,100,62.468822,0,-1.1324754,2.4425244,4.617251,36.616203,1.3561558,11.347597,11,2.7868745,0,0,0,0,0,0,0,0,0,0,0,0,0,0,0,0,0,0,0,0,0,0,0,0,
..\..\..\files\weather\calibration\daily\Castel Boglione.csv,4/5/2012 12:00:00 AM,14.029999,10.25,10.658334,24,100,82.7202,0,0,2.1399994,4.296789,40.912994,1.5152961,11.44706,11,2.869677,1,0,0,0,0,0,0,0,0,0,0,0,0,0,0,0,1,0,0,0,0,0,0,0,
..\..\..\files\weather\calibration\daily\Castel Boglione.csv,4/6/2012 12:00:00 AM,17.27,9.025089,7.0916667,23,100,62.88596,0,-0.9172721,3.2051835,5.8645835,46.777576,1.7325029,12.055209,12,3.4527483,1,0,0,0,0,0,1,1,0,0,0,0,0,0,0,0,2,0,0,0,0,0,1,1,
..\..\..\files\weather\calibration\daily\Castel Boglione.csv,4/7/2012 12:00:00 AM,18.38,7.42,0,3,92.54375,45.157227,0,-2.276332,3.2036676,5.4991016,52.27668,1.9361732,12.140072,12,3.6414263,0,0,0,0,0,0,0,0,0,0,0,0,0,0,0,0,2,0,0,0,0,0,1,1,
..\..\..\files\weather\calibration\daily\Castel Boglione.csv,4/8/2012 12:00:00 AM,19,8.405001,0,5,96.04105,50.86992,0,-1.4749415,3.8225582,6.6399374,58.91662,2.182097,12.24254,12,3.869248,0,0,0,0,0,0,0,0,0,0,0,0,0,0,0,0,2,0,0,0,0,0,1,1,
..\..\..\files\weather\calibration\daily\Castel Boglione.csv,4/9/2012 12:00:00 AM,17.06,5.2160063,0,3,93.4186,47.870586,0,-3.8178244,2.1041718,2.5038128,61.420433,2.2748308,12.281179,12,3.9551556,0,0,0,0,0,0,0,0,0,0,0,0,0,0,0,0,2,0,0,0,0,0,1,1,
..\..\..\files\weather\calibration\daily\Castel Boglione.csv,4/10/2012 12:00:00 AM,14.11,3.6899996,0.8875,1,92.448944,43.689407,0,-4.399439,0.8105613,0,61.420433,2.2748308,12.281179,12,3.9551556,0,0,0,0,0,0,0,0,0,0,0,0,0,0,0,0,2,0,0,0,0,0,1,1,
..\..\..\files\weather\calibration\daily\Castel Boglione.csv,4/11/2012 12:00:00 AM,11.14,6.353729,21.016666,24,96.97668,70.332504,0,-2.2573721,0.13576338,0,61.420433,2.2748308,12.281179,12,3.9551556,0,0,0,0,0,0,0,0,0,0,0,0,0,0,0,0,2,0,0,0,0,0,1,1,
..\..\..\files\weather\calibration\daily\Castel Boglione.csv,4/12/2012 12:00:00 AM,12.67,5.2700005,13.895834,23,93.4709,56.71019,0,-3.2183173,0.48168248,0,61.420433,2.2748308,12.281179,12,3.9551556,0,0,0,0,0,0,1,0,0,0,0,0,0,0,0,0,2,0,0,0,0,0,2,1,
..\..\..\files\weather\calibration\daily\Castel Boglione.csv,4/13/2012 12:00:00 AM,17.26,3.3799996,0.175,1,95.91778,33.198997,0,-5.0413113,1.8986888,0.8028432,62.223278,2.304566,12.29357,12,3.982703,0,0,0,0,0,0,0,0,0,0,0,0,0,0,0,0,2,0,0,0,0,0,2,1,
..\..\..\files\weather\calibration\daily\Castel Boglione.csv,4/14/2012 12:00:00 AM,15.43,9.26,4.4041667,24,100,67.93509,0,-0.6956239,2.3893762,4.6334558,66.856735,2.4761753,13.023805,13,5.6062593,0,0,0,0,0,0,0,0,0,0,0,0,0,0,0,0,2,0,0,0,0,0,2,1,
..\..\..\files\weather\calibration\daily\Castel Boglione.csv,4/15/2012 12:00:00 AM,13.9,8.65,8.954167,24,100,71.88077,0,-1.1764288,1.4485712,2.7648444,69.62158,2.578577,13.055805,13,5.677407,0,0,0,0,0,0,1,0,0,0,0,0,0,0,0,0,2,0,0,0,0,0,3,1,
..\..\..\files\weather\calibration\daily\Castel Boglione.csv,4/16/2012 12:00:00 AM,13.63,8.37,5.4833336,24,100,71.389626,0,-1.3774431,1.252557,2.235022,71.856606,2.6613557,13.081674,13,5.734921,0,0,0,0,0,0,1,0,0,0,0,0,0,0,0,0,2,0,0,0,0,0,4,1,
..\..\..\files\weather\calibration\daily\Castel Boglione.csv,4/17/2012 12:00:00 AM,15.59,7.91,2.8125,24,98.06487,59.048927,0,-1.8056185,2.0343816,3.6294127,75.486015,2.7957785,13.123681,13,5.8283176,0,0,0,0,0,0,1,0,0,0,0,0,0,0,0,0,2,0,0,0,0,0,5,1,
..\..\..\files\weather\calibration\daily\Castel Boglione.csv,4/18/2012 12:00:00 AM,17.92,7.9300003,2.9708333,24,94.69144,49.243477,0,-1.8555403,3.1394596,5.5365777,81.02259,3.0008366,13.187761,13,5.970789,0,0,0,0,0,0,0,0,0,0,0,0,0,0,0,0,2,0,0,0,0,0,5,1,
..\..\..\files\weather\calibration\daily\Castel Boglione.csv,4/19/2012 12:00:00 AM,14.949999,7.5099998,0.28333333,7,97.71428,59.65721,0,-2.073327,1.6466728,2.679717,83.70231,3.1000855,13.218777,13,6.039747,0,0,0,0,0,0,0,0,0,0,0,0,0,0,0,0,2,0,0,0,0,0,5,1,
..\..\..\files\weather\calibration\daily\Castel Boglione.csv,4/20/2012 12:00:00 AM,13.42,7,6.5166664,23,97.6775,63.589264,0,-2.2990654,0.9109346,0.54664266,84.248955,3.1203318,13.225103,13,6.053813,0,0,0,0,0,0,0,0,0,0,0,0,0,0,0,0,2,0,0,0,0,0,5,1,
..\..\..\files\weather\calibration\daily\Castel Boglione.csv,4/21/2012 12:00:00 AM,16.59,7,0,5,94.31836,50.06898,0,-2.5307612,2.2642388,3.7082856,87.95724,3.2576754,14.014419,14,7.808724,0,0,0,0,0,0,0,0,0,0,0,0,0,0,0,0,2,0,0,0,0,0,5,1,
..\..\..\files\weather\calibration\daily\Castel Boglione.csv,4/22/2012 12:00:00 AM,19.13,6.2800007,0,0,88.20575,37.97637,0,-3.1815403,3.243459,5.2023754,93.159615,3.450356,14.062589,14,7.915822,0,0,0,0,0,0,0,0,0,0,0,0,0,0,0,0,2,0,0,0,0,0,5,1,
..\..\..\files\weather\calibration\daily\Castel Boglione.csv,4/23/2012 12:00:00 AM,19.38,9.09,0.56666666,6,94.98759,48.77159,0,-0.86976194,4.2752376,7.3288593,100.48847,3.7217953,14.130448,14,8.066696,0,0,0,0,0,0,0,0,0,0,0,0,0,0,0,0,2,0,0,0,0,0,5,1,
..\..\..\files\weather\calibration\daily\Castel Boglione.csv,4/24/2012 12:00:00 AM,16.56,8.82,13.629167,24,99.22264,59.735195,0,-1.0900519,2.779948,5.179222,105.667694,3.9136183,14.178405,14,8.173321,1,0,0,0,0,1,1,0,0,0,0,0,0,0,0,0,3,0,0,0,0,1,6,1,
..\..\..\files\weather\calibration\daily\Castel Boglione.csv,4/25/2012 12:00:00 AM,17.85,7.8704453,13.704167,23,96.186516,52.04842,0,-1.9023402,3.0874374,5.439213,111.1069,4.1150703,19.002375,19,15.266283,1,0,0,1,1,0,1,0,0,0,0,0,0,0,0,0,4,0,0,1,1,1,7,1,
..\..\..\files\weather\calibration\daily\Castel Boglione.csv,4/26/2012 12:00:00 AM,17.14,6.2800007,0,3,91.61561,44.697056,0,-3.0828724,2.347127,3.5588803,114.66579,4.246881,24.002356,24,21.845203,1,0,0,0,1,0,0,0,0,0,0,0,0,0,0,0,5,0,0,1,2,1,7,1,
..\..\..\files\weather\calibration\daily\Castel Boglione.csv,4/27/2012 12:00:00 AM,18.81,8.26,0,3,93.94283,47.250553,0,-1.5965118,3.6784878,6.4122005,121.07799,4.4843698,33.002373,33,33.687332,0,0,0,0,0,0,0,0,0,0,0,0,0,0,0,0,5,0,0,1,2,1,7,1,
..\..\..\files\weather\calibration\daily\Castel Boglione.csv,4/28/2012 12:00:00 AM,24.16,10.579999,0,0,86.87233,36.807026,0,0,7.369999,10.376768,131.45476,4.868695,48.000057,48,53.421127,0,0,0,0,0,0,0,0,0,0,0,0,0,0,0,0,5,0,0,1,2,1,7,1,
..\..\..\files\weather\calibration\daily\Castel Boglione.csv,4/29/2012 12:00:00 AM,25.34,13.21,0.18333334,1,94.18475,42.154358,0,0,9.275,11.443699,142.89845,5.2925353,53.04388,53,60.219402,0,0,0,0,0,0,0,0,0,0,0,0,0,0,0,0,5,0,0,1,2,1,7,1,
..\..\..\files\weather\calibration\daily\Castel Boglione.csv,4/30/2012 12:00:00 AM,21.09,11.464676,5.1000004,24,100,61.267536,0,0,6.277338,9.502686,152.40114,5.6444864,53.096672,53,60.48336,0,0,0,1,0,0,0,1,0,0,0,0,0,0,0,0,5,0,0,2,2,1,7,2,
..\..\..\files\weather\calibration\daily\Castel Boglione.csv,5/1/2012 12:00:00 AM,15.630001,10.750001,20.812502,24,100,76.89139,0,0,3.1900005,5.92603,158.32716,5.863969,53.129597,53,60.647984,1,0,0,1,0,1,1,0,0,0,0,0,0,0,0,0,6,0,0,3,2,2,8,2,
..\..\..\files\weather\calibration\daily\Castel Boglione.csv,5/2/2012 12:00:00 AM,15.81,10.8810215,11.404166,23,100,77.32988,0,0,3.3455105,6.1480536,164.47522,6.091675,53.16375,53,60.81875,1,0,0,1,1,0,1,1,0,0,0,0,0,0,0,0,7,0,0,4,3,2,9,3,
..\..\..\files\weather\calibration\daily\Castel Boglione.csv,5/3/2012 12:00:00 AM,18.93,9.5,0,5,96.970276,52.639244,0,-0.4867444,4.2282557,7.303935,171.77916,6.3621907,53.20433,53,61.021652,1,0,0,0,0,0,0,0,0,0,0,0,0,0,0,0,8,0,0,4,3,2,9,3,
..\..\..\files\weather\calibration\daily\Castel Boglione.csv,5/4/2012 12:00:00 AM,21.12,9.29,0.11666667,4,91.65494,42.83543,0,-0.6886935,5.2263064,8.451573,180.23073,6.675212,54.001026,54,65.00513,0,0,0,0,0,0,0,0,0,0,0,0,0,0,0,0,8,0,0,4,3,2,9,3,
..\..\..\files\weather\calibration\daily\Castel Boglione.csv,5/5/2012 12:00:00 AM,19.29,10.74,3.0833333,24,99.52389,57.395107,0,0,5.0150003,8.244774,188.4755,6.980574,54.03767,54,65.188354,0,0,0,1,0,0,0,1,0,0,0,0,0,0,0,0,8,0,0,5,3,2,9,4,
..\..\..\files\weather\calibration\daily\Castel Boglione.csv,5/6/2012 12:00:00 AM,19.5,11.6310215,9.337501,24,100,63.7324,0,0,5.5655107,8.826778,197.30228,7.3074913,54.0769,54,65.38451,0,0,1,1,0,1,1,1,0,0,0,0,0,0,0,0,8,0,1,6,3,3,10,5,
..\..\..\files\weather\calibration\daily\Castel Boglione.csv,5/7/2012 12:00:00 AM,19.68,10.25,3.1625001,23,97.40365,53.063946,0,0,4.965,8.189303,205.49158,7.6107993,54.113297,54,65.56648,0,0,0,1,0,0,0,1,0,0,0,0,0,0,0,0,8,0,1,7,3,3,10,6,
..\..\..\files\weather\calibration\daily\Castel Boglione.csv,5/8/2012 12:00:00 AM,22.2,8.94,0,0,88.11887,37.651875,0,-1.017632,5.612368,8.831309,214.32289,7.9378853,54.152546,54,65.762726,0,0,0,0,0,0,0,0,0,0,0,0,0,0,0,0,8,0,1,7,3,3,10,6,
..\..\..\files\weather\calibration\daily\Castel Boglione.csv,5/9/2012 12:00:00 AM,20.39,10.110001,0,5,95.46806,49.309155,0,0,5.25,8.499632,222.82253,8.2526865,54.190323,54,65.951614,0,0,0,0,0,0,0,0,0,0,0,0,0,0,0,0,8,0,1,7,3,3,10,6,
..\..\..\files\weather\calibration\daily\Castel Boglione.csv,5/10/2012 12:00:00 AM,22.57,11.87,0,5,94.56219,48.039253,0,0,7.2199993,10.268292,233.09082,8.632994,55.029964,55,70.149826,0,0,0,0,0,0,0,0,0,0,0,0,0,0,0,0,8,0,1,7,3,3,10,6,
..\..\..\files\weather\calibration\daily\Castel Boglione.csv,5/11/2012 12:00:00 AM,26.77,12.87,0,0,84.32241,35.590614,0,0,9.82,11.644949,244.73576,9.064288,55.073097,55,70.365486,0,0,0,0,0,0,0,0,0,0,0,0,0,0,0,0,8,0,1,7,3,3,10,6,
..\..\..\files\weather\calibration\daily\Castel Boglione.csv,5/12/2012 12:00:00 AM,29.4,15.6,0,0,81.53886,35.236168,0,0,12.5,11.981547,256.71732,9.508049,55.11747,55,70.58735,0,0,0,0,0,0,0,0,0,0,0,0,0,0,0,0,8,0,1,7,3,3,10,6,
..\..\..\files\weather\calibration\daily\Castel Boglione.csv,5/13/2012 12:00:00 AM,29.73,12.679351,0,0,88.25882,37.093018,0,0,11.204676,11.953051,268.67038,9.950755,55.161743,55,70.808716,0,0,0,0,0,0,0,0,0,0,0,0,0,0,0,0,8,0,1,7,3,3,10,6,
..\..\..\files\weather\calibration\daily\Castel Boglione.csv,5/14/2012 12:00:00 AM,21.010002,10.366939,0,5,96.979614,52.01599,0,0,5.688471,8.949654,277.62003,10.282223,56.02419,56,75.12094,0,0,0,0,0,0,0,0,0,0,0,0,0,0,0,0,8,0,1,7,3,3,10,6,
..\..\..\files\weather\calibration\daily\Castel Boglione.csv,5/15/2012 12:00:00 AM,20.84,8.57,0,1,90.468254,40.973244,0,-1.3466711,4.788329,7.8937597,285.5138,10.574585,56.04925,56,75.24626,0,0,0,0,0,0,0,0,0,0,0,0,0,0,0,0,8,0,1,7,3,3,10,6,
..\..\..\files\weather\calibration\daily\Castel Boglione.csv,5/16/2012 12:00:00 AM,21.26,9.050001,0,1,90.70922,41.356354,0,-0.9130416,5.191958,8.397762,293.91156,10.885613,56.07591,56,75.37955,0,0,0,0,0,0,0,0,0,0,0,0,0,0,0,0,8,0,1,7,3,3,10,6,
..\..\..\files\weather\calibration\daily\Castel Boglione.csv,5/17/2012 12:00:00 AM,19.71,9.159542,0,5,98.12953,54.439175,0,-0.80698204,4.4682465,7.573838,301.4854,11.166126,56.099953,56,75.49976,0,0,0,0,0,0,0,0,0,0,0,0,0,0,0,0,8,0,1,7,3,3,10,6,
..\..\..\files\weather\calibration\daily\Castel Boglione.csv,5/18/2012 12:00:00 AM,20.93,7.1399994,0,1,90.60756,35.4007,0,-2.5634232,4.3315773,7.07629,308.5617,11.428211,56.122417,56,75.61209,0,0,0,0,0,0,0,0,0,0,0,0,0,0,0,0,8,0,1,7,3,3,10,6,
..\..\..\files\weather\calibration\daily\Castel Boglione.csv,5/19/2012 12:00:00 AM,19.38,10.52,0,7,98.75249,55.8081,0,0,4.95,8.172577,316.73428,11.7309,57.004818,57,80.02409,0,0,0,0,0,0,0,0,0,0,0,0,0,0,0,0,8,0,1,7,3,3,10,6,
..\..\..\files\weather\calibration\daily\Castel Boglione.csv,5/20/2012 12:00:00 AM,18.01,10.11,0.64166665,7,100,60.10424,0,0,4.0599995,7.1082644,323.84256,11.994169,57.024563,57,80.12282,0,0,0,1,0,0,0,0,0,0,0,0,0,0,0,0,8,0,1,8,3,3,10,6,
..\..\..\files\weather\calibration\daily\Castel Boglione.csv,5/21/2012 12:00:00 AM,15.97,11.130355,15.308333,24,100,78.17049,0,0,3.5501776,6.4330573,330.2756,12.2324295,57.04243,57,80.21216,1,0,1,1,0,0,1,1,0,0,0,0,0,0,0,0,9,0,2,9,3,3,11,7,
..\..\..\files\weather\calibration\daily\Castel Boglione.csv,5/22/2012 12:00:00 AM,13.93,10.65,12.650001,23,100,84.053,0,0,2.29,4.5440545,334.81967,12.400728,57.055054,57,80.27527,1,0,1,1,1,0,1,0,0,0,0,0,0,0,0,0,10,0,3,10,4,3,12,7,
..\..\..\files\weather\calibration\daily\Castel Boglione.csv,5/23/2012 12:00:00 AM,20.7,9.67,0,3,93.615814,46.05851,0,-0.3250637,5.1899366,8.4301,343.2498,12.712955,57.078472,57,80.392365,1,0,0,0,1,0,0,0,0,0,0,0,0,0,0,0,11,0,3,10,5,3,12,7,
..\..\..\files\weather\calibration\daily\Castel Boglione.csv,5/24/2012 12:00:00 AM,27.82,14.02,0,0,83.49168,35.715298,0,0,10.92,11.913315,355.1631,13.154188,57.111565,57,80.55782,0,0,0,0,0,0,0,0,0,0,0,0,0,0,0,0,11,0,3,10,5,3,12,7,
..\..\..\files\weather\calibration\daily\Castel Boglione.csv,5/25/2012 12:00:00 AM,29.31,15.86,0,0,86.68882,36.420204,0,0,12.584999,11.97475,367.13785,13.597698,58.017624,58,85.08812,0,0,0,0,0,0,0,0,0,0,0,0,0,0,0,0,11,0,3,10,5,3,12,7,
..\..\..\files\weather\calibration\daily\Castel Boglione.csv,5/26/2012 12:00:00 AM,26.399998,16.7,0,6,94.82822,52.366096,0,0,11.549999,11.984993,379.12283,14.041586,58.04722,58,85.23609,0,0,0,0,0,0,0,0,1,0,0,0,0,1,1,1,11,0,3,10,5,3,12,7,
..\..\..\files\weather\calibration\daily\Castel Boglione.csv,5/27/2012 12:00:00 AM,23.83,15.79,0.35,7,100,61.3147,0,0,9.809999,11.641665,390.7645,14.472759,58.075962,58,85.37981,0,0,0,0,0,0,0,0,0,0,0,1,0,0,1,0,11,0,3,10,5,3,12,7,
..\..\..\files\weather\calibration\daily\Castel Boglione.csv,5/28/2012 12:00:00 AM,24.03,14.4,8.05,23,96.79608,53.114742,0,0,9.215,11.418751,402.18326,14.895676,58.104156,58,85.52078,0,1,1,0,0,0,1,1,1,0,0,1,1,0,1,0,11,1,4,10,5,3,13,8,
..\..\..\files\weather\calibration\daily\Castel Boglione.csv,5/29/2012 12:00:00 AM,25.21,14.200001,0,3,92.60875,46.7463,0,0,9.705,11.606276,413.78952,15.325538,59.01953,59,90.09766,0,0,0,0,0,0,0,0,0,0,0,0,0,0,0,0,11,1,4,10,5,3,13,8,
..\..\..\files\weather\calibration\daily\Castel Boglione.csv,5/30/2012 12:00:00 AM,27.09,13.87,0,0,85.62582,37.856895,0,0,10.48,11.827941,425.61746,15.763609,59.04582,59,90.229095,0,0,0,0,0,0,0,0,0,0,0,0,0,0,0,0,11,1,4,10,5,3,13,8,
..\..\..\files\weather\calibration\daily\Castel Boglione.csv,5/31/2012 12:00:00 AM,26.92,14.530001,0,0,87.77345,40.907757,0,0,10.725,11.879077,437.49655,16.203577,59.072216,59,90.361084,0,0,0,0,0,0,0,0,1,0,0,1,1,1,1,1,11,1,4,10,5,3,13,8,
..\..\..\files\weather\calibration\daily\Castel Boglione.csv,6/1/2012 12:00:00 AM,26.07,16.59,0,5,95.690636,53.507145,0,0,11.33,11.9667,449.46326,16.646788,59.09881,59,90.49404,0,0,0,0,0,0,0,0,0,0,1,1,0,1,1,1,11,1,4,10,5,3,13,8,
..\..\..\files\weather\calibration\daily\Castel Boglione.csv,6/2/2012 12:00:00 AM,26.55,16.73,0,6,94.38197,51.75925,0,0,11.639999,11.990399,461.45364,17.090876,60.02314,60,95.1157,0,0,0,0,0,0,0,0,0,0,0,0,0,0,0,1,11,1,4,10,5,3,13,8,
..\..\..\files\weather\calibration\daily\Castel Boglione.csv,6/3/2012 12:00:00 AM,24.51,16.01,0,7,99.3916,58.768684,0,0,10.26,11.774294,473.22794,17.52696,60.046925,60,95.23462,0,0,0,0,0,0,0,0,0,0,0,0,0,0,0,0,11,1,4,10,5,3,13,8,
..\..\..\files\weather\calibration\daily\Castel Boglione.csv,6/4/2012 12:00:00 AM,25.009998,16.761553,0.5083333,9,100,64.57523,0,0,10.8857765,11.907719,485.13565,17.967987,60.07098,60,95.354904,0,0,0,1,0,0,0,0,0,0,0,0,0,0,0,0,11,1,4,11,5,3,13,8,
..\..\..\files\weather\calibration\daily\Castel Boglione.csv,6/5/2012 12:00:00 AM,23.24,15.615562,11.691667,23,100,63.8589,0,0,9.42778,11.504719,496.64038,18.394089,61.003036,61,100,1,1,1,1,0,1,1,1,0,0,0,0,0,0,0,0,12,2,5,12,5,4,14,9,
..\..\..\files\weather\calibration\daily\Castel Boglione.csv,6/6/2012 12:00:00 AM,26.78,13.7,0,0,87.362335,38.412224,0,0,10.24,11.769053,508.40942,18.829979,61.024834,61,100,1,0,0,0,0,0,0,0,0,0,0,0,0,0,0,0,13,2,5,12,5,4,14,9,
..\..\..\files\weather\calibration\daily\Castel Boglione.csv,6/7/2012 12:00:00 AM,23.99,14.030001,0,6,100,51.54317,0,0,9.01,11.329311,519.7387,19.249582,61.04581,61,100,0,0,0,0,0,0,0,0,0,0,0,0,0,0,0,0,13,2,5,12,5,4,14,9,
..\..\..\files\weather\calibration\daily\Castel Boglione.csv,6/8/2012 12:00:00 AM,23.23,17.04,0,10,100,72.30568,0,0,10.135,11.740542,531.47925,19.684416,61.067554,61,100,0,0,0,0,0,0,0,0,0,0,0,0,0,0,0,0,13,2,5,12,5,4,14,9,
..\..\..\files\weather\calibration\daily\Castel Boglione.csv,6/9/2012 12:00:00 AM,25.43,15.720001,0,5,95.67477,52.567215,0,0,10.575001,11.848845,543.32806,20.12326,71.00497,71,89.96275,0,0,0,0,0,0,0,0,1,0,1,1,1,1,1,1,13,2,5,12,5,4,14,9,
..\..\..\files\weather\calibration\daily\Castel Boglione.csv,6/10/2012 12:00:00 AM,26.559998,16.342737,0,5,95.62702,54.16726,0,0,11.451366,11.977683,555.3057,20.56688,71.02283,71,89.8288,0,0,0,0,0,0,0,0,0,0,0,0,0,0,0,0,13,2,5,12,5,4,14,9,
..\..\..\files\weather\calibration\daily\Castel Boglione.csv,6/11/2012 12:00:00 AM,24.46,14.950001,0,6,96.860245,53.668575,0,0,9.705,11.606276,566.912,20.99674,71.04014,71,89.69896,0,0,0,0,0,0,0,0,0,0,0,0,0,0,0,0,13,2,5,12,5,4,14,9,
..\..\..\files\weather\calibration\daily\Castel Boglione.csv,6/12/2012 12:00:00 AM,24.7,15.30546,0.1,7,98.19985,56.570244,0,0,10.002731,11.702245,578.61426,21.430157,71.05759,71,89.5681,0,0,0,0,0,0,0,0,0,0,0,0,0,0,0,0,13,2,5,12,5,4,14,9,
..\..\..\files\weather\calibration\daily\Castel Boglione.csv,6/13/2012 12:00:00 AM,23.73,13.860001,2.3,23,96.32867,51.96939,0,0,8.795,11.228504,589.8428,21.84603,71.07433,71,89.442505,0,0,0,1,0,0,0,1,0,0,0,0,0,0,0,0,13,2,5,13,5,4,14,10,
..\..\..\files\weather\calibration\daily\Castel Boglione.csv,6/14/2012 12:00:00 AM,24.34,12.920001,0,3,92.13024,45.068535,0,0,8.630001,11.146263,600.989,22.258852,71.09096,71,89.31782,0,0,0,0,0,0,0,0,0,0,0,0,0,0,1,0,13,2,5,13,5,4,14,10,
..\..\..\files\weather\calibration\daily\Castel Boglione.csv,6/15/2012 12:00:00 AM,24.689999,12.729999,0,1,90.59463,42.862293,0,0,8.709999,11.1866665,612.17566,22.673174,71.10764,71,89.19267,0,0,0,0,0,0,0,0,0,1,1,1,0,0,0,1,13,2,5,13,5,4,14,10,
..\..\..\files\weather\calibration\daily\Castel Boglione.csv,6/16/2012 12:00:00 AM,26.54,13.64,0,0,86.915146,39.101334,0,0,10.09,11.727812,623.90344,23.107534,71.12514,71,89.06147,0,0,0,0,0,0,0,0,0,0,0,0,0,0,0,0,13,2,5,13,5,4,14,10,
..\..\..\files\weather\calibration\daily\Castel Boglione.csv,6/17/2012 12:00:00 AM,27.69,15.51,0,0,87.44833,41.494415,0,0,11.6,11.988146,635.8916,23.55154,71.14301,71,88.9274,0,0,0,0,0,0,0,0,0,0,0,0,0,0,0,0,13,2,5,13,5,4,14,10,
..\..\..\files\weather\calibration\daily\Castel Boglione.csv,6/18/2012 12:00:00 AM,30.61,16.71,0,0,79.56348,34.42758,0,0,13.66,11.797555,647.68915,23.988487,71.160614,71,88.795395,0,0,0,0,0,0,0,0,0,0,0,0,0,0,0,0,13,2,5,13,5,4,14,10,
..\..\..\files\weather\calibration\daily\Castel Boglione.csv,6/19/2012 12:00:00 AM,30.82,17.32,0,0,80.12531,35.607273,0,0,14.07,11.685696,659.3748,24.42129,71.17804,71,88.6647,0,0,0,0,0,0,0,0,0,0,0,0,0,0,0,0,13,2,5,13,5,4,14,10,
..\..\..\files\weather\calibration\daily\Castel Boglione.csv,6/20/2012 12:00:00 AM,31.64,18.54,0,0,87.38775,36.483418,0,0,15.09,11.302256,670.67706,24.839891,72.00022,72,82.49834,0,0,0,0,0,0,0,0,0,0,0,0,0,0,0,0,13,2,5,13,5,4,14,10,
..\..\..\files\weather\calibration\daily\Castel Boglione.csv,6/21/2012 12:00:00 AM,28.71,20.04,0,5,94.49802,56.210564,0,0,14.375,11.586723,682.2638,25.269028,72.01469,72,82.38985,0,0,0,0,0,0,0,0,0,0,0,0,0,0,0,0,13,2,5,13,5,4,14,10,
..\..\..\files\weather\calibration\daily\Castel Boglione.csv,6/22/2012 12:00:00 AM,29.89,18.470001,0,0,86.27336,43.4728,0,0,14.18,11.651547,693.91534,25.70057,72.029236,72,82.28073,0,0,0,0,0,0,0,0,1,1,1,1,0,1,1,1,13,2,5,13,5,4,14,10,
..\..\..\files\weather\calibration\daily\Castel Boglione.csv,6/23/2012 12:00:00 AM,32.07,19.31,0,0,79.66061,37.357506,0,0,15.689999,11.007084,704.9224,26.108238,72.04298,72,82.17767,0,0,0,0,0,0,0,0,0,0,0,0,0,0,0,0,13,2,5,13,5,4,14,10,
..\..\..\files\weather\calibration\daily\Castel Boglione.csv,6/24/2012 12:00:00 AM,30.23,18.3,0,0,84.58079,41.352882,0,0,14.264999,11.623964,716.5464,26.538757,72.05749,72,82.06885,0,0,0,0,0,0,0,0,0,0,0,0,0,0,0,0,13,2,5,13,5,4,14,10,
..\..\..\files\weather\calibration\daily\Castel Boglione.csv,6/25/2012 12:00:00 AM,29.62,18.65,0,0,87.72325,45.40438,0,0,14.135,11.665728,728.2121,26.97082,72.07205,72,81.95961,0,0,0,0,0,0,0,0,0,0,0,0,0,0,0,0,13,2,5,13,5,4,14,10,
..\..\..\files\weather\calibration\daily\Castel Boglione.csv,6/26/2012 12:00:00 AM,31.39,19.580002,0,0,82.943794,41.11109,0,0,15.485001,11.113708,739.3258,27.382437,72.08592,72,81.85558,0,0,0,0,0,0,0,0,0,0,0,0,0,0,0,0,13,2,5,13,5,4,14,10,
..\..\..\files\weather\calibration\daily\Castel Boglione.csv,6/27/2012 12:00:00 AM,30.58,19.67,0,0,86.34277,45.070065,0,0,15.125,11.286447,750.61224,27.800453,72.10001,72,81.74989,0,0,0,0,0,0,0,0,0,0,0,0,0,0,0,0,13,2,5,13,5,4,14,10,
..\..\..\files\weather\calibration\daily\Castel Boglione.csv,6/28/2012 12:00:00 AM,30.900002,18.710001,0,0,82.91976,40.03151,0,0,14.805,11.4244375,762.0367,28.22358,72.11428,72,81.6429,0,0,0,0,0,0,0,0,0,0,0,0,0,0,0,0,13,2,5,13,5,4,14,10,
..\..\..\files\weather\calibration\daily\Castel Boglione.csv,6/29/2012 12:00:00 AM,30.579998,20.09,0,0,87.30239,46.772903,0,0,15.334999,11.187931,773.2246,28.637949,72.12824,72,81.53818,0,0,0,0,0,0,0,0,0,0,0,0,0,0,0,1,13,2,5,13,5,4,14,10,
..\..\..\files\weather\calibration\daily\Castel Boglione.csv,6/30/2012 12:00:00 AM,31.46,20.330002,0,0,84.340546,43.61752,0,0,15.895,10.894478,784.1191,29.041449,72.141846,72,81.43616,0,0,0,0,0,0,0,0,0,0,0,0,0,0,0,0,13,2,5,13,5,4,14,10,
..\..\..\files\weather\calibration\daily\Castel Boglione.csv,7/1/2012 12:00:00 AM,32.85,19.940002,0,0,77.92283,36.364876,0,0,16.395,10.594819,794.7139,29.43385,72.155075,72,81.33694,0,0,0,0,0,0,0,0,0,0,0,0,0,0,0,0,13,2,5,13,5,4,14,10,
..\..\..\files\weather\calibration\daily\Castel Boglione.csv,7/2/2012 12:00:00 AM,32.02,20.600002,0,0,86.831055,42.1235,0,0,16.310001,10.648259,805.3622,29.82823,73.004684,73,74.96487,0,0,0,0,0,0,0,0,0,0,0,0,0,0,0,0,13,2,5,13,5,4,14,10,
..\..\..\files\weather\calibration\daily\Castel Boglione.csv,7/3/2012 12:00:00 AM,28.4,19.145548,0,5,94.19396,54.894108,0,0,13.772774,11.769215,817.1314,30.264128,77.00673,77,39.966354,0,0,0,0,0,0,0,0,0,0,0,0,0,0,0,0,13,2,5,13,5,4,14,10,
..\..\..\files\weather\calibration\daily\Castel Boglione.csv,7/4/2012 12:00:00 AM,28.27,17.58,0,1,90.27882,47.24028,0,0,12.924999,11.936956,829.06836,30.706236,77.01799,77,39.91005,0,0,0,0,0,0,0,0,0,0,0,0,0,0,0,0,13,2,5,13,5,4,14,10,
..\..\..\files\weather\calibration\daily\Castel Boglione.csv,7/5/2012 12:00:00 AM,28.900002,17.930002,0,0,88.76832,45.780487,0,0,13.415001,11.85276,840.92114,31.145227,77.029175,77,39.854126,0,0,0,0,0,0,0,0,0,0,0,0,0,0,0,0,13,2,5,13,5,4,14,10,
..\..\..\files\weather\calibration\daily\Castel Boglione.csv,7/6/2012 12:00:00 AM,29.41,17.7,0.11666667,1,86.31863,42.602455,0,0,13.555,11.822282,852.7434,31.583088,77.04034,77,39.798317,0,0,0,0,0,0,0,0,0,0,0,0,0,0,0,0,13,2,5,13,5,4,14,10,
..\..\..\files\weather\calibration\daily\Castel Boglione.csv,7/7/2012 12:00:00 AM,28.349998,18.61,2.6833334,23,92.439415,51.36565,0,0,13.48,11.838965,864.5824,32.02157,77.051506,77,39.74247,0,0,0,0,0,0,0,1,0,0,0,0,0,0,0,0,13,2,5,13,5,4,14,11,
..\..\..\files\weather\calibration\daily\Castel Boglione.csv,7/8/2012 12:00:00 AM,29.04,17.39,0,0,86.9825,43.00793,0,0,13.215,11.891357,876.47375,32.46199,77.06273,77,39.686356,0,0,0,0,0,0,0,0,0,0,0,0,0,0,0,0,13,2,5,13,5,4,14,11,
..\..\..\files\weather\calibration\daily\Castel Boglione.csv,7/9/2012 12:00:00 AM,30.52,18.22,0,0,83.285934,39.8484,0,0,14.369999,11.588453,888.0622,32.891193,77.07366,77,39.63169,0,0,0,0,0,0,0,0,0,0,0,0,0,0,0,0,13,2,5,13,5,4,14,11,
..\..\..\files\weather\calibration\daily\Castel Boglione.csv,7/10/2012 12:00:00 AM,31.04,18.07,0,0,80.94969,37.244743,0,0,14.555,11.522023,899.5842,33.317936,77.08453,77,39.57733,0,0,0,0,0,0,0,0,0,0,0,0,0,0,0,0,13,2,5,13,5,4,14,11,
..\..\..\files\weather\calibration\daily\Castel Boglione.csv,7/11/2012 12:00:00 AM,31.07,18.91,0,0,82.70548,40.040203,0,0,14.99,11.34645,910.93066,33.73817,77.09524,77,39.52381,0,0,0,0,0,0,0,0,0,0,0,0,0,0,0,0,13,2,5,13,5,4,14,11,
..\..\..\files\weather\calibration\daily\Castel Boglione.csv,7/12/2012 12:00:00 AM,30.560001,18.980001,0,0,84.8512,42.47798,0,0,14.77,11.43864,922.3693,34.161827,77.10603,77,39.469833,0,0,0,0,0,0,0,0,0,0,0,0,0,0,0,0,13,2,5,13,5,4,14,11,
..\..\..\files\weather\calibration\daily\Castel Boglione.csv,7/13/2012 12:00:00 AM,30.35,17.85,0,0,83.10104,39.225697,0,0,14.1,11.676556,934.0459,34.59429,77.11705,77,39.41475,0,0,0,0,0,0,0,0,0,0,0,0,0,0,0,0,13,2,5,13,5,4,14,11,
..\..\..\files\weather\calibration\daily\Castel Boglione.csv,7/14/2012 12:00:00 AM,30.96,18.91,0,0,85.927185,40.501213,0,0,14.934999,11.370148,945.416,35.015408,77.127785,77,39.361076,0,0,0,0,0,0,0,0,0,0,0,0,0,0,0,0,13,2,5,13,5,4,14,11,
..\..\..\files\weather\calibration\daily\Castel Boglione.csv,7/15/2012 12:00:00 AM,28.59,19.211954,0,3,93.4003,53.733826,0,0,13.900978,11.734756,957.15076,35.450027,77.138855,77,39.305725,0,0,0,0,0,0,0,0,0,0,0,0,0,0,0,0,13,2,5,13,5,4,14,11,
..\..\..\files\weather\calibration\daily\Castel Boglione.csv,7/16/2012 12:00:00 AM,28.84,17.467783,0,0,88.12367,44.5553,0,0,13.1538925,11.901985,969.05273,35.890842,77.150085,77,39.249573,0,0,0,0,0,0,0,0,0,0,0,0,0,0,0,0,13,2,5,13,5,4,14,11,
..\..\..\files\weather\calibration\daily\Castel Boglione.csv,7/17/2012 12:00:00 AM,28.82,15.52,0,0,83.45215,37.10214,0,0,12.17,11.997865,981.0506,36.335205,77.16141,77,39.192963,0,0,0,0,0,0,0,0,0,0,0,0,0,0,0,0,13,2,5,13,5,4,14,11,
..\..\..\files\weather\calibration\daily\Castel Boglione.csv,7/18/2012 12:00:00 AM,30.64,15.489999,0,0,76.7602,30.673971,0,0,13.064999,11.916477,992.9671,36.77656,77.17265,77,39.136734,0,0,0,0,0,0,0,0,0,0,0,0,0,0,0,0,13,2,5,13,5,4,14,11,
..\..\..\files\weather\calibration\daily\Castel Boglione.csv,7/19/2012 12:00:00 AM,31.43,16.93,0,0,76.955986,32.22526,0,0,14.18,11.651547,1004.61865,37.2081,77.18365,77,39.081764,0,0,0,0,0,0,0,0,0,0,0,0,0,0,0,0,13,2,5,13,5,4,14,11,
..\..\..\files\weather\calibration\daily\Castel Boglione.csv,7/20/2012 12:00:00 AM,31.36,18.5,0,0,80.66461,37.44024,0,0,14.93,11.372281,1015.9909,37.62929,77.194374,77,39.02813,0,0,0,0,0,0,0,0,0,0,0,0,0,0,0,0,13,2,5,13,5,4,14,11,
..\..\..\files\weather\calibration\daily\Castel Boglione.csv,7/21/2012 12:00:00 AM,29.52,18.630001,0,0,88.05927,45.78436,0,0,14.075001,11.684181,1027.675,38.06204,77.2054,77,38.973007,0,0,0,0,0,0,0,0,0,0,0,0,0,0,0,0,13,2,5,13,5,4,14,11,
..\..\..\files\weather\calibration\daily\Castel Boglione.csv,7/22/2012 12:00:00 AM,28.279999,18.117928,0.2375,4,91.83945,50.09723,0,0,13.198963,11.894198,1039.5692,38.502563,77.21663,77,38.916855,0,0,0,0,0,0,0,0,0,0,0,0,0,0,0,1,13,2,5,13,5,4,14,11,
..\..\..\files\weather\calibration\daily\Castel Boglione.csv,7/23/2012 12:00:00 AM,26.79,16.170725,5.4625,24,93.30048,50.12874,0,0,11.480362,11.979982,1051.5492,38.946266,77.22793,77,38.86036,0,1,1,0,0,0,1,1,0,0,0,0,0,0,0,0,13,3,6,13,5,4,15,12,
..\..\..\files\weather\calibration\daily\Castel Boglione.csv,7/24/2012 12:00:00 AM,23.81,14.86,0,6,98.63769,56.498837,0,0,9.334999,11.468091,1063.0173,39.371014,78.002495,78,34.987526,0,0,0,0,0,0,0,0,0,0,0,0,0,0,0,0,13,3,6,13,5,4,15,12,
..\..\..\files\weather\calibration\daily\Castel Boglione.csv,7/25/2012 12:00:00 AM,28.73,17.2,0,0,87.68677,43.614452,0,0,12.965,11.9313965,1074.9487,39.812916,78.011604,78,34.94198,0,0,0,0,0,0,0,0,0,0,0,0,0,0,0,0,13,3,6,13,5,4,15,12,
..\..\..\files\weather\calibration\daily\Castel Boglione.csv,7/26/2012 12:00:00 AM,32.7,17.11,0,0,72.516525,28.585184,0,0,14.905001,11.382892,1086.3317,40.234505,78.0203,78,34.89849,0,0,0,0,0,0,0,0,0,0,0,0,0,0,0,0,13,3,6,13,5,4,15,12,
..\..\..\files\weather\calibration\daily\Castel Boglione.csv,7/27/2012 12:00:00 AM,31.56,17.78,0,0,78.31081,34.347786,0,0,14.67,11.478249,1097.8099,40.659626,78.02907,78,34.85466,0,0,0,0,0,0,0,0,0,0,0,0,0,0,0,0,13,3,6,13,5,4,15,12,
..\..\..\files\weather\calibration\daily\Castel Boglione.csv,7/28/2012 12:00:00 AM,32.33,19.24,0,0,78.48202,36.110176,0,0,15.785,10.955643,1108.7656,41.065395,78.03743,78,34.81285,0,0,0,0,0,0,0,0,0,0,0,0,0,0,0,0,13,3,6,13,5,4,15,12,
..\..\..\files\weather\calibration\daily\Castel Boglione.csv,7/29/2012 12:00:00 AM,32.66,19.93,0,0,78.66037,37.080784,0,0,16.295,10.657584,1119.4232,41.460117,78.04557,78,34.77215,0,0,0,0,0,0,0,0,0,0,0,0,0,0,0,0,13,3,6,13,5,4,15,12,
..\..\..\files\weather\calibration\daily\Castel Boglione.csv,7/30/2012 12:00:00 AM,31.98,18.990002,0,0,79.3176,36.648266,0,0,15.485001,11.113708,1130.5369,41.871735,78.054054,78,34.72973,0,0,0,0,0,0,0,0,0,0,0,0,0,0,0,0,13,3,6,13,5,4,15,12,
..\..\..\files\weather\calibration\daily\Castel Boglione.csv,7/31/2012 12:00:00 AM,29.62,18.31,0,0,86.93556,44.04829,0,0,13.965,11.71666,1142.2535,42.305687,78.063,78,34.684982,0,0,0,0,0,0,0,0,0,0,0,0,0,0,0,0,13,3,6,13,5,4,15,12,
..\..\..\files\weather\calibration\daily\Castel Boglione.csv,8/1/2012 12:00:00 AM,30.59,19.280003,0,0,85.415474,43.49302,0,0,14.935001,11.370148,1153.6237,42.726803,78.071686,78,34.64157,0,0,0,0,0,0,0,0,0,0,0,0,0,0,0,0,13,3,6,13,5,4,15,12,
..\..\..\files\weather\calibration\daily\Castel Boglione.csv,8/2/2012 12:00:00 AM,30.58,18.87,0,0,84.524,41.9765,0,0,14.725,11.456641,1165.0803,43.151123,78.08044,78,34.597816,0,0,0,0,0,0,0,0,0,0,0,0,0,0,0,0,13,3,6,13,5,4,15,12,
..\..\..\files\weather\calibration\daily\Castel Boglione.csv,8/3/2012 12:00:00 AM,32.2,19.11,0,0,78.713196,36.18911,0,0,15.655001,11.02571,1176.1061,43.559486,78.08885,78,34.55574,0,0,0,0,0,0,0,0,0,0,0,0,0,0,0,0,13,3,6,13,5,4,15,12,
..\..\..\files\weather\calibration\daily\Castel Boglione.csv,8/4/2012 12:00:00 AM,32.24,19.630001,0,0,79.684074,37.754864,0,0,15.935001,10.871809,1186.9779,43.962143,78.09716,78,34.5142,0,0,0,0,0,0,0,0,0,0,0,0,0,0,0,0,13,3,6,13,5,4,15,12,
..\..\..\files\weather\calibration\daily\Castel Boglione.csv,8/5/2012 12:00:00 AM,32.06,19.030003,0,0,79.090324,36.469086,0,0,15.545002,11.083119,1198.061,44.37263,78.10562,78,34.471893,0,0,0,0,0,0,0,0,0,0,0,0,0,0,0,0,13,3,6,13,5,4,15,12,
..\..\..\files\weather\calibration\daily\Castel Boglione.csv,8/6/2012 12:00:00 AM,30.33,19.15,0,0,86.13364,44.157265,0,0,14.74,11.450674,1209.5117,44.79673,78.114365,78,34.428177,0,0,0,0,0,0,0,0,0,0,0,0,0,0,0,0,13,3,6,13,5,4,15,12,
..\..\..\files\weather\calibration\daily\Castel Boglione.csv,8/7/2012 12:00:00 AM,28.61,19.067783,0,3,92.77454,52.553795,0,0,13.838892,11.751741,1221.2634,45.23198,78.12334,78,34.383316,0,0,0,0,0,0,0,0,0,0,0,0,0,0,0,0,13,3,6,13,5,4,15,12,
..\..\..\files\weather\calibration\daily\Castel Boglione.csv,8/8/2012 12:00:00 AM,30.42,17.12,0,0,81.19267,36.45216,0,0,13.77,11.769933,1233.0333,45.6679,78.132324,78,34.33838,0,0,0,0,0,0,0,0,0,1,1,1,0,0,1,1,13,3,6,13,5,4,15,12,
..\..\..\files\weather\calibration\daily\Castel Boglione.csv,8/9/2012 12:00:00 AM,30.73,17.01,0,0,79.77792,34.943207,0,0,13.869999,11.743301,1244.7766,46.102837,78.1413,78,34.293518,0,0,0,0,0,0,0,0,0,0,0,0,0,0,0,0,13,3,6,13,5,4,15,12,
..\..\..\files\weather\calibration\daily\Castel Boglione.csv,8/10/2012 12:00:00 AM,31.46,17.74,0,0,78.60747,34.58704,0,0,14.599998,11.505121,1256.2817,46.528954,78.15008,78,34.24961,0,0,0,0,0,0,0,0,0,0,0,0,0,0,0,0,13,3,6,13,5,4,15,12,
..\..\..\files\weather\calibration\daily\Castel Boglione.csv,8/11/2012 12:00:00 AM,30.399998,19.27,0,0,86.135056,44.311344,0,0,14.834999,11.412125,1267.6938,46.951626,78.1588,78,34.20601,0,0,0,0,0,0,0,0,0,0,0,0,0,0,0,0,13,3,6,13,5,4,15,12,
..\..\..\files\weather\calibration\daily\Castel Boglione.csv,8/12/2012 12:00:00 AM,30.74,17.38,0,0,85.25264,36.10212,0,0,14.059999,11.688712,1279.3826,47.38454,78.167725,78,34.161377,0,0,0,0,0,0,0,0,0,0,0,0,0,0,0,0,13,3,6,13,5,4,15,12,
..\..\..\files\weather\calibration\daily\Castel Boglione.csv,8/13/2012 12:00:00 AM,27.98,18.32,0,3,93.119415,51.918274,0,0,13.15,11.902644,1291.2852,47.825375,78.17681,78,34.115944,0,0,0,0,0,0,0,0,0,0,0,0,0,0,0,0,13,3,6,13,5,4,15,12,
..\..\..\files\weather\calibration\daily\Castel Boglione.csv,8/14/2012 12:00:00 AM,28.82,18.28,0,0,89.89243,47.61122,0,0,13.549999,11.823421,1303.1085,48.26328,78.185844,78,34.070778,0,0,0,0,0,0,0,0,0,0,0,0,0,0,0,0,13,3,6,13,5,4,15,12,
..\..\..\files\weather\calibration\daily\Castel Boglione.csv,8/15/2012 12:00:00 AM,29.74,18.1,0,0,85.99432,42.7046,0,0,13.92,11.729441,1314.838,48.697704,79.003426,79,29.982872,0,0,0,0,0,0,0,0,0,0,0,0,0,0,0,0,13,3,6,13,5,4,15,12,
..\..\..\files\weather\calibration\daily\Castel Boglione.csv,8/16/2012 12:00:00 AM,30.53,18.94,0,0,84.87709,42.457783,0,0,14.735001,11.452665,1326.2906,49.121876,79.010765,79,29.946175,0,0,0,0,0,0,0,0,0,0,0,0,0,0,0,0,13,3,6,13,5,4,15,12,
..\..\..\files\weather\calibration\daily\Castel Boglione.csv,8/17/2012 12:00:00 AM,30.58,19.35,0,0,85.6138,43.809425,0,0,14.965,11.357275,1337.648,49.542515,79.01805,79,29.909744,0,0,0,0,0,0,0,0,0,0,0,0,0,0,0,0,13,3,6,13,5,4,15,12,
..\..\..\files\weather\calibration\daily\Castel Boglione.csv,8/18/2012 12:00:00 AM,31.57,19.79,0,0,82.697655,41.10439,0,0,15.68,11.012423,1348.6604,49.950386,79.025116,79,29.87442,0,0,0,0,0,0,0,0,0,0,0,0,0,0,0,0,13,3,6,13,5,4,15,12,
..\..\..\files\weather\calibration\daily\Castel Boglione.csv,8/19/2012 12:00:00 AM,33.17,19.96,0,0,76.6869,35.193996,0,0,16.564999,10.484873,1359.1453,50.338715,79.03184,79,29.840813,0,0,0,0,0,0,0,0,0,0,0,0,0,0,0,0,13,3,6,13,5,4,15,12,
..\..\..\files\weather\calibration\daily\Castel Boglione.csv,8/20/2012 12:00:00 AM,33.79,20.82,0,0,76.00663,35.528915,0,0,17.305,9.958796,1369.104,50.707554,79.03822,79,29.808884,0,0,0,0,0,0,0,0,0,0,0,0,0,0,0,0,13,3,6,13,5,4,15,12,
..\..\..\files\weather\calibration\daily\Castel Boglione.csv,8/21/2012 12:00:00 AM,34.94,20.94,0,0,71.60928,31.63155,0,0,17.939999,9.446043,1378.55,51.05741,79.04428,79,29.778595,0,0,0,0,0,0,0,0,0,0,0,0,0,0,0,0,13,3,6,13,5,4,15,12,
..\..\..\files\weather\calibration\daily\Castel Boglione.csv,8/22/2012 12:00:00 AM,34.1,22.16,0,0,77.55092,38.675404,0,0,18.13,9.281652,1387.8317,51.401173,79.05024,79,29.748802,0,0,0,0,0,0,0,0,0,0,0,0,0,0,0,0,13,3,6,13,5,4,15,12,
..\..\..\files\weather\calibration\daily\Castel Boglione.csv,8/23/2012 12:00:00 AM,34.56,21.4,0,0,75.022575,34.37931,0,0,17.98,9.411853,1397.2435,51.74976,79.056274,79,29.718628,0,0,0,0,0,0,0,0,0,0,0,0,0,0,0,0,13,3,6,13,5,4,15,12,
..\..\..\files\weather\calibration\daily\Castel Boglione.csv,8/24/2012 12:00:00 AM,31.95,20.630001,0,0,83.03918,42.547615,0,0,16.29,10.660686,1407.9042,52.1446,79.06311,79,29.684448,0,0,0,0,0,0,0,0,0,0,0,0,0,0,0,0,13,3,6,13,5,4,15,12,
..\..\..\files\weather\calibration\daily\Castel Boglione.csv,8/25/2012 12:00:00 AM,32.63,20.780003,0.21249999,1,80.6195,40.120354,0,0,16.705002,10.391262,1418.2954,52.52946,79.06977,79,29.651146,0,0,0,0,0,0,0,0,0,0,0,0,0,0,0,0,13,3,6,13,5,4,15,12,
..\..\..\files\weather\calibration\daily\Castel Boglione.csv,8/26/2012 12:00:00 AM,32.27,20.243212,4.8875,23,81.98919,41.536694,0,0,16.256607,10.681306,1428.9767,52.925064,79.07662,79,29.61689,0,1,1,0,0,0,0,1,0,0,0,0,0,0,0,0,13,4,7,13,5,4,15,13,
..\..\..\files\weather\calibration\daily\Castel Boglione.csv,8/27/2012 12:00:00 AM,30.169998,16.224483,0,0,85.35867,42.511818,0,0,13.197241,11.894502,1440.8712,53.3656,84.00178,84,12.495556,0,0,0,0,0,0,0,0,0,0,0,0,0,0,0,0,13,4,7,13,5,4,15,13,
..\..\..\files\weather\calibration\daily\Castel Boglione.csv,8/28/2012 12:00:00 AM,28.49,14.120001,0,0,81.400635,33.70632,0,0,11.305,11.964165,1452.8353,53.808712,84.0086,84,12.478504,0,0,0,0,0,0,0,0,0,0,0,0,0,0,0,0,13,4,7,13,5,4,15,13,
..\..\..\files\weather\calibration\daily\Castel Boglione.csv,8/29/2012 12:00:00 AM,27.75,15.470001,0,0,87.142586,41.09911,0,0,11.610001,11.98873,1464.8241,54.252743,84.01543,84,12.461433,0,0,0,0,0,0,0,0,0,0,0,0,0,0,0,0,13,4,7,13,5,4,15,13,
..\..\..\files\weather\calibration\daily\Castel Boglione.csv,8/30/2012 12:00:00 AM,30.3,16.4,0.14999999,1,100,34.56196,0,0,13.349998,11.865945,1476.6901,54.692226,84.02219,84,12.444534,0,0,0,0,0,0,0,0,0,0,0,0,0,0,0,0,13,4,7,13,5,4,15,13,
..\..\..\files\weather\calibration\daily\Castel Boglione.csv,8/31/2012 12:00:00 AM,24.41,15.353861,3.7458332,24,100,73.05359,0,0,9.881931,11.664938,1488.355,55.12426,84.02883,84,12.427921,0,0,0,0,0,0,0,1,0,0,0,0,0,0,0,0,13,4,7,13,5,4,15,14,
..\..\..\files\weather\calibration\daily\Castel Boglione.csv,9/1/2012 12:00:00 AM,22.719997,14.089999,7.3041663,24,99.857666,58.12444,0,0,8.404999,11.027251,1499.3822,55.532677,84.03512,84,12.412205,0,1,1,0,0,0,1,1,0,0,0,0,0,0,0,0,13,5,8,13,5,4,16,15,
..\..\..\files\weather\calibration\daily\Castel Boglione.csv,9/2/2012 12:00:00 AM,19.91,13.649999,11.6875,24,100,71.19598,0,0,6.779999,9.929054,1509.3113,55.900417,84.04078,84,12.398052,1,1,1,0,0,0,1,1,0,0,0,0,0,0,0,0,14,6,9,13,5,4,17,16,
..\..\..\files\weather\calibration\daily\Castel Boglione.csv,9/3/2012 12:00:00 AM,22.18,13.400001,5.375,24,100,57.261383,0,0,7.790001,10.661275,1519.9725,56.29528,88.00347,88,2.4913216,1,0,0,0,0,0,1,1,0,0,0,0,0,0,0,0,15,6,9,13,5,4,18,17,
..\..\..\files\weather\calibration\daily\Castel Boglione.csv,9/4/2012 12:00:00 AM,21.92,16.22,24.65,24,100,75.47566,0,0,9.07,11.356161,1531.3287,56.71588,88.00842,88,2.4789429,1,1,1,0,1,0,1,1,0,0,0,0,0,0,0,0,16,7,10,13,6,4,19,18,
..\..\..\files\weather\calibration\daily\Castel Boglione.csv,9/5/2012 12:00:00 AM,22.81,16.62,5.0958333,24,100,72.323555,0,0,9.715,11.609718,1542.9385,57.14587,88.01348,88,2.4662971,1,1,1,1,1,0,1,1,0,0,0,0,0,0,0,0,17,8,11,14,7,4,20,19,
..\..\..\files\weather\calibration\daily\Castel Boglione.csv,9/6/2012 12:00:00 AM,26.33,16.97,4.7916665,23,95.73703,54.00416,0,0,11.65,11.990925,1554.9294,57.589977,88.01871,88,2.4532318,0,1,1,1,0,0,1,1,0,0,0,0,0,0,0,0,17,9,12,15,7,4,21,20,
..\..\..\files\weather\calibration\daily\Castel Boglione.csv,9/7/2012 12:00:00 AM,29.33,16.53,0,0,83.919304,38.638775,0,0,12.93,11.936274,1566.8657,58.032066,88.0239,88,2.4402428,0,0,0,0,0,0,0,0,0,0,0,0,0,0,0,0,17,9,12,15,7,4,21,20,
..\..\..\files\weather\calibration\daily\Castel Boglione.csv,9/8/2012 12:00:00 AM,29.100002,15.840001,0,0,83.17659,37.138298,0,0,12.470001,11.983694,1578.8494,58.4759,88.02913,88,2.4271774,0,0,0,0,0,0,0,0,0,0,0,0,0,0,0,0,17,9,12,15,7,4,21,20,
..\..\..\files\weather\calibration\daily\Castel Boglione.csv,9/9/2012 12:00:00 AM,29.32,16.05,0,0,82.85616,37.02142,0,0,12.684999,11.965392,1590.8147,58.91906,88.03434,88,2.4141502,0,0,0,0,0,0,0,0,0,0,0,0,0,0,0,0,17,9,12,15,7,4,21,20,
..\..\..\files\weather\calibration\daily\Castel Boglione.csv,9/10/2012 12:00:00 AM,28.79,16.39,0,0,85.575264,40.290707,0,0,12.59,11.974316,1602.7891,59.36256,88.03956,88,2.401104,0,0,0,0,0,0,0,0,0,0,0,0,0,0,0,0,17,9,12,15,7,4,21,20,
..\..\..\files\weather\calibration\daily\Castel Boglione.csv,9/11/2012 12:00:00 AM,28.45,16.130001,0,0,86.20179,40.71405,0,0,12.290001,11.993787,1614.7828,59.80677,88.044785,88,2.3880386,0,0,0,0,0,0,0,0,0,0,0,0,0,0,0,0,17,9,12,15,7,4,21,20,
..\..\..\files\weather\calibration\daily\Castel Boglione.csv,9/12/2012 12:00:00 AM,28.330002,16.460001,0,0,87.40981,42.457054,0,0,12.395,11.988479,1626.7714,60.25079,88.05001,88,2.3749733,0,0,0,0,0,0,0,0,0,1,1,1,0,0,0,1,17,9,12,15,7,4,21,20,
..\..\..\files\weather\calibration\daily\Castel Boglione.csv,9/13/2012 12:00:00 AM,25.66,13.707146,0,3,93.69832,49.212025,0,0,9.683573,11.598846,1638.3702,60.680378,88.05506,88,2.3623466,0,0,0,0,0,0,0,0,0,0,0,0,0,0,0,0,17,9,12,15,7,4,21,20,
..\..\..\files\weather\calibration\daily\Castel Boglione.csv,9/14/2012 12:00:00 AM,23.89,11.96,0,1,91.070114,42.972916,0,0,7.924999,10.74674,1649.117,61.078407,88.059746,88,2.3506355,0,0,0,0,0,0,0,0,0,0,0,0,0,0,0,0,17,9,12,15,7,4,21,20,
..\..\..\files\weather\calibration\daily\Castel Boglione.csv,9/15/2012 12:00:00 AM,25.939999,11.339999,0,0,83.35395,33.406933,0,0,8.639999,11.151367,1660.2683,61.491417,88.064606,88,2.3384857,0,0,0,0,0,0,0,0,0,0,0,0,0,0,0,0,17,9,12,15,7,4,21,20,
..\..\..\files\weather\calibration\daily\Castel Boglione.csv,9/16/2012 12:00:00 AM,26.63,10.72,0,0,79.728226,29.440546,0,0,8.674999,11.169112,1671.4374,61.905087,88.06947,88,2.3263168,0,0,0,0,0,0,0,0,0,0,0,0,0,0,0,0,17,9,12,15,7,4,21,20,
..\..\..\files\weather\calibration\daily\Castel Boglione.csv,9/17/2012 12:00:00 AM,25.52,12.149999,0,0,86.60949,37.542362,0,0,8.834999,11.247804,1682.6852,62.321674,88.07437,88,2.3140717,0,0,0,0,0,0,0,0,0,0,0,0,0,0,0,0,17,9,12,15,7,4,21,20,
..\..\..\files\weather\calibration\daily\Castel Boglione.csv,9/18/2012 12:00:00 AM,25.27,12.48,0,0,88.190834,39.6511,0,0,8.875,11.266853,1693.952,62.73896,88.079285,88,2.3017883,0,0,0,0,0,0,0,0,0,0,0,0,0,0,0,0,17,9,12,15,7,4,21,20,
..\..\..\files\weather\calibration\daily\Castel Boglione.csv,9/19/2012 12:00:00 AM,25.41,12.509999,0,1,95.50218,39.237236,0,0,8.959999,11.306508,1705.2585,63.157726,88.084206,88,2.289486,0,0,0,0,0,0,0,0,0,0,0,0,0,0,1,1,17,9,12,15,7,4,21,20,
..\..\..\files\weather\calibration\daily\Castel Boglione.csv,9/20/2012 12:00:00 AM,23.970001,12.981584,0,8,100,64.49632,0,0,8.475792,11.065551,1716.3241,63.567562,88.08903,88,2.2774315,0,0,0,0,0,0,0,0,1,1,1,1,0,0,1,1,17,9,12,15,7,4,21,20,
..\..\..\files\weather\calibration\daily\Castel Boglione.csv,9/21/2012 12:00:00 AM,23.54,11.169999,0,1,90.10351,41.211826,0,0,7.3549995,10.366083,1726.6902,63.951485,88.093544,88,2.26614,0,0,0,0,0,0,0,0,1,0,0,0,1,0,1,1,17,9,12,15,7,4,21,20,
..\..\..\files\weather\calibration\daily\Castel Boglione.csv,9/22/2012 12:00:00 AM,22.78,10.88,0,3,91.4792,42.972553,0,0,6.83,9.9691925,1736.6594,64.32072,88.09789,88,2.255268,0,0,0,0,0,0,0,0,1,1,1,1,0,0,1,1,17,9,12,15,7,4,21,20,
..\..\..\files\weather\calibration\daily\Castel Boglione.csv,9/23/2012 12:00:00 AM,23.25,11.84,0,4,100,45.05688,0,0,7.545,10.498745,1747.1582,64.709564,88.10246,88,2.243843,0,0,0,0,0,0,0,0,1,0,0,0,0,0,0,0,17,9,12,15,7,4,21,20,
..\..\..\files\weather\calibration\daily\Castel Boglione.csv,9/24/2012 12:00:00 AM,21.84,15.444275,0.4958333,13,100,76.06881,0,0,8.642138,11.152456,1758.3107,65.12262,88.10732,88,2.2316933,0,0,0,1,0,0,0,0,0,1,1,1,0,0,1,1,17,9,12,16,7,4,21,20,
..\..\..\files\weather\calibration\daily\Castel Boglione.csv,9/25/2012 12:00:00 AM,22.23,14.28,11.6375,24,100,61.755634,0,0,8.254999,10.943496,1769.2542,65.52793,88.11209,88,2.2197723,1,1,1,1,0,0,1,1,0,1,1,1,0,0,1,1,18,10,13,17,7,4,22,21,
..\..\..\files\weather\calibration\daily\Castel Boglione.csv,9/26/2012 12:00:00 AM,21.969997,13.7699995,6.2166667,24,100,60.32784,0,0,7.869999,10.71227,1779.9664,65.92468,88.11676,88,2.2080994,1,1,1,0,0,0,1,1,0,0,0,0,0,0,0,0,19,11,14,17,7,4,23,22,
..\..\..\files\weather\calibration\daily\Castel Boglione.csv,9/27/2012 12:00:00 AM,22.95,14.39,19.55,23,99.97643,58.513767,0,0,8.67,11.16659,1791.133,66.33826,88.12163,88,2.1959305,1,1,1,0,1,0,1,1,0,0,0,0,0,0,0,0,20,12,15,17,8,4,24,23,
..\..\..\files\weather\calibration\daily\Castel Boglione.csv,9/28/2012 12:00:00 AM,23.14,13.12,0,5,96.16591,51.23163,0,0,8.129999,10.870994,1802.004,66.74089,88.126366,88,2.1840858,1,0,0,0,1,0,0,0,0,0,0,0,0,0,0,0,21,12,15,17,9,4,24,23,
..\..\..\files\weather\calibration\daily\Castel Boglione.csv,9/29/2012 12:00:00 AM,23.98,11.880001,0.6458333,2,100,42.300465,0,0,7.9300003,10.749851,1812.7539,67.13904,88.13105,88,2.1723747,0,0,0,0,0,0,0,0,0,0,0,0,0,0,0,0,21,12,15,17,9,4,24,23,
..\..\..\files\weather\calibration\daily\Castel Boglione.csv,9/30/2012 12:00:00 AM,18.88,15.79,15.029166,24,100,92.80791,0,0,7.334999,10.35178,1823.1057,67.52244,88.13556,88,2.1611023,1,1,1,0,0,0,1,1,0,0,0,0,0,0,0,0,22,13,16,17,9,4,25,24,
..\..\..\files\weather\calibration\daily\Castel Boglione.csv,10/1/2012 12:00:00 AM,23.15,14.780001,4.025,24,100,59.5374,0,0,8.965,11.308805,1834.4146,67.94128,88.14049,88,2.1487808,1,0,0,0,0,0,1,1,0,0,0,0,0,0,0,0,23,13,16,17,9,4,26,25,
..\..\..\files\weather\calibration\daily\Castel Boglione.csv,10/2/2012 12:00:00 AM,21.97,14.33,0,8,100,63.467228,0,0,8.15,10.88276,1845.2974,68.344345,88.145226,88,2.1369362,0,0,0,0,0,0,0,0,0,0,0,0,0,0,0,0,23,13,16,17,9,4,26,25,
..\..\..\files\weather\calibration\daily\Castel Boglione.csv,10/3/2012 12:00:00 AM,23.76,12.890001,0,3,93.783936,47.410282,0,0,8.325001,10.983023,1856.2804,68.75113,88.15002,88,2.124958,0,0,0,0,0,0,0,0,0,0,0,0,0,0,0,0,23,13,16,17,9,4,26,25,
..\..\..\files\weather\calibration\daily\Castel Boglione.csv,10/4/2012 12:00:00 AM,22.990002,11.910001,0,3,93.509056,46.43224,0,0,7.450001,10.43314,1866.7135,69.137535,88.15456,88,2.1136093,0,0,0,0,0,0,0,0,0,0,0,0,0,0,0,0,23,13,16,17,9,4,26,25,
..\..\..\files\weather\calibration\daily\Castel Boglione.csv,10/5/2012 12:00:00 AM,23.22,12.85,0,5,95.24871,49.614437,0,0,8.035,10.814241,1877.5277,69.53806,88.15927,88,2.101822,0,0,0,0,0,0,0,0,0,0,0,0,0,0,0,0,23,13,16,17,9,4,26,25,
..\..\..\files\weather\calibration\daily\Castel Boglione.csv,10/6/2012 12:00:00 AM,23.07,12.84,0,5,95.650406,50.244682,0,0,7.955,10.765341,1888.2931,69.93678,88.16396,88,2.0900917,0,0,0,0,0,0,0,0,0,0,0,0,0,0,0,0,23,13,16,17,9,4,26,25,
..\..\..\files\weather\calibration\daily\Castel Boglione.csv,10/7/2012 12:00:00 AM,23.810001,12.340001,0,4,93.374954,44.849583,0,0,8.075001,10.838311,1899.1313,70.338196,88.168686,88,2.0782852,0,0,0,0,0,0,0,0,0,0,0,0,0,0,0,0,23,13,16,17,9,4,26,25,
..\..\..\files\weather\calibration\daily\Castel Boglione.csv,10/8/2012 12:00:00 AM,23.14,14.46938,0,7,100,60.456528,0,0,8.804689,11.233203,1910.3645,70.75424,88.17358,88,2.066059,0,0,0,0,0,0,0,0,0,0,0,0,0,0,0,0,23,13,16,17,9,4,26,25,
..\..\..\files\weather\calibration\daily\Castel Boglione.csv,10/9/2012 12:00:00 AM,21.11,13.330001,0,8,100,62.458252,0,0,7.220001,10.268293,1920.6328,71.13455,88.178055,88,2.054863,0,0,0,0,0,0,0,0,0,0,0,0,0,0,0,0,23,13,16,17,9,4,26,25,
..\..\..\files\weather\calibration\daily\Castel Boglione.csv,10/10/2012 12:00:00 AM,23.52,13.065045,0,5,96.31403,51.77468,0,0,8.292522,10.964781,1931.5975,71.54065,88.18283,88,2.042923,0,0,0,0,0,0,0,0,0,0,0,0,0,0,0,0,23,13,16,17,9,4,26,25,
..\..\..\files\weather\calibration\daily\Castel Boglione.csv,10/11/2012 12:00:00 AM,22.07,11.52,0.21666665,6,95.000305,48.6153,0,0,6.795,9.94114,1941.5387,71.908844,88.187164,88,2.0320892,0,0,0,0,0,0,0,0,0,0,0,0,0,0,0,0,23,13,16,17,9,4,26,25,
..\..\..\files\weather\calibration\daily\Castel Boglione.csv,10/12/2012 12:00:00 AM,18.51,11.04,4.983333,24,100,62.937206,0,0,4.7749996,7.974505,1949.5132,72.20419,88.190636,88,2.0234108,0,0,1,0,0,0,0,1,0,0,0,0,0,0,0,0,23,13,17,17,9,4,26,26,
..\..\..\files\weather\calibration\daily\Castel Boglione.csv,10/13/2012 12:00:00 AM,19.96,11.742649,0,9,100,64.67552,0,0,5.851324,9.1084385,1958.6216,72.54154,88.1946,88,2.0134926,0,0,0,0,0,0,1,0,0,0,0,0,0,0,0,0,23,13,17,17,9,4,27,26,
..\..\..\files\weather\calibration\daily\Castel Boglione.csv,10/14/2012 12:00:00 AM,19.16,10.470001,0.9458334,7,99.07585,56.57423,0,0,4.8150005,8.020257,1966.6418,72.838585,88.1981,88,2.004757,0,0,0,0,0,0,0,0,0,0,0,0,0,0,0,0,23,13,17,17,9,4,27,26,
..\..\..\files\weather\calibration\daily\Castel Boglione.csv,10/15/2012 12:00:00 AM,18,10.32,22.295834,24,100,61.34576,0,0,4.16,7.2350082,1973.8768,73.10655,88.201256,88,1.9968605,1,0,1,0,0,0,1,1,0,0,0,0,0,0,0,0,24,13,18,17,9,4,28,27,
..\..\..\files\weather\calibration\daily\Castel Boglione.csv,10/16/2012 12:00:00 AM,15.74,7.13833,12.458334,23,100,68.37336,0,-2.3856487,1.9151863,3.0705032,1976.9474,73.22027,88.20259,88,1.9935226,1,0,1,0,1,0,1,0,0,0,0,0,0,0,0,0,25,13,19,17,10,4,29,27,
..\..\..\files\weather\calibration\daily\Castel Boglione.csv,10/17/2012 12:00:00 AM,18.96,5.1100006,0.09583333,1,96.31122,34.32286,0,-4.0267467,2.8982525,4.12065,1981.068,73.37289,88.204384,88,1.9890404,1,0,0,0,1,0,0,0,0,0,0,0,0,0,0,0,26,13,19,17,11,4,29,27,
..\..\..\files\weather\calibration\daily\Castel Boglione.csv,10/18/2012 12:00:00 AM,15.48,9.4,2.2041667,24,100,68.574135,0,-0.570395,2.469605,4.7863035,1985.8542,73.550156,88.206474,88,1.9838142,0,0,0,0,0,0,0,0,0,0,0,0,0,0,0,0,26,13,19,17,11,4,29,27,
..\..\..\files\weather\calibration\daily\Castel Boglione.csv,10/19/2012 12:00:00 AM,18.41,10.08,0,6,99.51319,58.019604,0,0,4.245,7.341296,1993.1956,73.82206,88.20967,88,1.9758224,0,0,0,0,0,0,0,0,0,0,0,0,0,0,0,0,26,13,19,17,11,4,29,27,
..\..\..\files\weather\calibration\daily\Castel Boglione.csv,10/20/2012 12:00:00 AM,19.9,9.460001,0,5,94.86031,48.348515,0,-0.5260334,4.693966,7.864711,2001.0603,74.11334,88.2131,88,1.9672585,0,0,0,0,0,0,0,0,0,0,0,0,0,0,0,0,26,13,19,17,11,4,29,27,
..\..\..\files\weather\calibration\daily\Castel Boglione.csv,10/21/2012 12:00:00 AM,21.72,10.370001,0,3,92.95164,45.018517,0,0,6.045,9.291445,2010.3518,74.45747,88.21715,88,1.9571304,0,0,0,0,0,0,0,0,0,0,0,0,0,0,0,0,26,13,19,17,11,4,29,27,
..\..\..\files\weather\calibration\daily\Castel Boglione.csv,10/22/2012 12:00:00 AM,23.55,11.37,0,2,95.22197,41.954895,0,0,7.459999,10.440114,2020.7919,74.84415,88.221695,88,1.9457626,0,0,0,0,0,0,0,0,0,0,0,0,0,0,0,0,26,13,19,17,11,4,29,27,
..\..\..\files\weather\calibration\daily\Castel Boglione.csv,10/23/2012 12:00:00 AM,21.52,12.264928,0,8,100,63.028294,0,0,6.8924637,10.018763,2030.8107,75.21521,88.22606,88,1.9348526,0,0,0,0,0,0,0,0,0,0,0,0,0,0,0,0,26,13,19,17,11,4,29,27,
..\..\..\files\weather\calibration\daily\Castel Boglione.csv,10/24/2012 12:00:00 AM,22.26,9.99577,0,3,92.02606,43.64721,0,-0.0042295456,6.127886,9.36784,2040.1785,75.562164,88.23014,88,1.9246483,0,0,0,0,0,0,0,0,0,0,0,0,0,0,0,0,26,13,19,17,11,4,29,27,
..\..\..\files\weather\calibration\daily\Castel Boglione.csv,10/25/2012 12:00:00 AM,20.87,8.13,0,0,89.27881,39.172916,0,-1.7327585,4.6372414,7.652262,2047.8307,75.84558,88.233475,88,1.9163132,0,0,0,0,0,0,0,0,0,0,0,0,0,0,0,0,26,13,19,17,11,4,29,27,
..\..\..\files\weather\calibration\daily\Castel Boglione.csv,10/26/2012 12:00:00 AM,20.01,8.48,0.75416666,4,100,43.628826,-1.4198098,-1.4198098,0,0,0,0,0,0,0,0,0,0,0,0,0,0,0,0,0,0,0,0,0,0,0,0,0,0,0,0,0,0,0,
..\..\..\files\weather\calibration\daily\Castel Boglione.csv,10/27/2012 12:00:00 AM,13.67,11.45,17.541666,24,100,94.85792,-1.4198098,0,0,0,0,0,0,0,0,1,0,1,0,0,0,1,0,0,0,0,0,0,0,0,0,1,0,1,0,0,0,1,0,
..\..\..\files\weather\calibration\daily\Castel Boglione.csv,10/28/2012 12:00:00 AM,16.61,5.2736244,4.7458334,24,100,74.67139,-5.160922,-3.7411125,0,0,0,0,0,0,0,1,0,0,0,0,0,1,1,0,0,0,0,0,0,0,0,1,0,0,0,0,0,1,1,
..\..\..\files\weather\calibration\daily\Castel Boglione.csv,10/29/2012 12:00:00 AM,8.85,3.7451634,5.5583334,23,92.02774,69.000534,-7.7133403,-2.5524182,0,0,0,0,0,0,0,0,0,0,0,0,0,0,0,0,0,0,0,0,0,0,0,0,0,0,0,0,0,0,0,
..\..\..\files\weather\calibration\daily\Castel Boglione.csv,10/30/2012 12:00:00 AM,11.76,1.9416869,0,0,86.167,45.256508,-12.464751,-4.751411,0,0,0,0,0,0,0,0,0,0,0,0,0,0,0,0,0,0,0,0,0,0,0,0,0,0,0,0,0,0,0,
..\..\..\files\weather\calibration\daily\Castel Boglione.csv,10/31/2012 12:00:00 AM,9.47,0.6499996,0.99583334,1,92.20856,44.215446,-16.874752,-4.4100003,0,0,0,0,0,0,0,0,0,0,0,0,0,0,0,0,0,0,0,0,0,0,0,0,0,0,0,0,0,0,0,
..\..\..\files\weather\calibration\daily\Castel Boglione.csv,11/1/2012 12:00:00 AM,8.44,5.75,23.1375,24,94.755936,78.80188,-18.219751,-1.3449998,0,0,0,0,0,0,0,0,0,0,0,0,0,0,0,0,0,0,0,0,0,0,0,0,0,0,0,0,0,0,0,
..\..\..\files\weather\calibration\daily\Castel Boglione.csv,11/2/2012 12:00:00 AM,14.6,5.0599995,5.366667,23,91.52249,48.26472,-21.880737,-3.6609857,0,0,0,0,0,0,0,0,0,0,0,0,0,1,0,0,0,0,0,0,0,0,0,0,0,0,0,0,0,1,0,
..\..\..\files\weather\calibration\daily\Castel Boglione.csv,11/3/2012 12:00:00 AM,16.88,7.5300007,0.34166667,6,98.14482,51.503296,-24.024485,-2.143748,0,0,0,0,0,0,0,0,0,0,0,0,0,0,0,0,0,0,0,0,0,0,0,0,0,0,0,0,0,0,0,
..\..\..\files\weather\calibration\daily\Castel Boglione.csv,11/4/2012 12:00:00 AM,12.78,8.56,9.266666,24,100,77.25554,-25.218798,-1.1943126,0,0,0,0,0,0,0,0,0,0,0,0,0,1,0,0,0,0,0,0,0,0,0,0,0,0,0,0,0,1,0,
..\..\..\files\weather\calibration\daily\Castel Boglione.csv,11/5/2012 12:00:00 AM,13.43,10.432781,32.391666,23,100,86.771576,-25.218798,0,0,0,0,0,0,0,0,1,0,1,0,1,0,1,0,0,0,0,0,0,0,0,0,1,0,1,0,1,0,1,0,
..\..\..\files\weather\calibration\daily\Castel Boglione.csv,11/6/2012 12:00:00 AM,18.9,7.0675154,0,5,95.658485,50.23363,-27.787899,-2.5691004,0,0,0,0,0,0,0,1,0,0,0,1,0,0,0,0,0,0,0,0,0,0,0,1,0,0,0,1,0,0,0,
..\..\..\files\weather\calibration\daily\Castel Boglione.csv,11/7/2012 12:00:00 AM,16.32,5.4799995,0,1,90.68237,44.09625,-31.365538,-3.5776386,0,0,0,0,0,0,0,0,0,0,0,0,0,0,0,0,0,0,0,0,0,0,0,0,0,0,0,0,0,0,0,
..\..\..\files\weather\calibration\daily\Castel Boglione.csv,11/8/2012 12:00:00 AM,16,3.8999996,0,0,86.97554,38.653305,-35.927933,-4.562397,0,0,0,0,0,0,0,0,0,0,0,0,0,0,0,0,0,0,0,0,0,0,0,0,0,0,0,0,0,0,0,
..\..\..\files\weather\calibration\daily\Castel Boglione.csv,11/9/2012 12:00:00 AM,15.38,2.7699995,0.1375,1,86.88364,36.19055,-41.08526,-5.157324,0,0,0,0,0,0,0,0,0,0,0,0,0,0,0,0,0,0,0,0,0,0,0,0,0,0,0,0,0,0,0,
..\..\..\files\weather\calibration\daily\Castel Boglione.csv,11/10/2012 12:00:00 AM,15.29,6.5700006,5.475,24,100,53.104603,-43.840664,-2.7554066,0,0,0,0,0,0,0,0,0,0,0,0,0,0,0,0,0,0,0,0,0,0,0,0,0,0,0,0,0,0,0,
..\..\..\files\weather\calibration\daily\Castel Boglione.csv,11/11/2012 12:00:00 AM,11.11,9.215592,53.616665,24,100,92.99204,-44.462673,-0.62200975,0,0,0,0,0,0,0,1,0,0,0,1,0,1,0,0,0,0,0,0,0,0,0,1,0,0,0,1,0,1,0,
..\..\..\files\weather\calibration\daily\Castel Boglione.csv,11/12/2012 12:00:00 AM,12.92,7.556998,9.870833,23,100,76.63576,-46.349247,-1.8865731,0,0,0,0,0,0,0,1,0,0,0,1,0,1,0,0,0,0,0,0,0,0,0,1,0,0,0,1,0,1,0,
..\..\..\files\weather\calibration\daily\Castel Boglione.csv,11/13/2012 12:00:00 AM,14.65,6.34,0,5,94.87768,54.49989,-49.203255,-2.8540072,0,0,0,0,0,0,0,0,0,0,0,0,0,0,0,0,0,0,0,0,0,0,0,0,0,0,0,0,0,0,0,
..\..\..\files\weather\calibration\daily\Castel Boglione.csv,11/14/2012 12:00:00 AM,15.67,7.2800007,0,6,96.27632,55.247955,-51.48235,-2.2790937,0,0,0,0,0,0,0,0,0,0,0,0,0,0,0,0,0,0,0,0,0,0,0,0,0,0,0,0,0,0,0,
..\..\..\files\weather\calibration\daily\Castel Boglione.csv,11/15/2012 12:00:00 AM,14.94,5.2201047,0,6,98.561516,61.500244,-55.086956,-3.6046052,0,0,0,0,0,0,0,0,0,0,0,0,0,0,0,0,0,0,0,0,0,0,0,0,0,0,0,0,0,0,0,
..\..\..\files\weather\calibration\daily\Castel Boglione.csv,11/16/2012 12:00:00 AM,13.73,3.181658,0,0,88.82209,45.243603,-59.701645,-4.6146884,0,0,0,0,0,0,0,0,0,0,0,0,0,0,0,0,0,0,0,0,0,0,0,0,0,0,0,0,0,0,0,
..\..\..\files\weather\calibration\daily\Castel Boglione.csv,11/17/2012 12:00:00 AM,12.4,1.6000004,0,0,83.95502,40.011707,-64.83498,-5.133333,0,0,0,0,0,0,0,0,0,0,0,0,0,0,0,0,0,0,0,0,0,0,0,0,0,0,0,0,0,0,0,
..\..\..\files\weather\calibration\daily\Castel Boglione.csv,11/18/2012 12:00:00 AM,11.1,2.04,0,0,85.66787,45.787613,-69.2982,-4.463223,0,0,0,0,0,0,0,0,0,0,0,0,0,0,0,0,0,0,0,0,0,0,0,0,0,0,0,0,0,0,0,
..\..\..\files\weather\calibration\daily\Castel Boglione.csv,11/19/2012 12:00:00 AM,10.24,4.2,0,3,91.132904,60.26287,-72.31343,-3.0152318,0,0,0,0,0,0,0,0,0,0,0,0,0,0,0,0,0,0,0,0,0,0,0,0,0,0,0,0,0,0,0,
..\..\..\files\weather\calibration\daily\Castel Boglione.csv,11/20/2012 12:00:00 AM,12.25,5.39,0,5,93.98101,59.105175,-75.37444,-3.061013,0,0,0,0,0,0,0,0,0,0,0,0,0,0,0,0,0,0,0,0,0,0,0,0,0,0,0,0,0,0,0,
..\..\..\files\weather\calibration\daily\Castel Boglione.csv,11/21/2012 12:00:00 AM,16.52,5.09,0,0,89.395836,41.772163,-79.22984,-3.8554025,0,0,0,0,0,0,0,0,0,0,0,0,0,0,0,0,0,0,0,0,0,0,0,0,0,0,0,0,0,0,0,
..\..\..\files\weather\calibration\daily\Castel Boglione.csv,11/22/2012 12:00:00 AM,14.01,3.7800002,0,1,90.934906,44.411194,-83.558914,-4.3290715,0,0,0,0,0,0,0,0,0,0,0,0,0,0,0,0,0,0,0,0,0,0,0,0,0,0,0,0,0,0,0,
..\..\..\files\weather\calibration\daily\Castel Boglione.csv,11/23/2012 12:00:00 AM,12.86,6.5700006,0,6,96.86423,63.50479,-86.05371,-2.494793,0,0,0,0,0,0,0,0,0,0,0,0,0,0,0,0,0,0,0,0,0,0,0,0,0,0,0,0,0,0,0,
..\..\..\files\weather\calibration\daily\Castel Boglione.csv,11/24/2012 12:00:00 AM,14.05,6.8200006,0,6,96.70888,59.690197,-88.53438,-2.4806633,0,0,0,0,0,0,0,0,0,0,0,0,0,0,0,0,0,0,0,0,0,0,0,0,0,0,0,0,0,0,0,
..\..\..\files\weather\calibration\daily\Castel Boglione.csv,11/25/2012 12:00:00 AM,12.41,7.07,0.26250002,7,98.44546,68.79703,-90.660545,-2.1261702,0,0,0,0,0,0,0,0,0,0,0,0,0,0,0,0,0,0,0,0,0,0,0,0,0,0,0,0,0,0,0,
..\..\..\files\weather\calibration\daily\Castel Boglione.csv,11/26/2012 12:00:00 AM,12.98,8.450001,6.533334,24,100,75.37592,-91.945366,-1.284823,0,0,0,0,0,0,0,0,0,0,0,0,0,0,0,0,0,0,0,0,0,0,0,0,0,0,0,0,0,0,0,
..\..\..\files\weather\calibration\daily\Castel Boglione.csv,11/27/2012 12:00:00 AM,11.24,9.938046,12.545833,24,100,98.67594,-92.005844,-0.06048,0,0,0,0,0,0,0,1,0,0,0,0,0,1,0,0,0,0,0,0,0,0,0,1,0,0,0,0,0,1,0,
..\..\..\files\weather\calibration\daily\Castel Boglione.csv,11/28/2012 12:00:00 AM,11.85,8.48216,27.525,24,100,91.004196,-93.18165,-1.1758058,0,0,0,0,0,0,0,1,0,0,0,1,0,1,0,0,0,0,0,0,0,0,0,1,0,0,0,1,0,1,0,
..\..\..\files\weather\calibration\daily\Castel Boglione.csv,11/29/2012 12:00:00 AM,12.05,7.53966,29.229166,24,100,76.16418,-94.97095,-1.7892963,0,0,0,0,0,0,0,1,0,0,0,1,0,1,0,0,0,0,0,0,0,0,0,1,0,0,0,1,0,1,0,
..\..\..\files\weather\calibration\daily\Castel Boglione.csv,11/30/2012 12:00:00 AM,12.55,5.6972194,2.4208333,24,97.32249,65.60945,-97.9229,-2.9519477,0,0,0,0,0,0,0,0,0,0,0,1,0,1,0,0,0,0,0,0,0,0,0,0,0,0,0,1,0,1,0,
..\..\..\files\weather\calibration\daily\Castel Boglione.csv,12/1/2012 12:00:00 AM,8.77,4.571746,4.983333,23,93.35491,72.9239,-100.022026,-2.0991273,0,0,0,0,0,0,0,0,0,0,0,0,0,0,0,0,0,0,0,0,0,0,0,0,0,0,0,0,0,0,0,
..\..\..\files\weather\calibration\daily\Castel Boglione.csv,12/2/2012 12:00:00 AM,8.72,2.3419678,0,0,89.8544,64.25761,-100.022026,-3.189016,0,0,0,0,0,0,0,0,0,0,0,0,0,0,0,0,0,0,0,0,0,0,0,0,0,0,0,0,0,0,0,
..\..\..\files\weather\calibration\daily\Castel Boglione.csv,12/3/2012 12:00:00 AM,8.24,0.89115465,0,0,83.044945,51.25212,-100.022026,-3.6744223,0,0,0,0,0,0,0,0,0,0,0,0,0,0,0,0,0,0,0,0,0,0,0,0,0,0,0,0,0,0,0,
..\..\..\files\weather\calibration\daily\Castel Boglione.csv,12/4/2012 12:00:00 AM,9.99,-0.6700001,0,0,78.506325,37.250893,-100.022026,-4.681055,0,0,0,0,0,0,0,0,0,0,0,0,0,0,0,0,0,0,0,0,0,0,0,0,0,0,0,0,0,0,0,
..\..\..\files\weather\calibration\daily\Castel Boglione.csv,12/5/2012 12:00:00 AM,9.4,1.5599997,0,0,84.08044,48.776432,-100.022026,-3.9199998,0,0,0,0,0,0,0,0,0,0,0,0,0,0,0,0,0,0,0,0,0,0,0,0,0,0,0,0,0,0,0,
..\..\..\files\weather\calibration\daily\Castel Boglione.csv,12/6/2012 12:00:00 AM,10.05,0.25,0,0,80.84133,40.849964,-100.0219,-4.899873,0.00012755199,0,0,0,0,0,0,0,0,0,0,0,0,0,0,0,0,0,0,0,0,0,0,0,0,0,0,0,0,0,0,
..\..\..\files\weather\calibration\daily\Castel Boglione.csv,12/7/2012 12:00:00 AM,8.91,-0.87406766,0,0,79.664536,42.3412,-100.0219,-4.057009,0,0,0,0,0,0,0,0,0,0,0,0,0,0,0,0,0,0,0,0,0,0,0,0,0,0,0,0,0,0,0,
..\..\..\files\weather\calibration\daily\Castel Boglione.csv,12/8/2012 12:00:00 AM,3.59,-1.64,0,0,71.21229,48.85293,-100.0219,-1.2321318,0,0,0,0,0,0,0,0,0,0,0,0,0,0,0,0,0,0,0,0,0,0,0,0,0,0,0,0,0,0,0,
..\..\..\files\weather\calibration\daily\Castel Boglione.csv,12/9/2012 12:00:00 AM,6.1,-2.52,0,0,71.93491,38.810196,-100.0219,-2.1583526,0,0,0,0,0,0,0,0,0,0,0,0,0,0,0,0,0,0,0,0,0,0,0,0,0,0,0,0,0,0,0,
..\..\..\files\weather\calibration\daily\Castel Boglione.csv,12/10/2012 12:00:00 AM,7.86,-3.0700002,0,0,71.86066,32.984005,-100.0219,-2.8261483,0,0,0,0,0,0,0,0,0,0,0,0,0,0,0,0,0,0,0,0,0,0,0,0,0,0,0,0,0,0,0,
..\..\..\files\weather\calibration\daily\Castel Boglione.csv,12/11/2012 12:00:00 AM,8.58,-0.71000004,0,0,78.02675,40.59233,-100.0219,-3.9621315,0,0,0,0,0,0,0,0,0,0,0,0,0,0,0,0,0,0,0,0,0,0,0,0,0,0,0,0,0,0,0,
..\..\..\files\weather\calibration\daily\Castel Boglione.csv,12/12/2012 12:00:00 AM,7.5200005,-2.1067593,0,0,75.30821,39.504505,-100.0219,-2.9371467,0,0,0,0,0,0,0,0,0,0,0,0,0,0,0,0,0,0,0,0,0,0,0,0,0,0,0,0,0,0,0,
..\..\..\files\weather\calibration\daily\Castel Boglione.csv,12/13/2012 12:00:00 AM,6.13,-3.5199997,0,0,69.56249,34.764168,-100.0219,-1.9469898,0,0,0,0,0,0,0,0,0,0,0,0,0,0,0,0,0,0,0,0,0,0,0,0,0,0,0,0,0,0,0,
..\..\..\files\weather\calibration\daily\Castel Boglione.csv,12/14/2012 12:00:00 AM,1.84,-1.66,0.42499998,1,72.01808,53.14843,-100.0219,-0.48365715,0,0,0,0,0,0,0,0,0,0,0,0,0,0,0,0,0,0,0,0,0,0,0,0,0,0,0,0,0,0,0,
..\..\..\files\weather\calibration\daily\Castel Boglione.csv,12/15/2012 12:00:00 AM,3.07,4.0230264E-11,10.049999,24,74.520805,59.70036,-100.0219,-1.535,0,0,0,0,0,0,0,0,0,0,0,0,0,0,0,0,0,0,0,0,0,0,0,0,0,0,0,0,0,0,0,
..\..\..\files\weather\calibration\daily\Castel Boglione.csv,12/16/2012 12:00:00 AM,6.87,0.4000001,6.3250003,23,79.79035,50.56504,-100.0219,-3.235,0,0,0,0,0,0,0,0,0,0,0,0,0,0,0,0,0,0,0,0,0,0,0,0,0,0,0,0,0,0,0,
..\..\..\files\weather\calibration\daily\Castel Boglione.csv,12/17/2012 12:00:00 AM,7.34,0.099999905,0,0,79.38009,47.662815,-100.0219,-3.6200001,0,0,0,0,0,0,0,0,0,0,0,0,0,0,0,0,0,0,0,0,0,0,0,0,0,0,0,0,0,0,0,
..\..\..\files\weather\calibration\daily\Castel Boglione.csv,12/18/2012 12:00:00 AM,7.18,0.59000015,0,0,80.50453,50.635685,-100.0219,-3.2949998,0,0,0,0,0,0,0,0,0,0,0,0,0,0,0,0,0,0,0,0,0,0,0,0,0,0,0,0,0,0,0,
..\..\..\files\weather\calibration\daily\Castel Boglione.csv,12/19/2012 12:00:00 AM,7.32,-0.4617002,0,0,80.148476,49.285076,-100.0219,-3.4428468,0,0,0,0,0,0,0,0,0,0,0,0,0,0,0,0,0,0,0,0,0,0,0,0,0,0,0,0,0,0,0,
..\..\..\files\weather\calibration\daily\Castel Boglione.csv,12/20/2012 12:00:00 AM,7.2799997,-1.7899997,0.0875,1,74.63532,39.18835,-100.0219,-2.9216318,0,0,0,0,0,0,0,0,0,0,0,0,0,0,0,0,0,0,0,0,0,0,0,0,0,0,0,0,0,0,0,
..\..\..\files\weather\calibration\daily\Castel Boglione.csv,12/21/2012 12:00:00 AM,4.4,-1.0700002,2.0125,23,73.63754,49.76167,-100.0219,-1.7696526,0,0,0,0,0,0,0,0,0,0,0,0,0,0,0,0,0,0,0,0,0,0,0,0,0,0,0,0,0,0,0,
..\..\..\files\weather\calibration\daily\Castel Boglione.csv,12/22/2012 12:00:00 AM,4.92,-0.19000006,0,0,76.41287,53.098236,-100.0219,-2.3685322,0,0,0,0,0,0,0,0,0,0,0,0,0,0,0,0,0,0,0,0,0,0,0,0,0,0,0,0,0,0,0,
..\..\..\files\weather\calibration\daily\Castel Boglione.csv,12/23/2012 12:00:00 AM,4.79,-0.5700002,0,0,75.32708,51.3784,-100.0219,-2.1403077,0,0,0,0,0,0,0,0,0,0,0,0,0,0,0,0,0,0,0,0,0,0,0,0,0,0,0,0,0,0,0,
..\..\..\files\weather\calibration\daily\Castel Boglione.csv,12/24/2012 12:00:00 AM,6.74,0.6500001,0,0,80.31701,52.292282,-100.0219,-3.0449998,0,0,0,0,0,0,0,0,0,0,0,0,0,0,0,0,0,0,0,0,0,0,0,0,0,0,0,0,0,0,0,
..\..\..\files\weather\calibration\daily\Castel Boglione.csv,12/25/2012 12:00:00 AM,5.81,1.1500001,0,0,89.201675,58.098923,-100.0219,-2.33,0,0,0,0,0,0,0,0,0,0,0,0,0,0,0,0,0,0,0,0,0,0,0,0,0,0,0,0,0,0,0,
..\..\..\files\weather\calibration\daily\Castel Boglione.csv,12/26/2012 12:00:00 AM,7.46,4.8100004,0,5,91.647736,76.31827,-100.0219,-1.3249998,0,0,0,0,0,0,0,0,0,0,0,0,0,0,0,0,0,0,0,0,0,0,0,0,0,0,0,0,0,0,0,
..\..\..\files\weather\calibration\daily\Castel Boglione.csv,12/27/2012 12:00:00 AM,10.48,3.9449267,0,3,91.27659,59.607124,-100.004265,-3.2499087,0.017627927,0,0,0,0,0,0,0,0,0,0,0,0,0,0,0,0,0,0,0,0,0,0,0,0,0,0,0,0,0,0,
..\..\..\files\weather\calibration\daily\Castel Boglione.csv,12/28/2012 12:00:00 AM,8.17,3.2200003,0,0,87.90668,62.372555,-100.004265,-2.475,0,0,0,0,0,0,0,0,0,0,0,0,0,0,0,0,0,0,0,0,0,0,0,0,0,0,0,0,0,0,0,
..\..\..\files\weather\calibration\daily\Castel Boglione.csv,12/29/2012 12:00:00 AM,13.55,1.2225302,0,0,85.55903,40.217896,-99.49311,-5.65258,0.5111552,0,0,0,0,0,0,0,0,0,0,0,0,0,0,0,0,0,0,0,0,0,0,0,0,0,0,0,0,0,0,
..\..\..\files\weather\calibration\daily\Castel Boglione.csv,12/30/2012 12:00:00 AM,9.63,-0.22000027,0,0,79.58441,39.975296,-99.49311,-4.7074566,0,0,0,0,0,0,0,0,0,0,0,0,0,0,0,0,0,0,0,0,0,0,0,0,0,0,0,0,0,0,0,
..\..\..\files\weather\calibration\daily\Castel Boglione.csv,12/31/2012 12:00:00 AM,9.6,-0.52999973,0,0,78.79585,38.77334,-99.49311,-4.548865,0,0,0,0,0,0,0,0,0,0,0,0,0,0,0,0,0,0,0,0,0,0,0,0,0,0,0,0,0,0,0,
..\..\..\files\weather\calibration\daily\Castel Boglione.csv,1/1/2013 12:00:00 AM,9.17,-0.8800001,0.1375,1,77.80973,38.41709,-99.49311,-4.183527,0,0,0,0,0,0,0,0,0,0,0,0,0,0,0,0,0,0,0,0,0,0,0,0,0,0,0,0,0,0,0,
..\..\..\files\weather\calibration\daily\Castel Boglione.csv,1/2/2013 12:00:00 AM,4.68,-0.19000006,3.1625001,23,79.847496,53.79447,-99.49311,-2.2487063,0,0,0,0,0,0,0,0,0,0,0,0,0,0,0,0,0,0,0,0,0,0,0,0,0,0,0,0,0,0,0,
..\..\..\files\weather\calibration\daily\Castel Boglione.csv,1/3/2013 12:00:00 AM,6.5700006,2.0400002,0,0,83.71089,60.932697,-99.49311,-2.265,0,0,0,0,0,0,0,0,0,0,0,0,0,0,0,0,0,0,0,0,0,0,0,0,0,0,0,0,0,0,0,
..\..\..\files\weather\calibration\daily\Castel Boglione.csv,1/4/2013 12:00:00 AM,10.67,1.3199997,0,0,83.607704,43.788437,-99.46911,-4.650995,0.024005352,0,0,0,0,0,0,0,0,0,0,0,0,0,0,0,0,0,0,0,0,0,0,0,0,0,0,0,0,0,0,
..\..\..\files\weather\calibration\daily\Castel Boglione.csv,1/5/2013 12:00:00 AM,14.95,1.4800005,0,0,81.9081,32.786842,-98.559586,-5.8254786,0.90952116,0,0,0,0,0,0,0,0,0,0,0,0,0,0,0,0,0,0,0,0,0,0,0,0,0,0,0,0,0,0,
..\..\..\files\weather\calibration\daily\Castel Boglione.csv,1/6/2013 12:00:00 AM,15.9,4.1499996,0,0,87.74431,39.940372,-97.07831,-4.3937235,1.4812763,0,0,0,0,0,0,0,0,0,0,0,0,0,0,0,0,0,0,0,0,0,0,0,0,0,0,0,0,0,0,
..\..\..\files\weather\calibration\daily\Castel Boglione.csv,1/7/2013 12:00:00 AM,14.76,4.4220276,0,1,90.868286,46.80332,-95.98247,-4.073143,1.0958436,0,0,0,0,0,0,0,0,0,0,0,0,0,0,0,0,0,0,0,0,0,0,0,0,0,0,0,0,0,0,
..\..\..\files\weather\calibration\daily\Castel Boglione.csv,1/8/2013 12:00:00 AM,12.71,3,0,0,87.45029,45.12298,-95.604294,-4.476828,0.37817198,0,0,0,0,0,0,0,0,0,0,0,0,0,0,0,0,0,0,0,0,0,0,0,0,0,0,0,0,0,0,
..\..\..\files\weather\calibration\daily\Castel Boglione.csv,1/9/2013 12:00:00 AM,8.3,2.21,0,0,85.344246,55.86743,-95.604294,-3.045,0,0,0,0,0,0,0,0,0,0,0,0,0,0,0,0,0,0,0,0,0,0,0,0,0,0,0,0,0,0,0,
..\..\..\files\weather\calibration\daily\Castel Boglione.csv,1/10/2013 12:00:00 AM,7.67,2.79,0,0,86.48711,61.585064,-95.604294,-2.44,0,0,0,0,0,0,0,0,0,0,0,0,0,0,0,0,0,0,0,0,0,0,0,0,0,0,0,0,0,0,0,
..\..\..\files\weather\calibration\daily\Castel Boglione.csv,1/11/2013 12:00:00 AM,9.35,1.9400003,0,0,85.049934,50.870354,-95.604294,-3.7050002,0,0,0,0,0,0,0,0,0,0,0,0,0,0,0,0,0,0,0,0,0,0,0,0,0,0,0,0,0,0,0,
..\..\..\files\weather\calibration\daily\Castel Boglione.csv,1/12/2013 12:00:00 AM,9.22,1.7600002,0,0,84.5473,50.36175,-95.604294,-3.73,0,0,0,0,0,0,0,0,0,0,0,0,0,0,0,0,0,0,0,0,0,0,0,0,0,0,0,0,0,0,0,
..\..\..\files\weather\calibration\daily\Castel Boglione.csv,1/13/2013 12:00:00 AM,6.96,1.0500002,0,0,81.50598,53.800606,-95.604294,-2.955,0,0,0,0,0,0,0,0,0,0,0,0,0,0,0,0,0,0,0,0,0,0,0,0,0,0,0,0,0,0,0,
..\..\..\files\weather\calibration\daily\Castel Boglione.csv,1/14/2013 12:00:00 AM,5.11,1.3299999,0.112500004,1,80.41801,61.551125,-95.604294,-1.8900001,0,0,0,0,0,0,0,0,0,0,0,0,0,0,0,0,0,0,0,0,0,0,0,0,0,0,0,0,0,0,0,
..\..\..\files\weather\calibration\daily\Castel Boglione.csv,1/15/2013 12:00:00 AM,6.84,0.59174603,2.5875,23,83.811165,59.670174,-95.604294,-3.124127,0,0,0,0,0,0,0,0,0,0,0,0,0,0,0,0,0,0,0,0,0,0,0,0,0,0,0,0,0,0,0,
..\..\..\files\weather\calibration\daily\Castel Boglione.csv,1/16/2013 12:00:00 AM,4.74,-1.0859313,0,0,76.37279,54.015697,-95.604294,-1.928241,0,0,0,0,0,0,0,0,0,0,0,0,0,0,0,0,0,0,0,0,0,0,0,0,0,0,0,0,0,0,0,
..\..\..\files\weather\calibration\daily\Castel Boglione.csv,1/17/2013 12:00:00 AM,5.99,-2.3,0,0,72.367744,39.98837,-95.604294,-2.164059,0,0,0,0,0,0,0,0,0,0,0,0,0,0,0,0,0,0,0,0,0,0,0,0,0,0,0,0,0,0,0,
..\..\..\files\weather\calibration\daily\Castel Boglione.csv,1/18/2013 12:00:00 AM,5.65,-2.015961,0,0,74.59835,45.599167,-95.604294,-2.0820937,0,0,0,0,0,0,0,0,0,0,0,0,0,0,0,0,0,0,0,0,0,0,0,0,0,0,0,0,0,0,0,
..\..\..\files\weather\calibration\daily\Castel Boglione.csv,1/19/2013 12:00:00 AM,6.75,-3.5200002,0.35416666,1,70.94778,33.54948,-95.604294,-2.2182326,0,0,0,0,0,0,0,0,0,0,0,0,0,0,0,0,0,0,0,0,0,0,0,0,0,0,0,0,0,0,0,
..\..\..\files\weather\calibration\daily\Castel Boglione.csv,1/20/2013 12:00:00 AM,2.92,-0.30999994,8.783333,24,75.73303,58.220226,-95.604294,-1.3198762,0,0,0,0,0,0,0,0,0,0,0,0,0,0,0,0,0,0,0,0,0,0,0,0,0,0,0,0,0,0,0,
..\..\..\files\weather\calibration\daily\Castel Boglione.csv,1/21/2013 12:00:00 AM,3.0296159,1.1900002,14.662499,23,80.349525,67.87399,-95.604294,-0.9198078,0,0,0,0,0,0,0,0,0,0,0,0,0,0,0,0,0,0,0,0,0,0,0,0,0,0,0,0,0,0,0,
..\..\..\files\weather\calibration\daily\Castel Boglione.csv,1/22/2013 12:00:00 AM,7.69,0.8207258,0,0,85.04805,58.115746,-95.604294,-3.434637,0,0,0,0,0,0,0,0,0,0,0,0,0,0,0,0,0,0,0,0,0,0,0,0,0,0,0,0,0,0,0,
..\..\..\files\weather\calibration\daily\Castel Boglione.csv,1/23/2013 12:00:00 AM,8.46,-0.48999977,0.15833333,1,78.52738,41.853035,-95.604294,-3.9984136,0,0,0,0,0,0,0,0,0,0,0,0,0,0,0,0,0,0,0,0,0,0,0,0,0,0,0,0,0,0,0,
..\..\..\files\weather\calibration\daily\Castel Boglione.csv,1/24/2013 12:00:00 AM,5.66,0.6700001,3.6416667,23,79.36533,55.752937,-95.604294,-2.495,0,0,0,0,0,0,0,0,0,0,0,0,0,0,0,0,0,0,0,0,0,0,0,0,0,0,0,0,0,0,0,
..\..\..\files\weather\calibration\daily\Castel Boglione.csv,1/25/2013 12:00:00 AM,9.24,1.1774563,0,0,84.26897,49.735035,-95.604294,-4.0312715,0,0,0,0,0,0,0,0,0,0,0,0,0,0,0,0,0,0,0,0,0,0,0,0,0,0,0,0,0,0,0,
..\..\..\files\weather\calibration\daily\Castel Boglione.csv,1/26/2013 12:00:00 AM,8.04,-1.0827062,0,0,79.55559,45.21161,-95.604294,-3.542896,0,0,0,0,0,0,0,0,0,0,0,0,0,0,0,0,0,0,0,0,0,0,0,0,0,0,0,0,0,0,0,
..\..\..\files\weather\calibration\daily\Castel Boglione.csv,1/27/2013 12:00:00 AM,6.42,-2.37,0,0,72.57288,38.727573,-95.604294,-2.344505,0,0,0,0,0,0,0,0,0,0,0,0,0,0,0,0,0,0,0,0,0,0,0,0,0,0,0,0,0,0,0,
..\..\..\files\weather\calibration\daily\Castel Boglione.csv,1/28/2013 12:00:00 AM,5.11,-2.7599998,0.09583333,1,77.27236,39.958088,-95.604294,-1.6589645,0,0,0,0,0,0,0,0,0,0,0,0,0,0,0,0,0,0,0,0,0,0,0,0,0,0,0,0,0,0,0,
..\..\..\files\weather\calibration\daily\Castel Boglione.csv,1/29/2013 12:00:00 AM,5.7,1.2799997,2.2041667,23,80.94191,59.25061,-95.604294,-2.21,0,0,0,0,0,0,0,0,0,0,0,0,0,0,0,0,0,0,0,0,0,0,0,0,0,0,0,0,0,0,0,
..\..\..\files\weather\calibration\daily\Castel Boglione.csv,1/30/2013 12:00:00 AM,8.64,0.43999958,0,0,80.95585,45.603718,-95.604294,-4.1000004,0,0,0,0,0,0,0,0,0,0,0,0,0,0,0,0,0,0,0,0,0,0,0,0,0,0,0,0,0,0,0,
..\..\..\files\weather\calibration\daily\Castel Boglione.csv,1/31/2013 12:00:00 AM,10.14,-0.39999962,0,0,79.20258,37.946026,-95.60336,-4.8785205,0.0009297958,0,0,0,0,0,0,0,0,0,0,0,0,0,0,0,0,0,0,0,0,0,0,0,0,0,0,0,0,0,0,
..\..\..\files\weather\calibration\daily\Castel Boglione.csv,2/1/2013 12:00:00 AM,12.38,2.13,0,0,85.333206,42.295227,-95.32705,-4.8486876,0.27631223,0,0,0,0,0,0,0,0,0,0,0,0,0,0,0,0,0,0,0,0,0,0,0,0,0,0,0,0,0,0,
..\..\..\files\weather\calibration\daily\Castel Boglione.csv,2/2/2013 12:00:00 AM,7.95,2.0199997,0.275,1,84.9321,55.99162,-95.32705,-2.965,0,0,0,0,0,0,0,0,0,0,0,0,0,0,0,0,0,0,0,0,0,0,0,0,0,0,0,0,0,0,0,
..\..\..\files\weather\calibration\daily\Castel Boglione.csv,2/3/2013 12:00:00 AM,8.79,3.2871313,6.3250003,23,89.48779,63.024117,-95.32705,-2.7514343,0,0,0,0,0,0,0,0,0,0,0,0,0,0,0,0,0,0,0,0,0,0,0,0,0,0,0,0,0,0,0,
..\..\..\files\weather\calibration\daily\Castel Boglione.csv,2/4/2013 12:00:00 AM,11.43,1.0221753,0,0,84.99715,44.090313,-95.22881,-5.105674,0.098238625,0,0,0,0,0,0,0,0,0,0,0,0,0,0,0,0,0,0,0,0,0,0,0,0,0,0,0,0,0,0,
..\..\..\files\weather\calibration\daily\Castel Boglione.csv,2/5/2013 12:00:00 AM,12.4,-0.9300003,0,0,77.52849,30.762106,-95.01276,-5.9834957,0.21605395,0,0,0,0,0,0,0,0,0,0,0,0,0,0,0,0,0,0,0,0,0,0,0,0,0,0,0,0,0,0,
..\..\..\files\weather\calibration\daily\Castel Boglione.csv,2/6/2013 12:00:00 AM,9.57,0.64000034,0,0,81.7581,43.885914,-95.01276,-4.4649997,0,0,0,0,0,0,0,0,0,0,0,0,0,0,0,0,0,0,0,0,0,0,0,0,0,0,0,0,0,0,0,
..\..\..\files\weather\calibration\daily\Castel Boglione.csv,2/7/2013 12:00:00 AM,11.69,-0.18999958,0,0,79.61424,34.93903,-94.89255,-5.871726,0.12020618,0,0,0,0,0,0,0,0,0,0,0,0,0,0,0,0,0,0,0,0,0,0,0,0,0,0,0,0,0,0,
..\..\..\files\weather\calibration\daily\Castel Boglione.csv,2/8/2013 12:00:00 AM,9.57,-0.463949,0,0,83.19329,46.495712,-94.89255,-4.563751,0,0,0,0,0,0,0,0,0,0,0,0,0,0,0,0,0,0,0,0,0,0,0,0,0,0,0,0,0,0,0,
..\..\..\files\weather\calibration\daily\Castel Boglione.csv,2/9/2013 12:00:00 AM,8.78,-2.0500002,0,0,74.772,34.778038,-94.89255,-3.559021,0,0,0,0,0,0,0,0,0,0,0,0,0,0,0,0,0,0,0,0,0,0,0,0,0,0,0,0,0,0,0,
..\..\..\files\weather\calibration\daily\Castel Boglione.csv,2/10/2013 12:00:00 AM,7.84,-2.9300003,0,0,72.18949,33.52787,-94.89255,-2.8535562,0,0,0,0,0,0,0,0,0,0,0,0,0,0,0,0,0,0,0,0,0,0,0,0,0,0,0,0,0,0,0,
..\..\..\files\weather\calibration\daily\Castel Boglione.csv,2/11/2013 12:00:00 AM,5.3999996,-4.1599994,0.16250001,1,67.671684,33.757877,-94.89255,-1.5251045,0,0,0,0,0,0,0,0,0,0,0,0,0,0,0,0,0,0,0,0,0,0,0,0,0,0,0,0,0,0,0,
..\..\..\files\weather\calibration\daily\Castel Boglione.csv,2/12/2013 12:00:00 AM,0.39,-1.606301,3.7375002,23,68.39123,63.64218,-94.89255,-0.038095456,0,0,0,0,0,0,0,0,0,0,0,0,0,0,0,0,0,0,0,0,0,0,0,0,0,0,0,0,0,0,0,
..\..\..\files\weather\calibration\daily\Castel Boglione.csv,2/13/2013 12:00:00 AM,6.4,-2.98,0,0,71.082756,36.302193,-94.89255,-2.183369,0,0,0,0,0,0,0,0,0,0,0,0,0,0,0,0,0,0,0,0,0,0,0,0,0,0,0,0,0,0,0,
..\..\..\files\weather\calibration\daily\Castel Boglione.csv,2/14/2013 12:00:00 AM,6.83,-3.8599997,0,0,69.308784,32.176956,-94.89255,-2.1818943,0,0,0,0,0,0,0,0,0,0,0,0,0,0,0,0,0,0,0,0,0,0,0,0,0,0,0,0,0,0,0,
..\..\..\files\weather\calibration\daily\Castel Boglione.csv,2/15/2013 12:00:00 AM,8.45,-2.8599997,0,0,72.65554,32.543106,-94.89255,-3.1566093,0,0,0,0,0,0,0,0,0,0,0,0,0,0,0,0,0,0,0,0,0,0,0,0,0,0,0,0,0,0,0,
..\..\..\files\weather\calibration\daily\Castel Boglione.csv,2/16/2013 12:00:00 AM,9.32,-1.9099998,0,0,75.28537,34.114853,-94.89255,-3.8674266,0,0,0,0,0,0,0,0,0,0,0,0,0,0,0,0,0,0,0,0,0,0,0,0,0,0,0,0,0,0,0,
..\..\..\files\weather\calibration\daily\Castel Boglione.csv,2/17/2013 12:00:00 AM,10.67,-2.67,0,0,73.56794,28.789,-94.875725,-4.284025,0.01682534,0,0,0,0,0,0,0,0,0,0,0,0,0,0,0,0,0,0,0,0,0,0,0,0,0,0,0,0,0,0,
..\..\..\files\weather\calibration\daily\Castel Boglione.csv,2/18/2013 12:00:00 AM,8.37,-2.6400003,0,0,73.15777,33.48941,-94.875725,-3.181512,0,0,0,0,0,0,0,0,0,0,0,0,0,0,0,0,0,0,0,0,0,0,0,0,0,0,0,0,0,0,0,
..\..\..\files\weather\calibration\daily\Castel Boglione.csv,2/19/2013 12:00:00 AM,8.65,-1.0295405,0,0,78.93515,41.9278,-94.875725,-3.8649817,0,0,0,0,0,0,0,0,0,0,0,0,0,0,0,0,0,0,0,0,0,0,0,0,0,0,0,0,0,0,0,
..\..\..\files\weather\calibration\daily\Castel Boglione.csv,2/20/2013 12:00:00 AM,10.28,-2.9700003,0,0,73.11288,28.60494,-94.872765,-3.9908226,0.002958485,0,0,0,0,0,0,0,0,0,0,0,0,0,0,0,0,0,0,0,0,0,0,0,0,0,0,0,0,0,0,
..\..\..\files\weather\calibration\daily\Castel Boglione.csv,2/21/2013 12:00:00 AM,8.48,0.06000042,0.083333336,1,79.92323,44.276176,-94.872765,-4.2099996,0,0,0,0,0,0,0,0,0,0,0,0,0,0,0,0,0,0,0,0,0,0,0,0,0,0,0,0,0,0,0,
..\..\..\files\weather\calibration\daily\Castel Boglione.csv,2/22/2013 12:00:00 AM,5.27,-0.19269195,1.9166667,23,77.501564,53.637947,-94.872765,-2.5420525,0,0,0,0,0,0,0,0,0,0,0,0,0,0,0,0,0,0,0,0,0,0,0,0,0,0,0,0,0,0,0,
..\..\..\files\weather\calibration\daily\Castel Boglione.csv,2/23/2013 12:00:00 AM,3.58,-1.3880025,0,0,73.11509,53.22864,-94.872765,-1.2898947,0,0,0,0,0,0,0,0,0,0,0,0,0,0,0,0,0,0,0,0,0,0,0,0,0,0,0,0,0,0,0,
..\..\..\files\weather\calibration\daily\Castel Boglione.csv,2/24/2013 12:00:00 AM,2.82,-2.11,0.12083334,1,73.53644,48.28492,-94.872765,-0.8065314,0,0,0,0,0,0,0,0,0,0,0,0,0,0,0,0,0,0,0,0,0,0,0,0,0,0,0,0,0,0,0,
..\..\..\files\weather\calibration\daily\Castel Boglione.csv,2/25/2013 12:00:00 AM,4.73,0.19999981,3.0458333,24,77.15019,55.88719,-94.872765,-2.265,0,0,0,0,0,0,0,0,0,0,0,0,0,0,0,0,0,0,0,0,0,0,0,0,0,0,0,0,0,0,0,
..\..\..\files\weather\calibration\daily\Castel Boglione.csv,2/26/2013 12:00:00 AM,5.26,-0.34000015,6.1333337,23,76.7232,51.301567,-94.872765,-2.4703214,0,0,0,0,0,0,0,0,0,0,0,0,0,0,0,0,0,0,0,0,0,0,0,0,0,0,0,0,0,0,0,
..\..\..\files\weather\calibration\daily\Castel Boglione.csv,2/27/2013 12:00:00 AM,9.62,0.6782257,0,0,83.64138,47.162052,-94.872765,-4.470887,0,0,0,0,0,0,0,0,0,0,0,0,0,0,0,0,0,0,0,0,0,0,0,0,0,0,0,0,0,0,0,
..\..\..\files\weather\calibration\daily\Castel Boglione.csv,2/28/2013 12:00:00 AM,9.76,-0.8800001,0,0,81.40423,36.987175,-94.872765,-4.4763913,0,0,0,0,0,0,0,0,0,0,0,0,0,0,0,0,0,0,0,0,0,0,0,0,0,0,0,0,0,0,0,
..\..\..\files\weather\calibration\daily\Castel Boglione.csv,3/1/2013 12:00:00 AM,10.75,3.0599997,0,0,88.13059,51.979084,-94.83619,-3.8084266,0.03657347,0,0,0,0,0,0,0,0,0,0,0,0,0,0,0,0,0,0,0,0,0,0,0,0,0,0,0,0,0,0,
..\..\..\files\weather\calibration\daily\Castel Boglione.csv,3/2/2013 12:00:00 AM,12.2,2.1599998,0,0,85.48075,42.964664,-94.59515,-4.778964,0.24103582,0,0,0,0,0,0,0,0,0,0,0,0,0,0,0,0,0,0,0,0,0,0,0,0,0,0,0,0,0,0,
..\..\..\files\weather\calibration\daily\Castel Boglione.csv,3/3/2013 12:00:00 AM,13.27,2.00222,0,0,86.75102,42.69617,-94.12067,-5.1594,0.4744902,0,0,0,0,0,0,0,0,0,0,0,0,0,0,0,0,0,0,0,0,0,0,0,0,0,0,0,0,0,0,
..\..\..\files\weather\calibration\daily\Castel Boglione.csv,3/4/2013 12:00:00 AM,13.73,-0.010000229,0,0,79.131134,30.781301,-93.61437,-7.3662953,0.5062917,0,0,0,0,0,0,0,0,0,0,0,0,0,0,0,0,0,0,0,0,0,0,0,0,0,0,0,0,0,0,
..\..\..\files\weather\calibration\daily\Castel Boglione.csv,3/5/2013 12:00:00 AM,14.48,0.5100002,0.2,1,79.873695,30.73254,-92.896034,-6.2666607,0.7183392,0,0,0,0,0,0,0,0,0,0,0,0,0,0,0,0,0,0,0,0,0,0,0,0,0,0,0,0,0,0,
..\..\..\files\weather\calibration\daily\Castel Boglione.csv,3/6/2013 12:00:00 AM,8.64,2.12,5.4375,24,89.36636,54.197533,-92.896034,-3.2600002,0,0,0,0,0,0,0,0,0,0,0,0,0,0,0,0,0,0,0,0,0,0,0,0,0,0,0,0,0,0,0,
..\..\..\files\weather\calibration\daily\Castel Boglione.csv,3/7/2013 12:00:00 AM,6.6499996,4.83,19.620834,24,91.50934,80.25577,-92.896034,-0.90999985,0,0,0,0,0,0,0,0,0,0,0,0,0,0,0,0,0,0,0,0,0,0,0,0,0,0,0,0,0,0,0,
..\..\..\files\weather\calibration\daily\Castel Boglione.csv,3/8/2013 12:00:00 AM,9.93,5.81,8.8,24,95.40431,72.05946,-92.896034,-2.06,0,0,0,0,0,0,0,0,0,0,0,0,0,0,0,0,0,0,0,0,0,0,0,0,0,0,0,0,0,0,0,
..\..\..\files\weather\calibration\daily\Castel Boglione.csv,3/9/2013 12:00:00 AM,10.59,5.685725,13.120833,24,98.456314,76.81538,-92.86054,-2.4166484,0.035489466,0,0,0,0,0,0,0,0,0,0,0,0,1,0,0,0,0,0,0,0,0,0,0,0,0,0,0,0,1,0,
..\..\..\files\weather\calibration\daily\Castel Boglione.csv,3/10/2013 12:00:00 AM,10.44,4.8678412,6.4208336,23,92.92734,63.54457,-92.84317,-2.7687068,0.01737205,0,0,0,0,0,0,0,0,0,0,0,0,1,0,0,0,0,0,0,0,0,0,0,0,0,0,0,0,1,0,
..\..\..\files\weather\calibration\daily\Castel Boglione.csv,3/11/2013 12:00:00 AM,12.84,3.5,0,0,88.694534,47.00997,-92.41139,-4.2382226,0.43177733,0,0,0,0,0,0,0,0,0,0,0,0,0,0,0,0,0,0,0,0,0,0,0,0,0,0,0,0,0,0,
..\..\..\files\weather\calibration\daily\Castel Boglione.csv,3/12/2013 12:00:00 AM,14.65,4.2299995,0,0,89.29083,44.290115,-91.37385,-4.172452,1.0375478,0,0,0,0,0,0,0,0,0,0,0,0,0,0,0,0,0,0,0,0,0,0,0,0,0,0,0,0,0,0,
..\..\..\files\weather\calibration\daily\Castel Boglione.csv,3/13/2013 12:00:00 AM,12.13,5.0600004,0,5,93.144585,57.70325,-91.05299,-3.214144,0.32085577,0,0,0,0,0,0,0,0,0,0,0,0,0,0,0,0,0,0,0,0,0,0,0,0,0,0,0,0,0,0,
..\..\..\files\weather\calibration\daily\Castel Boglione.csv,3/14/2013 12:00:00 AM,12.25,3.7836988,0,3,91.02294,52.97693,-90.75401,-3.934171,0.29897946,0,0,0,0,0,0,0,0,0,0,0,0,0,0,0,0,0,0,0,0,0,0,0,0,0,0,0,0,0,0,
..\..\..\files\weather\calibration\daily\Castel Boglione.csv,3/15/2013 12:00:00 AM,11.79,1.7084327,0,0,86.26291,45.346214,-90.59511,-4.8818746,0.15890881,0,0,0,0,0,0,0,0,0,0,0,0,0,0,0,0,0,0,0,0,0,0,0,0,0,0,0,0,0,0,
..\..\..\files\weather\calibration\daily\Castel Boglione.csv,3/16/2013 12:00:00 AM,10.5,-0.29996923,0,0,80.74142,39.44782,-90.583534,-5.115755,0.011574106,0,0,0,0,0,0,0,0,0,0,0,0,0,0,0,0,0,0,0,0,0,0,0,0,0,0,0,0,0,0,
..\..\..\files\weather\calibration\daily\Castel Boglione.csv,3/17/2013 12:00:00 AM,9.55,-1.9899998,0.22500001,1,77.915955,33.329166,-90.583534,-3.9515817,0,0,0,0,0,0,0,0,0,0,0,0,0,0,0,0,0,0,0,0,0,0,0,0,0,0,0,0,0,0,0,
..\..\..\files\weather\calibration\daily\Castel Boglione.csv,3/18/2013 12:00:00 AM,4.51,1.5900002,5.4458337,24,80.33702,65.327156,-90.583534,-1.46,0,0,0,0,0,0,0,0,0,0,0,0,0,0,0,0,0,0,0,0,0,0,0,0,0,0,0,0,0,0,0,
..\..\..\files\weather\calibration\daily\Castel Boglione.csv,3/19/2013 12:00:00 AM,6.03,1,6.229167,23,80.566696,56.494373,-90.583534,-2.515,0,0,0,0,0,0,0,0,0,0,0,0,0,0,0,0,0,0,0,0,0,0,0,0,0,0,0,0,0,0,0,
..\..\..\files\weather\calibration\daily\Castel Boglione.csv,3/20/2013 12:00:00 AM,14.59,0.34000015,0.27916667,1,79.352646,29.945139,-89.8443,-6.3857684,0.73923165,0,0,0,0,0,0,0,0,0,0,0,0,0,0,0,0,0,0,0,0,0,0,0,0,0,0,0,0,0,0,
..\..\..\files\weather\calibration\daily\Castel Boglione.csv,3/21/2013 12:00:00 AM,10,2.1900003,6.4208336,23,85.82688,50.028275,-89.8443,-3.905,0,0,0,0,0,0,0,0,0,0,0,0,0,0,0,0,0,0,0,0,0,0,0,0,0,0,0,0,0,0,0,
..\..\..\files\weather\calibration\daily\Castel Boglione.csv,3/22/2013 12:00:00 AM,16.72,1.5699997,0,0,80.132774,28.828817,-88.35392,-6.084624,1.490376,0,0,0,0,0,0,0,0,0,0,0,0,0,0,0,0,0,0,0,0,0,0,0,0,0,0,0,0,0,0,
..\..\..\files\weather\calibration\daily\Castel Boglione.csv,3/23/2013 12:00:00 AM,14.86,2.4700003,0.125,1,85.674355,36.525078,-87.40075,-5.241828,0.9531718,0,0,0,0,0,0,0,0,0,0,0,0,0,0,0,0,0,0,0,0,0,0,0,0,0,0,0,0,0,0,
..\..\..\files\weather\calibration\daily\Castel Boglione.csv,3/24/2013 12:00:00 AM,12.71,4.9800005,3.3458333,24,92.676865,54.96002,-86.92571,-3.389961,0.47503883,0,0,0,0,0,0,0,0,0,0,0,0,0,0,0,0,0,0,0,0,0,0,0,0,0,0,0,0,0,0,
..\..\..\files\weather\calibration\daily\Castel Boglione.csv,3/25/2013 12:00:00 AM,8.27,5.370415,10.829166,23,94.88167,80.26532,-86.92571,-1.4497924,0,0,0,0,0,0,0,0,0,0,0,0,0,0,0,0,0,0,0,0,0,0,0,0,0,0,0,0,0,0,0,
..\..\..\files\weather\calibration\daily\Castel Boglione.csv,3/26/2013 12:00:00 AM,10.56,3.952885,0,3,91.888824,60.657406,-86.90198,-3.2798257,0.023732025,0,0,0,0,0,0,0,0,0,0,0,0,0,0,0,0,0,0,0,0,0,0,0,0,0,0,0,0,0,0,
..\..\..\files\weather\calibration\daily\Castel Boglione.csv,3/27/2013 12:00:00 AM,9.39,3.0199997,0,0,87.87529,56.606323,-86.90198,-3.1850002,0,0,0,0,0,0,0,0,0,0,0,0,0,0,0,0,0,0,0,0,0,0,0,0,0,0,0,0,0,0,0,
..\..\..\files\weather\calibration\daily\Castel Boglione.csv,3/28/2013 12:00:00 AM,9.04,2.9800003,0.4125,1,90.63575,57.654045,-86.90198,-3.03,0,0,0,0,0,0,0,0,0,0,0,0,0,0,0,0,0,0,0,0,0,0,0,0,0,0,0,0,0,0,0,
..\..\..\files\weather\calibration\daily\Castel Boglione.csv,3/29/2013 12:00:00 AM,6.69,5.19,9.679167,24,92.03093,82.95975,-86.90198,-0.75,0,0,0,0,0,0,0,0,0,0,0,0,0,0,0,0,0,0,0,0,0,0,0,0,0,0,0,0,0,0,0,
..\..\..\files\weather\calibration\daily\Castel Boglione.csv,3/30/2013 12:00:00 AM,9.74,4.79,4.9375,24,92.63708,66.01397,-86.90198,-2.475,0,0,0,0,0,0,0,0,0,0,0,0,0,0,0,0,0,0,0,0,0,0,0,0,0,0,0,0,0,0,0,
..\..\..\files\weather\calibration\daily\Castel Boglione.csv,3/31/2013 12:00:00 AM,10.37,5.04,12.170833,23,93.37938,64.91774,-86.88914,-2.6521575,0.012842394,0,0,0,0,0,0,0,0,0,0,0,0,1,0,0,0,0,0,0,0,0,0,0,0,0,0,0,0,1,0,
..\..\..\files\weather\calibration\daily\Castel Boglione.csv,4/1/2013 12:00:00 AM,16.46,4.33,0,0,87.503075,38.921383,-85.16895,-4.3448186,1.720181,0,0,0,0,0,0,0,0,0,0,0,0,0,0,0,0,0,0,0,0,0,0,0,0,0,0,0,0,0,0,
..\..\..\files\weather\calibration\daily\Castel Boglione.csv,4/2/2013 12:00:00 AM,10.1,4.62,0,3,92.237434,63.405037,-85.16804,-2.7390878,0.0009124156,0,0,0,0,0,0,0,0,0,0,0,0,0,0,0,0,0,0,0,0,0,0,0,0,0,0,0,0,0,0,
..\..\..\files\weather\calibration\daily\Castel Boglione.csv,4/3/2013 12:00:00 AM,13.93,5.98,0,5,94.55197,55.50667,-84.19666,-3.0036225,0.9713775,0,0,0,0,0,0,0,0,0,0,0,0,0,0,0,0,0,0,0,0,0,0,0,0,0,0,0,0,0,0,
..\..\..\files\weather\calibration\daily\Castel Boglione.csv,4/4/2013 12:00:00 AM,16.22,4.59,0.5625,1,90.42193,40.70088,-82.53336,-4.151698,1.6633016,0,0,0,0,0,0,0,0,0,0,0,0,0,0,0,0,0,0,0,0,0,0,0,0,0,0,0,0,0,0,
..\..\..\files\weather\calibration\daily\Castel Boglione.csv,4/5/2013 12:00:00 AM,11.09,5.7999997,13.245833,24,95.390015,66.6391,-82.42107,-2.5327032,0.11229681,0,0,0,0,0,0,0,0,0,0,0,0,0,0,0,0,0,0,0,0,0,0,0,0,0,0,0,0,0,0,
..\..\..\files\weather\calibration\daily\Castel Boglione.csv,4/6/2013 12:00:00 AM,12.54,5.43,7.0916667,23,93.961845,58.139248,-81.96737,-3.1013007,0.453699,0,0,0,0,0,0,0,0,0,0,0,0,1,0,0,0,0,0,0,0,0,0,0,0,0,0,0,0,1,0,
..\..\..\files\weather\calibration\daily\Castel Boglione.csv,4/7/2013 12:00:00 AM,15.24,4.83,0,1,90.27195,44.955864,-80.64856,-3.8861911,1.3188088,0,0,0,0,0,0,0,0,0,0,0,0,0,0,0,0,0,0,0,0,0,0,0,0,0,0,0,0,0,0,
..\..\..\files\weather\calibration\daily\Castel Boglione.csv,4/8/2013 12:00:00 AM,15.7,6.6572638,0.38333333,6,95.0111,52.727848,-78.85209,-2.7248986,1.7964694,0,0,0,0,0,0,0,0,0,0,0,0,0,0,0,0,0,0,0,0,0,0,0,0,0,0,0,0,0,0,
..\..\..\files\weather\calibration\daily\Castel Boglione.csv,4/9/2013 12:00:00 AM,10.08,5.816362,9.3375,24,96.125336,73.18306,-78.85134,-2.1310687,0.0007505313,0,0,0,0,0,0,0,0,0,0,0,0,0,0,0,0,0,0,0,0,0,0,0,0,0,0,0,0,0,0,
..\..\..\files\weather\calibration\daily\Castel Boglione.csv,4/10/2013 12:00:00 AM,11.74,4.8000007,11.979166,23,92.57712,57.78816,-78.63322,-3.251873,0.21812676,0,0,0,0,0,0,0,0,0,0,0,0,1,0,0,0,0,0,0,0,0,0,0,0,0,0,0,0,1,0,
..\..\..\files\weather\calibration\daily\Castel Boglione.csv,4/11/2013 12:00:00 AM,17.58,2.7999997,0.2,1,91.295204,30.503569,-76.6895,-5.4462786,1.943721,0,0,0,0,0,0,0,0,0,0,0,0,0,0,0,0,0,0,0,0,0,0,0,0,0,0,0,0,0,0,
..\..\..\files\weather\calibration\daily\Castel Boglione.csv,4/12/2013 12:00:00 AM,14.609999,7.4899993,4.6,23,98.00689,61.07861,-75.197075,-2.0675778,1.4924221,0,0,0,0,0,0,0,0,0,0,0,0,0,0,0,0,0,0,0,0,0,0,0,0,0,0,0,0,0,0,
..\..\..\files\weather\calibration\daily\Castel Boglione.csv,4/13/2013 12:00:00 AM,19.46,9.346614,0,5,96.97456,52.352512,-70.77266,-0.63228035,4.4244127,0,0,0,0,0,0,0,0,0,0,0,0,0,0,0,0,0,0,0,0,0,0,0,0,0,0,0,0,0,0,
..\..\..\files\weather\calibration\daily\Castel Boglione.csv,4/14/2013 12:00:00 AM,21.1,7.33,0,0,86.73097,35.528927,-66.298805,-2.4111438,4.4738564,0,0,0,0,0,0,0,0,0,0,0,0,0,0,0,0,0,0,0,0,0,0,0,0,0,0,0,0,0,0,
..\..\..\files\weather\calibration\daily\Castel Boglione.csv,4/15/2013 12:00:00 AM,21.97,8.33,0,0,87.1671,36.24307,-61.046574,-1.5677676,5.252232,0,0,0,0,0,0,0,0,0,0,0,0,0,0,0,0,0,0,0,0,0,0,0,0,0,0,0,0,0,0,
..\..\..\files\weather\calibration\daily\Castel Boglione.csv,4/16/2013 12:00:00 AM,23.19,8.79,0,0,85.17073,33.92524,-55.005737,-1.1591625,6.0408373,0,0,0,0,0,0,0,0,0,0,0,0,0,0,0,0,0,0,0,0,0,0,0,0,0,0,0,0,0,0,
..\..\..\files\weather\calibration\daily\Castel Boglione.csv,4/17/2013 12:00:00 AM,23.21,11.630001,0,3,92.186584,44.34315,-47.58574,0,7.42,0,0,0,0,0,0,0,0,0,0,0,0,0,0,0,0,0,0,0,0,0,0,0,0,0,0,0,0,0,0,
..\..\..\files\weather\calibration\daily\Castel Boglione.csv,4/18/2013 12:00:00 AM,24.13,11.01,0,0,88.01616,38.443146,-40.01574,0,7.5699997,0,0,0,0,0,0,0,0,0,0,0,0,0,0,0,0,0,0,0,0,0,0,0,0,0,0,0,0,0,0,
..\..\..\files\weather\calibration\daily\Castel Boglione.csv,4/19/2013 12:00:00 AM,25.24,11.97,0.40833333,1,87.04237,37.911118,-31.41074,0,8.605,0,0,0,0,0,0,0,0,0,0,0,0,0,0,0,0,0,0,0,0,0,0,0,0,0,0,0,0,0,0,
..\..\..\files\weather\calibration\daily\Castel Boglione.csv,4/20/2013 12:00:00 AM,24.25,10.312752,9.854167,24,98.45851,40.490246,-24.129364,0,7.281376,0,0,0,0,0,0,0,0,0,0,0,1,1,1,0,0,0,0,0,0,0,0,0,0,0,0,0,1,1,1,
..\..\..\files\weather\calibration\daily\Castel Boglione.csv,4/21/2013 12:00:00 AM,14.7,9.56,11.133333,24,100,73.820015,-21.980532,-0.4211669,2.1488328,0,0,0,0,0,0,1,0,0,0,0,1,1,0,0,0,0,0,0,0,0,0,1,0,0,0,0,1,1,0,
..\..\..\files\weather\calibration\daily\Castel Boglione.csv,4/22/2013 12:00:00 AM,13.75,9.01,11.770833,24,100,75.18214,-20.497145,-0.8866137,1.4833862,0,0,0,0,0,0,1,0,0,0,0,1,1,0,0,0,0,0,0,0,0,0,1,0,0,0,0,1,1,0,
..\..\..\files\weather\calibration\daily\Castel Boglione.csv,4/23/2013 12:00:00 AM,14.940001,9.650001,8.433333,24,100,73.12158,-18.190565,-0.33842063,2.3065789,0,0,0,0,0,0,1,0,0,0,0,0,1,0,0,0,0,0,0,0,0,0,1,0,0,0,0,0,1,0,
..\..\..\files\weather\calibration\daily\Castel Boglione.csv,4/24/2013 12:00:00 AM,18.7,9.85,0,6,98.346794,55.44696,-13.914293,-0.14872885,4.2762713,0,0,0,0,0,0,0,0,0,0,0,0,0,0,0,0,0,0,0,0,0,0,0,0,0,0,0,0,0,0,
..\..\..\files\weather\calibration\daily\Castel Boglione.csv,4/25/2013 12:00:00 AM,20.72,8.93,0,3,91.66467,42.853676,-9.040739,-1.0214458,4.8735538,0,0,0,0,0,0,0,0,0,0,0,0,0,0,0,0,0,0,0,0,0,0,0,0,0,0,0,0,0,0,
..\..\..\files\weather\calibration\daily\Castel Boglione.csv,4/26/2013 12:00:00 AM,23.8,10.68,0.275,1,100,38.4197,-1.8007393,0,7.24,0,0,0,0,0,0,0,0,0,0,0,0,0,0,0,0,0,0,0,0,0,0,0,0,0,0,0,0,0,0,
..\..\..\files\weather\calibration\daily\Castel Boglione.csv,4/27/2013 12:00:00 AM,18.66,12.68,7.125,24,100,72.28978,0,0,5.67,8.931359,8.931359,0.3307911,10.413488,10,2.009229,0,0,0,0,0,1,1,1,0,0,0,0,0,0,0,0,0,0,0,0,0,1,1,1,
..\..\..\files\weather\calibration\daily\Castel Boglione.csv,4/28/2013 12:00:00 AM,16.32,12.510163,19.029167,24,100,87.5932,0,0,4.415081,7.5500145,16.481373,0.61042124,10.763026,10,2.3002193,1,0,0,0,1,0,1,1,0,0,0,0,0,0,0,0,1,0,0,0,1,0,1,1,
..\..\..\files\weather\calibration\daily\Castel Boglione.csv,4/29/2013 12:00:00 AM,17.64,11.630001,15.0875,24,100,71.29711,0,0,4.635,7.8121424,24.293514,0.89975977,11.06235,11,2.5494065,1,0,1,0,1,1,1,1,0,0,0,0,0,0,0,0,2,0,1,0,2,1,2,2,
..\..\..\files\weather\calibration\daily\Castel Boglione.csv,4/30/2013 12:00:00 AM,17.55,12.87,14.516666,24,100,80.42282,0,0,5.209999,8.456928,32.750443,1.2129794,11.258112,11,2.712378,1,0,1,0,1,0,1,1,0,0,0,0,0,0,1,0,3,0,2,0,3,1,3,3,
..\..\..\files\weather\calibration\daily\Castel Boglione.csv,5/1/2013 12:00:00 AM,20.37,13.460001,7.666667,24,100,67.32277,0,0,6.915001,10.036492,42.786934,1.5847013,11.490438,11,2.9057899,1,0,1,0,1,0,1,1,1,1,1,0,0,0,1,1,4,0,3,0,4,1,4,4,
..\..\..\files\weather\calibration\daily\Castel Boglione.csv,5/2/2013 12:00:00 AM,22.05,13.37,0,6,99.83944,57.76235,0,0,7.709999,10.609257,53.39619,1.9776367,12.157349,12,3.6798384,0,0,0,0,0,0,0,0,1,1,1,0,0,0,1,1,4,0,3,0,4,1,4,4,
..\..\..\files\weather\calibration\daily\Castel Boglione.csv,5/3/2013 12:00:00 AM,23.3,13.100562,0,5,95.681,50.44989,0,0,8.200281,10.912062,64.30825,2.381787,12.325745,12,4.054239,0,0,0,0,0,0,0,0,1,1,1,0,0,0,1,1,4,0,3,0,4,1,4,4,
..\..\..\files\weather\calibration\daily\Castel Boglione.csv,5/4/2013 12:00:00 AM,21.379997,11.679999,0,5,97.18468,52.426846,0,0,6.529999,9.72221,74.03046,2.7418687,13.106834,13,5.790862,0,0,0,0,0,0,0,0,0,0,0,0,0,0,0,0,4,0,3,0,4,1,4,4,
..\..\..\files\weather\calibration\daily\Castel Boglione.csv,5/5/2013 12:00:00 AM,23.22,9.940001,0.29999998,1,95.421684,37.77432,0,-0.059863567,6.580136,9.764402,83.79486,3.1035135,13.219848,13,6.0421276,0,0,0,0,0,0,0,0,0,0,0,0,0,0,0,0,4,0,3,0,4,1,4,4,
..\..\..\files\weather\calibration\daily\Castel Boglione.csv,5/6/2013 12:00:00 AM,20.420002,12.840001,7.0249996,24,100,63.358162,0,0,6.630001,9.806182,93.60104,3.4667053,14.066676,14,7.92491,0,0,1,0,0,1,1,1,1,0,0,0,0,0,1,0,4,0,4,0,4,2,5,5,
..\..\..\files\weather\calibration\daily\Castel Boglione.csv,5/7/2013 12:00:00 AM,20.49,12.649483,2.875,23,100,63.270813,0,0,6.5697403,9.755779,103.35683,3.8280303,14.157007,14,8.125746,0,0,0,0,0,0,0,1,1,1,1,0,0,0,1,1,4,0,4,0,4,2,5,6,
..\..\..\files\weather\calibration\daily\Castel Boglione.csv,5/8/2013 12:00:00 AM,22.03,11.04,0,3,93.87398,46.64823,0,0,6.535,9.726449,113.083275,4.1882696,22.000963,22,19.211794,0,0,0,0,0,0,0,0,0,0,0,0,0,0,1,1,4,0,4,0,4,2,5,6,
..\..\..\files\weather\calibration\daily\Castel Boglione.csv,5/9/2013 12:00:00 AM,22.41,11.380001,0,3,93.74241,46.555458,0,0,6.8950005,10.020763,123.104034,4.5594087,36.00148,36,37.633526,0,0,0,0,0,0,0,0,0,0,0,0,0,0,0,0,4,0,4,0,4,2,5,6,
..\..\..\files\weather\calibration\daily\Castel Boglione.csv,5/10/2013 12:00:00 AM,24.36,13.8,0.3125,6,100,48.78121,0,0,9.08,11.360582,134.46461,4.980171,52.001297,52,58.685917,0,0,0,0,0,0,0,0,0,0,0,0,0,0,0,0,4,0,4,0,4,2,5,6,
..\..\..\files\weather\calibration\daily\Castel Boglione.csv,5/11/2013 12:00:00 AM,20.98,13.790489,7.1875,23,100,71.48274,0,0,7.3852444,10.3875885,144.8522,5.3648963,53.054733,53,60.273666,0,0,1,0,0,0,1,1,0,0,0,0,0,0,0,0,4,0,5,0,4,2,6,7,
..\..\..\files\weather\calibration\daily\Castel Boglione.csv,5/12/2013 12:00:00 AM,23.41,12.14,0,3,92.90672,45.66373,0,0,7.7749996,10.651598,155.5038,5.7594004,53.11391,53,60.569553,0,0,0,0,0,0,0,0,0,0,0,0,0,0,0,0,4,0,5,0,4,2,6,7,
..\..\..\files\weather\calibration\daily\Castel Boglione.csv,5/13/2013 12:00:00 AM,22.94,11.33,0,3,92.17912,44.18375,0,0,7.135,10.205209,165.70901,6.137371,53.170605,53,60.853024,0,0,0,0,0,0,0,0,0,0,0,0,0,0,0,0,4,0,5,0,4,2,6,7,
..\..\..\files\weather\calibration\daily\Castel Boglione.csv,5/14/2013 12:00:00 AM,23.44,9.86,0,0,87.12951,36.738834,0,-0.13927794,6.650722,9.822777,175.5318,6.501178,53.225178,53,61.12589,0,0,0,0,0,0,0,0,0,0,0,0,0,0,0,0,4,0,5,0,4,2,6,7,
..\..\..\files\weather\calibration\daily\Castel Boglione.csv,5/15/2013 12:00:00 AM,22.69,10.49,0.55833334,2,100,41.758835,0,0,6.59,9.772791,185.3046,6.863133,54.023575,54,65.117874,0,0,0,0,0,0,0,0,0,0,0,0,0,0,0,0,4,0,5,0,4,2,6,7,
..\..\..\files\weather\calibration\daily\Castel Boglione.csv,5/16/2013 12:00:00 AM,18.45,12.177722,14.1375,24,100,73.26798,0,0,5.313862,8.567234,193.87183,7.180438,54.061653,54,65.308266,1,0,1,0,0,1,1,1,0,0,0,0,0,0,0,0,5,0,6,0,4,3,7,8,
..\..\..\files\weather\calibration\daily\Castel Boglione.csv,5/17/2013 12:00:00 AM,15.37,11.63,30.2,24,100,85.04283,0,0,3.5,6.3639345,200.23576,7.4161396,54.089935,54,65.44968,1,0,1,0,1,0,1,1,0,0,0,0,0,0,0,0,6,0,7,0,5,3,8,9,
..\..\..\files\weather\calibration\daily\Castel Boglione.csv,5/18/2013 12:00:00 AM,17.61,9.883891,10.604167,24,100,72.46002,0,-0.115237,3.7478182,6.6994677,206.93523,7.6642675,54.119713,54,65.598564,1,0,1,0,1,0,1,1,0,0,0,0,0,0,0,0,7,0,8,0,6,3,9,10,
..\..\..\files\weather\calibration\daily\Castel Boglione.csv,5/19/2013 12:00:00 AM,15.560001,8.910001,35.125,24,100,65.082954,0,-1.000668,2.3243318,4.453981,211.3892,7.8292294,54.139507,54,65.69754,1,0,1,0,1,0,1,0,0,0,0,0,0,0,0,0,8,0,9,0,7,3,10,10,
..\..\..\files\weather\calibration\daily\Castel Boglione.csv,5/20/2013 12:00:00 AM,17.46,9.82,14.375,23,100,61.13444,0,-0.17788005,3.6421196,6.5555863,217.9448,8.072029,54.168644,54,65.843216,1,0,1,0,1,0,1,1,0,0,0,0,0,0,0,0,9,0,10,0,8,3,11,11,
..\..\..\files\weather\calibration\daily\Castel Boglione.csv,5/21/2013 12:00:00 AM,18.42,9.530001,0,5,98.02968,55.050423,0,-0.45757532,3.9874244,6.999079,224.94388,8.331255,54.19975,54,65.99875,1,0,0,0,1,0,0,0,0,0,0,0,0,0,0,0,10,0,10,0,9,3,11,11,
..\..\..\files\weather\calibration\daily\Castel Boglione.csv,5/22/2013 12:00:00 AM,19.33,9.620001,0,5,96.480896,51.49731,0,-0.37256384,4.4824357,7.622296,232.56618,8.613562,55.028023,55,70.140114,0,0,0,0,0,0,0,0,0,0,0,0,0,0,0,0,10,0,10,0,9,3,11,11,
..\..\..\files\weather\calibration\daily\Castel Boglione.csv,5/23/2013 12:00:00 AM,21.67,8.620001,0,0,88.631134,38.27825,0,-1.3070335,5.217966,8.386948,240.95312,8.92419,55.059086,55,70.295425,0,0,0,0,0,0,0,0,0,0,0,0,0,0,0,0,10,0,10,0,9,3,11,11,
..\..\..\files\weather\calibration\daily\Castel Boglione.csv,5/24/2013 12:00:00 AM,23.77,9.357117,0,2,92.51574,41.30902,0,-0.6285453,6.5778966,9.750574,250.7037,9.285322,55.0952,55,70.476,0,0,0,0,0,0,0,0,0,0,0,0,0,0,0,0,10,0,10,0,9,3,11,11,
..\..\..\files\weather\calibration\daily\Castel Boglione.csv,5/25/2013 12:00:00 AM,15.46,8.108699,0.39583334,7,99.30034,61.955196,0,-1.6480095,2.027641,3.6896632,254.39337,9.421977,55.108864,55,70.54432,0,0,0,0,0,1,0,0,0,0,1,0,0,0,0,1,10,0,10,0,9,4,11,11,
..\..\..\files\weather\calibration\daily\Castel Boglione.csv,5/26/2013 12:00:00 AM,13.23,7.23,9.104167,23,98.42823,65.90758,0,-2.1305914,0.86940813,0.5940479,254.98743,9.443979,55.111065,55,70.55533,0,0,0,0,0,0,1,0,0,0,0,0,0,0,1,0,10,0,10,0,9,4,12,11,
..\..\..\files\weather\calibration\daily\Castel Boglione.csv,5/27/2013 12:00:00 AM,20.49,6.4499993,0,0,85.87395,34.382584,0,-3.1011934,3.9188066,6.3223743,261.3098,9.678141,55.13448,55,70.67239,0,0,0,0,0,0,0,0,0,0,0,0,0,0,0,0,10,0,10,0,9,4,12,11,
..\..\..\files\weather\calibration\daily\Castel Boglione.csv,5/28/2013 12:00:00 AM,20.39,8.18,0.38750002,2,96.15423,41.032463,0,-1.6843567,4.420643,7.390856,268.70068,9.951877,55.161854,55,70.809265,0,0,0,1,0,0,0,0,0,0,0,0,0,0,0,0,10,0,10,1,9,4,12,11,
..\..\..\files\weather\calibration\daily\Castel Boglione.csv,5/29/2013 12:00:00 AM,17.93,10.99,9.341667,24,100,65.6615,0,0,4.46,7.6042624,276.30493,10.233517,56.020016,56,75.10008,0,0,1,1,0,0,0,1,1,0,0,0,0,0,1,0,10,0,11,2,9,4,12,12,
..\..\..\files\weather\calibration\daily\Castel Boglione.csv,5/30/2013 12:00:00 AM,18.56,9.7,9.870833,23,98.21722,55.30194,0,-0.29492092,4.1350784,7.197178,283.5021,10.500078,56.042862,56,75.21431,1,0,1,1,0,1,1,1,1,0,1,0,0,0,1,1,11,0,12,3,9,5,13,13,
..\..\..\files\weather\calibration\daily\Castel Boglione.csv,5/31/2013 12:00:00 AM,20.23,8.05,0,1,90.49966,41.08301,0,-1.7939034,4.296096,7.2098064,290.7119,10.767108,56.065754,56,75.328766,0,0,0,0,0,0,0,0,0,0,0,0,0,0,0,0,11,0,12,3,9,5,13,13,
..\..\..\files\weather\calibration\daily\Castel Boglione.csv,6/1/2013 12:00:00 AM,22.41,8.67,0,0,86.910645,36.001,0,-1.2656293,5.6043706,8.8009615,299.51288,11.09307,56.093693,56,75.46846,0,0,0,0,0,0,0,0,0,0,0,0,0,0,0,0,11,0,12,3,9,5,13,13,
..\..\..\files\weather\calibration\daily\Castel Boglione.csv,6/2/2013 12:00:00 AM,24.17,11.9,0,1,90.099846,41.641064,0,0,8.035,10.814241,310.32712,11.493597,56.12802,56,75.64011,0,0,0,0,0,0,0,0,0,0,0,0,0,0,0,0,11,0,12,3,9,5,13,13,
..\..\..\files\weather\calibration\daily\Castel Boglione.csv,6/3/2013 12:00:00 AM,28.48,13.14,0,0,84.99664,30.785686,0,0,10.809999,11.894705,322.22183,11.934142,57.02006,57,80.10031,0,0,0,0,0,0,0,0,0,0,0,0,0,0,0,0,11,0,12,3,9,5,13,13,
..\..\..\files\weather\calibration\daily\Castel Boglione.csv,6/4/2013 12:00:00 AM,23.87,13.15,0,3,94.114624,48.073914,0,0,8.51,11.083776,333.3056,12.344651,57.05085,57,80.25425,0,0,0,0,0,0,0,0,0,0,0,0,0,0,0,0,11,0,12,3,9,5,13,13,
..\..\..\files\weather\calibration\daily\Castel Boglione.csv,6/5/2013 12:00:00 AM,23.63,11.88,0,3,91.62265,43.68434,0,0,7.754999,10.638642,343.94424,12.738676,57.080402,57,80.40201,0,0,0,0,0,0,0,0,1,0,1,0,1,0,1,1,11,0,12,3,9,5,13,13,
..\..\..\files\weather\calibration\daily\Castel Boglione.csv,6/6/2013 12:00:00 AM,24.02,12.740001,0,3,92.6386,45.654305,0,0,8.380001,11.013538,354.9578,13.146585,57.110992,57,80.55496,0,0,0,0,0,0,0,0,1,0,1,0,0,0,1,1,11,0,12,3,9,5,13,13,
..\..\..\files\weather\calibration\daily\Castel Boglione.csv,6/7/2013 12:00:00 AM,24.91,12.829999,0,1,90.16554,42.37925,0,0,8.869999,11.264484,366.2223,13.563787,58.015366,58,85.07683,0,0,0,0,0,0,0,0,0,0,0,0,0,0,0,0,11,0,12,3,9,5,13,13,
..\..\..\files\weather\calibration\daily\Castel Boglione.csv,6/8/2013 12:00:00 AM,26.369999,14.479999,0,0,89.50441,42.94869,0,0,10.424999,11.815216,378.0375,14.001389,58.044537,58,85.22269,0,0,0,0,0,0,0,0,0,0,0,0,0,0,0,0,11,0,12,3,9,5,13,13,
..\..\..\files\weather\calibration\daily\Castel Boglione.csv,6/9/2013 12:00:00 AM,25.3,13.736658,0.5708333,4,95.848694,48.738617,0,0,9.51833,11.539187,389.5767,14.428766,58.07303,58,85.36514,0,0,0,1,0,0,0,0,0,0,0,0,0,0,1,0,11,0,12,4,9,5,13,13,
..\..\..\files\weather\calibration\daily\Castel Boglione.csv,6/10/2013 12:00:00 AM,20.07,12.650001,13.129167,23,100,64.13814,0,0,6.3600006,9.575672,399.15237,14.7834215,58.096672,58,85.48336,1,1,1,1,0,0,1,1,0,0,1,0,0,0,0,1,12,1,13,5,9,5,14,14,
..\..\..\files\weather\calibration\daily\Castel Boglione.csv,6/11/2013 12:00:00 AM,22.78,11.74,0,3,93.657646,46.575943,0,0,7.26,10.297574,409.44995,15.164813,59.009888,59,90.04944,1,0,0,0,0,0,0,0,0,0,0,0,0,0,0,1,13,1,13,5,9,5,14,14,
..\..\..\files\weather\calibration\daily\Castel Boglione.csv,6/12/2013 12:00:00 AM,26.25,12.989999,0,0,86.307304,37.85837,0,0,9.619999,11.576389,421.02634,15.593568,59.035614,59,90.17807,0,0,0,0,0,0,0,0,0,0,0,0,0,0,0,0,13,1,13,5,9,5,14,14,
..\..\..\files\weather\calibration\daily\Castel Boglione.csv,6/13/2013 12:00:00 AM,27.98,14.68,0,0,84.47841,37.36348,0,0,11.33,11.9667,432.99304,16.03678,59.062206,59,90.311035,0,0,0,0,0,0,0,0,0,0,0,0,0,0,1,0,13,1,13,5,9,5,14,14,
..\..\..\files\weather\calibration\daily\Castel Boglione.csv,6/14/2013 12:00:00 AM,28.12,15.54,0,0,86.00007,39.872887,0,0,11.83,11.997861,444.9909,16.481144,59.088867,59,90.444336,0,0,0,0,0,0,0,0,0,0,1,0,0,0,0,1,13,1,13,5,9,5,14,14,
..\..\..\files\weather\calibration\daily\Castel Boglione.csv,6/15/2013 12:00:00 AM,28.5,16.88,0,0,87.779785,43.35935,0,0,12.689999,11.964888,456.95578,16.92429,60.014053,60,95.07027,0,0,0,0,0,0,0,0,0,0,0,0,0,0,0,0,13,1,13,5,9,5,14,14,
..\..\..\files\weather\calibration\daily\Castel Boglione.csv,6/16/2013 12:00:00 AM,27.72,16.72,0,1,90.22445,46.167244,0,0,12.219999,11.996424,468.9522,17.368599,60.03829,60,95.19144,0,0,0,0,0,0,0,0,1,0,1,1,1,0,1,1,13,1,13,5,9,5,14,14,
..\..\..\files\weather\calibration\daily\Castel Boglione.csv,6/17/2013 12:00:00 AM,28.09,16.55,0,0,88.48921,43.836266,0,0,12.32,11.992437,480.94464,17.812765,60.062515,60,95.31258,0,0,0,0,0,0,0,0,1,0,1,1,0,0,0,1,13,1,13,5,9,5,14,14,
..\..\..\files\weather\calibration\daily\Castel Boglione.csv,6/18/2013 12:00:00 AM,30.74,18.62,0,0,83.3385,40.374897,0,0,14.68,11.474353,492.419,18.237741,60.085693,60,95.42847,0,0,0,0,0,0,0,0,0,0,0,0,0,1,1,0,13,1,13,5,9,5,14,14,
..\..\..\files\weather\calibration\daily\Castel Boglione.csv,6/19/2013 12:00:00 AM,32.22,19.67,0,0,79.85062,37.970737,0,0,15.945,10.866108,503.28513,18.64019,61.015343,61,100,0,0,0,0,0,0,0,0,1,0,1,1,0,1,1,1,13,1,13,5,9,5,14,14,
..\..\..\files\weather\calibration\daily\Castel Boglione.csv,6/20/2013 12:00:00 AM,31.06,20.186316,0,1,97.43273,44.91013,0,0,15.6231575,11.042506,514.32764,19.049171,61.035793,61,100,0,0,0,0,0,0,0,0,0,0,0,0,0,0,0,0,13,1,13,5,9,5,14,14,
..\..\..\files\weather\calibration\daily\Castel Boglione.csv,6/21/2013 12:00:00 AM,25.759998,17.12358,0,8,100,69.52621,0,0,11.44179,11.976897,526.3045,19.49276,61.057972,61,100,0,0,0,0,0,0,0,0,0,0,0,0,0,0,0,0,13,1,13,5,9,5,14,14,
..\..\..\files\weather\calibration\daily\Castel Boglione.csv,6/22/2013 12:00:00 AM,26.12,15.58,0,3,93.027565,48.626526,0,0,10.85,11.901682,538.2062,19.933561,61.080013,61,100,0,0,0,0,0,0,0,0,0,0,0,0,0,0,0,0,13,1,13,5,9,5,14,14,
..\..\..\files\weather\calibration\daily\Castel Boglione.csv,6/23/2013 12:00:00 AM,27.36,15.700001,0,0,89.05817,43.609665,0,0,11.530001,11.983627,550.1898,20.377401,71.0152,71,89.88602,0,0,0,0,0,0,0,0,0,0,0,0,0,0,0,0,13,1,13,5,9,5,14,14,
..\..\..\files\weather\calibration\daily\Castel Boglione.csv,6/24/2013 12:00:00 AM,26.83,15.86,0.112500004,4,91.28719,46.58795,0,0,11.344999,11.968176,562.158,20.820667,71.03305,71,89.75212,0,0,0,0,0,0,0,0,0,0,0,0,0,0,0,0,13,1,13,5,9,5,14,14,
..\..\..\files\weather\calibration\daily\Castel Boglione.csv,6/25/2013 12:00:00 AM,25.43,14.885149,2.5875,23,94.80238,50.9324,0,0,10.157574,11.746814,573.90485,21.255735,71.05057,71,89.62074,0,0,0,1,0,0,0,1,0,0,0,0,0,0,0,0,13,1,13,6,9,5,14,15,
..\..\..\files\weather\calibration\daily\Castel Boglione.csv,6/26/2013 12:00:00 AM,26.63,12.870001,0,0,84.78187,36.080666,0,0,9.75,11.621649,585.5265,21.686167,71.0679,71,89.49074,0,0,0,0,0,0,0,0,1,1,1,1,0,1,1,1,13,1,13,6,9,5,14,15,
..\..\..\files\weather\calibration\daily\Castel Boglione.csv,6/27/2013 12:00:00 AM,26.02,13.063418,0.27083334,2,91.03273,45.029,0,0,9.54171,11.547882,597.07434,22.113865,71.08512,71,89.36159,0,0,0,1,0,0,0,0,0,0,0,0,0,0,0,0,13,1,13,7,9,5,14,15,
..\..\..\files\weather\calibration\daily\Castel Boglione.csv,6/28/2013 12:00:00 AM,22.7,11.41,6.229167,23,93.037674,45.4891,0,0,7.0550003,10.144766,607.2191,22.489597,71.10025,71,89.24812,0,1,1,1,0,0,1,1,0,0,0,0,0,0,0,0,13,2,14,8,9,5,15,16,
..\..\..\files\weather\calibration\daily\Castel Boglione.csv,6/29/2013 12:00:00 AM,21.93,11.07,0,3,94.20954,47.195324,0,0,6.5,9.696697,616.91583,22.848734,71.114716,71,89.13963,0,0,0,0,0,0,0,0,0,0,0,0,0,0,0,0,13,2,14,8,9,5,15,16,
..\..\..\files\weather\calibration\daily\Castel Boglione.csv,6/30/2013 12:00:00 AM,24.3,11.630001,0,0,89.04786,40.113773,0,0,7.965,10.771509,627.6873,23.247679,71.130775,71,89.01918,0,0,0,0,0,0,0,0,0,0,0,0,0,0,0,0,13,2,14,8,9,5,15,16,
..\..\..\files\weather\calibration\daily\Castel Boglione.csv,7/1/2013 12:00:00 AM,27.51,12.85,0,0,81.8193,33.023575,0,0,10.18,11.752967,639.4403,23.682974,71.14831,71,88.887695,0,0,0,0,0,0,0,0,0,0,0,0,0,0,0,0,13,2,14,8,9,5,15,16,
..\..\..\files\weather\calibration\daily\Castel Boglione.csv,7/2/2013 12:00:00 AM,27.68,14.360001,0,0,84.76955,37.373795,0,0,11.02,11.928657,651.36896,24.124775,71.1661,71,88.75426,0,0,0,0,0,0,0,0,0,0,0,0,0,0,0,0,13,2,14,8,9,5,15,16,
..\..\..\files\weather\calibration\daily\Castel Boglione.csv,7/3/2013 12:00:00 AM,27.88,14.800001,0,0,86.467,38.15648,0,0,11.34,11.967688,663.3367,24.568024,71.183945,71,88.620415,0,0,0,0,0,0,0,0,0,0,0,0,0,0,0,0,13,2,14,8,9,5,15,16,
..\..\..\files\weather\calibration\daily\Castel Boglione.csv,7/4/2013 12:00:00 AM,25.98,16.100002,0,5,94.78268,51.645058,0,0,11.040001,11.931545,675.2682,25.009933,72.00595,72,82.45537,0,0,0,0,0,0,0,0,0,0,0,0,0,0,0,0,13,2,14,8,9,5,15,16,
..\..\..\files\weather\calibration\daily\Castel Boglione.csv,7/5/2013 12:00:00 AM,28.66,16.32,0,0,85.88537,40.561428,0,0,12.49,11.982278,687.2505,25.453722,72.02091,72,82.343155,0,0,0,0,0,0,0,0,0,0,0,0,0,0,0,0,13,2,14,8,9,5,15,16,
..\..\..\files\weather\calibration\daily\Castel Boglione.csv,7/6/2013 12:00:00 AM,31.349998,17.46,0,0,78.4159,34.111343,0,0,14.404999,11.576264,698.8268,25.882473,72.03536,72,82.23479,0,0,0,0,0,0,0,0,0,0,0,0,0,0,0,0,13,2,14,8,9,5,15,16,
..\..\..\files\weather\calibration\daily\Castel Boglione.csv,7/7/2013 12:00:00 AM,31.61,18.74,0,0,80.219635,37.26413,0,0,15.174999,11.263563,710.09033,26.29964,72.04942,72,82.129326,0,0,0,0,0,0,0,0,0,0,0,0,0,0,0,0,13,2,14,8,9,5,15,16,
..\..\..\files\weather\calibration\daily\Castel Boglione.csv,7/8/2013 12:00:00 AM,30.27,18.54,0,0,84.973595,42.078026,0,0,14.405001,11.576263,721.6666,26.728395,72.06388,72,82.02089,0,0,0,0,0,0,0,0,0,0,0,0,0,0,0,0,13,2,14,8,9,5,15,16,
..\..\..\files\weather\calibration\daily\Castel Boglione.csv,7/9/2013 12:00:00 AM,29.970001,19.500002,0,0,88.34112,47.252487,0,0,14.735001,11.452665,733.11926,27.152565,72.07818,72,81.913666,0,0,0,0,0,0,0,0,0,0,0,0,0,0,0,0,13,2,14,8,9,5,15,16,
..\..\..\files\weather\calibration\daily\Castel Boglione.csv,7/10/2013 12:00:00 AM,29.829998,18.7,0.26666668,1,87.0336,44.645668,0,0,14.264999,11.623964,744.7432,27.583084,72.09269,72,81.804825,0,0,0,1,0,0,0,0,0,0,0,0,0,0,0,0,13,2,14,9,9,5,15,16,
..\..\..\files\weather\calibration\daily\Castel Boglione.csv,7/11/2013 12:00:00 AM,30.02,18.58,6.1333337,23,86.02718,43.32361,0,0,14.299999,11.612305,756.3555,28.013166,72.107185,72,81.696106,0,1,1,1,0,1,1,1,0,0,0,0,0,0,0,0,13,3,15,10,9,6,16,17,
..\..\..\files\weather\calibration\daily\Castel Boglione.csv,7/12/2013 12:00:00 AM,30.78,17.83,0,0,81.41325,37.448147,0,0,14.305,11.610624,767.9661,28.44319,72.12168,72,81.58739,0,0,0,0,0,0,0,0,0,0,0,0,0,0,0,1,13,3,15,10,9,6,16,17,
..\..\..\files\weather\calibration\daily\Castel Boglione.csv,7/13/2013 12:00:00 AM,29.310001,18.020002,0,0,87.43786,44.28788,0,0,13.665001,11.796337,779.76245,28.880089,72.136406,72,81.47696,0,0,0,0,0,0,0,0,0,0,0,0,0,0,0,0,13,3,15,10,9,6,16,17,
..\..\..\files\weather\calibration\daily\Castel Boglione.csv,7/14/2013 12:00:00 AM,29.120003,18.750002,0.42083335,1,89.86525,48.17504,0,0,13.935001,11.725212,791.4877,29.314358,72.15105,72,81.36715,0,0,0,1,0,0,0,0,0,1,1,1,0,0,1,1,13,3,15,11,9,6,16,17,
..\..\..\files\weather\calibration\daily\Castel Boglione.csv,7/15/2013 12:00:00 AM,29.32,17.67,9.679167,23,86.587234,42.8764,0,0,13.494999,11.835694,803.32336,29.752716,73.002495,73,74.98129,1,1,1,1,0,0,0,1,0,0,0,0,0,0,0,0,14,4,16,12,9,6,16,18,
..\..\..\files\weather\calibration\daily\Castel Boglione.csv,7/16/2013 12:00:00 AM,30.96,17.760002,0,0,80.56839,36.519405,0,0,14.360001,11.591903,814.9153,30.182049,77.00464,77,39.976807,0,0,0,0,0,0,0,0,0,0,0,0,0,0,0,0,14,4,16,12,9,6,16,18,
..\..\..\files\weather\calibration\daily\Castel Boglione.csv,7/17/2013 12:00:00 AM,30.7,18.94,0.4416667,1,84.215614,41.719395,0,0,14.82,11.418298,826.33356,30.604946,77.01541,77,39.922943,0,0,0,1,0,0,0,0,0,0,0,0,0,0,0,0,14,4,16,13,9,6,16,18,
..\..\..\files\weather\calibration\daily\Castel Boglione.csv,7/18/2013 12:00:00 AM,29.16,19.16,10.479167,24,95.983185,49.755585,0,0,14.16,11.6578865,837.99146,31.03672,77.02641,77,39.867935,1,1,1,0,0,0,1,1,0,0,0,0,0,0,0,0,15,5,17,13,9,6,17,19,
..\..\..\files\weather\calibration\daily\Castel Boglione.csv,7/19/2013 12:00:00 AM,25.43,18.38,7.3791666,23,100,66.57346,0,0,11.904999,11.999332,849.9908,31.48114,77.037735,77,39.811325,1,1,1,0,0,0,1,1,0,0,0,0,0,0,0,0,16,6,18,13,9,6,18,20,
..\..\..\files\weather\calibration\daily\Castel Boglione.csv,7/20/2013 12:00:00 AM,28.77,18.18,0,0,89.84401,47.425007,0,0,13.475,11.840049,861.8308,31.919659,77.04891,77,39.75544,0,0,0,0,0,0,0,0,0,0,0,0,0,0,0,0,16,6,18,13,9,6,18,20,
..\..\..\files\weather\calibration\daily\Castel Boglione.csv,7/21/2013 12:00:00 AM,29.400002,18.140001,0,0,87.37669,44.3609,0,0,13.77,11.769933,873.60077,32.355583,77.06001,77,39.699936,0,0,0,0,0,0,0,0,0,0,0,0,0,0,0,0,16,6,18,13,9,6,18,20,
..\..\..\files\weather\calibration\daily\Castel Boglione.csv,7/22/2013 12:00:00 AM,30.58,18.85,0,0,84.47868,41.901608,0,0,14.715,11.460603,885.0614,32.780052,77.07083,77,39.645844,0,0,0,0,0,0,0,0,0,0,0,0,0,0,0,0,16,6,18,13,9,6,18,20,
..\..\..\files\weather\calibration\daily\Castel Boglione.csv,7/23/2013 12:00:00 AM,31.79,19.48,0,0,81.13993,39.07045,0,0,15.635,11.036277,896.09766,33.1888,77.081245,77,39.593773,0,0,0,0,0,0,0,0,0,0,0,0,0,0,0,0,16,6,18,13,9,6,18,20,
..\..\..\files\weather\calibration\daily\Castel Boglione.csv,7/24/2013 12:00:00 AM,31.649998,18.98,0,0,80.59096,37.915947,0,0,15.314999,11.197586,907.2952,33.603527,77.09181,77,39.54094,0,0,0,0,0,0,0,0,0,0,0,0,0,0,0,0,16,6,18,13,9,6,18,20,
..\..\..\files\weather\calibration\daily\Castel Boglione.csv,7/25/2013 12:00:00 AM,30.89,19.71,0,0,85.211716,43.80751,0,0,15.299999,11.204788,918.5,34.01852,77.10238,77,39.488106,0,0,0,0,0,0,0,0,0,1,1,1,0,0,1,1,16,6,18,13,9,6,18,20,
..\..\..\files\weather\calibration\daily\Castel Boglione.csv,7/26/2013 12:00:00 AM,31.48,19.530003,0,0,82.47665,40.54483,0,0,15.505001,11.103568,929.6036,34.42976,77.11286,77,39.43569,0,0,0,0,0,0,0,0,0,0,0,0,0,0,0,0,16,6,18,13,9,6,18,20,
..\..\..\files\weather\calibration\daily\Castel Boglione.csv,7/27/2013 12:00:00 AM,31.48,20.380001,0,0,84.372345,43.719208,0,0,15.93,10.874655,940.4782,34.832527,77.12312,77,39.384384,0,0,0,0,0,0,0,0,0,0,0,0,0,0,0,0,16,6,18,13,9,6,18,20,
..\..\..\files\weather\calibration\daily\Castel Boglione.csv,7/28/2013 12:00:00 AM,32.79,21.23,0,0,80.94614,41.040974,0,0,17.01,10.177758,950.65594,35.20948,77.13273,77,39.336357,0,0,0,0,0,0,0,0,0,0,0,0,0,0,0,0,16,6,18,13,9,6,18,20,
..\..\..\files\weather\calibration\daily\Castel Boglione.csv,7/29/2013 12:00:00 AM,33.33,18.359142,0.625,1,84.9379,41.52226,0,0,15.844572,10.922731,961.5787,35.614025,77.143036,77,39.28482,0,0,0,1,0,0,0,0,0,0,0,0,0,0,0,0,16,6,18,14,9,6,18,20,
..\..\..\files\weather\calibration\daily\Castel Boglione.csv,7/30/2013 12:00:00 AM,26.98,16.880001,14.375,23,93.24326,50.334282,0,0,11.93,11.999637,973.5783,36.058456,77.15436,77,39.22821,1,1,1,1,0,0,1,1,1,1,1,1,0,0,0,1,17,7,19,15,9,6,19,21,
..\..\..\files\weather\calibration\daily\Castel Boglione.csv,7/31/2013 12:00:00 AM,30.01,15.79,0,0,79.7393,33.676678,0,0,12.9,11.940311,985.5186,36.50069,77.16562,77,39.171906,1,0,0,0,0,0,0,0,0,0,0,0,0,0,0,0,18,7,19,15,9,6,19,21,
..\..\..\files\weather\calibration\daily\Castel Boglione.csv,8/1/2013 12:00:00 AM,31.510002,17.040003,0,0,76.89162,32.276527,0,0,14.275002,11.620649,997.1393,36.931084,77.17659,77,39.11705,0,0,0,0,0,0,0,0,0,0,0,0,0,0,0,0,18,7,19,15,9,6,19,21,
..\..\..\files\weather\calibration\daily\Castel Boglione.csv,8/2/2013 12:00:00 AM,31.01,17.9,0,0,80.68752,36.792187,0,0,14.455,11.558542,1008.6978,37.359177,77.18749,77,39.06254,0,0,0,0,0,0,0,0,1,1,1,1,0,0,1,1,18,7,19,15,9,6,19,21,
..\..\..\files\weather\calibration\daily\Castel Boglione.csv,8/3/2013 12:00:00 AM,31.54,18.38,0,0,79.70131,36.342285,0,0,14.959999,11.35943,1020.05725,37.779896,77.19821,77,39.00894,0,0,0,0,0,0,0,0,0,1,1,1,0,0,1,1,18,7,19,15,9,6,19,21,
..\..\..\files\weather\calibration\daily\Castel Boglione.csv,8/4/2013 12:00:00 AM,33.14,20.32,0,0,77.57213,36.46326,0,0,16.73,10.374256,1030.4315,38.16413,77.208,77,38.96,0,0,0,0,0,0,0,0,0,0,0,0,0,0,0,0,18,7,19,15,9,6,19,21,
..\..\..\files\weather\calibration\daily\Castel Boglione.csv,8/5/2013 12:00:00 AM,32.83,21.220001,0,0,80.76126,40.830135,0,0,17.025002,10.16692,1040.5984,38.540684,77.2176,77,38.91201,0,0,0,0,0,0,0,0,0,0,0,0,0,0,0,0,18,7,19,15,9,6,19,21,
..\..\..\files\weather\calibration\daily\Castel Boglione.csv,8/6/2013 12:00:00 AM,33.04,20.09,0,0,77.4833,36.109436,0,0,16.565,10.484873,1051.0833,38.92901,77.22749,77,38.862534,0,0,0,0,0,0,0,0,0,0,0,0,0,0,0,0,18,7,19,15,9,6,19,21,
..\..\..\files\weather\calibration\daily\Castel Boglione.csv,8/7/2013 12:00:00 AM,32.92,20.260002,0,0,87.20928,37.138454,0,0,16.59,10.46836,1061.5516,39.31673,78.00137,78,34.993134,0,0,0,0,0,0,0,0,0,0,0,0,0,0,0,0,18,7,19,15,9,6,19,21,
..\..\..\files\weather\calibration\daily\Castel Boglione.csv,8/8/2013 12:00:00 AM,29.120003,20.538078,0.3708333,6,95.101906,56.524532,0,0,14.829041,11.41458,1072.9662,39.73949,78.01009,78,34.94953,0,0,0,0,0,0,0,0,0,0,0,0,0,0,0,0,18,7,19,15,9,6,19,21,
..\..\..\files\weather\calibration\daily\Castel Boglione.csv,8/9/2013 12:00:00 AM,26.53,19.149364,8.529166,23,100,66.26745,0,0,12.839684,11.948031,1084.9142,40.182007,78.01922,78,34.903908,0,1,1,1,0,0,1,1,0,0,0,0,0,0,0,0,18,8,20,16,9,6,20,22,
..\..\..\files\weather\calibration\daily\Castel Boglione.csv,8/10/2013 12:00:00 AM,29.52,17.37,0,0,85.144196,40.896404,0,0,13.445,11.84647,1096.7606,40.620766,78.02827,78,34.858665,0,0,0,0,0,0,0,0,0,0,0,0,0,0,0,0,18,8,20,16,9,6,20,22,
..\..\..\files\weather\calibration\daily\Castel Boglione.csv,8/11/2013 12:00:00 AM,30.69,16.9,0,0,79.68458,34.73908,0,0,13.795,11.7634115,1108.524,41.056446,78.03725,78,34.813766,0,0,0,0,0,0,0,0,0,0,0,0,0,0,0,0,18,8,20,16,9,6,20,22,
..\..\..\files\weather\calibration\daily\Castel Boglione.csv,8/12/2013 12:00:00 AM,30.010002,16.820002,0,0,82.05635,37.005913,0,0,13.415001,11.85276,1120.3768,41.495438,78.046295,78,34.768524,0,0,0,0,0,0,0,0,0,0,0,0,0,0,0,0,18,8,20,16,9,6,20,22,
..\..\..\files\weather\calibration\daily\Castel Boglione.csv,8/13/2013 12:00:00 AM,30.489998,17.54,0,0,81.86983,37.59413,0,0,14.014999,11.702113,1132.079,41.928852,78.05524,78,34.723816,0,0,0,0,0,0,0,0,0,0,0,0,0,0,0,0,18,8,20,16,9,6,20,22,
..\..\..\files\weather\calibration\daily\Castel Boglione.csv,8/14/2013 12:00:00 AM,32.07,17.99,0,1,91.86072,33.161133,0,0,15.029999,11.328945,1143.408,42.348442,78.06389,78,34.680557,0,0,0,0,0,0,0,0,1,0,0,0,0,0,0,0,18,8,20,16,9,6,20,22,
..\..\..\files\weather\calibration\daily\Castel Boglione.csv,8/15/2013 12:00:00 AM,25.39,17.07,0,6,99.195045,59.534843,0,0,11.23,11.955998,1155.364,42.79126,78.07301,78,34.634933,0,0,0,0,0,0,0,0,1,1,1,1,0,0,1,1,18,8,20,16,9,6,20,22,
..\..\..\files\weather\calibration\daily\Castel Boglione.csv,8/16/2013 12:00:00 AM,27.07,15.8,0,1,90.30985,45.269802,0,0,11.434999,11.97633,1167.3403,43.23483,78.08216,78,34.589195,0,0,0,0,0,0,0,0,0,0,0,0,0,0,0,0,18,8,20,16,9,6,20,22,
..\..\..\files\weather\calibration\daily\Castel Boglione.csv,8/17/2013 12:00:00 AM,28.16,15.790001,0,0,86.44486,40.631138,0,0,11.975,11.999954,1179.3403,43.67927,78.091324,78,34.54338,0,0,0,0,0,0,0,0,0,0,0,0,0,0,0,0,18,8,20,16,9,6,20,22,
..\..\..\files\weather\calibration\daily\Castel Boglione.csv,8/18/2013 12:00:00 AM,28.919998,16.39,0,0,85.10086,39.766758,0,0,12.654999,11.968353,1191.3087,44.122543,78.100464,78,34.49768,0,0,0,0,0,0,0,0,0,0,0,0,0,0,0,0,18,8,20,16,9,6,20,22,
..\..\..\files\weather\calibration\daily\Castel Boglione.csv,8/19/2013 12:00:00 AM,29.66,17.39,0,0,84.66509,40.390606,0,0,13.525,11.829053,1203.1378,44.560658,78.1095,78,34.452515,0,0,0,0,0,0,0,0,0,0,0,0,0,0,0,0,18,8,20,16,9,6,20,22,
..\..\..\files\weather\calibration\daily\Castel Boglione.csv,8/20/2013 12:00:00 AM,28.95,17.51,0,0,87.59748,43.869373,0,0,13.23,11.888664,1215.0265,45.000984,78.118576,78,34.40712,0,0,0,0,0,0,0,0,0,0,0,0,0,0,0,0,18,8,20,16,9,6,20,22,
..\..\..\files\weather\calibration\daily\Castel Boglione.csv,8/21/2013 12:00:00 AM,28.66,16.21,0,0,85.629005,40.157818,0,0,12.434999,11.98603,1227.0126,45.44491,78.12773,78,34.361343,0,0,0,0,0,0,0,0,0,0,0,0,0,0,0,0,18,8,20,16,9,6,20,22,
..\..\..\files\weather\calibration\daily\Castel Boglione.csv,8/22/2013 12:00:00 AM,27.89,15.28,0,0,86.20153,39.83564,0,0,11.584999,11.987239,1238.9998,45.88888,78.13689,78,34.315567,0,0,0,0,0,0,0,0,0,0,0,0,0,0,0,0,18,8,20,16,9,6,20,22,
..\..\..\files\weather\calibration\daily\Castel Boglione.csv,8/23/2013 12:00:00 AM,28.38,14.690001,0,0,83.09995,35.93097,0,0,11.535,11.983974,1250.9838,46.332733,78.146034,78,34.26983,0,0,0,0,0,0,0,0,0,0,0,0,0,0,0,0,18,8,20,16,9,6,20,22,
..\..\..\files\weather\calibration\daily\Castel Boglione.csv,8/24/2013 12:00:00 AM,29.37,15.9,0.68333334,1,82.33099,36.33095,0,0,12.635,11.970255,1262.954,46.776073,78.155174,78,34.22413,0,0,0,1,0,0,0,0,0,0,0,0,0,0,1,0,18,8,20,17,9,6,20,22,
..\..\..\files\weather\calibration\daily\Castel Boglione.csv,8/25/2013 12:00:00 AM,28.9,16.83,15.716667,23,86.19614,41.46902,0,0,12.865,11.944857,1274.8988,47.218475,78.1643,78,34.178505,1,1,1,1,0,0,1,1,0,1,1,1,0,0,0,1,19,9,21,18,9,6,21,23,
..\..\..\files\weather\calibration\daily\Castel Boglione.csv,8/26/2013 12:00:00 AM,26.530003,15.879897,0.28333333,4,93.05338,49.27052,0,0,11.20495,11.953084,1286.8519,47.661182,78.17342,78,34.13288,1,0,0,1,0,0,0,0,0,0,0,0,0,0,0,0,20,9,21,19,9,6,21,23,
..\..\..\files\weather\calibration\daily\Castel Boglione.csv,8/27/2013 12:00:00 AM,24.68,14.37,6.775,24,94.710106,49.888344,0,0,9.525,11.541677,1298.3936,48.08865,78.18224,78,34.088783,0,1,1,1,0,0,1,1,0,0,0,0,0,0,0,0,20,10,22,20,9,6,22,24,
..\..\..\files\weather\calibration\daily\Castel Boglione.csv,8/28/2013 12:00:00 AM,24.41,14.170001,5.9416666,23,95.04829,50.2272,0,0,9.290001,11.44985,1309.8434,48.51272,79.00022,79,29.998894,0,1,1,1,0,0,1,1,0,0,0,0,0,0,0,0,20,11,23,21,9,6,23,25,
..\..\..\files\weather\calibration\daily\Castel Boglione.csv,8/29/2013 12:00:00 AM,26.71,13.73,0,0,86.56613,38.782673,0,0,10.219999,11.763752,1321.6072,48.948414,79.00777,79,29.961166,0,0,0,0,0,0,0,0,0,0,0,0,0,0,0,0,20,11,23,21,9,6,23,25,
..\..\..\files\weather\calibration\daily\Castel Boglione.csv,8/30/2013 12:00:00 AM,26.85,15.65,0,1,90.70928,45.621414,0,0,11.25,11.958258,1333.5654,49.39131,79.015434,79,29.922829,0,0,0,0,0,0,0,0,0,0,0,0,0,0,0,0,20,11,23,21,9,6,23,25,
..\..\..\files\weather\calibration\daily\Castel Boglione.csv,8/31/2013 12:00:00 AM,27.07,15.849999,0,1,90.430466,45.475445,0,0,11.459999,11.97838,1345.5438,49.834957,79.02312,79,29.884415,0,0,0,0,0,0,0,0,0,0,0,0,0,0,0,0,20,11,23,21,9,6,23,25,
..\..\..\files\weather\calibration\daily\Castel Boglione.csv,9/1/2013 12:00:00 AM,28.1,15.83,0,0,86.75291,41.023487,0,0,11.965,11.99991,1357.5437,50.279396,79.030815,79,29.845924,0,0,0,0,0,0,0,0,0,0,0,0,0,0,0,0,20,11,23,21,9,6,23,25,
..\..\..\files\weather\calibration\daily\Castel Boglione.csv,9/2/2013 12:00:00 AM,28.5,14.91,0,0,84.35853,36.22818,0,0,11.705,11.993555,1369.5372,50.723602,79.038506,79,29.807472,0,0,0,0,0,0,0,0,0,0,0,0,0,0,0,0,20,11,23,21,9,6,23,25,
..\..\..\files\weather\calibration\daily\Castel Boglione.csv,9/3/2013 12:00:00 AM,27.36,16.838167,0,3,92.64597,49.879524,0,0,12.099083,11.999275,1381.5365,51.16802,79.046196,79,29.76902,0,0,0,0,0,0,0,0,0,0,0,0,0,0,0,0,20,11,23,21,9,6,23,25,
..\..\..\files\weather\calibration\daily\Castel Boglione.csv,9/4/2013 12:00:00 AM,29.3,14.700001,0,0,79.859924,32.758923,0,0,12,12,1393.5365,51.61246,79.053894,79,29.73053,0,0,0,0,0,0,0,0,0,0,0,0,0,0,0,0,20,11,23,21,9,6,23,25,
..\..\..\files\weather\calibration\daily\Castel Boglione.csv,9/5/2013 12:00:00 AM,28.87,15.83,0,0,83.987114,37.978382,0,0,12.35,11.9909525,1405.5275,52.056576,79.061584,79,29.692078,0,0,0,0,0,0,0,0,0,0,0,0,0,0,0,0,20,11,23,21,9,6,23,25,
..\..\..\files\weather\calibration\daily\Castel Boglione.csv,9/6/2013 12:00:00 AM,28.89,15.650001,0,0,83.49967,37.282295,0,0,12.27,11.994615,1417.5221,52.50082,79.069275,79,29.653625,0,0,0,0,0,0,0,0,0,0,0,0,0,0,0,0,20,11,23,21,9,6,23,25,
..\..\..\files\weather\calibration\daily\Castel Boglione.csv,9/7/2013 12:00:00 AM,28.45,16.2,0,0,86.36566,40.973988,0,0,12.325001,11.992198,1429.5143,52.944977,79.07697,79,29.615135,0,0,0,0,0,0,0,0,0,0,0,0,0,0,0,0,20,11,23,21,9,6,23,25,
..\..\..\files\weather\calibration\daily\Castel Boglione.csv,9/8/2013 12:00:00 AM,28.25,16.49,0.6125,1,96.88108,42.91261,0,0,12.369999,11.98989,1441.5042,53.38904,84.00214,84,12.494659,0,0,0,1,0,0,0,0,0,0,0,0,0,0,0,0,20,11,23,22,9,6,23,25,
..\..\..\files\weather\calibration\daily\Castel Boglione.csv,9/9/2013 12:00:00 AM,25.119999,17.893715,14.087501,23,100,67.856285,0,0,11.506857,11.981974,1453.4861,53.832817,84.008965,84,12.477589,1,1,1,1,0,0,1,1,0,0,0,0,0,0,0,0,21,12,24,23,9,6,24,26,
..\..\..\files\weather\calibration\daily\Castel Boglione.csv,9/10/2013 12:00:00 AM,27.94,16.17,0,0,88.1271,42.987186,0,0,12.055,11.999776,1465.4858,54.277252,84.0158,84,12.460499,1,0,0,0,0,0,0,0,1,1,1,1,0,0,1,1,22,12,24,23,9,6,24,26,
..\..\..\files\weather\calibration\daily\Castel Boglione.csv,9/11/2013 12:00:00 AM,25.56,14.710001,0,3,92.74068,47.38569,0,0,10.135,11.740542,1477.2264,54.712093,84.02249,84,12.443771,0,0,0,0,0,0,0,0,0,0,0,0,0,0,0,0,22,12,24,23,9,6,24,26,
..\..\..\files\weather\calibration\daily\Castel Boglione.csv,9/12/2013 12:00:00 AM,23.489998,13.081378,0,5,95.486084,50.23023,0,0,8.285688,10.96092,1488.1874,55.11805,84.02874,84,12.42815,0,0,0,0,0,0,0,0,0,1,1,1,0,0,1,1,22,12,24,23,9,6,24,26,
..\..\..\files\weather\calibration\daily\Castel Boglione.csv,9/13/2013 12:00:00 AM,23.93,11.220001,0,0,89.11363,39.94569,0,0,7.575001,10.519165,1498.7065,55.50765,84.03474,84,12.413158,0,0,0,0,0,0,0,0,0,0,0,0,0,0,1,0,22,12,24,23,9,6,24,26,
..\..\..\files\weather\calibration\daily\Castel Boglione.csv,9/14/2013 12:00:00 AM,24.88,11.120001,0,0,86.07243,36.20768,0,0,8,10.792972,1509.4995,55.907387,84.040886,84,12.397785,0,0,0,0,0,0,0,0,0,1,1,1,0,0,0,1,22,12,24,23,9,6,24,26,
..\..\..\files\weather\calibration\daily\Castel Boglione.csv,9/15/2013 12:00:00 AM,24.879997,11.069999,0.7583334,1,100,36.0368,0,0,7.9749985,10.777659,1520.2772,56.306564,88.00361,88,2.4909782,0,0,0,1,0,0,0,0,0,0,0,0,0,0,0,0,22,12,24,24,9,6,24,26,
..\..\..\files\weather\calibration\daily\Castel Boglione.csv,9/16/2013 12:00:00 AM,19.73,13.599766,17.441668,24,100,78.29933,0,0,6.6648827,9.835085,1530.1123,56.670826,88.00789,88,2.480278,1,1,1,1,0,0,1,1,0,0,0,0,0,0,0,0,23,13,25,25,9,6,25,27,
..\..\..\files\weather\calibration\daily\Castel Boglione.csv,9/17/2013 12:00:00 AM,21.350002,12.270001,0,6,98.79762,55.51253,0,0,6.8100014,9.953188,1540.0656,57.039463,88.01223,88,2.4694252,1,0,0,0,0,0,0,0,0,0,0,0,0,0,0,0,24,13,25,25,9,6,25,27,
..\..\..\files\weather\calibration\daily\Castel Boglione.csv,9/18/2013 12:00:00 AM,22.67,11.393551,0,3,93.47493,46.21232,0,0,7.0317764,10.127027,1550.1926,57.414543,88.01664,88,2.4584007,0,0,0,0,0,0,0,0,0,0,0,0,0,0,0,0,24,13,25,25,9,6,25,27,
..\..\..\files\weather\calibration\daily\Castel Boglione.csv,9/19/2013 12:00:00 AM,22.08,9.56,0,0,89.9827,40.38215,0,-0.43226767,5.8277316,9.078245,1559.2709,57.750774,88.0206,88,2.4485016,0,0,0,0,0,0,0,0,0,0,0,0,0,0,0,0,24,13,25,25,9,6,25,27,
..\..\..\files\weather\calibration\daily\Castel Boglione.csv,9/20/2013 12:00:00 AM,25.66,10.810001,0,0,82.959885,32.636524,0,0,8.235001,10.932062,1570.2029,58.155663,88.02536,88,2.4365997,0,0,0,0,0,0,0,0,0,0,0,0,0,0,0,0,24,13,25,25,9,6,25,27,
..\..\..\files\weather\calibration\daily\Castel Boglione.csv,9/21/2013 12:00:00 AM,25.11,11.14,0,0,85.42801,35.494232,0,0,8.125,10.868041,1581.0709,58.558186,88.0301,88,2.424755,0,0,0,0,0,0,0,0,0,0,0,0,0,0,0,0,24,13,25,25,9,6,25,27,
..\..\..\files\weather\calibration\daily\Castel Boglione.csv,9/22/2013 12:00:00 AM,25.16,11.8,0,0,86.87535,37.59504,0,0,8.48,11.067802,1592.1387,58.968098,88.03492,88,2.4127007,0,0,0,0,0,0,0,0,0,0,0,0,0,0,0,0,24,13,25,25,9,6,25,27,
..\..\..\files\weather\calibration\daily\Castel Boglione.csv,9/23/2013 12:00:00 AM,24.68,12.650001,0,1,90.42732,42.584824,0,0,8.665001,11.1640625,1603.3027,59.38158,88.03978,88,2.4005508,0,0,0,0,0,0,0,0,0,0,0,0,0,0,0,0,24,13,25,25,9,6,25,27,
..\..\..\files\weather\calibration\daily\Castel Boglione.csv,9/24/2013 12:00:00 AM,25.89,11.419999,0,0,83.70063,33.82407,0,0,8.654999,11.158995,1614.4617,59.79488,88.04465,88,2.388382,0,0,0,0,0,0,0,0,0,0,0,0,0,0,0,0,24,13,25,25,9,6,25,27,
..\..\..\files\weather\calibration\daily\Castel Boglione.csv,9/25/2013 12:00:00 AM,25.65,11.6,0,0,84.87918,35.208588,0,0,8.625,11.143703,1625.6053,60.207603,88.0495,88,2.3762512,0,0,0,0,0,0,0,0,0,0,0,0,0,0,0,0,24,13,25,25,9,6,25,27,
..\..\..\files\weather\calibration\daily\Castel Boglione.csv,9/26/2013 12:00:00 AM,24.1,13.08,0,3,93.252655,46.765617,0,0,8.59,11.125684,1636.7311,60.61967,88.05435,88,2.3641205,0,0,0,0,0,0,0,0,0,0,0,0,0,0,0,0,24,13,25,25,9,6,25,27,
..\..\..\files\weather\calibration\daily\Castel Boglione.csv,9/27/2013 12:00:00 AM,24.07,13.19,0,3,93.618805,47.373016,0,0,8.629999,11.146261,1647.8773,61.032494,88.059204,88,2.3519897,0,0,0,0,0,0,0,0,0,0,0,0,0,0,0,0,24,13,25,25,9,6,25,27,
..\..\..\files\weather\calibration\daily\Castel Boglione.csv,9/28/2013 12:00:00 AM,24.72,14.780001,0,6,95.61332,51.592052,0,0,9.75,11.621649,1659.499,61.46293,88.06427,88,2.339325,0,0,0,0,0,0,0,0,0,0,0,0,0,0,0,0,24,13,25,25,9,6,25,27,
..\..\..\files\weather\calibration\daily\Castel Boglione.csv,9/29/2013 12:00:00 AM,24.55,16.176775,0.5,9,100,63.890015,0,0,10.363388,11.800419,1671.2994,61.89998,88.06941,88,2.3264694,0,0,0,1,0,0,0,0,0,0,0,0,0,0,0,0,24,13,25,26,9,6,25,27,
..\..\..\files\weather\calibration\daily\Castel Boglione.csv,9/30/2013 12:00:00 AM,21.52,14.667737,11.629167,24,100,71.747444,0,0,8.093868,10.849577,1682.149,62.301815,88.07414,88,2.3146439,1,1,1,1,0,0,1,1,0,0,0,0,0,0,0,0,25,14,26,27,9,6,26,28,
..\..\..\files\weather\calibration\daily\Castel Boglione.csv,10/1/2013 12:00:00 AM,19.899998,13.71185,2.9708333,24,100,72.03262,0,0,6.8059235,9.949917,1692.099,62.670334,88.078476,88,2.3038101,1,0,0,1,0,0,1,1,1,0,0,0,0,0,0,0,26,14,26,28,9,6,27,29,
..\..\..\files\weather\calibration\daily\Castel Boglione.csv,10/2/2013 12:00:00 AM,20.6,12.530001,0,7,100,60.648834,0,0,6.5650005,9.751788,1701.8508,63.031513,88.082726,88,2.2931862,0,0,0,0,0,0,0,0,1,1,1,1,0,0,1,1,26,14,26,28,9,6,27,29,
..\..\..\files\weather\calibration\daily\Castel Boglione.csv,10/3/2013 12:00:00 AM,21.829998,13.2699995,0,7,100,58.352966,0,0,7.549999,10.502159,1712.353,63.42048,88.0873,88,2.281742,0,0,0,0,0,0,0,0,0,0,0,0,0,0,0,0,26,14,26,28,9,6,27,29,
..\..\..\files\weather\calibration\daily\Castel Boglione.csv,10/4/2013 12:00:00 AM,19.09,12.923003,0.30416667,13,100,76.13799,0,0,6.006502,9.255571,1721.6086,63.763283,88.09133,88,2.2716713,0,0,0,1,0,0,0,0,0,0,0,0,0,0,0,0,26,14,26,29,9,6,27,29,
..\..\..\files\weather\calibration\daily\Castel Boglione.csv,10/5/2013 12:00:00 AM,17.37,11.6525,7.0958333,24,100,76.47175,0,0,4.5112505,7.6657114,1729.2744,64.0472,88.09467,88,2.263317,0,0,1,1,0,0,1,1,0,0,0,0,0,0,0,0,26,14,27,30,9,6,28,30,
..\..\..\files\weather\calibration\daily\Castel Boglione.csv,10/6/2013 12:00:00 AM,15.98,10.91,2.5458333,24,100,75.97744,0,0,3.4449997,6.28761,1735.562,64.280075,88.09741,88,2.2564697,0,0,0,0,0,0,0,1,0,0,0,0,0,0,0,0,26,14,27,30,9,6,28,31,
..\..\..\files\weather\calibration\daily\Castel Boglione.csv,10/7/2013 12:00:00 AM,17.3,11.200001,5.854167,24,100,70.404816,0,0,4.25,7.3475065,1742.9095,64.55221,88.10062,88,2.2484589,0,0,1,0,0,0,1,1,0,0,0,0,0,0,0,0,26,14,28,30,9,6,29,32,
..\..\..\files\weather\calibration\daily\Castel Boglione.csv,10/8/2013 12:00:00 AM,17.22,12.782722,4.6,24,100,86.91433,0,0,5.001361,8.229685,1751.1393,64.85701,88.1042,88,2.2394943,0,0,1,0,0,0,1,1,0,0,0,0,0,0,0,0,26,14,29,30,9,6,30,33,
..\..\..\files\weather\calibration\daily\Castel Boglione.csv,10/9/2013 12:00:00 AM,18.86,11.63793,0,8,100,65.24754,0,0,5.2489653,8.49853,1759.6378,65.171776,88.1079,88,2.2302437,0,0,0,0,0,0,1,0,0,0,0,0,0,0,0,0,26,14,29,30,9,6,31,33,
..\..\..\files\weather\calibration\daily\Castel Boglione.csv,10/10/2013 12:00:00 AM,20.31,10.15,0.18333334,6,95.753685,49.83479,0,0,5.2299995,8.478315,1768.1161,65.48578,88.111595,88,2.221012,0,0,0,0,0,0,0,0,0,0,0,0,0,0,0,0,26,14,29,30,9,6,31,33,
..\..\..\files\weather\calibration\daily\Castel Boglione.csv,10/11/2013 12:00:00 AM,18.64,5.977989,4.35,24,95.49975,50.11819,0,-3.383227,2.947778,4.5750055,1772.691,65.65523,88.113594,88,2.2160149,0,0,0,0,0,0,0,1,0,0,0,0,0,0,0,0,26,14,29,30,9,6,31,34,
..\..\..\files\weather\calibration\daily\Castel Boglione.csv,10/12/2013 12:00:00 AM,17.04,4.08,3.1583335,24,86.53843,36.25319,0,-4.5679016,1.912099,1.3326933,1774.0237,65.704575,88.114174,88,2.2145653,0,0,0,0,0,0,1,0,0,0,0,0,0,0,0,0,26,14,29,30,9,6,32,34,
..\..\..\files\weather\calibration\daily\Castel Boglione.csv,10/13/2013 12:00:00 AM,15.33,6.49,2.1083333,24,94.87638,52.533978,0,-2.8131618,1.6068382,2.0563612,1776.0801,65.78074,88.11507,88,2.2123337,0,0,0,0,0,0,0,0,0,0,0,0,0,0,0,0,26,14,29,30,9,6,32,34,
..\..\..\files\weather\calibration\daily\Castel Boglione.csv,10/14/2013 12:00:00 AM,14.300001,8.350001,0,9,100,67.84356,0,-1.4212171,1.5537823,2.858745,1778.9388,65.88662,88.11631,88,2.2092247,0,0,0,0,0,0,0,0,0,0,0,0,0,0,0,0,26,14,29,30,9,6,32,34,
..\..\..\files\weather\calibration\daily\Castel Boglione.csv,10/15/2013 12:00:00 AM,15.06,8.79,0,9,100,66.83358,0,-1.0932457,2.0417545,3.9333608,1782.8722,66.0323,88.11803,88,2.2049332,0,0,0,0,0,0,0,0,0,0,0,0,0,0,0,0,26,14,29,30,9,6,32,34,
..\..\..\files\weather\calibration\daily\Castel Boglione.csv,10/16/2013 12:00:00 AM,15.37,9.39,0,8,100,69.08426,0,-0.5788877,2.411112,4.689998,1787.5621,66.206,88.12007,88,2.1998215,0,0,0,0,0,0,0,0,0,0,0,0,0,0,0,0,26,14,29,30,9,6,32,34,
..\..\..\files\weather\calibration\daily\Castel Boglione.csv,10/17/2013 12:00:00 AM,22.34,9.07,0,0,88.08801,37.64823,0,-0.8974118,5.7375884,8.965975,1796.5281,66.53808,88.12398,88,2.1900558,0,0,0,0,0,0,0,0,0,0,0,0,0,0,0,0,26,14,29,30,9,6,32,34,
..\..\..\files\weather\calibration\daily\Castel Boglione.csv,10/18/2013 12:00:00 AM,21.57,9.41,0,1,90.875656,41.65088,0,-0.57568645,5.5043135,8.75004,1805.2781,66.862144,88.12779,88,2.180519,0,0,0,0,0,0,0,0,0,0,0,0,0,0,0,0,26,14,29,30,9,6,32,34,
..\..\..\files\weather\calibration\daily\Castel Boglione.csv,10/19/2013 12:00:00 AM,18.7,8.32,0,4,95.951935,47.956974,0,-1.5440466,3.645954,6.3777494,1811.6559,67.098366,88.13057,88,2.1735764,0,0,0,0,0,0,0,0,0,0,0,0,0,0,0,0,26,14,29,30,9,6,32,34,
..\..\..\files\weather\calibration\daily\Castel Boglione.csv,10/20/2013 12:00:00 AM,17.49,10.61,0.71250004,9,100,65.65918,0,0,4.049999,7.0954876,1818.7513,67.36116,88.13366,88,2.1658516,0,0,0,0,0,0,0,0,0,0,0,0,0,0,0,0,26,14,29,30,9,6,32,34,
..\..\..\files\weather\calibration\daily\Castel Boglione.csv,10/21/2013 12:00:00 AM,15.28,12.123004,16.3875,24,100,91.52035,0,0,3.7015018,6.6385937,1825.3899,67.60703,88.13655,88,2.1586227,1,0,1,0,0,0,1,1,0,0,0,0,0,0,0,0,27,14,30,30,9,6,33,35,
..\..\..\files\weather\calibration\daily\Castel Boglione.csv,10/22/2013 12:00:00 AM,16.57,11.360001,0,11,100,75.66737,0,0,3.9650002,6.9861445,1832.376,67.865776,88.139595,88,2.1510124,1,0,0,0,0,0,1,0,0,0,0,0,0,0,0,0,28,14,30,30,9,6,34,35,
..\..\..\files\weather\calibration\daily\Castel Boglione.csv,10/23/2013 12:00:00 AM,17.5,14.44,0.9041667,24,100,92.987976,0,0,5.9699993,9.221325,1841.5973,68.207306,88.143616,88,2.1409607,0,0,0,0,0,0,0,1,1,0,0,0,0,0,1,0,28,14,30,30,9,6,34,36,
..\..\..\files\weather\calibration\daily\Castel Boglione.csv,10/24/2013 12:00:00 AM,17.03,14.503299,20.795834,24,100,100,0,0,5.7666492,9.02644,1850.6238,68.541626,88.147545,88,2.1311378,1,0,1,0,0,0,1,1,1,1,1,1,0,0,1,1,29,14,31,30,9,6,35,37,
..\..\..\files\weather\calibration\daily\Castel Boglione.csv,10/25/2013 12:00:00 AM,19.36,13.669999,0,11,100,74.66432,0,0,6.5149994,9.709473,1860.3333,68.90123,88.15178,88,2.120552,1,0,0,0,0,0,1,0,0,0,0,0,0,0,0,0,30,14,31,30,9,6,36,37,
..\..\..\files\weather\calibration\daily\Castel Boglione.csv,10/26/2013 12:00:00 AM,18.88,13.33,0,11,100,75.32001,0,0,6.1049995,9.34686,1869.68,69.247406,88.15585,88,2.1103668,0,0,0,0,0,0,0,0,0,0,0,0,0,0,0,0,30,14,31,30,9,6,36,37,
..\..\..\files\weather\calibration\daily\Castel Boglione.csv,10/27/2013 12:00:00 AM,20.86,13.040001,0,7,100,62.149055,0,0,0,0,0,0,0,0,0,0,0,0,0,0,0,0,0,0,0,0,0,0,0,0,0,0,0,0,0,0,0,0,0,
..\..\..\files\weather\calibration\daily\Castel Boglione.csv,10/28/2013 12:00:00 AM,19.86,14.140592,0,13,100,78.78386,0,0,0,0,0,0,0,0,0,0,0,0,0,0,0,0,0,0,0,0,0,0,0,0,0,0,0,0,0,0,0,0,0,
..\..\..\files\weather\calibration\daily\Castel Boglione.csv,10/29/2013 12:00:00 AM,20.73,13.009999,0.29999998,9,100,62.67253,0,0,0,0,0,0,0,0,0,0,0,0,0,0,0,0,0,0,0,0,0,0,0,0,0,0,0,0,0,0,0,0,0,
..\..\..\files\weather\calibration\daily\Castel Boglione.csv,10/30/2013 12:00:00 AM,19.150002,13.372797,6.8999996,24,100,79.536766,0,0,0,0,0,0,0,0,0,0,0,1,0,0,0,1,1,0,0,0,0,0,0,0,0,0,0,1,0,0,0,1,1,
..\..\..\files\weather\calibration\daily\Castel Boglione.csv,10/31/2013 12:00:00 AM,18.11,11.409543,0,11,100,74.76296,0,0,0,0,0,0,0,0,0,0,0,0,0,0,0,0,0,0,0,0,0,0,0,0,0,0,0,0,0,0,0,0,0,
..\..\..\files\weather\calibration\daily\Castel Boglione.csv,11/1/2013 12:00:00 AM,17.41,8.4745865,0,8,100,64.67883,-1.3952076,-1.3952076,0,0,0,0,0,0,0,0,0,0,0,0,0,0,0,0,0,0,0,0,0,0,0,0,0,0,0,0,0,0,0,
..\..\..\files\weather\calibration\daily\Castel Boglione.csv,11/2/2013 12:00:00 AM,17.71,6.8899994,0,4,100,45.306812,-4.0582533,-2.663046,0,0,0,0,0,0,0,0,0,0,0,0,0,0,0,0,0,0,0,0,0,0,0,0,0,0,0,0,0,0,0,
..\..\..\files\weather\calibration\daily\Castel Boglione.csv,11/3/2013 12:00:00 AM,16.07,11.22361,0,15,100,83.70934,-4.0582533,0,0,0,0,0,0,0,0,0,0,0,0,0,0,0,0,0,0,0,0,0,0,0,0,0,0,0,0,0,0,0,0,
..\..\..\files\weather\calibration\daily\Castel Boglione.csv,11/4/2013 12:00:00 AM,18.53,8.614839,0.29999998,7,98.99252,56.863403,-5.3466606,-1.2884076,0,0,0,0,0,0,0,0,0,0,0,0,0,0,0,0,0,0,0,0,0,0,0,0,0,0,0,0,0,0,0,
..\..\..\files\weather\calibration\daily\Castel Boglione.csv,11/5/2013 12:00:00 AM,12.140001,8.010001,6.8999996,23,100,76.70387,-6.8572283,-1.5105679,0,0,0,0,0,0,0,0,0,0,0,0,0,0,0,0,0,0,0,0,0,0,0,0,0,0,0,0,0,0,0,
..\..\..\files\weather\calibration\daily\Castel Boglione.csv,11/6/2013 12:00:00 AM,16.63,7.8600006,0,5,96.54834,54.217808,-8.736134,-1.8789048,0,0,0,0,0,0,0,0,0,0,0,0,0,0,0,0,0,0,0,0,0,0,0,0,0,0,0,0,0,0,0,
..\..\..\files\weather\calibration\daily\Castel Boglione.csv,11/7/2013 12:00:00 AM,20.8,8.68,0,1,90.841064,41.55178,-9.984252,-1.2481184,0,0,0,0,0,0,0,0,0,0,0,0,0,0,0,0,0,0,0,0,0,0,0,0,0,0,0,0,0,0,0,
..\..\..\files\weather\calibration\daily\Castel Boglione.csv,11/8/2013 12:00:00 AM,17.54,7.7199993,0,6,100,49.764088,-11.999568,-2.0153162,0,0,0,0,0,0,0,0,0,0,0,0,0,0,0,0,0,0,0,0,0,0,0,0,0,0,0,0,0,0,0,
..\..\..\files\weather\calibration\daily\Castel Boglione.csv,11/9/2013 12:00:00 AM,14.63,10.835948,0.23333333,19,100,88.33367,-11.999568,0,0,0,0,0,0,0,0,0,0,0,0,0,0,0,0,0,0,0,0,0,0,0,0,0,0,0,0,0,0,0,0,
..\..\..\files\weather\calibration\daily\Castel Boglione.csv,11/10/2013 12:00:00 AM,17.34,8.069291,5.366667,24,100,61.145298,-13.729233,-1.7296646,0,0,0,0,0,0,0,0,0,1,0,0,0,0,1,0,0,0,0,0,0,0,0,0,0,1,0,0,0,0,1,
..\..\..\files\weather\calibration\daily\Castel Boglione.csv,11/11/2013 12:00:00 AM,14.01,7.0500007,0,6,97.36253,61.208256,-16.054052,-2.3248203,0,0,0,0,0,0,0,0,0,0,0,0,0,0,0,0,0,0,0,0,0,0,0,0,0,0,0,0,0,0,0,
..\..\..\files\weather\calibration\daily\Castel Boglione.csv,11/12/2013 12:00:00 AM,16.71,6.3699994,0,3,92.48394,46.656605,-19.046871,-2.9928195,0,0,0,0,0,0,0,0,0,0,0,0,0,0,0,0,0,0,0,0,0,0,0,0,0,0,0,0,0,0,0,
..\..\..\files\weather\calibration\daily\Castel Boglione.csv,11/13/2013 12:00:00 AM,17.41,6.4300003,0,3,91.59148,44.38545,-22.036503,-2.989631,0,0,0,0,0,0,0,0,0,0,0,0,0,0,0,0,0,0,0,0,0,0,0,0,0,0,0,0,0,0,0,
..\..\..\files\weather\calibration\daily\Castel Boglione.csv,11/14/2013 12:00:00 AM,18.05,6.6800003,0.5708333,2,95.758804,43.182236,-24.871788,-2.8352854,0,0,0,0,0,0,0,0,0,0,0,0,0,0,0,0,0,0,0,0,0,0,0,0,0,0,0,0,0,0,0,
..\..\..\files\weather\calibration\daily\Castel Boglione.csv,11/15/2013 12:00:00 AM,14.780001,7.529276,13.308333,24,100,68.640205,-26.921556,-2.0497677,0,0,0,0,0,0,0,1,0,1,0,0,0,1,0,0,0,0,0,0,0,0,0,1,0,1,0,0,0,1,0,
..\..\..\files\weather\calibration\daily\Castel Boglione.csv,11/16/2013 12:00:00 AM,11.43,6.8600006,4.1208334,24,98.20024,72.16,-28.982826,-2.0612688,0,0,0,0,0,0,0,1,0,0,0,0,0,0,0,0,0,0,0,0,0,0,0,1,0,0,0,0,0,0,0,
..\..\..\files\weather\calibration\daily\Castel Boglione.csv,11/17/2013 12:00:00 AM,15.09,7.75,0,7,98.21073,60.403706,-30.88797,-1.905143,0,0,0,0,0,0,0,0,0,0,0,0,0,0,0,0,0,0,0,0,0,0,0,0,0,0,0,0,0,0,0,
..\..\..\files\weather\calibration\daily\Castel Boglione.csv,11/18/2013 12:00:00 AM,12.379999,7.4199996,0.3791667,9,100,71.296875,-32.796963,-1.9089923,0,0,0,0,0,0,0,0,0,0,0,0,0,0,0,0,0,0,0,0,0,0,0,0,0,0,0,0,0,0,0,
..\..\..\files\weather\calibration\daily\Castel Boglione.csv,11/19/2013 12:00:00 AM,9.940001,8.580001,9.008334,24,100,93.94285,-33.476963,-0.67999935,0,0,0,0,0,0,0,0,0,0,0,0,0,0,0,0,0,0,0,0,0,0,0,0,0,0,0,0,0,0,0,
..\..\..\files\weather\calibration\daily\Castel Boglione.csv,11/20/2013 12:00:00 AM,11.65,6.6301184,6.725,24,100,83.67732,-35.715733,-2.2387686,0,0,0,0,0,0,0,0,0,0,0,0,0,1,0,0,0,0,0,0,0,0,0,0,0,0,0,0,0,1,0,
..\..\..\files\weather\calibration\daily\Castel Boglione.csv,11/21/2013 12:00:00 AM,11.41,3.4015832,2.7958333,24,95.36381,65.2675,-39.595814,-3.8800824,0,0,0,0,0,0,0,0,0,0,0,0,0,1,0,0,0,0,0,0,0,0,0,0,0,0,0,0,0,1,0,
..\..\..\files\weather\calibration\daily\Castel Boglione.csv,11/22/2013 12:00:00 AM,8.19,2.4588614,4.833333,24,86.24775,58.40079,-42.461384,-2.865569,0,0,0,0,0,0,0,0,0,0,0,0,0,0,0,0,0,0,0,0,0,0,0,0,0,0,0,0,0,0,0,
..\..\..\files\weather\calibration\daily\Castel Boglione.csv,11/23/2013 12:00:00 AM,6.94,1.69,0.9583334,23,86.71904,57.527203,-45.086384,-2.625,0,0,0,0,0,0,0,0,0,0,0,0,0,0,0,0,0,0,0,0,0,0,0,0,0,0,0,0,0,0,0,
..\..\..\files\weather\calibration\daily\Castel Boglione.csv,11/24/2013 12:00:00 AM,7.66,4.1100006,0,0,89.93625,70.343765,-46.86138,-1.7749996,0,0,0,0,0,0,0,0,0,0,0,0,0,0,0,0,0,0,0,0,0,0,0,0,0,0,0,0,0,0,0,
..\..\..\files\weather\calibration\daily\Castel Boglione.csv,11/25/2013 12:00:00 AM,11.23,3.3174272,0,3,92.44836,59.314526,-50.722065,-3.860685,0,0,0,0,0,0,0,0,0,0,0,0,0,0,0,0,0,0,0,0,0,0,0,0,0,0,0,0,0,0,0,
..\..\..\files\weather\calibration\daily\Castel Boglione.csv,11/26/2013 12:00:00 AM,11.87,0.44713116,0,0,84.786316,42.598446,-56.280434,-5.5583687,0,0,0,0,0,0,0,0,0,0,0,0,0,0,0,0,0,0,0,0,0,0,0,0,0,0,0,0,0,0,0,
..\..\..\files\weather\calibration\daily\Castel Boglione.csv,11/27/2013 12:00:00 AM,8.59,-1.2997773,0,0,77.429985,39.554207,-60.010956,-3.730524,0,0,0,0,0,0,0,0,0,0,0,0,0,0,0,0,0,0,0,0,0,0,0,0,0,0,0,0,0,0,0,
..\..\..\files\weather\calibration\daily\Castel Boglione.csv,11/28/2013 12:00:00 AM,6.22,-2.5899997,0,0,71.87098,38.2565,-62.206665,-2.1957095,0,0,0,0,0,0,0,0,0,0,0,0,0,0,0,0,0,0,0,0,0,0,0,0,0,0,0,0,0,0,0,
..\..\..\files\weather\calibration\daily\Castel Boglione.csv,11/29/2013 12:00:00 AM,6.87,-2.8100002,0,0,71.859116,35.983425,-64.64452,-2.4378562,0,0,0,0,0,0,0,0,0,0,0,0,0,0,0,0,0,0,0,0,0,0,0,0,0,0,0,0,0,0,0,
..\..\..\files\weather\calibration\daily\Castel Boglione.csv,11/30/2013 12:00:00 AM,8.13,-2.5500002,0.083333336,1,73.26565,34.318317,-67.738945,-3.094424,0,0,0,0,0,0,0,0,0,0,0,0,0,0,0,0,0,0,0,0,0,0,0,0,0,0,0,0,0,0,0,
..\..\..\files\weather\calibration\daily\Castel Boglione.csv,12/1/2013 12:00:00 AM,4.67,0.07999992,1.9166667,23,76.78114,55.369408,-70.03394,-2.295,0,0,0,0,0,0,0,0,0,0,0,0,0,0,0,0,0,0,0,0,0,0,0,0,0,0,0,0,0,0,0,
..\..\..\files\weather\calibration\daily\Castel Boglione.csv,12/2/2013 12:00:00 AM,9.31,-0.53999996,0,0,78.702835,39.46147,-74.43375,-4.399802,0,0,0,0,0,0,0,0,0,0,0,0,0,0,0,0,0,0,0,0,0,0,0,0,0,0,0,0,0,0,0,
..\..\..\files\weather\calibration\daily\Castel Boglione.csv,12/3/2013 12:00:00 AM,10.82,1.2085216,0,0,84.71193,45.30165,-79.204506,-4.7707605,0,0,0,0,0,0,0,0,0,0,0,0,0,0,0,0,0,0,0,0,0,0,0,0,0,0,0,0,0,0,0,
..\..\..\files\weather\calibration\daily\Castel Boglione.csv,12/4/2013 12:00:00 AM,10.7,-0.42000008,0,0,79.16828,36.48504,-84.374466,-5.169964,0,0,0,0,0,0,0,0,0,0,0,0,0,0,0,0,0,0,0,0,0,0,0,0,0,0,0,0,0,0,0,
..\..\..\files\weather\calibration\daily\Castel Boglione.csv,12/5/2013 12:00:00 AM,11.17,-1.3800001,0,0,76.72148,31.94516,-89.39988,-5.02541,0,0,0,0,0,0,0,0,0,0,0,0,0,0,0,0,0,0,0,0,0,0,0,0,0,0,0,0,0,0,0,
..\..\..\files\weather\calibration\daily\Castel Boglione.csv,12/6/2013 12:00:00 AM,11.57,0.010000229,0,0,80.14836,35.972687,-95.073265,-5.6733866,0,0,0,0,0,0,0,0,0,0,0,0,0,0,0,0,0,0,0,0,0,0,0,0,0,0,0,0,0,0,0,
..\..\..\files\weather\calibration\daily\Castel Boglione.csv,12/7/2013 12:00:00 AM,14.7,0.8100004,0,0,80.44079,31.182617,-101.22309,-6.149823,0,0,0,0,0,0,0,0,0,0,0,0,0,0,0,0,0,0,0,0,0,0,0,0,0,0,0,0,0,0,0,
..\..\..\files\weather\calibration\daily\Castel Boglione.csv,12/8/2013 12:00:00 AM,12.81,0.35000038,0,0,80.57486,34.16241,-100.906235,-5.913142,0.31685805,0,0,0,0,0,0,0,0,0,0,0,0,0,0,0,0,0,0,0,0,0,0,0,0,0,0,0,0,0,0,
..\..\..\files\weather\calibration\daily\Castel Boglione.csv,12/9/2013 12:00:00 AM,6.54,-0.52,0,0,77.21837,46.820866,-100.906235,-3.02915,0,0,0,0,0,0,0,0,0,0,0,0,0,0,0,0,0,0,0,0,0,0,0,0,0,0,0,0,0,0,0,
..\..\..\files\weather\calibration\daily\Castel Boglione.csv,12/10/2013 12:00:00 AM,6.69,-0.75999975,0,0,76.74521,45.25612,-100.906235,-3.003765,0,0,0,0,0,0,0,0,0,0,0,0,0,0,0,0,0,0,0,0,0,0,0,0,0,0,0,0,0,0,0,
..\..\..\files\weather\calibration\daily\Castel Boglione.csv,12/11/2013 12:00:00 AM,6.19,-0.6799998,0,0,76.51609,46.976288,-100.906235,-2.7886536,0,0,0,0,0,0,0,0,0,0,0,0,0,0,0,0,0,0,0,0,0,0,0,0,0,0,0,0,0,0,0,
..\..\..\files\weather\calibration\daily\Castel Boglione.csv,12/12/2013 12:00:00 AM,7.75,-1.3999999,0,0,75.89209,39.713062,-100.906235,-3.282104,0,0,0,0,0,0,0,0,0,0,0,0,0,0,0,0,0,0,0,0,0,0,0,0,0,0,0,0,0,0,0,
..\..\..\files\weather\calibration\daily\Castel Boglione.csv,12/13/2013 12:00:00 AM,5.47,-0.88999987,0,0,75.29711,47.850643,-100.906235,-2.352272,0,0,0,0,0,0,0,0,0,0,0,0,0,0,0,0,0,0,0,0,0,0,0,0,0,0,0,0,0,0,0,
..\..\..\files\weather\calibration\daily\Castel Boglione.csv,12/14/2013 12:00:00 AM,9.28,-1.4099998,0,0,76.51623,36.07011,-100.906235,-4.0279884,0,0,0,0,0,0,0,0,0,0,0,0,0,0,0,0,0,0,0,0,0,0,0,0,0,0,0,0,0,0,0,
..\..\..\files\weather\calibration\daily\Castel Boglione.csv,12/15/2013 12:00:00 AM,11.44,-0.72000027,0,0,78.33156,33.62449,-100.82097,-5.466579,0.08526311,0,0,0,0,0,0,0,0,0,0,0,0,0,0,0,0,0,0,0,0,0,0,0,0,0,0,0,0,0,0,
..\..\..\files\weather\calibration\daily\Castel Boglione.csv,12/16/2013 12:00:00 AM,8.34,-0.40999985,0,0,78.67366,42.520916,-100.82097,-3.9746058,0,0,0,0,0,0,0,0,0,0,0,0,0,0,0,0,0,0,0,0,0,0,0,0,0,0,0,0,0,0,0,
..\..\..\files\weather\calibration\daily\Castel Boglione.csv,12/17/2013 12:00:00 AM,10.84,-1.1199999,0,0,77.40219,33.577503,-100.79147,-4.9419394,0.029498339,0,0,0,0,0,0,0,0,0,0,0,0,0,0,0,0,0,0,0,0,0,0,0,0,0,0,0,0,0,0,
..\..\..\files\weather\calibration\daily\Castel Boglione.csv,12/18/2013 12:00:00 AM,10.82,-0.52999973,0,0,78.88553,35.777412,-100.76185,-5.1869955,0.029621126,0,0,0,0,0,0,0,0,0,0,0,0,0,0,0,0,0,0,0,0,0,0,0,0,0,0,0,0,0,0,
..\..\..\files\weather\calibration\daily\Castel Boglione.csv,12/19/2013 12:00:00 AM,8.79,0.40999985,1.1041666,1,80.9392,45.036125,-100.76185,-4.19,0,0,0,0,0,0,0,0,0,0,0,0,0,0,0,0,0,0,0,0,0,0,0,0,0,0,0,0,0,0,0,
..\..\..\files\weather\calibration\daily\Castel Boglione.csv,12/20/2013 12:00:00 AM,5.16,2.19,25.65,24,83.09967,67.042336,-100.76185,-1.4849999,0,0,0,0,0,0,0,0,0,0,0,0,0,0,0,0,0,0,0,0,0,0,0,0,0,0,0,0,0,0,0,
..\..\..\files\weather\calibration\daily\Castel Boglione.csv,12/21/2013 12:00:00 AM,5.49,3.0500002,6.116667,24,89.144615,71.82306,-100.76185,-1.2199998,0,0,0,0,0,0,0,0,0,0,0,0,0,0,0,0,0,0,0,0,0,0,0,0,0,0,0,0,0,0,0,
..\..\..\files\weather\calibration\daily\Castel Boglione.csv,12/22/2013 12:00:00 AM,8.15,4.8500004,6.229167,24,95.84667,73.45373,-100.76185,-1.6499996,0,0,0,0,0,0,0,0,0,0,0,0,0,0,0,0,0,0,0,0,0,0,0,0,0,0,0,0,0,0,0,
..\..\..\files\weather\calibration\daily\Castel Boglione.csv,12/23/2013 12:00:00 AM,7.64,6.052367,0.19583333,24,96.77727,90.6179,-100.76185,-0.79381657,0,0,0,0,0,0,0,0,0,0,0,0,0,0,0,0,0,0,0,0,0,0,0,0,0,0,0,0,0,0,0,
..\..\..\files\weather\calibration\daily\Castel Boglione.csv,12/24/2013 12:00:00 AM,9.33,5.49,5.1583333,24,94.411514,72.6124,-100.76185,-1.9200001,0,0,0,0,0,0,0,0,0,0,0,0,0,0,0,0,0,0,0,0,0,0,0,0,0,0,0,0,0,0,0,
..\..\..\files\weather\calibration\daily\Castel Boglione.csv,12/25/2013 12:00:00 AM,8,5.84,17.754166,24,95.12524,81.697586,-100.76185,-1.0799999,0,0,0,0,0,0,0,0,0,0,0,0,0,0,0,0,0,0,0,0,0,0,0,0,0,0,0,0,0,0,0,
..\..\..\files\weather\calibration\daily\Castel Boglione.csv,12/26/2013 12:00:00 AM,9.44,5.9101925,63.404163,24,97.76181,81.25414,-100.76185,-1.7649035,0,0,0,0,0,0,0,0,0,0,0,0,0,0,0,0,0,0,0,0,0,0,0,0,0,0,0,0,0,0,0,
..\..\..\files\weather\calibration\daily\Castel Boglione.csv,12/27/2013 12:00:00 AM,9.35,3.6717312,25.587502,23,93.96137,71.321556,-100.76185,-2.8391345,0,0,0,0,0,0,0,0,0,0,0,0,0,0,0,0,0,0,0,0,0,0,0,0,0,0,0,0,0,0,0,
..\..\..\files\weather\calibration\daily\Castel Boglione.csv,12/28/2013 12:00:00 AM,11.55,2.3199997,0.9791667,1,86.08874,45.684246,-100.6317,-4.4848537,0.1301463,0,0,0,0,0,0,0,0,0,0,0,0,0,0,0,0,0,0,0,0,0,0,0,0,0,0,0,0,0,0,
..\..\..\files\weather\calibration\daily\Castel Boglione.csv,12/29/2013 12:00:00 AM,7.55,2.2600002,22.520834,23,85.034195,58.789738,-100.6317,-2.645,0,0,0,0,0,0,0,0,0,0,0,0,0,0,0,0,0,0,0,0,0,0,0,0,0,0,0,0,0,0,0,
..\..\..\files\weather\calibration\daily\Castel Boglione.csv,12/30/2013 12:00:00 AM,9.06,1.7499714,0,0,85.27359,52.458424,-100.6317,-3.6550145,0,0,0,0,0,0,0,0,0,0,0,0,0,0,0,0,0,0,0,0,0,0,0,0,0,0,0,0,0,0,0,
..\..\..\files\weather\calibration\daily\Castel Boglione.csv,12/31/2013 12:00:00 AM,9.21,0.30997133,0,0,81.233284,44.12761,-100.6317,-4.4500146,0,0,0,0,0,0,0,0,0,0,0,0,0,0,0,0,0,0,0,0,0,0,0,0,0,0,0,0,0,0,0,
