site,Date,Tmax,Tmin,Prec,LW,RHmax,RHmin,chillState,ChillRate,antiChillState,forcingRate,forcingState,cycleCompletion,bbchCode,bbchPhase,plantSusceptibility,Rule310,Epi,Ipi,Dmcast,Magarey,UCSC,misfits,laore,pressureRule310,pressureEpi,pressureIpi,pressureDmcast,pressureMagarey,pressureUCSC,pressureMisfits,pressureLaore,EPI_Ke,EPI_pe,EPI_index,DMcast_Ra,DMcast_Pom,DMcast_PomSum,IPI_Tmeani,IPI_Ri,IPI_Rhi,IPI_Lwi,IPI_index,IPI_index_sum,UCSC_HTi,UCSC_HT,UCSC_DOR,UCSC_GER
..\..\..\files\weather\hourly\Spresiano.csv,1/1/2019 12:00:00 AM,0.3,0.3,0,0,94,94,0,-0,0,0,0,0,0,0,0,0,0,0,0,0,0,0,0,0,0,0,0,0,0,0,0,0,0,0,0,0,0,0,0.00667,1.0568034999999938,0,0,0,0.0007719150726430113,0,0.00025583464398314543,0
..\..\..\files\weather\hourly\Spresiano.csv,1/2/2019 12:00:00 AM,7,-2.1,0,0,100,66,-2.6923075,-2.6923075,0,0,0,0,0,0,0,0,0,0,0,0,0,0,0,0,0,0,0,0,0,0,0,0,0,0,0,0,0,0,0.00667,1.039618500000003,0,0,0,0.0015493681366864965,0.025392251302775285,0.00029310850072703583,0
..\..\..\files\weather\hourly\Spresiano.csv,1/3/2019 12:00:00 AM,11.7,-4.2,0,1,100,16,-7.087905,-4.3955975,0,0,0,0,0,0,0,0,0,0,0,0,0,0,0,0,0,0,0,0,0,0,0,0,0,0,0,0,0,0,0.00667,0,0,0,0,0.0010358337072769919,0.02903395445354667,0.00029882708090911355,0
..\..\..\files\weather\hourly\Spresiano.csv,1/4/2019 12:00:00 AM,7.4,-3.9,0,0,68,24,-9.510914,-2.423009,0,0,0,0,0,0,0,0,0,0,0,0,0,0,0,0,0,0,0,0,0,0,0,0,0,0,0,0,0,0,0.00667,0,0,0,0,0.0010358337072769919,0.033234638231578344,0.0003055447258307024,0
..\..\..\files\weather\hourly\Spresiano.csv,1/5/2019 12:00:00 AM,5.4,-4.8,0,0,98,45,-10.940326,-1.4294118,0,0,0,0,0,0,0,0,0,0,0,0,0,0,0,0,0,0,0,0,0,0,0,0,0,0,0,0,0,0,0.00667,1.0586914999999948,0,0,0,0.0012833074629881942,0.04201817365860221,0.00032002025097189687,0
..\..\..\files\weather\hourly\Spresiano.csv,1/6/2019 12:00:00 AM,3.8,-4.9,0,0,99,52,-11.770211,-0.82988507,0,0,0,0,0,0,0,0,0,0,0,0,0,0,0,0,0,0,0,0,0,0,0,0,0,0,0,0,0,0,0.00667,1.0733834999999985,0,0,0,0.0010793405207011704,0.04783781000761291,0.0003299387777226122,0
..\..\..\files\weather\hourly\Spresiano.csv,1/7/2019 12:00:00 AM,8.8,-5.4,0,0,99,45,-14.496971,-2.7267604,0,0,0,0,0,0,0,0,0,0,0,0,0,0,0,0,0,0,0,0,0,0,0,0,0,0,0,0,0,0,0.00667,1.039618500000003,0,0,0,0.0013587397228341672,0.05412319982087731,0.0003409523418162454,0
..\..\..\files\weather\hourly\Spresiano.csv,1/8/2019 12:00:00 AM,6.2,-0.3,0,0,93,63,-17.453894,-2.956923,0,0,0,0,0,0,0,0,0,0,0,0,0,0,0,0,0,0,0,0,0,0,0,0,0,0,0,0,0,0,0.00667,0.06512749999999556,0,0,0,0.0014071622985929214,0.07702979576345523,0.0003838589812040879,0
..\..\..\files\weather\hourly\Spresiano.csv,1/9/2019 12:00:00 AM,4.7,-1.1,0,0,99,78,-19.358204,-1.9043103,0,0,0,0,0,0,0,0,0,0,0,0,0,0,0,0,0,0,0,0,0,0,0,0,0,0,0,0,0,0,0.00667,1.0699464999999933,0,0,0,0.0011876392575596,0.09884234896979285,0.0004290229515365256,0
..\..\..\files\weather\hourly\Spresiano.csv,1/10/2019 12:00:00 AM,7.4,-2.4,0,0,99,61,-22.15208,-2.7938776,0,0,0,0,0,0,0,0,0,0,0,0,0,0,0,0,0,0,0,0,0,0,0,0,0,0,0,0,0,0,0.00667,0.9732984999999914,0,0,0,0.0016284739354831858,0.11294160737017102,0.0004606195534687879,0
..\..\..\files\weather\hourly\Spresiano.csv,1/11/2019 12:00:00 AM,9,-3.5,0,0,99,35,-25.39208,-3.24,0,0,0,0,0,0,0,0,0,0,0,0,0,0,0,0,0,0,0,0,0,0,0,0,0,-14.645414579489193,0,0,0,0,0.00667,0.406626499999998,0,0,0,0.0009752741582279913,0.11650583415431427,0.00046892049031342577,0
..\..\..\files\weather\hourly\Spresiano.csv,1/12/2019 12:00:00 AM,6.4,-3.3,0,0,96,46,-27.50342,-2.1113403,0,0,0,0,0,0,0,0,0,0,0,0,0,0,0,0,0,0,0,0,0,0,0,0,0,-14.645414579489193,0,0,0,0,0.00667,0.5952024999999992,0,0,0,0.0012833074629881942,0.12264853203774677,0.00048353207908164683,0
..\..\..\files\weather\hourly\Spresiano.csv,1/13/2019 12:00:00 AM,5.2,-2.9,0,0,100,58,-29.172556,-1.6691356,0,0,0,0,0,0,0,0,0,0,0,0,0,0,0,0,0,0,0,0,0,0,0,0,0,-14.645414579489193,0,0,0,0,0.00667,0.7525065000000026,0,0,0,0.0012548496158150371,0.13389861628140529,0.0005113205717359608,0
..\..\..\files\weather\hourly\Spresiano.csv,1/14/2019 12:00:00 AM,8.1,-1.9,0,0,98,49,-32.453056,-3.2805004,0,0,0,0,0,0,0,0,0,0,0,0,0,0,0,0,0,0,0,0,0,0,0,0,0,-14.645414579489193,0,0,0,0,0.00667,1.0586914999999948,0,0,0,0.0013587397228341672,0.14270901586522794,0.0005340407736598389,0
..\..\..\files\weather\hourly\Spresiano.csv,1/15/2019 12:00:00 AM,10.4,-1.3,0,0,99,38,-37.082115,-4.6290593,0,0,0,0,0,0,0,0,0,0,0,0,0,0,0,0,0,0,0,0,0,0,0,0,0,-14.645414579489193,0,0,0,0,0.00667,0,0,0,0,0.0018054212389029313,0.15177604342201562,0.000558331906871124,0
..\..\..\files\weather\hourly\Spresiano.csv,1/16/2019 12:00:00 AM,11.3,-0.9,0,0,89,26,-42.384575,-5.3024592,0,0,0,0,0,0,0,0,0,0,0,0,0,0,0,0,0,0,0,0,0,0,0,0,0,-14.645414579489193,0,0,0,0,0.00667,0.8785384999999977,0,0,0,0.0011498275854334166,0.16102677870623086,0.0005840961688143001,0
..\..\..\files\weather\hourly\Spresiano.csv,1/17/2019 12:00:00 AM,10.1,-1.2,0,0,92,41,-46.898735,-4.5141597,0,0,0,0,0,0,0,0,0,0,0,0,0,0,0,0,0,0,0,0,0,0,0,0,0,-14.645414579489193,0,0,0,0,0.00667,1.008951499999995,0,0,0,0.0016284739354831858,0.17148145233521978,0.0006144464950774538,0
..\..\..\files\weather\hourly\Spresiano.csv,1/18/2019 12:00:00 AM,7.4,1.5,7,11,100,66,-49.848736,-2.9499998,0,0,0,0,0,0,0,0,0,0,0,0,0,0,0,0,0,0,0,0,0,0,0,0,0,-14.645414579489193,0,0,0,0,1.4575278064258346,1.0127274999999898,0.002,0,0,0.0016284739354831858,0.20120230686366627,0.000708290369164304,0
..\..\..\files\weather\hourly\Spresiano.csv,1/19/2019 12:00:00 AM,7.2,3.7,3.8,10,100,65,-51.598736,-1.7499998,0,0,0,0,0,0,0,0,0,0,0,0,0,0,0,0,0,0,0,0,0,0,0,0,0,-14.645414579489193,-3.6166666746139526,0,0,0,2.291896033372783,0,0,0,0,0.0015882012681525356,0.2328616720555981,0.0008215995814480305,0
..\..\..\files\weather\hourly\Spresiano.csv,1/20/2019 12:00:00 AM,5.3,-1.3,0,0,93,56,-53.726765,-2.1280303,0,0,0,0,0,0,0,0,0,0,0,0,0,0,0,0,0,0,0,0,0,0,0,0,0,-14.645414579489193,-10.433333396911621,0,0,0,0.00667,1.036786499999998,0,0,0,0.0012689613162352462,0.2572358307709706,0.0009191338140095987,0
..\..\..\files\weather\hourly\Spresiano.csv,1/21/2019 12:00:00 AM,6.7,-3.8,0,0,100,48,-55.864384,-2.1376188,0,0,0,0,0,0,0,0,0,0,0,0,0,0,0,0,0,0,0,0,0,0,0,0,0,-29.290829158978386,-10.433333396911621,0,0,0,0.00667,1.039618500000003,0,0,0,0.0012833074629881942,0.2625610430206187,0.0009417157666394069,0
..\..\..\files\weather\hourly\Spresiano.csv,1/22/2019 12:00:00 AM,6.3,-2,0,0,99,55,-58.25535,-2.390964,0,0,0,0,0,0,0,0,0,0,0,0,0,0,0,0,0,0,0,0,0,0,0,0,0,-29.290829158978386,-10.433333396911621,0,0,0,0.00667,0.18677850000000262,0,0,0,0.0014238664690002117,0.2815940268301081,0.0010263532060969455,0
..\..\..\files\weather\hourly\Spresiano.csv,1/23/2019 12:00:00 AM,7.2,-2.2,0,0,89,41,-61.012794,-2.7574468,0,0,0,0,0,0,0,0,0,0,0,0,0,0,0,0,0,0,0,0,0,0,0,0,0,-29.290829158978386,-10.433333396911621,0,0,0,0.00667,0,0,0,0,0.0012273101044440902,0.29258087999367366,0.0010781080936065716,0
..\..\..\files\weather\hourly\Spresiano.csv,1/24/2019 12:00:00 AM,2.6,-0.5,0.6,5,100,83,-62.10312,-1.0903225,0,0,0,0,0,0,0,0,0,0,0,0,0,0,0,0,0,0,0,0,0,0,0,0,0,-29.290829158978386,-10.433333396911621,0,0,0,0.12339360864138221,0.8785384999999977,0,0,0,0.0009562468619316617,0.30869258241514635,0.001158024746108416,0
..\..\..\files\weather\hourly\Spresiano.csv,1/25/2019 12:00:00 AM,9.3,-1.8,0,0,96,42,-65.99906,-3.895946,0,0,0,0,0,0,0,0,0,0,0,0,0,0,0,0,0,0,0,0,0,0,0,0,0,-29.290829158978386,-20.450000047683716,0,0,0,0.00667,1.0690024999999963,0,0,0,0.0014071622985929214,0.3220746108743347,0.0012281874495740652,0
..\..\..\files\weather\hourly\Spresiano.csv,1/26/2019 12:00:00 AM,7.4,-3.6,0,0,99,35,-68.48815,-2.489091,0,0,0,0,0,0,0,0,0,0,0,0,0,0,0,0,0,0,0,0,0,0,0,0,0,-29.290829158978386,-20.450000047683716,0,0,0,0.00667,1.0690024999999963,0,0,0,0.0011622320154474582,0.3269105466032369,0.001254416822687312,0
..\..\..\files\weather\hourly\Spresiano.csv,1/27/2019 12:00:00 AM,5.7,-3.9,0,0,97,45,-70.180336,-1.6921873,0,0,0,0,0,0,0,0,0,0,0,0,0,0,0,0,0,0,0,0,0,0,0,0,0,-29.290829158978386,-20.450000047683716,0,0,0,0.00667,1.0690024999999963,0,0,0,0.001213872650300547,0.33473364342159745,0.001297856366155433,0
..\..\..\files\weather\hourly\Spresiano.csv,1/28/2019 12:00:00 AM,3.6,-3.6,3.4,8,100,63,-71.08034,-0.9,0,0,0,0,0,0,0,0,0,0,0,0,0,0,0,0,0,0,0,0,0,0,0,0,0,-29.290829158978386,-20.450000047683716,0,0,0,0.670235291006914,1.039618500000003,0,0,0,0.0010572570392331792,0.34865364256306564,0.0013783128647271597,0
..\..\..\files\weather\hourly\Spresiano.csv,1/29/2019 12:00:00 AM,6.9,0.3,0,16,100,71,-74.38034,-3.3000002,0,0,0,0,0,0,0,0,0,0,0,0,0,0,0,0,0,0,0,0,0,0,0,0,0,-29.290829158978386,-27.666666626930237,0,0,0,0.670235291006914,1.039618500000003,0,0,0,0.0015304705786659098,0.37354182516206597,0.0015327217906985898,0
..\..\..\files\weather\hourly\Spresiano.csv,1/30/2019 12:00:00 AM,8.6,-2.2,0,5,99,45,-77.80441,-3.4240744,0,0,0,0,0,0,0,0,0,0,0,0,0,0,0,0,0,0,0,0,0,0,0,0,0,-29.290829158978386,-27.666666626930237,0,0,0,0.00667,0.5048235000000005,0,0,0,0.001213872650300547,0.38181185442207916,0.001587163943948118,0
..\..\..\files\weather\hourly\Spresiano.csv,1/31/2019 12:00:00 AM,5.6,-2.5,0,0,97,55,-79.74021,-1.9358023,0,0,0,0,0,0,0,0,0,0,0,0,0,0,0,0,0,0,0,0,0,0,0,0,0,-36.91221426212306,-27.666666626930237,0,0,0,0.00667,0.18677850000000262,0,0,0,0.0013127238760483064,0.39853566434679083,0.0017022623393166858,0
..\..\..\files\weather\hourly\Spresiano.csv,2/1/2019 12:00:00 AM,7.9,1.1,0,1,92,44,-83.14021,-3.4,0,0,0,0,0,0,0,0,0,0,0,0,0,0,0,0,0,0,0,0,0,0,0,0,0,-36.91221426212306,-27.666666626930237,9.300487282229079E-14,0,0,0.00667,0.8194314999999932,0,0,0,0.0013907440177368276,0.4163478931585429,0.0018325123371271753,0
..\..\..\files\weather\hourly\Spresiano.csv,2/2/2019 12:00:00 AM,9.1,2.6,40.8,24,100,95,-86.39021,-3.2500005,0,0,0,0,0,0,0,0,0,0,0,0,0,0,0,0,0,0,0,0,0,0,0,0,0,-36.91221426212306,-27.666666626930237,1.627578871295508E-13,9.300487282229079E-14,0.021031563965584765,3,1.0127274999999898,0.002,0.06313675502468546,0,0.0020399965397414153,0.4484008595888066,0.0020880341049979495,0
..\..\..\files\weather\hourly\Spresiano.csv,2/3/2019 12:00:00 AM,9.8,6.9,22.8,20,100,95,-87.84021,-1.4500003,0,0,0,0,0,0,0,0,0,0,0,0,0,0,0,0,0,0,0,0,0,0,0,0,0,-36.91221426212306,-27.666666626930237,2.831309705711991E-13,2.557627599518416E-13,0,3,1.039618500000003,0.002,0,0,0.002254280029667379,0.49425015063417094,0.002504921796278508,0
..\..\..\files\weather\hourly\Spresiano.csv,2/4/2019 12:00:00 AM,8.3,4.9,16.4,18,100,96,-89.54021,-1.7000003,0,0,0,0,0,0,0,0,0,0,0,0,0,0,0,0,0,0,0,0,0,0,0,0,0,-36.91221426212306,-27.666666626930237,4.896003350219811E-13,5.388937305230407E-13,0,3,1.039618500000003,0,0,0,0.0018294894930725907,0.5307361802624345,0.0028842734035618017,0
..\..\..\files\weather\hourly\Spresiano.csv,2/5/2019 12:00:00 AM,11.2,0.9,0,9,100,38,-94.6203,-5.0800967,0,0,0,0,0,0,0,0,0,0,0,0,0,0,0,0,0,0,0,0,0,0,0,0,0,-36.91221426212306,-27.666666626930237,8.415986480594797E-13,1.0284940655450218E-12,0,0.3182911799294487,1.008951499999995,0,0,0,0.001691735827573539,0.550883471802789,0.003113391910254534,0
..\..\..\files\weather\hourly\Spresiano.csv,2/6/2019 12:00:00 AM,12.4,-0.8,0,0,99,33,-100.66273,-6.0424237,0,0,0,0,0,0,0,0,0,0,0,0,0,0,0,0,0,0,0,0,0,0,0,0,0,-36.91221426212306,-27.666666626930237,1.4380611251953938E-12,1.8700927136045015E-12,0,0.00667,0.8785384999999977,0,0,0,0.0015882012681525356,0.5631778965933228,0.0032604548717496827,0
..\..\..\files\weather\hourly\Spresiano.csv,2/7/2019 12:00:00 AM,13,0.4,0,0,94,34,-100.30559,-5.942857,0.35714284,0,0,0,0,0,0,0,0,0,0,0,0,0,0,0,0,0,0,0,0,0,0,0,0,-36.91221426212306,-27.666666626930237,2.442635460394366E-12,3.3081538387998953E-12,0,0.00667,1.036786499999998,0,0,0,0.0015119084059916806,0.5785967128310914,0.003452948465334709,0
..\..\..\files\weather\hourly\Spresiano.csv,2/8/2019 12:00:00 AM,11.5,-1.2,0,0,97,36,-100.217,-5.2952757,0.08858268,0,0,0,0,0,0,0,0,0,0,0,0,0,0,0,0,0,0,0,0,0,0,0,0,-36.91221426212306,-27.666666626930237,4.124287796706536E-12,5.750789299194261E-12,0,0.00667,0.3006114999999987,0,0,0,0.0016284739354831858,0.5932602011457725,0.0036446016244881694,0
..\..\..\files\weather\hourly\Spresiano.csv,2/9/2019 12:00:00 AM,13.8,2.2,0,0,92,37,-99.59459,-5.1775866,0.6224138,0,0,0,0,0,0,0,0,0,0,0,0,0,0,0,0,0,0,0,0,0,0,0,0,-36.91221426212306,-27.666666626930237,6.922265667962679E-12,9.875077095900797E-12,0,0.00667,1.008951499999995,0,0,0,0.0015882012681525356,0.6115746654957146,0.0038961660029499592,0
..\..\..\files\weather\hourly\Spresiano.csv,2/10/2019 12:00:00 AM,11.1,0.4,0,0,98,46,-99.53805,-5.293458,0.05654209,0,0,0,0,0,0,0,0,0,0,0,0,0,0,0,0,0,0,0,0,0,0,0,6.877326844159953,-30.034887417963105,-27.666666626930237,1.154932378666428E-11,1.6797342763863478E-11,0,0.00667,1.0690024999999963,0,0,0,0.0018540273692963535,0.6329376321152712,0.004207409209448358,0
..\..\..\files\weather\hourly\Spresiano.csv,2/11/2019 12:00:00 AM,8.3,3,6.6,14,100,74,-99.53805,-2.65,0,0,0,0,0,0,0,0,0,0,0,0,0,0,0,0,0,0,0,0,0,0,0,0,0,-30.034887417963105,-27.666666626930237,1.915463343797197E-11,2.8346666550527758E-11,0,1.5366510901547565,1.039618500000003,0.002,0,0,0.0018294894930725907,0.6658822952474037,0.004726972956745994,0
..\..\..\files\weather\hourly\Spresiano.csv,2/12/2019 12:00:00 AM,10.1,2.2,0,15,100,62,-99.537415,-3.949367,0.00063291617,0,0,0,0,0,0,0,0,0,0,0,0,0,0,0,0,0,0,0,0,0,0,0,0,-30.034887417963105,-27.666666626930237,3.157912758245776E-11,4.7501299988499726E-11,0,1.7744509236553192,0,0,0,0,0.002356165342541492,0.7003080481349057,0.005324457074372799,0
..\..\..\files\weather\hourly\Spresiano.csv,2/13/2019 12:00:00 AM,11.3,-0.8,0,0,96,42,-99.46758,-5.346281,0.06983473,0,0,0,0,0,0,0,0,0,0,0,0,0,0,0,0,0,0,0,0,0,0,0,0,-30.034887417963105,-27.666666626930237,5.17529850724452E-11,7.908042757095748E-11,0,0.00667,0.6777634999999975,0,0,0,0.0019045611135793108,0.7188882631894707,0.00567146792922478,0
..\..\..\files\weather\hourly\Spresiano.csv,2/14/2019 12:00:00 AM,11.6,0,0,0,97,45,-99.35724,-5.6896553,0.11034487,0,0,0,0,0,0,0,0,0,0,0,0,0,0,0,0,0,0,0,0,0,0,0,0,-30.034887417963105,-27.666666626930237,8.431011382710101E-11,1.3083341264340267E-10,0,0.00667,1.0699464999999933,0,0,0,0.001493673844397198,0.7325057000107297,0.005937197455429334,0
..\..\..\files\weather\hourly\Spresiano.csv,2/15/2019 12:00:00 AM,11.5,-1,0,6,100,46,-99.26724,-5.38,0.09,0,0,0,0,0,0,0,0,0,0,0,0,0,0,0,0,0,0,0,0,0,0,0,0,-30.034887417963105,-27.666666626930237,1.365315249254617E-10,2.1514352647050367E-10,0,0.00667,1.0568034999999938,0,0,0,0.001691735827573539,0.7470069908758823,0.006231099806143509,0
..\..\..\files\weather\hourly\Spresiano.csv,2/16/2019 12:00:00 AM,15.1,0.1,0,0,96,35,-98.400246,-6.6330004,0.86700016,0,0,0,0,0,0,0,0,0,0,0,0,0,0,0,0,0,0,0,0,0,0,0,0,-30.034887417963105,-27.666666626930237,2.1978355833277863E-10,3.5167505139596535E-10,0,0.00667,1.0733834999999985,0,0,0,0.001781811520614019,0.7622564518952819,0.006552653815013038,0
..\..\..\files\weather\hourly\Spresiano.csv,2/17/2019 12:00:00 AM,15.3,-0.2,0,0,100,35,-97.49412,-8.457419,0.9061291,0,0,0,0,0,0,0,0,0,0,0,0,0,0,0,0,0,0,0,0,0,0,0,0,-30.034887417963105,-27.666666626930237,3.516952106263286E-10,5.714586097287439E-10,0,0.00667,1.039618500000003,0,0,0,0.0017586486824907532,0.77824783481769,0.00690399345668812,0
..\..\..\files\weather\hourly\Spresiano.csv,2/18/2019 12:00:00 AM,16.4,0.3,0,0,99,31,-96.22207,-6.77795,1.2720495,0,0,0,0,0,0,0,0,0,0,0,0,0,0,0,0,0,0,0,0,0,0,0,0,-30.034887417963105,-27.666666626930237,5.594312237210911E-10,9.231538203550726E-10,0,0.00667,1.039618500000003,0,0,0,0.002011814987055983,0.7939586240444181,0.007263668657144542,0
..\..\..\files\weather\hourly\Spresiano.csv,2/19/2019 12:00:00 AM,14.7,-0.5,0,11,100,43,-95.49542,-7.834868,0.7266447,0,0,0,0,0,0,0,0,0,0,0,0,0,0,0,0,0,0,0,0,0,0,0,0,-30.034887417963105,-27.666666626930237,8.845776137472916E-10,1.4825850440761636E-09,0,0.00667,1.0127274999999898,0,0,0,0.001735922182274986,0.8094695362710271,0.007633263131115907,0
..\..\..\files\weather\hourly\Spresiano.csv,2/20/2019 12:00:00 AM,7.7,-1.6,0,11,100,84,-95.49542,-3.1876342,0,0,0,0,0,0,0,0,0,0,0,0,0,0,0,0,0,0,0,0,0,0,0,0,6.770388216985277,-23.264499200977827,-27.666666626930237,1.390382141185003E-09,2.367162657823455E-09,0,0.00667,0.9732984999999914,0,0,0,0.001691735827573539,0.8328659111801089,0.008218867622982943,0
..\..\..\files\weather\hourly\Spresiano.csv,2/21/2019 12:00:00 AM,10.9,2,0,5,99,56,-95.44991,-4.4044943,0.04550558,0,0,0,0,0,0,0,0,0,0,0,0,0,0,0,0,0,0,0,0,0,0,0,0,-23.264499200977827,-27.666666626930237,2.1724080905576115E-09,3.757544799008458E-09,0,0.00667,1.039618500000003,0,0,0,0.002254280029667379,0.8606189978734556,0.008959030073549826,0
..\..\..\files\weather\hourly\Spresiano.csv,2/22/2019 12:00:00 AM,14.9,-0.4,0,12,100,42,-94.665276,-8.039869,0.78464043,0,0,0,0,0,0,0,0,0,0,0,0,0,0,0,0,0,0,0,0,0,0,0,0,-23.264499200977827,-27.666666626930237,3.3740975653668682E-09,5.929952889566069E-09,0,0.00667,1.0127274999999898,0,0,0,0.0028838639371310936,0.8801641197137017,0.009511086700958488,0
..\..\..\files\weather\hourly\Spresiano.csv,2/23/2019 12:00:00 AM,16.1,-0.3,0,11,100,44,-93.53082,-9.037196,1.1344514,0,0,0,0,0,0,0,0,0,0,0,0,0,0,0,0,0,0,0,0,0,0,0,0,-23.264499200977827,-27.666666626930237,5.209341823931338E-09,9.304050454932937E-09,0,0.00667,0.9732984999999914,0,0,0,0.002189854849221603,0.9011473141726114,0.010133128697696362,0
..\..\..\files\weather\hourly\Spresiano.csv,2/24/2019 12:00:00 AM,8.7,0.5,0,0,88,27,-93.53082,-4.1,0,0,0,0,0,0,0,0,0,0,0,0,0,0,0,0,0,0,0,0,0,0,0,0,0,-23.264499200977827,-27.666666626930237,7.994974246216498E-09,1.4513392278864275E-08,0,0.00667,0,0,0,0,0.001493673844397198,0.9155117074420291,0.010576990754745642,0
..\..\..\files\weather\hourly\Spresiano.csv,2/25/2019 12:00:00 AM,8.6,-2.8,0,0,84,31,-93.53082,-3.2438598,0,0,0,0,0,0,0,0,0,0,0,0,0,0,0,0,0,0,0,0,0,0,0,0,0,-23.264499200977827,-27.666666626930237,1.2197203698762437E-08,2.2508366525080773E-08,0,0.00667,0.3006114999999987,0,0,0,0.0013278047783328846,0.9234336629404027,0.010828187905409275,0
..\..\..\files\weather\hourly\Spresiano.csv,2/26/2019 12:00:00 AM,16.2,-1.7,0,0,91,27,-92.45708,-8.4044695,1.0737432,0,0,0,0,0,0,0,0,0,0,0,0,0,0,0,0,0,0,0,0,0,0,0,0,-23.264499200977827,-27.666666626930237,1.849747626400287E-08,3.470557022384321E-08,0,0.00667,0.6777634999999975,0,0,0,0.0017136213492102324,0.9326952913547519,0.011127730788237911,0
..\..\..\files\weather\hourly\Spresiano.csv,2/27/2019 12:00:00 AM,16.4,2.5,0,0,92,36,-90.983696,-5.476619,1.4733812,0,0,0,0,0,0,0,0,0,0,0,0,0,0,0,0,0,0,0,0,0,0,0,0,-23.264499200977827,-27.666666626930237,2.7885194295204512E-08,5.320304648784608E-08,0,0.00667,0,0,0,0,0.002128057831466768,0.9525412153231232,0.011791271605437534,0
..\..\..\files\weather\hourly\Spresiano.csv,2/28/2019 12:00:00 AM,21.9,4.1,0,1,99,17,-87.00589,-4.9221907,3.9778087,0,0,0,0,0,0,0,0,0,0,0,0,0,0,0,0,0,0,0,0,0,0,0,0,-23.264499200977827,-27.666666626930237,4.178725711086698E-08,8.10882407830506E-08,0,0.00667,1.039618500000003,0,0,0,0.002662572989179135,0.9755576272410068,0.012598760443056934,0
..\..\..\files\weather\hourly\Spresiano.csv,3/1/2019 12:00:00 AM,16.4,1.8,0,10,100,32,-85.60315,-5.8972597,1.4027396,0,0,0,0,0,0,0,0,0,0,0,0,0,0,0,0,0,0,0,0,0,0,0,0,-23.264499200977827,-27.666666626930237,6.224766282798272E-08,1.2287549789391757E-07,0,0.00667,1.039618500000003,0,0,0,0.0020399965397414153,0.9931572673327026,0.013244481161870623,0
..\..\..\files\weather\hourly\Spresiano.csv,3/2/2019 12:00:00 AM,13,1.4,0,12,100,58,-85.21522,-5.412069,0.38793102,0,0,0,0,0,0,0,0,0,0,0,0,0,0,0,0,0,0,0,0,0,0,0,5.715421776895259,-17.54907742408257,-27.666666626930237,9.217459303112015E-08,1.8512316072190027E-07,0,0.00667,1.0127274999999898,0,0,0,0.002837556798434005,1.017027340904636,0.01416055039700332,0
..\..\..\files\weather\hourly\Spresiano.csv,3/3/2019 12:00:00 AM,15.7,2.1,0,13,100,45,-84.02073,-5.6055145,1.1944852,0,0,0,0,0,0,0,0,0,0,0,0,0,0,0,0,0,0,0,0,0,0,0,0,-17.54907742408257,-27.666666626930237,1.356776778405438E-07,2.772977537530204E-07,0,0.00667,1.039618500000003,0,0,0,0.003412313892100632,1.041476112796889,0.015148298295871158,0
..\..\..\files\weather\hourly\Spresiano.csv,3/4/2019 12:00:00 AM,16.8,2.8,0,9,100,34,-82.3693,-5.348571,1.6514283,0,0,0,0,0,0,0,0,0,0,0,0,0,0,0,0,0,0,0,0,0,0,0,0,-17.54907742408257,-27.666666626930237,1.9852470953799508E-07,4.129754315935642E-07,0,0.00667,1.0699464999999933,0,0,0,0.002931256752882745,1.0631072745713435,0.016065187719433077,0
..\..\..\files\weather\hourly\Spresiano.csv,3/5/2019 12:00:00 AM,9.5,4.6,1.8000001,18,100,79,-82.3693,-2.4500003,0,0,0,0,0,0,0,0,0,0,0,0,0,0,0,0,0,0,0,0,0,0,0,0,0,-17.54907742408257,-27.666666626930237,2.8875514480951E-07,6.115001411315592E-07,0,0.3573244499625816,1.0127274999999898,0,0,0,0.002158636467054675,1.1021488019420551,0.01782571848066606,0
..\..\..\files\weather\hourly\Spresiano.csv,3/6/2019 12:00:00 AM,14.9,3,0,15,100,48,-81.36047,-4.9411764,1.0088234,0,0,0,0,0,0,0,0,0,0,0,0,0,0,0,0,0,0,0,0,0,0,0,0,-17.54907742408257,-27.666666626930237,4.1749750719532054E-07,9.002552859410693E-07,0,0.3573244499625816,1.0127274999999898,0,0,0,0.0030802731473356464,1.1301846877029442,0.019176730824905317,0
..\..\..\files\weather\hourly\Spresiano.csv,3/7/2019 12:00:00 AM,15.2,3.7,0,11,100,50,-80.18482,-4.574348,1.175652,0,0,0,0,0,0,0,0,0,0,0,0,0,0,0,0,0,0,0,0,0,0,0,0,-17.54907742408257,-27.666666626930237,6.00049442826538E-07,1.3177527931363897E-06,0,0.00667,1.008951499999995,0,0,0,0.0034725236565674115,1.164447335872964,0.020929956209456316,0
..\..\..\files\weather\hourly\Spresiano.csv,3/8/2019 12:00:00 AM,14.1,7.2,0,5,100,76,-78.966705,-2.2318838,1.218116,0,0,0,0,0,0,0,0,0,0,0,0,0,0,0,0,0,0,0,0,0,0,0,0,-17.54907742408257,-27.666666626930237,8.572928095637943E-07,1.9178022359629276E-06,0,0.00667,1.0127274999999898,0,0,0,0.004676907099441197,1.228645615119262,0.024530649443502913,0
..\..\..\files\weather\hourly\Spresiano.csv,3/9/2019 12:00:00 AM,17.6,5.8,0.2,10,100,38,-76.51925,-3.4525428,2.4474578,0,0,0,0,0,0,0,0,0,0,0,0,0,0,0,0,0,0,0,0,0,0,0,0,-17.54907742408257,-27.666666626930237,1.217531818519025E-06,2.775095045526722E-06,0.004286596998400039,0.04555995657963896,0.5952024999999992,0,0,0,0.003240282403682738,1.2656576714151746,0.026801642897543478,0
..\..\..\files\weather\hourly\Spresiano.csv,3/10/2019 12:00:00 AM,16.6,5.2,0,0,98,50,-74.60872,-3.7894735,1.9105264,0,0,0,0,0,0,0,0,0,0,0,0,0,0,0,0,0,0,0,0,0,0,0,0,-17.54907742408257,-27.666666626930237,1.718859791841694E-06,3.992626864045747E-06,0,0.04555995657963896,1.0699464999999933,0,0,0,0.003296236238768378,1.294677110469222,0.028685791262874395,0
..\..\..\files\weather\hourly\Spresiano.csv,3/11/2019 12:00:00 AM,12.5,5.6,0,0,96,72,-74.15582,-2.9971018,0.45289853,0,0,0,0,0,0,0,0,0,0,0,0,0,0,0,0,0,0,0,0,0,0,0,0,-17.54907742408257,-27.666666626930237,2.412179262940585E-06,5.711486655887441E-06,0,0.00667,1.0690024999999963,0,0,0,0.0034725236565674115,1.3556695730820618,0.03295245659615674,0
..\..\..\files\weather\hourly\Spresiano.csv,3/12/2019 12:00:00 AM,16.8,4.2,0,6,100,16,-72.3209,-4.46508,1.8349203,0,0,0,0,0,0,0,0,0,0,0,0,0,0,0,0,0,0,0,0,0,0,0,0,-24.430496552256958,-27.666666626930237,3.3650203958751955E-06,8.123665918828026E-06,0,0.00667,0,0,0,0,0.0025808319439604615,1.3694822455617917,0.03397784726631312,0
..\..\..\files\weather\hourly\Spresiano.csv,3/13/2019 12:00:00 AM,15.7,2.2,0,0,74,15,-71.11757,-5.5466666,1.2033333,0,0,0,0,0,0,0,0,0,0,0,0,0,0,0,0,0,0,0,0,0,0,0,0,-24.430496552256958,-27.666666626930237,4.666323207729897E-06,1.1488686314703222E-05,0,0.00667,0,0,0,0,0.001440862877882065,1.3780271942326767,0.0346233228837295,0
..\..\..\files\weather\hourly\Spresiano.csv,3/14/2019 12:00:00 AM,11.7,1.7,0,0,94,49,-70.97307,-4.8555,0.14449997,0,0,0,0,0,0,0,0,0,0,0,0,0,0,0,0,0,0,0,0,0,0,0,0,-24.430496552256958,-27.666666626930237,6.432368644038239E-06,1.615500952243312E-05,0,0.00667,1.0568034999999938,0,0,0,0.0016284739354831858,1.3934181232329546,0.035807580153292544,0
..\..\..\files\weather\hourly\Spresiano.csv,3/15/2019 12:00:00 AM,12.1,0.6,0,4,100,48,-70.78133,-5.5582614,0.1917392,0,0,0,0,0,0,0,0,0,0,0,0,0,0,0,0,0,0,0,0,0,0,0,0,-24.430496552256958,-27.666666626930237,8.814060561550355E-06,2.2587378166471356E-05,0,0.00667,1.0127274999999898,0,0,0,0.0025808319439604615,1.418640820933556,0.03780911848047751,0
..\..\..\files\weather\hourly\Spresiano.csv,3/16/2019 12:00:00 AM,15.3,0.7,0,10,100,39,-69.81934,-6.3380136,0.96198636,0,0,0,0,0,0,0,0,0,0,0,0,0,0,0,0,0,0,0,0,0,0,0,0,-24.430496552256958,-27.666666626930237,1.2005773023414956E-05,3.140143872802171E-05,0,0.00667,1.0127274999999898,0,0,0,0.002662572989179135,1.4379445894846339,0.03939253481493007,0
..\..\..\files\weather\hourly\Spresiano.csv,3/17/2019 12:00:00 AM,16.8,2.9,0,11,100,45,-68.15604,-5.28669,1.6633091,0,0,0,0,0,0,0,0,0,0,0,0,0,0,0,0,0,0,0,0,0,0,0,0,-24.430496552256958,-27.666666626930237,1.625598242215948E-05,4.340721175143667E-05,0,0.00667,1.0127274999999898,0,0,0,0.0027480744976864967,1.4594664630061422,0.04121123357070977,0
..\..\..\files\weather\hourly\Spresiano.csv,3/18/2019 12:00:00 AM,14.4,5.7,0,7,100,72,-67.043396,-3.237356,1.1126435,0,0,0,0,0,0,0,0,0,0,0,0,0,0,0,0,0,0,0,0,0,0,0,0,-24.430496552256958,-27.666666626930237,2.187989873927709E-05,5.966319417359615E-05,0.2638456677941875,0.00667,1.0568034999999938,0,0.27883302518473296,0,0.004676907099441197,1.521348935334579,0.04675909570142798,0
..\..\..\files\weather\hourly\Spresiano.csv,3/19/2019 12:00:00 AM,10.3,2.8,12.6,7,100,69,-67.0374,-3.7440002,0.0060000075,0,0,0,0,0,0,1,0,0,0,0,0,0,0,1,0,0,0,0,0,0,0,0,0,-24.430496552256958,-27.666666626930237,2.927429121041263E-05,8.154309291287324E-05,0,2.4917193479029414,1.039618500000003,0,0,0,0.002427815626456659,1.5642611074366828,0.05088869016747195,1
..\..\..\files\weather\hourly\Spresiano.csv,3/20/2019 12:00:00 AM,12.2,3,0,0,99,38,-66.77435,-4.3369565,0.26304343,0,0,0,0,0,0,0,0,0,0,0,0,0,0,0,0,0,0,0,0,0,0,0,0,-24.430496552256958,-27.666666626930237,3.893466694050838E-05,0.00011081738412328587,0,2.4917193479029414,0.9732984999999914,0,0,0,0.0019571216156802533,1.58339032273305,0.052805221377049544,0
..\..\..\files\weather\hourly\Spresiano.csv,3/21/2019 12:00:00 AM,13.4,1.2,0,0,97,29,-66.30058,-5.626229,0.4737704,0,0,0,0,0,0,0,0,0,0,0,0,0,0,0,0,0,0,0,0,0,0,0,0,-24.430496552256958,-27.666666626930237,5.1474902588066714E-05,0.00014975205106379424,0,0.00667,0,0,0,0,0.0015686089880832515,1.5955583366535622,0.05404878005974947,0
..\..\..\files\weather\hourly\Spresiano.csv,3/22/2019 12:00:00 AM,16.2,2.1,0,0,79,23,-64.93746,-5.6868796,1.3631209,0,0,0,0,0,0,0,0,0,0,0,0,0,0,0,0,0,0,0,0,0,0,0,0,-29.407567352611302,-27.666666626930237,6.764934517812696E-05,0.00020122695365186094,0,0.00667,0,0,0,0,0.001735922182274986,1.6078122406553406,0.05532041478656292,0
..\..\..\files\weather\hourly\Spresiano.csv,3/23/2019 12:00:00 AM,19.4,3.2,0,0,81,17,-62.2103,-5.37284,2.7271605,0,0,0,0,0,0,0,0,0,0,0,0,0,0,0,0,0,0,0,0,0,0,0,0,-29.407567352611302,-27.666666626930237,8.837728488374607E-05,0.0002688762988299879,0,0.00667,0,0,0,0,0.0017136213492102324,1.618682415761203,0.056464711574518225,0
..\..\..\files\weather\hourly\Spresiano.csv,3/24/2019 12:00:00 AM,22.7,5.2,0,0,71,19,-57.602013,-4.1417146,4.6082864,0,0,0,0,0,0,0,0,0,0,0,0,0,0,0,0,0,0,0,0,0,0,0,0,-29.407567352611302,-27.666666626930237,0.00011476955752205661,0.000357253583713734,0.12340519363629367,0.00667,0,0,0,0,0.002254280029667379,1.6315722202452383,0.05784147597343436,0
..\..\..\files\weather\hourly\Spresiano.csv,3/25/2019 12:00:00 AM,23.3,6,0,0,87,23,-52.489586,-3.537572,5.1124277,0,0,0,0,0,0,0,0,0,0,0,0,0,0,0,0,0,0,0,0,0,0,0,0,-29.407567352611302,-27.666666626930237,0.00014815685611541173,0.0004720231412357906,0.1407479959237262,0.00667,0,0,0,0,0.0027480744976864967,1.6487968599818348,0.059714982862123386,0
..\..\..\files\weather\hourly\Spresiano.csv,3/26/2019 12:00:00 AM,19.6,6.5,5.3999996,4,91,32,-48.972027,-3.0324428,3.5175574,0,0,0,0,0,0,0,0,0,0,0,0,0,0,0,0,0,0,0,0,0,0,0,0,-29.407567352611302,-27.666666626930237,0.00019011911955197494,0.0006201799973512023,0,1.0629858870455478,0.18677850000000262,0,0,0,0.003797135744565161,1.6763770888969536,0.06279551262577214,1
..\..\..\files\weather\hourly\Spresiano.csv,3/27/2019 12:00:00 AM,15.5,4.4,0,0,86,21,-47.609413,-4.187387,1.3626126,0,0,0,0,0,0,0,0,0,0,0,0,0,0,0,0,0,0,0,0,0,0,0,0,-29.407567352611302,-27.666666626930237,0.00024251512487741313,0.0008102991169031772,0,1.0629858870455478,0.5952024999999992,0,0,0,0.0018294894930725907,1.6953033342810604,0.06496708640256328,0
..\..\..\files\weather\hourly\Spresiano.csv,3/28/2019 12:00:00 AM,15.1,3,0,0,89,27,-46.53462,-4.9752064,1.0747936,0,0,0,0,0,0,0,0,0,0,0,0,0,0,0,0,0,0,0,0,0,0,0,0,-29.407567352611302,-27.666666626930237,0.0003075111436689254,0.0010528142417805903,0,0.00667,0,0,0,0,0.0018294894930725907,1.7120607249257125,0.06692906496786173,0
..\..\..\files\weather\hourly\Spresiano.csv,3/29/2019 12:00:00 AM,15.7,2.8,0,0,91,29,-45.275314,-5.1906977,1.2593023,0,0,0,0,0,0,0,0,0,0,0,0,0,0,0,0,0,0,0,0,0,0,0,0,-29.407567352611302,-27.666666626930237,0.00038760724121632105,0.0013603253854495157,0,0.00667,0,0,0,0,0.002158636467054675,1.7301729300189002,0.06909119635719223,0
..\..\..\files\weather\hourly\Spresiano.csv,3/30/2019 12:00:00 AM,18,3.7,0,0,89,27,-43.03755,-4.912238,2.2377622,0,0,0,0,0,0,0,0,0,0,0,0,0,0,0,0,0,0,0,0,0,0,0,0,-29.407567352611302,-27.666666626930237,0.0004856595124293628,0.0017479326266658368,0,0.00667,0.3006114999999987,0,0,0,0.0023214783173925164,1.7483107032649394,0.07129966157759018,0
..\..\..\files\weather\hourly\Spresiano.csv,3/31/2019 12:00:00 AM,20,4.1,0,0,91,23,-39.8929,-4.805346,3.1446543,0,0,0,0,0,0,0,0,0,0,0,0,0,0,0,0,0,0,0,0,0,0,0,0,-29.407567352611302,-27.666666626930237,0.0006048962768189762,0.0022335921390951997,0,0.00667,0.5952024999999992,0,0,0,0.0028838639371310936,1.769657051029717,0.07395432283395284,0
..\..\..\files\weather\hourly\Spresiano.csv,4/1/2019 12:00:00 AM,22.2,3.3,0,0,90,20,-35.955334,-5.512434,3.937566,0,0,0,0,0,0,0,0,0,0,0,0,0,0,0,0,0,0,0,0,0,0,0,0,-32.85511600236986,-27.666666626930237,0.0007489260164616832,0.002838488415914176,0,0.00667,0,0,0,0,0.002254280029667379,1.7846944279699426,0.07586043389379823,0
..\..\..\files\weather\hourly\Spresiano.csv,4/2/2019 12:00:00 AM,22.9,7.8,0,0,72,22,-30.445068,-2.0397353,5.510265,0,0,0,0,0,0,0,0,0,0,0,0,0,0,0,0,0,0,0,0,0,0,1.3372277325859465,0,-31.517888269783914,-27.666666626930237,0.0009217346585479543,0.003587414432375859,0.7840636206869015,0.00667,0,0,0,0,0.002011814987055983,1.7901116001337825,0.07655440265945351,0
..\..\..\files\weather\hourly\Spresiano.csv,4/3/2019 12:00:00 AM,21.6,9.7,0,1,85,26,-24.791286,-0.29621792,5.653782,0,0,0,0,0,0,0,0,0,0,0,0,0,0,0,0,0,0,0,0,0,0,1.300493471058274,0,-30.217394798725643,-27.666666626930237,0.0011276697031621624,0.004509149090923813,0.49618346792295015,0.00667,0.5952024999999992,0,0.2953296405664093,0,0.0031856629874382945,1.8010795919207085,0.0779712922999803,0
..\..\..\files\weather\hourly\Spresiano.csv,4/4/2019 12:00:00 AM,16.3,10.8,3.4,11,95,51,-21.241287,0,3.5499992,0,0,0,0,0,0,0,0,0,0,0,0,0,0,0,0,0,0,0,0,0,0,0.33165317203046685,0,-29.885741626695175,-27.666666626930237,0.001371408703531342,0.005636818794085976,0.3172687565006287,0.7486421271044232,1.008951499999995,0.002,0.32010878777444246,0.7601374173492809,0.006117655628829422,1.866286016062579,0.08672125373708194,1
..\..\..\files\weather\hourly\Spresiano.csv,4/5/2019 12:00:00 AM,15,10.7,46.2,18,100,74,-18.391287,0,2.8500004,0,0,0,0,0,0,1,0,0,0,0,0,0,0,1,0,0,0,0,0,0,0,-0.46732259169670765,0,-30.353064218391882,-27.666666626930237,0.001657909745596384,0.007008227497617318,0.2994302468276264,3,1.039618500000003,0.002,0.8988896009765345,2.998697753436249,0.005617661929105107,1.9517135341061107,0.099023761927477,1
..\..\..\files\weather\hourly\Spresiano.csv,4/6/2019 12:00:00 AM,12.1,9.7,21.6,11,100,78,-17.472536,-0.28124964,0.91875017,0,0,0,0,0,0,1,0,0,0,1,0,0,0,1,0,0,0,1,0,0,0,-0.6277341462860613,0,-30.98079836467794,-27.666666626930237,0.001992341869170031,0.008666137243213702,0.12340519363629367,3,1.039618500000003,0,0.12829432230037355,3.9528153746941967,0.003240282403682738,2.0137554597883143,0.10854561004536813,1
..\..\..\files\weather\hourly\Spresiano.csv,4/7/2019 12:00:00 AM,14.6,8.6,0,1,100,56,-15.709203,-1.2366663,1.7633337,0,0,0,0,0,0,1,0,0,0,0,0,0,0,1,0,0,0,0,0,0,0,0.2926172828694991,0,-30.688181081808445,-27.666666626930237,0.002379993841925748,0.010658479112383733,0,2.012895556592984,1.039618500000003,0,0,3.9528153746941967,0.004012593522207451,2.05547111271949,0.11522001243754924,0
..\..\..\files\weather\hourly\Spresiano.csv,4/8/2019 12:00:00 AM,14.8,6.7,0,8,100,56,-14.286981,-2.627778,1.4222223,0,0,0,0,0,0,0,0,0,0,0,0,0,0,0,0,0,0,0,0,0,0,0.3451335273565208,0,-30.34304755445192,-27.666666626930237,0.002826160350385709,0.013038472954309481,0,0.00667,1.036786499999998,0,0,3.9528153746941967,0.00408819456442347,2.0907060181270527,0.12102473480019055,0
..\..\..\files\weather\hourly\Spresiano.csv,4/9/2019 12:00:00 AM,14.4,8,0.2,2,98,69,-12.774481,-1.6875,1.5124998,0,0,0,0,0,0,0,0,0,0,0,0,0,0,0,0,0,0,0,0,0,0,-0.10272711760031629,0,-30.445774672052238,-27.666666626930237,0.003336005509560675,0.01586463330469519,0.2638456677941875,0.04555995657963896,1.0586914999999948,0,0.2793311658055287,3.9528153746941967,0.004965035439009817,2.1564599266679787,0.1322572867646632,1
..\..\..\files\weather\hourly\Spresiano.csv,4/10/2019 12:00:00 AM,18.5,9,0.8,9,100,51,-8.971849,-0.9473684,3.8026316,0,0,0,0,0,0,0,0,0,0,0,0,0,0,0,0,0,0,0,0,0,0,0.5604932371164552,0,-29.885281434935784,-27.666666626930237,0.003914404603690009,0.019200638814255863,0.5140158513250828,0.201298902903533,1.036786499999998,0,0.5329246954398519,3.9528153746941967,0.0065316295609046185,2.211845486907634,0.1421108648967206,1
..\..\..\files\weather\hourly\Spresiano.csv,4/11/2019 12:00:00 AM,18.6,11,10.2,6,100,53,-4.1718493,0,4.8,0,0,0,0,0,0,1,0,0,0,0,0,0,0,1,0,0,0,0,0,0,0,0.6754598743271679,0,-29.209821560608617,-27.666666626930237,0.004565766129901995,0.023115043417945874,0.38881849714618344,2.4917193866551197,1.0127274999999898,0.002,1.0474733634725568,5.687751045776678,0.007305432218031838,2.269416022287001,0.15271851316776217,1
..\..\..\files\weather\hourly\Spresiano.csv,4/12/2019 12:00:00 AM,14.5,10.8,13,14,100,74,-1.5218496,0,2.6499996,0,0,0,0,0,0,1,0,0,0,0,0,0,0,1,0,0,0,0,0,0,0,-0.2622496966776303,0,-29.472071257286245,-27.666666626930237,0.0052938374854460965,0.02768080954784787,0.3172687565006287,3,0.9298275000000018,0,0.2950052146850889,7.795171838348755,0.005066436177596828,2.352638039131066,0.16867810054127094,1
..\..\..\files\weather\hourly\Spresiano.csv,4/13/2019 12:00:00 AM,13.9,9.6,0,0,99,56,0,-0.38139498,1.7686046,3.6294127,3.6294127,0.13442269,10.168028,10,1.8048831,1,0,0,0,0,0,0,0,1,0,0,0,0,0,0,0,0.45180065866763686,0,-29.02027059861861,-27.666666626930237,0.006101498963980892,0.03297464703329397,0.15815986787866676,1.0629859398376225,0,0,0,7.795171838348755,0.0031856629874382945,2.3872981081180087,0.17553196544590063,0
..\..\..\files\weather\hourly\Spresiano.csv,4/14/2019 12:00:00 AM,13.7,9,0.2,2,87,55,0,-0.8936175,1.4563829,2.905427,6.5348396,0.24203108,10.302539,10,1.9168636,0,0,0,0,0,0,0,0,0,0,0,0,0,0,0,0,0.4310864509429425,0,-28.589184147675667,-27.666666626930237,0.006990552040588604,0.03907614599727486,0.1061359477139448,0.04555995657963896,0.7525065000000026,0,0.07986799053840388,7.795171838348755,0.003412313892100632,2.4260951901685472,0.1833410034984423,1
..\..\..\files\weather\hourly\Spresiano.csv,4/15/2019 12:00:00 AM,13.9,8.1,0.2,2,86,53,0,-1.5887928,1.3112068,2.235022,8.769861,0.32480967,10.406013,10,2.0030055,0,0,0,0,0,0,0,0,0,0,0,0,0,0,0,0,0.40246327732183645,0,-28.18672087035383,-27.666666626930237,0.007961509151271261,0.046066698037863466,0.2107688025214582,0.08446782515981173,0,0,0,7.795171838348755,0.002792303379174842,2.460034694868008,0.1902865118727153,1
..\..\..\files\weather\hourly\Spresiano.csv,4/16/2019 12:00:00 AM,18.8,6.5,0,0,100,33,0,-3.0020325,3.147967,5.117249,13.88711,0.5143374,10.642921,10,2.200232,0,0,0,0,0,0,0,0,0,0,0,0,0,0,0,0,1.0732608792737153,0,-27.113459991080113,-27.666666626930237,0.009013393226008602,0.05402820718913473,0.38881849714618344,0.04555995657963896,0,0,0,7.795171838348755,0.0030802731473356464,2.4860469936349765,0.19567918677588148,0
..\..\..\files\weather\hourly\Spresiano.csv,4/17/2019 12:00:00 AM,18.9,8,0,0,99,33,0,-1.8165138,3.633486,6.2945724,20.181683,0.7474697,10.934338,10,2.442836,0,0,0,0,0,0,0,0,0,0,0,0,0,0,0,0,1.1099557736805554,0,-26.00350421739956,-27.666666626930237,0.010143556027928323,0.06304160041514334,0,0.00667,1.039618500000003,0,0,7.795171838348755,0.0028838639371310936,2.509186643776898,0.20052524719305237,0
..\..\..\files\weather\hourly\Spresiano.csv,4/18/2019 12:00:00 AM,20.8,6.5,0,3,99,31,0,-3.0716782,4.0783215,6.569133,26.750816,0.99077094,11.119232,11,2.5967607,0,0,0,0,0,0,0,0,0,0,0,0,0,0,0,0,1.170594860770067,0,-24.832909356629493,-27.666666626930237,0.011347524800922803,0.07318515644307166,0.6723970714585993,0.00667,0,0,0,7.795171838348755,0.0038671226057638334,2.535688181065343,0.206130132866241,0
..\..\..\files\weather\hourly\Spresiano.csv,4/19/2019 12:00:00 AM,21.1,8.2,0,0,80,29,0,-1.6744184,4.7755814,7.829705,34.58052,1.28076,11.300475,11,2.7476454,0,0,0,0,0,0,0,0,0,0,0,0,0,0,0,0,1.3124219652867297,0,-23.520487391342762,-27.666666626930237,0.01261888675988871,0.08453268124399446,0.8193642724323759,0.00667,0,0,0,7.795171838348755,0.0025808319439604615,2.548023563595513,0.20875836468771605,0
..\..\..\files\weather\hourly\Spresiano.csv,4/20/2019 12:00:00 AM,21.5,9.4,0,0,87,26,0,-0.5851245,5.4648757,8.708992,43.289513,1.6033152,12.001381,12,3.3330703,0,0,0,0,0,0,0,0,0,0,0,0,0,0,0,0,1.332834504894922,0,-22.187652886447843,-27.666666626930237,0.013949220513498234,0.09715156800388317,0.24610874406250013,0.00667,0,0,0,7.795171838348755,0.003412313892100632,2.5649429430115323,0.2123827941328537,0
..\..\..\files\weather\hourly\Spresiano.csv,4/21/2019 12:00:00 AM,24,8.6,0,0,85,21,0,-1.3363624,6.3636365,9.522806,52.812317,1.9560118,12.148338,12,3.6598055,0,0,0,0,0,0,0,0,0,0,0,0,0,0,0,0,1.408140727739435,0,-20.779512158708407,-27.666666626930237,0.015328082553139345,0.1111007885173814,0.6723970714585993,0.00667,0,0,0,7.795171838348755,0.0027048402575440703,2.579070012089323,0.21542598875764274,0
..\..\..\files\weather\hourly\Spresiano.csv,4/22/2019 12:00:00 AM,22.3,8.9,0,0,91,30,0,-1.054851,5.6451488,8.861503,61.67382,2.2842157,12.2850895,12,3.9638488,0,0,0,0,0,0,0,0,0,0,0,0,0,0,0,0,1.299251598440396,0,-19.48026056026801,-27.666666626930237,0.016743055465094824,0.12642887107052073,0,0.00667,0.9732984999999914,0,0,7.795171838348755,0.0036623826052995857,2.6073683388173823,0.22156686907126258,0
..\..\..\files\weather\hourly\Spresiano.csv,4/23/2019 12:00:00 AM,18.9,6.2,0.6,7,99,48,0,-3.2314959,3.1185036,4.9608335,66.63465,2.46795,13.0212345,13,5.600545,0,0,0,0,0,0,0,0,0,0,0,0,0,0,0,0,0.9099600542656563,0,-18.570300506002354,-27.666666626930237,0.018179862549393723,0.14317192653561556,0.8078508757402331,0.12339360864138221,0.5048235000000005,0,0.40782210656925,7.795171838348755,0.005277799303392242,2.6302797952326404,0.22658124328032536,1
..\..\..\files\weather\hourly\Spresiano.csv,4/24/2019 12:00:00 AM,13.8,11.6,62.6,24,100,83,0,0,2.7000008,5.1946645,71.829315,2.660345,13.081358,13,5.734219,1,0,0,0,1,1,0,0,1,0,0,0,1,1,0,0,-1.1056540892395317,0,-19.675954595241887,-27.666666626930237,0.019622551114835806,0.16135178908500927,0.7068219422480004,3,1.0127274999999898,0.002,2.1218794706284974,10.05253739826734,0.004411169412204812,2.711922893480964,0.2447364292926278,1
..\..\..\files\weather\hourly\Spresiano.csv,4/25/2019 12:00:00 AM,19,12.9,6.2000003,19,100,68,0,0,5.95,9.202467,81.031784,3.001177,13.187868,13,5.9710264,1,0,0,0,1,0,0,0,2,0,0,0,2,1,0,0,0.032194815372660904,0,-19.643759779869228,-27.666666626930237,0.021053743955521002,0.18097434019984507,0.7840636206869015,3,1.0127274999999898,0,0.794042790419186,13.78566089348496,0.011188886303012967,2.8412998174091917,0.27429752057133955,1
..\..\..\files\weather\hourly\Spresiano.csv,4/26/2019 12:00:00 AM,19.9,12.8,0.8,10,100,62,0,0,6.3500004,9.566902,90.59869,3.355507,14.038877,14,7.8631024,0,0,0,0,0,0,0,0,2,0,0,0,2,1,0,0,0.6656028037274488,0,-18.978156976141776,-27.666666626930237,0.02245495552041023,0.20202808415536608,0.8829414904505004,1.0629859369047292,1.039618500000003,0,0.9179223078899164,15.634137011146377,0.011188886303012967,2.930459331509817,0.29511775511176663,1
..\..\..\files\weather\hourly\Spresiano.csv,4/27/2019 12:00:00 AM,17.7,8,14.6,13,100,76,0,-1.7938144,3.056186,5.4237685,96.02245,3.5563872,14.089097,14,7.974759,1,0,1,0,0,1,0,0,3,0,1,0,2,2,0,0,0.017218743638396546,0,-18.96093823250338,-27.666666626930237,0.023806966209844873,0.22448303967577632,0,3,1.0127274999999898,0,0,15.634137011146377,0.010404613976314077,3.06475592749872,0.3269600859080918,1
..\..\..\files\weather\hourly\Spresiano.csv,4/28/2019 12:00:00 AM,20.6,6.4,0.2,6,100,32,0,-3.1436617,3.9563382,6.3639345,102.38639,3.7920885,14.148022,14,8.105768,1,0,0,0,0,1,0,0,4,0,1,0,2,3,0,0,1.0373687868853279,0,-17.923569445618053,-27.666666626930237,0.025090245235011598,0.2482900058856212,0.5140158513250828,2.852529953084342,0.5048235000000005,0,0.2594872811214082,15.634137011146377,0.004411169412204812,3.094758940609081,0.3341289979579725,1
..\..\..\files\weather\hourly\Spresiano.csv,4/29/2019 12:00:00 AM,12.4,7,46,17,98,78,0,-2.1666665,0.53333324,0,102.38639,3.7920885,14.148022,14,8.105768,1,0,0,0,0,1,0,0,5,0,1,0,2,4,0,0,-1.2116765918073498,0,-19.135246037425404,-27.666666626930237,0.026285409729525422,0.2733802511206328,0,3,1.0586914999999948,0.002,0,15.634137011146377,0.003412313892100632,3.1497315862941857,0.34729711962209714,1
..\..\..\files\weather\hourly\Spresiano.csv,4/30/2019 12:00:00 AM,14.8,7.3,17.2,8,100,62,0,-2.214,1.536,2.3331118,104.719505,3.8785002,14.169625,14,8.153801,1,0,0,0,0,0,0,0,6,0,1,0,2,4,0,0,-0.03156912377131186,0,-19.166815161196716,-27.666666626930237,0.02737370547516887,0.2996656608501582,0,3,1.039618500000003,0,0,15.634137011146377,0.004497389867136026,3.196548864776451,0.35853392305440357,0
..\..\..\files\weather\hourly\Spresiano.csv,5/1/2019 12:00:00 AM,18.2,6.6,0.2,11,100,51,0,-2.9017243,2.8982763,4.7221885,109.441696,4.053396,17.000187,17,12.6318245,1,0,0,0,0,0,0,0,7,0,1,0,2,4,0,0,0.5081884093541318,0,-18.658626751842583,-27.666666626930237,0.028337492850491308,0.3270393663253271,0.004286596998400039,0.3182911799294487,1.0127274999999898,0,0,15.634137011146377,0.004965035439009817,3.2371414757731523,0.3682842822794501,1
..\..\..\files\weather\hourly\Spresiano.csv,5/2/2019 12:00:00 AM,21.3,7.8,0,7,100,40,0,-2.02074,4.729259,7.7118573,117.15356,4.3390207,27.00535,27,25.796513,0,0,0,0,0,0,0,0,7,0,1,0,2,4,0,0,1.069985521234161,0,-17.588641230608424,-27.666666626930237,0.029160720559910324,0.3553768591758184,0.4604444841547959,0.04555995657963896,0.9732984999999914,0,0.44814992576113266,15.634137011146377,0.005066436177596828,3.2713047044606487,0.3764903715020183,0
..\..\..\files\weather\hourly\Spresiano.csv,5/3/2019 12:00:00 AM,21.7,8.6,0,4,100,42,0,-1.3251905,5.2248096,8.392356,125.54591,4.6498485,39.00392,39,41.584106,0,0,0,0,0,0,0,0,7,0,1,0,2,4,0,0,1.0833000159411472,0,-16.505341214667276,-27.666666626930237,0.029829369444961815,0.3845375797357287,0.7335267383413079,0.00667,0.8194314999999932,0,0.6010749154891204,15.634137011146377,0.005501201530539894,3.3083852543676593,0.38539229686903387,0
..\..\..\files\weather\hourly\Spresiano.csv,5/4/2019 12:00:00 AM,17.1,12.3,3.4,6,100,66,0,0,4.700001,7.8879604,133.43387,4.941995,50.004234,50,56.0582,0,0,1,1,0,1,0,0,7,0,2,1,2,5,0,0,-0.21824770335663643,0,-16.72358891802391,-27.666666626930237,0.03033184926756314,0.41436694918069056,0.5849712953396995,0.6702352793287238,1.0127274999999898,0,0.5924165175011296,16.27895646254892,0.005860612449866011,3.3929491423478635,0.4056483093277927,1
..\..\..\files\weather\hourly\Spresiano.csv,5/5/2019 12:00:00 AM,15.5,11.2,5,7,100,72,0,0,3.3500004,6.1543937,139.58826,5.1699357,53.02549,53,60.12745,0,0,1,1,0,1,0,0,7,0,3,2,2,6,0,0,-0.575231854066161,0,-17.29882077209007,-27.666666626930237,0.030659332787891538,0.4446987984482537,0.5672997310311851,1.6554703999457208,0.8785384999999977,0,0.4983946547505395,17.445635515995285,0.005987317765432713,3.478733108061061,0.42608520101285485,1
..\..\..\files\weather\hourly\Spresiano.csv,5/6/2019 12:00:00 AM,12.1,7.5,23.4,21,99,69,0,-1.8206522,0.47934797,0,139.58826,5.1699357,53.02549,53,60.12745,1,0,0,0,0,1,0,0,8,0,3,2,2,7,0,0,-0.889101939369533,0,-18.187922711459606,-27.666666626930237,0.030806013686324425,0.47535813123614523,0,3,0.9732984999999914,0,0,17.445635515995285,0.003240282403682738,3.529233572320088,0.43804145578909953,1
..\..\..\files\weather\hourly\Spresiano.csv,5/7/2019 12:00:00 AM,16.6,7.4,0,0,90,37,0,-2.2326086,2.3673913,4.061367,143.64963,5.3203564,53.048054,53,60.24027,0,0,0,0,0,0,0,0,8,0,3,2,2,7,0,0,0.984933525635829,0,-17.202989185823775,-27.666666626930237,0.030769277800409268,0.5061641449224696,0.4067305133767417,2.6519005299886342,0,0,0,17.445635515995285,0.0031323391049276825,3.5530484099995556,0.44365657172170947,0
..\..\..\files\weather\hourly\Spresiano.csv,5/8/2019 12:00:00 AM,13.7,8.7,2,7,100,62,0,-1.1310002,1.3689998,2.622635,146.27226,5.417491,53.062622,53,60.31311,0,0,0,0,0,0,0,0,8,0,3,2,2,7,0,0,0.1102234872632704,0,-17.092765698560505,-27.666666626930237,0.030549780620847525,0.5369334227228789,0.05480893169436565,0.3963756058204115,1.0127274999999898,0,0.055506512372505125,17.445635515995285,0.0036623826052995857,3.5906465094936344,0.45248788542672397,1
..\..\..\files\weather\hourly\Spresiano.csv,5/9/2019 12:00:00 AM,15.8,9.8,5.2000003,11,100,50,0,-0.19666648,2.8033335,5.34792,151.62018,5.6155624,53.092335,53,60.461674,0,0,1,1,0,0,0,0,8,0,4,3,2,7,0,0,0.07689561639565254,0,-17.015870082164852,-27.666666626930237,0.030151427836576053,0.5674832033437265,0.2994302468276264,1.338977179545076,1.0127274999999898,0.002,0.4133563134649386,18.318447259002276,0.005387947968721866,3.641978545113316,0.46447208339080703,1
..\..\..\files\weather\hourly\Spresiano.csv,5/10/2019 12:00:00 AM,17.3,10.3,12,10,100,55,0,0,3.7999992,6.77004,158.39021,5.866304,53.129944,53,60.64972,1,0,1,1,0,1,1,0,9,0,5,4,2,8,1,0,0.20382245222344927,0,-16.8120476299414,-27.666666626930237,0.0295812597357341,0.5976346311803026,0.720291797694224,3,1.039618500000003,0,0.7488286782811748,20.554339953310244,0.005277799303392242,3.698089023814554,0.4774648614145628,0
..\..\..\files\weather\hourly\Spresiano.csv,5/11/2019 12:00:00 AM,19.5,11.8,0.4,7,100,56,0,0,5.6499996,8.911486,167.3017,6.196359,53.179455,53,60.897274,0,0,0,1,0,1,0,0,9,0,5,5,2,9,1,0,0.8005856653686161,0,-16.011461964572785,-27.666666626930237,0.02884924424307727,0.6272158909160367,0.8416166261711313,0.7094297457525292,1.0586914999999948,0,0.8910123683860499,21.71934460715654,0.007473914878106473,3.7618084217602017,0.4920691744460631,1
..\..\..\files\weather\hourly\Spresiano.csv,5/12/2019 12:00:00 AM,19.1,11.3,19,6,100,61,0,0,5.200001,8.446212,175.74791,6.509182,53.226376,53,61.131878,1,0,1,1,0,0,0,0,10,0,6,6,2,9,1,0,0.7005581357300116,0,-15.310903828842772,-27.666666626930237,0.02796798709449164,0.6560651351591139,0.4783244392312507,3,1.008951499999995,0,0.48260616044902677,24.583224981541402,0.006251742673270176,3.821281202362084,0.5055420434293787,1
..\..\..\files\weather\hourly\Spresiano.csv,5/13/2019 12:00:00 AM,14.5,10.4,26.8,14,100,63,0,0,2.4499998,4.802278,180.55019,6.6870437,54.002445,54,65.01222,1,0,1,1,1,1,0,0,11,0,7,7,3,10,1,0,-0.4933529957709538,0,-15.804256824613727,-27.666666626930237,0.02695237092134108,0.6840331222536056,0.8416166261711313,3,0,0,0,26.78499480236389,0.004327208398154079,3.8840641245012093,0.5195852632787953,1
..\..\..\files\weather\hourly\Spresiano.csv,5/14/2019 12:00:00 AM,18.4,12.9,1.6,8,94,53,0,0,5.6499996,8.911486,189.46167,7.017099,54.042053,54,65.210266,1,0,0,1,0,1,0,0,12,0,7,8,3,11,1,0,0.7445350941371748,0,-15.059721730476554,-27.666666626930237,0.025819137675921148,0.7109854931749466,0.6896544269173648,3,1.008951499999995,0,0.6958278685199121,29.96465494606202,0.008198027468244658,3.9424966753785675,0.5324783697896676,1
..\..\..\files\weather\hourly\Spresiano.csv,5/15/2019 12:00:00 AM,15.5,7.7,0.4,2,96,43,0,-1.960898,1.9391025,3.3628306,192.8245,7.1416483,54.057,54,65.284996,0,0,0,1,0,0,0,0,12,0,7,9,3,11,1,0,0.6764370122035341,0,-14.383284718273018,-27.666666626930237,0.024586430747761644,0.7368046308508678,0,0.3573244412359681,0.9298275000000018,0,0,29.96465494606202,0.003938922237668092,3.9831793308452026,0.541348877226705,1
..\..\..\files\weather\hourly\Spresiano.csv,5/16/2019 12:00:00 AM,14.7,8.4,0.4,9,100,55,0,-1.3968252,1.7531744,3.2726836,196.09718,7.262859,54.071545,54,65.35773,0,0,0,1,0,0,0,0,12,0,7,10,3,11,1,0,0.3580044715130111,0,-14.025280246760005,-27.666666626930237,0.023273314218658175,0.7613910615986295,0.15815986787866676,0.16233729832175875,1.039618500000003,0,0.1644259246042182,29.96465494606202,0.003412313892100632,4.019699017870471,0.5492346359483015,1
..\..\..\files\weather\hourly\Spresiano.csv,5/17/2019 12:00:00 AM,18.8,7.5,0,6,100,38,0,-2.2234514,3.4265482,5.868146,201.96533,7.4801974,54.097622,54,65.48811,0,0,0,0,0,0,0,0,12,0,7,10,3,11,1,0,1.0741666159060195,0,-12.951113630853985,-27.666666626930237,0.02189928695199385,0.7846643758172877,0.6550556597200801,0.08446782515981173,0.5048235000000005,0,0.33068749083470017,29.96465494606202,0.004866371005505038,4.056521273018733,0.5571097884269595,0
..\..\..\files\weather\hourly\Spresiano.csv,5/18/2019 12:00:00 AM,19.3,10.7,0,1,94,42,0,0,5,8.228178,210.19351,7.7849445,54.134193,54,65.67097,0,0,0,0,0,0,0,0,12,0,7,10,3,11,1,0,1.1449949073857735,0,-11.806118723468213,-27.666666626930237,0.020483808629399428,0.8065636627692815,0.33513154115076277,0.00667,1.0568034999999938,0,0.35416818564851804,29.96465494606202,0.003597510089917897,4.090444322830529,0.564295737655469,0
..\..\..\files\weather\hourly\Spresiano.csv,5/19/2019 12:00:00 AM,15.3,11.2,35.4,20,100,77,0,0,3.25,6.0122576,216.20576,8.007621,54.160915,54,65.80458,1,0,1,1,0,1,0,0,13,0,8,11,3,12,1,0,-0.6713855102443084,0,-12.477504233712523,-27.666666626930237,0.01904585350249162,0.827047471398681,0.6723970714585993,3,1.0127274999999898,0.002,2.0185360085187147,32.63071057129628,0.005987317765432713,4.186696663382974,0.584311657448498,1
..\..\..\files\weather\hourly\Spresiano.csv,5/20/2019 12:00:00 AM,16.2,12.7,13.4,20,100,83,0,0,4.450001,7.592218,223.79799,8.288815,54.194656,54,65.97328,1,0,1,1,1,1,0,0,14,0,9,12,4,13,1,0,-0.6771472006840554,0,-13.154651434396577,-27.666666626930237,0.01760350562748025,0.8460933249011726,0.6896544269173648,3,1.0127274999999898,0,0.6984320036359485,35.925146540953676,0.007305432218031838,4.301651390096102,0.6074634722672808,1
..\..\..\files\weather\hourly\Spresiano.csv,5/21/2019 12:00:00 AM,15.1,12.4,17.4,18,100,82,0,0,3.75,6.7035456,230.50154,8.537094,55.020374,55,70.10187,1,0,1,1,1,1,1,0,15,0,10,13,5,14,2,0,-0.8985662664719642,0,-14.05321770086854,-27.666666626930237,0.01617360683586726,0.8636968305286529,0.7465242587729192,3,1.0127274999999898,0.002,2.241065824836303,39.098750269661615,0.005737430774773988,4.411072609473783,0.6287071791629725,1
..\..\..\files\weather\hourly\Spresiano.csv,5/22/2019 12:00:00 AM,17.6,13,0.2,8,100,71,0,0,5.3,8.55262,239.05417,8.853858,55.05205,55,70.260254,1,0,0,0,0,0,0,0,16,0,10,13,5,14,2,0,-0.15164526151513855,0,-14.204862962383679,-27.666666626930237,0.01477146582655065,0.8798704373645201,0.7840636206869015,3,1.0586914999999948,0,0.8300814906804427,42.09942837845359,0.007473914878106473,4.518036854504108,0.6487030199818872,1
..\..\..\files\weather\hourly\Spresiano.csv,5/23/2019 12:00:00 AM,20.8,13.1,0,0,100,54,0,0,6.950001,10.063859,249.11803,9.226593,55.089325,55,70.446625,0,0,0,0,0,0,0,0,16,0,10,13,5,14,2,0,0.9954098044708743,0,-13.209453157912804,-27.666666626930237,0.013410633714481542,0.8946419031910707,0.9733417005673772,0.04555995657963896,1.039618500000003,0,1.011904038731309,42.09942837845359,0.01065948969388774,4.5960918082879765,0.6628051398630532,0
..\..\..\files\weather\hourly\Spresiano.csv,5/24/2019 12:00:00 AM,23.4,15.3,4.6,4,100,49,0,0,9.35,11.474102,260.59213,9.651561,55.131824,55,70.65912,0,0,1,1,0,0,0,0,16,0,11,14,5,14,2,0,1.182267801690418,0,-12.027185356222386,-27.666666626930237,0.012102748308116567,0.9080525369055523,1,0.9056707169738684,1.0127274999999898,0,1.0127274999999898,43.09109909542746,0.01146344546544497,4.687334882790181,0.6787614543884051,1
..\..\..\files\weather\hourly\Spresiano.csv,5/25/2019 12:00:00 AM,24.6,14.7,0,8,100,49,0,0,9.65,11.587064,272.1792,10.08071,56.00692,56,75.0346,0,0,0,0,0,0,0,0,16,0,11,14,5,14,2,0,1.261294026941671,0,-10.765891329280716,-27.666666626930237,0.01085744646972201,0.9201552852136688,1,0.9056707169738684,1.036786499999998,0,1.036786499999998,43.09109909542746,0.011188886303012967,4.776190329008436,0.693750817103378,0
..\..\..\files\weather\hourly\Spresiano.csv,5/26/2019 12:00:00 AM,24.6,16.2,0,0,99,39,0,0,10.400002,11.809281,283.9885,10.518093,56.044407,56,75.22203,0,0,0,0,0,0,0,0,16,0,11,14,5,14,2,0,1.298702398434691,0,-9.467188930846024,-27.666666626930237,0.009682341275658651,0.9310127316833908,1,0.00667,0.8194314999999932,0,0.8194314999999932,43.09109909542746,0.01146344546544497,4.870452064465646,0.7090602699719657,0
..\..\..\files\weather\hourly\Spresiano.csv,5/27/2019 12:00:00 AM,24.4,15.5,0,0,94,40,0,0,9.950001,11.6862335,295.67474,10.950916,56.08151,56,75.40755,0,0,0,0,0,0,0,0,16,0,11,14,5,14,2,0,1.4747867354249666,0,-7.992402195421057,-27.666666626930237,0.008583058446984568,0.9406950729590495,1,0.00667,0.5048235000000005,0,0.5048235000000005,43.09109909542746,0.011188886303012967,4.951812962509249,0.7217870813086527,0
..\..\..\files\weather\hourly\Spresiano.csv,5/28/2019 12:00:00 AM,17,14.1,31,23,100,90,0,0,5.55,8.811095,304.48584,11.277253,56.109478,56,75.54739,1,0,1,1,0,1,1,1,17,0,12,15,5,15,3,1,-1.0322965939753044,0,-9.02469878939636,-27.666666626930237,0.007563324740990521,0.9492781314060341,0.8829414904505004,3,1.0127274999999898,0,0.8941791282702002,46.80606854261132,0.008797519803217085,5.094867165405133,0.7430820135358455,1
..\..\..\files\weather\hourly\Spresiano.csv,5/29/2019 12:00:00 AM,20.2,13.2,50,17,100,61,0,0,6.700001,9.863982,314.34982,11.642586,56.140793,56,75.703964,1,0,1,1,1,1,1,1,18,0,13,16,6,16,4,2,0.11465961955505442,0,-8.910039169841305,-27.666666626930237,0.006625099724879158,0.9568414561470246,0.7335267383413079,3,1.0733834999999985,0,0.7873554977443762,50.80606854261132,0.012933503733454893,5.224234850705609,0.7611735941783404,1
..\..\..\files\weather\hourly\Spresiano.csv,5/30/2019 12:00:00 AM,17.6,12.7,5.4,11,100,63,0,0,5.1499996,8.392356,322.7422,11.953414,57.021507,57,80.10754,1,0,1,1,1,1,0,0,19,0,14,17,7,17,4,2,0.29744088780096184,0,-8.612598282040342,-27.666666626930237,0.005768741603975375,0.9634665558719038,0.7960829684742449,3,1.0733834999999985,0,0.8545023229912734,54.04732968430849,0.007305432218031838,5.320109357894487,0.7738843416432813,1
..\..\..\files\weather\hourly\Spresiano.csv,5/31/2019 12:00:00 AM,18.9,13.2,0,0,100,59,0,0,6.049999,9.296085,332.03827,12.297714,57.04733,57,80.23665,0,0,0,0,0,0,0,0,19,0,14,17,7,17,4,2,0.6018262001880622,0,-8.01077208185228,-27.666666626930237,0.0049931975287174765,0.9692352974758791,0.7465242587729192,0.7878724116942047,1.039618500000003,0,0.7761004301191163,54.33513679828624,0.007473914878106473,5.38946855384489,0.7827185338408619,0
..\..\..\files\weather\hourly\Spresiano.csv,6/1/2019 12:00:00 AM,24.2,10.3,0,5,100,31,0,0,7.25,10.2902775,342.32855,12.678835,57.075912,57,80.37956,0,0,0,0,0,0,0,0,19,0,14,17,7,17,4,2,1.3488001120808673,0,-6.661971969771415,-27.666666626930237,0.004296209011723083,0.9742284950045966,0.7840636206869015,0.00667,0.9732984999999914,0,0.7631279459191235,54.33513679828624,0.008009205785633211,5.437406161635488,0.78865038632186,0
..\..\..\files\weather\hourly\Spresiano.csv,6/2/2019 12:00:00 AM,27.5,11.8,0,0,95,31,0,0,9.65,11.587064,353.91562,13.1079855,57.1081,57,80.540504,0,0,0,0,0,0,0,0,19,0,14,17,7,17,4,2,1.6148540815549572,0,-5.047117888216459,-27.666666626930237,0.0036745236830748452,0.9785247040163197,0.9786475553404227,0.00667,0,0,0,54.33513679828624,0.01146344546544497,5.47346250950958,0.7930197342163627,0
..\..\..\files\weather\hourly\Spresiano.csv,6/3/2019 12:00:00 AM,29,14.6,0,0,92,34,0,0,11.799999,11.997039,365.91266,13.5523205,58.0146,58,85.073,0,0,0,0,0,0,0,0,19,0,14,17,7,17,4,2,1.7178587403774221,0,-3.3292591478390356,-27.666666626930237,0.003124105519762701,0.9821992276993946,0.8615153544905008,0.00667,0.3006114999999987,0,0.2589814229864201,54.33513679828624,0.01937481351741991,5.485615747319385,0.7944747889197716,0
..\..\..\files\weather\hourly\Spresiano.csv,6/4/2019 12:00:00 AM,29.4,16.6,0,3,97,38,0,0,13,11.926342,377.839,13.994037,58.04405,58,85.220245,0,0,0,0,0,0,0,0,19,0,14,17,7,17,4,2,1.5529382328776535,0,-1.7763209149613814,-27.666666626930237,0.0026403368180816776,0.9853233332191573,0.9713586541453613,0.00667,0.9298275000000018,0,0.9031959889873477,54.33513679828624,0.016984205259025983,5.58518566426934,0.8060651136003673,0
..\..\..\files\weather\hourly\Spresiano.csv,6/5/2019 12:00:00 AM,29.5,17.8,0,3,99,43,0,0,13.65,11.799978,389.63898,14.431073,58.07318,58,85.365906,0,0,0,0,0,0,0,0,19,0,14,17,7,17,4,2,1.479677218054207,0,-0.29664369690717507,-27.666666626930237,0.0022182064489603363,0.987963670037239,0.8354726314950569,0.00667,1.036786499999998,0,0.8662067454535481,54.33513679828624,0.021523211768411578,5.7310163678997545,0.8220058153357239,0
..\..\..\files\weather\hourly\Spresiano.csv,6/6/2019 12:00:00 AM,25.2,17.6,0,6,100,57,0,0,11.400002,11.973304,401.61227,14.874528,58.102745,58,85.513725,0,0,0,0,0,0,0,0,19,0,14,17,7,17,4,2,0.8397207373805287,0,0.5430770404733565,-27.666666626930237,0.0018524802633972746,0.9901818764861993,1,0.00667,1.0127274999999898,0,1.0127274999999898,54.362885434646834,0.02131211883485227,5.921180710181607,0.8410378214038907,0
..\..\..\files\weather\hourly\Spresiano.csv,6/7/2019 12:00:00 AM,23.7,17.5,1,11,100,59,0,0,10.6,11.854118,413.4664,15.31357,59.018814,59,90.09407,0,0,0,1,0,1,0,0,19,0,14,18,7,18,4,2,0.49334984108842167,0,1.0364268815617805,-27.666666626930237,0.0015378508249137917,0.9920343567495965,1,0.20129890580706597,1.0127274999999898,0,1.0127274999999898,55.04073226349964,0.022150463437232336,6.108501466765968,0.8579696168024604,1
..\..\..\files\weather\hourly\Spresiano.csv,6/8/2019 12:00:00 AM,26.5,17.2,0,6,100,44,0,0,11.85,11.998333,425.46472,15.757953,59.04548,59,90.227394,0,0,0,0,0,0,0,0,19,0,14,18,7,18,4,2,1.2584994212146912,0,2.2949263027764744,-27.666666626930237,0.0012690648766035754,0.9935722075745103,1,0.20129890580706597,0.8194314999999932,0,0.8194314999999932,55.04073226349964,0.01592879192856255,6.2121855746145425,0.8666168727113849,0
..\..\..\files\weather\hourly\Spresiano.csv,6/9/2019 12:00:00 AM,29.4,14.9,0,10,100,33,0,0,12.15,11.998337,437.46307,16.202337,59.07214,59,90.3607,0,0,0,0,0,0,0,0,19,0,14,18,7,18,4,2,1.556666258918966,0,3.8515925616954405,-27.666666626930237,0.0010410280541801164,0.9948412724511139,0.9855028870152411,0.00667,1.0127274999999898,0,0.9980458750097175,55.04073226349964,0.02238624076237516,6.334263307772775,0.8761752046659828,0
..\..\..\files\weather\hourly\Spresiano.csv,6/10/2019 12:00:00 AM,30.5,17.9,0,7,100,33,0,0,14.200001,11.64515,449.10822,16.633636,59.09802,59,90.4901,0,0,0,0,0,0,0,0,19,0,14,18,7,18,4,2,1.6888486780109928,0,5.540441239706432,-27.666666626930237,0.0008488873000776846,0.995882300505294,0.9786475553404227,0.00667,1.0568034999999938,0,1.0342381617501963,55.04073226349964,0.019995865540679246,6.4723232030557325,0.8862170876751517,0
..\..\..\files\weather\hourly\Spresiano.csv,6/11/2019 12:00:00 AM,30.5,18.7,0,1,92,37,0,0,14.6,11.50512,460.61334,17.059753,60.021442,60,95.10721,0,0,0,0,0,0,0,0,19,0,14,18,7,18,4,2,1.608889909559816,0,7.149331149266246,-27.666666626930237,0.0006880921979649137,0.9967311878053717,0.1937180886337011,0.00667,0,0,0,55.04073226349964,0.016631713933684684,6.562124839645618,0.8923350092732408,0
..\..\..\files\weather\hourly\Spresiano.csv,6/12/2019 12:00:00 AM,29.8,21,0,1,83,42,0,0,15.4,11.156161,471.7695,17.472944,60.04398,60,95.219894,0,0,0,0,0,0,0,0,19,0,14,18,7,18,4,2,1.6176159792592295,0,8.766947128525473,-27.666666626930237,0.000554437025705062,0.9974192800033367,0.7288078867438033,0.00667,0.06512749999999556,0,0.04746543564390381,55.04073226349964,0.020833506945891173,6.582958346591509,0.8937095662446843,0
..\..\..\files\weather\hourly\Spresiano.csv,6/13/2019 12:00:00 AM,29.8,19.6,0,5,100,47,0,0,14.700001,11.466516,483.23602,17.897629,60.067142,60,95.33571,0,0,0,0,0,0,0,0,19,0,14,18,7,18,4,2,1.4942433890703481,0,10.261190517595821,-27.666666626930237,0.0004440857226354067,0.9979737170290417,0.7455547032888186,0.00667,1.0127274999999898,0,0.7550437507749194,55.04073226349964,0.02228906194204269,6.687130923663419,0.9003385744344898,0
..\..\..\files\weather\hourly\Spresiano.csv,6/14/2019 12:00:00 AM,30.5,15.7,0,5,100,18,0,0,13.1,11.91091,495.14694,18.338776,61.00027,61,100,0,0,0,0,0,0,0,0,19,0,14,18,7,18,4,2,1.7713935464879038,0,12.032584064083728,-27.666666626930237,0.0003535821976654944,0.9984178027516771,0.9797726449298856,0.00667,0.9298275000000018,0,0.911019549003545,55.04073226349964,0.020289083193563175,6.8350304571546205,0.9090825319802911,0
..\..\..\files\weather\hourly\Spresiano.csv,6/15/2019 12:00:00 AM,31.3,14.2,0,4,95,29,0,0,12.75,11.958525,507.10547,18.781685,61.02242,61,100,0,0,0,0,0,0,0,0,19,0,14,18,7,18,4,2,1.7325369496232934,0,13.765121013707024,-27.666666626930237,0.00027984848816667,0.9987713849493426,0.8074858368492006,0.00667,0,0,0,55.04073226349964,0.020568793598028105,6.900754338117509,0.9127301106243529,0
..\..\..\files\weather\hourly\Spresiano.csv,6/16/2019 12:00:00 AM,31.9,21.2,0,6,93,30,0,0,16.55,10.494738,517.6002,19.170378,61.04185,61,100,0,0,0,0,0,0,0,0,19,0,14,18,7,18,4,2,1.847312739838396,0,15.612433753545417,-27.666666626930237,0.00022017324005872883,0.9990512334375092,0.7288078867438033,0.00667,1.036786499999998,0,0.7556181780695027,55.04073226349964,0.021713745435454904,6.9629711829609695,0.9160544341901332,0
..\..\..\files\weather\hourly\Spresiano.csv,6/17/2019 12:00:00 AM,32.1,18.9,0,6,100,35,0,0,15.5,11.106109,528.7063,19.581715,61.06242,61,100,0,0,0,0,0,0,0,0,19,0,14,18,7,18,4,2,1.6861211416536657,0,17.298554895199082,-27.666666626930237,0.00017219284288247388,0.999271406677568,0.1937180886337011,0.00667,0,0,0,55.04073226349964,0.02142593909891074,7.095190052058392,0.9227223232631504,0
..\..\..\files\weather\hourly\Spresiano.csv,6/18/2019 12:00:00 AM,30.4,20.1,0,0,72,33,0,0,15.25,11.228566,539.9349,19.997587,61.083214,61,100,0,0,0,0,0,0,0,0,19,0,14,18,7,18,4,2,1.834104842897198,0,19.13265973809628,-27.666666626930237,0.0001338673459601756,0.9994435995204505,0.6937698451091674,0.00667,0,0,0,55.04073226349964,0,7.095190052058392,0.9227223232631504,0
..\..\..\files\weather\hourly\Spresiano.csv,6/19/2019 12:00:00 AM,30.9,17.6,0,4,97,36,0,0,14.25,11.628907,551.5638,20.428288,71.01725,71,89.87062,0,0,0,0,0,0,0,0,19,0,14,18,7,18,4,2,1.7719112216004904,0,20.90457095969677,-27.666666626930237,0.00010345302745300355,0.9995774668664107,1,0.00667,1.0699464999999933,0,1.0699464999999933,55.04073226349964,0.014552623975001436,7.144273472280066,0.9250661754971794,0
..\..\..\files\weather\hourly\Spresiano.csv,6/20/2019 12:00:00 AM,29.9,17.6,33.399998,9,100,42,0,0,13.75,11.775086,563.33887,20.8644,71.034805,71,89.73896,1,1,1,0,0,1,0,0,20,1,15,18,7,19,4,2,1.0382431212094692,0,21.94281408090624,-27.666666626930237,7.94732090650924E-05,0.9996809198938637,0.9183168800000003,3,1.0127274999999898,0,0.930004758090191,56.177263840350165,0.022204951704230116,7.371966954363854,0.9350747178509261,1
..\..\..\files\weather\hourly\Spresiano.csv,6/21/2019 12:00:00 AM,28.7,18.4,3.8,9,100,52,0,0,13.549999,11.823421,575.1623,21.302307,71.052444,71,89.60667,1,1,1,0,0,0,0,1,21,2,16,18,7,19,4,3,0.9624220802213944,0,22.905236161127632,-27.666666626930237,6.0688623821852646E-05,0.9997603931029287,0.9078904497013098,3,0.6777634999999975,0,0.6153350088061315,57.27949822371963,0.020966581066030252,7.5364550892439555,0.9414893745888459,1
..\..\..\files\weather\hourly\Spresiano.csv,6/22/2019 12:00:00 AM,30.3,18.6,0.2,0,91,32,0,0,14.450001,11.560331,586.7226,21.730467,71.06969,71,89.47735,0,0,0,0,0,0,0,0,21,2,16,18,7,19,4,3,1.7225549360352388,0,24.62779109716287,-27.666666626930237,4.606836758255419E-05,0.9998210817267505,0.9636326451305007,0.7486420978822568,0.9732984999999914,0,0.9379022080565403,57.27949822371963,0.019690615945384234,7.662873338978804,0.9459979047385378,1
..\..\..\files\weather\hourly\Spresiano.csv,6/23/2019 12:00:00 AM,23.9,18.1,32.4,14,100,63,0,0,11,11.925709,598.6483,22.172161,71.08747,71,89.34396,1,1,1,0,0,0,0,1,22,3,17,18,7,19,4,4,-0.19658805714771876,0,24.43120304001515,-27.666666626930237,3.476220782091748E-05,0.9998671500943331,1,3,1.0127274999999898,0,1.0127274999999898,60.797150774713856,0.022150463437232336,7.963272604545072,0.9553986283844464,1
..\..\..\files\weather\hourly\Spresiano.csv,6/24/2019 12:00:00 AM,29.5,17.4,0,9,100,39,0,0,13.450001,11.845409,610.4937,22.610878,71.10513,71,89.2115,1,0,0,0,0,0,0,0,23,3,17,18,7,19,4,4,1.545224258519181,0,25.976427298534333,-27.666666626930237,2.607479327840057E-05,0.9999019123021541,0.9979280779280003,3,1.039618500000003,0,1.037464491483394,60.797150774713856,0.022150463437232336,8.088230079482809,0.9588204447767775,0
..\..\..\files\weather\hourly\Spresiano.csv,6/25/2019 12:00:00 AM,31.1,18.2,0,7,100,40,0,0,14.650002,11.485997,621.97974,23.036285,71.12227,71,89.082985,0,0,0,0,0,0,0,0,23,3,17,18,7,19,4,4,1.5919255795029112,0,27.568352878037246,-27.666666626930237,1.9442109762768357E-05,0.9999279870954325,0.6566464018185343,0.00667,1.0699464999999933,0,0.70257651936333,60.797150774713856,0.022366160893215033,8.212960363547243,0.9619794582655143,0
..\..\..\files\weather\hourly\Spresiano.csv,6/26/2019 12:00:00 AM,33.2,19.8,0,7,100,36,0,0,16.5,10.527393,632.50714,23.42619,71.13797,71,88.965225,0,0,0,0,0,0,0,0,23,3,17,18,7,19,4,4,1.8108086213657546,0,29.379161499402997,-27.666666626930237,1.4410362357398104E-05,0.9999474292051953,0,0.00667,0,0,0,60.797150774713856,0.02231992573622232,8.39838100584242,0.9662411165286681,0
..\..\..\files\weather\hourly\Spresiano.csv,6/27/2019 12:00:00 AM,35.9,21.3,0,0,94,36,0,0,18.6,8.853371,641.36053,23.754095,71.15117,71,88.866234,0,0,0,0,0,0,0,0,23,3,17,18,7,19,4,4,1.891997390175437,0,31.271158889578437,-27.666666626930237,1.0617332217281132E-05,0.9999618395675527,0.22330574264031067,0.00667,0.8194314999999932,0,0.1829837596503622,60.797150774713856,0.022366160893215033,8.529469186333674,0.9689672228735012,0
..\..\..\files\weather\hourly\Spresiano.csv,6/28/2019 12:00:00 AM,37.1,21.1,0,0,100,35,0,0,19.099998,8.364019,649.72455,24.063871,71.16364,71,88.772675,0,0,0,0,0,0,0,0,23,3,17,18,7,19,4,4,1.9220153912332856,0,33.193174280811725,-27.666666626930237,7.776154953021829E-06,0.99997245689977,0,0.00667,1.0127274999999898,0,0,60.797150774713856,0.02238624076237516,8.640122179410874,0.9710988685205016,0
..\..\..\files\weather\hourly\Spresiano.csv,6/29/2019 12:00:00 AM,34.1,24.3,0,0,100,35,0,0,19.199999,8.261985,657.9865,24.36987,71.175964,71,88.68027,0,0,0,0,0,0,0,0,23,3,17,18,7,19,4,4,1.9255546097213763,0,35.1187288905331,-27.666666626930237,5.661394252506799E-06,0.9999802330547231,0,0.00667,0,0,0,60.797150774713856,0.01752125560278069,8.71029650922564,0.9723752932313124,0
..\..\..\files\weather\hourly\Spresiano.csv,6/30/2019 12:00:00 AM,31.4,20.7,0,2,93,38,0,0,16.05,10.805375,668.7919,24.77007,71.192085,71,88.55936,0,0,0,0,0,0,0,0,23,3,17,18,7,19,4,4,1.7722647232691295,0,36.89099361380223,-27.666666626930237,4.0972351280206505E-06,0.9999858944489756,0.8354726314950569,0.00667,0.9298275000000018,0,0.7768454282614715,60.797150774713856,0.02131211883485227,8.751897711254058,0.973105585918707,0
..\..\..\files\weather\hourly\Spresiano.csv,7/1/2019 12:00:00 AM,33.9,18.1,0,7,100,31,0,0,16,10.834491,679.62634,25.171345,72.01139,72,82.414566,0,0,0,0,0,0,0,0,23,3,17,18,7,19,4,4,1.764387831680285,0,38.65538144548251,-27.666666626930237,2.947592003248767E-06,0.9999899916841036,0.5760130165962465,0.00667,1.008951499999995,0,0.5811691971143048,60.797150774713856,0.0223800241229412,8.899497106493863,0.9755462575775997,0
..\..\..\files\weather\hourly\Spresiano.csv,7/2/2019 12:00:00 AM,32.2,20.1,0,5,100,35,0,0,16.150002,10.746078,690.37244,25.56935,72.02481,72,82.31392,0,0,0,0,0,0,0,0,23,3,17,18,7,19,4,4,1.7135071323219544,0,40.36888857780446,-27.666666626930237,2.10791379457622E-06,0.9999929392761069,0.3084603317043957,0.00667,0,0,0,60.797150774713856,0.02131211883485227,8.99831928796085,0.9770567705189621,0
..\..\..\files\weather\hourly\Spresiano.csv,7/3/2019 12:00:00 AM,33.6,20.9,0.4,3,93,39,0,0,17.25,10.000547,700.373,25.93974,72.03729,72,82.22031,0,0,0,1,0,0,0,0,23,3,17,19,7,19,4,4,1.6204992148297785,0,41.98938779263424,-27.666666626930237,1.49846746029376E-06,0.9999950471899015,0.8074858368492006,0.08446782515981173,1.036786499999998,0,0.8371904145864522,60.797150774713856,0.02231992573622232,9.131752669208057,0.9789509446702005,0
..\..\..\files\weather\hourly\Spresiano.csv,7/4/2019 12:00:00 AM,33,18.4,0.8,10,100,30,0,0,15.700001,11.001728,711.3747,26.347212,72.05103,72,82.11725,0,0,0,1,0,0,0,1,23,3,17,20,7,19,4,5,1.3537696047145862,0,43.343157397348826,-27.666666626930237,1.0588898401719643E-06,0.9999965456573618,0.9919285609420946,0.24027841948584105,0.9732984999999914,0,0.9654425804720908,60.90514226315578,0.020833506945891173,9.359037352093223,0.9818276525642432,0
..\..\..\files\weather\hourly\Spresiano.csv,7/5/2019 12:00:00 AM,30.3,17.1,0,8,100,41,0,0,13.700001,11.787713,723.1624,26.783794,72.06574,72,82.00693,0,0,0,0,0,0,0,0,23,3,17,20,7,19,4,5,1.4746685314980177,0,44.81782592884684,-27.666666626930237,7.4381210245731E-07,0.999997604547202,0.9282839056385559,0.16233729832175875,1.0568034999999938,0,0.9810136804724898,60.90514226315578,0.02238624076237516,9.49570107503141,0.9833661423672975,0
..\..\..\files\weather\hourly\Spresiano.csv,7/6/2019 12:00:00 AM,31.6,17.7,0,10,100,45,0,0,14.650002,11.485997,734.64844,27.209202,72.080086,72,81.89935,0,0,0,0,0,0,0,0,23,3,17,20,7,19,4,5,1.3910272170553006,0,46.20885314590213,-27.666666626930237,5.193793681787401E-07,0.9999983483593045,0.7455547032888186,0.00667,1.0127274999999898,0,0.7550437507749194,60.90514226315578,0.022366160893215033,9.641210867802142,0.9848624180058291,0
..\..\..\files\weather\hourly\Spresiano.csv,7/7/2019 12:00:00 AM,31.9,19.9,5,10,100,50,0,0,15.9,10.891657,745.5401,27.612597,72.09368,72,81.79739,0,1,1,1,0,0,0,1,23,4,18,21,7,19,4,6,1.2512713655232495,0,47.460124511425384,-27.666666626930237,3.60508194841001E-07,0.9999988677386726,0.8856445121488321,0.9842924999999999,1.0127274999999898,0,0.8969165526771973,60.90514226315578,0.0223800241229412,9.846875561596857,0.9867521185301382,0
..\..\..\files\weather\hourly\Spresiano.csv,7/8/2019 12:00:00 AM,28.5,18.9,3,17,100,51,0,0,13.700001,11.787713,757.3278,28.04918,72.1084,72,81.68701,0,1,1,1,0,0,0,1,23,5,19,22,7,19,4,7,0.18173384090921246,0,47.6418583523346,-27.666666626930237,2.4874512787664025E-07,0.9999992282468675,1,1.5762395999999999,1.0127274999999898,0,1.0127274999999898,62.04827341917244,0.0223800241229412,10.180109570581143,0.9893289205762468,0
..\..\..\files\weather\hourly\Spresiano.csv,7/9/2019 12:00:00 AM,29.6,17.1,2.8,13,100,52,0,0,13.35,11.865945,769.1938,28.488659,72.123215,72,81.57589,0,1,1,1,0,0,0,1,23,6,20,23,7,19,4,8,0.9064299353129044,0,48.5482882876475,-27.666666626930237,1.7060942492217085E-07,0.9999994769919953,0.9554658487193829,1.141751007155136,0.9298275000000018,0,0.8884184214501237,62.62479752411478,0.021713745435454904,10.38097226190962,0.9906345051117614,0
..\..\..\files\weather\hourly\Spresiano.csv,7/10/2019 12:00:00 AM,27.3,17.8,0,5,99,51,0,0,12.549999,11.977676,781.17145,28.932276,72.13817,72,81.46374,0,0,0,0,0,0,0,0,23,6,20,23,7,19,4,8,0.9488085481927891,0,49.49709683584029,-27.666666626930237,1.1632162198768891E-07,0.9999996476014202,0.8615153544905008,0.5136365744911536,0.9298275000000018,0,0.8010606682775177,62.62479752411478,0.02228906194204269,10.560784049412915,0.991667733267093,0
..\..\..\files\weather\hourly\Spresiano.csv,7/11/2019 12:00:00 AM,26.9,17.4,0,3,93,45,0,0,12.15,11.998337,793.1698,29.37666,72.153145,72,81.35141,0,0,0,0,0,0,0,0,23,6,20,23,7,19,4,8,1.3174860823226213,0,50.814582918162905,-27.666666626930237,7.883641624859228E-08,0.9999997639230422,1,0.00667,0.9298275000000018,0,0.9298275000000018,62.62479752411478,0.020289083193563175,10.667122046766606,0.9922245052325532,0
..\..\..\files\weather\hourly\Spresiano.csv,7/12/2019 12:00:00 AM,24.8,17.1,3.3999999,5,100,50,0,0,10.950001,11.918076,805.0879,29.81807,73.00439,73,74.9671,0,1,1,1,0,0,0,0,23,7,21,24,7,19,4,8,0.8147170049293448,0,51.629299923092255,-27.666666626930237,5.311317856661734E-08,0.9999998427594585,1,0.6702352764091762,1.0127274999999898,0,1.0127274999999898,63.24699919328979,0.017686593562080025,10.75512065366589,0.9926571160165857,0
..\..\..\files\weather\hourly\Spresiano.csv,7/13/2019 12:00:00 AM,27.6,14.4,0.8,13,100,51,0,0,11,11.925709,817.0136,30.259764,77.006615,77,39.966927,0,0,0,0,0,0,0,1,23,7,21,24,7,19,4,9,0.6129482242700729,0,52.242248147362325,-27.666666626930237,3.557023264014431E-08,0.999999895872637,0.9919285609420946,0.8271205907352056,1.0699464999999933,0,1.061310492030024,64.4939314131316,0.022150463437232336,10.928117365203287,0.993438901797707,0
..\..\..\files\weather\hourly\Spresiano.csv,7/14/2019 12:00:00 AM,27.2,14.2,29.4,15,100,61,0,0,10.700001,11.874272,828.8879,30.69955,77.01782,77,39.91089,1,1,1,0,0,0,1,1,24,8,22,24,7,19,5,10,0.06887699073737054,0,52.31112513809969,-27.666666626930237,2.367991356665625E-08,0.9999999314428697,0.8523496066392833,3,1.0127274999999898,0,0.863197886257776,68.08563573080046,0.01937481351741991,11.103255079636716,0.9941458641734853,0
..\..\..\files\weather\hourly\Spresiano.csv,7/15/2019 12:00:00 AM,27.1,13,0,7,100,44,0,0,10.049999,11.716236,840.6041,31.133484,77.02888,77,39.855614,1,0,0,0,0,0,0,0,25,8,22,24,7,19,5,10,1.0624526308701985,0,53.37357776896989,-27.666666626930237,1.5670487752251046E-08,0.9999999551227833,1,3,0.9732984999999914,0,0.9732984999999914,68.08563573080046,0.01558000750382171,11.17716586679312,0.9944209258720029,0
..\..\..\files\weather\hourly\Spresiano.csv,7/16/2019 12:00:00 AM,26.6,17.6,0,1,94,42,0,0,12.1,11.99926,852.6034,31.577904,77.0402,77,39.799004,0,0,0,0,0,0,0,0,25,8,22,24,7,19,5,10,0.971338886599258,0,54.34491665556914,-27.666666626930237,1.0308462847718646E-08,0.9999999707932711,1,0.00667,1.0568034999999938,0,1.0568034999999938,68.08563573080046,0.01837836095770071,11.291255243805411,0.9948204244041604,0
..\..\..\files\weather\hourly\Spresiano.csv,7/17/2019 12:00:00 AM,28.5,14.9,0,2,100,40,0,0,11.700001,11.993336,864.59674,32.022102,77.05152,77,39.742393,0,0,0,0,0,0,0,0,25,8,22,24,7,19,5,10,1.4346973137110968,0,55.77961396928024,-27.666666626930237,6.740844363344688E-09,0.9999999811017339,1,0.00667,0.9732984999999914,0,0.9732984999999914,68.08563573080046,0.017686593562080025,11.385326619204955,0.9951282701278875,0
..\..\..\files\weather\hourly\Spresiano.csv,7/18/2019 12:00:00 AM,29.6,14.9,0,6,100,42,0,0,12.25,11.995381,876.5921,32.466373,77.062836,77,39.68582,0,0,0,0,0,0,0,0,25,8,22,24,7,19,5,10,1.309610895840402,0,57.08922486512065,-27.666666626930237,4.381710539414721E-09,0.9999999878425783,0.6372923333693594,0.00667,0.8194314999999932,0,0.5222174126713499,68.08563573080046,0.022347555605306057,11.449485384859473,0.9953276903634632,0
..\..\..\files\weather\hourly\Spresiano.csv,7/19/2019 12:00:00 AM,27.8,16.6,0.8,5,100,55,0,0,12.200001,11.997045,888.5892,32.91071,77.07416,77,39.62921,0,0,0,1,0,0,0,0,25,8,22,25,7,19,5,10,0.6942350136710573,0,57.78345987879171,-27.666666626930237,2.831275055264183E-09,0.9999999922242888,1,0.16233729832175875,1.0127274999999898,0,1.0127274999999898,68.22503029840423,0.021523211768411578,11.663970211087454,0.9959370848330933,0
..\..\..\files\weather\hourly\Spresiano.csv,7/20/2019 12:00:00 AM,30.2,15.9,0,9,100,45,0,0,13.049999,11.918808,900.508,33.35215,77.0854,77,39.572983,0,0,0,0,0,0,0,0,25,8,22,25,7,19,5,10,1.227070567577216,0,59.010530446368925,-27.666666626930237,1.8185675413623148E-09,0.9999999950555639,1,0.16233729832175875,1.0127274999999898,0,1.0127274999999898,68.22503029840423,0.022150463437232336,11.808207811601326,0.9963016142508856,0
..\..\..\files\weather\hourly\Spresiano.csv,7/21/2019 12:00:00 AM,30.1,17.5,0,8,100,54,0,0,13.799999,11.762096,912.2701,33.78778,77.096504,77,39.51748,0,0,0,0,0,0,0,0,25,8,22,25,7,19,5,10,1.157431209464732,0,60.16796165583366,-27.666666626930237,1.1611432510509574E-09,0.9999999968741314,0.7115475914105005,0.00667,1.039618500000003,0,0.7397380396607997,68.22503029840423,0.022095806247623702,11.96934666875957,0.9966703816359054,0
..\..\..\files\weather\hourly\Spresiano.csv,7/22/2019 12:00:00 AM,30.3,19,0,5,100,57,0,0,14.65,11.485998,923.7561,34.21319,77.107346,77,39.463272,0,0,0,0,0,0,0,0,25,8,22,25,7,19,5,10,0.9312165864048689,0,61.09917824223853,-27.666666626930237,7.369722978679937E-10,0.9999999980352747,0.6937698451091674,0.00667,1.0127274999999898,0,0.7025998008127873,68.22503029840423,0.022347555605306057,12.158451016431862,0.9970565976704288,0
..\..\..\files\weather\hourly\Spresiano.csv,7/23/2019 12:00:00 AM,33,20,0,5,100,40,0,0,16.5,10.527393,934.2835,34.603092,77.11728,77,39.413605,0,0,0,0,0,0,0,0,25,8,22,25,7,19,5,10,1.6350973693544293,0,62.734275611592956,-27.666666626930237,4.649706272247046E-10,0.999999998772247,0.7115475914105005,0.00667,1.0127274999999898,0,0.7206038133801704,68.22503029840423,0.02238624076237516,12.36577667841387,0.9974288094401365,0
..\..\..\files\weather\hourly\Spresiano.csv,7/24/2019 12:00:00 AM,33.7,20.3,0,4,100,40,0,0,17,10.184965,944.46844,34.980312,77.126884,77,39.365578,0,0,0,0,0,0,0,0,25,8,22,25,7,19,5,10,1.6516752810893327,0,64.3859508926823,-27.666666626930237,2.9161433468229706E-10,0.9999999992372176,0.6174047790080004,0.00667,1.008951499999995,0,0.6229314778872873,68.22503029840423,0.022366160893215033,12.550858955807325,0.9977211821997966,0
..\..\..\files\weather\hourly\Spresiano.csv,7/25/2019 12:00:00 AM,34.6,20.4,0,7,100,42,0,0,17.5,9.807348,954.2758,35.343548,77.13614,77,39.319305,0,0,0,0,0,0,0,0,25,8,22,25,7,19,5,10,1.5687673148331107,0,65.95471820751541,-27.666666626930237,1.8180306989653176E-10,0.9999999995288319,0.5969796934038909,0.00667,1.039618500000003,0,0.6206311333870148,68.22503029840423,0.02238624076237516,12.74381894427333,0.9979906949320593,0
..\..\..\files\weather\hourly\Spresiano.csv,7/26/2019 12:00:00 AM,34.8,20.7,0,6,100,44,0,0,17.75,9.605385,963.8812,35.699306,77.1452,77,39.273987,0,0,0,0,0,0,0,0,25,8,22,25,7,19,5,10,1.59418189902857,0,67.54890010654398,-27.666666626930237,1.1266850987974463E-10,0.9999999997106349,0,0.00667,0.5048235000000005,0,0,68.22503029840423,0.02231992573622232,12.920331722577464,0.9982092482018038,0
..\..\..\files\weather\hourly\Spresiano.csv,7/27/2019 12:00:00 AM,33.3,20.4,4.8,7,100,56,0,0,16.849998,10.291396,974.1726,36.080467,77.154915,77,39.225426,0,1,1,1,0,0,0,0,25,9,23,26,7,19,5,10,0.954557147827294,0,68.50345725437126,-27.666666626930237,6.940853579855577E-11,0.9999999998233035,0.8217243394733016,0.9449726934897842,1.0733834999999985,0,0.8820253475390394,68.2612622385237,0.021713745435454904,13.115337326079146,0.998423189725832,0
..\..\..\files\weather\hourly\Spresiano.csv,7/28/2019 12:00:00 AM,28,19.1,2.6000001,13,100,55,0,0,13.549999,11.823421,985.99603,36.51837,77.16608,77,39.169617,0,1,1,1,0,0,0,1,25,10,24,27,7,19,5,11,0.6442721605032192,0,69.14772941487448,-27.666666626930237,4.250423553170346E-11,0.999999999892712,0.9713586541453613,1.4575278182107885,1.0127274999999898,0,0.9837216214159864,69.21304551140577,0.022366160893215033,13.373678275556589,0.9986678025358273,0
..\..\..\files\weather\hourly\Spresiano.csv,7/29/2019 12:00:00 AM,23.2,19.1,17.6,13,100,77,0,0,11.150002,11.946362,997.9424,36.960827,77.177345,77,39.113274,1,1,1,1,0,0,1,1,26,11,25,28,7,19,6,12,-0.6295356506402748,0,68.51819376423421,-27.666666626930237,2.5873818680094765E-11,0.9999999999352163,0.8074858368492006,3,1.0733834999999985,0,0.8667419737576227,72.33709177017869,0.022366160893215033,13.711692808329884,0.9989315186858263,0
..\..\..\files\weather\hourly\Spresiano.csv,7/30/2019 12:00:00 AM,29.6,20.2,0,10,100,58,0,0,14.900002,11.385002,1009.3274,37.382496,77.18809,77,39.059563,1,0,0,0,0,0,0,0,27,11,25,28,7,19,6,12,0.9681273844296263,0,69.48632114866382,-27.666666626930237,1.5656614032094967E-11,0.9999999999610901,0.7288078867438033,2.6919905308545182,1.0127274999999898,0,0.7380837891223275,72.33709177017869,0.02238624076237516,13.957430017337066,0.9990898527300128,0
..\..\..\files\weather\hourly\Spresiano.csv,7/31/2019 12:00:00 AM,30.9,20.4,4.6,11,100,52,0,0,15.65,11.0283575,1020.3558,37.790955,77.198494,77,39.00753,0,1,1,1,0,0,0,1,27,12,26,29,7,19,6,13,1.2122005926608952,0,70.69852174132473,-27.666666626930237,9.417684882824702E-12,0.9999999999767467,0.6372923333693594,0.9056707052636489,1.0127274999999898,0,0.6454034715423115,72.33709177017869,0.02231992573622232,14.172894478256664,0.9992092610602129,0
..\..\..\files\weather\hourly\Spresiano.csv,8/1/2019 12:00:00 AM,31,20.3,0.2,12,100,52,0,0,15.65,11.0283575,1031.3842,38.199413,77.2089,77,38.955498,0,0,0,0,0,0,0,1,27,12,26,29,7,19,6,14,1.187432732633039,0,71.88595447395775,-27.666666626930237,5.631180630639956E-12,0.9999999999861644,0.8354726314950569,0.9449726378408857,1.039618500000003,0,0.8685728039459464,72.42610871615268,0.022247859019710346,14.405016561456467,0.9993204384725934,0
..\..\..\files\weather\hourly\Spresiano.csv,8/2/2019 12:00:00 AM,31.5,19.4,0,6,100,43,0,0,15.450001,11.131313,1042.5155,38.611687,77.219406,77,38.90297,0,0,0,0,0,0,0,0,27,12,26,29,7,19,6,14,1.5772964275777623,0,73.46325090153553,-27.666666626930237,3.347061992428339E-12,0.9999999999917956,0.3084603317043957,0.00667,1.039618500000003,0,0.32068106735602725,72.42610871615268,0.02228906194204269,14.613199419193558,0.9994067905323779,0
..\..\..\files\weather\hourly\Spresiano.csv,8/3/2019 12:00:00 AM,24.6,18,38.600002,17,100,73,0,0,11.299999,11.963646,1054.4791,39.054783,77.2307,77,38.84651,1,1,1,0,0,0,1,1,28,13,27,29,7,19,7,15,-0.9000998449619437,0,72.56315105657359,-27.666666626930237,1.9775936015281943E-12,0.9999999999951427,1,3,1.0127274999999898,0,1.0127274999999898,75.39177144965674,0.0223800241229412,15.028314476696067,0.9995476085352194,0
..\..\..\files\weather\hourly\Spresiano.csv,8/4/2019 12:00:00 AM,28.5,16.3,0.2,6,100,46,0,0,12.4,11.988186,1066.4673,39.498787,78.00513,78,34.974365,1,0,0,0,0,0,0,0,29,13,27,29,7,19,7,15,1.431028332918769,0,73.99417938949236,-27.666666626930237,1.161500322078091E-12,0.9999999999971203,0.8970008473849844,3,0.8785384999999977,0,0.788049778960331,76.58613862700453,0.022366160893215033,15.139393661649192,0.9995792541379525,0
..\..\..\files\weather\hourly\Spresiano.csv,8/5/2019 12:00:00 AM,28.4,17.2,0,5,100,47,0,0,12.799999,11.952821,1078.4202,39.941486,78.01426,78,34.928703,0,0,0,0,0,0,0,0,29,13,27,29,7,19,7,15,1.453652810052631,0,75.44783219954499,-27.666666626930237,6.781263421880203E-13,0.9999999999982818,0.7115475914105005,0.00667,1.0733834999999985,0,0.7637634440847719,76.58613862700453,0.02188250843570703,15.312043190028023,0.9996241044587783,0
..\..\..\files\weather\hourly\Spresiano.csv,8/6/2019 12:00:00 AM,28.6,19.4,0,1,100,52,0,0,14,11.706514,1090.1267,40.37506,78.0232,78,34.883995,0,0,0,0,0,0,0,0,29,13,27,29,7,19,7,15,1.367969858734092,0,76.81580205827908,-27.666666626930237,3.9355994381622505E-13,0.9999999999989599,0.9183168800000003,0.00667,1.0127274999999898,0,0.930004758090191,76.58613862700453,0.02238624076237516,15.535585614861752,0.9996751499745442,0
..\..\..\files\weather\hourly\Spresiano.csv,8/7/2019 12:00:00 AM,29.1,18.3,11,10,100,56,0,0,13.700001,11.787713,1101.9144,40.811646,78.032196,78,34.83902,1,1,1,1,0,0,0,0,30,14,28,30,7,19,7,15,1.2081945767325848,0,78.02399663501166,-27.666666626930237,2.2704929562606562E-13,0.9999999999993535,1,2.4117362170303003,1.0127274999999898,0.002,2.533737721722662,76.87119591393211,0.02238624076237516,15.731191225580906,0.9997140969891642,0
..\..\..\files\weather\hourly\Spresiano.csv,8/8/2019 12:00:00 AM,27.9,18.5,7.4,13,100,58,0,0,13.200001,11.894016,1113.8085,41.252167,78.04128,78,34.793587,1,1,1,1,0,0,0,1,31,15,29,31,7,19,7,16,0.9413947936215309,0,78.96539142863318,-27.666666626930237,1.3020822606897788E-13,0.9999999999995806,0.6566464018185343,3,1.0127274999999898,0,0.6650038688976729,77.77252675442178,0.02238624076237516,15.968937870291347,0.9997552041422646,0
..\..\..\files\weather\hourly\Spresiano.csv,8/9/2019 12:00:00 AM,30.4,19.8,0.2,11,100,53,0,0,15.099998,11.297756,1125.1062,41.6706,78.04991,78,34.750443,0,0,0,0,0,0,0,1,31,15,29,31,7,19,7,17,1.216929489464595,0,80.18232091809776,-27.666666626930237,7.422764460406919E-14,0.9999999999997108,0.8970008473849844,0.16233729832175875,1.0127274999999898,0,0.9084174256700677,77.78340963074722,0.022347555605306057,16.21083429001114,0.9997909686683254,0
..\..\..\files\weather\hourly\Spresiano.csv,8/10/2019 12:00:00 AM,32,19.7,0,10,100,49,0,0,15.85,10.919707,1136.0259,42.07503,78.05825,78,34.708748,0,0,0,0,0,0,0,1,31,15,29,31,7,19,7,18,1.5304365509137057,0,81.71275746901148,-27.666666626930237,4.2063163435053726E-14,0.9999999999997851,0.4866491334103735,0.00667,1.0127274999999898,0,0.49284296025584906,77.78340963074722,0.02238624076237516,16.41778737667372,0.9998173892204882,0
..\..\..\files\weather\hourly\Spresiano.csv,8/11/2019 12:00:00 AM,31,21.3,0,9,100,60,0,0,16.15,10.746079,1146.772,42.473038,78.06645,78,34.66774,0,0,0,0,0,0,0,1,31,15,29,31,7,19,7,19,1.2112043138335566,0,82.92396178284503,-27.666666626930237,2.3694479747258804E-14,0.9999999999998271,0.4629130998764608,0.00667,1.0127274999999898,0,0.4688048263551337,77.78340963074722,0.0223800241229412,16.64581800881525,0.9998426511004518,0
..\..\..\files\weather\hourly\Spresiano.csv,8/12/2019 12:00:00 AM,32.4,22.4,0,11,100,54,0,0,17.400002,9.885679,1156.6576,42.83917,78.074005,78,34.629974,0,0,0,0,0,0,0,1,31,15,29,31,7,19,7,20,1.458375178277582,0,84.3823369611226,-27.666666626930237,1.3267876418514962E-14,0.9999999999998508,0.41373857593964236,0.00667,1.0127274999999898,0,0.4190044336649099,77.78340963074722,0.02228906194204269,16.8623299518596,0.9998633949788885,0
..\..\..\files\weather\hourly\Spresiano.csv,8/13/2019 12:00:00 AM,31.8,21,0.8,11,100,54,0,0,16.4,10.591644,1167.2493,43.231453,78.08209,78,34.58954,0,0,0,1,0,0,0,1,31,15,29,32,7,19,7,21,1.3050791343885944,0,85.6874160955112,-27.666666626930237,7.385240661926681E-15,0.9999999999998641,0.7115475914105005,0.16233729832175875,1.0733834999999985,0,0.7637634440847719,77.78340963074722,0.022347555605306057,17.117141213174058,0.9998843333414766,0
..\..\..\files\weather\hourly\Spresiano.csv,8/14/2019 12:00:00 AM,31.3,19.5,0,4,100,46,0,0,15.4,11.156161,1178.4054,43.64464,78.090614,78,34.54693,0,0,0,0,0,0,0,0,31,15,29,32,7,19,7,21,1.5654503405341345,0,87.25286643604534,-27.666666626930237,4.086362413057612E-15,0.9999999999998715,0.6754706610298398,0.16233729832175875,0,0,0,77.78340963074722,0.02228906194204269,17.247705909403773,0.9998937857372251,0
..\..\..\files\weather\hourly\Spresiano.csv,8/15/2019 12:00:00 AM,26.8,18.2,4.3999996,4,100,42,0,0,12.5,11.981547,1190.387,44.088406,78.09976,78,34.50119,0,1,1,1,0,0,0,0,31,16,30,33,7,19,7,21,1.5614308272072064,0,88.81429726325254,-27.666666626930237,2.2475952410043214E-15,0.9999999999998757,0.9554658487193829,0.8663866671296242,0,0,0,78.18738500041052,0.018717299246157698,17.30466028389433,0.9998976632206031,0
..\..\..\files\weather\hourly\Spresiano.csv,8/16/2019 12:00:00 AM,26.9,16.3,16.4,3,100,39,0,0,11.599998,11.988146,1202.3751,44.532413,78.10892,78,34.455414,1,1,1,1,0,0,0,0,32,17,31,34,7,19,7,21,1.5302679657987452,0,90.34456522905128,-27.666666626930237,1.2288767315785065E-15,0.9999999999998779,1,3,1.0127274999999898,0.002,3.002,80.18286593265424,0.017686593562080025,17.406254082739142,0.9999042317062639,0
..\..\..\files\weather\hourly\Spresiano.csv,8/17/2019 12:00:00 AM,27.5,14.9,1.8,8,100,41,0,0,11.200001,11.9524975,1214.3276,44.975098,78.11804,78,34.40979,1,0,0,1,0,0,0,0,33,17,31,35,7,19,7,21,1.3906820739145898,0,91.73524730296589,-27.666666626930237,6.678939853801137E-16,0.9999999999998791,1,3,1.0127274999999898,0,1.0127274999999898,82.72846976522108,0.013888969432762167,17.50061208557488,0.9999099541709214,0
..\..\..\files\weather\hourly\Spresiano.csv,8/18/2019 12:00:00 AM,28.1,15.3,0.2,12,100,42,0,0,11.700001,11.993336,1226.3209,45.419292,78.127205,78,34.363976,0,0,0,0,0,0,0,0,33,17,31,35,7,19,7,21,1.4375155403116973,0,93.17276284327758,-27.666666626930237,3.608408840791787E-16,0.9999999999998798,1,0.04555995657963896,1.0127274999999898,0,1.0127274999999898,83.17707336302281,0.018717299246157698,17.617476037567812,0.9999165698378771,0
..\..\..\files\weather\hourly\Spresiano.csv,8/19/2019 12:00:00 AM,28.3,17.2,0,12,100,57,0,0,12.75,11.958525,1238.2794,45.8622,78.13634,78,34.318314,0,0,0,0,0,0,0,1,33,17,31,35,7,19,7,22,1.06880016827804,0,94.24156301155563,-27.666666626930237,1.9379070297326153E-16,0.9999999999998801,1,0.00667,1.039618500000003,0,1.039618500000003,83.2237398962743,0.02188250843570703,17.791732512734843,0.9999255427668701,0
..\..\..\files\weather\hourly\Spresiano.csv,8/20/2019 12:00:00 AM,29.7,18.8,0,12,100,49,0,0,14.25,11.628907,1249.9083,46.2929,78.14522,78,34.27391,0,0,0,0,0,0,0,1,33,17,31,35,7,19,7,23,1.3797868631733352,0,95.62134987472893,-27.666666626930237,1.0345682169642482E-16,0.9999999999998803,0.8970008473849844,0.00667,1.0127274999999898,0,0.9084174256700677,83.2237398962743,0.02238624076237516,17.982263963180433,0.9999342531193796,0
..\..\..\files\weather\hourly\Spresiano.csv,8/21/2019 12:00:00 AM,31.9,19.9,0,8,100,42,0,0,15.9,10.891657,1260.7999,46.696293,78.153534,78,34.23233,0,0,0,0,0,0,0,0,33,17,31,35,7,19,7,23,1.617855159152853,0,97.23920503388177,-27.666666626930237,5.4902778130245624E-17,0.9999999999998804,0.9282839056385559,0.00667,1.0127274999999898,0,0.9400986390475612,83.2237398962743,0.02228906194204269,18.197873091453758,0.9999428874556444,0
..\..\..\files\weather\hourly\Spresiano.csv,8/22/2019 12:00:00 AM,31.9,18.3,0,6,100,46,0,0,15.099998,11.297756,1272.0977,47.114727,78.16216,78,34.189186,0,0,0,0,0,0,0,0,33,17,31,35,7,19,7,23,1.2047297989235701,0,98.44393483280535,-27.666666626930237,2.8962663824616283E-17,0.9999999999998804,0.8738172142189775,0.00667,1.0733834999999985,0,0.9379409797586146,83.2237398962743,0.022347555605306057,18.475816347214547,0.9999523667247275,0
..\..\..\files\weather\hourly\Spresiano.csv,8/23/2019 12:00:00 AM,28,19.6,0,0,97,46,0,0,13.799999,11.762096,1283.8597,47.550358,78.17114,78,34.144287,0,0,0,0,0,0,0,0,33,17,31,35,7,19,7,23,1.3046563512176417,0,99.74859118402298,-27.666666626930237,1.5187688467813284E-17,0.9999999999998804,0.8487351070853011,0.00667,1.0699464999999933,0,0.9081011572530374,83.2237398962743,0.02238624076237516,18.67596953122939,0.9999582025862239,0
..\..\..\files\weather\hourly\Spresiano.csv,8/24/2019 12:00:00 AM,27.3,20.3,0.2,4,100,58,0,0,13.799999,11.762096,1295.6218,47.985996,78.18012,78,34.09939,0,0,0,0,0,0,0,0,33,17,31,35,7,19,7,23,0.9756232346379076,0,100.72421441866089,-27.666666626930237,7.916876157299942E-18,0.9999999999998804,0.8615153544905008,0.04555995657963896,1.0127274999999898,0,0.8724802911647698,83.24391076306526,0.0223800241229412,18.885561194180987,0.999963548821732,0
..\..\..\files\weather\hourly\Spresiano.csv,8/25/2019 12:00:00 AM,30.6,19.2,4,9,100,50,0,0,14.900002,11.385002,1307.0068,48.40766,78.18882,78,34.0559,0,1,1,1,0,0,0,0,33,18,32,36,7,19,7,23,1.0495843707681134,0,101.77379878942901,-27.666666626930237,4.1022773273875376E-18,0.9999999999998804,0.9554658487193829,0.7878724263119607,1.0127274999999898,0,0.9676265403089491,83.60274934001909,0.020289083193563175,19.156479111934143,0.9999694590826056,0
..\..\..\files\weather\hourly\Spresiano.csv,8/26/2019 12:00:00 AM,29.9,17.5,0,7,100,44,0,0,13.700001,11.787713,1318.7946,48.844242,79.00596,79,29.970207,0,0,0,0,0,0,0,0,33,18,32,36,7,19,7,23,1.3996045244211859,0,103.1734033138502,-27.666666626930237,2.1130276321283575E-18,0.9999999999998804,0.6754706610298398,0.7878724263119607,0.406626499999998,0,0.2746642707472488,83.60274934001909,0.022150463437232336,19.312698547210065,0.9999724209196176,0
..\..\..\files\weather\hourly\Spresiano.csv,8/27/2019 12:00:00 AM,30.9,18.4,0,3,100,45,0,0,14.65,11.485998,1330.2805,49.26965,79.01333,79,29.933357,0,0,0,0,0,0,0,0,33,18,32,36,7,19,7,23,1.5333058259069945,0,104.70670913975721,-27.666666626930237,1.0819179600598873E-18,0.9999999999998804,0.8738172142189775,0.00667,1.0586914999999948,0,0.9251028572473061,83.60274934001909,0.02188250843570703,19.507424191180505,0.9999757139204254,0
..\..\..\files\weather\hourly\Spresiano.csv,8/28/2019 12:00:00 AM,31.4,17.9,0,3,100,39,0,0,14.65,11.485998,1341.7665,49.695053,79.02069,79,29.896545,0,0,0,0,0,0,0,0,33,18,32,36,7,19,7,23,1.6560168856765296,0,106.36272602543374,-27.666666626930237,5.506713455312875E-19,0.9999999999998804,0.8487351070853011,0.00667,1.0699464999999933,0,0.9081011572530374,83.60274934001909,0.021962370145876757,19.66135793062668,0.9999780364171102,0
..\..\..\files\weather\hourly\Spresiano.csv,8/29/2019 12:00:00 AM,31.6,19.3,0,1,100,44,0,0,15.450001,11.131313,1352.8978,50.107323,79.02783,79,29.86084,0,0,0,0,0,0,0,0,33,18,32,36,7,19,7,23,1.5377565413892846,0,107.90048256682303,-27.666666626930237,2.7861187351385147E-19,0.9999999999998804,0.6754706610298398,0.00667,1.039618500000003,0,0.7022317954138526,83.60274934001909,0.02238624076237516,19.90002746777908,0.9999812060288353,0
..\..\..\files\weather\hourly\Spresiano.csv,8/30/2019 12:00:00 AM,32,20.7,0,0,100,43,0,0,16.35,10.6232395,1363.5211,50.500782,79.034645,79,29.826775,0,0,0,0,0,0,0,0,33,18,32,36,7,19,7,23,1.6000996564780174,0,109.50058222330105,-27.666666626930237,1.401250424776744E-19,0.9999999999998804,0.5545010895376001,0.00667,1.0586914999999948,0,0.5870455902341933,83.60274934001909,0.022366160893215033,20.15078259965019,0.9999840446458882,0
..\..\..\files\weather\hourly\Spresiano.csv,8/31/2019 12:00:00 AM,32.1,20.8,0,0,95,38,0,0,16.449999,10.559696,1374.0808,50.891884,79.04142,79,29.7929,0,0,0,0,0,0,0,0,33,18,32,36,7,19,7,23,1.754465220846222,0,111.25504744414727,-27.666666626930237,7.00552823973027E-20,0.9999999999998804,0.5760130165962465,0.00667,0,0,0,83.60274934001909,0.02202840411148315,20.29969539202896,0.9999855230874911,0
..\..\..\files\weather\hourly\Spresiano.csv,9/1/2019 12:00:00 AM,32.8,19.7,0,0,88,35,0,0,16.25,10.685367,1384.7662,51.28764,79.04827,79,29.758644,0,0,0,0,0,0,0,0,33,18,32,36,7,19,7,23,2.0858628151690977,0,113.34091025931636,-27.666666626930237,3.4815690514548475E-20,0.9999999999998804,0.9468545707053291,0.00667,0.8194314999999932,0,0.7758824611549174,83.60274934001909,0.019690615945384234,20.39251577867006,0.9999863744888843,0
..\..\..\files\weather\hourly\Spresiano.csv,9/2/2019 12:00:00 AM,32.6,18.7,0,0,99,38,0,0,15.65,11.0283575,1395.7946,51.69609,79.05534,79,29.723282,0,0,0,0,0,0,0,0,33,18,32,36,7,19,7,23,2.0899565083312477,0,115.43086676764761,-27.666666626930237,1.7199591506429655E-20,0.9999999999998804,0.9468545707053291,0.00667,1.039618500000003,0,0.9843675285148211,83.60274934001909,0.019690615945384234,20.458013152899426,0.9999869449588683,0
..\..\..\files\weather\hourly\Spresiano.csv,9/3/2019 12:00:00 AM,28.2,18,0.2,7,100,51,0,0,13.1,11.91091,1407.7054,52.137238,79.06298,79,29.685097,0,0,0,0,0,0,0,0,33,18,32,36,7,19,7,23,1.5878150884360738,0,117.0186818560837,-27.666666626930237,8.446372798233612E-21,0.9999999999998804,0.8856445121488321,0.04555995657963896,0,0,0,83.73326323619101,0.01937481351741991,20.615225395568196,0.9999882186780099,0
..\..\..\files\weather\hourly\Spresiano.csv,9/4/2019 12:00:00 AM,27.1,16,0,0,99,40,0,0,11.549999,11.984993,1419.6904,52.581127,79.07067,79,29.646645,0,0,0,0,0,0,0,0,33,18,32,36,7,19,7,23,1.7832291941102156,0,118.80191105019392,-27.666666626930237,4.1231710678931665E-21,0.9999999999998804,1,0.04555995657963896,0.06512749999999556,0,0.06512749999999556,83.73326323619101,0.01558000750382171,20.706430140275447,0.9999888998453851,0
..\..\..\files\weather\hourly\Spresiano.csv,9/5/2019 12:00:00 AM,27.3,13.9,0,4,99,35,0,0,10.599998,11.854118,1431.5446,53.02017,79.07827,79,29.60865,0,0,0,0,0,0,0,0,33,18,32,36,7,19,7,23,1.7872391280786253,0,120.58915017827255,-27.666666626930237,2.0007897591071954E-21,0.9999999999998804,1,0.00667,0.5048235000000005,0,0.5048235000000005,83.73326323619101,0.012032217562516991,20.782043883299327,0.9999894346103597,0
..\..\..\files\weather\hourly\Spresiano.csv,9/6/2019 12:00:00 AM,29.6,12.7,0,5,100,30,0,0,11.15,11.94636,1443.491,53.46263,84.00327,84,12.491817,0,0,0,0,0,0,0,0,33,18,32,36,7,19,7,23,1.9383603891355194,0,122.52751056740806,-27.666666626930237,9.651183034750017E-22,0.9999999999998804,0.9713586541453613,0.00667,0,0,0,83.73326323619101,0.007825669133839292,20.820005425870836,0.9999896932937796,0
..\..\..\files\weather\hourly\Spresiano.csv,9/7/2019 12:00:00 AM,21.3,14.9,21.2,19,100,58,0,0,8.099998,10.853226,1454.3442,53.864605,84.00945,84,12.476368,1,1,1,1,0,0,0,1,34,19,33,37,7,19,7,24,-0.5063971676354152,0,122.02111339977264,-27.666666626930237,4.627736713593974E-22,0.9999999999998804,0.9366269135599457,3,1.0127274999999898,0,0.9485478326022703,87.73326323619101,0.01937481351741991,20.99273682246544,0.9999907926532935,0
..\..\..\files\weather\hourly\Spresiano.csv,9/8/2019 12:00:00 AM,24.2,13.3,0.4,11,100,49,0,0,8.75,11.206497,1465.5508,54.279663,84.01584,84,12.460403,1,0,0,1,0,0,0,0,35,19,33,38,7,19,7,24,1.2600273122416885,0,123.28114071201432,-27.666666626930237,2.2057979428972697E-22,0.9999999999998804,0.9858924031138201,3,1.0127274999999898,0,0.9984403486744412,91.295263236191,0.008797519803217085,21.05948959820837,0.9999911853742912,0
..\..\..\files\weather\hourly\Spresiano.csv,9/9/2019 12:00:00 AM,18,12.4,37,16,100,77,0,0,5.2,8.446211,1473.997,54.59248,84.02065,84,12.448368,1,1,1,1,0,0,1,1,36,20,34,39,7,19,8,25,-0.9565064170384412,0,122.32463429497588,-27.666666626930237,1.0451335910203377E-22,0.9999999999998804,0.6025883430243248,3,1.0127274999999898,0,0.6102577861601608,95.0771262456942,0.011188886303012967,21.226391709681067,0.9999920955512764,0
..\..\..\files\weather\hourly\Spresiano.csv,9/10/2019 12:00:00 AM,22.5,11,0,8,100,49,0,0,6.75,9.904776,1483.9017,54.95932,84.0263,84,12.434254,1,0,0,0,0,0,0,0,37,20,34,39,7,19,8,25,1.0550325193922696,0,123.37966681436814,-27.666666626930237,4.9225130890050505E-23,0.9999999999998804,0.9366269135599457,3,1.0586914999999948,0,0.9915989520571443,95.19198239084781,0.0065316295609046185,21.2785873636702,0.9999923604240255,0
..\..\..\files\weather\hourly\Spresiano.csv,9/11/2019 12:00:00 AM,24.5,12.6,0,6,100,42,0,0,8.549999,11.104855,1495.0066,55.370617,84.03262,84,12.418442,0,0,0,0,0,0,0,0,37,20,34,39,7,19,8,25,1.4156736782161925,0,124.79534049258433,-27.666666626930237,2.3046816665986212E-23,0.9999999999998804,0.6376365667763976,0.00667,1.0127274999999898,0,0.6457520861800377,95.19198239084781,0.008797519803217085,21.351363265184514,0.9999927149841561,0
..\..\..\files\weather\hourly\Spresiano.csv,9/12/2019 12:00:00 AM,26.2,10.9,0,6,100,35,0,0,8.549999,11.104855,1506.1115,55.781906,84.038956,84,12.402611,0,0,0,0,0,0,0,0,37,20,34,39,7,19,8,25,1.6707119198173637,0,126.4660524124017,-27.666666626930237,1.0726153525366728E-23,0.9999999999998804,0.8730149674241063,0.00667,1.0127274999999898,0,0.8841262654219877,95.19198239084781,0.012032217562516991,21.424124360305097,0.9999930530216975,0
..\..\..\files\weather\hourly\Spresiano.csv,9/13/2019 12:00:00 AM,28.7,13.4,0,7,100,33,0,0,11.049999,11.932967,1518.0444,56.22387,88.00263,88,2.4934196,0,0,0,0,0,0,0,0,37,20,34,39,7,19,8,25,1.7974091790210482,0,128.26346159142275,-27.666666626930237,4.9623348315416086E-24,0.9999999999998804,0.9283935050000003,0.00667,1.0127274999999898,0,0.9402096333348783,95.19198239084781,0.012626804686059756,21.501133656065356,0.9999933937254379,0
..\..\..\files\weather\hourly\Spresiano.csv,9/14/2019 12:00:00 AM,28.7,14.3,0,9,100,39,0,0,11.5,11.981468,1530.0259,56.667625,88.00785,88,2.4803734,0,0,0,0,0,0,0,0,37,20,34,39,7,19,8,25,1.7667175599306786,0,130.03017915135342,-27.666666626930237,2.2821128425943563E-24,0.9999999999998804,1,0.00667,1.0127274999999898,0,1.0127274999999898,95.19198239084781,0.01146344546544497,21.58400665263523,0.9999937417287058,0
..\..\..\files\weather\hourly\Spresiano.csv,9/15/2019 12:00:00 AM,28.5,14.5,0,9,100,40,0,0,11.5,11.981468,1542.0073,57.11138,88.01308,88,2.467308,0,0,0,0,0,0,0,0,37,20,34,39,7,19,8,25,1.7023704439762644,0,131.7325495953297,-27.666666626930237,1.0432710577401432E-24,0.9999999999998804,1,0.00667,1.0733834999999985,0,1.0733834999999985,95.19198239084781,0.016984205259025983,21.697288313141044,0.9999941879619372,0
..\..\..\files\weather\hourly\Spresiano.csv,9/16/2019 12:00:00 AM,28.6,15.5,0,5,100,43,0,0,12.049999,11.999815,1554.0071,57.555817,88.0183,88,2.4542427,0,0,0,0,0,0,0,0,37,20,34,39,7,19,8,25,1.720071843494977,0,133.45262143882465,-27.666666626930237,4.740958984376773E-25,0.9999999999998804,1,0.00667,1.0127274999999898,0,1.0127274999999898,95.19198239084781,0.02202840411148315,21.86111912457833,0.9999947776365394,0
..\..\..\files\weather\hourly\Spresiano.csv,9/17/2019 12:00:00 AM,28.3,15.6,0,7,100,49,0,0,11.950001,11.999815,1566.0068,58.000256,88.02353,88,2.4411774,0,0,0,0,0,0,0,0,37,20,34,39,7,19,8,25,1.5065987232485918,0,134.95922016207325,-27.666666626930237,2.1416289605304624E-25,0.9999999999998804,0.8615153544905008,0.00667,1.0127274999999898,0,0.8724802911647698,95.25677459811484,0.022366160893215033,22.038989550654883,0.9999953503080609,0
..\..\..\files\weather\hourly\Spresiano.csv,9/18/2019 12:00:00 AM,26,19.5,0,2,100,65,0,0,12.75,11.958525,1577.9653,58.443157,88.02874,88,2.4281502,0,0,0,0,0,0,0,0,37,20,34,39,7,19,8,25,1.0824695283689612,0,136.0416896904422,-27.666666626930237,9.616814926134908E-26,0.9999999999998804,0.7617916937283922,0.00667,1.0127274999999898,0,0.7714873975103125,95.62138064512482,0.02238624076237516,22.34305638056956,0.9999961876501922,0
..\..\..\files\weather\hourly\Spresiano.csv,9/19/2019 12:00:00 AM,25,17.1,0,3,100,59,0,0,11.049999,11.932967,1589.8983,58.88512,88.03394,88,2.415142,0,0,0,0,0,0,0,0,37,20,34,39,7,19,8,25,1.228450102521361,0,137.27013979296356,-27.666666626930237,4.292667789348855E-26,0.9999999999998804,1,0.00667,0,0,0,95.62138064512482,0.021713745435454904,22.495867597429637,0.9999965497033843,0
..\..\..\files\weather\hourly\Spresiano.csv,9/20/2019 12:00:00 AM,23,14.6,0,0,60,31,0,0,8.799999,11.230931,1601.1293,59.301083,88.03883,88,2.402916,0,0,0,0,0,0,0,0,37,20,34,39,7,19,8,25,1.756175292274684,0,139.02631508523825,-27.666666626930237,1.904725057962546E-26,0.9999999999998804,0.8925932823203383,0.00667,0,0,0,95.62138064512482,0,22.495867597429637,0.9999965497033843,0
..\..\..\files\weather\hourly\Spresiano.csv,9/21/2019 12:00:00 AM,20.4,8.7,0,5,100,35,0,-1.2277775,4.622222,7.7118573,1608.8412,59.586708,88.0422,88,2.3945045,0,0,0,0,0,0,0,0,37,20,34,39,7,19,8,25,1.3756691461953845,0,140.40198423143363,0,1.183007059957957E-27,0.9999999999998804,0,0.00667,1.0127274999999898,0,0,95.62138064512482,0.004012593522207451,22.5119269714119,0.9999965856967369,0
..\..\..\files\weather\hourly\Spresiano.csv,9/22/2019 12:00:00 AM,22.7,6.8,0,13,100,29,0,-2.8779864,5.0720134,7.9457684,1616.787,59.881,88.04566,88,2.3858452,0,0,0,0,0,0,0,0,37,20,34,39,7,19,8,25,1.4182237988657889,0,141.82020803029943,0,0,0,0.08894402745566253,0.00667,1.039618500000003,0,0.09246785640741498,95.62138064512482,0.0038671226057638334,22.540542135614785,0.9999966489029191,0
..\..\..\files\weather\hourly\Spresiano.csv,9/23/2019 12:00:00 AM,17.4,9.4,0,11,100,58,0,-0.57750034,3.4224997,6.2247257,1623.0117,60.111546,88.04837,88,2.379074,0,0,0,0,0,0,0,0,37,20,34,39,7,19,8,25,0.5618503429683859,0,142.38205837326782,0,0,0,0.4425485754057126,0.00667,1.039618500000003,0,0.46008168614042516,95.82756417862225,0.004676907099441197,22.57865910064791,0.9999967312833631,0
..\..\..\files\weather\hourly\Spresiano.csv,9/24/2019 12:00:00 AM,15.7,11.9,14.8,18,100,87,0,0,3.7999992,6.77004,1629.7817,60.362286,88.05132,88,2.3716927,1,1,1,1,0,0,0,0,38,21,35,40,7,19,8,25,-1.1279271857847242,0,141.2541311874831,7.307067151742153,0,0,0.9522124284853493,2.932907007471008,1.0127274999999898,0,0.9643317121688868,99.16831547943836,0.0065316295609046185,22.7064629619424,0.9999969930037661,0
..\..\..\files\weather\hourly\Spresiano.csv,9/25/2019 12:00:00 AM,23.9,11.9,0,5,100,49,0,0,7.8999996,10.7311325,1640.5128,60.759735,88.056,88,2.3600006,1,0,0,0,0,0,0,0,39,21,35,40,7,19,8,25,1.2290759485538398,0,142.48320713603692,7.307067151742153,0,0,0.5140158513250828,2.932907007471008,1.039618500000003,0,0.5343803883308071,99.29783917798257,0.01092090481039161,22.77853297119213,0.9999971312396444,0
..\..\..\files\weather\hourly\Spresiano.csv,9/26/2019 12:00:00 AM,20.3,11.4,1.4,17,100,78,0,0,5.8499994,9.107165,1649.62,61.09704,88.05997,88,2.3500824,0,0,0,1,0,0,0,0,39,21,35,41,7,19,8,25,-0.3358947192924224,0,142.1473124167445,7.307067151742153,0,0,0.6025883430243248,0.27927584806868294,1.0127274999999898,0,0.6102577861601608,100.46934931267837,0.018717299246157698,22.96738267072309,0.9999974640677594,0
..\..\..\files\weather\hourly\Spresiano.csv,9/27/2019 12:00:00 AM,24.1,10.6,0.2,8,100,45,0,0,7.3500004,10.362514,1659.9825,61.48083,88.06448,88,2.338791,0,0,0,0,0,0,0,0,39,21,35,41,7,19,8,25,1.2069946685100625,0,143.35430708525456,0.8320670325328638,0,0,0.7717954341305004,0.31829118865205863,1.039618500000003,0,0.8023728115376021,101.03855267877134,0.008592052457706709,23.02812163120941,0.9999975626806085,0
..\..\..\files\weather\hourly\Spresiano.csv,9/28/2019 12:00:00 AM,21.2,12.9,0,3,100,60,0,0,7.049999,10.140954,1670.1235,61.856426,88.0689,88,2.3277473,0,0,0,0,0,0,0,0,39,21,35,41,7,19,8,25,0.6558735347400483,0,144.0101806199946,-6.842933059854335,0,0,1,0.04555995657963896,1.0127274999999898,0,1.0127274999999898,101.77613224969734,0.008797519803217085,23.126137618687363,0.9999977137922029,0
..\..\..\files\weather\hourly\Spresiano.csv,9/29/2019 12:00:00 AM,24,16.7,0,4,100,62,0,0,10.35,11.797127,1681.9207,62.293358,88.07404,88,2.3148918,0,0,0,0,0,0,0,0,39,21,35,41,7,19,8,25,0.6132333477216036,0,144.6234139677162,-6.842933059854335,0,0,1,0.00667,1.0127274999999898,0,1.0127274999999898,102.65894164261765,0.02188250843570703,23.349806006614386,0.9999980244651752,0
..\..\..\files\weather\hourly\Spresiano.csv,9/30/2019 12:00:00 AM,24.5,14.3,0,12,100,59,0,0,9.4,11.49389,1693.4146,62.71906,88.07905,88,2.3023796,0,0,0,0,0,0,0,0,39,21,35,41,7,19,8,25,0.9643913359389992,0,145.58780530365522,-6.842933059854335,0,0,0.8628167598542678,0.00667,1.0127274999999898,0,0.8737982601653042,103.31515175694813,0.020289083193563175,23.49356376691907,0.9999982014776158,0
..\..\..\files\weather\hourly\Spresiano.csv,10/1/2019 12:00:00 AM,24.9,12.8,0.2,10,100,53,0,0,8.85,11.254976,1704.6696,63.13591,88.083954,88,2.2901154,0,0,0,0,0,0,0,0,39,21,35,41,7,19,8,25,0,0,0,-6.842933059854335,0,0,1,0.04555995657963896,1.0127274999999898,0,1.0127274999999898,103.87737830382312,0.017336172166717727,23.623344367707723,0.9999983476165333,0
..\..\..\files\weather\hourly\Spresiano.csv,10/2/2019 12:00:00 AM,24.2,18.2,0,1,100,68,0,0,11.200001,11.9524975,1716.6221,63.578594,88.08916,88,2.2771072,0,0,0,0,0,0,0,0,39,21,35,41,7,19,8,25,0,0,0,-12.231168313592757,0,0,1,0.00667,1.0127274999999898,0,1.0127274999999898,104.71033782387421,0.022366160893215033,23.896462896500896,0.9999986175289601,0
..\..\..\files\weather\hourly\Spresiano.csv,10/3/2019 12:00:00 AM,21.2,14.4,3.6,7,100,72,0,0,7.799999,10.667704,1727.2898,63.973694,88.09381,88,2.2654724,0,0,1,0,0,0,0,0,39,21,36,41,7,19,8,25,0,0,0,-12.231168313592757,0,0,0.9366269135599457,0.7094297282272366,1.0699464999999933,0,1.00214068796926,105.70479071029825,0.018717299246157698,24.131771198744367,0.9999988144387589,0
..\..\..\files\weather\hourly\Spresiano.csv,10/4/2019 12:00:00 AM,18.9,7.2,3,12,100,39,0,-2.464957,3.3850424,5.7220416,1733.0118,64.18562,88.0963,88,2.2592545,0,0,1,0,0,0,0,0,39,21,37,41,7,19,8,25,0,0,0,-14.219403665678843,0,0,0,1.2994960798827395,1.039618500000003,0,0,105.70479071029825,0.005387947968721866,24.185879889611293,0.9999988555967421,0
..\..\..\files\weather\hourly\Spresiano.csv,10/5/2019 12:00:00 AM,17,6.2,0,8,100,46,0,-3.1314821,2.2685184,3.3628306,1736.3746,64.310165,88.09776,88,2.2555923,0,0,0,0,0,0,0,0,39,21,37,41,7,19,8,25,0,0,0,-16.807638922397498,0,0,0.4246421329706381,0.00667,1.039618500000003,0,0.44146581731573664,105.70479071029825,0.003797135744565161,24.2263162451723,0.9999988854191624,0
..\..\..\files\weather\hourly\Spresiano.csv,10/6/2019 12:00:00 AM,20.2,7.5,0,5,100,47,0,-2.2539368,4.0960636,6.8360662,1743.2107,64.563354,88.100746,88,2.2481346,0,0,0,0,0,0,0,0,39,21,37,41,7,19,8,25,0,0,0,-16.807638922397498,0,0,0.08894402745566253,0.00667,1.0127274999999898,0,0.09007606256510357,105.70479071029825,0.004411169412204812,24.263003618994745,0.9999989118036925,0
..\..\..\files\weather\hourly\Spresiano.csv,10/7/2019 12:00:00 AM,17.4,6.8,0.2,11,100,50,0,-2.7169814,2.5830188,4.22999,1747.4407,64.720024,88.102585,88,2.243538,0,0,0,0,0,0,0,0,39,21,37,41,7,19,8,25,0,0,0,-16.807638922397498,0,0,0.759281338632958,0.04555995657963896,0,0,0,105.70479071029825,0.005170660736119892,24.307334016564752,0.999998942852939,0
..\..\..\files\weather\hourly\Spresiano.csv,10/8/2019 12:00:00 AM,19.5,8.1,0.4,3,99,41,0,-1.7416663,3.9583335,6.7700415,1754.2107,64.970764,88.10554,88,2.2361565,0,0,0,0,0,0,0,0,39,21,37,41,7,19,8,25,0,0,0,-22.19587417613592,0,0,0,0.08446782515981173,1.039618500000003,0,0,105.70479071029825,0.00408819456442347,24.34633578269411,0.9999989694365538,0
..\..\..\files\weather\hourly\Spresiano.csv,10/9/2019 12:00:00 AM,18.2,7.7,0,4,100,45,0,-2.048096,3.201905,5.5739255,1759.7847,65.17721,88.10796,88,2.230091,0,0,0,0,0,0,0,0,39,21,37,41,7,19,8,25,0,0,0,-27.38410942689411,0,0,0.4604444841547959,0.00667,1.039618500000003,0,0.4786866039502841,105.70479071029825,0.003240282403682738,24.382169700314392,0.9999989932713119,0
..\..\..\files\weather\hourly\Spresiano.csv,10/10/2019 12:00:00 AM,16.2,11.7,2.8,9,100,69,0,0,3.9500008,6.966711,1766.7513,65.435234,88.111,88,2.2224998,0,0,1,0,0,0,0,0,39,21,38,41,7,19,8,25,0,0,0,-27.38410942689411,0,0,0.7840636206869015,0.5527593870790668,1.0127274999999898,0,0.794042790419186,106.39432543672353,0.006251742673270176,24.473902744314636,0.9999990518053747,0
..\..\..\files\weather\hourly\Spresiano.csv,10/11/2019 12:00:00 AM,20.3,11.2,0,15,100,58,0,0,5.75,9.010175,1775.7615,65.76894,88.11493,88,2.212677,0,0,0,0,0,0,0,0,39,21,38,41,7,19,8,25,0,0,0,-30.17234473129648,0,0,0.8078508757402331,0.5527593870790668,1.0699464999999933,0,0.8643572170201919,107.10277535135057,0.009008791018073715,24.55342582671309,0.999999099787152,0
..\..\..\files\weather\hourly\Spresiano.csv,10/12/2019 12:00:00 AM,22.3,8.5,0,13,100,37,0,-1.4184785,5.481521,8.657299,1784.4188,66.08959,88.1187,88,2.2032547,0,0,0,0,0,0,0,0,39,21,38,41,7,19,8,25,0,0,0,-30.17234473129648,0,0,0,0.00667,1.0127274999999898,0,0,107.10277535135057,0.006677672465257637,24.599618206671234,0.9999991265353823,0
..\..\..\files\weather\hourly\Spresiano.csv,10/13/2019 12:00:00 AM,20.3,7.8,0,14,100,55,0,-2.0063996,4.2435994,7.0954876,1791.5143,66.35238,88.121796,88,2.1955109,0,0,0,0,0,0,0,0,39,21,38,41,7,19,8,25,0,0,0,-30.17234473129648,0,0,0.08894402745566253,0.00667,1.0127274999999898,0,0.09007606256510357,107.10277535135057,0.006389694580901679,24.644327130981264,0.999999151667458,0
..\..\..\files\weather\hourly\Spresiano.csv,10/14/2019 12:00:00 AM,19.8,7.9,0,12,100,63,0,-1.9147058,4.0352936,6.8360653,1798.3503,66.60557,88.12477,88,2.1880722,0,0,0,0,0,0,0,0,39,21,38,41,7,19,8,25,0,0,0,-30.17234473129648,0,0,0.6896544269173648,0.00667,1.0127274999999898,0,0.6984320036359485,107.10277535135057,0.008009205785633211,24.714718473104604,0.9999991897788946,0
..\..\..\files\weather\hourly\Spresiano.csv,10/15/2019 12:00:00 AM,20.8,13.7,0,9,100,58,0,0,7.25,10.2902775,1808.6406,66.986694,88.12926,88,2.176857,0,0,0,0,0,0,0,0,39,21,38,41,7,19,8,25,0,0,0,-30.17234473129648,0,0,0.8078508757402331,0.00667,1.039618500000003,0,0.83985671566075,108.0624520774451,0.010156218181460307,24.83077212533559,0.9999992489109839,0
..\..\..\files\weather\hourly\Spresiano.csv,10/16/2019 12:00:00 AM,17,14.1,16.400002,14,100,92,0,0,5.55,8.811095,1817.4517,67.31303,88.133095,88,2.167263,1,0,1,0,0,0,0,0,40,21,39,41,7,19,8,25,0,0,0,-29.986891123648757,0,0,0.9445675210548152,3,1.0127274999999898,0,0.9565895041790308,111.89459440038115,0.008797519803217085,24.993793621134362,0.9999993247579791,0
..\..\..\files\weather\hourly\Spresiano.csv,10/17/2019 12:00:00 AM,21.4,10.3,0.2,15,100,58,0,0,5.8500004,9.107166,1826.5588,67.65033,88.13706,88,2.1573448,1,0,0,0,0,0,0,0,41,21,39,41,7,19,8,25,0,0,0,-29.986891123648757,0,0,0.22841506569382938,3,1.0127274999999898,0,0.23132221844244527,115.09833769224257,0.014552623975001436,25.093611349537667,0.999999367367161,0
..\..\..\files\weather\hourly\Spresiano.csv,10/18/2019 12:00:00 AM,20.7,9,0.2,14,100,57,0,-0.9572649,4.8927355,8.060055,1834.6189,67.948845,88.14057,88,2.148571,0,0,0,0,0,0,0,0,41,21,39,41,7,19,8,25,0,0,0,-35.375126377387176,0,0,0.7335267383413079,0.04555995657963896,1.0127274999999898,0,0.7428626999035394,115.09833769224257,0.008392263433758713,25.155315200896293,0.9999993923508751,0
..\..\..\files\weather\hourly\Spresiano.csv,10/19/2019 12:00:00 AM,19.7,12.7,0,11,100,66,0,0,6.200001,9.433372,1844.0522,68.29823,88.144684,88,2.1382904,0,0,0,0,0,0,0,0,41,21,39,41,7,19,8,25,0,0,0,-40.7633616311256,0,0,0.7717954341305004,0.00667,1.0127274999999898,0,0.7816184605183885,116.06504097392524,0.011188886303012967,25.270573830327844,0.9999994364062136,0
..\..\..\files\weather\hourly\Spresiano.csv,10/20/2019 12:00:00 AM,19.8,14.2,0,7,100,72,0,0,7,10.102611,1854.1549,68.67241,88.149086,88,2.127285,0,0,0,0,0,0,0,0,41,21,39,41,7,19,8,25,0,0,0,-40.7633616311256,0,0,1,0.00667,1.0733834999999985,0,1.0733834999999985,117.03668437224,0.012933503733454893,25.427087731014446,0.9999994911617401,0
..\..\..\files\weather\hourly\Spresiano.csv,10/21/2019 12:00:00 AM,23,14.4,0,0,100,55,0,0,8.700001,11.181672,1865.3365,69.08654,88.15396,88,2.115097,0,0,0,0,0,0,0,0,41,21,39,41,7,19,8,25,0,0,0,-40.7633616311256,0,0,1,0.00667,1.0586914999999948,0,1.0586914999999948,117.81802622121738,0.018717299246157698,25.56147390348281,0.9999995339112548,0
..\..\..\files\weather\hourly\Spresiano.csv,10/22/2019 12:00:00 AM,20.1,12.6,0,7,100,80,0,0,6.3500004,9.566902,1874.9034,69.440865,88.15813,88,2.104683,0,0,0,0,0,0,0,0,41,21,39,41,7,19,8,25,0,0,0,-40.7633616311256,0,0,0.6376365667763976,0.00667,1.0127274999999898,0,0.6457520861800377,118.8697990648561,0.016631713933684684,25.771967466357022,0.9999995937682581,0
..\..\..\files\weather\hourly\Spresiano.csv,10/23/2019 12:00:00 AM,24.5,10.5,0.2,15,100,53,0,0,7.5,10.46785,1885.3713,69.82857,88.16269,88,2.093277,0,0,0,0,0,0,0,0,41,21,39,41,7,19,8,25,0,0,0,-40.7633616311256,0,0,0.4604444841547959,0.04555995657963896,1.0127274999999898,0,0.46630479132687136,119.79554456077426,0.01592879192856255,25.85754408476015,0.9999996158464783,0
..\..\..\files\weather\hourly\Spresiano.csv,10/24/2019 12:00:00 AM,25.6,9.3,0,16,100,46,0,-0.68496895,7.4650316,10.43314,1895.8044,70.21498,88.16724,88,2.0819092,0,0,0,0,0,0,0,0,41,21,39,41,7,19,8,25,0,0,0,-46.15159688486402,0,0,0.8416166261711313,0.00667,1.0127274999999898,0,0.8523283017807158,120.31069653986633,0.012626804686059756,25.921249029786047,0.9999996314991761,0
..\..\..\files\weather\hourly\Spresiano.csv,10/25/2019 12:00:00 AM,20.3,11.4,0.4,9,100,65,0,0,5.8499994,9.107165,1904.9116,70.552284,88.1712,88,2.071991,0,0,0,0,0,0,0,0,41,21,39,41,7,19,8,25,0,0,0,-46.15159688486402,0,0,0.9283935050000003,0.08446782515981173,1.0127274999999898,0,0.9402096333348783,121.25102772021962,0.01092090481039161,26.03673347955764,0.999999658266356,0
..\..\..\files\weather\hourly\Spresiano.csv,10/26/2019 12:00:00 AM,23.7,9.3,0,12,100,42,0,-0.6829858,6.517014,9.696697,1914.6083,70.91142,88.17543,88,2.0614243,0,0,0,0,0,0,0,0,41,21,39,41,7,19,8,25,0,0,0,-51.33983213562221,0,0,0.35301413131920006,0.04555995657963896,1.0568034999999938,0,0.37306656952758804,121.5607777950685,0.008009205785633211,26.095522376562528,0.9999996711365984,0
..\..\..\files\weather\hourly\Spresiano.csv,10/27/2019 12:00:00 AM,24.4,9.3,0,7,100,37,-0.6837754,-0.6837754,0,0,0,0,0,0,0,0,0,0,0,0,0,0,0,0,0,0,0,0,0,0,0,0,0,0,-51.33983213562221,0,0,0.07183363971635004,0.00667,1.0127274999999898,0,0.07274790236583915,121.5607777950685,0.004866371005505038,0,0.9999996794183692,0
..\..\..\files\weather\hourly\Spresiano.csv,10/28/2019 12:00:00 AM,21.1,7.2,0,14,100,54,-3.2017608,-2.5179853,0,0,0,0,0,0,0,0,0,0,0,0,0,0,0,0,0,0,0,0,0,0,0,0,0,0,-51.33983213562221,0,0,0.6550556597200801,0.00667,1.0127274999999898,0,0.6633928806291607,121.5607777950685,0.004770355288673625,0.04138029768286914,0.0003189491501454426,0
..\..\..\files\weather\hourly\Spresiano.csv,10/29/2019 12:00:00 AM,18.8,10.9,2,15,100,68,-3.2017608,0,0,0,0,0,0,0,0,0,0,0,0,0,0,0,0,0,0,0,0,0,0,0,0,0,0,0,-51.33983213562221,0,0,0.7717954341305004,0.9449726436986645,1.0127274999999898,0.002,0.9435876038800989,122.55382684799109,0.009449219782398146,0.12883000753411683,0.0004986337222184241,0
..\..\..\files\weather\hourly\Spresiano.csv,10/30/2019 12:00:00 AM,15,12.1,5.4,13,100,77,-3.2017608,0,0,0,0,0,0,0,0,0,0,1,0,0,0,0,0,0,0,1,0,0,0,0,0,0,0,0,-54.928067392340864,0,0,0.5495796938774262,2.531737775403546,0,0,0,125.09036932996533,0.005617661929105107,0.2367576154249704,0.0008365646233528756,0
..\..\..\files\weather\hourly\Spresiano.csv,10/31/2019 12:00:00 AM,14.2,10.5,0,0,74,52,-3.2017608,0,0,0,0,0,0,0,0,0,0,0,0,0,0,0,0,0,0,0,0,0,0,0,0,0,0,0,-55.11630255369209,0,0,0.2638456677941875,0.8663867227278098,0,0,0,125.09036932996533,0.0031856629874382945,0.2517167487186576,0.0008962210413741762,0
..\..\..\files\weather\hourly\Spresiano.csv,11/1/2019 12:00:00 AM,14.3,5.9,0,0,82,48,-6.3011656,-3.0994048,0,0,0,0,0,0,0,0,0,0,0,0,0,0,0,0,0,0,0,0,0,0,0,0,0,0,-55.11630255369209,0,0,0,0.00667,0.3006114999999987,0,0,125.09036932996533,0.0026212459086974314,0.284417012858712,0.001039444183289275,0
..\..\..\files\weather\hourly\Spresiano.csv,11/2/2019 12:00:00 AM,14,4.2,0,0,98,47,-10.38484,-4.083674,0,0,0,0,0,0,0,0,0,0,0,0,0,0,0,0,0,0,0,0,0,0,0,0,0,0,-55.11630255369209,0,0,0.12340519363629367,0.00667,0,0,0,125.09036932996533,0.0030802731473356464,0.31422037772192934,0.0011865818078963405,0
..\..\..\files\weather\hourly\Spresiano.csv,11/3/2019 12:00:00 AM,10.8,9.2,7.2000003,13,100,71,-10.98484,-0.60000014,0,0,0,0,0,0,0,0,0,0,0,0,0,0,0,0,0,0,0,0,0,0,0,0,0,0,-55.11630255369209,0,0,0.3172687565006287,1.4970804922967014,1.0127274999999898,0.002,0.4881659227397176,125.4321762881995,0.0026212459086974314,0.3691251739724327,0.001504299410132313,0
..\..\..\files\weather\hourly\Spresiano.csv,11/4/2019 12:00:00 AM,16.4,11,13,21,100,99,-10.98484,0,0,0,0,0,0,0,0,1,0,1,0,0,0,1,0,1,0,1,0,0,0,1,0,0,0,0,-46.41874130128417,0,0,0.4783244392312507,3,1.0127274999999898,0,0.48441231353156156,128.02322312668207,0.007647283576645276,0.466890439780304,0.0022485558988575285,0
..\..\..\files\weather\hourly\Spresiano.csv,11/5/2019 12:00:00 AM,14.8,10.9,1.6,14,100,81,-10.98484,0,0,0,0,0,0,0,0,1,0,0,0,0,0,0,0,1,0,0,0,0,0,0,0,0,0,0,-46.41874130128417,0,0,0.5495796938774262,2.411736312334866,1.039618500000003,0,0.5713532169793107,129.77867071061627,0.005387947968721866,0.5484476205850308,0.0030849159097971275,0
..\..\..\files\weather\hourly\Spresiano.csv,11/6/2019 12:00:00 AM,16.8,11.8,10.6,19,100,81,-10.98484,0,0,0,0,0,0,0,0,1,0,1,0,1,0,0,0,1,0,1,0,1,0,0,0,0,0,-32.605651962092274,-56.3211803111367,0,0,0.6025883430243248,2.4117363153131333,1.0127274999999898,0,0.6102577861601608,132.28993929053323,0.008392263433758713,0.6564529004696461,0.00457320252827753,0
..\..\..\files\weather\hourly\Spresiano.csv,11/7/2019 12:00:00 AM,13.4,5.9,5,17,100,76,-13.964173,-2.979333,0,0,0,0,0,0,0,1,0,0,0,0,0,0,0,1,0,0,0,0,0,0,0,0,0,-32.605651962092274,-57.22361896336136,0,0,0,1.6158460454450454,1.0127274999999898,0,0,132.28993929053323,0.00408819456442347,0.7202275483951428,0.005697169422502023,0
..\..\..\files\weather\hourly\Spresiano.csv,11/8/2019 12:00:00 AM,15.4,4.5,0,9,100,55,-18.07656,-4.1123853,0,0,0,0,0,0,0,0,0,0,0,0,0,0,0,0,0,0,0,0,0,0,0,0,0,-32.605651962092274,-63.72605799705575,0,0,0.17563692799999997,0.9842924882791042,1.0127274999999898,0,0.17787234700111818,132.28993929053323,0.003296236238768378,0.7547300761075179,0.006392328776769447,0
..\..\..\files\weather\hourly\Spresiano.csv,11/9/2019 12:00:00 AM,10.8,9,28,16,100,84,-18.79878,-0.7222218,0,0,0,0,0,0,0,1,0,0,0,0,0,0,0,1,0,0,0,0,0,0,0,0,0,-32.605651962092274,-57.02608076034349,0,0,0.004286596998400039,3,1.0127274999999898,0.002,0,132.28993929053323,0.0026212459086974314,0.8098034741208161,0.007641381495544636,0
..\..\..\files\weather\hourly\Spresiano.csv,11/10/2019 12:00:00 AM,12.5,4,7.2000003,12,100,68,-22.681133,-3.8823528,0,0,0,0,0,0,0,0,0,0,0,0,0,0,0,0,0,0,0,0,0,0,0,0,0,-32.605651962092274,-57.02608076034349,0,0,0,3,1.0127274999999898,0,0,132.28993929053323,0.0031856629874382945,0.8562565352507181,0.008839329192038314,0
..\..\..\files\weather\hourly\Spresiano.csv,11/11/2019 12:00:00 AM,15.5,3.1,0,7,100,40,-27.661375,-4.9802423,0,0,0,0,0,0,0,0,0,0,0,0,0,0,0,0,0,0,0,0,0,0,0,0,0,-32.605651962092274,-61.32851950793558,0,0,0,0.00667,1.039618500000003,0,0,132.28993929053323,0.002128057831466768,0.8760418952035013,0.009392486591137818,0
..\..\..\files\weather\hourly\Spresiano.csv,11/12/2019 12:00:00 AM,11,3.5,2.2,10,100,70,-31.344707,-3.6833334,0,0,0,0,0,0,0,0,0,0,0,0,0,0,0,0,0,0,0,0,0,0,0,0,0,-32.605651962092274,-61.32851950793558,0,0,0.1407479959237262,0.5136365774053631,1.0127274999999898,0.002,0.14253936604184397,132.28993929053323,0.0027048402575440703,0.9186142285561079,0.010674821194504027,0
..\..\..\files\weather\hourly\Spresiano.csv,11/13/2019 12:00:00 AM,12.7,9.6,31,20,100,74,-31.7189,-0.3741927,0,0,0,0,0,0,0,1,0,0,0,0,0,1,0,1,0,0,0,0,0,1,0,0,0,-32.605651962092274,-66.930981257234,0,0,0.2638456677941875,3,1.0733834999999985,0,0.28320758635676185,133.56763290986683,0.003597510089917897,0.9839245585451502,0.012902639903015729,0
..\..\..\files\weather\hourly\Spresiano.csv,11/14/2019 12:00:00 AM,10.8,3.3,19.8,21,100,76,-35.426235,-3.7073336,0,0,0,0,0,0,0,1,0,0,0,1,0,0,0,1,0,0,0,1,0,0,0,0,0,-32.605651962092274,-52.031003257582285,0,0,0,3,1.0127274999999898,0,0,133.56763290986683,0.0026212459086974314,1.033448982186402,0.014818382149379758,0
..\..\..\files\weather\hourly\Spresiano.csv,11/15/2019 12:00:00 AM,13.9,3.2,1,13,100,50,-40.065487,-4.6392527,0,0,0,0,0,0,0,0,0,0,0,0,0,0,0,0,0,0,0,0,0,0,0,0,0,-32.605651962092274,-52.031003257582285,0,0,0,1.7347728183644642,1.0568034999999938,0.002,0,133.56763290986683,0.0025808319439604615,1.060075393525686,0.0159342000721979,0
..\..\..\files\weather\hourly\Spresiano.csv,11/16/2019 12:00:00 AM,13.7,8.6,28.2,23,100,92,-41.27333,-1.2078424,0,0,0,0,0,0,0,1,0,1,0,0,0,0,0,1,0,1,0,0,0,0,0,0,0,-67.54134489242315,-56.03346581750387,0,0,0.07183363971635004,3,1.0127274999999898,0,0.07274790236583915,133.56763290986683,0.004327208398154079,1.1313983970722357,0.019236897189576132,0
..\..\..\files\weather\hourly\Spresiano.csv,11/17/2019 12:00:00 AM,13.3,8.3,2.4,14,100,70,-42.68433,-1.4109999,0,0,0,0,0,0,0,1,0,0,0,0,0,0,0,1,0,0,0,0,0,0,0,0,0,-67.54134489242315,-56.03346581750387,0,0,0.19317473890576095,3,1.008951499999995,0,0.19490394258107488,133.56763290986683,0.003938922237668092,1.1896721201478855,0.02229470359236996,0
..\..\..\files\weather\hourly\Spresiano.csv,11/18/2019 12:00:00 AM,14.6,8.1,17.2,13,100,78,-44.306637,-1.6223074,0,0,0,0,0,0,0,1,0,1,0,1,0,1,0,1,0,1,0,1,0,1,0,0,0,-67.54134489242315,-47.93590399289137,0,0,0,3,0.406626499999998,0,0,133.56763290986683,0.005170660736119892,1.2717534118578095,0.02718978121162973,0
..\..\..\files\weather\hourly\Spresiano.csv,11/19/2019 12:00:00 AM,12.6,1.8,6.6,13,100,60,-49.393673,-5.0870376,0,0,0,0,0,0,0,1,0,0,0,0,0,0,0,1,0,0,0,0,0,0,0,0,0,-67.54134489242315,-47.93590399289137,0,0,0,3,1.039618500000003,0.002,0,133.56763290986683,0.0030294273014249205,1.3088994806375691,0.02964315964633753,0
..\..\..\files\weather\hourly\Spresiano.csv,11/20/2019 12:00:00 AM,10.7,8.1,10.2,9,100,84,-50.59944,-1.2057685,0,0,0,0,0,0,0,1,0,0,0,0,0,0,0,1,0,0,0,0,0,0,0,0,0,-67.54134489242315,-52.83834312195319,0,0,0.24610874406250013,3,1.0699464999999933,0,0.2633231893290661,133.56763290986683,0.0025808319439604615,1.3648421477116768,0.03363091301290334,1
..\..\..\files\weather\hourly\Spresiano.csv,11/21/2019 12:00:00 AM,14.6,6.8,0,5,100,62,-53.143032,-2.54359,0,0,0,0,0,0,0,1,0,0,0,0,0,0,0,1,0,0,0,0,0,0,0,0,0,-67.54134489242315,-54.14078234638244,0,0,0,2.012895568452673,1.0127274999999898,0,0,133.56763290986683,0.003938922237668092,1.4083483065877045,0.036983189511665626,0
..\..\..\files\weather\hourly\Spresiano.csv,11/22/2019 12:00:00 AM,11.7,7.9,0.4,16,100,89,-54.66277,-1.519737,0,0,0,0,0,0,0,0,0,0,0,0,0,0,0,0,0,0,0,0,0,0,0,0,0,-67.54134489242315,-54.14078234638244,0,0,0,0.08446782515981173,1.0127274999999898,0,0,133.56763290986683,0.0030294273014249205,1.4627652855054514,0.041495006913041914,1
..\..\..\files\weather\hourly\Spresiano.csv,11/23/2019 12:00:00 AM,13.3,7.1,0.6,10,100,72,-56.884544,-2.221774,0,0,0,0,0,0,0,0,0,0,0,0,0,0,0,0,0,0,0,0,0,0,0,0,0,-67.54134489242315,-65.24322137411636,0,0,0.1407479959237262,0.20129890580706597,0.9298275000000018,0,0.13087135717976878,133.56763290986683,0.004012593522207451,1.5233937765560885,0.04695058643662369,1
..\..\..\files\weather\hourly\Spresiano.csv,11/24/2019 12:00:00 AM,13,9.7,75.6,17,100,83,-57.17091,-0.28636432,0,0,0,0,0,0,0,1,0,1,0,0,0,0,0,1,0,1,0,0,0,0,0,0,0,-67.54134489242315,-76.14566038396889,0,0,0.6201454365234379,3,1.0127274999999898,0.002,1.8616766004433605,135.18654810565428,0.003797135744565161,1.5944806658514528,0.05393787337128656,1
..\..\..\files\weather\hourly\Spresiano.csv,11/25/2019 12:00:00 AM,14.3,11.2,55.8,20,100,81,-57.17091,0,0,0,0,0,0,0,0,1,0,1,0,1,0,1,0,1,0,1,0,1,0,1,0,0,0,-67.54134489242315,-117.04568162137772,0,0,0.38881849714618344,3,1.039618500000003,0,0.4042229027753707,137.83461158867394,0.004866371005505038,1.6901633771897984,0.06437268568872488,1
..\..\..\files\weather\hourly\Spresiano.csv,11/26/2019 12:00:00 AM,19.8,5.9,0,0,100,39,-60.666233,-3.4953234,0,0,0,0,0,0,0,1,0,0,0,0,0,0,0,1,0,0,0,0,0,0,0,0,22.814067096033867,-44.72727779638929,-138.145703621726,0,0,0,2.172216944553906,1.039618500000003,0,0,137.83461158867394,0.003797135744565161,1.728753707723114,0.06892021868091508,0
..\..\..\files\weather\hourly\Spresiano.csv,11/27/2019 12:00:00 AM,14.1,4.7,0,9,100,59,-64.472084,-3.8058507,0,0,0,0,0,0,0,0,0,0,0,0,0,0,0,0,0,0,0,0,0,0,0,0,0,-44.72727779638929,-138.145703621726,0,0,0,0.00667,1.0568034999999938,0,0,137.83461158867394,0.002931256752882745,1.7583610399435379,0.07254205605859908,0
..\..\..\files\weather\hourly\Spresiano.csv,11/28/2019 12:00:00 AM,10.5,7.8,11.8,15,100,90,-65.77579,-1.3037031,0,0,0,0,0,0,0,0,0,0,0,0,0,0,0,0,0,0,0,0,0,0,0,0,0,-44.72727779638929,-126.34570343099114,0,0,0,2.3318248324292816,1.039618500000003,0,0,137.83461158867394,0.0025026440434318857,1.8096463105798881,0.07908898801947269,1
..\..\..\files\weather\hourly\Spresiano.csv,11/29/2019 12:00:00 AM,10.7,7.1,0.2,12,100,99,-67.50773,-1.7319442,0,0,0,0,0,0,0,0,0,0,0,0,0,0,0,0,0,0,0,0,0,0,0,0,0,-44.72727779638929,-126.34570343099114,0,0,0.021031563965584765,2.371771597023067,1.0127274999999898,0,0.02129924319595653,137.83461158867394,0.0025808319439604615,1.859314306506092,0.08575911997241525,1
..\..\..\files\weather\hourly\Spresiano.csv,11/30/2019 12:00:00 AM,12,5.1,0,17,100,80,-70.66788,-3.1601453,0,0,0,0,0,0,0,0,0,0,0,0,0,0,0,0,0,0,0,0,0,0,0,0,0,-44.72727779638929,-137.64814246170528,0,0,0,0.04555995657963896,1.0127274999999898,0,0,137.83461158867394,0.0031856629874382945,1.906099934743107,0.09233724169163375,0
..\..\..\files\weather\hourly\Spresiano.csv,12/1/2019 12:00:00 AM,12.3,0.5,0,9,100,65,-76.34373,-5.6758475,0,0,0,0,0,0,0,0,0,0,0,0,0,0,0,0,0,0,0,0,0,0,0,0,0,-44.72727779638929,-137.64814246170528,0,0,0,0.00667,0,0,0,137.83461158867394,0.0028838639371310936,1.9435510296365672,0.09780753314124395,0
..\..\..\files\weather\hourly\Spresiano.csv,12/2/2019 12:00:00 AM,8.8,5.4,6.2,7,100,65,-78.043724,-1.7000003,0,0,0,0,0,0,0,0,0,0,0,0,0,0,0,0,0,0,0,0,0,0,0,0,0,-44.72727779638929,-137.64814246170528,0,0,0,1.7744508763446807,1.039618500000003,0.002,0,137.83461158867394,0.0019571216156802533,1.98274438018104,0.10372515913710213,1
..\..\..\files\weather\hourly\Spresiano.csv,12/3/2019 12:00:00 AM,12,7.2,8.4,9,100,71,-80.02706,-1.983334,0,0,0,0,0,0,0,0,0,0,0,0,0,0,0,0,0,0,0,0,0,0,0,0,0,-44.72727779638929,-143.80077447231577,0,0,0,3,0,0,0,137.83461158867394,0.0031856629874382945,2.034185774894235,0.11178736388927872,1
..\..\..\files\weather\hourly\Spresiano.csv,12/4/2019 12:00:00 AM,9,0.2,0,0,91,45,-84.42706,-4.4,0,0,0,0,0,0,0,0,0,0,0,0,0,0,0,0,0,0,0,0,0,0,0,0,0,-44.72727779638929,-147.75340667366112,0,0,0,0.3573244412359681,0.9732984999999914,0,0,137.83461158867394,0.0015493681366864965,2.0564660647646615,0.11538183684364707,0
..\..\..\files\weather\hourly\Spresiano.csv,12/5/2019 12:00:00 AM,8.4,-1.5,0,1,99,47,-87.9907,-3.563636,0,0,0,0,0,0,0,0,0,0,0,0,0,0,0,0,0,0,0,0,0,0,0,0,0,-44.72727779638929,-147.75340667366112,0,0,0,0.00667,1.039618500000003,0,0,137.83461158867394,0.001493673844397198,2.068601770274262,0.11736545257070286,0
..\..\..\files\weather\hourly\Spresiano.csv,12/6/2019 12:00:00 AM,9,-2.4,0,2,99,39,-91.543335,-3.5526316,0,0,0,0,0,0,0,0,0,0,0,0,0,0,0,0,0,0,0,0,0,0,0,0,16.66105274414023,-28.06622505224906,-147.75340667366112,0,0,0,0.00667,0.8194314999999932,0,0,137.83461158867394,0.001343141548112525,2.0767662182267586,0.11871011241960339,0
..\..\..\files\weather\hourly\Spresiano.csv,12/7/2019 12:00:00 AM,9.1,1,0,0,100,59,-95.59334,-4.05,0,0,0,0,0,0,0,0,0,0,0,0,0,0,0,0,0,0,0,0,0,0,0,0,0,-28.06622505224906,-147.75340667366112,0,0,0,0.00667,1.0127274999999898,0,0,137.83461158867394,0.0019841946888861854,2.1023958007874017,0.1229839115123412,0
..\..\..\files\weather\hourly\Spresiano.csv,12/8/2019 12:00:00 AM,9.1,-0.6,0,5,100,61,-99.86189,-4.2685566,0,0,0,0,0,0,0,0,0,0,0,0,0,0,0,0,0,0,0,0,0,0,0,0,0,-28.06622505224906,-147.75340667366112,0,0,0,0.00667,1.0586914999999948,0,0,137.83461158867394,0.0020399965397414153,2.1280840036971744,0.12734685112460722,0
..\..\..\files\weather\hourly\Spresiano.csv,12/9/2019 12:00:00 AM,11,0.3,0,6,100,57,-105.16516,-5.303271,0,0,0,0,0,0,0,0,0,0,0,0,0,0,0,0,0,0,0,0,0,0,0,0,0,-28.06622505224906,-147.75340667366112,0,0,0,0.00667,1.0733834999999985,0,0,137.83461158867394,0.0017136213492102324,2.1477175191187334,0.13073432601535803,0
..\..\..\files\weather\hourly\Spresiano.csv,12/10/2019 12:00:00 AM,8.4,1.4,0,4,99,71,-105.16516,-3.4999995,0,0,0,0,0,0,0,0,0,0,0,0,0,0,0,0,0,0,0,0,0,0,0,0,0,-28.06622505224906,-147.75340667366112,0,0,0,0.00667,1.039618500000003,0,0,137.83461158867394,0.0018540273692963535,2.1786245317422295,0.13615830927899433,0
..\..\..\files\weather\hourly\Spresiano.csv,12/11/2019 12:00:00 AM,12.3,-0.9,0,4,100,55,-104.96478,-5.9310613,0.20037882,0,0,0,0,0,0,0,0,0,0,0,0,0,0,0,0,0,0,0,0,0,0,0,0,-28.06622505224906,-147.75340667366112,0,0,0,0.00667,0.9732984999999914,0,0,137.83461158867394,0.0018294894930725907,2.1947789910383273,0.13903719147804247,0
..\..\..\files\weather\hourly\Spresiano.csv,12/12/2019 12:00:00 AM,8.1,-3,0,0,89,31,-104.96478,-2.9554057,0,0,0,0,0,0,0,0,0,0,0,0,0,0,0,0,0,0,0,0,0,0,0,0,0,-28.06622505224906,-147.75340667366112,0,0,0,0.00667,0.5048235000000005,0,0,137.83461158867394,0.0010793405207011704,2.1992144710692614,0.13983284837968865,0
..\..\..\files\weather\hourly\Spresiano.csv,12/13/2019 12:00:00 AM,3.8,-4,2,12,100,58,-104.96478,-0.925641,0,0,0,0,0,0,0,0,0,0,0,0,0,0,0,0,0,0,0,0,0,0,0,0,0,-28.06622505224906,-147.75340667366112,0,0,0,0.3963756087306171,1.0127274999999898,0,0,137.83461158867394,0.0010793405207011704,2.2154820754892723,0.14277006089639396,1
..\..\..\files\weather\hourly\Spresiano.csv,12/14/2019 12:00:00 AM,5.8,1.2,11.6,18,100,85,-104.96478,-2.3,0,0,0,0,0,0,0,0,0,0,0,0,0,0,0,0,0,0,0,0,0,0,0,0,0,-28.06622505224906,-158.10603849353674,0,0,0,2.691990572681051,1.0586914999999948,0,0,137.83461158867394,0.001343141548112525,2.238957325973247,0.1470608861018113,1
..\..\..\files\weather\hourly\Spresiano.csv,12/15/2019 12:00:00 AM,10.4,-1,0,1,100,57,-104.95776,-4.750877,0.007017531,0,0,0,0,0,0,0,0,0,0,0,0,0,0,0,0,0,0,0,0,0,0,0,0,-28.06622505224906,-158.85866993194264,0,0,0,2.291896003630143,1.0586914999999948,0,0,137.83461158867394,0.002128057831466768,2.2565724259054245,0.1503205345255803,0
..\..\..\files\weather\hourly\Spresiano.csv,12/16/2019 12:00:00 AM,13.3,-0.6,0,0,98,50,-104.56604,-6.754676,0.39172664,0,0,0,0,0,0,0,0,0,0,0,0,0,0,0,0,0,0,0,0,0,0,0,6.9296311763642695,-21.13659387588479,-158.85866993194264,0,0,0,0.00667,0,0,0,137.83461158867394,0.0022875229687335298,2.2829064207184637,0.15525636002208953,0
..\..\..\files\weather\hourly\Spresiano.csv,12/17/2019 12:00:00 AM,12.6,6,0,0,98,66,-104.05392,-2.787879,0.5121213,0,0,0,0,0,0,0,0,0,0,0,0,0,0,0,0,0,0,0,0,0,0,0,0,-21.13659387588479,-158.85866993194264,0,0,0,0.00667,0.9732984999999914,0,0,137.83461158867394,0.0031856629874382945,2.3209063973993636,0.16250835191971008,0
..\..\..\files\weather\hourly\Spresiano.csv,12/18/2019 12:00:00 AM,12.2,8.4,0,0,100,84,-103.417076,-1.2631576,0.63684195,0,0,0,0,0,0,0,0,0,0,0,0,0,0,0,0,0,0,0,0,0,0,0,0,-21.13659387588479,-158.85866993194264,0,0,0.2994302468276264,0.00667,1.0127274999999898,0,0.303241245294122,137.83461158867394,0.003296236238768378,2.381514133127575,0.17438005134954004,0
..\..\..\files\weather\hourly\Spresiano.csv,12/19/2019 12:00:00 AM,14.9,10.5,0.6,8,100,88,-100.71708,0,2.6999998,0,0,0,0,0,0,0,0,0,0,0,0,0,0,0,0,0,0,0,0,0,0,0,0,-21.13659387588479,-158.85866993194264,0,0,0.49618346792295015,0.12339360574051833,1.0586914999999948,0,0.5253052199305474,138.35959995556746,0.005501201530539894,2.462115934683017,0.19071579396578534,1
..\..\..\files\weather\hourly\Spresiano.csv,12/20/2019 12:00:00 AM,12.7,10.9,12.8,12,100,91,-98.91708,0,1.7999992,0,0,0,0,0,0,1,0,1,0,0,0,0,0,1,0,1,0,0,0,0,0,0,0,-21.13659387588479,-157.81130153724155,0,0,0.4783244392312507,2.65190050908471,1.0127274999999898,0,0.48441231353156156,140.04326763472153,0.003597510089917897,2.539749355916776,0.20699408440718528,1
..\..\..\files\weather\hourly\Spresiano.csv,12/21/2019 12:00:00 AM,11.3,10,22,23,100,99,-98.26708,4.7683716E-07,0.6500001,0,0,0,0,0,0,1,0,0,0,1,1,0,0,1,0,0,0,1,1,0,0,0,0,-21.13659387588479,-147.19177394670916,0,0,0.4067305133767417,3,1.0127274999999898,0.002,1.2210050011569786,141.12613356154694,0.002837556798434005,2.60101206565669,0.22018239792885894,1
..\..\..\files\weather\hourly\Spresiano.csv,12/22/2019 12:00:00 AM,12.8,6.4,32,24,100,99,-97.65458,-2.5875,0.6125001,0,0,0,0,0,0,1,0,0,0,1,0,1,0,1,0,0,0,1,0,1,0,0,0,-21.13659387588479,-146.57224635617678,0,0,0,3,1.0127274999999898,0,0,141.12613356154694,0.0036623826052995857,2.6634742202286095,0.2339104962740746,1
..\..\..\files\weather\hourly\Spresiano.csv,12/23/2019 12:00:00 AM,10.3,4.9,18.6,12,100,79,-97.64625,-2.6916668,0.008333344,0,0,0,0,0,0,1,0,0,0,0,1,0,0,1,0,0,0,0,1,0,0,0,0,-21.13659387588479,-132.55271914711412,0,0,0,3,0.9732984999999914,0,0,141.12613356154694,0.002427815626456659,2.7079136251912024,0.243835033346808,1
..\..\..\files\weather\hourly\Spresiano.csv,12/24/2019 12:00:00 AM,10.3,1.4,0,7,100,73,-97.64119,-4.4449434,0.005056186,0,0,0,0,0,0,0,0,0,0,0,0,0,0,0,0,0,0,0,0,0,0,0,0,-21.13659387588479,-132.55271914711412,0,0,0,2.7722244029902785,1.039618500000003,0,0,141.12613356154694,0.002427815626456659,2.743537513651533,0.25187737816894273,0
..\..\..\files\weather\hourly\Spresiano.csv,12/25/2019 12:00:00 AM,9.4,-0.8,0,12,100,71,-97.64119,-4.3313723,0,0,0,0,0,0,0,0,0,0,0,0,0,0,0,0,0,0,0,0,0,0,0,0,0,-21.13659387588479,-132.55271914711412,0,0,0,0.00667,1.0127274999999898,0,0,141.12613356154694,0.002128057831466768,2.7678633702366366,0.25741034434364907,0
..\..\..\files\weather\hourly\Spresiano.csv,12/26/2019 12:00:00 AM,10.2,-1.2,0,7,100,62,-97.639435,-4.564912,0.0017543827,0,0,0,0,0,0,0,0,0,0,0,0,0,0,0,0,0,0,0,0,0,0,0,0,-25.713218187941383,-132.55271914711412,0,0,0,0.00667,0,0,0,141.12613356154694,0.0020687538040578706,2.7851056359496664,0.26135129569575233,0
..\..\..\files\weather\hourly\Spresiano.csv,12/27/2019 12:00:00 AM,11.9,0.5,0,0,97,41,-97.4811,-5.5416665,0.15833327,0,0,0,0,0,0,0,0,0,0,0,0,0,0,0,0,0,0,0,0,0,0,0,0,-25.713218187941383,-132.55271914711412,0,0,0,0.00667,1.008951499999995,0,0,141.12613356154694,0.0016081534430649892,2.8038901553198547,0.2656620291665991,0
..\..\..\files\weather\hourly\Spresiano.csv,12/28/2019 12:00:00 AM,11.3,2.1,0,0,97,57,-97.38925,-4.508152,0.091847844,0,0,0,0,0,0,0,0,0,0,0,0,0,0,0,0,0,0,0,0,0,0,0,0,-25.713218187941383,-132.55271914711412,0,0,0,0.00667,1.0699464999999933,0,0,141.12613356154694,0.0022875229687335298,2.8271915090802255,0.27103318009580285,0
..\..\..\files\weather\hourly\Spresiano.csv,12/29/2019 12:00:00 AM,10.4,-0.2,0,3,100,52,-97.38171,-5.109434,0.007547156,0,0,0,0,0,0,0,0,0,0,0,0,0,0,0,0,0,0,0,0,0,0,0,0,-25.713218187941383,-132.55271914711412,0,0,0,0.00667,1.039618500000003,0,0,141.12613356154694,0.0018294894930725907,2.8463687466506933,0.27547253115276993,0
..\..\..\files\weather\hourly\Spresiano.csv,12/30/2019 12:00:00 AM,5.8,-2.3,0,3,100,46,-97.38171,-2.0765433,0,0,0,0,0,0,0,0,0,0,0,0,0,0,0,0,0,0,0,0,0,0,0,0,0,-25.713218187941383,-132.55271914711412,0,0,0,0.00667,0.18677850000000262,0,0,141.12613356154694,0.0011137626768196501,2.8519923919140444,0.27677744492937373,0
..\..\..\files\weather\hourly\Spresiano.csv,12/31/2019 12:00:00 AM,6.4,-4.7,0,0,95,42,-97.38171,-1.8450451,0,0,0,0,0,0,0,0,0,0,0,0,0,0,0,0,0,0,0,0,0,0,0,0,0,-25.713218187941383,-132.55271914711412,0,0,0,0.00667,1.008951499999995,0,0,141.12613356154694,0.0012409675178270795,2.8568947164900163,0.2779160967663836,0
..\..\..\files\weather\hourly\Spresiano.csv,1/1/2020 12:00:00 AM,8.3,-3,0,0,94,43,-97.38171,-3.04823,0,0,0,0,0,0,0,0,0,0,0,0,0,0,0,0,0,0,0,0,0,0,0,0,0,-25.713218187941383,-132.55271914711412,0,0,0,0.00667,0.9732984999999914,0,0,0,0,0,0.00025583464398314543,0
..\..\..\files\weather\hourly\Spresiano.csv,1/2/2020 12:00:00 AM,11.2,-2,0,0,97,45,-97.32716,-4.8060603,0.05454544,0,0,0,0,0,0,0,0,0,0,0,0,0,0,0,0,0,0,0,0,0,0,0,0,-25.713218187941383,-132.55271914711412,0,0,0,0.00667,1.008951499999995,0,0,0,0.0012689613162352462,0.007552624560519021,0.00026645949245600976,0
..\..\..\files\weather\hourly\Spresiano.csv,1/3/2020 12:00:00 AM,12,-1.1,0,0,96,45,-97.17449,-5.6488547,0.15267175,0,0,0,0,0,0,0,0,0,0,0,0,0,0,0,0,0,0,0,0,0,0,0,0,-25.713218187941383,-132.55271914711412,0,0,0,0.00667,1.0733834999999985,0,0,0,0.0016702558703905386,0.02155170735772513,0.00028718188560980366,0
..\..\..\files\weather\hourly\Spresiano.csv,1/4/2020 12:00:00 AM,8.5,-1.7,0,1,100,54,-97.17449,-3.5416667,0,0,0,0,0,0,0,0,0,0,0,0,0,0,0,0,0,0,0,0,0,0,0,0,0,-25.713218187941383,-132.55271914711412,0,0,0,0.00667,1.039618500000003,0,0,0,0.0014581582935815083,0.03440563267179795,0.0003074407880692935,0
..\..\..\files\weather\hourly\Spresiano.csv,1/5/2020 12:00:00 AM,11,-2.6,0,1,100,53,-97.137726,-4.485294,0.036764704,0,0,0,0,0,0,0,0,0,0,0,0,0,0,0,0,0,0,0,0,0,0,0,4.907026890227923,-20.80619129771346,-132.55271914711412,0,0,0,0.00667,1.0568034999999938,0,0,0,0.001691735827573539,0.04544768666343613,0.0003258331458976056,0
..\..\..\files\weather\hourly\Spresiano.csv,1/6/2020 12:00:00 AM,11.8,-0.3,0,5,100,40,-97.003845,-5.8876033,0.13388433,0,0,0,0,0,0,0,0,0,0,0,0,0,0,0,0,0,0,0,0,0,0,0,0,-20.80619129771346,-132.55271914711412,0,0,0,0.00667,1.039618500000003,0,0,0,0.0018294894930725907,0.06042604613905128,0.00035231809316060744,0
..\..\..\files\weather\hourly\Spresiano.csv,1/7/2020 12:00:00 AM,6.6,-2.2,0,8,100,43,-97.003845,-2.475,0,0,0,0,0,0,0,0,0,0,0,0,0,0,0,0,0,0,0,0,0,0,0,0,0,-20.80619129771346,-132.55271914711412,0,0,0,0.00667,0.9298275000000018,0,0,0,0.0012409675178270795,0.07194096786481649,0.0003739400767260074,0
..\..\..\files\weather\hourly\Spresiano.csv,1/8/2020 12:00:00 AM,5.6,-4.9,0,0,99,57,-97.003845,-1.4933332,0,0,0,0,0,0,0,0,0,0,0,0,0,0,0,0,0,0,0,0,0,0,0,0,0,-20.80619129771346,-132.55271914711412,0,0,0,0.00667,1.008951499999995,0,0,0,0.0013127238760483064,0.08617009045946919,0.00040225248813663964,0
..\..\..\files\weather\hourly\Spresiano.csv,1/9/2020 12:00:00 AM,11.1,-1.7,0,0,93,33,-96.95658,-4.8601565,0.04726566,0,0,0,0,0,0,0,0,0,0,0,0,0,0,0,0,0,0,0,0,0,0,0,0,-20.80619129771346,-132.55271914711412,0,0,0,0.00667,0,0,0,0,0.001213872650300547,0.09546363147283124,0.0004217378283983213,0
..\..\..\files\weather\hourly\Spresiano.csv,1/10/2020 12:00:00 AM,11.6,-1.1,0,0,99,39,-96.8558,-5.3984256,0.10078744,0,0,0,0,0,0,0,0,0,0,0,0,0,0,0,0,0,0,0,0,0,0,0,0,-20.80619129771346,-132.55271914711412,0,0,0,0.00667,1.039618500000003,0,0,0,0.001343141548112525,0.1094005591633157,0.0004524994696999882,0
..\..\..\files\weather\hourly\Spresiano.csv,1/11/2020 12:00:00 AM,8.8,-2.4,0,7,100,60,-96.8558,-3.4571428,0,0,0,0,0,0,0,0,0,0,0,0,0,0,0,0,0,0,0,0,0,0,0,0,0,-20.80619129771346,-132.55271914711412,0,0,0,0.00667,1.0586914999999948,0,0,0,0.0018540273692963535,0.12485637901613084,0.0004888796857979151,0
..\..\..\files\weather\hourly\Spresiano.csv,1/12/2020 12:00:00 AM,16.5,-1.1,0,4,100,32,-95.65551,-8.934659,1.2002841,0,0,0,0,0,0,0,0,0,0,0,0,0,0,0,0,0,0,0,0,0,0,0,0,-20.80619129771346,-132.55271914711412,0,0,0,0.00667,0.5048235000000005,0,0,0,0.0016491717035119111,0.13491080461415844,0.0005138873958309582,0
..\..\..\files\weather\hourly\Spresiano.csv,1/13/2020 12:00:00 AM,10.1,-0.4,0,0,95,49,-95.65504,-4.8580956,0.0004761941,0,0,0,0,0,0,0,0,0,0,0,0,0,0,0,0,0,0,0,0,0,0,0,0,-20.80619129771346,-132.55271914711412,0,0,0,0.00667,0,0,0,0,0.001691735827573539,0.15153255594249207,0.0005576672885839842,0
..\..\..\files\weather\hourly\Spresiano.csv,1/14/2020 12:00:00 AM,10.3,-2,0,0,99,48,-95.651375,-4.3162603,0.0036585412,0,0,0,0,0,0,0,0,0,0,0,0,0,0,0,0,0,0,0,0,0,0,0,0,-20.80619129771346,-132.55271914711412,0,0,0,0.00667,1.039618500000003,0,0,0,0.0016081534430649892,0.16028676339102388,0.0005819979411067302,0
..\..\..\files\weather\hourly\Spresiano.csv,1/15/2020 12:00:00 AM,8.5,-2.2,0,7,100,55,-95.651375,-3.3761683,0,0,0,0,0,0,0,0,0,0,0,0,0,0,0,0,0,0,0,0,0,0,0,0,3.4426538071804913,-17.36353749053297,-132.55271914711412,0,0,0,0.00667,1.039618500000003,0,0,0,0.0017136213492102324,0.17122904543735926,0.0006136979889269563,0
..\..\..\files\weather\hourly\Spresiano.csv,1/16/2020 12:00:00 AM,8.4,-2.8,0,10,100,57,-95.651375,-3.1499996,0,0,0,0,0,0,0,0,0,0,0,0,0,0,0,0,0,0,0,0,0,0,0,0,0,-17.36353749053297,-132.55271914711412,0,0,0,0.00667,1.039618500000003,0,0,0,0.0017136213492102324,0.18143920761549462,0.0006446128093257179,0
..\..\..\files\weather\hourly\Spresiano.csv,1/17/2020 12:00:00 AM,10.9,-2.1,0,3,100,53,-95.620224,-4.6007686,0.031153819,0,0,0,0,0,0,0,0,0,0,0,0,0,0,0,0,0,0,0,0,0,0,0,0,-17.36353749053297,-132.55271914711412,0,0,0,0.00667,0,0,0,0,0.0016491717035119111,0.19234223854191834,0.0006791020208403513,0
..\..\..\files\weather\hourly\Spresiano.csv,1/18/2020 12:00:00 AM,13.2,1.2,0,4,99,42,-95.19356,-5.5733333,0.42666662,0,0,0,0,0,0,0,0,0,0,0,0,0,0,0,0,0,0,0,0,0,0,0,0,-17.36353749053297,-132.55271914711412,0,0,0,0.00667,1.039618500000003,0,0,0,0.0015119084059916806,0.21040562859832201,0.0007397484638271432,0
..\..\..\files\weather\hourly\Spresiano.csv,1/19/2020 12:00:00 AM,7.7,3.8,2.6000001,20,100,81,-95.19356,-1.95,0,0,0,0,0,0,0,0,0,0,0,0,0,0,0,0,0,0,0,0,0,0,0,0,0,-17.36353749053297,-132.55271914711412,0,0,0,0.5136365803195724,1.0586914999999948,0,0,0,0.001691735827573539,0.24209681570756966,0.0008574533689987019,0
..\..\..\files\weather\hourly\Spresiano.csv,1/20/2020 12:00:00 AM,10.1,0.5,0.2,4,99,46,-95.19304,-4.7994795,0.00052083726,0,0,0,0,0,0,0,0,0,0,0,0,0,0,0,0,0,0,0,0,0,0,0,0,-17.36353749053297,-140.56938567867692,0,0,0,0.5527593929101546,0.6777634999999975,0,0,0,0.0020981025276414237,0.2683994184359589,0.0009670182820071182,0
..\..\..\files\weather\hourly\Spresiano.csv,1/21/2020 12:00:00 AM,9.8,-1,0,0,90,33,-95.19304,-4.446296,0,0,0,0,0,0,0,0,0,0,0,0,0,0,0,0,0,0,0,0,0,0,0,0,0,-17.36353749053297,-150.98605235031064,0,0,0,0.04555995657963896,0,0,0,0,0.0014071622985929214,0.2787934394887238,0.001013505596881703,0
..\..\..\files\weather\hourly\Spresiano.csv,1/22/2020 12:00:00 AM,9.7,-2.2,0,0,79,35,-95.19304,-3.9533613,0,0,0,0,0,0,0,0,0,0,0,0,0,0,0,0,0,0,0,0,0,0,0,0,0,-17.36353749053297,-150.98605235031064,0,0,0,0.00667,0,0,0,0,0.0010572570392331792,0.28743872900434453,0.0010536145509557773,0
..\..\..\files\weather\hourly\Spresiano.csv,1/23/2020 12:00:00 AM,8.7,-2.5,0,0,94,42,-95.19304,-3.3790176,0,0,0,0,0,0,0,0,0,0,0,0,0,0,0,0,0,0,0,0,0,0,0,0,0,-17.36353749053297,-150.98605235031064,0,0,0,0.00667,1.0568034999999938,0,0,0,0.0013907440177368276,0.2943210503725598,0.0010865063526271721,0
..\..\..\files\weather\hourly\Spresiano.csv,1/24/2020 12:00:00 AM,10,-2.8,0,1,92,42,-95.19304,-3.90625,0,0,0,0,0,0,0,0,0,0,0,0,0,0,0,0,0,0,0,0,0,0,0,0,0,-17.36353749053297,-150.98605235031064,0,0,0,0.00667,0.406626499999998,0,0,0,0.001213872650300547,0.30161599445275555,0.0011223229569788254,0
..\..\..\files\weather\hourly\Spresiano.csv,1/25/2020 12:00:00 AM,8.8,-3.9,0,1,95,48,-95.19304,-3.0488188,0,0,0,0,0,0,0,0,0,0,0,0,0,0,0,0,0,0,0,0,0,0,0,0,0,-28.86087480228007,-150.98605235031064,0,0,0,0.00667,0,0,0,0,0.0015119084059916806,0.31349468521233403,0.0011827989585565743,0
..\..\..\files\weather\hourly\Spresiano.csv,1/26/2020 12:00:00 AM,10.6,3,0,3,92,54,-95.16936,-3.776316,0.023684239,0,0,0,0,0,0,0,0,0,0,0,0,0,0,0,0,0,0,0,0,0,0,0,0,-28.86087480228007,-150.98605235031064,0,0,0,0.00667,1.008951499999995,0,0,0,0.002011814987055983,0.33724182070336634,0.0013120513551518802,0
..\..\..\files\weather\hourly\Spresiano.csv,1/27/2020 12:00:00 AM,10.3,4.8,0,5,95,68,-95.16118,-2.7418182,0.008181829,0,0,0,0,0,0,0,0,0,0,0,0,0,0,0,0,0,0,0,0,0,0,0,0,-28.86087480228007,-150.98605235031064,0,0,0,0.00667,1.0568034999999938,0,0,0,0.002427815626456659,0.37768084158429455,0.0015597684374471154,0
..\..\..\files\weather\hourly\Spresiano.csv,1/28/2020 12:00:00 AM,9.4,0.2,0,19,100,77,-95.16118,-4.6,0,0,0,0,0,0,0,0,0,0,0,0,0,0,0,0,0,0,0,0,0,0,0,0,0,-28.86087480228007,-150.98605235031064,0,0,0,0.00667,1.0127274999999898,0,0,0,0.002128057831466768,0.4065651249493372,0.0017599765537473764,0
..\..\..\files\weather\hourly\Spresiano.csv,1/29/2020 12:00:00 AM,8.1,1.8,1.8000001,17,100,94,-95.16118,-3.1500003,0,0,0,0,0,0,0,0,0,0,0,0,0,0,0,0,0,0,0,0,0,0,0,0,0,-28.86087480228007,-150.98605235031064,0,0,0,0.3573244441448393,1.039618500000003,0,0,0,0.001781811520614019,0.44036372658715806,0.002021314675454655,0
..\..\..\files\weather\hourly\Spresiano.csv,1/30/2020 12:00:00 AM,11.5,0,0,15,100,57,-95.063354,-5.652174,0.097826086,0,0,0,0,0,0,0,0,0,0,0,0,0,0,0,0,0,0,0,0,0,0,0,0,-28.86087480228007,-159.80271895339902,0,0,0,0.24027842239070857,1.0127274999999898,0,0,0,0.0023214783173925164,0.4625610347744344,0.0022100732046768283,0
..\..\..\files\weather\hourly\Spresiano.csv,1/31/2020 12:00:00 AM,11.1,-0.5,0,10,100,61,-95.0112,-5.362931,0.052155208,0,0,0,0,0,0,0,0,0,0,0,0,0,0,0,0,0,0,0,0,0,0,0,0,-28.86087480228007,-159.80271895339902,0,0,0,0.00667,1.039618500000003,0,0,0,0.0025413064399147393,0.48867543546464637,0.0024507994523551486,0
..\..\..\files\weather\hourly\Spresiano.csv,2/1/2020 12:00:00 AM,11.3,0.3,0,15,100,60,-94.93438,-5.423182,0.076818205,0,0,0,0,0,0,0,0,0,0,0,0,0,0,0,0,0,0,0,0,0,0,0,0,-28.86087480228007,-159.80271895339902,7.866171735010984E-39,0,0,0.00667,1.0127274999999898,0,0,0,0.0024648213336230253,0.5134796037421604,0.0026993106173329065,0
..\..\..\files\weather\hourly\Spresiano.csv,2/2/2020 12:00:00 AM,10,1.4,0,8,100,77,-94.93438,-4.2999997,0,0,0,0,0,0,0,0,0,0,0,0,0,0,0,0,0,0,0,0,0,0,0,0,0,-28.86087480228007,-159.80271895339902,2.764420364229462E-38,7.866171735010984E-39,0,0.00667,1.0586914999999948,0,0,0,0.0023214783173925164,0.5488794591013548,0.00308994849308878,0
..\..\..\files\weather\hourly\Spresiano.csv,2/3/2020 12:00:00 AM,10.4,0.8,0,13,100,68,-94.92605,-4.7916665,0.008333318,0,0,0,0,0,0,0,0,0,0,0,0,0,0,0,0,0,0,0,0,0,0,0,0,-28.86087480228007,-159.80271895339902,9.62396945308785E-38,3.5510375377305605E-38,0,0.00667,1.0127274999999898,0,0,0,0.0024648213336230253,0.5812612998111091,0.0034871438304927664,0
..\..\..\files\weather\hourly\Spresiano.csv,2/4/2020 12:00:00 AM,11.5,5.2,0,4,100,68,-94.747475,-2.971429,0.17857142,0,0,0,0,0,0,0,0,0,0,0,0,0,0,0,0,0,0,0,0,0,0,0,0,-36.36467645602802,-159.80271895339902,3.3190506552640212E-37,1.317500699081841E-37,0,0.00667,1.036786499999998,0,0,0,0.002931256752882745,0.6239613914994212,0.004074244193865853,0
..\..\..\files\weather\hourly\Spresiano.csv,2/5/2020 12:00:00 AM,15.4,2.2,0.2,8,100,16,-93.64293,-5.495455,1.1045454,0,0,0,0,0,0,0,0,0,0,0,0,0,0,0,0,0,0,0,0,0,0,0,0,-36.36467645602802,-159.80271895339902,1.133921573098829E-36,4.636551354345862E-37,0,0.04555995657963896,0,0,0,0,0.006117655628829422,0.6530273178480153,0.00451835875891955,0
..\..\..\files\weather\hourly\Spresiano.csv,2/6/2020 12:00:00 AM,13,0.1,0,0,54,17,-93.29409,-6.101163,0.34883723,0,0,0,0,0,0,0,0,0,0,0,0,0,0,0,0,0,0,0,0,0,0,0,0,-36.36467645602802,-159.80271895339902,3.837617162183992E-36,1.597576708533415E-36,0,0.04555995657963896,0,0,0,0,0.0010793405207011704,0.6602581462558047,0.004634759053877677,0
..\..\..\files\weather\hourly\Spresiano.csv,2/7/2020 12:00:00 AM,11.6,-1.3,0,0,77,27,-93.19486,-5.314729,0.09922484,0,0,0,0,0,0,0,0,0,0,0,0,0,0,0,0,0,0,0,0,0,0,0,0,-36.36467645602802,-159.80271895339902,1.2866184353172726E-35,5.435193870717407E-36,0,0.00667,0,0,0,0,0.0012409675178270795,0.665836345453801,0.004726213561276399,0
..\..\..\files\weather\hourly\Spresiano.csv,2/8/2020 12:00:00 AM,11.8,-2.5,0,0,77,30,-93.08157,-4.981818,0.11328673,0,0,0,0,0,0,0,0,0,0,0,0,0,0,0,0,0,0,0,0,0,0,0,0,-36.36467645602802,-159.80271895339902,4.273142586366819E-35,1.8301378223890134E-35,0,0.00667,0,0,0,0,0.0011498275854334166,0.6723451017317436,0.004834774161404796,0
..\..\..\files\weather\hourly\Spresiano.csv,2/9/2020 12:00:00 AM,11.4,-1.5,0,0,94,37,-93.00561,-5.113178,0.07596895,0,0,0,0,0,0,0,0,0,0,0,0,0,0,0,0,0,0,0,0,0,0,0,0,-36.36467645602802,-159.80271895339902,1.4059001970669787E-34,6.103280408755833E-35,0,0.00667,1.0568034999999938,0,0,0,0.0015493681366864965,0.6800989910706571,0.004966737803884436,0
..\..\..\files\weather\hourly\Spresiano.csv,2/10/2020 12:00:00 AM,9.9,-2,0,2,96,52,-93.00561,-4.1180673,0,0,0,0,0,0,0,0,0,0,0,0,0,0,0,0,0,0,0,0,0,0,0,0,0,-36.36467645602802,-159.80271895339902,4.582168880171592E-34,2.016228237942562E-34,0,0.00667,0,0,0,0,0.0017586486824907532,0.6943002666623944,0.005216002651815535,0
..\..\..\files\weather\hourly\Spresiano.csv,2/11/2020 12:00:00 AM,6,4.8,0.4,6,99,78,-93.00561,-0.5999999,0,0,0,0,0,0,0,0,0,0,0,0,0,0,0,0,0,0,0,0,0,0,0,0,0,-36.36467645602802,-159.80271895339902,1.4794394106148348E-33,6.598397118114154E-34,0,0.08446782515981173,1.039618500000003,0,0,0,0.0013746052133827165,0.7251250990036355,0.005791956577648224,0
..\..\..\files\weather\hourly\Spresiano.csv,2/12/2020 12:00:00 AM,12.9,1.4,0,16,100,60,-92.63995,-5.3843474,0.36565208,0,0,0,0,0,0,0,0,0,0,0,0,0,0,0,0,0,0,0,0,0,0,0,0,-36.36467645602802,-159.80271895339902,4.731869603998893E-33,2.1392791224262503E-33,0,0.08446782515981173,1.0127274999999898,0,0,0,0.0025413064399147393,0.749701995360875,0.006286986142783322,0
..\..\..\files\weather\hourly\Spresiano.csv,2/13/2020 12:00:00 AM,13.7,1,0,13,100,42,-92.100975,-5.8110237,0.5389763,0,0,0,0,0,0,0,0,0,0,0,0,0,0,0,0,0,0,0,0,0,0,0,0,-36.36467645602802,-159.80271895339902,1.499263076426811E-32,6.871148726425144E-33,0,0.00667,1.0586914999999948,0,0,0,0.0017136213492102324,0.766668098855286,0.0066481169284344525,0
..\..\..\files\weather\hourly\Spresiano.csv,2/14/2020 12:00:00 AM,12.3,-0.8,2.4,11,99,44,-91.89906,-5.976336,0.20190842,0,0,0,0,0,0,0,0,0,0,0,0,0,0,0,0,0,0,0,0,0,0,0,0,-43.44995580879845,-159.80271895339902,4.705788618501401E-32,2.1863779490693253E-32,0,1.3389771648339017,1.0733834999999985,0.002,0,0,0.0020687538040578706,0.7849613403960165,0.007055906964294499,0
..\..\..\files\weather\hourly\Spresiano.csv,2/15/2020 12:00:00 AM,15.1,2.7,3,8,100,44,-90.85027,-5.1512103,1.0487905,0,0,0,0,0,0,0,0,0,0,0,0,0,0,0,0,0,0,0,0,0,0,0,0,-43.44995580879845,-159.80271895339902,1.4631756905549898E-31,6.892166567570727E-32,0,2.812368244464133,1.0568034999999938,0,0,0,0.0022875229687335298,0.8089062440393836,0.007619584468905596,0
..\..\..\files\weather\hourly\Spresiano.csv,2/16/2020 12:00:00 AM,14.2,0.9,0,6,100,47,-90.18712,-5.9868417,0.66315776,0,0,0,0,0,0,0,0,0,0,0,0,0,0,0,0,0,0,0,0,0,0,0,0,-43.44995580879845,-159.80271895339902,4.50681811886932E-31,2.1523923473120625E-31,0,0.00667,1.039618500000003,0,0,0,0.0016081534430649892,0.8240025052350576,0.007992972759081469,0
..\..\..\files\weather\hourly\Spresiano.csv,2/17/2020 12:00:00 AM,13.5,2.5,0,6,100,48,-89.6303,-4.943182,0.5568182,0,0,0,0,0,0,0,0,0,0,0,0,0,0,0,0,0,0,0,0,0,0,0,0,-43.44995580879845,-159.80271895339902,1.3751595167695202E-30,6.659210466181382E-31,0,0.00667,1.036786499999998,0,0,0,0.0022875229687335298,0.8462137568809495,0.008568559277326651,0
..\..\..\files\weather\hourly\Spresiano.csv,2/18/2020 12:00:00 AM,7.6,4.7,0,0,100,90,-89.6303,-1.4499998,0,0,0,0,0,0,0,0,0,0,0,0,0,0,0,0,0,0,0,0,0,0,0,0,0,-43.44995580879845,-159.80271895339902,4.1566706814552924E-30,2.0410805633876583E-30,0,0.00667,1.039618500000003,0,0,0,0.0016702558703905386,0.8818628440010666,0.009560301302591351,0
..\..\..\files\weather\hourly\Spresiano.csv,2/19/2020 12:00:00 AM,14.8,3.4,0,7,100,60,-88.619774,-4.689474,1.0105264,0,0,0,0,0,0,0,0,0,0,0,0,0,0,0,0,0,0,0,0,0,0,0,0,-43.44995580879845,-159.80271895339902,1.2446511658285591E-29,6.197751244842951E-30,0,0.00667,1.0127274999999898,0,0,0,0.0029797669511059106,0.9102369251066423,0.010412270441058025,0
..\..\..\files\weather\hourly\Spresiano.csv,2/20/2020 12:00:00 AM,14.5,2.8,1.4000001,9,100,40,-87.75439,-4.984615,0.86538464,0,0,0,0,0,0,0,0,0,0,0,0,0,0,0,0,0,0,0,0,0,0,0,0,-43.44995580879845,-159.80271895339902,3.691978597399145E-29,1.8644262903128541E-29,0,0.27927585388108705,0.7525065000000026,0,0,0,0.0022217299044216834,0.9302903080962578,0.011049335770223568,0
..\..\..\files\weather\hourly\Spresiano.csv,2/21/2020 12:00:00 AM,12.5,0.7,0,0,95,39,-87.489555,-5.6351695,0.2648305,0,0,0,0,0,0,0,0,0,0,0,0,0,0,0,0,0,0,0,0,0,0,0,0,-43.44995580879845,-159.80271895339902,1.0848762248548267E-28,5.556404887711999E-29,0,0.27927585388108705,1.0690024999999963,0,0,0,0.0016284739354831858,0.9477474628634329,0.011628255136071922,0
..\..\..\files\weather\hourly\Spresiano.csv,2/22/2020 12:00:00 AM,12.5,-0.5,0,8,100,42,-87.24917,-6.25,0.24038461,0,0,0,0,0,0,0,0,0,0,0,0,0,0,0,0,0,0,0,0,0,0,0,0,-43.44995580879845,-159.80271895339902,3.1579896415980134E-28,1.6405167136260266E-28,0,0.00667,0.8785384999999977,0,0,0,0.0016081534430649892,0.9614771460985563,0.01209986803347757,0
..\..\..\files\weather\hourly\Spresiano.csv,2/23/2020 12:00:00 AM,14.1,2.6,0,0,95,38,-86.518295,-5.0191307,0.7308697,0,0,0,0,0,0,0,0,0,0,0,0,0,0,0,0,0,0,0,0,0,0,0,0,-43.44995580879845,-159.80271895339902,9.106483459444838E-28,4.79850635522404E-28,0,0.00667,1.0690024999999963,0,0,0,0.0019571216156802533,0.9796646874984863,0.012747227682248041,0
..\..\..\files\weather\hourly\Spresiano.csv,2/24/2020 12:00:00 AM,10.9,1.9,0,5,99,68,-86.4733,-4.4549994,0.04499996,0,0,0,0,0,0,0,0,0,0,0,0,0,0,0,0,0,0,0,0,0,0,0,0,-49.018945265099745,-159.80271895339902,2.6013584397532276E-27,1.3904989814668878E-27,0,0.00667,1.0568034999999938,0,0,0,0.002662572989179135,1.0182092392686082,0.0142071361419388,0
..\..\..\files\weather\hourly\Spresiano.csv,2/25/2020 12:00:00 AM,13.3,5.8,0,0,97,66,-85.7473,-3.024,0.7260001,0,0,0,0,0,0,0,0,0,0,0,0,0,0,0,0,0,0,0,0,0,0,0,0,-49.018945265099745,-159.80271895339902,7.361379110082972E-27,3.9918574212201156E-27,0.004286596998400039,0.00667,0.9298275000000018,0,0,0,0.003797135744565161,1.05924459287507,0.015898448428742103,0
..\..\..\files\weather\hourly\Spresiano.csv,2/26/2020 12:00:00 AM,12.4,8.2,0,1,98,70,-85.061584,-1.4142853,0.6857141,0,0,0,0,0,0,0,0,0,0,0,0,0,0,0,0,0,0,0,0,0,0,0,0,-49.018945265099745,-159.80271895339902,2.0636101903308817E-26,1.1353236531303088E-26,0,0.00667,1.0733834999999985,0,0,0,0.003412313892100632,1.114936600277984,0.018432776156314012,0
..\..\..\files\weather\hourly\Spresiano.csv,2/27/2020 12:00:00 AM,11,2.6,0,10,100,46,-85.00206,-4.1404767,0.059523813,0,0,0,0,0,0,0,0,0,0,0,0,0,0,0,0,0,0,0,0,0,0,0,0,-49.018945265099745,-159.80271895339902,5.730673104675558E-26,3.1989338434611905E-26,0,0.00667,0,0,0,0,0.0023916039246058424,1.146610422860288,0.020002998950941802,0
..\..\..\files\weather\hourly\Spresiano.csv,2/28/2020 12:00:00 AM,12.3,-0.7,0,0,92,19,-84.7986,-6.0223083,0.20346157,0,0,0,0,0,0,0,0,0,0,0,0,0,0,0,0,0,0,0,0,0,0,0,0,-49.018945265099745,-159.80271895339902,1.576496823457246E-25,8.929606948136748E-26,0,0.00667,0,0,0,0,0.0017586486824907532,1.1609707264817948,0.020746830260265112,0
..\..\..\files\weather\hourly\Spresiano.csv,2/29/2020 12:00:00 AM,14.9,0.7,0,0,78,12,-83.95318,-6.2545776,0.84542245,0,0,0,0,0,0,0,0,0,0,0,0,0,0,0,0,0,0,0,0,0,0,0,0,-49.018945265099745,-159.80271895339902,4.296255061886806E-25,2.469457518270921E-25,0,0.00667,0,0,0,0,0.0012409675178270795,1.1728569549252779,0.021377874120546148,0
..\..\..\files\weather\hourly\Spresiano.csv,3/1/2020 12:00:00 AM,11.6,0.4,0,0,62,40,-83.83889,-5.485714,0.11428576,0,0,0,0,0,0,0,0,0,0,0,0,0,0,0,0,0,0,0,0,0,0,0,0,-49.018945265099745,-159.80271895339902,1.1598357903879854E-24,6.765712580157727E-25,0,0.00667,0,0,0,0,0.0017586486824907532,1.1824409348355693,0.021896944954944132,0
..\..\..\files\weather\hourly\Spresiano.csv,3/2/2020 12:00:00 AM,8.4,6.2,22.800001,20,100,57,-83.83889,-1.0999999,0,0,0,0,0,0,0,0,0,0,0,0,0,0,0,0,0,0,0,0,0,0,0,0,0,-49.018945265099745,-159.80271895339902,3.101790403043169E-24,1.8364070484037582E-24,0,3,1.039618500000003,0,0,0,0.0018540273692963535,1.2186321713531976,0.02394116116690006,0
..\..\..\files\weather\hourly\Spresiano.csv,3/3/2020 12:00:00 AM,10.4,5.6,44.6,17,100,90,-83.82222,-2.3833334,0.016666636,0,0,0,0,0,0,0,0,0,0,0,0,0,0,0,0,0,0,0,0,0,0,0,0,-49.018945265099745,-159.80271895339902,8.217465363365115E-24,4.938197451446927E-24,0.12340519363629367,3,1.0127274999999898,0,0.12497583323829833,0,0.0024648213336230253,1.2588870548199196,0.02637525084063113,0
..\..\..\files\weather\hourly\Spresiano.csv,3/4/2020 12:00:00 AM,11.5,6.3,0.6,8,100,67,-83.60587,-2.3836532,0.21634616,0,0,0,0,0,0,0,0,0,0,0,0,0,0,0,0,0,0,0,0,0,0,0,0,-49.018945265099745,-159.80271895339902,2.1566159306233372E-23,1.3155662814812042E-23,0,3,0.18677850000000262,0,0,0,0.002931256752882745,1.3108102606047924,0.02977350363773068,0
..\..\..\files\weather\hourly\Spresiano.csv,3/5/2020 12:00:00 AM,12.2,2.4,0,3,99,45,-83.35893,-4.6530614,0.24693875,0,0,0,0,0,0,0,0,0,0,0,0,0,0,0,0,0,0,0,0,0,0,0,4.700610696646011,-44.318334568453736,-159.80271895339902,5.606827931460375E-23,3.4721822121045416E-23,0,0.04555995657963896,1.039618500000003,0,0,0,0.002158636467054675,1.3361356690593147,0.03153998040149661,0
..\..\..\files\weather\hourly\Spresiano.csv,3/6/2020 12:00:00 AM,10.8,1.6,4.8,12,99,47,-83.32415,-4.565218,0.034782626,0,0,0,0,0,0,0,0,0,0,0,0,0,0,0,0,0,0,0,0,0,0,0,0,-44.318334568453736,-159.80271895339902,1.4440131224931576E-22,9.079010143564917E-23,0,1.7347728213200446,1.0690024999999963,0.002,0,0,0.001781811520614019,1.3528007442081873,0.032742262538395725,1
..\..\..\files\weather\hourly\Spresiano.csv,3/7/2020 12:00:00 AM,11.4,3.9,13,8,99,60,-83.19348,-3.619333,0.1306666,0,0,0,0,0,0,0,0,0,0,0,0,0,0,0,0,0,0,0,0,0,0,0,0,-44.318334568453736,-159.80271895339902,3.684126586320979E-22,2.3519141368496495E-22,0,3,1.039618500000003,0.002,0,0,0.0025808319439604615,1.389003593059605,0.035465045349427876,1
..\..\..\files\weather\hourly\Spresiano.csv,3/8/2020 12:00:00 AM,15.1,5.1,0,8,100,37,-81.89298,-3.6995003,1.3005002,0,0,0,0,0,0,0,0,0,0,0,0,0,0,0,0,0,0,0,0,0,0,0,0,-44.318334568453736,-159.80271895339902,9.311238283191535E-22,6.0360407231706285E-22,0,0.201298902903533,0.406626499999998,0,0,0,0.002427815626456659,1.409696605654097,0.0370906627309669,0
..\..\..\files\weather\hourly\Spresiano.csv,3/9/2020 12:00:00 AM,13,2,0,0,91,38,-81.483894,-5.090909,0.4090909,0,0,0,0,0,0,0,0,0,0,0,0,0,0,0,0,0,0,0,0,0,0,0,0,-44.318334568453736,-159.80271895339902,2.3312552648231075E-21,1.5347279006362164E-21,0,0.00667,0.9732984999999914,0,0,0,0.001735922182274986,1.4247544844601494,0.03830573348442685,0
..\..\..\files\weather\hourly\Spresiano.csv,3/10/2020 12:00:00 AM,12.2,2.9,0,0,87,48,-81.22368,-4.389785,0.26021504,0,0,0,0,0,0,0,0,0,0,0,0,0,0,0,0,0,0,0,0,0,0,0,0,-44.318334568453736,-159.80271895339902,5.782048251919899E-21,3.865983165459324E-21,0,0.00667,0.06512749999999556,0,0,0,0.002254280029667379,1.4477067879895225,0.04021048262691228,0
..\..\..\files\weather\hourly\Spresiano.csv,3/11/2020 12:00:00 AM,13.7,4.6,0,0,95,45,-80.47148,-3.797802,0.7521977,0,0,0,0,0,0,0,0,0,0,0,0,0,0,0,0,0,0,0,0,0,0,0,0,-44.318334568453736,-159.80271895339902,1.4206368828384996E-20,9.648031417379223E-21,0,0.00667,1.0690024999999963,0,0,0,0.0024648213336230253,1.4721592908758634,0.04231043597506391,0
..\..\..\files\weather\hourly\Spresiano.csv,3/12/2020 12:00:00 AM,15.8,4.1,0,2,100,46,-79.033875,-4.412393,1.4376069,0,0,0,0,0,0,0,0,0,0,0,0,0,0,0,0,0,0,0,0,0,0,0,0,-44.318334568453736,-159.80271895339902,3.457752884769169E-20,2.3854400245764218E-20,0,0.00667,1.0127274999999898,0,0,0,0.0026212459086974314,1.496267649326477,0.04445306268782387,0
..\..\..\files\weather\hourly\Spresiano.csv,3/13/2020 12:00:00 AM,15.7,3.4,0,8,100,46,-77.71314,-4.8292685,1.3207318,0,0,0,0,0,0,0,0,0,0,0,0,0,0,0,0,0,0,0,0,0,0,0,0,-44.318334568453736,-159.80271895339902,8.337086575684218E-20,5.84319290934559E-20,0.07183363971635004,0.00667,1.0568034999999938,0,0.07591404186997729,0,0.0028838639371310936,1.522825901365472,0.046897354477148954,0
..\..\..\files\weather\hourly\Spresiano.csv,3/14/2020 12:00:00 AM,15.5,9.2,0,1,97,56,-75.31235,-0.749207,2.4007936,0,0,0,0,0,0,0,0,0,0,0,0,0,0,0,0,0,0,0,0,0,0,0,0,-44.318334568453736,-159.80271895339902,1.991334247768388E-19,1.4180279485029808E-19,0.4425485754057126,0.00667,0,0,0,0.013043774658647813,0.004497389867136026,1.5735163295463785,0.051810101203232026,0
..\..\..\files\weather\hourly\Spresiano.csv,3/15/2020 12:00:00 AM,12.6,8.1,2.3999999,3,92,45,-74.56123,-1.4988887,0.7511113,0,0,0,0,0,0,0,0,0,0,0,0,0,0,0,0,0,0,0,0,0,0,0,6.924357932722149,-37.39397663573159,-159.80271895339902,4.711763754671939E-19,3.409362196271369E-19,0,0.47453165642652545,0,0,0,0.013043774658647813,0.0027480744976864967,1.6011086193707091,0.054622351286502724,1
..\..\..\files\weather\hourly\Spresiano.csv,3/16/2020 12:00:00 AM,13.4,4.3,0,0,76,39,-73.92607,-3.9148355,0.63516474,0,0,0,0,0,0,0,0,0,0,0,0,0,0,0,0,0,0,0,0,0,0,0,0,-37.39397663573159,-159.80271895339902,1.1044151196053963E-18,8.121125950943308E-19,0,0.47453165642652545,0,0,0,0.013043774658647813,0.0018054212389029313,1.6178319451766041,0.05637463095441164,0
..\..\..\files\weather\hourly\Spresiano.csv,3/17/2020 12:00:00 AM,14.9,2,0,0,84,34,-72.99545,-5.5193796,0.93062,0,0,0,0,0,0,0,0,0,0,0,0,0,0,0,0,0,0,0,0,0,0,0,0,-37.39397663573159,-159.80271895339902,2.5644289592134423E-18,1.9165277146997272E-18,0,0.00667,0.18677850000000262,0,0,0.013043774658647813,0.0014757595925455225,1.6275807265878048,0.057412836393366105,0
..\..\..\files\weather\hourly\Spresiano.csv,3/18/2020 12:00:00 AM,15.9,1.8,0,0,92,42,-71.761055,-5.8156023,1.2343969,0,0,0,0,0,0,0,0,0,0,0,0,0,0,0,0,0,0,0,0,0,0,0,0,-37.39397663573159,-159.80271895339902,5.898729677031861E-18,4.4809566739131695E-18,0,0.00667,0.8785384999999977,0,0,0.013043774658647813,0.002427815626456659,1.645549702259497,0.05935883559236747,0
..\..\..\files\weather\hourly\Spresiano.csv,3/19/2020 12:00:00 AM,20.8,4.5,0,0,92,33,-68.18314,-4.572086,3.5779138,0,0,0,0,0,0,0,0,0,0,0,0,0,0,0,0,0,0,0,0,0,0,0,0,-37.39397663573159,-159.80271895339902,1.344113082093967E-17,1.0379686350945031E-17,0,0.00667,0,0,0,0.013043774658647813,0.002427815626456659,1.6614456142426242,0.0611154177815495,0
..\..\..\files\weather\hourly\Spresiano.csv,3/20/2020 12:00:00 AM,21,7.2,0,0,87,34,-63.799088,-2.5159426,4.384058,0,0,0,0,0,0,0,0,0,0,0,0,0,0,0,0,0,0,0,0,0,0,0,0,-37.39397663573159,-159.80271895339902,3.0340491685830854E-17,2.38208171718847E-17,0,0.00667,0.7525065000000026,0,0,0.013043774658647813,0.003412313892100632,1.6846454523832495,0.06373843471537922,0
..\..\..\files\weather\hourly\Spresiano.csv,3/21/2020 12:00:00 AM,17.4,5.9,0,11,100,55,-61.418217,-3.3691301,2.3808694,0,0,0,0,0,0,0,0,0,0,0,0,0,0,0,0,0,0,0,0,0,0,0,0,-37.39397663573159,-159.80271895339902,6.7845166630904E-17,5.4161308857715555E-17,0,0.00667,1.039618500000003,0,0,0.013043774658647813,0.00408819456442347,1.7242263903082349,0.06837657217083049,0
..\..\..\files\weather\hourly\Spresiano.csv,3/22/2020 12:00:00 AM,16.2,9.5,0,10,100,55,-58.54956,-0.48134327,2.868657,0,0,0,0,0,0,0,0,0,0,0,0,0,0,0,0,0,0,0,0,0,0,0,0,-37.39397663573159,-159.80271895339902,1.502881383789934E-16,1.2200647548861956E-16,0.3172687565006287,0.00667,0.9732984999999914,0,0.3087972047989244,0.25856339861980804,0.004165788379616633,1.7742078385558793,0.07452802907813877,0
..\..\..\files\weather\hourly\Spresiano.csv,3/23/2020 12:00:00 AM,13.6,5,3.2,2,87,36,-57.796074,-3.5465117,0.7534885,0,0,0,0,0,0,0,0,0,0,0,0,0,0,0,0,0,0,0,0,0,0,0,0,-37.39397663573159,-159.80271895339902,3.2979190305201595E-16,2.7229461386761294E-16,0,0.6310587278290035,0,0,0,0.25856339861980804,0.002254280029667379,1.7927157693778126,0.07688938606519262,1
..\..\..\files\weather\hourly\Spresiano.csv,3/24/2020 12:00:00 AM,9.6,0.5,0,0,65,20,-57.796074,-4.55,0,0,0,0,0,0,0,0,0,0,0,0,0,0,0,0,0,0,0,0,0,0,0,0,0,-37.39397663573159,-159.80271895339902,7.169102094265114E-16,6.020865169196288E-16,0,0.00667,0,0,0,0.25856339861980804,0.0011137626768196501,1.7966216786655729,0.07739349077547211,0
..\..\..\files\weather\hourly\Spresiano.csv,3/25/2020 12:00:00 AM,10.8,-2.6,0,0,72,22,-57.772194,-4.3761196,0.023880608,0,0,0,0,0,0,0,0,0,0,0,0,0,0,0,0,0,0,0,0,0,0,0,7.007552029315807,-30.386424606415783,-159.80271895339902,1.5438284289919846E-15,1.3189967263461404E-15,0,0.00667,0,0,0,0.25856339861980804,0.001343141548112525,1.8020605063270865,0.07809878220190197,0
..\..\..\files\weather\hourly\Spresiano.csv,3/26/2020 12:00:00 AM,9.2,0.6,0,0,75,30,-57.772194,-4.3,0,0,0,0,0,0,0,0,0,0,0,0,0,0,0,0,0,0,0,0,0,0,0,0,0,-30.386424606415783,-159.80271895339902,3.293387216137929E-15,2.862825155338125E-15,0,0.00667,0,0,0,0.25856339861980804,0.001102111027546604,1.8134416058570517,0.07958724422375424,0
..\..\..\files\weather\hourly\Spresiano.csv,3/27/2020 12:00:00 AM,10.5,3.5,0,0,51,40,-57.754337,-3.482143,0.017857144,0,0,0,0,0,0,0,0,0,0,0,0,0,0,0,0,0,0,0,0,0,0,0,0,-30.386424606415783,-159.80271895339902,6.9597886139278154E-15,6.156212371476054E-15,0.15815986787866676,0.00667,0,0,0,0.25856339861980804,0.0012833074629881942,1.8178432038048924,0.08016746941086181,0
..\..\..\files\weather\hourly\Spresiano.csv,3/28/2020 12:00:00 AM,15.3,8.3,0,0,65,39,-55.74791,-1.4935713,2.0064287,0,0,0,0,0,0,0,0,0,0,0,0,0,0,0,0,0,0,0,0,0,0,0,0,-30.386424606415783,-159.80271895339902,1.4569974628858235E-14,1.311600098540387E-14,0.004286596998400039,0.00667,0,0,0,0.25856339861980804,0.002011814987055983,1.8178432038048924,0.08016746941086181,0
..\..\..\files\weather\hourly\Spresiano.csv,3/29/2020 12:00:00 AM,19,5.6,0,0,76,28,-52.72552,-3.677612,3.0223882,0,0,0,0,0,0,0,0,0,0,0,0,0,0,0,0,0,0,0,0,0,0,0,0,-30.386424606415783,-159.80271895339902,3.021558690140789E-14,2.7685975614262105E-14,0,0.00667,0,0,0,0.25856339861980804,0.002158636467054675,1.836451982543396,0.08264863507029176,0
..\..\..\files\weather\hourly\Spresiano.csv,3/30/2020 12:00:00 AM,19.2,7.1,0,0,83,33,-49.228,-2.5524795,3.4975212,0,0,0,0,0,0,0,0,0,0,0,0,0,0,0,0,0,0,0,0,0,0,0,0,-30.386424606415783,-159.80271895339902,6.207443361105206E-14,5.790156251566999E-14,0.33513154115076277,0.00667,0,0,0,0.25856339861980804,0.0027048402575440703,1.8530054247086625,0.08489393927834325,0
..\..\..\files\weather\hourly\Spresiano.csv,3/31/2020 12:00:00 AM,12.1,5,0.8,5,82,52,-48.91744,-3.2394366,0.31056347,0,0,0,0,0,0,0,0,0,0,0,0,0,0,0,0,0,0,0,0,0,0,0,0,-30.386424606415783,-159.80271895339902,1.2632927081191626E-13,1.1997599612672206E-13,0,0.16233729832175875,0,0,0,0.25856339861980804,0.0028838639371310936,1.8724164278827904,0.08757253124585947,1
..\..\..\files\weather\hourly\Spresiano.csv,4/1/2020 12:00:00 AM,10.9,2.4,0,0,63,24,-48.869793,-4.2023525,0.047647018,0,0,0,0,0,0,0,0,0,0,0,0,0,0,0,0,0,0,0,0,0,0,0,0,-30.386424606415783,-159.80271895339902,2.5468578476622274E-13,2.463052669386383E-13,0,0.16233729832175875,0,0,0,0.25856339861980804,0.0012273101044440902,1.8823290223079858,0.08895938386914401,0
..\..\..\files\weather\hourly\Spresiano.csv,4/2/2020 12:00:00 AM,11,-0.8,0,0,69,28,-48.82742,-5.1694913,0.042372882,0,0,0,0,0,0,0,0,0,0,0,0,0,0,0,0,0,0,0,0,0,0,0.5979226227971274,0,-29.788501983618655,-159.80271895339902,5.086451576214017E-13,5.009910517048611E-13,0,0.00667,0,0,0,0.25856339861980804,0.001213872650300547,1.8920892060860632,0.0903374215897217,0
..\..\..\files\weather\hourly\Spresiano.csv,4/3/2020 12:00:00 AM,13.7,-0.2,0,0,84,30,-48.334972,-7.2438846,0.492446,0,0,0,0,0,0,0,0,0,0,0,0,0,0,0,0,0,0,0,0,0,0,0.7014810679581799,0,-29.087020915660474,-159.80271895339902,1.0063165506942278E-12,1.0096362093262628E-12,0,0.00667,0.5048235000000005,0,0,0.25856339861980804,0.0015119084059916806,1.9031187464548942,0.09190958774097185,0
..\..\..\files\weather\hourly\Spresiano.csv,4/4/2020 12:00:00 AM,16.8,0.5,0,0,90,30,-46.91657,-6.731595,1.4184047,0,0,0,0,0,0,0,0,0,0,0,0,0,0,0,0,0,0,0,0,0,0,0.8390117198453118,0,-28.248009195815165,-159.80271895339902,1.9722583762015083E-12,2.0159527600204907E-12,0,0.00667,0,0,0,0.25856339861980804,0.0017586486824907532,1.9170465890195132,0.09391742661961898,0
..\..\..\files\weather\hourly\Spresiano.csv,4/5/2020 12:00:00 AM,19,5.9,0,0,77,25,-43.824966,-3.4583967,3.091603,0,0,0,0,0,0,0,0,0,0,0,0,0,0,0,0,0,0,0,0,0,0,1.149854813403201,0,-27.098154382411963,-159.80271895339902,3.829151022549312E-12,3.9882111362219986E-12,0,0.00667,0,0,0,0.25856339861980804,0.0018540273692963535,1.9301843287700857,0.09583435914656532,0
..\..\..\files\weather\hourly\Spresiano.csv,4/6/2020 12:00:00 AM,20.6,4.5,0,0,71,20,-40.335526,-4.5605593,3.4894412,0,0,0,0,0,0,0,0,0,0,0,0,0,0,0,0,0,0,0,0,0,0,1.2456612239008193,0,-25.852493158511145,-159.80271895339902,7.364625612830092E-12,7.81736215877131E-12,0.7465242587729192,0.00667,0,0,0,0.25856339861980804,0.0015304705786659098,1.9395833583007438,0.09721943217648064,0
..\..\..\files\weather\hourly\Spresiano.csv,4/7/2020 12:00:00 AM,22.2,8.6,0,0,52,20,-34.863464,-1.327941,5.4720592,0,0,0,0,0,0,0,0,0,0,0,0,0,0,0,0,0,0,0,0,0,0,1.3650176898616233,0,-24.48747546864952,-159.80271895339902,1.4031637135952934E-11,1.51819877716014E-11,0.4604444841547959,0.00667,0,0,0,0.25856339861980804,0,1.9395833583007438,0.09721943217648064,0
..\..\..\files\weather\hourly\Spresiano.csv,4/8/2020 12:00:00 AM,22.4,5.9,0,0,58,17,-30.204071,-3.5906062,4.659394,0,0,0,0,0,0,0,0,0,0,0,0,0,0,0,0,0,0,0,0,0,0,1.2762557941389214,0,-23.2112196745106,-159.80271895339902,2.6483507853848816E-11,2.9213624907554334E-11,0,0.00667,0,0,0,0.25856339861980804,0.001440862877882065,1.94238296090146,0.09763418813568575,0
..\..\..\files\weather\hourly\Spresiano.csv,4/9/2020 12:00:00 AM,22.5,5.8,0,0,58,11,-25.525928,-3.671856,4.6781435,0,0,0,0,0,0,0,0,0,0,0,0,0,0,0,0,0,0,0,0,0,0,1.238004675225839,0,-21.97321499928476,-159.80271895339902,4.951675370795555E-11,5.569713276140315E-11,0,0.00667,0,0,0,0.25856339861980804,0.0015119084059916806,1.9480869131668823,0.09848233329951861,0
..\..\..\files\weather\hourly\Spresiano.csv,4/10/2020 12:00:00 AM,23.6,5.2,0,0,59,17,-20.499842,-4.173913,5.026087,0,0,0,0,0,0,0,0,0,0,0,0,0,0,0,0,0,0,0,0,0,0,1.299302883417083,0,-20.67391211586768,-159.80271895339902,9.171456560171286E-11,1.0521388646935869E-10,0,0.00667,0,0,0,0.25856339861980804,0.0014581582935815083,1.9549888508868476,0.09951419179379097,0
..\..\..\files\weather\hourly\Spresiano.csv,4/11/2020 12:00:00 AM,25.6,6.2,0,0,70,17,-14.227676,-3.427835,6.272165,0,0,0,0,0,0,0,0,0,0,0,0,0,0,0,0,0,0,0,0,0,0,1.3742995232641624,0,-19.299612592603516,-159.80271895339902,1.6828056227662276E-10,1.9692845207107154E-10,0.4067305133767417,0.00667,0,0,0,0.25856339861980804,0.0018540273692963535,1.9644476749542765,0.10093821478376705,0
..\..\..\files\weather\hourly\Spresiano.csv,4/12/2020 12:00:00 AM,25.6,7.9,0,0,69,18,-7.3531,-1.9754238,6.8745766,0,0,0,0,0,0,0,0,0,0,0,0,0,0,0,0,0,0,0,0,0,0,1.3874444861809665,0,-17.91216810642255,-159.80271895339902,3.058715529016363E-10,3.652090143476943E-10,0.2816211011773542,0.00667,0,0,0,0.25856339861980804,0.0025413064399147393,1.9741341606250367,0.10240834795560888,0
..\..\..\files\weather\hourly\Spresiano.csv,4/13/2020 12:00:00 AM,24.5,7.4,0,0,76,21,-1.2054391,-2.4023385,6.1476607,0,0,0,0,0,0,0,0,0,0,0,0,0,0,0,0,0,0,0,0,0,0,1.3590544499287225,0,-16.553113656493828,-159.80271895339902,5.507489958664574E-10,6.710805672493306E-10,0.38881849714618344,0.00667,0,0,0,0.25856339861980804,0.002792303379174842,1.9876186769796915,0.10447478548642988,0
..\..\..\files\weather\hourly\Spresiano.csv,4/14/2020 12:00:00 AM,21.8,9.3,0,0,86,35,0,-0.6803994,5.5695996,8.811094,8.811094,0.32633683,10.407921,10,2.004594,0,0,0,0,0,0,0,0,0,0,0,0,0,0,0,0,1.198418809317198,0,-15.35469484717663,-159.80271895339902,9.823762005120272E-10,1.221829563115788E-09,0.5495796938774262,0.00667,0.6777634999999975,0,0.37248505685129163,0.25856339861980804,0.003938922237668092,2.0075813368366364,0.10757622275006565,0
..\..\..\files\weather\hourly\Spresiano.csv,4/15/2020 12:00:00 AM,18.9,5,0,0,90,41,0,-4.1007195,2.8492804,3.9761772,12.7872715,0.47360262,10.592003,10,2.1578424,0,0,0,0,0,0,0,0,0,0,0,0,0,0,0,0,0.8606795767769989,0,-14.49401527039963,-159.80271895339902,1.7358470011674052E-09,2.204205763627815E-09,0,0.00667,0,0,0,0.25856339861980804,0.0031323391049276825,2.032058222368592,0.1114473473614114,0
..\..\..\files\weather\hourly\Spresiano.csv,4/16/2020 12:00:00 AM,16.4,6,0,0,76,28,0,-3.2307692,1.9692307,2.622635,15.409906,0.5707373,10.713422,10,2.2589235,0,0,0,0,0,0,0,0,0,0,0,0,0,0,0,0,0.9935478927344604,0,-13.50046737766517,-159.80271895339902,3.0384671609514164E-09,3.940052764795221E-09,0,0.00667,0,0,0,0.25856339861980804,0.0016284739354831858,2.0437994294478306,0.11333079193225411,0
..\..\..\files\weather\hourly\Spresiano.csv,4/17/2020 12:00:00 AM,19.9,2.7,0,6,89,22,0,-5.7508726,2.849128,2.8118844,18.22179,0.67488116,10.843601,10,2.367298,0,0,0,0,0,0,0,0,0,0,0,0,0,0,0,0,1.1104035888294288,0,-12.390063788835743,-159.80271895339902,5.268744552000907E-09,6.978519925746637E-09,0,0.00667,0.5048235000000005,0,0,0.25856339861980804,0.0023916039246058424,2.057905626524415,0.11561619085089082,0
..\..\..\files\weather\hourly\Spresiano.csv,4/18/2020 12:00:00 AM,20.4,4.7,0,9,98,39,0,-4.4054136,3.4445856,4.9608335,23.182625,0.8586157,11.036634,11,2.5279982,0,0,0,0,0,0,0,0,0,0,0,0,0,0,0,0,0.9548318630542006,0,-11.435231925781544,-159.80271895339902,9.050430367259543E-09,1.2247264477747545E-08,0.22841506569382938,0.00667,0.8785384999999977,0,0.2006714291920578,0.25856339861980804,0.003353566358764844,2.080885519911994,0.11939163788606266,0
..\..\..\files\weather\hourly\Spresiano.csv,4/19/2020 12:00:00 AM,21.5,9,0,9,100,37,0,-0.96000004,5.29,8.499632,31.682257,1.1734169,11.233385,11,2.691793,0,0,0,0,0,0,0,0,0,0,0,0,0,0,0,0,1.1127075380471982,0,-10.322524387734344,-159.80271895339902,1.5400712453565782E-08,2.1297694845007088E-08,0.33513154115076277,0.00667,0,0,0,0.25856339861980804,0.005737430774773988,2.1172900839924162,0.12550398004441132,0
..\..\..\files\weather\hourly\Spresiano.csv,4/20/2020 12:00:00 AM,22.9,7.3,0,7,92,35,0,-2.4663467,5.3336535,8.338067,40.020325,1.4822342,11.426396,11,2.852475,0,0,0,0,0,0,0,0,0,0,0,0,0,0,0,0,1.2764492569102743,0,-9.046075130824068,-159.80271895339902,2.5961028002374064E-08,3.669840729857287E-08,0.7717954341305004,0.00667,0.5048235000000005,0,0.3896204723417791,0.25856339861980804,0.005387947968721866,2.151375628996758,0.13137049423869812,0
..\..\..\files\weather\hourly\Spresiano.csv,4/21/2020 12:00:00 AM,18,13.7,0.4,3,81,39,0,0,5.8500004,9.107166,49.12749,1.8195367,12.091474,12,3.5333762,0,0,0,0,0,0,0,0,0,0,0,0,0,0,0,0,1.2114476966307637,0,-7.834627434193305,-159.80271895339902,4.335233075913805E-08,6.265943530094694E-08,0.9858924031138201,0.08446782515981173,0,0,0,0.39219658906373045,0.005277799303392242,2.169732369342189,0.13458643193568023,1
..\..\..\files\weather\hourly\Spresiano.csv,4/22/2020 12:00:00 AM,19.8,12.7,0,0,52,19,0,0,6.25,9.478297,58.60579,2.1705847,12.237743,12,3.8585827,0,0,0,0,0,0,0,0,0,0,0,0,0,0,0,0,1.3486802978559331,0,-6.485947136337373,-159.80271895339902,7.171541399717537E-08,1.0601176606008498E-07,0.6550556597200801,0.00667,0,0,0,0.39219658906373045,0,2.169732369342189,0.13458643193568023,0
..\..\..\files\weather\hourly\Spresiano.csv,4/23/2020 12:00:00 AM,21.8,10,0,0,52,23,0,-4.7683716E-07,5.899999,9.155027,67.76082,2.50966,13.034268,13,5.6295233,0,0,0,0,0,0,0,0,0,0,0,0,0,0,0,0,1.3688670840150177,0,-5.117080052322354,-159.80271895339902,1.1752278122955382E-07,1.7772718005726036E-07,0.38881849714618344,0.00667,0,0,0,0.39219658906373045,0,2.169732369342189,0.13458643193568023,0
..\..\..\files\weather\hourly\Spresiano.csv,4/24/2020 12:00:00 AM,22.1,7.6,0,0,67,22,0,-2.2013798,5.0486207,8.060055,75.82088,2.8081806,13.127557,13,5.8369346,0,0,0,0,0,0,0,0,0,0,0,0,0,0,0,0,1.319570433180479,0,-3.7975096191418736,-159.80271895339902,1.9078362834568065E-07,2.9524996128681416E-07,0.08894402745566253,0.00667,0,0,0,0.39219658906373045,0.002158636467054675,2.176944882241508,0.13586069719702606,0
..\..\..\files\weather\hourly\Spresiano.csv,4/25/2020 12:00:00 AM,23.6,6.8,0,0,76,23,0,-2.8952384,5.504762,8.446212,84.26709,3.1210034,13.225313,13,6.0542793,0,0,0,0,0,0,0,0,0,0,0,0,0,0,0,0,1.336412791252923,0,-2.4610968278889516,-159.80271895339902,3.068100912196554E-07,4.860335896324948E-07,0.38881849714618344,0.00667,0,0,0,0.39219658906373045,0.002128057831466768,2.188291002654104,0.13787738120649312,0
..\..\..\files\weather\hourly\Spresiano.csv,4/26/2020 12:00:00 AM,23.8,8.1,0,0,82,29,0,-1.7850318,6.0649676,9.202467,93.46956,3.4618356,14.065459,14,7.9222045,0,0,0,0,0,0,0,0,0,0,0,0,0,0,0,0,1.3335998609531188,0,-1.1274969669358335,-159.80271895339902,4.88773518558023E-07,7.928436808521502E-07,0.9198704055467259,0.00667,0,0,0,0.39219658906373045,0.002931256752882745,2.1990576001058346,0.13980467002177166,0
..\..\..\files\weather\hourly\Spresiano.csv,4/27/2020 12:00:00 AM,19.7,9.8,0,6,100,46,0,-0.19797945,4.7520204,7.9457684,101.41533,3.7561233,14.13903,14,8.085777,0,0,0,0,0,0,0,0,0,0,0,0,0,0,0,0,1.0062631163993396,0,-0.12123385053649471,-159.80271895339902,7.713565804244443E-07,1.2816171994101731E-06,0.1407479959237262,0.00667,1.0127274999999898,0,0.14253936604184397,0.39219658906373045,0.004497389867136026,2.216421906586028,0.14294066327345567,0
..\..\..\files\weather\hourly\Spresiano.csv,4/28/2020 12:00:00 AM,22.1,8.5,0,6,100,45,0,-1.4172797,5.3827205,8.55262,109.96795,4.072887,17.004967,17,12.638114,0,0,0,0,0,0,0,0,0,0,0,0,0,0,0,0,1.1158306174712573,0,0.9945967669347624,-159.80271895339902,1.2059025182145797E-06,2.0529737798346175E-06,0.9110607217927359,0.00667,0.3006114999999987,0,0.27387533016919585,0.39219658906373045,0.006117655628829422,2.2610730663148875,0.15115880036689908,0
..\..\..\files\weather\hourly\Spresiano.csv,4/29/2020 12:00:00 AM,19,13.3,35.6,15,100,60,0,0,6.1499996,9.388027,119.35597,4.4205914,30.005848,30,29.744537,1,0,0,0,0,0,1,0,1,0,0,0,0,0,1,0,0.3922721330634236,0,1.3868688999981877,-159.80271895339902,1.8675778214533645E-06,3.258876298049197E-06,0.7840636206869015,3,1.0127274999999898,0,0.794042790419186,4.206026928789082,0.007825669133839292,2.3448401462297515,0.1671524815177427,1
..\..\..\files\weather\hourly\Spresiano.csv,4/30/2020 12:00:00 AM,17.8,9.7,11.2,17,100,71,0,-0.29444504,3.7555552,6.7035456,126.05952,4.668871,40.002342,40,42.897816,1,0,0,0,1,1,0,0,2,0,0,0,1,1,1,0,0.052130733054343355,0,1.438999633052532,-159.80271895339902,2.8651984398193736E-06,5.126454119502562E-06,0.12340519363629367,3,1.0127274999999898,0,0.12497583323829833,6.994174476758288,0.008797519803217085,2.43000213434518,0.1841351949834939,1
..\..\..\files\weather\hourly\Spresiano.csv,5/1/2020 12:00:00 AM,20.3,7.9,10.4,13,100,45,0,-1.9221773,4.277822,7.1591835,133.2187,4.934026,50.00262,50,56.05608,1,0,0,0,1,1,0,0,3,0,0,0,2,2,1,0,0.8888628883671954,0,2.3278625214197284,-159.80271895339902,4.354519068649258E-06,7.991652559321936E-06,0.5495796938774262,3,1.036786499999998,0,0.569796807286247,6.994174476758288,0.004965035439009817,2.471122117794085,0.19257784087589466,1
..\..\..\files\weather\hourly\Spresiano.csv,5/2/2020 12:00:00 AM,19.4,9.8,0.6,10,100,52,0,-0.19791698,4.602083,7.771006,140.98972,5.2218413,53.033276,53,60.166378,1,0,0,0,1,0,0,0,4,0,0,0,3,2,1,0,0.8673490360252809,0,3.1952115574450097,-159.80271895339902,6.555943164122176E-06,1.2346171627971194E-05,0.6723970714585993,2.1722168881189585,1.0127274999999898,0,0.6809550051855817,9.09633558699958,0.007473914878106473,2.5232773002376008,0.20349816245081848,1
..\..\..\files\weather\hourly\Spresiano.csv,5/3/2020 12:00:00 AM,21.9,10.7,5.4,14,100,48,0,0,6.299999,9.522806,150.51253,5.574538,53.08618,53,60.43091,0,0,0,0,0,0,0,0,4,0,0,0,3,2,1,0,0.9282083013475636,0,4.123419858792577,-159.80271895339902,9.777766358503912E-06,1.890211479209337E-05,0.6376365667763976,1.0629859486363016,1.0127274999999898,0,0.6457520861800377,10.820487542851543,0.017686593562080025,2.5999083478956333,0.2199422946087325,1
..\..\..\files\weather\hourly\Spresiano.csv,5/4/2020 12:00:00 AM,20.3,10.2,0.2,6,100,33,0,0,5.25,8.499632,159.01216,5.8893394,53.1334,53,60.667,0,0,0,0,0,0,0,0,4,0,0,0,3,2,1,0,1.354674908225071,0,5.478094767017648,-159.80271895339902,1.4446200016463584E-05,2.867988115059728E-05,0.2107688025214582,1.102359529234357,1.036786499999998,0,0.2185222490754134,11.88135795692056,0.00424543795676343,2.6344371296914684,0.22749506531342475,1
..\..\..\files\weather\hourly\Spresiano.csv,5/5/2020 12:00:00 AM,21.4,10,0,0,93,37,0,-0,5.7,8.961042,167.9732,6.22123,53.183186,53,60.915928,0,0,0,0,0,0,0,0,4,0,0,0,3,2,1,0,1.3286346848974353,0,6.806729451915086,-159.80271895339902,2.1143509940049816E-05,4.312608116706086E-05,0.17563692799999997,0.00667,0.5952024999999992,0,0.10453953863791984,11.88135795692056,0.0030802731473356464,2.659247059338893,0.23297304153076487,0
..\..\..\files\weather\hourly\Spresiano.csv,5/6/2020 12:00:00 AM,20,8.8,0,0,90,40,0,-1.1357136,4.464286,7.531719,175.50493,6.500182,53.22503,53,61.125145,0,0,0,0,0,0,0,0,4,0,0,0,3,2,1,0,1.1762577194486077,0,7.982987171363693,-159.80271895339902,3.0655615293884335E-05,6.426959110711068E-05,0.6025883430243248,0.00667,0.3006114999999987,0,0.18114498567905604,11.88135795692056,0.004327208398154079,2.686800139335075,0.23910431415832295,0
..\..\..\files\weather\hourly\Spresiano.csv,5/7/2020 12:00:00 AM,20.6,10,0,0,96,38,0,-0,5.3,8.55262,184.05756,6.8169465,54.018032,54,65.090164,0,0,0,0,0,0,0,0,4,0,0,0,3,2,1,0,1.224230002094444,0,9.207217173458137,-159.80271895339902,4.403038499925334E-05,9.492520640099501E-05,0.49618346792295015,0.00667,0.6777634999999975,0,0.3362950438615952,11.88135795692056,0.004585944264267788,2.717799281639322,0.24605934294529527,0
..\..\..\files\weather\hourly\Spresiano.csv,5/8/2020 12:00:00 AM,22.8,8.6,0,1,95,34,0,-1.3309855,5.769014,8.961042,193.0186,7.148837,54.05786,54,65.28931,0,0,0,0,0,0,0,0,4,0,0,0,3,2,1,0,1.306999281442529,0,10.514216454900666,-159.80271895339902,6.264759754038298E-05,0.00013895559140024834,0.2816211011773542,0.00667,1.0690024999999963,0,0.3010536612113436,11.88135795692056,0.003353566358764844,2.7392598527034164,0.2509077984736459,0
..\..\..\files\weather\hourly\Spresiano.csv,5/9/2020 12:00:00 AM,23.6,8.8,0,6,100,38,0,-1.1513519,6.2486486,9.433372,202.45197,7.498221,54.099785,54,65.498924,0,0,0,0,0,0,0,0,4,0,0,0,3,2,1,0,1.3541640410329052,0,11.868380495933568,-159.80271895339902,8.830104667712588E-05,0.00020160318894063133,0.3709114848886736,0.00667,0.7525065000000026,0,0.27911330330337963,11.88135795692056,0.004497389867136026,2.7677999390347887,0.25739587510864753,0
..\..\..\files\weather\hourly\Spresiano.csv,5/10/2020 12:00:00 AM,24.8,10.8,0,0,93,38,0,0,7.799999,10.667704,213.11967,7.893321,54.147198,54,65.73599,0,0,0,0,0,0,0,0,4,0,0,0,3,2,1,0,1.4790160835824604,0,13.347396579516026,-159.80271895339902,0.0001232925328432451,0.0002899042356177572,0.9522124284853493,0.00667,0.06512749999999556,0,0.06201521493617536,11.88135795692056,0.006677672465257637,2.795570331737948,0.26375059368414194,0
..\..\..\files\weather\hourly\Spresiano.csv,5/11/2020 12:00:00 AM,22.3,14.9,0,0,97,52,0,0,8.599998,11.130852,224.25052,8.305575,54.19667,54,65.98335,0,0,0,0,0,0,0,0,4,0,0,0,3,2,1,0,1.1034657982004799,0,14.450862377716508,-159.80271895339902,0.00017053643895264072,0.0004131967684610023,0.9733417005673772,0.00667,1.0733834999999985,0,1.0447689212509619,11.88135795692056,0.009914241808357717,2.873379095407318,0.2817523061516479,0
..\..\..\files\weather\hourly\Spresiano.csv,5/12/2020 12:00:00 AM,19.9,13.6,16.6,16,100,63,0,0,6.75,9.904776,234.15529,8.672419,55.03391,55,70.16954,1,1,0,0,0,1,0,0,5,1,0,0,3,3,1,0,-0.08324497057548805,0,14.367617407141022,-159.80271895339902,0.000233672227232442,0.000583733207413643,0.7840636206869015,3,1.039618500000003,0,0.815127045243088,15.859284065975178,0.009225987251413565,2.9884253920461727,0.30880338297129756,1
..\..\..\files\weather\hourly\Spresiano.csv,5/13/2020 12:00:00 AM,22.3,11.3,3.4,11,100,54,0,0,6.799999,9.945159,244.10045,9.040757,55.070744,55,70.353714,1,1,1,0,0,0,0,0,6,2,1,0,3,3,1,0,0.5370886571911011,0,14.904706064332121,-159.80271895339902,0.000317180513951319,0.000817405434646085,0.4067305133767417,2.8123682025815486,1.0586914999999948,0,0.4306021373025906,18.837110950418193,0.009449219782398146,3.057756693600465,0.325289959512241,1
..\..\..\files\weather\hourly\Spresiano.csv,5/14/2020 12:00:00 AM,19,11.3,0.2,2,100,71,0,0,5.1499996,8.392356,252.4928,9.351585,55.101826,55,70.509125,0,0,0,0,0,0,0,0,6,2,1,0,3,3,1,0,0.2645799586635132,0,15.169286022995632,-159.80271895339902,0.00042649642135716607,0.001134585948597404,0.7335267383413079,0.6702352851678189,1.0127274999999898,0,0.7428626999035394,19.460300497292252,0.010156218181460307,3.133234858558917,0.3433418179769398,1
..\..\..\files\weather\hourly\Spresiano.csv,5/15/2020 12:00:00 AM,24.2,11.7,4.2000003,12,100,50,0,0,7.950001,10.762251,263.25504,9.750187,55.141685,55,70.70843,0,1,1,0,0,0,0,0,6,3,2,0,3,3,1,0,1.239561179506164,0,16.408847202501793,-159.80271895339902,0.0005681117567836987,0.0015610823699545701,1,0.8663867198015895,1.0127274999999898,0,1.0127274999999898,20.889440356871543,0.016279621132666545,3.2221288626026525,0.3646779137335783,1
..\..\..\files\weather\hourly\Spresiano.csv,5/16/2020 12:00:00 AM,22.2,16.1,0,2,99,52,0,0,9.150002,11.391095,274.64612,10.172079,56.01475,56,75.07376,0,0,0,0,0,0,0,0,6,3,2,0,3,3,1,0,1.2087311081472965,0,17.61757831064909,-159.80271895339902,0.000749655367353054,0.002129194126738269,1,0.8271206112094058,1.0699464999999933,0,1.0699464999999933,20.889440356871543,0.008009205785633211,3.2677054328002164,0.3756259477854021,0
..\..\..\files\weather\hourly\Spresiano.csv,5/17/2020 12:00:00 AM,20.1,14.8,1.8000001,5,100,51,0,0,7.450001,10.43314,285.07925,10.558491,56.04787,56,75.23935,0,0,0,0,0,1,0,0,6,3,2,0,3,4,1,0,1.0403198071960786,0,18.657898117845168,-159.80271895339902,0.0009799389615101814,0.0028788494940913227,0.9110607217927359,0.74864212125999,1.0127274999999898,0.002,0.9226562471293437,21.376764798107512,0.008198027468244658,3.330562275326869,0.3907118665586145,1
..\..\..\files\weather\hourly\Spresiano.csv,5/18/2020 12:00:00 AM,26.7,13.7,1.6,5,100,40,0,0,10.200001,11.75839,296.83765,10.993986,56.085197,56,75.42599,0,0,0,0,0,0,0,0,6,3,2,0,3,4,1,0,1.562261602421204,0,20.22015972026637,-159.80271895339902,0.0012689540262659552,0.003858788455601504,0.9919285609420946,1.457527779909688,0,0,0,22.704884710659588,0.012032217562516991,3.3767106534875473,0.4017653570180319,0
..\..\..\files\weather\hourly\Spresiano.csv,5/19/2020 12:00:00 AM,25.8,14.4,0,0,95,38,0,0,10.099998,11.730667,308.5683,11.428455,56.12244,56,75.6122,0,0,0,0,0,0,0,0,6,3,2,0,3,4,1,0,1.6405733565725538,0,21.860733076838923,-159.80271895339902,0.0016278044950187643,0.005127742481867459,0.9078904497013098,0.00667,0,0,0,22.704884710659588,0.007141695906768869,3.4014666700230602,0.407683439824118,0
..\..\..\files\weather\hourly\Spresiano.csv,5/20/2020 12:00:00 AM,24.4,16.3,1,5,90,44,0,0,10.349998,11.797127,320.36542,11.865386,57.014904,57,80.074524,0,0,0,0,0,1,0,0,6,3,2,0,3,5,1,0,1.1101685764402698,0,22.970901653279196,-159.80271895339902,0.002068559851497325,0.006755546976886224,1,0.201298902903533,0.8194314999999932,0,0.8194314999999932,23.014801520805083,0.02202840411148315,3.509959555129001,0.43348576005183176,1
..\..\..\files\weather\hourly\Spresiano.csv,5/21/2020 12:00:00 AM,24.5,14.5,0,3,98,49,0,0,9.5,11.532312,331.89774,12.292509,57.04694,57,80.234695,0,0,0,0,0,0,0,0,6,3,2,0,3,5,1,0,1.3766115502645113,0,24.34751320354371,-159.80271895339902,0.0026040147000753575,0.00882410682838355,0.8829414904505004,0.201298902903533,1.008951499999995,0,0.8908451412022635,23.014801520805083,0.01065948969388774,3.586241583348492,0.4514554624617691,0
..\..\..\files\weather\hourly\Spresiano.csv,5/22/2020 12:00:00 AM,25.2,12.3,0,6,98,41,0,0,8.75,11.206497,343.10425,12.707564,57.078068,57,80.390335,0,0,0,0,0,0,0,0,6,3,2,0,3,5,1,0,1.444762838863376,0,25.792276042407085,-159.80271895339902,0.003247343755522304,0.011428121528458906,1,0.00667,0.8194314999999932,0,0.8194314999999932,23.014801520805083,0.008797519803217085,3.6419426183444856,0.4644637272695834,0
..\..\..\files\weather\hourly\Spresiano.csv,5/23/2020 12:00:00 AM,23.4,13.6,0,2,94,39,0,0,8.5,11.078467,354.1827,13.117878,57.10884,57,80.544205,0,0,0,0,0,0,0,0,6,3,2,0,3,5,1,0,1.5472545321775333,0,27.339530574584618,-159.80271895339902,0.004011645880757432,0.01467546528398121,0.7960829684742449,0.00667,1.036786499999998,0,0.8253680745940212,23.014801520805083,0.008392263433758713,3.673845591107048,0.4718655859675592,0
..\..\..\files\weather\hourly\Spresiano.csv,5/24/2020 12:00:00 AM,25.9,13.9,6.6,3,100,37,0,0,9.9,11.67066,365.85336,13.550125,58.014454,58,85.072266,0,1,1,0,0,1,0,0,6,4,3,0,3,6,1,0,1.6279338170277446,0,28.967464391612364,-159.80271895339902,0.004909377268665333,0.018687111164738642,0.9858924031138201,1.299496065178238,1.0127274999999898,0,0.9984403486744412,24.215796324795683,0.01092090481039161,3.723694653539654,0.48335368869631856,1
..\..\..\files\weather\hourly\Spresiano.csv,5/25/2020 12:00:00 AM,23.2,13.3,0.2,8,100,26,0,0,8.25,10.940645,376.794,13.955334,58.041466,58,85.20733,0,0,0,0,0,0,0,0,6,4,3,0,3,6,1,0,1.561316819646517,0,30.528781211258877,-159.80271895339902,0.005951681985917115,0.023596488433403975,0.7465242587729192,1.3389771177581438,0.5048235000000005,0,0.3768629891486512,25.864773442553826,0.008592052457706709,3.7842895805646335,0.49718068975921575,1
..\..\..\files\weather\hourly\Spresiano.csv,5/26/2020 12:00:00 AM,24.6,9.7,0,5,99,37,0,-0.2969799,7.15302,10.216426,387.01044,14.33372,58.066692,58,85.333466,0,0,0,0,0,0,0,0,6,4,3,0,3,6,1,0,1.4756275740406066,0,32.00440878529949,-159.80271895339902,0.007147637527917319,0.02954817041932109,0.8730149674241063,0.00667,0,0,0,25.864773442553826,0.004965035439009817,3.8031593124652705,0.5014536991223381,0
..\..\..\files\weather\hourly\Spresiano.csv,5/27/2020 12:00:00 AM,21.4,10.9,0.4,8,99,48,0,0,6.1499996,9.388027,396.39847,14.681424,58.089874,58,85.44937,0,0,0,0,0,0,0,0,6,4,3,0,3,6,1,0,1.0504815863561625,0,33.054890371655645,-159.80271895339902,0.008503443209212643,0.03669580794723841,0.4425485754057126,0.08446782515981173,1.039618500000003,0,0.46008168614042516,26.225169257282776,0.016279621132666545,3.873088687568183,0.517144164573938,1
..\..\..\files\weather\hourly\Spresiano.csv,5/28/2020 12:00:00 AM,24.3,9,0,7,100,30,0,-0.96732044,6.682679,9.822777,406.22125,15.045232,59.002712,59,90.013565,0,0,0,0,0,0,0,0,6,4,3,0,3,6,1,0,1.497624697936138,0,34.55251506959178,-159.80271895339902,0.010021589359117108,0.045199251156451056,0.2994302468276264,0.08446782515981173,0.6777634999999975,0,0.20294289209575525,26.225169257282776,0.003728906770232872,3.8953107360985486,0.5220804160600868,0
..\..\..\files\weather\hourly\Spresiano.csv,5/29/2020 12:00:00 AM,24.6,10.2,10,6,95,33,0,0,7.3999996,10.398027,416.6193,15.430345,59.02582,59,90.129105,1,1,1,0,0,0,0,0,7,5,4,0,3,6,1,0,1.4025988008392347,0,35.955113870431006,-159.80271895339902,0.011700054465471926,0.055220840515568165,0.8193642724323759,1.9731099999999997,1.0690024999999963,0,0.8759024556408879,28.151217884321962,0.021713745435454904,3.96177679624133,0.5366933399836226,1
..\..\..\files\weather\hourly\Spresiano.csv,5/30/2020 12:00:00 AM,22.7,11.8,0.2,5,99,30,0,0,7.25,10.2902775,426.90958,15.811465,59.048687,59,90.24344,1,0,0,0,0,0,0,0,8,5,4,0,3,6,1,0,1.545193231521855,0,37.500307101952856,-159.80271895339902,0.013531584568798093,0.06692089498104009,0.9019672922707105,2.012895556592984,0,0,0,30.239244425862978,0.005277799303392242,3.9852185458119673,0.5417911514665454,1
..\..\..\files\weather\hourly\Spresiano.csv,5/31/2020 12:00:00 AM,21.2,12.9,0,0,90,40,0,0,7.049999,10.140954,437.05054,16.187057,59.071224,59,90.356125,0,0,0,0,0,0,0,0,8,5,4,0,3,6,1,0,1.3748502578862307,0,38.87515735983909,-159.80271895339902,0.01550311331015497,0.08045247954983818,0.9522124284853493,0.00667,0,0,0,30.239244425862978,0.004965035439009817,4.011496151886656,0.5474698382870405,0
..\..\..\files\weather\hourly\Spresiano.csv,6/1/2020 12:00:00 AM,21.4,14,0,0,89,38,0,0,7.700001,10.602684,447.65323,16.579748,59.094784,59,90.47392,0,0,0,0,0,0,0,0,8,5,4,0,3,6,1,0,1.2548928691357892,0,40.13005022897488,-159.80271895339902,0.017595381147141664,0.09595559285999315,0.8306205178880004,0.00667,0.8785384999999977,0,0.7297321038545451,30.239244425862978,0.005987317765432713,4.033343966323596,0.5521618709815376,0
..\..\..\files\weather\hourly\Spresiano.csv,6/2/2020 12:00:00 AM,25.6,11.1,0,8,95,30,0,0,8.35,10.996953,458.65018,16.987043,60.017475,60,95.08737,0,0,0,0,0,0,0,0,8,5,4,0,3,6,1,0,1.438469760199226,0,41.568519989174106,-159.80271895339902,0.01978280767862288,0.11355097400713482,0.720291797694224,0.00667,0.6777634999999975,0,0.48818748982652743,30.239244425862978,0.005387947968721866,4.069154995853918,0.559793833676025,0
..\..\..\files\weather\hourly\Spresiano.csv,6/3/2020 12:00:00 AM,27.3,11.3,0,3,97,34,0,0,9.299999,11.453929,470.1041,17.411263,60.040615,60,95.20308,0,0,0,0,0,0,0,0,8,5,4,0,3,6,1,0,1.3230185944566932,0,42.891538583630805,-159.80271895339902,0.022033661418661865,0.1333337816857577,1,0.00667,0.5952024999999992,0,0.5952024999999992,30.239244425862978,0.007825669133839292,4.089972686848623,0.5641962920171391,0
..\..\..\files\weather\hourly\Spresiano.csv,6/4/2020 12:00:00 AM,25.3,14.7,5.3999996,5,97,49,0,0,10,11.701426,481.8055,17.844648,60.064255,60,95.32127,0,1,1,0,0,1,0,0,8,6,5,0,3,7,1,0,1.0166303773454382,0,43.90816896097624,-159.80271895339902,0.02431055684054455,0.15536744310441958,0.9916977201989361,1.0629858958442266,1.0733834999999985,0,1.0644719698491532,31.33980414810805,0.008592052457706709,4.159961379015555,0.5788084049797242,1
..\..\..\files\weather\hourly\Spresiano.csv,6/5/2020 12:00:00 AM,18.4,15.4,42.2,18,100,75,0,0,6.8999996,10.024701,491.8302,18.215933,60.084507,60,95.42253,1,1,1,0,0,1,0,1,9,7,6,0,3,8,1,1,-1.412298306304456,0,42.49587065467179,-159.80271895339902,0.026571289682852932,0.17967799994496414,0.9971855540480002,3,1.0127274999999898,0,1.009877233187136,35.33980414810805,0.012032217562516991,4.344817587267998,0.6159380036764386,1
..\..\..\files\weather\hourly\Spresiano.csv,6/6/2020 12:00:00 AM,23.3,15.2,0.6,9,100,47,0,0,9.25,11.433371,503.26358,18.63939,61.015305,61,100,1,0,0,0,0,1,0,0,10,7,6,0,3,9,1,1,0.801450080473545,0,43.297320735145334,-159.80271895339902,0.028769999488566962,0.20624928962781708,1,3,1.0690024999999963,0,1.0690024999999963,38.725804148108054,0.012933503733454893,4.458492931994268,0.6376669656096492,1
..\..\..\files\weather\hourly\Spresiano.csv,6/7/2020 12:00:00 AM,22.8,16.5,4.4,14,100,66,0,0,9.65,11.587064,514.85065,19.068542,61.036762,61,100,0,1,1,0,0,1,0,1,10,8,7,0,3,10,1,2,-0.10700570371222003,0,43.190315031433116,-159.80271895339902,0.030858624703804058,0.23501928911638403,1,0.9056707403943071,1.0127274999999898,0,1.0127274999999898,40.51747488850236,0.02202840411148315,4.70435839617578,0.6816752151439373,1
..\..\..\files\weather\hourly\Spresiano.csv,6/8/2020 12:00:00 AM,21.5,15.2,68.6,19,100,74,0,0,8.35,10.996953,525.8476,19.475838,61.057125,61,100,1,1,1,1,0,1,1,1,11,9,8,1,3,11,2,3,-1.1371273025616138,0,42.05318772887151,-159.80271895339902,0.03278859229946312,0.2658779138201881,1,3,1.0127274999999898,0,1.0127274999999898,44.51747488850236,0.02131211883485227,4.908395925081986,0.7150515762274806,1
..\..\..\files\weather\hourly\Spresiano.csv,6/9/2020 12:00:00 AM,20.6,15.6,37.8,18,100,75,0,0,8.1,10.853226,536.7008,19.877808,61.077225,61,100,1,1,1,1,1,1,1,1,12,10,9,2,4,12,3,4,-0.8443089453168693,0,41.20887878355464,-159.80271895339902,0.03451266286897748,0.29866650611965123,0.9797726449298856,3,1.039618500000003,0.002,2.9412774800795165,48.51747488850236,0.015233973575193875,5.068764444092831,0.739298320607859,1
..\..\..\files\weather\hourly\Spresiano.csv,6/10/2020 12:00:00 AM,22.3,15.1,7.8,9,100,60,0,0,8.700001,11.181672,547.8825,20.291945,71.01176,71,89.91182,1,1,1,1,1,0,0,0,13,11,10,3,5,12,3,4,0.5671117560830263,0,41.77599053963766,-159.80271895339902,0.0359868355340322,0.3331791689886287,0.9445675210548152,3,1.0586914999999948,0,1.000005605716799,51.903474888502366,0.01146344546544497,5.161139218553383,0.7524864449838471,1
..\..\..\files\weather\hourly\Spresiano.csv,6/11/2020 12:00:00 AM,17.9,11.5,2.8,12,100,72,0,0,4.7,7.8879585,555.77045,20.58409,71.02352,71,89.82359,0,1,1,1,0,0,0,0,13,12,11,4,5,12,3,4,-0.8354990386927941,0,40.94049150094487,-159.80271895339902,0.03717220653685415,0.3691660045226609,0.4425485754057126,0.7878724058471024,1.0127274999999898,0,0.4481811123991843,53.17883637209893,0.01092090481039161,5.305123386169972,0.7719360325753364,1
..\..\..\files\weather\hourly\Spresiano.csv,6/12/2020 12:00:00 AM,21,11.4,0.4,13,100,54,0,0,6.200001,9.433372,565.2038,20.933475,71.03759,71,89.71808,0,0,0,1,0,1,0,0,13,12,11,5,5,13,3,4,0.22529486356379277,0,41.16578636450866,-159.80271895339902,0.03803667242821824,0.40633821105951506,0.4246421329706381,0.6310587424200685,1.0127274999999898,0,0.43004676571801753,54.467008181501605,0.009914241808357717,5.373810451518641,0.7807503399673189,1
..\..\..\files\weather\hourly\Spresiano.csv,6/13/2020 12:00:00 AM,23.9,10.5,0.2,9,100,53,0,0,7.200001,10.253555,575.45734,21.313234,71.05288,71,89.60341,0,0,0,0,0,0,0,0,13,12,11,5,5,13,3,4,0.8550419434663747,0,42.02082830797504,-159.80271895339902,0.03855637395723191,0.4443748834877333,0.9283935050000003,0.12339360574051833,1.0127274999999898,0,0.9402096333348783,54.92265545513954,0.013888969432762167,5.436052460407213,0.7884848068664568,1
..\..\..\files\weather\hourly\Spresiano.csv,6/14/2020 12:00:00 AM,26.5,12.5,0,7,100,52,0,0,9.5,11.532312,586.9896,21.740356,71.07008,71,89.47437,0,0,0,0,0,0,0,0,13,12,11,5,5,13,3,4,1.0688816843175926,0,43.089709992292626,-159.80271895339902,0.03871679007424845,0.48293125744496523,1,0.00667,0.8194314999999932,0,0.8194314999999932,54.92265545513954,0.017336172166717727,5.5429266361024405,0.8012174805738796,0
..\..\..\files\weather\hourly\Spresiano.csv,6/15/2020 12:00:00 AM,24.2,16.9,1,8,100,57,0,0,10.549999,11.843475,598.8331,22.179005,71.087746,71,89.3419,0,0,0,1,0,1,0,0,13,12,11,6,5,14,3,4,0.6076610623198875,0,43.69737105461252,-159.80271895339902,0.03851341204436064,0.5216480475192137,1,0.20129890580706597,1.039618500000003,0,1.039618500000003,55.38502934516115,0.016631713933684684,5.698072137408183,0.8185096226107827,1
..\..\..\files\weather\hourly\Spresiano.csv,6/16/2020 12:00:00 AM,21.2,17.5,4,22,100,74,0,0,9.35,11.474102,610.30725,22.603971,71.10486,71,89.21356,0,1,1,1,0,1,0,1,13,13,12,7,5,15,3,5,-0.2712144381243756,0,43.42615661648814,-159.80271895339902,0.03795195399567678,0.5601614595635743,1,0.7878724116942047,1.0127274999999898,0,1.0127274999999898,57.26621135848709,0.020568793598028105,5.9775624175140685,0.8463174105676061,1
..\..\..\files\weather\hourly\Spresiano.csv,6/17/2020 12:00:00 AM,26.7,16.9,38.6,9,100,42,0,0,11.799999,11.997039,622.30426,23.048306,71.12275,71,89.07938,1,1,1,1,0,1,0,0,14,14,13,8,5,16,3,5,1.2517057557298854,0,44.67786237221803,-159.80271895339902,0.037048086180271875,0.5981134135592511,1,3,1.039618500000003,0.002,3.002,59.645634206245624,0.017336172166717727,6.091266135568325,0.8564833552149755,1
..\..\..\files\weather\hourly\Spresiano.csv,6/18/2020 12:00:00 AM,25,15.5,6.4,11,100,54,0,0,10.25,11.771682,634.0759,23.484295,71.140305,71,88.947716,1,1,1,1,0,1,0,0,15,15,14,9,5,17,3,5,0.7234401234070275,0,45.40130249562506,-159.80271895339902,0.03582670832565231,0.635161499739523,0.9666025709705,3,1.0127274999999898,0,0.9789050051925171,62.96222954992253,0.01837836095770071,6.208004662989881,0.8662777664302092,0
..\..\..\files\weather\hourly\Spresiano.csv,6/19/2020 12:00:00 AM,26.3,14.3,0,7,100,48,0,0,10.299999,11.784593,645.86053,23.920761,71.15788,71,88.81588,0,0,0,0,0,0,0,0,15,15,14,9,5,17,3,5,0.9602343189701859,0,46.36153681459524,-159.80271895339902,0.03432081010342086,0.6709882080651752,0.8628167598542678,0.00667,1.0586914999999948,0,0.91345676971525,62.96222954992253,0.012626804686059756,6.281516126331518,0.8721257670099453,0
..\..\..\files\weather\hourly\Spresiano.csv,6/20/2020 12:00:00 AM,24.7,14.7,9.2,13,100,55,0,0,9.700001,11.604548,657.4651,24.350557,71.17519,71,88.68605,0,1,1,1,0,0,0,0,15,16,15,10,5,17,3,5,0.5336469111267977,0,46.895183725722035,-159.80271895339902,0.032569991489866716,0.7053090181685961,1,1.8141468965916498,1.039618500000003,0,1.039618500000003,65.52817877341035,0.013564825706431674,6.388175766775836,0.8801908966486992,1
..\..\..\files\weather\hourly\Spresiano.csv,6/21/2020 12:00:00 AM,26.8,14.9,0.8,4,100,42,0,0,10.849998,11.901681,669.36676,24.79136,71.19294,71,88.55295,1,0,0,1,0,1,0,0,16,16,15,11,5,18,3,5,1.3107862702681992,0,48.20596999599023,-159.80271895339902,0.03061873558496159,0.7378790096584629,1,1.9731100029635875,1.0690024999999963,0,1.0690024999999963,67.19830547529865,0.009008791018073715,6.443712193378262,0.8842005878943616,1
..\..\..\files\weather\hourly\Spresiano.csv,6/22/2020 12:00:00 AM,26.1,13.8,0,9,100,54,0,0,9.950001,11.6862335,681.053,25.224186,72.013176,72,82.401184,0,0,0,0,0,0,0,0,16,16,15,11,5,18,3,5,1.0048256717475001,0,49.21079566773773,-159.80271895339902,0.028514538830152578,0.7684977452434245,1,0.00667,1.0586914999999948,0,1.0586914999999948,67.19830547529865,0.017336172166717727,6.5326893318160115,0.8903644523542926,0
..\..\..\files\weather\hourly\Spresiano.csv,6/23/2020 12:00:00 AM,30.9,15.4,0,8,99,32,0,0,13.15,11.902644,692.9556,25.665024,72.02804,72,82.28972,0,0,0,0,0,0,0,0,16,16,15,11,5,18,3,5,1.6790097193202898,0,50.88980538705802,-159.80271895339902,0.02630600778364646,0.797012284073577,1,0.00667,1.008951499999995,0,1.008951499999995,67.19830547529865,0.013246252421737494,6.6026700861999394,0.8949949182469465,0
..\..\..\files\weather\hourly\Spresiano.csv,6/24/2020 12:00:00 AM,29.9,15.3,0,1,96,37,0,0,12.6,11.97344,704.9291,26.108486,72.042984,72,82.17762,0,0,0,0,0,0,0,0,16,16,15,11,5,18,3,5,1.6640832054318573,0,52.55388859248987,-159.80271895339902,0.024041027707376685,0.8233182918572235,0.5545010895376001,0.00667,0,0,0,67.19830547529865,0.020289083193563175,6.68575771001275,0.9002537821821324,0
..\..\..\files\weather\hourly\Spresiano.csv,6/25/2020 12:00:00 AM,26.4,19,1.6,2,94,43,0,0,12.700001,11.963863,716.89294,26.55159,72.05792,72,82.06558,0,0,0,1,0,1,0,0,16,16,15,12,5,19,3,5,1.4504994734610568,0,54.00438806595092,-159.80271895339902,0.02176509695707077,0.8473593195646002,0.9979280779280003,0.31829118865205863,1.0568034999999938,0,1.0546138855025773,67.31594521579095,0.017686593562080025,6.718335632846526,0.9022471378806268,1
..\..\..\files\weather\hourly\Spresiano.csv,6/26/2020 12:00:00 AM,23.9,18.5,0,0,97,53,0,0,11.200001,11.9524975,728.84546,26.994276,72.07284,72,81.95372,0,0,0,0,0,0,0,0,16,16,15,12,5,19,3,5,1.1019173074130355,0,55.10630537336395,-159.80271895339902,0.019519903926178264,0.8691244165216709,1,0.31829118865205863,0.18677850000000262,0,0.18677850000000262,67.31594521579095,0.016279621132666545,6.805454454416733,0.907394291857304,0
..\..\..\files\weather\hourly\Spresiano.csv,6/27/2020 12:00:00 AM,28.3,16.8,0.2,3,97,46,0,0,12.549999,11.977676,740.8231,27.437893,72.08779,72,81.84157,0,0,0,0,0,0,0,0,16,16,15,12,5,19,3,5,1.3920085508567763,0,56.498313924220724,-159.80271895339902,0.017342201896883812,0.8886443204478492,1,0.04555995657963896,1.0699464999999933,0,1.0699464999999933,67.35657823217949,0.01803437830533468,6.9223638528049936,0.9138986954311353,1
..\..\..\files\weather\hourly\Spresiano.csv,6/28/2020 12:00:00 AM,29.5,18.9,0,5,100,53,0,0,14.200001,11.64515,752.46826,27.869194,72.10233,72,81.7325,0,0,0,0,0,0,0,0,16,16,15,12,5,19,3,5,1.330083272234528,0,57.828397196455256,-159.80271895339902,0.015263013648193123,0.9059865223447331,0.9636326451305007,0.00667,1.0127274999999898,0,0.9758972796213894,67.35657823217949,0.021713745435454904,7.094605801166044,0.9226940053480711,0
..\..\..\files\weather\hourly\Spresiano.csv,6/29/2020 12:00:00 AM,30.4,19.6,0,9,100,55,0,0,15,11.342095,763.81036,28.289274,72.11649,72,81.6263,0,0,0,0,0,0,0,0,16,16,15,12,5,19,3,5,1.2119668552917997,0,59.04036405174706,-159.80271895339902,0.013307174124672331,0.9212495359929262,0.7775234203207784,0.00667,1.0699464999999933,0,0.8319084622402404,67.35657823217949,0.02131211883485227,7.26146816695796,0.9303898369328354,0
..\..\..\files\weather\hourly\Spresiano.csv,6/30/2020 12:00:00 AM,29.9,19.9,4,8,99,57,0,0,14.9,11.385003,775.1954,28.710941,72.13071,72,81.5197,0,1,1,1,0,0,0,0,16,17,16,13,5,19,3,5,0.6884512178242894,0,59.728815269571356,-159.80271895339902,0.01149319775237766,0.9345567101175986,0.8738172142189775,0.7878723824586927,0.9298275000000018,0,0.8124992757541979,67.6243467896568,0.022347555605306057,7.5532334280195235,0.9421081093741887,1
..\..\..\files\weather\hourly\Spresiano.csv,7/1/2020 12:00:00 AM,29.9,19.4,0.2,3,99,50,0,0,14.65,11.485998,786.6814,29.136349,72.14504,72,81.412186,0,0,0,0,0,0,0,0,16,17,16,13,5,19,3,5,1.2890672046064842,0,61.01788247417784,-159.80271895339902,0.009833438620969593,0.9460499078699762,0.7927534968080003,0.8271205790356626,1.039618500000003,0,0.8241612012212906,67.6243467896568,0.02228906194204269,7.724570328971279,0.948073937036628,1
..\..\..\files\weather\hourly\Spresiano.csv,7/2/2020 12:00:00 AM,29.9,19.7,8.4,11,100,55,0,0,14.799999,11.426477,798.10785,29.55955,72.15931,72,81.305176,0,1,1,1,0,1,0,1,16,18,17,14,5,20,3,6,0.634997172130066,0,61.65287964630791,-159.80271895339902,0.008334497791929681,0.9558833464909459,0.9468545707053291,1.695112607367352,1.0568034999999938,0,1.0006392243123834,67.81046382412464,0.02228906194204269,7.958586251828809,0.9552650348869116,1
..\..\..\files\weather\hourly\Spresiano.csv,7/3/2020 12:00:00 AM,28.7,18.4,0.4,11,100,53,0,0,13.549999,11.823421,809.9313,29.997456,73.00959,73,74.92807,0,0,0,1,0,0,0,0,16,18,17,15,5,20,3,6,0.9030579612619866,0,62.5559376075699,-159.80271895339902,0.006997822991478448,0.9642178442828755,0.9183168800000003,1.7347727799419197,1.0127274999999898,0,0.930004758090191,68.60956756271527,0.021713745435454904,8.140623588763557,0.9601775329308532,1
..\..\..\files\weather\hourly\Spresiano.csv,7/4/2020 12:00:00 AM,28,17.9,0.2,2,97,44,0,0,12.950001,11.933511,821.8648,30.439436,77.01119,77,39.94404,0,0,0,0,0,0,0,0,16,18,17,15,5,20,3,6,1.4200461352536964,0,63.9759837428236,-159.80271895339902,0.005820441953162858,0.9712156672743539,1,0.12339360574051833,0.8194314999999932,0,0.8194314999999932,68.63718904582542,0.021081758160876384,8.212894237817999,0.9619778481142396,1
..\..\..\files\weather\hourly\Spresiano.csv,7/5/2020 12:00:00 AM,28.9,17.1,0,2,98,36,0,0,13,11.926342,833.79114,30.881155,77.02245,77,39.887733,0,0,0,0,0,0,0,0,16,18,17,15,5,20,3,6,1.5675247039740237,0,65.54350844679763,-159.80271895339902,0.004795771300484693,0.9770361092275168,1,0.00667,1.0699464999999933,0,1.0699464999999933,68.63718904582542,0.020833506945891173,8.327051988862516,0.9646602801943507,0
..\..\..\files\weather\hourly\Spresiano.csv,7/6/2020 12:00:00 AM,30.5,17.2,0,4,98,40,0,0,13.85,11.748743,845.53986,31.316292,77.03354,77,39.832306,0,0,0,0,0,0,0,0,16,18,17,15,5,20,3,6,1.5667523243193988,0,67.11026077111703,-159.80271895339902,0.0039144473749343975,0.9818318805280015,0.9713586541453613,0.00667,0.9732984999999914,0,0.9454219210416905,68.63718904582542,0.020289083193563175,8.448433628632536,0.9673087233505855,0
..\..\..\files\weather\hourly\Spresiano.csv,7/7/2020 12:00:00 AM,32.3,16.8,6.8,7,100,36,0,0,14.549999,11.523885,857.0637,31.743101,77.04441,77,39.777946,0,1,1,1,0,1,0,0,16,19,18,16,5,21,3,6,1.6554619081226072,0,68.76572267923963,-159.80271895339902,0.0031651328679519956,0.9857463279029359,1,1.3389771383537876,1.008951499999995,0,1.008951499999995,68.63718904582542,0.02131211883485227,8.5766774972947,0.9698949491565804,1
..\..\..\files\weather\hourly\Spresiano.csv,7/8/2020 12:00:00 AM,25.9,16.5,0,3,90,35,0,0,11.200001,11.9524975,869.01624,32.185787,77.05569,77,39.721565,0,0,0,0,0,0,0,0,16,19,18,16,5,21,3,6,1.4271893765430377,0,70.19291205578267,-159.80271895339902,0.0025352624567911734,0.9889114607708879,1,1.3389771383537876,0.06512749999999556,0,0.06512749999999556,68.63718904582542,0.01065948969388774,8.644181891635498,0.9711742701564459,0
..\..\..\files\weather\hourly\Spresiano.csv,7/9/2020 12:00:00 AM,27.7,13.8,0,5,98,39,0,0,10.75,11.883785,880.9,32.625927,77.0669,77,39.66549,0,0,0,0,0,0,0,0,16,19,18,16,5,21,3,6,1.414622516101029,0,71.6075345718837,-159.80271895339902,0.002011700839627918,0.991446723227679,0.9971855540480002,0.00667,1.0586914999999948,0,1.0557118699934032,68.63718904582542,0.013564825706431674,8.713677657347086,0.9724353707350372,0
..\..\..\files\weather\hourly\Spresiano.csv,7/10/2020 12:00:00 AM,30.3,15.1,0,10,100,35,0,0,12.700001,11.963863,892.8639,33.06903,77.07819,77,39.60903,0,0,0,0,0,0,0,0,16,19,18,16,5,21,3,6,1.5309210567991849,0,73.13845562868289,-159.80271895339902,0.001581296688970965,0.9934584240673069,1,0.00667,1.039618500000003,0,1.039618500000003,68.63718904582542,0.01592879192856255,8.796952427010043,0.9738750365035129,0
..\..\..\files\weather\hourly\Spresiano.csv,7/11/2020 12:00:00 AM,31.5,16.6,0,8,99,42,0,0,14.049999,11.691715,904.5556,33.50206,77.089226,77,39.55387,0,0,0,0,0,0,0,0,16,19,18,16,5,21,3,6,1.4410465912260995,0,74.57950221990899,-159.80271895339902,0.0012313253438422124,0.9950397207562779,0.9636326451305007,0.00667,1.0699464999999933,0,1.0310353759431148,68.63718904582542,0.021523211768411578,8.919753615725073,0.975863679896074,0
..\..\..\files\weather\hourly\Spresiano.csv,7/12/2020 12:00:00 AM,24.9,15,19.4,8,100,67,0,0,9.950001,11.6862335,916.2418,33.934883,77.10025,77,39.49875,1,1,1,1,0,0,0,0,17,20,19,17,5,21,3,6,-0.22756390657966832,0,74.35193831332931,-159.80271895339902,0.0009498210010256013,0.9962710461001201,0.9797726449298856,3,1.0127274999999898,0,0.9922427012682207,71.38572804752168,0.022247859019710346,9.149101736153288,0.9791855773515017,0
..\..\..\files\weather\hourly\Spresiano.csv,7/13/2020 12:00:00 AM,26.8,14,0,6,100,38,0,0,10.4,11.80928,928.0511,34.37226,77.1114,77,39.443016,1,0,0,0,0,0,0,0,18,20,19,17,5,21,3,6,1.3381868284154534,0,75.69012514174477,-159.80271895339902,0.0007258054244611682,0.9972208671011457,0.8856445121488321,3,0,0,0,71.38572804752168,0.007473914878106473,9.183437147622387,0.9796423351909388,0
..\..\..\files\weather\hourly\Spresiano.csv,7/14/2020 12:00:00 AM,25.8,16.4,0,0,75,36,0,0,11.099998,11.939852,939.99097,34.81448,77.122665,77,39.386673,0,0,0,0,0,0,0,0,18,20,19,17,5,21,3,6,1.4843644009960804,0,77.17448954274086,-159.80271895339902,0.0005494246548095158,0.9979466725256069,1,0.00667,0,0,0,71.38572804752168,0,9.183437147622387,0.9796423351909388,0
..\..\..\files\weather\hourly\Spresiano.csv,7/15/2020 12:00:00 AM,26.7,14.7,0,2,90,33,0,0,10.700001,11.874272,951.86523,35.25427,77.133865,77,39.330673,0,0,0,0,0,0,0,0,18,20,19,17,5,21,3,6,1.4812765673570678,0,78.65576611009793,-159.80271895339902,0.0004120079259545386,0.9984960971804164,1,0.00667,0.3006114999999987,0,0.3006114999999987,71.38572804752168,0.009449219782398146,9.225427059442522,0.9801874557716279,0
..\..\..\files\weather\hourly\Spresiano.csv,7/16/2020 12:00:00 AM,28,17.4,9.8,8,99,39,0,0,12.700001,11.963863,963.8291,35.697372,77.14516,77,39.274216,0,1,1,1,0,1,0,0,18,21,20,18,5,22,3,6,1.3002325978644225,0,79.95599870796235,-159.80271895339902,0.0003060641693315898,0.998908105106371,1,1.933342343558537,1.039618500000003,0,1.039618500000003,72.90968948134993,0.014891329271696462,9.328900992926007,0.9814698630125125,0
..\..\..\files\weather\hourly\Spresiano.csv,7/17/2020 12:00:00 AM,27.3,15.4,34.8,14,100,49,0,0,11.349998,11.968661,975.7978,36.14066,77.15645,77,39.21776,1,1,1,1,0,0,0,1,19,22,21,19,5,22,3,7,0.6914765908965634,0,80.64747529885891,-159.80271895339902,0.00022523138212028862,0.9992141692757025,1,3,1.0127274999999898,0.002,3.002,76.13430576030007,0.01803437830533468,9.483107947385093,0.9832299511446089,0
..\..\..\files\weather\hourly\Spresiano.csv,7/18/2020 12:00:00 AM,24.9,16.8,4.6,17,100,54,0,0,10.849998,11.901681,987.69946,36.581463,77.16768,77,39.161606,1,1,1,1,1,0,0,1,20,23,22,20,6,22,3,8,0.46280928799506865,0,81.11028458685398,-159.80271895339902,0.00016419306355664568,0.9994394006578228,1,3,1.0586914999999948,0,1.0586914999999948,79.7729466293053,0.021626346943224652,9.691860009573906,0.985351262810637,0
..\..\..\files\weather\hourly\Spresiano.csv,7/19/2020 12:00:00 AM,25.1,15.3,0.2,10,100,47,0,0,10.200001,11.75839,999.4578,37.016956,77.17878,77,39.106102,0,0,0,0,1,1,0,0,20,23,22,20,7,23,3,8,0.9224735360164024,0,82.03275812287038,-159.80271895339902,0.00011857419989850806,0.9996035937213794,0.9522124284853493,0.7878723970764487,1.039618500000003,0,0.989937656583299,80.90589034872202,0.021962370145876757,9.817356132053618,0.9864960215117925,0
..\..\..\files\weather\hourly\Spresiano.csv,7/20/2020 12:00:00 AM,27.6,14.6,0.2,9,100,46,0,0,11.1,11.939852,1011.3977,37.459175,77.19004,77,39.049797,0,0,0,0,0,0,0,0,20,23,22,20,7,23,3,8,1.0798020109625344,0,83.11256013383291,-159.80271895339902,8.48271922149955E-05,0.9997221679212779,1,0.08446782515981173,1.0127274999999898,0,1.0127274999999898,81.29412378184507,0.01592879192856255,9.908447357039806,0.9872708647284183,0
..\..\..\files\weather\hourly\Spresiano.csv,7/21/2020 12:00:00 AM,28.5,15.8,0,9,100,53,0,0,12.15,11.998337,1023.39606,37.903557,77.20136,77,38.993187,0,0,0,0,0,0,0,0,20,23,22,20,7,23,3,8,1.1186305594205377,0,84.23119069325345,-159.80271895339902,6.01159166679604E-05,0.9998069951134929,1,0.00667,1.039618500000003,0,1.039618500000003,81.29412378184507,0.017686593562080025,10.000877755996893,0.9880119438893815,0
..\..\..\files\weather\hourly\Spresiano.csv,7/22/2020 12:00:00 AM,30.6,17.6,0,11,100,50,0,0,14.1,11.676556,1035.0726,38.336025,77.21238,77,38.938103,0,0,0,0,0,0,0,1,20,23,22,20,7,23,3,9,1.140184565143343,0,85.3713752583968,-159.80271895339902,4.2203974109685895E-05,0.9998671110301609,0.9078904497013098,0.00667,1.0586914999999948,0,0.9611759020299495,81.29412378184507,0.022150463437232336,10.169235235759126,0.9892532862809701,0
..\..\..\files\weather\hourly\Spresiano.csv,7/23/2020 12:00:00 AM,30.6,18,0.2,10,100,50,0,0,14.299999,11.612305,1046.6849,38.76611,77.22334,77,38.883286,0,0,0,0,0,0,0,1,20,23,22,20,7,23,3,10,1.2746324852851725,0,86.64600774368196,-159.80271895339902,2.9351257640816688E-05,0.9999093150042706,0.7775234203207784,0.04555995657963896,0,0,0,81.29412378184507,0.01681763295179726,10.272514713315894,0.9899506271589811,0
..\..\..\files\weather\hourly\Spresiano.csv,7/24/2020 12:00:00 AM,31.8,17.8,0,5,98,40,0,0,14.799999,11.426477,1058.1115,39.189312,77.23412,77,38.829384,0,0,0,0,0,0,0,0,20,23,22,20,7,23,3,10,1.5161578346685718,0,88.16216557835054,-159.80271895339902,2.0221323345379184E-05,0.9999386662619114,0.5969796934038909,0.04555995657963896,0,0,0,81.29412378184507,0.01803437830533468,10.330383625665416,0.9903214819633575,0
..\..\..\files\weather\hourly\Spresiano.csv,7/25/2020 12:00:00 AM,22.7,17.3,20.4,16,100,78,0,0,10,11.701426,1069.8129,39.6227,78.00768,78,34.961586,1,1,1,1,1,0,0,1,21,24,23,21,8,23,3,11,-0.6762856280419746,0,87.48587995030856,-159.80271895339902,1.380072574275081E-05,0.9999588875852568,1,3,1.0127274999999898,0,1.0127274999999898,85.125698236147,0.02131211883485227,10.634838522796638,0.99205950837876,0
..\..\..\files\weather\hourly\Spresiano.csv,7/26/2020 12:00:00 AM,30.3,17.4,0,8,100,46,0,0,13.849998,11.748743,1081.5616,40.05784,78.016655,78,34.916725,0,0,0,0,1,0,0,0,21,24,23,21,9,23,3,11,1.191362680420226,0,88.67724263072878,-159.80271895339902,9.33047534180367E-06,0.9999726883109995,1,1.260032948115392,1.0127274999999898,0,1.0127274999999898,85.125698236147,0.02202840411148315,10.771814969283035,0.9927364390676746,0
..\..\..\files\weather\hourly\Spresiano.csv,7/27/2020 12:00:00 AM,28.2,17.3,0,7,100,56,0,0,12.75,11.958525,1093.5201,40.500744,78.02579,78,34.871063,0,0,0,0,0,0,0,0,21,24,23,21,9,23,3,11,0.8604672188850132,0,89.5377098496138,-159.80271895339902,6.249065921397012E-06,0.9999820187863413,0.9919285609420946,0.00667,1.0690024999999963,0,1.0603741114684977,85.125698236147,0.020568793598028105,10.895374510238538,0.9932975841872214,0
..\..\..\files\weather\hourly\Spresiano.csv,7/28/2020 12:00:00 AM,31,17.3,0,6,100,45,0,0,14.15,11.661034,1105.1812,40.932636,78.03469,78,34.826546,0,0,0,0,0,0,0,0,21,24,23,21,9,23,3,11,1.4029416355921112,0,90.94065148520592,-159.80271895339902,4.146063364304427E-06,0.9999882678522627,0.9786475553404227,0.00667,1.039618500000003,0,1.0174201035116803,85.125698236147,0.020289083193563175,11.023719621193342,0.9938347498952355,0
..\..\..\files\weather\hourly\Spresiano.csv,7/29/2020 12:00:00 AM,31.8,18.1,0,6,100,52,0,0,14.950001,11.363729,1116.5449,41.353516,78.04337,78,34.783134,0,0,0,0,0,0,0,0,21,24,23,21,9,23,3,11,1.2202455012012072,0,92.16089698640712,-159.80271895339902,2.7249984318091177E-06,0.999992413915627,0.6372923333693594,0.00667,1.0699464999999933,0,0.681868701565375,85.125698236147,0.02231992573622232,11.152814382024157,0.9943317549217945,0
..\..\..\files\weather\hourly\Spresiano.csv,7/30/2020 12:00:00 AM,32.5,21.6,0,0,100,55,0,0,17.05,10.148786,1126.6937,41.729397,78.051125,78,34.744377,0,0,0,0,0,0,0,0,21,24,23,21,9,23,3,11,1.2690717405044598,0,93.42996872691158,-159.80271895339902,1.7742142812862962E-06,0.9999951389140588,0.3622651895860387,0.00667,1.0127274999999898,0,0.3668759197864913,85.125698236147,0.02238624076237516,11.363242207375972,0.9950576804525296,0
..\..\..\files\weather\hourly\Spresiano.csv,7/31/2020 12:00:00 AM,34.1,22,0,3,100,51,0,0,18.05,9.351484,1136.0452,42.07575,78.058266,78,34.70867,0,0,0,0,0,0,0,0,21,24,23,21,9,23,3,11,1.4401816226063895,0,94.87015034951797,-159.80271895339902,1.1443407863041466E-06,0.99999691312834,0.0032627906304210086,0.00667,1.0586914999999948,0,0.003454288706706346,85.125698236147,0.022366160893215033,11.548244753882173,0.9956188564063512,0
..\..\..\files\weather\hourly\Spresiano.csv,8/1/2020 12:00:00 AM,35.8,22.7,0,2,100,47,0,0,19.25,8.210446,1144.2556,42.379837,78.06453,78,34.677353,0,0,0,0,0,0,0,0,21,24,23,21,9,23,3,11,1.628987871783269,0,96.49913822130124,-159.80271895339902,7.311629496885226E-07,0.9999980574691264,0.13271344533265683,0.00667,0.8194314999999932,0,0.10874957757910608,85.125698236147,0.021962370145876757,11.665651327241449,0.9959415334696202,0
..\..\..\files\weather\hourly\Spresiano.csv,8/2/2020 12:00:00 AM,35.6,22.2,0.6,3,100,51,0,0,18.9,8.563926,1152.8196,42.69702,78.071075,78,34.644623,0,0,0,1,0,0,0,0,21,24,23,22,9,23,3,11,1.6928983562023796,0,98.19203657750363,-159.80271895339902,4.627884032743491E-07,0.9999987886320761,0.3882912772880005,0.27927584806868294,0,0.002,0.13952254624831115,85.125698236147,0.0223800241229412,11.810756776261025,0.9963077536281748,0
..\..\..\files\weather\hourly\Spresiano.csv,8/3/2020 12:00:00 AM,30.1,21.5,1.2,3,92,53,0,0,15.799999,10.947404,1163.767,43.102478,78.07943,78,34.60285,0,0,0,1,0,0,0,0,21,24,23,23,9,23,3,11,1.3845863234080742,0,99.57662290091172,-159.80271895339902,2.901751727492092E-07,0.9999992514204794,0.4629130998764608,1.0629859310389433,0.7525065000000026,0.002,0.5842115855190881,85.125698236147,0.02238624076237516,11.96409534361822,0.9966589635193673,0
..\..\..\files\weather\hourly\Spresiano.csv,8/4/2020 12:00:00 AM,26.8,19.5,14.8,18,100,62,0,0,13.15,11.902644,1175.6696,43.54332,78.088524,78,34.55738,1,1,1,1,0,0,0,1,22,25,24,24,9,23,3,12,0.16905905753802872,0,99.74568195844974,-159.80271895339902,1.8023848493559136E-07,0.9999995415956522,0.9282839056385559,3,1.0127274999999898,0,0.9400986390475612,87.40488005437471,0.022204951704230116,12.295468870852584,0.9973081744871019,0
..\..\..\files\weather\hourly\Spresiano.csv,8/5/2020 12:00:00 AM,24.5,17.8,8.8,15,100,69,0,0,11.15,11.94636,1187.616,43.985775,78.09765,78,34.511757,1,1,1,1,1,0,1,1,23,26,25,25,10,23,4,13,0.03575165091968771,0,99.78143360936942,-159.80271895339902,1.1090325606855145E-07,0.9999997218341371,1,3,0.9298275000000018,0,0.9298275000000018,91.08491933575107,0.022366160893215033,12.552592545842407,0.9977237575035098,0
..\..\..\files\weather\hourly\Spresiano.csv,8/6/2020 12:00:00 AM,27,16.2,0,4,100,48,0,0,11.6,11.988146,1199.6041,44.429783,78.1068,78,34.46602,0,0,0,0,0,0,0,0,23,26,25,25,10,23,4,13,1.2797271564210964,0,101.06116076579052,-159.80271895339902,6.760060121670063E-08,0.9999998327373931,1,1.6951126132758434,1.0127274999999898,0,1.0127274999999898,91.08491933575107,0.014552623975001436,12.674250418455006,0.9978974088833372,0
..\..\..\files\weather\hourly\Spresiano.csv,8/7/2020 12:00:00 AM,30.4,16.5,0.6,9,100,45,0,0,13.450001,11.845409,1211.4496,44.868504,78.115845,78,34.420776,0,0,0,1,0,0,0,0,23,26,25,26,10,23,4,13,1.43201683124687,0,102.49317759703739,-159.80271895339902,4.0819371383034214E-08,0.9999999003379944,0.8970008473849844,0.3573244499625816,1.0127274999999898,0.002,0.9084174256700677,91.22310662741883,0.022204951704230116,12.820027585452776,0.9980881459318899,0
..\..\..\files\weather\hourly\Spresiano.csv,8/8/2020 12:00:00 AM,33.3,19.4,0,5,100,35,0,0,16.349998,10.6232395,1222.0729,45.26196,78.123955,78,34.380226,0,0,0,0,0,0,0,0,23,26,25,26,10,23,4,13,1.785314453819614,0,104.278492050857,-159.80271895339902,2.4416958141281674E-08,0.9999999411573658,0.9377952793442559,0.5919001233350276,0.5048235000000005,0,0.47342109520204545,91.22310662741883,0.01937481351741991,12.945798770731816,0.9982387560942464,0
..\..\..\files\weather\hourly\Spresiano.csv,8/9/2020 12:00:00 AM,34.7,19.5,0,0,88,31,0,0,17.1,10.112253,1232.1852,45.636486,78.13168,78,34.341583,0,0,0,0,0,0,0,0,23,26,25,26,10,23,4,13,1.9563088398712896,0,106.2348008907283,-159.80271895339902,1.4468592912402158E-08,0.9999999655743239,0.8487351070853011,0.00667,0.5952024999999992,0,0.5051692575749382,91.22310662741883,0.021805541914099526,13.076834137900525,0.9983830745264171,0
..\..\..\files\weather\hourly\Spresiano.csv,8/10/2020 12:00:00 AM,34.1,18.8,0,0,95,38,0,0,16.449999,10.559696,1242.7449,46.027588,78.13975,78,34.30126,0,0,0,0,0,0,0,0,23,26,25,26,10,23,4,13,1.847606683964975,0,108.08240757469328,-159.80271895339902,8.493183920331513E-09,0.9999999800429168,0.25228915065050117,0.00667,0.406626499999998,0,0.10258745431698552,91.22310662741883,0.022095806247623702,13.243789893917326,0.9985499646529845,0
..\..\..\files\weather\hourly\Spresiano.csv,8/11/2020 12:00:00 AM,33.5,20.3,0,2,99,47,0,0,16.9,10.256271,1253.0011,46.407448,78.147575,78,34.262123,0,0,0,0,0,0,0,0,23,26,25,26,10,23,4,13,1.6813937137432926,0,109.76380128843657,-159.80271895339902,4.938831991770267E-09,0.9999999885361007,0.1937180886337011,0.00667,0.9732984999999914,0,0.18854552509004666,91.22310662741883,0.021962370145876757,13.38188175060477,0.9986749151454635,0
..\..\..\files\weather\hourly\Spresiano.csv,8/12/2020 12:00:00 AM,33,20.7,13.2,7,100,45,0,0,16.85,10.291395,1263.2925,46.78861,78.15543,78,34.22283,1,1,1,1,0,0,0,0,24,27,26,27,10,23,4,13,1.4841126666973625,0,111.24791395513394,-159.80271895339902,2.845034053048258E-09,0.9999999934749327,0.8354726314950569,2.611828318687346,1.0586914999999948,0,0.8845077734464447,91.22310662741883,0.022366160893215033,13.63976586218617,0.9988801655033663,0
..\..\..\files\weather\hourly\Spresiano.csv,8/13/2020 12:00:00 AM,32.2,19.6,0,6,100,46,0,0,15.900002,10.891656,1274.1841,47.192005,78.16375,78,34.18125,1,0,0,0,0,0,0,0,25,27,26,27,10,23,4,13,1.5429245860649576,0,112.79083854119891,-159.80271895339902,1.6235294754963004E-09,0.9999999963199668,0.5760130165962465,2.611828318687346,1.0733834999999985,0,0.6182828677996363,91.22310662741883,0.0223800241229412,13.852022875898424,0.9990250318059426,0
..\..\..\files\weather\hourly\Spresiano.csv,8/14/2020 12:00:00 AM,31.7,20.3,0,1,100,54,0,0,16,10.834491,1285.0186,47.59328,78.17203,78,34.139862,0,0,0,0,0,0,0,0,25,27,26,27,10,23,4,13,1.380086198924519,0,114.17092474012343,-159.80271895339902,9.177880083668018E-10,0.9999999979434963,0.13271344533265683,0.00667,0.3006114999999987,0,0.0398951878716178,91.22310662741883,0.02231992573622232,14.020227559482196,0.9991264040964464,0
..\..\..\files\weather\hourly\Spresiano.csv,8/15/2020 12:00:00 AM,29.5,18,17.8,7,100,65,0,0,13.75,11.775086,1296.7937,48.029396,78.181015,78,34.094925,1,1,1,1,0,0,0,0,26,28,27,28,10,23,4,13,0.12128555280703925,0,114.29221029293048,-159.80271895339902,5.139656240592783E-10,0.9999999988612842,1,3,1.0127274999999898,0,1.0127274999999898,92.9822784418101,0.022095806247623702,14.290577365770064,0.9992677293381423,0
..\..\..\files\weather\hourly\Spresiano.csv,8/16/2020 12:00:00 AM,30.6,16.9,0,9,100,46,0,0,13.75,11.775086,1308.5688,48.465515,78.19001,78,34.04995,1,0,0,0,0,0,0,0,27,28,27,28,10,23,4,13,1.474448239259911,0,115.76665853219039,-159.80271895339902,2.8512497417518794E-10,0.9999999993752499,1,3,1.0699464999999933,0,1.0699464999999933,92.9822784418101,0.022150463437232336,14.452926420129911,0.9993413626314169,0
..\..\..\files\weather\hourly\Spresiano.csv,8/17/2020 12:00:00 AM,30.6,18,0,8,100,51,0,0,14.299999,11.612305,1320.1812,48.8956,79.00685,79,29.965744,0,0,0,0,0,0,0,0,27,28,27,28,10,23,4,13,1.367136578316227,0,117.13379511050663,-159.80271895339902,1.5669168025139677E-10,0.9999999996603748,0.9377952793442559,0.00667,1.0127274999999898,0,0.9497310687621003,92.9822784418101,0.0223800241229412,14.638590036319858,0.9994165420549281,0
..\..\..\files\weather\hourly\Spresiano.csv,8/18/2020 12:00:00 AM,29.6,18.3,6.2000003,15,100,60,0,0,13.950001,11.720953,1331.9021,49.32971,79.014366,79,29.92817,0,1,1,1,0,0,0,1,27,29,28,29,10,23,4,14,0.3667355770080013,0,117.50053068751463,-159.80271895339902,8.530335429892401E-11,0.9999999998170664,1,1.2205877371552647,1.0127274999999898,0,1.0127274999999898,94.36443177762706,0.020710374417426045,14.913661927599016,0.9995124472915058,0
..\..\..\files\weather\hourly\Spresiano.csv,8/19/2020 12:00:00 AM,27.6,16.3,0.8,13,100,54,0,0,11.950001,11.999815,1343.9019,49.774143,79.022064,79,29.889679,0,0,0,1,0,0,0,1,27,29,28,30,10,23,4,15,0.9296274623045835,0,118.4301581498192,-159.80271895339902,4.600401882557355E-11,0.9999999999023698,1,1.6158460720092356,1.0586914999999948,0.002,1.7367728567870089,95.93784487916385,0.021523211768411578,15.083406040877087,0.9995635904749893,0
..\..\..\files\weather\hourly\Spresiano.csv,8/20/2020 12:00:00 AM,28.9,16.7,1.4000001,9,100,50,0,0,12.799999,11.952821,1355.8547,50.216843,79.02973,79,29.851341,0,0,0,1,0,0,0,0,27,29,28,31,10,23,4,15,1.2182753846386756,0,119.64843353445788,-159.80271895339902,2.45773428943196E-11,0.9999999999483737,0.8217243394733016,0.8663867373589113,1.0127274999999898,0,0.8321828360039396,96.45469180159073,0.021713745435454904,15.243261327493943,0.9996068397812761,0
..\..\..\files\weather\hourly\Spresiano.csv,8/21/2020 12:00:00 AM,30.1,19.5,0,7,100,56,0,0,14.799999,11.426477,1367.2812,50.640045,79.037056,79,29.81472,0,0,0,0,0,0,0,0,27,29,28,31,10,23,4,15,1.2432064232358593,0,120.89163995769373,-159.80271895339902,1.3007192788605197E-11,0.9999999999729511,0.8615153544905008,0.00667,1.0127274999999898,0,0.8724802911647698,96.45469180159073,0.022150463437232336,15.460433095864,0.9996588132299999,0
..\..\..\files\weather\hourly\Spresiano.csv,8/22/2020 12:00:00 AM,30.9,20.7,0,11,100,55,0,0,15.799999,10.947404,1378.2286,51.045506,79.044075,79,29.779625,0,0,0,0,0,0,0,1,27,29,28,31,10,23,4,16,1.2788444536415726,0,122.1704844113353,-159.80271895339902,6.8193301745056585E-12,0.9999999999859582,0.7927534968080003,0.00667,1.0127274999999898,0,0.8028432669386161,96.45469180159073,0.02238624076237516,15.697371473392076,0.9997077137190676,0
..\..\..\files\weather\hourly\Spresiano.csv,8/23/2020 12:00:00 AM,32,20.1,0,8,100,46,0,0,16.05,10.805375,1389.034,51.445705,79.05101,79,29.74495,0,0,0,0,0,0,0,0,27,29,28,31,10,23,4,16,1.5414728914176297,0,123.71195730275294,-159.80271895339902,3.541680268958671E-12,0.9999999999927776,0.8217243394733016,0.00667,0.8785384999999977,0,0.7219164686143632,96.45469180159073,0.022366160893215033,15.87737783691656,0.9997401236893736,0
..\..\..\files\weather\hourly\Spresiano.csv,8/24/2020 12:00:00 AM,31.1,19,4.6,7,100,46,0,0,15.049999,11.320105,1400.3541,51.86497,79.058266,79,29.708672,0,1,1,1,0,0,0,0,27,30,29,32,10,23,4,16,1.4450243781818986,0,125.15698168093483,-159.80271895339902,1.822159871009509E-12,0.9999999999963193,0.9636326451305007,0.9056707286840876,1.0127274999999898,0,0.9758972796213894,96.45469180159073,0.021205571540258948,16.094055191218313,0.9997744069703488,0
..\..\..\files\weather\hourly\Spresiano.csv,8/25/2020 12:00:00 AM,28.5,16.8,3.6,9,100,46,0,0,12.65,11.968836,1412.323,52.30826,79.06594,79,29.670296,0,1,1,1,0,0,0,0,27,31,30,33,10,23,4,16,1.4674860849075564,0,126.6244677658424,-159.80271895339902,9.28694976993433E-13,0.9999999999981415,1,1.6158460218324315,1.0586914999999948,0,1.0586914999999948,97.21475389402849,0.017336172166717727,16.20610305788359,0.9997903219363462,0
..\..\..\files\weather\hourly\Spresiano.csv,8/26/2020 12:00:00 AM,28.9,14.8,0,6,100,36,0,0,11.85,11.998333,1424.3213,52.75264,79.07364,79,29.631805,0,0,0,0,0,0,0,0,27,31,30,33,10,23,4,16,1.588105267775713,0,128.21257303361813,-159.80271895339902,4.688880965418416E-13,0.9999999999990702,1,0.7094297253063545,1.008951499999995,0,1.008951499999995,97.21475389402849,0.015233973575193875,16.30886863526302,0.999803929515944,0
..\..\..\files\weather\hourly\Spresiano.csv,8/27/2020 12:00:00 AM,28.4,16,0,0,100,52,0,0,12.200001,11.997045,1436.3184,53.19698,79.08133,79,29.593353,0,0,0,0,0,0,0,0,27,31,30,33,10,23,4,16,1.1189557353941784,0,129.3315287690123,-159.80271895339902,2.345172598492235E-13,0.999999999999539,0.9713586541453613,0.00667,1.0127274999999898,0,0.9837216214159864,97.21475389402849,0.02238624076237516,16.488578858380862,0.9998256378797856,0
..\..\..\files\weather\hourly\Spresiano.csv,8/28/2020 12:00:00 AM,30.3,18.9,0,5,100,47,0,0,14.599998,11.505121,1447.8235,53.623093,84.00574,84,12.485657,0,0,0,0,0,0,0,0,27,31,30,33,10,23,4,16,1.3388115789853414,0,130.67034034799764,-159.80271895339902,1.1619566000959598E-13,0.9999999999997735,1,0.00667,1.039618500000003,0,1.039618500000003,97.21475389402849,0.02131211883485227,16.685175315024313,0.9998466431888671,0
..\..\..\files\weather\hourly\Spresiano.csv,8/29/2020 12:00:00 AM,30.1,17.5,0,7,100,51,0,0,13.799999,11.762096,1459.5856,54.058723,84.01244,84,12.468891,0,0,0,0,0,0,0,0,27,31,30,33,10,23,4,16,1.115709490201287,0,131.78604983819892,-159.80271895339902,5.70314607886192E-14,0.9999999999998898,0.3356561065713295,0.00667,0.8785384999999977,0,0.2948868123830152,97.22700508235972,0.021523211768411578,16.892982691269868,0.9998661019326546,0
..\..\..\files\weather\hourly\Spresiano.csv,8/30/2020 12:00:00 AM,30.8,19.5,6.4,6,98,50,0,0,15.15,11.275049,1470.8606,54.476322,84.01887,84,12.452831,0,1,1,1,0,0,0,0,27,32,31,34,10,23,4,16,0.8002668800918965,0,132.58631671829082,-159.80271895339902,2.7729917442137035E-14,0.9999999999999468,0.8856445121488321,1.260032959873655,0.8785384999999977,0,0.7780728012364647,97.57957153603242,0.022366160893215033,17.168042979731215,0.9998881145636445,0
..\..\..\files\weather\hourly\Spresiano.csv,8/31/2020 12:00:00 AM,26.9,14.7,5.4,12,100,62,0,0,10.799999,11.892921,1482.7535,54.916798,84.02564,84,12.435894,1,1,1,1,0,0,0,1,28,33,32,35,10,23,4,17,0.15707160794483288,0,132.74338832623565,-159.80271895339902,1.3356484055495992E-14,0.9999999999999746,0.9019672922707105,2.331824874087662,1.0127274999999898,0,0.9134470809830767,100.13344935037772,0.0223800241229412,17.398123025006125,0.9999037218889986,0
..\..\..\files\weather\hourly\Spresiano.csv,9/1/2020 12:00:00 AM,22.5,14.1,37.600002,18,100,72,0,0,8.299999,10.968994,1493.7225,55.32306,84.03189,84,12.420273,1,1,1,1,0,0,0,1,29,34,33,36,10,23,4,18,-0.04970074823418447,0,132.69368757800146,-159.80271895339902,6.3730190397666855E-15,0.9999999999999879,0.8416166261711313,3,1.0127274999999898,0.002,2.526533111765736,104.13344935037772,0.014552623975001436,17.517375737505905,0.9999109344533234,0
..\..\..\files\weather\hourly\Spresiano.csv,9/2/2020 12:00:00 AM,25.6,13.9,29.599998,10,100,47,0,0,9.75,11.621649,1505.3442,55.753487,84.03851,84,12.403717,1,1,1,1,0,0,0,0,30,35,34,37,10,23,4,18,1.3111934743863387,0,134.0048810523878,-159.80271895339902,3.012366258103392E-15,0.9999999999999942,0.9595584249908107,3,1.039618500000003,0.002,2.8805943918224135,107.5945811262184,0.011188886303012967,17.597063736696995,0.9999154503806865,0
..\..\..\files\weather\hourly\Spresiano.csv,9/3/2020 12:00:00 AM,24.1,14.6,4.6,7,100,47,0,0,9.35,11.474102,1516.8184,56.178455,88.0021,88,2.4947548,1,1,1,1,1,0,1,0,31,36,35,38,11,23,5,18,0.9440095229073374,0,134.94889057529514,-159.80271895339902,1.4105218733182298E-15,0.9999999999999972,0.9916977201989361,3,1.039618500000003,0,1.0309872963266407,110.8365811262184,0.013888969432762167,17.733675587282804,0.9999226659274014,0
..\..\..\files\weather\hourly\Spresiano.csv,9/4/2020 12:00:00 AM,26.3,12.7,0,4,100,41,0,0,9.5,11.532312,1528.3507,56.605583,88.007126,88,2.4821854,0,0,0,0,0,0,0,0,31,36,35,38,11,23,5,18,1.6240035498481504,0,136.57289412514328,-159.80271895339902,6.542765705615646E-16,0.9999999999999987,0.8628167598542678,0.6702352793287238,1.0699464999999933,0,0.9231677723474084,110.8365811262184,0.01146344546544497,17.809486495471962,0.9999264009596445,0
..\..\..\files\weather\hourly\Spresiano.csv,9/5/2020 12:00:00 AM,27.3,13.3,0,8,100,49,0,0,10.299999,11.784593,1540.1353,57.042046,88.01226,88,2.469349,0,0,0,0,0,0,0,0,31,36,35,38,11,23,5,18,1.5348085101546636,0,138.10770263529795,-159.80271895339902,3.00643905503693E-16,0.9999999999999993,0.9858924031138201,0.00667,1.0127274999999898,0,0.9984403486744412,110.8365811262184,0.018717299246157698,17.8986758135457,0.9999305648346605,0
..\..\..\files\weather\hourly\Spresiano.csv,9/6/2020 12:00:00 AM,28.5,13.9,0,12,100,51,0,0,11.200001,11.9524975,1552.0878,57.484734,88.01746,88,2.4563408,0,0,0,0,0,0,0,0,31,36,35,38,11,23,5,18,1.447836189837353,0,139.5555388251353,-159.80271895339902,1.3685256219452742E-16,0.9999999999999997,1,0.00667,1.0127274999999898,0,1.0127274999999898,110.91838245924149,0.019995865540679246,18.024408377352337,0.9999360377659118,0
..\..\..\files\weather\hourly\Spresiano.csv,9/7/2020 12:00:00 AM,28.5,15.9,0,11,100,53,0,0,12.200001,11.997045,1564.0848,57.92907,88.0227,88,2.4432564,0,0,0,0,0,0,0,0,31,36,35,38,11,23,5,18,1.3691745178004353,0,140.92471334293575,-159.80271895339902,6.171105251871305E-17,0.9999999999999998,0.9282839056385559,0.00667,1.0127274999999898,0,0.9400986390475612,111.16600175149867,0.021713745435454904,18.219663355028384,0.9999436943353877,0
..\..\..\files\weather\hourly\Spresiano.csv,9/8/2020 12:00:00 AM,26.2,16.3,0,2,96,55,0,0,11.25,11.958258,1576.0431,58.371967,88.02791,88,2.4302292,0,0,0,0,0,0,0,0,31,36,35,38,11,23,5,18,1.4239312807508784,0,142.34864462368662,-159.80271895339902,2.7566553180171263E-17,0.9999999999999999,1,0.00667,1.0733834999999985,0,1.0733834999999985,111.16600175149867,0.020289083193563175,18.365419013309104,0.9999488061577613,0
..\..\..\files\weather\hourly\Spresiano.csv,9/9/2020 12:00:00 AM,27.1,15,0,10,99,42,0,0,11.049999,11.932967,1587.9761,58.81393,88.033104,88,2.4172401,0,0,0,0,0,0,0,0,31,36,35,38,11,23,5,18,1.6693063970840334,0,144.01795102077065,-159.80271895339902,1.2198641625829961E-17,0.9999999999999999,0.9797726449298856,0.00667,1.0699464999999933,0,1.0483043122384672,111.16600175149867,0.012626804686059756,18.462162398707793,0.9999519401363884,0
..\..\..\files\weather\hourly\Spresiano.csv,9/10/2020 12:00:00 AM,28.7,14,0,11,100,46,0,0,11.35,11.968661,1599.9447,59.25721,88.03832,88,2.4041939,0,0,0,0,0,0,0,0,31,36,35,38,11,23,5,18,1.6106957811954332,0,145.62864680196608,-159.80271895339902,5.347489875211797E-18,0.9999999999999999,1,0.00667,1.0127274999999898,0,1.0127274999999898,111.16600175149867,0.01592879192856255,18.54731168279112,0.9999545393912332,0
..\..\..\files\weather\hourly\Spresiano.csv,9/11/2020 12:00:00 AM,28.2,15.4,0,7,100,47,0,0,11.799999,11.997039,1611.9418,59.70155,88.04355,88,2.3911285,0,0,0,0,0,0,0,0,31,36,35,38,11,23,5,18,1.6026509751151945,0,147.23129777708127,-159.80271895339902,2.3221911291379138E-18,0.9999999999999999,0.6937698451091674,0.00667,0,0,0,111.16600175149867,0.020833506945891173,18.68556574707014,0.9999584636782295,0
..\..\..\files\weather\hourly\Spresiano.csv,9/12/2020 12:00:00 AM,29.1,16.9,0,6,100,42,0,0,13,11.926342,1623.8682,60.14327,88.048744,88,2.3781395,0,0,0,0,0,0,0,0,31,36,35,38,11,23,5,18,1.80180111670506,0,149.03309889378633,-159.80271895339902,9.989768978444679E-19,0.9999999999999999,1,0.00667,1.0127274999999898,0,1.0127274999999898,111.16600175149867,0.018717299246157698,18.802641662404838,0.9999615207465851,0
..\..\..\files\weather\hourly\Spresiano.csv,9/13/2020 12:00:00 AM,30.3,16.3,0,6,100,38,0,0,13.299999,11.875666,1635.7438,60.583103,88.05392,88,2.3652077,0,0,0,0,0,0,0,0,31,36,35,38,11,23,5,18,1.88461359246359,0,150.9177124862499,-159.80271895339902,4.2571839939484673E-19,0.9999999999999999,1,0.00667,0.7525065000000026,0,0.7525065000000026,111.16600175149867,0.017336172166717727,18.91704210836152,0.9999642904872308,0
..\..\..\files\weather\hourly\Spresiano.csv,9/14/2020 12:00:00 AM,31.2,16.8,0,6,100,41,0,0,14,11.706514,1647.4503,61.016678,88.05902,88,2.3524475,0,0,0,0,0,0,0,0,31,36,35,38,11,23,5,18,1.9075099313646235,0,152.82522241761453,-159.80271895339902,1.7972102582204774E-19,0.9999999999999999,1,0.00667,1.0733834999999985,0,1.0733834999999985,111.16600175149867,0.02202840411148315,19.07329748827574,0.9999677543198222,0
..\..\..\files\weather\hourly\Spresiano.csv,9/15/2020 12:00:00 AM,30.7,18.1,0,1,95,41,0,0,14.400002,11.578016,1659.0283,61.44549,88.064064,88,2.33984,0,0,0,0,0,0,0,0,31,36,35,38,11,23,5,18,1.9065171707876585,0,154.73173958840218,-159.80271895339902,7.515966738516341E-20,0.9999999999999999,0.9554658487193829,0.00667,0.18677850000000262,0,0.17846047802503576,111.16600175149867,0.020568793598028105,19.200368570326336,0.9999703219429299,0
..\..\..\files\weather\hourly\Spresiano.csv,9/16/2020 12:00:00 AM,30.8,17.3,0,0,93,38,0,0,14.049999,11.691715,1670.7201,61.87852,88.06916,88,2.3270988,0,0,0,0,0,0,0,0,31,36,35,38,11,23,5,18,2.002860259639539,0,156.7345998480417,-159.80271895339902,3.113725351418654E-20,0.9999999999999999,1,0.00667,0.06512749999999556,0,0.06512749999999556,111.16600175149867,0.01592879192856255,19.284526502439622,0.9999719088770445,0
..\..\..\files\weather\hourly\Spresiano.csv,9/17/2020 12:00:00 AM,30.7,16.8,0,1,94,40,0,0,13.75,11.775086,1682.4952,62.314636,88.07429,88,2.3142815,0,0,0,0,0,0,0,0,31,36,35,38,11,23,5,18,1.8427264246757897,0,158.5773262727175,-159.80271895339902,1.2778658034104896E-20,0.9999999999999999,1,0.00667,1.008951499999995,0,1.008951499999995,111.16600175149867,0.019690615945384234,19.429935106046944,0.9999744534297327,0
..\..\..\files\weather\hourly\Spresiano.csv,9/18/2020 12:00:00 AM,30.9,16.4,0,0,91,32,0,0,13.65,11.799978,1694.2952,62.751675,88.07943,88,2.301426,0,0,0,0,0,0,0,0,31,36,35,38,11,23,5,18,1.9128916608056086,0,160.4902179335231,-159.80271895339902,5.1951690784977865E-21,0.9999999999999999,1,0.00667,0.5048235000000005,0,0.5048235000000005,111.16600175149867,0.012032217562516991,19.524017746073486,0.9999759756507357,0
..\..\..\files\weather\hourly\Spresiano.csv,9/19/2020 12:00:00 AM,27.6,14.7,0,0,95,44,0,0,11.15,11.94636,1706.2416,63.19413,88.08464,88,2.2883987,0,0,0,0,0,0,0,0,31,36,35,38,11,23,5,18,1.688854391269935,0,162.17907232479303,-159.80271895339902,2.092298371241906E-21,0.9999999999999999,1,0.00667,0.06512749999999556,0,0.06512749999999556,111.16600175149867,0.009008791018073715,19.58361995737201,0.9999768927115916,0
..\..\..\files\weather\hourly\Spresiano.csv,9/20/2020 12:00:00 AM,25.6,14.2,0,0,89,40,0,0,9.9,11.67066,1717.9122,63.626377,88.08972,88,2.2756958,0,0,0,0,0,0,0,0,31,36,35,38,11,23,5,18,1.5595125741690055,0,163.73858489896205,-159.80271895339902,8.347511769403475E-22,0.9999999999999999,1,0.00667,0,0,0,111.16600175149867,0.009008791018073715,19.656018158872357,0.9999779597001015,0
..\..\..\files\weather\hourly\Spresiano.csv,9/21/2020 12:00:00 AM,25.5,11.3,0,5,97,44,0,0,8.4,11.024516,1728.9368,64.03469,88.09453,88,2.2636795,0,0,0,0,0,0,0,0,31,36,35,38,11,23,5,18,1.4703639497209766,0,165.20894884868304,0,5.29521598134914E-28,0.9999999999999999,0.9522124284853493,0.00667,1.0690024999999963,0,1.017917466581906,111.16600175149867,0.009225987251413565,19.713650694949333,0.9999787737430188,0
..\..\..\files\weather\hourly\Spresiano.csv,9/22/2020 12:00:00 AM,26.1,12.5,0,9,100,46,0,0,9.299999,11.453929,1740.3907,64.458916,88.09952,88,2.2512054,0,0,0,0,0,0,0,0,31,36,35,38,11,23,5,18,1.3967559039034612,0,166.6057047525865,0,0,0,0.9283935050000003,0.00667,1.039618500000003,0,0.9651750630778457,111.16600175149867,0.009678605876887252,19.795628884938285,0.9999798801327497,0
..\..\..\files\weather\hourly\Spresiano.csv,9/23/2020 12:00:00 AM,24,14.5,4,11,100,67,0,0,9.25,11.433371,1751.8241,64.88237,88.1045,88,2.2387505,0,1,1,0,0,0,0,0,31,37,36,38,11,23,5,18,0.6325178163227075,0,167.2382225689092,0,0,0,1,0.7878724233884096,1.0127274999999898,0,1.0127274999999898,112.49251994800416,0.019995865540679246,19.96522894430495,0.99998198940919,0
..\..\..\files\weather\hourly\Spresiano.csv,9/24/2020 12:00:00 AM,22.2,16.4,2,14,100,70,0,0,9.299999,11.453929,1763.2781,65.306595,88.10949,88,2.2262764,0,0,0,0,0,0,0,1,31,37,36,38,11,23,5,19,0.14812310699256528,0,167.38634567590177,-3.8750000953674313,0,0,1,1.1811604293689668,1.0127274999999898,0,1.0127274999999898,114.55968037737313,0.01803437830533468,20.185965411025602,0.9999844070286341,0
..\..\..\files\weather\hourly\Spresiano.csv,9/25/2020 12:00:00 AM,23.8,15,22.4,16,100,67,0,0,9.4,11.49389,1774.772,65.73229,88.114494,88,2.2137642,1,1,1,0,0,0,1,1,32,38,37,38,11,23,6,20,0.730108673794971,0,168.11645434969674,-9.750000190734863,0,0,1,3,1.0127274999999898,0.002,3.002,118.4611236897633,0.016631713933684684,20.321409292132117,0.9999857269083071,0
..\..\..\files\weather\hourly\Spresiano.csv,9/26/2020 12:00:00 AM,23.4,10.4,29.6,14,100,57,0,0,6.8999996,10.024701,1784.7966,66.10358,88.118866,88,2.202835,1,1,1,0,1,0,0,1,33,39,38,38,12,23,6,21,0.5540125779677515,0,168.67046692766448,-10.04293246678812,0,0,0.24610874406250013,3,1.0690024999999963,0.002,0.7388184496756254,121.9739174661927,0.02231992573622232,20.516161682312084,0.9999874313752877,0
..\..\..\files\weather\hourly\Spresiano.csv,9/27/2020 12:00:00 AM,18.3,10.1,2.8,2,96,52,0,0,4.2,7.2851906,1792.0818,66.373405,88.12204,88,2.1949005,1,1,1,0,1,0,0,0,34,40,39,38,13,23,6,21,0.7770898039334074,0,169.4475567315979,-17.53586550578083,0,0,0.5318164862656004,3,0.5952024999999992,0,0.3165385021665006,124.01669115333394,0.00424543795676343,20.560935266033052,0.9999877935239191,0
..\..\..\files\weather\hourly\Spresiano.csv,9/28/2020 12:00:00 AM,17.1,11.4,1.8000001,3,99,55,0,0,4.25,7.3475065,1799.4293,66.64553,88.125244,88,2.1868896,0,0,0,0,0,0,0,0,34,40,39,38,13,23,6,21,0.49603850877627736,0,169.94359524037418,-22.610865648831975,0,0,0.4246421329706381,0.9842925146511197,1.039618500000003,0.002,0.552670081404972,124.31032021835485,0.004411169412204812,20.611075137301967,0.9999881867061138,0
..\..\..\files\weather\hourly\Spresiano.csv,9/29/2020 12:00:00 AM,15.8,8.8,15.4,11,100,66,0,-1.0971427,2.4028573,4.56036,1803.9896,66.81443,88.12723,88,2.1819305,1,1,1,0,0,0,0,0,35,41,40,38,13,23,6,21,-0.4617248753724036,0,169.48187036500178,-21.97879794872709,0,0,0,3,1.039618500000003,0,0,124.31032021835485,0.006251742673270176,20.68026045006368,0.9999887085280111,0
..\..\..\files\weather\hourly\Spresiano.csv,9/30/2020 12:00:00 AM,20.6,6.9,0,13,100,54,0,-2.74927,4.10073,6.7035456,1810.6931,67.062706,88.13015,88,2.1746254,1,0,0,0,0,0,0,0,36,41,40,38,13,23,6,21,0.5593592457888145,0,170.0412296107906,-21.97879794872709,0,0,0.2107688025214582,0.6702352793287238,1.0127274999999898,0,0.21345136245554788,124.31032021835485,0.005987317765432713,20.725997280035656,0.9999890407728262,0
..\..\..\files\weather\hourly\Spresiano.csv,10/1/2020 12:00:00 AM,20.9,7.6,0.2,14,100,59,0,-2.1834588,4.4665413,7.3475065,1818.0406,67.33484,88.133354,88,2.1666145,0,0,0,0,0,0,0,0,36,41,40,38,13,23,6,21,0,0,0,-21.97879794872709,0,0,0.8628167598542678,0.04555995657963896,1.0127274999999898,0,0.8737982601653042,124.31032021835485,0.009225987251413565,20.78552468591242,0.999989458597713,0
..\..\..\files\weather\hourly\Spresiano.csv,10/2/2020 12:00:00 AM,18.2,13.2,1.4000001,4,100,80,0,0,5.700001,8.961042,1827.0017,67.666725,88.13725,88,2.156868,0,0,0,0,0,0,0,0,36,41,40,38,13,23,6,21,0,0,0,-27.367033202465514,0,0,0.8730149674241063,0.27927585388108705,1.0127274999999898,0,0.8841262654219877,125.20515984867444,0.0117445704009218,20.95437318027729,0.999990559083503,0
..\..\..\files\weather\hourly\Spresiano.csv,10/3/2020 12:00:00 AM,18.2,12.8,7.6,12,100,91,0,0,5.5,8.760259,1835.762,67.99119,88.141075,88,2.1473122,0,0,1,0,0,0,0,0,36,41,41,38,13,23,6,21,0,0,0,-23.95526845918417,0,0,1,1.7744509236553192,1.039618500000003,0,1.039618500000003,127.63318607772085,0.0117445704009218,21.140077489775805,0.9999916372385714,0
..\..\..\files\weather\hourly\Spresiano.csv,10/4/2020 12:00:00 AM,19.5,11.2,10.8,10,100,87,0,0,5.3500004,8.605175,1844.3672,68.3099,88.14482,88,2.137947,1,0,1,0,0,0,0,0,37,41,42,38,13,23,6,21,0,0,0,-18.169813516392402,0,0,0.4425485754057126,3,1.0127274999999898,0,0.4481811123991843,130.8883575478032,0.01592879192856255,21.39303378848985,0.9999929105422223,0
..\..\..\files\weather\hourly\Spresiano.csv,10/5/2020 12:00:00 AM,19.5,9.1,22.2,19,100,65,0,-0.8610573,4.3389425,7.409367,1851.7766,68.58432,88.14805,88,2.129879,1,0,1,0,1,0,1,0,38,41,43,38,14,23,7,21,0,0,0,-18.169813516392402,0,0,0.7465242587729192,3,1.0127274999999898,0.002,2.241065824836303,133.57040147795095,0.008592052457706709,21.47897971538737,0.9999932974613087,0
..\..\..\files\weather\hourly\Spresiano.csv,10/6/2020 12:00:00 AM,20.3,8.8,4.6,13,100,56,0,-1.1373906,4.6126084,7.7118573,1859.4885,68.86994,88.15141,88,2.1214676,1,0,1,0,1,0,0,0,39,41,44,38,15,23,7,21,0,0,0,-23.784359145805226,0,0,0,3,1.0127274999999898,0,0,133.57040147795095,0.009008791018073715,21.55272257455368,0.9999936125672041,0
..\..\..\files\weather\hourly\Spresiano.csv,10/7/2020 12:00:00 AM,19.3,6.6,0,8,100,60,0,-2.9448822,3.4051178,5.5739236,1865.0625,69.076385,88.15384,88,2.1154022,0,0,0,0,0,0,0,0,39,41,44,38,15,23,7,21,0,0,0,-24.772594497891312,0,0,0.8829414904505004,0.00667,1.0586914999999948,0,0.9347626509372714,133.57040147795095,0.008592052457706709,21.61569276404204,0.9999938698879471,0
..\..\..\files\weather\hourly\Spresiano.csv,10/8/2020 12:00:00 AM,20.4,9,1,10,100,53,0,-0.9561405,4.7438593,7.8879585,1872.9504,69.36854,88.15728,88,2.1068,0,0,0,0,0,0,0,0,39,41,44,38,15,23,7,21,0,0,0,-24.772594497891312,0,0,0.004286596998400039,0.20129890580706597,1.0127274999999898,0,0,133.57040147795095,0.008797519803217085,21.683849686911987,0.9999941367345524,0
..\..\..\files\weather\hourly\Spresiano.csv,10/9/2020 12:00:00 AM,21.8,7.1,0,13,100,48,0,-2.613946,4.736054,7.5922155,1880.5426,69.64973,88.16058,88,2.0985413,0,0,0,0,0,0,0,0,39,41,44,38,15,23,7,21,0,0,0,-29.360829754609966,0,0,0.08894402745566253,0.04555995657963896,1.039618500000003,0,0.09246785640741498,133.57040147795095,0.004965035439009817,21.722011603014042,0.9999942810396439,0
..\..\..\files\weather\hourly\Spresiano.csv,10/10/2020 12:00:00 AM,20.6,8,0,14,100,61,0,-1.84127,4.45873,7.409367,1887.952,69.92415,88.16381,88,2.0904732,0,0,0,0,0,0,0,0,39,41,44,38,15,23,7,21,0,0,0,-29.360829754609966,0,0,0.5849712953396995,0.00667,1.0127274999999898,0,0.5924165175011296,133.57040147795095,0.007305432218031838,21.773482403498484,0.9999944700614977,0
..\..\..\files\weather\hourly\Spresiano.csv,10/11/2020 12:00:00 AM,20.2,9.3,0,14,100,61,0,-0.6775222,4.7724776,7.9457684,1895.8978,70.21844,88.167274,88,2.0818138,0,0,0,0,0,0,0,0,39,41,44,38,15,23,7,21,0,0,0,-29.360829754609966,0,0,0.9110607217927359,0.00667,1.0127274999999898,0,0.9226562471293437,134.20289170595268,0.010156218181460307,21.849497139637347,0.9999947378525392,0
..\..\..\files\weather\hourly\Spresiano.csv,10/12/2020 12:00:00 AM,15.1,9.1,63.600002,22,100,86,0,-0.83249974,2.1675003,4.22999,1900.1278,70.3751,88.16912,88,2.077198,1,0,0,0,1,0,0,0,40,41,44,38,16,23,7,21,0,0,0,-29.360829754609966,0,0,0.15815986787866676,3,0.8785384999999977,0,0.1389495330863217,135.2333689191598,0.005737430774773988,21.916591891739273,0.9999949634242041,0
..\..\..\files\weather\hourly\Spresiano.csv,10/13/2020 12:00:00 AM,18.5,6.8,0,0,100,36,0,-2.7623925,3.087607,5.117249,1905.2451,70.56464,88.17135,88,2.0716286,1,0,0,0,1,0,0,0,41,41,44,38,17,23,7,21,0,0,0,-76.37537690990169,0,0,0,3,0.8785384999999977,0,0,135.2333689191598,0.003728906770232872,21.951285573530736,0.9999950762446208,0
..\..\..\files\weather\hourly\Spresiano.csv,10/14/2020 12:00:00 AM,17.5,2.3,0,7,100,37,0,-5.7496705,1.8503289,0,1905.2451,70.56464,88.17135,88,2.0716286,0,0,0,0,0,0,0,0,41,41,44,38,17,23,7,21,0,0,0,-76.37537690990169,0,0,0,0.00667,1.0127274999999898,0,0,135.2333689191598,0.002662572989179135,21.970925062207474,0.9999951389864135,0
..\..\..\files\weather\hourly\Spresiano.csv,10/15/2020 12:00:00 AM,16.4,2.2,0.2,10,100,46,0,-5.6577473,1.4422534,0,1905.2451,70.56464,88.17135,88,2.0716286,0,0,0,0,0,0,0,0,41,41,44,38,17,23,7,21,0,0,0,-76.37537690990169,0,0,0.19317473890576095,0.12339360574051833,0.8785384999999977,0.002,0.16971144535615842,135.2333689191598,0.002792303379174842,21.99653341226782,0.9999952195974389,0
..\..\..\files\weather\hourly\Spresiano.csv,10/16/2020 12:00:00 AM,12.3,9.8,18.8,16,96,75,0,-0.1919998,1.0580002,2.3331118,1907.5782,70.65105,88.17236,88,2.0690918,1,0,0,0,0,0,0,0,42,41,44,38,17,23,7,21,0,0,0,-81.76361216364012,0,0,0.1407479959237262,3,0.8194314999999932,0,0.11533334142177189,136.53888578072554,0.003353566358764844,22.06181255494051,0.999995419090403,0
..\..\..\files\weather\hourly\Spresiano.csv,10/17/2020 12:00:00 AM,16.8,6.6,0,0,100,53,0,-2.8333335,2.2666664,3.5411844,1911.1194,70.782196,88.173904,88,2.065239,1,0,0,0,0,0,0,0,43,41,44,38,17,23,7,21,0,0,0,-83.97815626717403,0,0,0.021031563965584765,3,1.0127274999999898,0,0.02129924319595653,136.53888578072554,0.0035342403238720604,22.095232149228142,0.9999955179764275,0
..\..\..\files\weather\hourly\Spresiano.csv,10/18/2020 12:00:00 AM,16.5,7.6,0,7,100,67,0,-2.0764046,2.3735957,4.1459694,1915.2654,70.93575,88.17571,88,2.0607185,0,0,0,0,0,0,0,0,43,41,44,38,17,23,7,21,0,0,0,-83.97815626717403,0,0,0,0.00667,1.039618500000003,0,0,136.53888578072554,0.004965035439009817,22.14467419792465,0.9999956603701862,0
..\..\..\files\weather\hourly\Spresiano.csv,10/19/2020 12:00:00 AM,17.8,6,0,16,100,56,0,-3.322034,2.5779657,3.8903928,1919.1558,71.07984,88.17741,88,2.0564842,0,0,0,0,0,0,0,0,43,41,44,38,17,23,7,21,0,0,0,-83.97815626717403,0,0,0,0.00667,1.0127274999999898,0,0,136.53888578072554,0.004165788379616633,22.178170379780127,0.9999957542601655,0
..\..\..\files\weather\hourly\Spresiano.csv,10/20/2020 12:00:00 AM,17.3,5.9,0,9,100,62,0,-3.362719,2.3372803,3.3628287,1922.5186,71.20439,88.17888,88,2.052803,0,0,0,0,0,0,0,0,43,41,44,38,17,23,7,21,0,0,0,-83.97815626717403,0,0,0.4067305133767417,0.00667,1.0127274999999898,0,0.41190717598574006,136.53888578072554,0.005860612449866011,22.23261377045006,0.999995902550822,0
..\..\..\files\weather\hourly\Spresiano.csv,10/21/2020 12:00:00 AM,17.1,6.2,0,15,100,64,0,-3.1376145,2.3123853,3.4523258,1925.9708,71.33225,88.18038,88,2.0490456,0,0,0,0,0,0,0,0,43,41,44,38,17,23,7,21,0,0,0,-83.97815626717403,0,0,0,0.00667,1.0127274999999898,0,0,136.53888578072554,0.006117655628829422,22.28597170471412,0.9999960428583169,0
..\..\..\files\weather\hourly\Spresiano.csv,10/22/2020 12:00:00 AM,15.6,6.3,0,17,100,79,0,-2.9639788,1.6860217,2.1361077,1928.1069,71.41136,88.18131,88,2.0467186,0,0,0,0,0,0,0,0,43,41,44,38,17,23,7,21,0,0,0,-83.97815626717403,0,0,0.4246421329706381,0.00667,1.0127274999999898,0,0.43004676571801753,136.53888578072554,0.006389694580901679,22.362802479266893,0.9999962364917467,0
..\..\..\files\weather\hourly\Spresiano.csv,10/23/2020 12:00:00 AM,15.2,10.8,0,11,100,83,0,0,3,5.6482363,1933.7551,71.62056,88.18377,88,2.040577,0,0,0,0,0,0,0,0,43,41,44,38,17,23,7,21,0,0,0,-83.97815626717403,0,0,0.4425485754057126,0.00667,1.039618500000003,0,0.46008168614042516,137.1404245881542,0.005860612449866011,22.448774453071877,0.9999964419523827,0
..\..\..\files\weather\hourly\Spresiano.csv,10/24/2020 12:00:00 AM,16.7,10.4,5,18,100,75,0,0,3.5500002,6.432814,1940.188,71.85882,88.18658,88,2.033558,0,0,1,0,0,0,0,0,43,41,45,38,17,23,7,21,0,0,0,-83.97815626717403,0,0,0.759281338632958,1.0629859515691946,1.0127274999999898,0.002,0.8385195839170303,138.47990878278628,0.008009205785633211,22.549416089326705,0.9999966682653076,0
..\..\..\files\weather\hourly\Spresiano.csv,10/25/2020 12:00:00 AM,18.8,11.9,12.6,15,100,81,0,0,5.3499994,8.605175,1948.7932,72.17753,88.19032,88,2.0241928,1,0,1,0,0,0,1,0,44,41,46,38,17,23,8,21,0,0,0,-80.58093677183578,0,0,0.6723970714585993,3,1.0127274999999898,0,0.6809550051855817,141.93074459876019,0.013564825706431674,22.700331250484663,0.9999969809396122,0
..\..\..\files\weather\hourly\Spresiano.csv,10/26/2020 12:00:00 AM,20.3,10.5,0.2,11,100,60,0,0,0,0,0,0,0,0,0,1,0,0,0,0,0,0,0,1,0,0,0,0,0,0,0,0,0,0,-80.58093677183578,0,0,0.49618346792295015,2.491719422426361,1.0127274999999898,0,0.5024986430109344,144.38380133599617,0.006117655628829422,0,0.9999970902243627,0
..\..\..\files\weather\hourly\Spresiano.csv,10/27/2020 12:00:00 AM,17.5,12,20.6,12,100,79,0,0,0,0,0,0,0,0,0,1,0,1,0,0,0,0,0,1,0,1,0,0,0,0,0,0,0,0,-85.96917202557421,0,0,0.9198704055467259,3,1.0127274999999898,0.002,2.761450957451271,147.65617281907257,0.009914241808357717,0.15215691388832359,0.000559372899325537,0
..\..\..\files\weather\hourly\Spresiano.csv,10/28/2020 12:00:00 AM,18.6,8.2,5.2000003,12,100,70,-1.6442304,-1.6442304,0,0,0,0,0,0,0,1,0,1,0,0,0,0,0,1,0,1,0,0,0,0,0,0,0,0,-89.9837172735173,0,0,0,3,1.039618500000003,0,0,147.65617281907257,0.008392263433758713,0.23844951110415938,0.0008431360609468274,0
..\..\..\files\weather\hourly\Spresiano.csv,10/29/2020 12:00:00 AM,17.3,6,0.2,13,100,58,-4.936266,-3.2920353,0,0,0,0,0,0,0,0,0,0,0,0,0,0,0,0,0,0,0,0,0,0,0,0,0,0,-90.37195224413367,0,0,0,0.04555995657963896,1.0127274999999898,0,0,147.65617281907257,0.005617661929105107,0.2830460356318187,0.0010330688684887692,0
..\..\..\files\weather\hourly\Spresiano.csv,10/30/2020 12:00:00 AM,17.2,6,0,13,100,61,-8.22198,-3.2857144,0,0,0,0,0,0,0,0,0,0,0,0,0,0,0,0,0,0,0,0,0,0,0,0,0,0,-95.7601874978721,0,0,0,0.04555995657963896,1.0127274999999898,0,0,147.65617281907257,0.0036623826052995857,0.3141854142559863,0.0011863993163597497,0
..\..\..\files\weather\hourly\Spresiano.csv,10/31/2020 12:00:00 AM,14.9,5.2,0,15,100,66,-11.834351,-3.6123707,0,0,0,0,0,0,0,0,0,0,0,0,0,0,0,0,0,0,0,0,0,0,0,0,0,0,-95.7601874978721,0,0,0,0.00667,1.039618500000003,0,0,147.65617281907257,0.005387947968721866,0.3657921731103376,0.0014831470265243847,0
..\..\..\files\weather\hourly\Spresiano.csv,11/1/2020 12:00:00 AM,18.2,4.5,0,16,100,60,-16.230335,-4.3959856,0,0,0,0,0,0,0,0,0,0,0,0,0,0,0,0,0,0,0,0,0,0,0,0,0,0,-95.7601874978721,0,0,0,0.00667,1.039618500000003,0,0,147.65617281907257,0.004411169412204812,0.3943439520898153,0.001672772604496375,0
..\..\..\files\weather\hourly\Spresiano.csv,11/2/2020 12:00:00 AM,13.7,3.9,0,16,100,83,-20.431866,-4.2015305,0,0,0,0,0,0,0,0,0,0,0,0,0,0,0,0,0,0,0,0,0,0,0,0,0,0,-95.7601874978721,0,0,0.24610874406250013,0.00667,1.0127274999999898,0,0.2492410931025531,147.65617281907257,0.004327208398154079,0.4514558840715033,0.002113874484575149,0
..\..\..\files\weather\hourly\Spresiano.csv,11/3/2020 12:00:00 AM,14.4,10.5,0,8,100,82,-20.431866,0,0,0,0,0,0,0,0,0,0,0,0,0,0,0,0,0,0,0,0,0,0,0,0,0,0,0,-95.7601874978721,0,0,0.5318164862656004,0.00667,1.0127274999999898,0,0.5385851805945404,148.2162718345071,0.004965035439009817,0.5335751154804745,0.0029156857256123626,0
..\..\..\files\weather\hourly\Spresiano.csv,11/4/2020 12:00:00 AM,14.9,11.7,0,0,100,79,-20.431866,0,0,0,0,0,0,0,0,0,0,0,0,0,0,0,0,0,0,0,0,0,0,0,0,0,0,0,-95.7601874978721,0,0,0.6376365667763976,0.00667,1.0733834999999985,0,0.6844285697744323,148.9070439087094,0.005501201530539894,0.62746606585966,0.00412582054236683,0
..\..\..\files\weather\hourly\Spresiano.csv,11/5/2020 12:00:00 AM,18,8.6,0,1,100,67,-21.72761,-1.2957444,0,0,0,0,0,0,0,0,0,0,0,0,0,0,0,0,0,0,0,0,0,0,0,0,0,-32.605651962092274,-95.7601874978721,0,0,0.6025883430243248,0.00667,1.0690024999999963,0,0.6441684451638586,148.9070439087094,0.007647283576645276,0.7004322783229506,0.005326718820345381,0
..\..\..\files\weather\hourly\Spresiano.csv,11/6/2020 12:00:00 AM,19,8.3,0,0,100,59,-23.292562,-1.5649526,0,0,0,0,0,0,0,0,0,0,0,0,0,0,0,0,0,0,0,0,0,0,0,0,0,-32.605651962092274,-95.7601874978721,0,0,0,0.00667,1.039618500000003,0,0,148.9070439087094,0.006251742673270176,0.7487785496785584,0.006267791506053505,0
..\..\..\files\weather\hourly\Spresiano.csv,11/7/2020 12:00:00 AM,18.7,5.7,0,6,100,45,-26.881409,-3.588847,0,0,0,0,0,0,0,0,0,0,0,0,0,0,0,0,0,0,0,0,0,0,0,0,0,-32.605651962092274,-95.7601874978721,0,0,0,0.00667,1.0127274999999898,0,0,148.9070439087094,0.002931256752882745,0.77810110772065,0.006900702732790648,0
..\..\..\files\weather\hourly\Spresiano.csv,11/8/2020 12:00:00 AM,20.6,5.5,0,9,100,34,-30.710878,-3.8294702,0,0,0,0,0,0,0,0,0,0,0,0,0,0,0,0,0,0,0,0,0,0,0,0,0,-32.605651962092274,-95.7601874978721,0,0,0,0.00667,1.039618500000003,0,0,148.9070439087094,0.00424543795676343,0.8087796175849794,0.00761651222963866,0
..\..\..\files\weather\hourly\Spresiano.csv,11/9/2020 12:00:00 AM,16.7,3.4,0,13,100,59,-35.673283,-4.9624057,0,0,0,0,0,0,0,0,0,0,0,0,0,0,0,0,0,0,0,0,0,0,0,0,0,-32.605651962092274,-95.7601874978721,0,0,0,0.00667,1.0127274999999898,0,0,148.9070439087094,0.0028838639371310936,0.833210259690008,0.008227744697974968,0
..\..\..\files\weather\hourly\Spresiano.csv,11/10/2020 12:00:00 AM,18,3.1,0,13,100,53,-40.97563,-5.302349,0,0,0,0,0,0,0,0,0,0,0,0,0,0,0,0,0,0,0,0,0,0,0,0,0,-32.605651962092274,-95.7601874978721,0,0,0,0.00667,1.0127274999999898,0,0,148.9070439087094,0.003240282403682738,0.85905899331941,0.008916079551742633,0
..\..\..\files\weather\hourly\Spresiano.csv,11/11/2020 12:00:00 AM,17.9,4.2,0,9,100,45,-45.547894,-4.572263,0,0,0,0,0,0,0,0,0,0,0,0,0,0,0,0,0,0,0,0,0,0,0,0,0,-32.605651962092274,-95.7601874978721,0,0,0,0.00667,0.6777634999999975,0,0,148.9070439087094,0.0030294273014249205,0.8853796907868414,0.009662824845716057,0
..\..\..\files\weather\hourly\Spresiano.csv,11/12/2020 12:00:00 AM,13.9,3.4,0,0,96,52,-50.07361,-4.525714,0,0,0,0,0,0,0,0,0,0,0,0,0,0,0,0,0,0,0,0,0,0,0,0,0,-32.605651962092274,-95.7601874978721,0,0,0,0.00667,0,0,0,148.9070439087094,0.0025026440434318857,0.9132974889935791,0.01050759957206702,0
..\..\..\files\weather\hourly\Spresiano.csv,11/13/2020 12:00:00 AM,13.1,2.6,0,4,100,60,-54.86599,-4.7923813,0,0,0,0,0,0,0,0,0,0,0,0,0,0,0,0,0,0,0,0,0,0,0,0,0,-32.605651962092274,-95.7601874978721,0,0,0,0.00667,1.0127274999999898,0,0,148.9070439087094,0.0027048402575440703,0.9434620807109662,0.011484010861786811,0
..\..\..\files\weather\hourly\Spresiano.csv,11/14/2020 12:00:00 AM,14.6,1.6,0,9,100,60,-60.552143,-5.6861544,0,0,0,0,0,0,0,0,0,0,0,0,0,0,0,0,0,0,0,0,0,0,0,0,0,-32.605651962092274,-95.7601874978721,0,0,0,0.00667,1.0127274999999898,0,0,148.9070439087094,0.0036623826052995857,0.9742633688465702,0.012552251439996841,0
..\..\..\files\weather\hourly\Spresiano.csv,11/15/2020 12:00:00 AM,13.9,4.2,0,3,100,65,-64.61812,-4.065979,0,0,0,0,0,0,0,0,0,0,0,0,0,0,0,0,0,0,0,0,0,0,0,0,0,-65.21130392418455,-95.7601874978721,0,0,0,0.00667,1.0127274999999898,0,0,148.9070439087094,0.003597510089917897,1.0103958516123808,0.013901327666411323,0
..\..\..\files\weather\hourly\Spresiano.csv,11/16/2020 12:00:00 AM,13.3,2.3,0,15,100,70,-69.623116,-5.005,0,0,0,0,0,0,0,0,0,0,0,0,0,0,0,0,0,0,0,0,0,0,0,0,0,-65.21130392418455,-95.7601874978721,0,0,0,0.00667,1.0127274999999898,0,0,148.9070439087094,0.004012593522207451,1.0525239299237268,0.0156114727217267,0
..\..\..\files\weather\hourly\Spresiano.csv,11/17/2020 12:00:00 AM,13.8,4.8,10.4,18,100,78,-73.32089,-3.6977777,0,0,0,0,0,0,0,0,0,0,0,0,0,0,0,0,0,0,0,0,0,0,0,0,0,-65.21130392418455,-95.7601874978721,0,0,0,2.052699001456449,1.0127274999999898,0,0,148.9070439087094,0.004411169412204812,1.1051995186332095,0.017969156703929765,0
..\..\..\files\weather\hourly\Spresiano.csv,11/18/2020 12:00:00 AM,16.9,3.9,0,8,100,43,-77.98974,-4.668846,0,0,0,0,0,0,0,0,0,0,0,0,0,0,0,0,0,0,0,0,0,0,0,0,0,-65.21130392418455,-96.86262691303621,0,0,0,2.012895532873607,1.039618500000003,0,0,148.9070439087094,0.002662572989179135,1.129250713977314,0.019130527402710474,0
..\..\..\files\weather\hourly\Spresiano.csv,11/19/2020 12:00:00 AM,17.1,3.7,0,0,99,46,-82.80877,-4.819031,0,0,0,0,0,0,0,0,0,0,0,0,0,0,0,0,0,0,0,0,0,0,0,0,0,-65.21130392418455,-96.86262691303621,0,0,0,0.00667,1.0586914999999948,0,0,148.9070439087094,0.0030294273014249205,1.1538046284898325,0.020373119733559902,0
..\..\..\files\weather\hourly\Spresiano.csv,11/20/2020 12:00:00 AM,15.4,1.9,0,1,100,52,-88.47877,-5.6699996,0,0,0,0,0,0,0,0,0,0,0,0,0,0,0,0,0,0,0,0,0,0,0,0,0,-65.21130392418455,-96.86262691303621,0,0,0,0.00667,1.039618500000003,0,0,148.9070439087094,0.0030294273014249205,1.1757037350857777,0.021531096127793265,0
..\..\..\files\weather\hourly\Spresiano.csv,11/21/2020 12:00:00 AM,14.4,2.2,5.2000003,7,100,49,-93.785324,-5.3065577,0,0,0,0,0,0,0,0,0,0,0,0,0,0,0,0,0,0,0,0,0,0,0,0,0,-65.21130392418455,-96.86262691303621,0,0,0,1.023630271244104,1.0568034999999938,0,0,148.9070439087094,0.0028838639371310936,1.2045053905371943,0.023127249804897068,0
..\..\..\files\weather\hourly\Spresiano.csv,11/22/2020 12:00:00 AM,11,-1.4,0,0,96,29,-98.70468,-4.9193554,0,0,0,0,0,0,0,0,0,0,0,0,0,0,0,0,0,0,0,0,0,0,0,0,0,-65.21130392418455,-103.1650656606283,0,0,0,0.00667,0.18677850000000262,0,0,148.9070439087094,0.001691735827573539,1.216994528030692,0.023845749186398427,0
..\..\..\files\weather\hourly\Spresiano.csv,11/23/2020 12:00:00 AM,10.5,-2.8,0,0,99,35,-102.85882,-4.154135,0,0,0,0,0,0,0,0,0,0,0,0,0,0,0,0,0,0,0,0,0,0,0,0,0,-65.21130392418455,-103.1650656606283,0,0,0,0.00667,1.039618500000003,0,0,148.9070439087094,0.0011622320154474582,1.2227873808648255,0.024184504748829987,0
..\..\..\files\weather\hourly\Spresiano.csv,11/24/2020 12:00:00 AM,9.6,-1.6,0,0,97,50,-102.85882,-4.1142855,0,0,0,0,0,0,0,0,0,0,0,0,0,0,0,0,0,0,0,0,0,0,0,0,0,-65.21130392418455,-103.1650656606283,0,0,0,0.00667,0.7525065000000026,0,0,148.9070439087094,0.0015882012681525356,1.2337544755968366,0.024835457477523585,0
..\..\..\files\weather\hourly\Spresiano.csv,11/25/2020 12:00:00 AM,12.8,0.4,0,0,97,51,-102.54269,-5.8838706,0.31612906,0,0,0,0,0,0,0,0,0,0,0,0,0,0,0,0,0,0,0,0,0,0,0,0,-77.59904013440591,-103.1650656606283,0,0,0,0.00667,1.0568034999999938,0,0,148.9070439087094,0.0012689613162352462,1.2488713582272173,0.02575354328538862,0
..\..\..\files\weather\hourly\Spresiano.csv,11/26/2020 12:00:00 AM,12,-1.5,0,0,99,48,-102.39454,-5.4814816,0.14814815,0,0,0,0,0,0,0,0,0,0,0,0,0,0,0,0,0,0,0,0,0,0,0,0,-77.59904013440591,-103.1650656606283,0,0,0,0.00667,1.039618500000003,0,0,148.9070439087094,0.0019305813994650632,1.2631041540742387,0.026640248571331494,0
..\..\..\files\weather\hourly\Spresiano.csv,11/27/2020 12:00:00 AM,11.8,-1.3,0,4,100,55,-102.270874,-5.438168,0.12366415,0,0,0,0,0,0,0,0,0,0,0,0,0,0,0,0,0,0,0,0,0,0,0,0,-77.59904013440591,-103.1650656606283,0,0,0,0.00667,1.0127274999999898,0,0,148.9070439087094,0.0019841946888861854,1.275121142776752,0.027405950733757938,0
..\..\..\files\weather\hourly\Spresiano.csv,11/28/2020 12:00:00 AM,11,-1.4,0,16,100,63,-102.23055,-4.9193554,0.040322583,0,0,0,0,0,0,0,0,0,0,0,0,0,0,0,0,0,0,0,0,0,0,0,0,-77.59904013440591,-103.1650656606283,0,0,0,0.00667,1.039618500000003,0,0,148.9070439087094,0.0024648213336230253,1.2955212741769766,0.02874198733138272,0
..\..\..\files\weather\hourly\Spresiano.csv,11/29/2020 12:00:00 AM,8.1,-0.6,0,9,100,80,-102.23055,-3.7706897,0,0,0,0,0,0,0,0,0,0,0,0,0,0,0,0,0,0,0,0,0,0,0,0,0,-77.59904013440591,-103.1650656606283,0,0,0,0.00667,0.5952024999999992,0,0,148.9070439087094,0.001781811520614019,1.3222249926636973,0.030560710676881667,0
..\..\..\files\weather\hourly\Spresiano.csv,11/30/2020 12:00:00 AM,11,1.2,0,0,84,51,-102.179535,-4.848979,0.051020406,0,0,0,0,0,0,0,0,0,0,0,0,0,0,0,0,0,0,0,0,0,0,0,0,-77.59904013440591,-103.1650656606283,0,0,0,0.00667,0,0,0,148.9070439087094,0.0018294894930725907,1.3464484769464553,0.03228022251042729,0
..\..\..\files\weather\hourly\Spresiano.csv,12/1/2020 12:00:00 AM,9.2,-2,0,0,98,47,-102.179535,-3.7785714,0,0,0,0,0,0,0,0,0,0,0,0,0,0,0,0,0,0,0,0,0,0,0,0,0,-77.59904013440591,-103.1650656606283,0,0,0,0.00667,0.8785384999999977,0,0,148.9070439087094,0.0014757595925455225,1.3572376485731756,0.03306774908812005,0
..\..\..\files\weather\hourly\Spresiano.csv,12/2/2020 12:00:00 AM,5.8,-2.3,0,0,96,57,-102.179535,-2.0765433,0,0,0,0,0,0,0,0,0,0,0,0,0,0,0,0,0,0,0,0,0,0,0,0,0,-77.59904013440591,-103.1650656606283,0,0,0,0.00667,0,0,0,148.9070439087094,0.001343141548112525,1.3748713257182181,0.03438393675942981,0
..\..\..\files\weather\hourly\Spresiano.csv,12/3/2020 12:00:00 AM,4.5,1.2,10.2,9,100,57,-102.179535,-1.6499999,0,0,0,0,0,0,0,0,0,0,0,0,0,0,0,0,0,0,0,0,0,0,0,0,0,-77.59904013440591,-103.1650656606283,0,0,0,2.411736282552189,1.039618500000003,0.002,0,148.9070439087094,0.0011622320154474582,1.399703668268913,0.03629927594109017,1
..\..\..\files\weather\hourly\Spresiano.csv,12/4/2020 12:00:00 AM,5.8,2.5,1.8000001,20,100,91,-102.179535,-1.6500001,0,0,0,0,0,0,0,0,0,0,0,0,0,0,0,0,0,0,0,0,0,0,0,0,0,-77.59904013440591,-105.31769767123878,0,0,0,3,1.0127274999999898,0,0,148.9070439087094,0.001343141548112525,1.426653876682046,0.03846093835502118,1
..\..\..\files\weather\hourly\Spresiano.csv,12/5/2020 12:00:00 AM,8.6,2.9,17.6,19,100,88,-102.179535,-2.85,0,0,0,0,0,0,0,0,0,0,0,0,0,0,0,0,0,0,0,0,0,0,0,0,0,-90.35839967980576,-100.85080221052615,0,0,0,3,1.0127274999999898,0,0,148.9070439087094,0.0019045611135793108,1.4588590937634862,0.04115913166523305,1
..\..\..\files\weather\hourly\Spresiano.csv,12/6/2020 12:00:00 AM,15.1,9.1,21.6,21,100,85,-100.01203,-0.83249974,2.1675003,0,0,0,0,0,0,1,0,1,0,0,0,0,0,1,0,1,0,0,0,0,0,0,0,-90.35839967980576,-89.8312750014635,0,0,0.9019672922707105,3,1.0699464999999933,0.002,2.7077058113966728,151.09967968400096,0.005737430774773988,1.5504712270960448,0.04953612961305469,1
..\..\..\files\weather\hourly\Spresiano.csv,12/7/2020 12:00:00 AM,14.3,5.6,40.4,24,100,99,-98.94939,-3.2873564,1.0626436,0,0,0,0,0,0,1,0,0,0,1,0,0,0,1,0,0,0,1,0,0,0,0,0,-90.35839967980576,-89.8312750014635,0,0,0,3,1.0127274999999898,0,0,151.09967968400096,0.004866371005505038,1.6184261966815139,0.0564375633458649,1
..\..\..\files\weather\hourly\Spresiano.csv,12/8/2020 12:00:00 AM,10.3,4.3,0.8,16,100,69,-98.94189,-2.9925,0.0075000096,0,0,0,0,0,0,1,0,0,0,0,0,0,0,1,0,0,0,0,0,0,0,0,0,-90.35839967980576,-97.61174893681002,0,0,0,3,0.8785384999999977,0,0,151.09967968400096,0.002427815626456659,1.6547745759210652,0.06037421479709942,1
..\..\..\files\weather\hourly\Spresiano.csv,12/9/2020 12:00:00 AM,8.9,4.1,17.4,16,99,75,-98.94189,-2.4,0,0,0,0,0,0,0,0,0,0,0,0,0,0,0,0,0,0,0,0,0,0,0,0,0,-90.35839967980576,-93.94485277276259,0,0,0,3,0,0,0,151.09967968400096,0.0019841946888861854,1.6906415741669911,0.06442783956635398,1
..\..\..\files\weather\hourly\Spresiano.csv,12/10/2020 12:00:00 AM,9.5,3.7,18.4,18,100,75,-98.94189,-2.8999999,0,0,0,0,0,0,0,0,0,0,0,0,0,0,0,0,0,0,0,0,0,0,0,0,0,-90.35839967980576,-79.72532480076048,0,0,0,3,1.0127274999999898,0,0,151.09967968400096,0.002158636467054675,1.7320881738915546,0.06932235155968355,1
..\..\..\files\weather\hourly\Spresiano.csv,12/11/2020 12:00:00 AM,9.2,2,0,10,100,73,-98.94189,-3.6,0,0,0,0,0,0,0,0,0,0,0,0,0,0,0,0,0,0,0,0,0,0,0,0,0,-90.35839967980576,-79.72532480076048,0,0,0,3,1.0127274999999898,0,0,151.09967968400096,0.0020687538040578706,1.766466547329967,0.07355373120352156,0
..\..\..\files\weather\hourly\Spresiano.csv,12/12/2020 12:00:00 AM,9.6,0.4,0,12,100,66,-98.94189,-4.6,0,0,0,0,0,0,0,0,0,0,0,0,0,0,0,0,0,0,0,0,0,0,0,0,0,-90.35839967980576,-79.72532480076048,0,0,0,0.00667,1.0127274999999898,0,0,151.09967968400096,0.002189854849221603,1.7957459974921701,0.07728029889062338,0
..\..\..\files\weather\hourly\Spresiano.csv,12/13/2020 12:00:00 AM,9.5,0.7,0,0,100,64,-98.94189,-4.4,0,0,0,0,0,0,0,0,0,0,0,0,0,0,0,0,0,0,0,0,0,0,0,0,0,-90.35839967980576,-79.72532480076048,0,0,0,0.00667,1.039618500000003,0,0,151.09967968400096,0.002158636467054675,1.8272423772922068,0.08141500616999796,0
..\..\..\files\weather\hourly\Spresiano.csv,12/14/2020 12:00:00 AM,12.2,-0.7,0,5,100,52,-98.75429,-5.956589,0.18759687,0,0,0,0,0,0,0,0,0,0,0,0,0,0,0,0,0,0,0,0,0,0,0,0,-90.35839967980576,-79.72532480076048,0,0,0,0.00667,1.0127274999999898,0,0,151.09967968400096,0.0019045611135793108,1.842796886678376,0.0835050111434901,0
..\..\..\files\weather\hourly\Spresiano.csv,12/15/2020 12:00:00 AM,12,-1.2,0,6,100,55,-98.602776,-5.6060605,0.15151516,0,0,0,0,0,0,0,0,0,0,0,0,0,0,0,0,0,0,0,0,0,0,0,0,-93.45362803573245,-79.72532480076048,0,0,0,0.00667,1.0690024999999963,0,0,151.09967968400096,0.0023916039246058424,1.858461440088595,0.08564185606538809,0
..\..\..\files\weather\hourly\Spresiano.csv,12/16/2020 12:00:00 AM,7.2,0.6,0,1,100,79,-98.602776,-3.2999997,0,0,0,0,0,0,0,0,0,0,0,0,0,0,0,0,0,0,0,0,0,0,0,0,0,-93.45362803573245,-79.72532480076048,0,0,0,0.00667,1.0127274999999898,0,0,151.09967968400096,0.0015882012681525356,1.8858789494050336,0.08945916213210547,0
..\..\..\files\weather\hourly\Spresiano.csv,12/17/2020 12:00:00 AM,10.5,0.3,0,5,100,61,-98.59052,-5.087745,0.012254902,0,0,0,0,0,0,0,0,0,0,0,0,0,0,0,0,0,0,0,0,0,0,0,0,-93.45362803573245,-79.72532480076048,0,0,0,0.00667,1.0127274999999898,0,0,151.09967968400096,0.0023214783173925164,1.9133263338170403,0.09337865527016043,0
..\..\..\files\weather\hourly\Spresiano.csv,12/18/2020 12:00:00 AM,10.9,-0.8,0,15,100,65,-98.55591,-5.1119657,0.034615356,0,0,0,0,0,0,0,0,0,0,0,0,0,0,0,0,0,0,0,0,0,0,0,0,-93.45362803573245,-79.72532480076048,0,0,0,0.00667,1.039618500000003,0,0,151.09967968400096,0.0025808319439604615,1.9380949241262888,0.0969993336940398,0
..\..\..\files\weather\hourly\Spresiano.csv,12/19/2020 12:00:00 AM,13.3,2.2,0,9,100,62,-98.06537,-5.0594597,0.4905406,0,0,0,0,0,0,0,0,0,0,0,0,0,0,0,0,0,0,0,0,0,0,0,0,-93.45362803573245,-79.72532480076048,0,0,0,0.00667,1.008951499999995,0,0,151.09967968400096,0.0028838639371310936,1.9645374218745808,0.1009517809016542,0
..\..\..\files\weather\hourly\Spresiano.csv,12/20/2020 12:00:00 AM,10.5,3.4,0,4,99,72,-98.04776,-3.5323942,0.017605634,0,0,0,0,0,0,0,0,0,0,0,0,0,0,0,0,0,0,0,0,0,0,0,0,-93.45362803573245,-79.72532480076048,0,0,0,0.00667,1.0586914999999948,0,0,151.09967968400096,0.0025026440434318857,2.0036552849946228,0.10696229334065543,0
..\..\..\files\weather\hourly\Spresiano.csv,12/21/2020 12:00:00 AM,10.5,5.6,0,3,100,75,-98.02225,-2.42449,0.025510203,0,0,0,0,0,0,0,0,0,0,0,0,0,0,0,0,0,0,0,0,0,0,0,0,-93.45362803573245,-79.72532480076048,0,0,0,0.00667,0.9298275000000018,0,0,151.09967968400096,0.0025026440434318857,2.0456256146822365,0.1136252732238389,0
..\..\..\files\weather\hourly\Spresiano.csv,12/22/2020 12:00:00 AM,9.5,6.2,0,0,100,76,-98.02225,-1.6500001,0,0,0,0,0,0,0,0,0,0,0,0,0,0,0,0,0,0,0,0,0,0,0,0,0,-93.45362803573245,-79.72532480076048,0,0,0,0.00667,1.0127274999999898,0,0,151.09967968400096,0.002158636467054675,2.088007600734099,0.12057483553798422,0
..\..\..\files\weather\hourly\Spresiano.csv,12/23/2020 12:00:00 AM,9.2,6.5,0,15,100,93,-98.02225,-1.3499999,0,0,0,0,0,0,0,0,0,0,0,0,0,0,0,0,0,0,0,0,0,0,0,0,0,-93.45362803573245,-79.72532480076048,0,0,0,0.00667,1.039618500000003,0,0,151.09967968400096,0.0020687538040578706,2.127947004661188,0.12732337411709835,0
..\..\..\files\weather\hourly\Spresiano.csv,12/24/2020 12:00:00 AM,9.1,6.8,0,0,100,91,-98.02225,-1.1500001,0,0,0,0,0,0,0,0,0,0,0,0,0,0,0,0,0,0,0,0,0,0,0,0,0,-93.45362803573245,-79.72532480076048,0,0,0,0.00667,1.0127274999999898,0,0,151.09967968400096,0.0020399965397414153,2.168498458720206,0.13436903403240533,0
..\..\..\files\weather\hourly\Spresiano.csv,12/25/2020 12:00:00 AM,7.5,6.8,5,19,100,99,-98.02225,-0.3499999,0,0,0,0,0,0,0,0,0,0,0,0,0,0,0,0,0,0,0,0,0,0,0,0,0,-94.56057480900188,-79.72532480076048,0,0,0,0.9842925058604478,1.0127274999999898,0,0,151.09967968400096,0.0016491717035119111,2.2067918153595096,0.14119726783648878,1
..\..\..\files\weather\hourly\Spresiano.csv,12/26/2020 12:00:00 AM,7.8,4.9,10.4,18,100,78,-98.02225,-1.4500003,0,0,0,0,0,0,0,0,0,0,0,0,0,0,0,0,0,0,0,0,0,0,0,0,0,-94.56057480900188,-87.07795662063609,0,0,0,3,0.06512749999999556,0,0,151.09967968400096,0.0017136213492102324,2.2430992541936043,0.1478242857229267,1
..\..\..\files\weather\hourly\Spresiano.csv,12/27/2020 12:00:00 AM,9.2,0.1,0,0,99,47,-98.02225,-4.55,0,0,0,0,0,0,0,0,0,0,0,0,0,0,0,0,0,0,0,0,0,0,0,0,0,-94.56057480900188,-89.03058882198142,0,0,0,2.0526990311190163,0,0,0,151.09967968400096,0.0015119084059916806,2.2633376414306494,0.15158141856030508,0
..\..\..\files\weather\hourly\Spresiano.csv,12/28/2020 12:00:00 AM,6.1,-2.1,0,0,90,45,-98.02225,-2.2689025,0,0,0,0,0,0,0,0,0,0,0,0,0,0,0,0,0,0,0,0,0,0,0,0,0,-94.56057480900188,-89.03058882198142,0,0,0,0.00667,0.8194314999999932,0,0,151.09967968400096,0.0012409675178270795,2.2699157650581188,0.15281217813066822,0
..\..\..\files\weather\hourly\Spresiano.csv,12/29/2020 12:00:00 AM,4,-0.3,29,14,100,79,-98.02225,-1.860465,0,0,0,0,0,0,0,0,0,0,0,0,0,0,0,0,0,0,0,0,0,0,0,0,0,-94.56057480900188,-85.41106123144904,0,0,0,3,1.0127274999999898,0,0,151.09967968400096,0.001102111027546604,2.286419200544413,0.15592037865226702,1
..\..\..\files\weather\hourly\Spresiano.csv,12/30/2020 12:00:00 AM,5.9,1,2.2,15,100,96,-98.02225,-2.45,0,0,0,0,0,0,0,0,0,0,0,0,0,0,0,0,0,0,0,0,0,0,0,0,0,-94.56057480900188,-85.41106123144904,0,0,0,3,1.0127274999999898,0,0,151.09967968400096,0.0013587397228341672,2.3119869531210244,0.16079261621349222,1
..\..\..\files\weather\hourly\Spresiano.csv,12/31/2020 12:00:00 AM,7.3,3.9,9.8,15,100,93,-98.02225,-1.7000003,0,0,0,0,0,0,0,0,0,0,0,0,0,0,0,0,0,0,0,0,0,0,0,0,0,-94.56057480900188,-95.56369300364094,0,0,0,2.531737826102158,1.0127274999999898,0.002,0,151.09967968400096,0.0016081534430649892,2.3422710356020744,0.16665118492847772,1
..\..\..\files\weather\hourly\Spresiano.csv,1/1/2021 12:00:00 AM,10,0.1,1.6,5,100,62,-98.02225,-4.9500003,0,0,0,0,0,0,0,0,0,0,0,0,0,0,0,0,0,0,0,0,0,0,0,0,0,-94.56057480900188,-98.11632463278168,0,0,0,0.00667,1.0699464999999933,0,0,0,0.0009752741582279913,0,0.00025583464398314543,0
..\..\..\files\weather\hourly\Spresiano.csv,1/2/2021 12:00:00 AM,6.5,2.3,9.4,15,100,88,-98.02225,-2.1000001,0,0,0,0,0,0,0,0,0,0,0,0,0,0,0,0,0,0,0,0,0,0,0,0,0,-94.56057480900188,-107.13299128355378,0,0,0,0.12339360574051833,1.0127274999999898,0.002,0,0,0.0014581582935815083,0.02900135696180001,0.0002987754621577628,0
..\..\..\files\weather\hourly\Spresiano.csv,1/3/2021 12:00:00 AM,8.3,5.1,18.2,18,100,80,-98.02225,-1.5999999,0,0,0,0,0,0,0,0,0,0,0,0,0,0,0,0,0,0,0,0,0,0,0,0,0,-94.56057480900188,-93.19394060421027,0,0,0,3,0.9298275000000018,0.002,0,0,0.0018294894930725907,0.06521233064007444,0.00036116899406465734,0
..\..\..\files\weather\hourly\Spresiano.csv,1/4/2021 12:00:00 AM,10.2,3.3,0.8,4,100,80,-98.01935,-3.4471016,0.0028985455,0,0,0,0,0,0,0,0,0,0,0,0,0,0,0,0,0,0,0,0,0,0,0,12.394078442994761,-82.16649636600712,-93.19394060421027,0,0,0,3,1.039618500000003,0,0,0,0.0023916039246058424,0.10385697595460494,0.00044003741757589227,0
..\..\..\files\weather\hourly\Spresiano.csv,1/5/2021 12:00:00 AM,8.1,1.9,0,10,100,79,-98.01935,-3.1,0,0,0,0,0,0,0,0,0,0,0,0,0,0,0,0,0,0,0,0,0,0,0,0,0,-82.16649636600712,-103.01060726690329,0,0,0,0.12339360864138221,1.0127274999999898,0,0,0,0.001781811520614019,0.13364456605562694,0.0005106780717771983,0
..\..\..\files\weather\hourly\Spresiano.csv,1/6/2021 12:00:00 AM,7.4,3.1,5.4,8,100,81,-98.01935,-2.15,0,0,0,0,0,0,0,0,0,0,0,0,0,0,0,0,0,0,0,0,0,0,0,0,0,-82.16649636600712,-103.01060726690329,0,0,0,1.2205877371552647,1.0690024999999963,0.002,0,0,0.0016284739354831858,0.16427390663267322,0.0005933806200849308,0
..\..\..\files\weather\hourly\Spresiano.csv,1/7/2021 12:00:00 AM,7,0.6,0,8,100,79,-98.01935,-3.1999998,0,0,0,0,0,0,0,0,0,0,0,0,0,0,0,0,0,0,0,0,0,0,0,0,0,-82.16649636600712,-108.22727384614981,0,0,0,1.3784761235485552,1.039618500000003,0,0,0,0.0015493681366864965,0.19148566544378928,0.0006763359843416014,0
..\..\..\files\weather\hourly\Spresiano.csv,1/8/2021 12:00:00 AM,6.9,-1.1,0,18,100,78,-98.01935,-2.975625,0,0,0,0,0,0,0,0,0,0,0,0,0,0,0,0,0,0,0,0,0,0,0,0,0,-82.16649636600712,-108.22727384614981,0,0,0,0.00667,1.039618500000003,0,0,0,0.0015304705786659098,0.21120371966227758,0.0007425322733783683,0
..\..\..\files\weather\hourly\Spresiano.csv,1/9/2021 12:00:00 AM,9,-2.5,0,2,100,41,-98.01935,-3.5217392,0,0,0,0,0,0,0,0,0,0,0,0,0,0,0,0,0,0,0,0,0,0,0,0,0,-82.16649636600712,-108.22727384614981,0,0,0,0.00667,0,0,0,0,0.0012006505509188894,0.21685588781326,0.000762506967017424,0
..\..\..\files\weather\hourly\Spresiano.csv,1/10/2021 12:00:00 AM,6.4,-2.4,0,0,82,39,-98.01935,-2.327273,0,0,0,0,0,0,0,0,0,0,0,0,0,0,0,0,0,0,0,0,0,0,0,0,0,-82.16649636600712,-108.22727384614981,0,0,0,0.00667,0,0,0,0,0.0012273101044440902,0.22759611702840812,0.0008017395255206383,0
..\..\..\files\weather\hourly\Spresiano.csv,1/11/2021 12:00:00 AM,5.4,-1.9,0,0,83,49,-98.01935,-1.9972603,0,0,0,0,0,0,0,0,0,0,0,0,0,0,0,0,0,0,0,0,0,0,0,0,0,-82.16649636600712,-108.22727384614981,0,0,0,0.00667,0,0,0,0,0.0012689613162352462,0.24594682177249627,0.0008727922910151615,0
..\..\..\files\weather\hourly\Spresiano.csv,1/12/2021 12:00:00 AM,5.5,-3.6,0,0,82,40,-98.01935,-1.6620878,0,0,0,0,0,0,0,0,0,0,0,0,0,0,0,0,0,0,0,0,0,0,0,0,0,-82.16649636600712,-108.22727384614981,0,0,0,0.00667,0.3006114999999987,0,0,0,0.0011622320154474582,0.2505993179557793,0.0008916420789454266,0
..\..\..\files\weather\hourly\Spresiano.csv,1/13/2021 12:00:00 AM,2.9,-4.6,0,0,94,53,-98.01935,-0.56066674,0,0,0,0,0,0,0,0,0,0,0,0,0,0,0,0,0,0,0,0,0,0,0,0,0,-82.16649636600712,-108.22727384614981,0,0,0,0.00667,1.0568034999999938,0,0,0,0.0009849981954084602,0.25689070423962723,0.000917686431383379,0
..\..\..\files\weather\hourly\Spresiano.csv,1/14/2021 12:00:00 AM,8.2,-5.4,0,0,94,49,-98.01935,-2.4720588,0,0,0,0,0,0,0,0,0,0,0,0,0,0,0,0,0,0,0,0,0,0,0,0,3.872430649363085,-78.29406571664404,-108.22727384614981,0,0,0,0.00667,0.5952024999999992,0,0,0,0.0014071622985929214,0.26390627843664605,0.0009474949423923629,0
..\..\..\files\weather\hourly\Spresiano.csv,1/15/2021 12:00:00 AM,9.3,-3,0,0,95,51,-98.01935,-3.515854,0,0,0,0,0,0,0,0,0,0,0,0,0,0,0,0,0,0,0,0,0,0,0,0,0,-78.29406571664404,-108.22727384614981,0,0,0,0.00667,1.036786499999998,0,0,0,0.0016491717035119111,0.2752385717725644,0.000997395986966924,0
..\..\..\files\weather\hourly\Spresiano.csv,1/16/2021 12:00:00 AM,6,-2.7,0,0,78,41,-98.01935,-2.0689657,0,0,0,0,0,0,0,0,0,0,0,0,0,0,0,0,0,0,0,0,0,0,0,0,0,-78.29406571664404,-108.22727384614981,0,0,0,0.00667,0,0,0,0,0.0011137626768196501,0.2875725218873106,0.0010542457698479672,0
..\..\..\files\weather\hourly\Spresiano.csv,1/17/2021 12:00:00 AM,5.8,-3.9,0,0,95,49,-98.01935,-1.7340206,0,0,0,0,0,0,0,0,0,0,0,0,0,0,0,0,0,0,0,0,0,0,0,0,0,-78.29406571664404,-108.22727384614981,0,0,0,0.00667,1.0690024999999963,0,0,0,0.0011748345209003737,0.29255336643364666,0.0010779757563329545,0
..\..\..\files\weather\hourly\Spresiano.csv,1/18/2021 12:00:00 AM,4.3,-2.8,0,0,92,51,-98.01935,-1.3021127,0,0,0,0,0,0,0,0,0,0,0,0,0,0,0,0,0,0,0,0,0,0,0,0,0,-78.29406571664404,-108.22727384614981,0,0,0,0.00667,0,0,0,0,0.0011376171791309265,0.3019980013916064,0.0011242259465094053,0
..\..\..\files\weather\hourly\Spresiano.csv,1/19/2021 12:00:00 AM,5.7,-4,0,0,99,51,-98.01935,-1.6747422,0,0,0,0,0,0,0,0,0,0,0,0,0,0,0,0,0,0,0,0,0,0,0,0,0,-78.29406571664404,-108.22727384614981,0,0,0,0.00667,1.0568034999999938,0,0,0,0.0013278047783328846,0.31200973598501447,0.0011750902992543823,0
..\..\..\files\weather\hourly\Spresiano.csv,1/20/2021 12:00:00 AM,5.5,-4.8,0,0,96,58,-98.01935,-1.4684466,0,0,0,0,0,0,0,0,0,0,0,0,0,0,0,0,0,0,0,0,0,0,0,0,0,-78.29406571664404,-108.22727384614981,0,0,0,0.00667,1.0733834999999985,0,0,0,0.0012978932337451203,0.320919093932092,0.001221989638711766,0
..\..\..\files\weather\hourly\Spresiano.csv,1/21/2021 12:00:00 AM,4.2,-3.2,0.2,2,99,69,-98.01935,-1.1918918,0,0,0,0,0,0,0,0,0,0,0,0,0,0,0,0,0,0,0,0,0,0,0,0,0,-78.29406571664404,-108.22727384614981,0,0,0,0.04555995657963896,1.0690024999999963,0,0,0,0.0011255967889421173,0.3354918870890531,0.001302133808446049,0
..\..\..\files\weather\hourly\Spresiano.csv,1/22/2021 12:00:00 AM,6.5,0.2,2.8,10,100,82,-98.01935,-3.1499999,0,0,0,0,0,0,0,0,0,0,0,0,0,0,0,0,0,0,0,0,0,0,0,0,0,-78.29406571664404,-118.64394051778353,0,0,0,0.9842925058604478,1.0127274999999898,0.002,0,0,0.0014581582935815083,0.3624125653243394,0.0014619564770102786,0
..\..\..\files\weather\hourly\Spresiano.csv,1/23/2021 12:00:00 AM,10.2,5.5,46.2,24,100,94,-98.01509,-2.3457446,0.004255311,0,0,0,0,0,0,0,0,0,0,0,0,0,0,0,0,0,0,0,0,0,0,0,0,-78.29406571664404,-126.4606072400812,0,0,0.2107688025214582,3,1.0568034999999938,0,0.22274120819548454,0,0.0023916039246058424,0.40101002753328807,0.0017198749568880535,0
..\..\..\files\weather\hourly\Spresiano.csv,1/24/2021 12:00:00 AM,9.1,2.2,14.6,24,100,96,-98.01509,-3.45,0,0,0,0,0,0,0,0,0,0,0,0,0,0,0,0,0,0,0,0,0,0,0,0,8.332425952073914,-69.96163976457012,-124.7048891231843,0,0,0,3,1.039618500000003,0,0,0,0.0020399965397414153,0.43816195612942505,0.002003352174235271,0
..\..\..\files\weather\hourly\Spresiano.csv,1/25/2021 12:00:00 AM,9.5,0.4,0,10,100,55,-98.01509,-4.5499997,0,0,0,0,0,0,0,0,0,0,0,0,0,0,0,0,0,0,0,0,0,0,0,0,0,-69.96163976457012,-124.7048891231843,0,0,0,2.2519850541079602,0,0,0,0,0.002011814987055983,0.46355168437758915,0.002218829807574659,0
..\..\..\files\weather\hourly\Spresiano.csv,1/26/2021 12:00:00 AM,7.8,-0.3,0,0,95,54,-98.01509,-3.7555556,0,0,0,0,0,0,0,0,0,0,0,0,0,0,0,0,0,0,0,0,0,0,0,0,0,-69.96163976457012,-124.7048891231843,0,0,0,0.00667,0,0,0,0,0.0017136213492102324,0.48686577388252544,0.0024334412886277057,0
..\..\..\files\weather\hourly\Spresiano.csv,1/27/2021 12:00:00 AM,8.9,-2.6,0,0,93,49,-98.01509,-3.4439127,0,0,0,0,0,0,0,0,0,0,0,0,0,0,0,0,0,0,0,0,0,0,0,0,0,-69.96163976457012,-124.7048891231843,0,0,0,0.00667,0,0,0,0,0.0014581582935815083,0.49806617994020236,0.002542540981717695,0
..\..\..\files\weather\hourly\Spresiano.csv,1/28/2021 12:00:00 AM,4.6,-4.1,0,0,94,58,-98.01509,-1.216092,0,0,0,0,0,0,0,0,0,0,0,0,0,0,0,0,0,0,0,0,0,0,0,0,0,-69.96163976457012,-124.7048891231843,0,0,0,0.00667,0.9298275000000018,0,0,0,0.0011748345209003737,0.5079730831116094,0.0026424065896847515,0
..\..\..\files\weather\hourly\Spresiano.csv,1/29/2021 12:00:00 AM,5.1,-4.4,0,0,94,58,-98.01509,-1.3689473,0,0,0,0,0,0,0,0,0,0,0,0,0,0,0,0,0,0,0,0,0,0,0,0,0,-69.96163976457012,-124.7048891231843,0,0,0,0.00667,0.18677850000000262,0,0,0,0.0012409675178270795,0.5177286827426434,0.002743913110152865,0
..\..\..\files\weather\hourly\Spresiano.csv,1/30/2021 12:00:00 AM,6,-2.4,0,1,91,66,-98.01509,-2.1428573,0,0,0,0,0,0,0,0,0,0,0,0,0,0,0,0,0,0,0,0,0,0,0,0,0,-69.96163976457012,-124.7048891231843,0,0,0,0.00667,0.18677850000000262,0,0,0,0.0013746052133827165,0.5333449935709199,0.0029131289531688326,0
..\..\..\files\weather\hourly\Spresiano.csv,1/31/2021 12:00:00 AM,7.4,-2.2,1.6,3,100,77,-98.01509,-2.8520834,0,0,0,0,0,0,0,0,0,0,0,0,0,0,0,0,0,0,0,0,0,0,0,0,0,-69.96163976457012,-124.7048891231843,0,0,0,0.7878724292355119,1.0733834999999985,0.002,0,0,0.0016284739354831858,0.5539350362630482,0.003149372136872252,0
..\..\..\files\weather\hourly\Spresiano.csv,2/1/2021 12:00:00 AM,8.4,1.6,13.400001,9,100,70,-98.01509,-3.4,0,0,0,0,0,0,0,0,0,0,0,0,0,0,0,0,0,0,0,0,0,0,0,0,0,-69.96163976457012,-133.7215557739564,1.2455245007216177E-31,0,0,3,0.9732984999999914,0,0,0,0.0018540273692963535,0.5881726664600816,0.0035771405530219563,0
..\..\..\files\weather\hourly\Spresiano.csv,2/2/2021 12:00:00 AM,8.7,-1,0,1,99,58,-98.01509,-3.9015462,0,0,0,0,0,0,0,0,0,0,0,0,0,0,0,0,0,0,0,0,0,0,0,0,0,-69.96163976457012,-133.7215557739564,3.638000204895024E-31,1.2455245007216177E-31,0,0.6310587482564946,1.0586914999999948,0,0,0,0.0018054212389029313,0.60947877232218,0.0038666752396497553,0
..\..\..\files\weather\hourly\Spresiano.csv,2/3/2021 12:00:00 AM,10,1.4,0,0,100,63,-98.01509,-4.2999997,0,0,0,0,0,0,0,0,0,0,0,0,0,0,0,0,0,0,0,0,0,0,0,0,5.3021729079688855,-64.65946685660124,-133.7215557739564,1.0535796071059501E-30,4.883524705616642E-31,0,0.00667,1.0127274999999898,0,0,0,0.0022875229687335298,0.6383346778085396,0.004289173663080024,0
..\..\..\files\weather\hourly\Spresiano.csv,2/4/2021 12:00:00 AM,8.3,3.2,0,9,100,85,-98.01509,-2.55,0,0,0,0,0,0,0,0,0,0,0,0,0,0,0,0,0,0,0,0,0,0,0,0,0,-64.65946685660124,-133.7215557739564,3.025284241227858E-30,1.5419320776676143E-30,0,0.00667,1.039618500000003,0,0,0,0.0018294894930725907,0.6708322400870645,0.0048093619210371735,0
..\..\..\files\weather\hourly\Spresiano.csv,2/5/2021 12:00:00 AM,9.5,5.9,0,11,100,87,-98.01509,-1.7999997,0,0,0,0,0,0,0,0,0,0,0,0,0,0,0,0,0,0,0,0,0,0,0,0,0,-64.65946685660124,-133.7215557739564,8.613094394656123E-30,4.567216318895472E-30,0,0.00667,1.039618500000003,0,0,0,0.002158636467054675,0.7095986453654822,0.005495759427720199,0
..\..\..\files\weather\hourly\Spresiano.csv,2/6/2021 12:00:00 AM,12.2,6.8,0,0,100,71,-97.56694,-2.2518518,0.4481481,0,0,0,0,0,0,0,0,0,0,0,0,0,0,0,0,0,0,0,0,0,0,0,0,-64.65946685660124,-133.7215557739564,2.4313440644884878E-29,1.3180310713551597E-29,0,0.00667,1.039618500000003,0,0,0,0.003296236238768378,0.761750648614311,0.00654177933491523,0
..\..\..\files\weather\hourly\Spresiano.csv,2/7/2021 12:00:00 AM,10.3,7.9,0,0,100,96,-97.54819,-1.1812502,0.018750023,0,0,0,0,0,0,0,0,0,0,0,0,0,0,0,0,0,0,0,0,0,0,0,0,-64.65946685660124,-133.7215557739564,6.80499527247714E-29,3.7493751358436475E-29,0.05480893169436565,0.00667,1.0699464999999933,0,0.05864262463512522,0,0.002427815626456659,0.8098804333627656,0.007643253424690474,0
..\..\..\files\weather\hourly\Spresiano.csv,2/8/2021 12:00:00 AM,11.3,7.8,12,20,100,92,-97.306755,-1.5085714,0.24142864,0,0,0,0,0,0,0,0,0,0,0,0,0,0,0,0,0,0,0,0,0,0,0,0,-64.65946685660124,-133.7215557739564,1.8884410270589292E-28,1.0554370408320788E-28,0,2.371771611907733,1.0127274999999898,0,0,0,0.002837556798434005,0.8647920971921175,0.009074726740901103,0
..\..\..\files\weather\hourly\Spresiano.csv,2/9/2021 12:00:00 AM,11.7,7,2.6,9,100,61,-96.999306,-2.0425537,0.30744675,0,0,0,0,0,0,0,0,0,0,0,0,0,0,0,0,0,0,0,0,0,0,0,0,-64.65946685660124,-133.7215557739564,5.196048771257213E-28,2.943878067891008E-28,0,2.8123682055731622,1.0568034999999938,0,0,0,0.0028838639371310936,0.9094579582816319,0.010388115680331201,0
..\..\..\files\weather\hourly\Spresiano.csv,2/10/2021 12:00:00 AM,12.3,6.7,0.4,5,100,68,-96.526985,-2.3276787,0.47232148,0,0,0,0,0,0,0,0,0,0,0,0,0,0,0,0,0,0,0,0,0,0,0,0,-64.65946685660124,-133.7215557739564,1.4175461377465787E-27,8.139926839148221E-28,0,0.12339360574051833,1.0127274999999898,0,0,0,0.003353566358764844,0.9569915409637584,0.011944189186299092,0
..\..\..\files\weather\hourly\Spresiano.csv,2/11/2021 12:00:00 AM,9.9,6.8,21.2,18,100,93,-96.526985,-1.5500002,0,0,0,0,0,0,0,0,0,0,0,0,0,0,0,0,0,0,0,0,0,0,0,0,0,-64.65946685660124,-133.7215557739564,3.834382022407671E-27,2.2315388216614008E-27,0,3,1.0127274999999898,0,0,0,0.0022875229687335298,1.0018036158668022,0.013570885526030632,0
..\..\..\files\weather\hourly\Spresiano.csv,2/12/2021 12:00:00 AM,7.9,2.4,0,7,100,58,-96.526985,-2.75,0,0,0,0,0,0,0,0,0,0,0,0,0,0,0,0,0,0,0,0,0,0,0,0,0,-64.65946685660124,-133.7215557739564,1.0283660936255485E-26,6.0659208440690724E-27,0,2.531737766456732,0,0,0,0,0.001735922182274986,1.035823449512658,0.014915396950447817,0
..\..\..\files\weather\hourly\Spresiano.csv,2/13/2021 12:00:00 AM,2.3,-1,0,0,59,46,-96.526985,-0.80151516,0,0,0,0,0,0,0,0,0,0,0,0,0,0,0,0,0,0,0,0,0,0,0,0,9.012734311373972,-55.646732545227266,-133.7215557739564,2.734603156634014E-26,1.6349581780324556E-26,0,0.00667,0,0,0,0,0.0009287185922224728,1.0525163966762459,0.015611153271601303,0
..\..\..\files\weather\hourly\Spresiano.csv,2/14/2021 12:00:00 AM,2.8,-3.1,0,0,61,31,-96.526985,-0.6644068,0,0,0,0,0,0,0,0,0,0,0,0,0,0,0,0,0,0,0,0,0,0,0,0,0,-55.646732545227266,-133.7215557739564,7.209996684902884E-26,4.36956133466647E-26,0,0.00667,0,0,0,0,0.0008145606040122795,1.0556820912915994,0.015745833651264366,0
..\..\..\files\weather\hourly\Spresiano.csv,2/15/2021 12:00:00 AM,7.1,-6,0,0,83,20,-96.526985,-1.9240457,0,0,0,0,0,0,0,0,0,0,0,0,0,0,0,0,0,0,0,0,0,0,0,0,0,-55.646732545227266,-133.7215557739564,1.8848205655734286E-25,1.1579558019569354E-25,0,0.00667,0,0,0,0,0.0009198025118796108,1.0574468521660545,0.01582129500676666,0
..\..\..\files\weather\hourly\Spresiano.csv,2/16/2021 12:00:00 AM,6.3,-4.9,0,0,81,32,-96.526985,-1.771875,0,0,0,0,0,0,0,0,0,0,0,0,0,0,0,0,0,0,0,0,0,0,0,0,0,-55.646732545227266,-133.7215557739564,4.885389009389487E-25,3.042776367530364E-25,0,0.00667,0,0,0,0,0.0010682146271523754,1.060109750392588,0.015935679854703223,0
..\..\..\files\weather\hourly\Spresiano.csv,2/17/2021 12:00:00 AM,7.5,-3.8,0,0,90,39,-96.526985,-2.488938,0,0,0,0,0,0,0,0,0,0,0,0,0,0,0,0,0,0,0,0,0,0,0,0,0,-55.646732545227266,-133.7215557739564,1.255516668304633E-24,7.928165376919851E-25,0,0.00667,0.9298275000000018,0,0,0,0.001213872650300547,1.0692499211146709,0.016333070954724038,0
..\..\..\files\weather\hourly\Spresiano.csv,2/18/2021 12:00:00 AM,10.2,-1.8,0,0,96,50,-96.52532,-4.336666,0.0016666636,0,0,0,0,0,0,0,0,0,0,0,0,0,0,0,0,0,0,0,0,0,0,0,0,-55.646732545227266,-133.7215557739564,3.1991898044294607E-24,2.0483332059966183E-24,0,0.00667,0.5048235000000005,0,0,0,0.0016702558703905386,1.0807062928447915,0.016841703935959358,0
..\..\..\files\weather\hourly\Spresiano.csv,2/19/2021 12:00:00 AM,9.4,2.5,0,0,88,62,-96.52532,-3.4499998,0,0,0,0,0,0,0,0,0,0,0,0,0,0,0,0,0,0,0,0,0,0,0,0,0,-55.646732545227266,-133.7215557739564,8.08261186088858E-24,5.247523010426079E-24,0,0.00667,0.6777634999999975,0,0,0,0.002128057831466768,1.1162444250729393,0.01849572327125416,0
..\..\..\files\weather\hourly\Spresiano.csv,2/20/2021 12:00:00 AM,10.3,5.7,0,0,88,64,-96.51554,-2.2902176,0.009782621,0,0,0,0,0,0,0,0,0,0,0,0,0,0,0,0,0,0,0,0,0,0,0,0,-55.646732545227266,-133.7215557739564,2.0246857819068038E-23,1.333013487131466E-23,0,0.00667,0.5952024999999992,0,0,0,0.0023916039246058424,1.1557973470488343,0.020476533554770623,0
..\..\..\files\weather\hourly\Spresiano.csv,2/21/2021 12:00:00 AM,12.1,2.6,0,0,100,58,-96.28343,-4.517895,0.23210536,0,0,0,0,0,0,0,0,0,0,0,0,0,0,0,0,0,0,0,0,0,0,0,0,-55.646732545227266,-133.7215557739564,5.028723244011447E-23,3.35769926903827E-23,0,0.00667,1.0586914999999948,0,0,0,0.002158636467054675,1.1825598610317598,0.02190344393553088,0
..\..\..\files\weather\hourly\Spresiano.csv,2/22/2021 12:00:00 AM,13,5.6,0,0,95,58,-95.67532,-3.0918922,0.6081081,0,0,0,0,0,0,0,0,0,0,0,0,0,0,0,0,0,0,0,0,0,0,0,0,-55.646732545227266,-133.7215557739564,1.2383745812199487E-22,8.386422513049716E-23,0,0.00667,1.036786499999998,0,0,0,0.0025808319439604615,1.2095696283320565,0.02341665255040651,0
..\..\..\files\weather\hourly\Spresiano.csv,2/23/2021 12:00:00 AM,13.8,4.7,0,11,100,60,-94.88192,-3.7565935,0.79340667,0,0,0,0,0,0,0,0,0,0,0,0,0,0,0,0,0,0,0,0,0,0,0,2.3568003859684925,-53.289932159258775,-133.7215557739564,3.0237126435269095E-22,2.0770168325249203E-22,0,0.00667,1.0127274999999898,0,0,0,0.0031856629874382945,1.2435655403971917,0.02542854253218778,0
..\..\..\files\weather\hourly\Spresiano.csv,2/24/2021 12:00:00 AM,12.8,2.9,0,17,100,78,-94.48596,-4.5540404,0.39595968,0,0,0,0,0,0,0,0,0,0,0,0,0,0,0,0,0,0,0,0,0,0,0,0,-53.289932159258775,-133.7215557739564,7.320204185539895E-22,5.10072947605183E-22,0,0.00667,1.0127274999999898,0,0,0,0.0036623826052995857,1.2890651691847874,0.02831420906707077,0
..\..\..\files\weather\hourly\Spresiano.csv,2/25/2021 12:00:00 AM,23.4,1.4,0,8,100,24,-90.40505,-6.919091,4.080909,0,0,0,0,0,0,0,0,0,0,0,0,0,0,0,0,0,0,0,0,0,0,0,0,-53.289932159258775,-133.7215557739564,1.757114517531079E-21,1.2420933661591725E-21,0.22841506569382938,0.00667,0,0,0,0,0.002792303379174842,1.30058538705611,0.029080766715474264,0
..\..\..\files\weather\hourly\Spresiano.csv,2/26/2021 12:00:00 AM,22.6,5.4,0,1,94,26,-85.78993,-3.9848838,4.6151166,0,0,0,0,0,0,0,0,0,0,0,0,0,0,0,0,0,0,0,0,0,0,0,0,-53.289932159258775,-133.7215557739564,4.181875809074221E-21,2.9992078836902514E-21,0,0.00667,1.0568034999999938,0,0,0,0.0022217299044216834,1.3126624449122175,0.02990024140046963,0
..\..\..\files\weather\hourly\Spresiano.csv,2/27/2021 12:00:00 AM,20.1,3.2,0,0,94,34,-82.77188,-5.431953,3.0180478,0,0,0,0,0,0,0,0,0,0,0,0,0,0,0,0,0,0,0,0,0,0,0,0,-53.289932159258775,-133.7215557739564,9.868164671909117E-21,7.181083692764472E-21,0,0.00667,0.7525065000000026,0,0,0,0.0024648213336230253,1.3327236904449995,0.031297750249616806,0
..\..\..\files\weather\hourly\Spresiano.csv,2/28/2021 12:00:00 AM,18.1,4.2,0,0,93,43,-80.41181,-4.5899277,2.3600721,0,0,0,0,0,0,0,0,0,0,0,0,0,0,0,0,0,0,0,0,0,0,0,0,-53.289932159258775,-133.7215557739564,2.308850629831846E-20,1.7049248364673588E-20,0,0.00667,0,0,0,0,0.0017136213492102324,1.3463034793678041,0.03226973017315227,0
..\..\..\files\weather\hourly\Spresiano.csv,3/1/2021 12:00:00 AM,13.3,1.2,0,0,86,37,-79.961815,-5.6000004,0.45000005,0,0,0,0,0,0,0,0,0,0,0,0,0,0,0,0,0,0,0,0,0,0,0,0,-53.289932159258775,-133.7215557739564,5.356109894466298E-20,4.013775466299205E-20,0,0.00667,0,0,0,0,0.0015882012681525356,1.3625549389511584,0.033460823735045164,0
..\..\..\files\weather\hourly\Spresiano.csv,3/2/2021 12:00:00 AM,17.2,0,0,0,88,22,-78.45484,-7.0930233,1.506977,0,0,0,0,0,0,0,0,0,0,0,0,0,0,0,0,0,0,0,0,0,0,0,0,-53.289932159258775,-133.7215557739564,1.2319620034725914E-19,9.369885360765502E-20,0,0.00667,0,0,0,0,0.0015119084059916806,1.3724485340409858,0.03420094922572465,0
..\..\..\files\weather\hourly\Spresiano.csv,3/3/2021 12:00:00 AM,16.3,2.5,0,0,84,33,-77.0168,-5.4619565,1.4380432,0,0,0,0,0,0,0,0,0,0,0,0,0,0,0,0,0,0,0,0,0,0,0,0,-53.289932159258775,-133.7215557739564,2.8095666569945068E-19,2.1689505395491416E-19,0,0.00667,0.5048235000000005,0,0,0,0.0018054212389029313,1.3898805637886056,0.03553290835199983,0
..\..\..\files\weather\hourly\Spresiano.csv,3/4/2021 12:00:00 AM,15.7,0.6,0,0,93,36,-75.94097,-6.4741716,1.0758278,0,0,0,0,0,0,0,0,0,0,0,0,0,0,0,0,0,0,0,0,0,0,0,0,-53.289932159258775,-133.7215557739564,6.352951787502415E-19,4.978517196543648E-19,0,0.00667,0.8785384999999977,0,0,0,0.0018294894930725907,1.4055519365883304,0.03676098229010029,0
..\..\..\files\weather\hourly\Spresiano.csv,3/5/2021 12:00:00 AM,12.4,2.5,0,7,100,67,-75.65006,-4.659091,0.29090902,0,0,0,0,0,0,0,0,0,0,0,0,0,0,0,0,0,0,0,0,0,0,0,0,-53.94130225275173,-133.7215557739564,1.4243147483168094E-18,1.1331468984046062E-18,0,0.00667,1.039618500000003,0,0,0,0.003296236238768378,1.4435585066499288,0.039861492556823516,0
..\..\..\files\weather\hourly\Spresiano.csv,3/6/2021 12:00:00 AM,14.5,4.5,5.2,11,100,54,-74.637566,-3.9875,1.0125,0,0,0,0,0,0,0,0,0,0,0,0,0,0,0,0,0,0,0,0,0,0,0,0,-53.94130225275173,-133.7215557739564,3.1661433612681055E-18,2.5574616467214153E-18,0,1.1023595086947642,1.0733834999999985,0.002,0,0,0.0031323391049276825,1.4770213138559234,0.04273674861577977,1
..\..\..\files\weather\hourly\Spresiano.csv,3/7/2021 12:00:00 AM,9.6,0.6,0,1,90,40,-74.637566,-4.5000005,0,0,0,0,0,0,0,0,0,0,0,0,0,0,0,0,0,0,0,0,0,0,0,0,0,-53.94130225275173,-133.7215557739564,6.978295764184567E-18,5.723605007989521E-18,0,1.1811604058737932,0,0,0,0,0.0013907440177368276,1.495204782838001,0.04435707865977951,0
..\..\..\files\weather\hourly\Spresiano.csv,3/8/2021 12:00:00 AM,10.3,-1.9,0,0,95,43,-74.63388,-4.3516393,0.0036885294,0,0,0,0,0,0,0,0,0,0,0,0,0,0,0,0,0,0,0,0,0,0,0,0,-53.94130225275173,-133.7215557739564,1.5249737276885144E-17,1.2701900772174089E-17,0,0.00667,1.0690024999999963,0,0,0,0.0014757595925455225,1.5056105814719782,0.04530286197026646,0
..\..\..\files\weather\hourly\Spresiano.csv,3/9/2021 12:00:00 AM,11.3,-1.6,0,5,99,47,-74.568375,-5.0147285,0.065503895,0,0,0,0,0,0,0,0,0,0,0,0,0,0,0,0,0,0,0,0,0,0,0,0,-53.94130225275173,-133.7215557739564,3.3042244729999344E-17,2.7951638049059237E-17,0,0.00667,1.0699464999999933,0,0,0,0.0017586486824907532,1.5197681414451931,0.04661142203422613,0
..\..\..\files\weather\hourly\Spresiano.csv,3/10/2021 12:00:00 AM,12.6,1.3,0,0,95,38,-74.26926,-5.3508854,0.29911512,0,0,0,0,0,0,0,0,0,0,0,0,0,0,0,0,0,0,0,0,0,0,0,0,-53.94130225275173,-133.7215557739564,7.098570792652791E-17,6.099388277905858E-17,0,0.00667,0,0,0,0,0.0016491717035119111,1.534569605068159,0.04800647893838878,0
..\..\..\files\weather\hourly\Spresiano.csv,3/11/2021 12:00:00 AM,13,0.4,0,0,81,37,-73.91212,-5.942857,0.35714284,0,0,0,0,0,0,0,0,0,0,0,0,0,0,0,0,0,0,0,0,0,0,0,0,-53.94130225275173,-133.7215557739564,1.512051156325584E-16,1.3197959070558648E-16,0,0.00667,0,0,0,0,0.001440862877882065,1.5477806118174497,0.04927504963198725,0
..\..\..\files\weather\hourly\Spresiano.csv,3/12/2021 12:00:00 AM,10.7,1.8,1,2,100,57,-73.88459,-4.4224715,0.027528077,0,0,0,0,0,0,0,0,0,0,0,0,0,0,0,0,0,0,0,0,0,0,0,0,-53.94130225275173,-133.7215557739564,3.19342149312928E-16,2.831847063381449E-16,0,0.5136365715769443,1.0127274999999898,0.002,0,0,0.0020687538040578706,1.5697580626973202,0.051434621521546584,1
..\..\..\files\weather\hourly\Spresiano.csv,3/13/2021 12:00:00 AM,13.2,4.2,0.2,10,100,65,-73.315704,-3.931111,0.56888884,0,0,0,0,0,0,0,0,0,0,0,0,0,0,0,0,0,0,0,0,0,0,0,0,-53.94130225275173,-133.7215557739564,6.687136615896137E-16,6.025268556510729E-16,0,0.8663867168753693,1.0127274999999898,0,0,0,0.0035342403238720604,1.60642051851338,0.05517501368771775,0
..\..\..\files\weather\hourly\Spresiano.csv,3/14/2021 12:00:00 AM,15,2.4,0,11,100,53,-72.32364,-5.307936,0.99206346,0,0,0,0,0,0,0,0,0,0,0,0,0,0,0,0,0,0,0,0,0,0,0,0,-53.94130225275173,-133.7215557739564,1.3884119408267953E-15,1.2712405172406865E-15,0,0.00667,1.039618500000003,0,0,0,0.003240282403682738,1.6310146153415999,0.05778147128428042,0
..\..\..\files\weather\hourly\Spresiano.csv,3/15/2021 12:00:00 AM,10.4,2.4,6.3999996,10,100,64,-72.31364,-3.9899995,0.009999982,0,0,0,0,0,0,0,0,0,0,0,0,0,0,0,0,0,0,0,0,0,0,0,0,-59.55337352267132,-133.7215557739564,2.8581872458076694E-15,2.6596524580674818E-15,0,1.2600329157801684,1.0568034999999938,0,0,0,0.0024648213336230253,1.664251564578203,0.061428918164984574,1
..\..\..\files\weather\hourly\Spresiano.csv,3/16/2021 12:00:00 AM,12.1,0,0,1,99,49,-72.13141,-5.867769,0.18223147,0,0,0,0,0,0,0,0,0,0,0,0,0,0,0,0,0,0,0,0,0,0,0,0,-59.55337352267132,-133.7215557739564,5.8338761661515515E-15,5.517839703875151E-15,0,1.2600329157801684,1.036786499999998,0,0,0,0.0019571216156802533,1.684521087174329,0.06372418573941785,0
..\..\..\files\weather\hourly\Spresiano.csv,3/17/2021 12:00:00 AM,15.6,0.5,0,0,98,16,-71.092995,-6.5115895,1.0384107,0,0,0,0,0,0,0,0,0,0,0,0,0,0,0,0,0,0,0,0,0,0,0,0,-59.55337352267132,-133.7215557739564,1.1806411827778776E-14,1.1351715870026703E-14,0,0.00667,0,0,0,0,0.0015119084059916806,1.6930672221907572,0.06470806917968373,0
..\..\..\files\weather\hourly\Spresiano.csv,3/18/2021 12:00:00 AM,13.2,0.1,0,0,65,27,-70.702156,-6.1591606,0.39083967,0,0,0,0,0,0,0,0,0,0,0,0,0,0,0,0,0,0,0,0,0,0,0,0,-59.55337352267132,-133.7215557739564,2.3690424481371132E-14,2.315812769780548E-14,0,0.00667,0,0,0,0,0.0014071622985929214,1.7036904532336086,0.06594444892729387,0
..\..\..\files\weather\hourly\Spresiano.csv,3/19/2021 12:00:00 AM,11.5,0,0,0,95,23,-70.60433,-5.652174,0.097826086,0,0,0,0,0,0,0,0,0,0,0,0,0,0,0,0,0,0,0,0,0,0,0,0,-59.55337352267132,-133.7215557739564,4.7132659865316475E-14,4.684855217917661E-14,0,0.00667,0,0,0,0,0.001493673844397198,1.7157654255272416,0.06736779937304055,0
..\..\..\files\weather\hourly\Spresiano.csv,3/20/2021 12:00:00 AM,9.8,1.7,0,0,89,39,-70.60433,-4.05,0,0,0,0,0,0,0,0,0,0,0,0,0,0,0,0,0,0,0,0,0,0,0,0,0,-59.55337352267132,-133.7215557739564,9.297479909535091E-14,9.398121204449308E-14,0,0.00667,0,0,0,0,0.0013907440177368276,1.7324821163117252,0.06936995726894775,0
..\..\..\files\weather\hourly\Spresiano.csv,3/21/2021 12:00:00 AM,9.8,-2.5,0,0,92,35,-70.60433,-3.9040651,0,0,0,0,0,0,0,0,0,0,0,0,0,0,0,0,0,0,0,0,0,0,0,0,0,-59.55337352267132,-133.7215557739564,1.8184557623815902E-13,1.86956011139844E-13,0,0.00667,0,0,0,0,0.0012689613162352462,1.7429707293267138,0.07064496270546859,0
..\..\..\files\weather\hourly\Spresiano.csv,3/22/2021 12:00:00 AM,9.7,-3.7,0,0,79,23,-70.60433,-3.5108209,0,0,0,0,0,0,0,0,0,0,0,0,0,0,0,0,0,0,0,0,0,0,0,0,0,-59.55337352267132,-133.7215557739564,3.5264231573089666E-13,3.68801587378003E-13,0,0.00667,0,0,0,0,0.0009752741582279913,1.749005748930471,0.0713851528266954,0
..\..\..\files\weather\hourly\Spresiano.csv,3/23/2021 12:00:00 AM,14.3,-2.7,0,0,72,24,-70.06051,-6.5582356,0.5438236,0,0,0,0,0,0,0,0,0,0,0,0,0,0,0,0,0,0,0,0,0,0,0,0,-59.55337352267132,-133.7215557739564,6.780477850509936E-13,7.214439031088996E-13,0,0.00667,0,0,0,0,0.0014757595925455225,1.7564415368747381,0.07230374429020288,0
..\..\..\files\weather\hourly\Spresiano.csv,3/24/2021 12:00:00 AM,13.6,0.7,0,0,79,31,-69.55818,-5.9476748,0.50232565,0,0,0,0,0,0,0,0,0,0,0,0,0,0,0,0,0,0,0,0,0,0,0,0,-59.55337352267132,-133.7215557739564,1.2926482749770453E-12,1.3994916881598933E-12,0,0.00667,0,0,0,0,0.0012978932337451203,1.7675538219727644,0.07369009602489002,0
..\..\..\files\weather\hourly\Spresiano.csv,3/25/2021 12:00:00 AM,15.4,-0.1,0,0,82,29,-68.61754,-8.590967,0.94064504,0,0,0,0,0,0,0,0,0,0,0,0,0,0,0,0,0,0,0,0,0,0,0,0,-65.10380510316158,-133.7215557739564,2.443400355972744E-12,2.6921399631369386E-12,0,0.00667,0.06512749999999556,0,0,0,0.0015686089880832515,1.7787875848619192,0.07510814059472914,0
..\..\..\files\weather\hourly\Spresiano.csv,3/26/2021 12:00:00 AM,16.7,1.2,0,0,92,43,-67.16947,-6.301936,1.4480648,0,0,0,0,0,0,0,0,0,0,0,0,0,0,0,0,0,0,0,0,0,0,0,0,-65.10380510316158,-133.7215557739564,4.579342083472822E-12,5.135540319109683E-12,0,0.00667,0.8194314999999932,0,0,0,0.002254280029667379,1.7962531811155846,0.07734584591822591,0
..\..\..\files\weather\hourly\Spresiano.csv,3/27/2021 12:00:00 AM,17.3,2.1,0,4,99,41,-65.41651,-5.8470397,1.7529603,0,0,0,0,0,0,0,0,0,0,0,0,0,0,0,0,0,0,0,0,0,0,0,0,-65.10380510316158,-133.7215557739564,8.509533141098259E-12,9.714882402582505E-12,0,0.00667,0.9298275000000018,0,0,0,0.002427815626456659,1.8141688856119662,0.07968293965971465,0
..\..\..\files\weather\hourly\Spresiano.csv,3/28/2021 12:00:00 AM,16.2,6.1,0,3,100,56,-63.513542,-3.1470299,1.9029707,0,0,0,0,0,0,0,0,0,0,0,0,0,0,0,0,0,0,0,0,0,0,0,0,-65.10380510316158,-133.7215557739564,1.5678430074001E-11,1.8224415543680764E-11,0.17563692799999997,0.00667,1.0586914999999948,0,0.18594532275971104,0,0.004012593522207451,1.8559191897994296,0.08529287681541063,0
..\..\..\files\weather\hourly\Spresiano.csv,3/29/2021 12:00:00 AM,16.8,8.7,0,6,100,66,-60.65922,-1.1956797,2.8543205,0,0,0,0,0,0,0,0,0,0,0,0,0,0,0,0,0,0,0,0,0,0,0,0,-65.10380510316158,-133.7215557739564,2.8641357966792003E-11,3.390284561768176E-11,0.004286596998400039,0.00667,1.0127274999999898,0,0,0,0.005277799303392242,1.9084412232118155,0.09267390939193597,0
..\..\..\files\weather\hourly\Spresiano.csv,3/30/2021 12:00:00 AM,19.5,7.3,0,3,100,49,-56.96045,-2.401229,3.6987705,0,0,0,0,0,0,0,0,0,0,0,0,0,0,0,0,0,0,0,0,0,0,0,0,-65.10380510316158,-133.7215557739564,5.1877474978454216E-11,6.254420358447376E-11,0,0.00667,1.039618500000003,0,0,0,0.004165788379616633,1.9432727981967006,0.09776622683463537,0
..\..\..\files\weather\hourly\Spresiano.csv,3/31/2021 12:00:00 AM,23.4,5,0,8,100,32,-52.0811,-4.3206525,4.8793473,0,0,0,0,0,0,0,0,0,0,0,0,0,0,0,0,0,0,0,0,0,0,0,0,-65.10380510316158,-133.7215557739564,9.316617089492593E-11,1.1442167856292797E-10,0.08894402745566253,0.00667,0.3006114999999987,0,0.02673759750948778,0,0.004676907099441197,1.9690922489401688,0.10164163675193859,0
..\..\..\files\weather\hourly\Spresiano.csv,4/1/2021 12:00:00 AM,24.6,7.2,0,0,93,28,-45.955814,-2.5747128,6.125287,0,0,0,0,0,0,0,0,0,0,0,0,0,0,0,0,0,0,0,0,0,0,0,0,-65.10380510316158,-133.7215557739564,1.658944495769609E-10,2.075878494578539E-10,0.38881849714618344,0.00667,0,0,0,0,0.003597510089917897,1.9909151609464755,0.10498346357467069,0
..\..\..\files\weather\hourly\Spresiano.csv,4/2/2021 12:00:00 AM,24.5,7.9,0,0,91,38,-39.622982,-1.9671698,6.3328314,0,0,0,0,0,0,0,0,0,0,0,0,0,0,0,0,0,0,0,0,0,0,1.1930034502768443,0,-63.91080165288473,-133.7215557739564,2.9288670466057007E-10,3.734822990348148E-10,0.4604444841547959,0.00667,0.8194314999999932,0,0.37730271431768747,0,0.005987317765432713,2.0273743867178893,0.11070078344693421,0
..\..\..\files\weather\hourly\Spresiano.csv,4/3/2021 12:00:00 AM,23.3,7.9,7.2,4,100,39,-33.8798,-1.9568181,5.743181,0,0,0,0,0,0,0,0,0,0,0,0,0,0,0,0,0,0,0,0,0,0,1.1904267227351535,0,-62.72037493014958,-133.7215557739564,5.126980339852042E-10,6.663690036953849E-10,0.6550556597200801,1.4179929383052292,1.0127274999999898,0,0.6633928806291607,0,0.005501201530539894,2.064802409947009,0.11674249149481478,1
..\..\..\files\weather\hourly\Spresiano.csv,4/4/2021 12:00:00 AM,17,11,0,2,97,38,-29.879799,0,4,0,0,0,0,0,0,0,0,0,0,0,0,0,0,0,0,0,0,0,0,0,0,0.9815162193160353,0,-61.73885871083354,-133.7215557739564,8.898521189856862E-10,1.179067037680589E-09,0.35301413131920006,1.4179929383052292,0,0,0,0,0.003797135744565161,2.1000280371780624,0.12258574831698507,0
..\..\..\files\weather\hourly\Spresiano.csv,4/5/2021 12:00:00 AM,14.4,4.5,0,0,74,34,-28.902021,-3.972222,0.97777766,0,0,0,0,0,0,0,0,0,0,0,0,0,0,0,0,0,0,0,0,0,0,0.9420961927765157,0,-60.79676251805703,-133.7215557739564,1.531327981516717E-09,2.068919156666275E-09,0,0.00667,0,0,0,0,0.0015304705786659098,2.102841815219717,0.12305898889995784,0
..\..\..\files\weather\hourly\Spresiano.csv,4/6/2021 12:00:00 AM,14.8,1.5,0,0,89,36,-28.035856,-5.783834,0.86616546,0,0,0,0,0,0,0,0,0,0,0,0,0,0,0,0,0,0,0,0,0,0,0.7038301759197495,0,-60.092932342137274,-133.7215557739564,2.612839844478466E-09,3.6002471381829922E-09,0,0.00667,0,0,0,0,0.002189854849221603,2.122030623135536,0.12631163452526828,0
..\..\..\files\weather\hourly\Spresiano.csv,4/7/2021 12:00:00 AM,9.5,0.1,0.2,0,84,45,-28.035856,-4.7000003,0,0,0,0,0,0,0,0,0,0,0,0,0,0,0,0,0,0,0,0,0,0,0,0.04007511010212014,0,-60.05285723203516,-133.7215557739564,4.4202980584881775E-09,6.213086982661458E-09,0,0.04555995657963896,0.5048235000000005,0,0,0,0.002158636467054675,2.153406241791249,0.13172430698765786,1
..\..\..\files\weather\hourly\Spresiano.csv,4/8/2021 12:00:00 AM,10.6,-1.1,0,0,89,15,-28.020472,-4.8170943,0.015384634,0,0,0,0,0,0,0,0,0,0,0,0,0,0,0,0,0,0,0,0,0,0,0.5480036854772233,0,-59.50485354655793,-133.7215557739564,7.414545105139347E-09,1.0633385041149635E-08,0,0.04555995657963896,0,0,0,0,0.001440862877882065,2.1610755228512444,0.13306494228859425,0
..\..\..\files\weather\hourly\Spresiano.csv,4/9/2021 12:00:00 AM,13.9,-3.5,0,0,79,20,-27.583403,-5.9890804,0.43706888,0,0,0,0,0,0,0,0,0,0,0,0,0,0,0,0,0,0,0,0,0,0,0.7314544199734453,0,-58.773399126584486,-133.7215557739564,1.2331379427183891E-08,1.8047930146288984E-08,0,0.00667,0,0,0,0,0.0015304705786659098,2.1674940512196783,0.13419220158323855,0
..\..\..\files\weather\hourly\Spresiano.csv,4/10/2021 12:00:00 AM,14.8,3.5,0,0,76,42,-26.563934,-4.6305304,1.019469,0,0,0,0,0,0,0,0,0,0,0,0,0,0,0,0,0,0,0,0,0,0,0.6775667594590816,0,-58.09583236712541,-133.7215557739564,2.0334476806732276E-08,3.0379309573472877E-08,0,0.00667,0,0,0,0,0.0030294273014249205,2.19040625320044,0.13825498141092607,0
..\..\..\files\weather\hourly\Spresiano.csv,4/11/2021 12:00:00 AM,17.6,6,0,3,97,35,-24.07428,-3.310345,2.4896553,0,0,0,0,0,0,0,0,0,0,0,0,0,0,0,0,0,0,0,0,0,0,0.8201860348181605,0,-57.27564633230725,-133.7215557739564,3.32466994308624E-08,5.0713786380205156E-08,0.38881849714618344,0.00667,0,0,0,0,0.0035342403238720604,2.222222378152533,0.1439957795652967,0
..\..\..\files\weather\hourly\Spresiano.csv,4/12/2021 12:00:00 AM,10.6,9,20.800001,24,100,86,-23.96178,-0.68750006,0.112500116,0,0,0,0,0,0,1,0,0,0,0,0,0,0,1,0,0,0,0,0,0,0,-1.4303405847332429,0,-58.70598691704049,-133.7215557739564,5.389621465713916E-08,8.396048581106756E-08,0.12340519363629367,3,1.0127274999999898,0,0.12497583323829833,0,0.0025413064399147393,2.2769514680333556,0.1541336998639846,1
..\..\..\files\weather\hourly\Spresiano.csv,4/13/2021 12:00:00 AM,12.3,7.8,81.8,24,100,99,-23.374002,-1.6622221,0.58777785,0,0,0,0,0,0,1,0,0,0,1,0,1,0,1,0,0,0,1,0,1,0,-1.3079803484445083,0,-60.013967265485,-133.7215557739564,8.66287770499511E-08,1.378567004682067E-07,0,3,1.039618500000003,0.002,0,0,0.003353566358764844,2.342081054226139,0.16661414130113766,1
..\..\..\files\weather\hourly\Spresiano.csv,4/14/2021 12:00:00 AM,11.6,6.4,7,11,100,52,-23.127848,-2.353846,0.24615394,0,0,0,0,0,0,1,0,0,0,0,0,0,0,1,0,0,0,0,0,0,0,-0.10338290701279694,0,-60.117350172497794,-133.7215557739564,1.3805759237964804E-07,2.2448547751815782E-07,0,3,0.8194314999999932,0,0,0,0.0025026440434318857,2.379541914399814,0.17398801240997272,1
..\..\..\files\weather\hourly\Spresiano.csv,4/15/2021 12:00:00 AM,13.3,2.5,0,3,100,30,-22.62368,-4.8958335,0.5041667,0,0,0,0,0,0,0,0,0,0,0,0,0,0,0,0,0,0,0,0,0,0,0.8170436791292345,0,-59.30030649336856,-133.7215557739564,2.1814868517545753E-07,3.625430698978059E-07,0,0.12339360574051833,0,0,0,0,0.0019571216156802533,2.39533723335209,0.1771383564639962,0
..\..\..\files\weather\hourly\Spresiano.csv,4/16/2021 12:00:00 AM,12.1,3.8,0,0,91,40,-22.358017,-3.884338,0.26566276,0,0,0,0,0,0,0,0,0,0,0,0,0,0,0,0,0,0,0,0,0,0,0.5833329873750606,0,-58.7169735059935,-133.7215557739564,3.4177405932929293E-07,5.806917550732634E-07,0,0.00667,0.9732984999999914,0,0,0,0.0018540273692963535,2.4159967485639067,0.1812947701971603,0
..\..\..\files\weather\hourly\Spresiano.csv,4/17/2021 12:00:00 AM,14.1,2.3,0,0,92,34,-21.64573,-5.1877112,0.71228826,0,0,0,0,0,0,0,0,0,0,0,0,0,0,0,0,0,0,0,0,0,0,0.7255939430123919,0,-57.99137956298111,-133.7215557739564,5.309086314023682E-07,9.224658144025564E-07,0,0.00667,0,0,0,0,0.0019305813994650632,2.4311827974773643,0.18437547296315965,0
..\..\..\files\weather\hourly\Spresiano.csv,4/18/2021 12:00:00 AM,15.4,4.4,0,0,72,33,-20.320274,-4.1745453,1.3254544,0,0,0,0,0,0,0,0,0,0,0,0,0,0,0,0,0,0,0,0,0,0,0.923398588076396,0,-57.067980974904714,-133.7215557739564,8.177012619206619E-07,1.4533744458049247E-06,0,0.00667,0,0,0,0,0.0020399965397414153,2.443593854054664,0.1869089714312008,0
..\..\..\files\weather\hourly\Spresiano.csv,4/19/2021 12:00:00 AM,14.2,4.7,0.8,2,90,43,-19.391853,-3.821579,0.9284209,0,0,0,0,0,0,0,0,0,0,0,0,0,0,0,0,0,0,0,0,0,0,0.766977293116783,0,-56.30100368178793,-133.7215557739564,1.2487161896371782E-06,2.2710757077255864E-06,0,0.31829118865205863,0.9298275000000018,0.002,0,0,0.002427815626456659,2.460634467898031,0.19041018327594736,1
..\..\..\files\weather\hourly\Spresiano.csv,4/20/2021 12:00:00 AM,16.1,5.8,1.2,2,97,42,-17.585543,-3.34369,1.8063108,0,0,0,0,0,0,0,0,0,0,0,0,0,0,0,0,0,0,0,0,0,0,0.752207830496629,0,-55.5487958512913,-133.7215557739564,1.8907190906514426E-06,3.5197918973627646E-06,0,0.7094297515942933,1.036786499999998,0,0,0,0.004965035439009817,2.487432340142042,0.1959680340869368,1
..\..\..\files\weather\hourly\Spresiano.csv,4/21/2021 12:00:00 AM,17.8,4,0,7,100,44,-15.381195,-4.695652,2.2043476,0,0,0,0,0,0,0,0,0,0,0,0,0,0,0,0,0,0,0,0,0,0,0.646699795154066,0,-54.90209605613724,-133.7215557739564,2.83847104725316E-06,5.410510988014207E-06,0.07183363971635004,0.24027841658097351,0.9298275000000018,0,0.0667928936333546,0,0.003597510089917897,2.518654668392154,0.20252105176914498,0
..\..\..\files\weather\hourly\Spresiano.csv,4/22/2021 12:00:00 AM,16.9,6.5,6.2,6,100,56,-13.092253,-2.9110577,2.288942,0,0,0,0,0,0,0,0,0,0,0,0,0,0,0,0,0,0,0,0,0,0,0.2727617992517607,0,-54.62933425688547,-133.7215557739564,4.2250915197939086E-06,8.248982035267368E-06,0.22841506569382938,1.2205877254023398,1.036786499999998,0,0.23681765650797498,0,0.0038671226057638334,2.5587930292191516,0.21106279243239964,1
..\..\..\files\weather\hourly\Spresiano.csv,4/23/2021 12:00:00 AM,17,9.2,0,0,98,56,-9.951227,-0.758975,3.1410255,0,0,0,0,0,0,0,0,0,0,0,0,0,0,0,0,0,0,0,0,0,0,0.5030380327984467,0,-54.12629622408703,-133.7215557739564,6.235653364560214E-06,1.2474073555061276E-05,0.4067305133767417,1.2205877254023398,1.0699464999999933,0,0.4351798892306452,0.05520710591396956,0.004012593522207451,2.60112166574022,0.2202062452381154,0
..\..\..\files\weather\hourly\Spresiano.csv,4/24/2021 12:00:00 AM,18.9,9.3,0,5,100,50,-5.8257065,-0.6744795,4.1255207,0,0,0,0,0,0,0,0,0,0,0,0,0,0,0,0,0,0,0,0,0,0,0.8084574580804863,0,-53.317838766006545,-133.7215557739564,9.124771588599548E-06,1.8709726919621488E-05,0.05480893169436565,0.00667,1.0690024999999963,0,0.05859088500360591,0.05520710591396956,0.005066436177596828,2.6452729832396926,0.2298824763807281,0
..\..\..\files\weather\hourly\Spresiano.csv,4/25/2021 12:00:00 AM,20,8.1,0,3,99,46,-1.6240258,-1.7483191,4.2016807,0,0,0,0,0,0,0,0,0,0,0,0,0,0,0,0,0,0,0,0,0,0,1.0336730238844831,0,-52.284165742122056,-133.7215557739564,1.3239031985648037E-05,2.7834498508221036E-05,0.08894402745566253,0.00667,0.8785384999999977,0,0.07814075246485637,0.05520710591396956,0.0034725236565674115,2.66919119726129,0.23518021006047157,0
..\..\..\files\weather\hourly\Spresiano.csv,4/26/2021 12:00:00 AM,22.4,7.3,0,4,100,41,0,-2.4586096,5.0913906,8.060055,8.060055,0.29852057,10.373151,10,1.975648,0,0,0,0,0,0,0,0,0,0,0,0,0,0,0,0,1.114688136056647,0,-51.16947760606541,-133.7215557739564,1.9045161219243296E-05,4.107353049386907E-05,0.6025883430243248,0.00667,0.3006114999999987,0,0.18114498567905604,0.05520710591396956,0.004585944264267788,2.698677576196548,0.24176221441246065,0
..\..\..\files\weather\hourly\Spresiano.csv,4/27/2021 12:00:00 AM,15.7,11.3,0.2,1,87,42,0,0,3.5,6.3639345,14.423989,0.5342218,10.667777,10,2.2209244,0,0,0,0,0,0,0,0,0,0,0,0,0,0,0,0,0.928206255875815,0,-50.2412713501896,-133.7215557739564,2.7164847280531735E-05,6.011869171311237E-05,0.4067305133767417,0.04555995657963896,0,0,0,0.08824902581821356,0.00408819456442347,2.7361375366906215,0.2502007440716778,1
..\..\..\files\weather\hourly\Spresiano.csv,4/28/2021 12:00:00 AM,15.1,9.5,0,0,75,60,0,-0.47767854,2.3223217,4.56036,18.984348,0.703124,10.878905,10,2.3966887,0,0,0,0,0,0,0,0,0,0,0,0,0,0,0,0,0.4976802067805827,0,-49.74359114340902,-133.7215557739564,3.841705547433393E-05,8.728353899364411E-05,0.08894402745566253,0.04555995657963896,0,0,0,0.08824902581821356,0.0030802731473356464,2.7726934158443832,0.25851274809352687,0
..\..\..\files\weather\hourly\Spresiano.csv,4/29/2021 12:00:00 AM,19.7,7.9,0,0,90,45,0,-1.9131355,3.9868646,6.7700415,25.75439,0.95386636,11.096167,11,2.5775588,0,0,0,0,0,0,0,0,0,0,0,0,0,0,0,0,0.9022092724907852,0,-48.84138187091823,-133.7215557739564,5.386852377040596E-05,0.00012570059446797804,0.6550556597200801,0.00667,0.9298275000000018,0,0.609088766438374,0.08824902581821356,0.00424543795676343,2.805561371574821,0.2660463925631391,0
..\..\..\files\weather\hourly\Spresiano.csv,4/30/2021 12:00:00 AM,17.1,12.1,4,17,100,72,0,0,4.6000004,7.771006,33.5254,1.2416815,11.276051,11,2.727312,0,0,0,0,0,0,0,0,0,0,0,0,0,0,0,0,0.016098551574375473,0,-48.82528331934385,-133.7215557739564,7.489283420530908E-05,0.000179569118238384,0.8078508757402331,0.7878724175413071,1.0127274999999898,0,0.8181327977612086,1.58526112699885,0.009008791018073715,2.916487804657826,0.2918352616205361,1
..\..\..\files\weather\hourly\Spresiano.csv,5/1/2021 12:00:00 AM,20.6,13.4,5.8,10,100,66,0,0,7,10.102611,43.62801,1.6158524,12.006605,12,3.3446853,0,0,0,0,0,0,0,0,0,0,0,0,0,0,0,0,0.39114489689140103,0,-48.43413842245245,-133.7215557739564,0.00010323801617970303,0.0002544619524436931,0.7960829684742449,1.8935926613075738,1.0127274999999898,0,0.8062151144554927,3.9488537883064234,0.012032217562516991,3.014560111596081,0.315004840777944,1
..\..\..\files\weather\hourly\Spresiano.csv,5/2/2021 12:00:00 AM,21.9,11.6,16,14,100,61,0,0,6.75,9.904776,53.532784,1.9826956,12.159456,12,3.6845243,1,0,0,0,0,0,1,0,1,0,0,0,0,0,1,0,0.5469350683941917,0,-47.88720335405826,-133.7215557739564,0.00014110201882844734,0.0003576999686233961,0.9733417005673772,3,1.0127274999999898,0,0.9857299070613386,7.6532854533644725,0.008592052457706709,3.09307914073136,0.33372724153865746,1
..\..\..\files\weather\hourly\Spresiano.csv,5/3/2021 12:00:00 AM,20.3,9.2,11,9,100,49,0,-0.77117205,4.778828,7.9457684,61.478554,2.2769835,12.282077,12,3.9571507,1,0,0,0,1,1,0,0,2,0,0,0,1,1,1,0,0.5271968500156339,0,-47.36000650404263,-133.7215557739564,0.00019121457693912887,0.0004988019874518435,0.03787350771198362,3,1.0568034999999938,0.002,0.11369627015137482,10.164194083374305,0.009008791018073715,3.1728982961410215,0.35285566848611793,1
..\..\..\files\weather\hourly\Spresiano.csv,5/4/2021 12:00:00 AM,17.6,8.2,0,2,100,44,0,-1.6276593,3.0723405,5.4991016,66.97765,2.4806538,13.025205,13,5.6093717,1,0,0,0,1,0,0,0,3,0,0,0,2,1,1,0,0.9264192923590526,0,-46.43358721168357,-133.7215557739564,0.00025692298487104385,0.0006900165643909723,0,2.331824850282873,1.008951499999995,0,0,10.164194083374305,0.0029797669511059106,3.197683562022142,0.35880641987436346,0
..\..\..\files\weather\hourly\Spresiano.csv,5/5/2021 12:00:00 AM,18.4,8.1,1.4,2,96,55,0,-1.7247572,3.4252424,6.0122576,72.989914,2.70333,13.09479,13,5.764084,0,0,0,0,0,0,0,0,3,0,0,0,2,1,1,0,0.5066130306276653,0,-45.92697418105591,-133.7215557739564,0.0003422781006462948,0.0009469395492620162,0.49618346792295015,0.27927583935007666,0.8785384999999977,0,0.43591627963382557,10.164194083374305,0.008797519803217085,3.2456759990311923,0.3703344723660674,1
..\..\..\files\weather\hourly\Spresiano.csv,5/6/2021 12:00:00 AM,19.2,9.5,0,0,100,58,0,-0.48711348,4.362887,7.4707704,80.460686,2.9800255,13.181258,13,5.9563303,0,0,0,0,0,0,0,0,3,0,0,0,2,1,1,0,0.6591902945604822,0,-45.26778388649542,-133.7215557739564,0.0004521155666130908,0.001289217649908311,0.5849712953396995,0.27927583935007666,0.3006114999999987,0,0.17584909854900932,10.164194083374305,0.005501201530539894,3.2912006915903356,0.38126774231919364,0
..\..\..\files\weather\hourly\Spresiano.csv,5/7/2021 12:00:00 AM,13.8,11.2,0,0,84,64,0,0,2.5,4.8818264,85.342514,3.1608338,13.237761,13,6.081954,0,0,0,0,0,0,0,0,3,0,0,0,2,1,1,0,0.15618010088876413,0,-45.11160378560666,-133.7215557739564,0.0005921258208293539,0.0017413332165214018,0.6376365667763976,0.00667,0.5048235000000005,0,0.32189392336804507,10.164194083374305,0.004012593522207451,3.342483947737512,0.39356965141535083,0
..\..\..\files\weather\hourly\Spresiano.csv,5/8/2021 12:00:00 AM,19.1,9.4,12,5,98,66,0,-0.5814438,4.2685566,7.3475065,92.69002,3.4329638,14.058241,14,7.9061556,1,0,0,0,0,1,0,0,4,0,0,0,2,2,1,0,-0.13325241352490452,0,-45.24485619913156,-133.7215557739564,0.0007689050827023894,0.0023334590373507557,0.07183363971635004,2.371771567253736,1.0586914999999948,0,0.07604966378176183,11.900889647479632,0.006251742673270176,3.4204742039392557,0.4122207197386539,1
..\..\..\files\weather\hourly\Spresiano.csv,5/9/2021 12:00:00 AM,19.7,8.1,0,4,100,35,0,-1.7443962,4.055604,6.901622,99.59164,3.688579,14.122145,14,8.048235,1,0,0,0,0,0,0,0,5,0,0,0,2,2,1,0,1.168016363077065,0,-44.0768398360545,-133.7215557739564,0.0009899782568960698,0.003102364120053145,0.07183363971635004,2.371771567253736,0,0,0,11.900889647479632,0.002356165342541492,3.436667835517201,0.4160812660373773,0
..\..\..\files\weather\hourly\Spresiano.csv,5/10/2021 12:00:00 AM,22.3,7.6,0,0,92,43,0,-2.204082,5.145918,8.172577,107.76421,3.9912672,14.197817,14,8.216479,0,0,0,0,0,0,0,0,5,0,0,0,2,2,1,0,1.2090395149285802,0,-42.86780032112592,-133.7215557739564,0.0012637837684890065,0.0040923423769492154,0.7717954341305004,0.00667,0.5048235000000005,0,0.3896204723417791,11.900889647479632,0.004585944264267788,3.46441152079982,0.4226834560356654,0
..\..\..\files\weather\hourly\Spresiano.csv,5/11/2021 12:00:00 AM,23.2,12,0,0,93,39,0,0,7.6000004,10.536068,118.30028,4.3814917,29.002974,29,28.424965,0,0,0,0,0,0,0,0,5,0,0,0,2,2,1,0,1.286924941077413,0,-41.58087538004851,-133.7215557739564,0.0015996098974737037,0.0053561261454382215,0.7960829684742449,0.00667,0,0,0,11.900889647479632,0.005617661929105107,3.4971896845577977,0.4304621909676937,0
..\..\..\files\weather\hourly\Spresiano.csv,5/12/2021 12:00:00 AM,20.8,11.8,4.2000003,10,100,67,0,0,6.299999,9.522806,127.82308,4.734188,42.004993,42,45.532887,0,0,0,0,0,1,0,0,5,0,0,0,2,3,1,0,0.29828640448040666,0,-41.2825889755681,-133.7215557739564,0.002007472407265577,0.0069557360429119254,0.9019672922707105,1.1417510159618223,1.0699464999999933,0.002,1.173906918946142,13.150214688124546,0.013564825706431674,3.5991232384307583,0.4544729194042273,1
..\..\..\files\weather\hourly\Spresiano.csv,5/13/2021 12:00:00 AM,18.6,12.3,19.2,18,100,71,0,0,5.450001,8.708994,136.53207,5.056743,53.00851,53,60.042553,1,0,1,0,1,0,0,0,6,0,1,0,3,3,1,0,-0.226184377301484,0,-41.50877335286958,-133.7215557739564,0.0024979243357180956,0.008963208450177503,0.759281338632958,3,1.0127274999999898,0.002,2.2793625785761398,16.575576859209352,0.007473914878106473,3.6941798482398815,0.4765635311875172,1
..\..\..\files\weather\hourly\Spresiano.csv,5/14/2021 12:00:00 AM,19,11.1,27.8,16,100,64,0,0,5.05,8.283341,144.81541,5.363534,53.05453,53,60.272655,1,0,1,0,1,0,0,0,7,0,2,0,4,3,1,0,-0.2982631779290667,0,-41.80703653079865,-133.7215557739564,0.0030817908831641872,0.0114611327858956,0.3709114848886736,3,1.0127274999999898,0,0.3756322608125904,19.453806102241806,0.005617661929105107,3.763002103655495,0.4923411364315123,1
..\..\..\files\weather\hourly\Spresiano.csv,5/15/2021 12:00:00 AM,18.5,11,13.8,15,100,64,0,0,4.75,7.9457684,152.76118,5.6578217,53.098675,53,60.493374,1,0,1,0,1,1,0,0,8,0,3,0,5,4,1,0,-0.10015760461052713,0,-41.90719413540917,-133.7215557739564,0.0037698254805452872,0.014542923669059786,0.38881849714618344,3,1.039618500000003,0,0.4042229027753707,22.172007315476932,0.007305432218031838,3.8315949049480094,0.5078620083064751,1
..\..\..\files\weather\hourly\Spresiano.csv,5/16/2021 12:00:00 AM,18.9,9.6,0.6,9,100,58,0,-0.39139748,4.258602,7.3475065,160.10869,5.929951,53.139492,53,60.69746,1,0,0,0,0,0,0,0,9,0,3,0,5,4,1,0,0.6987856534983485,0,-41.20840848191082,-133.7215557739564,0.00457228736334319,0.018312749149605075,0.7068219422480004,2.8525299830138193,1.0127274999999898,0,0.7158180185179547,24.711858008156856,0.007825669133839292,3.885969576449102,0.520008451085015,1
..\..\..\files\weather\hourly\Spresiano.csv,5/17/2021 12:00:00 AM,19,10.6,4.2,17,100,66,0,0,4.8,8.003134,168.11182,6.226363,53.183956,53,60.91978,0,0,1,0,0,1,0,0,9,0,4,0,5,5,1,0,0.02786726224875739,0,-41.18054121966207,-133.7215557739564,0.005498446225143801,0.022885036512948265,0.8628167598542678,0.9449726436986645,1.0127274999999898,0,0.8737982601653042,26.316117896479795,0.009914241808357717,3.976451214432806,0.5398880405921124,1
..\..\..\files\weather\hourly\Spresiano.csv,5/18/2021 12:00:00 AM,19.2,10.2,11.6,11,100,61,0,0,4.700001,7.8879604,175.99977,6.51851,53.227776,53,61.138878,1,0,1,0,0,1,0,0,10,0,5,0,5,6,1,0,0.5789536186995183,0,-40.601587600962546,-133.7215557739564,0.006556025573691617,0.028383482738092065,0.2107688025214582,3,1.0127274999999898,0,0.21345136245554788,29.123957703896085,0.007647283576645276,4.049397600967936,0.555592294796423,1
..\..\..\files\weather\hourly\Spresiano.csv,5/19/2021 12:00:00 AM,21.6,7.9,26.2,13,100,49,0,-1.9390507,4.910949,7.9457684,183.94554,6.8127975,54.017536,54,65.08768,1,0,1,0,0,1,0,0,11,0,6,0,5,7,1,0,0.8831133445403364,0,-39.71847425642221,-133.7215557739564,0.007750602935389198,0.03493950831178368,0.4783244392312507,3,1.0127274999999898,0.002,1.4359299665722145,29.123957703896085,0.007141695906768869,4.092828141580323,0.564798171317028,1
..\..\..\files\weather\hourly\Spresiano.csv,5/20/2021 12:00:00 AM,18,9.1,17.6,12,100,58,0,-0.8544941,3.5955057,6.432814,190.37836,7.0510497,54.046127,54,65.23064,1,0,1,0,1,1,0,0,12,0,7,0,6,8,1,0,-0.1691739840557752,0,-39.887648240477986,-133.7215557739564,0.009084991607983487,0.04269011124717288,0.021031563965584765,3,1.039618500000003,0,0.02186480298255535,31.059758430776473,0.007305432218031838,4.165242638438041,0.5798989944393921,1
..\..\..\files\weather\hourly\Spresiano.csv,5/21/2021 12:00:00 AM,21.9,6.8,0.2,7,100,36,0,-2.8609276,4.6890726,7.4707704,197.84912,7.327745,54.07933,54,65.39665,1,0,0,0,0,0,0,0,13,0,7,0,6,8,1,0,1.148822949683909,0,-38.73882529079408,-133.7215557739564,0.010558634705798422,0.051775102855156366,0.35301413131920006,2.0526989925576786,1.0690024999999963,0,0.3773729889155519,31.059758430776473,0.006389694580901679,4.201527895651072,0.5873454948806937,1
..\..\..\files\weather\hourly\Spresiano.csv,5/22/2021 12:00:00 AM,21.2,10.6,0,0,94,55,0,0,5.9000006,9.155028,207.00415,7.6668205,54.120018,54,65.60009,0,0,0,0,0,0,0,0,13,0,7,0,6,8,1,0,0.7409838685631152,0,-37.99784142223096,-133.7215557739564,0.012167047175929044,0.06233373756095479,0.9733417005673772,0.04555995657963896,0.5952024999999992,0,0.5793354135319536,31.059758430776473,0.007647283576645276,4.254409267995486,0.5980505349328803,0
..\..\..\files\weather\hourly\Spresiano.csv,5/23/2021 12:00:00 AM,18.9,13.6,1.8,7,98,59,0,0,6.25,9.478297,216.48245,8.017869,54.162144,54,65.810715,0,0,0,0,0,0,0,0,13,0,7,0,6,8,1,0,0.6246175370297917,0,-37.37322388520117,-133.7215557739564,0.013901344673150542,0.07450078473688383,0.7840636206869015,0.3573244325093546,1.0586914999999948,0,0.8300814906804427,31.65908286328583,0.008198027468244658,4.346421095070784,0.6162504644358546,1
..\..\..\files\weather\hourly\Spresiano.csv,5/24/2021 12:00:00 AM,23.2,13.2,0,0,99,56,0,0,8.200001,10.9119,227.39435,8.422012,55.00887,55,70.04434,0,0,0,0,0,0,0,0,13,0,7,0,6,8,1,0,0.7366425964384198,0,-36.636581288762756,-133.7215557739564,0.01574789909845839,0.08840212941003438,0.759281338632958,0.3573244325093546,0,0,0,31.65908286328583,0.006677672465257637,4.401446338318006,0.6268699980632958,0
..\..\..\files\weather\hourly\Spresiano.csv,5/25/2021 12:00:00 AM,13.7,12.1,40.8,19,100,84,0,0,2.8999996,5.4991016,232.89345,8.625683,55.029236,55,70.14618,1,0,1,0,0,1,0,0,14,0,8,0,6,9,1,0,-1.467137635233442,0,-38.1037189239962,-133.7215557739564,0.017688158775468754,0.10415002850849277,0.7465242587729192,3,1.0127274999999898,0,0.7560256462764439,34.38926637862968,0.004327208398154079,4.494056141990015,0.6442872026322904,1
..\..\..\files\weather\hourly\Spresiano.csv,5/26/2021 12:00:00 AM,19.8,11.1,0.8,8,100,62,0,0,5.45,8.708992,241.60245,8.948239,55.06149,55,70.30745,1,0,0,0,0,0,0,0,15,0,8,0,6,9,1,0,0.3335933972246419,0,-37.77012552677155,-133.7215557739564,0.019698666380491545,0.12183818728396152,0.3709114848886736,3,0,0,0,37.20400228291288,0.016984205259025983,4.593274012536819,0.6623032883765971,1
..\..\..\files\weather\hourly\Spresiano.csv,5/27/2021 12:00:00 AM,22,9.3,0,0,100,50,0,-0.68070793,5.6692915,8.911486,250.51393,9.278294,55.094498,55,70.47249,0,0,0,0,0,0,0,0,15,0,8,0,6,9,1,0,1.0222115910644576,0,-36.74791393570709,-133.7215557739564,0.021751299807080942,0.14153685366445307,0.7335267383413079,0.16233729832175875,1.0127274999999898,0,0.7428626999035394,37.20400228291288,0.008797519803217085,4.635910586851428,0.6698387574720166,0
..\..\..\files\weather\hourly\Spresiano.csv,5/28/2021 12:00:00 AM,22.5,10.2,8.4,11,100,55,0,0,6.3500004,9.566902,260.08084,9.632624,55.12993,55,70.64964,0,0,1,0,0,0,0,0,15,0,9,0,6,9,1,0,0.5517649100633453,0,-36.19614902564375,-133.7215557739564,0.02381375035503844,0.163288153471534,0.2107688025214582,1.6554703556520518,1.0127274999999898,0,0.21345136245554788,39.0754262742803,0.01092090481039161,4.707203146134284,0.6821601837555553,1
..\..\..\files\weather\hourly\Spresiano.csv,5/29/2021 12:00:00 AM,22.5,9.9,0.2,6,100,39,0,-0.09960461,6.2003965,9.433372,269.51422,9.982009,55.164867,55,70.82434,0,0,0,0,0,0,0,0,15,0,9,0,6,9,1,0,1.3162646816378007,0,-34.879884344005944,-133.7215557739564,0.02585023949265289,0.18710190382657244,0.7068219422480004,1.6951126162300894,0.9732984999999914,0,0.6879487361570594,40.716475587995234,0.006117655628829422,4.743303316605655,0.6882661920944239,1
..\..\..\files\weather\hourly\Spresiano.csv,5/30/2021 12:00:00 AM,23.7,12.9,1.6,5,96,39,0,0,8.299999,10.968994,280.48322,10.3882675,56.03328,56,75.1664,0,0,0,1,0,1,0,0,15,0,9,1,6,10,1,0,1.1415947682270926,0,-33.73828957577885,-133.7215557739564,0.02782246072612556,0.21295214331922532,0.7960829684742449,0.31829118865205863,1.036786499999998,0,0.8253680745940212,41.2038000292312,0.012032217562516991,4.831144031424588,0.7027499971763722,1
..\..\..\files\weather\hourly\Spresiano.csv,5/31/2021 12:00:00 AM,21.7,11.2,0.6,8,100,41,0,0,6.450001,9.653848,290.13705,10.745816,56.063927,56,75.31963,0,0,0,1,0,0,0,0,15,0,9,2,6,10,1,0,1.389282835987662,0,-32.34900673979119,-133.7215557739564,0.02969071782561215,0.2407746040453509,0.8628167598542678,0.43544468240538864,0.9298275000000018,0,0.8022707507733957,41.908768670971085,0.007825669133839292,4.872790382276192,0.7094323246459114,1
..\..\..\files\weather\hourly\Spresiano.csv,6/1/2021 12:00:00 AM,21.6,13.5,0,1,97,48,0,0,7.549999,10.502159,300.63922,11.134787,56.097267,56,75.486336,0,0,0,0,0,0,0,0,15,0,9,2,6,10,1,0,0.9565420069092291,0,-31.39246473288196,-133.7215557739564,0.03141521596125026,0.27046532187096306,0.8628167598542678,0.12339360574051833,0.8785384999999977,0,0.7580177419772266,41.908768670971085,0.006389694580901679,4.9260724774727995,0.7178092570104563,0
..\..\..\files\weather\hourly\Spresiano.csv,6/2/2021 12:00:00 AM,22.8,12.8,0,1,99,46,0,0,7.799999,10.667704,311.30692,11.529886,56.131134,56,75.65567,0,0,0,0,0,0,0,0,15,0,9,2,6,10,1,0,1.0020248005431422,0,-30.390439932338822,-133.7215557739564,0.03295744941029773,0.3018805378322133,0.6723970714585993,0.00667,1.039618500000003,0,0.6990364348341839,41.908768670971085,0.006677672465257637,4.9746663717613355,0.7252811936090163,0
..\..\..\files\weather\hourly\Spresiano.csv,6/3/2021 12:00:00 AM,24.2,11.6,0,7,100,43,0,0,7.9000015,10.731134,322.03806,11.927336,57.01955,57,80.09775,0,0,0,0,0,0,0,0,15,0,9,2,6,10,1,0,1.213641143554609,0,-29.17679878878421,-133.7215557739564,0.0342816195686246,0.334837987242511,0.7335267383413079,0.00667,1.0690024999999963,0,0.7841419171037013,41.908768670971085,0.008009205785633211,5.020356770671683,0.732161434388088,0
..\..\..\files\weather\hourly\Spresiano.csv,6/4/2021 12:00:00 AM,26.3,12.1,0,7,100,51,0,0,9.200001,11.412426,333.45047,12.350018,57.05125,57,80.256256,0,0,0,0,0,0,0,0,15,0,9,2,6,10,1,0,1.0507965360471385,0,-28.126002252737074,-133.7215557739564,0.0353560110261761,0.3691196068111356,0.9916977201989361,0.00667,1.0127274999999898,0,1.004319552932758,41.908768670971085,0.01232633071120923,5.073410231850757,0.7399750524489251,0
..\..\..\files\weather\hourly\Spresiano.csv,6/5/2021 12:00:00 AM,27.5,15,0,6,100,51,0,0,11.25,11.958258,345.40872,12.792915,57.08447,57,80.42235,0,0,0,0,0,0,0,0,15,0,9,2,6,10,1,0,1.2205614066146084,0,-26.905440846122467,-133.7215557739564,0.03615425215914133,0.4044756178373117,1,0.00667,0.8785384999999977,0,0.8785384999999977,41.908768670971085,0.016279621132666545,5.159384235447359,0.7522411152673345,0
..\..\..\files\weather\hourly\Spresiano.csv,6/6/2021 12:00:00 AM,28.9,16,10.4,5,97,46,0,0,12.450001,11.98505,357.39377,13.236806,57.11776,57,80.5888,1,0,1,1,0,1,0,0,16,0,10,3,6,11,1,0,1.1032676420917804,0,-25.802173204030687,-133.7215557739564,0.03665639040145292,0.440629869996453,1,2.0526989866251655,0.9732984999999914,0,0.9732984999999914,43.132895672429484,0.022347555605306057,5.329920856227592,0.7751522675175031,1
..\..\..\files\weather\hourly\Spresiano.csv,6/7/2021 12:00:00 AM,24.5,16.9,10.6,9,100,63,0,0,10.700001,11.874272,369.26804,13.676594,58.022884,58,85.114426,1,0,1,1,1,1,1,0,17,0,11,4,7,12,2,0,0.37934809322831525,0,-25.42282511080237,-133.7215557739564,0.036849721020040305,0.4772862603979059,1,3,1.0733834999999985,0,1.0733834999999985,46.19184093901426,0.021962370145876757,5.53301747760249,0.8000655974961502,1
..\..\..\files\weather\hourly\Spresiano.csv,6/8/2021 12:00:00 AM,25.8,17.6,0.2,5,100,53,0,0,11.700001,11.993336,381.26138,14.120791,58.052498,58,85.26249,1,0,0,0,0,0,0,0,18,0,11,4,7,12,2,0,1.0171077610204378,0,-24.40571734978193,-133.7215557739564,0.03672932133995386,0.5141359814179463,1,0.5919001058337569,0.8785384999999977,0,0.8785384999999977,46.67834537154667,0.01558000750382171,5.657902486979629,0.8141644775547444,1
..\..\..\files\weather\hourly\Spresiano.csv,6/9/2021 12:00:00 AM,29,17.5,0,0,98,39,0,0,13.25,11.885023,393.1464,14.560978,58.081844,58,85.409225,0,0,0,0,0,0,0,0,18,0,11,4,7,12,2,0,1.5993614774981884,0,-22.806355872283746,-133.7215557739564,0.03629825905900687,0.5508653027579001,0.8615153544905008,0.00667,0,0,0,46.67834537154667,0.014552623975001436,5.729017287581771,0.8217953795538376,0
..\..\..\files\weather\hourly\Spresiano.csv,6/10/2021 12:00:00 AM,29.9,18.5,0,0,91,35,0,0,14.200001,11.64515,404.79153,14.992279,58.110596,58,85.55298,0,0,0,0,0,0,0,0,18,0,11,4,7,12,2,0,1.7017891049355813,0,-21.104566767348167,-133.7215557739564,0.03556746234533957,0.587163561816907,0.9919285609420946,0.00667,0.9732984999999914,0,0.9654425804720908,46.67834537154667,0.016984205259025983,5.772193123233288,0.8262914740610865,0
..\..\..\files\weather\hourly\Spresiano.csv,6/11/2021 12:00:00 AM,27.6,17.1,2.2,2,95,46,0,0,12.35,11.9909525,416.7825,15.436389,59.026184,59,90.13092,0,0,0,1,0,1,0,0,18,0,11,5,7,13,2,0,1.2178112129632765,0,-19.88675555438489,-133.7215557739564,0.034555259397191895,0.6227310241622466,1,0.4354446853169288,1.008951499999995,0,1.008951499999995,46.96307120659632,0.016631713933684684,5.914301661411015,0.8403825706807968,1
..\..\..\files\weather\hourly\Spresiano.csv,6/12/2021 12:00:00 AM,26.3,15.7,0.6,5,98,50,0,0,11,11.925709,428.70822,15.878083,59.052685,59,90.26343,0,0,0,1,0,0,0,0,18,0,11,6,7,13,2,0,1.045507216344412,0,-18.84124833804048,-133.7215557739564,0.03328661454802828,0.6572862835594384,1,0.12339360864138221,1.0586914999999948,0,1.0586914999999948,47.386577479818385,0.021081758160876384,6.040834521577126,0.8520524908758109,1
..\..\..\files\weather\hourly\Spresiano.csv,6/13/2021 12:00:00 AM,29.8,15.6,0,2,97,42,0,0,12.700001,11.963863,440.6721,16.321188,59.07927,59,90.39635,0,0,0,0,0,0,0,0,18,0,11,6,7,13,2,0,1.5309600250964652,0,-17.310288312944017,-133.7215557739564,0.03179210536160336,0.6905728981074667,0.7455547032888186,0.12339360864138221,1.036786499999998,0,0.7729810513813512,47.386577479818385,0.02231992573622232,6.152376761552338,0.8616897561041132,0
..\..\..\files\weather\hourly\Spresiano.csv,6/14/2021 12:00:00 AM,29.9,20,0,0,93,49,0,0,14.950001,11.363729,452.03583,16.742067,60.004112,60,95.02056,0,0,0,0,0,0,0,0,18,0,11,6,7,13,2,0,1.298645908549289,0,-16.011642404394728,-133.7215557739564,0.030106699207925292,0.7223650034690701,0.8217243394733016,0.00667,1.036786499999998,0,0.8519527018873346,47.386577479818385,0.021081758160876384,6.331647572827589,0.8759772272079731,0
..\..\..\files\weather\hourly\Spresiano.csv,6/15/2021 12:00:00 AM,26.4,20.2,0,0,92,53,0,0,13.299999,11.875666,463.9115,17.181908,60.028103,60,95.14052,0,0,0,0,0,0,0,0,18,0,11,6,7,13,2,0,1.2160031642888538,0,-14.79563924010587,-133.7215557739564,0.028268397571045104,0.7524717026769954,0.8487351070853011,0.00667,0,0,0,47.386577479818385,0.020833506945891173,6.413029572510456,0.8820010544252304,0
..\..\..\files\weather\hourly\Spresiano.csv,6/16/2021 12:00:00 AM,27.4,16.6,0,1,95,47,0,0,12,12,475.9115,17.62635,60.052345,60,95.26173,0,0,0,0,0,0,0,0,18,0,11,6,7,13,2,0,1.3835390311252653,0,-13.412100208980604,-133.7215557739564,0.026316821224546063,0.7807401002480405,1,0.00667,1.0690024999999963,0,1.0690024999999963,47.386577479818385,0.01803437830533468,6.4991249881864075,0.8880762627274379,0
..\..\..\files\weather\hourly\Spresiano.csv,6/17/2021 12:00:00 AM,29.8,15.9,0,4,99,46,0,0,12.849998,11.946749,487.85825,18.068823,60.07648,60,95.3824,0,0,0,0,0,0,0,0,18,0,11,6,7,13,2,0,1.3993719888455896,0,-12.012728220135017,-133.7215557739564,0.024291809255682712,0.8070569214725866,0.7617916937283922,0.00667,0.3006114999999987,0,0.22900334373923156,47.386577479818385,0.021713745435454904,6.613428542354422,0.895690270851842,0
..\..\..\files\weather\hourly\Spresiano.csv,6/18/2021 12:00:00 AM,30.6,17.2,0,0,96,38,0,0,13.900002,11.735027,499.59326,18.503454,61.008507,61,100,0,0,0,0,0,0,0,0,18,0,11,6,7,13,2,0,1.665058627987043,0,-10.347669592147973,-133.7215557739564,0.022232099981014587,0.8313487307282693,0.5545010895376001,0.00667,0,0,0,47.386577479818385,0.021081758160876384,6.74773869321634,0.9040138620513061,0
..\..\..\files\weather\hourly\Spresiano.csv,6/19/2021 12:00:00 AM,29.1,19.4,1.8,6,98,52,0,0,14.25,11.628907,511.22217,18.934155,61.03004,61,100,0,0,0,1,0,1,0,0,18,0,11,7,7,14,2,0,1.2628302855014601,0,-9.084839306646515,-133.7215557739564,0.02017415270971123,0.8535808307092839,0.9468545707053291,0.3573244325093546,1.0586914999999948,0,1.0024268857418759,47.41515172901039,0.022247859019710346,6.901232078055992,0.9127561079043076,1
..\..\..\files\weather\hourly\Spresiano.csv,6/20/2021 12:00:00 AM,31.3,18.5,0,8,100,53,0,0,14.9,11.385003,522.6072,19.355822,61.051125,61,100,0,0,0,0,0,0,0,0,18,0,11,7,7,14,2,0,1.291575463075718,0,-7.793263843570799,-133.7215557739564,0.018151157009688928,0.8737549834189952,0.5969796934038909,0.00667,1.0586914999999948,0,0.6320173270793022,47.41515172901039,0.02238624076237516,7.073875719696007,0.9216827897234934,0
..\..\..\files\weather\hourly\Spresiano.csv,6/21/2021 12:00:00 AM,31.5,21,0,5,100,53,0,0,16.25,10.685367,533.29254,19.751575,61.07091,61,100,0,0,0,0,0,0,0,0,18,0,11,7,7,14,2,0,1.2058783618066704,0,-6.58738548176413,-133.7215557739564,0.016192261747395457,0.8919061404286841,0.3084603317043957,0.00667,0.406626499999998,0,0.12542814506979683,47.41515172901039,0.022150463437232336,7.239361644913867,0.9294142743007603,0
..\..\..\files\weather\hourly\Spresiano.csv,6/22/2021 12:00:00 AM,32.7,20.3,0,2,97,46,0,0,16.5,10.527393,543.81995,20.14148,71.0057,71,89.95726,0,0,0,0,0,0,0,0,18,0,11,7,7,14,2,0,1.4939072409842293,0,-5.093478240779902,-133.7215557739564,0.01432204091733094,0.9080984021760795,0.6174047790080004,0.00667,0.06512749999999556,0,0.04021002974484081,47.41515172901039,0.022347555605306057,7.323604064173829,0.9330628982061807,0
..\..\..\files\weather\hourly\Spresiano.csv,6/23/2021 12:00:00 AM,32.4,19.8,0,2,92,42,0,0,16.1,10.775904,554.5958,20.540586,71.02177,71,89.83675,0,0,0,0,0,0,0,0,18,0,11,7,7,14,2,0,1.490191177772097,0,-3.603287063007805,-133.7215557739564,0.012560198333125312,0.9224204430934104,0.9183168800000003,0.00667,0.9298275000000018,0,0.853876288738202,47.41515172901039,0.022247859019710346,7.466227305271439,0.9388293800620827,0
..\..\..\files\weather\hourly\Spresiano.csv,6/24/2021 12:00:00 AM,32.2,17.6,0.2,11,99,40,0,0,14.900002,11.385002,565.98083,20.962254,71.03875,71,89.70938,0,0,0,0,0,0,0,1,18,0,11,7,7,14,2,1,1.5633476872519907,0,-2.0399393757558144,-133.7215557739564,0.010921499665578724,0.9349806414265357,0.9919285609420946,0.04555995657963896,1.008951499999995,0,1.0008078094553627,47.41515172901039,0.02231992573622232,7.638520429022623,0.9451564543734005,1
..\..\..\files\weather\hourly\Spresiano.csv,6/25/2021 12:00:00 AM,32.5,18.3,1,6,95,49,0,0,15.4,11.156161,577.137,21.375446,71.05539,71,89.58458,0,0,0,1,0,0,0,0,18,0,11,8,7,14,2,1,1.4050964751629345,0,-0.6348429005928864,-133.7215557739564,0.009415908919210089,0.9459021410921145,1,0.24027841658097351,0.6777634999999975,0,0.6777634999999975,47.41515172901039,0.022204951704230116,7.791463972833188,0.950237140023612,1
..\..\..\files\weather\hourly\Spresiano.csv,6/26/2021 12:00:00 AM,29,14.8,0,6,100,45,0,0,11.9,11.99926,589.1363,21.819862,71.07328,71,89.45039,0,0,0,0,0,0,0,0,18,0,11,8,7,14,2,1,1.4316663060187935,0,0.7968234054259113,-133.7215557739564,0.008048897808509686,0.9553180500113245,1,0.2012989,0,0,0,47.41515172901039,0.020568793598028105,7.863505914561205,0.952468691633282,0
..\..\..\files\weather\hourly\Spresiano.csv,6/27/2021 12:00:00 AM,31.1,16.3,0,0,89,35,0,0,13.700001,11.787713,600.924,22.256445,71.090866,71,89.318504,0,0,0,0,0,0,0,0,18,0,11,8,7,14,2,1,1.6668603970886113,0,2.463683802514524,-133.7215557739564,0.006821890914976041,0.9633669478198342,0.9468545707053291,0.00667,0.8194314999999932,0,0.7758824611549174,47.41515172901039,0.01937481351741991,7.934697274787529,0.9545779388655343,0
..\..\..\files\weather\hourly\Spresiano.csv,6/28/2021 12:00:00 AM,32.2,17.1,0,4,96,37,0,0,14.650002,11.485997,612.41003,22.681852,71.107994,71,89.19005,0,0,0,0,0,0,0,0,18,0,11,8,7,14,2,1,1.701061691242328,0,4.164745493756854,-133.7215557739564,0.005732806987393434,0.9701888387348103,0.9855028870152411,0.00667,1.036786499999998,0,1.0217560889684254,47.41515172901039,0.017686593562080025,8.045008099716835,0.9576669438893666,0
..\..\..\files\weather\hourly\Spresiano.csv,6/29/2021 12:00:00 AM,32.7,17.3,0,4,98,38,0,0,15,11.342095,623.75214,23.10193,71.12491,71,89.06319,0,0,0,0,0,0,0,0,18,0,11,8,7,14,2,1,1.7037345105231576,0,5.868480004280016,-133.7215557739564,0.004776657060158685,0.9759216457222037,1,0.00667,0.9732984999999914,0,0.9732984999999914,47.41515172901039,0.01937481351741991,8.17291680363611,0.9609920714364342,0
..\..\..\files\weather\hourly\Spresiano.csv,6/30/2021 12:00:00 AM,31.9,17.9,3.8,7,100,40,0,0,14.9,11.385003,635.13715,23.523598,71.14189,71,88.935814,0,0,1,0,0,0,0,0,18,0,12,8,7,14,2,1,1.5657061151880993,0,7.434186119468109,-133.7215557739564,0.0039461627875433,0.9806983027823625,1,0.7486420978822568,1.0127274999999898,0,1.0127274999999898,47.41515172901039,0.020833506945891173,8.359452542502423,0.965387172138891,1
..\..\..\files\weather\hourly\Spresiano.csv,7/1/2021 12:00:00 AM,29.6,16.4,0,6,100,36,0,0,13,11.926342,647.0635,23.965315,71.159676,71,88.80243,0,0,0,0,0,0,0,0,18,0,12,8,7,14,2,1,1.445103573275864,0,8.879289692743967,-133.7215557739564,0.0032323629782661004,0.9846444655699058,1,0.7486420978822568,0.5952024999999992,0,0.5952024999999992,47.41515172901039,0.021081758160876384,8.43938406267333,0.9671181876190006,0
..\..\..\files\weather\hourly\Spresiano.csv,7/2/2021 12:00:00 AM,29,15.1,0,2,93,42,0,0,12.049999,11.999815,659.0633,24.409752,71.177574,71,88.6682,0,0,0,0,0,0,0,0,18,0,12,8,7,14,2,1,1.3102874724104046,0,10.189577165154375,-133.7215557739564,0.0026251821557596077,0.9878768285481719,0.7775234203207784,0.00667,0,0,0,47.41515172901039,0.006251742673270176,8.470998787776713,0.9677791109370018,0
..\..\..\files\weather\hourly\Spresiano.csv,7/3/2021 12:00:00 AM,29.5,19.5,0,1,88,36,0,0,14.5,11.542288,670.6056,24.837244,72.00013,72,82.49902,0,0,0,0,0,0,0,0,18,0,12,8,7,14,2,1,1.5428795990126187,0,11.732456764166997,-133.7215557739564,0.00211394145586134,0.9905020107039315,0.9377952793442559,0.00667,0.6777634999999975,0,0.6356034108118382,47.41515172901039,0.020289083193563175,8.524903790162988,0.9688760268426235,0
..\..\..\files\weather\hourly\Spresiano.csv,7/4/2021 12:00:00 AM,29.4,18.1,3.8,6,99,44,0,0,13.75,11.775086,682.3807,25.27336,72.01483,72,82.38876,0,0,1,0,0,0,0,0,18,0,13,8,7,14,2,1,1.4088549150757712,0,13.141311679242762,-133.7215557739564,0.0016877987474917422,0.9926159521597928,0.8487351070853011,0.7486421066489066,1.039618500000003,0,0.8823607189253627,47.50324803771894,0.0223800241229412,8.672369759749705,0.9716924897660704,0
..\..\..\files\weather\hourly\Spresiano.csv,7/5/2021 12:00:00 AM,25.5,17.7,10,20,100,68,0,0,11.6,11.988146,694.36884,25.717365,72.0298,72,82.2765,1,0,1,0,0,1,0,1,19,0,14,8,7,15,2,2,-0.5798321781247747,0,12.561479501117987,-133.7215557739564,0.0013361110550063056,0.9943037509072845,1,2.732098512413267,1.0127274999999898,0,1.0127274999999898,50.65860637094191,0.022347555605306057,9.034081852970047,0.9775803730326651,0
..\..\..\files\weather\hourly\Spresiano.csv,7/6/2021 12:00:00 AM,28.8,16.3,0.2,10,100,45,0,0,12.549999,11.977676,706.3465,26.160982,72.044754,72,82.164345,1,1,0,0,0,1,0,0,20,1,14,8,7,16,2,2,1.2450309152481045,0,13.806510416366095,-133.7215557739564,0.0010487178183229123,0.9956398619622908,1,1.9731100059271751,0.9732984999999914,0,0.9732984999999914,51.654004889043364,0.01837836095770071,9.15049696163531,0.9792043338939014,0
..\..\..\files\weather\hourly\Spresiano.csv,7/7/2021 12:00:00 AM,31.6,16.6,0,8,99,44,0,0,14.1,11.676556,718.0231,26.593447,72.059326,72,82.05505,0,0,0,0,0,0,0,0,20,1,14,8,7,16,2,2,1.405049751437663,0,15.211560167803754,-133.7215557739564,0.0008161480157618207,0.9966885797806138,0.9554658487193829,0.00667,1.0586914999999948,0,1.0115435725794917,51.654004889043364,0.01937481351741991,9.252142464763955,0.9805267332345176,0
..\..\..\files\weather\hourly\Spresiano.csv,7/8/2021 12:00:00 AM,32,19.1,0,6,100,45,0,0,15.549999,11.080546,729.10364,27.00384,72.073166,72,81.951256,0,0,0,0,0,0,0,0,20,1,14,8,7,16,2,2,1.5014644226519713,0,16.71302459045573,-133.7215557739564,0.0006297575802592029,0.9975047277963756,0.4629130998764608,0.00667,0.9298275000000018,0,0.43042933037538067,51.654004889043364,0.021962370145876757,9.40777241088616,0.9823918223585271,0
..\..\..\files\weather\hourly\Spresiano.csv,7/9/2021 12:00:00 AM,31,18,2.8,8,100,58,0,0,14.5,11.542288,740.64594,27.43133,72.08757,72,81.84322,0,1,1,0,0,0,0,0,20,2,15,8,7,16,2,2,0.6777418856323733,0,17.390766476088103,-133.7215557739564,0.0004818058522323011,0.9981344853766347,1,0.552759381247979,1.0127274999999898,0,1.0127274999999898,51.654004889043364,0.022247859019710346,9.545839153671647,0.9838975816696349,0
..\..\..\files\weather\hourly\Spresiano.csv,7/10/2021 12:00:00 AM,30.1,16.9,0.2,10,100,42,0,0,13.5,11.834596,752.4805,27.86965,72.10235,72,81.73239,0,0,0,0,0,0,0,0,20,2,15,8,7,16,2,2,1.2779057941995304,0,18.66867227028763,-133.7215557739564,0.00036548110597699874,0.9986162912288671,0.9919285609420946,0.5919001058337569,1.0699464999999933,0,1.061310492030024,52.04913062127969,0.021713745435454904,9.695505663478638,0.9853858385266638,0
..\..\..\files\weather\hourly\Spresiano.csv,7/11/2021 12:00:00 AM,31,17.5,0,4,98,40,0,0,14.25,11.628907,764.10944,28.30035,72.11687,72,81.6235,0,0,0,0,0,0,0,0,20,2,15,8,7,16,2,2,1.5892637100115785,0,20.25793598029921,-133.7215557739564,0.0002748855954690535,0.9989817723348441,0.9919285609420946,0.04555995657963896,1.036786499999998,0,1.028418140949189,52.04913062127969,0.01937481351741991,9.811967099775117,0.986448740801361,0
..\..\..\files\weather\hourly\Spresiano.csv,7/12/2021 12:00:00 AM,31.3,18.2,0,1,91,41,0,0,14.75,11.446676,775.5561,28.7243,72.13116,72,81.51633,0,0,0,0,0,0,0,0,20,2,15,8,7,16,2,2,1.5823013673006412,0,21.840237347599853,-133.7215557739564,0.0002049902604360321,0.9992566579303132,0.3356561065713295,0.00667,0,0,0,52.04913062127969,0.01558000750382171,9.881750639869892,0.9870484685952191,0
..\..\..\files\weather\hourly\Spresiano.csv,7/13/2021 12:00:00 AM,30.7,18,0,0,96,48,0,0,14.35,11.59534,787.1514,29.153755,72.14563,72,81.407776,0,0,0,0,0,0,0,0,20,2,15,8,7,16,2,2,1.3525781570910422,0,23.1928155046909,-133.7215557739564,0.00015156839938484145,0.9994616481907492,0.9468545707053291,0.00667,1.0733834999999985,0,1.0163380730946823,52.04913062127969,0.022247859019710346,9.987789801486382,0.9879096742160424,0
..\..\..\files\weather\hourly\Spresiano.csv,7/14/2021 12:00:00 AM,28.7,19.4,3.8,4,98,56,0,0,14.049999,11.691715,798.84314,29.586782,72.160225,72,81.29831,0,1,1,1,0,0,0,0,20,3,16,9,7,16,2,2,0.6348622219513611,0,23.827677726642264,-133.7215557739564,0.00011111643363996878,0.999613216590134,0.6937698451091674,0.7486420978822568,0.5952024999999992,0,0.41293354623358863,52.10692084746684,0.022247859019710346,10.176406689071,0.9893032255454631,0
..\..\..\files\weather\hourly\Spresiano.csv,7/15/2021 12:00:00 AM,25.7,15.2,0,4,97,43,0,0,10.450001,11.821058,810.6642,30.024601,77.000626,77,39.996872,0,0,0,0,0,0,0,0,20,3,16,9,7,16,2,2,1.2406016093244714,0,25.068279335966736,-133.7215557739564,8.076851835342339E-05,0.999724333023774,0.9445675210548152,0.7486420978822568,0.9732984999999914,0,0.919346151391362,52.10692084746684,0.021713745435454904,10.35919830960796,0.9905010306475359,0
..\..\..\files\weather\hourly\Spresiano.csv,7/16/2021 12:00:00 AM,26.6,14.3,0,7,99,45,0,0,10.450001,11.821058,822.4852,30.462418,77.01178,77,39.9411,0,0,0,0,0,0,0,0,20,3,16,9,7,16,2,2,1.0201105279469351,0,26.088389863913676,-133.7215557739564,5.8210339300486734E-05,0.9998051015421273,1,0.00667,1.0690024999999963,0,1.0690024999999963,52.10692084746684,0.012626804686059756,10.424010065533832,0.9908928604353914,0
..\..\..\files\weather\hourly\Spresiano.csv,7/17/2021 12:00:00 AM,25.4,15.6,0.4,7,99,55,0,0,10.5,11.832455,834.3177,30.900654,77.02295,77,39.885254,0,0,0,1,0,0,0,0,20,3,16,10,7,16,2,2,0.48249484131769743,0,26.57088470523138,-133.7215557739564,4.159607359073911E-05,0.9998633118814279,0.9636326451305007,0.08446782515981173,0.9298275000000018,0,0.8960121333400825,52.36674474960996,0.018717299246157698,10.516121936142428,0.9914222103576081,0
..\..\..\files\weather\hourly\Spresiano.csv,7/18/2021 12:00:00 AM,27.1,19.6,0,2,88,58,0,0,13.35,11.865945,846.18365,31.340134,77.03414,77,39.829292,0,0,0,0,0,0,0,0,20,3,16,10,7,16,2,2,0.7838545006629837,0,27.35473920589436,-133.7215557739564,2.9471262283957268E-05,0.9999049079550186,0.7115475914105005,0.08446782515981173,0.06512749999999556,0,0.046341315759584216,52.36674474960996,0.02238624076237516,10.614895457514745,0.9919558442640858,0
..\..\..\files\weather\hourly\Spresiano.csv,7/19/2021 12:00:00 AM,33.2,19.3,0,0,95,40,0,0,16.25,10.685367,856.869,31.735888,77.04423,77,39.778862,0,0,0,0,0,0,0,0,20,3,16,10,7,16,2,2,1.4364359241183882,0,28.791175130012746,-133.7215557739564,2.0703288290727582E-05,0.9999343792173025,0.9786475553404227,0.00667,1.0690024999999963,0,1.0461766832777966,52.36674474960996,0.02188250843570703,10.69042695035736,0.9923414868492535,0
..\..\..\files\weather\hourly\Spresiano.csv,7/20/2021 12:00:00 AM,32.8,18.7,0,2,99,30,0,0,15.75,10.974743,867.84375,32.14236,77.05458,77,39.727097,0,0,0,0,0,0,0,0,20,3,16,10,7,16,2,2,1.7981620337852662,0,30.589337163798007,-133.7215557739564,1.4420293982437732E-05,0.9999550825055933,0.9183168800000003,0.00667,0.06512749999999556,0,0.05980768260219595,52.36674474960996,0.01937481351741991,10.789932287369755,0.9928215577439655,0
..\..\..\files\weather\hourly\Spresiano.csv,7/21/2021 12:00:00 AM,31.1,19.8,0,0,89,45,0,0,15.450001,11.131313,878.97504,32.554634,77.06509,77,39.67457,0,0,0,0,0,0,0,0,20,3,16,10,7,16,2,2,1.4830188988399884,0,32.07235606263799,-133.7215557739564,9.958710129903525E-06,0.9999695027995757,0.7115475914105005,0.00667,0.7525065000000026,0,0.5354441875957476,52.36674474960996,0.0223800241229412,10.87263703969806,0.9931976689270591,0
..\..\..\files\weather\hourly\Spresiano.csv,7/22/2021 12:00:00 AM,31,20.6,0,3,92,45,0,0,15.799999,10.947404,889.9224,32.96009,77.07542,77,39.622917,0,0,0,0,0,0,0,0,20,3,16,10,7,16,2,2,1.481511491418708,0,33.55386755405671,-133.7215557739564,6.819087467466274E-06,0.9999794615097056,0.7455547032888186,0.00667,0.8785384999999977,0,0.654998510695302,52.36674474960996,0.022247859019710346,11.066715164212452,0.9940049259747635,0
..\..\..\files\weather\hourly\Spresiano.csv,7/23/2021 12:00:00 AM,29.9,19.2,1.4,5,96,48,0,0,14.549999,11.523885,901.4463,33.3869,77.08629,77,39.568558,0,0,0,1,0,0,0,0,20,3,16,11,7,16,2,2,1.3151348362249315,0,34.869002390281636,-133.7215557739564,4.629601640723874E-06,0.9999862805971731,0.9855028870152411,0.27927584516248083,1.0690024999999963,0,1.0535050499765066,52.36674474960996,0.0223800241229412,11.274276654685046,0.9947628303059762,0
..\..\..\files\weather\hourly\Spresiano.csv,7/24/2021 12:00:00 AM,31.4,18.4,0,3,98,47,0,0,14.9,11.385003,912.8313,33.808563,77.09703,77,39.514847,0,0,0,0,0,0,0,0,20,3,16,11,7,16,2,2,1.3951708495501545,0,36.26417323983179,-133.7215557739564,3.1164142242096723E-06,0.9999909101988138,0.7775234203207784,0.27927584516248083,0.8194314999999932,0,0.6371271825985806,52.36674474960996,0.02231992573622232,11.398299729169503,0.9951692669576945,0
..\..\..\files\weather\hourly\Spresiano.csv,7/25/2021 12:00:00 AM,31,18.8,0,3,100,49,0,0,14.9,11.385003,924.2163,34.230232,77.10777,77,39.461136,0,0,0,0,0,0,0,0,20,3,16,11,7,16,2,2,1.3466282358059374,0,37.61080147563773,-133.7215557739564,2.079988458224343E-06,0.999994026613038,0.7115475914105005,0.00667,0.7525065000000026,0,0.5354441875957476,52.36674474960996,0.022150463437232336,11.521822398385579,0.995542779329609,0
..\..\..\files\weather\hourly\Spresiano.csv,7/26/2021 12:00:00 AM,30,19.4,0,1,95,64,0,0,14.700001,11.466516,935.6828,34.65492,77.1186,77,39.407005,0,0,0,0,0,0,0,0,20,3,16,11,7,16,2,2,0.6900541905848879,0,38.30085566622262,-133.7215557739564,1.376451345797736E-06,0.9999961066014963,0.5969796934038909,0.00667,0.7525065000000026,0,0.4492310996544366,52.36674474960996,0.02238624076237516,11.703183243647208,0.9960395959431093,0
..\..\..\files\weather\hourly\Spresiano.csv,7/27/2021 12:00:00 AM,30.1,19,8.6,9,100,57,0,0,14.549999,11.523885,947.20667,35.08173,77.12947,77,39.352646,0,1,1,1,0,0,1,0,20,4,17,12,7,16,3,2,0.4525912701953557,0,38.75344693641797,-133.7215557739564,9.031398322656811E-07,0.9999974830528421,0.8354726314950569,1.6951126457725474,1.039618500000003,0,0.8685728039459464,52.7149774599931,0.02238624076237516,11.986283764210723,0.9967069436992562,0
..\..\..\files\weather\hourly\Spresiano.csv,7/28/2021 12:00:00 AM,27.8,18.7,20.2,18,100,68,0,0,13.25,11.885023,959.0917,35.52191,77.140686,77,39.29657,1,1,1,1,0,0,0,1,21,5,18,13,7,16,3,3,-0.2567770105837889,0,38.49666992583418,-133.7215557739564,5.875479584714515E-07,0.9999983861926743,1,3,1.0127274999999898,0,1.0127274999999898,55.4106658445821,0.022366160893215033,12.338540714326633,0.9973827319613979,0
..\..\..\files\weather\hourly\Spresiano.csv,7/29/2021 12:00:00 AM,30.3,17.7,0.2,11,100,52,0,0,14,11.706514,970.7982,35.95549,77.15173,77,39.241333,1,0,0,0,0,0,0,1,22,5,18,13,7,16,3,4,0.9222073615348957,0,39.418877287369085,-133.7215557739564,3.789883313894289E-07,0.9999989737406328,0.9554658487193829,3,1.0127274999999898,0,0.9676265403089491,56.24935697725576,0.02188250843570703,12.552993047304549,0.9977243520478072,0
..\..\..\files\weather\hourly\Spresiano.csv,7/30/2021 12:00:00 AM,31.3,18.3,0,8,100,51,0,0,14.799999,11.426477,982.2247,36.37869,77.16251,77,39.18743,0,0,0,0,0,0,0,0,22,5,18,13,7,16,3,4,1.2404717833209364,0,40.65934907069003,-133.7215557739564,2.423832187469731E-07,0.9999993527289642,0.7617916937283922,0.00667,1.0699464999999933,0,0.81507635643376,56.24935697725576,0.022204951704230116,12.72139483409279,0.9979610865575892,0
..\..\..\files\weather\hourly\Spresiano.csv,7/31/2021 12:00:00 AM,31,19.3,0,6,100,58,0,0,15.15,11.275049,993.4997,36.796284,77.17316,77,39.134216,0,0,0,0,0,0,0,0,22,5,18,13,7,16,3,4,1.0014314730449,0,41.66078054373493,-133.7215557739564,1.536998524558293E-07,0.999999595112183,0.6937698451091674,0.00667,0.5952024999999992,0,0.41293354623358863,56.24935697725576,0.02202840411148315,12.851452377576503,0.998126941742545,0
..\..\..\files\weather\hourly\Spresiano.csv,8/1/2021 12:00:00 AM,30.6,20.1,0,2,97,58,0,0,15.35,11.180653,1004.68036,37.210384,77.1837,77,39.081497,0,0,0,0,0,0,0,0,22,5,18,13,7,16,3,4,1.3076027367169378,0,42.968383280451874,-133.7215557739564,9.663591102539167E-08,0.9999997488120353,0.6566464018185343,0.00667,1.0699464999999933,0,0.70257651936333,56.24935697725576,0.022247859019710346,13.051273855896842,0.9983558825431129,0
..\..\..\files\weather\hourly\Spresiano.csv,8/2/2021 12:00:00 AM,28.3,15.7,15.8,16,100,68,0,0,12,12,1016.68036,37.65483,77.19503,77,39.02485,1,1,1,1,0,0,0,1,23,6,19,14,7,16,3,5,-0.305340982435276,0,42.66304229801659,-133.7215557739564,6.024178509282621E-08,0.9999998454479464,0.9797726449298856,3,1.0127274999999898,0,0.9922427012682207,59.46475406049707,0.02202840411148315,13.39703149561562,0.9986879507341337,0
..\..\..\files\weather\hourly\Spresiano.csv,8/3/2021 12:00:00 AM,26.6,14.7,0.2,7,100,56,0,0,10.65,11.864385,1028.5448,38.094254,77.20622,77,38.968887,1,0,0,0,0,0,0,0,24,6,19,14,7,16,3,5,0.6573855523729547,0,43.32042785038955,-133.7215557739564,3.723499605270239E-08,0.9999999056897315,1,1.933342373181068,1.036786499999998,0,1.036786499999998,62.324987922212614,0.018717299246157698,13.515191746152066,0.9987853204069759,0
..\..\..\files\weather\hourly\Spresiano.csv,8/4/2021 12:00:00 AM,27.6,15.3,0,3,99,52,0,0,11.450001,11.9775715,1040.5223,38.537865,77.21752,77,38.91239,0,0,0,0,0,0,0,0,24,6,19,14,7,16,3,5,1.083771202429883,0,44.404199052819436,-133.7215557739564,2.2819124840153862E-08,0.9999999429247276,0.9078904497013098,0.04555995657963896,0.9298275000000018,0,0.8441815071196463,62.324987922212614,0.02188250843570703,13.652318851174316,0.9988893023022851,0
..\..\..\files\weather\hourly\Spresiano.csv,8/5/2021 12:00:00 AM,26.3,18.7,0.2,7,98,68,0,0,12.5,11.981547,1052.5039,38.981625,77.22883,77,38.855858,0,0,0,0,0,0,0,0,24,6,19,14,7,16,3,5,0.5763159283256012,0,44.980514981145035,-133.7215557739564,1.3865669653384039E-08,0.9999999657438524,0.8970008473849844,0.04555995657963896,0.9298275000000018,0,0.8340560554218632,62.70112609621731,0.0223800241229412,13.881572917059275,0.9990436557029657,0
..\..\..\files\weather\hourly\Spresiano.csv,8/6/2021 12:00:00 AM,28.1,17.4,0.4,1,97,49,0,0,12.75,11.958525,1064.4624,39.424534,78.0036,78,34.981995,0,0,0,1,0,0,0,0,24,6,19,15,7,16,3,5,1.1481585716434575,0,46.1286735527885,-133.7215557739564,8.353662135350117E-09,0.999999979609522,1,0.12339360574051833,1.0690024999999963,0,1.0690024999999963,62.76104093651114,0.017686593562080025,14.014181279297249,0.9991229496447874,0
..\..\..\files\weather\hourly\Spresiano.csv,8/7/2021 12:00:00 AM,28.7,16.4,0,5,99,52,0,0,12.549999,11.977676,1076.4401,39.86815,78.01275,78,34.936256,0,0,0,0,0,0,0,0,24,6,19,15,7,16,3,5,1.2376983745855445,0,47.36637192737405,-133.7215557739564,4.990075951947903E-09,0.9999999879631841,0.9468545707053291,0.00667,1.039618500000003,0,0.9843675285148211,62.76104093651114,0.02188250843570703,14.152238322541479,0.9991985272487247,0
..\..\..\files\weather\hourly\Spresiano.csv,8/8/2021 12:00:00 AM,28.8,19.7,0,5,100,55,0,0,14.25,11.628907,1088.069,40.29885,78.02163,78,34.891853,0,0,0,0,0,0,0,0,24,6,19,15,7,16,3,5,0.9724239476508447,0,48.338795875024886,-133.7215557739564,2.9555043173245734E-09,0.99999999295326,0.4386112771731703,0.00667,0.7525065000000026,0,0.3300578370461134,62.76104093651114,0.022366160893215033,14.34374235554057,0.9992927063261464,0
..\..\..\files\weather\hourly\Spresiano.csv,8/9/2021 12:00:00 AM,30,19.3,0,0,94,56,0,0,14.65,11.485998,1099.5549,40.72426,78.030396,78,34.848022,0,0,0,0,0,0,0,0,24,6,19,15,7,16,3,5,1.0079999127336268,0,49.34679578775851,-133.7215557739564,1.7356023631826542E-09,0.9999999959087643,0.9786475553404227,0.00667,1.0568034999999938,0,1.0342381617501963,62.76104093651114,0.0223800241229412,14.55447380189678,0.9993836075830798,0
..\..\..\files\weather\hourly\Spresiano.csv,8/10/2021 12:00:00 AM,30.8,18.3,0,5,99,47,0,0,14.549999,11.523885,1111.0789,41.151066,78.0392,78,34.804,0,0,0,0,0,0,0,0,24,6,19,15,7,16,3,5,1.3056548702771764,0,50.65245065803569,-133.7215557739564,1.010562224514369E-09,0.9999999976443666,0.9468545707053291,0.00667,1.0568034999999938,0,1.0006392243123834,62.76104093651114,0.022247859019710346,14.73172050728917,0.9994509577514635,0
..\..\..\files\weather\hourly\Spresiano.csv,8/11/2021 12:00:00 AM,31.6,17.3,0,6,100,44,0,0,14.450001,11.560331,1122.6392,41.579227,78.04803,78,34.759865,0,0,0,0,0,0,0,0,24,6,19,15,7,16,3,5,1.6150264423143783,0,52.267477100350064,-133.7215557739564,5.834049097607056E-10,0.9999999986549288,0.9282839056385559,0.00667,1.008951499999995,0,0.9365934390198747,62.76104093651114,0.02228906194204269,14.907540796456981,0.999510495073285,0
..\..\..\files\weather\hourly\Spresiano.csv,8/12/2021 12:00:00 AM,33.8,17.6,0,5,100,38,0,0,15.700001,11.001728,1133.6409,41.9867,78.05643,78,34.717865,0,0,0,0,0,0,0,0,24,6,19,15,7,16,3,5,1.7830280299154821,0,54.05050513026555,-133.7215557739564,3.3394219072783774E-10,0.9999999992383337,0.28067259207752016,0.00667,0,0,0,62.76104093651114,0.022204951704230116,15.030482527122844,0.9995482484047842,0
..\..\..\files\weather\hourly\Spresiano.csv,8/13/2021 12:00:00 AM,33.8,20.3,0,0,90,39,0,0,17.05,10.148786,1143.7897,42.36258,78.06418,78,34.679108,0,0,0,0,0,0,0,0,24,6,19,15,7,16,3,5,1.806287937338782,0,55.85679306760433,-133.7215557739564,1.8952508348080662E-10,0.9999999995722759,0.5545010895376001,0.00667,0.8785384999999977,0,0.4871505554507276,62.76104093651114,0.0223800241229412,15.196387308561123,0.9995946220533753,0
..\..\..\files\weather\hourly\Spresiano.csv,8/14/2021 12:00:00 AM,35.1,20.3,0,0,97,48,0,0,17.699999,9.646479,1153.4362,42.71986,78.07154,78,34.642296,0,0,0,0,0,0,0,0,24,6,19,15,7,16,3,5,1.66994200077395,0,57.52673506837827,-133.7215557739564,1.0664887873797904E-10,0.999999999761801,0.28067259207752016,0.00667,1.0733834999999985,0,0.30126932923824046,62.76104093651114,0.022366160893215033,15.373189346605866,0.9996388150311517,0
..\..\..\files\weather\hourly\Spresiano.csv,8/15/2021 12:00:00 AM,35.3,20.8,0,5,100,48,0,0,18.05,9.351484,1162.7876,43.066208,78.07868,78,34.60659,0,0,0,0,0,0,0,0,24,6,19,15,7,16,3,5,1.7316920769529631,0,59.25842714533124,-133.7215557739564,5.950316731136295E-11,0.9999999998684499,0.22330574264031067,0.00667,1.0568034999999938,0,0.23599029039237818,62.76104093651114,0.02228906194204269,15.565534501387202,0.9996814402234891,0
..\..\..\files\weather\hourly\Spresiano.csv,8/16/2021 12:00:00 AM,34.7,21.8,0,1,96,44,0,0,18.25,9.175232,1171.9629,43.406033,78.08569,78,34.571533,0,0,0,0,0,0,0,0,24,6,19,15,7,16,3,5,1.7584174965032293,0,61.01684464183447,-133.7215557739564,3.291683463804418E-11,0.9999999999279531,0.22330574264031067,0.00667,0,0,0,62.76104093651114,0.0223800241229412,15.72671383228952,0.9997132599805735,0
..\..\..\files\weather\hourly\Spresiano.csv,8/17/2021 12:00:00 AM,32,18.2,15,6,100,50,0,0,15.1,11.297755,1183.2606,43.824467,78.09432,78,34.52839,1,1,1,1,0,0,0,0,25,7,20,16,7,16,3,5,1.4481187171230445,0,62.46496335895752,-133.7215557739564,1.805469850147507E-11,0.9999999999608699,1,2.9731225479512218,1.0586914999999948,0,1.0586914999999948,62.76104093651114,0.02238624076237516,15.906302684785453,0.9997449855283177,0
..\..\..\files\weather\hourly\Spresiano.csv,8/18/2021 12:00:00 AM,28.3,15.8,0.2,6,100,41,0,0,12.049999,11.999815,1195.2604,44.2689,78.103485,78,34.482574,1,0,0,0,0,0,0,0,26,7,20,16,7,16,3,5,1.5383831186617631,0,64.00334647761927,-133.7215557739564,9.818759163271203E-12,0.9999999999789245,0.9855028870152411,3,0,0,0,64.30644805033342,0.01065948969388774,15.96961971595971,0.9997553130988567,0
..\..\..\files\weather\hourly\Spresiano.csv,8/19/2021 12:00:00 AM,27.5,18,0,2,83,39,0,0,12.75,11.958525,1207.2189,44.71181,78.11262,78,34.436913,0,0,0,0,0,0,0,0,26,7,20,16,7,16,3,5,1.5294696690573746,0,65.53281614667664,-133.7215557739564,5.294405090802474E-12,0.9999999999887433,0.9078904497013098,0.00667,0,0,0,64.30644805033342,0.01803437830533468,16.000900346686784,0.9997602598422571,0
..\..\..\files\weather\hourly\Spresiano.csv,8/20/2021 12:00:00 AM,28.9,15,0,9,96,36,0,0,11.950001,11.999815,1219.2186,45.156246,78.12178,78,34.391098,0,0,0,0,0,0,0,0,26,7,20,16,7,16,3,5,1.5976519263901283,0,67.13046807306678,-133.7215557739564,2.8305570962889394E-12,0.9999999999940378,1,0.00667,1.036786499999998,0,1.036786499999998,64.30644805033342,0.014552623975001436,16.058291171552455,0.9997690771062263,0
..\..\..\files\weather\hourly\Spresiano.csv,8/21/2021 12:00:00 AM,29.7,16.7,0,12,96,40,0,0,13.200001,11.894016,1231.1127,45.596767,78.13086,78,34.345703,0,0,0,0,0,0,0,1,26,7,20,16,7,16,3,6,1.6064711075851934,0,68.73693918065199,-133.7215557739564,1.5004477076755093E-12,0.9999999999968683,1,0.00667,1.036786499999998,0,1.036786499999998,64.30644805033342,0.020568793598028105,16.189661496313263,0.9997880588732322,0
..\..\..\files\weather\hourly\Spresiano.csv,8/22/2021 12:00:00 AM,31,16.6,0,10,96,44,0,0,13.799999,11.762096,1242.8748,46.0324,78.13985,78,34.300766,0,0,0,0,0,0,0,0,26,7,20,16,7,16,3,6,1.594461352629316,0,70.3314005332813,-133.7215557739564,7.88613126402864E-13,0.9999999999983687,0.9636326451305007,0.00667,1.0690024999999963,0,1.0301257067261145,64.30644805033342,0.022247859019710346,16.343298325910194,0.9998082880857223,0
..\..\..\files\weather\hourly\Spresiano.csv,8/23/2021 12:00:00 AM,31.1,17.2,0,8,100,45,0,0,14.150002,11.661034,1254.5358,46.464287,78.14875,78,34.25625,0,0,0,0,0,0,0,0,26,7,20,16,7,16,3,6,1.4923386871989135,0,71.82373922048022,-133.7215557739564,4.1096168305107836E-13,0.9999999999991573,0.7288078867438033,0.00667,0.8785384999999977,0,0.6402857876080691,64.30644805033342,0.02238624076237516,16.525318727156584,0.9998297708926933,0
..\..\..\files\weather\hourly\Spresiano.csv,8/24/2021 12:00:00 AM,24.4,14.9,1.8000001,8,100,57,0,0,9.65,11.587064,1266.1228,46.893436,78.1576,78,34.211998,0,0,0,0,0,0,0,0,26,7,20,16,7,16,3,6,0.8658145912133627,0,72.68955381169359,-133.7215557739564,2.1234050875424644E-13,0.9999999999995683,0.9198704055467259,0.3573244499625816,1.0127274999999898,0,0.9315780561333125,64.82573866992396,0.02231992573622232,16.685628929013646,0.9998466886044692,0
..\..\..\files\weather\hourly\Spresiano.csv,8/25/2021 12:00:00 AM,28.4,13.7,0.4,10,100,37,0,0,11.049999,11.932967,1278.0558,47.3354,78.16671,78,34.16645,0,0,0,0,0,0,0,0,26,7,20,16,7,16,3,6,1.5148591870527048,0,74.20441299874629,-133.7215557739564,1.0878238300303205E-13,0.9999999999997807,0.9979280779280003,0.08446782515981173,0.7525065000000026,0,0.7509473651733294,65.4408310537164,0.019995865540679246,16.786781685098855,0.9998564873380055,0
..\..\..\files\weather\hourly\Spresiano.csv,8/26/2021 12:00:00 AM,26.4,15.7,0,2,91,41,0,0,11.049999,11.932967,1289.9888,47.77736,78.17582,78,34.120903,0,0,0,0,0,0,0,0,26,7,20,16,7,16,3,6,1.3595388462341549,0,75.56395184498045,-133.7215557739564,5.525587690935283E-14,0.9999999999998895,1,0.08446782515981173,0.6777634999999975,0,0.6777634999999975,65.4408310537164,0.014552623975001436,16.880917893733717,0.9998650429469507,0
..\..\..\files\weather\hourly\Spresiano.csv,8/27/2021 12:00:00 AM,27,13,10.200001,9,100,43,0,0,10,11.701426,1301.6902,48.21075,78.18476,78,34.076195,1,1,1,1,0,0,0,0,27,8,21,17,7,16,3,6,1.203382690812079,0,76.76733453579253,-133.7215557739564,2.7828677974487277E-14,0.9999999999999448,1,2.0128956366458834,1.0699464999999933,0,1.0699464999999933,67.44639184056327,0.019049905232834126,16.985018043865885,0.99987391155073,0
..\..\..\files\weather\hourly\Spresiano.csv,8/28/2021 12:00:00 AM,24,15.3,14.6,8,100,45,0,0,9.65,11.587064,1313.2772,48.639896,79.002426,79,29.98787,1,1,1,1,0,0,0,0,28,9,22,18,7,16,3,6,1.111107611939478,0,77.878442147732,-133.7215557739564,1.3896353955284334E-14,0.9999999999999727,1,3,0,0,0,70.6738319812216,0.016631713933684684,17.110655280868468,0.9998838424465218,0
..\..\..\files\weather\hourly\Spresiano.csv,8/29/2021 12:00:00 AM,23.9,14.8,0,5,92,40,0,0,9.35,11.474102,1324.7513,49.064865,79.00978,79,29.951096,0,0,0,0,0,0,0,0,28,9,22,18,7,16,3,6,1.109578149979184,0,78.98802029771117,-133.7215557739564,6.880236269190729E-15,0.9999999999999866,0.9110607217927359,0.04555995657963896,0.9298275000000018,0,0.8471293132927368,70.6738319812216,0.009449219782398146,17.178437745852943,0.999888871403887,0
..\..\..\files\weather\hourly\Spresiano.csv,8/30/2021 12:00:00 AM,24.8,11.6,1,11,100,42,0,0,8.200001,10.9119,1335.6632,49.46901,79.01678,79,29.916115,0,0,0,1,0,0,0,0,28,9,22,19,7,16,3,6,1.0315643130593026,0,80.01958461077048,-133.7215557739564,3.3775363330057233E-15,0.9999999999999934,0.7960829684742449,0.20129890580706597,1.0127274999999898,0,0.8062151144554927,71.40894192898719,0.009449219782398146,17.234106889866524,0.9998928383880618,0
..\..\..\files\weather\hourly\Spresiano.csv,8/31/2021 12:00:00 AM,23.8,12.8,5.6000004,17,100,53,0,0,8.299999,10.968994,1346.6322,49.875267,79.02381,79,29.880943,0,1,1,1,0,0,0,0,28,10,23,20,7,16,3,6,0.10024484419458381,0,80.11982945496506,-133.7215557739564,1.6439586864358592E-15,0.9999999999999968,0.8193642724323759,1.299496129878045,1.039618500000003,0,0.8518262558597405,73.70843805886524,0.01837836095770071,17.353737817563232,0.9999008907162437,0
..\..\..\files\weather\hourly\Spresiano.csv,9/1/2021 12:00:00 AM,24.7,12.4,0,12,100,56,0,0,8.549999,11.104855,1357.737,50.286556,79.03094,79,29.845314,0,0,0,0,0,0,0,0,28,10,23,20,7,16,3,6,0.9979797024604458,0,81.1178091574255,-133.7215557739564,7.933703420451359E-16,0.9999999999999984,0.9283935050000003,1.102359543905495,1.0127274999999898,0,0.9402096333348783,74.13282692939342,0.012626804686059756,17.448537510761145,0.9999068396788133,0
..\..\..\files\weather\hourly\Spresiano.csv,9/2/2021 12:00:00 AM,26.8,13.4,0,9,100,45,0,0,10.099998,11.730667,1369.4678,50.72103,79.03846,79,29.807701,0,0,0,0,0,0,0,0,28,10,23,20,7,16,3,6,1.5851300538114264,0,82.70293921123694,-133.7215557739564,3.7962535959232577E-16,0.9999999999999992,1,0.00667,0.8194314999999932,0,0.8194314999999932,74.13282692939342,0.009225987251413565,17.51601958202223,0.9999108555481718,0
..\..\..\files\weather\hourly\Spresiano.csv,9/3/2021 12:00:00 AM,26.1,14.3,0,4,98,48,0,0,10.200001,11.75839,1381.2262,51.15653,79.046,79,29.770012,0,0,0,0,0,0,0,0,28,10,23,20,7,16,3,6,1.5306438364025716,0,84.2335830476395,-133.7215557739564,1.8010620011450664E-16,0.9999999999999996,1,0.00667,0.9732984999999914,0,0.9732984999999914,74.13282692939342,0.012626804686059756,17.575597599334504,0.9999142569216568,0
..\..\..\files\weather\hourly\Spresiano.csv,9/4/2021 12:00:00 AM,26.4,13,0,2,99,44,0,0,9.700001,11.604548,1392.8307,51.586323,79.053444,79,29.73278,0,0,0,0,0,0,0,0,28,10,23,20,7,16,3,6,1.611900587872283,0,85.84548363551177,-133.7215557739564,8.47220202655687E-17,0.9999999999999998,0.8193642724323759,0.00667,1.039618500000003,0,0.8518262558597405,74.13282692939342,0.01146344546544497,17.661457869696015,0.9999189317862923,0
..\..\..\files\weather\hourly\Spresiano.csv,9/5/2021 12:00:00 AM,27.3,12.3,0,11,100,39,0,0,9.799999,11.638368,1404.4691,52.017372,79.060905,79,29.695473,0,0,0,0,0,0,0,0,28,10,23,20,7,16,3,6,1.5468365236912829,0,87.39232015920304,-133.7215557739564,3.951464964106154E-17,0.9999999999999999,0.9019672922707105,0.00667,1.0699464999999933,0,0.9650567474795176,74.13282692939342,0.014218359883750739,17.74416153199217,0.9999231936296185,0
..\..\..\files\weather\hourly\Spresiano.csv,9/6/2021 12:00:00 AM,27.7,14.1,0,4,100,40,0,0,10.900002,11.910066,1416.3792,52.45849,79.06854,79,29.657288,0,0,0,0,0,0,0,0,28,10,23,20,7,16,3,6,1.7902707772409718,0,89.18259093644402,-133.7215557739564,1.8273181182457858E-17,0.9999999999999999,1,0.00667,0.406626499999998,0,0.406626499999998,74.13282692939342,0.01146344546544497,17.78933790136479,0.9999254262527622,0
..\..\..\files\weather\hourly\Spresiano.csv,9/7/2021 12:00:00 AM,28.3,14.8,0,0,89,33,0,0,11.549999,11.984993,1428.3641,52.902378,79.07623,79,29.618835,0,0,0,0,0,0,0,0,28,10,23,20,7,16,3,6,1.8855028594589653,0,91.06809379590298,-133.7215557739564,8.378463415095841E-18,0.9999999999999999,1,0.00667,0,0,0,74.13282692939342,0.010156218181460307,17.867657772333388,0.9999291441511794,0
..\..\..\files\weather\hourly\Spresiano.csv,9/8/2021 12:00:00 AM,28.1,13.1,0,1,92,32,0,0,10.6,11.854118,1440.2183,53.34142,84.0014,84,12.4964905,0,0,0,0,0,0,0,0,28,10,23,20,7,16,3,6,1.873039317534131,0,92.94113311343712,-133.7215557739564,3.808980834201852E-18,0.9999999999999999,1,0.00667,0,0,0,74.13282692939342,0.0065316295609046185,17.898868954811498,0.9999305735910539,0
..\..\..\files\weather\hourly\Spresiano.csv,9/9/2021 12:00:00 AM,27.7,13.4,0,0,84,28,0,0,10.549999,11.843475,1452.0618,53.780067,84.008156,84,12.47961,0,0,0,0,0,0,0,0,28,10,23,20,7,16,3,6,1.897714529709043,0,94.83884764314617,-133.7215557739564,1.7169094447109658E-18,0.9999999999999999,0.759281338632958,0.00667,0.06512749999999556,0,0.0494500953818146,74.13282692939342,0.008198027468244658,17.93480859770676,0.9999321839056963,0
..\..\..\files\weather\hourly\Spresiano.csv,9/10/2021 12:00:00 AM,28,10.9,0,2,92,32,0,0,9.450001,11.513293,1463.5751,54.206486,84.01472,84,12.463207,0,0,0,0,0,0,0,0,28,10,23,20,7,16,3,6,1.7821864068350184,0,96.62103404998119,-133.7215557739564,7.673264777934437E-19,0.9999999999999999,0.6201454365234379,0.00667,1.008951499999995,0,0.6256966683984743,74.13282692939342,0.007141695906768869,17.983151199006983,0.9999342911985373,0
..\..\..\files\weather\hourly\Spresiano.csv,9/11/2021 12:00:00 AM,27.6,10.9,0,7,98,35,0,0,9.25,11.433371,1475.0084,54.62994,84.02123,84,12.4469185,0,0,0,0,0,0,0,0,28,10,23,20,7,16,3,6,1.660040413521404,0,98.2810744635026,-133.7215557739564,3.400221207330732E-19,0.9999999999999999,0.8628167598542678,0.00667,1.0733834999999985,0,0.9261332735510321,74.13282692939342,0.007141695906768869,18.028276453864294,0.9999361991161609,0
..\..\..\files\weather\hourly\Spresiano.csv,9/12/2021 12:00:00 AM,27.6,11.8,0,7,100,44,0,0,9.700001,11.604548,1486.6129,55.05974,84.02784,84,12.430401,0,0,0,0,0,0,0,0,28,10,23,20,7,16,3,6,1.511191923603042,0,99.79226638710564,-133.7215557739564,1.493923474518418E-19,0.9999999999999999,0.9858924031138201,0.00667,1.0568034999999938,0,1.04189454223409,74.13282692939342,0.013888969432762167,18.1112018259678,0.9999395619751675,0
..\..\..\files\weather\hourly\Spresiano.csv,9/13/2021 12:00:00 AM,29.8,13.2,0,4,100,35,0,0,11.5,11.981468,1498.5944,55.503494,84.03467,84,12.41333,0,0,0,0,0,0,0,0,28,10,23,20,7,16,3,6,1.8506992551394983,0,101.64296564224513,-133.7215557739564,6.507942750011965E-20,0.9999999999999999,1,0.00667,0.9732984999999914,0,0.9732984999999914,74.13282692939342,0.009678605876887252,18.17720459034106,0.9999421114316813,0
..\..\..\files\weather\hourly\Spresiano.csv,9/14/2021 12:00:00 AM,30.7,13.9,0,3,98,33,0,0,12.299999,11.993353,1510.5878,55.947697,84.041504,84,12.39624,0,0,0,0,0,0,0,0,28,10,23,20,7,16,3,6,1.8700545720347936,0,103.51302021427993,-133.7215557739564,2.810951087243304E-20,0.9999999999999999,0.9971855540480002,0.00667,0.9298275000000018,0,0.9272105507565688,74.13282692939342,0.013888969432762167,18.26045404592003,0.9999451742724995,0
..\..\..\files\weather\hourly\Spresiano.csv,9/15/2021 12:00:00 AM,30.5,13.7,0,2,99,36,0,0,12.1,11.99926,1522.587,56.392117,88.004616,88,2.4884605,0,0,0,0,0,0,0,0,28,10,23,20,7,16,3,6,1.81537205371457,0,105.32839226799452,-133.7215557739564,1.2038075031805622E-20,0.9999999999999999,1,0.00667,0.8194314999999932,0,0.8194314999999932,74.13282692939342,0.013564825706431674,18.338635429301814,0.999947902941691,0
..\..\..\files\weather\hourly\Spresiano.csv,9/16/2021 12:00:00 AM,28,14.3,0,0,98,54,0,0,11.15,11.94636,1534.5334,56.83457,88.00982,88,2.4754524,0,0,0,0,0,0,0,0,28,10,23,20,7,16,3,6,1.4432876092237434,0,106.77167987721826,-133.7215557739564,5.111578040103211E-21,0.9999999999999999,0.8615153544905008,0.00667,1.0699464999999933,0,0.9217753382333648,74.13282692939342,0.022150463437232336,18.495801570082712,0.9999529843024854,0
..\..\..\files\weather\hourly\Spresiano.csv,9/17/2021 12:00:00 AM,23.7,19.6,1.8,11,100,77,0,0,11.650002,11.990926,1546.5244,57.27868,88.015045,88,2.462387,0,0,0,1,0,0,0,1,28,10,23,21,7,16,3,7,0.37679725057052577,0,107.14847712778878,-133.7215557739564,2.152024136720681E-21,0.9999999999999999,0.9554658487193829,0.4354446736707678,1.0127274999999898,0.002,0.9676265403089491,75.1030024122508,0.02238624076237516,18.86275350922572,0.9999630018863715,0
..\..\..\files\weather\hourly\Spresiano.csv,9/18/2021 12:00:00 AM,25.4,17.4,12.8,8,100,59,0,0,11.4,11.973303,1558.4977,57.722134,88.02026,88,2.4493408,1,1,1,1,0,0,1,0,29,11,24,22,7,16,4,7,0.99083131220203,0,108.13930843999081,-133.7215557739564,8.983249725149445E-22,0.9999999999999999,0.9855028870152411,3,0.3006114999999987,0,0.2962535011199809,77.80347000861407,0.02231992573622232,19.056253847412588,0.9999673934429929,0
..\..\..\files\weather\hourly\Spresiano.csv,9/19/2021 12:00:00 AM,25.2,16.3,0,0,90,51,0,0,10.75,11.883785,1570.3815,58.162277,88.02544,88,2.436409,0,0,0,0,0,0,0,0,29,11,24,22,7,16,4,7,1.4004587320830237,0,109.53976717207384,-133.7215557739564,3.718039506342771E-22,0.9999999999999999,0.9919285609420946,0.04555995657963896,0.5952024999999992,0,0.5903983592941362,77.80347000861407,0.019690615945384234,19.22050152942394,0.999970709555836,0
..\..\..\files\weather\hourly\Spresiano.csv,9/20/2021 12:00:00 AM,20.7,14.1,5.6,10,100,76,0,0,7.4000015,10.398029,1580.7795,58.54739,88.02997,88,2.4250793,0,1,1,0,0,0,0,0,29,12,25,22,7,16,4,7,-0.003171970101529055,0,109.5365952019723,-133.7215557739564,1.5257687648974167E-22,0.9999999999999999,0.8416166261711313,1.1811603794417231,1.0127274999999898,0.002,1.0289501319227123,79.37582949090078,0.017686593562080025,19.452097952264683,0.9999748204812391,0
..\..\..\files\weather\hourly\Spresiano.csv,9/21/2021 12:00:00 AM,23.5,12.3,3.6,14,100,53,0,0,7.8999996,10.7311325,1591.5106,58.94484,88.034645,88,2.4133873,0,1,1,0,0,0,0,0,29,13,26,22,7,16,4,7,1.0355918628901424,0,110.57218706486243,0,1.183007059957957E-27,0.9999999999999999,0.8523496066392833,1.9731099851820617,0.8194314999999932,0,0.6984421166928321,82.23493947608284,0.016631713933684684,19.552999216871648,0.9999764260286738,0
..\..\..\files\weather\hourly\Spresiano.csv,9/22/2021 12:00:00 AM,22.3,11.3,0.2,6,100,45,0,0,6.799999,9.945159,1601.4558,59.31318,88.03898,88,2.4025536,0,0,0,0,0,0,0,0,29,13,26,22,7,16,4,7,1.1964316257435035,0,111.76861869060595,0,0,0,0.6550556597200801,0.74864212125999,1.036786499999998,0,0.6791528647463715,83.09598488002642,0.006677672465257637,19.60976713534155,0.9999772838943785,0
..\..\..\files\weather\hourly\Spresiano.csv,9/23/2021 12:00:00 AM,21.8,11.3,0,5,100,52,0,0,6.549999,9.739136,1611.195,59.67389,88.04322,88,2.3919487,0,0,0,0,0,0,0,0,29,13,26,22,7,16,4,7,1.0672576308244057,0,112.83587632143035,-7.675000092387199,0,0,0.49618346792295015,0.00667,1.039618500000003,0,0.5158415126468571,83.09598488002642,0.007647283576645276,19.668867696445943,0.9999781438589878,0
..\..\..\files\weather\hourly\Spresiano.csv,9/24/2021 12:00:00 AM,21.3,8.9,0,9,100,57,0,-1.0512099,5.14879,8.338066,1619.533,59.982704,88.04685,88,2.3828697,0,0,0,0,0,0,0,0,29,13,26,22,7,16,4,7,0.9579009240319282,0,113.79377724546227,-7.675000092387199,0,0,0.9733417005673772,0.00667,0.406626499999998,0,0.39578652900575867,83.09598488002642,0.009225987251413565,19.735423553076405,0.9999790733927044,0
..\..\..\files\weather\hourly\Spresiano.csv,9/25/2021 12:00:00 AM,22.1,10.7,0,14,100,59,0,0,6.3999996,9.61058,1629.1436,60.338654,88.05104,88,2.3723984,0,0,0,0,0,0,0,0,29,13,26,22,7,16,4,7,0.8467908193802907,0,114.64056806484255,-7.675000092387199,0,0,0.9595584249908107,0.00667,1.0127274999999898,0,0.9717712048448715,83.49598508575784,0.01065948969388774,19.812322326266333,0.9999800982625057,0
..\..\..\files\weather\hourly\Spresiano.csv,9/26/2021 12:00:00 AM,23.2,15.4,0,10,100,62,0,0,9.299999,11.453929,1640.5975,60.76287,88.05603,88,2.3599243,0,0,0,0,0,0,0,0,29,13,26,22,7,16,4,7,0.8683947574136377,0,115.50896282225618,-7.675000092387199,0,0,1,0.00667,1.0127274999999898,0,1.0127274999999898,84.02797648197833,0.016279621132666545,19.94005873395079,0.9999816909410615,0
..\..\..\files\weather\hourly\Spresiano.csv,9/27/2021 12:00:00 AM,22.7,16.9,2,12,100,72,0,0,9.799999,11.638368,1652.236,61.193924,88.061104,88,2.3472404,0,0,0,0,0,0,0,1,29,13,26,22,7,16,4,8,0.2140131402608128,0,115.722975962517,-7.675000092387199,0,0,1,0.3963756087306171,1.0127274999999898,0,1.0127274999999898,85.06123278483786,0.020289083193563175,20.189577596682195,0.9999844437650388,0
..\..\..\files\weather\hourly\Spresiano.csv,9/28/2021 12:00:00 AM,23.8,14.2,0.2,14,100,69,0,0,9,11.324781,1663.5608,61.61336,88.06604,88,2.3349,0,0,0,0,0,0,0,0,29,13,26,22,7,16,4,8,0.506646287428787,0,116.22962224994579,-13.55000018775463,0,0,0.8523496066392833,0.4354446853169288,1.0127274999999898,0,0.863197886257776,86.38267747015479,0.020833506945891173,20.353893327105798,0.9999860264795841,0
..\..\..\files\weather\hourly\Spresiano.csv,9/29/2021 12:00:00 AM,27.4,12.6,0,10,100,48,0,0,10,11.701426,1675.2622,62.04675,88.07114,88,2.3221588,0,0,0,0,0,0,0,0,29,13,26,22,7,16,4,8,1.282577876772305,0,117.5122001267181,-21.225000280141828,0,0,0.9283935050000003,0.00667,1.039618500000003,0,0.9651750630778457,86.57967922432935,0.01937481351741991,20.466927705270383,0.9999870207336515,0
..\..\..\files\weather\hourly\Spresiano.csv,9/30/2021 12:00:00 AM,27.1,14.6,6,7,100,46,0,0,10.85,11.901682,1687.164,62.487556,88.076324,88,2.3091888,0,1,1,1,0,0,0,0,29,14,27,23,7,16,4,8,1.4226420952915038,0,118.9348422220096,-21.225000280141828,0,0,0.9595584249908107,3,1.039618500000003,0.002,2.8805943918224135,87.85888420464674,0.014552623975001436,20.563332310240792,0.9999878126152864,0
..\..\..\files\weather\hourly\Spresiano.csv,10/1/2021 12:00:00 AM,23.3,13,0.6,7,100,46,0,0,8.15,10.88276,1698.0468,62.890617,88.08106,88,2.2973442,0,0,0,1,0,0,1,0,29,14,27,24,7,16,5,8,0,0,0,-23.10000037550926,0,0,0.9198704055467259,3,0,0,0,91.10088420464675,0.012032217562516991,20.619329586156127,0.9999882502099245,0
..\..\..\files\weather\hourly\Spresiano.csv,10/2/2021 12:00:00 AM,22.7,8.7,0,3,99,38,0,-1.2396436,5.7603574,8.961042,1707.0078,63.22251,88.08497,88,2.2875786,0,0,0,0,0,0,0,0,29,14,27,24,7,16,5,8,0,0,0,-28.088235608386057,0,0,0.49618346792295015,0.00667,0.9732984999999914,0,0.4829346250542012,91.10088420464675,0.004676907099441197,20.65219695974438,0.9999884997002033,0
..\..\..\files\weather\hourly\Spresiano.csv,10/3/2021 12:00:00 AM,21,9.4,0,7,100,58,0,-0.58448315,5.215517,8.446211,1715.454,63.53533,88.08865,88,2.278366,0,0,0,0,0,0,0,0,29,14,27,24,7,16,5,8,0,0,0,-28.088235608386057,0,0,0.7335267383413079,0.00667,1.0127274999999898,0,0.7428626999035394,91.39233401465417,0.006677672465257637,20.70030972687327,0.9999888553936525,0
..\..\..\files\weather\hourly\Spresiano.csv,10/4/2021 12:00:00 AM,23.5,13.7,0,7,100,61,0,0,8.6,11.130852,1726.5848,63.94759,88.0935,88,2.2662544,0,0,0,0,0,0,0,0,29,14,27,24,7,16,5,8,0,0,0,-28.088235608386057,0,0,1,0.00667,1.0127274999999898,0,1.0127274999999898,92.06351583380824,0.0117445704009218,20.790433383592575,0.9999894923326357,0
..\..\..\files\weather\hourly\Spresiano.csv,10/5/2021 12:00:00 AM,24.4,16,1.2,13,100,65,0,0,10.200001,11.75839,1738.3433,64.38309,88.098625,88,2.253437,0,0,0,1,0,0,0,1,29,14,27,25,7,16,5,9,0,0,0,-28.088235608386057,0,0,1,0.47453167972952404,1.0127274999999898,0.002,1.0127274999999898,93.01634431385136,0.022150463437232336,21.002163355957666,0.9999908491550223,0
..\..\..\files\weather\hourly\Spresiano.csv,10/6/2021 12:00:00 AM,23.5,15.2,5,11,100,66,0,0,9.35,11.474102,1749.8174,64.80805,88.10362,88,2.240944,0,0,1,1,0,0,0,0,29,14,28,26,7,16,5,9,0,0,0,-32.476470817420996,0,0,0.9733417005673772,1.6554703999457208,1.039618500000003,0,1.011904038731309,95.23381471379709,0.01803437830533468,21.175826076294097,0.9999918301956888,0
..\..\..\files\weather\hourly\Spresiano.csv,10/7/2021 12:00:00 AM,19.5,12.1,2.4,10,100,57,0,0,5.8,9.058882,1758.8762,65.14356,88.107574,88,2.2310638,0,0,0,1,0,0,0,0,29,14,28,27,7,16,5,9,0,0,0,-33.06470607413965,0,0,0.6550556597200801,0.7094297661987039,0.5952024999999992,0.002,0.5431201566271452,96.13148119319618,0.013888969432762167,21.287053517766665,0.9999924025419568,0
..\..\..\files\weather\hourly\Spresiano.csv,10/8/2021 12:00:00 AM,17.3,12.2,1.6,16,100,58,0,0,4.75,7.9457684,1766.822,65.43785,88.11103,88,2.2224236,0,0,0,1,0,0,0,0,29,14,28,28,7,16,5,9,0,0,0,-36.25294123549087,0,0,0.6723970714585993,1.2600329804506156,1.0690024999999963,0,0.7187941503819187,97.9969119060288,0.006677672465257637,21.354945737431045,0.9999927320064096,0
..\..\..\files\weather\hourly\Spresiano.csv,10/9/2021 12:00:00 AM,19.4,9.3,1.6,8,100,54,0,-0.6757431,4.374257,7.4707704,1774.2928,65.714554,88.11429,88,2.2142792,0,0,0,1,0,0,0,0,29,14,28,29,7,16,5,9,0,0,0,-40.24117646836767,0,0,0.05480893169436565,0.5919001087506354,0.8785384999999977,0,0.04815175663737033,98.66454604569401,0.006982577073685743,21.402274927914586,0.9999929531943289,0
..\..\..\files\weather\hourly\Spresiano.csv,10/10/2021 12:00:00 AM,19.3,5.4,0,6,100,34,0,-3.8388488,3.1111505,4.641548,1778.9344,65.88646,88.11631,88,2.2092247,0,0,0,0,0,0,0,0,29,14,28,29,7,16,5,9,0,0,0,-44.229411701244466,0,0,0,0.08446782515981173,1.0699464999999933,0,0,98.66454604569401,0.0027480744976864967,21.42370934245655,0.9999930511387716,0
..\..\..\files\weather\hourly\Spresiano.csv,10/11/2021 12:00:00 AM,16.9,4.5,0,1,99,38,0,-4.280242,1.9197578,1.6281347,1780.5626,65.94676,88.11702,88,2.2074509,0,0,0,0,0,0,0,0,29,14,28,29,7,16,5,9,0,0,0,-44.229411701244466,0,0,0.004286596998400039,0.00667,1.0690024999999963,0,0,98.66454604569401,0.0029797669511059106,21.446841491722772,0.9999931553142193,0
..\..\..\files\weather\hourly\Spresiano.csv,10/12/2021 12:00:00 AM,18.7,6.2,0,0,100,44,0,-3.2224007,3.0276003,4.80228,1785.3649,66.124626,88.11911,88,2.2022247,0,0,0,0,0,0,0,0,29,14,28,29,7,16,5,9,0,0,0,-44.229411701244466,0,0,0,0.00667,1.039618500000003,0,0,98.66454604569401,0.0031856629874382945,21.475961690694707,0.9999932842391654,0
..\..\..\files\weather\hourly\Spresiano.csv,10/13/2021 12:00:00 AM,16.2,4.9,0,10,100,58,0,-3.9491148,1.7008852,1.3112466,1786.6761,66.17319,88.11968,88,2.2007942,0,0,0,0,0,0,0,0,29,14,28,29,7,16,5,9,0,0,0,-44.229411701244466,0,0,0,0.00667,1.0127274999999898,0,0,98.66454604569401,0.003938922237668092,21.508737948943935,0.9999934264481573,0
..\..\..\files\weather\hourly\Spresiano.csv,10/14/2021 12:00:00 AM,17.8,3.8,1.4,17,100,44,0,-4.8271422,2.1728568,1.8341303,1788.5103,66.24112,88.12048,88,2.1987915,0,0,0,0,0,0,0,0,29,14,28,29,7,16,5,9,0,0,0,-44.229411701244466,0,0,0,0.27927584516248083,1.0127274999999898,0,0,98.66454604569401,0.004327208398154079,21.537166038169197,0.999993547350511,0
..\..\..\files\weather\hourly\Spresiano.csv,10/15/2021 12:00:00 AM,16.3,3,0,12,100,43,0,-5.1578946,1.492105,0,1788.5103,66.24112,88.12048,88,2.1987915,0,0,0,0,0,0,0,0,29,14,28,29,7,16,5,9,0,0,0,-48.41764698180498,0,0,0,0.27927584516248083,1.0127274999999898,0,0,98.66454604569401,0.0025026440434318857,21.559334684942396,0.9999936400867332,0
..\..\..\files\weather\hourly\Spresiano.csv,10/16/2021 12:00:00 AM,17.6,1.7,0,13,100,43,0,-6.1336484,1.8163524,0,1788.5103,66.24112,88.12048,88,2.1987915,0,0,0,0,0,0,0,0,29,14,28,29,7,16,5,9,0,0,0,-48.41764698180498,0,0,0,0.00667,1.039618500000003,0,0,98.66454604569401,0.002189854849221603,21.578056684291347,0.9999937173660394,0
..\..\..\files\weather\hourly\Spresiano.csv,10/17/2021 12:00:00 AM,20.4,3.6,0,8,100,36,0,-5.180952,3.2190473,4.061367,1792.5717,66.39155,88.12225,88,2.1943665,0,0,0,0,0,0,0,0,29,14,28,29,7,16,5,9,0,0,0,-48.41764698180498,0,0,0,0.00667,0.9298275000000018,0,0,98.66454604569401,0.0035342403238720604,21.608580085260915,0.9999938413500216,0
..\..\..\files\weather\hourly\Spresiano.csv,10/18/2021 12:00:00 AM,19.6,5.1,0,6,99,40,0,-4.072069,3.177931,4.64155,1797.2133,66.56345,88.124275,88,2.189312,0,0,0,0,0,0,0,0,29,14,28,29,7,16,5,9,0,0,0,-48.41764698180498,0,0,0,0.00667,1.039618500000003,0,0,98.66454604569401,0.003938922237668092,21.634178424467542,0.9999939434403174,0
..\..\..\files\weather\hourly\Spresiano.csv,10/19/2021 12:00:00 AM,20.2,4,0,13,100,44,0,-4.888889,3.2111115,4.22999,1801.4432,66.72012,88.12612,88,2.1846962,0,0,0,0,0,0,0,0,29,14,28,29,7,16,5,9,0,0,0,-48.41764698180498,0,0,0,0.00667,1.0127274999999898,0,0,98.66454604569401,0.004411169412204812,21.660559134696193,0.9999940468804417,0
..\..\..\files\weather\hourly\Spresiano.csv,10/20/2021 12:00:00 AM,18,4.1,0,10,100,53,0,-4.647842,2.3021584,2.3331118,1803.7764,66.80653,88.12714,88,2.1821594,0,0,0,0,0,0,0,0,29,14,28,29,7,16,5,9,0,0,0,-48.41764698180498,0,0,0,0.00667,1.0127274999999898,0,0,98.66454604569401,0.00424543795676343,21.690441237241178,0.9999941619173929,0
..\..\..\files\weather\hourly\Spresiano.csv,10/21/2021 12:00:00 AM,15.3,5.4,0,9,100,76,0,-3.5313134,1.418687,0.871019,1804.6473,66.83879,88.12752,88,2.1812057,0,0,0,0,0,0,0,0,29,14,28,29,7,16,5,9,0,0,0,-48.41764698180498,0,0,0.2994302468276264,0.00667,1.0586914999999948,0,0.3170042571593085,98.66454604569401,0.005987317765432713,21.771121534689126,0.9999944615297316,0
..\..\..\files\weather\hourly\Spresiano.csv,10/22/2021 12:00:00 AM,13.8,8.9,0.6,20,100,97,0,-0.9765314,1.4734694,2.905427,1807.5527,66.946396,88.128784,88,2.1780396,0,0,0,0,0,0,0,0,29,14,28,29,7,16,5,9,0,0,0,-48.41764698180498,0,0,0,0.12339360574051833,1.0127274999999898,0,0,98.66454604569401,0.004411169412204812,21.84979539951193,0.999994738877312,0
..\..\..\files\weather\hourly\Spresiano.csv,10/23/2021 12:00:00 AM,19.3,7.1,0.2,17,100,68,0,-2.5553281,3.5446718,5.9404497,1813.4932,67.16641,88.13137,88,2.1715736,0,0,0,0,0,0,0,0,29,14,28,29,7,16,5,9,0,0,0,-53.405882214681775,0,0,0.6201454365234379,0.16233729832175875,1.0127274999999898,0,0.6280383375667836,98.66454604569401,0.009449219782398146,21.9145073101067,0.9999949565636059,0
..\..\..\files\weather\hourly\Spresiano.csv,10/24/2021 12:00:00 AM,20.3,7.9,0,9,100,50,0,-1.9221773,4.277822,7.1591835,1820.6523,67.43157,88.13449,88,2.1637726,0,0,0,0,0,0,0,0,29,14,28,29,7,16,5,9,0,0,0,-58.7941174684202,0,0,0.2994302468276264,0.04555995657963896,0,0,0,98.66454604569401,0.007647283576645276,21.962806726006665,0.9999951131484873,0
..\..\..\files\weather\hourly\Spresiano.csv,10/25/2021 12:00:00 AM,17.1,4.6,0,0,89,42,0,-4.2336006,2.0164,1.9356912,1822.588,67.503265,88.13533,88,2.1616745,0,0,0,0,0,0,0,0,29,14,28,29,7,16,5,9,0,0,0,-58.7941174684202,0,0,0,0.00667,0,0,0,98.66454604569401,0.0025026440434318857,21.98963876107884,0.9999951980266057,0
..\..\..\files\weather\hourly\Spresiano.csv,10/26/2021 12:00:00 AM,15.5,2.7,0,0,100,36,0,-5.21836,1.1816406,0,1822.588,67.503265,88.13533,88,2.1616745,0,0,0,0,0,0,0,0,29,14,28,29,7,16,5,9,0,0,0,-58.7941174684202,0,0,0,0.00667,0.3006114999999987,0,0,98.66454604569401,0.0023214783173925164,22.014809038912173,0.9999952763074912,0
..\..\..\files\weather\hourly\Spresiano.csv,10/27/2021 12:00:00 AM,16.9,2.4,0,1,99,35,-5.6082754,-5.6082754,0,0,0,0,0,0,0,0,0,0,0,0,0,0,0,0,0,0,0,0,0,0,0,0,0,0,-58.7941174684202,0,0,0,0.00667,1.0586914999999948,0,0,98.66454604569401,0.001691735827573539,0,0.999995331772057,0
..\..\..\files\weather\hourly\Spresiano.csv,10/28/2021 12:00:00 AM,19.2,1.2,0,7,100,37,-12.257165,-6.6488895,0,0,0,0,0,0,0,0,0,0,0,0,0,0,0,0,0,0,0,0,0,0,0,0,0,0,-58.7941174684202,0,0,0,0.00667,1.0127274999999898,0,0,98.66454604569401,0.0025808319439604615,0.020801444466408487,0.0002860364583009547,0
..\..\..\files\weather\hourly\Spresiano.csv,10/29/2021 12:00:00 AM,18.4,2,0,10,100,41,-18.305946,-6.0487804,0,0,0,0,0,0,0,0,0,0,0,0,0,0,0,0,0,0,0,0,0,0,0,0,0,0,-58.7941174684202,0,0,0,0.00667,1.0127274999999898,0,0,98.66454604569401,0.002356165342541492,0.04119140356529476,0.000318632568349159,0
..\..\..\files\weather\hourly\Spresiano.csv,10/30/2021 12:00:00 AM,17,1.3,0,12,100,44,-24.595436,-6.2894897,0,0,0,0,0,0,0,0,0,0,0,0,0,0,0,0,0,0,0,0,0,0,0,0,0,0,-58.7941174684202,0,0,0,0.00667,1.0127274999999898,0,0,98.66454604569401,0.002356165342541492,0.060224625422232156,0.00035194981650266805,0
..\..\..\files\weather\hourly\Spresiano.csv,10/31/2021 12:00:00 AM,17.9,-0.1,0,9,100,42,-35.229324,-10.633888,0,0,0,0,0,0,0,0,0,0,0,0,0,0,0,0,0,0,0,0,0,0,0,0,0,0,-58.7941174684202,0,0,0,0.00667,1.0127274999999898,0,0,98.66454604569401,0.002254280029667379,0.08007005212714875,0.0003898938457385814,0
..\..\..\files\weather\hourly\Spresiano.csv,11/1/2021 12:00:00 AM,16.5,4.5,0,5,100,56,-39.468906,-4.2395835,0,0,0,0,0,0,0,0,0,0,0,0,0,0,0,0,0,0,0,0,0,0,0,0,0,0,-58.7941174684202,0,0,0,0.00667,1.0127274999999898,0,0,98.66454604569401,0.003938922237668092,0.11072431146489523,0.00045552030804388223,0
..\..\..\files\weather\hourly\Spresiano.csv,11/2/2021 12:00:00 AM,13.1,5.5,93,23,100,94,-42.63667,-3.1677632,0,0,0,0,0,0,0,1,0,0,0,0,0,1,0,1,0,0,0,0,0,1,0,0,0,0,-58.7941174684202,0,0,0.4604444841547959,3,1.0568034999999938,0,0.48659934241048,98.66454604569401,0.0038671226057638334,0.1689759833147241,0.0006070514513920026,0
..\..\..\files\weather\hourly\Spresiano.csv,11/3/2021 12:00:00 AM,15.5,6.3,0.2,12,100,66,-45.592648,-2.9559777,0,0,0,0,0,0,0,1,0,0,0,0,0,0,0,1,0,0,0,0,0,0,0,0,0,0,-117.09414023170794,0,0,0,3,1.0127274999999898,0,0,98.66454604569401,0.005501201530539894,0.21659376465871605,0.000761570504137847,0
..\..\..\files\weather\hourly\Spresiano.csv,11/4/2021 12:00:00 AM,13.5,6.7,22.2,19,100,87,-48.09191,-2.4992652,0,0,0,0,0,0,0,1,0,1,0,0,0,1,0,1,0,1,0,0,0,1,0,0,0,0,-115.89660278864928,0,0,0.6896544269173648,3,1.0127274999999898,0.002,2.070342589605929,98.66454604569401,0.004165788379616633,0.28591011570299196,0.001046425617838546,0
..\..\..\files\weather\hourly\Spresiano.csv,11/5/2021 12:00:00 AM,15.1,5.3,2.6,8,100,57,-51.66487,-3.5729594,0,0,0,0,0,0,0,1,0,1,0,0,0,0,0,1,0,1,0,0,0,0,0,0,0,0,-115.89660278864928,0,0,0,3,1.0127274999999898,0,0,98.66454604569401,0.005387947968721866,0.33813101339251683,0.0013171152845270404,0
..\..\..\files\weather\hourly\Spresiano.csv,11/6/2021 12:00:00 AM,16.2,2.9,0,8,100,50,-56.86976,-5.204887,0,0,0,0,0,0,0,0,0,0,0,0,0,0,0,0,0,0,0,0,0,0,0,0,0,-35.49648531203346,-124.7990419177111,0,0,0,0.00667,0.06512749999999556,0,0,98.66454604569401,0.0029797669511059106,0.3650374062086759,0.0014783921359747812,0
..\..\..\files\weather\hourly\Spresiano.csv,11/7/2021 12:00:00 AM,15,4.2,0,0,93,44,-61.11235,-4.2425933,0,0,0,0,0,0,0,0,0,0,0,0,0,0,0,0,0,0,0,0,0,0,0,0,0,-35.49648531203346,-124.7990419177111,0,0,0,0.00667,1.036786499999998,0,0,98.66454604569401,0.0020981025276414237,0.38589473175985545,0.0016146385741107945,0
..\..\..\files\weather\hourly\Spresiano.csv,11/8/2021 12:00:00 AM,14.5,4.7,0.2,4,100,49,-64.97919,-3.8668375,0,0,0,0,0,0,0,0,0,0,0,0,0,0,0,0,0,0,0,0,0,0,0,0,0,-35.49648531203346,-124.7990419177111,0,0,0,0.04555995657963896,1.039618500000003,0,0,98.66454604569401,0.0020399965397414153,0.41012326707024227,0.0017860739085842877,0
..\..\..\files\weather\hourly\Spresiano.csv,11/9/2021 12:00:00 AM,11.4,6.5,3.6,9,100,73,-67.22919,-2.25,0,0,0,0,0,0,0,0,0,0,0,0,0,0,0,0,0,0,0,0,0,0,0,0,0,-35.49648531203346,-136.10148094842523,0,0,0,0.7486421154155566,0.5048235000000005,0,0,98.66454604569401,0.0028838639371310936,0.4616487285722434,0.002202034684898507,0
..\..\..\files\weather\hourly\Spresiano.csv,11/10/2021 12:00:00 AM,14,5,0,0,92,51,-70.8403,-3.6111112,0,0,0,0,0,0,0,0,0,0,0,0,0,0,0,0,0,0,0,0,0,0,0,0,0,-35.49648531203346,-144.00392007748704,0,0,0,0.3573244441448393,0.9732984999999914,0,0,98.66454604569401,0.0023916039246058424,0.48734120698279054,0.002437991654982647,0
..\..\..\files\weather\hourly\Spresiano.csv,11/11/2021 12:00:00 AM,17.6,5.2,0,3,97,45,-74.711266,-3.8709674,0,0,0,0,0,0,0,0,0,0,0,0,0,0,0,0,0,0,0,0,0,0,0,0,0,-35.49648531203346,-144.00392007748704,0,0,0.1407479959237262,0.00667,0.18677850000000262,0,0.026288699556640063,98.66454604569401,0.002792303379174842,0.5166642348499068,0.0027326825702137254,0
..\..\..\files\weather\hourly\Spresiano.csv,11/12/2021 12:00:00 AM,18.7,5.2,0,6,100,48,-78.657936,-3.9466674,0,0,0,0,0,0,0,0,0,0,0,0,0,0,0,0,0,0,0,0,0,0,0,0,0,-35.49648531203346,-144.00392007748704,0,0,0,0.00667,1.039618500000003,0,0,98.66454604569401,0.004165788379616633,0.5497306919338804,0.0030998885195865564,0
..\..\..\files\weather\hourly\Spresiano.csv,11/13/2021 12:00:00 AM,15.5,5.5,0,17,100,70,-82.14544,-3.4875,0,0,0,0,0,0,0,0,0,0,0,0,0,0,0,0,0,0,0,0,0,0,0,0,0,-35.49648531203346,-144.00392007748704,0,0,0.19317473890576095,0.00667,1.0127274999999898,0,0.19563337039518205,98.66454604569401,0.005737430774773988,0.6069427093594634,0.003831235956470352,0
..\..\..\files\weather\hourly\Spresiano.csv,11/14/2021 12:00:00 AM,13,10.1,10.200001,4,100,91,-82.14544,0,0,0,0,0,0,0,0,1,0,1,0,0,0,0,0,1,0,1,0,0,0,0,0,0,0,-35.49648531203346,-144.00392007748704,0,0,0.3172687565006287,2.9731225959024434,1.0127274999999898,0.002,0.9524408070148872,99.46096915064533,0.003797135744565161,0.675957899751343,0.0048959015248407935,0
..\..\..\files\weather\hourly\Spresiano.csv,11/15/2021 12:00:00 AM,13.7,10.7,3.6000001,11,100,80,-82.14544,0,0,0,0,0,0,0,0,1,0,1,0,0,0,0,0,1,0,1,0,0,0,0,0,0,0,-35.49648531203346,-145.30635834824196,0,0,0.3709114848886736,3,0.8785384999999977,0,0.3258600195668671,101.24840783913392,0.004327208398154079,0.7543199137129954,0.006383682837033429,0
..\..\..\files\weather\hourly\Spresiano.csv,11/16/2021 12:00:00 AM,15.3,8.7,0.2,1,87,58,-83.317406,-1.1719699,0,0,0,0,0,0,0,0,0,0,0,0,0,0,0,0,0,0,0,0,0,0,0,0,0,-68.10213727412574,-153.20879723888518,0,0,0,0.5136365744911536,0.06512749999999556,0,0,101.24840783913392,0.0030802731473356464,0.7909773131140921,0.007194292254895394,0
..\..\..\files\weather\hourly\Spresiano.csv,11/17/2021 12:00:00 AM,13.1,6.8,0.2,3,92,61,-85.704704,-2.387302,0,0,0,0,0,0,0,0,0,0,0,0,0,0,0,0,0,0,0,0,0,0,0,0,0,-68.10213727412574,-164.51123626959932,0,0,0.1061359477139448,0.04555995657963896,0.3006114999999987,0,0.03190568644621038,101.24840783913392,0.0031323391049276825,0.8316072970813719,0.008186485881914713,0
..\..\..\files\weather\hourly\Spresiano.csv,11/18/2021 12:00:00 AM,13.8,8.8,0,1,95,68,-86.760704,-1.0559999,0,0,0,0,0,0,0,0,0,0,0,0,0,0,0,0,0,0,0,0,0,0,0,0,0,-68.10213727412574,-175.81367530031346,0,0,0.33513154115076277,0.04555995657963896,1.008951499999995,0,0.3381314711413721,101.24840783913392,0.00408819456442347,0.8862933813683731,0.009689601494840836,0
..\..\..\files\weather\hourly\Spresiano.csv,11/19/2021 12:00:00 AM,15,5.2,0,3,100,58,-90.38519,-3.6244903,0,0,0,0,0,0,0,0,0,0,0,0,0,0,0,0,0,0,0,0,0,0,0,0,0,-68.10213727412574,-175.81367530031346,0,0,0,0.00667,1.0733834999999985,0,0,101.24840783913392,0.003728906770232872,0.9254092341239623,0.010891549414956786,0
..\..\..\files\weather\hourly\Spresiano.csv,11/20/2021 12:00:00 AM,14.1,2.8,0,13,100,62,-95.29139,-4.906194,0,0,0,0,0,0,0,0,0,0,0,0,0,0,0,0,0,0,0,0,0,0,0,0,0,-68.10213727412574,-175.81367530031346,0,0,0,0.00667,1.039618500000003,0,0,101.24840783913392,0.003240282403682738,0.9528446278182267,0.011801648728650296,0
..\..\..\files\weather\hourly\Spresiano.csv,11/21/2021 12:00:00 AM,10.1,0.2,0.2,19,100,85,-100.24088,-4.9494953,0,0,0,0,0,0,0,0,0,0,0,0,0,0,0,0,0,0,0,0,0,0,0,0,0,-68.10213727412574,-175.81367530031346,0,0,0,0.04555995657963896,1.0127274999999898,0,0,101.24840783913392,0.002356165342541492,0.9865193758710559,0.012998018839038596,0
..\..\..\files\weather\hourly\Spresiano.csv,11/22/2021 12:00:00 AM,7.2,4.6,0.2,11,100,99,-100.24088,-1.2999997,0,0,0,0,0,0,0,0,0,0,0,0,0,0,0,0,0,0,0,0,0,0,0,0,0,-68.10213727412574,-187.1161143310276,0,0,0,0.08446782515981173,1.0127274999999898,0,0,101.24840783913392,0.0015882012681525356,1.0188863350524104,0.014233877337896089,0
..\..\..\files\weather\hourly\Spresiano.csv,11/23/2021 12:00:00 AM,11.9,7.3,3,8,100,77,-99.848495,-1.907609,0.39239118,0,0,0,0,0,0,0,0,0,0,0,0,0,0,0,0,0,0,0,0,0,0,0,0,-68.10213727412574,-198.41855336174174,0,0,0.021031563965584765,0.5919001145843923,0,0,0,101.24840783913392,0.0031323391049276825,1.0707579339594064,0.016399349916481246,0
..\..\..\files\weather\hourly\Spresiano.csv,11/24/2021 12:00:00 AM,13.1,1.5,0,0,99,49,-99.43427,-5.385776,0.41422424,0,0,0,0,0,0,0,0,0,0,0,0,0,0,0,0,0,0,0,0,0,0,0,0,-68.10213727412574,-206.92099239543612,0,0,0,0.5919001145843923,0.5048235000000005,0,0,101.24840783913392,0.0023916039246058424,1.0975723939392135,0.017612161731932887,0
..\..\..\files\weather\hourly\Spresiano.csv,11/25/2021 12:00:00 AM,10.9,-0.5,0,2,100,41,-99.39874,-5.246491,0.035526287,0,0,0,0,0,0,0,0,0,0,0,0,0,0,0,0,0,0,0,0,0,0,0,0,-68.10213727412574,-206.92099239543612,0,0,0,0.00667,0,0,0,101.24840783913392,0.0015119084059916806,1.1131109278006677,0.018345173169500573,0
..\..\..\files\weather\hourly\Spresiano.csv,11/26/2021 12:00:00 AM,7.3,-0.6,4,9,99,69,-99.39874,-3.3727849,0,0,0,0,0,0,0,0,0,0,0,0,0,0,0,0,0,0,0,0,0,0,0,0,4.7520210883885765,-63.350116185737164,-206.92099239543612,0,0,0,0.9449726729875584,1.0733834999999985,0.002,0,101.24840783913392,0.0016081534430649892,1.1378403140470983,0.01955860036922262,0
..\..\..\files\weather\hourly\Spresiano.csv,11/27/2021 12:00:00 AM,8.3,6.4,15.6,24,100,99,-99.39874,-0.9500003,0,0,0,0,0,0,0,0,0,0,0,0,0,0,0,0,0,0,0,0,0,0,0,0,0,-63.350116185737164,-198.82343104766076,0,0,0,3,1.0127274999999898,0,0,101.24840783913392,0.0018294894930725907,1.1768488186816994,0.021592956331271094,0
..\..\..\files\weather\hourly\Spresiano.csv,11/28/2021 12:00:00 AM,10.6,6.8,5.4,14,100,84,-99.35137,-1.852632,0.047368478,0,0,0,0,0,0,0,0,0,0,0,0,0,0,0,0,0,0,0,0,0,0,0,0,-63.350116185737164,-198.82343104766076,0,0,0,3,1.0586914999999948,0.002,0,101.24840783913392,0.0025413064399147393,1.2197981518912462,0.024009263364559188,0
..\..\..\files\weather\hourly\Spresiano.csv,11/29/2021 12:00:00 AM,10.6,3.3,14.4,17,100,73,-99.32671,-3.6253428,0.024657566,0,0,0,0,0,0,0,0,0,0,0,0,0,0,0,0,0,0,0,0,0,0,0,0,-63.350116185737164,-190.52587036745743,0,0,0,3,1.0127274999999898,0.002,0,101.24840783913392,0.0025413064399147393,1.2558711069076676,0.026186907694637926,0
..\..\..\files\weather\hourly\Spresiano.csv,11/30/2021 12:00:00 AM,9.2,-1,0.2,6,100,46,-99.32671,-4.1490197,0,0,0,0,0,0,0,0,0,0,0,0,0,0,0,0,0,0,0,0,0,0,0,0,0,-63.350116185737164,-190.52587036745743,0,0,0,1.6158460424934686,0.8194314999999932,0,0,101.24840783913392,0.0015882012681525356,1.2750784100290005,0.02740320003529875,0
..\..\..\files\weather\hourly\Spresiano.csv,12/1/2021 12:00:00 AM,6.7,-2.7,0,0,96,49,-99.32671,-2.387766,0,0,0,0,0,0,0,0,0,0,0,0,0,0,0,0,0,0,0,0,0,0,0,0,0,-63.350116185737164,-201.82830939817157,0,0,0,0.00667,1.0568034999999938,0,0,101.24840783913392,0.001343141548112525,1.2834817258863376,0.02794796296325815,0
..\..\..\files\weather\hourly\Spresiano.csv,12/2/2021 12:00:00 AM,7.7,-2.2,0.4,6,97,59,-99.32671,-2.9944444,0,0,0,0,0,0,0,0,0,0,0,0,0,0,0,0,0,0,0,0,0,0,0,0,0,-63.350116185737164,-201.82830939817157,0,0,0,0.24027841948584105,1.0690024999999963,0.002,0,101.24840783913392,0.001691735827573539,1.3049677824625145,0.029376244424429564,0
..\..\..\files\weather\hourly\Spresiano.csv,12/3/2021 12:00:00 AM,7,4.6,14.2,19,100,94,-99.32671,-1.2000003,0,0,0,0,0,0,0,0,0,0,0,0,0,0,0,0,0,0,0,0,0,0,0,0,0,-63.350116185737164,-199.5809414028216,0,0,0,3,1.039618500000003,0,0,101.24840783913392,0.0015493681366864965,1.3367084497772213,0.03158077465208981,1
..\..\..\files\weather\hourly\Spresiano.csv,12/4/2021 12:00:00 AM,9.9,0.3,0,3,100,49,-99.32671,-4.7999997,0,0,0,0,0,0,0,0,0,0,0,0,0,0,0,0,0,0,0,0,0,0,0,0,0,-63.350116185737164,-199.5809414028216,0,0,0,2.251985039243313,0.6777634999999975,0,0,101.24840783913392,0.0019841946888861854,1.3613303020926122,0.03337000303156638,0
..\..\..\files\weather\hourly\Spresiano.csv,12/5/2021 12:00:00 AM,5.3,0.5,0,2,92,61,-99.32671,-2.4,0,0,0,0,0,0,0,0,0,0,0,0,0,0,0,0,0,0,0,0,0,0,0,0,0,-63.350116185737164,-199.5809414028216,0,0,0,0.00667,0.9298275000000018,0,0,101.24840783913392,0.0012689613162352462,1.3866476255452396,0.03528318222953029,0
..\..\..\files\weather\hourly\Spresiano.csv,12/6/2021 12:00:00 AM,5.9,3.3,9.2,11,99,84,-99.32671,-1.3,0,0,0,0,0,0,0,0,0,0,0,0,0,0,0,0,0,0,0,0,0,0,0,0,0,-69.57430246189863,-199.5809414028216,0,0,0,1.8141469232158949,1.0699464999999933,0,0,101.24840783913392,0.0013587397228341672,1.414600644142551,0.03748339868077401,1
..\..\..\files\weather\hourly\Spresiano.csv,12/7/2021 12:00:00 AM,10.9,-0.7,0,0,99,40,-99.2918,-5.156034,0.034913763,0,0,0,0,0,0,0,0,0,0,0,0,0,0,0,0,0,0,0,0,0,0,0,0,-69.57430246189863,-202.73357341343208,0,0,0,1.8141469232158949,0.8785384999999977,0,0,101.24840783913392,0.0017136213492102324,1.4306638600383998,0.03879003589938291,0
..\..\..\files\weather\hourly\Spresiano.csv,12/8/2021 12:00:00 AM,8,-2.4,0,0,98,46,-99.2918,-3.0769231,0,0,0,0,0,0,0,0,0,0,0,0,0,0,0,0,0,0,0,0,0,0,0,0,0,-69.57430246189863,-202.73357341343208,0,0,0,0.00667,1.036786499999998,0,0,101.24840783913392,0.0011622320154474582,1.4403143008447146,0.03959002112087577,0
..\..\..\files\weather\hourly\Spresiano.csv,12/9/2021 12:00:00 AM,5.5,-2.8,16.6,12,100,76,-99.2918,-1.8222891,0,0,0,0,0,0,0,0,0,0,0,0,0,0,0,0,0,0,0,0,0,0,0,0,0,-69.57430246189863,-186.71404620436942,0,0,0,3,1.0127274999999898,0,0,101.24840783913392,0.0012978932337451203,1.4571634967200258,0.04101391781063606,1
..\..\..\files\weather\hourly\Spresiano.csv,12/10/2021 12:00:00 AM,5.8,1.2,4.4,14,100,93,-99.2918,-2.3,0,0,0,0,0,0,0,0,0,0,0,0,0,0,0,0,0,0,0,0,0,0,0,0,0,-69.57430246189863,-186.71404620436942,0,0,0,3,1.0127274999999898,0,0,101.24840783913392,0.001343141548112525,1.4847042987584798,0.04341637199435572,1
..\..\..\files\weather\hourly\Spresiano.csv,12/11/2021 12:00:00 AM,7.1,-0.2,0,9,100,63,-99.2918,-3.45274,0,0,0,0,0,0,0,0,0,0,0,0,0,0,0,0,0,0,0,0,0,0,0,0,0,-69.57430246189863,-194.66667792887762,0,0,0,0.31829119446713183,0.8785384999999977,0,0,101.24840783913392,0.0015686089880832515,1.5085851065945732,0.04557570548831134,0
..\..\..\files\weather\hourly\Spresiano.csv,12/12/2021 12:00:00 AM,9.7,-2,0,0,97,46,-99.2918,-4.0209403,0,0,0,0,0,0,0,0,0,0,0,0,0,0,0,0,0,0,0,0,0,0,0,0,0,-69.57430246189863,-194.66667792887762,0,0,0,0.00667,1.0699464999999933,0,0,101.24840783913392,0.0016702558703905386,1.5249724194312646,0.047098780194763344,0
..\..\..\files\weather\hourly\Spresiano.csv,12/13/2021 12:00:00 AM,10.8,-2.8,0,0,93,38,-99.26827,-4.311765,0.023529422,0,0,0,0,0,0,0,0,0,0,0,0,0,0,0,0,0,0,0,0,0,0,0,0,-69.57430246189863,-194.66667792887762,0,0,0,0.00667,0.5952024999999992,0,0,101.24840783913392,0.0011748345209003737,1.5314328212244124,0.047708522351499326,0
..\..\..\files\weather\hourly\Spresiano.csv,12/14/2021 12:00:00 AM,10.8,-0.4,0,0,96,38,-99.2397,-5.235715,0.028571442,0,0,0,0,0,0,0,0,0,0,0,0,0,0,0,0,0,0,0,0,0,0,0,0,-69.57430246189863,-194.66667792887762,0,0,0,0.00667,1.0733834999999985,0,0,101.24840783913392,0.0015304705786659098,1.5441677615773286,0.04892592965226437,0
..\..\..\files\weather\hourly\Spresiano.csv,12/15/2021 12:00:00 AM,10.1,-2.1,0,2,100,53,-99.23929,-4.1811476,0.00040983915,0,0,0,0,0,0,0,0,0,0,0,0,0,0,0,0,0,0,0,0,0,0,0,0,-69.57430246189863,-194.66667792887762,0,0,0,0.00667,1.0586914999999948,0,0,101.24840783913392,0.0018790472328586738,1.5573812814398684,0.05021086035762671,0
..\..\..\files\weather\hourly\Spresiano.csv,12/16/2021 12:00:00 AM,11.3,0.1,0,2,100,58,-99.16384,-5.524554,0.07544646,0,0,0,0,0,0,0,0,0,0,0,0,0,0,0,0,0,0,0,0,0,0,0,0,-76.22567455675458,-194.66667792887762,0,0,0,0.00667,1.0127274999999898,0,0,101.24840783913392,0.002254280029667379,1.578651840893719,0.05232610602182842,0
..\..\..\files\weather\hourly\Spresiano.csv,12/17/2021 12:00:00 AM,10.1,0.3,0,8,100,61,-99.16333,-4.89949,0.00051020796,0,0,0,0,0,0,0,0,0,0,0,0,0,0,0,0,0,0,0,0,0,0,0,0,-76.22567455675458,-194.66667792887762,0,0,0,0.00667,0.9298275000000018,0,0,101.24840783913392,0.0022875229687335298,1.6036218511703324,0.05488337928537428,0
..\..\..\files\weather\hourly\Spresiano.csv,12/18/2021 12:00:00 AM,10.8,-1.8,0,7,100,60,-99.13793,-4.6539683,0.025396835,0,0,0,0,0,0,0,0,0,0,0,0,0,0,0,0,0,0,0,0,0,0,0,0,-76.22567455675458,-194.66667792887762,0,0,0,0.00667,1.0127274999999898,0,0,101.24840783913392,0.0020981025276414237,1.622569536840099,0.05687762428830949,0
..\..\..\files\weather\hourly\Spresiano.csv,12/19/2021 12:00:00 AM,10.5,-1.3,0,15,100,69,-99.12734,-4.6822033,0.010593221,0,0,0,0,0,0,0,0,0,0,0,0,0,0,0,0,0,0,0,0,0,0,0,0,-76.22567455675458,-194.66667792887762,0,0,0,0.00667,1.0127274999999898,0,0,101.24840783913392,0.0025026440434318857,1.6444492910014636,0.0592384547735437,0
..\..\..\files\weather\hourly\Spresiano.csv,12/20/2021 12:00:00 AM,2.4,-3.9,0,11,100,99,-99.12734,-0.45714286,0,0,0,0,0,0,0,0,0,0,0,0,0,0,0,0,0,0,0,0,0,0,0,0,0,-76.22567455675458,-194.66667792887762,0,0,0,0.00667,1.0127274999999898,0,0,101.24840783913392,0.0009377630606011376,1.651134005377975,0.05997217161756886,0
..\..\..\files\weather\hourly\Spresiano.csv,12/21/2021 12:00:00 AM,10.3,-1.9,0,3,100,47,-99.12366,-4.3516393,0.0036885294,0,0,0,0,0,0,0,0,0,0,0,0,0,0,0,0,0,0,0,0,0,0,0,0,-76.22567455675458,-194.66667792887762,0,0,0,0.00667,0.5952024999999992,0,0,101.24840783913392,0.0018540273692963535,1.66172388775332,0.06114646245432368,0
..\..\..\files\weather\hourly\Spresiano.csv,12/22/2021 12:00:00 AM,5.1,1,0.8,2,83,71,-99.12366,-2.05,0,0,0,0,0,0,0,0,0,0,0,0,0,0,0,0,0,0,0,0,0,0,0,0,0,-76.22567455675458,-194.66667792887762,0,0,0,0.16233729832175875,0,0,0,101.24840783913392,0.0012409675178270795,1.6869018086108964,0.06399730599526243,1
..\..\..\files\weather\hourly\Spresiano.csv,12/23/2021 12:00:00 AM,7.6,-2.1,0,0,96,59,-99.12366,-2.9773195,0,0,0,0,0,0,0,0,0,0,0,0,0,0,0,0,0,0,0,0,0,0,0,0,0,-76.22567455675458,-206.21930973683232,0,0,0,0.16233729832175875,1.0733834999999985,0,0,101.24840783913392,0.0016702558703905386,1.705566678036493,0.06616435307993804,0
..\..\..\files\weather\hourly\Spresiano.csv,12/24/2021 12:00:00 AM,4.6,-2.5,0,0,100,67,-99.12366,-1.4901408,0,0,0,0,0,0,0,0,0,0,0,0,0,0,0,0,0,0,0,0,0,0,0,0,0,-76.22567455675458,-206.21930973683232,0,0,0,0.00667,1.0127274999999898,0,0,101.24840783913392,0.0011748345209003737,1.717238442065977,0.06754274506368156,0
..\..\..\files\weather\hourly\Spresiano.csv,12/25/2021 12:00:00 AM,4.9,-2.7,0,2,100,72,-99.12366,-1.5796052,0,0,0,0,0,0,0,0,0,0,0,0,0,0,0,0,0,0,0,0,0,0,0,0,0,-76.22567455675458,-206.21930973683232,0,0,0,0.00667,0.406626499999998,0,0,101.24840783913392,0.001213872650300547,1.732296210092989,0.06934748900954177,0
..\..\..\files\weather\hourly\Spresiano.csv,12/26/2021 12:00:00 AM,7.1,1.6,1.2,5,96,73,-99.12366,-2.75,0,0,0,0,0,0,0,0,0,0,0,0,0,0,0,0,0,0,0,0,0,0,0,0,0,-84.45486197415575,-206.21930973683232,0,0,0,0.3963756087306171,1.0733834999999985,0.002,0,101.24840783913392,0.0015686089880832515,1.7606393359997707,0.07282554306895594,1
..\..\..\files\weather\hourly\Spresiano.csv,12/27/2021 12:00:00 AM,8.8,0.5,0,13,100,85,-99.12366,-4.15,0,0,0,0,0,0,0,0,0,0,0,0,0,0,0,0,0,0,0,0,0,0,0,0,0,-84.45486197415575,-217.37194150902423,0,0,0,0.5527593870790668,1.0127274999999898,0,0,101.24840783913392,0.0019571216156802533,1.7899976739412298,0.07653976832189663,0
..\..\..\files\weather\hourly\Spresiano.csv,12/28/2021 12:00:00 AM,8.3,0.9,0,12,100,73,-99.12366,-3.6999998,0,0,0,0,0,0,0,0,0,0,0,0,0,0,0,0,0,0,0,0,0,0,0,0,0,-84.45486197415575,-217.37194150902423,0,0,0,0.00667,1.0733834999999985,0,0,101.24840783913392,0.0018294894930725907,1.8200610139416138,0.08046078932108473,0
..\..\..\files\weather\hourly\Spresiano.csv,12/29/2021 12:00:00 AM,9.2,4.4,0,0,99,76,-99.12366,-2.4,0,0,0,0,0,0,0,0,0,0,0,0,0,0,0,0,0,0,0,0,0,0,0,0,0,-84.45486197415575,-217.37194150902423,0,0,0,0.00667,1.039618500000003,0,0,101.24840783913392,0.0020687538040578706,1.8557221814148661,0.08526586842807184,0
..\..\..\files\weather\hourly\Spresiano.csv,12/30/2021 12:00:00 AM,8.8,-0.6,0,17,100,75,-99.12366,-4.1191487,0,0,0,0,0,0,0,0,0,0,0,0,0,0,0,0,0,0,0,0,0,0,0,0,0,-84.45486197415575,-217.37194150902423,0,0,0,0.00667,1.039618500000003,0,0,101.24840783913392,0.0019571216156802533,1.881562122499523,0.08885163112794381,0
..\..\..\files\weather\hourly\Spresiano.csv,12/31/2021 12:00:00 AM,12.4,-0.4,0,16,100,59,-98.89866,-6.2312503,0.22499995,0,0,0,0,0,0,0,0,0,0,0,0,0,0,0,0,0,0,0,0,0,0,0,0,-84.45486197415575,-217.37194150902423,0,0,0,0.00667,1.039618500000003,0,0,101.24840783913392,0.0029797669511059106,1.9015005429195273,0.09167793787424366,0
..\..\..\files\weather\hourly\Spresiano.csv,1/1/2022 12:00:00 AM,11.1,-1.6,0,17,100,66,-98.85102,-4.898425,0.047637828,0,0,0,0,0,0,0,0,0,0,0,0,0,0,0,0,0,0,0,0,0,0,0,0,-84.45486197415575,-217.37194150902423,0,0,0,0.00667,1.039618500000003,0,0,0,0.0007857549541456982,0,0.00025583464398314543,0
..\..\..\files\weather\hourly\Spresiano.csv,1/2/2022 12:00:00 AM,8.9,-2.1,0,18,100,80,-98.85102,-3.600454,0,0,0,0,0,0,0,0,0,0,0,0,0,0,0,0,0,0,0,0,0,0,0,0,0,-84.45486197415575,-217.37194150902423,0,0,0,0.00667,1.0127274999999898,0,0,0,0.0019841946888861854,0.014611188590361831,0.000276737757629646,0
..\..\..\files\weather\hourly\Spresiano.csv,1/3/2022 12:00:00 AM,3.6,-2.6,0,12,100,99,-98.85102,-1.0451612,0,0,0,0,0,0,0,0,0,0,0,0,0,0,0,0,0,0,0,0,0,0,0,0,0,-84.45486197415575,-217.37194150902423,0,0,0,0.00667,1.039618500000003,0,0,0,0.0010572570392331792,0.027522059035892523,0.000296441177798921,0
..\..\..\files\weather\hourly\Spresiano.csv,1/4/2022 12:00:00 AM,7.4,3.7,0,9,100,91,-98.85102,-1.8500001,0,0,0,0,0,0,0,0,0,0,0,0,0,0,0,0,0,0,0,0,0,0,0,0,0,-84.45486197415575,-217.37194150902423,0,0,0,0.00667,1.036786499999998,0,0,0,0.0016284739354831858,0.05845518345392579,0.00034872901511712016,0
..\..\..\files\weather\hourly\Spresiano.csv,1/5/2022 12:00:00 AM,6.1,4.9,0.6,13,100,92,-98.85102,-0.5999999,0,0,0,0,0,0,0,0,0,0,0,0,0,0,0,0,0,0,0,0,0,0,0,0,0,-89.9478969775846,-217.37194150902423,0,0,0,0.12339360574051833,1.0127274999999898,0,0,0,0.0013907440177368276,0.08989497834415903,0.0004099659205097815,0
..\..\..\files\weather\hourly\Spresiano.csv,1/6/2022 12:00:00 AM,8.5,3.5,39.6,24,100,98,-98.85102,-2.5,0,0,0,0,0,0,0,0,0,0,0,0,0,0,0,0,0,0,0,0,0,0,0,0,0,-89.9478969775846,-227.38860815979632,0,0,0,3,1.0127274999999898,0.002,0,0,0.0018790472328586738,0.12557354053519715,0.0004906277368854079,0
..\..\..\files\weather\hourly\Spresiano.csv,1/7/2022 12:00:00 AM,9.4,-0.8,2.8000002,8,100,47,-98.85102,-4.3313723,0,0,0,0,0,0,0,0,0,0,0,0,0,0,0,0,0,0,0,0,0,0,0,0,0,-89.9478969775846,-233.6328881355508,0,0,0,3,1.0568034999999938,0,0,0,0.0015882012681525356,0.14282080588898483,0.0005343345925442939,0
..\..\..\files\weather\hourly\Spresiano.csv,1/8/2022 12:00:00 AM,6.5,-2.3,0,0,94,38,-98.85102,-2.4005682,0,0,0,0,0,0,0,0,0,0,0,0,0,0,0,0,0,0,0,0,0,0,0,0,0,-89.9478969775846,-241.44955461942988,0,0,0,0.00667,0,0,0,0,0.0012409675178270795,0.15268186380653018,0.0005608104448080176,0
..\..\..\files\weather\hourly\Spresiano.csv,1/9/2022 12:00:00 AM,7.2,-4.9,0,0,99,43,-98.85102,-2.1421485,0,0,0,0,0,0,0,0,0,0,0,0,0,0,0,0,0,0,0,0,0,0,0,0,0,-89.9478969775846,-241.44955461942988,0,0,0,0.00667,1.0568034999999938,0,0,0,0.0011876392575596,0.1567029962080111,0.0005719286495124343,0
..\..\..\files\weather\hourly\Spresiano.csv,1/10/2022 12:00:00 AM,5.2,-2.6,0,0,93,54,-98.85102,-1.7333332,0,0,0,0,0,0,0,0,0,0,0,0,0,0,0,0,0,0,0,0,0,0,0,0,0,-89.9478969775846,-241.44955461942988,0,0,0,0.00667,0.7525065000000026,0,0,0,0.0012548496158150371,0.17196465581081785,0.0006158816250752541,0
..\..\..\files\weather\hourly\Spresiano.csv,1/11/2022 12:00:00 AM,9.2,-1.5,0,0,90,47,-98.85102,-3.95514,0,0,0,0,0,0,0,0,0,0,0,0,0,0,0,0,0,0,0,0,0,0,0,0,0,-89.9478969775846,-241.44955461942988,0,0,0,0.00667,0.406626499999998,0,0,0,0.0014238664690002117,0.18392516804632275,0.0006523404323708276,0
..\..\..\files\weather\hourly\Spresiano.csv,1/12/2022 12:00:00 AM,10.5,-3,0,0,90,35,-98.84176,-4.0925927,0.009259259,0,0,0,0,0,0,0,0,0,0,0,0,0,0,0,0,0,0,0,0,0,0,0,0,-89.9478969775846,-241.44955461942988,0,0,0,0.00667,0.9298275000000018,0,0,0,0.001213872650300547,0.1886967530723865,0.0006673973136917217,0
..\..\..\files\weather\hourly\Spresiano.csv,1/13/2022 12:00:00 AM,8.8,-4.1,0,0,94,27,-98.84176,-3.0015507,0,0,0,0,0,0,0,0,0,0,0,0,0,0,0,0,0,0,0,0,0,0,0,0,0,-89.9478969775846,-241.44955461942988,0,0,0,0.00667,0,0,0,0,0.0012273101044440902,0.19259639807699389,0.0006799246256463515,0
..\..\..\files\weather\hourly\Spresiano.csv,1/14/2022 12:00:00 AM,8.5,-5.1,0,0,86,37,-98.84176,-2.65625,0,0,0,0,0,0,0,0,0,0,0,0,0,0,0,0,0,0,0,0,0,0,0,0,0,-89.9478969775846,-241.44955461942988,0,0,0,0.00667,0.6777634999999975,0,0,0,0.0011255967889421173,0.196416935280472,0.0006923940586085667,0
..\..\..\files\weather\hourly\Spresiano.csv,1/15/2022 12:00:00 AM,9.6,-4.2,0,0,95,38,-98.84176,-3.3391306,0,0,0,0,0,0,0,0,0,0,0,0,0,0,0,0,0,0,0,0,0,0,0,0,0,-92.06762755130497,-241.44955461942988,0,0,0,0.00667,1.0568034999999938,0,0,0,0.0011748345209003737,0.20119160200169547,0.0007082544610000607,0
..\..\..\files\weather\hourly\Spresiano.csv,1/16/2022 12:00:00 AM,12.4,-2.3,0,0,97,49,-98.64584,-5.42585,0.1959183,0,0,0,0,0,0,0,0,0,0,0,0,0,0,0,0,0,0,0,0,0,0,0,0,-92.06762755130497,-241.44955461942988,0,0,0,0.00667,1.0699464999999933,0,0,0,0.0018294894930725907,0.21185158084235187,0.0007447986982519421,0
..\..\..\files\weather\hourly\Spresiano.csv,1/17/2022 12:00:00 AM,12.2,-0.3,0,0,98,48,-98.45224,-6.1472,0.19359997,0,0,0,0,0,0,0,0,0,0,0,0,0,0,0,0,0,0,0,0,0,0,0,0,-92.06762755130497,-241.44955461942988,0,0,0,0.00667,1.0568034999999938,0,0,0,0.001691735827573539,0.2251263874834335,0.0007925675689832809,0
..\..\..\files\weather\hourly\Spresiano.csv,1/18/2022 12:00:00 AM,9.8,-1.2,0,9,100,63,-98.45224,-4.3654547,0,0,0,0,0,0,0,0,0,0,0,0,0,0,0,0,0,0,0,0,0,0,0,0,0,-92.06762755130497,-241.44955461942988,0,0,0,0.00667,1.039618500000003,0,0,0,0.002254280029667379,0.2490021579915266,0.0008851321419109282,0
..\..\..\files\weather\hourly\Spresiano.csv,1/19/2022 12:00:00 AM,12.6,-1.3,0,9,100,44,-98.209076,-5.953957,0.24316554,0,0,0,0,0,0,0,0,0,0,0,0,0,0,0,0,0,0,0,0,0,0,0,0,-92.06762755130497,-241.44955461942988,0,0,0,0.00667,1.0733834999999985,0,0,0,0.0018054212389029313,0.2606945314513295,0.0009337471935708273,0
..\..\..\files\weather\hourly\Spresiano.csv,1/20/2022 12:00:00 AM,9.8,-1.9,0,6,100,52,-98.209076,-4.104274,0,0,0,0,0,0,0,0,0,0,0,0,0,0,0,0,0,0,0,0,0,0,0,0,0,-92.06762755130497,-241.44955461942988,0,0,0,0.00667,1.039618500000003,0,0,0,0.0016702558703905386,0.27226234471378336,0.0009840775300877687,0
..\..\..\files\weather\hourly\Spresiano.csv,1/21/2022 12:00:00 AM,8.1,-1,0,16,100,67,-98.209076,-3.6049454,0,0,0,0,0,0,0,0,0,0,0,0,0,0,0,0,0,0,0,0,0,0,0,0,0,-92.06762755130497,-241.44955461942988,0,0,0,0.00667,1.039618500000003,0,0,0,0.001781811520614019,0.2949320039950648,0.0010894680964008772,0
..\..\..\files\weather\hourly\Spresiano.csv,1/22/2022 12:00:00 AM,8.5,-3.4,0,3,100,41,-98.209076,-3.0357144,0,0,0,0,0,0,0,0,0,0,0,0,0,0,0,0,0,0,0,0,0,0,0,0,0,-92.06762755130497,-241.44955461942988,0,0,0,0.00667,0.5048235000000005,0,0,0,0.001343141548112525,0.2991635926911334,0.0011101714806069302,0
..\..\..\files\weather\hourly\Spresiano.csv,1/23/2022 12:00:00 AM,5.8,-5.1,0,0,98,57,-98.209076,-1.5431194,0,0,0,0,0,0,0,0,0,0,0,0,0,0,0,0,0,0,0,0,0,0,0,0,0,-92.06762755130497,-241.44955461942988,0,0,0,0.00667,1.0699464999999933,0,0,0,0.001343141548112525,0.30908155591903186,0.0011600148799038978,0
..\..\..\files\weather\hourly\Spresiano.csv,1/24/2022 12:00:00 AM,8.9,-2.9,0,6,100,61,-98.209076,-3.356356,0,0,0,0,0,0,0,0,0,0,0,0,0,0,0,0,0,0,0,0,0,0,0,0,0,-92.06762755130497,-241.44955461942988,0,0,0,0.00667,1.039618500000003,0,0,0,0.0019841946888861854,0.3244012175560418,0.001240747767960954,0
..\..\..\files\weather\hourly\Spresiano.csv,1/25/2022 12:00:00 AM,8.8,-3.5,0,5,100,58,-98.209076,-3.1479676,0,0,0,0,0,0,0,0,0,0,0,0,0,0,0,0,0,0,0,0,0,0,0,0,0,-94.42968450598018,-241.44955461942988,0,0,0,0.00667,0,0,0,0,0.0019045611135793108,0.34170554509558415,0.0013376399608725092,0
..\..\..\files\weather\hourly\Spresiano.csv,1/26/2022 12:00:00 AM,8.2,-1.8,0,6,100,60,-98.209076,-3.362,0,0,0,0,0,0,0,0,0,0,0,0,0,0,0,0,0,0,0,0,0,0,0,0,0,-94.42968450598018,-241.44955461942988,0,0,0,0.00667,1.0127274999999898,0,0,0,0.0018054212389029313,0.36723265352722567,0.0014922577183147001,0
..\..\..\files\weather\hourly\Spresiano.csv,1/27/2022 12:00:00 AM,6.7,-2.6,0,13,100,70,-98.209076,-2.4134407,0,0,0,0,0,0,0,0,0,0,0,0,0,0,0,0,0,0,0,0,0,0,0,0,0,-94.42968450598018,-241.44955461942988,0,0,0,0.00667,1.0127274999999898,0,0,0,0.001493673844397198,0.3835308915179897,0.0015986832154183941,0
..\..\..\files\weather\hourly\Spresiano.csv,1/28/2022 12:00:00 AM,4.6,-3.4,0,3,100,81,-98.209076,-1.3225,0,0,0,0,0,0,0,0,0,0,0,0,0,0,0,0,0,0,0,0,0,0,0,0,0,-94.42968450598018,-241.44955461942988,0,0,0,0.00667,0.9298275000000018,0,0,0,0.0011748345209003737,0.3983573094288119,0.001700998699515152,0
..\..\..\files\weather\hourly\Spresiano.csv,1/29/2022 12:00:00 AM,9.1,-0.4,0,0,99,61,-98.209076,-4.3584213,0,0,0,0,0,0,0,0,0,0,0,0,0,0,0,0,0,0,0,0,0,0,0,0,0,-94.42968450598018,-241.44955461942988,0,0,0,0.00667,0.3006114999999987,0,0,0,0.0020399965397414153,0.4244836428316408,0.001894736451167612,0
..\..\..\files\weather\hourly\Spresiano.csv,1/30/2022 12:00:00 AM,10.3,-3.4,0,0,97,39,-98.20579,-3.8751824,0.0032846755,0,0,0,0,0,0,0,0,0,0,0,0,0,0,0,0,0,0,0,0,0,0,0,0,-94.42968450598018,-241.44955461942988,0,0,0,0.00667,1.0699464999999933,0,0,0,0.0013907440177368276,0.4312438494674962,0.0019477820180351317,0
..\..\..\files\weather\hourly\Spresiano.csv,1/31/2022 12:00:00 AM,9.9,-2.6,0,0,99,49,-98.20579,-3.9203997,0,0,0,0,0,0,0,0,0,0,0,0,0,0,0,0,0,0,0,0,0,0,0,0,0,-94.42968450598018,-241.44955461942988,0,0,0,0.00667,1.0568034999999938,0,0,0,0.0013907440177368276,0.4374833363183259,0.001997842929023963,0
..\..\..\files\weather\hourly\Spresiano.csv,2/1/2022 12:00:00 AM,8.2,-2.6,0,0,99,72,-98.20579,-3.1129632,0,0,0,0,0,0,0,0,0,0,0,0,0,0,0,0,0,0,0,0,0,0,0,0,0,-94.42968450598018,-241.44955461942988,1.4669594752873343E-74,0,0,0.00667,1.0690024999999963,0,0,0,0.0018054212389029313,0.4555348286800447,0.002148792621147377,0
..\..\..\files\weather\hourly\Spresiano.csv,2/2/2022 12:00:00 AM,12.2,-2.8,0,3,100,30,-98.04446,-5.1226664,0.16133331,0,0,0,0,0,0,0,0,0,0,0,0,0,0,0,0,0,0,0,0,0,0,0,0,-94.42968450598018,-241.44955461942988,1.1986362964627709E-73,1.4669594752873343E-74,0,0.00667,0.8785384999999977,0,0,0,0.0018540273692963535,0.4669047872156553,0.0022486843538481725,0
..\..\..\files\weather\hourly\Spresiano.csv,2/3/2022 12:00:00 AM,12.1,0.4,0,0,98,54,-97.855995,-5.661538,0.1884616,0,0,0,0,0,0,0,0,0,0,0,0,0,0,0,0,0,0,0,0,0,0,0,0,-94.42968450598018,-241.44955461942988,9.664524582441338E-73,1.3453322439915042E-73,0,0.00667,1.0586914999999948,0,0,0,0.0019045611135793108,0.4855965797864162,0.0024213285171270763,0
..\..\..\files\weather\hourly\Spresiano.csv,2/4/2022 12:00:00 AM,11.9,-0.8,0,10,100,55,-97.71387,-5.7173223,0.14212592,0,0,0,0,0,0,0,0,0,0,0,0,0,0,0,0,0,0,0,0,0,0,0,0.47052662013930524,-93.95915788584087,-241.44955461942988,7.689486307460009E-72,1.1009856826432842E-72,0,0.00667,1.039618500000003,0,0,0,0.0025026440434318857,0.5018193818580675,0.002579998483235843,0
..\..\..\files\weather\hourly\Spresiano.csv,2/5/2022 12:00:00 AM,12.1,-0.2,0,15,100,55,-97.5346,-6.1308947,0.17926836,0,0,0,0,0,0,0,0,0,0,0,0,0,0,0,0,0,0,0,0,0,0,0,0,-93.95915788584087,-241.44955461942988,6.0372328048830725E-71,8.790471990103294E-72,0,0.00667,1.0127274999999898,0,0,0,0.0026212459086974314,0.5239066332201616,0.0028098534419642566,0
..\..\..\files\weather\hourly\Spresiano.csv,2/6/2022 12:00:00 AM,12.3,-1.3,0,14,100,55,-97.34011,-5.7566175,0.19448532,0,0,0,0,0,0,0,0,0,0,0,0,0,0,0,0,0,0,0,0,0,0,0,0,-93.95915788584087,-241.44955461942988,4.677375978978059E-70,6.916280003893402E-71,0,0.00667,1.039618500000003,0,0,0,0.0022217299044216834,0.538443304106599,0.0029702111135604253,0
..\..\..\files\weather\hourly\Spresiano.csv,2/7/2022 12:00:00 AM,8.4,-0.2,0,9,100,74,-97.34011,-4.1023254,0,0,0,0,0,0,0,0,0,0,0,0,0,0,0,0,0,0,0,0,0,0,0,0,0,-93.95915788584087,-241.44955461942988,3.575941464807563E-69,5.3690039793674E-70,0,0.00667,1.0127274999999898,0,0,0,0.0018540273692963535,0.5675338698643431,0.0033139160337597538,0
..\..\..\files\weather\hourly\Spresiano.csv,2/8/2022 12:00:00 AM,13.1,-1.4,0.2,9,100,15,-97.00873,-6.248966,0.33137938,0,0,0,0,0,0,0,0,0,0,0,0,0,0,0,0,0,0,0,0,0,0,0,0,-93.95915788584087,-241.44955461942988,2.697753618620907E-68,4.112841862744303E-69,0,0.04555995657963896,0,0,0,0,0.0018790472328586738,0.5832316040956971,0.00351260816981028,0
..\..\..\files\weather\hourly\Spresiano.csv,2/9/2022 12:00:00 AM,11.4,-3.2,0,0,87,30,-96.941605,-4.5178084,0.06712326,0,0,0,0,0,0,0,0,0,0,0,0,0,0,0,0,0,0,0,0,0,0,0,0,-93.95915788584087,-241.44955461942988,2.0083431937175356E-67,3.1090378048953375E-68,0,0.04555995657963896,0.406626499999998,0,0,0,0.0011498275854334166,0.5880394751300551,0.0035753883188091224,0
..\..\..\files\weather\hourly\Spresiano.csv,2/10/2022 12:00:00 AM,12.9,-3.1,0,0,92,32,-96.678795,-5.4631248,0.26281244,0,0,0,0,0,0,0,0,0,0,0,0,0,0,0,0,0,0,0,0,0,0,0,0,-93.95915788584087,-241.44955461942988,1.4753577293275268E-66,2.3192469742070693E-67,0,0.00667,0.5952024999999992,0,0,0,0.0013746052133827165,0.5933594177892136,0.003645927566152508,0
..\..\..\files\weather\hourly\Spresiano.csv,2/11/2022 12:00:00 AM,9.7,-1.7,0,3,92,52,-96.678795,-4.1267543,0,0,0,0,0,0,0,0,0,0,0,0,0,0,0,0,0,0,0,0,0,0,0,0,0,-93.95915788584087,-241.44955461942988,1.0694993037627018E-65,1.7072824267482337E-66,0,0.00667,0.7525065000000026,0,0,0,0.0019841946888861854,0.6075627724192956,0.003839876095036607,0
..\..\..\files\weather\hourly\Spresiano.csv,2/12/2022 12:00:00 AM,11.3,-0.2,0,7,99,60,-96.605316,-5.6252174,0.07347828,0,0,0,0,0,0,0,0,0,0,0,0,0,0,0,0,0,0,0,0,0,0,0,0,-93.95915788584087,-241.44955461942988,7.65045805742467E-65,1.2402275464375252E-65,0,0.00667,1.039618500000003,0,0,0,0.0024648213336230253,0.6316809568335319,0.004188554765521183,0
..\..\..\files\weather\hourly\Spresiano.csv,2/13/2022 12:00:00 AM,11.4,-0.9,0,8,100,27,-96.52564,-5.3626018,0.07967476,0,0,0,0,0,0,0,0,0,0,0,0,0,0,0,0,0,0,0,0,0,0,0,0,-93.95915788584087,-241.44955461942988,5.400303067550788E-64,8.890685603862196E-65,0,0.00667,0,0,0,0,0.0011376171791309265,0.6381705921773305,0.004286668807770995,0
..\..\..\files\weather\hourly\Spresiano.csv,2/14/2022 12:00:00 AM,9.7,-2.9,0,0,82,35,-96.52564,-3.7337298,0,0,0,0,0,0,0,0,0,0,0,0,0,0,0,0,0,0,0,0,0,0,0,0,0,-104.73422989383936,-241.44955461942988,3.761599815999655E-63,6.289371627937007E-64,0,0.00667,0,0,0,0,0.0012833074629881942,0.6420731947912571,0.004346568745248723,0
..\..\..\files\weather\hourly\Spresiano.csv,2/15/2022 12:00:00 AM,6.4,-2.8,0,2,90,55,-96.52564,-2.226087,0,0,0,0,0,0,0,0,0,0,0,0,0,0,0,0,0,0,0,0,0,0,0,0,0,-104.73422989383936,-241.44955461942988,2.5855373162641527E-62,4.3905369787933556E-63,0,0.00667,0.18677850000000262,0,0,0,0.001440862877882065,0.6612665727116266,0.004651184664094336,0
..\..\..\files\weather\hourly\Spresiano.csv,2/16/2022 12:00:00 AM,8.1,3.7,27,21,100,77,-96.52564,-2.2,0,0,0,0,0,0,0,0,0,0,0,0,0,0,0,0,0,0,0,0,0,0,0,0,0,-104.73422989383936,-241.44955461942988,1.7536898657643055E-61,3.0245910141434884E-62,0,3,1.0127274999999898,0,0,0,0.001781811520614019,0.6954729454034112,0.005237030510190353,0
..\..\..\files\weather\hourly\Spresiano.csv,2/17/2022 12:00:00 AM,10.9,2,0,15,100,71,-96.48013,-4.4044943,0.04550558,0,0,0,0,0,0,0,0,0,0,0,0,0,0,0,0,0,0,0,0,0,0,0,0,-104.73422989383936,-241.44955461942988,1.1737579229616145E-60,2.0561489671786544E-61,0,3,1.0127274999999898,0,0,0,0.002662572989179135,0.7315081708029595,0.005917397734118359,0
..\..\..\files\weather\hourly\Spresiano.csv,2/18/2022 12:00:00 AM,8.6,2.9,0,15,100,85,-96.48013,-2.85,0,0,0,0,0,0,0,0,0,0,0,0,0,0,0,0,0,0,0,0,0,0,0,0,0,-104.73422989383936,-241.44955461942988,7.752254892137408E-60,1.37937281967948E-60,0,0.00667,1.0127274999999898,0,0,0,0.0019045611135793108,0.7651293924791959,0.00661469541765394,0
..\..\..\files\weather\hourly\Spresiano.csv,2/19/2022 12:00:00 AM,13.6,0.6,0,10,100,64,-95.981674,-6.0015388,0.49846166,0,0,0,0,0,0,0,0,0,0,0,0,0,0,0,0,0,0,0,0,0,0,0,0,-104.73422989383936,-241.44955461942988,5.052441726300336E-59,9.131627711816888E-60,0,0.00667,1.0733834999999985,0,0,0,0.003353566358764844,0.7981689648598614,0.007362552164605854,0
..\..\..\files\weather\hourly\Spresiano.csv,2/20/2022 12:00:00 AM,10.2,6.2,0.2,12,100,90,-95.97668,-1.995,0.0049999906,0,0,0,0,0,0,0,0,0,0,0,0,0,0,0,0,0,0,0,0,0,0,0,0,-104.73422989383936,-241.44955461942988,3.2493638535198885E-58,5.965604497482025E-59,0,0.04555995657963896,0.9298275000000018,0,0,0,0.0023916039246058424,0.8407950776544386,0.008425208477329442,0
..\..\..\files\weather\hourly\Spresiano.csv,2/21/2022 12:00:00 AM,14,7.1,0,0,98,58,-94.81725,-2.29058,1.1594203,0,0,0,0,0,0,0,0,0,0,0,0,0,0,0,0,0,0,0,0,0,0,0,0,-104.73422989383936,-241.44955461942988,2.062144713992243E-57,3.845924303268091E-58,0,0.04555995657963896,1.036786499999998,0,0,0,0.002792303379174842,0.8727472750061062,0.009298535542133578,0
..\..\..\files\weather\hourly\Spresiano.csv,2/22/2022 12:00:00 AM,9.9,1.3,0.6,7,100,87,-94.81725,-4.3,0,0,0,0,0,0,0,0,0,0,0,0,0,0,0,0,0,0,0,0,0,0,0,0,0,-104.73422989383936,-241.44955461942988,1.2914086646605493E-56,2.4467371443190522E-57,0,0.12339360864138221,1.0127274999999898,0,0,0,0.0022875229687335298,0.9120978477034825,0.010470152818453909,0
..\..\..\files\weather\hourly\Spresiano.csv,2/23/2022 12:00:00 AM,14,-0.8,0,9,100,44,-94.27671,-7.1621623,0.5405405,0,0,0,0,0,0,0,0,0,0,0,0,0,0,0,0,0,0,0,0,0,0,0,0,-104.73422989383936,-241.44955461942988,7.9805351560326385E-56,1.5360823790924546E-56,0,0.12339360864138221,0.18677850000000262,0,0,0,0.002011814987055983,0.9256633069260796,0.01089971907486951,0
..\..\..\files\weather\hourly\Spresiano.csv,2/24/2022 12:00:00 AM,14.2,-0.3,0,0,91,37,-93.668434,-7.5613794,0.6082758,0,0,0,0,0,0,0,0,0,0,0,0,0,0,0,0,0,0,0,0,0,0,0,0,-106.07385977931311,-241.44955461942988,4.866582573815612E-55,9.516617535125092E-56,0,0.00667,0.9732984999999914,0,0,0,0.0020981025276414237,0.9379071058852848,0.011299103915447679,0
..\..\..\files\weather\hourly\Spresiano.csv,2/25/2022 12:00:00 AM,13.4,-0.7,0,0,99,43,-93.25851,-6.777304,0.409929,0,0,0,0,0,0,0,0,0,0,0,0,0,0,0,0,0,0,0,0,0,0,0,0,-106.07385977931311,-241.44955461942988,2.928464344726326E-54,5.818244327328121E-55,0,0.00667,0.9298275000000018,0,0,0,0.0018054212389029313,0.9523681169457032,0.011785354571625698,0
..\..\..\files\weather\hourly\Spresiano.csv,2/26/2022 12:00:00 AM,12.7,0.4,8.6,6,100,60,-92.962166,-5.853658,0.29634142,0,0,0,0,0,0,0,0,0,0,0,0,0,0,0,0,0,0,0,0,0,0,0,0,-106.07385977931311,-241.44955461942988,1.7389197782747018E-53,3.510288777459138E-54,0,1.6951126487267933,0.9732984999999914,0,0,0,0.0031323391049276825,0.9823319747048689,0.012844368040829888,0
..\..\..\files\weather\hourly\Spresiano.csv,2/27/2022 12:00:00 AM,11.7,1.3,0,0,98,34,-92.82323,-5.0610576,0.13894229,0,0,0,0,0,0,0,0,0,0,0,0,0,0,0,0,0,0,0,0,0,0,0,0,-106.07385977931311,-241.44955461942988,1.0189266374499558E-52,2.0899486560206154E-53,0,1.6951126487267933,0,0,0,0,0.0016284739354831858,0.9968725256256319,0.013383986519953088,0
..\..\..\files\weather\hourly\Spresiano.csv,2/28/2022 12:00:00 AM,11.6,-1.2,0,0,70,24,-92.72323,-5.3562503,0.100000046,0,0,0,0,0,0,0,0,0,0,0,0,0,0,0,0,0,0,0,0,0,0,0,0,-106.07385977931311,-241.44955461942988,5.891556505357955E-52,1.2279215030520174E-52,0,0.00667,0,0,0,0,0.0011137626768196501,1.0037089057397417,0.01364363416733409,0
..\..\..\files\weather\hourly\Spresiano.csv,3/1/2022 12:00:00 AM,10.2,-1,0,0,77,41,-92.72144,-4.6464286,0.0017857109,0,0,0,0,0,0,0,0,0,0,0,0,0,0,0,0,0,0,0,0,0,0,0,0,-106.07385977931311,-241.44955461942988,3.361560570795465E-51,7.119478008409973E-52,0,0.00667,0,0,0,0,0.0013587397228341672,1.0109109617084313,0.01392133195939146,0
..\..\..\files\weather\hourly\Spresiano.csv,3/2/2022 12:00:00 AM,10.2,-2,0,0,87,28,-92.7198,-4.2655735,0.0016393412,0,0,0,0,0,0,0,0,0,0,0,0,0,0,0,0,0,0,0,0,0,0,0,0,-106.07385977931311,-241.44955461942988,1.892673045855315E-50,4.073508371636462E-51,0,0.00667,0,0,0,0,0.0013127238760483064,1.0193861296947193,0.014253640891598753,0
..\..\..\files\weather\hourly\Spresiano.csv,3/3/2022 12:00:00 AM,10.9,-2.6,0,0,93,35,-92.689804,-4.4303703,0.029999973,0,0,0,0,0,0,0,0,0,0,0,0,0,0,0,0,0,0,0,0,0,0,0,0,-106.07385977931311,-241.44955461942988,1.0515598986091169E-49,2.300023883018961E-50,0,0.00667,1.036786499999998,0,0,0,0.0015686089880832515,1.029463107687098,0.014656612078500686,0
..\..\..\files\weather\hourly\Spresiano.csv,3/4/2022 12:00:00 AM,12.2,-0.9,0,0,95,39,-92.50507,-5.865649,0.1847328,0,0,0,0,0,0,0,0,0,0,0,0,0,0,0,0,0,0,0,0,0,0,0,0,-106.07385977931311,-241.44955461942988,5.765224146505902E-49,1.281562286911013E-49,0,0.00667,0.3006114999999987,0,0,0,0.0015686089880832515,1.0428627194805402,0.015205849928492377,0
..\..\..\files\weather\hourly\Spresiano.csv,3/5/2022 12:00:00 AM,12,1.9,0,0,90,28,-92.30705,-4.8519797,0.19801979,0,0,0,0,0,0,0,0,0,0,0,0,0,0,0,0,0,0,0,0,0,0,0,0,-106.07385977931311,-241.44955461942988,3.1190485896991434E-48,7.046786433416914E-49,0,0.00667,0,0,0,0,0.0012978932337451203,1.0522006955953773,0.015597770315061042,0
..\..\..\files\weather\hourly\Spresiano.csv,3/6/2022 12:00:00 AM,9.5,0.4,0,0,75,29,-92.30705,-4.5499997,0,0,0,0,0,0,0,0,0,0,0,0,0,0,0,0,0,0,0,0,0,0,0,0,0,-106.98080235297877,-241.44955461942988,1.665144189843217E-47,3.823727233040835E-48,0,0.00667,0,0,0,0,0.0011137626768196501,1.0656116936165907,0.01617400136074267,0
..\..\..\files\weather\hourly\Spresiano.csv,3/7/2022 12:00:00 AM,9.4,-1.4,0,0,76,32,-92.30705,-4.0907407,0,0,0,0,0,0,0,0,0,0,0,0,0,0,0,0,0,0,0,0,0,0,0,0,0,-106.98080235297877,-241.44955461942988,8.772135161664577E-47,2.0475169131473006E-47,0,0.00667,0,0,0,0,0.001102111027546604,1.075711793256846,0.016618510900235806,0
..\..\..\files\weather\hourly\Spresiano.csv,3/8/2022 12:00:00 AM,9.3,-2.4,0,0,80,36,-92.30705,-3.6961539,0,0,0,0,0,0,0,0,0,0,0,0,0,0,0,0,0,0,0,0,0,0,0,0,0,-106.98080235297877,-241.44955461942988,4.5601858797267015E-46,1.0819652074811878E-46,0,0.00667,0,0,0,0,0.0012978932337451203,1.0842317187238009,0.01700060490923675,0
..\..\..\files\weather\hourly\Spresiano.csv,3/9/2022 12:00:00 AM,9.6,-1.5,0,0,77,33,-92.30705,-4.1513515,0,0,0,0,0,0,0,0,0,0,0,0,0,0,0,0,0,0,0,0,0,0,0,0,0,-106.98080235297877,-241.44955461942988,2.339287169011707E-45,5.642151087207889E-46,0,0.00667,0,0,0,0,0.0011137626768196501,1.094504200263154,0.01747006713898108,0
..\..\..\files\weather\hourly\Spresiano.csv,3/10/2022 12:00:00 AM,12.7,-2.8,0,0,84,29,-92.07189,-5.438064,0.23516126,0,0,0,0,0,0,0,0,0,0,0,0,0,0,0,0,0,0,0,0,0,0,0,0,-106.98080235297877,-241.44955461942988,1.1841542946079723E-44,2.903502277732496E-45,0,0.00667,0,0,0,0,0.0013587397228341672,1.1007571919040116,0.017760574519725698,0
..\..\..\files\weather\hourly\Spresiano.csv,3/11/2022 12:00:00 AM,14.8,-2.3,0,0,84,25,-91.39821,-7.0783625,0.67368424,0,0,0,0,0,0,0,0,0,0,0,0,0,0,0,0,0,0,0,0,0,0,0,0,-106.98080235297877,-241.44955461942988,5.915028104873868E-44,1.4745045223812219E-44,0,0.00667,0,0,0,0,0.0015686089880832515,1.1103856576869693,0.01821498531007218,0
..\..\..\files\weather\hourly\Spresiano.csv,3/12/2022 12:00:00 AM,8.1,1.9,0,0,86,46,-91.39821,-3.1,0,0,0,0,0,0,0,0,0,0,0,0,0,0,0,0,0,0,0,0,0,0,0,0,0,-106.98080235297877,-241.44955461942988,2.915607730317564E-43,7.389532627255089E-44,0,0.00667,0,0,0,0,0.0014757595925455225,1.1281399108858072,0.019075684638529395,0
..\..\..\files\weather\hourly\Spresiano.csv,3/13/2022 12:00:00 AM,9.5,-2,0,0,65,20,-91.39821,-3.923913,0,0,0,0,0,0,0,0,0,0,0,0,0,0,0,0,0,0,0,0,0,0,0,0,0,-106.98080235297877,-241.44955461942988,1.4181596875265964E-42,3.654560993043073E-43,0,0.00667,0,0,0,0,0.0009948660930136125,1.1350386009550544,0.01941819608797209,0
..\..\..\files\weather\hourly\Spresiano.csv,3/14/2022 12:00:00 AM,10.5,-4.8,0,0,83,26,-91.39004,-3.611111,0.008169934,0,0,0,0,0,0,0,0,0,0,0,0,0,0,0,0,0,0,0,0,0,0,0,0,-106.98080235297877,-241.44955461942988,6.806830582030667E-42,1.7836157868309038E-42,0,0.00667,0.18677850000000262,0,0,0,0.0011255967889421173,1.1388834995435824,0.01961107125454438,0
..\..\..\files\weather\hourly\Spresiano.csv,3/15/2022 12:00:00 AM,12.8,-0.1,0,1,98,45,-91.08616,-6.6542635,0.303876,0,0,0,0,0,0,0,0,0,0,0,0,0,0,0,0,0,0,0,0,0,0,0,0,-106.98080235297877,-241.44955461942988,3.2239515700952275E-41,8.590446368861571E-42,0,0.00667,1.0586914999999948,0,0,0,0.0023916039246058424,1.1551774053778285,0.02044431946179081,0
..\..\..\files\weather\hourly\Spresiano.csv,3/16/2022 12:00:00 AM,9.8,1.8,0,5,100,73,-91.08616,-4,0,0,0,0,0,0,0,0,0,0,0,0,0,0,0,0,0,0,0,0,0,0,0,0,0,-107.89303481293737,-241.44955461942988,1.506800791043677E-40,4.0829962069813844E-41,0,0.00667,0.06512749999999556,0,0,0,0.002254280029667379,1.1932455164891491,0.022493216398124186,0
..\..\..\files\weather\hourly\Spresiano.csv,3/17/2022 12:00:00 AM,12.5,6.6,0,0,97,60,-90.556496,-2.4203393,0.529661,0,0,0,0,0,0,0,0,0,0,0,0,0,0,0,0,0,0,0,0,0,0,0,0,-107.89303481293737,-241.44955461942988,6.94939395650261E-40,1.9151004117418155E-40,0,0.00667,1.0699464999999933,0,0,0,0.0031323391049276825,1.2311234020115283,0.024678137632477535,0
..\..\..\files\weather\hourly\Spresiano.csv,3/18/2022 12:00:00 AM,15.3,4.9,0,4,100,45,-89.20602,-3.8495193,1.3504809,0,0,0,0,0,0,0,0,0,0,0,0,0,0,0,0,0,0,0,0,0,0,0,0,-107.89303481293737,-241.44955461942988,3.1627275917035774E-39,8.864494368244424E-40,0.3172687565006287,0.00667,0,0,0,0,0.0025413064399147393,1.245498420656615,0.025546591045076523,0
..\..\..\files\weather\hourly\Spresiano.csv,3/19/2022 12:00:00 AM,14.5,1.8,0,0,77,35,-88.408775,-5.5527554,0.79724413,0,0,0,0,0,0,0,0,0,0,0,0,0,0,0,0,0,0,0,0,0,0,0,0,-107.89303481293737,-241.44955461942988,1.4203664485204973E-38,4.0491770285280196E-39,0,0.00667,0,0,0,0,0.0017586486824907532,1.2541610816595823,0.026080552659762182,0
..\..\..\files\weather\hourly\Spresiano.csv,3/20/2022 12:00:00 AM,13.5,0.7,0,0,82,27,-87.93026,-5.9214845,0.47851562,0,0,0,0,0,0,0,0,0,0,0,0,0,0,0,0,0,0,0,0,0,0,0,0,-107.89303481293737,-241.44955461942988,6.294522423301501E-38,1.8252841513732993E-38,0,0.00667,0,0,0,0,0.0012273101044440902,1.2617641153853314,0.026555833958337157,0
..\..\..\files\weather\hourly\Spresiano.csv,3/21/2022 12:00:00 AM,13.4,3.3,0,0,58,21,-87.35798,-4.477722,0.5722771,0,0,0,0,0,0,0,0,0,0,0,0,0,0,0,0,0,0,0,0,0,0,0,0,-107.89303481293737,-241.44955461942988,2.7526369000544033E-37,8.119806574674801E-38,0,0.00667,0,0,0,0,0.0012833074629881942,1.2674785922694525,0.026917165086910808,0
..\..\..\files\weather\hourly\Spresiano.csv,3/22/2022 12:00:00 AM,14.1,-0.9,0,0,61,20,-86.797646,-7.1873336,0.56033343,0,0,0,0,0,0,0,0,0,0,0,0,0,0,0,0,0,0,0,0,0,0,0,0,-107.89303481293737,-241.44955461942988,1.1878424245902697E-36,3.564617557521883E-37,0,0.00667,0,0,0,0,0.001090638176141415,1.2731902452980068,0.02728185814325432,0
..\..\..\files\weather\hourly\Spresiano.csv,3/23/2022 12:00:00 AM,16.3,0.8,0,0,55,16,-85.51733,-6.469677,1.2803223,0,0,0,0,0,0,0,0,0,0,0,0,0,0,0,0,0,0,0,0,0,0,0,0,-107.89303481293737,-241.44955461942988,5.058159264026705E-36,1.544304180342458E-36,0,0.00667,0,0,0,0,0.001213872650300547,1.280893159710216,0.027779329015096346,0
..\..\..\files\weather\hourly\Spresiano.csv,3/24/2022 12:00:00 AM,20.2,2.6,0,0,52,18,-82.561646,-5.844319,2.9556823,0,0,0,0,0,0,0,0,0,0,0,0,0,0,0,0,0,0,0,0,0,0,0,0,-107.89303481293737,-241.44955461942988,2.1254452847516144E-35,6.602463444369163E-36,0,0.00667,0,0,0,0,0.0011255967889421173,1.288063760406501,0.028248268873803297,0
..\..\..\files\weather\hourly\Spresiano.csv,3/25/2022 12:00:00 AM,22,2,0,0,72,21,-78.96165,-6.4,3.6,0,0,0,0,0,0,0,0,0,0,0,0,0,0,0,0,0,0,0,0,0,0,0,0,-107.89303481293737,-241.44955461942988,8.813149182835325E-35,2.7856916291885307E-35,0,0.00667,0,0,0,0,0.0018054212389029313,1.2990986913596998,0.028981014085756023,0
..\..\..\files\weather\hourly\Spresiano.csv,3/26/2022 12:00:00 AM,21.1,3,0,0,82,20,-75.55806,-5.646409,3.4035912,0,0,0,0,0,0,0,0,0,0,0,0,0,0,0,0,0,0,0,0,0,0,0,0,-114.83346391580851,-241.44955461942988,3.6060859704070806E-34,1.1598840812023854E-34,0,0.00667,0,0,0,0,0.0019305813994650632,1.3134422170065438,0.02995371339623139,0
..\..\..\files\weather\hourly\Spresiano.csv,3/27/2022 12:00:00 AM,21.7,4.4,0,0,72,21,-71.6017,-4.693641,3.9563584,0,0,0,0,0,0,0,0,0,0,0,0,0,0,0,0,0,0,0,0,0,0,0,0,-114.83346391580851,-241.44955461942988,1.4560114602418503E-33,4.765970051609466E-34,0,0.00667,0,0,0,0,0.0013746052133827165,1.3234499350567712,0.03064606112897814,0
..\..\..\files\weather\hourly\Spresiano.csv,3/28/2022 12:00:00 AM,21.8,3.5,0,1,89,22,-67.797325,-5.3456287,3.804371,0,0,0,0,0,0,0,0,0,0,0,0,0,0,0,0,0,0,0,0,0,0,0,0,-114.83346391580851,-241.44955461942988,5.801192446417768E-33,1.9326084654027967E-33,0,0.00667,0.8785384999999977,0,0,0,0.0019305813994650632,1.3364603475203987,0.03156309985915125,0
..\..\..\files\weather\hourly\Spresiano.csv,3/29/2022 12:00:00 AM,17.7,1.2,0,12,100,48,-66.000656,-6.453334,1.7966671,0,0,0,0,0,0,0,0,0,0,0,0,0,0,0,0,0,0,0,0,0,0,0,0,-114.83346391580851,-241.44955461942988,2.280833141068251E-32,7.733800911820564E-33,0,0.00667,1.0127274999999898,0,0,0,0.0030294273014249205,1.3591651507136842,0.03320985855223289,0
..\..\..\files\weather\hourly\Spresiano.csv,3/30/2022 12:00:00 AM,15.2,4.8,0,9,100,58,-64.70065,-3.8999999,1.3,0,0,0,0,0,0,0,0,0,0,0,0,0,0,0,0,0,0,0,0,0,0,0,0,-114.83346391580851,-241.44955461942988,8.848986226588087E-32,3.0542132322503074E-32,0,0.00667,1.0568034999999938,0,0,0,0.0031323391049276825,1.3889093091584568,0.03545775474718743,0
..\..\..\files\weather\hourly\Spresiano.csv,3/31/2022 12:00:00 AM,12.9,7.1,0,2,99,71,-63.975655,-2.1750002,0.72499985,0,0,0,0,0,0,0,0,0,0,0,0,0,0,0,0,0,0,0,0,0,0,0,0,-114.83346391580851,-241.44955461942988,3.3877962732116135E-31,1.1903199458838394E-31,0.05480893169436565,0.00667,1.039618500000003,0,0.056980379354699046,0,0.003728906770232872,1.4523711474832586,0.04060539684056069,0
..\..\..\files\weather\hourly\Spresiano.csv,4/1/2022 12:00:00 AM,11.4,7.7,6.4,19,100,84,-63.71079,-1.5851347,0.26486474,0,0,0,0,0,0,0,0,0,0,0,0,0,0,0,0,0,0,0,0,0,0,0,0,-114.83346391580851,-241.44955461942988,1.2798669227378562E-30,4.578116219095453E-31,0,1.2600329686923524,1.039618500000003,0,0,0,0.0028838639371310936,1.5055518233684968,0.045297483441483634,1
..\..\..\files\weather\hourly\Spresiano.csv,4/2/2022 12:00:00 AM,11.7,6.3,16.8,18,100,87,-63.443195,-2.4324074,0.26759255,0,0,0,0,0,0,0,0,0,0,0,0,0,0,0,0,0,0,0,0,0,0,-1.3530408533461793,0,-116.18650476915468,-241.44955461942988,4.771293218797291E-30,1.7376785446474014E-30,0,3,1.039618500000003,0,0,0,0.0030294273014249205,1.5544822964241325,0.04992704876753184,1
..\..\..\files\weather\hourly\Spresiano.csv,4/3/2022 12:00:00 AM,8.9,5.3,1.2,9,100,68,-63.443195,-1.7999997,0,0,0,0,0,0,0,0,0,0,0,0,0,0,0,0,0,0,0,0,0,0,0,-0.6704134776827472,0,-116.85691824683744,-241.44955461942988,1.7552183918815486E-29,6.508971763444692E-30,0,3,0.406626499999998,0,0,0,0.0019841946888861854,1.5917013825961126,0.053652539050704766,1
..\..\..\files\weather\hourly\Spresiano.csv,4/4/2022 12:00:00 AM,10.3,2.8,0,0,99,50,-63.437195,-3.7440002,0.0060000075,0,0,0,0,0,0,0,0,0,0,0,0,0,0,0,0,0,0,0,0,0,0,0.16477424606375074,0,-116.69214400077368,-241.44955461942988,6.371621624146782E-29,2.406115568226018E-29,0,0.00667,0.5048235000000005,0,0,0,0.0018790472328586738,1.6149621515214714,0.05607135862651603,0
..\..\..\files\weather\hourly\Spresiano.csv,4/5/2022 12:00:00 AM,10.8,2.6,0.2,3,99,57,-63.39817,-4.0609756,0.039024405,0,0,0,0,0,0,0,0,0,0,0,0,0,0,0,0,0,0,0,0,0,0,-0.12292577674053701,0,-116.81506977751422,-241.44955461942988,2.282404193036562E-28,8.7777371923728E-29,0,0.04555995657963896,1.039618500000003,0,0,0,0.0023916039246058424,1.6478315228772837,0.05960896132281607,1
..\..\..\files\weather\hourly\Spresiano.csv,4/6/2022 12:00:00 AM,13.6,1.1,0,12,100,52,-62.879772,-5.7316003,0.51840013,0,0,0,0,0,0,0,0,0,0,0,0,0,0,0,0,0,0,0,0,0,0,0.12092871898098781,0,-116.69414105853323,-241.44955461942988,8.067870115861572E-28,3.160177912273842E-28,0,0.04555995657963896,1.0127274999999898,0,0,0,0.0027480744976864967,1.6727088006918254,0.06238005110896874,0
..\..\..\files\weather\hourly\Spresiano.csv,4/7/2022 12:00:00 AM,14.2,3.5,0,8,100,60,-62.055473,-4.5257015,0.824299,0,0,0,0,0,0,0,0,0,0,0,0,0,0,0,0,0,0,0,0,0,0,0.12233624395632696,0,-116.57180481457691,-241.44955461942988,2.8141613997371593E-27,1.1228048028135415E-27,0,0.00667,1.0127274999999898,0,0,0,0.003412313892100632,1.704092368604524,0.06599151674133584,0
..\..\..\files\weather\hourly\Spresiano.csv,4/8/2022 12:00:00 AM,16.4,4,0,7,100,59,-60.403862,-4.548387,1.6516128,0,0,0,0,0,0,0,0,0,0,0,0,0,0,0,0,0,0,0,0,0,0,0.24418692000332207,0,-116.32761789457358,-241.44955461942988,9.686410455664113E-27,3.936966202550701E-27,0,0.00667,0.6777634999999975,0,0,0,0.004165788379616633,1.7395728770971053,0.07023033003527378,0
..\..\..\files\weather\hourly\Spresiano.csv,4/9/2022 12:00:00 AM,18,4.6,0,9,100,61,-58.0158,-4.31194,2.3880599,0,0,0,0,0,0,0,0,0,0,0,0,0,0,0,0,0,0,0,0,0,0,0.29113793311032293,0,-116.03647996146326,-241.44955461942988,3.290034838688751E-26,1.3623376658214814E-26,0.22841506569382938,0.00667,1.0127274999999898,0,0.23132221844244527,0,0.005860612449866011,1.787881063973265,0.07626819099782994,0
..\..\..\files\weather\hourly\Spresiano.csv,4/10/2022 12:00:00 AM,16,2,8.400001,13,100,64,-56.730087,-5.714286,1.2857143,0,0,0,0,0,0,0,0,0,0,0,0,0,0,0,0,0,0,0,0,0,0,-0.7164717206916534,0,-116.75295168215492,-241.44955461942988,1.1027114597837513E-25,4.6523725045102324E-26,0,1.6554704324277445,1.0733834999999985,0,0,0,0.005617661929105107,1.8320818026563552,0.08206186036387603,1
..\..\..\files\weather\hourly\Spresiano.csv,4/11/2022 12:00:00 AM,15,1.7,0,0,95,27,-55.790237,-5.7101507,0.9398496,0,0,0,0,0,0,0,0,0,0,0,0,0,0,0,0,0,0,0,0,0,0,0.7241866340334008,0,-116.02876504812151,-241.44955461942988,3.647094710460573E-25,1.5679487102347744E-25,0,1.6554704324277445,0,0,0,0,0.001781811520614019,1.84417923621131,0.08369228811495688,0
..\..\..\files\weather\hourly\Spresiano.csv,4/12/2022 12:00:00 AM,15,2.2,0,2,91,39,-54.813675,-5.423438,0.9765625,0,0,0,0,0,0,0,0,0,0,0,0,0,0,0,0,0,0,0,0,0,0,0.6121393986146205,0,-115.4166256495069,-241.44955461942988,1.1902986953249752E-24,5.215043420695348E-25,0,0.00667,0.9732984999999914,0,0,0,0.002427815626456659,1.8642817528184235,0.08644400381649776,0
..\..\..\files\weather\hourly\Spresiano.csv,4/13/2022 12:00:00 AM,16.6,3.7,0,4,99,52,-53.1253,-4.7616286,1.6883723,0,0,0,0,0,0,0,0,0,0,0,0,0,0,0,0,0,0,0,0,0,0,0.5276377286003128,0,-114.88898792090659,-241.44955461942988,3.8334396986198425E-24,1.71180303739451E-24,0,0.00667,1.0568034999999938,0,0,0,0.003412313892100632,1.8897497450350347,0.0900059839887048,0
..\..\..\files\weather\hourly\Spresiano.csv,4/14/2022 12:00:00 AM,18.4,5.4,0,7,100,45,-50.411457,-3.7861538,2.7138457,0,0,0,0,0,0,0,0,0,0,0,0,0,0,0,0,0,0,0,0,0,0,0.8437831214633927,0,-114.04520479944318,-241.44955461942988,1.2182742838834991E-23,5.545242736014352E-24,0,0.00667,0.9298275000000018,0,0,0,0.0034725236565674115,1.9125515140246612,0.09326667040681266,0
..\..\..\files\weather\hourly\Spresiano.csv,4/15/2022 12:00:00 AM,23.5,6.3,0,2,97,36,-45.11349,-3.3020344,5.297965,0,0,0,0,0,0,0,0,0,0,0,0,0,0,0,0,0,0,0,0,0,0,1.1395489445416007,0,-112.90565585490158,-241.44955461942988,3.8205446562249384E-23,1.7727985574849342E-23,0,0.00667,1.0690024999999963,0,0,0,0.004165788379616633,1.9356908394449435,0.09664443762113134,0
..\..\..\files\weather\hourly\Spresiano.csv,4/16/2022 12:00:00 AM,21.1,5.6,0,7,100,40,-41.138973,-3.775484,3.9745164,0,0,0,0,0,0,0,0,0,0,0,0,0,0,0,0,0,0,0,0,0,0,1.041436224179902,0,-111.86421963072169,-241.44955461942988,1.1823042372378313E-22,5.593343213709873E-23,0.2107688025214582,0.00667,0.3006114999999987,0,0.06335952587917905,0,0.004497389867136026,1.9597035501250282,0.10022255863145128,0
..\..\..\files\weather\hourly\Spresiano.csv,4/17/2022 12:00:00 AM,19.9,7.8,2.2,8,98,45,-37.088974,-2,4.05,0,0,0,0,0,0,0,0,0,0,0,0,0,0,0,0,0,0,0,0,0,0,0.7421843427844445,0,-111.12203528793724,-241.44955461942988,3.6104137480096174E-22,1.7416385586088186E-22,0,0.43544468240538864,0.8194314999999932,0,0,0,0.010156218181460307,2.0162738707940826,0.1089423947610828,1
..\..\..\files\weather\hourly\Spresiano.csv,4/18/2022 12:00:00 AM,15.7,5.2,0,0,77,34,-35.541832,-3.7028573,1.5471427,0,0,0,0,0,0,0,0,0,0,0,0,0,0,0,0,0,0,0,0,0,0,0.8917638566177948,0,-110.23027143131945,-241.44955461942988,1.087948818546513E-21,5.352052306618436E-22,0,0.43544468240538864,0,0,0,0,0.0018790472328586738,2.0333720881268356,0.11165725735004017,0
..\..\..\files\weather\hourly\Spresiano.csv,4/19/2022 12:00:00 AM,16.5,3.2,0,0,83,31,-33.953487,-5.0616546,1.5883459,0,0,0,0,0,0,0,0,0,0,0,0,0,0,0,0,0,0,0,0,0,0,0.9408944158808736,0,-109.28937701543857,-241.44955461942988,3.2350702656650728E-21,1.6231540492083566E-21,0,0.00667,0,0,0,0,0.0016702558703905386,2.0437087426699168,0.11331617901233101,0
..\..\..\files\weather\hourly\Spresiano.csv,4/20/2022 12:00:00 AM,15.5,4.4,0,0,89,38,-32.590874,-4.187387,1.3626126,0,0,0,0,0,0,0,0,0,0,0,0,0,0,0,0,0,0,0,0,0,0,0.7750532652018576,0,-108.51432375023671,-241.44955461942988,9.492546505348848E-21,4.858224314873429E-21,0.03787350771198362,0.00667,0.8785384999999977,0,0.03327333465502443,0,0.002792303379174842,2.0653211931138657,0.11682744927898997,0
..\..\..\files\weather\hourly\Spresiano.csv,4/21/2022 12:00:00 AM,15.5,6.7,0,0,79,43,-30.872124,-2.6812506,1.71875,0,0,0,0,0,0,0,0,0,0,0,0,0,0,0,0,0,0,0,0,0,0,0.7912931065193273,0,-107.7230306437174,-241.44955461942988,2.74856183250809E-20,1.4350770820222278E-20,0,0.00667,0,0,0,0,0.0023916039246058424,2.088882122604332,0.12072054531752734,0
..\..\..\files\weather\hourly\Spresiano.csv,4/22/2022 12:00:00 AM,13.8,4.7,4.4,6,99,45,-30.078716,-3.7565935,0.79340667,0,0,0,0,0,0,0,0,0,0,0,0,0,0,0,0,0,0,0,0,0,0,0.6029627025906303,0,-107.12006794112676,-241.44955461942988,7.853297536814525E-20,4.183638914530318E-20,0.021031563965584765,2.052699034085273,1.039618500000003,0.002,0.05581567800108288,0,0.0029797669511059106,2.11119802096372,0.12447000614818347,1
..\..\..\files\weather\hourly\Spresiano.csv,4/23/2022 12:00:00 AM,14.2,9,7,13,100,73,-28.382563,-0.90384674,1.6961536,0,0,0,0,0,0,1,0,0,0,0,0,0,0,1,0,0,0,0,0,0,0,-0.13110521361826968,0,-107.25117315474503,-241.44955461942988,2.2142280831342583E-19,1.203693645134484E-19,0.24610874406250013,3,1.0127274999999898,0,0.2492410931025531,0,0.004770355288673625,2.1891761718613973,0.1380353334229747,1
..\..\..\files\weather\hourly\Spresiano.csv,4/24/2022 12:00:00 AM,16.3,7.7,11.6,14,100,70,-26.075005,-1.9924424,2.3075578,0,0,0,0,0,0,1,0,0,0,0,0,0,0,1,0,0,0,0,0,0,0,-0.04305231636055954,0,-107.29422547110559,-241.44955461942988,6.160506496535037E-19,3.4179217282687424E-19,0.4246421329706381,3,1.0127274999999898,0.002,1.2747756831778554,0,0.0065316295609046185,2.2623996135405386,0.1514062951494022,1
..\..\..\files\weather\hourly\Spresiano.csv,4/25/2022 12:00:00 AM,14.6,9.1,0.4,9,100,61,-24.151367,-0.8263633,1.9236367,0,0,0,0,0,0,1,0,0,0,0,0,0,0,1,0,0,0,0,0,0,0,0.25955934762945676,0,-107.03466612347613,-241.44955461942988,1.6913529591460908E-18,9.57842822480378E-19,0.021031563965584765,3,1.039618500000003,0,0.02186480298255535,1.5401817408093297,0.004327208398154079,2.3119883347610566,0.16079288134721512,1
..\..\..\files\weather\hourly\Spresiano.csv,4/26/2022 12:00:00 AM,15.6,7.8,1,7,100,71,-22.141111,-1.889744,2.0102565,0,0,0,0,0,0,0,0,0,0,0,0,0,0,0,0,0,0,0,0,0,0,0.06144944348970327,0,-106.97321667998642,-241.44955461942988,4.582218957070275E-18,2.649195781626469E-18,0.5318164862656004,0.6702352851678189,1.036786499999998,0.002,0.5513801534376089,1.5401817408093297,0.005987317765432713,2.374550027374569,0.17299741216985326,1
..\..\..\files\weather\hourly\Spresiano.csv,4/27/2022 12:00:00 AM,16.2,10.5,9.2,12,100,74,-18.791111,0,3.3500004,0,0,0,0,0,0,1,0,0,0,0,0,0,0,1,0,0,0,0,0,0,0,-0.12896586017152217,0,-107.10218254015795,-241.44955461942988,1.2250143899033652E-17,7.231414738696743E-18,0.49618346792295015,2.8123682324976804,1.0127274999999898,0,0.5024986430109344,3.7146479129186023,0.007305432218031838,2.460907452648738,0.19046648248043516,1
..\..\..\files\weather\hourly\Spresiano.csv,4/28/2022 12:00:00 AM,19.7,8.6,0.2,6,100,40,-14.552822,-1.3117113,4.238289,0,0,0,0,0,0,0,0,0,0,0,0,0,0,0,0,0,0,0,0,0,0,1.0468670518900278,0,-106.05531548826792,-241.44955461942988,3.231694545696123E-17,1.9481558637730395E-17,0.6025883430243248,0.5919001029168784,0,0,0,3.7146479129186023,0.0036623826052995857,2.48105996897562,0.19464075030683453,1
..\..\..\files\weather\hourly\Spresiano.csv,4/29/2022 12:00:00 AM,20.7,8.7,0,0,92,41,-9.782406,-1.2295842,4.7704167,0,0,0,0,0,0,0,0,0,0,0,0,0,0,0,0,0,0,0,0,0,0,1.1230779542624507,0,-104.93223753400547,-241.44955461942988,8.41285071908674E-17,5.179850409469162E-17,0.8628167598542678,0.00667,0,0,0,3.7146479129186023,0.004327208398154079,2.502818734786573,0.19918712683568016,0
..\..\..\files\weather\hourly\Spresiano.csv,4/30/2022 12:00:00 AM,21,8.8,0,0,87,29,-4.8233895,-1.1409831,4.9590163,0,0,0,0,0,0,0,0,0,0,0,0,0,0,0,0,0,0,0,0,0,0,1.2786168699780511,0,-103.65362066402741,-241.44955461942988,2.1611246777908326E-16,1.35927011285559E-16,0.5140158513250828,0.00667,0,0,0,3.7146479129186023,0.0034725236565674115,2.5277492914202546,0.2044450949499064,0
..\..\..\files\weather\hourly\Spresiano.csv,5/1/2022 12:00:00 AM,21.4,8.4,0,0,78,34,0,-1.5015388,4.9984612,8.116535,8.116535,0.30061242,10.375766,10,1.9778249,0,0,0,0,0,0,0,0,0,0,0,0,0,0,0,0,1.4110500323388433,0,-102.24257063168858,-241.44955461942988,5.478229533047616E-16,3.520394790646423E-16,0.9019672922707105,0.00667,0,0,0,3.7146479129186023,0.002128057831466768,2.5338001304250755,0.20572893068378403,0
..\..\..\files\weather\hourly\Spresiano.csv,5/2/2022 12:00:00 AM,21.6,11.9,0,0,83,40,0,0,6.75,9.904776,18.02131,0.667456,10.83432,10,2.3595715,0,0,0,0,0,0,0,0,0,0,0,0,0,0,0,0,1.2326897811945416,0,-101.00988085049403,-241.44955461942988,1.3703275513537567E-15,8.99862432369404E-16,0.5672997310311851,0.00667,0.406626499999998,0,0.23067910408015108,3.7146479129186023,0.003296236238768378,2.54330379550488,0.20775131823639376,0
..\..\..\files\weather\hourly\Spresiano.csv,5/3/2022 12:00:00 AM,21.4,11.8,0,0,86,42,0,0,6.6000004,9.781162,27.802473,1.0297211,11.143576,11,2.6170266,0,0,0,0,0,0,0,0,0,0,0,0,0,0,0,0,1.2834864550904619,0,-99.72639439540357,-241.44955461942988,3.3824572531069254E-15,2.2701899837231607E-15,0.7068219422480004,0.00667,0,0,0,3.7146479129186023,0.003938922237668092,2.5668055483686363,0.21278315538263845,0
..\..\..\files\weather\hourly\Spresiano.csv,5/4/2022 12:00:00 AM,23,11.2,0,0,83,34,0,0,7.1000004,10.178894,37.98137,1.4067174,11.379198,11,2.8131824,0,0,0,0,0,0,0,0,0,0,0,0,0,0,0,0,1.4817489767897645,0,-98.2446454186138,-241.44955461942988,8.238800873646522E-15,5.652647236830086E-15,0.6550556597200801,0.00667,0,0,0,3.7146479129186023,0.004676907099441197,2.591309335155957,0.218074720839047,0
..\..\..\files\weather\hourly\Spresiano.csv,5/5/2022 12:00:00 AM,23.4,9.5,0,0,92,38,0,-0.49100828,6.4589925,9.653848,47.635216,1.7642673,12.068444,12,3.4821744,0,0,0,0,0,0,0,0,0,0,0,0,0,0,0,0,1.3217946030054335,0,-96.92285081560837,-241.44955461942988,1.9802474304103128E-14,1.3891448110476609E-14,0.8523496066392833,0.00667,0,0,0,3.7146479129186023,0.005170660736119892,2.626464139169999,0.2257435826988911,0
..\..\..\files\weather\hourly\Spresiano.csv,5/6/2022 12:00:00 AM,19,10.3,0.6,5,99,57,0,0,4.6499996,7.829705,55.46492,2.0542564,12.189274,12,3.7508187,0,0,0,0,0,0,0,0,0,0,0,0,0,0,0,0,0.7391137019364995,0,-96.18373711367187,-241.44955461942988,4.6967632896389467E-14,3.3693922414579734E-14,0.759281338632958,0.12339360574051833,1.039618500000003,0,0.7893629263475902,3.9252963284394387,0.006827945074847311,2.682698904045386,0.23818860041112613,1
..\..\..\files\weather\hourly\Spresiano.csv,5/7/2022 12:00:00 AM,16.6,12.4,2.2,12,100,74,0,0,4.5,7.652262,63.117184,2.3376734,12.3073635,12,4.0133715,0,0,0,0,0,1,0,0,0,0,0,0,0,1,0,0,-0.17976707655845975,0,-96.36350419023033,-241.44955461942988,1.0992630999124364E-13,8.066155531096921E-14,0.7068219422480004,0.5527593841635229,1.0127274999999898,0,0.7158180185179547,4.940951891402406,0.006677672465257637,2.782497086934395,0.2607540858461707,1
..\..\..\files\weather\hourly\Spresiano.csv,5/8/2022 12:00:00 AM,17.9,12.3,0.8,11,100,69,0,0,5.1000004,8.338067,71.45525,2.646491,13.077028,13,5.724593,0,0,0,0,0,0,0,0,0,0,0,0,0,1,0,0,0.01718864048956221,0,-96.34631554974078,-241.44955461942988,2.5387994125774777E-13,1.9058786530221284E-13,0.8925932823203383,0.201298902903533,1.036786499999998,0,0.9254286651004137,5.729900886699601,0.008797519803217085,2.880220683831622,0.28334773546094516,1
..\..\..\files\weather\hourly\Spresiano.csv,5/9/2022 12:00:00 AM,22.1,13.8,0,0,92,49,0,0,7.950001,10.762251,82.21751,3.0450928,13.2015915,13,6.0015383,0,0,0,0,0,0,0,0,0,0,0,0,0,1,0,0,1.0297113977768724,0,-95.3166041519639,-241.44955461942988,5.786006150149845E-13,4.444678065599606E-13,0.8523496066392833,0.12339360574051833,0,0,0,5.729900886699601,0.007647283576645276,2.943414960363796,0.29816748237579344,0
..\..\..\files\weather\hourly\Spresiano.csv,5/10/2022 12:00:00 AM,25,11.5,0,0,90,39,0,0,8.25,10.940645,93.15815,3.4503016,14.062575,14,7.9157925,0,0,0,0,0,0,0,0,0,0,0,0,0,1,0,0,1.5071429987414966,0,-93.8094611532224,-241.44955461942988,1.3012272666534392E-12,1.023068421574945E-12,0.7840636206869015,0.00667,0.6777634999999975,0,0.5314097037794249,5.729900886699601,0.007825669133839292,2.9849989183818346,0.30799164906178805,0
..\..\..\files\weather\hourly\Spresiano.csv,5/11/2022 12:00:00 AM,25.6,11.6,0,0,95,41,0,0,8.6,11.130852,104.289,3.8625557,14.165639,14,8.1449375,0,0,0,0,0,0,0,0,0,0,0,0,0,1,0,0,1.5103324551038726,0,-92.29912869811854,-241.44955461942988,2.8876940752603076E-12,2.3242956882283843E-12,0.8078508757402331,0.00667,0.8785384999999977,0,0.7097280965965088,5.729900886699601,0.007305432218031838,3.0226071712236697,0.3169177187421316,0
..\..\..\files\weather\hourly\Spresiano.csv,5/12/2022 12:00:00 AM,27.3,11.5,0,3,99,43,0,0,9.4,11.49389,115.78289,4.288255,25.005852,25,23.165596,0,0,0,0,0,0,0,0,0,0,0,0,0,1,0,0,1.4669101801875482,0,-90.83221851793098,-241.44955461942988,6.323724933109015E-12,5.211989763488692E-12,1,0.00667,0.06512749999999556,0,0.06512749999999556,5.729900886699601,0.008592052457706709,3.0621706975356675,0.3263431027996214,0
..\..\..\files\weather\hourly\Spresiano.csv,5/13/2022 12:00:00 AM,27.6,12.9,0,2,97,43,0,0,10.25,11.771682,127.55457,4.724243,42.002895,42,45.530125,0,0,0,0,0,0,0,0,0,0,0,0,0,1,0,0,1.491893305540143,0,-89.34032521239084,-241.44955461942988,1.3665279611787784E-11,1.1535714696597707E-11,1,0.00667,0.8194314999999932,0,0.8194314999999932,5.729900886699601,0.009678605876887252,3.104270598648466,0.336404678303769,0
..\..\..\files\weather\hourly\Spresiano.csv,5/14/2022 12:00:00 AM,26.9,15,2.8,7,100,50,0,0,10.950001,11.918076,139.47266,5.165654,53.02485,53,60.124245,0,0,0,0,0,0,0,0,0,0,0,0,0,1,0,0,1.4769953440394148,0,-87.86332986835143,-241.44955461942988,2.91398851934399E-11,2.520099430838549E-11,1,0.5527593841635229,1.0586914999999948,0,1.0586914999999948,6.319147958628701,0.021081758160876384,3.2181861049829803,0.36373081138411656,1
..\..\..\files\weather\hourly\Spresiano.csv,5/15/2022 12:00:00 AM,26.9,15.4,0,8,100,48,0,0,11.15,11.94636,151.41902,5.608112,53.091217,53,60.456085,0,0,0,0,0,0,0,0,0,0,0,0,0,1,0,0,1.4214493181383927,0,-86.44188055021303,-241.44955461942988,6.131700203336354E-11,5.434087950182539E-11,0.9916977201989361,0.5527593841635229,1.0568034999999938,0,1.0480296216482503,6.319147958628701,0.01592879192856255,3.3050077137054044,0.3845817904171136,0
..\..\..\files\weather\hourly\Spresiano.csv,5/16/2022 12:00:00 AM,28.7,14.1,0,5,99,43,0,0,11.400002,11.973304,163.39232,6.051567,53.157734,53,60.78867,0,0,0,0,0,0,0,0,0,0,0,0,0,1,0,0,1.6218565014146504,0,-84.82002404879839,-241.44955461942988,1.2732032883262097E-10,1.1565788153518893E-10,1,0.00667,0.5952024999999992,0,0.5952024999999992,6.319147958628701,0.011188886303012967,3.358790172131292,0.397476009439741,0
..\..\..\files\weather\hourly\Spresiano.csv,5/17/2022 12:00:00 AM,27.9,14.8,1.2,9,100,51,0,0,11.35,11.968661,175.36098,6.4948506,53.224228,53,61.12114,0,0,0,0,0,0,0,0,0,0,0,0,0,1,0,0,1.079550145305868,0,-83.74047390349251,-241.44955461942988,2.6087853855221074E-10,2.429782103678099E-10,1,0.24027841658097351,1.0127274999999898,0,1.0127274999999898,6.863865880079277,0.014552623975001436,3.4826717088715156,0.42701991172880616,1
..\..\..\files\weather\hourly\Spresiano.csv,5/18/2022 12:00:00 AM,27.9,15.3,0,5,100,48,0,0,11.6,11.988146,187.34912,6.938856,54.03266,54,65.16331,0,0,0,0,0,0,0,0,0,0,0,0,0,1,0,0,1.4912034122117757,0,-82.24927049128074,-241.44955461942988,5.274760150936044E-10,5.038567489200206E-10,0.9377952793442559,0.24027841658097351,0.9298275000000018,0,0.8719878401044728,6.863865880079277,0.016984205259025983,3.582028937131579,0.4504675369256536,0
..\..\..\files\weather\hourly\Spresiano.csv,5/19/2022 12:00:00 AM,25.8,16.4,19.800001,5,100,44,0,0,11.099998,11.939852,199.28897,7.3810725,54.085728,54,65.428635,1,0,0,0,0,1,0,0,1,0,0,0,0,2,0,0,1.4545381984994061,0,-80.79473229278133,-241.44955461942988,1.0524242406820036E-09,1.031332764013625E-09,1,3,0,0,0,9.235717267704462,0.017336172166717727,3.6803731595979468,0.4733754116764903,1
..\..\..\files\weather\hourly\Spresiano.csv,5/20/2022 12:00:00 AM,25.4,14,0,2,99,40,0,0,9.700001,11.604548,210.89352,7.810871,54.137306,54,65.68653,1,0,0,0,0,0,0,0,2,0,0,0,0,2,0,0,1.5075933134984951,0,-79.28713897928284,-241.44955461942988,2.0720619289511615E-09,2.0837570046956286E-09,0.8306205178880004,0.00667,1.039618500000003,0,0.8635284568759487,9.235717267704462,0.009225987251413565,3.7174491137786636,0.4819197602855626,0
..\..\..\files\weather\hourly\Spresiano.csv,5/21/2022 12:00:00 AM,25.6,12.4,0,6,100,44,0,0,9,11.324781,222.2183,8.230308,54.187637,54,65.93819,0,0,0,0,0,0,0,0,2,0,0,0,0,2,0,0,1.4330637220796587,0,-77.85407525720318,-241.44955461942988,4.0256719568460855E-09,4.15581893364679E-09,1,0.00667,0.3006114999999987,0,0.3006114999999987,9.235717267704462,0.009678605876887252,3.7731843316848006,0.4946584786544201,0
..\..\..\files\weather\hourly\Spresiano.csv,5/22/2022 12:00:00 AM,28.2,13.4,0,3,97,42,0,0,10.799999,11.892921,234.11124,8.670787,55.033745,55,70.168724,0,0,0,0,0,0,0,0,2,0,0,0,0,2,0,0,1.6015681404053992,0,-76.25250711679777,-241.44955461942988,7.717875983601298E-09,8.181490890492876E-09,0.9971855540480002,0.00667,1.0733834999999985,0,1.07036252015348,9.235717267704462,0.017336172166717727,3.8451469779257117,0.5109027517718991,0
..\..\..\files\weather\hourly\Spresiano.csv,5/23/2022 12:00:00 AM,27.9,14.2,0.6,10,100,55,0,0,11.049999,11.932967,246.0442,9.112748,55.07794,55,70.38971,0,0,0,0,0,1,0,0,2,0,0,0,0,3,0,0,1.2691462530884188,0,-74.98336086370936,-241.44955461942988,1.4600945221237525E-08,1.5899366874094174E-08,0.9377952793442559,0.201298902903533,1.0733834999999985,0.002,1.0066139792260136,9.586365688013782,0.019995865540679246,3.9789790547168393,0.5404371854865814,1
..\..\..\files\weather\hourly\Spresiano.csv,5/24/2022 12:00:00 AM,26.4,17.5,0,6,100,59,0,0,11.950001,11.999815,258.044,9.557185,55.122387,55,70.61194,0,0,0,0,0,0,0,0,2,0,0,0,0,3,0,0,1.1680236120166982,0,-73.81533725169267,-241.44955461942988,2.7257618569482908E-08,3.05003120953317E-08,0.9078904497013098,0.27927584806868294,0.5952024999999992,0,0.5403786653883431,9.64258338540301,0.02202840411148315,4.155670635891885,0.5779211027014336,0
..\..\..\files\weather\hourly\Spresiano.csv,5/25/2022 12:00:00 AM,26.4,15.3,25.800001,5,100,49,0,0,10.85,11.901682,269.94568,9.997988,55.166466,55,70.83233,1,0,0,0,0,1,0,0,3,0,0,0,0,4,0,0,1.403371474757368,0,-72.41196577693529,-241.44955461942988,5.021328227345661E-08,5.7757930664814605E-08,0.9522124284853493,3,1.0127274999999898,0,0.9643317121688868,11.682897057956295,0.021523211768411578,4.290735641200555,0.6053012780601056,1
..\..\..\files\weather\hourly\Spresiano.csv,5/26/2022 12:00:00 AM,27.9,13.9,0,6,100,50,0,0,10.9,11.910067,281.85574,10.439101,56.037636,56,75.18818,1,0,0,0,0,0,0,0,4,0,0,0,0,4,0,0,1.3081816352206486,0,-71.10378414171464,-241.44955461942988,9.127946245488273E-08,1.0797121293827122E-07,1,3,1.0690024999999963,0,1.0690024999999963,11.682897057956295,0.017336172166717727,4.381686739904956,0.6230795619951366,0
..\..\..\files\weather\hourly\Spresiano.csv,5/27/2022 12:00:00 AM,26.9,16.4,0,9,100,52,0,0,11.65,11.990925,293.84668,10.88321,56.075703,56,75.37851,0,0,0,0,0,0,0,0,4,0,0,0,0,4,0,0,1.3285307393344645,0,-69.77525340238019,-241.44955461942988,1.6373868547675316E-07,1.9925067539315394E-07,1,0.00667,1.0586914999999948,0,1.0586914999999948,11.682897057956295,0.01937481351741991,4.51660110656724,0.6484397385666868,0
..\..\..\files\weather\hourly\Spresiano.csv,5/28/2022 12:00:00 AM,28.7,16.6,0,6,100,56,0,0,12.650002,11.968834,305.81552,11.326501,56.1137,56,75.568504,0,0,0,0,0,0,0,0,4,0,0,0,0,4,0,0,1.4469113356806549,0,-68.32834206669953,-241.44955461942988,2.898366407569832E-07,3.629893608699071E-07,0.8615153544905008,0.00667,0.3006114999999987,0,0.2589814229864201,11.682897057956295,0.021081758160876384,4.596170231298283,0.6628190992876793,0
..\..\..\files\weather\hourly\Spresiano.csv,5/29/2022 12:00:00 AM,23.4,13.3,10,8,100,55,0,0,8.35,10.996953,316.81247,11.733795,57.005035,57,80.02518,1,0,0,0,0,1,0,0,5,0,0,0,0,5,0,0,0.8288873509385062,0,-67.49945471576103,-241.44955461942988,5.062663219268102E-07,6.528260016268903E-07,0.7840636206869015,1.973110008890763,0.9298275000000018,0,0.7290439162642514,13.966007066847057,0.01803437830533468,4.735759010287187,0.6869975423681784,1
..\..\..\files\weather\hourly\Spresiano.csv,5/30/2022 12:00:00 AM,18.2,10.2,0.8,2,94,52,0,0,4.200001,7.2851915,324.09766,12.003617,57.025272,57,80.12636,1,0,0,0,0,1,0,0,6,0,0,0,0,6,0,0,0.6349800251220437,0,-66.86447469063899,-241.44955461942988,8.726268082195962E-07,1.1590923235537004E-06,0.2994302468276264,2.132359707281918,1.0568034999999938,0,0.31643893285329766,15.599605167328056,0.006982577073685743,4.800679141314798,0.697786651827655,1
..\..\..\files\weather\hourly\Spresiano.csv,5/31/2022 12:00:00 AM,21,11.1,0,5,100,47,0,0,6.049999,9.296085,333.39374,12.347917,57.051094,57,80.25547,0,0,0,0,0,0,0,0,6,0,0,0,0,6,0,0,0.9024940877694114,0,-65.96198060286957,-241.44955461942988,1.484232121565517E-06,2.0317191317732966E-06,0.8730149674241063,0.12339360574051833,1.0127274999999898,0,0.8841262654219877,15.599605167328056,0.008392263433758713,4.85277609887668,0.7062357389174847,0
..\..\..\files\weather\hourly\Spresiano.csv,6/1/2022 12:00:00 AM,24.8,14,0,7,100,51,0,0,9.4,11.49389,344.88763,12.773617,57.083023,57,80.415115,0,0,0,0,0,0,0,0,6,0,0,0,0,6,0,0,1.0151990964917985,0,-64.94678150637777,-241.44955461942988,2.4911441809306486E-06,3.5159512533388136E-06,0.9445675210548152,0.00667,1.0127274999999898,0,0.9565895041790308,15.599605167328056,0.009678605876887252,4.914384278491042,0.7159881828677758,0
..\..\..\files\weather\hourly\Spresiano.csv,6/2/2022 12:00:00 AM,26.2,14.8,0,7,100,58,0,0,10.5,11.832455,356.7201,13.211855,57.11589,57,80.57945,0,0,0,0,0,0,0,0,6,0,0,0,0,6,0,0,0.792508358775417,0,-64.15427314760237,-241.44955461942988,4.125909183093661E-06,6.007095434269462E-06,1,0.00667,1.039618500000003,0,1.039618500000003,15.686998676198446,0.01803437830533468,5.0297059242857065,0.7335520009897265,0
..\..\..\files\weather\hourly\Spresiano.csv,6/3/2022 12:00:00 AM,27.5,17.4,0,5,100,57,0,0,12.450001,11.98505,368.70514,13.655746,58.021496,58,85.10748,0,0,0,0,0,0,0,0,6,0,0,0,0,6,0,0,0.906462867270948,0,-63.247810280331414,-241.44955461942988,6.743171836996005E-06,1.0133004617363123E-05,1,0.00667,1.008951499999995,0,1.008951499999995,15.706182383725448,0.02231992573622232,5.210917674824887,0.7593615240574365,0
..\..\..\files\weather\hourly\Spresiano.csv,6/4/2022 12:00:00 AM,27.8,17.1,1,11,100,53,0,0,12.450001,11.98505,380.6902,14.099637,58.051086,58,85.25543,0,0,0,0,0,0,0,1,6,0,0,0,0,6,0,1,0.6278560446651922,0,-62.61995423566622,-241.44955461942988,1.0875082295441065E-05,1.687617645435913E-05,1,0.201298902903533,1.0127274999999898,0,1.0127274999999898,16.098236320853484,0.02231992573622232,5.440610974234139,0.7890419418233834,1
..\..\..\files\weather\hourly\Spresiano.csv,6/5/2022 12:00:00 AM,29.8,16.1,0,8,100,56,0,0,12.950001,11.933511,392.6237,14.541618,58.08055,58,85.402756,0,0,0,0,0,0,0,0,6,0,0,0,0,6,0,1,0.966812635088756,0,-61.65314160057746,-241.44955461942988,1.7307113413920367E-05,2.7751258749800194E-05,1,0.201298902903533,1.039618500000003,0,1.039618500000003,16.11719464989531,0.020289083193563175,5.569945852154244,0.804328961864204,0
..\..\..\files\weather\hourly\Spresiano.csv,6/6/2022 12:00:00 AM,30.4,16.1,0.4,8,100,47,0,0,13.25,11.885023,404.5087,14.981803,58.109898,58,85.549484,0,0,0,0,0,0,0,0,6,0,0,0,0,6,0,1,1.311121957909632,0,-60.34201964266783,-241.44955461942988,2.717943907580662E-05,4.5058372163720565E-05,1,0.08446782515981173,1.0733834999999985,0,1.0733834999999985,16.163894360912057,0.02228906194204269,5.743281194930112,0.8232920626487636,1
..\..\..\files\weather\hourly\Spresiano.csv,6/7/2022 12:00:00 AM,30.2,14.7,0,5,99,39,0,0,12.450001,11.98505,416.49374,15.4256935,59.025543,59,90.127716,0,0,0,0,0,0,0,0,6,0,0,0,0,6,0,1,1.6337893976742714,0,-58.70823024499356,-241.44955461942988,4.2119198863372466E-05,7.223781123952718E-05,0.9078904497013098,0.08446782515981173,0,0,0,16.163894360912057,0.01146344546544497,5.806453973861556,0.8297869670372048,0
..\..\..\files\weather\hourly\Spresiano.csv,6/8/2022 12:00:00 AM,26.4,16.1,3.2,10,94,52,0,0,11.25,11.958258,428.452,15.868592,59.052116,59,90.26058,0,0,1,0,0,0,0,0,6,0,1,0,0,6,0,1,0.2730371422013989,0,-58.43519310279216,-241.44955461942988,6.440854327500617E-05,0.00011435701010289965,1,0.6310587511747077,1.0568034999999938,0,1.0568034999999938,17.141688482174768,0.020833506945891173,6.046711172940641,0.852575152138168,1
..\..\..\files\weather\hourly\Spresiano.csv,6/9/2022 12:00:00 AM,26.6,12.8,0,4,98,41,0,0,9.700001,11.604548,440.05655,16.298391,59.077904,59,90.38952,0,0,0,0,0,0,0,0,6,0,1,0,0,6,0,1,1.3886975296146993,0,-57.04649557317747,-241.44955461942988,9.719202127664722E-05,0.00017876555337790584,0.9468545707053291,0.6310587511747077,0,0,0,17.141688482174768,0.014552623975001436,6.122308772287133,0.8591500923983645,0
..\..\..\files\weather\hourly\Spresiano.csv,6/10/2022 12:00:00 AM,20.4,14.8,5.6,15,100,68,0,0,7.6000004,10.536068,450.59262,16.688616,60.001198,60,95.00599,0,0,1,0,0,0,0,1,6,0,2,0,0,6,0,2,-0.16133293262614778,0,-57.20782850580361,-241.44955461942988,0.00014472431872244356,0.00027595757465455307,0.9110607217927359,1.1023595233659018,0.9298275000000018,0,0.8471293132927368,19.24404800554067,0.015233973575193875,6.288917380175445,0.8727012686696397,1
..\..\..\files\weather\hourly\Spresiano.csv,6/11/2022 12:00:00 AM,28.7,11.7,0,8,99,32,0,0,10.200001,11.75839,462.351,17.124111,60.024952,60,95.124756,0,0,0,0,0,0,0,0,6,0,2,0,0,6,0,2,1.4877106116197834,0,-55.72011789418383,-241.44955461942988,0.00021265528281150627,0.0004206818933769966,0.9666025709705,0.3573244412359681,1.036786499999998,0,1.0021604964475044,19.24404800554067,0.008592052457706709,6.334543117115834,0.8761963652623753,0
..\..\..\files\weather\hourly\Spresiano.csv,6/12/2022 12:00:00 AM,29.7,15.3,0,2,96,33,0,0,12.5,11.981547,474.33255,17.567871,60.049156,60,95.24578,0,0,0,0,0,0,0,0,6,0,2,0,0,6,0,2,1.673800029192644,0,-54.04631786499119,-241.44955461942988,0.0003083433599950715,0.0006333371761885029,1,0.00667,0.5952024999999992,0,0.5952024999999992,19.24404800554067,0.012626804686059756,6.382311164736945,0.8797600121756974,0
..\..\..\files\weather\hourly\Spresiano.csv,6/13/2022 12:00:00 AM,30.5,15.6,0,1,96,37,0,0,13.049999,11.918808,486.25134,18.00931,60.073235,60,95.36617,0,0,0,0,0,0,0,0,6,0,2,0,0,6,0,2,1.649645642815795,0,-52.39667222217539,-241.44955461942988,0.00044118098663236766,0.0009416805361835744,1,0.00667,1.0733834999999985,0,1.0733834999999985,19.24404800554067,0.013246252421737494,6.459705035540054,0.8853318374987029,0
..\..\..\files\weather\hourly\Spresiano.csv,6/14/2022 12:00:00 AM,29.8,16.8,0,3,97,45,0,0,13.299999,11.875666,498.127,18.449148,61.00579,61,100,0,0,0,0,0,0,0,0,6,0,2,0,0,6,0,2,1.3983954256852678,0,-50.998276796490124,-241.44955461942988,0.0006229063197115115,0.001382861522815942,1,0.00667,1.0568034999999938,0,1.0568034999999938,19.24404800554067,0.018717299246157698,6.575335447934369,0.8932085442253954,0
..\..\..\files\weather\hourly\Spresiano.csv,6/15/2022 12:00:00 AM,29.2,16.3,0,0,95,35,0,0,12.75,11.958525,510.08554,18.892057,61.027935,61,100,0,0,0,0,0,0,0,0,6,0,2,0,0,6,0,2,1.6530630883374196,0,-49.3452137081527,-241.44955461942988,0.0008678655491588746,0.0020057678425274535,1,0.00667,1.0690024999999963,0,1.0690024999999963,19.24404800554067,0.013246252421737494,6.636492480047971,0.897166392440869,0
..\..\..\files\weather\hourly\Spresiano.csv,6/16/2022 12:00:00 AM,29.3,17.9,0.2,8,100,44,0,0,13.599998,11.811881,521.8974,19.329533,61.04981,61,100,0,0,0,0,0,0,0,0,6,0,2,0,0,6,0,2,1.2951902228836605,0,-48.05002348526904,-241.44955461942988,0.0011931798849333227,0.002873633391686328,1,0.04555995657963896,1.0127274999999898,0,1.0127274999999898,19.384769075012553,0.020568793598028105,6.77768419355638,0.9057821040106333,1
..\..\..\files\weather\hourly\Spresiano.csv,6/17/2022 12:00:00 AM,30.5,16.5,0.2,6,100,48,0,0,13.5,11.834596,533.732,19.767853,61.071728,61,100,0,0,0,0,0,0,0,0,6,0,2,0,0,6,0,2,1.3598952380748168,0,-46.690128247194224,-241.44955461942988,0.0016187625930975944,0.004066813276619651,0.9282839056385559,0.08446782515981173,1.008951499999995,0,0.9365934390198747,19.404653985295457,0.02202840411148315,6.920583104713389,0.9138029633432094,1
..\..\..\files\weather\hourly\Spresiano.csv,6/18/2022 12:00:00 AM,32.2,18.2,0,5,99,35,0,0,15.200001,11.2519865,544.984,20.184593,71.00743,71,89.94427,0,0,0,0,0,0,0,0,6,0,2,0,0,6,0,2,1.7253339628625028,0,-44.96479428433172,-241.44955461942988,0.0021671259831050707,0.005685575869717245,0.9183168800000003,0.00667,0.5048235000000005,0,0.46358794147068066,19.404653985295457,0.01937481351741991,7.010413757939666,0.918507853629364,0
..\..\..\files\weather\hourly\Spresiano.csv,6/19/2022 12:00:00 AM,31.1,17.7,0,1,95,41,0,0,14.400002,11.578016,556.562,20.613407,71.024704,71,89.81472,0,0,0,0,0,0,0,0,6,0,2,0,0,6,0,2,1.6281586177530911,0,-43.33663566657863,-241.44955461942988,0.002862918077446378,0.007852701852822316,1,0.00667,1.0690024999999963,0,1.0690024999999963,19.404653985295457,0.017686593562080025,7.103728447065572,0.9231350369762324,0
..\..\..\files\weather\hourly\Spresiano.csv,6/20/2022 12:00:00 AM,31.4,17,0,3,96,39,0,0,14.200001,11.64515,568.20715,21.044708,71.04207,71,89.68449,0,0,0,0,0,0,0,0,6,0,2,0,0,6,0,2,1.6137503672665423,0,-41.72288529931208,-241.44955461942988,0.003732135860260762,0.010715619930268695,1,0.00667,1.0690024999999963,0,1.0690024999999963,19.404653985295457,0.01937481351741991,7.21171947215366,0.9281759170785827,0
..\..\..\files\weather\hourly\Spresiano.csv,6/21/2022 12:00:00 AM,30.9,15.5,0,5,100,52,0,0,13.200001,11.894016,580.1012,21.48523,71.05981,71,89.55145,0,0,0,0,0,0,0,0,6,0,2,0,0,6,0,2,1.322764054333549,0,-40.400121244978536,-241.44955461942988,0.0048009781718209655,0.014447755790529457,0.5545010895376001,0.00667,0.5048235000000005,0,0.279925180774185,19.404653985295457,0.022347555605306057,7.260614647030085,0.93035241294396,0
..\..\..\files\weather\hourly\Spresiano.csv,6/22/2022 12:00:00 AM,31.1,18.7,1.6,6,100,50,0,0,14.900002,11.385002,591.4862,21.906897,71.07679,71,89.42407,0,0,0,0,0,0,0,0,6,0,2,0,0,6,0,2,1.363563996810061,0,-39.03655724816848,-241.44955461942988,0.006094327380654408,0.019248733962350422,0.8615153544905008,0.5527593899946108,1.0699464999999933,0.002,0.9217753382333648,19.404653985295457,0.021962370145876757,7.389462310784397,0.9357880283292273,1
..\..\..\files\weather\hourly\Spresiano.csv,6/23/2022 12:00:00 AM,28.1,18.4,0.2,9,100,61,0,0,13.25,11.885023,603.3712,22.347082,71.09451,71,89.29115,0,0,0,0,0,0,0,0,6,0,2,0,0,6,0,2,0.7365457385515132,0,-38.300011509616965,-241.44955461942988,0.007633884621063869,0.02534306134300483,0.9183168800000003,0.827120619984063,1.0586914999999948,0,0.9722142751625156,19.669619712235164,0.022150463437232336,7.594259337920626,0.9435944321862066,1
..\..\..\files\weather\hourly\Spresiano.csv,6/24/2022 12:00:00 AM,31.8,18.6,0.2,7,100,48,0,0,15.200001,11.2519865,614.6232,22.763823,71.1113,71,89.16527,0,0,0,0,0,0,0,0,6,0,2,0,0,6,0,2,1.2661845450905174,0,-37.033826964526455,-241.44955461942988,0.009436026796312835,0.0329769459640687,0.7617916937283922,0.08446782515981173,0.9732984999999914,0,0.741450712818297,19.669619712235164,0.022204951704230116,7.807588471565509,0.9507453056534803,1
..\..\..\files\weather\hourly\Spresiano.csv,6/25/2022 12:00:00 AM,31.8,17.8,0,0,91,36,0,0,14.799999,11.426477,626.0497,23.187025,71.128334,71,89.03749,0,0,0,0,0,0,0,0,6,0,2,0,0,6,0,2,1.4934646822942421,0,-35.54036228223221,-241.44955461942988,0.01150950117944975,0.042412972760381536,1,0.04555995657963896,0.06512749999999556,0,0.06512749999999556,19.669619712235164,0.02231992573622232,7.949759320704771,0.9550123444251405,0
..\..\..\files\weather\hourly\Spresiano.csv,6/26/2022 12:00:00 AM,32,15,0,4,98,33,0,0,13.5,11.834596,637.8843,23.625343,71.14599,71,88.90509,0,0,0,0,0,0,0,0,6,0,2,0,0,6,0,2,1.6824373624653728,0,-33.85792491976683,-241.44955461942988,0.013853120134246067,0.05392247393983129,0.7775234203207784,0.00667,1.036786499999998,0,0.8061257856224072,19.669619712235164,0.022366160893215033,8.041438603327826,0.9575702815133086,0
..\..\..\files\weather\hourly\Spresiano.csv,6/27/2022 12:00:00 AM,32.5,20.9,0,1,93,42,0,0,16.7,10.394653,648.27893,24.01033,71.16149,71,88.78882,0,0,0,0,0,0,0,0,6,0,2,0,0,6,0,2,1.6572123139254011,0,-32.20071260584143,-241.44955461942988,0.016453657832562387,0.06777559407407735,0.7617916937283922,0.00667,0.9298275000000018,0,0.708334866100238,19.669619712235164,0.022366160893215033,8.212897376347946,0.961977924538469,0
..\..\..\files\weather\hourly\Spresiano.csv,6/28/2022 12:00:00 AM,33.1,19.8,0,0,91,35,0,0,16.449999,10.559696,658.8386,24.40143,71.17724,71,88.670715,0,0,0,0,0,0,0,0,6,0,2,0,0,6,0,2,1.8250190038916976,0,-30.375693601949735,-241.44955461942988,0.019284175938454485,0.08422925190663974,0.9377952793442559,0.00667,0.8194314999999932,0,0.7684589924459763,19.669619712235164,0.022366160893215033,8.381573546682311,0.9658749928035392,0
..\..\..\files\weather\hourly\Spresiano.csv,6/29/2022 12:00:00 AM,32.8,19.1,0.4,2,90,41,0,0,15.950001,10.86325,669.70184,24.803772,71.19344,71,88.54918,0,0,0,0,0,0,0,0,6,0,2,0,0,6,0,2,1.6101595563989506,0,-28.76553404555078,-241.44955461942988,0.022303009587702625,0.10351342784509422,0.4629130998764608,0.16233729832175875,0.406626499999998,0.002,0.18823273360691475,19.669619712235164,0.021962370145876757,8.480964473520975,0.9679847285878196,1
..\..\..\files\weather\hourly\Spresiano.csv,6/30/2022 12:00:00 AM,27.2,19.3,5,9,100,62,0,0,13.25,11.885023,681.58685,25.24396,72.01384,72,82.3962,0,0,1,0,0,0,0,0,6,0,3,0,0,6,0,2,0.24681892595602722,0,-28.51871511959476,-241.44955461942988,0.025453623710497437,0.12581643743279686,0.9786475553404227,1.2205877195258774,1.0127274999999898,0,0.9911032921010079,19.891153582945734,0.022366160893215033,8.665968862294738,0.97157562406926,1
..\..\..\files\weather\hourly\Spresiano.csv,7/1/2022 12:00:00 AM,31.7,18.2,0,7,100,51,0,0,14.950001,11.363729,692.95056,25.664837,72.02803,72,82.28977,0,0,0,0,0,0,0,0,6,0,3,0,0,6,0,2,1.2382159552573508,0,-27.280499164337414,-241.44955461942988,0.028665500591690447,0.1512700611432943,0.6937698451091674,0.9842924999999999,1.0690024999999963,0,0.7416416988463101,19.891153582945734,0.02202840411148315,8.814884202355717,0.9741751999648001,0
..\..\..\files\weather\hourly\Spresiano.csv,7/2/2022 12:00:00 AM,30.6,19.4,0,6,100,51,0,0,15,11.342095,704.29266,26.084915,72.04219,72,82.18357,0,0,0,0,0,0,0,0,6,0,3,0,0,6,0,2,1.1015133373986141,0,-26.1789858269388,-241.44955461942988,0.03185614383889839,0.17993556173498476,0.9713586541453613,0.00667,0,0,0,19.891153582945734,0.0223800241229412,8.959279595783599,0.9764713854909596,0
..\..\..\files\weather\hourly\Spresiano.csv,7/3/2022 12:00:00 AM,34.1,17.4,0,0,88,32,0,0,15.75,10.974743,715.2674,26.491386,72.05589,72,82.0808,0,0,0,0,0,0,0,0,6,0,3,0,0,6,0,2,1.769966672567478,0,-24.40901915437132,-241.44955461942988,0.03493418689571212,0.21179170557388316,0,0.00667,0,0,0,19.891153582945734,0.012032217562516991,8.980990419223003,0.9767987286141505,0
..\..\..\files\weather\hourly\Spresiano.csv,7/4/2022 12:00:00 AM,34.9,19.3,0,0,89,35,0,0,17.1,10.112253,725.37964,26.865911,72.06851,72,81.98616,0,0,0,0,0,0,0,0,6,0,3,0,0,6,0,2,1.7568412980906603,0,-22.65217785628066,-241.44955461942988,0.037803484949596566,0.24672589246959528,0.7775234203207784,0.00667,0.8785384999999977,0,0.6830842594034844,19.891153582945734,0.022150463437232336,9.057164603408555,0.9779120388832683,0
..\..\..\files\weather\hourly\Spresiano.csv,7/5/2022 12:00:00 AM,34.7,21.3,0,0,87,34,0,0,18,9.394674,734.7743,27.213863,72.080246,72,81.898155,0,0,0,0,0,0,0,0,6,0,3,0,0,6,0,2,1.8143207489041329,0,-20.83785710737652,-241.44955461942988,0.04036795956148295,0.2845293774191918,0.7115475914105005,0.00667,0.06512749999999556,0,0.046341315759584216,19.891153582945734,0.02202840411148315,9.14342432439255,0.9791090809922249,0
..\..\..\files\weather\hourly\Spresiano.csv,7/6/2022 12:00:00 AM,33.2,18.2,3,4,94,37,0,0,15.700001,11.001728,745.776,27.621334,72.09398,72,81.79516,0,0,1,0,0,0,0,0,6,0,4,0,0,6,0,2,1.6168388326121694,0,-19.221018274764347,-241.44955461942988,0.04253686913764695,0.3248973369806748,0.8738172142189775,1.299496065178238,1.008951499999995,0.002,1.4483261288264138,19.891153582945734,0.021805541914099526,9.265395729969274,0.9806929047123837,0
..\..\..\files\weather\hourly\Spresiano.csv,7/7/2022 12:00:00 AM,31.5,18.9,2,5,98,31,0,0,15.200001,11.2519865,757.028,28.038076,72.108025,72,81.68982,0,0,0,0,0,0,0,0,6,0,4,0,0,6,0,2,1.7298229409030106,0,-17.49119533386134,-241.44955461942988,0.04423010869200375,0.3674342061183217,0.7455547032888186,2.411736237878174,0,0,0,19.891153582945734,0.01837836095770071,9.367310894221001,0.981924675868238,0
..\..\..\files\weather\hourly\Spresiano.csv,7/8/2022 12:00:00 AM,28.8,15.1,0.6,5,97,44,0,0,11.950001,11.999815,769.02783,28.482512,72.12301,72,81.57744,0,0,0,0,0,0,0,0,6,0,4,0,0,6,0,2,1.1025787812197945,0,-16.38861655264155,-241.44955461942988,0.045383110078021156,0.4116643148103255,0.9366269135599457,0.12339360574051833,1.0699464999999933,0,1.00214068796926,20.023699466818154,0.022347555605306057,9.46602074654604,0.9830433884651335,0
..\..\..\files\weather\hourly\Spresiano.csv,7/9/2022 12:00:00 AM,29.4,13.1,0,6,100,37,0,0,11.25,11.958258,780.9861,28.92541,72.13793,72,81.465515,0,0,0,0,0,0,0,0,6,0,4,0,0,6,0,2,1.4936347916272077,0,-14.89498176101435,-241.44955461942988,0.04595092570034807,0.45704742488834665,0.9078904497013098,0.00667,0,0,0,20.023699466818154,0.016631713933684684,9.540893545898253,0.9838459181256867,0
..\..\..\files\weather\hourly\Spresiano.csv,7/10/2022 12:00:00 AM,28.4,16.3,0,0,87,37,0,0,12.349998,11.990954,792.97705,29.369522,72.15291,72,81.35319,0,0,0,0,0,0,0,0,6,0,4,0,0,6,0,2,1.554464369811673,0,-13.340517391202681,-241.44955461942988,0.0459111358709296,0.5029983505886947,1,0.00667,0.7525065000000026,0,0.7525065000000026,20.023699466818154,0.01065948969388774,9.551553035592141,0.9839570668651675,0
..\..\..\files\weather\hourly\Spresiano.csv,7/11/2022 12:00:00 AM,29.8,15.6,0,0,92,34,0,0,12.700001,11.963863,804.9409,29.812628,73.004234,73,74.96825,0,0,0,0,0,0,0,0,6,0,4,0,0,6,0,2,1.5368180733060182,0,-11.803699317896658,-241.44955461942988,0.04526531769631538,0.5489094864596242,0.9636326451305007,0.00667,0.5048235000000005,0,0.48646440462903784,20.023699466818154,0.016279621132666545,9.617729057623725,0.9846303220543746,0
..\..\..\files\weather\hourly\Spresiano.csv,7/12/2022 12:00:00 AM,26.5,20.3,0,3,88,45,0,0,13.4,11.855859,816.79675,30.251732,77.00642,77,39.96792,0,0,0,0,0,0,0,0,6,0,4,0,0,6,0,2,1.2332723086034134,0,-10.57042700929324,-241.44955461942988,0.04403894135303062,0.5941748041559396,0.8354726314950569,0.00667,0.8194314999999932,0,0.684612591634936,20.023699466818154,0.02202840411148315,9.65568625366377,0.9850037575288226,0
..\..\..\files\weather\hourly\Spresiano.csv,7/13/2022 12:00:00 AM,28.9,19.2,0,0,92,41,0,0,14.049999,11.691715,828.48846,30.684757,77.01745,77,39.912758,0,0,0,0,0,0,0,0,6,0,4,0,0,6,0,2,1.5049794205207898,0,-9.065447588772457,-241.44955461942988,0.04227970325966339,0.6382137455089703,0.6174047790080004,0.00667,0,0,0,20.023699466818154,0.018717299246157698,9.742906133212946,0.9858280830749719,0
..\..\..\files\weather\hourly\Spresiano.csv,7/14/2022 12:00:00 AM,31.3,16.7,0,5,98,35,0,0,14,11.706514,840.195,31.118334,77.028496,77,39.85752,0,0,0,0,0,0,0,0,6,0,4,0,0,6,0,2,1.5613612608523986,0,-7.504086327920064,-241.44955461942988,0.040054448190285856,0.6804934487686336,1,0.00667,1.036786499999998,0,1.036786499999998,20.023699466818154,0.019049905232834126,9.816586255801724,0.9864892770414027,0
..\..\..\files\weather\hourly\Spresiano.csv,7/15/2022 12:00:00 AM,32,16.2,0,4,99,34,0,0,14.1,11.676556,851.8716,31.5508,77.03951,77,39.802437,0,0,0,0,0,0,0,0,6,0,4,0,0,6,0,2,1.4933076097312499,0,-6.010778718188817,-241.44955461942988,0.03744495715586925,0.7205478969589194,1,0.00667,0.8785384999999977,0,0.8785384999999977,20.023699466818154,0.016984205259025983,9.904466337281086,0.9872379432761433,0
..\..\..\files\weather\hourly\Spresiano.csv,7/16/2022 12:00:00 AM,32.8,16.6,0,1,95,29,0,0,14.700001,11.466516,863.3381,31.975483,77.05033,77,39.748344,0,0,0,0,0,0,0,0,6,0,4,0,0,6,0,2,1.7013942633650594,0,-4.309384454823757,-241.44955461942988,0.03454297079310394,0.7579928541147887,0.3356561065713295,0.00667,0,0,0,20.023699466818154,0.012933503733454893,9.964619922727893,0.9877264933172462,0
..\..\..\files\weather\hourly\Spresiano.csv,7/17/2022 12:00:00 AM,33.4,21,0,0,84,38,0,0,17.2,10.038134,873.3762,32.347267,77.0598,77,39.701004,0,0,0,0,0,0,0,0,6,0,4,0,0,6,0,2,1.6740766216518492,0,-2.6353078331719075,-241.44955461942988,0.03144486939245336,0.7925358249078926,0.0032627906304210086,0.00667,0,0,0,20.023699466818154,0.020833506945891173,9.985453429673784,0.9878913267376671,0
..\..\..\files\weather\hourly\Spresiano.csv,7/18/2022 12:00:00 AM,32.2,22.9,0,0,76,36,0,0,17.55,9.767656,883.14386,32.709034,77.06902,77,39.654884,0,0,0,0,0,0,0,0,6,0,4,0,0,6,0,2,1.7781116704511135,0,-0.8571961627207969,-241.44955461942988,0.028246436588429603,0.823980694300346,0.03656595426842246,0.00667,0,0,0,20.023699466818154,0,9.985453429673784,0.9878913267376671,0
..\..\..\files\weather\hourly\Spresiano.csv,7/19/2022 12:00:00 AM,32.2,20.6,0,0,82,34,0,0,16.400002,10.591642,893.7355,33.101315,77.07902,77,39.60491,0,0,0,0,0,0,0,0,6,0,4,0,0,6,0,2,1.7454258011418344,0,0.8882296384210377,-241.44955461942988,0.025038096109458906,0.8522271308887757,0.3622651895860387,0.00667,0,0,0,20.023699466818154,0,9.985453429673784,0.9878913267376671,0
..\..\..\files\weather\hourly\Spresiano.csv,7/20/2022 12:00:00 AM,33.9,17.7,0,0,88,30,0,0,15.800001,10.947403,904.68286,33.50677,77.08935,77,39.55326,0,0,0,0,0,0,0,0,6,0,4,0,0,6,0,2,1.811653250537588,0,2.6998828889586264,-241.44955461942988,0.021900937170141185,0.8772652269982346,0.41373857593964236,0.00667,0,0,0,20.023699466818154,0.016984205259025983,10.026407074615557,0.9882089628298147,0
..\..\..\files\weather\hourly\Spresiano.csv,7/21/2022 12:00:00 AM,34.7,18.3,0,0,88,29,0,0,16.5,10.527393,915.21027,33.896675,77.09928,77,39.503593,0,0,0,0,0,0,0,0,6,0,4,0,0,6,0,2,1.8609399961463298,0,4.560822885104955,-241.44955461942988,0.018903745371628738,0.8991661641683758,1,0.00667,0.8194314999999932,0,0.8194314999999932,20.023699466818154,0.01592879192856255,10.070816092541051,0.9885440439605495,0
..\..\..\files\weather\hourly\Spresiano.csv,7/22/2022 12:00:00 AM,35.7,16.8,0,4,94,27,0,0,16.25,10.685367,925.8956,34.29243,77.10936,77,39.4532,0,0,0,0,0,0,0,0,6,0,4,0,0,6,0,2,1.8550932547840946,0,6.415916139889049,-241.44955461942988,0.016101145731633217,0.9180699095400046,0.8970008473849844,0.00667,0.3006114999999987,0,0.26964877023367007,20.023699466818154,0.01837836095770071,10.13463766831947,0.9890090852307728,0
..\..\..\files\weather\hourly\Spresiano.csv,7/23/2022 12:00:00 AM,37.2,18.5,0,0,88,24,0,0,17.85,9.522149,935.4178,34.645103,77.11835,77,39.408264,0,0,0,0,0,0,0,0,6,0,4,0,0,6,0,2,1.922022818807891,0,8.337938958696938,-241.44955461942988,0.01353285614469486,0.9341710552716378,0.4866491334103735,0.00667,0,0,0,20.023699466818154,0.019995865540679246,10.226064380586708,0.9896427471278776,0
..\..\..\files\weather\hourly\Spresiano.csv,7/24/2022 12:00:00 AM,35.9,19.1,0,0,91,28,0,0,17.5,9.807348,945.22516,35.00834,77.1276,77,39.36199,0,0,0,0,0,0,0,0,6,0,4,0,0,6,0,2,1.880729633165116,0,10.218668591862055,-241.44955461942988,0.011223954878749068,0.9477039114163327,0.3882912772880005,0.00667,0,0,0,20.023699466818154,0.021523211768411578,10.278771930263805,0.9899913989946214,0
..\..\..\files\weather\hourly\Spresiano.csv,7/25/2022 12:00:00 AM,34.9,20,0,0,88,33,0,0,17.45,9.846689,955.07184,35.37303,77.136894,77,39.31553,0,0,0,0,0,0,0,0,6,0,4,0,0,6,0,2,1.8216230289577742,0,12.04029162081983,-241.44955461942988,0.009185993238733378,0.9589278662950818,0,0.00667,0,0,0,20.023699466818154,0.02188250843570703,10.336719393219294,0.9903612485490132,0
..\..\..\files\weather\hourly\Spresiano.csv,7/26/2022 12:00:00 AM,36.2,21.6,0,0,81,34,0,0,18.900002,8.563925,963.63574,35.690212,77.14497,77,39.27513,0,1,0,0,0,0,0,0,6,1,4,0,0,6,0,2,1.8755403023407162,0,13.915831923160553,-241.44955461942988,0.0074187390137046335,0.9681138595338151,0,0.00667,0,0,0,20.023699466818154,0,10.336719393219294,0.9903612485490132,0
..\..\..\files\weather\hourly\Spresiano.csv,7/27/2022 12:00:00 AM,31.8,21.3,0,0,83,41,0,0,16.55,10.494738,974.1305,36.078907,77.15488,77,39.225616,0,0,0,0,0,0,0,0,6,1,4,0,0,6,0,2,1.5606565608803133,0,15.476488484040871,-241.44955461942988,0.005912318576501881,0.9755325985475197,0.163522476362429,0.00667,0,0,0,20.023699466818154,0.021523211768411578,10.358242604987705,0.9904951289982115,0
..\..\..\files\weather\hourly\Spresiano.csv,7/28/2022 12:00:00 AM,31.4,21.9,0.4,1,78,39,0,0,16.65,10.428368,984.55884,36.46514,77.16472,77,39.176407,0,0,0,0,0,0,0,0,6,1,4,0,0,6,0,2,1.6075521283826133,0,17.084040612423493,-241.44955461942988,0.004649532887354998,0.9814449171240216,0,0.08446782515981173,0,0,0,20.023699466818154,0.02231992573622232,10.380562530723926,0.9906320107720016,0
..\..\..\files\weather\hourly\Spresiano.csv,7/29/2022 12:00:00 AM,32,20.9,0,0,84,38,0,0,16.45,10.559694,995.1185,36.856243,77.17468,77,39.126587,0,0,0,0,0,0,0,0,6,1,4,0,0,6,0,2,1.6785181041609556,0,18.76255871658445,-241.44955461942988,0.003608149991718343,0.9860944500113766,0.7455547032888186,0.08446782515981173,0.5048235000000005,0,0.37637353475572327,20.023699466818154,0.021523211768411578,10.401131324321955,0.9907564155029148,0
..\..\..\files\weather\hourly\Spresiano.csv,7/30/2022 12:00:00 AM,33.7,20,12.6,6,100,36,0,0,16.85,10.291395,1005.4099,37.237404,77.184395,77,39.078026,1,1,1,0,0,0,0,0,7,2,5,0,0,6,0,2,1.6967511106274449,0,20.459309827211897,-241.44955461942988,0.002763017301872022,0.989702600003095,0.7927534968080003,2.4917193598266887,1.008951499999995,0,0.7998498297346731,20.023699466818154,0.02188250843570703,10.54407370120938,0.9915767009977244,0
..\..\..\files\weather\hourly\Spresiano.csv,7/31/2022 12:00:00 AM,30.6,19,0,9,100,43,0,0,14.799999,11.426477,1016.83636,37.660606,77.195175,77,39.024124,1,0,0,0,0,0,0,0,8,2,5,0,0,6,0,2,1.3336822928437722,0,21.792992120055672,-241.44955461942988,0.002087884106621498,0.992465617304967,0.9979280779280003,2.4917193598266887,1.0690024999999963,0,1.0667876101252234,20.023699466818154,0.021713745435454904,10.714453850896234,0.9924602572975753,0
..\..\..\files\weather\hourly\Spresiano.csv,8/1/2022 12:00:00 AM,33.3,17.1,0,7,100,30,0,0,15.200001,11.2519865,1028.0884,38.077347,77.205795,77,38.971024,0,0,0,0,0,0,0,0,8,2,5,0,0,6,0,2,1.788577648621497,0,23.58156976867717,-241.44955461942988,0.0015568720956880403,0.9945535014115885,0.8217243394733016,0.00667,1.036786499999998,0,0.8519527018873346,20.023699466818154,0.0223800241229412,10.826045825115635,0.9929882724130848,0
..\..\..\files\weather\hourly\Spresiano.csv,8/2/2022 12:00:00 AM,33,18.4,0,6,100,40,0,0,15.700001,11.001728,1039.0901,38.484818,77.21617,77,38.919144,0,0,0,0,0,0,0,0,8,2,5,0,0,6,0,2,1.723338051077524,0,25.30490781975469,-241.44955461942988,0.0011455742510869244,0.9961103735072765,0.3622651895860387,0.00667,0,0,0,20.023699466818154,0.022366160893215033,10.944438101834091,0.9935082287722048,0
..\..\..\files\weather\hourly\Spresiano.csv,8/3/2022 12:00:00 AM,31.7,18.7,3,5,95,37,0,0,15.200001,11.2519865,1050.342,38.901558,77.22679,77,38.866043,0,1,1,0,0,0,0,0,8,3,6,0,0,6,0,2,1.741281544768718,0,27.046189364523414,-241.44955461942988,0.0008317969330242507,0.9972559477583635,0.4629130998764608,0.5919001116675138,0,0,0,20.023699466818154,0.017686593562080025,11.018069533698592,0.9938120318008582,0
..\..\..\files\weather\hourly\Spresiano.csv,8/4/2022 12:00:00 AM,33.1,19.4,0,1,87,35,0,0,16.25,10.685367,1061.0275,39.297314,78.00098,78,34.995117,0,0,0,0,0,0,0,0,8,3,6,0,0,6,0,2,1.89396171843544,0,28.94015108295885,-241.44955461942988,0.0005959847516065534,0.9980877446913877,0.8217243394733016,0.00667,0.5952024999999992,0,0.48909238116535714,20.023699466818154,0.020289083193563175,11.065857954263642,0.9940015793318733,0
..\..\..\files\weather\hourly\Spresiano.csv,8/5/2022 12:00:00 AM,35,19.5,0,1,93,33,0,0,17.25,10.000547,1071.028,39.6677,78.00861,78,34.956932,0,0,0,0,0,0,0,0,8,3,6,0,0,6,0,2,1.9785969279347013,0,30.918748010893538,-241.44955461942988,0.0004213827416398311,0.9986837294429943,0.4629130998764608,0.00667,0.18677850000000262,0,0.08646221442527674,20.023699466818154,0.022204951704230116,11.201910744351206,0.9945101044673758,0
..\..\..\files\weather\hourly\Spresiano.csv,8/6/2022 12:00:00 AM,35.9,20,0,4,96,33,0,0,17.95,9.437514,1080.4655,40.01724,78.015816,78,34.92092,0,0,0,0,0,0,0,0,8,3,6,0,0,6,0,2,1.9702181830571417,0,32.88896619395068,-241.44955461942988,0.0002939964612589566,0.9991051121846342,0.5760130165962465,0.00667,0.6777634999999975,0,0.39040059817382866,20.023699466818154,0.0223800241229412,11.295008789573256,0.9948330715218124,0
..\..\..\files\weather\hourly\Spresiano.csv,8/7/2022 12:00:00 AM,34.7,21,0.6,4,91,39,0,0,17.85,9.522149,1089.9875,40.36991,78.023094,78,34.88453,0,0,0,0,0,0,0,0,8,3,6,0,0,6,0,2,1.7790286847799746,0,34.66799487873065,-241.44955461942988,0.00020240965467524722,0.9993991086458931,0.7617916937283922,0.12339360864138221,0.9732984999999914,0,0.741450712818297,20.023699466818154,0.021713745435454904,11.445987794618162,0.9953170320107143,0
..\..\..\files\weather\hourly\Spresiano.csv,8/8/2022 12:00:00 AM,28.3,21.2,1,4,92,56,0,0,14.75,11.446676,1101.4342,40.79386,78.03183,78,34.84085,0,0,0,0,0,0,0,0,8,3,6,0,0,6,0,2,1.0816005337454184,0,35.74959541247607,-241.44955461942988,0.0001375131109931698,0.9996015183005683,0.7617916937283922,0.31829119446713183,0,0,0,20.023699466818154,0.022366160893215033,11.607895739478565,0.9957858770070713,0
..\..\..\files\weather\hourly\Spresiano.csv,8/9/2022 12:00:00 AM,31.6,18.1,0,0,92,42,0,0,14.85,11.405919,1112.8401,41.216297,78.04054,78,34.797287,0,0,0,0,0,0,0,0,8,3,6,0,0,6,0,2,1.7276246753453552,0,37.477220087821436,-241.44955461942988,9.21893500550444E-05,0.9997390314115615,0.41373857593964236,0.20129890580706597,0,0,0,20.023699466818154,0.017336172166717727,11.679146990668828,0.9959770705314864,0
..\..\..\files\weather\hourly\Spresiano.csv,8/10/2022 12:00:00 AM,32,18.8,0,0,91,33,0,0,15.4,11.156161,1123.9962,41.62949,78.049065,78,34.754677,0,0,0,0,0,0,0,0,8,3,6,0,0,6,0,2,1.8992708003863104,0,39.376490888207755,-241.44955461942988,6.098754638481951E-05,0.9998312207616166,0.06923952953461265,0.00667,0,0,0,20.023699466818154,0.016279621132666545,11.708991437507926,0.9960545587039775,0
..\..\..\files\weather\hourly\Spresiano.csv,8/11/2022 12:00:00 AM,31.7,16.5,0,0,87,26,0,0,14.1,11.676556,1135.6727,42.06195,78.057976,78,34.71012,0,0,0,0,0,0,0,0,8,3,6,0,0,6,0,2,1.928929105597387,0,41.30541999380513,-241.44955461942988,3.9813039257587876E-05,0.9998922083080014,0.3622651895860387,0.00667,0,0,0,20.023699466818154,0.009678605876887252,11.735293232321869,0.9961216128861244,0
..\..\..\files\weather\hourly\Spresiano.csv,8/12/2022 12:00:00 AM,31,18.9,0,0,73,28,0,0,14.950001,11.363729,1147.0365,42.482834,78.06666,78,34.66671,0,0,0,0,0,0,0,0,8,3,6,0,0,6,0,2,1.944955418225856,0,43.25037541203098,-241.44955461942988,2.5646804735198653E-05,0.999932021347259,0.5324390024444474,0.00667,0,0,0,20.023699466818154,0,11.735293232321869,0.9961216128861244,0
..\..\..\files\weather\hourly\Spresiano.csv,8/13/2022 12:00:00 AM,26.5,18.4,1,3,88,42,0,0,12.450001,11.98505,1159.0216,42.926727,78.075806,78,34.62097,0,0,0,1,0,0,0,0,8,3,6,1,0,6,0,2,1.4658096070162157,0,44.71618501904719,-241.44955461942988,1.630290361075413E-05,0.9999576681519942,1,0.20129890580706597,0,0,0,20.15750080554145,0.02131211883485227,11.832027841131254,0.9963585915733097,0
..\..\..\files\weather\hourly\Spresiano.csv,8/14/2022 12:00:00 AM,28.4,15.6,0,0,85,38,0,0,12,12,1171.0216,43.37117,78.08498,78,34.57512,0,0,0,0,0,0,0,0,8,3,6,1,0,6,0,2,1.5545928687469568,0,46.270777887794154,-241.44955461942988,1.0226344497830753E-05,0.9999739710556049,1,0.08446782515981173,0.5952024999999992,0,0.5952024999999992,20.15750080554145,0.012032217562516991,11.877579222410164,0.9964651215641689,0
..\..\..\files\weather\hourly\Spresiano.csv,8/15/2022 12:00:00 AM,31.3,14.2,0,3,97,32,0,0,12.75,11.958525,1182.9801,43.81408,78.0941,78,34.529495,0,0,0,0,0,0,0,0,8,3,6,1,0,6,0,2,1.6613590315604279,0,47.93213691935459,-241.44955461942988,6.329940667835718E-06,0.9999841974001028,0.9786475553404227,0.00667,0.5952024999999992,0,0.5824934715575072,20.15750080554145,0.01592879192856255,11.959339331887453,0.9966485886483795,0
..\..\..\files\weather\hourly\Spresiano.csv,8/16/2022 12:00:00 AM,30.7,18.2,22.4,3,100,46,0,0,14.450001,11.560331,1194.5404,44.242237,78.102936,78,34.48532,1,1,1,1,0,0,0,0,9,4,7,2,0,6,0,2,1.49585995149537,0,49.42799687084995,-241.44955461942988,3.866362965134232E-06,0.9999905273407707,1,3,1.0127274999999898,0.002,3.002,20.15750080554145,0.02238624076237516,12.082823797428514,0.9969078205525993,0
..\..\..\files\weather\hourly\Spresiano.csv,8/17/2022 12:00:00 AM,30.9,17.1,0.4,10,100,42,0,0,14,11.706514,1206.247,44.67581,78.11187,78,34.44065,1,0,0,1,0,0,0,0,10,4,7,3,0,6,0,2,1.4013346921569156,0,50.829331563006875,-241.44955461942988,2.330394075207531E-06,0.9999943937037358,0.9282839056385559,3,1.0699464999999933,0,0.9932141158442969,20.957710344744402,0.021523211768411578,12.243820777473577,0.9972159698004162,0
..\..\..\files\weather\hourly\Spresiano.csv,8/18/2022 12:00:00 AM,30.1,18.4,4.6,12,100,59,0,0,14.25,11.628907,1217.8759,45.106514,78.12075,78,34.396248,0,1,1,1,0,0,0,1,10,5,8,4,0,6,0,3,0.9718445025173613,0,51.801176065524245,-241.44955461942988,1.3860531214032536E-06,0.9999967240978109,0.6754706610298398,0.9056707052636489,1.0127274999999898,0,0.6840677138680902,21.185221543938475,0.02238624076237516,12.438552300200573,0.9975479944513178,0
..\..\..\files\weather\hourly\Spresiano.csv,8/19/2022 12:00:00 AM,25.7,19.6,10.2,19,100,63,0,0,12.650002,11.968834,1229.8447,45.549805,78.12989,78,34.350548,1,1,1,1,0,0,0,1,11,6,9,5,0,6,0,4,0.19834468832895574,0,51.99952075385319,-241.44955461942988,8.134936090666423E-07,0.9999981101509323,0.9554658487193829,2.932907004475391,1.0127274999999898,0,0.9676265403089491,23.422664936230035,0.022347555605306057,12.820774743042424,0.9980890775947389,0
..\..\..\files\weather\hourly\Spresiano.csv,8/20/2022 12:00:00 AM,26.2,18.3,7.4,11,100,64,0,0,12.25,11.995381,1241.8401,45.994076,78.13905,78,34.304733,1,1,1,1,1,0,0,1,12,7,10,6,1,6,0,5,0.48542161247147203,0,52.48494236632466,-241.44955461942988,4.7114238710543665E-07,0.9999989236445413,1,2.93290705240526,1.0690024999999963,0,1.0690024999999963,25.800981356966346,0.022366160893215033,13.052326550282357,0.9983570114079753,0
..\..\..\files\weather\hourly\Spresiano.csv,8/21/2022 12:00:00 AM,30.7,17.3,0,3,99,40,0,0,14,11.706514,1253.5466,46.42765,78.147995,78,34.260025,0,0,0,0,0,0,0,0,12,7,10,6,1,6,0,5,1.263059831748713,0,53.748002198073365,-241.44955461942988,2.6926132159209725E-07,0.9999993947869285,1,0.00667,1.0568034999999938,0,1.0568034999999938,25.800981356966346,0.016279621132666545,13.175015897695415,0.9984834105442875,0
..\..\..\files\weather\hourly\Spresiano.csv,8/22/2022 12:00:00 AM,30.8,16.7,0,2,99,38,0,0,13.75,11.775086,1265.3218,46.86377,78.15698,78,34.215088,0,0,0,0,0,0,0,0,12,7,10,6,1,6,0,5,1.5984976263586292,0,55.346499824432,-241.44955461942988,1.5185165534739105E-07,0.99999966404825,0.9636326451305007,0.00667,0.9732984999999914,0,0.9379022080565403,25.800981356966346,0.01937481351741991,13.274143107021512,0.9985784020995164,0
..\..\..\files\weather\hourly\Spresiano.csv,8/23/2022 12:00:00 AM,30.6,16.2,0,5,100,31,0,0,13.400002,11.855858,1277.1776,47.302876,78.16604,78,34.169807,0,0,0,0,0,0,0,0,12,7,10,6,1,6,0,5,1.7391975883138246,0,57.08569741274583,-241.44955461942988,8.450625395954913E-08,0.9999998158999054,0.9919285609420946,0.00667,0.8194314999999932,0,0.8128175085856152,25.800981356966346,0.021523211768411578,13.395928696505646,0.9986870061714538,0
..\..\..\files\weather\hourly\Spresiano.csv,8/24/2022 12:00:00 AM,28.2,17.5,0,1,97,55,0,0,12.85,11.946749,1289.1244,47.745346,78.17516,78,34.124184,0,0,0,0,0,0,0,0,12,7,10,6,1,6,0,5,1.0247034538562372,0,58.11040086660206,-241.44955461942988,4.640683316220921E-08,0.9999999004061594,1,0.00667,1.0699464999999933,0,1.0699464999999933,25.800981356966346,0.021523211768411578,13.537688323644884,0.9988030233397621,0
..\..\..\files\weather\hourly\Spresiano.csv,8/25/2022 12:00:00 AM,30.5,16.7,0,6,100,40,0,0,13.6,11.81188,1300.9363,48.182823,78.18418,78,34.079094,0,0,0,0,0,0,0,0,12,7,10,6,1,6,0,5,1.5228233612957536,0,59.63322422789783,-241.44955461942988,2.5147729349175427E-08,0.9999999468129925,0.9377952793442559,0.00667,0.406626499999998,0,0.38133241215627517,25.800981356966346,0.02188250843570703,13.679748780721848,0.998909008961549,0
..\..\..\files\weather\hourly\Spresiano.csv,8/26/2022 12:00:00 AM,31.4,18.2,0,0,94,45,0,0,14.799999,11.426477,1312.3628,48.60603,79.00184,79,29.990807,0,0,0,0,0,0,0,0,12,7,10,6,1,6,0,5,1.5955386241329963,0,61.22876285203081,-241.44955461942988,1.3447432867475318E-08,0.9999999719607219,0.3084603317043957,0.00667,0,0,0,25.800981356966346,0.022150463437232336,13.786596127396793,0.9989824966288334,0
..\..\..\files\weather\hourly\Spresiano.csv,8/27/2022 12:00:00 AM,32,20.1,0,0,87,43,0,0,16.05,10.805375,1323.1682,49.00623,79.008766,79,29.95617,0,0,0,0,0,0,0,0,12,7,10,6,1,6,0,5,1.6374477547214998,0,62.86621060675232,-241.44955461942988,7.095839023800541E-09,0.9999999854081547,0.8074858368492006,0.00667,0.5048235000000005,0,0.4076378263586429,25.800981356966346,0.020568793598028105,13.863573525798536,0.9990323543667995,0
..\..\..\files\weather\hourly\Spresiano.csv,8/28/2022 12:00:00 AM,30.3,18.9,0.4,1,95,50,0,0,14.599998,11.505121,1334.6733,49.432346,79.01614,79,29.919281,0,0,0,1,0,0,0,0,12,7,10,7,1,6,0,5,1.1232802915501512,0,63.98949089830246,-241.44955461942988,3.6948080965164205E-09,0.9999999925039937,0.9554658487193829,0.08446782515981173,1.0568034999999938,0,1.0097396530571083,25.829907867300047,0.017686593562080025,14.047672797247875,0.9991419143357541,0
..\..\..\files\weather\hourly\Spresiano.csv,8/29/2022 12:00:00 AM,29.2,18.2,2.4,7,100,51,0,0,13.700001,11.787713,1346.461,49.86893,79.023705,79,29.881477,0,0,0,1,0,0,0,0,12,7,10,8,1,6,0,5,1.1625034837425452,0,65.151994382045,-241.44955461942988,1.89847018553991E-09,0.9999999961988019,0.7927534968080003,0.9449726642008902,1.0127274999999898,0.002,0.9067126080727292,26.008351754214512,0.022150463437232336,14.231247890714103,0.999238813893814,0
..\..\..\files\weather\hourly\Spresiano.csv,8/30/2022 12:00:00 AM,30.2,20.1,0.2,6,100,51,0,0,15.150002,11.275049,1357.7361,50.28652,79.03094,79,29.845314,0,0,0,0,0,0,0,0,12,7,10,8,1,6,0,5,1.2461357172482523,0,66.39813009929325,-241.44955461942988,9.625857721419239E-10,0.999999998097272,0.7288078867438033,1.2994960916463407,0.9298275000000018,0,0.677665615311275,26.008351754214512,0.0223800241229412,14.414682238633704,0.9993247127008585,0
..\..\..\files\weather\hourly\Spresiano.csv,8/31/2022 12:00:00 AM,30.6,18.7,10.2,6,98,48,0,0,14.650002,11.485997,1369.222,50.71193,79.0383,79,29.808502,1,1,1,1,0,0,0,0,13,8,11,9,1,6,0,5,1.4697817681564238,0,67.86791186744968,-241.44955461942988,4.816137279032945E-10,0.9999999990598578,1,3,1.0690024999999963,0.002,3.002,26.008351754214512,0.022347555605306057,14.593990034503978,0.9993993048584204,0
..\..\..\files\weather\hourly\Spresiano.csv,9/1/2022 12:00:00 AM,26,17.9,11.2,10,100,62,0,0,11.950001,11.999815,1381.2218,51.156364,79.046,79,29.770012,1,1,1,1,0,0,0,0,14,9,12,10,1,6,0,5,1.0278575614171392,0,68.89576942886681,-241.44955461942988,2.377836774616744E-10,0.9999999995414716,0.9636326451305007,3,1.0733834999999985,0,1.0343473813444333,28.559315117952163,0.022150463437232336,14.847732827790532,0.9994910043955503,0
..\..\..\files\weather\hourly\Spresiano.csv,9/2/2022 12:00:00 AM,25.8,17.7,0,3,97,48,0,0,11.75,11.995372,1393.2172,51.600636,79.05369,79,29.73156,0,0,0,0,0,0,0,0,14,9,12,10,1,6,0,5,1.5888302875792666,0,70.48459971644608,-241.44955461942988,1.1584811820508028E-10,0.9999999997792552,1,0.04555995657963896,1.008951499999995,0,1.008951499999995,28.559315117952163,0.01837836095770071,14.98037249217634,0.9995332252538438,0
..\..\..\files\weather\hourly\Spresiano.csv,9/3/2022 12:00:00 AM,25.7,15.6,0,2,98,42,0,0,10.650002,11.864385,1405.0815,52.04006,79.0613,79,29.69349,0,0,0,0,0,0,0,0,14,9,12,10,1,6,0,5,1.7008491400951258,0,72.18544885654121,-241.44955461942988,5.5695446553738594E-11,0.9999999998951034,1,0.00667,0,0,0,28.559315117952163,0.01232633071120923,15.079943753268735,0.999562602907977,0
..\..\..\files\weather\hourly\Spresiano.csv,9/4/2022 12:00:00 AM,26.2,15.2,0,3,100,52,0,0,10.700001,11.874272,1416.9558,52.479847,79.06892,79,29.655418,0,0,0,0,0,0,0,0,14,9,12,10,1,6,0,5,1.3887707120902413,0,73.57421956863145,-241.44955461942988,2.6422515389299943E-11,0.9999999999507988,1,0.00667,1.0127274999999898,0,1.0127274999999898,28.559315117952163,0.016279621132666545,15.1892130516196,0.9995927188751871,0
..\..\..\files\weather\hourly\Spresiano.csv,9/5/2022 12:00:00 AM,28.2,15.8,0,11,100,49,0,0,12,12,1428.9558,52.924286,79.076614,79,29.616928,0,0,0,0,0,0,0,0,14,9,12,10,1,6,0,5,1.5515601777714025,0,75.12577974640284,-241.44955461942988,1.2369507011435864E-11,0.9999999999772213,1,0.00667,1.0699464999999933,0,1.0699464999999933,28.559315117952163,0.019690615945384234,15.331459236305152,0.9996288393533004,0
..\..\..\files\weather\hourly\Spresiano.csv,9/6/2022 12:00:00 AM,29.5,16.1,0,6,100,47,0,0,12.799999,11.952821,1440.9087,53.36699,84.0018,84,12.495499,0,0,0,0,0,0,0,0,14,9,12,10,1,6,0,5,1.6493325675908863,0,76.77511231399372,-241.44955461942988,5.714186161978783E-12,0.9999999999895909,1,0.00667,1.0699464999999933,0,1.0699464999999933,28.559315117952163,0.020568793598028105,15.485192571452691,0.9996642842436558,0
..\..\..\files\weather\hourly\Spresiano.csv,9/7/2022 12:00:00 AM,29.3,16.4,0,8,100,54,0,0,12.849998,11.946749,1452.8555,53.809464,84.008606,84,12.478485,0,0,0,0,0,0,0,0,14,9,12,10,1,6,0,5,1.5365117644664983,0,78.31162407846021,-241.44955461942988,2.6048345375901333E-12,0.9999999999953051,0.7115475914105005,0.00667,1.0733834999999985,0,0.7637634440847719,28.569799621653335,0.02202840411148315,15.670542173853786,0.999702548649002,0
..\..\..\files\weather\hourly\Spresiano.csv,9/8/2022 12:00:00 AM,27.2,18.5,5.2,7,100,62,0,0,12.85,11.946749,1464.8022,54.251934,84.01541,84,12.461472,0,1,1,1,0,0,0,0,14,10,13,11,1,6,0,5,1.0593630295491305,0,79.37098710800934,-241.44955461942988,1.1717356957293325E-12,0.9999999999979099,0.9078904497013098,1.023630265380987,1.039618500000003,0,0.943859707482804,29.256555047408664,0.022204951704230116,15.964278565896356,0.9997544583019622,0
..\..\..\files\weather\hourly\Spresiano.csv,9/9/2022 12:00:00 AM,24.8,18.9,24,4,100,71,0,0,11.849998,11.998336,1476.8005,54.696316,84.02225,84,12.444382,1,1,1,0,0,0,0,0,15,11,14,11,1,6,0,5,0.4539226297597287,0,79.82490973776906,-241.44955461942988,5.201192669469584E-13,0.9999999999990816,0.9377952793442559,3,1.0733834999999985,0,1.0066139792260136,31.704916778380447,0.022347555605306057,16.27736283481513,0.9997998543289095,0
..\..\..\files\weather\hourly\Spresiano.csv,9/10/2022 12:00:00 AM,24.6,15.7,2,3,100,66,0,0,10.15,11.744719,1488.5453,55.131306,84.028946,84,12.427635,1,0,0,1,0,0,0,0,16,11,14,12,1,6,0,5,0.7665996089433219,0,80.59150934671239,-241.44955461942988,2.278242690411727E-13,0.9999999999996018,0.9797726449298856,3,1.0127274999999898,0,0.9922427012682207,34.37769302551977,0.022247859019710346,16.486187299867787,0.9998253653916681,0
..\..\..\files\weather\hourly\Spresiano.csv,9/11/2022 12:00:00 AM,26.9,14.7,0.2,9,100,44,0,0,10.799999,11.892921,1500.4382,55.57179,84.03572,84,12.410698,0,0,0,0,0,0,0,0,16,11,14,12,1,6,0,5,1.5815416731312941,0,82.17305101984367,-241.44955461942988,9.847382143385908E-14,0.9999999999998296,1,0.5136365715769443,0.9732984999999914,0.002,0.9732984999999914,35.09672110015844,0.012626804686059756,16.562713648614558,0.9998338770146897,0
..\..\..\files\weather\hourly\Spresiano.csv,9/12/2022 12:00:00 AM,25.8,14.1,3.4,7,100,45,0,0,9.950001,11.6862335,1512.1245,56.004612,88.00005,88,2.4998665,0,1,1,1,0,0,0,0,16,12,15,13,1,6,0,5,1.5811341521515379,0,83.75418517199522,-241.44955461942988,4.200155413250867E-14,0.9999999999999281,0.9198704055467259,0.8663867080967083,1.039618500000003,0,0.9563142912088818,36.130072313210654,0.01232633071120923,16.64935427704005,0.9998430140001954,0
..\..\..\files\weather\hourly\Spresiano.csv,9/13/2022 12:00:00 AM,26.5,15.4,0,3,100,48,0,0,10.950001,11.918076,1524.0426,56.446022,88.00525,88,2.4868774,0,0,0,0,0,0,0,0,16,12,15,13,1,6,0,5,1.5022094118292901,0,85.2563945838245,-241.44955461942988,1.7678022870915865E-14,0.99999999999997,1,0.00667,1.0127274999999898,0,1.0127274999999898,36.130072313210654,0.01592879192856255,16.74577459799948,0.9998525927818207,0
..\..\..\files\weather\hourly\Spresiano.csv,9/14/2022 12:00:00 AM,26.7,15.9,0,5,100,54,0,0,11.299999,11.963646,1536.0062,56.88912,88.01046,88,2.4738503,0,0,0,0,0,0,0,0,16,12,15,13,1,6,0,5,1.2865700233491266,0,86.54296460717363,-241.44955461942988,7.342192806665485E-15,0.9999999999999877,1,0.00667,1.0127274999999898,0,1.0127274999999898,36.33849649762036,0.019690615945384234,16.893023538780824,0.9998661055038879,0
..\..\..\files\weather\hourly\Spresiano.csv,9/15/2022 12:00:00 AM,26.7,18.3,0,7,100,64,0,0,12.5,11.981547,1547.9878,57.33288,88.01568,88,2.460804,0,0,0,0,0,0,0,0,16,12,15,13,1,6,0,5,1.0320051842678815,0,87.57496979144152,-241.44955461942988,3.00913478358687E-15,0.999999999999995,1,0.00667,1.0127274999999898,0,1.0127274999999898,36.7721251825737,0.022366160893215033,17.149787374319494,0.9998867728817565,0
..\..\..\files\weather\hourly\Spresiano.csv,9/16/2022 12:00:00 AM,28.5,17,0,8,100,56,0,0,12.75,11.958525,1559.9463,57.77579,88.02089,88,2.4477768,0,0,0,0,0,0,0,0,16,12,15,13,1,6,0,5,1.3004726463138743,0,88.87544243775538,-241.44955461942988,1.2169738861682736E-15,0.999999999999998,1,0.00667,1.0568034999999938,0,1.0568034999999938,36.99535699748889,0.021713745435454904,17.375257157187278,0.9999022736055828,0
..\..\..\files\weather\hourly\Spresiano.csv,9/17/2022 12:00:00 AM,25.3,15.4,5,7,99,63,0,0,10.349998,11.797127,1571.7434,58.212723,88.02603,88,2.4349213,0,1,1,1,0,0,0,0,16,13,16,14,1,6,0,5,1.157621752618259,0,90.03306419037365,-241.44955461942988,4.856737600159314E-16,0.9999999999999992,0.9666025709705,1.0629859369047292,1.036786499999998,0.002,1.0674767488887729,38.03880744566981,0.01837836095770071,17.51173227973345,0.9999106056401124,0
..\..\..\files\weather\hourly\Spresiano.csv,9/18/2022 12:00:00 AM,16.5,8,10.2,16,100,65,0,-1.7647059,2.485294,4.478613,1576.222,58.378593,88.027985,88,2.4300385,1,1,1,1,0,0,0,0,17,14,17,15,1,6,0,5,-0.20663968886222012,0,89.82642450151143,-241.44955461942988,1.9126336103561488E-16,0.9999999999999997,0,3,1.0127274999999898,0,0,38.03880744566981,0.005860612449866011,17.589662124156735,0.9999150407592414,0
..\..\..\files\weather\hourly\Spresiano.csv,9/19/2022 12:00:00 AM,21.5,6.8,0.2,8,100,45,0,-2.8516998,4.4982996,7.2224164,1583.4445,58.646088,88.03113,88,2.4221802,0,0,0,0,0,0,0,0,17,14,17,15,1,6,0,5,0.9364718925325948,0,90.76289639404403,-241.44955461942988,7.43263299522438E-17,0.9999999999999999,0.4783244392312507,1.0236302800387795,1.0690024999999963,0,0.5113300213493033,38.03880744566981,0.007647283576645276,17.63202296618353,0.9999173585682226,0
..\..\..\files\weather\hourly\Spresiano.csv,9/20/2022 12:00:00 AM,24.9,10.2,0,0,98,23,0,0,7.549999,10.502159,1593.9467,59.035065,88.035706,88,2.410736,0,0,0,0,0,0,0,0,17,14,17,15,1,6,0,5,1.4831764024377176,0,92.24607279648176,-241.44955461942988,2.850213265651021E-17,1,0.7068219422480004,0.00667,0,0,0,38.03880744566981,0.005277799303392242,17.67591610770186,0.9999196935375704,0
..\..\..\files\weather\hourly\Spresiano.csv,9/21/2022 12:00:00 AM,21.6,9.1,3,4,99,41,0,-0.8675995,5.3824005,8.605175,1602.5519,59.353775,88.03946,88,2.401352,0,1,1,1,0,0,0,0,17,15,18,16,1,6,0,5,1.3165398144632579,0,93.56261261094501,0,1.183007059957957E-27,1,0.49618346792295015,1.299496059296437,1.036786499999998,0.002,0.8224093861165492,38.57627362867807,0.007647283576645276,17.717660626949765,0.999921852973696,0
..\..\..\files\weather\hourly\Spresiano.csv,9/22/2022 12:00:00 AM,19.9,8.6,0,6,100,36,0,-1.3132739,4.3367257,7.3475065,1609.8994,59.625904,88.042656,88,2.3933601,0,0,0,0,0,0,0,0,17,15,18,16,1,6,0,5,1.2559507247232946,0,94.81856333566832,0,0,0,0.4783244392312507,2.0128955121191514,0,0,0,38.57627362867807,0.0038671226057638334,17.75784449576887,0.9999238768098789,0
..\..\..\files\weather\hourly\Spresiano.csv,9/23/2022 12:00:00 AM,19.2,9.7,0,0,96,45,0,-0.29526377,4.454737,7.592218,1617.4916,59.907097,88.04597,88,2.3850822,0,0,0,0,0,0,0,0,17,15,18,16,1,6,0,5,1.1352531390139102,0,95.95381647468223,0,0,0,0.12340519363629367,0.00667,1.008951499999995,0,0.12450985522712832,38.57627362867807,0.003597510089917897,17.79329245721915,0.9999256185708292,0
..\..\..\files\weather\hourly\Spresiano.csv,9/24/2022 12:00:00 AM,20.7,10,0,0,98,44,0,-0,5.3500004,8.605175,1626.0968,60.225807,88.04971,88,2.3757172,0,0,0,0,0,0,0,0,17,15,18,16,1,6,0,5,1.175822697335377,0,97.1296391720176,0,0,0,0.22841506569382938,0.00667,1.0586914999999948,0,0.24182108852199757,38.57627362867807,0.004965035439009817,17.8324193656744,0.9999274948662464,0
..\..\..\files\weather\hourly\Spresiano.csv,9/25/2022 12:00:00 AM,17.9,10.9,1,5,100,64,0,0,4.3999996,7.531719,1633.6285,60.504757,88.05299,88,2.3675156,0,0,0,1,0,0,0,0,17,15,18,17,1,6,0,5,0.46141350374468476,0,97.5910526757623,0,0,0,0.7960829684742449,0.4354446911400094,1.0127274999999898,0.002,0.8062151144554927,38.959195258360516,0.006677672465257637,17.90106438724649,0.9999306730472021,0
..\..\..\files\weather\hourly\Spresiano.csv,9/26/2022 12:00:00 AM,20.4,12.1,1.2,6,100,61,0,0,6.25,9.478297,1643.1068,60.855804,88.05713,88,2.3571777,0,0,0,1,0,0,0,0,17,15,18,18,1,6,0,5,0.6502287259093584,0,98.24128140167166,-6.875000095367431,0,0,0.5495796938774262,0.9056707491769715,1.0127274999999898,0,0.5565744694312456,40.01795470126622,0.009449219782398146,17.98370275552027,0.9999343148596015,0
..\..\..\files\weather\hourly\Spresiano.csv,9/27/2022 12:00:00 AM,20.5,9.9,24.4,14,100,64,0,-0.09952879,5.2004714,8.446211,1651.553,61.16863,88.06081,88,2.3479843,1,1,1,1,0,0,0,0,18,16,19,19,1,6,0,5,0.28073297082538207,0,98.52201437249703,-13.550000143051147,0,0,0.7717954341305004,3,1.0127274999999898,0.002,2.316929893259762,43.208649652369076,0.013246252421737494,18.069398294490558,0.9999378894832266,0
..\..\..\files\weather\hourly\Spresiano.csv,9/28/2022 12:00:00 AM,20.6,8.5,10.6,15,100,62,0,-1.4070249,4.6429753,7.7118587,1659.2649,61.454254,88.06417,88,2.339573,1,1,1,1,0,0,0,0,19,17,20,20,1,6,0,5,0.3412077803863834,0,98.86322215288341,-5.242932037634677,0,0,0,3,1.0127274999999898,0,0,43.208649652369076,0.008592052457706709,18.141159088049633,0.9999407327456464,0
..\..\..\files\weather\hourly\Spresiano.csv,9/29/2022 12:00:00 AM,18.2,9,0.2,12,100,68,0,-0.94565225,3.6543481,6.501213,1665.7661,61.695038,88.067,88,2.3324966,1,0,0,0,0,0,0,0,20,17,20,20,1,6,0,5,-0.023697550661466477,0,98.83952460222194,-5.242932037634677,0,0,0.5849712953396995,1.9731100414902267,1.0127274999999898,0,0.5924165175011296,43.208649652369076,0.008198027468244658,18.20587691523938,0.9999431851670311,0
..\..\..\files\weather\hourly\Spresiano.csv,9/30/2022 12:00:00 AM,20.2,11.1,16.2,18,100,62,0,0,5.6500006,8.911487,1674.6776,62.025093,88.070885,88,2.3227882,1,1,1,1,0,0,0,0,21,18,21,21,1,6,0,5,-0.2768557576532693,0,98.56266884456868,-7.010865550484313,0,0,0.4604444841547959,3,1.0127274999999898,0,0.46630479132687136,46.51475891265082,0.008797519803217085,18.30424652813907,0.999946719849781,0
..\..\..\files\weather\hourly\Spresiano.csv,10/1/2022 12:00:00 AM,17.7,11.3,5.2000003,19,100,79,0,0,4.5,7.652262,1682.3298,62.308514,88.07422,88,2.3144531,1,0,1,1,1,0,0,0,22,18,22,22,2,6,0,5,0,0,0,-7.010865550484313,0,0,0.8416166261711313,3,1.0127274999999898,0.002,2.526533111765736,49.82716800652102,0.010404613976314077,18.44395239775695,0.9999513652529367,0
..\..\..\files\weather\hourly\Spresiano.csv,10/2/2022 12:00:00 AM,20.2,11.9,0.2,11,100,65,0,0,6.049999,9.296085,1691.626,62.652813,88.07827,88,2.304325,0,0,0,0,1,0,0,0,22,18,22,22,3,6,0,5,0,0,0,-7.399100521100673,0,0,0.720291797694224,1.3784761176614164,1.0127274999999898,0,0.7294593115493699,51.5911257384123,0.01146344546544497,18.528114053884543,0.9999539659207927,0
..\..\..\files\weather\hourly\Spresiano.csv,10/3/2022 12:00:00 AM,21.5,9.6,0,8,100,65,0,-0.39327717,5.5567226,8.811095,1700.437,62.97915,88.08211,88,2.2947311,0,0,0,0,0,0,0,0,22,18,22,22,3,6,0,5,0,0,0,-12.787335774839095,0,0,0.9366269135599457,0.00667,1.0127274999999898,0,0.9485478326022703,52.22737531837097,0.014891329271696462,18.63265465184703,0.9999570035100664,0
..\..\..\files\weather\hourly\Spresiano.csv,10/4/2022 12:00:00 AM,23.2,10.8,0,12,100,60,0,0,7,10.102611,1710.5397,63.353325,88.08651,88,2.2837257,0,0,0,0,0,0,0,0,22,18,22,22,3,6,0,5,0,0,0,-12.787335774839095,0,0,0.7465242587729192,0.00667,1.0127274999999898,0,0.7560256462764439,52.87569651243023,0.009225987251413565,18.709125077314717,0.9999590977799204,0
..\..\..\files\weather\hourly\Spresiano.csv,10/5/2022 12:00:00 AM,21.2,10.1,0.2,14,100,62,0,0,5.6500006,8.911487,1719.4512,63.68338,88.09039,88,2.2740173,0,0,0,0,0,0,0,0,22,18,22,22,3,6,0,5,0,0,0,-12.787335774839095,0,0,0.33513154115076277,0.04555995657963896,1.0127274999999898,0,0.3393969278407557,53.62725149266606,0.007647283576645276,18.765983750784446,0.9999605885503681,0
..\..\..\files\weather\hourly\Spresiano.csv,10/6/2022 12:00:00 AM,20.6,11.3,0,14,100,71,0,0,5.950001,9.202469,1728.6537,64.02421,88.094406,88,2.2639847,0,0,0,0,0,0,0,0,22,18,22,22,3,6,0,5,0,0,0,-18.175571028577515,0,0,0.4067305133767417,0.00667,1.039618500000003,0,0.4228445662209594,54.454732760675434,0.0117445704009218,18.863420404520035,0.9999630179946017,0
..\..\..\files\weather\hourly\Spresiano.csv,10/7/2022 12:00:00 AM,23.2,11.3,0,15,100,59,0,0,7.25,10.2902775,1738.944,64.405334,88.098885,88,2.2527885,0,0,0,0,0,0,0,0,22,18,22,22,3,6,0,5,0,0,0,-18.175571028577515,0,0,0.5672997310311851,0.00667,1.0586914999999948,0,0.6005954031949989,55.16467509048396,0.014218359883750739,18.946541202370028,0.9999649717615281,0
..\..\..\files\weather\hourly\Spresiano.csv,10/8/2022 12:00:00 AM,25.5,11.5,0,9,100,45,0,0,8.5,11.078467,1750.0225,64.81564,88.103714,88,2.240715,0,0,0,0,0,0,0,0,22,18,22,22,3,6,0,5,0,0,0,-18.175571028577515,0,0,0.4425485754057126,0.00667,1.0127274999999898,0,0.4481811123991843,55.16467509048396,0.009008791018073715,19.00745092515403,0.9999663376102277,0
..\..\..\files\weather\hourly\Spresiano.csv,10/9/2022 12:00:00 AM,23.6,9.3,0,15,100,54,0,-0.6828675,6.467133,9.653848,1759.6763,65.173195,88.10792,88,2.2302055,0,0,0,0,0,0,0,0,22,18,22,22,3,6,0,5,0,0,0,-18.175571028577515,0,0,0.8078508757402331,0.00667,1.0127274999999898,0,0.8181327977612086,55.615142948283925,0.008392263433758713,19.071282786698387,0.9999677118701688,0
..\..\..\files\weather\hourly\Spresiano.csv,10/10/2022 12:00:00 AM,22.8,11.9,0.2,7,100,52,0,0,7.3499985,10.362514,1770.0388,65.55699,88.112434,88,2.218914,0,0,0,0,0,0,0,0,22,18,22,22,3,6,0,5,0,0,0,-18.175571028577515,0,0,0.720291797694224,0.04555995657963896,0,0,0,55.8971024949937,0.007473914878106473,19.10382401312994,0.9999683907252026,0
..\..\..\files\weather\hourly\Spresiano.csv,10/11/2022 12:00:00 AM,21.4,10.2,0,3,100,51,0,0,5.799999,9.058881,1779.0977,65.8925,88.11638,88,2.209053,0,0,0,0,0,0,0,0,22,18,22,22,3,6,0,5,0,0,0,-23.563806282315937,0,0,0.24610874406250013,0.04555995657963896,1.0127274999999898,0,0.2492410931025531,55.8971024949937,0.006827945074847311,19.156176932064042,0.9999694530556636,0
..\..\..\files\weather\hourly\Spresiano.csv,10/12/2022 12:00:00 AM,23.3,8.5,0,9,100,48,0,-1.4239864,5.976013,9.155027,1788.2527,66.231575,88.12037,88,2.1990776,0,0,0,0,0,0,0,0,22,18,22,22,3,6,0,5,0,0,0,-23.563806282315937,0,0,0.7068219422480004,0.00667,1.0568034999999938,0,0.7469719024444803,55.8971024949937,0.006982577073685743,19.207437121894674,0.9999704586121599,0
..\..\..\files\weather\hourly\Spresiano.csv,10/13/2022 12:00:00 AM,21.9,9.9,0,4,100,48,0,-0.0995841,5.900416,9.155027,1797.4077,66.570656,88.12436,88,2.1891022,0,0,0,0,0,0,0,0,22,18,22,22,3,6,0,5,0,0,0,-23.563806282315937,0,0,0.15815986787866676,0.00667,1.0127274999999898,0,0.16017284759709088,55.8971024949937,0.004165788379616633,19.254719587636046,0.9999713567659436,0
..\..\..\files\weather\hourly\Spresiano.csv,10/14/2022 12:00:00 AM,22.4,9,0,11,100,47,0,-0.96268654,5.7373133,8.961042,1806.3688,66.90255,88.128265,88,2.1793365,0,0,0,0,0,0,0,0,22,18,22,22,3,6,0,5,0,0,0,-23.563806282315937,0,0,0.4425485754057126,0.00667,1.0690024999999963,0,0.4730855334801436,55.8971024949937,0.0065316295609046185,19.298926264789653,0.9999721717774878,0
..\..\..\files\weather\hourly\Spresiano.csv,10/15/2022 12:00:00 AM,21.3,8.7,0,14,100,52,0,-1.2329373,5.067063,8.228178,1814.5969,67.2073,88.13185,88,2.170372,0,0,0,0,0,0,0,0,22,18,22,22,3,6,0,5,0,0,0,-23.563806282315937,0,0,0.07183363971635004,0.00667,1.0127274999999898,0,0.07274790236583915,55.8971024949937,0.006827945074847311,19.34292210707068,0.9999729598766463,0
..\..\..\files\weather\hourly\Spresiano.csv,10/16/2022 12:00:00 AM,21.5,9.8,0,7,100,55,0,-0.19828987,5.6517096,8.911486,1823.5084,67.537346,88.135735,88,2.1606636,0,0,0,0,0,0,0,0,22,18,22,22,3,6,0,5,0,0,0,-23.563806282315937,0,0,1,0.00667,0.9298275000000018,0,0.9298275000000018,55.97035858537626,0.009225987251413565,19.412841270602247,0.9999741666781625,0
..\..\..\files\weather\hourly\Spresiano.csv,10/17/2022 12:00:00 AM,21.6,11.9,0,7,100,65,0,0,6.75,9.904776,1833.4132,67.90419,88.14005,88,2.149868,0,0,0,0,0,0,0,0,22,18,22,22,3,6,0,5,0,0,0,-23.563806282315937,0,0,0.5140158513250828,0.00667,1.0127274999999898,0,0.5205579880728175,56.66065482654687,0.01146344546544497,19.508826249799885,0.9999757361449615,0
..\..\..\files\weather\hourly\Spresiano.csv,10/18/2022 12:00:00 AM,24.3,8.8,0,16,100,53,0,-1.1535478,6.5964513,9.739136,1843.1523,68.2649,88.144295,88,2.1392632,0,0,0,0,0,0,0,0,22,18,22,22,3,6,0,5,0,0,0,-23.563806282315937,0,0,0.35301413131920006,0.00667,1.0127274999999898,0,0.35750711867556156,56.66065482654687,0.012626804686059756,19.566961416445867,0.9999766399807006,0
..\..\..\files\weather\hourly\Spresiano.csv,10/19/2022 12:00:00 AM,23.2,8.3,0.2,16,100,59,0,-1.6030192,5.8469806,9.010175,1852.1625,68.59861,88.14822,88,2.1294594,0,0,0,0,0,0,0,0,22,18,22,22,3,6,0,5,0,0,0,-23.563806282315937,0,0,0.22841506569382938,0.04555995657963896,1.0127274999999898,0,0.23132221844244527,56.66065482654687,0.012032217562516991,19.627792159498025,0.9999775497002995,0
..\..\..\files\weather\hourly\Spresiano.csv,10/20/2022 12:00:00 AM,26.3,8.8,0,13,100,44,0,-1.1588569,7.591142,10.502159,1862.6647,68.98758,88.152794,88,2.1180153,0,0,0,0,0,0,0,0,22,18,22,22,3,6,0,5,0,0,0,-28.95204153605436,0,0,0.8730149674241063,0.04555995657963896,1.008951499999995,0,0.8808297609049988,56.66065482654687,0.007473914878106473,19.68169393185858,0.9999783261493514,0
..\..\..\files\weather\hourly\Spresiano.csv,10/21/2022 12:00:00 AM,21.8,10.7,0,11,100,60,0,0,6.25,9.478297,1872.143,69.33862,88.15692,88,2.1076965,0,0,0,0,0,0,0,0,22,18,22,22,3,6,0,5,0,0,0,-28.95204153605436,0,0,0.5495796938774262,0.00667,1.0127274999999898,0,0.5565744694312456,57.155680619760226,0.010156218181460307,19.747337289398708,0.9999792355614816,0
..\..\..\files\weather\hourly\Spresiano.csv,10/22/2022 12:00:00 AM,18.8,13,0,7,100,72,0,0,5.8999996,9.155027,1881.298,69.677704,88.16091,88,2.097721,0,0,0,0,0,0,0,0,22,18,22,22,3,6,0,5,0,0,0,-28.95204153605436,0,0,0.9797726449298856,0.00667,1.008951499999995,0,0.9885430797609704,57.997521769533904,0.01232633071120923,19.866049026820892,0.9999807843731432,0
..\..\..\files\weather\hourly\Spresiano.csv,10/23/2022 12:00:00 AM,18.2,11.5,5.6,19,100,91,0,0,4.8500004,8.060055,1889.358,69.97622,88.16443,88,2.0889282,0,0,1,0,0,0,0,1,22,18,23,22,3,6,0,6,0,0,0,-23.35204163142179,0,0,0.4425485754057126,1.102359529234357,1.0127274999999898,0,0.4481811123991843,59.88551771656697,0.0117445704009218,20.040577258125627,0.9999828541193978,0
..\..\..\files\weather\hourly\Spresiano.csv,10/24/2022 12:00:00 AM,21.2,11.8,0,15,100,66,0,0,6.5,9.696697,1899.0547,70.33536,88.16865,88,2.0783806,0,0,0,0,0,0,0,0,22,18,23,22,3,6,0,6,0,0,0,-23.35204163142179,0,0,1,0.9449726759164477,1.039618500000003,0,1.039618500000003,60.79943879658855,0.013564825706431674,20.142295110084163,0.9999839559712438,0
..\..\..\files\weather\hourly\Spresiano.csv,10/25/2022 12:00:00 AM,22.3,16.2,1.4,4,100,74,0,0,9.25,11.433371,1910.488,70.75881,88.17363,88,2.0659256,0,0,0,0,0,0,0,0,22,18,23,22,3,6,0,6,0,0,0,-23.35204163142179,0,0,1,0.27927583935007666,1.0127274999999898,0,1.0127274999999898,61.862804000315606,0.021713745435454904,20.39871923917052,0.9999864295719015,0
..\..\..\files\weather\hourly\Spresiano.csv,10/26/2022 12:00:00 AM,21.9,11.4,1.6,12,100,58,0,0,6.6499996,9.822777,1920.3108,71.12262,88.17791,88,2.0552254,0,0,0,0,0,0,0,0,22,18,23,22,3,6,0,6,0,0,0,-27.540276911982303,0,0,0.4246421329706381,0.318291185744522,1.0127274999999898,0,0.43004676571801753,63.033164637068225,0.009678605876887252,20.499900990586877,0.9999872972085196,0
..\..\..\files\weather\hourly\Spresiano.csv,10/27/2022 12:00:00 AM,21.4,10.7,0,15,100,65,0,0,0,0,0,0,0,0,0,0,0,0,0,0,0,0,0,0,0,0,0,0,0,0,0,0,0,0,-31.5285121448591,0,0,0.5495796938774262,0.00667,1.039618500000003,0,0.5713532169793107,63.760288625508444,0.007305432218031838,0,0.999987766190926,0
..\..\..\files\weather\hourly\Spresiano.csv,10/28/2022 12:00:00 AM,24.3,9.8,0.2,15,100,51,-0.19862032,-0.19862032,0,0,0,0,0,0,0,0,0,0,0,0,0,0,0,0,0,0,0,0,0,0,0,0,0,0,-31.5285121448591,0,0,0.2107688025214582,0.04555995657963896,1.0127274999999898,0,0.21345136245554788,64.61122987123616,0.009008791018073715,0.05869708552115535,0.00034916780742218776,0
..\..\..\files\weather\hourly\Spresiano.csv,10/29/2022 12:00:00 AM,24.2,8.8,0,12,100,49,-1.3518667,-1.1532464,0,0,0,0,0,0,0,0,0,0,0,0,0,0,0,0,0,0,0,0,0,0,0,0,0,0,-36.91674739859752,0,0,0.33513154115076277,0.04555995657963896,1.0127274999999898,0,0.3393969278407557,64.61122987123616,0.007141695906768869,0.10461600594674351,0.0004417258732630912,0
..\..\..\files\weather\hourly\Spresiano.csv,10/30/2022 12:00:00 AM,23.5,8.3,0,14,100,53,-2.9568005,-1.6049337,0,0,0,0,0,0,0,0,0,0,0,0,0,0,0,0,0,0,0,0,0,0,0,0,0,0,-36.91674739859752,0,0,0.2994302468276264,0.00667,1.0127274999999898,0,0.303241245294122,64.61122987123616,0.005617661929105107,0.14846880408036003,0.0005493629361567211,0
..\..\..\files\weather\hourly\Spresiano.csv,10/31/2022 12:00:00 AM,23.7,8.1,0.2,15,100,55,-4.741095,-1.7842946,0,0,0,0,0,0,0,0,0,0,0,0,0,0,0,0,0,0,0,0,0,0,0,0,0,0,-36.91674739859752,0,0,0.33513154115076277,0.04555995657963896,1.0127274999999898,0,0.3393969278407557,64.61122987123616,0.009225987251413565,0.19942549250591526,0.0007023517074862759,0
..\..\..\files\weather\hourly\Spresiano.csv,11/1/2022 12:00:00 AM,23.6,7.6,0,15,100,50,-6.961095,-2.2199998,0,0,0,0,0,0,0,0,0,0,0,0,0,0,0,0,0,0,0,0,0,0,0,0,0,0,-42.304982652335944,0,0,0.19317473890576095,0.00667,1.0127274999999898,0,0.19563337039518205,64.61122987123616,0.007305432218031838,0.24627511649511152,0.0008741110855946402,0
..\..\..\files\weather\hourly\Spresiano.csv,11/2/2022 12:00:00 AM,18.1,7.8,0.2,16,100,76,-8.926144,-1.9650488,0,0,0,0,0,0,0,0,0,0,0,0,0,0,0,0,0,0,0,0,0,0,0,0,0,0,-42.304982652335944,0,0,0.7840636206869015,0.04555995657963896,1.039618500000003,0,0.815127045243088,64.61122987123616,0.01146344546544497,0.35418774689617616,0.0014114545320517275,0
..\..\..\files\weather\hourly\Spresiano.csv,11/3/2022 12:00:00 AM,18.6,11.4,2.2,19,100,78,-8.926144,0,0,0,0,0,0,0,0,0,0,0,0,0,0,0,0,0,0,0,0,0,0,0,0,0,0,0,-53.60742168305009,0,0,0.6896544269173648,0.4354446882284691,1.0127274999999898,0,0.6984320036359485,65.84714670789695,0.012626804686059756,0.49207415659565734,0.0024836787894590307,0
..\..\..\files\weather\hourly\Spresiano.csv,11/4/2022 12:00:00 AM,18.2,11.1,2.8,13,100,74,-8.926144,0,0,0,0,0,0,0,0,0,0,1,0,0,0,0,0,0,0,1,0,0,0,0,0,0,0,0,-62.90986066906076,0,0,0.8416166261711313,1.1417510130262603,1.0127274999999898,0.002,1.0289501640699477,67.26299866679925,0.009678605876887252,0.5878616270875118,0.003573049692003484,0
..\..\..\files\weather\hourly\Spresiano.csv,11/5/2022 12:00:00 AM,16.7,8.7,19.6,12,100,62,-10.12052,-1.1943755,0,0,0,0,0,0,0,1,0,1,0,0,0,1,0,1,0,1,0,0,0,1,0,0,0,0,-56.512322895196334,0,0,0,3,0.5048235000000005,0,0,67.26299866679925,0.007141695906768869,0.6739402456109275,0.004861686578382038,0
..\..\..\files\weather\hourly\Spresiano.csv,11/6/2022 12:00:00 AM,18.8,4.7,0,0,98,35,-14.424421,-4.303901,0,0,0,0,0,0,0,1,0,0,0,0,0,0,0,1,0,0,0,0,0,0,0,0,0,-32.605651962092274,-56.512322895196334,0,0,0,0.12339360574051833,1.008951499999995,0,0,67.26299866679925,0.002158636467054675,0.698275543819688,0.0052875633255971685,0
..\..\..\files\weather\hourly\Spresiano.csv,11/7/2022 12:00:00 AM,17.1,3,0,0,100,39,-19.686832,-5.2624116,0,0,0,0,0,0,0,0,0,0,0,0,0,0,0,0,0,0,0,0,0,0,0,0,0,-32.605651962092274,-56.512322895196334,0,0,0,0.00667,1.008951499999995,0,0,67.26299866679925,0.002128057831466768,0.7208083214701596,0.005708343881663651,0
..\..\..\files\weather\hourly\Spresiano.csv,11/8/2022 12:00:00 AM,17.2,2.9,0,2,100,43,-25.024244,-5.3374124,0,0,0,0,0,0,0,0,0,0,0,0,0,0,0,0,0,0,0,0,0,0,0,0,0,-32.605651962092274,-56.512322895196334,0,0,0,0.00667,1.0127274999999898,0,0,67.26299866679925,0.002254280029667379,0.7423955190684848,0.006136397588507632,0
..\..\..\files\weather\hourly\Spresiano.csv,11/9/2022 12:00:00 AM,16.2,2,0,12,100,51,-30.770723,-5.746479,0,0,0,0,0,0,0,0,0,0,0,0,0,0,0,0,0,0,0,0,0,0,0,0,0,-32.605651962092274,-56.512322895196334,0,0,0,0.00667,1.0127274999999898,0,0,67.26299866679925,0.002837556798434005,0.7658934025437697,0.006631273261002017,0
..\..\..\files\weather\hourly\Spresiano.csv,11/10/2022 12:00:00 AM,15.7,4.9,0.2,8,100,59,-34.666557,-3.8958335,0,0,0,0,0,0,0,0,0,0,0,0,0,0,0,0,0,0,0,0,0,0,0,0,0,-32.605651962092274,-56.512322895196334,0,0,0.4604444841547959,0.12339360574051833,1.0690024999999963,0.002,0.4922163046726855,67.26299866679925,0.004165788379616633,0.8101374753164008,0.007649508263286963,0
..\..\..\files\weather\hourly\Spresiano.csv,11/11/2022 12:00:00 AM,16.1,8.3,10.4,17,100,80,-36.1813,-1.514744,0,0,0,0,0,0,0,1,0,1,0,0,0,0,0,1,0,1,0,0,0,0,0,0,0,-32.605651962092274,-67.81476192591049,0,0,0,2.2519850511350312,1.0127274999999898,0,0,67.26299866679925,0.007141695906768869,0.8940072186592581,0.009917989929529109,0
..\..\..\files\weather\hourly\Spresiano.csv,11/12/2022 12:00:00 AM,16.1,4.5,0,16,100,61,-40.377422,-4.1961207,0,0,0,0,0,0,0,1,0,0,0,0,0,0,0,1,0,0,0,0,0,0,0,0,0,-32.605651962092274,-68.9172013410746,0,0,0,1.062985925173157,1.0127274999999898,0,0,67.26299866679925,0.004585944264267788,0.9298205981735379,0.011034074962803045,0
..\..\..\files\weather\hourly\Spresiano.csv,11/13/2022 12:00:00 AM,15.7,3.4,0,9,100,68,-45.20669,-4.8292685,0,0,0,0,0,0,0,0,0,0,0,0,0,0,0,0,0,0,0,0,0,0,0,0,0,-32.605651962092274,-68.9172013410746,0,0,0.03787350771198362,0.00667,0.5952024999999992,0,0.0225424064739419,67.26299866679925,0.005501201530539894,0.9759915945033807,0.012614384720444367,0
..\..\..\files\weather\hourly\Spresiano.csv,11/14/2022 12:00:00 AM,15.7,4,0.2,2,98,53,-49.668232,-4.461539,0,0,0,0,0,0,0,0,0,0,0,0,0,0,0,0,0,0,0,0,0,0,0,0,0,-32.605651962092274,-68.9172013410746,0,0,0.22841506569382938,0.04555995657963896,0.8785384999999977,0,0.2006714291920578,67.26299866679925,0.0031323391049276825,1.0047293361215412,0.013682719523961486,0
..\..\..\files\weather\hourly\Spresiano.csv,11/15/2022 12:00:00 AM,14.3,5.9,0.6,7,100,73,-52.767635,-3.0994048,0,0,0,0,0,0,0,0,0,0,0,0,0,0,0,0,0,0,0,0,0,0,0,0,0,-32.605651962092274,-80.21964037178876,0,0,0,0.16233729832175875,1.0127274999999898,0,0,67.26299866679925,0.004866371005505038,1.075569559145281,0.016612187687604807,0
..\..\..\files\weather\hourly\Spresiano.csv,11/16/2022 12:00:00 AM,13.4,3.1,0.4,18,100,71,-57.356472,-4.5888352,0,0,0,0,0,0,0,0,0,0,0,0,0,0,0,0,0,0,0,0,0,0,0,0,0,-65.21130392418455,-91.12207938164129,0,0,0.17563692799999997,0.08446782515981173,1.0127274999999898,0,0.17787234700111818,67.26299866679925,0.00408819456442347,1.1291315473346393,0.01912463825103665,0
..\..\..\files\weather\hourly\Spresiano.csv,11/17/2022 12:00:00 AM,14.1,6.3,2.4,15,100,82,-60.17891,-2.8224363,0,0,0,0,0,0,0,0,0,0,0,0,0,0,0,0,0,0,0,0,0,0,0,0,0,-65.21130392418455,-102.22451840937521,0,0,0,0.5527593870790668,1.0127274999999898,0,0,67.26299866679925,0.004676907099441197,1.195123130923492,0.022598043670385884,0
..\..\..\files\weather\hourly\Spresiano.csv,11/18/2022 12:00:00 AM,14.7,4.9,0.8,14,100,77,-63.95187,-3.7729592,0,0,0,0,0,0,0,0,0,0,0,0,0,0,0,0,0,0,0,0,0,0,0,0,0,-65.21130392418455,-111.32695734770216,0,0,0.22841506569382938,0.31829118865205863,1.0127274999999898,0,0.23132221844244527,67.26299866679925,0.005277799303392242,1.2565255702911984,0.02622769518657144,0
..\..\..\files\weather\hourly\Spresiano.csv,11/19/2022 12:00:00 AM,15.7,6,3.8000002,15,100,64,-67.12713,-3.1752582,0,0,0,0,0,0,0,0,0,0,0,0,0,0,0,0,0,0,0,0,0,0,0,0,0,-65.21130392418455,-122.02939636947562,0,0,0,0.9056707403943071,1.039618500000003,0,0,67.26299866679925,0.00408819456442347,1.30316238239981,0.029254258094626204,0
..\..\..\files\weather\hourly\Spresiano.csv,11/20/2022 12:00:00 AM,13.9,3.5,0,10,100,61,-71.59588,-4.46875,0,0,0,0,0,0,0,0,0,0,0,0,0,0,0,0,0,0,0,0,0,0,0,0,0,-65.21130392418455,-129.73183521243513,0,0,0,0.00667,0.06512749999999556,0,0,67.26299866679925,0.0038671226057638334,1.347932808364416,0.032387771025047356,0
..\..\..\files\weather\hourly\Spresiano.csv,11/21/2022 12:00:00 AM,13.4,4.7,0,0,97,58,-75.28151,-3.6856318,0,0,0,0,0,0,0,0,0,0,0,0,0,0,0,0,0,0,0,0,0,0,0,0,0,-65.21130392418455,-129.73183521243513,0,0,0,0.00667,0.8194314999999932,0,0,67.26299866679925,0.002662572989179135,1.3777847893034247,0.03460489402593744,0
..\..\..\files\weather\hourly\Spresiano.csv,11/22/2022 12:00:00 AM,11.1,2.8,1.6,5,100,62,-79.35862,-4.077109,0,0,0,0,0,0,0,0,0,0,0,0,0,0,0,0,0,0,0,0,0,0,0,0,0,-65.21130392418455,-129.73183521243513,0,0,0,0.7878724292355119,1.036786499999998,0.002,0,67.26299866679925,0.0023916039246058424,1.4080349900844007,0.036958246084163426,1
..\..\..\files\weather\hourly\Spresiano.csv,11/23/2022 12:00:00 AM,9.8,7,44.2,23,100,80,-80.75862,-1.3999996,0,0,0,0,0,0,0,0,0,0,0,0,0,0,0,0,0,0,0,0,0,0,0,0,0,-65.21130392418455,-139.63427422228764,0,0,0,3,1.036786499999998,0,0,67.26299866679925,0.002254280029667379,1.4520195625549157,0.04057553682229809,1
..\..\..\files\weather\hourly\Spresiano.csv,11/24/2022 12:00:00 AM,12.9,2.8,0,5,100,60,-85.39229,-4.6336637,0,0,0,0,0,0,0,0,0,0,0,0,0,0,0,0,0,0,0,0,0,0,0,0,0,-65.21130392418455,-149.13429774851483,0,0,0,3,1.0127274999999898,0,0,67.26299866679925,0.0028838639371310936,1.4825299039919482,0.043223286693805846,0
..\..\..\files\weather\hourly\Spresiano.csv,11/25/2022 12:00:00 AM,13.6,1.8,0,15,100,58,-90.74313,-5.3508477,0,0,0,0,0,0,0,0,0,0,0,0,0,0,0,0,0,0,0,0,0,0,0,0,0,-65.21130392418455,-149.13429774851483,0,0,0,0.00667,1.0127274999999898,0,0,67.26299866679925,0.0025808319439604615,1.5055896932278086,0.045300949877716046,0
..\..\..\files\weather\hourly\Spresiano.csv,11/26/2022 12:00:00 AM,12.8,2.3,0,10,100,67,-95.6198,-4.8766665,0,0,0,0,0,0,0,0,0,0,0,0,0,0,0,0,0,0,0,0,0,0,0,0,0,-67.62310538450414,-149.13429774851483,0,0,0,0.00667,1.036786499999998,0,0,67.26299866679925,0.003353566358764844,1.5430245860223408,0.04881580669876181,0
..\..\..\files\weather\hourly\Spresiano.csv,11/27/2022 12:00:00 AM,14.7,2.6,0,0,97,44,-100.75699,-5.13719,0,0,0,0,0,0,0,0,0,0,0,0,0,0,0,0,0,0,0,0,0,0,0,0,0,-67.62310538450414,-149.13429774851483,0,0,0,0.00667,1.036786499999998,0,0,67.26299866679925,0.0018294894930725907,1.5631310276408117,0.05077693492356883,0
..\..\..\files\weather\hourly\Spresiano.csv,11/28/2022 12:00:00 AM,12.6,0.8,0,0,98,43,-100.47055,-5.6135592,0.28644076,0,0,0,0,0,0,0,0,0,0,0,0,0,0,0,0,0,0,0,0,0,0,0,0,-67.62310538450414,-149.13429774851483,0,0,0,0.00667,1.0586914999999948,0,0,67.26299866679925,0.0017136213492102324,1.5797010708334827,0.05243194670457299,0
..\..\..\files\weather\hourly\Spresiano.csv,11/29/2022 12:00:00 AM,8.2,0.3,0,0,98,62,-100.47055,-3.95,0,0,0,0,0,0,0,0,0,0,0,0,0,0,0,0,0,0,0,0,0,0,0,0,0,-67.62310538450414,-149.13429774851483,0,0,0,0.00667,0.8785384999999977,0,0,67.26299866679925,0.0018054212389029313,1.6095988701152115,0.055507441409369127,0
..\..\..\files\weather\hourly\Spresiano.csv,11/30/2022 12:00:00 AM,8.2,0.6,0,0,100,71,-100.47055,-3.8000002,0,0,0,0,0,0,0,0,0,0,0,0,0,0,0,0,0,0,0,0,0,0,0,0,0,-67.62310538450414,-149.13429774851483,0,0,0,0.00667,0.8785384999999977,0,0,67.26299866679925,0.0018054212389029313,1.6412825477091928,0.05889290579333979,0
..\..\..\files\weather\hourly\Spresiano.csv,12/1/2022 12:00:00 AM,9.8,0.1,0,0,96,50,-100.47055,-4.8500004,0,0,0,0,0,0,0,0,0,0,0,0,0,0,0,0,0,0,0,0,0,0,0,0,0,-67.62310538450414,-149.13429774851483,0,0,0,0.00667,0.9298275000000018,0,0,67.26299866679925,0.0017136213492102324,1.6618386756376982,0.06115927133826076,0
..\..\..\files\weather\hourly\Spresiano.csv,12/2/2022 12:00:00 AM,11,2.7,1.8000001,3,100,54,-100.41031,-4.089759,0.06024096,0,0,0,0,0,0,0,0,0,0,0,0,0,0,0,0,0,0,0,0,0,0,0,0,-67.62310538450414,-149.13429774851483,0,0,0,0.5919001175012707,1.0127274999999898,0.002,0,67.26299866679925,0.0020981025276414237,1.689002993959441,0.06423897516011706,1
..\..\..\files\weather\hourly\Spresiano.csv,12/3/2022 12:00:00 AM,7.9,4.2,2.2,13,100,76,-100.41031,-1.8500004,0,0,0,0,0,0,0,0,0,0,0,0,0,0,0,0,0,0,0,0,0,0,0,0,0,-67.62310538450414,-159.68692949686488,0,0,0,1.2600329804506156,1.0127274999999898,0,0,67.26299866679925,0.001735922182274986,1.7240079046859615,0.06835040435979252,1
..\..\..\files\weather\hourly\Spresiano.csv,12/4/2022 12:00:00 AM,9.6,4.5,8.4,16,100,86,-100.41031,-2.5500002,0,0,0,0,0,0,0,0,0,0,0,0,0,0,0,0,0,0,0,0,0,0,0,0,0,-67.62310538450414,-169.8395612690568,0,0,0.1061359477139448,1.9731100059271751,1.0699464999999933,0,0.11355978578071753,67.26299866679925,0.002189854849221603,1.7632966825095469,0.07315705917753501,1
..\..\..\files\weather\hourly\Spresiano.csv,12/5/2022 12:00:00 AM,10.1,6.1,23.4,16,100,88,-100.40906,-1.9987504,0.0012500094,0,0,0,0,0,0,0,0,0,0,0,0,0,0,0,0,0,0,0,0,0,0,0,0,-67.62310538450414,-164.57266549840003,0,0,0,3,1.0127274999999898,0,0,67.26299866679925,0.002356165342541492,1.8106491946446226,0.07922046509184076,1
..\..\..\files\weather\hourly\Spresiano.csv,12/6/2022 12:00:00 AM,11.5,5.8,12,18,100,91,-100.21169,-2.652631,0.19736843,0,0,0,0,0,0,0,0,0,0,0,0,0,0,0,0,0,0,0,0,0,0,0,0,-70.05379013568599,-164.57266549840003,0,0,0,3,1.0127274999999898,0,0,67.26299866679925,0.002931256752882745,1.8588653148901155,0.08569737451622529,1
..\..\..\files\weather\hourly\Spresiano.csv,12/7/2022 12:00:00 AM,10.2,1.2,0,18,100,80,-100.20947,-4.497778,0.002222218,0,0,0,0,0,0,0,0,0,0,0,0,0,0,0,0,0,0,0,0,0,0,0,0,-70.05379013568599,-164.92529731827565,0,0,0,0.9842925117208957,1.0127274999999898,0,0,67.26299866679925,0.0023916039246058424,1.8896108445484308,0.08998632798236846,0
..\..\..\files\weather\hourly\Spresiano.csv,12/8/2022 12:00:00 AM,11,-0.4,0,9,100,50,-100.16561,-5.3508773,0.04385965,0,0,0,0,0,0,0,0,0,0,0,0,0,0,0,0,0,0,0,0,0,0,0,0,-70.05379013568599,-164.92529731827565,0,0,0,0.00667,1.0568034999999938,0,0,67.26299866679925,0.0019571216156802533,1.9080836009730184,0.09262243880179137,0
..\..\..\files\weather\hourly\Spresiano.csv,12/9/2022 12:00:00 AM,10.2,1.1,0.2,1,95,53,-100.163414,-4.5478024,0.002197798,0,0,0,0,0,0,0,0,0,0,0,0,0,0,0,0,0,0,0,0,0,0,0,0,-70.05379013568599,-164.92529731827565,0,0,0,0.12339360574051833,1.036786499999998,0.002,0,67.26299866679925,0.001781811520614019,1.9293270327335896,0.09570859138142954,1
..\..\..\files\weather\hourly\Spresiano.csv,12/10/2022 12:00:00 AM,6.7,3.7,23.8,24,100,98,-100.163414,-1.4999998,0,0,0,0,0,0,0,0,0,0,0,0,0,0,0,0,0,0,0,0,0,0,0,0,0,-70.05379013568599,-168.2584007816992,0,0,0,3,1.0127274999999898,0,0,67.26299866679925,0.001493673844397198,1.9605368263630962,0.10034805103899855,1
..\..\..\files\weather\hourly\Spresiano.csv,12/11/2022 12:00:00 AM,10.3,5,2,20,100,92,-100.15492,-2.6415095,0.008490576,0,0,0,0,0,0,0,0,0,0,0,0,0,0,0,0,0,0,0,0,0,0,0,0,-70.05379013568599,-168.2584007816992,0,0,0,3,1.0127274999999898,0,0,67.26299866679925,0.002427815626456659,2.001010237024729,0.10654977291687685,1
..\..\..\files\weather\hourly\Spresiano.csv,12/12/2022 12:00:00 AM,6.5,1.1,11.8,18,100,90,-100.15492,-2.6999998,0,0,0,0,0,0,0,0,0,0,0,0,0,0,0,0,0,0,0,0,0,0,0,0,0,-70.05379013568599,-178.61103260157483,0,0,0,2.7320985363248194,1.039618500000003,0,0,67.26299866679925,0.0014581582935815083,2.028838465491534,0.11093385143672536,1
..\..\..\files\weather\hourly\Spresiano.csv,12/13/2022 12:00:00 AM,4.8,-3.1,0,0,100,53,-100.15492,-1.4582279,0,0,0,0,0,0,0,0,0,0,0,0,0,0,0,0,0,0,0,0,0,0,0,0,0,-70.05379013568599,-179.1636642307156,0,0,0,1.4970804834539821,1.0568034999999938,0,0,67.26299866679925,0.0012006505509188894,2.0396862117042254,0.11266902938707173,0
..\..\..\files\weather\hourly\Spresiano.csv,12/14/2022 12:00:00 AM,3.7,-3,0,0,92,55,-100.15492,-1.0216419,0,0,0,0,0,0,0,0,0,0,0,0,0,0,0,0,0,0,0,0,0,0,0,0,0,-70.05379013568599,-179.1636642307156,0,0,0,0.00667,0.3006114999999987,0,0,67.26299866679925,0.0010682146271523754,2.0545737318066544,0.11507416217790808,0
..\..\..\files\weather\hourly\Spresiano.csv,12/15/2022 12:00:00 AM,5.4,1.6,0,0,88,59,-100.15492,-1.9,0,0,0,0,0,0,0,0,0,0,0,0,0,0,0,0,0,0,0,0,0,0,0,0,0,-70.05379013568599,-179.1636642307156,0,0,0,0.00667,0.8194314999999932,0,0,67.26299866679925,0.0012833074629881942,2.078734502632717,0.11903550083519243,0
..\..\..\files\weather\hourly\Spresiano.csv,12/16/2022 12:00:00 AM,7,-1.4,23.8,9,100,70,-100.15492,-2.9166667,0,0,0,0,0,0,0,0,0,0,0,0,0,0,0,0,0,0,0,0,0,0,0,0,0,-70.85886987524508,-170.34413587724376,0,0,0,3,1.0127274999999898,0.002,0,67.26299866679925,0.0015493681366864965,2.1012086453987653,0.12278419498760067,1
..\..\..\files\weather\hourly\Spresiano.csv,12/17/2022 12:00:00 AM,7.8,6.5,3,24,100,99,-100.15492,-0.6500001,0,0,0,0,0,0,0,0,0,0,0,0,0,0,0,0,0,0,0,0,0,0,0,0,0,-70.85886987524508,-170.34413587724376,0,0,0,3,1.0127274999999898,0,0,67.26299866679925,0.0017136213492102324,2.1391693239413923,0.12925386929496682,1
..\..\..\files\weather\hourly\Spresiano.csv,12/18/2022 12:00:00 AM,9.7,4.1,0.4,9,100,68,-100.15492,-2.7999997,0,0,0,0,0,0,0,0,0,0,0,0,0,0,0,0,0,0,0,0,0,0,0,0,0,-70.85886987524508,-179.69676769711938,0,0,0,0.5919001145843923,0,0,0,67.26299866679925,0.0022217299044216834,2.177087592207464,0.13588597092211893,1
..\..\..\files\weather\hourly\Spresiano.csv,12/19/2022 12:00:00 AM,8.5,-1.6,0,0,99,54,-100.15492,-3.5767326,0,0,0,0,0,0,0,0,0,0,0,0,0,0,0,0,0,0,0,0,0,0,0,0,0,-70.85886987524508,-191.64939951103455,0,0,0,0.08446782515981173,1.0586914999999948,0,0,67.26299866679925,0.0016702558703905386,2.199377694363159,0.1398621707557747,0
..\..\..\files\weather\hourly\Spresiano.csv,12/20/2022 12:00:00 AM,5.8,-0.9,0,0,99,57,-100.15492,-2.510448,0,0,0,0,0,0,0,0,0,0,0,0,0,0,0,0,0,0,0,0,0,0,0,0,0,-70.85886987524508,-191.64939951103455,0,0,0,0.00667,1.039618500000003,0,0,67.26299866679925,0.001343141548112525,2.212959825519809,0.14231270061922463,0
..\..\..\files\weather\hourly\Spresiano.csv,12/21/2022 12:00:00 AM,6.9,-2.5,0,2,100,63,-100.15492,-2.5324469,0,0,0,0,0,0,0,0,0,0,0,0,0,0,0,0,0,0,0,0,0,0,0,0,0,-70.85886987524508,-191.64939951103455,0,0,0,0.00667,1.0127274999999898,0,0,67.26299866679925,0.0015304705786659098,2.2269281138057475,0.14485452117438985,0
..\..\..\files\weather\hourly\Spresiano.csv,12/22/2022 12:00:00 AM,5.9,-0.6,0,0,100,79,-100.15492,-2.6776924,0,0,0,0,0,0,0,0,0,0,0,0,0,0,0,0,0,0,0,0,0,0,0,0,0,-70.85886987524508,-191.64939951103455,0,0,0,0.00667,1.0699464999999933,0,0,67.26299866679925,0.0013587397228341672,2.248840718940964,0.14888561214594062,0
..\..\..\files\weather\hourly\Spresiano.csv,12/23/2022 12:00:00 AM,7.9,1.5,0,0,98,74,-100.15492,-3.1999998,0,0,0,0,0,0,0,0,0,0,0,0,0,0,0,0,0,0,0,0,0,0,0,0,0,-70.85886987524508,-191.64939951103455,0,0,0,0.00667,1.0733834999999985,0,0,67.26299866679925,0.001735922182274986,2.278008658075213,0.15433273084340438,0
..\..\..\files\weather\hourly\Spresiano.csv,12/24/2022 12:00:00 AM,10.7,3.3,0,2,100,66,-100.12181,-3.666892,0.033108093,0,0,0,0,0,0,0,0,0,0,0,0,0,0,0,0,0,0,0,0,0,0,0,0,-70.85886987524508,-191.64939951103455,0,0,0,0.00667,1.0127274999999898,0,0,67.26299866679925,0.0025808319439604615,2.316935455015402,0.1617434905587645,0
..\..\..\files\weather\hourly\Spresiano.csv,12/25/2022 12:00:00 AM,11.7,4.9,0,6,100,61,-99.90931,-3.1875002,0.21249996,0,0,0,0,0,0,0,0,0,0,0,0,0,0,0,0,0,0,0,0,0,0,0,0,-70.85886987524508,-191.64939951103455,0,0,0,0.00667,1.036786499999998,0,0,67.26299866679925,0.0025413064399147393,2.3493794083099955,0.16803982469446524,0
..\..\..\files\weather\hourly\Spresiano.csv,12/26/2022 12:00:00 AM,12.2,5.8,0,0,100,66,-99.53118,-2.8218749,0.37812495,0,0,0,0,0,0,0,0,0,0,0,0,0,0,0,0,0,0,0,0,0,0,0,0,-74.51248040491802,-191.64939951103455,0,0,0,0.00667,1.0586914999999948,0,0,67.26299866679925,0.0029797669511059106,2.389253607888678,0.17592214539907397,0
..\..\..\files\weather\hourly\Spresiano.csv,12/27/2022 12:00:00 AM,10.1,6,0,0,100,87,-99.52996,-2.0487807,0.0012195214,0,0,0,0,0,0,0,0,0,0,0,0,0,0,0,0,0,0,0,0,0,0,0,0,-74.51248040491802,-191.64939951103455,0,0,0,0.00667,1.0127274999999898,0,0,67.26299866679925,0.002356165342541492,2.4309302454955204,0.18432406507963717,0
..\..\..\files\weather\hourly\Spresiano.csv,12/28/2022 12:00:00 AM,12.4,3.4,0,5,100,70,-99.20996,-4.18,0.3199999,0,0,0,0,0,0,0,0,0,0,0,0,0,0,0,0,0,0,0,0,0,0,0,0,-74.51248040491802,-191.64939951103455,0,0,0,0.00667,1.0127274999999898,0,0,67.26299866679925,0.003412313892100632,2.476965240335001,0.19378972174923226,0
..\..\..\files\weather\hourly\Spresiano.csv,12/29/2022 12:00:00 AM,12.3,3.5,0,2,100,53,-98.90939,-4.099432,0.30056822,0,0,0,0,0,0,0,0,0,0,0,0,0,0,0,0,0,0,0,0,0,0,0,0,-74.51248040491802,-191.64939951103455,0,0,0,0.00667,1.0699464999999933,0,0,67.26299866679925,0.002189854849221603,2.5024904783099378,0.19911824083004284,0
..\..\..\files\weather\hourly\Spresiano.csv,12/30/2022 12:00:00 AM,9.4,3.2,1,6,100,78,-98.90939,-3.0999997,0,0,0,0,0,0,0,0,0,0,0,0,0,0,0,0,0,0,0,0,0,0,0,0,0,-74.51248040491802,-191.64939951103455,0,0,0,0.201298902903533,1.0127274999999898,0,0,67.26299866679925,0.002128057831466768,2.539502302198668,0.20694148984307592,1
..\..\..\files\weather\hourly\Spresiano.csv,12/31/2022 12:00:00 AM,10.6,4.8,0.2,9,100,84,-98.87836,-2.8689656,0.031034522,0,0,0,0,0,0,0,0,0,0,0,0,0,0,0,0,0,0,0,0,0,0,0,0,-74.51248040491802,-203.00203133091017,0,0,0,0.24027841948584105,1.0127274999999898,0,0,67.26299866679925,0.0025413064399147393,2.581678453023028,0.2159895450351277,1
..\..\..\files\weather\hourly\Spresiano.csv,1/1/2023 12:00:00 AM,10.8,2.5,0,10,100,85,-98.839806,-4.111446,0.038554233,0,0,0,0,0,0,0,0,0,0,0,0,0,0,0,0,0,0,0,0,0,0,0,0,-74.51248040491802,-215.15466314780556,0,0,0,0.00667,1.0127274999999898,0,0,0,0.0016081534430649892,0,0.00025583464398314543,0
..\..\..\files\weather\hourly\Spresiano.csv,1/2/2023 12:00:00 AM,10.5,7.2,0,2,100,88,-98.801926,-1.6121218,0.037878785,0,0,0,0,0,0,0,0,0,0,0,0,0,0,0,0,0,0,0,0,0,0,0,0,-74.51248040491802,-215.15466314780556,0,0,0,0.00667,1.0127274999999898,0,0,0,0.0025026440434318857,0.04797481540734917,0.0003301754846354759,0
..\..\..\files\weather\hourly\Spresiano.csv,1/3/2023 12:00:00 AM,9.9,8.1,0.4,16,100,99,-98.801926,-0.8999996,0,0,0,0,0,0,0,0,0,0,0,0,0,0,0,0,0,0,0,0,0,0,0,0,0,-74.51248040491802,-215.15466314780556,0,0,0,0.08446782515981173,1.0127274999999898,0,0,0,0.0022875229687335298,0.096516432538458,0.00042399620825894996,0
..\..\..\files\weather\hourly\Spresiano.csv,1/4/2023 12:00:00 AM,11.7,7,0,10,100,86,-98.49448,-2.0425537,0.30744675,0,0,0,0,0,0,0,0,0,0,0,0,0,0,0,0,0,0,0,0,0,0,0,0,-74.51248040491802,-225.37132981645905,0,0,0,0.08446782515981173,1.0127274999999898,0,0,0,0.0030294273014249205,0.15098910837428892,0.000556186377641843,0
..\..\..\files\weather\hourly\Spresiano.csv,1/5/2023 12:00:00 AM,14,2.8,0,15,100,65,-97.78019,-4.8857136,0.71428573,0,0,0,0,0,0,0,0,0,0,0,0,0,0,0,0,0,0,0,0,0,0,0,1.4903348888547567,-73.02214551606326,-225.37132981645905,0,0,0,0.00667,1.0127274999999898,0,0,0,0.002837556798434005,0.18124176034621914,0.0006440024475074538,0
..\..\..\files\weather\hourly\Spresiano.csv,1/6/2023 12:00:00 AM,10.1,2.5,0,11,100,90,-97.77953,-3.7993424,0.0006578997,0,0,0,0,0,0,0,0,0,0,0,0,0,0,0,0,0,0,0,0,0,0,0,0,-73.02214551606326,-225.37132981645905,0,0,0,0.00667,1.0127274999999898,0,0,0,0.002356165342541492,0.21916698420565608,0.0007708065859068197,0
..\..\..\files\weather\hourly\Spresiano.csv,1/7/2023 12:00:00 AM,11.4,6,0,0,100,71,-97.59805,-2.5185184,0.18148139,0,0,0,0,0,0,0,0,0,0,0,0,0,0,0,0,0,0,0,0,0,0,0,0,-73.02214551606326,-225.37132981645905,0,0,0,0.00667,0.7525065000000026,0,0,0,0.0028838639371310936,0.26711989060048275,0.0009614237967026167,0
..\..\..\files\weather\hourly\Spresiano.csv,1/8/2023 12:00:00 AM,10,4,0,0,98,71,-97.59805,-3,0,0,0,0,0,0,0,0,0,0,0,0,0,0,0,0,0,0,0,0,0,0,0,0,0,-73.02214551606326,-225.37132981645905,0,0,0,0.00667,1.0568034999999938,0,0,0,0.0023214783173925164,0.3079810465844655,0.0011543917909088753,0
..\..\..\files\weather\hourly\Spresiano.csv,1/9/2023 12:00:00 AM,8.6,5.5,23.800001,13,100,92,-97.59805,-1.5500002,0,0,0,0,0,0,0,0,0,0,0,0,0,0,0,0,0,0,0,0,0,0,0,0,0,-73.02214551606326,-215.8156124625016,0,0,0,3,1.0127274999999898,0.002,0,0,0.0019045611135793108,0.3445228956685156,0.001354007699809878,0
..\..\..\files\weather\hourly\Spresiano.csv,1/10/2023 12:00:00 AM,10.9,6.8,22.6,16,100,82,-97.499275,-1.9512198,0.098780416,0,0,0,0,0,0,0,0,0,0,0,0,0,0,0,0,0,0,0,0,0,0,0,0,-73.02214551606326,-205.0598943456047,0,0,0,3,1.0568034999999938,0,0,0,0.002662572989179135,0.3927458239758934,0.0016616434334909098,0
..\..\..\files\weather\hourly\Spresiano.csv,1/11/2023 12:00:00 AM,13.2,0.3,0,5,99,60,-97.10238,-6.0531006,0.3968992,0,0,0,0,0,0,0,0,0,0,0,0,0,0,0,0,0,0,0,0,0,0,0,0,-73.02214551606326,-205.0598943456047,0,0,0,1.8141469084246475,0.5048235000000005,0,0,0,0.0026212459086974314,0.4209990366963323,0.0018678713521328206,0
..\..\..\files\weather\hourly\Spresiano.csv,1/12/2023 12:00:00 AM,10.4,-0.8,0.4,1,86,44,-97.09524,-4.835714,0.0071428437,0,0,0,0,0,0,0,0,0,0,0,0,0,0,0,0,0,0,0,0,0,0,0,0,-73.02214551606326,-205.0598943456047,0,0,0,0.24027841948584105,0.406626499999998,0.002,0,0,0.001691735827573539,0.4389642389688524,0.0020098817915224216,0
..\..\..\files\weather\hourly\Spresiano.csv,1/13/2023 12:00:00 AM,10.5,2.2,0,1,100,71,-97.08018,-4.134939,0.01506024,0,0,0,0,0,0,0,0,0,0,0,0,0,0,0,0,0,0,0,0,0,0,0,0,-73.02214551606326,-215.2765610142582,0,0,0,0.3963756058204115,1.0586914999999948,0,0,0,0.0025026440434318857,0.4739661293818716,0.0023126547184929916,0
..\..\..\files\weather\hourly\Spresiano.csv,1/14/2023 12:00:00 AM,8.7,1.6,0,0,100,71,-97.08018,-3.5500002,0,0,0,0,0,0,0,0,0,0,0,0,0,0,0,0,0,0,0,0,0,0,0,0,0,-73.02214551606326,-215.2765610142582,0,0,0,0.00667,1.0568034999999938,0,0,0,0.0019305813994650632,0.5036632459330134,0.0025985680673193566,0
..\..\..\files\weather\hourly\Spresiano.csv,1/15/2023 12:00:00 AM,12.6,0.2,0,0,100,56,-96.807594,-5.9274197,0.2725807,0,0,0,0,0,0,0,0,0,0,0,0,0,0,0,0,0,0,0,0,0,0,0,0,-73.2256045935289,-215.2765610142582,0,0,0,0.00667,1.0586914999999948,0,0,0,0.0025026440434318857,0.5254962431048795,0.002827031187193279,0
..\..\..\files\weather\hourly\Spresiano.csv,1/16/2023 12:00:00 AM,7.3,2.6,8.2,12,100,83,-96.807594,-2.35,0,0,0,0,0,0,0,0,0,0,0,0,0,0,0,0,0,0,0,0,0,0,0,0,0,-73.2256045935289,-215.2765610142582,0,0,0,1.8538608495775935,1.039618500000003,0.002,0,0,0.0016081534430649892,0.5567926750003636,0.0031833767292910793,0
..\..\..\files\weather\hourly\Spresiano.csv,1/17/2023 12:00:00 AM,7.1,2.7,3.2,21,100,78,-96.807594,-2.2,0,0,0,0,0,0,0,0,0,0,0,0,0,0,0,0,0,0,0,0,0,0,0,0,0,-73.2256045935289,-217.693227879607,0,0,0,2.7320985841479244,1.0127274999999898,0,0,0,0.0015686089880832515,0.5880827185202296,0.0035759571413982063,0
..\..\..\files\weather\hourly\Spresiano.csv,1/18/2023 12:00:00 AM,5.8,1.9,5,20,100,86,-96.807594,-1.9500002,0,0,0,0,0,0,0,0,0,0,0,0,0,0,0,0,0,0,0,0,0,0,0,0,0,-73.2256045935289,-225.10989450653724,0,0,0,1.5762396147512108,1.0699464999999933,0,0,0,0.001343141548112525,0.615584201624003,0.003953096896919637,0
..\..\..\files\weather\hourly\Spresiano.csv,1/19/2023 12:00:00 AM,5.6,2.5,0,12,100,95,-96.807594,-1.5500002,0,0,0,0,0,0,0,0,0,0,0,0,0,0,0,0,0,0,0,0,0,0,0,0,0,-73.2256045935289,-230.7265611811512,0,0,0,0.9842925029302239,1.0127274999999898,0,0,0,0.0013127238760483064,0.6417606778687005,0.004341746989304462,0
..\..\..\files\weather\hourly\Spresiano.csv,1/20/2023 12:00:00 AM,6.3,2,5.6,9,100,63,-96.807594,-2.15,0,0,0,0,0,0,0,0,0,0,0,0,0,0,0,0,0,0,0,0,0,0,0,0,0,-73.2256045935289,-230.7265611811512,0,0,0,1.102359467615578,0,0,0,0,0.0014238664690002117,0.668152584226869,0.004764616946299354,0
..\..\..\files\weather\hourly\Spresiano.csv,1/21/2023 12:00:00 AM,7,-1.5,0,0,92,56,-96.807594,-2.8823528,0,0,0,0,0,0,0,0,0,0,0,0,0,0,0,0,0,0,0,0,0,0,0,0,0,-73.2256045935289,-235.74322795113258,0,0,0,1.102359467615578,1.008951499999995,0,0,0,0.0015493681366864965,0.6948128903885971,0.005225186324180685,0
..\..\..\files\weather\hourly\Spresiano.csv,1/22/2023 12:00:00 AM,6.3,-3,0,0,96,45,-96.807594,-2.133871,0,0,0,0,0,0,0,0,0,0,0,0,0,0,0,0,0,0,0,0,0,0,0,0,0,-73.2256045935289,-235.74322795113258,0,0,0,0.00667,0,0,0,0,0.0013127238760483064,0.7076035315277824,0.005458602651493366,0
..\..\..\files\weather\hourly\Spresiano.csv,1/23/2023 12:00:00 AM,7.1,3,0,0,71,52,-96.807594,-2.0500002,0,0,0,0,0,0,0,0,0,0,0,0,0,0,0,0,0,0,0,0,0,0,0,0,0,-73.2256045935289,-235.74322795113258,0,0,0,0.00667,0,0,0,0,0.0014757595925455225,0.7347320686336608,0.0059815804720091325,0
..\..\..\files\weather\hourly\Spresiano.csv,1/24/2023 12:00:00 AM,9,4.3,9.6,11,87,58,-96.807594,-2.35,0,0,0,0,0,0,0,0,0,0,0,0,0,0,0,0,0,0,0,0,0,0,0,0,0,-73.2256045935289,-235.74322795113258,0,0,0,1.8935926465029809,0.06512749999999556,0,0,0,0.002011814987055983,0.7751685133239752,0.006835194374332732,0
..\..\..\files\weather\hourly\Spresiano.csv,1/25/2023 12:00:00 AM,10.1,0.9,0.8,12,100,59,-96.80705,-4.5994563,0.00054348237,0,0,0,0,0,0,0,0,0,0,0,0,0,0,0,0,0,0,0,0,0,0,0,3.3510040757012622,-69.87460051782763,-236.7598942442768,0,0,0,1.973110023708701,1.039618500000003,0,0,0,0.0022875229687335298,0.8039763393417719,0.007500699302732037,0
..\..\..\files\weather\hourly\Spresiano.csv,1/26/2023 12:00:00 AM,10.9,-0.6,0,8,100,54,-96.771835,-5.200869,0.03521736,0,0,0,0,0,0,0,0,0,0,0,0,0,0,0,0,0,0,0,0,0,0,0,0,-69.87460051782763,-246.57656090696983,0,0,0,0.16233729832175875,1.0586914999999948,0,0,0,0.0018054212389029313,0.8243490437685732,0.008001711235580456,0
..\..\..\files\weather\hourly\Spresiano.csv,1/27/2023 12:00:00 AM,6.8,-1,0,1,100,51,-96.771835,-2.9641025,0,0,0,0,0,0,0,0,0,0,0,0,0,0,0,0,0,0,0,0,0,0,0,0,0,-69.87460051782763,-246.57656090696983,0,0,0,0.00667,0.406626499999998,0,0,0,0.001440862877882065,0.8378441871167056,0.008347944216970554,0
..\..\..\files\weather\hourly\Spresiano.csv,1/28/2023 12:00:00 AM,5.9,-2.4,0,0,88,40,-96.771835,-2.096988,0,0,0,0,0,0,0,0,0,0,0,0,0,0,0,0,0,0,0,0,0,0,0,0,0,-69.87460051782763,-246.57656090696983,0,0,0,0.00667,0.5048235000000005,0,0,0,0.0011622320154474582,0.8437449265995736,0.008503009476833473,0
..\..\..\files\weather\hourly\Spresiano.csv,1/29/2023 12:00:00 AM,7.8,-2.5,0,0,92,46,-96.771835,-2.9533982,0,0,0,0,0,0,0,0,0,0,0,0,0,0,0,0,0,0,0,0,0,0,0,0,0,-69.87460051782763,-246.57656090696983,0,0,0,0.00667,0.406626499999998,0,0,0,0.0012409675178270795,0.8540543273776182,0.008779384080316989,0
..\..\..\files\weather\hourly\Spresiano.csv,1/30/2023 12:00:00 AM,7.6,-1.6,0,0,97,52,-96.771835,-3.1391304,0,0,0,0,0,0,0,0,0,0,0,0,0,0,0,0,0,0,0,0,0,0,0,0,0,-69.87460051782763,-246.57656090696983,0,0,0,0.00667,1.0690024999999963,0,0,0,0.001440862877882065,0.8668042671393611,0.00913093166810923,0
..\..\..\files\weather\hourly\Spresiano.csv,1/31/2023 12:00:00 AM,5.6,-3.9,0,2,99,64,-96.771835,-1.6505263,0,0,0,0,0,0,0,0,0,0,0,0,0,0,0,0,0,0,0,0,0,0,0,0,0,-69.87460051782763,-246.57656090696983,0,0,0,0.00667,1.0586914999999948,0,0,0,0.0013127238760483064,0.877508872089547,0.00943455890087131,0
..\..\..\files\weather\hourly\Spresiano.csv,2/1/2023 12:00:00 AM,8.4,-3.6,0,1,99,59,-96.771835,-2.9399996,0,0,0,0,0,0,0,0,0,0,0,0,0,0,0,0,0,0,0,0,0,0,0,0,0,-69.87460051782763,-246.57656090696983,9.496363851788686E-78,0,0,0.00667,1.039618500000003,0,0,0,0.0017136213492102324,0.8896195829604594,0.009787571160604868,0
..\..\..\files\weather\hourly\Spresiano.csv,2/2/2023 12:00:00 AM,9.5,-2.5,0,6,100,57,-96.771835,-3.7604167,0,0,0,0,0,0,0,0,0,0,0,0,0,0,0,0,0,0,0,0,0,0,0,0,0,-69.87460051782763,-246.57656090696983,8.334704015517161E-77,9.496363851788686E-78,0,0.00667,1.0127274999999898,0,0,0,0.0019045611135793108,0.9024598538150101,0.010173071110984234,0
..\..\..\files\weather\hourly\Spresiano.csv,2/3/2023 12:00:00 AM,8.7,-2.8,0,10,100,70,-96.771835,-3.2908692,0,0,0,0,0,0,0,0,0,0,0,0,0,0,0,0,0,0,0,0,0,0,0,0,0,-69.87460051782763,-246.57656090696983,7.216185723203389E-76,9.28434040069603E-77,0,0.00667,1.039618500000003,0,0,0,0.0019305813994650632,0.920303391306768,0.010728380655852797,0
..\..\..\files\weather\hourly\Spresiano.csv,2/4/2023 12:00:00 AM,10.3,-2,0,13,100,63,-96.76817,-4.3162603,0.0036585412,0,0,0,0,0,0,0,0,0,0,0,0,0,0,0,0,0,0,0,0,0,0,0,5.6194782363823075,-64.25512228144532,-246.57656090696983,6.1632517493681025E-75,8.144619763272992E-76,0,0.00667,1.039618500000003,0,0,0,0.0022875229687335298,0.938385596560225,0.011314939671251002,0
..\..\..\files\weather\hourly\Spresiano.csv,2/5/2023 12:00:00 AM,11.6,-1.3,0,9,100,52,-96.668945,-5.314729,0.09922484,0,0,0,0,0,0,0,0,0,0,0,0,0,0,0,0,0,0,0,0,0,0,0,0,-64.25512228144532,-246.57656090696983,5.192742632321933E-74,6.977713725695401E-75,0,0.00667,0,0,0,0,0.0028838639371310936,0.961111148649796,0.012087107108481862,0
..\..\..\files\weather\hourly\Spresiano.csv,2/6/2023 12:00:00 AM,5.1,2.2,0,0,75,53,-96.668945,-1.45,0,0,0,0,0,0,0,0,0,0,0,0,0,0,0,0,0,0,0,0,0,0,0,0,0,-64.25512228144532,-246.57656090696983,4.315870190314601E-73,5.890514004891473E-74,0,0.00667,0,0,0,0,0.0012409675178270795,0.9876010865828314,0.013037939694094829,0
..\..\..\files\weather\hourly\Spresiano.csv,2/7/2023 12:00:00 AM,3.5,-1.9,0,0,72,55,-96.668945,-1.1342592,0,0,0,0,0,0,0,0,0,0,0,0,0,0,0,0,0,0,0,0,0,0,0,0,0,-64.25512228144532,-246.57656090696983,3.5385442789127775E-72,4.904921590803748E-73,0,0.00667,0,0,0,0,0.0010464644883322349,1.0071987771535058,0.013777661437816509,0
..\..\..\files\weather\hourly\Spresiano.csv,2/8/2023 12:00:00 AM,6.3,-5.5,0,0,86,29,-96.668945,-1.6817797,0,0,0,0,0,0,0,0,0,0,0,0,0,0,0,0,0,0,0,0,0,0,0,0,0,-64.25512228144532,-246.57656090696983,2.8619733151359072E-71,4.0290364379931525E-72,0,0.00667,0,0,0,0,0.0009752741582279913,1.0097970096704896,0.013878099339756167,0
..\..\..\files\weather\hourly\Spresiano.csv,2/9/2023 12:00:00 AM,4.6,-6,0,0,79,41,-96.668945,-0.99811316,0,0,0,0,0,0,0,0,0,0,0,0,0,0,0,0,0,0,0,0,0,0,0,0,0,-64.25512228144532,-246.57656090696983,2.2834484456714455E-70,3.2648769589352226E-71,0,0.00667,0,0,0,0,0.00102536150818799,1.0151599850177524,0.014087184956388655,0
..\..\..\files\weather\hourly\Spresiano.csv,2/10/2023 12:00:00 AM,5.9,-4.7,0,0,72,31,-96.668945,-1.6419811,0,0,0,0,0,0,0,0,0,0,0,0,0,0,0,0,0,0,0,0,0,0,0,0,0,-64.25512228144532,-246.57656090696983,1.797221173815801E-69,2.6099361415649677E-70,0,0.00667,0,0,0,0,0.000946938311703684,1.0177534689749426,0.014189157618132409,0
..\..\..\files\weather\hourly\Spresiano.csv,2/11/2023 12:00:00 AM,8.8,-6.7,0,0,84,28,-96.668945,-2.4980645,0,0,0,0,0,0,0,0,0,0,0,0,0,0,0,0,0,0,0,0,0,0,0,0,0,-64.25512228144532,-246.57656090696983,1.3953929592885347E-68,2.0582147879722977E-69,0,0.00667,0,0,0,0,0.00102536150818799,1.0213664938630058,0.01433215750124349,0
..\..\..\files\weather\hourly\Spresiano.csv,2/12/2023 12:00:00 AM,9.7,-4.4,0,0,77,31,-96.668945,-3.3365245,0,0,0,0,0,0,0,0,0,0,0,0,0,0,0,0,0,0,0,0,0,0,0,0,0,-64.25512228144532,-246.57656090696983,1.0687502101999187E-67,1.6012144380857644E-68,0,0.00667,0,0,0,0,0.0011137626768196501,1.0266875123148251,0.014544760741077698,0
..\..\..\files\weather\hourly\Spresiano.csv,2/13/2023 12:00:00 AM,13.6,-2.6,0,0,87,27,-96.26894,-6.108642,0.40000007,0,0,0,0,0,0,0,0,0,0,0,0,0,0,0,0,0,0,0,0,0,0,0,0,-64.25512228144532,-246.57656090696983,8.074963798829296E-67,1.2288716540084952E-67,0,0.00667,0,0,0,0,0.001493673844397198,1.0340552017234546,0.014843104893276152,0
..\..\..\files\weather\hourly\Spresiano.csv,2/14/2023 12:00:00 AM,12.9,-0.7,0,0,93,44,-95.959755,-6.4272056,0.3091911,0,0,0,0,0,0,0,0,0,0,0,0,0,0,0,0,0,0,0,0,0,0,0,0,-65.19229698893798,-246.57656090696983,6.018519055381156E-66,9.303835452837791E-67,0,0.00667,1.036786499999998,0,0,0,0.0015882012681525356,1.0441541356817592,0.01525960017614415,0
..\..\..\files\weather\hourly\Spresiano.csv,2/15/2023 12:00:00 AM,13.8,-1.7,0,2,99,45,-95.49395,-6.609032,0.4658065,0,0,0,0,0,0,0,0,0,0,0,0,0,0,0,0,0,0,0,0,0,0,0,0,-65.19229698893798,-246.57656090696983,4.4251029684629045E-65,6.948902600664934E-66,0,0.00667,1.008951499999995,0,0,0,0.0015304705786659098,1.0537527514258922,0.015663647846105022,0
..\..\..\files\weather\hourly\Spresiano.csv,2/16/2023 12:00:00 AM,16.6,-0.2,0,3,99,37,-94.197525,-9.497619,1.2964287,0,0,0,0,0,0,0,0,0,0,0,0,0,0,0,0,0,0,0,0,0,0,0,0,-65.19229698893798,-246.57656090696983,3.2095327146160944E-64,5.119993228529398E-65,0,0.00667,1.039618500000003,0,0,0,0.0019045611135793108,1.067103477224588,0.016239082148264035,0
..\..\..\files\weather\hourly\Spresiano.csv,2/17/2023 12:00:00 AM,10.7,0,0,17,100,72,-94.17463,-5.3271027,0.022897184,0,0,0,0,0,0,0,0,0,0,0,0,0,0,0,0,0,0,0,0,0,0,0,0,-65.19229698893798,-246.57656090696983,2.2963861442187096E-63,3.721532037469034E-64,0,0.00667,1.039618500000003,0,0,0,0.0025808319439604615,1.09832679799783,0.017647232606696203,0
..\..\..\files\weather\hourly\Spresiano.csv,2/18/2023 12:00:00 AM,11.3,1.8,0,15,100,70,-94.08568,-4.6610527,0.08894739,0,0,0,0,0,0,0,0,0,0,0,0,0,0,0,0,0,0,0,0,0,0,0,0,-65.19229698893798,-246.57656090696983,1.6208122627778259E-62,2.668539347965613E-63,0,0.00667,1.0127274999999898,0,0,0,0.002837556798434005,1.1351872097174325,0.019425624481827938,0
..\..\..\files\weather\hourly\Spresiano.csv,2/19/2023 12:00:00 AM,9.5,5.2,0,8,100,81,-94.08568,-2.15,0,0,0,0,0,0,0,0,0,0,0,0,0,0,0,0,0,0,0,0,0,0,0,0,0,-65.19229698893798,-246.57656090696983,1.1285094363310781E-61,1.887666197574387E-62,0,0.00667,1.0127274999999898,0,0,0,0.002158636467054675,1.175112744749986,0.02149922070971464,0
..\..\..\files\weather\hourly\Spresiano.csv,2/20/2023 12:00:00 AM,10,4.4,0,10,100,82,-94.08568,-2.7999997,0,0,0,0,0,0,0,0,0,0,0,0,0,0,0,0,0,0,0,0,0,0,0,0,0,-65.19229698893798,-246.57656090696983,7.751082528654805E-61,1.3172760560885169E-61,0,0.00667,1.0127274999999898,0,0,0,0.0023214783173925164,1.2139854278946423,0.02367116012441721,0
..\..\..\files\weather\hourly\Spresiano.csv,2/21/2023 12:00:00 AM,14.9,3.1,0,7,100,55,-93.068306,-4.8826275,1.0173728,0,0,0,0,0,0,0,0,0,0,0,0,0,0,0,0,0,0,0,0,0,0,0,0,-65.19229698893798,-246.57656090696983,5.25175203209603E-60,9.068358584743322E-61,0,0.00667,1.039618500000003,0,0,0,0.0031856629874382945,1.2419965601847707,0.025333011080553327,0
..\..\..\files\weather\hourly\Spresiano.csv,2/22/2023 12:00:00 AM,9.9,3.4,0,10,100,86,-93.068306,-3.2499995,0,0,0,0,0,0,0,0,0,0,0,0,0,0,0,0,0,0,0,0,0,0,0,0,0,-65.19229698893798,-246.57656090696983,3.510190999744412E-59,6.158587890570362E-60,0,0.00667,1.0699464999999933,0,0,0,0.0022875229687335298,1.2814679659723711,0.027816711649876747,0
..\..\..\files\weather\hourly\Spresiano.csv,2/23/2023 12:00:00 AM,13.1,6.3,0,0,100,59,-92.36169,-2.6933827,0.70661783,0,0,0,0,0,0,0,0,0,0,0,0,0,0,0,0,0,0,0,0,0,0,0,0,-65.19229698893798,-246.57656090696983,2.3144189126429823E-58,4.126049788801448E-59,0,0.00667,0.8785384999999977,0,0,0,0.0030802731473356464,1.3156233829623407,0.030103647421329136,0
..\..\..\files\weather\hourly\Spresiano.csv,2/24/2023 12:00:00 AM,12.8,4.3,0,1,99,69,-91.90051,-3.7888234,0.46117654,0,0,0,0,0,0,0,0,0,0,0,0,0,0,0,0,0,0,0,0,0,0,0,0,-76.81343114586696,-246.57656090696983,1.5053513480545488E-57,2.727023891523127E-58,0,0.00667,1.039618500000003,0,0,0,0.0036623826052995857,1.3648374045209513,0.03363055965378706,0
..\..\..\files\weather\hourly\Spresiano.csv,2/25/2023 12:00:00 AM,10.6,5.8,0,5,100,80,-91.863014,-2.3625004,0.037500046,0,0,0,0,0,0,0,0,0,0,0,0,0,0,0,0,0,0,0,0,0,0,0,0,-76.81343114586696,-246.57656090696983,9.658695330898434E-57,1.7780537372068615E-57,0,0.00667,1.0127274999999898,0,0,0,0.0025413064399147393,1.409282488291308,0.03705763022750183,0
..\..\..\files\weather\hourly\Spresiano.csv,2/26/2023 12:00:00 AM,11.6,7.1,0,8,100,74,-91.57857,-1.9655559,0.28444454,0,0,0,0,0,0,0,0,0,0,0,0,0,0,0,0,0,0,0,0,0,0,0,0,-76.81343114586696,-246.57656090696983,6.113413102824439E-56,1.1436749068105296E-56,0,0.00667,1.0586914999999948,0,0,0,0.0029797669511059106,1.45914815101634,0.041183922196764366,0
..\..\..\files\weather\hourly\Spresiano.csv,2/27/2023 12:00:00 AM,8.2,3.8,0,0,84,34,-91.57857,-2.2,0,0,0,0,0,0,0,0,0,0,0,0,0,0,0,0,0,0,0,0,0,0,0,0,0,-76.81343114586696,-246.57656090696983,3.8171014687800355E-55,7.257088009634969E-56,0,0.00667,0,0,0,0,0.0016702558703905386,1.4729206682482348,0.042377002372539545,0
..\..\..\files\weather\hourly\Spresiano.csv,2/28/2023 12:00:00 AM,8.8,3.1,0,0,61,35,-91.57857,-2.85,0,0,0,0,0,0,0,0,0,0,0,0,0,0,0,0,0,0,0,0,0,0,0,0,0,-76.81343114586696,-246.57656090696983,2.3510851111660868E-54,4.542810269743532E-55,0,0.00667,0,0,0,0,0.0012833074629881942,1.4892757825252325,0.04382423194685635,0
..\..\..\files\weather\hourly\Spresiano.csv,3/1/2023 12:00:00 AM,10,2.4,0,0,69,43,-91.57857,-3.7999997,0,0,0,0,0,0,0,0,0,0,0,0,0,0,0,0,0,0,0,0,0,0,0,0,0,-76.81343114586696,-246.57656090696983,1.4285244654032853E-53,2.8053661381404403E-54,0,0.00667,0,0,0,0,0.0013127238760483064,1.5053324398833539,0.045277405598690895,0
..\..\..\files\weather\hourly\Spresiano.csv,3/2/2023 12:00:00 AM,10.8,2.2,2.8,4,90,47,-91.54136,-4.2627907,0.037209317,0,0,0,0,0,0,0,0,0,0,0,0,0,0,0,0,0,0,0,0,0,0,0,0,-76.81343114586696,-246.57656090696983,8.562324819013075E-53,1.7090610792173293E-53,0,0.5527593725013472,0,0,0,0,0.0018054212389029313,1.5277256302779254,0.047357987812071456,1
..\..\..\files\weather\hourly\Spresiano.csv,3/3/2023 12:00:00 AM,12.9,2.9,0.4,1,95,52,-91.12086,-4.5794997,0.4204999,0,0,0,0,0,0,0,0,0,0,0,0,0,0,0,0,0,0,0,0,0,0,0,0,-76.81343114586696,-246.57656090696983,5.062679103834324E-52,1.0271385898230404E-52,0,0.6310587336654295,0.8785384999999977,0,0,0,0.0025026440434318857,1.5583322119095442,0.0503041902078964,1
..\..\..\files\weather\hourly\Spresiano.csv,3/4/2023 12:00:00 AM,13.3,1.1,0,0,98,50,-90.674545,-5.653689,0.44631153,0,0,0,0,0,0,0,0,0,0,0,0,0,0,0,0,0,0,0,0,0,0,0,0,-76.81343114586696,-246.57656090696983,2.952934318869784E-51,6.0898176936573645E-52,0,0.08446782515981173,1.0699464999999933,0,0,0,0.0023214783173925164,1.5798637040713033,0.05244836492626634,0
..\..\..\files\weather\hourly\Spresiano.csv,3/5/2023 12:00:00 AM,14.7,0.7,0,6,100,45,-89.88562,-6.2110715,0.7889285,0,0,0,0,0,0,0,0,0,0,0,0,0,0,0,0,0,0,0,0,0,0,0,0,-76.81343114586696,-246.57656090696983,1.6990722967080711E-50,3.56191608823552E-51,0,0.00667,0.8785384999999977,0,0,0,0.002254280029667379,1.5968152606445742,0.05417832352209665,0
..\..\..\files\weather\hourly\Spresiano.csv,3/6/2023 12:00:00 AM,14.1,0.3,0,0,98,43,-89.276566,-6.290942,0.6090581,0,0,0,0,0,0,0,0,0,0,0,0,0,0,0,0,0,0,0,0,0,0,0,0,-86.12442374398464,-246.57656090696983,9.643942568782775E-50,2.055263905531623E-50,0,0.00667,1.008951499999995,0,0,0,0.002662572989179135,1.619543706737116,0.05655603387903282,0
..\..\..\files\weather\hourly\Spresiano.csv,3/7/2023 12:00:00 AM,11.7,4.9,0,0,95,63,-89.064064,-3.1875002,0.21249996,0,0,0,0,0,0,0,0,0,0,0,0,0,0,0,0,0,0,0,0,0,0,0,0,-86.12442374398464,-246.57656090696983,5.399854490560636E-49,1.1699206474314397E-49,0,0.00667,1.0690024999999963,0,0,0,0.0027048402575440703,1.6516837171608647,0.06003276763961562,0
..\..\..\files\weather\hourly\Spresiano.csv,3/8/2023 12:00:00 AM,12.5,2.9,0,10,100,64,-88.73854,-4.4744787,0.3255208,0,0,0,0,0,0,0,0,0,0,0,0,0,0,0,0,0,0,0,0,0,0,0,0,-86.12442374398464,-246.57656090696983,2.9825943016024256E-48,6.569775137992076E-49,0,0.00667,1.0127274999999898,0,0,0,0.002792303379174842,1.6844561435027343,0.06371674571215676,0
..\..\..\files\weather\hourly\Spresiano.csv,3/9/2023 12:00:00 AM,14.2,1,0,9,100,54,-88.07036,-5.931818,0.6681817,0,0,0,0,0,0,0,0,0,0,0,0,0,0,0,0,0,0,0,0,0,0,0,0,-86.12442374398464,-246.57656090696983,1.6251408070596222E-47,3.6395718154016334E-48,0,0.00667,1.036786499999998,0,0,0,0.0027048402575440703,1.7116808807396415,0.06688418341217527,0
..\..\..\files\weather\hourly\Spresiano.csv,3/10/2023 12:00:00 AM,15.2,8.1,0,0,96,65,-86.16613,-1.6457739,1.9042253,0,0,0,0,0,0,0,0,0,0,0,0,0,0,0,0,0,0,0,0,0,0,0,0,-86.12442374398464,-246.57656090696983,8.735192745209453E-47,1.9890979885997856E-47,0.17563692799999997,0.00667,1.008951499999995,0,0.17720914196099108,0,0.004411169412204812,1.7664618643579868,0.07355314420707416,0
..\..\..\files\weather\hourly\Spresiano.csv,3/11/2023 12:00:00 AM,17.8,7.2,0,3,99,57,-83.29632,-2.4301891,2.869811,0,0,0,0,0,0,0,0,0,0,0,0,0,0,0,0,0,0,0,0,0,0,0,0,-86.12442374398464,-246.57656090696983,4.6316813596626805E-46,1.0724290733809238E-46,0.08894402745566253,0.00667,1.0586914999999948,0,0.09416428584307608,0,0.004770355288673625,1.8099083363378072,0.07912332656161837,0
..\..\..\files\weather\hourly\Spresiano.csv,3/12/2023 12:00:00 AM,16.7,4.9,0,8,100,51,-81.394196,-3.9978812,1.9021189,0,0,0,0,0,0,0,0,0,0,0,0,0,0,0,0,0,0,0,0,0,0,0,0,-86.12442374398464,-246.57656090696983,2.4226436672168674E-45,5.704110433043604E-46,0.24610874406250013,0.00667,0,0,0,0,0.003728906770232872,1.8398187630355862,0.08310239427408449,0
..\..\..\files\weather\hourly\Spresiano.csv,3/13/2023 12:00:00 AM,14.6,3.2,0,0,83,39,-80.466125,-4.7719307,0.9280703,0,0,0,0,0,0,0,0,0,0,0,0,0,0,0,0,0,0,0,0,0,0,0,0,-86.12442374398464,-246.57656090696983,1.25004340396905E-44,2.993054710521228E-45,0,0.00667,0.406626499999998,0,0,0,0.0019305813994650632,1.8546822062565718,0.08512337973127201,0
..\..\..\files\weather\hourly\Spresiano.csv,3/14/2023 12:00:00 AM,15,3,0,0,92,42,-79.42446,-4.9583335,1.0416666,0,0,0,0,0,0,0,0,0,0,0,0,0,0,0,0,0,0,0,0,0,0,0,0,-86.12442374398464,-246.57656090696983,6.362756887681134E-44,1.5493488750211727E-44,0.15815986787866676,0.00667,0.3006114999999987,0,0.04754467512280763,0,0.0030294273014249205,1.8813645241550652,0.08882388012261505,0
..\..\..\files\weather\hourly\Spresiano.csv,3/15/2023 12:00:00 AM,12.6,8.6,6.4,8,100,85,-78.57946,-1.1549997,0.84500027,0,0,0,0,0,0,0,0,0,0,0,0,0,0,0,0,0,0,0,0,0,0,0,0,-86.12442374398464,-246.57656090696983,3.19484837498899E-43,7.912105762702307E-44,0,1.260032986329747,1.0127274999999898,0,0,0,0.0035342403238720604,1.9434530213708958,0.09779298167609687,1
..\..\..\files\weather\hourly\Spresiano.csv,3/16/2023 12:00:00 AM,14.1,4,8.4,8,100,31,-77.747284,-4.217822,0.83217835,0,0,0,0,0,0,0,0,0,0,0,0,0,0,0,0,0,0,0,0,0,0,0,0,-90.25449636713857,-246.57656090696983,1.5824859348742875E-42,3.98605895125922E-43,0,2.93290706139211,0,0,0,0,0.0018790472328586738,1.9628316809229733,0.10069411756151816,1
..\..\..\files\weather\hourly\Spresiano.csv,3/17/2023 12:00:00 AM,12.4,1.3,0,0,91,36,-77.48782,-5.2905407,0.2594594,0,0,0,0,0,0,0,0,0,0,0,0,0,0,0,0,0,0,0,0,0,0,0,0,-90.25449636713857,-246.57656090696983,7.732397125876375E-42,1.9810918300002095E-42,0,1.655470346793318,0.9732984999999914,0,0,0,0.001735922182274986,1.9783156383416638,0.10304666917462332,0
..\..\..\files\weather\hourly\Spresiano.csv,3/18/2023 12:00:00 AM,13.8,0.5,0,0,97,42,-76.94497,-6.107143,0.54285717,0,0,0,0,0,0,0,0,0,0,0,0,0,0,0,0,0,0,0,0,0,0,0,0,-90.25449636713857,-246.57656090696983,3.7271178723599584E-41,9.713488955876584E-42,0,0.00667,0.9298275000000018,0,0,0,0.0019305813994650632,1.9939935289191517,0.10545972583282488,0
..\..\..\files\weather\hourly\Spresiano.csv,3/19/2023 12:00:00 AM,14.6,0.7,0,2,99,34,-76.183815,-6.188849,0.7611512,0,0,0,0,0,0,0,0,0,0,0,0,0,0,0,0,0,0,0,0,0,0,0,0,-90.25449636713857,-246.57656090696983,1.7722165580137946E-40,4.698466767947617E-41,0,0.00667,0.9298275000000018,0,0,0,0.0025026440434318857,2.0142761082168885,0.10862757486181802,0
..\..\..\files\weather\hourly\Spresiano.csv,3/20/2023 12:00:00 AM,14.5,3.1,0,0,93,45,-75.295654,-4.8118424,0.8881579,0,0,0,0,0,0,0,0,0,0,0,0,0,0,0,0,0,0,0,0,0,0,0,0,-90.25449636713857,-246.57656090696983,8.312757990117521E-40,2.242063234808556E-40,0,0.00667,0.5952024999999992,0,0,0,0.0024648213336230253,2.0372104599946788,0.11227172567171902,0
..\..\..\files\weather\hourly\Spresiano.csv,3/21/2023 12:00:00 AM,15.2,6,0,5,100,62,-73.82609,-3.1304355,1.469565,0,0,0,0,0,0,0,0,0,0,0,0,0,0,0,0,0,0,0,0,0,0,0,0,-90.25449636713857,-246.57656090696983,3.8464329755556826E-39,1.0554821224926077E-39,0,0.00667,1.0127274999999898,0,0,0,0.004770355288673625,2.080748453897183,0.11936892749200183,0
..\..\..\files\weather\hourly\Spresiano.csv,3/22/2023 12:00:00 AM,19.5,4.6,0,8,100,44,-70.79756,-4.4214764,3.0285237,0,0,0,0,0,0,0,0,0,0,0,0,0,0,0,0,0,0,0,0,0,0,0,0,-90.25449636713857,-246.57656090696983,1.755722547199429E-38,4.90191509804829E-39,0.08894402745566253,0.00667,0.5952024999999992,0,0.0529397075016789,0,0.003597510089917897,2.1085174045723596,0.12401644748939687,0
..\..\..\files\weather\hourly\Spresiano.csv,3/23/2023 12:00:00 AM,20.3,7.3,0,3,99,42,-66.71718,-2.4196148,4.0803843,0,0,0,0,0,0,0,0,0,0,0,0,0,0,0,0,0,0,0,0,0,0,0,0,-90.25449636713857,-246.57656090696983,7.905662840622966E-38,2.245914057004258E-38,0,0.00667,1.0586914999999948,0,0,0,0.0038671226057638334,2.142128255751737,0.12976535179763743,0
..\..\..\files\weather\hourly\Spresiano.csv,3/24/2023 12:00:00 AM,19,6,0,8,100,48,-63.601795,-3.3846154,3.1153846,0,0,0,0,0,0,0,0,0,0,0,0,0,0,0,0,0,0,0,0,0,0,0,0,-90.25449636713857,-246.57656090696983,3.5116027137328944E-37,1.0151576897627223E-37,0,0.00667,1.0568034999999938,0,0,0,0.003597510089917897,2.1728012730254522,0.13512789394655747,0
..\..\..\files\weather\hourly\Spresiano.csv,3/25/2023 12:00:00 AM,16.2,5.3,0,5,100,68,-61.838493,-3.6866965,1.7633032,0,0,0,0,0,0,0,0,0,0,0,0,0,0,0,0,0,0,0,0,0,0,0,0,-90.25449636713857,-246.57656090696983,1.5387113181541715E-36,4.526760403495617E-37,0.49618346792295015,0.00667,1.036786499999998,0,0.5144363210656968,0,0.005066436177596828,2.2265544519898754,0.14478624213775293,0
..\..\..\files\weather\hourly\Spresiano.csv,3/26/2023 12:00:00 AM,17.8,8.2,2.6,1,99,62,-58.669743,-1.6312506,3.1687496,0,0,0,0,0,0,0,0,0,0,0,0,0,0,0,0,0,0,0,0,0,0,0,0,-93.64860062061558,-246.57656090696983,6.651101961974469E-36,1.991387358503733E-36,0,0.5136365686627349,1.0690024999999963,0,0,0,0.006389694580901679,2.292817188852206,0.157133146399611,1
..\..\..\files\weather\hourly\Spresiano.csv,3/27/2023 12:00:00 AM,15.7,5.7,22.800001,15,100,66,-57.045242,-3.3755002,1.6244999,0,0,0,0,0,0,1,0,0,0,0,0,0,0,1,0,0,0,0,0,0,0,0,0,-93.64860062061558,-246.57656090696983,2.8360556473513493E-35,8.642489320478202E-36,0,3,1.039618500000003,0,0,0,0.003938922237668092,2.32687738658021,0.16366150297352036,1
..\..\..\files\weather\hourly\Spresiano.csv,3/28/2023 12:00:00 AM,15.2,6.1,0,8,100,21,-55.55953,-3.0642858,1.4857141,0,0,0,0,0,0,1,0,0,0,0,0,0,0,1,0,0,0,0,0,0,0,0,0,-93.64860062061558,-246.57656090696983,1.1929454236759747E-34,3.7003045793991695E-35,0,3,0,0,0,0,0.004327208398154079,2.355011515967736,0.169143666512563,0
..\..\..\files\weather\hourly\Spresiano.csv,3/29/2023 12:00:00 AM,14.9,1.4,0,0,75,22,-54.67027,-5.8607407,0.8892591,0,0,0,0,0,0,0,0,0,0,0,0,0,0,0,0,0,0,0,0,0,0,0,0,-93.64860062061558,-246.57656090696983,4.950067122402883E-34,1.5629758816158917E-34,0,0.00667,0,0,0,0,0.0020399965397414153,2.3662385729680033,0.17135347475972887,0
..\..\..\files\weather\hourly\Spresiano.csv,3/30/2023 12:00:00 AM,15.4,4.3,0,0,89,39,-53.356754,-4.236487,1.3135134,0,0,0,0,0,0,0,0,0,0,0,0,0,0,0,0,0,0,0,0,0,0,0,0,-93.64860062061558,-246.57656090696983,2.026218542880222E-33,6.513043004018775E-34,0,0.00667,0.8785384999999977,0,0,0,0.002837556798434005,2.388268312404166,0.17572550384158928,0
..\..\..\files\weather\hourly\Spresiano.csv,3/31/2023 12:00:00 AM,12.5,8.2,0,0,95,66,-52.63001,-1.4232564,0.7267442,0,0,0,0,0,0,0,0,0,0,0,0,0,0,0,0,0,0,0,0,0,0,0,0,-93.64860062061558,-246.57656090696983,8.181749300510312E-33,2.6775228432820995E-33,0.2638456677941875,0.00667,1.0690024999999963,0,0.2820516784861549,0,0.0034725236565674115,2.4454941953891187,0.18729812846321173,0
..\..\..\files\weather\hourly\Spresiano.csv,4/1/2023 12:00:00 AM,12.5,7.7,0,7,100,86,-51.978966,-1.748959,0.6510416,0,0,0,0,0,0,0,0,0,0,0,0,0,0,0,0,0,0,0,0,0,0,0,0,-93.64860062061558,-246.57656090696983,3.259047840142378E-32,1.085927214379241E-32,0,0.00667,1.039618500000003,0,0,0,0.0034725236565674115,2.5101217771603084,0.2007220367892956,0
..\..\..\files\weather\hourly\Spresiano.csv,4/2/2023 12:00:00 AM,18.3,4.6,0,7,100,50,-49.464733,-4.335767,2.514233,0,0,0,0,0,0,0,0,0,0,0,0,0,0,0,0,0,0,0,0,0,0,0.48520354892817036,0,-93.16339707168741,-246.57656090696983,1.2806191392921236E-31,4.344975054521619E-32,0.1061359477139448,0.00667,1.0586914999999948,0,0.11236522568919724,0,0.0034725236565674115,2.542108328484847,0.20749652486780212,0
..\..\..\files\weather\hourly\Spresiano.csv,4/3/2023 12:00:00 AM,19,7,0,4,99,33,-46.089733,-2.625,3.375,0,0,0,0,0,0,0,0,0,0,0,0,0,0,0,0,0,0,0,0,0,0,0.8871285286844117,0,-92.276268543003,-246.57656090696983,4.964024609440319E-31,1.7151166447442854E-31,0,0.00667,1.0690024999999963,0,0,0,0.0031856629874382945,2.573973098789044,0.21432627926408038,0
..\..\..\files\weather\hourly\Spresiano.csv,4/4/2023 12:00:00 AM,15.3,4.3,0,5,100,35,-44.812916,-4.2231817,1.2768183,0,0,0,0,0,0,0,0,0,0,0,0,0,0,0,0,0,0,0,0,0,0,0.7810682097584137,0,-91.49520033324458,-246.57656090696983,1.8981588256515177E-30,6.679141254184604E-31,0,0.00667,0,0,0,0,0.0023916039246058424,2.5864997705153616,0.21703254021270554,0
..\..\..\files\weather\hourly\Spresiano.csv,4/5/2023 12:00:00 AM,11.7,2.1,0,0,57,29,-44.662395,-4.649479,0.1505208,0,0,0,0,0,0,0,0,0,0,0,0,0,0,0,0,0,0,0,0,0,0,0.7038873636166926,0,-90.7913129696279,-246.57656090696983,7.160046722685165E-30,2.5660729510699783E-30,0,0.00667,0,0,0,0,0.0013127238760483064,2.5965799978000788,0.2192187831325015,0
..\..\..\files\weather\hourly\Spresiano.csv,4/6/2023 12:00:00 AM,10.7,-1,0,0,79,35,-44.641457,-4.9136753,0.02094016,0,0,0,0,0,0,0,0,0,0,0,0,0,0,0,0,0,0,0,0,0,0,0.47478580610526644,0,-90.31652716352262,-246.57656090696983,2.664304443291695E-29,9.726119673755144E-30,0,0.00667,0,0,0,0,0.0011748345209003737,2.6057464626856754,0.22121332699949378,0
..\..\..\files\weather\hourly\Spresiano.csv,4/7/2023 12:00:00 AM,13.4,0.4,0,0,88,37,-44.196842,-6.055384,0.4446153,0,0,0,0,0,0,0,0,0,0,0,0,0,0,0,0,0,0,0,0,0,0,0.5967057517728293,0,-89.71982141174979,-246.57656090696983,9.779947576932095E-29,3.6369164106672095E-29,0,0.00667,0.8194314999999932,0,0,0,0.0016081534430649892,2.6200282503339274,0.2243330072744706,0
..\..\..\files\weather\hourly\Spresiano.csv,4/8/2023 12:00:00 AM,15,0.7,0,0,95,38,-43.322716,-6.275874,0.87412584,0,0,0,0,0,0,0,0,0,0,0,0,0,0,0,0,0,0,0,0,0,0,0.6367180562734892,0,-89.08310335547631,-246.57656090696983,3.5413910852404756E-28,1.3416863987599304E-28,0,0.00667,0.7525065000000026,0,0,0,0.002254280029667379,2.6374717239595085,0.22816285204999084,0
..\..\..\files\weather\hourly\Spresiano.csv,4/9/2023 12:00:00 AM,15.5,4.4,1.2,5,93,39,-41.960102,-4.187387,1.3626126,0,0,0,0,0,0,0,0,0,0,0,0,0,0,0,0,0,0,0,0,0,0,0.6397187023768637,0,-88.44338465309944,-246.57656090696983,1.2650157642028415E-27,4.883077484000406E-28,0,0.2402784252955761,0.9732984999999914,0,0,0,0.002662572989179135,2.660765171730171,0.23330957684779802,1
..\..\..\files\weather\hourly\Spresiano.csv,4/10/2023 12:00:00 AM,14.4,7.8,0.4,3,85,48,-40.493435,-1.8333336,1.4666666,0,0,0,0,0,0,0,0,0,0,0,0,0,0,0,0,0,0,0,0,0,0,0.5885799506841151,0,-87.85480470241534,-246.57656090696983,4.45761617350312E-27,1.753323512602882E-27,0,0.31829119446713183,0,0,0,0,0.004165788379616633,2.6936943270174676,0.24064600962378718,1
..\..\..\files\weather\hourly\Spresiano.csv,4/11/2023 12:00:00 AM,16.6,2.1,0,6,99,37,-38.991367,-5.7479315,1.5020691,0,0,0,0,0,0,0,0,0,0,0,0,0,0,0,0,0,0,0,0,0,0,0.8776927235137196,0,-86.9771119789016,-246.57656090696983,1.5495089477278826E-26,6.2109396861060024E-27,0,0.04555995657963896,0,0,0,0,0.0020687538040578706,2.7084526774173234,0.24395617113027382,0
..\..\..\files\weather\hourly\Spresiano.csv,4/12/2023 12:00:00 AM,16.1,5.1,0,0,90,46,-37.300003,-3.8086367,1.6913638,0,0,0,0,0,0,0,0,0,0,0,0,0,0,0,0,0,0,0,0,0,0,0.6344033346957633,0,-86.34270864420584,-246.57656090696983,5.31337161597987E-26,2.1706029163384828E-26,0,0.00667,0.9298275000000018,0,0,0,0.0025026440434318857,2.7329210583007617,0.24947294734481346,0
..\..\..\files\weather\hourly\Spresiano.csv,4/13/2023 12:00:00 AM,15,4.5,2.2,1,93,46,-36.109528,-4.0595236,1.1904762,0,0,0,0,0,0,0,0,0,0,0,0,0,0,0,0,0,0,0,0,0,0,0.7861787114642612,0,-85.55652993274158,-246.57656090696983,1.7973430615270244E-25,7.483974532318353E-26,0.12340519363629367,1.2994961122326432,0.9298275000000018,0.002,0.21432679032932578,0,0.0031323391049276825,2.750813556402732,0.2535289275507979,1
..\..\..\files\weather\hourly\Spresiano.csv,4/14/2023 12:00:00 AM,10.1,6.7,19.4,21,100,87,-36.108055,-1.6985292,0.0014705992,0,0,0,0,0,0,1,0,0,0,0,0,0,0,1,0,0,0,0,0,0,0,-1.2698200751280742,0,-86.82635000786966,-246.57656090696983,5.997585564066909E-25,2.54574051475886E-25,0,3,1.039618500000003,0.002,0,0,0.002356165342541492,2.7981293284375153,0.2643381452117593,1
..\..\..\files\weather\hourly\Spresiano.csv,4/15/2023 12:00:00 AM,13.5,6.6,4.6,8,100,60,-35.220375,-2.5623193,0.8876811,0,0,0,0,0,0,0,0,0,0,0,0,0,0,0,0,0,0,0,0,0,0,0.07350445908840386,0,-86.75284554878125,-246.57656090696983,1.9742702925556835E-24,8.543326078825768E-25,0,3,0.7525065000000026,0,0,0,0.0028838639371310936,2.82960903221177,0.27159189765702085,1
..\..\..\files\weather\hourly\Spresiano.csv,4/16/2023 12:00:00 AM,14.9,5.4,0.2,2,99,59,-33.95669,-3.4863155,1.263684,0,0,0,0,0,0,0,0,0,0,0,0,0,0,0,0,0,0,0,0,0,0,0.15561035526896255,0,-86.59723519351229,-246.57656090696983,6.410936182643515E-24,2.8286029004382603E-24,0,0.08446782515981173,1.0699464999999933,0,0,0,0.003797135744565161,2.86867323899766,0.2806560210693127,1
..\..\..\files\weather\hourly\Spresiano.csv,4/17/2023 12:00:00 AM,17.3,3.8,0,6,100,43,-31.982988,-4.7762957,1.9737035,0,0,0,0,0,0,0,0,0,0,0,0,0,0,0,0,0,0,0,0,0,0,0.763116478332572,0,-85.83411871517973,-246.57656090696983,2.0536242400654707E-23,9.239539083081775E-24,0,0.04555995657963896,0.7525065000000026,0,0,0,0.0028838639371310936,2.8906285232879534,0.28577835750704395,0
..\..\..\files\weather\hourly\Spresiano.csv,4/18/2023 12:00:00 AM,18.7,8.2,0,0,89,35,-28.378702,-1.645715,3.604286,0,0,0,0,0,0,0,0,0,0,0,0,0,0,0,0,0,0,0,0,0,0,1.0636743619286462,0,-84.77044435325108,-246.57656090696983,6.489409722524847E-23,2.9775781483736485E-23,0.2107688025214582,0.00667,0.06512749999999556,0,0.013726845186215333,0,0.002792303379174842,2.915456537882225,0.29159324472036996,0
..\..\..\files\weather\hourly\Spresiano.csv,4/19/2023 12:00:00 AM,20.9,7.8,0,0,83,33,-23.84397,-2.0152674,4.534733,0,0,0,0,0,0,0,0,0,0,0,0,0,0,0,0,0,0,0,0,0,0,1.1823541749626691,0,-83.58809017828841,-246.57656090696983,2.0228985046624174E-22,9.466987870898496E-23,0.15815986787866676,0.00667,0.406626499999998,0,0.06431199351596438,0,0.003353566358764844,2.9425487562008237,0.29796340769386365,0
..\..\..\files\weather\hourly\Spresiano.csv,4/20/2023 12:00:00 AM,18.7,10.6,0.8,3,97,50,-19.19397,0,4.6500006,0,0,0,0,0,0,0,0,0,0,0,0,0,0,0,0,0,0,0,0,0,0,0.8464004795779373,0,-82.74168969871047,-246.57656090696983,6.220534121247837E-22,2.969597291752267E-22,0.35301413131920006,0.31829118865205863,1.0699464999999933,0.002,0.3777062342555161,0.16505981822379992,0.00424543795676343,2.975597244005537,0.30576605722125677,1
..\..\..\files\weather\hourly\Spresiano.csv,4/21/2023 12:00:00 AM,12.5,10.7,1.2,10,99,83,-17.59397,0,1.6000004,0,0,0,0,0,0,0,0,0,0,0,0,0,0,0,0,0,0,0,0,0,0,-0.5893688431881063,0,-83.33105854189857,-246.57656090696983,1.8869741249516405E-21,9.190131413000104E-22,0.4246421329706381,0.7094297545151755,1.036786499999998,0,0.4402632307951616,0.6731694418226489,0.0034725236565674115,3.0466910681389914,0.32265145959225533,1
..\..\..\files\weather\hourly\Spresiano.csv,4/22/2023 12:00:00 AM,19.9,9,0,2,100,43,-13.098098,-0.95412827,4.4958715,0,0,0,0,0,0,0,0,0,0,0,0,0,0,0,0,0,0,0,0,0,0,0.9004681526602599,0,-82.43059038923832,-246.57656090696983,5.6466243720846414E-21,2.805987266251651E-21,0.03787350771198362,0.24027841948584105,1.0127274999999898,0,0.0383555427813875,0.6731694418226489,0.00424543795676343,3.0812261299123462,0.33089361679254986,0
..\..\..\files\weather\hourly\Spresiano.csv,4/23/2023 12:00:00 AM,20.8,7,0,10,100,49,-8.872011,-2.673913,4.2260866,0,0,0,0,0,0,0,0,0,0,0,0,0,0,0,0,0,0,0,0,0,0,0.838906310292671,0,-81.59168407894565,-246.57656090696983,1.666850066496971E-20,8.452611638336292E-21,0.2638456677941875,0.00667,1.0127274999999898,0,0.2672037635310353,0.6731694418226489,0.005617661929105107,3.117182083348255,0.3394957782744631,0
..\..\..\files\weather\hourly\Spresiano.csv,4/24/2023 12:00:00 AM,20.7,10,0,7,100,40,-3.5220108,-0,5.3500004,0,0,0,0,0,0,0,0,0,0,0,0,0,0,0,0,0,0,0,0,0,0,0.9538242998585106,0,-80.63785977908714,-246.57656090696983,4.853878042420094E-20,2.5121112303306E-20,0.8306205178880004,0.00667,1.008951499999995,0,0.8380558174538706,0.6731694418226489,0.006389694580901679,3.1714293533275795,0.35250309675776426,0
..\..\..\files\weather\hourly\Spresiano.csv,4/25/2023 12:00:00 AM,15.4,9.8,9.6,12,100,70,-0.9184394,-0.19642878,2.6035714,0,0,0,0,0,0,0,0,0,0,0,1,0,0,0,0,0,0,0,1,0,0,-0.19775838579577518,0,-80.8356181648829,-246.57656090696983,1.3943309534658933E-19,7.365989272750694E-20,0.1407479959237262,1.8935926731512478,1.0127274999999898,0,0.14253936604184397,2.1412057751599667,0.005501201530539894,3.2550727038962943,0.372591688112786,1
..\..\..\files\weather\hourly\Spresiano.csv,4/26/2023 12:00:00 AM,14.2,6.4,4.6000004,12,100,63,0,-2.7692308,1.1307691,0.7570255,0.7570255,0.028037982,10.035048,10,1.694177,0,0,0,0,0,0,0,0,0,0,0,0,0,0,0,0,-0.13481260226640035,0,-80.97043076714931,-246.57656090696983,3.9511867983935446E-19,2.1309298807409626E-19,0,2.5717741686229347,1.039618500000003,0,0,2.1412057751599667,0.003353566358764844,3.297226325728517,0.382714199449984,1
..\..\..\files\weather\hourly\Spresiano.csv,4/27/2023 12:00:00 AM,17.8,4.5,0,6,100,52,0,-4.3627815,2.2872179,2.5268974,3.283923,0.12162677,10.152034,10,1.7915682,0,0,0,0,0,0,0,0,0,0,0,0,0,0,0,0,0.6954898525664708,0,-80.27494091458284,-246.57656090696983,1.1045209064459723E-18,6.082116679134507E-19,0,0.9056707521045265,1.036786499999998,0,0,2.1412057751599667,0.002356165342541492,3.313794806471232,0.3866902491552924,0
..\..\..\files\weather\hourly\Spresiano.csv,4/28/2023 12:00:00 AM,19.3,8,0,0,95,37,0,-1.823009,3.8269906,6.569133,9.853056,0.364928,10.45616,10,2.0447528,0,0,0,0,0,0,0,0,0,0,0,0,0,0,0,0,1.0938331683780143,0,-79.18110774620483,-246.57656090696983,3.045825401096701E-18,1.712732574359423E-18,0,0.00667,0.5952024999999992,0,0,2.1412057751599667,0.002837556798434005,3.3345364376454962,0.39166468347500744,0
..\..\..\files\weather\hourly\Spresiano.csv,4/29/2023 12:00:00 AM,18.6,6.8,0,0,95,43,0,-2.766102,3.1338985,5.1946645,15.04772,0.5573229,10.696653,10,2.244964,0,0,0,0,0,0,0,0,0,0,0,0,0,0,0,0,0.8807168437633701,0,-78.30039090244145,-246.57656090696983,8.285538751041093E-18,4.7585579754561236E-18,0.08894402745566253,0.00667,0.9298275000000018,0,0.08270260268903021,2.1412057751599667,0.003797135744565161,3.3657291522682535,0.3991373758978685,0
..\..\..\files\weather\hourly\Spresiano.csv,4/30/2023 12:00:00 AM,20.2,9.7,0,3,100,41,0,-0.29571486,4.954286,8.172577,23.220297,0.86001104,11.037507,11,2.5287247,0,0,0,0,0,0,0,0,0,0,0,0,0,0,0,0,0.929981788869719,0,-77.37040911357174,-246.57656090696983,2.2234183544998903E-17,1.3044096726497217E-17,0.4246421329706381,0.00667,1.0127274999999898,0,0.43004676571801753,2.1412057751599667,0.006251742673270176,3.4062764316530356,0.4088321473947971,0
..\..\..\files\weather\hourly\Spresiano.csv,5/1/2023 12:00:00 AM,21.9,10.3,0,7,100,45,0,0,6.1000004,9.342267,32.562565,1.206021,11.253763,11,2.7087579,0,0,0,0,0,0,0,0,0,0,0,0,0,0,0,0,0.9810926568321746,0,-76.38931645673956,-246.57656090696983,5.885810903201497E-17,3.527828027149612E-17,1,0.00667,0,0,0,2.1412057751599667,0.007305432218031838,3.4501338461936237,0.4192877410227797,0
..\..\..\files\weather\hourly\Spresiano.csv,5/2/2023 12:00:00 AM,19.8,12.1,5,10,100,40,0,0,5.95,9.202467,41.76503,1.546853,11.466784,11,2.8860972,0,0,0,0,0,0,0,0,0,0,0,0,0,0,0,0,0.8771635819783339,0,-75.51215287476123,-246.57656090696983,1.5370079324430788E-16,9.413638930351108E-17,0.5495796938774262,1.2205877577228834,1.039618500000003,0.002,0.7369738294479898,3.4610697189578694,0.006389694580901679,3.4901112191109336,0.4287844783054219,1
..\..\..\files\weather\hourly\Spresiano.csv,5/3/2023 12:00:00 AM,15.8,11.9,17.2,23,100,85,0,0,3.8500004,6.8360662,48.601097,1.8000407,12.08335,12,3.515315,1,0,0,0,0,0,0,0,1,0,0,0,0,0,0,0,-0.7256689419293848,0,-76.23782181669061,-246.57656090696983,3.9594111125244135E-16,2.47837182547819E-16,0.6376365667763976,3,1.0127274999999898,0.002,1.9141849734627454,6.419084295456695,0.006677672465257637,3.5959671995952758,0.45373412432199917,1
..\..\..\files\weather\hourly\Spresiano.csv,5/4/2023 12:00:00 AM,19.2,9.8,0.2,6,100,53,0,-0.19787169,4.502128,7.652262,56.25336,2.0834577,12.201441,12,3.77787,1,0,0,0,1,0,0,0,2,0,0,0,1,0,0,0,0.8498586875337835,0,-75.38796312915683,-246.57656090696983,1.006166309809829E-15,6.437782938002604E-16,0.1407479959237262,2.1323597221265476,1.0690024999999963,0,0.15045995951245258,8.602747379419311,0.0065316295609046185,3.644672106636019,0.46509844202406675,1
..\..\..\files\weather\hourly\Spresiano.csv,5/5/2023 12:00:00 AM,22.1,8.6,0,2,99,46,0,-1.3274074,5.4225926,8.605175,64.858536,2.402168,13.000677,13,5.5548387,0,0,0,0,0,0,0,0,2,0,0,0,1,0,0,0,1.1683976605106656,0,-74.21956546864617,-246.57656090696983,2.5222819399996064E-15,1.6499446036100893E-15,0.6025883430243248,0.00667,1.0699464999999933,0,0.6447372885596717,8.602747379419311,0.0065316295609046185,3.6810826724832144,0.4735394245281107,0
..\..\..\files\weather\hourly\Spresiano.csv,5/6/2023 12:00:00 AM,24.2,9.9,0,5,100,49,0,-0.099649906,7.0503497,10.140954,74.99949,2.7777588,13.11805,13,5.815797,0,0,0,0,0,0,0,0,2,0,0,0,1,0,0,0,1.135080829770445,0,-73.08448463887572,-246.57656090696983,6.237379579966066E-15,4.172226543609696E-15,0.7465242587729192,0.00667,1.0127274999999898,0,0.7560256462764439,8.602747379419311,0.007647283576645276,3.725752295411841,0.4838257589431519,0
..\..\..\files\weather\hourly\Spresiano.csv,5/7/2023 12:00:00 AM,25,11.2,0,8,100,45,0,0,8.1,10.853226,85.852715,3.1797302,13.243666,13,6.095083,0,0,0,0,0,0,0,0,2,0,0,0,1,0,0,0,1.2558033282723142,0,-71.8286813106034,-246.57656090696983,1.5215821437758352E-14,1.0409606123575763E-14,0.8078508757402331,0.00667,1.0699464999999933,0,0.8643572170201919,8.602747379419311,0.009008791018073715,3.7770328502953907,0.49553316772777933,0
..\..\..\files\weather\hourly\Spresiano.csv,5/8/2023 12:00:00 AM,25.2,11.8,0,6,100,50,0,0,8.5,11.078467,96.93118,3.5900435,14.097511,14,7.993467,0,0,0,0,0,0,0,0,2,0,0,0,1,0,0,0,1.319574347637712,0,-70.50910696296569,-246.57656090696983,3.661620382946109E-14,2.5625427561334115E-14,1,0.00667,0.18677850000000262,0,0.18677850000000262,8.602747379419311,0.009914241808357717,3.826702530016007,0.5067621409292645,0
..\..\..\files\weather\hourly\Spresiano.csv,5/9/2023 12:00:00 AM,19.4,13.6,7.6000004,13,100,74,0,0,6.5,9.696697,106.627884,3.949181,14.187295,14,8.193086,0,0,0,0,0,1,0,0,2,0,0,0,1,1,0,0,0.15829090258722298,0,-70.35081606037846,-246.57656090696983,8.692324200371391E-14,6.22416313907952E-14,0.7840636206869015,1.5762396295024215,0.9732984999999914,0.002,1.268494244305195,10.869827871716012,0.013246252421737494,3.9705057651779043,0.5385950886700795,1
..\..\..\files\weather\hourly\Spresiano.csv,5/10/2023 12:00:00 AM,20.6,13.5,0,0,93,50,0,0,7.049999,10.140954,116.76884,4.324772,27.00207,27,25.792196,0,0,0,0,0,0,0,0,2,0,0,0,1,1,0,0,1.1651099175254378,0,-69.18570614285304,-246.57656090696983,2.0355566808838972E-13,1.491648733945091E-13,0.9283935050000003,0.7878724146177559,0,0,0,10.869827871716012,0.005170660736119892,3.9975162919937297,0.5444534978181589,0
..\..\..\files\weather\hourly\Spresiano.csv,5/11/2023 12:00:00 AM,14.9,11.6,30.6,20,100,58,0,0,3.25,6.0122576,122.7811,4.547448,35.004642,35,36.3219,1,0,0,0,0,1,1,0,3,0,0,0,1,2,1,0,-1.2783642482545683,0,-70.4640703911076,-246.57656090696983,4.702352361831653E-13,3.5272054148289883E-13,0.4604444841547959,3,1.0127274999999898,0.002,1.382254341432697,13.35698924182765,0.00408819456442347,4.064128705330866,0.5587271013674531,1
..\..\..\files\weather\hourly\Spresiano.csv,5/12/2023 12:00:00 AM,13.6,11.3,47.6,20,100,84,0,0,2.4500008,4.80228,127.583374,4.7253103,42.00312,42,45.530422,1,0,1,0,1,0,1,0,4,0,1,0,2,2,2,0,-1.2044725830580305,0,-71.66854297416563,-246.57656090696983,1.071597824187999E-12,8.229557776660641E-13,0.49618346792295015,3,1.0586914999999948,0,0.5253052199305474,15.446582855556201,0.00424543795676343,4.142189907259502,0.5751260619486458,1
..\..\..\files\weather\hourly\Spresiano.csv,5/13/2023 12:00:00 AM,15.5,11.4,12.2,15,100,88,0,0,3.4499998,6.2945724,133.87794,4.958442,51.002228,51,57.37135,1,0,1,0,1,0,0,0,5,0,2,0,3,2,2,0,-1.1742310999354244,0,-72.84277407410106,-246.57656090696983,2.4089798217931133E-12,1.894553601854063E-12,0.4425485754057126,3,1.0127274999999898,0,0.4481811123991843,17.898270630617827,0.006251742673270176,4.231716108159294,0.593478252059904,1
..\..\..\files\weather\hourly\Spresiano.csv,5/14/2023 12:00:00 AM,17.5,9.7,5.2,12,100,68,0,-0.2942314,3.6057692,6.501213,140.37915,5.199228,53.029884,53,60.14942,1,0,1,0,1,0,1,0,6,0,3,0,4,2,3,0,-0.27586672621272856,0,-73.11864080031378,-246.57656090696983,5.3421882332190944E-12,4.303533423647176E-12,0.12340519363629367,3,1.0127274999999898,0,0.12497583323829833,20.09223517810301,0.006982577073685743,4.303081943716805,0.6077462653989796,1
..\..\..\files\weather\hourly\Spresiano.csv,5/15/2023 12:00:00 AM,15.8,9.8,4.8,5,100,71,0,-0.19666648,2.8033335,5.34792,145.72707,5.3972983,53.059593,53,60.297966,0,0,1,0,0,1,0,0,6,0,4,0,4,3,3,0,-0.2664035678410891,0,-73.38504436815488,-246.57656090696983,1.1686646177279765E-11,9.64572165686627E-12,0.2994302468276264,1.8538607578304895,1.0127274999999898,0,0.303241245294122,21.320377289291436,0.006389694580901679,4.390752313083103,0.6248218067102311,1
..\..\..\files\weather\hourly\Spresiano.csv,5/16/2023 12:00:00 AM,21.5,9.7,0,5,100,49,0,-0.29618692,5.6038136,8.861505,154.58858,5.725503,53.108826,53,60.54413,0,0,0,0,0,0,0,0,6,0,4,0,4,3,3,0,0.9455086286302674,0,-72.43953573952462,-246.57656090696983,2.522001205677406E-11,2.1332367834146037E-11,0.9445675210548152,0.9449726466275539,0.06512749999999556,0,0.06151732122749329,21.320377289291436,0.007305432218031838,4.4438719286185995,0.6349204886761458,0
..\..\..\files\weather\hourly\Spresiano.csv,5/17/2023 12:00:00 AM,17.8,13.3,3.8,18,97,61,0,0,5.549999,8.811094,163.39967,6.05184,53.157776,53,60.78888,0,0,1,0,0,1,0,0,6,0,5,0,4,4,3,0,0.3231520027836657,0,-72.11638373674094,-246.57656090696983,5.368900669674578E-11,4.6552379890920094E-11,0.7717954341305004,0.7486421241822065,0.8785384999999977,0,0.6780520030078568,22.948056970554386,0.009008791018073715,4.556060227085167,0.6556245709624001,1
..\..\..\files\weather\hourly\Spresiano.csv,5/18/2023 12:00:00 AM,17.7,10.1,0.8,4,94,65,0,0,3.9000006,6.901622,170.3013,6.307456,53.196117,53,60.980587,0,0,0,0,0,0,0,0,6,0,5,0,4,4,3,0,0.3926441230564032,0,-71.72373961368454,-246.57656090696983,1.1274833402547426E-10,1.0024138658766587E-10,0.19317473890576095,0.8271206053596343,1.0568034999999938,0,0.20414774018719314,23.686256691596448,0.008009205785633211,4.640587354490118,0.6706577326719348,1
..\..\..\files\weather\hourly\Spresiano.csv,5/19/2023 12:00:00 AM,20.6,7.6,0,6,100,47,0,-2.1784616,4.321539,7.1591845,177.46048,6.57261,53.235893,53,61.179466,0,0,0,0,0,0,0,0,6,0,5,0,4,4,3,0,1.14051529615833,0,-70.5832243175262,-246.57656090696983,2.335713564004705E-10,2.1298972061314013E-10,0.9366269135599457,0.12339360574051833,0,0,0,23.686256691596448,0.004676907099441197,4.657055143156521,0.6735295540519155,0
..\..\..\files\weather\hourly\Spresiano.csv,5/20/2023 12:00:00 AM,20.1,13.7,0,0,78,55,0,0,6.8999996,10.024701,187.48518,6.943896,54.033268,54,65.166336,0,0,0,0,0,0,0,0,6,0,5,0,4,4,3,0,1.0624704336283952,0,-69.52075388389781,-246.57656090696983,4.773244899660142E-10,4.465610770136106E-10,1,0.00667,0,0,0,23.686256691596448,0.004965035439009817,4.675723591844898,0.676762634795266,0
..\..\..\files\weather\hourly\Spresiano.csv,5/21/2023 12:00:00 AM,22.4,14.6,0,1,84,58,0,0,8.5,11.078467,198.56364,7.354209,54.082504,54,65.41252,0,0,0,0,0,0,0,0,6,0,5,0,4,4,3,0,1.0047672329742074,0,-68.51598665092361,-246.57656090696983,9.622602293886678E-10,9.238855669796248E-10,1,0.00667,0,0,0,23.686256691596448,0.010404613976314077,4.715059804386736,0.6834966866188689,0
..\..\..\files\weather\hourly\Spresiano.csv,5/22/2023 12:00:00 AM,27.9,16.6,0.2,0,73,35,0,0,12.25,11.995381,210.55902,7.7984824,54.13582,54,65.67909,0,0,0,0,0,0,0,0,6,0,5,0,4,4,3,0,1.7922697235303529,0,-66.72371692739326,-246.57656090696983,1.9136214969776056E-09,1.8861457963682925E-09,0.9786475553404227,0.04555995657963896,0,0,0,23.702216217619856,0.01406206887524748,4.729121873261984,0.6858782094915702,1
..\..\..\files\weather\hourly\Spresiano.csv,5/23/2023 12:00:00 AM,28.1,16.8,0,0,81,32,0,0,12.450001,11.98505,222.54407,8.242373,54.189083,54,65.94542,0,0,0,0,0,0,0,0,6,0,5,0,4,4,3,0,1.7800795661869242,0,-64.94363736120633,-246.57656090696983,3.754086113833704E-09,3.799767293345898E-09,1,0.04555995657963896,0,0,0,23.702216217619856,0.009914241808357717,4.737514136695743,0.687293033182657,0
..\..\..\files\weather\hourly\Spresiano.csv,5/24/2023 12:00:00 AM,29.2,14.2,0,0,93,36,0,0,11.700001,11.993336,234.5374,8.68657,55.035324,55,70.17662,0,0,0,0,0,0,0,0,6,0,5,0,4,4,3,0,1.6644719259597829,0,-63.27916543524655,-246.57656090696983,7.265024865717945E-09,7.553853407179602E-09,1,0.00667,0.5048235000000005,0,0.5048235000000005,23.702216217619856,0.01092090481039161,4.799340253144965,0.6975670614177782,0
..\..\..\files\weather\hourly\Spresiano.csv,5/25/2023 12:00:00 AM,25.5,14.4,0,0,98,50,0,0,9.950001,11.6862335,246.22363,9.119393,55.078606,55,70.39303,0,0,0,0,0,0,0,0,6,0,5,0,4,4,3,0,1.3031337213346341,0,-61.97603171391191,-246.57656090696983,1.3869303908178001E-08,1.4818878272897547E-08,0.9636326451305007,0.00667,0,0,0,23.702216217619856,0.009449219782398146,4.84497055424855,0.7049816602362877,0
..\..\..\files\weather\hourly\Spresiano.csv,5/26/2023 12:00:00 AM,27.6,16,0,0,91,37,0,0,11.799999,11.997039,258.22067,9.563728,55.12304,55,70.6152,0,0,0,0,0,0,0,0,6,0,5,0,4,4,3,0,1.6617756993462254,0,-60.314256014565686,-246.57656090696983,2.6119021883134925E-08,2.868818218107555E-08,0.9971855540480002,0.00667,0.8785384999999977,0,0.8760659008749967,23.702216217619856,0.010404613976314077,4.908626105030762,0.7150876224855199,0
..\..\..\files\weather\hourly\Spresiano.csv,5/27/2023 12:00:00 AM,27.9,14.5,15.599999,1,100,45,0,0,11.200001,11.9524975,270.17316,10.0064125,56.00055,56,75.00275,1,0,1,0,0,1,0,0,7,0,6,0,4,5,3,0,1.570055528888857,0,-58.74420048567683,-246.57656090696983,4.8522574878568256E-08,5.480720406421048E-08,1,3,1.0127274999999898,0.002,3.002,25.62271705164192,0.01803437830533468,4.992440381020679,0.7279743534738231,1
..\..\..\files\weather\hourly\Spresiano.csv,5/28/2023 12:00:00 AM,26.6,16.4,0.4,5,100,43,0,0,11.5,11.981468,282.15463,10.450171,56.038586,56,75.19293,1,0,0,0,0,0,1,0,8,0,6,0,4,5,4,0,1.5698476720138055,0,-57.17435281366302,-246.57656090696983,8.892327590128309E-08,1.0332977894277873E-07,0.8354726314950569,3,0,0,0,27.700308218692296,0.01558000750382171,5.055889428605975,0.7374153732629057,0
..\..\..\files\weather\hourly\Spresiano.csv,5/29/2023 12:00:00 AM,26.4,15.5,0,0,88,42,0,0,10.950001,11.918076,294.0727,10.891582,56.07642,56,75.382095,0,0,0,0,0,0,0,0,8,0,6,0,4,5,4,0,1.5719694915406028,0,-55.60238332212242,-246.57656090696983,1.607576886295299E-07,1.9225305484406183E-07,0.9666025709705,0.00667,0.6777634999999975,0,0.655127941609962,27.700308218692296,0.008198027468244658,5.078124434231767,0.7406602849018834,0
..\..\..\files\weather\hourly\Spresiano.csv,5/30/2023 12:00:00 AM,27.2,15.6,0.8,2,90,37,0,0,11.400002,11.973304,306.046,11.335037,56.114433,56,75.57217,0,0,0,0,0,0,0,0,8,0,6,0,4,5,4,0,1.6826778459264902,0,-53.91970547619593,-246.57656090696983,2.8669012767175236E-07,3.5301074347359174E-07,1,0.3963756145510286,0.9298275000000018,0.002,0.9298275000000018,27.818086014003843,0.01558000750382171,5.128121653820821,0.7478371269108671,1
..\..\..\files\weather\hourly\Spresiano.csv,5/31/2023 12:00:00 AM,27.1,16.7,0,2,91,37,0,0,11.900002,11.99926,318.04526,11.779454,57.00846,57,80.042305,0,0,0,0,0,0,0,0,8,0,6,0,4,5,4,0,1.6621301390409546,0,-52.257575337154975,-246.57656090696983,5.043574122998338E-07,6.397008711453442E-07,1,0.6310587599293467,0,0,0,27.818086014003843,0.009914241808357717,5.182956555934845,0.7555195310292749,0
..\..\..\files\weather\hourly\Spresiano.csv,6/1/2023 12:00:00 AM,26.1,16.3,0,0,73,38,0,0,11.200001,11.9524975,329.99774,12.222138,57.04166,57,80.2083,0,0,0,0,0,0,0,0,8,0,6,0,4,5,4,0,1.5062696916834835,0,-50.75130564547149,-246.57656090696983,8.752835423462898E-07,1.1440582834451778E-06,0.9979280779280003,0.00667,0,0,0,27.818086014003843,0,5.182956555934845,0.7555195310292749,0
..\..\..\files\weather\hourly\Spresiano.csv,6/2/2023 12:00:00 AM,27.2,13.8,0,3,98,44,0,0,10.5,11.832455,341.8302,12.660378,57.074528,57,80.372635,0,0,0,0,0,0,0,0,8,0,6,0,4,5,4,0,1.407809797948545,0,-49.343495847522945,-246.57656090696983,1.4984553357449468E-06,2.0193418257914675E-06,0.9666025709705,0.00667,1.0699464999999933,0,1.0342130377008816,27.818086014003843,0.010404613976314077,5.240841981299054,0.7634173304580119,0
..\..\..\files\weather\hourly\Spresiano.csv,6/3/2023 12:00:00 AM,28.8,15.4,1.2,5,99,44,0,0,12.099998,11.99926,353.82947,13.1047945,57.10786,57,80.53931,0,0,0,0,0,0,0,0,8,0,6,0,4,5,4,0,1.3917457966823314,0,-47.951750050840616,-246.57656090696983,2.5306001381761657E-06,3.5177971615364143E-06,1,0.24027841948584105,0.9298275000000018,0,0.9298275000000018,28.062109906076916,0.014891329271696462,5.329952426188549,0.7751563375013525,1
..\..\..\files\weather\hourly\Spresiano.csv,6/4/2023 12:00:00 AM,26.4,16.6,3.8,6,100,51,0,0,11.5,11.981468,365.81094,13.548553,58.014347,58,85.07173,0,0,1,0,0,1,0,0,8,0,7,0,4,6,4,0,1.0883747982440586,0,-46.863375252596555,-246.57656090696983,4.2158770552316585E-06,6.04839729971258E-06,1,0.9842925058604478,1.0733834999999985,0,1.0733834999999985,29.014320665815443,0.016631713933684684,5.455193636482662,0.7908157323598789,1
..\..\..\files\weather\hourly\Spresiano.csv,6/5/2023 12:00:00 AM,24.3,16.5,0.4,1,98,56,0,0,10.4,11.80928,377.62024,13.985935,58.043507,58,85.21753,0,0,0,0,0,0,0,0,8,0,7,0,4,6,4,0,0.5919793878629686,0,-46.271395864733584,-246.57656090696983,6.928465078342553E-06,1.0264274354944239E-05,1,0.12339360574051833,1.0586914999999948,0,1.0586914999999948,29.15639621269044,0.017686593562080025,5.61296316301524,0.8091949060367858,1
..\..\..\files\weather\hourly\Spresiano.csv,6/6/2023 12:00:00 AM,21.7,15.3,13.2,10,100,68,0,0,8.5,11.078467,388.6987,14.396249,58.07086,58,85.35431,1,0,1,0,0,1,0,0,9,0,8,0,4,7,4,0,-0.14533715418897722,0,-46.416733018922564,-246.57656090696983,1.1232354777601525E-05,1.719273943328679E-05,1,2.691990551767785,1.0690024999999963,0,1.0690024999999963,32.318386764458225,0.012933503733454893,5.751517733848176,0.8241512069526309,1
..\..\..\files\weather\hourly\Spresiano.csv,6/7/2023 12:00:00 AM,22.5,16.3,0.8,6,100,69,0,0,9.4,11.49389,400.1926,14.821948,58.09924,58,85.4962,1,0,0,0,0,0,0,0,10,0,8,0,4,7,4,0,-0.17856392240392935,0,-46.595296941326495,-246.57656090696983,1.7963430472734638E-05,2.8425094210888317E-05,1,0.6310587511747077,1.0127274999999898,0,1.0127274999999898,33.31287804591665,0.022247859019710346,6.005559039280387,0.8488795288337391,1
..\..\..\files\weather\hourly\Spresiano.csv,6/8/2023 12:00:00 AM,25.9,14.5,0.2,6,100,54,0,0,10.200001,11.75839,411.951,15.257443,59.015446,59,90.077225,0,0,0,0,0,0,0,0,10,0,8,0,4,7,4,0,0.8492234233998717,0,-45.746073517926625,-246.57656090696983,2.8339515911493567E-05,4.6388524683622955E-05,1,0.20129890580706597,0.9732984999999914,0,0.9732984999999914,33.62917905983452,0.019049905232834126,6.139847834300866,0.860636659458957,1
..\..\..\files\weather\hourly\Spresiano.csv,6/9/2023 12:00:00 AM,27.8,14,26.800001,12,100,48,0,0,10.9,11.910067,423.86105,15.698558,59.041912,59,90.209564,1,0,1,0,0,0,0,0,11,0,9,0,4,7,4,0,1.0960762170492144,0,-44.64999730087741,-246.57656090696983,4.410423185818274E-05,7.472804059511652E-05,0.9858924031138201,3,1.0127274999999898,0,0.9984403486744412,36.71115994144336,0.010404613976314077,6.228874055115153,0.8679625669421488,1
..\..\..\files\weather\hourly\Spresiano.csv,6/10/2023 12:00:00 AM,27.2,13.9,8.599999,12,100,54,0,0,10.549999,11.843475,435.70453,16.137205,59.068233,59,90.34117,1,0,1,0,1,1,0,0,12,0,10,0,5,8,4,0,0.8847685202125611,0,-43.76522878066485,-246.57656090696983,6.770999515822427E-05,0.00011883227245329926,1,3,1.039618500000003,0,1.039618500000003,39.86602916958758,0.02188250843570703,6.350867420358663,0.8774250983921129,1
..\..\..\files\weather\hourly\Spresiano.csv,6/11/2023 12:00:00 AM,26.2,17.1,1.6,14,100,63,0,0,11.650002,11.990926,447.69547,16.581314,59.09488,59,90.474396,0,0,0,0,1,1,0,1,12,0,10,0,6,9,4,1,0.378106333001789,0,-43.38712244766306,-246.57656090696983,0.00010254393712122609,0.00018654226761152353,1,1.973109982218474,1.039618500000003,0,1.039618500000003,42.35279541931293,0.015233973575193875,6.500437554108496,0.8881665783118381,1
..\..\..\files\weather\hourly\Spresiano.csv,6/12/2023 12:00:00 AM,27.8,16.4,4.7999997,8,100,53,0,0,12.099998,11.99926,459.69473,17.025732,60.019585,60,95.09792,0,0,1,0,0,0,0,0,12,0,11,0,6,9,4,1,0.6963590573952173,0,-42.69076339026784,-246.57656090696983,0.0001531975705423702,0.0002890862047327496,1,1.2600329128406027,1.0568034999999938,0,1.0568034999999938,43.55715476859252,0.020833506945891173,6.6870747848720065,0.9003351093489352,1
..\..\..\files\weather\hourly\Spresiano.csv,6/13/2023 12:00:00 AM,27.1,16.5,1.6,8,100,50,0,0,11.799999,11.997039,471.69177,17.470066,60.043823,60,95.21912,0,0,0,0,0,1,0,0,12,0,11,0,6,10,4,1,1.2047604832658665,0,-41.486002907001975,-246.57656090696983,0.00022577635294707506,0.00044228377527511984,1,1.4575277445548258,1.0127274999999898,0.002,1.578239585248789,44.46559381605062,0.019690615945384234,6.797363433693045,0.9069272912915612,1
..\..\..\files\weather\hourly\Spresiano.csv,6/14/2023 12:00:00 AM,25,15.5,12,5,100,48,0,0,10.25,11.771682,483.46344,17.906054,60.067604,60,95.33802,1,0,1,0,0,0,0,0,13,0,12,0,6,10,4,1,0.8219839035409746,0,-40.664019003461,-246.57656090696983,0.0003282386469521581,0.0006680601282221948,1,3,0.7525065000000026,0,0.7525065000000026,47.44290015738645,0.016279621132666545,6.9321386531289715,0.9144223829889122,0
..\..\..\files\weather\hourly\Spresiano.csv,6/15/2023 12:00:00 AM,26.1,15.3,1,5,100,48,0,0,10.700001,11.874272,495.3377,18.34584,61.000626,61,100,0,0,0,0,0,1,0,0,13,0,12,0,6,11,4,1,1.2394446358018816,0,-39.42457436765912,-246.57656090696983,0.0004707449384400168,0.000996298775174353,1,0.279275850974885,1.0586914999999948,0.002,1.0586914999999948,47.6939518409191,0.01146344546544497,6.999483136564914,0.917948736091691,1
..\..\..\files\weather\hourly\Spresiano.csv,6/16/2023 12:00:00 AM,26.9,15.5,0,2,100,44,0,0,11.200001,11.9524975,507.2902,18.788525,61.02276,61,100,0,0,0,0,0,0,0,0,13,0,12,0,6,11,4,1,1.3566975318082861,0,-38.06787683585083,-246.57656090696983,0.0006659878243860382,0.0014670437136143698,1,0.3573244441448393,0.06512749999999556,0,0.06512749999999556,47.6939518409191,0.012032217562516991,7.043900116387671,0.9201981670403406,0
..\..\..\files\weather\hourly\Spresiano.csv,6/17/2023 12:00:00 AM,27.5,15.5,0,0,93,44,0,0,11.5,11.981468,519.27167,19.232283,61.04495,61,100,0,0,0,0,0,0,0,0,13,0,12,0,6,11,4,1,1.3604131619204343,0,-36.7074636739304,-246.57656090696983,0.0009294619273114164,0.0021330315380004078,0.9858924031138201,0.00667,1.008951499999995,0,0.9947176189602884,47.6939518409191,0.011188886303012967,7.121783755077539,0.9240008204206566,0
..\..\..\files\weather\hourly\Spresiano.csv,6/18/2023 12:00:00 AM,27.5,13.9,0,0,98,52,0,0,10.700001,11.874272,531.14594,19.672071,61.066936,61,100,0,0,0,0,0,0,0,0,13,0,12,0,6,11,4,1,1.1661028858244387,0,-35.54136078810596,-246.57656090696983,0.0012796217265786895,0.003062493465311824,1,0.00667,1.0699464999999933,0,1.0699464999999933,47.6939518409191,0.020833506945891173,7.214827511343527,0.928316190878296,0
..\..\..\files\weather\hourly\Spresiano.csv,6/19/2023 12:00:00 AM,27.8,15.6,0,6,100,47,0,0,11.700001,11.993336,543.1393,20.11627,71.004684,71,89.96487,0,0,0,0,0,0,0,0,13,0,12,0,6,11,4,1,1.2947094133741393,0,-34.246651374731826,-246.57656090696983,0.001737866016570571,0.004342115191890514,1,0.00667,1.036786499999998,0,1.036786499999998,47.6939518409191,0.01837836095770071,7.31405808154202,0.9326587603295798,0
..\..\..\files\weather\hourly\Spresiano.csv,6/20/2023 12:00:00 AM,30.2,15.8,0,8,100,43,0,0,13,11.926342,555.0656,20.557985,71.02247,71,89.83148,0,0,0,0,0,0,0,0,13,0,12,0,6,11,4,1,1.4933940110225439,0,-32.75325736370928,-246.57656090696983,0.0023282824326612203,0.006079981208461085,0.9855028870152411,0.00667,1.039618500000003,0,1.0245470331444575,47.6939518409191,0.02228906194204269,7.443599560535855,0.937947667440168,0
..\..\..\files\weather\hourly\Spresiano.csv,6/21/2023 12:00:00 AM,30.5,19.2,0,4,99,57,0,0,14.85,11.405919,566.47156,20.980429,71.03948,71,89.70389,0,0,0,0,0,0,0,0,13,0,12,0,6,11,4,1,1.1439037828798728,0,-31.609353580829406,-246.57656090696983,0.003077086585164399,0.008408263641122305,0.6937698451091674,0.00667,0.9732984999999914,0,0.6752451495899789,47.6939518409191,0.02238624076237516,7.6243127150658365,0.944659679975024,0
..\..\..\files\weather\hourly\Spresiano.csv,6/22/2023 12:00:00 AM,31.6,19.8,0,3,100,53,0,0,15.700001,11.001728,577.47327,21.3879,71.055885,71,89.58086,0,0,0,0,0,0,0,0,13,0,12,0,6,11,4,1,1.293373373157689,0,-30.315980207671714,-246.57656090696983,0.004011700083323624,0.011485350226286705,0.7927534968080003,0.00667,1.0568034999999938,0,0.8377846700639286,47.6939518409191,0.022150463437232336,7.806044857094385,0.9506968780007444,0
..\..\..\files\weather\hourly\Spresiano.csv,6/23/2023 12:00:00 AM,32,19.4,0,4,100,48,0,0,15.700001,11.001728,588.475,21.79537,71.072296,71,89.45778,0,0,0,0,0,0,0,0,13,0,12,0,6,11,4,1,1.4651942140367893,0,-28.85078599363493,-246.57656090696983,0.005159431883465541,0.015497050309610329,0.7927534968080003,0.00667,1.008951499999995,0,0.7998498297346731,47.6939518409191,0.02188250843570703,7.956968106301195,0.9552188158530861,0
..\..\..\files\weather\hourly\Spresiano.csv,6/24/2023 12:00:00 AM,30.6,16,0.4,3,97,52,0,0,13.299999,11.875666,600.35065,22.235209,71.09001,71,89.32491,0,0,0,0,0,0,0,0,13,0,12,0,6,11,4,1,1.1632617615843315,0,-27.687524232050592,-246.57656090696983,0.006545758732778159,0.02065648219307587,0.9971855540480002,0.08446782515981173,1.0699464999999933,0,1.066935193404212,47.70052627453325,0.022247859019710346,8.121155233632638,0.959678456477474,1
..\..\..\files\weather\hourly\Spresiano.csv,6/25/2023 12:00:00 AM,30.4,14,0,6,100,35,0,0,12.200001,11.997045,612.3477,22.679544,71.1079,71,89.190735,0,0,0,0,0,0,0,0,13,0,12,0,6,11,4,1,1.6099547669611594,0,-26.07756946508944,-246.57656090696983,0.008192242312475045,0.02720224092585403,1,0.08446782515981173,1.0568034999999938,0,1.0568034999999938,47.70052627453325,0.01592879192856255,8.1836195110059,0.9612584102256816,0
..\..\..\files\weather\hourly\Spresiano.csv,6/26/2023 12:00:00 AM,30.2,16,0,5,99,39,0,0,13.1,11.91091,624.2586,23.12069,71.12566,71,89.057526,0,0,0,0,0,0,0,0,13,0,12,0,6,11,4,1,1.6003263599699151,0,-24.477243105119527,-246.57656090696983,0.010114170494397863,0.035394483238329076,1,0.00667,0.9732984999999914,0,0.9732984999999914,47.70052627453325,0.012626804686059756,8.262173870003657,0.9631594475891325,0
..\..\..\files\weather\hourly\Spresiano.csv,6/27/2023 12:00:00 AM,31.7,19.3,0,0,97,42,0,0,15.5,11.106109,635.3647,23.532026,71.14223,71,88.9333,0,0,0,0,0,0,0,0,13,0,12,0,6,11,4,1,1.6003162657592456,0,-22.87692683936028,-246.57656090696983,0.012318063428335767,0.04550865373272694,0.9786475553404227,0.00667,1.0699464999999933,0,1.047100526570035,47.70052627453325,0.019690615945384234,8.325185279595896,0.9646179478878484,0
..\..\..\files\weather\hourly\Spresiano.csv,6/28/2023 12:00:00 AM,30.5,19.1,0.6,6,98,41,0,0,14.799999,11.426477,646.79114,23.955227,71.15927,71,88.805466,0,0,0,0,0,1,0,0,13,0,12,0,6,12,4,1,1.0739586091732443,0,-21.802968230187034,-246.57656090696983,0.014799235694091598,0.057826717161062705,0.9183168800000003,0.12339360574051833,0.5048235000000005,0,0.46358794147068066,47.79191938078215,0.02238624076237516,8.55607087277633,0.9694933986626535,1
..\..\..\files\weather\hourly\Spresiano.csv,6/29/2023 12:00:00 AM,25.9,18.2,0,1,93,45,0,0,12.049999,11.999815,658.79095,24.399666,71.17717,71,88.67123,0,0,0,0,0,0,0,0,13,0,12,0,6,12,4,1,1.3234867434376443,0,-20.479481486749393,-246.57656090696983,0.01753964595517947,0.0726259528551543,1,0.12339360574051833,1.036786499999998,0,1.036786499999998,47.79191938078215,0.016631713933684684,8.675456842920683,0.971748683459446,0
..\..\..\files\weather\hourly\Spresiano.csv,6/30/2023 12:00:00 AM,27.7,15.5,0,7,97,40,0,0,11.6,11.988146,670.7791,24.84367,72.00035,72,82.49737,0,0,0,0,0,0,0,0,13,0,12,0,6,12,4,1,1.4716220054536404,0,-19.007859481295753,-246.57656090696983,0.020506287579015098,0.09016559881033377,0.9797726449298856,0.00667,1.0699464999999933,0,1.0483043122384672,47.79191938078215,0.01558000750382171,8.761681367672074,0.9732745499021872,0
..\..\..\files\weather\hourly\Spresiano.csv,7/1/2023 12:00:00 AM,26.9,15.3,0,8,98,47,0,0,11.1,11.939852,682.719,25.285889,72.01525,72,82.38562,0,0,0,0,0,0,0,0,13,0,12,0,6,12,4,1,1.0088232163916238,0,-17.999036264904134,-246.57656090696983,0.023650370547358805,0.11067188638934887,0.9282839056385559,0.00667,0.9732984999999914,0,0.90349733293214,47.79191938078215,0.021523211768411578,8.882342864563675,0.9752742274393069,0
..\..\..\files\weather\hourly\Spresiano.csv,7/2/2023 12:00:00 AM,25.9,18,2,15,100,62,0,0,11.950001,11.999815,694.7188,25.730328,72.030235,72,82.27324,0,0,0,0,0,0,0,1,13,0,12,0,6,12,4,2,0.0970241302202314,0,-17.9020121346839,-246.57656090696983,0.026907511867789686,0.13432225693670768,1,0.39637559708979425,1.0127274999999898,0,1.0127274999999898,48.833952427316135,0.02228906194204269,9.173931308576918,0.9795168829268864,0
..\..\..\files\weather\hourly\Spresiano.csv,7/3/2023 12:00:00 AM,28.8,17,7.2000003,10,100,57,0,0,12.9,11.940311,706.6591,26.17256,72.04514,72,82.16142,0,0,1,0,0,0,0,0,13,0,13,0,6,12,4,2,0.7971414251600673,0,-17.104870709523837,-246.57656090696983,0.030199087225284704,0.16122976880449738,0.7617916937283922,1.9731100385266394,1.0127274999999898,0.002,1.5652526798746087,49.4723752084417,0.022366160893215033,9.320505097853605,0.9813689470894484,0
..\..\..\files\weather\hourly\Spresiano.csv,7/4/2023 12:00:00 AM,24.5,18.4,13.8,12,100,71,0,0,11.450001,11.9775715,718.6367,26.616175,72.0601,72,82.04927,1,0,1,0,1,1,0,1,14,0,14,0,7,13,4,3,-0.3241384421639922,0,-17.429009151687836,-246.57656090696983,0.03343480368416015,0.19142885602978207,1,3,1.0586914999999948,0.002,3.002,51.971302983111876,0.022366160893215033,9.657144625101505,0.9850179244325965,0
..\..\..\files\weather\hourly\Spresiano.csv,7/5/2023 12:00:00 AM,28.9,16.9,3.2,8,100,49,0,0,12.9,11.940311,730.577,27.058407,72.075005,72,81.93747,1,0,1,0,1,0,0,0,15,0,15,0,8,13,4,3,1.2391015345086314,0,-16.189907617179202,-246.57656090696983,0.036516439344543995,0.22486365971394223,0.9468545707053291,2.0526990400177865,1.0127274999999898,0,0.9589056622539714,52.59336375476648,0.02231992573622232,9.796593710657556,0.9863129569319306,0
..\..\..\files\weather\hourly\Spresiano.csv,7/6/2023 12:00:00 AM,28,17.1,10.4,8,100,53,0,0,12.549999,11.977676,742.5547,27.502024,72.08996,72,81.82532,1,0,1,1,0,0,0,0,16,0,16,1,8,13,4,3,0.8272109394233719,0,-15.362696677755835,-246.57656090696983,0.03934257258371387,0.26138009905848625,0.9713586541453613,3,1.036786499999998,0.002,2.9160186797443743,53.74547749220645,0.02228906194204269,9.939601198147999,0.9875255975223237,0
..\..\..\files\weather\hourly\Spresiano.csv,7/7/2023 12:00:00 AM,26,17.2,1.6,13,100,61,0,0,11.6,11.988146,754.54285,27.946032,72.10492,72,81.713104,1,0,0,1,0,0,0,1,17,0,16,2,8,13,4,4,0.21024114299907276,0,-15.152455534756768,-246.57656090696983,0.041814005389301565,0.3007226716422001,1,3,1.0127274999999898,0,1.0127274999999898,56.62495011482301,0.022247859019710346,10.19897305706359,0.9894588681711803,0
..\..\..\files\weather\hourly\Spresiano.csv,7/8/2023 12:00:00 AM,29.5,16.6,0,8,100,42,0,0,13.049999,11.918808,766.4617,28.387468,72.119804,72,81.60147,0,0,0,0,0,0,0,0,17,0,16,2,8,13,4,4,1.353636012887583,0,-13.798819521869191,-246.57656090696983,0.04383948786584444,0.3425366770315017,1,0.2402784252955761,1.0699464999999933,0,1.0699464999999933,56.62495011482301,0.019995865540679246,10.311484740683703,0.9902018902865992,0
..\..\..\files\weather\hourly\Spresiano.csv,7/9/2023 12:00:00 AM,30.4,16.9,0,9,100,42,0,0,13.65,11.799978,778.26166,28.824505,72.13454,72,81.490974,0,0,0,0,0,0,0,0,17,0,16,2,8,13,4,4,1.334427926940744,0,-12.464391594928443,-246.57656090696983,0.045341288565359614,0.38637616489734616,0.9636326451305007,0.00667,1.039618500000003,0,1.0018103250816064,56.62495011482301,0.021523211768411578,10.437544149060745,0.9909726297131686,0
..\..\..\files\weather\hourly\Spresiano.csv,7/10/2023 12:00:00 AM,33.6,17.8,0,8,100,47,0,0,15.699999,11.00173,789.26337,29.231977,72.14827,72,81.38798,0,0,0,0,0,0,0,0,17,0,16,2,8,13,4,4,1.3509826157672844,0,-11.113408979161164,-246.57656090696983,0.046260138591778355,0.4317174534627058,0.5545010895376001,0.00667,1.0690024999999963,0,0.5927630509684163,56.62495011482301,0.022347555605306057,10.583084864968322,0.9917876961317874,0
..\..\..\files\weather\hourly\Spresiano.csv,7/11/2023 12:00:00 AM,33.3,20.3,0,9,100,50,0,0,16.8,10.326168,799.58954,29.614428,72.16116,72,81.291275,0,0,0,0,0,0,0,0,17,0,16,2,8,13,4,4,1.2584716868471149,0,-9.854937292314048,-246.57656090696983,0.046559111701883586,0.47797759205448415,0.25228915065050117,0.00667,1.039618500000003,0,0.26228446836554886,56.62495011482301,0.02202840411148315,10.761950477969096,0.9926896717181362,0
..\..\..\files\weather\hourly\Spresiano.csv,7/12/2023 12:00:00 AM,32.2,22.5,0,5,100,53,0,0,17.35,9.92432,809.51385,29.981995,73.00914,73,74.93145,0,0,0,0,0,0,0,0,17,0,16,2,8,13,4,4,1.2132113563930904,0,-8.64172593592096,-246.57656090696983,0.04622608645229686,0.5245367037563677,0,0.00667,0.5952024999999992,0,0,56.62495011482301,0.022204951704230116,10.918278095357408,0.9933967506793707,0
..\..\..\files\weather\hourly\Spresiano.csv,7/13/2023 12:00:00 AM,30.3,20.6,21.8,7,98,56,0,0,15.450001,11.131313,820.64514,30.394264,77.01005,77,39.94976,1,0,1,1,0,0,0,0,18,0,17,3,8,13,4,4,0.7408189849285591,0,-7.9009069509924075,-246.57656090696983,0.045274561587393555,0.5707627902086646,0.6754706610298398,3,1.036786499999998,0.002,2.027762924411579,56.62495011482301,0.02238624076237516,11.118928834752978,0.9942053024008136,0
..\..\..\files\weather\hourly\Spresiano.csv,7/14/2023 12:00:00 AM,29.1,18.2,4,12,100,59,0,0,13.650002,11.799978,832.4451,30.8313,77.02118,77,39.894104,1,0,1,1,1,0,0,1,19,0,18,4,9,13,4,5,0.27302973852010504,0,-7.627877212472299,-246.57656090696983,0.043742748223593315,0.6160373517960581,0.8856445121488321,3,0.8194314999999932,0,0.7257250110568797,58.085957065908225,0.0223800241229412,11.366043391119995,0.9950666902309584,0
..\..\..\files\weather\hourly\Spresiano.csv,7/15/2023 12:00:00 AM,30.2,18,0,6,100,42,0,0,14.1,11.676556,844.1217,31.263765,77.032196,77,39.83902,0,0,0,0,0,0,0,0,19,0,18,4,9,13,4,5,1.4579220877209953,0,-6.169955124751297,-246.57656090696983,0.04169102391928423,0.6597801000196515,0.9183168800000003,0.04555995657963896,0.8194314999999932,0,0.752497778453714,58.085957065908225,0.02188250843570703,11.53026832932345,0.9955672396827094,0
..\..\..\files\weather\hourly\Spresiano.csv,7/16/2023 12:00:00 AM,31.8,18,0,6,100,50,0,0,14.9,11.385003,855.5067,31.685432,77.04294,77,39.78531,0,0,0,0,0,0,0,0,19,0,18,4,9,13,4,5,1.2844480408762624,0,-4.885507083875041,-246.57656090696983,0.03919798504531923,0.7014711239389357,0.6174047790080004,0.00667,1.0127274999999898,0,0.6252627983328184,58.085957065908225,0.022366160893215033,11.683452712552041,0.9959883429735445,0
..\..\..\files\weather\hourly\Spresiano.csv,7/17/2023 12:00:00 AM,32.6,20.6,0,9,100,59,0,0,16.599998,10.461731,865.96844,32.072906,77.05281,77,39.735947,0,0,0,0,0,0,0,1,19,0,18,4,9,13,4,6,1.0614649441850135,0,-3.8240421396900217,-246.57656090696983,0.0363554570973242,0.740669108984255,0.3882912772880005,0.00667,1.0127274999999898,0,0.39323325451967955,58.085957065908225,0.022247859019710346,11.883398888860798,0.9964785058298359,0
..\..\..\files\weather\hourly\Spresiano.csv,7/18/2023 12:00:00 AM,34,22.6,0,6,100,53,0,0,18.3,9.130298,875.09875,32.411064,77.06143,77,39.69284,0,0,0,0,0,0,0,0,19,0,18,4,9,13,4,6,1.266285597437238,0,-2.5577565422527897,-246.57656090696983,0.03326290389044215,0.7770245660815792,0,0.00667,1.0690024999999963,0,0,58.085957065908225,0.022095806247623702,12.053490610188025,0.9968481146251509,0
..\..\..\files\weather\hourly\Spresiano.csv,7/19/2023 12:00:00 AM,34.4,21.7,2.2,7,100,50,0,0,18.050001,9.351481,884.45026,32.757416,77.07025,77,39.648743,0,0,0,1,0,0,0,0,19,0,18,5,9,13,4,6,1.3644968711013055,0,-1.1932596711514805,-246.57656090696983,0.030021708067918408,0.8102874699720214,0.6754706610298398,0.4354446853169288,0.9732984999999914,0,0.6574345811743457,58.085957065908225,0.022347555605306057,12.263905045052216,0.9972521941588327,0
..\..\..\files\weather\hourly\Spresiano.csv,7/20/2023 12:00:00 AM,32.3,20.4,4.2,8,100,56,0,0,16.349998,10.6232395,895.0735,33.15087,77.08028,77,39.598618,0,0,1,1,0,0,0,0,19,0,19,6,9,13,4,6,0.9913041695238152,0,-0.2019555016276655,-246.57656090696983,0.026729775991582872,0.8403091780399398,0.7455547032888186,1.2600329539945236,1.0568034999999938,0,0.7879048198770804,58.11883049081208,0.02202840411148315,12.503539251369885,0.9976497521686053,0
..\..\..\files\weather\hourly\Spresiano.csv,7/21/2023 12:00:00 AM,32.2,20.4,0,5,98,44,0,0,16.3,10.65448,905.72797,33.54548,77.09033,77,39.54834,0,0,0,0,0,0,0,0,19,0,19,6,9,13,4,6,1.5262799009524397,0,1.3243243993247802,-246.57656090696983,0.023476855443560787,0.8670389540315226,0.5324390024444474,0.827120596584977,1.0733834999999985,0,0.5715112399803287,58.11883049081208,0.02228906194204269,12.709463969387919,0.9979451560353173,0
..\..\..\files\weather\hourly\Spresiano.csv,7/22/2023 12:00:00 AM,28.1,19.1,12.2,5,97,59,0,0,13.6,11.81188,917.53986,33.982956,77.10148,77,39.492607,1,0,1,1,0,0,0,0,20,0,20,7,9,13,4,6,0.43582851856416366,0,1.760152917888945,-246.57656090696983,0.02034085563681196,0.8905158094750835,0.9282839056385559,2.4117362765956534,1.0699464999999933,0,0.9932141158442969,58.55700638787328,0.021962370145876757,12.873916081354439,0.9981541915343566,0
..\..\..\files\weather\hourly\Spresiano.csv,7/23/2023 12:00:00 AM,27.6,17.7,1,8,100,54,0,0,12.650002,11.968834,929.50867,34.426247,77.11277,77,39.43615,1,0,0,1,0,0,0,0,21,0,20,8,9,13,4,6,0.7705931083690437,0,2.5307460262579866,-246.57656090696983,0.017385340232468433,0.9108566651118954,0.9282839056385559,2.611828336596988,1.008951499999995,0,0.9365934390198747,59.5768239355553,0.022347555605306057,13.04887245206568,0.9983533044781382,0
..\..\..\files\weather\hourly\Spresiano.csv,7/24/2023 12:00:00 AM,30.3,19.1,0,0,98,55,0,0,14.700001,11.466516,940.97516,34.85093,77.12359,77,39.382057,0,0,0,0,0,0,0,0,21,0,20,8,9,13,4,6,1.131831143978122,0,3.662577170236105,-246.57656090696983,0.014658240942247765,0.9282420053443639,0.6372923333693594,0.2012989,1.0586914999999948,0,0.6746959763533038,59.5768239355553,0.02231992573622232,13.231203201779085,0.9985380062930458,0
..\..\..\files\weather\hourly\Spresiano.csv,7/25/2023 12:00:00 AM,27.5,18.6,11,7,100,73,0,0,13.049999,11.918808,952.894,35.29237,77.134834,77,39.32583,1,0,1,1,0,0,0,0,22,0,21,9,9,13,4,6,0.09606530456652629,0,3.7586424748026275,-246.57656090696983,0.012191726258485783,0.9429002462866116,1,2.172216882178438,1.0127274999999898,0,1.0127274999999898,60.283532232430304,0.022366160893215033,13.486685299066222,0.998762511866181,0
..\..\..\files\weather\hourly\Spresiano.csv,7/26/2023 12:00:00 AM,27,17.3,19.4,14,100,69,0,0,12.15,11.998337,964.89233,35.736755,77.14616,77,39.26922,1,0,1,1,1,0,0,1,23,0,22,10,10,13,4,7,-0.1569749909180614,0,3.601667483884569,-246.57656090696983,0.010003068313325942,0.9550919725450974,1,3,1.039618500000003,0,1.039618500000003,63.05144153579598,0.02228906194204269,13.755217880158272,0.9989614438704428,0
..\..\..\files\weather\hourly\Spresiano.csv,7/27/2023 12:00:00 AM,26.3,15.8,0,6,100,52,0,0,11.049999,11.932967,976.8253,36.178715,77.15742,77,39.212914,1,0,0,0,1,0,0,0,24,0,22,10,11,13,4,7,0.8867244818615053,0,4.488391965746075,-246.57656090696983,0.008096288059080695,0.9650950408584233,0.9858924031138201,3,0.5952024999999992,0,0.5868056230643527,63.05144153579598,0.01146344546544497,13.82838579632369,0.9990098739316389,0
..\..\..\files\weather\hourly\Spresiano.csv,7/28/2023 12:00:00 AM,25.3,13.5,0,1,97,42,0,0,9.4,11.49389,988.3192,36.604416,77.16827,77,39.15867,0,0,0,0,0,0,0,0,24,0,22,10,11,13,4,7,1.066140335405236,0,5.554532301151312,-246.57656090696983,0.006464327540001557,0.973191328917504,1,0.00667,1.0699464999999933,0,1.0699464999999933,63.05144153579598,0.01592879192856255,13.927651608381776,0.9990719897441606,0
..\..\..\files\weather\hourly\Spresiano.csv,7/29/2023 12:00:00 AM,27.5,15.6,0,6,100,58,0,0,11.549999,11.984993,1000.3042,37.048306,77.17957,77,39.102135,0,0,0,0,0,0,0,0,24,0,22,10,11,13,4,7,0.8737546072164087,0,6.428286908367724,-246.57656090696983,0.005091496393569156,0.9796556564575056,0.8487351070853011,0.00667,1.0586914999999948,0,0.8985486436227936,63.05144153579598,0.02228906194204269,14.05269010642446,0.9991447198832876,0
..\..\..\files\weather\hourly\Spresiano.csv,7/30/2023 12:00:00 AM,29.1,19,0,4,100,58,0,0,14.049999,11.691715,1011.9959,37.481327,77.190605,77,39.046974,0,0,0,0,0,0,0,0,24,0,22,10,11,13,4,7,0.765816595660171,0,7.194103504027893,-246.57656090696983,0.0039559629223646555,0.9847471528510748,0.5545010895376001,0.00667,1.0733834999999985,0,0.5951923202416818,63.05144153579598,0.022347555605306057,14.243041435187394,0.9992446512080206,0
..\..\..\files\weather\hourly\Spresiano.csv,7/31/2023 12:00:00 AM,28.8,19.3,9.6,8,100,59,0,0,14.049999,11.691715,1023.6876,37.914356,77.20164,77,38.991814,0,0,1,1,0,0,0,0,24,0,23,11,11,13,4,7,0.8339051262858816,0,8.028008630313778,-246.57656090696983,0.003032101040900474,0.9887031157734395,0.8970008473849844,1.8935926287374696,1.0127274999999898,0,0.9084174256700677,63.230661063181685,0.02231992573622232,14.462135926638387,0.9993453103706882,0
..\..\..\files\weather\hourly\Spresiano.csv,8/1/2023 12:00:00 AM,29,18.8,0,7,100,54,0,0,13.9,11.735028,1035.4226,38.348984,77.212715,77,38.936424,0,0,0,0,0,0,0,0,24,0,23,11,11,13,4,7,1.3146285309338113,0,9.342637161247595,-246.57656090696983,0.002292555253829012,0.99173521681434,0.9786475553404227,0.00667,1.0127274999999898,0,0.9911032921010079,63.230661063181685,0.022366160893215033,14.6197743962408,0.9994093312430412,0
..\..\..\files\weather\hourly\Spresiano.csv,8/2/2023 12:00:00 AM,26.1,18.3,20.2,12,100,75,0,0,12.200001,11.997045,1047.4197,38.793324,77.22404,77,38.879814,1,0,1,1,0,0,0,1,25,0,24,12,11,13,4,8,-0.2335725907429848,0,9.109064570504614,-246.57656090696983,0.0017099390824744502,0.994027772068169,1,3,1.0733834999999985,0,1.0733834999999985,65.75190008819663,0.022150463437232336,14.934997752879491,0.9995191912970488,0
..\..\..\files\weather\hourly\Spresiano.csv,8/3/2023 12:00:00 AM,28.2,18,0,0,98,56,0,0,13.1,11.91091,1059.3306,39.234467,77.235275,77,38.823624,1,0,0,0,0,0,0,0,26,0,24,12,11,13,4,8,1.1736474928775216,0,10.282712063382135,-246.57656090696983,0.0012581318327320142,0.9957377111506434,0.4629130998764608,3,1.008951499999995,0,0.46705686649000255,65.75190008819663,0.022204951704230116,15.08758340591331,0.9995647790404202,0
..\..\..\files\weather\hourly\Spresiano.csv,8/4/2023 12:00:00 AM,30,21.2,0,0,100,63,0,0,15.6,11.05463,1070.3853,39.643898,78.008125,78,34.959373,0,0,0,0,0,0,0,0,26,0,24,12,11,13,4,8,0.7458714040449557,0,11.028583467427097,-246.57656090696983,0.000913179909126819,0.9969958429833754,0.7617916937283922,0.00667,1.0127274999999898,0,0.7714873975103125,65.75190008819663,0.022366160893215033,15.372240085276466,0.9996385911153448,0
..\..\..\files\weather\hourly\Spresiano.csv,8/5/2023 12:00:00 AM,27.4,18.2,1.4,12,100,72,0,0,12.799999,11.952821,1082.3381,40.086597,78.01725,78,34.91375,0,0,0,1,0,0,0,1,26,0,24,13,11,13,4,9,0.13408584887312444,0,11.162669316300224,-246.57656090696983,0.0006538396150611142,0.9979090228925023,1,0.43544468240538864,1.0586914999999948,0.002,1.0586914999999948,66.6327315788576,0.02202840411148315,15.60515744855583,0.999689575590831,0
..\..\..\files\weather\hourly\Spresiano.csv,8/6/2023 12:00:00 AM,21,16.4,18.6,19,100,87,0,0,8.700001,11.181672,1093.5198,40.500732,78.02579,78,34.871063,1,0,1,1,0,0,0,1,27,0,25,14,11,13,4,10,-1.3440468235875465,0,9.818622492712677,-246.57656090696983,0.00046181793761798385,0.9985628625075634,1,3,1.0127274999999898,0,1.0127274999999898,70.6327315788576,0.020833506945891173,15.911552085460158,0.9997458580744522,0
..\..\..\files\weather\hourly\Spresiano.csv,8/7/2023 12:00:00 AM,25,14.7,0.2,6,100,65,0,0,9.85,11.654705,1105.1744,40.93239,78.03469,78,34.826546,1,0,0,0,0,0,0,0,28,0,25,14,11,13,4,10,0.5277143158474602,0,10.346336808560139,-246.57656090696983,0.00032177703810546505,0.9990246804451814,0.9019672922707105,2.092520471067563,1.0127274999999898,0,0.9134470809830767,73.69795622073157,0.016631713933684684,16.036249081176905,0.9997657296775864,0
..\..\..\files\weather\hourly\Spresiano.csv,8/8/2023 12:00:00 AM,26.8,12.1,0,8,100,32,0,0,9.450001,11.513293,1116.6877,41.358803,78.04348,78,34.7826,0,0,0,0,0,0,0,0,28,0,25,14,11,13,4,10,1.4673641531560988,0,11.813700961716236,-246.57656090696983,0.00022116886391750727,0.9993464574832869,0.9797726449298856,0.00667,0.5952024999999992,0,0.5831631276938795,73.69795622073157,0.0117445704009218,16.09706135252023,0.9997748493305483,0
..\..\..\files\weather\hourly\Spresiano.csv,8/9/2023 12:00:00 AM,25.5,12.8,0,0,100,53,0,0,9.15,11.391096,1128.0789,41.780697,78.05218,78,34.739113,0,0,0,0,0,0,0,0,28,0,25,14,11,13,4,10,0.992381753823635,0,12.806082715539873,-246.57656090696983,0.0001499607519559435,0.9995676263472044,1,0.00667,1.0127274999999898,0,1.0127274999999898,73.69795622073157,0.017686593562080025,16.18457001609035,0.9997873531271803,0
..\..\..\files\weather\hourly\Spresiano.csv,8/10/2023 12:00:00 AM,25.9,16.2,0,4,100,56,0,0,11.049999,11.932967,1140.0118,42.22266,78.061295,78,34.693527,0,1,0,0,0,0,0,0,28,1,25,14,11,13,4,10,0.9523196699607821,0,13.75840238550066,-246.57656090696983,0.00010030346056689982,0.9997175870991604,0.9554658487193829,0.00667,1.0733834999999985,0,1.0255812768288803,73.76131894557354,0.01837836095770071,16.332867776337444,0.9998069779767551,0
..\..\..\files\weather\hourly\Spresiano.csv,8/11/2023 12:00:00 AM,26.7,16.4,0,8,100,47,0,0,11.549999,11.984993,1151.9968,42.66655,78.07044,78,34.64779,0,0,0,0,0,0,0,0,28,1,25,14,11,13,4,10,1.3057225336862264,0,15.064124919186881,-246.57656090696983,6.618185096734029E-05,0.9998178905597273,1,0.00667,1.0127274999999898,0,1.0127274999999898,73.76131894557354,0.01592879192856255,16.461722290444207,0.9998225533352214,0
..\..\..\files\weather\hourly\Spresiano.csv,8/12/2023 12:00:00 AM,29,15.9,0,9,100,48,0,0,12.450001,11.98505,1163.9819,43.110443,78.0796,78,34.602013,0,0,0,0,0,0,0,0,28,1,25,14,11,13,4,10,1.3987454811834534,0,16.462870400370335,-246.57656090696983,4.3077112732545596E-05,0.9998840724106945,1,0.00667,1.0127274999999898,0,1.0127274999999898,73.76131894557354,0.02131211883485227,16.58493929404768,0.9998362704076629,0
..\..\..\files\weather\hourly\Spresiano.csv,8/13/2023 12:00:00 AM,29.7,16.6,0,8,100,51,0,0,13.150002,11.902644,1175.8845,43.551277,78.088684,78,34.55658,0,0,0,0,0,0,0,0,28,1,25,14,11,13,4,10,1.2874826748531358,0,17.750353075223472,-246.57656090696983,2.7659157624220348E-05,0.9999271495234271,0.9078904497013098,0.00667,1.039618500000003,0,0.943859707482804,73.76131894557354,0.02238624076237516,16.744714115658248,0.9998524906752428,0
..\..\..\files\weather\hourly\Spresiano.csv,8/14/2023 12:00:00 AM,32.3,18,0,10,100,46,0,0,15.15,11.275049,1187.1595,43.968872,78.0973,78,34.51351,0,0,0,0,0,0,0,0,28,1,25,14,11,13,4,10,1.4541900543756108,0,19.204543129599088,-246.57656090696983,1.751926963609251E-05,0.9999548086810514,0.8354726314950569,0.00667,1.0699464999999933,0,0.8939110179139202,73.76131894557354,0.02238624076237516,16.93748581753811,0.9998699368378393,0
..\..\..\files\weather\hourly\Spresiano.csv,8/15/2023 12:00:00 AM,31.3,19.2,0,6,99,51,0,0,15.25,11.228566,1198.3881,44.384743,78.10587,78,34.470634,0,0,0,0,0,0,0,0,28,1,25,14,11,13,4,10,1.4955707360380557,0,20.70011386563715,-246.57656090696983,1.0946561703036663E-05,0.9999723279506875,0.6372923333693594,0.00667,0.9298275000000018,0,0.5925719371059992,73.76131894557354,0.02231992573622232,17.12331220045291,0.9998847984735313,0
..\..\..\files\weather\hourly\Spresiano.csv,8/16/2023 12:00:00 AM,31.9,18.6,0,3,99,42,0,0,15.25,11.228566,1209.6166,44.800613,78.11445,78,34.427757,0,0,0,0,0,0,0,0,28,1,25,14,11,13,4,10,1.7172964118317722,0,22.417410277468917,-246.57656090696983,6.747208752451292E-06,0.9999832745123906,0.41373857593964236,0.00667,0,0,0,73.76131894557354,0.02238624076237516,17.273072834544188,0.9998955305513505,0
..\..\..\files\weather\hourly\Spresiano.csv,8/17/2023 12:00:00 AM,32.5,21.2,0,0,91,42,0,0,16.85,10.291395,1219.908,45.181774,78.12231,78,34.388466,0,0,0,0,0,0,0,0,28,1,25,14,11,13,4,10,1.7874324812549265,0,24.204842758723842,-246.57656090696983,4.102562912916203E-06,0.999990021721143,0.7617916937283922,0.00667,0.9732984999999914,0,0.741450712818297,73.76131894557354,0.02131211883485227,17.273072834544188,0.9998955305513505,0
..\..\..\files\weather\hourly\Spresiano.csv,8/18/2023 12:00:00 AM,31.5,19.7,0,2,100,50,0,0,15.6,11.05463,1230.9626,45.59121,78.130745,78,34.346275,0,0,0,0,0,0,0,0,28,1,25,14,11,13,4,10,1.512572519975269,0,25.717415278699107,-246.57656090696983,2.460770078488388E-06,0.999994124284056,0.7455547032888186,0.00667,0.406626499999998,0,0.3031622995568693,73.76131894557354,0.022347555605306057,17.410141771423028,0.9999044745095279,0
..\..\..\files\weather\hourly\Spresiano.csv,8/19/2023 12:00:00 AM,31.9,20.4,0,0,96,52,0,0,16.15,10.746079,1241.7087,45.989212,78.138954,78,34.30523,0,0,0,0,0,0,0,0,28,1,25,14,11,13,4,10,1.5207967252048844,0,27.238212003903996,-246.57656090696983,1.4560339791123958E-06,0.9999965850541345,0.4866491334103735,0.00667,1.008951499999995,0,0.491005373128094,73.76131894557354,0.022366160893215033,17.55240381047553,0.9999129484690037,0
..\..\..\files\weather\hourly\Spresiano.csv,8/20/2023 12:00:00 AM,32.8,20.2,0,7,100,53,0,0,16.5,10.527393,1252.2361,46.379112,78.146996,78,34.265022,0,0,0,0,0,0,0,0,28,1,25,14,11,13,4,10,1.476509193889381,0,28.71472119779338,-246.57656090696983,8.498781578836482E-07,0.9999980410881136,0.41373857593964236,0.00667,1.0733834999999985,0,0.4441001607271085,73.76131894557354,0.021962370145876757,17.76457718526149,0.9999242107341313,0
..\..\..\files\weather\hourly\Spresiano.csv,8/21/2023 12:00:00 AM,33.5,21,0,4,98,45,0,0,17.25,10.000547,1262.2366,46.749504,78.15463,78,34.226837,0,0,0,0,0,0,0,0,28,1,25,14,11,13,4,10,1.7405322369449,0,30.45525343473828,-246.57656090696983,4.893577951009957E-07,0.9999988909662715,0.41373857593964236,0.00667,1.036786499999998,0,0.42895857006344523,73.76131894557354,0.022347555605306057,17.973097559666883,0.999933858413714,0
..\..\..\files\weather\hourly\Spresiano.csv,8/22/2023 12:00:00 AM,35.3,21.5,0,0,96,40,0,0,18.4,9.039381,1271.276,47.084297,78.16153,78,34.192352,0,0,0,0,0,0,0,0,28,1,25,14,11,13,4,10,1.9002172431973623,0,32.35547067793564,-246.57656090696983,2.779591907057475E-07,0.9999993803240665,0.3084603317043957,0.00667,0.8785384999999977,0,0.2709942771250815,73.76131894557354,0.02231992573622232,18.15621023602996,0.9999413123777203,0
..\..\..\files\weather\hourly\Spresiano.csv,8/23/2023 12:00:00 AM,35.1,20.2,0,2,98,37,0,0,17.65,9.687221,1280.9633,47.443085,78.16893,78,34.15535,0,0,0,0,0,0,0,0,28,1,25,14,11,13,4,10,1.8741117437275394,0,34.22958242166318,-246.57656090696983,1.5574720132498263E-07,0.9999996582832572,0.8970008473849844,0.00667,1.0690024999999963,0,0.9588961483566635,73.76131894557354,0.022366160893215033,18.365281784023523,0.999948801570156,0
..\..\..\files\weather\hourly\Spresiano.csv,8/24/2023 12:00:00 AM,36.2,20.1,0,0,94,37,0,0,18.150002,9.264053,1290.2273,47.786198,78.176,78,34.119987,0,0,0,0,0,0,0,0,28,1,25,14,11,13,4,10,1.9209537731913493,0,36.15053619485454,-246.57656090696983,8.60883034714926E-08,0.9999998140304586,0,0.00667,0.5952024999999992,0,0,73.76131894557354,0.019995865540679246,18.495694291379944,0.9999529810088571,0
..\..\..\files\weather\hourly\Spresiano.csv,8/25/2023 12:00:00 AM,35.7,21.6,0,0,93,43,0,0,18.650002,8.805998,1299.0333,48.112343,78.18273,78,34.08634,0,0,0,0,0,0,0,0,28,1,25,14,11,13,4,10,1.888191105035288,0,38.038727299889814,-246.57656090696983,4.694104269371644E-08,0.999999900118762,0,0.00667,0.5952024999999992,0,0,73.76131894557354,0.02202840411148315,18.597720074210027,0.9999560114107069,0
..\..\..\files\weather\hourly\Spresiano.csv,8/26/2023 12:00:00 AM,35.1,21.4,0,4,99,35,0,0,18.25,9.175232,1308.2085,48.452168,78.189735,78,34.051323,0,0,0,0,0,0,0,0,28,1,25,14,11,13,4,10,1.8750436695762658,0,39.91377096946607,-246.57656090696983,2.5249105691478722E-08,0.9999999470598048,0.4866491334103735,0.00667,0.7525065000000026,0,0.3662066361106745,73.76131894557354,0.022366160893215033,18.759826574606144,0.999960429775434,0
..\..\..\files\weather\hourly\Spresiano.csv,8/27/2023 12:00:00 AM,33.9,19.5,0,3,98,43,0,0,16.7,10.394653,1318.6031,48.837154,79.00584,79,29.970818,0,0,0,0,0,0,0,0,28,1,25,14,11,13,4,10,1.6429262734490302,0,41.55669724291511,-246.57656090696983,1.339750578667501E-08,0.9999999723089105,0,0.00667,1.0690024999999963,0,0,73.76131894557354,0.022204951704230116,18.949721872840456,0.9999650444376313,0
..\..\..\files\weather\hourly\Spresiano.csv,8/28/2023 12:00:00 AM,30.9,22.6,0,2,93,56,0,0,16.75,10.360586,1328.9637,49.220882,79.01248,79,29.937592,0,0,0,0,0,0,0,0,28,1,25,14,11,13,4,10,1.1506109190281404,0,42.707308161943246,-246.57656090696983,7.012721491762007E-09,0.9999999857064162,0.0032627906304210086,0.00667,0.5952024999999992,0,0.0019420211402031576,73.76131894557354,0.022095806247623702,19.12407735085479,0.9999688060126878,0
..\..\..\files\weather\hourly\Spresiano.csv,8/29/2023 12:00:00 AM,24,18.6,15.4,14,100,85,0,0,11.299999,11.963646,1340.9274,49.663975,79.02016,79,29.899216,1,1,1,0,0,0,1,1,29,2,26,14,11,13,5,11,-0.7655322829132325,0,41.94177587903002,-246.57656090696983,3.6210449372837992E-09,0.9999999927191378,0.9979280779280003,3,1.0586914999999948,0,1.0564979737137064,76.371127713109,0.022366160893215033,19.597962637018725,0.9999771081163683,0
..\..\..\files\weather\hourly\Spresiano.csv,8/30/2023 12:00:00 AM,22.3,16.8,19.2,12,100,75,0,0,9.549999,11.550946,1352.4783,50.091785,79.027565,79,29.862175,1,1,1,0,1,0,1,0,30,3,27,14,12,13,6,11,-0.44743884790664634,0,41.494337031123365,-246.57656090696983,1.844445905385571E-09,0.9999999963401827,1,3,1.0586914999999948,0,1.0586914999999948,80.02019345850563,0.019995865540679246,19.837309766825467,0.9999804203570487,0
..\..\..\files\weather\hourly\Spresiano.csv,8/31/2023 12:00:00 AM,22.1,15.7,6.2000003,18,100,58,0,0,8.9,11.278633,1363.757,50.509518,79.0348,79,29.826012,1,1,1,0,1,0,1,1,31,4,28,14,13,13,7,12,-0.1621730948718769,0,41.332163936251476,-246.57656090696983,9.267927243534853E-10,0.9999999981846286,0.9797726449298856,2.092520429521285,1.0127274999999898,0,0.9922427012682207,83.43192975594916,0.015233973575193875,20.021690774588407,0.9999826413539444,0
..\..\..\files\weather\hourly\Spresiano.csv,9/1/2023 12:00:00 AM,24.1,15.8,4,15,100,64,0,0,9.950001,11.6862335,1375.4432,50.942345,79.04229,79,29.788551,0,1,1,0,0,0,0,1,31,5,29,14,13,13,7,13,0.7240054358728799,0,42.056169372124344,-246.57656090696983,4.5939259870545697E-10,0.9999999991114213,1,1.1417510218329467,1.0127274999999898,0,1.0127274999999898,85.66168661491844,0.014891329271696462,20.1744607392628,0.9999842894454452,0
..\..\..\files\weather\hourly\Spresiano.csv,9/2/2023 12:00:00 AM,26.9,16.8,0,11,100,56,0,0,11.849998,11.998336,1387.4415,51.386726,79.04999,79,29.750061,0,0,0,0,0,0,0,0,31,5,29,14,13,13,7,13,1.2300941248815727,0,43.286263497005905,-246.57656090696983,2.2463118969062577E-10,0.999999999570814,1,0.7878724204648584,1.0127274999999898,0,1.0127274999999898,85.98523767432675,0.021081758160876384,20.322461429487454,0.9999857367111356,0
..\..\..\files\weather\hourly\Spresiano.csv,9/3/2023 12:00:00 AM,27.8,16.2,0,13,100,59,0,0,12,12,1399.4415,51.83117,79.057686,79,29.71157,0,0,0,0,0,0,0,1,31,5,29,14,13,13,7,14,1.2297030843104113,0,44.51596658131632,-246.57656090696983,1.0835296638136994E-10,0.9999999997954452,1,0.00667,1.0127274999999898,0,1.0127274999999898,86.35197812436297,0.02238624076237516,20.494836786410122,0.999987255132071,0
..\..\..\files\weather\hourly\Spresiano.csv,9/4/2023 12:00:00 AM,28,17.3,0,13,100,63,0,0,12.65,11.968836,1411.4104,52.27446,79.06536,79,29.673195,0,0,0,0,0,0,0,1,31,5,29,14,13,13,7,15,1.133215703320611,0,45.649182284636936,-246.57656090696983,5.155802097147459E-11,0.9999999999037982,0.8970008473849844,0.00667,1.0586914999999948,0,0.9496471726192756,86.67627413445699,0.022347555605306057,20.71994505029012,0.9999889973753375,0
..\..\..\files\weather\hourly\Spresiano.csv,9/5/2023 12:00:00 AM,27.2,20.2,0,5,99,59,0,0,13.700001,11.787713,1423.1981,52.71104,79.07292,79,29.635391,0,0,0,0,0,0,0,0,31,5,29,14,13,13,7,15,1.4793421580468173,0,47.128524442683755,-246.57656090696983,2.4201169711874243E-11,0.9999999999553562,0.7617916937283922,0.00667,0,0,0,86.67627413445699,0.021713745435454904,20.87423131209044,0.9999900518614994,0
..\..\..\files\weather\hourly\Spresiano.csv,9/6/2023 12:00:00 AM,27.3,15.2,0,1,95,38,0,0,11.25,11.958258,1435.1564,53.15394,79.08059,79,29.597054,0,0,0,0,0,0,0,0,31,5,29,14,13,13,7,15,1.815012623173226,0,48.94353706585699,-246.57656090696983,1.1206272027607722E-11,0.9999999999795574,0.9445675210548152,0.00667,1.0690024999999963,0,1.0097450414263967,86.67627413445699,0.01592879192856255,20.945033708839237,0.9999905013307678,0
..\..\..\files\weather\hourly\Spresiano.csv,9/7/2023 12:00:00 AM,28.8,14.5,0,10,95,39,0,0,11.65,11.990925,1447.1473,53.598053,84.005356,84,12.48661,0,0,0,0,0,0,0,0,31,5,29,14,13,13,7,15,1.8097623524690738,0,50.753299418326066,-246.57656090696983,5.118829321667855E-12,0.9999999999907636,1,0.00667,1.0690024999999963,0,1.0690024999999963,86.67627413445699,0.01937481351741991,21.046921419209873,0.9999911127351275,0
..\..\..\files\weather\hourly\Spresiano.csv,9/8/2023 12:00:00 AM,29.2,15.6,0,4,95,38,0,0,12.400002,11.988186,1459.1355,54.042053,84.012184,84,12.46954,0,0,0,0,0,0,0,0,31,5,29,14,13,13,7,15,1.8739018114310582,0,52.627201229757134,-246.57656090696983,2.3065603515103203E-12,0.9999999999958824,1,0.00667,0.8785384999999977,0,0.8785384999999977,86.67627413445699,0.014218359883750739,21.141771023223946,0.9999916464816094,0
..\..\..\files\weather\hourly\Spresiano.csv,9/9/2023 12:00:00 AM,30,15.8,0,4,95,38,0,0,12.9,11.940311,1471.0758,54.48429,84.01899,84,12.452526,0,0,0,0,0,0,0,0,31,5,29,14,13,13,7,15,1.8884212804035663,0,54.51562251016071,-246.57656090696983,1.0252828217374986E-12,0.999999999998189,1,0.00667,1.008951499999995,0,1.008951499999995,86.67627413445699,0.016984205259025983,21.24768589339409,0.9999922047023763,0
..\..\..\files\weather\hourly\Spresiano.csv,9/10/2023 12:00:00 AM,30,16.1,0,3,96,35,0,0,13.049999,11.918808,1482.9946,54.925728,84.02578,84,12.435551,0,0,0,0,0,0,0,0,31,5,29,14,13,13,7,15,1.9403517795118315,0,56.455974289672554,-246.57656090696983,4.495802500399113E-13,0.9999999999992143,1,0.00667,1.0733834999999985,0,1.0733834999999985,86.67627413445699,0.016631713933684684,21.356845974017144,0.9999927410193064,0
..\..\..\files\weather\hourly\Spresiano.csv,9/11/2023 12:00:00 AM,30.2,15.6,0,6,100,38,0,0,12.900002,11.940311,1494.9349,55.367958,84.032585,84,12.418537,0,0,0,0,0,0,0,0,31,5,29,14,13,13,7,15,1.8498801017065019,0,58.30585439137906,-246.57656090696983,1.9447127121653167E-13,0.9999999999996638,1,0.00667,1.0699464999999933,0,1.0699464999999933,86.67627413445699,0.019049905232834126,21.467076811367956,0.9999932451623712,0
..\..\..\files\weather\hourly\Spresiano.csv,9/12/2023 12:00:00 AM,30.3,14.4,0,11,100,45,0,0,12.349998,11.990954,1506.9259,55.812073,84.03941,84,12.401466,0,0,0,0,0,0,0,0,31,5,29,14,13,13,7,15,1.733950382291916,0,60.039804773670966,-246.57656090696983,8.298285389024764E-14,0.9999999999998583,1,0.00667,1.0127274999999898,0,1.0127274999999898,86.67627413445699,0.020833506945891173,21.570731734381518,0.9999936872431034,0
..\..\..\files\weather\hourly\Spresiano.csv,9/13/2023 12:00:00 AM,28.7,14.4,0,12,100,52,0,0,11.549999,11.984993,1518.9109,56.25596,88.00301,88,2.492466,0,0,0,0,0,0,0,0,31,5,29,14,13,13,7,15,1.3913597271514535,0,61.43116450082243,-246.57656090696983,3.4930593551192226E-14,0.9999999999999413,1,0.00667,1.0127274999999898,0,1.0127274999999898,86.8374847521346,0.020568793598028105,21.710508903875294,0.9999942379214216,0
..\..\..\files\weather\hourly\Spresiano.csv,9/14/2023 12:00:00 AM,26.9,17,1.2,15,100,60,0,0,11.950001,11.999815,1530.9106,56.700397,88.00824,88,2.4794006,0,0,0,1,0,0,0,1,31,5,29,15,13,13,7,16,0.9482720819405418,0,62.37943658276296,-246.57656090696983,1.4504683244451328E-14,0.9999999999999762,0.9554658487193829,0.7094297720404681,1.039618500000003,0.002,0.9933199724468748,87.66171668301075,0.02188250843570703,21.894556987296564,0.9999948904302567,0
..\..\..\files\weather\hourly\Spresiano.csv,9/15/2023 12:00:00 AM,26.4,18.2,13.6,9,100,66,0,0,12.299999,11.993353,1542.904,57.144592,88.013466,88,2.4663353,1,1,1,1,0,0,0,0,32,6,30,16,13,13,7,16,0.6857824702644753,0,63.06521905302745,-246.57656090696983,5.9414879104985205E-15,0.9999999999999908,1,3,1.0690024999999963,0,1.0690024999999963,90.19776004563637,0.02231992573622232,22.131987595300583,0.9999956242699188,0
..\..\..\files\weather\hourly\Spresiano.csv,9/16/2023 12:00:00 AM,26.8,16.2,0,7,100,55,0,0,11.5,11.981468,1554.8855,57.588352,88.018684,88,2.453289,0,0,0,0,0,0,0,0,32,6,30,16,13,13,7,16,1.2673448492358077,0,64.33256390226325,-246.57656090696983,2.4008601963169643E-15,0.9999999999999968,1,0.00667,1.0127274999999898,0,1.0127274999999898,90.26546191716474,0.016279621132666545,22.270299505295352,0.9999960021532914,0
..\..\..\files\weather\hourly\Spresiano.csv,9/17/2023 12:00:00 AM,26.1,14.7,0,13,100,58,0,0,10.4,11.80928,1566.6948,58.025734,88.023834,88,2.4404144,0,0,0,0,0,0,0,0,32,6,30,16,13,13,7,16,1.1279504294565246,0,65.46051433171976,-246.57656090696983,9.57024840238912E-16,0.9999999999999992,1,0.00667,1.0127274999999898,0,1.0127274999999898,90.71824779626702,0.02231992573622232,22.413310238068878,0.9999963585933,0
..\..\..\files\weather\hourly\Spresiano.csv,9/18/2023 12:00:00 AM,25.8,16.3,0,14,100,69,0,0,11.049999,11.932967,1578.6278,58.467697,88.02903,88,2.4274254,0,0,0,0,0,0,0,1,32,6,30,16,13,13,7,17,0.846417679302962,0,66.30693201102272,-246.57656090696983,3.7632600851592626E-16,1.0000000000000002,0.9919285609420946,0.00667,1.0127274999999898,0,1.004553331701475,91.40150359660291,0.022095806247623702,22.61257036423456,0.9999968028703504,0
..\..\..\files\weather\hourly\Spresiano.csv,9/19/2023 12:00:00 AM,24.3,18.4,6.4,15,100,84,0,0,11.349998,11.968661,1590.5964,58.910976,88.03425,88,2.4143791,0,1,1,1,0,0,0,1,32,7,31,17,13,13,7,18,0.09343271712380019,0,66.40036472814651,-246.57656090696983,1.4597885168829094E-16,1.0000000000000007,1,1.2600329275384314,1.0127274999999898,0,1.0127274999999898,93.12768474807741,0.0223800241229412,23.009982363288458,0.9999975336390793,0
..\..\..\files\weather\hourly\Spresiano.csv,9/20/2023 12:00:00 AM,27.8,16.9,4.3999996,16,100,62,0,0,12.349998,11.990954,1602.5874,59.355087,88.039474,88,2.4013138,0,1,1,1,0,0,0,1,32,8,32,18,13,13,7,19,0.7449783529572356,0,67.14534308110376,-246.57656090696983,5.585992354509042E-17,1.0000000000000009,1,2.13235964196555,1.0127274999999898,0,1.0127274999999898,95.53872667431926,0.02238624076237516,23.27559273320954,0.9999979263706575,0
..\..\..\files\weather\hourly\Spresiano.csv,9/21/2023 12:00:00 AM,27.3,15.4,0.2,10,100,60,0,0,11.349998,11.968661,1614.556,59.79837,88.044685,88,2.3882866,0,0,0,0,0,0,0,0,32,8,32,18,13,13,7,19,1.1533146603296425,0,68.2986577414334,0,1.183007059957957E-27,1.0000000000000009,1,0.8663866671296242,1.0127274999999898,0,1.0127274999999898,96.55485045463709,0.02231992573622232,23.4541615378011,0.999998154601834,0
..\..\..\files\weather\hourly\Spresiano.csv,9/22/2023 12:00:00 AM,25.3,16.4,3,17,100,64,0,0,10.849998,11.901681,1626.4578,60.239178,88.04987,88,2.3753166,0,1,1,0,0,0,0,1,32,9,33,18,13,13,7,20,0.5948793265851067,0,68.8935370680185,0,0,0,0.9855028870152411,0.5919001204181491,1.0127274999999898,0,0.9980458750097175,97.92295915207659,0.02188250843570703,23.70269511167113,0.9999984310560075,0
..\..\..\files\weather\hourly\Spresiano.csv,9/23/2023 12:00:00 AM,22.4,16.6,3.2,22,100,86,0,0,9.5,11.532312,1637.9901,60.666298,88.0549,88,2.3627472,0,1,1,0,0,0,0,1,32,10,34,18,13,13,7,21,-0.32032653250968485,0,68.57321053550882,-4.875000095367431,0,0,1,1.2205877430317273,1.0127274999999898,0,1.0127274999999898,99.99321768295614,0.0223800241229412,24.112952010983282,0.9999987997796008,0
..\..\..\files\weather\hourly\Spresiano.csv,9/24/2023 12:00:00 AM,24.9,14.4,23.8,16,100,60,0,0,9.65,11.587064,1649.5771,61.09545,88.059944,88,2.3501396,1,1,1,0,0,0,1,1,33,11,35,18,13,13,8,22,0.5611172708983707,0,69.13432780640719,-9.550000143051147,0,0,0.8730149674241063,3,1.0127274999999898,0,0.8841262654219877,103.99321768295614,0.0223800241229412,24.2953543937024,0.9999989345507754,0
..\..\..\files\weather\hourly\Spresiano.csv,9/25/2023 12:00:00 AM,24.2,13.7,0,12,100,40,0,0,8.950001,11.301901,1660.879,61.514038,88.06487,88,2.3378181,1,0,0,0,0,0,0,0,34,11,35,18,13,13,8,22,1.3645889802519482,0,70.49891678665912,-11.242932037634677,0,0,0.9858924031138201,3,1.0127274999999898,0,0.9984403486744412,103.99321768295614,0.01146344546544497,24.374326091226745,0.9999989881017466,0
..\..\..\files\weather\hourly\Spresiano.csv,9/26/2023 12:00:00 AM,26.3,11.9,0,12,100,42,0,0,9.099998,11.369377,1672.2484,61.935127,88.069824,88,2.3254395,0,0,0,0,0,0,0,0,34,11,35,18,13,13,8,22,1.4642601231046832,0,71.9631769097638,-11.242932037634677,0,0,0.9110607217927359,0.00667,1.0127274999999898,0,0.9226562471293437,103.99321768295614,0.0117445704009218,24.45243994199504,0.9999990384226728,0
..\..\..\files\weather\hourly\Spresiano.csv,9/27/2023 12:00:00 AM,28,14.8,0,6,100,44,0,0,11.4,11.973303,1684.2217,62.37858,88.07504,88,2.3123932,0,0,0,0,0,0,0,0,34,11,35,18,13,13,8,22,1.631084289951021,0,73.59426119971482,-11.242932037634677,0,0,1,0.00667,0.8194314999999932,0,0.8194314999999932,103.99321768295614,0.012626804686059756,24.535795182972215,0.999999089363288,0
..\..\..\files\weather\hourly\Spresiano.csv,9/28/2023 12:00:00 AM,28.7,16.5,0,0,86,32,0,0,12.6,11.97344,1696.1951,62.822037,88.08026,88,2.299347,0,0,0,0,0,0,0,0,34,11,35,18,13,13,8,22,1.954187063533227,0,75.54844826324805,-11.242932037634677,0,0,0.9554658487193829,0.00667,0,0,0,103.99321768295614,0.008592052457706709,24.59364686140331,0.9999991231228443,0
..\..\..\files\weather\hourly\Spresiano.csv,9/29/2023 12:00:00 AM,28.1,14.7,0,0,90,36,0,0,11.4,11.973303,1708.1683,63.265495,88.08548,88,2.2863007,0,0,0,0,0,0,0,0,34,11,35,18,13,13,8,22,1.8211863826490664,0,77.36963464589712,-11.242932037634677,0,0,0.9019672922707105,0.00667,0.8194314999999932,0,0.7391004112563205,103.99321768295614,0.01232633071120923,24.670001061194924,0.999999165771256,0
..\..\..\files\weather\hourly\Spresiano.csv,9/30/2023 12:00:00 AM,27.7,14.8,0,2,94,35,0,0,11.25,11.958258,1720.1266,63.708393,88.09069,88,2.2732735,0,0,0,0,0,0,0,0,34,11,35,18,13,13,8,22,1.7409619136554004,0,79.11059655955253,-11.242932037634677,0,0,0.9110607217927359,0.00667,1.0568034999999938,0,0.962812159503084,103.99321768295614,0.008592052457706709,24.74654259199182,0.9999992064424701,0
..\..\..\files\weather\hourly\Spresiano.csv,10/1/2023 12:00:00 AM,28.1,13.8,0,11,99,46,0,0,10.950001,11.918076,1732.0447,64.1498,88.09588,88,2.2603035,0,0,0,0,0,0,0,0,34,11,35,18,13,13,8,22,0,0,0,-11.242932037634677,0,0,0.9858924031138201,0.00667,1.0699464999999933,0,1.0548521260882142,103.99321768295614,0.016631713933684684,24.856590325819614,0.9999992614676573,0
..\..\..\files\weather\hourly\Spresiano.csv,10/2/2023 12:00:00 AM,27,14.3,0,12,100,46,0,0,10.65,11.864385,1743.909,64.589226,88.10105,88,2.2473717,0,0,0,0,0,0,0,0,34,11,35,18,13,13,8,22,0,0,0,-11.242932037634677,0,0,0.9366269135599457,0.00667,1.0127274999999898,0,0.9485478326022703,103.99321768295614,0.020833506945891173,24.968398429746543,0.9999993134670437,0
..\..\..\files\weather\hourly\Spresiano.csv,10/3/2023 12:00:00 AM,26.9,13,0,14,100,52,0,0,9.950001,11.6862335,1755.5953,65.02205,88.10614,88,2.2346497,0,0,0,0,0,0,0,0,34,11,35,18,13,13,8,22,0,0,0,-11.242932037634677,0,0,0.9283935050000003,0.00667,1.0127274999999898,0,0.9402096333348783,104.46276253455636,0.017686593562080025,25.083340899194905,0.9999993631100851,0
..\..\..\files\weather\hourly\Spresiano.csv,10/4/2023 12:00:00 AM,26.2,13.2,0,15,100,56,0,0,9.700001,11.604548,1767.1998,65.45184,88.1112,88,2.222004,0,0,0,0,0,0,0,0,34,11,35,18,13,13,8,22,0,0,0,-11.242932037634677,0,0,1,0.00667,1.0127274999999898,0,1.0127274999999898,105.16321561938231,0.01937481351741991,25.199799104879624,0.9999994097479568,0
..\..\..\files\weather\hourly\Spresiano.csv,10/5/2023 12:00:00 AM,23.7,14.8,0,11,100,60,0,0,9.25,11.433371,1778.6332,65.875305,88.11618,88,2.209549,0,0,0,0,0,0,0,0,34,11,35,18,13,13,8,22,0,0,0,-11.242932037634677,0,0,0.9283935050000003,0.00667,1.0127274999999898,0,0.9402096333348783,105.81538351704666,0.021523211768411578,25.40323992354184,0.9999994831757785,0
..\..\..\files\weather\hourly\Spresiano.csv,10/6/2023 12:00:00 AM,24.4,12,0,12,100,46,0,0,8.200001,10.9119,1789.545,66.27945,88.12093,88,2.1976662,0,0,0,0,0,0,0,0,34,11,35,18,13,13,8,22,0,0,0,-11.242932037634677,0,0,0.9366269135599457,0.00667,1.039618500000003,0,0.9737346669348232,105.81538351704666,0.01092090481039161,25.480397457477217,0.9999995085702681,0
..\..\..\files\weather\hourly\Spresiano.csv,10/7/2023 12:00:00 AM,25.2,11.3,0,13,100,40,0,0,8.25,10.940645,1800.4857,66.684654,88.1257,88,2.1857452,0,0,0,0,0,0,0,0,34,11,35,18,13,13,8,22,0,0,0,-11.242932037634677,0,0,0.4067305133767417,0.00667,1.039618500000003,0,0.4228445662209594,105.81538351704666,0.007825669133839292,25.54650833633416,0.9999995293340677,0
..\..\..\files\weather\hourly\Spresiano.csv,10/8/2023 12:00:00 AM,25.7,10,0,13,100,50,0,-0,7.8500004,10.699617,1811.1853,67.08094,88.13036,88,2.1740913,0,0,0,0,0,0,0,0,34,11,35,18,13,13,8,22,0,0,0,-11.242932037634677,0,0,0.9283935050000003,0.00667,1.039618500000003,0,0.9651750630778457,105.87748246222327,0.013246252421737494,25.620062695855516,0.9999995514062977,0
..\..\..\files\weather\hourly\Spresiano.csv,10/9/2023 12:00:00 AM,26,11.8,0,15,100,57,0,0,8.9,11.278633,1822.464,67.498665,88.13528,88,2.161808,0,0,0,0,0,0,0,0,34,11,35,18,13,13,8,22,0,0,0,-11.242932037634677,0,0,0.9110607217927359,0.00667,1.0127274999999898,0,0.9226562471293437,106.46743968618146,0.013246252421737494,25.717297641388015,0.9999995790040651,0
..\..\..\files\weather\hourly\Spresiano.csv,10/10/2023 12:00:00 AM,25.6,13.1,0,13,100,56,0,0,9.35,11.474102,1833.9381,67.92364,88.14028,88,2.1492958,0,0,0,0,0,0,0,0,34,11,35,18,13,13,8,22,0,0,0,-11.242932037634677,0,0,1,0.00667,1.0127274999999898,0,1.0127274999999898,106.8499795020995,0.01592879192856255,25.82766965318005,0.9999996082788366,0
..\..\..\files\weather\hourly\Spresiano.csv,10/11/2023 12:00:00 AM,25.1,14.6,0,15,100,68,0,0,9.85,11.654705,1845.5928,68.355286,88.145355,88,2.136612,0,0,0,0,0,0,0,1,34,11,35,18,13,13,8,23,0,0,0,-11.242932037634677,0,0,0.8925932823203383,0.00667,1.0127274999999898,0,0.9039537633210613,107.74407162114393,0.01558000750382171,25.964745739779936,0.999999641818586,0
..\..\..\files\weather\hourly\Spresiano.csv,10/12/2023 12:00:00 AM,26.4,13.5,0,14,100,50,0,0,9.950001,11.6862335,1857.279,68.78811,88.15045,88,2.1238708,0,0,0,0,0,0,0,0,34,11,35,18,13,13,8,23,0,0,0,-11.242932037634677,0,0,0.7840636206869015,0.00667,1.0127274999999898,0,0.794042790419186,107.93085012114393,0.016631713933684684,26.051618858788192,0.999999661571967,0
..\..\..\files\weather\hourly\Spresiano.csv,10/13/2023 12:00:00 AM,24.2,11.9,0,15,100,65,0,0,8.049999,10.823297,1868.1023,69.18898,88.15517,88,2.1120834,0,0,0,0,0,0,0,0,34,11,35,18,13,13,8,23,0,0,0,-11.242932037634677,0,0,1,0.00667,1.0586914999999948,0,1.0586914999999948,108.76341181250247,0.019049905232834126,26.182962850261685,0.9999996893882154,0
..\..\..\files\weather\hourly\Spresiano.csv,10/14/2023 12:00:00 AM,23.7,13.4,0,14,100,73,0,0,8.549999,11.104855,1879.2072,69.600266,88.16,88,2.0999908,0,0,0,0,0,0,0,1,34,11,35,18,13,13,8,24,0,0,0,-11.242932037634677,0,0,0.759281338632958,0.00667,1.0127274999999898,0,0.7689450918704012,109.66109948354152,0.02202840411148315,26.407029700860832,0.9999997316671414,0
..\..\..\files\weather\hourly\Spresiano.csv,10/15/2023 12:00:00 AM,23.6,13,0,16,100,64,0,0,8.299999,10.968994,1890.1761,70.00652,88.16478,88,2.0880508,0,0,0,0,0,0,0,0,34,11,35,18,13,13,8,24,0,0,0,-11.242932037634677,0,0,0.9110607217927359,0.00667,1.0127274999999898,0,0.9226562471293437,110.55978753041651,0.020289083193563175,26.54486278104174,0.9999997547634563,0
..\..\..\files\weather\hourly\Spresiano.csv,10/16/2023 12:00:00 AM,21.2,9.4,0,8,100,62,0,-0.5847459,5.3152547,8.55262,1898.7288,70.32329,88.16851,88,2.078724,0,0,0,0,0,0,0,0,34,11,35,18,13,13,8,24,0,0,0,-11.242932037634677,0,0,0.07183363971635004,0.00667,0.5048235000000005,0,0.03626330941934687,110.67882425511925,0.012032217562516991,26.613741199187107,0.9999997655492304,0
..\..\..\files\weather\hourly\Spresiano.csv,10/17/2023 12:00:00 AM,16.7,6.3,0,0,91,36,0,-3.0418262,2.1581736,3.181883,1901.9106,70.44113,88.1699,88,2.0752525,0,0,0,0,0,0,0,0,34,11,35,18,13,13,8,24,0,0,0,-11.242932037634677,0,0,0,0.00667,0.406626499999998,0,0,110.67882425511925,0.0023916039246058424,26.639857469963143,0.9999997695136353,0
..\..\..\files\weather\hourly\Spresiano.csv,10/18/2023 12:00:00 AM,16.7,2.5,0,12,100,38,0,-5.5193663,1.5806341,0,1901.9106,70.44113,88.1699,88,2.0752525,0,0,0,0,0,0,0,0,34,11,35,18,13,13,8,24,0,0,0,-11.242932037634677,0,0,0,0.00667,1.039618500000003,0,0,110.67882425511925,0.0027048402575440703,26.661252644052826,0.9999997727113813,0
..\..\..\files\weather\hourly\Spresiano.csv,10/19/2023 12:00:00 AM,13.2,3.3,7.2000003,18,100,65,0,-4.432828,0.5171717,0,1901.9106,70.44113,88.1699,88,2.0752525,0,0,0,0,0,0,0,0,34,11,35,18,13,13,8,24,0,0,0,-4.042931751532382,0,0,0.2638456677941875,2.3717716833541274,1.0127274999999898,0.002,0.7531553759242221,110.67882425511925,0.0031856629874382945,26.700648317439207,0.9999997784838971,0
..\..\..\files\weather\hourly\Spresiano.csv,10/20/2023 12:00:00 AM,16.9,10.8,12,23,100,99,0,0,3.8500004,6.8360662,1908.7467,70.69432,88.172874,88,2.0678139,1,0,1,0,0,0,1,1,35,11,36,18,13,13,9,25,0,0,0,0.542523381994247,0,0,0.9445675210548152,3,1.0127274999999898,0,0.9565895041790308,113.777771550671,0.008592052457706709,26.827064300777295,0.9999997960355614,0
..\..\..\files\weather\hourly\Spresiano.csv,10/21/2023 12:00:00 AM,20.2,15.4,13.200001,24,100,99,0,0,7.799999,10.667704,1919.4144,71.089424,88.17752,88,2.0561981,1,0,1,0,1,0,1,1,36,11,37,18,14,13,10,26,0,0,0,3.9279777525814232,0,0,1,3,1.0127274999999898,0.002,3.002,117.777771550671,0.01837836095770071,27.080610231675728,0.9999998271576028,0
..\..\..\files\weather\hourly\Spresiano.csv,10/22/2023 12:00:00 AM,22.6,13.3,38.8,16,100,64,0,0,7.950001,10.762251,1930.1766,71.48802,88.18221,88,2.044468,1,0,1,0,1,0,1,0,37,11,38,18,15,13,11,26,0,0,0,3.9279777525814232,0,0,0.7465242587729192,3,1.0127274999999898,0,0.7560256462764439,121.777771550671,0.01937481351741991,27.24053018029294,0.9999998442966705,0
..\..\..\files\weather\hourly\Spresiano.csv,10/23/2023 12:00:00 AM,21.6,9.8,0.2,12,100,58,0,-0.19830513,5.7016954,8.961042,1939.1377,71.819916,88.18612,88,2.0347023,1,0,0,0,1,0,0,0,38,11,38,18,16,13,11,26,0,0,0,-18.286566350952494,0,0,0.6723970714585993,3,1.0127274999999898,0,0.6809550051855817,124.74757199499689,0.014552623975001436,27.33253477020477,0.9999998533757092,0
..\..\..\files\weather\hourly\Spresiano.csv,10/24/2023 12:00:00 AM,21.4,10.9,0.2,14,100,55,0,0,6.1499996,9.388027,1948.5258,72.167625,88.19021,88,2.024479,0,0,0,0,0,0,0,0,38,11,38,18,16,13,11,26,0,0,0,-23.674801604690916,0,0,0.9445675210548152,0.04555995657963896,1.0127274999999898,0,0.9565895041790308,125.5829309546019,0.012032217562516991,27.4271783171037,0.9999998621630812,0
..\..\..\files\weather\hourly\Spresiano.csv,10/25/2023 12:00:00 AM,17.5,14.4,72.799995,24,100,100,0,0,5.95,9.202467,1957.7283,72.50845,88.194214,88,2.0144653,1,0,1,0,0,0,0,1,39,11,39,18,16,13,11,27,0,0,0,-29.06303685842934,0,0,0.9666025709705,3,1.0127274999999898,0,0.9789050051925171,129.52350925941957,0.009914241808357717,27.59204185461586,0.9999998762311942,0
..\..\..\files\weather\hourly\Spresiano.csv,10/26/2023 12:00:00 AM,18.3,10.7,0,16,100,74,0,0,4.5,7.652262,1965.3805,72.79187,88.19755,88,2.0061302,1,0,0,0,0,0,0,0,40,11,39,18,16,13,11,27,0,0,0,-85.27757714726599,0,0,0.2994302468276264,3,1.0127274999999898,0,0.303241245294122,130.32785945473455,0.009914241808357717,27.703067700549088,0.9999998848868586,0
..\..\..\files\weather\hourly\Spresiano.csv,10/27/2023 12:00:00 AM,18,10,17.4,16,100,77,0,-0,0,0,0,0,0,0,0,1,0,1,0,0,0,1,0,1,0,1,0,0,0,1,0,0,0,0,-85.27757714726599,0,0,0.8628167598542678,3,1.0127274999999898,0.002,2.5901759130825117,133.29182647537615,0.01065948969388774,0,0.9999998939316337,0
..\..\..\files\weather\hourly\Spresiano.csv,10/28/2023 12:00:00 AM,20.5,10.3,20,15,100,76,0,0,0,0,0,0,0,0,0,1,0,1,0,0,0,0,0,1,0,1,0,0,0,0,0,0,0,0,-86.09212163226962,0,0,0.22841506569382938,3,1.0127274999999898,0,0.23132221844244527,136.68454572454152,0.016279621132666545,0.12782835581109975,0.0004961591779699669,0
..\..\..\files\weather\hourly\Spresiano.csv,10/29/2023 12:00:00 AM,20.7,8.8,0.4,16,100,59,-1.1394954,-1.1394954,0,0,0,0,0,0,0,1,0,0,0,0,0,0,0,1,0,0,0,0,0,0,0,0,0,0,-89.50666649874299,0,0,0,0.12339360574051833,1.0127274999999898,0,0,136.68454572454152,0.008797519803217085,0.18531945077082285,0.0006567094896711863,0
..\..\..\files\weather\hourly\Spresiano.csv,10/30/2023 12:00:00 AM,16.4,8.7,0.6,16,100,91,-2.3297548,-1.1902595,0,0,0,0,0,0,0,0,0,0,0,0,0,0,0,0,0,0,0,0,0,0,0,0,0,0,-94.69490174950118,0,0,0.38881849714618344,0.16233729832175875,1.0127274999999898,0,0.39376718456860754,136.68454572454152,0.007647283576645276,0.2906243147297804,0.0010687317280139253,0
..\..\..\files\weather\hourly\Spresiano.csv,10/31/2023 12:00:00 AM,19.8,11.2,35,24,100,100,-2.3297548,0,0,0,0,0,0,0,0,1,0,1,0,0,0,1,1,1,0,1,0,0,0,1,1,0,0,0,-99.68313698237799,0,0,1,3,1.0127274999999898,0.002,3.002,140.26126925180446,0.016984205259025983,0.46842453550180474,0.0022623257002458617,0
..\..\..\files\weather\hourly\Spresiano.csv,11/1/2023 12:00:00 AM,18.5,8.7,1.2,13,100,67,-3.543531,-1.2137761,0,0,0,0,0,0,0,1,0,0,0,1,0,1,0,1,0,0,0,1,0,1,0,0,0,0,-118.09768184885135,0,0,0,3,1.0127274999999898,0,0,140.26126925180446,0.011188886303012967,0.5882954994328351,0.0035787571410708244,0
..\..\..\files\weather\hourly\Spresiano.csv,11/2/2023 12:00:00 AM,16.8,5.1,0,14,100,65,-7.417463,-3.873932,0,0,0,0,0,0,0,0,0,0,0,0,0,0,0,0,0,0,0,0,0,0,0,0,0,0,-128.400120834862,0,0,0,0.201298902903533,1.0127274999999898,0,0,140.26126925180446,0.005737430774773988,0.6328949606893848,0.004206767855952931,0
..\..\..\files\weather\hourly\Spresiano.csv,11/3/2023 12:00:00 AM,18.4,9,48.4,24,100,89,-8.364271,-0.9468088,0,0,0,0,0,0,0,1,0,1,0,0,0,1,0,1,0,1,0,0,0,1,0,0,0,0,-128.400120834862,0,0,0.7335267383413079,3,1.0127274999999898,0.002,2.202047268500606,140.26126925180446,0.01232633071120923,0.7441133529985227,0.006171539281204268,0
..\..\..\files\weather\hourly\Spresiano.csv,11/4/2023 12:00:00 AM,14.7,4.9,8.4,19,100,74,-12.13723,-3.7729592,0,0,0,0,0,0,0,1,0,0,0,1,0,1,0,1,0,0,0,1,0,1,0,0,0,0,-142.10014512402864,0,0,0,3,1.0127274999999898,0,0,140.26126925180446,0.005277799303392242,0.8147404108311147,0.007762206034814426,0
..\..\..\files\weather\hourly\Spresiano.csv,11/5/2023 12:00:00 AM,15.1,3.8,14,14,100,52,-16.636345,-4.4991145,0,0,0,0,0,0,0,0,0,0,0,0,0,0,0,0,0,0,0,0,0,0,0,0,0,0,-131.20258453919274,0,0,0,3,1.0127274999999898,0.002,0,140.26126925180446,0.0038671226057638334,0.8508329363489715,0.008692274479294639,0
..\..\..\files\weather\hourly\Spresiano.csv,11/6/2023 12:00:00 AM,15.9,5.7,17.6,10,100,72,-20.029972,-3.3936272,0,0,0,0,0,0,0,1,0,0,0,0,0,0,0,1,0,0,0,0,0,0,0,0,0,-34.99730811945777,-114.10260768395021,0,0,0,3,1.0127274999999898,0,0,140.26126925180446,0.006117655628829422,0.9031777698885839,0.01019497033035797,0
..\..\..\files\weather\hourly\Spresiano.csv,11/7/2023 12:00:00 AM,18,5.5,0,13,100,65,-23.719973,-3.69,0,0,0,0,0,0,0,1,0,0,0,0,0,0,0,1,0,0,0,0,0,0,0,0,0,-34.99730811945777,-114.10260768395021,0,0,0,0.00667,1.0127274999999898,0,0,140.26126925180446,0.006251742673270176,0.9491304980512975,0.011675106200220893,0
..\..\..\files\weather\hourly\Spresiano.csv,11/8/2023 12:00:00 AM,18.2,5.3,0.6,16,100,59,-27.56377,-3.843798,0,0,0,0,0,0,0,0,0,0,0,0,0,0,0,0,0,0,0,0,0,0,0,0,0,-34.99730811945777,-114.10260768395021,0,0,0,0.12339360864138221,1.0127274999999898,0,0,140.26126925180446,0.00408819456442347,0.9821097849378623,0.012836254368555835,0
..\..\..\files\weather\hourly\Spresiano.csv,11/9/2023 12:00:00 AM,16.8,3.1,0,15,100,55,-32.72618,-5.162409,0,0,0,0,0,0,0,0,0,0,0,0,0,0,0,0,0,0,0,0,0,0,0,0,0,-34.99730811945777,-125.00504669380274,0,0,0,0.12339360864138221,1.0127274999999898,0,0,140.26126925180446,0.0030294273014249205,1.0058827683155305,0.01372700255988951,0
..\..\..\files\weather\hourly\Spresiano.csv,11/10/2023 12:00:00 AM,14.2,2.6,4.8,15,100,66,-37.765835,-5.039655,0,0,0,0,0,0,0,0,0,0,0,0,0,0,0,0,0,0,0,0,0,0,0,0,0,-34.99730811945777,-125.00504669380274,0,0,0.1061359477139448,1.8141469350488926,1.0127274999999898,0.002,0.23922884395276645,140.26126925180446,0.003412313892100632,1.0443606733004664,0.015268209905066816,0
..\..\..\files\weather\hourly\Spresiano.csv,11/11/2023 12:00:00 AM,13.2,8.7,6.2,9,100,82,-38.878056,-1.1122223,0,0,0,0,0,0,0,1,0,0,0,0,0,0,0,1,0,0,0,0,0,0,0,0,0,-34.99730811945777,-131.70748553676225,0,0,0,3,1.0127274999999898,0,0,140.26126925180446,0.003938922237668092,1.102636342913156,0.017848583649727284,0
..\..\..\files\weather\hourly\Spresiano.csv,11/12/2023 12:00:00 AM,14.3,4.1,0,15,100,60,-43.071682,-4.1936274,0,0,0,0,0,0,0,0,0,0,0,0,0,0,0,0,0,0,0,0,0,0,0,0,0,-34.99730811945777,-137.00992476119148,0,0,0,0.00667,1.0127274999999898,0,0,140.26126925180446,0.003597510089917897,1.1357433202209817,0.01945344117428346,0
..\..\..\files\weather\hourly\Spresiano.csv,11/13/2023 12:00:00 AM,14,2.7,0,13,100,63,-48.013718,-4.942036,0,0,0,0,0,0,0,0,0,0,0,0,0,0,0,0,0,0,0,0,0,0,0,0,0,-34.99730811945777,-137.00992476119148,0,0,0,0.00667,1.0127274999999898,0,0,140.26126925180446,0.0028838639371310936,1.1648065853943816,0.02094894730525766,0
..\..\..\files\weather\hourly\Spresiano.csv,11/14/2023 12:00:00 AM,13.1,1.5,0,16,100,72,-53.399494,-5.385776,0,0,0,0,0,0,0,0,0,0,0,0,0,0,0,0,0,0,0,0,0,0,0,0,0,-34.99730811945777,-137.00992476119148,0,0,0,0.00667,1.0127274999999898,0,0,140.26126925180446,0.0038671226057638334,1.2085512131340381,0.023358241509785323,0
..\..\..\files\weather\hourly\Spresiano.csv,11/15/2023 12:00:00 AM,13.8,3.2,0,10,100,66,-58.018364,-4.618868,0,0,0,0,0,0,0,0,0,0,0,0,0,0,0,0,0,0,0,0,0,0,0,0,0,-34.99730811945777,-137.00992476119148,0,0,0,0.00667,1.0127274999999898,0,0,140.26126925180446,0.004012593522207451,1.2526613370934632,0.02598753437632644,0
..\..\..\files\weather\hourly\Spresiano.csv,11/16/2023 12:00:00 AM,17.5,3.4,0,14,100,65,-63.073685,-5.055319,0,0,0,0,0,0,0,0,0,0,0,0,0,0,0,0,0,0,0,0,0,0,0,0,0,-67.60296008155004,-137.00992476119148,0,0,0,0.00667,1.0127274999999898,0,0,140.26126925180446,0.004770355288673625,1.2871866488618073,0.028190604182986186,0
..\..\..\files\weather\hourly\Spresiano.csv,11/17/2023 12:00:00 AM,13.6,2.2,0,9,100,63,-68.20526,-5.1315784,0,0,0,0,0,0,0,0,0,0,0,0,0,0,0,0,0,0,0,0,0,0,0,0,0,-67.60296008155004,-137.00992476119148,0,0,0,0.00667,1.0127274999999898,0,0,140.26126925180446,0.0036623826052995857,1.3193278730065607,0.03035952274306953,0
..\..\..\files\weather\hourly\Spresiano.csv,11/18/2023 12:00:00 AM,16.9,2.3,0,12,100,56,-73.87478,-5.66952,0,0,0,0,0,0,0,0,0,0,0,0,0,0,0,0,0,0,0,0,0,0,0,0,0,-67.60296008155004,-137.00992476119148,0,0,0,0.00667,1.039618500000003,0,0,140.26126925180446,0.003938922237668092,1.3448489578677099,0.032164611578123864,0
..\..\..\files\weather\hourly\Spresiano.csv,11/19/2023 12:00:00 AM,14.6,0.2,0,4,100,41,-80.34006,-6.465278,0,0,0,0,0,0,0,0,0,0,0,0,0,0,0,0,0,0,0,0,0,0,0,0,0,-67.60296008155004,-137.00992476119148,0,0,0,0.00667,1.0127274999999898,0,0,140.26126925180446,0.0022217299044216834,1.3630606496583297,0.03349837875320388,0
..\..\..\files\weather\hourly\Spresiano.csv,11/20/2023 12:00:00 AM,13.4,1.7,0,0,100,46,-85.69604,-5.3559823,0,0,0,0,0,0,0,0,0,0,0,0,0,0,0,0,0,0,0,0,0,0,0,0,0,-67.60296008155004,-137.00992476119148,0,0,0,0.00667,1.0127274999999898,0,0,140.26126925180446,0.0025808319439604615,1.3837738616672195,0.035062235397242916,0
..\..\..\files\weather\hourly\Spresiano.csv,11/21/2023 12:00:00 AM,11.9,1.5,0,8,100,63,-90.72248,-5.026442,0,0,0,0,0,0,0,0,0,0,0,0,0,0,0,0,0,0,0,0,0,0,0,0,0,-67.60296008155004,-137.00992476119148,0,0,0,0.00667,1.0127274999999898,0,0,140.26126925180446,0.002931256752882745,1.4129848327016044,0.03735367966419216,0
..\..\..\files\weather\hourly\Spresiano.csv,11/22/2023 12:00:00 AM,13,6,0,0,100,73,-93.57962,-2.857143,0,0,0,0,0,0,0,0,0,0,0,0,0,0,0,0,0,0,0,0,0,0,0,0,0,-67.60296008155004,-137.00992476119148,0,0,0,0.00667,1.0127274999999898,0,0,140.26126925180446,0.003797135744565161,1.4662337832941426,0.041794818208096364,0
..\..\..\files\weather\hourly\Spresiano.csv,11/23/2023 12:00:00 AM,15.8,2.6,0,0,100,46,-98.90538,-5.3257575,0,0,0,0,0,0,0,0,0,0,0,0,0,0,0,0,0,0,0,0,0,0,0,0,0,-67.60296008155004,-137.00992476119148,0,0,0,0.00667,1.039618500000003,0,0,140.26126925180446,0.002254280029667379,1.48907428820873,0.04380620026159322,0
..\..\..\files\weather\hourly\Spresiano.csv,11/24/2023 12:00:00 AM,13.9,0.9,0,1,100,51,-104.82038,-5.9149995,0,0,0,0,0,0,0,0,0,0,0,0,0,0,0,0,0,0,0,0,0,0,0,0,0,-67.60296008155004,-137.00992476119148,0,0,0,0.00667,1.0127274999999898,0,0,140.26126925180446,0.002356165342541492,1.508695196079727,0.045585824912947014,0
..\..\..\files\weather\hourly\Spresiano.csv,11/25/2023 12:00:00 AM,11.1,-0.8,0,15,100,67,-104.76954,-5.227731,0.05084037,0,0,0,0,0,0,0,0,0,0,0,0,0,0,0,0,0,0,0,0,0,0,0,0,-67.60296008155004,-137.00992476119148,0,0,0,0.00667,1.0127274999999898,0,0,140.26126925180446,0.0027480744976864967,1.5402536047053277,0.04854956433574535,0
..\..\..\files\weather\hourly\Spresiano.csv,11/26/2023 12:00:00 AM,11.2,-4,0,2,94,19,-104.72217,-4.173684,0.047368407,0,0,0,0,0,0,0,0,0,0,0,0,0,0,0,0,0,0,0,0,0,0,0,6.742157379058018,-60.86080270249202,-137.00992476119148,0,0,0,0.00667,0.6777634999999975,0,0,140.26126925180446,0.001090638176141415,1.5497165773684929,0.0494628103290107,0
..\..\..\files\weather\hourly\Spresiano.csv,11/27/2023 12:00:00 AM,11.2,-4.9,0,0,93,29,-104.677444,-3.9403722,0.044720482,0,0,0,0,0,0,0,0,0,0,0,0,0,0,0,0,0,0,0,0,0,0,0,0,-60.86080270249202,-137.00992476119148,0,0,0,0.00667,1.036786499999998,0,0,140.26126925180446,0.0011748345209003737,1.5551686445167892,0.04999414566934538,0
..\..\..\files\weather\hourly\Spresiano.csv,11/28/2023 12:00:00 AM,10,-1.7,1,6,100,35,-104.677444,-4.2735043,0,0,0,0,0,0,0,0,0,0,0,0,0,0,0,0,0,0,0,0,0,0,0,0,0,-60.86080270249202,-137.00992476119148,0,0,0,0.279275850974885,1.0127274999999898,0.002,0,140.26126925180446,0.001440862877882065,1.5664836232643642,0.05110895431337001,1
..\..\..\files\weather\hourly\Spresiano.csv,11/29/2023 12:00:00 AM,9.3,1.8,0,14,100,68,-104.677444,-3.7500002,0,0,0,0,0,0,0,0,0,0,0,0,0,0,0,0,0,0,0,0,0,0,0,0,0,-60.86080270249202,-147.51236379488586,0,0,0,0.3573244441448393,1.0127274999999898,0,0,140.26126925180446,0.0020981025276414237,1.5968157167708263,0.054178370569229944,0
..\..\..\files\weather\hourly\Spresiano.csv,11/30/2023 12:00:00 AM,10,-0.8,0,9,100,43,-104.677444,-4.6296296,0,0,0,0,0,0,0,0,0,0,0,0,0,0,0,0,0,0,0,0,0,0,0,0,0,-60.86080270249202,-147.51236379488586,0,0,0,0.00667,0,0,0,140.26126925180446,0.0014757595925455225,1.6130424122247229,0.05586908135129985,0
..\..\..\files\weather\hourly\Spresiano.csv,12/1/2023 12:00:00 AM,5.3,4.2,20,20,100,68,-104.677444,-0.5500002,0,0,0,0,0,0,0,0,0,0,0,0,0,0,0,0,0,0,0,0,0,0,0,0,0,-60.86080270249202,-134.89283620435347,0,0,0,3,1.0127274999999898,0.002,0,140.26126925180446,0.0012689613162352462,1.6418541857219098,0.05895518517682389,1
..\..\..\files\weather\hourly\Spresiano.csv,12/2/2023 12:00:00 AM,9.9,5,17.6,24,100,100,-104.677444,-2.4499998,0,0,0,0,0,0,0,0,0,0,0,0,0,0,0,0,0,0,0,0,0,0,0,0,0,-60.86080270249202,-119.87330899529081,0,0,0.15815986787866676,3,1.0127274999999898,0,0.16017284759709088,140.26126925180446,0.0022875229687335298,1.6799537685041241,0.06320229637387981,0
..\..\..\files\weather\hourly\Spresiano.csv,12/3/2023 12:00:00 AM,15,6.7,2.8,13,100,61,-103.17142,-2.6439767,1.506024,0,0,0,0,0,0,0,0,0,0,0,0,1,0,0,0,0,0,0,0,1,0,0,0,-60.86080270249202,-119.87330899529081,0,0,0,1.4970804775588362,0,0,0,140.26126925180446,0.005617661929105107,1.7402152539712339,0.07030860134225005,1
..\..\..\files\weather\hourly\Spresiano.csv,12/4/2023 12:00:00 AM,8.4,-0.2,0,3,100,47,-103.17142,-4.1023254,0,0,0,0,0,0,0,0,0,0,0,0,0,0,0,0,0,0,0,0,0,0,0,0,0,-60.86080270249202,-129.42594086285015,0,0,0,0.4354446853169288,0.5952024999999992,0,0,140.26126925180446,0.0016491717035119111,1.7593702212644817,0.07266754350627963,0
..\..\..\files\weather\hourly\Spresiano.csv,12/5/2023 12:00:00 AM,4.8,-2.7,0.6,7,100,65,-103.17142,-1.536,0,0,0,0,0,0,0,0,0,0,0,0,0,0,0,0,0,0,0,0,0,0,0,0,0,-60.86080270249202,-129.42594086285015,0,0,0,0.12339360574051833,1.0127274999999898,0,0,140.26126925180446,0.0012006505509188894,1.7771194821681582,0.07489652390539754,1
..\..\..\files\weather\hourly\Spresiano.csv,12/6/2023 12:00:00 AM,7.1,1.4,0.4,7,100,83,-103.17142,-2.85,0,0,0,0,0,0,0,0,0,0,0,0,0,0,0,0,0,0,0,0,0,0,0,0,0,-72.03999088889374,-141.17857265888392,0,0,0,0.201298902903533,0.9732984999999914,0,0,140.26126925180446,0.0015686089880832515,1.805070545523127,0.07849078879155494,1
..\..\..\files\weather\hourly\Spresiano.csv,12/7/2023 12:00:00 AM,9.3,-0.1,0,6,100,73,-103.17142,-4.600532,0,0,0,0,0,0,0,0,0,0,0,0,0,0,0,0,0,0,0,0,0,0,0,0,0,-72.03999088889374,-153.13120447279908,0,0,0,0.00667,1.0127274999999898,0,0,140.26126925180446,0.0020981025276414237,1.8348091297479867,0.08242775875651802,0
..\..\..\files\weather\hourly\Spresiano.csv,12/8/2023 12:00:00 AM,10.1,-0.7,0,9,100,61,-103.17095,-4.7231483,0.00046296648,0,0,0,0,0,0,0,0,0,0,0,0,0,0,0,0,0,0,0,0,0,0,0,0,-72.03999088889374,-153.13120447279908,0,0,0,0.00667,1.0568034999999938,0,0,140.26126925180446,0.002128057831466768,1.849889927882863,0.08446861127691127,0
..\..\..\files\weather\hourly\Spresiano.csv,12/9/2023 12:00:00 AM,8,-1.1,0,0,100,62,-103.17095,-3.5164833,0,0,0,0,0,0,0,0,0,0,0,0,0,0,0,0,0,0,0,0,0,0,0,0,0,-72.03999088889374,-153.13120447279908,0,0,0,0.00667,0.8785384999999977,0,0,140.26126925180446,0.0017586486824907532,1.8721662563653718,0.08753769604335689,0
..\..\..\files\weather\hourly\Spresiano.csv,12/10/2023 12:00:00 AM,10.1,0.9,0.4,1,100,63,-103.17041,-4.5994563,0.00054348237,0,0,0,0,0,0,0,0,0,0,0,0,0,0,0,0,0,0,0,0,0,0,0,0,-72.03999088889374,-153.13120447279908,0,0,0,0.24027841948584105,1.0127274999999898,0.002,0,140.26126925180446,0.002254280029667379,1.9005448121554243,0.09154128226901445,1
..\..\..\files\weather\hourly\Spresiano.csv,12/11/2023 12:00:00 AM,7.5,-0.4,0.2,19,100,86,-103.17041,-3.5601265,0,0,0,0,0,0,0,0,0,0,0,0,0,0,0,0,0,0,0,0,0,0,0,0,0,-72.03999088889374,-165.08383628671425,0,0,0,0.43544468240538864,1.0127274999999898,0,0,140.26126925180446,0.0016491717035119111,1.9233573753559539,0.09483545421093093,0
..\..\..\files\weather\hourly\Spresiano.csv,12/12/2023 12:00:00 AM,11.4,0.2,0,14,100,66,-103.08291,-5.5125,0.087499954,0,0,0,0,0,0,0,0,0,0,0,0,0,0,0,0,0,0,0,0,0,0,0,0,-72.03999088889374,-177.23646810360964,0,0,0,0.00667,1.0127274999999898,0,0,140.26126925180446,0.0025413064399147393,1.9503644860110745,0.0988221617156494,0
..\..\..\files\weather\hourly\Spresiano.csv,12/13/2023 12:00:00 AM,12.4,0.6,0,0,100,65,-102.838844,-5.6559324,0.24406774,0,0,0,0,0,0,0,0,0,0,0,0,0,0,0,0,0,0,0,0,0,0,0,0,-72.03999088889374,-177.23646810360964,0,0,0,0.00667,1.0699464999999933,0,0,140.26126925180446,0.002792303379174842,1.9810611546185461,0.10346699303844431,0
..\..\..\files\weather\hourly\Spresiano.csv,12/14/2023 12:00:00 AM,8,4.8,22.6,24,100,100,-102.838844,-1.5999999,0,0,0,0,0,0,0,0,0,0,0,0,0,0,0,0,0,0,0,0,0,0,0,0,0,-72.03999088889374,-167.21694089454698,0,0,0,3,1.0127274999999898,0,0,140.26126925180446,0.0017586486824907532,2.0189679112207592,0.10936773045766864,1
..\..\..\files\weather\hourly\Spresiano.csv,12/15/2023 12:00:00 AM,13.4,1.6,0,18,100,66,-102.349014,-5.4101696,0.48983043,0,0,0,0,0,0,0,0,0,0,0,0,0,0,0,0,0,0,0,0,0,0,0,0,-72.03999088889374,-167.21694089454698,0,0,0,3,1.0127274999999898,0,0,140.26126925180446,0.004012593522207451,2.054693261690213,0.11509358349749271,0
..\..\..\files\weather\hourly\Spresiano.csv,12/16/2023 12:00:00 AM,14,1.2,0,8,100,51,-101.724014,-5.7749996,0.625,0,0,0,0,0,0,0,0,0,0,0,0,0,0,0,0,0,0,0,0,0,0,0,0,-84.36210699068211,-167.21694089454698,0,0,0,0.00667,1.0127274999999898,0,0,140.26126925180446,0.0020687538040578706,2.074740736116003,0.11837576182194826,0
..\..\..\files\weather\hourly\Spresiano.csv,12/17/2023 12:00:00 AM,10.7,-0.8,0,3,100,52,-101.70271,-4.9991302,0.021304337,0,0,0,0,0,0,0,0,0,0,0,0,0,0,0,0,0,0,0,0,0,0,0,0,-84.36210699068211,-167.21694089454698,0,0,0,0.00667,1.0568034999999938,0,0,140.26126925180446,0.0017586486824907532,2.093107103674531,0.12142580258544,0
..\..\..\files\weather\hourly\Spresiano.csv,12/18/2023 12:00:00 AM,12.4,0.1,0,0,100,48,-101.46857,-5.915854,0.23414628,0,0,0,0,0,0,0,0,0,0,0,0,0,0,0,0,0,0,0,0,0,0,0,0,-84.36210699068211,-167.21694089454698,0,0,0,0.00667,1.0586914999999948,0,0,140.26126925180446,0.0017586486824907532,2.111456234988491,0.12451374129683371,0
..\..\..\files\weather\hourly\Spresiano.csv,12/19/2023 12:00:00 AM,14.6,-1.5,0,1,100,50,-100.811424,-7.277019,0.65714294,0,0,0,0,0,0,0,0,0,0,0,0,0,0,0,0,0,0,0,0,0,0,0,0,-84.36210699068211,-167.21694089454698,0,0,0,0.00667,1.039618500000003,0,0,140.26126925180446,0.002189854849221603,2.125968899649991,0.12698464218538275,0
..\..\..\files\weather\hourly\Spresiano.csv,12/20/2023 12:00:00 AM,15,-1.1,0,10,100,48,-100.03503,-7.763975,0.7763975,0,0,0,0,0,0,0,0,0,0,0,0,0,0,0,0,0,0,0,0,0,0,0,0,-84.36210699068211,-167.21694089454698,0,0,0,0.00667,1.0127274999999898,0,0,140.26126925180446,0.0019841946888861854,2.1383243683440227,0.12910799929847885,0
..\..\..\files\weather\hourly\Spresiano.csv,12/21/2023 12:00:00 AM,8.8,-0.7,0,5,100,81,-100.03503,-4.0757895,0,0,0,0,0,0,0,0,0,0,0,0,0,0,0,0,0,0,0,0,0,0,0,0,0,-84.36210699068211,-167.21694089454698,0,0,0,0.00667,0.8194314999999932,0,0,140.26126925180446,0.0019571216156802533,2.161574750357797,0.13315244782845795,0
..\..\..\files\weather\hourly\Spresiano.csv,12/22/2023 12:00:00 AM,10.2,0.3,0,6,100,59,-100.033005,-4.9479795,0.0020201984,0,0,0,0,0,0,0,0,0,0,0,0,0,0,0,0,0,0,0,0,0,0,0,0,-84.36210699068211,-167.21694089454698,0,0,0,0.00667,1.0127274999999898,0,0,140.26126925180446,0.0020981025276414237,2.1868505695590468,0.13762053756322565,0
..\..\..\files\weather\hourly\Spresiano.csv,12/23/2023 12:00:00 AM,12.5,1.1,0,9,100,61,-99.75888,-5.4258776,0.2741228,0,0,0,0,0,0,0,0,0,0,0,0,0,0,0,0,0,0,0,0,0,0,0,0,-84.36210699068211,-167.21694089454698,0,0,0,0.00667,1.0127274999999898,0,0,140.26126925180446,0.0027048402575440703,2.2132824814733163,0.14237116806428132,0
..\..\..\files\weather\hourly\Spresiano.csv,12/24/2023 12:00:00 AM,11.6,-1.3,0,18,100,67,-99.65965,-5.314729,0.09922484,0,0,0,0,0,0,0,0,0,0,0,0,0,0,0,0,0,0,0,0,0,0,0,0,-84.36210699068211,-167.21694089454698,0,0,0,0.00667,1.0127274999999898,0,0,140.26126925180446,0.0029797669511059106,2.2437541083705965,0.14794515473867909,0
..\..\..\files\weather\hourly\Spresiano.csv,12/25/2023 12:00:00 AM,14,1.3,0,16,100,76,-99.02973,-5.720079,0.62992126,0,0,0,0,0,0,0,0,0,0,0,0,0,0,0,0,0,0,0,0,0,0,0,0,-84.36210699068211,-167.21694089454698,0,0,0,0.00667,1.0127274999999898,0,0,140.26126925180446,0.004585944264267788,2.291228691589022,0.1568316356676236,0
..\..\..\files\weather\hourly\Spresiano.csv,12/26/2023 12:00:00 AM,11.5,3.3,0,10,100,87,-98.89254,-3.9628053,0.13719513,0,0,0,0,0,0,0,0,0,0,0,0,0,0,0,0,0,0,0,0,0,0,0,0,-94.30655013062689,-167.21694089454698,0,0,0,0.00667,1.0127274999999898,0,0,140.26126925180446,0.002931256752882745,2.3351892312555402,0.16527280150512488,0
..\..\..\files\weather\hourly\Spresiano.csv,12/27/2023 12:00:00 AM,9.3,7.7,0,21,100,100,-98.89254,-0.8000002,0,0,0,0,0,0,0,0,0,0,0,0,0,0,0,0,0,0,0,0,0,0,0,0,0,-94.30655013062689,-167.21694089454698,0,0,0,0.00667,1.0127274999999898,0,0,140.26126925180446,0.0020981025276414237,2.3791840289555273,0.17391691218832098,0
..\..\..\files\weather\hourly\Spresiano.csv,12/28/2023 12:00:00 AM,12.5,6.1,0,7,100,70,-98.40426,-2.711719,0.48828125,0,0,0,0,0,0,0,0,0,0,0,0,0,0,0,0,0,0,0,0,0,0,0,0,-94.30655013062689,-167.21694089454698,0,0,0,0.00667,1.0127274999999898,0,0,140.26126925180446,0.0034725236565674115,2.426591167975741,0.1834417463330622,0
..\..\..\files\weather\hourly\Spresiano.csv,12/29/2023 12:00:00 AM,10.2,5.8,0,2,100,87,-98.39971,-2.1954544,0.0045454465,0,0,0,0,0,0,0,0,0,0,0,0,0,0,0,0,0,0,0,0,0,0,0,0,-94.30655013062689,-167.21694089454698,0,0,0,0.00667,1.0127274999999898,0,0,140.26126925180446,0.0023916039246058424,2.4695196255975365,0.1922460006635651,0
..\..\..\files\weather\hourly\Spresiano.csv,12/30/2023 12:00:00 AM,10.5,1.6,0,10,100,71,-98.385666,-4.4359555,0.014044944,0,0,0,0,0,0,0,0,0,0,0,0,0,0,0,0,0,0,0,0,0,0,0,0,-94.30655013062689,-167.21694089454698,0,0,0,0.00667,1.0127274999999898,0,0,140.26126925180446,0.0025026440434318857,2.5040159117827514,0.19943843621870283,0
..\..\..\files\weather\hourly\Spresiano.csv,12/31/2023 12:00:00 AM,12.5,3.8,0,13,100,64,-98.026474,-3.990804,0.3591954,0,0,0,0,0,0,0,0,0,0,0,0,0,0,0,0,0,0,0,0,0,0,0,0,-94.30655013062689,-167.21694089454698,0,0,0,0.00667,1.0127274999999898,0,0,140.26126925180446,0.0031856629874382945,2.5410155944439423,0.20726372688912897,0
..\..\..\files\weather\hourly\Spresiano.csv,1/1/2024 12:00:00 AM,9.5,5,7.7999997,14,100,83,-98.026474,-2.25,0,0,0,0,0,0,0,0,0,0,0,0,0,0,0,0,0,0,0,0,0,0,0,0,0,-94.30655013062689,-167.21694089454698,0,0,0,1.536651019380974,1.0271502500000054,0.002,0,0,0.0015724990653893016,0,0.00025583464398314543,0
..\..\..\files\weather\hourly\Spresiano.csv,1/2/2024 12:00:00 AM,8.79,2.86,0.8,24,99.87,91.24,-98.026474,-2.965,0,0,0,0,0,0,0,0,0,0,0,0,0,0,0,0,0,0,0,0,0,0,0,0,0,-94.30655013062689,-170.03360785526323,0,0,0,0.00667,0.9825681410946814,0,0,0,0.0019544437776146764,0.03378431306960047,0.0003064334736047958,0
..\..\..\files\weather\hourly\Spresiano.csv,1/3/2024 12:00:00 AM,7.67,-0.07,0.4,16,99.93,74.41,-98.026474,-3.8003163,0,0,0,0,0,0,0,0,0,0,0,0,0,0,0,0,0,0,0,0,0,0,0,0,0,-94.30655013062689,-179.85027451795625,0,0,0,0.08446782515981173,1.0154677268837062,0,0,0,0.0016852497640062927,0.05980556772757961,0.00035118469177209847,0
..\..\..\files\weather\hourly\Spresiano.csv,1/4/2024 12:00:00 AM,9.74,4.29,0,10,99.99,71.26,-98.026474,-2.725,0,0,0,0,0,0,0,0,0,0,0,0,0,0,0,0,0,0,0,0,0,0,0,0,0,-94.30655013062689,-190.06694118660974,0,0,0,0.08446782515981173,1.01576836419585,0,0,0,0.0022346679049421512,0.09459424350171708,0.00041988079925624775,0
..\..\..\files\weather\hourly\Spresiano.csv,1/5/2024 12:00:00 AM,10.4,0.7,0,11,99.97,68.4,-98.01823,-4.8417525,0.008247407,0,0,0,0,0,0,0,0,0,0,0,0,0,0,0,0,0,0,0,0,0,0,0,0,-97.75933546292369,-190.06694118660974,0,0,0,0.00667,1.015166537651254,0,0,0,0.0024648213336230253,0.12770504718192513,0.0004958552870878092,0
..\..\..\files\weather\hourly\Spresiano.csv,1/6/2024 12:00:00 AM,9.45,4.55,16.6,21,99.96,80.53,-98.01823,-2.4499998,0,0,0,0,0,0,0,0,0,0,0,0,0,0,0,0,0,0,0,0,0,0,0,0,0,-97.75933546292369,-173.46694080514,0,0,0,3,1.0331284781350263,0.002,0,0,0.002143268236877077,0.16586694383587613,0.000597982071697803,0
..\..\..\files\weather\hourly\Spresiano.csv,1/7/2024 12:00:00 AM,9.46,7.85,57,24,99.19,79.56,-98.01823,-0.8049998,0,0,0,0,0,0,0,0,0,0,0,0,0,0,0,0,0,0,0,0,0,0,0,0,0,-97.75933546292369,-173.46694080514,0,0,0.05480893169436565,3,0.009124002658765562,0.002,0.16453641294648566,0,0.0021463292485398113,0.21163830621014112,0.0007440519387541656,0
..\..\..\files\weather\hourly\Spresiano.csv,1/8/2024 12:00:00 AM,9.88,6.82,7.2000003,24,99.96,81.28,-98.01823,-1.5300002,0,0,0,0,0,0,0,0,0,0,0,0,0,0,0,0,0,0,0,0,0,0,0,0,0,-97.75933546292369,-197.11122230677339,0,0,0,3,1.015166537651254,0,0,0,0.0022808181574824962,0.25694436675640653,0.0009179113515146969,0
..\..\..\files\weather\hourly\Spresiano.csv,1/9/2024 12:00:00 AM,10.05,1.46,0,10,99.91,53.08,-98.01808,-4.2948546,0.00014551915,0,0,0,0,0,0,0,0,0,0,0,0,0,0,0,0,0,0,0,0,0,0,0,0,-97.75933546292369,-200.52788869528504,0,0,0,1.1023595351028124,1.0418610515069702,0,0,0,0.001927956128574323,0.2865372219672431,0.0010493697577903481,0
..\..\..\files\weather\hourly\Spresiano.csv,1/10/2024 12:00:00 AM,7.07,-1.58,0,6,99.96,47.74,-98.01808,-2.8893006,0,0,0,0,0,0,0,0,0,0,0,0,0,0,0,0,0,0,0,0,0,0,0,0,0,-97.75933546292369,-200.52788869528504,0,0,0,0.00667,0.4567022499999993,0,0,0,0.001343141548112525,0.3008064372016475,0.0011182991785224493,0
..\..\..\files\weather\hourly\Spresiano.csv,1/11/2024 12:00:00 AM,5.14,-2.3,0,0,91.4,42.64,-98.01808,-1.7755108,0,0,0,0,0,0,0,0,0,0,0,0,0,0,0,0,0,0,0,0,0,0,0,0,0,-97.75933546292369,-200.52788869528504,0,0,0,0.00667,0.9534079609955839,0,0,0,0.0010583453157519474,0.3062930261845316,0.0011458119387062883,0
..\..\..\files\weather\hourly\Spresiano.csv,1/12/2024 12:00:00 AM,8.19,-3.11,0,0,95.98,35.17,-98.01808,-2.967969,0,0,0,0,0,0,0,0,0,0,0,0,0,0,0,0,0,0,0,0,0,0,0,0,0,-97.75933546292369,-200.52788869528504,0,0,0,0.00667,0.8779860110173132,0,0,0,0.0012964236901175023,0.3153723749462686,0.001192608031891138,0
..\..\..\files\weather\hourly\Spresiano.csv,1/13/2024 12:00:00 AM,8.62,-2.34,0.2,2,99.98,42.25,-98.01808,-3.389799,0,0,0,0,0,0,0,0,0,0,0,0,0,0,0,0,0,0,0,0,0,0,0,0,0,-97.75933546292369,-200.52788869528504,0,0,0,0.04555995657963896,1.070893664967059,0,0,0,0.0014055077543540342,0.32294479378699387,0.0012328724584953997,0
..\..\..\files\weather\hourly\Spresiano.csv,1/14/2024 12:00:00 AM,5.94,-3.64,0.2,2,99.98,55.49,-98.01808,-1.841524,0,0,0,0,0,0,0,0,0,0,0,0,0,0,0,0,0,0,0,0,0,0,0,0,0,-97.75933546292369,-210.94455536691876,0,0,0,0.08446782515981173,1.0403044141321018,0,0,0,0.001365053508896899,0.33209137458895793,0.0012830438196525544,0
..\..\..\files\weather\hourly\Spresiano.csv,1/15/2024 12:00:00 AM,7.37,-2.89,0.4,2,99.54,55.61,-98.01808,-2.6470222,0,0,0,0,0,0,0,0,0,0,0,0,0,0,0,0,0,0,0,0,0,0,0,0,4.006295556038123,-93.75303990688556,-221.36122203855248,0,0,0,0.12339360574051833,0.21943965334412852,0,0,0,0.001539876900440924,0.3464926321206747,0.0013655518028421018,0
..\..\..\files\weather\hourly\Spresiano.csv,1/16/2024 12:00:00 AM,8.39,-0.58,0,6,99.94,53.39,-98.01808,-3.9237516,0,0,0,0,0,0,0,0,0,0,0,0,0,0,0,0,0,0,0,0,0,0,0,0,0,-93.75303990688556,-231.57788870720597,0,0,0,0.08446782515981173,0.8540805680289836,0,0,0,0.0015882012681525356,0.3627291757636698,0.0014639307164737293,0
..\..\..\files\weather\hourly\Spresiano.csv,1/17/2024 12:00:00 AM,8.57,-1.24,0,6,92.93,42.25,-98.01808,-3.7433689,0,0,0,0,0,0,0,0,0,0,0,0,0,0,0,0,0,0,0,0,0,0,0,0,0,-93.75303990688556,-231.57788870720597,0,0,0,0.00667,0,0,0,0,0.0014564150606950436,0.37510662415005286,0.0015429000574515048,0
..\..\..\files\weather\hourly\Spresiano.csv,1/18/2024 12:00:00 AM,4.43,2.96,12.2,15,99.95,65.36,-98.01808,-0.7349999,0,0,0,0,0,0,0,0,0,0,0,0,0,0,0,0,0,0,0,0,0,0,0,0,0,-93.75303990688556,-219.37788889794084,0,0,0,2.571774111934424,1.0353550809569967,0.002,0,0,0.0011535283300932325,0.4003117151531291,0.0017148888532960904,0
..\..\..\files\weather\hourly\Spresiano.csv,1/19/2024 12:00:00 AM,6.73,4.53,7.4,24,99.12,98.97,-98.01808,-1.0999999,0,0,0,0,0,0,0,0,0,0,0,0,0,0,0,0,0,0,0,0,0,0,0,0,0,-93.75303990688556,-219.37788889794084,0,0,0,3,1.0370431665480098,0,0,0,0.0014991102704886364,0.43216704260639166,0.0019551219298179524,0
..\..\..\files\weather\hourly\Spresiano.csv,1/20/2024 12:00:00 AM,6.88,-2.17,1.6,20,99.96,78.59,-98.01808,-2.6151602,0,0,0,0,0,0,0,0,0,0,0,0,0,0,0,0,0,0,0,0,0,0,0,0,0,-93.75303990688556,-222.59455547718736,0,0,0,0.31829118865205863,1.0726422500000012,0,0,0,0.0015267315624438158,0.4570461643012453,0.002161852544149278,0
..\..\..\files\weather\hourly\Spresiano.csv,1/21/2024 12:00:00 AM,7.62,-4.27,0.2,3,99.98,25.06,-98.01808,-2.4417326,0,0,0,0,0,0,0,0,0,0,0,0,0,0,0,0,0,0,0,0,0,0,0,0,0,-93.75303990688556,-231.61122212795945,0,0,0,0.31829118865205863,0,0,0,0,0.0012464931261029445,0.4608839674994235,0.0021953150749946726,0
..\..\..\files\weather\hourly\Spresiano.csv,1/22/2024 12:00:00 AM,9.05,-3.08,0,0,78.46,21.67,-98.01808,-3.3760307,0,0,0,0,0,0,0,0,0,0,0,0,0,0,0,0,0,0,0,0,0,0,0,0,0,-93.75303990688556,-242.02788879959317,0,0,0,0.04555995657963896,0,0,0,0,0.0010838387704503888,0.4644194777263319,0.0022265242773978435,0
..\..\..\files\weather\hourly\Spresiano.csv,1/23/2024 12:00:00 AM,6.06,-3.89,0,0,79.09,42,-98.01808,-1.845407,0,0,0,0,0,0,0,0,0,0,0,0,0,0,0,0,0,0,0,0,0,0,0,0,0,-93.75303990688556,-242.02788879959317,0,0,0,0.00667,0,0,0,0,0.0011735652695884866,0.47422763149925806,0.002315052612607587,0
..\..\..\files\weather\hourly\Spresiano.csv,1/24/2024 12:00:00 AM,10.31,-1.07,0,0,80.16,38.21,-98.01386,-4.674526,0.0042223316,0,0,0,0,0,0,0,0,0,0,0,0,0,0,0,0,0,0,0,0,0,0,0,0,-93.75303990688556,-242.02788879959317,0,0,0,0.00667,0,0,0,0,0.0012618764658272497,0.48482290033223496,0.002413969473479113,0
..\..\..\files\weather\hourly\Spresiano.csv,1/25/2024 12:00:00 AM,9.65,-1.1,0,4,99.64,57.55,-98.01386,-4.331279,0,0,0,0,0,0,0,0,0,0,0,0,0,0,0,0,0,0,0,0,0,0,0,0,5.818271400380657,-87.93476850650491,-242.02788879959317,0,0,0,0.00667,1.0714251390257132,0,0,0,0.0019841946888861854,0.5068317074261338,0.0026307373855253987,0
..\..\..\files\weather\hourly\Spresiano.csv,1/26/2024 12:00:00 AM,15.3,0.73,0,12,99.99,41.24,-97.0499,-6.321033,0.96396714,0,0,0,0,0,0,0,0,0,0,0,0,0,0,0,0,0,0,0,0,0,0,0,0,-87.93476850650491,-242.02788879959317,0,0,0,0.00667,1.0233089106810027,0,0,0,0.001711414227707692,0.523641345006803,0.0028069951181137563,0
..\..\..\files\weather\hourly\Spresiano.csv,1/27/2024 12:00:00 AM,12.09,1.03,0.2,14,99.97,61.64,-96.852425,-5.3325267,0.1974729,0,0,0,0,0,0,0,0,0,0,0,0,0,0,0,0,0,0,0,0,0,0,0,0,-87.93476850650491,-242.02788879959317,0,0,0,0.04555995657963896,1.0235884345497652,0,0,0,0.0026667570637054195,0.5517200398908031,0.0031232216916585133,0
..\..\..\files\weather\hourly\Spresiano.csv,1/28/2024 12:00:00 AM,11.96,-0.99,0.4,17,99.92,65.89,-96.7041,-5.671166,0.14832434,0,0,0,0,0,0,0,0,0,0,0,0,0,0,0,0,0,0,0,0,0,0,0,0,-87.93476850650491,-252.4445554712269,0,0,0,0.08446782515981173,1.0733093614051938,0,0,0,0.003044554838471715,0.579584400384066,0.003465591370730206,0
..\..\..\files\weather\hourly\Spresiano.csv,1/29/2024 12:00:00 AM,12.67,-0.99,0.2,13,99.94,45.14,-96.44316,-6.1368155,0.26094073,0,0,0,0,0,0,0,0,0,0,0,0,0,0,0,0,0,0,0,0,0,0,0,0,-87.93476850650491,-262.66122213988035,0,0,0,0.08446782515981173,1.0287495730933358,0,0,0,0.0016723859490453494,0.5943287482200518,0.0036589026701210063,0
..\..\..\files\weather\hourly\Spresiano.csv,1/30/2024 12:00:00 AM,11.3,-1.66,0.2,10,99.41,47.93,-96.37796,-4.991513,0.065200634,0,0,0,0,0,0,0,0,0,0,0,0,0,0,0,0,0,0,0,0,0,0,0,0,-87.93476850650491,-273.0778888115141,0,0,0,0.08446782515981173,1.0295386811989005,0,0,0,0.00183435901174519,0.6065865886416583,0.003826280881114279,0
..\..\..\files\weather\hourly\Spresiano.csv,1/31/2024 12:00:00 AM,12.32,-1.36,0.2,10,97.55,39.2,-96.18124,-5.744327,0.1967251,0,0,0,0,0,0,0,0,0,0,0,0,0,0,0,0,0,0,0,0,0,0,0,0,-87.93476850650491,-283.4945554831478,0,0,0,0.08446782515981173,0.6848102316444518,0,0,0,0.0015342230095981523,0.6178238170608461,0.003985192417499193,0
..\..\..\files\weather\hourly\Spresiano.csv,2/1/2024 12:00:00 AM,11.13,-1.53,0.2,12,99.95,45.52,-96.130806,-4.942883,0.050430503,0,0,0,0,0,0,0,0,0,0,0,0,0,0,0,0,0,0,0,0,0,0,0,0,-87.93476850650491,-293.9112221547815,2.093279358993259E-115,0,0,0.08446782515981173,1.0733834999999985,0,0,0,0.00143914985270307,0.6293420025760019,0.00415364631705404,0
..\..\..\files\weather\hourly\Spresiano.csv,2/2/2024 12:00:00 AM,7.48,-2.25,0.4,18,99.95,54.98,-96.130806,-2.8751493,0,0,0,0,0,0,0,0,0,0,0,0,0,0,0,0,0,0,0,0,0,0,0,0,0,-87.93476850650491,-293.9112221547815,4.161188347995257E-114,2.093279358993259E-115,0,0.12339360574051833,0.9534079609955839,0,0,0,0.0014289343571406757,0.6450702651611475,0.00439303218567776,0
..\..\..\files\weather\hourly\Spresiano.csv,2/3/2024 12:00:00 AM,12.82,-1.23,0.2,9,99.98,39.85,-95.8478,-6.131843,0.2830035,0,0,0,0,0,0,0,0,0,0,0,0,0,0,0,0,0,0,0,0,0,0,0,0,-87.93476850650491,-293.9112221547815,8.130766886474816E-113,4.370516283894583E-114,0,0.12339360574051833,0.061357335457778106,0,0,0,0.0016387750466788072,0.6575404430536735,0.004590727087500733,0
..\..\..\files\weather\hourly\Spresiano.csv,2/4/2024 12:00:00 AM,12.83,0.74,0,0,97,43.15,-95.51658,-5.71378,0.33122,0,0,0,0,0,0,0,0,0,0,0,0,0,0,0,0,0,0,0,0,0,0,0,7.863808884923639,-80.07095962158127,-293.9112221547815,1.561599276969463E-111,8.567818514864275E-113,0,0.04555995657963896,1.0558229880713554,0,0,0,0.0018841101854617625,0.6760392439345683,0.0048972850316619755,0
..\..\..\files\weather\hourly\Spresiano.csv,2/5/2024 12:00:00 AM,11.99,0.27,0,13,99.97,53.6,-95.34763,-5.691054,0.1689462,0,0,0,0,0,0,0,0,0,0,0,0,0,0,0,0,0,0,0,0,0,0,0,0,-80.07095962158127,-293.9112221547815,2.9480282580579414E-110,1.6472774621181057E-111,0,0.00667,1.0255227843970545,0,0,0,0.0021310874442687228,0.6965106998296733,0.005255696168437607,0
..\..\..\files\weather\hourly\Spresiano.csv,2/6/2024 12:00:00 AM,12.65,1.44,0,11,99.99,63.74,-95.03441,-5.291775,0.31322473,0,0,0,0,0,0,0,0,0,0,0,0,0,0,0,0,0,0,0,0,0,0,0,0,-80.07095962158127,-293.9112221547815,5.470381797439693E-109,3.112756004269752E-110,0,0.00667,1.0233089106810027,0,0,0,0.0029264676367448043,0.7284685901985222,0.005857393380315591,0
..\..\..\files\weather\hourly\Spresiano.csv,2/7/2024 12:00:00 AM,10.98,4.07,0.2,13,99.94,69.43,-94.96491,-3.385506,0.06949343,0,0,0,0,0,0,0,0,0,0,0,0,0,0,0,0,0,0,0,0,0,0,0,0,-80.07095962158127,-293.9112221547815,9.97763443456359E-108,5.781657397866668E-109,0,0.04555995657963896,1.0160682193739348,0,0,0,0.0026963101664297137,0.7707297425922204,0.006736987675059627,0
..\..\..\files\weather\hourly\Spresiano.csv,2/8/2024 12:00:00 AM,9.99,6.46,0,15,99.98,84.37,-94.96491,-1.7650003,0,0,0,0,0,0,0,0,0,0,0,0,0,0,0,0,0,0,0,0,0,0,0,0,0,-80.07095962158127,-293.9112221547815,1.7887987842915063E-106,1.0555800174350257E-107,0,0.00667,1.016665356096702,0,0,0,0.002318050119799057,0.8121642681187415,0.007698970708329698,0
..\..\..\files\weather\hourly\Spresiano.csv,2/9/2024 12:00:00 AM,11.54,4.36,0.4,10,99.88,70.97,-94.79976,-3.4248464,0.1651532,0,0,0,0,0,0,0,0,0,0,0,0,0,0,0,0,0,0,0,0,0,0,0,0,-80.07095962158127,-293.9112221547815,3.152240521359546E-105,1.894356786035009E-106,0,0.24027841948584105,1.0163672924179679,0.002,0,0,0.002950524817261347,0.8581810329507166,0.008891978743930365,0
..\..\..\files\weather\hourly\Spresiano.csv,2/10/2024 12:00:00 AM,9.91,7.76,8.400001,24,99.65,99.04,-94.79976,-1.0749998,0,0,0,0,0,0,0,0,0,0,0,0,0,0,0,0,0,0,0,0,0,0,0,0,0,-80.07095962158127,-293.9112221547815,5.460107048009142E-104,3.341676199963047E-105,0.03449759489276223,2.0526990607815834,1.0386929442730377,0,0.03583240840950171,0,0.0022908862053422534,0.9056474191244068,0.010270585818408777,0
..\..\..\files\weather\hourly\Spresiano.csv,2/11/2024 12:00:00 AM,11.42,9.14,13.400001,24,99.62,98.97,-94.35757,-0.6978073,0.44219306,0,0,0,0,0,0,1,0,0,0,0,0,0,0,1,0,0,0,0,0,0,0,0,0,-80.07095962158127,-293.9112221547815,9.296231293500825E-103,5.794274668005446E-104,0.13206767917870607,3,1.0389255502404993,0.002,0.3964671728944756,0.7862448315666737,0.002893254847642902,0.9633534296098741,0.012165450547260365,0
..\..\..\files\weather\hourly\Spresiano.csv,2/12/2024 12:00:00 AM,13.6,8.73,0,21,99.86,74.93,-93.02697,-1.1044049,1.3305955,0,0,0,0,0,0,1,0,0,0,0,0,1,0,1,0,0,0,0,0,1,0,0,0,-80.07095962158127,-293.9112221547815,1.555738635584998E-101,9.87565876030137E-103,0.04802384265405467,3,1.0409832926367955,0,0.04999201785108921,0.7862448315666737,0.00424543795676343,1.0239641352699118,0.014435648405791238,0
..\..\..\files\weather\hourly\Spresiano.csv,2/13/2024 12:00:00 AM,12.53,5.27,0,19,99.93,63.3,-92.586136,-3.1891663,0.44083324,0,0,0,0,0,0,0,0,0,0,0,0,0,0,0,0,0,0,0,0,0,0,0,0,-80.07095962158127,-293.9112221547815,2.5591179749250284E-100,1.654495223188012E-101,0,0.00667,1.0603122498304813,0,0,0.7862448315666737,0.002950524817261347,1.0661260870603864,0.016196420012366285,0
..\..\..\files\weather\hourly\Spresiano.csv,2/14/2024 12:00:00 AM,16.37,4.42,0,12,99.87,43.05,-90.88836,-4.2772217,1.6977786,0,0,0,0,0,0,0,0,0,0,0,0,0,0,0,0,0,0,0,0,0,0,0,1.6443640963807082,-78.42659552520055,-293.9112221547815,4.137785093230249E-99,2.72456749724383E-100,0,0.00667,0.20668145674152427,0,0,0.7862448315666737,0.002476081579985822,1.0898182276232953,0.017254717899953486,0
..\..\..\files\weather\hourly\Spresiano.csv,2/15/2024 12:00:00 AM,14.43,3.01,0,11,99.97,42.08,-90.02912,-4.850766,0.8592339,0,0,0,0,0,0,0,0,0,0,0,0,0,0,0,0,0,0,0,0,0,0,0,0,-78.42659552520055,-293.9112221547815,6.57611663810749E-98,4.410241842954632E-99,0,0.00667,1.0145613535498725,0,0,0.7862448315666737,0.0018994181170442828,1.109062499567493,0.018152027783749875,0
..\..\..\files\weather\hourly\Spresiano.csv,2/16/2024 12:00:00 AM,13.59,2.18,0,14,99.96,62.51,-89.46435,-5.140228,0.5647722,0,0,0,0,0,0,0,0,0,0,0,0,0,0,0,0,0,0,0,0,0,0,0,0,-78.42659552520055,-293.9112221547815,1.0272946768913045E-96,7.017140822402952E-98,0,0.00667,1.0360832106428504,0,0,0.7862448315666737,0.0030957630721260886,1.138322996518146,0.019582865643874174,0
..\..\..\files\weather\hourly\Spresiano.csv,2/17/2024 12:00:00 AM,13.63,0.58,0,14,99.82,63.69,-88.95949,-6.020138,0.50486207,0,0,0,0,0,0,0,0,0,0,0,0,0,0,0,0,0,0,0,0,0,0,0,0,-78.42659552520055,-293.9112221547815,1.577409751784764E-95,1.097466085115334E-96,0,0.00667,1.0375185438392833,0,0,0.7862448315666737,0.0035217739774950976,1.1689401658355891,0.02116838180073269,0
..\..\..\files\weather\hourly\Spresiano.csv,2/18/2024 12:00:00 AM,14.93,1.21,0,9,99.95,61.67,-88.07374,-5.9742527,0.8857472,0,0,0,0,0,0,0,0,0,0,0,0,0,0,0,0,0,0,0,0,0,0,0,0,-78.42659552520055,-293.9112221547815,2.380772834293684E-94,1.6871563602962975E-95,0,0.00667,1.0154677268837062,0,0,0.7862448315666737,0.003702095424793706,1.2020563076787731,0.022988239957906286,0
..\..\..\files\weather\hourly\Spresiano.csv,2/19/2024 12:00:00 AM,16.9,7.53,0,5,99.97,52.34,-85.53318,-2.1444452,2.5405548,0,0,0,0,0,0,0,0,0,0,0,0,0,0,0,0,0,0,0,0,0,0,0,0,-78.42659552520055,-293.9112221547815,3.531956521963861E-93,2.549488470323314E-94,0,0.00667,1.0160682193739348,0,0,0.7862448315666737,0.0032513648786814645,1.2327603806738414,0.024775931794495096,0
..\..\..\files\weather\hourly\Spresiano.csv,2/20/2024 12:00:00 AM,16.58,6.32,0,13,99.96,52.53,-83.42322,-3.0200388,2.1099608,0,0,0,0,0,0,0,0,0,0,0,0,0,0,0,0,0,0,0,0,0,0,0,0,-78.42659552520055,-293.9112221547815,5.150349400370123E-92,3.7869053689961925E-93,0,0.00667,1.015166537651254,0,0,0.7862448315666737,0.002709119793298662,1.2619778139295605,0.026569282715735693,0
..\..\..\files\weather\hourly\Spresiano.csv,2/21/2024 12:00:00 AM,17,5.86,0,13,99.97,47.12,-81.22394,-3.3707182,2.199282,0,0,0,0,0,0,0,0,0,0,0,0,0,0,0,0,0,0,0,0,0,0,0,0,-78.42659552520055,-293.9112221547815,7.382135115659719E-91,5.5290399372697424E-92,0,0.00667,1.0527258426268062,0,0,0.7862448315666737,0.0031323391049276825,1.2930918301911005,0.02858047236760048,0
..\..\..\files\weather\hourly\Spresiano.csv,2/22/2024 12:00:00 AM,16.16,4.21,0,7,99.63,39.22,-79.63625,-4.3873177,1.587682,0,0,0,0,0,0,0,0,0,0,0,0,0,0,0,0,0,0,0,0,0,0,0,0,-78.42659552520055,-293.9112221547815,1.0400428685965892E-89,7.935039109386693E-91,0,0.00667,1.0706371124200658,0,0,0.7862448315666737,0.0024425214261162517,1.3163573995050797,0.030154224330554567,0
..\..\..\files\weather\hourly\Spresiano.csv,2/23/2024 12:00:00 AM,10.2,7.1,9,20,99.95,92.47,-79.6298,-1.5435481,0.006451601,0,0,0,0,0,0,0,0,0,0,0,0,0,0,0,0,0,0,0,0,0,0,0,0,-78.42659552520055,-293.9112221547815,1.440271756989227E-88,1.1193932596904562E-89,0,1.7744509,1.0274188263783444,0,0,0.7862448315666737,0.0023916039246058424,1.3628407520191956,0.03348204509283081,1
..\..\..\files\weather\hourly\Spresiano.csv,2/24/2024 12:00:00 AM,9.52,5.72,32.8,24,99.32,98.94,-79.6298,-1.9000001,0,0,0,0,0,0,0,0,0,0,0,0,0,0,0,0,0,0,0,0,0,0,0,0,4.859180312122177,-73.56741521307838,-293.9112221547815,1.9604763241802697E-87,1.5522110829582728E-88,0,3,1.0348658149071923,0,0,0.7862448315666737,0.0021648285384727297,1.4084286210707553,0.03698958531289353,1
..\..\..\files\weather\hourly\Spresiano.csv,2/25/2024 12:00:00 AM,12.84,4.32,0.2,10,99.23,65.58,-79.15646,-3.7866664,0.47333333,0,0,0,0,0,0,0,0,0,0,0,0,1,0,0,0,0,0,0,0,1,0,0,0,-73.56741521307838,-293.9112221547815,2.623026708194151E-86,2.115697432476097E-87,0,3,0.8942172215595683,0,0,0.7862448315666737,0.0035342403238720604,1.4476842136371004,0.04020857779690212,1
..\..\..\files\weather\hourly\Spresiano.csv,2/26/2024 12:00:00 AM,12.45,4.19,0,6,99.96,68.13,-78.79311,-3.7666523,0.36334738,0,0,0,0,0,0,0,0,0,0,0,0,0,0,0,0,0,0,0,0,0,0,0,0,-73.56741521307838,-293.9112221547815,3.449592356625605E-85,2.8345964514417606E-86,0,0.04555995657963896,1.0190230864048502,0,0,0.7862448315666737,0.0031061515287633197,1.4944175093087346,0.04428607332939965,0
..\..\..\files\weather\hourly\Spresiano.csv,2/27/2024 12:00:00 AM,10.99,3.56,12.6,22,99.96,70.65,-78.72716,-3.649044,0.06595556,0,0,0,0,0,0,0,0,0,0,0,0,0,0,0,0,0,0,0,0,0,0,0,0,-73.56741521307838,-293.9112221547815,4.459198389233107E-84,3.733052001769781E-85,0.015997606206472108,2.65190048519451,0.87353922181779,0.002,0.04373903142692054,0.7862448315666737,0.002700570391115103,1.5353397565596074,0.048079824407374586,1
..\..\..\files\weather\hourly\Spresiano.csv,2/28/2024 12:00:00 AM,12.01,8.61,23,24,99.75,78.83,-78.133026,-1.1058674,0.5941324,0,0,0,0,0,0,1,0,0,0,0,0,1,0,1,0,0,0,0,0,1,0,0,0,-73.56741521307838,-293.9112221547815,5.6659112236106415E-83,4.8325035894100845E-84,0.256746053874487,3,1.0224658615724636,0,0.2625140751801075,0.7862448315666737,0.0031910660932528137,1.5926584404315438,0.05375068273400592,1
..\..\..\files\weather\hourly\Spresiano.csv,2/29/2024 12:00:00 AM,13,9.72,28.6,16,99.63,77.68,-76.76108,-0.268049,1.3719513,0,0,0,0,0,0,1,0,0,0,0,0,1,0,1,0,0,0,0,0,1,0,0,0,-73.56741521307838,-293.9112221547815,7.076307386417971E-82,6.14916158255165E-83,0.3924007430434518,3,0.4732825925294861,0,0.18571644097810158,2.2487534347555473,0.003797135744565161,1.661389365163752,0.061109143767387915,1
..\..\..\files\weather\hourly\Spresiano.csv,3/1/2024 12:00:00 AM,16.91,10.17,0.8,7,90.03,56.12,-73.22108,0,3.54,0,0,0,0,0,0,1,0,0,0,0,0,0,0,1,0,0,0,0,0,0,0,0,0,-73.56741521307838,-293.9112221547815,8.686954917672825E-81,7.691223544673136E-82,0.3995654834316011,3,0.9312453243493835,0.002,1.1994955812616663,4.305047784940616,0.006065076942778517,1.7247500241878635,0.06843931286655308,1
..\..\..\files\weather\hourly\Spresiano.csv,3/2/2024 12:00:00 AM,12.06,9.94,10,24,99.99,88.7,-72.22023,-0.05915129,1.0008491,0,0,0,0,0,0,1,0,0,0,0,0,0,0,1,0,0,0,0,0,0,0,0,0,-73.56741521307838,-293.9112221547815,1.0482198964577283E-79,9.456077272140139E-81,0.1738863838815957,2.4517188979674653,1.0700141179222697,0,0.1860608856677588,5.3549520334169705,0.0032182767845996404,1.7886367266750147,0.07636508061475684,1
..\..\..\files\weather\hourly\Spresiano.csv,3/3/2024 12:00:00 AM,11.48,8.53,2.4,24,99.98,96.37,-71.848976,-1.1037455,0.37125403,0,0,0,0,0,0,0,0,0,0,0,0,0,0,0,0,0,0,0,0,0,0,0,0,-73.56741521307838,-293.9112221547815,1.2432577738089492E-78,1.1427806691791296E-79,0,2.0925204384240588,1.0279534293603731,0.002,0,5.3549520334169705,0.0029216896613128095,1.8468872247682435,0.08405988494624747,1
..\..\..\files\weather\hourly\Spresiano.csv,3/4/2024 12:00:00 AM,14.17,8.01,3.6000001,17,99.92,70.71,-70.43754,-1.6685631,1.4114368,0,0,0,0,0,0,0,0,0,0,0,0,0,0,0,0,0,0,0,0,0,0,0,0,-73.56741521307838,-293.9112221547815,1.4494189045076455E-77,1.3575358407268622E-78,0.2107688025214582,1.6158460631545055,1.0716410379011592,0.002,0.3744204351634208,5.3549520334169705,0.004479961827025776,1.9036787004612117,0.09198982568081637,1
..\..\..\files\weather\hourly\Spresiano.csv,3/5/2024 12:00:00 AM,15.73,6.87,11.6,14,99.95,57.58,-68.58466,-2.5771272,1.8528721,0,0,0,0,0,0,1,0,0,0,0,0,1,0,1,0,0,0,0,0,1,0,0,13.247864118302044,-60.31955109477633,-293.9112221547815,1.6609272592522246E-76,1.5851724885803318E-77,0,3,1.014257820301168,0,0,5.3549520334169705,0.00423737847578294,1.9509395946503327,0.09890807677216808,1
..\..\..\files\weather\hourly\Spresiano.csv,3/6/2024 12:00:00 AM,17.82,5.68,6.6,11,99.95,48.51,-66.06603,-3.5513678,2.5186324,0,0,0,0,0,0,1,0,0,0,0,0,0,0,1,0,0,0,0,0,0,0,0,0,-60.31955109477633,-293.9112221547815,1.8708167843779188E-75,1.8194445081102577E-76,0.14422489919311826,1.9731100266722887,1.0148643366675998,0.002,0.284860044492128,5.3549520334169705,0.004559128873251958,1.989888838651658,0.10482494504343098,1
..\..\..\files\weather\hourly\Spresiano.csv,3/7/2024 12:00:00 AM,12.74,8.46,2,14,99.97,61.3,-65.18898,-1.2629443,0.877056,0,0,0,0,0,0,0,0,0,0,0,0,0,0,0,0,0,0,0,0,0,0,0,0,-60.31955109477633,-293.9112221547815,2.071265902377741E-74,2.0527612351889444E-75,0,2.132359728064399,1.0160682193739348,0,0,5.3549520334169705,0.0033945382324165724,2.0411295389142916,0.11290100276351019,1
..\..\..\files\weather\hourly\Spresiano.csv,3/8/2024 12:00:00 AM,11.66,7.82,3.8,18,99.91,70.61,-64.83018,-1.5611975,0.35880205,0,0,0,0,0,0,0,0,0,0,0,0,0,0,0,0,0,0,0,0,0,0,0,0,-60.31955109477633,-293.9112221547815,2.2540544733661142E-73,2.2765420258966354E-74,0,0.9056707374667523,0.3407485318703216,0,0,5.3549520334169705,0.003009422818113197,2.090801994249906,0.12104075287362953,1
..\..\..\files\weather\hourly\Spresiano.csv,3/9/2024 12:00:00 AM,7.54,6.01,5.2,17,94.82,78.87,-64.83018,-0.76499987,0,0,0,0,0,0,0,0,0,0,0,0,0,0,0,0,0,0,0,0,0,0,0,0,0,-60.31955109477633,-293.9112221547815,2.4111093785348606E-72,2.4817086759557776E-73,0,1.9333423761433208,1.0673836454406285,0.002,0,5.3549520334169705,0.0016575584825846259,2.1276370546179266,0.12727026737240676,1
..\..\..\files\weather\hourly\Spresiano.csv,3/10/2024 12:00:00 AM,11.54,6.4,7,12,99.98,76.51,-64.59948,-2.3392997,0.23070039,0,0,0,0,0,0,0,0,0,0,0,0,0,0,0,0,0,0,0,0,0,0,0,0,-60.31955109477633,-293.9112221547815,2.53508993327817E-71,2.659280246130438E-72,0.014321740651808409,2.6118283455518094,0.9913877466095968,0,0.014198398192323398,5.3549520334169705,0.002950524817261347,2.175069220329985,0.13552873835953386,0
..\..\..\files\weather\hourly\Spresiano.csv,3/11/2024 12:00:00 AM,11.45,5.75,30,23,99.82,89.66,-64.41505,-2.6655705,0.18442978,0,0,0,0,0,0,0,0,0,0,0,0,0,0,0,0,0,0,0,0,0,0,0,0,-60.31955109477633,-293.9112221547815,2.6199547012204892E-70,2.801017957891214E-71,0,3,1.0363244182951377,0.002,0,5.3549520334169705,0.002907422706542958,2.2227458489164302,0.1440911848259238,1
..\..\..\files\weather\hourly\Spresiano.csv,3/12/2024 12:00:00 AM,15.42,6.49,0,15,99.76,53.33,-62.770233,-2.820185,1.6448152,0,0,0,0,0,0,0,0,0,0,0,0,0,0,0,0,0,0,0,0,0,0,0,0,-60.31955109477633,-293.9112221547815,2.6614489951877716E-69,2.900056497009611E-70,0,3,1.0377548791734696,0,0,5.3549520334169705,0.0031910660932528137,2.255217167330411,0.15006854213276946,0
..\..\..\files\weather\hourly\Spresiano.csv,3/13/2024 12:00:00 AM,16.12,6.26,0.2,16,99.83,61.9,-60.870922,-3.0306897,1.8993107,0,0,0,0,0,0,0,0,0,0,0,0,0,0,0,0,0,0,0,0,0,0,0,0,-60.31955109477633,-293.9112221547815,2.657458347511897E-68,2.9514546448887327E-69,0,0.04555995657963896,1.035841220856483,0,0,5.3549520334169705,0.004497389867136026,2.2986732796112017,0.15824698032787574,1
..\..\..\files\weather\hourly\Spresiano.csv,3/14/2024 12:00:00 AM,17.94,6.38,0,12,99.84,39.4,-58.144123,-3.0532,2.7267997,0,0,0,0,0,0,0,0,0,0,0,0,0,0,0,0,0,0,0,0,0,0,0,0,-60.31955109477633,-293.9112221547815,2.6081870734954277E-67,2.9526038120007705E-68,0,0.00667,1.019314339898088,0,0,5.3549520334169705,0.0029797669511059106,2.3258868386607356,0.16346994988090244,0
..\..\..\files\weather\hourly\Spresiano.csv,3/15/2024 12:00:00 AM,16.57,4.68,0.2,12,99.83,57.63,-56.328945,-4.1298237,1.8151765,0,0,0,0,0,0,0,0,0,0,0,0,0,0,0,0,0,0,0,0,0,0,0,16.003033060275257,-44.31651803450107,-293.9112221547815,2.516140936186124E-66,2.903447454695505E-67,0.13553776145625793,0.04555995657963896,1.0221832097640515,0,0.13854442404959208,5.3549520334169705,0.00408819456442347,2.3568835479565906,0.16951126808756278,1
..\..\..\files\weather\hourly\Spresiano.csv,3/16/2024 12:00:00 AM,14.34,9.24,0,1,99.98,78.06,-54.48232,-0.7033727,1.8466275,0,0,0,0,0,0,0,0,0,0,0,0,0,0,0,0,0,0,0,0,0,0,0,0,-44.31651803450107,-293.9112221547815,2.3859159599254405E-65,2.8064856816556746E-66,0.3512250929574488,0.00667,1.0163672924179679,0,0.3569736967584113,5.793926352576768,0.0049055142734220555,2.4338563174957577,0.18492003661638584,0
..\..\..\files\weather\hourly\Spresiano.csv,3/17/2024 12:00:00 AM,17.39,7.84,0,8,99.89,57.38,-51.623047,-1.9157276,2.859272,0,0,0,0,0,0,0,0,0,0,0,0,0,0,0,0,0,0,0,0,0,0,0,0,-44.31651803450107,-293.9112221547815,2.2238181702993525E-64,2.666564528091008E-65,0,0.00667,1.0282196599331357,0,0,5.793926352576768,0.004676907099441197,2.481027145722705,0.19463392270664795,0
..\..\..\files\weather\hourly\Spresiano.csv,3/18/2024 12:00:00 AM,17.81,6.71,0.2,10,99.91,61.41,-48.875477,-2.8024285,2.7475717,0,0,0,0,0,0,0,0,0,0,0,0,0,0,0,0,0,0,0,0,0,0,0,0,-44.31651803450107,-293.9112221547815,2.0373580516775028E-63,2.4904746231084532E-64,0.07695805472210877,0.04555995657963896,1.0257958442422108,0,0.07894325271490382,5.793926352576768,0.006026032318745366,2.5340088209417155,0.20577326235726842,1
..\..\..\files\weather\hourly\Spresiano.csv,3/19/2024 12:00:00 AM,13.88,7.99,6.2,18,99.94,92.63,-47.597515,-1.6670371,1.2779626,0,0,0,0,0,0,0,0,0,0,0,0,0,0,0,0,0,0,0,0,0,0,0,0,-44.31651803450107,-293.9112221547815,1.8346760805925077E-62,2.286405513988348E-63,0,1.2205877077729523,1.0365648438133732,0,0,5.793926352576768,0.004479961827025776,2.605974305907216,0.22126298155597937,1
..\..\..\files\weather\hourly\Spresiano.csv,3/20/2024 12:00:00 AM,17.21,8.63,0.2,16,99.88,60.4,-44.56814,-1.2606239,3.029376,0,0,0,0,0,0,0,0,0,0,0,0,1,0,0,0,0,0,0,0,1,0,0,0,-44.31651803450107,-293.9112221547815,1.6239602370982095E-61,2.0633166319913427E-62,0.2496528955615622,1.2600329363571288,1.031608703094669,0,0.25754409981409204,5.793926352576768,0.005234587917700854,2.6512175981688437,0.23119561377165657,1
..\..\..\files\weather\hourly\Spresiano.csv,3/21/2024 12:00:00 AM,17.29,7.59,0,12,99.86,54.52,-41.82875,-2.1106133,2.739387,0,0,0,0,0,0,0,0,0,0,0,0,0,0,0,0,0,0,0,0,0,0,0,0,-44.31651803450107,-293.9112221547815,1.4129127266845654E-60,1.830291900297344E-61,0,0.00667,1.0271502500000054,0,0,5.793926352576768,0.0033945382324165724,2.6838050626408054,0.23843547620153296,0
..\..\..\files\weather\hourly\Spresiano.csv,3/22/2024 12:00:00 AM,16.1,6.9,0.4,16,99.88,66.72,-39.80647,-2.5777173,2.0222826,0,0,0,0,0,0,0,0,0,0,0,0,0,0,0,0,0,0,0,0,0,0,0,0,-44.31651803450107,-293.9112221547815,1.2083124106024324E-59,1.5959419167142997E-60,0.10269116857750463,0.08446782515981173,1.0276864166535375,0,0.10553431905738009,5.793926352576768,0.005786287995205736,2.7379669761978156,0.25061495697459496,1
..\..\..\files\weather\hourly\Spresiano.csv,3/23/2024 12:00:00 AM,21.47,8.34,0,8,99.19,33.1,-34.796535,-1.5550647,5.009935,0,0,0,0,0,0,0,0,0,0,0,0,0,0,0,0,0,0,0,0,0,0,0,0,-44.31651803450107,-293.9112221547815,1.015703826743305E-58,1.3679066022738624E-59,0,0.04555995657963896,1.0585280904066536,0,0,5.793926352576768,0.004189464140372231,2.768864043320713,0.2576386352892423,0
..\..\..\files\weather\hourly\Spresiano.csv,3/24/2024 12:00:00 AM,17.94,6.6,1.6,12,99.97,57.27,-32.016834,-2.8903,2.7797005,0,0,0,0,0,0,0,0,0,0,0,1,0,0,0,0,0,0,0,1,0,0,0,0,-44.31651803450107,-293.9112221547815,8.392259311855917E-58,1.1524944869706912E-58,0.12686808097137364,0.8663866905393866,0,0.002,0.14510549166255662,5.793926352576768,0.006039010780499661,2.8193195198523004,0.269215747974764,1
..\..\..\files\weather\hourly\Spresiano.csv,3/25/2024 12:00:00 AM,15.05,3.21,0.2,6,93.04,40.67,-30.93987,-4.843036,1.0769638,0,0,0,0,0,0,0,0,0,0,0,0,0,0,0,0,0,0,0,0,0,0,0,13.715213179732308,-30.601304854768763,-293.9112221547815,6.815765720912211E-57,9.544753798826608E-58,0,1.4575277416085872,1.0377373072185918,0,0,5.793926352576768,0.0021648285384727297,2.8427737947628153,0.27463908107753343,0
..\..\..\files\weather\hourly\Spresiano.csv,3/26/2024 12:00:00 AM,16.39,1.44,0.2,5,94.36,27.55,-29.57425,-6.109378,1.3656219,0,0,0,0,0,0,0,0,0,0,0,0,0,0,0,0,0,0,0,0,0,0,0,0,-30.601304854768763,-293.9112221547815,5.44094538645098E-56,7.770241100794871E-57,0,0.04555995657963896,0.03221737903260902,0,0,5.793926352576768,0.0024836291849580252,2.863677189275206,0.27949312962575873,1
..\..\..\files\weather\hourly\Spresiano.csv,3/27/2024 12:00:00 AM,12.33,6.72,12.6,14,99.83,56.9,-29.09039,-2.3211408,0.48385915,0,0,0,0,0,0,0,0,0,0,0,1,0,0,0,0,0,0,0,1,0,0,0,0,-30.601304854768763,-293.9112221547815,4.2693133639756515E-55,6.217969496530467E-56,0.009299598869412071,2.772224456815293,1.0355986344148675,0.002,0.026919637990286602,5.793926352576768,0.0030344580781320536,2.908388687745568,0.2899355930757571,1
..\..\..\files\weather\hourly\Spresiano.csv,3/28/2024 12:00:00 AM,11.68,7.56,44.8,24,99.49,91.06,-28.747866,-1.7174755,0.34252438,0,0,0,0,0,0,0,0,0,0,0,1,1,0,0,0,0,0,0,1,1,0,0,0,-30.601304854768763,-293.9112221547815,3.2928022689995095E-54,4.891110313628698E-55,0,3,0.9756580521582663,0,0,5.793926352576768,0.0030194017392665487,2.9636157250393445,0.30293342988342,1
..\..\..\files\weather\hourly\Spresiano.csv,3/29/2024 12:00:00 AM,8.99,4.33,13,24,99.97,90.23,-28.747866,-2.33,0,0,0,0,0,0,0,0,0,0,0,0,0,0,0,0,0,0,0,0,0,0,0,0,0,-30.601304854768763,-293.9112221547815,2.4963025781761627E-53,3.7819133003623794E-54,0,3,1.0336286874999985,0,0,5.793926352576768,0.002009027886853097,3.003755152847443,0.3124388415706501,1
..\..\..\files\weather\hourly\Spresiano.csv,3/30/2024 12:00:00 AM,16.18,7.5,0.4,11,99.89,72.88,-26.547842,-2.139977,2.2000232,0,0,0,0,0,0,0,0,0,0,0,0,1,0,0,0,0,0,0,0,1,0,0,0,-30.601304854768763,-293.9112221547815,1.8601704951507857E-52,2.8744939082124005E-53,0.8170821255721283,2.651900482208235,0.9284026400232115,0,0.7585812024969412,5.793926352576768,0.006589546730819364,3.0777586257452243,0.3300650932973833,1
..\..\..\files\weather\hourly\Spresiano.csv,3/31/2024 12:00:00 AM,16.74,13.29,0.2,3,92.73,64.63,-21.532843,0,5.0149994,0,0,0,0,0,0,0,0,0,0,0,0,0,0,0,0,0,0,0,0,0,0,0,0,-30.601304854768763,-293.9112221547815,1.3624865736641414E-51,2.1476198859720257E-52,0.9250188748116107,0.12339360574051833,0,0,0,5.956378182918079,0.008275063574371293,3.1714736800779173,0.35251373573633,1
..\..\..\files\weather\hourly\Spresiano.csv,4/1/2024 12:00:00 AM,16.96,13.54,6,24,99.85,81.87,-16.282843,0,5.25,0,0,0,0,0,0,0,0,0,0,0,1,0,1,0,0,0,0,0,1,0,1,0,0,-30.601304854768763,-293.9112221547815,9.809246866181331E-51,1.577248562261344E-51,0.8306205178880004,1.5366511019503868,1.026068330694244,0.002,1.4096566068305825,7.9125762960239765,0.008714641772545136,3.2914614458209313,0.38133034089739987,1
..\..\..\files\weather\hourly\Spresiano.csv,4/2/2024 12:00:00 AM,14.12,9.97,13.2,24,99.95,88.95,-14.237734,-0.029891253,2.0451086,0,0,0,0,0,0,1,0,0,0,0,1,1,0,1,0,0,0,0,1,1,0,-0.9963550118242853,0,-31.597659866593048,-293.9112221547815,6.941655407313704E-50,1.1386495428442675E-50,0.17038730236325178,3,1.0263400350122325,0,0.17487530987313968,10.299784634433435,0.00469539495185731,3.387392139603978,0.4043199501566654,1
..\..\..\files\weather\hourly\Spresiano.csv,4/3/2024 12:00:00 AM,17.78,5.89,0.2,9,99.87,51.32,-11.692385,-3.3996508,2.5453494,0,0,0,0,0,0,1,0,0,0,0,0,0,0,1,0,0,0,0,0,0,0,0.49916011115733383,0,-31.098499755435714,-293.9112221547815,4.828523960573785E-49,8.080304950157971E-50,0.06160833271370644,2.371771620838532,0.24239440905466836,0,0.014933515400982266,10.299784634433435,0.0036492772988325228,3.4166971397201267,0.4113195888349489,1
..\..\..\files\weather\hourly\Spresiano.csv,4/4/2024 12:00:00 AM,17.19,7.66,0,0,98.76,50.1,-8.980103,-2.052718,2.7122824,0,0,0,0,0,0,0,0,0,0,0,0,0,0,0,0,0,0,0,0,0,0,0.46087617850417395,0,-30.637623576931542,-293.9112221547815,3.301335668520467E-48,5.636554455589582E-49,0.27272885857620666,0.00667,1.0717480977497473,0,0.2922966353805094,10.299784634433435,0.004622035911795337,3.4639810115843934,0.4225811293428586,0
..\..\..\files\weather\hourly\Spresiano.csv,4/5/2024 12:00:00 AM,19.79,7.12,0,10,99.93,48.24,-5.1977777,-2.5526752,3.7823248,0,0,0,0,0,0,0,0,0,0,0,0,0,0,0,0,0,0,0,0,0,0,0.8657176967859022,0,-29.77190588014564,-293.9112221547815,2.218650688317072E-47,3.8649911140794255E-48,0.53714956298634,0.00667,1.031608703094669,0,0.5541281640402064,10.299784634433435,0.005629488440175957,3.506317273395085,0.43262377767600907,0
..\..\..\files\weather\hourly\Spresiano.csv,4/6/2024 12:00:00 AM,20.18,10.61,0.2,13,99.91,55.32,0,0,5.3950005,8.652107,8.652107,0.32044843,10.40056,10,1.9984665,0,0,0,0,0,1,0,0,0,0,0,0,0,1,0,0,0.6844222043246296,0,-29.08748367582101,-293.9112221547815,1.465588778045838E-46,2.605149799725015E-47,0.3977742158234865,0.04555995657963896,1.0241449241621439,0,0.40737844409820084,10.948837505673687,0.0065316295609046185,3.560606509784233,0.4454352739310113,1
..\..\..\files\weather\hourly\Spresiano.csv,4/7/2024 12:00:00 AM,20.39,9.61,0,13,99.86,59.89,0,-0.382946,5.0070543,8.228178,16.880285,0.6251958,10.781495,10,2.3155947,0,0,0,0,0,0,0,0,0,0,0,0,0,0,0,0,0.6251448054666254,0,-28.462338870354383,-293.9112221547815,9.51610629490297E-46,1.7261037580183394E-46,0.5549004585576665,0.00667,1.0227475165413011,0,0.5675230659174826,11.439084907458332,0.007718029616340064,3.6157751923748833,0.4583655819004634,0
..\..\..\files\weather\hourly\Spresiano.csv,4/8/2024 12:00:00 AM,22.8,11.56,0.8,15,99.84,59.05,0,0,7.1800003,10.238752,27.119038,1.0044087,11.127755,11,2.603856,0,0,0,0,0,0,0,0,0,0,0,0,0,0,0,0,0.6397483201254561,0,-27.822590550228927,-293.9112221547815,6.073379110519132E-45,1.124221005292131E-45,0.6948145103397314,0.24027841948584105,1.02497390201588,0.002,0.7121667398401674,12.531625262924573,0.009866609224234614,3.691611992995119,0.47597114186572165,1
..\..\..\files\weather\hourly\Spresiano.csv,4/9/2024 12:00:00 AM,23.13,10.82,0.2,13,99.81,62.84,0,0,6.9749985,10.083284,37.202324,1.3778638,11.361165,11,2.7981699,0,0,0,0,0,0,0,0,0,0,0,0,0,0,0,0,0.7284501982699861,0,-27.09414035195894,-293.9112221547815,3.8100041756939376E-44,7.197600115811262E-45,0.639381691815812,0.31829118865205863,1.02442210222533,0,0.6549967368543421,13.532825625046017,0.015649567190448726,3.7742662216424234,0.49490443591742384,1
..\..\..\files\weather\hourly\Spresiano.csv,4/10/2024 12:00:00 AM,22.16,11.85,0.6,9,99.99,49.85,0,0,7.005001,10.106464,47.30879,1.7521772,12.063407,12,3.4709747,0,0,0,0,0,1,0,0,0,0,0,0,0,1,0,0,0.693092216450813,0,-26.401048135508127,-293.9112221547815,2.349332384841203E-43,4.529764187275063E-44,0.987667145843101,0.16233729832175875,0.9152615382500819,0,0.9039737511834246,14.175305075263818,0.011380385712649647,3.8604420817095213,0.5143239804555986,1
..\..\..\files\weather\hourly\Spresiano.csv,4/11/2024 12:00:00 AM,19.73,13.83,1.4000001,5,91.87,54.5,0,0,6.779999,9.929054,57.237843,2.11992,12.216634,12,3.811649,0,0,0,0,0,1,0,0,0,0,0,0,0,2,0,0,0.671554804539074,0,-25.729493330969053,-293.9112221547815,1.4239260406466522E-42,2.8023088035687096E-43,0.8113317252753642,0.279275850974885,0,0,0,14.623596266823414,0.007473914878106473,3.9455735036385082,0.5331523455233567,1
..\..\..\files\weather\hourly\Spresiano.csv,4/12/2024 12:00:00 AM,23.62,11.06,0.2,0,85.13,38.88,0,0,7.34,10.355363,67.59321,2.503452,13.032329,13,5.625211,0,0,0,0,0,1,0,0,0,0,0,0,0,3,0,0,1.3316733701666543,0,-24.3978199608024,-293.9112221547815,8.483095436451266E-42,1.7041569210035232E-42,0.7828479248755287,0.279275850974885,0.6063773031944812,0,0.47470121349741895,14.876292942482884,0.005478298031493923,3.970562360638556,0.5386074054803351,1
..\..\..\files\weather\hourly\Spresiano.csv,4/13/2024 12:00:00 AM,25.72,12.43,0,0,87.17,36.38,0,0,9.075001,11.358374,78.951584,2.9241328,13.163792,13,5.9174967,0,0,0,0,0,0,0,0,0,0,0,0,0,3,0,0,1.432522404442403,0,-22.965297556359996,-293.9112221547815,4.96758408245126E-41,1.0187252357454789E-41,0.9828716259431565,0.201298902903533,0,0,0,14.876292942482884,0.007405944019794727,4.019290667346377,0.5491468710945201,0
..\..\..\files\weather\hourly\Spresiano.csv,4/14/2024 12:00:00 AM,28.28,12.92,0,1,91,33.69,0,0,10.6,11.854118,90.8057,3.3631742,14.040793,14,7.867364,0,0,0,0,0,0,0,0,0,0,0,0,0,3,0,0,1.539633042135741,0,-21.425664514224255,-293.9112221547815,2.8593021715092925E-40,5.986309318196739E-41,1,0.00667,0.5290743286786075,0,0.5290743286786075,14.876292942482884,0.009426624996463566,4.081975416939146,0.5625080563482643,0
..\..\..\files\weather\hourly\Spresiano.csv,4/15/2024 12:00:00 AM,27.9,12.92,0,6,99.97,42.81,0,0,10.41,11.8116665,102.61737,3.8006432,14.150161,14,8.110524,0,0,0,0,0,0,0,0,0,0,0,0,0,3,0,0,1.3825038821204325,0,-20.043160632103824,-293.9112221547815,1.6177031634802982E-39,3.4579331033289666E-40,0.9028893322368834,0.00667,0.7546279157190128,0,0.6813454949108506,14.876292942482884,0.006347895339668818,4.129766885969354,0.5725405671317335,0
..\..\..\files\weather\hourly\Spresiano.csv,4/16/2024 12:00:00 AM,24,13.3,0,9,99.98,44.63,0,0,8.65,11.156458,113.77383,4.2138453,23.000784,23,20.527348,0,0,0,0,0,0,0,0,0,0,0,0,0,3,0,0,1.2567422105865307,0,-18.786418421517293,-293.9112221547815,8.996251101103155E-39,1.9634964738131948E-39,0.8565685227395954,0.00667,1.0145613535498725,0,0.8690413198388987,14.876292942482884,0.009292315984198142,4.200047998925714,0.5870433856741628,0
..\..\..\files\weather\hourly\Spresiano.csv,4/17/2024 12:00:00 AM,20.16,4.99,3.4,18,99.98,54.7,0,-4.1827064,3.4022937,5.000138,118.773964,4.399036,30.000973,30,29.738123,0,0,1,0,0,1,0,0,0,0,1,0,0,4,0,0,0.13028812793307737,0,-18.656130293584216,-293.9112221547815,4.917544020875846E-38,1.095974757491635E-38,0,0.6702352851678189,1.0537904365655137,0,0,14.876292942482884,0.008632688366100354,4.2639448869218155,0.5999620264746038,1
..\..\..\files\weather\hourly\Spresiano.csv,4/18/2024 12:00:00 AM,15.76,4.33,0.2,6,99.91,45.74,0,-4.2636614,1.4513385,0.1327518,118.906715,4.4039526,30.002085,30,29.739586,0,0,0,0,0,0,0,0,0,0,1,0,0,4,0,0,0.512702197553363,0,-18.143428096030853,-293.9112221547815,2.642158684466661E-37,6.01351877836748E-38,0,0.7094297457525292,0.6626783094519801,0,0,14.876292942482884,0.0027744904986465734,4.287488452187828,0.6046565890616811,1
..\..\..\files\weather\hourly\Spresiano.csv,4/19/2024 12:00:00 AM,14.04,6.1,0.4,0,86.39,44.49,0,-2.9421911,1.0278085,0.1994012,119.10612,4.4113374,30.003756,30,29.741785,0,0,0,0,0,0,0,0,0,0,1,0,0,4,0,0,0.598805619834306,0,-17.544622476196547,-293.9112221547815,1.395383205049823E-36,3.243510562303409E-37,0,0.12339360574051833,0.05126852393936687,0,0,14.876292942482884,0.002584833039921549,4.3111899169234205,0.6093465498749756,1
..\..\..\files\weather\hourly\Spresiano.csv,4/20/2024 12:00:00 AM,16.16,3.59,0,2,89.59,33.22,0,-4.775628,1.5093715,0,119.10612,4.4113374,30.003756,30,29.741785,0,0,0,0,0,0,0,0,0,0,1,0,0,4,0,0,0.8727454126093029,0,-16.671877063587246,-293.9112221547815,7.243559621548564E-36,1.719734261280164E-36,0,0.08446782515981173,0,0,0,14.876292942482884,0.0020600652794775195,4.328481622767592,0.6127451663352859,0
..\..\..\files\weather\hourly\Spresiano.csv,4/21/2024 12:00:00 AM,16.82,4.28,0.2,1,91.03,33.63,0,-4.4154387,1.8545613,1.3112466,120.417366,4.4599023,32.0028,32,32.37211,0,0,0,0,0,0,0,0,0,0,1,0,0,4,0,0,0.859541317729892,0,-15.812335745857352,-293.9112221547815,3.6960219368169545E-35,8.963293882828728E-36,0,0.04555995657963896,0,0,0,14.876292942482884,0.0022674930458120766,4.348120386750775,0.6165814055495216,1
..\..\..\files\weather\hourly\Spresiano.csv,4/22/2024 12:00:00 AM,14.39,1.71,0,1,91.04,28.19,0,-5.580059,0.7599409,0,120.417366,4.4599023,32.0028,32,32.37211,0,0,0,0,0,0,0,0,0,0,1,0,0,4,0,0,0.789654771513353,0,-15.022680974343999,-293.9112221547815,1.8537065933892591E-34,4.592351325099827E-35,0.04125331454461347,0.00667,0,0,0,14.876292942482884,0.001691735827573539,4.3611221304014585,0.6191072448698665,0
..\..\..\files\weather\hourly\Spresiano.csv,4/23/2024 12:00:00 AM,11.97,4.91,12.2,11,99.97,37.51,0,-3.2551494,0.27485132,0,120.417366,4.4599023,32.0028,32,32.37211,0,0,0,0,0,1,0,0,0,0,1,0,0,5,0,0,0.10059368134704744,0,-14.92208729299695,-293.9112221547815,9.138426065506491E-34,2.3129417258992417E-34,0,2.5717741149180293,1.0190230864048502,0.002,0,14.876292942482884,0.003164180235092018,4.37636156291534,0.6220536176180431,1
..\..\..\files\weather\hourly\Spresiano.csv,4/24/2024 12:00:00 AM,13.15,5.03,11.2,10,99.7,50.29,0,-3.4490087,0.6109913,0,120.417366,4.4599023,32.0028,32,32.37211,0,0,0,0,0,0,1,0,0,0,1,0,0,5,1,0,0.29970868647452575,0,-14.622378606522425,-293.9112221547815,4.4281850745573196E-33,1.1451367791405733E-33,0,3,0.8593195114753875,0,0,14.876292942482884,0.0023773368763805518,4.40416950626335,0.6273903426601463,0
..\..\..\files\weather\hourly\Spresiano.csv,4/25/2024 12:00:00 AM,12.68,6.46,11.2,5,99.98,52.26,0,-2.5326362,0.57736343,0,120.417366,4.4599023,32.0028,32,32.37211,0,0,0,0,0,1,0,0,0,0,1,0,0,6,1,0,0.031979670990717766,0,-14.590398935531706,-293.9112221547815,2.1091335420864925E-32,5.573321853697893E-33,0,3,1.0201831874999954,0.002,0,14.876292942482884,0.0026963101664297137,4.440163549463746,0.634221606985844,1
..\..\..\files\weather\hourly\Spresiano.csv,4/26/2024 12:00:00 AM,13.85,5.69,0.2,11,99.93,40.69,0,-3.1717587,0.9082416,0,120.417366,4.4599023,32.0028,32,32.37211,0,0,0,0,0,0,0,0,0,0,1,0,0,6,1,0,0.6559320297254292,0,-13.934466905806275,-293.9112221547815,9.874300652875048E-32,2.6664657274562817E-32,0,3,1.0459545520649485,0,0,14.876292942482884,0.002304410422052494,4.461772618201498,0.6382810629652155,0
..\..\..\files\weather\hourly\Spresiano.csv,4/27/2024 12:00:00 AM,16.24,3.8,0,11,99.97,41.96,0,-4.6549835,1.5650159,0.06285981,120.480225,4.4622307,32.003323,32,32.372795,0,0,0,0,0,0,0,0,0,0,1,0,0,6,1,0,0.6557741808276416,0,-13.278692724978633,-293.9112221547815,4.543939788628962E-31,1.254076638033133E-31,0,0.00667,1.017850475937081,0,0,14.876292942482884,0.0030700072899408513,4.4857419826419,0.642747137265626,0
..\..\..\files\weather\hourly\Spresiano.csv,4/28/2024 12:00:00 AM,17.27,7.71,0.2,7,99.94,55.04,0,-2.0157266,2.7642732,4.86596,125.34618,4.6424513,39.002335,39,41.582016,0,0,0,0,0,0,0,0,0,0,1,0,0,6,1,0,0.6381345132896645,0,-12.640558211688969,-293.9112221547815,2.0553355913315385E-30,5.798016426662095E-31,0.48368453834126873,0.04555995657963896,1.0491542799583016,0,0.5074597035503973,14.876292942482884,0.0036623826052995857,4.5190483266462795,0.6488884154483052,1
..\..\..\files\weather\hourly\Spresiano.csv,4/29/2024 12:00:00 AM,21.36,10.13,0,4,99.98,42.44,0,0,5.745001,9.0052805,134.35147,4.9759808,52.000458,52,58.684814,0,0,0,0,0,0,0,0,0,0,1,0,0,6,1,0,1.0964297495583561,0,-11.544128462130612,-293.9112221547815,9.138120298920712E-30,2.635137233997748E-30,0.4872569253310843,0.00667,0.9152615382500819,0,0.44596752300153353,14.876292942482884,0.005076730274896795,4.561060339274038,0.6565274351795595,0
..\..\..\files\weather\hourly\Spresiano.csv,4/30/2024 12:00:00 AM,25.96,8.67,0,1,98.43,22.22,0,-1.2788448,7.3661537,10.337414,144.68889,5.3588476,53.053825,53,60.269127,0,0,0,0,0,0,0,0,0,0,1,0,0,6,1,0,1.4428527304481915,0,-10.10127573168242,-293.9112221547815,3.993511622119429E-29,1.1773257532918459E-29,0.7680669457077566,0.00667,0,0,0,14.876292942482884,0.005559024659095401,4.589873469045304,0.6616969257315414,0
..\..\..\files\weather\hourly\Spresiano.csv,5/1/2024 12:00:00 AM,27.45,11.97,0,0,80.06,33.46,0,0,9.710001,11.607999,156.29689,5.7887735,53.118317,53,60.591583,0,0,0,0,0,0,0,0,0,0,1,0,0,6,1,0,1.6830414618509826,0,-8.418234269831437,-293.9112221547815,1.7154457477239364E-28,5.170837375411275E-29,0.9925476416080806,0.00667,0,0,0,14.876292942482884,0.0040051403777112225,4.607875151092105,0.66489787378261,0
..\..\..\files\weather\hourly\Spresiano.csv,5/2/2024 12:00:00 AM,23.35,14,9.4,8,99.73,41.09,0,0,8.674999,11.169112,167.466,6.2024446,53.180367,53,60.901833,0,0,1,0,0,1,0,0,0,0,2,0,0,7,1,0,1.1336364212930512,0,-7.284597848538386,-293.9112221547815,7.243074898812765E-28,2.232529485265064E-28,0.8306205178880004,1.8538607696688256,1.0227475165413011,0,0.8495150718582019,17.04015371215171,0.008313911197753786,4.641294747068112,0.6707814775412729,1
..\..\..\files\weather\hourly\Spresiano.csv,5/3/2024 12:00:00 AM,14.59,11.16,24,24,99.75,99.39,0,0,2.875,5.461499,172.9275,6.4047227,53.21071,53,61.053543,1,0,1,0,0,1,0,0,1,0,3,0,0,8,1,0,-1.423697428885489,0,-8.708295277423876,-293.9112221547815,3.0060272831420006E-27,9.475604384077829E-28,0.3816547969219119,3,1.0230286046781742,0,0.3904437743637555,19.71640323728487,0.005160108429471482,4.73980921143847,0.6876791097597114,1
..\..\..\files\weather\hourly\Spresiano.csv,5/4/2024 12:00:00 AM,16.37,9.34,2,18,99.91,62.91,0,-0.6290183,2.885982,5.4313254,178.35883,6.605882,53.240883,53,61.204414,1,0,0,0,1,1,0,0,2,0,3,0,1,9,1,0,-0.20178820993159538,0,-8.910083487355472,-293.9112221547815,1.226272003612938E-26,3.9535877215497835E-27,0.53714956298634,3,1.0246984981544713,0.002,1.6125229880849925,22.02703741837443,0.006389694580901679,4.820855328513374,0.7010808671983417,1
..\..\..\files\weather\hourly\Spresiano.csv,5/5/2024 12:00:00 AM,21.93,10.56,0,11,99.96,41.16,0,0,6.245001,9.473824,187.83264,6.956764,54.034813,54,65.174065,0,0,0,0,0,0,0,0,2,0,3,0,1,9,1,0,1.043455809866886,0,-7.866627677488587,-293.9112221547815,4.9170504226372536E-26,1.6216307757679162E-26,0.40135676914576396,0.6702352939264616,1.0154677268837062,0,0.40756484603383736,22.02703741837443,0.007789583543456638,4.876533936530409,0.7100271931226836,0
..\..\..\files\weather\hourly\Spresiano.csv,5/6/2024 12:00:00 AM,23.01,9.74,0,9,99.98,44.49,0,-0.25745344,6.377547,9.588793,197.42143,7.3119054,54.077427,54,65.38713,0,0,0,0,0,0,0,0,2,0,3,0,1,9,1,0,1.0752583271908647,0,-6.791369350297721,-293.9112221547815,1.93796738525334E-25,6.53868119840517E-26,0.8261490962637177,0.00667,1.0163672924179679,0,0.8396709201031058,22.02703741837443,0.011243272990654422,4.939487267693277,0.7198879208911255,0
..\..\..\files\weather\hourly\Spresiano.csv,5/7/2024 12:00:00 AM,20.47,13.61,0.2,12,99.92,58.6,0,0,7.039999,10.133317,207.55475,7.6872134,54.122467,54,65.612335,0,0,0,0,0,0,0,0,2,0,3,0,1,9,1,0,0.6633472077044851,0,-6.128022142593235,-293.9112221547815,7.507791777361756E-25,2.591835505093857E-25,0.8437843154754558,0.04555995657963896,1.0181448573699612,0,0.8590946615307683,22.73459737495407,0.011054076098685703,5.027349919861391,0.7332021269394647,1
..\..\..\files\weather\hourly\Spresiano.csv,5/8/2024 12:00:00 AM,15.27,13.79,19,24,99.97,99.67,0,0,4.5300007,7.688075,215.24283,7.9719567,54.156635,54,65.78317,1,0,1,0,0,1,1,1,3,0,4,0,1,10,2,1,-1.2731546251164643,0,-7.4011767677097,-293.9112221547815,2.8589195081585547E-24,1.0099627282455612E-24,0.8272708703046413,3,1.0160682193739348,0,0.8405636401303622,26.289660338765913,0.005948930227294292,5.151246064100619,0.751100846629292,1
..\..\..\files\weather\hourly\Spresiano.csv,5/9/2024 12:00:00 AM,21.12,12.93,2.6,6,99.89,55.52,0,0,7.0250015,10.121834,225.36465,8.346839,55.00135,55,70.00675,1,0,1,0,1,0,0,0,4,0,5,0,2,10,2,1,0.8521185974156782,0,-6.549058170294021,-293.9112221547815,1.0700783818257575E-23,3.868882236404116E-24,0.8720073955160278,3,0.9764385136949585,0,0.851461605208682,29.47166033876591,0.008592052457706709,5.222141819027657,0.7608895524182724,1
..\..\..\files\weather\hourly\Spresiano.csv,5/10/2024 12:00:00 AM,23.69,13.89,0,0,90.33,44.01,0,0,8.790001,11.226075,236.59073,8.76262,55.042927,55,70.21463,0,0,0,0,0,0,0,0,4,0,5,0,2,10,2,1,1.4376983130328493,0,-5.111359857261171,-293.9112221547815,3.9368893251584797E-23,1.4569666054661693E-23,1,0.12339360574051833,0,0,0,29.47166033876591,0.0071740701811752175,5.273711924170512,0.7678061835410597,0
..\..\..\files\weather\hourly\Spresiano.csv,5/11/2024 12:00:00 AM,24.64,13.76,0.2,0,87.3,29.36,0,0,9.200001,11.412426,248.00316,9.185303,55.085197,55,70.42599,0,0,0,0,0,0,0,0,4,0,5,0,2,10,2,1,1.6294074503061151,0,-3.481952406955056,-293.9112221547815,1.42368783777335E-22,5.393855930624649E-23,0.9933775876709955,0.04555995657963896,0,0,0,29.505956419361755,0.007029836599044638,5.307422988742769,0.7722359210570191,1
..\..\..\files\weather\hourly\Spresiano.csv,5/12/2024 12:00:00 AM,25.7,13.71,0.2,1,97.6,31.42,0,0,9.705,11.606276,259.60944,9.615164,55.12818,55,70.64091,0,0,0,0,0,0,0,0,4,0,5,0,2,10,2,1,1.6936241140072923,0,-1.7883282929477637,-293.9112221547815,5.06058003046151E-22,1.9630734308358148E-22,0.797271148712942,0.08446782515981173,1.0641316783666923,0,0.8484014855932437,29.58201287902719,0.006782411668844484,5.319672293978396,0.7738277197299817,1
..\..\..\files\weather\hourly\Spresiano.csv,5/13/2024 12:00:00 AM,26,14.03,0,1,93.64,35.6,0,0,10.014999,11.705909,271.31534,10.048717,56.004177,56,75.02089,0,0,0,0,0,0,0,0,4,0,5,0,2,10,2,1,1.6364834953070782,0,-0.1518447976406847,-293.9112221547815,1.7681120062217955E-21,7.023653461297325E-22,1,0.04555995657963896,0,0,0,29.58201287902719,0.0068432103464259025,5.35267774141017,0.7780698824787387,0
..\..\..\files\weather\hourly\Spresiano.csv,5/14/2024 12:00:00 AM,21.51,15.74,0.4,1,95.83,56.72,0,0,8.625,11.143703,282.45905,10.461446,56.03955,56,75.197754,0,0,0,0,0,0,0,0,4,0,5,0,2,10,2,1,1.0823604899405959,0,0.9305156922999096,-293.9112221547815,6.0721599414517855E-21,2.470477352351528E-21,0.9822580617639801,0.24027841948584105,1.0731902931978325,0.002,1.0541498173004205,29.668480704187,0.009725230915813197,5.411863868445833,0.7855072939836986,1
..\..\..\files\weather\hourly\Spresiano.csv,5/15/2024 12:00:00 AM,22.81,15.18,0.4,2,97.52,47.79,0,0,8.994999,11.32251,293.78156,10.880798,56.075497,56,75.37749,0,0,0,0,0,0,0,0,4,0,5,0,2,10,2,1,0.8739245341099573,0,1.8044402264098665,-293.9112221547815,2.049748536553957E-20,8.542637293803314E-21,0.9966511399039906,0.4745316709908996,0,0,0,30.165012375177902,0.010010268642636945,5.525215531324296,0.7991545818208858,1
..\..\..\files\weather\hourly\Spresiano.csv,5/16/2024 12:00:00 AM,16.48,13.97,24.800001,19,99.89,73.7,0,0,5.2250004,8.472977,302.25452,11.1946125,56.102394,56,75.51197,1,0,1,0,0,1,1,1,5,0,6,0,2,11,3,2,-1.2103762096331827,0,0.5940640167766844,-293.9112221547815,6.801143229447882E-20,2.9040122659342885E-20,0.9110607217927359,3,1.049749290951631,0.002,2.735004286821793,33.890797268491156,0.007789583543456638,5.657306241802359,0.8140992958929864,1
..\..\..\files\weather\hourly\Spresiano.csv,5/17/2024 12:00:00 AM,18.22,11.79,64.6,22,99.82,79.2,0,0,5.004999,8.233713,310.48822,11.499563,56.128532,56,75.64266,1,0,1,0,1,1,1,1,6,0,7,0,3,12,4,3,-0.9191718559248847,0,-0.32510783914819896,-293.9112221547815,2.218131096863678E-19,9.70515549538217E-20,0.4943986331494188,3,1.0210449994745048,0,0.5048032521242442,37.32834997071126,0.011801576071240032,5.801609216238491,0.8292965220240613,1
..\..\..\files\weather\hourly\Spresiano.csv,5/18/2024 12:00:00 AM,22.16,11.57,0,9,99.73,47.1,0,0,6.865,9.9970455,320.48526,11.869824,57.015236,57,80.07618,1,0,0,0,1,0,0,0,7,0,7,0,4,12,4,3,0.9447786754274689,0,0.6196708362792691,-293.9112221547815,7.110767081196965E-19,3.1886466464018954E-19,0.7816297445511071,3,1.0414152717553335,0,0.8140011528337432,37.394903214401396,0.00947188037560568,5.863944787449395,0.8355113032055965,0
..\..\..\files\weather\hourly\Spresiano.csv,5/19/2024 12:00:00 AM,23.77,12.13,0.2,0,99.96,44,0,0,7.950001,10.762251,331.2475,12.268426,57.04513,57,80.22566,0,0,0,0,0,1,0,0,7,0,7,0,4,13,4,3,1.3130923446452443,0,1.9327631809245105,-293.9112221547815,2.2406274354716073E-18,1.029941372759886E-18,0.9215980883223278,0.04555995657963896,0.802132432526502,0,0.7392437163977629,37.429948587187326,0.006589546730819364,5.915776214110932,0.8405232312918913,1
..\..\..\files\weather\hourly\Spresiano.csv,5/20/2024 12:00:00 AM,24.01,11.62,0,8,99.96,53.65,0,0,7.8150005,10.6773205,341.9248,12.663881,57.07479,57,80.373955,0,0,0,0,0,0,0,0,7,0,7,0,4,13,4,3,1.1110720339592837,0,3.043835214883792,-293.9112221547815,6.939797513877094E-18,3.2705688082314933E-18,0.8740199176357089,0.04555995657963896,1.0201831874999954,0,0.8916604255120809,37.429948587187326,0.010607996089953794,5.981737559356421,0.846701983557082,0
..\..\..\files\weather\hourly\Spresiano.csv,5/21/2024 12:00:00 AM,24.51,14.37,0,10,99.95,52.27,0,0,9.440001,11.509443,353.43423,13.0901575,57.106762,57,80.53381,0,0,0,0,0,0,0,0,7,0,7,0,4,13,4,3,1.1924863729919508,0,4.236321587875743,-293.9112221547815,2.1127489862447575E-17,1.0210366322108587E-17,1,0.00667,1.017259592707667,0,1.017259592707667,37.429948587187326,0.016666954289133108,6.097473776245011,0.857020292350841,0
..\..\..\files\weather\hourly\Spresiano.csv,5/22/2024 12:00:00 AM,18.6,16.24,15.4,23,99.97,76.94,0,0,7.42,10.412121,363.84634,13.475791,58.0095,58,85.04749,1,0,1,0,0,1,1,1,8,0,8,0,4,14,5,4,-0.9410395222368341,0,3.295282065638908,-293.9112221547815,6.322268826959813E-17,3.133785618455616E-17,1,3,1.0204713130535978,0,1.0204713130535978,41.429948587187326,0.012902557782530293,6.317959214020633,0.8749363980642648,1
..\..\..\files\weather\hourly\Spresiano.csv,5/23/2024 12:00:00 AM,22.28,12.97,20.800001,19,99.92,63.43,0,0,7.625,10.552872,374.39923,13.866637,58.035553,58,85.177765,1,0,1,0,1,1,1,1,9,0,9,0,5,15,6,5,-0.15220812839845674,0,3.1430739372404517,-293.9112221547815,1.8596104078081435E-16,9.456054445415429E-17,0.7605437581750396,3,1.0181448573699612,0,0.7743437161907399,45.429948587187326,0.020703119644574934,6.452013575719432,0.8847890780539013,1
..\..\..\files\weather\hourly\Spresiano.csv,5/24/2024 12:00:00 AM,22.69,11.62,16.2,18,99.94,54.36,0,0,7.1550007,10.220158,384.6194,14.245163,58.060787,58,85.30394,1,0,1,0,1,1,1,1,10,0,10,0,6,16,7,6,0.6888273498976035,0,3.8319012871380522,-293.9112221547815,5.37644158236476E-16,2.8052158523496866E-16,0.46402183868696933,3,1.0201831874999954,0,0.47338727846128104,49.22472888998214,0.017756399017585807,6.551045040669393,0.8915972049879972,1
..\..\..\files\weather\hourly\Spresiano.csv,5/25/2024 12:00:00 AM,23.34,11,0.2,8,99.76,45.89,0,0,7.17,10.231326,394.8507,14.624101,58.086052,58,85.43026,1,0,0,0,0,0,0,0,11,0,10,0,6,16,7,6,1.083659412722665,0,4.91556069986072,-293.9112221547815,1.527889153779915E-15,8.181657434714448E-16,0.9706828621384194,3,0.3386058839445383,0,0.3286789285641939,52.32048320842657,0.008923576586578339,6.611855234112106,0.8955888541010645,1
..\..\..\files\weather\hourly\Spresiano.csv,5/26/2024 12:00:00 AM,23.85,13.73,4.2,4,99.09,40.11,0,0,8.790001,11.226075,406.07678,15.039881,59.00239,59,90.01196,0,0,1,0,0,1,0,0,11,0,11,0,6,17,7,6,0.9375117829318933,0,5.853072482792612,-293.9112221547815,4.2678850908499315E-15,2.3460548972513596E-15,0.8427017356412334,0.827120596584977,0.9303010101475628,0,0.7839662759201439,53.23360380501155,0.013120437590158393,6.698098030359297,0.9010133267127866,1
..\..\..\files\weather\hourly\Spresiano.csv,5/27/2024 12:00:00 AM,26.53,13.33,0,1,99.92,35.54,0,0,9.93,11.68005,417.75684,15.472475,59.028347,59,90.14174,0,0,0,0,0,0,0,0,11,0,11,0,6,17,7,6,1.5977596798395894,0,7.450832162632203,-293.9112221547815,1.171810921177596E-14,6.613939988101291E-15,0.86692848767178,0.827120596584977,1.015166537651254,0,0.8800767912209987,53.23360380501155,0.007771617682334277,6.7372380485484,0.9033864107727201,0
..\..\..\files\weather\hourly\Spresiano.csv,5/28/2024 12:00:00 AM,25.91,13.81,6.6,4,99.8,44.86,0,0,9.860001,11.6579275,429.41476,15.904251,59.054256,59,90.271286,0,0,1,0,0,0,0,0,11,0,12,0,6,17,7,6,1.51825442634583,0,8.96908658897803,-293.9112221547815,3.162469298577886E-14,1.8332049199877253E-14,1,3,0.9619147253656166,0.002,3.002,54.38471568379018,0.012933503733454893,6.8119934395796875,0.9077700872692558,1
..\..\..\files\weather\hourly\Spresiano.csv,5/29/2024 12:00:00 AM,24.27,12.74,7,11,99.93,49.07,0,0,8.505001,11.081123,440.49588,16.314661,59.07888,59,90.3944,1,0,1,0,0,1,1,0,12,0,13,0,6,18,8,6,0.9900784057608953,0,9.959164994738927,-293.9112221547815,8.389171025616929E-14,4.995674218565611E-14,0.6620018700010565,3,1.0148643366675998,0,0.6718420886713328,57.8903993859977,0.015823906349991937,6.923701981945763,0.9139705659263185,0
..\..\..\files\weather\hourly\Spresiano.csv,5/30/2024 12:00:00 AM,25.08,12.58,0,8,99.95,42.63,0,0,8.83,11.245406,451.74127,16.731157,60.003517,60,95.017586,0,0,0,0,0,0,0,0,12,0,13,0,6,18,8,6,1.4951428992030755,0,11.454307893942001,-293.9112221547815,2.1874378963124466E-13,1.338484524418254E-13,0.9430029934111531,0.00667,1.015166537651254,0,0.9573050838159686,57.8903993859977,0.009116639066833588,6.978302133203316,0.9168548564331002,0
..\..\..\files\weather\hourly\Spresiano.csv,5/31/2024 12:00:00 AM,19.18,15.69,6.2000003,3,99.98,77.2,0,0,7.4349995,10.422648,462.1639,17.117182,60.024574,60,95.12287,0,0,1,0,0,1,0,0,12,0,14,0,6,19,8,6,-0.45363246560163334,0,11.000675428340365,-293.9112221547815,5.606300452780027E-13,3.5259224207307003E-13,1,1.6951127019032177,1.0133418335312854,0,1.9233424235393706,59.16098714078235,0.013954440151477659,7.190283873132316,0.9272012676026867,1
..\..\..\files\weather\hourly\Spresiano.csv,6/1/2024 12:00:00 AM,21.04,12.75,61.4,21,99.92,64.34,0,0,6.8950005,10.020763,472.18466,17.48832,60.04482,60,95.22409,1,0,1,0,1,1,1,1,13,0,15,0,7,20,9,7,-0.8602025807617226,0,10.140472847578643,-293.9112221547815,1.4123455279094872E-12,9.132222873510727E-13,0.6637364727228358,3,1.0154677268837062,0.002,1.9925368911139527,63.004818897534804,0.012385921581829043,7.3193822306212,0.9328844521124119,1
..\..\..\files\weather\hourly\Spresiano.csv,6/2/2024 12:00:00 AM,21.82,10.13,0,9,99.85,54.28,0,0,5.9750004,9.22603,481.4107,17.830027,60.063457,60,95.31729,1,0,0,0,1,0,0,0,14,0,15,0,8,20,9,7,0.7307944973414047,0,10.87126734492005,-293.9112221547815,3.4972727411687682E-12,2.32556781526056E-12,0.9283935050000003,3,1.0690911360914654,0,0.9925372670003879,63.004818897534804,0.010505781980703262,7.384211246856982,0.9355747332505665,0
..\..\..\files\weather\hourly\Spresiano.csv,6/3/2024 12:00:00 AM,24.14,12.93,1.2,8,99.97,53.23,0,0,8.535,11.09698,492.5077,18.241026,60.085873,60,95.42937,0,0,0,0,0,1,0,0,14,0,15,0,8,21,9,7,0.8870040883643928,0,11.758271433284442,-293.9112221547815,8.512203545902728E-12,5.822840556429328E-12,0.9971855540480002,0.24027841948584105,1.0595762928863124,0,1.0565941726779635,63.529304956688186,0.02115921834884991,7.476231170464404,0.9392153172575655,1
..\..\..\files\weather\hourly\Spresiano.csv,6/4/2024 12:00:00 AM,23.83,14.62,4.2000003,13,99.97,51.49,0,0,9.225,11.422947,503.93063,18.664097,61.016537,61,100,0,0,1,0,0,1,0,0,14,0,16,0,8,22,9,7,0.5641631057073565,0,12.3224345389918,-293.9112221547815,2.03647203448675E-11,1.4335044102332056E-11,1,1.1023595233659018,1.016665356096702,0.002,1.1437510159618223,65.3622908994587,0.01382370876830757,7.595415306145628,0.9436357710325917,1
..\..\..\files\weather\hourly\Spresiano.csv,6/5/2024 12:00:00 AM,23.14,14.77,4,18,99.88,72.45,0,0,8.955,11.304207,515.23486,19.082773,61.03747,61,100,0,0,1,0,0,1,0,1,14,0,17,0,8,23,9,8,-0.5572121294070081,0,11.765222409584794,-293.9112221547815,4.7889340309034466E-11,3.469976444719956E-11,1,1.4970804598733976,1.0187310507775464,0,1.0187310507775464,67.89894197192001,0.021749277154839215,7.867948885372116,0.9526030762755062,1
..\..\..\files\weather\hourly\Spresiano.csv,6/6/2024 12:00:00 AM,26.53,15.06,0.2,10,99.98,52.22,0,0,10.795,11.892025,527.1269,19.523218,61.059494,61,100,0,0,0,0,0,0,0,0,14,0,17,0,8,23,9,8,0.9519236828119578,0,12.717146092396753,-293.9112221547815,1.1069377841667436E-10,8.258910475623403E-11,1,0.7878723824586927,1.01576836419585,0,1.01576836419585,68.91015529684807,0.01841249725444448,7.995892468035014,0.9563177856078212,1
..\..\..\files\weather\hourly\Spresiano.csv,6/7/2024 12:00:00 AM,27.37,17.07,0.6,10,99.97,53.44,0,0,12.220001,11.996422,539.1233,19.96753,61.08171,61,100,0,0,0,0,0,1,0,0,14,0,17,0,8,24,9,8,1.0167941770229527,0,13.733940269419705,-293.9112221547815,2.5149625512828106E-10,1.9328288317290838E-10,1,0.12339360574051833,1.0163672924179679,0,1.0163672924179679,69.30019153177594,0.022127999859010164,8.168848202512674,0.9608903537444722,1
..\..\..\files\weather\hourly\Spresiano.csv,6/8/2024 12:00:00 AM,29.3,17.07,0.2,9,99.97,51.7,0,0,13.184999,11.896645,551.01996,20.408146,71.01643,71,89.87675,0,0,0,0,0,1,0,0,14,0,17,0,8,25,9,8,1.1705525149178875,0,14.904492784337592,-293.9112221547815,5.616474439814298E-10,4.4477913830118943E-10,0.8577316128564623,0.08446782515981173,1.0139532735119374,0,0.8696997766504837,69.43010468558595,0.022095806247623702,8.352078859713384,0.9652230481402543,1
..\..\..\files\weather\hourly\Spresiano.csv,6/9/2024 12:00:00 AM,29.2,20.12,1.8,9,99.97,52.22,0,0,14.66,11.482131,562.5021,20.83341,71.03356,71,89.74829,0,0,0,0,0,1,0,1,14,0,17,0,8,26,9,9,0.9135818297884545,0,15.818074614126047,-293.9112221547815,1.2328777201148327E-09,1.0064265822826192E-09,0.8421645148953596,0.3573244325093546,1.0148643366675998,0,0.8546827317742701,69.68869605135188,0.022296072305940693,8.638984824498317,0.9710777094421055,1
..\..\..\files\weather\hourly\Spresiano.csv,6/10/2024 12:00:00 AM,27.5,20.22,21.6,9,99.97,71.7,0,0,13.860001,11.74603,574.2481,21.268448,71.05108,71,89.61691,1,1,1,0,0,1,1,1,15,1,18,0,8,27,10,10,-0.2687057812181726,0,15.549368832907874,-293.9112221547815,2.6601135492471864E-09,2.239304302397452E-09,0.893643233494956,3,0.9840693487787036,0,0.8794069148258763,71.52506924745819,0.022367061370743024,9.049915981357668,0.9778084124946952,0
..\..\..\files\weather\hourly\Spresiano.csv,6/11/2024 12:00:00 AM,26.97,16.44,31.4,8,99.86,56.61,0,0,11.705,11.993555,586.24164,21.712654,71.06896,71,89.48279,1,1,1,0,1,1,0,0,16,2,19,0,9,28,10,10,0.7814448666028867,0,16.330813699510763,-293.9112221547815,5.6416260972441776E-09,4.899417851644638E-09,1,3,1.0169628654692104,0.002,3.002,73.89209457701428,0.018750867724327373,9.226853185381891,0.98020571407728,0
..\..\..\files\weather\hourly\Spresiano.csv,6/12/2024 12:00:00 AM,19.93,17.03,0.8,9,99.86,68.02,0,0,8.48,11.067802,597.30945,22.122572,71.08547,71,89.35896,1,0,0,0,1,1,0,1,17,2,19,0,10,29,10,11,0.11886183105660926,0,16.449675530567376,-293.9112221547815,1.1760678484987008E-08,1.0541043948888817E-08,1,3,1.0603122498304813,0,1.0603122498304813,77.27809457701427,0.016420348918121927,9.407555944344997,0.9823893552674767,0
..\..\..\files\weather\hourly\Spresiano.csv,6/13/2024 12:00:00 AM,20.16,14.01,12,3,99.85,65.62,0,0,7.084999,10.167554,607.477,22.499147,71.10064,71,89.24521,1,1,1,0,0,1,0,0,18,3,20,0,10,30,10,11,0.30263403557890933,0,16.752309566146288,-293.9112221547815,2.409818912627462E-08,2.2301722433875826E-08,0.8317319036246362,3,1.017259592707667,0.002,2.4968591746811577,79.81981391895533,0.01810351888337575,9.520076336112758,0.9836266459688452,0
..\..\..\files\weather\hourly\Spresiano.csv,6/14/2024 12:00:00 AM,21.81,12.96,1.2,10,99.96,50.74,0,0,7.385,10.387417,617.8644,22.883865,71.11613,71,89.12904,1,0,0,0,0,0,0,0,19,3,20,0,10,30,10,11,0.6614728854620429,0,17.413782451608327,-293.9112221547815,4.853559890793854E-08,4.6399911560150445E-08,0.8607447039501628,3,1.0446976450127679,0,0.8992179651739471,83.28981391895533,0.007594754630572654,9.581399673697875,0.9842642647402612,0
..\..\..\files\weather\hourly\Spresiano.csv,6/15/2024 12:00:00 AM,23.58,12.63,0.2,8,99.96,50.69,0,0,8.105,10.856197,628.7206,23.285948,71.13232,71,89.00763,0,0,0,0,0,0,0,0,19,3,20,0,10,30,10,11,0.968633331913012,0,18.38241578352134,-293.9112221547815,9.608604791545822E-08,9.493551046808898E-08,0.8991844323339369,0.04555995657963896,1.0139532735119374,0,0.9117309986559685,83.64537387553497,0.011000610381334371,9.642437336415284,0.9848744444836394,0
..\..\..\files\weather\hourly\Spresiano.csv,6/16/2024 12:00:00 AM,24.68,13.69,23,10,99.91,55.13,0,0,9.184999,11.406068,640.12665,23.708395,71.14933,71,88.88002,1,1,1,0,0,1,0,0,20,4,21,0,10,31,10,11,0.7705260194897386,0,19.152941803011075,-293.9112221547815,1.8697529290953442E-07,1.910215583835472E-07,1,3,1.0196048112572669,0,1.0196048112572669,86.8929124400984,0.015027942197756291,9.725662466042559,0.9856687592890175,0
..\..\..\files\weather\hourly\Spresiano.csv,6/17/2024 12:00:00 AM,27.31,15.71,0.4,10,99.9,47.94,0,0,11.51,11.9822035,652.1088,24.15218,71.1672,71,88.74602,1,0,0,0,0,0,0,0,21,4,21,0,10,31,10,11,1.1047017617420682,0,20.257643564753145,-293.9112221547815,3.576284553922879E-07,3.779968512930816E-07,0.9803986905300599,3,1.0175555378120578,0,0.9976101168125523,89.57042630552334,0.018683673845987063,9.855560908920946,0.9868265459602348,0
..\..\..\files\weather\hourly\Spresiano.csv,6/18/2024 12:00:00 AM,28.91,14.67,0.2,8,99.96,43.16,0,0,11.790001,11.996736,664.1056,24.596504,71.1851,71,88.61177,0,0,0,0,0,0,0,0,21,4,21,0,10,31,10,11,1.3557274823970027,0,21.613371047150146,-293.9112221547815,6.723630910361107E-07,7.356253066853695E-07,1,0.12339360574051833,1.0145613535498725,0,1.0145613535498725,89.82833032578345,0.01921341165589259,9.96333933216353,0.9877162889263359,0
..\..\..\files\weather\hourly\Spresiano.csv,6/19/2024 12:00:00 AM,29.71,15.88,0.2,8,99.98,45.39,0,0,12.795,11.953407,676.059,25.039223,72.00694,72,82.44793,0,0,0,0,0,0,0,0,21,4,21,0,10,31,10,11,1.3374984414777715,0,22.950869488627916,-293.9112221547815,1.2425092100471636E-06,1.4079883977214803E-06,1,0.08446782515981173,1.0145613535498725,0,1.0145613535498725,89.96408480863738,0.020173335382793495,10.08132965356658,0.9886219761984127,0
..\..\..\files\weather\hourly\Spresiano.csv,6/20/2024 12:00:00 AM,31.19,18.61,0,5,99.9,43.96,0,0,14.900002,11.385002,687.44403,25.46089,72.02116,72,82.341324,0,0,0,0,0,0,0,0,21,4,21,0,10,31,10,11,1.3836249671504142,0,24.334494455778334,-293.9112221547815,2.2569364031169083E-06,2.650497607768644E-06,0.7488425475809419,0.00667,1.0163672924179679,0,0.7610990725322152,89.96408480863738,0.02231387446942838,10.251081418664455,0.9898097119693485,0
..\..\..\files\weather\hourly\Spresiano.csv,6/21/2024 12:00:00 AM,30.66,20.17,0,8,99.95,53.16,0,0,15.415001,11.148745,698.5928,25.873808,72.03507,72,82.23695,0,0,0,0,0,0,0,0,21,4,21,0,10,31,10,11,1.2047170507719938,0,25.53921150655033,-293.9112221547815,4.029609668056402E-06,4.907434010885552E-06,0.539115300705227,0.00667,1.014257820301168,0,0.5468019097842922,89.96408480863738,0.022341542124542344,10.486258954541745,0.9912540381408985,0
..\..\..\files\weather\hourly\Spresiano.csv,6/22/2024 12:00:00 AM,31.01,21.44,0.2,4,99.95,57.69,0,0,16.225,10.700677,709.29346,26.270126,72.04843,72,82.136765,0,0,0,0,0,0,0,0,21,4,21,0,10,31,10,11,1.0676472221517175,0,26.60685872870205,-293.9112221547815,7.07181012496754E-06,8.937043678941953E-06,0.6680043038138104,0.04555995657963896,1.049363057851842,0,0.700979038908251,90.05455037962167,0.02238691142853009,10.703074721709793,0.992404238145523,0
..\..\..\files\weather\hourly\Spresiano.csv,6/23/2024 12:00:00 AM,29.56,18.19,0.2,4,99.92,47.6,0,0,13.875,11.741931,721.0354,26.705015,72.06309,72,82.02684,0,0,0,0,0,0,0,0,21,4,21,0,10,31,10,11,1.278001027204421,0,27.88485975590647,-293.9112221547815,1.219894172460813E-05,1.6008853803909494E-05,0.6901517819443388,0.04555995657963896,0.8984267615608701,0,0.620050830437716,90.05455037962167,0.022362710372427375,10.894526288940368,0.9932938832470449,0
..\..\..\files\weather\hourly\Spresiano.csv,6/24/2024 12:00:00 AM,27.54,20.66,0,0,90.24,45.65,0,0,14.1,11.676556,732.712,27.13748,72.07767,72,81.917496,0,0,0,0,0,0,0,0,21,4,21,0,10,31,10,11,1.4360625812638594,0,29.32092233717033,-293.9112221547815,2.0684149836660468E-05,2.8207795528517623E-05,0.7097931342294059,0.00667,0,0,0,90.05455037962167,0.021523211768411578,10.979335295015279,0.9936540244974664,0
..\..\..\files\weather\hourly\Spresiano.csv,6/25/2024 12:00:00 AM,27.48,21.21,0,0,75.18,46.84,0,0,14.344999,11.597052,744.309,27.567001,72.09215,72,81.80889,0,0,0,0,0,0,0,0,21,4,21,0,10,31,10,11,1.4175185555357712,0,30.7384408927061,-293.9112221547815,3.44728466192379E-05,4.889194536517809E-05,0.5257124321883853,0.00667,0,0,0,90.05455037962167,0,10.979335295015279,0.9936540244974664,0
..\..\..\files\weather\hourly\Spresiano.csv,6/26/2024 12:00:00 AM,26.47,17.69,31.8,8,99.93,56.24,0,0,12.08,11.999527,756.30853,28.011427,72.107124,72,81.69656,1,1,1,0,0,0,0,0,22,5,22,0,10,31,10,11,0.7985140516390923,0,31.536954944345197,-293.9112221547815,5.647296269300984E-05,8.336479198441599E-05,1,3,1.0184384566687754,0.002,3.002,91.74174958750078,0.021866643711715487,11.113557890385426,0.9941850027105269,0
..\..\..\files\weather\hourly\Spresiano.csv,6/27/2024 12:00:00 AM,27.15,16.2,0.4,10,99.96,52.6,0,0,11.674999,11.992176,768.3007,28.455582,72.1221,72,81.58424,1,0,0,0,0,0,0,1,23,5,22,0,10,31,10,12,0.38202179911941875,0,31.91897674346462,-293.9112221547815,9.093434670238214E-05,0.00013983775467742583,1,3,1.017259592707667,0,1.017259592707667,94.7570183649648,0.022346297160294147,11.338946773828775,0.9949788444285143,0
..\..\..\files\weather\hourly\Spresiano.csv,6/28/2024 12:00:00 AM,29.61,16.43,0,9,99.9,44.15,0,0,13.02,11.923372,780.2241,28.89719,72.136986,72,81.47261,0,0,0,0,0,0,0,0,23,5,22,0,10,31,10,12,1.3618068874563687,0,33.280783630920986,-293.9112221547815,0.0001439260091221644,0.00023077210137980797,0.8750212592122233,0.08446782515981173,1.0187310507775464,0,0.89141132684996,94.7570183649648,0.02231555952507878,11.487015222287946,0.9954405446321255,0
..\..\..\files\weather\hourly\Spresiano.csv,6/29/2024 12:00:00 AM,31.57,19.53,0,8,99.93,54.49,0,0,15.549999,11.080546,791.3047,29.307579,72.15082,72,81.368866,0,0,0,0,0,0,0,0,23,5,22,0,10,31,10,12,1.2553842505110122,0,34.536167881432,-293.9112221547815,0.0002239105561421231,0.0003746981105019724,0.3882912772880005,0.00667,1.0169628654692104,0,0.39487780998750477,94.7570183649648,0.02235079104517196,11.693142133489946,0.9960135948661625,0
..\..\..\files\weather\hourly\Spresiano.csv,6/30/2024 12:00:00 AM,32.12,21.9,0.2,8,99.9,58.05,0,0,17.009998,10.177759,801.4824,29.684534,73.00052,73,74.99611,0,0,0,0,0,0,0,0,23,5,22,0,10,31,10,12,1.2506686466451997,0,35.786836528077195,-293.9112221547815,0.00034240004062231674,0.0005986086666440954,0.4936602768487468,0.04555995657963896,1.0175555378120578,0,0.5023267485052759,94.78779923696645,0.02238624076237516,11.905186883653071,0.9965281669108986,0
..\..\..\files\weather\hourly\Spresiano.csv,7/1/2024 12:00:00 AM,30.1,20.29,4.6,7,99.96,43.66,0,0,15.195,11.25431,812.73676,30.101362,77.00258,77,39.987106,0,1,1,0,0,0,0,0,23,6,23,0,10,31,10,12,0.7459663206019781,0,36.532802848679175,-293.9112221547815,0.0005146559520674653,0.0009410087072664122,0.8868010897334684,0.9056707052636489,1.016665356096702,0,0.9015799456808201,95.04111801082978,0.02238624076237516,12.14527411164796,0.9970311996292679,0
..\..\..\files\weather\hourly\Spresiano.csv,7/2/2024 12:00:00 AM,28.71,16.28,15.2,14,99.93,62.87,0,0,12.494999,11.9819145,824.7187,30.545135,77.013885,77,39.930573,1,1,1,0,0,0,0,1,24,7,24,0,10,31,10,13,-0.07782772802853223,0,36.45497512065064,-293.9112221547815,0.0007603685500296389,0.0014556646593338776,1,3,1.0181448573699612,0,1.0181448573699612,97.86554297079516,0.021943669216454173,12.375516282995846,0.9974450893813993,0
..\..\..\files\weather\hourly\Spresiano.csv,7/3/2024 12:00:00 AM,27.22,15.77,6.2,10,99.95,44.59,0,0,11.494999,11.981096,836.69977,30.98888,77.02519,77,39.87404,1,1,1,0,0,0,0,0,25,8,25,0,10,31,10,13,1.246972315292172,0,37.701947435942806,-293.9112221547815,0.0011042190735468973,0.0022160332093635166,1,3,1.0148643366675998,0,1.0148643366675998,99.94751530745884,0.015754101594196743,12.46122055983514,0.9975839790863594,0
..\..\..\files\weather\hourly\Spresiano.csv,7/4/2024 12:00:00 AM,25.35,15.62,19.8,14,99.97,43.02,0,0,10.485001,11.829075,848.5289,31.426996,77.036354,77,39.81823,1,1,1,0,1,0,1,1,26,9,26,0,11,31,11,14,0.9291703797346644,0,38.63111781567748,-293.9112221547815,0.0015761962759192369,0.003320252282910414,1,3,1.017259592707667,0,1.017259592707667,103.62081342697478,0.02188250843570703,12.62999524761304,0.9978358271563931,0
..\..\..\files\weather\hourly\Spresiano.csv,7/5/2024 12:00:00 AM,26.92,14.8,0.2,11,99.97,43.19,0,0,10.860001,11.903388,860.43225,31.867863,77.04759,77,39.76204,1,0,0,0,1,0,0,0,27,9,26,0,12,31,11,14,1.2514155081939529,0,39.882533323871435,-293.9112221547815,0.002211512013647126,0.00489644855882965,1,0.5136365774053631,1.0136479445886337,0,1.0136479445886337,104.60236931071329,0.01758169087811603,12.739721547079672,0.9979853170625761,0
..\..\..\files\weather\hourly\Spresiano.csv,7/6/2024 12:00:00 AM,28.9,15.44,0,6,99.95,45.39,0,0,12.17,11.997865,872.4301,32.312225,77.05891,77,39.705467,0,0,0,0,0,0,0,0,27,9,26,0,12,31,11,14,1.2316548097638107,0,41.114188133635245,-293.9112221547815,0.0030499467871378666,0.007107960572476776,1,0.00667,1.014257820301168,0,1.014257820301168,104.60236931071329,0.019783361416694734,12.866665616238638,0.9981454398623119,0
..\..\..\files\weather\hourly\Spresiano.csv,7/7/2024 12:00:00 AM,28.51,17.72,0,5,99.93,53.43,0,0,13.115,11.908468,884.33856,32.75328,77.070145,77,39.649277,0,0,0,0,0,0,0,0,27,9,26,0,12,31,11,14,1.0239893500271429,0,42.13817748366238,-293.9112221547815,0.004134463620482908,0.010157907359614643,0.7585850504027745,0.00667,0.9917452527699524,0,0.7523231225592066,104.60236931071329,0.022185103494261102,13.041032762602669,0.9983448599048378,0
..\..\..\files\weather\hourly\Spresiano.csv,7/8/2024 12:00:00 AM,26.73,20.71,1.2,0,98.39,66.75,0,0,13.719999,11.782706,896.1213,33.18968,77.08127,77,39.59366,0,0,0,0,0,0,0,0,27,9,26,0,12,31,11,14,0.22318765790268016,0,42.36136514156507,-293.9112221547815,0.00550896535223772,0.01429237098009755,0.7633875828742289,0.24027841948584105,0.7374590394535545,0,0.5629670735971996,104.88008864129395,0.02238136048621442,13.324504586387759,0.9986243608202036,0
..\..\..\files\weather\hourly\Spresiano.csv,7/9/2024 12:00:00 AM,32.09,20.11,0,0,93.93,44.45,0,0,16.1,10.775904,906.89716,33.588783,77.09143,77,39.542847,0,0,0,0,0,0,0,0,27,9,26,0,12,31,11,14,1.5091803178597583,0,43.870545459424825,-293.9112221547815,0.007215141628393386,0.01980133633233527,0.7009434286020779,0.24027841948584105,0.9829446875000016,0,0.6889886193824492,104.88008864129395,0.022223797943848704,13.527689150499675,0.9987951868824471,0
..\..\..\files\weather\hourly\Spresiano.csv,7/10/2024 12:00:00 AM,33.5,21.2,0,0,89.86,44.8,0,0,17.35,9.92432,916.8215,33.956352,77.1008,77,39.496002,0,0,0,0,0,0,0,0,27,9,26,0,12,31,11,14,1.610386545754974,0,45.4809320051798,-293.9112221547815,0.009288458248437013,0.027016477960728657,0.17264507907019677,0.00667,0.761648666140033,0,0.1314948941894559,104.88008864129395,0.022294175481464243,13.659299902327461,0.9988943512411533,0
..\..\..\files\weather\hourly\Spresiano.csv,7/11/2024 12:00:00 AM,35.59,23.59,0,0,90.32,42.03,0,0,19.59,7.8508205,924.6723,34.24712,77.10821,77,39.45896,0,0,0,0,0,0,0,0,27,9,26,0,12,31,11,14,1.717595913964205,0,47.198527919144006,-293.9112221547815,0.01175347693902162,0.03630493620916567,0.1937180886337011,0.00667,0.7316358261738323,0,0.14173109382233356,104.88008864129395,0.01954259756786836,13.717230162664729,0.9989353731690396,0
..\..\..\files\weather\hourly\Spresiano.csv,7/12/2024 12:00:00 AM,35.36,23.2,0,0,99.96,40.82,0,0,19.28,8.179358,932.8517,34.55006,77.11593,77,39.420357,0,0,0,0,0,0,0,0,27,9,26,0,12,31,11,14,1.713258476038215,0,48.911786395182226,-293.9112221547815,0.01461884425273009,0.04805841314818729,0.3356561065713295,0.00667,1.0692537265785305,0,0.35890154280023445,104.88008864129395,0.020966581066030252,13.864436593501718,0.9990328992982715,0
..\..\..\files\weather\hourly\Spresiano.csv,7/13/2024 12:00:00 AM,32.87,20.88,19.4,7,99.95,53.03,0,0,16.875,10.273877,943.12555,34.930576,77.12562,77,39.37191,1,1,1,0,0,0,0,0,28,10,27,0,12,31,11,14,0.4493034238127879,0,49.36108981899502,-293.9112221547815,0.017872432777902944,0.06267725740091738,0.6470356164988049,3,1.0485813563310629,0,0.6784694843428223,105.25890310833438,0.02238691142853009,14.13697555088388,0.9991905026097667,0
..\..\..\files\weather\hourly\Spresiano.csv,7/14/2024 12:00:00 AM,32.4,20.89,0,0,98.56,42.22,0,0,16.645,10.43172,953.55725,35.316936,77.13546,77,39.3227,1,0,0,0,0,0,0,0,29,10,27,0,12,31,11,14,1.510057123760817,0,50.871146942755836,-293.9112221547815,0.021477229539636305,0.08054969017882033,0.3463701724797723,3,0.3310836228875935,0,0.11467749156480365,105.25890310833438,0.022355025178383656,14.371806190554723,0.9993055454627146,0
..\..\..\files\weather\hourly\Spresiano.csv,7/15/2024 12:00:00 AM,32.62,19.33,0,0,99.97,30.9,0,0,15.974998,10.848915,964.4062,35.718746,77.1457,77,39.271507,0,0,0,0,0,0,0,0,29,10,27,0,12,31,11,14,1.5916376830150158,0,52.46278462577086,-293.9112221547815,0.025368617396001887,0.10202691971845664,0.9765065217470773,0.00667,1.0139532735119374,0,0.990131984331205,105.25890310833438,0.022373033375770776,14.581698663068677,0.9993944655850707,0
..\..\..\files\weather\hourly\Spresiano.csv,7/16/2024 12:00:00 AM,33.22,18.06,0,5,99.95,37.94,0,0,15.639999,11.03364,975.4398,36.1274,77.15611,77,39.219437,0,0,0,0,0,0,0,0,29,10,27,0,12,31,11,14,1.614551264432989,0,54.07733589020385,-293.9112221547815,0.02945366153352102,0.12739553711445853,0.801652267321598,0.00667,1.0582215006874165,0,0.8483256653545314,105.25890310833438,0.02238691142853009,14.731264568918636,0.9994507943069134,0
..\..\..\files\weather\hourly\Spresiano.csv,7/17/2024 12:00:00 AM,33.6,19.82,0,0,99.41,44.59,0,0,16.71,10.38787,985.8277,36.51214,77.16592,77,39.170418,0,0,0,0,0,0,0,0,29,10,27,0,12,31,11,14,1.5102981976627738,0,55.587634087866626,-293.9112221547815,0.033612881039221575,0.15684919864797955,0.41373857593964236,0.00667,1.0695694038888206,0,0.44252212203357283,105.25890310833438,0.021626346943224652,14.890867889202582,0.9995051378418364,0
..\..\..\files\weather\hourly\Spresiano.csv,7/18/2024 12:00:00 AM,34.4,20.81,0,3,99.94,39.78,0,0,17.605,9.72359,995.5513,36.872272,77.17509,77,39.124565,0,0,0,0,0,0,0,0,29,10,27,0,12,31,11,14,1.6641844390903209,0,57.251818526956946,-293.9112221547815,0.037704756333637915,0.19046207968720114,0,0.00667,0,0,0,105.25890310833438,0.022375626182653895,15.019875423966399,0.9995451092278889,0
..\..\..\files\weather\hourly\Spresiano.csv,7/19/2024 12:00:00 AM,33.93,22,0,0,87.09,39.18,0,0,17.965,9.4247,1004.97595,37.22133,77.18398,77,39.080086,0,0,0,0,0,0,0,0,29,10,27,0,12,31,11,14,1.7499397523559301,0,59.001758279312874,-293.9112221547815,0.04157291639957768,0.22816683602083904,0,0.00667,0,0,0,105.25890310833438,0.022382974992631484,15.103599268307306,0.9995693060429817,0
..\..\..\files\weather\hourly\Spresiano.csv,7/20/2024 12:00:00 AM,34.85,22.89,0,0,81.52,37.6,0,0,18.869999,8.593433,1013.5694,37.539608,77.19209,77,39.039536,0,0,0,0,0,0,0,0,29,10,27,0,12,31,11,14,1.7435969602419552,0,60.74535523955483,-293.9112221547815,0.04505560220789563,0.2697397524204167,0.16046916437325898,0.00667,0,0,0,105.25890310833438,0,15.103599268307306,0.9995693060429817,0
..\..\..\files\weather\hourly\Spresiano.csv,7/21/2024 12:00:00 AM,30.74,20.81,3.8000002,5,99.95,48.13,0,0,15.775,10.961119,1024.5305,37.945576,77.20244,77,38.98781,0,1,1,1,0,0,0,0,29,11,28,1,12,31,11,14,1.0080616650096683,0,61.753416904564496,-293.9112221547815,0.0479966646819218,0.3147953546283123,0.7271049966539462,0.7486421329488565,1.015166537651254,0,0.7381326619621132,105.37142476855549,0.022331252449611993,15.361813096325188,0.9996361223987076,0
..\..\..\files\weather\hourly\Spresiano.csv,7/22/2024 12:00:00 AM,32.11,20.13,0.2,6,99.87,44.22,0,0,16.119999,10.764017,1035.2946,38.344242,77.21259,77,38.937035,0,0,0,0,0,0,0,0,29,11,28,1,12,31,11,14,1.4082799202106295,0,63.16169682477513,-293.9112221547815,0.05025708239944563,0.36279201931023414,0.34903403971699065,0.4745316739037744,1.0516192336846544,0,0.36705090937704093,105.37142476855549,0.021834232087546427,15.565463903329778,0.9996814255397152,0
..\..\..\files\weather\hourly\Spresiano.csv,7/23/2024 12:00:00 AM,32.79,20.79,27.2,9,99.91,46.95,0,0,16.79,10.333078,1045.6277,38.72695,77.22234,77,38.888283,1,1,1,1,0,0,0,0,30,12,29,2,12,31,11,14,0.815336462043476,0,63.9770332868186,-293.9112221547815,0.05172582661177344,0.4130491017096798,0.8231209389917185,3,1.01576836419585,0,0.8361002097349698,105.41319143523953,0.022351978064271628,15.862679566363312,0.9997376177245719,0
..\..\..\files\weather\hourly\Spresiano.csv,7/24/2024 12:00:00 AM,30.89,21.26,0,8,99.37,48.35,0,0,16.075,10.790683,1056.4183,39.126606,77.23253,77,38.837357,1,0,0,0,0,0,0,1,31,12,29,2,12,31,11,15,1.1433970228774173,0,65.12043030969602,-293.9112221547815,0.05232889452322539,0.46477492832145323,0.5545010895376001,3,0.9568481948614362,0,0.5305733665727523,105.41319143523953,0.022347555605306057,16.096548084665887,0.9997747738640224,0
..\..\..\files\weather\hourly\Spresiano.csv,7/25/2024 12:00:00 AM,31.23,20.29,0,0,98.16,44.61,0,0,15.76,10.969305,1067.3877,39.53288,78.00583,78,34.970856,0,0,0,0,0,0,0,0,31,12,29,2,12,31,11,15,1.5311082214247291,0,66.65153853112076,-293.9112221547815,0.0520354882550735,0.5171038228446786,0.3882912772880005,0.00667,0.5608846957380713,0,0.21778663491942724,105.41319143523953,0.02238541521674208,16.225674310221788,0.9997929843016475,0
..\..\..\files\weather\hourly\Spresiano.csv,7/26/2024 12:00:00 AM,30.17,22.33,0,0,89.95,37.3,0,0,16.25,10.685367,1078.0731,39.928635,78.01399,78,34.93004,0,0,0,0,0,0,0,0,31,12,29,2,12,31,11,15,1.6134515741901525,0,68.26499010531091,-293.9112221547815,0.050860621309087375,0.5691393110997521,0.5479402485126152,0.00667,0.9274485817147493,0,0.5081864063474523,105.41319143523953,0.022332724663750962,16.2471002493207,0.9997958602256066,0
..\..\..\files\weather\hourly\Spresiano.csv,7/27/2024 12:00:00 AM,30.92,20.9,0,1,99.96,44.42,0,0,15.91,10.886004,1088.9591,40.33182,78.02231,78,34.88846,0,0,0,0,0,0,0,0,31,12,29,2,12,31,11,15,1.4394513527961297,0,69.70444145810703,-293.9112221547815,0.04886384545421359,0.6199999324088395,0.8074858368492006,0.00667,1.0148643366675998,0,0.8194885781824457,105.41319143523953,0.022385667776324926,16.402306377252113,0.9998155339999809,0
..\..\..\files\weather\hourly\Spresiano.csv,7/28/2024 12:00:00 AM,32.91,20.04,0.2,5,99.96,43.54,0,0,16.475,10.543589,1099.5027,40.72232,78.03036,78,34.848213,0,0,0,0,0,0,0,0,31,12,29,2,12,31,11,15,1.492868094640454,0,71.1973095527475,-293.9112221547815,0.04614424832025765,0.6688637778630532,0.6754706610298398,0.04555995657963896,1.0148643366675998,0,0.6855110843444735,105.41319143523953,0.022150463437232336,16.60301041952323,0.9998381909792924,0
..\..\..\files\weather\hourly\Spresiano.csv,7/29/2024 12:00:00 AM,33.66,20.26,62.6,10,99.96,48.71,0,0,16.96,10.213657,1109.7163,41.100605,78.038155,78,34.809227,1,1,1,1,0,0,0,0,32,13,30,3,12,31,11,15,1.3111311627966793,0,72.50844071554417,-293.9112221547815,0.04283230666279175,0.7150080261833108,0.6489683872031151,3,1.0201831874999954,0,0.6620666378436052,105.41319143523953,0.02236934970022382,16.856657251213793,0.9998628880529017,0
..\..\..\files\weather\hourly\Spresiano.csv,7/30/2024 12:00:00 AM,31.57,21.08,0.2,7,99.85,45.88,0,0,16.325,10.638903,1120.3552,41.494637,78.04628,78,34.7686,1,0,0,0,0,0,0,0,33,13,30,3,12,31,11,15,1.5212176239982498,0,74.02965833954244,-293.9112221547815,0.03907952749170972,0.7578403328461025,0.6508958470592383,3,0.9293532077183677,0,0.6049121433550672,105.41319143523953,0.022383371791942518,17.06868100071662,0.9998806148191028,0
..\..\..\files\weather\hourly\Spresiano.csv,7/31/2024 12:00:00 AM,31.41,21.18,0.2,1,99.94,40.63,0,0,16.295,10.657584,1131.0128,41.889362,78.05442,78,34.727898,0,0,0,0,0,0,0,0,33,13,30,3,12,31,11,15,1.526143612669142,0,75.55580195221157,-293.9112221547815,0.03504702014945741,0.7969198603378123,0.7097931342294059,0.04555995657963896,1.0163672924179679,0,0.7214105260136046,105.41319143523953,0.022382974992631484,17.28621045061708,0.9998964229009077,0
..\..\..\files\weather\hourly\Spresiano.csv,8/1/2024 12:00:00 AM,33.42,20.2,0,6,99.89,47.6,0,0,16.81,10.319242,1141.332,42.271557,78.0623,78,34.68849,0,0,0,0,0,0,0,0,33,13,30,3,12,31,11,15,1.5205286694479783,0,77.07633062165957,-293.9112221547815,0.030894192328280855,0.8319668804872696,0.2693907221324976,0.00667,1.0514482002463836,0,0.28325038994928825,105.41319143523953,0.021626346943224652,17.48648623141349,0.9999091197670495,0
..\..\..\files\weather\hourly\Spresiano.csv,8/2/2024 12:00:00 AM,32.54,20.19,14.400001,8,99.91,55.74,0,0,16.365002,10.613796,1151.9458,42.664658,78.070404,78,34.64798,1,1,1,1,0,0,0,0,34,14,31,4,12,31,11,15,0.9753660442981702,0,78.05169666595773,-293.9112221547815,0.02676865477890338,0.8628610728155505,0.8526197139183123,2.9329070883526613,1.0187310507775464,0.002,2.5366481229297917,105.66820957169621,0.022373033375770776,17.742464608625998,0.9999231084772765,0
..\..\..\files\weather\hourly\Spresiano.csv,8/3/2024 12:00:00 AM,31,19.05,0.2,9,99.9,52.15,0,0,15.025,11.331144,1163.277,43.08433,78.079056,78,34.60472,1,0,0,0,0,0,0,0,35,14,31,4,12,31,11,15,1.2607347051464863,0,79.31243137110422,-293.9112221547815,0.02279818120900533,0.8896297275944538,0.8689535381740687,3,1.0175555378120578,0,0.8842084848704049,105.66820957169621,0.022223797943848704,17.94919620634892,0.9999328180403076,0
..\..\..\files\weather\hourly\Spresiano.csv,8/4/2024 12:00:00 AM,30.54,19.36,0,2,99.89,45.06,0,0,14.950001,11.363729,1174.6407,43.50521,78.08774,78,34.56131,0,0,0,0,0,0,0,0,35,14,31,4,12,31,11,15,1.5087581509082353,0,80.82118952201245,-293.9112221547815,0.019085248061326953,0.9124279088034591,0.7097931342294059,0.00667,0.6333221743508517,0,0.4495277311094733,105.66820957169621,0.022067563504360007,18.078092509288457,0.999938241094707,0
..\..\..\files\weather\hourly\Spresiano.csv,8/5/2024 12:00:00 AM,31.94,21.1,0,0,99.48,37.74,0,0,16.52,10.514372,1185.1552,43.894638,78.095764,78,34.52118,0,0,0,0,0,0,0,0,35,14,31,4,12,31,11,15,1.7445040767955209,0,82.56569359880797,-293.9112221547815,0.015704328467820276,0.9315131568647861,0.6661244594681572,0.00667,1.073207903290566,0,0.7148900344763826,105.66820957169621,0.022384326601239082,18.23135332663104,0.9999441224992824,0
..\..\..\files\weather\hourly\Spresiano.csv,8/6/2024 12:00:00 AM,31.41,19.89,1.2,3,99.97,42.79,0,0,15.65,11.0283575,1196.1835,44.303093,78.10419,78,34.479065,0,0,0,1,0,0,0,0,35,14,31,5,12,31,11,15,1.6524566486372567,0,84.21815024744524,-293.9112221547815,0.012701788732194448,0.9472174853326064,0.3648940137114365,0.24027841658097351,0.9740880441178419,0,0.35543889612648216,105.66820957169621,0.022386421172835517,18.48311688970228,0.9999525932588766,0
..\..\..\files\weather\hourly\Spresiano.csv,8/7/2024 12:00:00 AM,30.66,21.98,0,0,99.96,52.1,0,0,16.32,10.642026,1206.8254,44.697235,78.11231,78,34.43844,0,0,0,0,0,0,0,0,35,14,31,5,12,31,11,15,1.4105895710213372,0,85.62873981846656,-293.9112221547815,0.010097976434942148,0.9599192740648008,0.5501327000981107,0.00667,1.0139532735119374,0,0.5578088521304403,105.66820957169621,0.022383371791942518,18.673391616826542,0.9999581321675917,0
..\..\..\files\weather\hourly\Spresiano.csv,8/8/2024 12:00:00 AM,31.9,19.69,3,10,99.95,50,0,0,15.795,10.950152,1217.7756,45.102802,78.120674,78,34.39663,0,1,1,1,0,0,0,0,35,15,32,6,12,31,11,15,0.9755875746530274,0,86.6043273931196,-293.9112221547815,0.007890922431802665,0.970017250499743,0.9477358225314945,0.5919001,1.0469804251716681,0,0.9922608544244447,105.70683869324347,0.022382974992631484,18.942621115263393,0.9999648819823663,0
..\..\..\files\weather\hourly\Spresiano.csv,8/9/2024 12:00:00 AM,31.84,19.64,0,3,99.94,43.76,0,0,15.74,10.980168,1228.7559,45.509476,78.12906,78,34.354706,0,0,0,0,0,0,0,0,35,15,32,6,12,31,11,15,1.6689587351785915,0,88.2732861282982,-293.9112221547815,0.006061012072536186,0.9779081729315456,0.7537366394726568,0.5919001,1.0604549294723995,0,0.7993037348527396,105.70683869324347,0.022358998380512193,19.116552325870597,0.9999686523555726,0
..\..\..\files\weather\hourly\Spresiano.csv,8/10/2024 12:00:00 AM,33.09,19.63,0,1,99.96,42.25,0,0,16.36,10.616947,1239.3728,45.902695,78.13717,78,34.314156,0,0,0,0,0,0,0,0,35,15,32,6,12,31,11,15,1.7059364514712212,0,89.97922257976941,-293.9112221547815,0.004576004862188491,0.9839691850040818,0.5928297361557342,0.00667,1.0732419682660108,0,0.6362497528784,105.70683869324347,0.0223871024296989,19.338809402777233,0.9999728871611877,0
..\..\..\files\weather\hourly\Spresiano.csv,8/11/2024 12:00:00 AM,34.3,20.49,0,2,99.9,38,0,0,17.395,9.889561,1249.2623,46.268974,78.14472,78,34.27639,0,0,0,0,0,0,0,0,35,15,32,6,12,31,11,15,1.7917469726977913,0,91.7709695524672,-293.9112221547815,0.0033958754931027123,0.9885451898662703,0.6604532625036161,0.00667,1.02075843759242,0,0.6741632403360076,105.70683869324347,0.022385667776324926,19.567719504557488,0.9999766515416502,0
..\..\..\files\weather\hourly\Spresiano.csv,8/12/2024 12:00:00 AM,34.75,20.77,0,6,99.97,37.85,0,0,17.76,9.597124,1258.8595,46.624424,78.152054,78,34.23973,0,0,0,0,0,0,0,0,35,15,32,6,12,31,11,15,1.8480313343793622,0,93.61900088684655,-293.9112221547815,0.0024770854811359253,0.991941065359373,0.4312094090509748,0.00667,0.9870342360289044,0,0.4256184496311043,105.70683869324347,0.021972853891142483,19.77995806032664,0.9999796731902449,0
..\..\..\files\weather\hourly\Spresiano.csv,8/13/2024 12:00:00 AM,35.75,20.57,0,4,99.97,39.2,0,0,18.16,9.255236,1268.1147,46.967213,78.15912,78,34.204407,0,0,0,0,0,0,0,0,35,15,32,6,12,31,11,15,1.854082496831404,0,95.47308338367796,-293.9112221547815,0.0017760458865990088,0.9944181508405089,0.14819454297502532,0.00667,1.0434124302522747,0,0.15462802823569632,105.70683869324347,0.022346297160294147,19.967605267427956,0.9999820173350025,0
..\..\..\files\weather\hourly\Spresiano.csv,8/14/2024 12:00:00 AM,35.53,21.8,0.6,8,99.96,41.17,0,0,18.664999,8.791719,1276.9065,47.292835,78.16583,78,34.170837,0,0,0,1,0,0,0,0,35,15,32,7,12,31,11,15,1.7208810523637412,0,97.19396443604171,-293.9112221547815,0.0012516742676900474,0.9961941967271079,0.3516920557041794,0.12339360864138221,1.030060976988068,0,0.36226426249758903,105.70683869324347,0.022366160893215033,20.17948024206369,0.9999843408557809,0
..\..\..\files\weather\hourly\Spresiano.csv,8/15/2024 12:00:00 AM,34.99,21.77,0.6,5,99.93,38.39,0,0,18.380001,9.057674,1285.9641,47.6283,78.172745,78,34.136276,0,0,0,1,0,0,0,0,35,15,32,8,12,31,11,15,1.8249229940503606,0,99.01888743009206,-293.9112221547815,0.0008670665239571876,0.9974458709947979,0.19072643866881944,0.24027842239070857,0,0,0,105.70683869324347,0.022355025178383656,20.362446179746854,0.9999861043038051,0
..\..\..\files\weather\hourly\Spresiano.csv,8/16/2024 12:00:00 AM,32.84,19.41,0,4,99.96,42.51,0,0,16.125,10.761036,1296.7251,48.026855,78.18097,78,34.095154,0,0,0,0,0,0,0,0,35,15,32,8,12,31,11,15,1.6686186963591154,0,100.68750612645118,-293.9112221547815,0.0005903879267356655,0.998312937518755,0.695571052847104,0.12339360574051833,1.0139532735119374,0,0.7052765459944659,105.70683869324347,0.022239250894292132,20.520967953724295,0.999987470759773,0
..\..\..\files\weather\hourly\Spresiano.csv,8/17/2024 12:00:00 AM,34.49,20.31,0,8,99.94,41.99,0,0,17.400002,9.885679,1306.6107,48.39299,78.188515,78,34.057426,0,0,0,0,0,0,0,0,35,15,32,8,12,31,11,15,1.6853207417807516,0,102.37282686823193,-293.9112221547815,0.0003951358822191696,0.9989033254454908,0.47485186569402704,0.00667,1.0725356263818568,0,0.5092955432107367,105.70683869324347,0.022032073214293128,20.739213086330214,0.9999891349426592,0
..\..\..\files\weather\hourly\Spresiano.csv,8/18/2024 12:00:00 AM,33.89,20.55,0,6,99.91,40.41,0,0,17.22,10.023142,1316.6339,48.76422,79.00458,79,29.977112,0,0,0,0,0,0,0,0,35,15,32,8,12,31,11,15,1.6292510803634996,0,104.00207794859543,-293.9112221547815,0.0002599437770413406,0.9992984613277099,0.5717546577277703,0.00667,1.0358231834087803,0,0.5922367296963766,105.70683869324347,0.022375626182653895,20.95058341898836,0.9999905356911113,0
..\..\..\files\weather\hourly\Spresiano.csv,8/19/2024 12:00:00 AM,30.51,20.32,12.8,10,99.94,49.03,0,0,15.415001,11.148745,1327.7827,49.177135,79.01173,79,29.941368,1,1,1,1,0,0,0,1,36,16,33,9,12,31,11,16,0.7042838392729779,0,104.70636178786842,-293.9112221547815,0.00016808785449555074,0.9995584051047512,0.7681449538669698,2.5317377634744607,1.016665356096702,0,0.7809463630570476,106.06535227043118,0.022385667776324926,21.267635945784185,0.9999923055957077,0
..\..\..\files\weather\hourly\Spresiano.csv,8/20/2024 12:00:00 AM,24.08,20.18,8,12,99.86,86.88,0,0,12.130001,11.998751,1339.7815,49.621536,79.01942,79,29.902916,1,1,1,1,1,0,0,1,37,17,34,10,13,31,11,17,-0.9823160600800257,0,103.7240457277884,-293.9112221547815,0.00010683589583064026,0.9997264929592468,0.7080334983728553,3,0.9938752351113607,0,0.7036969596620408,108.51930495957365,0.02237948319579502,21.76018806904261,0.9999944218461465,0
..\..\..\files\weather\hourly\Spresiano.csv,8/21/2024 12:00:00 AM,30.86,20.45,0,2,99.95,48.11,0,0,15.655001,11.02571,1350.8073,50.0299,79.02649,79,29.867554,0,0,0,0,0,0,0,0,37,17,34,10,13,31,11,17,1.4139745420560528,0,105.13802026984445,-293.9112221547815,6.674550319027047E-05,0.9998333288550774,0.8677257260363218,1.5762396177014528,1.017259592707667,0,0.8827023186496734,108.51930495957365,0.02236934970022382,21.99772333991827,0.9999952233104688,0
..\..\..\files\weather\hourly\Spresiano.csv,8/22/2024 12:00:00 AM,32.28,19.82,0,3,99.96,44.84,0,0,16.05,10.805375,1361.6127,50.4301,79.033424,79,29.832878,0,0,0,0,0,0,0,0,37,17,34,10,13,31,11,17,1.6588647524927518,0,106.7968850223372,-293.9112221547815,4.098743873105403E-05,0.9999000743582677,0.08534165200513888,0.00667,0,0,0,108.51930495957365,0.022171937988756607,22.176225033589176,0.9999957488633395,0
..\..\..\files\weather\hourly\Spresiano.csv,8/23/2024 12:00:00 AM,30.41,20.33,3.8,0,99.21,41.83,0,0,15.369999,11.1709,1372.7836,50.843834,79.04059,79,29.797058,0,1,1,1,0,0,0,0,37,18,35,11,13,31,11,17,1.5846030379641782,0,108.38148806030136,-293.9112221547815,2.474021690142756E-05,0.9999410617969987,0.8821458575718584,0.7486421066489066,1.034619915643745,0,0.9126856727464752,108.51930495957365,0.02220228950009343,22.368843261503184,0.9999962513081276,0
..\..\..\files\weather\hourly\Spresiano.csv,8/24/2024 12:00:00 AM,32.35,18.69,0,5,99.95,45.94,0,0,15.52,11.095927,1383.8795,51.2548,79.0477,79,29.761505,0,0,0,0,0,0,0,0,37,18,35,11,13,31,11,17,1.5408598302600849,0,109.92234789056144,-293.9112221547815,1.4678449350228604E-05,0.9999658020139002,0.5029295230435684,0.00667,1.0184384566687754,0,0.5122027672616551,108.51930495957365,0.02233652710382464,22.579453601382436,0.99999673297876,0
..\..\..\files\weather\hourly\Spresiano.csv,8/25/2024 12:00:00 AM,33.22,21.04,0,8,99.97,48.09,0,0,17.130001,10.090164,1393.9697,51.628506,79.05418,79,29.729118,0,0,0,0,0,0,0,0,37,18,35,11,13,31,11,17,1.5414958692571759,0,111.46384375981862,-293.9112221547815,8.560138820785719E-06,0.9999804804632504,0.7759728569965452,0.00667,1.02075843759242,0,0.7920808411219197,108.51930495957365,0.02237948319579502,22.81344203366307,0.9999971958949883,0
..\..\..\files\weather\hourly\Spresiano.csv,8/26/2024 12:00:00 AM,33.73,20.56,0,8,99.9,44.48,0,0,17.145,10.079073,1404.0488,52.00181,79.06064,79,29.696808,0,0,0,0,0,0,0,0,37,18,35,11,13,31,11,17,1.6001408507625798,0,113.0639846105812,-293.9112221547815,4.906879469486897E-06,0.9999890406020712,0.2056261604434222,0.00667,0.9652298655053286,0,0.19847651118918153,108.51930495957365,0.02238691142853009,23.057829608259976,0.9999976095071937,0
..\..\..\files\weather\hourly\Spresiano.csv,8/27/2024 12:00:00 AM,31.87,21.43,0,0,89.88,44.51,0,0,16.650002,10.428368,1414.4772,52.388042,79.06732,79,29.663391,0,0,0,0,0,0,0,0,37,18,35,11,13,31,11,17,1.6337339624569513,0,114.69771857303814,-293.9112221547815,2.764737646643127E-06,0.9999939474815407,0.4772226761773293,0.00667,0,0,0,108.51930495957365,0.022358998380512193,23.18502103240184,0.9999978000301954,0
..\..\..\files\weather\hourly\Spresiano.csv,8/28/2024 12:00:00 AM,31.83,20.89,0,0,84.76,41.68,0,0,16.36,10.616947,1425.0941,52.781265,79.074135,79,29.629326,0,0,0,0,0,0,0,0,37,18,35,11,13,31,11,17,1.6897897281558656,0,116.387508301194,-293.9112221547815,1.5311805915324494E-06,0.9999967122191873,0.4212601950893857,0.00667,0,0,0,108.51930495957365,0.021645241230601,23.227754593774925,0.9999978605716873,0
..\..\..\files\weather\hourly\Spresiano.csv,8/29/2024 12:00:00 AM,33.18,20.58,0,0,95.41,39.69,0,0,16.880001,10.270363,1435.3645,53.16165,79.08072,79,29.596405,0,0,0,0,0,0,0,0,37,18,35,11,13,31,11,17,1.7637164165062769,0,118.15122471770027,-293.9112221547815,8.335331148961101E-07,0.9999982433997788,0.39853961096110435,0.00667,0,0,0,108.51930495957365,0.022327261802225946,23.332905026527403,0.9999980025417683,0
..\..\..\files\weather\hourly\Spresiano.csv,8/30/2024 12:00:00 AM,34.69,21.93,0,0,93.71,34.43,0,0,18.31,9.121267,1444.4857,53.499474,84.00384,84,12.490406,0,0,0,0,0,0,0,0,37,18,35,11,13,31,11,17,1.9096638676014208,0,120.06088858530168,-293.9112221547815,4.46008622107862E-07,0.9999990769328937,0.039861662754027805,0.00667,0,0,0,108.51930495957365,0.02233652710382464,23.37223542213713,0.9999980531887744,0
..\..\..\files\weather\hourly\Spresiano.csv,8/31/2024 12:00:00 AM,35.23,21.94,0,0,88.15,31.24,0,0,18.585,8.867516,1453.3533,53.8279,84.00889,84,12.477779,0,0,0,0,0,0,0,0,37,18,35,11,13,31,11,17,1.9462784752309807,0,122.00716706053265,-293.9112221547815,2.3457817543011316E-07,0.9999995229415158,0.4237560885855449,0.00667,0.5318383573475387,0,0.2253697420693543,108.51930495957365,0.021754080426163513,23.452347775826468,0.9999981524148764,0
..\..\..\files\weather\hourly\Spresiano.csv,9/1/2024 12:00:00 AM,35.32,22.07,0,0,84.2,28.92,0,0,18.695,8.763066,1462.1163,54.15246,84.013885,84,12.465286,0,0,0,0,0,0,0,0,37,18,35,11,13,31,11,17,2.2723753959815154,0,124.27954245651418,-293.9112221547815,1.212707062816618E-07,0.9999997575196913,0.3569900466303346,0.00667,0,0,0,108.51930495957365,0.022382974992631484,23.518798447532017,0.9999982308712418,0
..\..\..\files\weather\hourly\Spresiano.csv,9/2/2024 12:00:00 AM,34.62,19.34,0,4,98.19,30.27,0,0,16.98,10.19934,1472.3157,54.53021,84.0197,84,12.450752,0,0,0,0,0,0,0,0,37,18,35,11,13,31,11,17,2.1781662068899417,0,126.45770866340413,-293.9112221547815,6.162375571321385E-08,0.9999998787903975,0.9713586541453613,0.00667,1.07159222295045,0,1.040900379477785,108.51930495957365,0.022107827610946207,23.612273710063807,0.9999983356279514,0
..\..\..\files\weather\hourly\Spresiano.csv,9/3/2024 12:00:00 AM,34.46,19.48,0,0,89.58,27.54,0,0,16.97,10.206506,1482.5222,54.908226,84.02551,84,12.436218,0,0,0,0,0,0,0,0,37,18,35,11,13,31,11,17,2.177492485610946,0,128.63520114901507,-293.9112221547815,3.077969931838124E-08,0.9999999404141533,0.8434883510121429,0.00667,0.583895578188379,0,0.4925091184093976,108.51930495957365,0.02156300440904525,23.724944323547174,0.9999984536859715,0
..\..\..\files\weather\hourly\Spresiano.csv,9/4/2024 12:00:00 AM,32.86,19.37,0,0,92.33,32.95,0,0,16.115002,10.766993,1493.2892,55.307007,84.03165,84,12.420883,0,0,0,0,0,0,0,0,37,18,35,11,13,31,11,17,2.1051747222884467,0,130.7403758713035,-293.9112221547815,1.511139424317141E-08,0.9999999711938526,0.893643233494956,0.00667,0.7862764659657451,0,0.7026506434666151,108.51930495957365,0.02238624076237516,23.84024167297059,0.9999985658319289,0
..\..\..\files\weather\hourly\Spresiano.csv,9/5/2024 12:00:00 AM,32.62,18.99,0,2,98.79,33.05,0,0,15.805,10.94465,1504.2339,55.712364,84.03788,84,12.4053,0,0,0,0,0,0,0,0,37,18,35,11,13,31,11,17,2.0649599108384162,0,132.80533578214192,-293.9112221547815,7.2923692755166395E-09,0.9999999863052469,0.9713586541453613,0.00667,1.0733962421190242,0,1.0426527291094236,108.51930495957365,0.019875123590826542,24.02592249808785,0.9999987295953868,0
..\..\..\files\weather\hourly\Spresiano.csv,9/6/2024 12:00:00 AM,23.91,18.41,30,16,99.96,60.94,0,0,11.16,11.947618,1516.1815,56.15487,88.00182,88,2.4954414,1,1,1,1,0,0,0,1,38,19,36,12,13,31,11,18,-0.2384381027680965,0,132.56689767937382,-293.9112221547815,3.459049066663999E-09,0.9999999935976162,1,3,1.0224658615724636,0.002,3.002,111.98651215559975,0.022362710372427375,24.37532768432412,0.9999989887633521,0
..\..\..\files\weather\hourly\Spresiano.csv,9/7/2024 12:00:00 AM,25.28,18.06,1.6,13,99.9,59.92,0,0,11.67,11.991935,1528.1735,56.599014,88.00705,88,2.482376,1,0,0,1,0,0,0,1,39,19,36,13,13,31,11,19,0.986869674901307,0,133.55376735427512,-293.9112221547815,1.6127562954329466E-09,0.9999999970566652,1,3,1.0204713130535978,0,1.0204713130535978,115.10861352817787,0.018917713058358,24.582485886018326,0.9999991167087188,0
..\..\..\files\weather\hourly\Spresiano.csv,9/8/2024 12:00:00 AM,28.67,17.07,0.2,9,99.95,51.01,0,0,12.869999,11.944218,1540.1177,57.041393,88.01225,88,2.469368,0,0,0,0,0,0,0,0,39,19,36,13,13,31,11,19,1.5645659856702394,0,135.11833333994537,-293.9112221547815,7.391025872851165E-10,0.9999999986694215,0.9131614249824105,0.04555995657963896,1.021899775821602,0,0.9331594554784599,115.3294966634592,0.02227975789949675,24.775113941198043,0.9999992211106808,0
..\..\..\files\weather\hourly\Spresiano.csv,9/9/2024 12:00:00 AM,26.52,19.05,49.4,17,99.88,73.45,0,0,12.785,11.954571,1552.0723,57.484158,88.01746,88,2.4563408,1,1,1,1,0,0,1,1,40,20,37,14,13,31,12,20,0.09983245380436087,0,135.21816579374973,-293.9112221547815,3.3293898612450796E-10,0.999999999408524,0.8868010897334684,3,1.0230286046781742,0.002,2.662176871379872,118.18995023391972,0.022067563504360007,25.157680978673003,0.9999993932888787,0
..\..\..\files\weather\hourly\Spresiano.csv,9/10/2024 12:00:00 AM,27.06,16.24,16.4,12,99.74,61.18,0,0,11.65,11.990925,1564.0632,57.92827,88.02268,88,2.4432945,1,1,1,1,1,0,1,1,41,21,38,15,14,31,13,21,1.0045871495850403,0,136.22275294333477,-293.9112221547815,1.4741732834433745E-10,0.999999999741463,1,3,1.021899775821602,0.002,3.002,120.87538171931062,0.021057714454779823,25.366441809196452,0.9999994706065156,0
..\..\..\files\weather\hourly\Spresiano.csv,9/11/2024 12:00:00 AM,28.25,15.94,38,12,99.88,46.38,0,0,12.094999,11.999332,1576.0626,58.37269,88.027916,88,2.43021,1,1,1,1,0,0,1,0,42,22,39,16,14,31,14,21,1.4900283878512206,0,137.712781331186,-293.9112221547815,6.415882077150911E-11,0.9999999998888803,1,3,1.0238669639648919,0.002,3.002,123.74962493136363,0.02117612497929763,25.487980751003672,0.9999995109977585,0
..\..\..\files\weather\hourly\Spresiano.csv,9/12/2024 12:00:00 AM,24.93,16.64,53.8,17,99.89,59.46,0,0,10.785,11.89022,1587.9529,58.813072,88.0331,88,2.4172592,1,1,1,0,1,0,0,1,43,23,40,16,15,31,14,22,0.8483142137255486,0,138.56109554491155,-293.9112221547815,2.7446575373793807E-11,0.9999999999530391,1,3,1.0241449241621439,0.002,3.002,127.53792631449937,0.021834232087546427,25.68037565344132,0.9999995687304801,0
..\..\..\files\weather\hourly\Spresiano.csv,9/13/2024 12:00:00 AM,20.35,13.17,26,23,99.95,66.97,0,0,6.76,9.912885,1597.8657,59.180214,88.037415,88,2.4064636,1,1,1,0,1,0,1,1,44,24,41,16,16,31,15,23,-1.0635396633048881,0,137.49755588160667,-293.9112221547815,1.1541012385349954E-11,0.9999999999804857,0.7580166086770882,3,0,0,0,131.4231121685444,0.018884481429118423,25.856436479449293,0.9999996155685326,0
..\..\..\files\weather\hourly\Spresiano.csv,9/14/2024 12:00:00 AM,17.97,11.61,0.6,0,99.98,53.82,0,0,4.789999,7.9916945,1605.8574,59.476204,88.04089,88,2.397766,1,0,0,0,0,0,0,0,45,24,41,16,16,31,15,23,0.6846415612755058,0,138.18219744288217,-293.9112221547815,4.770057389927533E-12,0.9999999999920267,0.7387543823171168,3,0,0,0,133.83483907550584,0.004798886415227827,25.903991139945273,0.999999627322905,0
..\..\..\files\weather\hourly\Spresiano.csv,9/15/2024 12:00:00 AM,20.29,10.73,0,0,99.96,50.61,0,0,5.51,8.77046,1614.6279,59.801037,88.044716,88,2.3882103,0,0,0,0,0,0,0,0,45,24,41,16,16,31,15,23,0.6030115361504558,0,138.78520897903263,-293.9112221547815,1.9378816693129386E-12,0.9999999999967968,0.3047788811896562,0.12339360574051833,1.0139532735119374,0,0.30903154427955776,133.83483907550584,0.007542670240010086,25.947424489509206,0.9999996377442785,0
..\..\..\files\weather\hourly\Spresiano.csv,9/16/2024 12:00:00 AM,18.78,9.93,0.6,4,99.93,60.53,0,-0.06972313,4.355277,7.476886,1622.1049,60.07796,88.04797,88,2.380066,0,0,0,1,0,0,0,0,45,24,41,17,16,31,15,23,0.17647765644500868,0,138.96168663547763,-293.9112221547815,7.738465639739173E-13,0.9999999999987347,0.7256141275786577,0.201298902903533,1.0664870074446142,0,0.7738580394808972,134.33125231312414,0.009292315984198142,26.02652576482376,0.999999655980875,0
..\..\..\files\weather\hourly\Spresiano.csv,9/17/2024 12:00:00 AM,21.24,11.08,2.2,0,99.97,43.86,0,0,6.16,9.397129,1631.502,60.425995,88.05207,88,2.3698235,0,0,0,1,0,0,0,0,45,24,41,18,16,31,15,23,1.0348453349541837,0,139.99653197043182,-293.9112221547815,3.037430963876149E-13,0.9999999999995085,0.7730333886324735,1.1023595145632192,1.0204713130535978,0,0.9968235356271156,134.959159118497,0.006065076942778517,26.078734395296305,0.9999996675115835,0
..\..\..\files\weather\hourly\Spresiano.csv,9/18/2024 12:00:00 AM,21.53,12.81,0.6,8,99.78,40.41,0,0,7.17,10.231326,1641.7333,60.80493,88.056526,88,2.3586845,0,0,0,1,0,0,0,0,45,24,41,19,16,31,15,23,1.2222125084811675,0,141.21874447891298,-293.9112221547815,1.1718767192643476E-13,0.9999999999998123,0.6948145103397314,1.2994960916463407,0,0,0,136.55977957570184,0.009073319499376639,26.124177344964597,0.9999996772329742,0
..\..\..\files\weather\hourly\Spresiano.csv,9/19/2024 12:00:00 AM,21.91,10.43,0,0,99.97,47.97,0,0,6.17,9.406216,1651.1395,61.153316,88.06063,88,2.348423,0,0,0,0,0,0,0,0,45,24,41,19,16,31,15,23,1.07771060249173,0,142.2964550814047,-293.9112221547815,4.444075112461068E-14,0.9999999999999295,0.7567493298555071,0.04555995657963896,1.0252283112527039,0,0.7758408374893769,136.55977957570184,0.0065316295609046185,26.17122999104289,0.9999996869993061,0
..\..\..\files\weather\hourly\Spresiano.csv,9/20/2024 12:00:00 AM,23.15,13.55,0.4,0,97.51,50.91,0,0,8.35,10.996953,1662.1365,61.56061,88.06542,88,2.3364449,0,0,0,1,0,0,0,0,45,24,41,20,16,31,15,23,1.033480530154242,0,143.32993561155894,-293.9112221547815,1.6565509891178323E-14,0.9999999999999739,1,0.08446782515981173,0,0,0,136.63424740086165,0.009116639066833588,26.23861074632313,0.9999997004726354,0
..\..\..\files\weather\hourly\Spresiano.csv,9/21/2024 12:00:00 AM,23.58,14.61,0.4,0,97.3,45.13,0,0,9.094999,11.367186,1673.5037,61.981617,88.07037,88,2.3240662,0,0,0,1,0,0,0,0,45,24,41,21,16,31,15,23,1.0546274462988092,0,144.38456305785775,0,5.29521598134914E-28,0.9999999999999905,0.8935431649870118,0.12339360574051833,1.0673908604241547,0,0.953759807701609,136.74764100660218,0.008860287356462113,26.300471088478552,0.9999997123308648,0
..\..\..\files\weather\hourly\Spresiano.csv,9/22/2024 12:00:00 AM,25.36,13.44,0,0,98.98,37.99,0,0,9.4,11.49389,1684.9976,62.407314,88.07538,88,2.311554,0,0,0,0,0,0,0,0,45,24,41,21,16,31,15,23,1.5905802095911967,0,145.97514326744894,0,0,0,0.7643162823486487,0.08446782515981173,1.03937107517838,0,0.7944082361610573,136.74764100660218,0.009986166516355477,26.382841279744817,0.9999997273951649,0
..\..\..\files\weather\hourly\Spresiano.csv,9/23/2024 12:00:00 AM,25.01,13.34,0.2,0,99.97,39.51,0,0,9.174999,11.40181,1696.3994,62.82961,88.080345,88,2.299137,0,0,0,0,0,0,0,0,45,24,41,21,16,31,15,23,1.5120003748307074,0,147.48714364227965,0,0,0,0.7516561087007533,0.04555995657963896,1.01576836419585,0,0.7635084959727821,136.78320096318183,0.010480391287628397,26.465219079055093,0.9999997416718799,0
..\..\..\files\weather\hourly\Spresiano.csv,9/24/2024 12:00:00 AM,21.49,11.55,57.8,14,99.97,65.7,0,0,6.5200005,9.713724,1706.1132,63.189377,88.08458,88,2.2885513,1,1,1,1,0,0,1,0,46,25,42,22,16,31,16,23,0.497449867140564,0,147.98459350942022,-7.675000092387199,0,0,0.9181313387937766,3,1.0238669639648919,0.002,2.7562302790589173,140.50155142099143,0.013151802950593091,26.557353470934864,0.9999997567555731,0
..\..\..\files\weather\hourly\Spresiano.csv,9/25/2024 12:00:00 AM,21.72,14.19,10,14,99.92,68.41,0,0,7.955,10.765341,1716.8785,63.588097,88.08927,88,2.2768211,1,1,1,1,0,0,1,0,47,26,43,23,16,31,17,23,0.5064653175434993,0,148.49105882696372,-33.367931986970724,0,0,0.8709970126584092,3,1.0238669639648919,0,0.8917850669730559,144.38755142099143,0.016596470972321933,26.679872053515833,0.9999997754581318,0
..\..\..\files\weather\hourly\Spresiano.csv,9/26/2024 12:00:00 AM,23.63,11.61,1,9,99.92,50.52,0,0,7.619999,10.549519,1727.4281,63.97882,88.09387,88,2.2653198,0,0,0,1,0,0,0,0,47,26,43,24,16,31,17,23,1.0263185213198243,0,149.51737734828356,-33.367931986970724,0,0,0.9966511399039906,1.457527729823633,1.017259592707667,0,1.0138529326503656,146.17023000343616,0.016631713933684684,26.780806289732045,0.9999997897805183,0
..\..\..\files\weather\hourly\Spresiano.csv,9/27/2024 12:00:00 AM,19.86,15.18,0.6,1,99.96,93.07,0,0,7.5200005,10.481623,1737.9097,64.36703,88.098434,88,2.2539139,0,0,0,1,0,0,0,0,47,26,43,25,16,31,17,23,-0.8637505268829269,0,148.65362682140062,-40.24293208233816,0,0,1,0.27927584806868294,1.0154677268837062,0,1.0154677268837062,147.20533066786345,0.017195516349363515,27.032201231007186,0.9999998216065944,0
..\..\..\files\weather\hourly\Spresiano.csv,9/28/2024 12:00:00 AM,25.21,16.94,24.4,15,99.9,68.68,0,0,11.075001,11.936455,1749.8461,64.80911,88.10364,88,2.2409058,1,1,1,1,0,0,0,1,48,27,44,26,16,31,17,24,0.3848216502970602,0,149.03844847169768,-47.51793215386373,0,0,1,3,1.02442210222533,0,1.02442210222533,150.79851206479896,0.021228469389887736,27.275734299494133,0.9999998478351954,0
..\..\..\files\weather\hourly\Spresiano.csv,9/29/2024 12:00:00 AM,22.82,11.3,0.2,8,99.98,50.6,0,0,7.0599995,10.148574,1759.9946,65.18499,88.108055,88,2.2298622,1,0,0,0,0,0,0,0,49,27,44,26,16,31,17,24,0.739630260461922,0,149.7780787321596,-49.81086442991699,0,0,0.4210601403894717,0.08446782515981173,1.0341257707146738,0,0.4354291421974912,152.33483723272886,0.012718169697135406,27.378507855185354,0.9999998577120178,0
..\..\..\files\weather\hourly\Spresiano.csv,9/30/2024 12:00:00 AM,20.94,9.9,0.4,0,99.92,41.46,0,-0.099547386,5.420453,8.678028,1768.6726,65.50639,88.11184,88,2.2204018,0,0,0,1,0,0,0,0,49,27,44,27,16,31,17,24,1.249271810350508,0,151.0273505425101,-57.48586452230419,0,0,0.8699839177569364,0.08446782515981173,0,0,0,152.4263462077088,0.005277799303392242,27.42437317251607,0.9999998619103658,0
..\..\..\files\weather\hourly\Spresiano.csv,10/1/2024 12:00:00 AM,19.49,11.06,0,1,99.92,46.43,0,0,5.2749996,8.526179,1777.1987,65.82218,88.115555,88,2.211113,0,0,0,0,0,0,0,0,49,27,44,27,16,31,17,24,0,0,0,-64.96086461171116,0,0,0.4783244392312507,0.08446782515981173,1.0224658615724636,0,0.4890704098697462,152.4263462077088,0.005489734350881336,27.451300667540533,0.999999864317263,0
..\..\..\files\weather\hourly\Spresiano.csv,10/2/2024 12:00:00 AM,16.91,11.4,1.8000001,7,99.98,78.94,0,0,4.1549997,7.228716,1784.4275,66.089905,88.118706,88,2.2032356,0,0,0,1,0,0,0,0,49,27,44,28,16,31,17,24,0,0,0,-64.96086461171116,0,0,0.7960829684742449,0.43544468240538864,1.0230286046781742,0.002,0.8144156484462657,153.2807415972262,0.008612341954173581,27.567444259778217,0.9999998742271398,0
..\..\..\files\weather\hourly\Spresiano.csv,10/3/2024 12:00:00 AM,16.86,13.63,13,24,99.82,99.6,0,0,5.245001,8.49431,1792.9218,66.40451,88.122406,88,2.193985,1,0,1,0,0,0,1,1,50,27,45,28,16,31,18,25,0,0,0,-65.1636446633776,0,0,0.829506530692475,3,1.0181448573699612,0,0.8445578083793414,157.0170827389237,0.00851146489650983,27.709022205018915,0.9999998853335831,0
..\..\..\files\weather\hourly\Spresiano.csv,10/4/2024 12:00:00 AM,14.05,10.79,44.8,22,99.97,93.89,0,0,2.42,4.7542896,1797.676,66.5806,88.12448,88,2.188797,1,0,1,0,1,0,1,0,51,27,46,28,17,31,19,25,0,0,0,-65.1636446633776,0,0,0.31548369260848413,3,1.0210449994745048,0.002,0.9470820452106693,159.3155094594623,0.00463111982298711,27.797372626591866,0.9999998917617984,0
..\..\..\files\weather\hourly\Spresiano.csv,10/5/2024 12:00:00 AM,13.69,10.62,16.4,22,99.95,85.84,0,0,2.1549997,4.321746,1801.9978,66.74066,88.12636,88,2.184105,1,0,1,0,1,0,1,0,52,27,47,28,18,31,20,25,0,0,0,-93.19273325191514,0,0,0.5104518209605039,3,0.7595507031088076,0,0.3877140395137219,161.17946849361448,0.004318933720749272,27.872036254418667,0.9999998969124092,0
..\..\..\files\weather\hourly\Spresiano.csv,10/6/2024 12:00:00 AM,18.16,11.03,1,0,99.97,50.44,0,0,4.5949993,7.76511,1809.763,67.02825,88.129745,88,2.1756363,1,0,0,0,1,0,0,0,53,27,47,28,19,31,20,25,0,0,0,-93.19273325191514,0,0,0.3924007430434518,2.973122523975611,1.0145613535498725,0,0.3981146289961402,163.19966781172448,0.005501201530539894,27.932551337642284,0.9999999009066163,0
..\..\..\files\weather\hourly\Spresiano.csv,10/7/2024 12:00:00 AM,19.29,7.85,0,7,99.95,48.7,0,-1.947968,3.7720327,6.460232,1816.2231,67.267525,88.13256,88,2.1685982,0,0,0,0,0,0,0,0,53,27,47,28,19,31,20,25,0,0,0,-97.7809685086338,0,0,0,0.04555995657963896,1.0221832097640515,0,0,163.19966781172448,0.004975051174491326,27.973904313076602,0.9999999035466778,0
..\..\..\files\weather\hourly\Spresiano.csv,10/8/2024 12:00:00 AM,17.66,7.8,2,10,99.79,66.88,0,-1.9545631,2.9754362,5.240858,1821.464,67.461624,88.13484,88,2.1628952,0,0,0,0,0,0,0,0,53,27,47,28,19,31,20,25,0,0,0,-97.7809685086338,0,0,0.8124869439272028,0.4745316768166492,1.021899775821602,0.002,0.830280225857187,163.19966781172448,0.006117655628829422,28.038605387268404,0.9999999075369242,0
..\..\..\files\weather\hourly\Spresiano.csv,10/9/2024 12:00:00 AM,18.88,13.68,29.2,24,99.8,99.6,0,0,6.279999,9.505053,1830.969,67.81367,88.138985,88,2.1525383,1,0,1,0,0,0,1,1,54,27,48,28,19,31,21,26,0,0,0,-101.36920376535247,0,0,1,3,1.0227475165413011,0,1.0227475165413011,167.19966781172448,0.01382370876830757,28.228185156273167,0.9999999183032844,0
..\..\..\files\weather\hourly\Spresiano.csv,10/10/2024 12:00:00 AM,18.83,15.21,3,20,99.93,80.96,0,0,7.0200005,10.117997,1841.087,68.18841,88.143394,88,2.1415138,1,0,1,0,0,0,0,1,55,27,49,28,19,31,21,27,0,0,0,-113.98374939476528,0,0,0.9666025709705,3,1.0241449241621439,0,0.989941116741516,171.19966781172448,0.013661499834667275,28.415635298091928,0.9999999277155621,0
..\..\..\files\weather\hourly\Spresiano.csv,10/11/2024 12:00:00 AM,18.83,13.25,8.6,24,99.97,99.51,0,0,6.040001,9.2868,1850.3738,68.53236,88.14744,88,2.1314049,1,0,1,0,1,0,1,1,56,27,50,28,20,31,22,28,0,0,0,-108.58652989942703,0,0,0.7400553649406565,2.1323597191576216,1.0136479445886337,0,0.7501555995538877,174.41175985209156,0.013661499834667275,28.607026697503603,0.999999936207841,0
..\..\..\files\weather\hourly\Spresiano.csv,10/12/2024 12:00:00 AM,22.12,9.88,0.2,7,99.94,41.27,0,-0.11941099,6.000589,9.249487,1859.6233,68.87494,88.15147,88,2.121334,0,0,0,0,0,0,0,0,56,27,50,28,20,31,22,28,0,0,0,-108.58652989942703,0,0,0.46402183868696933,1.6951126605437765,0.8379846751519366,0,0.38884318975550436,175.96243170001665,0.0048858888457562625,28.65686995786743,0.9999999382507003,0
..\..\..\files\weather\hourly\Spresiano.csv,10/13/2024 12:00:00 AM,20.4,9.21,0.2,2,99.99,45.52,0,-0.76211405,4.832886,8.008846,1867.6321,69.17156,88.15496,88,2.1125984,0,0,0,0,0,0,0,0,56,27,50,28,20,31,22,28,0,0,0,-113.97476515316546,0,0,0.6672032463547206,0.04555995657963896,1.0139532735119374,0,0.6765129157391606,176.01247947548282,0.00654604729326378,28.711547336733773,0.9999999404165228,0
..\..\..\files\weather\hourly\Spresiano.csv,10/14/2024 12:00:00 AM,19.6,11.72,1,7,99.94,60.06,0,0,5.66,8.9214325,1876.5535,69.501976,88.158844,88,2.10289,0,0,0,0,0,0,0,0,56,27,50,28,20,31,22,28,0,0,0,-119.3630004069039,0,0,0.5990696246158228,0.24027841948584105,1.0154677268837062,0,0.6083358699537048,176.49131751757884,0.008084090623731815,28.78075756290657,0.9999999430494111,0
..\..\..\files\weather\hourly\Spresiano.csv,10/15/2024 12:00:00 AM,20.97,10.97,0.2,11,99.93,56.87,0,0,5.9699993,9.221325,1885.7748,69.84351,88.162865,88,2.0928383,0,0,0,0,0,0,0,0,56,27,50,28,20,31,22,28,0,0,0,-123.95123566362255,0,0,0.3941917551689598,0.24027841948584105,1.0187310507775464,0,0.4015753809511198,177.11504007155344,0.008046543759957172,28.85092429487082,0.9999999455999454,0
..\..\..\files\weather\hourly\Spresiano.csv,10/16/2024 12:00:00 AM,19.92,10.7,0,13,99.88,62.46,0,0,5.3099995,8.563165,1894.3379,70.16066,88.166595,88,2.0835114,0,0,0,0,0,0,0,0,56,27,50,28,20,31,22,28,0,0,0,-129.33947091736098,0,0,0.7256141275786577,0.04555995657963896,1.0163672924179679,0,0.7374904661873463,177.8243941101928,0.00849145805038692,28.91998713822436,0.9999999479987831,0
..\..\..\files\weather\hourly\Spresiano.csv,10/17/2024 12:00:00 AM,18.36,12.73,3.6000001,12,99.97,67.96,0,0,5.545,8.80603,1903.1439,70.48682,88.17043,88,2.0739174,0,0,1,0,0,0,0,0,56,27,51,28,20,31,22,28,0,0,0,-129.33947091736098,0,0,0.8586620166623324,0.7094297545151755,1.02075843759242,0,0.8764864985481989,179.1556471197118,0.007456851697518333,28.997100965323007,0.9999999505524856,0
..\..\..\files\weather\hourly\Spresiano.csv,10/18/2024 12:00:00 AM,18.43,14.13,9.6,16,99.95,87.22,0,0,6.2800007,9.5050535,1912.6489,70.83885,88.174576,88,2.0635605,0,0,1,0,0,0,1,0,56,27,52,28,20,31,23,28,0,0,0,-124.34225127897159,0,0,1,2.8123682295060677,1.019314339898088,0.002,2.934907094343895,182.71160812259208,0.012415812177418883,29.169074638247597,0.9999999558049414,0
..\..\..\files\weather\hourly\Spresiano.csv,10/19/2024 12:00:00 AM,16.7,15.21,42.8,24,99.85,99.61,0,0,5.955,9.207189,1921.8561,71.179855,88.17859,88,2.0535278,1,0,1,0,0,0,1,1,57,27,53,28,20,31,24,29,0,0,0,-124.34225127897159,0,0,0.9693349856389659,3,1.0235884345497652,0,0.9922000805045083,186.69928311329562,0.008198027468244658,29.33853322524423,0.9999999604345393,0
..\..\..\files\weather\hourly\Spresiano.csv,10/20/2024 12:00:00 AM,20.38,14.81,15.2,18,99.96,69.36,0,0,7.5949993,10.532694,1932.3888,71.569954,88.183174,88,2.0420647,1,0,1,0,1,0,1,1,58,27,54,28,21,31,25,30,0,0,0,-149.171340058244,0,0,0.9119545297882949,3,1.0139532735119374,0.002,2.737687498424461,190.69928311329562,0.018983954336775355,29.50131792247943,0.9999999644244669,0
..\..\..\files\weather\hourly\Spresiano.csv,10/21/2024 12:00:00 AM,22.46,12.42,0.2,11,99.96,47.58,0,0,7.4399986,10.426148,1942.815,71.95611,88.18772,88,2.0306969,1,0,0,0,1,0,0,0,59,27,54,28,22,31,25,30,0,0,0,-149.171340058244,0,0,0.6061048245037524,3,1.0204713130535978,0,0.6185125861094647,194.26128311329563,0.008451612669301395,29.595785044329322,0.999999966552699,0
..\..\..\files\weather\hourly\Spresiano.csv,10/22/2024 12:00:00 AM,23.05,10.48,0.2,14,99.85,52.05,0,0,6.7649994,9.916933,1952.7319,72.3234,88.19204,88,2.0199013,0,0,0,0,0,0,0,0,59,27,54,28,22,31,25,30,0,0,0,-154.55957531198243,0,0,0.8963763932584932,0.04555995657963896,1.0213307792225308,0,0.9154968002033785,195.06807227435152,0.01063371269321276,29.664100806217355,0.9999999680119976,0
..\..\..\files\weather\hourly\Spresiano.csv,10/23/2024 12:00:00 AM,22.82,12.08,0.2,14,99.92,56.16,0,0,7.450001,10.43314,1963.165,72.709816,88.19659,88,2.0085335,0,0,0,0,0,0,0,0,59,27,54,28,22,31,25,30,0,0,0,-159.94781056572086,0,0,0.8147896022265003,0.04555995657963896,1.0221832097640515,0,0.8328642508862589,195.9721122059978,0.012237427621131681,29.758629117888628,0.9999999699268147,0
..\..\..\files\weather\hourly\Spresiano.csv,10/24/2024 12:00:00 AM,17.42,14.36,32.2,24,99.97,99.63,0,0,5.8899994,9.145488,1972.3105,73.04854,88.20057,88,1.9985771,1,0,1,0,0,0,1,1,60,27,55,28,22,31,26,31,0,0,0,-165.3360458194593,0,0,0.9382385195256603,3,1.0221832097640515,0.002,2.816592035616032,199.87332609427887,0.009725230915813197,29.91522472710968,0.9999999728500016,0
..\..\..\files\weather\hourly\Spresiano.csv,10/25/2024 12:00:00 AM,17.74,13.46,4.6,13,99.91,73.33,0,0,5.6000004,8.861505,1981.172,73.37674,88.20443,88,1.9889259,1,0,1,0,1,0,0,0,61,27,56,28,23,31,26,31,0,0,0,-180.9505914488721,0,0,0.7668191715999855,3,1.0491687681008486,0,0.80452272562367,203.4428676760127,0.010505781980703262,30.05316177070395,0.9999999751885783,0
..\..\..\files\weather\hourly\Spresiano.csv,10/26/2024 12:00:00 AM,20.04,13.7,0.8,3,99.97,64.58,0,0,0,0,0,0,0,0,0,0,0,0,0,0,0,0,0,0,0,0,0,0,0,0,0,0,0,0,-181.9388268009582,0,0,0.958113307909658,0.7878723853822439,1.0213307792225308,0,0.9785506113508475,204.35925436655208,0.008923576586578339,0,0.9999999766741766,0
..\..\..\files\weather\hourly\Spresiano.csv,10/27/2024 12:00:00 AM,18.12,14.65,10.2,21,99.97,99.55,0,0,0,0,0,0,0,0,0,1,0,1,0,0,0,1,1,1,0,1,0,0,0,1,1,0,0,0,-180.34160672149443,0,0,0.8973151394005505,2.172216870297396,1.0213307792225308,0,0.9164555705321381,207.52127277995552,0.011519147076554704,0.17406540283592742,0.0006221546568578772,0
..\..\..\files\weather\hourly\Spresiano.csv,10/28/2024 12:00:00 AM,20.76,13.33,0.2,16,99.93,72.24,0,0,0,0,0,0,0,0,0,0,0,0,0,0,0,0,0,0,0,0,0,0,0,0,0,0,0,0,-180.34160672149443,0,0,0.9476611339702352,0.8663866671296242,1.0233089106810027,0,0.9697500826978052,209.38765944708516,0.018344167826113613,0.31302144007609517,0.0011803375894942714,0
..\..\..\files\weather\hourly\Spresiano.csv,10/29/2024 12:00:00 AM,20.86,12.48,0.2,15,99.91,71.6,0,0,0,0,0,0,0,0,0,0,0,0,0,0,0,0,0,0,0,0,0,0,0,0,0,0,0,0,-185.72984197523286,0,0,0.6166390401057686,0.04555995657963896,1.0233089106810027,0,0.6310122244140133,210.42597557772987,0.017895651117068395,0.4473181748265158,0.002078940169381004,0
..\..\..\files\weather\hourly\Spresiano.csv,10/30/2024 12:00:00 AM,22.51,11.84,0.2,9,99.93,49.67,0,0,0,0,0,0,0,0,0,0,0,0,0,0,0,0,0,0,0,0,0,0,0,0,0,0,0,0,-191.1180772289713,0,0,0.7730333886324735,0.08446782515981173,0.7389067485388843,0,0.5711995877064167,210.86548729136774,0.008372595271935679,0.5234006697439049,0.00280440407204797,0
..\..\..\files\weather\hourly\Spresiano.csv,10/31/2024 12:00:00 AM,24.89,12.77,0,0,93.97,37.9,0,0,0,0,0,0,0,0,0,0,0,0,0,0,0,0,0,0,0,0,0,0,0,0,0,0,0,0,-196.50631248270972,0,0,0.6672032463547206,0.00667,0.23554038282032508,0,0.15715330806535455,210.86548729136774,0.007456851697518333,0.5925640577637666,0.0036353094328428447,0
..\..\..\files\weather\hourly\Spresiano.csv,11/1/2024 12:00:00 AM,23.55,10.41,0,1,98.98,38.97,0,0,0,0,0,0,0,0,0,0,0,0,0,0,0,0,0,0,0,0,0,0,0,0,0,0,0,0,-196.50631248270972,0,0,0.2478806066651375,0.00667,1.0689254808678186,0,0.2649658966773387,210.86548729136774,0.00571320684330674,0.6459776036268243,0.004407178236764697,0
..\..\..\files\weather\hourly\Spresiano.csv,11/2/2024 12:00:00 AM,21.51,9.29,0.2,12,99.9,48.73,-0.6893735,-0.6893735,0,0,0,0,0,0,0,0,0,0,0,0,0,0,0,0,0,0,0,0,0,0,0,0,0,0,-196.50631248270972,0,0,0.2407959282201605,0.04555995657963896,1.021899775821602,0,0.24606930506693656,211.3412794771953,0.004686138115733575,0.6909443243424145,0.005156203190255414,0
..\..\..\files\weather\hourly\Spresiano.csv,11/3/2024 12:00:00 AM,21.24,8.53,0.4,14,99.98,51.96,-2.0743666,-1.3849931,0,0,0,0,0,0,0,0,0,0,0,0,0,0,0,0,0,0,0,0,0,0,0,0,0,0,-207.80875151342386,0,0,0.46759869036739266,0.08446782515981173,0,0,0,211.3412794771953,0.004713983764138856,0.7392824737792425,0.00607312396962691,0
..\..\..\files\weather\hourly\Spresiano.csv,11/4/2024 12:00:00 AM,18.33,6.6,0,5,99.92,48.55,-4.981613,-2.9072466,0,0,0,0,0,0,0,0,0,0,0,0,0,0,0,0,0,0,0,0,0,0,0,0,0,0,-218.91119054115777,0,0,0,0.04555995657963896,1.0233089106810027,0,0,211.3412794771953,0.0036492772988325228,0.7759601448556372,0.006852828668154123,0
..\..\..\files\weather\hourly\Spresiano.csv,11/5/2024 12:00:00 AM,19.74,4.59,0.4,14,99.94,46.87,-9.425669,-4.444056,0,0,0,0,0,0,0,0,0,0,0,0,0,0,0,0,0,0,0,0,0,0,0,0,0,-32.605651962092274,-218.91119054115777,0,0,0,0.08446782515981173,0.22750917201522114,0,0,211.3412794771953,0.0033132887094219398,0.8059006144801638,0.0075469265433671965,0
..\..\..\files\weather\hourly\Spresiano.csv,11/6/2024 12:00:00 AM,18.55,7.17,0,0,96.26,38.45,-11.903784,-2.478115,0,0,0,0,0,0,0,0,0,0,0,0,0,0,0,0,0,0,0,0,0,0,0,0,0,-32.605651962092274,-230.01362956889167,0,0,0,0.04555995657963896,0.8469969459267794,0,0,211.3412794771953,0.002409611845266294,0.8354431651452047,0.00828549185717471,0
..\..\..\files\weather\hourly\Spresiano.csv,11/7/2024 12:00:00 AM,17.88,6.58,0,0,94.79,40.5,-14.806244,-2.90246,0,0,0,0,0,0,0,0,0,0,0,0,0,0,0,0,0,0,0,0,0,0,0,0,0,-32.605651962092274,-230.01362956889167,0,0,0,0.00667,0.8143650858690243,0,0,211.3412794771953,0.002713409026053167,0.8654884941385171,0.009094147937683851,0
..\..\..\files\weather\hourly\Spresiano.csv,11/8/2024 12:00:00 AM,16.54,3.31,0.2,7,99.88,51.48,-19.804781,-4.9985375,0,0,0,0,0,0,0,0,0,0,0,0,0,0,0,0,0,0,0,0,0,0,0,0,0,-32.605651962092274,-230.01362956889167,0,0,0,0.04555995657963896,1.0230286046781742,0,0,211.3412794771953,0.0043689108305299505,0.8948684848923999,0.009943749410247853,0
..\..\..\files\weather\hourly\Spresiano.csv,11/9/2024 12:00:00 AM,16.42,3.63,0.2,13,99.95,51.41,-24.588505,-4.783725,0,0,0,0,0,0,0,0,0,0,0,0,0,0,0,0,0,0,0,0,0,0,0,0,0,-32.605651962092274,-241.3160685996058,0,0,0,0.08446782515981173,1.071944998626904,0,0,211.3412794771953,0.003636238294535191,0.9252276966250339,0.01088571503458064,0
..\..\..\files\weather\hourly\Spresiano.csv,11/10/2024 12:00:00 AM,16.57,5.06,0.2,7,99.99,44.24,-28.468401,-3.8798957,0,0,0,0,0,0,0,0,0,0,0,0,0,0,0,0,0,0,0,0,0,0,0,0,0,-32.605651962092274,-252.61850763031995,0,0,0,0.04555995657963896,0.748954810138823,0,0,211.3412794771953,0.0023112159199568665,0.9524436053270595,0.011787934713240652,0
..\..\..\files\weather\hourly\Spresiano.csv,11/11/2024 12:00:00 AM,18.53,4,0,0,94.34,27.65,-33.229584,-4.7611837,0,0,0,0,0,0,0,0,0,0,0,0,0,0,0,0,0,0,0,0,0,0,0,0,0,-32.605651962092274,-263.9209466610341,0,0,0,0.04555995657963896,0,0,0,211.3412794771953,0.0019869319250847227,0.9757534929018296,0.012605810414579316,0
..\..\..\files\weather\hourly\Spresiano.csv,11/12/2024 12:00:00 AM,13.92,2.91,0,0,88.43,39.67,-38.036747,-4.807162,0,0,0,0,0,0,0,0,0,0,0,0,0,0,0,0,0,0,0,0,0,0,0,0,0,-32.605651962092274,-263.9209466610341,0,0,0,0.00667,0,0,0,211.3412794771953,0.0015921626279597942,0.9959372517853418,0.013348761801923237,0
..\..\..\files\weather\hourly\Spresiano.csv,11/13/2024 12:00:00 AM,13.25,1.2,0,4,99.98,38.39,-43.623466,-5.5867214,0,0,0,0,0,0,0,0,0,0,0,0,0,0,0,0,0,0,0,0,0,0,0,0,0,-32.605651962092274,-263.9209466610341,0,0,0,0.00667,1.0729730226728762,0,0,211.3412794771953,0.001666007678251997,1.01317730029615,0.014009607238505278,0
..\..\..\files\weather\hourly\Spresiano.csv,11/14/2024 12:00:00 AM,12.48,-0.4,0.2,6,99.98,42.02,-49.908436,-6.2849684,0,0,0,0,0,0,0,0,0,0,0,0,0,0,0,0,0,0,0,0,0,0,0,0,0,-32.605651962092274,-263.9209466610341,0,0,0,0.04555995657963896,0,0,0,211.3412794771953,0.0016162369399546053,1.0303382303162996,0.014692013658072352,0
..\..\..\files\weather\hourly\Spresiano.csv,11/15/2024 12:00:00 AM,10.99,0.04,0,4,99.97,44.46,-55.338684,-5.4302464,0,0,0,0,0,0,0,0,0,0,0,0,0,0,0,0,0,0,0,0,0,0,0,0,0,-65.21130392418455,-275.22338569174826,0,0,0,0.04555995657963896,1.015166537651254,0,0,211.3412794771953,0.0015082355373561432,1.0484830998714538,0.015440831683133833,0
..\..\..\files\weather\hourly\Spresiano.csv,11/16/2024 12:00:00 AM,12.7,0,0.6,9,99.98,40.93,-61.401676,-6.062992,0,0,0,0,0,0,0,0,0,0,0,0,0,0,0,0,0,0,0,0,0,0,0,0,0,-65.21130392418455,-275.22338569174826,0,0,0,0.12339360574051833,1.0695636435371085,0,0,211.3412794771953,0.0016681298508835255,1.0650831391979714,0.01615099003078424,0
..\..\..\files\weather\hourly\Spresiano.csv,11/17/2024 12:00:00 AM,13.24,1.03,0,5,99.98,41.35,-67.0768,-5.6751223,0,0,0,0,0,0,0,0,0,0,0,0,0,0,0,0,0,0,0,0,0,0,0,0,0,-65.21130392418455,-286.1258247016008,0,0,0,0.12339360574051833,1.063643941137542,0,0,211.3412794771953,0.0015155943818364731,1.0815891628272956,0.016881391713347065,0
..\..\..\files\weather\hourly\Spresiano.csv,11/18/2024 12:00:00 AM,11.68,-1.09,0.4,15,99.95,56.52,-72.528824,-5.4520283,0,0,0,0,0,0,0,0,0,0,0,0,0,0,0,0,0,0,0,0,0,0,0,0,0,-65.21130392418455,-286.1258247016008,0,0,0,0.08446782515981173,1.014257820301168,0,0,211.3412794771953,0.0017314282947184332,1.0956516049970566,0.017523104498060205,0
..\..\..\files\weather\hourly\Spresiano.csv,11/19/2024 12:00:00 AM,13.57,3.15,0,8,99.94,48.6,-77.127266,-4.59844,0,0,0,0,0,0,0,0,0,0,0,0,0,0,0,0,0,0,0,0,0,0,0,0,0,-65.21130392418455,-297.2282637293347,0,0,0,0.08446782515981173,0.8244478766405159,0,0,211.3412794771953,0.0023880255394017756,1.1199971212587188,0.01867723917318517,0
..\..\..\files\weather\hourly\Spresiano.csv,11/20/2024 12:00:00 AM,12.9,4.92,0,0,99.99,63.1,-80.590324,-3.4630575,0,0,0,0,0,0,0,0,0,0,0,0,0,0,0,0,0,0,0,0,0,0,0,0,0,-65.21130392418455,-297.2282637293347,0,0,0,0.00667,0.9585495477354513,0,0,211.3412794771953,0.003148202834356104,1.1649868336824862,0.020958480625934712,0
..\..\..\files\weather\hourly\Spresiano.csv,11/21/2024 12:00:00 AM,11.8,-0.32,0.2,0,99.96,10.87,-86.468216,-5.8778877,0,0,0,0,0,0,0,0,0,0,0,0,0,0,0,0,0,0,0,0,0,0,0,0,0,-65.21130392418455,-297.2282637293347,0,0,0,0.04555995657963896,0,0,0,211.3412794771953,0.002796782233337224,1.198253029489796,0.02277358474008425,0
..\..\..\files\weather\hourly\Spresiano.csv,11/22/2024 12:00:00 AM,8.79,-1.8,7.6,3,99.95,36.88,-90.11619,-3.6479745,0,0,0,0,0,0,0,0,0,0,0,0,0,0,0,0,0,0,0,0,0,0,0,0,0,-65.21130392418455,-308.5307027600488,0,0,0,1.9333423672565615,1.014257820301168,0.002,0,211.3412794771953,0.0013400534745380004,1.2080286147237262,0.023328309504955253,0
..\..\..\files\weather\hourly\Spresiano.csv,11/23/2024 12:00:00 AM,9.59,-1.64,1.6,15,99.96,64.81,-94.21094,-4.0947504,0,0,0,0,0,0,0,0,0,0,0,0,0,0,0,0,0,0,0,0,0,0,0,0,0,-65.21130392418455,-312.43314188911063,0,0,0,2.611828357491571,0.5048235000000005,0,0,211.3412794771953,0.0021867036754992597,1.2354027905729446,0.0249343871556184,0
..\..\..\files\weather\hourly\Spresiano.csv,11/24/2024 12:00:00 AM,8.93,-1.68,0,0,97.11,46.75,-97.96894,-3.7580066,0,0,0,0,0,0,0,0,0,0,0,0,0,0,0,0,0,0,0,0,0,0,0,0,0,-65.21130392418455,-322.33558089896314,0,0,0,0.04555995657963896,0.940973444393638,0,0,211.3412794771953,0.0015285993530389274,1.2482722606973815,0.025716695964461068,0
..\..\..\files\weather\hourly\Spresiano.csv,11/25/2024 12:00:00 AM,10.77,0.77,0,0,87.94,35.36,-102.93929,-4.9703555,0,0,0,0,0,0,0,0,0,0,0,0,0,0,0,0,0,0,0,0,0,0,0,0,0,-82.76791618190886,-322.33558089896314,0,0,0,0.00667,0,0,0,211.3412794771953,0.001204594806280389,1.264117794119446,0.0267042309368265,0
..\..\..\files\weather\hourly\Spresiano.csv,11/26/2024 12:00:00 AM,9.48,0.06,0,0,97.14,47.51,-102.93929,-4.71,0,0,0,0,0,0,0,0,0,0,0,0,0,0,0,0,0,0,0,0,0,0,0,0,0,-82.76791618190886,-322.33558089896314,0,0,0,0.00667,0,0,0,211.3412794771953,0.001299365226088741,1.2810399922576916,0.02778887485156769,0
..\..\..\files\weather\hourly\Spresiano.csv,11/27/2024 12:00:00 AM,10.02,4.83,0.2,0,94.97,62.04,-102.939255,-2.5949616,3.8537404E-05,0,0,0,0,0,0,0,0,0,0,0,0,0,0,0,0,0,0,0,0,0,0,0,0,-82.76791618190886,-322.33558089896314,0,0,0,0.04555995657963896,0,0,0,211.3412794771953,0.002304410422052494,1.316804568815202,0.030185065966714754,0
..\..\..\files\weather\hourly\Spresiano.csv,11/28/2024 12:00:00 AM,12.71,4.58,0.2,9,99.89,72.57,-102.48759,-3.613334,0.45166665,0,0,0,0,0,0,0,0,0,0,0,0,0,0,0,0,0,0,0,0,0,0,0,0,-82.76791618190886,-333.6380199296773,0,0,0,0.08446782515981173,1.0238669639648919,0,0,211.3412794771953,0.0036039245532315,1.3678664414696602,0.03385675082031817,1
..\..\..\files\weather\hourly\Spresiano.csv,11/29/2024 12:00:00 AM,8.97,3.61,0,24,99.62,99.6,-102.48759,-2.68,0,0,0,0,0,0,0,0,0,0,0,0,0,0,0,0,0,0,0,0,0,0,0,0,0,-82.76791618190886,-344.9404589603914,0,0,0,0.04555995657963896,1.0238669639648919,0,0,211.3412794771953,0.002003470730182625,1.407959470220258,0.03695223562896525,0
..\..\..\files\weather\hourly\Spresiano.csv,11/30/2024 12:00:00 AM,14.18,2.5,0.2,9,99.63,35.06,-101.739624,-5.0920377,0.7479624,0,0,0,0,0,0,0,0,0,0,0,0,0,0,0,0,0,0,0,0,0,0,0,0,-82.76791618190886,-344.9404589603914,0,0,0,0.04555995657963896,0.5821439137678404,0,0,211.3412794771953,0.0023844552007375214,1.4304028702647633,0.03876855747510065,1
..\..\..\files\weather\hourly\Spresiano.csv,12/1/2024 12:00:00 AM,12.5,1.01,0,0,85.8,32.48,-101.46765,-5.4730244,0.27197564,0,0,0,0,0,0,0,0,0,0,0,0,0,0,0,0,0,0,0,0,0,0,0,0,-82.76791618190886,-356.24289799110556,0,0,0,0.00667,0,0,0,211.3412794771953,0.001350907552386841,1.448163553938733,0.04024903801599494,0
..\..\..\files\weather\hourly\Spresiano.csv,12/2/2024 12:00:00 AM,14.43,0.35,0,0,83.94,38.33,-100.770744,-6.3430934,0.69690704,0,0,0,0,0,0,0,0,0,0,0,0,0,0,0,0,0,0,0,0,0,0,0,0,-82.76791618190886,-356.24289799110556,0,0,0,0.00667,0,0,0,211.3412794771953,0.0017180479588993524,1.464749085262962,0.04166630223142274,0
..\..\..\files\weather\hourly\Spresiano.csv,12/3/2024 12:00:00 AM,13.68,1.47,0,0,86.17,38.96,-100.21618,-5.5504384,0.5545619,0,0,0,0,0,0,0,0,0,0,0,0,0,0,0,0,0,0,0,0,0,0,0,0,-82.76791618190886,-356.24289799110556,0,0,0,0.00667,0.6910212283174495,0,0,211.3412794771953,0.001536104230219445,1.483974692556332,0.04335151790320117,0
..\..\..\files\weather\hourly\Spresiano.csv,12/4/2024 12:00:00 AM,8.82,0.61,0,0,87.25,56.23,-100.21618,-4.1049995,0,0,0,0,0,0,0,0,0,0,0,0,0,0,0,0,0,0,0,0,0,0,0,0,0,-82.76791618190886,-356.24289799110556,0,0,0,0.00667,0,0,0,211.3412794771953,0.0017472315171682881,1.5082147532004127,0.045541673758131035,0
..\..\..\files\weather\hourly\Spresiano.csv,12/5/2024 12:00:00 AM,10.34,3.75,0,0,85.39,52.87,-100.207405,-3.2862291,0.008770873,0,0,0,0,0,0,0,0,0,0,0,0,0,0,0,0,0,0,0,0,0,0,0,0,-103.81118452100733,-356.24289799110556,0,0,0,0.00667,0.5010456389904476,0,0,211.3412794771953,0.0017655511530338727,1.5318668300882279,0.04774967376511612,0
..\..\..\files\weather\hourly\Spresiano.csv,12/6/2024 12:00:00 AM,9.52,0.3,0,0,97.47,39.33,-100.207405,-4.61,0,0,0,0,0,0,0,0,0,0,0,0,0,0,0,0,0,0,0,0,0,0,0,0,0,-103.81118452100733,-356.24289799110556,0,0,0,0.00667,0.30390556800172774,0,0,211.3412794771953,0.0015744494424034636,1.5486843720129433,0.049362641989196744,0
..\..\..\files\weather\hourly\Spresiano.csv,12/7/2024 12:00:00 AM,6.01,-0.85,0,0,89.23,51.46,-100.207405,-2.6326604,0,0,0,0,0,0,0,0,0,0,0,0,0,0,0,0,0,0,0,0,0,0,0,0,0,-103.81118452100733,-356.24289799110556,0,0,0,0.00667,0.8829294223253221,0,0,211.3412794771953,0.001349349117274557,1.5677075279323804,0.05123052009020217,0
..\..\..\files\weather\hourly\Spresiano.csv,12/8/2024 12:00:00 AM,7.92,-1.54,4,1,94.88,58.55,-100.207405,-3.3153489,0,0,0,0,0,0,0,0,0,0,0,0,0,0,0,0,0,0,0,0,0,0,0,0,0,-103.81118452100733,-356.24289799110556,0,0,0,1.8141468403849104,0.9152615382500819,0.002,0,211.3412794771953,0.0017404330955356287,1.5882607877929165,0.05330068990309296,1
..\..\..\files\weather\hourly\Spresiano.csv,12/9/2024 12:00:00 AM,10.41,5.44,19.6,13,99.67,42.71,-100.19049,-2.4680886,0.016911458,0,0,0,0,0,0,0,0,0,0,0,0,0,0,0,0,0,0,0,0,0,0,0,0,-103.81118452100733,-351.5760026019185,0,0,0,3,0,0,0,211.3412794771953,0.002274141355144528,1.6116825544226776,0.0557260859819728,1
..\..\..\files\weather\hourly\Spresiano.csv,12/10/2024 12:00:00 AM,9.3,4.24,0,0,77.68,48.27,-100.19049,-2.5300002,0,0,0,0,0,0,0,0,0,0,0,0,0,0,0,0,0,0,0,0,0,0,0,0,0,-103.81118452100733,-351.5760026019185,0,0,0,0.24027842239070857,0,0,0,211.3412794771953,0.0016895697995419692,1.6335340908857259,0.05805291721211957,0
..\..\..\files\weather\hourly\Spresiano.csv,12/11/2024 12:00:00 AM,10.77,5.63,0,0,66.79,49.15,-100.13281,-2.5123255,0.05767516,0,0,0,0,0,0,0,0,0,0,0,0,0,0,0,0,0,0,0,0,0,0,0,0,-103.81118452100733,-351.5760026019185,0,0,0,0.00667,0,0,0,211.3412794771953,0.001803039762832171,1.6593422081789244,0.06088108563106974,0
..\..\..\files\weather\hourly\Spresiano.csv,12/12/2024 12:00:00 AM,11.63,0.14,0,0,97.07,41.97,-100.0172,-5.6293826,0.115617946,0,0,0,0,0,0,0,0,0,0,0,0,0,0,0,0,0,0,0,0,0,0,0,0,-103.81118452100733,-351.5760026019185,0,0,0,0.00667,1.069413128308831,0,0,211.3412794771953,0.0013477932457217703,1.6771468781958045,0.06288292089969086,0
..\..\..\files\weather\hourly\Spresiano.csv,12/13/2024 12:00:00 AM,8.76,-0.45,0.2,2,99.94,51.98,-100.0172,-4.1659937,0,0,0,0,0,0,0,0,0,0,0,0,0,0,0,0,0,0,0,0,0,0,0,0,0,-103.81118452100733,-351.5760026019185,0,0,0,0.04555995657963896,1.0574533334886524,0,0,211.3412794771953,0.0016284739354831858,1.6949698218990912,0.06492841275774829,1
..\..\..\files\weather\hourly\Spresiano.csv,12/14/2024 12:00:00 AM,7.97,-1.7,0.2,8,99.97,52.95,-100.0172,-3.284431,0,0,0,0,0,0,0,0,0,0,0,0,0,0,0,0,0,0,0,0,0,0,0,0,0,-103.81118452100733,-363.7286344188139,0,0,0,0.08446782515981173,0,0,0,211.3412794771953,0.0016387750466788072,1.709930865240813,0.06667765049733876,1
..\..\..\files\weather\hourly\Spresiano.csv,12/15/2024 12:00:00 AM,7.01,2.15,1.4,6,99.98,80.21,-100.0172,-2.4299998,0,0,0,0,0,0,0,0,0,0,0,0,0,0,0,0,0,0,0,0,0,0,0,0,0,-118.60126392224588,-375.8812662357093,0,0,0,0.31829118865205863,1.0571240428513633,0,0,211.3412794771953,0.001551276686740945,1.7384887132301503,0.07009835184854477,1
..\..\..\files\weather\hourly\Spresiano.csv,12/16/2024 12:00:00 AM,10.02,-0.39,0.2,12,99.95,60.23,-100.01717,-4.8223243,1.9213174E-05,0,0,0,0,0,0,0,0,0,0,0,0,0,0,0,0,0,0,0,0,0,0,0,0,-118.60126392224588,-386.8338980794268,0,0,0,0.04555995657963896,1.0235884345497652,0,0,211.3412794771953,0.002180420966974355,1.7625103214590394,0.0730588601175296,1
..\..\..\files\weather\hourly\Spresiano.csv,12/17/2024 12:00:00 AM,3.8,-0.77,0.2,24,99.63,99.55,-100.01717,-1.5798688,0,0,0,0,0,0,0,0,0,0,0,0,0,0,0,0,0,0,0,0,0,0,0,0,0,-118.60126392224588,-398.98652989632217,0,0,0,0.08446782515981173,1.0257958442422108,0,0,211.3412794771953,0.0010793405207011704,1.7777863294265186,0.07498107664210026,1
..\..\..\files\weather\hourly\Spresiano.csv,12/18/2024 12:00:00 AM,6.51,-0.54,0.2,24,99.88,86.13,-100.01717,-3.005681,0,0,0,0,0,0,0,0,0,0,0,0,0,0,0,0,0,0,0,0,0,0,0,0,0,-118.60126392224588,-411.13916171321756,0,0,0,0.08446782515981173,1.017259592707667,0,0,211.3412794771953,0.0014599045852871234,1.7984754241543144,0.07763344176217113,1
..\..\..\files\weather\hourly\Spresiano.csv,12/19/2024 12:00:00 AM,8.89,1.3,0.2,10,99.92,76.17,-100.01717,-3.7950003,0,0,0,0,0,0,0,0,0,0,0,0,0,0,0,0,0,0,0,0,0,0,0,0,0,-118.60126392224588,-423.29179353011295,0,0,0,0.08446782515981173,0.9167501000374827,0,0,211.3412794771953,0.0019814631824873795,1.8310000760921725,0.08191700625346619,1
..\..\..\files\weather\hourly\Spresiano.csv,12/20/2024 12:00:00 AM,7.57,5.45,22,9,99.92,83.13,-100.01717,-1.0600004,0,0,0,0,0,0,0,0,0,0,0,0,0,0,0,0,0,0,0,0,0,0,0,0,0,-118.60126392224588,-424.82489775647593,0,0,0,3,1.02442210222533,0.002,0,211.3412794771953,0.0016638895453914505,1.8647228009935881,0.08650496900272123,1
..\..\..\files\weather\hourly\Spresiano.csv,12/21/2024 12:00:00 AM,10.41,-0.06,7.8,7,99.9,59.49,-100.00915,-5.183199,0.008027692,0,0,0,0,0,0,0,0,0,0,0,0,0,0,0,0,0,0,0,0,0,0,0,0,-118.60126392224588,-424.82489775647593,0,0,0,3,0.236684820806083,0,0,211.3412794771953,0.002077495530897954,1.8969780872408428,0.09103233965204081,0
..\..\..\files\weather\hourly\Spresiano.csv,12/22/2024 12:00:00 AM,9.41,0.21,0,0,77.73,38.67,-100.00915,-4.6,0,0,0,0,0,0,0,0,0,0,0,0,0,0,0,0,0,0,0,0,0,0,0,0,0,-118.60126392224588,-429.3775293856167,0,0,0,0.00667,0,0,0,211.3412794771953,0.0012891127256535306,1.9128234917127471,0.09330597054526939,0
..\..\..\files\weather\hourly\Spresiano.csv,12/23/2024 12:00:00 AM,5.16,-0.14,3,0,99.8,55.04,-100.00915,-2.5118492,0,0,0,0,0,0,0,0,0,0,0,0,0,0,0,0,0,0,0,0,0,0,0,0,0,-118.60126392224588,-429.3775293856167,0,0,0,0.5919001116675138,0.8092486342476022,0,0,211.3412794771953,0.001249269506904133,1.9354520512758642,0.09660922781490447,1
..\..\..\files\weather\hourly\Spresiano.csv,12/24/2024 12:00:00 AM,10.59,-1.76,0,2,96.97,43.93,-99.995056,-4.5545015,0.014093124,0,0,0,0,0,0,0,0,0,0,0,0,0,0,0,0,0,0,0,0,0,0,0,0,-118.60126392224588,-438.7301612054923,0,0,0,0.5919001116675138,0,0,0,211.3412794771953,0.0013354408370329497,1.9506875958843366,0.09887042564342019,0
..\..\..\files\weather\hourly\Spresiano.csv,12/25/2024 12:00:00 AM,11.57,-1.71,0,0,70.1,28.41,-99.90225,-5.1328993,0.09280494,0,0,0,0,0,0,0,0,0,0,0,0,0,0,0,0,0,0,0,0,0,0,0,0,-129.38836505269495,-438.7301612054923,0,0,0,0.00667,0,0,0,211.3412794771953,0.0010917775179623615,1.9592774927106624,0.1001584281640347,0
..\..\..\files\weather\hourly\Spresiano.csv,12/26/2024 12:00:00 AM,11.53,-1.46,0,0,72.18,25.67,-99.81215,-5.2071514,0.090103894,0,0,0,0,0,0,0,0,0,0,0,0,0,0,0,0,0,0,0,0,0,0,0,0,-129.38836505269495,-438.7301612054923,0,0,0,0.00667,0,0,0,211.3412794771953,0.0012423455706645288,1.9706300707589852,0.10187514638527725,0
..\..\..\files\weather\hourly\Spresiano.csv,12/27/2024 12:00:00 AM,10.33,-1.03,0,0,64.5,25.26,-99.80736,-4.701488,0.0047931317,0,0,0,0,0,0,0,0,0,0,0,0,0,0,0,0,0,0,0,0,0,0,0,0,-129.38836505269495,-438.7301612054923,0,0,0,0.00667,0,0,0,211.3412794771953,0.001064909836411289,1.9810806520475108,0.10346998141381854,0
..\..\..\files\weather\hourly\Spresiano.csv,12/28/2024 12:00:00 AM,13.27,1.12,0,0,60.63,24.65,-99.36732,-5.634963,0.44003713,0,0,0,0,0,0,0,0,0,0,0,0,0,0,0,0,0,0,0,0,0,0,0,0,-129.38836505269495,-438.7301612054923,0,0,0,0.00667,0,0,0,211.3412794771953,0.0012192215342011394,1.994607476416824,0.10555485452799393,0
..\..\..\files\weather\hourly\Spresiano.csv,12/29/2024 12:00:00 AM,16.45,0.06,0,0,70.93,24.69,-98.098175,-6.9258566,1.269143,0,0,0,0,0,0,0,0,0,0,0,0,0,0,0,0,0,0,0,0,0,0,0,0,-129.38836505269495,-438.7301612054923,0,0,0,0.00667,0,0,0,211.3412794771953,0.0013354408370329497,2.0064747827571234,0.10740299102313162,0
..\..\..\files\weather\hourly\Spresiano.csv,12/30/2024 12:00:00 AM,14.95,3.77,0,0,86.38,40.9,-97.00236,-4.4941816,1.0958183,0,0,0,0,0,0,0,0,0,0,0,0,0,0,0,0,0,0,0,0,0,0,0,0,-129.38836505269495,-438.7301612054923,0,0,0,0.00667,0,0,0,211.3412794771953,0.0015379889177871266,2.025814885557944,0.1104528192413406,0
..\..\..\files\weather\hourly\Spresiano.csv,12/31/2024 12:00:00 AM,13.08,1.69,0,0,85.25,40.92,-96.58592,-5.2785645,0.41643548,0,0,0,0,0,0,0,0,0,0,0,0,0,0,0,0,0,0,0,0,0,0,0,0,-129.38836505269495,-438.7301612054923,0,0,0,0.00667,0,0,0,211.3412794771953,0.0013571679362756727,2.0433321493325765,0.11325550710715852,0
