site,Date,Tmax,Tmin,Prec,LW,RHmax,RHmin,chillState,ChillRate,antiChillState,forcingRate,forcingState,cycleCompletion,bbchCode,bbchPhase,plantSusceptibility,Rule310,Epi,Ipi,Dmcast,Magarey,UCSC,misfits,laore,onsRule310,onsEpi,onsIpi,onsDmcast,onsMagarey,onsUCSC,onsmisfits,onslaore,pressureRule310,pressureEpi,pressureIpi,pressureDmcast,pressureMagarey,pressureUCSC,pressureMisfits,pressureLaore
..\..\..\files\weather\calibration\daily\San Giorgio della Richinvelda.csv,1/1/2012 12:00:00 AM,-2.1097918,-2.1097918,0,0,60.658104,60.658104,0,0,0,0,0,0,0,0,0,0,0,0,0,0,0,0,0,0,0,0,0,0,0,0,0,0,0,0,0,0,0,0,0,
..\..\..\files\weather\calibration\daily\San Giorgio della Richinvelda.csv,1/2/2012 12:00:00 AM,9.14,-4.04,0.925,1,70.04213,27.414461,-3.1691806,-3.1691806,0,0,0,0,0,0,0,0,0,0,0,0,0,0,0,0,0,0,0,0,0,0,0,0,0,0,0,0,0,0,0,
..\..\..\files\weather\calibration\daily\San Giorgio della Richinvelda.csv,1/3/2012 12:00:00 AM,7.54,-2.21,21.4,24,79.300674,36.890278,-6.084647,-2.9154668,0,0,0,0,0,0,0,0,0,0,0,0,0,0,0,0,0,0,0,0,0,0,0,0,0,0,0,0,0,0,0,
..\..\..\files\weather\calibration\daily\San Giorgio della Richinvelda.csv,1/4/2012 12:00:00 AM,8.24,0.96489686,2.875,23,84.6669,54.665844,-9.7221985,-3.6375515,0,0,0,0,0,0,0,0,0,0,0,0,0,0,0,0,0,0,0,0,0,0,0,0,0,0,0,0,0,0,0,
..\..\..\files\weather\calibration\daily\San Giorgio della Richinvelda.csv,1/5/2012 12:00:00 AM,6.88,-0.05000019,0,0,78.666855,48.219154,-13.137379,-3.4151802,0,0,0,0,0,0,0,0,0,0,0,0,0,0,0,0,0,0,0,0,0,0,0,0,0,0,0,0,0,0,0,
..\..\..\files\weather\calibration\daily\San Giorgio della Richinvelda.csv,1/6/2012 12:00:00 AM,8.24,-1.4700003,0,0,75.97862,38.25728,-16.63365,-3.4962718,0,0,0,0,0,0,0,0,0,0,0,0,0,0,0,0,0,0,0,0,0,0,0,0,0,0,0,0,0,0,0,
..\..\..\files\weather\calibration\daily\San Giorgio della Richinvelda.csv,1/7/2012 12:00:00 AM,10.08,-0.3248657,0,0,79.44953,38.49684,-21.516596,-4.8829465,0,0,0,0,0,0,0,0,0,0,0,0,0,0,0,0,0,0,0,0,0,0,0,0,0,0,0,0,0,0,0,
..\..\..\files\weather\calibration\daily\San Giorgio della Richinvelda.csv,1/8/2012 12:00:00 AM,9.38,-1.9899998,0,0,75.10241,33.695206,-25.385742,-3.869147,0,0,0,0,0,0,0,0,0,0,0,0,0,0,0,0,0,0,0,0,0,0,0,0,0,0,0,0,0,0,0,
..\..\..\files\weather\calibration\daily\San Giorgio della Richinvelda.csv,1/9/2012 12:00:00 AM,10.56,-1.2799997,0,0,77.010605,33.639156,-30.108175,-4.7224326,0,0,0,0,0,0,0,0,0,0,0,0,0,0,0,0,0,0,0,0,0,0,0,0,0,0,0,0,0,0,0,
..\..\..\files\weather\calibration\daily\San Giorgio della Richinvelda.csv,1/10/2012 12:00:00 AM,11.32,-1.7200003,0,0,75.85387,30.498796,-35.08842,-4.980245,0,0,0,0,0,0,0,0,0,0,0,0,0,0,0,0,0,0,0,0,0,0,0,0,0,0,0,0,0,0,0,
..\..\..\files\weather\calibration\daily\San Giorgio della Richinvelda.csv,1/11/2012 12:00:00 AM,11.79,-3.0299997,0,0,72.53449,25.65671,-39.88627,-4.7978477,0,0,0,0,0,0,0,0,0,0,0,0,0,0,0,0,0,0,0,0,0,0,0,0,0,0,0,0,0,0,0,
..\..\..\files\weather\calibration\daily\San Giorgio della Richinvelda.csv,1/12/2012 12:00:00 AM,10.26,-3.42,0,0,71.729996,27.280378,-43.73624,-3.8499706,0,0,0,0,0,0,0,0,0,0,0,0,0,0,0,0,0,0,0,0,0,0,0,0,0,0,0,0,0,0,0,
..\..\..\files\weather\calibration\daily\San Giorgio della Richinvelda.csv,1/13/2012 12:00:00 AM,10.17,-4.12,0,0,70.03273,25.425852,-47.35618,-3.619937,0,0,0,0,0,0,0,0,0,0,0,0,0,0,0,0,0,0,0,0,0,0,0,0,0,0,0,0,0,0,0,
..\..\..\files\weather\calibration\daily\San Giorgio della Richinvelda.csv,1/14/2012 12:00:00 AM,9.29,-3.33,0,0,71.79685,29.33819,-50.775517,-3.4193385,0,0,0,0,0,0,0,0,0,0,0,0,0,0,0,0,0,0,0,0,0,0,0,0,0,0,0,0,0,0,0,
..\..\..\files\weather\calibration\daily\San Giorgio della Richinvelda.csv,1/15/2012 12:00:00 AM,6.9,-4.938727,0,0,67.20415,28.993746,-52.78629,-2.0107737,0,0,0,0,0,0,0,0,0,0,0,0,0,0,0,0,0,0,0,0,0,0,0,0,0,0,0,0,0,0,0,
..\..\..\files\weather\calibration\daily\San Giorgio della Richinvelda.csv,1/16/2012 12:00:00 AM,3.17,-6.33,0,0,59.88298,29.75449,-53.315178,-0.5288895,0,0,0,0,0,0,0,0,0,0,0,0,0,0,0,0,0,0,0,0,0,0,0,0,0,0,0,0,0,0,0,
..\..\..\files\weather\calibration\daily\San Giorgio della Richinvelda.csv,1/17/2012 12:00:00 AM,2.3899999,-7.28,0,0,56.777065,27.716251,-53.61053,-0.29535156,0,0,0,0,0,0,0,0,0,0,0,0,0,0,0,0,0,0,0,0,0,0,0,0,0,0,0,0,0,0,0,
..\..\..\files\weather\calibration\daily\San Giorgio della Richinvelda.csv,1/18/2012 12:00:00 AM,3.9100003,-7.23,0,0,58.805138,25.878338,-54.29671,-0.68618053,0,0,0,0,0,0,0,0,0,0,0,0,0,0,0,0,0,0,0,0,0,0,0,0,0,0,0,0,0,0,0,
..\..\..\files\weather\calibration\daily\San Giorgio della Richinvelda.csv,1/19/2012 12:00:00 AM,3.2799997,-6.49,0,0,61.81562,29.060707,-54.847294,-0.55058336,0,0,0,0,0,0,0,0,0,0,0,0,0,0,0,0,0,0,0,0,0,0,0,0,0,0,0,0,0,0,0,
..\..\..\files\weather\calibration\daily\San Giorgio della Richinvelda.csv,1/20/2012 12:00:00 AM,5.68,-3.78,0,0,68.53952,34.655,-56.552494,-1.7052007,0,0,0,0,0,0,0,0,0,0,0,0,0,0,0,0,0,0,0,0,0,0,0,0,0,0,0,0,0,0,0,
..\..\..\files\weather\calibration\daily\San Giorgio della Richinvelda.csv,1/21/2012 12:00:00 AM,5.6800003,-2.4200003,0,0,71.78614,40.168934,-58.544,-1.9915062,0,0,0,0,0,0,0,0,0,0,0,0,0,0,0,0,0,0,0,0,0,0,0,0,0,0,0,0,0,0,0,
..\..\..\files\weather\calibration\daily\San Giorgio della Richinvelda.csv,1/22/2012 12:00:00 AM,7.4,-2.7400002,0,0,72.39174,35.139793,-61.244194,-2.7001972,0,0,0,0,0,0,0,0,0,0,0,0,0,0,0,0,0,0,0,0,0,0,0,0,0,0,0,0,0,0,0,
..\..\..\files\weather\calibration\daily\San Giorgio della Richinvelda.csv,1/23/2012 12:00:00 AM,9.62,-2.1800003,0,0,74.68529,32.512016,-65.165565,-3.9213727,0,0,0,0,0,0,0,0,0,0,0,0,0,0,0,0,0,0,0,0,0,0,0,0,0,0,0,0,0,0,0,
..\..\..\files\weather\calibration\daily\San Giorgio della Richinvelda.csv,1/24/2012 12:00:00 AM,10.27,-3.21,0,0,72.24119,27.890387,-69.08047,-3.9149036,0,0,0,0,0,0,0,0,0,0,0,0,0,0,0,0,0,0,0,0,0,0,0,0,0,0,0,0,0,0,0,
..\..\..\files\weather\calibration\daily\San Giorgio della Richinvelda.csv,1/25/2012 12:00:00 AM,9.07,-3.4624543,0,0,73.63897,32.36612,-72.36254,-3.2820745,0,0,0,0,0,0,0,0,0,0,0,0,0,0,0,0,0,0,0,0,0,0,0,0,0,0,0,0,0,0,0,
..\..\..\files\weather\calibration\daily\San Giorgio della Richinvelda.csv,1/26/2012 12:00:00 AM,9.87,-5.75,0,0,66.130424,21.652565,-75.48088,-3.1183388,0,0,0,0,0,0,0,0,0,0,0,0,0,0,0,0,0,0,0,0,0,0,0,0,0,0,0,0,0,0,0,
..\..\..\files\weather\calibration\daily\San Giorgio della Richinvelda.csv,1/27/2012 12:00:00 AM,6.45,-7.55,0,0,60.49292,21.761923,-76.96668,-1.4858035,0,0,0,0,0,0,0,0,0,0,0,0,0,0,0,0,0,0,0,0,0,0,0,0,0,0,0,0,0,0,0,
..\..\..\files\weather\calibration\daily\San Giorgio della Richinvelda.csv,1/28/2012 12:00:00 AM,6.41,-6.43,0,0,62.998234,24.773613,-78.56669,-1.6000037,0,0,0,0,0,0,0,0,0,0,0,0,0,0,0,0,0,0,0,0,0,0,0,0,0,0,0,0,0,0,0,
..\..\..\files\weather\calibration\daily\San Giorgio della Richinvelda.csv,1/29/2012 12:00:00 AM,4.76,-5.13,0,0,65.41169,31.387976,-79.712166,-1.1454804,0,0,0,0,0,0,0,0,0,0,0,0,0,0,0,0,0,0,0,0,0,0,0,0,0,0,0,0,0,0,0,
..\..\..\files\weather\calibration\daily\San Giorgio della Richinvelda.csv,1/30/2012 12:00:00 AM,2.88,-2.926316,0,0,69.04651,48.03777,-80.42642,-0.71425664,0,0,0,0,0,0,0,0,0,0,0,0,0,0,0,0,0,0,0,0,0,0,0,0,0,0,0,0,0,0,0,
..\..\..\files\weather\calibration\daily\San Giorgio della Richinvelda.csv,1/31/2012 12:00:00 AM,3.04,-3.9499998,0,0,65.058586,39.078175,-81.08748,-0.66105866,0,0,0,0,0,0,0,0,0,0,0,0,0,0,0,0,0,0,0,0,0,0,0,0,0,0,0,0,0,0,0,
..\..\..\files\weather\calibration\daily\San Giorgio della Richinvelda.csv,2/1/2012 12:00:00 AM,-1.0799999,-4.36,0,0,57.26686,44.88074,-81.08748,0,0,0,0,0,0,0,0,0,0,0,0,0,0,0,0,0,0,0,0,0,0,0,0,0,0,0,0,0,0,0,0,
..\..\..\files\weather\calibration\daily\San Giorgio della Richinvelda.csv,2/2/2012 12:00:00 AM,-0.5300001,-4.296124,0,0,58.842052,45.138752,-81.08748,0,0,0,0,0,0,0,0,0,0,0,0,0,0,0,0,0,0,0,0,0,0,0,0,0,0,0,0,0,0,0,0,
..\..\..\files\weather\calibration\daily\San Giorgio della Richinvelda.csv,2/3/2012 12:00:00 AM,-0.65999985,-6.840088,0,0,56.877834,41.437202,-81.08748,0,0,0,0,0,0,0,0,0,0,0,0,0,0,0,0,0,0,0,0,0,0,0,0,0,0,0,0,0,0,0,0,
..\..\..\files\weather\calibration\daily\San Giorgio della Richinvelda.csv,2/4/2012 12:00:00 AM,-1.7699997,-7.7099996,0,0,49.167503,31.382301,-81.08748,0,0,0,0,0,0,0,0,0,0,0,0,0,0,0,0,0,0,0,0,0,0,0,0,0,0,0,0,0,0,0,0,
..\..\..\files\weather\calibration\daily\San Giorgio della Richinvelda.csv,2/5/2012 12:00:00 AM,-1.7099998,-7.4548507,0,0,50.614895,33.899174,-81.08748,0,0,0,0,0,0,0,0,0,0,0,0,0,0,0,0,0,0,0,0,0,0,0,0,0,0,0,0,0,0,0,0,
..\..\..\files\weather\calibration\daily\San Giorgio della Richinvelda.csv,2/6/2012 12:00:00 AM,-1.4799998,-8.690147,0,0,48.191063,28.359228,-81.08748,0,0,0,0,0,0,0,0,0,0,0,0,0,0,0,0,0,0,0,0,0,0,0,0,0,0,0,0,0,0,0,0,
..\..\..\files\weather\calibration\daily\San Giorgio della Richinvelda.csv,2/7/2012 12:00:00 AM,-0.23999977,-10.14,0,0,53.074432,22.19336,-81.08748,0,0,0,0,0,0,0,0,0,0,0,0,0,0,0,0,0,0,0,0,0,0,0,0,0,0,0,0,0,0,0,0,
..\..\..\files\weather\calibration\daily\San Giorgio della Richinvelda.csv,2/8/2012 12:00:00 AM,2.1799998,-6.39,0,0,58.40347,30.99112,-81.364746,-0.2772695,0,0,0,0,0,0,0,0,0,0,0,0,0,0,0,0,0,0,0,0,0,0,0,0,0,0,0,0,0,0,0,
..\..\..\files\weather\calibration\daily\San Giorgio della Richinvelda.csv,2/9/2012 12:00:00 AM,4.17,-8.003889,0,0,63.12415,31.308874,-82.07893,-0.7141884,0,0,0,0,0,0,0,0,0,0,0,0,0,0,0,0,0,0,0,0,0,0,0,0,0,0,0,0,0,0,0,
..\..\..\files\weather\calibration\daily\San Giorgio della Richinvelda.csv,2/10/2012 12:00:00 AM,3.63,-10,0,0,52.56655,19.002674,-82.56231,-0.48337862,0,0,0,0,0,0,0,0,0,0,0,0,0,0,0,0,0,0,0,0,0,0,0,0,0,0,0,0,0,0,0,
..\..\..\files\weather\calibration\daily\San Giorgio della Richinvelda.csv,2/11/2012 12:00:00 AM,-1.27,-6.16,0,0,53.178032,36.863766,-82.56231,0,0,0,0,0,0,0,0,0,0,0,0,0,0,0,0,0,0,0,0,0,0,0,0,0,0,0,0,0,0,0,0,
..\..\..\files\weather\calibration\daily\San Giorgio della Richinvelda.csv,2/12/2012 12:00:00 AM,-1.9199998,-6.5299997,0,0,51.213116,36.200546,-82.56231,0,0,0,0,0,0,0,0,0,0,0,0,0,0,0,0,0,0,0,0,0,0,0,0,0,0,0,0,0,0,0,0,
..\..\..\files\weather\calibration\daily\San Giorgio della Richinvelda.csv,2/13/2012 12:00:00 AM,0.13999987,-7.54,0,0,56.11957,29.712444,-82.56358,-0.0012760393,0,0,0,0,0,0,0,0,0,0,0,0,0,0,0,0,0,0,0,0,0,0,0,0,0,0,0,0,0,0,0,
..\..\..\files\weather\calibration\daily\San Giorgio della Richinvelda.csv,2/14/2012 12:00:00 AM,3.5499997,-7.2986526,0,0,62.08135,31.848133,-83.14442,-0.5808324,0,0,0,0,0,0,0,0,0,0,0,0,0,0,0,0,0,0,0,0,0,0,0,0,0,0,0,0,0,0,0,
..\..\..\files\weather\calibration\daily\San Giorgio della Richinvelda.csv,2/15/2012 12:00:00 AM,5.24,-9.45,0,0,55.341156,18.664907,-84.07899,-0.9345677,0,0,0,0,0,0,0,0,0,0,0,0,0,0,0,0,0,0,0,0,0,0,0,0,0,0,0,0,0,0,0,
..\..\..\files\weather\calibration\daily\San Giorgio della Richinvelda.csv,2/16/2012 12:00:00 AM,8.3,-7.06,0,0,62.665142,20.63074,-86.3215,-2.242513,0,0,0,0,0,0,0,0,0,0,0,0,0,0,0,0,0,0,0,0,0,0,0,0,0,0,0,0,0,0,0,
..\..\..\files\weather\calibration\daily\San Giorgio della Richinvelda.csv,2/17/2012 12:00:00 AM,9.82,-3.75,0,0,70.88553,27.0877,-89.87465,-3.5531466,0,0,0,0,0,0,0,0,0,0,0,0,0,0,0,0,0,0,0,0,0,0,0,0,0,0,0,0,0,0,0,
..\..\..\files\weather\calibration\daily\San Giorgio della Richinvelda.csv,2/18/2012 12:00:00 AM,10.52,-4.11,0,0,70.07132,24.87088,-93.6662,-3.7915518,0,0,0,0,0,0,0,0,0,0,0,0,0,0,0,0,0,0,0,0,0,0,0,0,0,0,0,0,0,0,0,
..\..\..\files\weather\calibration\daily\San Giorgio della Richinvelda.csv,2/19/2012 12:00:00 AM,10.53,-1.9399996,0.21249999,1,75.368744,31.423517,-98.12337,-4.457169,0,0,0,0,0,0,0,0,0,0,0,0,0,0,0,0,0,0,0,0,0,0,0,0,0,0,0,0,0,0,0,
..\..\..\files\weather\calibration\daily\San Giorgio della Richinvelda.csv,2/20/2012 12:00:00 AM,8.68,-2.12,4.8875,23,76.383835,34.73556,-101.61144,-3.4880743,0,0,0,0,0,0,0,0,0,0,0,0,0,0,0,0,0,0,0,0,0,0,0,0,0,0,0,0,0,0,0,
..\..\..\files\weather\calibration\daily\San Giorgio della Richinvelda.csv,2/21/2012 12:00:00 AM,6.5,0.98,0,0,80.9489,54.87206,-101.61144,-2.76,0,0,0,0,0,0,0,0,0,0,0,0,0,0,0,0,0,0,0,0,0,0,0,0,0,0,0,0,0,0,0,
..\..\..\files\weather\calibration\daily\San Giorgio della Richinvelda.csv,2/22/2012 12:00:00 AM,10.44,-1.4443332,0,0,82.04141,41.756557,-101.603294,-4.593745,0.008145162,0,0,0,0,0,0,0,0,0,0,0,0,0,0,0,0,0,0,0,0,0,0,0,0,0,0,0,0,0,0,
..\..\..\files\weather\calibration\daily\San Giorgio della Richinvelda.csv,2/23/2012 12:00:00 AM,12.460001,-3.8300004,0,0,70.386894,22.43993,-101.41755,-4.950989,0.18574598,0,0,0,0,0,0,0,0,0,0,0,0,0,0,0,0,0,0,0,0,0,0,0,0,0,0,0,0,0,0,
..\..\..\files\weather\calibration\daily\San Giorgio della Richinvelda.csv,2/24/2012 12:00:00 AM,13.79,-1.8699999,0,0,74.46609,25.180964,-100.95892,-6.5302744,0.45862386,0,0,0,0,0,0,0,0,0,0,0,0,0,0,0,0,0,0,0,0,0,0,0,0,0,0,0,0,0,0,
..\..\..\files\weather\calibration\daily\San Giorgio della Richinvelda.csv,2/25/2012 12:00:00 AM,18.19,2.4400005,0,0,80.16007,27.96725,-98.82952,-5.7455997,2.1294003,0,0,0,0,0,0,0,0,0,0,0,0,0,0,0,0,0,0,0,0,0,0,0,0,0,0,0,0,0,0,
..\..\..\files\weather\calibration\daily\San Giorgio della Richinvelda.csv,2/26/2012 12:00:00 AM,18.18,2.5761995,0,0,81.87451,29.996883,-96.68542,-5.657794,2.1441061,0,0,0,0,0,0,0,0,0,0,0,0,0,0,0,0,0,0,0,0,0,0,0,0,0,0,0,0,0,0,
..\..\..\files\weather\calibration\daily\San Giorgio della Richinvelda.csv,2/27/2012 12:00:00 AM,14.91,0.46000004,0,0,79.369125,29.59553,-95.85123,-6.3908095,0.8341903,0,0,0,0,0,0,0,0,0,0,0,0,0,0,0,0,0,0,0,0,0,0,0,0,0,0,0,0,0,0,
..\..\..\files\weather\calibration\daily\San Giorgio della Richinvelda.csv,2/28/2012 12:00:00 AM,13.05,-0.35999966,0,0,78.660095,31.180828,-95.50438,-6.696682,0.3468494,0,0,0,0,0,0,0,0,0,0,0,0,0,0,0,0,0,0,0,0,0,0,0,0,0,0,0,0,0,0,
..\..\..\files\weather\calibration\daily\San Giorgio della Richinvelda.csv,2/29/2012 12:00:00 AM,14.91,-1.1299996,0,0,75.415,25.045973,-94.75288,-7.681303,0.7514994,0,0,0,0,0,0,0,0,0,0,0,0,0,0,0,0,0,0,0,0,0,0,0,0,0,0,0,0,0,0,
..\..\..\files\weather\calibration\daily\San Giorgio della Richinvelda.csv,3/1/2012 12:00:00 AM,19.07,2.7600002,0,0,79.46358,26.842447,-92.23096,-5.633084,2.521916,0,0,0,0,0,0,0,0,0,0,0,0,0,0,0,0,0,0,0,0,0,0,0,0,0,0,0,0,0,0,
..\..\..\files\weather\calibration\daily\San Giorgio della Richinvelda.csv,3/2/2012 12:00:00 AM,19.9,1.789999,0,0,75.5802,22.626852,-89.524994,-6.349037,2.7059634,0,0,0,0,0,0,0,0,0,0,0,0,0,0,0,0,0,0,0,0,0,0,0,0,0,0,0,0,0,0,
..\..\..\files\weather\calibration\daily\San Giorgio della Richinvelda.csv,3/3/2012 12:00:00 AM,21.87,2.6000004,0,0,73.481384,20.647158,-85.86913,-5.9791384,3.655862,0,0,0,0,0,0,0,0,0,0,0,0,0,0,0,0,0,0,0,0,0,0,0,0,0,0,0,0,0,0,
..\..\..\files\weather\calibration\daily\San Giorgio della Richinvelda.csv,3/4/2012 12:00:00 AM,18.85,3.0300002,0,0,81.863365,28.108273,-83.39371,-5.434573,2.475427,0,0,0,0,0,0,0,0,0,0,0,0,0,0,0,0,0,0,0,0,0,0,0,0,0,0,0,0,0,0,
..\..\..\files\weather\calibration\daily\San Giorgio della Richinvelda.csv,3/5/2012 12:00:00 AM,15.42,5.1299996,0,1,90.86281,45.675613,-81.966286,-3.7175756,1.4274246,0,0,0,0,0,0,0,0,0,0,0,0,0,0,0,0,0,0,0,0,0,0,0,0,0,0,0,0,0,0,
..\..\..\files\weather\calibration\daily\San Giorgio della Richinvelda.csv,3/6/2012 12:00:00 AM,13.68,3.83,0,0,89.041725,45.727962,-81.278854,-4.237569,0.6874316,0,0,0,0,0,0,0,0,0,0,0,0,0,0,0,0,0,0,0,0,0,0,0,0,0,0,0,0,0,0,
..\..\..\files\weather\calibration\daily\San Giorgio della Richinvelda.csv,3/7/2012 12:00:00 AM,14.14,1.6554896,0,0,86.44718,40.550087,-80.59242,-5.555821,0.6864347,0,0,0,0,0,0,0,0,0,0,0,0,0,0,0,0,0,0,0,0,0,0,0,0,0,0,0,0,0,0,
..\..\..\files\weather\calibration\daily\San Giorgio della Richinvelda.csv,3/8/2012 12:00:00 AM,14.16,-0.48999977,0,0,77.62087,28.35473,-80.001785,-7.4338293,0.5906348,0,0,0,0,0,0,0,0,0,0,0,0,0,0,0,0,0,0,0,0,0,0,0,0,0,0,0,0,0,0,
..\..\..\files\weather\calibration\daily\San Giorgio della Richinvelda.csv,3/9/2012 12:00:00 AM,15.64,-1.1999998,0,0,74.53874,23.500086,-79.05732,-8.207221,0.9444657,0,0,0,0,0,0,0,0,0,0,0,0,0,0,0,0,0,0,0,0,0,0,0,0,0,0,0,0,0,0,
..\..\..\files\weather\calibration\daily\San Giorgio della Richinvelda.csv,3/10/2012 12:00:00 AM,16.18,1.6057116,0,0,81.49125,30.935074,-77.747055,-5.9768777,1.3102665,0,0,0,0,0,0,0,0,0,0,0,0,0,0,0,0,0,0,0,0,0,0,0,0,0,0,0,0,0,0,
..\..\..\files\weather\calibration\daily\San Giorgio della Richinvelda.csv,3/11/2012 12:00:00 AM,15.859999,-0.8399997,0,0,75.187096,23.997662,-76.718925,-8.559257,1.0281314,0,0,0,0,0,0,0,0,0,0,0,0,0,0,0,0,0,0,0,0,0,0,0,0,0,0,0,0,0,0,
..\..\..\files\weather\calibration\daily\San Giorgio della Richinvelda.csv,3/12/2012 12:00:00 AM,19.25,0.6000004,0,0,73.89252,21.144009,-74.425026,-7.031099,2.293901,0,0,0,0,0,0,0,0,0,0,0,0,0,0,0,0,0,0,0,0,0,0,0,0,0,0,0,0,0,0,
..\..\..\files\weather\calibration\daily\San Giorgio della Richinvelda.csv,3/13/2012 12:00:00 AM,18.84,1.9500008,0,0,77.87145,25.188927,-72.11166,-6.131631,2.313369,0,0,0,0,0,0,0,0,0,0,0,0,0,0,0,0,0,0,0,0,0,0,0,0,0,0,0,0,0,0,
..\..\..\files\weather\calibration\daily\San Giorgio della Richinvelda.csv,3/14/2012 12:00:00 AM,18.49,0.7199993,0,0,75.45039,22.836548,-70.08352,-6.85686,2.0281398,0,0,0,0,0,0,0,0,0,0,0,0,0,0,0,0,0,0,0,0,0,0,0,0,0,0,0,0,0,0,
..\..\..\files\weather\calibration\daily\San Giorgio della Richinvelda.csv,3/15/2012 12:00:00 AM,20,0.7399998,0,0,72.882095,20.108086,-67.487465,-7.033946,2.596054,0,0,0,0,0,0,0,0,0,0,0,0,0,0,0,0,0,0,0,0,0,0,0,0,0,0,0,0,0,0,
..\..\..\files\weather\calibration\daily\San Giorgio della Richinvelda.csv,3/16/2012 12:00:00 AM,20.69,0.75,0,0,71.59005,18.94123,-64.62196,-7.1045012,2.865499,0,0,0,0,0,0,0,0,0,0,0,0,0,0,0,0,0,0,0,0,0,0,0,0,0,0,0,0,0,0,
..\..\..\files\weather\calibration\daily\San Giorgio della Richinvelda.csv,3/17/2012 12:00:00 AM,20.61,0.87000084,0,0,72.02847,19.317924,-61.77059,-7.018629,2.8513706,0,0,0,0,0,0,0,0,0,0,0,0,0,0,0,0,0,0,0,0,0,0,0,0,0,0,0,0,0,0,
..\..\..\files\weather\calibration\daily\San Giorgio della Richinvelda.csv,3/18/2012 12:00:00 AM,17.47,1.7899995,0,0,83.93775,27.758419,-59.991226,-6.0606346,1.7793651,0,0,0,0,0,0,0,0,0,0,0,0,0,0,0,0,0,0,0,0,0,0,0,0,0,0,0,0,0,0,
..\..\..\files\weather\calibration\daily\San Giorgio della Richinvelda.csv,3/19/2012 12:00:00 AM,15.4,5.75,0.22083335,4,92.52093,48.618164,-58.480347,-3.314119,1.5108807,0,0,0,0,0,0,0,0,0,0,0,0,0,0,0,0,0,0,0,0,0,0,0,0,0,0,0,0,0,0,
..\..\..\files\weather\calibration\daily\San Giorgio della Richinvelda.csv,3/20/2012 12:00:00 AM,17.67,5.7157116,5.079167,23,90.08202,41.716476,-56.019768,-3.516567,2.4605772,0,0,0,0,0,0,0,0,0,0,0,0,0,0,0,0,0,0,0,0,0,0,0,0,0,0,0,0,0,0,
..\..\..\files\weather\calibration\daily\San Giorgio della Richinvelda.csv,3/21/2012 12:00:00 AM,19.97,3.2700005,0,0,79.042595,26.17661,-53.043694,-5.3739247,2.9760747,0,0,0,0,0,0,0,0,0,0,0,0,0,0,0,0,0,0,0,0,0,0,0,0,0,0,0,0,0,0,
..\..\..\files\weather\calibration\daily\San Giorgio della Richinvelda.csv,3/22/2012 12:00:00 AM,21.92,3.3999996,0,0,75.26027,22.31215,-49.20767,-5.4239745,3.8360257,0,0,0,0,0,0,0,0,0,0,0,0,0,0,0,0,0,0,0,0,0,0,0,0,0,0,0,0,0,0,
..\..\..\files\weather\calibration\daily\San Giorgio della Richinvelda.csv,3/23/2012 12:00:00 AM,21.85,2.58,0,0,73.478386,20.642166,-45.564117,-5.9914474,3.6435525,0,0,0,0,0,0,0,0,0,0,0,0,0,0,0,0,0,0,0,0,0,0,0,0,0,0,0,0,0,0,
..\..\..\files\weather\calibration\daily\San Giorgio della Richinvelda.csv,3/24/2012 12:00:00 AM,21.76,3.5300007,0,0,75.92765,22.94055,-41.770985,-5.321867,3.7931325,0,0,0,0,0,0,0,0,0,0,0,0,0,0,0,0,0,0,0,0,0,0,0,0,0,0,0,0,0,0,
..\..\..\files\weather\calibration\daily\San Giorgio della Richinvelda.csv,3/25/2012 12:00:00 AM,20.25,4.2700005,0,0,80.944534,28.267994,-38.483673,-4.7026873,3.2873123,0,0,0,0,0,0,0,0,0,0,0,0,0,0,0,0,0,0,0,0,0,0,0,0,0,0,0,0,0,0,
..\..\..\files\weather\calibration\daily\San Giorgio della Richinvelda.csv,3/26/2012 12:00:00 AM,21.78,5.2700005,0,0,80.07217,27.29544,-34.281116,-4.0524435,4.2025566,0,0,0,0,0,0,0,0,0,0,0,0,0,0,0,0,0,0,0,0,0,0,0,0,0,0,0,0,0,0,
..\..\..\files\weather\calibration\daily\San Giorgio della Richinvelda.csv,3/27/2012 12:00:00 AM,23.4,4.49,0,0,74.319305,21.744873,-29.533363,-4.7072477,4.747752,0,0,0,0,0,0,0,0,0,0,0,0,0,0,0,0,0,0,0,0,0,0,0,0,0,0,0,0,0,0,
..\..\..\files\weather\calibration\daily\San Giorgio della Richinvelda.csv,3/28/2012 12:00:00 AM,22.92,3.1200008,0,0,72.29642,19.7739,-25.31805,-5.684686,4.2153134,0,0,0,0,0,0,0,0,0,0,0,0,0,0,0,0,0,0,0,0,0,0,0,0,0,0,0,0,0,0,
..\..\..\files\weather\calibration\daily\San Giorgio della Richinvelda.csv,3/29/2012 12:00:00 AM,25.54,4.6499996,0,0,69.09874,17.986822,-19.537973,-4.6649237,5.780077,0,0,0,0,0,0,0,0,0,0,0,0,0,0,0,0,0,0,0,0,0,0,0,0,0,0,0,0,0,0,
..\..\..\files\weather\calibration\daily\San Giorgio della Richinvelda.csv,3/30/2012 12:00:00 AM,25.63,6.2700005,0,0,72.48977,21.004028,-13.228653,-3.370679,6.3093204,0,0,0,0,0,0,0,0,0,0,0,0,0,0,0,0,0,0,0,0,0,0,0,0,0,0,0,0,0,0,
..\..\..\files\weather\calibration\daily\San Giorgio della Richinvelda.csv,3/31/2012 12:00:00 AM,24.55,7.409661,0,0,78.9239,26.975262,-7.05309,-2.3946066,6.175563,0,0,0,0,0,0,0,0,0,0,0,0,0,0,0,0,0,0,0,0,0,0,0,0,0,0,0,0,0,0,
..\..\..\files\weather\calibration\daily\San Giorgio della Richinvelda.csv,4/1/2012 12:00:00 AM,23.96,4.5699997,0,0,82.122986,20.792603,-2.0277786,-4.669688,5.0253115,0,0,0,0,0,0,0,0,0,0,0,0,0,0,0,0,0,0,0,0,0,0,0,0,0,0,0,0,0,0,
..\..\..\files\weather\calibration\daily\San Giorgio della Richinvelda.csv,4/2/2012 12:00:00 AM,16.35,4.7254157,0,3,91.37693,45.218853,-0.2934153,-4.0779295,1.7343633,0,0,0,0,0,0,0,0,0,0,0,0,0,0,0,0,0,0,0,0,0,0,0,0,0,0,0,0,0,0,
..\..\..\files\weather\calibration\daily\San Giorgio della Richinvelda.csv,4/3/2012 12:00:00 AM,18.57,2.3500004,0,0,79.3131,26.847605,0,-5.845977,2.2640226,1.1159501,1.1159501,0.041331485,10.051664,10,1.7080106,0,0,0,0,0,0,0,0,0,0,0,0,0,0,0,0,0,0,0,0,0,0,0,0,
..\..\..\files\weather\calibration\daily\San Giorgio della Richinvelda.csv,4/4/2012 12:00:00 AM,16.99,5.2100005,0.52916664,1,91.67193,40.72491,0,-3.8161416,2.0738583,2.430397,3.5463471,0.1313462,10.164183,10,1.801682,0,0,0,0,0,0,0,0,0,0,0,0,0,0,0,0,0,0,0,0,0,0,0,0,
..\..\..\files\weather\calibration\daily\San Giorgio della Richinvelda.csv,4/5/2012 12:00:00 AM,19.07,10.58,13.595833,24,99.551865,57.586754,0,0,4.825,8.031649,11.577995,0.42881462,10.536018,10,2.1112351,1,0,0,0,0,0,1,1,0,0,0,0,0,0,0,0,1,0,0,0,0,0,1,1,
..\..\..\files\weather\calibration\daily\San Giorgio della Richinvelda.csv,4/6/2012 12:00:00 AM,18.79,10.470001,33.125,24,99.82033,58.330963,0,0,4.630001,7.80628,19.384275,0.71793616,10.89742,10,2.412102,1,0,0,0,1,0,1,1,0,0,0,0,0,0,0,0,1,0,0,0,1,0,1,1,
..\..\..\files\weather\calibration\daily\San Giorgio della Richinvelda.csv,4/7/2012 12:00:00 AM,20.63,9.030001,8.4625,24,92.12697,43.602623,0,-0.92944336,4.870556,8.037339,27.421616,1.0156153,11.13476,11,2.6096876,1,0,0,0,1,0,1,1,0,0,0,0,0,0,0,0,2,0,0,0,2,0,2,2,
..\..\..\files\weather\calibration\daily\San Giorgio della Richinvelda.csv,4/8/2012 12:00:00 AM,17.68,6.1813464,9.4875,23,94.09544,48.408226,0,-3.1845746,2.5647526,3.9430904,31.364706,1.1616558,11.226035,11,2.6856742,0,0,0,0,0,0,1,0,0,0,0,0,0,0,0,0,2,0,0,0,2,0,3,2,
..\..\..\files\weather\calibration\daily\San Giorgio della Richinvelda.csv,4/9/2012 12:00:00 AM,12.95,1.695652,0,3,92.65538,54.241623,0,-5.2405457,0.3866283,0,31.364706,1.1616558,11.226035,11,2.6856742,0,0,0,0,0,0,0,0,0,0,0,0,0,0,0,0,2,0,0,0,2,0,3,2,
..\..\..\files\weather\calibration\daily\San Giorgio della Richinvelda.csv,4/10/2012 12:00:00 AM,13.56,-0.34000015,0.14583333,1,78.41351,30.109879,0,-7.0700436,0.455885,0,31.364706,1.1616558,11.226035,11,2.6856742,0,0,0,0,0,0,0,0,0,0,0,0,0,0,0,0,2,0,0,0,2,0,3,2,
..\..\..\files\weather\calibration\daily\San Giorgio della Richinvelda.csv,4/11/2012 12:00:00 AM,14.71,2.62,4.0499997,24,85.05004,37.507744,0,-5.1275434,0.9174566,0,31.364706,1.1616558,11.226035,11,2.6856742,0,0,0,0,0,0,0,0,0,0,0,0,0,0,0,0,2,0,0,0,2,0,3,2,
..\..\..\files\weather\calibration\daily\San Giorgio della Richinvelda.csv,4/12/2012 12:00:00 AM,14.91,5.4599996,16.004168,23,92.27817,49.045856,0,-3.449439,1.2755607,0.48677337,31.851479,1.1796844,11.237303,11,2.6950545,1,0,0,0,0,0,1,0,0,0,0,0,0,0,0,0,3,0,0,0,2,0,4,2,
..\..\..\files\weather\calibration\daily\San Giorgio della Richinvelda.csv,4/13/2012 12:00:00 AM,16.84,4.42,0,0,87.2377,38.108215,0,-4.326522,1.8834784,1.4815015,33.33298,1.2345549,11.271597,11,2.7236044,1,0,0,0,0,0,0,0,0,0,0,0,0,0,0,0,4,0,0,0,2,0,4,2,
..\..\..\files\weather\calibration\daily\San Giorgio della Richinvelda.csv,4/14/2012 12:00:00 AM,15.51,6.8000007,0,6,95.18472,53.39771,0,-2.6121697,1.7428304,2.5365074,35.869488,1.3284996,11.330312,11,2.7724845,0,0,0,0,0,0,0,0,0,0,0,0,0,0,0,0,4,0,0,0,2,0,4,2,
..\..\..\files\weather\calibration\daily\San Giorgio della Richinvelda.csv,4/15/2012 12:00:00 AM,17.27,9.12,0.41666666,7,98.9399,58.107567,0,-0.83249044,3.2425094,5.9332423,41.80273,1.5482492,11.467656,11,2.8868237,0,0,0,0,0,0,0,0,0,0,0,0,0,0,0,0,4,0,0,0,2,0,4,2,
..\..\..\files\weather\calibration\daily\San Giorgio della Richinvelda.csv,4/16/2012 12:00:00 AM,15.09,8.74,9.583333,23,100,66.368195,0,-1.1349924,2.0400078,3.9161916,45.71892,1.6932935,12.038872,12,3.4164248,0,0,0,1,0,0,1,0,0,0,0,0,0,0,0,0,4,0,0,1,2,0,5,2,
..\..\..\files\weather\calibration\daily\San Giorgio della Richinvelda.csv,4/17/2012 12:00:00 AM,17.65,6.669749,0,5,97.483925,54.73727,0,-2.8252273,2.664898,4.329844,50.048767,1.8536581,12.105691,12,3.5649862,0,0,0,0,0,0,0,0,0,0,0,0,0,0,0,0,4,0,0,1,2,0,5,2,
..\..\..\files\weather\calibration\daily\San Giorgio della Richinvelda.csv,4/18/2012 12:00:00 AM,18.15,4.6999993,0.17916667,1,85.92018,35.245304,0,-4.255762,2.4692376,3.0444236,53.09319,1.9664145,12.152673,12,3.6694424,0,0,0,0,0,0,0,0,0,0,0,0,0,0,0,0,4,0,0,1,2,0,5,2,
..\..\..\files\weather\calibration\daily\San Giorgio della Richinvelda.csv,4/19/2012 12:00:00 AM,16.68,5.2700005,4.304167,24,89.64509,41.987514,0,-3.7495923,1.9554076,2.18567,55.27886,2.0473652,12.186402,12,3.7444344,0,0,0,1,0,0,0,0,0,0,0,0,0,0,0,0,4,0,0,2,2,0,5,2,
..\..\..\files\weather\calibration\daily\San Giorgio della Richinvelda.csv,4/20/2012 12:00:00 AM,16.53,7.8799996,4.6,24,96.74507,54.74934,0,-1.8602083,2.464792,4.404562,59.68342,2.210497,12.254374,12,3.8955572,0,0,0,1,0,0,1,0,0,0,0,0,0,0,0,0,4,0,0,3,2,0,6,2,
..\..\..\files\weather\calibration\daily\San Giorgio della Richinvelda.csv,4/21/2012 12:00:00 AM,17.39,7.3999996,9.033333,24,94.1719,48.839317,0,-2.261662,2.7333379,4.7141476,64.39757,2.3850951,12.327123,12,4.0573025,0,0,0,1,0,0,1,0,0,0,0,0,0,0,0,0,4,0,0,4,2,0,7,2,
..\..\..\files\weather\calibration\daily\San Giorgio della Richinvelda.csv,4/22/2012 12:00:00 AM,19.7,6.8199997,5.4291663,24,90.0049,38.153313,0,-2.7874384,3.6525621,6.02656,70.424126,2.608301,13.065094,13,5.698059,0,0,0,1,0,0,1,0,0,0,0,0,0,0,0,0,4,0,0,5,2,0,8,2,
..\..\..\files\weather\calibration\daily\San Giorgio della Richinvelda.csv,4/23/2012 12:00:00 AM,15.91,6.1206517,10.3875,24,97.50398,57.2866,0,-3.1106892,1.7839848,2.2651744,72.6893,2.6921964,13.091311,13,5.756349,1,0,0,1,0,0,1,0,0,0,0,0,0,0,0,0,5,0,0,6,2,0,9,2,
..\..\..\files\weather\calibration\daily\San Giorgio della Richinvelda.csv,4/24/2012 12:00:00 AM,15.1,4.58,3.6583335,24,89.763985,44.325886,0,-4.023783,1.2362169,0,72.6893,2.6921964,13.091311,13,5.756349,1,0,0,0,0,0,1,0,0,0,0,0,0,0,0,0,6,0,0,6,2,0,10,2,
..\..\..\files\weather\calibration\daily\San Giorgio della Richinvelda.csv,4/25/2012 12:00:00 AM,16.33,6.8600006,13.608333,23,94.30732,50.4117,0,-2.6194293,2.1155703,3.353845,76.043144,2.8164127,13.130129,13,5.8426533,1,0,0,1,0,1,1,0,0,0,0,0,0,0,0,0,7,0,0,7,2,1,11,2,
..\..\..\files\weather\calibration\daily\San Giorgio della Richinvelda.csv,4/26/2012 12:00:00 AM,19.32,5.5,0,0,85.856224,34.610203,0,-3.767366,3.142634,4.73825,80.781395,2.9919035,13.18497,13,5.9645834,1,0,0,0,0,0,0,0,0,0,0,0,0,0,0,0,8,0,0,7,2,1,11,2,
..\..\..\files\weather\calibration\daily\San Giorgio della Richinvelda.csv,4/27/2012 12:00:00 AM,21.94,6.34,0,0,82.3102,29.922808,0,-3.2306538,4.5693464,7.2098083,87.9912,3.2589335,14.014733,14,7.809424,0,0,0,0,0,0,0,0,0,0,0,0,0,0,0,0,8,0,0,7,2,1,11,2,
..\..\..\files\weather\calibration\daily\San Giorgio della Richinvelda.csv,4/28/2012 12:00:00 AM,26,7.489999,0,0,74.20217,22.871626,0,-2.33982,6.91518,9.900714,97.891914,3.6256266,14.106406,14,8.013243,0,0,0,0,0,0,0,0,0,0,0,0,0,0,0,0,8,0,0,7,2,1,11,2,
..\..\..\files\weather\calibration\daily\San Giorgio della Richinvelda.csv,4/29/2012 12:00:00 AM,29.120003,10.000001,0,0,81.253586,21.330578,0,0,9.560001,11.554627,109.44654,4.0535755,17.00023,17,12.631883,0,0,0,0,0,0,0,0,0,0,0,0,0,0,0,0,8,0,0,7,2,1,11,2,
..\..\..\files\weather\calibration\daily\San Giorgio della Richinvelda.csv,4/30/2012 12:00:00 AM,24,12.09,0,1,91.07269,43.05824,0,0,8.045,10.820282,120.26682,4.4543266,32.001556,32,32.37047,0,0,0,0,0,0,0,0,0,0,0,0,0,0,0,0,8,0,0,7,2,1,11,2,
..\..\..\files\weather\calibration\daily\San Giorgio della Richinvelda.csv,5/1/2012 12:00:00 AM,25.34,13.149999,0.1875,1,89.609085,41.920765,0,0,9.244999,11.431293,131.69812,4.877708,48.001896,48,53.42355,0,0,0,0,0,0,0,0,0,0,0,0,0,0,0,0,8,0,0,7,2,1,11,2,
..\..\..\files\weather\calibration\daily\San Giorgio della Richinvelda.csv,5/2/2012 12:00:00 AM,25.79,11.860001,4.3125,23,85.06555,35.600273,0,0,8.825001,11.243003,142.94112,5.2941155,53.044117,53,60.220585,0,0,0,1,0,0,0,1,0,0,0,0,0,0,0,0,8,0,0,8,2,1,11,3,
..\..\..\files\weather\calibration\daily\San Giorgio della Richinvelda.csv,5/3/2012 12:00:00 AM,24.719997,12.0204735,0,0,89.26949,40.79818,0,0,8.370235,11.008155,153.94926,5.7018247,53.105274,53,60.52637,0,0,0,0,0,0,0,0,0,0,0,0,0,0,0,0,8,0,0,8,2,1,11,3,
..\..\..\files\weather\calibration\daily\San Giorgio della Richinvelda.csv,5/4/2012 12:00:00 AM,25.369999,9.729999,0,0,81.27093,30.262989,0,-0.26767159,7.552329,10.502159,164.45142,6.090793,53.16362,53,60.8181,0,0,0,0,0,0,0,0,0,0,0,0,0,0,0,0,8,0,0,8,2,1,11,3,
..\..\..\files\weather\calibration\daily\San Giorgio della Richinvelda.csv,5/5/2012 12:00:00 AM,23.259998,10.729999,0.15416667,1,89.78846,40.563915,0,0,6.994999,10.098752,174.55017,6.464821,53.219723,53,61.098614,0,0,0,0,0,0,0,0,0,0,0,0,0,0,0,0,8,0,0,8,2,1,11,3,
..\..\..\files\weather\calibration\daily\San Giorgio della Richinvelda.csv,5/6/2012 12:00:00 AM,21.09,9.470001,3.8625,24,92.18709,43.689575,0,-0.5179119,5.2920876,8.531477,183.08165,6.780802,54.013695,54,65.068474,0,0,0,1,0,0,0,1,0,0,0,0,0,0,0,0,8,0,0,9,2,1,11,4,
..\..\..\files\weather\calibration\daily\San Giorgio della Richinvelda.csv,5/7/2012 12:00:00 AM,21.12,12.1,7.420833,24,98.929214,55.749096,0,0,6.6100006,9.78952,192.87117,7.143377,54.057205,54,65.286026,0,0,0,1,0,1,1,1,0,0,0,0,0,0,0,0,8,0,0,10,2,2,12,5,
..\..\..\files\weather\calibration\daily\San Giorgio della Richinvelda.csv,5/8/2012 12:00:00 AM,22.37,10.54,3.1625001,23,91.712585,43.17957,0,0,6.455,9.65815,202.52933,7.5010858,54.100132,54,65.500656,0,0,0,1,0,0,0,1,0,0,0,0,0,0,0,0,8,0,0,11,2,2,12,6,
..\..\..\files\weather\calibration\daily\San Giorgio della Richinvelda.csv,5/9/2012 12:00:00 AM,24.97,11.6,0,0,86.96835,37.56422,0,0,8.285,10.960531,213.48985,7.9070315,54.148846,54,65.74423,0,0,0,0,0,0,0,0,0,0,0,0,0,0,0,0,8,0,0,11,2,2,12,6,
..\..\..\files\weather\calibration\daily\San Giorgio della Richinvelda.csv,5/10/2012 12:00:00 AM,26.39,11.39,0,0,82.05537,32.12962,0,0,8.889999,11.273933,224.7638,8.324585,54.19895,54,65.99476,0,0,0,0,0,0,0,0,0,0,0,0,0,0,0,0,8,0,0,11,2,2,12,6,
..\..\..\files\weather\calibration\daily\San Giorgio della Richinvelda.csv,5/11/2012 12:00:00 AM,29.83,12.359999,0,0,72.813515,24.875706,0,0,11.094999,11.939179,236.70297,8.766777,55.043343,55,70.21671,0,0,0,0,0,0,0,0,0,0,0,0,0,0,0,0,8,0,0,11,2,2,12,6,
..\..\..\files\weather\calibration\daily\San Giorgio della Richinvelda.csv,5/12/2012 12:00:00 AM,29.79,12.77,0.39166665,1,73.8449,25.975615,0,0,11.280001,11.9615345,248.6645,9.209797,55.087646,55,70.43823,0,0,0,1,0,0,0,0,0,0,0,0,0,0,0,0,8,0,0,12,2,2,12,6,
..\..\..\files\weather\calibration\daily\San Giorgio della Richinvelda.csv,5/13/2012 12:00:00 AM,31.4,11.092339,9.008333,23,79.41606,23.895098,0,0,11.24617,11.95783,260.62234,9.652679,55.131935,55,70.659676,0,0,1,1,0,0,1,1,0,0,0,0,0,0,0,0,8,0,1,13,2,2,13,7,
..\..\..\files\weather\calibration\daily\San Giorgio della Richinvelda.csv,5/14/2012 12:00:00 AM,21.83,8.601214,0,0,89.82782,40.087364,0,-1.3248329,5.2895594,8.462933,269.08527,9.966121,55.16328,55,70.81641,0,0,0,0,0,0,0,0,0,0,0,0,0,0,0,0,8,0,1,13,2,2,13,7,
..\..\..\files\weather\calibration\daily\San Giorgio della Richinvelda.csv,5/15/2012 12:00:00 AM,20.09,6.6300006,0.21249999,1,87.17766,36.22412,0,-2.9481237,3.7818763,6.1685,275.25375,10.194583,56.016678,56,75.08339,0,0,0,0,0,0,0,0,0,0,0,0,0,0,0,0,8,0,1,13,2,2,13,7,
..\..\..\files\weather\calibration\daily\San Giorgio della Richinvelda.csv,5/16/2012 12:00:00 AM,22.16,5.1800003,5.2,24,79.59705,26.13769,0,-4.135889,4.3541107,6.596167,281.8499,10.438886,56.03762,56,75.1881,0,0,1,0,0,0,0,1,0,0,0,0,0,0,0,0,8,0,2,13,2,2,13,8,
..\..\..\files\weather\calibration\daily\San Giorgio della Richinvelda.csv,5/17/2012 12:00:00 AM,18.19,6.2199993,7.1875,23,89.75837,40.816463,0,-3.1831584,2.8018422,4.404562,286.2545,10.602018,56.0516,56,75.25801,0,0,1,1,0,1,1,0,0,0,0,0,0,0,0,0,8,0,3,14,2,3,14,8,
..\..\..\files\weather\calibration\daily\San Giorgio della Richinvelda.csv,5/18/2012 12:00:00 AM,21.16,5.5400004,0,0,82.13971,29.634453,0,-3.8232648,3.986735,6.1543937,292.40887,10.829958,56.07114,56,75.3557,0,0,0,0,0,0,0,0,0,0,0,0,0,0,0,0,8,0,3,14,2,3,14,8,
..\..\..\files\weather\calibration\daily\San Giorgio della Richinvelda.csv,5/19/2012 12:00:00 AM,22.47,5.4699993,0,0,78.92526,26.157907,0,-3.9264445,4.5735555,6.9926133,299.4015,11.088944,56.093338,56,75.46669,0,0,0,0,0,0,0,0,0,0,0,0,0,0,0,0,8,0,3,14,2,3,14,8,
..\..\..\files\weather\calibration\daily\San Giorgio della Richinvelda.csv,5/20/2012 12:00:00 AM,24.1,7.3199997,0.375,1,80.33262,27.011597,0,-2.4659834,5.924017,8.970902,308.3724,11.4212,56.12182,56,75.60909,0,0,0,1,0,0,0,0,1,0,0,1,1,0,1,1,8,0,3,15,2,3,14,8,
..\..\..\files\weather\calibration\daily\San Giorgio della Richinvelda.csv,5/21/2012 12:00:00 AM,22.05,9.76,9.179167,24,92.66203,41.268112,0,-0.23765612,5.9073434,9.15979,317.5322,11.760451,57.007034,57,80.03517,0,0,1,1,0,0,1,1,1,0,0,1,0,1,1,0,8,0,4,16,2,3,15,9,
..\..\..\files\weather\calibration\daily\San Giorgio della Richinvelda.csv,5/22/2012 12:00:00 AM,20.14,11.78,12.8875,24,100,58.859318,0,0,5.959999,9.211904,326.7441,12.101634,57.032623,57,80.16312,1,0,1,1,1,1,1,1,0,0,0,0,0,0,0,0,9,0,5,17,3,4,16,10,
..\..\..\files\weather\calibration\daily\San Giorgio della Richinvelda.csv,5/23/2012 12:00:00 AM,21.67,10.29,3.2583332,23,92.87251,44.877472,0,0,5.9799995,9.230729,335.97485,12.443514,57.05826,57,80.291306,1,0,0,1,1,0,1,1,0,0,0,1,0,0,1,0,10,0,5,18,4,4,17,11,
..\..\..\files\weather\calibration\daily\San Giorgio della Richinvelda.csv,5/24/2012 12:00:00 AM,26.78,14.550001,0,0,88.29571,41.544945,0,0,10.665001,11.86739,347.84225,12.883046,57.09123,57,80.45615,0,0,0,0,0,0,0,0,1,0,0,1,0,1,1,0,10,0,5,18,4,4,17,11,
..\..\..\files\weather\calibration\daily\San Giorgio della Richinvelda.csv,5/25/2012 12:00:00 AM,30.15,14.120001,0,0,78.35965,28.417992,0,0,12.135,11.998653,359.8409,13.32744,57.124557,57,80.62279,0,0,0,0,0,0,0,0,0,0,0,0,0,0,0,0,10,0,5,18,4,4,17,11,
..\..\..\files\weather\calibration\daily\San Giorgio della Richinvelda.csv,5/26/2012 12:00:00 AM,25.92,13.36,0,0,88.26818,40.446983,0,0,9.639999,11.58352,371.42444,13.75646,58.02821,58,85.14105,0,0,0,0,0,0,0,0,0,0,0,0,0,0,0,0,10,0,5,18,4,4,17,11,
..\..\..\files\weather\calibration\daily\San Giorgio della Richinvelda.csv,5/27/2012 12:00:00 AM,23.970001,11.570001,0,0,89.866165,41.12858,0,0,7.7700005,10.648366,382.0728,14.150845,58.0545,58,85.27251,0,0,0,0,0,0,0,0,0,0,0,0,0,0,0,0,10,0,5,18,4,4,17,11,
..\..\..\files\weather\calibration\daily\San Giorgio della Richinvelda.csv,5/28/2012 12:00:00 AM,25.07,10.57,0.14999999,1,84.17351,33.75241,0,0,7.8199997,10.680517,392.75333,14.54642,58.08087,58,85.40436,0,0,0,0,0,0,0,0,0,0,0,0,0,0,0,0,10,0,5,18,4,4,17,11,
..\..\..\files\weather\calibration\daily\San Giorgio della Richinvelda.csv,5/29/2012 12:00:00 AM,26.27,11.98,3.4499998,23,83.83245,34.372883,0,0,9.125,11.380285,404.1336,14.967911,58.10897,58,85.54485,0,0,0,1,0,0,0,1,0,0,0,0,0,0,0,1,10,0,5,19,4,4,17,12,
..\..\..\files\weather\calibration\daily\San Giorgio della Richinvelda.csv,5/30/2012 12:00:00 AM,27.940002,13.250001,0.13333334,1,81.29416,32.845276,0,0,10.595001,11.853071,415.98666,15.406914,59.024414,59,90.12207,0,0,0,0,0,0,0,0,0,0,0,0,0,0,0,0,10,0,5,19,4,4,17,12,
..\..\..\files\weather\calibration\daily\San Giorgio della Richinvelda.csv,5/31/2012 12:00:00 AM,28.67,13.56,3.1625001,24,79.495285,31.41158,0,0,11.115,11.941844,427.9285,15.849203,59.050953,59,90.25476,0,0,0,1,0,0,0,1,0,0,0,0,0,0,0,0,10,0,5,20,4,4,17,13,
..\..\..\files\weather\calibration\daily\San Giorgio della Richinvelda.csv,6/1/2012 12:00:00 AM,28.01,15.030001,2.2041667,23,85.19245,38.471436,0,0,11.52,11.9829235,439.9114,16.293015,59.07758,59,90.38789,0,0,0,1,0,0,1,1,0,0,0,1,0,0,1,1,10,0,5,21,4,4,18,14,
..\..\..\files\weather\calibration\daily\San Giorgio della Richinvelda.csv,6/2/2012 12:00:00 AM,27.56,16.37,0,1,90.61472,45.440334,0,0,11.965,11.99991,451.91132,16.737457,60.00386,60,95.0193,0,0,0,0,0,0,0,0,0,0,0,0,0,0,0,1,10,0,5,21,4,4,18,14,
..\..\..\files\weather\calibration\daily\San Giorgio della Richinvelda.csv,6/3/2012 12:00:00 AM,25.42,16.72,0,6,98.21313,57.54872,0,0,11.07,11.935765,463.84708,17.179522,60.027973,60,95.13986,0,0,0,0,0,0,0,0,0,0,0,0,0,0,0,0,10,0,5,21,4,4,18,14,
..\..\..\files\weather\calibration\daily\San Giorgio della Richinvelda.csv,6/4/2012 12:00:00 AM,25.9,15.495962,0.7625,6,95.49933,52.88618,0,0,10.697981,11.873881,475.72095,17.619293,60.05196,60,95.259796,0,0,0,1,0,0,0,0,0,0,0,0,0,0,0,0,10,0,5,22,4,4,18,14,
..\..\..\files\weather\calibration\daily\San Giorgio della Richinvelda.csv,6/5/2012 12:00:00 AM,24.04,14.03,17.5375,23,95.8278,51.30751,0,0,9.035,11.340566,487.06152,18.039316,60.07487,60,95.37436,1,0,1,1,0,0,1,1,0,0,0,0,0,0,0,0,11,0,6,23,4,4,19,15,
..\..\..\files\weather\calibration\daily\San Giorgio della Richinvelda.csv,6/6/2012 12:00:00 AM,25.86,12.07,0,0,85.34893,36.06689,0,0,8.965,11.308805,498.37033,18.45816,61.00624,61,100,1,0,0,0,0,0,0,0,0,0,1,1,0,0,1,1,12,0,6,23,4,4,19,15,
..\..\..\files\weather\calibration\daily\San Giorgio della Richinvelda.csv,6/7/2012 12:00:00 AM,24.91,12.68,0,0,89.796074,41.79288,0,0,8.795,11.228504,509.59885,18.874031,61.027035,61,100,0,0,0,0,0,0,0,0,0,0,1,1,0,1,1,1,12,0,6,23,4,4,19,15,
..\..\..\files\weather\calibration\daily\San Giorgio della Richinvelda.csv,6/8/2012 12:00:00 AM,25.19,14.15,0,3,92.54871,46.620384,0,0,9.67,11.594105,521.19293,19.303442,61.048504,61,100,0,0,0,0,0,0,0,0,0,0,1,1,0,0,1,0,12,0,6,23,4,4,19,15,
..\..\..\files\weather\calibration\daily\San Giorgio della Richinvelda.csv,6/9/2012 12:00:00 AM,26.67,16.9,0.19166666,6,94.381035,51.951683,0,0,11.785,11.996578,533.1895,19.747759,61.07072,61,100,0,0,0,0,0,0,0,0,1,0,1,1,1,1,1,1,12,0,6,23,4,4,19,15,
..\..\..\files\weather\calibration\daily\San Giorgio della Richinvelda.csv,6/10/2012 12:00:00 AM,24.96,15.849999,4.9249997,24,97.5382,55.571968,0,0,10.404999,11.810474,545,20.185184,71.007454,71,89.94409,0,0,0,1,0,0,0,1,1,0,1,1,0,0,1,1,12,0,6,24,4,4,19,16,
..\..\..\files\weather\calibration\daily\San Giorgio della Richinvelda.csv,6/11/2012 12:00:00 AM,23.650002,15.250001,12.674999,24,100,59.37621,0,0,9.450001,11.513293,556.5133,20.611603,71.02463,71,89.81529,1,0,1,0,0,1,1,1,0,0,0,0,0,0,0,0,13,0,7,24,4,5,20,17,
..\..\..\files\weather\calibration\daily\San Giorgio della Richinvelda.csv,6/12/2012 12:00:00 AM,23.7,14.200001,18.9375,24,97.28389,53.751987,0,0,8.950001,11.301901,567.8152,21.030191,71.04148,71,89.68889,1,0,1,0,1,0,1,1,0,0,0,0,0,0,0,0,14,0,8,24,5,5,21,18,
..\..\..\files\weather\calibration\daily\San Giorgio della Richinvelda.csv,6/13/2012 12:00:00 AM,23.47,13.702177,17.0375,24,97.02206,53.06642,0,0,8.586088,11.123658,578.93884,21.442179,71.058075,71,89.56444,1,0,1,0,1,0,1,1,0,0,0,0,0,0,0,0,15,0,9,24,6,5,22,19,
..\..\..\files\weather\calibration\daily\San Giorgio della Richinvelda.csv,6/14/2012 12:00:00 AM,25.080002,11.750001,6.1333337,23,86.998566,37.703526,0,0,8.415001,11.032709,589.97156,21.8508,71.07453,71,89.44101,1,0,1,0,1,1,1,1,0,0,0,0,0,0,0,0,16,0,10,24,7,6,23,20,
..\..\..\files\weather\calibration\daily\San Giorgio della Richinvelda.csv,6/15/2012 12:00:00 AM,26.27,11.18,0,0,81.939896,31.865852,0,0,8.725,11.194134,601.1657,22.265396,71.091225,71,89.31581,0,0,0,0,0,0,0,0,0,0,0,0,0,0,0,0,16,0,10,24,7,6,23,20,
..\..\..\files\weather\calibration\daily\San Giorgio della Richinvelda.csv,6/16/2012 12:00:00 AM,28.07,12.200001,0,0,78.44767,29.364391,0,0,10.135,11.740542,612.90625,22.700232,71.108734,71,89.184494,0,0,0,0,0,0,0,0,0,0,0,0,0,0,0,1,16,0,10,24,7,6,23,20,
..\..\..\files\weather\calibration\daily\San Giorgio della Richinvelda.csv,6/17/2012 12:00:00 AM,30.12,14.640001,0,0,76.78301,29.928497,0,0,12.380001,11.989337,624.89557,23.144281,71.12662,71,89.05037,0,0,0,0,0,0,0,0,0,0,0,0,0,0,0,0,16,0,10,24,7,6,23,20,
..\..\..\files\weather\calibration\daily\San Giorgio della Richinvelda.csv,6/18/2012 12:00:00 AM,32.42,16.330002,0,0,71.942474,27.417587,0,0,14.375,11.586723,636.4823,23.573418,71.1439,71,88.92076,0,0,0,0,0,0,0,0,0,0,0,0,0,0,0,0,16,0,10,24,7,6,23,20,
..\..\..\files\weather\calibration\daily\San Giorgio della Richinvelda.csv,6/19/2012 12:00:00 AM,33.9,16.260002,0,0,66.25727,23.13485,0,0,15.080002,11.306737,647.78906,23.992188,71.16076,71,88.79431,0,0,0,0,0,0,0,0,0,0,0,0,0,0,0,1,16,0,10,24,7,6,23,20,
..\..\..\files\weather\calibration\daily\San Giorgio della Richinvelda.csv,6/20/2012 12:00:00 AM,34.69,18.79,0,0,68.286224,26.768375,0,0,16.74,10.367428,658.1565,24.376165,71.17622,71,88.67832,0,0,0,0,0,0,0,0,0,0,0,0,0,0,1,1,16,0,10,24,7,6,23,20,
..\..\..\files\weather\calibration\daily\San Giorgio della Richinvelda.csv,6/21/2012 12:00:00 AM,33.72,19.09,0,0,72.68621,30.643496,0,0,16.405,10.588465,668.74493,24.76833,71.19202,71,88.559875,0,0,0,0,0,0,0,0,0,0,0,0,0,0,0,0,16,0,10,24,7,6,23,20,
..\..\..\files\weather\calibration\daily\San Giorgio della Richinvelda.csv,6/22/2012 12:00:00 AM,33.36,19.46,0,0,74.876625,32.960148,0,0,16.41,10.585282,679.3302,25.160378,72.011024,72,82.41731,0,0,0,0,0,0,0,0,0,0,0,0,0,0,0,0,16,0,10,24,7,6,23,20,
..\..\..\files\weather\calibration\daily\San Giorgio della Richinvelda.csv,6/23/2012 12:00:00 AM,32.77,18.94,0,0,85.53986,33.525936,0,0,15.855,10.916918,690.24713,25.564709,72.02465,72,82.315125,0,0,0,0,0,0,0,0,0,0,0,0,0,0,0,0,16,0,10,24,7,6,23,20,
..\..\..\files\weather\calibration\daily\San Giorgio della Richinvelda.csv,6/24/2012 12:00:00 AM,29.170002,19.643936,0,3,92.8379,53.93857,0,0,14.406969,11.575572,701.8227,25.993433,72.03911,72,82.20669,0,0,0,0,0,0,0,0,1,0,1,1,0,0,1,1,16,0,10,24,7,6,23,20,
..\..\..\files\weather\calibration\daily\San Giorgio della Richinvelda.csv,6/25/2012 12:00:00 AM,31.44,17.62,0.15833333,1,78.421745,34.284218,0,0,14.530001,11.531288,713.354,26.420519,72.0535,72,82.09877,0,0,0,0,0,0,0,0,0,0,0,0,0,0,0,0,16,0,10,24,7,6,23,20,
..\..\..\files\weather\calibration\daily\San Giorgio della Richinvelda.csv,6/26/2012 12:00:00 AM,31.43,17.970001,3.6416667,23,79.22675,35.42831,0,0,14.700001,11.466516,724.8205,26.845205,72.06782,72,81.99136,0,0,0,1,0,0,0,1,0,0,0,0,0,0,0,0,16,0,10,25,7,6,23,21,
..\..\..\files\weather\calibration\daily\San Giorgio della Richinvelda.csv,6/27/2012 12:00:00 AM,29.57,17.16,0,0,84.47464,39.92427,0,0,13.365,11.862957,736.6835,27.284575,72.08263,72,81.8803,0,0,0,0,0,0,0,0,0,0,0,0,0,0,0,0,16,0,10,25,7,6,23,21,
..\..\..\files\weather\calibration\daily\San Giorgio della Richinvelda.csv,6/28/2012 12:00:00 AM,30.04,15.71,0,0,79.45024,33.32578,0,0,12.875,11.943577,748.6271,27.726927,72.097534,72,81.76849,0,0,0,0,0,0,0,0,0,0,0,0,0,0,1,1,16,0,10,25,7,6,23,21,
..\..\..\files\weather\calibration\daily\San Giorgio della Richinvelda.csv,6/29/2012 12:00:00 AM,31.82,16.84,0,0,75.285385,30.660025,0,0,14.33,11.60217,760.22925,28.15664,72.11202,72,81.659836,0,0,0,0,0,0,0,0,1,0,1,1,1,0,1,1,16,0,10,25,7,6,23,21,
..\..\..\files\weather\calibration\daily\San Giorgio della Richinvelda.csv,6/30/2012 12:00:00 AM,32.97,18.91,0,0,75.25685,32.719734,0,0,15.940001,10.868959,771.0982,28.559193,72.12559,72,81.55809,0,0,0,0,0,0,0,0,1,0,1,1,1,0,1,1,16,0,10,25,7,6,23,21,
..\..\..\files\weather\calibration\daily\San Giorgio della Richinvelda.csv,7/1/2012 12:00:00 AM,34.87,20.420002,0,0,70.84139,30.423603,0,0,17.645,9.691276,780.7895,28.918129,72.13769,72,81.46735,0,0,0,0,0,0,0,0,1,0,1,1,0,0,1,1,16,0,10,25,7,6,23,21,
..\..\..\files\weather\calibration\daily\San Giorgio della Richinvelda.csv,7/2/2012 12:00:00 AM,36.11,19.84,0,0,64.80773,25.075588,0,0,17.975,9.416138,790.2056,29.266876,72.149445,72,81.379166,0,0,0,0,0,0,0,0,0,0,1,1,0,0,1,1,16,0,10,25,7,6,23,21,
..\..\..\files\weather\calibration\daily\San Giorgio della Richinvelda.csv,7/3/2012 12:00:00 AM,35.75,19.43,0,0,71.551,25.170057,0,0,17.59,9.73565,799.9413,29.627455,72.1616,72,81.28801,0,0,0,0,0,0,0,0,0,0,0,0,0,0,0,0,16,0,10,25,7,6,23,21,
..\..\..\files\weather\calibration\daily\San Giorgio della Richinvelda.csv,7/4/2012 12:00:00 AM,32.48,20.18,0,0,79.92127,38.652916,0,0,16.33,10.635777,810.5771,30.021372,77.00054,77,39.99729,0,0,0,0,0,0,0,0,0,0,0,0,0,0,0,0,16,0,10,25,7,6,23,21,
..\..\..\files\weather\calibration\daily\San Giorgio della Richinvelda.csv,7/5/2012 12:00:00 AM,32.86,18.190002,0,0,74.16798,31.015984,0,0,15.525002,11.093372,821.6705,30.43224,77.01101,77,39.944954,0,0,0,0,0,0,0,0,0,0,0,0,0,0,0,0,16,0,10,25,7,6,23,21,
..\..\..\files\weather\calibration\daily\San Giorgio della Richinvelda.csv,7/6/2012 12:00:00 AM,31.52,18.990002,0.3708333,1,81.12273,38.472862,0,0,15.255001,11.226204,832.89667,30.848022,77.02161,77,39.891968,0,1,0,0,0,0,0,0,0,0,0,0,0,0,0,0,16,1,10,25,7,6,23,21,
..\..\..\files\weather\calibration\daily\San Giorgio della Richinvelda.csv,7/7/2012 12:00:00 AM,30.66,17.41,8.529166,23,80.93313,36.503536,0,0,14.035,11.696194,844.59283,31.281216,77.032646,77,39.83677,0,1,1,0,0,0,1,1,0,0,0,0,0,0,0,0,16,2,11,25,7,6,24,22,
..\..\..\files\weather\calibration\daily\San Giorgio della Richinvelda.csv,7/8/2012 12:00:00 AM,30.650002,16.860003,0,0,79.74633,34.757267,0,0,13.755001,11.773803,856.36664,31.717283,77.043755,77,39.781227,0,0,0,0,0,0,0,0,0,0,0,0,0,0,0,0,16,2,11,25,7,6,24,22,
..\..\..\files\weather\calibration\daily\San Giorgio della Richinvelda.csv,7/9/2012 12:00:00 AM,31.780003,17.090002,0,0,75.97433,31.506193,0,0,14.435001,11.565674,867.9323,32.14564,77.054665,77,39.726677,0,0,0,0,0,0,0,0,0,0,0,0,0,0,0,0,16,2,11,25,7,6,24,22,
..\..\..\files\weather\calibration\daily\San Giorgio della Richinvelda.csv,7/10/2012 12:00:00 AM,32.99,18.850002,0.35,1,75.05173,32.471966,0,0,15.920002,10.880336,878.8126,32.548615,77.06493,77,39.67533,0,0,0,0,0,0,0,0,0,0,0,0,0,0,0,0,16,2,11,25,7,6,24,22,
..\..\..\files\weather\calibration\daily\San Giorgio della Richinvelda.csv,7/11/2012 12:00:00 AM,31.63,18.1,8.608334,24,78.73959,35.098457,0,0,14.865,11.399681,890.2123,32.970825,77.07569,77,39.621544,0,1,1,0,0,0,1,1,0,0,0,0,0,0,0,0,16,3,12,25,7,6,25,23,
..\..\..\files\weather\calibration\daily\San Giorgio della Richinvelda.csv,7/12/2012 12:00:00 AM,31.189999,18.2,13.0875,24,80.659584,37.09723,0,0,14.695,11.468481,901.6808,33.395584,77.08651,77,39.56745,1,1,1,0,1,0,1,1,0,0,0,0,0,0,0,0,17,4,13,25,8,6,26,24,
..\..\..\files\weather\calibration\daily\San Giorgio della Richinvelda.csv,7/13/2012 12:00:00 AM,29.29,18.17,5.6541667,23,87.8627,44.976433,0,0,13.73,11.78018,913.46094,33.831886,77.097626,77,39.51187,1,1,1,0,1,0,1,1,0,0,0,0,0,0,0,1,18,5,14,25,9,6,27,25,
..\..\..\files\weather\calibration\daily\San Giorgio della Richinvelda.csv,7/14/2012 12:00:00 AM,27.900002,18.250002,0,3,93.24599,52.003063,0,0,13.075001,11.914904,925.37585,34.273182,77.10887,77,39.455643,0,0,0,0,0,0,0,0,0,0,0,0,0,0,0,0,18,5,14,25,9,6,27,25,
..\..\..\files\weather\calibration\daily\San Giorgio della Richinvelda.csv,7/15/2012 12:00:00 AM,30.49,17.31,0.36249998,1,85.18779,36.81844,0,0,13.9,11.735028,937.1109,34.707813,77.11994,77,39.40029,0,0,0,0,0,0,0,0,0,0,0,0,0,0,0,0,18,5,14,25,9,6,27,25,
..\..\..\files\weather\calibration\daily\San Giorgio della Richinvelda.csv,7/16/2012 12:00:00 AM,27.04,17.03284,8.3375,23,93.42108,50.765186,0,0,12.036421,11.999902,949.1108,35.152252,77.13126,77,39.34368,0,1,1,0,0,0,1,1,0,0,0,0,0,0,0,0,18,6,15,25,9,6,28,26,
..\..\..\files\weather\calibration\daily\San Giorgio della Richinvelda.csv,7/17/2012 12:00:00 AM,27.89,15.169999,0,0,85.9426,39.436245,0,0,11.529999,11.983627,961.0944,35.596092,77.14258,77,39.28711,0,0,0,0,0,0,0,0,0,0,0,0,0,0,0,0,18,6,15,25,9,6,28,26,
..\..\..\files\weather\calibration\daily\San Giorgio della Richinvelda.csv,7/18/2012 12:00:00 AM,29.35,14.120001,0,0,78.37651,30.877655,0,0,11.735001,11.994801,973.08923,36.04034,77.15389,77,39.230537,0,0,0,0,0,0,0,0,0,0,0,0,0,0,0,0,18,6,15,25,9,6,28,26,
..\..\..\files\weather\calibration\daily\San Giorgio della Richinvelda.csv,7/19/2012 12:00:00 AM,30.67,15.72,0,0,77.15429,31.235521,0,0,13.195,11.894896,984.98413,36.480896,77.165115,77,39.174423,0,0,0,0,0,0,0,0,0,0,0,0,0,0,0,0,18,6,15,25,9,6,28,26,
..\..\..\files\weather\calibration\daily\San Giorgio della Richinvelda.csv,7/20/2012 12:00:00 AM,31.96,16.41,0,0,73.83909,29.029152,0,0,14.184999,11.649953,996.6341,36.912373,77.17611,77,39.119453,0,0,0,0,0,0,0,0,0,0,0,0,0,0,0,0,18,6,15,25,9,6,28,26,
..\..\..\files\weather\calibration\daily\San Giorgio della Richinvelda.csv,7/21/2012 12:00:00 AM,32.29,17.88,0.58750004,1,81.97076,32.065834,0,0,15.084999,11.304499,1007.9386,37.33106,77.186775,77,39.066124,0,0,0,1,0,0,0,0,0,0,0,0,0,0,0,0,18,6,15,26,9,6,28,26,
..\..\..\files\weather\calibration\daily\San Giorgio della Richinvelda.csv,7/22/2012 12:00:00 AM,27.27,16.280003,13.512501,23,90.76703,46.3678,0,0,11.775002,11.996251,1019.9349,37.775364,77.1981,77,39.009514,1,1,1,1,0,0,1,1,0,1,0,0,0,0,0,0,19,7,16,27,9,6,29,27,
..\..\..\files\weather\calibration\daily\San Giorgio della Richinvelda.csv,7/23/2012 12:00:00 AM,26.02,15.09,0,3,92.159355,46.957767,0,0,10.555,11.844557,1031.7794,38.21405,77.209274,77,38.95363,1,0,0,0,0,0,0,0,0,1,1,1,0,0,1,1,20,7,16,27,9,6,29,27,
..\..\..\files\weather\calibration\daily\San Giorgio della Richinvelda.csv,7/24/2012 12:00:00 AM,27.77,15,0,0,85.96255,39.290646,0,0,11.385,11.971951,1043.7513,38.657455,77.22057,77,38.897133,0,0,0,0,0,0,0,0,0,0,0,0,0,0,0,0,20,7,16,27,9,6,29,27,
..\..\..\files\weather\calibration\daily\San Giorgio della Richinvelda.csv,7/25/2012 12:00:00 AM,30.27,16.97,0,0,81.42052,36.521233,0,0,13.619999,11.807163,1055.5585,39.094757,77.23171,77,38.84144,0,0,0,0,0,0,0,0,0,0,0,0,0,0,0,0,20,7,16,27,9,6,29,27,
..\..\..\files\weather\calibration\daily\San Giorgio della Richinvelda.csv,7/26/2012 12:00:00 AM,28.67,16.58,0,0,86.45577,41.488026,0,0,12.625,11.971184,1067.5297,39.538136,78.00594,78,34.970284,0,0,0,0,0,0,0,0,0,0,0,0,0,0,0,0,20,7,16,27,9,6,29,27,
..\..\..\files\weather\calibration\daily\San Giorgio della Richinvelda.csv,7/27/2012 12:00:00 AM,31.24,17.15,0,0,78.15605,33.547733,0,0,14.195,11.646756,1079.1764,39.969494,78.01483,78,34.925842,0,0,0,0,0,0,0,0,1,1,1,1,1,0,1,1,20,7,16,27,9,6,29,27,
..\..\..\files\weather\calibration\daily\San Giorgio della Richinvelda.csv,7/28/2012 12:00:00 AM,32.82,18.11,0,0,74.15465,30.924475,0,0,15.465,11.123789,1090.3002,40.38149,78.02333,78,34.883347,0,0,0,0,0,0,0,0,1,1,1,1,0,0,1,1,20,7,16,27,9,6,29,27,
..\..\..\files\weather\calibration\daily\San Giorgio della Richinvelda.csv,7/29/2012 12:00:00 AM,34.62,19.41,0.09583333,1,69.800095,28.551065,0,0,17.015,10.1741495,1100.4744,40.75831,78.0311,78,34.844513,0,0,0,0,0,0,0,0,0,1,1,1,0,0,1,1,20,7,16,27,9,6,29,27,
..\..\..\files\weather\calibration\daily\San Giorgio della Richinvelda.csv,7/30/2012 12:00:00 AM,32.28,18.67,2.5458333,24,77.448746,34.486343,0,0,15.474998,11.118756,1111.5931,41.170116,78.03959,78,34.802055,0,0,0,1,0,0,0,1,0,0,0,0,0,0,0,0,20,7,16,28,9,6,29,28,
..\..\..\files\weather\calibration\daily\San Giorgio della Richinvelda.csv,7/31/2012 12:00:00 AM,30.28,18.6,7.8583336,23,85.071785,42.26098,0,0,14.440001,11.563898,1123.157,41.598408,78.04842,78,34.75788,0,1,1,1,0,0,1,1,0,0,0,0,0,0,0,0,20,8,17,29,9,6,30,29,
..\..\..\files\weather\calibration\daily\San Giorgio della Richinvelda.csv,8/1/2012 12:00:00 AM,31.28,19.064823,0,0,82.90957,40.815624,0,0,15.172413,11.264755,1134.4218,42.01562,78.05702,78,34.71489,0,0,0,0,0,0,0,0,0,0,0,0,0,0,0,0,20,8,17,29,9,6,30,29,
..\..\..\files\weather\calibration\daily\San Giorgio della Richinvelda.csv,8/2/2012 12:00:00 AM,32.09,16.83,0,0,74.241844,29.757448,0,0,14.459999,11.556751,1145.9785,42.44365,78.06585,78,34.670753,0,0,0,0,0,0,0,0,0,1,1,1,0,0,1,1,20,8,17,29,9,6,30,29,
..\..\..\files\weather\calibration\daily\San Giorgio della Richinvelda.csv,8/3/2012 12:00:00 AM,33.26,17.25,0,0,70.67406,27.236074,0,0,15.254999,11.226204,1157.2047,42.859436,78.074425,78,34.627876,0,0,0,0,0,0,0,0,0,0,0,0,0,0,0,0,20,8,17,29,9,6,30,29,
..\..\..\files\weather\calibration\daily\San Giorgio della Richinvelda.csv,8/4/2012 12:00:00 AM,32.32,18.690002,0,0,77.335365,34.401165,0,0,15.505001,11.103568,1168.3082,43.270676,78.0829,78,34.585495,0,0,0,0,0,0,0,0,0,0,0,0,0,0,0,0,20,8,17,29,9,6,30,29,
..\..\..\files\weather\calibration\daily\San Giorgio della Richinvelda.csv,8/5/2012 12:00:00 AM,32.75,18.93,0,0,76.16324,33.56801,0,0,15.84,10.925276,1179.2335,43.675316,78.09124,78,34.5438,0,0,0,0,0,0,0,0,0,0,0,0,0,0,0,0,20,8,17,29,9,6,30,29,
..\..\..\files\weather\calibration\daily\San Giorgio della Richinvelda.csv,8/6/2012 12:00:00 AM,33.14,19.220001,0,0,75.24176,33.034912,0,0,16.18,10.728014,1189.9615,44.072647,78.099434,78,34.50283,0,0,0,0,0,0,0,0,0,0,0,0,0,0,0,0,20,8,17,29,9,6,30,29,
..\..\..\files\weather\calibration\daily\San Giorgio della Richinvelda.csv,8/7/2012 12:00:00 AM,33.1,19.48,0,0,75.94892,33.965538,0,0,16.289999,10.6606865,1200.6222,44.467487,78.107574,78,34.462128,0,0,0,0,0,0,0,0,0,0,0,0,0,0,0,0,20,8,17,29,9,6,30,29,
..\..\..\files\weather\calibration\daily\San Giorgio della Richinvelda.csv,8/8/2012 12:00:00 AM,31.920002,18.980001,0,0,79.53142,36.849102,0,0,15.450001,11.131313,1211.7535,44.87976,78.11608,78,34.419594,0,0,0,0,0,0,0,0,1,1,1,1,0,0,1,1,20,8,17,29,9,6,30,29,
..\..\..\files\weather\calibration\daily\San Giorgio della Richinvelda.csv,8/9/2012 12:00:00 AM,32.14,17.99,0,0,76.530304,32.9138,0,0,15.064999,11.313437,1223.067,45.29878,78.12472,78,34.37641,0,0,0,0,0,0,0,0,0,0,0,0,0,0,0,0,20,8,17,29,9,6,30,29,
..\..\..\files\weather\calibration\daily\San Giorgio della Richinvelda.csv,8/10/2012 12:00:00 AM,30.91,18.47,0,0,82.34334,39.1381,0,0,14.689999,11.470443,1234.5375,45.72361,78.13348,78,34.33262,0,0,0,0,0,0,0,0,0,0,0,0,0,0,0,0,20,8,17,29,9,6,30,29,
..\..\..\files\weather\calibration\daily\San Giorgio della Richinvelda.csv,8/11/2012 12:00:00 AM,29,17.012472,0,0,87.62157,44.00383,0,0,13.006237,11.925423,1246.4629,46.165295,78.142586,78,34.28707,0,0,0,0,0,0,0,0,0,0,0,0,0,0,0,0,20,8,17,29,9,6,30,29,
..\..\..\files\weather\calibration\daily\San Giorgio della Richinvelda.csv,8/12/2012 12:00:00 AM,28.8,14.990001,0,0,82.30435,35.40796,0,0,11.895,11.999185,1258.462,46.609707,78.15175,78,34.241257,0,0,0,0,0,0,0,0,0,0,0,0,0,0,0,0,20,8,17,29,9,6,30,29,
..\..\..\files\weather\calibration\daily\San Giorgio della Richinvelda.csv,8/13/2012 12:00:00 AM,27.27,14.170001,0,0,85.72659,38.240345,0,0,10.720001,11.878122,1270.3402,47.049637,78.16082,78,34.1959,0,0,0,0,0,0,0,0,0,0,0,0,0,0,0,0,20,8,17,29,9,6,30,29,
..\..\..\files\weather\calibration\daily\San Giorgio della Richinvelda.csv,8/14/2012 12:00:00 AM,28.85,16.17,0,0,84.84615,39.25455,0,0,12.51,11.980804,1282.321,47.49337,78.16997,78,34.15016,0,0,0,0,0,0,0,0,0,0,0,0,0,0,0,0,20,8,17,29,9,6,30,29,
..\..\..\files\weather\calibration\daily\San Giorgio della Richinvelda.csv,8/15/2012 12:00:00 AM,30.670002,15.660001,0,0,77.02261,31.06266,0,0,13.165001,11.900095,1294.2212,47.934116,78.179054,78,34.10473,0,0,0,0,0,0,0,0,0,0,0,0,0,0,0,0,20,8,17,29,9,6,30,29,
..\..\..\files\weather\calibration\daily\San Giorgio della Richinvelda.csv,8/16/2012 12:00:00 AM,31.23,16.16,0,0,76.03625,30.665325,0,0,13.695,11.788958,1306.0101,48.370747,78.18806,78,34.059715,0,0,0,0,0,0,0,0,0,0,0,0,0,0,0,1,20,8,17,29,9,6,30,29,
..\..\..\files\weather\calibration\daily\San Giorgio della Richinvelda.csv,8/17/2012 12:00:00 AM,32.62,18.45,0,0,75.65096,32.59376,0,0,15.535,11.088253,1317.0984,48.78142,79.004875,79,29.975624,0,0,0,0,0,0,0,0,0,1,1,1,0,0,1,1,20,8,17,29,9,6,30,29,
..\..\..\files\weather\calibration\daily\San Giorgio della Richinvelda.csv,8/18/2012 12:00:00 AM,32.34,18.490002,0,0,76.8276,33.71199,0,0,15.415001,11.148745,1328.2472,49.194344,79.012024,79,29.93988,0,0,0,0,0,0,0,0,0,0,0,0,0,0,0,0,20,8,17,29,9,6,30,29,
..\..\..\files\weather\calibration\daily\San Giorgio della Richinvelda.csv,8/19/2012 12:00:00 AM,33.21,17.7,0,0,71.793976,28.545025,0,0,15.455,11.128809,1339.376,49.606518,79.01916,79,29.904213,0,0,0,0,0,0,0,0,0,0,0,0,0,0,0,0,20,8,17,29,9,6,30,29,
..\..\..\files\weather\calibration\daily\San Giorgio della Richinvelda.csv,8/20/2012 12:00:00 AM,34.06,17.22,0,0,67.570984,24.853777,0,0,15.639999,11.03364,1350.4097,50.015175,79.02624,79,29.868813,0,0,0,0,0,0,0,0,0,0,0,0,0,0,0,0,20,8,17,29,9,6,30,29,
..\..\..\files\weather\calibration\daily\San Giorgio della Richinvelda.csv,8/21/2012 12:00:00 AM,35.66,16.740002,0,0,60.643566,19.800898,0,0,16.2,10.7159,1361.1256,50.41206,79.03311,79,29.834442,0,0,0,0,0,0,0,0,0,0,0,0,0,0,0,0,20,8,17,29,9,6,30,29,
..\..\..\files\weather\calibration\daily\San Giorgio della Richinvelda.csv,8/22/2012 12:00:00 AM,35.62,19.380001,0.1375,1,65.82978,25.43017,0,0,17.5,9.807348,1370.933,50.775295,79.0394,79,29.803009,0,0,0,0,0,0,0,0,0,0,0,0,0,0,0,0,20,8,17,29,9,6,30,29,
..\..\..\files\weather\calibration\daily\San Giorgio della Richinvelda.csv,8/23/2012 12:00:00 AM,35.52,19.09,3.1625001,23,65.65569,25.046618,0,0,17.305,9.958796,1380.8917,51.144135,79.045784,79,29.77108,0,0,0,0,0,0,0,1,0,0,0,0,0,0,0,0,20,8,17,29,9,6,30,30,
..\..\..\files\weather\calibration\daily\San Giorgio della Richinvelda.csv,8/24/2012 12:00:00 AM,34.56,19.82,0,0,70.863434,29.832857,0,0,17.19,10.0456085,1390.9374,51.516197,79.05223,79,29.738846,0,0,0,0,0,0,0,0,0,0,0,0,0,0,0,0,20,8,17,29,9,6,30,30,
..\..\..\files\weather\calibration\daily\San Giorgio della Richinvelda.csv,8/25/2012 12:00:00 AM,34.49,18.76,0,0,69.00366,27.300505,0,0,16.625,10.445093,1401.3824,51.90305,79.05893,79,29.705353,0,0,0,0,0,0,0,0,0,0,0,0,0,0,0,0,20,8,17,29,9,6,30,30,
..\..\..\files\weather\calibration\daily\San Giorgio della Richinvelda.csv,8/26/2012 12:00:00 AM,34.38,16.99435,0.5083333,1,74.801895,27.336334,0,0,15.687176,11.008592,1412.391,52.310776,79.06599,79,29.670067,0,0,0,0,0,0,0,0,0,0,0,0,0,0,0,0,20,8,17,29,9,6,30,30,
..\..\..\files\weather\calibration\daily\San Giorgio della Richinvelda.csv,8/27/2012 12:00:00 AM,28.21,14.031317,11.691667,23,84.58183,37.85059,0,0,11.120659,11.942586,1424.3336,52.753098,79.07365,79,29.631767,1,1,1,0,0,0,1,1,0,0,0,0,0,0,0,0,21,9,18,29,9,6,31,31,
..\..\..\files\weather\calibration\daily\San Giorgio della Richinvelda.csv,8/28/2012 12:00:00 AM,28.259998,11.589999,0,0,76.432434,27.179426,0,0,9.924999,11.6784935,1436.0121,53.18563,79.08114,79,29.594307,1,0,0,0,0,0,0,0,0,0,0,0,0,0,0,0,22,9,18,29,9,6,31,31,
..\..\..\files\weather\calibration\daily\San Giorgio della Richinvelda.csv,8/29/2012 12:00:00 AM,29.79,12.549999,0,0,73.36498,25.437239,0,0,11.17,11.948859,1447.9609,53.62818,84.00582,84,12.485447,0,0,0,0,0,0,0,0,0,0,0,0,0,0,0,0,22,9,18,29,9,6,31,31,
..\..\..\files\weather\calibration\daily\San Giorgio della Richinvelda.csv,8/30/2012 12:00:00 AM,30.440002,14.820001,0,0,76.022026,29.433077,0,0,12.630001,11.970721,1459.9316,54.07154,84.01264,84,12.468395,0,0,0,0,0,0,0,0,0,0,0,0,0,0,0,0,22,9,18,29,9,6,31,31,
..\..\..\files\weather\calibration\daily\San Giorgio della Richinvelda.csv,8/31/2012 12:00:00 AM,31.010002,15.320001,0.75416666,1,94.58306,29.03765,0,0,13.165001,11.900095,1471.8318,54.512287,84.01942,84,12.451458,0,0,0,0,0,0,0,0,0,0,0,0,0,0,0,0,22,9,18,29,9,6,31,31,
..\..\..\files\weather\calibration\daily\San Giorgio della Richinvelda.csv,9/1/2012 12:00:00 AM,24.150002,16.224913,17.6625,24,100,63.056023,0,0,10.187458,11.754997,1483.5868,54.947655,84.026115,84,12.434711,1,1,1,0,0,0,1,1,0,0,0,0,0,0,0,0,23,10,19,29,9,6,32,32,
..\..\..\files\weather\calibration\daily\San Giorgio della Richinvelda.csv,9/2/2012 12:00:00 AM,24.18,14.860001,7.2833333,23,97.503716,54.621655,0,0,9.52,11.539812,1495.1266,55.375057,84.03269,84,12.41827,1,1,1,0,0,0,1,1,0,0,0,0,0,0,0,0,24,11,20,29,9,6,33,33,
..\..\..\files\weather\calibration\daily\San Giorgio della Richinvelda.csv,9/3/2012 12:00:00 AM,25.67,14.38,0.2,4,93.19673,45.50223,0,0,10.025,11.708878,1506.8354,55.808723,84.03937,84,12.401581,0,0,0,0,0,0,0,0,0,0,0,0,0,0,0,0,24,11,20,29,9,6,33,33,
..\..\..\files\weather\calibration\daily\San Giorgio della Richinvelda.csv,9/4/2012 12:00:00 AM,25.68,17.84,4.6,23,100,62.026775,0,0,11.76,11.995734,1518.8312,56.253006,88.002975,88,2.4925613,0,1,1,0,0,0,0,1,0,0,0,0,0,0,0,0,24,12,21,29,9,6,33,34,
..\..\..\files\weather\calibration\daily\San Giorgio della Richinvelda.csv,9/5/2012 12:00:00 AM,28.4,16.69,0.17083333,1,87.69726,43.048653,0,0,12.545,11.978081,1530.8092,56.696636,88.008194,88,2.479515,0,0,0,0,0,0,0,0,0,0,0,0,0,0,0,0,24,12,21,29,9,6,33,34,
..\..\..\files\weather\calibration\daily\San Giorgio della Richinvelda.csv,9/6/2012 12:00:00 AM,28.14,17.05,3.9291668,23,89.49439,45.630695,0,0,12.594999,11.973882,1542.7831,57.140114,88.01341,88,2.4664688,0,0,0,1,0,0,0,1,0,0,0,0,0,0,0,0,24,12,21,30,9,6,33,35,
..\..\..\files\weather\calibration\daily\San Giorgio della Richinvelda.csv,9/7/2012 12:00:00 AM,29.46,16.49,0,0,83.348236,37.99228,0,0,12.974998,11.929971,1554.713,57.581963,88.01861,88,2.4534798,0,0,0,0,0,0,0,0,0,0,0,0,0,0,0,0,24,12,21,30,9,6,33,35,
..\..\..\files\weather\calibration\daily\San Giorgio della Richinvelda.csv,9/8/2012 12:00:00 AM,28.01,15.437973,0,0,86.3901,40.311275,0,0,11.723988,11.994359,1566.7074,58.0262,88.023834,88,2.4404144,0,0,0,0,0,0,0,0,0,0,0,0,0,0,0,0,24,12,21,30,9,6,33,35,
..\..\..\files\weather\calibration\daily\San Giorgio della Richinvelda.csv,9/9/2012 12:00:00 AM,30.23,12.899999,0,0,72.594086,25.111216,0,0,11.564999,11.985978,1578.6934,58.470123,88.02906,88,2.427349,0,0,0,0,0,0,0,0,0,0,0,0,0,0,0,1,24,12,21,30,9,6,33,35,
..\..\..\files\weather\calibration\daily\San Giorgio della Richinvelda.csv,9/10/2012 12:00:00 AM,30.35,11.940001,0,0,70.12036,22.617132,0,0,11.145,11.945727,1590.639,58.912556,88.03426,88,2.414341,0,0,0,0,0,0,0,0,0,0,0,0,0,0,0,0,24,12,21,30,9,6,33,35,
..\..\..\files\weather\calibration\daily\San Giorgio della Richinvelda.csv,9/11/2012 12:00:00 AM,31.15,14.379999,0,0,72.500275,26.199276,0,0,12.764999,11.956852,1602.596,59.355408,88.039474,88,2.4013138,0,0,0,0,0,0,0,0,0,0,0,0,0,0,0,0,24,12,21,30,9,6,33,35,
..\..\..\files\weather\calibration\daily\San Giorgio della Richinvelda.csv,9/12/2012 12:00:00 AM,29.56,13.640001,1.4125,1,88.97704,28.886139,0,0,11.6,11.988146,1614.5841,59.799408,88.0447,88,2.3882484,0,0,0,1,0,0,0,0,0,0,0,0,0,0,0,0,24,12,21,31,9,6,33,35,
..\..\..\files\weather\calibration\daily\San Giorgio della Richinvelda.csv,9/13/2012 12:00:00 AM,24.59,12.617338,32.725002,24,97.13343,54.33853,0,0,8.603668,11.132744,1625.7168,60.211735,88.04955,88,2.3761177,1,1,1,1,1,0,1,1,1,1,1,1,0,0,1,1,25,13,22,32,10,6,34,36,
..\..\..\files\weather\calibration\daily\San Giorgio della Richinvelda.csv,9/14/2012 12:00:00 AM,20.47,11.27,5.4625,23,98.31718,54.588657,0,0,5.87,9.126362,1634.8431,60.549747,88.05353,88,2.3661804,1,1,1,1,1,0,1,1,0,0,0,0,0,0,0,0,26,14,23,33,11,6,35,37,
..\..\..\files\weather\calibration\daily\San Giorgio della Richinvelda.csv,9/15/2012 12:00:00 AM,24.29,11.330001,0,0,88.337456,39.034916,0,0,7.8100014,10.67412,1645.5172,60.945084,88.058174,88,2.3545647,0,0,0,0,0,0,0,0,0,0,0,0,0,0,0,0,26,14,23,33,11,6,35,37,
..\..\..\files\weather\calibration\daily\San Giorgio della Richinvelda.csv,9/16/2012 12:00:00 AM,25.880001,11.4800005,0,0,83.87489,34.04953,0,0,8.68,11.171633,1656.6888,61.358845,88.06304,88,2.3423958,0,0,0,0,0,0,0,0,0,0,0,0,0,0,0,0,26,14,23,33,11,6,35,37,
..\..\..\files\weather\calibration\daily\San Giorgio della Richinvelda.csv,9/17/2012 12:00:00 AM,24.46,11.16,0,0,87.419365,37.809303,0,0,7.8099995,10.674119,1667.3629,61.754185,88.067696,88,2.330761,0,0,0,0,0,0,0,0,0,0,0,0,0,0,0,0,26,14,23,33,11,6,35,37,
..\..\..\files\weather\calibration\daily\San Giorgio della Richinvelda.csv,9/18/2012 12:00:00 AM,25.43,10.53,0,0,82.99367,32.48721,0,0,7.9799995,10.780731,1678.1437,62.15347,88.072395,88,2.3190117,0,0,0,0,0,0,0,0,0,0,0,0,0,0,0,0,26,14,23,33,11,6,35,37,
..\..\..\files\weather\calibration\daily\San Giorgio della Richinvelda.csv,9/19/2012 12:00:00 AM,26.66,10.84,0.54583335,1,87.72579,29.692688,0,0,8.75,11.206497,1689.3502,62.568527,88.07728,88,2.3068047,0,0,0,1,0,0,0,0,1,0,0,0,0,0,1,0,26,14,23,34,11,6,35,37,
..\..\..\files\weather\calibration\daily\San Giorgio della Richinvelda.csv,9/20/2012 12:00:00 AM,22.68,10.780119,12.554167,23,96.46234,51.510216,0,0,6.7300606,9.888557,1699.2388,62.93477,88.08159,88,2.2960281,1,1,1,1,0,0,1,1,1,1,1,1,0,0,1,1,27,15,24,35,11,6,36,38,
..\..\..\files\weather\calibration\daily\San Giorgio della Richinvelda.csv,9/21/2012 12:00:00 AM,21.33,8.97,0,1,90.338326,40.79001,0,-0.9870825,5.192917,8.392356,1707.6311,63.245594,88.08524,88,2.286892,1,0,0,0,0,0,0,0,1,0,0,0,0,0,0,0,28,15,24,35,11,6,36,38,
..\..\..\files\weather\calibration\daily\San Giorgio della Richinvelda.csv,9/22/2012 12:00:00 AM,21.72,7.3700004,0,0,85.37972,33.764114,0,-2.3889928,4.786007,7.7059193,1715.337,63.531,88.0886,88,2.2784996,0,0,0,0,0,0,0,0,0,1,1,1,0,0,1,1,28,15,24,35,11,6,36,38,
..\..\..\files\weather\calibration\daily\San Giorgio della Richinvelda.csv,9/23/2012 12:00:00 AM,22.22,8.81,0,0,89.58142,37.11811,0,-1.1371989,5.5678,8.775554,1724.1125,63.856018,88.09242,88,2.2689438,0,0,0,0,0,0,0,0,0,0,0,0,0,0,0,0,28,15,24,35,11,6,36,38,
..\..\..\files\weather\calibration\daily\San Giorgio della Richinvelda.csv,9/24/2012 12:00:00 AM,22.31,12.92,0.675,6,97.96757,54.17313,0,0,7.615,10.546162,1734.6587,64.24662,88.097015,88,2.2574615,0,0,0,1,0,0,0,0,0,0,0,0,0,0,0,0,28,15,24,36,11,6,36,38,
..\..\..\files\weather\calibration\daily\San Giorgio della Richinvelda.csv,9/25/2012 12:00:00 AM,23.73,13.726184,15.75,24,96.35411,52.016884,0,0,8.728092,11.195667,1745.8544,64.66127,88.1019,88,2.2452545,1,1,1,1,0,0,1,1,0,0,0,0,0,0,0,0,29,16,25,37,11,6,37,39,
..\..\..\files\weather\calibration\daily\San Giorgio della Richinvelda.csv,9/26/2012 12:00:00 AM,24.02,11.96,5.854167,24,90.69008,42.460594,0,0,7.99,10.786859,1756.6412,65.06079,88.1066,88,2.2335052,1,1,1,1,0,0,1,1,0,1,1,1,0,0,0,1,30,17,26,38,11,6,38,40,
..\..\..\files\weather\calibration\daily\San Giorgio della Richinvelda.csv,9/27/2012 12:00:00 AM,23.87,14.4,15.854165,24,97.28203,53.897118,0,0,9.135,11.384621,1768.0259,65.48244,88.11156,88,2.2211075,1,1,1,1,1,0,1,1,0,0,0,0,0,0,0,0,31,18,27,39,12,6,39,41,
..\..\..\files\weather\calibration\daily\San Giorgio della Richinvelda.csv,9/28/2012 12:00:00 AM,26.28,13.17685,5.366667,23,93.0019,48.80755,0,0,9.728426,11.614318,1779.6401,65.9126,88.116615,88,2.2084618,1,1,1,1,0,0,1,1,0,0,0,0,0,0,0,1,32,19,28,40,12,6,40,42,
..\..\..\files\weather\calibration\daily\San Giorgio della Richinvelda.csv,9/29/2012 12:00:00 AM,22.95,11.5,0.12916666,4,100,44.851692,0,0,7.2250004,10.271967,1789.9121,66.293045,88.12109,88,2.1972656,0,0,0,0,0,0,0,0,0,0,0,0,0,0,0,0,32,19,28,40,12,6,40,42,
..\..\..\files\weather\calibration\daily\San Giorgio della Richinvelda.csv,9/30/2012 12:00:00 AM,20.59,14.78,3.3958333,24,100,74.42704,0,0,7.6849995,10.5927925,1800.5049,66.68536,88.12571,88,2.1857262,0,0,0,1,0,0,0,1,0,0,0,0,0,0,0,0,32,19,28,41,12,6,40,43,
..\..\..\files\weather\calibration\daily\San Giorgio della Richinvelda.csv,10/1/2012 12:00:00 AM,22.12,15.31,10.162499,24,100,68.40536,0,0,8.715,11.189159,1811.6941,67.09978,88.130585,88,2.1735382,1,0,1,1,0,0,1,1,0,0,0,0,0,0,0,0,33,19,29,42,12,6,41,44,
..\..\..\files\weather\calibration\daily\San Giorgio della Richinvelda.csv,10/2/2012 12:00:00 AM,22.219997,14.729999,9.104167,24,100,64.37084,0,0,8.474998,11.065125,1822.7593,67.509605,88.13541,88,2.1614838,1,0,1,1,0,0,1,1,0,0,0,0,0,0,0,0,34,19,30,43,12,6,42,45,
..\..\..\files\weather\calibration\daily\San Giorgio della Richinvelda.csv,10/3/2012 12:00:00 AM,22.82,14.374676,4.4083333,23,100,59.788807,0,0,8.597338,11.129478,1833.8888,67.92181,88.14026,88,2.149353,0,0,0,1,0,0,1,1,0,0,0,0,0,0,0,0,34,19,30,44,12,6,43,46,
..\..\..\files\weather\calibration\daily\San Giorgio della Richinvelda.csv,10/4/2012 12:00:00 AM,24.31,12.67,0,3,91.597435,44.159546,0,0,8.49,11.073143,1844.9619,68.331924,88.14508,88,2.1372986,0,0,0,0,0,0,0,0,0,0,0,0,0,0,0,0,34,19,30,44,12,6,43,46,
..\..\..\files\weather\calibration\daily\San Giorgio della Richinvelda.csv,10/5/2012 12:00:00 AM,23.74,12.63,0,3,93.18758,46.368988,0,0,8.184999,10.903199,1855.8651,68.73574,88.14983,88,2.1254158,0,0,0,0,0,0,0,0,0,0,0,0,0,0,0,0,34,19,30,44,12,6,43,46,
..\..\..\files\weather\calibration\daily\San Giorgio della Richinvelda.csv,10/6/2012 12:00:00 AM,23.93,12.260001,0,3,91.70263,44.02868,0,0,8.095001,10.850251,1866.7153,69.1376,88.15456,88,2.1136093,0,0,0,0,0,0,0,0,0,0,0,0,0,0,0,0,34,19,30,44,12,6,43,46,
..\..\..\files\weather\calibration\daily\San Giorgio della Richinvelda.csv,10/7/2012 12:00:00 AM,23.13,11.56,0.14583333,4,92.2337,44.375034,0,0,7.3449993,10.358939,1877.0742,69.52126,88.15907,88,2.1023178,0,0,0,0,0,0,0,0,1,0,0,0,1,0,1,0,34,19,30,44,12,6,43,46,
..\..\..\files\weather\calibration\daily\San Giorgio della Richinvelda.csv,10/8/2012 12:00:00 AM,24.33,12.230474,3.3541665,24,95.068344,50.18554,0,0,8.280237,10.957836,1888.0321,69.92712,88.16385,88,2.0903778,0,0,0,1,0,0,0,1,1,1,1,1,0,0,1,1,34,19,30,45,12,6,43,47,
..\..\..\files\weather\calibration\daily\San Giorgio della Richinvelda.csv,10/9/2012 12:00:00 AM,19.81,10.93,0,6,98.91486,55.932533,0,0,5.37,8.626078,1896.6582,70.2466,88.16761,88,2.0809746,0,0,0,0,0,0,0,0,0,0,0,0,0,0,0,0,34,19,30,45,12,6,43,47,
..\..\..\files\weather\calibration\daily\San Giorgio della Richinvelda.csv,10/10/2012 12:00:00 AM,21.4,11.960001,0.14999999,6,97.86278,53.711433,0,0,6.6800003,9.8475485,1906.5057,70.61132,88.1719,88,2.0702553,0,0,0,0,0,0,0,0,0,0,0,0,0,0,0,0,34,19,30,45,12,6,43,47,
..\..\..\files\weather\calibration\daily\San Giorgio della Richinvelda.csv,10/11/2012 12:00:00 AM,19.65,12.372426,3.4499998,24,100,64.935036,0,0,6.0112133,9.2599745,1915.7657,70.954285,88.175934,88,2.0601654,0,0,0,0,0,0,0,1,0,0,0,0,0,0,0,0,34,19,30,45,12,6,43,48,
..\..\..\files\weather\calibration\daily\San Giorgio della Richinvelda.csv,10/12/2012 12:00:00 AM,18.04,11.4,0.22083335,9,100,67.59771,0,0,4.7200003,7.911136,1923.6769,71.24729,88.17938,88,2.0515442,0,0,0,0,0,0,0,0,0,0,0,0,0,0,0,0,34,19,30,45,12,6,43,48,
..\..\..\files\weather\calibration\daily\San Giorgio della Richinvelda.csv,10/13/2012 12:00:00 AM,20.27,11.990001,5.275,24,100,59.353798,0,0,6.130001,9.369774,1933.0466,71.59432,88.183464,88,2.0413399,0,0,1,0,0,0,0,1,0,0,0,0,0,0,0,0,34,19,31,45,12,6,43,49,
..\..\..\files\weather\calibration\daily\San Giorgio della Richinvelda.csv,10/14/2012 12:00:00 AM,18.23,10.192857,4.8041663,24,100,66.6292,0,0,4.2114277,7.2994747,1940.3461,71.86467,88.186646,88,2.0333862,0,0,0,0,0,0,1,1,0,0,0,0,0,0,0,0,34,19,31,45,12,6,44,50,
..\..\..\files\weather\calibration\daily\San Giorgio della Richinvelda.csv,10/15/2012 12:00:00 AM,17.32,8.970001,9.2625,24,98.45727,57.061165,0,-0.96647215,3.208527,5.8608904,1946.2069,72.08174,88.18919,88,2.0270157,0,0,1,0,0,0,1,0,0,0,0,0,0,0,0,0,34,19,32,45,12,6,45,50,
..\..\..\files\weather\calibration\daily\San Giorgio della Richinvelda.csv,10/16/2012 12:00:00 AM,18.27,10.110725,54.337498,23,100,65.74206,0,0,4.190363,7.273128,1953.48,72.35111,88.19237,88,2.019081,1,0,1,0,1,0,1,1,0,0,0,0,0,0,0,0,35,19,33,45,13,6,46,51,
..\..\..\files\weather\calibration\daily\San Giorgio della Richinvelda.csv,10/17/2012 12:00:00 AM,17.75,8.481924,0,5,97.28745,54.24702,0,-1.3937483,3.2402897,5.8186407,1959.2986,72.56662,88.1949,88,2.0127487,1,0,0,0,1,0,0,0,0,0,0,0,0,0,0,0,36,19,33,45,14,6,46,51,
..\..\..\files\weather\calibration\daily\San Giorgio della Richinvelda.csv,10/18/2012 12:00:00 AM,19.8,6.5400004,0,0,87.54789,36.80874,0,-3.0085819,3.6214178,5.897128,1965.1957,72.78503,88.19747,88,2.006321,0,0,0,0,0,0,0,0,0,0,0,0,0,0,0,0,36,19,33,45,14,6,46,51,
..\..\..\files\weather\calibration\daily\San Giorgio della Richinvelda.csv,10/19/2012 12:00:00 AM,21.29,8.43,0,0,89.06341,38.86683,0,-1.474164,4.9558363,8.071387,1973.2671,73.08397,88.20099,88,1.9975281,0,0,0,0,0,0,0,0,0,0,0,0,0,0,0,0,36,19,33,45,14,6,46,51,
..\..\..\files\weather\calibration\daily\San Giorgio della Richinvelda.csv,10/20/2012 12:00:00 AM,21.4,8.45,0,0,88.85273,38.56661,0,-1.4572392,5.0177603,8.14461,1981.4117,73.38562,88.20454,88,1.9886589,0,0,0,0,0,0,0,0,0,0,0,0,0,0,1,0,36,19,33,45,14,6,46,51,
..\..\..\files\weather\calibration\daily\San Giorgio della Richinvelda.csv,10/21/2012 12:00:00 AM,21.91,7.41,0,0,85.02198,33.32576,0,-2.3586864,4.8913136,7.8413916,1989.2532,73.67604,88.207954,88,1.980114,0,0,0,0,0,0,0,0,1,1,1,1,0,0,0,1,36,19,33,45,14,6,46,51,
..\..\..\files\weather\calibration\daily\San Giorgio della Richinvelda.csv,10/22/2012 12:00:00 AM,20.16,7.33,0,0,88.80935,38.550087,0,-2.3921785,4.0228214,6.69687,1995.9501,73.92408,88.21087,88,1.9728279,0,0,0,0,0,0,0,0,0,0,0,0,0,0,0,0,36,19,33,45,14,6,46,51,
..\..\..\files\weather\calibration\daily\San Giorgio della Richinvelda.csv,10/23/2012 12:00:00 AM,22.11,7.7199993,0,0,85.30232,33.736893,0,-2.0993752,5.0956254,8.133394,2004.0835,74.22531,88.21442,88,1.9639587,0,0,0,0,0,0,0,0,0,0,0,0,0,0,0,0,36,19,33,45,14,6,46,51,
..\..\..\files\weather\calibration\daily\San Giorgio della Richinvelda.csv,10/24/2012 12:00:00 AM,21.14,6.5300007,0,0,84.63807,32.738853,0,-3.057922,4.2470775,6.816308,2010.8998,74.47777,88.217384,88,1.9565392,0,0,0,0,0,0,0,0,0,0,0,0,0,0,0,0,36,19,33,45,14,6,46,51,
..\..\..\files\weather\calibration\daily\San Giorgio della Richinvelda.csv,10/25/2012 12:00:00 AM,20.43,5.1300006,0,0,82.70219,30.331617,0,-4.0949373,3.5550625,5.3174353,2016.2172,74.674706,88.2197,88,1.9507408,0,0,0,0,0,0,0,0,0,0,0,0,0,0,0,0,36,19,33,45,14,6,46,51,
..\..\..\files\weather\calibration\daily\San Giorgio della Richinvelda.csv,10/26/2012 12:00:00 AM,18.91,5.1100006,1.3625001,1,87.11804,34.467022,-4.0236187,-4.0236187,0,0,0,0,0,0,0,0,0,0,0,0,0,0,0,0,0,0,0,0,0,0,0,0,0,0,0,0,0,0,0,
..\..\..\files\weather\calibration\daily\San Giorgio della Richinvelda.csv,10/27/2012 12:00:00 AM,14.890001,6.4200006,32.5625,24,100,53.945,-6.847042,-2.8234234,0,0,0,0,0,0,0,1,0,0,0,0,0,1,0,0,0,0,0,0,0,0,0,1,0,0,0,0,0,1,0,
..\..\..\files\weather\calibration\daily\San Giorgio della Richinvelda.csv,10/28/2012 12:00:00 AM,15.89,5.2092314,28.545834,24,100,78.477844,-10.563381,-3.716339,0,0,0,0,0,0,0,1,0,1,0,1,0,1,1,0,0,0,0,0,0,0,0,1,0,1,0,1,0,1,1,
..\..\..\files\weather\calibration\daily\San Giorgio della Richinvelda.csv,10/29/2012 12:00:00 AM,14.53,1.6725749,8.529166,23,87.780106,42.00737,-16.194077,-5.6306944,0,0,0,0,0,0,0,1,0,0,0,1,0,1,0,0,0,0,0,0,0,0,0,1,0,0,0,1,0,1,0,
..\..\..\files\weather\calibration\daily\San Giorgio della Richinvelda.csv,10/30/2012 12:00:00 AM,10.43,0.17000008,0,0,80.66375,39.508293,-21.315065,-5.1209893,0,0,0,0,0,0,0,0,0,0,0,0,0,0,0,0,0,0,0,0,0,0,0,0,0,0,0,0,0,0,0,
..\..\..\files\weather\calibration\daily\San Giorgio della Richinvelda.csv,10/31/2012 12:00:00 AM,9.85,-1.4799995,1.7125,1,76.45968,34.51108,-25.59673,-4.281664,0,0,0,0,0,0,0,0,0,0,0,0,0,0,0,0,0,0,0,0,0,0,0,0,0,0,0,0,0,0,0,
..\..\..\files\weather\calibration\daily\San Giorgio della Richinvelda.csv,11/1/2012 12:00:00 AM,11.39,1.5799999,39.970833,24,90.32235,42.832806,-30.403254,-4.8065243,0,0,0,0,0,0,0,0,0,0,0,0,0,1,0,0,0,0,0,0,0,0,0,0,0,0,0,0,0,1,0,
..\..\..\files\weather\calibration\daily\San Giorgio della Richinvelda.csv,11/2/2012 12:00:00 AM,11.72,5.9700003,13.416666,23,95.720024,64.89659,-33.021,-2.6177478,0,0,0,0,0,0,0,0,0,0,0,0,0,0,0,0,0,0,0,0,0,0,0,0,0,0,0,0,0,0,0,
..\..\..\files\weather\calibration\daily\San Giorgio della Richinvelda.csv,11/3/2012 12:00:00 AM,14.76,5.5300007,0.079166666,4,92.61335,49.94435,-36.40861,-3.3876107,0,0,0,0,0,0,0,0,0,0,0,0,0,0,0,0,0,0,0,0,0,0,0,0,0,0,0,0,0,0,0,
..\..\..\files\weather\calibration\daily\San Giorgio della Richinvelda.csv,11/4/2012 12:00:00 AM,13.71,4.3100004,3.5083332,24,90.28311,47.861862,-40.37648,-3.967867,0,0,0,0,0,0,0,0,0,0,0,0,0,0,0,0,0,0,0,0,0,0,0,0,0,0,0,0,0,0,0,
..\..\..\files\weather\calibration\daily\San Giorgio della Richinvelda.csv,11/5/2012 12:00:00 AM,16.12,7.0699997,39.329166,24,95.145744,52.29344,-42.832176,-2.4556963,0,0,0,0,0,0,0,1,0,1,0,0,0,1,0,0,0,0,0,0,0,0,0,1,0,1,0,0,0,1,0,
..\..\..\files\weather\calibration\daily\San Giorgio della Richinvelda.csv,11/6/2012 12:00:00 AM,19.28,5.99367,11.883333,23,92.68574,44.87326,-46.234474,-3.4023,0,0,0,0,0,0,0,1,0,1,0,1,0,1,1,0,0,0,0,0,0,0,0,1,0,1,0,1,0,1,1,
..\..\..\files\weather\calibration\daily\San Giorgio della Richinvelda.csv,11/7/2012 12:00:00 AM,15.690001,4.3300004,0,0,88.46066,41.329556,-50.48947,-4.2549953,0,0,0,0,0,0,0,1,0,0,0,1,0,0,0,0,0,0,0,0,0,0,0,1,0,0,0,1,0,0,0,
..\..\..\files\weather\calibration\daily\San Giorgio della Richinvelda.csv,11/8/2012 12:00:00 AM,15.13,2.9700003,0,0,85.54552,37.642956,-55.487362,-4.9978905,0,0,0,0,0,0,0,0,0,0,0,0,0,0,0,0,0,0,0,0,0,0,0,0,0,0,0,0,0,0,0,
..\..\..\files\weather\calibration\daily\San Giorgio della Richinvelda.csv,11/9/2012 12:00:00 AM,14.98,1.4500003,0,0,81.803276,32.61142,-61.335865,-5.848503,0,0,0,0,0,0,0,0,0,0,0,0,0,0,0,0,0,0,0,0,0,0,0,0,0,0,0,0,0,0,0,
..\..\..\files\weather\calibration\daily\San Giorgio della Richinvelda.csv,11/10/2012 12:00:00 AM,15.470001,3.2500005,0.38750002,1,89.64428,37.726944,-66.2216,-4.8857403,0,0,0,0,0,0,0,0,0,0,0,0,0,0,0,0,0,0,0,0,0,0,0,0,0,0,0,0,0,0,0,
..\..\..\files\weather\calibration\daily\San Giorgio della Richinvelda.csv,11/11/2012 12:00:00 AM,12.19,5.94,10.6,24,95.48179,62.62986,-68.96291,-2.7413116,0,0,0,0,0,0,0,0,0,0,0,0,0,0,0,0,0,0,0,0,0,0,0,0,0,0,0,0,0,0,0,
..\..\..\files\weather\calibration\daily\San Giorgio della Richinvelda.csv,11/12/2012 12:00:00 AM,15.75,8.71,39.529167,24,100,62.942417,-70.13473,-1.1718106,0,0,0,0,0,0,0,1,0,1,0,0,0,1,0,0,0,0,0,0,0,0,0,1,0,1,0,0,0,1,0,
..\..\..\files\weather\calibration\daily\San Giorgio della Richinvelda.csv,11/13/2012 12:00:00 AM,14.73,11.130001,16.483334,24,100,85.217224,-70.13473,0,0,0,0,0,0,0,0,1,0,1,0,1,0,1,0,0,0,0,0,0,0,0,0,1,0,1,0,1,0,1,0,
..\..\..\files\weather\calibration\daily\San Giorgio della Richinvelda.csv,11/14/2012 12:00:00 AM,14.37,6.6901784,0,14,100,84.27153,-72.73132,-2.5965943,0,0,0,0,0,0,0,1,0,0,0,1,0,1,0,0,0,0,0,0,0,0,0,1,0,0,0,1,0,1,0,
..\..\..\files\weather\calibration\daily\San Giorgio della Richinvelda.csv,11/15/2012 12:00:00 AM,13.86,3.2704294,0,3,93.218765,53.027493,-77.3226,-4.591281,0,0,0,0,0,0,0,0,0,0,0,0,0,0,0,0,0,0,0,0,0,0,0,0,0,0,0,0,0,0,0,
..\..\..\files\weather\calibration\daily\San Giorgio della Richinvelda.csv,11/16/2012 12:00:00 AM,10.5,2.0299997,0,0,85.44533,47.62223,-81.54285,-4.220242,0,0,0,0,0,0,0,0,0,0,0,0,0,0,0,0,0,0,0,0,0,0,0,0,0,0,0,0,0,0,0,
..\..\..\files\weather\calibration\daily\San Giorgio della Richinvelda.csv,11/17/2012 12:00:00 AM,10.43,1.3099995,0,0,83.58165,44.448868,-86.09271,-4.5498633,0,0,0,0,0,0,0,0,0,0,0,0,0,0,0,0,0,0,0,0,0,0,0,0,0,0,0,0,0,0,0,
..\..\..\files\weather\calibration\daily\San Giorgio della Richinvelda.csv,11/18/2012 12:00:00 AM,11.43,1.4200001,0,0,83.78244,42.021152,-90.99557,-4.9028573,0,0,0,0,0,0,0,0,0,0,0,0,0,0,0,0,0,0,0,0,0,0,0,0,0,0,0,0,0,0,0,
..\..\..\files\weather\calibration\daily\San Giorgio della Richinvelda.csv,11/19/2012 12:00:00 AM,10.05,2.9099998,0,1,91.38595,53.633698,-94.56539,-3.5698252,0,0,0,0,0,0,0,0,0,0,0,0,0,0,0,0,0,0,0,0,0,0,0,0,0,0,0,0,0,0,0,
..\..\..\files\weather\calibration\daily\San Giorgio della Richinvelda.csv,11/20/2012 12:00:00 AM,11.68,6.26,0,7,96.513756,66.93547,-97.01502,-2.449631,0,0,0,0,0,0,0,0,0,0,0,0,0,0,0,0,0,0,0,0,0,0,0,0,0,0,0,0,0,0,0,
..\..\..\files\weather\calibration\daily\San Giorgio della Richinvelda.csv,11/21/2012 12:00:00 AM,11.34,4.9539948,0,6,95.91667,66.86999,-100.06744,-3.052414,0,0,0,0,0,0,0,0,0,0,0,0,0,0,0,0,0,0,0,0,0,0,0,0,0,0,0,0,0,0,0,
..\..\..\files\weather\calibration\daily\San Giorgio della Richinvelda.csv,11/22/2012 12:00:00 AM,13.369999,3.5099998,0,0,88.41251,45.29762,-99.49153,-4.3540926,0.5759074,0,0,0,0,0,0,0,0,0,0,0,0,0,0,0,0,0,0,0,0,0,0,0,0,0,0,0,0,0,0,
..\..\..\files\weather\calibration\daily\San Giorgio della Richinvelda.csv,11/23/2012 12:00:00 AM,11.53,3.3400002,0,0,89.45226,50.705433,-99.34862,-3.9520876,0.14291205,0,0,0,0,0,0,0,0,0,0,0,0,0,0,0,0,0,0,0,0,0,0,0,0,0,0,0,0,0,0,
..\..\..\files\weather\calibration\daily\San Giorgio della Richinvelda.csv,11/24/2012 12:00:00 AM,12.9,6.16,0,5,95.736244,60.856472,-98.72473,-2.7461128,0.6238871,0,0,0,0,0,0,0,0,0,0,0,0,0,0,0,0,0,0,0,0,0,0,0,0,0,0,0,0,0,0,
..\..\..\files\weather\calibration\daily\San Giorgio della Richinvelda.csv,11/25/2012 12:00:00 AM,13.34,5.09,0,3,92.605,53.1071,-98.04864,-3.448903,0.676097,0,0,0,0,0,0,0,0,0,0,0,0,0,0,0,0,0,0,0,0,0,0,0,0,0,0,0,0,0,0,
..\..\..\files\weather\calibration\daily\San Giorgio della Richinvelda.csv,11/26/2012 12:00:00 AM,12.64,5.79,0,6,94.87886,59.79753,-97.53991,-2.9162703,0.50873,0,0,0,0,0,0,0,0,0,0,0,0,0,0,0,0,0,0,0,0,0,0,0,0,0,0,0,0,0,0,
..\..\..\files\weather\calibration\daily\San Giorgio della Richinvelda.csv,11/27/2012 12:00:00 AM,12.91,7.0200005,1.525,7,98.05405,66.086716,-96.82105,-2.2261457,0.71885395,0,0,0,0,0,0,0,0,0,0,0,0,0,0,0,0,0,0,0,0,0,0,0,0,0,0,0,0,0,0,
..\..\..\files\weather\calibration\daily\San Giorgio della Richinvelda.csv,11/28/2012 12:00:00 AM,14.44,8.28,37.166668,24,100,66.69948,-95.220924,-1.4798703,1.6001296,0,0,0,0,0,0,1,0,1,0,0,0,1,0,0,0,0,0,0,0,0,0,1,0,1,0,0,0,1,0,
..\..\..\files\weather\calibration\daily\San Giorgio della Richinvelda.csv,11/29/2012 12:00:00 AM,14.71,7.4511695,48.591667,24,100,70.380226,-93.69285,-2.1013384,1.5280768,0,0,0,0,0,0,1,0,1,0,1,0,1,0,0,0,0,0,0,0,0,0,1,0,1,0,1,0,1,0,
..\..\..\files\weather\calibration\daily\San Giorgio della Richinvelda.csv,11/30/2012 12:00:00 AM,12.82,5.818728,11.258334,24,96.778175,63.439827,-93.12492,-2.9327104,0.5679253,0,0,0,0,0,0,1,0,0,0,1,0,1,0,0,0,0,0,0,0,0,0,1,0,0,0,1,0,1,0,
..\..\..\files\weather\calibration\daily\San Giorgio della Richinvelda.csv,12/1/2012 12:00:00 AM,9.25,3.6619532,3.2583332,23,93.690605,71.14971,-93.12492,-2.7940233,0,0,0,0,0,0,0,0,0,0,0,0,0,0,0,0,0,0,0,0,0,0,0,0,0,0,0,0,0,0,0,
..\..\..\files\weather\calibration\daily\San Giorgio della Richinvelda.csv,12/2/2012 12:00:00 AM,7.5200005,3.0000002,0.16666667,1,86.933655,63.47847,-93.12492,-2.26,0,0,0,0,0,0,0,0,0,0,0,0,0,0,0,0,0,0,0,0,0,0,0,0,0,0,0,0,0,0,0,
..\..\..\files\weather\calibration\daily\San Giorgio della Richinvelda.csv,12/3/2012 12:00:00 AM,6.3099995,0.18076982,3.8333335,23,85.09405,65.953384,-93.12492,-3.0646148,0,0,0,0,0,0,0,0,0,0,0,0,0,0,0,0,0,0,0,0,0,0,0,0,0,0,0,0,0,0,0,
..\..\..\files\weather\calibration\daily\San Giorgio della Richinvelda.csv,12/4/2012 12:00:00 AM,8.17,-1.1900003,0.15833333,1,76.64009,39.57985,-93.12492,-3.5656462,0,0,0,0,0,0,0,0,0,0,0,0,0,0,0,0,0,0,0,0,0,0,0,0,0,0,0,0,0,0,0,
..\..\..\files\weather\calibration\daily\San Giorgio della Richinvelda.csv,12/5/2012 12:00:00 AM,5.92,-1.77,3.6416667,23,73.58997,42.492676,-93.12492,-2.2786996,0,0,0,0,0,0,0,0,0,0,0,0,0,0,0,0,0,0,0,0,0,0,0,0,0,0,0,0,0,0,0,
..\..\..\files\weather\calibration\daily\San Giorgio della Richinvelda.csv,12/6/2012 12:00:00 AM,8.21,-2.1599998,0,0,74.26044,35.60971,-93.12492,-3.2499566,0,0,0,0,0,0,0,0,0,0,0,0,0,0,0,0,0,0,0,0,0,0,0,0,0,0,0,0,0,0,0,
..\..\..\files\weather\calibration\daily\San Giorgio della Richinvelda.csv,12/7/2012 12:00:00 AM,7.21,-3.4086978,0.15416667,1,71.63805,34.554092,-93.12492,-2.4477625,0,0,0,0,0,0,0,0,0,0,0,0,0,0,0,0,0,0,0,0,0,0,0,0,0,0,0,0,0,0,0,
..\..\..\files\weather\calibration\daily\San Giorgio della Richinvelda.csv,12/8/2012 12:00:00 AM,3.0100002,-4.51,3.5458333,23,63.741673,36.785347,-93.12492,-0.6024003,0,0,0,0,0,0,0,0,0,0,0,0,0,0,0,0,0,0,0,0,0,0,0,0,0,0,0,0,0,0,0,
..\..\..\files\weather\calibration\daily\San Giorgio della Richinvelda.csv,12/9/2012 12:00:00 AM,2.16,-5.358416,0,0,66.10036,45.615814,-93.12492,-0.31027812,0,0,0,0,0,0,0,0,0,0,0,0,0,0,0,0,0,0,0,0,0,0,0,0,0,0,0,0,0,0,0,
..\..\..\files\weather\calibration\daily\San Giorgio della Richinvelda.csv,12/10/2012 12:00:00 AM,5.2,-7.17,0,0,60.293186,24.355932,-93.12492,-1.0929668,0,0,0,0,0,0,0,0,0,0,0,0,0,0,0,0,0,0,0,0,0,0,0,0,0,0,0,0,0,0,0,
..\..\..\files\weather\calibration\daily\San Giorgio della Richinvelda.csv,12/11/2012 12:00:00 AM,5.13,-6.13,0,0,62.565357,27.509367,-93.12492,-1.1686013,0,0,0,0,0,0,0,0,0,0,0,0,0,0,0,0,0,0,0,0,0,0,0,0,0,0,0,0,0,0,0,
..\..\..\files\weather\calibration\daily\San Giorgio della Richinvelda.csv,12/12/2012 12:00:00 AM,7.11,-5.89,0,0,64.73096,25.2825,-93.12492,-1.9443116,0,0,0,0,0,0,0,0,0,0,0,0,0,0,0,0,0,0,0,0,0,0,0,0,0,0,0,0,0,0,0,
..\..\..\files\weather\calibration\daily\San Giorgio della Richinvelda.csv,12/13/2012 12:00:00 AM,4.38,-6.6899996,0,0,60.526974,26.866037,-93.12492,-0.86650413,0,0,0,0,0,0,0,0,0,0,0,0,0,0,0,0,0,0,0,0,0,0,0,0,0,0,0,0,0,0,0,
..\..\..\files\weather\calibration\daily\San Giorgio della Richinvelda.csv,12/14/2012 12:00:00 AM,2.1200001,-7.56,0.57916665,1,65.86336,27.176613,-93.12492,-0.23214878,0,0,0,0,0,0,0,0,0,0,0,0,0,0,0,0,0,0,0,0,0,0,0,0,0,0,0,0,0,0,0,
..\..\..\files\weather\calibration\daily\San Giorgio della Richinvelda.csv,12/15/2012 12:00:00 AM,3.3,-2.07,14.120833,24,76.49903,47.34258,-93.12492,-1.0139664,0,0,0,0,0,0,0,0,0,0,0,0,0,0,0,0,0,0,0,0,0,0,0,0,0,0,0,0,0,0,0,
..\..\..\files\weather\calibration\daily\San Giorgio della Richinvelda.csv,12/16/2012 12:00:00 AM,5.56,1.0499997,18.4,23,80.2146,58.31821,-93.12492,-2.255,0,0,0,0,0,0,0,0,0,0,0,0,0,0,0,0,0,0,0,0,0,0,0,0,0,0,0,0,0,0,0,
..\..\..\files\weather\calibration\daily\San Giorgio della Richinvelda.csv,12/17/2012 12:00:00 AM,6.75,0.13000011,0,0,79.015526,49.510162,-93.12492,-3.31,0,0,0,0,0,0,0,0,0,0,0,0,0,0,0,0,0,0,0,0,0,0,0,0,0,0,0,0,0,0,0,
..\..\..\files\weather\calibration\daily\San Giorgio della Richinvelda.csv,12/18/2012 12:00:00 AM,5.81,-0.055606134,0,0,79.644196,55.570595,-93.12492,-2.8774605,0,0,0,0,0,0,0,0,0,0,0,0,0,0,0,0,0,0,0,0,0,0,0,0,0,0,0,0,0,0,0,
..\..\..\files\weather\calibration\daily\San Giorgio della Richinvelda.csv,12/19/2012 12:00:00 AM,5.74,-1.242041,0,0,75.178,46.342392,-93.12492,-2.3594532,0,0,0,0,0,0,0,0,0,0,0,0,0,0,0,0,0,0,0,0,0,0,0,0,0,0,0,0,0,0,0,
..\..\..\files\weather\calibration\daily\San Giorgio della Richinvelda.csv,12/20/2012 12:00:00 AM,5.74,-2.4400003,0,0,71.79574,39.94833,-93.12492,-2.0139117,0,0,0,0,0,0,0,0,0,0,0,0,0,0,0,0,0,0,0,0,0,0,0,0,0,0,0,0,0,0,0,
..\..\..\files\weather\calibration\daily\San Giorgio della Richinvelda.csv,12/21/2012 12:00:00 AM,4.84,-3.4499998,0,0,70.780785,37.61655,-93.12492,-1.4128832,0,0,0,0,0,0,0,0,0,0,0,0,0,0,0,0,0,0,0,0,0,0,0,0,0,0,0,0,0,0,0,
..\..\..\files\weather\calibration\daily\San Giorgio della Richinvelda.csv,12/22/2012 12:00:00 AM,3.7800002,-0.85531014,0,0,74.11547,54.380653,-93.12492,-1.5412563,0,0,0,0,0,0,0,0,0,0,0,0,0,0,0,0,0,0,0,0,0,0,0,0,0,0,0,0,0,0,0,
..\..\..\files\weather\calibration\daily\San Giorgio della Richinvelda.csv,12/23/2012 12:00:00 AM,5.35,-1.9200001,0,0,72.661736,43.168194,-93.12492,-1.9685351,0,0,0,0,0,0,0,0,0,0,0,0,0,0,0,0,0,0,0,0,0,0,0,0,0,0,0,0,0,0,0,
..\..\..\files\weather\calibration\daily\San Giorgio della Richinvelda.csv,12/24/2012 12:00:00 AM,4.97,-1.1799998,0,0,74.045166,47.696827,-93.12492,-2.0082033,0,0,0,0,0,0,0,0,0,0,0,0,0,0,0,0,0,0,0,0,0,0,0,0,0,0,0,0,0,0,0,
..\..\..\files\weather\calibration\daily\San Giorgio della Richinvelda.csv,12/25/2012 12:00:00 AM,5.81,-0.5999999,0,0,82.918495,48.407642,-93.12492,-2.6330812,0,0,0,0,0,0,0,0,0,0,0,0,0,0,0,0,0,0,0,0,0,0,0,0,0,0,0,0,0,0,0,
..\..\..\files\weather\calibration\daily\San Giorgio della Richinvelda.csv,12/26/2012 12:00:00 AM,7.84,3.0100002,0.5125,1,89.336784,62.318928,-93.12492,-2.415,0,0,0,0,0,0,0,0,0,0,0,0,0,0,0,0,0,0,0,0,0,0,0,0,0,0,0,0,0,0,0,
..\..\..\files\weather\calibration\daily\San Giorgio della Richinvelda.csv,12/27/2012 12:00:00 AM,8.29,3.1286988,11.787499,23,92.45947,73.32324,-93.12492,-2.5806508,0,0,0,0,0,0,0,0,0,0,0,0,0,0,0,0,0,0,0,0,0,0,0,0,0,0,0,0,0,0,0,
..\..\..\files\weather\calibration\daily\San Giorgio della Richinvelda.csv,12/28/2012 12:00:00 AM,8.25,2.25,0,0,85.422455,56.26903,-93.12492,-3,0,0,0,0,0,0,0,0,0,0,0,0,0,0,0,0,0,0,0,0,0,0,0,0,0,0,0,0,0,0,0,
..\..\..\files\weather\calibration\daily\San Giorgio della Richinvelda.csv,12/29/2012 12:00:00 AM,11.76,0.67918754,0,0,83.96447,41.500298,-92.98515,-5.400633,0.13977318,0,0,0,0,0,0,0,0,0,0,0,0,0,0,0,0,0,0,0,0,0,0,0,0,0,0,0,0,0,0,
..\..\..\files\weather\calibration\daily\San Giorgio della Richinvelda.csv,12/30/2012 12:00:00 AM,9.65,-0.85999966,0,0,77.97592,37.330376,-92.98515,-4.4301853,0,0,0,0,0,0,0,0,0,0,0,0,0,0,0,0,0,0,0,0,0,0,0,0,0,0,0,0,0,0,0,
..\..\..\files\weather\calibration\daily\San Giorgio della Richinvelda.csv,12/31/2012 12:00:00 AM,8.81,-2.3400002,0,0,74.06885,33.65148,-92.98515,-3.4805427,0,0,0,0,0,0,0,0,0,0,0,0,0,0,0,0,0,0,0,0,0,0,0,0,0,0,0,0,0,0,0,
..\..\..\files\weather\calibration\daily\San Giorgio della Richinvelda.csv,1/1/2013 12:00:00 AM,8.55,-2.5699997,0,0,73.40546,33.3682,-92.98515,-3.286983,0,0,0,0,0,0,0,0,0,0,0,0,0,0,0,0,0,0,0,0,0,0,0,0,0,0,0,0,0,0,0,
..\..\..\files\weather\calibration\daily\San Giorgio della Richinvelda.csv,1/2/2013 12:00:00 AM,8.73,-4.18,0.16250001,1,77.0839,27.703308,-92.98515,-2.9517,0,0,0,0,0,0,0,0,0,0,0,0,0,0,0,0,0,0,0,0,0,0,0,0,0,0,0,0,0,0,0,
..\..\..\files\weather\calibration\daily\San Giorgio della Richinvelda.csv,1/3/2013 12:00:00 AM,6.96,1.1999998,3.7375002,23,81.88751,54.639034,-92.98515,-2.88,0,0,0,0,0,0,0,0,0,0,0,0,0,0,0,0,0,0,0,0,0,0,0,0,0,0,0,0,0,0,0,
..\..\..\files\weather\calibration\daily\San Giorgio della Richinvelda.csv,1/4/2013 12:00:00 AM,11.48,1.5,0,0,83.97881,42.22218,-92.87541,-4.8802605,0.109739415,0,0,0,0,0,0,0,0,0,0,0,0,0,0,0,0,0,0,0,0,0,0,0,0,0,0,0,0,0,0,
..\..\..\files\weather\calibration\daily\San Giorgio della Richinvelda.csv,1/5/2013 12:00:00 AM,11.87,0.6700001,0,0,81.75244,37.73405,-92.7193,-5.443888,0.1561116,0,0,0,0,0,0,0,0,0,0,0,0,0,0,0,0,0,0,0,0,0,0,0,0,0,0,0,0,0,0,
..\..\..\files\weather\calibration\daily\San Giorgio della Richinvelda.csv,1/6/2013 12:00:00 AM,13.41,2.4648528,0,0,86.533195,42.052444,-92.1881,-4.941375,0.53119886,0,0,0,0,0,0,0,0,0,0,0,0,0,0,0,0,0,0,0,0,0,0,0,0,0,0,0,0,0,0,
..\..\..\files\weather\calibration\daily\San Giorgio della Richinvelda.csv,1/7/2013 12:00:00 AM,13.8,0.5199995,0,0,80.42053,32.36036,-91.644424,-6.096326,0.5436747,0,0,0,0,0,0,0,0,0,0,0,0,0,0,0,0,0,0,0,0,0,0,0,0,0,0,0,0,0,0,
..\..\..\files\weather\calibration\daily\San Giorgio della Richinvelda.csv,1/8/2013 12:00:00 AM,10.79,0.26000023,0,0,80.88848,38.932507,-91.61479,-5.2353654,0.029634375,0,0,0,0,0,0,0,0,0,0,0,0,0,0,0,0,0,0,0,0,0,0,0,0,0,0,0,0,0,0,
..\..\..\files\weather\calibration\daily\San Giorgio della Richinvelda.csv,1/9/2013 12:00:00 AM,4.49,0.82000005,0,0,78.81752,60.394276,-91.61479,-1.8349999,0,0,0,0,0,0,0,0,0,0,0,0,0,0,0,0,0,0,0,0,0,0,0,0,0,0,0,0,0,0,0,
..\..\..\files\weather\calibration\daily\San Giorgio della Richinvelda.csv,1/10/2013 12:00:00 AM,6.31,1.73,0,0,82.68414,59.92986,-91.61479,-2.29,0,0,0,0,0,0,0,0,0,0,0,0,0,0,0,0,0,0,0,0,0,0,0,0,0,0,0,0,0,0,0,
..\..\..\files\weather\calibration\daily\San Giorgio della Richinvelda.csv,1/11/2013 12:00:00 AM,8.42,0.21905403,0,0,81.49584,47.447094,-91.61479,-4.100473,0,0,0,0,0,0,0,0,0,0,0,0,0,0,0,0,0,0,0,0,0,0,0,0,0,0,0,0,0,0,0,
..\..\..\files\weather\calibration\daily\San Giorgio della Richinvelda.csv,1/12/2013 12:00:00 AM,8.14,-1.1400001,0,0,76.74953,39.863163,-91.61479,-3.5700216,0,0,0,0,0,0,0,0,0,0,0,0,0,0,0,0,0,0,0,0,0,0,0,0,0,0,0,0,0,0,0,
..\..\..\files\weather\calibration\daily\San Giorgio della Richinvelda.csv,1/13/2013 12:00:00 AM,4.7,-1.1799998,0.45416665,1,76.23938,48.3996,-91.61479,-1.8784013,0,0,0,0,0,0,0,0,0,0,0,0,0,0,0,0,0,0,0,0,0,0,0,0,0,0,0,0,0,0,0,
..\..\..\files\weather\calibration\daily\San Giorgio della Richinvelda.csv,1/14/2013 12:00:00 AM,4.12,0.61445296,10.791666,24,78.6753,63.6124,-91.61479,-1.7527734,0,0,0,0,0,0,0,0,0,0,0,0,0,0,0,0,0,0,0,0,0,0,0,0,0,0,0,0,0,0,0,
..\..\..\files\weather\calibration\daily\San Giorgio della Richinvelda.csv,1/15/2013 12:00:00 AM,3.03,-0.20402324,8.204166,24,74.828,61.091087,-91.61479,-1.4194239,0,0,0,0,0,0,0,0,0,0,0,0,0,0,0,0,0,0,0,0,0,0,0,0,0,0,0,0,0,0,0,
..\..\..\files\weather\calibration\daily\San Giorgio della Richinvelda.csv,1/16/2013 12:00:00 AM,4.61,-1.0300001,5.95,24,73.99062,49.415363,-91.61479,-1.8840514,0,0,0,0,0,0,0,0,0,0,0,0,0,0,0,0,0,0,0,0,0,0,0,0,0,0,0,0,0,0,0,
..\..\..\files\weather\calibration\daily\San Giorgio della Richinvelda.csv,1/17/2013 12:00:00 AM,3.71,-1.46,4.6,23,73.60752,49.495872,-91.61479,-1.3311509,0,0,0,0,0,0,0,0,0,0,0,0,0,0,0,0,0,0,0,0,0,0,0,0,0,0,0,0,0,0,0,
..\..\..\files\weather\calibration\daily\San Giorgio della Richinvelda.csv,1/18/2013 12:00:00 AM,6.6,-1.2148069,0,0,78.84206,49.841324,-91.61479,-2.7870169,0,0,0,0,0,0,0,0,0,0,0,0,0,0,0,0,0,0,0,0,0,0,0,0,0,0,0,0,0,0,0,
..\..\..\files\weather\calibration\daily\San Giorgio della Richinvelda.csv,1/19/2013 12:00:00 AM,5.11,-3.4202805,0.14166667,1,71.49147,41.991882,-91.61479,-1.5305533,0,0,0,0,0,0,0,0,0,0,0,0,0,0,0,0,0,0,0,0,0,0,0,0,0,0,0,0,0,0,0,
..\..\..\files\weather\calibration\daily\San Giorgio della Richinvelda.csv,1/20/2013 12:00:00 AM,3.98,-4.69,4.0958333,24,71.961555,34.336708,-91.61479,-0.91351783,0,0,0,0,0,0,0,0,0,0,0,0,0,0,0,0,0,0,0,0,0,0,0,0,0,0,0,0,0,0,0,
..\..\..\files\weather\calibration\daily\San Giorgio della Richinvelda.csv,1/21/2013 12:00:00 AM,6.26,-0.40999985,19.779167,24,82.898125,48.136658,-91.61479,-2.9376013,0,0,0,0,0,0,0,0,0,0,0,0,0,0,0,0,0,0,0,0,0,0,0,0,0,0,0,0,0,0,0,
..\..\..\files\weather\calibration\daily\San Giorgio della Richinvelda.csv,1/22/2013 12:00:00 AM,7.79,2.2835505,12.041666,24,87.11029,62.446438,-91.61479,-2.7532246,0,0,0,0,0,0,0,0,0,0,0,0,0,0,0,0,0,0,0,0,0,0,0,0,0,0,0,0,0,0,0,
..\..\..\files\weather\calibration\daily\San Giorgio della Richinvelda.csv,1/23/2013 12:00:00 AM,7.2,0.42159832,3.6416667,23,82.68127,55.21235,-91.61479,-3.3892007,0,0,0,0,0,0,0,0,0,0,0,0,0,0,0,0,0,0,0,0,0,0,0,0,0,0,0,0,0,0,0,
..\..\..\files\weather\calibration\daily\San Giorgio della Richinvelda.csv,1/24/2013 12:00:00 AM,7.25,-0.75,0,0,77.18894,43.834213,-91.61479,-3.2851562,0,0,0,0,0,0,0,0,0,0,0,0,0,0,0,0,0,0,0,0,0,0,0,0,0,0,0,0,0,0,0,
..\..\..\files\weather\calibration\daily\San Giorgio della Richinvelda.csv,1/25/2013 12:00:00 AM,6.79,-1.2925436,0,0,81.16774,53.89491,-91.61479,-2.8520787,0,0,0,0,0,0,0,0,0,0,0,0,0,0,0,0,0,0,0,0,0,0,0,0,0,0,0,0,0,0,0,
..\..\..\files\weather\calibration\daily\San Giorgio della Richinvelda.csv,1/26/2013 12:00:00 AM,5.57,-4.8346295,0,0,71.55807,40.19869,-91.61479,-1.4909182,0,0,0,0,0,0,0,0,0,0,0,0,0,0,0,0,0,0,0,0,0,0,0,0,0,0,0,0,0,0,0,
..\..\..\files\weather\calibration\daily\San Giorgio della Richinvelda.csv,1/27/2013 12:00:00 AM,2.8900003,-6.16,0,0,59.889984,30.751694,-91.61479,-0.4614421,0,0,0,0,0,0,0,0,0,0,0,0,0,0,0,0,0,0,0,0,0,0,0,0,0,0,0,0,0,0,0,
..\..\..\files\weather\calibration\daily\San Giorgio della Richinvelda.csv,1/28/2013 12:00:00 AM,3.7799997,-6.62,0,0,65.6814,27.92725,-91.61479,-0.6869422,0,0,0,0,0,0,0,0,0,0,0,0,0,0,0,0,0,0,0,0,0,0,0,0,0,0,0,0,0,0,0,
..\..\..\files\weather\calibration\daily\San Giorgio della Richinvelda.csv,1/29/2013 12:00:00 AM,4.53,-2.3399997,0,0,70.74051,43.139748,-91.61479,-1.4935155,0,0,0,0,0,0,0,0,0,0,0,0,0,0,0,0,0,0,0,0,0,0,0,0,0,0,0,0,0,0,0,
..\..\..\files\weather\calibration\daily\San Giorgio della Richinvelda.csv,1/30/2013 12:00:00 AM,7.93,-3.73,0,0,72.25145,30.570919,-91.61479,-2.696608,0,0,0,0,0,0,0,0,0,0,0,0,0,0,0,0,0,0,0,0,0,0,0,0,0,0,0,0,0,0,0,
..\..\..\files\weather\calibration\daily\San Giorgio della Richinvelda.csv,1/31/2013 12:00:00 AM,8.84,-0.17000008,0,0,79.487755,42.262722,-91.61479,-4.3366036,0,0,0,0,0,0,0,0,0,0,0,0,0,0,0,0,0,0,0,0,0,0,0,0,0,0,0,0,0,0,0,
..\..\..\files\weather\calibration\daily\San Giorgio della Richinvelda.csv,2/1/2013 12:00:00 AM,9.25,0.22999954,0,0,80.6341,42.93152,-91.61479,-4.51,0,0,0,0,0,0,0,0,0,0,0,0,0,0,0,0,0,0,0,0,0,0,0,0,0,0,0,0,0,0,0,
..\..\..\files\weather\calibration\daily\San Giorgio della Richinvelda.csv,2/2/2013 12:00:00 AM,7.26,0.5799999,0.87083334,1,81.59451,50.342705,-91.61479,-3.3400002,0,0,0,0,0,0,0,0,0,0,0,0,0,0,0,0,0,0,0,0,0,0,0,0,0,0,0,0,0,0,0,
..\..\..\files\weather\calibration\daily\San Giorgio della Richinvelda.csv,2/3/2013 12:00:00 AM,7.77,1.9701935,20.029167,23,86.08302,60.107315,-91.61479,-2.8999033,0,0,0,0,0,0,0,0,0,0,0,0,0,0,0,0,0,0,0,0,0,0,0,0,0,0,0,0,0,0,0,
..\..\..\files\weather\calibration\daily\San Giorgio della Richinvelda.csv,2/4/2013 12:00:00 AM,11.18,0.2986995,0,0,81.18331,38.43523,-91.55081,-5.376669,0.063981354,0,0,0,0,0,0,0,0,0,0,0,0,0,0,0,0,0,0,0,0,0,0,0,0,0,0,0,0,0,0,
..\..\..\files\weather\calibration\daily\San Giorgio della Richinvelda.csv,2/5/2013 12:00:00 AM,11.19,-1.5699997,0,0,76.245575,31.265059,-91.49532,-4.962076,0.055489775,0,0,0,0,0,0,0,0,0,0,0,0,0,0,0,0,0,0,0,0,0,0,0,0,0,0,0,0,0,0,
..\..\..\files\weather\calibration\daily\San Giorgio della Richinvelda.csv,2/6/2013 12:00:00 AM,8.76,-1.8099997,0.14583333,1,75.35756,35.725082,-91.49532,-3.6299717,0,0,0,0,0,0,0,0,0,0,0,0,0,0,0,0,0,0,0,0,0,0,0,0,0,0,0,0,0,0,0,
..\..\..\files\weather\calibration\daily\San Giorgio della Richinvelda.csv,2/7/2013 12:00:00 AM,9.48,-1.7453986,3.3541665,23,78.618866,38.829117,-91.49532,-4.0029936,0,0,0,0,0,0,0,0,0,0,0,0,0,0,0,0,0,0,0,0,0,0,0,0,0,0,0,0,0,0,0,
..\..\..\files\weather\calibration\daily\San Giorgio della Richinvelda.csv,2/8/2013 12:00:00 AM,9.53,-3.6800003,0,0,71.00391,27.811829,-91.49532,-3.437581,0,0,0,0,0,0,0,0,0,0,0,0,0,0,0,0,0,0,0,0,0,0,0,0,0,0,0,0,0,0,0,
..\..\..\files\weather\calibration\daily\San Giorgio della Richinvelda.csv,2/9/2013 12:00:00 AM,7.81,-4.19,0,0,69.14045,29.282352,-91.49532,-2.5415041,0,0,0,0,0,0,0,0,0,0,0,0,0,0,0,0,0,0,0,0,0,0,0,0,0,0,0,0,0,0,0,
..\..\..\files\weather\calibration\daily\San Giorgio della Richinvelda.csv,2/10/2013 12:00:00 AM,5.13,-4.923949,0,0,67.10376,34.25913,-91.49532,-1.3087842,0,0,0,0,0,0,0,0,0,0,0,0,0,0,0,0,0,0,0,0,0,0,0,0,0,0,0,0,0,0,0,
..\..\..\files\weather\calibration\daily\San Giorgio della Richinvelda.csv,2/11/2013 12:00:00 AM,4.3199997,-6.5099998,0.7583334,1,60.862602,27.506372,-91.49532,-0.86160654,0,0,0,0,0,0,0,0,0,0,0,0,0,0,0,0,0,0,0,0,0,0,0,0,0,0,0,0,0,0,0,
..\..\..\files\weather\calibration\daily\San Giorgio della Richinvelda.csv,2/12/2013 12:00:00 AM,3.0699997,-5.76,17.441668,23,68.30168,31.891705,-91.49532,-0.5336862,0,0,0,0,0,0,0,0,0,0,0,0,0,0,0,0,0,0,0,0,0,0,0,0,0,0,0,0,0,0,0,
..\..\..\files\weather\calibration\daily\San Giorgio della Richinvelda.csv,2/13/2013 12:00:00 AM,4.81,-3.41136,0,0,73.08587,46.501534,-91.49532,-1.4070724,0,0,0,0,0,0,0,0,0,0,0,0,0,0,0,0,0,0,0,0,0,0,0,0,0,0,0,0,0,0,0,
..\..\..\files\weather\calibration\daily\San Giorgio della Richinvelda.csv,2/14/2013 12:00:00 AM,5.09,-4.87,0,0,74.80474,31.741957,-91.49532,-1.3006076,0,0,0,0,0,0,0,0,0,0,0,0,0,0,0,0,0,0,0,0,0,0,0,0,0,0,0,0,0,0,0,
..\..\..\files\weather\calibration\daily\San Giorgio della Richinvelda.csv,2/15/2013 12:00:00 AM,9.1,-0.8085493,0,0,81.73547,45.41507,-91.49532,-4.1787148,0,0,0,0,0,0,0,0,0,0,0,0,0,0,0,0,0,0,0,0,0,0,0,0,0,0,0,0,0,0,0,
..\..\..\files\weather\calibration\daily\San Giorgio della Richinvelda.csv,2/16/2013 12:00:00 AM,8.7,-2.4399998,0,0,73.78291,33.52257,-91.49532,-3.3972173,0,0,0,0,0,0,0,0,0,0,0,0,0,0,0,0,0,0,0,0,0,0,0,0,0,0,0,0,0,0,0,
..\..\..\files\weather\calibration\daily\San Giorgio della Richinvelda.csv,2/17/2013 12:00:00 AM,9.49,-1.7299998,0,0,75.77188,34.39842,-91.49532,-4.0133734,0,0,0,0,0,0,0,0,0,0,0,0,0,0,0,0,0,0,0,0,0,0,0,0,0,0,0,0,0,0,0,
..\..\..\files\weather\calibration\daily\San Giorgio della Richinvelda.csv,2/18/2013 12:00:00 AM,8.03,-0.73000026,0,0,77.715836,41.907085,-91.49532,-3.6804163,0,0,0,0,0,0,0,0,0,0,0,0,0,0,0,0,0,0,0,0,0,0,0,0,0,0,0,0,0,0,0,
..\..\..\files\weather\calibration\daily\San Giorgio della Richinvelda.csv,2/19/2013 12:00:00 AM,8.42,-1.7686675,0,0,78.58485,42.089375,-91.49532,-3.4791794,0,0,0,0,0,0,0,0,0,0,0,0,0,0,0,0,0,0,0,0,0,0,0,0,0,0,0,0,0,0,0,
..\..\..\files\weather\calibration\daily\San Giorgio della Richinvelda.csv,2/20/2013 12:00:00 AM,8.73,-3.5699997,0,0,71.0429,29.612198,-91.49532,-3.0980852,0,0,0,0,0,0,0,0,0,0,0,0,0,0,0,0,0,0,0,0,0,0,0,0,0,0,0,0,0,0,0,
..\..\..\files\weather\calibration\daily\San Giorgio della Richinvelda.csv,2/21/2013 12:00:00 AM,6.75,-1.9499998,0.1375,1,73.86038,39.745094,-91.49532,-2.6185346,0,0,0,0,0,0,0,0,0,0,0,0,0,0,0,0,0,0,0,0,0,0,0,0,0,0,0,0,0,0,0,
..\..\..\files\weather\calibration\daily\San Giorgio della Richinvelda.csv,2/22/2013 12:00:00 AM,3.6999998,-1.7099999,3.1625001,23,71.19455,48.214336,-91.49532,-1.2652495,0,0,0,0,0,0,0,0,0,0,0,0,0,0,0,0,0,0,0,0,0,0,0,0,0,0,0,0,0,0,0,
..\..\..\files\weather\calibration\daily\San Giorgio della Richinvelda.csv,2/23/2013 12:00:00 AM,2.77,-1.9699999,0.38333333,1,69.25882,49.140545,-91.49532,-0.8093777,0,0,0,0,0,0,0,0,0,0,0,0,0,0,0,0,0,0,0,0,0,0,0,0,0,0,0,0,0,0,0,
..\..\..\files\weather\calibration\daily\San Giorgio della Richinvelda.csv,2/24/2013 12:00:00 AM,4.38,-1.71,9.095833,24,75.80466,46.5293,-91.49532,-1.575074,0,0,0,0,0,0,0,0,0,0,0,0,0,0,0,0,0,0,0,0,0,0,0,0,0,0,0,0,0,0,0,
..\..\..\files\weather\calibration\daily\San Giorgio della Richinvelda.csv,2/25/2013 12:00:00 AM,5.81,0.70124394,6.4208336,23,79.89549,56.149708,-91.49532,-2.554378,0,0,0,0,0,0,0,0,0,0,0,0,0,0,0,0,0,0,0,0,0,0,0,0,0,0,0,0,0,0,0,
..\..\..\files\weather\calibration\daily\San Giorgio della Richinvelda.csv,2/26/2013 12:00:00 AM,10.5,-0.97999954,0,0,77.761116,34.86157,-91.484436,-4.812718,0.010888502,0,0,0,0,0,0,0,0,0,0,0,0,0,0,0,0,0,0,0,0,0,0,0,0,0,0,0,0,0,0,
..\..\..\files\weather\calibration\daily\San Giorgio della Richinvelda.csv,2/27/2013 12:00:00 AM,11.35,-2.5,0,0,81.57487,28.001213,-91.41864,-4.7164264,0.06579426,0,0,0,0,0,0,0,0,0,0,0,0,0,0,0,0,0,0,0,0,0,0,0,0,0,0,0,0,0,0,
..\..\..\files\weather\calibration\daily\San Giorgio della Richinvelda.csv,2/28/2013 12:00:00 AM,8.61,2.6899998,0,0,86.73786,57.531284,-91.41864,-2.9599998,0,0,0,0,0,0,0,0,0,0,0,0,0,0,0,0,0,0,0,0,0,0,0,0,0,0,0,0,0,0,0,
..\..\..\files\weather\calibration\daily\San Giorgio della Richinvelda.csv,3/1/2013 12:00:00 AM,11.73,1.2399998,0,0,83.25127,40.40872,-91.275986,-5.102345,0.14265484,0,0,0,0,0,0,0,0,0,0,0,0,0,0,0,0,0,0,0,0,0,0,0,0,0,0,0,0,0,0,
..\..\..\files\weather\calibration\daily\San Giorgio della Richinvelda.csv,3/2/2013 12:00:00 AM,12.72,0.7600002,0,0,81.66081,35.875385,-90.96669,-5.6707025,0.3092977,0,0,0,0,0,0,0,0,0,0,0,0,0,0,0,0,0,0,0,0,0,0,0,0,0,0,0,0,0,0,
..\..\..\files\weather\calibration\daily\San Giorgio della Richinvelda.csv,3/3/2013 12:00:00 AM,12.53,0.31000042,0,0,80.60084,34.705803,-90.70479,-5.848097,0.26190257,0,0,0,0,0,0,0,0,0,0,0,0,0,0,0,0,0,0,0,0,0,0,0,0,0,0,0,0,0,0,
..\..\..\files\weather\calibration\daily\San Giorgio della Richinvelda.csv,3/4/2013 12:00:00 AM,13.41,-1.3500004,0,0,75.98733,27.366484,-90.31088,-6.4856434,0.39390576,0,0,0,0,0,0,0,0,0,0,0,0,0,0,0,0,0,0,0,0,0,0,0,0,0,0,0,0,0,0,
..\..\..\files\weather\calibration\daily\San Giorgio della Richinvelda.csv,3/5/2013 12:00:00 AM,14.84,-2.8699994,0,0,71.2397,20.900282,-89.64951,-6.8789163,0.6613665,0,0,0,0,0,0,0,0,0,0,0,0,0,0,0,0,0,0,0,0,0,0,0,0,0,0,0,0,0,0,
..\..\..\files\weather\calibration\daily\San Giorgio della Richinvelda.csv,3/6/2013 12:00:00 AM,12.78,-1.7399998,0.5125,1,88.65148,27.478453,-89.383385,-5.890386,0.26612943,0,0,0,0,0,0,0,0,0,0,0,0,0,0,0,0,0,0,0,0,0,0,0,0,0,0,0,0,0,0,
..\..\..\files\weather\calibration\daily\San Giorgio della Richinvelda.csv,3/7/2013 12:00:00 AM,10.69,5.18,12.008333,24,94.32301,64.42889,-89.34018,-2.7117965,0.043203216,0,0,0,0,0,0,0,0,0,0,0,0,0,0,0,0,0,0,0,0,0,0,0,0,0,0,0,0,0,0,
..\..\..\files\weather\calibration\daily\San Giorgio della Richinvelda.csv,3/8/2013 12:00:00 AM,12.03,7.21,5.1375003,24,98.98044,71.605484,-88.9127,-1.9825207,0.42747915,0,0,0,0,0,0,0,0,0,0,0,0,1,0,0,0,0,0,0,0,0,0,0,0,0,0,0,0,1,0,
..\..\..\files\weather\calibration\daily\San Giorgio della Richinvelda.csv,3/9/2013 12:00:00 AM,12.41,7.0200005,1.7458334,24,98.30965,68.466995,-88.37391,-2.156215,0.5387848,0,0,0,0,0,0,0,0,0,0,0,0,1,0,0,0,0,0,0,0,0,0,0,0,0,0,0,0,1,0,
..\..\..\files\weather\calibration\daily\San Giorgio della Richinvelda.csv,3/10/2013 12:00:00 AM,12.17,6.341717,9.454166,24,99.526886,72.421906,-87.96994,-2.510172,0.40396976,0,0,0,0,0,0,0,0,0,0,0,0,1,0,0,0,0,0,0,0,0,0,0,0,0,0,0,0,1,0,
..\..\..\files\weather\calibration\daily\San Giorgio della Richinvelda.csv,3/11/2013 12:00:00 AM,12.18,5.34,3.7625,24,93.8746,59.105034,-87.62254,-3.0726023,0.34739774,0,0,0,0,0,0,0,0,0,0,0,0,1,0,0,0,0,0,0,0,0,0,0,0,0,0,0,0,1,0,
..\..\..\files\weather\calibration\daily\San Giorgio della Richinvelda.csv,3/12/2013 12:00:00 AM,13.62,4.2200003,2.9583335,24,90.110306,47.74841,-86.9255,-4.0029573,0.6970425,0,0,0,0,0,0,0,0,0,0,0,0,1,0,0,0,0,0,0,0,0,0,0,0,0,0,0,0,1,0,
..\..\..\files\weather\calibration\daily\San Giorgio della Richinvelda.csv,3/13/2013 12:00:00 AM,11.78,5.1871605,4.3375,24,95.21808,63.504906,-86.68521,-3.0561283,0.24029094,0,0,0,0,0,0,0,0,0,0,0,0,1,0,0,0,0,0,0,0,0,0,0,0,0,0,0,0,1,0,
..\..\..\files\weather\calibration\daily\San Giorgio della Richinvelda.csv,3/14/2013 12:00:00 AM,11.64,3.5723085,4.983333,23,90.68964,54.18325,-86.518524,-3.8671563,0.16668963,0,0,0,0,0,0,0,0,0,0,0,0,1,0,0,0,0,0,0,0,0,0,0,0,0,0,0,0,1,0,
..\..\..\files\weather\calibration\daily\San Giorgio della Richinvelda.csv,3/15/2013 12:00:00 AM,10.23,0.9264209,0,0,86.474625,50.4924,-86.51568,-4.648947,0.0028429807,0,0,0,0,0,0,0,0,0,0,0,0,0,0,0,0,0,0,0,0,0,0,0,0,0,0,0,0,0,0,
..\..\..\files\weather\calibration\daily\San Giorgio della Richinvelda.csv,3/16/2013 12:00:00 AM,9.24,-2.2582092,0,0,78.78452,39.805073,-86.51568,-3.7126474,0,0,0,0,0,0,0,0,0,0,0,0,0,0,0,0,0,0,0,0,0,0,0,0,0,0,0,0,0,0,0,
..\..\..\files\weather\calibration\daily\San Giorgio della Richinvelda.csv,3/17/2013 12:00:00 AM,8.01,-4.02,0.24166667,1,76.74716,29.473484,-86.51568,-2.6666708,0,0,0,0,0,0,0,0,0,0,0,0,0,0,0,0,0,0,0,0,0,0,0,0,0,0,0,0,0,0,0,
..\..\..\files\weather\calibration\daily\San Giorgio della Richinvelda.csv,3/18/2013 12:00:00 AM,7.11,1.0999999,6.4625,24,81.74747,53.600426,-86.51568,-3.005,0,0,0,0,0,0,0,0,0,0,0,0,0,0,0,0,0,0,0,0,0,0,0,0,0,0,0,0,0,0,0,
..\..\..\files\weather\calibration\daily\San Giorgio della Richinvelda.csv,3/19/2013 12:00:00 AM,9.44,2.5500002,20.795834,23,86.659256,53.8101,-86.51568,-3.4449997,0,0,0,0,0,0,0,0,0,0,0,0,0,0,0,0,0,0,0,0,0,0,0,0,0,0,0,0,0,0,0,
..\..\..\files\weather\calibration\daily\San Giorgio della Richinvelda.csv,3/20/2013 12:00:00 AM,14.4,2.0200005,0,0,83.78099,36.1178,-85.73377,-5.4080935,0.78190625,0,0,0,0,0,0,0,0,0,0,0,0,0,0,0,0,0,0,0,0,0,0,0,0,0,0,0,0,0,0,
..\..\..\files\weather\calibration\daily\San Giorgio della Richinvelda.csv,3/21/2013 12:00:00 AM,14.29,1.0100002,0,0,81.29441,32.829563,-85.04085,-5.9470744,0.69292545,0,0,0,0,0,0,0,0,0,0,0,0,0,0,0,0,0,0,0,0,0,0,0,0,0,0,0,0,0,0,
..\..\..\files\weather\calibration\daily\San Giorgio della Richinvelda.csv,3/22/2013 12:00:00 AM,15.06,2.4741871,0,0,86.598694,39.32162,-84.02369,-5.2757454,1.0171613,0,0,0,0,0,0,0,0,0,0,0,0,0,0,0,0,0,0,0,0,0,0,0,0,0,0,0,0,0,0,
..\..\..\files\weather\calibration\daily\San Giorgio della Richinvelda.csv,3/23/2013 12:00:00 AM,14.33,0.43999958,0,0,79.82044,30.854765,-83.348785,-6.270094,0.6749064,0,0,0,0,0,0,0,0,0,0,0,0,0,0,0,0,0,0,0,0,0,0,0,0,0,0,0,0,0,0,
..\..\..\files\weather\calibration\daily\San Giorgio della Richinvelda.csv,3/24/2013 12:00:00 AM,12.51,2.13,0.17916667,1,85.27839,41.908726,-83.04531,-4.886527,0.3034731,0,0,0,0,0,0,0,0,0,0,0,0,0,0,0,0,0,0,0,0,0,0,0,0,0,0,0,0,0,0,
..\..\..\files\weather\calibration\daily\San Giorgio della Richinvelda.csv,3/25/2013 12:00:00 AM,8.24,1.7486395,4.4,24,87.52552,61.111565,-83.04531,-3.2456799,0,0,0,0,0,0,0,0,0,0,0,0,0,0,0,0,0,0,0,0,0,0,0,0,0,0,0,0,0,0,0,
..\..\..\files\weather\calibration\daily\San Giorgio della Richinvelda.csv,3/26/2013 12:00:00 AM,4.48,0.95418686,6.4208336,23,79.5226,63.374935,-83.04531,-1.7629066,0,0,0,0,0,0,0,0,0,0,0,0,0,0,0,0,0,0,0,0,0,0,0,0,0,0,0,0,0,0,0,
..\..\..\files\weather\calibration\daily\San Giorgio della Richinvelda.csv,3/27/2013 12:00:00 AM,7.04,-0.09000015,0,0,78.688225,47.567192,-83.04531,-3.475568,0,0,0,0,0,0,0,0,0,0,0,0,0,0,0,0,0,0,0,0,0,0,0,0,0,0,0,0,0,0,0,
..\..\..\files\weather\calibration\daily\San Giorgio della Richinvelda.csv,3/28/2013 12:00:00 AM,7.7699995,1.1699998,0.5208333,1,82.37304,51.88911,-83.04531,-3.3,0,0,0,0,0,0,0,0,0,0,0,0,0,0,0,0,0,0,0,0,0,0,0,0,0,0,0,0,0,0,0,
..\..\..\files\weather\calibration\daily\San Giorgio della Richinvelda.csv,3/29/2013 12:00:00 AM,9.23,0.7399998,12.129167,24,87.74475,45.320858,-83.04531,-4.245,0,0,0,0,0,0,0,0,0,0,0,0,0,0,0,0,0,0,0,0,0,0,0,0,0,0,0,0,0,0,0,
..\..\..\files\weather\calibration\daily\San Giorgio della Richinvelda.csv,3/30/2013 12:00:00 AM,8.51,4.49,4.375,24,91.427246,69.31653,-83.04531,-2.0100002,0,0,0,0,0,0,0,0,0,0,0,0,0,0,0,0,0,0,0,0,0,0,0,0,0,0,0,0,0,0,0,
..\..\..\files\weather\calibration\daily\San Giorgio della Richinvelda.csv,3/31/2013 12:00:00 AM,11.14,5.0600004,21.516666,24,93.39663,61.771976,-82.93844,-2.9331248,0.10687507,0,0,0,0,0,0,0,0,0,0,0,0,1,0,0,0,0,0,0,0,0,0,0,0,0,0,0,0,1,0,
..\..\..\files\weather\calibration\daily\San Giorgio della Richinvelda.csv,4/1/2013 12:00:00 AM,12.52,4.5300007,5.5583334,23,91.57131,53.283928,-82.54104,-3.597603,0.3973969,0,0,0,0,0,0,0,0,0,0,0,0,1,0,0,0,0,0,0,0,0,0,0,0,0,0,0,0,1,0,
..\..\..\files\weather\calibration\daily\San Giorgio della Richinvelda.csv,4/2/2013 12:00:00 AM,10.78,4.38,0,3,91.61688,59.18227,-82.49351,-3.1524687,0.04753122,0,0,0,0,0,0,0,0,0,0,0,0,0,0,0,0,0,0,0,0,0,0,0,0,0,0,0,0,0,0,
..\..\..\files\weather\calibration\daily\San Giorgio della Richinvelda.csv,4/3/2013 12:00:00 AM,11.17,4.23,0,3,91.1802,56.79318,-82.39488,-3.3713758,0.09862393,0,0,0,0,0,0,0,0,0,0,0,0,0,0,0,0,0,0,0,0,0,0,0,0,0,0,0,0,0,0,
..\..\..\files\weather\calibration\daily\San Giorgio della Richinvelda.csv,4/4/2013 12:00:00 AM,12.92,4.2299995,0.16666667,2,90.57535,50.272987,-81.9043,-3.8544135,0.49058688,0,0,0,0,0,0,0,0,0,0,0,0,0,0,0,0,0,0,0,0,0,0,0,0,0,0,0,0,0,0,
..\..\..\files\weather\calibration\daily\San Giorgio della Richinvelda.csv,4/5/2013 12:00:00 AM,12.26,4.5500007,4.2458334,24,92.360344,54.375286,-81.57307,-3.5237677,0.33123225,0,0,0,0,0,0,0,0,0,0,0,0,0,0,0,0,0,0,0,0,0,0,0,0,0,0,0,0,0,0,
..\..\..\files\weather\calibration\daily\San Giorgio della Richinvelda.csv,4/6/2013 12:00:00 AM,10.59,6.2099996,9.4875,23,96.530685,71.720985,-81.53333,-2.1502626,0.03973746,0,0,0,0,0,0,0,0,0,0,0,0,0,0,0,0,0,0,0,0,0,0,0,0,0,0,0,0,0,0,
..\..\..\files\weather\calibration\daily\San Giorgio della Richinvelda.csv,4/7/2013 12:00:00 AM,14.16,5.33,0,3,92.62994,51.21232,-80.5534,-3.435068,0.979932,0,0,0,0,0,0,0,0,0,0,0,0,0,0,0,0,0,0,0,0,0,0,0,0,0,0,0,0,0,0,
..\..\..\files\weather\calibration\daily\San Giorgio della Richinvelda.csv,4/8/2013 12:00:00 AM,13.67,4.778847,0.079166666,4,92.66967,52.4141,-79.79597,-3.6881435,0.7574327,0,0,0,0,0,0,0,0,0,0,0,0,0,0,0,0,0,0,0,0,0,0,0,0,0,0,0,0,0,0,
..\..\..\files\weather\calibration\daily\San Giorgio della Richinvelda.csv,4/9/2013 12:00:00 AM,12.99,3.3700004,1.9458333,24,88.272766,45.906197,-79.33131,-4.345338,0.46466213,0,0,0,0,0,0,0,0,0,0,0,0,0,0,0,0,0,0,0,0,0,0,0,0,0,0,0,0,0,0,
..\..\..\files\weather\calibration\daily\San Giorgio della Richinvelda.csv,4/10/2013 12:00:00 AM,14.32,4.09,2.875,23,89.220055,44.76693,-78.41917,-4.202859,0.91214067,0,0,0,0,0,0,0,0,0,0,0,0,0,0,0,0,0,0,0,0,0,0,0,0,0,0,0,0,0,0,
..\..\..\files\weather\calibration\daily\San Giorgio della Richinvelda.csv,4/11/2013 12:00:00 AM,16.63,4.6900005,0,0,88.20657,39.80272,-76.57842,-4.129258,1.840741,0,0,0,0,0,0,0,0,0,0,0,0,0,0,0,0,0,0,0,0,0,0,0,0,0,0,0,0,0,0,
..\..\..\files\weather\calibration\daily\San Giorgio della Richinvelda.csv,4/12/2013 12:00:00 AM,17.73,5.51,0.48749998,1,88.883446,39.523533,-74.133545,-3.6651185,2.4448812,0,0,0,0,0,0,0,0,0,0,0,0,0,0,0,0,0,0,0,0,0,0,0,0,0,0,0,0,0,0,
..\..\..\files\weather\calibration\daily\San Giorgio della Richinvelda.csv,4/13/2013 12:00:00 AM,19.08,9.76,11.2125,23,97.35831,53.27974,-69.71046,-0.23690987,4.42309,0,0,0,0,0,0,1,0,0,0,0,0,1,1,0,0,0,0,0,0,0,0,1,0,0,0,0,0,1,1,
..\..\..\files\weather\calibration\daily\San Giorgio della Richinvelda.csv,4/14/2013 12:00:00 AM,20.79,8.380001,0,1,90.09781,40.40749,-65.01972,-1.5142617,4.690738,0,0,0,0,0,0,1,0,0,0,0,0,0,0,0,0,0,0,0,0,0,0,1,0,0,0,0,0,0,0,
..\..\..\files\weather\calibration\daily\San Giorgio della Richinvelda.csv,4/15/2013 12:00:00 AM,22.41,6.6900005,0,0,82.028435,29.685724,-60.121246,-2.961523,4.8984766,0,0,0,0,0,0,0,0,0,0,0,0,0,0,0,0,0,0,0,0,0,0,0,0,0,0,0,0,0,0,
..\..\..\files\weather\calibration\daily\San Giorgio della Richinvelda.csv,4/16/2013 12:00:00 AM,22.95,7.2700005,0,0,82.08347,29.915043,-54.77359,-2.4923434,5.3476567,0,0,0,0,0,0,0,0,0,0,0,0,0,0,0,0,0,0,0,0,0,0,0,0,0,0,0,0,0,0,
..\..\..\files\weather\calibration\daily\San Giorgio della Richinvelda.csv,4/17/2013 12:00:00 AM,22.71,10.169999,0,0,89.8796,40.440163,-48.33359,0,6.4399986,0,0,0,0,0,0,0,0,0,0,0,0,0,0,0,0,0,0,0,0,0,0,0,0,0,0,0,0,0,0,
..\..\..\files\weather\calibration\daily\San Giorgio della Richinvelda.csv,4/18/2013 12:00:00 AM,24.52,9.579999,0,0,83.40295,32.344578,-41.277687,-0.41409683,7.0559034,0,0,0,0,0,0,0,0,0,0,0,0,0,0,0,0,0,0,0,0,0,0,0,0,0,0,0,0,0,0,
..\..\..\files\weather\calibration\daily\San Giorgio della Richinvelda.csv,4/19/2013 12:00:00 AM,25.52,10.079999,0,0,81.65113,30.84988,-33.477688,0,7.799999,0,0,0,0,0,0,0,0,0,0,0,0,0,0,0,0,0,0,0,0,0,0,0,0,0,0,0,0,0,0,
..\..\..\files\weather\calibration\daily\San Giorgio della Richinvelda.csv,4/20/2013 12:00:00 AM,24.36,10.8,0,1,91.957214,36.88752,-25.897688,0,7.58,0,0,0,0,0,0,0,0,0,0,0,0,0,0,0,0,0,0,0,0,0,0,0,0,0,0,0,0,0,0,
..\..\..\files\weather\calibration\daily\San Giorgio della Richinvelda.csv,4/21/2013 12:00:00 AM,20.92,11.829897,0.3375,7,99.89461,57.66824,-19.52274,0,6.3749485,0,0,0,0,0,0,0,0,0,0,0,0,0,0,0,0,0,0,0,0,0,0,0,0,0,0,0,0,0,0,
..\..\..\files\weather\calibration\daily\San Giorgio della Richinvelda.csv,4/22/2013 12:00:00 AM,20.63,10.278537,8.058333,24,95.46262,49.268543,-14.068472,0,5.4542675,0,0,0,0,0,0,0,0,0,0,0,1,1,1,0,0,0,0,0,0,0,0,0,0,0,0,0,1,1,1,
..\..\..\files\weather\calibration\daily\San Giorgio della Richinvelda.csv,4/23/2013 12:00:00 AM,16.04,9.290001,6.8041663,23,100,65.01967,-11.366131,-0.6726587,2.7023413,0,0,0,0,0,0,0,0,0,0,0,1,1,0,0,0,0,0,0,0,0,0,0,0,0,0,0,1,1,0,
..\..\..\files\weather\calibration\daily\San Giorgio della Richinvelda.csv,4/24/2013 12:00:00 AM,19.97,8.909232,0,3,94.34418,47.428463,-6.8727317,-1.036984,4.493399,0,0,0,0,0,0,0,0,0,0,0,0,0,0,0,0,0,0,0,0,0,0,0,0,0,0,0,0,0,0,
..\..\..\files\weather\calibration\daily\San Giorgio della Richinvelda.csv,4/25/2013 12:00:00 AM,24,6.3199997,0,0,77.06868,24.698185,-1.3297453,-3.2970138,5.5429864,0,0,0,0,0,0,0,0,0,0,0,0,0,0,0,0,0,0,0,0,0,0,0,0,0,0,0,0,0,0,
..\..\..\files\weather\calibration\daily\San Giorgio della Richinvelda.csv,4/26/2013 12:00:00 AM,24.99,9.49,0,0,81.82276,30.667294,0,-0.5016103,7.2483897,10.282965,10.282965,0.38085052,10.476063,10,2.0613222,0,0,0,0,0,0,0,0,0,0,0,0,0,0,0,0,0,0,0,0,0,0,0,0,
..\..\..\files\weather\calibration\daily\San Giorgio della Richinvelda.csv,4/27/2013 12:00:00 AM,23.43,9.69,0.7416666,1,97.47101,36.18057,0,-0.30650282,6.563497,9.747574,20.030539,0.74187183,10.92734,10,2.43701,0,0,0,0,0,0,0,0,0,0,0,0,0,0,0,0,0,0,0,0,0,0,0,0,
..\..\..\files\weather\calibration\daily\San Giorgio della Richinvelda.csv,4/28/2013 12:00:00 AM,19.38,12.52,17.058332,23,100,67.14457,0,0,5.95,9.202467,29.233006,1.082704,11.17669,11,2.6445944,1,0,0,0,0,1,1,1,0,0,0,0,0,0,0,0,1,0,0,0,0,1,1,1,
..\..\..\files\weather\calibration\daily\San Giorgio della Richinvelda.csv,4/29/2013 12:00:00 AM,22.73,13.130001,0.09166667,6,97.351,53.201485,0,0,7.9300003,10.749851,39.982857,1.4808465,11.4255295,11,2.8517532,1,0,0,0,0,0,0,0,1,0,0,0,0,0,1,0,2,0,0,0,0,1,1,1,
..\..\..\files\weather\calibration\daily\San Giorgio della Richinvelda.csv,4/30/2013 12:00:00 AM,22.54,12.080001,2.1083333,23,95.180664,49.11685,0,0,7.3100014,10.333815,50.316673,1.8635806,12.109825,12,3.5741777,0,0,0,0,0,0,0,1,1,1,1,0,0,0,1,1,2,0,0,0,0,1,1,2,
..\..\..\files\weather\calibration\daily\San Giorgio della Richinvelda.csv,5/1/2013 12:00:00 AM,22.88,11.6,0.112500004,4,93.027466,45.559624,0,0,7.24,10.282965,60.59964,2.2444313,12.268513,12,3.9269931,0,0,0,0,0,0,0,0,1,1,1,0,0,0,1,1,2,0,0,0,0,1,1,2,
..\..\..\files\weather\calibration\daily\San Giorgio della Richinvelda.csv,5/2/2013 12:00:00 AM,25.4,12.51,2.9458334,24,94.94851,39.274555,0,0,8.955,11.304207,71.90385,2.6631052,13.08222,13,5.736136,0,0,0,0,0,0,0,1,1,1,1,0,0,0,1,1,2,0,0,0,0,1,1,3,
..\..\..\files\weather\calibration\daily\San Giorgio della Richinvelda.csv,5/3/2013 12:00:00 AM,21.19,13.42,8.241667,23,100,62.5394,0,0,7.3050003,10.330208,82.234055,3.0457058,13.201783,13,6.0019646,0,1,1,0,0,1,1,1,1,0,0,0,0,0,0,0,2,1,1,0,0,2,2,4,
..\..\..\files\weather\calibration\daily\San Giorgio della Richinvelda.csv,5/4/2013 12:00:00 AM,24,13.68,0,5,95.06367,49.8741,0,0,8.84,11.250198,93.48425,3.4623797,14.065595,14,7.9225054,0,0,0,0,0,0,0,0,0,1,1,0,0,0,0,1,2,1,1,0,0,2,2,4,
..\..\..\files\weather\calibration\daily\San Giorgio della Richinvelda.csv,5/5/2013 12:00:00 AM,25.44,11.72,0.5541667,1,85.819275,36.332157,0,0,8.58,11.1205,104.60475,3.8742502,14.168563,14,8.151438,0,0,0,0,0,0,0,0,0,0,0,0,0,0,1,1,2,1,1,0,0,2,2,4,
..\..\..\files\weather\calibration\daily\San Giorgio della Richinvelda.csv,5/6/2013 12:00:00 AM,23.87,12.61,13.020834,24,97.40725,45.734615,0,0,8.24,10.934927,115.53968,4.2792473,25.003752,25,23.16283,1,1,1,0,0,0,1,1,1,0,1,0,0,0,1,1,3,2,2,0,0,2,3,5,
..\..\..\files\weather\calibration\daily\San Giorgio della Richinvelda.csv,5/7/2013 12:00:00 AM,20.75,13.720001,6.675,24,100,66.73815,0,0,7.2350006,10.2793045,125.818985,4.659962,40.000443,40,42.895317,1,1,1,0,0,0,1,1,0,0,0,0,0,0,1,0,4,3,3,0,0,2,4,6,
..\..\..\files\weather\calibration\daily\San Giorgio della Richinvelda.csv,5/8/2013 12:00:00 AM,23.99,14.460001,8.233334,24,97.070366,53.600918,0,0,9.225,11.422947,137.24193,5.0830345,53.012455,53,60.062275,0,1,1,0,0,1,1,1,0,0,1,0,0,0,1,1,4,4,4,0,0,3,5,7,
..\..\..\files\weather\calibration\daily\San Giorgio della Richinvelda.csv,5/9/2013 12:00:00 AM,24,13.44,4.2166667,23,94.45799,48.7881,0,0,8.719999,11.1916485,148.43358,5.49754,53.07463,53,60.373154,0,0,0,0,0,0,1,1,0,0,0,0,0,0,0,1,4,4,4,0,0,3,6,8,
..\..\..\files\weather\calibration\daily\San Giorgio della Richinvelda.csv,5/10/2013 12:00:00 AM,26.79,11.310001,1.0916667,1,88.933876,30.659204,0,0,9.050001,11.347273,159.78085,5.9178095,53.137672,53,60.688362,0,0,0,0,0,0,0,0,0,0,0,0,0,0,0,0,4,4,4,0,0,3,6,8,
..\..\..\files\weather\calibration\daily\San Giorgio della Richinvelda.csv,5/11/2013 12:00:00 AM,22.1,12.51,25.675001,24,97.472694,53.145832,0,0,7.3050003,10.330208,170.11105,6.3004093,53.19506,53,60.975304,1,1,1,0,0,0,1,1,0,0,0,0,0,0,0,0,5,5,5,0,0,3,7,9,
..\..\..\files\weather\calibration\daily\San Giorgio della Richinvelda.csv,5/12/2013 12:00:00 AM,19.94,12.4,13.279166,24,100,63.375984,0,0,6.17,9.406216,179.51727,6.648788,53.24732,53,61.23659,1,1,1,0,1,0,1,1,0,0,0,0,0,0,0,0,6,6,6,0,1,3,8,10,
..\..\..\files\weather\calibration\daily\San Giorgio della Richinvelda.csv,5/13/2013 12:00:00 AM,22.83,11.1245575,5.6541667,23,92.93663,45.3823,0,0,6.9772797,10.0850525,189.60233,7.0223083,54.04268,54,65.213394,1,1,1,0,1,0,1,1,0,0,0,0,0,0,0,0,7,7,7,0,2,3,9,11,
..\..\..\files\weather\calibration\daily\San Giorgio della Richinvelda.csv,5/14/2013 12:00:00 AM,22.05,9.25,0,0,89.27677,39.310223,0,-0.72802734,5.6719723,8.911486,198.51381,7.352363,54.082283,54,65.411415,0,0,0,0,0,0,0,0,0,0,0,0,0,0,0,1,7,7,7,0,2,3,9,11,
..\..\..\files\weather\calibration\daily\San Giorgio della Richinvelda.csv,5/15/2013 12:00:00 AM,22.73,8.74,0,0,86.25984,35.210163,0,-1.20326,5.79174,8.995478,207.5093,7.685529,54.122265,54,65.61133,0,0,0,0,0,0,0,0,0,0,0,0,0,0,0,0,7,7,7,0,2,3,9,11,
..\..\..\files\weather\calibration\daily\San Giorgio della Richinvelda.csv,5/16/2013 12:00:00 AM,24.100002,9.840001,1.1916667,1,100,34.494026,0,-0.15910101,6.970899,10.079409,217.5887,8.058841,54.16706,54,65.835304,0,0,0,0,0,0,0,0,0,0,0,0,0,0,0,0,7,7,7,0,2,3,9,11,
..\..\..\files\weather\calibration\daily\San Giorgio della Richinvelda.csv,5/17/2013 12:00:00 AM,18.2,12.83,28.391668,24,100,76.06908,0,0,5.5150003,8.775555,226.36426,8.383862,55.005054,55,70.02527,1,1,1,0,0,0,1,1,0,0,0,0,0,0,0,1,8,8,8,0,2,3,10,12,
..\..\..\files\weather\calibration\daily\San Giorgio della Richinvelda.csv,5/18/2013 12:00:00 AM,18.68,10.863581,22.616667,23,100,73.23104,0,0,4.7717905,7.970823,234.33508,8.679077,55.034573,55,70.17287,1,1,1,0,1,1,1,1,0,0,0,0,0,0,0,0,9,9,9,0,3,4,11,13,
..\..\..\files\weather\calibration\daily\San Giorgio della Richinvelda.csv,5/19/2013 12:00:00 AM,19.86,9.32,0.38750002,6,94.5815,47.872967,0,-0.65806484,4.6119356,7.7592125,242.0943,8.966455,55.063313,55,70.31656,1,0,0,0,1,0,0,0,0,0,1,0,0,0,1,1,10,9,9,0,4,4,11,13,
..\..\..\files\weather\calibration\daily\San Giorgio della Richinvelda.csv,5/20/2013 12:00:00 AM,18.9,10.640001,9.283334,24,100,58.72934,0,0,4.7700005,7.968767,250.06306,9.261595,55.092827,55,70.464134,0,1,1,0,0,0,1,1,1,0,1,0,0,0,1,1,10,10,10,0,4,4,12,14,
..\..\..\files\weather\calibration\daily\San Giorgio della Richinvelda.csv,5/21/2013 12:00:00 AM,18.92,10.309409,8.658333,24,100,58.741993,0,0,4.614704,7.788315,257.85138,9.550052,55.121674,55,70.60837,0,1,1,0,0,0,1,1,1,0,1,0,0,0,1,1,10,11,11,0,4,4,13,15,
..\..\..\files\weather\calibration\daily\San Giorgio della Richinvelda.csv,5/22/2013 12:00:00 AM,21.03,8.47,2.9708333,23,89.77459,39.9155,0,-1.436811,4.843189,7.9457684,265.79715,9.844339,55.1511,55,70.7555,0,0,0,0,0,0,1,1,1,0,0,0,0,0,0,0,10,11,11,0,4,4,14,16,
..\..\..\files\weather\calibration\daily\San Giorgio della Richinvelda.csv,5/23/2013 12:00:00 AM,22.89,9.110001,0.68333334,1,86.757225,35.958817,0,-0.8612585,6.028741,9.249487,275.04663,10.186913,56.01602,56,75.08011,0,0,0,0,0,0,0,0,0,0,0,0,0,0,0,0,10,11,11,0,4,4,14,16,
..\..\..\files\weather\calibration\daily\San Giorgio della Richinvelda.csv,5/24/2013 12:00:00 AM,22.29,7.9851933,16.808334,24,92.76097,44.861202,0,-1.8729157,5.279488,8.378931,283.42557,10.497243,56.04262,56,75.213104,1,1,1,0,0,1,1,1,0,0,0,0,0,0,0,0,11,12,12,0,4,5,15,17,
..\..\..\files\weather\calibration\daily\San Giorgio della Richinvelda.csv,5/25/2013 12:00:00 AM,14.31,6.9000006,25.504168,24,96.69813,59.009968,0,-2.4515517,1.2534482,1.4286149,284.8542,10.550155,56.047157,56,75.23579,1,0,0,0,1,0,1,0,0,0,0,0,0,0,0,0,12,12,12,0,5,5,16,17,
..\..\..\files\weather\calibration\daily\San Giorgio della Richinvelda.csv,5/26/2013 12:00:00 AM,15.17,6.5500007,9.308333,24,94.90248,53.48672,0,-2.7595994,1.5504005,1.9558933,286.8101,10.622596,56.053364,56,75.266815,1,0,0,0,1,0,1,0,0,0,0,0,0,0,0,0,13,12,12,0,6,5,17,17,
..\..\..\files\weather\calibration\daily\San Giorgio della Richinvelda.csv,5/27/2013 12:00:00 AM,20.13,7.0699997,4.695833,23,88.21088,37.68447,0,-2.6013288,3.928671,6.501212,293.3113,10.863381,56.074005,56,75.370026,0,1,1,0,0,1,1,1,0,0,0,0,0,0,0,0,13,13,13,0,6,6,18,18,
..\..\..\files\weather\calibration\daily\San Giorgio della Richinvelda.csv,5/28/2013 12:00:00 AM,21.36,9.18,0,2,94.43595,41.507275,0,-0.7923975,5.2976027,8.52088,301.83218,11.178969,56.101055,56,75.50528,0,0,0,0,0,0,0,0,0,0,0,0,0,0,0,0,13,13,13,0,6,6,18,18,
..\..\..\files\weather\calibration\daily\San Giorgio della Richinvelda.csv,5/29/2013 12:00:00 AM,19.41,11.67,0.45833334,7,100,61.945663,0,0,5.54,8.8009615,310.63315,11.504931,56.128994,56,75.64497,0,0,0,0,0,0,0,0,0,0,0,0,0,0,0,0,13,13,13,0,6,6,18,18,
..\..\..\files\weather\calibration\daily\San Giorgio della Richinvelda.csv,5/30/2013 12:00:00 AM,20.39,11.392057,10.854167,24,99.1607,56.253155,0,0,5.8910284,9.146471,319.77963,11.84369,57.013275,57,80.066376,1,1,1,0,0,0,1,1,0,0,0,0,0,0,0,0,14,14,14,0,6,6,19,19,
..\..\..\files\weather\calibration\daily\San Giorgio della Richinvelda.csv,5/31/2013 12:00:00 AM,17.99,10.26,7.491667,24,100,61.05211,0,0,4.125,7.190859,326.9705,12.110018,57.033253,57,80.16626,1,1,1,0,0,0,1,1,1,0,1,0,0,1,1,1,15,15,15,0,6,6,20,20,
..\..\..\files\weather\calibration\daily\San Giorgio della Richinvelda.csv,6/1/2013 12:00:00 AM,17.81,10.33,7.1625004,24,100,62.35039,0,0,4.0699997,7.1210217,334.09152,12.37376,57.053032,57,80.26516,0,1,1,0,0,1,1,1,1,0,0,0,0,0,0,0,15,16,16,0,6,7,21,21,
..\..\..\files\weather\calibration\daily\San Giorgio della Richinvelda.csv,6/2/2013 12:00:00 AM,21.65,9.73,3.8333335,23,91.49284,42.635952,0,-0.2669425,5.6930575,8.951165,343.0427,12.705284,57.077896,57,80.38948,0,0,0,0,0,0,1,1,0,0,0,0,0,0,0,0,15,16,16,0,6,7,22,22,
..\..\..\files\weather\calibration\daily\San Giorgio della Richinvelda.csv,6/3/2013 12:00:00 AM,22.77,11.630001,0,3,93.4055,46.142166,0,0,7.200001,10.253555,353.29626,13.085047,57.10638,57,80.531906,0,0,0,0,0,0,0,0,0,0,0,0,0,0,0,1,15,16,16,0,6,7,22,22,
..\..\..\files\weather\calibration\daily\San Giorgio della Richinvelda.csv,6/4/2013 12:00:00 AM,24.86,11.860001,0,0,87.93666,38.894726,0,0,8.360001,11.002497,364.29877,13.492547,58.010612,58,85.05306,0,0,0,0,0,0,0,0,0,0,0,0,0,0,0,0,15,16,16,0,6,7,22,22,
..\..\..\files\weather\calibration\daily\San Giorgio della Richinvelda.csv,6/5/2013 12:00:00 AM,24.1,12.61,0.22916667,4,92.0755,44.776146,0,0,8.355,10.999726,375.2985,13.899944,58.037773,58,85.188866,0,0,0,0,0,0,0,0,0,0,0,0,0,0,1,1,15,16,16,0,6,7,22,22,
..\..\..\files\weather\calibration\daily\San Giorgio della Richinvelda.csv,6/6/2013 12:00:00 AM,25.1,12.940001,5.2708335,23,89.84666,42.0554,0,0,9.02,11.333825,386.63232,14.319716,58.065758,58,85.32879,0,1,1,0,0,1,1,1,0,1,1,0,0,0,1,1,15,17,17,0,6,8,23,23,
..\..\..\files\weather\calibration\daily\San Giorgio della Richinvelda.csv,6/7/2013 12:00:00 AM,26,12.89,0,0,86.87448,38.42238,0,0,9.445,11.51137,398.1437,14.746064,58.09418,58,85.4709,0,0,0,0,0,0,0,0,0,0,0,0,0,0,0,0,15,17,17,0,6,8,23,23,
..\..\..\files\weather\calibration\daily\San Giorgio della Richinvelda.csv,6/8/2013 12:00:00 AM,26.79,11.880001,0,0,81.92528,32.36291,0,0,9.335001,11.468091,409.6118,15.170807,59.01025,59,90.051254,0,0,0,0,0,0,0,0,0,0,0,0,0,1,1,0,15,17,17,0,6,8,23,23,
..\..\..\files\weather\calibration\daily\San Giorgio della Richinvelda.csv,6/9/2013 12:00:00 AM,27.18,13.91,0.36666667,1,85.41661,37.663208,0,0,10.545,11.842391,421.45416,15.609413,59.036564,59,90.182816,0,0,0,0,0,0,0,0,1,1,1,0,0,0,1,1,15,17,17,0,6,8,23,23,
..\..\..\files\weather\calibration\daily\San Giorgio della Richinvelda.csv,6/10/2013 12:00:00 AM,25.54,13.78,8.541667,24,90.51646,43.598152,0,0,9.66,11.590592,433.04477,16.038694,59.06232,59,90.3116,0,1,1,0,0,0,1,1,0,1,1,0,0,0,1,1,15,18,18,0,6,8,24,24,
..\..\..\files\weather\calibration\daily\San Giorgio della Richinvelda.csv,6/11/2013 12:00:00 AM,23.84,13.37,2.4916666,23,94.75915,49.19167,0,0,8.605,11.13343,444.1782,16.451044,59.087063,59,90.43532,0,0,0,0,0,0,1,1,0,0,0,0,0,0,1,1,15,18,18,0,6,8,25,25,
..\..\..\files\weather\calibration\daily\San Giorgio della Richinvelda.csv,6/12/2013 12:00:00 AM,26.88,12.63,0,0,83.394196,34.42629,0,0,9.754999,11.623339,455.80154,16.881538,60.01172,60,95.05859,0,0,0,0,0,0,0,0,1,0,0,0,1,0,1,0,15,18,18,0,6,8,25,25,
..\..\..\files\weather\calibration\daily\San Giorgio della Richinvelda.csv,6/13/2013 12:00:00 AM,28.51,12.95,0,0,78.661896,30.148006,0,0,10.73,11.880027,467.68158,17.32154,60.03572,60,95.178604,0,0,0,0,0,0,0,0,1,1,1,0,1,0,1,1,15,18,18,0,6,8,25,25,
..\..\..\files\weather\calibration\daily\San Giorgio della Richinvelda.csv,6/14/2013 12:00:00 AM,29.3,12.829999,0,0,75.67481,27.489552,0,0,11.064999,11.93507,479.61664,17.763578,60.05983,60,95.29915,0,0,0,0,0,0,0,0,0,1,1,0,0,0,1,1,15,18,18,0,6,8,25,25,
..\..\..\files\weather\calibration\daily\San Giorgio della Richinvelda.csv,6/15/2013 12:00:00 AM,30.23,14.66,0,0,76.43043,29.641918,0,0,12.445,11.98538,491.60202,18.207481,60.084045,60,95.42023,0,0,0,0,0,0,0,0,0,0,0,0,0,0,0,0,15,18,18,0,6,8,25,25,
..\..\..\files\weather\calibration\daily\San Giorgio della Richinvelda.csv,6/16/2013 12:00:00 AM,30.600002,16.480001,0,0,79.09067,33.74552,0,0,13.540001,11.825685,503.4277,18.64547,61.015606,61,100,0,0,0,0,0,0,0,0,1,1,1,0,1,0,1,1,15,18,18,0,6,8,25,25,
..\..\..\files\weather\calibration\daily\San Giorgio della Richinvelda.csv,6/17/2013 12:00:00 AM,31,18.080002,0,0,81.1259,37.43457,0,0,14.540001,11.527593,514.9553,19.07242,61.036953,61,100,0,0,0,0,0,0,0,0,0,1,1,0,0,0,1,1,15,18,18,0,6,8,25,25,
..\..\..\files\weather\calibration\daily\San Giorgio della Richinvelda.csv,6/18/2013 12:00:00 AM,32.11,17.75,0,0,76.130745,32.305782,0,0,14.93,11.372281,526.3276,19.493614,61.058014,61,100,0,0,0,0,0,0,0,0,1,0,0,0,1,0,1,0,15,18,18,0,6,8,25,25,
..\..\..\files\weather\calibration\daily\San Giorgio della Richinvelda.csv,6/19/2013 12:00:00 AM,33.79,19.34,0,0,72.92691,31.105658,0,0,16.565,10.484873,536.81244,19.881943,61.07743,61,100,0,0,0,0,0,0,0,0,1,1,1,0,1,0,1,1,15,18,18,0,6,8,25,25,
..\..\..\files\weather\calibration\daily\San Giorgio della Richinvelda.csv,6/20/2013 12:00:00 AM,33.23,19.73,0,0,75.96097,34.251743,0,0,16.48,10.540358,547.3528,20.272326,71.01096,71,89.91777,0,0,0,0,0,0,0,0,1,1,1,0,0,0,1,1,15,18,18,0,6,8,25,25,
..\..\..\files\weather\calibration\daily\San Giorgio della Richinvelda.csv,6/21/2013 12:00:00 AM,33.19,19.43,0,0,75.82273,33.484478,0,0,16.31,10.64826,558.00104,20.666704,71.02685,71,89.798645,0,0,0,0,0,0,0,0,0,1,1,0,0,0,1,1,15,18,18,0,6,8,25,25,
..\..\..\files\weather\calibration\daily\San Giorgio della Richinvelda.csv,6/22/2013 12:00:00 AM,30.7,18.174484,0,0,84.328606,41.905956,0,0,14.4372425,11.5648775,569.5659,21.095034,71.0441,71,89.669266,0,0,0,0,0,0,0,0,0,0,0,0,0,0,0,0,15,18,18,0,6,8,25,25,
..\..\..\files\weather\calibration\daily\San Giorgio della Richinvelda.csv,6/23/2013 12:00:00 AM,30.440002,16.070002,0,0,78.77703,33.045963,0,0,13.255001,11.884103,581.45,21.535185,71.06182,71,89.53635,0,0,0,0,0,0,0,0,0,0,0,0,0,1,0,0,15,18,18,0,6,8,25,25,
..\..\..\files\weather\calibration\daily\San Giorgio della Richinvelda.csv,6/24/2013 12:00:00 AM,30.34,14.582914,0.4625,1,83.56965,32.27305,0,0,12.461456,11.98428,593.43427,21.979048,71.0797,71,89.402275,0,0,0,0,0,0,0,0,0,1,1,0,0,0,1,1,15,18,18,0,6,8,25,25,
..\..\..\files\weather\calibration\daily\San Giorgio della Richinvelda.csv,6/25/2013 12:00:00 AM,24.1,12.95,10.775001,24,92.92659,46.207703,0,0,8.525,11.09171,604.526,22.38985,71.09624,71,89.27822,1,1,1,0,0,0,1,1,0,0,0,0,0,0,0,0,16,19,19,0,6,8,26,26,
..\..\..\files\weather\calibration\daily\San Giorgio della Richinvelda.csv,6/26/2013 12:00:00 AM,26.19,12.210001,3.3791666,24,84.63535,35.398598,0,0,9.200001,11.412426,615.9384,22.812534,71.11326,71,89.15056,1,0,0,0,0,0,0,1,0,0,0,0,0,0,0,0,17,19,19,0,6,8,26,27,
..\..\..\files\weather\calibration\daily\San Giorgio della Richinvelda.csv,6/27/2013 12:00:00 AM,24.58,11.17,4.983333,23,87.08893,37.42172,0,0,7.875,10.715425,626.6539,23.209402,71.129234,71,89.03075,0,1,1,0,0,0,1,1,0,0,0,0,0,0,0,0,17,20,20,0,6,8,27,28,
..\..\..\files\weather\calibration\daily\San Giorgio della Richinvelda.csv,6/28/2013 12:00:00 AM,23.21,10.82,0.19583333,2,90.15193,41.096737,0,0,7.0149994,10.114155,636.768,23.584002,71.144325,71,88.91756,0,0,0,0,0,0,0,0,0,0,0,0,0,0,1,0,17,20,20,0,6,8,27,28,
..\..\..\files\weather\calibration\daily\San Giorgio della Richinvelda.csv,6/29/2013 12:00:00 AM,21.780003,11.090001,4.5041666,23,94.64603,47.913776,0,0,6.4350014,9.640912,646.40894,23.94107,71.1587,71,88.80975,0,0,0,0,0,0,0,1,0,1,1,0,0,0,0,1,17,20,20,0,6,8,27,29,
..\..\..\files\weather\calibration\daily\San Giorgio della Richinvelda.csv,6/30/2013 12:00:00 AM,26.25,10.349999,0,0,80.05421,29.494247,0,0,8.299999,10.968994,657.3779,24.34733,71.175064,71,88.68702,0,0,0,0,0,0,0,0,0,0,0,0,0,0,1,1,17,20,20,0,6,8,27,29,
..\..\..\files\weather\calibration\daily\San Giorgio della Richinvelda.csv,7/1/2013 12:00:00 AM,28.04,11.68,0,0,77.36643,28.032526,0,0,9.860001,11.6579275,669.0358,24.779106,71.192444,71,88.55667,0,0,0,0,0,0,0,0,0,0,0,0,0,0,0,0,17,20,20,0,6,8,27,29,
..\..\..\files\weather\calibration\daily\San Giorgio della Richinvelda.csv,7/2/2013 12:00:00 AM,28.12,14.17,0,0,82.803986,35.147007,0,0,11.145,11.945727,680.98157,25.221539,72.013084,72,82.40187,0,0,0,0,0,0,0,0,0,0,0,0,0,0,0,0,17,20,20,0,6,8,27,29,
..\..\..\files\weather\calibration\daily\San Giorgio della Richinvelda.csv,7/3/2013 12:00:00 AM,29.95,13.420001,0,0,74.70692,27.167854,0,0,11.685001,11.992652,692.97424,25.665712,72.02806,72,82.28954,0,0,0,0,0,0,0,0,0,0,0,0,0,0,0,0,17,20,20,0,6,8,27,29,
..\..\..\files\weather\calibration\daily\San Giorgio della Richinvelda.csv,7/4/2013 12:00:00 AM,29.12,14.870001,0,0,80.88836,33.89717,0,0,11.995001,11.999999,704.97424,26.110157,72.04304,72,82.177216,0,0,0,0,0,0,0,0,0,0,0,0,0,0,0,0,17,20,20,0,6,8,27,29,
..\..\..\files\weather\calibration\daily\San Giorgio della Richinvelda.csv,7/5/2013 12:00:00 AM,31.37,17.51,0,0,78.44893,34.19469,0,0,14.440001,11.563898,716.53815,26.53845,72.05747,72,82.068954,0,0,0,0,0,0,0,0,0,0,0,0,0,0,0,0,17,20,20,0,6,8,27,29,
..\..\..\files\weather\calibration\daily\San Giorgio della Richinvelda.csv,7/6/2013 12:00:00 AM,31.41,15.360001,0,0,73.64571,27.93161,0,0,13.385,11.858921,728.3971,26.97767,72.07228,72,81.95789,0,0,0,0,0,0,0,0,0,0,0,0,0,0,0,0,17,20,20,0,6,8,27,29,
..\..\..\files\weather\calibration\daily\San Giorgio della Richinvelda.csv,7/7/2013 12:00:00 AM,30.630001,17.200003,0,0,80.57836,35.92573,0,0,13.915001,11.7308445,740.1279,27.412146,72.08693,72,81.84803,0,0,0,0,0,0,0,0,0,0,0,0,0,0,0,0,17,20,20,0,6,8,27,29,
..\..\..\files\weather\calibration\daily\San Giorgio della Richinvelda.csv,7/8/2013 12:00:00 AM,30.52,18.62,0,0,84.19028,41.303818,0,0,14.57,11.516422,751.64435,27.83868,72.1013,72,81.74023,0,0,0,0,0,0,0,0,0,0,0,0,0,0,0,0,17,20,20,0,6,8,27,29,
..\..\..\files\weather\calibration\daily\San Giorgio della Richinvelda.csv,7/9/2013 12:00:00 AM,31.18,18.73,0,0,81.87494,38.949917,0,0,14.955,11.361582,763.0059,28.25948,72.115486,72,81.63385,0,0,0,0,0,0,0,0,0,0,0,0,0,0,0,0,17,20,20,0,6,8,27,29,
..\..\..\files\weather\calibration\daily\San Giorgio della Richinvelda.csv,7/10/2013 12:00:00 AM,32.15,18.95,0,0,78.56302,35.862522,0,0,15.550001,11.080547,774.0865,28.66987,72.12932,72,81.53011,0,0,0,0,0,0,0,0,0,0,0,0,0,0,0,0,17,20,20,0,6,8,27,29,
..\..\..\files\weather\calibration\daily\San Giorgio della Richinvelda.csv,7/11/2013 12:00:00 AM,31.94,18.13,0.22916667,1,77.605705,34.05452,0,0,15.035,11.32674,785.4132,29.089378,72.14346,72,81.42403,0,0,0,1,0,0,0,0,0,0,0,0,0,0,0,0,17,20,20,1,6,8,27,29,
..\..\..\files\weather\calibration\daily\San Giorgio della Richinvelda.csv,7/12/2013 12:00:00 AM,32.03,17.29,5.2708335,23,77.39793,31.242367,0,0,14.66,11.482131,796.8953,29.51464,72.1578,72,81.31651,0,1,1,1,0,0,1,1,0,0,0,0,0,0,0,0,17,21,21,2,6,8,28,30,
..\..\..\files\weather\calibration\daily\San Giorgio della Richinvelda.csv,7/13/2013 12:00:00 AM,29.189999,17.34,0,0,86.30779,42.172375,0,0,13.264999,11.882255,808.7776,29.954725,73.00835,73,74.9374,0,0,0,0,0,0,0,0,1,1,1,0,0,0,1,1,17,21,21,2,6,8,28,30,
..\..\..\files\weather\calibration\daily\San Giorgio della Richinvelda.csv,7/14/2013 12:00:00 AM,29.93,16.39,0,0,81.38293,35.877083,0,0,13.16,11.900949,820.6785,30.395502,77.01008,77,39.949608,0,0,0,0,0,0,0,0,0,0,0,0,0,0,1,1,17,21,21,2,6,8,28,30,
..\..\..\files\weather\calibration\daily\San Giorgio della Richinvelda.csv,7/15/2013 12:00:00 AM,30.71,16.39,0,0,78.480774,33.085323,0,0,13.549999,11.823421,832.50195,30.833405,77.02123,77,39.893837,0,0,0,0,0,0,0,0,0,1,1,1,0,0,0,1,17,21,21,2,6,8,28,30,
..\..\..\files\weather\calibration\daily\San Giorgio della Richinvelda.csv,7/16/2013 12:00:00 AM,31.32,16.11,0,0,75.59224,30.233923,0,0,13.715,11.783963,844.2859,31.269848,77.03236,77,39.83822,0,0,0,0,0,0,0,0,0,0,0,0,0,0,0,1,17,21,21,2,6,8,28,30,
..\..\..\files\weather\calibration\daily\San Giorgio della Richinvelda.csv,7/17/2013 12:00:00 AM,31.120003,16.540003,0,0,77.27503,32.129063,0,0,13.830002,11.7541275,856.04004,31.705185,77.04344,77,39.78279,0,0,0,0,0,0,0,0,0,0,0,0,0,0,0,0,17,21,21,2,6,8,28,30,
..\..\..\files\weather\calibration\daily\San Giorgio della Richinvelda.csv,7/18/2013 12:00:00 AM,31.82,15.59,0,0,72.62139,27.309387,0,0,13.705,11.786467,867.8265,32.14172,77.054565,77,39.727173,0,0,0,0,0,0,0,0,0,0,0,0,0,0,0,0,17,21,21,2,6,8,28,30,
..\..\..\files\weather\calibration\daily\San Giorgio della Richinvelda.csv,7/19/2013 12:00:00 AM,32.24,16.65,0,0,73.29313,28.798065,0,0,14.445,11.562117,879.3886,32.569946,77.065475,77,39.672623,0,0,0,0,0,0,0,0,0,0,0,0,0,0,0,0,17,21,21,2,6,8,28,30,
..\..\..\files\weather\calibration\daily\San Giorgio della Richinvelda.csv,7/20/2013 12:00:00 AM,33.03,17.24,0,0,71.53011,27.906496,0,0,15.134998,11.281901,890.67053,32.987797,77.07612,77,39.619408,0,0,0,0,0,0,0,0,0,0,0,0,0,0,0,0,17,21,21,2,6,8,28,30,
..\..\..\files\weather\calibration\daily\San Giorgio della Richinvelda.csv,7/21/2013 12:00:00 AM,33.66,17.48,0,0,69.61828,26.619017,0,0,15.57,11.070223,901.7408,33.397804,77.08657,77,39.567146,0,0,0,0,0,0,0,0,0,0,0,0,0,0,0,0,17,21,21,2,6,8,28,30,
..\..\..\files\weather\calibration\daily\San Giorgio della Richinvelda.csv,7/22/2013 12:00:00 AM,32.96,18.96,0,0,75.401794,32.903736,0,0,15.959999,10.857528,912.5983,33.79994,77.09682,77,39.515915,0,0,0,0,0,0,0,0,0,0,0,0,0,0,0,0,17,21,21,2,6,8,28,30,
..\..\..\files\weather\calibration\daily\San Giorgio della Richinvelda.csv,7/23/2013 12:00:00 AM,33.93,16.66,0,0,66.942375,23.93661,0,0,15.295,11.207182,923.8055,34.21502,77.10739,77,39.463043,0,0,0,0,0,0,0,0,0,0,0,0,0,0,0,0,17,21,21,2,6,8,28,30,
..\..\..\files\weather\calibration\daily\San Giorgio della Richinvelda.csv,7/24/2013 12:00:00 AM,33.95,17.09,0.14583333,1,67.72746,24.85925,0,0,15.52,11.095927,934.9014,34.62598,77.11786,77,39.410706,0,0,0,0,0,0,0,0,0,0,0,0,0,0,0,0,17,21,21,2,6,8,28,30,
..\..\..\files\weather\calibration\daily\San Giorgio della Richinvelda.csv,7/25/2013 12:00:00 AM,32.85,18.46,3.3541665,23,74.77596,31.822252,0,0,15.654999,11.025711,945.9271,35.034336,77.128265,77,39.358673,0,0,0,1,0,0,0,1,0,0,0,0,0,0,0,0,17,21,21,3,6,8,28,31,
..\..\..\files\weather\calibration\daily\San Giorgio della Richinvelda.csv,7/26/2013 12:00:00 AM,33.51,18.05,0,0,71.36063,28.5212,0,0,15.779999,10.958383,956.8855,35.440205,77.1386,77,39.306984,0,0,0,0,0,0,0,0,0,0,0,0,0,0,0,0,17,21,21,3,6,8,28,31,
..\..\..\files\weather\calibration\daily\San Giorgio della Richinvelda.csv,7/27/2013 12:00:00 AM,34.15,19.36,0,0,71.54845,29.948112,0,0,16.755001,10.357161,967.2427,35.823803,77.14838,77,39.258118,0,0,0,0,0,0,0,0,0,0,0,0,0,0,0,0,17,21,21,3,6,8,28,31,
..\..\..\files\weather\calibration\daily\San Giorgio della Richinvelda.csv,7/28/2013 12:00:00 AM,35.52,19.66,0,0,66.764496,26.389154,0,0,17.59,9.73565,976.97833,36.184383,77.15756,77,39.21219,0,0,0,0,0,0,0,0,0,0,0,0,0,0,0,0,17,21,21,3,6,8,28,31,
..\..\..\files\weather\calibration\daily\San Giorgio della Richinvelda.csv,7/29/2013 12:00:00 AM,36.28,20.2,0.27916667,1,66.40461,25.411972,0,0,18.24,9.184177,986.16254,36.524536,77.16623,77,39.168854,0,0,0,1,0,0,0,0,0,0,0,0,0,0,0,0,17,21,21,4,6,8,28,31,
..\..\..\files\weather\calibration\daily\San Giorgio della Richinvelda.csv,7/30/2013 12:00:00 AM,32.98,18.583359,6.4208336,23,75.38658,32.92174,0,0,15.781679,10.957462,997.12,36.93037,77.17657,77,39.117165,0,1,1,1,0,0,1,1,0,0,0,0,0,0,0,0,17,22,22,5,6,8,29,32,
..\..\..\files\weather\calibration\daily\San Giorgio della Richinvelda.csv,7/31/2013 12:00:00 AM,31.6,16.35,0,0,75.06227,30.003649,0,0,13.975,11.713778,1008.8338,37.364216,77.18762,77,39.06189,0,0,0,0,0,0,0,0,0,1,1,1,0,0,1,1,17,22,22,5,6,8,29,32,
..\..\..\files\weather\calibration\daily\San Giorgio della Richinvelda.csv,8/1/2013 12:00:00 AM,33.22,15.880001,0,0,68.02588,24.082342,0,0,14.550001,11.523884,1020.35767,37.791027,77.198494,77,39.00753,0,0,0,0,0,0,0,0,0,0,0,0,0,0,0,0,17,22,22,5,6,8,29,32,
..\..\..\files\weather\calibration\daily\San Giorgio della Richinvelda.csv,8/2/2013 12:00:00 AM,33.98,15.279999,0,0,64.02576,20.903421,0,0,14.629999,11.493691,1031.8513,38.216717,77.20934,77,38.953285,0,0,0,0,0,0,0,0,0,0,0,0,0,0,0,0,17,22,22,5,6,8,29,32,
..\..\..\files\weather\calibration\daily\San Giorgio della Richinvelda.csv,8/3/2013 12:00:00 AM,35.47,16.99,0,0,61.819733,20.723635,0,0,16.23,10.697624,1042.549,38.612923,77.21944,77,38.902817,0,0,0,0,0,0,0,0,0,0,0,0,0,0,0,0,17,22,22,5,6,8,29,32,
..\..\..\files\weather\calibration\daily\San Giorgio della Richinvelda.csv,8/4/2013 12:00:00 AM,36.99,17.280003,0,0,56.74147,17.822989,0,0,17.135002,10.08647,1052.6354,38.986496,77.22896,77,38.85521,0,0,0,0,0,0,0,0,0,0,0,0,0,0,0,0,17,22,22,5,6,8,29,32,
..\..\..\files\weather\calibration\daily\San Giorgio della Richinvelda.csv,8/5/2013 12:00:00 AM,37.17,19.34,0,0,59.794266,21.164207,0,0,18.255,9.1707535,1061.8062,39.326157,78.00157,78,34.99214,0,0,0,0,0,0,0,0,0,0,0,0,0,0,0,0,17,22,22,5,6,8,29,32,
..\..\..\files\weather\calibration\daily\San Giorgio della Richinvelda.csv,8/6/2013 12:00:00 AM,36.39,19.25,0,0,62.60566,22.995428,0,0,17.82,9.547267,1071.3534,39.679756,78.00886,78,34.95571,0,0,0,0,0,0,0,0,0,0,0,0,0,0,0,0,17,22,22,5,6,8,29,32,
..\..\..\files\weather\calibration\daily\San Giorgio della Richinvelda.csv,8/7/2013 12:00:00 AM,36.81,19.73,0,0,61.888737,22.888348,0,0,18.27,9.157298,1080.5107,40.018917,78.015854,78,34.92073,0,0,0,0,0,0,0,0,0,0,0,0,0,0,0,0,17,22,22,5,6,8,29,32,
..\..\..\files\weather\calibration\daily\San Giorgio della Richinvelda.csv,8/8/2013 12:00:00 AM,36.18,19.24,0,0,63.394157,23.54022,0,0,17.71,9.638289,1090.149,40.375893,78.02322,78,34.88392,0,0,0,0,0,0,0,0,0,0,0,0,0,0,0,0,17,22,22,5,6,8,29,32,
..\..\..\files\weather\calibration\daily\San Giorgio della Richinvelda.csv,8/9/2013 12:00:00 AM,36.71,19.21,0,0,71.395836,22.07184,0,0,17.96,9.428975,1099.578,40.725113,78.03042,78,34.847908,0,0,0,0,0,0,0,0,0,0,0,0,0,0,0,0,17,22,22,5,6,8,29,32,
..\..\..\files\weather\calibration\daily\San Giorgio della Richinvelda.csv,8/10/2013 12:00:00 AM,31.84,19.11,0,0,80.13012,37.59881,0,0,15.475,11.118755,1110.6968,41.136917,78.0389,78,34.80549,0,0,0,0,0,0,0,0,0,0,0,0,0,0,0,0,17,22,22,5,6,8,29,32,
..\..\..\files\weather\calibration\daily\San Giorgio della Richinvelda.csv,8/11/2013 12:00:00 AM,30.11,16.635845,0,0,83.0614,38.711296,0,0,13.372923,11.861364,1122.5581,41.57623,78.047966,78,34.76017,0,0,0,0,0,0,0,0,0,0,0,0,0,0,0,0,17,22,22,5,6,8,29,32,
..\..\..\files\weather\calibration\daily\San Giorgio della Richinvelda.csv,8/12/2013 12:00:00 AM,31.94,14.01,0,0,68.873436,23.233173,0,0,12.975,11.929972,1134.488,42.018078,78.057076,78,34.714622,0,0,0,0,0,0,0,0,0,0,0,0,0,0,0,0,17,22,22,5,6,8,29,32,
..\..\..\files\weather\calibration\daily\San Giorgio della Richinvelda.csv,8/13/2013 12:00:00 AM,32.41,15.119999,0.48749998,1,69.46255,24.513472,0,0,13.764999,11.771227,1146.2593,42.454044,78.06606,78,34.669685,0,0,0,1,0,0,0,0,0,0,0,0,0,0,0,0,17,22,22,6,6,8,29,32,
..\..\..\files\weather\calibration\daily\San Giorgio della Richinvelda.csv,8/14/2013 12:00:00 AM,32.15,16.82,11.599999,24,92.953094,29.538662,0,0,14.485001,11.547738,1157.807,42.88174,78.07488,78,34.625587,1,1,1,1,0,0,0,1,0,0,0,0,0,0,0,1,18,23,23,7,6,8,29,33,
..\..\..\files\weather\calibration\daily\San Giorgio della Richinvelda.csv,8/15/2013 12:00:00 AM,24.239998,15.938374,8.9125,23,100,60.403297,0,0,10.089186,11.72758,1169.5345,43.316093,78.08384,78,34.580803,1,1,1,1,0,0,1,1,0,0,0,0,0,0,0,0,19,24,24,8,6,8,30,34,
..\..\..\files\weather\calibration\daily\San Giorgio della Richinvelda.csv,8/16/2013 12:00:00 AM,28.11,13.849999,0,0,82.09775,34.151215,0,0,10.98,11.922699,1181.4573,43.757675,78.09294,78,34.535294,0,0,0,0,0,0,0,0,0,0,0,0,0,0,0,0,19,24,24,8,6,8,30,34,
..\..\..\files\weather\calibration\daily\San Giorgio della Richinvelda.csv,8/17/2013 12:00:00 AM,29.93,11.82,0,0,71.30278,23.373743,0,0,10.875,11.90592,1193.3632,44.198635,78.102036,78,34.489822,0,0,0,0,0,0,0,0,0,0,0,0,0,0,0,0,19,24,24,8,6,8,30,34,
..\..\..\files\weather\calibration\daily\San Giorgio della Richinvelda.csv,8/18/2013 12:00:00 AM,32.68,13.130001,0,0,64.4431,19.688232,0,0,12.905001,11.939649,1205.3029,44.640846,78.11115,78,34.444237,0,0,0,0,0,0,0,0,0,0,0,0,0,0,0,0,19,24,24,8,6,8,30,34,
..\..\..\files\weather\calibration\daily\San Giorgio della Richinvelda.csv,8/19/2013 12:00:00 AM,32.43,14.919999,0.48333335,1,68.97655,24.003536,0,0,13.674999,11.79389,1217.0968,45.07766,78.120155,78,34.399223,0,0,0,0,0,0,0,0,0,1,1,1,0,0,1,1,19,24,24,8,6,8,30,34,
..\..\..\files\weather\calibration\daily\San Giorgio della Richinvelda.csv,8/20/2013 12:00:00 AM,31.77,15.380001,11.404167,24,85.36673,26.923925,0,0,13.575001,11.817695,1228.9146,45.515354,78.12918,78,34.354095,1,1,1,0,0,0,1,1,0,0,0,0,0,0,0,0,20,25,25,8,6,8,31,35,
..\..\..\files\weather\calibration\daily\San Giorgio della Richinvelda.csv,8/21/2013 12:00:00 AM,25.560001,15.2300005,6.6124997,23,94.02768,49.678963,0,0,10.395,11.808083,1240.7227,45.95269,78.1382,78,34.309006,1,1,1,0,0,0,1,1,0,0,0,0,0,0,0,0,21,26,26,8,6,8,32,36,
..\..\..\files\weather\calibration\daily\San Giorgio della Richinvelda.csv,8/22/2013 12:00:00 AM,28.33,13.51,0,0,80.556625,32.36025,0,0,10.92,11.913315,1252.636,46.393925,78.1473,78,34.263496,0,0,0,0,0,0,0,0,0,0,0,0,0,0,0,0,21,26,26,8,6,8,32,36,
..\..\..\files\weather\calibration\daily\San Giorgio della Richinvelda.csv,8/23/2013 12:00:00 AM,29.66,14.5,0.3125,1,78.12387,30.985683,0,0,12.08,11.999527,1264.6355,46.838352,78.15646,78,34.21768,0,0,0,0,0,0,0,0,0,0,0,0,0,0,0,0,21,26,26,8,6,8,32,36,
..\..\..\files\weather\calibration\daily\San Giorgio della Richinvelda.csv,8/24/2013 12:00:00 AM,29.45,14.240001,7.8416667,24,78.290955,30.905828,0,0,11.845001,11.998222,1276.6337,47.28273,78.16563,78,34.171867,0,1,1,1,0,0,1,1,0,0,0,0,0,0,0,0,21,27,27,9,6,8,33,37,
..\..\..\files\weather\calibration\daily\San Giorgio della Richinvelda.csv,8/25/2013 12:00:00 AM,28.04,15.239999,15.799999,24,91.77613,39.103024,0,0,11.639999,11.990399,1288.624,47.726814,78.17478,78,34.12609,1,1,1,1,1,0,1,1,0,0,0,0,0,0,0,0,22,28,28,10,7,8,34,38,
..\..\..\files\weather\calibration\daily\San Giorgio della Richinvelda.csv,8/26/2013 12:00:00 AM,25.09,16.616953,17.554167,24,99.20894,59.134567,0,0,10.8534775,11.902277,1300.5262,48.16764,78.18387,78,34.080658,1,1,1,1,1,0,1,1,0,0,0,0,0,0,0,0,23,29,29,11,8,8,35,39,
..\..\..\files\weather\calibration\daily\San Giorgio della Richinvelda.csv,8/27/2013 12:00:00 AM,23.36,15.46,4.9666667,24,100,62.10966,0,0,9.41,11.497802,1312.024,48.593483,79.00162,79,29.991913,1,1,1,1,1,0,1,1,0,0,0,0,0,0,0,0,24,30,30,12,9,8,36,40,
..\..\..\files\weather\calibration\daily\San Giorgio della Richinvelda.csv,8/28/2013 12:00:00 AM,25.61,15.28,4.025,23,93.98704,49.66963,0,0,10.445,11.819897,1323.844,49.031258,79.0092,79,29.953995,0,0,0,1,0,0,1,1,0,0,0,0,0,0,0,0,24,30,30,13,9,8,37,41,
..\..\..\files\weather\calibration\daily\San Giorgio della Richinvelda.csv,8/29/2013 12:00:00 AM,25.65,15.33117,0,5,94.15239,50.022934,0,0,10.490585,11.830338,1335.6743,49.46942,79.016785,79,29.916077,0,0,0,0,0,0,0,0,0,0,0,0,0,0,0,0,24,30,30,13,9,8,37,41,
..\..\..\files\weather\calibration\daily\San Giorgio della Richinvelda.csv,8/30/2013 12:00:00 AM,26.47,13.42,0,0,86.61902,38.572712,0,0,9.945,11.684693,1347.359,49.902187,79.02428,79,29.878616,0,0,0,0,0,0,0,0,0,0,0,0,0,0,0,0,24,30,30,13,9,8,37,41,
..\..\..\files\weather\calibration\daily\San Giorgio della Richinvelda.csv,8/31/2013 12:00:00 AM,27.599998,12.179999,0,0,79.96869,30.725813,0,0,9.889999,11.667499,1359.0265,50.334316,79.03176,79,29.841194,0,0,0,0,0,0,0,0,0,0,0,0,0,0,0,0,24,30,30,13,9,8,37,41,
..\..\..\files\weather\calibration\daily\San Giorgio della Richinvelda.csv,9/1/2013 12:00:00 AM,28.15,11.6,0,0,76.82044,27.511055,0,0,9.875,11.66273,1370.6892,50.766266,79.039246,79,29.803772,0,0,0,0,0,0,0,0,1,1,1,1,0,0,0,1,24,30,30,13,9,8,37,41,
..\..\..\files\weather\calibration\daily\San Giorgio della Richinvelda.csv,9/2/2013 12:00:00 AM,27.23,12.850001,0,0,82.75383,33.95305,0,0,10.040001,11.713305,1382.4025,51.200092,79.04675,79,29.766235,0,0,0,0,0,0,0,0,1,1,1,1,0,0,1,1,24,30,30,13,9,8,37,41,
..\..\..\files\weather\calibration\daily\San Giorgio della Richinvelda.csv,9/3/2013 12:00:00 AM,27.580002,14.992901,0,0,89.16896,44.136997,0,0,11.286451,11.962224,1394.3647,51.64314,79.05443,79,29.72786,0,0,0,0,0,0,0,0,0,0,0,0,0,0,0,0,24,30,30,13,9,8,37,41,
..\..\..\files\weather\calibration\daily\San Giorgio della Richinvelda.csv,9/4/2013 12:00:00 AM,28.24,12.72,0,0,79.05907,30.319553,0,0,10.48,11.827941,1406.1926,52.08121,79.06201,79,29.689941,0,0,0,0,0,0,0,0,0,0,0,0,0,0,0,0,24,30,30,13,9,8,37,41,
..\..\..\files\weather\calibration\daily\San Giorgio della Richinvelda.csv,9/5/2013 12:00:00 AM,28.51,13.960001,0,0,80.96402,33.140926,0,0,11.235001,11.956569,1418.1492,52.52404,79.06968,79,29.651604,0,0,0,0,0,0,0,0,0,0,0,0,0,0,0,0,24,30,30,13,9,8,37,41,
..\..\..\files\weather\calibration\daily\San Giorgio della Richinvelda.csv,9/6/2013 12:00:00 AM,28.97,14.67,0,0,80.96762,33.78751,0,0,11.82,11.9976015,1430.1467,52.968395,79.07738,79,29.613113,0,0,0,0,0,0,0,0,1,0,0,0,0,0,0,0,24,30,30,13,9,8,37,41,
..\..\..\files\weather\calibration\daily\San Giorgio della Richinvelda.csv,9/7/2013 12:00:00 AM,28.41,15.149999,0,0,84.06034,37.37397,0,0,11.779999,11.996417,1442.1432,53.412712,84.0025,84,12.493744,0,0,0,0,0,0,0,0,1,1,1,1,0,0,1,1,24,30,30,13,9,8,37,41,
..\..\..\files\weather\calibration\daily\San Giorgio della Richinvelda.csv,9/8/2013 12:00:00 AM,28.75,16.23,0.31666666,1,85.34888,39.86888,0,0,12.49,11.982278,1454.1255,53.8565,84.00933,84,12.476673,0,0,0,1,0,0,0,0,0,1,1,1,0,0,0,1,24,30,30,14,9,8,37,41,
..\..\..\files\weather\calibration\daily\San Giorgio della Richinvelda.csv,9/9/2013 12:00:00 AM,28.45,16.3,7.7458334,24,86.599884,41.34784,0,0,12.375,11.9896145,1466.1151,54.30056,84.01616,84,12.459602,0,1,1,1,0,0,1,1,0,0,0,0,0,0,0,0,24,31,31,15,9,8,38,42,
..\..\..\files\weather\calibration\daily\San Giorgio della Richinvelda.csv,9/10/2013 12:00:00 AM,27.760002,15.555045,11.65,24,89.38835,44.798954,0,0,11.657524,11.991312,1478.1064,54.744686,84.022995,84,12.4425125,1,1,1,1,0,0,1,1,1,1,1,1,1,0,1,1,25,32,32,16,9,8,39,43,
..\..\..\files\weather\calibration\daily\San Giorgio della Richinvelda.csv,9/11/2013 12:00:00 AM,24.56,13.127295,23.55,24,94.18205,48.81566,0,0,8.843647,11.251944,1489.3584,55.161423,84.0294,84,12.426491,1,1,1,1,1,0,1,1,1,1,1,1,1,0,1,1,26,33,33,17,10,8,40,44,
..\..\..\files\weather\calibration\daily\San Giorgio della Richinvelda.csv,9/12/2013 12:00:00 AM,20.630001,11.840001,6.0375004,23,99.43823,56.769287,0,0,6.2350006,9.464865,1498.8232,55.51197,84.0348,84,12.413006,1,1,1,1,1,0,1,1,1,0,0,0,0,0,0,0,27,34,34,18,11,8,41,45,
..\..\..\files\weather\calibration\daily\San Giorgio della Richinvelda.csv,9/13/2013 12:00:00 AM,23.080002,10.180001,0,0,88.909004,39.143017,0,0,6.630001,9.806182,1508.6294,55.875164,84.04039,84,12.399025,0,0,0,0,0,0,0,0,1,1,1,1,0,0,1,1,27,34,34,18,11,8,41,45,
..\..\..\files\weather\calibration\daily\San Giorgio della Richinvelda.csv,9/14/2013 12:00:00 AM,23.46,9.540001,0,0,86.285255,35.56682,0,-0.45239878,6.5076003,9.696697,1518.326,56.2343,88.002754,88,2.4931145,0,0,0,0,0,0,0,0,1,0,0,0,0,0,0,0,27,34,34,18,11,8,41,45,
..\..\..\files\weather\calibration\daily\San Giorgio della Richinvelda.csv,9/15/2013 12:00:00 AM,24.54,8.669999,0.079166666,1,84.3618,29.566824,0,-1.2742696,6.660731,9.785343,1528.1115,56.59672,88.00702,88,2.4824524,0,0,0,0,0,0,0,0,0,1,1,1,0,0,1,1,27,34,34,18,11,8,41,45,
..\..\..\files\weather\calibration\daily\San Giorgio della Richinvelda.csv,9/16/2013 12:00:00 AM,23.32,12.349999,2.25,24,93.69412,46.945583,0,0,7.834999,10.690085,1538.8015,56.99265,88.01168,88,2.4707985,0,0,0,0,0,0,0,1,0,0,0,0,0,0,0,1,27,34,34,18,11,8,41,46,
..\..\..\files\weather\calibration\daily\San Giorgio della Richinvelda.csv,9/17/2013 12:00:00 AM,23.97,11.79509,10.066667,24,91.21062,43.25818,0,0,7.8825455,10.720176,1549.5217,57.389694,88.01635,88,2.4591255,1,1,1,0,0,0,1,1,0,0,0,0,0,0,0,0,28,35,35,18,11,8,42,47,
..\..\..\files\weather\calibration\daily\San Giorgio della Richinvelda.csv,9/18/2013 12:00:00 AM,21.15,10.190001,4.5041666,23,93.89419,46.527786,0,0,5.67,8.931359,1558.4531,57.72049,88.02024,88,2.449398,0,0,0,0,0,0,1,1,0,0,0,0,0,0,0,0,28,35,35,18,11,8,43,48,
..\..\..\files\weather\calibration\daily\San Giorgio della Richinvelda.csv,9/19/2013 12:00:00 AM,21.64,8.540001,0,0,88.50245,38.08595,0,-1.3786407,5.1713586,8.327157,1566.7803,58.0289,88.02387,88,2.440319,0,0,0,0,0,0,0,0,0,0,0,0,0,0,0,0,28,35,35,18,11,8,43,48,
..\..\..\files\weather\calibration\daily\San Giorgio della Richinvelda.csv,9/20/2013 12:00:00 AM,25.4,11.65,0,0,85.77387,36.231415,0,0,8.525,11.09171,1577.872,58.4397,88.0287,88,2.4282455,0,0,0,0,0,0,0,0,0,0,0,0,0,0,0,0,28,35,35,18,11,8,43,48,
..\..\..\files\weather\calibration\daily\San Giorgio della Richinvelda.csv,9/21/2013 12:00:00 AM,23.4,11.49,0,3,91.29994,43.01554,0,0,7.4449997,10.4296465,1588.3016,58.82599,88.03325,88,2.4168777,0,0,0,0,0,0,0,0,0,0,0,0,0,0,0,0,28,35,35,18,11,8,43,48,
..\..\..\files\weather\calibration\daily\San Giorgio della Richinvelda.csv,9/22/2013 12:00:00 AM,24.87,11.140001,0,0,86.15101,36.31052,0,0,8.005001,10.796022,1599.0977,59.225838,88.03795,88,2.4051285,0,0,0,0,0,0,0,0,0,0,0,0,0,0,0,0,28,35,35,18,11,8,43,48,
..\..\..\files\weather\calibration\daily\San Giorgio della Richinvelda.csv,9/23/2013 12:00:00 AM,23.8,11.009999,0,0,88.96627,39.636303,0,0,7.404999,10.401557,1609.4993,59.611084,88.04248,88,2.3937988,0,0,0,0,0,0,0,0,0,0,0,0,0,0,0,0,28,35,35,18,11,8,43,48,
..\..\..\files\weather\calibration\daily\San Giorgio della Richinvelda.csv,9/24/2013 12:00:00 AM,24.94,9.47,0,0,81.921234,30.754509,0,-0.5209203,7.2140794,10.257245,1619.7565,59.99098,88.04695,88,2.3826218,0,0,0,0,0,0,0,0,0,0,0,0,0,0,0,0,28,35,35,18,11,8,43,48,
..\..\..\files\weather\calibration\daily\San Giorgio della Richinvelda.csv,9/25/2013 12:00:00 AM,26.21,9.529999,0,0,80.941536,27.359215,0,-0.46337938,7.876621,10.71227,1630.4688,60.38773,88.05162,88,2.3709488,0,0,0,0,0,0,0,0,0,0,0,0,0,0,0,0,28,35,35,18,11,8,43,48,
..\..\..\files\weather\calibration\daily\San Giorgio della Richinvelda.csv,9/26/2013 12:00:00 AM,24.79,12.880001,0,1,90.65886,43.058113,0,0,8.835001,11.247805,1641.7166,60.80432,88.05652,88,2.3587036,0,0,0,0,0,0,0,0,0,0,0,0,0,0,0,0,28,35,35,18,11,8,43,48,
..\..\..\files\weather\calibration\daily\San Giorgio della Richinvelda.csv,9/27/2013 12:00:00 AM,24.73,12.89,0.12916666,2,92.75192,43.34074,0,0,8.809999,11.235771,1652.9523,61.220455,88.06142,88,2.3464584,0,0,0,0,0,0,0,0,0,0,0,0,0,0,0,0,28,35,35,18,11,8,43,48,
..\..\..\files\weather\calibration\daily\San Giorgio della Richinvelda.csv,9/28/2013 12:00:00 AM,23.45,15.09,2.9708333,24,100,59.594654,0,0,9.27,11.441641,1664.3939,61.64422,88.06641,88,2.3339844,0,0,0,1,0,0,0,1,0,0,0,0,0,0,0,0,28,35,35,19,11,8,43,49,
..\..\..\files\weather\calibration\daily\San Giorgio della Richinvelda.csv,9/29/2013 12:00:00 AM,23.780003,14.171627,0.9166667,9,100,66.966835,0,0,8.975815,11.313763,1675.7076,62.063248,88.071335,88,2.321663,0,0,0,1,0,0,0,0,0,0,0,0,0,0,0,0,28,35,35,20,11,8,43,49,
..\..\..\files\weather\calibration\daily\San Giorgio della Richinvelda.csv,9/30/2013 12:00:00 AM,19.31,12.300725,21.395834,24,100,72.43971,0,0,5.8053627,9.06408,1684.7717,62.398952,88.07528,88,2.311802,1,1,1,1,0,0,1,1,0,0,0,0,0,0,0,0,29,36,36,21,11,8,44,50,
..\..\..\files\weather\calibration\daily\San Giorgio della Richinvelda.csv,10/1/2013 12:00:00 AM,14.17,11.98,7.1875,24,100,91.24817,0,0,3.0749998,5.7587566,1690.5305,62.61224,88.07779,88,2.3055267,1,0,1,1,0,0,1,0,0,0,0,0,0,0,0,0,30,36,37,22,11,8,45,50,
..\..\..\files\weather\calibration\daily\San Giorgio della Richinvelda.csv,10/2/2013 12:00:00 AM,19.63,10.92,0,6,99.27999,56.73189,0,0,5.2749996,8.526179,1699.0566,62.92802,88.081505,88,2.296238,0,0,0,0,0,0,0,0,0,0,0,0,0,0,0,0,30,36,37,22,11,8,45,50,
..\..\..\files\weather\calibration\daily\San Giorgio della Richinvelda.csv,10/3/2013 12:00:00 AM,19.61,9.668284,0,6,97.5533,53.376984,0,-0.3261819,4.6446767,7.816997,1706.8737,63.217545,88.084915,88,2.287712,0,0,0,0,0,0,0,0,0,0,0,0,0,0,0,0,30,36,37,22,11,8,45,50,
..\..\..\files\weather\calibration\daily\San Giorgio della Richinvelda.csv,10/4/2013 12:00:00 AM,15.37,8.029084,0,7,100,64.67082,0,-1.7063365,1.9641213,3.5403738,1710.4141,63.348667,88.08646,88,2.2838593,0,0,0,0,0,0,0,0,0,0,0,0,0,0,0,0,30,36,37,22,11,8,45,50,
..\..\..\files\weather\calibration\daily\San Giorgio della Richinvelda.csv,10/5/2013 12:00:00 AM,14.26,6.9600005,0.12916666,7,96.904465,59.57238,0,-2.4070137,1.2429864,1.4392152,1711.8533,63.401974,88.08708,88,2.2822952,0,0,0,0,0,0,0,0,0,0,0,0,0,0,0,0,30,36,37,22,11,8,45,50,
..\..\..\files\weather\calibration\daily\San Giorgio della Richinvelda.csv,10/6/2013 12:00:00 AM,13.99,7.26,3.1,24,97.94659,62.54875,0,-2.1822286,1.1827711,1.4709461,1713.3242,63.45645,88.08772,88,2.280693,0,0,0,0,0,0,0,0,0,0,0,0,0,0,0,0,30,36,37,22,11,8,45,50,
..\..\..\files\weather\calibration\daily\San Giorgio della Richinvelda.csv,10/7/2013 12:00:00 AM,17.78,11.190001,3.1374998,24,100,67.69946,0,0,4.4850006,7.6342964,1720.9585,63.739204,88.09105,88,2.272377,0,0,0,0,0,0,1,1,0,0,0,0,0,0,0,0,30,36,37,22,11,8,46,51,
..\..\..\files\weather\calibration\daily\San Giorgio della Richinvelda.csv,10/8/2013 12:00:00 AM,17.27,12.694926,4.016667,24,100,81.261024,0,0,4.982464,8.208727,1729.1672,64.04323,88.09463,88,2.2634315,0,0,0,0,0,0,0,1,0,0,0,0,0,0,0,0,30,36,37,22,11,8,46,52,
..\..\..\files\weather\calibration\daily\San Giorgio della Richinvelda.csv,10/9/2013 12:00:00 AM,16.92,11.97,4.3958335,24,100,77.867165,0,0,4.4449997,7.586187,1736.7534,64.3242,88.09793,88,2.2551727,0,0,0,0,0,0,1,1,0,0,0,0,0,0,0,0,30,36,37,22,11,8,47,53,
..\..\..\files\weather\calibration\daily\San Giorgio della Richinvelda.csv,10/10/2013 12:00:00 AM,19.63,12.4,5.1708336,24,100,65.04357,0,0,6.0149994,9.26351,1746.017,64.6673,88.10197,88,2.2450829,0,0,0,0,0,0,1,1,0,0,0,0,0,0,1,0,30,36,37,22,11,8,48,54,
..\..\..\files\weather\calibration\daily\San Giorgio della Richinvelda.csv,10/11/2013 12:00:00 AM,18.71,9.425504,24.770836,24,100,64.49001,0,-0.5567217,4.0855255,7.1181545,1753.1351,64.93093,88.10507,88,2.23732,1,0,1,0,1,0,1,1,0,1,1,1,0,0,1,1,31,36,38,22,12,8,49,55,
..\..\..\files\weather\calibration\daily\San Giorgio della Richinvelda.csv,10/12/2013 12:00:00 AM,18.2,7.92,14.641666,24,94.17551,48.088,0,-1.8695719,3.2704284,5.736744,1758.8718,65.1434,88.10757,88,2.231083,1,0,1,0,1,0,1,0,0,0,0,0,0,0,0,0,32,36,39,22,13,8,50,55,
..\..\..\files\weather\calibration\daily\San Giorgio della Richinvelda.csv,10/13/2013 12:00:00 AM,15.98,6.8099995,8.3375,23,94.63535,51.551872,0,-2.635142,1.949858,2.9890113,1761.8608,65.254105,88.10887,88,2.2278214,1,0,1,0,1,0,1,0,0,0,0,0,0,0,0,0,33,36,40,22,14,8,51,55,
..\..\..\files\weather\calibration\daily\San Giorgio della Richinvelda.csv,10/14/2013 12:00:00 AM,18.51,5.0399995,0,0,86.31624,35.38886,0,-4.0468006,2.6881998,3.6732922,1765.5342,65.39016,88.11047,88,2.223816,0,0,0,0,0,0,0,0,0,0,0,0,0,0,0,0,33,36,40,22,14,8,51,55,
..\..\..\files\weather\calibration\daily\San Giorgio della Richinvelda.csv,10/15/2013 12:00:00 AM,16.49,7.1200004,0,6,94.77723,51.05185,0,-2.4373958,2.2476041,3.7257452,1769.2599,65.528145,88.1121,88,2.2197533,0,0,0,0,0,0,0,0,1,0,0,0,1,0,0,0,33,36,40,22,14,8,51,55,
..\..\..\files\weather\calibration\daily\San Giorgio della Richinvelda.csv,10/16/2013 12:00:00 AM,18.01,9.550001,0,6,98.8322,57.024853,0,-0.43803096,3.7919686,6.7435007,1776.0034,65.7779,88.115036,88,2.21241,0,0,0,0,0,0,0,0,1,0,0,0,1,0,0,0,33,36,40,22,14,8,51,55,
..\..\..\files\weather\calibration\daily\San Giorgio della Richinvelda.csv,10/17/2013 12:00:00 AM,20.84,7.002694,0,3,92.2609,43.808067,0,-2.6726813,4.245971,6.929467,1782.9329,66.034546,88.11806,88,2.2048569,0,0,0,0,0,0,0,0,1,1,1,1,1,0,1,1,33,36,40,22,14,8,51,55,
..\..\..\files\weather\calibration\daily\San Giorgio della Richinvelda.csv,10/18/2013 12:00:00 AM,20.54,4.6800003,0,0,81.35815,28.72092,0,-4.4277425,3.5022578,5.0549397,1787.9878,66.22177,88.120255,88,2.1993637,0,0,0,0,0,0,0,0,1,0,0,0,0,0,0,0,33,36,40,22,14,8,51,55,
..\..\..\files\weather\calibration\daily\San Giorgio della Richinvelda.csv,10/19/2013 12:00:00 AM,19.62,5.1000004,0,0,84.26666,32.427006,0,-4.073209,3.1867912,4.657722,1792.6455,66.39427,88.122284,88,2.1942902,0,0,0,0,0,0,0,0,1,0,0,0,0,0,1,0,33,36,40,22,14,8,51,55,
..\..\..\files\weather\calibration\daily\San Giorgio della Richinvelda.csv,10/20/2013 12:00:00 AM,19.88,5.9699993,0.29999998,1,86.474686,34.56747,0,-3.4462156,3.5087843,5.536576,1798.1821,66.59934,88.124695,88,2.188263,0,0,0,0,0,0,0,0,1,1,1,1,0,0,1,1,33,36,40,22,14,8,51,55,
..\..\..\files\weather\calibration\daily\San Giorgio della Richinvelda.csv,10/21/2013 12:00:00 AM,19.54,9.41,6.8999996,24,95.49445,49.60423,0,-0.5728183,4.4921823,7.622296,1805.8044,66.881645,88.12802,88,2.179947,0,0,1,0,0,0,1,1,1,1,1,1,0,0,0,1,33,36,41,22,14,8,52,56,
..\..\..\files\weather\calibration\daily\San Giorgio della Richinvelda.csv,10/22/2013 12:00:00 AM,19.83,12.210001,0,9,100,62.858505,0,0,6.0200005,9.268177,1815.0726,67.224915,88.13206,88,2.169857,0,0,0,0,0,0,0,0,0,0,0,0,0,0,0,0,33,36,41,22,14,8,52,56,
..\..\..\files\weather\calibration\daily\San Giorgio della Richinvelda.csv,10/23/2013 12:00:00 AM,19.869999,12.409999,0.47916666,9,100,63.808258,0,0,6.1399994,9.378908,1824.4515,67.57228,88.13615,88,2.1596336,0,0,0,0,0,0,0,0,0,0,0,0,0,0,0,0,33,36,41,22,14,8,52,56,
..\..\..\files\weather\calibration\daily\San Giorgio della Richinvelda.csv,10/24/2013 12:00:00 AM,20.1,12.83,11.545834,24,100,65.03732,0,0,6.465,9.666745,1834.1183,67.930305,88.14036,88,2.149105,1,0,1,0,0,0,1,1,0,0,0,0,0,0,0,0,34,36,42,22,14,8,53,57,
..\..\..\files\weather\calibration\daily\San Giorgio della Richinvelda.csv,10/25/2013 12:00:00 AM,19.69,13.513106,12.075001,24,100,74.43901,0,0,6.601553,9.782463,1843.9008,68.29262,88.14462,88,2.138443,1,0,1,0,1,0,1,1,0,0,0,0,0,0,0,0,35,36,43,22,15,8,54,58,
..\..\..\files\weather\calibration\daily\San Giorgio della Richinvelda.csv,10/26/2013 12:00:00 AM,20.7,12.28,0,6,100,58.767284,0,0,6.49,9.68816,1853.5889,68.651436,88.14884,88,2.1278954,1,0,0,0,1,0,0,0,0,0,0,0,0,0,0,0,36,36,43,22,16,8,54,58,
..\..\..\files\weather\calibration\daily\San Giorgio della Richinvelda.csv,10/27/2013 12:00:00 AM,21.27,11.59,0,6,97.22556,52.490574,0,0,0,0,0,0,0,0,0,0,0,0,0,0,0,0,0,0,0,0,0,0,0,1,1,0,0,0,0,0,0,0,0,
..\..\..\files\weather\calibration\daily\San Giorgio della Richinvelda.csv,10/28/2013 12:00:00 AM,20.96,12.12,0,7,99.37631,56.628765,0,0,0,0,0,0,0,0,0,0,0,0,0,0,0,0,0,0,0,0,0,0,0,0,0,0,0,0,0,0,0,0,0,
..\..\..\files\weather\calibration\daily\San Giorgio della Richinvelda.csv,10/29/2013 12:00:00 AM,21.95,14.009999,0.8125,7,100,61.76426,0,0,0,0,0,0,0,0,0,0,0,0,0,0,0,0,0,0,0,0,0,0,0,0,0,0,0,0,0,0,0,0,0,
..\..\..\files\weather\calibration\daily\San Giorgio della Richinvelda.csv,10/30/2013 12:00:00 AM,21.52,13.237278,18.6875,24,100,64.12259,0,0,0,0,0,0,0,0,0,1,0,1,0,0,0,1,1,0,0,0,0,0,0,0,0,1,0,1,0,0,0,1,1,
..\..\..\files\weather\calibration\daily\San Giorgio della Richinvelda.csv,10/31/2013 12:00:00 AM,18.7,10.267116,0,9,100,69.596535,0,0,0,0,0,0,0,0,0,1,0,0,0,0,0,1,0,0,0,0,0,0,0,0,0,1,0,0,0,0,0,1,0,
..\..\..\files\weather\calibration\daily\San Giorgio della Richinvelda.csv,11/1/2013 12:00:00 AM,16.37,9.22,0,7,100,62.96232,-0.7374537,-0.7374537,0,0,0,0,0,0,0,0,0,0,0,0,0,0,0,0,0,0,0,0,0,0,0,0,0,0,0,0,0,0,0,
..\..\..\files\weather\calibration\daily\San Giorgio della Richinvelda.csv,11/2/2013 12:00:00 AM,16.49,8.27,0.175,7,97.845764,57.00518,-2.2854035,-1.5479498,0,0,0,0,0,0,0,0,0,0,0,0,0,0,0,0,0,0,0,0,0,0,0,0,0,0,0,0,0,0,0,
..\..\..\files\weather\calibration\daily\San Giorgio della Richinvelda.csv,11/3/2013 12:00:00 AM,15.77,8.48,4.6833334,24,99.37901,61.490013,-3.6469402,-1.3615367,0,0,0,0,0,0,0,0,0,0,0,0,0,0,0,0,0,0,0,0,0,0,0,0,0,0,0,0,0,0,0,
..\..\..\files\weather\calibration\daily\San Giorgio della Richinvelda.csv,11/4/2013 12:00:00 AM,18.78,10.22,15.829167,24,99.17426,57.02962,-3.6469402,0,0,0,0,0,0,0,0,1,0,1,0,0,0,1,1,0,0,0,0,0,0,0,0,1,0,1,0,0,0,1,1,
..\..\..\files\weather\calibration\daily\San Giorgio della Richinvelda.csv,11/5/2013 12:00:00 AM,14.62,9.313935,15.8875,24,100,74.67927,-4.2886515,-0.64171124,0,0,0,0,0,0,0,1,0,1,0,1,0,1,0,0,0,0,0,0,0,0,0,1,0,1,0,1,0,1,0,
..\..\..\files\weather\calibration\daily\San Giorgio della Richinvelda.csv,11/6/2013 12:00:00 AM,15.34,8.28,1.7249999,23,99.36041,62.344776,-5.799133,-1.5104814,0,0,0,0,0,0,0,1,0,0,0,1,0,1,0,0,0,0,0,0,0,0,0,1,0,0,0,1,0,1,0,
..\..\..\files\weather\calibration\daily\San Giorgio della Richinvelda.csv,11/7/2013 12:00:00 AM,16.87,7.0599995,0,3,94.07235,49.260498,-8.298583,-2.49945,0,0,0,0,0,0,0,0,0,0,0,0,0,0,0,0,0,0,0,0,0,0,0,0,0,0,0,0,0,0,0,
..\..\..\files\weather\calibration\daily\San Giorgio della Richinvelda.csv,11/8/2013 12:00:00 AM,16.5,5.5599995,0.27916667,2,96.57076,43.821083,-11.837596,-3.5390131,0,0,0,0,0,0,0,0,0,0,0,0,0,0,0,0,0,0,0,0,0,0,0,0,0,0,0,0,0,0,0,
..\..\..\files\weather\calibration\daily\San Giorgio della Richinvelda.csv,11/9/2013 12:00:00 AM,14.01,8.68,7.2708335,24,100,71.50716,-12.9941435,-1.1565477,0,0,0,0,0,0,0,0,0,1,0,0,0,0,0,0,0,0,0,0,0,0,0,0,0,1,0,0,0,0,0,
..\..\..\files\weather\calibration\daily\San Giorgio della Richinvelda.csv,11/10/2013 12:00:00 AM,16.93,7.8715096,19.795832,24,99.153755,59.020798,-14.872566,-1.878423,0,0,0,0,0,0,0,1,0,1,0,1,0,1,0,0,0,0,0,0,0,0,0,1,0,1,0,1,0,1,0,
..\..\..\files\weather\calibration\daily\San Giorgio della Richinvelda.csv,11/11/2013 12:00:00 AM,14,6.82,5.6541667,23,96.75053,59.90988,-17.34836,-2.4757934,0,0,0,0,0,0,0,1,0,0,0,1,0,1,0,0,0,0,0,0,0,0,0,1,0,0,0,1,0,1,0,
..\..\..\files\weather\calibration\daily\San Giorgio della Richinvelda.csv,11/12/2013 12:00:00 AM,16.54,7.3999996,0,6,95.451195,52.243294,-19.578558,-2.2301974,0,0,0,0,0,0,0,0,0,0,0,0,0,0,0,0,0,0,0,0,0,0,0,0,0,0,0,0,0,0,0,
..\..\..\files\weather\calibration\daily\San Giorgio della Richinvelda.csv,11/13/2013 12:00:00 AM,14.9,8.210001,0,6,99.659676,64.02217,-21.129087,-1.5505298,0,0,0,0,0,0,0,0,0,0,0,0,0,0,0,0,0,0,0,0,0,0,0,0,0,0,0,0,0,0,0,
..\..\..\files\weather\calibration\daily\San Giorgio della Richinvelda.csv,11/14/2013 12:00:00 AM,16.54,7.34,0.39166665,6,99.540886,51.942383,-23.404545,-2.2754564,0,0,0,0,0,0,0,0,0,0,0,0,0,0,0,0,0,0,0,0,0,0,0,0,0,0,0,0,0,0,0,
..\..\..\files\weather\calibration\daily\San Giorgio della Richinvelda.csv,11/15/2013 12:00:00 AM,12.110001,7.4282255,9.341666,24,100,81.90287,-25.26996,-1.8654164,0,0,0,0,0,0,0,0,0,0,0,0,0,0,0,0,0,0,0,0,0,0,0,0,0,0,0,0,0,0,0,
..\..\..\files\weather\calibration\daily\San Giorgio della Richinvelda.csv,11/16/2013 12:00:00 AM,10.74,6.8600006,7.666667,23,98.28914,75.610535,-27.139393,-1.8694326,0,0,0,0,0,0,0,0,0,0,0,0,0,1,0,0,0,0,0,0,0,0,0,0,0,0,0,0,0,1,0,
..\..\..\files\weather\calibration\daily\San Giorgio della Richinvelda.csv,11/17/2013 12:00:00 AM,12.31,6.03,0,5,95.67552,62.65227,-29.854544,-2.715151,0,0,0,0,0,0,0,0,0,0,0,0,0,0,0,0,0,0,0,0,0,0,0,0,0,0,0,0,0,0,0,
..\..\..\files\weather\calibration\daily\San Giorgio della Richinvelda.csv,11/18/2013 12:00:00 AM,11.02,5.6000004,0,6,94.86008,65.66103,-32.468567,-2.614022,0,0,0,0,0,0,0,0,0,0,0,0,0,0,0,0,0,0,0,0,0,0,0,0,0,0,0,0,0,0,0,
..\..\..\files\weather\calibration\daily\San Giorgio della Richinvelda.csv,11/19/2013 12:00:00 AM,11.44,6.2,0.7708333,7,98.43849,67.65226,-34.890705,-2.4221375,0,0,0,0,0,0,0,0,0,0,0,0,0,0,0,0,0,0,0,0,0,0,0,0,0,0,0,0,0,0,0,
..\..\..\files\weather\calibration\daily\San Giorgio della Richinvelda.csv,11/20/2013 12:00:00 AM,11.42,7.3978257,18.004166,24,100,81.61358,-36.65113,-1.7604265,0,0,0,0,0,0,0,0,0,0,0,0,0,1,0,0,0,0,0,0,0,0,0,0,0,0,0,0,0,1,0,
..\..\..\files\weather\calibration\daily\San Giorgio della Richinvelda.csv,11/21/2013 12:00:00 AM,13.33,5.3062725,6.9375,24,96.06508,60.282104,-39.97199,-3.320857,0,0,0,0,0,0,0,0,0,0,0,0,0,0,0,0,0,0,0,0,0,0,0,0,0,0,0,0,0,0,0,
..\..\..\files\weather\calibration\daily\San Giorgio della Richinvelda.csv,11/22/2013 12:00:00 AM,10.53,4.41,14.087501,23,91.70248,60.358994,-43.00904,-3.0370507,0,0,0,0,0,0,0,0,0,0,0,0,0,0,0,0,0,0,0,0,0,0,0,0,0,0,0,0,0,0,0,
..\..\..\files\weather\calibration\daily\San Giorgio della Richinvelda.csv,11/23/2013 12:00:00 AM,8.8,4.34,0.47083333,4,91.15754,67.06049,-45.23904,-2.23,0,0,0,0,0,0,0,0,0,0,0,0,0,0,0,0,0,0,0,0,0,0,0,0,0,0,0,0,0,0,0,
..\..\..\files\weather\calibration\daily\San Giorgio della Richinvelda.csv,11/24/2013 12:00:00 AM,9.37,4.2000895,10.829166,23,92.89703,68.484276,-47.823997,-2.5849552,0,0,0,0,0,0,0,0,0,0,0,0,0,0,0,0,0,0,0,0,0,0,0,0,0,0,0,0,0,0,0,
..\..\..\files\weather\calibration\daily\San Giorgio della Richinvelda.csv,11/25/2013 12:00:00 AM,10.67,1.138255,0,0,88.212166,52.41629,-52.566322,-4.742325,0,0,0,0,0,0,0,0,0,0,0,0,0,0,0,0,0,0,0,0,0,0,0,0,0,0,0,0,0,0,0,
..\..\..\files\weather\calibration\daily\San Giorgio della Richinvelda.csv,11/26/2013 12:00:00 AM,8.53,-2.20386,0,0,79.464935,43.271908,-55.95564,-3.3893163,0,0,0,0,0,0,0,0,0,0,0,0,0,0,0,0,0,0,0,0,0,0,0,0,0,0,0,0,0,0,0,
..\..\..\files\weather\calibration\daily\San Giorgio della Richinvelda.csv,11/27/2013 12:00:00 AM,7.74,-3.9099998,0,0,69.77147,30.322191,-58.52678,-2.5711415,0,0,0,0,0,0,0,0,0,0,0,0,0,0,0,0,0,0,0,0,0,0,0,0,0,0,0,0,0,0,0,
..\..\..\files\weather\calibration\daily\San Giorgio della Richinvelda.csv,11/28/2013 12:00:00 AM,6.79,-1.2300003,0,0,75.660645,42.811687,-61.4011,-2.8743203,0,0,0,0,0,0,0,0,0,0,0,0,0,0,0,0,0,0,0,0,0,0,0,0,0,0,0,0,0,0,0,
..\..\..\files\weather\calibration\daily\San Giorgio della Richinvelda.csv,11/29/2013 12:00:00 AM,7.8,-2.4399998,0,0,73.361275,35.43146,-64.3718,-2.9707034,0,0,0,0,0,0,0,0,0,0,0,0,0,0,0,0,0,0,0,0,0,0,0,0,0,0,0,0,0,0,0,
..\..\..\files\weather\calibration\daily\San Giorgio della Richinvelda.csv,11/30/2013 12:00:00 AM,8.1,-2.6599998,0,0,72.98217,33.976757,-67.42059,-3.0487921,0,0,0,0,0,0,0,0,0,0,0,0,0,0,0,0,0,0,0,0,0,0,0,0,0,0,0,0,0,0,0,
..\..\..\files\weather\calibration\daily\San Giorgio della Richinvelda.csv,12/1/2013 12:00:00 AM,7.1,-0.40999985,0,0,77.93104,45.836044,-70.77679,-3.3561919,0,0,0,0,0,0,0,0,0,0,0,0,0,0,0,0,0,0,0,0,0,0,0,0,0,0,0,0,0,0,0,
..\..\..\files\weather\calibration\daily\San Giorgio della Richinvelda.csv,12/2/2013 12:00:00 AM,9.49,-0.27000046,0,0,79.4282,40.127636,-75.39052,-4.6137342,0,0,0,0,0,0,0,0,0,0,0,0,0,0,0,0,0,0,0,0,0,0,0,0,0,0,0,0,0,0,0,
..\..\..\files\weather\calibration\daily\San Giorgio della Richinvelda.csv,12/3/2013 12:00:00 AM,8.96,-0.9619811,0,0,79.960236,42.69501,-79.436165,-4.045644,0,0,0,0,0,0,0,0,0,0,0,0,0,0,0,0,0,0,0,0,0,0,0,0,0,0,0,0,0,0,0,
..\..\..\files\weather\calibration\daily\San Giorgio della Richinvelda.csv,12/4/2013 12:00:00 AM,8.41,-2.5699997,0,0,73.34649,33.659267,-82.65694,-3.2207696,0,0,0,0,0,0,0,0,0,0,0,0,0,0,0,0,0,0,0,0,0,0,0,0,0,0,0,0,0,0,0,
..\..\..\files\weather\calibration\daily\San Giorgio della Richinvelda.csv,12/5/2013 12:00:00 AM,8.82,-4.3,0,0,69.3199,27.187378,-85.62158,-2.9646492,0,0,0,0,0,0,0,0,0,0,0,0,0,0,0,0,0,0,0,0,0,0,0,0,0,0,0,0,0,0,0,
..\..\..\files\weather\calibration\daily\San Giorgio della Richinvelda.csv,12/6/2013 12:00:00 AM,9.49,-3.62,0,0,71.140656,28.066238,-89.056366,-3.4347863,0,0,0,0,0,0,0,0,0,0,0,0,0,0,0,0,0,0,0,0,0,0,0,0,0,0,0,0,0,0,0,
..\..\..\files\weather\calibration\daily\San Giorgio della Richinvelda.csv,12/7/2013 12:00:00 AM,10.92,-2.3000002,0,0,74.465576,29.456758,-93.59845,-4.5420876,0,0,0,0,0,0,0,0,0,0,0,0,0,0,0,0,0,0,0,0,0,0,0,0,0,0,0,0,0,0,0,
..\..\..\files\weather\calibration\daily\San Giorgio della Richinvelda.csv,12/8/2013 12:00:00 AM,9.9,-2.9499998,0,0,72.84021,29.390577,-97.41207,-3.8136187,0,0,0,0,0,0,0,0,0,0,0,0,0,0,0,0,0,0,0,0,0,0,0,0,0,0,0,0,0,0,0,
..\..\..\files\weather\calibration\daily\San Giorgio della Richinvelda.csv,12/9/2013 12:00:00 AM,7.23,-2.6399999,0,0,72.52405,35.881386,-100.06014,-2.6480699,0,0,0,0,0,0,0,0,0,0,0,0,0,0,0,0,0,0,0,0,0,0,0,0,0,0,0,0,0,0,0,
..\..\..\files\weather\calibration\daily\San Giorgio della Richinvelda.csv,12/10/2013 12:00:00 AM,6.03,-2.81,0,0,71.17369,37.763584,-100.06014,-2.056612,0,0,0,0,0,0,0,0,0,0,0,0,0,0,0,0,0,0,0,0,0,0,0,0,0,0,0,0,0,0,0,
..\..\..\files\weather\calibration\daily\San Giorgio della Richinvelda.csv,12/11/2013 12:00:00 AM,7.9799995,-1.0663455,0,0,77.01487,40.855618,-100.06014,-3.5196753,0,0,0,0,0,0,0,0,0,0,0,0,0,0,0,0,0,0,0,0,0,0,0,0,0,0,0,0,0,0,0,
..\..\..\files\weather\calibration\daily\San Giorgio della Richinvelda.csv,12/12/2013 12:00:00 AM,6.59,-2.38,0,0,72.68686,38.308567,-100.06014,-2.4207413,0,0,0,0,0,0,0,0,0,0,0,0,0,0,0,0,0,0,0,0,0,0,0,0,0,0,0,0,0,0,0,
..\..\..\files\weather\calibration\daily\San Giorgio della Richinvelda.csv,12/13/2013 12:00:00 AM,5.4,-2.6799998,0,0,70.88355,39.66954,-100.06014,-1.8044555,0,0,0,0,0,0,0,0,0,0,0,0,0,0,0,0,0,0,0,0,0,0,0,0,0,0,0,0,0,0,0,
..\..\..\files\weather\calibration\daily\San Giorgio della Richinvelda.csv,12/14/2013 12:00:00 AM,6.08,-2.7700002,0,0,71.31447,37.820045,-100.06014,-2.0884972,0,0,0,0,0,0,0,0,0,0,0,0,0,0,0,0,0,0,0,0,0,0,0,0,0,0,0,0,0,0,0,
..\..\..\files\weather\calibration\daily\San Giorgio della Richinvelda.csv,12/15/2013 12:00:00 AM,6.44,-3.4699998,0,0,69.94058,34.341736,-100.06014,-2.0925128,0,0,0,0,0,0,0,0,0,0,0,0,0,0,0,0,0,0,0,0,0,0,0,0,0,0,0,0,0,0,0,
..\..\..\files\weather\calibration\daily\San Giorgio della Richinvelda.csv,12/16/2013 12:00:00 AM,8.1,-2.7299998,0,0,72.81142,33.72146,-100.06014,-3.0290864,0,0,0,0,0,0,0,0,0,0,0,0,0,0,0,0,0,0,0,0,0,0,0,0,0,0,0,0,0,0,0,
..\..\..\files\weather\calibration\daily\San Giorgio della Richinvelda.csv,12/17/2013 12:00:00 AM,8.31,-3.6663156,0,0,70.656166,30.09766,-100.06014,-2.8830278,0,0,0,0,0,0,0,0,0,0,0,0,0,0,0,0,0,0,0,0,0,0,0,0,0,0,0,0,0,0,0,
..\..\..\files\weather\calibration\daily\San Giorgio della Richinvelda.csv,12/18/2013 12:00:00 AM,8.07,-5.68,0,0,65.753716,24.441147,-100.06014,-2.368178,0,0,0,0,0,0,0,0,0,0,0,0,0,0,0,0,0,0,0,0,0,0,0,0,0,0,0,0,0,0,0,
..\..\..\files\weather\calibration\daily\San Giorgio della Richinvelda.csv,12/19/2013 12:00:00 AM,7.47,-5.19,0,0,66.58387,26.76149,-100.06014,-2.203827,0,0,0,0,0,0,0,0,0,0,0,0,0,0,0,0,0,0,0,0,0,0,0,0,0,0,0,0,0,0,0,
..\..\..\files\weather\calibration\daily\San Giorgio della Richinvelda.csv,12/20/2013 12:00:00 AM,6.26,-4.92,0,0,74.30049,29.585064,-100.06014,-1.7525761,0,0,0,0,0,0,0,0,0,0,0,0,0,0,0,0,0,0,0,0,0,0,0,0,0,0,0,0,0,0,0,
..\..\..\files\weather\calibration\daily\San Giorgio della Richinvelda.csv,12/21/2013 12:00:00 AM,8.33,0.42000008,0,0,82.7891,46.395855,-100.06014,-3.955,0,0,0,0,0,0,0,0,0,0,0,0,0,0,0,0,0,0,0,0,0,0,0,0,0,0,0,0,0,0,0,
..\..\..\files\weather\calibration\daily\San Giorgio della Richinvelda.csv,12/22/2013 12:00:00 AM,8.25,3.0100002,0,0,87.40009,60.76696,-100.06014,-2.62,0,0,0,0,0,0,0,0,0,0,0,0,0,0,0,0,0,0,0,0,0,0,0,0,0,0,0,0,0,0,0,
..\..\..\files\weather\calibration\daily\San Giorgio della Richinvelda.csv,12/23/2013 12:00:00 AM,8.11,2.83,0,0,89.83233,60.192154,-100.06014,-2.6399999,0,0,0,0,0,0,0,0,0,0,0,0,0,0,0,0,0,0,0,0,0,0,0,0,0,0,0,0,0,0,0,
..\..\..\files\weather\calibration\daily\San Giorgio della Richinvelda.csv,12/24/2013 12:00:00 AM,7.4699993,4.99,0.20416667,6,92.132484,77.6384,-100.06014,-1.2399998,0,0,0,0,0,0,0,0,0,0,0,0,0,0,0,0,0,0,0,0,0,0,0,0,0,0,0,0,0,0,0,
..\..\..\files\weather\calibration\daily\San Giorgio della Richinvelda.csv,12/25/2013 12:00:00 AM,8.36,4.4700003,6.233333,24,91.30018,69.82993,-100.06014,-1.9449997,0,0,0,0,0,0,0,0,0,0,0,0,0,0,0,0,0,0,0,0,0,0,0,0,0,0,0,0,0,0,0,
..\..\..\files\weather\calibration\daily\San Giorgio della Richinvelda.csv,12/26/2013 12:00:00 AM,11.32,5.1100006,37.129166,24,93.501755,61.321022,-99.91985,-2.9647098,0.14028981,0,0,0,0,0,0,0,0,0,0,0,0,1,0,0,0,0,0,0,0,0,0,0,0,0,0,0,0,1,0,
..\..\..\files\weather\calibration\daily\San Giorgio della Richinvelda.csv,12/27/2013 12:00:00 AM,12.78,4.048625,40.633335,23,92.53436,54.472256,-99.47729,-3.9231226,0.44256482,0,0,0,0,0,0,0,0,0,0,0,0,1,0,0,0,0,0,0,0,0,0,0,0,0,0,0,0,1,0,
..\..\..\files\weather\calibration\daily\San Giorgio della Richinvelda.csv,12/28/2013 12:00:00 AM,10.51,1.1850007,0.0875,1,87.81986,52.18507,-99.46334,-4.648553,0.013946394,0,0,0,0,0,0,0,0,0,0,0,0,0,0,0,0,0,0,0,0,0,0,0,0,0,0,0,0,0,0,
..\..\..\files\weather\calibration\daily\San Giorgio della Richinvelda.csv,12/29/2013 12:00:00 AM,9.84,-0.3000002,2.4833333,24,84.956436,39.105644,-99.46334,-4.774438,0,0,0,0,0,0,0,0,0,0,0,0,0,0,0,0,0,0,0,0,0,0,0,0,0,0,0,0,0,0,0,
..\..\..\files\weather\calibration\daily\San Giorgio della Richinvelda.csv,12/30/2013 12:00:00 AM,8.81,3.5018349,10.829166,23,89.52224,63.007557,-99.46334,-2.6540828,0,0,0,0,0,0,0,0,0,0,0,0,0,0,0,0,0,0,0,0,0,0,0,0,0,0,0,0,0,0,0,
..\..\..\files\weather\calibration\daily\San Giorgio della Richinvelda.csv,12/31/2013 12:00:00 AM,8.35,0.16711588,0,0,86.56416,58.35385,-99.46334,-4.0914426,0,0,0,0,0,0,0,0,0,0,0,0,0,0,0,0,0,0,0,0,0,0,0,0,0,0,0,0,0,0,0,
