site,Date,Tmax,Tmin,Prec,LW,RHmax,RHmin,chillState,ChillRate,antiChillState,forcingRate,forcingState,cycleCompletion,bbchCode,bbchPhase,plantSusceptibility,Rule310,Epi,Ipi,Dmcast,Magarey,UCSC,misfits,laore,onsRule310,onsEpi,onsIpi,onsDmcast,onsMagarey,onsUCSC,onsmisfits,onslaore,pressureRule310,pressureEpi,pressureIpi,pressureDmcast,pressureMagarey,pressureUCSC,pressureMisfits,pressureLaore
..\..\..\files\weather\calibration\daily\Verduno.csv,1/1/2012 12:00:00 AM,2.8335366,2.8335366,0,0,75.19192,75.19192,0,-0,0,0,0,0,0,0,0,0,0,0,0,0,0,0,0,0,0,0,0,0,0,0,0,0,0,0,0,0,0,0,0,
..\..\..\files\weather\calibration\daily\Verduno.csv,1/2/2012 12:00:00 AM,11.48,1.3500004,0.35833335,1,83.59215,41.577686,-4.9568853,-4.9568853,0,0,0,0,0,0,0,0,0,0,0,0,0,0,0,0,0,0,0,0,0,0,0,0,0,0,0,0,0,0,0,
..\..\..\files\weather\calibration\daily\Verduno.csv,1/3/2012 12:00:00 AM,7.81,1.1644537,8.241667,23,86.18575,60.143303,-8.279658,-3.3227732,0,0,0,0,0,0,0,0,0,0,0,0,0,0,0,0,0,0,0,0,0,0,0,0,0,0,0,0,0,0,0,
..\..\..\files\weather\calibration\daily\Verduno.csv,1/4/2012 12:00:00 AM,9.35,-0.23999977,0,0,79.47004,40.617264,-12.837662,-4.5580034,0,0,0,0,0,0,0,0,0,0,0,0,0,0,0,0,0,0,0,0,0,0,0,0,0,0,0,0,0,0,0,
..\..\..\files\weather\calibration\daily\Verduno.csv,1/5/2012 12:00:00 AM,11.86,-0.42000008,0,0,78.98921,33.708553,-18.705708,-5.8680453,0,0,0,0,0,0,0,0,0,0,0,0,0,0,0,0,0,0,0,0,0,0,0,0,0,0,0,0,0,0,0,
..\..\..\files\weather\calibration\daily\Verduno.csv,1/6/2012 12:00:00 AM,11.82,-0.010000229,0,0,83.80857,35.28277,-24.750711,-6.0450034,0,0,0,0,0,0,0,0,0,0,0,0,0,0,0,0,0,0,0,0,0,0,0,0,0,0,0,0,0,0,0,
..\..\..\files\weather\calibration\daily\Verduno.csv,1/7/2012 12:00:00 AM,10.48,1.0463915,0,0,89.846054,56.487625,-29.455303,-4.704592,0,0,0,0,0,0,0,0,0,0,0,0,0,0,0,0,0,0,0,0,0,0,0,0,0,0,0,0,0,0,0,
..\..\..\files\weather\calibration\daily\Verduno.csv,1/8/2012 12:00:00 AM,11.05,-0.6700001,0,0,78.51433,34.71231,-34.71149,-5.256186,0,0,0,0,0,0,0,0,0,0,0,0,0,0,0,0,0,0,0,0,0,0,0,0,0,0,0,0,0,0,0,
..\..\..\files\weather\calibration\daily\Verduno.csv,1/9/2012 12:00:00 AM,14.94,1.7878557,0,0,83.29379,34.67798,-40.35982,-5.64833,0,0,0,0,0,0,0,0,0,0,0,0,0,0,0,0,0,0,0,0,0,0,0,0,0,0,0,0,0,0,0,
..\..\..\files\weather\calibration\daily\Verduno.csv,1/10/2012 12:00:00 AM,11.8,0.069999695,0,0,80.244705,35.627644,-46.086716,-5.726893,0,0,0,0,0,0,0,0,0,0,0,0,0,0,0,0,0,0,0,0,0,0,0,0,0,0,0,0,0,0,0,
..\..\..\files\weather\calibration\daily\Verduno.csv,1/11/2012 12:00:00 AM,12.65,-1.1099997,0,0,76.9756,29.652124,-52.156666,-6.069949,0,0,0,0,0,0,0,0,0,0,0,0,0,0,0,0,0,0,0,0,0,0,0,0,0,0,0,0,0,0,0,
..\..\..\files\weather\calibration\daily\Verduno.csv,1/12/2012 12:00:00 AM,10.78,-1,0,0,77.70599,34.143017,-57.114933,-4.958268,0,0,0,0,0,0,0,0,0,0,0,0,0,0,0,0,0,0,0,0,0,0,0,0,0,0,0,0,0,0,0,
..\..\..\files\weather\calibration\daily\Verduno.csv,1/13/2012 12:00:00 AM,8.72,-0.81999993,0,0,77.80731,39.77532,-61.100174,-3.9852414,0,0,0,0,0,0,0,0,0,0,0,0,0,0,0,0,0,0,0,0,0,0,0,0,0,0,0,0,0,0,0,
..\..\..\files\weather\calibration\daily\Verduno.csv,1/14/2012 12:00:00 AM,10.9,-0.9899998,0,0,77.72386,33.904194,-66.130455,-5.0302777,0,0,0,0,0,0,0,0,0,0,0,0,0,0,0,0,0,0,0,0,0,0,0,0,0,0,0,0,0,0,0,
..\..\..\files\weather\calibration\daily\Verduno.csv,1/15/2012 12:00:00 AM,8.02,-2.2799997,0,0,73.87122,35.566353,-69.25281,-3.1223497,0,0,0,0,0,0,0,0,0,0,0,0,0,0,0,0,0,0,0,0,0,0,0,0,0,0,0,0,0,0,0,
..\..\..\files\weather\calibration\daily\Verduno.csv,1/16/2012 12:00:00 AM,5.4300003,-2.7500002,0,0,70.7463,39.30534,-71.05506,-1.8022556,0,0,0,0,0,0,0,0,0,0,0,0,0,0,0,0,0,0,0,0,0,0,0,0,0,0,0,0,0,0,0,
..\..\..\files\weather\calibration\daily\Verduno.csv,1/17/2012 12:00:00 AM,5.58,-2.85923,0,0,71.039375,39.233814,-72.8998,-1.8447417,0,0,0,0,0,0,0,0,0,0,0,0,0,0,0,0,0,0,0,0,0,0,0,0,0,0,0,0,0,0,0,
..\..\..\files\weather\calibration\daily\Verduno.csv,1/18/2012 12:00:00 AM,5.13,-4.23,0,0,66.94013,33.996098,-74.30562,-1.4058173,0,0,0,0,0,0,0,0,0,0,0,0,0,0,0,0,0,0,0,0,0,0,0,0,0,0,0,0,0,0,0,
..\..\..\files\weather\calibration\daily\Verduno.csv,1/19/2012 12:00:00 AM,6.29,-3.8199997,0,0,68.98423,33.338955,-76.2623,-1.9566815,0,0,0,0,0,0,0,0,0,0,0,0,0,0,0,0,0,0,0,0,0,0,0,0,0,0,0,0,0,0,0,
..\..\..\files\weather\calibration\daily\Verduno.csv,1/20/2012 12:00:00 AM,7.1000004,-3.1700003,0,0,71.15323,34.144474,-78.71654,-2.4542358,0,0,0,0,0,0,0,0,0,0,0,0,0,0,0,0,0,0,0,0,0,0,0,0,0,0,0,0,0,0,0,
..\..\..\files\weather\calibration\daily\Verduno.csv,1/21/2012 12:00:00 AM,13.74,0.59000015,0,0,80.63922,32.740417,-84.75969,-6.043152,0,0,0,0,0,0,0,0,0,0,0,0,0,0,0,0,0,0,0,0,0,0,0,0,0,0,0,0,0,0,0,
..\..\..\files\weather\calibration\daily\Verduno.csv,1/22/2012 12:00:00 AM,12.44,2.1500006,0,0,85.36021,42.202374,-89.6154,-4.855709,0,0,0,0,0,0,0,0,0,0,0,0,0,0,0,0,0,0,0,0,0,0,0,0,0,0,0,0,0,0,0,
..\..\..\files\weather\calibration\daily\Verduno.csv,1/23/2012 12:00:00 AM,16.35,2.5709918,0,0,85.764015,36.494244,-95.04172,-5.426318,0,0,0,0,0,0,0,0,0,0,0,0,0,0,0,0,0,0,0,0,0,0,0,0,0,0,0,0,0,0,0,
..\..\..\files\weather\calibration\daily\Verduno.csv,1/24/2012 12:00:00 AM,12.31,0.8999996,0,0,82.19323,37.470722,-100.512886,-5.471166,0,0,0,0,0,0,0,0,0,0,0,0,0,0,0,0,0,0,0,0,0,0,0,0,0,0,0,0,0,0,0,
..\..\..\files\weather\calibration\daily\Verduno.csv,1/25/2012 12:00:00 AM,12.42,-0.27000046,0,0,79.1785,32.924118,-100.282135,-6.308621,0.23074862,0,0,0,0,0,0,0,0,0,0,0,0,0,0,0,0,0,0,0,0,0,0,0,0,0,0,0,0,0,0,
..\..\..\files\weather\calibration\daily\Verduno.csv,1/26/2012 12:00:00 AM,11.23,-0.5100002,0,0,78.89498,34.87134,-100.217705,-5.4355106,0.064433515,0,0,0,0,0,0,0,0,0,0,0,0,0,0,0,0,0,0,0,0,0,0,0,0,0,0,0,0,0,0,
..\..\..\files\weather\calibration\daily\Verduno.csv,1/27/2012 12:00:00 AM,8.48,-0.06000042,0,0,79.619835,43.725327,-100.217705,-4.2102103,0,0,0,0,0,0,0,0,0,0,0,0,0,0,0,0,0,0,0,0,0,0,0,0,0,0,0,0,0,0,0,
..\..\..\files\weather\calibration\daily\Verduno.csv,1/28/2012 12:00:00 AM,8.32,1.04,0.2875,1,82.341896,49.49971,-100.217705,-3.6399999,0,0,0,0,0,0,0,0,0,0,0,0,0,0,0,0,0,0,0,0,0,0,0,0,0,0,0,0,0,0,0,
..\..\..\files\weather\calibration\daily\Verduno.csv,1/29/2012 12:00:00 AM,5.2,1.71,6.770833,24,81.48011,63.686848,-100.217705,-1.7449999,0,0,0,0,0,0,0,0,0,0,0,0,0,0,0,0,0,0,0,0,0,0,0,0,0,0,0,0,0,0,0,
..\..\..\files\weather\calibration\daily\Verduno.csv,1/30/2012 12:00:00 AM,4.15,-0.28217372,3.7333333,24,80.28703,67.775116,-100.217705,-1.9428954,0,0,0,0,0,0,0,0,0,0,0,0,0,0,0,0,0,0,0,0,0,0,0,0,0,0,0,0,0,0,0,
..\..\..\files\weather\calibration\daily\Verduno.csv,1/31/2012 12:00:00 AM,5.65,-1.6983135,2.2791667,24,74.47601,45.357605,-100.217705,-2.1720972,0,0,0,0,0,0,0,0,0,0,0,0,0,0,0,0,0,0,0,0,0,0,0,0,0,0,0,0,0,0,0,
..\..\..\files\weather\calibration\daily\Verduno.csv,2/1/2012 12:00:00 AM,0.059999943,-2.8842747,3.9291668,23,64.58199,55.53981,-100.217705,-0.00061135483,0,0,0,0,0,0,0,0,0,0,0,0,0,0,0,0,0,0,0,0,0,0,0,0,0,0,0,0,0,0,0,
..\..\..\files\weather\calibration\daily\Verduno.csv,2/2/2012 12:00:00 AM,1.8700001,-3.7,0,0,63.894493,42.501156,-100.217705,-0.31390488,0,0,0,0,0,0,0,0,0,0,0,0,0,0,0,0,0,0,0,0,0,0,0,0,0,0,0,0,0,0,0,
..\..\..\files\weather\calibration\daily\Verduno.csv,2/3/2012 12:00:00 AM,0.36000013,-4.378239,0,0,61.336678,45.44912,-100.217705,-0.013675976,0,0,0,0,0,0,0,0,0,0,0,0,0,0,0,0,0,0,0,0,0,0,0,0,0,0,0,0,0,0,0,
..\..\..\files\weather\calibration\daily\Verduno.csv,2/4/2012 12:00:00 AM,1.81,-5.44,0,0,59.93062,35.109222,-100.217705,-0.2259379,0,0,0,0,0,0,0,0,0,0,0,0,0,0,0,0,0,0,0,0,0,0,0,0,0,0,0,0,0,0,0,
..\..\..\files\weather\calibration\daily\Verduno.csv,2/5/2012 12:00:00 AM,0.5500002,-6.6664195,0,0,56.208984,33.918205,-100.217705,-0.020959161,0,0,0,0,0,0,0,0,0,0,0,0,0,0,0,0,0,0,0,0,0,0,0,0,0,0,0,0,0,0,0,
..\..\..\files\weather\calibration\daily\Verduno.csv,2/6/2012 12:00:00 AM,2.33,-8.21,0,0,54.718136,24.959322,-100.217705,-0.25753793,0,0,0,0,0,0,0,0,0,0,0,0,0,0,0,0,0,0,0,0,0,0,0,0,0,0,0,0,0,0,0,
..\..\..\files\weather\calibration\daily\Verduno.csv,2/7/2012 12:00:00 AM,3.2799997,-9.62,0,0,52.958385,20.220682,-100.217705,-0.4169922,0,0,0,0,0,0,0,0,0,0,0,0,0,0,0,0,0,0,0,0,0,0,0,0,0,0,0,0,0,0,0,
..\..\..\files\weather\calibration\daily\Verduno.csv,2/8/2012 12:00:00 AM,1.7700002,-6.75,0,0,70.12007,30.31328,-100.217705,-0.18385567,0,0,0,0,0,0,0,0,0,0,0,0,0,0,0,0,0,0,0,0,0,0,0,0,0,0,0,0,0,0,0,
..\..\..\files\weather\calibration\daily\Verduno.csv,2/9/2012 12:00:00 AM,6.1,-1.6733572,0,0,75.64361,45.64918,-100.217705,-2.3934317,0,0,0,0,0,0,0,0,0,0,0,0,0,0,0,0,0,0,0,0,0,0,0,0,0,0,0,0,0,0,0,
..\..\..\files\weather\calibration\daily\Verduno.csv,2/10/2012 12:00:00 AM,8.39,-3.4000003,0,0,71.31879,30.80891,-100.217705,-2.985246,0,0,0,0,0,0,0,0,0,0,0,0,0,0,0,0,0,0,0,0,0,0,0,0,0,0,0,0,0,0,0,
..\..\..\files\weather\calibration\daily\Verduno.csv,2/11/2012 12:00:00 AM,0.049999952,-4.0781207,0,0,61.084587,46.779037,-100.217705,-0.00030280068,0,0,0,0,0,0,0,0,0,0,0,0,0,0,0,0,0,0,0,0,0,0,0,0,0,0,0,0,0,0,0,
..\..\..\files\weather\calibration\daily\Verduno.csv,2/12/2012 12:00:00 AM,1.1199999,-6.508845,0,0,59.872936,38.193813,-100.217705,-0.082214266,0,0,0,0,0,0,0,0,0,0,0,0,0,0,0,0,0,0,0,0,0,0,0,0,0,0,0,0,0,0,0,
..\..\..\files\weather\calibration\daily\Verduno.csv,2/13/2012 12:00:00 AM,2.5900002,-8.07,0,0,55.36037,25.060766,-100.217705,-0.31463888,0,0,0,0,0,0,0,0,0,0,0,0,0,0,0,0,0,0,0,0,0,0,0,0,0,0,0,0,0,0,0,
..\..\..\files\weather\calibration\daily\Verduno.csv,2/14/2012 12:00:00 AM,5.3500004,-6.92,0,0,60.993362,24.857428,-100.217705,-1.1663611,0,0,0,0,0,0,0,0,0,0,0,0,0,0,0,0,0,0,0,0,0,0,0,0,0,0,0,0,0,0,0,
..\..\..\files\weather\calibration\daily\Verduno.csv,2/15/2012 12:00:00 AM,7.55,-6.38,0,0,63.86298,23.313686,-100.217705,-2.0460339,0,0,0,0,0,0,0,0,0,0,0,0,0,0,0,0,0,0,0,0,0,0,0,0,0,0,0,0,0,0,0,
..\..\..\files\weather\calibration\daily\Verduno.csv,2/16/2012 12:00:00 AM,10.41,-4.59,0,0,68.919174,23.767046,-100.212105,-3.6178732,0.0056033293,0,0,0,0,0,0,0,0,0,0,0,0,0,0,0,0,0,0,0,0,0,0,0,0,0,0,0,0,0,0,
..\..\..\files\weather\calibration\daily\Verduno.csv,2/17/2012 12:00:00 AM,13.89,-1.0600004,0,0,76.39823,27.242058,-99.70602,-6.9586687,0.5060904,0,0,0,0,0,0,0,0,0,0,0,0,0,0,0,0,0,0,0,0,0,0,0,0,0,0,0,0,0,0,
..\..\..\files\weather\calibration\daily\Verduno.csv,2/18/2012 12:00:00 AM,12.26,-0.020000458,0,0,79.87109,34.178974,-99.498055,-6.3279805,0.20796421,0,0,0,0,0,0,0,0,0,0,0,0,0,0,0,0,0,0,0,0,0,0,0,0,0,0,0,0,0,0,
..\..\..\files\weather\calibration\daily\Verduno.csv,2/19/2012 12:00:00 AM,11.05,1.4480328E-10,0,0,80.20733,37.234177,-99.448166,-5.4751134,0.049886897,0,0,0,0,0,0,0,0,0,0,0,0,0,0,0,0,0,0,0,0,0,0,0,0,0,0,0,0,0,0,
..\..\..\files\weather\calibration\daily\Verduno.csv,2/20/2012 12:00:00 AM,10.73,1.71,0,0,84.6128,45.390274,-99.418625,-4.4804597,0.029539876,0,0,0,0,0,0,0,0,0,0,0,0,0,0,0,0,0,0,0,0,0,0,0,0,0,0,0,0,0,0,
..\..\..\files\weather\calibration\daily\Verduno.csv,2/21/2012 12:00:00 AM,8.53,2.0100002,0,0,84.9361,53.963924,-99.418625,-3.2599998,0,0,0,0,0,0,0,0,0,0,0,0,0,0,0,0,0,0,0,0,0,0,0,0,0,0,0,0,0,0,0,
..\..\..\files\weather\calibration\daily\Verduno.csv,2/22/2012 12:00:00 AM,11.53,2.5888324,0,0,88.89374,50.960266,-99.28772,-4.339678,0.13090567,0,0,0,0,0,0,0,0,0,0,0,0,0,0,0,0,0,0,0,0,0,0,0,0,0,0,0,0,0,0,
..\..\..\files\weather\calibration\daily\Verduno.csv,2/23/2012 12:00:00 AM,14.53,0.53999996,0,0,79.90716,30.7128,-98.554306,-6.2615867,0.73341304,0,0,0,0,0,0,0,0,0,0,0,0,0,0,0,0,0,0,0,0,0,0,0,0,0,0,0,0,0,0,
..\..\..\files\weather\calibration\daily\Verduno.csv,2/24/2012 12:00:00 AM,16.87,1.1599998,0,0,78.9118,27.304611,-97.05218,-6.352871,1.5021294,0,0,0,0,0,0,0,0,0,0,0,0,0,0,0,0,0,0,0,0,0,0,0,0,0,0,0,0,0,0,
..\..\..\files\weather\calibration\daily\Verduno.csv,2/25/2012 12:00:00 AM,18.26,4.0500007,0,0,84.08497,32.730026,-94.65149,-4.7043104,2.4006898,0,0,0,0,0,0,0,0,0,0,0,0,0,0,0,0,0,0,0,0,0,0,0,0,0,0,0,0,0,0,
..\..\..\files\weather\calibration\daily\Verduno.csv,2/26/2012 12:00:00 AM,17.57,5.8099995,0,0,89.72277,41.238323,-92.21506,-3.4435675,2.4364326,0,0,0,0,0,0,0,0,0,0,0,0,0,0,0,0,0,0,0,0,0,0,0,0,0,0,0,0,0,0,
..\..\..\files\weather\calibration\daily\Verduno.csv,2/27/2012 12:00:00 AM,19.45,3.6900005,0,0,81.07141,28.563381,-89.38186,-5.0467987,2.8332014,0,0,0,0,0,0,0,0,0,0,0,0,0,0,0,0,0,0,0,0,0,0,0,0,0,0,0,0,0,0,
..\..\..\files\weather\calibration\daily\Verduno.csv,2/28/2012 12:00:00 AM,16.06,2.1900005,0,0,82.52139,32.36607,-88.05801,-5.61115,1.3238499,0,0,0,0,0,0,0,0,0,0,0,0,0,0,0,0,0,0,0,0,0,0,0,0,0,0,0,0,0,0,
..\..\..\files\weather\calibration\daily\Verduno.csv,2/29/2012 12:00:00 AM,14.87,0.8800001,0,0,80.46356,31.007582,-87.210365,-6.147362,0.84763753,0,0,0,0,0,0,0,0,0,0,0,0,0,0,0,0,0,0,0,0,0,0,0,0,0,0,0,0,0,0,
..\..\..\files\weather\calibration\daily\Verduno.csv,3/1/2012 12:00:00 AM,19.36,3.209999,0,0,80.05029,27.416998,-84.49799,-5.362629,2.7123716,0,0,0,0,0,0,0,0,0,0,0,0,0,0,0,0,0,0,0,0,0,0,0,0,0,0,0,0,0,0,
..\..\..\files\weather\calibration\daily\Verduno.csv,3/2/2012 12:00:00 AM,19.08,5.0599995,0,0,85.194534,33.810223,-81.55768,-4.069687,2.9403136,0,0,0,0,0,0,0,0,0,0,0,0,0,0,0,0,0,0,0,0,0,0,0,0,0,0,0,0,0,0,
..\..\..\files\weather\calibration\daily\Verduno.csv,3/3/2012 12:00:00 AM,21.38,5.42,0,0,81.35156,28.716496,-77.50053,-3.9228444,4.057155,0,0,0,0,0,0,0,0,0,0,0,0,0,0,0,0,0,0,0,0,0,0,0,0,0,0,0,0,0,0,
..\..\..\files\weather\calibration\daily\Verduno.csv,3/4/2012 12:00:00 AM,18.55,5.01,0,0,86.0249,35.166676,-74.801025,-4.0704985,2.699501,0,0,0,0,0,0,0,0,0,0,0,0,0,0,0,0,0,0,0,0,0,0,0,0,0,0,0,0,0,0,
..\..\..\files\weather\calibration\daily\Verduno.csv,3/5/2012 12:00:00 AM,15.75,5.540637,0.5833333,4,93.43509,49.69846,-73.1818,-3.4854574,1.6192244,0,0,0,0,0,0,0,0,0,0,0,0,0,0,0,0,0,0,0,0,0,0,0,0,0,0,0,0,0,0,
..\..\..\files\weather\calibration\daily\Verduno.csv,3/6/2012 12:00:00 AM,12.48,4.150415,13.416666,23,91.111824,52.49013,-72.812614,-3.7956026,0.36918998,0,0,0,0,0,0,0,0,0,0,0,0,0,0,0,0,0,0,0,0,0,0,0,0,0,0,0,0,0,0,
..\..\..\files\weather\calibration\daily\Verduno.csv,3/7/2012 12:00:00 AM,9.34,3.2600002,0,0,88.49151,58.175232,-72.812614,-3.04,0,0,0,0,0,0,0,0,0,0,0,0,0,0,0,0,0,0,0,0,0,0,0,0,0,0,0,0,0,0,0,
..\..\..\files\weather\calibration\daily\Verduno.csv,3/8/2012 12:00:00 AM,14.630001,1.4900002,0,0,82.22731,33.624874,-71.9969,-5.754288,0.8157119,0,0,0,0,0,0,0,0,0,0,0,0,0,0,0,0,0,0,0,0,0,0,0,0,0,0,0,0,0,0,
..\..\..\files\weather\calibration\daily\Verduno.csv,3/9/2012 12:00:00 AM,15,3.7700005,0,0,87.749794,41.201065,-70.88381,-4.5019097,1.11309,0,0,0,0,0,0,0,0,0,0,0,0,0,0,0,0,0,0,0,0,0,0,0,0,0,0,0,0,0,0,
..\..\..\files\weather\calibration\daily\Verduno.csv,3/10/2012 12:00:00 AM,12.58,3.3221018,0,3,92.2079,54.385715,-70.524315,-4.2694507,0.3594984,0,0,0,0,0,0,0,0,0,0,0,0,0,0,0,0,0,0,0,0,0,0,0,0,0,0,0,0,0,0,
..\..\..\files\weather\calibration\daily\Verduno.csv,3/11/2012 12:00:00 AM,16.04,1.1399999,0,0,79.895645,29.102701,-69.3001,-6.2257853,1.2242149,0,0,0,0,0,0,0,0,0,0,0,0,0,0,0,0,0,0,0,0,0,0,0,0,0,0,0,0,0,0,
..\..\..\files\weather\calibration\daily\Verduno.csv,3/12/2012 12:00:00 AM,19.55,4.17,0,0,82.07536,29.724451,-66.33513,-4.725029,2.9649704,0,0,0,0,0,0,0,0,0,0,0,0,0,0,0,0,0,0,0,0,0,0,0,0,0,0,0,0,0,0,
..\..\..\files\weather\calibration\daily\Verduno.csv,3/13/2012 12:00:00 AM,23.52,6.4799995,0,0,78.708755,26.250912,-60.97156,-3.1564326,5.363568,0,0,0,0,0,0,0,0,0,0,0,0,0,0,0,0,0,0,0,0,0,0,0,0,0,0,0,0,0,0,
..\..\..\files\weather\calibration\daily\Verduno.csv,3/14/2012 12:00:00 AM,20.68,5.3099995,0,0,82.619514,30.213833,-57.26101,-3.9744473,3.7105532,0,0,0,0,0,0,0,0,0,0,0,0,0,0,0,0,0,0,0,0,0,0,0,0,0,0,0,0,0,0,
..\..\..\files\weather\calibration\daily\Verduno.csv,3/15/2012 12:00:00 AM,19.8,4.7299995,0,0,82.98668,30.775043,-54.074547,-4.348537,3.1864629,0,0,0,0,0,0,0,0,0,0,0,0,0,0,0,0,0,0,0,0,0,0,0,0,0,0,0,0,0,0,
..\..\..\files\weather\calibration\daily\Verduno.csv,3/16/2012 12:00:00 AM,20.13,5.66,0,0,84.64846,32.812737,-50.528698,-3.68915,3.5458496,0,0,0,0,0,0,0,0,0,0,0,0,0,0,0,0,0,0,0,0,0,0,0,0,0,0,0,0,0,0,
..\..\..\files\weather\calibration\daily\Verduno.csv,3/17/2012 12:00:00 AM,17.77,4.8800006,0,0,87.002716,37.015095,-48.186848,-4.1031494,2.3418505,0,0,0,0,0,0,0,0,0,0,0,0,0,0,0,0,0,0,0,0,0,0,0,0,0,0,0,0,0,0,
..\..\..\files\weather\calibration\daily\Verduno.csv,3/18/2012 12:00:00 AM,16.03,4.42,0,0,89.23937,40.61672,-46.62092,-4.23907,1.5659305,0,0,0,0,0,0,0,0,0,0,0,0,0,0,0,0,0,0,0,0,0,0,0,0,0,0,0,0,0,0,
..\..\..\files\weather\calibration\daily\Verduno.csv,3/19/2012 12:00:00 AM,14.810001,7.0000005,0,5,96.48736,57.402664,-45.139732,-2.4238153,1.4811851,0,0,0,0,0,0,0,0,0,0,0,0,0,0,0,0,0,0,0,0,0,0,0,0,0,0,0,0,0,0,
..\..\..\files\weather\calibration\daily\Verduno.csv,3/20/2012 12:00:00 AM,15.96,5.501288,0,3,93.43981,49.377487,-43.44155,-3.531174,1.6981823,0,0,0,0,0,0,0,0,0,0,0,0,0,0,0,0,0,0,0,0,0,0,0,0,0,0,0,0,0,0,
..\..\..\files\weather\calibration\daily\Verduno.csv,3/21/2012 12:00:00 AM,15.65,3.7600002,0,0,87.0263,39.163586,-42.09914,-4.60259,1.3424095,0,0,0,0,0,0,0,0,0,0,0,0,0,0,0,0,0,0,0,0,0,0,0,0,0,0,0,0,0,0,
..\..\..\files\weather\calibration\daily\Verduno.csv,3/22/2012 12:00:00 AM,19.5,6.8999996,0,0,89.071915,39.10963,-38.51779,-2.718651,3.5813491,0,0,0,0,0,0,0,0,0,0,0,0,0,0,0,0,0,0,0,0,0,0,0,0,0,0,0,0,0,0,
..\..\..\files\weather\calibration\daily\Verduno.csv,3/23/2012 12:00:00 AM,20.72,7.6499996,0,0,88.399475,37.887928,-34.121525,-2.1387339,4.396266,0,0,0,0,0,0,0,0,0,0,0,0,0,0,0,0,0,0,0,0,0,0,0,0,0,0,0,0,0,0,
..\..\..\files\weather\calibration\daily\Verduno.csv,3/24/2012 12:00:00 AM,19.13,8.98,0,5,95.20475,49.282997,-30.015274,-0.96874905,4.106251,0,0,0,0,0,0,0,0,0,0,0,0,0,0,0,0,0,0,0,0,0,0,0,0,0,0,0,0,0,0,
..\..\..\files\weather\calibration\daily\Verduno.csv,3/25/2012 12:00:00 AM,21.46,7.16,0,0,85.47171,33.852345,-25.42326,-2.5579863,4.5920134,0,0,0,0,0,0,0,0,0,0,0,0,0,0,0,0,0,0,0,0,0,0,0,0,0,0,0,0,0,0,
..\..\..\files\weather\calibration\daily\Verduno.csv,3/26/2012 12:00:00 AM,21.04,7.1900005,0,0,86.51615,35.232548,-21.023201,-2.524942,4.4000583,0,0,0,0,0,0,0,0,0,0,0,0,0,0,0,0,0,0,0,0,0,0,0,0,0,0,0,0,0,0,
..\..\..\files\weather\calibration\daily\Verduno.csv,3/27/2012 12:00:00 AM,22.81,8.120001,0,0,84.52219,32.92049,-15.4379015,-1.7596998,5.5852995,0,0,0,0,0,0,0,0,0,0,0,0,0,0,0,0,0,0,0,0,0,0,0,0,0,0,0,0,0,0,
..\..\..\files\weather\calibration\daily\Verduno.csv,3/28/2012 12:00:00 AM,22.56,7.1999993,0,0,82.90207,30.788513,-10.302694,-2.5447922,5.1352077,0,0,0,0,0,0,0,0,0,0,0,0,0,0,0,0,0,0,0,0,0,0,0,0,0,0,0,0,0,0,
..\..\..\files\weather\calibration\daily\Verduno.csv,3/29/2012 12:00:00 AM,23.18,8.09,0,0,83.48292,31.730806,-4.5468163,-1.7891221,5.755878,0,0,0,0,0,0,0,0,0,0,0,0,0,0,0,0,0,0,0,0,0,0,0,0,0,0,0,0,0,0,
..\..\..\files\weather\calibration\daily\Verduno.csv,3/30/2012 12:00:00 AM,24.96,8.919999,0,0,80.55413,29.106176,0,-1.0436416,6.976358,10.056058,10.056058,0.3724466,10.465558,10,2.052577,0,0,0,0,0,0,0,0,0,0,0,0,0,0,0,0,0,0,0,0,0,0,0,0,
..\..\..\files\weather\calibration\daily\Verduno.csv,3/31/2012 12:00:00 AM,26.2,11.05,0,0,81.853424,31.689522,0,0,8.625,11.143703,21.19976,0.7851763,10.98147,10,2.4820738,0,0,0,0,0,0,0,0,0,0,0,0,0,0,0,0,0,0,0,0,0,0,0,0,
..\..\..\files\weather\calibration\daily\Verduno.csv,4/1/2012 12:00:00 AM,23.14,9.264395,0,0,87.55211,37.190704,0,-0.71610785,6.2216954,9.435354,30.635115,1.1346338,11.2091465,11,2.6716144,0,0,0,0,0,0,0,0,0,0,0,0,0,0,0,0,0,0,0,0,0,0,0,0,
..\..\..\files\weather\calibration\daily\Verduno.csv,4/2/2012 12:00:00 AM,20.83,7.2800007,0,0,88.2708,36.201942,0,-2.4469957,4.328004,7.10188,37.736996,1.3976666,11.373542,11,2.8084736,0,0,0,0,0,0,0,0,0,0,0,0,0,0,0,0,0,0,0,0,0,0,0,0,
..\..\..\files\weather\calibration\daily\Verduno.csv,4/3/2012 12:00:00 AM,16.99,8.030001,0,6,96.46688,53.56462,0,-1.7534313,2.7265682,4.8976717,42.634666,1.5790617,11.486914,11,2.9028556,0,0,0,0,0,0,0,0,0,0,0,0,0,0,0,0,0,0,0,0,0,0,0,0,
..\..\..\files\weather\calibration\daily\Verduno.csv,4/4/2012 12:00:00 AM,16.74,9.11,0.5541667,7,100,60.536278,0,-0.8380928,2.9769068,5.536576,48.17124,1.7841201,12.076716,12,3.500566,0,0,0,0,0,0,0,0,0,0,0,0,0,0,0,0,0,0,0,0,0,0,0,0,
..\..\..\files\weather\calibration\daily\Verduno.csv,4/5/2012 12:00:00 AM,14.17,10.300001,12.745833,24,100,82.256905,0,0,2.2350006,4.453981,52.62522,1.9490824,12.145451,12,3.6533852,1,0,0,0,0,0,0,0,0,0,0,0,0,0,0,0,1,0,0,0,0,0,0,0,
..\..\..\files\weather\calibration\daily\Verduno.csv,4/6/2012 12:00:00 AM,17.97,9.05719,0,6,100,59.904778,0,-0.8929441,3.5634606,6.3827095,59.00793,2.185479,12.24395,12,3.872382,1,0,0,0,0,0,0,0,0,0,0,0,0,0,0,0,2,0,0,0,0,0,0,0,
..\..\..\files\weather\calibration\daily\Verduno.csv,4/7/2012 12:00:00 AM,19.59,7.25,0,0,89.78883,40.156494,0,-2.4435778,3.7264223,6.2527227,65.26065,2.417061,13.005332,13,5.5651884,0,0,0,0,0,0,0,0,0,0,0,0,0,0,0,0,2,0,0,0,0,0,0,0,
..\..\..\files\weather\calibration\daily\Verduno.csv,4/8/2012 12:00:00 AM,19.44,8.190533,0,5,95.4403,49.55066,0,-1.6639416,3.9607923,6.790251,72.0509,2.668552,13.083922,13,5.7399206,0,0,0,0,0,0,0,0,0,0,0,0,0,0,0,0,2,0,0,0,0,0,0,0,
..\..\..\files\weather\calibration\daily\Verduno.csv,4/9/2012 12:00:00 AM,18.16,5.1840835,0,1,90.484055,41.969738,0,-3.9222207,2.5657377,3.4915771,75.54248,2.7978697,13.124334,13,5.82977,0,0,0,0,0,0,0,0,0,0,0,0,0,0,0,0,2,0,0,0,0,0,0,0,
..\..\..\files\weather\calibration\daily\Verduno.csv,4/10/2012 12:00:00 AM,14.3,3.62,0.9875,1,91.029755,42.777245,0,-4.4743633,0.86563677,0,75.54248,2.7978697,13.124334,13,5.82977,0,0,0,0,0,0,0,0,0,0,0,0,0,0,0,0,2,0,0,0,0,0,0,0,
..\..\..\files\weather\calibration\daily\Verduno.csv,4/11/2012 12:00:00 AM,12.06,6.29,23.070833,24,96.47461,65.38702,0,-2.5172706,0.36772975,0,75.54248,2.7978697,13.124334,13,5.82977,0,0,0,0,0,0,1,0,0,0,0,0,0,0,0,0,2,0,0,0,0,0,1,0,
..\..\..\files\weather\calibration\daily\Verduno.csv,4/12/2012 12:00:00 AM,14.01,5.2199993,8.458334,24,92.461525,51.225315,0,-3.480319,0.91468143,0,75.54248,2.7978697,13.124334,13,5.82977,0,0,0,0,0,0,0,0,0,0,0,0,0,0,0,0,2,0,0,0,0,0,1,0,
..\..\..\files\weather\calibration\daily\Verduno.csv,4/13/2012 12:00:00 AM,17.94,3.1299996,5.0791664,24,94.349396,30.627182,0,-5.2765865,2.1284134,1.2789847,76.821465,2.8452394,13.139137,13,5.862682,0,0,0,0,0,0,1,0,0,0,0,0,0,0,0,0,2,0,0,0,0,0,2,0,
..\..\..\files\weather\calibration\daily\Verduno.csv,4/14/2012 12:00:00 AM,15.35,8.77,2.5458333,24,100,65.26128,0,-1.1150377,2.1749623,4.16282,80.98428,2.9994178,13.187318,13,5.9698033,0,0,0,0,0,0,0,0,0,0,0,0,0,0,0,0,2,0,0,0,0,0,2,0,
..\..\..\files\weather\calibration\daily\Verduno.csv,4/15/2012 12:00:00 AM,13.71,8.941968,8.120833,24,100,74.97614,0,-0.9406427,1.4433733,2.8605845,83.84487,3.1053658,13.220427,13,6.043415,0,0,0,0,0,0,1,0,0,0,0,0,0,0,0,0,2,0,0,0,0,0,3,0,
..\..\..\files\weather\calibration\daily\Verduno.csv,4/16/2012 12:00:00 AM,14.84,7.9300003,6.0375004,23,98.96412,62.617935,0,-1.7599491,1.6950508,2.9704866,86.81536,3.2153838,14.003846,14,7.785218,0,0,0,0,0,0,1,0,0,0,0,0,0,0,0,0,2,0,0,0,0,0,4,0,
..\..\..\files\weather\calibration\daily\Verduno.csv,4/17/2012 12:00:00 AM,15.719999,7.4899993,0.1375,6,96.77752,56.158684,0,-2.1272485,1.9877517,3.3718076,90.18717,3.3402655,14.035067,14,7.8546314,0,0,0,0,0,0,0,0,0,0,0,0,0,0,0,0,2,0,0,0,0,0,4,0,
..\..\..\files\weather\calibration\daily\Verduno.csv,4/18/2012 12:00:00 AM,19,7.5400004,3.1625001,23,91.70226,43.398823,0,-2.1959684,3.5340316,6.040843,96.22801,3.5640006,14.091001,14,7.978991,0,0,0,0,0,0,0,0,0,0,0,0,0,0,0,0,2,0,0,0,0,0,4,0,
..\..\..\files\weather\calibration\daily\Verduno.csv,4/19/2012 12:00:00 AM,15.389999,6.8399997,0.25833333,6,95.43073,54.09781,0,-2.576047,1.698953,2.4594278,98.68744,3.65509,14.113772,14,8.029621,0,0,0,0,0,0,0,0,0,0,0,0,0,0,0,0,2,0,0,0,0,0,4,0,
..\..\..\files\weather\calibration\daily\Verduno.csv,4/20/2012 12:00:00 AM,14.35,6.4300003,5.9416666,23,95.3996,56.220108,0,-2.7653975,1.1946024,0.9609566,99.64839,3.6906812,14.12267,14,8.049403,0,0,0,0,0,0,0,0,0,0,0,0,0,0,0,0,2,0,0,0,0,0,4,0,
..\..\..\files\weather\calibration\daily\Verduno.csv,4/21/2012 12:00:00 AM,17.03,6.58,0,3,92.568565,46.427578,0,-2.8603637,2.3646367,3.7257452,103.37414,3.828672,14.157168,14,8.126104,0,0,0,0,0,0,0,0,0,0,0,0,0,0,0,0,2,0,0,0,0,0,4,0,
..\..\..\files\weather\calibration\daily\Verduno.csv,4/22/2012 12:00:00 AM,19.24,6.1299996,0,0,87.61181,37.077057,0,-3.2987988,3.256201,5.171494,108.54563,4.0202084,15.005019,15,10.006604,0,0,0,0,0,0,0,0,0,0,0,0,0,0,0,0,2,0,0,0,0,0,4,0,
..\..\..\files\weather\calibration\daily\Verduno.csv,4/23/2012 12:00:00 AM,19.36,8.51,0.57916665,4,93.51372,46.226086,0,-1.387691,4.037309,6.947232,115.49287,4.2775135,25.003347,25,23.1623,0,0,0,0,0,0,0,0,0,0,0,0,0,0,0,0,2,0,0,0,0,0,4,0,
..\..\..\files\weather\calibration\daily\Verduno.csv,4/24/2012 12:00:00 AM,17.37,7.51,13.320833,23,94.49426,49.438713,0,-2.1755931,2.7544072,4.786305,120.279175,4.454784,32.00166,32,32.370605,1,0,0,0,0,1,1,0,0,0,0,0,0,0,0,0,3,0,0,0,0,1,5,0,
..\..\..\files\weather\calibration\daily\Verduno.csv,4/25/2012 12:00:00 AM,18.1,6.7271905,0,5,95.32733,50.230556,0,-2.801893,2.8845117,4.7440186,125.02319,4.6304884,38.005447,38,40.270325,1,0,0,0,0,0,0,0,0,0,0,0,0,0,0,0,4,0,0,0,0,1,5,0,
..\..\..\files\weather\calibration\daily\Verduno.csv,4/26/2012 12:00:00 AM,17.26,4.92,0,0,87.8975,38.72714,0,-4.03436,2.1356404,2.411003,127.4342,4.719785,42.001953,42,45.528885,0,0,0,0,0,0,0,0,0,0,0,0,0,0,0,0,4,0,0,0,0,1,5,0,
..\..\..\files\weather\calibration\daily\Verduno.csv,4/27/2012 12:00:00 AM,20.03,7.8899994,0,1,90.5188,41.152706,0,-1.9266357,4.143365,6.9796715,134.41386,4.9782915,52.000923,52,58.685425,0,0,0,0,0,0,0,0,0,0,0,0,0,0,0,0,4,0,0,0,0,1,5,0,
..\..\..\files\weather\calibration\daily\Verduno.csv,4/28/2012 12:00:00 AM,25.14,10.150001,0,0,82.95663,32.21001,0,0,7.6450005,10.566242,144.9801,5.3696337,53.055447,53,60.277233,0,0,0,0,0,0,0,0,0,0,0,0,0,0,0,0,4,0,0,0,0,1,5,0,
..\..\..\files\weather\calibration\daily\Verduno.csv,4/29/2012 12:00:00 AM,25.96,12.040001,0.19583333,1,94.08434,35.62051,0,0,9,11.324781,156.30489,5.7890697,53.11836,53,60.591793,0,0,0,0,0,0,0,0,0,0,0,0,0,0,0,0,4,0,0,0,0,1,5,0,
..\..\..\files\weather\calibration\daily\Verduno.csv,4/30/2012 12:00:00 AM,20.77,11.112249,5.6416664,24,100,61.10313,0,0,5.941125,9.194078,165.49896,6.129591,53.169437,53,60.847187,0,0,0,1,0,0,0,1,0,0,0,0,0,0,0,0,4,0,0,1,0,1,5,1,
..\..\..\files\weather\calibration\daily\Verduno.csv,5/1/2012 12:00:00 AM,15.38,10.38,26.537498,24,100,75.72136,0,0,2.88,5.46903,170.96799,6.332148,53.19982,53,60.999107,1,0,0,1,1,1,1,0,0,0,0,0,0,0,0,0,5,0,0,2,1,2,6,1,
..\..\..\files\weather\calibration\daily\Verduno.csv,5/2/2012 12:00:00 AM,15.58,10.17,8.625,23,100,73.13751,0,0,2.875,5.461499,176.42949,6.5344253,53.230164,53,61.150818,1,0,0,1,1,0,1,0,0,0,0,0,0,0,0,0,6,0,0,3,2,2,7,1,
..\..\..\files\weather\calibration\daily\Verduno.csv,5/3/2012 12:00:00 AM,18.94,8.79,0,5,95.08114,49.170673,0,-1.1378765,3.9371233,6.855782,183.28528,6.788344,54.014603,54,65.07301,0,0,0,0,0,0,0,0,0,0,0,0,0,0,0,0,6,0,0,3,2,2,7,1,
..\..\..\files\weather\calibration\daily\Verduno.csv,5/4/2012 12:00:00 AM,21.2,8.49,0.14999999,1,89.42781,39.40183,0,-1.4203029,4.9346976,8.054383,191.33966,7.086654,54.0504,54,65.252,0,0,0,0,0,0,0,0,0,0,0,0,0,0,0,0,6,0,0,3,2,2,7,1,
..\..\..\files\weather\calibration\daily\Verduno.csv,5/5/2012 12:00:00 AM,19.97,10.190001,3.845833,24,96.61628,51.49004,0,0,5.08,8.316229,199.65588,7.3946624,54.08736,54,65.4368,0,0,0,1,0,0,0,1,0,0,0,0,0,0,0,0,6,0,0,4,2,2,7,2,
..\..\..\files\weather\calibration\daily\Verduno.csv,5/6/2012 12:00:00 AM,19.79,11.200652,9.212501,24,99.752335,57.612133,0,0,5.495327,8.755485,208.41136,7.7189393,54.126274,54,65.63137,0,0,0,1,0,1,1,1,0,0,0,0,0,0,0,0,6,0,0,5,2,3,8,3,
..\..\..\files\weather\calibration\daily\Verduno.csv,5/7/2012 12:00:00 AM,20.18,9.66,2.4916666,23,94.76834,48.113857,0,-0.33450556,4.9254947,8.139006,216.55037,8.020384,54.162445,54,65.812225,0,0,0,1,0,0,0,1,0,0,0,0,0,0,0,0,6,0,0,6,2,3,8,4,
..\..\..\files\weather\calibration\daily\Verduno.csv,5/8/2012 12:00:00 AM,22.18,8.69,0,0,87.54361,36.824085,0,-1.2463937,5.498606,8.69353,225.2439,8.342366,55.000904,55,70.00452,0,0,0,0,0,0,0,0,0,0,0,0,0,0,0,0,6,0,0,6,2,3,8,4,
..\..\..\files\weather\calibration\daily\Verduno.csv,5/9/2012 12:00:00 AM,19.98,9.39,0,5,94.50468,47.703953,0,-0.59243107,4.702568,7.8705297,233.11443,8.633867,55.030052,55,70.15026,0,0,0,0,0,0,0,0,0,0,0,0,0,0,0,0,6,0,0,6,2,3,8,4,
..\..\..\files\weather\calibration\daily\Verduno.csv,5/10/2012 12:00:00 AM,22.28,10.97,0,3,93.04189,45.32474,0,0,6.625,9.802021,242.91644,8.996905,55.066357,55,70.33179,0,0,0,0,0,0,0,0,0,0,0,0,0,0,0,0,6,0,0,6,2,3,8,4,
..\..\..\files\weather\calibration\daily\Verduno.csv,5/11/2012 12:00:00 AM,26.29,12.05,0,0,83.934814,34.533157,0,0,9.17,11.399673,254.31612,9.419116,55.108578,55,70.54289,0,0,0,0,0,0,0,0,0,0,0,0,0,0,0,0,6,0,0,6,2,3,8,4,
..\..\..\files\weather\calibration\daily\Verduno.csv,5/12/2012 12:00:00 AM,29.39,13.830001,0,0,77.586075,29.927292,0,0,11.610001,11.98873,266.30484,9.863142,55.15298,55,70.76491,0,0,0,0,0,0,0,0,0,0,0,0,0,0,0,0,6,0,0,6,2,3,8,4,
..\..\..\files\weather\calibration\daily\Verduno.csv,5/13/2012 12:00:00 AM,29.83,13.309144,0,0,87.27076,36.347614,0,0,11.569572,11.986271,278.2911,10.307078,56.02632,56,75.13161,0,0,0,0,0,0,0,0,0,0,0,0,0,0,0,0,6,0,0,6,2,3,8,4,
..\..\..\files\weather\calibration\daily\Verduno.csv,5/14/2012 12:00:00 AM,21.93,10.754009,0,5,96.16451,50.660152,0,0,6.342005,9.559878,287.85098,10.661147,56.05667,56,75.283356,0,0,0,0,0,0,0,0,0,0,0,0,0,0,0,0,6,0,0,6,2,3,8,4,
..\..\..\files\weather\calibration\daily\Verduno.csv,5/15/2012 12:00:00 AM,21.21,8.96,0,1,90.59895,41.182045,0,-0.9958525,5.1291466,8.321693,296.17267,10.9693575,56.083088,56,75.415436,0,0,0,0,0,0,0,0,0,0,0,0,0,0,0,0,6,0,0,6,2,3,8,4,
..\..\..\files\weather\calibration\daily\Verduno.csv,5/16/2012 12:00:00 AM,21.75,8.82,0,0,88.939735,38.744823,0,-1.1261563,5.338844,8.536769,304.70944,11.285535,56.110188,56,75.550934,0,0,0,0,0,0,0,0,0,0,0,0,0,0,0,0,6,0,0,6,2,3,8,4,
..\..\..\files\weather\calibration\daily\Verduno.csv,5/17/2012 12:00:00 AM,20.12,8.253818,0,5,95.63119,49.656216,0,-1.6177015,4.3153896,7.2687993,311.97824,11.5547495,56.133263,56,75.66631,0,0,0,0,0,0,0,0,0,0,0,0,0,0,0,0,6,0,0,6,2,3,8,4,
..\..\..\files\weather\calibration\daily\Verduno.csv,5/18/2012 12:00:00 AM,21.04,6.0599995,0,1,90.13338,31.53385,0,-3.4218564,4.0681443,6.432814,318.41104,11.793002,57.009476,57,80.04738,0,0,0,0,0,0,0,0,0,0,0,0,0,0,0,0,6,0,0,6,2,3,8,4,
..\..\..\files\weather\calibration\daily\Verduno.csv,5/19/2012 12:00:00 AM,18.94,10.02,0,7,98.32656,55.23587,0,0,4.4800005,7.6282983,326.03934,12.075531,57.030666,57,80.153336,0,0,0,0,0,0,0,0,0,0,0,0,0,0,0,0,6,0,0,6,2,3,8,4,
..\..\..\files\weather\calibration\daily\Verduno.csv,5/20/2012 12:00:00 AM,18.05,9.950001,0.7916667,7,100,59.018524,0,-0.04984474,4.0001545,7.0313315,333.07068,12.335951,57.050198,57,80.25099,0,0,0,1,0,0,0,0,0,0,0,0,0,0,0,0,6,0,0,7,2,3,8,4,
..\..\..\files\weather\calibration\daily\Verduno.csv,5/21/2012 12:00:00 AM,15.289999,10.555206,18.620834,24,100,82.70012,0,0,2.9226027,5.5329885,338.60367,12.540876,57.065567,57,80.327835,1,1,1,1,0,0,1,0,0,0,0,0,0,0,0,0,7,1,1,8,2,3,9,4,
..\..\..\files\weather\calibration\daily\Verduno.csv,5/22/2012 12:00:00 AM,13.15,10.11,9.4875,23,100,84.56696,0,0,1.6299992,3.4166036,342.02026,12.667418,57.075058,57,80.37529,1,1,1,1,0,0,1,0,0,0,0,0,0,0,0,0,8,2,2,9,2,3,10,4,
..\..\..\files\weather\calibration\daily\Verduno.csv,5/23/2012 12:00:00 AM,20.6,9.74,0,3,94.02739,46.76613,0,-0.2568879,5.1731124,8.413951,350.4342,12.979044,57.098427,57,80.492134,0,0,0,0,0,0,0,0,0,0,0,0,0,0,0,0,8,2,2,9,2,3,10,4,
..\..\..\files\weather\calibration\daily\Verduno.csv,5/24/2012 12:00:00 AM,28.329998,13.159999,0,0,79.75603,31.31565,0,0,10.744999,11.882851,362.31705,13.419149,58.005722,58,85.02861,0,0,0,0,0,0,0,0,0,0,0,0,0,0,0,0,8,2,2,9,2,3,10,4,
..\..\..\files\weather\calibration\daily\Verduno.csv,5/25/2012 12:00:00 AM,28.63,14.940001,0.22500001,1,85.453285,35.85579,0,0,11.785,11.996578,374.31363,13.863468,58.035343,58,85.17671,0,0,0,1,0,0,0,0,0,0,0,0,0,0,0,0,8,2,2,10,2,3,10,4,
..\..\..\files\weather\calibration\daily\Verduno.csv,5/26/2012 12:00:00 AM,26.32,16.019352,5.175,23,93.8726,50.45235,0,0,11.169676,11.94882,386.26245,14.306016,58.064846,58,85.324234,0,1,1,0,0,0,0,1,1,0,0,0,0,0,0,0,8,3,3,10,2,3,10,5,
..\..\..\files\weather\calibration\daily\Verduno.csv,5/27/2012 12:00:00 AM,24.350002,14.590001,0.22916667,6,96.293175,52.474594,0,0,9.470001,11.5209465,397.7834,14.732718,58.093292,58,85.46646,0,0,0,0,0,0,0,0,0,0,0,1,0,0,1,0,8,3,3,10,2,3,10,5,
..\..\..\files\weather\calibration\daily\Verduno.csv,5/28/2012 12:00:00 AM,24.44,14.33,5.2708335,23,95.35816,50.824303,0,0,9.385,11.487994,409.2714,15.1582,59.00949,59,90.047455,0,1,1,0,0,0,1,1,1,0,0,1,0,0,1,0,8,4,4,10,2,3,11,6,
..\..\..\files\weather\calibration\daily\Verduno.csv,5/29/2012 12:00:00 AM,25.29,13.53,0,1,90.700066,43.625286,0,0,9.41,11.497802,420.7692,15.584044,59.03504,59,90.17521,0,0,0,0,0,0,0,0,0,0,0,0,0,0,0,0,8,4,4,10,2,3,11,6,
..\..\..\files\weather\calibration\daily\Verduno.csv,5/30/2012 12:00:00 AM,27.22,14.030001,0,0,85.56515,37.934544,0,0,10.625,11.859299,432.62848,16.023277,59.061398,59,90.30699,0,0,0,0,0,0,0,0,0,0,0,0,0,0,0,0,8,4,4,10,2,3,11,6,
..\..\..\files\weather\calibration\daily\Verduno.csv,5/31/2012 12:00:00 AM,27.04,14.349999,0,0,86.93615,39.767433,0,0,10.695,11.873301,444.50177,16.463028,59.08778,59,90.4389,0,0,0,0,0,0,0,0,1,0,0,1,1,1,1,1,8,4,4,10,2,3,11,6,
..\..\..\files\weather\calibration\daily\Verduno.csv,6/1/2012 12:00:00 AM,26.2,15.69,0,3,93.027695,48.739414,0,0,10.945,11.917291,456.41907,16.90441,60.012966,60,95.064835,0,0,0,0,0,0,0,0,0,0,0,0,0,1,1,1,8,4,4,10,2,3,11,6,
..\..\..\files\weather\calibration\daily\Verduno.csv,6/2/2012 12:00:00 AM,26.7,15.860001,0,3,91.735855,47.176388,0,0,11.280001,11.9615345,468.3806,17.34743,60.037132,60,95.18566,0,0,0,0,0,0,0,0,0,0,0,1,0,0,1,1,8,4,4,10,2,3,11,6,
..\..\..\files\weather\calibration\daily\Verduno.csv,6/3/2012 12:00:00 AM,25.38,15.35,0,6,94.91639,51.079815,0,0,10.365,11.800813,480.18143,17.784496,60.060974,60,95.30487,0,0,0,0,0,0,0,0,0,0,0,0,0,0,0,0,8,4,4,10,2,3,11,6,
..\..\..\files\weather\calibration\daily\Verduno.csv,6/4/2012 12:00:00 AM,25.59,16.77821,0.29166666,7,100,61.94734,0,0,11.184105,11.950586,492.13202,18.227112,60.085114,60,95.42557,0,0,0,1,0,0,0,0,0,0,0,0,0,0,0,0,8,4,4,11,2,3,11,6,
..\..\..\files\weather\calibration\daily\Verduno.csv,6/5/2012 12:00:00 AM,23.82,14.667414,6.708333,23,100,60.17295,0,0,9.243706,11.430756,503.56277,18.650475,61.015858,61,100,0,1,1,1,0,1,1,1,0,0,0,0,0,0,0,0,8,5,5,12,2,4,12,7,
..\..\..\files\weather\calibration\daily\Verduno.csv,6/6/2012 12:00:00 AM,26.95,12.560001,0,0,83.725235,33.96637,0,0,9.755001,11.623339,515.1861,19.080967,61.03738,61,100,0,0,0,0,0,0,0,0,0,0,0,0,0,0,0,0,8,5,5,12,2,4,12,7,
..\..\..\files\weather\calibration\daily\Verduno.csv,6/7/2012 12:00:00 AM,24.34,13.27,0,4,93.5773,46.548668,0,0,8.805,11.233354,526.41943,19.497017,61.058186,61,100,0,0,0,0,0,0,0,0,0,0,0,0,0,0,0,0,8,5,5,12,2,4,12,7,
..\..\..\files\weather\calibration\daily\Verduno.csv,6/8/2012 12:00:00 AM,24.37,16.38,0,6,100,61.52743,0,0,10.375,11.80325,538.22266,19.934174,61.080044,61,100,0,0,0,0,0,0,0,0,0,0,0,0,0,0,0,0,8,5,5,12,2,4,12,7,
..\..\..\files\weather\calibration\daily\Verduno.csv,6/9/2012 12:00:00 AM,25.95,15.579999,0,3,93.598785,49.41963,0,0,10.764999,11.886565,550.1092,20.374414,71.015076,71,89.88693,0,0,0,0,0,0,0,0,1,1,1,1,0,1,1,0,8,5,5,12,2,4,12,7,
..\..\..\files\weather\calibration\daily\Verduno.csv,6/10/2012 12:00:00 AM,26.89,15.551909,0.1375,6,94.171326,51.92091,0,0,11.220955,11.954956,562.06415,20.81719,71.032906,71,89.753204,0,0,0,0,0,0,0,0,0,0,0,0,0,0,0,0,8,5,5,12,2,4,12,7,
..\..\..\files\weather\calibration\daily\Verduno.csv,6/11/2012 12:00:00 AM,24.83,13.960001,3.1625001,23,93.215034,47.3872,0,0,9.395,11.49193,573.5561,21.242819,71.05005,71,89.62463,0,0,0,1,0,0,0,1,0,0,0,0,0,0,0,0,8,5,5,13,2,4,12,8,
..\..\..\files\weather\calibration\daily\Verduno.csv,6/12/2012 12:00:00 AM,24.629997,15.319999,0,5,97.259415,54.628815,0,0,9.974998,11.693876,585.24994,21.675924,71.06749,71,89.49383,0,0,0,0,0,0,0,0,0,0,0,0,0,0,0,0,8,5,5,13,2,4,12,8,
..\..\..\files\weather\calibration\daily\Verduno.csv,6/13/2012 12:00:00 AM,23.95,13.617737,0,5,95.821396,51.21535,0,0,8.783869,11.223091,596.473,22.091593,71.08423,71,89.368286,0,0,0,0,0,0,0,0,0,1,1,1,0,0,0,1,8,5,5,13,2,4,12,8,
..\..\..\files\weather\calibration\daily\Verduno.csv,6/14/2012 12:00:00 AM,24.619999,11.729999,0,0,88.34189,39.29948,0,0,8.174999,10.897378,607.3704,22.495201,71.10048,71,89.24641,0,0,0,0,0,0,0,0,0,0,0,0,0,0,0,0,8,5,5,13,2,4,12,8,
..\..\..\files\weather\calibration\daily\Verduno.csv,6/15/2012 12:00:00 AM,24.21,12.28,0,1,90.925514,42.984314,0,0,8.244999,10.937787,618.3082,22.900305,71.11679,71,89.12407,0,0,0,0,0,0,0,0,0,1,1,1,0,0,1,1,8,5,5,13,2,4,12,8,
..\..\..\files\weather\calibration\daily\Verduno.csv,6/16/2012 12:00:00 AM,26.26,13.08,0,0,86.49074,38.140167,0,0,9.67,11.594105,629.90234,23.329718,71.13408,71,88.99441,0,0,0,0,0,0,0,0,0,0,0,0,0,0,0,0,8,5,5,13,2,4,12,8,
..\..\..\files\weather\calibration\daily\Verduno.csv,6/17/2012 12:00:00 AM,27.75,14.27,0,0,84.31711,36.807602,0,0,11.01,11.927191,641.8295,23.771463,71.15187,71,88.86097,0,0,0,0,0,0,0,0,0,0,0,0,0,0,0,0,8,5,5,13,2,4,12,8,
..\..\..\files\weather\calibration\daily\Verduno.csv,6/18/2012 12:00:00 AM,30.41,15.98,0,0,78.688515,32.8761,0,0,13.195,11.894896,653.7244,24.212017,71.16961,71,88.727936,0,0,0,0,0,0,0,0,0,0,0,0,0,0,0,0,8,5,5,13,2,4,12,8,
..\..\..\files\weather\calibration\daily\Verduno.csv,6/19/2012 12:00:00 AM,30.97,16.51,0,0,77.77207,32.5512,0,0,13.74,11.777639,665.5021,24.648226,71.18718,71,88.59615,0,0,0,0,0,0,0,0,0,0,0,0,0,0,0,0,8,5,5,13,2,4,12,8,
..\..\..\files\weather\calibration\daily\Verduno.csv,6/20/2012 12:00:00 AM,31.26,18.44,0,0,87.459984,37.631355,0,0,14.85,11.405919,676.908,25.070667,72.008,72,82.43997,0,0,0,0,0,0,0,0,0,0,0,0,0,0,0,0,8,5,5,13,2,4,12,8,
..\..\..\files\weather\calibration\daily\Verduno.csv,6/21/2012 12:00:00 AM,28.630001,19.050163,0,5,94.58965,56.212624,0,0,13.840082,11.751421,688.6594,25.505903,72.022675,72,82.32994,0,0,0,0,0,0,0,0,0,0,0,0,0,0,0,0,8,5,5,13,2,4,12,8,
..\..\..\files\weather\calibration\daily\Verduno.csv,6/22/2012 12:00:00 AM,29.95,17.18,0,0,83.09681,38.472347,0,0,13.565001,11.819998,700.47943,25.943682,72.03743,72,82.21928,0,0,0,0,0,0,0,0,0,0,0,0,0,1,1,0,8,5,5,13,2,4,12,8,
..\..\..\files\weather\calibration\daily\Verduno.csv,6/23/2012 12:00:00 AM,32.42,18.650002,0,0,76.85845,33.91161,0,0,15.535,11.088253,711.5677,26.354357,72.05127,72,82.11548,0,0,0,0,0,0,0,0,0,1,1,1,0,0,0,1,8,5,5,13,2,4,12,8,
..\..\..\files\weather\calibration\daily\Verduno.csv,6/24/2012 12:00:00 AM,30.440002,17.110003,0,0,81.09483,36.34355,0,0,13.775002,11.768636,723.3363,26.790234,72.06596,72,82.00527,0,0,0,0,0,0,0,0,0,0,0,0,0,0,0,0,8,5,5,13,2,4,12,8,
..\..\..\files\weather\calibration\daily\Verduno.csv,6/25/2012 12:00:00 AM,29.75,17.28,0,0,84.07545,39.625572,0,0,13.514999,11.831282,735.1676,27.22843,72.080734,72,81.89449,0,0,0,0,0,0,0,0,0,0,0,0,0,0,0,0,8,5,5,13,2,4,12,8,
..\..\..\files\weather\calibration\daily\Verduno.csv,6/26/2012 12:00:00 AM,31.54,18.63,0,0,80.25082,37.170418,0,0,15.084999,11.304499,746.4721,27.647114,72.09485,72,81.788635,0,0,0,0,0,0,0,0,0,0,0,0,0,0,0,0,8,5,5,13,2,4,12,8,
..\..\..\files\weather\calibration\daily\Verduno.csv,6/27/2012 12:00:00 AM,31.31,18.94,0,0,81.83438,39.154053,0,0,15.125,11.286447,757.75854,28.06513,72.10894,72,81.68295,0,0,0,0,0,0,0,0,0,0,0,0,0,0,0,0,8,5,5,13,2,4,12,8,
..\..\..\files\weather\calibration\daily\Verduno.csv,6/28/2012 12:00:00 AM,31.059998,18,0,0,80.71734,36.932648,0,0,14.529999,11.531288,769.28986,28.492218,72.12334,72,81.574974,0,0,0,0,0,0,0,0,0,0,0,0,0,0,0,1,8,5,5,13,2,4,12,8,
..\..\..\files\weather\calibration\daily\Verduno.csv,6/29/2012 12:00:00 AM,30.61,18.8,0,0,84.24896,41.585915,0,0,14.705,11.464549,780.7544,28.91683,72.13765,72,81.46763,0,0,0,0,0,0,0,0,0,0,0,0,0,0,0,0,8,5,5,13,2,4,12,8,
..\..\..\files\weather\calibration\daily\Verduno.csv,6/30/2012 12:00:00 AM,31.69,19.01,0,0,80.500015,37.858116,0,0,15.35,11.180653,791.93506,29.330927,72.1516,72,81.362976,0,0,0,0,0,0,0,0,0,0,0,0,0,0,0,0,8,5,5,13,2,4,12,8,
..\..\..\files\weather\calibration\daily\Verduno.csv,7/1/2012 12:00:00 AM,33.03,19.24,0,0,75.71815,33.491764,0,0,16.134998,10.755064,802.6901,29.729265,73.001816,73,74.98638,0,0,0,0,0,0,0,0,0,0,0,0,0,0,0,0,8,5,5,13,2,4,12,8,
..\..\..\files\weather\calibration\daily\Verduno.csv,7/2/2012 12:00:00 AM,31.64,19.75,0,0,88.54271,40.65878,0,0,15.695,11.004407,813.6945,30.136833,77.00349,77,39.982567,0,0,0,0,0,0,0,0,0,0,0,0,0,0,0,0,8,5,5,13,2,4,12,8,
..\..\..\files\weather\calibration\daily\Verduno.csv,7/3/2012 12:00:00 AM,27.42,18.63,0,5,95.932755,56.349747,0,0,13.025,11.922621,825.6171,30.578411,77.01474,77,39.9263,0,0,0,0,0,0,0,0,0,0,0,0,0,0,0,0,8,5,5,13,2,4,12,8,
..\..\..\files\weather\calibration\daily\Verduno.csv,7/4/2012 12:00:00 AM,27.75,17.2,0,3,91.26705,48.059334,0,0,12.475,11.983345,837.60046,31.02224,77.02605,77,39.869766,0,0,0,0,0,0,0,0,0,0,0,0,0,0,0,0,8,5,5,13,2,4,12,8,
..\..\..\files\weather\calibration\daily\Verduno.csv,7/5/2012 12:00:00 AM,28.5,17.45,0,0,89.12356,45.64035,0,0,12.975,11.929972,849.53046,31.46409,77.0373,77,39.8135,0,0,0,0,0,0,0,0,0,0,0,0,0,0,0,0,8,5,5,13,2,4,12,8,
..\..\..\files\weather\calibration\daily\Verduno.csv,7/6/2012 12:00:00 AM,29.43,16.8,0,0,84.1695,39.197723,0,0,13.115,11.908468,861.4389,31.905144,77.04854,77,39.75731,0,0,0,0,0,0,0,0,0,0,0,0,0,0,0,0,8,5,5,13,2,4,12,8,
..\..\..\files\weather\calibration\daily\Verduno.csv,7/7/2012 12:00:00 AM,28.69,17.62,0,0,88.82181,45.472248,0,0,13.155001,11.901799,873.3407,32.34595,77.05977,77,39.701157,0,0,0,0,0,0,0,0,0,0,0,0,0,0,0,0,8,5,5,13,2,4,12,8,
..\..\..\files\weather\calibration\daily\Verduno.csv,7/8/2012 12:00:00 AM,29.28,16.31,0,0,83.59822,38.065346,0,0,12.795,11.953407,885.2941,32.78867,77.07105,77,39.644737,0,0,0,0,0,0,0,0,0,0,0,0,0,0,0,0,8,5,5,13,2,4,12,8,
..\..\..\files\weather\calibration\daily\Verduno.csv,7/9/2012 12:00:00 AM,30.93,17.400002,0,0,79.88465,35.456963,0,0,14.165001,11.656306,896.95044,33.220387,77.08205,77,39.589767,0,0,0,0,0,0,0,0,0,0,0,0,0,0,0,0,8,5,5,13,2,4,12,8,
..\..\..\files\weather\calibration\daily\Verduno.csv,7/10/2012 12:00:00 AM,31.349998,17.11,0,0,77.6511,33.039272,0,0,14.23,11.63545,908.5859,33.65133,77.093025,77,39.534874,0,0,0,0,0,0,0,0,0,0,0,0,0,0,0,0,8,5,5,13,2,4,12,8,
..\..\..\files\weather\calibration\daily\Verduno.csv,7/11/2012 12:00:00 AM,31.34,17.97,0,0,79.57344,35.76589,0,0,14.654999,11.484067,920.06995,34.076664,77.10387,77,39.480667,0,0,0,0,0,0,0,0,0,0,0,0,0,0,0,0,8,5,5,13,2,4,12,8,
..\..\..\files\weather\calibration\daily\Verduno.csv,7/12/2012 12:00:00 AM,30.96,18.35,0,0,81.88175,38.517017,0,0,14.654999,11.484067,931.554,34.502,77.1147,77,39.4265,0,0,0,0,0,0,0,0,0,0,0,0,0,0,0,0,8,5,5,13,2,4,12,8,
..\..\..\files\weather\calibration\daily\Verduno.csv,7/13/2012 12:00:00 AM,30.86,16.620003,0,0,78.42641,33.26358,0,0,13.740002,11.777638,943.33167,34.93821,77.12582,77,39.37092,0,0,0,0,0,0,0,0,0,0,0,0,0,0,0,0,8,5,5,13,2,4,12,8,
..\..\..\files\weather\calibration\daily\Verduno.csv,7/14/2012 12:00:00 AM,30.95,17.64,0,0,80.34035,36.162247,0,0,14.295,11.613981,954.9456,35.368355,77.13677,77,39.31614,0,0,0,0,0,0,0,0,0,0,0,0,0,0,0,0,8,5,5,13,2,4,12,8,
..\..\..\files\weather\calibration\daily\Verduno.csv,7/15/2012 12:00:00 AM,30,18.130919,0,0,87.093025,45.106915,0,0,14.06546,11.687066,966.6327,35.801212,77.147804,77,39.26098,0,0,0,0,0,0,0,0,0,0,0,0,0,0,0,0,8,5,5,13,2,4,12,8,
..\..\..\files\weather\calibration\daily\Verduno.csv,7/16/2012 12:00:00 AM,29.21,16.23,0,0,83.671104,38.05835,0,0,12.719999,11.961773,978.5945,36.24424,77.15909,77,39.20456,0,0,0,0,0,0,0,0,0,0,0,0,0,0,0,0,8,5,5,13,2,4,12,8,
..\..\..\files\weather\calibration\daily\Verduno.csv,7/17/2012 12:00:00 AM,29.16,15.32,0,0,81.76966,35.191345,0,0,12.24,11.995744,990.5902,36.688526,77.17041,77,39.14795,0,0,0,0,0,0,0,0,0,0,0,0,0,0,0,0,8,5,5,13,2,4,12,8,
..\..\..\files\weather\calibration\daily\Verduno.csv,7/18/2012 12:00:00 AM,31.29,14.709999,0,0,72.69663,26.623234,0,0,13,11.926342,1002.51654,37.13024,77.18166,77,39.091682,0,0,0,0,0,0,0,0,0,0,0,0,0,0,0,0,8,5,5,13,2,4,12,8,
..\..\..\files\weather\calibration\daily\Verduno.csv,7/19/2012 12:00:00 AM,32.01,15.860001,0,0,72.48693,27.437151,0,0,13.934999,11.725214,1014.24176,37.56451,77.192726,77,39.03637,0,0,0,0,0,0,0,0,0,0,0,0,0,0,0,0,8,5,5,13,2,4,12,8,
..\..\..\files\weather\calibration\daily\Verduno.csv,7/20/2012 12:00:00 AM,31.93,17.510002,0,0,76.30606,32.220314,0,0,14.720001,11.458624,1025.7004,37.988903,77.20354,77,38.982315,0,0,0,0,0,0,0,0,0,0,0,0,0,0,0,0,8,5,5,13,2,4,12,8,
..\..\..\files\weather\calibration\daily\Verduno.csv,7/21/2012 12:00:00 AM,30.870003,18.360003,0,0,82.25189,38.914715,0,0,14.615002,11.499421,1037.1998,38.41481,77.21439,77,38.928032,0,0,0,0,0,0,0,0,0,0,0,0,0,0,0,0,8,5,5,13,2,4,12,8,
..\..\..\files\weather\calibration\daily\Verduno.csv,7/22/2012 12:00:00 AM,29.01,17.8258,0.21249999,1,88.59058,45.685284,0,0,13.4179,11.852159,1049.052,38.853775,77.22557,77,38.872147,0,0,0,0,0,0,0,0,0,0,0,0,0,0,0,0,8,5,5,13,2,4,12,8,
..\..\..\files\weather\calibration\daily\Verduno.csv,7/23/2012 12:00:00 AM,27.010002,15.50404,4.8875,23,91.60691,47.42542,0,0,11.257021,11.959038,1061.011,39.296703,78.00096,78,34.995193,0,1,1,0,0,0,0,1,0,0,0,0,0,0,0,0,8,6,6,13,2,4,12,9,
..\..\..\files\weather\calibration\daily\Verduno.csv,7/24/2012 12:00:00 AM,24.27,14,0,5,95.051,50.096546,0,0,9.135,11.384621,1072.3956,39.718357,78.00966,78,34.951706,0,0,0,0,0,0,0,0,0,0,0,0,0,0,0,0,8,6,6,13,2,4,12,9,
..\..\..\files\weather\calibration\daily\Verduno.csv,7/25/2012 12:00:00 AM,28.68,17.67,0,0,88.97669,45.721893,0,0,13.174999,11.898377,1084.2941,40.159042,78.018745,78,34.906273,0,0,0,0,0,0,0,0,0,0,0,0,0,0,0,0,8,6,6,13,2,4,12,9,
..\..\..\files\weather\calibration\daily\Verduno.csv,7/26/2012 12:00:00 AM,32.28,16.900002,0,0,73.670364,29.34299,0,0,14.59,11.508902,1095.803,40.585293,78.027534,78,34.862328,0,0,0,0,0,0,0,0,0,0,0,0,0,0,0,0,8,6,6,13,2,4,12,9,
..\..\..\files\weather\calibration\daily\Verduno.csv,7/27/2012 12:00:00 AM,32.32,17.56,0,0,74.91802,31.041988,0,0,14.939999,11.368013,1107.171,41.006332,78.03622,78,34.818916,0,0,0,0,0,0,0,0,0,0,0,0,0,0,0,0,8,6,6,13,2,4,12,9,
..\..\..\files\weather\calibration\daily\Verduno.csv,7/28/2012 12:00:00 AM,32.53,18.84,0,0,76.83471,34.09408,0,0,15.684999,11.009753,1118.1808,41.414104,78.044624,78,34.77688,0,0,0,0,0,0,0,0,0,0,0,0,0,0,0,0,8,6,6,13,2,4,12,9,
..\..\..\files\weather\calibration\daily\Verduno.csv,7/29/2012 12:00:00 AM,32.41,19.7,0,0,79.16024,37.310143,0,0,16.055,10.8024435,1128.9833,41.814198,78.05287,78,34.73564,0,0,0,0,0,0,0,0,0,0,0,0,0,0,0,0,8,6,6,13,2,4,12,9,
..\..\..\files\weather\calibration\daily\Verduno.csv,7/30/2012 12:00:00 AM,32.02,18.7,0,0,78.53008,35.552307,0,0,15.360001,11.175783,1140.159,42.228115,78.0614,78,34.692993,0,0,0,0,0,0,0,0,0,0,0,0,0,0,0,0,8,6,6,13,2,4,12,9,
..\..\..\files\weather\calibration\daily\Verduno.csv,7/31/2012 12:00:00 AM,31.07,16.95,0,0,78.36137,33.53551,0,0,14.01,11.703584,1151.8627,42.66158,78.07034,78,34.648285,0,0,0,0,0,0,0,0,0,0,0,0,0,0,0,0,8,6,6,13,2,4,12,9,
..\..\..\files\weather\calibration\daily\Verduno.csv,8/1/2012 12:00:00 AM,30.94,17.99,0,0,81.156395,37.36498,0,0,14.465,11.554956,1163.4176,43.089542,78.07916,78,34.604187,0,0,0,0,0,0,0,0,0,0,0,0,0,0,0,0,8,6,6,13,2,4,12,9,
..\..\..\files\weather\calibration\daily\Verduno.csv,8/2/2012 12:00:00 AM,30.780003,17.950003,0,0,81.681335,37.8563,0,0,14.365002,11.590179,1175.0078,43.51881,78.08802,78,34.5599,0,0,0,0,0,0,0,0,0,0,0,0,0,0,0,0,8,6,6,13,2,4,12,9,
..\..\..\files\weather\calibration\daily\Verduno.csv,8/3/2012 12:00:00 AM,33.06,19.2,0,0,75.51521,33.262756,0,0,16.130001,10.758051,1185.7659,43.917255,78.09623,78,34.518852,0,0,0,0,0,0,0,0,0,0,0,0,0,0,0,0,8,6,6,13,2,4,12,9,
..\..\..\files\weather\calibration\daily\Verduno.csv,8/4/2012 12:00:00 AM,32.84,19.77,0,0,77.59894,35.854225,0,0,16.305,10.651371,1196.4172,44.31175,78.10436,78,34.478188,0,0,0,0,0,0,0,0,0,0,0,0,0,0,0,0,8,6,6,13,2,4,12,9,
..\..\..\files\weather\calibration\daily\Verduno.csv,8/5/2012 12:00:00 AM,32.2,18.100002,0,0,76.53446,33.031765,0,0,15.150002,11.275049,1207.6923,44.729343,78.112976,78,34.43512,0,0,0,0,0,0,0,0,0,0,0,0,0,0,0,0,8,6,6,13,2,4,12,9,
..\..\..\files\weather\calibration\daily\Verduno.csv,8/6/2012 12:00:00 AM,30.49,18.81,0.13333334,1,84.73729,42.141396,0,0,14.65,11.485998,1219.1782,45.15475,78.12175,78,34.39125,0,0,0,0,0,0,0,0,0,0,0,0,0,0,0,0,8,6,6,13,2,4,12,9,
..\..\..\files\weather\calibration\daily\Verduno.csv,8/7/2012 12:00:00 AM,28.33,17.97,3.0666668,23,90.98573,48.62437,0,0,13.15,11.902644,1231.0808,45.595585,78.13084,78,34.345818,0,0,0,1,0,0,0,1,0,0,0,0,0,0,0,0,8,6,6,14,2,4,12,10,
..\..\..\files\weather\calibration\daily\Verduno.csv,8/8/2012 12:00:00 AM,31.22,16.31,0,0,76.399254,31.125488,0,0,13.764999,11.771227,1242.852,46.03156,78.139824,78,34.30088,0,0,0,0,0,0,0,0,0,0,0,0,0,1,0,0,8,6,6,14,2,4,12,10,
..\..\..\files\weather\calibration\daily\Verduno.csv,8/9/2012 12:00:00 AM,31.29,16.24,0,0,75.9856,30.696636,0,0,13.764999,11.771227,1254.6233,46.46753,78.14881,78,34.255943,0,0,0,0,0,0,0,0,0,1,1,1,0,0,0,1,8,6,6,14,2,4,12,10,
..\..\..\files\weather\calibration\daily\Verduno.csv,8/10/2012 12:00:00 AM,31.69,17.33,0,0,76.83515,32.516243,0,0,14.51,11.538635,1266.1619,46.894882,78.15762,78,34.211884,0,0,0,0,0,0,0,0,0,0,0,0,0,0,0,0,8,6,6,14,2,4,12,10,
..\..\..\files\weather\calibration\daily\Verduno.csv,8/11/2012 12:00:00 AM,31.09,18.05,0,0,80.712776,36.983566,0,0,14.57,11.516422,1277.6783,47.321423,78.16642,78,34.1679,0,0,0,0,0,0,0,0,0,0,0,0,0,0,0,0,8,6,6,14,2,4,12,10,
..\..\..\files\weather\calibration\daily\Verduno.csv,8/12/2012 12:00:00 AM,31.39,17.34,0,0,79.34241,33.598057,0,0,14.365,11.590181,1289.2686,47.750687,78.17527,78,34.12365,0,0,0,0,0,0,0,0,0,0,0,0,0,0,0,0,8,6,6,14,2,4,12,10,
..\..\..\files\weather\calibration\daily\Verduno.csv,8/13/2012 12:00:00 AM,28.86,17.55,0,0,88.02587,44.42628,0,0,13.205,11.893133,1301.1617,48.191174,78.18436,78,34.078217,0,0,0,0,0,0,0,0,0,0,0,0,0,0,0,0,8,6,6,14,2,4,12,10,
..\..\..\files\weather\calibration\daily\Verduno.csv,8/14/2012 12:00:00 AM,29.1,17.62,0,0,87.29491,43.641945,0,0,13.360001,11.863955,1313.0258,48.630585,79.00226,79,29.988708,0,0,0,0,0,0,0,0,0,0,0,0,0,0,0,0,8,6,6,14,2,4,12,10,
..\..\..\files\weather\calibration\daily\Verduno.csv,8/15/2012 12:00:00 AM,29.740002,17.270002,0,0,84.09011,39.630222,0,0,13.505001,11.833495,1324.8593,49.068863,79.00985,79,29.950752,0,0,0,0,0,0,0,0,0,0,0,0,0,0,0,0,8,6,6,14,2,4,12,10,
..\..\..\files\weather\calibration\daily\Verduno.csv,8/16/2012 12:00:00 AM,30.849998,18.5,0,0,82.642815,39.48933,0,0,14.674999,11.476303,1336.3356,49.493908,79.01721,79,29.91394,0,0,0,0,0,0,0,0,0,0,0,0,0,0,0,0,8,6,6,14,2,4,12,10,
..\..\..\files\weather\calibration\daily\Verduno.csv,8/17/2012 12:00:00 AM,31.15,18.65,0,0,81.81367,38.79272,0,0,14.9,11.385003,1347.7206,49.915577,79.02451,79,29.877434,0,0,0,0,0,0,0,0,0,0,0,0,0,0,0,0,8,6,6,14,2,4,12,10,
..\..\..\files\weather\calibration\daily\Verduno.csv,8/18/2012 12:00:00 AM,31.91,19.57,0,0,80.86254,38.88996,0,0,15.74,10.980168,1358.7008,50.322254,79.031555,79,29.842224,0,0,0,0,0,0,0,0,0,0,0,0,0,0,0,0,8,6,6,14,2,4,12,10,
..\..\..\files\weather\calibration\daily\Verduno.csv,8/19/2012 12:00:00 AM,33.33,20.02,0,0,76.17434,34.775417,0,0,16.675001,10.411556,1369.1123,50.707863,79.03823,79,29.808846,0,0,0,0,0,0,0,0,0,0,0,0,0,0,0,0,8,6,6,14,2,4,12,10,
..\..\..\files\weather\calibration\daily\Verduno.csv,8/20/2012 12:00:00 AM,34.46,20.03,0,0,71.686325,30.744934,0,0,17.244999,10.004323,1379.1166,51.078392,79.04465,79,29.776764,0,0,0,0,0,0,0,0,0,0,0,0,0,0,0,0,8,6,6,14,2,4,12,10,
..\..\..\files\weather\calibration\daily\Verduno.csv,8/21/2012 12:00:00 AM,35.06,20,0,0,69.24514,28.672447,0,0,17.53,9.783575,1388.9001,51.440746,79.05092,79,29.745407,0,0,0,0,0,0,0,0,0,0,0,0,0,0,0,0,8,6,6,14,2,4,12,10,
..\..\..\files\weather\calibration\daily\Verduno.csv,8/22/2012 12:00:00 AM,34.15,21.400002,0,0,75.75568,35.96577,0,0,17.775002,9.584705,1398.4849,51.795734,79.05707,79,29.71466,0,0,0,0,0,0,0,0,0,0,0,0,0,0,0,0,8,6,6,14,2,4,12,10,
..\..\..\files\weather\calibration\daily\Verduno.csv,8/23/2012 12:00:00 AM,34.71,20.74,0,0,72.12964,31.875643,0,0,17.724998,9.625977,1408.1108,52.152252,79.06324,79,29.6838,0,0,0,0,0,0,0,0,0,0,0,0,0,0,0,0,8,6,6,14,2,4,12,10,
..\..\..\files\weather\calibration\daily\Verduno.csv,8/24/2012 12:00:00 AM,32.28,19.89,0,0,80.09074,38.477566,0,0,16.085,10.784783,1418.8956,52.551693,79.07016,79,29.6492,0,0,0,0,0,0,0,0,0,0,0,0,0,0,0,1,8,6,6,14,2,4,12,10,
..\..\..\files\weather\calibration\daily\Verduno.csv,8/25/2012 12:00:00 AM,32.99,20.02,0.26666668,1,77.53413,36.07809,0,0,16.505001,10.524143,1429.4198,52.94147,79.07691,79,29.61544,0,0,0,0,0,0,0,0,0,0,0,0,0,0,0,0,8,6,6,14,2,4,12,10,
..\..\..\files\weather\calibration\daily\Verduno.csv,8/26/2012 12:00:00 AM,32.85,19.458035,6.1333337,23,78.566086,37.352108,0,0,16.154016,10.743669,1440.1635,53.339386,84.00137,84,12.496567,0,1,1,0,0,0,0,1,0,0,0,0,0,0,0,0,8,7,7,14,2,4,12,11,
..\..\..\files\weather\calibration\daily\Verduno.csv,8/27/2012 12:00:00 AM,30.870003,16.345076,0,0,80.3348,36.005722,0,0,13.60754,11.810108,1451.9735,53.776794,84.0081,84,12.479744,0,0,0,0,0,0,0,0,0,0,0,0,0,0,0,0,8,7,7,14,2,4,12,11,
..\..\..\files\weather\calibration\daily\Verduno.csv,8/28/2012 12:00:00 AM,29.43,14.099999,0,0,78.048485,30.56716,0,0,11.764999,11.995911,1463.9695,54.221092,84.01494,84,12.462654,0,0,0,0,0,0,0,0,0,0,0,0,0,0,0,0,8,7,7,14,2,4,12,11,
..\..\..\files\weather\calibration\daily\Verduno.csv,8/29/2012 12:00:00 AM,27.84,14.82,0,0,85.29484,38.37889,0,0,11.33,11.9667,1475.9362,54.664303,84.02176,84,12.445602,0,0,0,0,0,0,0,0,0,0,0,0,0,0,0,0,8,7,7,14,2,4,12,11,
..\..\..\files\weather\calibration\daily\Verduno.csv,8/30/2012 12:00:00 AM,30.32,16.510002,0.2,1,99.524574,34.839294,0,0,13.415001,11.85276,1487.789,55.103294,84.02851,84,12.428722,0,0,0,0,0,0,0,0,0,0,0,0,0,0,0,0,8,7,7,14,2,4,12,11,
..\..\..\files\weather\calibration\daily\Verduno.csv,8/31/2012 12:00:00 AM,24.44,15.528966,4.9208336,24,100,72.03275,0,0,9.984484,11.696751,1499.4857,55.536507,84.03518,84,12.412052,0,1,1,0,0,0,0,1,0,0,0,0,0,0,0,0,8,8,8,14,2,4,12,12,
..\..\..\files\weather\calibration\daily\Verduno.csv,9/1/2012 12:00:00 AM,22.75,14.17435,7.7166667,24,100,59.03028,0,0,8.462175,11.058247,1510.544,55.94607,84.04148,84,12.396297,0,1,1,0,0,0,1,1,0,0,0,0,0,0,0,0,8,9,9,14,2,4,13,13,
..\..\..\files\weather\calibration\daily\Verduno.csv,9/2/2012 12:00:00 AM,19.62,13.24,7.9958334,24,100,70.280876,0,0,6.4300003,9.636591,1520.1805,56.302982,88.00356,88,2.4910927,0,1,1,0,0,0,1,1,0,0,0,0,0,0,0,0,8,10,10,14,2,4,14,14,
..\..\..\files\weather\calibration\daily\Verduno.csv,9/3/2012 12:00:00 AM,23.130001,13.090001,6.641667,24,100,51.136673,0,0,8.110001,10.859165,1531.0397,56.70517,88.00829,88,2.4792671,0,1,1,0,0,0,1,1,0,0,0,0,0,0,0,0,8,11,11,14,2,4,15,15,
..\..\..\files\weather\calibration\daily\Verduno.csv,9/4/2012 12:00:00 AM,21.3,16.11,29.470833,24,100,78.85353,0,0,8.705,11.184172,1542.2239,57.119404,88.01317,88,2.4670792,1,1,1,0,1,0,1,1,0,0,0,0,0,0,0,0,9,12,12,14,3,4,16,16,
..\..\..\files\weather\calibration\daily\Verduno.csv,9/5/2012 12:00:00 AM,23.060001,16.410002,3.3541665,23,100,69.434975,0,0,9.735001,11.616558,1553.8405,57.549644,88.018234,88,2.4544144,1,0,0,1,1,0,1,1,0,0,0,0,0,0,0,0,10,12,12,15,4,4,17,17,
..\..\..\files\weather\calibration\daily\Verduno.csv,9/6/2012 12:00:00 AM,26.009998,16.59,0,5,95.89539,53.812305,0,0,11.299999,11.963646,1565.8041,57.992744,88.023445,88,2.4413872,0,0,0,0,0,0,0,0,0,0,0,0,0,0,0,0,10,12,12,15,4,4,17,17,
..\..\..\files\weather\calibration\daily\Verduno.csv,9/7/2012 12:00:00 AM,29.66,15.37,0,0,80.07434,33.58952,0,0,12.514999,11.980427,1577.7845,58.436466,88.02866,88,2.428341,0,0,0,0,0,0,0,0,0,0,0,0,0,0,0,0,10,12,12,15,4,4,17,17,
..\..\..\files\weather\calibration\daily\Verduno.csv,9/8/2012 12:00:00 AM,29.689999,15.729999,0,0,80.77665,34.61518,0,0,12.709999,11.962825,1589.7473,58.87953,88.033875,88,2.4153137,0,0,0,0,0,0,0,0,0,0,0,0,0,0,0,0,10,12,12,15,4,4,17,17,
..\..\..\files\weather\calibration\daily\Verduno.csv,9/9/2012 12:00:00 AM,28.9,15.17,0,0,82.36029,35.637623,0,0,12.035,11.999909,1601.7472,59.32397,88.03911,88,2.4022293,0,0,0,0,0,0,0,0,0,0,0,0,0,0,0,0,10,12,12,15,4,4,17,17,
..\..\..\files\weather\calibration\daily\Verduno.csv,9/10/2012 12:00:00 AM,28.560001,15.520001,0,0,84.38486,38.086834,0,0,12.040001,11.999883,1613.7471,59.76841,88.044334,88,2.389164,0,0,0,0,0,0,0,0,0,0,0,0,0,0,0,0,10,12,12,15,4,4,17,17,
..\..\..\files\weather\calibration\daily\Verduno.csv,9/11/2012 12:00:00 AM,28.39,16.05,0,0,86.23071,40.66182,0,0,12.219999,11.996424,1625.7435,60.212727,88.04956,88,2.3760986,0,0,0,0,0,0,0,0,0,0,0,0,0,0,0,0,10,12,12,15,4,4,17,17,
..\..\..\files\weather\calibration\daily\Verduno.csv,9/12/2012 12:00:00 AM,28.22,16.01,0,0,87.13834,41.20657,0,0,12.115,11.999023,1637.7426,60.65713,88.05479,88,2.3630333,0,0,0,0,0,0,0,0,0,0,0,0,0,0,0,0,10,12,12,15,4,4,17,17,
..\..\..\files\weather\calibration\daily\Verduno.csv,9/13/2012 12:00:00 AM,25.62,13.348447,0,5,95.41934,52.33848,0,0,9.484224,11.526354,1649.2689,61.08403,88.059814,88,2.3504639,0,0,0,0,0,0,0,0,0,1,1,1,0,0,0,1,10,12,12,15,4,4,17,17,
..\..\..\files\weather\calibration\daily\Verduno.csv,9/14/2012 12:00:00 AM,24.18,11.489999,0,0,89.055,40.034283,0,0,7.834999,10.690085,1659.959,61.47996,88.06447,88,2.338829,0,0,0,0,0,0,0,0,0,0,0,0,0,0,0,0,10,12,12,15,4,4,17,17,
..\..\..\files\weather\calibration\daily\Verduno.csv,9/15/2012 12:00:00 AM,27.440002,10.750001,0,0,77.214134,27.242205,0,0,9.095001,11.367185,1671.3262,61.900967,88.06942,88,2.3264503,0,0,0,0,0,0,0,0,0,0,0,0,0,0,0,0,10,12,12,15,4,4,17,17,
..\..\..\files\weather\calibration\daily\Verduno.csv,9/16/2012 12:00:00 AM,27.350002,11.090001,0,0,78.28197,28.399532,0,0,9.220001,11.420851,1682.7471,62.323963,88.0744,88,2.3139954,0,0,0,0,0,0,0,0,0,0,0,0,0,0,0,0,10,12,12,15,4,4,17,17,
..\..\..\files\weather\calibration\daily\Verduno.csv,9/17/2012 12:00:00 AM,26.26,11.9,0,0,83.674416,34.14776,0,0,9.08,11.360582,1694.1077,62.74473,88.07935,88,2.3016167,0,0,0,0,0,0,0,0,0,0,0,0,0,0,0,0,10,12,12,15,4,4,17,17,
..\..\..\files\weather\calibration\daily\Verduno.csv,9/18/2012 12:00:00 AM,26.28,12.24,0,0,84.41861,35.190113,0,0,9.26,11.437513,1705.5452,63.168343,88.084335,88,2.2891617,0,0,0,0,0,0,0,0,0,0,0,0,0,0,0,0,10,12,12,15,4,4,17,17,
..\..\..\files\weather\calibration\daily\Verduno.csv,9/19/2012 12:00:00 AM,26.13,12.7,0,0,88.51996,37.277355,0,0,9.414999,11.499752,1717.0449,63.594257,88.08935,88,2.2766304,0,0,0,0,0,0,0,0,0,1,1,1,0,0,1,1,10,12,12,15,4,4,17,17,
..\..\..\files\weather\calibration\daily\Verduno.csv,9/20/2012 12:00:00 AM,25.54,12.891214,0,5,96.53381,54.369385,0,0,9.215607,11.419004,1728.4639,64.01718,88.09432,88,2.2641945,0,0,0,0,0,0,0,0,0,1,1,1,0,0,1,1,10,12,12,15,4,4,17,17,
..\..\..\files\weather\calibration\daily\Verduno.csv,9/21/2012 12:00:00 AM,24.38,10.92,0,0,87.06644,37.239223,0,0,7.6499996,10.569576,1739.0334,64.408646,88.09892,88,2.2526932,0,0,0,0,0,0,0,0,1,1,1,1,1,0,1,1,10,12,12,15,4,4,17,17,
..\..\..\files\weather\calibration\daily\Verduno.csv,9/22/2012 12:00:00 AM,24.19,10.58,0,0,86.78577,36.704227,0,0,7.385,10.387417,1749.4209,64.793365,88.103455,88,2.2413635,0,0,0,0,0,0,0,0,1,1,1,1,0,0,1,1,10,12,12,15,4,4,17,17,
..\..\..\files\weather\calibration\daily\Verduno.csv,9/23/2012 12:00:00 AM,24.56,12.47,0,2,91.12308,42.35015,0,0,8.514999,11.086426,1760.5073,65.20398,88.108284,88,2.22929,0,0,0,0,0,0,0,0,1,0,0,0,0,0,0,1,10,12,12,15,4,4,17,17,
..\..\..\files\weather\calibration\daily\Verduno.csv,9/24/2012 12:00:00 AM,23.6,14.76,0.44583333,7,99.01579,57.067944,0,0,9.18,11.403939,1771.9113,65.62634,88.11325,88,2.2168732,0,0,0,0,0,0,0,0,0,0,0,0,0,0,0,0,10,12,12,15,4,4,17,17,
..\..\..\files\weather\calibration\daily\Verduno.csv,9/25/2012 12:00:00 AM,22.8,14.159602,10.254167,23,100,58.82119,0,0,8.479801,11.067697,1782.979,66.03626,88.11807,88,2.2048187,1,1,1,0,0,0,1,1,0,0,0,0,0,0,0,0,11,13,13,15,4,4,18,18,
..\..\..\files\weather\calibration\daily\Verduno.csv,9/26/2012 12:00:00 AM,22.55,12.720001,0.6875,6,96.7955,52.063496,0,0,7.635,10.559565,1793.5386,66.42735,88.12267,88,2.1933174,0,0,0,0,0,0,0,0,0,0,0,0,0,0,0,0,11,13,13,15,4,4,18,18,
..\..\..\files\weather\calibration\daily\Verduno.csv,9/27/2012 12:00:00 AM,23.91,13.655844,15.8125,23,97.008255,53.40867,0,0,8.782921,11.222628,1804.7612,66.84301,88.12756,88,2.1810913,1,1,1,0,0,0,1,1,0,0,0,0,0,0,0,0,12,14,14,15,4,4,19,19,
..\..\..\files\weather\calibration\daily\Verduno.csv,9/28/2012 12:00:00 AM,23.189999,12.0199995,0,3,93.22766,46.068756,0,0,7.6049995,10.539435,1815.3007,67.23336,88.13216,88,2.169609,1,0,0,0,0,0,0,0,0,0,0,0,0,0,0,0,13,14,14,15,4,4,19,19,
..\..\..\files\weather\calibration\daily\Verduno.csv,9/29/2012 12:00:00 AM,24.64,10.860001,0.6125,1,100,36.13598,0,0,7.75,10.635394,1825.936,67.627266,88.136795,88,2.1580124,0,0,0,0,0,0,0,0,0,0,0,0,0,0,0,0,13,14,14,15,4,4,19,19,
..\..\..\files\weather\calibration\daily\Verduno.csv,9/30/2012 12:00:00 AM,20.02,15.549305,14.254167,24,100,85.87312,0,0,7.7846527,10.657829,1836.5939,68.021996,88.14143,88,2.1464157,1,1,1,0,0,0,1,1,0,0,0,0,0,0,0,0,14,15,15,15,4,4,20,20,
..\..\..\files\weather\calibration\daily\Verduno.csv,10/1/2012 12:00:00 AM,23.529999,14.179999,3.8333335,24,97.73921,54.488842,0,0,8.855,11.25736,1847.8512,68.438934,88.14634,88,2.1341515,1,0,0,0,0,0,0,1,0,0,0,0,0,0,0,0,15,15,15,15,4,4,20,21,
..\..\..\files\weather\calibration\daily\Verduno.csv,10/2/2012 12:00:00 AM,22.07,13.510001,0,6,100,58.401966,0,0,7.790001,10.661275,1858.5125,68.83379,88.150986,88,2.1225357,0,0,0,0,0,0,0,0,0,0,0,0,0,0,0,0,15,15,15,15,4,4,20,21,
..\..\..\files\weather\calibration\daily\Verduno.csv,10/3/2012 12:00:00 AM,24.51,12.440001,0,1,90.42375,42.42952,0,0,8.475,11.065126,1869.5776,69.243614,88.15581,88,2.1104813,0,0,0,0,0,0,0,0,0,0,0,0,0,0,0,0,15,15,15,15,4,4,20,21,
..\..\..\files\weather\calibration\daily\Verduno.csv,10/4/2012 12:00:00 AM,23.99,11.76,0,1,90.28015,41.789825,0,0,7.875,10.715425,1880.2931,69.64049,88.16048,88,2.0988083,0,0,0,0,0,0,0,0,0,0,0,0,0,0,0,0,15,15,15,15,4,4,20,21,
..\..\..\files\weather\calibration\daily\Verduno.csv,10/5/2012 12:00:00 AM,23.31,12.2,0,3,93.34318,46.338646,0,0,7.754999,10.638642,1890.9318,70.03451,88.165115,88,2.0872116,0,0,0,0,0,0,0,0,0,0,0,0,0,0,0,0,15,15,15,15,4,4,20,21,
..\..\..\files\weather\calibration\daily\Verduno.csv,10/6/2012 12:00:00 AM,24.17,12.640001,0,3,91.94188,44.611435,0,0,8.405001,11.027252,1901.959,70.442924,88.169914,88,2.0752144,0,0,0,0,0,0,0,0,0,0,0,0,0,0,0,0,15,15,15,15,4,4,20,21,
..\..\..\files\weather\calibration\daily\Verduno.csv,10/7/2012 12:00:00 AM,24.420002,11.590001,0,1,92.60597,39.51884,0,0,8.005001,10.796022,1912.755,70.84278,88.17462,88,2.063446,0,0,0,0,0,0,0,0,0,0,0,0,0,0,0,0,15,15,15,15,4,4,20,21,
..\..\..\files\weather\calibration\daily\Verduno.csv,10/8/2012 12:00:00 AM,23.39,13.913743,0,6,100,59.327114,0,0,8.651871,11.157408,1923.9124,71.25601,88.17948,88,2.0512962,0,0,0,0,0,0,0,0,0,0,0,0,0,0,0,0,15,15,15,15,4,4,20,21,
..\..\..\files\weather\calibration\daily\Verduno.csv,10/9/2012 12:00:00 AM,22.27,12.48,0,5,96.93948,52.207767,0,0,7.375,10.3803215,1934.2927,71.64047,88.184006,88,2.0399857,0,0,0,0,0,0,0,0,0,0,0,0,0,0,0,0,15,15,15,15,4,4,20,21,
..\..\..\files\weather\calibration\daily\Verduno.csv,10/10/2012 12:00:00 AM,24.330002,12.487397,0,5,94.866936,49.82006,0,0,8.408699,11.029272,1945.322,72.048965,88.18881,88,2.0279694,0,0,0,0,0,0,0,0,0,0,0,0,0,0,0,0,15,15,15,15,4,4,20,21,
..\..\..\files\weather\calibration\daily\Verduno.csv,10/11/2012 12:00:00 AM,22.73,10.73,0.104166664,4,91.23561,42.56139,0,0,6.7299995,9.888506,1955.2106,72.41521,88.19312,88,2.0171928,0,0,0,0,0,0,0,0,0,0,0,0,0,0,0,0,15,15,15,15,4,4,20,21,
..\..\..\files\weather\calibration\daily\Verduno.csv,10/12/2012 12:00:00 AM,19.82,10.69,2.3958333,24,98.25957,54.647984,0,0,5.254999,8.50495,1963.7156,72.73021,88.19682,88,2.0079422,0,0,0,0,0,0,0,1,0,0,0,0,0,0,0,0,15,15,15,15,4,4,20,22,
..\..\..\files\weather\calibration\daily\Verduno.csv,10/13/2012 12:00:00 AM,20.94,11.525711,0,6,100,62.119614,0,0,6.2328568,9.46294,1973.1785,73.08068,88.20095,88,1.9976234,0,0,0,0,0,0,0,0,0,0,0,0,0,0,0,0,15,15,15,15,4,4,20,22,
..\..\..\files\weather\calibration\daily\Verduno.csv,10/14/2012 12:00:00 AM,20.01,10.07,0.64166665,6,96.21401,50.73988,0,0,5.04,8.272343,1981.4508,73.38707,88.20455,88,1.9886208,0,0,0,0,0,0,0,0,0,0,0,0,0,0,0,0,15,15,15,15,4,4,20,22,
..\..\..\files\weather\calibration\daily\Verduno.csv,10/15/2012 12:00:00 AM,18.67,9.1,14.758333,24,96.88947,51.783466,0,-0.8576801,3.9273198,6.882004,1988.3328,73.64195,88.20755,88,1.9811249,1,0,1,0,0,0,1,1,0,0,0,0,0,0,0,0,16,15,16,15,4,4,21,23,
..\..\..\files\weather\calibration\daily\Verduno.csv,10/16/2012 12:00:00 AM,16.46,6.808921,0,8,100,68.34847,0,-2.6635227,2.1620169,3.4245806,1991.7573,73.76879,88.209045,88,1.9773865,1,0,0,0,0,0,1,0,0,0,0,0,0,0,0,0,17,15,16,15,4,4,22,23,
..\..\..\files\weather\calibration\daily\Verduno.csv,10/17/2012 12:00:00 AM,19.45,4.6399994,0.058333334,1,92.486595,31.424988,0,-4.3900614,3.0149393,4.137535,1995.8949,73.922035,88.210846,88,1.9728851,0,0,0,0,0,0,0,0,0,0,0,0,0,0,0,0,17,15,16,15,4,4,22,23,
..\..\..\files\weather\calibration\daily\Verduno.csv,10/18/2012 12:00:00 AM,16.17,8.73,1.3416667,23,99.52857,61.053627,0,-1.1616066,2.5583937,4.802278,2000.6971,74.09989,88.21294,88,1.967659,0,0,0,0,0,0,0,0,0,0,0,0,0,0,0,0,17,15,16,15,4,4,22,23,
..\..\..\files\weather\calibration\daily\Verduno.csv,10/19/2012 12:00:00 AM,19.67,10.01,0,5,96.793884,51.92422,0,0,4.84,8.048706,2008.7458,74.397995,88.216446,88,1.9588852,0,0,0,0,0,0,0,0,0,0,0,0,0,0,0,0,17,15,16,15,4,4,22,23,
..\..\..\files\weather\calibration\daily\Verduno.csv,10/20/2012 12:00:00 AM,20.57,9.91,0,5,94.53678,47.646564,0,-0.08962011,5.24038,8.488982,2017.2349,74.7124,88.220146,88,1.9496346,0,0,0,0,0,0,0,0,0,0,0,0,0,0,0,0,17,15,16,15,4,4,22,23,
..\..\..\files\weather\calibration\daily\Verduno.csv,10/21/2012 12:00:00 AM,22.64,10.19,0,1,90.11595,40.773567,0,0,6.414999,9.623604,2026.8585,75.06883,88.22434,88,1.9391441,0,0,0,0,0,0,0,0,0,0,0,0,0,0,0,0,17,15,16,15,4,4,22,23,
..\..\..\files\weather\calibration\daily\Verduno.csv,10/22/2012 12:00:00 AM,24.15,11.1,0,1,97.23078,38.699028,0,0,7.625,10.552872,2037.4114,75.45969,88.228935,88,1.9276619,0,0,0,0,0,0,0,0,0,0,0,0,0,0,0,0,17,15,16,15,4,4,22,23,
..\..\..\files\weather\calibration\daily\Verduno.csv,10/23/2012 12:00:00 AM,21.39,12.97154,0,8,100,66.449615,0,0,7.180771,10.239323,2047.6508,75.83892,88.2334,88,1.9165039,0,0,0,0,0,0,0,0,0,0,0,0,0,0,0,0,17,15,16,15,4,4,22,23,
..\..\..\files\weather\calibration\daily\Verduno.csv,10/24/2012 12:00:00 AM,23.18,10.466318,0,3,91.238396,42.78931,0,0,6.8231583,9.963726,2057.6145,76.20794,88.23774,88,1.9056511,0,0,0,0,0,0,0,0,0,0,0,0,0,0,1,0,17,15,16,15,4,4,22,23,
..\..\..\files\weather\calibration\daily\Verduno.csv,10/25/2012 12:00:00 AM,21.81,8.52,0,0,88.037285,37.443428,0,-1.3975916,5.247408,8.408558,2066.023,76.51937,88.2414,88,1.8964958,0,0,0,0,0,0,0,0,1,1,1,0,0,0,0,1,17,15,16,15,4,4,22,23,
..\..\..\files\weather\calibration\daily\Verduno.csv,10/26/2012 12:00:00 AM,20.56,7.3899994,0.8458333,1,100,37.46056,-2.3513784,-2.3513784,0,0,0,0,0,0,0,0,0,0,0,0,0,0,0,0,0,0,0,0,0,0,0,0,0,0,0,0,0,0,0,
..\..\..\files\weather\calibration\daily\Verduno.csv,10/27/2012 12:00:00 AM,14.07,10.66,19.570833,24,100,85.6731,-2.3513784,0,0,0,0,0,0,0,0,1,0,1,0,0,0,1,0,0,0,0,0,0,0,0,0,1,0,1,0,0,0,1,0,
..\..\..\files\weather\calibration\daily\Verduno.csv,10/28/2012 12:00:00 AM,17.69,4.4942904,2.9083333,24,100,67.74915,-6.708502,-4.3571234,0,0,0,0,0,0,0,1,0,0,0,0,0,1,1,0,0,0,0,0,0,0,0,1,0,0,0,0,0,1,1,
..\..\..\files\weather\calibration\daily\Verduno.csv,10/29/2012 12:00:00 AM,7.55,2.7387733,5.175,23,89.49307,69.83439,-9.114115,-2.4056134,0,0,0,0,0,0,0,0,0,0,0,0,0,0,0,0,0,0,0,0,0,0,0,0,0,0,0,0,0,0,0,
..\..\..\files\weather\calibration\daily\Verduno.csv,10/30/2012 12:00:00 AM,12.29,1.1000004,0,0,82.71301,38.305187,-14.474794,-5.360679,0,0,0,0,0,0,0,0,0,0,0,0,0,0,0,0,0,0,0,0,0,0,0,0,0,0,0,0,0,0,0,
..\..\..\files\weather\calibration\daily\Verduno.csv,10/31/2012 12:00:00 AM,10.6,0.8699999,0.74583334,1,89.06597,42.002533,-19.321295,-4.846501,0,0,0,0,0,0,0,0,0,0,0,0,0,0,0,0,0,0,0,0,0,0,0,0,0,0,0,0,0,0,0,
..\..\..\files\weather\calibration\daily\Verduno.csv,11/1/2012 12:00:00 AM,8.74,4.9,17.329166,24,92.62152,71.14659,-21.241295,-1.9199996,0,0,0,0,0,0,0,0,0,0,0,0,0,0,0,0,0,0,0,0,0,0,0,0,0,0,0,0,0,0,0,
..\..\..\files\weather\calibration\daily\Verduno.csv,11/2/2012 12:00:00 AM,15.02,3.9899998,4.025,23,88.302925,42.053265,-25.613937,-4.372643,0,0,0,0,0,0,0,0,0,0,0,0,0,1,0,0,0,0,0,0,0,0,0,0,0,0,0,0,0,1,0,
..\..\..\files\weather\calibration\daily\Verduno.csv,11/3/2012 12:00:00 AM,17.52,6.84,0.25,4,92.4904,45.78408,-28.306446,-2.6925092,0,0,0,0,0,0,0,0,0,0,0,0,0,0,0,0,0,0,0,0,0,0,0,0,0,0,0,0,0,0,0,
..\..\..\files\weather\calibration\daily\Verduno.csv,11/4/2012 12:00:00 AM,13.5,6.7099996,7.2916665,24,100,61.478382,-30.799385,-2.492938,0,0,0,0,0,0,0,0,0,0,0,0,0,0,0,0,0,0,0,0,0,0,0,0,0,0,0,0,0,0,0,
..\..\..\files\weather\calibration\daily\Verduno.csv,11/5/2012 12:00:00 AM,13.84,10.717086,35.458332,23,100,89.11907,-30.799385,0,0,0,0,0,0,0,0,1,0,1,0,1,0,1,0,0,0,0,0,0,0,0,0,1,0,1,0,1,0,1,0,
..\..\..\files\weather\calibration\daily\Verduno.csv,11/6/2012 12:00:00 AM,18.51,7.1338325,0,5,97.462616,53.877937,-33.304493,-2.5051095,0,0,0,0,0,0,0,1,0,0,0,1,0,0,0,0,0,0,0,0,0,0,0,1,0,0,0,1,0,0,0,
..\..\..\files\weather\calibration\daily\Verduno.csv,11/7/2012 12:00:00 AM,16.19,4.7670727,0,1,91.114784,44.98635,-37.3388,-4.034306,0,0,0,0,0,0,0,0,0,0,0,0,0,0,0,0,0,0,0,0,0,0,0,0,0,0,0,0,0,0,0,
..\..\..\files\weather\calibration\daily\Verduno.csv,11/8/2012 12:00:00 AM,16.29,2.7900004,0,0,83.76652,33.788105,-42.623463,-5.284663,0,0,0,0,0,0,0,0,0,0,0,0,0,0,0,0,0,0,0,0,0,0,0,0,0,0,0,0,0,0,0,
..\..\..\files\weather\calibration\daily\Verduno.csv,11/9/2012 12:00:00 AM,15.8,2.0199995,0.20416667,1,82.39255,32.460644,-48.292854,-5.6693907,0,0,0,0,0,0,0,0,0,0,0,0,0,0,0,0,0,0,0,0,0,0,0,0,0,0,0,0,0,0,0,
..\..\..\files\weather\calibration\daily\Verduno.csv,11/10/2012 12:00:00 AM,16.14,4.9400005,7.2708335,24,100,42.401676,-52.209835,-3.9169817,0,0,0,0,0,0,0,0,0,0,0,0,0,0,0,0,0,0,0,0,0,0,0,0,0,0,0,0,0,0,0,
..\..\..\files\weather\calibration\daily\Verduno.csv,11/11/2012 12:00:00 AM,11.85,9,59.466667,24,100,85.946396,-53.034397,-0.8245614,0,0,0,0,0,0,0,1,0,0,0,1,0,1,0,0,0,0,0,0,0,0,0,1,0,0,0,1,0,1,0,
..\..\..\files\weather\calibration\daily\Verduno.csv,11/12/2012 12:00:00 AM,13.45,6.8179297,5.5583334,23,100,72.39449,-55.453087,-2.4186907,0,0,0,0,0,0,0,1,0,0,0,1,0,1,0,0,0,0,0,0,0,0,0,1,0,0,0,1,0,1,0,
..\..\..\files\weather\calibration\daily\Verduno.csv,11/13/2012 12:00:00 AM,15.49,5.33,0,3,91.31008,46.33516,-59.049812,-3.5967274,0,0,0,0,0,0,0,0,0,0,0,0,0,0,0,0,0,0,0,0,0,0,0,0,0,0,0,0,0,0,0,
..\..\..\files\weather\calibration\daily\Verduno.csv,11/14/2012 12:00:00 AM,16.44,5.7299995,0,4,91.17727,44.769066,-62.468605,-3.4187913,0,0,0,0,0,0,0,0,0,0,0,0,0,0,0,0,0,0,0,0,0,0,0,0,0,0,0,0,0,0,0,
..\..\..\files\weather\calibration\daily\Verduno.csv,11/15/2012 12:00:00 AM,14.94,5.0138764,0,6,97.21312,58.62309,-66.20241,-3.7338006,0,0,0,0,0,0,0,0,0,0,0,0,0,0,0,0,0,0,0,0,0,0,0,0,0,0,0,0,0,0,0,
..\..\..\files\weather\calibration\daily\Verduno.csv,11/16/2012 12:00:00 AM,14.42,3.3999996,0,0,87.330414,41.47124,-70.826004,-4.623594,0,0,0,0,0,0,0,0,0,0,0,0,0,0,0,0,0,0,0,0,0,0,0,0,0,0,0,0,0,0,0,
..\..\..\files\weather\calibration\daily\Verduno.csv,11/17/2012 12:00:00 AM,13.68,1.96,0,0,84.17967,37.86174,-76.10825,-5.282253,0,0,0,0,0,0,0,0,0,0,0,0,0,0,0,0,0,0,0,0,0,0,0,0,0,0,0,0,0,0,0,
..\..\..\files\weather\calibration\daily\Verduno.csv,11/18/2012 12:00:00 AM,12.23,1.4099998,0,0,83.53172,39.712418,-81.28845,-5.1801987,0,0,0,0,0,0,0,0,0,0,0,0,0,0,0,0,0,0,0,0,0,0,0,0,0,0,0,0,0,0,0,
..\..\..\files\weather\calibration\daily\Verduno.csv,11/19/2012 12:00:00 AM,11.48,3.8400002,0,1,90.09167,53.488438,-84.9651,-3.676649,0,0,0,0,0,0,0,0,0,0,0,0,0,0,0,0,0,0,0,0,0,0,0,0,0,0,0,0,0,0,0,
..\..\..\files\weather\calibration\daily\Verduno.csv,11/20/2012 12:00:00 AM,12.92,4.91,0,3,92.37922,53.77217,-88.43787,-3.4727654,0,0,0,0,0,0,0,0,0,0,0,0,0,0,0,0,0,0,0,0,0,0,0,0,0,0,0,0,0,0,0,
..\..\..\files\weather\calibration\daily\Verduno.csv,11/21/2012 12:00:00 AM,17.19,4.6399994,0,0,87.27965,37.877663,-92.65326,-4.215395,0,0,0,0,0,0,0,0,0,0,0,0,0,0,0,0,0,0,0,0,0,0,0,0,0,0,0,0,0,0,0,
..\..\..\files\weather\calibration\daily\Verduno.csv,11/22/2012 12:00:00 AM,14.74,3.8999996,0,0,88.86954,42.567833,-97.036934,-4.3836718,0,0,0,0,0,0,0,0,0,0,0,0,0,0,0,0,0,0,0,0,0,0,0,0,0,0,0,0,0,0,0,
..\..\..\files\weather\calibration\daily\Verduno.csv,11/23/2012 12:00:00 AM,13.48,6.24,0,5,95.58626,58.827282,-99.82058,-2.7836466,0,0,0,0,0,0,0,0,0,0,0,0,0,0,0,0,0,0,0,0,0,0,0,0,0,0,0,0,0,0,0,
..\..\..\files\weather\calibration\daily\Verduno.csv,11/24/2012 12:00:00 AM,14.56,5.9700003,0,5,93.97597,52.926743,-102.90524,-3.0846624,0,0,0,0,0,0,0,0,0,0,0,0,0,0,0,0,0,0,0,0,0,0,0,0,0,0,0,0,0,0,0,
..\..\..\files\weather\calibration\daily\Verduno.csv,11/25/2012 12:00:00 AM,13.8,6.61,0,6,96.34542,59.572475,-101.90107,-2.5908272,1.0041726,0,0,0,0,0,0,0,0,0,0,0,0,0,0,0,0,0,0,0,0,0,0,0,0,0,0,0,0,0,0,
..\..\..\files\weather\calibration\daily\Verduno.csv,11/26/2012 12:00:00 AM,13.43,7.5300007,0.6041667,7,100,66.86017,-100.904045,-1.9529741,0.99702567,0,0,0,0,0,0,0,0,0,0,0,0,0,0,0,0,0,0,0,0,0,0,0,0,0,0,0,0,0,0,
..\..\..\files\weather\calibration\daily\Verduno.csv,11/27/2012 12:00:00 AM,11.69,9.011228,15.1625,24,100,92.8767,-100.37095,-0.80628747,0.5330985,0,0,0,0,0,0,1,0,0,0,0,0,1,0,0,0,0,0,0,0,0,0,1,0,0,0,0,0,1,0,
..\..\..\files\weather\calibration\daily\Verduno.csv,11/28/2012 12:00:00 AM,11,8.259482,30.545834,24,100,88.29598,-100.1885,-1.187812,0.18244728,0,0,0,0,0,0,1,0,0,0,1,0,1,0,0,0,0,0,0,0,0,0,1,0,0,0,1,0,1,0,
..\..\..\files\weather\calibration\daily\Verduno.csv,11/29/2012 12:00:00 AM,11.87,6.985607,32.6125,24,100,75.44763,-99.830536,-2.0842292,0.35796666,0,0,0,0,0,0,0,0,0,0,1,0,1,0,0,0,0,0,0,0,0,0,0,0,0,0,1,0,1,0,
..\..\..\files\weather\calibration\daily\Verduno.csv,11/30/2012 12:00:00 AM,12.73,5.1338315,3.0791667,24,95.39753,60.645763,-99.339966,-3.3075142,0.49056956,0,0,0,0,0,0,0,0,0,0,0,0,1,0,0,0,0,0,0,0,0,0,0,0,0,0,0,0,1,0,
..\..\..\files\weather\calibration\daily\Verduno.csv,12/1/2012 12:00:00 AM,8.42,3.8485358,4.695833,23,91.59577,70.26148,-99.339966,-2.285732,0,0,0,0,0,0,0,0,0,0,0,0,0,0,0,0,0,0,0,0,0,0,0,0,0,0,0,0,0,0,0,
..\..\..\files\weather\calibration\daily\Verduno.csv,12/2/2012 12:00:00 AM,9.61,2.0645716,0,0,87.50895,54.91633,-99.339966,-3.772714,0,0,0,0,0,0,0,0,0,0,0,0,0,0,0,0,0,0,0,0,0,0,0,0,0,0,0,0,0,0,0,
..\..\..\files\weather\calibration\daily\Verduno.csv,12/3/2012 12:00:00 AM,9.26,0.8299999,0,0,82.166824,45.656704,-99.339966,-4.215,0,0,0,0,0,0,0,0,0,0,0,0,0,0,0,0,0,0,0,0,0,0,0,0,0,0,0,0,0,0,0,
..\..\..\files\weather\calibration\daily\Verduno.csv,12/4/2012 12:00:00 AM,10.89,-0.65999985,0,0,80.3286,35.12648,-99.30568,-5.168147,0.034290068,0,0,0,0,0,0,0,0,0,0,0,0,0,0,0,0,0,0,0,0,0,0,0,0,0,0,0,0,0,0,
..\..\..\files\weather\calibration\daily\Verduno.csv,12/5/2012 12:00:00 AM,11.27,1.7337875,0,0,87.604866,49.282104,-99.221115,-4.6835394,0.084567174,0,0,0,0,0,0,0,0,0,0,0,0,0,0,0,0,0,0,0,0,0,0,0,0,0,0,0,0,0,0,
..\..\..\files\weather\calibration\daily\Verduno.csv,12/6/2012 12:00:00 AM,10.44,0.23999977,0,0,80.84207,39.770573,-99.211624,-5.09051,0.009490178,0,0,0,0,0,0,0,0,0,0,0,0,0,0,0,0,0,0,0,0,0,0,0,0,0,0,0,0,0,0,
..\..\..\files\weather\calibration\daily\Verduno.csv,12/7/2012 12:00:00 AM,9.99,-1.1973662,0,0,80.224594,39.998894,-99.211624,-4.4603925,0,0,0,0,0,0,0,0,0,0,0,0,0,0,0,0,0,0,0,0,0,0,0,0,0,0,0,0,0,0,0,
..\..\..\files\weather\calibration\daily\Verduno.csv,12/8/2012 12:00:00 AM,4.18,-2.12,0,0,70.83976,44.99954,-99.211624,-1.3866984,0,0,0,0,0,0,0,0,0,0,0,0,0,0,0,0,0,0,0,0,0,0,0,0,0,0,0,0,0,0,0,
..\..\..\files\weather\calibration\daily\Verduno.csv,12/9/2012 12:00:00 AM,6.94,-2.5700002,0,0,72.49193,36.776115,-99.211624,-2.5322607,0,0,0,0,0,0,0,0,0,0,0,0,0,0,0,0,0,0,0,0,0,0,0,0,0,0,0,0,0,0,0,
..\..\..\files\weather\calibration\daily\Verduno.csv,12/10/2012 12:00:00 AM,7.71,-2.67,0,0,72.749146,34.75389,-99.211624,-2.863396,0,0,0,0,0,0,0,0,0,0,0,0,0,0,0,0,0,0,0,0,0,0,0,0,0,0,0,0,0,0,0,
..\..\..\files\weather\calibration\daily\Verduno.csv,12/11/2012 12:00:00 AM,9.53,-0.5,0,0,78.8567,39.07162,-99.211624,-4.5274625,0,0,0,0,0,0,0,0,0,0,0,0,0,0,0,0,0,0,0,0,0,0,0,0,0,0,0,0,0,0,0,
..\..\..\files\weather\calibration\daily\Verduno.csv,12/12/2012 12:00:00 AM,7.67,-2.2175584,0,0,74.90626,38.32464,-99.211624,-2.9748952,0,0,0,0,0,0,0,0,0,0,0,0,0,0,0,0,0,0,0,0,0,0,0,0,0,0,0,0,0,0,0,
..\..\..\files\weather\calibration\daily\Verduno.csv,12/13/2012 12:00:00 AM,5.49,-3.54,0,0,68.92495,35.95273,-99.211624,-1.6688869,0,0,0,0,0,0,0,0,0,0,0,0,0,0,0,0,0,0,0,0,0,0,0,0,0,0,0,0,0,0,0,
..\..\..\files\weather\calibration\daily\Verduno.csv,12/14/2012 12:00:00 AM,2.56,-1.75,0.5125,1,75.964264,50.840466,-99.211624,-0.7602784,0,0,0,0,0,0,0,0,0,0,0,0,0,0,0,0,0,0,0,0,0,0,0,0,0,0,0,0,0,0,0,
..\..\..\files\weather\calibration\daily\Verduno.csv,12/15/2012 12:00:00 AM,4.15,1.04,11.95,24,78.49213,62.92182,-99.211624,-1.5550001,0,0,0,0,0,0,0,0,0,0,0,0,0,0,0,0,0,0,0,0,0,0,0,0,0,0,0,0,0,0,0,
..\..\..\files\weather\calibration\daily\Verduno.csv,12/16/2012 12:00:00 AM,8.93,1.4700003,3.7375002,23,83.70397,49.798534,-99.211624,-3.73,0,0,0,0,0,0,0,0,0,0,0,0,0,0,0,0,0,0,0,0,0,0,0,0,0,0,0,0,0,0,0,
..\..\..\files\weather\calibration\daily\Verduno.csv,12/17/2012 12:00:00 AM,9.99,1.0500002,0,0,82.87944,44.55011,-99.211624,-4.47,0,0,0,0,0,0,0,0,0,0,0,0,0,0,0,0,0,0,0,0,0,0,0,0,0,0,0,0,0,0,0,
..\..\..\files\weather\calibration\daily\Verduno.csv,12/18/2012 12:00:00 AM,9.01,0.85999966,0,0,82.16611,46.532974,-99.211624,-4.0750003,0,0,0,0,0,0,0,0,0,0,0,0,0,0,0,0,0,0,0,0,0,0,0,0,0,0,0,0,0,0,0,
..\..\..\files\weather\calibration\daily\Verduno.csv,12/19/2012 12:00:00 AM,9.06,0.055962563,0,0,80.52594,43.363686,-99.211624,-4.502019,0,0,0,0,0,0,0,0,0,0,0,0,0,0,0,0,0,0,0,0,0,0,0,0,0,0,0,0,0,0,0,
..\..\..\files\weather\calibration\daily\Verduno.csv,12/20/2012 12:00:00 AM,8.6,-1.4099998,0.11666667,1,76.28732,37.652054,-99.211624,-3.694306,0,0,0,0,0,0,0,0,0,0,0,0,0,0,0,0,0,0,0,0,0,0,0,0,0,0,0,0,0,0,0,
..\..\..\files\weather\calibration\daily\Verduno.csv,12/21/2012 12:00:00 AM,5.61,-0.8000002,2.6833334,23,75.6624,47.932335,-99.211624,-2.454922,0,0,0,0,0,0,0,0,0,0,0,0,0,0,0,0,0,0,0,0,0,0,0,0,0,0,0,0,0,0,0,
..\..\..\files\weather\calibration\daily\Verduno.csv,12/22/2012 12:00:00 AM,6.02,0.3000002,0,0,78.79756,52.56551,-99.211624,-2.86,0,0,0,0,0,0,0,0,0,0,0,0,0,0,0,0,0,0,0,0,0,0,0,0,0,0,0,0,0,0,0,
..\..\..\files\weather\calibration\daily\Verduno.csv,12/23/2012 12:00:00 AM,6.31,-0.3000002,0,0,77.56728,48.556087,-99.211624,-3.011808,0,0,0,0,0,0,0,0,0,0,0,0,0,0,0,0,0,0,0,0,0,0,0,0,0,0,0,0,0,0,0,
..\..\..\files\weather\calibration\daily\Verduno.csv,12/24/2012 12:00:00 AM,8.74,0.6999998,0,0,81.65856,46.55623,-99.211624,-4.02,0,0,0,0,0,0,0,0,0,0,0,0,0,0,0,0,0,0,0,0,0,0,0,0,0,0,0,0,0,0,0,
..\..\..\files\weather\calibration\daily\Verduno.csv,12/25/2012 12:00:00 AM,8.06,1.29,0,0,86.54263,51.610992,-99.211624,-3.3850002,0,0,0,0,0,0,0,0,0,0,0,0,0,0,0,0,0,0,0,0,0,0,0,0,0,0,0,0,0,0,0,
..\..\..\files\weather\calibration\daily\Verduno.csv,12/26/2012 12:00:00 AM,10.13,4.43,0,3,91.73462,62.101765,-99.210144,-2.8485174,0.0014824587,0,0,0,0,0,0,0,0,0,0,0,0,0,0,0,0,0,0,0,0,0,0,0,0,0,0,0,0,0,0,
..\..\..\files\weather\calibration\daily\Verduno.csv,12/27/2012 12:00:00 AM,11.69,3.6736844,0,3,91.65869,56.016357,-99.032,-3.830015,0.17814286,0,0,0,0,0,0,0,0,0,0,0,0,0,0,0,0,0,0,0,0,0,0,0,0,0,0,0,0,0,0,
..\..\..\files\weather\calibration\daily\Verduno.csv,12/28/2012 12:00:00 AM,9.64,2.6500003,0,0,86.96616,53.6598,-99.032,-3.4950001,0,0,0,0,0,0,0,0,0,0,0,0,0,0,0,0,0,0,0,0,0,0,0,0,0,0,0,0,0,0,0,
..\..\..\files\weather\calibration\daily\Verduno.csv,12/29/2012 12:00:00 AM,13.68,1.8217759,0,0,86.715836,41.820126,-98.46098,-5.358099,0.57101303,0,0,0,0,0,0,0,0,0,0,0,0,0,0,0,0,0,0,0,0,0,0,0,0,0,0,0,0,0,0,
..\..\..\files\weather\calibration\daily\Verduno.csv,12/30/2012 12:00:00 AM,10.05,0.40999985,0,0,81.248856,41.534466,-98.46085,-4.8198705,0.00012966903,0,0,0,0,0,0,0,0,0,0,0,0,0,0,0,0,0,0,0,0,0,0,0,0,0,0,0,0,0,0,
..\..\..\files\weather\calibration\daily\Verduno.csv,12/31/2012 12:00:00 AM,9.99,-0.22999954,0,0,79.61653,39.00914,-98.46085,-4.882588,0,0,0,0,0,0,0,0,0,0,0,0,0,0,0,0,0,0,0,0,0,0,0,0,0,0,0,0,0,0,0,
..\..\..\files\weather\calibration\daily\Verduno.csv,1/1/2013 12:00:00 AM,10.23,-0.84000015,0.11666667,1,78.10159,36.018257,-98.458466,-4.729259,0.002389331,0,0,0,0,0,0,0,0,0,0,0,0,0,0,0,0,0,0,0,0,0,0,0,0,0,0,0,0,0,0,
..\..\..\files\weather\calibration\daily\Verduno.csv,1/2/2013 12:00:00 AM,5.61,0.19000006,2.6833334,23,78.39923,53.184353,-98.458466,-2.71,0,0,0,0,0,0,0,0,0,0,0,0,0,0,0,0,0,0,0,0,0,0,0,0,0,0,0,0,0,0,0,
..\..\..\files\weather\calibration\daily\Verduno.csv,1/3/2013 12:00:00 AM,7.9800005,1.6600001,0,0,83.75286,53.871067,-98.458466,-3.16,0,0,0,0,0,0,0,0,0,0,0,0,0,0,0,0,0,0,0,0,0,0,0,0,0,0,0,0,0,0,0,
..\..\..\files\weather\calibration\daily\Verduno.csv,1/4/2013 12:00:00 AM,11.09,1.04,0,0,82.85751,41.359035,-98.39935,-4.9658904,0.059109468,0,0,0,0,0,0,0,0,0,0,0,0,0,0,0,0,0,0,0,0,0,0,0,0,0,0,0,0,0,0,
..\..\..\files\weather\calibration\daily\Verduno.csv,1/5/2013 12:00:00 AM,14.91,1.5900002,0,0,82.22569,33.260216,-97.49439,-5.755041,0.90495867,0,0,0,0,0,0,0,0,0,0,0,0,0,0,0,0,0,0,0,0,0,0,0,0,0,0,0,0,0,0,
..\..\..\files\weather\calibration\daily\Verduno.csv,1/6/2013 12:00:00 AM,15.86,4.5600004,0,0,88.858826,41.733234,-95.97494,-4.1305485,1.5194513,0,0,0,0,0,0,0,0,0,0,0,0,0,0,0,0,0,0,0,0,0,0,0,0,0,0,0,0,0,0,
..\..\..\files\weather\calibration\daily\Verduno.csv,1/7/2013 12:00:00 AM,15.05,4.0600004,0,0,88.455086,42.251785,-94.814674,-4.3347406,1.1602595,0,0,0,0,0,0,0,0,0,0,0,0,0,0,0,0,0,0,0,0,0,0,0,0,0,0,0,0,0,0,
..\..\..\files\weather\calibration\daily\Verduno.csv,1/8/2013 12:00:00 AM,13.35,2.5599995,0,0,85.947685,41.222717,-94.29463,-4.8749585,0.52004176,0,0,0,0,0,0,0,0,0,0,0,0,0,0,0,0,0,0,0,0,0,0,0,0,0,0,0,0,0,0,
..\..\..\files\weather\calibration\daily\Verduno.csv,1/9/2013 12:00:00 AM,9.21,1.8400002,0,0,84.751236,50.807285,-94.29463,-3.685,0,0,0,0,0,0,0,0,0,0,0,0,0,0,0,0,0,0,0,0,0,0,0,0,0,0,0,0,0,0,0,
..\..\..\files\weather\calibration\daily\Verduno.csv,1/10/2013 12:00:00 AM,8.29,1.5199997,0,0,83.55815,52.0998,-94.29463,-3.385,0,0,0,0,0,0,0,0,0,0,0,0,0,0,0,0,0,0,0,0,0,0,0,0,0,0,0,0,0,0,0,
..\..\..\files\weather\calibration\daily\Verduno.csv,1/11/2013 12:00:00 AM,10.9,2.4300003,0,0,86.4732,48.286167,-94.24682,-4.187184,0.04781578,0,0,0,0,0,0,0,0,0,0,0,0,0,0,0,0,0,0,0,0,0,0,0,0,0,0,0,0,0,0,
..\..\..\files\weather\calibration\daily\Verduno.csv,1/12/2013 12:00:00 AM,10.57,1.444779,0,0,85.835464,48.12949,-94.22902,-4.5448084,0.01780229,0,0,0,0,0,0,0,0,0,0,0,0,0,0,0,0,0,0,0,0,0,0,0,0,0,0,0,0,0,0,
..\..\..\files\weather\calibration\daily\Verduno.csv,1/13/2013 12:00:00 AM,8.35,0.26000023,0,0,80.37005,45.574306,-94.22902,-4.045,0,0,0,0,0,0,0,0,0,0,0,0,0,0,0,0,0,0,0,0,0,0,0,0,0,0,0,0,0,0,0,
..\..\..\files\weather\calibration\daily\Verduno.csv,1/14/2013 12:00:00 AM,6.19,1.6100001,0.0625,1,82.26606,59.608032,-94.22902,-2.29,0,0,0,0,0,0,0,0,0,0,0,0,0,0,0,0,0,0,0,0,0,0,0,0,0,0,0,0,0,0,0,
..\..\..\files\weather\calibration\daily\Verduno.csv,1/15/2013 12:00:00 AM,7.55,-0.11201132,1.4375,23,83.79701,55.98172,-94.22902,-3.719813,0,0,0,0,0,0,0,0,0,0,0,0,0,0,0,0,0,0,0,0,0,0,0,0,0,0,0,0,0,0,0,
..\..\..\files\weather\calibration\daily\Verduno.csv,1/16/2013 12:00:00 AM,5.18,-1.2707834,0,0,74.66898,47.95928,-94.22902,-2.0797782,0,0,0,0,0,0,0,0,0,0,0,0,0,0,0,0,0,0,0,0,0,0,0,0,0,0,0,0,0,0,0,
..\..\..\files\weather\calibration\daily\Verduno.csv,1/17/2013 12:00:00 AM,6.01,-2.5200002,0,0,71.854225,39.008556,-94.22902,-2.117239,0,0,0,0,0,0,0,0,0,0,0,0,0,0,0,0,0,0,0,0,0,0,0,0,0,0,0,0,0,0,0,
..\..\..\files\weather\calibration\daily\Verduno.csv,1/18/2013 12:00:00 AM,5.92,-2.1999998,0,0,72.54542,40.580322,-94.22902,-2.1580298,0,0,0,0,0,0,0,0,0,0,0,0,0,0,0,0,0,0,0,0,0,0,0,0,0,0,0,0,0,0,0,
..\..\..\files\weather\calibration\daily\Verduno.csv,1/19/2013 12:00:00 AM,7.76,-3.6599998,0.45833334,1,72.04772,31.12379,-94.22902,-2.6364975,0,0,0,0,0,0,0,0,0,0,0,0,0,0,0,0,0,0,0,0,0,0,0,0,0,0,0,0,0,0,0,
..\..\..\files\weather\calibration\daily\Verduno.csv,1/20/2013 12:00:00 AM,4.06,-0.17999995,11.191667,24,78.41292,55.662083,-94.22902,-1.9438207,0,0,0,0,0,0,0,0,0,0,0,0,0,0,0,0,0,0,0,0,0,0,0,0,0,0,0,0,0,0,0,
..\..\..\files\weather\calibration\daily\Verduno.csv,1/21/2013 12:00:00 AM,3.7957697,1.8900001,14.950001,23,82.20937,70.743355,-94.22902,-0.9528849,0,0,0,0,0,0,0,0,0,0,0,0,0,0,0,0,0,0,0,0,0,0,0,0,0,0,0,0,0,0,0,
..\..\..\files\weather\calibration\daily\Verduno.csv,1/22/2013 12:00:00 AM,8.9,1.5090096,0,0,87.4565,57.81745,-94.22902,-3.695495,0,0,0,0,0,0,0,0,0,0,0,0,0,0,0,0,0,0,0,0,0,0,0,0,0,0,0,0,0,0,0,
..\..\..\files\weather\calibration\daily\Verduno.csv,1/23/2013 12:00:00 AM,9.08,0.21000004,0.16250001,1,80.53234,43.308662,-94.22902,-4.435,0,0,0,0,0,0,0,0,0,0,0,0,0,0,0,0,0,0,0,0,0,0,0,0,0,0,0,0,0,0,0,
..\..\..\files\weather\calibration\daily\Verduno.csv,1/24/2013 12:00:00 AM,5.47,0.49000025,3.7375002,23,78.7146,55.305378,-94.22902,-2.4899998,0,0,0,0,0,0,0,0,0,0,0,0,0,0,0,0,0,0,0,0,0,0,0,0,0,0,0,0,0,0,0,
..\..\..\files\weather\calibration\daily\Verduno.csv,1/25/2013 12:00:00 AM,9.42,0.92349195,0,0,82.95278,46.56244,-94.22902,-4.2482543,0,0,0,0,0,0,0,0,0,0,0,0,0,0,0,0,0,0,0,0,0,0,0,0,0,0,0,0,0,0,0,
..\..\..\files\weather\calibration\daily\Verduno.csv,1/26/2013 12:00:00 AM,9.22,-2.087795,0,0,78.77889,39.85589,-94.22902,-3.7588408,0,0,0,0,0,0,0,0,0,0,0,0,0,0,0,0,0,0,0,0,0,0,0,0,0,0,0,0,0,0,0,
..\..\..\files\weather\calibration\daily\Verduno.csv,1/27/2013 12:00:00 AM,7.6000004,-3.7500002,0.074999996,1,70.07546,31.11772,-94.22902,-2.5444937,0,0,0,0,0,0,0,0,0,0,0,0,0,0,0,0,0,0,0,0,0,0,0,0,0,0,0,0,0,0,0,
..\..\..\files\weather\calibration\daily\Verduno.csv,1/28/2013 12:00:00 AM,6.48,-2.95,1.7958332,24,76.11807,36.253323,-94.22902,-2.2264261,0,0,0,0,0,0,0,0,0,0,0,0,0,0,0,0,0,0,0,0,0,0,0,0,0,0,0,0,0,0,0,
..\..\..\files\weather\calibration\daily\Verduno.csv,1/29/2013 12:00:00 AM,7.78,0.94000006,1.6291666,23,81.79203,50.642376,-94.22902,-3.42,0,0,0,0,0,0,0,0,0,0,0,0,0,0,0,0,0,0,0,0,0,0,0,0,0,0,0,0,0,0,0,
..\..\..\files\weather\calibration\daily\Verduno.csv,1/30/2013 12:00:00 AM,9.84,-0.52999973,0,0,78.83849,38.1745,-94.22902,-4.668544,0,0,0,0,0,0,0,0,0,0,0,0,0,0,0,0,0,0,0,0,0,0,0,0,0,0,0,0,0,0,0,
..\..\..\files\weather\calibration\daily\Verduno.csv,1/31/2013 12:00:00 AM,12.32,-0.60999966,0,0,78.3612,31.996151,-94.02088,-6.077525,0.20813607,0,0,0,0,0,0,0,0,0,0,0,0,0,0,0,0,0,0,0,0,0,0,0,0,0,0,0,0,0,0,
..\..\..\files\weather\calibration\daily\Verduno.csv,2/1/2013 12:00:00 AM,13.790001,2.3200002,0,0,85.03049,38.96,-93.39472,-5.1088405,0.6261598,0,0,0,0,0,0,0,0,0,0,0,0,0,0,0,0,0,0,0,0,0,0,0,0,0,0,0,0,0,0,
..\..\..\files\weather\calibration\daily\Verduno.csv,2/2/2013 12:00:00 AM,10.41,2.1800003,0.20416667,1,87.71389,48.644524,-93.38451,-4.1047873,0.01021263,0,0,0,0,0,0,0,0,0,0,0,0,0,0,0,0,0,0,0,0,0,0,0,0,0,0,0,0,0,0,
..\..\..\files\weather\calibration\daily\Verduno.csv,2/3/2013 12:00:00 AM,10.13,3.150356,4.695833,23,92.64058,64.2242,-93.38329,-3.4886115,0.0012106656,0,0,0,0,0,0,0,0,0,0,0,0,0,0,0,0,0,0,0,0,0,0,0,0,0,0,0,0,0,0,
..\..\..\files\weather\calibration\daily\Verduno.csv,2/4/2013 12:00:00 AM,11.72,1.4640989,0,0,84.38801,42.30233,-93.23907,-4.9837213,0.1442292,0,0,0,0,0,0,0,0,0,0,0,0,0,0,0,0,0,0,0,0,0,0,0,0,0,0,0,0,0,0,
..\..\..\files\weather\calibration\daily\Verduno.csv,2/5/2013 12:00:00 AM,12.62,-0.4499998,0,0,78.64166,31.853994,-92.97646,-6.3553486,0.26260138,0,0,0,0,0,0,0,0,0,0,0,0,0,0,0,0,0,0,0,0,0,0,0,0,0,0,0,0,0,0,
..\..\..\files\weather\calibration\daily\Verduno.csv,2/6/2013 12:00:00 AM,11.34,1.2700005,0,0,83.41254,41.63473,-92.88731,-4.9458437,0.089155935,0,0,0,0,0,0,0,0,0,0,0,0,0,0,0,0,0,0,0,0,0,0,0,0,0,0,0,0,0,0,
..\..\..\files\weather\calibration\daily\Verduno.csv,2/7/2013 12:00:00 AM,11.67,-0.18999958,0,0,79.61905,34.987347,-92.76973,-5.8590984,0.11757589,0,0,0,0,0,0,0,0,0,0,0,0,0,0,0,0,0,0,0,0,0,0,0,0,0,0,0,0,0,0,
..\..\..\files\weather\calibration\daily\Verduno.csv,2/8/2013 12:00:00 AM,10.11,-0.52001387,0,0,81.76553,42.23768,-92.76916,-4.8082814,0.00056913967,0,0,0,0,0,0,0,0,0,0,0,0,0,0,0,0,0,0,0,0,0,0,0,0,0,0,0,0,0,0,
..\..\..\files\weather\calibration\daily\Verduno.csv,2/9/2013 12:00:00 AM,8.98,-2.1499999,0,0,74.59425,33.97764,-92.76916,-3.6226592,0,0,0,0,0,0,0,0,0,0,0,0,0,0,0,0,0,0,0,0,0,0,0,0,0,0,0,0,0,0,0,
..\..\..\files\weather\calibration\daily\Verduno.csv,2/10/2013 12:00:00 AM,8.08,-2.83,0,0,72.557846,33.400543,-92.76916,-2.992044,0,0,0,0,0,0,0,0,0,0,0,0,0,0,0,0,0,0,0,0,0,0,0,0,0,0,0,0,0,0,0,
..\..\..\files\weather\calibration\daily\Verduno.csv,2/11/2013 12:00:00 AM,5.22,-4.06,0.17083333,1,68.47245,34.46885,-92.76916,-1.4681249,0,0,0,0,0,0,0,0,0,0,0,0,0,0,0,0,0,0,0,0,0,0,0,0,0,0,0,0,0,0,0,
..\..\..\files\weather\calibration\daily\Verduno.csv,2/12/2013 12:00:00 AM,1.03,-0.6916119,3.9291668,23,69.652214,62.0242,-92.76916,-0.3081124,0,0,0,0,0,0,0,0,0,0,0,0,0,0,0,0,0,0,0,0,0,0,0,0,0,0,0,0,0,0,0,
..\..\..\files\weather\calibration\daily\Verduno.csv,2/13/2013 12:00:00 AM,7.75,-2.1400003,0,0,74.06767,36.700886,-92.76916,-3.0365267,0,0,0,0,0,0,0,0,0,0,0,0,0,0,0,0,0,0,0,0,0,0,0,0,0,0,0,0,0,0,0,
..\..\..\files\weather\calibration\daily\Verduno.csv,2/14/2013 12:00:00 AM,8.41,-2.8999999,0,0,72.540955,32.483208,-92.76916,-3.1267948,0,0,0,0,0,0,0,0,0,0,0,0,0,0,0,0,0,0,0,0,0,0,0,0,0,0,0,0,0,0,0,
..\..\..\files\weather\calibration\daily\Verduno.csv,2/15/2013 12:00:00 AM,10.44,-3.7699997,0,0,70.88965,25.94989,-92.762344,-3.8419142,0.0068120915,0,0,0,0,0,0,0,0,0,0,0,0,0,0,0,0,0,0,0,0,0,0,0,0,0,0,0,0,0,0,
..\..\..\files\weather\calibration\daily\Verduno.csv,2/16/2013 12:00:00 AM,10.83,-2.9099998,0,0,72.97383,27.754364,-92.737274,-4.2932243,0.025069136,0,0,0,0,0,0,0,0,0,0,0,0,0,0,0,0,0,0,0,0,0,0,0,0,0,0,0,0,0,0,
..\..\..\files\weather\calibration\daily\Verduno.csv,2/17/2013 12:00:00 AM,12.06,-3.21,0,0,72.02199,24.69228,-92.59832,-4.901349,0.13895226,0,0,0,0,0,0,0,0,0,0,0,0,0,0,0,0,0,0,0,0,0,0,0,0,0,0,0,0,0,0,
..\..\..\files\weather\calibration\daily\Verduno.csv,2/18/2013 12:00:00 AM,9.14,-2.1500003,0,0,74.64337,33.634975,-92.59832,-3.6997163,0,0,0,0,0,0,0,0,0,0,0,0,0,0,0,0,0,0,0,0,0,0,0,0,0,0,0,0,0,0,0,
..\..\..\files\weather\calibration\daily\Verduno.csv,2/19/2013 12:00:00 AM,9.61,-1.155768,0,0,80.645256,41.819157,-92.59832,-4.289155,0,0,0,0,0,0,0,0,0,0,0,0,0,0,0,0,0,0,0,0,0,0,0,0,0,0,0,0,0,0,0,
..\..\..\files\weather\calibration\daily\Verduno.csv,2/20/2013 12:00:00 AM,11.05,-3.25,0,0,72.12744,26.35788,-92.55977,-4.307867,0.038548965,0,0,0,0,0,0,0,0,0,0,0,0,0,0,0,0,0,0,0,0,0,0,0,0,0,0,0,0,0,0,
..\..\..\files\weather\calibration\daily\Verduno.csv,2/21/2013 12:00:00 AM,10.35,-0.32999992,0.1,1,79.39335,37.6991,-92.55403,-5.0208335,0.0057350313,0,0,0,0,0,0,0,0,0,0,0,0,0,0,0,0,0,0,0,0,0,0,0,0,0,0,0,0,0,0,
..\..\..\files\weather\calibration\daily\Verduno.csv,2/22/2013 12:00:00 AM,6.79,0.11000013,2.3,23,78.997406,49.29136,-92.55403,-3.34,0,0,0,0,0,0,0,0,0,0,0,0,0,0,0,0,0,0,0,0,0,0,0,0,0,0,0,0,0,0,0,
..\..\..\files\weather\calibration\daily\Verduno.csv,2/23/2013 12:00:00 AM,4.51,-1.1379582,0,0,74.81898,51.775337,-92.55403,-1.8006597,0,0,0,0,0,0,0,0,0,0,0,0,0,0,0,0,0,0,0,0,0,0,0,0,0,0,0,0,0,0,0,
..\..\..\files\weather\calibration\daily\Verduno.csv,2/24/2013 12:00:00 AM,3.42,-1.92,0.11666667,1,74.544754,47.820843,-92.55403,-1.0951686,0,0,0,0,0,0,0,0,0,0,0,0,0,0,0,0,0,0,0,0,0,0,0,0,0,0,0,0,0,0,0,
..\..\..\files\weather\calibration\daily\Verduno.csv,2/25/2013 12:00:00 AM,4.98,0.49000025,2.6833334,23,78.16612,56.82479,-92.55403,-2.245,0,0,0,0,0,0,0,0,0,0,0,0,0,0,0,0,0,0,0,0,0,0,0,0,0,0,0,0,0,0,0,
..\..\..\files\weather\calibration\daily\Verduno.csv,2/26/2013 12:00:00 AM,6.49,-0.32000017,0,0,77.6741,47.95358,-92.55403,-3.0925183,0,0,0,0,0,0,0,0,0,0,0,0,0,0,0,0,0,0,0,0,0,0,0,0,0,0,0,0,0,0,0,
..\..\..\files\weather\calibration\daily\Verduno.csv,2/27/2013 12:00:00 AM,9.63,0.37288556,0,0,83.36023,46.602215,-92.55403,-4.628557,0,0,0,0,0,0,0,0,0,0,0,0,0,0,0,0,0,0,0,0,0,0,0,0,0,0,0,0,0,0,0,
..\..\..\files\weather\calibration\daily\Verduno.csv,2/28/2013 12:00:00 AM,11.58,-1.5500002,0,0,82.67244,30.505709,-92.45897,-5.201554,0.09506472,0,0,0,0,0,0,0,0,0,0,0,0,0,0,0,0,0,0,0,0,0,0,0,0,0,0,0,0,0,0,
..\..\..\files\weather\calibration\daily\Verduno.csv,3/1/2013 12:00:00 AM,10.67,3.42,0,0,89.08009,54.18165,-92.42801,-3.5940413,0.030958628,0,0,0,0,0,0,0,0,0,0,0,0,0,0,0,0,0,0,0,0,0,0,0,0,0,0,0,0,0,0,
..\..\..\files\weather\calibration\daily\Verduno.csv,3/2/2013 12:00:00 AM,12.21,3.4800005,0,0,88.92578,49.052933,-92.14828,-4.085269,0.27973083,0,0,0,0,0,0,0,0,0,0,0,0,0,0,0,0,0,0,0,0,0,0,0,0,0,0,0,0,0,0,
..\..\..\files\weather\calibration\daily\Verduno.csv,3/3/2013 12:00:00 AM,14.39,1.9818947,0,0,86.68043,40.491325,-91.37168,-5.4274597,0.77659327,0,0,0,0,0,0,0,0,0,0,0,0,0,0,0,0,0,0,0,0,0,0,0,0,0,0,0,0,0,0,
..\..\..\files\weather\calibration\daily\Verduno.csv,3/4/2013 12:00:00 AM,14.99,-0.25,0,0,77.52029,27.313435,-90.55475,-8.188983,0.8169323,0,0,0,0,0,0,0,0,0,0,0,0,0,0,0,0,0,0,0,0,0,0,0,0,0,0,0,0,0,0,
..\..\..\files\weather\calibration\daily\Verduno.csv,3/5/2013 12:00:00 AM,14.97,0.06000042,0.19166666,1,83.12359,28.257442,-89.72642,-6.6266665,0.82833344,0,0,0,0,0,0,0,0,0,0,0,0,0,0,0,0,0,0,0,0,0,0,0,0,0,0,0,0,0,0,
..\..\..\files\weather\calibration\daily\Verduno.csv,3/6/2013 12:00:00 AM,9.08,3.2200003,5.2458334,24,90.06393,58.91282,-89.72642,-2.9299998,0,0,0,0,0,0,0,0,0,0,0,0,0,0,0,0,0,0,0,0,0,0,0,0,0,0,0,0,0,0,0,
..\..\..\files\weather\calibration\daily\Verduno.csv,3/7/2013 12:00:00 AM,7.37,5.05,19.6375,24,93.087105,78.57188,-89.72642,-1.1599998,0,0,0,0,0,0,0,0,0,0,0,0,0,0,0,0,0,0,0,0,0,0,0,0,0,0,0,0,0,0,0,
..\..\..\files\weather\calibration\daily\Verduno.csv,3/8/2013 12:00:00 AM,11.04,6.54,9.15,24,97.39598,71.845604,-89.60624,-2.1298223,0.120177776,0,0,0,0,0,0,0,0,0,0,0,0,1,0,0,0,0,0,0,0,0,0,0,0,0,0,0,0,1,0,
..\..\..\files\weather\calibration\daily\Verduno.csv,3/9/2013 12:00:00 AM,10.869999,6.148699,12.270834,24,98.22688,74.8091,-89.526085,-2.2804923,0.08015781,0,0,0,0,0,0,0,0,0,0,0,0,1,0,0,0,0,0,0,0,0,0,0,0,0,0,0,0,1,0,
..\..\..\files\weather\calibration\daily\Verduno.csv,3/10/2013 12:00:00 AM,11.27,4.7292757,4.5041666,23,93.93907,62.5045,-89.40279,-3.1470656,0.12329683,0,0,0,0,0,0,0,0,0,0,0,0,1,0,0,0,0,0,0,0,0,0,0,0,0,0,0,0,1,0,
..\..\..\files\weather\calibration\daily\Verduno.csv,3/11/2013 12:00:00 AM,14.4,3.0699997,0,0,86.49012,40.17671,-88.548416,-4.8106313,0.8543688,0,0,0,0,0,0,0,0,0,0,0,0,0,0,0,0,0,0,0,0,0,0,0,0,0,0,0,0,0,0,
..\..\..\files\weather\calibration\daily\Verduno.csv,3/12/2013 12:00:00 AM,15.83,3.7000003,0,0,86.662186,38.390457,-87.14739,-4.663974,1.4010265,0,0,0,0,0,0,0,0,0,0,0,0,0,0,0,0,0,0,0,0,0,0,0,0,0,0,0,0,0,0,
..\..\..\files\weather\calibration\daily\Verduno.csv,3/13/2013 12:00:00 AM,13.03,4.6683445,0,5,93.32961,55.38259,-86.598404,-3.63184,0.5489881,0,0,0,0,0,0,0,0,0,0,0,0,0,0,0,0,0,0,0,0,0,0,0,0,0,0,0,0,0,0,
..\..\..\files\weather\calibration\daily\Verduno.csv,3/14/2013 12:00:00 AM,12.76,3.2800002,0,0,88.158356,46.24701,-86.19663,-4.338228,0.40177223,0,0,0,0,0,0,0,0,0,0,0,0,0,0,0,0,0,0,0,0,0,0,0,0,0,0,0,0,0,0,
..\..\..\files\weather\calibration\daily\Verduno.csv,3/15/2013 12:00:00 AM,11.93,1.617057,0,0,86.40415,45.227646,-86.01604,-4.9758782,0.1805935,0,0,0,0,0,0,0,0,0,0,0,0,0,0,0,0,0,0,0,0,0,0,0,0,0,0,0,0,0,0,
..\..\..\files\weather\calibration\daily\Verduno.csv,3/16/2013 12:00:00 AM,11.1,-0.29866713,0,0,80.176384,37.069527,-85.96296,-5.457656,0.05307642,0,0,0,0,0,0,0,0,0,0,0,0,0,0,0,0,0,0,0,0,0,0,0,0,0,0,0,0,0,0,
..\..\..\files\weather\calibration\daily\Verduno.csv,3/17/2013 12:00:00 AM,10.2,-2.0999994,0.3375,1,79.82568,31.573898,-85.961334,-4.230894,0.0016260133,0,0,0,0,0,0,0,0,0,0,0,0,0,0,0,0,0,0,0,0,0,0,0,0,0,0,0,0,0,0,
..\..\..\files\weather\calibration\daily\Verduno.csv,3/18/2013 12:00:00 AM,4.1,2.23,8.041667,24,81.39805,71.30933,-85.961334,-0.93499994,0,0,0,0,0,0,0,0,0,0,0,0,0,0,0,0,0,0,0,0,0,0,0,0,0,0,0,0,0,0,0,
..\..\..\files\weather\calibration\daily\Verduno.csv,3/19/2013 12:00:00 AM,7.5,1.5900002,6.4208336,23,83.27583,55.069298,-85.961334,-2.955,0,0,0,0,0,0,0,0,0,0,0,0,0,0,0,0,0,0,0,0,0,0,0,0,0,0,0,0,0,0,0,
..\..\..\files\weather\calibration\daily\Verduno.csv,3/20/2013 12:00:00 AM,14.42,1.0699997,0.2375,1,81.34008,32.713936,-85.22964,-5.9433,0.73170036,0,0,0,0,0,0,0,0,0,0,0,0,0,0,0,0,0,0,0,0,0,0,0,0,0,0,0,0,0,0,
..\..\..\files\weather\calibration\daily\Verduno.csv,3/21/2013 12:00:00 AM,11.15,1.6800003,5.4625,23,84.499306,43.986984,-85.15981,-4.665174,0.069825724,0,0,0,0,0,0,0,0,0,0,0,0,0,0,0,0,0,0,0,0,0,0,0,0,0,0,0,0,0,0,
..\..\..\files\weather\calibration\daily\Verduno.csv,3/22/2013 12:00:00 AM,16.63,0.7199998,0,0,78.1298,26.59241,-83.77839,-6.573576,1.3814234,0,0,0,0,0,0,0,0,0,0,0,0,0,0,0,0,0,0,0,0,0,0,0,0,0,0,0,0,0,0,
..\..\..\files\weather\calibration\daily\Verduno.csv,3/23/2013 12:00:00 AM,15.43,1.8500004,0.2,1,85.95978,32.82735,-82.69279,-5.7043996,1.0856003,0,0,0,0,0,0,0,0,0,0,0,0,0,0,0,0,0,0,0,0,0,0,0,0,0,0,0,0,0,0,
..\..\..\files\weather\calibration\daily\Verduno.csv,3/24/2013 12:00:00 AM,12.8,5.1,4.954167,24,96.004196,55.25828,-82.18369,-3.340909,0.50909096,0,0,0,0,0,0,0,0,0,0,0,0,0,0,0,0,0,0,0,0,0,0,0,0,0,0,0,0,0,0,
..\..\..\files\weather\calibration\daily\Verduno.csv,3/25/2013 12:00:00 AM,8.64,6.5523076,8.145833,23,97.76615,86.41522,-82.18369,-1.0438466,0,0,0,0,0,0,0,0,0,0,0,0,0,0,0,0,0,0,0,0,0,0,0,0,0,0,0,0,0,0,0,
..\..\..\files\weather\calibration\daily\Verduno.csv,3/26/2013 12:00:00 AM,13.209999,4.3908877,0,5,93.54125,55.318825,-81.5995,-3.8253646,0.5841912,0,0,0,0,0,0,0,0,0,0,0,0,0,0,0,0,0,0,0,0,0,0,0,0,0,0,0,0,0,0,
..\..\..\files\weather\calibration\daily\Verduno.csv,3/27/2013 12:00:00 AM,11.39,3.1899996,0,0,88.39685,50.429134,-81.48169,-3.9821894,0.117811024,0,0,0,0,0,0,0,0,0,0,0,0,0,0,0,0,0,0,0,0,0,0,0,0,0,0,0,0,0,0,
..\..\..\files\weather\calibration\daily\Verduno.csv,3/28/2013 12:00:00 AM,11.3,2.7399998,0.46666667,1,90.00612,48.49154,-81.38297,-4.1812854,0.09871498,0,0,0,0,0,0,0,0,0,0,0,0,0,0,0,0,0,0,0,0,0,0,0,0,0,0,0,0,0,0,
..\..\..\files\weather\calibration\daily\Verduno.csv,3/29/2013 12:00:00 AM,7.3,5.03,10.945833,24,92.11287,78.74865,-81.38297,-1.1349998,0,0,0,0,0,0,0,0,0,0,0,0,0,0,0,0,0,0,0,0,0,0,0,0,0,0,0,0,0,0,0,
..\..\..\files\weather\calibration\daily\Verduno.csv,3/30/2013 12:00:00 AM,11.9,5.33,5.3458333,24,93.94623,60.20954,-81.10824,-3.0102663,0.27473354,0,0,0,0,0,0,0,0,0,0,0,0,1,0,0,0,0,0,0,0,0,0,0,0,0,0,0,0,1,0,
..\..\..\files\weather\calibration\daily\Verduno.csv,3/31/2013 12:00:00 AM,12.359999,6.0099998,10.541667,23,95.60038,62.311447,-80.669685,-2.736449,0.43855077,0,0,0,0,0,0,0,0,0,0,0,0,1,0,0,0,0,0,0,0,0,0,0,0,0,0,0,0,1,0,
..\..\..\files\weather\calibration\daily\Verduno.csv,4/1/2013 12:00:00 AM,16.87,4.76,0,0,88.05349,39.324562,-78.72101,-4.106325,1.948675,0,0,0,0,0,0,0,0,0,0,0,0,0,0,0,0,0,0,0,0,0,0,0,0,0,0,0,0,0,0,
..\..\..\files\weather\calibration\daily\Verduno.csv,4/2/2013 12:00:00 AM,10.97,3.8900003,0,1,90.30285,55.653374,-78.654564,-3.4735522,0.06644778,0,0,0,0,0,0,0,0,0,0,0,0,0,0,0,0,0,0,0,0,0,0,0,0,0,0,0,0,0,0,
..\..\..\files\weather\calibration\daily\Verduno.csv,4/3/2013 12:00:00 AM,14.67,5.485563,0,5,94.324066,53.37025,-77.46729,-3.404944,1.1872748,0,0,0,0,0,0,0,0,0,0,0,0,0,0,0,0,0,0,0,0,0,0,0,0,0,0,0,0,0,0,
..\..\..\files\weather\calibration\daily\Verduno.csv,4/4/2013 12:00:00 AM,16.65,3.5699997,0.49166667,1,88.78904,35.532333,-75.77683,-4.849538,1.6904624,0,0,0,0,0,0,0,0,0,0,0,0,0,0,0,0,0,0,0,0,0,0,0,0,0,0,0,0,0,0,
..\..\..\files\weather\calibration\daily\Verduno.csv,4/5/2013 12:00:00 AM,10.91,5.2800007,11.308333,23,94.01148,64.11009,-75.70329,-2.741456,0.073543504,0,0,0,0,0,0,0,0,0,0,0,0,0,0,0,0,0,0,0,0,0,0,0,0,0,0,0,0,0,0,
..\..\..\files\weather\calibration\daily\Verduno.csv,4/6/2013 12:00:00 AM,14.11,5.55,0,3,93.25705,52.52287,-74.716606,-3.2933116,0.986688,0,0,0,0,0,0,0,0,0,0,0,0,0,0,0,0,0,0,0,0,0,0,0,0,0,0,0,0,0,0,
..\..\..\files\weather\calibration\daily\Verduno.csv,4/7/2013 12:00:00 AM,15.56,4.38,0,0,88.74035,41.953655,-73.33407,-4.2074594,1.3825405,0,0,0,0,0,0,0,0,0,0,0,0,0,0,0,0,0,0,0,0,0,0,0,0,0,0,0,0,0,0,
..\..\..\files\weather\calibration\daily\Verduno.csv,4/8/2013 12:00:00 AM,16.9,6.5699997,0.31666666,4,92.735275,46.863792,-71.02962,-2.8605473,2.3044527,0,0,0,0,0,0,0,0,0,0,0,0,0,0,0,0,0,0,0,0,0,0,0,0,0,0,0,0,0,0,
..\..\..\files\weather\calibration\daily\Verduno.csv,4/9/2013 12:00:00 AM,11.71,5.700725,7.6749997,24,96.8841,67.70985,-70.786316,-2.7613382,0.24329892,0,0,0,0,0,0,0,0,0,0,0,0,0,0,0,0,0,0,0,0,0,0,0,0,0,0,0,0,0,0,
..\..\..\files\weather\calibration\daily\Verduno.csv,4/10/2013 12:00:00 AM,13.34,4.3899994,9.008333,23,90.74816,49.55862,-70.1631,-3.8517826,0.6232179,0,0,0,0,0,0,0,0,0,0,0,0,1,0,0,0,0,0,0,0,0,0,0,0,0,0,0,0,1,0,
..\..\..\files\weather\calibration\daily\Verduno.csv,4/11/2013 12:00:00 AM,17.8,3.2700005,0.19166666,1,86.75349,31.423023,-68.0695,-5.1714,2.0935993,0,0,0,0,0,0,0,0,0,0,0,0,0,0,0,0,0,0,0,0,0,0,0,0,0,0,0,0,0,0,
..\..\..\files\weather\calibration\daily\Verduno.csv,4/12/2013 12:00:00 AM,15.62,6.7200003,4.4083333,23,94.841064,52.54152,-66.2951,-2.6755953,1.7744045,0,0,0,0,0,0,0,0,0,0,0,0,0,0,0,0,0,0,0,0,0,0,0,0,0,0,0,0,0,0,
..\..\..\files\weather\calibration\daily\Verduno.csv,4/13/2013 12:00:00 AM,20.41,9.607827,0,5,94.53865,47.670612,-61.279064,-0.38505363,5.016032,0,0,0,0,0,0,0,0,0,0,0,0,0,0,0,0,0,0,0,0,0,0,0,0,0,0,0,0,0,0,
..\..\..\files\weather\calibration\daily\Verduno.csv,4/14/2013 12:00:00 AM,21.31,7.6000004,0,0,86.92356,35.80652,-56.614,-2.1899343,4.6650653,0,0,0,0,0,0,0,0,0,0,0,0,0,0,0,0,0,0,0,0,0,0,0,0,0,0,0,0,0,0,
..\..\..\files\weather\calibration\daily\Verduno.csv,4/15/2013 12:00:00 AM,22.92,7.91,0,0,83.722244,31.932835,-51.053493,-1.9444938,5.5605063,0,0,0,0,0,0,0,0,0,0,0,0,0,0,0,0,0,0,0,0,0,0,0,0,0,0,0,0,0,0,
..\..\..\files\weather\calibration\daily\Verduno.csv,4/16/2013 12:00:00 AM,23.27,7.9400005,0,0,82.88003,31.012722,-45.310085,-1.9215913,5.7434087,0,0,0,0,0,0,0,0,0,0,0,0,0,0,0,0,0,0,0,0,0,0,0,0,0,0,0,0,0,0,
..\..\..\files\weather\calibration\daily\Verduno.csv,4/17/2013 12:00:00 AM,23.7,10.66,0,0,88.383064,38.702595,-38.130085,0,7.1800003,0,0,0,0,0,0,0,0,0,0,0,0,0,0,0,0,0,0,0,0,0,0,0,0,0,0,0,0,0,0,
..\..\..\files\weather\calibration\daily\Verduno.csv,4/18/2013 12:00:00 AM,23.89,10.810001,0,0,88.21393,38.57272,-30.780085,0,7.3500004,0,0,0,0,0,0,0,0,0,0,0,0,0,0,0,0,0,0,0,0,0,0,0,0,0,0,0,0,0,0,
..\..\..\files\weather\calibration\daily\Verduno.csv,4/19/2013 12:00:00 AM,25.760002,11.750001,0.58750004,1,84.89579,35.334972,-22.025084,0,8.755001,0,0,0,0,0,0,0,0,0,0,0,0,0,0,0,0,0,0,0,0,0,0,0,0,0,0,0,0,0,0,
..\..\..\files\weather\calibration\daily\Verduno.csv,4/20/2013 12:00:00 AM,24.79,10.496938,14.000001,24,97.92724,35.66244,-14.381615,0,7.643469,0,0,0,0,0,0,1,0,0,0,0,1,1,1,0,0,0,0,0,0,0,0,1,0,0,0,0,1,1,1,
..\..\..\files\weather\calibration\daily\Verduno.csv,4/21/2013 12:00:00 AM,15.2,9.308492,11.612499,24,100,71.97479,-12.086786,-0.6509259,2.2948282,0,0,0,0,0,0,1,0,0,0,0,0,1,0,0,0,0,0,0,0,0,0,1,0,0,0,0,0,1,0,
..\..\..\files\weather\calibration\daily\Verduno.csv,4/22/2013 12:00:00 AM,14.72,8.38,9.425,24,100,65.94755,-10.329815,-1.4130284,1.7569717,0,0,0,0,0,0,1,0,0,0,0,1,1,0,0,0,0,0,0,0,0,0,1,0,0,0,0,1,1,0,
..\..\..\files\weather\calibration\daily\Verduno.csv,4/23/2013 12:00:00 AM,15.77,9.01,5.175,23,100,64.65421,-7.867322,-0.9175074,2.4624927,0,0,0,0,0,0,0,0,0,0,0,0,1,0,0,0,0,0,0,0,0,0,0,0,0,0,0,0,1,0,
..\..\..\files\weather\calibration\daily\Verduno.csv,4/24/2013 12:00:00 AM,18.76,8.98,0,5,95.92954,50.8186,-3.9441319,-0.9668102,3.92319,0,0,0,0,0,0,0,0,0,0,0,0,0,0,0,0,0,0,0,0,0,0,0,0,0,0,0,0,0,0,
..\..\..\files\weather\calibration\daily\Verduno.csv,4/25/2013 12:00:00 AM,20.67,8.84,0,3,91.5479,42.67086,0,-1.1031275,4.8118725,7.9515247,7.9515247,0.29450092,10.368126,10,1.9714648,0,0,0,0,0,0,0,0,0,0,0,0,0,0,0,0,0,0,0,0,0,0,0,0,
..\..\..\files\weather\calibration\daily\Verduno.csv,4/26/2013 12:00:00 AM,23.37,10.370001,0.30416667,1,100,38.813263,0,0,6.870001,10.00101,17.952534,0.66490865,10.831136,10,2.3569205,0,0,0,0,0,0,0,0,0,0,0,0,0,0,0,0,0,0,0,0,0,0,0,0,
..\..\..\files\weather\calibration\daily\Verduno.csv,4/27/2013 12:00:00 AM,17.94,12.85,7.6083336,24,100,77.81736,0,0,5.3950005,8.652107,26.604641,0.98535705,11.115849,11,2.5939438,0,0,0,0,0,1,1,1,0,0,0,0,0,0,0,0,0,0,0,0,0,1,1,1,
..\..\..\files\weather\calibration\daily\Verduno.csv,4/28/2013 12:00:00 AM,17.01,12.048905,14.875,24,100,85.45745,0,0,4.5294533,7.687422,34.29206,1.2700764,11.2937975,11,2.7420864,1,0,0,0,0,0,1,1,0,0,0,0,0,0,1,0,1,0,0,0,0,1,2,2,
..\..\..\files\weather\calibration\daily\Verduno.csv,4/29/2013 12:00:00 AM,16.88,11.22,18.9,24,100,72.90972,0,0,4.049999,7.0954876,41.38755,1.5328722,11.458045,11,2.8788223,1,0,1,0,1,1,1,1,1,0,0,0,0,0,0,0,2,0,1,0,1,2,3,3,
..\..\..\files\weather\calibration\daily\Verduno.csv,4/30/2013 12:00:00 AM,16.98,12.25,18.5,24,100,79.51021,0,0,4.615,7.788663,49.176212,1.8213412,12.092225,12,3.535047,1,0,1,0,1,0,1,1,1,0,0,0,0,0,0,0,3,0,2,0,2,2,4,4,
..\..\..\files\weather\calibration\daily\Verduno.csv,5/1/2013 12:00:00 AM,20.25,13.14,8.9125,23,100,66.060036,0,0,6.6949997,9.85988,59.036095,2.186522,12.244384,12,3.8733466,1,0,1,0,1,0,1,1,1,1,1,0,0,0,0,1,4,0,3,0,3,2,5,5,
..\..\..\files\weather\calibration\daily\Verduno.csv,5/2/2013 12:00:00 AM,22,12.650001,0,5,98.10147,54.312294,0,0,7.325001,10.344607,69.3807,2.5696554,13.053018,13,5.6712093,0,0,0,0,0,0,0,0,0,0,0,0,0,0,0,0,4,0,3,0,3,2,5,5,
..\..\..\files\weather\calibration\daily\Verduno.csv,5/3/2013 12:00:00 AM,23.3,11.990001,0,3,92.84107,45.483826,0,0,7.6450005,10.566242,79.946945,2.960998,13.175312,13,5.9431105,0,0,0,0,0,0,0,0,0,0,0,0,0,0,0,0,4,0,3,0,3,2,5,5,
..\..\..\files\weather\calibration\daily\Verduno.csv,5/4/2013 12:00:00 AM,21.240002,11.258832,0,5,97.01391,52.092354,0,0,6.2494164,9.477776,89.42472,3.3120267,14.028007,14,7.8389344,0,0,0,0,0,0,0,0,1,0,0,0,0,0,1,0,4,0,3,0,3,2,5,5,
..\..\..\files\weather\calibration\daily\Verduno.csv,5/5/2013 12:00:00 AM,23.2,9.21,0.19583333,1,90.61659,35.29213,0,-0.7676945,6.2273054,9.437882,98.8626,3.6615777,14.115395,14,8.033228,0,0,0,0,0,0,0,0,1,1,1,0,0,0,1,1,4,0,3,0,3,2,5,5,
..\..\..\files\weather\calibration\daily\Verduno.csv,5/6/2013 12:00:00 AM,21.06,12.01,4.6541667,24,98.841995,55.575104,0,0,6.535,9.726449,108.58905,4.0218167,15.005419,15,10.00713,0,0,0,0,0,0,0,1,0,0,0,0,0,0,0,1,4,0,3,0,3,2,5,6,
..\..\..\files\weather\calibration\daily\Verduno.csv,5/7/2013 12:00:00 AM,21.23,11.737738,3.4499998,23,98.08073,54.10881,0,0,6.4838676,9.682917,118.271965,4.380443,29.002735,29,28.424652,0,0,0,0,0,0,1,1,0,0,0,0,0,0,0,0,4,0,3,0,3,2,6,7,
..\..\..\files\weather\calibration\daily\Verduno.csv,5/8/2013 12:00:00 AM,22.74,9.85,0,0,88.9976,39.12326,0,-0.149127,6.2958727,9.518375,127.790344,4.732976,42.004738,42,45.53255,0,0,0,0,0,0,0,0,0,0,0,0,0,0,0,0,4,0,3,0,3,2,6,7,
..\..\..\files\weather\calibration\daily\Verduno.csv,5/9/2013 12:00:00 AM,22.48,10.200001,0.23333333,2,90.56381,41.40398,0,0,6.34,9.558117,137.34846,5.08698,53.013046,53,60.06523,0,0,0,0,0,0,0,0,0,0,0,0,0,0,0,0,4,0,3,0,3,2,6,7,
..\..\..\files\weather\calibration\daily\Verduno.csv,5/10/2013 12:00:00 AM,24.23,13.630001,5.7291665,24,96.12237,48.606743,0,0,8.93,11.292641,148.64111,5.5052266,53.075783,53,60.378914,0,0,1,1,0,0,1,1,0,0,0,0,0,0,0,0,4,0,4,1,3,2,7,8,
..\..\..\files\weather\calibration\daily\Verduno.csv,5/11/2013 12:00:00 AM,22.31,12.940874,8.3375,23,100,64.73068,0,0,7.625437,10.553164,159.19427,5.8960843,53.13441,53,60.672054,0,1,1,1,0,0,1,1,0,0,0,0,0,0,0,0,4,1,5,2,3,2,8,9,
..\..\..\files\weather\calibration\daily\Verduno.csv,5/12/2013 12:00:00 AM,23.67,11.1,0,0,89.560356,40.455456,0,0,7.385,10.387417,169.5817,6.2808037,53.19212,53,60.960598,0,0,0,0,0,0,0,0,0,0,0,0,0,0,0,0,4,1,5,2,3,2,8,9,
..\..\..\files\weather\calibration\daily\Verduno.csv,5/13/2013 12:00:00 AM,23.22,10.51,0,0,89.34949,39.87446,0,0,6.865,9.9970455,179.57874,6.651064,53.247658,53,61.23829,0,0,0,0,0,0,0,0,0,0,0,0,0,0,0,0,4,1,5,2,3,2,8,9,
..\..\..\files\weather\calibration\daily\Verduno.csv,5/14/2013 12:00:00 AM,23.5,8.540001,0,0,83.72687,32.18266,0,-1.3887558,6.0912437,9.268177,188.84691,6.99433,54.039318,54,65.196594,0,0,0,0,0,0,0,0,0,0,0,0,0,0,0,0,4,1,5,2,3,2,8,9,
..\..\..\files\weather\calibration\daily\Verduno.csv,5/15/2013 12:00:00 AM,22.13,10.190001,0.79583335,4,100,42.680214,0,0,6.16,9.397129,198.24403,7.3423715,54.081085,54,65.405426,0,0,0,1,0,0,0,0,0,0,0,0,0,0,0,0,4,1,5,3,3,2,8,9,
..\..\..\files\weather\calibration\daily\Verduno.csv,5/16/2013 12:00:00 AM,17.62,12.20003,19.329166,24,100,76.909195,0,0,4.910015,8.127796,206.37183,7.6434007,54.117207,54,65.58603,1,1,1,1,0,0,1,1,0,0,0,0,0,0,0,0,5,2,6,4,3,2,9,10,
..\..\..\files\weather\calibration\daily\Verduno.csv,5/17/2013 12:00:00 AM,16.28,11.5,23.945833,24,100,78.3912,0,0,3.8900003,6.888549,213.26038,7.8985324,54.147823,54,65.73912,1,1,1,1,1,0,1,1,0,0,0,0,0,0,0,0,6,3,7,5,4,2,10,11,
..\..\..\files\weather\calibration\daily\Verduno.csv,5/18/2013 12:00:00 AM,18.09,9.101125,10.199999,24,100,67.57455,0,-0.8539314,3.6405058,6.495161,219.75554,8.139094,54.176693,54,65.88347,1,1,1,1,1,1,1,1,0,0,0,0,0,0,0,0,7,4,8,6,5,3,11,12,
..\..\..\files\weather\calibration\daily\Verduno.csv,5/19/2013 12:00:00 AM,14.120001,8.240001,38.929165,24,100,68.03502,0,-1.4965976,1.4434019,2.5844316,222.33997,8.234814,54.18818,54,65.940895,1,1,1,1,1,0,1,0,0,0,0,0,0,0,0,0,8,5,9,7,6,3,12,12,
..\..\..\files\weather\calibration\daily\Verduno.csv,5/20/2013 12:00:00 AM,17.54,9.08,11.5,23,98.38913,56.653767,0,-0.8699765,3.360024,6.0977745,228.43774,8.460657,55.012733,55,70.06367,1,1,1,1,1,0,1,0,0,0,0,0,0,0,0,0,9,6,10,8,7,3,13,12,
..\..\..\files\weather\calibration\daily\Verduno.csv,5/21/2013 12:00:00 AM,18.49,8.79,0,5,95.93934,51.030617,0,-1.1345305,3.715469,6.5555863,234.99333,8.703457,55.037014,55,70.185074,1,0,0,0,1,0,0,0,0,0,0,0,0,0,0,0,10,6,10,8,8,3,13,12,
..\..\..\files\weather\calibration\daily\Verduno.csv,5/22/2013 12:00:00 AM,19.88,8.99,0,3,93.679955,46.316017,0,-0.96316385,4.481836,7.5741134,242.56744,8.983979,55.065063,55,70.32532,0,0,0,0,0,0,0,0,0,0,0,0,0,0,0,0,10,6,10,8,8,3,13,12,
..\..\..\files\weather\calibration\daily\Verduno.csv,5/23/2013 12:00:00 AM,22.38,7.6000004,0,0,84.335266,32.543175,0,-2.205142,5.1848574,8.217093,250.78453,9.288316,55.095497,55,70.477486,0,0,0,0,0,0,0,0,0,0,0,0,0,0,0,1,10,6,10,8,8,3,13,12,
..\..\..\files\weather\calibration\daily\Verduno.csv,5/24/2013 12:00:00 AM,23.7,10.0725155,0,1,92.75882,37.510498,0,0,6.886257,10.0138645,260.7984,9.6592,55.132587,55,70.66293,0,0,0,0,0,0,0,0,0,0,0,0,0,0,0,0,10,6,10,8,8,3,13,12,
..\..\..\files\weather\calibration\daily\Verduno.csv,5/25/2013 12:00:00 AM,16.44,8.305563,0.3125,7,99.826485,61.21738,0,-1.5179579,2.5492609,4.678359,265.47675,9.832473,55.149914,55,70.74957,0,0,0,1,0,0,0,0,0,0,0,0,0,0,0,0,10,6,10,9,8,3,13,12,
..\..\..\files\weather\calibration\daily\Verduno.csv,5/26/2013 12:00:00 AM,13.7,7.38,7.1875,23,98.50277,64.628426,0,-2.0769303,1.0830696,1.2897509,266.7665,9.880241,55.15469,55,70.77345,0,0,0,0,0,0,0,0,0,0,0,0,0,0,1,0,10,6,10,9,8,3,13,12,
..\..\..\files\weather\calibration\daily\Verduno.csv,5/27/2013 12:00:00 AM,20.3,5.7999997,0,0,84.64591,32.78523,0,-3.5917244,3.6582751,5.7220416,272.48856,10.092169,56.0079,56,75.039505,0,0,0,0,0,0,0,0,1,0,1,0,0,0,1,1,10,6,10,9,8,3,13,12,
..\..\..\files\weather\calibration\daily\Verduno.csv,5/28/2013 12:00:00 AM,21.41,6.67,0.55833334,1,94.394135,32.409374,0,-2.9538503,4.4161496,7.082695,279.57126,10.354491,56.030384,56,75.15192,0,0,0,1,0,0,0,0,0,0,0,0,0,0,0,0,10,6,10,10,8,3,13,12,
..\..\..\files\weather\calibration\daily\Verduno.csv,5/29/2013 12:00:00 AM,18.41,10.735963,13.145833,24,100,62.342888,0,0,4.572981,7.7390995,287.31036,10.641125,56.054955,56,75.27477,1,1,1,1,0,0,1,1,0,0,0,0,0,0,0,0,11,7,11,11,8,3,14,13,
..\..\..\files\weather\calibration\daily\Verduno.csv,5/30/2013 12:00:00 AM,19.28,9.235859,6.9958334,23,95.66348,50.028576,0,-0.73507357,4.2869973,7.3573475,294.66772,10.913619,56.078312,56,75.391556,1,1,1,1,0,1,1,1,0,0,0,0,0,0,0,0,12,8,12,12,8,4,15,14,
..\..\..\files\weather\calibration\daily\Verduno.csv,5/31/2013 12:00:00 AM,20.81,7.25,0,0,87.18626,36.159386,0,-2.4711466,4.308853,7.0698814,301.7376,11.1754675,56.100754,56,75.50377,0,0,0,0,0,0,0,0,0,0,0,0,0,0,0,0,12,8,12,12,8,4,15,14,
..\..\..\files\weather\calibration\daily\Verduno.csv,6/1/2013 12:00:00 AM,22.4,7.5599995,0,0,84.18671,32.357876,0,-2.2394075,5.1805925,8.20599,309.9436,11.479393,56.126804,56,75.63402,0,0,0,0,0,0,0,0,0,0,0,0,0,0,0,0,12,8,12,12,8,4,15,14,
..\..\..\files\weather\calibration\daily\Verduno.csv,6/2/2013 12:00:00 AM,24.85,10.940001,0,0,85.72523,35.69695,0,0,7.8950005,10.728,320.6716,11.876726,57.015755,57,80.07877,0,0,0,0,0,0,0,0,0,0,0,0,0,0,0,0,12,8,12,12,8,4,15,14,
..\..\..\files\weather\calibration\daily\Verduno.csv,6/3/2013 12:00:00 AM,27.990002,12.340001,0,0,83.77828,29.997461,0,0,10.165001,11.74886,332.42047,12.311869,57.04839,57,80.24194,0,0,0,0,0,0,0,0,0,0,0,0,0,0,0,0,12,8,12,12,8,4,15,14,
..\..\..\files\weather\calibration\daily\Verduno.csv,6/4/2013 12:00:00 AM,23.95,12.840118,0,3,93.12229,46.41929,0,0,8.39506,11.021811,343.4423,12.720084,57.079006,57,80.395035,0,0,0,0,0,0,0,0,0,0,0,0,0,0,0,0,12,8,12,12,8,4,15,14,
..\..\..\files\weather\calibration\daily\Verduno.csv,6/5/2013 12:00:00 AM,23.39,11.03,0,1,90.17613,41.234913,0,0,7.209999,10.26093,353.70322,13.100119,57.10751,57,80.53755,0,0,0,0,0,0,0,0,1,0,1,0,1,1,1,1,12,8,12,12,8,4,15,14,
..\..\..\files\weather\calibration\daily\Verduno.csv,6/6/2013 12:00:00 AM,23.77,11.630001,0,1,90.59443,42.1303,0,0,7.700001,10.602684,364.3059,13.492811,58.01063,58,85.05316,0,0,0,0,0,0,0,0,1,0,1,1,1,0,1,1,12,8,12,12,8,4,15,14,
..\..\..\files\weather\calibration\daily\Verduno.csv,6/7/2013 12:00:00 AM,24.47,12.04,0,0,89.5548,41.028633,0,0,8.254999,10.943496,375.2494,13.898126,58.03765,58,85.188255,0,0,0,0,0,0,0,0,0,0,1,1,0,0,0,1,12,8,12,12,8,4,15,14,
..\..\..\files\weather\calibration\daily\Verduno.csv,6/8/2013 12:00:00 AM,26.259998,13.659999,0,0,87.88614,40.249054,0,0,9.959999,11.689302,386.9387,14.331062,58.066517,58,85.33258,0,0,0,0,0,0,0,0,0,0,0,0,0,0,0,0,12,8,12,12,8,4,15,14,
..\..\..\files\weather\calibration\daily\Verduno.csv,6/9/2013 12:00:00 AM,24.45,13.508581,0.53749996,4,96.5499,47.540726,0,0,8.97929,11.315351,398.25403,14.75015,58.094456,58,85.472275,0,0,0,1,0,0,0,0,0,0,0,0,0,0,0,0,12,8,12,13,8,4,15,14,
..\..\..\files\weather\calibration\daily\Verduno.csv,6/10/2013 12:00:00 AM,19.62,12.460001,12.362499,23,100,65.456604,0,0,6.040001,9.2868,407.54083,15.094105,59.005646,59,90.02823,1,1,1,1,0,0,1,1,0,0,0,0,0,0,1,1,13,9,13,14,8,4,16,15,
..\..\..\files\weather\calibration\daily\Verduno.csv,6/11/2013 12:00:00 AM,23.04,11.419999,0,3,92.1305,44.15637,0,0,7.2299995,10.275637,417.81647,15.474685,59.02848,59,90.1424,1,0,0,0,0,0,0,0,0,0,0,0,0,0,0,1,14,9,13,14,8,4,16,15,
..\..\..\files\weather\calibration\daily\Verduno.csv,6/12/2013 12:00:00 AM,26.16,12.68,0,0,85.85508,37.10012,0,0,9.42,11.5016985,429.31818,15.900673,59.05404,59,90.270195,0,0,0,0,0,0,0,0,0,0,0,0,0,0,0,0,14,9,13,14,8,4,16,15,
..\..\..\files\weather\calibration\daily\Verduno.csv,6/13/2013 12:00:00 AM,28.3,13.44,0,0,80.49948,32.24639,0,0,10.869999,11.90508,441.22327,16.341602,59.080498,59,90.40249,0,0,0,0,0,0,0,0,0,0,1,1,0,0,1,1,14,9,13,14,8,4,16,15,
..\..\..\files\weather\calibration\daily\Verduno.csv,6/14/2013 12:00:00 AM,28.35,14.74,0,0,83.32129,36.20616,0,0,11.545,11.984657,453.20792,16.785479,60.00648,60,95.03241,0,0,0,0,0,0,0,0,0,1,1,1,0,0,1,1,14,9,13,14,8,4,16,15,
..\..\..\files\weather\calibration\daily\Verduno.csv,6/15/2013 12:00:00 AM,28.21,16.650002,0,0,88.292305,43.711147,0,0,12.43,11.986349,465.19427,17.229418,60.030697,60,95.15349,0,0,0,0,0,0,0,0,0,0,0,0,0,0,0,0,14,9,13,14,8,4,16,15,
..\..\..\files\weather\calibration\daily\Verduno.csv,6/16/2013 12:00:00 AM,27.52,15.700001,0,0,88.4974,42.93107,0,0,11.610001,11.98873,477.183,17.673445,60.054916,60,95.27458,0,0,0,0,0,0,0,0,1,1,1,1,1,0,1,1,14,9,13,14,8,4,16,15,
..\..\..\files\weather\calibration\daily\Verduno.csv,6/17/2013 12:00:00 AM,27.75,15.84,0,0,88.01977,42.508194,0,0,11.795,11.996889,489.1799,18.117773,60.07915,60,95.39575,0,0,0,0,0,0,0,0,1,1,1,1,1,0,1,1,14,9,13,14,8,4,16,15,
..\..\..\files\weather\calibration\daily\Verduno.csv,6/18/2013 12:00:00 AM,30.5,17.56,0,0,81.87673,37.623238,0,0,14.029999,11.6976795,500.8776,18.551022,61.010883,61,100,0,0,0,0,0,0,0,0,0,0,0,0,0,0,0,0,14,9,13,14,8,4,16,15,
..\..\..\files\weather\calibration\daily\Verduno.csv,6/19/2013 12:00:00 AM,32.33,19.620003,0.16250001,1,79.30485,37.361446,0,0,15.975002,10.848914,511.7265,18.952833,61.030975,61,100,0,0,0,0,0,0,0,0,1,1,1,1,0,1,1,1,14,9,13,14,8,4,16,15,
..\..\..\files\weather\calibration\daily\Verduno.csv,6/20/2013 12:00:00 AM,30.71,19.547989,3.8250003,24,99.26135,44.55001,0,0,15.128994,11.284633,523.0111,19.370783,61.051872,61,100,0,0,0,1,0,0,0,1,1,1,1,1,0,0,1,1,14,9,13,15,8,4,16,16,
..\..\..\files\weather\calibration\daily\Verduno.csv,6/21/2013 12:00:00 AM,24.84,16.068316,2.0125,23,100,71.912834,0,0,10.454159,11.82202,534.8331,19.808636,61.073765,61,100,0,0,0,1,0,0,1,1,0,0,0,0,0,0,0,0,14,9,13,16,8,4,17,17,
..\..\..\files\weather\calibration\daily\Verduno.csv,6/22/2013 12:00:00 AM,25.85,14.390001,0,1,91.00542,44.771126,0,0,10.120001,11.736334,546.56946,20.243315,71.009796,71,89.92653,0,0,0,0,0,0,0,0,0,0,0,0,0,0,0,0,14,9,13,16,8,4,17,17,
..\..\..\files\weather\calibration\daily\Verduno.csv,6/23/2013 12:00:00 AM,27.52,15.060001,0,0,86.97539,40.49482,0,0,11.290001,11.962598,558.53204,20.68637,71.02764,71,89.792694,0,0,0,0,0,0,0,0,0,0,0,0,0,0,0,0,14,9,13,16,8,4,17,17,
..\..\..\files\weather\calibration\daily\Verduno.csv,6/24/2013 12:00:00 AM,26.82,15.21,0.0875,1,89.748856,43.959557,0,0,11.014999,11.927925,570.45996,21.128147,71.045425,71,89.65931,0,0,0,0,0,0,0,0,0,0,0,0,0,0,0,0,14,9,13,16,8,4,17,17,
..\..\..\files\weather\calibration\daily\Verduno.csv,6/25/2013 12:00:00 AM,25.19,14.196702,2.0125,23,93.74026,48.709545,0,0,9.693352,11.602245,582.0622,21.55786,71.06273,71,89.52953,0,0,0,1,0,0,0,1,0,0,0,0,0,0,0,0,14,9,13,17,8,4,17,18,
..\..\..\files\weather\calibration\daily\Verduno.csv,6/26/2013 12:00:00 AM,26.65,12.06,0,0,82.8009,33.373085,0,0,9.355,11.476098,593.53827,21.982899,71.07985,71,89.40113,0,0,0,0,0,0,0,0,0,0,0,0,0,0,0,0,14,9,13,17,8,4,17,18,
..\..\..\files\weather\calibration\daily\Verduno.csv,6/27/2013 12:00:00 AM,26.74,12.764217,0.22083335,1,86.99192,39.46462,0,0,9.75211,11.622362,605.16064,22.413357,71.09718,71,89.271126,0,0,0,1,0,0,0,0,1,1,1,1,0,1,1,1,14,9,13,18,8,4,17,18,
..\..\..\files\weather\calibration\daily\Verduno.csv,6/28/2013 12:00:00 AM,22.93,11.02,5.079167,23,91.42432,42.955994,0,0,6.9750004,10.083284,615.24396,22.786814,71.11222,71,89.15834,0,1,1,1,0,0,0,1,0,0,0,0,0,0,0,0,14,10,14,19,8,4,17,19,
..\..\..\files\weather\calibration\daily\Verduno.csv,6/29/2013 12:00:00 AM,22.95,10.329999,0,0,89.63649,40.175694,0,0,6.6399994,9.814488,625.0585,23.150314,71.12686,71,89.04854,0,0,0,0,0,0,0,0,0,0,0,0,0,0,0,0,14,10,14,19,8,4,17,19,
..\..\..\files\weather\calibration\daily\Verduno.csv,6/30/2013 12:00:00 AM,24.62,10.7,0,0,85.82441,35.65879,0,0,7.66,10.576229,635.6347,23.542027,71.14263,71,88.93027,0,0,0,0,0,0,0,0,0,0,0,0,0,0,0,0,14,10,14,19,8,4,17,19,
..\..\..\files\weather\calibration\daily\Verduno.csv,7/1/2013 12:00:00 AM,28.56,12.390001,0,0,77.22601,28.4481,0,0,10.475,11.826803,647.4615,23.980055,71.16027,71,88.79797,0,0,0,0,0,0,0,0,0,0,0,0,0,0,0,0,14,10,14,19,8,4,17,19,
..\..\..\files\weather\calibration\daily\Verduno.csv,7/2/2013 12:00:00 AM,27.829998,13.589999,0,0,82.45653,34.280647,0,0,10.709999,11.876206,659.3377,24.419916,71.177986,71,88.6651,0,0,0,0,0,0,0,0,0,0,0,0,0,0,0,0,14,10,14,19,8,4,17,19,
..\..\..\files\weather\calibration\daily\Verduno.csv,7/3/2013 12:00:00 AM,27.33,14.370001,0,0,85.99537,38.723736,0,0,10.85,11.901682,671.2394,24.860718,72.00092,72,82.49307,0,0,0,0,0,0,0,0,0,0,0,0,0,0,0,0,14,10,14,19,8,4,17,19,
..\..\..\files\weather\calibration\daily\Verduno.csv,7/4/2013 12:00:00 AM,26.100002,15.590001,0,3,93.11952,48.76343,0,0,10.845001,11.900824,683.1402,25.301489,72.01578,72,82.38167,0,0,0,0,0,0,0,0,0,0,0,0,0,0,0,0,14,10,14,19,8,4,17,19,
..\..\..\files\weather\calibration\daily\Verduno.csv,7/5/2013 12:00:00 AM,29.01,15.370001,0,0,82.423996,35.897038,0,0,12.190001,11.997332,695.1375,25.745832,72.03076,72,82.26929,0,0,0,0,0,0,0,0,0,0,0,0,0,0,0,0,14,10,14,19,8,4,17,19,
..\..\..\files\weather\calibration\daily\Verduno.csv,7/6/2013 12:00:00 AM,31.33,15.940001,0,0,75.187836,29.730574,0,0,13.635,11.803587,706.9411,26.183002,72.045494,72,82.1588,0,0,0,0,0,0,0,0,0,0,0,0,0,0,0,0,14,10,14,19,8,4,17,19,
..\..\..\files\weather\calibration\daily\Verduno.csv,7/7/2013 12:00:00 AM,32.03,18.04,0,0,77.0631,33.45482,0,0,15.035,11.32674,718.2678,26.602512,72.05964,72,82.052704,0,0,0,0,0,0,0,0,0,0,0,0,0,0,0,0,14,10,14,19,8,4,17,19,
..\..\..\files\weather\calibration\daily\Verduno.csv,7/8/2013 12:00:00 AM,30.379997,17.79,0,0,82.85119,38.89338,0,0,14.084999,11.681141,729.949,27.035147,72.07422,72,81.94336,0,0,0,0,0,0,0,0,0,0,0,0,0,0,0,1,14,10,14,19,8,4,17,19,
..\..\..\files\weather\calibration\daily\Verduno.csv,7/9/2013 12:00:00 AM,30.29,18.3,0,0,84.350525,41.098686,0,0,14.295,11.613981,741.5629,27.465292,72.088715,72,81.83464,0,0,0,0,0,0,0,0,0,0,0,0,0,0,1,1,14,10,14,19,8,4,17,19,
..\..\..\files\weather\calibration\daily\Verduno.csv,7/10/2013 12:00:00 AM,29.82,18.260002,0.3708333,1,86.05789,42.96952,0,0,14.040001,11.694704,753.2576,27.89843,72.10332,72,81.72512,0,0,0,1,0,0,0,0,0,0,0,0,0,0,0,0,14,10,14,20,8,4,17,19,
..\..\..\files\weather\calibration\daily\Verduno.csv,7/11/2013 12:00:00 AM,29.69,17.51,8.529166,23,84.827545,40.70558,0,0,13.6,11.81188,765.0695,28.335909,72.118065,72,81.61452,0,1,1,1,0,0,1,1,0,0,0,0,0,0,0,0,14,11,15,21,8,4,18,20,
..\..\..\files\weather\calibration\daily\Verduno.csv,7/12/2013 12:00:00 AM,31.16,16.37,0,0,76.75431,31.49731,0,0,13.764999,11.771227,776.84076,28.771881,72.13276,72,81.5043,0,0,0,0,0,0,0,0,0,0,0,0,0,0,0,0,14,11,15,21,8,4,18,20,
..\..\..\files\weather\calibration\daily\Verduno.csv,7/13/2013 12:00:00 AM,29.77,17.36,0,0,84.18321,39.831657,0,0,13.565001,11.819998,788.66077,29.209658,72.147514,72,81.39365,0,0,0,0,0,0,0,0,0,0,0,0,0,0,0,1,14,11,15,21,8,4,18,20,
..\..\..\files\weather\calibration\daily\Verduno.csv,7/14/2013 12:00:00 AM,29.77,18,0.39583334,1,85.6503,42.194324,0,0,13.885,11.739181,800.39996,29.644442,72.16217,72,81.28372,0,0,0,1,0,0,0,0,0,0,0,0,0,1,0,0,14,11,15,22,8,4,18,20,
..\..\..\files\weather\calibration\daily\Verduno.csv,7/15/2013 12:00:00 AM,29.32,17.34,9.104167,23,85.82294,41.621784,0,0,13.33,11.869877,812.26984,30.084068,77.002144,77,39.98928,0,1,1,1,0,0,1,1,0,1,1,1,0,0,0,1,14,12,16,23,8,4,19,21,
..\..\..\files\weather\calibration\daily\Verduno.csv,7/16/2013 12:00:00 AM,31.130001,17.200003,0,0,78.68332,34.093983,0,0,14.165001,11.656306,823.92615,30.515783,77.01314,77,39.93431,0,0,0,0,0,0,0,0,0,0,0,0,0,0,0,0,14,12,16,23,8,4,19,21,
..\..\..\files\weather\calibration\daily\Verduno.csv,7/17/2013 12:00:00 AM,31.05,18.66,0.275,1,82.22483,39.23498,0,0,14.855,11.403843,835.33,30.938148,77.0239,77,39.880486,0,0,0,1,0,0,0,0,0,0,0,0,0,0,0,0,14,12,16,24,8,4,19,21,
..\..\..\files\weather\calibration\daily\Verduno.csv,7/18/2013 12:00:00 AM,28.89,18.5,6.7208333,24,94.00281,48.213818,0,0,13.695,11.788958,847.11896,31.374777,77.03503,77,39.824867,0,1,1,0,0,0,1,1,0,0,0,0,0,0,0,0,14,13,17,24,8,4,20,22,
..\..\..\files\weather\calibration\daily\Verduno.csv,7/19/2013 12:00:00 AM,25.440002,17.790003,9.291667,24,100,63.153492,0,0,11.615002,11.989018,859.108,31.818813,77.04634,77,39.768295,0,1,1,0,0,0,1,1,0,0,0,0,0,0,0,0,14,14,18,24,8,4,21,23,
..\..\..\files\weather\calibration\daily\Verduno.csv,7/20/2013 12:00:00 AM,28.25,17.77,4.3125,23,90.80484,48.14411,0,0,13.01,11.924863,871.03284,32.260475,77.057594,77,39.71203,0,0,0,0,0,0,0,1,0,0,0,0,0,0,0,0,14,14,18,24,8,4,21,24,
..\..\..\files\weather\calibration\daily\Verduno.csv,7/21/2013 12:00:00 AM,29.560001,17.200003,0,0,84.60377,40.10975,0,0,13.380001,11.859938,882.89276,32.69973,77.06879,77,39.656067,0,0,0,0,0,0,0,0,0,0,0,0,0,0,0,0,14,14,18,24,8,4,21,24,
..\..\..\files\weather\calibration\daily\Verduno.csv,7/22/2013 12:00:00 AM,30.89,17.870003,0,0,81.0811,37.15536,0,0,14.380001,11.584988,894.4777,33.128803,77.07971,77,39.60144,0,0,0,0,0,0,0,0,0,0,0,0,0,0,0,0,14,14,18,24,8,4,21,24,
..\..\..\files\weather\calibration\daily\Verduno.csv,7/23/2013 12:00:00 AM,32.11,18.220001,0,0,77.14135,33.7167,0,0,15.165001,11.2681675,905.7459,33.546143,77.09035,77,39.548264,0,0,0,0,0,0,0,0,0,0,0,0,0,0,0,0,14,14,18,24,8,4,21,24,
..\..\..\files\weather\calibration\daily\Verduno.csv,7/24/2013 12:00:00 AM,31.93,18.54,0,0,78.533844,35.379562,0,0,15.235001,11.235629,916.98157,33.96228,77.10095,77,39.49524,0,0,0,0,0,0,0,0,0,0,0,0,0,0,0,0,14,14,18,24,8,4,21,24,
..\..\..\files\weather\calibration\daily\Verduno.csv,7/25/2013 12:00:00 AM,31.32,18.3,0,0,80.378,36.92626,0,0,14.809999,11.422394,928.40393,34.38533,77.111725,77,39.441376,0,0,0,0,0,0,0,0,0,0,0,0,0,0,0,0,14,14,18,24,8,4,21,24,
..\..\..\files\weather\calibration\daily\Verduno.csv,7/26/2013 12:00:00 AM,31.629997,18.79,0,0,80.25142,37.35318,0,0,15.209999,11.247331,939.65125,34.8019,77.122345,77,39.388275,0,0,0,0,0,0,0,0,0,1,1,1,0,0,1,1,14,14,18,24,8,4,21,24,
..\..\..\files\weather\calibration\daily\Verduno.csv,7/27/2013 12:00:00 AM,31.720001,19.820002,0,0,82.16796,40.570335,0,0,15.77,10.96385,950.6151,35.207966,77.13269,77,39.336548,0,0,0,0,0,0,0,0,0,0,0,0,0,0,0,0,14,14,18,24,8,4,21,24,
..\..\..\files\weather\calibration\daily\Verduno.csv,7/28/2013 12:00:00 AM,32.94,20.630001,0,0,79.04133,38.29924,0,0,16.785,10.33653,960.95166,35.590805,77.14244,77,39.287796,0,0,0,0,0,0,0,0,0,0,0,0,0,0,0,0,14,14,18,24,8,4,21,24,
..\..\..\files\weather\calibration\daily\Verduno.csv,7/29/2013 12:00:00 AM,33.56,18.278389,0.65833336,1,85.821,40.08172,0,0,15.919195,10.880794,971.83246,35.993793,77.15271,77,39.23645,0,0,0,1,0,0,0,0,0,0,0,0,0,0,0,0,14,14,18,25,8,4,21,24,
..\..\..\files\weather\calibration\daily\Verduno.csv,7/30/2013 12:00:00 AM,26.72,16.83,15.141667,23,94.034485,51.380127,0,0,11.775,11.996253,983.82874,36.438103,77.164024,77,39.17988,1,1,1,1,0,0,1,1,0,0,0,0,0,0,1,0,15,15,19,26,8,4,22,25,
..\..\..\files\weather\calibration\daily\Verduno.csv,7/31/2013 12:00:00 AM,30.53,15.67,0,0,77.56042,31.55116,0,0,13.1,11.91091,995.7396,36.879246,77.17527,77,39.12365,1,0,0,0,0,0,0,0,0,1,1,1,0,0,0,1,16,15,19,26,8,4,22,25,
..\..\..\files\weather\calibration\daily\Verduno.csv,8/1/2013 12:00:00 AM,31.98,16.36,0,0,73.657715,28.833136,0,0,14.17,11.654723,1007.39435,37.3109,77.186264,77,39.06868,0,0,0,0,0,0,0,0,0,0,0,0,0,0,0,0,16,15,19,26,8,4,22,25,
..\..\..\files\weather\calibration\daily\Verduno.csv,8/2/2013 12:00:00 AM,30.98,17.420002,0,0,79.73864,35.335995,0,0,14.200001,11.64515,1019.0395,37.742203,77.19725,77,39.01375,0,0,0,0,0,0,0,0,0,0,0,0,0,0,0,0,16,15,19,26,8,4,22,25,
..\..\..\files\weather\calibration\daily\Verduno.csv,8/3/2013 12:00:00 AM,32.34,17.810001,0,0,75.373436,31.690968,0,0,15.075001,11.308974,1030.3485,38.161057,77.207924,77,38.96038,0,0,0,0,0,0,0,0,0,1,1,1,0,0,1,1,16,15,19,26,8,4,22,25,
..\..\..\files\weather\calibration\daily\Verduno.csv,8/4/2013 12:00:00 AM,33.33,20.120003,0,0,76.38551,35.08833,0,0,16.725002,10.377663,1040.7262,38.545414,77.21772,77,38.9114,0,0,0,0,0,0,0,0,0,1,1,1,0,0,1,1,16,15,19,26,8,4,22,25,
..\..\..\files\weather\calibration\daily\Verduno.csv,8/5/2013 12:00:00 AM,33.09,20.01,0,0,77.11288,35.659004,0,0,16.55,10.494738,1051.221,38.93411,77.22762,77,38.861885,0,0,0,0,0,0,0,0,0,0,0,0,0,0,0,0,16,15,19,26,8,4,22,25,
..\..\..\files\weather\calibration\daily\Verduno.csv,8/6/2013 12:00:00 AM,33.15,19.81,0,0,76.44878,34.799065,0,0,16.48,10.540358,1061.7614,39.324493,78.00153,78,34.992332,0,0,0,0,0,0,0,0,0,0,0,0,0,0,0,1,16,15,19,26,8,4,22,25,
..\..\..\files\weather\calibration\daily\Verduno.csv,8/7/2013 12:00:00 AM,33.18,19.55,0,0,84.133865,33.88507,0,0,16.365,10.613797,1072.3751,39.717598,78.00964,78,34.951782,0,0,0,0,0,0,0,0,0,0,0,0,0,0,0,0,16,15,19,26,8,4,22,25,
..\..\..\files\weather\calibration\daily\Verduno.csv,8/8/2013 12:00:00 AM,29.629997,20.29,0.4333333,4,93.650375,52.420826,0,0,14.959999,11.35943,1083.7345,40.138317,78.01832,78,34.90841,0,0,0,0,0,0,0,0,0,0,0,0,0,0,0,0,16,15,19,26,8,4,22,25,
..\..\..\files\weather\calibration\daily\Verduno.csv,8/9/2013 12:00:00 AM,26.779999,19.39,9.966666,23,100,64.041916,0,0,13.084999,11.913317,1095.6478,40.579548,78.02741,78,34.862938,1,1,1,1,0,0,1,1,0,0,0,0,0,0,0,0,17,16,20,27,8,4,23,26,
..\..\..\files\weather\calibration\daily\Verduno.csv,8/10/2013 12:00:00 AM,30.34,17.55,0,0,82.46184,38.216747,0,0,13.945,11.722377,1107.3702,41.01371,78.03636,78,34.81819,0,0,0,0,0,0,0,0,0,0,0,0,0,0,0,0,17,16,20,27,8,4,23,26,
..\..\..\files\weather\calibration\daily\Verduno.csv,8/11/2013 12:00:00 AM,31.41,16.16,0,0,75.36427,30.0847,0,0,13.785,11.766029,1119.1362,41.44949,78.04535,78,34.773254,0,0,0,0,0,0,0,0,0,0,0,0,0,0,0,0,17,16,20,27,8,4,23,26,
..\..\..\files\weather\calibration\daily\Verduno.csv,8/12/2013 12:00:00 AM,30.55,16.630001,0,0,79.61061,34.391144,0,0,13.59,11.8142185,1130.9504,41.887054,78.054375,78,34.728127,0,0,0,0,0,0,0,0,0,0,0,0,0,0,0,0,17,16,20,27,8,4,23,26,
..\..\..\files\weather\calibration\daily\Verduno.csv,8/13/2013 12:00:00 AM,30.77,17.04,0,0,79.69345,34.8928,0,0,13.905001,11.733637,1142.6841,42.321632,78.06333,78,34.683342,0,0,0,0,0,0,0,0,0,0,0,0,0,0,0,0,17,16,20,27,8,4,23,26,
..\..\..\files\weather\calibration\daily\Verduno.csv,8/14/2013 12:00:00 AM,32.06,17.060001,0,0,86.78726,30.491825,0,0,14.560001,11.52016,1154.2042,42.748306,78.07213,78,34.63936,0,0,0,0,0,0,0,0,0,0,0,0,0,0,0,0,17,16,20,27,8,4,23,26,
..\..\..\files\weather\calibration\daily\Verduno.csv,8/15/2013 12:00:00 AM,26.32,16.63,0,5,94.93178,52.437614,0,0,11.474998,11.979568,1166.1838,43.191994,78.081276,78,34.59362,0,0,0,0,0,0,0,0,1,1,1,1,0,0,1,1,17,16,20,27,8,4,23,26,
..\..\..\files\weather\calibration\daily\Verduno.csv,8/16/2013 12:00:00 AM,27.48,16.93,0,3,91.58833,48.165047,0,0,12.205,11.996894,1178.1808,43.636326,78.09044,78,34.547806,0,0,0,0,0,0,0,0,1,0,0,0,0,0,0,0,17,16,20,27,8,4,23,26,
..\..\..\files\weather\calibration\daily\Verduno.csv,8/17/2013 12:00:00 AM,28.24,15.81,0,0,86.20618,40.382328,0,0,12.025,11.999953,1190.1808,44.08077,78.0996,78,34.50199,0,0,0,0,0,0,0,0,0,0,0,0,0,0,0,0,17,16,20,27,8,4,23,26,
..\..\..\files\weather\calibration\daily\Verduno.csv,8/18/2013 12:00:00 AM,29.26,15.780001,0,0,82.4578,36.33879,0,0,12.52,11.980043,1202.1609,44.524475,78.10875,78,34.456253,0,0,0,0,0,0,0,0,0,0,0,0,0,0,0,0,17,16,20,27,8,4,23,26,
..\..\..\files\weather\calibration\daily\Verduno.csv,8/19/2013 12:00:00 AM,29.440002,17.180002,0,0,85.00588,40.528835,0,0,13.310001,11.873751,1214.0347,44.96425,78.11782,78,34.410896,0,0,0,0,0,0,0,0,0,0,0,0,0,0,0,0,17,16,20,27,8,4,23,26,
..\..\..\files\weather\calibration\daily\Verduno.csv,8/20/2013 12:00:00 AM,29.54,16.89,0,0,83.967476,39.078945,0,0,13.215,11.891357,1225.926,45.404667,78.1269,78,34.3655,0,0,0,0,0,0,0,0,0,0,0,0,0,0,0,0,17,16,20,27,8,4,23,26,
..\..\..\files\weather\calibration\daily\Verduno.csv,8/21/2013 12:00:00 AM,29.29,15.880001,0,0,82.57707,36.56143,0,0,12.585001,11.97475,1237.9008,45.848175,78.13605,78,34.319763,0,0,0,0,0,0,0,0,0,0,0,0,0,0,0,0,17,16,20,27,8,4,23,26,
..\..\..\files\weather\calibration\daily\Verduno.csv,8/22/2013 12:00:00 AM,28.61,14.55,0,0,81.967155,34.656204,0,0,11.58,11.986929,1249.8877,46.292137,78.145195,78,34.274025,0,0,0,0,0,0,0,0,0,0,0,0,0,0,0,0,17,16,20,27,8,4,23,26,
..\..\..\files\weather\calibration\daily\Verduno.csv,8/23/2013 12:00:00 AM,29.059998,13.749999,0,0,78.56577,30.728308,0,0,11.404999,11.973746,1261.8615,46.735607,78.15434,78,34.228287,0,0,0,0,0,0,0,0,0,0,0,0,0,0,0,0,17,16,20,27,8,4,23,26,
..\..\..\files\weather\calibration\daily\Verduno.csv,8/24/2013 12:00:00 AM,29.85,15.780001,0.6875,1,80.303764,34.206467,0,0,12.815001,11.951037,1273.8125,47.17824,78.16347,78,34.182663,0,0,0,1,0,0,0,0,0,0,0,0,0,0,0,0,17,16,20,28,8,4,23,26,
..\..\..\files\weather\calibration\daily\Verduno.csv,8/25/2013 12:00:00 AM,29.46,16.48,15.8125,23,83.84411,37.9577,0,0,12.969999,11.930686,1285.7432,47.620117,78.17258,78,34.137115,1,1,1,1,0,0,1,1,1,1,1,1,0,0,1,1,18,17,21,29,8,4,24,27,
..\..\..\files\weather\calibration\daily\Verduno.csv,8/26/2013 12:00:00 AM,26.629997,15.879897,0.26250002,4,92.488846,48.405144,0,0,11.254948,11.958809,1297.702,48.063038,78.18171,78,34.091454,1,0,0,1,0,0,0,0,0,0,0,0,0,0,0,0,19,17,21,30,8,4,24,27,
..\..\..\files\weather\calibration\daily\Verduno.csv,8/27/2013 12:00:00 AM,24.68,14.37,6.2875004,24,94.710106,49.888344,0,0,9.525,11.541677,1309.2437,48.490505,78.19053,78,34.047356,0,1,1,1,0,0,1,1,0,0,0,0,0,0,0,0,19,18,22,31,8,4,25,28,
..\..\..\files\weather\calibration\daily\Verduno.csv,8/28/2013 12:00:00 AM,25.030003,13.660001,5.75,23,91.84185,45.244884,0,0,9.345001,11.472103,1320.7157,48.915394,79.007195,79,29.964027,0,1,1,1,0,0,1,1,0,0,0,0,0,0,0,0,19,19,23,32,8,4,26,29,
..\..\..\files\weather\calibration\daily\Verduno.csv,8/29/2013 12:00:00 AM,27.16,13.37,0,0,84.20875,35.8909,0,0,10.264999,11.775595,1332.4913,49.351532,79.01475,79,29.926262,0,0,0,0,0,0,0,0,0,0,0,0,0,0,0,0,19,19,23,32,8,4,26,29,
..\..\..\files\weather\calibration\daily\Verduno.csv,8/30/2013 12:00:00 AM,27.16,15.62,0,0,89.563675,44.147648,0,0,11.389999,11.9724045,1344.4637,49.794952,79.02242,79,29.887886,0,0,0,0,0,0,0,0,0,0,0,0,0,0,0,0,19,19,23,32,8,4,26,29,
..\..\..\files\weather\calibration\daily\Verduno.csv,8/31/2013 12:00:00 AM,27.43,15.739999,0,0,88.9087,43.469524,0,0,11.584999,11.987239,1356.4509,50.238926,79.03011,79,29.849434,0,0,0,0,0,0,0,0,0,0,0,0,0,0,0,0,19,19,23,32,8,4,26,29,
..\..\..\files\weather\calibration\daily\Verduno.csv,9/1/2013 12:00:00 AM,28.530003,15.340001,0,0,84.07442,37.576447,0,0,11.935001,11.999687,1368.4506,50.683357,79.0378,79,29.810982,0,0,0,0,0,0,0,0,0,0,0,0,0,0,0,0,19,19,23,32,8,4,26,29,
..\..\..\files\weather\calibration\daily\Verduno.csv,9/2/2013 12:00:00 AM,28.73,14.77,0,0,82.048134,34.942436,0,0,11.75,11.995372,1380.4459,51.127625,79.0455,79,29.772491,0,0,0,0,0,0,0,0,0,0,0,0,0,0,0,0,19,19,23,32,8,4,26,29,
..\..\..\files\weather\calibration\daily\Verduno.csv,9/3/2013 12:00:00 AM,27.86,16.248049,0,0,89.19734,44.641434,0,0,12.054024,11.9997835,1392.4457,51.57206,79.05319,79,29.73404,0,0,0,0,0,0,0,0,0,0,0,0,0,0,0,0,19,19,23,32,8,4,26,29,
..\..\..\files\weather\calibration\daily\Verduno.csv,9/4/2013 12:00:00 AM,29.7,13.94,0,0,76.735596,29.28352,0,0,11.82,11.9976015,1404.4432,52.01642,79.06089,79,29.695549,0,0,0,0,0,0,0,0,0,0,0,0,0,0,0,0,19,19,23,32,8,4,26,29,
..\..\..\files\weather\calibration\daily\Verduno.csv,9/5/2013 12:00:00 AM,28.939999,15.159999,0,0,82.19415,35.460667,0,0,12.049999,11.999815,1416.443,52.46085,79.06859,79,29.657059,0,0,0,0,0,0,0,0,0,0,0,0,0,0,0,0,19,19,23,32,8,4,26,29,
..\..\..\files\weather\calibration\daily\Verduno.csv,9/6/2013 12:00:00 AM,28.96,15.080001,0,0,81.939415,35.128674,0,0,12.02,11.9999695,1428.443,52.905296,79.07628,79,29.618607,0,0,0,0,0,0,0,0,0,0,0,0,0,0,0,0,19,19,23,32,8,4,26,29,
..\..\..\files\weather\calibration\daily\Verduno.csv,9/7/2013 12:00:00 AM,28.060001,15.410001,0.16250001,1,85.90749,39.637592,0,0,11.735001,11.994801,1440.4377,53.34955,84.00153,84,12.496166,0,0,0,0,0,0,0,0,0,0,0,0,0,0,0,0,19,19,23,32,8,4,26,29,
..\..\..\files\weather\calibration\daily\Verduno.csv,9/8/2013 12:00:00 AM,28.309998,16.07,4.441667,24,96.2224,41.06232,0,0,12.189999,11.997332,1452.435,53.793888,84.00837,84,12.479076,0,0,0,1,0,0,0,1,0,0,0,0,0,0,0,0,19,19,23,33,8,4,26,30,
..\..\..\files\weather\calibration\daily\Verduno.csv,9/9/2013 12:00:00 AM,24.970001,17.478699,16.195833,23,100,66.54745,0,0,11.22435,11.95535,1464.3904,54.23668,84.01518,84,12.462044,1,1,1,1,0,0,1,1,0,0,0,0,0,0,0,0,20,20,24,34,8,4,27,31,
..\..\..\files\weather\calibration\daily\Verduno.csv,9/10/2013 12:00:00 AM,28.37,15.61,0,0,85.2737,39.1403,0,0,11.99,11.999992,1476.3904,54.68112,84.02202,84,12.444954,1,0,0,0,0,0,0,0,1,1,1,1,0,0,1,1,21,20,24,34,8,4,27,31,
..\..\..\files\weather\calibration\daily\Verduno.csv,9/11/2013 12:00:00 AM,26.43,13.851998,0,0,87.8317,40.36979,0,0,10.140999,11.742218,1488.1326,55.11602,84.02871,84,12.428226,0,0,0,0,0,0,0,0,1,0,0,0,0,0,0,0,21,20,24,34,8,4,27,31,
..\..\..\files\weather\calibration\daily\Verduno.csv,9/12/2013 12:00:00 AM,23.83,12.140001,0,3,91.69488,43.942112,0,0,7.9850006,10.783798,1498.9164,55.51542,84.03485,84,12.412872,0,0,0,0,0,0,0,0,0,0,0,0,0,0,0,0,21,20,24,34,8,4,27,31,
..\..\..\files\weather\calibration\daily\Verduno.csv,9/13/2013 12:00:00 AM,24.029999,10.569999,0,0,87.22151,37.219654,0,0,7.299999,10.326597,1509.2429,55.897884,84.04073,84,12.398167,0,0,0,0,0,0,0,0,0,1,1,1,0,0,1,1,21,20,24,34,8,4,27,31,
..\..\..\files\weather\calibration\daily\Verduno.csv,9/14/2013 12:00:00 AM,24.71,10.27,0,0,84.516846,33.939598,0,0,7.49,10.460941,1519.7039,56.285328,88.00336,88,2.4916077,0,0,0,0,0,0,0,0,0,1,1,1,0,0,1,1,21,20,24,34,8,4,27,31,
..\..\..\files\weather\calibration\daily\Verduno.csv,9/15/2013 12:00:00 AM,24.829998,10.229999,0.475,1,98.30471,33.428528,0,0,7.529999,10.488482,1530.1924,56.67379,88.00793,88,2.4801826,0,0,0,1,0,0,0,0,0,0,0,0,0,0,0,0,21,20,24,35,8,4,27,31,
..\..\..\files\weather\calibration\daily\Verduno.csv,9/16/2013 12:00:00 AM,20.73,13.072827,10.925,23,100,68.31929,0,0,6.901413,10.025813,1540.2181,57.045113,88.0123,88,2.4692535,1,1,1,1,0,0,1,1,0,0,0,0,0,0,0,0,22,21,25,36,8,4,28,32,
..\..\..\files\weather\calibration\daily\Verduno.csv,9/17/2013 12:00:00 AM,21.89,11.560001,0,5,95.57251,49.579052,0,0,6.7250004,9.88443,1550.1025,57.411205,88.0166,88,2.458496,1,0,0,0,0,0,0,0,0,0,0,0,0,0,0,0,23,21,25,36,8,4,28,32,
..\..\..\files\weather\calibration\daily\Verduno.csv,9/18/2013 12:00:00 AM,22.74,11.36,0,3,92.80207,45.11432,0,0,7.049999,10.140954,1560.2435,57.786797,88.02102,88,2.4474525,0,0,0,0,0,0,0,0,0,0,0,0,0,0,0,0,23,21,25,36,8,4,28,32,
..\..\..\files\weather\calibration\daily\Verduno.csv,9/19/2013 12:00:00 AM,23.650002,10.000001,0,0,86.89298,36.519176,0,0,6.825001,9.9651985,1570.2087,58.155876,88.02536,88,2.4365997,0,0,0,0,0,0,0,0,0,0,0,0,0,0,0,0,23,21,25,36,8,4,28,32,
..\..\..\files\weather\calibration\daily\Verduno.csv,9/20/2013 12:00:00 AM,26.01,10.7,0,0,81.62004,31.221031,0,0,8.355,10.999726,1581.2085,58.56328,88.03016,88,2.4246025,0,0,0,0,0,0,0,0,0,0,0,0,0,0,0,0,23,21,25,36,8,4,28,32,
..\..\..\files\weather\calibration\daily\Verduno.csv,9/21/2013 12:00:00 AM,25.68,11.07,0,0,83.51806,33.389137,0,0,8.375,11.010783,1592.2192,58.971085,88.03495,88,2.4126244,0,0,0,0,0,0,0,0,0,0,0,0,0,0,0,0,23,21,25,36,8,4,28,32,
..\..\..\files\weather\calibration\daily\Verduno.csv,9/22/2013 12:00:00 AM,25.85,10.83,0,0,82.422455,32.104603,0,0,8.34,10.991392,1603.2106,59.37817,88.03974,88,2.4006462,0,0,0,0,0,0,0,0,0,0,0,0,0,0,0,0,23,21,25,36,8,4,28,32,
..\..\..\files\weather\calibration\daily\Verduno.csv,9/23/2013 12:00:00 AM,25.27,11.69,0,0,86.27087,36.821358,0,0,8.48,11.067802,1614.2783,59.788086,88.04456,88,2.3885918,0,0,0,0,0,0,0,0,0,0,0,0,0,0,0,0,23,21,25,36,8,4,28,32,
..\..\..\files\weather\calibration\daily\Verduno.csv,9/24/2013 12:00:00 AM,26.86,11.37,0,0,80.50841,30.622637,0,0,9.115,11.375934,1625.6543,60.20942,88.04952,88,2.376194,0,0,0,0,0,0,0,0,0,0,0,0,0,0,0,0,23,21,25,36,8,4,28,32,
..\..\..\files\weather\calibration\daily\Verduno.csv,9/25/2013 12:00:00 AM,26.32,11.470001,0,0,82.46591,32.596226,0,0,8.895,11.276285,1636.9305,60.627056,88.054436,88,2.3639107,0,0,0,0,0,0,0,0,0,0,0,0,0,0,0,0,23,21,25,36,8,4,28,32,
..\..\..\files\weather\calibration\daily\Verduno.csv,9/26/2013 12:00:00 AM,24.32,12.040001,0,1,90.00259,41.60588,0,0,8.18,10.900291,1647.8308,61.03077,88.05919,88,2.352028,0,0,0,0,0,0,0,0,0,0,0,0,0,0,0,0,23,21,25,36,8,4,28,32,
..\..\..\files\weather\calibration\daily\Verduno.csv,9/27/2013 12:00:00 AM,24.920002,12.910001,0,1,90.33183,42.654858,0,0,8.915001,11.285656,1659.1165,61.448757,88.0641,88,2.3397446,0,0,0,0,0,0,0,0,0,0,0,0,0,0,0,0,23,21,25,36,8,4,28,32,
..\..\..\files\weather\calibration\daily\Verduno.csv,9/28/2013 12:00:00 AM,25.56,13.780001,0,1,90.45221,43.5155,0,0,9.67,11.594105,1670.7106,61.87817,88.06915,88,2.327118,0,0,0,0,0,0,0,0,0,0,0,0,0,0,0,0,23,21,25,36,8,4,28,32,
..\..\..\files\weather\calibration\daily\Verduno.csv,9/29/2013 12:00:00 AM,25.29,15.725193,0.46666667,6,96.585915,54.131092,0,0,10.507597,11.834153,1682.5447,62.31647,88.07431,88,2.3142242,0,0,0,1,0,0,0,0,0,0,0,0,0,0,0,0,23,21,25,37,8,4,28,32,
..\..\..\files\weather\calibration\daily\Verduno.csv,9/30/2013 12:00:00 AM,22.05,14.1402235,10.733334,24,100,64.81086,0,0,8.095112,10.850318,1693.395,62.71833,88.07904,88,2.3023987,1,1,1,1,0,0,1,1,1,0,0,0,0,0,1,1,24,22,26,38,8,4,29,33,
..\..\..\files\weather\calibration\daily\Verduno.csv,10/1/2013 12:00:00 AM,21.66,12.850001,0,6,99.51659,56.993538,0,0,7.255001,10.293929,1703.689,63.099594,88.08353,88,2.2911835,1,0,0,0,0,0,0,0,1,0,0,0,0,0,1,0,25,22,26,38,8,4,29,33,
..\..\..\files\weather\calibration\daily\Verduno.csv,10/2/2013 12:00:00 AM,21.79,11.489999,0,5,95.65039,49.692707,0,0,6.6399994,9.814488,1713.5034,63.463093,88.0878,88,2.2805023,0,0,0,0,0,0,0,0,1,1,1,1,0,0,0,1,25,22,26,38,8,4,29,33,
..\..\..\files\weather\calibration\daily\Verduno.csv,10/3/2013 12:00:00 AM,23.1,12.49,0,6,96.05011,48.515415,0,0,7.795,10.664492,1724.168,63.858074,88.092445,88,2.2688866,0,0,0,0,0,0,0,0,0,0,0,0,0,0,0,0,25,22,26,38,8,4,29,33,
..\..\..\files\weather\calibration\daily\Verduno.csv,10/4/2013 12:00:00 AM,19.97,12.620001,0.4416667,9,100,64.50306,0,0,6.295,9.518375,1733.6864,64.2106,88.096596,88,2.2585106,0,0,0,1,0,0,0,0,0,0,0,0,0,0,0,0,25,22,26,39,8,4,29,33,
..\..\..\files\weather\calibration\daily\Verduno.csv,10/5/2013 12:00:00 AM,19.84,12.559291,10.208334,24,100,69.19024,0,0,6.199646,9.433051,1743.1195,64.55998,88.10071,88,2.24823,1,0,1,1,0,0,1,1,0,0,0,0,0,0,0,0,26,22,27,40,8,4,30,34,
..\..\..\files\weather\calibration\daily\Verduno.csv,10/6/2013 12:00:00 AM,18.5,11.540001,1.3208333,24,100,65.97033,0,0,5.0200005,8.250296,1751.3698,64.86555,88.1043,88,2.2392464,0,0,0,0,0,0,1,1,0,0,0,0,0,0,0,0,26,22,27,40,8,4,31,35,
..\..\..\files\weather\calibration\daily\Verduno.csv,10/7/2013 12:00:00 AM,19.43,11.25,4.116667,24,100,59.485233,0,0,5.34,8.594699,1759.9645,65.18387,88.10805,88,2.2298813,0,0,0,0,0,0,0,1,0,0,0,0,0,0,0,0,26,22,27,40,8,4,31,36,
..\..\..\files\weather\calibration\daily\Verduno.csv,10/8/2013 12:00:00 AM,17.94,13.43,4.3125,24,100,82.0123,0,0,5.6850004,8.94622,1768.9106,65.515205,88.111946,88,2.2201347,0,0,0,0,0,0,1,1,0,0,0,0,0,0,0,0,26,22,27,40,8,4,32,37,
..\..\..\files\weather\calibration\daily\Verduno.csv,10/9/2013 12:00:00 AM,19.44,11.765386,0,8,100,67.301315,0,0,5.6026936,8.864207,1777.7749,65.84351,88.11581,88,2.2104836,0,0,0,0,0,0,0,0,0,0,0,0,0,0,0,0,26,22,27,40,8,4,32,37,
..\..\..\files\weather\calibration\daily\Verduno.csv,10/10/2013 12:00:00 AM,21.53,10.09,0,3,92.7091,44.583656,0,0,5.8100004,9.068572,1786.8435,66.17939,88.11976,88,2.2006035,0,0,0,0,0,0,0,0,0,0,0,0,0,0,0,0,26,22,27,40,8,4,32,37,
..\..\..\files\weather\calibration\daily\Verduno.csv,10/11/2013 12:00:00 AM,19.46,6.440119,0,5,96.47477,51.423325,0,-3.0732117,3.4367285,5.574012,1792.4175,66.38583,88.122185,88,2.194538,0,0,0,0,0,0,0,0,0,0,0,0,0,0,0,0,26,22,27,40,8,4,32,37,
..\..\..\files\weather\calibration\daily\Verduno.csv,10/12/2013 12:00:00 AM,16.99,4.6299996,0.11666667,1,87.54592,38.450607,0,-4.203459,1.976541,1.8545172,1794.272,66.45452,88.12299,88,2.1925163,0,0,0,0,0,0,0,0,0,0,0,0,0,0,0,0,26,22,27,40,8,4,32,37,
..\..\..\files\weather\calibration\daily\Verduno.csv,10/13/2013 12:00:00 AM,16.74,5.0599995,2.6833334,23,89.93621,40.930943,0,-3.8953257,1.9446745,2.0363376,1796.3083,66.52994,88.12388,88,2.1903038,0,0,0,0,0,0,0,0,0,0,0,0,0,0,0,0,26,22,27,40,8,4,32,37,
..\..\..\files\weather\calibration\daily\Verduno.csv,10/14/2013 12:00:00 AM,16.09,7.9400005,0,5,97.510574,56.98377,0,-1.7996562,2.2753437,4.08681,1800.3951,66.681305,88.12566,88,2.1858406,0,0,0,0,0,0,0,0,0,0,0,0,0,0,0,0,26,22,27,40,8,4,32,37,
..\..\..\files\weather\calibration\daily\Verduno.csv,10/15/2013 12:00:00 AM,16.13,7.9400005,0,6,97.457344,56.807476,0,-1.8009276,2.2940717,4.12065,1804.5157,66.833916,88.12746,88,2.1813583,0,0,0,0,0,0,0,0,0,0,0,0,0,0,0,0,26,22,27,40,8,4,32,37,
..\..\..\files\weather\calibration\daily\Verduno.csv,10/16/2013 12:00:00 AM,16.25,9.08,0,6,100,62.71818,0,-0.86097646,2.7240236,5.1405287,1809.6562,67.02431,88.1297,88,2.1757507,0,0,0,0,0,0,0,0,0,0,0,0,0,0,0,0,26,22,27,40,8,4,32,37,
..\..\..\files\weather\calibration\daily\Verduno.csv,10/17/2013 12:00:00 AM,23.07,9.27,0,0,86.67498,35.920666,0,-0.71069145,6.189308,9.406216,1819.0625,67.37269,88.1338,88,2.1655083,0,0,0,0,0,0,0,0,0,0,0,0,0,0,1,0,26,22,27,40,8,4,32,37,
..\..\..\files\weather\calibration\daily\Verduno.csv,10/18/2013 12:00:00 AM,22.6,8.689409,0,0,87.76658,37.27299,0,-1.2488518,5.706444,8.906213,1827.9688,67.702545,88.13768,88,2.1557999,0,0,0,0,0,0,0,0,1,1,1,1,0,0,0,1,26,22,27,40,8,4,32,37,
..\..\..\files\weather\calibration\daily\Verduno.csv,10/19/2013 12:00:00 AM,19.41,6.8500004,0,1,91.30857,39.21662,0,-2.7549958,3.525004,5.8390865,1833.8079,67.91881,88.14022,88,2.1494484,0,0,0,0,0,0,0,0,0,0,0,0,0,0,0,0,26,22,27,40,8,4,32,37,
..\..\..\files\weather\calibration\daily\Verduno.csv,10/20/2013 12:00:00 AM,18.78,10.24,0.62083334,7,100,57.136536,0,0,4.51,7.6642184,1841.472,68.20267,88.14356,88,2.1410942,0,0,0,0,0,0,0,0,0,0,0,0,0,0,0,0,26,22,27,40,8,4,32,37,
..\..\..\files\weather\calibration\daily\Verduno.csv,10/21/2013 12:00:00 AM,16.04,11.793359,14.279167,24,100,84.90348,0,0,3.9166794,6.9233856,1848.3954,68.45909,88.146576,88,2.1335602,1,0,1,0,0,0,1,1,0,0,0,0,0,0,0,0,27,22,28,40,8,4,33,38,
..\..\..\files\weather\calibration\daily\Verduno.csv,10/22/2013 12:00:00 AM,19.04,10.55,0,7,99.97555,57.568474,0,0,4.795,7.9974165,1856.3928,68.75529,88.15006,88,2.1248436,1,0,0,0,0,0,1,0,0,0,0,0,0,0,0,0,28,22,28,40,8,4,34,38,
..\..\..\files\weather\calibration\daily\Verduno.csv,10/23/2013 12:00:00 AM,19.46,13.3,0.97499996,11,100,71.610435,0,0,6.379999,9.593158,1865.986,69.11059,88.15424,88,2.1143913,0,0,0,0,0,0,0,0,0,0,0,0,0,0,0,0,28,22,28,40,8,4,34,38,
..\..\..\files\weather\calibration\daily\Verduno.csv,10/24/2013 12:00:00 AM,17.18,13.705904,22.425,24,100,92.758575,0,0,5.442952,8.701733,1874.6877,69.43288,88.158035,88,2.1049118,1,0,1,0,0,0,1,1,0,0,0,0,0,0,0,0,29,22,29,40,8,4,35,39,
..\..\..\files\weather\calibration\daily\Verduno.csv,10/25/2013 12:00:00 AM,19.86,12.650001,0,9,100,65.28052,0,0,6.255001,9.482768,1884.1705,69.784096,88.16216,88,2.094593,1,0,0,0,0,0,0,0,0,0,0,0,0,0,0,0,30,22,29,40,8,4,35,39,
..\..\..\files\weather\calibration\daily\Verduno.csv,10/26/2013 12:00:00 AM,20.33,12.13,0,6,100,59.818985,0,0,6.2299995,9.460377,1893.6309,70.134476,88.16629,88,2.0842743,0,0,0,0,0,0,0,0,0,0,0,0,0,0,0,0,30,22,29,40,8,4,35,39,
..\..\..\files\weather\calibration\daily\Verduno.csv,10/27/2013 12:00:00 AM,22.39,12.080001,0,6,95.76951,49.778233,0,0,0,0,0,0,0,0,0,0,0,0,0,0,0,0,0,0,0,0,0,0,0,0,0,0,0,0,0,0,0,0,0,
..\..\..\files\weather\calibration\daily\Verduno.csv,10/28/2013 12:00:00 AM,20.99,13.217382,0,8,100,63.914936,0,0,0,0,0,0,0,0,0,0,0,0,0,0,0,0,0,0,0,0,0,0,0,0,0,0,0,0,0,0,0,0,0,
..\..\..\files\weather\calibration\daily\Verduno.csv,10/29/2013 12:00:00 AM,21.42,11.81,0.23333333,6,98.02572,52.878223,0,0,0,0,0,0,0,0,0,0,0,0,0,0,0,0,0,0,0,0,0,0,0,0,0,0,0,0,0,0,0,0,0,
..\..\..\files\weather\calibration\daily\Verduno.csv,10/30/2013 12:00:00 AM,19.37,12.354232,5.366667,24,100,68.12761,0,0,0,0,0,0,0,0,0,0,0,1,0,0,0,1,1,0,0,0,0,0,0,0,0,0,0,1,0,0,0,1,1,
..\..\..\files\weather\calibration\daily\Verduno.csv,10/31/2013 12:00:00 AM,18.79,11.25,0,9,100,62.719936,0,0,0,0,0,0,0,0,0,0,0,0,0,0,0,0,0,0,0,0,0,0,0,0,0,0,0,0,0,0,0,0,0,
..\..\..\files\weather\calibration\daily\Verduno.csv,11/1/2013 12:00:00 AM,17.97,8.731747,0,6,100,62.071236,-1.1811986,-1.1811986,0,0,0,0,0,0,0,0,0,0,0,0,0,0,0,0,0,0,0,0,0,0,0,0,0,0,0,0,0,0,0,
..\..\..\files\weather\calibration\daily\Verduno.csv,11/2/2013 12:00:00 AM,18.65,7.0300007,0,2,99.47601,42.526546,-3.7716413,-2.5904427,0,0,0,0,0,0,0,0,0,0,0,0,0,0,0,0,0,0,0,0,0,0,0,0,0,0,0,0,0,0,0,
..\..\..\files\weather\calibration\daily\Verduno.csv,11/3/2013 12:00:00 AM,17.26,11.365208,0,10,100,72.2091,-3.7716413,0,0,0,0,0,0,0,0,0,0,0,0,0,0,0,0,0,0,0,0,0,0,0,0,0,0,0,0,0,0,0,0,
..\..\..\files\weather\calibration\daily\Verduno.csv,11/4/2013 12:00:00 AM,19.73,8.464216,0.24166667,6,96.4555,51.27489,-5.202744,-1.4311028,0,0,0,0,0,0,0,0,0,0,0,0,0,0,0,0,0,0,0,0,0,0,0,0,0,0,0,0,0,0,0,
..\..\..\files\weather\calibration\daily\Verduno.csv,11/5/2013 12:00:00 AM,12.86,7.71,5.5583334,23,99.95886,70.85723,-6.9836082,-1.780864,0,0,0,0,0,0,0,0,0,0,0,0,0,0,0,0,0,0,0,0,0,0,0,0,0,0,0,0,0,0,0,
..\..\..\files\weather\calibration\daily\Verduno.csv,11/6/2013 12:00:00 AM,16.76,7.1399994,0,5,94.44536,50.076084,-9.418474,-2.4348655,0,0,0,0,0,0,0,0,0,0,0,0,0,0,0,0,0,0,0,0,0,0,0,0,0,0,0,0,0,0,0,
..\..\..\files\weather\calibration\daily\Verduno.csv,11/7/2013 12:00:00 AM,20.96,8.754676,0,1,91.1104,41.970177,-10.600267,-1.1817937,0,0,0,0,0,0,0,0,0,0,0,0,0,0,0,0,0,0,0,0,0,0,0,0,0,0,0,0,0,0,0,
..\..\..\files\weather\calibration\daily\Verduno.csv,11/8/2013 12:00:00 AM,18.69,7.0500007,0,2,97.741806,42.46826,-13.176449,-2.576181,0,0,0,0,0,0,0,0,0,0,0,0,0,0,0,0,0,0,0,0,0,0,0,0,0,0,0,0,0,0,0,
..\..\..\files\weather\calibration\daily\Verduno.csv,11/9/2013 12:00:00 AM,15.58,9.86,0,9,100,71.05209,-13.314735,-0.13828659,0,0,0,0,0,0,0,0,0,0,0,0,0,0,0,0,0,0,0,0,0,0,0,0,0,0,0,0,0,0,0,
..\..\..\files\weather\calibration\daily\Verduno.csv,11/10/2013 12:00:00 AM,17.18,8.238921,0,6,100,62.21863,-14.90238,-1.5876441,0,0,0,0,0,0,0,0,0,0,0,0,0,0,0,0,0,0,0,0,0,0,0,0,0,0,0,0,0,0,0,
..\..\..\files\weather\calibration\daily\Verduno.csv,11/11/2013 12:00:00 AM,15.11,7.0600004,0,5,96.33257,56.44593,-17.30551,-2.40313,0,0,0,0,0,0,0,0,0,0,0,0,0,0,0,0,0,0,0,0,0,0,0,0,0,0,0,0,0,0,0,
..\..\..\files\weather\calibration\daily\Verduno.csv,11/12/2013 12:00:00 AM,16.72,5.92,0,3,91.287704,44.615505,-20.614843,-3.3093333,0,0,0,0,0,0,0,0,0,0,0,0,0,0,0,0,0,0,0,0,0,0,0,0,0,0,0,0,0,0,0,
..\..\..\files\weather\calibration\daily\Verduno.csv,11/13/2013 12:00:00 AM,18.16,6.6900005,0,1,91.029655,42.83744,-23.447245,-2.8324018,0,0,0,0,0,0,0,0,0,0,0,0,0,0,0,0,0,0,0,0,0,0,0,0,0,0,0,0,0,0,0,
..\..\..\files\weather\calibration\daily\Verduno.csv,11/14/2013 12:00:00 AM,18.93,6.6499996,0,1,95.67889,40.04011,-26.340303,-2.8930583,0,0,0,0,0,0,0,0,0,0,0,0,0,0,0,0,0,0,0,0,0,0,0,0,0,0,0,0,0,0,0,
..\..\..\files\weather\calibration\daily\Verduno.csv,11/15/2013 12:00:00 AM,15.91,7.8295712,0.10833333,9,100,66.857506,-28.21924,-1.8789368,0,0,0,0,0,0,0,0,0,0,0,0,0,0,0,0,0,0,0,0,0,0,0,0,0,0,0,0,0,0,0,
..\..\..\files\weather\calibration\daily\Verduno.csv,11/16/2013 12:00:00 AM,12.139999,7.0899997,2.4916666,24,98.61288,70.2448,-30.290815,-2.0715747,0,0,0,0,0,0,0,0,0,0,0,0,0,0,0,0,0,0,0,0,0,0,0,0,0,0,0,0,0,0,0,
..\..\..\files\weather\calibration\daily\Verduno.csv,11/17/2013 12:00:00 AM,15.35,8.120001,0,7,98.91625,61.35576,-31.926388,-1.6355734,0,0,0,0,0,0,0,0,0,0,0,0,0,0,0,0,0,0,0,0,0,0,0,0,0,0,0,0,0,0,0,
..\..\..\files\weather\calibration\daily\Verduno.csv,11/18/2013 12:00:00 AM,12.83,7.7100005,0.46666667,9,100,71.00851,-33.70427,-1.7778807,0,0,0,0,0,0,0,0,0,0,0,0,0,0,0,0,0,0,0,0,0,0,0,0,0,0,0,0,0,0,0,
..\..\..\files\weather\calibration\daily\Verduno.csv,11/19/2013 12:00:00 AM,10.17,8.68,10.954166,24,100,93.41162,-34.43957,-0.7353019,0,0,0,0,0,0,0,0,0,0,0,0,0,0,0,0,0,0,0,0,0,0,0,0,0,0,0,0,0,0,0,
..\..\..\files\weather\calibration\daily\Verduno.csv,11/20/2013 12:00:00 AM,11.35,6.761494,5.2375,24,100,85.65612,-36.53523,-2.0956588,0,0,0,0,0,0,0,0,0,0,0,0,0,1,0,0,0,0,0,0,0,0,0,0,0,0,0,0,0,1,0,
..\..\..\files\weather\calibration\daily\Verduno.csv,11/21/2013 12:00:00 AM,10.85,2.8497047,3.7916665,24,96.11508,69.46329,-40.490223,-3.9549932,0,0,0,0,0,0,0,0,0,0,0,0,0,1,0,0,0,0,0,0,0,0,0,0,0,0,0,0,0,1,0,
..\..\..\files\weather\calibration\daily\Verduno.csv,11/22/2013 12:00:00 AM,8.21,1.9300001,3.4791665,24,84.573906,54.599983,-43.630222,-3.14,0,0,0,0,0,0,0,0,0,0,0,0,0,0,0,0,0,0,0,0,0,0,0,0,0,0,0,0,0,0,0,
..\..\..\files\weather\calibration\daily\Verduno.csv,11/23/2013 12:00:00 AM,7.7,1.0500002,0.67083335,23,84.27723,51.46977,-46.955223,-3.3249998,0,0,0,0,0,0,0,0,0,0,0,0,0,0,0,0,0,0,0,0,0,0,0,0,0,0,0,0,0,0,0,
..\..\..\files\weather\calibration\daily\Verduno.csv,11/24/2013 12:00:00 AM,9.31,3.5999997,0,0,89.37781,60.307198,-49.810223,-2.8550003,0,0,0,0,0,0,0,0,0,0,0,0,0,0,0,0,0,0,0,0,0,0,0,0,0,0,0,0,0,0,0,
..\..\..\files\weather\calibration\daily\Verduno.csv,11/25/2013 12:00:00 AM,12.57,2.8714063,0,5,93.51961,57.113083,-54.31901,-4.5087886,0,0,0,0,0,0,0,0,0,0,0,0,0,0,0,0,0,0,0,0,0,0,0,0,0,0,0,0,0,0,0,
..\..\..\files\weather\calibration\daily\Verduno.csv,11/26/2013 12:00:00 AM,12.03,0.6913621,0,0,83.31812,39.82005,-59.80661,-5.4876,0,0,0,0,0,0,0,0,0,0,0,0,0,0,0,0,0,0,0,0,0,0,0,0,0,0,0,0,0,0,0,
..\..\..\files\weather\calibration\daily\Verduno.csv,11/27/2013 12:00:00 AM,9.5,-1.6077656,0,0,78.04524,37.852592,-63.869083,-4.0624733,0,0,0,0,0,0,0,0,0,0,0,0,0,0,0,0,0,0,0,0,0,0,0,0,0,0,0,0,0,0,0,
..\..\..\files\weather\calibration\daily\Verduno.csv,11/28/2013 12:00:00 AM,6.39,-2.98,0,0,71.074524,36.32301,-66.04796,-2.178874,0,0,0,0,0,0,0,0,0,0,0,0,0,0,0,0,0,0,0,0,0,0,0,0,0,0,0,0,0,0,0,
..\..\..\files\weather\calibration\daily\Verduno.csv,11/29/2013 12:00:00 AM,8.09,-2.4899998,0,0,73.39251,34.625107,-69.14097,-3.0930107,0,0,0,0,0,0,0,0,0,0,0,0,0,0,0,0,0,0,0,0,0,0,0,0,0,0,0,0,0,0,0,
..\..\..\files\weather\calibration\daily\Verduno.csv,11/30/2013 12:00:00 AM,8.72,-2.2799997,0.079166666,1,74.63776,34.060253,-72.59726,-3.4562912,0,0,0,0,0,0,0,0,0,0,0,0,0,0,0,0,0,0,0,0,0,0,0,0,0,0,0,0,0,0,0,
..\..\..\files\weather\calibration\daily\Verduno.csv,12/1/2013 12:00:00 AM,5.42,0.48000002,1.8208333,23,78.635826,55.402153,-75.06726,-2.47,0,0,0,0,0,0,0,0,0,0,0,0,0,0,0,0,0,0,0,0,0,0,0,0,0,0,0,0,0,0,0,
..\..\..\files\weather\calibration\daily\Verduno.csv,12/2/2013 12:00:00 AM,10.63,0.64000034,0,0,81.86323,40.933887,-80.0424,-4.975135,0,0,0,0,0,0,0,0,0,0,0,0,0,0,0,0,0,0,0,0,0,0,0,0,0,0,0,0,0,0,0,
..\..\..\files\weather\calibration\daily\Verduno.csv,12/3/2013 12:00:00 AM,11.62,1.9054301,0,0,85.370926,44.233936,-84.7646,-4.722209,0,0,0,0,0,0,0,0,0,0,0,0,0,0,0,0,0,0,0,0,0,0,0,0,0,0,0,0,0,0,0,
..\..\..\files\weather\calibration\daily\Verduno.csv,12/4/2013 12:00:00 AM,12.02,0.17000008,0,0,80.43432,35.453735,-90.51743,-5.7528315,0,0,0,0,0,0,0,0,0,0,0,0,0,0,0,0,0,0,0,0,0,0,0,0,0,0,0,0,0,0,0,
..\..\..\files\weather\calibration\daily\Verduno.csv,12/5/2013 12:00:00 AM,11.72,-0.9499998,0,0,77.693726,32.192783,-96.054794,-5.5373645,0,0,0,0,0,0,0,0,0,0,0,0,0,0,0,0,0,0,0,0,0,0,0,0,0,0,0,0,0,0,0,
..\..\..\files\weather\calibration\daily\Verduno.csv,12/6/2013 12:00:00 AM,12.87,0.4300003,0,0,80.748375,34.299843,-101.943726,-5.8889346,0,0,0,0,0,0,0,0,0,0,0,0,0,0,0,0,0,0,0,0,0,0,0,0,0,0,0,0,0,0,0,
..\..\..\files\weather\calibration\daily\Verduno.csv,12/7/2013 12:00:00 AM,14.99,1.0900002,0,0,80.881584,31.40018,-101.04804,-6.0543127,0.895687,0,0,0,0,0,0,0,0,0,0,0,0,0,0,0,0,0,0,0,0,0,0,0,0,0,0,0,0,0,0,
..\..\..\files\weather\calibration\daily\Verduno.csv,12/8/2013 12:00:00 AM,12.8,0.59000015,0,0,81.18953,35.0489,-100.727,-5.7839518,0.32104838,0,0,0,0,0,0,0,0,0,0,0,0,0,0,0,0,0,0,0,0,0,0,0,0,0,0,0,0,0,0,
..\..\..\files\weather\calibration\daily\Verduno.csv,12/9/2013 12:00:00 AM,9.1,-0.77000046,0,0,78.06463,39.03805,-100.727,-4.1950355,0,0,0,0,0,0,0,0,0,0,0,0,0,0,0,0,0,0,0,0,0,0,0,0,0,0,0,0,0,0,0,
..\..\..\files\weather\calibration\daily\Verduno.csv,12/10/2013 12:00:00 AM,7.98,-0.94000006,0,0,77.16449,41.115208,-100.727,-3.569529,0,0,0,0,0,0,0,0,0,0,0,0,0,0,0,0,0,0,0,0,0,0,0,0,0,0,0,0,0,0,0,
..\..\..\files\weather\calibration\daily\Verduno.csv,12/11/2013 12:00:00 AM,8.58,-0.6099999,0,0,78.27766,41.021355,-100.727,-4.005245,0,0,0,0,0,0,0,0,0,0,0,0,0,0,0,0,0,0,0,0,0,0,0,0,0,0,0,0,0,0,0,
..\..\..\files\weather\calibration\daily\Verduno.csv,12/12/2013 12:00:00 AM,9.43,-0.71000004,0,0,78.305374,38.465996,-100.727,-4.384857,0,0,0,0,0,0,0,0,0,0,0,0,0,0,0,0,0,0,0,0,0,0,0,0,0,0,0,0,0,0,0,
..\..\..\files\weather\calibration\daily\Verduno.csv,12/13/2013 12:00:00 AM,6.44,-1.06,0,0,75.79587,44.484596,-100.727,-2.764907,0,0,0,0,0,0,0,0,0,0,0,0,0,0,0,0,0,0,0,0,0,0,0,0,0,0,0,0,0,0,0,
..\..\..\files\weather\calibration\daily\Verduno.csv,12/14/2013 12:00:00 AM,9.94,-0.9200001,0,0,77.87196,36.402348,-100.727,-4.5489683,0,0,0,0,0,0,0,0,0,0,0,0,0,0,0,0,0,0,0,0,0,0,0,0,0,0,0,0,0,0,0,
..\..\..\files\weather\calibration\daily\Verduno.csv,12/15/2013 12:00:00 AM,11.54,-0.85999966,0,0,77.96019,32.905827,-100.63137,-5.465452,0.09562903,0,0,0,0,0,0,0,0,0,0,0,0,0,0,0,0,0,0,0,0,0,0,0,0,0,0,0,0,0,0,
..\..\..\files\weather\calibration\daily\Verduno.csv,12/16/2013 12:00:00 AM,10.03,-0.06000042,0,0,80.051765,39.604057,-100.631325,-4.985223,4.459782E-05,0,0,0,0,0,0,0,0,0,0,0,0,0,0,0,0,0,0,0,0,0,0,0,0,0,0,0,0,0,0,
..\..\..\files\weather\calibration\daily\Verduno.csv,12/17/2013 12:00:00 AM,11.17,-0.9300003,0,0,77.847015,33.501297,-100.57476,-5.2123055,0.056566123,0,0,0,0,0,0,0,0,0,0,0,0,0,0,0,0,0,0,0,0,0,0,0,0,0,0,0,0,0,0,
..\..\..\files\weather\calibration\daily\Verduno.csv,12/18/2013 12:00:00 AM,11.85,-0.4499998,0,0,78.91636,33.626076,-100.43563,-5.8473587,0.13912606,0,0,0,0,0,0,0,0,0,0,0,0,0,0,0,0,0,0,0,0,0,0,0,0,0,0,0,0,0,0,
..\..\..\files\weather\calibration\daily\Verduno.csv,12/19/2013 12:00:00 AM,8.77,1.0299997,1.3583332,1,82.513954,48.079212,-100.43563,-3.8700004,0,0,0,0,0,0,0,0,0,0,0,0,0,0,0,0,0,0,0,0,0,0,0,0,0,0,0,0,0,0,0,
..\..\..\files\weather\calibration\daily\Verduno.csv,12/20/2013 12:00:00 AM,5.62,2.06,31.491665,24,86.00578,64.47803,-100.43563,-1.78,0,0,0,0,0,0,0,0,0,0,0,0,0,0,0,0,0,0,0,0,0,0,0,0,0,0,0,0,0,0,0,
..\..\..\files\weather\calibration\daily\Verduno.csv,12/21/2013 12:00:00 AM,6.13,3.87,6.0416665,24,88.9569,75.19793,-100.43563,-1.1300001,0,0,0,0,0,0,0,0,0,0,0,0,0,0,0,0,0,0,0,0,0,0,0,0,0,0,0,0,0,0,0,
..\..\..\files\weather\calibration\daily\Verduno.csv,12/22/2013 12:00:00 AM,8.95,4.9000006,6.708333,24,94.75574,70.20791,-100.43563,-2.0249996,0,0,0,0,0,0,0,0,0,0,0,0,0,0,0,0,0,0,0,0,0,0,0,0,0,0,0,0,0,0,0,
..\..\..\files\weather\calibration\daily\Verduno.csv,12/23/2013 12:00:00 AM,9,5.5627074,0.15416667,11,97.13177,82.13624,-100.43563,-1.7186465,0,0,0,0,0,0,0,0,0,0,0,0,0,0,0,0,0,0,0,0,0,0,0,0,0,0,0,0,0,0,0,
..\..\..\files\weather\calibration\daily\Verduno.csv,12/24/2013 12:00:00 AM,9.6,4.87,4.5458336,24,92.821465,67.143906,-100.43563,-2.3650002,0,0,0,0,0,0,0,0,0,0,0,0,0,0,0,0,0,0,0,0,0,0,0,0,0,0,0,0,0,0,0,
..\..\..\files\weather\calibration\daily\Verduno.csv,12/25/2013 12:00:00 AM,9.09,5.74,26,24,96.85204,75.55999,-100.43563,-1.6750002,0,0,0,0,0,0,0,0,0,0,0,0,0,0,0,0,0,0,0,0,0,0,0,0,0,0,0,0,0,0,0,
..\..\..\files\weather\calibration\daily\Verduno.csv,12/26/2013 12:00:00 AM,10.32,6.0945864,70.05417,24,99.73063,81.81614,-100.423515,-2.100589,0.012117134,0,0,0,0,0,0,0,0,0,0,0,0,1,0,0,0,0,0,0,0,0,0,0,0,0,0,0,0,1,0,
..\..\..\files\weather\calibration\daily\Verduno.csv,12/27/2013 12:00:00 AM,9.56,3.3068795,24.245834,23,94.49908,71.613815,-100.423515,-3.1265607,0,0,0,0,0,0,0,0,0,0,0,0,0,0,0,0,0,0,0,0,0,0,0,0,0,0,0,0,0,0,0,
..\..\..\files\weather\calibration\daily\Verduno.csv,12/28/2013 12:00:00 AM,11.39,1.9200001,0.8458333,1,85.08252,44.346657,-100.3215,-4.6329885,0.102011666,0,0,0,0,0,0,0,0,0,0,0,0,0,0,0,0,0,0,0,0,0,0,0,0,0,0,0,0,0,0,
..\..\..\files\weather\calibration\daily\Verduno.csv,12/29/2013 12:00:00 AM,8.12,1.7600002,19.454166,23,84.08774,53.958954,-100.3215,-3.1799998,0,0,0,0,0,0,0,0,0,0,0,0,0,0,0,0,0,0,0,0,0,0,0,0,0,0,0,0,0,0,0,
..\..\..\files\weather\calibration\daily\Verduno.csv,12/30/2013 12:00:00 AM,9.56,0.58571094,0,0,83.73166,47.539978,-100.3215,-4.4871445,0,0,0,0,0,0,0,0,0,0,0,0,0,0,0,0,0,0,0,0,0,0,0,0,0,0,0,0,0,0,0,
..\..\..\files\weather\calibration\daily\Verduno.csv,12/31/2013 12:00:00 AM,9.07,-0.8699999,0,0,77.80453,38.70274,-100.3215,-4.1380734,0,0,0,0,0,0,0,0,0,0,0,0,0,0,0,0,0,0,0,0,0,0,0,0,0,0,0,0,0,0,0,
