"site","year","month","day","tmax","tmin","prec"
"AL002",2003,1,1,10.86,3.84,0
"AL002",2003,1,2,8.64,5.82,0
"AL002",2003,1,3,12.06,5.21,0
"AL002",2003,1,4,9.48,3.34,0
"AL002",2003,1,5,6.48,1.09,0
"AL002",2003,1,6,3.76,0.3,0
"AL002",2003,1,7,5.97,-0.36,0
"AL002",2003,1,8,1.21,0.09,0
"AL002",2003,1,9,5.89,-0.41,0
"AL002",2003,1,10,4.91,0.55,0
"AL002",2003,1,11,4.3,1.1,0
"AL002",2003,1,12,3.46,-1.51,0
"AL002",2003,1,13,5.08,-2.51,0
"AL002",2003,1,14,9.93,1.34,0
"AL002",2003,1,15,8.13,1.04,0
"AL002",2003,1,16,7.58,1.65,0
"AL002",2003,1,17,5.65,1.24,0
"AL002",2003,1,18,7.4,0.65,0
"AL002",2003,1,19,7.03,0.39,0
"AL002",2003,1,20,5.84,2.33,0
"AL002",2003,1,21,5.49,2.64,23.5
"AL002",2003,1,22,8.29,1.25,0
"AL002",2003,1,23,6.69,2.06,0
"AL002",2003,1,24,10.67,2.32,0
"AL002",2003,1,25,9.53,4.19,0
"AL002",2003,1,26,8.26,2.22,0
"AL002",2003,1,27,11.69,1.66,0
"AL002",2003,1,28,15.98,3.89,0
"AL002",2003,1,29,10.47,1.5,0
"AL002",2003,1,30,9.01,-0.27,0
"AL002",2003,1,31,5.04,-0.78,0
"AL002",2003,2,1,5.95,-1.26,0
"AL002",2003,2,2,7.13,-1.84,0
"AL002",2003,2,3,7.08,-0.79,0
"AL002",2003,2,4,7.84,2.01,0
"AL002",2003,2,5,9.38,1.63,0
"AL002",2003,2,6,9.22,0.25,0
"AL002",2003,2,7,9.78,-1.95,0
"AL002",2003,2,8,10.08,0.19,0
"AL002",2003,2,9,5.61,-0.69,0
"AL002",2003,2,10,6.04,-1.69,0
"AL002",2003,2,11,6.62,-2.17,0
"AL002",2003,2,12,4.32,-2.24,0
"AL002",2003,2,13,2.75,-1.94,0
"AL002",2003,2,14,4.16,-2.12,0
"AL002",2003,2,15,8.54,-3.22,0
"AL002",2003,2,16,3.89,-1.19,0
"AL002",2003,2,17,3,-0.82,0
"AL002",2003,2,18,6.6,-2.4,0
"AL002",2003,2,19,8.33,-3.44,0
"AL002",2003,2,20,9.6,-0.74,0
"AL002",2003,2,21,11.17,-0.22,0
"AL002",2003,2,22,9.31,-0.64,0
"AL002",2003,2,23,8.33,0,0
"AL002",2003,2,24,10.32,-0.3,0
"AL002",2003,2,25,12.69,-0.82,0
"AL002",2003,2,26,10.67,0.83,0
"AL002",2003,2,27,7.38,2.77,0
"AL002",2003,2,28,13.53,3.61,0
"AL002",2003,3,1,13.33,3.88,0
"AL002",2003,3,2,10.32,5.68,3.9
"AL002",2003,3,3,14.93,3.97,0
"AL002",2003,3,4,14.59,2.21,0
"AL002",2003,3,5,14.31,1.52,0
"AL002",2003,3,6,12.34,4.92,0
"AL002",2003,3,7,13.34,3.84,2.5
"AL002",2003,3,8,13.75,3.88,0
"AL002",2003,3,9,13.85,4.63,0
"AL002",2003,3,10,20.74,4.5,0
"AL002",2003,3,11,15.05,5.3,0
"AL002",2003,3,12,15.4,7.52,0
"AL002",2003,3,13,17.26,6.34,0
"AL002",2003,3,14,12.19,5.04,0
"AL002",2003,3,15,7.16,3.81,0
"AL002",2003,3,16,12.15,1.69,0
"AL002",2003,3,17,14.86,1.66,0
"AL002",2003,3,18,15.29,3.57,0
"AL002",2003,3,19,15.73,2.88,0
"AL002",2003,3,20,17.78,3.76,0
"AL002",2003,3,21,15.7,3.52,0
"AL002",2003,3,22,12.76,5.1,0
"AL002",2003,3,23,13.1,2.98,0
"AL002",2003,3,24,17.93,2.76,0
"AL002",2003,3,25,16.62,4.1,0
"AL002",2003,3,26,15.55,4.98,0
"AL002",2003,3,27,17.15,5.96,0
"AL002",2003,3,28,17.3,6.08,0
"AL002",2003,3,29,17.17,7.7,0
"AL002",2003,3,30,18.69,7.01,0
"AL002",2003,3,31,19.04,8,0
"AL002",2003,4,1,17.88,10.47,0
"AL002",2003,4,2,14.14,8.16,0
"AL002",2003,4,3,10.01,5.77,11.7
"AL002",2003,4,4,10.12,5.83,11.3
"AL002",2003,4,5,18.46,4.85,0
"AL002",2003,4,6,19.36,4.91,0
"AL002",2003,4,7,8.6,2.05,0
"AL002",2003,4,8,9.7,-1.36,0
"AL002",2003,4,9,9.21,1.74,0
"AL002",2003,4,10,6.49,4.61,13.3
"AL002",2003,4,11,10.58,4.89,17.4
"AL002",2003,4,12,12.77,5.87,12.8
"AL002",2003,4,13,17.52,5.25,0
"AL002",2003,4,14,17.94,7.01,0
"AL002",2003,4,15,17.53,11.07,0
"AL002",2003,4,16,19.11,10.83,0
"AL002",2003,4,17,20.96,10.88,0
"AL002",2003,4,18,21.36,12.61,0
"AL002",2003,4,19,14.28,9.82,0
"AL002",2003,4,20,12.54,8.08,6.1
"AL002",2003,4,21,16.5,7.98,10.8
"AL002",2003,4,22,19.49,7.49,0
"AL002",2003,4,23,20.67,9.44,0
"AL002",2003,4,24,22.62,10.73,0
"AL002",2003,4,25,19.87,10.53,0
"AL002",2003,4,26,18.77,11.05,0
"AL002",2003,4,27,21.07,10.99,6.8
"AL002",2003,4,28,18.09,11.1,0
"AL002",2003,4,29,22.59,11.77,0
"AL002",2003,4,30,19.68,13.18,0
"AL002",2003,5,1,21.92,14.16,0
"AL002",2003,5,2,17.68,13.11,0
"AL002",2003,5,3,24.37,13.63,0
"AL002",2003,5,4,25.21,12.03,0
"AL002",2003,5,5,26.23,14.99,0
"AL002",2003,5,6,26.37,14.47,0
"AL002",2003,5,7,27.47,16.66,0
"AL002",2003,5,8,26.26,15.54,0
"AL002",2003,5,9,25.4,15.26,0
"AL002",2003,5,10,20.45,14.19,0
"AL002",2003,5,11,24.8,12.59,0
"AL002",2003,5,12,25.1,14.49,0
"AL002",2003,5,13,24.9,14.19,0
"AL002",2003,5,14,22.85,12.61,0
"AL002",2003,5,15,21.2,10.57,0
"AL002",2003,5,16,19.46,11.1,0
"AL002",2003,5,17,20.53,11.03,0
"AL002",2003,5,18,22.66,11.48,0
"AL002",2003,5,19,21.43,13,0
"AL002",2003,5,20,21.94,11.98,10.2
"AL002",2003,5,21,23.91,9.91,0
"AL002",2003,5,22,24.87,9.93,0
"AL002",2003,5,23,25.5,13.2,0
"AL002",2003,5,24,26.1,13.89,0
"AL002",2003,5,25,25.84,14.7,0
"AL002",2003,5,26,20.95,15.22,0
"AL002",2003,5,27,24.93,14.86,2.6
"AL002",2003,5,28,27.9,16.5,0
"AL002",2003,5,29,27.69,16.8,0
"AL002",2003,5,30,24.97,16.15,3
"AL002",2003,5,31,26.95,16.75,0
"AL002",2003,6,1,27.32,17.61,0
"AL002",2003,6,2,26.47,16.42,0
"AL002",2003,6,3,25.29,17.38,0
"AL002",2003,6,4,27.22,17.91,0
"AL002",2003,6,5,28.75,18.52,0
"AL002",2003,6,6,29.2,17.82,0
"AL002",2003,6,7,29.72,17.48,0
"AL002",2003,6,8,29.41,18.25,0
"AL002",2003,6,9,30.46,19.08,0
"AL002",2003,6,10,30.81,18.44,0
"AL002",2003,6,11,31.77,18.87,0
"AL002",2003,6,12,32.5,21,0
"AL002",2003,6,13,33.53,22.27,0
"AL002",2003,6,14,32.65,20.81,0
"AL002",2003,6,15,31.6,20.29,0
"AL002",2003,6,16,32.33,20.51,0
"AL002",2003,6,17,27.14,18.89,0
"AL002",2003,6,18,29.87,17.46,0
"AL002",2003,6,19,30.6,19.65,0
"AL002",2003,6,20,32.93,19.59,0
"AL002",2003,6,21,33.27,19.75,0
"AL002",2003,6,22,31.11,20.57,0
"AL002",2003,6,23,30.25,20,0
"AL002",2003,6,24,31.47,21.03,0
"AL002",2003,6,25,32.11,21.02,0
"AL002",2003,6,26,32.03,21.57,0
"AL002",2003,6,27,30.55,21.53,0
"AL002",2003,6,28,28,18.22,0
"AL002",2003,6,29,28.46,17.76,23.4
"AL002",2003,6,30,28.97,19.96,0
"AL002",2003,7,1,27.99,20.06,0
"AL002",2003,7,2,27.89,16.2,0
"AL002",2003,7,3,27.28,18.13,0
"AL002",2003,7,4,27.05,15.61,0
"AL002",2003,7,5,27.51,15.24,0
"AL002",2003,7,6,28.89,15.91,0
"AL002",2003,7,7,29.31,17.19,0
"AL002",2003,7,8,30.5,18.42,0
"AL002",2003,7,9,28.99,19.05,0
"AL002",2003,7,10,30.75,19.13,0
"AL002",2003,7,11,31.33,19.13,0
"AL002",2003,7,12,30.73,20.93,0
"AL002",2003,7,13,31.28,20.07,0
"AL002",2003,7,14,27.2,20.54,0
"AL002",2003,7,15,29.46,21.27,0
"AL002",2003,7,16,30.9,20.36,0
"AL002",2003,7,17,31.21,21.29,0
"AL002",2003,7,18,32.12,20.17,0
"AL002",2003,7,19,31.61,21.26,0
"AL002",2003,7,20,31.99,21.06,0
"AL002",2003,7,21,32.51,21.01,0
"AL002",2003,7,22,32.03,19.26,0
"AL002",2003,7,23,32.9,21.94,0
"AL002",2003,7,24,26.04,18.94,0
"AL002",2003,7,25,30.29,19.11,0
"AL002",2003,7,26,31.09,20.07,0
"AL002",2003,7,27,31.21,20.56,0
"AL002",2003,7,28,30.15,19.4,0
"AL002",2003,7,29,31.48,20.31,0
"AL002",2003,7,30,29.92,19.55,0
"AL002",2003,7,31,26.14,16.73,0
"AL002",2003,8,1,31.97,17.28,0
"AL002",2003,8,2,32.19,20.17,0
"AL002",2003,8,3,33.61,21.59,0
"AL002",2003,8,4,34.93,23.11,0
"AL002",2003,8,5,35.67,23.09,0
"AL002",2003,8,6,35.23,23.57,0
"AL002",2003,8,7,34.99,22.74,0
"AL002",2003,8,8,32.95,22.47,0
"AL002",2003,8,9,35.02,22.01,0
"AL002",2003,8,10,34.4,22.82,0
"AL002",2003,8,11,35.98,22.6,0
"AL002",2003,8,12,33.88,22.74,0
"AL002",2003,8,13,34.19,23.54,0
"AL002",2003,8,14,33.68,22.43,0
"AL002",2003,8,15,30.29,20.49,0
"AL002",2003,8,16,31.27,20.74,0
"AL002",2003,8,17,31.84,20.66,0
"AL002",2003,8,18,30.23,21.08,0
"AL002",2003,8,19,31.96,19.72,0
"AL002",2003,8,20,31.38,19.72,0
"AL002",2003,8,21,30.15,20.06,0
"AL002",2003,8,22,30.64,20.6,0
"AL002",2003,8,23,32.49,20.35,0
"AL002",2003,8,24,31.72,20.81,0
"AL002",2003,8,25,31.06,19.55,0
"AL002",2003,8,26,30.35,19.92,0
"AL002",2003,8,27,31.11,19.62,0
"AL002",2003,8,28,29.5,21.67,0
"AL002",2003,8,29,29.78,21.5,0
"AL002",2003,8,30,30.05,18.92,0
"AL002",2003,8,31,29.04,19.09,0
"AL002",2003,9,1,23.36,16.52,0
"AL002",2003,9,2,25.48,13.77,0
"AL002",2003,9,3,23.73,14.88,0
"AL002",2003,9,4,24.61,13.18,0
"AL002",2003,9,5,22.65,13.12,0
"AL002",2003,9,6,25.95,14.01,0
"AL002",2003,9,7,25.29,14.93,0
"AL002",2003,9,8,20.94,16.28,10.5
"AL002",2003,9,9,19.4,15.81,15
"AL002",2003,9,10,27.79,14.42,22.3
"AL002",2003,9,11,27.54,14.39,0
"AL002",2003,9,12,25.67,12.72,0
"AL002",2003,9,13,25.8,13.83,0
"AL002",2003,9,14,23.37,13.56,0
"AL002",2003,9,15,22.59,14.81,0
"AL002",2003,9,16,25.94,12.23,0
"AL002",2003,9,17,26.09,12.96,0
"AL002",2003,9,18,26.99,13.85,0
"AL002",2003,9,19,28.12,14.67,0
"AL002",2003,9,20,27.89,15.19,0
"AL002",2003,9,21,27.52,14.46,0
"AL002",2003,9,22,25.41,14.05,0
"AL002",2003,9,23,23.53,16.96,0
"AL002",2003,9,24,21.27,15.15,16.3
"AL002",2003,9,25,20.62,13.26,7.5
"AL002",2003,9,26,21.46,10.79,0
"AL002",2003,9,27,20.93,10.57,0
"AL002",2003,9,28,17.53,13.94,0
"AL002",2003,9,29,23.03,13.33,5.9
"AL002",2003,9,30,22.09,12.9,0
"AL002",2003,10,1,17.2,14.58,0
"AL002",2003,10,2,22,15.76,4.1
"AL002",2003,10,3,22.66,17.17,0
"AL002",2003,10,4,23.84,14.91,0
"AL002",2003,10,5,16.5,11.37,0
"AL002",2003,10,6,19.93,7.15,4.5
"AL002",2003,10,7,18.59,8.09,0
"AL002",2003,10,8,19.66,9.8,0
"AL002",2003,10,9,24.86,9.27,0
"AL002",2003,10,10,22.07,10.33,0
"AL002",2003,10,11,20.4,11.35,0
"AL002",2003,10,12,21.06,13.94,0
"AL002",2003,10,13,21.7,13.93,0
"AL002",2003,10,14,18.15,13.18,0
"AL002",2003,10,15,15.4,10.1,0
"AL002",2003,10,16,15.61,7.15,0
"AL002",2003,10,17,12.13,7.62,0
"AL002",2003,10,18,7.87,5.97,0
"AL002",2003,10,19,13.79,6.27,2.3
"AL002",2003,10,20,10.67,7.42,10.4
"AL002",2003,10,21,16.47,8.51,0
"AL002",2003,10,22,14.53,7.64,0
"AL002",2003,10,23,10.16,5.92,10
"AL002",2003,10,24,12.67,3.84,5
"AL002",2003,10,25,11.26,3.12,0
"AL002",2003,10,26,7.05,1.11,0
"AL002",2003,10,27,8.82,3.51,10.5
"AL002",2003,10,28,8.89,2.23,0
"AL002",2003,10,29,6.95,5.33,2.2
"AL002",2003,10,30,12.52,4.74,2.2
"AL002",2003,10,31,10.48,7.34,16.9
"AL002",2003,11,1,13.22,7.9,50.7
"AL002",2003,11,2,16.9,7.2,0
"AL002",2003,11,3,14.93,6.89,0
"AL002",2003,11,4,15.22,6.19,0
"AL002",2003,11,5,16.13,6.08,0
"AL002",2003,11,6,13.67,4.51,0
"AL002",2003,11,7,8.57,6.07,4.9
"AL002",2003,11,8,5.72,4.51,15.6
"AL002",2003,11,9,11.59,5.28,12.2
"AL002",2003,11,10,15.3,6.21,0
"AL002",2003,11,11,10.58,4.97,0
"AL002",2003,11,12,6.55,5.56,0
"AL002",2003,11,13,11.99,3.02,0
"AL002",2003,11,14,8.86,2.37,0
"AL002",2003,11,15,10.36,5.98,0
"AL002",2003,11,16,8.01,6.46,9.8
"AL002",2003,11,17,13.59,7.75,17.8
"AL002",2003,11,18,12.13,7.06,0
"AL002",2003,11,19,11.56,6.5,0
"AL002",2003,11,20,12.12,6.83,0
"AL002",2003,11,21,9.22,7.66,0
"AL002",2003,11,22,9.7,9.26,2.1
"AL002",2003,11,23,10.8,9.11,13.5
"AL002",2003,11,24,11.62,10.02,54.4
"AL002",2003,11,25,12.64,9.08,20.6
"AL002",2003,11,26,12.21,9.97,8.4
"AL002",2003,11,27,11.19,7.72,20.5
"AL002",2003,11,28,10.82,6.38,27.6
"AL002",2003,11,29,12.15,4.67,0
"AL002",2003,11,30,8.97,4.5,0
"AL002",2003,12,1,8.94,7.02,24.8
"AL002",2003,12,2,8.36,7.5,43.9
"AL002",2003,12,3,12.08,7.85,32.6
"AL002",2003,12,4,11.99,9.26,8.4
"AL002",2003,12,5,12.64,6.58,7.4
"AL002",2003,12,6,13.42,6.63,0
"AL002",2003,12,7,9.44,2.29,0
"AL002",2003,12,8,6.55,0.24,0
"AL002",2003,12,9,8.84,-0.03,0
"AL002",2003,12,10,4.25,1.2,0
"AL002",2003,12,11,9.12,2.32,0
"AL002",2003,12,12,11.92,3.25,0
"AL002",2003,12,13,11.44,2.75,0
"AL002",2003,12,14,13.79,4.48,0
"AL002",2003,12,15,12.54,3.37,0
"AL002",2003,12,16,9.59,0.38,0
"AL002",2003,12,17,6.98,-0.61,0
"AL002",2003,12,18,4.9,2.82,2.6
"AL002",2003,12,19,6.99,2.42,10.2
"AL002",2003,12,20,6.78,1.51,0
"AL002",2003,12,21,6.56,3.5,0
"AL002",2003,12,22,7.32,0.9,0
"AL002",2003,12,23,4.94,-0.64,0
"AL002",2003,12,24,5.66,-2.98,0
"AL002",2003,12,25,6.83,-2.5,0
"AL002",2003,12,26,9.65,-1.75,0
"AL002",2003,12,27,6.7,0.74,0
"AL002",2003,12,28,3.96,2.57,33.5
"AL002",2003,12,29,5.14,0.75,40.7
"AL002",2003,12,30,5.86,3.01,14.1
"AL002",2003,12,31,7.19,3.78,11.1
"AL002",2004,1,1,7.65,1.87,3.4
"AL002",2004,1,2,4.36,1.88,5.8
"AL002",2004,1,3,6.03,1.81,3.8
"AL002",2004,1,4,4.35,-2.08,0
"AL002",2004,1,5,7.87,-2.86,0
"AL002",2004,1,6,3.87,-1.41,0
"AL002",2004,1,7,4.38,0.58,0
"AL002",2004,1,8,4.36,2.79,0
"AL002",2004,1,9,5.77,1.75,0
"AL002",2004,1,10,10.18,0.91,0
"AL002",2004,1,11,6.99,1.08,0
"AL002",2004,1,12,9.01,2.74,0
"AL002",2004,1,13,10.68,3.95,0
"AL002",2004,1,14,14.47,3.67,0
"AL002",2004,1,15,11.3,2.11,0
"AL002",2004,1,16,8.64,0.24,0
"AL002",2004,1,17,9.43,3.41,0
"AL002",2004,1,18,6.32,2.06,5.9
"AL002",2004,1,19,7.75,1.71,2.8
"AL002",2004,1,20,8.9,0.87,0
"AL002",2004,1,21,8.08,0.72,0
"AL002",2004,1,22,4.98,0.52,0
"AL002",2004,1,23,3.29,-0.43,0
"AL002",2004,1,24,2.6,-2.29,0
"AL002",2004,1,25,7.51,-1.26,0
"AL002",2004,1,26,1.77,-1.65,0
"AL002",2004,1,27,3.16,-0.62,3.4
"AL002",2004,1,28,7.11,-2.33,0
"AL002",2004,1,29,4.43,-2.05,0
"AL002",2004,1,30,6.96,-3.16,0
"AL002",2004,1,31,5.05,2.23,0
"AL002",2004,2,1,9.24,2.52,0
"AL002",2004,2,2,10.52,3.31,0
"AL002",2004,2,3,12.71,2.74,0
"AL002",2004,2,4,15.07,2.82,0
"AL002",2004,2,5,12.48,3.23,0
"AL002",2004,2,6,11.38,2.81,0
"AL002",2004,2,7,10.06,4.23,0
"AL002",2004,2,8,14.91,1.41,0
"AL002",2004,2,9,14.79,2.57,0
"AL002",2004,2,10,12.02,0.77,0
"AL002",2004,2,11,12.69,1.71,0
"AL002",2004,2,12,12.33,1.32,0
"AL002",2004,2,13,8.53,0.22,0
"AL002",2004,2,14,10.63,0.64,0
"AL002",2004,2,15,12.73,1.95,0
"AL002",2004,2,16,10.5,1.04,0
"AL002",2004,2,17,10.21,2.7,0
"AL002",2004,2,18,9.84,3.51,0
"AL002",2004,2,19,6.03,0.99,5.9
"AL002",2004,2,20,5.6,1.31,8.5
"AL002",2004,2,21,3.02,1.74,19.3
"AL002",2004,2,22,5.68,1.97,22.5
"AL002",2004,2,23,7.56,4.24,8.4
"AL002",2004,2,24,7.87,-0.13,0
"AL002",2004,2,25,2.91,-0.37,0
"AL002",2004,2,26,3.27,-0.38,0
"AL002",2004,2,27,7.81,-0.01,0
"AL002",2004,2,28,4.27,-0.53,0
"AL002",2004,2,29,6.88,-2.08,0
"AL002",2004,3,1,5.69,0.76,0
"AL002",2004,3,2,7.26,-1.19,0
"AL002",2004,3,3,12.36,-0.15,0
"AL002",2004,3,4,13.17,0.76,0
"AL002",2004,3,5,10.15,1.09,0
"AL002",2004,3,6,4.92,1.2,0
"AL002",2004,3,7,6.34,2.41,0
"AL002",2004,3,8,9.26,1.32,0
"AL002",2004,3,9,11.19,0.57,0
"AL002",2004,3,10,6.29,2.58,6.3
"AL002",2004,3,11,5.22,2.3,13.8
"AL002",2004,3,12,9.16,1.2,0
"AL002",2004,3,13,11.4,4.33,0
"AL002",2004,3,14,8.66,6.82,0
"AL002",2004,3,15,17.18,6,0
"AL002",2004,3,16,20.01,5.88,0
"AL002",2004,3,17,21.59,6.43,0
"AL002",2004,3,18,21.43,7.13,0
"AL002",2004,3,19,15.62,7.13,0
"AL002",2004,3,20,15.65,8.34,1.8
"AL002",2004,3,21,14.8,9.07,0
"AL002",2004,3,22,18.15,7.51,0
"AL002",2004,3,23,8.64,4.88,0
"AL002",2004,3,24,14.54,4.66,0
"AL002",2004,3,25,14.26,5.13,0
"AL002",2004,3,26,11.99,4.82,1.6
"AL002",2004,3,27,8.1,4.84,0
"AL002",2004,3,28,13.75,3.28,0
"AL002",2004,3,29,14.58,3.9,0
"AL002",2004,3,30,11.47,6.02,0
"AL002",2004,3,31,16.42,6.01,0
"AL002",2004,4,1,18.61,5.03,0
"AL002",2004,4,2,19.26,6.97,0
"AL002",2004,4,3,15.93,9.14,0
"AL002",2004,4,4,18.48,7.31,0
"AL002",2004,4,5,19.73,8.51,0
"AL002",2004,4,6,18.39,7.48,0
"AL002",2004,4,7,16.76,6.38,0
"AL002",2004,4,8,14.81,4.43,0
"AL002",2004,4,9,7.52,5.24,11.3
"AL002",2004,4,10,11.49,3.73,10.4
"AL002",2004,4,11,17.27,3.67,0
"AL002",2004,4,12,14.06,7.95,0
"AL002",2004,4,13,12.91,6.2,3.2
"AL002",2004,4,14,16.19,5.5,0
"AL002",2004,4,15,10.95,7.44,5.3
"AL002",2004,4,16,10.18,8.72,16.3
"AL002",2004,4,17,16.67,8.35,6.7
"AL002",2004,4,18,16.22,9.11,0
"AL002",2004,4,19,12.31,6.83,12.7
"AL002",2004,4,20,19.03,5.7,0
"AL002",2004,4,21,20.18,7.58,0
"AL002",2004,4,22,20.95,8.8,0
"AL002",2004,4,23,22.89,11.18,0
"AL002",2004,4,24,24.34,11.87,0
"AL002",2004,4,25,19.48,10.02,0
"AL002",2004,4,26,18,8.87,0
"AL002",2004,4,27,20.32,9.77,0
"AL002",2004,4,28,21.63,10.11,0
"AL002",2004,4,29,15.55,9.61,21.5
"AL002",2004,4,30,16.28,10.9,25.2
"AL002",2004,5,1,17.18,10.45,12.2
"AL002",2004,5,2,18.06,9.27,9.3
"AL002",2004,5,3,13.28,10.97,12.4
"AL002",2004,5,4,13.63,10.74,26.7
"AL002",2004,5,5,16.02,10.27,26.2
"AL002",2004,5,6,12.84,7.35,0
"AL002",2004,5,7,15.46,5.96,9.8
"AL002",2004,5,8,17.63,5.51,0
"AL002",2004,5,9,17.73,6.77,0
"AL002",2004,5,10,18.6,8.44,0
"AL002",2004,5,11,19.88,10.49,0
"AL002",2004,5,12,19.92,10.63,0
"AL002",2004,5,13,20.49,10.92,0
"AL002",2004,5,14,22.19,11.89,0
"AL002",2004,5,15,20.87,12.54,0
"AL002",2004,5,16,26.36,11.61,0
"AL002",2004,5,17,22.7,12.74,0
"AL002",2004,5,18,23.48,12.34,0
"AL002",2004,5,19,26.04,13.17,0
"AL002",2004,5,20,23.85,14.1,0
"AL002",2004,5,21,23.14,13.94,0
"AL002",2004,5,22,21.01,13.51,0
"AL002",2004,5,23,22.13,12.41,0
"AL002",2004,5,24,19.34,11.61,0
"AL002",2004,5,25,21.77,9.2,0
"AL002",2004,5,26,22.3,10.07,0
"AL002",2004,5,27,23.28,10.75,0
"AL002",2004,5,28,22.4,12.38,0
"AL002",2004,5,29,23.07,11.61,0
"AL002",2004,5,30,23.95,11.45,0
"AL002",2004,5,31,21.85,14.32,0
"AL002",2004,6,1,21.27,15.64,7.8
"AL002",2004,6,2,24.18,14.4,0
"AL002",2004,6,3,26.31,14.19,0
"AL002",2004,6,4,27.36,13.25,0
"AL002",2004,6,5,27.04,15.99,0
"AL002",2004,6,6,24.06,14.81,0
"AL002",2004,6,7,26.07,13.46,0
"AL002",2004,6,8,28.54,14.28,0
"AL002",2004,6,9,30.33,16.2,0
"AL002",2004,6,10,29.88,17.32,0
"AL002",2004,6,11,28.62,16.66,0
"AL002",2004,6,12,26.39,17.61,0
"AL002",2004,6,13,20.76,16.27,3.1
"AL002",2004,6,14,21.67,14.76,1
"AL002",2004,6,15,26.61,14.43,0
"AL002",2004,6,16,26.04,15.7,0
"AL002",2004,6,17,27.47,16.28,0
"AL002",2004,6,18,29.58,16.96,0
"AL002",2004,6,19,25.98,16.4,0
"AL002",2004,6,20,23.76,15.44,1.5
"AL002",2004,6,21,24.42,13,0
"AL002",2004,6,22,22.28,14.81,0
"AL002",2004,6,23,24.14,16.05,0
"AL002",2004,6,24,27.28,15.75,0
"AL002",2004,6,25,28.91,17.39,0
"AL002",2004,6,26,26.34,17.4,0
"AL002",2004,6,27,29.68,17.21,0
"AL002",2004,6,28,30.29,18.66,0
"AL002",2004,6,29,30.43,19.74,0
"AL002",2004,6,30,27.2,19.74,0
"AL002",2004,7,1,26.64,19.61,0
"AL002",2004,7,2,29.38,19.24,0
"AL002",2004,7,3,26.95,17.74,0
"AL002",2004,7,4,27.97,15.96,0
"AL002",2004,7,5,29.02,17.64,0
"AL002",2004,7,6,29.33,17.86,0
"AL002",2004,7,7,27.71,18.32,0
"AL002",2004,7,8,24.9,18.75,5.3
"AL002",2004,7,9,26.68,16.08,0
"AL002",2004,7,10,27.1,15.57,0
"AL002",2004,7,11,25.96,15.33,0
"AL002",2004,7,12,23.78,14.2,0
"AL002",2004,7,13,25.95,13.06,0
"AL002",2004,7,14,27.2,14.03,0
"AL002",2004,7,15,29.53,15.68,0
"AL002",2004,7,16,27.93,16.03,0
"AL002",2004,7,17,28.88,16.25,0
"AL002",2004,7,18,29.68,16.95,0
"AL002",2004,7,19,29.84,19.2,0
"AL002",2004,7,20,29.41,19.6,0
"AL002",2004,7,21,30.82,18.66,0
"AL002",2004,7,22,32.29,19.1,0
"AL002",2004,7,23,32.85,20.81,0
"AL002",2004,7,24,28.21,19.78,0
"AL002",2004,7,25,31.69,19.23,0
"AL002",2004,7,26,30.02,19.69,0
"AL002",2004,7,27,28.48,19.27,0
"AL002",2004,7,28,27.27,17.23,0
"AL002",2004,7,29,28.47,17.9,0
"AL002",2004,7,30,29.68,18.01,0
"AL002",2004,7,31,30.15,18.63,0
"AL002",2004,8,1,31.24,19.14,0
"AL002",2004,8,2,30.85,19.96,0
"AL002",2004,8,3,30.47,20.89,0
"AL002",2004,8,4,28.73,20.06,0
"AL002",2004,8,5,26.69,19.04,12.8
"AL002",2004,8,6,29.99,18.4,0
"AL002",2004,8,7,29.99,18.88,0
"AL002",2004,8,8,27.15,18.19,9.7
"AL002",2004,8,9,27.24,19.47,0
"AL002",2004,8,10,28.85,20.54,0
"AL002",2004,8,11,27.77,19.73,0
"AL002",2004,8,12,28.92,20.54,1.4
"AL002",2004,8,13,30,19.02,0
"AL002",2004,8,14,30.26,17.76,0
"AL002",2004,8,15,30.56,16.97,0
"AL002",2004,8,16,28.33,17.63,0
"AL002",2004,8,17,28.98,18.67,0
"AL002",2004,8,18,27.82,20.29,0
"AL002",2004,8,19,29.36,20.31,0
"AL002",2004,8,20,29.25,19.99,0
"AL002",2004,8,21,29.14,17.54,0
"AL002",2004,8,22,28.03,14.07,0
"AL002",2004,8,23,27.21,14.54,0
"AL002",2004,8,24,24.84,18.58,0
"AL002",2004,8,25,27.24,17.57,0
"AL002",2004,8,26,28.73,16.66,0
"AL002",2004,8,27,28.28,15.53,0
"AL002",2004,8,28,27.37,14.66,0
"AL002",2004,8,29,27.28,16.65,0
"AL002",2004,8,30,26.67,16.93,0
"AL002",2004,8,31,26.38,17.61,0
"AL002",2004,9,1,24.82,16.07,0
"AL002",2004,9,2,28.09,16.36,0
"AL002",2004,9,3,29.86,17.31,0
"AL002",2004,9,4,31.59,18.9,0
"AL002",2004,9,5,29.55,18.46,0
"AL002",2004,9,6,25.98,17.8,0
"AL002",2004,9,7,27.2,16.06,0
"AL002",2004,9,8,28.87,15.72,0
"AL002",2004,9,9,27.75,15.52,0
"AL002",2004,9,10,25.91,16.55,0
"AL002",2004,9,11,26,16.57,0
"AL002",2004,9,12,22.98,17.38,4.3
"AL002",2004,9,13,23.78,16.44,0
"AL002",2004,9,14,18.96,16.23,16.7
"AL002",2004,9,15,23.14,15.76,16.3
"AL002",2004,9,16,20.73,14.97,13.4
"AL002",2004,9,17,22.8,14.14,0
"AL002",2004,9,18,24.57,13.15,0
"AL002",2004,9,19,24.93,13.37,0
"AL002",2004,9,20,24.51,14.49,0
"AL002",2004,9,21,25.36,15.12,0
"AL002",2004,9,22,27.39,14.7,0
"AL002",2004,9,23,28.1,15.57,0
"AL002",2004,9,24,25.34,13.03,0
"AL002",2004,9,25,23.05,9.65,0
"AL002",2004,9,26,22.86,10.88,0
"AL002",2004,9,27,21.87,9.35,0
"AL002",2004,9,28,21.28,10.05,0
"AL002",2004,9,29,21.5,10.22,0
"AL002",2004,9,30,23.28,12.09,0
"AL002",2004,10,1,22.61,13.13,0
"AL002",2004,10,2,22.53,12.79,0
"AL002",2004,10,3,23.57,14.65,0
"AL002",2004,10,4,23.29,14.27,0
"AL002",2004,10,5,23.69,14.43,0
"AL002",2004,10,6,24.15,14.31,0
"AL002",2004,10,7,21.58,15.98,0
"AL002",2004,10,8,22.63,15.21,0
"AL002",2004,10,9,23.39,17.62,0
"AL002",2004,10,10,22,14.83,0
"AL002",2004,10,11,19.9,11.18,0
"AL002",2004,10,12,14.35,11.1,0
"AL002",2004,10,13,13.64,8.67,0
"AL002",2004,10,14,13.27,6.57,6.7
"AL002",2004,10,15,14.25,9.53,6.2
"AL002",2004,10,16,16.5,8.7,0
"AL002",2004,10,17,18.43,7.16,0
"AL002",2004,10,18,14.36,6.6,0
"AL002",2004,10,19,13.34,11,2.4
"AL002",2004,10,20,14.97,10.74,10.3
"AL002",2004,10,21,17.93,13.68,6.7
"AL002",2004,10,22,18.94,14.65,0
"AL002",2004,10,23,20.01,12.76,0
"AL002",2004,10,24,19.4,12.02,0
"AL002",2004,10,25,17.14,14.12,0
"AL002",2004,10,26,18.99,14.52,5.9
"AL002",2004,10,27,17.09,12.52,4
"AL002",2004,10,28,15.07,12.67,13.4
"AL002",2004,10,29,14.94,11.53,23.1
"AL002",2004,10,30,17.15,11.04,13
"AL002",2004,10,31,18.26,11.62,8.6
"AL002",2004,11,1,15.83,12.39,20.7
"AL002",2004,11,2,16.99,13.19,32.7
"AL002",2004,11,3,19.36,13.74,0
"AL002",2004,11,4,20.72,12.95,0
"AL002",2004,11,5,21.32,12.09,0
"AL002",2004,11,6,16.99,11.72,0
"AL002",2004,11,7,15.41,7.42,0
"AL002",2004,11,8,13.15,3.32,0
"AL002",2004,11,9,6.86,2.37,4.9
"AL002",2004,11,10,8.46,4,11.6
"AL002",2004,11,11,8.1,4.39,9
"AL002",2004,11,12,11.76,7.71,0
"AL002",2004,11,13,17.73,7.09,0
"AL002",2004,11,14,10.81,5.03,0
"AL002",2004,11,15,11.62,4.33,0
"AL002",2004,11,16,13.55,1.84,0
"AL002",2004,11,17,14.06,2.76,0
"AL002",2004,11,18,13.65,4.28,0
"AL002",2004,11,19,16.65,4.83,0
"AL002",2004,11,20,11.21,1.29,0
"AL002",2004,11,21,10.97,1.07,0
"AL002",2004,11,22,8.5,3.23,0
"AL002",2004,11,23,13.69,4,0
"AL002",2004,11,24,12.62,3.82,0
"AL002",2004,11,25,9.3,3.18,0
"AL002",2004,11,26,10.66,4.39,0
"AL002",2004,11,27,12.72,3.48,0
"AL002",2004,11,28,9.77,2.53,0
"AL002",2004,11,29,7.41,5.12,31
"AL002",2004,11,30,7.48,2.44,22.8
"AL002",2004,12,1,8.45,1.81,2.7
"AL002",2004,12,2,7.58,5.52,3.8
"AL002",2004,12,3,9.22,4.46,0
"AL002",2004,12,4,9.42,3.18,0
"AL002",2004,12,5,10.56,7.23,0
"AL002",2004,12,6,12.26,6.52,0
"AL002",2004,12,7,11.36,6.1,0
"AL002",2004,12,8,11.39,7,0
"AL002",2004,12,9,12.49,7.62,0
"AL002",2004,12,10,14.39,4.65,0
"AL002",2004,12,11,13.01,1.6,0
"AL002",2004,12,12,14.72,0.52,0
"AL002",2004,12,13,13.92,1.51,0
"AL002",2004,12,14,12.13,1.49,0
"AL002",2004,12,15,10.83,2.44,0
"AL002",2004,12,16,8.84,3.18,5.8
"AL002",2004,12,17,7.94,3.97,0
"AL002",2004,12,18,10.26,2.74,0
"AL002",2004,12,19,9.62,1.64,0
"AL002",2004,12,20,8.41,2.14,0
"AL002",2004,12,21,7.96,0.54,0
"AL002",2004,12,22,6.76,-4.12,0
"AL002",2004,12,23,7.92,-1.71,0
"AL002",2004,12,24,6.88,0.35,0
"AL002",2004,12,25,3.18,1.82,8.9
"AL002",2004,12,26,4.75,1.36,21.8
"AL002",2004,12,27,9.1,2.58,9.3
"AL002",2004,12,28,7.55,2.65,10.5
"AL002",2004,12,29,8.41,3.25,0
"AL002",2004,12,30,9.07,1.4,0
"AL002",2004,12,31,9.16,-1.26,0
"AL002",2005,1,1,8.84,0.43,0
"AL002",2005,1,2,10.36,0.4,0
"AL002",2005,1,3,11.52,0.82,0
"AL002",2005,1,4,10.95,0.73,0
"AL002",2005,1,5,11.22,1.64,0
"AL002",2005,1,6,11.75,0.86,0
"AL002",2005,1,7,9.07,0.91,0
"AL002",2005,1,8,7.03,1.55,0
"AL002",2005,1,9,7.89,2.93,0
"AL002",2005,1,10,7.2,4.27,0
"AL002",2005,1,11,8.81,2.26,0
"AL002",2005,1,12,8.45,0.57,0
"AL002",2005,1,13,10.17,0.58,0
"AL002",2005,1,14,6.98,0.17,0
"AL002",2005,1,15,4.34,-0.82,0
"AL002",2005,1,16,4.69,0.06,0
"AL002",2005,1,17,4.7,-1.36,0
"AL002",2005,1,18,3.47,-0.6,0
"AL002",2005,1,19,8.01,0.82,0
"AL002",2005,1,20,11.44,0.74,0
"AL002",2005,1,21,16.92,3.86,0
"AL002",2005,1,22,13.22,2.84,0
"AL002",2005,1,23,5.62,0.2,0
"AL002",2005,1,24,5.94,-1.13,0
"AL002",2005,1,25,4.27,-1.61,0
"AL002",2005,1,26,4.19,-2.08,0
"AL002",2005,1,27,6.3,-2.91,0
"AL002",2005,1,28,3.59,-4,0
"AL002",2005,1,29,2.5,-4.24,0
"AL002",2005,1,30,7.09,-3.64,0
"AL002",2005,1,31,9.33,-2.89,0
"AL002",2005,2,1,14.77,-0.29,0
"AL002",2005,2,2,10.73,-1.47,0
"AL002",2005,2,3,14.42,-0.06,0
"AL002",2005,2,4,8.39,-0.24,0
"AL002",2005,2,5,2.48,0.08,0
"AL002",2005,2,6,6.03,-1.81,0
"AL002",2005,2,7,3.58,-2.89,0
"AL002",2005,2,8,5.43,-2.67,0
"AL002",2005,2,9,9.38,-3.09,0
"AL002",2005,2,10,13.13,-3,0
"AL002",2005,2,11,11.68,1.56,0
"AL002",2005,2,12,11.65,2,0
"AL002",2005,2,13,16.48,2.56,0
"AL002",2005,2,14,11.24,2.52,0
"AL002",2005,2,15,11.99,-0.08,0
"AL002",2005,2,16,8.35,-1.65,0
"AL002",2005,2,17,9.76,-0.55,0
"AL002",2005,2,18,9.89,-1.57,0
"AL002",2005,2,19,4.84,-1.66,0
"AL002",2005,2,20,3.75,0.31,2.2
"AL002",2005,2,21,4.03,0.01,0
"AL002",2005,2,22,4.3,-2.87,0
"AL002",2005,2,23,5.8,-3.06,0
"AL002",2005,2,24,4.73,-2.59,0
"AL002",2005,2,25,7.07,-1.79,0
"AL002",2005,2,26,7.12,-2.83,0
"AL002",2005,2,27,6.62,-2.81,0
"AL002",2005,2,28,1.63,-2.39,0
"AL002",2005,3,1,1.22,-5.79,0
"AL002",2005,3,2,4.15,-7.64,0
"AL002",2005,3,3,-0.25,-2.24,3.7
"AL002",2005,3,4,6.83,-4.78,0
"AL002",2005,3,5,5.97,-3.36,0
"AL002",2005,3,6,8.81,-1.62,0
"AL002",2005,3,7,7.39,-1.26,0
"AL002",2005,3,8,11.89,-1.76,0
"AL002",2005,3,9,14.68,1.13,0
"AL002",2005,3,10,14.9,0.86,0
"AL002",2005,3,11,11.03,0.18,0
"AL002",2005,3,12,13.88,3.27,0
"AL002",2005,3,13,15.97,2.78,0
"AL002",2005,3,14,13.21,3.61,0
"AL002",2005,3,15,16.99,4.45,0
"AL002",2005,3,16,19.52,4.43,0
"AL002",2005,3,17,19.54,4.31,0
"AL002",2005,3,18,22.42,7.49,0
"AL002",2005,3,19,20.85,8.19,0
"AL002",2005,3,20,17.01,6.1,0
"AL002",2005,3,21,14.58,7.69,0
"AL002",2005,3,22,13.99,8.01,0
"AL002",2005,3,23,16.9,7.43,0
"AL002",2005,3,24,15.62,8.63,3.7
"AL002",2005,3,25,18.15,10.62,1.1
"AL002",2005,3,26,15.59,10.22,5.6
"AL002",2005,3,27,12.33,10.05,11
"AL002",2005,3,28,20.87,9.79,6.2
"AL002",2005,3,29,14.2,10.04,0
"AL002",2005,3,30,16.76,8.5,7.3
"AL002",2005,3,31,18.36,8.79,4.8
"AL002",2005,4,1,15.82,8.71,0
"AL002",2005,4,2,15.25,6.96,0
"AL002",2005,4,3,16.72,5.45,0
"AL002",2005,4,4,17.73,4.54,0
"AL002",2005,4,5,18.04,5.81,0
"AL002",2005,4,6,18.44,5.09,0
"AL002",2005,4,7,14.56,8.71,0
"AL002",2005,4,8,12.75,9.32,0
"AL002",2005,4,9,13.78,7.74,11.1
"AL002",2005,4,10,11.29,6.23,10
"AL002",2005,4,11,11.73,7.56,7.7
"AL002",2005,4,12,12.61,6.82,2.9
"AL002",2005,4,13,19.31,5.43,0
"AL002",2005,4,14,16.46,7.34,0
"AL002",2005,4,15,16.85,10.06,0
"AL002",2005,4,16,11.54,6.4,16.2
"AL002",2005,4,17,12.57,5.77,6.7
"AL002",2005,4,18,18.08,4.94,4.3
"AL002",2005,4,19,12.86,7.96,0
"AL002",2005,4,20,12.6,7.42,6.7
"AL002",2005,4,21,19.44,5.18,0
"AL002",2005,4,22,16.62,7.78,0
"AL002",2005,4,23,12.71,8.43,0
"AL002",2005,4,24,11.96,10.35,9.1
"AL002",2005,4,25,15.35,7.65,19.4
"AL002",2005,4,26,22.83,7.59,0
"AL002",2005,4,27,22.93,8.77,0
"AL002",2005,4,28,23.31,11.46,0
"AL002",2005,4,29,25.59,13.59,0
"AL002",2005,4,30,25.7,13.09,0
"AL002",2005,5,1,25.28,12.71,0
"AL002",2005,5,2,24.39,13.07,0
"AL002",2005,5,3,22.59,14.25,0
"AL002",2005,5,4,22.57,12.37,0
"AL002",2005,5,5,22.23,10.68,0
"AL002",2005,5,6,25.11,10.36,0
"AL002",2005,5,7,24.05,11.52,0
"AL002",2005,5,8,23.75,11.76,0
"AL002",2005,5,9,20.51,11.09,0
"AL002",2005,5,10,14.46,11.32,0
"AL002",2005,5,11,20.55,11.41,0
"AL002",2005,5,12,19.89,11.6,0
"AL002",2005,5,13,21.37,12.87,0
"AL002",2005,5,14,17.48,12.79,0
"AL002",2005,5,15,21.4,9.94,0
"AL002",2005,5,16,18.91,11.97,0
"AL002",2005,5,17,19.18,10.77,0
"AL002",2005,5,18,19.03,11.6,15.8
"AL002",2005,5,19,23.86,11.42,0
"AL002",2005,5,20,23.09,11.36,0
"AL002",2005,5,21,24.17,12.42,0
"AL002",2005,5,22,24.39,14.81,0
"AL002",2005,5,23,20.34,14.11,0
"AL002",2005,5,24,25.19,11.47,15.5
"AL002",2005,5,25,27.46,13.71,0
"AL002",2005,5,26,27.68,14.48,0
"AL002",2005,5,27,28.68,16.44,0
"AL002",2005,5,28,29.94,16.93,0
"AL002",2005,5,29,30.09,17.4,0
"AL002",2005,5,30,29.29,18.16,0
"AL002",2005,5,31,30.16,18.02,0
"AL002",2005,6,1,25.07,17.79,0
"AL002",2005,6,2,26.08,16.04,0
"AL002",2005,6,3,27.04,15.7,0
"AL002",2005,6,4,26.13,17.19,0
"AL002",2005,6,5,27.73,17.85,0
"AL002",2005,6,6,26.53,17.47,0
"AL002",2005,6,7,28.39,15.12,0
"AL002",2005,6,8,23.64,13.05,0
"AL002",2005,6,9,20.46,12.01,0
"AL002",2005,6,10,21.72,10.45,0
"AL002",2005,6,11,20.84,11.93,0
"AL002",2005,6,12,22.58,15.19,0
"AL002",2005,6,13,22.82,15.44,0
"AL002",2005,6,14,20.37,15.59,9
"AL002",2005,6,15,25.64,16.02,0
"AL002",2005,6,16,30.12,17.06,0
"AL002",2005,6,17,31.51,19.85,0
"AL002",2005,6,18,31.67,19.12,0
"AL002",2005,6,19,31.27,20.18,0
"AL002",2005,6,20,29.8,19.87,0
"AL002",2005,6,21,30.44,19.28,0
"AL002",2005,6,22,31.67,19.36,0
"AL002",2005,6,23,31.4,19.38,0
"AL002",2005,6,24,30.03,19.53,0
"AL002",2005,6,25,29.86,20.21,0
"AL002",2005,6,26,33.32,18.17,0
"AL002",2005,6,27,34.12,20.5,0
"AL002",2005,6,28,33.9,21.13,0
"AL002",2005,6,29,31.38,20.82,0
"AL002",2005,6,30,30.59,19.31,0
"AL002",2005,7,1,30.51,20.19,0
"AL002",2005,7,2,31.15,17.46,0
"AL002",2005,7,3,30.74,18.57,0
"AL002",2005,7,4,28.63,18.94,0
"AL002",2005,7,5,27.75,17.68,7.9
"AL002",2005,7,6,26.96,15.56,0
"AL002",2005,7,7,27.06,15.68,0
"AL002",2005,7,8,26.38,15.26,5.8
"AL002",2005,7,9,24.56,15.54,4.4
"AL002",2005,7,10,23.74,15.18,5.6
"AL002",2005,7,11,30.68,16.03,0
"AL002",2005,7,12,30.06,17.7,0
"AL002",2005,7,13,27.39,17.58,0
"AL002",2005,7,14,29.93,17.11,0
"AL002",2005,7,15,29.57,17.77,0
"AL002",2005,7,16,29.33,19.18,0
"AL002",2005,7,17,31.8,20.04,0
"AL002",2005,7,18,28.25,19,0
"AL002",2005,7,19,31.31,16.89,0
"AL002",2005,7,20,30.34,18.64,0
"AL002",2005,7,21,32.18,18.89,0
"AL002",2005,7,22,29.84,18.18,0
"AL002",2005,7,23,26.96,17.33,0
"AL002",2005,7,24,27.42,17.61,0
"AL002",2005,7,25,29.46,19.35,0
"AL002",2005,7,26,30.55,19.14,0
"AL002",2005,7,27,30.99,20.5,0
"AL002",2005,7,28,33.56,21.32,0
"AL002",2005,7,29,31.95,21.16,0
"AL002",2005,7,30,31.97,20.97,0
"AL002",2005,7,31,30.98,19.6,0
"AL002",2005,8,1,30.97,17.87,0
"AL002",2005,8,2,27.27,18.11,0
"AL002",2005,8,3,29.88,16.85,0
"AL002",2005,8,4,30.32,17.41,0
"AL002",2005,8,5,29.4,16.12,0
"AL002",2005,8,6,27.59,15.92,0
"AL002",2005,8,7,27.17,16.67,0
"AL002",2005,8,8,27.06,14.82,0
"AL002",2005,8,9,27.32,14.35,0
"AL002",2005,8,10,25.86,16.11,0
"AL002",2005,8,11,26.1,18.08,23.9
"AL002",2005,8,12,28.49,17.68,18.7
"AL002",2005,8,13,28.56,17.67,0
"AL002",2005,8,14,27.25,17.42,0
"AL002",2005,8,15,28.5,15.24,0
"AL002",2005,8,16,29.7,13.65,0
"AL002",2005,8,17,28.89,15.69,0
"AL002",2005,8,18,27.15,16.43,0
"AL002",2005,8,19,29.49,17.33,0
"AL002",2005,8,20,25.23,17.35,0
"AL002",2005,8,21,21.41,16.03,15.4
"AL002",2005,8,22,23.39,14.75,11.1
"AL002",2005,8,23,28.54,15.37,0
"AL002",2005,8,24,26.97,16.2,0
"AL002",2005,8,25,24.99,16.92,0
"AL002",2005,8,26,26.17,18.24,0
"AL002",2005,8,27,24.99,18.09,6
"AL002",2005,8,28,23.61,16.56,26.8
"AL002",2005,8,29,27.92,17.94,0
"AL002",2005,8,30,30.29,17.2,0
"AL002",2005,8,31,28.88,18.16,0
"AL002",2005,9,1,28.4,18.32,0
"AL002",2005,9,2,31.45,18.39,0
"AL002",2005,9,3,29.55,18.59,0
"AL002",2005,9,4,26.83,17.92,0
"AL002",2005,9,5,25.2,17.84,0
"AL002",2005,9,6,24.55,16.88,4.4
"AL002",2005,9,7,22.72,16.45,10.3
"AL002",2005,9,8,23.01,16.34,33.3
"AL002",2005,9,9,21.68,16.73,28.3
"AL002",2005,9,10,25.08,15.61,12.2
"AL002",2005,9,11,22.05,15.41,19.2
"AL002",2005,9,12,22.29,14.31,15.6
"AL002",2005,9,13,25.93,13.63,0
"AL002",2005,9,14,27.35,14.53,0
"AL002",2005,9,15,28.02,16.06,0
"AL002",2005,9,16,22.56,15.8,0
"AL002",2005,9,17,22.63,15.91,4.6
"AL002",2005,9,18,18.11,13.66,12.7
"AL002",2005,9,19,19.8,12.39,0
"AL002",2005,9,20,23.49,12.44,0
"AL002",2005,9,21,22.44,12.9,0
"AL002",2005,9,22,22.88,13.64,0
"AL002",2005,9,23,24.27,12.84,0
"AL002",2005,9,24,23.41,13.43,0
"AL002",2005,9,25,24.27,13.79,0
"AL002",2005,9,26,24.33,13.46,0
"AL002",2005,9,27,23.08,14.83,0
"AL002",2005,9,28,22.68,16.13,0
"AL002",2005,9,29,22.33,14.78,0
"AL002",2005,9,30,24.05,12.82,0
"AL002",2005,10,1,20.84,11.54,0
"AL002",2005,10,2,17.57,11.85,8.5
"AL002",2005,10,3,13.65,10.56,5.2
"AL002",2005,10,4,15.65,9.55,5.9
"AL002",2005,10,5,14.37,9.8,1.7
"AL002",2005,10,6,17.07,11.65,2.7
"AL002",2005,10,7,17.51,12.74,5
"AL002",2005,10,8,18.34,12.23,4.3
"AL002",2005,10,9,21.35,10.21,0
"AL002",2005,10,10,19.5,10.82,0
"AL002",2005,10,11,18.33,10.25,0
"AL002",2005,10,12,19.32,9.5,0
"AL002",2005,10,13,19.77,8.4,0
"AL002",2005,10,14,20.11,9.88,0
"AL002",2005,10,15,19.55,9.52,0
"AL002",2005,10,16,21.19,9.22,0
"AL002",2005,10,17,18.43,11.58,0
"AL002",2005,10,18,16.29,10.69,0
"AL002",2005,10,19,12.05,9.99,8.8
"AL002",2005,10,20,13.23,10.01,4.8
"AL002",2005,10,21,16.97,10.79,0
"AL002",2005,10,22,16.35,12.9,0
"AL002",2005,10,23,16.02,13.19,0
"AL002",2005,10,24,18.98,11.89,0
"AL002",2005,10,25,17.49,12.63,0
"AL002",2005,10,26,19.15,11.98,0
"AL002",2005,10,27,18.77,11.86,0
"AL002",2005,10,28,20.3,10.66,0
"AL002",2005,10,29,20.38,9.82,0
"AL002",2005,10,30,18.7,8.32,0
"AL002",2005,10,31,16.57,11.02,0
"AL002",2005,11,1,15.4,11.84,9.1
"AL002",2005,11,2,16.34,10.87,0
"AL002",2005,11,3,17.28,9.44,0
"AL002",2005,11,4,14.5,11.24,9
"AL002",2005,11,5,14.46,12.72,11.6
"AL002",2005,11,6,13.66,11.38,7.4
"AL002",2005,11,7,17.65,8.31,0
"AL002",2005,11,8,15.47,8.3,0
"AL002",2005,11,9,14.51,8.95,0
"AL002",2005,11,10,14.81,9.31,0
"AL002",2005,11,11,13.79,8.1,0
"AL002",2005,11,12,11.79,6.72,0
"AL002",2005,11,13,12.81,8.4,0
"AL002",2005,11,14,10.17,8.02,0
"AL002",2005,11,15,10.32,8.07,1.7
"AL002",2005,11,16,12.25,8.82,0
"AL002",2005,11,17,14.74,6.81,0
"AL002",2005,11,18,11.96,4.24,0
"AL002",2005,11,19,10.95,1.61,0
"AL002",2005,11,20,9.47,-0.2,0
"AL002",2005,11,21,12.34,2.63,0
"AL002",2005,11,22,9.11,1.82,0
"AL002",2005,11,23,4.25,0.53,0
"AL002",2005,11,24,6.68,-1.37,0
"AL002",2005,11,25,4.77,-1.21,0
"AL002",2005,11,26,3.54,0.33,0
"AL002",2005,11,27,7.33,-1.34,0
"AL002",2005,11,28,8.42,-1.39,0
"AL002",2005,11,29,5.19,1.69,7.3
"AL002",2005,11,30,5.77,2.17,3.8
"AL002",2005,12,1,6.64,0.26,0
"AL002",2005,12,2,5.39,0.82,17.6
"AL002",2005,12,3,7.86,0.09,24.3
"AL002",2005,12,4,6.99,1.13,0
"AL002",2005,12,5,7.38,2.71,0
"AL002",2005,12,6,7.6,1.23,0
"AL002",2005,12,7,8.4,-0.16,0
"AL002",2005,12,8,4.47,-0.19,0
"AL002",2005,12,9,5.67,0.79,0
"AL002",2005,12,10,5.67,0.45,0
"AL002",2005,12,11,5.76,-0.55,0
"AL002",2005,12,12,4.88,1.91,0
"AL002",2005,12,13,7.41,1.25,0
"AL002",2005,12,14,7.48,1.63,0
"AL002",2005,12,15,6.11,0.55,0
"AL002",2005,12,16,9.72,0.53,0
"AL002",2005,12,17,11.19,1.2,0
"AL002",2005,12,18,7.37,-1,0
"AL002",2005,12,19,4.54,-1.93,0
"AL002",2005,12,20,6.61,0.54,0
"AL002",2005,12,21,6.99,-0.65,0
"AL002",2005,12,22,6.91,-0.38,0
"AL002",2005,12,23,5.69,0.37,0
"AL002",2005,12,24,4.99,0.95,0
"AL002",2005,12,25,5.51,2.99,0
"AL002",2005,12,26,4.63,1.21,3.1
"AL002",2005,12,27,3.97,0.43,0
"AL002",2005,12,28,1.87,-2.95,0
"AL002",2005,12,29,3.68,-6.21,0
"AL002",2005,12,30,2.8,-6.05,0
"AL002",2005,12,31,2.99,-1.35,0
"AL002",2006,1,1,4.15,-1.06,0
"AL002",2006,1,2,6.4,-1.31,0
"AL002",2006,1,3,8.99,2.13,0
"AL002",2006,1,4,7.87,-1.04,0
"AL002",2006,1,5,6.1,0.7,0
"AL002",2006,1,6,8.17,0.51,0
"AL002",2006,1,7,7.54,0.26,0
"AL002",2006,1,8,5.92,0.49,0
"AL002",2006,1,9,5.59,-0.42,0
"AL002",2006,1,10,7.54,-1.72,0
"AL002",2006,1,11,9.78,-1.24,0
"AL002",2006,1,12,7.81,-0.69,0
"AL002",2006,1,13,7.74,-0.99,0
"AL002",2006,1,14,8.59,-0.83,0
"AL002",2006,1,15,4.1,-2.62,0
"AL002",2006,1,16,2.35,-3.16,0
"AL002",2006,1,17,2.47,0.07,2.2
"AL002",2006,1,18,8.05,1.45,0
"AL002",2006,1,19,10.26,0.14,0
"AL002",2006,1,20,8.39,-1.05,0
"AL002",2006,1,21,8.83,1.79,0
"AL002",2006,1,22,11.23,0.11,0
"AL002",2006,1,23,6.14,-1.15,0
"AL002",2006,1,24,4.96,-3.29,0
"AL002",2006,1,25,5.19,-5.12,0
"AL002",2006,1,26,2.87,-3.82,0
"AL002",2006,1,27,2.11,-1.96,0
"AL002",2006,1,28,2.02,-0.65,11.4
"AL002",2006,1,29,5.01,2.22,10.1
"AL002",2006,1,30,7.75,2.97,7.2
"AL002",2006,1,31,12.59,1.76,0
"AL002",2006,2,1,14.77,1.64,0
"AL002",2006,2,2,13.57,1.82,0
"AL002",2006,2,3,10.32,-0.01,0
"AL002",2006,2,4,10.31,1.88,0
"AL002",2006,2,5,6.28,-0.75,0
"AL002",2006,2,6,5.58,-3.47,0
"AL002",2006,2,7,6.32,-2.67,0
"AL002",2006,2,8,4.74,-0.17,0
"AL002",2006,2,9,10.42,-0.64,0
"AL002",2006,2,10,10.49,0.18,0
"AL002",2006,2,11,10.28,-1.52,0
"AL002",2006,2,12,9.22,-3.03,0
"AL002",2006,2,13,9.08,-1.66,0
"AL002",2006,2,14,7.07,-1.75,0
"AL002",2006,2,15,5.02,1.96,0
"AL002",2006,2,16,7.16,3.54,0
"AL002",2006,2,17,10.04,1.4,0
"AL002",2006,2,18,9.06,2.16,16
"AL002",2006,2,19,7.93,1.79,19
"AL002",2006,2,20,8.66,2,13
"AL002",2006,2,21,8.76,1.99,0
"AL002",2006,2,22,8.14,3.75,3.9
"AL002",2006,2,23,9.84,3.19,0
"AL002",2006,2,24,7.42,3.36,4.2
"AL002",2006,2,25,6.95,1.57,3.1
"AL002",2006,2,26,10.27,0.45,0
"AL002",2006,2,27,9.25,1.07,0
"AL002",2006,2,28,7.8,-0.33,0
"AL002",2006,3,1,9.48,-1.35,0
"AL002",2006,3,2,9.46,-1.49,0
"AL002",2006,3,3,10.94,0.88,0
"AL002",2006,3,4,12.72,5.1,0
"AL002",2006,3,5,14.63,5.89,10.1
"AL002",2006,3,6,12.2,1.97,0
"AL002",2006,3,7,11.27,-0.09,0
"AL002",2006,3,8,8.75,0.64,0
"AL002",2006,3,9,14.83,4.71,0
"AL002",2006,3,10,15.95,4.8,0
"AL002",2006,3,11,14.42,2.24,0
"AL002",2006,3,12,8.75,0.49,0
"AL002",2006,3,13,14.14,-1.48,0
"AL002",2006,3,14,14.71,-0.11,0
"AL002",2006,3,15,12.02,-0.18,0
"AL002",2006,3,16,10.84,3.25,6.4
"AL002",2006,3,17,13.6,0.89,0
"AL002",2006,3,18,11.77,1.66,0
"AL002",2006,3,19,11.74,4.69,0
"AL002",2006,3,20,13.66,3.84,0
"AL002",2006,3,21,8.21,5.92,11
"AL002",2006,3,22,14.66,5.61,0
"AL002",2006,3,23,17.95,4.7,0
"AL002",2006,3,24,10.08,6.43,7.9
"AL002",2006,3,25,15.23,5.82,0
"AL002",2006,3,26,16.76,5.96,0
"AL002",2006,3,27,14.6,9.26,0
"AL002",2006,3,28,15.17,7.52,3.1
"AL002",2006,3,29,20.01,5.8,0
"AL002",2006,3,30,15.71,6.79,0
"AL002",2006,3,31,18.76,7.93,0
"AL002",2006,4,1,15.73,8.13,3.2
"AL002",2006,4,2,21.19,7.04,0
"AL002",2006,4,3,21.39,7.93,0
"AL002",2006,4,4,18.91,5.57,0
"AL002",2006,4,5,12.68,8.42,0
"AL002",2006,4,6,16.07,5.5,3.8
"AL002",2006,4,7,15.82,5.07,0
"AL002",2006,4,8,16.09,3.93,0
"AL002",2006,4,9,12.25,7.35,2
"AL002",2006,4,10,13.78,8.41,5.7
"AL002",2006,4,11,15.85,4.99,2.3
"AL002",2006,4,12,17.92,4.07,0
"AL002",2006,4,13,19.46,5.7,0
"AL002",2006,4,14,20.02,6.8,0
"AL002",2006,4,15,14.59,8.96,0
"AL002",2006,4,16,20.08,10.22,0
"AL002",2006,4,17,19.02,9.54,0
"AL002",2006,4,18,19.62,9.24,0
"AL002",2006,4,19,22.54,9.5,0
"AL002",2006,4,20,20.39,9.27,0
"AL002",2006,4,21,21.1,9.43,0
"AL002",2006,4,22,23.05,9.66,0
"AL002",2006,4,23,23.4,9.48,0
"AL002",2006,4,24,24.04,10.2,0
"AL002",2006,4,25,20.55,11.61,0
"AL002",2006,4,26,22.87,11.63,0
"AL002",2006,4,27,22.37,11.99,1.8
"AL002",2006,4,28,20.82,12.98,3.3
"AL002",2006,4,29,22.76,12.59,0
"AL002",2006,4,30,18.22,10.19,0
"AL002",2006,5,1,17.82,8.31,0
"AL002",2006,5,2,19.35,11.01,0
"AL002",2006,5,3,22.3,9.23,0
"AL002",2006,5,4,22.84,12.13,0
"AL002",2006,5,5,21.44,12.9,0
"AL002",2006,5,6,17.78,10.64,0
"AL002",2006,5,7,22.31,8.88,0
"AL002",2006,5,8,17.35,12.26,3.1
"AL002",2006,5,9,16.92,8.62,6
"AL002",2006,5,10,19.29,9,5.7
"AL002",2006,5,11,21.77,9.04,8.3
"AL002",2006,5,12,23.21,9.77,0
"AL002",2006,5,13,21.9,10.64,0
"AL002",2006,5,14,25.34,11.37,0
"AL002",2006,5,15,23.55,12.17,0
"AL002",2006,5,16,24.53,12.21,0
"AL002",2006,5,17,26.68,13.28,0
"AL002",2006,5,18,26.47,14.88,0
"AL002",2006,5,19,26.41,14.63,0
"AL002",2006,5,20,24.39,14.15,0
"AL002",2006,5,21,25.99,14.16,0
"AL002",2006,5,22,26.42,13.9,0
"AL002",2006,5,23,22.87,14.14,0
"AL002",2006,5,24,24.09,12.72,0
"AL002",2006,5,25,23.24,11.54,0
"AL002",2006,5,26,27.56,12.72,0
"AL002",2006,5,27,29.43,14.97,0
"AL002",2006,5,28,28.66,14.96,0
"AL002",2006,5,29,26.08,15.24,0
"AL002",2006,5,30,20.91,11.1,0
"AL002",2006,5,31,16.83,8.13,0
"AL002",2006,6,1,22.78,8.46,0
"AL002",2006,6,2,21.18,8.38,3.3
"AL002",2006,6,3,25.64,9.82,0
"AL002",2006,6,4,26.35,9.82,0
"AL002",2006,6,5,24.84,12.33,0
"AL002",2006,6,6,24.35,10.56,0
"AL002",2006,6,7,22.54,10.62,0
"AL002",2006,6,8,23.99,10.93,0
"AL002",2006,6,9,23.12,12.6,0
"AL002",2006,6,10,25.37,12.79,0
"AL002",2006,6,11,25.84,12.72,0
"AL002",2006,6,12,27.75,12.22,0
"AL002",2006,6,13,28.07,13.1,0
"AL002",2006,6,14,28.96,14.38,0
"AL002",2006,6,15,28.93,14.06,0
"AL002",2006,6,16,27.33,15.08,0
"AL002",2006,6,17,28.13,16.76,0
"AL002",2006,6,18,29.67,16.93,0
"AL002",2006,6,19,30.21,16.58,0
"AL002",2006,6,20,31.13,18.98,0
"AL002",2006,6,21,32.93,19.26,0
"AL002",2006,6,22,31.51,19.2,0
"AL002",2006,6,23,32.08,18.26,0
"AL002",2006,6,24,32.2,18.64,0
"AL002",2006,6,25,31.02,17.96,0
"AL002",2006,6,26,32.09,18.15,0
"AL002",2006,6,27,33.24,18.83,0
"AL002",2006,6,28,32.07,20.17,0
"AL002",2006,6,29,30.02,19.22,0
"AL002",2006,6,30,32.58,17.81,0
"AL002",2006,7,1,33.31,18.61,0
"AL002",2006,7,2,31.21,20.04,0
"AL002",2006,7,3,31.44,19.77,0
"AL002",2006,7,4,31.11,18.3,0
"AL002",2006,7,5,30.61,19.46,0
"AL002",2006,7,6,28.07,16.84,10.5
"AL002",2006,7,7,26.45,16.28,12.1
"AL002",2006,7,8,30.52,17.01,0
"AL002",2006,7,9,30.09,17.71,0
"AL002",2006,7,10,32.9,18.45,0
"AL002",2006,7,11,33.15,19.12,0
"AL002",2006,7,12,34.1,20.39,0
"AL002",2006,7,13,32.32,19.11,0
"AL002",2006,7,14,31.92,19.06,0
"AL002",2006,7,15,32.79,19.73,0
"AL002",2006,7,16,31.24,20.6,0
"AL002",2006,7,17,30.44,19.24,0
"AL002",2006,7,18,31.08,17.5,0
"AL002",2006,7,19,32.86,16.82,0
"AL002",2006,7,20,33.96,18.16,0
"AL002",2006,7,21,35.51,19.29,0
"AL002",2006,7,22,34.59,20.25,0
"AL002",2006,7,23,34.95,21.53,0
"AL002",2006,7,24,34.11,21.68,0
"AL002",2006,7,25,33.75,21.43,0
"AL002",2006,7,26,33.24,20.61,0
"AL002",2006,7,27,33.85,19.96,0
"AL002",2006,7,28,31.71,18.99,8.9
"AL002",2006,7,29,30.92,18.01,8
"AL002",2006,7,30,33.07,18.81,0
"AL002",2006,7,31,32.96,20.87,0
"AL002",2006,8,1,31.53,21.19,0
"AL002",2006,8,2,31.84,20.05,0
"AL002",2006,8,3,27.94,16.27,10.2
"AL002",2006,8,4,29.94,14.59,0
"AL002",2006,8,5,27.68,15.19,0
"AL002",2006,8,6,29.68,15.28,0
"AL002",2006,8,7,30.93,16.49,0
"AL002",2006,8,8,30.37,16.97,0
"AL002",2006,8,9,29.71,16.42,0
"AL002",2006,8,10,28.96,14.6,0
"AL002",2006,8,11,26.49,15.63,0
"AL002",2006,8,12,25.01,14.45,0
"AL002",2006,8,13,23.87,12.15,16.7
"AL002",2006,8,14,24.47,10.69,0
"AL002",2006,8,15,24.77,12.97,0
"AL002",2006,8,16,21.75,16.67,58.3
"AL002",2006,8,17,24.19,17.32,26
"AL002",2006,8,18,28.16,17.86,5.4
"AL002",2006,8,19,27.03,17.73,0
"AL002",2006,8,20,29.55,17.06,0
"AL002",2006,8,21,29.12,16.13,0
"AL002",2006,8,22,28.71,15.57,0
"AL002",2006,8,23,27.7,16.14,0
"AL002",2006,8,24,25.98,16.43,0
"AL002",2006,8,25,26.8,15.38,0
"AL002",2006,8,26,27.47,14.13,0
"AL002",2006,8,27,27.67,14.35,0
"AL002",2006,8,28,25.17,14.05,0
"AL002",2006,8,29,27.21,14.47,0
"AL002",2006,8,30,26.01,12.71,0
"AL002",2006,8,31,26.37,11.42,0
"AL002",2006,9,1,26.76,11.17,0
"AL002",2006,9,2,26.96,11.98,0
"AL002",2006,9,3,28.53,14.38,0
"AL002",2006,9,4,29.3,16.04,0
"AL002",2006,9,5,31.01,17.14,0
"AL002",2006,9,6,30.84,17.39,0
"AL002",2006,9,7,29.99,17.98,0
"AL002",2006,9,8,29.91,17.8,0
"AL002",2006,9,9,27.09,16.38,0
"AL002",2006,9,10,28.11,13.32,0
"AL002",2006,9,11,27.66,12.39,0
"AL002",2006,9,12,27.54,13.45,0
"AL002",2006,9,13,26.86,13.07,0
"AL002",2006,9,14,20.04,17.5,74.9
"AL002",2006,9,15,23.32,14.95,90.2
"AL002",2006,9,16,22.28,14.74,9.5
"AL002",2006,9,17,21.54,14.21,0
"AL002",2006,9,18,25.73,14.21,0
"AL002",2006,9,19,27.94,13.97,0
"AL002",2006,9,20,26.62,14.22,0
"AL002",2006,9,21,25.62,13.9,0
"AL002",2006,9,22,27.38,13.86,0
"AL002",2006,9,23,25.01,14.6,0
"AL002",2006,9,24,21.39,14.4,0
"AL002",2006,9,25,17.83,14.1,29.7
"AL002",2006,9,26,21.77,15.17,15.2
"AL002",2006,9,27,26.96,13.32,0
"AL002",2006,9,28,26.22,12.29,0
"AL002",2006,9,29,24.89,13.42,0
"AL002",2006,9,30,22.73,13.69,0
"AL002",2006,10,1,22.44,17.41,5.2
"AL002",2006,10,2,21.96,16.4,0
"AL002",2006,10,3,23.21,15.83,0
"AL002",2006,10,4,22.48,12.67,0
"AL002",2006,10,5,22.24,9.46,0
"AL002",2006,10,6,21.83,8.67,0
"AL002",2006,10,7,20.14,11.34,0
"AL002",2006,10,8,21.38,8.63,0
"AL002",2006,10,9,22.18,8.6,0
"AL002",2006,10,10,22.75,8.19,0
"AL002",2006,10,11,22.09,8.67,0
"AL002",2006,10,12,22.36,9.56,0
"AL002",2006,10,13,23.04,8.89,0
"AL002",2006,10,14,20.92,10.33,0
"AL002",2006,10,15,19.41,10.04,0
"AL002",2006,10,16,22.82,8.23,0
"AL002",2006,10,17,19.41,7.26,0
"AL002",2006,10,18,17.5,6.48,0
"AL002",2006,10,19,13.09,9.91,11.8
"AL002",2006,10,20,14.78,10.26,6.1
"AL002",2006,10,21,15.98,11.69,6.3
"AL002",2006,10,22,17.71,11.86,0
"AL002",2006,10,23,16.04,13.93,12.5
"AL002",2006,10,24,21.3,12.93,11.9
"AL002",2006,10,25,21.02,10.64,0
"AL002",2006,10,26,21.78,11.43,0
"AL002",2006,10,27,23.76,11.26,0
"AL002",2006,10,28,21.95,12.53,0
"AL002",2006,10,29,23.14,12.96,0
"AL002",2006,10,30,21.48,11.37,0
"AL002",2006,10,31,17.53,8.89,0
"AL002",2006,11,1,21.06,10.18,0
"AL002",2006,11,2,14.52,4.01,0
"AL002",2006,11,3,13.88,1.17,0
"AL002",2006,11,4,13.44,0.89,0
"AL002",2006,11,5,13.72,2.32,0
"AL002",2006,11,6,17.79,4.68,0
"AL002",2006,11,7,16.6,3.87,0
"AL002",2006,11,8,15.51,5.93,0
"AL002",2006,11,9,17.14,7.49,0
"AL002",2006,11,10,18.34,6.34,0
"AL002",2006,11,11,12.15,6.41,0
"AL002",2006,11,12,16.13,6.9,0
"AL002",2006,11,13,15.52,5.82,0
"AL002",2006,11,14,16.79,5.1,0
"AL002",2006,11,15,13.71,8.5,0
"AL002",2006,11,16,13.22,10.26,12.5
"AL002",2006,11,17,13.38,11.05,5.4
"AL002",2006,11,18,13.75,9.87,12.8
"AL002",2006,11,19,13.66,7.15,10.4
"AL002",2006,11,20,12.95,6.81,3
"AL002",2006,11,21,11.05,5.76,0
"AL002",2006,11,22,13.52,5.31,0
"AL002",2006,11,23,12.76,3.13,0
"AL002",2006,11,24,11.82,7.82,12
"AL002",2006,11,25,11.66,8.95,4.4
"AL002",2006,11,26,15.48,7.02,0
"AL002",2006,11,27,12.59,6.65,0
"AL002",2006,11,28,12.46,7.45,0
"AL002",2006,11,29,12.85,7.4,0
"AL002",2006,11,30,14.46,4.87,0
"AL002",2006,12,1,12.72,3.11,0
"AL002",2006,12,2,9.78,3.82,0
"AL002",2006,12,3,9.68,7.97,0
"AL002",2006,12,4,11.62,7.92,2.3
"AL002",2006,12,5,12.1,6.81,0
"AL002",2006,12,6,10.71,8.72,20.4
"AL002",2006,12,7,12.32,8.41,6.6
"AL002",2006,12,8,11.12,8.42,32.4
"AL002",2006,12,9,12.84,4.87,13.7
"AL002",2006,12,10,12.72,2.48,0
"AL002",2006,12,11,10.24,1.31,0
"AL002",2006,12,12,9.46,0.56,0
"AL002",2006,12,13,10.97,1.7,0
"AL002",2006,12,14,12.02,1.67,0
"AL002",2006,12,15,10.31,2.22,0
"AL002",2006,12,16,8.85,5.45,9.3
"AL002",2006,12,17,9.18,5.16,0
"AL002",2006,12,18,9.16,4.41,0
"AL002",2006,12,19,8.27,3.63,0
"AL002",2006,12,20,8.86,1.02,0
"AL002",2006,12,21,8.52,0.7,0
"AL002",2006,12,22,9.08,2.36,0
"AL002",2006,12,23,8.52,1.53,0
"AL002",2006,12,24,10.1,3.26,0
"AL002",2006,12,25,12.13,3.74,0
"AL002",2006,12,26,8.86,0.17,0
"AL002",2006,12,27,6.02,0.51,0
"AL002",2006,12,28,4.94,0.63,0
"AL002",2006,12,29,4.8,1.13,0
"AL002",2006,12,30,6.48,2.3,0
"AL002",2006,12,31,9.29,3.23,0
"AL002",2007,1,1,8.54,4.61,4.9
"AL002",2007,1,2,11.54,3.65,0
"AL002",2007,1,3,12.88,2.36,0
"AL002",2007,1,4,8.9,1.98,0
"AL002",2007,1,5,11.43,0.82,0
"AL002",2007,1,6,9.82,1.54,0
"AL002",2007,1,7,9.92,5.09,0
"AL002",2007,1,8,9.15,5.35,0
"AL002",2007,1,9,11.1,5.75,0
"AL002",2007,1,10,9.51,5.83,0
"AL002",2007,1,11,12.54,3.96,0
"AL002",2007,1,12,17.04,3.88,0
"AL002",2007,1,13,11.85,4.64,0
"AL002",2007,1,14,10.94,3.83,0
"AL002",2007,1,15,9.75,4.36,0
"AL002",2007,1,16,8.27,3.53,0
"AL002",2007,1,17,8.49,5.39,1.9
"AL002",2007,1,18,8.46,4.03,0
"AL002",2007,1,19,20.26,5.16,0
"AL002",2007,1,20,14.78,5.64,0
"AL002",2007,1,21,10.81,7.18,0
"AL002",2007,1,22,9.58,7.3,0
"AL002",2007,1,23,10.72,6.13,18.6
"AL002",2007,1,24,7.9,1.28,10
"AL002",2007,1,25,3.86,0.03,0
"AL002",2007,1,26,3.75,-2.69,0
"AL002",2007,1,27,10.02,-2.88,0
"AL002",2007,1,28,11.97,-0.09,0
"AL002",2007,1,29,12.6,0.96,0
"AL002",2007,1,30,9.03,0,0
"AL002",2007,1,31,8.25,-0.28,0
"AL002",2007,2,1,11.07,1.12,0
"AL002",2007,2,2,12.01,2.8,0
"AL002",2007,2,3,15.57,1.59,0
"AL002",2007,2,4,9.61,1.39,0
"AL002",2007,2,5,10.06,-0.34,0
"AL002",2007,2,6,9.41,2.5,0
"AL002",2007,2,7,8.38,3.27,0
"AL002",2007,2,8,8.83,4.18,0
"AL002",2007,2,9,11.99,3.92,0
"AL002",2007,2,10,10.56,2.65,0
"AL002",2007,2,11,13.76,1.29,0
"AL002",2007,2,12,9.97,3.55,6
"AL002",2007,2,13,16.77,3.84,0
"AL002",2007,2,14,10.18,2.38,0
"AL002",2007,2,15,16.84,5.02,2.8
"AL002",2007,2,16,15.19,2.57,0
"AL002",2007,2,17,11.62,3.34,0
"AL002",2007,2,18,8.54,2.57,0
"AL002",2007,2,19,11.13,0.56,0
"AL002",2007,2,20,13.69,1.09,0
"AL002",2007,2,21,11.36,4.01,0
"AL002",2007,2,22,13.33,4.82,0.6
"AL002",2007,2,23,14.09,3.79,0
"AL002",2007,2,24,11.66,4.44,0
"AL002",2007,2,25,10.31,6.26,0
"AL002",2007,2,26,16.4,4,0
"AL002",2007,2,27,18.28,4.52,0
"AL002",2007,2,28,16.35,5.23,0
"AL002",2007,3,1,13.91,4.69,0
"AL002",2007,3,2,20.76,7.36,0
"AL002",2007,3,3,19.18,7.49,0
"AL002",2007,3,4,19.4,6.45,0
"AL002",2007,3,5,16.85,6.71,0
"AL002",2007,3,6,12.69,7.11,10.8
"AL002",2007,3,7,12.27,8.22,8.2
"AL002",2007,3,8,18.23,7.23,0
"AL002",2007,3,9,18.8,6.08,0
"AL002",2007,3,10,16.65,6.8,0
"AL002",2007,3,11,13.54,3.44,0
"AL002",2007,3,12,16.93,3.38,0
"AL002",2007,3,13,20.48,3.42,0
"AL002",2007,3,14,20.93,6.1,0
"AL002",2007,3,15,20.61,6.19,0
"AL002",2007,3,16,20,6.06,0
"AL002",2007,3,17,20.69,5.55,0
"AL002",2007,3,18,15.86,6.24,0
"AL002",2007,3,19,13.96,5.16,0
"AL002",2007,3,20,8.25,2.58,7.6
"AL002",2007,3,21,13.8,2.31,0
"AL002",2007,3,22,12.75,1.2,0
"AL002",2007,3,23,12.18,1.23,0
"AL002",2007,3,24,12.56,1.57,0
"AL002",2007,3,25,8.4,3.56,7.9
"AL002",2007,3,26,10.74,4.47,0
"AL002",2007,3,27,12.48,6.1,0
"AL002",2007,3,28,14.55,4.03,0
"AL002",2007,3,29,15.06,4.04,0
"AL002",2007,3,30,13.3,5.42,0
"AL002",2007,3,31,12.37,4.68,3
"AL002",2007,4,1,11.95,5.82,4.1
"AL002",2007,4,2,17.34,5.52,0
"AL002",2007,4,3,19.09,6.02,0
"AL002",2007,4,4,14.87,8.02,0
"AL002",2007,4,5,19.2,8.27,0
"AL002",2007,4,6,19.92,5.53,0
"AL002",2007,4,7,20.59,6.25,0
"AL002",2007,4,8,19.06,8.02,0
"AL002",2007,4,9,20.97,7.53,0
"AL002",2007,4,10,20.92,7.7,0
"AL002",2007,4,11,22.63,8.78,0
"AL002",2007,4,12,22.59,9.97,0
"AL002",2007,4,13,21.87,10.84,0
"AL002",2007,4,14,24.08,12.26,0
"AL002",2007,4,15,25.25,11.23,0
"AL002",2007,4,16,25.62,10.83,0
"AL002",2007,4,17,24.37,11.6,0
"AL002",2007,4,18,24.85,11.09,0
"AL002",2007,4,19,20.56,10.54,0
"AL002",2007,4,20,23.47,10.29,0
"AL002",2007,4,21,23.35,11.03,0
"AL002",2007,4,22,24.31,11.44,0
"AL002",2007,4,23,26.49,12.47,0
"AL002",2007,4,24,26.76,12.45,0
"AL002",2007,4,25,24.6,13.51,0
"AL002",2007,4,26,23,13.18,0
"AL002",2007,4,27,23.61,10.17,0
"AL002",2007,4,28,24.65,9.95,0
"AL002",2007,4,29,24.36,10.85,0
"AL002",2007,4,30,22.23,10.93,0
"AL002",2007,5,1,20.97,11.31,0
"AL002",2007,5,2,17.26,9.37,14.3
"AL002",2007,5,3,15.89,9.29,3.3
"AL002",2007,5,4,14.21,10.64,22.6
"AL002",2007,5,5,18.62,9.8,11.1
"AL002",2007,5,6,23.33,10.62,2.9
"AL002",2007,5,7,25.38,11.75,0
"AL002",2007,5,8,26.64,12.71,0
"AL002",2007,5,9,27.05,14.48,0
"AL002",2007,5,10,26.57,12.2,0
"AL002",2007,5,11,23.22,12.97,0
"AL002",2007,5,12,25.61,13.32,0
"AL002",2007,5,13,25.03,13.01,0
"AL002",2007,5,14,23.84,12.81,0
"AL002",2007,5,15,20.11,9.99,0
"AL002",2007,5,16,22.2,9.17,0
"AL002",2007,5,17,23.05,11.48,0
"AL002",2007,5,18,26.43,12.02,0
"AL002",2007,5,19,24.98,11.57,0
"AL002",2007,5,20,26.32,13.11,0
"AL002",2007,5,21,28.57,13.57,0
"AL002",2007,5,22,31.32,16.47,0
"AL002",2007,5,23,31.08,17.56,0
"AL002",2007,5,24,30.42,16.88,0
"AL002",2007,5,25,29.53,17.65,0
"AL002",2007,5,26,23.46,16.62,7.1
"AL002",2007,5,27,22.27,14.21,7.5
"AL002",2007,5,28,17.12,9.94,13
"AL002",2007,5,29,18.65,10.19,4.7
"AL002",2007,5,30,22.45,9.81,0
"AL002",2007,5,31,19.04,11.37,0
"AL002",2007,6,1,17.84,11.7,20.5
"AL002",2007,6,2,18.2,11.39,3.8
"AL002",2007,6,3,23.74,12.82,0
"AL002",2007,6,4,26.16,14.81,0
"AL002",2007,6,5,24.78,15.81,10.4
"AL002",2007,6,6,21.92,15.75,9.1
"AL002",2007,6,7,20.81,14.93,8.6
"AL002",2007,6,8,27.1,13.44,0
"AL002",2007,6,9,26.97,16.29,0
"AL002",2007,6,10,28.12,17.43,0
"AL002",2007,6,11,25.96,17.26,0
"AL002",2007,6,12,25.76,16.2,0
"AL002",2007,6,13,25.81,15.67,0
"AL002",2007,6,14,27.44,17.36,0
"AL002",2007,6,15,24.1,17.13,8
"AL002",2007,6,16,27.1,15.06,0
"AL002",2007,6,17,24.87,15.53,0
"AL002",2007,6,18,25.06,16.55,0
"AL002",2007,6,19,30.04,18.16,0
"AL002",2007,6,20,30.38,19.89,0
"AL002",2007,6,21,26.9,19.55,0
"AL002",2007,6,22,27,17.35,0
"AL002",2007,6,23,28.29,16.1,0
"AL002",2007,6,24,27.65,14.66,0
"AL002",2007,6,25,29.26,17.32,0
"AL002",2007,6,26,26.65,16.45,0
"AL002",2007,6,27,26.26,14.65,0
"AL002",2007,6,28,25.53,13.7,0
"AL002",2007,6,29,26.46,14.17,0
"AL002",2007,6,30,27.29,15.71,0
"AL002",2007,7,1,28.15,17.25,0
"AL002",2007,7,2,26.01,17.6,0
"AL002",2007,7,3,25.55,16.77,0
"AL002",2007,7,4,27.16,15.41,0
"AL002",2007,7,5,27.05,12.57,0
"AL002",2007,7,6,28.89,13.38,0
"AL002",2007,7,7,29,14.22,0
"AL002",2007,7,8,29.69,16.1,0
"AL002",2007,7,9,26.5,18.7,0
"AL002",2007,7,10,26.11,13.77,0
"AL002",2007,7,11,24.88,12.28,0
"AL002",2007,7,12,27.23,12.62,0
"AL002",2007,7,13,27.81,13.34,0
"AL002",2007,7,14,29.77,14.95,0
"AL002",2007,7,15,31.5,16.28,0
"AL002",2007,7,16,32.18,17.55,0
"AL002",2007,7,17,32.26,17.71,0
"AL002",2007,7,18,33.22,18.81,0
"AL002",2007,7,19,34.3,18.95,0
"AL002",2007,7,20,33.52,18.87,0
"AL002",2007,7,21,31.66,18.59,0
"AL002",2007,7,22,30.3,17.77,0
"AL002",2007,7,23,28.99,17.41,0
"AL002",2007,7,24,29.21,18.59,0
"AL002",2007,7,25,30.48,17.53,0
"AL002",2007,7,26,30.69,17.4,0
"AL002",2007,7,27,32.61,17.77,0
"AL002",2007,7,28,32.45,19.18,0
"AL002",2007,7,29,33.1,20.03,0
"AL002",2007,7,30,31.57,18.72,0
"AL002",2007,7,31,26.85,16.23,0
"AL002",2007,8,1,26.46,14.76,0
"AL002",2007,8,2,28.67,16.42,0
"AL002",2007,8,3,29.08,17.18,0
"AL002",2007,8,4,29.71,17.01,0
"AL002",2007,8,5,28.92,16.72,0
"AL002",2007,8,6,29.44,17.51,0
"AL002",2007,8,7,28.91,18.84,0
"AL002",2007,8,8,25.97,15.43,18.7
"AL002",2007,8,9,24.86,13.17,0
"AL002",2007,8,10,26.63,14.55,0
"AL002",2007,8,11,29.31,15.13,0
"AL002",2007,8,12,27.95,16.6,0
"AL002",2007,8,13,28.16,17.82,0
"AL002",2007,8,14,27.27,18.17,0
"AL002",2007,8,15,27.76,18.03,0
"AL002",2007,8,16,29.63,19.64,0
"AL002",2007,8,17,28.83,17.32,0
"AL002",2007,8,18,28.16,16.45,0
"AL002",2007,8,19,28.15,16.24,0
"AL002",2007,8,20,23.19,15.14,23.1
"AL002",2007,8,21,18.93,13.43,21.7
"AL002",2007,8,22,20.8,12.83,10.5
"AL002",2007,8,23,22.96,12.49,0
"AL002",2007,8,24,25.8,13.64,0
"AL002",2007,8,25,30.06,15.9,0
"AL002",2007,8,26,31.85,17.87,0
"AL002",2007,8,27,31.81,19.05,0
"AL002",2007,8,28,31.26,18.79,0
"AL002",2007,8,29,27.63,18.58,0
"AL002",2007,8,30,27.6,18.42,7.4
"AL002",2007,8,31,24.05,17.07,10.9
"AL002",2007,9,1,25.81,13.85,0
"AL002",2007,9,2,25.98,14.41,0
"AL002",2007,9,3,25.77,14.58,0
"AL002",2007,9,4,24.08,15.21,0
"AL002",2007,9,5,23.5,10.08,0
"AL002",2007,9,6,22.12,8.21,0
"AL002",2007,9,7,27.59,10.92,0
"AL002",2007,9,8,25.59,12.62,0
"AL002",2007,9,9,26.47,12.64,0
"AL002",2007,9,10,25.36,14.86,0
"AL002",2007,9,11,27.52,14.01,0
"AL002",2007,9,12,25.06,12.84,0
"AL002",2007,9,13,24.94,11.94,0
"AL002",2007,9,14,25.96,12.99,0
"AL002",2007,9,15,27.02,13.69,0
"AL002",2007,9,16,25.73,14.31,0
"AL002",2007,9,17,24.89,16.43,23.4
"AL002",2007,9,18,26.21,16.15,4
"AL002",2007,9,19,22.35,10.57,0
"AL002",2007,9,20,21.33,9.11,0
"AL002",2007,9,21,22.57,8.89,0
"AL002",2007,9,22,23.68,10.15,0
"AL002",2007,9,23,25.08,10.65,0
"AL002",2007,9,24,24.74,12.04,0
"AL002",2007,9,25,23.89,11.01,0
"AL002",2007,9,26,16.46,9.65,14
"AL002",2007,9,27,13.31,8.41,17.1
"AL002",2007,9,28,18.69,7.89,7.5
"AL002",2007,9,29,17.97,10.01,0
"AL002",2007,9,30,18.94,12.3,3.7
"AL002",2007,10,1,21.94,10.12,0
"AL002",2007,10,2,24.49,11.03,0
"AL002",2007,10,3,24.16,12.31,0
"AL002",2007,10,4,24.97,14.53,0
"AL002",2007,10,5,24.94,13.49,0
"AL002",2007,10,6,23.28,13.89,0
"AL002",2007,10,7,21.54,11.5,0
"AL002",2007,10,8,22.01,8.72,0
"AL002",2007,10,9,21.04,9.7,0
"AL002",2007,10,10,20.27,9.57,0
"AL002",2007,10,11,19.83,9.01,0
"AL002",2007,10,12,22.02,9.02,0
"AL002",2007,10,13,21.75,7.87,0
"AL002",2007,10,14,19.71,7.94,0
"AL002",2007,10,15,19.83,5.5,0
"AL002",2007,10,16,18.76,5.91,0
"AL002",2007,10,17,17.87,5.86,0
"AL002",2007,10,18,19.79,7.59,0
"AL002",2007,10,19,18.06,5.24,0
"AL002",2007,10,20,12.07,3.52,0
"AL002",2007,10,21,13.69,-0.16,0
"AL002",2007,10,22,14.84,1.31,0
"AL002",2007,10,23,19.02,5.2,0
"AL002",2007,10,24,11.84,5.36,6.2
"AL002",2007,10,25,11,7.88,6.3
"AL002",2007,10,26,12.57,9.73,18.9
"AL002",2007,10,27,18.09,9.15,0
"AL002",2007,10,28,17.25,7.94,0
"AL002",2007,10,29,16.4,8.41,0
"AL002",2007,10,30,12.81,9.99,9
"AL002",2007,10,31,16.41,8.09,0.8
"AL002",2007,11,1,16.28,6.93,0
"AL002",2007,11,2,16.97,6.42,0
"AL002",2007,11,3,18.08,6.46,0
"AL002",2007,11,4,16.73,5.3,0
"AL002",2007,11,5,16.73,5.56,0
"AL002",2007,11,6,15.31,6.37,0
"AL002",2007,11,7,16.13,3.45,0
"AL002",2007,11,8,17.73,4.28,0
"AL002",2007,11,9,15.64,4.67,0
"AL002",2007,11,10,14.73,1.56,0
"AL002",2007,11,11,17.15,5.79,0
"AL002",2007,11,12,15.9,3.98,0
"AL002",2007,11,13,10.87,1.24,0
"AL002",2007,11,14,11.27,3.03,0
"AL002",2007,11,15,7.48,0.57,0
"AL002",2007,11,16,7.15,-0.43,0
"AL002",2007,11,17,8.28,-2.13,0
"AL002",2007,11,18,8.27,-3.23,0
"AL002",2007,11,19,5.88,0.27,0
"AL002",2007,11,20,8.43,2.37,0
"AL002",2007,11,21,6.58,3.88,2.2
"AL002",2007,11,22,4.83,4.85,25.9
"AL002",2007,11,23,10.66,4.91,40.7
"AL002",2007,11,24,9.79,6.99,20.2
"AL002",2007,11,25,13.93,6.21,3.1
"AL002",2007,11,26,14,4.45,0
"AL002",2007,11,27,11.05,3.06,0
"AL002",2007,11,28,9.29,3.77,0
"AL002",2007,11,29,9.53,1.81,0
"AL002",2007,11,30,11.35,-0.3,0
"AL002",2007,12,1,8.76,1.58,0
"AL002",2007,12,2,10.22,5.53,0
"AL002",2007,12,3,12.73,6.2,0
"AL002",2007,12,4,13.72,3.49,0
"AL002",2007,12,5,12.61,2.85,0
"AL002",2007,12,6,12.05,3.22,0
"AL002",2007,12,7,8.98,3.84,0
"AL002",2007,12,8,11.76,3.7,0
"AL002",2007,12,9,7.29,1.74,0
"AL002",2007,12,10,8.35,0.48,0
"AL002",2007,12,11,9.18,1.34,0
"AL002",2007,12,12,11.85,1.82,0
"AL002",2007,12,13,11.48,1.44,0
"AL002",2007,12,14,8.45,-0.23,0
"AL002",2007,12,15,4.21,-0.98,0
"AL002",2007,12,16,3.02,-1.91,0
"AL002",2007,12,17,2.98,-1.85,0
"AL002",2007,12,18,4.05,-2.52,0
"AL002",2007,12,19,7.31,-2.13,0
"AL002",2007,12,20,9.15,-1.47,0
"AL002",2007,12,21,9.72,-1.7,0
"AL002",2007,12,22,4.72,-0.68,0
"AL002",2007,12,23,3.84,1.28,8.6
"AL002",2007,12,24,7.64,1.78,0
"AL002",2007,12,25,4.63,-0.27,0
"AL002",2007,12,26,7.25,1,0
"AL002",2007,12,27,7.63,-1.51,0
"AL002",2007,12,28,7.91,-1.56,0
"AL002",2007,12,29,7.56,-2.84,0
"AL002",2007,12,30,4.05,-2.22,0
"AL002",2007,12,31,7.56,-1.88,0
"AL002",2008,1,1,4.87,-1.73,0
"AL002",2008,1,2,2.63,-0.01,1.7
"AL002",2008,1,3,0.42,-0.57,0
"AL002",2008,1,4,2.68,-0.45,6.2
"AL002",2008,1,5,3.67,1.78,14.6
"AL002",2008,1,6,7.71,1.21,9.6
"AL002",2008,1,7,5.73,1.8,0
"AL002",2008,1,8,5.11,0.13,0
"AL002",2008,1,9,5.4,1.28,0
"AL002",2008,1,10,6.53,0.64,0
"AL002",2008,1,11,6.98,4.07,18.9
"AL002",2008,1,12,6.6,2.35,34.4
"AL002",2008,1,13,8.18,1.85,5.8
"AL002",2008,1,14,6.78,1.63,0
"AL002",2008,1,15,6.75,3.35,23.9
"AL002",2008,1,16,7.46,2.89,19.5
"AL002",2008,1,17,10.56,3,0
"AL002",2008,1,18,11.1,2.12,0
"AL002",2008,1,19,11.29,1.84,0
"AL002",2008,1,20,6.87,1.65,0
"AL002",2008,1,21,6.06,1.52,0
"AL002",2008,1,22,11.47,3.03,0
"AL002",2008,1,23,10.91,1.06,0
"AL002",2008,1,24,10.17,0.02,0
"AL002",2008,1,25,12.51,1.12,0
"AL002",2008,1,26,14.18,0.77,0
"AL002",2008,1,27,16.34,2.38,0
"AL002",2008,1,28,17.76,6.19,0
"AL002",2008,1,29,10.79,2.95,0
"AL002",2008,1,30,7.15,3.73,1.9
"AL002",2008,1,31,9.62,3.24,0
"AL002",2008,2,1,7.88,4.12,0
"AL002",2008,2,2,8.43,3.48,8.7
"AL002",2008,2,3,8,2.99,1.1
"AL002",2008,2,4,6.44,2.03,20.5
"AL002",2008,2,5,12.45,1.34,15.7
"AL002",2008,2,6,13.21,2.08,0
"AL002",2008,2,7,15.55,3.5,0
"AL002",2008,2,8,11.23,0.64,0
"AL002",2008,2,9,10.89,-0.25,0
"AL002",2008,2,10,11.02,0.42,0
"AL002",2008,2,11,10.5,0.04,0
"AL002",2008,2,12,10.88,-0.31,0
"AL002",2008,2,13,11.22,-0.58,0
"AL002",2008,2,14,11.25,0.04,0
"AL002",2008,2,15,12.22,-0.45,0
"AL002",2008,2,16,9.26,-0.05,0
"AL002",2008,2,17,5.5,-1.54,0
"AL002",2008,2,18,8.45,-2.65,0
"AL002",2008,2,19,9.92,0.35,0
"AL002",2008,2,20,10.92,2.61,0
"AL002",2008,2,21,13.81,1.61,0
"AL002",2008,2,22,14.41,2.09,0
"AL002",2008,2,23,13.87,2.26,0
"AL002",2008,2,24,12.88,3.07,0
"AL002",2008,2,25,12.21,3.39,0
"AL002",2008,2,26,10.72,4.97,0
"AL002",2008,2,27,13.41,6.75,0
"AL002",2008,2,28,12.79,5.97,3
"AL002",2008,2,29,13.89,6.81,0.7
"AL002",2008,3,1,18.81,7.29,0.8
"AL002",2008,3,2,23.83,8.96,0
"AL002",2008,3,3,18.12,7.06,0
"AL002",2008,3,4,15.55,4.32,0
"AL002",2008,3,5,8.99,2.52,2.8
"AL002",2008,3,6,8.44,0.39,0
"AL002",2008,3,7,9.98,3.63,2.7
"AL002",2008,3,8,9.62,4.27,3.2
"AL002",2008,3,9,8.63,5.86,5.3
"AL002",2008,3,10,8.96,5.96,19.4
"AL002",2008,3,11,16.61,5.09,4.3
"AL002",2008,3,12,19.4,6.28,0
"AL002",2008,3,13,20.27,7.4,0
"AL002",2008,3,14,17.39,5.21,0
"AL002",2008,3,15,14.04,4.61,0
"AL002",2008,3,16,18.21,8.13,0
"AL002",2008,3,17,19.3,5.89,0
"AL002",2008,3,18,17.27,6.65,0
"AL002",2008,3,19,13.18,4.6,0
"AL002",2008,3,20,13.45,2.62,0
"AL002",2008,3,21,13.39,2.48,0
"AL002",2008,3,22,14.68,1.77,0
"AL002",2008,3,23,10.61,1.05,2
"AL002",2008,3,24,12.45,-0.15,0
"AL002",2008,3,25,15.1,-0.1,0
"AL002",2008,3,26,14.13,1.04,0
"AL002",2008,3,27,11.67,5.06,3.2
"AL002",2008,3,28,15.85,3.67,0
"AL002",2008,3,29,19.12,5.09,0
"AL002",2008,3,30,17.15,5.46,0
"AL002",2008,3,31,16.54,8.06,0
"AL002",2008,4,1,22.76,6.29,0
"AL002",2008,4,2,21.16,8.12,0
"AL002",2008,4,3,18.87,5.71,0
"AL002",2008,4,4,19.18,4.11,0
"AL002",2008,4,5,17.98,4.08,0
"AL002",2008,4,6,16.86,4.3,0
"AL002",2008,4,7,17.32,6.49,0
"AL002",2008,4,8,11.61,6.2,0
"AL002",2008,4,9,9.05,4.53,3.5
"AL002",2008,4,10,11.18,8.6,25.3
"AL002",2008,4,11,13.48,8.99,15.8
"AL002",2008,4,12,14.04,7.26,8.3
"AL002",2008,4,13,16.8,5.23,0
"AL002",2008,4,14,11.21,5.63,17.6
"AL002",2008,4,15,15.29,4.88,9.9
"AL002",2008,4,16,17.18,4.9,0
"AL002",2008,4,17,14.88,7.6,0
"AL002",2008,4,18,12.91,6.94,20.7
"AL002",2008,4,19,17.69,6.82,8.7
"AL002",2008,4,20,18.52,8.02,0
"AL002",2008,4,21,11.9,8.02,17.7
"AL002",2008,4,22,18.36,8.32,12.3
"AL002",2008,4,23,22.55,8.67,0
"AL002",2008,4,24,20.35,11.05,0
"AL002",2008,4,25,22.63,10.32,0
"AL002",2008,4,26,21.41,10.17,0
"AL002",2008,4,27,20.02,10.02,0
"AL002",2008,4,28,19.33,8.35,0
"AL002",2008,4,29,15.53,8.92,7.2
"AL002",2008,4,30,17.07,9.12,0
"AL002",2008,5,1,20.11,8.11,0
"AL002",2008,5,2,21.67,8.35,0
"AL002",2008,5,3,24.04,9.59,0
"AL002",2008,5,4,23.66,11.94,0
"AL002",2008,5,5,21.43,10.95,0
"AL002",2008,5,6,22.7,9.55,0
"AL002",2008,5,7,22.16,10.72,0
"AL002",2008,5,8,23.48,10.53,0
"AL002",2008,5,9,23.79,10.88,0
"AL002",2008,5,10,23.64,12.05,0
"AL002",2008,5,11,21.86,12.57,0
"AL002",2008,5,12,21.16,11.38,0
"AL002",2008,5,13,23.03,13.06,0
"AL002",2008,5,14,24.93,11.72,0
"AL002",2008,5,15,20.6,12.17,0
"AL002",2008,5,16,18.71,13.49,3.5
"AL002",2008,5,17,16.71,14.08,10.6
"AL002",2008,5,18,19.1,13.85,11.3
"AL002",2008,5,19,21.32,12.03,14
"AL002",2008,5,20,18.56,13.75,15.4
"AL002",2008,5,21,21.88,13.7,15.7
"AL002",2008,5,22,19.99,13.32,17.1
"AL002",2008,5,23,22.01,11.86,8.9
"AL002",2008,5,24,19.73,13.53,2.6
"AL002",2008,5,25,20.33,14.61,3.4
"AL002",2008,5,26,23.22,14.75,4
"AL002",2008,5,27,25.64,15.78,0
"AL002",2008,5,28,25.11,16.18,0
"AL002",2008,5,29,20.33,16.7,17.6
"AL002",2008,5,30,20.72,14.27,15.3
"AL002",2008,5,31,22.63,13.81,6.6
"AL002",2008,6,1,24.89,14.21,0
"AL002",2008,6,2,22.18,14.79,0
"AL002",2008,6,3,25.58,12.79,0
"AL002",2008,6,4,21.25,13.61,7.9
"AL002",2008,6,5,20.01,13.85,9.3
"AL002",2008,6,6,21.84,13.71,7.7
"AL002",2008,6,7,23.36,14.47,10.1
"AL002",2008,6,8,22.09,13.84,6.4
"AL002",2008,6,9,24.25,14.33,3.7
"AL002",2008,6,10,25.33,14.76,0
"AL002",2008,6,11,26.34,14.44,0
"AL002",2008,6,12,25.39,14.89,0
"AL002",2008,6,13,24.24,13.35,5.9
"AL002",2008,6,14,20.37,11.4,11.7
"AL002",2008,6,15,18.05,11.05,4.7
"AL002",2008,6,16,17.71,12.71,6.7
"AL002",2008,6,17,20.02,14.04,30.2
"AL002",2008,6,18,25.83,13.58,0
"AL002",2008,6,19,26.72,15.03,0
"AL002",2008,6,20,28.65,16.21,0
"AL002",2008,6,21,30.55,18.29,0
"AL002",2008,6,22,31.19,18.29,0
"AL002",2008,6,23,30.71,17.59,0
"AL002",2008,6,24,30.83,17.95,0
"AL002",2008,6,25,31.41,18.85,0
"AL002",2008,6,26,31.72,18.73,0
"AL002",2008,6,27,31.76,19.2,0
"AL002",2008,6,28,30.64,20.47,0
"AL002",2008,6,29,30.76,19.96,0
"AL002",2008,6,30,30.43,18.66,0
"AL002",2008,7,1,29.09,18.82,0
"AL002",2008,7,2,29.57,19.56,0
"AL002",2008,7,3,28.09,18.17,0
"AL002",2008,7,4,28.8,17.42,0
"AL002",2008,7,5,29.68,17.71,0
"AL002",2008,7,6,27.2,18.64,0
"AL002",2008,7,7,28.11,18.24,0
"AL002",2008,7,8,28.14,17.23,0
"AL002",2008,7,9,26.27,15.82,0
"AL002",2008,7,10,28.29,16.9,0
"AL002",2008,7,11,28.36,18.05,0
"AL002",2008,7,12,28.99,18.67,0
"AL002",2008,7,13,27.3,17.14,0
"AL002",2008,7,14,25.21,13.57,0
"AL002",2008,7,15,27.96,14.21,0
"AL002",2008,7,16,28.5,15.01,0
"AL002",2008,7,17,26.02,16.09,0
"AL002",2008,7,18,26.36,17.75,0
"AL002",2008,7,19,27.05,17.05,0
"AL002",2008,7,20,25.76,17.34,0
"AL002",2008,7,21,28.16,16.24,0
"AL002",2008,7,22,26.46,15.63,0
"AL002",2008,7,23,26.74,13.88,0
"AL002",2008,7,24,27.74,14.12,0
"AL002",2008,7,25,28.04,15.92,0
"AL002",2008,7,26,29.56,19.04,0
"AL002",2008,7,27,28.32,17.91,0
"AL002",2008,7,28,29.24,18.61,0
"AL002",2008,7,29,30.65,19.03,0
"AL002",2008,7,30,31.5,20.13,0
"AL002",2008,7,31,31.03,18.64,0
"AL002",2008,8,1,31.08,19.2,0
"AL002",2008,8,2,29.62,17.84,0
"AL002",2008,8,3,30.86,18.78,0
"AL002",2008,8,4,30.65,19.12,0
"AL002",2008,8,5,32.49,19.14,0
"AL002",2008,8,6,29.65,18.41,0
"AL002",2008,8,7,28.98,17.84,5.2
"AL002",2008,8,8,30.19,19.39,0
"AL002",2008,8,9,29.44,16.89,0
"AL002",2008,8,10,28.44,15.77,0
"AL002",2008,8,11,28,16.17,0
"AL002",2008,8,12,28.04,17.5,0
"AL002",2008,8,13,29.52,18.58,0
"AL002",2008,8,14,28.96,18.08,0
"AL002",2008,8,15,25.56,14.14,0
"AL002",2008,8,16,26.49,13.08,0
"AL002",2008,8,17,25.75,14,0
"AL002",2008,8,18,26.27,13.52,0
"AL002",2008,8,19,27.83,16.03,0
"AL002",2008,8,20,29.16,17.06,0
"AL002",2008,8,21,29.03,15.99,0
"AL002",2008,8,22,29.02,16.56,0
"AL002",2008,8,23,28.13,16.43,0
"AL002",2008,8,24,26.7,14.07,0
"AL002",2008,8,25,26.96,14.14,0
"AL002",2008,8,26,28.73,15.33,0
"AL002",2008,8,27,28.97,15.35,0
"AL002",2008,8,28,28.93,16.66,0
"AL002",2008,8,29,30.34,16.6,0
"AL002",2008,8,30,30.33,17.04,0
"AL002",2008,8,31,28.85,17.33,0
"AL002",2008,9,1,27.54,17.17,0
"AL002",2008,9,2,27.71,15.44,0
"AL002",2008,9,3,26.27,17.51,0
"AL002",2008,9,4,27.16,17.2,0
"AL002",2008,9,5,27.96,19.01,0
"AL002",2008,9,6,29.12,19.68,0
"AL002",2008,9,7,26.19,16.74,0
"AL002",2008,9,8,27.45,12.96,0
"AL002",2008,9,9,27.73,13.58,0
"AL002",2008,9,10,29.51,16.29,0
"AL002",2008,9,11,28.5,18.49,0
"AL002",2008,9,12,28.43,18.09,0
"AL002",2008,9,13,21.48,13.28,13.7
"AL002",2008,9,14,19.14,11.63,3.1
"AL002",2008,9,15,18.99,9.54,0
"AL002",2008,9,16,22.19,9.12,0
"AL002",2008,9,17,22.41,8.72,0
"AL002",2008,9,18,22.34,12.18,0
"AL002",2008,9,19,20.67,13.15,14.6
"AL002",2008,9,20,21.73,11.58,0
"AL002",2008,9,21,19.33,10.52,0
"AL002",2008,9,22,18.79,9.93,3.9
"AL002",2008,9,23,18.24,8.95,0
"AL002",2008,9,24,19.77,9.47,0
"AL002",2008,9,25,20.64,9.58,0
"AL002",2008,9,26,20.32,9.59,0
"AL002",2008,9,27,17.47,10.28,0
"AL002",2008,9,28,19.9,7.4,0
"AL002",2008,9,29,20.24,6.51,0
"AL002",2008,9,30,17.77,9.31,7.3
"AL002",2008,10,1,20.62,11.44,0
"AL002",2008,10,2,19.28,13.28,0
"AL002",2008,10,3,21.28,10.08,0
"AL002",2008,10,4,20.04,6.57,0
"AL002",2008,10,5,18.55,6.03,0
"AL002",2008,10,6,19.54,7.35,0
"AL002",2008,10,7,17.44,11.37,0
"AL002",2008,10,8,19.89,12.4,13.3
"AL002",2008,10,9,23.24,11.57,0
"AL002",2008,10,10,23.99,10.5,0
"AL002",2008,10,11,23.03,10.55,0
"AL002",2008,10,12,22.87,10.35,0
"AL002",2008,10,13,22.11,11.28,0
"AL002",2008,10,14,22.98,12.09,0
"AL002",2008,10,15,22.68,11.48,0
"AL002",2008,10,16,21.26,13.16,0
"AL002",2008,10,17,23.21,12.65,0
"AL002",2008,10,18,16.09,10.77,0
"AL002",2008,10,19,18.27,9.83,0
"AL002",2008,10,20,17.51,10.57,0
"AL002",2008,10,21,18.64,13.12,0
"AL002",2008,10,22,17.51,13.65,2.2
"AL002",2008,10,23,20.33,13.69,0
"AL002",2008,10,24,17.44,13.28,0
"AL002",2008,10,25,20.2,11.99,0
"AL002",2008,10,26,20.23,9.62,0
"AL002",2008,10,27,15.11,10.03,0
"AL002",2008,10,28,16.58,10.75,36.6
"AL002",2008,10,29,16.65,11.73,44.6
"AL002",2008,10,30,13.32,7.96,9.4
"AL002",2008,10,31,11.55,8.16,13.6
"AL002",2008,11,1,16.35,9.06,7.2
"AL002",2008,11,2,16.41,9.37,8.2
"AL002",2008,11,3,14.25,10.73,14.9
"AL002",2008,11,4,14.26,9.72,28.6
"AL002",2008,11,5,15.3,9.26,41.7
"AL002",2008,11,6,13.7,9.56,6.3
"AL002",2008,11,7,13.24,8.88,2.5
"AL002",2008,11,8,15.07,6.3,0
"AL002",2008,11,9,15.27,7.05,0
"AL002",2008,11,10,13.16,9.28,0
"AL002",2008,11,11,13.17,9.49,7.1
"AL002",2008,11,12,12.09,10.37,15.2
"AL002",2008,11,13,12.58,8.66,9.3
"AL002",2008,11,14,13.7,9.04,0
"AL002",2008,11,15,14.92,7.85,0
"AL002",2008,11,16,17.36,6.24,0
"AL002",2008,11,17,17.38,6.09,0
"AL002",2008,11,18,10.08,5.91,0
"AL002",2008,11,19,12.82,2.69,0
"AL002",2008,11,20,12.32,3.18,0
"AL002",2008,11,21,15.06,4.84,0
"AL002",2008,11,22,11.12,2.73,0
"AL002",2008,11,23,9.39,0.45,0
"AL002",2008,11,24,5.04,0.02,6.8
"AL002",2008,11,25,6.01,-0.32,0
"AL002",2008,11,26,8.06,0.16,0
"AL002",2008,11,27,7.28,-0.79,0
"AL002",2008,11,28,2.45,0.32,0
"AL002",2008,11,29,6.76,0.52,38.7
"AL002",2008,11,30,5.51,2.75,21.3
"AL002",2008,12,1,6.8,1.93,20.9
"AL002",2008,12,2,6.15,0.16,0
"AL002",2008,12,3,4.89,-1.47,0
"AL002",2008,12,4,5.33,0.65,0
"AL002",2008,12,5,7.44,2.68,0
"AL002",2008,12,6,7.7,1.04,0
"AL002",2008,12,7,8.38,-0.64,0
"AL002",2008,12,8,8.84,-1.35,0
"AL002",2008,12,9,5.01,-0.56,0
"AL002",2008,12,10,2.07,0.86,27.5
"AL002",2008,12,11,3.85,2.3,10.5
"AL002",2008,12,12,7.59,2.87,11.5
"AL002",2008,12,13,5.99,3.35,6.9
"AL002",2008,12,14,8.53,4.41,14.8
"AL002",2008,12,15,7.68,5.18,38.7
"AL002",2008,12,16,7.9,5.23,15.4
"AL002",2008,12,17,6.85,3.71,15.5
"AL002",2008,12,18,10.96,1.79,0
"AL002",2008,12,19,12.02,1.99,0
"AL002",2008,12,20,11.08,2.75,0
"AL002",2008,12,21,14.99,2.98,0
"AL002",2008,12,22,8.89,2.37,0
"AL002",2008,12,23,8.01,1.61,0
"AL002",2008,12,24,6.88,0.48,0
"AL002",2008,12,25,5.01,0.81,2.9
"AL002",2008,12,26,3.49,-0.91,0
"AL002",2008,12,27,2.63,-2.55,0
"AL002",2008,12,28,1.08,-3.13,0
"AL002",2008,12,29,2.23,-0.97,0
"AL002",2008,12,30,3.89,-0.28,0
"AL002",2008,12,31,3.24,0.19,0
"AL002",2009,1,1,3.06,-0.6,2.3
"AL002",2009,1,2,2.61,-2.02,0
"AL002",2009,1,3,2.91,-2.91,0
"AL002",2009,1,4,3.19,-4.54,0
"AL002",2009,1,5,1.42,-2.24,0
"AL002",2009,1,6,0.07,-2.34,4.1
"AL002",2009,1,7,1.03,-2.66,0
"AL002",2009,1,8,3.63,0.31,4.2
"AL002",2009,1,9,4.43,-3.02,0
"AL002",2009,1,10,3.86,-3.77,0
"AL002",2009,1,11,5.48,-3.74,0
"AL002",2009,1,12,6.31,-4.93,0
"AL002",2009,1,13,4.43,-5.03,0
"AL002",2009,1,14,5.98,-2.47,0
"AL002",2009,1,15,4.35,-1.97,0
"AL002",2009,1,16,6.57,-3.31,0
"AL002",2009,1,17,4.34,-0.94,0
"AL002",2009,1,18,4.25,1.81,1.8
"AL002",2009,1,19,5.98,2.27,0
"AL002",2009,1,20,7.89,3.74,40.8
"AL002",2009,1,21,8.28,0.81,0
"AL002",2009,1,22,7.73,-0.48,0
"AL002",2009,1,23,5.11,-0.6,0
"AL002",2009,1,24,4.07,0.16,5.5
"AL002",2009,1,25,8.73,0.77,5.3
"AL002",2009,1,26,6.18,1.08,3.9
"AL002",2009,1,27,7.79,2.52,8.8
"AL002",2009,1,28,7.68,0.59,0
"AL002",2009,1,29,10.15,-0.74,0
"AL002",2009,1,30,7.66,0.05,0
"AL002",2009,1,31,3.29,-0.76,0
"AL002",2009,2,1,2.85,0.52,3.4
"AL002",2009,2,2,2.57,0.86,10.1
"AL002",2009,2,3,6.13,1.84,13.1
"AL002",2009,2,4,8.5,2.98,0
"AL002",2009,2,5,9,3.82,5.9
"AL002",2009,2,6,7.83,4.7,38.8
"AL002",2009,2,7,7.53,4,28.1
"AL002",2009,2,8,10.74,2.34,3.3
"AL002",2009,2,9,11.97,1.28,0
"AL002",2009,2,10,10.84,3.25,0
"AL002",2009,2,11,9.04,0.63,0
"AL002",2009,2,12,9.15,0.31,0
"AL002",2009,2,13,7.91,-2.26,0
"AL002",2009,2,14,7.88,-3.61,0
"AL002",2009,2,15,8.88,-3.16,0
"AL002",2009,2,16,8.63,-1.25,0
"AL002",2009,2,17,10.73,-1.13,0
"AL002",2009,2,18,9.08,-0.55,0
"AL002",2009,2,19,8.05,-2.73,0
"AL002",2009,2,20,10.97,-3.07,0
"AL002",2009,2,21,12.33,0.57,0
"AL002",2009,2,22,12.46,-0.24,0
"AL002",2009,2,23,11.71,0.51,0
"AL002",2009,2,24,12.41,-0.01,0
"AL002",2009,2,25,11.14,0.42,0
"AL002",2009,2,26,12.91,-0.41,0
"AL002",2009,2,27,15.27,1.64,0
"AL002",2009,2,28,14.52,1.45,0
"AL002",2009,3,1,10.38,7.07,6.7
"AL002",2009,3,2,12.62,5.26,8.3
"AL002",2009,3,3,11.24,5.02,5.3
"AL002",2009,3,4,7.63,4.55,16.4
"AL002",2009,3,5,7.54,4.19,16.9
"AL002",2009,3,6,10.95,4.21,6.8
"AL002",2009,3,7,16.02,4.07,0
"AL002",2009,3,8,16.95,3.15,0
"AL002",2009,3,9,14.55,3.56,0
"AL002",2009,3,10,13.61,2.01,0
"AL002",2009,3,11,16.85,2.91,0
"AL002",2009,3,12,15.29,0.94,0
"AL002",2009,3,13,17.65,4.06,0
"AL002",2009,3,14,14.97,4.77,0
"AL002",2009,3,15,17.73,4.57,0
"AL002",2009,3,16,17.1,5.93,0
"AL002",2009,3,17,18.44,3.51,0
"AL002",2009,3,18,20.69,5.18,0
"AL002",2009,3,19,18.09,4.7,0
"AL002",2009,3,20,10.62,2.96,0
"AL002",2009,3,21,11.77,-0.69,0
"AL002",2009,3,22,16.25,0.42,0
"AL002",2009,3,23,20.04,4.33,0
"AL002",2009,3,24,14.87,5.16,0
"AL002",2009,3,25,15.09,2.3,0
"AL002",2009,3,26,18,2.73,0
"AL002",2009,3,27,15.5,5.13,0
"AL002",2009,3,28,11.45,8.22,9.3
"AL002",2009,3,29,9.99,8.57,35
"AL002",2009,3,30,15.78,7.5,4.6
"AL002",2009,3,31,14.49,8.83,4.6
"AL002",2009,4,1,12.71,9.2,16.3
"AL002",2009,4,2,14.21,8.71,13.5
"AL002",2009,4,3,17.34,6.95,0
"AL002",2009,4,4,17.96,7.59,0
"AL002",2009,4,5,18.09,10.04,3.3
"AL002",2009,4,6,20.62,8.89,0
"AL002",2009,4,7,20.1,8.25,0
"AL002",2009,4,8,18.99,8.84,0
"AL002",2009,4,9,20.51,8.95,0
"AL002",2009,4,10,17.55,10.81,0
"AL002",2009,4,11,17.23,10.56,4.4
"AL002",2009,4,12,18.98,10.69,0
"AL002",2009,4,13,23.73,10.09,0
"AL002",2009,4,14,22.88,10.3,0
"AL002",2009,4,15,22.21,9.46,0
"AL002",2009,4,16,14.13,9.54,16.9
"AL002",2009,4,17,17.11,7.22,14.3
"AL002",2009,4,18,16.79,8.22,2.8
"AL002",2009,4,19,12.73,9.61,13.5
"AL002",2009,4,20,16.74,9.96,13.1
"AL002",2009,4,21,18.91,10.05,0
"AL002",2009,4,22,24.3,12.06,0
"AL002",2009,4,23,23.76,10.14,0
"AL002",2009,4,24,15.63,8.42,0
"AL002",2009,4,25,17.45,7.92,0
"AL002",2009,4,26,12.3,10.36,16.7
"AL002",2009,4,27,12.55,8.14,56.2
"AL002",2009,4,28,15.12,8.38,17.6
"AL002",2009,4,29,14.79,7.37,5.5
"AL002",2009,4,30,20.79,7.6,0
"AL002",2009,5,1,23.26,8.5,0
"AL002",2009,5,2,26.09,11.28,0
"AL002",2009,5,3,22.58,10.42,0
"AL002",2009,5,4,22.86,10.63,0
"AL002",2009,5,5,21.22,10.76,0
"AL002",2009,5,6,22.6,9.8,0
"AL002",2009,5,7,23.85,9.56,0
"AL002",2009,5,8,20.68,11.57,0
"AL002",2009,5,9,22.98,11.18,0
"AL002",2009,5,10,23.28,11.19,0
"AL002",2009,5,11,23.92,11.72,0
"AL002",2009,5,12,24.92,13.26,0
"AL002",2009,5,13,25.45,13.7,0
"AL002",2009,5,14,23.78,11.92,0
"AL002",2009,5,15,18.4,13.43,5.7
"AL002",2009,5,16,23.99,12.82,0
"AL002",2009,5,17,24.54,13.39,0
"AL002",2009,5,18,26.39,13.98,0
"AL002",2009,5,19,26.45,13.38,0
"AL002",2009,5,20,27.88,14.14,0
"AL002",2009,5,21,28.02,15.7,0
"AL002",2009,5,22,26.98,15.54,0
"AL002",2009,5,23,29.77,16.87,0
"AL002",2009,5,24,31.79,17.74,0
"AL002",2009,5,25,32.12,18.53,0
"AL002",2009,5,26,30.43,15.97,0
"AL002",2009,5,27,28.46,15.38,0
"AL002",2009,5,28,27.25,13.38,0
"AL002",2009,5,29,27.81,13.84,0
"AL002",2009,5,30,20.88,13.66,0
"AL002",2009,5,31,21.96,12.09,0
"AL002",2009,6,1,20.45,13.92,0
"AL002",2009,6,2,27.41,13.87,0
"AL002",2009,6,3,28.26,14.81,0
"AL002",2009,6,4,25.51,15.18,0
"AL002",2009,6,5,22.35,15.55,0
"AL002",2009,6,6,23.43,15.74,4.1
"AL002",2009,6,7,24.86,14.8,0
"AL002",2009,6,8,22.7,14.63,0
"AL002",2009,6,9,22.9,15.98,0
"AL002",2009,6,10,24.97,14.22,0
"AL002",2009,6,11,27.87,14.79,0
"AL002",2009,6,12,28.03,15.62,0
"AL002",2009,6,13,29.4,15.93,0
"AL002",2009,6,14,29.72,16.85,0
"AL002",2009,6,15,29.34,18.5,0
"AL002",2009,6,16,30.02,18.48,0
"AL002",2009,6,17,26.59,18.04,0
"AL002",2009,6,18,29.57,16.2,0
"AL002",2009,6,19,29.81,18.48,0
"AL002",2009,6,20,26.18,15.99,4.1
"AL002",2009,6,21,24.71,14.19,5.3
"AL002",2009,6,22,24.62,13.31,0
"AL002",2009,6,23,27.79,13.77,0
"AL002",2009,6,24,28.7,13.76,0
"AL002",2009,6,25,27.1,15.82,0
"AL002",2009,6,26,26.51,17.24,0
"AL002",2009,6,27,27.07,16.85,0
"AL002",2009,6,28,28.34,16.52,0
"AL002",2009,6,29,29.52,18.75,0
"AL002",2009,6,30,28.82,18.58,0
"AL002",2009,7,1,29.51,19.15,0
"AL002",2009,7,2,29.39,18.05,0
"AL002",2009,7,3,30.53,18.79,0
"AL002",2009,7,4,30.37,19.33,0
"AL002",2009,7,5,29.65,18.22,8
"AL002",2009,7,6,29.29,18.14,0
"AL002",2009,7,7,27.16,17.37,0
"AL002",2009,7,8,27.45,16.75,0
"AL002",2009,7,9,26.38,16.15,0
"AL002",2009,7,10,25.8,15.24,0
"AL002",2009,7,11,26.48,14.76,0
"AL002",2009,7,12,26.93,15.67,0
"AL002",2009,7,13,27.51,16.4,0
"AL002",2009,7,14,30.27,18.45,0
"AL002",2009,7,15,30,20.05,0
"AL002",2009,7,16,32.01,19.98,0
"AL002",2009,7,17,31.45,20.81,0
"AL002",2009,7,18,25.68,14.11,8.3
"AL002",2009,7,19,26.71,13.7,0
"AL002",2009,7,20,26.76,13.7,0
"AL002",2009,7,21,27.03,16.99,0
"AL002",2009,7,22,29.93,18.04,0
"AL002",2009,7,23,30.54,18.71,0
"AL002",2009,7,24,30.7,19.14,0
"AL002",2009,7,25,30.39,17.77,0
"AL002",2009,7,26,29.7,16.73,0
"AL002",2009,7,27,29.29,16.62,0
"AL002",2009,7,28,30.38,17.56,0
"AL002",2009,7,29,31.27,18.6,0
"AL002",2009,7,30,32.35,19.91,0
"AL002",2009,7,31,30.72,19.88,0
"AL002",2009,8,1,29.68,17.62,0
"AL002",2009,8,2,28.62,18.9,0
"AL002",2009,8,3,24.89,15.74,0
"AL002",2009,8,4,29.37,14.36,10.6
"AL002",2009,8,5,29.19,16.36,0
"AL002",2009,8,6,29.92,17.18,0
"AL002",2009,8,7,30.22,18.19,0
"AL002",2009,8,8,27.2,19.07,5.7
"AL002",2009,8,9,28.74,18.05,0
"AL002",2009,8,10,27.65,17.24,0
"AL002",2009,8,11,29.97,18.25,0
"AL002",2009,8,12,30.29,18.16,0
"AL002",2009,8,13,30.81,19.16,0
"AL002",2009,8,14,29.67,18.05,0
"AL002",2009,8,15,30.07,18.78,0
"AL002",2009,8,16,31.29,19.23,0
"AL002",2009,8,17,32.36,18.95,0
"AL002",2009,8,18,33.1,19.19,0
"AL002",2009,8,19,32.7,19.37,0
"AL002",2009,8,20,33.3,19.47,0
"AL002",2009,8,21,33.41,20.23,0
"AL002",2009,8,22,31.78,19.96,0
"AL002",2009,8,23,29.95,19.14,0
"AL002",2009,8,24,28.93,18.17,0
"AL002",2009,8,25,29.06,18,0
"AL002",2009,8,26,28.66,18.67,0
"AL002",2009,8,27,29.55,18.41,0
"AL002",2009,8,28,31,19.05,0
"AL002",2009,8,29,30.51,18.53,0
"AL002",2009,8,30,24.24,16.11,0
"AL002",2009,8,31,27.33,14.68,0
"AL002",2009,9,1,27.67,15.95,0
"AL002",2009,9,2,28.04,17.96,0
"AL002",2009,9,3,27.62,19.61,0
"AL002",2009,9,4,30.67,17.66,0
"AL002",2009,9,5,26.92,15.49,0
"AL002",2009,9,6,25.35,13.19,0
"AL002",2009,9,7,25.72,11.34,0
"AL002",2009,9,8,25.86,10.94,0
"AL002",2009,9,9,25.27,13.6,0
"AL002",2009,9,10,26.88,14.48,0
"AL002",2009,9,11,28.72,15.76,0
"AL002",2009,9,12,26.24,15.54,0
"AL002",2009,9,13,27.37,14.25,0
"AL002",2009,9,14,20.44,14.13,10.9
"AL002",2009,9,15,17.53,13.38,13.9
"AL002",2009,9,16,18.78,15.49,30.6
"AL002",2009,9,17,24.15,14.04,7
"AL002",2009,9,18,22.52,13.23,5.5
"AL002",2009,9,19,22.6,13.7,6
"AL002",2009,9,20,21.58,13.07,16.3
"AL002",2009,9,21,22.27,14.22,10.2
"AL002",2009,9,22,25.84,14.45,0
"AL002",2009,9,23,26.39,13.2,0
"AL002",2009,9,24,25.91,14.34,0
"AL002",2009,9,25,26.53,14.49,0
"AL002",2009,9,26,23.11,15.21,0
"AL002",2009,9,27,23.89,13.15,0
"AL002",2009,9,28,25.24,12.53,0
"AL002",2009,9,29,25.8,13.03,0
"AL002",2009,9,30,24.75,12.9,0
"AL002",2009,10,1,25.08,13.66,0
"AL002",2009,10,2,25.11,13.28,0
"AL002",2009,10,3,22.48,12.45,0
"AL002",2009,10,4,22.33,12.23,0
"AL002",2009,10,5,21.1,12.3,0
"AL002",2009,10,6,21.01,15.41,0
"AL002",2009,10,7,23.23,13.85,0
"AL002",2009,10,8,23.8,14.24,0
"AL002",2009,10,9,21.34,15,36.6
"AL002",2009,10,10,21.48,13.14,25.4
"AL002",2009,10,11,22.65,11.83,0
"AL002",2009,10,12,20.4,11.98,4.2
"AL002",2009,10,13,20.17,7.67,0
"AL002",2009,10,14,16.59,4.7,0
"AL002",2009,10,15,13.28,2.45,0
"AL002",2009,10,16,15.71,3.16,0
"AL002",2009,10,17,16.47,4.43,0
"AL002",2009,10,18,15.31,3.76,0
"AL002",2009,10,19,13.95,1.75,0
"AL002",2009,10,20,10.05,3.39,0
"AL002",2009,10,21,9.16,7.04,29.2
"AL002",2009,10,22,12.84,6.52,22.9
"AL002",2009,10,23,15.34,8.51,0
"AL002",2009,10,24,20.3,6.6,0
"AL002",2009,10,25,20.4,8.37,0
"AL002",2009,10,26,20.34,8.25,0
"AL002",2009,10,27,18.34,7.31,0
"AL002",2009,10,28,17.84,6.37,0
"AL002",2009,10,29,17.38,7.93,0
"AL002",2009,10,30,16.49,6.33,0
"AL002",2009,10,31,14.13,6.14,0
"AL002",2009,11,1,15.28,5.57,0
"AL002",2009,11,2,11.47,7.05,32.7
"AL002",2009,11,3,15.6,4.6,23.6
"AL002",2009,11,4,12.14,5.39,0
"AL002",2009,11,5,11.88,2.84,0
"AL002",2009,11,6,11.07,4.35,7.1
"AL002",2009,11,7,11.5,2.66,12.1
"AL002",2009,11,8,8.59,5.81,37.3
"AL002",2009,11,9,10.56,6.15,18.4
"AL002",2009,11,10,13.98,4.06,0
"AL002",2009,11,11,13.19,2.65,0
"AL002",2009,11,12,12.73,2.61,0
"AL002",2009,11,13,10.47,5.44,0
"AL002",2009,11,14,11.68,9.29,2
"AL002",2009,11,15,11.98,9.15,0
"AL002",2009,11,16,12.95,10.22,0
"AL002",2009,11,17,13.13,9.57,0
"AL002",2009,11,18,14.22,8.86,0
"AL002",2009,11,19,13.21,7.99,0
"AL002",2009,11,20,15.15,6.43,0
"AL002",2009,11,21,12.22,6.11,0
"AL002",2009,11,22,10.42,8.35,0
"AL002",2009,11,23,12.67,6.78,0
"AL002",2009,11,24,12.14,6.63,0
"AL002",2009,11,25,9.68,4.84,0
"AL002",2009,11,26,11.03,8.3,10.9
"AL002",2009,11,27,12.34,7.39,0
"AL002",2009,11,28,12.6,4.79,0
"AL002",2009,11,29,10.74,6.92,24.7
"AL002",2009,11,30,10.06,6.07,90.4
"AL002",2009,12,1,10.23,2.28,7.3
"AL002",2009,12,2,10.35,0.98,0
"AL002",2009,12,3,6.99,1.09,0
"AL002",2009,12,4,5.68,2.58,10.6
"AL002",2009,12,5,9.8,1.47,0
"AL002",2009,12,6,8.29,2.36,0
"AL002",2009,12,7,7.89,6.75,9.6
"AL002",2009,12,8,11.3,5.5,5.7
"AL002",2009,12,9,12.42,1.73,0
"AL002",2009,12,10,11.65,1.46,0
"AL002",2009,12,11,12.13,0.85,0
"AL002",2009,12,12,8.69,0.65,0
"AL002",2009,12,13,5.46,1.6,0
"AL002",2009,12,14,3.76,0.88,0
"AL002",2009,12,15,3.98,-1.12,0
"AL002",2009,12,16,4.29,-3.18,0
"AL002",2009,12,17,1.28,-4.62,0
"AL002",2009,12,18,-0.36,-6.8,0
"AL002",2009,12,19,-0.59,-7.2,0
"AL002",2009,12,20,-1.27,-7.77,0
"AL002",2009,12,21,-2.4,-6.18,0
"AL002",2009,12,22,3.31,-3.2,10.3
"AL002",2009,12,23,5.55,1.69,23.3
"AL002",2009,12,24,7.94,2.46,31.4
"AL002",2009,12,25,11.21,3.64,19.4
"AL002",2009,12,26,6.74,0.72,0
"AL002",2009,12,27,10.31,-0.01,0
"AL002",2009,12,28,4.98,-0.51,0
"AL002",2009,12,29,6.03,-0.12,0
"AL002",2009,12,30,6.04,2.74,3.2
"AL002",2009,12,31,6.28,3.92,3.1
"AL002",2010,1,1,7.2,3.93,3.5
"AL002",2010,1,2,8.66,0.71,0
"AL002",2010,1,3,4.56,-2.43,0
"AL002",2010,1,4,1.45,-0.17,0
"AL002",2010,1,5,1.37,-1.4,0
"AL002",2010,1,6,5.45,-1.2,2.6
"AL002",2010,1,7,4.57,-2.15,0
"AL002",2010,1,8,3.33,1.54,18.7
"AL002",2010,1,9,4.93,2.2,11.3
"AL002",2010,1,10,5.3,-0.03,6.8
"AL002",2010,1,11,4.93,-0.8,0
"AL002",2010,1,12,3.31,-1,0
"AL002",2010,1,13,4.2,0.92,4.2
"AL002",2010,1,14,3.43,0.86,0
"AL002",2010,1,15,6.5,0.9,0
"AL002",2010,1,16,4.26,-1.06,0
"AL002",2010,1,17,4.78,1.33,0
"AL002",2010,1,18,6.46,-1.86,0
"AL002",2010,1,19,4.31,-1.82,0
"AL002",2010,1,20,1.66,-0.9,0
"AL002",2010,1,21,4,-1.56,0
"AL002",2010,1,22,2.87,-2.61,0
"AL002",2010,1,23,3.44,-3.56,0
"AL002",2010,1,24,2.34,-1.38,0
"AL002",2010,1,25,2,-0.05,0
"AL002",2010,1,26,3.34,-0.8,0
"AL002",2010,1,27,5.86,-1.09,0
"AL002",2010,1,28,6.39,-1.11,0
"AL002",2010,1,29,3.42,-1.53,0
"AL002",2010,1,30,5.26,-0.69,0
"AL002",2010,1,31,3.92,-4.26,0
"AL002",2010,2,1,5.58,-6.08,0
"AL002",2010,2,2,6.45,-3.73,0
"AL002",2010,2,3,6.87,-2.31,0
"AL002",2010,2,4,5.24,0.29,0
"AL002",2010,2,5,2.81,-0.18,13.1
"AL002",2010,2,6,9.06,-0.95,13.2
"AL002",2010,2,7,7.82,-1.12,0
"AL002",2010,2,8,4.73,-1.8,0
"AL002",2010,2,9,3.86,0.34,0
"AL002",2010,2,10,5.42,1.02,0
"AL002",2010,2,11,3.42,-0.13,2.1
"AL002",2010,2,12,5.29,-2.4,1.7
"AL002",2010,2,13,7.27,-1.77,0
"AL002",2010,2,14,4.62,0.22,0
"AL002",2010,2,15,4.98,-2.05,0
"AL002",2010,2,16,3.53,0.59,0
"AL002",2010,2,17,3.7,2.08,3.3
"AL002",2010,2,18,8.46,1.63,7
"AL002",2010,2,19,8.25,4.4,32.4
"AL002",2010,2,20,11.82,2.69,0
"AL002",2010,2,21,9.96,-0.8,0
"AL002",2010,2,22,6.77,3.58,4.8
"AL002",2010,2,23,9.31,3.09,7.4
"AL002",2010,2,24,12.25,2.65,0
"AL002",2010,2,25,12.41,2.62,0
"AL002",2010,2,26,14.79,6.66,5.1
"AL002",2010,2,27,13.63,2.64,0
"AL002",2010,2,28,8.15,5.46,2.6
"AL002",2010,3,1,11.7,2.16,0
"AL002",2010,3,2,16.81,2.74,0
"AL002",2010,3,3,8.88,4.07,0
"AL002",2010,3,4,9.6,4.76,5.1
"AL002",2010,3,5,9.68,0.39,0
"AL002",2010,3,6,9.55,-2.7,0
"AL002",2010,3,7,5.47,0.48,1.9
"AL002",2010,3,8,4.48,-0.43,0
"AL002",2010,3,9,1.1,-0.31,0
"AL002",2010,3,10,2.28,-0.75,0
"AL002",2010,3,11,7.38,-1.05,1.8
"AL002",2010,3,12,7.99,-0.45,0
"AL002",2010,3,13,11.3,-0.74,0
"AL002",2010,3,14,14.24,-0.11,0
"AL002",2010,3,15,14.07,0.87,0
"AL002",2010,3,16,16.48,2.2,0
"AL002",2010,3,17,13.79,1.5,0
"AL002",2010,3,18,13.78,4.18,0
"AL002",2010,3,19,14.12,5.09,0
"AL002",2010,3,20,10.52,8.55,0
"AL002",2010,3,21,11.53,9.4,7.4
"AL002",2010,3,22,12.17,9.28,12.8
"AL002",2010,3,23,16.38,8.07,0
"AL002",2010,3,24,17.11,8.2,0
"AL002",2010,3,25,15.33,8.65,0
"AL002",2010,3,26,14.09,8.9,13
"AL002",2010,3,27,16.59,5.3,0
"AL002",2010,3,28,19.54,5.94,0
"AL002",2010,3,29,14.1,6.09,0
"AL002",2010,3,30,13.06,6.71,9.3
"AL002",2010,3,31,16.92,4.45,9.8
"AL002",2010,4,1,14.56,4.25,0
"AL002",2010,4,2,14.44,2,0
"AL002",2010,4,3,10.91,5.31,0
"AL002",2010,4,4,10.08,6.69,13
"AL002",2010,4,5,17.57,4.5,6.8
"AL002",2010,4,6,18.06,4.7,0
"AL002",2010,4,7,18.64,5.31,0
"AL002",2010,4,8,17.66,9.09,0
"AL002",2010,4,9,21.04,7.13,0
"AL002",2010,4,10,22.22,7.94,0
"AL002",2010,4,11,14.74,6.57,0
"AL002",2010,4,12,14.1,4.79,4.4
"AL002",2010,4,13,13.01,5.34,0
"AL002",2010,4,14,16.94,3.02,0
"AL002",2010,4,15,16.64,4.37,0
"AL002",2010,4,16,17.09,6.33,0
"AL002",2010,4,17,14.4,7.99,3.5
"AL002",2010,4,18,16.07,7.5,3.8
"AL002",2010,4,19,20.33,6.14,0
"AL002",2010,4,20,21.15,7.57,0
"AL002",2010,4,21,20.94,9.75,0
"AL002",2010,4,22,18.88,9.6,0
"AL002",2010,4,23,15.55,11.49,5.8
"AL002",2010,4,24,17.77,12.27,2.5
"AL002",2010,4,25,23.08,11.89,0
"AL002",2010,4,26,24.78,12.2,0
"AL002",2010,4,27,19.26,12.16,0
"AL002",2010,4,28,23.42,10.59,0
"AL002",2010,4,29,24,10.9,0
"AL002",2010,4,30,22.43,12.41,0
"AL002",2010,5,1,20.33,11.67,0
"AL002",2010,5,2,17.81,13.03,3.5
"AL002",2010,5,3,19.45,11.26,5.9
"AL002",2010,5,4,14.73,10.51,21.3
"AL002",2010,5,5,13.52,8.83,26.3
"AL002",2010,5,6,13.06,7.25,5.5
"AL002",2010,5,7,14.12,6.51,2.2
"AL002",2010,5,8,15.65,8.54,2.3
"AL002",2010,5,9,16.89,9.79,11.7
"AL002",2010,5,10,17.12,11.46,5.2
"AL002",2010,5,11,16.97,12.04,3.1
"AL002",2010,5,12,18.19,10.84,2.5
"AL002",2010,5,13,18,10.47,14.8
"AL002",2010,5,14,18.59,9.51,7.3
"AL002",2010,5,15,18.75,9.74,0
"AL002",2010,5,16,20.68,10.59,0
"AL002",2010,5,17,22.48,9.24,0
"AL002",2010,5,18,23.24,9.8,0
"AL002",2010,5,19,20.41,10,0
"AL002",2010,5,20,24.82,9.5,0
"AL002",2010,5,21,24.65,10.93,0
"AL002",2010,5,22,25.92,12.04,0
"AL002",2010,5,23,26.06,13.04,0
"AL002",2010,5,24,26.71,14.09,0
"AL002",2010,5,25,24.87,12.94,0
"AL002",2010,5,26,23.04,13.25,0
"AL002",2010,5,27,21.75,12.21,0
"AL002",2010,5,28,22.28,12.34,0
"AL002",2010,5,29,23.72,13.59,0
"AL002",2010,5,30,24.65,13.87,0
"AL002",2010,5,31,26.41,14.44,0
"AL002",2010,6,1,25.7,12.16,0
"AL002",2010,6,2,26.74,14.85,0
"AL002",2010,6,3,25.23,14.49,0
"AL002",2010,6,4,27.85,13.02,0
"AL002",2010,6,5,26.82,15.5,0
"AL002",2010,6,6,27.06,16.31,0
"AL002",2010,6,7,22.95,16.33,0
"AL002",2010,6,8,23.96,16.34,2.3
"AL002",2010,6,9,26.49,16.28,0
"AL002",2010,6,10,26.52,17.84,0
"AL002",2010,6,11,27.26,16.88,0
"AL002",2010,6,12,24.8,17.89,3
"AL002",2010,6,13,25.13,15.23,0
"AL002",2010,6,14,25.13,14.88,0
"AL002",2010,6,15,22.37,16.04,10.9
"AL002",2010,6,16,21.76,14.6,28.4
"AL002",2010,6,17,20.85,12.77,16.4
"AL002",2010,6,18,24.37,12.16,0
"AL002",2010,6,19,22.82,13.43,10.5
"AL002",2010,6,20,17.97,12.39,17.8
"AL002",2010,6,21,26.03,12.67,0
"AL002",2010,6,22,24.7,13.34,0
"AL002",2010,6,23,25.2,13.88,0
"AL002",2010,6,24,26.08,13.81,0
"AL002",2010,6,25,26.52,15.21,0
"AL002",2010,6,26,27.48,15.61,0
"AL002",2010,6,27,29.06,16.91,0
"AL002",2010,6,28,29.33,17.78,0
"AL002",2010,6,29,29.77,18.48,0
"AL002",2010,6,30,29.76,18.07,0
"AL002",2010,7,1,30.44,19,0
"AL002",2010,7,2,30.98,18.83,0
"AL002",2010,7,3,31.86,19.71,0
"AL002",2010,7,4,31.79,19.57,0
"AL002",2010,7,5,30.98,20.9,0
"AL002",2010,7,6,30.9,20.48,0
"AL002",2010,7,7,29.64,19.11,0
"AL002",2010,7,8,29.07,19.25,0
"AL002",2010,7,9,30.07,18.75,0
"AL002",2010,7,10,31.41,20.49,0
"AL002",2010,7,11,30.7,20.48,0
"AL002",2010,7,12,31.02,20.33,0
"AL002",2010,7,13,30.13,21.37,0
"AL002",2010,7,14,31.41,20.35,0
"AL002",2010,7,15,31.49,20.74,0
"AL002",2010,7,16,32.45,20.24,0
"AL002",2010,7,17,32.32,20.94,0
"AL002",2010,7,18,30.87,18.57,0
"AL002",2010,7,19,30.2,19.09,0
"AL002",2010,7,20,30.55,18.64,0
"AL002",2010,7,21,30.42,20.35,0
"AL002",2010,7,22,31.16,20,0
"AL002",2010,7,23,29.46,19.89,0
"AL002",2010,7,24,28.92,18.47,0
"AL002",2010,7,25,28.16,14.7,0
"AL002",2010,7,26,27.61,16.8,0
"AL002",2010,7,27,28.07,15.39,0
"AL002",2010,7,28,28.76,14.91,0
"AL002",2010,7,29,26.3,17.17,0
"AL002",2010,7,30,26.81,14.64,0
"AL002",2010,7,31,27.29,14.4,0
"AL002",2010,8,1,28.29,15.26,0
"AL002",2010,8,2,28.84,18.11,0
"AL002",2010,8,3,28.94,17.72,0
"AL002",2010,8,4,27.71,17,0
"AL002",2010,8,5,22.17,15.67,26.7
"AL002",2010,8,6,27.93,14.51,0
"AL002",2010,8,7,27.42,14.63,0
"AL002",2010,8,8,27.49,14.6,0
"AL002",2010,8,9,27.45,15.65,0
"AL002",2010,8,10,28.18,17.19,0
"AL002",2010,8,11,28.43,18.94,0
"AL002",2010,8,12,25.46,17.82,4.9
"AL002",2010,8,13,25.59,17.19,7.5
"AL002",2010,8,14,18.7,15.36,25.3
"AL002",2010,8,15,23.91,14.2,24.6
"AL002",2010,8,16,23.35,13.07,0
"AL002",2010,8,17,26.06,14.14,0
"AL002",2010,8,18,25.79,14.63,0
"AL002",2010,8,19,27.3,16.45,0
"AL002",2010,8,20,26,18.07,2.9
"AL002",2010,8,21,30.11,18.36,0
"AL002",2010,8,22,30.8,18.36,0
"AL002",2010,8,23,28.97,18.37,0
"AL002",2010,8,24,27.81,18.59,0
"AL002",2010,8,25,28.92,17.96,0
"AL002",2010,8,26,28.85,17.46,0
"AL002",2010,8,27,27.49,19.79,0
"AL002",2010,8,28,29.69,18.6,0
"AL002",2010,8,29,25.42,15.77,0
"AL002",2010,8,30,24.89,13.26,0
"AL002",2010,8,31,26.53,11.27,0
"AL002",2010,9,1,24.73,10.89,0
"AL002",2010,9,2,24.81,12.29,0
"AL002",2010,9,3,25.91,12.86,0
"AL002",2010,9,4,26.4,14.03,0
"AL002",2010,9,5,25.35,15.27,0
"AL002",2010,9,6,23.64,15.31,0
"AL002",2010,9,7,19.73,15.46,25.1
"AL002",2010,9,8,22.81,15.01,12.3
"AL002",2010,9,9,23.55,11.7,5.1
"AL002",2010,9,10,25.1,11.33,0
"AL002",2010,9,11,25.54,11.83,0
"AL002",2010,9,12,25.43,12.2,0
"AL002",2010,9,13,24.23,14.63,0
"AL002",2010,9,14,25.48,13.5,0
"AL002",2010,9,15,26.29,13.14,0
"AL002",2010,9,16,25.38,14.55,0
"AL002",2010,9,17,23.43,17.39,1.5
"AL002",2010,9,18,22.81,15.47,1.9
"AL002",2010,9,19,23.16,13.8,0.7
"AL002",2010,9,20,22.87,11.94,0
"AL002",2010,9,21,22.89,12.38,0
"AL002",2010,9,22,25.85,11.46,0
"AL002",2010,9,23,24.8,11.18,0
"AL002",2010,9,24,20.99,12.49,7.7
"AL002",2010,9,25,18.77,10.35,0
"AL002",2010,9,26,21.61,9.69,0
"AL002",2010,9,27,18.94,11.44,3.9
"AL002",2010,9,28,18.86,8.89,0
"AL002",2010,9,29,21.89,7.77,0
"AL002",2010,9,30,20.72,8.72,0
"AL002",2010,10,1,19.45,11.84,0
"AL002",2010,10,2,19.39,9.84,0
"AL002",2010,10,3,20.3,12.63,0
"AL002",2010,10,4,17.99,14.98,125.9
"AL002",2010,10,5,20.71,12.2,23.2
"AL002",2010,10,6,21.06,11.03,0
"AL002",2010,10,7,22.72,11.88,0
"AL002",2010,10,8,18.93,13.26,0
"AL002",2010,10,9,18.52,10.59,0
"AL002",2010,10,10,16.51,8.79,0
"AL002",2010,10,11,14.64,9.82,0
"AL002",2010,10,12,18.62,7.9,0
"AL002",2010,10,13,15.56,9,0
"AL002",2010,10,14,19.33,8.24,0
"AL002",2010,10,15,17.97,7.73,0
"AL002",2010,10,16,15.52,8.64,0
"AL002",2010,10,17,11.46,7.99,10.1
"AL002",2010,10,18,14.39,6.98,0
"AL002",2010,10,19,18.93,5.31,0
"AL002",2010,10,20,18.56,5.01,0
"AL002",2010,10,21,17.18,4.03,0
"AL002",2010,10,22,14.8,4.63,0
"AL002",2010,10,23,13.3,7.81,0
"AL002",2010,10,24,12.62,10.02,32.5
"AL002",2010,10,25,12.18,8.25,28.7
"AL002",2010,10,26,12.74,5.77,4.9
"AL002",2010,10,27,12.7,2.83,0
"AL002",2010,10,28,14.35,2.47,0
"AL002",2010,10,29,16.9,3.25,0
"AL002",2010,10,30,13.21,5.71,0
"AL002",2010,10,31,11.47,9.7,64.8
"AL002",2010,11,1,13.17,10.09,44.3
"AL002",2010,11,2,13.55,11.07,17.2
"AL002",2010,11,3,17.02,9.64,0
"AL002",2010,11,4,17.2,9.2,0
"AL002",2010,11,5,16.65,8.7,0
"AL002",2010,11,6,14.72,10.21,0
"AL002",2010,11,7,12.85,9.35,4.8
"AL002",2010,11,8,12.23,6.76,0
"AL002",2010,11,9,10.82,7.57,0
"AL002",2010,11,10,11.37,5.98,0
"AL002",2010,11,11,12.4,4.63,6.5
"AL002",2010,11,12,14.15,6.58,0
"AL002",2010,11,13,12.79,9.71,0
"AL002",2010,11,14,12.26,9.99,4.8
"AL002",2010,11,15,11.9,10.45,25.2
"AL002",2010,11,16,11.18,8.45,15.7
"AL002",2010,11,17,13.31,5.65,0
"AL002",2010,11,18,9.73,5.14,6.5
"AL002",2010,11,19,11.94,4.91,4.1
"AL002",2010,11,20,9.19,5.97,6.2
"AL002",2010,11,21,7.86,5.36,16.3
"AL002",2010,11,22,9.64,4.13,3.1
"AL002",2010,11,23,11.93,2.77,0
"AL002",2010,11,24,10.54,1,0
"AL002",2010,11,25,9.12,-0.3,0
"AL002",2010,11,26,5.68,-0.38,1.4
"AL002",2010,11,27,4.25,-2.67,0
"AL002",2010,11,28,2.57,-0.25,2.7
"AL002",2010,11,29,9.32,0.02,5.6
"AL002",2010,11,30,5.46,0.87,0
"AL002",2010,12,1,2.54,0.98,6.6
"AL002",2010,12,2,3.44,-0.08,2.6
"AL002",2010,12,3,5.38,-1.44,0
"AL002",2010,12,4,4.11,-1.59,0
"AL002",2010,12,5,2.37,-2.5,0
"AL002",2010,12,6,4.44,1.28,13.4
"AL002",2010,12,7,8.04,3.34,6.6
"AL002",2010,12,8,7.9,7.6,4.8
"AL002",2010,12,9,12.58,3.82,0
"AL002",2010,12,10,10.49,0.58,0
"AL002",2010,12,11,10.25,-0.53,0
"AL002",2010,12,12,9.14,-0.16,0
"AL002",2010,12,13,8.71,-1.1,0
"AL002",2010,12,14,4.89,-2.77,0
"AL002",2010,12,15,0.79,-3.68,0
"AL002",2010,12,16,0.1,-4.83,0
"AL002",2010,12,17,-0.37,-4.7,0
"AL002",2010,12,18,3.34,-5.9,0
"AL002",2010,12,19,1.77,-3.34,0
"AL002",2010,12,20,4.24,-1.04,0
"AL002",2010,12,21,3.45,1.28,4.1
"AL002",2010,12,22,6.7,1.48,11.2
"AL002",2010,12,23,7.14,4.16,25.5
"AL002",2010,12,24,8.65,5.29,9.5
"AL002",2010,12,25,7.38,6.08,4.9
"AL002",2010,12,26,6.13,1.55,5.1
"AL002",2010,12,27,1.91,-1.38,0
"AL002",2010,12,28,1.4,-1.89,0
"AL002",2010,12,29,2.24,-1.31,1
"AL002",2010,12,30,4.02,1.58,0
"AL002",2010,12,31,7.01,1.26,0
"AL002",2011,1,1,6.6,0.5,0
"AL002",2011,1,2,6.34,-0.05,0
"AL002",2011,1,3,5.56,-2.43,0
"AL002",2011,1,4,2.34,-1.52,0
"AL002",2011,1,5,2.29,-1.81,0
"AL002",2011,1,6,2.78,-0.44,8.8
"AL002",2011,1,7,5.41,3.31,11.6
"AL002",2011,1,8,7.02,4.98,0
"AL002",2011,1,9,6.04,5.44,0
"AL002",2011,1,10,6.53,3.57,27.9
"AL002",2011,1,11,8.53,2.53,0
"AL002",2011,1,12,10.05,0.88,0
"AL002",2011,1,13,10.43,2.72,0
"AL002",2011,1,14,7.53,2.48,0
"AL002",2011,1,15,9.08,3.36,0
"AL002",2011,1,16,8.4,1.9,0
"AL002",2011,1,17,7.47,1.71,0
"AL002",2011,1,18,7.08,1.69,0
"AL002",2011,1,19,7.16,0.67,0
"AL002",2011,1,20,5.51,0.17,0
"AL002",2011,1,21,4.08,-0.86,0
"AL002",2011,1,22,3.96,-1.6,0
"AL002",2011,1,23,7.09,-2.19,0
"AL002",2011,1,24,8.31,-2.54,0
"AL002",2011,1,25,5.35,-2.25,0
"AL002",2011,1,26,5.81,-1.67,0
"AL002",2011,1,27,5.45,-0.29,0
"AL002",2011,1,28,5.71,1.29,0
"AL002",2011,1,29,3.41,-0.26,0
"AL002",2011,1,30,2.79,0.26,3.1
"AL002",2011,1,31,5.82,0.6,6.6
"AL002",2011,2,1,6.49,1.47,0
"AL002",2011,2,2,7.01,0.47,0
"AL002",2011,2,3,8.24,0,0
"AL002",2011,2,4,12.86,0.3,0
"AL002",2011,2,5,15.96,2.68,0
"AL002",2011,2,6,15.87,1.75,0
"AL002",2011,2,7,15.15,1.53,0
"AL002",2011,2,8,13.2,-0.18,0
"AL002",2011,2,9,13.05,-0.83,0
"AL002",2011,2,10,11.06,-0.52,0
"AL002",2011,2,11,10.87,0.62,0
"AL002",2011,2,12,11.69,3.19,0
"AL002",2011,2,13,8.56,5.42,3.3
"AL002",2011,2,14,8.39,6.17,4.8
"AL002",2011,2,15,7.33,5.34,19.7
"AL002",2011,2,16,6.49,4.01,11.4
"AL002",2011,2,17,8.52,2.19,4.3
"AL002",2011,2,18,12.86,3.69,0
"AL002",2011,2,19,14.91,2.72,0
"AL002",2011,2,20,8.46,4.55,4.8
"AL002",2011,2,21,11.82,1.91,0
"AL002",2011,2,22,8.19,1.27,0
"AL002",2011,2,23,9.11,-0.08,0
"AL002",2011,2,24,10.36,-0.97,0
"AL002",2011,2,25,10.85,-0.7,0
"AL002",2011,2,26,9.08,-0.37,0
"AL002",2011,2,27,6.96,1.37,2.7
"AL002",2011,2,28,6.58,1.76,5.1
"AL002",2011,3,1,8.68,4.26,3
"AL002",2011,3,2,6.62,2.12,0
"AL002",2011,3,3,4.1,0.98,0
"AL002",2011,3,4,8.39,1.34,3.4
"AL002",2011,3,5,11.84,2.13,0
"AL002",2011,3,6,17.28,2.56,0
"AL002",2011,3,7,10.11,0.92,0
"AL002",2011,3,8,9.49,-1.54,0
"AL002",2011,3,9,10.11,-2.23,0
"AL002",2011,3,10,13.1,-0.64,0
"AL002",2011,3,11,11.99,2.43,0
"AL002",2011,3,12,10.87,5.85,9.2
"AL002",2011,3,13,7.28,4.45,21.2
"AL002",2011,3,14,12.29,5.18,2.9
"AL002",2011,3,15,10.71,7.99,19.4
"AL002",2011,3,16,10.51,8.86,20.9
"AL002",2011,3,17,12.42,7.26,8.2
"AL002",2011,3,18,19.77,6.32,0
"AL002",2011,3,19,18.29,7.81,3.1
"AL002",2011,3,20,13.98,5.97,0
"AL002",2011,3,21,12.73,3.94,0
"AL002",2011,3,22,15.05,4.86,0
"AL002",2011,3,23,18.85,4.48,0
"AL002",2011,3,24,20,5.28,0
"AL002",2011,3,25,18.55,5.26,0
"AL002",2011,3,26,16.37,6.14,0
"AL002",2011,3,27,12.35,6.81,10
"AL002",2011,3,28,14.64,7.23,13.4
"AL002",2011,3,29,17.42,5.84,4.3
"AL002",2011,3,30,17.07,7.22,0
"AL002",2011,3,31,20.96,6.98,0
"AL002",2011,4,1,22.86,9.04,0
"AL002",2011,4,2,22.85,9.8,0
"AL002",2011,4,3,22.23,9.05,0
"AL002",2011,4,4,21.02,10.2,0
"AL002",2011,4,5,22.07,9.97,0
"AL002",2011,4,6,22.91,8.67,0
"AL002",2011,4,7,26.88,10.86,0
"AL002",2011,4,8,27.77,13.06,0
"AL002",2011,4,9,29.26,12.8,0
"AL002",2011,4,10,26.32,12.42,0
"AL002",2011,4,11,24.48,11.04,0
"AL002",2011,4,12,25.54,11.78,0
"AL002",2011,4,13,18.55,8.93,0
"AL002",2011,4,14,13.74,6.46,7.4
"AL002",2011,4,15,14.44,6.72,0
"AL002",2011,4,16,17.96,6.66,0
"AL002",2011,4,17,18.32,7.71,0
"AL002",2011,4,18,20.32,6.46,0
"AL002",2011,4,19,20.71,5.87,0
"AL002",2011,4,20,21.27,8.45,0
"AL002",2011,4,21,22.02,7.69,0
"AL002",2011,4,22,20.8,8.06,0
"AL002",2011,4,23,15.91,11.15,3.5
"AL002",2011,4,24,20.11,11.58,0
"AL002",2011,4,25,22.02,10.88,0
"AL002",2011,4,26,24.35,12.33,0
"AL002",2011,4,27,22.14,12.2,0
"AL002",2011,4,28,17.96,10.73,0
"AL002",2011,4,29,16.93,8.72,4.8
"AL002",2011,4,30,18.95,8.59,0
"AL002",2011,5,1,22.61,8.96,0
"AL002",2011,5,2,21.4,9.11,0
"AL002",2011,5,3,24.26,10.58,0
"AL002",2011,5,4,21.92,11.76,0
"AL002",2011,5,5,20.87,10.49,0
"AL002",2011,5,6,20.62,9.48,0
"AL002",2011,5,7,22.77,9.78,0
"AL002",2011,5,8,25.3,11.63,0
"AL002",2011,5,9,21.9,11.83,0
"AL002",2011,5,10,24.08,9.37,0
"AL002",2011,5,11,26.34,10.99,0
"AL002",2011,5,12,25.97,12.87,0
"AL002",2011,5,13,25.23,13.98,0
"AL002",2011,5,14,23.24,14.28,4.8
"AL002",2011,5,15,19.78,11.84,9.4
"AL002",2011,5,16,23.23,9.23,0
"AL002",2011,5,17,23.6,10.3,0
"AL002",2011,5,18,24.37,13.23,0
"AL002",2011,5,19,24.8,12.29,0
"AL002",2011,5,20,25.66,12.79,0
"AL002",2011,5,21,27.14,13.27,0
"AL002",2011,5,22,28.49,14.62,0
"AL002",2011,5,23,29.32,15.82,0
"AL002",2011,5,24,30.22,16.91,0
"AL002",2011,5,25,29.02,16.81,0
"AL002",2011,5,26,28.28,16.29,0
"AL002",2011,5,27,24.14,13.82,5
"AL002",2011,5,28,25.18,11.05,0
"AL002",2011,5,29,24.84,12.16,0
"AL002",2011,5,30,26.17,13.77,0
"AL002",2011,5,31,21.93,14.38,3.5
"AL002",2011,6,1,18.68,13.59,21.8
"AL002",2011,6,2,23.56,14.58,6
"AL002",2011,6,3,24.72,16.61,2.5
"AL002",2011,6,4,22.47,16.53,2.6
"AL002",2011,6,5,22.08,14.03,25.8
"AL002",2011,6,6,22.41,12.1,6
"AL002",2011,6,7,18.12,15.33,14.1
"AL002",2011,6,8,20.39,13.94,22.6
"AL002",2011,6,9,24.08,14.01,7
"AL002",2011,6,10,23.74,12.88,0
"AL002",2011,6,11,24.12,14.35,0
"AL002",2011,6,12,23.72,14.59,0
"AL002",2011,6,13,24.39,15.43,0
"AL002",2011,6,14,27.22,14.4,0
"AL002",2011,6,15,27.89,15.35,0
"AL002",2011,6,16,27.39,16.83,0
"AL002",2011,6,17,23,17.31,0
"AL002",2011,6,18,25.3,17.35,0
"AL002",2011,6,19,27.07,15.05,0
"AL002",2011,6,20,26.03,14.01,0
"AL002",2011,6,21,27.22,15.4,0
"AL002",2011,6,22,26.92,18.13,0
"AL002",2011,6,23,26.01,17.1,0
"AL002",2011,6,24,27.41,17.22,0
"AL002",2011,6,25,28.26,16.04,0
"AL002",2011,6,26,30.01,16.46,0
"AL002",2011,6,27,28.97,17.14,0
"AL002",2011,6,28,30.55,19.04,0
"AL002",2011,6,29,31.37,18.94,12.6
"AL002",2011,6,30,30.6,18.41,0
"AL002",2011,7,1,29.48,18.89,0
"AL002",2011,7,2,24.76,16.01,0
"AL002",2011,7,3,27.2,13.91,0
"AL002",2011,7,4,26.5,16.99,5.2
"AL002",2011,7,5,29.59,18.51,0
"AL002",2011,7,6,29.84,17.78,0
"AL002",2011,7,7,27.47,18.58,0
"AL002",2011,7,8,29.89,18.37,0
"AL002",2011,7,9,29.56,18.25,0
"AL002",2011,7,10,31.43,19.62,0
"AL002",2011,7,11,31.71,19.68,0
"AL002",2011,7,12,32.25,19.82,0
"AL002",2011,7,13,28.67,20.71,0
"AL002",2011,7,14,28.65,18.65,3.2
"AL002",2011,7,15,28.17,17.53,0
"AL002",2011,7,16,26.15,16.1,0
"AL002",2011,7,17,25.65,18.08,11.4
"AL002",2011,7,18,25.75,16.43,0
"AL002",2011,7,19,22.61,14.75,12
"AL002",2011,7,20,26.08,13.6,2.2
"AL002",2011,7,21,26.41,14.27,0
"AL002",2011,7,22,27.17,15.24,0
"AL002",2011,7,23,25.62,15.15,13.2
"AL002",2011,7,24,25.76,14.14,0
"AL002",2011,7,25,24.83,13.14,0
"AL002",2011,7,26,24.5,13.13,0
"AL002",2011,7,27,22.31,14.28,4.8
"AL002",2011,7,28,26.27,14.36,0
"AL002",2011,7,29,26.92,15.64,0
"AL002",2011,7,30,28.12,16.49,0
"AL002",2011,7,31,27.24,16.6,0
"AL002",2011,8,1,28.48,15.9,0
"AL002",2011,8,2,29.14,16.91,0
"AL002",2011,8,3,29.07,17.81,0
"AL002",2011,8,4,29.82,16.94,0
"AL002",2011,8,5,29.68,18.36,0
"AL002",2011,8,6,26.65,17.55,0
"AL002",2011,8,7,26.63,19.77,0
"AL002",2011,8,8,30.49,17.86,0
"AL002",2011,8,9,28.47,14.57,0
"AL002",2011,8,10,28.31,14.05,0
"AL002",2011,8,11,26.92,13.52,0
"AL002",2011,8,12,27.45,13.97,0
"AL002",2011,8,13,29.4,14.71,0
"AL002",2011,8,14,29.43,16.77,0
"AL002",2011,8,15,29.5,18.9,0
"AL002",2011,8,16,30.77,18,0
"AL002",2011,8,17,31.08,19.04,0
"AL002",2011,8,18,31.93,18.96,0
"AL002",2011,8,19,32.64,19.26,0
"AL002",2011,8,20,33.36,19.05,0
"AL002",2011,8,21,34.01,19.89,0
"AL002",2011,8,22,34.58,19.97,0
"AL002",2011,8,23,33.5,20.3,0
"AL002",2011,8,24,33.88,18.9,0
"AL002",2011,8,25,33.07,19.14,0
"AL002",2011,8,26,32.09,19.37,0
"AL002",2011,8,27,29.32,16.46,0
"AL002",2011,8,28,29,13.74,0
"AL002",2011,8,29,29.13,14.55,0
"AL002",2011,8,30,28.93,14.11,0
"AL002",2011,8,31,28.46,15.1,0
"AL002",2011,9,1,28.84,17.5,0
"AL002",2011,9,2,29.51,17.49,0
"AL002",2011,9,3,29.26,18.78,5.9
"AL002",2011,9,4,23.31,19.04,28
"AL002",2011,9,5,27.47,17.57,0
"AL002",2011,9,6,26.34,16.31,0
"AL002",2011,9,7,27.21,15.32,0
"AL002",2011,9,8,28.82,15.92,0
"AL002",2011,9,9,29.87,16.24,0
"AL002",2011,9,10,28.47,16.99,0
"AL002",2011,9,11,28.68,16.79,0
"AL002",2011,9,12,28.15,17.75,0
"AL002",2011,9,13,29.74,16.61,0
"AL002",2011,9,14,30.71,16.53,0
"AL002",2011,9,15,29.71,15.98,0
"AL002",2011,9,16,28.62,15.49,0
"AL002",2011,9,17,27.88,15.13,0
"AL002",2011,9,18,21.89,15.16,28
"AL002",2011,9,19,21.54,11.8,0
"AL002",2011,9,20,25.26,11.27,0
"AL002",2011,9,21,26.83,10.62,0
"AL002",2011,9,22,27.01,12.71,0
"AL002",2011,9,23,25.91,12.82,0
"AL002",2011,9,24,25.36,12.5,0
"AL002",2011,9,25,24.63,14.6,0
"AL002",2011,9,26,26.84,13.56,0
"AL002",2011,9,27,27.81,13.81,0
"AL002",2011,9,28,26.72,13.33,0
"AL002",2011,9,29,26.15,13.09,0
"AL002",2011,9,30,26.28,11.72,0
"AL002",2011,10,1,27.66,12.35,0
"AL002",2011,10,2,27.87,13.41,0
"AL002",2011,10,3,27.45,13.5,0
"AL002",2011,10,4,27.32,13.5,0
"AL002",2011,10,5,26.81,12.62,0
"AL002",2011,10,6,25.09,13.45,0
"AL002",2011,10,7,21.86,11.01,0
"AL002",2011,10,8,19.91,7.77,0
"AL002",2011,10,9,19.81,7.79,0
"AL002",2011,10,10,21.1,7.87,0
"AL002",2011,10,11,27.07,11.14,0
"AL002",2011,10,12,27,12.38,0
"AL002",2011,10,13,24.56,10.99,0
"AL002",2011,10,14,18.22,9.46,0
"AL002",2011,10,15,15.41,5.42,0
"AL002",2011,10,16,19,3.98,0
"AL002",2011,10,17,16.22,3.6,0
"AL002",2011,10,18,15.03,4.73,0
"AL002",2011,10,19,15.3,10.8,24.4
"AL002",2011,10,20,17.42,7.35,2.6
"AL002",2011,10,21,14.19,5,0
"AL002",2011,10,22,14.02,2.48,0
"AL002",2011,10,23,13.69,0.65,0
"AL002",2011,10,24,10.76,4.4,7.8
"AL002",2011,10,25,9.26,7.45,39.2
"AL002",2011,10,26,15.11,7.07,0
"AL002",2011,10,27,16.77,7,0
"AL002",2011,10,28,18.07,7.04,0
"AL002",2011,10,29,17.1,6.42,0
"AL002",2011,10,30,16.72,6.97,0
"AL002",2011,10,31,16.88,7.12,0
"AL002",2011,11,1,15.81,6.01,0
"AL002",2011,11,2,12.97,6.52,0
"AL002",2011,11,3,13.81,10.89,2.9
"AL002",2011,11,4,12.79,10.77,68.4
"AL002",2011,11,5,15.01,11.14,72.2
"AL002",2011,11,6,14.21,11.51,26
"AL002",2011,11,7,14.98,10.08,9.3
"AL002",2011,11,8,14.8,10.66,22.5
"AL002",2011,11,9,14.77,8.9,0
"AL002",2011,11,10,16.12,6.61,0
"AL002",2011,11,11,13.77,6.49,0
"AL002",2011,11,12,13.31,6.22,0
"AL002",2011,11,13,14.76,3.5,0
"AL002",2011,11,14,13.95,2.07,0
"AL002",2011,11,15,11.01,2.46,0
"AL002",2011,11,16,10.01,1.9,0
"AL002",2011,11,17,10.32,1.27,0
"AL002",2011,11,18,10.68,0.96,0
"AL002",2011,11,19,9.58,2.09,0
"AL002",2011,11,20,9.46,2.29,0
"AL002",2011,11,21,7.63,4.17,0
"AL002",2011,11,22,9.3,5.11,0
"AL002",2011,11,23,13.57,5.05,0
"AL002",2011,11,24,12.17,4.5,0
"AL002",2011,11,25,13.07,1.78,0
"AL002",2011,11,26,13.17,2.06,0
"AL002",2011,11,27,10.32,1.51,0
"AL002",2011,11,28,8.87,2.11,0
"AL002",2011,11,29,10.01,0.83,0
"AL002",2011,11,30,10.29,2.03,0
"AL002",2011,12,1,9.82,2.42,0
"AL002",2011,12,2,9.93,6.7,0
"AL002",2011,12,3,10.05,6,0
"AL002",2011,12,4,10.98,4.81,0
"AL002",2011,12,5,13.13,4.66,0
"AL002",2011,12,6,11.18,1.06,0
"AL002",2011,12,7,11.75,1.5,0
"AL002",2011,12,8,14.21,2.71,0
"AL002",2011,12,9,9.28,2.62,0
"AL002",2011,12,10,10.03,3.75,0
"AL002",2011,12,11,9.1,2.23,0
"AL002",2011,12,12,8.35,3.56,0
"AL002",2011,12,13,8.67,0.6,0
"AL002",2011,12,14,8.35,5.04,0
"AL002",2011,12,15,9.35,2.32,0
"AL002",2011,12,16,9.37,1.77,1.8
"AL002",2011,12,17,10.64,0.94,0
"AL002",2011,12,18,5.98,-1.32,0
"AL002",2011,12,19,6.94,-1.68,0
"AL002",2011,12,20,4.52,-2.93,0
"AL002",2011,12,21,7.97,-2.38,0
"AL002",2011,12,22,8.35,-1.74,0
"AL002",2011,12,23,8.62,-0.71,0
"AL002",2011,12,24,8.3,1.72,0
"AL002",2011,12,25,10.47,-0.57,0
"AL002",2011,12,26,8.92,-0.98,0
"AL002",2011,12,27,10.82,0.14,0
"AL002",2011,12,28,10.94,0.44,0
"AL002",2011,12,29,7.27,-0.78,0
"AL002",2011,12,30,9.18,-0.62,0
"AL002",2011,12,31,9.97,-1.39,0
"AL002",2012,1,1,10.63,0.24,0
"AL002",2012,1,2,7.09,1.48,17.7
"AL002",2012,1,3,7.52,0.75,0
"AL002",2012,1,4,8.91,0.12,0
"AL002",2012,1,5,10.05,0.22,0
"AL002",2012,1,6,10.24,2.71,0
"AL002",2012,1,7,10.68,0.03,0
"AL002",2012,1,8,14.22,2.05,0
"AL002",2012,1,9,11.94,-0.01,0
"AL002",2012,1,10,13,-0.23,0
"AL002",2012,1,11,10.78,0.04,0
"AL002",2012,1,12,7.26,-0.49,0
"AL002",2012,1,13,9.68,-0.12,0
"AL002",2012,1,14,6.92,-1.22,0
"AL002",2012,1,15,3.55,-2.07,0
"AL002",2012,1,16,2.98,-2.16,0
"AL002",2012,1,17,3.91,-3.78,0
"AL002",2012,1,18,3.66,-1.97,0
"AL002",2012,1,19,4.88,-2.12,0
"AL002",2012,1,20,11.26,0.65,0
"AL002",2012,1,21,10.22,1.29,0
"AL002",2012,1,22,14.86,1.79,0
"AL002",2012,1,23,9.59,0.51,0
"AL002",2012,1,24,11.14,0.26,0
"AL002",2012,1,25,9.54,-2.02,0
"AL002",2012,1,26,6.4,-0.51,0
"AL002",2012,1,27,6.26,2.36,0
"AL002",2012,1,28,3.88,0.84,4.7
"AL002",2012,1,29,3.09,0.13,2.3
"AL002",2012,1,30,3.67,-1.82,2.8
"AL002",2012,1,31,-0.16,-3.65,0
"AL002",2012,2,1,-0.05,-4.17,0
"AL002",2012,2,2,-0.41,-4.64,0
"AL002",2012,2,3,-0.66,-7.42,0
"AL002",2012,2,4,-2.25,-8.24,0
"AL002",2012,2,5,-0.52,-10.04,0
"AL002",2012,2,6,-0.28,-10.93,0
"AL002",2012,2,7,0.04,-8.73,0
"AL002",2012,2,8,3.99,-4.54,0
"AL002",2012,2,9,5.36,-6.4,0
"AL002",2012,2,10,-0.94,-4.64,0
"AL002",2012,2,11,-1.01,-6.56,0
"AL002",2012,2,12,-0.3,-9.18,0
"AL002",2012,2,13,3.48,-7.67,0
"AL002",2012,2,14,5.15,-7.76,0
"AL002",2012,2,15,8.64,-5.14,0
"AL002",2012,2,16,11.08,-0.72,0
"AL002",2012,2,17,9.37,-0.72,0
"AL002",2012,2,18,8.33,-0.63,0
"AL002",2012,2,19,8.42,2.3,4.9
"AL002",2012,2,20,5.45,0.96,3.5
"AL002",2012,2,21,9.69,0.6,0
"AL002",2012,2,22,11.83,0.01,0
"AL002",2012,2,23,15.5,0.71,0
"AL002",2012,2,24,17.41,4.09,0
"AL002",2012,2,25,17,5.08,0
"AL002",2012,2,26,18.56,3.44,0
"AL002",2012,2,27,14.8,0.79,0
"AL002",2012,2,28,13.37,1.29,0
"AL002",2012,2,29,18.44,3.66,0
"AL002",2012,3,1,19.24,5.23,0
"AL002",2012,3,2,19.73,5.72,0
"AL002",2012,3,3,16.11,4.38,0
"AL002",2012,3,4,14.99,6.32,0
"AL002",2012,3,5,10.73,3.79,18.8
"AL002",2012,3,6,8.08,2.34,12.4
"AL002",2012,3,7,12.42,1.15,0
"AL002",2012,3,8,13.35,3.47,0
"AL002",2012,3,9,12.97,5.34,0
"AL002",2012,3,10,13.28,2.19,0
"AL002",2012,3,11,17.68,3.19,0
"AL002",2012,3,12,22.2,5.97,0
"AL002",2012,3,13,18.67,5.35,0
"AL002",2012,3,14,18.43,4.41,0
"AL002",2012,3,15,19.22,5.67,0
"AL002",2012,3,16,16.94,4.95,0
"AL002",2012,3,17,15.82,4.77,0
"AL002",2012,3,18,14.05,7.49,0
"AL002",2012,3,19,15.36,5.58,5.8
"AL002",2012,3,20,15.24,3.23,0
"AL002",2012,3,21,18.71,7.36,0
"AL002",2012,3,22,20.63,6.38,0
"AL002",2012,3,23,18.26,7.83,0
"AL002",2012,3,24,20.41,7.22,0
"AL002",2012,3,25,19.95,6.36,0
"AL002",2012,3,26,21.97,7.77,0
"AL002",2012,3,27,22.02,7.07,0
"AL002",2012,3,28,22.58,8.25,0
"AL002",2012,3,29,23.34,8.82,0
"AL002",2012,3,30,24.35,10.84,0
"AL002",2012,3,31,20.61,9.38,0
"AL002",2012,4,1,20.26,7.61,0
"AL002",2012,4,2,15.53,7.79,0
"AL002",2012,4,3,15.67,8.54,0
"AL002",2012,4,4,14.33,10.52,9.5
"AL002",2012,4,5,16.42,9.55,9.6
"AL002",2012,4,6,17.21,7.63,0
"AL002",2012,4,7,17.42,9.31,0
"AL002",2012,4,8,16.73,6.47,0
"AL002",2012,4,9,13.37,3.09,0
"AL002",2012,4,10,10.45,6.54,21.7
"AL002",2012,4,11,11.57,4.18,19.6
"AL002",2012,4,12,16.6,3.5,0
"AL002",2012,4,13,15.08,8.68,3.6
"AL002",2012,4,14,13.3,8.35,7.6
"AL002",2012,4,15,13.76,7.88,5.9
"AL002",2012,4,16,15.53,7.38,3
"AL002",2012,4,17,17.42,8.02,3.8
"AL002",2012,4,18,14.44,7.44,5.8
"AL002",2012,4,19,12.73,7.03,7.5
"AL002",2012,4,20,15.79,6.87,4.7
"AL002",2012,4,21,18.21,6.09,0
"AL002",2012,4,22,19.22,8.76,0
"AL002",2012,4,23,15.76,8.77,13.5
"AL002",2012,4,24,16.92,7.92,18.1
"AL002",2012,4,25,16.45,6.15,0
"AL002",2012,4,26,18.76,7.28,0
"AL002",2012,4,27,24.12,10.03,0
"AL002",2012,4,28,25.56,12.81,0
"AL002",2012,4,29,20.81,12.3,2.7
"AL002",2012,4,30,15.5,10.2,16.5
"AL002",2012,5,1,16.76,10.55,14.1
"AL002",2012,5,2,18.37,8.79,0
"AL002",2012,5,3,20.35,9.2,0
"AL002",2012,5,4,19.04,9.7,0
"AL002",2012,5,5,18.32,11.83,0
"AL002",2012,5,6,18.97,10.23,4.9
"AL002",2012,5,7,22.11,8.92,0
"AL002",2012,5,8,20.07,9.68,0
"AL002",2012,5,9,21.89,11.13,0
"AL002",2012,5,10,26.36,12.71,0
"AL002",2012,5,11,29.05,15.47,0
"AL002",2012,5,12,29.38,16.46,0
"AL002",2012,5,13,20.91,10.89,0
"AL002",2012,5,14,20.74,8.33,0
"AL002",2012,5,15,20.65,9.05,0
"AL002",2012,5,16,18.62,10.2,0
"AL002",2012,5,17,20.93,6.54,0
"AL002",2012,5,18,19.14,10.34,0
"AL002",2012,5,19,18.66,10,0
"AL002",2012,5,20,16.42,10.67,12.9
"AL002",2012,5,21,14.54,10.31,15.2
"AL002",2012,5,22,20.95,8.73,0
"AL002",2012,5,23,27.64,14.24,0
"AL002",2012,5,24,29.42,16.04,0
"AL002",2012,5,25,25.99,16.76,0
"AL002",2012,5,26,22.64,15.6,0
"AL002",2012,5,27,23.75,14.14,6
"AL002",2012,5,28,24.63,13.86,0
"AL002",2012,5,29,26.63,13.88,0
"AL002",2012,5,30,26.48,14.84,0
"AL002",2012,5,31,25.17,16.26,0
"AL002",2012,6,1,26.04,16.53,0
"AL002",2012,6,2,23.04,15.5,0
"AL002",2012,6,3,24.96,16.72,0
"AL002",2012,6,4,22.9,15.14,20.2
"AL002",2012,6,5,26.68,13.21,0
"AL002",2012,6,6,23.27,13.54,0
"AL002",2012,6,7,22.68,16.27,0
"AL002",2012,6,8,25.53,15.16,0
"AL002",2012,6,9,26.42,17.33,0
"AL002",2012,6,10,23.74,15.04,0
"AL002",2012,6,11,24.36,15.42,0
"AL002",2012,6,12,23.24,13.44,1.9
"AL002",2012,6,13,23.96,12.82,0
"AL002",2012,6,14,24.31,12.09,0
"AL002",2012,6,15,26.18,12.87,0
"AL002",2012,6,16,27.85,15.19,0
"AL002",2012,6,17,31.02,17.03,0
"AL002",2012,6,18,30.95,17.43,0
"AL002",2012,6,19,31.38,18.73,0
"AL002",2012,6,20,29.13,19.94,0
"AL002",2012,6,21,29.33,18.38,0
"AL002",2012,6,22,31.73,19.12,0
"AL002",2012,6,23,29.66,18.41,0
"AL002",2012,6,24,29.63,18.64,0
"AL002",2012,6,25,31.57,19.25,0
"AL002",2012,6,26,31.07,19.66,0
"AL002",2012,6,27,30.66,19.25,0
"AL002",2012,6,28,30.52,20.05,0
"AL002",2012,6,29,31.45,19.84,0
"AL002",2012,6,30,32.22,20.37,0
"AL002",2012,7,1,32.99,20.62,0
"AL002",2012,7,2,28.13,18.99,0
"AL002",2012,7,3,28.09,17.24,0
"AL002",2012,7,4,28.58,18.07,0
"AL002",2012,7,5,29.93,17.21,0
"AL002",2012,7,6,28.61,18.68,2.9
"AL002",2012,7,7,29.48,17.69,0
"AL002",2012,7,8,30.46,17.39,0
"AL002",2012,7,9,30.85,18.44,0
"AL002",2012,7,10,31.1,18.53,0
"AL002",2012,7,11,30.29,18.79,0
"AL002",2012,7,12,30.07,18.3,0
"AL002",2012,7,13,30.05,19.04,0
"AL002",2012,7,14,27.21,19.19,0
"AL002",2012,7,15,28.63,17.49,0
"AL002",2012,7,16,28.42,15.71,0
"AL002",2012,7,17,30.29,15.06,0
"AL002",2012,7,18,30.89,17.61,0
"AL002",2012,7,19,31.01,18.25,0
"AL002",2012,7,20,29.1,18.28,0
"AL002",2012,7,21,28.04,17.78,0
"AL002",2012,7,22,26.51,16.47,3.7
"AL002",2012,7,23,23.56,15.15,0
"AL002",2012,7,24,28.22,17.4,0
"AL002",2012,7,25,32.26,16.87,0
"AL002",2012,7,26,31.22,17.95,0
"AL002",2012,7,27,32.47,18.76,0
"AL002",2012,7,28,32.71,20.01,0
"AL002",2012,7,29,31.83,19.11,0
"AL002",2012,7,30,27.66,19.03,0
"AL002",2012,7,31,29.93,19.39,0
"AL002",2012,8,1,30.5,18.44,0
"AL002",2012,8,2,32.23,18.86,0
"AL002",2012,8,3,32.32,19.65,0
"AL002",2012,8,4,31.94,18.94,0
"AL002",2012,8,5,30.84,19.4,0
"AL002",2012,8,6,28.73,19.3,0
"AL002",2012,8,7,30.34,18.01,0
"AL002",2012,8,8,30.88,17.05,0
"AL002",2012,8,9,31.38,18.88,0
"AL002",2012,8,10,30.42,19.42,0
"AL002",2012,8,11,30.22,17.29,0
"AL002",2012,8,12,28.08,18.42,0
"AL002",2012,8,13,28.81,18.44,0
"AL002",2012,8,14,29.86,18.36,0
"AL002",2012,8,15,30.61,18.82,0
"AL002",2012,8,16,30.12,18.85,0
"AL002",2012,8,17,31.52,19.69,0
"AL002",2012,8,18,33.35,20.2,0
"AL002",2012,8,19,33.7,20.88,0
"AL002",2012,8,20,34.52,21.27,0
"AL002",2012,8,21,33.87,22.42,0
"AL002",2012,8,22,34.07,21.29,0
"AL002",2012,8,23,31.77,20.52,0
"AL002",2012,8,24,32.32,20.74,0
"AL002",2012,8,25,31.95,21.28,0
"AL002",2012,8,26,30.37,18.49,0
"AL002",2012,8,27,28.2,15.04,0
"AL002",2012,8,28,28.19,15.58,0
"AL002",2012,8,29,30.52,16.56,0
"AL002",2012,8,30,25.39,18.31,0
"AL002",2012,8,31,22.84,13.95,9.5
"AL002",2012,9,1,19.47,12.77,12.7
"AL002",2012,9,2,21.91,13.13,3.9
"AL002",2012,9,3,21.78,15.72,26
"AL002",2012,9,4,22.67,16.57,4.8
"AL002",2012,9,5,25.9,17.05,5.2
"AL002",2012,9,6,29.2,16.44,0
"AL002",2012,9,7,28.68,15.94,0
"AL002",2012,9,8,28.97,16.29,0
"AL002",2012,9,9,28.36,16.06,0
"AL002",2012,9,10,27.71,15.77,0
"AL002",2012,9,11,27.71,16.85,0
"AL002",2012,9,12,25.12,15.33,10
"AL002",2012,9,13,22.94,12.58,0
"AL002",2012,9,14,24.98,12.49,0
"AL002",2012,9,15,26.58,11.67,0
"AL002",2012,9,16,25,12,0
"AL002",2012,9,17,24.36,12.92,0
"AL002",2012,9,18,24.58,13,0
"AL002",2012,9,19,23.57,15.66,0.6
"AL002",2012,9,20,23.14,12.03,0
"AL002",2012,9,21,22.11,10.41,0
"AL002",2012,9,22,22.45,11.71,0
"AL002",2012,9,23,21.31,16.38,0
"AL002",2012,9,24,21.37,14.73,12.2
"AL002",2012,9,25,21.28,14.56,8.7
"AL002",2012,9,26,22.26,14.69,23.7
"AL002",2012,9,27,22.23,14.07,0
"AL002",2012,9,28,24.01,11.91,0
"AL002",2012,9,29,19.29,15.63,15.7
"AL002",2012,9,30,22.73,15.02,4.8
"AL002",2012,10,1,21.18,13.68,0
"AL002",2012,10,2,22.65,12.78,0
"AL002",2012,10,3,22.48,12.05,0
"AL002",2012,10,4,22.36,13.43,0
"AL002",2012,10,5,22.15,13.11,0
"AL002",2012,10,6,23,12.51,0
"AL002",2012,10,7,22.4,14.68,0
"AL002",2012,10,8,21.21,13.67,0
"AL002",2012,10,9,23.48,13.87,0
"AL002",2012,10,10,21.78,12.04,0
"AL002",2012,10,11,18.29,11.28,5.4
"AL002",2012,10,12,20.15,12.39,0
"AL002",2012,10,13,18.54,11.06,0
"AL002",2012,10,14,17.38,10.69,31.3
"AL002",2012,10,15,15.57,9.16,19.2
"AL002",2012,10,16,18.66,5.27,0
"AL002",2012,10,17,15.2,9.81,4.3
"AL002",2012,10,18,18.77,9.76,0
"AL002",2012,10,19,18.38,9.4,0
"AL002",2012,10,20,21.52,10.94,0
"AL002",2012,10,21,23.1,12.01,0
"AL002",2012,10,22,21.93,13.96,0
"AL002",2012,10,23,21.99,10.38,0
"AL002",2012,10,24,20.69,8.41,0
"AL002",2012,10,25,19.41,9.07,0
"AL002",2012,10,26,14.83,11.35,22.6
"AL002",2012,10,27,16.41,10.77,6
"AL002",2012,10,28,9.17,4.35,5.8
"AL002",2012,10,29,11.48,1.9,0
"AL002",2012,10,30,8.8,0.87,0
"AL002",2012,10,31,7.85,5.84,26.6
"AL002",2012,11,1,13.79,4.91,7.4
"AL002",2012,11,2,16.37,7.63,0
"AL002",2012,11,3,12.73,8.47,10.9
"AL002",2012,11,4,14.24,11.26,37.5
"AL002",2012,11,5,19.34,9.63,0
"AL002",2012,11,6,16.54,6.27,0
"AL002",2012,11,7,15.48,4.98,0
"AL002",2012,11,8,14.91,4.21,0
"AL002",2012,11,9,14.64,6.41,2
"AL002",2012,11,10,11.75,8.88,58
"AL002",2012,11,11,12.92,8.66,12.6
"AL002",2012,11,12,14.64,6.72,0
"AL002",2012,11,13,15.23,8.49,0
"AL002",2012,11,14,14.43,7.85,0
"AL002",2012,11,15,12.83,3.54,0
"AL002",2012,11,16,11.49,1.34,0
"AL002",2012,11,17,11.02,2.36,0
"AL002",2012,11,18,9.36,4.63,0
"AL002",2012,11,19,12.16,6.79,0
"AL002",2012,11,20,16.32,5.84,0
"AL002",2012,11,21,14.19,4.4,0
"AL002",2012,11,22,12.01,6.94,0
"AL002",2012,11,23,13.76,7.44,0
"AL002",2012,11,24,12.09,7.6,0
"AL002",2012,11,25,12.26,9.67,8.7
"AL002",2012,11,26,11.29,10.35,11.8
"AL002",2012,11,27,12.26,9.69,28.2
"AL002",2012,11,28,12.55,7.65,27.8
"AL002",2012,11,29,12.16,6.61,2
"AL002",2012,11,30,8.51,5.29,4.9
"AL002",2012,12,1,8.2,3.86,0
"AL002",2012,12,2,8.22,1.35,0
"AL002",2012,12,3,9.82,0,0
"AL002",2012,12,4,8.75,1.2,0
"AL002",2012,12,5,9.25,0.28,0
"AL002",2012,12,6,8.84,-0.66,0
"AL002",2012,12,7,3.38,-1.62,0
"AL002",2012,12,8,5.82,-3.27,0
"AL002",2012,12,9,7.76,-2.89,0
"AL002",2012,12,10,8.34,0.23,0
"AL002",2012,12,11,7.91,-1.66,0
"AL002",2012,12,12,6.2,-2.96,0
"AL002",2012,12,13,1.54,-1.59,0
"AL002",2012,12,14,2.49,-0.88,12.6
"AL002",2012,12,15,6.77,0.75,12.4
"AL002",2012,12,16,7.2,0.54,0
"AL002",2012,12,17,6.6,1.34,0
"AL002",2012,12,18,7.64,0.53,0
"AL002",2012,12,19,7.44,-1.22,0
"AL002",2012,12,20,4.05,-0.8,2
"AL002",2012,12,21,4.98,-0.95,0
"AL002",2012,12,22,5.72,-0.92,0
"AL002",2012,12,23,7.11,1.26,0
"AL002",2012,12,24,5.53,1.67,0
"AL002",2012,12,25,7.22,5.15,0
"AL002",2012,12,26,9.73,4.28,0
"AL002",2012,12,27,7.01,3.09,0
"AL002",2012,12,28,13.56,2.85,0
"AL002",2012,12,29,10.44,0.6,0
"AL002",2012,12,30,9.92,0.12,0
"AL002",2012,12,31,9.1,-0.27,0
"AL002",2013,1,1,4.26,-0.16,6.1
"AL002",2013,1,2,5.73,1.84,6
"AL002",2013,1,3,10.46,1.31,0
"AL002",2013,1,4,14.6,1.64,0
"AL002",2013,1,5,16.63,3.96,0
"AL002",2013,1,6,16.19,5.51,0
"AL002",2013,1,7,13.39,2.9,0
"AL002",2013,1,8,8.48,2.3,0
"AL002",2013,1,9,7.62,2.65,0
"AL002",2013,1,10,9.03,2.04,0
"AL002",2013,1,11,8.97,1.58,0
"AL002",2013,1,12,7.1,1.32,0
"AL002",2013,1,13,4.08,1.04,1.6
"AL002",2013,1,14,6.09,1.62,3.4
"AL002",2013,1,15,4.53,-0.36,2.8
"AL002",2013,1,16,4.95,-3.14,0
"AL002",2013,1,17,4.23,-1.47,0
"AL002",2013,1,18,6.76,-3.35,0
"AL002",2013,1,19,2.65,-0.7,9.1
"AL002",2013,1,20,2.81,0.5,16
"AL002",2013,1,21,7.35,2.17,0
"AL002",2013,1,22,7.88,-0.74,0
"AL002",2013,1,23,5.15,0.2,4.5
"AL002",2013,1,24,8.16,1.6,0
"AL002",2013,1,25,7.75,-0.72,0
"AL002",2013,1,26,6.08,-1.87,0
"AL002",2013,1,27,5.21,-2.67,0
"AL002",2013,1,28,4.7,1.62,4.7
"AL002",2013,1,29,8.05,0.15,0
"AL002",2013,1,30,8.63,0.3,0
"AL002",2013,1,31,10.96,1.82,0
"AL002",2013,2,1,8.13,1.6,0
"AL002",2013,2,2,8.58,2.75,9.8
"AL002",2013,2,3,10.37,1.37,0
"AL002",2013,2,4,12.32,-0.53,0
"AL002",2013,2,5,9.35,1.72,0
"AL002",2013,2,6,11.33,0.44,0
"AL002",2013,2,7,9.45,1,0
"AL002",2013,2,8,8.03,-1.81,0
"AL002",2013,2,9,7.38,-3.13,0
"AL002",2013,2,10,5.32,-4.19,0
"AL002",2013,2,11,-0.03,-0.97,0
"AL002",2013,2,12,5.44,-2.98,0
"AL002",2013,2,13,6.02,-3.37,0
"AL002",2013,2,14,8.09,-2.21,0
"AL002",2013,2,15,9.14,-1.39,0
"AL002",2013,2,16,10.02,-1.7,0
"AL002",2013,2,17,8.4,-2.74,0
"AL002",2013,2,18,8.38,-0.82,0
"AL002",2013,2,19,9.23,-3.3,0
"AL002",2013,2,20,7.36,0.74,0
"AL002",2013,2,21,4.86,-0.04,1.9
"AL002",2013,2,22,3,-1.03,0
"AL002",2013,2,23,2.07,-1.94,0
"AL002",2013,2,24,4.5,-0.37,3.7
"AL002",2013,2,25,5.02,-1.25,6.5
"AL002",2013,2,26,8.89,0.81,0
"AL002",2013,2,27,8.57,-0.62,1.5
"AL002",2013,2,28,10.16,2.51,0
"AL002",2013,3,1,11.48,2.13,0
"AL002",2013,3,2,12.81,2.79,0
"AL002",2013,3,3,13.47,0.92,0
"AL002",2013,3,4,14.76,0.43,0
"AL002",2013,3,5,8.74,1.01,6
"AL002",2013,3,6,6.74,4.32,27.7
"AL002",2013,3,7,9.06,5.61,9.7
"AL002",2013,3,8,10.44,6.14,14.3
"AL002",2013,3,9,10.18,4.09,9.2
"AL002",2013,3,10,12.24,3.27,0
"AL002",2013,3,11,14.39,3.93,0
"AL002",2013,3,12,11.16,4.87,0
"AL002",2013,3,13,11.44,4.11,0
"AL002",2013,3,14,11.16,1.57,6.2
"AL002",2013,3,15,9.24,-0.04,0
"AL002",2013,3,16,9.04,-2.23,0
"AL002",2013,3,17,4.28,1.64,6.4
"AL002",2013,3,18,5.49,0.5,6
"AL002",2013,3,19,14.37,-0.09,0
"AL002",2013,3,20,9.03,2.48,9
"AL002",2013,3,21,16.29,1.68,0
"AL002",2013,3,22,14.32,2.25,0
"AL002",2013,3,23,12.71,5.48,2.8
"AL002",2013,3,24,7.84,4.74,14.1
"AL002",2013,3,25,9.56,4.7,2.5
"AL002",2013,3,26,8.97,2.48,0
"AL002",2013,3,27,8.19,2.2,0
"AL002",2013,3,28,6.4,4.89,10
"AL002",2013,3,29,8.5,4.12,5.5
"AL002",2013,3,30,9.49,4.75,16.3
"AL002",2013,3,31,16.31,3.99,0
"AL002",2013,4,1,10.28,4.96,3.1
"AL002",2013,4,2,12.29,6.07,0
"AL002",2013,4,3,15.54,4.78,0
"AL002",2013,4,4,11.26,4.96,16.5
"AL002",2013,4,5,11.88,5.16,11
"AL002",2013,4,6,15.01,4.36,0
"AL002",2013,4,7,15.6,6.46,0
"AL002",2013,4,8,9.46,6.13,10.6
"AL002",2013,4,9,11.06,5.21,13.7
"AL002",2013,4,10,16.63,3.53,0
"AL002",2013,4,11,13.35,7.4,3.5
"AL002",2013,4,12,19.28,9.94,7.3
"AL002",2013,4,13,20.59,7.46,0
"AL002",2013,4,14,21.82,8.44,0
"AL002",2013,4,15,22.29,9.91,0
"AL002",2013,4,16,22.18,11.4,0
"AL002",2013,4,17,24.04,11.38,0
"AL002",2013,4,18,24.99,12.46,0
"AL002",2013,4,19,24.15,12.22,5.3
"AL002",2013,4,20,14.77,9.58,7.6
"AL002",2013,4,21,14.19,8.28,14.1
"AL002",2013,4,22,14.44,8.89,6.7
"AL002",2013,4,23,18.47,8.77,0
"AL002",2013,4,24,20.7,8.45,0
"AL002",2013,4,25,23.54,11.02,0
"AL002",2013,4,26,18.8,12.51,6.3
"AL002",2013,4,27,14.73,12.53,20.7
"AL002",2013,4,28,17.38,11.79,10.5
"AL002",2013,4,29,18.53,13.29,9.2
"AL002",2013,4,30,20.87,13.43,4.4
"AL002",2013,5,1,22.2,13.23,0
"AL002",2013,5,2,22.88,13.05,0
"AL002",2013,5,3,21.34,11.42,0
"AL002",2013,5,4,23.09,9.23,0
"AL002",2013,5,5,19.77,12.73,8.9
"AL002",2013,5,6,20.09,12.7,4.4
"AL002",2013,5,7,21.31,11.29,0
"AL002",2013,5,8,21.9,11.69,0
"AL002",2013,5,9,24.06,13.7,0
"AL002",2013,5,10,19.89,14.62,6.9
"AL002",2013,5,11,23.27,12.04,0
"AL002",2013,5,12,22.91,10.85,0
"AL002",2013,5,13,23.12,10.05,0
"AL002",2013,5,14,22.41,10.83,0
"AL002",2013,5,15,18.94,12.25,10.9
"AL002",2013,5,16,16.12,11.85,25
"AL002",2013,5,17,17.55,11.25,11.4
"AL002",2013,5,18,15.34,9.88,37.4
"AL002",2013,5,19,16.49,9.77,17.3
"AL002",2013,5,20,17.38,9.5,0
"AL002",2013,5,21,18.64,8.97,0
"AL002",2013,5,22,21.47,7.95,0
"AL002",2013,5,23,23.09,11.41,0
"AL002",2013,5,24,14.85,7.73,8.5
"AL002",2013,5,25,12.13,6.72,10.2
"AL002",2013,5,26,20,6.6,0
"AL002",2013,5,27,18.85,7.37,0
"AL002",2013,5,28,16.88,10.27,6.6
"AL002",2013,5,29,17.69,9.03,13.7
"AL002",2013,5,30,19.19,7.95,5.2
"AL002",2013,5,31,21.47,8.3,0
"AL002",2013,6,1,23.56,11.96,0
"AL002",2013,6,2,28.2,13.06,0
"AL002",2013,6,3,23.53,13.01,0
"AL002",2013,6,4,23.35,11.03,0
"AL002",2013,6,5,23.42,12.9,0
"AL002",2013,6,6,24.35,12.05,0
"AL002",2013,6,7,25.7,13.47,0
"AL002",2013,6,8,24.92,14.45,0
"AL002",2013,6,9,20.42,11.82,17.1
"AL002",2013,6,10,22.04,11.22,0
"AL002",2013,6,11,25.31,12.62,0
"AL002",2013,6,12,27.74,14.65,0
"AL002",2013,6,13,27.5,14.93,0
"AL002",2013,6,14,28.1,16.83,0
"AL002",2013,6,15,26.92,16.21,0
"AL002",2013,6,16,27.23,16.09,0
"AL002",2013,6,17,30.75,17.76,0
"AL002",2013,6,18,32.27,19.96,0
"AL002",2013,6,19,30.78,20.29,0
"AL002",2013,6,20,26.4,18.59,0
"AL002",2013,6,21,25.92,14.86,0
"AL002",2013,6,22,27.01,15.36,0
"AL002",2013,6,23,26.06,15.54,0
"AL002",2013,6,24,26.02,14.6,2.2
"AL002",2013,6,25,26.57,12.89,0
"AL002",2013,6,26,25.52,14.13,0
"AL002",2013,6,27,22.61,11.48,7.4
"AL002",2013,6,28,22.01,10.69,0
"AL002",2013,6,29,23.91,10.97,0
"AL002",2013,6,30,27.28,12.96,0
"AL002",2013,7,1,27.4,14.91,0
"AL002",2013,7,2,27.77,14.38,0
"AL002",2013,7,3,25.48,15.84,0
"AL002",2013,7,4,28.62,15.97,0
"AL002",2013,7,5,31.63,17.46,0
"AL002",2013,7,6,31.51,18.75,0
"AL002",2013,7,7,29.92,18.61,0
"AL002",2013,7,8,29.71,19.71,0
"AL002",2013,7,9,29.34,18.58,0
"AL002",2013,7,10,29.48,18.19,0
"AL002",2013,7,11,30.61,17.65,0
"AL002",2013,7,12,28.84,17.92,0
"AL002",2013,7,13,28.55,18.29,0
"AL002",2013,7,14,29.11,17.22,8.2
"AL002",2013,7,15,30.85,17.5,0
"AL002",2013,7,16,30.24,18.47,0
"AL002",2013,7,17,28.61,18.22,10.5
"AL002",2013,7,18,25.48,17.64,5.8
"AL002",2013,7,19,28.71,17.91,0
"AL002",2013,7,20,29.54,17.85,0
"AL002",2013,7,21,30.4,18.56,0
"AL002",2013,7,22,31.77,18.77,0
"AL002",2013,7,23,31.97,18.97,0
"AL002",2013,7,24,30.63,18.74,0
"AL002",2013,7,25,30.97,19.3,0
"AL002",2013,7,26,31.1,19.59,0
"AL002",2013,7,27,32.54,21.06,0
"AL002",2013,7,28,33.4,22,0
"AL002",2013,7,29,26.72,16.93,11.6
"AL002",2013,7,30,29.73,15.22,0
"AL002",2013,7,31,31.33,16.72,0
"AL002",2013,8,1,30.97,17.55,0
"AL002",2013,8,2,31.2,18.3,0
"AL002",2013,8,3,32.69,20.35,0
"AL002",2013,8,4,32.31,20.91,0
"AL002",2013,8,5,32.48,20.07,0
"AL002",2013,8,6,32.8,19.99,0
"AL002",2013,8,7,29.18,20.31,0
"AL002",2013,8,8,26.69,18.79,8.4
"AL002",2013,8,9,29.41,16.85,0
"AL002",2013,8,10,30.13,16.86,0
"AL002",2013,8,11,29.57,16.91,0
"AL002",2013,8,12,30.01,17.38,0
"AL002",2013,8,13,31.6,17.46,0
"AL002",2013,8,14,25.23,17.2,0
"AL002",2013,8,15,27.05,15.3,0
"AL002",2013,8,16,28.3,15.18,0
"AL002",2013,8,17,29.24,16,0
"AL002",2013,8,18,29.39,16.97,0
"AL002",2013,8,19,28.35,17.24,0
"AL002",2013,8,20,27.61,16.6,0
"AL002",2013,8,21,27.33,15.3,0
"AL002",2013,8,22,28.18,14.87,0
"AL002",2013,8,23,28.88,15.8,0
"AL002",2013,8,24,28.36,16.6,20.5
"AL002",2013,8,25,26.66,15.77,11
"AL002",2013,8,26,24.06,13.96,6.8
"AL002",2013,8,27,23.65,14.44,5.1
"AL002",2013,8,28,26.53,13.66,0
"AL002",2013,8,29,26.11,15.22,0
"AL002",2013,8,30,26.95,15.51,0
"AL002",2013,8,31,27.62,14.92,0
"AL002",2013,9,1,28.22,14.68,0
"AL002",2013,9,2,27.11,16.94,0
"AL002",2013,9,3,28.55,15.13,0
"AL002",2013,9,4,28.3,16.24,0
"AL002",2013,9,5,28.84,15.57,0
"AL002",2013,9,6,28.26,15.91,0
"AL002",2013,9,7,28.07,15.9,0
"AL002",2013,9,8,24.81,18.45,10.4
"AL002",2013,9,9,27.05,15.74,0
"AL002",2013,9,10,24.84,15.38,0
"AL002",2013,9,11,24.18,13.43,4.5
"AL002",2013,9,12,24.27,11.13,0
"AL002",2013,9,13,24.37,11.1,0
"AL002",2013,9,14,24.52,11.03,0
"AL002",2013,9,15,19.2,14.39,22.6
"AL002",2013,9,16,21.57,12.22,0
"AL002",2013,9,17,22.22,11.04,0
"AL002",2013,9,18,21.73,10.05,0
"AL002",2013,9,19,25.3,11.54,0
"AL002",2013,9,20,24.3,11.96,0
"AL002",2013,9,21,24.78,12.21,0
"AL002",2013,9,22,24.14,12.89,0
"AL002",2013,9,23,25.03,11.62,0
"AL002",2013,9,24,24.61,11.39,0
"AL002",2013,9,25,23.01,12.72,0
"AL002",2013,9,26,22.97,13.08,0
"AL002",2013,9,27,23.43,14.84,0
"AL002",2013,9,28,23.63,16.88,0
"AL002",2013,9,29,21.3,15.03,14.6
"AL002",2013,9,30,20.1,13.25,3.4
"AL002",2013,10,1,20.12,12.16,0
"AL002",2013,10,2,20.94,12.79,0
"AL002",2013,10,3,19.07,12.73,0
"AL002",2013,10,4,16.74,11.36,4.1
"AL002",2013,10,5,14.49,10.27,4.5
"AL002",2013,10,6,17.03,11.46,4.7
"AL002",2013,10,7,16.66,13.21,9.3
"AL002",2013,10,8,18.58,11.32,0
"AL002",2013,10,9,20.08,10.1,0
"AL002",2013,10,10,17.89,7.9,5.3
"AL002",2013,10,11,16.99,4.6,2.3
"AL002",2013,10,12,15.14,6.75,1.4
"AL002",2013,10,13,13.6,8.42,0
"AL002",2013,10,14,14.24,8.98,0
"AL002",2013,10,15,15.35,9.95,0
"AL002",2013,10,16,22.4,9.77,0
"AL002",2013,10,17,21.43,10.04,0
"AL002",2013,10,18,17.75,8.5,0
"AL002",2013,10,19,16.61,11,0
"AL002",2013,10,20,16.1,12.4,20.6
"AL002",2013,10,21,15.88,11.82,0.9
"AL002",2013,10,22,17.89,14.46,0
"AL002",2013,10,23,17.31,15.07,26.4
"AL002",2013,10,24,19.34,13.62,0
"AL002",2013,10,25,18.47,13.51,0
"AL002",2013,10,26,20.22,13.95,0
"AL002",2013,10,27,19.94,15.18,0
"AL002",2013,10,28,20.29,13.32,0
"AL002",2013,10,29,18.56,14.36,12.6
"AL002",2013,10,30,17.83,13.01,7.9
"AL002",2013,10,31,16.87,10.02,0
"AL002",2013,11,1,17.11,6.72,0
"AL002",2013,11,2,15.62,12.18,0
"AL002",2013,11,3,18.63,10.14,0
"AL002",2013,11,4,11.89,8.37,9
"AL002",2013,11,5,16.46,7.87,0
"AL002",2013,11,6,20.51,8.38,0
"AL002",2013,11,7,16.75,7.92,0
"AL002",2013,11,8,14.54,11.8,0
"AL002",2013,11,9,16.92,9.25,11.6
"AL002",2013,11,10,13.84,6.89,0
"AL002",2013,11,11,16.37,6.21,0
"AL002",2013,11,12,16.56,7,0
"AL002",2013,11,13,17.47,7.76,0
"AL002",2013,11,14,13.86,8.07,18.1
"AL002",2013,11,15,11.8,6.11,6.8
"AL002",2013,11,16,14.68,7.42,0
"AL002",2013,11,17,12.02,7.05,0
"AL002",2013,11,18,9.85,8.43,10.1
"AL002",2013,11,19,11.79,8.08,6.8
"AL002",2013,11,20,10.95,5.11,3.2
"AL002",2013,11,21,7.58,2.69,5.9
"AL002",2013,11,22,6.77,1.48,1.1
"AL002",2013,11,23,7.04,4.3,7.5
"AL002",2013,11,24,10.35,4.48,0
"AL002",2013,11,25,11.72,1.71,0
"AL002",2013,11,26,7.87,-1.19,0
"AL002",2013,11,27,5.9,-1.79,0
"AL002",2013,11,28,6.55,-2.37,0
"AL002",2013,11,29,8.89,-2.62,0
"AL002",2013,11,30,4.07,-0.17,2.2
"AL002",2013,12,1,8.42,-0.52,0
"AL002",2013,12,2,10.23,2.61,0
"AL002",2013,12,3,11.19,-0.06,0
"AL002",2013,12,4,11.23,-0.66,0
"AL002",2013,12,5,11.91,0.69,0
"AL002",2013,12,6,14.16,1.2,0
"AL002",2013,12,7,13.46,0.85,0
"AL002",2013,12,8,6.85,0.26,0
"AL002",2013,12,9,6.4,0.1,0
"AL002",2013,12,10,7.28,-0.27,0
"AL002",2013,12,11,7.35,-1.02,0
"AL002",2013,12,12,5.63,-1,0
"AL002",2013,12,13,9.25,-1.14,0
"AL002",2013,12,14,10.62,-0.28,0
"AL002",2013,12,15,8.13,-0.07,0
"AL002",2013,12,16,11.3,-0.28,0
"AL002",2013,12,17,11.85,-0.18,0
"AL002",2013,12,18,8.32,0,0
"AL002",2013,12,19,5.26,1.77,24.2
"AL002",2013,12,20,5.03,2.69,7
"AL002",2013,12,21,8,4.96,6.5
"AL002",2013,12,22,7.61,6.09,0
"AL002",2013,12,23,8.59,5.82,7.2
"AL002",2013,12,24,7.62,6.06,14.7
"AL002",2013,12,25,9.32,6.48,69.9
"AL002",2013,12,26,9.47,4.33,33.1
"AL002",2013,12,27,11.74,3.03,0
"AL002",2013,12,28,8.4,2.79,26.4
"AL002",2013,12,29,9.6,2.22,0
"AL002",2013,12,30,8.3,0.81,0
"AL002",2013,12,31,7.78,-0.88,0
"AL002",2014,1,1,7.57,-0.83,0
"AL002",2014,1,2,5.56,2.53,12.2
"AL002",2014,1,3,5.87,3.28,5.6
"AL002",2014,1,4,7.75,5.65,38.8
"AL002",2014,1,5,8.11,3.58,15.7
"AL002",2014,1,6,12.08,3.01,0
"AL002",2014,1,7,8.36,3.31,0
"AL002",2014,1,8,8.29,4.56,0
"AL002",2014,1,9,8.7,5.37,0
"AL002",2014,1,10,10.52,5.52,0
"AL002",2014,1,11,9.55,6.81,0
"AL002",2014,1,12,10.27,4.41,0
"AL002",2014,1,13,7.28,4.11,11.6
"AL002",2014,1,14,7.83,2.88,16.5
"AL002",2014,1,15,7.92,0.75,0
"AL002",2014,1,16,5.89,2.64,31.7
"AL002",2014,1,17,7.46,3.8,36.5
"AL002",2014,1,18,6.41,3.37,23
"AL002",2014,1,19,5.67,3.49,33
"AL002",2014,1,20,8.39,4.68,0
"AL002",2014,1,21,12.48,3.66,0
"AL002",2014,1,22,10.83,2.75,0
"AL002",2014,1,23,10.17,2.79,0
"AL002",2014,1,24,9.48,1.77,0
"AL002",2014,1,25,11.99,-0.88,0
"AL002",2014,1,26,12.1,1.25,0
"AL002",2014,1,27,8.47,1.08,0
"AL002",2014,1,28,6.44,-1.53,0
"AL002",2014,1,29,3.15,-1.44,5.8
"AL002",2014,1,30,2.65,0.29,9.8
"AL002",2014,1,31,5.74,1.19,11
"AL002",2014,2,1,5.05,2.77,6.3
"AL002",2014,2,2,7.67,3.86,2.9
"AL002",2014,2,3,7.45,4.53,7.1
"AL002",2014,2,4,7.66,4.55,6.1
"AL002",2014,2,5,6.08,2.82,21
"AL002",2014,2,6,9.74,1.46,10.8
"AL002",2014,2,7,8.02,3.25,23.2
"AL002",2014,2,8,7.6,1.8,20.7
"AL002",2014,2,9,12.29,3.44,6.5
"AL002",2014,2,10,7.79,2.96,12.9
"AL002",2014,2,11,10.71,2.18,0
"AL002",2014,2,12,13.25,1.86,0
"AL002",2014,2,13,9.06,1.9,0
"AL002",2014,2,14,12.89,1.85,0
"AL002",2014,2,15,8.64,4.33,3.2
"AL002",2014,2,16,9.19,6.96,4.7
"AL002",2014,2,17,12.14,4.33,6.4
"AL002",2014,2,18,11.8,3.7,0
"AL002",2014,2,19,10.06,7.2,5.1
"AL002",2014,2,20,11.26,3.57,0
"AL002",2014,2,21,11.58,4.57,0
"AL002",2014,2,22,14.01,3.73,0
"AL002",2014,2,23,13.28,2.2,0
"AL002",2014,2,24,13.2,0.72,0
"AL002",2014,2,25,11.16,2.28,0
"AL002",2014,2,26,7.5,4.1,15.3
"AL002",2014,2,27,9.22,2.46,7.1
"AL002",2014,2,28,8.53,2.86,13.5
"AL002",2014,3,1,6.8,2.99,12.9
"AL002",2014,3,2,10.89,3.74,0
"AL002",2014,3,3,8.03,3.11,12.3
"AL002",2014,3,4,10.84,3.72,7.9
"AL002",2014,3,5,15.04,4.48,0
"AL002",2014,3,6,15.65,5.79,0
"AL002",2014,3,7,16.63,4.39,0
"AL002",2014,3,8,16.57,3.69,0
"AL002",2014,3,9,16.43,4.41,0
"AL002",2014,3,10,13.51,4.31,0
"AL002",2014,3,11,14.32,4.27,0
"AL002",2014,3,12,16.68,3.58,0
"AL002",2014,3,13,18.23,4.2,0
"AL002",2014,3,14,18.53,5.37,0
"AL002",2014,3,15,18.88,5.4,0
"AL002",2014,3,16,22.51,7.69,0
"AL002",2014,3,17,21.27,7.93,0
"AL002",2014,3,18,15.8,6.67,0
"AL002",2014,3,19,20.59,8.1,0
"AL002",2014,3,20,17.38,8.41,0
"AL002",2014,3,21,17.44,7.6,0
"AL002",2014,3,22,13.42,8.4,0
"AL002",2014,3,23,12,5.37,10.1
"AL002",2014,3,24,13.93,4.17,0
"AL002",2014,3,25,10.74,2.92,0
"AL002",2014,3,26,10.54,4.6,4.5
"AL002",2014,3,27,11.83,7.26,0
"AL002",2014,3,28,17.36,4.87,0
"AL002",2014,3,29,18.26,5.26,0
"AL002",2014,3,30,19.54,8.5,0
"AL002",2014,3,31,20.21,6.65,0
"AL002",2014,4,1,15.92,7.67,0
"AL002",2014,4,2,16.25,7.71,0
"AL002",2014,4,3,15.67,9.57,0
"AL002",2014,4,4,13.81,10.5,0
"AL002",2014,4,5,20.13,10.23,7.2
"AL002",2014,4,6,22.41,10.21,0
"AL002",2014,4,7,22.59,10.44,0
"AL002",2014,4,8,18.59,10.37,0
"AL002",2014,4,9,21.55,9.07,0
"AL002",2014,4,10,21.95,8.03,0
"AL002",2014,4,11,19.57,8.01,0
"AL002",2014,4,12,19.52,10.39,0
"AL002",2014,4,13,20.08,11.04,0
"AL002",2014,4,14,20.61,9.15,0
"AL002",2014,4,15,19.44,8.39,0
"AL002",2014,4,16,17.12,5.49,0
"AL002",2014,4,17,18.38,3.87,0
"AL002",2014,4,18,17.26,6.41,0
"AL002",2014,4,19,12.08,6.44,36.1
"AL002",2014,4,20,17.56,6.55,2.7
"AL002",2014,4,21,13.81,10.35,1.6
"AL002",2014,4,22,18.24,10.45,0
"AL002",2014,4,23,21.72,8.73,0
"AL002",2014,4,24,23.55,10.59,0
"AL002",2014,4,25,22.16,11.03,0
"AL002",2014,4,26,23.93,10.51,0
"AL002",2014,4,27,15.09,10.7,7.4
"AL002",2014,4,28,13.62,8.93,10.7
"AL002",2014,4,29,19.84,8.96,4.3
"AL002",2014,4,30,15.09,9.31,11
"AL002",2014,5,1,20.01,7.66,4.8
"AL002",2014,5,2,13.81,9.78,13.4
"AL002",2014,5,3,22.46,11.21,5.1
"AL002",2014,5,4,21.86,10.12,0
"AL002",2014,5,5,21.57,8.86,0
"AL002",2014,5,6,20.06,9.19,0
"AL002",2014,5,7,20.69,10.77,0
"AL002",2014,5,8,21.25,9.39,0
"AL002",2014,5,9,24.4,11.19,0
"AL002",2014,5,10,24.4,12.58,0
"AL002",2014,5,11,22.38,11.58,0
"AL002",2014,5,12,21.46,9.74,0
"AL002",2014,5,13,19.49,8.95,0
"AL002",2014,5,14,22.88,9.29,0
"AL002",2014,5,15,21.49,8.8,0
"AL002",2014,5,16,23.35,8.74,0
"AL002",2014,5,17,21.97,9.81,0
"AL002",2014,5,18,20.79,9.32,0
"AL002",2014,5,19,18.91,10.08,0
"AL002",2014,5,20,20.7,12.93,0
"AL002",2014,5,21,23.35,12.8,0
"AL002",2014,5,22,22.02,15,6.2
"AL002",2014,5,23,23.07,13.34,0
"AL002",2014,5,24,22.5,10.47,0
"AL002",2014,5,25,23.59,11.05,0
"AL002",2014,5,26,21.14,14.07,0
"AL002",2014,5,27,20.13,11.02,5.2
"AL002",2014,5,28,21.05,11.24,0
"AL002",2014,5,29,23.33,11.28,0
"AL002",2014,5,30,25.07,12.74,0
"AL002",2014,5,31,21.73,13.89,9.2
"AL002",2014,6,1,23.52,11.98,3.4
"AL002",2014,6,2,23.4,13.14,0
"AL002",2014,6,3,24.04,13.14,0
"AL002",2014,6,4,21.6,14.28,0
"AL002",2014,6,5,24.13,13.72,0
"AL002",2014,6,6,25.65,13.49,0
"AL002",2014,6,7,27.78,15.11,0
"AL002",2014,6,8,31.07,18,0
"AL002",2014,6,9,32.19,18.97,0
"AL002",2014,6,10,31.33,20.06,0
"AL002",2014,6,11,32.13,19.91,0
"AL002",2014,6,12,33.03,19.82,0
"AL002",2014,6,13,31.49,20.27,0
"AL002",2014,6,14,29.52,16.45,11.6
"AL002",2014,6,15,20.53,15.81,6.8
"AL002",2014,6,16,22.79,15.64,0.8
"AL002",2014,6,17,22.28,15.03,0
"AL002",2014,6,18,24.05,14.8,0
"AL002",2014,6,19,26.44,14.05,0
"AL002",2014,6,20,27.77,15.51,0
"AL002",2014,6,21,26.76,15.83,0
"AL002",2014,6,22,28.21,17,0
"AL002",2014,6,23,27.82,17.23,0
"AL002",2014,6,24,29.38,17.06,0
"AL002",2014,6,25,25.55,17.27,0
"AL002",2014,6,26,24,16.52,5.6
"AL002",2014,6,27,26.27,15.69,0
"AL002",2014,6,28,25.83,17.31,0
"AL002",2014,6,29,23.33,16.48,3.5
"AL002",2014,6,30,28.37,14.34,0
"AL002",2014,7,1,24.76,14.37,0
"AL002",2014,7,2,25.76,16.15,0
"AL002",2014,7,3,28.67,15.54,0
"AL002",2014,7,4,24.44,16.15,2.5
"AL002",2014,7,5,27.52,15.83,0
"AL002",2014,7,6,27.2,16.75,0
"AL002",2014,7,7,27.29,17.62,7.7
"AL002",2014,7,8,21.75,14.5,13.4
"AL002",2014,7,9,24.9,13.06,2.9
"AL002",2014,7,10,24.34,13.56,0
"AL002",2014,7,11,27.52,14.71,0
"AL002",2014,7,12,24.82,16.31,0
"AL002",2014,7,13,24.98,14.9,3.8
"AL002",2014,7,14,25.27,16.91,0
"AL002",2014,7,15,28.14,16.44,0
"AL002",2014,7,16,29.76,17.05,0
"AL002",2014,7,17,31.01,18.26,0
"AL002",2014,7,18,30.41,19.72,0
"AL002",2014,7,19,30.91,20.35,0
"AL002",2014,7,20,26.98,19.93,0
"AL002",2014,7,21,24.02,15.7,5.2
"AL002",2014,7,22,27.38,16.59,0
"AL002",2014,7,23,28.25,19.21,3.2
"AL002",2014,7,24,23.3,18.72,10.8
"AL002",2014,7,25,25.84,16.91,0
"AL002",2014,7,26,24.63,17.14,5.3
"AL002",2014,7,27,28.02,17.77,0
"AL002",2014,7,28,28.2,18.21,1.7
"AL002",2014,7,29,22.88,15.9,3.7
"AL002",2014,7,30,24.47,15.4,0
"AL002",2014,7,31,28.74,16.76,0
"AL002",2014,8,1,27.16,18.43,0
"AL002",2014,8,2,26.09,18.41,0
"AL002",2014,8,3,23.79,16.93,5.3
"AL002",2014,8,4,26.84,17.23,5.4
"AL002",2014,8,5,27.52,17.62,0
"AL002",2014,8,6,28.06,17.19,0
"AL002",2014,8,7,28.14,17.97,0
"AL002",2014,8,8,28.01,18.89,0
"AL002",2014,8,9,27.02,19.11,0
"AL002",2014,8,10,28.01,19.12,0
"AL002",2014,8,11,28.26,18.84,0
"AL002",2014,8,12,29.16,19.72,0
"AL002",2014,8,13,24.46,17.73,6.7
"AL002",2014,8,14,26.4,16.67,0
"AL002",2014,8,15,24.43,15.4,0
"AL002",2014,8,16,23.9,15,3.2
"AL002",2014,8,17,24.56,13.31,0
"AL002",2014,8,18,24.23,15.37,0
"AL002",2014,8,19,23.39,17.53,29.6
"AL002",2014,8,20,23.82,16.18,0
"AL002",2014,8,21,24.97,15.17,0
"AL002",2014,8,22,24.88,15.55,0
"AL002",2014,8,23,23.77,16.87,8.2
"AL002",2014,8,24,25.36,15.73,0
"AL002",2014,8,25,22.42,15.59,0
"AL002",2014,8,26,21.39,15.83,0
"AL002",2014,8,27,27.13,17.81,0
"AL002",2014,8,28,25.11,16.66,0
"AL002",2014,8,29,26.78,16.06,0
"AL002",2014,8,30,27.34,17.47,0
"AL002",2014,8,31,27.06,17.69,0
"AL002",2014,9,1,26.36,15.16,0
"AL002",2014,9,2,25.03,13.31,0
"AL002",2014,9,3,22.13,14.53,0
"AL002",2014,9,4,25.06,14.86,0
"AL002",2014,9,5,23.97,17.43,0
"AL002",2014,9,6,27.65,15.3,0
"AL002",2014,9,7,26.89,16.17,0
"AL002",2014,9,8,27.83,16.95,0
"AL002",2014,9,9,26.81,17.7,0
"AL002",2014,9,10,24.17,17.4,5.2
"AL002",2014,9,11,24.73,15.98,1.6
"AL002",2014,9,12,23.19,13.55,0
"AL002",2014,9,13,24.23,12.72,0
"AL002",2014,9,14,23.68,13.64,0
"AL002",2014,9,15,23.54,13.83,0
"AL002",2014,9,16,23.43,15.52,10.2
"AL002",2014,9,17,22.71,14.6,0
"AL002",2014,9,18,20.98,16.23,4
"AL002",2014,9,19,19.86,16.57,3.7
"AL002",2014,9,20,23.2,16.47,3.7
"AL002",2014,9,21,24.76,16.23,0
"AL002",2014,9,22,26.34,15.24,0
"AL002",2014,9,23,22.86,12.29,0
"AL002",2014,9,24,20.07,9.65,0
"AL002",2014,9,25,22.69,12.33,0
"AL002",2014,9,26,22.89,10.87,0
"AL002",2014,9,27,24.67,11.54,0
"AL002",2014,9,28,23.93,12.76,0
"AL002",2014,9,29,23.85,12.63,0
"AL002",2014,9,30,22.85,13.96,7.9
"AL002",2014,10,1,22.03,15.38,4.9
"AL002",2014,10,2,23.21,13.48,0
"AL002",2014,10,3,22.98,12.23,0
"AL002",2014,10,4,22.08,11.64,0
"AL002",2014,10,5,20.87,11.82,0
"AL002",2014,10,6,19.74,11.18,0
"AL002",2014,10,7,16.42,11.61,11.9
"AL002",2014,10,8,18.79,15.36,21.4
"AL002",2014,10,9,18.2,14.93,12
"AL002",2014,10,10,20.16,14.88,0
"AL002",2014,10,11,20.52,15.39,11.7
"AL002",2014,10,12,20.5,15.34,19
"AL002",2014,10,13,19.48,14.08,18.2
"AL002",2014,10,14,18.9,13.08,9.3
"AL002",2014,10,15,20.6,13.8,0
"AL002",2014,10,16,20.63,14.31,0
"AL002",2014,10,17,22.8,15.64,0
"AL002",2014,10,18,22.57,14.55,0
"AL002",2014,10,19,21.66,14.31,0
"AL002",2014,10,20,20.31,12.65,0
"AL002",2014,10,21,22.37,14.06,0
"AL002",2014,10,22,17.81,9.78,0
"AL002",2014,10,23,21.64,7.68,0
"AL002",2014,10,24,21.05,8.09,0
"AL002",2014,10,25,16.71,6.61,0
"AL002",2014,10,26,16.88,7.41,0
"AL002",2014,10,27,14.71,5.57,0
"AL002",2014,10,28,14.96,4.89,0
"AL002",2014,10,29,15.34,3.79,0
"AL002",2014,10,30,15.84,4.37,0
"AL002",2014,10,31,17.04,5.05,0
"AL002",2014,11,1,16.99,7.58,0
"AL002",2014,11,2,17.19,6.38,0
"AL002",2014,11,3,15.67,9.18,0
"AL002",2014,11,4,15.32,10.64,35.2
"AL002",2014,11,5,13.56,11.35,75.3
"AL002",2014,11,6,12.96,8.12,10.7
"AL002",2014,11,7,15.39,7.15,0
"AL002",2014,11,8,16.58,7.78,0
"AL002",2014,11,9,14.56,8.55,0
"AL002",2014,11,10,13.02,11.07,45
"AL002",2014,11,11,12.89,11.58,45.5
"AL002",2014,11,12,13.42,10.45,48.7
"AL002",2014,11,13,15.65,9.48,6.8
"AL002",2014,11,14,15.71,8.63,0
"AL002",2014,11,15,13.78,10.11,78.6
"AL002",2014,11,16,13.95,7.63,36
"AL002",2014,11,17,10.6,6.66,10.1
"AL002",2014,11,18,13.09,5.45,0
"AL002",2014,11,19,13.69,3.9,0
"AL002",2014,11,20,12.75,4.25,0
"AL002",2014,11,21,10.99,6.44,0
"AL002",2014,11,22,11.76,8.08,0
"AL002",2014,11,23,12.81,9.11,0
"AL002",2014,11,24,15.17,9,0
"AL002",2014,11,25,13.49,10.59,0
"AL002",2014,11,26,10.6,8.39,31.5
"AL002",2014,11,27,9.23,7.9,13.3
"AL002",2014,11,28,9.7,7.47,16.5
"AL002",2014,11,29,11.61,9.64,7.3
"AL002",2014,11,30,12.13,10.84,17.5
"AL002",2014,12,1,11.81,10.24,20.8
"AL002",2014,12,2,13.57,9.03,6.7
"AL002",2014,12,3,12.03,8.44,0
"AL002",2014,12,4,11.72,7.75,0
"AL002",2014,12,5,11.39,8,0
"AL002",2014,12,6,12.1,8.34,0
"AL002",2014,12,7,11.05,5.77,0
"AL002",2014,12,8,11.37,4.03,0
"AL002",2014,12,9,9.76,3.17,21.9
"AL002",2014,12,10,10.09,1.17,0
"AL002",2014,12,11,9.55,2.01,0
"AL002",2014,12,12,8.27,1.19,0
"AL002",2014,12,13,8.65,5.13,0
"AL002",2014,12,14,9.35,5.08,4
"AL002",2014,12,15,9.93,6.32,6.7
"AL002",2014,12,16,9.27,6.64,5
"AL002",2014,12,17,9.24,3.84,0
"AL002",2014,12,18,11.52,3.96,0
"AL002",2014,12,19,11.49,5.01,0
"AL002",2014,12,20,9.7,5.51,0
"AL002",2014,12,21,9.8,4.51,0
"AL002",2014,12,22,7.17,3.05,0
"AL002",2014,12,23,5.6,2.61,0
"AL002",2014,12,24,7.31,3.33,0
"AL002",2014,12,25,10.57,1.71,0
"AL002",2014,12,26,8.75,0.83,0
"AL002",2014,12,27,3.82,-1.6,0
"AL002",2014,12,28,5.78,-1.85,0
"AL002",2014,12,29,6.6,-0.88,0
"AL002",2014,12,30,5.24,-2.35,0
"AL002",2014,12,31,2.81,-4.24,0
"AL002",2015,1,1,5.82,-2.72,0
"AL002",2015,1,2,8.86,0.27,0
"AL002",2015,1,3,9.19,1.51,0
"AL002",2015,1,4,15.05,3.48,0
"AL002",2015,1,5,10.8,1.74,0
"AL002",2015,1,6,9.37,0.54,0
"AL002",2015,1,7,8.42,2.03,0
"AL002",2015,1,8,8.92,2.06,0
"AL002",2015,1,9,9.87,1.17,0
"AL002",2015,1,10,14.79,4.48,0
"AL002",2015,1,11,12.03,4.07,0
"AL002",2015,1,12,11.44,0.96,0
"AL002",2015,1,13,7.57,1.3,0
"AL002",2015,1,14,9.07,2.26,0
"AL002",2015,1,15,7.98,2.34,0
"AL002",2015,1,16,8.91,5.81,21.8
"AL002",2015,1,17,10.54,4.13,15
"AL002",2015,1,18,8.89,0.65,0
"AL002",2015,1,19,6.26,0.87,0
"AL002",2015,1,20,5.38,0.86,0
"AL002",2015,1,21,3.77,0.54,7.2
"AL002",2015,1,22,5.48,1.3,6.2
"AL002",2015,1,23,9.59,3.36,0
"AL002",2015,1,24,11.19,1.63,0
"AL002",2015,1,25,9.6,1.45,0
"AL002",2015,1,26,7.36,-0.55,0
"AL002",2015,1,27,6.94,-0.07,0
"AL002",2015,1,28,8.43,-1.18,0
"AL002",2015,1,29,5.82,0.61,0
"AL002",2015,1,30,7.87,1.17,0
"AL002",2015,1,31,7.86,-1.53,0
"AL002",2015,2,1,8.29,-1.09,0
"AL002",2015,2,2,9.34,-1.53,0
"AL002",2015,2,3,4.65,-0.84,0
"AL002",2015,2,4,6.08,2.98,1.6
"AL002",2015,2,5,4.6,1.67,5.8
"AL002",2015,2,6,4.02,1.36,9.8
"AL002",2015,2,7,5.09,0.41,1.9
"AL002",2015,2,8,8.79,-0.48,0
"AL002",2015,2,9,9.12,-1.57,0
"AL002",2015,2,10,11.47,1.18,0
"AL002",2015,2,11,11.58,0.8,0
"AL002",2015,2,12,10.64,0.34,0
"AL002",2015,2,13,6.82,1.56,10.6
"AL002",2015,2,14,5.15,2.68,14.5
"AL002",2015,2,15,4.54,0.86,18.6
"AL002",2015,2,16,8.9,3.64,3
"AL002",2015,2,17,10.75,5.81,0
"AL002",2015,2,18,10.4,2.05,0
"AL002",2015,2,19,9.57,-0.31,0
"AL002",2015,2,20,8.86,-0.95,0
"AL002",2015,2,21,6.59,2.51,29.8
"AL002",2015,2,22,8.87,2.13,13
"AL002",2015,2,23,10.6,1.7,0
"AL002",2015,2,24,8.17,3.71,11.8
"AL002",2015,2,25,11.42,4.58,8.8
"AL002",2015,2,26,11.08,2.33,0
"AL002",2015,2,27,11.15,3.23,0
"AL002",2015,2,28,11.12,4.03,0
"AL002",2015,3,1,11.9,2.85,0
"AL002",2015,3,2,15.06,6.18,6.5
"AL002",2015,3,3,14.99,4.86,0
"AL002",2015,3,4,11.56,4.48,0
"AL002",2015,3,5,11.69,3.62,3.7
"AL002",2015,3,6,13.12,1.55,0
"AL002",2015,3,7,10.96,1.86,0
"AL002",2015,3,8,12.11,2.17,0
"AL002",2015,3,9,12.09,2.5,0
"AL002",2015,3,10,15.37,2.93,0
"AL002",2015,3,11,16.31,5.63,0
"AL002",2015,3,12,13.82,4.81,0
"AL002",2015,3,13,14.87,2.57,0
"AL002",2015,3,14,13.17,5.58,0
"AL002",2015,3,15,9.85,6.1,9.3
"AL002",2015,3,16,7.47,5.03,15.3
"AL002",2015,3,17,10.6,6.49,6.6
"AL002",2015,3,18,15.74,4.91,0
"AL002",2015,3,19,16.07,4.94,0
"AL002",2015,3,20,14.23,6.2,0
"AL002",2015,3,21,13.64,6.59,0
"AL002",2015,3,22,9.88,5.32,9
"AL002",2015,3,23,15.38,5.94,3.8
"AL002",2015,3,24,11.56,8.39,3.2
"AL002",2015,3,25,10.7,8.5,9.2
"AL002",2015,3,26,14.96,8.64,1.8
"AL002",2015,3,27,17.54,7.4,0
"AL002",2015,3,28,18.57,5.7,0
"AL002",2015,3,29,18.58,7.5,0
"AL002",2015,3,30,20.66,8.87,0
"AL002",2015,3,31,21.78,9.82,0
"AL002",2015,4,1,17.57,9.36,0
"AL002",2015,4,2,18.8,5.65,0
"AL002",2015,4,3,16.41,7.74,0
"AL002",2015,4,4,13.15,6.85,0
"AL002",2015,4,5,11.73,5.41,0
"AL002",2015,4,6,13.65,3.59,0
"AL002",2015,4,7,14.4,3.5,0
"AL002",2015,4,8,18.44,3.29,0
"AL002",2015,4,9,18.87,6.15,0
"AL002",2015,4,10,18.56,7.26,0
"AL002",2015,4,11,16.97,5.97,0
"AL002",2015,4,12,21.34,6.75,0
"AL002",2015,4,13,23.89,8.99,0
"AL002",2015,4,14,24.04,11.36,0
"AL002",2015,4,15,23.27,10.08,0
"AL002",2015,4,16,19.91,10.19,0
"AL002",2015,4,17,16.67,11.3,2.8
"AL002",2015,4,18,19.59,9.17,2.8
"AL002",2015,4,19,13.69,7.49,6.4
"AL002",2015,4,20,19.03,6.75,0
"AL002",2015,4,21,22.32,8.19,0
"AL002",2015,4,22,23.39,9.48,0
"AL002",2015,4,23,19.96,10.27,0
"AL002",2015,4,24,20.4,9.24,0
"AL002",2015,4,25,16.58,11.19,0
"AL002",2015,4,26,17.03,12.41,2.6
"AL002",2015,4,27,14.54,11.74,22.2
"AL002",2015,4,28,20.23,10.94,9.8
"AL002",2015,4,29,17.98,9.11,0
"AL002",2015,4,30,18.56,10.47,0
"AL002",2015,5,1,15.56,10.8,0
"AL002",2015,5,2,22.36,12.02,0
"AL002",2015,5,3,19.17,13.51,0
"AL002",2015,5,4,21.73,14.09,0
"AL002",2015,5,5,23.33,15.09,0
"AL002",2015,5,6,24.51,15.36,0
"AL002",2015,5,7,23.63,14.17,0
"AL002",2015,5,8,23.43,13.06,0
"AL002",2015,5,9,25.5,12.77,0
"AL002",2015,5,10,25.56,14.39,0
"AL002",2015,5,11,26.34,13.65,0
"AL002",2015,5,12,25.16,13.91,0
"AL002",2015,5,13,24.72,14.58,0
"AL002",2015,5,14,26.01,15.44,0
"AL002",2015,5,15,19.57,12.54,5.9
"AL002",2015,5,16,22.69,11.97,0
"AL002",2015,5,17,26.78,15.88,0
"AL002",2015,5,18,25.75,10.39,0
"AL002",2015,5,19,24.36,15.24,0
"AL002",2015,5,20,21.84,12.18,0
"AL002",2015,5,21,17.45,9.46,9
"AL002",2015,5,22,20.88,11.58,5
"AL002",2015,5,23,20.23,12.6,0
"AL002",2015,5,24,22.85,13.54,0
"AL002",2015,5,25,23.81,13.92,0
"AL002",2015,5,26,22.37,13.46,0
"AL002",2015,5,27,24.32,11.9,0
"AL002",2015,5,28,23.21,13.02,0
"AL002",2015,5,29,22.15,11.94,0
"AL002",2015,5,30,22.36,14.04,0
"AL002",2015,5,31,23.2,14.02,0
"AL002",2015,6,1,25.05,15.5,0
"AL002",2015,6,2,26.26,14.92,0
"AL002",2015,6,3,27.78,16.87,0
"AL002",2015,6,4,29.97,18.35,0
"AL002",2015,6,5,30.53,19.57,0
"AL002",2015,6,6,30.86,19.9,0
"AL002",2015,6,7,30.55,19.81,0
"AL002",2015,6,8,29.65,18.82,6.8
"AL002",2015,6,9,25.51,18,6.9
"AL002",2015,6,10,26.18,17.13,0
"AL002",2015,6,11,27.73,17.42,0
"AL002",2015,6,12,24.56,18.19,6.5
"AL002",2015,6,13,24.64,17.04,4.3
"AL002",2015,6,14,22.29,17.23,11.4
"AL002",2015,6,15,25.35,16.45,6.8
"AL002",2015,6,16,24.82,15.93,14.8
"AL002",2015,6,17,25.59,15.62,0
"AL002",2015,6,18,25.97,16.89,0
"AL002",2015,6,19,27,17.17,0
"AL002",2015,6,20,26.45,16.63,0
"AL002",2015,6,21,25.57,15.87,0
"AL002",2015,6,22,24.75,16.15,0
"AL002",2015,6,23,27.03,17.89,0
"AL002",2015,6,24,24.92,14.92,0
"AL002",2015,6,25,25.42,15.3,0
"AL002",2015,6,26,26.62,16.15,0
"AL002",2015,6,27,28.29,17.1,0
"AL002",2015,6,28,29.1,18.07,0
"AL002",2015,6,29,29.27,18.79,0
"AL002",2015,6,30,28.69,19.22,0
"AL002",2015,7,1,30.11,19.49,0
"AL002",2015,7,2,31.31,19.53,0
"AL002",2015,7,3,32.31,21.19,0
"AL002",2015,7,4,32.43,21.95,0
"AL002",2015,7,5,32.61,22.2,0
"AL002",2015,7,6,32.91,22.8,0
"AL002",2015,7,7,32.52,22.57,0
"AL002",2015,7,8,30.65,22.45,0
"AL002",2015,7,9,30.35,20.29,0
"AL002",2015,7,10,28.97,18.65,0
"AL002",2015,7,11,30.5,17.89,0
"AL002",2015,7,12,31.47,20.15,0
"AL002",2015,7,13,31.48,21.48,0
"AL002",2015,7,14,32.31,21.64,0
"AL002",2015,7,15,32.55,21.43,0
"AL002",2015,7,16,32.5,22.22,0
"AL002",2015,7,17,32.72,21.79,0
"AL002",2015,7,18,33.21,22.38,0
"AL002",2015,7,19,32.04,21.84,0
"AL002",2015,7,20,33.14,21.22,0
"AL002",2015,7,21,33.33,22.87,0
"AL002",2015,7,22,34.37,22.42,0
"AL002",2015,7,23,33.57,21.37,0
"AL002",2015,7,24,33.19,21.24,0
"AL002",2015,7,25,30.98,19.79,3.9
"AL002",2015,7,26,29.24,20.08,0
"AL002",2015,7,27,31.21,19.7,0
"AL002",2015,7,28,30.41,19.32,0
"AL002",2015,7,29,30.42,19.1,0
"AL002",2015,7,30,28.15,20.26,0
"AL002",2015,7,31,27.75,19.28,4.1
"AL002",2015,8,1,23.11,17.07,0
"AL002",2015,8,2,26.74,16.42,1.9
"AL002",2015,8,3,29.94,17.82,0
"AL002",2015,8,4,30.48,20.1,0
"AL002",2015,8,5,32.21,21.02,0
"AL002",2015,8,6,33.45,21.13,0
"AL002",2015,8,7,33.61,21.85,0
"AL002",2015,8,8,34.97,22.67,0
"AL002",2015,8,9,31.22,21.62,0
"AL002",2015,8,10,24,19.04,7.5
"AL002",2015,8,11,30.27,19.89,0
"AL002",2015,8,12,32.14,21.25,0
"AL002",2015,8,13,32.31,21.52,0
"AL002",2015,8,14,27.47,19.41,0
"AL002",2015,8,15,23.78,16.89,6
"AL002",2015,8,16,24.92,15.25,6.9
"AL002",2015,8,17,26.44,15.16,0
"AL002",2015,8,18,24.57,15.66,6.7
"AL002",2015,8,19,24.35,15.23,0
"AL002",2015,8,20,26.89,14.95,0
"AL002",2015,8,21,25.94,16.42,0
"AL002",2015,8,22,25.95,15.91,0
"AL002",2015,8,23,22.43,16.73,0
"AL002",2015,8,24,21.37,17.39,13
"AL002",2015,8,25,26.16,14.68,0
"AL002",2015,8,26,26.65,16,0
"AL002",2015,8,27,27.79,17.01,0
"AL002",2015,8,28,28.43,16.88,0
"AL002",2015,8,29,30.02,18.46,0
"AL002",2015,8,30,29.89,19.48,0
"AL002",2015,8,31,30.04,17.64,0
"AL002",2015,9,1,28.2,17.79,0
"AL002",2015,9,2,27.38,17.66,0
"AL002",2015,9,3,24.86,16.31,0
"AL002",2015,9,4,25.39,15.98,0
"AL002",2015,9,5,23.72,13.8,2.3
"AL002",2015,9,6,23.71,11.05,0
"AL002",2015,9,7,24.56,12.03,0
"AL002",2015,9,8,23.83,13.59,0
"AL002",2015,9,9,23.68,11.66,0
"AL002",2015,9,10,22.93,13.28,0
"AL002",2015,9,11,20.58,13.93,0
"AL002",2015,9,12,22.2,14.76,0
"AL002",2015,9,13,19.6,14.5,64.2
"AL002",2015,9,14,24.03,16.67,27.3
"AL002",2015,9,15,22.98,15.58,0
"AL002",2015,9,16,21.38,16.68,1.9
"AL002",2015,9,17,25.28,17.58,0
"AL002",2015,9,18,25.28,14.7,0
"AL002",2015,9,19,24.75,12.53,0
"AL002",2015,9,20,24.7,12.52,0
"AL002",2015,9,21,24.16,12.95,0
"AL002",2015,9,22,20.59,13.25,0
"AL002",2015,9,23,18.2,11.35,4.7
"AL002",2015,9,24,22.04,9.49,0
"AL002",2015,9,25,24.32,11.03,0
"AL002",2015,9,26,22.87,12.18,0
"AL002",2015,9,27,21.01,12.56,0
"AL002",2015,9,28,19.36,13.71,0
"AL002",2015,9,29,17.41,11.65,0
"AL002",2015,9,30,17.83,9.77,0
"AL002",2015,10,1,12.83,9.85,0
"AL002",2015,10,2,12.18,11.13,19
"AL002",2015,10,3,16.06,11.7,23.4
"AL002",2015,10,4,19.24,12.76,15.1
"AL002",2015,10,5,20.44,12.91,0
"AL002",2015,10,6,17.52,14.31,8.5
"AL002",2015,10,7,22.04,12.2,0
"AL002",2015,10,8,22.22,11.62,0
"AL002",2015,10,9,19.52,12.02,0
"AL002",2015,10,10,17.5,12.11,0
"AL002",2015,10,11,21.09,9.49,0
"AL002",2015,10,12,17.9,11.35,0
"AL002",2015,10,13,16.2,13.52,8.6
"AL002",2015,10,14,17.67,12.06,0.5
"AL002",2015,10,15,15.7,7.84,3.5
"AL002",2015,10,16,14.6,6.06,4
"AL002",2015,10,17,13.87,5.53,0
"AL002",2015,10,18,12.07,9.84,2.4
"AL002",2015,10,19,17.14,7.5,1.7
"AL002",2015,10,20,16.16,7.39,0
"AL002",2015,10,21,14.99,7.19,0
"AL002",2015,10,22,15.28,5.18,0
"AL002",2015,10,23,18.03,6.24,0
"AL002",2015,10,24,18.08,6.31,0
"AL002",2015,10,25,17.82,8.21,0
"AL002",2015,10,26,16.92,7,0
"AL002",2015,10,27,14.34,7.36,0
"AL002",2015,10,28,12.32,9.55,15.3
"AL002",2015,10,29,14.97,9.78,7.8
"AL002",2015,10,30,18.09,9.66,0
"AL002",2015,10,31,16.85,9.68,0
"AL002",2015,11,1,15.68,7.44,0
"AL002",2015,11,2,14.79,5.37,0
"AL002",2015,11,3,12.32,6.04,0
"AL002",2015,11,4,16.02,7.67,0
"AL002",2015,11,5,17.59,7.03,0
"AL002",2015,11,6,18.35,7.84,0
"AL002",2015,11,7,20.17,7.81,0
"AL002",2015,11,8,19.87,8.58,0
"AL002",2015,11,9,18.07,6.95,0
"AL002",2015,11,10,19.66,8.05,0
"AL002",2015,11,11,16.77,7.52,0
"AL002",2015,11,12,16.73,7.33,0
"AL002",2015,11,13,15.8,5.82,0
"AL002",2015,11,14,13.43,7.83,0
"AL002",2015,11,15,12.85,7.18,0
"AL002",2015,11,16,12.99,7.22,0
"AL002",2015,11,17,12.4,7.27,0
"AL002",2015,11,18,13.47,6.95,0
"AL002",2015,11,19,13.45,8.3,0
"AL002",2015,11,20,13.72,8.01,0
"AL002",2015,11,21,12.87,4.01,0
"AL002",2015,11,22,11.85,1.64,6.4
"AL002",2015,11,23,6.54,2.35,0
"AL002",2015,11,24,8.38,0.56,0
"AL002",2015,11,25,6.53,-0.24,0
"AL002",2015,11,26,9.32,0.15,0
"AL002",2015,11,27,11.22,0.51,0
"AL002",2015,11,28,8.82,-1.08,0
"AL002",2015,11,29,9.76,0.85,0
"AL002",2015,11,30,11.72,0.6,0
"AL002",2015,12,1,14.16,2.37,0
"AL002",2015,12,2,10.6,2.94,0
"AL002",2015,12,3,8.69,2.56,0
"AL002",2015,12,4,7.54,3.87,0
"AL002",2015,12,5,7.24,5.07,0
"AL002",2015,12,6,8.07,6.09,0
"AL002",2015,12,7,9.54,6.31,0
"AL002",2015,12,8,11.73,5.02,0
"AL002",2015,12,9,10.22,4.67,0
"AL002",2015,12,10,9.49,2.31,0
"AL002",2015,12,11,8.42,1.34,0
"AL002",2015,12,12,9.75,2.8,0
"AL002",2015,12,13,7.97,3.87,0
"AL002",2015,12,14,7.85,4.09,0
"AL002",2015,12,15,8.85,4.74,0
"AL002",2015,12,16,12.17,4.28,0
"AL002",2015,12,17,10.44,2.88,0
"AL002",2015,12,18,9.81,3.58,0
"AL002",2015,12,19,10.5,4.41,0
"AL002",2015,12,20,11.36,3.48,0
"AL002",2015,12,21,8.76,6.5,0
"AL002",2015,12,22,10.29,6.78,0
"AL002",2015,12,23,9.37,6.3,3.9
"AL002",2015,12,24,8.4,6.13,0
"AL002",2015,12,25,8.33,3.59,0
"AL002",2015,12,26,8.2,2.25,0
"AL002",2015,12,27,7.9,1.82,0
"AL002",2015,12,28,7.38,1.52,0
"AL002",2015,12,29,7.3,2.02,0
"AL002",2015,12,30,8.44,0.46,1.8
"AL002",2015,12,31,5.6,1.09,0
"AL002",2016,1,1,6.03,0.12,0
"AL002",2016,1,2,3.97,1.78,11
"AL002",2016,1,3,6.02,0.52,4.6
"AL002",2016,1,4,4.84,1.42,0.5
"AL002",2016,1,5,6.72,1.65,0.8
"AL002",2016,1,6,7.64,0.27,0
"AL002",2016,1,7,6.36,-0.18,0
"AL002",2016,1,8,6.78,1.23,0
"AL002",2016,1,9,7.5,3.91,11.6
"AL002",2016,1,10,8.44,5.23,0
"AL002",2016,1,11,11.13,4.57,15.8
"AL002",2016,1,12,14.06,4.01,0
"AL002",2016,1,13,10.69,1.95,0
"AL002",2016,1,14,4.67,0.03,3.4
"AL002",2016,1,15,8.23,-0.99,0
"AL002",2016,1,16,8.26,0.29,0
"AL002",2016,1,17,7.47,-0.33,0
"AL002",2016,1,18,4.81,-3.84,0
"AL002",2016,1,19,5.03,-1.97,0
"AL002",2016,1,20,3.78,-1.38,0
"AL002",2016,1,21,7.19,-2.18,0
"AL002",2016,1,22,5.75,-2.73,0
"AL002",2016,1,23,7.31,0.09,0
"AL002",2016,1,24,9.7,-0.63,0
"AL002",2016,1,25,9.09,-0.19,0
"AL002",2016,1,26,10.94,1.75,0
"AL002",2016,1,27,9.6,3.45,0
"AL002",2016,1,28,9.76,5.59,0
"AL002",2016,1,29,12.1,5.15,0
"AL002",2016,1,30,9.27,5.71,0.4
"AL002",2016,1,31,10.95,4.83,0
"AL002",2016,2,1,12.82,6.26,0
"AL002",2016,2,2,9.48,6.69,0
"AL002",2016,2,3,10.72,6.81,0
"AL002",2016,2,4,13.11,1.69,0
"AL002",2016,2,5,14.53,2.18,0
"AL002",2016,2,6,7.65,2.28,3
"AL002",2016,2,7,7.06,3.3,50.1
"AL002",2016,2,8,10.33,3.36,0
"AL002",2016,2,9,10.09,4.79,19.8
"AL002",2016,2,10,11.33,3.32,0
"AL002",2016,2,11,10.97,0.41,0
"AL002",2016,2,12,7.17,1.3,5.6
"AL002",2016,2,13,7.92,-0.17,4.1
"AL002",2016,2,14,7.55,4.3,3.5
"AL002",2016,2,15,9.74,2.63,0
"AL002",2016,2,16,7.75,6.03,5.8
"AL002",2016,2,17,7.86,3.83,5.3
"AL002",2016,2,18,9.83,2.4,0
"AL002",2016,2,19,12.83,1.82,0
"AL002",2016,2,20,11.5,1.08,0
"AL002",2016,2,21,14.24,2.11,0
"AL002",2016,2,22,12.01,5.58,2.1
"AL002",2016,2,23,13.69,5.41,0
"AL002",2016,2,24,13.43,4.36,0
"AL002",2016,2,25,9.88,4.11,0
"AL002",2016,2,26,8.88,2.12,4.3
"AL002",2016,2,27,6.12,4.2,22.7
"AL002",2016,2,28,7.85,3.99,39.7
"AL002",2016,2,29,11.15,6.87,8.4
"AL002",2016,3,1,15.92,4.61,0
"AL002",2016,3,2,14.21,4.18,7.8
"AL002",2016,3,3,12.76,4.17,0
"AL002",2016,3,4,11.29,1.72,12.2
"AL002",2016,3,5,8.39,2.68,52.1
"AL002",2016,3,6,6.82,0.01,0
"AL002",2016,3,7,9.28,-0.44,0
"AL002",2016,3,8,7.55,2.16,2.4
"AL002",2016,3,9,8.95,2.38,7.6
"AL002",2016,3,10,12.69,3.89,0
"AL002",2016,3,11,11.21,5.66,0
"AL002",2016,3,12,14.75,7.03,0
"AL002",2016,3,13,12.52,7.88,0
"AL002",2016,3,14,12.56,6.22,0
"AL002",2016,3,15,14.66,3.35,1.5
"AL002",2016,3,16,6.89,4.14,5.4
"AL002",2016,3,17,10.94,5.59,0
"AL002",2016,3,18,15,3.61,0
"AL002",2016,3,19,16.39,4.79,0
"AL002",2016,3,20,14.38,4.68,0
"AL002",2016,3,21,15.72,6.21,0
"AL002",2016,3,22,14.77,8.01,0
"AL002",2016,3,23,13.61,5.76,0
"AL002",2016,3,24,16.3,3.36,0
"AL002",2016,3,25,14.51,4.85,0
"AL002",2016,3,26,17.62,4.9,0
"AL002",2016,3,27,14.42,5.39,2.3
"AL002",2016,3,28,14.46,7.98,3.5
"AL002",2016,3,29,17.84,6.83,0
"AL002",2016,3,30,14.12,9.69,0
"AL002",2016,3,31,15.84,9.08,0
"AL002",2016,4,1,16.64,10.29,0
"AL002",2016,4,2,19.82,10.75,0
"AL002",2016,4,3,18.1,10.58,0
"AL002",2016,4,4,17.09,11.71,0
"AL002",2016,4,5,18.15,10.66,0
"AL002",2016,4,6,21.42,10.54,0
"AL002",2016,4,7,21.67,11.54,0
"AL002",2016,4,8,18.36,10.16,0
"AL002",2016,4,9,15.61,7.91,0
"AL002",2016,4,10,19.21,6.16,0
"AL002",2016,4,11,18.46,8.04,0
"AL002",2016,4,12,18.99,8.78,0
"AL002",2016,4,13,17.97,10.31,2.3
"AL002",2016,4,14,21.38,8.66,0
"AL002",2016,4,15,18.39,8.81,0
"AL002",2016,4,16,18.72,10.49,0
"AL002",2016,4,17,18.27,11.88,0
"AL002",2016,4,18,21.09,9.07,0
"AL002",2016,4,19,22.44,6.65,0
"AL002",2016,4,20,22.23,8.55,0
"AL002",2016,4,21,20.34,10.71,0
"AL002",2016,4,22,19.53,11.65,0
"AL002",2016,4,23,18.84,11.83,7.6
"AL002",2016,4,24,19.44,8.32,0
"AL002",2016,4,25,16.32,5.04,0
"AL002",2016,4,26,16.33,7.07,0
"AL002",2016,4,27,18.98,8.68,0
"AL002",2016,4,28,16.29,7.91,0
"AL002",2016,4,29,16.4,8.36,0
"AL002",2016,4,30,18.78,7.71,6.5
"AL002",2016,5,1,13.73,7.2,3.3
"AL002",2016,5,2,17.86,9.55,0
"AL002",2016,5,3,22.67,9.75,0
"AL002",2016,5,4,22.3,11.04,0
"AL002",2016,5,5,18.62,9.17,0
"AL002",2016,5,6,21.59,9.35,0
"AL002",2016,5,7,21.98,10.95,0
"AL002",2016,5,8,20.91,11.76,6.4
"AL002",2016,5,9,17.13,12.55,6.6
"AL002",2016,5,10,17.9,13.33,4.3
"AL002",2016,5,11,16.31,13.48,23.7
"AL002",2016,5,12,17.28,11.28,9.9
"AL002",2016,5,13,19.54,11.47,1.2
"AL002",2016,5,14,21.12,11.27,0
"AL002",2016,5,15,22.03,12.06,0
"AL002",2016,5,16,20.01,10.07,0
"AL002",2016,5,17,20.88,9.5,0
"AL002",2016,5,18,20.16,9.53,0
"AL002",2016,5,19,16.58,10.18,33.7
"AL002",2016,5,20,23.56,8.78,0
"AL002",2016,5,21,24.24,12.02,0
"AL002",2016,5,22,24.22,11.98,0
"AL002",2016,5,23,18.23,9.72,6.3
"AL002",2016,5,24,23.15,9.61,0
"AL002",2016,5,25,22.08,10.07,0
"AL002",2016,5,26,24.55,11,0
"AL002",2016,5,27,26.95,13.96,0
"AL002",2016,5,28,27.01,14.8,0
"AL002",2016,5,29,20.27,14.64,12.1
"AL002",2016,5,30,21.96,14.24,0.9
"AL002",2016,5,31,20.96,13.59,0
"AL002",2016,6,1,20.23,12.64,0
"AL002",2016,6,2,22.2,11.77,2.9
"AL002",2016,6,3,21.77,14,4.8
"AL002",2016,6,4,20.73,14.89,3.5
"AL002",2016,6,5,24.72,13.38,0
"AL002",2016,6,6,24.59,14.82,0
"AL002",2016,6,7,27,14.73,0
"AL002",2016,6,8,27.75,15.54,4.9
"AL002",2016,6,9,25.36,14.33,7.2
"AL002",2016,6,10,25.07,14.56,0
"AL002",2016,6,11,24.51,15.69,0
"AL002",2016,6,12,24.84,15.18,6.6
"AL002",2016,6,13,25.85,14.36,0
"AL002",2016,6,14,24.5,14.94,3.8
"AL002",2016,6,15,23.39,12.88,0
"AL002",2016,6,16,25.84,15.71,15
"AL002",2016,6,17,22.37,13.1,0
"AL002",2016,6,18,23.35,12.34,0
"AL002",2016,6,19,23.51,13.56,0
"AL002",2016,6,20,27.66,12.76,0
"AL002",2016,6,21,27.62,15.72,0
"AL002",2016,6,22,29.87,16.19,0
"AL002",2016,6,23,32.03,18.67,0
"AL002",2016,6,24,32.92,18.82,0
"AL002",2016,6,25,30.09,19.8,0
"AL002",2016,6,26,29.76,17.8,0
"AL002",2016,6,27,29.15,16.52,0
"AL002",2016,6,28,29.17,15.52,0
"AL002",2016,6,29,28.57,17.44,0
"AL002",2016,6,30,29.66,18.29,0
"AL002",2016,7,1,29.51,17.41,0
"AL002",2016,7,2,29.97,18.16,0
"AL002",2016,7,3,30.29,18.26,0
"AL002",2016,7,4,28.44,18.73,0
"AL002",2016,7,5,30.09,17.45,0
"AL002",2016,7,6,31.34,18.53,0
"AL002",2016,7,7,31.43,18.2,0
"AL002",2016,7,8,30.2,19.14,0
"AL002",2016,7,9,32.48,18.66,0
"AL002",2016,7,10,32.79,20.07,0
"AL002",2016,7,11,33.48,19.63,0
"AL002",2016,7,12,29.01,19.79,0
"AL002",2016,7,13,29.48,14.22,3.8
"AL002",2016,7,14,27.16,13.7,5.1
"AL002",2016,7,15,26.63,13.46,0
"AL002",2016,7,16,28.78,12.78,0
"AL002",2016,7,17,29.86,12.96,0
"AL002",2016,7,18,30.84,15.46,0
"AL002",2016,7,19,31.61,16.51,0
"AL002",2016,7,20,32.4,18.35,0
"AL002",2016,7,21,30.72,19.37,0
"AL002",2016,7,22,29.56,19.08,0
"AL002",2016,7,23,28.04,18.97,1.7
"AL002",2016,7,24,30.14,17.74,0
"AL002",2016,7,25,31.51,17.97,0
"AL002",2016,7,26,32.2,19.37,0
"AL002",2016,7,27,30.86,18.57,10.6
"AL002",2016,7,28,30.36,16.76,0
"AL002",2016,7,29,30.68,18.01,0
"AL002",2016,7,30,30.88,18.01,0
"AL002",2016,7,31,29.99,18.53,0
"AL002",2016,8,1,30.39,17.17,0
"AL002",2016,8,2,29.66,18.51,0
"AL002",2016,8,3,29.98,17.99,0
"AL002",2016,8,4,30.21,18.88,0
"AL002",2016,8,5,25.66,17.56,9.4
"AL002",2016,8,6,29.56,16.24,0
"AL002",2016,8,7,29.21,16.41,0
"AL002",2016,8,8,30.33,16.36,0
"AL002",2016,8,9,30.12,17.32,0
"AL002",2016,8,10,27.55,16.67,14.5
"AL002",2016,8,11,25.87,14.32,0
"AL002",2016,8,12,27.08,13.33,0
"AL002",2016,8,13,28.65,14.7,0
"AL002",2016,8,14,30.18,15.27,0
"AL002",2016,8,15,30.85,17,0
"AL002",2016,8,16,30.23,16.42,0
"AL002",2016,8,17,28.63,17.19,0
"AL002",2016,8,18,28.17,17.2,0
"AL002",2016,8,19,27.81,17.6,0
"AL002",2016,8,20,27.5,18.9,4.3
"AL002",2016,8,21,29.28,18.94,0
"AL002",2016,8,22,29.17,16.61,0
"AL002",2016,8,23,30.35,14.47,0
"AL002",2016,8,24,30.75,15.32,0
"AL002",2016,8,25,30.9,16.35,0
"AL002",2016,8,26,30.96,16.88,0
"AL002",2016,8,27,30.52,16.4,0
"AL002",2016,8,28,31.31,16.71,0
"AL002",2016,8,29,30.36,17.54,0
"AL002",2016,8,30,26.37,18.22,16
"AL002",2016,8,31,28.84,18,0
"AL002",2016,9,1,30.44,16.58,0
"AL002",2016,9,2,30.14,17.46,0
"AL002",2016,9,3,30.61,17.39,0
"AL002",2016,9,4,29.58,17.83,0
"AL002",2016,9,5,30.52,18.85,0
"AL002",2016,9,6,30.14,15.99,0
"AL002",2016,9,7,27.3,16.25,0
"AL002",2016,9,8,28.8,16.04,0
"AL002",2016,9,9,30.02,17.93,0
"AL002",2016,9,10,30.7,17.48,0
"AL002",2016,9,11,30.65,17.53,0
"AL002",2016,9,12,28.92,17.1,0
"AL002",2016,9,13,29.96,15.76,0
"AL002",2016,9,14,29.03,16.69,12.5
"AL002",2016,9,15,25.22,16.78,23.9
"AL002",2016,9,16,22.88,14.54,7
"AL002",2016,9,17,24.14,13.08,5.3
"AL002",2016,9,18,22.28,12.35,0
"AL002",2016,9,19,26.75,12.05,0
"AL002",2016,9,20,25.26,12.41,0
"AL002",2016,9,21,21.6,13.09,5.2
"AL002",2016,9,22,22.36,12.15,0
"AL002",2016,9,23,23.26,11.29,0
"AL002",2016,9,24,23.95,11.97,0
"AL002",2016,9,25,24.19,11.41,0
"AL002",2016,9,26,24.24,11.15,0
"AL002",2016,9,27,23.61,11.89,0
"AL002",2016,9,28,25.58,11.96,0
"AL002",2016,9,29,24.88,10.89,0
"AL002",2016,9,30,24.56,13.06,0
"AL002",2016,10,1,20.52,13.45,5.4
"AL002",2016,10,2,23.91,13.67,0
"AL002",2016,10,3,24.34,10.79,0
"AL002",2016,10,4,22.68,8.75,0
"AL002",2016,10,5,22.24,9.08,0
"AL002",2016,10,6,16.74,10.55,0
"AL002",2016,10,7,19.9,7.49,0
"AL002",2016,10,8,18.28,8.33,0
"AL002",2016,10,9,17.07,8.57,0
"AL002",2016,10,10,14.85,7.47,6
"AL002",2016,10,11,13.14,5.62,0
"AL002",2016,10,12,16.09,4,0
"AL002",2016,10,13,10.49,7.91,9.4
"AL002",2016,10,14,11.13,7.29,47.4
"AL002",2016,10,15,16.9,9.26,3.4
"AL002",2016,10,16,19.66,8.46,0
"AL002",2016,10,17,16.67,10.35,0
"AL002",2016,10,18,19.74,9.67,0
"AL002",2016,10,19,17.42,8.89,0
"AL002",2016,10,20,17.61,8.66,5
"AL002",2016,10,21,17.87,5.64,0
"AL002",2016,10,22,14.43,5.58,2.1
"AL002",2016,10,23,11.24,9.42,10.1
"AL002",2016,10,24,14.55,9.99,9.8
"AL002",2016,10,25,14.84,12.57,3.5
"AL002",2016,10,26,17.03,10.82,2.6
"AL002",2016,10,27,19.51,10.39,0
"AL002",2016,10,28,18.43,7.51,0
"AL002",2016,10,29,20.09,6.28,0
"AL002",2016,10,30,19.05,7.09,0
"AL002",2016,10,31,16.14,7.35,0
"AL002",2016,11,1,14.58,7.97,0
"AL002",2016,11,2,15.7,9.65,0
"AL002",2016,11,3,16.26,7.13,0
"AL002",2016,11,4,13.98,7.88,4.8
"AL002",2016,11,5,11.92,9.61,36.4
"AL002",2016,11,6,13.93,6.06,17.3
"AL002",2016,11,7,14.04,2.97,0
"AL002",2016,11,8,11.33,1.52,0
"AL002",2016,11,9,8.31,1.01,6.4
"AL002",2016,11,10,12.58,-0.24,0
"AL002",2016,11,11,9.93,3.91,0
"AL002",2016,11,12,14.44,1.76,0
"AL002",2016,11,13,10.95,2.14,0
"AL002",2016,11,14,10.84,5.04,0
"AL002",2016,11,15,11.17,1.21,0
"AL002",2016,11,16,11.88,-0.4,0
"AL002",2016,11,17,10.84,4.73,0
"AL002",2016,11,18,10.03,5.98,0
"AL002",2016,11,19,10.87,7.41,0
"AL002",2016,11,20,9.8,4.93,8.7
"AL002",2016,11,21,10.37,9.21,36.3
"AL002",2016,11,22,11.69,10.01,13.6
"AL002",2016,11,23,12.69,9.9,0
"AL002",2016,11,24,13.37,10.91,59.5
"AL002",2016,11,25,15.44,9.93,13.1
"AL002",2016,11,26,14.53,5.5,0
"AL002",2016,11,27,13.13,4.7,0
"AL002",2016,11,28,10.34,5.28,0
"AL002",2016,11,29,6.21,1.12,0
"AL002",2016,11,30,9.16,-1.47,0
"AL002",2016,12,1,11.37,2.02,0
"AL002",2016,12,2,12.66,1.74,0
"AL002",2016,12,3,7.34,2.57,0
"AL002",2016,12,4,9.97,3.85,0
"AL002",2016,12,5,8.89,2.07,0
"AL002",2016,12,6,9.04,1.55,0
"AL002",2016,12,7,10.4,-0.77,0
"AL002",2016,12,8,10.71,-0.51,0
"AL002",2016,12,9,8.18,-0.73,0
"AL002",2016,12,10,7.6,0.02,0
"AL002",2016,12,11,8.94,0.23,0
"AL002",2016,12,12,8.64,2.34,0
"AL002",2016,12,13,6.61,0.9,0
"AL002",2016,12,14,6.22,1.11,0
"AL002",2016,12,15,6.59,1.03,0
"AL002",2016,12,16,5.96,0.28,0
"AL002",2016,12,17,6.59,-0.96,0
"AL002",2016,12,18,5.99,-1.52,0
"AL002",2016,12,19,3.55,-0.48,6.9
"AL002",2016,12,20,6.03,2.67,14.7
"AL002",2016,12,21,9.8,3.89,0
"AL002",2016,12,22,12.7,2.8,0
"AL002",2016,12,23,11.84,1.61,0
"AL002",2016,12,24,11.07,1.5,0
"AL002",2016,12,25,12.76,2.59,0
"AL002",2016,12,26,12.48,3.69,0
"AL002",2016,12,27,16.54,3.84,0
"AL002",2016,12,28,13.24,0.91,0
"AL002",2016,12,29,9.84,-1.07,0
"AL002",2016,12,30,7.57,-1.82,0
"AL002",2016,12,31,9.16,-1.57,0
"AL002",2017,1,1,6.88,-1.9,0
"AL002",2017,1,2,8.65,1.22,0
"AL002",2017,1,3,8.15,-0.68,0
"AL002",2017,1,4,9.54,-1.84,0
"AL002",2017,1,5,9.27,0.53,0
"AL002",2017,1,6,5.77,-4.52,0
"AL002",2017,1,7,3.47,-6.47,0
"AL002",2017,1,8,5.23,-3.75,0
"AL002",2017,1,9,6.19,-4.7,0
"AL002",2017,1,10,2.43,-2.37,0
"AL002",2017,1,11,2.95,-3.29,0
"AL002",2017,1,12,5.5,-1.22,0
"AL002",2017,1,13,6.62,-1.3,0
"AL002",2017,1,14,8.64,-1.56,0
"AL002",2017,1,15,7.2,-1.7,0
"AL002",2017,1,16,4.8,-4.02,0
"AL002",2017,1,17,4.76,-2.84,0
"AL002",2017,1,18,6.22,-0.69,0
"AL002",2017,1,19,6.27,-1.14,0
"AL002",2017,1,20,6.59,-1.91,0
"AL002",2017,1,21,6.5,-2.29,0
"AL002",2017,1,22,6.84,-1.97,0
"AL002",2017,1,23,8.3,0.18,0
"AL002",2017,1,24,11.08,0.41,0
"AL002",2017,1,25,8.65,-0.89,0
"AL002",2017,1,26,8.57,-1.01,0
"AL002",2017,1,27,6.87,-0.87,0
"AL002",2017,1,28,4.61,-0.85,0
"AL002",2017,1,29,9.9,-0.59,0
"AL002",2017,1,30,7.5,0.69,0
"AL002",2017,1,31,6.67,3.14,0
"AL002",2017,2,1,7.59,4.13,0
"AL002",2017,2,2,7.23,5.42,5.6
"AL002",2017,2,3,10.32,4.68,10.1
"AL002",2017,2,4,9.43,3.07,6.8
"AL002",2017,2,5,6.5,1.52,25.7
"AL002",2017,2,6,11.86,2.63,0
"AL002",2017,2,7,10.37,2.86,0
"AL002",2017,2,8,8.38,3.18,0
"AL002",2017,2,9,7.08,2.4,0
"AL002",2017,2,10,4.4,1.94,0
"AL002",2017,2,11,6.74,1.36,0
"AL002",2017,2,12,6.75,3.88,0
"AL002",2017,2,13,9.89,4.61,0
"AL002",2017,2,14,10.65,3.56,0
"AL002",2017,2,15,13.9,1.85,0
"AL002",2017,2,16,12.33,3.36,0
"AL002",2017,2,17,14.2,3.03,0
"AL002",2017,2,18,11.46,1.84,0
"AL002",2017,2,19,9.48,1.68,0
"AL002",2017,2,20,9.88,1.92,0
"AL002",2017,2,21,13.42,2.27,0
"AL002",2017,2,22,9.51,2.13,0
"AL002",2017,2,23,9.88,2.79,0
"AL002",2017,2,24,11.74,5.83,0
"AL002",2017,2,25,11.03,2.67,0
"AL002",2017,2,26,13.45,0.66,0
"AL002",2017,2,27,9.29,2.26,4.4
"AL002",2017,2,28,10.74,6.89,20.9
"AL002",2017,3,1,16.95,4.05,0
"AL002",2017,3,2,15.11,3.19,0
"AL002",2017,3,3,10.88,5.37,2.1
"AL002",2017,3,4,11.84,5.9,25.7
"AL002",2017,3,5,13.99,3.26,0
"AL002",2017,3,6,15.04,3.22,3.4
"AL002",2017,3,7,16.22,3.85,0
"AL002",2017,3,8,17.29,1.38,0
"AL002",2017,3,9,20.62,3.91,0
"AL002",2017,3,10,22.15,6.75,0
"AL002",2017,3,11,17.42,3.9,0
"AL002",2017,3,12,15.05,3.65,0
"AL002",2017,3,13,15.53,2.8,0
"AL002",2017,3,14,19.54,3.86,0
"AL002",2017,3,15,19.65,5.62,0
"AL002",2017,3,16,19.76,4.27,0
"AL002",2017,3,17,19.53,5.01,0
"AL002",2017,3,18,18.43,6.94,0
"AL002",2017,3,19,20.07,7.63,0
"AL002",2017,3,20,17.78,6.67,0
"AL002",2017,3,21,16.73,8.11,0
"AL002",2017,3,22,15.16,9.37,0
"AL002",2017,3,23,13.98,9.36,20
"AL002",2017,3,24,13.7,9.23,5.5
"AL002",2017,3,25,18.12,5.88,6
"AL002",2017,3,26,14.54,6.65,2.1
"AL002",2017,3,27,15.19,4.97,0
"AL002",2017,3,28,19.46,3.14,0
"AL002",2017,3,29,22.53,5.66,0
"AL002",2017,3,30,23.61,7.4,0
"AL002",2017,3,31,22.34,7.54,0
"AL002",2017,4,1,18.24,8.3,5.9
"AL002",2017,4,2,15.52,9.26,2.8
"AL002",2017,4,3,22.79,8.07,0
"AL002",2017,4,4,24.16,8.46,0
"AL002",2017,4,5,17.42,8.08,2
"AL002",2017,4,6,21.33,6.7,0
"AL002",2017,4,7,20.47,7.15,0
"AL002",2017,4,8,21.56,6.68,0
"AL002",2017,4,9,22.74,7.81,0
"AL002",2017,4,10,23.35,8.46,0
"AL002",2017,4,11,22.87,9.59,0
"AL002",2017,4,12,21.63,10.47,0
"AL002",2017,4,13,22.67,9.02,0
"AL002",2017,4,14,21.35,7.56,0
"AL002",2017,4,15,21.33,9.92,0
"AL002",2017,4,16,24.19,8.9,0
"AL002",2017,4,17,19.87,8.33,0
"AL002",2017,4,18,17.9,4.8,0
"AL002",2017,4,19,15.92,2.27,0
"AL002",2017,4,20,17.42,1.28,0
"AL002",2017,4,21,17.16,1.99,0
"AL002",2017,4,22,20.48,3.87,0
"AL002",2017,4,23,19.35,6.5,0
"AL002",2017,4,24,17.06,8.82,0
"AL002",2017,4,25,18.18,9.81,3
"AL002",2017,4,26,15.11,10.25,19.2
"AL002",2017,4,27,15.85,7.25,4.5
"AL002",2017,4,28,17.35,1.57,2.3
"AL002",2017,4,29,18.34,2.85,0
"AL002",2017,4,30,18.22,4.04,0
"AL002",2017,5,1,13.15,4.38,13.3
"AL002",2017,5,2,17.72,3.34,7.7
"AL002",2017,5,3,15.83,2.68,5.3
"AL002",2017,5,4,16.24,7.22,4
"AL002",2017,5,5,20.43,6.17,0
"AL002",2017,5,6,15.82,9.28,18.6
"AL002",2017,5,7,19.46,7.31,0
"AL002",2017,5,8,22.15,9.23,0
"AL002",2017,5,9,22.35,9.31,0
"AL002",2017,5,10,19,9.38,0
"AL002",2017,5,11,18.63,11.47,0
"AL002",2017,5,12,19.83,12.27,3.2
"AL002",2017,5,13,23.45,11.36,0
"AL002",2017,5,14,23.18,11.04,0
"AL002",2017,5,15,26.14,11.71,0
"AL002",2017,5,16,26.27,12.5,0
"AL002",2017,5,17,27.54,12.35,0
"AL002",2017,5,18,25.15,13.72,0
"AL002",2017,5,19,21.26,12.11,5.4
"AL002",2017,5,20,22.26,10.21,0
"AL002",2017,5,21,26.04,9.58,0
"AL002",2017,5,22,26.06,11.35,0
"AL002",2017,5,23,27.56,12.9,0
"AL002",2017,5,24,29.3,15.36,0
"AL002",2017,5,25,26.88,14.94,0
"AL002",2017,5,26,26.43,14.5,0
"AL002",2017,5,27,27.67,14.19,0
"AL002",2017,5,28,29.04,15.8,0
"AL002",2017,5,29,29.43,15.01,0
"AL002",2017,5,30,29.93,14.84,0
"AL002",2017,5,31,28.31,15.69,0
"AL002",2017,6,1,28,14.79,0
"AL002",2017,6,2,28.36,14.61,0
"AL002",2017,6,3,28.86,15.42,0
"AL002",2017,6,4,28.15,17.26,0
"AL002",2017,6,5,24.86,16.14,0
"AL002",2017,6,6,25.73,15.31,0
"AL002",2017,6,7,27.04,12.63,0
"AL002",2017,6,8,25.41,13.22,0
"AL002",2017,6,9,26.18,13.73,0
"AL002",2017,6,10,29.37,15.92,0
"AL002",2017,6,11,30.25,17.12,0
"AL002",2017,6,12,31.78,17.99,0
"AL002",2017,6,13,31,18.3,0
"AL002",2017,6,14,30.69,19.38,2.1
"AL002",2017,6,15,29.36,18.56,0
"AL002",2017,6,16,32.3,19.78,0
"AL002",2017,6,17,32.65,19.87,0
"AL002",2017,6,18,28.87,18.17,0
"AL002",2017,6,19,29.83,15.85,0
"AL002",2017,6,20,31.29,16.69,0
"AL002",2017,6,21,31.29,17.95,0
"AL002",2017,6,22,32.26,19.34,0
"AL002",2017,6,23,31.53,20.04,0
"AL002",2017,6,24,31.9,20.87,0
"AL002",2017,6,25,29.96,20.58,4.9
"AL002",2017,6,26,29.73,18.21,0
"AL002",2017,6,27,28.9,18.39,0
"AL002",2017,6,28,28,16.61,27.5
"AL002",2017,6,29,25.24,15.64,0
"AL002",2017,6,30,24.61,14.41,0
"AL002",2017,7,1,24.61,12.69,0
"AL002",2017,7,2,29.16,14.12,0
"AL002",2017,7,3,29.89,16.27,0
"AL002",2017,7,4,29.01,16.23,0
"AL002",2017,7,5,30.34,18.05,0
"AL002",2017,7,6,32.67,17.11,0
"AL002",2017,7,7,32.19,18.73,0
"AL002",2017,7,8,33.44,19.55,0
"AL002",2017,7,9,30.23,20.75,0
"AL002",2017,7,10,29.8,18.76,0
"AL002",2017,7,11,27.89,17.9,6.4
"AL002",2017,7,12,29.85,17.39,0
"AL002",2017,7,13,32.06,19.11,0
"AL002",2017,7,14,29.17,19.69,0
"AL002",2017,7,15,30.56,17.86,0
"AL002",2017,7,16,29.25,18.22,0
"AL002",2017,7,17,28.63,16.85,0
"AL002",2017,7,18,29.8,16.15,0
"AL002",2017,7,19,31.08,17.72,0
"AL002",2017,7,20,30.56,18.56,0
"AL002",2017,7,21,30.33,18.71,0
"AL002",2017,7,22,30.68,18.05,0
"AL002",2017,7,23,31.87,19.4,0
"AL002",2017,7,24,30.96,18.88,0
"AL002",2017,7,25,30.25,16.56,0
"AL002",2017,7,26,30.92,15.15,0
"AL002",2017,7,27,30.87,15.98,0
"AL002",2017,7,28,31.17,17,0
"AL002",2017,7,29,29.69,18.21,10.3
"AL002",2017,7,30,29.73,17.85,0
"AL002",2017,7,31,32.57,19.15,0
"AL002",2017,8,1,33.34,20.31,0
"AL002",2017,8,2,34.77,21.04,0
"AL002",2017,8,3,35.7,21.72,0
"AL002",2017,8,4,36.09,21.69,0
"AL002",2017,8,5,35.79,21.85,0
"AL002",2017,8,6,33.51,21.41,2.6
"AL002",2017,8,7,30.5,18.93,0
"AL002",2017,8,8,30.46,18.71,0
"AL002",2017,8,9,31.19,18.06,0
"AL002",2017,8,10,29.44,16.67,0
"AL002",2017,8,11,23.79,13.72,13.2
"AL002",2017,8,12,28.4,12.33,0
"AL002",2017,8,13,29.48,14.35,0
"AL002",2017,8,14,29.68,15.62,0
"AL002",2017,8,15,31.01,16.56,0
"AL002",2017,8,16,31.14,18.2,0
"AL002",2017,8,17,32.23,18.47,0
"AL002",2017,8,18,32.7,19.27,0
"AL002",2017,8,19,30.9,19.31,0
"AL002",2017,8,20,28.04,16.35,0
"AL002",2017,8,21,28.84,15.4,0
"AL002",2017,8,22,27.66,14.46,0
"AL002",2017,8,23,29.53,15.93,0
"AL002",2017,8,24,29.42,16.26,0
"AL002",2017,8,25,29.86,17.84,0
"AL002",2017,8,26,31.55,17.66,0
"AL002",2017,8,27,33.27,18.95,0
"AL002",2017,8,28,32.82,18.75,0
"AL002",2017,8,29,31.21,18.4,0
"AL002",2017,8,30,31.57,18.92,0
"AL002",2017,8,31,30.58,19.68,0
"AL002",2017,9,1,28.94,16.38,0
"AL002",2017,9,2,21.21,13.54,4.2
"AL002",2017,9,3,25.54,12.3,0
"AL002",2017,9,4,25.97,12.81,0
"AL002",2017,9,5,27.64,13.17,0
"AL002",2017,9,6,28.18,14.87,0
"AL002",2017,9,7,27.89,15.15,0
"AL002",2017,9,8,25.02,14.82,0
"AL002",2017,9,9,23.3,14.81,27.3
"AL002",2017,9,10,19.39,14.94,6.9
"AL002",2017,9,11,24.77,13.58,0
"AL002",2017,9,12,25.98,13.68,0
"AL002",2017,9,13,23.18,11.54,0
"AL002",2017,9,14,22.2,13.39,0
"AL002",2017,9,15,18.46,10.58,8.4
"AL002",2017,9,16,21.65,11.93,1.5
"AL002",2017,9,17,22.09,11.64,0
"AL002",2017,9,18,17.78,10.1,6.4
"AL002",2017,9,19,21.21,10.27,0
"AL002",2017,9,20,24.04,9.02,0
"AL002",2017,9,21,22.02,8.81,0
"AL002",2017,9,22,23.06,9.56,0
"AL002",2017,9,23,22.74,11.26,0
"AL002",2017,9,24,23.42,11.79,0
"AL002",2017,9,25,21.84,11.51,0
"AL002",2017,9,26,22.35,10.47,0
"AL002",2017,9,27,23.26,12,0
"AL002",2017,9,28,24.21,11.35,0
"AL002",2017,9,29,22.31,10.53,0
"AL002",2017,9,30,21.57,10.46,0
"AL002",2017,10,1,17.96,12.51,0
"AL002",2017,10,2,20.72,11.44,0
"AL002",2017,10,3,18.71,11.54,0
"AL002",2017,10,4,21.46,11.73,0
"AL002",2017,10,5,21.97,11.95,0
"AL002",2017,10,6,24.34,10.01,0
"AL002",2017,10,7,22.02,7.14,0
"AL002",2017,10,8,22.16,8.15,0
"AL002",2017,10,9,21.95,7.31,0
"AL002",2017,10,10,22.29,7.96,0
"AL002",2017,10,11,20.25,8.49,0
"AL002",2017,10,12,22.44,9.13,0
"AL002",2017,10,13,22.8,8.76,0
"AL002",2017,10,14,23.4,9.55,0
"AL002",2017,10,15,24.4,9.3,0
"AL002",2017,10,16,24.73,8.71,0
"AL002",2017,10,17,22.81,7.2,0
"AL002",2017,10,18,21.52,7.88,0
"AL002",2017,10,19,20.33,9.75,0
"AL002",2017,10,20,18.61,8.93,0
"AL002",2017,10,21,17.17,11.4,0
"AL002",2017,10,22,19.22,9.58,0
"AL002",2017,10,23,21.32,6.84,0
"AL002",2017,10,24,23.07,5.88,0
"AL002",2017,10,25,20.85,6.18,0
"AL002",2017,10,26,20.49,6.25,0
"AL002",2017,10,27,21.01,8.05,0
"AL002",2017,10,28,19.31,7,0
"AL002",2017,10,29,22.07,6.84,0
"AL002",2017,10,30,20.46,6.65,0
"AL002",2017,10,31,18.19,6.05,0
"AL002",2017,11,1,18.17,4.91,0
"AL002",2017,11,2,14.88,5.86,0
"AL002",2017,11,3,18.08,8.38,0
"AL002",2017,11,4,14.68,9.72,2.6
"AL002",2017,11,5,13.26,7.5,33.4
"AL002",2017,11,6,9.96,6.48,10
"AL002",2017,11,7,10.75,7.35,10.9
"AL002",2017,11,8,10.54,6.71,5
"AL002",2017,11,9,10.8,6.57,4.7
"AL002",2017,11,10,13.16,5.25,0
"AL002",2017,11,11,12.06,4.27,0
"AL002",2017,11,12,10.87,5.81,4.3
"AL002",2017,11,13,10.44,4.92,0
"AL002",2017,11,14,11.97,4.35,0
"AL002",2017,11,15,11.9,3.81,0
"AL002",2017,11,16,13.12,5.01,0
"AL002",2017,11,17,14.31,3.93,0
"AL002",2017,11,18,13.05,2.96,0
"AL002",2017,11,19,14.14,2.92,0
"AL002",2017,11,20,11.24,2.9,0
"AL002",2017,11,21,12.34,3.8,0
"AL002",2017,11,22,10.62,5.48,0
"AL002",2017,11,23,11.84,5.72,0
"AL002",2017,11,24,10.13,5.18,0
"AL002",2017,11,25,11.43,8.86,15.8
"AL002",2017,11,26,10.24,3.1,0
"AL002",2017,11,27,9.49,-1.03,0
"AL002",2017,11,28,5.99,0.23,0
"AL002",2017,11,29,6.07,0.99,0
"AL002",2017,11,30,8.93,-0.46,0
"AL002",2017,12,1,5.28,-1.9,0
"AL002",2017,12,2,5.28,1.13,4.6
"AL002",2017,12,3,6.99,-2.33,0
"AL002",2017,12,4,9.87,-1.87,0
"AL002",2017,12,5,11.12,-0.09,0
"AL002",2017,12,6,9.09,1.17,0
"AL002",2017,12,7,10.68,1.55,0
"AL002",2017,12,8,10.21,2.54,0
"AL002",2017,12,9,6.56,-0.33,0
"AL002",2017,12,10,7.12,-2.22,13.5
"AL002",2017,12,11,10.25,4.03,69.5
"AL002",2017,12,12,9.03,3.24,1.1
"AL002",2017,12,13,8.56,0.7,0
"AL002",2017,12,14,12.15,3.22,0
"AL002",2017,12,15,10.71,1.56,0
"AL002",2017,12,16,8.41,0.11,0
"AL002",2017,12,17,8.76,-0.14,0
"AL002",2017,12,18,5.89,-2.2,0
"AL002",2017,12,19,6.68,-2.74,0
"AL002",2017,12,20,6.34,-2.7,0
"AL002",2017,12,21,8.29,-2.07,0
"AL002",2017,12,22,10.33,0.31,0
"AL002",2017,12,23,13.16,2.17,0
"AL002",2017,12,24,10.77,1.2,0
"AL002",2017,12,25,9.36,2.03,3.2
"AL002",2017,12,26,8.86,3.52,13.1
"AL002",2017,12,27,6.95,3.75,18.1
"AL002",2017,12,28,8.45,2.25,0
"AL002",2017,12,29,6.62,-0.04,0
"AL002",2017,12,30,9.42,0.12,0
"AL002",2017,12,31,7.65,2.94,0
"AL002",2018,1,1,9.3,2.62,14.6
"AL002",2018,1,2,12.34,1.95,0
"AL002",2018,1,3,12.71,2.01,0
"AL002",2018,1,4,14.3,4.15,0
"AL002",2018,1,5,10.49,3.92,0
"AL002",2018,1,6,9.23,5.42,7.5
"AL002",2018,1,7,10.3,6.3,0
"AL002",2018,1,8,12.26,7.27,18.1
"AL002",2018,1,9,10.51,6.13,22.1
"AL002",2018,1,10,10.03,3.94,0
"AL002",2018,1,11,9.39,3.88,1.6
"AL002",2018,1,12,11.04,3.7,0
"AL002",2018,1,13,9.82,0.82,0
"AL002",2018,1,14,7.76,-0.56,0
"AL002",2018,1,15,7.17,0.53,0
"AL002",2018,1,16,10.65,3.67,0
"AL002",2018,1,17,11.26,2.08,0
"AL002",2018,1,18,10.11,0.37,0
"AL002",2018,1,19,13.58,1.44,0
"AL002",2018,1,20,9.88,-0.16,0
"AL002",2018,1,21,15.08,1.58,0
"AL002",2018,1,22,11.31,2.89,0
"AL002",2018,1,23,15.29,2.06,0
"AL002",2018,1,24,11.66,0.99,0
"AL002",2018,1,25,8.88,3.98,0.7
"AL002",2018,1,26,9.07,5.54,15.3
"AL002",2018,1,27,10.71,4.71,5.1
"AL002",2018,1,28,12.91,3,0
"AL002",2018,1,29,9.73,3.11,0
"AL002",2018,1,30,8.52,3,0
"AL002",2018,1,31,8.25,5.16,3.5
"AL002",2018,2,1,9.31,5.55,9.8
"AL002",2018,2,2,9.07,2.89,0
"AL002",2018,2,3,8.51,1.63,0
"AL002",2018,2,4,7.5,-1.12,0
"AL002",2018,2,5,5.34,3.24,1.4
"AL002",2018,2,6,5.62,3.35,3.6
"AL002",2018,2,7,9.44,2.79,0
"AL002",2018,2,8,10.38,0.79,0
"AL002",2018,2,9,9.6,1.58,0
"AL002",2018,2,10,10.42,0.89,0
"AL002",2018,2,11,10.17,0.27,0
"AL002",2018,2,12,9.07,1.47,0
"AL002",2018,2,13,8.54,-0.74,0
"AL002",2018,2,14,8.15,-1.24,0
"AL002",2018,2,15,6.46,-0.99,0
"AL002",2018,2,16,9.18,1.68,0
"AL002",2018,2,17,7.72,4.48,5.3
"AL002",2018,2,18,8.78,2.59,0
"AL002",2018,2,19,7.87,1.95,0
"AL002",2018,2,20,8.44,0.25,0
"AL002",2018,2,21,8.04,2.08,0
"AL002",2018,2,22,5.52,2.11,2.8
"AL002",2018,2,23,5.18,2.86,2
"AL002",2018,2,24,9.89,3.77,4.6
"AL002",2018,2,25,4.91,-2.14,1.8
"AL002",2018,2,26,0.65,-4.5,0
"AL002",2018,2,27,0.49,-6.89,0
"AL002",2018,2,28,0.83,-6.6,0
"AL002",2018,3,1,-1.79,-3.62,0
"AL002",2018,3,2,2.71,-1.44,4.9
"AL002",2018,3,3,5.45,-0.43,7
"AL002",2018,3,4,6.79,-1.39,8.9
"AL002",2018,3,5,8.12,2.95,6.4
"AL002",2018,3,6,10.38,3.73,3.3
"AL002",2018,3,7,12.67,2.55,0
"AL002",2018,3,8,14.27,1.45,0
"AL002",2018,3,9,12.76,4.29,0
"AL002",2018,3,10,10.68,7.73,14.1
"AL002",2018,3,11,9.86,8.57,45.2
"AL002",2018,3,12,14.12,7.18,6.2
"AL002",2018,3,13,16.06,5.28,0
"AL002",2018,3,14,15.35,4.25,0
"AL002",2018,3,15,9.58,6.2,27
"AL002",2018,3,16,14.26,3.65,0
"AL002",2018,3,17,11.01,5.33,14.5
"AL002",2018,3,18,7.99,4.11,15.7
"AL002",2018,3,19,8.24,2.68,6.1
"AL002",2018,3,20,10.23,2.19,0
"AL002",2018,3,21,7.17,1.57,0
"AL002",2018,3,22,11.71,0.69,0
"AL002",2018,3,23,14.63,1.58,0
"AL002",2018,3,24,10.47,1.63,0
"AL002",2018,3,25,12.79,4.08,0
"AL002",2018,3,26,15.98,2.55,0
"AL002",2018,3,27,16.58,5.83,0
"AL002",2018,3,28,14.02,5.76,0
"AL002",2018,3,29,14.59,9.21,0
"AL002",2018,3,30,14.95,7.19,7.7
"AL002",2018,3,31,13.18,6.34,4.4
"AL002",2018,4,1,17.2,5.4,0
"AL002",2018,4,2,14.34,3.85,0
"AL002",2018,4,3,13.8,7.01,10.5
"AL002",2018,4,4,11.73,8.25,21
"AL002",2018,4,5,17.64,7.46,0
"AL002",2018,4,6,19.43,6.13,0
"AL002",2018,4,7,19.88,7.82,0
"AL002",2018,4,8,18.83,9.1,2.9
"AL002",2018,4,9,14.07,9.38,12.6
"AL002",2018,4,10,11.44,6.2,19.5
"AL002",2018,4,11,11.49,5.87,34.9
"AL002",2018,4,12,14.23,6.5,16.4
"AL002",2018,4,13,14.95,6.82,0
"AL002",2018,4,14,19.09,7.32,0
"AL002",2018,4,15,18.08,10.39,0
"AL002",2018,4,16,22.66,10.39,0
"AL002",2018,4,17,23.93,10.7,0
"AL002",2018,4,18,24.6,11.24,0
"AL002",2018,4,19,23.82,11.31,0
"AL002",2018,4,20,26.23,12.42,0
"AL002",2018,4,21,27.79,12.1,0
"AL002",2018,4,22,25.71,11.69,0
"AL002",2018,4,23,24.68,12.96,0
"AL002",2018,4,24,23.66,12.95,0
"AL002",2018,4,25,24.39,11.88,0
"AL002",2018,4,26,23.55,13.19,0
"AL002",2018,4,27,23.23,11.58,0
"AL002",2018,4,28,23.65,11.55,0
"AL002",2018,4,29,23.91,12.63,7.1
"AL002",2018,4,30,17.52,10.85,0
"AL002",2018,5,1,14.91,9.52,8.2
"AL002",2018,5,2,13.89,10.17,16.4
"AL002",2018,5,3,18.63,12.16,4.8
"AL002",2018,5,4,21.2,13.97,4.5
"AL002",2018,5,5,23.08,13.37,2.7
"AL002",2018,5,6,26.8,15.53,0
"AL002",2018,5,7,23.74,14.73,3.8
"AL002",2018,5,8,24.4,13.56,8.8
"AL002",2018,5,9,21.83,13.46,6.3
"AL002",2018,5,10,22.21,12.68,0
"AL002",2018,5,11,22.46,11.8,11
"AL002",2018,5,12,22.41,12.55,0
"AL002",2018,5,13,20.8,10.96,13.1
"AL002",2018,5,14,14.95,7.77,6.9
"AL002",2018,5,15,16.44,7.96,2
"AL002",2018,5,16,20.95,8.99,0
"AL002",2018,5,17,20.81,10.09,0
"AL002",2018,5,18,23.9,9.84,0
"AL002",2018,5,19,23.3,11.21,0
"AL002",2018,5,20,23.16,11.58,6.2
"AL002",2018,5,21,23.29,11.44,7.6
"AL002",2018,5,22,17.99,14.3,10.5
"AL002",2018,5,23,23.4,13.08,6.2
"AL002",2018,5,24,24.62,12.78,0
"AL002",2018,5,25,27.7,13.57,0
"AL002",2018,5,26,28.83,15.62,0
"AL002",2018,5,27,28.08,16.26,0
"AL002",2018,5,28,23.88,16.86,10.4
"AL002",2018,5,29,25.82,16.17,0
"AL002",2018,5,30,25.97,16.52,4
"AL002",2018,5,31,24.56,15.45,0
"AL002",2018,6,1,24.77,14.37,0
"AL002",2018,6,2,25.35,14.3,0
"AL002",2018,6,3,26.35,15.49,0
"AL002",2018,6,4,22.45,16.09,10.1
"AL002",2018,6,5,25.21,14.77,0
"AL002",2018,6,6,23.89,15.56,0
"AL002",2018,6,7,25.3,15.97,7.8
"AL002",2018,6,8,22.87,15.55,2.4
"AL002",2018,6,9,25.62,15.1,0
"AL002",2018,6,10,26.35,15.98,0
"AL002",2018,6,11,27.31,17.24,0
"AL002",2018,6,12,26.07,17.41,8.8
"AL002",2018,6,13,23.52,16.22,9.4
"AL002",2018,6,14,27.32,16.51,0
"AL002",2018,6,15,27.64,15.62,0
"AL002",2018,6,16,27.96,16.06,0
"AL002",2018,6,17,29.06,17.32,0
"AL002",2018,6,18,29.17,17.54,0
"AL002",2018,6,19,30.07,18,0
"AL002",2018,6,20,29.72,18.87,0
"AL002",2018,6,21,29.99,18.32,0
"AL002",2018,6,22,28.97,18.39,0
"AL002",2018,6,23,26.81,16.01,0
"AL002",2018,6,24,24.53,14.05,0
"AL002",2018,6,25,26.1,14.01,0
"AL002",2018,6,26,26.71,14.93,0
"AL002",2018,6,27,27.91,15.37,0
"AL002",2018,6,28,27.61,15.72,0
"AL002",2018,6,29,29.36,16.54,0
"AL002",2018,6,30,30.66,17.83,0
"AL002",2018,7,1,30.65,17.9,0
"AL002",2018,7,2,29.62,18.83,0
"AL002",2018,7,3,29.31,18.75,0
"AL002",2018,7,4,29.55,16.97,4.2
"AL002",2018,7,5,28.68,18.56,0
"AL002",2018,7,6,30.52,17.76,0
"AL002",2018,7,7,30.15,17.71,0
"AL002",2018,7,8,30.73,18.56,0
"AL002",2018,7,9,29.73,19.08,0
"AL002",2018,7,10,28.79,19.84,0
"AL002",2018,7,11,26.48,19.45,12.3
"AL002",2018,7,12,27.13,18.38,0
"AL002",2018,7,13,29.62,17.44,0
"AL002",2018,7,14,30.82,18.31,5.5
"AL002",2018,7,15,30.19,18.5,0
"AL002",2018,7,16,26.71,17.13,12.9
"AL002",2018,7,17,30.99,16.43,0
"AL002",2018,7,18,30.74,18.13,0
"AL002",2018,7,19,30.68,18.31,0
"AL002",2018,7,20,29.64,18.65,0
"AL002",2018,7,21,27.01,18.62,2.4
"AL002",2018,7,22,28.45,17.45,0
"AL002",2018,7,23,31.09,17.49,0
"AL002",2018,7,24,30.32,17.98,0
"AL002",2018,7,25,30.99,19.15,0
"AL002",2018,7,26,31.07,19.18,0
"AL002",2018,7,27,30.74,18.72,0
"AL002",2018,7,28,29.17,19.68,0
"AL002",2018,7,29,30.59,19.91,0
"AL002",2018,7,30,32.65,19.82,0
"AL002",2018,7,31,33.53,21.56,0
"AL002",2018,8,1,33.8,22.42,0
"AL002",2018,8,2,33.31,20.7,0
"AL002",2018,8,3,33,21.76,0
"AL002",2018,8,4,33.9,22.45,0
"AL002",2018,8,5,34.05,22.63,0
"AL002",2018,8,6,33.19,21.21,0
"AL002",2018,8,7,32.03,20.71,0
"AL002",2018,8,8,31.42,20.52,0
"AL002",2018,8,9,30.88,19.6,0
"AL002",2018,8,10,29.5,18.83,0
"AL002",2018,8,11,30.94,18.43,0
"AL002",2018,8,12,29.6,18.62,0
"AL002",2018,8,13,25.87,18.91,16.7
"AL002",2018,8,14,27.75,17.83,0
"AL002",2018,8,15,29.76,18.24,0
"AL002",2018,8,16,30.26,18.76,0
"AL002",2018,8,17,30.25,18.32,0
"AL002",2018,8,18,30.87,18.26,0
"AL002",2018,8,19,31.09,19.2,0
"AL002",2018,8,20,32.21,21.41,0
"AL002",2018,8,21,32.7,19.5,0
"AL002",2018,8,22,32.08,19.27,0
"AL002",2018,8,23,30.93,19.31,0
"AL002",2018,8,24,30.39,18.28,0
"AL002",2018,8,25,26.57,17.04,8.2
"AL002",2018,8,26,26.15,13.41,0
"AL002",2018,8,27,27,12.9,0
"AL002",2018,8,28,29.2,13.81,0
"AL002",2018,8,29,28.95,16.21,0
"AL002",2018,8,30,28.8,16.88,0
"AL002",2018,8,31,25.06,16.6,23.7
"AL002",2018,9,1,22.84,14.56,3.3
"AL002",2018,9,2,23.79,14.71,0
"AL002",2018,9,3,23.78,15.04,0
"AL002",2018,9,4,25.67,14.51,0
"AL002",2018,9,5,27.15,15.25,0
"AL002",2018,9,6,26.44,16.27,4
"AL002",2018,9,7,26.38,16.55,0
"AL002",2018,9,8,27.55,15.77,0
"AL002",2018,9,9,27.31,15.9,0
"AL002",2018,9,10,29.05,17.25,0
"AL002",2018,9,11,29.68,16.68,0
"AL002",2018,9,12,29.39,17.93,0
"AL002",2018,9,13,28.83,17.85,0
"AL002",2018,9,14,27.5,17.14,0
"AL002",2018,9,15,27.4,17.9,0
"AL002",2018,9,16,26.76,17.32,0
"AL002",2018,9,17,25.83,16.99,6.8
"AL002",2018,9,18,26.33,17.08,0
"AL002",2018,9,19,28.35,16.64,0
"AL002",2018,9,20,29.29,16.88,0
"AL002",2018,9,21,28.76,17.19,0
"AL002",2018,9,22,27.99,17.76,0
"AL002",2018,9,23,26.83,17.21,0
"AL002",2018,9,24,27.93,15.25,0
"AL002",2018,9,25,21.09,13.45,0
"AL002",2018,9,26,21.13,10.04,0
"AL002",2018,9,27,25.57,8.42,0
"AL002",2018,9,28,27.93,11.23,0
"AL002",2018,9,29,25.74,12.24,0
"AL002",2018,9,30,22.84,12.13,0
"AL002",2018,10,1,19.3,10.6,13.6
"AL002",2018,10,2,21.06,10.11,0
"AL002",2018,10,3,23.66,8.79,0
"AL002",2018,10,4,23.59,11.45,0
"AL002",2018,10,5,21.58,12.17,0
"AL002",2018,10,6,16.78,11.83,0
"AL002",2018,10,7,21.02,10.48,0
"AL002",2018,10,8,24.22,13.22,0
"AL002",2018,10,9,24.47,12.53,0
"AL002",2018,10,10,21.45,13.27,3.3
"AL002",2018,10,11,16.77,14.13,13
"AL002",2018,10,12,23.31,12.63,0
"AL002",2018,10,13,23.51,11.65,0
"AL002",2018,10,14,21.51,10.6,0
"AL002",2018,10,15,20.51,11.37,0
"AL002",2018,10,16,19.85,13.78,0
"AL002",2018,10,17,19.25,15.51,0
"AL002",2018,10,18,22.92,14.29,0
"AL002",2018,10,19,23.9,13.07,0
"AL002",2018,10,20,24.07,11.58,0
"AL002",2018,10,21,22.8,9.77,0
"AL002",2018,10,22,18.51,8.85,0
"AL002",2018,10,23,21.13,8.65,0
"AL002",2018,10,24,28.52,11.47,0
"AL002",2018,10,25,22.4,11.11,0
"AL002",2018,10,26,17.15,12.55,0
"AL002",2018,10,27,17.2,13.1,72.9
"AL002",2018,10,28,17.22,12.64,53.8
"AL002",2018,10,29,16.33,10.45,67.7
"AL002",2018,10,30,13.09,8.77,0
"AL002",2018,10,31,12.87,8.93,18.2
"AL002",2018,11,1,15.12,9.83,18.8
"AL002",2018,11,2,15.64,9.11,11.3
"AL002",2018,11,3,17.07,11.52,2.9
"AL002",2018,11,4,16.62,12.47,3.3
"AL002",2018,11,5,17.08,11.12,5
"AL002",2018,11,6,16.04,12.19,16.6
"AL002",2018,11,7,16.2,10.7,1.3
"AL002",2018,11,8,14.78,11.58,7.4
"AL002",2018,11,9,15,11.13,8
"AL002",2018,11,10,12.96,11.17,6.3
"AL002",2018,11,11,14.38,11.33,0
"AL002",2018,11,12,14.28,12.06,0
"AL002",2018,11,13,16.3,11.78,0
"AL002",2018,11,14,16.35,9.47,0
"AL002",2018,11,15,17.01,8.32,0
"AL002",2018,11,16,14.24,6.56,0
"AL002",2018,11,17,9.53,5.29,0
"AL002",2018,11,18,10.02,2.51,0
"AL002",2018,11,19,7.69,0.76,0
"AL002",2018,11,20,7.46,2.29,0
"AL002",2018,11,21,7.97,2.42,4.7
"AL002",2018,11,22,12.56,5.56,0
"AL002",2018,11,23,10.34,7.27,9.1
"AL002",2018,11,24,12.93,6.03,4
"AL002",2018,11,25,10.26,5.64,3.2
"AL002",2018,11,26,12.5,4.57,0
"AL002",2018,11,27,15.75,6.2,0
"AL002",2018,11,28,14.18,2.6,0
"AL002",2018,11,29,11.26,1.42,0
"AL002",2018,11,30,6.71,1.31,0
"AL002",2018,12,1,9.46,1.28,0
"AL002",2018,12,2,8.87,1.73,0
"AL002",2018,12,3,11.96,4,0
"AL002",2018,12,4,17.04,4.63,0
"AL002",2018,12,5,14.58,3.87,0
"AL002",2018,12,6,11.61,4.41,0
"AL002",2018,12,7,11.75,3.91,0
"AL002",2018,12,8,14.56,4.89,0
"AL002",2018,12,9,15.42,5,0
"AL002",2018,12,10,14.2,5.06,0
"AL002",2018,12,11,11.57,1.28,0
"AL002",2018,12,12,6.91,0.31,0
"AL002",2018,12,13,5.03,0.77,0
"AL002",2018,12,14,6.34,0.09,0
"AL002",2018,12,15,6.3,-2.08,0
"AL002",2018,12,16,4.29,1.06,2.7
"AL002",2018,12,17,7.93,0.13,1.7
"AL002",2018,12,18,6.91,-1.91,0
"AL002",2018,12,19,5.26,0.65,15.5
"AL002",2018,12,20,4.79,0.07,2
"AL002",2018,12,21,6.89,0.11,0
"AL002",2018,12,22,11.27,3.1,0
"AL002",2018,12,23,9.47,3.31,0
"AL002",2018,12,24,16.62,3.81,0
"AL002",2018,12,25,12.07,0.54,0
"AL002",2018,12,26,8.05,1.1,0
"AL002",2018,12,27,9.53,0.32,0
"AL002",2018,12,28,11.26,1.87,0
"AL002",2018,12,29,13.18,2.25,0
"AL002",2018,12,30,15.79,2.42,0
"AL002",2018,12,31,14.53,1.4,0
"AL002",2019,1,1,9.41,1.13,0
"AL002",2019,1,2,13.4,1.05,0
"AL002",2019,1,3,9.11,-0.59,0
"AL002",2019,1,4,8.13,-2.87,0
"AL002",2019,1,5,8.98,-0.77,0
"AL002",2019,1,6,14.62,0.96,0
"AL002",2019,1,7,12.37,0.42,0
"AL002",2019,1,8,8.29,0.47,0
"AL002",2019,1,9,9.85,0.67,0
"AL002",2019,1,10,10.6,-0.34,0
"AL002",2019,1,11,8.67,-2.19,0
"AL002",2019,1,12,11.73,-1.79,0
"AL002",2019,1,13,13.09,0.67,0
"AL002",2019,1,14,15.43,3.75,0
"AL002",2019,1,15,13.43,1.65,0
"AL002",2019,1,16,9.72,2.04,0
"AL002",2019,1,17,8.9,3.95,13.3
"AL002",2019,1,18,9.72,1.76,0
"AL002",2019,1,19,6.91,0.83,0
"AL002",2019,1,20,7.01,-0.18,0
"AL002",2019,1,21,7.92,-0.33,0
"AL002",2019,1,22,7.46,-1.8,0
"AL002",2019,1,23,4.58,-1.8,0
"AL002",2019,1,24,7.55,0.54,0
"AL002",2019,1,25,9.66,-1.22,0
"AL002",2019,1,26,11.59,-1.94,0
"AL002",2019,1,27,7.27,-1.08,0
"AL002",2019,1,28,10.38,0.93,0
"AL002",2019,1,29,10.12,-0.11,0
"AL002",2019,1,30,5.61,-1.02,0
"AL002",2019,1,31,5.84,-2.96,2.9
"AL002",2019,2,1,6.15,0.74,45.4
"AL002",2019,2,2,6.97,1.71,15.3
"AL002",2019,2,3,8.1,2.72,7.1
"AL002",2019,2,4,11.08,2.91,0
"AL002",2019,2,5,12.17,0.4,0
"AL002",2019,2,6,14.25,1.09,0
"AL002",2019,2,7,10.76,-0.41,0
"AL002",2019,2,8,12.99,0.72,0
"AL002",2019,2,9,11.93,1.03,0
"AL002",2019,2,10,10.43,4.62,0
"AL002",2019,2,11,11.57,3.58,0
"AL002",2019,2,12,16.57,2.4,0
"AL002",2019,2,13,13.94,-0.25,0
"AL002",2019,2,14,15.94,0.6,0
"AL002",2019,2,15,17.79,1.52,0
"AL002",2019,2,16,16.83,0.81,0
"AL002",2019,2,17,16.24,1.8,0
"AL002",2019,2,18,14.34,2.23,0
"AL002",2019,2,19,12.56,1.46,0
"AL002",2019,2,20,13.46,0.96,0
"AL002",2019,2,21,15.11,1.79,0
"AL002",2019,2,22,21.17,3.16,0
"AL002",2019,2,23,14.12,4.1,0
"AL002",2019,2,24,13.92,-0.2,0
"AL002",2019,2,25,14.2,-0.57,0
"AL002",2019,2,26,18.13,2.46,0
"AL002",2019,2,27,20.37,4.46,0
"AL002",2019,2,28,19.65,4.83,0
"AL002",2019,3,1,17.07,4.98,0
"AL002",2019,3,2,17.37,4.87,0
"AL002",2019,3,3,17.27,3.34,0
"AL002",2019,3,4,13.43,5.7,0
"AL002",2019,3,5,17.02,5.21,0
"AL002",2019,3,6,13.42,4.22,0
"AL002",2019,3,7,14.62,8.97,6.2
"AL002",2019,3,8,16.13,6.57,0
"AL002",2019,3,9,16.73,5.91,0
"AL002",2019,3,10,16.39,6.56,0
"AL002",2019,3,11,17.2,5.08,0
"AL002",2019,3,12,15.14,1.86,0
"AL002",2019,3,13,14.67,3.24,0
"AL002",2019,3,14,15.72,2.28,0
"AL002",2019,3,15,20.09,6.4,0
"AL002",2019,3,16,20.14,7.45,0
"AL002",2019,3,17,11.73,6.68,0
"AL002",2019,3,18,15.74,5.5,3.7
"AL002",2019,3,19,13.13,3.02,0
"AL002",2019,3,20,13.93,2.85,0
"AL002",2019,3,21,15.69,3.14,0
"AL002",2019,3,22,20.22,4.69,0
"AL002",2019,3,23,23.21,5.7,0
"AL002",2019,3,24,22.51,6.77,0
"AL002",2019,3,25,20.01,7.37,0
"AL002",2019,3,26,14.81,4.88,0
"AL002",2019,3,27,15.7,4.23,0
"AL002",2019,3,28,15.69,3.86,0
"AL002",2019,3,29,17.38,4.41,0
"AL002",2019,3,30,19.13,3.67,0
"AL002",2019,3,31,21.34,4.95,0
"AL002",2019,4,1,22.1,6.05,0
"AL002",2019,4,2,19.91,6.86,0
"AL002",2019,4,3,12.2,7.8,27.8
"AL002",2019,4,4,12.16,5.04,42.6
"AL002",2019,4,5,15.4,3.91,0
"AL002",2019,4,6,15.13,6.99,0
"AL002",2019,4,7,11.5,5.72,4.2
"AL002",2019,4,8,16.78,4.4,0
"AL002",2019,4,9,18.11,5.67,0
"AL002",2019,4,10,17.34,6.88,2.1
"AL002",2019,4,11,14.2,7.71,6.8
"AL002",2019,4,12,17,9.12,1.3
"AL002",2019,4,13,15.85,7.42,0
"AL002",2019,4,14,11.95,6.51,3.1
"AL002",2019,4,15,16.74,5.65,0
"AL002",2019,4,16,17,6.73,0
"AL002",2019,4,17,20.4,6.51,0
"AL002",2019,4,18,20.58,7.39,0
"AL002",2019,4,19,20.48,9.72,0
"AL002",2019,4,20,22.18,9.25,0
"AL002",2019,4,21,21.51,11.79,0
"AL002",2019,4,22,19.88,10.8,9
"AL002",2019,4,23,13.8,11.38,32.6
"AL002",2019,4,24,15.03,11.78,15.9
"AL002",2019,4,25,17.1,9.09,3.8
"AL002",2019,4,26,18.03,10,4.7
"AL002",2019,4,27,20.23,7.41,0
"AL002",2019,4,28,19.72,8.13,0
"AL002",2019,4,29,17.77,6.51,0
"AL002",2019,4,30,20.59,5.79,0
"AL002",2019,5,1,21.67,8.22,0
"AL002",2019,5,2,16.67,7.68,2.3
"AL002",2019,5,3,17.89,10.21,6.6
"AL002",2019,5,4,18.89,9.07,5.6
"AL002",2019,5,5,11.74,6.07,8.1
"AL002",2019,5,6,17.44,4.68,0
"AL002",2019,5,7,16.89,4.45,0
"AL002",2019,5,8,11.93,9.09,13.3
"AL002",2019,5,9,20.37,8.85,2.5
"AL002",2019,5,10,21.62,9.57,0
"AL002",2019,5,11,18.37,9.73,1.6
"AL002",2019,5,12,17.93,9.73,0
"AL002",2019,5,13,20.16,12.03,0
"AL002",2019,5,14,20.69,8.85,0
"AL002",2019,5,15,15.29,6.4,0
"AL002",2019,5,16,19.2,5.59,0
"AL002",2019,5,17,18.07,9.05,7.7
"AL002",2019,5,18,14.64,10.83,7.7
"AL002",2019,5,19,15.71,10.89,3.9
"AL002",2019,5,20,17.32,10.98,2.6
"AL002",2019,5,21,21.92,9.42,0
"AL002",2019,5,22,20.4,10.83,0
"AL002",2019,5,23,23.37,11.15,0
"AL002",2019,5,24,23.49,11.28,0
"AL002",2019,5,25,23.7,12.16,6.9
"AL002",2019,5,26,20.07,12.74,0
"AL002",2019,5,27,17.9,13.96,6.3
"AL002",2019,5,28,21.43,12.17,8.8
"AL002",2019,5,29,20.12,11.67,1.7
"AL002",2019,5,30,23.49,10.88,0
"AL002",2019,5,31,23.24,10.51,0
"AL002",2019,6,1,26.07,13.49,0
"AL002",2019,6,2,27.36,14.79,0
"AL002",2019,6,3,28.14,16.06,0
"AL002",2019,6,4,27.78,16.5,0
"AL002",2019,6,5,28.45,17.2,0
"AL002",2019,6,6,24.67,15.78,0
"AL002",2019,6,7,25.5,13.6,0
"AL002",2019,6,8,27.1,16.95,0
"AL002",2019,6,9,25.83,16.21,2
"AL002",2019,6,10,27.34,18.17,0
"AL002",2019,6,11,25.37,16.56,0
"AL002",2019,6,12,26.64,17.12,0
"AL002",2019,6,13,26.84,13.68,0
"AL002",2019,6,14,28.89,16.73,0
"AL002",2019,6,15,27.74,17.96,0
"AL002",2019,6,16,28.69,17.1,0
"AL002",2019,6,17,29.2,16.85,0
"AL002",2019,6,18,29.77,18.07,0
"AL002",2019,6,19,30.28,18.78,0
"AL002",2019,6,20,29.11,17.95,0
"AL002",2019,6,21,29.28,17.9,0
"AL002",2019,6,22,26.53,19.47,4.5
"AL002",2019,6,23,29.02,15.92,0
"AL002",2019,6,24,31.38,17.34,0
"AL002",2019,6,25,33.01,21.06,0
"AL002",2019,6,26,34.93,22.2,0
"AL002",2019,6,27,35.88,23.72,0
"AL002",2019,6,28,36.08,23.4,0
"AL002",2019,6,29,32.52,23.93,0
"AL002",2019,6,30,33.44,23.14,0
"AL002",2019,7,1,34.42,22.66,0
"AL002",2019,7,2,32.87,21.51,0
"AL002",2019,7,3,31.74,22.74,0
"AL002",2019,7,4,30.76,20.53,0
"AL002",2019,7,5,32.95,21.27,0
"AL002",2019,7,6,32.09,21.65,0
"AL002",2019,7,7,32.41,21.92,0
"AL002",2019,7,8,32.43,21.56,0
"AL002",2019,7,9,30.05,21.64,7.9
"AL002",2019,7,10,29.71,21.41,0
"AL002",2019,7,11,26.64,19.5,0
"AL002",2019,7,12,29.42,19.06,0
"AL002",2019,7,13,30.96,18.99,0
"AL002",2019,7,14,29.72,17.84,11
"AL002",2019,7,15,21.79,17.48,12.7
"AL002",2019,7,16,28.23,17.09,0
"AL002",2019,7,17,29.23,18.45,0
"AL002",2019,7,18,28.42,18.81,0
"AL002",2019,7,19,28.54,19.75,0
"AL002",2019,7,20,29.89,19.93,0
"AL002",2019,7,21,31.18,20.84,0
"AL002",2019,7,22,31.32,21.64,0
"AL002",2019,7,23,32.97,22.45,0
"AL002",2019,7,24,33.78,23.58,0
"AL002",2019,7,25,34.3,22.42,0
"AL002",2019,7,26,33.57,22.36,0
"AL002",2019,7,27,30.02,20.36,20.2
"AL002",2019,7,28,26.59,18.11,9.2
"AL002",2019,7,29,30.03,20.03,0
"AL002",2019,7,30,31.17,19.63,0
"AL002",2019,7,31,30.7,20.82,0
"AL002",2019,8,1,31.07,20.21,0
"AL002",2019,8,2,29.8,20.95,5.3
"AL002",2019,8,3,29.98,18.36,0
"AL002",2019,8,4,31.06,18.71,0
"AL002",2019,8,5,31.18,20.82,0
"AL002",2019,8,6,31.12,21.56,0
"AL002",2019,8,7,28.98,21.13,0
"AL002",2019,8,8,31.03,20.64,0
"AL002",2019,8,9,31.28,21.63,0
"AL002",2019,8,10,32.49,22.59,0
"AL002",2019,8,11,32.65,22.32,0
"AL002",2019,8,12,30.18,22.9,9.2
"AL002",2019,8,13,28.98,19.38,0
"AL002",2019,8,14,28.6,18.47,0
"AL002",2019,8,15,28.85,18.18,0
"AL002",2019,8,16,28.4,18.23,0
"AL002",2019,8,17,29.47,18.6,0
"AL002",2019,8,18,29.81,19.38,0
"AL002",2019,8,19,30.28,21.55,0
"AL002",2019,8,20,29.78,22.17,0
"AL002",2019,8,21,29.65,20.57,0
"AL002",2019,8,22,29.36,21.32,0
"AL002",2019,8,23,27.59,20.69,0
"AL002",2019,8,24,29.14,20.53,0
"AL002",2019,8,25,30.3,19.8,0
"AL002",2019,8,26,30.58,20.2,0
"AL002",2019,8,27,30.63,21.03,0
"AL002",2019,8,28,27.31,22.53,6.5
"AL002",2019,8,29,31.28,20.31,0
"AL002",2019,8,30,32.08,20.61,0
"AL002",2019,8,31,30.43,21.51,0
"AL002",2019,9,1,30.67,19.52,0
"AL002",2019,9,2,29.03,19.68,0
"AL002",2019,9,3,28.55,19.43,0
"AL002",2019,9,4,27.85,17.8,0
"AL002",2019,9,5,27.3,17.72,11.5
"AL002",2019,9,6,22.43,16.99,5.2
"AL002",2019,9,7,24.78,14.55,0
"AL002",2019,9,8,21.61,13.99,12.9
"AL002",2019,9,9,24.39,12.53,0
"AL002",2019,9,10,20.06,13.86,0
"AL002",2019,9,11,26.24,16.13,0
"AL002",2019,9,12,28.04,15.15,0
"AL002",2019,9,13,28.86,17.13,0
"AL002",2019,9,14,28.75,17.22,0
"AL002",2019,9,15,28.38,18.1,0
"AL002",2019,9,16,29.03,17.85,0
"AL002",2019,9,17,28.71,17.57,0
"AL002",2019,9,18,26.4,19.03,5.5
"AL002",2019,9,19,22.94,16.94,0
"AL002",2019,9,20,23.01,16.44,0
"AL002",2019,9,21,22.69,13.51,0
"AL002",2019,9,22,19.4,15.69,10.9
"AL002",2019,9,23,22.33,15.84,4.2
"AL002",2019,9,24,23.68,12.54,0
"AL002",2019,9,25,24.87,15.16,0
"AL002",2019,9,26,24.08,15.37,0
"AL002",2019,9,27,25.03,15.56,0
"AL002",2019,9,28,26.2,16.24,0
"AL002",2019,9,29,25.5,13.84,0
"AL002",2019,9,30,26.35,15.62,0
"AL002",2019,10,1,24.69,14.19,5.6
"AL002",2019,10,2,24.13,15.49,0
"AL002",2019,10,3,22.13,11.98,0
"AL002",2019,10,4,19.85,9.55,0
"AL002",2019,10,5,21.93,10.8,0
"AL002",2019,10,6,21.71,10.77,6.2
"AL002",2019,10,7,20.52,13.08,8.5
"AL002",2019,10,8,20.69,9.68,0
"AL002",2019,10,9,18.84,11.91,7.1
"AL002",2019,10,10,20.42,12.03,0
"AL002",2019,10,11,21.19,10.12,0
"AL002",2019,10,12,20.83,10.7,0
"AL002",2019,10,13,22.36,12.03,0
"AL002",2019,10,14,22.16,13.43,4.5
"AL002",2019,10,15,19.81,15.32,42.9
"AL002",2019,10,16,20.7,10.37,0
"AL002",2019,10,17,20.15,11.34,0
"AL002",2019,10,18,18.89,13.58,4.8
"AL002",2019,10,19,19,15.16,10.8
"AL002",2019,10,20,19.88,15.94,14.3
"AL002",2019,10,21,19.29,16.62,28.3
"AL002",2019,10,22,21.79,17.19,0
"AL002",2019,10,23,20.76,15.32,8.1
"AL002",2019,10,24,16,15.77,36.6
"AL002",2019,10,25,20.84,13.34,0
"AL002",2019,10,26,22.38,12.33,0
"AL002",2019,10,27,22.19,12.58,0
"AL002",2019,10,28,19.57,12.61,0
"AL002",2019,10,29,18.62,14.53,0
"AL002",2019,10,30,17.31,13,0
"AL002",2019,10,31,14.03,13.12,0
"AL002",2019,11,1,15.52,10.77,1.9
"AL002",2019,11,2,13.97,11.91,14.1
"AL002",2019,11,3,14.77,11.04,34.8
"AL002",2019,11,4,17.74,9.01,3.7
"AL002",2019,11,5,16.84,11.08,13.6
"AL002",2019,11,6,14.81,7.73,4.3
"AL002",2019,11,7,12.09,6.36,18
"AL002",2019,11,8,12.57,8.52,9.1
"AL002",2019,11,9,13.99,5.1,0
"AL002",2019,11,10,12.69,3.81,0
"AL002",2019,11,11,10.53,6.94,10
"AL002",2019,11,12,12.31,6.52,2.8
"AL002",2019,11,13,14.05,4.13,0
"AL002",2019,11,14,10.44,2.05,21.1
"AL002",2019,11,15,9.64,5.27,15.6
"AL002",2019,11,16,10.78,4.77,7.5
"AL002",2019,11,17,10.2,6.69,16.7
"AL002",2019,11,18,8.79,3.83,15.8
"AL002",2019,11,19,10.84,7.05,17.3
"AL002",2019,11,20,11.8,8.51,3
"AL002",2019,11,21,11.78,7.89,5
"AL002",2019,11,22,11.91,8.72,15.1
"AL002",2019,11,23,11.6,9.48,72
"AL002",2019,11,24,12.74,10.94,13
"AL002",2019,11,25,17.2,11.17,0
"AL002",2019,11,26,14.62,7.14,0
"AL002",2019,11,27,12.49,7.98,31.9
"AL002",2019,11,28,13.46,8.15,0
"AL002",2019,11,29,13.38,6.89,0
"AL002",2019,11,30,11.62,5.25,0
"AL002",2019,12,1,9.87,6.96,30.2
"AL002",2019,12,2,12.11,7.25,6.5
"AL002",2019,12,3,11.45,4.65,0
"AL002",2019,12,4,10.15,2.98,0
"AL002",2019,12,5,11.29,2.9,0
"AL002",2019,12,6,10.28,2.1,0
"AL002",2019,12,7,11.77,3.27,0
"AL002",2019,12,8,12.07,2.05,0
"AL002",2019,12,9,12.04,5.53,0
"AL002",2019,12,10,12.71,3.63,0
"AL002",2019,12,11,7.75,0.35,0
"AL002",2019,12,12,6.6,0.87,3.1
"AL002",2019,12,13,7.28,1.55,7.4
"AL002",2019,12,14,12.77,2.67,0
"AL002",2019,12,15,11.88,3.6,0
"AL002",2019,12,16,11.09,7.44,1.5
"AL002",2019,12,17,11.7,8.49,11.9
"AL002",2019,12,18,12.4,8.69,1.7
"AL002",2019,12,19,12.2,9.83,6.3
"AL002",2019,12,20,11.91,9.09,54.1
"AL002",2019,12,21,12.72,7.99,17.5
"AL002",2019,12,22,12.71,6.66,15.4
"AL002",2019,12,23,14.24,5.69,0
"AL002",2019,12,24,13.67,3.98,0
"AL002",2019,12,25,14.71,3.61,0
"AL002",2019,12,26,12.4,2.89,0
"AL002",2019,12,27,12.05,2.98,0
"AL002",2019,12,28,11.58,2.7,0
"AL002",2019,12,29,7.13,0.74,0
"AL002",2019,12,30,8.3,-0.49,0
"AL002",2019,12,31,9.09,-1.39,0
"AL002",2020,1,1,12.53,0.4,0
"AL002",2020,1,2,10.16,0.51,0
"AL002",2020,1,3,9.41,3,0
"AL002",2020,1,4,14.01,1.67,0
"AL002",2020,1,5,14.64,1.68,0
"AL002",2020,1,6,10.55,-0.06,0
"AL002",2020,1,7,9.36,-1.06,0
"AL002",2020,1,8,11.71,-0.25,0
"AL002",2020,1,9,11.22,0.45,0
"AL002",2020,1,10,10.37,2.59,0
"AL002",2020,1,11,14,1.7,0
"AL002",2020,1,12,11.69,0.22,0
"AL002",2020,1,13,8.52,-0.83,0
"AL002",2020,1,14,7.91,1.98,2.1
"AL002",2020,1,15,8.06,3.97,2.1
"AL002",2020,1,16,8.89,1.29,0
"AL002",2020,1,17,9.83,1.69,26.9
"AL002",2020,1,18,9.29,2.73,6.8
"AL002",2020,1,19,8.48,0.93,0
"AL002",2020,1,20,7.9,2.51,0
"AL002",2020,1,21,8.01,1.14,0
"AL002",2020,1,22,12.46,1.29,0
"AL002",2020,1,23,13.03,0.67,0
"AL002",2020,1,24,10.56,0.98,0.6
"AL002",2020,1,25,7.13,2.75,3.4
"AL002",2020,1,26,10.69,2.57,0
"AL002",2020,1,27,9.85,2.75,0
"AL002",2020,1,28,13.55,4.39,0
"AL002",2020,1,29,15.74,3.64,0
"AL002",2020,1,30,12.08,2.15,0
"AL002",2020,1,31,14.93,3.02,0
"AL002",2020,2,1,12.07,6.2,0
"AL002",2020,2,2,12.93,4.99,0
"AL002",2020,2,3,16.81,8.16,0
"AL002",2020,2,4,16.24,6.18,0
"AL002",2020,2,5,14.68,3.54,0
"AL002",2020,2,6,11.9,0.02,0
"AL002",2020,2,7,13.73,-0.4,0
"AL002",2020,2,8,11.75,-0.36,0
"AL002",2020,2,9,11.38,-0.22,0
"AL002",2020,2,10,14.44,6.52,0
"AL002",2020,2,11,18.69,6.78,0
"AL002",2020,2,12,15.98,3.37,0
"AL002",2020,2,13,12.97,1.23,0
"AL002",2020,2,14,15.58,3.92,0
"AL002",2020,2,15,14.46,1.49,0
"AL002",2020,2,16,14.11,1.73,0
"AL002",2020,2,17,12.72,6.74,0
"AL002",2020,2,18,15.86,5.79,0
"AL002",2020,2,19,14.33,3.15,0
"AL002",2020,2,20,15.31,1.85,0
"AL002",2020,2,21,15.14,0.98,0
"AL002",2020,2,22,15.9,1.52,0
"AL002",2020,2,23,16.28,3.44,0
"AL002",2020,2,24,18.44,7.19,0
"AL002",2020,2,25,15.53,5.86,0
"AL002",2020,2,26,13.4,4.97,0
"AL002",2020,2,27,11.76,1.2,0
"AL002",2020,2,28,15.35,3.75,0
"AL002",2020,2,29,11.17,3.69,2.4
"AL002",2020,3,1,10.83,6.9,7.8
"AL002",2020,3,2,8.88,3.8,34.4
"AL002",2020,3,3,11.85,5.17,0
"AL002",2020,3,4,13.55,2.63,0
"AL002",2020,3,5,9.2,3.94,16.6
"AL002",2020,3,6,12.13,4.3,0
"AL002",2020,3,7,15.51,3.73,0
"AL002",2020,3,8,14.61,1.58,0
"AL002",2020,3,9,11.54,4.26,4
"AL002",2020,3,10,15.19,3.84,0
"AL002",2020,3,11,18.72,4.59,0
"AL002",2020,3,12,15.49,6.6,0
"AL002",2020,3,13,17.15,10.11,0
"AL002",2020,3,14,13.81,8.33,0
"AL002",2020,3,15,13.92,4.96,0
"AL002",2020,3,16,15.76,4.77,0
"AL002",2020,3,17,17.37,4.38,0
"AL002",2020,3,18,17.85,4.89,0
"AL002",2020,3,19,19.17,6.07,0
"AL002",2020,3,20,16.74,6.82,0
"AL002",2020,3,21,17.88,6.43,0
"AL002",2020,3,22,14.37,8.23,0
"AL002",2020,3,23,10.05,5.24,0
"AL002",2020,3,24,10.29,2.42,0
"AL002",2020,3,25,7.96,0.53,0
"AL002",2020,3,26,7.53,0.69,0
"AL002",2020,3,27,12.17,5.68,0
"AL002",2020,3,28,17.28,6.47,0
"AL002",2020,3,29,17.89,7.38,0
"AL002",2020,3,30,14.17,7.6,2.6
"AL002",2020,3,31,10.65,5.04,0
"AL002",2020,4,1,10.47,3.21,0
"AL002",2020,4,2,13.47,1.57,0
"AL002",2020,4,3,16.36,3.07,0
"AL002",2020,4,4,18.03,5.4,0
"AL002",2020,4,5,18.03,5.94,0
"AL002",2020,4,6,19.47,5.64,0
"AL002",2020,4,7,21.36,7.58,0
"AL002",2020,4,8,20.59,7.03,0
"AL002",2020,4,9,21.62,7.8,0
"AL002",2020,4,10,21.88,7.49,0
"AL002",2020,4,11,23.64,7.19,0
"AL002",2020,4,12,22.36,7.86,0
"AL002",2020,4,13,21.37,9.39,0
"AL002",2020,4,14,22.05,10.01,0
"AL002",2020,4,15,18.42,8.26,0
"AL002",2020,4,16,19.97,6.39,0
"AL002",2020,4,17,21.38,7.72,0
"AL002",2020,4,18,21.62,9.68,0
"AL002",2020,4,19,20.09,10.87,4.5
"AL002",2020,4,20,15.13,13.94,5.8
"AL002",2020,4,21,13.89,10.77,2.5
"AL002",2020,4,22,17.66,9.09,0
"AL002",2020,4,23,20.69,8.44,0
"AL002",2020,4,24,22.2,8.8,0
"AL002",2020,4,25,21.67,11.31,0
"AL002",2020,4,26,21.28,11.8,0
"AL002",2020,4,27,20.6,13.04,0
"AL002",2020,4,28,18,13.17,10
"AL002",2020,4,29,20.87,10.38,0
"AL002",2020,4,30,17.88,10.12,3.2
"AL002",2020,5,1,18.64,9.99,0
"AL002",2020,5,2,24.91,11.02,0
"AL002",2020,5,3,24.68,12.33,0
"AL002",2020,5,4,23.45,11.07,0
"AL002",2020,5,5,20.71,11.69,0
"AL002",2020,5,6,23.5,11.3,0
"AL002",2020,5,7,24.73,10.76,0
"AL002",2020,5,8,23.91,12.11,0
"AL002",2020,5,9,24.47,11.26,0
"AL002",2020,5,10,23.1,13.91,15.8
"AL002",2020,5,11,15.5,12.79,21.7
"AL002",2020,5,12,20.37,11.71,0
"AL002",2020,5,13,19.26,12.61,0
"AL002",2020,5,14,24.05,12.13,8.6
"AL002",2020,5,15,19.63,12.44,21.5
"AL002",2020,5,16,21.94,12.03,11.9
"AL002",2020,5,17,23.58,14.37,0
"AL002",2020,5,18,26.3,14.5,0
"AL002",2020,5,19,23.43,15.34,4.7
"AL002",2020,5,20,27.73,14.44,0
"AL002",2020,5,21,26.89,14.46,0
"AL002",2020,5,22,25.87,13.91,0
"AL002",2020,5,23,23.92,15.88,0
"AL002",2020,5,24,25.92,13.15,0
"AL002",2020,5,25,26.13,13.19,0
"AL002",2020,5,26,25.93,13.11,0
"AL002",2020,5,27,23.98,13.79,0
"AL002",2020,5,28,24.68,11.89,0
"AL002",2020,5,29,20.66,12.79,0
"AL002",2020,5,30,22.99,12.09,0
"AL002",2020,5,31,22.99,12.52,0
"AL002",2020,6,1,25.33,12.46,0
"AL002",2020,6,2,26.98,14.58,0
"AL002",2020,6,3,24.21,13.2,0
"AL002",2020,6,4,18.01,14.99,34.2
"AL002",2020,6,5,24.58,13.35,0
"AL002",2020,6,6,24.73,13.16,2.5
"AL002",2020,6,7,20.3,15.14,14
"AL002",2020,6,8,22.99,13.69,4.3
"AL002",2020,6,9,22.61,12.8,3.7
"AL002",2020,6,10,20.96,12.05,7.5
"AL002",2020,6,11,18.78,12.63,2.3
"AL002",2020,6,12,22.29,12.75,0
"AL002",2020,6,13,23.24,13.36,17.3
"AL002",2020,6,14,25.51,13.38,3.6
"AL002",2020,6,15,26.63,15.48,0
"AL002",2020,6,16,25.61,15.54,6.3
"AL002",2020,6,17,23.32,15.99,4.9
"AL002",2020,6,18,22.84,13.93,0
"AL002",2020,6,19,24.54,13.1,0
"AL002",2020,6,20,26.94,12.87,0
"AL002",2020,6,21,29.74,15.45,0
"AL002",2020,6,22,31.43,16.26,0
"AL002",2020,6,23,30.72,17.72,0
"AL002",2020,6,24,29.96,17.18,0
"AL002",2020,6,25,28.27,17.05,0
"AL002",2020,6,26,28.66,17.63,0
"AL002",2020,6,27,28.85,16.65,0
"AL002",2020,6,28,30.67,17.92,0
"AL002",2020,6,29,30.7,19.2,0
"AL002",2020,6,30,28.65,18.19,0
"AL002",2020,7,1,27.78,18.34,2.8
"AL002",2020,7,2,29.6,18.07,0
"AL002",2020,7,3,28.93,16.82,15.5
"AL002",2020,7,4,29.52,16.87,0
"AL002",2020,7,5,30.35,17.5,0
"AL002",2020,7,6,31.89,18.92,0
"AL002",2020,7,7,27.79,17.11,0
"AL002",2020,7,8,28.12,15.74,0
"AL002",2020,7,9,29.9,15.97,0
"AL002",2020,7,10,29.62,17.66,0
"AL002",2020,7,11,28.99,19.33,0
"AL002",2020,7,12,27.87,17.83,0
"AL002",2020,7,13,26.86,17.93,0
"AL002",2020,7,14,26.26,16.05,0
"AL002",2020,7,15,25.95,16.02,6.8
"AL002",2020,7,16,27.78,15.4,0
"AL002",2020,7,17,27.86,17.59,0
"AL002",2020,7,18,27.03,17.78,0
"AL002",2020,7,19,27.61,15.95,0
"AL002",2020,7,20,29.17,17.2,0
"AL002",2020,7,21,29.34,17.73,0
"AL002",2020,7,22,31.17,18.73,0
"AL002",2020,7,23,30.37,18.44,0
"AL002",2020,7,24,25.81,17.21,5.4
"AL002",2020,7,25,29.73,15.7,0
"AL002",2020,7,26,29.99,17.54,0
"AL002",2020,7,27,30.13,17.97,0
"AL002",2020,7,28,31.32,19.63,0
"AL002",2020,7,29,32.25,20.07,0
"AL002",2020,7,30,32.41,21.04,0
"AL002",2020,7,31,33.86,21.28,0
"AL002",2020,8,1,35.72,21.13,0
"AL002",2020,8,2,32.32,19.85,5.1
"AL002",2020,8,3,26.08,18.19,24.7
"AL002",2020,8,4,27.82,16.69,0
"AL002",2020,8,5,29.2,15.3,0
"AL002",2020,8,6,30.56,16.42,0
"AL002",2020,8,7,32.26,18.31,0
"AL002",2020,8,8,33.34,19.82,0
"AL002",2020,8,9,33.42,18.95,0
"AL002",2020,8,10,32.78,20.21,0
"AL002",2020,8,11,32.26,19.9,0
"AL002",2020,8,12,32.21,19.79,0
"AL002",2020,8,13,29.95,19.79,0
"AL002",2020,8,14,31.04,19.07,0
"AL002",2020,8,15,30.23,18.54,0
"AL002",2020,8,16,30.14,18.46,0
"AL002",2020,8,17,28.12,17.49,0
"AL002",2020,8,18,29.44,18.38,0
"AL002",2020,8,19,29.28,17.91,0
"AL002",2020,8,20,29.84,18.37,0
"AL002",2020,8,21,31.49,19.38,0
"AL002",2020,8,22,32.04,20.32,0
"AL002",2020,8,23,30.69,19.16,0
"AL002",2020,8,24,30.16,18.29,0
"AL002",2020,8,25,29.22,16.08,0
"AL002",2020,8,26,30.3,17.56,0
"AL002",2020,8,27,30.65,18.84,0
"AL002",2020,8,28,28.48,18.9,0
"AL002",2020,8,29,24.82,18.58,34
"AL002",2020,8,30,25.22,16.4,6.6
"AL002",2020,8,31,24.83,13.75,0
"AL002",2020,9,1,25.89,12.34,0
"AL002",2020,9,2,24.37,13.58,0
"AL002",2020,9,3,26.49,14.02,0
"AL002",2020,9,4,27.81,14.1,0
"AL002",2020,9,5,28.63,15.31,0
"AL002",2020,9,6,26.74,15.78,0
"AL002",2020,9,7,24.83,16.95,2.5
"AL002",2020,9,8,27.28,16.04,0
"AL002",2020,9,9,28.39,15.13,0
"AL002",2020,9,10,27.05,17.32,0
"AL002",2020,9,11,27.52,18.47,0
"AL002",2020,9,12,30.05,17.77,0
"AL002",2020,9,13,30.35,18.08,0
"AL002",2020,9,14,29.74,17.75,0
"AL002",2020,9,15,29.04,17.37,0
"AL002",2020,9,16,29.64,16.58,0
"AL002",2020,9,17,30.58,17.03,0
"AL002",2020,9,18,28.99,16.85,0
"AL002",2020,9,19,26.97,17.5,0
"AL002",2020,9,20,24.13,16.49,1.5
"AL002",2020,9,21,23.16,15.49,5.9
"AL002",2020,9,22,21.38,15.44,6.6
"AL002",2020,9,23,23.34,14.91,0
"AL002",2020,9,24,23.82,15.59,18.9
"AL002",2020,9,25,20.67,11.32,6.8
"AL002",2020,9,26,20.34,9.11,0
"AL002",2020,9,27,20.03,6.04,0
"AL002",2020,9,28,20.37,8.08,0
"AL002",2020,9,29,21.04,10.49,0
"AL002",2020,9,30,22.03,11.65,0
"AL002",2020,10,1,20.24,13.12,14.5
"AL002",2020,10,2,18.61,14.29,100.5
"AL002",2020,10,3,19.63,11.8,24.6
"AL002",2020,10,4,17.5,11.79,5.9
"AL002",2020,10,5,18.32,10.33,0
"AL002",2020,10,6,17.69,9.05,0
"AL002",2020,10,7,22.01,11.24,0
"AL002",2020,10,8,21.96,9.19,0
"AL002",2020,10,9,19.38,9.22,0
"AL002",2020,10,10,20.97,10.6,6.2
"AL002",2020,10,11,15.24,9.52,14.4
"AL002",2020,10,12,17.48,6.72,0
"AL002",2020,10,13,17.74,4.84,0
"AL002",2020,10,14,16.05,7.35,8.4
"AL002",2020,10,15,13.1,8.92,7.6
"AL002",2020,10,16,16.17,7.7,0
"AL002",2020,10,17,17.84,5.73,0
"AL002",2020,10,18,16.92,5.58,0
"AL002",2020,10,19,16.82,6.41,0
"AL002",2020,10,20,14,7.19,0
"AL002",2020,10,21,17.36,8.56,0
"AL002",2020,10,22,16.54,11.08,0
"AL002",2020,10,23,15.05,13.51,3.8
"AL002",2020,10,24,18.57,10.64,0
"AL002",2020,10,25,16.2,9.1,7.4
"AL002",2020,10,26,15,11.42,34.7
"AL002",2020,10,27,16.38,6.71,0
"AL002",2020,10,28,17.04,6.08,0
"AL002",2020,10,29,17.6,9.25,0
"AL002",2020,10,30,18.72,8.64,0
"AL002",2020,10,31,16.76,7.25,0
"AL002",2020,11,1,15.44,7.67,0
"AL002",2020,11,2,15.96,9.26,0
"AL002",2020,11,3,15.82,12.05,0
"AL002",2020,11,4,16.34,13.02,0
"AL002",2020,11,5,18.22,10.1,0
"AL002",2020,11,6,17.49,8.91,0
"AL002",2020,11,7,17.04,8.26,0
"AL002",2020,11,8,16.34,8.81,0
"AL002",2020,11,9,18.59,8.93,0
"AL002",2020,11,10,16.49,7.97,0
"AL002",2020,11,11,13.58,7.22,0
"AL002",2020,11,12,14.35,9.44,0
"AL002",2020,11,13,14.65,7.78,0
"AL002",2020,11,14,14.74,8.07,0
"AL002",2020,11,15,14.47,8.55,2.3
"AL002",2020,11,16,15.51,9.76,2.8
"AL002",2020,11,17,15.11,5.11,0
"AL002",2020,11,18,13.99,4.09,0
"AL002",2020,11,19,14.16,4.66,0
"AL002",2020,11,20,14.06,6.09,4.9
"AL002",2020,11,21,11.58,2.44,0
"AL002",2020,11,22,10.72,0.39,0
"AL002",2020,11,23,10.43,1,0
"AL002",2020,11,24,11.77,2.36,0
"AL002",2020,11,25,11.83,1.43,0
"AL002",2020,11,26,11.27,2.9,0
"AL002",2020,11,27,8.91,3.12,2.7
"AL002",2020,11,28,10.29,4.96,0
"AL002",2020,11,29,10.96,5.4,0
"AL002",2020,11,30,8.67,2.17,0
"AL002",2020,12,1,7.56,3.18,3.6
"AL002",2020,12,2,5,2.41,2.3
"AL002",2020,12,3,6.45,0.67,5.6
"AL002",2020,12,4,7.18,2.53,26
"AL002",2020,12,5,5.56,2.99,17
"AL002",2020,12,6,6.59,1.69,4.3
"AL002",2020,12,7,7.36,1.81,5.3
"AL002",2020,12,8,7.01,3.87,2.6
"AL002",2020,12,9,7.72,4.41,7.7
"AL002",2020,12,10,8.7,2.98,0
"AL002",2020,12,11,6.02,0.51,5.4
"AL002",2020,12,12,7.61,3.6,6.4
"AL002",2020,12,13,8.74,1.74,0
"AL002",2020,12,14,9.14,1.43,0
"AL002",2020,12,15,8.81,4.48,0
"AL002",2020,12,16,10.63,6.72,0
"AL002",2020,12,17,10.34,7.15,0
"AL002",2020,12,18,9.48,6.52,0
"AL002",2020,12,19,9.92,5.7,8.3
"AL002",2020,12,20,8.9,7.83,8.8
"AL002",2020,12,21,9.35,6.08,0
"AL002",2020,12,22,11.27,6.93,0
"AL002",2020,12,23,11.94,7.55,0
"AL002",2020,12,24,11.83,7.87,0
"AL002",2020,12,25,8.63,3.6,16.3
"AL002",2020,12,26,8.84,2.04,3.9
"AL002",2020,12,27,6.08,-0.94,6.7
"AL002",2020,12,28,4.39,1.7,16.2
"AL002",2020,12,29,5.81,-0.06,0
"AL002",2020,12,30,5.71,-0.53,3.5
"AL002",2020,12,31,5.81,-2.06,3.8
"AL002",2021,1,1,5.38,2.24,4.9
"AL002",2021,1,2,6.55,2.38,15.3
"AL002",2021,1,3,7.69,2.62,9.3
"AL002",2021,1,4,4.73,2.55,6.7
"AL002",2021,1,5,5.27,1.88,3.4
"AL002",2021,1,6,6.12,-0.33,4.8
"AL002",2021,1,7,4.84,-1.12,0
"AL002",2021,1,8,4.66,-2.31,0
"AL002",2021,1,9,4.21,-1.43,0
"AL002",2021,1,10,3.55,-0.46,0
"AL002",2021,1,11,5.4,-2.35,0
"AL002",2021,1,12,7.85,-3.13,0
"AL002",2021,1,13,12.85,1.53,0
"AL002",2021,1,14,13.2,1.84,0
"AL002",2021,1,15,8.65,2.18,0
"AL002",2021,1,16,7.2,-1.17,0
"AL002",2021,1,17,8.46,0.26,0
"AL002",2021,1,18,8.24,-1.16,0
"AL002",2021,1,19,5.94,-1.45,0
"AL002",2021,1,20,7.1,1.89,6.9
"AL002",2021,1,21,7.9,3.73,13.8
"AL002",2021,1,22,9.17,3.57,48.1
"AL002",2021,1,23,10.51,2.75,2.1
"AL002",2021,1,24,10.98,1.47,0
"AL002",2021,1,25,8.89,0.98,0
"AL002",2021,1,26,9.73,-0.61,0
"AL002",2021,1,27,8.81,-0.72,0
"AL002",2021,1,28,8.55,1.07,0
"AL002",2021,1,29,14.2,3.53,0
"AL002",2021,1,30,11.46,2.96,11.4
"AL002",2021,1,31,12.14,3.69,0
"AL002",2021,2,1,10.98,2.99,0
"AL002",2021,2,2,10.83,1.5,0
"AL002",2021,2,3,10.29,5.06,0
"AL002",2021,2,4,10.37,6.42,0
"AL002",2021,2,5,11.37,6.95,0
"AL002",2021,2,6,11.66,7.75,0
"AL002",2021,2,7,11.02,7.08,6.8
"AL002",2021,2,8,11.77,2.54,2.9
"AL002",2021,2,9,11.41,4.78,12.4
"AL002",2021,2,10,12.94,5.55,18.1
"AL002",2021,2,11,14.06,2.72,0
"AL002",2021,2,12,6.65,0.88,0
"AL002",2021,2,13,2.84,-1.75,0
"AL002",2021,2,14,5.04,-3.59,0
"AL002",2021,2,15,7.52,-3.71,0
"AL002",2021,2,16,9.41,0.94,0
"AL002",2021,2,17,13.06,5.3,0
"AL002",2021,2,18,11.03,4.12,0
"AL002",2021,2,19,12.05,6.69,0
"AL002",2021,2,20,12.94,5.18,0
"AL002",2021,2,21,15.39,4.02,0
"AL002",2021,2,22,13.51,5.38,0
"AL002",2021,2,23,18.43,5.64,0
"AL002",2021,2,24,21.86,6.8,0
"AL002",2021,2,25,21.03,5.76,0
"AL002",2021,2,26,20.35,5.83,0
"AL002",2021,2,27,18.4,6.6,0
"AL002",2021,2,28,14.73,5.46,0
"AL002",2021,3,1,16.58,1.97,0
"AL002",2021,3,2,18.17,2.59,0
"AL002",2021,3,3,15.51,4.73,0
"AL002",2021,3,4,12.95,3.64,0
"AL002",2021,3,5,14.24,5.54,0
"AL002",2021,3,6,10.79,3.67,0
"AL002",2021,3,7,13.26,1.85,0
"AL002",2021,3,8,14.32,3.1,0
"AL002",2021,3,9,13.63,3.98,0
"AL002",2021,3,10,15.5,2.43,0
"AL002",2021,3,11,13.88,4.52,0
"AL002",2021,3,12,16.29,5.84,0
"AL002",2021,3,13,16.65,3.59,0
"AL002",2021,3,14,14.54,4.87,0
"AL002",2021,3,15,16.27,3.7,0
"AL002",2021,3,16,15.02,5.81,0
"AL002",2021,3,17,16.07,2.91,0
"AL002",2021,3,18,12.27,0.92,0
"AL002",2021,3,19,10.82,0.14,0
"AL002",2021,3,20,11.45,1.17,0
"AL002",2021,3,21,11.86,0.04,0
"AL002",2021,3,22,17.18,1.1,0
"AL002",2021,3,23,14.66,2.64,0
"AL002",2021,3,24,17.06,2.3,0
"AL002",2021,3,25,17.51,3.89,0
"AL002",2021,3,26,15.79,4.75,0
"AL002",2021,3,27,14.81,8.95,0
"AL002",2021,3,28,17.15,5.71,0
"AL002",2021,3,29,20.37,6.19,0
"AL002",2021,3,30,23.7,8.94,0
"AL002",2021,3,31,23.7,8.7,0
"AL002",2021,4,1,23.96,11.16,0
"AL002",2021,4,2,23.68,9.7,0
"AL002",2021,4,3,20.45,7.85,0
"AL002",2021,4,4,18.13,6.49,0
"AL002",2021,4,5,15.41,4.52,0
"AL002",2021,4,6,16.21,4.29,0
"AL002",2021,4,7,11.36,1.05,0
"AL002",2021,4,8,14.34,1.81,0
"AL002",2021,4,9,13.66,5.8,0
"AL002",2021,4,10,11.96,7.47,15.7
"AL002",2021,4,11,12,6.95,20.1
"AL002",2021,4,12,13.37,8.27,10.8
"AL002",2021,4,13,15.06,4.8,0
"AL002",2021,4,14,13.13,3,0
"AL002",2021,4,15,11.32,4.51,0
"AL002",2021,4,16,12.95,3.76,0
"AL002",2021,4,17,15.43,5.28,0
"AL002",2021,4,18,15.03,4.96,0
"AL002",2021,4,19,15.75,5.21,0
"AL002",2021,4,20,17.79,4.47,0
"AL002",2021,4,21,15.98,7.01,0
"AL002",2021,4,22,19.7,7.29,0
"AL002",2021,4,23,20.93,7.99,0
"AL002",2021,4,24,21.64,8.75,0
"AL002",2021,4,25,22.71,9.69,0
"AL002",2021,4,26,18.01,10.64,4.9
"AL002",2021,4,27,14.59,10.19,3.3
"AL002",2021,4,28,16.84,10.29,2.9
"AL002",2021,4,29,14.74,11.02,5.5
"AL002",2021,4,30,17.62,10.36,3
"AL002",2021,5,1,17.49,10.08,13.4
"AL002",2021,5,2,18.66,9.91,5.4
"AL002",2021,5,3,19.81,7.1,0
"AL002",2021,5,4,18.45,7.14,0
"AL002",2021,5,5,19.19,9.46,0
"AL002",2021,5,6,20.39,9.72,0
"AL002",2021,5,7,22.49,10.99,0
"AL002",2021,5,8,21.5,9.53,0
"AL002",2021,5,9,22.63,9.89,0
"AL002",2021,5,10,20.71,13.32,0
"AL002",2021,5,11,16.25,11.16,24.3
"AL002",2021,5,12,20.55,9.27,0
"AL002",2021,5,13,20.37,9.9,0
"AL002",2021,5,14,17.39,8.15,9.7
"AL002",2021,5,15,16.98,6.95,0
"AL002",2021,5,16,16.21,12.13,0
"AL002",2021,5,17,23,10.49,0
"AL002",2021,5,18,22.25,9.11,0
"AL002",2021,5,19,23.14,9.2,0
"AL002",2021,5,20,23.62,8.09,0
"AL002",2021,5,21,20.01,10.71,0
"AL002",2021,5,22,18.76,12.71,0
"AL002",2021,5,23,23.64,12.1,0
"AL002",2021,5,24,14.44,12.37,14.6
"AL002",2021,5,25,22.13,10.19,0
"AL002",2021,5,26,21.8,8.59,0
"AL002",2021,5,27,23.16,10.87,0
"AL002",2021,5,28,24.83,11.64,0
"AL002",2021,5,29,25.95,12.84,0
"AL002",2021,5,30,24.04,13.68,0
"AL002",2021,5,31,23.25,12.86,0
"AL002",2021,6,1,24.55,12.49,0
"AL002",2021,6,2,23.81,14.24,0
"AL002",2021,6,3,26.02,13.06,0
"AL002",2021,6,4,27.57,14.43,0
"AL002",2021,6,5,24.75,16.49,0
"AL002",2021,6,6,25.78,14.69,5.5
"AL002",2021,6,7,25.92,15.3,6.1
"AL002",2021,6,8,25.47,16.3,8.1
"AL002",2021,6,9,28.02,15.48,0
"AL002",2021,6,10,28.06,15.6,0
"AL002",2021,6,11,27.92,16.33,0
"AL002",2021,6,12,29.29,15.8,0
"AL002",2021,6,13,32.03,18.07,0
"AL002",2021,6,14,30.74,18.92,0
"AL002",2021,6,15,29.82,18.08,0
"AL002",2021,6,16,28.54,18.06,0
"AL002",2021,6,17,29.79,19.23,0
"AL002",2021,6,18,29.81,19.09,0
"AL002",2021,6,19,29.41,18.86,0
"AL002",2021,6,20,29.76,19.69,0
"AL002",2021,6,21,28.13,18.46,0
"AL002",2021,6,22,28.52,17.04,0
"AL002",2021,6,23,28.78,15.53,0
"AL002",2021,6,24,27.81,15.97,0
"AL002",2021,6,25,27.62,14.23,0
"AL002",2021,6,26,28.64,14.33,0
"AL002",2021,6,27,30.49,16.94,0
"AL002",2021,6,28,31.74,18.49,0
"AL002",2021,6,29,28.45,18.37,0
"AL002",2021,6,30,27.63,16.34,0
"AL002",2021,7,1,28.92,15.59,0
"AL002",2021,7,2,30.29,16.34,0
"AL002",2021,7,3,28.88,18.26,0
"AL002",2021,7,4,22.74,16.53,2.4
"AL002",2021,7,5,28.77,15.68,0
"AL002",2021,7,6,29.83,17.2,0
"AL002",2021,7,7,30.42,18.27,0
"AL002",2021,7,8,29.38,16.92,4.3
"AL002",2021,7,9,29.26,14.53,0
"AL002",2021,7,10,29.58,15.66,0
"AL002",2021,7,11,29.32,17.22,0
"AL002",2021,7,12,29.08,18.25,0
"AL002",2021,7,13,27.01,16.91,12.3
"AL002",2021,7,14,25.85,14.57,0
"AL002",2021,7,15,25.27,15.64,0
"AL002",2021,7,16,26.9,16.54,7.4
"AL002",2021,7,17,31.6,17.63,0
"AL002",2021,7,18,33.37,19.18,0
"AL002",2021,7,19,32.78,19.9,0
"AL002",2021,7,20,31.53,19.07,0
"AL002",2021,7,21,30.94,19.14,0
"AL002",2021,7,22,31.04,19.71,0
"AL002",2021,7,23,30.54,18.55,0
"AL002",2021,7,24,30.24,20.12,0
"AL002",2021,7,25,29.33,19.89,0
"AL002",2021,7,26,29.21,19.24,0
"AL002",2021,7,27,27.27,19,0
"AL002",2021,7,28,28.74,17.81,0
"AL002",2021,7,29,30.5,17.39,0
"AL002",2021,7,30,29.79,18.64,0
"AL002",2021,7,31,30.63,19.32,0
"AL002",2021,8,1,27.94,18.42,2.5
"AL002",2021,8,2,27.62,16.53,0
"AL002",2021,8,3,27.11,15.25,0
"AL002",2021,8,4,22.02,19.05,2.6
"AL002",2021,8,5,27.77,16.74,0
"AL002",2021,8,6,28.94,17.78,0
"AL002",2021,8,7,27.21,18.74,0
"AL002",2021,8,8,29.53,18.63,0
"AL002",2021,8,9,30.26,16.87,0
"AL002",2021,8,10,31.02,18.92,0
"AL002",2021,8,11,33.82,19.2,0
"AL002",2021,8,12,33.54,19.75,0
"AL002",2021,8,13,34.82,21.52,0
"AL002",2021,8,14,35.05,21.95,0
"AL002",2021,8,15,33.12,22.07,0
"AL002",2021,8,16,30.25,21.36,0
"AL002",2021,8,17,30.99,17.73,0
"AL002",2021,8,18,30.02,17.52,0
"AL002",2021,8,19,28.95,17.96,0
"AL002",2021,8,20,29.27,18.65,0
"AL002",2021,8,21,30.3,17.27,0
"AL002",2021,8,22,29.21,19.2,0
"AL002",2021,8,23,28.6,18.32,0
"AL002",2021,8,24,27.84,15.88,0
"AL002",2021,8,25,27.22,16.26,0
"AL002",2021,8,26,28.47,15.42,0
"AL002",2021,8,27,25.4,16.48,0
"AL002",2021,8,28,25.23,15.34,0
"AL002",2021,8,29,26.43,13.93,0
"AL002",2021,8,30,25.25,14.35,0
"AL002",2021,8,31,25.41,14.8,0
"AL002",2021,9,1,27.61,14.55,0
"AL002",2021,9,2,28.58,16.48,0
"AL002",2021,9,3,26.22,16.09,0
"AL002",2021,9,4,27.47,15.52,0
"AL002",2021,9,5,28.49,15.69,0
"AL002",2021,9,6,27.74,16.28,0
"AL002",2021,9,7,28.75,16.09,0
"AL002",2021,9,8,27.68,17.18,0
"AL002",2021,9,9,26.89,16.77,0
"AL002",2021,9,10,26.36,16.68,0
"AL002",2021,9,11,28.34,16.82,0
"AL002",2021,9,12,28.96,15.87,0
"AL002",2021,9,13,29.23,16.83,0
"AL002",2021,9,14,26.55,17.51,0
"AL002",2021,9,15,25.45,18.85,0
"AL002",2021,9,16,24.34,18.85,6
"AL002",2021,9,17,27.37,17.2,0
"AL002",2021,9,18,25.74,17.05,0
"AL002",2021,9,19,24.44,15.39,0
"AL002",2021,9,20,24.57,12.74,0
"AL002",2021,9,21,24.48,13.77,0
"AL002",2021,9,22,25.08,12.97,0
"AL002",2021,9,23,24.88,12.71,0
"AL002",2021,9,24,25.15,12.84,0
"AL002",2021,9,25,25.42,15.42,0
"AL002",2021,9,26,21.17,15.67,49.4
"AL002",2021,9,27,23.34,13.27,0
"AL002",2021,9,28,25.47,14.89,0
"AL002",2021,9,29,25.63,15.39,0
"AL002",2021,9,30,25.23,13.83,0
"AL002",2021,10,1,23.07,12.68,0
"AL002",2021,10,2,22.72,12.65,0
"AL002",2021,10,3,19.17,14.98,6.1
"AL002",2021,10,4,20.75,15.79,44.9
"AL002",2021,10,5,19.49,14.18,11.2
"AL002",2021,10,6,19.16,12.43,6.8
"AL002",2021,10,7,21.12,11.88,0
"AL002",2021,10,8,21.08,12.96,0
"AL002",2021,10,9,18.46,10.91,0
"AL002",2021,10,10,19.06,8.11,0
"AL002",2021,10,11,21.02,8.22,0
"AL002",2021,10,12,19.73,9.45,0
"AL002",2021,10,13,20.24,8.55,0
"AL002",2021,10,14,18.19,6.77,0
"AL002",2021,10,15,17.8,6.28,0
"AL002",2021,10,16,19.93,7.66,0
"AL002",2021,10,17,19.08,7.71,0
"AL002",2021,10,18,19.8,8.57,0
"AL002",2021,10,19,18.65,8.13,0
"AL002",2021,10,20,17.04,10.84,0
"AL002",2021,10,21,18.21,13.23,0
"AL002",2021,10,22,18.96,10.1,0
"AL002",2021,10,23,19.04,8.51,0
"AL002",2021,10,24,17.25,10.01,0
"AL002",2021,10,25,17.17,7.13,0
"AL002",2021,10,26,17.92,5.41,0
"AL002",2021,10,27,18.18,7.77,0
"AL002",2021,10,28,18.36,6.99,0
"AL002",2021,10,29,17.4,7.02,0
"AL002",2021,10,30,13.05,8.36,3.9
"AL002",2021,10,31,12.34,10.5,3.2
"AL002",2021,11,1,12.3,8.6,38.9
"AL002",2021,11,2,17.23,6.87,0
"AL002",2021,11,3,13.66,7.68,26.1
"AL002",2021,11,4,15.25,6.03,5.1
"AL002",2021,11,5,15.27,4.1,0
"AL002",2021,11,6,15.12,6.35,0
"AL002",2021,11,7,14.85,6.96,2.5
"AL002",2021,11,8,12.61,7.03,0
"AL002",2021,11,9,14.2,7.19,2
"AL002",2021,11,10,12.31,9.54,5.2
"AL002",2021,11,11,15.72,9.48,0
"AL002",2021,11,12,15.92,8.83,0
"AL002",2021,11,13,13.69,8.34,9.9
"AL002",2021,11,14,13.78,9.15,6.7
"AL002",2021,11,15,12.26,9.5,17
"AL002",2021,11,16,13.78,8.43,0.7
"AL002",2021,11,17,14.57,7.89,0
"AL002",2021,11,18,17.23,7.03,0
"AL002",2021,11,19,14.48,6.03,0
"AL002",2021,11,20,12.11,5.49,0
"AL002",2021,11,21,9.65,6.1,5.2
"AL002",2021,11,22,10.58,7.83,8
"AL002",2021,11,23,13.07,8.24,0
"AL002",2021,11,24,12.67,4.46,0
"AL002",2021,11,25,6.85,3.91,8.9
"AL002",2021,11,26,11.8,3.65,0
"AL002",2021,11,27,12.3,3.53,6.6
"AL002",2021,11,28,10.03,1.41,3.7
"AL002",2021,11,29,9.99,0.97,0
"AL002",2021,11,30,10.02,0.86,0
"AL002",2021,12,1,10.34,3.66,0
"AL002",2021,12,2,9.97,1.87,0
"AL002",2021,12,3,9.58,0.64,0
"AL002",2021,12,4,8.29,0.56,0
"AL002",2021,12,5,9.88,0.16,0
"AL002",2021,12,6,9.73,-0.16,0
"AL002",2021,12,7,10.35,-0.47,0
"AL002",2021,12,8,6.48,1.13,9.4
"AL002",2021,12,9,7.22,0.01,0
"AL002",2021,12,10,4.84,-0.51,2.8
"AL002",2021,12,11,10.24,0.75,0
"AL002",2021,12,12,10.2,0.02,0
"AL002",2021,12,13,11.46,1.5,0
"AL002",2021,12,14,12.16,1.5,0
"AL002",2021,12,15,10.73,1.46,0
"AL002",2021,12,16,11.06,0.09,0
"AL002",2021,12,17,12.03,1.22,0
"AL002",2021,12,18,9.48,0.11,0
"AL002",2021,12,19,10.03,-0.61,0
"AL002",2021,12,20,10.75,0.83,0
"AL002",2021,12,21,6.52,1.45,0
"AL002",2021,12,22,7.64,-0.33,0
"AL002",2021,12,23,7.33,-0.4,0
"AL002",2021,12,24,8.14,3.95,0
"AL002",2021,12,25,7.84,4.5,16.7
"AL002",2021,12,26,9.04,3.58,0
"AL002",2021,12,27,7.2,4.51,0
"AL002",2021,12,28,9.46,4.39,3.1
"AL002",2021,12,29,13.63,5.02,0
"AL002",2021,12,30,13.83,5.98,0
"AL002",2021,12,31,12.52,4.07,0
"AL002",2022,1,1,9.85,3.25,0
"AL002",2022,1,2,9.12,3.35,0
"AL002",2022,1,3,10.05,3.86,0
"AL002",2022,1,4,8.21,5.29,0
"AL002",2022,1,5,11.83,5.09,14.5
"AL002",2022,1,6,8.08,2.1,1.3
"AL002",2022,1,7,8.23,-0.73,0
"AL002",2022,1,8,9.2,-0.95,0
"AL002",2022,1,9,9.01,0.47,0
"AL002",2022,1,10,9.08,0.45,0
"AL002",2022,1,11,11.38,0.51,0
"AL002",2022,1,12,10.04,-1.07,0
"AL002",2022,1,13,10.2,-1.7,0
"AL002",2022,1,14,14.01,-0.24,0
"AL002",2022,1,15,14.42,1.5,0
"AL002",2022,1,16,10.35,0.34,0
"AL002",2022,1,17,14.8,1.23,0
"AL002",2022,1,18,12.73,0.79,0
"AL002",2022,1,19,10.44,-0.12,0
"AL002",2022,1,20,10.37,1.36,3.4
"AL002",2022,1,21,10.07,-0.16,0
"AL002",2022,1,22,10.65,-1.24,0
"AL002",2022,1,23,10.09,-0.56,0
"AL002",2022,1,24,9.87,-1.37,0
"AL002",2022,1,25,7.6,-0.24,0
"AL002",2022,1,26,7.84,0.65,0
"AL002",2022,1,27,7.99,1.4,0
"AL002",2022,1,28,16.04,0.54,0
"AL002",2022,1,29,12.07,1.63,0
"AL002",2022,1,30,13.18,2.05,0
"AL002",2022,1,31,12.53,1.94,0
"AL002",2022,2,1,15.71,3.81,0
"AL002",2022,2,2,19.75,4.66,0
"AL002",2022,2,3,14.76,4.01,0
"AL002",2022,2,4,12.12,4.8,0
"AL002",2022,2,5,13.63,2.79,0
"AL002",2022,2,6,11.23,1.71,0
"AL002",2022,2,7,16.06,2.4,0
"AL002",2022,2,8,14.71,-0.09,0
"AL002",2022,2,9,13.52,2.54,0
"AL002",2022,2,10,11.16,3.74,0
"AL002",2022,2,11,12.79,2.49,0
"AL002",2022,2,12,11.76,1.69,0
"AL002",2022,2,13,11.32,-0.99,0
"AL002",2022,2,14,7.27,1.08,16.1
"AL002",2022,2,15,8.06,1.07,6.5
"AL002",2022,2,16,11.89,1.06,5.6
"AL002",2022,2,17,15.5,2.49,0
"AL002",2022,2,18,12.1,2.96,0
"AL002",2022,2,19,12.13,6.49,0
"AL002",2022,2,20,16.16,4.29,0
"AL002",2022,2,21,16.7,4.95,0
"AL002",2022,2,22,18.39,5.28,0
"AL002",2022,2,23,18.05,3.09,0
"AL002",2022,2,24,13.32,3.03,0
"AL002",2022,2,25,15.44,2.76,0
"AL002",2022,2,26,13.68,1.14,0
"AL002",2022,2,27,11.36,-0.61,0
"AL002",2022,2,28,14.95,-0.22,0
"AL002",2022,3,1,11.09,0.94,0
"AL002",2022,3,2,11.64,-0.69,0
"AL002",2022,3,3,13.28,2.33,0
"AL002",2022,3,4,13.7,3.03,0
"AL002",2022,3,5,10.74,2.22,0
"AL002",2022,3,6,10.17,0.27,0
"AL002",2022,3,7,12.03,-1.7,0
"AL002",2022,3,8,9.36,-1,0
"AL002",2022,3,9,13.21,-0.8,0
"AL002",2022,3,10,14.98,0.9,0
"AL002",2022,3,11,13.52,2.72,0
"AL002",2022,3,12,10.94,3.52,0
"AL002",2022,3,13,11.12,2.52,0
"AL002",2022,3,14,10.44,4.26,0
"AL002",2022,3,15,13.28,6.02,0
"AL002",2022,3,16,13.95,8.12,0
"AL002",2022,3,17,13.89,8.01,0
"AL002",2022,3,18,14.5,7.55,0
"AL002",2022,3,19,14.97,5.42,0
"AL002",2022,3,20,14.17,3.36,0
"AL002",2022,3,21,14.23,3.44,0
"AL002",2022,3,22,15.22,1.81,0
"AL002",2022,3,23,18.65,2.38,0
"AL002",2022,3,24,20.17,3.94,0
"AL002",2022,3,25,19.18,4.14,0
"AL002",2022,3,26,20.7,4.17,0
"AL002",2022,3,27,19.75,7.58,0
"AL002",2022,3,28,21.3,6.44,0
"AL002",2022,3,29,17.48,7.04,0
"AL002",2022,3,30,12.75,8.2,0
"AL002",2022,3,31,16.16,8.03,7.3
"AL002",2022,4,1,15.01,5.39,6.2
"AL002",2022,4,2,11.39,3.24,0
"AL002",2022,4,3,11.42,2.09,2.6
"AL002",2022,4,4,13.72,2.57,0
"AL002",2022,4,5,16.36,1.98,0
"AL002",2022,4,6,16.39,4.79,0
"AL002",2022,4,7,19.12,6.6,0
"AL002",2022,4,8,20.46,8.48,0
"AL002",2022,4,9,19.15,6.54,0
"AL002",2022,4,10,16.31,2.57,1.1
"AL002",2022,4,11,16.82,4,0
"AL002",2022,4,12,18.09,6.6,0
"AL002",2022,4,13,21.36,9.21,0
"AL002",2022,4,14,24.88,8.33,0
"AL002",2022,4,15,26.55,9.65,0
"AL002",2022,4,16,26.1,11,0
"AL002",2022,4,17,19.43,8.86,0
"AL002",2022,4,18,19.2,5.63,0
"AL002",2022,4,19,18.86,5.97,0
"AL002",2022,4,20,15.98,8.94,0
"AL002",2022,4,21,13.73,9.61,0
"AL002",2022,4,22,16.85,9.45,3.6
"AL002",2022,4,23,14.95,8.44,11.3
"AL002",2022,4,24,14.3,7.06,17.6
"AL002",2022,4,25,18.38,7.79,0
"AL002",2022,4,26,16.43,8.77,0
"AL002",2022,4,27,21.65,7.99,0
"AL002",2022,4,28,23,9.17,0
"AL002",2022,4,29,22.74,9.78,0
"AL002",2022,4,30,20.92,9.62,0
"AL002",2022,5,1,20.15,10.11,0
"AL002",2022,5,2,20.4,9.07,4.2
"AL002",2022,5,3,21.28,11.18,0
"AL002",2022,5,4,21.04,10.47,0
"AL002",2022,5,5,16.83,11.38,4.1
"AL002",2022,5,6,15.36,11.47,8.9
"AL002",2022,5,7,19.2,12.44,5.7
"AL002",2022,5,8,20.8,12.86,0
"AL002",2022,5,9,23.12,12.84,0
"AL002",2022,5,10,25.23,12.4,0
"AL002",2022,5,11,25.92,12.55,0
"AL002",2022,5,12,25.45,13.59,0
"AL002",2022,5,13,25.47,13.14,0
"AL002",2022,5,14,25.45,13.65,0
"AL002",2022,5,15,26.65,14.29,0
"AL002",2022,5,16,26.19,14.97,0
"AL002",2022,5,17,28.48,15.28,0
"AL002",2022,5,18,28.36,16.23,0
"AL002",2022,5,19,28.16,16.04,0
"AL002",2022,5,20,27.59,15.33,0
"AL002",2022,5,21,28.43,15.91,0
"AL002",2022,5,22,26.32,15.71,0
"AL002",2022,5,23,27.52,16.58,0
"AL002",2022,5,24,26.04,17.03,0
"AL002",2022,5,25,25.98,16,0
"AL002",2022,5,26,28.35,17.06,0
"AL002",2022,5,27,31.55,18.86,0
"AL002",2022,5,28,31.85,16,0
"AL002",2022,5,29,21.41,13.58,9.2
"AL002",2022,5,30,21.05,13.17,0
"AL002",2022,5,31,24,14.71,0
"AL002",2022,6,1,25.89,14.66,0
"AL002",2022,6,2,29.11,15.02,0
"AL002",2022,6,3,24.1,17.83,0
"AL002",2022,6,4,30.41,16.97,1
"AL002",2022,6,5,28.11,18.54,0
"AL002",2022,6,6,29.37,16.78,0
"AL002",2022,6,7,28.81,17.08,0
"AL002",2022,6,8,27.97,15.1,0
"AL002",2022,6,9,28.5,15.74,0
"AL002",2022,6,10,30.76,15.53,0
"AL002",2022,6,11,30.97,15.59,0
"AL002",2022,6,12,31.8,16.5,0
"AL002",2022,6,13,32.13,18.48,0
"AL002",2022,6,14,30.95,18.34,0
"AL002",2022,6,15,30.74,19.1,0
"AL002",2022,6,16,32.2,18.81,0
"AL002",2022,6,17,34.94,19.26,0
"AL002",2022,6,18,33.07,20.01,0
"AL002",2022,6,19,31.32,19.53,0
"AL002",2022,6,20,30.05,19.19,0
"AL002",2022,6,21,30.9,19.67,0
"AL002",2022,6,22,27.95,20.69,0
"AL002",2022,6,23,27.14,19.38,0
"AL002",2022,6,24,27.66,19.27,0
"AL002",2022,6,25,28.99,16.92,0
"AL002",2022,6,26,31.91,18.33,0
"AL002",2022,6,27,33.47,20.51,0
"AL002",2022,6,28,28.81,18.96,0
"AL002",2022,6,29,30.17,17.59,12.5
"AL002",2022,6,30,30.6,17.99,0
"AL002",2022,7,1,30.41,18.28,0
"AL002",2022,7,2,32.07,17.99,0
"AL002",2022,7,3,34.5,19.61,0
"AL002",2022,7,4,34.18,20.1,0
"AL002",2022,7,5,33.92,19.06,2.1
"AL002",2022,7,6,31.66,20.04,0
"AL002",2022,7,7,32.92,19.51,0
"AL002",2022,7,8,32.73,18,0
"AL002",2022,7,9,30.25,17.55,0
"AL002",2022,7,10,31.17,17.83,0
"AL002",2022,7,11,30.6,19.2,0
"AL002",2022,7,12,31.21,19.26,0
"AL002",2022,7,13,31.55,19.47,0
"AL002",2022,7,14,32.43,20.58,0
"AL002",2022,7,15,34.37,19.67,0
"AL002",2022,7,16,33.21,21.34,0
"AL002",2022,7,17,34.02,21.79,0
"AL002",2022,7,18,34.05,21.42,0
"AL002",2022,7,19,34.03,21.37,0
"AL002",2022,7,20,35.28,21.84,0
"AL002",2022,7,21,34.8,23.26,0
"AL002",2022,7,22,34.44,21.82,0
"AL002",2022,7,23,33.74,22.53,0
"AL002",2022,7,24,33.73,22.81,0
"AL002",2022,7,25,34.59,22.27,0
"AL002",2022,7,26,33.42,21.31,0
"AL002",2022,7,27,32.7,19.83,7.2
"AL002",2022,7,28,30.63,21.15,0
"AL002",2022,7,29,30.09,18.93,6.6
"AL002",2022,7,30,33.39,18.39,2.6
"AL002",2022,7,31,33.51,18.8,0
"AL002",2022,8,1,34.74,19.37,0
"AL002",2022,8,2,32.4,19.86,0
"AL002",2022,8,3,33.89,19.67,0
"AL002",2022,8,4,34.82,22,0
"AL002",2022,8,5,35.38,21.87,0
"AL002",2022,8,6,35.35,20.89,0
"AL002",2022,8,7,31.38,19.2,16.8
"AL002",2022,8,8,31.47,19.22,0
"AL002",2022,8,9,31.76,19.39,0
"AL002",2022,8,10,31.81,19.78,0
"AL002",2022,8,11,30.67,19.15,0
"AL002",2022,8,12,29.42,18.42,0
"AL002",2022,8,13,29.74,17.1,0
"AL002",2022,8,14,28.05,17.2,0
"AL002",2022,8,15,29.92,18.41,0
"AL002",2022,8,16,30.46,18.54,0
"AL002",2022,8,17,27.23,18.83,0
"AL002",2022,8,18,26.04,17.1,13.1
"AL002",2022,8,19,28.62,16.97,14.7
"AL002",2022,8,20,32.18,18.32,0
"AL002",2022,8,21,31.67,18.62,0
"AL002",2022,8,22,30.46,18.12,0
"AL002",2022,8,23,31.28,18.06,0
"AL002",2022,8,24,30.5,18.13,0
"AL002",2022,8,25,31.41,18.41,0
"AL002",2022,8,26,29.94,19.99,0
"AL002",2022,8,27,29.3,18.38,0
"AL002",2022,8,28,29.69,18.44,0
"AL002",2022,8,29,30.28,18.46,0
"AL002",2022,8,30,27.64,19.53,0
"AL002",2022,8,31,27.73,18.2,0
"AL002",2022,9,1,28.82,17.68,0
"AL002",2022,9,2,26.71,17.76,0
"AL002",2022,9,3,26.28,17.85,0
"AL002",2022,9,4,28.19,17.17,0
"AL002",2022,9,5,29.9,18.22,0
"AL002",2022,9,6,29.36,18.71,0
"AL002",2022,9,7,28.45,18.93,0
"AL002",2022,9,8,27.93,18.75,2.3
"AL002",2022,9,9,29.6,17.59,0
"AL002",2022,9,10,27.72,15.88,0
"AL002",2022,9,11,28.33,15.18,0
"AL002",2022,9,12,28.24,14.43,0
"AL002",2022,9,13,27.81,16.82,0
"AL002",2022,9,14,26.53,19.77,0
"AL002",2022,9,15,29.01,18.77,0
"AL002",2022,9,16,29.9,17.52,0
"AL002",2022,9,17,23.44,13.1,0
"AL002",2022,9,18,23.94,11.02,0
"AL002",2022,9,19,25.38,11.53,0
"AL002",2022,9,20,24.82,12.17,0
"AL002",2022,9,21,21.48,11.78,0
"AL002",2022,9,22,21.94,10.36,0
"AL002",2022,9,23,21.26,10.54,0
"AL002",2022,9,24,16.32,14.3,0
"AL002",2022,9,25,19.95,12.95,10.9
"AL002",2022,9,26,23.24,11.64,0
"AL002",2022,9,27,23.51,12.43,0
"AL002",2022,9,28,22.76,12.41,0
"AL002",2022,9,29,21.4,12.16,0
"AL002",2022,9,30,17.53,11.59,3.9
"AL002",2022,10,1,19.76,9.97,9.6
"AL002",2022,10,2,23.36,12.91,0
"AL002",2022,10,3,26.16,12.13,0
"AL002",2022,10,4,23.26,12.52,0
"AL002",2022,10,5,23.34,12.37,0
"AL002",2022,10,6,24.2,12.37,0
"AL002",2022,10,7,24.99,12.46,0
"AL002",2022,10,8,23.09,12.09,0
"AL002",2022,10,9,20.05,15.23,0
"AL002",2022,10,10,18.97,13.92,3.8
"AL002",2022,10,11,22.77,11.47,0
"AL002",2022,10,12,21.76,11.53,0
"AL002",2022,10,13,22.36,11.02,0
"AL002",2022,10,14,21.37,11.24,0
"AL002",2022,10,15,21.6,12.35,0
"AL002",2022,10,16,23.36,13.94,0
"AL002",2022,10,17,23.97,12.82,0
"AL002",2022,10,18,24.24,13.75,0
"AL002",2022,10,19,24.17,12.95,0
"AL002",2022,10,20,23.05,13.37,0
"AL002",2022,10,21,18.56,15.17,0
"AL002",2022,10,22,22.45,17.05,0
"AL002",2022,10,23,21.46,15.55,0
"AL002",2022,10,24,20.85,16.54,0
"AL002",2022,10,25,22.72,15.37,0
"AL002",2022,10,26,23.41,13.8,0
"AL002",2022,10,27,22.89,12.95,0
"AL002",2022,10,28,24.03,12.39,0
"AL002",2022,10,29,24.53,11.87,0
"AL002",2022,10,30,24.19,12.23,0
"AL002",2022,10,31,22.97,12.16,0
"AL002",2022,11,1,17.92,12.01,0
"AL002",2022,11,2,18.15,11.29,1.9
"AL002",2022,11,3,16.85,10.81,12.8
"AL002",2022,11,4,18.45,9.35,18.5
"AL002",2022,11,5,19.45,7.75,0
"AL002",2022,11,6,17,4.89,0
"AL002",2022,11,7,17.62,5.52,0
"AL002",2022,11,8,16.49,8.13,0
"AL002",2022,11,9,14.66,10.89,3.9
"AL002",2022,11,10,17.38,10.48,20.4
"AL002",2022,11,11,19.51,8.22,0
"AL002",2022,11,12,17.66,7.67,0
"AL002",2022,11,13,16.32,7.83,0
"AL002",2022,11,14,13.61,6.82,1.4
"AL002",2022,11,15,10.17,7.68,2.8
"AL002",2022,11,16,14.57,7.91,9.4
"AL002",2022,11,17,14.78,6.83,0
"AL002",2022,11,18,16.73,8.84,0
"AL002",2022,11,19,14.22,5.97,0
"AL002",2022,11,20,15,4.28,0
"AL002",2022,11,21,12.87,3.35,0
"AL002",2022,11,22,12.7,5.28,15.7
"AL002",2022,11,23,14.26,2.74,1.2
"AL002",2022,11,24,15.53,3.59,0
"AL002",2022,11,25,13.63,5.52,0
"AL002",2022,11,26,14.73,4.4,0
"AL002",2022,11,27,12.92,2.69,0
"AL002",2022,11,28,8.07,4.27,0
"AL002",2022,11,29,8.23,3.72,1.4
"AL002",2022,11,30,9.48,2.53,0
"AL002",2022,12,1,10.52,2.66,0
"AL002",2022,12,2,9.85,2.92,0
"AL002",2022,12,3,7.45,5.4,4.6
"AL002",2022,12,4,10.28,5.46,21.6
"AL002",2022,12,5,10.62,5.83,4.3
"AL002",2022,12,6,9.46,2.91,0
"AL002",2022,12,7,7.84,1.32,0
"AL002",2022,12,8,8.52,2.73,0
"AL002",2022,12,9,8.96,3.86,11
"AL002",2022,12,10,10.28,3.8,5.1
"AL002",2022,12,11,7.82,-0.05,0
"AL002",2022,12,12,4.96,-1.98,0
"AL002",2022,12,13,2.85,-0.45,0
"AL002",2022,12,14,6.74,1.01,0
"AL002",2022,12,15,7.77,1.79,5.3
"AL002",2022,12,16,9.04,3.1,21.2
"AL002",2022,12,17,10.46,2.78,0
"AL002",2022,12,18,7.98,1.2,0
"AL002",2022,12,19,7.99,2.56,0
"AL002",2022,12,20,8.74,5.05,0
"AL002",2022,12,21,9.37,6.88,4.2
"AL002",2022,12,22,11.29,6.31,0
"AL002",2022,12,23,12.91,6.51,0
"AL002",2022,12,24,11.91,7.95,0
"AL002",2022,12,25,11.49,7.18,0
"AL002",2022,12,26,12.02,8.73,0
"AL002",2022,12,27,13.7,5.59,0
"AL002",2022,12,28,10.5,4.48,0
"AL002",2022,12,29,11.87,7.23,0.8
"AL002",2022,12,30,10.92,7.81,5.9
"AL002",2022,12,31,11.55,7.93,0
"AL002",2023,1,1,11.3,8.33,0
"AL002",2023,1,2,11.94,8.24,0
"AL002",2023,1,3,11.22,9.2,1.6
"AL002",2023,1,4,12.11,7.48,0
"AL002",2023,1,5,12.61,5.83,0
"AL002",2023,1,6,11.71,5.47,0
"AL002",2023,1,7,10.58,7.06,1.9
"AL002",2023,1,8,10.65,5.74,39.6
"AL002",2023,1,9,12.71,5.71,0
"AL002",2023,1,10,13.86,3.86,0
"AL002",2023,1,11,11.32,2.7,0
"AL002",2023,1,12,12.95,2.67,0
"AL002",2023,1,13,11.61,3.54,0
"AL002",2023,1,14,12.78,2.72,0
"AL002",2023,1,15,10.1,5.14,3
"AL002",2023,1,16,7.83,2.55,0
"AL002",2023,1,17,6.6,2.14,6
"AL002",2023,1,18,7.17,1.45,0.7
"AL002",2023,1,19,6.09,-0.65,2.3
"AL002",2023,1,20,7.21,-1.47,4
"AL002",2023,1,21,7.07,-0.97,0
"AL002",2023,1,22,5.52,0.7,0
"AL002",2023,1,23,6.25,2.35,3.6
"AL002",2023,1,24,8.97,4.31,3
"AL002",2023,1,25,10.03,2.93,0
"AL002",2023,1,26,9.16,0.68,0
"AL002",2023,1,27,7.2,-0.2,0
"AL002",2023,1,28,7.45,-0.09,0
"AL002",2023,1,29,9.26,-0.1,0
"AL002",2023,1,30,9.04,-0.6,0
"AL002",2023,1,31,12.47,-0.65,0
"AL002",2023,2,1,12.88,1.93,0
"AL002",2023,2,2,16.48,2.44,0
"AL002",2023,2,3,13.79,2.75,0
"AL002",2023,2,4,21.32,3.54,0
"AL002",2023,2,5,12.18,1.49,0
"AL002",2023,2,6,9.88,2.22,0
"AL002",2023,2,7,7.93,-1.06,0
"AL002",2023,2,8,6.91,-2.83,0
"AL002",2023,2,9,4.96,-3.27,0
"AL002",2023,2,10,10.41,-4.21,0
"AL002",2023,2,11,12.02,-2,0
"AL002",2023,2,12,15.1,0.49,0
"AL002",2023,2,13,14.67,0.35,0
"AL002",2023,2,14,15.57,0.98,0
"AL002",2023,2,15,17.5,2.22,0
"AL002",2023,2,16,12.73,1.1,0
"AL002",2023,2,17,12.78,3.62,0
"AL002",2023,2,18,12.07,3.82,0
"AL002",2023,2,19,13.76,4.04,0
"AL002",2023,2,20,15.73,3.29,0
"AL002",2023,2,21,12.87,4.23,0
"AL002",2023,2,22,11.26,6.51,0
"AL002",2023,2,23,12.68,6.11,0
"AL002",2023,2,24,13.65,8.12,0
"AL002",2023,2,25,13.37,8.12,0
"AL002",2023,2,26,10.41,1.67,0
"AL002",2023,2,27,6.96,1.28,0
"AL002",2023,2,28,8.17,2.5,0
"AL002",2023,3,1,8.35,2.26,0
"AL002",2023,3,2,11.15,3.76,1.3
"AL002",2023,3,3,15.5,3.08,0
"AL002",2023,3,4,17.39,3.35,0
"AL002",2023,3,5,15.65,2.87,0
"AL002",2023,3,6,13.38,4.06,0
"AL002",2023,3,7,13.71,3.51,0
"AL002",2023,3,8,14.74,4.43,0
"AL002",2023,3,9,18.94,8.59,0
"AL002",2023,3,10,19.7,9.41,0
"AL002",2023,3,11,22.15,9.57,0
"AL002",2023,3,12,19.29,6.85,0
"AL002",2023,3,13,14.67,6.57,0
"AL002",2023,3,14,16.31,8.4,7.2
"AL002",2023,3,15,16.11,5.16,0
"AL002",2023,3,16,15.24,2.99,0
"AL002",2023,3,17,16.12,2.68,0
"AL002",2023,3,18,15.92,3.52,0
"AL002",2023,3,19,14.3,6.39,0
"AL002",2023,3,20,17.4,5.92,0
"AL002",2023,3,21,19.42,5.41,0
"AL002",2023,3,22,20.01,7.14,0
"AL002",2023,3,23,17.66,7.52,0
"AL002",2023,3,24,17.12,9.31,0
"AL002",2023,3,25,20.99,8.29,0
"AL002",2023,3,26,16.09,6.55,0
"AL002",2023,3,27,18.22,6.27,4.3
"AL002",2023,3,28,15.83,2.94,0
"AL002",2023,3,29,16.33,4.41,0
"AL002",2023,3,30,15.94,8.79,0
"AL002",2023,3,31,15.22,8.58,0
"AL002",2023,4,1,20.15,7.07,0
"AL002",2023,4,2,19.01,7.98,0
"AL002",2023,4,3,20.6,6.98,0
"AL002",2023,4,4,14.24,4.88,0
"AL002",2023,4,5,14.29,1.94,0
"AL002",2023,4,6,14.94,1.08,0
"AL002",2023,4,7,13.46,3.6,0
"AL002",2023,4,8,18.64,4.88,9.8
"AL002",2023,4,9,17.42,5.61,0
"AL002",2023,4,10,17.87,5.58,0
"AL002",2023,4,11,18.01,8.08,0
"AL002",2023,4,12,15.98,9.77,0
"AL002",2023,4,13,13.6,5.72,5.5
"AL002",2023,4,14,18.76,4.58,9.9
"AL002",2023,4,15,17.88,6.24,0
"AL002",2023,4,16,22.18,6.61,0
"AL002",2023,4,17,18.78,6.32,0
"AL002",2023,4,18,21.38,8.71,0
"AL002",2023,4,19,21.58,8.95,0
"AL002",2023,4,20,15.21,8.38,0
"AL002",2023,4,21,17.82,8.05,0
"AL002",2023,4,22,20.71,8.02,0
"AL002",2023,4,23,20.99,10.72,0
"AL002",2023,4,24,22.62,9.58,0
"AL002",2023,4,25,20.67,8.01,0
"AL002",2023,4,26,21.14,6.24,0
"AL002",2023,4,27,21.59,8.18,0
"AL002",2023,4,28,20.7,9.48,0
"AL002",2023,4,29,18.52,12.42,0
"AL002",2023,4,30,21.21,13.21,5.7
"AL002",2023,5,1,17.57,12.38,3.5
"AL002",2023,5,2,20.47,11.69,5.1
"AL002",2023,5,3,22.28,10.85,0
"AL002",2023,5,4,23.6,10.46,0
"AL002",2023,5,5,23.83,11.42,0
"AL002",2023,5,6,24.41,11.96,0
"AL002",2023,5,7,24.69,12.9,0
"AL002",2023,5,8,24.58,13.31,0
"AL002",2023,5,9,22.14,13.03,0
"AL002",2023,5,10,19.25,11.66,19
"AL002",2023,5,11,20.25,10.39,0
"AL002",2023,5,12,17.37,10.11,8
"AL002",2023,5,13,19.02,9.33,4.9
"AL002",2023,5,14,20.03,10.28,7.5
"AL002",2023,5,15,23.01,9.49,0
"AL002",2023,5,16,18.5,12.93,0
"AL002",2023,5,17,18.08,12.61,4.8
"AL002",2023,5,18,21.49,11.67,1.7
"AL002",2023,5,19,16.62,12.73,5.8
"AL002",2023,5,20,15.69,12.6,6.3
"AL002",2023,5,21,22.82,14.24,5.5
"AL002",2023,5,22,25.93,13.77,0
"AL002",2023,5,23,27.91,14.06,0
"AL002",2023,5,24,25.33,13.77,5.6
"AL002",2023,5,25,24.33,13.61,0
"AL002",2023,5,26,28.68,13.56,0
"AL002",2023,5,27,26.27,15.13,0
"AL002",2023,5,28,26.07,15.25,8.9
"AL002",2023,5,29,25.4,14.89,0
"AL002",2023,5,30,26.77,14.77,0
"AL002",2023,5,31,24.04,15.87,0
"AL002",2023,6,1,26.19,14.95,0
"AL002",2023,6,2,25.02,14.72,2.7
"AL002",2023,6,3,24.73,14.81,4.2
"AL002",2023,6,4,23.73,14.19,3.7
"AL002",2023,6,5,21.78,14.74,7.5
"AL002",2023,6,6,25.04,14.3,0
"AL002",2023,6,7,24.56,15.35,0
"AL002",2023,6,8,26.61,14.86,0
"AL002",2023,6,9,25.2,16,0
"AL002",2023,6,10,25.21,16.44,2.6
"AL002",2023,6,11,28.48,16.17,0
"AL002",2023,6,12,26.71,16.18,2.5
"AL002",2023,6,13,23.14,16.73,5.5
"AL002",2023,6,14,24.96,16.22,8.6
"AL002",2023,6,15,28.12,16.15,3.7
"AL002",2023,6,16,28.73,15.84,0
"AL002",2023,6,17,28.31,15.72,0
"AL002",2023,6,18,27.74,16.2,0
"AL002",2023,6,19,29.38,18.92,0
"AL002",2023,6,20,29.41,18.53,0
"AL002",2023,6,21,31.24,18.77,0
"AL002",2023,6,22,32.93,20.81,0
"AL002",2023,6,23,32.28,19.39,0
"AL002",2023,6,24,31.63,18.98,0
"AL002",2023,6,25,30.41,17.9,0
"AL002",2023,6,26,32.41,18.74,0
"AL002",2023,6,27,31.41,19.67,0
"AL002",2023,6,28,29.95,18.87,0
"AL002",2023,6,29,27.55,19.59,0
"AL002",2023,6,30,23.21,16.99,25.2
"AL002",2023,7,1,27.5,16.99,17.7
"AL002",2023,7,2,29.19,17.36,0
"AL002",2023,7,3,28.99,18.08,0
"AL002",2023,7,4,28.91,17.22,0
"AL002",2023,7,5,28.67,17.58,0
"AL002",2023,7,6,27.14,17.3,0
"AL002",2023,7,7,30.68,15.93,0
"AL002",2023,7,8,31.2,19.01,0
"AL002",2023,7,9,33.34,18.87,0
"AL002",2023,7,10,34,20.53,0
"AL002",2023,7,11,33.05,21.17,0
"AL002",2023,7,12,31.49,22.48,0
"AL002",2023,7,13,31.18,18.71,0
"AL002",2023,7,14,29.8,19.87,0
"AL002",2023,7,15,31.12,19.78,0
"AL002",2023,7,16,32.9,20.83,0
"AL002",2023,7,17,33.12,20.77,0
"AL002",2023,7,18,32.65,21.65,0
"AL002",2023,7,19,34.23,22.06,0
"AL002",2023,7,20,32.75,20.56,0
"AL002",2023,7,21,30.03,20.11,0
"AL002",2023,7,22,30.85,18.51,0
"AL002",2023,7,23,30.77,18.45,0
"AL002",2023,7,24,28.74,19.61,0
"AL002",2023,7,25,29.51,19.25,0
"AL002",2023,7,26,29.63,17.25,0
"AL002",2023,7,27,27.52,15.04,0
"AL002",2023,7,28,28.16,17.81,0
"AL002",2023,7,29,28.54,19.56,0
"AL002",2023,7,30,30.2,19.59,0
"AL002",2023,7,31,30.43,19.83,0
"AL002",2023,8,1,29.05,19.26,0
"AL002",2023,8,2,29.39,18.93,0
"AL002",2023,8,3,30.9,20.82,0
"AL002",2023,8,4,26.56,16.52,0
"AL002",2023,8,5,29.76,15.37,5.5
"AL002",2023,8,6,29.05,16.16,0
"AL002",2023,8,7,27.84,14.71,0
"AL002",2023,8,8,26.95,14.8,0
"AL002",2023,8,9,28.09,15.4,0
"AL002",2023,8,10,30.06,16.62,0
"AL002",2023,8,11,31.64,18.61,0
"AL002",2023,8,12,31.8,19.42,0
"AL002",2023,8,13,32.63,20.3,0
"AL002",2023,8,14,32.03,19.5,0
"AL002",2023,8,15,32.82,20.26,0
"AL002",2023,8,16,32.67,20.98,0
"AL002",2023,8,17,32.6,20.8,0
"AL002",2023,8,18,33.76,19.44,0
"AL002",2023,8,19,34.58,20.24,0
"AL002",2023,8,20,35.53,22,0
"AL002",2023,8,21,35.91,22.72,0
"AL002",2023,8,22,36.28,22.36,0
"AL002",2023,8,23,37.89,23.02,0
"AL002",2023,8,24,36.49,23.14,0
"AL002",2023,8,25,35.64,22.62,0
"AL002",2023,8,26,30.45,22.44,0
"AL002",2023,8,27,25.71,19.23,34.4
"AL002",2023,8,28,22.33,15.28,61.4
"AL002",2023,8,29,25.1,14.54,20.3
"AL002",2023,8,30,25.49,14.61,0
"AL002",2023,8,31,25.52,15.37,0
"AL002",2023,9,1,24.9,14.54,0
"AL002",2023,9,2,28.45,15.83,0
"AL002",2023,9,3,30.2,17.22,0
"AL002",2023,9,4,30.32,17.55,0
"AL002",2023,9,5,27.43,16.57,0
"AL002",2023,9,6,28.36,16.2,0
"AL002",2023,9,7,29.05,16.64,0
"AL002",2023,9,8,29.09,16.52,0
"AL002",2023,9,9,29.74,15.89,0
"AL002",2023,9,10,30.57,16.24,0
"AL002",2023,9,11,30.1,15.78,0
"AL002",2023,9,12,28.82,17.74,0
"AL002",2023,9,13,25.91,18.02,0
"AL002",2023,9,14,26.71,16.59,3.9
"AL002",2023,9,15,25.72,16.13,0
"AL002",2023,9,16,26.68,17.97,0
"AL002",2023,9,17,26.9,18.67,2.8
"AL002",2023,9,18,24.77,19.71,0
"AL002",2023,9,19,27.61,16.7,0
"AL002",2023,9,20,23.99,16.3,0
"AL002",2023,9,21,20.79,16.45,8.6
"AL002",2023,9,22,22.24,17.04,27.1
"AL002",2023,9,23,21.82,13.12,0
"AL002",2023,9,24,24.11,11.69,0
"AL002",2023,9,25,24.61,11.12,0
"AL002",2023,9,26,25.35,13.21,0
"AL002",2023,9,27,26.23,13.79,0
"AL002",2023,9,28,26.92,14.51,0
"AL002",2023,9,29,27.53,13.78,0
"AL002",2023,9,30,27.82,14.61,0
"AL002",2023,10,1,27.62,14.87,0
"AL002",2023,10,2,28.25,14.26,0
"AL002",2023,10,3,26.21,14.53,0
"AL002",2023,10,4,25.91,15.13,0
"AL002",2023,10,5,24.27,14.27,0
"AL002",2023,10,6,24.9,14.72,0
"AL002",2023,10,7,25.39,12.43,0
"AL002",2023,10,8,30.22,14.63,0
"AL002",2023,10,9,28.57,14.19,0
"AL002",2023,10,10,26.07,13.95,0
"AL002",2023,10,11,24.41,13.94,0
"AL002",2023,10,12,24.02,14.05,0
"AL002",2023,10,13,23.77,14.38,0
"AL002",2023,10,14,23.7,14.47,0
"AL002",2023,10,15,24.42,12.71,0
"AL002",2023,10,16,16.61,10.8,0
"AL002",2023,10,17,18.67,9.36,0
"AL002",2023,10,18,14.37,10.92,0
"AL002",2023,10,19,15.92,11.86,13.9
"AL002",2023,10,20,18.57,13.66,32.8
"AL002",2023,10,21,20.63,13.05,10
"AL002",2023,10,22,20.01,9.59,0
"AL002",2023,10,23,18.85,10.48,0
"AL002",2023,10,24,17.4,13.35,31.3
"AL002",2023,10,25,18.86,10.62,16.1
"AL002",2023,10,26,18.3,12.53,0
"AL002",2023,10,27,22.81,12.67,10.9
"AL002",2023,10,28,18.9,9.75,0
"AL002",2023,10,29,16.44,11.82,0
"AL002",2023,10,30,17.56,13.48,16
"AL002",2023,10,31,19.16,10.39,61.2
"AL002",2023,11,1,15.95,9.09,0
"AL002",2023,11,2,15.66,11,26.5
"AL002",2023,11,3,15.48,6.91,30.1
"AL002",2023,11,4,13.75,5.55,0
"AL002",2023,11,5,17.77,8.17,17.4
"AL002",2023,11,6,16.99,7.08,0
"AL002",2023,11,7,17.1,6.98,0
"AL002",2023,11,8,15.42,4.43,0
"AL002",2023,11,9,11.2,4.72,0
"AL002",2023,11,10,13.31,5.6,8.5
"AL002",2023,11,11,15.65,3.8,0
"AL002",2023,11,12,14.32,3.79,0
"AL002",2023,11,13,15.95,4.99,0
"AL002",2023,11,14,16.7,9.26,0
"AL002",2023,11,15,19.35,8.44,0
"AL002",2023,11,16,13.16,6.02,0
"AL002",2023,11,17,18.06,6.18,0
"AL002",2023,11,18,15.9,4.48,0
"AL002",2023,11,19,14.77,4.81,0
"AL002",2023,11,20,15.23,5.25,0
"AL002",2023,11,21,13.14,7.19,0
"AL002",2023,11,22,15.18,7.09,0
"AL002",2023,11,23,16.2,4.14,0
"AL002",2023,11,24,16.68,3.41,0
"AL002",2023,11,25,11.77,3.35,0
"AL002",2023,11,26,12.08,0.89,0
"AL002",2023,11,27,8.54,2.86,0
"AL002",2023,11,28,12.46,2.12,0
"AL002",2023,11,29,11.56,1.19,0
"AL002",2023,11,30,8.75,3.29,10.8
"AL002",2023,12,1,11.77,7.6,16.4
"AL002",2023,12,2,13.36,6.58,0
"AL002",2023,12,3,9.77,1.12,0
"AL002",2023,12,4,4.77,-0.64,5.2
"AL002",2023,12,5,8.42,2.84,0
"AL002",2023,12,6,8.94,0.06,0
"AL002",2023,12,7,9.21,-0.96,0
"AL002",2023,12,8,6.72,2.27,7.6
"AL002",2023,12,9,8.5,2.68,0
"AL002",2023,12,10,12.91,4.7,0
"AL002",2023,12,11,12.01,6.09,0
"AL002",2023,12,12,12.18,6.41,0
"AL002",2023,12,13,11.11,7.21,0
"AL002",2023,12,14,12.61,5.35,0
"AL002",2023,12,15,13.11,3.74,0
"AL002",2023,12,16,11.31,0.36,0
"AL002",2023,12,17,10.31,0.46,0
"AL002",2023,12,18,12.7,0.94,0
"AL002",2023,12,19,13.93,1.91,0
"AL002",2023,12,20,10.89,3.13,0
"AL002",2023,12,21,12.71,2.36,0
"AL002",2023,12,22,18.65,7.36,0
"AL002",2023,12,23,18.61,7.86,0
"AL002",2023,12,24,16.17,5.68,0
"AL002",2023,12,25,15.08,3.89,0
"AL002",2023,12,26,12.56,5.68,0
"AL002",2023,12,27,12.29,3.8,0
"AL002",2023,12,28,11.23,5.41,0
"AL002",2023,12,29,11.92,5.65,0
"AL002",2023,12,30,12.54,5.26,0
"AL002",2023,12,31,9.75,5.91,18.5
