"site","year","month","day","tmax","tmin","prec"
"MT004",2003,1,1,13.05,7.41,6.4
"MT004",2003,1,2,15.44,6.39,0
"MT004",2003,1,3,17.95,12.11,0
"MT004",2003,1,4,17.89,12.21,1.2
"MT004",2003,1,5,14.52,9.38,11.8
"MT004",2003,1,6,12.69,6.95,0
"MT004",2003,1,7,12.81,8.22,12.1
"MT004",2003,1,8,12.53,6.62,0
"MT004",2003,1,9,11.9,9.12,13.9
"MT004",2003,1,10,13.38,7.24,3.2
"MT004",2003,1,11,10.86,4.76,11.4
"MT004",2003,1,12,5.7,3.74,0
"MT004",2003,1,13,5.66,2.02,0
"MT004",2003,1,14,10.02,1.5,0
"MT004",2003,1,15,13.36,2.35,0
"MT004",2003,1,16,13.18,4.14,0
"MT004",2003,1,17,10.5,4.46,2.9
"MT004",2003,1,18,13.36,8.05,8.8
"MT004",2003,1,19,11.69,5.6,0
"MT004",2003,1,20,13.23,3.79,0
"MT004",2003,1,21,13.35,3.92,0
"MT004",2003,1,22,16.18,8.12,5.5
"MT004",2003,1,23,13.89,7.76,5.6
"MT004",2003,1,24,9.98,7.43,17.6
"MT004",2003,1,25,10.67,6.92,9
"MT004",2003,1,26,12.27,6.64,6.1
"MT004",2003,1,27,10.14,5.25,0
"MT004",2003,1,28,12.31,4.06,0
"MT004",2003,1,29,14.18,5.66,6.3
"MT004",2003,1,30,10.26,4.43,6.2
"MT004",2003,1,31,9.58,4.15,5.2
"MT004",2003,2,1,8.3,2.79,0
"MT004",2003,2,2,5.74,0.64,0
"MT004",2003,2,3,6.79,-0.39,0
"MT004",2003,2,4,11.49,4.92,34.8
"MT004",2003,2,5,6.96,2.17,6
"MT004",2003,2,6,7.14,-0.21,0
"MT004",2003,2,7,6.52,0.98,0
"MT004",2003,2,8,8.17,-1.21,0
"MT004",2003,2,9,6.08,1.08,3.1
"MT004",2003,2,10,6.37,2.37,0
"MT004",2003,2,11,7.02,1.35,0
"MT004",2003,2,12,6.96,-0.39,0
"MT004",2003,2,13,6.64,0.46,0
"MT004",2003,2,14,7.89,0.77,0
"MT004",2003,2,15,8.16,1.55,0
"MT004",2003,2,16,8.02,2.76,0
"MT004",2003,2,17,8.23,1.49,0
"MT004",2003,2,18,6.03,0.13,0
"MT004",2003,2,19,6.32,-0.7,0
"MT004",2003,2,20,7.56,0.02,0
"MT004",2003,2,21,9.22,-0.76,0
"MT004",2003,2,22,8.97,0.78,0
"MT004",2003,2,23,8.84,1.6,0
"MT004",2003,2,24,9.64,0.09,0
"MT004",2003,2,25,10.52,-0.68,0
"MT004",2003,2,26,11.98,0.55,0
"MT004",2003,2,27,12.1,2.85,0
"MT004",2003,2,28,13.12,4.78,0
"MT004",2003,3,1,14,2.81,0
"MT004",2003,3,2,12.39,6.48,3.5
"MT004",2003,3,3,13.44,5.85,5.4
"MT004",2003,3,4,11.9,5.36,1.6
"MT004",2003,3,5,13.94,4.57,0
"MT004",2003,3,6,13.72,2.92,0
"MT004",2003,3,7,12.87,4.58,1.4
"MT004",2003,3,8,14.02,6.07,0
"MT004",2003,3,9,14.59,3.21,0
"MT004",2003,3,10,16.34,4,0
"MT004",2003,3,11,17.92,5.82,0
"MT004",2003,3,12,18.7,6.75,0
"MT004",2003,3,13,18.07,8.13,0
"MT004",2003,3,14,10.64,4.64,0
"MT004",2003,3,15,9.39,1.36,0
"MT004",2003,3,16,8.56,0.01,2.2
"MT004",2003,3,17,10.56,5.57,0
"MT004",2003,3,18,13.47,3.59,0
"MT004",2003,3,19,12.36,2.17,0
"MT004",2003,3,20,13.52,2.14,0
"MT004",2003,3,21,15.11,2.95,0
"MT004",2003,3,22,12.46,3.82,0
"MT004",2003,3,23,10,1.81,0
"MT004",2003,3,24,15.15,2.55,0
"MT004",2003,3,25,17.78,5.66,0
"MT004",2003,3,26,18.06,5.2,0
"MT004",2003,3,27,16.92,5.37,0
"MT004",2003,3,28,16.64,5.73,0
"MT004",2003,3,29,15.62,8.55,0
"MT004",2003,3,30,15.69,6.49,0
"MT004",2003,3,31,15.71,7.62,0
"MT004",2003,4,1,16.78,8.2,0
"MT004",2003,4,2,16.51,5.06,0
"MT004",2003,4,3,17.07,7.32,0
"MT004",2003,4,4,15,9.62,19.8
"MT004",2003,4,5,15.65,8.13,13.6
"MT004",2003,4,6,16.06,4.66,3.4
"MT004",2003,4,7,6.93,0.72,2.6
"MT004",2003,4,8,8.7,-1.22,0
"MT004",2003,4,9,10.3,-1.12,1
"MT004",2003,4,10,16.98,5.8,0
"MT004",2003,4,11,18.32,9.54,0
"MT004",2003,4,12,17.74,8.81,0
"MT004",2003,4,13,17.09,7.33,0
"MT004",2003,4,14,17.98,6.21,0
"MT004",2003,4,15,17.45,6.34,0
"MT004",2003,4,16,16.46,7.35,0
"MT004",2003,4,17,17.57,10.17,0
"MT004",2003,4,18,16.84,9.05,3.9
"MT004",2003,4,19,18.89,6.51,0
"MT004",2003,4,20,16.92,6.04,0
"MT004",2003,4,21,15.26,10.51,14.1
"MT004",2003,4,22,15.09,8.35,0
"MT004",2003,4,23,16.5,6.43,0
"MT004",2003,4,24,18.8,7.39,0
"MT004",2003,4,25,20.15,8.41,0
"MT004",2003,4,26,19.23,7.18,0
"MT004",2003,4,27,20.36,9.81,0
"MT004",2003,4,28,20.71,10.12,0
"MT004",2003,4,29,20.12,9.96,0
"MT004",2003,4,30,20.46,12.78,0
"MT004",2003,5,1,20.85,13.96,0
"MT004",2003,5,2,21.2,13.7,0
"MT004",2003,5,3,21.99,12.55,0
"MT004",2003,5,4,25.3,13.91,0
"MT004",2003,5,5,28.75,14.78,0
"MT004",2003,5,6,27.28,13.75,0
"MT004",2003,5,7,28.36,14.6,0
"MT004",2003,5,8,29.22,15.54,0
"MT004",2003,5,9,27.39,16,0
"MT004",2003,5,10,26.35,15.56,0
"MT004",2003,5,11,25.89,15.22,0
"MT004",2003,5,12,25.7,13.04,0
"MT004",2003,5,13,26.69,13.7,0
"MT004",2003,5,14,25.18,15.79,0
"MT004",2003,5,15,25.15,13.94,0
"MT004",2003,5,16,23.21,13.88,0
"MT004",2003,5,17,21.84,10.99,0
"MT004",2003,5,18,22.25,13.84,0
"MT004",2003,5,19,27.21,12.03,0
"MT004",2003,5,20,25.78,15.07,0
"MT004",2003,5,21,23.37,12.83,3.9
"MT004",2003,5,22,18.6,10.52,0
"MT004",2003,5,23,20.1,12.39,0
"MT004",2003,5,24,23.22,13.55,0
"MT004",2003,5,25,25.87,14.25,0
"MT004",2003,5,26,24.9,13.38,0
"MT004",2003,5,27,24.88,15.16,0
"MT004",2003,5,28,24.03,14.78,0
"MT004",2003,5,29,27.02,15.11,6.7
"MT004",2003,5,30,27.47,16.45,0
"MT004",2003,5,31,23.73,15.76,0
"MT004",2003,6,1,23.54,14.19,0
"MT004",2003,6,2,24.19,14.38,0
"MT004",2003,6,3,25.32,16.17,0
"MT004",2003,6,4,25.17,16.27,0
"MT004",2003,6,5,26.85,15.57,0
"MT004",2003,6,6,28.42,16.13,0
"MT004",2003,6,7,28.76,17.55,0
"MT004",2003,6,8,29.76,17.53,0
"MT004",2003,6,9,29.69,17.39,0
"MT004",2003,6,10,31.18,18.74,0
"MT004",2003,6,11,32,19.16,0
"MT004",2003,6,12,33.58,20.61,0
"MT004",2003,6,13,33.4,19.96,0
"MT004",2003,6,14,32.86,19.62,0
"MT004",2003,6,15,33.33,20.19,0
"MT004",2003,6,16,32.96,20.23,9.8
"MT004",2003,6,17,33.1,19.64,0
"MT004",2003,6,18,30.39,19.68,0
"MT004",2003,6,19,26.9,17.39,14.4
"MT004",2003,6,20,28.2,17.5,0
"MT004",2003,6,21,30.24,17.59,0
"MT004",2003,6,22,30.17,19.49,0
"MT004",2003,6,23,30.94,19.87,0
"MT004",2003,6,24,32.55,20.1,0
"MT004",2003,6,25,32.23,21.51,0
"MT004",2003,6,26,34.48,22.2,0
"MT004",2003,6,27,34.51,22.1,0
"MT004",2003,6,28,31.92,20.81,0
"MT004",2003,6,29,31.99,21.18,0
"MT004",2003,6,30,32.91,18.57,0
"MT004",2003,7,1,33.89,21.57,0
"MT004",2003,7,2,33.05,22.56,0
"MT004",2003,7,3,32.64,21.17,0
"MT004",2003,7,4,32.82,21.3,0
"MT004",2003,7,5,30.34,19.98,0
"MT004",2003,7,6,29.88,18.61,0
"MT004",2003,7,7,29.91,18.31,0
"MT004",2003,7,8,29.93,18.58,0
"MT004",2003,7,9,30.46,18.47,0
"MT004",2003,7,10,28.56,17.68,4.1
"MT004",2003,7,11,29.82,18.62,3.2
"MT004",2003,7,12,31.47,19.55,0
"MT004",2003,7,13,30.64,17.92,0
"MT004",2003,7,14,29.17,20.69,5
"MT004",2003,7,15,29.25,19.86,0
"MT004",2003,7,16,30.93,20.39,0
"MT004",2003,7,17,35.12,23.62,0
"MT004",2003,7,18,34.65,22.47,0
"MT004",2003,7,19,32.3,21.31,0
"MT004",2003,7,20,30.59,20.33,0
"MT004",2003,7,21,31.55,20.56,0
"MT004",2003,7,22,34.09,20.73,0
"MT004",2003,7,23,35.4,23.18,0
"MT004",2003,7,24,35,23.04,0
"MT004",2003,7,25,34.14,22.76,0
"MT004",2003,7,26,32.12,21.47,0
"MT004",2003,7,27,34.14,21.36,0
"MT004",2003,7,28,32.12,21.25,0
"MT004",2003,7,29,32.69,21.5,0
"MT004",2003,7,30,31.35,21.02,0
"MT004",2003,7,31,29.47,20.26,7
"MT004",2003,8,1,23.1,17.04,17.6
"MT004",2003,8,2,24.65,17.8,25.9
"MT004",2003,8,3,29.51,20.25,0
"MT004",2003,8,4,32.48,20.18,0
"MT004",2003,8,5,31.97,21.6,0
"MT004",2003,8,6,33.21,21.04,0
"MT004",2003,8,7,32.92,20.69,0
"MT004",2003,8,8,31.57,21.27,0
"MT004",2003,8,9,32.41,19.84,0
"MT004",2003,8,10,32.97,20.1,0
"MT004",2003,8,11,34.87,20.23,0
"MT004",2003,8,12,32.64,21.68,0
"MT004",2003,8,13,34.32,21.04,0
"MT004",2003,8,14,33.27,21.08,0
"MT004",2003,8,15,32.74,21.83,0
"MT004",2003,8,16,32.86,21.34,0
"MT004",2003,8,17,33.31,21.42,0
"MT004",2003,8,18,36,22.47,0
"MT004",2003,8,19,36.62,23.12,0
"MT004",2003,8,20,33.65,22.85,0
"MT004",2003,8,21,33.26,20.62,0
"MT004",2003,8,22,32.72,22,0
"MT004",2003,8,23,32.87,21.06,0
"MT004",2003,8,24,32.2,20.24,0
"MT004",2003,8,25,31.7,21.26,0
"MT004",2003,8,26,30.14,21.03,3.8
"MT004",2003,8,27,29.68,19.33,0
"MT004",2003,8,28,31.48,20.42,0
"MT004",2003,8,29,32.29,20.48,0
"MT004",2003,8,30,33.68,23.75,0
"MT004",2003,8,31,31.59,22.68,0
"MT004",2003,9,1,32.27,22.03,0
"MT004",2003,9,2,30.51,20.28,0
"MT004",2003,9,3,26.13,16.53,10.7
"MT004",2003,9,4,23.54,15.13,0
"MT004",2003,9,5,24.88,12.21,0
"MT004",2003,9,6,25.17,15.04,0
"MT004",2003,9,7,25.16,16.81,0
"MT004",2003,9,8,22.65,17.9,15.8
"MT004",2003,9,9,25.94,17.52,9.9
"MT004",2003,9,10,24.85,15.19,11.7
"MT004",2003,9,11,26.54,16.58,0
"MT004",2003,9,12,24.84,15.85,0
"MT004",2003,9,13,22.92,13.73,0
"MT004",2003,9,14,21.9,14.21,0
"MT004",2003,9,15,22.3,14.64,0
"MT004",2003,9,16,23.16,15.27,0
"MT004",2003,9,17,24.37,13.92,0
"MT004",2003,9,18,25.07,14.08,0
"MT004",2003,9,19,25.38,13.71,0
"MT004",2003,9,20,25.78,13.95,0
"MT004",2003,9,21,26.1,14.86,0
"MT004",2003,9,22,25.37,14.57,0
"MT004",2003,9,23,25.35,14.29,0
"MT004",2003,9,24,26.45,15.17,0
"MT004",2003,9,25,24.83,16.06,5.8
"MT004",2003,9,26,23.62,13.94,0
"MT004",2003,9,27,23.59,13.4,0
"MT004",2003,9,28,24.14,15.3,0
"MT004",2003,9,29,24.93,16.4,14.6
"MT004",2003,9,30,24.33,16.05,0
"MT004",2003,10,1,24.86,15.73,0
"MT004",2003,10,2,26.5,16.79,0
"MT004",2003,10,3,27.95,18.58,0
"MT004",2003,10,4,26.6,18.9,0
"MT004",2003,10,5,25.77,17.96,13.3
"MT004",2003,10,6,21.45,13.89,7.4
"MT004",2003,10,7,20.2,11.97,0
"MT004",2003,10,8,20.4,11.83,7.7
"MT004",2003,10,9,21.11,7.79,0
"MT004",2003,10,10,21.78,10.39,0
"MT004",2003,10,11,22.37,11.46,0
"MT004",2003,10,12,22.09,11.53,0
"MT004",2003,10,13,21.94,12.09,0
"MT004",2003,10,14,20.62,12.45,9
"MT004",2003,10,15,16.58,14.64,24.5
"MT004",2003,10,16,15.27,12.42,4.5
"MT004",2003,10,17,16,10.47,0
"MT004",2003,10,18,12.36,10.04,25.4
"MT004",2003,10,19,18.07,10.99,7.4
"MT004",2003,10,20,21.72,14.18,0
"MT004",2003,10,21,22.2,17.33,0
"MT004",2003,10,22,26.11,16.51,0
"MT004",2003,10,23,21.35,15.7,0
"MT004",2003,10,24,19.48,14.59,0
"MT004",2003,10,25,17.15,10.32,0
"MT004",2003,10,26,15.51,9.98,0
"MT004",2003,10,27,22.36,11.34,0
"MT004",2003,10,28,15.44,10.75,6.6
"MT004",2003,10,29,20.08,10.36,3.4
"MT004",2003,10,30,20.03,13.62,5.3
"MT004",2003,10,31,18.8,10.89,0
"MT004",2003,11,1,22.16,13.31,3.3
"MT004",2003,11,2,21.93,14.59,2.8
"MT004",2003,11,3,19.25,10.85,0
"MT004",2003,11,4,18.7,9.46,0
"MT004",2003,11,5,18.25,10.42,0
"MT004",2003,11,6,15.43,8.1,0
"MT004",2003,11,7,16.03,8.28,0
"MT004",2003,11,8,17.69,8.9,0
"MT004",2003,11,9,17.84,8.63,0
"MT004",2003,11,10,16.74,8.65,0
"MT004",2003,11,11,14.6,9.2,0
"MT004",2003,11,12,13.91,7.43,0
"MT004",2003,11,13,15,6.43,0
"MT004",2003,11,14,16.48,7.65,0
"MT004",2003,11,15,16.62,6.98,0
"MT004",2003,11,16,17.33,7.65,0
"MT004",2003,11,17,18.76,10.12,0
"MT004",2003,11,18,19.54,9.09,0
"MT004",2003,11,19,17.68,8.56,0
"MT004",2003,11,20,16.9,9.21,0
"MT004",2003,11,21,15.57,10.57,0
"MT004",2003,11,22,16.78,10.79,0
"MT004",2003,11,23,17.49,9.08,0
"MT004",2003,11,24,19.49,8.91,0
"MT004",2003,11,25,20.2,11.06,2.6
"MT004",2003,11,26,16.38,13.21,15.3
"MT004",2003,11,27,17.74,11.22,7.3
"MT004",2003,11,28,13.62,8.65,5.8
"MT004",2003,11,29,13.67,6.51,3.9
"MT004",2003,11,30,14,6.24,0
"MT004",2003,12,1,15.88,4.7,0
"MT004",2003,12,2,16.48,5.34,0
"MT004",2003,12,3,16.28,7.22,0
"MT004",2003,12,4,18.08,8.92,0
"MT004",2003,12,5,16.67,9.5,0
"MT004",2003,12,6,17.42,9.22,0
"MT004",2003,12,7,12.86,5.26,2.4
"MT004",2003,12,8,5.59,2.42,4.8
"MT004",2003,12,9,7.74,3.38,4.9
"MT004",2003,12,10,11.35,3.63,7.2
"MT004",2003,12,11,16.05,7.15,11.6
"MT004",2003,12,12,14.77,12.98,14.5
"MT004",2003,12,13,14.89,9,0
"MT004",2003,12,14,15.52,6.45,0
"MT004",2003,12,15,13.02,7.39,0
"MT004",2003,12,16,7.55,2.71,0
"MT004",2003,12,17,6.99,0.34,0
"MT004",2003,12,18,9.93,0.42,0
"MT004",2003,12,19,12.26,1.34,0
"MT004",2003,12,20,11.18,3.1,0
"MT004",2003,12,21,13.37,2.92,0
"MT004",2003,12,22,12.27,7.58,14.1
"MT004",2003,12,23,5.17,3.88,10.6
"MT004",2003,12,24,8.06,2.21,0
"MT004",2003,12,25,8.16,2.22,0
"MT004",2003,12,26,9.91,0.94,0
"MT004",2003,12,27,12.65,2.6,0
"MT004",2003,12,28,12.58,3.29,0
"MT004",2003,12,29,13.46,8.33,0
"MT004",2003,12,30,11.84,6.5,4.3
"MT004",2003,12,31,11.37,4.37,4
"MT004",2004,1,1,10.55,3.06,2.2
"MT004",2004,1,2,12.33,3.44,0
"MT004",2004,1,3,10.05,5.78,10.3
"MT004",2004,1,4,8.12,3.56,0
"MT004",2004,1,5,10.38,2.08,0
"MT004",2004,1,6,9.92,0.22,0
"MT004",2004,1,7,9.06,0.39,0
"MT004",2004,1,8,11.05,2.57,0
"MT004",2004,1,9,9.28,4.83,5.4
"MT004",2004,1,10,12.89,6.31,0
"MT004",2004,1,11,12.23,3.85,0
"MT004",2004,1,12,13.45,3.69,0
"MT004",2004,1,13,16.52,12.36,0
"MT004",2004,1,14,16.92,12.44,0
"MT004",2004,1,15,14.33,7.44,0
"MT004",2004,1,16,11.75,3.07,0
"MT004",2004,1,17,11.99,6.03,2
"MT004",2004,1,18,13.63,6.97,2.9
"MT004",2004,1,19,15.95,7.77,0
"MT004",2004,1,20,13.11,6.72,5.7
"MT004",2004,1,21,9.53,3.62,4.1
"MT004",2004,1,22,4.1,0.27,0
"MT004",2004,1,23,3.26,-2.71,0
"MT004",2004,1,24,4.74,-5.35,0
"MT004",2004,1,25,8.13,-2.73,0
"MT004",2004,1,26,8.76,-0.8,0
"MT004",2004,1,27,15.56,4.72,16.8
"MT004",2004,1,28,12.52,7.12,17.8
"MT004",2004,1,29,9.23,2.63,10.1
"MT004",2004,1,30,7.29,1.25,4.9
"MT004",2004,1,31,10.99,-0.39,0
"MT004",2004,2,1,11.23,-0.09,0
"MT004",2004,2,2,14.05,1.43,0
"MT004",2004,2,3,14.98,4.41,0
"MT004",2004,2,4,15.12,5.84,0
"MT004",2004,2,5,16.03,6.22,0
"MT004",2004,2,6,15.72,6.47,0
"MT004",2004,2,7,13.41,4.85,0
"MT004",2004,2,8,15.27,6.81,0
"MT004",2004,2,9,15.51,4.33,0
"MT004",2004,2,10,11.73,2.26,0
"MT004",2004,2,11,10.41,0.17,0
"MT004",2004,2,12,6.99,1.64,0
"MT004",2004,2,13,5.46,-1.09,0
"MT004",2004,2,14,12.98,0.9,0
"MT004",2004,2,15,13.02,2.16,0
"MT004",2004,2,16,11.9,3.79,0
"MT004",2004,2,17,9.2,0.6,0
"MT004",2004,2,18,10.39,-1.14,0
"MT004",2004,2,19,12.41,0.25,0
"MT004",2004,2,20,16.93,7.36,0
"MT004",2004,2,21,13.74,8.51,0
"MT004",2004,2,22,13.33,9.25,3.4
"MT004",2004,2,23,15.08,9.86,0
"MT004",2004,2,24,15.75,7.64,0
"MT004",2004,2,25,12.06,5.42,0
"MT004",2004,2,26,16.78,7.22,3
"MT004",2004,2,27,14.58,9.07,7.8
"MT004",2004,2,28,12.48,5.45,8.8
"MT004",2004,2,29,10.66,4.32,8.7
"MT004",2004,3,1,10.66,4.05,6.3
"MT004",2004,3,2,5.74,2.83,5.5
"MT004",2004,3,3,8.26,1.84,0
"MT004",2004,3,4,11.25,4.1,0
"MT004",2004,3,5,10.66,1.43,0
"MT004",2004,3,6,9.4,1.28,0
"MT004",2004,3,7,9.78,3.49,12.7
"MT004",2004,3,8,10.01,5.92,8.3
"MT004",2004,3,9,9.55,2.78,2
"MT004",2004,3,10,10.82,3.2,0
"MT004",2004,3,11,10.22,3.1,5.6
"MT004",2004,3,12,12.39,5.31,0
"MT004",2004,3,13,13.25,3.56,0
"MT004",2004,3,14,14.75,5.53,0
"MT004",2004,3,15,16,8,0
"MT004",2004,3,16,16.24,7.74,0
"MT004",2004,3,17,18.37,6.57,0
"MT004",2004,3,18,20.39,7.49,0
"MT004",2004,3,19,19.57,8.21,0
"MT004",2004,3,20,17.83,8.92,0
"MT004",2004,3,21,16.19,7.56,0
"MT004",2004,3,22,18.06,8.16,0
"MT004",2004,3,23,15.5,7.76,11.4
"MT004",2004,3,24,11.26,5.18,10.8
"MT004",2004,3,25,15.02,6.92,0
"MT004",2004,3,26,14.32,7.63,1.2
"MT004",2004,3,27,14.3,5.34,0
"MT004",2004,3,28,12.35,6.79,0
"MT004",2004,3,29,14.74,6.19,0
"MT004",2004,3,30,13.18,9.47,2.1
"MT004",2004,3,31,14.68,9.77,3
"MT004",2004,4,1,13.47,11.12,6.2
"MT004",2004,4,2,17.49,8.77,0
"MT004",2004,4,3,16.2,7.17,0
"MT004",2004,4,4,16.36,6.36,0
"MT004",2004,4,5,17.62,7.41,0
"MT004",2004,4,6,17.4,8.52,0
"MT004",2004,4,7,16.9,10.15,0
"MT004",2004,4,8,18.23,9.68,0
"MT004",2004,4,9,18.12,10.41,1.8
"MT004",2004,4,10,17.84,10.74,0
"MT004",2004,4,11,16.03,11.8,0
"MT004",2004,4,12,17.01,11.46,0
"MT004",2004,4,13,15.79,9,0
"MT004",2004,4,14,15.5,7.19,2.2
"MT004",2004,4,15,16.2,4.69,0
"MT004",2004,4,16,14.28,8.18,3.2
"MT004",2004,4,17,16.4,10.05,9.2
"MT004",2004,4,18,16.84,10.88,0
"MT004",2004,4,19,17.31,8.66,4
"MT004",2004,4,20,12.93,6.59,6.8
"MT004",2004,4,21,17.81,6.99,0
"MT004",2004,4,22,19.02,9.13,0
"MT004",2004,4,23,19.78,8.69,0
"MT004",2004,4,24,18.85,11.26,0
"MT004",2004,4,25,15.26,10.59,4.9
"MT004",2004,4,26,16.45,10.82,3.6
"MT004",2004,4,27,18.91,11.22,3.8
"MT004",2004,4,28,19.96,9.69,0
"MT004",2004,4,29,20.17,10.63,0
"MT004",2004,4,30,19.45,11.57,0
"MT004",2004,5,1,19.46,10.54,0
"MT004",2004,5,2,19.66,10.43,0
"MT004",2004,5,3,20.84,9.57,0
"MT004",2004,5,4,18.94,12.63,6.8
"MT004",2004,5,5,19.89,10.97,0
"MT004",2004,5,6,15.48,11.21,17.8
"MT004",2004,5,7,17.29,8.6,0
"MT004",2004,5,8,17.01,9.18,2.5
"MT004",2004,5,9,13.85,7.8,3.5
"MT004",2004,5,10,18.98,8.56,0
"MT004",2004,5,11,19.22,9,0
"MT004",2004,5,12,19.31,9.81,0
"MT004",2004,5,13,18.24,11.5,7.6
"MT004",2004,5,14,19.37,11.26,5.6
"MT004",2004,5,15,20.68,9.76,0
"MT004",2004,5,16,20.13,8.8,1.3
"MT004",2004,5,17,18.51,9.25,0
"MT004",2004,5,18,20.4,9.12,0
"MT004",2004,5,19,22.54,8.54,0
"MT004",2004,5,20,22.94,11.22,0
"MT004",2004,5,21,22.3,12.03,0
"MT004",2004,5,22,22.03,11.92,0
"MT004",2004,5,23,19.5,12.58,3.4
"MT004",2004,5,24,18.72,10,2.8
"MT004",2004,5,25,19.5,7.08,0
"MT004",2004,5,26,21.96,7.42,0
"MT004",2004,5,27,21.75,9.21,0
"MT004",2004,5,28,22.18,10.66,0
"MT004",2004,5,29,18.76,12.03,14.9
"MT004",2004,5,30,20.41,11.12,0
"MT004",2004,5,31,24.67,11.07,0
"MT004",2004,6,1,23.33,13.79,0
"MT004",2004,6,2,21.61,15.44,0
"MT004",2004,6,3,19.2,14.61,14.1
"MT004",2004,6,4,19.73,13.19,5.4
"MT004",2004,6,5,21.58,13.55,3.9
"MT004",2004,6,6,21.2,13.86,7.4
"MT004",2004,6,7,22.55,12.9,0
"MT004",2004,6,8,26.04,13.46,0
"MT004",2004,6,9,27.69,14.65,0
"MT004",2004,6,10,29.86,15.1,0
"MT004",2004,6,11,30.88,17.22,0
"MT004",2004,6,12,27.71,17.1,0
"MT004",2004,6,13,28.23,17.88,0
"MT004",2004,6,14,26.56,16.37,0
"MT004",2004,6,15,26.66,17.5,0
"MT004",2004,6,16,25.07,15.65,0
"MT004",2004,6,17,25.22,16.61,4.3
"MT004",2004,6,18,27.23,15.34,4.9
"MT004",2004,6,19,26.29,16.37,0
"MT004",2004,6,20,26.29,17.65,0
"MT004",2004,6,21,27.29,17.33,0
"MT004",2004,6,22,27.9,16.66,0
"MT004",2004,6,23,27.64,16,0
"MT004",2004,6,24,29.17,18.12,0
"MT004",2004,6,25,29.35,18.23,0
"MT004",2004,6,26,30.97,18.36,0
"MT004",2004,6,27,29.95,19.41,0
"MT004",2004,6,28,30.88,17.39,0
"MT004",2004,6,29,31.59,19.18,0
"MT004",2004,6,30,31.11,20.79,0
"MT004",2004,7,1,28.62,20.04,0
"MT004",2004,7,2,30.21,19.72,0
"MT004",2004,7,3,32.47,20.62,0
"MT004",2004,7,4,29.05,19.15,0
"MT004",2004,7,5,31.75,19.7,0
"MT004",2004,7,6,32.54,19.31,0
"MT004",2004,7,7,35.79,19.87,0
"MT004",2004,7,8,36.09,21.24,0
"MT004",2004,7,9,33.76,21.71,0
"MT004",2004,7,10,31.12,20.86,0
"MT004",2004,7,11,29.13,19.35,0
"MT004",2004,7,12,28.57,18.19,0
"MT004",2004,7,13,26.67,16.66,0
"MT004",2004,7,14,25.58,14.97,2.2
"MT004",2004,7,15,27.19,14.34,0
"MT004",2004,7,16,29.13,15.65,0
"MT004",2004,7,17,28.07,16.94,0
"MT004",2004,7,18,29.1,17.5,0
"MT004",2004,7,19,31.15,18.27,0
"MT004",2004,7,20,33.16,18.88,0
"MT004",2004,7,21,34.1,20.15,0
"MT004",2004,7,22,35.35,21.37,0
"MT004",2004,7,23,35.37,21,0
"MT004",2004,7,24,34.47,23.04,0
"MT004",2004,7,25,31.05,22.86,0
"MT004",2004,7,26,24.96,18.53,22.5
"MT004",2004,7,27,28.53,18.29,0
"MT004",2004,7,28,27.14,18.34,0
"MT004",2004,7,29,27.31,16.53,0
"MT004",2004,7,30,27.72,16.49,0
"MT004",2004,7,31,29.69,17.7,0
"MT004",2004,8,1,31.25,18.17,0
"MT004",2004,8,2,32.07,19.19,0
"MT004",2004,8,3,31.16,20.96,0
"MT004",2004,8,4,31.22,19.91,0
"MT004",2004,8,5,30.07,19.2,0
"MT004",2004,8,6,28.16,18.1,8.6
"MT004",2004,8,7,27.27,17.69,0
"MT004",2004,8,8,28.92,19,0
"MT004",2004,8,9,30.25,19.22,0
"MT004",2004,8,10,29.98,20.82,0
"MT004",2004,8,11,31.26,19.94,0
"MT004",2004,8,12,30.49,20.7,0
"MT004",2004,8,13,32.08,20.87,0
"MT004",2004,8,14,31.25,21.88,0
"MT004",2004,8,15,31.49,20.83,0
"MT004",2004,8,16,27.96,18.03,0
"MT004",2004,8,17,29.46,16.58,0
"MT004",2004,8,18,29.78,17.95,0
"MT004",2004,8,19,30.87,19.42,0
"MT004",2004,8,20,33.3,20.67,0
"MT004",2004,8,21,33.08,20.66,0
"MT004",2004,8,22,29.07,18.01,0
"MT004",2004,8,23,29.69,16.78,0
"MT004",2004,8,24,29.92,16.83,0
"MT004",2004,8,25,30.63,18.81,0
"MT004",2004,8,26,31.07,21.21,0
"MT004",2004,8,27,28.57,17.35,0
"MT004",2004,8,28,28.32,15.85,0
"MT004",2004,8,29,27.33,16.08,0
"MT004",2004,8,30,28.92,16.32,0
"MT004",2004,8,31,27.87,17.69,0
"MT004",2004,9,1,28.44,17.34,0
"MT004",2004,9,2,28.66,18.05,0
"MT004",2004,9,3,30.21,18.44,0
"MT004",2004,9,4,30.17,18.14,0
"MT004",2004,9,5,28.18,18.97,0
"MT004",2004,9,6,25.28,17.06,0
"MT004",2004,9,7,26.11,16.86,0
"MT004",2004,9,8,26.6,14.73,0
"MT004",2004,9,9,26.78,14.06,0
"MT004",2004,9,10,24.54,13.93,0
"MT004",2004,9,11,24.43,13.04,0
"MT004",2004,9,12,25.69,13.75,0
"MT004",2004,9,13,27.13,17.37,0
"MT004",2004,9,14,28.3,16.81,0
"MT004",2004,9,15,29.24,18.39,0
"MT004",2004,9,16,27.79,18.96,0
"MT004",2004,9,17,24.84,17.24,5.3
"MT004",2004,9,18,23.11,16.83,4.1
"MT004",2004,9,19,22.31,16.68,0
"MT004",2004,9,20,25.76,17.05,0
"MT004",2004,9,21,26.86,15.45,0
"MT004",2004,9,22,26.62,16.8,0
"MT004",2004,9,23,26.97,15.68,0
"MT004",2004,9,24,26.48,15.97,0
"MT004",2004,9,25,21.7,16.12,5.2
"MT004",2004,9,26,19.13,11.47,8.8
"MT004",2004,9,27,20.71,12.62,6.2
"MT004",2004,9,28,22.1,12.15,1.5
"MT004",2004,9,29,22.56,11.89,0
"MT004",2004,9,30,22.83,12.62,0
"MT004",2004,10,1,22.67,13.35,0
"MT004",2004,10,2,23.47,14.25,0
"MT004",2004,10,3,22.75,14.43,0
"MT004",2004,10,4,23.6,15.02,0
"MT004",2004,10,5,23.43,14.11,0
"MT004",2004,10,6,22.73,13.87,0
"MT004",2004,10,7,23.12,14.09,0
"MT004",2004,10,8,22.72,14.41,0
"MT004",2004,10,9,25.53,15.54,0
"MT004",2004,10,10,26.85,16.95,0
"MT004",2004,10,11,24.8,16.68,5.1
"MT004",2004,10,12,21.28,14.39,15.7
"MT004",2004,10,13,20.17,13.72,11.6
"MT004",2004,10,14,20.57,12.37,3
"MT004",2004,10,15,21.65,14.76,8.7
"MT004",2004,10,16,20.91,13.61,4.6
"MT004",2004,10,17,22.47,12.94,3.1
"MT004",2004,10,18,22.61,14.11,0
"MT004",2004,10,19,25.2,16.14,0
"MT004",2004,10,20,24.61,17.71,0
"MT004",2004,10,21,24.32,15.74,0
"MT004",2004,10,22,25.04,15.58,0
"MT004",2004,10,23,24.43,16.36,0
"MT004",2004,10,24,22.55,15.04,0
"MT004",2004,10,25,23.19,14.51,0
"MT004",2004,10,26,23.27,15.11,0
"MT004",2004,10,27,20.37,15.5,0
"MT004",2004,10,28,21.69,13.19,0
"MT004",2004,10,29,24.5,14.15,0
"MT004",2004,10,30,24.08,18.41,0
"MT004",2004,10,31,24.86,19.2,0
"MT004",2004,11,1,24.41,18.25,0
"MT004",2004,11,2,22.34,17.23,0
"MT004",2004,11,3,21.98,17.71,0
"MT004",2004,11,4,21.49,14.21,13.6
"MT004",2004,11,5,21.08,14.6,0
"MT004",2004,11,6,20.87,11.1,0
"MT004",2004,11,7,16.34,11.8,26.8
"MT004",2004,11,8,11.51,7.74,17.2
"MT004",2004,11,9,15.53,4.29,4.8
"MT004",2004,11,10,17.32,8.28,0
"MT004",2004,11,11,16.27,8.44,7.7
"MT004",2004,11,12,18.98,11.58,35.8
"MT004",2004,11,13,18,13.85,14.9
"MT004",2004,11,14,17.07,11.18,17.3
"MT004",2004,11,15,11.98,8.45,7
"MT004",2004,11,16,12.02,8.02,0
"MT004",2004,11,17,14.78,5.78,0
"MT004",2004,11,18,16.17,6.41,0
"MT004",2004,11,19,16.69,9.25,0
"MT004",2004,11,20,14,6.37,6.4
"MT004",2004,11,21,9.84,1.35,0
"MT004",2004,11,22,11.72,0.61,0
"MT004",2004,11,23,11.68,4.88,0
"MT004",2004,11,24,15.96,8.1,0
"MT004",2004,11,25,10.81,3.22,0
"MT004",2004,11,26,13.98,0.44,0
"MT004",2004,11,27,15.87,4.9,3.5
"MT004",2004,11,28,14.86,8.16,4.8
"MT004",2004,11,29,15.28,6.55,0
"MT004",2004,11,30,15.46,9.33,0
"MT004",2004,12,1,18.43,12.46,0
"MT004",2004,12,2,21.32,12.89,0
"MT004",2004,12,3,19.32,12.27,0
"MT004",2004,12,4,15.39,11.97,0
"MT004",2004,12,5,17.08,12.15,0
"MT004",2004,12,6,17.94,11.43,0
"MT004",2004,12,7,15.86,11.8,0
"MT004",2004,12,8,14.94,12.44,2.9
"MT004",2004,12,9,16.17,11.72,18.6
"MT004",2004,12,10,12.56,10.46,2.1
"MT004",2004,12,11,13.31,9.64,2.9
"MT004",2004,12,12,13.25,6.77,0
"MT004",2004,12,13,14.72,8.02,0
"MT004",2004,12,14,15.05,6.49,0
"MT004",2004,12,15,14.7,5.25,0
"MT004",2004,12,16,14.35,4.94,0
"MT004",2004,12,17,13.43,9.23,6.4
"MT004",2004,12,18,12.32,7.94,6.9
"MT004",2004,12,19,11.8,6.13,0
"MT004",2004,12,20,12.67,6.37,5.7
"MT004",2004,12,21,9.1,3.66,0
"MT004",2004,12,22,9.84,3.57,0
"MT004",2004,12,23,11.09,2.88,0
"MT004",2004,12,24,12.73,2.62,0
"MT004",2004,12,25,13.55,2.93,0
"MT004",2004,12,26,15.69,10.68,6.2
"MT004",2004,12,27,14.43,9.03,0
"MT004",2004,12,28,11.64,6.33,16.6
"MT004",2004,12,29,12.13,4.93,3.8
"MT004",2004,12,30,10.72,7.23,5.4
"MT004",2004,12,31,10.19,6.38,6.4
"MT004",2005,1,1,11.36,5.71,0
"MT004",2005,1,2,13.01,4.6,0
"MT004",2005,1,3,10.92,3.38,0
"MT004",2005,1,4,11.74,4.08,0
"MT004",2005,1,5,14.45,4.81,0
"MT004",2005,1,6,13.29,5.65,0
"MT004",2005,1,7,14.38,5.82,0
"MT004",2005,1,8,16.89,4.43,0
"MT004",2005,1,9,14.69,3.3,0
"MT004",2005,1,10,14.65,3.38,0
"MT004",2005,1,11,12.59,3.84,0
"MT004",2005,1,12,11.44,5.79,0
"MT004",2005,1,13,11.98,6.28,0
"MT004",2005,1,14,12.62,4.82,0
"MT004",2005,1,15,9.07,2.7,0
"MT004",2005,1,16,7.02,1.69,0
"MT004",2005,1,17,8.61,0.29,0
"MT004",2005,1,18,10.77,0.21,0
"MT004",2005,1,19,9.28,4.1,10.8
"MT004",2005,1,20,12.06,6.65,7.9
"MT004",2005,1,21,13.78,3.78,0
"MT004",2005,1,22,12.88,5.12,0
"MT004",2005,1,23,10.63,3.48,0
"MT004",2005,1,24,11.5,6,11.6
"MT004",2005,1,25,7.87,4,12.7
"MT004",2005,1,26,4.5,1.42,10.6
"MT004",2005,1,27,7.82,0.57,9.2
"MT004",2005,1,28,6.58,1.28,8.8
"MT004",2005,1,29,7.22,0.21,8.4
"MT004",2005,1,30,5.94,1.88,4.9
"MT004",2005,1,31,7.15,0.74,0
"MT004",2005,2,1,8.52,-0.41,0
"MT004",2005,2,2,6.49,2.56,0
"MT004",2005,2,3,8.28,2.41,0
"MT004",2005,2,4,6.74,1.88,0
"MT004",2005,2,5,7.63,-1.43,0
"MT004",2005,2,6,5.8,-2.1,0
"MT004",2005,2,7,9.22,0.49,0
"MT004",2005,2,8,7.88,1.93,0
"MT004",2005,2,9,7.93,1.51,0
"MT004",2005,2,10,9.47,2.32,0
"MT004",2005,2,11,12.67,0.21,0
"MT004",2005,2,12,13.08,3.92,0
"MT004",2005,2,13,14.85,7.46,0
"MT004",2005,2,14,11.87,6.33,10
"MT004",2005,2,15,7.6,2.04,5.1
"MT004",2005,2,16,6.83,1.62,7.6
"MT004",2005,2,17,7.44,1.52,0
"MT004",2005,2,18,8.55,0.74,0
"MT004",2005,2,19,9.62,0.78,0
"MT004",2005,2,20,8,1.6,7.9
"MT004",2005,2,21,10.18,3.98,5.9
"MT004",2005,2,22,13.14,4.71,7.6
"MT004",2005,2,23,10.94,1.46,5.5
"MT004",2005,2,24,12.33,3.06,0
"MT004",2005,2,25,13.17,4.99,0
"MT004",2005,2,26,10.31,6.38,14.3
"MT004",2005,2,27,8.29,1.79,8.8
"MT004",2005,2,28,7.29,0.35,2.7
"MT004",2005,3,1,2.9,-1.84,0
"MT004",2005,3,2,7.94,-2.8,0
"MT004",2005,3,3,9.9,-1.4,0
"MT004",2005,3,4,14.75,4.58,4.8
"MT004",2005,3,5,11.87,6.41,0
"MT004",2005,3,6,11.53,2.89,5.9
"MT004",2005,3,7,7.17,0.72,5.8
"MT004",2005,3,8,6.38,-0.64,0
"MT004",2005,3,9,10.92,0.37,0
"MT004",2005,3,10,11.43,2.48,0
"MT004",2005,3,11,10.45,-1.14,0
"MT004",2005,3,12,13.25,-0.41,0
"MT004",2005,3,13,14.49,5.08,0
"MT004",2005,3,14,15.49,3.49,0
"MT004",2005,3,15,16.07,5.72,0
"MT004",2005,3,16,16.78,4.93,0
"MT004",2005,3,17,18.52,5.87,0
"MT004",2005,3,18,19.75,7.1,0
"MT004",2005,3,19,18.4,7.22,0
"MT004",2005,3,20,18.69,7.17,0
"MT004",2005,3,21,16.81,6.37,0
"MT004",2005,3,22,15.82,7.26,0
"MT004",2005,3,23,16.57,7.29,0
"MT004",2005,3,24,17.49,9.39,0
"MT004",2005,3,25,17.78,10.81,0
"MT004",2005,3,26,16.3,10.91,0
"MT004",2005,3,27,18.5,12.21,0
"MT004",2005,3,28,16.69,10.22,0
"MT004",2005,3,29,19.5,9.41,0
"MT004",2005,3,30,15.78,9.93,6.1
"MT004",2005,3,31,16.3,7.92,4.5
"MT004",2005,4,1,15.46,8.2,0
"MT004",2005,4,2,13.74,4.85,0
"MT004",2005,4,3,14.14,2.7,0
"MT004",2005,4,4,14.94,3.8,0
"MT004",2005,4,5,15.22,7.66,0
"MT004",2005,4,6,15.76,7.91,0
"MT004",2005,4,7,18,6.74,0
"MT004",2005,4,8,17.5,6.63,0
"MT004",2005,4,9,17.34,10.66,0
"MT004",2005,4,10,17.16,10.36,0
"MT004",2005,4,11,16.49,8.39,0
"MT004",2005,4,12,14.26,9.09,7.2
"MT004",2005,4,13,14.11,7.72,5.4
"MT004",2005,4,14,17.24,7.06,0
"MT004",2005,4,15,17.46,6.39,0
"MT004",2005,4,16,16.95,9.44,0
"MT004",2005,4,17,16.64,7.16,7.1
"MT004",2005,4,18,15.99,6.57,4.9
"MT004",2005,4,19,17.79,8.5,0
"MT004",2005,4,20,18.9,10.1,0
"MT004",2005,4,21,14.85,5.84,6
"MT004",2005,4,22,15.17,4.5,0
"MT004",2005,4,23,15.49,4.33,0
"MT004",2005,4,24,17.65,6.9,0
"MT004",2005,4,25,17.76,11.46,1.2
"MT004",2005,4,26,22.35,11.45,0
"MT004",2005,4,27,22.3,9.3,0
"MT004",2005,4,28,22.95,10.28,0
"MT004",2005,4,29,22.35,11.52,0
"MT004",2005,4,30,22.46,11.66,0
"MT004",2005,5,1,21.89,9.8,0
"MT004",2005,5,2,23.7,11.49,0
"MT004",2005,5,3,25.43,13.7,0
"MT004",2005,5,4,25.51,14.92,0
"MT004",2005,5,5,24.86,14.79,0
"MT004",2005,5,6,15.2,12.68,22
"MT004",2005,5,7,21.36,11.09,0
"MT004",2005,5,8,21.24,10.1,0
"MT004",2005,5,9,22.45,10.42,0
"MT004",2005,5,10,22.47,12.27,0
"MT004",2005,5,11,22.67,13.39,0
"MT004",2005,5,12,22.74,14.19,0
"MT004",2005,5,13,22.08,12.41,0
"MT004",2005,5,14,22.17,12.32,0
"MT004",2005,5,15,22.26,13.44,0
"MT004",2005,5,16,22.51,13.76,0
"MT004",2005,5,17,22.97,13.95,0
"MT004",2005,5,18,23.48,15.68,0
"MT004",2005,5,19,20.9,13.04,1.5
"MT004",2005,5,20,21.99,11.62,0
"MT004",2005,5,21,24.25,10.9,0
"MT004",2005,5,22,24.26,10.63,0
"MT004",2005,5,23,24.09,13.26,0
"MT004",2005,5,24,24.13,14.51,4.3
"MT004",2005,5,25,26.91,14.85,0
"MT004",2005,5,26,26.79,15.19,0
"MT004",2005,5,27,27.27,15.17,0
"MT004",2005,5,28,28.24,16.36,0
"MT004",2005,5,29,27.58,16.35,6
"MT004",2005,5,30,27.25,15.8,0
"MT004",2005,5,31,27.42,14.97,0
"MT004",2005,6,1,27.86,17.14,0
"MT004",2005,6,2,25.99,16.69,0
"MT004",2005,6,3,26.1,14.34,0
"MT004",2005,6,4,25.4,15.8,0
"MT004",2005,6,5,26.38,16.76,0
"MT004",2005,6,6,26.43,17.33,0
"MT004",2005,6,7,25.32,16.01,11.2
"MT004",2005,6,8,20.62,13.06,2.3
"MT004",2005,6,9,20,10.26,0
"MT004",2005,6,10,19.32,10.75,3.2
"MT004",2005,6,11,21.66,9.96,0
"MT004",2005,6,12,22.68,10.55,0
"MT004",2005,6,13,24.62,13.81,0
"MT004",2005,6,14,24.61,15.25,0
"MT004",2005,6,15,25.5,16.81,0
"MT004",2005,6,16,22.8,16.11,0
"MT004",2005,6,17,28.09,14.99,0
"MT004",2005,6,18,28.98,18.6,0
"MT004",2005,6,19,29.14,17.02,6.3
"MT004",2005,6,20,28.42,16.84,0
"MT004",2005,6,21,28.53,15.91,0
"MT004",2005,6,22,29.19,15.77,0
"MT004",2005,6,23,29.05,16.66,0
"MT004",2005,6,24,30.56,19.21,0
"MT004",2005,6,25,30.18,19.21,0
"MT004",2005,6,26,30.49,18.49,0
"MT004",2005,6,27,33.01,19.76,0
"MT004",2005,6,28,33.52,20.86,0
"MT004",2005,6,29,32.12,22.09,0
"MT004",2005,6,30,33.39,21.87,0
"MT004",2005,7,1,32.9,21.48,0
"MT004",2005,7,2,30.16,20.66,0
"MT004",2005,7,3,28.77,19.34,0
"MT004",2005,7,4,28.86,17.53,0
"MT004",2005,7,5,28.97,16.69,0
"MT004",2005,7,6,29.69,19.87,0
"MT004",2005,7,7,28.02,19.33,0
"MT004",2005,7,8,29.38,17.83,0
"MT004",2005,7,9,28.89,17.75,0
"MT004",2005,7,10,28.94,19.76,0
"MT004",2005,7,11,27.57,18.49,7.7
"MT004",2005,7,12,26.06,16.43,0
"MT004",2005,7,13,27.01,17.47,10.4
"MT004",2005,7,14,27.65,16.88,0
"MT004",2005,7,15,29.75,18.65,0
"MT004",2005,7,16,31.4,18.58,0
"MT004",2005,7,17,31.56,20.16,0
"MT004",2005,7,18,31.3,19.48,0
"MT004",2005,7,19,35.31,20.96,0
"MT004",2005,7,20,31.6,20.75,0
"MT004",2005,7,21,30.95,20.48,0
"MT004",2005,7,22,30.18,20.2,0
"MT004",2005,7,23,30.26,20.38,0
"MT004",2005,7,24,30.74,19.52,0
"MT004",2005,7,25,30.38,19.2,0
"MT004",2005,7,26,31.75,20.18,0
"MT004",2005,7,27,32.44,21.36,0
"MT004",2005,7,28,34.14,20.55,0
"MT004",2005,7,29,36.13,21.8,0
"MT004",2005,7,30,35.35,21.25,0
"MT004",2005,7,31,34.13,22.69,0
"MT004",2005,8,1,34.72,21.9,0
"MT004",2005,8,2,33.58,21.76,0
"MT004",2005,8,3,32.48,22.51,6.8
"MT004",2005,8,4,28.4,16.48,0
"MT004",2005,8,5,25.82,18.71,0
"MT004",2005,8,6,27.82,16.76,0
"MT004",2005,8,7,28.71,17.17,0
"MT004",2005,8,8,24.13,19,4.9
"MT004",2005,8,9,27.75,15.76,0
"MT004",2005,8,10,27.89,16.09,0
"MT004",2005,8,11,29.15,18.79,0
"MT004",2005,8,12,32.39,20.18,0
"MT004",2005,8,13,29.91,20.79,0
"MT004",2005,8,14,30,19.92,0
"MT004",2005,8,15,30.39,18.82,0
"MT004",2005,8,16,26.95,17.01,0
"MT004",2005,8,17,26.79,14.69,0
"MT004",2005,8,18,28.11,16.43,0
"MT004",2005,8,19,28.13,18.58,0
"MT004",2005,8,20,27.17,18.51,0
"MT004",2005,8,21,28.81,20.47,0
"MT004",2005,8,22,26.85,17.88,9.7
"MT004",2005,8,23,26.29,16.51,0
"MT004",2005,8,24,26.17,16.8,8.5
"MT004",2005,8,25,27.17,15.21,0
"MT004",2005,8,26,28.37,16.77,0
"MT004",2005,8,27,28.25,17,0
"MT004",2005,8,28,29.56,17.21,0
"MT004",2005,8,29,28.85,18.26,0
"MT004",2005,8,30,28.15,18.62,20.1
"MT004",2005,8,31,27.19,18.19,6.6
"MT004",2005,9,1,27.44,17.53,0
"MT004",2005,9,2,29.71,18.31,0
"MT004",2005,9,3,29.3,19.61,0
"MT004",2005,9,4,27.35,18.02,5.4
"MT004",2005,9,5,24.77,16.88,15.1
"MT004",2005,9,6,24.7,14.85,0
"MT004",2005,9,7,26.16,17.34,0
"MT004",2005,9,8,28.14,18.87,0
"MT004",2005,9,9,26.16,19.75,0
"MT004",2005,9,10,27.83,18.83,0
"MT004",2005,9,11,26.39,17.44,0
"MT004",2005,9,12,27.87,17.79,0
"MT004",2005,9,13,26.13,20.18,4.1
"MT004",2005,9,14,27.08,16.84,5.3
"MT004",2005,9,15,26.48,15.21,0
"MT004",2005,9,16,28.11,14.75,0
"MT004",2005,9,17,26.65,16.84,0
"MT004",2005,9,18,27.12,19.25,0
"MT004",2005,9,19,24.12,16.6,11.3
"MT004",2005,9,20,20.54,14.61,5.5
"MT004",2005,9,21,22.85,14.11,0
"MT004",2005,9,22,22.55,13.78,7.9
"MT004",2005,9,23,21.33,14.86,8.4
"MT004",2005,9,24,22.18,13.48,0
"MT004",2005,9,25,22.59,13.65,0
"MT004",2005,9,26,24.13,13.72,0
"MT004",2005,9,27,24.32,13.91,0
"MT004",2005,9,28,24.4,14.63,0
"MT004",2005,9,29,24.7,14.8,0
"MT004",2005,9,30,21.67,14.13,17.8
"MT004",2005,10,1,19.23,9.65,0
"MT004",2005,10,2,21.87,9.31,0
"MT004",2005,10,3,23.18,12.57,0
"MT004",2005,10,4,23.06,16.28,18.7
"MT004",2005,10,5,22.12,13.97,0
"MT004",2005,10,6,22.19,13.09,0
"MT004",2005,10,7,21.68,15.19,10.8
"MT004",2005,10,8,22.34,13.43,6.4
"MT004",2005,10,9,20.09,12.52,11.3
"MT004",2005,10,10,21.04,12.76,0
"MT004",2005,10,11,20.6,10.21,0
"MT004",2005,10,12,20.45,10.91,0
"MT004",2005,10,13,20.73,11.97,0
"MT004",2005,10,14,21.39,12.19,0
"MT004",2005,10,15,21.2,12.07,0
"MT004",2005,10,16,19.97,9.63,0
"MT004",2005,10,17,18.94,9.89,0
"MT004",2005,10,18,17.08,8.88,0
"MT004",2005,10,19,17.67,5.55,0
"MT004",2005,10,20,19.5,9.76,0
"MT004",2005,10,21,21.74,14.12,0
"MT004",2005,10,22,21.83,15.39,5.6
"MT004",2005,10,23,22.51,14.63,3.7
"MT004",2005,10,24,21.77,13.71,0
"MT004",2005,10,25,21.23,13,0
"MT004",2005,10,26,21.02,12.33,0
"MT004",2005,10,27,20.84,12.06,0
"MT004",2005,10,28,20.88,11.95,0
"MT004",2005,10,29,19.28,11.15,0
"MT004",2005,10,30,18.69,11.8,0
"MT004",2005,10,31,19.61,11.32,0
"MT004",2005,11,1,19.22,11.53,0
"MT004",2005,11,2,19,11.99,2.8
"MT004",2005,11,3,20.24,12.7,0
"MT004",2005,11,4,19.53,10.6,0
"MT004",2005,11,5,19.81,10.2,0
"MT004",2005,11,6,19.48,10.63,0
"MT004",2005,11,7,17.66,12.21,8.2
"MT004",2005,11,8,18.8,10.15,6.3
"MT004",2005,11,9,19.69,11.27,0
"MT004",2005,11,10,19.04,9.85,0
"MT004",2005,11,11,18.34,9.3,0
"MT004",2005,11,12,17.98,7.77,0
"MT004",2005,11,13,17.15,7.8,0
"MT004",2005,11,14,18.37,10.97,0
"MT004",2005,11,15,18.52,9.11,0
"MT004",2005,11,16,20.5,10.97,10.2
"MT004",2005,11,17,15.08,9.56,13.3
"MT004",2005,11,18,13.48,9.5,7.5
"MT004",2005,11,19,10.74,5.94,0
"MT004",2005,11,20,6.65,1.68,0
"MT004",2005,11,21,10.8,0.4,0
"MT004",2005,11,22,10.3,5.01,9.5
"MT004",2005,11,23,7.92,4.77,11.5
"MT004",2005,11,24,11.61,2.29,7.7
"MT004",2005,11,25,11.83,3.46,0
"MT004",2005,11,26,16.25,7.79,0
"MT004",2005,11,27,16.22,9.84,6.9
"MT004",2005,11,28,13.7,5.93,7
"MT004",2005,11,29,14.49,4.61,0
"MT004",2005,11,30,15.24,9.55,6.6
"MT004",2005,12,1,12.96,9.6,5.9
"MT004",2005,12,2,12.79,5.42,0
"MT004",2005,12,3,14.46,5.56,5.8
"MT004",2005,12,4,15.93,9.42,0
"MT004",2005,12,5,16.16,8.27,0
"MT004",2005,12,6,14.85,9.51,5.9
"MT004",2005,12,7,13.73,6.23,4.8
"MT004",2005,12,8,12.01,3.23,0
"MT004",2005,12,9,11.12,4.02,9
"MT004",2005,12,10,11.14,7.48,6.1
"MT004",2005,12,11,11.62,5.41,18.5
"MT004",2005,12,12,13.99,8.17,7.1
"MT004",2005,12,13,12.73,8.25,2.6
"MT004",2005,12,14,13.18,9.07,2.6
"MT004",2005,12,15,11.32,5.62,3.7
"MT004",2005,12,16,12.64,6.03,0
"MT004",2005,12,17,15.13,7.86,7.8
"MT004",2005,12,18,6.78,2.01,9.4
"MT004",2005,12,19,7.66,-0.44,0
"MT004",2005,12,20,9.27,-1.45,0
"MT004",2005,12,21,9.7,0.01,0
"MT004",2005,12,22,8.21,0.74,0
"MT004",2005,12,23,10.19,2.12,0
"MT004",2005,12,24,9.87,1.26,0
"MT004",2005,12,25,10.96,1.37,0
"MT004",2005,12,26,12.82,5.04,0
"MT004",2005,12,27,14.02,6.83,8.2
"MT004",2005,12,28,13.63,9.47,17.4
"MT004",2005,12,29,11.29,5.88,5
"MT004",2005,12,30,7.49,2.68,0
"MT004",2005,12,31,11.99,3.81,0.7
"MT004",2006,1,1,14.44,8.79,2.9
"MT004",2006,1,2,12.74,7.4,7.6
"MT004",2006,1,3,11.27,5.66,8.4
"MT004",2006,1,4,10.58,4.43,1.8
"MT004",2006,1,5,10.47,4.89,0
"MT004",2006,1,6,10.19,4.47,0
"MT004",2006,1,7,11.12,2.29,0
"MT004",2006,1,8,10.51,1.91,0
"MT004",2006,1,9,9.73,3.98,0
"MT004",2006,1,10,8.71,1.93,0
"MT004",2006,1,11,8.27,2.35,0
"MT004",2006,1,12,6.5,2.66,0
"MT004",2006,1,13,7.88,0.62,0
"MT004",2006,1,14,6.76,-0.21,0
"MT004",2006,1,15,7.27,0.41,2
"MT004",2006,1,16,9.9,3.05,0
"MT004",2006,1,17,11.08,1.82,0
"MT004",2006,1,18,12.12,4.63,2.9
"MT004",2006,1,19,11.63,4.46,5.3
"MT004",2006,1,20,12.03,1.04,0
"MT004",2006,1,21,11.45,0.31,0
"MT004",2006,1,22,11.01,0.84,0
"MT004",2006,1,23,6.64,3.47,2.6
"MT004",2006,1,24,3.72,1.1,0
"MT004",2006,1,25,4.42,-1.59,0
"MT004",2006,1,26,7.5,-2.79,0
"MT004",2006,1,27,10.58,1.73,0
"MT004",2006,1,28,12.64,7.69,0
"MT004",2006,1,29,13.17,9.05,0
"MT004",2006,1,30,12.01,9.6,0
"MT004",2006,1,31,14.23,7.49,0
"MT004",2006,2,1,15,5.77,0
"MT004",2006,2,2,13.74,4.79,0
"MT004",2006,2,3,12.39,3.94,0
"MT004",2006,2,4,11.36,3.43,0
"MT004",2006,2,5,8.91,3.4,0
"MT004",2006,2,6,5.43,2.21,0
"MT004",2006,2,7,5.47,-1.63,0
"MT004",2006,2,8,11.9,-0.28,0
"MT004",2006,2,9,11.78,5.06,3.1
"MT004",2006,2,10,12.43,4.88,2.6
"MT004",2006,2,11,9.95,3.39,1.1
"MT004",2006,2,12,8.67,0.84,0
"MT004",2006,2,13,7.67,-1.03,0
"MT004",2006,2,14,9.62,0.76,0
"MT004",2006,2,15,11.95,-0.91,0
"MT004",2006,2,16,12.55,6.67,0
"MT004",2006,2,17,15.72,10.29,0
"MT004",2006,2,18,17.37,7.6,0
"MT004",2006,2,19,16.95,7.34,0
"MT004",2006,2,20,16.27,6.55,0
"MT004",2006,2,21,15.43,7.55,8.5
"MT004",2006,2,22,13.86,7.41,4.1
"MT004",2006,2,23,11.73,8.09,25.5
"MT004",2006,2,24,12.52,8.53,13.9
"MT004",2006,2,25,12.48,5.63,5.5
"MT004",2006,2,26,12.49,5.41,0
"MT004",2006,2,27,11.74,3.94,4.6
"MT004",2006,2,28,10.88,4.97,21.8
"MT004",2006,3,1,12.28,3.7,0
"MT004",2006,3,2,12.13,5.77,4.3
"MT004",2006,3,3,12.86,4.87,0
"MT004",2006,3,4,15.08,8.34,0
"MT004",2006,3,5,16.29,9.44,3.1
"MT004",2006,3,6,13.68,5.7,0
"MT004",2006,3,7,7.27,2.48,0
"MT004",2006,3,8,7.87,0.21,0
"MT004",2006,3,9,10.2,-1.81,0
"MT004",2006,3,10,16.54,5.75,5.9
"MT004",2006,3,11,11.71,5.37,15.9
"MT004",2006,3,12,8.84,5.21,7.7
"MT004",2006,3,13,8.59,2.35,2.5
"MT004",2006,3,14,9.65,1.1,0
"MT004",2006,3,15,10.6,3.25,0
"MT004",2006,3,16,13.06,4.12,0
"MT004",2006,3,17,12.84,5.18,0
"MT004",2006,3,18,11.84,4.37,0
"MT004",2006,3,19,10.16,5.43,2
"MT004",2006,3,20,14.57,7.94,0
"MT004",2006,3,21,16.73,6.17,0
"MT004",2006,3,22,15.01,9.91,10.1
"MT004",2006,3,23,14.9,9.04,14.4
"MT004",2006,3,24,13.59,7.12,5.1
"MT004",2006,3,25,13.41,8.66,2.2
"MT004",2006,3,26,16.7,7.57,0
"MT004",2006,3,27,17.43,8.6,0
"MT004",2006,3,28,18.63,8.03,0
"MT004",2006,3,29,18.18,9.39,0
"MT004",2006,3,30,18.86,7.88,0
"MT004",2006,3,31,18.42,8.66,0
"MT004",2006,4,1,18.05,8.64,0
"MT004",2006,4,2,18.37,8.82,0
"MT004",2006,4,3,18.69,9.51,0
"MT004",2006,4,4,18.21,8.25,0
"MT004",2006,4,5,17.79,5.42,0
"MT004",2006,4,6,18.72,11.42,0
"MT004",2006,4,7,16.93,8.45,0
"MT004",2006,4,8,17.02,6.89,0
"MT004",2006,4,9,18.15,6.05,0
"MT004",2006,4,10,18.09,8.66,0
"MT004",2006,4,11,21.3,9.34,5.5
"MT004",2006,4,12,17.1,6.46,0
"MT004",2006,4,13,12.89,6.57,5.1
"MT004",2006,4,14,18.58,4.53,0
"MT004",2006,4,15,19.5,7.39,0
"MT004",2006,4,16,21.33,9.64,0
"MT004",2006,4,17,17.6,9.95,1.3
"MT004",2006,4,18,19.61,12.01,0
"MT004",2006,4,19,19.27,13.34,0
"MT004",2006,4,20,19.77,11.37,0
"MT004",2006,4,21,17.96,9.49,3.6
"MT004",2006,4,22,20.5,10.1,3.9
"MT004",2006,4,23,22.45,9.43,0
"MT004",2006,4,24,20.79,9.86,0
"MT004",2006,4,25,19.67,9.6,0
"MT004",2006,4,26,16.7,12.75,2.6
"MT004",2006,4,27,15.29,12.29,6.9
"MT004",2006,4,28,14.91,11.19,7.9
"MT004",2006,4,29,18.19,10.43,5.3
"MT004",2006,4,30,17.64,8.99,0
"MT004",2006,5,1,19.65,10.46,0
"MT004",2006,5,2,19.07,10.2,0
"MT004",2006,5,3,20.03,10.91,0
"MT004",2006,5,4,19.72,10.97,0
"MT004",2006,5,5,18.76,10.67,0
"MT004",2006,5,6,20.09,8.23,0
"MT004",2006,5,7,21.09,10.06,0
"MT004",2006,5,8,20.06,8.67,0
"MT004",2006,5,9,20.51,10.33,0
"MT004",2006,5,10,19.81,11.56,0
"MT004",2006,5,11,19.21,11.31,0
"MT004",2006,5,12,20.53,8.57,0
"MT004",2006,5,13,22.3,10.94,0
"MT004",2006,5,14,23.07,11.18,0
"MT004",2006,5,15,23.15,11.65,0
"MT004",2006,5,16,24.42,12.67,0
"MT004",2006,5,17,24.96,14.69,0
"MT004",2006,5,18,25.67,13.43,0
"MT004",2006,5,19,26.44,14.84,0
"MT004",2006,5,20,27.25,16.07,0
"MT004",2006,5,21,28.16,14.23,0
"MT004",2006,5,22,25.52,13.81,0
"MT004",2006,5,23,26.31,16.03,0
"MT004",2006,5,24,27.25,16.75,0
"MT004",2006,5,25,26.57,16.25,0
"MT004",2006,5,26,27.43,13.87,0
"MT004",2006,5,27,27.08,13.41,0
"MT004",2006,5,28,27.16,14.7,0
"MT004",2006,5,29,27.13,16,0
"MT004",2006,5,30,28.96,16.04,0
"MT004",2006,5,31,20.88,12.3,0
"MT004",2006,6,1,19.38,10.73,14.3
"MT004",2006,6,2,19.17,10.37,11.5
"MT004",2006,6,3,11.26,9.54,8.3
"MT004",2006,6,4,20.2,10.61,5.8
"MT004",2006,6,5,21.26,10.66,0
"MT004",2006,6,6,21.76,10.5,0
"MT004",2006,6,7,22.09,12.69,3
"MT004",2006,6,8,22.08,11.88,0
"MT004",2006,6,9,22.51,11.52,0
"MT004",2006,6,10,22.75,11.12,0
"MT004",2006,6,11,22.92,10.54,9.6
"MT004",2006,6,12,20.03,11.87,7.6
"MT004",2006,6,13,25.26,11.95,0
"MT004",2006,6,14,27.1,13.93,0
"MT004",2006,6,15,27.26,16.01,0
"MT004",2006,6,16,27.44,16.15,0
"MT004",2006,6,17,29.07,15.76,0
"MT004",2006,6,18,30.64,16.99,0
"MT004",2006,6,19,32.15,20.04,0
"MT004",2006,6,20,35.37,21.3,0
"MT004",2006,6,21,33.94,20.79,0
"MT004",2006,6,22,33.43,20.45,0
"MT004",2006,6,23,32.15,20.23,0
"MT004",2006,6,24,31.45,20.33,0
"MT004",2006,6,25,32.31,19.71,0
"MT004",2006,6,26,31.66,19.91,0
"MT004",2006,6,27,33.19,21.15,0
"MT004",2006,6,28,34.03,21.85,0
"MT004",2006,6,29,35.25,22.57,0
"MT004",2006,6,30,33.53,22.27,0
"MT004",2006,7,1,31.87,20.97,0
"MT004",2006,7,2,29.83,19.32,0
"MT004",2006,7,3,28.71,19.62,0
"MT004",2006,7,4,28.46,18.06,12.5
"MT004",2006,7,5,27.9,16.86,0
"MT004",2006,7,6,29,16.88,0
"MT004",2006,7,7,29.33,17.93,9.7
"MT004",2006,7,8,25.73,16.17,7.6
"MT004",2006,7,9,25.97,17.26,0
"MT004",2006,7,10,28.68,17.08,0
"MT004",2006,7,11,29.41,18.63,0
"MT004",2006,7,12,28.97,19.3,5.5
"MT004",2006,7,13,29.7,18.54,0
"MT004",2006,7,14,30.3,18.66,0
"MT004",2006,7,15,31.36,18.8,0
"MT004",2006,7,16,30.23,19.04,0
"MT004",2006,7,17,28.36,17.85,0
"MT004",2006,7,18,28.56,16.52,0
"MT004",2006,7,19,29.69,16.38,0
"MT004",2006,7,20,31,17.44,0
"MT004",2006,7,21,32.06,18.89,0
"MT004",2006,7,22,31.86,19.43,0
"MT004",2006,7,23,31.24,19.32,0
"MT004",2006,7,24,32.95,19.42,0
"MT004",2006,7,25,32.84,19.59,0
"MT004",2006,7,26,31.08,20.22,0
"MT004",2006,7,27,31.66,20.01,0
"MT004",2006,7,28,31.84,21.1,0
"MT004",2006,7,29,32.03,21.68,0
"MT004",2006,7,30,28.92,19.65,11.1
"MT004",2006,7,31,31.39,20.3,0
"MT004",2006,8,1,32.22,20.36,0
"MT004",2006,8,2,32.91,21.64,0
"MT004",2006,8,3,31.08,21.18,0
"MT004",2006,8,4,31.02,20.64,10.1
"MT004",2006,8,5,26.73,19.38,7.7
"MT004",2006,8,6,26.47,17.69,0
"MT004",2006,8,7,27.99,16.03,0
"MT004",2006,8,8,27.85,17.41,0
"MT004",2006,8,9,25.94,17.41,10.5
"MT004",2006,8,10,24.78,17.2,5.5
"MT004",2006,8,11,27.04,16.9,0
"MT004",2006,8,12,27.62,18.06,0
"MT004",2006,8,13,26.5,16.02,12.9
"MT004",2006,8,14,26.82,14.66,0
"MT004",2006,8,15,27.8,15.26,0
"MT004",2006,8,16,28.02,16.96,0
"MT004",2006,8,17,29.37,18.35,0
"MT004",2006,8,18,31.92,19.47,0
"MT004",2006,8,19,34.61,20.77,0
"MT004",2006,8,20,36.48,22.04,0
"MT004",2006,8,21,32.12,21.44,0
"MT004",2006,8,22,29,17.95,0
"MT004",2006,8,23,28.42,18.5,0
"MT004",2006,8,24,28.15,17.69,0
"MT004",2006,8,25,29.07,17.8,0
"MT004",2006,8,26,28.61,18.71,0
"MT004",2006,8,27,27.36,16.49,0
"MT004",2006,8,28,27.37,16.16,0
"MT004",2006,8,29,27.24,17.8,0
"MT004",2006,8,30,28.16,18.85,0
"MT004",2006,8,31,25.75,13.79,0
"MT004",2006,9,1,25.74,12.69,0
"MT004",2006,9,2,25.56,12.66,0
"MT004",2006,9,3,26.58,13.54,0
"MT004",2006,9,4,28.88,16.08,0
"MT004",2006,9,5,31.09,17.47,0
"MT004",2006,9,6,31.63,18.53,0
"MT004",2006,9,7,30.39,18.27,0
"MT004",2006,9,8,28.67,17.11,0
"MT004",2006,9,9,28.63,19.25,0
"MT004",2006,9,10,27.51,17.94,0
"MT004",2006,9,11,26.9,17.9,0
"MT004",2006,9,12,26.22,16.58,0
"MT004",2006,9,13,26.55,16.72,0
"MT004",2006,9,14,25.87,15.74,0
"MT004",2006,9,15,27.18,19.31,0
"MT004",2006,9,16,26.13,17.25,3.9
"MT004",2006,9,17,24.01,15.7,14.7
"MT004",2006,9,18,24.61,16.25,4.5
"MT004",2006,9,19,24.94,15.92,0
"MT004",2006,9,20,25.72,14.61,3.5
"MT004",2006,9,21,25.32,15.15,0
"MT004",2006,9,22,25.34,14.21,0
"MT004",2006,9,23,24.72,15.32,0
"MT004",2006,9,24,23.11,12.99,0
"MT004",2006,9,25,23.6,12.1,0
"MT004",2006,9,26,22.21,16.01,30.7
"MT004",2006,9,27,21.32,14.54,1.2
"MT004",2006,9,28,24.34,15.52,0
"MT004",2006,9,29,23.65,14.23,0
"MT004",2006,9,30,24.86,16.1,0
"MT004",2006,10,1,25.54,15.31,0
"MT004",2006,10,2,25.46,15.09,0
"MT004",2006,10,3,24.86,14.5,0
"MT004",2006,10,4,26.56,18.51,0
"MT004",2006,10,5,23.53,17.87,0
"MT004",2006,10,6,22.86,15.17,3.6
"MT004",2006,10,7,23.33,13.78,0
"MT004",2006,10,8,22.52,13.71,0
"MT004",2006,10,9,21.91,13.97,0
"MT004",2006,10,10,22.31,13.48,0
"MT004",2006,10,11,21.98,13,0
"MT004",2006,10,12,22.4,12.41,0
"MT004",2006,10,13,21.83,13.36,0
"MT004",2006,10,14,21.71,12.87,0
"MT004",2006,10,15,20.49,14.61,0
"MT004",2006,10,16,20.75,11.85,0
"MT004",2006,10,17,18.64,9.81,0
"MT004",2006,10,18,18.63,7.42,0
"MT004",2006,10,19,19.15,7.54,0
"MT004",2006,10,20,18.24,12.97,2.3
"MT004",2006,10,21,22.48,12.57,0
"MT004",2006,10,22,21.98,15.96,9.4
"MT004",2006,10,23,23.71,14.47,0
"MT004",2006,10,24,23.4,14.04,0
"MT004",2006,10,25,23.19,15.29,0
"MT004",2006,10,26,21.99,13.49,0
"MT004",2006,10,27,22.81,12.88,0
"MT004",2006,10,28,24.23,13.56,0
"MT004",2006,10,29,22.98,14.53,0
"MT004",2006,10,30,21.14,13.3,0
"MT004",2006,10,31,19.66,7.94,0
"MT004",2006,11,1,20.58,7.28,0
"MT004",2006,11,2,18.97,8.02,5.6
"MT004",2006,11,3,10.4,1.67,0
"MT004",2006,11,4,9.96,0.61,0
"MT004",2006,11,5,14.31,0.89,0
"MT004",2006,11,6,17.04,6.36,0
"MT004",2006,11,7,18,7.6,0
"MT004",2006,11,8,19.89,7.06,0
"MT004",2006,11,9,17.98,7.75,0
"MT004",2006,11,10,18.02,8.5,4.3
"MT004",2006,11,11,16.01,4.31,0
"MT004",2006,11,12,14.91,6.13,0
"MT004",2006,11,13,17.8,7.23,0
"MT004",2006,11,14,17.95,5.08,0
"MT004",2006,11,15,18.22,6.14,0
"MT004",2006,11,16,17.1,6.57,0
"MT004",2006,11,17,18.95,7.47,0
"MT004",2006,11,18,18.27,8.63,0
"MT004",2006,11,19,19.7,8.22,0
"MT004",2006,11,20,17.58,8.8,0
"MT004",2006,11,21,18.14,10.29,6.4
"MT004",2006,11,22,15.15,9.96,17.2
"MT004",2006,11,23,16.06,7.33,0
"MT004",2006,11,24,16.93,6.11,0
"MT004",2006,11,25,17.29,6.5,0
"MT004",2006,11,26,17.27,8.13,0
"MT004",2006,11,27,17.55,7.35,0
"MT004",2006,11,28,16.89,5.44,0
"MT004",2006,11,29,16.03,5.6,0
"MT004",2006,11,30,15.16,6.15,0
"MT004",2006,12,1,15.18,5.1,0
"MT004",2006,12,2,14.65,5.15,0
"MT004",2006,12,3,14.43,4.61,0
"MT004",2006,12,4,15.6,6.51,1.9
"MT004",2006,12,5,18.98,9.13,0
"MT004",2006,12,6,15.74,7.12,0
"MT004",2006,12,7,16.56,8.07,0
"MT004",2006,12,8,17.15,10.2,0
"MT004",2006,12,9,17.07,6.95,0
"MT004",2006,12,10,16.68,8.97,0
"MT004",2006,12,11,13.38,7.48,9
"MT004",2006,12,12,12.82,3.94,0
"MT004",2006,12,13,13.13,3.62,0
"MT004",2006,12,14,9.09,7.05,0
"MT004",2006,12,15,15.02,6.27,0
"MT004",2006,12,16,14.81,5.15,0
"MT004",2006,12,17,12.99,7.87,3.7
"MT004",2006,12,18,14.61,9.1,11.4
"MT004",2006,12,19,11.09,8.59,19.8
"MT004",2006,12,20,10.82,6.05,1.9
"MT004",2006,12,21,7.25,5.56,12.4
"MT004",2006,12,22,8.74,6.07,59.6
"MT004",2006,12,23,10.42,6.87,0
"MT004",2006,12,24,12.25,4.39,0
"MT004",2006,12,25,13.05,2.96,0
"MT004",2006,12,26,12.32,3.85,0
"MT004",2006,12,27,12.82,2.28,0
"MT004",2006,12,28,12.68,2.72,0
"MT004",2006,12,29,12.45,3.12,0
"MT004",2006,12,30,14.12,3.91,0
"MT004",2006,12,31,13.89,2.89,0
"MT004",2007,1,1,14.46,5.5,0
"MT004",2007,1,2,14.78,5.33,6.4
"MT004",2007,1,3,9.27,3.66,0
"MT004",2007,1,4,11.81,2.14,0
"MT004",2007,1,5,11.28,5.83,1.9
"MT004",2007,1,6,13.79,4.88,0
"MT004",2007,1,7,14.25,3.09,0
"MT004",2007,1,8,13.71,3.84,0
"MT004",2007,1,9,15.67,6.12,0
"MT004",2007,1,10,14.47,4.11,0
"MT004",2007,1,11,15.26,5.27,0
"MT004",2007,1,12,16.51,7.4,0
"MT004",2007,1,13,17.43,6.41,0
"MT004",2007,1,14,16.53,3.12,0
"MT004",2007,1,15,14,4.12,0
"MT004",2007,1,16,13.49,2.59,0
"MT004",2007,1,17,15.45,6.22,0
"MT004",2007,1,18,18.09,9.4,0
"MT004",2007,1,19,16.93,10.28,0
"MT004",2007,1,20,20.11,10.1,0
"MT004",2007,1,21,18.74,8.4,0
"MT004",2007,1,22,16.37,6.41,0
"MT004",2007,1,23,16.52,7.87,6.9
"MT004",2007,1,24,14.43,6.55,12.4
"MT004",2007,1,25,11.26,4.04,6.3
"MT004",2007,1,26,8.6,3.54,0
"MT004",2007,1,27,11.66,1.43,0
"MT004",2007,1,28,10.56,1.36,0
"MT004",2007,1,29,12.62,2.71,0
"MT004",2007,1,30,13.9,2.22,0
"MT004",2007,1,31,13.72,1.96,0
"MT004",2007,2,1,13.31,4.8,0
"MT004",2007,2,2,12.97,4.78,0
"MT004",2007,2,3,13.71,1.7,0
"MT004",2007,2,4,10.41,3.6,0
"MT004",2007,2,5,11.85,2.25,0
"MT004",2007,2,6,13.4,2.67,0
"MT004",2007,2,7,13.07,4.91,5.6
"MT004",2007,2,8,13.95,6.16,2.8
"MT004",2007,2,9,14.95,6.16,0
"MT004",2007,2,10,13.85,9.16,5.4
"MT004",2007,2,11,15.96,9.56,3.1
"MT004",2007,2,12,14.24,8.08,0
"MT004",2007,2,13,14.45,8.04,11.6
"MT004",2007,2,14,16.26,6.19,0
"MT004",2007,2,15,15.36,6.74,7
"MT004",2007,2,16,14.54,7.85,4.8
"MT004",2007,2,17,13.31,5.5,0
"MT004",2007,2,18,13.39,6.07,1.5
"MT004",2007,2,19,14.55,7.7,4.5
"MT004",2007,2,20,13.22,12.21,11.5
"MT004",2007,2,21,14.47,9.38,1.9
"MT004",2007,2,22,15.72,8.36,0
"MT004",2007,2,23,14.83,7.94,0
"MT004",2007,2,24,15.17,6.94,0
"MT004",2007,2,25,16.21,7.53,0
"MT004",2007,2,26,13.39,7.3,14.1
"MT004",2007,2,27,14.92,6.4,0
"MT004",2007,2,28,16.26,4.41,0
"MT004",2007,3,1,17.17,10.79,0
"MT004",2007,3,2,17.01,10.6,0
"MT004",2007,3,3,18.16,9.52,0
"MT004",2007,3,4,20.27,9.85,0
"MT004",2007,3,5,17.19,6.38,0
"MT004",2007,3,6,15.59,5.43,0
"MT004",2007,3,7,16.07,9.26,0
"MT004",2007,3,8,15.28,10.11,5.5
"MT004",2007,3,9,15.46,9.9,0
"MT004",2007,3,10,12.35,9.47,5.1
"MT004",2007,3,11,14.05,10.31,0
"MT004",2007,3,12,16.1,8.89,0
"MT004",2007,3,13,17.26,6.47,0
"MT004",2007,3,14,17.77,6.85,0
"MT004",2007,3,15,18.56,7.36,0
"MT004",2007,3,16,18.81,7.29,0
"MT004",2007,3,17,16.46,5.96,0
"MT004",2007,3,18,18.7,7.13,0
"MT004",2007,3,19,15.59,8.31,1.4
"MT004",2007,3,20,11.38,6.03,21.5
"MT004",2007,3,21,8.57,3.85,13.4
"MT004",2007,3,22,10.2,4.01,9.5
"MT004",2007,3,23,13.79,3.94,0
"MT004",2007,3,24,11.5,4.17,12
"MT004",2007,3,25,11.58,5.31,16.6
"MT004",2007,3,26,14.45,5.08,0
"MT004",2007,3,27,13.16,7,3.6
"MT004",2007,3,28,13.71,4.92,0
"MT004",2007,3,29,13.92,9.71,0
"MT004",2007,3,30,15.59,9.83,3.4
"MT004",2007,3,31,16.9,8.47,0
"MT004",2007,4,1,15.57,5.61,0
"MT004",2007,4,2,15.94,7.43,0
"MT004",2007,4,3,15.22,7.56,0
"MT004",2007,4,4,11.8,8.92,13.9
"MT004",2007,4,5,14.24,7.36,11.9
"MT004",2007,4,6,17.27,7.36,0
"MT004",2007,4,7,17.13,6.61,0
"MT004",2007,4,8,18.48,6.21,0
"MT004",2007,4,9,19.81,8.57,0
"MT004",2007,4,10,18.37,8.05,0
"MT004",2007,4,11,21.9,8.6,0
"MT004",2007,4,12,20.8,9.47,0
"MT004",2007,4,13,18.91,9.16,0
"MT004",2007,4,14,15.22,9.38,3.4
"MT004",2007,4,15,20.4,10.04,0
"MT004",2007,4,16,20.53,11.72,0
"MT004",2007,4,17,18.38,8.35,5.2
"MT004",2007,4,18,18.3,6.95,0
"MT004",2007,4,19,19.75,8.01,0
"MT004",2007,4,20,18.66,9.62,0
"MT004",2007,4,21,21.59,9.56,0
"MT004",2007,4,22,22.27,10.68,0
"MT004",2007,4,23,23.92,10.83,0
"MT004",2007,4,24,21.81,10.9,0
"MT004",2007,4,25,19.51,11.22,2.9
"MT004",2007,4,26,15.54,9.81,5.5
"MT004",2007,4,27,17.46,9.93,2.4
"MT004",2007,4,28,19.44,9.19,0
"MT004",2007,4,29,21.12,10.22,0
"MT004",2007,4,30,19.33,10.27,0
"MT004",2007,5,1,17.94,9.96,13.3
"MT004",2007,5,2,20.07,11.96,0
"MT004",2007,5,3,20.79,12.8,0
"MT004",2007,5,4,21.04,14.21,2.7
"MT004",2007,5,5,19.43,12.56,0
"MT004",2007,5,6,21.31,13.89,0
"MT004",2007,5,7,21.31,11.78,0
"MT004",2007,5,8,22.42,10.94,0
"MT004",2007,5,9,24.03,12.22,0
"MT004",2007,5,10,25.1,13.38,0
"MT004",2007,5,11,24.79,12.96,0
"MT004",2007,5,12,24.89,14.32,0
"MT004",2007,5,13,26.9,14.34,0
"MT004",2007,5,14,26.66,14.35,0
"MT004",2007,5,15,27.38,14,0
"MT004",2007,5,16,24.79,12.72,0
"MT004",2007,5,17,21.19,12.85,8.8
"MT004",2007,5,18,19.78,11.3,2.8
"MT004",2007,5,19,20.76,11.24,0
"MT004",2007,5,20,24.02,10.4,0
"MT004",2007,5,21,24.64,12.17,0
"MT004",2007,5,22,28.52,14.43,0
"MT004",2007,5,23,28.03,16.07,5.8
"MT004",2007,5,24,27.83,15.56,3.5
"MT004",2007,5,25,25.74,15.45,0
"MT004",2007,5,26,25.6,15.94,0
"MT004",2007,5,27,23.82,16.28,5.8
"MT004",2007,5,28,24.64,15.01,8.4
"MT004",2007,5,29,20.82,13.28,0
"MT004",2007,5,30,20.09,11.17,0
"MT004",2007,5,31,22.41,11.22,0
"MT004",2007,6,1,23.01,12.35,0
"MT004",2007,6,2,23.88,14.04,2.1
"MT004",2007,6,3,21.64,14.07,2.1
"MT004",2007,6,4,24.27,15.18,3.6
"MT004",2007,6,5,21.81,14.66,4.7
"MT004",2007,6,6,26.02,15.12,0
"MT004",2007,6,7,23.69,13.63,0
"MT004",2007,6,8,23.25,15.34,8.5
"MT004",2007,6,9,25.33,13.39,0
"MT004",2007,6,10,26.3,15.52,0
"MT004",2007,6,11,26.93,16.82,0
"MT004",2007,6,12,27.1,17.25,0
"MT004",2007,6,13,26.24,17.5,0
"MT004",2007,6,14,26.91,15.92,0
"MT004",2007,6,15,27.89,17.27,0
"MT004",2007,6,16,29.88,19.66,0
"MT004",2007,6,17,28.34,17.91,0
"MT004",2007,6,18,29.03,18.32,0
"MT004",2007,6,19,30.45,18.78,0
"MT004",2007,6,20,30.99,19.61,0
"MT004",2007,6,21,30.3,19.29,0
"MT004",2007,6,22,30.77,19.37,0
"MT004",2007,6,23,33.69,21.91,0
"MT004",2007,6,24,32.61,22.63,0
"MT004",2007,6,25,39.71,23.51,0
"MT004",2007,6,26,38.41,24.08,0
"MT004",2007,6,27,29.83,20.21,0
"MT004",2007,6,28,29.17,18.03,0
"MT004",2007,6,29,28.4,15.88,0
"MT004",2007,6,30,29.37,17.78,0
"MT004",2007,7,1,28.83,17.98,0
"MT004",2007,7,2,28.6,18.36,0
"MT004",2007,7,3,29.34,19.82,0
"MT004",2007,7,4,30.73,19.73,0
"MT004",2007,7,5,28.52,18.43,0
"MT004",2007,7,6,27.09,16.19,0
"MT004",2007,7,7,29.47,16.45,0
"MT004",2007,7,8,27.78,17.26,0
"MT004",2007,7,9,28.72,17.08,0
"MT004",2007,7,10,32.18,18.84,0
"MT004",2007,7,11,27.23,17.11,0
"MT004",2007,7,12,27.05,16.66,0
"MT004",2007,7,13,28.57,15.31,0
"MT004",2007,7,14,30.21,16.85,0
"MT004",2007,7,15,31.07,18.41,0
"MT004",2007,7,16,30.49,18.05,0
"MT004",2007,7,17,34.49,19.39,0
"MT004",2007,7,18,35.51,21.83,0
"MT004",2007,7,19,33.93,21.67,0
"MT004",2007,7,20,34.98,21.51,0
"MT004",2007,7,21,36.03,22.13,0
"MT004",2007,7,22,36.97,22.89,0
"MT004",2007,7,23,35.93,23.87,0
"MT004",2007,7,24,38.49,24.43,0
"MT004",2007,7,25,35.51,22.53,0
"MT004",2007,7,26,33.22,20.68,0
"MT004",2007,7,27,33.54,21.45,0
"MT004",2007,7,28,32.37,21.53,0
"MT004",2007,7,29,33.79,22.01,0
"MT004",2007,7,30,31.27,21.14,0
"MT004",2007,7,31,31.1,21.08,0
"MT004",2007,8,1,29.71,20.4,0
"MT004",2007,8,2,29.57,17.77,0
"MT004",2007,8,3,29.56,17.75,0
"MT004",2007,8,4,29.72,19.52,0
"MT004",2007,8,5,28.26,19.22,0
"MT004",2007,8,6,28.86,17.04,0
"MT004",2007,8,7,30.35,18.53,0
"MT004",2007,8,8,30.72,19.09,0
"MT004",2007,8,9,30.5,19.73,0
"MT004",2007,8,10,28.23,18.2,0
"MT004",2007,8,11,27.37,17.14,0
"MT004",2007,8,12,28.65,18.14,0
"MT004",2007,8,13,28.78,17.9,0
"MT004",2007,8,14,30.76,19.38,0
"MT004",2007,8,15,32.52,19.58,0
"MT004",2007,8,16,30.55,18.9,0
"MT004",2007,8,17,31.57,20.02,0
"MT004",2007,8,18,31.84,20.55,0
"MT004",2007,8,19,30.04,19.21,0
"MT004",2007,8,20,29.79,18.75,0
"MT004",2007,8,21,30.73,19.5,0
"MT004",2007,8,22,30.83,21.9,0
"MT004",2007,8,23,34.39,22.86,0
"MT004",2007,8,24,34,23.15,0
"MT004",2007,8,25,35.15,22.07,0
"MT004",2007,8,26,34.72,23.23,0
"MT004",2007,8,27,32.84,21.71,0
"MT004",2007,8,28,32.68,18.95,0
"MT004",2007,8,29,32.97,20.42,0
"MT004",2007,8,30,35.13,21.65,0
"MT004",2007,8,31,34.59,22.48,0
"MT004",2007,9,1,28.69,21.05,0
"MT004",2007,9,2,27.62,18.55,0
"MT004",2007,9,3,27.77,16.75,0
"MT004",2007,9,4,28.38,16.99,0
"MT004",2007,9,5,21.23,12.73,7.1
"MT004",2007,9,6,21.43,9.29,0
"MT004",2007,9,7,21.7,10.19,4.2
"MT004",2007,9,8,23.22,12.94,0
"MT004",2007,9,9,25.49,12.5,0
"MT004",2007,9,10,25.82,14.99,0
"MT004",2007,9,11,25.97,15.92,0
"MT004",2007,9,12,24.37,15.97,0
"MT004",2007,9,13,24.45,13.1,0
"MT004",2007,9,14,24.46,12.45,0
"MT004",2007,9,15,26.98,13.39,0
"MT004",2007,9,16,27.59,14.9,0
"MT004",2007,9,17,27.93,16.76,0
"MT004",2007,9,18,29.13,17.82,0
"MT004",2007,9,19,27.74,17.67,0
"MT004",2007,9,20,23.76,14.75,0
"MT004",2007,9,21,23.52,11.87,0
"MT004",2007,9,22,23.91,11.65,0
"MT004",2007,9,23,23.91,12.23,0
"MT004",2007,9,24,24.02,11.88,0
"MT004",2007,9,25,20.87,15.06,10.8
"MT004",2007,9,26,25.05,14.95,0
"MT004",2007,9,27,22.46,13.85,6.6
"MT004",2007,9,28,24.48,14.63,0
"MT004",2007,9,29,22.44,11.3,0
"MT004",2007,9,30,24.37,12.72,0
"MT004",2007,10,1,25.65,13.67,0
"MT004",2007,10,2,25.55,13.88,0
"MT004",2007,10,3,24.91,13.31,0
"MT004",2007,10,4,26.43,13.56,0
"MT004",2007,10,5,26.37,15.04,0
"MT004",2007,10,6,25.77,14.99,0
"MT004",2007,10,7,21.25,15.34,27.3
"MT004",2007,10,8,21.62,15.19,6.2
"MT004",2007,10,9,19.7,15.63,0
"MT004",2007,10,10,20.84,14.37,6.9
"MT004",2007,10,11,20.68,13.06,2.5
"MT004",2007,10,12,19.89,13.29,0
"MT004",2007,10,13,21.26,11.88,0
"MT004",2007,10,14,18.45,10.41,0
"MT004",2007,10,15,18.8,7.26,0
"MT004",2007,10,16,19.21,7.53,0
"MT004",2007,10,17,19.15,9.4,0
"MT004",2007,10,18,20.14,10.81,0
"MT004",2007,10,19,16.81,11.17,0
"MT004",2007,10,20,13.06,7.15,0
"MT004",2007,10,21,9.97,6.51,11.7
"MT004",2007,10,22,13.55,6.66,1.7
"MT004",2007,10,23,14.28,6.69,0
"MT004",2007,10,24,15.01,5.69,0
"MT004",2007,10,25,16.12,7.17,2.1
"MT004",2007,10,26,20.49,10.32,0
"MT004",2007,10,27,20.67,13.76,0
"MT004",2007,10,28,19.59,13.53,0
"MT004",2007,10,29,20.26,11.65,0
"MT004",2007,10,30,19.12,14.66,0
"MT004",2007,10,31,21.64,15.03,0
"MT004",2007,11,1,14.66,13.1,17.2
"MT004",2007,11,2,16.91,10.42,0
"MT004",2007,11,3,18.1,9.71,0
"MT004",2007,11,4,18.4,9.9,0
"MT004",2007,11,5,17.08,9.37,0
"MT004",2007,11,6,14.58,5.09,0
"MT004",2007,11,7,15.02,6.36,1.2
"MT004",2007,11,8,16.17,4.02,0
"MT004",2007,11,9,17.62,6.39,3.1
"MT004",2007,11,10,12.96,5.48,3.7
"MT004",2007,11,11,17.56,6.15,0
"MT004",2007,11,12,17.37,9.92,0
"MT004",2007,11,13,12.9,6.63,0
"MT004",2007,11,14,12.77,4.99,17.6
"MT004",2007,11,15,11.89,6.56,14.9
"MT004",2007,11,16,9.75,5.44,10.2
"MT004",2007,11,17,11.57,4.03,5
"MT004",2007,11,18,10.86,3.78,3.2
"MT004",2007,11,19,12.44,2.27,0
"MT004",2007,11,20,14.23,3.98,0
"MT004",2007,11,21,13.84,3.26,0
"MT004",2007,11,22,15.17,6.27,0
"MT004",2007,11,23,17.17,8.39,0
"MT004",2007,11,24,17.96,11.28,0
"MT004",2007,11,25,16.72,10.81,0
"MT004",2007,11,26,20.48,10.94,0
"MT004",2007,11,27,14.52,8.23,0
"MT004",2007,11,28,12.17,5.44,0.7
"MT004",2007,11,29,10.63,5.08,10.9
"MT004",2007,11,30,13.81,3.48,1.1
"MT004",2007,12,1,14.24,6.67,0
"MT004",2007,12,2,14.93,5.91,0
"MT004",2007,12,3,15.84,7.69,3.5
"MT004",2007,12,4,12.07,5.93,6.4
"MT004",2007,12,5,11,5.19,0
"MT004",2007,12,6,12.84,2.19,0
"MT004",2007,12,7,13.61,3.42,0
"MT004",2007,12,8,13.43,6.87,13.5
"MT004",2007,12,9,12.99,5.2,6.8
"MT004",2007,12,10,14.43,6.77,10.4
"MT004",2007,12,11,12.54,5.66,8.2
"MT004",2007,12,12,10.81,4.71,0
"MT004",2007,12,13,11.87,5.22,0
"MT004",2007,12,14,6.45,0.71,0
"MT004",2007,12,15,3.17,-3.49,0
"MT004",2007,12,16,2.76,-2.21,8.8
"MT004",2007,12,17,7.73,1.08,8.6
"MT004",2007,12,18,10.15,2.49,0
"MT004",2007,12,19,9.31,2.18,0
"MT004",2007,12,20,12.09,1.48,0
"MT004",2007,12,21,11.68,0.66,0
"MT004",2007,12,22,11.62,1.05,0
"MT004",2007,12,23,12.99,4.44,2
"MT004",2007,12,24,11.74,7.26,3.2
"MT004",2007,12,25,12.16,6.92,3.9
"MT004",2007,12,26,12.68,6.42,1.3
"MT004",2007,12,27,9.94,4.95,0
"MT004",2007,12,28,11.65,2.89,0
"MT004",2007,12,29,12.75,4.23,0
"MT004",2007,12,30,10.5,6.19,0
"MT004",2007,12,31,10.28,4.63,0
"MT004",2008,1,1,9.05,2.99,0
"MT004",2008,1,2,6.3,-0.18,0
"MT004",2008,1,3,9.01,-0.08,0
"MT004",2008,1,4,12.15,5.19,6.2
"MT004",2008,1,5,14.27,8.09,0
"MT004",2008,1,6,14.6,9.8,7.4
"MT004",2008,1,7,15.51,10.18,0
"MT004",2008,1,8,14.24,9.55,0
"MT004",2008,1,9,14.65,5.97,0
"MT004",2008,1,10,13.1,6.67,0
"MT004",2008,1,11,12.86,6.75,0
"MT004",2008,1,12,13.56,6.91,5.2
"MT004",2008,1,13,12.47,6.26,8.3
"MT004",2008,1,14,12.92,3.16,7.8
"MT004",2008,1,15,12.38,2.17,0
"MT004",2008,1,16,13.7,4.78,1.4
"MT004",2008,1,17,12.95,7.72,3.7
"MT004",2008,1,18,13.83,6.07,0
"MT004",2008,1,19,14.93,5.25,0
"MT004",2008,1,20,16.42,4.49,0
"MT004",2008,1,21,13.69,3.95,0
"MT004",2008,1,22,13.33,6.28,8.5
"MT004",2008,1,23,9.96,5.38,3.3
"MT004",2008,1,24,11.46,1.57,0
"MT004",2008,1,25,12.67,1.74,0
"MT004",2008,1,26,13.98,3.93,0
"MT004",2008,1,27,13.53,2.77,0
"MT004",2008,1,28,16.91,7.25,0
"MT004",2008,1,29,12.23,2.22,0
"MT004",2008,1,30,14.47,2.37,0
"MT004",2008,1,31,14.92,4.69,0
"MT004",2008,2,1,13.22,3.41,0
"MT004",2008,2,2,13.51,3.64,0
"MT004",2008,2,3,14.19,5.01,0
"MT004",2008,2,4,15.56,5.9,0
"MT004",2008,2,5,13.04,6.14,14.1
"MT004",2008,2,6,15.06,4.52,0
"MT004",2008,2,7,12.25,5.02,3.5
"MT004",2008,2,8,11.23,6.7,0
"MT004",2008,2,9,11.56,4.81,0
"MT004",2008,2,10,10.62,3.05,0
"MT004",2008,2,11,10.23,1.32,0
"MT004",2008,2,12,10.51,1.05,0
"MT004",2008,2,13,11.59,2.07,0
"MT004",2008,2,14,13.76,-0.8,0
"MT004",2008,2,15,11.35,1.4,0
"MT004",2008,2,16,7.55,-0.01,0
"MT004",2008,2,17,3.18,-2.24,0
"MT004",2008,2,18,10.76,-3.58,0
"MT004",2008,2,19,12.38,-0.13,0
"MT004",2008,2,20,12.01,-0.02,0
"MT004",2008,2,21,12.83,5.11,1.9
"MT004",2008,2,22,12.75,6.57,0
"MT004",2008,2,23,14.84,3.96,0
"MT004",2008,2,24,18,4.89,0
"MT004",2008,2,25,16.53,6.38,0
"MT004",2008,2,26,15.25,5.05,0
"MT004",2008,2,27,14.98,7.28,0
"MT004",2008,2,28,15.13,7.05,0
"MT004",2008,2,29,16.13,5.31,0
"MT004",2008,3,1,15.29,7.53,0
"MT004",2008,3,2,19.22,9.77,0
"MT004",2008,3,3,18.32,9.08,0
"MT004",2008,3,4,17.24,7.36,0
"MT004",2008,3,5,14.44,6.67,0
"MT004",2008,3,6,13.5,6.83,25.5
"MT004",2008,3,7,13.35,4.47,6.7
"MT004",2008,3,8,14.66,4.04,3.3
"MT004",2008,3,9,14.33,4.27,0
"MT004",2008,3,10,14.7,3.14,0
"MT004",2008,3,11,12.94,7.44,9.3
"MT004",2008,3,12,16.86,6.11,0
"MT004",2008,3,13,20.12,9.07,0
"MT004",2008,3,14,17.48,6.93,0
"MT004",2008,3,15,15.88,7.07,0
"MT004",2008,3,16,15.23,7.62,0
"MT004",2008,3,17,17.78,9,0
"MT004",2008,3,18,17.54,6.87,0
"MT004",2008,3,19,13.2,7.88,4.2
"MT004",2008,3,20,14.99,7.11,0
"MT004",2008,3,21,12.52,4.99,0
"MT004",2008,3,22,14.19,8.84,2.2
"MT004",2008,3,23,17.56,9.25,4.5
"MT004",2008,3,24,11.52,4.53,12.9
"MT004",2008,3,25,12.74,3.66,5.8
"MT004",2008,3,26,12.8,5.79,1.9
"MT004",2008,3,27,15.77,4.59,9.8
"MT004",2008,3,28,15.1,8.16,8.3
"MT004",2008,3,29,19,7.86,0
"MT004",2008,3,30,18.14,8.08,0
"MT004",2008,3,31,16.5,6.49,0
"MT004",2008,4,1,15.67,6.87,0
"MT004",2008,4,2,18.14,5.82,0
"MT004",2008,4,3,12.4,6.99,7.2
"MT004",2008,4,4,13.45,5.33,2.9
"MT004",2008,4,5,13.28,7.36,2.7
"MT004",2008,4,6,16.24,4.63,0
"MT004",2008,4,7,17.44,5.7,0
"MT004",2008,4,8,15.27,9.83,3
"MT004",2008,4,9,19.66,11.58,0
"MT004",2008,4,10,21.97,13.41,0
"MT004",2008,4,11,18.24,12.92,0
"MT004",2008,4,12,21.07,11.75,0
"MT004",2008,4,13,16.25,9.45,0
"MT004",2008,4,14,17.27,6.49,0
"MT004",2008,4,15,17.01,7.25,6.3
"MT004",2008,4,16,17.28,6.24,0
"MT004",2008,4,17,16.88,8.26,0
"MT004",2008,4,18,21.18,9.09,0
"MT004",2008,4,19,19.84,10.67,0
"MT004",2008,4,20,21.57,12,0
"MT004",2008,4,21,19.46,10.47,0
"MT004",2008,4,22,19.13,10.59,0
"MT004",2008,4,23,19.45,11.52,0
"MT004",2008,4,24,19.03,9.81,5.1
"MT004",2008,4,25,20.56,8.98,0
"MT004",2008,4,26,17.46,8.98,1.5
"MT004",2008,4,27,18.63,8.08,0
"MT004",2008,4,28,20.35,8.48,0
"MT004",2008,4,29,18.55,7.5,0
"MT004",2008,4,30,18.5,6.39,0
"MT004",2008,5,1,19.24,9.59,0
"MT004",2008,5,2,22.71,10.91,0
"MT004",2008,5,3,22.63,11.32,0
"MT004",2008,5,4,22.82,10.1,0
"MT004",2008,5,5,22.33,9.2,0
"MT004",2008,5,6,17.53,11.32,4.5
"MT004",2008,5,7,19.23,8.64,0
"MT004",2008,5,8,20.59,8.2,0
"MT004",2008,5,9,20.64,9.12,0
"MT004",2008,5,10,19.95,9.33,0
"MT004",2008,5,11,20.03,12.72,0
"MT004",2008,5,12,18.6,13.02,1.4
"MT004",2008,5,13,18.64,12.02,1.9
"MT004",2008,5,14,18.68,12.33,2.7
"MT004",2008,5,15,20,10.67,0
"MT004",2008,5,16,21.06,12.35,0
"MT004",2008,5,17,22,13.97,0
"MT004",2008,5,18,22.28,13,0
"MT004",2008,5,19,20.43,13.98,0
"MT004",2008,5,20,23.04,15.26,0
"MT004",2008,5,21,22.64,12.56,0
"MT004",2008,5,22,23.37,13.7,0
"MT004",2008,5,23,22.43,10.71,0
"MT004",2008,5,24,22.81,11.84,0
"MT004",2008,5,25,24.22,12.91,0
"MT004",2008,5,26,27.73,14.35,0
"MT004",2008,5,27,29.31,16.39,0
"MT004",2008,5,28,27.57,16.46,0
"MT004",2008,5,29,27.39,16.11,0
"MT004",2008,5,30,24.59,15.56,0
"MT004",2008,5,31,26.13,14.81,0
"MT004",2008,6,1,27.74,15.19,0
"MT004",2008,6,2,26.87,16.45,0
"MT004",2008,6,3,23.62,18.34,0
"MT004",2008,6,4,23.59,16.04,2.4
"MT004",2008,6,5,26.34,14.61,0
"MT004",2008,6,6,23.47,13.21,2.1
"MT004",2008,6,7,21.04,13.9,10
"MT004",2008,6,8,22.85,12.83,0
"MT004",2008,6,9,23.47,13.86,0
"MT004",2008,6,10,24.91,14.49,0
"MT004",2008,6,11,24.41,15.66,0
"MT004",2008,6,12,25.6,15.56,4.1
"MT004",2008,6,13,23.73,14.97,9.6
"MT004",2008,6,14,25.59,15.89,0
"MT004",2008,6,15,24.98,14.89,0
"MT004",2008,6,16,24.86,13.85,0
"MT004",2008,6,17,26.61,18.05,0
"MT004",2008,6,18,30.05,16.85,0
"MT004",2008,6,19,28.78,17.35,0
"MT004",2008,6,20,29.47,18.28,0
"MT004",2008,6,21,29.53,18.77,0
"MT004",2008,6,22,29.93,17.83,0
"MT004",2008,6,23,29.24,19.64,0
"MT004",2008,6,24,31.41,18.86,0
"MT004",2008,6,25,34.09,20.48,0
"MT004",2008,6,26,31.95,20.51,0
"MT004",2008,6,27,31.9,20.62,0
"MT004",2008,6,28,32.44,19.64,0
"MT004",2008,6,29,32.94,20.73,0
"MT004",2008,6,30,31.76,21.12,2.3
"MT004",2008,7,1,32.45,21.5,0
"MT004",2008,7,2,31.23,20.03,0
"MT004",2008,7,3,30.57,20.75,0
"MT004",2008,7,4,32.42,21.34,0
"MT004",2008,7,5,31.78,20.96,0
"MT004",2008,7,6,30.89,21.61,0
"MT004",2008,7,7,32.86,20.19,0
"MT004",2008,7,8,33.31,21.83,0
"MT004",2008,7,9,30.8,21.04,0
"MT004",2008,7,10,31.38,20.24,0
"MT004",2008,7,11,30.19,20.38,0
"MT004",2008,7,12,30.13,19.44,0
"MT004",2008,7,13,29.76,19.39,0
"MT004",2008,7,14,32.48,21.73,0
"MT004",2008,7,15,29.41,19.81,0
"MT004",2008,7,16,29.66,19.3,0
"MT004",2008,7,17,28.71,17.57,0
"MT004",2008,7,18,31.08,19.22,0
"MT004",2008,7,19,30.53,20.92,0
"MT004",2008,7,20,30.94,20.62,0
"MT004",2008,7,21,32.42,21.42,0
"MT004",2008,7,22,30.46,20.05,0
"MT004",2008,7,23,26.38,18.35,0
"MT004",2008,7,24,27.24,17.36,0
"MT004",2008,7,25,29.44,18.39,0
"MT004",2008,7,26,29.92,18.7,0
"MT004",2008,7,27,28.96,19.26,1.5
"MT004",2008,7,28,30.52,19.05,0
"MT004",2008,7,29,30.87,19.68,0
"MT004",2008,7,30,30.92,20.88,0
"MT004",2008,7,31,31.12,19.32,0
"MT004",2008,8,1,30.5,19.64,0
"MT004",2008,8,2,29.96,19.59,0
"MT004",2008,8,3,32.21,20.6,0
"MT004",2008,8,4,33.48,22.6,0
"MT004",2008,8,5,33.62,22.8,0
"MT004",2008,8,6,32.9,22.8,0
"MT004",2008,8,7,31.78,22.07,0
"MT004",2008,8,8,32.36,21.71,0
"MT004",2008,8,9,34.04,22.49,0
"MT004",2008,8,10,29.87,20.57,0
"MT004",2008,8,11,30.48,18.64,0
"MT004",2008,8,12,30.22,18.91,0
"MT004",2008,8,13,31.53,19.22,0
"MT004",2008,8,14,33.6,20.42,0
"MT004",2008,8,15,33.8,22.16,0
"MT004",2008,8,16,29.59,21.53,0
"MT004",2008,8,17,28.26,18.83,0
"MT004",2008,8,18,29.57,19.71,0
"MT004",2008,8,19,31.83,18.63,0
"MT004",2008,8,20,31.76,19.06,0
"MT004",2008,8,21,32.8,21.66,0
"MT004",2008,8,22,33.31,20.7,0
"MT004",2008,8,23,32.83,20.39,0
"MT004",2008,8,24,31.79,22.09,0
"MT004",2008,8,25,29.03,21.8,0
"MT004",2008,8,26,28.59,19.86,0
"MT004",2008,8,27,29.12,19.89,0
"MT004",2008,8,28,28.52,19.38,0
"MT004",2008,8,29,30.24,18.68,0
"MT004",2008,8,30,29.99,19.08,0
"MT004",2008,8,31,28.96,19.76,0
"MT004",2008,9,1,28.08,18.9,0
"MT004",2008,9,2,28.88,19.19,0
"MT004",2008,9,3,28.62,18.43,0
"MT004",2008,9,4,29.4,18.91,0
"MT004",2008,9,5,29.64,19.26,0
"MT004",2008,9,6,30.15,20.1,0
"MT004",2008,9,7,33.23,21.31,0
"MT004",2008,9,8,34.04,22.41,0
"MT004",2008,9,9,30.82,20.85,0
"MT004",2008,9,10,32.43,18.3,0
"MT004",2008,9,11,29.45,17.56,0
"MT004",2008,9,12,30.33,18.55,0
"MT004",2008,9,13,28.71,20.63,0
"MT004",2008,9,14,23.49,16.76,35.3
"MT004",2008,9,15,22.93,14.62,6.8
"MT004",2008,9,16,21.74,14.6,7.4
"MT004",2008,9,17,21.65,12.28,1.8
"MT004",2008,9,18,22.29,11.07,0
"MT004",2008,9,19,20.96,11.99,13.8
"MT004",2008,9,20,18.98,12.17,0
"MT004",2008,9,21,19.48,12.02,0
"MT004",2008,9,22,18.83,11.23,0
"MT004",2008,9,23,19.28,12.26,2.6
"MT004",2008,9,24,18.53,13.88,16.7
"MT004",2008,9,25,20.24,13.65,2.3
"MT004",2008,9,26,20.08,11.61,0
"MT004",2008,9,27,19.54,11.2,0
"MT004",2008,9,28,19.38,10.95,5.4
"MT004",2008,9,29,19.48,11.16,0
"MT004",2008,9,30,21.1,11.35,0
"MT004",2008,10,1,22.63,13.12,0
"MT004",2008,10,2,23.8,15.37,0
"MT004",2008,10,3,23.65,15.88,0
"MT004",2008,10,4,20.25,11.83,13.2
"MT004",2008,10,5,18.54,8.76,0
"MT004",2008,10,6,21.14,9.21,0
"MT004",2008,10,7,21.59,11,0
"MT004",2008,10,8,21.73,11.07,0
"MT004",2008,10,9,21.83,12.19,0
"MT004",2008,10,10,22.64,13.03,0
"MT004",2008,10,11,22.06,12.85,0
"MT004",2008,10,12,22.86,12.78,0
"MT004",2008,10,13,23.71,12.62,0
"MT004",2008,10,14,21.99,11.84,0
"MT004",2008,10,15,21.92,12.13,0
"MT004",2008,10,16,22.27,12.36,0
"MT004",2008,10,17,23.17,13.79,0
"MT004",2008,10,18,22.15,13.54,0
"MT004",2008,10,19,21.58,15.22,0
"MT004",2008,10,20,21.98,13.8,0
"MT004",2008,10,21,21.06,12.96,0
"MT004",2008,10,22,21.32,11.44,0
"MT004",2008,10,23,20.95,12.4,0
"MT004",2008,10,24,20.98,13.75,0
"MT004",2008,10,25,20.67,12.85,0
"MT004",2008,10,26,21.35,13.17,0
"MT004",2008,10,27,20.34,10.7,0
"MT004",2008,10,28,21.04,11.5,2.4
"MT004",2008,10,29,24.09,16.95,0
"MT004",2008,10,30,21.52,15.14,2.7
"MT004",2008,10,31,22.1,11.29,0
"MT004",2008,11,1,25.07,16.38,0
"MT004",2008,11,2,22.42,11.48,0
"MT004",2008,11,3,22.34,11.38,0
"MT004",2008,11,4,22.17,16.02,0
"MT004",2008,11,5,22.17,14.49,10.9
"MT004",2008,11,6,20.53,14.12,6.3
"MT004",2008,11,7,17.19,11.76,12.1
"MT004",2008,11,8,18.75,9.14,0
"MT004",2008,11,9,19.22,9.35,0
"MT004",2008,11,10,18.38,9.08,0
"MT004",2008,11,11,18.37,8.25,0
"MT004",2008,11,12,18.23,6.93,0
"MT004",2008,11,13,15.99,6.9,0
"MT004",2008,11,14,18.35,8.65,0
"MT004",2008,11,15,15.07,10.31,9.2
"MT004",2008,11,16,17.24,8.44,0
"MT004",2008,11,17,15.78,7.23,0
"MT004",2008,11,18,13.57,6.06,0
"MT004",2008,11,19,13.1,3.49,0
"MT004",2008,11,20,16.28,6.29,0
"MT004",2008,11,21,16.99,10.64,9.8
"MT004",2008,11,22,14.78,7.21,14.8
"MT004",2008,11,23,7.45,3.51,3.8
"MT004",2008,11,24,13.88,2.35,4.3
"MT004",2008,11,25,18.2,11.55,5
"MT004",2008,11,26,13.65,8.24,2.9
"MT004",2008,11,27,12.48,7.85,1.5
"MT004",2008,11,28,14.86,9.07,42.2
"MT004",2008,11,29,15.47,10.63,7.4
"MT004",2008,11,30,18.41,8.3,0
"MT004",2008,12,1,17.84,9.01,0
"MT004",2008,12,2,15.08,7.27,0
"MT004",2008,12,3,11.07,6.89,6.7
"MT004",2008,12,4,12.39,8.94,24.7
"MT004",2008,12,5,16.08,8.72,0.9
"MT004",2008,12,6,15.81,10.84,2.9
"MT004",2008,12,7,13.98,6.18,0.8
"MT004",2008,12,8,11.83,3.62,0
"MT004",2008,12,9,11.97,1.07,0
"MT004",2008,12,10,11.51,3.71,2.7
"MT004",2008,12,11,14.22,8.79,25.9
"MT004",2008,12,12,11.6,7.02,17.5
"MT004",2008,12,13,11.41,5.64,9
"MT004",2008,12,14,12.69,5.86,0
"MT004",2008,12,15,14.12,6.94,0
"MT004",2008,12,16,15.71,9.92,0
"MT004",2008,12,17,14.59,8.77,4.4
"MT004",2008,12,18,11.72,6.26,4.2
"MT004",2008,12,19,11.98,5.78,1.7
"MT004",2008,12,20,12,4.63,0
"MT004",2008,12,21,13.92,4.33,0
"MT004",2008,12,22,12.93,5.01,0
"MT004",2008,12,23,13.67,4.25,0
"MT004",2008,12,24,12.69,4.37,0
"MT004",2008,12,25,9.05,2.49,0
"MT004",2008,12,26,7.6,5.59,0
"MT004",2008,12,27,6.15,4.77,0
"MT004",2008,12,28,7.42,4.97,2.4
"MT004",2008,12,29,10.36,6.14,3.5
"MT004",2008,12,30,10.6,3.6,0
"MT004",2008,12,31,10.6,2.24,0
"MT004",2009,1,1,13.36,3.05,0
"MT004",2009,1,2,11.96,7.12,10
"MT004",2009,1,3,9.72,7.29,15.4
"MT004",2009,1,4,6.77,4.44,5.1
"MT004",2009,1,5,9.1,1.93,0
"MT004",2009,1,6,10.33,0.26,0
"MT004",2009,1,7,10.49,1.57,0
"MT004",2009,1,8,12.57,3.08,0
"MT004",2009,1,9,10.91,6.09,19.6
"MT004",2009,1,10,11.74,7.45,5.7
"MT004",2009,1,11,12.14,7.56,0.9
"MT004",2009,1,12,11.75,8.3,0
"MT004",2009,1,13,12.48,7.81,38.9
"MT004",2009,1,14,13.04,7.58,9.7
"MT004",2009,1,15,13.32,6.46,4.2
"MT004",2009,1,16,13.52,5.41,0
"MT004",2009,1,17,12.68,3.48,0
"MT004",2009,1,18,13.57,2.91,0
"MT004",2009,1,19,15.3,8.41,0
"MT004",2009,1,20,13.63,6.72,0.6
"MT004",2009,1,21,14.11,10.22,13.6
"MT004",2009,1,22,13.58,9.5,5.8
"MT004",2009,1,23,12.29,6.58,3.6
"MT004",2009,1,24,14.91,7.2,12.5
"MT004",2009,1,25,11.18,7.89,15.2
"MT004",2009,1,26,12.87,6.38,8
"MT004",2009,1,27,10.21,5.28,18.5
"MT004",2009,1,28,9.96,4.12,2.7
"MT004",2009,1,29,10.22,4.66,0
"MT004",2009,1,30,9.52,3.98,0
"MT004",2009,1,31,11.33,3.01,0
"MT004",2009,2,1,8.92,3.7,11.1
"MT004",2009,2,2,12.43,5.59,0
"MT004",2009,2,3,13.98,7.85,1.9
"MT004",2009,2,4,13.42,9.84,11.7
"MT004",2009,2,5,14.22,6.59,0
"MT004",2009,2,6,14.35,7.95,2
"MT004",2009,2,7,14.63,6.34,5.3
"MT004",2009,2,8,9.35,4.97,14
"MT004",2009,2,9,12.79,3.67,0
"MT004",2009,2,10,12.75,4.84,0
"MT004",2009,2,11,12.94,5.23,4.3
"MT004",2009,2,12,8.22,2.03,0
"MT004",2009,2,13,6.78,-0.02,0
"MT004",2009,2,14,6.74,-1.54,0
"MT004",2009,2,15,6.5,-0.45,0
"MT004",2009,2,16,7.84,-1.41,0
"MT004",2009,2,17,9.17,-1.06,0
"MT004",2009,2,18,7.02,0.73,12.8
"MT004",2009,2,19,5.35,-1.28,0
"MT004",2009,2,20,8.96,-0.93,0
"MT004",2009,2,21,10.72,0.19,0
"MT004",2009,2,22,10.41,1.39,0
"MT004",2009,2,23,8.78,-0.68,0
"MT004",2009,2,24,9.29,0.56,0
"MT004",2009,2,25,10.72,2.7,0
"MT004",2009,2,26,11.54,-0.62,0
"MT004",2009,2,27,14.47,2.86,0
"MT004",2009,2,28,15.85,3.5,0
"MT004",2009,3,1,14.97,4.88,0
"MT004",2009,3,2,15.31,8.34,0
"MT004",2009,3,3,15.52,8.52,0
"MT004",2009,3,4,16.01,8.86,4.2
"MT004",2009,3,5,13.4,6.58,36.1
"MT004",2009,3,6,9.25,4.49,13.1
"MT004",2009,3,7,9.53,5.32,3.5
"MT004",2009,3,8,14.73,5.59,0
"MT004",2009,3,9,15.7,5.34,0
"MT004",2009,3,10,14.03,3.79,0
"MT004",2009,3,11,13.25,6.18,7.8
"MT004",2009,3,12,11.93,4.74,0
"MT004",2009,3,13,14.44,2.62,0
"MT004",2009,3,14,15.55,3.73,0
"MT004",2009,3,15,14.72,3.7,0
"MT004",2009,3,16,14.1,6.7,0
"MT004",2009,3,17,15.42,5.52,0
"MT004",2009,3,18,15.52,3.7,0
"MT004",2009,3,19,12.47,2.7,0
"MT004",2009,3,20,9.07,4.13,19.4
"MT004",2009,3,21,8.15,2.33,0
"MT004",2009,3,22,8.77,3.46,0
"MT004",2009,3,23,13.72,3,0
"MT004",2009,3,24,14.77,4.4,0
"MT004",2009,3,25,11.88,4.11,6.6
"MT004",2009,3,26,11.01,5.08,2.9
"MT004",2009,3,27,14.69,2.87,0
"MT004",2009,3,28,13.9,4.46,0
"MT004",2009,3,29,19.01,10.36,9.9
"MT004",2009,3,30,19.7,12.88,1.5
"MT004",2009,3,31,16.27,12.18,0
"MT004",2009,4,1,16.89,9.42,0
"MT004",2009,4,2,18.96,9.73,0
"MT004",2009,4,3,16.5,8.73,0
"MT004",2009,4,4,15.95,8.78,0
"MT004",2009,4,5,18.55,8.25,0
"MT004",2009,4,6,19.85,11.36,2.6
"MT004",2009,4,7,18.39,9.34,0
"MT004",2009,4,8,16.82,7.37,0
"MT004",2009,4,9,16.48,9.88,0
"MT004",2009,4,10,17.67,9.55,1.8
"MT004",2009,4,11,18.36,10.18,0
"MT004",2009,4,12,17.12,9.53,4.7
"MT004",2009,4,13,13.57,11.59,5.9
"MT004",2009,4,14,17.8,10.66,2.8
"MT004",2009,4,15,18.95,9.16,0
"MT004",2009,4,16,17.72,7.26,0
"MT004",2009,4,17,15.35,8.49,0
"MT004",2009,4,18,17.25,11.24,2
"MT004",2009,4,19,15.92,10.79,6.6
"MT004",2009,4,20,17.65,12.34,11.2
"MT004",2009,4,21,14.99,11.67,6.4
"MT004",2009,4,22,15.73,10.66,2.4
"MT004",2009,4,23,17.14,10,0
"MT004",2009,4,24,16,10.61,3
"MT004",2009,4,25,17.32,8.5,0
"MT004",2009,4,26,17.46,11.66,0
"MT004",2009,4,27,18.79,11.37,7.4
"MT004",2009,4,28,17.26,10.64,11.3
"MT004",2009,4,29,19.35,11.39,0
"MT004",2009,4,30,16.26,8.16,7.8
"MT004",2009,5,1,16.9,8.65,0
"MT004",2009,5,2,19.12,8.06,4.8
"MT004",2009,5,3,17.64,8.17,5.2
"MT004",2009,5,4,18.56,8.8,5
"MT004",2009,5,5,20.12,9.27,0
"MT004",2009,5,6,21.14,8.57,0
"MT004",2009,5,7,21.44,11.06,0
"MT004",2009,5,8,20.21,11.25,0
"MT004",2009,5,9,21.5,11.17,0
"MT004",2009,5,10,21.06,12.01,0
"MT004",2009,5,11,22.13,11.67,0
"MT004",2009,5,12,22.77,12.03,0
"MT004",2009,5,13,23.3,12.39,0
"MT004",2009,5,14,22.69,12.3,0
"MT004",2009,5,15,22.33,13.88,0
"MT004",2009,5,16,23.21,14.58,2
"MT004",2009,5,17,27,15.56,0
"MT004",2009,5,18,27.26,15.57,0
"MT004",2009,5,19,28.67,15.54,0
"MT004",2009,5,20,29.66,17.23,0
"MT004",2009,5,21,27.92,17.67,0
"MT004",2009,5,22,28.13,16.41,0
"MT004",2009,5,23,29.78,16.21,0
"MT004",2009,5,24,29.01,18.49,0
"MT004",2009,5,25,29.41,18.31,0
"MT004",2009,5,26,28.51,18.29,0
"MT004",2009,5,27,27.28,17.39,0
"MT004",2009,5,28,25.4,17,9.6
"MT004",2009,5,29,25.24,13.56,0
"MT004",2009,5,30,19.52,13.05,1.9
"MT004",2009,5,31,22.8,12.58,2.8
"MT004",2009,6,1,22.89,17.43,8.6
"MT004",2009,6,2,22.8,15.31,9.5
"MT004",2009,6,3,24.32,14.04,0
"MT004",2009,6,4,26.56,14.42,0
"MT004",2009,6,5,26.45,15.31,0
"MT004",2009,6,6,24.74,16.95,0
"MT004",2009,6,7,25.67,17.63,0
"MT004",2009,6,8,26.61,15.91,0
"MT004",2009,6,9,26.97,15.16,0
"MT004",2009,6,10,29.59,17.7,0
"MT004",2009,6,11,28.18,17.86,0
"MT004",2009,6,12,28.55,17.6,0
"MT004",2009,6,13,29.19,17.92,0
"MT004",2009,6,14,29.23,18.26,0
"MT004",2009,6,15,28.98,16.35,0
"MT004",2009,6,16,28.23,17.76,0
"MT004",2009,6,17,32.04,17.81,0
"MT004",2009,6,18,29.01,21.14,0
"MT004",2009,6,19,26.75,18.98,0
"MT004",2009,6,20,30.36,19.16,0
"MT004",2009,6,21,26.04,15.44,24.4
"MT004",2009,6,22,21.84,14.08,23.3
"MT004",2009,6,23,20.26,13.63,8.9
"MT004",2009,6,24,21.47,12.28,5.8
"MT004",2009,6,25,23.9,13.07,0
"MT004",2009,6,26,25.21,16.73,0
"MT004",2009,6,27,25.62,15.4,0
"MT004",2009,6,28,24.38,16.25,0
"MT004",2009,6,29,25.23,16.61,0
"MT004",2009,6,30,25.54,17.86,10.2
"MT004",2009,7,1,25.89,17.94,6.9
"MT004",2009,7,2,26.32,18.1,0
"MT004",2009,7,3,27.15,18.15,5.9
"MT004",2009,7,4,28.86,18.73,6.1
"MT004",2009,7,5,28.58,19.07,5.8
"MT004",2009,7,6,27.4,18.89,0
"MT004",2009,7,7,29.4,19.82,0
"MT004",2009,7,8,31.47,19.95,0
"MT004",2009,7,9,30.07,20.21,0
"MT004",2009,7,10,29.91,18.72,0
"MT004",2009,7,11,27.94,19.09,0
"MT004",2009,7,12,27.57,17.22,0
"MT004",2009,7,13,28.83,17.83,0
"MT004",2009,7,14,29.49,18.75,0
"MT004",2009,7,15,31.52,19.32,0
"MT004",2009,7,16,34.67,22.37,0
"MT004",2009,7,17,32.65,22.29,0
"MT004",2009,7,18,31.13,19.41,0
"MT004",2009,7,19,28.65,17.77,0
"MT004",2009,7,20,29.47,18.17,0
"MT004",2009,7,21,30.56,18.23,0
"MT004",2009,7,22,30.88,18.65,0
"MT004",2009,7,23,32.89,19.01,0
"MT004",2009,7,24,35.32,22.66,0
"MT004",2009,7,25,37.01,21.59,0
"MT004",2009,7,26,31.45,21.43,0
"MT004",2009,7,27,30.27,18.48,0
"MT004",2009,7,28,30.38,18.09,0
"MT004",2009,7,29,33.44,19.37,0
"MT004",2009,7,30,33.23,21.08,0
"MT004",2009,7,31,32.01,20.37,0
"MT004",2009,8,1,33.18,20.96,0
"MT004",2009,8,2,31.32,20.53,0
"MT004",2009,8,3,32.42,20.59,0
"MT004",2009,8,4,30.26,21.52,0
"MT004",2009,8,5,27.54,19.42,0
"MT004",2009,8,6,30,18.86,0
"MT004",2009,8,7,29.65,20.26,0
"MT004",2009,8,8,30.62,20.21,0
"MT004",2009,8,9,28.54,19.97,0
"MT004",2009,8,10,28.42,19.45,0
"MT004",2009,8,11,30.41,20.03,0
"MT004",2009,8,12,29.83,19.34,0
"MT004",2009,8,13,30.51,19,0
"MT004",2009,8,14,29.79,20.6,0
"MT004",2009,8,15,29.74,19.54,0
"MT004",2009,8,16,32.38,19.72,0
"MT004",2009,8,17,31.4,20.03,0
"MT004",2009,8,18,32.93,20.24,0
"MT004",2009,8,19,32.26,21.58,0
"MT004",2009,8,20,32.31,22.12,0
"MT004",2009,8,21,30.48,20.37,0
"MT004",2009,8,22,31.19,19.7,0
"MT004",2009,8,23,31.57,20.63,0
"MT004",2009,8,24,30.98,21.46,0
"MT004",2009,8,25,28.42,20.94,0
"MT004",2009,8,26,30.07,20.9,0
"MT004",2009,8,27,30.6,20.32,0
"MT004",2009,8,28,30.12,20.52,0
"MT004",2009,8,29,31.39,18.97,0
"MT004",2009,8,30,32.1,20.19,3.1
"MT004",2009,8,31,30.04,19.76,0
"MT004",2009,9,1,28.29,20.47,0
"MT004",2009,9,2,30.14,20.84,0
"MT004",2009,9,3,29.61,19.87,0
"MT004",2009,9,4,28.95,19.91,0
"MT004",2009,9,5,30.64,21.23,0
"MT004",2009,9,6,27.21,19.77,4.7
"MT004",2009,9,7,25.38,17.16,0
"MT004",2009,9,8,26.28,15.42,0
"MT004",2009,9,9,25.37,15.53,0
"MT004",2009,9,10,25.63,15.13,0
"MT004",2009,9,11,26.85,16.89,0
"MT004",2009,9,12,26.25,16.85,2.7
"MT004",2009,9,13,23.88,15.19,0
"MT004",2009,9,14,26.61,14.71,0
"MT004",2009,9,15,25.17,15.5,0
"MT004",2009,9,16,23.87,17.36,13
"MT004",2009,9,17,25.89,15.86,1.6
"MT004",2009,9,18,25.51,16.64,0
"MT004",2009,9,19,25.4,16.67,0
"MT004",2009,9,20,23.2,16.63,6.4
"MT004",2009,9,21,21.27,17.76,4.2
"MT004",2009,9,22,22.31,15.84,3.6
"MT004",2009,9,23,23.09,15.54,0
"MT004",2009,9,24,22.06,16.71,18.1
"MT004",2009,9,25,20.75,16.69,33.9
"MT004",2009,9,26,22.68,17.32,35.2
"MT004",2009,9,27,23.04,17.53,0.9
"MT004",2009,9,28,24.83,16.21,0
"MT004",2009,9,29,24.81,15.19,0
"MT004",2009,9,30,25.47,15.44,0
"MT004",2009,10,1,25.49,15.71,0
"MT004",2009,10,2,20.65,16.73,8.7
"MT004",2009,10,3,23.03,15.98,0
"MT004",2009,10,4,22.67,12.64,0
"MT004",2009,10,5,23.93,13.89,0
"MT004",2009,10,6,24.08,14.47,0
"MT004",2009,10,7,25.1,15.4,0
"MT004",2009,10,8,24.68,15,0
"MT004",2009,10,9,24.57,14.22,0
"MT004",2009,10,10,24.53,15.14,0
"MT004",2009,10,11,22.82,15.36,2.9
"MT004",2009,10,12,22.56,13.14,8.5
"MT004",2009,10,13,15.98,9.79,0
"MT004",2009,10,14,14.22,7.07,0
"MT004",2009,10,15,12.36,7.43,16.2
"MT004",2009,10,16,15.05,7.83,1.4
"MT004",2009,10,17,15.45,7.36,2
"MT004",2009,10,18,13.59,10.2,14.3
"MT004",2009,10,19,13.77,7.68,9.5
"MT004",2009,10,20,16.12,6.73,1.7
"MT004",2009,10,21,19.72,6.99,0
"MT004",2009,10,22,22.04,13.56,7.5
"MT004",2009,10,23,20.29,14.56,25
"MT004",2009,10,24,19.38,12.85,13.6
"MT004",2009,10,25,19.89,13.86,0
"MT004",2009,10,26,20.76,12.41,0
"MT004",2009,10,27,20.27,11.99,0
"MT004",2009,10,28,19.26,10.77,0
"MT004",2009,10,29,18.96,9.55,0
"MT004",2009,10,30,18.87,9.09,0
"MT004",2009,10,31,14.24,8.8,0
"MT004",2009,11,1,15.08,6.68,0
"MT004",2009,11,2,16,4.84,0
"MT004",2009,11,3,16.54,9.02,9.7
"MT004",2009,11,4,17.97,7.64,0
"MT004",2009,11,5,19.64,13.56,0
"MT004",2009,11,6,15.66,12.2,23.4
"MT004",2009,11,7,14.52,9.49,3.1
"MT004",2009,11,8,15.38,7.9,0
"MT004",2009,11,9,16.29,7.28,3.5
"MT004",2009,11,10,13.69,7.69,5.5
"MT004",2009,11,11,13.63,6.99,0
"MT004",2009,11,12,16.18,6.07,0
"MT004",2009,11,13,16.36,7.58,0
"MT004",2009,11,14,16.44,7.22,0
"MT004",2009,11,15,16.24,9.99,0
"MT004",2009,11,16,18.63,9.28,0
"MT004",2009,11,17,19.38,9.12,0
"MT004",2009,11,18,17.73,9.88,0
"MT004",2009,11,19,17.53,9.09,0
"MT004",2009,11,20,16.34,9.9,0
"MT004",2009,11,21,15.65,9.24,0
"MT004",2009,11,22,13.86,8.77,0
"MT004",2009,11,23,15.47,7.9,0
"MT004",2009,11,24,16.7,8.4,0
"MT004",2009,11,25,18.62,7.17,0
"MT004",2009,11,26,16.93,6.95,0
"MT004",2009,11,27,15.86,7.97,0
"MT004",2009,11,28,17.38,9.28,3.3
"MT004",2009,11,29,17.12,7.7,0
"MT004",2009,11,30,18.08,11.33,0
"MT004",2009,12,1,15.01,10.23,5.4
"MT004",2009,12,2,13.18,6.22,0
"MT004",2009,12,3,14.76,5.83,0
"MT004",2009,12,4,13.47,4.75,5.7
"MT004",2009,12,5,13.79,7.64,2.5
"MT004",2009,12,6,14.73,6.67,0
"MT004",2009,12,7,15.14,6.3,0
"MT004",2009,12,8,15,6.1,0
"MT004",2009,12,9,12.72,7.94,1.9
"MT004",2009,12,10,14.27,7.17,0
"MT004",2009,12,11,13.1,5.51,0
"MT004",2009,12,12,10.53,3.75,0
"MT004",2009,12,13,10.33,2.59,0
"MT004",2009,12,14,12.17,6.81,30.7
"MT004",2009,12,15,9.79,7.28,18.8
"MT004",2009,12,16,9.03,5.79,0
"MT004",2009,12,17,10.74,4.86,19.1
"MT004",2009,12,18,9.53,4.34,5.3
"MT004",2009,12,19,12.34,4.18,11.3
"MT004",2009,12,20,7.71,3.35,0
"MT004",2009,12,21,10.47,0.82,0
"MT004",2009,12,22,17.52,9.34,0
"MT004",2009,12,23,20.98,12.45,0
"MT004",2009,12,24,19.06,11.87,0
"MT004",2009,12,25,20.21,12.92,1.1
"MT004",2009,12,26,15.81,11.03,9.6
"MT004",2009,12,27,15.71,9.29,6.5
"MT004",2009,12,28,12.99,7.99,0
"MT004",2009,12,29,15.01,10.25,1
"MT004",2009,12,30,18.26,10.23,0
"MT004",2009,12,31,22.4,12.31,0
"MT004",2010,1,1,15.8,8.8,8.4
"MT004",2010,1,2,13.42,7.07,9.8
"MT004",2010,1,3,10.85,4.4,0
"MT004",2010,1,4,9.29,3.7,0
"MT004",2010,1,5,14.88,4.62,0
"MT004",2010,1,6,14.89,10.4,0
"MT004",2010,1,7,16.58,9.42,0
"MT004",2010,1,8,16.24,10.96,2.9
"MT004",2010,1,9,12.75,7.86,15
"MT004",2010,1,10,7.13,4.3,9.9
"MT004",2010,1,11,6.97,3.33,5.7
"MT004",2010,1,12,9.76,3.41,0
"MT004",2010,1,13,7.47,0.85,9.7
"MT004",2010,1,14,10.46,4.39,3
"MT004",2010,1,15,10.35,3.89,0.7
"MT004",2010,1,16,11.45,4.09,0
"MT004",2010,1,17,9.85,1.98,0
"MT004",2010,1,18,11.95,4.6,0
"MT004",2010,1,19,10.29,3.07,0
"MT004",2010,1,20,10.84,0.86,0
"MT004",2010,1,21,8.97,4.46,18.9
"MT004",2010,1,22,8.66,2.47,0
"MT004",2010,1,23,7.44,1.39,0
"MT004",2010,1,24,9.91,1.09,0
"MT004",2010,1,25,9.71,0.45,0
"MT004",2010,1,26,11.02,4.99,3.5
"MT004",2010,1,27,10.77,7.51,27.1
"MT004",2010,1,28,10.2,5.23,2.4
"MT004",2010,1,29,9.1,5.16,2.3
"MT004",2010,1,30,10.53,5.23,12.6
"MT004",2010,1,31,10.93,5.23,18.6
"MT004",2010,2,1,9.03,4.22,3.4
"MT004",2010,2,2,7.19,-0.37,0
"MT004",2010,2,3,9.62,-0.53,0
"MT004",2010,2,4,11.67,3.25,0
"MT004",2010,2,5,11.38,2.35,0
"MT004",2010,2,6,12.85,6.19,16.5
"MT004",2010,2,7,7.83,4.41,5.9
"MT004",2010,2,8,9.22,4.43,0
"MT004",2010,2,9,9.21,3.73,2.3
"MT004",2010,2,10,11.92,6.37,29.2
"MT004",2010,2,11,10.21,4.8,6.7
"MT004",2010,2,12,8.07,0.9,8.7
"MT004",2010,2,13,10.31,0.04,5.9
"MT004",2010,2,14,7.71,4.33,13.8
"MT004",2010,2,15,11.21,3.66,0
"MT004",2010,2,16,11.91,6.39,8.8
"MT004",2010,2,17,15.05,9.17,11.8
"MT004",2010,2,18,17.07,9.08,2.4
"MT004",2010,2,19,16.77,8.76,2.3
"MT004",2010,2,20,15.32,8.38,7.9
"MT004",2010,2,21,13.35,5.66,3.8
"MT004",2010,2,22,12.06,5.37,3.9
"MT004",2010,2,23,17.31,8.91,0
"MT004",2010,2,24,16.04,10.33,6.8
"MT004",2010,2,25,15.43,7.12,3.7
"MT004",2010,2,26,15.92,7.27,0
"MT004",2010,2,27,16.18,6.77,0
"MT004",2010,2,28,15.63,6.3,0
"MT004",2010,3,1,16.02,10.66,0
"MT004",2010,3,2,18.19,8.7,0
"MT004",2010,3,3,13.75,7.19,0
"MT004",2010,3,4,14.82,8.21,14.1
"MT004",2010,3,5,11.46,6.46,7.2
"MT004",2010,3,6,8.59,2.72,1.6
"MT004",2010,3,7,7.96,0.47,0
"MT004",2010,3,8,8.56,4.07,2
"MT004",2010,3,9,8.81,-0.1,21.2
"MT004",2010,3,10,13.13,6.84,23.8
"MT004",2010,3,11,9.82,4.79,8
"MT004",2010,3,12,11.77,2.61,0
"MT004",2010,3,13,9.8,4.81,2.6
"MT004",2010,3,14,12.15,3.96,0
"MT004",2010,3,15,13.5,2.02,0
"MT004",2010,3,16,13.07,2.22,0
"MT004",2010,3,17,14.61,3.7,0
"MT004",2010,3,18,15.69,3.22,0
"MT004",2010,3,19,14.06,4.01,0
"MT004",2010,3,20,14.91,4.07,0
"MT004",2010,3,21,14.82,8.37,0
"MT004",2010,3,22,14.71,9.9,1.4
"MT004",2010,3,23,14.28,12.04,1
"MT004",2010,3,24,14.98,11.01,1.8
"MT004",2010,3,25,14.47,7.38,0
"MT004",2010,3,26,14.86,9.27,0
"MT004",2010,3,27,17.51,9.61,0
"MT004",2010,3,28,18.65,8.67,0
"MT004",2010,3,29,18.22,7.26,0
"MT004",2010,3,30,15.41,8.23,0
"MT004",2010,3,31,18.58,10.73,0
"MT004",2010,4,1,17.73,7.41,0
"MT004",2010,4,2,18.46,8.56,0
"MT004",2010,4,3,14.83,6.09,0
"MT004",2010,4,4,15.86,4.52,0
"MT004",2010,4,5,17.12,8.3,5.1
"MT004",2010,4,6,17.59,6.55,2.5
"MT004",2010,4,7,16.78,5.41,0
"MT004",2010,4,8,16.69,5.67,0
"MT004",2010,4,9,16.29,8.33,0
"MT004",2010,4,10,18.69,6.96,2.9
"MT004",2010,4,11,17.56,7.83,0
"MT004",2010,4,12,15.72,6.91,0
"MT004",2010,4,13,15.73,10.89,4.8
"MT004",2010,4,14,15.23,9.2,0
"MT004",2010,4,15,15.13,10.87,8
"MT004",2010,4,16,16.02,11.93,1.2
"MT004",2010,4,17,17.28,10.36,0
"MT004",2010,4,18,16.22,10.72,12.3
"MT004",2010,4,19,17.91,11.75,9.6
"MT004",2010,4,20,19.1,9.98,5.1
"MT004",2010,4,21,21.19,9.22,0
"MT004",2010,4,22,19.32,8.83,0
"MT004",2010,4,23,17.24,12.66,5.7
"MT004",2010,4,24,18.18,12.29,0
"MT004",2010,4,25,19.08,11.43,0
"MT004",2010,4,26,21.38,12.09,0
"MT004",2010,4,27,21.02,11.26,0
"MT004",2010,4,28,21.8,11.28,3.7
"MT004",2010,4,29,21.03,11.21,0
"MT004",2010,4,30,19.66,8.86,0
"MT004",2010,5,1,21.35,10.94,0
"MT004",2010,5,2,19.73,9.61,0
"MT004",2010,5,3,19.35,12.97,0
"MT004",2010,5,4,21.4,15.04,0
"MT004",2010,5,5,22.47,14.23,0
"MT004",2010,5,6,19.14,12.05,0
"MT004",2010,5,7,18.74,9.6,1
"MT004",2010,5,8,19.27,12.11,2.7
"MT004",2010,5,9,20.94,10.84,0
"MT004",2010,5,10,23.05,10.51,0
"MT004",2010,5,11,21.9,14.29,0
"MT004",2010,5,12,20.79,13.51,0
"MT004",2010,5,13,22.66,13.36,0
"MT004",2010,5,14,21.4,12.69,0
"MT004",2010,5,15,19.06,13.77,29.9
"MT004",2010,5,16,18.2,11.79,0
"MT004",2010,5,17,19.29,11.73,0
"MT004",2010,5,18,20.89,11.07,0
"MT004",2010,5,19,20.17,11.61,0
"MT004",2010,5,20,16.76,10.19,17
"MT004",2010,5,21,19.12,11.25,1.4
"MT004",2010,5,22,22.07,11.9,1.6
"MT004",2010,5,23,22.96,13.87,4.3
"MT004",2010,5,24,21.47,13.55,0
"MT004",2010,5,25,23.89,13.67,0
"MT004",2010,5,26,24.04,14.96,0
"MT004",2010,5,27,24.31,14.04,0
"MT004",2010,5,28,23.83,17.6,0
"MT004",2010,5,29,24.79,15.58,0
"MT004",2010,5,30,22.55,17.34,0
"MT004",2010,5,31,22.64,15.74,3.4
"MT004",2010,6,1,22.77,14.31,0
"MT004",2010,6,2,22.72,12.4,0
"MT004",2010,6,3,21.61,12.67,0
"MT004",2010,6,4,20.28,13.55,8.7
"MT004",2010,6,5,24.9,13.99,0
"MT004",2010,6,6,25.23,16.29,0
"MT004",2010,6,7,26.76,15.07,0
"MT004",2010,6,8,24.56,16.75,0
"MT004",2010,6,9,24.9,15.7,0
"MT004",2010,6,10,26.04,16.35,0
"MT004",2010,6,11,27.11,16.37,0
"MT004",2010,6,12,27.58,17.72,0
"MT004",2010,6,13,29.35,20.04,0
"MT004",2010,6,14,28.41,20.8,0
"MT004",2010,6,15,29.93,20.67,0
"MT004",2010,6,16,29.22,20.58,0
"MT004",2010,6,17,30.32,20.02,0
"MT004",2010,6,18,29.66,19.28,0
"MT004",2010,6,19,26.89,18.71,0
"MT004",2010,6,20,24.73,15.19,14.2
"MT004",2010,6,21,20.24,14.89,20.4
"MT004",2010,6,22,22.19,13.82,0
"MT004",2010,6,23,22.96,15.64,0
"MT004",2010,6,24,23.47,15.3,0
"MT004",2010,6,25,25.59,14.08,0
"MT004",2010,6,26,25.84,15.49,1.8
"MT004",2010,6,27,24.26,17.15,1.9
"MT004",2010,6,28,27.07,17.1,0
"MT004",2010,6,29,27.27,17.81,0
"MT004",2010,6,30,29.03,18.69,6.8
"MT004",2010,7,1,29.61,18.91,4.4
"MT004",2010,7,2,28.87,18.9,6.5
"MT004",2010,7,3,29.84,18.01,5.4
"MT004",2010,7,4,29.91,19.11,0
"MT004",2010,7,5,29.94,20.42,0
"MT004",2010,7,6,29.08,20.03,4
"MT004",2010,7,7,29.94,20.18,3.7
"MT004",2010,7,8,28.07,19.48,0
"MT004",2010,7,9,28.71,17.62,0
"MT004",2010,7,10,28.89,18.18,0
"MT004",2010,7,11,29.87,18.03,0
"MT004",2010,7,12,28.32,19.51,0
"MT004",2010,7,13,29.45,20.39,0
"MT004",2010,7,14,31.63,21.69,0
"MT004",2010,7,15,32.92,22.51,0
"MT004",2010,7,16,35.67,22.26,0
"MT004",2010,7,17,32.66,22.02,0
"MT004",2010,7,18,33.4,23.07,0
"MT004",2010,7,19,30.24,22.79,0
"MT004",2010,7,20,30.37,21.88,0
"MT004",2010,7,21,29.83,21.14,2.6
"MT004",2010,7,22,31.47,20.35,0
"MT004",2010,7,23,32.89,21.77,0
"MT004",2010,7,24,32.05,21.25,0
"MT004",2010,7,25,28,19.63,0
"MT004",2010,7,26,27.11,16.51,0
"MT004",2010,7,27,26.36,16.63,0
"MT004",2010,7,28,27.33,16.76,0
"MT004",2010,7,29,28.17,16.47,0
"MT004",2010,7,30,27.95,17.74,0
"MT004",2010,7,31,27.22,19.18,0
"MT004",2010,8,1,28.58,17.9,0
"MT004",2010,8,2,30.37,18.76,0
"MT004",2010,8,3,29.17,19.28,0
"MT004",2010,8,4,30.04,20.4,0
"MT004",2010,8,5,28.69,19.43,0
"MT004",2010,8,6,27.7,19.16,0
"MT004",2010,8,7,27.57,17.3,0
"MT004",2010,8,8,29.04,18.59,0
"MT004",2010,8,9,30.78,19.11,0
"MT004",2010,8,10,31.35,19.73,0
"MT004",2010,8,11,30.53,20.15,0
"MT004",2010,8,12,29.57,19.39,0
"MT004",2010,8,13,31.45,19.65,0
"MT004",2010,8,14,30.84,20.72,0
"MT004",2010,8,15,33.26,22.05,0
"MT004",2010,8,16,31.69,21.46,0
"MT004",2010,8,17,30.55,20.27,0
"MT004",2010,8,18,28.85,18.35,0
"MT004",2010,8,19,30.41,18.61,0
"MT004",2010,8,20,32.7,20.3,0
"MT004",2010,8,21,32.46,22.53,0
"MT004",2010,8,22,31.02,22.04,0
"MT004",2010,8,23,30.99,20.67,0
"MT004",2010,8,24,31.64,21.43,0
"MT004",2010,8,25,32.35,21.9,0
"MT004",2010,8,26,32.69,22.63,0
"MT004",2010,8,27,32.7,21.08,0
"MT004",2010,8,28,32.46,21.62,0
"MT004",2010,8,29,29.28,21.19,0
"MT004",2010,8,30,29.57,18.4,0
"MT004",2010,8,31,25.22,17.77,0
"MT004",2010,9,1,25.4,15.27,0
"MT004",2010,9,2,26.02,15.49,0
"MT004",2010,9,3,23.59,17.71,39.9
"MT004",2010,9,4,25.19,16.22,0
"MT004",2010,9,5,26.54,15.88,0
"MT004",2010,9,6,27.5,16.62,0
"MT004",2010,9,7,26.63,17.11,0
"MT004",2010,9,8,29.07,18.99,1.3
"MT004",2010,9,9,24.63,18.1,7.6
"MT004",2010,9,10,20.53,15.76,7.9
"MT004",2010,9,11,23.88,14.2,0
"MT004",2010,9,12,25.3,17.91,0
"MT004",2010,9,13,25.15,15.61,0
"MT004",2010,9,14,23.67,16.54,0
"MT004",2010,9,15,24.81,16.14,0
"MT004",2010,9,16,25.66,15.7,0
"MT004",2010,9,17,25.74,15.7,0
"MT004",2010,9,18,26.76,15.89,0
"MT004",2010,9,19,28.3,17.73,0
"MT004",2010,9,20,24.12,16.65,0
"MT004",2010,9,21,24.31,14.11,0
"MT004",2010,9,22,24.32,16.77,0
"MT004",2010,9,23,23.58,17.17,0
"MT004",2010,9,24,23.35,14.72,0
"MT004",2010,9,25,21.27,17,7
"MT004",2010,9,26,22.53,14.9,5.9
"MT004",2010,9,27,23.41,15.12,0
"MT004",2010,9,28,23,14.83,0
"MT004",2010,9,29,22.65,14.6,0
"MT004",2010,9,30,21.27,13.46,0
"MT004",2010,10,1,22.13,13.53,0
"MT004",2010,10,2,22.96,12.73,0
"MT004",2010,10,3,22.89,14.05,0
"MT004",2010,10,4,24.99,13.5,0
"MT004",2010,10,5,25.75,17.24,0
"MT004",2010,10,6,21.93,15.47,33.6
"MT004",2010,10,7,22.54,13.2,0
"MT004",2010,10,8,21.81,15.02,0
"MT004",2010,10,9,19.04,11.98,0
"MT004",2010,10,10,18.34,9.4,0
"MT004",2010,10,11,17.15,11.8,12.6
"MT004",2010,10,12,19.45,15.26,0
"MT004",2010,10,13,20.28,16.78,7.1
"MT004",2010,10,14,20.35,15.69,7.4
"MT004",2010,10,15,19.49,14.28,5.7
"MT004",2010,10,16,20.23,13.65,4.4
"MT004",2010,10,17,20.76,12.51,0
"MT004",2010,10,18,17.17,9.79,27.9
"MT004",2010,10,19,15.31,13.17,26.3
"MT004",2010,10,20,20.15,12.45,0
"MT004",2010,10,21,19.21,10.91,0
"MT004",2010,10,22,18.29,10.48,0
"MT004",2010,10,23,18.45,10.39,0
"MT004",2010,10,24,20.03,10.72,0
"MT004",2010,10,25,18.03,12.47,14.3
"MT004",2010,10,26,18.54,11.66,16.7
"MT004",2010,10,27,15.09,9.36,3.3
"MT004",2010,10,28,16.01,8.67,0
"MT004",2010,10,29,16.52,8.87,0
"MT004",2010,10,30,17.18,7.67,0
"MT004",2010,10,31,17.95,9.95,0
"MT004",2010,11,1,21.84,15.18,0
"MT004",2010,11,2,18.86,13.43,44.3
"MT004",2010,11,3,18.67,9.44,0
"MT004",2010,11,4,19.82,13.36,0
"MT004",2010,11,5,21.72,11.84,0
"MT004",2010,11,6,19.42,11.01,0
"MT004",2010,11,7,19.06,10.07,0.4
"MT004",2010,11,8,17.54,12.91,10
"MT004",2010,11,9,17.42,11.84,12.6
"MT004",2010,11,10,19.85,15.2,0
"MT004",2010,11,11,18.18,12.31,0
"MT004",2010,11,12,17.95,9.02,0
"MT004",2010,11,13,18.03,9.14,0
"MT004",2010,11,14,17.75,9.45,0
"MT004",2010,11,15,18.58,9.54,0
"MT004",2010,11,16,16.6,10.05,1.6
"MT004",2010,11,17,12.7,7.71,10.4
"MT004",2010,11,18,15.53,8.66,2.8
"MT004",2010,11,19,17.42,10.56,1.4
"MT004",2010,11,20,16.94,8.53,0
"MT004",2010,11,21,17.33,8.82,0
"MT004",2010,11,22,16.76,10.77,9.4
"MT004",2010,11,23,11.91,8.33,16.5
"MT004",2010,11,24,12.6,8.03,8.4
"MT004",2010,11,25,12.65,6.2,3.4
"MT004",2010,11,26,12.73,7.6,9
"MT004",2010,11,27,12.75,8.58,0
"MT004",2010,11,28,17.93,8.71,6.5
"MT004",2010,11,29,15.43,11.64,4.8
"MT004",2010,11,30,18.06,11.58,0
"MT004",2010,12,1,21.64,13.41,0
"MT004",2010,12,2,16.99,11.17,0
"MT004",2010,12,3,15.42,8.38,3
"MT004",2010,12,4,12.76,6.22,1.9
"MT004",2010,12,5,11.39,2.93,0
"MT004",2010,12,6,15.11,7.49,0
"MT004",2010,12,7,19.22,10.78,0
"MT004",2010,12,8,19.33,11.4,0
"MT004",2010,12,9,18.22,11.8,0
"MT004",2010,12,10,11.56,5.21,0
"MT004",2010,12,11,7.04,0.36,0
"MT004",2010,12,12,12.8,3.26,3
"MT004",2010,12,13,9.89,4.84,2.5
"MT004",2010,12,14,4.36,0.55,0
"MT004",2010,12,15,2.83,-1.24,0
"MT004",2010,12,16,4.82,-0.91,0
"MT004",2010,12,17,5.7,-3.24,5.7
"MT004",2010,12,18,11.83,4.75,8.4
"MT004",2010,12,19,11.61,4.4,0
"MT004",2010,12,20,15.66,8.32,0
"MT004",2010,12,21,15.37,10.27,0
"MT004",2010,12,22,14.89,9.3,0
"MT004",2010,12,23,16.13,9.96,0
"MT004",2010,12,24,15.66,9.49,11.2
"MT004",2010,12,25,11.1,6.43,9.5
"MT004",2010,12,26,9.26,4.18,6
"MT004",2010,12,27,9.04,3.17,0
"MT004",2010,12,28,8.62,1.48,0
"MT004",2010,12,29,11.2,1.47,0
"MT004",2010,12,30,11.88,1.83,0
"MT004",2010,12,31,9.5,4.53,0
"MT004",2011,1,1,11.41,5.32,0
"MT004",2011,1,2,10.82,4.81,0
"MT004",2011,1,3,10.55,3.74,0
"MT004",2011,1,4,7.04,1.49,0
"MT004",2011,1,5,9.89,2.5,0
"MT004",2011,1,6,12.83,2.38,0
"MT004",2011,1,7,14.09,4.9,0
"MT004",2011,1,8,13.3,6.36,0
"MT004",2011,1,9,10.66,7.35,0
"MT004",2011,1,10,12.43,6.98,0
"MT004",2011,1,11,12.33,6.48,4.8
"MT004",2011,1,12,12.76,4.78,0
"MT004",2011,1,13,14.85,6.11,0
"MT004",2011,1,14,16.19,5.2,0
"MT004",2011,1,15,16.05,5.66,0
"MT004",2011,1,16,15.44,6.51,0
"MT004",2011,1,17,15.58,4.65,0
"MT004",2011,1,18,14.08,4.49,0
"MT004",2011,1,19,12.06,4.73,0
"MT004",2011,1,20,11.52,6.61,3.5
"MT004",2011,1,21,11.33,6.36,7.7
"MT004",2011,1,22,8.65,3.96,17.2
"MT004",2011,1,23,9.33,2.89,6.8
"MT004",2011,1,24,6.64,1.24,2.8
"MT004",2011,1,25,6.91,0.45,0
"MT004",2011,1,26,7.58,-0.78,0
"MT004",2011,1,27,10.44,2.78,18.8
"MT004",2011,1,28,9.96,6.79,14
"MT004",2011,1,29,10.27,6.33,0
"MT004",2011,1,30,11.17,5.69,5.8
"MT004",2011,1,31,10.57,4.59,0
"MT004",2011,2,1,11.72,7.98,2.8
"MT004",2011,2,2,9.84,5.93,22
"MT004",2011,2,3,10.59,6.31,0
"MT004",2011,2,4,12.48,6.17,0
"MT004",2011,2,5,14.36,4.52,0
"MT004",2011,2,6,16.48,4.97,0
"MT004",2011,2,7,19.7,6.51,0
"MT004",2011,2,8,16.01,5.6,0
"MT004",2011,2,9,14.73,4.85,0
"MT004",2011,2,10,15.56,4.73,0
"MT004",2011,2,11,13.14,4.29,0
"MT004",2011,2,12,13.41,4.56,0
"MT004",2011,2,13,12.41,5.87,0
"MT004",2011,2,14,13.05,4.62,0
"MT004",2011,2,15,13.02,3.03,0
"MT004",2011,2,16,11.45,5.31,10.7
"MT004",2011,2,17,16.22,8.18,0
"MT004",2011,2,18,13.3,8.53,25.8
"MT004",2011,2,19,14.52,8.74,0
"MT004",2011,2,20,12.54,5.86,0
"MT004",2011,2,21,13.05,8,8.9
"MT004",2011,2,22,10.53,6.72,3.4
"MT004",2011,2,23,9.35,4.41,1.3
"MT004",2011,2,24,6.56,3.78,0
"MT004",2011,2,25,7.36,3.9,0
"MT004",2011,2,26,8.08,0.05,0
"MT004",2011,2,27,11.85,1.75,0
"MT004",2011,2,28,12.72,4.32,2.8
"MT004",2011,3,1,10.3,7.53,51.7
"MT004",2011,3,2,12.82,4.66,2.4
"MT004",2011,3,3,12.81,6.19,0
"MT004",2011,3,4,12.02,7.07,5.1
"MT004",2011,3,5,11.53,8.71,10.9
"MT004",2011,3,6,11.75,7.65,0
"MT004",2011,3,7,8.11,2.87,0
"MT004",2011,3,8,7.11,1.52,0
"MT004",2011,3,9,9.93,-0.3,0
"MT004",2011,3,10,11.65,0.62,0
"MT004",2011,3,11,13.89,1.52,0
"MT004",2011,3,12,12.77,2.12,0
"MT004",2011,3,13,13.85,7.28,4.2
"MT004",2011,3,14,16.01,9.97,0
"MT004",2011,3,15,16.55,11.12,0
"MT004",2011,3,16,16.22,10.85,4.1
"MT004",2011,3,17,16.94,9.96,7.2
"MT004",2011,3,18,13.92,8.53,8.9
"MT004",2011,3,19,14.77,9.31,1
"MT004",2011,3,20,12.89,8.06,0
"MT004",2011,3,21,9.99,8.13,0
"MT004",2011,3,22,13.32,7.46,0
"MT004",2011,3,23,13.82,5.34,0
"MT004",2011,3,24,17,6.36,0
"MT004",2011,3,25,16.46,6.06,0
"MT004",2011,3,26,16.14,7.24,0
"MT004",2011,3,27,16,7.52,0
"MT004",2011,3,28,16.03,8.29,0
"MT004",2011,3,29,16.99,10.6,6.6
"MT004",2011,3,30,15.17,9.74,0
"MT004",2011,3,31,17.6,8.02,0
"MT004",2011,4,1,19.55,8.39,0
"MT004",2011,4,2,20.07,9.12,0
"MT004",2011,4,3,21.5,9.64,0
"MT004",2011,4,4,20.22,9.39,0
"MT004",2011,4,5,18.62,9.79,0
"MT004",2011,4,6,19.14,10.61,0
"MT004",2011,4,7,20.74,10.86,0
"MT004",2011,4,8,24.18,11.6,0
"MT004",2011,4,9,24.55,11.57,0
"MT004",2011,4,10,20.31,10.62,0
"MT004",2011,4,11,20.06,9.22,0
"MT004",2011,4,12,18.8,8.01,0
"MT004",2011,4,13,17.74,6,4.6
"MT004",2011,4,14,14.41,4.64,0
"MT004",2011,4,15,13.18,6.64,3.4
"MT004",2011,4,16,12.36,7.85,5.6
"MT004",2011,4,17,15.64,8.57,4.8
"MT004",2011,4,18,17.36,7.6,0
"MT004",2011,4,19,18.22,6.28,0
"MT004",2011,4,20,19.15,7.2,0
"MT004",2011,4,21,18.77,8.18,0
"MT004",2011,4,22,18.92,8.2,0
"MT004",2011,4,23,18.12,8.14,0
"MT004",2011,4,24,18.39,9.8,0
"MT004",2011,4,25,16.33,10.44,18.1
"MT004",2011,4,26,14.66,10.74,9.6
"MT004",2011,4,27,15.52,11.23,7.8
"MT004",2011,4,28,17.12,11.15,9
"MT004",2011,4,29,17.32,9.17,0
"MT004",2011,4,30,16,11.25,13.3
"MT004",2011,5,1,18.47,11.98,11.5
"MT004",2011,5,2,19.19,10.91,6.5
"MT004",2011,5,3,19.27,12.92,7.8
"MT004",2011,5,4,17.53,12.31,10.8
"MT004",2011,5,5,19.08,9.73,0
"MT004",2011,5,6,18.36,7.86,0
"MT004",2011,5,7,17.04,7.07,0
"MT004",2011,5,8,20.53,8.05,0
"MT004",2011,5,9,15.59,9.11,10.7
"MT004",2011,5,10,19.43,8.66,0
"MT004",2011,5,11,23.02,11.28,0
"MT004",2011,5,12,22.59,11.85,0
"MT004",2011,5,13,23.2,10.52,0
"MT004",2011,5,14,21.63,13.14,0
"MT004",2011,5,15,23.4,11.55,0
"MT004",2011,5,16,17.81,10.36,7.9
"MT004",2011,5,17,16.89,10.02,0
"MT004",2011,5,18,18.95,9.93,2.2
"MT004",2011,5,19,21.86,9.97,0
"MT004",2011,5,20,21.75,11.85,0
"MT004",2011,5,21,21.17,12.62,0
"MT004",2011,5,22,20.93,13.88,2.4
"MT004",2011,5,23,22.57,15.07,2.2
"MT004",2011,5,24,23.14,15.55,4.3
"MT004",2011,5,25,25.95,14.77,0
"MT004",2011,5,26,25.74,15.82,3.9
"MT004",2011,5,27,24.92,14.78,0
"MT004",2011,5,28,25.13,15.85,0
"MT004",2011,5,29,24.55,14.85,4.9
"MT004",2011,5,30,24.77,13.95,0
"MT004",2011,5,31,23.49,14.79,0
"MT004",2011,6,1,23.54,13.55,2
"MT004",2011,6,2,24.85,15.38,0
"MT004",2011,6,3,26.05,15.75,0
"MT004",2011,6,4,25.29,16.9,0
"MT004",2011,6,5,24.3,16.92,2.9
"MT004",2011,6,6,25.32,15.12,0
"MT004",2011,6,7,27.35,18.56,0
"MT004",2011,6,8,26.93,18.62,0
"MT004",2011,6,9,25.74,17.37,0
"MT004",2011,6,10,25.21,15.41,0
"MT004",2011,6,11,25.47,16.22,5.5
"MT004",2011,6,12,26.05,15.25,0
"MT004",2011,6,13,26.04,16.25,1.5
"MT004",2011,6,14,24.09,16.41,12.3
"MT004",2011,6,15,26.3,16.65,0
"MT004",2011,6,16,25.84,15.18,0
"MT004",2011,6,17,26.79,15.73,0
"MT004",2011,6,18,27.12,16.38,0
"MT004",2011,6,19,28.52,17.3,0
"MT004",2011,6,20,28.05,17.78,0
"MT004",2011,6,21,30.17,17.09,0
"MT004",2011,6,22,28.86,17.35,0
"MT004",2011,6,23,28.51,17.39,0
"MT004",2011,6,24,31.01,19.17,0
"MT004",2011,6,25,30.31,19.29,0
"MT004",2011,6,26,27.3,17.82,0
"MT004",2011,6,27,28.15,18.54,0
"MT004",2011,6,28,28.17,17.95,0
"MT004",2011,6,29,29.94,18.4,0
"MT004",2011,6,30,28.22,19.01,0
"MT004",2011,7,1,27.57,19.6,0
"MT004",2011,7,2,26.09,18.78,0
"MT004",2011,7,3,25.37,16.8,0
"MT004",2011,7,4,28.37,17.09,0
"MT004",2011,7,5,30.09,19.35,0
"MT004",2011,7,6,27.2,18,0
"MT004",2011,7,7,29.5,18.44,0
"MT004",2011,7,8,29.77,19.09,0
"MT004",2011,7,9,31.1,20.31,0
"MT004",2011,7,10,32.69,19.69,0
"MT004",2011,7,11,33.55,20.82,0
"MT004",2011,7,12,33.61,22.23,0
"MT004",2011,7,13,33.35,20.55,0
"MT004",2011,7,14,31.57,21.26,0
"MT004",2011,7,15,31.72,21.79,0
"MT004",2011,7,16,31.39,20.42,0
"MT004",2011,7,17,28.71,18.35,0
"MT004",2011,7,18,29.58,18.6,0
"MT004",2011,7,19,31.56,19.6,0
"MT004",2011,7,20,29.12,20.81,0
"MT004",2011,7,21,27.55,17.17,0
"MT004",2011,7,22,28.54,18.39,0
"MT004",2011,7,23,28.21,18.41,0
"MT004",2011,7,24,27.93,18.05,0
"MT004",2011,7,25,26.29,16.94,0
"MT004",2011,7,26,26.17,16.07,0
"MT004",2011,7,27,26.15,16.23,0
"MT004",2011,7,28,28.36,18.28,2.7
"MT004",2011,7,29,28.04,18.11,0
"MT004",2011,7,30,27.47,16.89,0
"MT004",2011,7,31,26.95,17.74,4
"MT004",2011,8,1,27.81,17.39,0
"MT004",2011,8,2,28.43,18.25,0
"MT004",2011,8,3,30.86,19.26,0
"MT004",2011,8,4,29.87,19.92,0
"MT004",2011,8,5,28.43,19.18,0
"MT004",2011,8,6,28.13,18.58,0
"MT004",2011,8,7,28.72,18.96,0
"MT004",2011,8,8,29.91,20,0
"MT004",2011,8,9,31.58,20.67,0
"MT004",2011,8,10,29.37,20.34,0
"MT004",2011,8,11,27.25,17.54,0
"MT004",2011,8,12,28.22,15.92,0
"MT004",2011,8,13,28.61,18.01,0
"MT004",2011,8,14,28.68,18.14,0
"MT004",2011,8,15,28.88,19.15,0
"MT004",2011,8,16,31.18,20.15,0
"MT004",2011,8,17,31.65,19.71,0
"MT004",2011,8,18,30.68,21.06,0
"MT004",2011,8,19,31.91,21.68,0
"MT004",2011,8,20,34.87,21.87,0
"MT004",2011,8,21,33.37,22.88,0
"MT004",2011,8,22,33.81,21.41,0
"MT004",2011,8,23,33.04,20.91,0
"MT004",2011,8,24,32.26,19.94,0
"MT004",2011,8,25,33.47,20.99,0
"MT004",2011,8,26,32.81,20.67,0
"MT004",2011,8,27,31.57,20.26,0
"MT004",2011,8,28,32.25,20.74,0
"MT004",2011,8,29,30.92,19.93,0
"MT004",2011,8,30,29.49,20.64,0
"MT004",2011,8,31,29.65,20.54,0
"MT004",2011,9,1,29.99,18.87,0
"MT004",2011,9,2,30.13,20.31,0
"MT004",2011,9,3,29.45,20.69,0
"MT004",2011,9,4,31.07,19.7,0
"MT004",2011,9,5,29.94,20.59,0
"MT004",2011,9,6,29.78,19.66,0
"MT004",2011,9,7,29.77,19.82,0
"MT004",2011,9,8,28.51,19.68,0
"MT004",2011,9,9,29.64,19.05,0
"MT004",2011,9,10,29.13,18.9,0
"MT004",2011,9,11,28.37,18.35,0
"MT004",2011,9,12,30.07,18.1,0
"MT004",2011,9,13,29.19,20.29,0
"MT004",2011,9,14,29.42,19.96,0
"MT004",2011,9,15,30.03,18.91,0
"MT004",2011,9,16,31.73,19.24,0
"MT004",2011,9,17,30.76,19.36,0
"MT004",2011,9,18,28.65,18.79,0
"MT004",2011,9,19,24.75,16.35,11.2
"MT004",2011,9,20,22.55,13.62,9.5
"MT004",2011,9,21,24.6,14.51,4
"MT004",2011,9,22,26.46,17.61,0
"MT004",2011,9,23,25.21,17.42,0
"MT004",2011,9,24,25.37,17.66,0
"MT004",2011,9,25,24.7,16.4,13.3
"MT004",2011,9,26,22.45,17.2,4.4
"MT004",2011,9,27,24.51,18.47,4.9
"MT004",2011,9,28,24.83,17.37,0
"MT004",2011,9,29,25.41,15.87,0
"MT004",2011,9,30,24.88,15.75,0
"MT004",2011,10,1,25.33,15.86,0
"MT004",2011,10,2,25.83,15.3,0
"MT004",2011,10,3,25.58,15.16,0
"MT004",2011,10,4,24.42,14.51,0
"MT004",2011,10,5,24.24,13.56,0
"MT004",2011,10,6,24.36,12.95,0
"MT004",2011,10,7,24.16,14.62,4.4
"MT004",2011,10,8,17.78,11.87,23.7
"MT004",2011,10,9,15.98,8.94,0
"MT004",2011,10,10,17.85,9.75,0
"MT004",2011,10,11,22.76,10.02,0
"MT004",2011,10,12,25.54,13.95,0
"MT004",2011,10,13,23.69,13.52,0
"MT004",2011,10,14,18.34,13.33,2.2
"MT004",2011,10,15,16.33,11.91,1.4
"MT004",2011,10,16,16.44,9.77,0
"MT004",2011,10,17,16.13,7.63,0
"MT004",2011,10,18,18.67,5.42,0
"MT004",2011,10,19,18.6,7.53,0
"MT004",2011,10,20,21.48,8.9,0
"MT004",2011,10,21,19.59,11.68,6.2
"MT004",2011,10,22,17.86,11.48,0
"MT004",2011,10,23,18.79,10.61,0
"MT004",2011,10,24,19.44,10.75,0
"MT004",2011,10,25,19.65,11.62,0
"MT004",2011,10,26,20.08,14.21,6.4
"MT004",2011,10,27,19.67,14.24,0
"MT004",2011,10,28,20.16,13.42,0
"MT004",2011,10,29,19.99,12.52,0
"MT004",2011,10,30,17.04,11.93,0
"MT004",2011,10,31,17.78,10.57,0
"MT004",2011,11,1,18.73,10.85,0
"MT004",2011,11,2,17.72,9.53,0
"MT004",2011,11,3,18.7,8.51,0
"MT004",2011,11,4,18.74,8.58,0
"MT004",2011,11,5,19.38,10.84,0
"MT004",2011,11,6,20.62,12.92,2.4
"MT004",2011,11,7,19.87,9.55,2.6
"MT004",2011,11,8,18.59,10.02,0
"MT004",2011,11,9,17.32,11.44,1.5
"MT004",2011,11,10,16.43,12.16,3.5
"MT004",2011,11,11,17.52,11.43,0
"MT004",2011,11,12,15.9,10.67,0
"MT004",2011,11,13,14.28,6.94,0
"MT004",2011,11,14,14.48,6.72,0
"MT004",2011,11,15,15.02,3.68,0
"MT004",2011,11,16,14.64,5.15,0
"MT004",2011,11,17,14.93,7.21,0
"MT004",2011,11,18,15.9,6.61,0
"MT004",2011,11,19,15.48,4.44,0
"MT004",2011,11,20,15.94,7.7,0
"MT004",2011,11,21,16.3,8.52,0
"MT004",2011,11,22,14.59,11.57,25.7
"MT004",2011,11,23,17.71,10.63,0
"MT004",2011,11,24,16.13,10.88,5
"MT004",2011,11,25,15.84,10.21,2.1
"MT004",2011,11,26,16,9.44,0
"MT004",2011,11,27,16.11,6.77,0
"MT004",2011,11,28,15.29,5.29,0
"MT004",2011,11,29,15.05,6.03,0
"MT004",2011,11,30,15.47,5.93,0
"MT004",2011,12,1,15.44,5.98,0
"MT004",2011,12,2,14.8,5.53,0
"MT004",2011,12,3,15.72,7.43,0
"MT004",2011,12,4,16.69,9.12,0
"MT004",2011,12,5,16.57,12.15,8.7
"MT004",2011,12,6,16.32,10.3,6.8
"MT004",2011,12,7,15.26,8.8,0
"MT004",2011,12,8,16.57,6.17,0
"MT004",2011,12,9,15.16,6.1,0
"MT004",2011,12,10,14.96,6.99,0
"MT004",2011,12,11,15.04,9.24,0
"MT004",2011,12,12,16.23,8.52,0
"MT004",2011,12,13,15.3,6.58,3.6
"MT004",2011,12,14,16.05,5.35,0
"MT004",2011,12,15,16.05,10.47,4.7
"MT004",2011,12,16,15.44,9.71,0
"MT004",2011,12,17,14.51,6.87,5.6
"MT004",2011,12,18,9.72,2.64,5.1
"MT004",2011,12,19,8.96,3.37,7.6
"MT004",2011,12,20,7.78,0.86,0
"MT004",2011,12,21,8.15,1.37,4.2
"MT004",2011,12,22,8.78,2.13,0
"MT004",2011,12,23,10.36,3.43,0
"MT004",2011,12,24,12.94,2.21,0
"MT004",2011,12,25,9.39,5.42,24.7
"MT004",2011,12,26,11.1,6.45,0
"MT004",2011,12,27,12.55,3.4,0
"MT004",2011,12,28,11.52,2.63,0
"MT004",2011,12,29,10.95,1.66,0
"MT004",2011,12,30,10.09,2.86,0
"MT004",2011,12,31,10.49,2.52,0
"MT004",2012,1,1,13.74,2.24,0
"MT004",2012,1,2,13.13,2.88,0
"MT004",2012,1,3,14.68,3.7,0
"MT004",2012,1,4,14.33,4.55,0
"MT004",2012,1,5,13.37,6.94,0
"MT004",2012,1,6,10.27,4.65,19.7
"MT004",2012,1,7,10.28,3.37,0
"MT004",2012,1,8,12.84,3.15,0
"MT004",2012,1,9,9.38,2.22,0
"MT004",2012,1,10,10.35,3.23,0
"MT004",2012,1,11,10.75,4.1,0
"MT004",2012,1,12,12.58,2.42,0
"MT004",2012,1,13,12.54,3.13,0
"MT004",2012,1,14,10.41,3.4,2.2
"MT004",2012,1,15,8.65,-0.76,0
"MT004",2012,1,16,5.7,-3.79,0
"MT004",2012,1,17,7.28,-3.7,0
"MT004",2012,1,18,10.34,-2.48,0
"MT004",2012,1,19,12.29,-0.4,0
"MT004",2012,1,20,12.71,5.57,0
"MT004",2012,1,21,12.23,4.22,0
"MT004",2012,1,22,14.16,3.78,0
"MT004",2012,1,23,13.65,4.65,0
"MT004",2012,1,24,14.22,5.13,3.5
"MT004",2012,1,25,8.43,3.58,0
"MT004",2012,1,26,8.76,0.63,0
"MT004",2012,1,27,9.64,-0.91,0
"MT004",2012,1,28,9.09,-1.21,0
"MT004",2012,1,29,9.68,0.19,0
"MT004",2012,1,30,7.42,4.24,6.6
"MT004",2012,1,31,7.98,3.36,0
"MT004",2012,2,1,7.59,2.38,29.2
"MT004",2012,2,2,9.53,1.96,0
"MT004",2012,2,3,6.72,2.79,6.4
"MT004",2012,2,4,7.75,0.75,15.1
"MT004",2012,2,5,7.74,1.31,0
"MT004",2012,2,6,4.58,2.06,5.1
"MT004",2012,2,7,2.09,-1.3,8.2
"MT004",2012,2,8,6.9,1.08,5.9
"MT004",2012,2,9,4.96,2.23,0
"MT004",2012,2,10,5.31,1.59,24.9
"MT004",2012,2,11,8.04,2.84,12
"MT004",2012,2,12,8.41,1.36,7.1
"MT004",2012,2,13,6.04,-0.37,3.5
"MT004",2012,2,14,6.14,0.54,4.3
"MT004",2012,2,15,7,-1.85,3.2
"MT004",2012,2,16,8.09,1.01,0
"MT004",2012,2,17,9.5,0.73,0
"MT004",2012,2,18,13.39,0.42,0
"MT004",2012,2,19,13.44,2.44,0
"MT004",2012,2,20,12.63,3.83,0
"MT004",2012,2,21,11.41,4.55,6.5
"MT004",2012,2,22,11.93,7.88,36
"MT004",2012,2,23,11.34,6.39,23.9
"MT004",2012,2,24,16.96,4.39,0
"MT004",2012,2,25,18.83,6,0
"MT004",2012,2,26,15.16,6.63,5.6
"MT004",2012,2,27,9.17,4.49,0
"MT004",2012,2,28,11.82,1.66,0
"MT004",2012,2,29,16.96,4.19,0
"MT004",2012,3,1,17.75,6.16,0
"MT004",2012,3,2,18.69,5.24,0
"MT004",2012,3,3,17.12,8.28,0
"MT004",2012,3,4,15.69,5.77,0
"MT004",2012,3,5,14.07,6.49,2.4
"MT004",2012,3,6,12.91,5.72,0
"MT004",2012,3,7,12.44,3.31,0
"MT004",2012,3,8,13.13,6.04,12.3
"MT004",2012,3,9,12.52,7.35,3.6
"MT004",2012,3,10,12.7,8.63,1
"MT004",2012,3,11,13.06,7.7,0
"MT004",2012,3,12,11.99,5.77,3.8
"MT004",2012,3,13,14.72,5.08,0
"MT004",2012,3,14,15.67,4.37,0
"MT004",2012,3,15,17.92,3.8,0
"MT004",2012,3,16,17.01,5.4,0
"MT004",2012,3,17,15.34,4.87,0
"MT004",2012,3,18,14.69,7.17,0
"MT004",2012,3,19,14.17,8.65,0
"MT004",2012,3,20,16.84,6.31,0
"MT004",2012,3,21,16.69,6.22,0
"MT004",2012,3,22,19.87,6.37,0
"MT004",2012,3,23,18.49,8.74,0
"MT004",2012,3,24,17.91,8.56,0
"MT004",2012,3,25,18.57,9.85,0
"MT004",2012,3,26,19.58,7.5,0
"MT004",2012,3,27,18.08,5.97,0
"MT004",2012,3,28,18.89,6.93,0
"MT004",2012,3,29,18.99,6.64,0
"MT004",2012,3,30,18.9,7.22,0
"MT004",2012,3,31,17.87,8.15,0
"MT004",2012,4,1,20.77,8.36,0
"MT004",2012,4,2,16.4,8.56,0
"MT004",2012,4,3,18.4,9.98,0
"MT004",2012,4,4,18.09,10.86,0
"MT004",2012,4,5,17.11,12.07,4.3
"MT004",2012,4,6,18.64,10.7,0
"MT004",2012,4,7,15.31,10.59,4.5
"MT004",2012,4,8,14.13,7.46,6.5
"MT004",2012,4,9,11.96,3.17,2.8
"MT004",2012,4,10,15.06,2.06,0
"MT004",2012,4,11,16.75,6.33,0.7
"MT004",2012,4,12,18.02,8.9,0
"MT004",2012,4,13,13.58,10.5,21.9
"MT004",2012,4,14,13.45,10.33,21.2
"MT004",2012,4,15,16.18,9.09,4.7
"MT004",2012,4,16,13.2,8.01,27.9
"MT004",2012,4,17,15.9,7.61,6.9
"MT004",2012,4,18,17.24,7.08,0
"MT004",2012,4,19,15.87,9.32,3
"MT004",2012,4,20,16.15,9.24,9.2
"MT004",2012,4,21,18,8.06,0
"MT004",2012,4,22,17.59,9.73,0
"MT004",2012,4,23,15.89,10.62,4.6
"MT004",2012,4,24,18.7,8.8,0
"MT004",2012,4,25,19.99,9.59,0
"MT004",2012,4,26,18.85,7.36,0
"MT004",2012,4,27,24.47,9.74,0
"MT004",2012,4,28,22.87,12.53,0
"MT004",2012,4,29,24.91,12.35,0
"MT004",2012,4,30,23.98,12.98,0
"MT004",2012,5,1,25.26,11.64,0
"MT004",2012,5,2,25.01,14.48,0
"MT004",2012,5,3,23.48,12.63,0
"MT004",2012,5,4,21.85,10.67,0
"MT004",2012,5,5,21.66,10.15,0
"MT004",2012,5,6,21.88,11.34,0
"MT004",2012,5,7,22.94,12.8,0
"MT004",2012,5,8,21.5,11.49,0
"MT004",2012,5,9,23.55,10.86,0
"MT004",2012,5,10,25.09,11.14,0
"MT004",2012,5,11,25.38,12.14,0
"MT004",2012,5,12,27.58,13.13,0
"MT004",2012,5,13,26.04,14.82,0
"MT004",2012,5,14,16.03,11.51,12.5
"MT004",2012,5,15,16.87,8.78,0
"MT004",2012,5,16,20.82,9.79,4
"MT004",2012,5,17,16.34,8.46,3.1
"MT004",2012,5,18,19.72,7.15,0
"MT004",2012,5,19,19.78,8.52,0
"MT004",2012,5,20,20.13,10.22,0
"MT004",2012,5,21,23.93,13.4,0
"MT004",2012,5,22,19.58,11.84,10
"MT004",2012,5,23,19.73,11.05,8.7
"MT004",2012,5,24,22.62,13.37,0
"MT004",2012,5,25,24.73,15.17,5.6
"MT004",2012,5,26,22.55,13.8,8
"MT004",2012,5,27,19.87,11.7,10.8
"MT004",2012,5,28,21.69,10.43,4.4
"MT004",2012,5,29,21.08,10.72,0
"MT004",2012,5,30,23.32,12.58,0
"MT004",2012,5,31,23.87,12.51,0
"MT004",2012,6,1,23.82,14.25,0
"MT004",2012,6,2,24.51,14.5,0
"MT004",2012,6,3,24.08,14.89,0
"MT004",2012,6,4,26.2,14.86,0
"MT004",2012,6,5,24.34,13.82,8.9
"MT004",2012,6,6,24.52,14.28,0
"MT004",2012,6,7,24.98,14.23,0
"MT004",2012,6,8,27.29,15.76,0
"MT004",2012,6,9,27.03,16.71,0
"MT004",2012,6,10,27.84,17.01,0
"MT004",2012,6,11,28.39,17.91,0
"MT004",2012,6,12,28.86,17.12,0
"MT004",2012,6,13,27.38,16.58,0
"MT004",2012,6,14,26.48,14.68,0
"MT004",2012,6,15,28.95,15.79,0
"MT004",2012,6,16,30.96,16.85,0
"MT004",2012,6,17,31.5,18.41,0
"MT004",2012,6,18,31.87,18.12,0
"MT004",2012,6,19,33.15,19.33,0
"MT004",2012,6,20,33.51,19.57,0
"MT004",2012,6,21,32.51,20.85,0
"MT004",2012,6,22,33.3,21.63,0
"MT004",2012,6,23,32.58,20.6,0
"MT004",2012,6,24,32.99,21.41,0
"MT004",2012,6,25,31.36,20.23,0
"MT004",2012,6,26,31.27,19.35,0
"MT004",2012,6,27,30.8,20.72,0
"MT004",2012,6,28,30.77,18.69,0
"MT004",2012,6,29,29.47,18.98,0
"MT004",2012,6,30,32.24,19.85,0
"MT004",2012,7,1,32.01,21.61,0
"MT004",2012,7,2,31.76,21.02,0
"MT004",2012,7,3,30.9,21.48,0
"MT004",2012,7,4,30.14,21.14,0
"MT004",2012,7,5,30.5,20.59,0
"MT004",2012,7,6,30.84,21.17,0
"MT004",2012,7,7,30.92,21.01,0
"MT004",2012,7,8,32.55,21.65,0
"MT004",2012,7,9,34.28,22.16,0
"MT004",2012,7,10,34.03,22.7,0
"MT004",2012,7,11,35,21.13,0
"MT004",2012,7,12,34.74,22.47,0
"MT004",2012,7,13,33.24,20.72,0
"MT004",2012,7,14,32.8,20.77,0
"MT004",2012,7,15,34.59,21.27,0
"MT004",2012,7,16,32.72,20.82,0
"MT004",2012,7,17,31.17,19.53,0
"MT004",2012,7,18,31.88,19.81,0
"MT004",2012,7,19,32.07,18.99,0
"MT004",2012,7,20,31.11,20.23,0
"MT004",2012,7,21,32.71,19.09,0
"MT004",2012,7,22,31.88,20.44,0
"MT004",2012,7,23,25.83,17.4,30.5
"MT004",2012,7,24,25.77,17.92,8.8
"MT004",2012,7,25,26.91,19.07,6.9
"MT004",2012,7,26,30.94,20.14,0
"MT004",2012,7,27,32.82,21.82,0
"MT004",2012,7,28,34.35,21.9,0
"MT004",2012,7,29,34.26,22.01,0
"MT004",2012,7,30,34.78,23.43,0
"MT004",2012,7,31,33.25,22.34,0
"MT004",2012,8,1,31.83,21.57,0
"MT004",2012,8,2,32.46,21.25,0
"MT004",2012,8,3,31.45,20.21,0
"MT004",2012,8,4,31.98,20.7,0
"MT004",2012,8,5,32.28,20.65,0
"MT004",2012,8,6,31.53,20.05,0
"MT004",2012,8,7,35.71,22.3,0
"MT004",2012,8,8,35.64,23.06,0
"MT004",2012,8,9,32.94,20.96,0
"MT004",2012,8,10,32.66,21.71,0
"MT004",2012,8,11,30,20.27,0
"MT004",2012,8,12,30.36,18.48,0
"MT004",2012,8,13,29.39,18.12,0
"MT004",2012,8,14,29.49,19.77,0
"MT004",2012,8,15,28.69,20.86,0
"MT004",2012,8,16,32.41,21.35,0
"MT004",2012,8,17,32.58,20.94,0
"MT004",2012,8,18,32.1,22.14,0
"MT004",2012,8,19,32.73,21.46,0
"MT004",2012,8,20,31.62,20.36,0
"MT004",2012,8,21,32.04,19.96,0
"MT004",2012,8,22,32.57,20.29,0
"MT004",2012,8,23,32.96,19.72,0
"MT004",2012,8,24,34.06,19.88,0
"MT004",2012,8,25,32.24,20.78,0
"MT004",2012,8,26,33.05,19.88,0
"MT004",2012,8,27,31.27,20.48,0
"MT004",2012,8,28,28.92,17.33,0
"MT004",2012,8,29,28.76,16.81,0
"MT004",2012,8,30,29.76,18.08,0
"MT004",2012,8,31,29.33,17.07,0
"MT004",2012,9,1,28.44,17.4,3.2
"MT004",2012,9,2,27.77,18.43,0
"MT004",2012,9,3,28.13,19.64,3.9
"MT004",2012,9,4,26.83,18.93,0
"MT004",2012,9,5,27.01,18.49,2.2
"MT004",2012,9,6,27.3,18.65,5.5
"MT004",2012,9,7,27.84,18.13,0
"MT004",2012,9,8,28.42,18.1,0
"MT004",2012,9,9,27.18,17.96,0
"MT004",2012,9,10,27.43,17.47,0
"MT004",2012,9,11,26.48,17.82,0
"MT004",2012,9,12,26.76,16.79,0
"MT004",2012,9,13,25.23,17.05,8.4
"MT004",2012,9,14,21.62,15.26,12.6
"MT004",2012,9,15,24.51,14.82,1.6
"MT004",2012,9,16,24.75,15.92,0
"MT004",2012,9,17,25.45,14.95,0
"MT004",2012,9,18,24.58,15.29,0
"MT004",2012,9,19,25.45,15.18,0
"MT004",2012,9,20,25.28,17,0
"MT004",2012,9,21,23.3,13.17,0
"MT004",2012,9,22,24,11.91,0
"MT004",2012,9,23,26.14,14.98,0
"MT004",2012,9,24,27.75,17.99,0
"MT004",2012,9,25,26.47,20.68,0
"MT004",2012,9,26,27.8,17.47,0
"MT004",2012,9,27,28.26,18.17,0
"MT004",2012,9,28,28.4,18.66,0
"MT004",2012,9,29,29.13,16.8,0
"MT004",2012,9,30,26.11,17.71,0
"MT004",2012,10,1,28.24,19.5,0
"MT004",2012,10,2,26.15,18.1,0
"MT004",2012,10,3,25.65,15.7,0
"MT004",2012,10,4,24.63,14,0
"MT004",2012,10,5,26.21,13.6,0
"MT004",2012,10,6,25.44,14.03,0
"MT004",2012,10,7,25.49,13.62,0
"MT004",2012,10,8,24.8,15.74,0
"MT004",2012,10,9,23.58,13.93,0
"MT004",2012,10,10,23.25,15.97,0
"MT004",2012,10,11,22.73,15.29,0
"MT004",2012,10,12,24.1,15.87,2.9
"MT004",2012,10,13,22.61,14.66,9.8
"MT004",2012,10,14,24.56,15.03,13.7
"MT004",2012,10,15,23.63,15.17,0
"MT004",2012,10,16,23.13,14.94,2.1
"MT004",2012,10,17,21.89,9.49,0
"MT004",2012,10,18,21.92,10.56,0
"MT004",2012,10,19,22.21,9.75,0
"MT004",2012,10,20,22.26,11.42,0
"MT004",2012,10,21,24.34,11.68,0
"MT004",2012,10,22,21.37,12.55,0
"MT004",2012,10,23,22.33,12.28,0
"MT004",2012,10,24,22.13,12.2,0
"MT004",2012,10,25,21.41,11.49,0
"MT004",2012,10,26,21.82,11.79,0
"MT004",2012,10,27,22.72,15.17,21.4
"MT004",2012,10,28,20.47,13,14.8
"MT004",2012,10,29,14.37,9.39,13.4
"MT004",2012,10,30,15.61,7.34,0
"MT004",2012,10,31,17.87,10.6,20.8
"MT004",2012,11,1,21.11,13.87,6.5
"MT004",2012,11,2,20.71,11.85,0
"MT004",2012,11,3,21.18,11.31,0
"MT004",2012,11,4,21.36,13.25,0
"MT004",2012,11,5,22.85,16.09,3.2
"MT004",2012,11,6,19.67,13,0
"MT004",2012,11,7,16.45,9.38,2
"MT004",2012,11,8,17,7.59,0
"MT004",2012,11,9,17.04,7.14,0
"MT004",2012,11,10,17.75,6.81,0
"MT004",2012,11,11,19.7,11.1,0
"MT004",2012,11,12,19.76,15.01,0
"MT004",2012,11,13,19.17,12.66,0
"MT004",2012,11,14,19.37,13.14,0
"MT004",2012,11,15,17.08,12.28,0
"MT004",2012,11,16,14.7,12.83,2.4
"MT004",2012,11,17,17.13,12.04,5.9
"MT004",2012,11,18,17.15,12.37,18.3
"MT004",2012,11,19,16.52,12.88,13
"MT004",2012,11,20,16.49,12.8,4.8
"MT004",2012,11,21,17.42,11.77,0
"MT004",2012,11,22,18.16,11.45,0
"MT004",2012,11,23,16.9,10.98,0
"MT004",2012,11,24,17.92,9.57,0
"MT004",2012,11,25,17.64,7.59,0
"MT004",2012,11,26,17.15,7.03,0
"MT004",2012,11,27,16.2,7.52,0
"MT004",2012,11,28,19.98,9.2,10.9
"MT004",2012,11,29,14.33,9.32,18.2
"MT004",2012,11,30,13.32,6.72,9.9
"MT004",2012,12,1,13.76,5.25,0
"MT004",2012,12,2,13,6.44,8.4
"MT004",2012,12,3,9.72,3.01,5.2
"MT004",2012,12,4,12.45,1.43,6.8
"MT004",2012,12,5,12.96,5.04,10
"MT004",2012,12,6,8.45,0.92,0
"MT004",2012,12,7,10.36,0.63,0
"MT004",2012,12,8,10.69,5.04,21.6
"MT004",2012,12,9,5.96,2.19,2.5
"MT004",2012,12,10,10.52,1.18,2.6
"MT004",2012,12,11,9.27,3.01,5.4
"MT004",2012,12,12,7.93,-0.15,0
"MT004",2012,12,13,7.89,-1.35,0
"MT004",2012,12,14,12.87,3.38,0
"MT004",2012,12,15,14.26,7.18,0
"MT004",2012,12,16,16.19,11.93,0
"MT004",2012,12,17,15.52,8.26,3.9
"MT004",2012,12,18,13.47,6.49,0
"MT004",2012,12,19,11.09,5.39,0
"MT004",2012,12,20,11.13,4.3,0
"MT004",2012,12,21,9.93,5.19,1.6
"MT004",2012,12,22,11.08,4.31,0
"MT004",2012,12,23,15.22,2.66,0
"MT004",2012,12,24,15.47,4.38,0
"MT004",2012,12,25,15.26,4.78,0
"MT004",2012,12,26,14.21,7.03,0
"MT004",2012,12,27,15.29,8.49,0
"MT004",2012,12,28,12.42,7.09,11.2
"MT004",2012,12,29,12.04,6.45,0
"MT004",2012,12,30,13.24,3.59,0
"MT004",2012,12,31,12.81,3.38,0
"MT004",2013,1,1,12.63,3.24,0
"MT004",2013,1,2,12.87,3.1,0
"MT004",2013,1,3,13.45,4.97,0
"MT004",2013,1,4,13.25,4.6,0
"MT004",2013,1,5,11.61,4.56,0
"MT004",2013,1,6,12.63,6.83,0
"MT004",2013,1,7,12.79,7,0
"MT004",2013,1,8,9.86,2.69,0
"MT004",2013,1,9,10.55,2.03,0
"MT004",2013,1,10,12.84,6.02,7.6
"MT004",2013,1,11,13.5,5.86,4.8
"MT004",2013,1,12,12.61,4.35,0
"MT004",2013,1,13,12.73,4.65,1.1
"MT004",2013,1,14,13.73,8.94,5.5
"MT004",2013,1,15,8.85,4.24,29
"MT004",2013,1,16,8.09,2.72,9.3
"MT004",2013,1,17,8.96,3.14,39.7
"MT004",2013,1,18,7.45,2.83,7.8
"MT004",2013,1,19,11.13,3.19,1.9
"MT004",2013,1,20,16.15,8.5,0
"MT004",2013,1,21,13.9,9.41,6.8
"MT004",2013,1,22,12.84,7.03,8.8
"MT004",2013,1,23,12.04,4.4,2
"MT004",2013,1,24,9.64,4.14,21.1
"MT004",2013,1,25,7.05,3.73,10.7
"MT004",2013,1,26,9.58,3.72,0
"MT004",2013,1,27,10.49,2.51,0
"MT004",2013,1,28,10.58,1.15,1.7
"MT004",2013,1,29,13.39,4.4,0
"MT004",2013,1,30,16.31,3.9,0
"MT004",2013,1,31,16.9,6.14,0
"MT004",2013,2,1,15.79,7.66,0
"MT004",2013,2,2,18.33,9.32,1.6
"MT004",2013,2,3,10.66,5.5,7.4
"MT004",2013,2,4,10.68,2.42,2.6
"MT004",2013,2,5,12.66,0.84,0
"MT004",2013,2,6,12.32,4.14,7.5
"MT004",2013,2,7,10.01,2.61,0
"MT004",2013,2,8,5.91,2.04,3.4
"MT004",2013,2,9,3.57,-0.76,6.4
"MT004",2013,2,10,2.16,-2.05,5.7
"MT004",2013,2,11,8.41,-2.55,5.9
"MT004",2013,2,12,12.29,5.59,11.9
"MT004",2013,2,13,10.7,3.6,6.5
"MT004",2013,2,14,10.95,2.97,5.5
"MT004",2013,2,15,12.37,2.63,0
"MT004",2013,2,16,10.82,5.99,2
"MT004",2013,2,17,11.23,4.34,0
"MT004",2013,2,18,10.2,4.02,0
"MT004",2013,2,19,10.29,3.85,0
"MT004",2013,2,20,13.16,1.19,0
"MT004",2013,2,21,11.12,5.11,4.4
"MT004",2013,2,22,12.85,5.33,5.2
"MT004",2013,2,23,15.71,6.78,3.6
"MT004",2013,2,24,13.32,5.24,5.6
"MT004",2013,2,25,11.49,1.36,0
"MT004",2013,2,26,8.7,2.39,4.6
"MT004",2013,2,27,12.99,4.32,0
"MT004",2013,2,28,13.34,2.82,0
"MT004",2013,3,1,11.9,3.91,0
"MT004",2013,3,2,12.04,6.61,5.1
"MT004",2013,3,3,12.95,4.57,0
"MT004",2013,3,4,12.45,1.33,0
"MT004",2013,3,5,12.37,1.88,0
"MT004",2013,3,6,12.97,8.61,10.1
"MT004",2013,3,7,15.11,10.01,1.7
"MT004",2013,3,8,15,10.37,3.9
"MT004",2013,3,9,17.19,9.5,0
"MT004",2013,3,10,18.89,10.19,2.4
"MT004",2013,3,11,16.47,9.73,2.5
"MT004",2013,3,12,15,7.54,14.6
"MT004",2013,3,13,13.53,6.92,9.8
"MT004",2013,3,14,11.48,6.87,12.8
"MT004",2013,3,15,7.4,3.77,7.1
"MT004",2013,3,16,9.56,1.46,0
"MT004",2013,3,17,10.46,-0.62,0
"MT004",2013,3,18,14.97,7.24,3.7
"MT004",2013,3,19,15.59,7.45,0
"MT004",2013,3,20,14.72,4.24,5.1
"MT004",2013,3,21,14.75,7.67,4.7
"MT004",2013,3,22,15.72,4.66,0
"MT004",2013,3,23,13.6,3.36,0
"MT004",2013,3,24,16.83,8.03,0
"MT004",2013,3,25,16.5,9.43,10.8
"MT004",2013,3,26,14.47,8.03,12.3
"MT004",2013,3,27,15.06,8.49,5.1
"MT004",2013,3,28,15.98,9.6,0.1
"MT004",2013,3,29,18.97,10.55,1.2
"MT004",2013,3,30,19.09,12.28,0
"MT004",2013,3,31,16.26,11.37,0
"MT004",2013,4,1,17.85,7.82,0
"MT004",2013,4,2,17.36,9.56,12.1
"MT004",2013,4,3,15.09,7.83,7.5
"MT004",2013,4,4,16.98,7.67,0
"MT004",2013,4,5,20.37,11.14,0
"MT004",2013,4,6,18.04,6.7,0
"MT004",2013,4,7,15.88,8.25,0
"MT004",2013,4,8,15.91,6.07,0
"MT004",2013,4,9,17.64,9.11,0
"MT004",2013,4,10,19.08,9.68,0
"MT004",2013,4,11,18.41,8.5,0
"MT004",2013,4,12,19.35,8.14,0
"MT004",2013,4,13,20.75,10.26,0
"MT004",2013,4,14,20.97,10.09,0
"MT004",2013,4,15,20.38,9.86,0
"MT004",2013,4,16,18.81,8.47,0
"MT004",2013,4,17,20.38,8.15,0
"MT004",2013,4,18,21.99,9.15,0
"MT004",2013,4,19,20.93,9.28,0
"MT004",2013,4,20,19.34,7.08,0
"MT004",2013,4,21,18.8,9.99,0
"MT004",2013,4,22,16.63,11.27,6.5
"MT004",2013,4,23,18.04,10.23,2
"MT004",2013,4,24,20.86,10.13,0
"MT004",2013,4,25,21.02,11.37,0
"MT004",2013,4,26,21.5,10.59,0
"MT004",2013,4,27,20.53,11.35,0
"MT004",2013,4,28,20.35,11.31,0
"MT004",2013,4,29,21.41,12.58,0
"MT004",2013,4,30,23.02,11.99,0
"MT004",2013,5,1,22.94,12.93,0
"MT004",2013,5,2,25.85,14.07,0
"MT004",2013,5,3,22.95,13.75,0
"MT004",2013,5,4,23.9,14.32,0
"MT004",2013,5,5,25.46,15.7,0
"MT004",2013,5,6,24.12,16.17,0
"MT004",2013,5,7,21.5,13.38,0
"MT004",2013,5,8,23.47,12.7,0
"MT004",2013,5,9,22.99,12.37,0
"MT004",2013,5,10,24.15,12.62,0
"MT004",2013,5,11,23.93,15.14,0
"MT004",2013,5,12,22.79,12.58,0
"MT004",2013,5,13,21.05,12.52,3.6
"MT004",2013,5,14,23.01,10.09,0
"MT004",2013,5,15,21.05,9.92,0
"MT004",2013,5,16,21.05,14.66,1.4
"MT004",2013,5,17,24.27,15.08,0
"MT004",2013,5,18,24.21,13.66,0
"MT004",2013,5,19,26,14.52,0
"MT004",2013,5,20,22.74,12.44,0
"MT004",2013,5,21,22.8,12.26,0
"MT004",2013,5,22,22.92,15.22,4.8
"MT004",2013,5,23,22.73,12.45,17.5
"MT004",2013,5,24,21.8,12.48,2.8
"MT004",2013,5,25,21.49,12.25,0
"MT004",2013,5,26,19.88,11.94,0
"MT004",2013,5,27,21.09,9.74,0
"MT004",2013,5,28,20.43,10.13,0
"MT004",2013,5,29,24.22,12.69,0
"MT004",2013,5,30,21.49,11.75,2.9
"MT004",2013,5,31,20.19,9.75,6.7
"MT004",2013,6,1,22.06,11.88,6
"MT004",2013,6,2,23.61,11.85,0
"MT004",2013,6,3,22.57,12.81,0
"MT004",2013,6,4,21.78,13.01,0
"MT004",2013,6,5,21.84,11.96,0
"MT004",2013,6,6,22.51,12.24,0
"MT004",2013,6,7,25.2,13.76,0
"MT004",2013,6,8,26.33,15.18,0
"MT004",2013,6,9,24.24,15.05,0
"MT004",2013,6,10,25.56,16.21,0
"MT004",2013,6,11,24.75,14.75,4.9
"MT004",2013,6,12,26.69,16.1,0
"MT004",2013,6,13,26.73,15.93,0
"MT004",2013,6,14,29,16.12,0
"MT004",2013,6,15,29.43,17.15,0
"MT004",2013,6,16,29.91,18.33,0
"MT004",2013,6,17,29.16,19.72,0
"MT004",2013,6,18,30.32,19.27,0
"MT004",2013,6,19,32.8,18.91,0
"MT004",2013,6,20,32.73,20,0
"MT004",2013,6,21,34.43,20.69,0
"MT004",2013,6,22,33.77,20.27,0
"MT004",2013,6,23,30.99,20.11,0
"MT004",2013,6,24,29.09,17.94,0
"MT004",2013,6,25,27.13,17.01,0
"MT004",2013,6,26,27.56,15.85,0
"MT004",2013,6,27,25.96,16.19,0
"MT004",2013,6,28,25.48,14.24,0
"MT004",2013,6,29,25.05,15.61,3.2
"MT004",2013,6,30,26.11,15.38,0
"MT004",2013,7,1,26.55,14.69,0
"MT004",2013,7,2,27.03,15.09,0
"MT004",2013,7,3,26.91,15.9,0
"MT004",2013,7,4,26.19,17.01,0
"MT004",2013,7,5,29.32,16.19,1.4
"MT004",2013,7,6,29.54,19.24,6
"MT004",2013,7,7,29.11,18.37,0
"MT004",2013,7,8,29.46,17.87,8.5
"MT004",2013,7,9,28.55,17.56,0
"MT004",2013,7,10,29,17.48,5.4
"MT004",2013,7,11,28.71,18.1,0
"MT004",2013,7,12,28.66,18.97,7.3
"MT004",2013,7,13,29.56,18.51,0
"MT004",2013,7,14,28.11,19.52,10.3
"MT004",2013,7,15,29.65,18.51,0
"MT004",2013,7,16,29.41,18.94,0
"MT004",2013,7,17,28.98,17.9,0
"MT004",2013,7,18,28.57,17.94,0
"MT004",2013,7,19,28.25,17.53,0
"MT004",2013,7,20,28.7,18.36,0
"MT004",2013,7,21,29.84,19.32,7.9
"MT004",2013,7,22,30.37,18.88,0
"MT004",2013,7,23,30.49,18.58,0
"MT004",2013,7,24,30.17,19.48,0
"MT004",2013,7,25,31,21.19,0
"MT004",2013,7,26,33.02,21.1,0
"MT004",2013,7,27,33.29,21.89,0
"MT004",2013,7,28,33.21,22.35,0
"MT004",2013,7,29,33.38,22,0
"MT004",2013,7,30,33.69,22.49,0
"MT004",2013,7,31,31.98,21.76,0
"MT004",2013,8,1,30.87,20.9,0
"MT004",2013,8,2,30.96,20.48,0
"MT004",2013,8,3,33.04,20.34,0
"MT004",2013,8,4,34.2,21.54,0
"MT004",2013,8,5,34.9,21.75,0
"MT004",2013,8,6,34.64,21.61,0
"MT004",2013,8,7,34.1,21.84,0
"MT004",2013,8,8,34.32,21.56,0
"MT004",2013,8,9,31.56,20.14,1.8
"MT004",2013,8,10,28.98,19.1,9.5
"MT004",2013,8,11,30.59,19.81,0
"MT004",2013,8,12,30.6,20.39,0
"MT004",2013,8,13,30.03,21.44,0
"MT004",2013,8,14,30.85,19.7,0
"MT004",2013,8,15,30.49,20.49,0
"MT004",2013,8,16,30.78,21.44,0
"MT004",2013,8,17,30.68,20.47,0
"MT004",2013,8,18,29.78,20.63,0
"MT004",2013,8,19,32.44,20.3,0
"MT004",2013,8,20,31.08,20.63,0
"MT004",2013,8,21,29.13,19.11,0
"MT004",2013,8,22,29.55,20.57,0
"MT004",2013,8,23,29.4,19.26,0
"MT004",2013,8,24,29.57,18.52,0
"MT004",2013,8,25,29.53,19,0
"MT004",2013,8,26,30.43,20.02,0
"MT004",2013,8,27,32.48,22.3,0
"MT004",2013,8,28,29.23,19.94,0
"MT004",2013,8,29,27.62,17.6,0
"MT004",2013,8,30,27.86,18.09,0
"MT004",2013,8,31,28.11,18.72,0
"MT004",2013,9,1,25.83,17.41,1.5
"MT004",2013,9,2,26.89,16.97,0
"MT004",2013,9,3,28.31,17.33,0
"MT004",2013,9,4,29.38,18.04,0
"MT004",2013,9,5,28.35,17.53,0
"MT004",2013,9,6,27.17,18.43,0
"MT004",2013,9,7,27.96,18.04,0
"MT004",2013,9,8,29.01,18.36,0
"MT004",2013,9,9,29.9,19.11,0
"MT004",2013,9,10,28.14,20.72,0
"MT004",2013,9,11,29.38,20.65,0
"MT004",2013,9,12,25.81,18.17,8.3
"MT004",2013,9,13,23.53,16.16,3.1
"MT004",2013,9,14,25.91,14.75,0
"MT004",2013,9,15,26.06,14.81,0
"MT004",2013,9,16,25.97,17.03,7.2
"MT004",2013,9,17,25.43,15.93,3.9
"MT004",2013,9,18,25.36,15.03,0
"MT004",2013,9,19,25.96,15.83,0
"MT004",2013,9,20,25.33,16.19,0
"MT004",2013,9,21,25.26,15.18,0
"MT004",2013,9,22,24.1,14.95,0
"MT004",2013,9,23,23.42,12.56,0
"MT004",2013,9,24,25.5,12.37,0
"MT004",2013,9,25,25.71,13.25,0
"MT004",2013,9,26,26.92,15.02,0
"MT004",2013,9,27,26.11,15.33,0
"MT004",2013,9,28,25.25,16.1,0
"MT004",2013,9,29,26.54,16.76,0
"MT004",2013,9,30,23.37,16.74,20.6
"MT004",2013,10,1,23.85,15.42,0
"MT004",2013,10,2,23.11,14.41,0
"MT004",2013,10,3,21.3,12.27,0
"MT004",2013,10,4,20.15,9.55,0
"MT004",2013,10,5,20.49,12.77,10.6
"MT004",2013,10,6,20.18,14.83,20.6
"MT004",2013,10,7,24.05,15.49,0
"MT004",2013,10,8,23.52,15.5,0
"MT004",2013,10,9,22.56,14.02,4.7
"MT004",2013,10,10,22.65,14.24,0
"MT004",2013,10,11,24.34,15.99,0
"MT004",2013,10,12,24.8,15.61,0
"MT004",2013,10,13,25.43,16.08,0
"MT004",2013,10,14,24.41,17.64,0
"MT004",2013,10,15,23.26,16.85,0
"MT004",2013,10,16,22.61,14.72,5.5
"MT004",2013,10,17,22.4,11.99,0
"MT004",2013,10,18,23.36,10.74,0
"MT004",2013,10,19,22.58,11.49,0
"MT004",2013,10,20,23.32,12.85,0
"MT004",2013,10,21,23.16,13.7,0
"MT004",2013,10,22,23.47,13.76,0
"MT004",2013,10,23,23.88,13.03,0
"MT004",2013,10,24,21.93,13.32,0
"MT004",2013,10,25,23.79,14.79,0
"MT004",2013,10,26,22.07,12.68,0
"MT004",2013,10,27,22.63,11.92,0
"MT004",2013,10,28,23.22,12.69,0
"MT004",2013,10,29,22.45,12.63,0
"MT004",2013,10,30,22.29,13,0
"MT004",2013,10,31,22.21,14.1,0
"MT004",2013,11,1,21.76,13.31,0
"MT004",2013,11,2,22.65,13.1,0
"MT004",2013,11,3,23.07,13.67,0
"MT004",2013,11,4,22.68,15.57,0
"MT004",2013,11,5,19.1,13.97,13.8
"MT004",2013,11,6,20.15,12.31,0
"MT004",2013,11,7,23.96,11.24,0
"MT004",2013,11,8,21.49,11.34,0
"MT004",2013,11,9,21.36,11.32,0
"MT004",2013,11,10,19.71,13.79,10.4
"MT004",2013,11,11,16.2,11.64,24.8
"MT004",2013,11,12,17.42,11.61,0
"MT004",2013,11,13,16.93,14,28.2
"MT004",2013,11,14,19.33,12.35,8
"MT004",2013,11,15,17.48,10.14,22.9
"MT004",2013,11,16,16.33,11.74,35.9
"MT004",2013,11,17,17.34,11.34,0
"MT004",2013,11,18,17.08,10.54,0
"MT004",2013,11,19,17.89,12.36,15
"MT004",2013,11,20,16.89,10.21,16.7
"MT004",2013,11,21,13.77,8.69,11.6
"MT004",2013,11,22,16.22,7.29,10.7
"MT004",2013,11,23,14.46,7.43,12
"MT004",2013,11,24,12.25,5.85,5.2
"MT004",2013,11,25,14.28,4.42,2.9
"MT004",2013,11,26,8.97,4.15,6.4
"MT004",2013,11,27,8.95,1.63,1.5
"MT004",2013,11,28,11.15,2.91,0
"MT004",2013,11,29,11.32,6.54,5.9
"MT004",2013,11,30,12.41,7.46,10.9
"MT004",2013,12,1,15.85,9.65,38.9
"MT004",2013,12,2,15.12,12.67,4.2
"MT004",2013,12,3,13.9,8.73,21.1
"MT004",2013,12,4,14.28,7.19,0
"MT004",2013,12,5,13.91,4.71,0
"MT004",2013,12,6,13.6,4.44,0
"MT004",2013,12,7,14.65,4.97,0
"MT004",2013,12,8,13.01,3.07,0
"MT004",2013,12,9,13.1,4.79,5.1
"MT004",2013,12,10,15.94,6.37,0
"MT004",2013,12,11,14.08,7.43,0
"MT004",2013,12,12,14.58,4.7,0
"MT004",2013,12,13,13.8,5.41,0
"MT004",2013,12,14,13.64,3.99,0
"MT004",2013,12,15,13.3,5.63,0
"MT004",2013,12,16,14.87,5.71,0
"MT004",2013,12,17,14.99,5.02,0
"MT004",2013,12,18,14.48,3.28,0
"MT004",2013,12,19,13.54,2.82,0
"MT004",2013,12,20,14.25,3.53,0
"MT004",2013,12,21,15.04,3.61,0
"MT004",2013,12,22,13.93,3.22,0
"MT004",2013,12,23,13.09,3.16,0
"MT004",2013,12,24,12.34,5.24,0
"MT004",2013,12,25,14.06,7.2,0
"MT004",2013,12,26,13.07,8.71,11.8
"MT004",2013,12,27,12.68,5.92,3.2
"MT004",2013,12,28,15.08,4.7,0
"MT004",2013,12,29,15.32,5.92,0
"MT004",2013,12,30,12.21,6.35,0
"MT004",2013,12,31,11.31,8.32,4.4
"MT004",2014,1,1,12.17,8.5,2.4
"MT004",2014,1,2,15.02,7.58,0
"MT004",2014,1,3,15.27,7.21,0
"MT004",2014,1,4,15.84,7.4,0
"MT004",2014,1,5,15.2,8.36,6.6
"MT004",2014,1,6,13.39,5.45,0
"MT004",2014,1,7,14.88,5.03,0
"MT004",2014,1,8,16.06,5.61,0
"MT004",2014,1,9,15.09,5.57,0
"MT004",2014,1,10,14.48,5.06,0
"MT004",2014,1,11,13.1,5.35,0
"MT004",2014,1,12,13.25,6.07,0
"MT004",2014,1,13,14.44,7.28,0
"MT004",2014,1,14,13.77,6.87,0
"MT004",2014,1,15,13.1,8.4,4.2
"MT004",2014,1,16,14.65,5.87,0
"MT004",2014,1,17,14.98,5.31,0
"MT004",2014,1,18,16.47,6.98,0
"MT004",2014,1,19,15.27,11.14,20.6
"MT004",2014,1,20,15.17,8.19,10.9
"MT004",2014,1,21,11.12,7.81,34.3
"MT004",2014,1,22,14.09,7.97,7.3
"MT004",2014,1,23,13.09,6.44,0
"MT004",2014,1,24,12.02,7.35,13.5
"MT004",2014,1,25,10.24,5.56,3.7
"MT004",2014,1,26,10.4,3.32,0
"MT004",2014,1,27,11.61,2.96,3.1
"MT004",2014,1,28,11.48,3.98,5.2
"MT004",2014,1,29,12.64,2.45,3.9
"MT004",2014,1,30,15.25,5.38,0
"MT004",2014,1,31,15.85,13.33,5
"MT004",2014,2,1,14.68,12.01,36.7
"MT004",2014,2,2,12.19,9.41,30.3
"MT004",2014,2,3,11.86,7.91,40
"MT004",2014,2,4,12.57,7.38,2.2
"MT004",2014,2,5,14.45,6.4,0
"MT004",2014,2,6,13.64,6.81,5.7
"MT004",2014,2,7,15.7,5.3,0
"MT004",2014,2,8,14.24,7.1,4.3
"MT004",2014,2,9,13.68,8.1,6.7
"MT004",2014,2,10,15.59,5.87,0
"MT004",2014,2,11,15.89,9.72,0
"MT004",2014,2,12,13.65,8,14.6
"MT004",2014,2,13,14.51,5.34,0
"MT004",2014,2,14,15.4,7.57,0
"MT004",2014,2,15,15.18,5.44,0
"MT004",2014,2,16,16.89,5.73,0
"MT004",2014,2,17,18.19,9.21,0
"MT004",2014,2,18,15.44,9.38,0
"MT004",2014,2,19,16.3,8.62,0
"MT004",2014,2,20,15.3,10.38,0
"MT004",2014,2,21,13.76,8.61,3.7
"MT004",2014,2,22,15.22,7.03,0
"MT004",2014,2,23,13.98,6.37,2.8
"MT004",2014,2,24,12.96,4.87,0
"MT004",2014,2,25,15.13,4.32,0
"MT004",2014,2,26,15.08,4.83,0
"MT004",2014,2,27,14.23,5,0
"MT004",2014,2,28,13.85,6.5,0
"MT004",2014,3,1,14.29,4.08,5.4
"MT004",2014,3,2,12.52,4.64,6
"MT004",2014,3,3,14.15,4.3,0
"MT004",2014,3,4,12.56,5.34,7
"MT004",2014,3,5,12.66,3.65,2.9
"MT004",2014,3,6,11.4,5.89,7.6
"MT004",2014,3,7,12.18,7.13,16.6
"MT004",2014,3,8,14.78,7.13,0
"MT004",2014,3,9,15.79,8.84,1.9
"MT004",2014,3,10,12.43,7.08,3.7
"MT004",2014,3,11,13.44,5.8,0
"MT004",2014,3,12,14.18,5.6,0
"MT004",2014,3,13,15.59,5.21,0
"MT004",2014,3,14,15.18,7.08,0
"MT004",2014,3,15,15.57,7.08,2.1
"MT004",2014,3,16,17.51,6.52,0
"MT004",2014,3,17,21.85,8.61,0
"MT004",2014,3,18,20.71,8.6,0
"MT004",2014,3,19,19.57,9.38,0
"MT004",2014,3,20,19,8.11,0
"MT004",2014,3,21,18.04,7.38,0
"MT004",2014,3,22,18.01,8.04,0
"MT004",2014,3,23,18.98,7.61,0
"MT004",2014,3,24,11.98,5.23,13.2
"MT004",2014,3,25,13.39,5.12,2.1
"MT004",2014,3,26,14.2,5.77,3.5
"MT004",2014,3,27,14.54,7.13,19.3
"MT004",2014,3,28,14.76,6.85,7.2
"MT004",2014,3,29,17.09,6.86,0
"MT004",2014,3,30,17.61,6.99,0
"MT004",2014,3,31,18.5,7.92,0
"MT004",2014,4,1,20.41,9.69,0
"MT004",2014,4,2,19.03,7.62,0
"MT004",2014,4,3,17.82,7.14,0
"MT004",2014,4,4,16.96,9.23,3.4
"MT004",2014,4,5,14.77,8.96,17.2
"MT004",2014,4,6,15.96,9.9,19.7
"MT004",2014,4,7,21.28,9.62,0
"MT004",2014,4,8,21.54,10.28,0
"MT004",2014,4,9,19.87,10.18,2.7
"MT004",2014,4,10,18.07,8.42,0
"MT004",2014,4,11,17.38,7.38,0
"MT004",2014,4,12,16.56,8.38,0
"MT004",2014,4,13,17.28,9.98,3.2
"MT004",2014,4,14,18.22,8.94,0
"MT004",2014,4,15,18.18,6.79,9.6
"MT004",2014,4,16,12.92,5.31,5.9
"MT004",2014,4,17,13.38,5.7,0
"MT004",2014,4,18,14.85,5.37,0
"MT004",2014,4,19,17.35,8.14,0
"MT004",2014,4,20,18.92,9.89,0
"MT004",2014,4,21,20.02,11.97,0
"MT004",2014,4,22,19.94,11.05,0
"MT004",2014,4,23,18.91,13.79,1.9
"MT004",2014,4,24,21.02,13.32,2.9
"MT004",2014,4,25,20.57,12.68,0
"MT004",2014,4,26,17.2,11.53,9.4
"MT004",2014,4,27,17.97,8.82,3.4
"MT004",2014,4,28,18.69,10.63,0
"MT004",2014,4,29,17.34,9.12,4.9
"MT004",2014,4,30,18.68,7.71,0
"MT004",2014,5,1,17.58,10.47,6.5
"MT004",2014,5,2,18.87,10.23,0
"MT004",2014,5,3,17.27,10.18,9.1
"MT004",2014,5,4,17.02,9.69,3.5
"MT004",2014,5,5,18.36,8.94,0
"MT004",2014,5,6,20.75,7.83,0
"MT004",2014,5,7,19.45,8.59,0
"MT004",2014,5,8,22.53,11.3,4.2
"MT004",2014,5,9,24.01,11.18,0
"MT004",2014,5,10,25.03,12.21,0
"MT004",2014,5,11,23.76,12.65,0
"MT004",2014,5,12,23.35,14.63,0
"MT004",2014,5,13,21.97,12.59,0
"MT004",2014,5,14,18.67,11.38,4.3
"MT004",2014,5,15,19.62,9.47,0
"MT004",2014,5,16,16.29,8.82,5.4
"MT004",2014,5,17,18.34,9.24,0
"MT004",2014,5,18,19.83,7.91,0
"MT004",2014,5,19,18.39,12.33,0
"MT004",2014,5,20,21.66,12.63,0
"MT004",2014,5,21,23.17,11.11,0
"MT004",2014,5,22,24.11,12.09,0
"MT004",2014,5,23,24.59,13.98,0
"MT004",2014,5,24,24.96,15.7,4.9
"MT004",2014,5,25,24.77,16.31,0
"MT004",2014,5,26,26.4,15.06,0
"MT004",2014,5,27,24.82,14.64,0
"MT004",2014,5,28,21.68,12.24,0
"MT004",2014,5,29,21.7,13.11,0
"MT004",2014,5,30,24.23,12.99,0
"MT004",2014,5,31,23.07,12.48,7
"MT004",2014,6,1,21.29,12.25,3.9
"MT004",2014,6,2,21.54,11.1,0
"MT004",2014,6,3,24.02,12.86,0
"MT004",2014,6,4,25.37,12.17,0
"MT004",2014,6,5,27.3,14.45,0
"MT004",2014,6,6,27.49,14.49,0
"MT004",2014,6,7,28.43,15.66,0
"MT004",2014,6,8,29.83,16.88,0
"MT004",2014,6,9,30.14,19,0
"MT004",2014,6,10,30.54,17.67,0
"MT004",2014,6,11,31.51,18.31,0
"MT004",2014,6,12,31.79,19.18,0
"MT004",2014,6,13,30.17,18.05,0
"MT004",2014,6,14,28.46,17.7,0
"MT004",2014,6,15,26.34,17.1,5.2
"MT004",2014,6,16,25.92,17.5,2.4
"MT004",2014,6,17,25.93,18.15,0
"MT004",2014,6,18,26.32,17.23,0
"MT004",2014,6,19,25.05,15.47,5
"MT004",2014,6,20,27.02,14.65,0
"MT004",2014,6,21,28.5,15.28,0
"MT004",2014,6,22,27.98,15.83,0
"MT004",2014,6,23,28.26,16.72,0
"MT004",2014,6,24,29.04,18.19,0
"MT004",2014,6,25,30.25,21.55,0
"MT004",2014,6,26,27.05,19.55,0
"MT004",2014,6,27,28.39,18.86,0
"MT004",2014,6,28,28.49,17.92,0
"MT004",2014,6,29,28.73,17.45,0
"MT004",2014,6,30,29.48,18.03,0
"MT004",2014,7,1,26.98,16.01,0
"MT004",2014,7,2,27.64,15.64,0
"MT004",2014,7,3,30.94,17.25,0
"MT004",2014,7,4,29.99,18.42,0
"MT004",2014,7,5,29.7,17.6,0
"MT004",2014,7,6,30.41,18.82,0
"MT004",2014,7,7,28.49,19.44,0
"MT004",2014,7,8,31.13,20.1,0
"MT004",2014,7,9,26.82,18.19,0
"MT004",2014,7,10,27.4,16.71,0
"MT004",2014,7,11,27.18,15.74,0
"MT004",2014,7,12,27.3,16.93,0
"MT004",2014,7,13,25.78,16.74,2.8
"MT004",2014,7,14,26.54,16.58,5.9
"MT004",2014,7,15,26.81,16.57,10.4
"MT004",2014,7,16,29.94,18.72,0
"MT004",2014,7,17,30.55,19.42,6.7
"MT004",2014,7,18,31.28,19.23,7
"MT004",2014,7,19,31.59,20.4,0
"MT004",2014,7,20,32.08,19.69,0
"MT004",2014,7,21,29.82,18.26,6.3
"MT004",2014,7,22,26.74,17.77,2.5
"MT004",2014,7,23,26.15,16.61,0
"MT004",2014,7,24,28.93,17.52,0
"MT004",2014,7,25,29.4,18.4,0
"MT004",2014,7,26,28.75,18.99,0
"MT004",2014,7,27,29.82,20.56,0
"MT004",2014,7,28,27.72,19.35,0
"MT004",2014,7,29,29.51,18.49,0
"MT004",2014,7,30,28.71,20.8,0
"MT004",2014,7,31,27.54,18.01,0
"MT004",2014,8,1,28.38,18.05,0
"MT004",2014,8,2,30.25,19.38,0
"MT004",2014,8,3,29.23,19.85,0
"MT004",2014,8,4,31.59,19.88,0
"MT004",2014,8,5,31.53,20.58,0
"MT004",2014,8,6,29.49,19.4,10.9
"MT004",2014,8,7,29.47,19.23,0
"MT004",2014,8,8,30.24,19.16,0
"MT004",2014,8,9,30.63,19.21,0
"MT004",2014,8,10,31.28,19.51,0
"MT004",2014,8,11,32.4,19.92,0
"MT004",2014,8,12,31.66,20.27,0
"MT004",2014,8,13,31.75,20.45,0
"MT004",2014,8,14,32.17,19.96,0
"MT004",2014,8,15,31.03,20.42,0
"MT004",2014,8,16,29.21,18.26,0
"MT004",2014,8,17,29.03,18.17,0
"MT004",2014,8,18,28.9,16.62,0
"MT004",2014,8,19,28.87,16.37,0
"MT004",2014,8,20,29.85,19.96,0
"MT004",2014,8,21,31.14,21.05,0
"MT004",2014,8,22,30.6,22.22,0
"MT004",2014,8,23,30.37,18.65,0
"MT004",2014,8,24,29.66,19.25,0
"MT004",2014,8,25,28.93,17.6,0
"MT004",2014,8,26,29.24,18.71,0
"MT004",2014,8,27,32.05,18.61,0
"MT004",2014,8,28,31.53,20.16,0
"MT004",2014,8,29,30.55,20.52,0
"MT004",2014,8,30,29.29,19.59,0
"MT004",2014,8,31,28.94,20,0
"MT004",2014,9,1,28.19,16.5,17.5
"MT004",2014,9,2,24.75,14.46,1
"MT004",2014,9,3,26.52,17.12,0
"MT004",2014,9,4,27.26,16.45,0
"MT004",2014,9,5,25.69,16.98,5.6
"MT004",2014,9,6,25.79,17.14,8.5
"MT004",2014,9,7,27.52,16.29,0
"MT004",2014,9,8,27.52,16.91,0
"MT004",2014,9,9,26.79,16.71,0
"MT004",2014,9,10,26.33,16.5,0
"MT004",2014,9,11,26.83,18.48,6.3
"MT004",2014,9,12,27.09,18.75,5.2
"MT004",2014,9,13,27.71,17.45,6.2
"MT004",2014,9,14,25.74,15.8,0
"MT004",2014,9,15,25.65,15.2,0
"MT004",2014,9,16,24.96,15.71,0
"MT004",2014,9,17,24.22,15.78,0
"MT004",2014,9,18,24.98,16.2,0
"MT004",2014,9,19,26.65,17.7,0
"MT004",2014,9,20,28.79,20.03,0
"MT004",2014,9,21,28.94,19.84,0
"MT004",2014,9,22,28.64,21.77,0
"MT004",2014,9,23,24.4,17.31,0
"MT004",2014,9,24,21.48,14.95,4.1
"MT004",2014,9,25,24.53,15.32,6.7
"MT004",2014,9,26,23.62,15.34,0
"MT004",2014,9,27,23.21,13.63,0
"MT004",2014,9,28,23.81,11.9,0
"MT004",2014,9,29,23.27,12.41,0
"MT004",2014,9,30,23.5,12.23,0
"MT004",2014,10,1,24.93,12.62,0
"MT004",2014,10,2,23.3,13.86,0
"MT004",2014,10,3,22.67,15.71,0
"MT004",2014,10,4,22.77,15.36,0
"MT004",2014,10,5,18.84,16.11,40.3
"MT004",2014,10,6,23.4,15.38,0
"MT004",2014,10,7,23.3,14.4,4.8
"MT004",2014,10,8,23.33,13.07,0
"MT004",2014,10,9,23.88,12.88,0
"MT004",2014,10,10,23.95,13.31,0
"MT004",2014,10,11,24.67,14.1,0
"MT004",2014,10,12,24.8,15.21,0
"MT004",2014,10,13,24.7,15.31,0
"MT004",2014,10,14,25.71,17.41,0
"MT004",2014,10,15,25.76,18.65,0
"MT004",2014,10,16,25.74,19.22,0
"MT004",2014,10,17,25.84,17.89,0
"MT004",2014,10,18,26.99,15.91,0
"MT004",2014,10,19,23.99,14.89,0
"MT004",2014,10,20,22.84,12.67,0
"MT004",2014,10,21,23.26,13.05,0
"MT004",2014,10,22,23.51,10.12,13.8
"MT004",2014,10,23,16.13,7.76,0
"MT004",2014,10,24,16.51,6.48,0
"MT004",2014,10,25,18.41,8.54,0
"MT004",2014,10,26,18.43,10,0
"MT004",2014,10,27,18.04,9.37,0
"MT004",2014,10,28,18.48,8.38,0
"MT004",2014,10,29,18.48,9.57,0
"MT004",2014,10,30,17.86,9.77,5.3
"MT004",2014,10,31,17.57,9.39,0
"MT004",2014,11,1,18.27,7.73,0
"MT004",2014,11,2,18.61,6.92,0
"MT004",2014,11,3,19.37,8.27,0
"MT004",2014,11,4,18.71,8.9,0
"MT004",2014,11,5,19.17,10.56,0
"MT004",2014,11,6,18.6,14.62,8.4
"MT004",2014,11,7,17.06,13.89,28.7
"MT004",2014,11,8,17.67,13.06,13.4
"MT004",2014,11,9,18.33,11.5,0
"MT004",2014,11,10,19.77,10.94,0
"MT004",2014,11,11,17.89,14.51,0
"MT004",2014,11,12,18.81,13.2,11.6
"MT004",2014,11,13,17.39,11.34,10.7
"MT004",2014,11,14,18.57,10.81,0
"MT004",2014,11,15,17.7,9.73,0
"MT004",2014,11,16,18.36,12.95,0
"MT004",2014,11,17,18.32,11.69,0
"MT004",2014,11,18,18.69,13.02,0
"MT004",2014,11,19,17.87,9.19,0
"MT004",2014,11,20,16.31,7.16,0
"MT004",2014,11,21,16.33,6.85,0
"MT004",2014,11,22,16.83,6.99,0
"MT004",2014,11,23,17.41,7.17,0
"MT004",2014,11,24,16.88,7.81,0
"MT004",2014,11,25,16.93,8.48,0
"MT004",2014,11,26,15.46,8.43,0
"MT004",2014,11,27,17.82,10.56,0
"MT004",2014,11,28,17.74,9.11,0
"MT004",2014,11,29,17.56,13.16,0
"MT004",2014,11,30,19.55,13.29,0
"MT004",2014,12,1,18.21,13.69,0
"MT004",2014,12,2,17.51,11.93,0
"MT004",2014,12,3,15.84,9.22,0
"MT004",2014,12,4,17.54,9.71,0
"MT004",2014,12,5,15.01,8.69,5.3
"MT004",2014,12,6,13.94,8.38,7
"MT004",2014,12,7,13.98,6.06,0
"MT004",2014,12,8,13.77,5.81,0
"MT004",2014,12,9,12.42,5.57,0
"MT004",2014,12,10,11.68,4.25,0
"MT004",2014,12,11,13.45,4.39,0
"MT004",2014,12,12,15.92,4.43,0
"MT004",2014,12,13,16.24,5.04,0
"MT004",2014,12,14,16.05,5.33,0
"MT004",2014,12,15,14.59,6.18,0
"MT004",2014,12,16,14.65,6.86,10.4
"MT004",2014,12,17,14.44,6.65,0
"MT004",2014,12,18,16.83,5.81,0
"MT004",2014,12,19,16.7,6.13,0
"MT004",2014,12,20,14.64,4.97,0
"MT004",2014,12,21,15.02,6.1,0
"MT004",2014,12,22,14.62,2.46,0
"MT004",2014,12,23,15.35,2.82,0
"MT004",2014,12,24,14.96,4.64,0
"MT004",2014,12,25,11.73,4.59,0
"MT004",2014,12,26,11.33,5.57,1.4
"MT004",2014,12,27,9.67,1.2,0
"MT004",2014,12,28,8.28,2.78,38.1
"MT004",2014,12,29,5.28,1.99,0
"MT004",2014,12,30,1.15,-1.83,0
"MT004",2014,12,31,1.38,-4.14,0
"MT004",2015,1,1,8.18,-1.75,0.6
"MT004",2015,1,2,11.65,-1.84,0
"MT004",2015,1,3,14.8,4.59,0
"MT004",2015,1,4,16.72,7.44,0
"MT004",2015,1,5,7.93,2.02,0
"MT004",2015,1,6,9.25,1.71,0
"MT004",2015,1,7,10.48,0.85,0
"MT004",2015,1,8,10.64,1.01,0
"MT004",2015,1,9,13.38,3.81,0
"MT004",2015,1,10,16.99,8.43,0
"MT004",2015,1,11,16.15,7.74,0
"MT004",2015,1,12,12.89,3.61,4.6
"MT004",2015,1,13,14.75,2.03,0
"MT004",2015,1,14,14.48,1.51,0
"MT004",2015,1,15,16.84,4.5,0
"MT004",2015,1,16,13.83,2.6,0
"MT004",2015,1,17,14.56,6.35,0
"MT004",2015,1,18,14.25,8.01,17.9
"MT004",2015,1,19,13.03,7.41,2.6
"MT004",2015,1,20,13.98,8.07,0
"MT004",2015,1,21,13.56,6.08,0
"MT004",2015,1,22,13.03,4.11,18.9
"MT004",2015,1,23,13.32,4.8,10.7
"MT004",2015,1,24,12.06,4.73,0
"MT004",2015,1,25,9.26,4.3,2.2
"MT004",2015,1,26,9.58,3.18,0
"MT004",2015,1,27,10.02,2.2,0
"MT004",2015,1,28,7.15,2.33,8.6
"MT004",2015,1,29,11.3,1.05,4.4
"MT004",2015,1,30,11.26,5.77,38.1
"MT004",2015,1,31,9.46,5.7,14.4
"MT004",2015,2,1,11.35,4.32,8.6
"MT004",2015,2,2,7.61,2.3,10.8
"MT004",2015,2,3,9.39,0.59,0
"MT004",2015,2,4,14.84,5.12,7.7
"MT004",2015,2,5,14.27,6.35,6.1
"MT004",2015,2,6,9.62,4.31,16
"MT004",2015,2,7,10.47,3.2,7.4
"MT004",2015,2,8,10.81,2.56,0
"MT004",2015,2,9,4.57,1.17,0
"MT004",2015,2,10,10.55,2.75,0
"MT004",2015,2,11,12.22,4.16,0
"MT004",2015,2,12,10.29,5.24,0
"MT004",2015,2,13,11.44,2.14,0
"MT004",2015,2,14,11.26,1.25,0
"MT004",2015,2,15,12.61,3.27,0
"MT004",2015,2,16,12.96,6.02,0
"MT004",2015,2,17,12.91,7.76,3.7
"MT004",2015,2,18,10.84,2.77,0
"MT004",2015,2,19,12.07,0.64,0
"MT004",2015,2,20,13,-0.25,0
"MT004",2015,2,21,12.04,1.92,4.3
"MT004",2015,2,22,14.15,8,19.2
"MT004",2015,2,23,13.56,7.21,4.3
"MT004",2015,2,24,13.45,6.45,8
"MT004",2015,2,25,11.73,5.2,6.9
"MT004",2015,2,26,12.93,2.99,6.7
"MT004",2015,2,27,12.33,5.41,8.6
"MT004",2015,2,28,12.17,6.24,0
"MT004",2015,3,1,15,4.92,0
"MT004",2015,3,2,14.98,6.25,0
"MT004",2015,3,3,18.58,8.87,0
"MT004",2015,3,4,16.43,6.82,0
"MT004",2015,3,5,12.48,6.66,33.3
"MT004",2015,3,6,9.52,4.81,19.5
"MT004",2015,3,7,9.32,5.76,1.2
"MT004",2015,3,8,12.74,6.62,0
"MT004",2015,3,9,14.58,6.5,2.3
"MT004",2015,3,10,13.42,5.25,0
"MT004",2015,3,11,13.47,6.1,0
"MT004",2015,3,12,8.76,4.37,19.4
"MT004",2015,3,13,12.53,3.72,0
"MT004",2015,3,14,12.64,2.91,0
"MT004",2015,3,15,13.45,3.35,0
"MT004",2015,3,16,15.64,8.28,0
"MT004",2015,3,17,12.31,10.38,3.7
"MT004",2015,3,18,13.26,7.08,1.1
"MT004",2015,3,19,15.43,6.37,0
"MT004",2015,3,20,12.39,4.55,0
"MT004",2015,3,21,11.95,2.23,0
"MT004",2015,3,22,14.27,7.32,4.4
"MT004",2015,3,23,15.75,8.31,3.5
"MT004",2015,3,24,15.02,9.78,2.8
"MT004",2015,3,25,17.36,11.67,8.9
"MT004",2015,3,26,17.21,10.25,0
"MT004",2015,3,27,13.91,10.93,16.8
"MT004",2015,3,28,14.84,9.61,4.7
"MT004",2015,3,29,16.48,5.55,0
"MT004",2015,3,30,17.36,7.29,0
"MT004",2015,3,31,18.24,9.81,0
"MT004",2015,4,1,19.93,9.74,0
"MT004",2015,4,2,15.81,7.82,0
"MT004",2015,4,3,17,5.12,0
"MT004",2015,4,4,13.25,4.72,0
"MT004",2015,4,5,15.24,8.08,9.8
"MT004",2015,4,6,11.56,6.57,3.8
"MT004",2015,4,7,10.29,4.48,0
"MT004",2015,4,8,12.92,5.3,0
"MT004",2015,4,9,15.95,5.69,0
"MT004",2015,4,10,16.12,5.78,0
"MT004",2015,4,11,15.73,4.84,0
"MT004",2015,4,12,18.39,6.4,0
"MT004",2015,4,13,20.12,8.48,0
"MT004",2015,4,14,21.54,8.32,0
"MT004",2015,4,15,21.45,9.95,0
"MT004",2015,4,16,20.06,9.54,0
"MT004",2015,4,17,20.77,11.28,0
"MT004",2015,4,18,21.59,10.98,0
"MT004",2015,4,19,17.38,10.19,0
"MT004",2015,4,20,19.03,9.16,0
"MT004",2015,4,21,20.91,9.08,0
"MT004",2015,4,22,23.51,9.74,0
"MT004",2015,4,23,20.7,9.5,0
"MT004",2015,4,24,18.97,13.39,0
"MT004",2015,4,25,19.69,10.73,0
"MT004",2015,4,26,19.38,10.53,0
"MT004",2015,4,27,19.54,12.05,0
"MT004",2015,4,28,19.54,12.13,7.8
"MT004",2015,4,29,20.18,11.56,0
"MT004",2015,4,30,20.38,11.49,0
"MT004",2015,5,1,21.5,10.57,0
"MT004",2015,5,2,22.61,12.1,0
"MT004",2015,5,3,21.35,11.29,0
"MT004",2015,5,4,22.94,12.17,0
"MT004",2015,5,5,23.85,14.01,0
"MT004",2015,5,6,26.28,14.99,0
"MT004",2015,5,7,28.68,15.58,0
"MT004",2015,5,8,27.05,15.53,0
"MT004",2015,5,9,25.97,13.9,0
"MT004",2015,5,10,25.41,15.37,0
"MT004",2015,5,11,25.72,14.57,0
"MT004",2015,5,12,24.93,13.03,0
"MT004",2015,5,13,25.76,12.83,0
"MT004",2015,5,14,26.14,14.91,0
"MT004",2015,5,15,25.78,15.91,0
"MT004",2015,5,16,22.42,17.17,0
"MT004",2015,5,17,23.39,16.29,0
"MT004",2015,5,18,25.3,15.1,0
"MT004",2015,5,19,24.03,14.57,0
"MT004",2015,5,20,25.69,14.02,0
"MT004",2015,5,21,22.83,15.56,0
"MT004",2015,5,22,20.94,13.8,0
"MT004",2015,5,23,21.57,11.45,0
"MT004",2015,5,24,21.98,12.15,0
"MT004",2015,5,25,20.94,10.56,0
"MT004",2015,5,26,21.79,11.34,0
"MT004",2015,5,27,22.27,13,16.2
"MT004",2015,5,28,21.18,11.41,2.8
"MT004",2015,5,29,23.75,10.14,0
"MT004",2015,5,30,22.23,10.83,0
"MT004",2015,5,31,22.76,13.38,0
"MT004",2015,6,1,25.04,13.61,0
"MT004",2015,6,2,27.31,13.66,0
"MT004",2015,6,3,30.24,15.83,0
"MT004",2015,6,4,30.46,16.38,0
"MT004",2015,6,5,29.41,17.58,1.9
"MT004",2015,6,6,28.33,17.67,0
"MT004",2015,6,7,27.86,17.27,6.8
"MT004",2015,6,8,27.01,17.08,0
"MT004",2015,6,9,27.04,15.76,9.2
"MT004",2015,6,10,28.15,14.66,0
"MT004",2015,6,11,28.95,17.38,0
"MT004",2015,6,12,27.9,17.52,0
"MT004",2015,6,13,27.91,18.46,0
"MT004",2015,6,14,29.17,18.43,0
"MT004",2015,6,15,28.47,18.32,0
"MT004",2015,6,16,28.63,18.29,0
"MT004",2015,6,17,27.73,17.52,6.2
"MT004",2015,6,18,24.57,14.64,6.6
"MT004",2015,6,19,26.92,14.02,0
"MT004",2015,6,20,25.97,16.51,0
"MT004",2015,6,21,24.72,14.69,2.8
"MT004",2015,6,22,27.14,14.14,0
"MT004",2015,6,23,25.98,14.24,0
"MT004",2015,6,24,26.95,17.31,0
"MT004",2015,6,25,26.26,16.25,0
"MT004",2015,6,26,26.66,15.08,0
"MT004",2015,6,27,27.39,15.94,0
"MT004",2015,6,28,27.85,16.28,16.2
"MT004",2015,6,29,29.38,17.12,0
"MT004",2015,6,30,30.28,17.47,0
"MT004",2015,7,1,30.17,17.24,0
"MT004",2015,7,2,29.99,17.44,0
"MT004",2015,7,3,31.65,18.71,0
"MT004",2015,7,4,32.32,20.2,0
"MT004",2015,7,5,30.79,19.1,0
"MT004",2015,7,6,31.88,19.21,0
"MT004",2015,7,7,32.8,20.66,0
"MT004",2015,7,8,32.15,19.39,0
"MT004",2015,7,9,32.31,21.02,0
"MT004",2015,7,10,31.53,21.37,0
"MT004",2015,7,11,31.34,19.47,0
"MT004",2015,7,12,31.48,21.43,0
"MT004",2015,7,13,32.56,20.19,0
"MT004",2015,7,14,33,21.79,0
"MT004",2015,7,15,33.58,22.14,0
"MT004",2015,7,16,34.72,21.54,0
"MT004",2015,7,17,35.67,22.08,0
"MT004",2015,7,18,36.06,22.3,0
"MT004",2015,7,19,36.39,22.58,0
"MT004",2015,7,20,36.34,23.35,0
"MT004",2015,7,21,37.35,23.22,0
"MT004",2015,7,22,36.15,23.22,0
"MT004",2015,7,23,33.57,22.85,0
"MT004",2015,7,24,31.6,20.44,4.2
"MT004",2015,7,25,31.14,20.09,0
"MT004",2015,7,26,33.64,21.9,0
"MT004",2015,7,27,32.54,21.66,0
"MT004",2015,7,28,32.98,21.87,0
"MT004",2015,7,29,32.24,21.22,0
"MT004",2015,7,30,34.47,22.17,0
"MT004",2015,7,31,34.84,22.76,0
"MT004",2015,8,1,32.61,22.85,0
"MT004",2015,8,2,33.99,23.21,0
"MT004",2015,8,3,32.47,23.25,0
"MT004",2015,8,4,31.9,21.54,0
"MT004",2015,8,5,33.47,21.6,0
"MT004",2015,8,6,34.74,23.02,0
"MT004",2015,8,7,33.23,24.25,0
"MT004",2015,8,8,32.35,22.99,0
"MT004",2015,8,9,32.36,21.29,0
"MT004",2015,8,10,32.38,21.04,0
"MT004",2015,8,11,29.68,20.15,15.7
"MT004",2015,8,12,27.96,20.48,24.7
"MT004",2015,8,13,32.4,21.54,0
"MT004",2015,8,14,33.55,21.15,0
"MT004",2015,8,15,32.05,19.96,0
"MT004",2015,8,16,26.78,18.72,14.7
"MT004",2015,8,17,28.53,18.22,0
"MT004",2015,8,18,29.08,17.43,0
"MT004",2015,8,19,29.22,18.05,0
"MT004",2015,8,20,28.52,18.83,0
"MT004",2015,8,21,28.04,19.22,0
"MT004",2015,8,22,28.26,18.98,0
"MT004",2015,8,23,27.45,16.93,0
"MT004",2015,8,24,28.72,17.53,0
"MT004",2015,8,25,29.31,19.68,0
"MT004",2015,8,26,29.77,20.01,0
"MT004",2015,8,27,29.22,20.75,0
"MT004",2015,8,28,30.75,18.77,0
"MT004",2015,8,29,32.88,19.53,0
"MT004",2015,8,30,31.04,19.3,0
"MT004",2015,8,31,31.39,19.97,0
"MT004",2015,9,1,32.16,18.87,0
"MT004",2015,9,2,32.4,20.06,0
"MT004",2015,9,3,32.25,20.41,0
"MT004",2015,9,4,30.79,20.58,0
"MT004",2015,9,5,33.99,20.33,0
"MT004",2015,9,6,28.87,21.63,0
"MT004",2015,9,7,27.16,19.71,0
"MT004",2015,9,8,26.22,17.08,0
"MT004",2015,9,9,21.02,16.02,11.5
"MT004",2015,9,10,23.76,16.77,17.5
"MT004",2015,9,11,24.86,14.89,0
"MT004",2015,9,12,27.2,14.46,0
"MT004",2015,9,13,27.83,14.88,0
"MT004",2015,9,14,28.21,16.88,0
"MT004",2015,9,15,29.05,19.45,0
"MT004",2015,9,16,29.87,20.87,0
"MT004",2015,9,17,29.92,19.4,0
"MT004",2015,9,18,32.67,20.76,0
"MT004",2015,9,19,33.4,20.01,0
"MT004",2015,9,20,27.95,17.86,6.8
"MT004",2015,9,21,23.67,15.34,4.3
"MT004",2015,9,22,25.55,14.07,0
"MT004",2015,9,23,25.39,14.54,0
"MT004",2015,9,24,24.48,15.07,7.6
"MT004",2015,9,25,22.95,12.46,0
"MT004",2015,9,26,22.9,15.55,0
"MT004",2015,9,27,23.72,14.8,0
"MT004",2015,9,28,23.41,15.49,0
"MT004",2015,9,29,22.57,15.12,0
"MT004",2015,9,30,22.43,13.26,0
"MT004",2015,10,1,22.71,14.26,0
"MT004",2015,10,2,23.89,16.76,0
"MT004",2015,10,3,25.37,16.34,0
"MT004",2015,10,4,24.85,13.82,0
"MT004",2015,10,5,25.45,15.09,0
"MT004",2015,10,6,25.76,16.03,0
"MT004",2015,10,7,24.48,15.37,14.4
"MT004",2015,10,8,25.27,14.01,0
"MT004",2015,10,9,23.05,14,4.9
"MT004",2015,10,10,22.96,16.55,14.5
"MT004",2015,10,11,21.03,15.45,13.3
"MT004",2015,10,12,22.57,12.89,0
"MT004",2015,10,13,22.14,11.08,0
"MT004",2015,10,14,24.2,14.86,0
"MT004",2015,10,15,22.76,16.21,4.2
"MT004",2015,10,16,22.66,14.84,0
"MT004",2015,10,17,21.96,11.75,0
"MT004",2015,10,18,21.42,11.6,0
"MT004",2015,10,19,23.05,13.12,0
"MT004",2015,10,20,20.2,14.97,3.5
"MT004",2015,10,21,17.13,13.1,21.3
"MT004",2015,10,22,14.66,9.91,21
"MT004",2015,10,23,18.22,9.97,1.5
"MT004",2015,10,24,20.47,9.49,0
"MT004",2015,10,25,21.13,8.74,0
"MT004",2015,10,26,19.45,9.93,0
"MT004",2015,10,27,19.62,9.64,0
"MT004",2015,10,28,19.66,11.08,0
"MT004",2015,10,29,19.99,12.47,26
"MT004",2015,10,30,15.93,11.55,37.1
"MT004",2015,10,31,17.13,13.5,8.9
"MT004",2015,11,1,17.71,12.36,0
"MT004",2015,11,2,19.42,10.6,0
"MT004",2015,11,3,20.25,9.43,0
"MT004",2015,11,4,19.76,9.92,0
"MT004",2015,11,5,19.94,10.81,0
"MT004",2015,11,6,20.99,11.28,0
"MT004",2015,11,7,21.27,10.48,0
"MT004",2015,11,8,21.93,9.53,0
"MT004",2015,11,9,23.64,10.83,0
"MT004",2015,11,10,22.37,11.91,0
"MT004",2015,11,11,22.71,10.51,0
"MT004",2015,11,12,18.84,10.87,0
"MT004",2015,11,13,18.18,10.72,0
"MT004",2015,11,14,18.5,10.8,0
"MT004",2015,11,15,19.86,10.67,0
"MT004",2015,11,16,19.01,7.31,0
"MT004",2015,11,17,18.92,7.76,0
"MT004",2015,11,18,18.8,7.5,0
"MT004",2015,11,19,18.16,8.51,0
"MT004",2015,11,20,19.25,8.62,0
"MT004",2015,11,21,18.51,11.91,6.5
"MT004",2015,11,22,15.08,9.85,11
"MT004",2015,11,23,14.7,6.96,5.7
"MT004",2015,11,24,14.71,9.14,7.4
"MT004",2015,11,25,12.21,8.61,8
"MT004",2015,11,26,12.17,6.38,23.8
"MT004",2015,11,27,12.44,6.34,3.9
"MT004",2015,11,28,14.13,6.19,0
"MT004",2015,11,29,14.36,5.21,0
"MT004",2015,11,30,15.86,4.42,0
"MT004",2015,12,1,17.19,8.73,0
"MT004",2015,12,2,16.74,8.24,0
"MT004",2015,12,3,16.5,6.96,0
"MT004",2015,12,4,16.84,7.5,0
"MT004",2015,12,5,16.27,6.94,0
"MT004",2015,12,6,16.55,5.87,0
"MT004",2015,12,7,16.48,6.3,0
"MT004",2015,12,8,15.44,6.63,0
"MT004",2015,12,9,16.46,6.08,0
"MT004",2015,12,10,14.6,7.2,0
"MT004",2015,12,11,14.21,5.88,0
"MT004",2015,12,12,15.28,4.69,0
"MT004",2015,12,13,15.03,3.93,0
"MT004",2015,12,14,13.76,3.75,0
"MT004",2015,12,15,14.44,3.92,0
"MT004",2015,12,16,14.41,5.15,0
"MT004",2015,12,17,12.87,4.61,0
"MT004",2015,12,18,13.89,3.35,0
"MT004",2015,12,19,14.34,4.48,0
"MT004",2015,12,20,14.76,7.25,1.5
"MT004",2015,12,21,16.08,5.32,0
"MT004",2015,12,22,15.31,4.98,0
"MT004",2015,12,23,16.56,5.25,0
"MT004",2015,12,24,14.95,5.4,0
"MT004",2015,12,25,15.98,5.14,0
"MT004",2015,12,26,15.56,5.26,0
"MT004",2015,12,27,15.28,4.9,0
"MT004",2015,12,28,14.34,2.98,0
"MT004",2015,12,29,14.68,4.12,0
"MT004",2015,12,30,12.64,3.86,0
"MT004",2015,12,31,10.06,1.97,0
"MT004",2016,1,1,9.8,3.24,0
"MT004",2016,1,2,13.1,5.22,0
"MT004",2016,1,3,15.03,8.24,14.6
"MT004",2016,1,4,14.83,6.71,16
"MT004",2016,1,5,16.57,12.25,10.9
"MT004",2016,1,6,14.11,11.63,10.3
"MT004",2016,1,7,13.4,7.02,4.3
"MT004",2016,1,8,15.63,9.76,0
"MT004",2016,1,9,20.14,12.4,0
"MT004",2016,1,10,19.83,15.07,0
"MT004",2016,1,11,17.85,14.47,0
"MT004",2016,1,12,15.42,11.73,0
"MT004",2016,1,13,13.69,5.16,0
"MT004",2016,1,14,12.93,4.73,0
"MT004",2016,1,15,13.59,8.84,11.1
"MT004",2016,1,16,7.81,6.26,8.2
"MT004",2016,1,17,4.01,2.39,0
"MT004",2016,1,18,4.39,-0.37,0
"MT004",2016,1,19,6.16,0.26,0
"MT004",2016,1,20,9.69,3.09,0
"MT004",2016,1,21,11.17,2.34,3.1
"MT004",2016,1,22,11.44,3.47,0
"MT004",2016,1,23,9.72,2.01,0
"MT004",2016,1,24,11.75,3.33,0
"MT004",2016,1,25,12.47,4.1,0
"MT004",2016,1,26,14.86,4.7,0
"MT004",2016,1,27,14.21,7.04,0
"MT004",2016,1,28,15.73,7.12,0
"MT004",2016,1,29,15.78,6.75,0
"MT004",2016,1,30,15.67,6.91,0
"MT004",2016,1,31,16.05,9.54,0
"MT004",2016,2,1,18.32,9.01,0
"MT004",2016,2,2,17.45,7.27,0
"MT004",2016,2,3,15.16,8.22,0
"MT004",2016,2,4,10.28,5.09,1
"MT004",2016,2,5,11.7,2.41,0
"MT004",2016,2,6,13.66,3.23,0
"MT004",2016,2,7,12.12,2.02,0
"MT004",2016,2,8,15.08,7.1,0
"MT004",2016,2,9,14.5,9.54,0
"MT004",2016,2,10,14.2,9.31,4
"MT004",2016,2,11,12.44,6.83,9.2
"MT004",2016,2,12,11.66,7.15,2.7
"MT004",2016,2,13,16.46,10.31,22.6
"MT004",2016,2,14,16.73,11.99,8.9
"MT004",2016,2,15,16.87,13.67,14.9
"MT004",2016,2,16,16.46,12.52,0
"MT004",2016,2,17,16.52,12.33,0
"MT004",2016,2,18,13.75,11.62,5.9
"MT004",2016,2,19,15.08,7.19,0
"MT004",2016,2,20,13.69,5.56,2.3
"MT004",2016,2,21,16.17,4.96,0
"MT004",2016,2,22,14.09,8.09,0
"MT004",2016,2,23,15.19,8.22,0
"MT004",2016,2,24,16.87,9.43,0
"MT004",2016,2,25,16.09,8.12,0
"MT004",2016,2,26,15.1,7.37,8.8
"MT004",2016,2,27,15.58,6.81,0
"MT004",2016,2,28,15.44,9.9,0
"MT004",2016,2,29,13.4,10.45,16.9
"MT004",2016,3,1,13.38,6.04,33.1
"MT004",2016,3,2,14.3,7.43,4.8
"MT004",2016,3,3,10.76,4.82,14.8
"MT004",2016,3,4,11.86,4.45,4.4
"MT004",2016,3,5,14.72,4.54,0
"MT004",2016,3,6,15.81,10.18,4.9
"MT004",2016,3,7,13.16,6.39,9.6
"MT004",2016,3,8,12.87,3.78,0
"MT004",2016,3,9,12.21,4.93,2.3
"MT004",2016,3,10,11.16,5.4,0
"MT004",2016,3,11,12.95,5.4,7.3
"MT004",2016,3,12,12.89,8.08,2.6
"MT004",2016,3,13,13.02,8.93,4.1
"MT004",2016,3,14,12.48,9.02,0
"MT004",2016,3,15,13.2,7.47,1.2
"MT004",2016,3,16,13.82,7.86,0
"MT004",2016,3,17,12.4,8.73,9
"MT004",2016,3,18,13.47,8.5,0
"MT004",2016,3,19,16.18,6.23,0
"MT004",2016,3,20,15.54,7.2,0
"MT004",2016,3,21,17.61,8.17,0
"MT004",2016,3,22,17.84,11.61,0
"MT004",2016,3,23,14.2,11.78,4
"MT004",2016,3,24,11.21,8.53,6.5
"MT004",2016,3,25,14.03,5.88,0
"MT004",2016,3,26,13.37,6.94,0
"MT004",2016,3,27,15.21,6.73,0
"MT004",2016,3,28,15.08,7.36,0
"MT004",2016,3,29,16.6,11.02,0
"MT004",2016,3,30,18.59,9.35,0
"MT004",2016,3,31,17.82,10.77,0
"MT004",2016,4,1,17.71,11.93,0
"MT004",2016,4,2,18.4,12.31,0
"MT004",2016,4,3,18.54,12.31,0
"MT004",2016,4,4,20.07,9.96,0
"MT004",2016,4,5,19.82,11.15,0
"MT004",2016,4,6,20.45,12.94,0
"MT004",2016,4,7,21.97,11.02,0
"MT004",2016,4,8,18.33,13.35,0
"MT004",2016,4,9,18.76,10.76,3.3
"MT004",2016,4,10,15.43,9.55,5.6
"MT004",2016,4,11,19.76,10.01,0
"MT004",2016,4,12,20.03,10.23,0
"MT004",2016,4,13,20.85,14.44,0
"MT004",2016,4,14,20.81,13.29,0
"MT004",2016,4,15,20.36,10.65,0
"MT004",2016,4,16,20.56,10.67,0
"MT004",2016,4,17,22.71,13.08,0
"MT004",2016,4,18,21.52,13.8,0
"MT004",2016,4,19,19.57,12.22,0
"MT004",2016,4,20,21.12,11.02,0
"MT004",2016,4,21,21.33,11,0
"MT004",2016,4,22,18.62,10.77,0
"MT004",2016,4,23,17.9,12.45,9.5
"MT004",2016,4,24,17.7,11.21,6
"MT004",2016,4,25,14.3,6.88,15
"MT004",2016,4,26,15.9,5.7,0
"MT004",2016,4,27,17.19,9.19,0
"MT004",2016,4,28,18.95,11.45,0
"MT004",2016,4,29,21.08,12.98,0
"MT004",2016,4,30,19.73,11.98,0
"MT004",2016,5,1,16.59,11.25,8.5
"MT004",2016,5,2,12.2,9.41,13.3
"MT004",2016,5,3,17.07,11.1,7.8
"MT004",2016,5,4,17.18,10.02,0
"MT004",2016,5,5,19,10.1,3
"MT004",2016,5,6,19.72,10.69,0
"MT004",2016,5,7,20.61,12.58,0
"MT004",2016,5,8,20.03,12.68,0
"MT004",2016,5,9,21.42,11.94,0
"MT004",2016,5,10,21.26,13.92,0
"MT004",2016,5,11,21.98,16.3,2.4
"MT004",2016,5,12,20.06,16.59,3
"MT004",2016,5,13,22.92,12.84,0
"MT004",2016,5,14,20.12,13.03,6.2
"MT004",2016,5,15,20.06,11.95,5.8
"MT004",2016,5,16,20.07,10.68,0
"MT004",2016,5,17,18.45,11.34,0
"MT004",2016,5,18,19.07,9.95,0
"MT004",2016,5,19,19.9,11.49,0
"MT004",2016,5,20,17.51,13,15.3
"MT004",2016,5,21,20.52,14.85,7.9
"MT004",2016,5,22,24.6,14.41,0
"MT004",2016,5,23,22.06,12.91,0
"MT004",2016,5,24,19.46,13.85,0
"MT004",2016,5,25,22.06,11.29,0
"MT004",2016,5,26,24.77,13.38,0
"MT004",2016,5,27,26.15,14.83,0
"MT004",2016,5,28,25.19,15.77,0
"MT004",2016,5,29,25.66,16.95,0
"MT004",2016,5,30,23.81,16.32,0
"MT004",2016,5,31,23.83,13.17,0
"MT004",2016,6,1,21.51,16.67,0
"MT004",2016,6,2,21.99,13.79,0
"MT004",2016,6,3,23.42,13.85,0
"MT004",2016,6,4,24.69,14.09,0
"MT004",2016,6,5,24.45,15.14,0
"MT004",2016,6,6,25.68,15.14,0
"MT004",2016,6,7,24.9,16.31,0
"MT004",2016,6,8,26.57,16.71,0
"MT004",2016,6,9,24.52,16.02,0
"MT004",2016,6,10,24.41,15.85,10.3
"MT004",2016,6,11,23.89,16.44,0
"MT004",2016,6,12,25.72,17.07,4.8
"MT004",2016,6,13,24.27,15.87,0
"MT004",2016,6,14,24.32,15.57,2.7
"MT004",2016,6,15,26.24,16.25,0
"MT004",2016,6,16,26.89,18.32,0
"MT004",2016,6,17,27.01,18.91,0
"MT004",2016,6,18,27.7,17.87,0
"MT004",2016,6,19,24.84,17.26,0
"MT004",2016,6,20,23.75,14.61,0
"MT004",2016,6,21,26.93,16.56,0
"MT004",2016,6,22,30.28,19.71,0
"MT004",2016,6,23,30.85,21.46,4.5
"MT004",2016,6,24,32.03,23.01,0
"MT004",2016,6,25,31.33,21.28,0
"MT004",2016,6,26,30.54,20.08,0
"MT004",2016,6,27,30.04,18.34,0
"MT004",2016,6,28,29.86,19.93,0
"MT004",2016,6,29,29.17,19.82,0
"MT004",2016,6,30,27.63,18.58,0
"MT004",2016,7,1,28.86,19.04,0
"MT004",2016,7,2,28.42,19.33,0
"MT004",2016,7,3,29.96,19.27,0
"MT004",2016,7,4,32.5,20.81,0
"MT004",2016,7,5,30.68,22.23,0
"MT004",2016,7,6,29.75,20.37,0
"MT004",2016,7,7,31.16,19.82,0
"MT004",2016,7,8,31.6,20.1,0
"MT004",2016,7,9,30.38,20.1,0
"MT004",2016,7,10,31.88,21.7,0
"MT004",2016,7,11,31.75,22.54,0
"MT004",2016,7,12,31.4,22.03,0
"MT004",2016,7,13,31.16,21.63,0
"MT004",2016,7,14,32.15,20.91,0
"MT004",2016,7,15,25.9,19.45,0
"MT004",2016,7,16,22.86,17.27,0
"MT004",2016,7,17,26.1,16.96,0
"MT004",2016,7,18,29.21,17.99,0
"MT004",2016,7,19,30.31,19.26,0
"MT004",2016,7,20,31.2,20.74,0
"MT004",2016,7,21,31.55,19.12,0
"MT004",2016,7,22,30.54,18.7,0
"MT004",2016,7,23,30.6,20.33,0
"MT004",2016,7,24,31.23,20.42,0
"MT004",2016,7,25,29.3,21.05,3.6
"MT004",2016,7,26,28.98,20.33,0
"MT004",2016,7,27,30.1,20.78,0
"MT004",2016,7,28,29.96,20.59,0
"MT004",2016,7,29,29.38,20.53,0
"MT004",2016,7,30,30.26,21.57,0
"MT004",2016,7,31,31.68,20.72,0
"MT004",2016,8,1,30.88,20.04,0
"MT004",2016,8,2,30.15,20.95,0
"MT004",2016,8,3,31.25,21.16,0
"MT004",2016,8,4,30.94,19.86,0
"MT004",2016,8,5,30.28,19.77,0
"MT004",2016,8,6,28.42,20.04,6.9
"MT004",2016,8,7,25.13,20.54,6.6
"MT004",2016,8,8,27.56,21.13,0
"MT004",2016,8,9,28.63,19.87,0
"MT004",2016,8,10,29.14,17.6,0
"MT004",2016,8,11,28.21,17.85,0
"MT004",2016,8,12,25.2,18.56,0
"MT004",2016,8,13,26.57,16.13,0
"MT004",2016,8,14,27.46,16.22,0
"MT004",2016,8,15,28.04,16.71,0
"MT004",2016,8,16,28.38,16.95,0
"MT004",2016,8,17,27.67,18.13,0
"MT004",2016,8,18,28.41,18.85,0
"MT004",2016,8,19,28.18,18.37,0
"MT004",2016,8,20,28.81,19.15,0
"MT004",2016,8,21,29.65,18.77,0
"MT004",2016,8,22,27.97,19.42,0
"MT004",2016,8,23,24.88,18.95,5.8
"MT004",2016,8,24,27.66,20.58,0
"MT004",2016,8,25,29.53,20.41,0
"MT004",2016,8,26,30.62,21.52,0
"MT004",2016,8,27,30.8,20.91,0
"MT004",2016,8,28,29.05,19.01,0
"MT004",2016,8,29,29.7,18.23,0
"MT004",2016,8,30,30.29,17.86,0
"MT004",2016,8,31,27.25,19.76,2.2
"MT004",2016,9,1,27.68,21.13,0
"MT004",2016,9,2,28.99,19.33,0
"MT004",2016,9,3,30.02,19.13,0
"MT004",2016,9,4,29.8,18.38,0
"MT004",2016,9,5,27.22,18.47,4.6
"MT004",2016,9,6,23.24,17.79,3
"MT004",2016,9,7,22.1,16.25,15.9
"MT004",2016,9,8,22.45,16.3,4.6
"MT004",2016,9,9,22.65,18.9,5.7
"MT004",2016,9,10,22.65,19.2,4.8
"MT004",2016,9,11,23.13,17.59,0
"MT004",2016,9,12,24.26,18.05,3
"MT004",2016,9,13,25.89,18.16,7.6
"MT004",2016,9,14,25.72,17,0
"MT004",2016,9,15,26.05,16.65,0
"MT004",2016,9,16,27.37,17.65,0
"MT004",2016,9,17,26.47,19.13,7.6
"MT004",2016,9,18,23.42,15.55,10.4
"MT004",2016,9,19,22.06,13.84,11
"MT004",2016,9,20,23.35,14.88,0
"MT004",2016,9,21,24.31,16.43,0
"MT004",2016,9,22,23.06,15.32,0
"MT004",2016,9,23,23.4,13.95,0
"MT004",2016,9,24,22.9,14.2,0
"MT004",2016,9,25,22.61,13.54,0
"MT004",2016,9,26,22.18,13.66,0
"MT004",2016,9,27,22.44,15.47,0
"MT004",2016,9,28,22.82,13.51,0
"MT004",2016,9,29,24.07,12.25,0
"MT004",2016,9,30,22.49,12.53,0
"MT004",2016,10,1,23.62,15.23,0
"MT004",2016,10,2,23.01,18.38,0
"MT004",2016,10,3,25.46,17,0
"MT004",2016,10,4,23.04,16.49,8.2
"MT004",2016,10,5,20.13,14.27,0
"MT004",2016,10,6,18.68,11.9,0
"MT004",2016,10,7,19.5,14.58,15.6
"MT004",2016,10,8,20.34,13.66,5.9
"MT004",2016,10,9,21.3,13.13,8.2
"MT004",2016,10,10,19.31,15.06,18.5
"MT004",2016,10,11,17.4,14.24,12.2
"MT004",2016,10,12,17.12,10.36,0
"MT004",2016,10,13,19.72,9,0
"MT004",2016,10,14,24.63,17.08,0
"MT004",2016,10,15,23.57,18.37,0
"MT004",2016,10,16,23.66,15.82,0
"MT004",2016,10,17,22.47,13.54,0
"MT004",2016,10,18,20.03,13.12,0
"MT004",2016,10,19,20.72,12.75,0
"MT004",2016,10,20,20.64,13.81,0
"MT004",2016,10,21,20.08,14.34,14.5
"MT004",2016,10,22,19.86,14.57,5.2
"MT004",2016,10,23,20.98,13.83,0
"MT004",2016,10,24,24.98,14.46,0
"MT004",2016,10,25,23.54,15.78,0
"MT004",2016,10,26,22.12,16.93,0
"MT004",2016,10,27,17.81,15.57,20.2
"MT004",2016,10,28,15.89,13.06,0
"MT004",2016,10,29,18.74,10.61,0
"MT004",2016,10,30,19.96,12.47,0
"MT004",2016,10,31,17.77,10.47,0
"MT004",2016,11,1,18.21,8.87,0
"MT004",2016,11,2,18.32,9.5,0
"MT004",2016,11,3,19.72,10.91,0
"MT004",2016,11,4,19.1,12.12,0
"MT004",2016,11,5,21.35,11.02,0
"MT004",2016,11,6,21.74,15.74,0
"MT004",2016,11,7,19.94,15.74,17.9
"MT004",2016,11,8,17.66,13.7,19
"MT004",2016,11,9,15.13,10.56,15.3
"MT004",2016,11,10,16.91,10.45,6.6
"MT004",2016,11,11,17.2,9.65,36.1
"MT004",2016,11,12,12.43,9.22,11.4
"MT004",2016,11,13,14.62,6.31,0
"MT004",2016,11,14,13.86,8.52,4.2
"MT004",2016,11,15,10.97,9.07,0
"MT004",2016,11,16,15.36,8.92,0
"MT004",2016,11,17,17.1,10.44,0
"MT004",2016,11,18,18.66,12.14,0
"MT004",2016,11,19,17.51,14.06,0
"MT004",2016,11,20,19.97,14.02,0
"MT004",2016,11,21,19.35,13.77,0
"MT004",2016,11,22,18.66,11.42,0
"MT004",2016,11,23,18.04,13.59,0
"MT004",2016,11,24,18.28,12.75,0
"MT004",2016,11,25,17.12,14.94,26.5
"MT004",2016,11,26,17.18,12.55,0
"MT004",2016,11,27,15.06,10.83,0
"MT004",2016,11,28,15.22,8.02,0
"MT004",2016,11,29,8.04,6.17,0
"MT004",2016,11,30,9.16,5.3,0
"MT004",2016,12,1,11.51,4.4,0
"MT004",2016,12,2,12.56,4.42,0
"MT004",2016,12,3,14.5,6.83,0
"MT004",2016,12,4,15.12,7.63,0
"MT004",2016,12,5,15.54,5.68,0
"MT004",2016,12,6,12.8,7.06,0
"MT004",2016,12,7,14.16,8.8,0
"MT004",2016,12,8,14.09,5.37,0
"MT004",2016,12,9,14.17,3.83,0
"MT004",2016,12,10,15.76,4.68,0
"MT004",2016,12,11,12.59,5.84,0
"MT004",2016,12,12,12.37,5.93,0
"MT004",2016,12,13,12.58,5.37,0
"MT004",2016,12,14,12.54,3.45,0
"MT004",2016,12,15,13.93,3.3,0
"MT004",2016,12,16,11.22,4.78,0
"MT004",2016,12,17,11.2,4.32,0
"MT004",2016,12,18,11.71,2.55,0
"MT004",2016,12,19,12.28,1.69,0
"MT004",2016,12,20,13.49,10.63,20.9
"MT004",2016,12,21,14.51,8.02,0
"MT004",2016,12,22,13.54,3.86,0
"MT004",2016,12,23,14.46,5.48,0
"MT004",2016,12,24,16.16,5.77,0
"MT004",2016,12,25,12.03,4.11,0
"MT004",2016,12,26,15.9,6.28,0
"MT004",2016,12,27,13.32,4.46,0
"MT004",2016,12,28,10.54,5.3,0
"MT004",2016,12,29,5.69,4.1,0
"MT004",2016,12,30,6.45,1.73,0
"MT004",2016,12,31,9.71,1.65,0
"MT004",2017,1,1,8.82,2.3,0
"MT004",2017,1,2,10.54,3.35,0
"MT004",2017,1,3,11.19,4.81,9.5
"MT004",2017,1,4,8.52,4.18,4.5
"MT004",2017,1,5,7.44,1.04,6
"MT004",2017,1,6,1.68,-3.18,0
"MT004",2017,1,7,-3.87,-5.84,0
"MT004",2017,1,8,0.49,-5.74,0
"MT004",2017,1,9,1.93,-3.23,0
"MT004",2017,1,10,1.72,-2.37,0
"MT004",2017,1,11,2.12,-2,3.6
"MT004",2017,1,12,7.27,-1.63,0
"MT004",2017,1,13,11.77,4.68,4.3
"MT004",2017,1,14,8.6,2.61,3.7
"MT004",2017,1,15,7.5,1.74,6.8
"MT004",2017,1,16,7.95,2.81,7.7
"MT004",2017,1,17,8.96,1.93,9.1
"MT004",2017,1,18,8.89,3.78,5.3
"MT004",2017,1,19,9.36,4.26,4.4
"MT004",2017,1,20,9.92,4.35,0
"MT004",2017,1,21,10.85,5.23,7
"MT004",2017,1,22,11.02,6.66,0
"MT004",2017,1,23,12.39,6.28,25.6
"MT004",2017,1,24,10.83,5.41,16.4
"MT004",2017,1,25,10.51,5.01,0
"MT004",2017,1,26,9.24,4.18,0
"MT004",2017,1,27,9.36,3.86,0
"MT004",2017,1,28,8.38,3.26,0
"MT004",2017,1,29,7.77,4.25,2.1
"MT004",2017,1,30,8.73,2.8,0
"MT004",2017,1,31,9.62,3.84,0
"MT004",2017,2,1,13.37,6,0
"MT004",2017,2,2,13.78,7.86,0
"MT004",2017,2,3,14.87,8.43,0
"MT004",2017,2,4,14.94,9.31,0
"MT004",2017,2,5,14.76,10.17,0
"MT004",2017,2,6,12.72,7.14,9.7
"MT004",2017,2,7,12.66,4.47,0
"MT004",2017,2,8,9.83,5.19,0
"MT004",2017,2,9,11.73,6.44,6.8
"MT004",2017,2,10,11.42,6.88,14.1
"MT004",2017,2,11,13.07,4.68,0
"MT004",2017,2,12,14.09,6.48,0
"MT004",2017,2,13,13.37,6.76,2.5
"MT004",2017,2,14,11.77,6.07,0
"MT004",2017,2,15,13.93,3.99,0
"MT004",2017,2,16,14.86,7.26,0
"MT004",2017,2,17,12.94,5.55,0
"MT004",2017,2,18,13.81,5.37,0
"MT004",2017,2,19,11.38,4.73,0
"MT004",2017,2,20,11.36,3.83,0
"MT004",2017,2,21,12.67,3.07,0
"MT004",2017,2,22,13.11,5.65,0
"MT004",2017,2,23,12.66,6.35,0
"MT004",2017,2,24,18.69,7.46,0
"MT004",2017,2,25,16.42,10.53,4.2
"MT004",2017,2,26,12.85,8.42,2.2
"MT004",2017,2,27,15.27,8.39,0
"MT004",2017,2,28,15.37,8.89,0
"MT004",2017,3,1,15.29,7.95,2.9
"MT004",2017,3,2,15.17,5.49,0
"MT004",2017,3,3,15.72,8.26,0
"MT004",2017,3,4,16.56,8.81,0
"MT004",2017,3,5,16.24,9.78,1.6
"MT004",2017,3,6,15.35,6.84,0
"MT004",2017,3,7,13.54,6.75,12
"MT004",2017,3,8,12.1,6.47,5.9
"MT004",2017,3,9,16.26,7.23,0
"MT004",2017,3,10,17.33,5.53,0
"MT004",2017,3,11,10.87,6.34,0
"MT004",2017,3,12,13.79,4.51,0
"MT004",2017,3,13,12.55,4.39,0
"MT004",2017,3,14,14.05,5.21,0
"MT004",2017,3,15,13.09,5.97,0
"MT004",2017,3,16,14.74,5.92,0
"MT004",2017,3,17,17.73,6.46,0
"MT004",2017,3,18,18.97,8.42,0
"MT004",2017,3,19,18.97,9.88,0
"MT004",2017,3,20,17.9,8.94,0
"MT004",2017,3,21,16.4,9.37,0
"MT004",2017,3,22,19.5,10.34,0
"MT004",2017,3,23,19.83,12.09,0
"MT004",2017,3,24,21.04,12.07,0
"MT004",2017,3,25,19.76,10.99,0
"MT004",2017,3,26,19.5,8.78,0
"MT004",2017,3,27,13.67,6.99,3
"MT004",2017,3,28,15.18,5.96,0
"MT004",2017,3,29,18.41,7.54,0
"MT004",2017,3,30,20.89,9.51,0
"MT004",2017,3,31,21,11.84,0
"MT004",2017,4,1,19.52,11.16,0
"MT004",2017,4,2,17.43,8.65,10.3
"MT004",2017,4,3,13.95,6.82,5.3
"MT004",2017,4,4,14.43,7.88,0
"MT004",2017,4,5,15.08,8.74,3.4
"MT004",2017,4,6,18.74,9.19,3.5
"MT004",2017,4,7,15.83,8.34,0
"MT004",2017,4,8,17.57,6.85,0
"MT004",2017,4,9,17.09,8.59,0
"MT004",2017,4,10,16.86,8.58,0
"MT004",2017,4,11,19.28,10.66,0
"MT004",2017,4,12,20.14,11.38,4.4
"MT004",2017,4,13,20.25,10.12,0
"MT004",2017,4,14,20.98,11.82,0
"MT004",2017,4,15,19.77,11.35,0
"MT004",2017,4,16,18.03,10.52,4.4
"MT004",2017,4,17,16.46,9.88,0
"MT004",2017,4,18,17.83,9.36,0
"MT004",2017,4,19,13.77,4.82,6.4
"MT004",2017,4,20,11.75,3.33,0
"MT004",2017,4,21,10.27,3.39,0
"MT004",2017,4,22,14.5,2.58,0
"MT004",2017,4,23,18,6.36,0
"MT004",2017,4,24,16.95,8.58,0
"MT004",2017,4,25,17.66,10.77,0
"MT004",2017,4,26,21.43,11.11,0
"MT004",2017,4,27,23.13,15.03,0
"MT004",2017,4,28,24.39,17.06,0
"MT004",2017,4,29,18.67,10.61,0
"MT004",2017,4,30,18.48,8.81,0
"MT004",2017,5,1,20.49,10.12,0
"MT004",2017,5,2,20.47,11.2,0
"MT004",2017,5,3,21.57,11.58,0
"MT004",2017,5,4,21.05,11.45,0
"MT004",2017,5,5,22.87,13,0
"MT004",2017,5,6,21.43,12.57,0
"MT004",2017,5,7,22.66,11.79,0
"MT004",2017,5,8,19.26,10.5,0
"MT004",2017,5,9,18.92,11.15,4.6
"MT004",2017,5,10,19.49,11.34,0
"MT004",2017,5,11,23.58,13.82,0
"MT004",2017,5,12,26.85,18.64,0
"MT004",2017,5,13,26.11,16.69,0
"MT004",2017,5,14,26.4,14.88,0
"MT004",2017,5,15,26.84,14.27,0
"MT004",2017,5,16,22.62,14.87,3.1
"MT004",2017,5,17,24.04,14.46,0
"MT004",2017,5,18,23.35,14.81,0
"MT004",2017,5,19,24.86,14.94,0
"MT004",2017,5,20,24.48,14.33,0
"MT004",2017,5,21,20.13,12.15,2.5
"MT004",2017,5,22,25.95,14.55,0
"MT004",2017,5,23,25.97,15.86,0
"MT004",2017,5,24,23.87,14.16,4.9
"MT004",2017,5,25,20.43,12.74,3.4
"MT004",2017,5,26,20.66,11.41,0
"MT004",2017,5,27,23.44,13.83,0
"MT004",2017,5,28,24.82,15.16,0
"MT004",2017,5,29,25.14,14.59,0
"MT004",2017,5,30,24.98,15.78,0
"MT004",2017,5,31,27.09,16.79,0
"MT004",2017,6,1,27.14,18.56,0
"MT004",2017,6,2,27.14,17.75,0
"MT004",2017,6,3,27.01,18.19,0
"MT004",2017,6,4,27.74,18.1,0
"MT004",2017,6,5,27.25,19.07,0
"MT004",2017,6,6,26.36,18.27,0
"MT004",2017,6,7,26.54,18.57,0
"MT004",2017,6,8,26.61,18.19,0
"MT004",2017,6,9,26.89,17.24,0
"MT004",2017,6,10,27.56,17.1,0
"MT004",2017,6,11,26.82,17.21,0
"MT004",2017,6,12,27.9,17.15,0
"MT004",2017,6,13,28.79,18.96,0
"MT004",2017,6,14,30.99,21.73,0
"MT004",2017,6,15,31.09,20.4,0
"MT004",2017,6,16,29.32,19.25,0
"MT004",2017,6,17,28.58,19.09,11.3
"MT004",2017,6,18,24.19,17.87,0
"MT004",2017,6,19,26.38,16.91,0
"MT004",2017,6,20,28.02,18.39,0
"MT004",2017,6,21,29.36,20.04,0
"MT004",2017,6,22,29.88,19.84,0
"MT004",2017,6,23,32.18,21.88,0
"MT004",2017,6,24,32.24,22.54,0
"MT004",2017,6,25,31.96,23.13,0
"MT004",2017,6,26,32.84,22.63,0
"MT004",2017,6,27,32.41,22.67,0
"MT004",2017,6,28,33.09,23.6,0
"MT004",2017,6,29,33.1,24.03,0
"MT004",2017,6,30,35.19,23.92,0
"MT004",2017,7,1,31.37,21.55,0
"MT004",2017,7,2,28.81,18.24,0
"MT004",2017,7,3,27.54,18.01,0
"MT004",2017,7,4,28.95,19.18,0
"MT004",2017,7,5,31.1,19.05,0
"MT004",2017,7,6,32.04,21.25,0
"MT004",2017,7,7,33.98,22.64,0
"MT004",2017,7,8,33.21,24.07,0
"MT004",2017,7,9,34.35,25.28,0
"MT004",2017,7,10,34.38,25.16,0
"MT004",2017,7,11,35.17,24.49,0
"MT004",2017,7,12,35.2,24.34,0
"MT004",2017,7,13,33.93,24.05,0
"MT004",2017,7,14,32.11,21.34,0
"MT004",2017,7,15,31.54,20.34,0
"MT004",2017,7,16,25.08,18.53,0
"MT004",2017,7,17,27.15,16.67,0
"MT004",2017,7,18,28.13,19.14,0
"MT004",2017,7,19,30.09,19.37,0
"MT004",2017,7,20,31.88,21.92,0
"MT004",2017,7,21,32.82,22.57,0
"MT004",2017,7,22,34.59,24.82,0
"MT004",2017,7,23,35.34,24.32,0
"MT004",2017,7,24,35.28,22.44,0
"MT004",2017,7,25,30.34,20.31,0
"MT004",2017,7,26,28.03,18.22,0
"MT004",2017,7,27,28.32,18.96,0
"MT004",2017,7,28,29.83,19.92,0
"MT004",2017,7,29,30.9,21.65,0
"MT004",2017,7,30,32.08,22.48,0
"MT004",2017,7,31,33.01,24.25,0
"MT004",2017,8,1,35.59,24.78,0
"MT004",2017,8,2,36.44,23.64,0
"MT004",2017,8,3,37.66,25.84,0
"MT004",2017,8,4,37.8,26.87,0
"MT004",2017,8,5,38.01,27.15,0
"MT004",2017,8,6,36.89,27.03,0
"MT004",2017,8,7,36.29,24.84,0
"MT004",2017,8,8,34.34,24.82,0
"MT004",2017,8,9,36.13,26.58,0
"MT004",2017,8,10,35.97,27.1,0
"MT004",2017,8,11,35.58,21.29,0
"MT004",2017,8,12,27.93,18.49,0
"MT004",2017,8,13,27.64,17.28,0
"MT004",2017,8,14,29.54,18.81,0
"MT004",2017,8,15,32.27,19.94,0
"MT004",2017,8,16,32.37,21.15,0
"MT004",2017,8,17,32.98,21.84,0
"MT004",2017,8,18,32.47,21.78,0
"MT004",2017,8,19,33.04,22.85,0
"MT004",2017,8,20,32.46,21.04,0
"MT004",2017,8,21,28.59,19.73,0
"MT004",2017,8,22,28.15,18.08,0
"MT004",2017,8,23,27.83,16.73,0
"MT004",2017,8,24,29.69,18.72,0
"MT004",2017,8,25,30.63,21,0
"MT004",2017,8,26,31.76,22.05,0
"MT004",2017,8,27,32.81,22.77,0
"MT004",2017,8,28,33.41,23.52,0
"MT004",2017,8,29,31.41,20.47,5
"MT004",2017,8,30,28.9,20.35,0
"MT004",2017,8,31,29.79,19.19,0
"MT004",2017,9,1,30.72,21.48,0
"MT004",2017,9,2,31.37,19.98,4.2
"MT004",2017,9,3,25.45,17.65,0
"MT004",2017,9,4,24.99,15.63,0
"MT004",2017,9,5,26.41,16.29,0
"MT004",2017,9,6,27.2,17.22,0
"MT004",2017,9,7,28.22,19.09,0
"MT004",2017,9,8,28.14,17.08,4.4
"MT004",2017,9,9,26.06,16.11,0
"MT004",2017,9,10,29.92,17.58,0
"MT004",2017,9,11,24.46,17,27.4
"MT004",2017,9,12,25.92,17.48,0
"MT004",2017,9,13,25.91,17.88,0
"MT004",2017,9,14,25.79,16.63,0
"MT004",2017,9,15,25.7,17.28,0
"MT004",2017,9,16,29.89,19.65,0
"MT004",2017,9,17,30.14,18.96,0
"MT004",2017,9,18,25.07,15.04,0
"MT004",2017,9,19,25.61,14.64,0
"MT004",2017,9,20,21.4,12.8,2.8
"MT004",2017,9,21,20.67,12.58,0
"MT004",2017,9,22,22.04,12.35,0
"MT004",2017,9,23,22.22,13.44,0
"MT004",2017,9,24,23,14.69,0
"MT004",2017,9,25,22.58,13.49,0
"MT004",2017,9,26,22.02,13.94,0
"MT004",2017,9,27,20.01,15.18,1.5
"MT004",2017,9,28,22.07,14.45,0
"MT004",2017,9,29,21.52,14.01,3.8
"MT004",2017,9,30,20.34,13.51,0
"MT004",2017,10,1,20.82,13,0
"MT004",2017,10,2,19.99,14.01,0
"MT004",2017,10,3,21.89,12.99,0
"MT004",2017,10,4,22.55,15.76,0
"MT004",2017,10,5,24.32,15.23,0
"MT004",2017,10,6,24.04,15.84,0
"MT004",2017,10,7,18.95,10.12,0
"MT004",2017,10,8,20.53,9.54,0
"MT004",2017,10,9,19.88,12.28,0
"MT004",2017,10,10,20.66,12.11,0
"MT004",2017,10,11,19.08,13.28,0
"MT004",2017,10,12,21.4,12.61,0
"MT004",2017,10,13,22.38,12.98,0
"MT004",2017,10,14,23.06,13.32,0
"MT004",2017,10,15,24.7,15.34,0
"MT004",2017,10,16,24.09,14.81,0
"MT004",2017,10,17,23.39,14.83,0
"MT004",2017,10,18,22.58,14.45,0
"MT004",2017,10,19,20.71,13.35,0
"MT004",2017,10,20,20.45,14.81,0
"MT004",2017,10,21,20.55,14.02,0
"MT004",2017,10,22,22.42,14.18,0
"MT004",2017,10,23,18.52,10.65,4.9
"MT004",2017,10,24,15.03,10.13,2
"MT004",2017,10,25,19.42,11.78,0
"MT004",2017,10,26,21.14,11.32,0
"MT004",2017,10,27,23.96,12.36,0
"MT004",2017,10,28,18.06,10.93,0
"MT004",2017,10,29,21.86,9.26,0
"MT004",2017,10,30,23.03,11.22,0
"MT004",2017,10,31,15.25,10.15,0
"MT004",2017,11,1,15.88,6.82,1.7
"MT004",2017,11,2,17.22,7.06,0
"MT004",2017,11,3,17.98,9.17,0
"MT004",2017,11,4,17.12,9.29,0
"MT004",2017,11,5,17.83,7.43,0
"MT004",2017,11,6,17.07,11.41,15.2
"MT004",2017,11,7,17.18,9.75,8
"MT004",2017,11,8,15.25,7.33,8.9
"MT004",2017,11,9,16.71,8.26,0
"MT004",2017,11,10,16.25,8.22,6.8
"MT004",2017,11,11,15.19,11.02,2.4
"MT004",2017,11,12,16.84,8.61,0
"MT004",2017,11,13,17.9,10.05,10.9
"MT004",2017,11,14,12.42,9.77,18.4
"MT004",2017,11,15,14.81,7.8,0
"MT004",2017,11,16,13.79,9.92,19.8
"MT004",2017,11,17,15.18,10.65,8
"MT004",2017,11,18,15.09,10.48,0
"MT004",2017,11,19,13.81,7.95,0
"MT004",2017,11,20,13.27,5.46,0
"MT004",2017,11,21,12.86,3.54,0
"MT004",2017,11,22,14.12,5.44,0
"MT004",2017,11,23,15.16,6.67,0
"MT004",2017,11,24,14.45,5.8,0
"MT004",2017,11,25,15.34,7.4,0
"MT004",2017,11,26,15.67,7.9,5.9
"MT004",2017,11,27,10.76,4.61,0
"MT004",2017,11,28,10.98,1.84,0
"MT004",2017,11,29,14.48,2.59,0
"MT004",2017,11,30,16.19,9.69,12.7
"MT004",2017,12,1,11.22,7.35,8.5
"MT004",2017,12,2,10.76,5.48,8.5
"MT004",2017,12,3,10.18,4.73,15.4
"MT004",2017,12,4,9.94,4.16,2.5
"MT004",2017,12,5,10.51,1.89,0
"MT004",2017,12,6,12.12,3.19,0
"MT004",2017,12,7,12.71,2.91,0
"MT004",2017,12,8,12.98,2.91,0
"MT004",2017,12,9,11.67,4.11,24
"MT004",2017,12,10,8.44,0.98,0
"MT004",2017,12,11,14.62,5.92,0
"MT004",2017,12,12,17.1,9.61,0
"MT004",2017,12,13,14.74,8.33,7.7
"MT004",2017,12,14,13.78,6.66,3.4
"MT004",2017,12,15,13.97,9.99,3
"MT004",2017,12,16,13.52,8.45,8.6
"MT004",2017,12,17,9.71,4.02,6
"MT004",2017,12,18,7.54,1.28,0
"MT004",2017,12,19,6.92,-0.6,0
"MT004",2017,12,20,5.72,-0.57,0
"MT004",2017,12,21,7.1,1.85,0
"MT004",2017,12,22,11.04,3.12,0
"MT004",2017,12,23,11.58,5,0
"MT004",2017,12,24,14.39,4.51,0
"MT004",2017,12,25,13.58,6.03,0
"MT004",2017,12,26,13.27,3.63,0
"MT004",2017,12,27,12.33,4.35,7.4
"MT004",2017,12,28,10.7,4.76,24.5
"MT004",2017,12,29,7.79,2.46,4.3
"MT004",2017,12,30,10.35,1.79,0
"MT004",2017,12,31,11.25,2.71,0
"MT004",2018,1,1,14.15,4.52,0
"MT004",2018,1,2,9.41,5.99,7
"MT004",2018,1,3,14.27,4.98,1.4
"MT004",2018,1,4,14.83,8.09,0
"MT004",2018,1,5,16.41,8.29,0
"MT004",2018,1,6,16.06,7.88,0
"MT004",2018,1,7,15.3,8.52,0
"MT004",2018,1,8,15.36,10.46,0
"MT004",2018,1,9,15.39,10.27,0
"MT004",2018,1,10,15.13,9.69,3
"MT004",2018,1,11,12.71,3.66,0
"MT004",2018,1,12,10.27,6.22,7.5
"MT004",2018,1,13,10.58,5.17,0
"MT004",2018,1,14,10.6,4.41,0
"MT004",2018,1,15,12.28,4.53,0
"MT004",2018,1,16,13.84,6.54,4.5
"MT004",2018,1,17,15.14,5.57,3.4
"MT004",2018,1,18,11.27,2.62,0
"MT004",2018,1,19,13.37,5.8,0
"MT004",2018,1,20,12.89,6.73,0
"MT004",2018,1,21,13.08,5.44,5.6
"MT004",2018,1,22,12.41,3.6,0
"MT004",2018,1,23,10.59,2.9,0
"MT004",2018,1,24,12.15,2.78,0
"MT004",2018,1,25,12.9,1.99,0
"MT004",2018,1,26,13.12,3.48,0
"MT004",2018,1,27,13.9,5.09,0
"MT004",2018,1,28,13.53,5.43,0
"MT004",2018,1,29,13.9,5,0
"MT004",2018,1,30,13.57,4.31,0
"MT004",2018,1,31,11.35,3.87,0
"MT004",2018,2,1,12.24,4.91,0
"MT004",2018,2,2,15.9,8.16,1
"MT004",2018,2,3,15.92,8.45,8.5
"MT004",2018,2,4,10.29,3.92,3.1
"MT004",2018,2,5,9.59,2.64,0
"MT004",2018,2,6,12.17,5.19,5.8
"MT004",2018,2,7,14.76,6.58,4.2
"MT004",2018,2,8,13.25,5.64,3.2
"MT004",2018,2,9,11.49,2.49,0
"MT004",2018,2,10,10.2,5.39,7.5
"MT004",2018,2,11,9.44,3.92,0
"MT004",2018,2,12,10.67,3.79,2.9
"MT004",2018,2,13,8.76,4.8,13.3
"MT004",2018,2,14,8.87,1.73,6.4
"MT004",2018,2,15,7,0.88,0
"MT004",2018,2,16,11.48,0.57,0
"MT004",2018,2,17,13.11,3.31,0
"MT004",2018,2,18,12.47,5.47,0
"MT004",2018,2,19,13.15,7.18,2.4
"MT004",2018,2,20,12.12,6.53,5.9
"MT004",2018,2,21,9.84,5.82,4.6
"MT004",2018,2,22,13.38,3.64,0
"MT004",2018,2,23,14.51,7.55,8.5
"MT004",2018,2,24,12,7.15,9.3
"MT004",2018,2,25,10.83,4.12,6.3
"MT004",2018,2,26,6.47,1.03,5.1
"MT004",2018,2,27,5,-1.35,8.5
"MT004",2018,2,28,4.36,-1.51,1.9
"MT004",2018,3,1,11.59,0.25,2.9
"MT004",2018,3,2,17.84,8.37,2
"MT004",2018,3,3,14.44,7.07,3.9
"MT004",2018,3,4,15.66,8.77,0
"MT004",2018,3,5,12.22,10.57,12.8
"MT004",2018,3,6,14.2,9.24,6.6
"MT004",2018,3,7,15.05,7.77,5.8
"MT004",2018,3,8,13.78,6.64,0
"MT004",2018,3,9,14.45,5.99,0
"MT004",2018,3,10,14.39,5.94,0
"MT004",2018,3,11,17.48,10.21,0
"MT004",2018,3,12,16.71,10.15,3.4
"MT004",2018,3,13,14.41,8.16,3.1
"MT004",2018,3,14,14.03,6.48,0
"MT004",2018,3,15,15.13,5.23,0
"MT004",2018,3,16,18.58,11.21,0
"MT004",2018,3,17,20.57,9.65,0
"MT004",2018,3,18,15.63,7.6,8.6
"MT004",2018,3,19,13.9,7.11,8
"MT004",2018,3,20,15.33,5.6,15.8
"MT004",2018,3,21,14.12,6.31,7.2
"MT004",2018,3,22,8.58,3.44,6
"MT004",2018,3,23,7.25,1.95,2.5
"MT004",2018,3,24,10.02,2.77,0
"MT004",2018,3,25,10.39,4.1,13
"MT004",2018,3,26,11.96,6.73,8.3
"MT004",2018,3,27,12.89,5.56,3.2
"MT004",2018,3,28,14.6,3.61,0
"MT004",2018,3,29,16.88,6.52,0
"MT004",2018,3,30,16.81,9.75,0
"MT004",2018,3,31,20.76,8.37,3.5
"MT004",2018,4,1,13.87,5.57,5.9
"MT004",2018,4,2,16.13,5.56,0
"MT004",2018,4,3,17.16,8.53,0
"MT004",2018,4,4,19.85,12.06,0
"MT004",2018,4,5,18.32,10.4,0
"MT004",2018,4,6,17.04,9.05,0
"MT004",2018,4,7,18.59,8.71,0
"MT004",2018,4,8,19.52,8.94,0
"MT004",2018,4,9,19.62,9.74,0
"MT004",2018,4,10,17.98,8.09,0
"MT004",2018,4,11,19.74,11.04,0
"MT004",2018,4,12,20.85,11.04,0
"MT004",2018,4,13,20.57,10.47,0
"MT004",2018,4,14,21.56,12.07,0
"MT004",2018,4,15,20.6,12.43,0
"MT004",2018,4,16,18.28,12.11,0
"MT004",2018,4,17,19.5,11.38,0
"MT004",2018,4,18,21.17,11.33,0
"MT004",2018,4,19,21.81,11.7,0
"MT004",2018,4,20,23.85,12.96,0
"MT004",2018,4,21,20.32,12.3,0
"MT004",2018,4,22,20.46,11.59,0
"MT004",2018,4,23,22.85,12.63,0
"MT004",2018,4,24,24.44,14.96,0
"MT004",2018,4,25,24.99,14.81,0
"MT004",2018,4,26,24.64,15.6,0
"MT004",2018,4,27,25.34,15.36,0
"MT004",2018,4,28,24.33,14.94,0
"MT004",2018,4,29,24.86,16.01,0
"MT004",2018,4,30,26.5,14.2,0
"MT004",2018,5,1,23.15,13.71,0
"MT004",2018,5,2,21.81,13.29,1.2
"MT004",2018,5,3,18.07,12.54,14.6
"MT004",2018,5,4,19.95,11.64,5.3
"MT004",2018,5,5,20.06,12.05,0
"MT004",2018,5,6,21.63,11.84,0
"MT004",2018,5,7,22.97,14.68,0
"MT004",2018,5,8,22.52,12.64,8
"MT004",2018,5,9,21.26,12.91,3.5
"MT004",2018,5,10,22.56,13.25,0
"MT004",2018,5,11,23.08,13.95,0
"MT004",2018,5,12,23.46,13.81,0
"MT004",2018,5,13,23.71,13.83,0
"MT004",2018,5,14,21.7,11.2,0
"MT004",2018,5,15,20.35,10.03,0
"MT004",2018,5,16,20.64,9.19,0
"MT004",2018,5,17,21.17,11.61,0
"MT004",2018,5,18,18.07,12.36,6.7
"MT004",2018,5,19,23.54,12.35,0
"MT004",2018,5,20,24.95,13.12,0
"MT004",2018,5,21,24.98,14.51,0
"MT004",2018,5,22,24.94,16.66,0
"MT004",2018,5,23,21.35,14.61,14.5
"MT004",2018,5,24,23.94,14.98,0
"MT004",2018,5,25,26.63,15.68,0
"MT004",2018,5,26,28.1,16.53,0
"MT004",2018,5,27,28.09,18.37,0
"MT004",2018,5,28,29.02,18.37,0
"MT004",2018,5,29,29.21,20.01,0
"MT004",2018,5,30,27.39,19.86,0
"MT004",2018,5,31,28.43,17.65,0
"MT004",2018,6,1,30.04,18.98,0
"MT004",2018,6,2,30.16,19.08,0
"MT004",2018,6,3,29.51,20.23,0
"MT004",2018,6,4,29.72,20.01,0
"MT004",2018,6,5,26.79,18.43,0
"MT004",2018,6,6,28.1,15.88,0
"MT004",2018,6,7,26.89,19.29,0
"MT004",2018,6,8,27.91,18.09,0
"MT004",2018,6,9,25.64,16.34,0
"MT004",2018,6,10,28.24,17.91,0
"MT004",2018,6,11,29.95,19.96,0
"MT004",2018,6,12,30.93,20.34,0
"MT004",2018,6,13,27.8,17.66,0
"MT004",2018,6,14,25.18,16.46,9.6
"MT004",2018,6,15,23.11,15.83,2.5
"MT004",2018,6,16,26.16,16.55,3.6
"MT004",2018,6,17,27.61,17.22,5.8
"MT004",2018,6,18,28.2,18.04,3
"MT004",2018,6,19,28.12,18.96,3.1
"MT004",2018,6,20,28.03,17.97,0
"MT004",2018,6,21,28.49,18.28,0
"MT004",2018,6,22,28.66,18.7,0
"MT004",2018,6,23,26.14,17.13,0
"MT004",2018,6,24,25.12,15.48,0
"MT004",2018,6,25,25.24,13.58,0
"MT004",2018,6,26,20.54,15.27,3.9
"MT004",2018,6,27,24.58,15.54,5.2
"MT004",2018,6,28,26.45,14.6,0
"MT004",2018,6,29,26.18,15.41,0
"MT004",2018,6,30,28.47,18.26,0
"MT004",2018,7,1,30.1,19.09,0
"MT004",2018,7,2,31.78,21.54,0
"MT004",2018,7,3,30.92,21.32,0
"MT004",2018,7,4,31.44,20.88,0
"MT004",2018,7,5,32.9,21.99,0
"MT004",2018,7,6,32.58,20.28,0
"MT004",2018,7,7,30.2,20.05,0
"MT004",2018,7,8,30.45,19.47,0
"MT004",2018,7,9,28.99,19.25,0
"MT004",2018,7,10,29.04,17.96,0
"MT004",2018,7,11,29.26,19.31,0
"MT004",2018,7,12,31.43,20.83,0
"MT004",2018,7,13,32.27,21.4,0
"MT004",2018,7,14,32.2,21.11,0
"MT004",2018,7,15,33.58,21.29,0
"MT004",2018,7,16,33.52,22.32,0
"MT004",2018,7,17,30.13,20.51,0
"MT004",2018,7,18,31.16,19.98,0
"MT004",2018,7,19,32.74,21.04,0
"MT004",2018,7,20,32.79,21.31,0
"MT004",2018,7,21,33.89,21.48,0
"MT004",2018,7,22,33.86,22.06,0
"MT004",2018,7,23,30.7,18.23,0
"MT004",2018,7,24,29.9,18.92,0
"MT004",2018,7,25,32.37,20.5,0
"MT004",2018,7,26,31.73,21.12,0
"MT004",2018,7,27,30.73,20.31,0
"MT004",2018,7,28,30.35,19.97,0
"MT004",2018,7,29,30.9,21.69,3.5
"MT004",2018,7,30,33.69,21.71,0
"MT004",2018,7,31,34,22.66,0
"MT004",2018,8,1,33.49,21.68,0
"MT004",2018,8,2,32.48,21.74,0
"MT004",2018,8,3,31.18,20.76,0
"MT004",2018,8,4,30.98,20.97,0
"MT004",2018,8,5,31.08,20.18,0
"MT004",2018,8,6,31.77,21.46,0
"MT004",2018,8,7,31.84,21.73,0
"MT004",2018,8,8,32.46,22.41,0
"MT004",2018,8,9,32.37,21.79,0
"MT004",2018,8,10,33.37,22.83,0
"MT004",2018,8,11,32.8,22.71,0
"MT004",2018,8,12,32.82,22.59,0
"MT004",2018,8,13,31.71,22.42,0
"MT004",2018,8,14,30.76,20.58,0
"MT004",2018,8,15,28.05,18.6,1.2
"MT004",2018,8,16,28.46,17.92,0
"MT004",2018,8,17,29.69,18.63,0
"MT004",2018,8,18,30.57,19.79,0
"MT004",2018,8,19,31.19,20.64,0
"MT004",2018,8,20,30.85,19.78,0
"MT004",2018,8,21,30.39,19.78,0
"MT004",2018,8,22,29.89,19.44,0
"MT004",2018,8,23,29.78,20.05,0
"MT004",2018,8,24,27.73,18.69,2.6
"MT004",2018,8,25,28.97,19.57,0
"MT004",2018,8,26,28.04,18.75,0
"MT004",2018,8,27,25.64,15.93,0
"MT004",2018,8,28,28.17,17.19,0
"MT004",2018,8,29,29.8,18.82,0
"MT004",2018,8,30,29.9,19.25,0
"MT004",2018,8,31,30.12,18.77,0
"MT004",2018,9,1,30.73,20.59,0
"MT004",2018,9,2,31.1,20.28,0
"MT004",2018,9,3,28.33,18.9,0
"MT004",2018,9,4,28.74,17.94,0
"MT004",2018,9,5,28.61,18.04,0
"MT004",2018,9,6,28.18,18.5,0
"MT004",2018,9,7,29.15,19.42,0
"MT004",2018,9,8,28.56,19.2,0
"MT004",2018,9,9,28.76,18.36,0
"MT004",2018,9,10,29.96,19.41,0
"MT004",2018,9,11,30.54,18.67,0
"MT004",2018,9,12,29.22,19.45,0
"MT004",2018,9,13,29.17,18.3,0
"MT004",2018,9,14,28.43,19.11,0
"MT004",2018,9,15,28.3,19.1,0
"MT004",2018,9,16,29.25,19.32,0
"MT004",2018,9,17,28.98,19.39,0
"MT004",2018,9,18,29.39,19.35,0
"MT004",2018,9,19,29.43,20.13,0
"MT004",2018,9,20,27.27,19.58,0
"MT004",2018,9,21,25.84,17.97,0
"MT004",2018,9,22,26.79,17.76,0
"MT004",2018,9,23,28.5,19.85,0
"MT004",2018,9,24,28.2,17.31,0
"MT004",2018,9,25,21.95,13.51,0
"MT004",2018,9,26,17.84,10.89,0
"MT004",2018,9,27,19.1,10.82,0
"MT004",2018,9,28,22.26,12.23,0
"MT004",2018,9,29,26.03,13.89,0
"MT004",2018,9,30,23.52,14.05,0
"MT004",2018,10,1,25.11,13.38,0
"MT004",2018,10,2,24.32,14.22,8.9
"MT004",2018,10,3,21.75,15.17,18.5
"MT004",2018,10,4,22.97,16.98,16.4
"MT004",2018,10,5,19.69,15.26,27.8
"MT004",2018,10,6,21.7,15.85,5.3
"MT004",2018,10,7,22.82,15.8,0
"MT004",2018,10,8,23.72,15.42,3.9
"MT004",2018,10,9,22.95,14.31,0
"MT004",2018,10,10,22.57,14.18,0
"MT004",2018,10,11,22.73,14.62,0
"MT004",2018,10,12,22.41,14.67,0
"MT004",2018,10,13,22.81,14.04,0
"MT004",2018,10,14,20.56,13.54,1.2
"MT004",2018,10,15,20.48,14.95,13.9
"MT004",2018,10,16,20.99,15.54,0
"MT004",2018,10,17,21.97,15.42,0
"MT004",2018,10,18,21.48,15.52,0
"MT004",2018,10,19,22.46,14.55,0
"MT004",2018,10,20,23.06,14.36,0
"MT004",2018,10,21,21.82,12.89,0
"MT004",2018,10,22,19.77,13.15,5.5
"MT004",2018,10,23,18.83,12.03,13.1
"MT004",2018,10,24,22.28,11.2,0
"MT004",2018,10,25,19.93,12.75,0
"MT004",2018,10,26,22.18,13.53,0
"MT004",2018,10,27,24.02,14.42,0
"MT004",2018,10,28,21.41,17.26,3.4
"MT004",2018,10,29,23.63,16.92,15
"MT004",2018,10,30,20.26,12.61,3.1
"MT004",2018,10,31,19.41,10.83,0
"MT004",2018,11,1,18.66,14.28,9.5
"MT004",2018,11,2,21.49,16.04,0
"MT004",2018,11,3,20.97,15.17,0
"MT004",2018,11,4,17.25,11.82,17.5
"MT004",2018,11,5,18.38,12.16,0
"MT004",2018,11,6,19.45,12.42,0
"MT004",2018,11,7,17.58,11.13,2.8
"MT004",2018,11,8,18.05,10.97,0
"MT004",2018,11,9,17.59,10.06,0
"MT004",2018,11,10,17.04,10.77,0
"MT004",2018,11,11,18.15,10.46,0
"MT004",2018,11,12,17.71,10.98,0
"MT004",2018,11,13,18.65,11.04,0
"MT004",2018,11,14,19.1,10.29,0
"MT004",2018,11,15,17.35,9.41,0
"MT004",2018,11,16,13.63,7.53,0
"MT004",2018,11,17,13.38,5.67,0
"MT004",2018,11,18,13,6.61,0
"MT004",2018,11,19,16.58,6.37,7.6
"MT004",2018,11,20,20.78,11.22,12.9
"MT004",2018,11,21,18.05,9.3,4.1
"MT004",2018,11,22,18.08,9.93,0
"MT004",2018,11,23,16.82,8.82,0
"MT004",2018,11,24,17.75,10.53,0
"MT004",2018,11,25,17.31,11.61,11.1
"MT004",2018,11,26,15.31,10.56,13.6
"MT004",2018,11,27,16.49,9.1,14.9
"MT004",2018,11,28,11.13,6.4,0
"MT004",2018,11,29,11.82,5.33,0
"MT004",2018,11,30,13.03,4.63,0
"MT004",2018,12,1,14.16,6.9,0
"MT004",2018,12,2,13.69,8.39,7.5
"MT004",2018,12,3,13.51,8.21,0
"MT004",2018,12,4,16.82,9.81,1.8
"MT004",2018,12,5,15.9,8.55,0
"MT004",2018,12,6,15.23,8.08,0
"MT004",2018,12,7,15,6.3,0
"MT004",2018,12,8,15.08,6.91,3.7
"MT004",2018,12,9,15.1,6.45,0
"MT004",2018,12,10,15.36,5.54,3.1
"MT004",2018,12,11,10.49,2.79,0
"MT004",2018,12,12,10.14,2.36,0
"MT004",2018,12,13,11.53,4.42,3.6
"MT004",2018,12,14,16.72,9.83,0
"MT004",2018,12,15,11.3,3.89,3.7
"MT004",2018,12,16,8.44,1.5,0
"MT004",2018,12,17,13.26,3.94,11
"MT004",2018,12,18,9.84,2.78,0
"MT004",2018,12,19,11.75,4.05,0
"MT004",2018,12,20,13.29,3.86,0
"MT004",2018,12,21,14.25,6.84,0
"MT004",2018,12,22,13.53,5.76,0
"MT004",2018,12,23,16.52,8.17,0
"MT004",2018,12,24,17.01,8.37,0
"MT004",2018,12,25,10.28,4.49,1.8
"MT004",2018,12,26,9.56,2.97,0
"MT004",2018,12,27,12.67,4.8,0
"MT004",2018,12,28,12.73,4.25,0
"MT004",2018,12,29,13.88,5.18,0
"MT004",2018,12,30,11.98,4.72,0
"MT004",2018,12,31,8.31,2.28,1.6
"MT004",2019,1,1,9.18,3.15,0
"MT004",2019,1,2,10.78,1.02,0
"MT004",2019,1,3,4.46,-0.76,0
"MT004",2019,1,4,0.84,-3.17,0
"MT004",2019,1,5,5.72,-2.99,0
"MT004",2019,1,6,10.1,1.52,0
"MT004",2019,1,7,6.25,0.97,0
"MT004",2019,1,8,9.03,-0.1,1.7
"MT004",2019,1,9,9.05,2.63,12.7
"MT004",2019,1,10,7.07,1.41,10.8
"MT004",2019,1,11,7.27,0.32,0
"MT004",2019,1,12,6.58,0.68,0
"MT004",2019,1,13,9.33,1.92,0
"MT004",2019,1,14,8.24,3.22,5.9
"MT004",2019,1,15,7.59,1.79,0
"MT004",2019,1,16,10.57,0.71,0
"MT004",2019,1,17,11.52,2.86,0
"MT004",2019,1,18,12.94,5.77,0
"MT004",2019,1,19,13.53,5.53,0
"MT004",2019,1,20,12.66,4.92,0
"MT004",2019,1,21,12.55,5.5,0
"MT004",2019,1,22,12.5,6.45,12
"MT004",2019,1,23,9.89,3.12,2
"MT004",2019,1,24,10.55,2.41,13.3
"MT004",2019,1,25,8.14,2.08,4.1
"MT004",2019,1,26,7.95,1.53,0
"MT004",2019,1,27,11.96,2.1,0
"MT004",2019,1,28,12.15,3.87,7.5
"MT004",2019,1,29,12.27,3.55,0
"MT004",2019,1,30,10.08,2.64,4.3
"MT004",2019,1,31,12.31,1.51,4.1
"MT004",2019,2,1,13.98,6.75,0
"MT004",2019,2,2,16.46,11.47,0
"MT004",2019,2,3,14.99,8.14,0
"MT004",2019,2,4,12.57,7.13,8.3
"MT004",2019,2,5,13.62,7.31,0
"MT004",2019,2,6,13.45,6.33,0
"MT004",2019,2,7,13.11,5.58,0
"MT004",2019,2,8,13.12,4,0
"MT004",2019,2,9,13.02,3.54,0
"MT004",2019,2,10,13.52,5.58,0
"MT004",2019,2,11,14.5,3.82,2.1
"MT004",2019,2,12,9.28,2.63,0
"MT004",2019,2,13,7.1,1.61,0
"MT004",2019,2,14,13.34,2.34,0
"MT004",2019,2,15,11.52,3.36,2.8
"MT004",2019,2,16,11.42,2.57,0
"MT004",2019,2,17,15.38,3.83,0
"MT004",2019,2,18,16.04,6.02,0
"MT004",2019,2,19,14.57,5.53,0
"MT004",2019,2,20,13.57,5.12,0
"MT004",2019,2,21,13.89,4.18,0
"MT004",2019,2,22,14.64,5.58,0
"MT004",2019,2,23,8.91,-0.49,0.9
"MT004",2019,2,24,8.46,1.22,0
"MT004",2019,2,25,7.99,0.52,0
"MT004",2019,2,26,16.35,1.63,0
"MT004",2019,2,27,14.2,5.91,0
"MT004",2019,2,28,14.49,3.72,0
"MT004",2019,3,1,16.07,5.69,0
"MT004",2019,3,2,13.75,6.37,3.9
"MT004",2019,3,3,14.67,6.72,0
"MT004",2019,3,4,16.08,6.66,0
"MT004",2019,3,5,16.16,8.06,0
"MT004",2019,3,6,16.55,8.55,0
"MT004",2019,3,7,21.2,11.83,0
"MT004",2019,3,8,19.74,12.09,0
"MT004",2019,3,9,18.19,8.95,0
"MT004",2019,3,10,16.52,7.07,0
"MT004",2019,3,11,16.88,8.05,0
"MT004",2019,3,12,10.31,2.12,4.2
"MT004",2019,3,13,13.14,2.49,0
"MT004",2019,3,14,10.72,4.67,3.1
"MT004",2019,3,15,16.39,5.69,0
"MT004",2019,3,16,18.26,7.25,0
"MT004",2019,3,17,18.39,8.36,0
"MT004",2019,3,18,18.16,7.86,0
"MT004",2019,3,19,16.19,9.49,0
"MT004",2019,3,20,13.63,7.59,4.4
"MT004",2019,3,21,16.1,7.47,0
"MT004",2019,3,22,16.9,7.4,0
"MT004",2019,3,23,17.93,8.7,0
"MT004",2019,3,24,20.21,9.48,0
"MT004",2019,3,25,19.55,10.15,0
"MT004",2019,3,26,18.26,6.69,0
"MT004",2019,3,27,13.64,6.37,8.3
"MT004",2019,3,28,11.53,5.69,13.3
"MT004",2019,3,29,14.49,6.4,0
"MT004",2019,3,30,17.57,8.36,0
"MT004",2019,3,31,19.07,7.9,0
"MT004",2019,4,1,18.32,9.1,0
"MT004",2019,4,2,17.08,9.13,0
"MT004",2019,4,3,17.03,10,0
"MT004",2019,4,4,16.48,8.95,8.7
"MT004",2019,4,5,17.15,10.19,8.4
"MT004",2019,4,6,16.94,10.44,0
"MT004",2019,4,7,16.81,7.67,5
"MT004",2019,4,8,14.17,7.2,2.7
"MT004",2019,4,9,13.9,7.49,0
"MT004",2019,4,10,16.46,7.87,3.1
"MT004",2019,4,11,13.94,6.6,10.9
"MT004",2019,4,12,14.13,7.14,3.1
"MT004",2019,4,13,12.29,7.16,11
"MT004",2019,4,14,14.43,7.18,4.3
"MT004",2019,4,15,14.14,6.58,1.8
"MT004",2019,4,16,18.12,8.2,0
"MT004",2019,4,17,16.97,8.48,1.7
"MT004",2019,4,18,18.67,8.88,0
"MT004",2019,4,19,18.87,8.66,0
"MT004",2019,4,20,20.3,9.19,0
"MT004",2019,4,21,16.7,9.52,0
"MT004",2019,4,22,16.48,10.89,2.5
"MT004",2019,4,23,20.98,10.8,0
"MT004",2019,4,24,23.27,13.94,0
"MT004",2019,4,25,24.82,13.91,0
"MT004",2019,4,26,24.93,15.38,0
"MT004",2019,4,27,20.71,10.53,0
"MT004",2019,4,28,19.22,8.69,0
"MT004",2019,4,29,17.97,8.52,0
"MT004",2019,4,30,18.72,7.57,0
"MT004",2019,5,1,18.05,8.25,0
"MT004",2019,5,2,20,8.87,0
"MT004",2019,5,3,19.07,9.6,0
"MT004",2019,5,4,15.41,11.87,9.5
"MT004",2019,5,5,18.09,10.25,0
"MT004",2019,5,6,14.24,7.55,8
"MT004",2019,5,7,15.07,6.22,0
"MT004",2019,5,8,16.62,7.58,0
"MT004",2019,5,9,18.89,11.83,0
"MT004",2019,5,10,19.53,11.71,0
"MT004",2019,5,11,21.92,12.41,0
"MT004",2019,5,12,19.61,11.17,6.8
"MT004",2019,5,13,17.96,9.54,7.2
"MT004",2019,5,14,17.79,9.02,5.6
"MT004",2019,5,15,16.57,8.57,2.1
"MT004",2019,5,16,14.66,8.9,10.7
"MT004",2019,5,17,17.21,9.53,0
"MT004",2019,5,18,21.1,13.42,0
"MT004",2019,5,19,20.48,12.64,0
"MT004",2019,5,20,19.88,9.69,0
"MT004",2019,5,21,21.52,10.42,0
"MT004",2019,5,22,21.34,11.36,0
"MT004",2019,5,23,22.21,12.02,0
"MT004",2019,5,24,23.24,12.44,0
"MT004",2019,5,25,21.78,13.58,1.9
"MT004",2019,5,26,19.16,14.06,5.7
"MT004",2019,5,27,21.12,14.05,7.5
"MT004",2019,5,28,20.67,14.07,0
"MT004",2019,5,29,21.74,13.36,0
"MT004",2019,5,30,21.62,11.92,0
"MT004",2019,5,31,20.37,11.82,2.6
"MT004",2019,6,1,20.56,10.05,7.1
"MT004",2019,6,2,20.32,11.23,7.2
"MT004",2019,6,3,22.57,12.44,0
"MT004",2019,6,4,23.38,14.36,1.9
"MT004",2019,6,5,24.93,16.93,0
"MT004",2019,6,6,27.21,18.26,0
"MT004",2019,6,7,29.68,19.84,0
"MT004",2019,6,8,32.76,21.77,0
"MT004",2019,6,9,33.43,22.95,0
"MT004",2019,6,10,32.68,22.19,0
"MT004",2019,6,11,31.85,21.87,0
"MT004",2019,6,12,32.81,24.04,0
"MT004",2019,6,13,30.78,21.46,0
"MT004",2019,6,14,33.04,20.14,0
"MT004",2019,6,15,34.82,23.53,0
"MT004",2019,6,16,33.14,20.93,0
"MT004",2019,6,17,31.34,20.05,0
"MT004",2019,6,18,29.16,19.12,0
"MT004",2019,6,19,29.76,19,0
"MT004",2019,6,20,30.7,19.71,0
"MT004",2019,6,21,32.06,20.98,0
"MT004",2019,6,22,33.51,23.26,0
"MT004",2019,6,23,31.34,20.26,0
"MT004",2019,6,24,30.47,19.15,0
"MT004",2019,6,25,30.61,19.49,0
"MT004",2019,6,26,33.17,20.13,0
"MT004",2019,6,27,32.89,21.15,0
"MT004",2019,6,28,35.19,21.4,0
"MT004",2019,6,29,29.93,19.97,0
"MT004",2019,6,30,30.61,18.6,0
"MT004",2019,7,1,31.13,20.46,0
"MT004",2019,7,2,33.54,21.58,0
"MT004",2019,7,3,34.77,23.53,0
"MT004",2019,7,4,33.4,21.59,0
"MT004",2019,7,5,32.69,22.1,0
"MT004",2019,7,6,32.68,21.81,0
"MT004",2019,7,7,34,23.01,0
"MT004",2019,7,8,34.88,23.8,0
"MT004",2019,7,9,34.97,23.66,0
"MT004",2019,7,10,33.65,19.38,0
"MT004",2019,7,11,29.04,17.53,0
"MT004",2019,7,12,29.16,17.63,0
"MT004",2019,7,13,29.44,18.53,0
"MT004",2019,7,14,28.7,18.6,0
"MT004",2019,7,15,26.75,16.64,0
"MT004",2019,7,16,22.91,14.95,15.3
"MT004",2019,7,17,28.78,17.39,0
"MT004",2019,7,18,28.41,16.28,0
"MT004",2019,7,19,27.82,18.9,0
"MT004",2019,7,20,29.5,18.48,0
"MT004",2019,7,21,31.6,20.76,0
"MT004",2019,7,22,34.29,20.85,0
"MT004",2019,7,23,33.06,21.83,0
"MT004",2019,7,24,33.72,22.35,0
"MT004",2019,7,25,33.09,21.97,0
"MT004",2019,7,26,30.13,21.85,0
"MT004",2019,7,27,32.92,21.91,0
"MT004",2019,7,28,30.59,21.17,3.1
"MT004",2019,7,29,28.53,20.12,0
"MT004",2019,7,30,29.34,20.86,0
"MT004",2019,7,31,32.69,20.55,0
"MT004",2019,8,1,33.27,22.06,0
"MT004",2019,8,2,34.25,22.18,0
"MT004",2019,8,3,31.68,20.61,0
"MT004",2019,8,4,31.32,19.83,0
"MT004",2019,8,5,31.94,19.61,0
"MT004",2019,8,6,31.15,20.9,0
"MT004",2019,8,7,32.43,22.28,0
"MT004",2019,8,8,33.36,23.33,0
"MT004",2019,8,9,31.44,22.51,0
"MT004",2019,8,10,34.62,23.09,0
"MT004",2019,8,11,36.34,23.93,0
"MT004",2019,8,12,36.21,24.25,0
"MT004",2019,8,13,35.84,24.97,0
"MT004",2019,8,14,32.13,21.37,0
"MT004",2019,8,15,29.66,20.1,0
"MT004",2019,8,16,29.12,18.29,0
"MT004",2019,8,17,28.41,18.66,0
"MT004",2019,8,18,30.19,19.34,0
"MT004",2019,8,19,30.81,19.53,0
"MT004",2019,8,20,30.64,21.01,0
"MT004",2019,8,21,32.43,22.08,0
"MT004",2019,8,22,32.15,22.27,0
"MT004",2019,8,23,31.83,21.91,0
"MT004",2019,8,24,32.3,20.91,0
"MT004",2019,8,25,32.22,21.09,0
"MT004",2019,8,26,31.4,20.84,0
"MT004",2019,8,27,31.68,21.14,0
"MT004",2019,8,28,31.73,21.6,0
"MT004",2019,8,29,31.55,21.39,0
"MT004",2019,8,30,31.62,21.86,0
"MT004",2019,8,31,33.78,21.22,0
"MT004",2019,9,1,31.32,20.78,0
"MT004",2019,9,2,28.31,18.79,4.6
"MT004",2019,9,3,28.82,18.7,7.7
"MT004",2019,9,4,28.21,18.37,0
"MT004",2019,9,5,28.75,17.86,0
"MT004",2019,9,6,29.42,19.42,0
"MT004",2019,9,7,28.48,19.11,0
"MT004",2019,9,8,28.94,18.01,0
"MT004",2019,9,9,26.83,17.61,0
"MT004",2019,9,10,25.34,15.96,0
"MT004",2019,9,11,28.47,17.58,0
"MT004",2019,9,12,29.02,17.63,0
"MT004",2019,9,13,29.25,18.95,0
"MT004",2019,9,14,28.32,18.17,0
"MT004",2019,9,15,28.26,17.8,0
"MT004",2019,9,16,26.82,17.38,0
"MT004",2019,9,17,28.38,18.01,0
"MT004",2019,9,18,29,18.64,0
"MT004",2019,9,19,27.85,16.92,7.3
"MT004",2019,9,20,23.56,14.75,0
"MT004",2019,9,21,22.93,12.52,0
"MT004",2019,9,22,25.12,14.86,0
"MT004",2019,9,23,26.72,19.94,0
"MT004",2019,9,24,26.11,17.09,0
"MT004",2019,9,25,25.55,15.52,0
"MT004",2019,9,26,25.09,17.12,0
"MT004",2019,9,27,26.25,16.19,0
"MT004",2019,9,28,26.73,16.98,0
"MT004",2019,9,29,25.58,17.8,0
"MT004",2019,9,30,26.79,17.1,0
"MT004",2019,10,1,25.57,17.18,0
"MT004",2019,10,2,26.02,15.91,0
"MT004",2019,10,3,22.41,12.23,2.7
"MT004",2019,10,4,21.4,11.05,0
"MT004",2019,10,5,21.69,11.6,0
"MT004",2019,10,6,21.65,14.33,0
"MT004",2019,10,7,17.63,12.14,13.9
"MT004",2019,10,8,21.56,12.56,0
"MT004",2019,10,9,24.04,12.13,0
"MT004",2019,10,10,24.32,15.97,0
"MT004",2019,10,11,25.63,14.64,0
"MT004",2019,10,12,23.5,13.42,0
"MT004",2019,10,13,23.73,14.54,0
"MT004",2019,10,14,23.64,14.4,0
"MT004",2019,10,15,24.15,13.93,0
"MT004",2019,10,16,24.19,14.47,0
"MT004",2019,10,17,22.5,12.36,0
"MT004",2019,10,18,21.34,12.69,0
"MT004",2019,10,19,23.14,13.16,0
"MT004",2019,10,20,23.97,14.05,0
"MT004",2019,10,21,24.61,15.71,0
"MT004",2019,10,22,23.37,15.23,0
"MT004",2019,10,23,23.63,13.75,0
"MT004",2019,10,24,24.06,13.31,0
"MT004",2019,10,25,24.39,14.16,0
"MT004",2019,10,26,21.96,12.82,0
"MT004",2019,10,27,22.49,12.15,0
"MT004",2019,10,28,22.09,13.33,0
"MT004",2019,10,29,22.08,13.69,0
"MT004",2019,10,30,21.68,12.97,0
"MT004",2019,10,31,22.06,12.58,2.9
"MT004",2019,11,1,18.17,13.19,4.2
"MT004",2019,11,2,20.98,13.52,0
"MT004",2019,11,3,21.35,14.21,14.4
"MT004",2019,11,4,22,13.81,10.3
"MT004",2019,11,5,22.57,13.45,0
"MT004",2019,11,6,20.45,13.52,4.9
"MT004",2019,11,7,16.87,10.87,2.1
"MT004",2019,11,8,18.92,9.9,0
"MT004",2019,11,9,18.46,9.77,13.3
"MT004",2019,11,10,15.86,8.12,0
"MT004",2019,11,11,18.05,9.69,23.4
"MT004",2019,11,12,17.82,11.72,28.8
"MT004",2019,11,13,16.88,10.98,12.1
"MT004",2019,11,14,16.46,9.1,0
"MT004",2019,11,15,19.13,10.18,0
"MT004",2019,11,16,19.96,15.17,0
"MT004",2019,11,17,19.66,11.02,9.7
"MT004",2019,11,18,17.12,8.44,0
"MT004",2019,11,19,16.42,9.83,0
"MT004",2019,11,20,15.7,8.2,6
"MT004",2019,11,21,15.45,8.11,0
"MT004",2019,11,22,16.35,8.31,0
"MT004",2019,11,23,20,9.3,0
"MT004",2019,11,24,16.78,9.05,35.3
"MT004",2019,11,25,13.59,9.7,8.8
"MT004",2019,11,26,17.35,9.47,0
"MT004",2019,11,27,17.53,9.86,0
"MT004",2019,11,28,17.68,10.06,8.2
"MT004",2019,11,29,16.97,9.87,0
"MT004",2019,11,30,16.14,8.21,1.2
"MT004",2019,12,1,14.02,7.3,0
"MT004",2019,12,2,17.29,9.64,0
"MT004",2019,12,3,16.88,8.89,0
"MT004",2019,12,4,10.33,4.81,0
"MT004",2019,12,5,12.9,4.72,0
"MT004",2019,12,6,14.12,10.32,3.4
"MT004",2019,12,7,16.11,10,0
"MT004",2019,12,8,16.13,9.31,0
"MT004",2019,12,9,15.16,8.72,3.7
"MT004",2019,12,10,12.26,6.56,7
"MT004",2019,12,11,9.68,5.31,2.7
"MT004",2019,12,12,11.36,5.47,1.6
"MT004",2019,12,13,11.96,5.12,18.1
"MT004",2019,12,14,15.1,5.81,0
"MT004",2019,12,15,16.85,8.24,0
"MT004",2019,12,16,17.75,10.6,0
"MT004",2019,12,17,18.27,10.43,0
"MT004",2019,12,18,16.73,10.94,0
"MT004",2019,12,19,15.31,10.81,0
"MT004",2019,12,20,15.73,9.95,2
"MT004",2019,12,21,16.25,10.81,6.3
"MT004",2019,12,22,16.37,9.5,29.2
"MT004",2019,12,23,13.37,5.37,6.9
"MT004",2019,12,24,13.84,7.02,0
"MT004",2019,12,25,14.69,7.26,0
"MT004",2019,12,26,13.35,5.11,0
"MT004",2019,12,27,11.73,3.83,0
"MT004",2019,12,28,7.81,0.87,2.2
"MT004",2019,12,29,5.02,1.39,0
"MT004",2019,12,30,6.16,1.14,0
"MT004",2019,12,31,8.87,1.74,0
"MT004",2020,1,1,12.89,4.27,0
"MT004",2020,1,2,11.04,3.76,0
"MT004",2020,1,3,13.95,3.54,0
"MT004",2020,1,4,13.03,5.22,0
"MT004",2020,1,5,11.7,2.29,0
"MT004",2020,1,6,6.99,1,0
"MT004",2020,1,7,11.44,1.09,0
"MT004",2020,1,8,12.12,2.93,0
"MT004",2020,1,9,12.31,3.58,0
"MT004",2020,1,10,12.89,3.73,0
"MT004",2020,1,11,12.86,4.16,0
"MT004",2020,1,12,12.91,5.1,0
"MT004",2020,1,13,10.85,4.98,0
"MT004",2020,1,14,14.19,4.26,0
"MT004",2020,1,15,14.03,4.72,0
"MT004",2020,1,16,13.32,5.03,0
"MT004",2020,1,17,13.07,4.17,0
"MT004",2020,1,18,12.13,4.49,0
"MT004",2020,1,19,12.16,5.24,0
"MT004",2020,1,20,9.89,6.39,0
"MT004",2020,1,21,11.08,4.88,0
"MT004",2020,1,22,12.91,4.42,0
"MT004",2020,1,23,15.51,5.77,0
"MT004",2020,1,24,13.14,4.47,0
"MT004",2020,1,25,14.89,5.85,0
"MT004",2020,1,26,13.28,6.99,0
"MT004",2020,1,27,13.7,6.69,0
"MT004",2020,1,28,14.97,7.39,0
"MT004",2020,1,29,15.55,8.38,2.3
"MT004",2020,1,30,16.3,7.02,0
"MT004",2020,1,31,13.66,5.22,0
"MT004",2020,2,1,16,7.75,0
"MT004",2020,2,2,16.5,9.8,0
"MT004",2020,2,3,17.46,8.32,0
"MT004",2020,2,4,19.3,5.12,3.1
"MT004",2020,2,5,7.58,2.84,2.8
"MT004",2020,2,6,6.82,1.79,0
"MT004",2020,2,7,11.98,2.13,0
"MT004",2020,2,8,13.63,4.95,0
"MT004",2020,2,9,14.14,5.06,0
"MT004",2020,2,10,15.27,6.11,0
"MT004",2020,2,11,18.83,9.82,0
"MT004",2020,2,12,18.18,8.48,0
"MT004",2020,2,13,15.57,6.39,0
"MT004",2020,2,14,15.18,6.32,6.4
"MT004",2020,2,15,14.6,6.1,0
"MT004",2020,2,16,14.12,4.45,0
"MT004",2020,2,17,15.98,5.95,0
"MT004",2020,2,18,17.16,6.94,0
"MT004",2020,2,19,16.37,7.42,0
"MT004",2020,2,20,12.03,4.6,0
"MT004",2020,2,21,14.53,3.17,0
"MT004",2020,2,22,13.12,4.11,0
"MT004",2020,2,23,18.59,4.27,0
"MT004",2020,2,24,19.79,9.18,0
"MT004",2020,2,25,20.06,8.61,0
"MT004",2020,2,26,17.81,6.23,2.3
"MT004",2020,2,27,12,3.35,1.8
"MT004",2020,2,28,14.86,4.86,8
"MT004",2020,2,29,13.32,3.5,0
"MT004",2020,3,1,16.82,7.39,0
"MT004",2020,3,2,18.61,10.55,0
"MT004",2020,3,3,15.1,7.21,10.5
"MT004",2020,3,4,13.15,4.54,1.7
"MT004",2020,3,5,13.98,5.94,0
"MT004",2020,3,6,16.98,7.74,8.5
"MT004",2020,3,7,14.16,5.12,4.7
"MT004",2020,3,8,11.72,5.44,0
"MT004",2020,3,9,13.56,3.81,0
"MT004",2020,3,10,15.58,3.56,0
"MT004",2020,3,11,16.19,5.37,0
"MT004",2020,3,12,19.87,8.98,0
"MT004",2020,3,13,20.12,11.49,0
"MT004",2020,3,14,18.49,10.9,0
"MT004",2020,3,15,15.23,6.81,0
"MT004",2020,3,16,14.83,5.85,0
"MT004",2020,3,17,15.2,5.89,0
"MT004",2020,3,18,16.3,6.28,0
"MT004",2020,3,19,16.31,6.96,0
"MT004",2020,3,20,15.96,6.99,0
"MT004",2020,3,21,16.52,8.26,0
"MT004",2020,3,22,15.62,8.1,2.3
"MT004",2020,3,23,10.4,2.44,0
"MT004",2020,3,24,8.79,0.34,0
"MT004",2020,3,25,9.44,0.1,7.4
"MT004",2020,3,26,12.9,6.87,41
"MT004",2020,3,27,11.71,6.1,4.4
"MT004",2020,3,28,12.69,5.23,2.3
"MT004",2020,3,29,14.57,6.72,0
"MT004",2020,3,30,15.5,6.7,0
"MT004",2020,3,31,16.51,6.52,2.8
"MT004",2020,4,1,8.67,1.67,11.1
"MT004",2020,4,2,10.65,1.45,0
"MT004",2020,4,3,9.91,3.85,3.9
"MT004",2020,4,4,15.64,5.47,0
"MT004",2020,4,5,14.27,8.05,0
"MT004",2020,4,6,14.99,8.54,0
"MT004",2020,4,7,17.47,7.36,0
"MT004",2020,4,8,17.59,7.68,0
"MT004",2020,4,9,18.43,8.25,0
"MT004",2020,4,10,21.74,9.24,0
"MT004",2020,4,11,22.19,11.51,0
"MT004",2020,4,12,21.04,10.81,0
"MT004",2020,4,13,20.31,11.95,0
"MT004",2020,4,14,19.61,9.28,0
"MT004",2020,4,15,14.71,6.21,0
"MT004",2020,4,16,17.94,6.21,0
"MT004",2020,4,17,20.26,9.3,0
"MT004",2020,4,18,21.86,11.94,0
"MT004",2020,4,19,24.47,15.31,0
"MT004",2020,4,20,20.16,11.12,30.6
"MT004",2020,4,21,16.55,8.83,0
"MT004",2020,4,22,15.05,11.32,15.5
"MT004",2020,4,23,14.73,9.48,12.8
"MT004",2020,4,24,17.66,7.91,0
"MT004",2020,4,25,19.83,9.84,0
"MT004",2020,4,26,21.33,12.07,0
"MT004",2020,4,27,21.81,13.39,0
"MT004",2020,4,28,20.73,11.66,0
"MT004",2020,4,29,19.94,12.26,0
"MT004",2020,4,30,21.07,10.69,0
"MT004",2020,5,1,19.9,11.56,0
"MT004",2020,5,2,21.19,12.11,0
"MT004",2020,5,3,20.79,11.14,4.3
"MT004",2020,5,4,20.08,9.14,0
"MT004",2020,5,5,22.35,11.07,0
"MT004",2020,5,6,23.94,13.02,0
"MT004",2020,5,7,19.79,10.07,0
"MT004",2020,5,8,21.39,10.37,0
"MT004",2020,5,9,23.31,11.75,0
"MT004",2020,5,10,22.28,15.97,0
"MT004",2020,5,11,24.09,14.2,0
"MT004",2020,5,12,23.49,12.09,0
"MT004",2020,5,13,28.14,15.54,0
"MT004",2020,5,14,31.14,22.75,0
"MT004",2020,5,15,29.9,20.92,0
"MT004",2020,5,16,29.58,18.99,0
"MT004",2020,5,17,29.69,18.83,0
"MT004",2020,5,18,28.58,17.55,0
"MT004",2020,5,19,24.36,15.58,0
"MT004",2020,5,20,21.61,13.28,5.2
"MT004",2020,5,21,20.48,13.02,3.4
"MT004",2020,5,22,23.25,12.55,0
"MT004",2020,5,23,26.61,14,0
"MT004",2020,5,24,26.51,15.74,0
"MT004",2020,5,25,23.09,14.33,0
"MT004",2020,5,26,21.59,11.28,0
"MT004",2020,5,27,20.34,10.64,0
"MT004",2020,5,28,22.32,11.63,0
"MT004",2020,5,29,21.85,11.08,0
"MT004",2020,5,30,18.83,11.49,4.3
"MT004",2020,5,31,19.6,10.88,4.3
"MT004",2020,6,1,20.58,10.89,1.5
"MT004",2020,6,2,23.95,12.67,0
"MT004",2020,6,3,25.37,14.3,0
"MT004",2020,6,4,26,14.38,0
"MT004",2020,6,5,21.7,12.87,28.4
"MT004",2020,6,6,22.93,13.33,3.4
"MT004",2020,6,7,25.13,15.23,0
"MT004",2020,6,8,25.18,16.34,2.5
"MT004",2020,6,9,25.25,15.69,0
"MT004",2020,6,10,22.88,14.74,0
"MT004",2020,6,11,22.59,13.21,0
"MT004",2020,6,12,24.21,14.34,0
"MT004",2020,6,13,27.65,16.58,0
"MT004",2020,6,14,27.46,16.52,0
"MT004",2020,6,15,25.38,15.79,0
"MT004",2020,6,16,24.46,15.98,0
"MT004",2020,6,17,25.4,16.15,0
"MT004",2020,6,18,27.1,16.23,0
"MT004",2020,6,19,28.74,17.69,0
"MT004",2020,6,20,28.28,16.78,0
"MT004",2020,6,21,26.45,16.88,2.8
"MT004",2020,6,22,24.29,16.73,0
"MT004",2020,6,23,28.43,18.76,0
"MT004",2020,6,24,28.53,18.92,0
"MT004",2020,6,25,28.55,18.64,0
"MT004",2020,6,26,29.7,19.24,0
"MT004",2020,6,27,30.15,20.07,0
"MT004",2020,6,28,31.5,21.34,0
"MT004",2020,6,29,32,20.76,0
"MT004",2020,6,30,33.21,21.84,0
"MT004",2020,7,1,32.42,22.66,0
"MT004",2020,7,2,34.29,23.39,0
"MT004",2020,7,3,33.77,22.76,0
"MT004",2020,7,4,30.81,18.6,14
"MT004",2020,7,5,28.14,17.85,7.1
"MT004",2020,7,6,29.87,19.34,4.2
"MT004",2020,7,7,31.24,18.9,0
"MT004",2020,7,8,27.95,17.58,0
"MT004",2020,7,9,29.56,18.05,0
"MT004",2020,7,10,31.14,19.9,0
"MT004",2020,7,11,31.24,21.04,0
"MT004",2020,7,12,32.75,20.3,0
"MT004",2020,7,13,29.01,18.86,0
"MT004",2020,7,14,28.17,17.19,0
"MT004",2020,7,15,28.38,18.49,0
"MT004",2020,7,16,29.59,18.61,0
"MT004",2020,7,17,27.36,17.91,0
"MT004",2020,7,18,25.89,16.88,8.7
"MT004",2020,7,19,26.35,16.06,0
"MT004",2020,7,20,28.21,16.67,0
"MT004",2020,7,21,31.75,19.71,0
"MT004",2020,7,22,32.91,21.17,0
"MT004",2020,7,23,32.57,21.78,0
"MT004",2020,7,24,31.68,22.19,0
"MT004",2020,7,25,31.51,20.03,0
"MT004",2020,7,26,30.99,19.51,0
"MT004",2020,7,27,32.82,20.7,0
"MT004",2020,7,28,34.27,21.88,0
"MT004",2020,7,29,33.83,23.32,0
"MT004",2020,7,30,34.3,24.31,0
"MT004",2020,7,31,35.74,23.66,0
"MT004",2020,8,1,34.76,22.77,0
"MT004",2020,8,2,34.64,24.19,0
"MT004",2020,8,3,34.34,23.76,0
"MT004",2020,8,4,30.52,20.6,0
"MT004",2020,8,5,26.24,16.26,9.8
"MT004",2020,8,6,26.16,16.38,5.5
"MT004",2020,8,7,26.85,17.68,2.5
"MT004",2020,8,8,28.92,18.37,3.5
"MT004",2020,8,9,30.57,20.26,0
"MT004",2020,8,10,32.63,21.73,0
"MT004",2020,8,11,31.51,20.9,0
"MT004",2020,8,12,32.54,22.31,0
"MT004",2020,8,13,32.43,22.89,0
"MT004",2020,8,14,33.08,23.55,0
"MT004",2020,8,15,33.31,22.66,0
"MT004",2020,8,16,32.59,22.21,0
"MT004",2020,8,17,32.04,22.65,0
"MT004",2020,8,18,31.39,21.51,0
"MT004",2020,8,19,29.94,20.38,0
"MT004",2020,8,20,31.14,20.46,0
"MT004",2020,8,21,32.72,22.25,0
"MT004",2020,8,22,33.27,22.61,0
"MT004",2020,8,23,33.1,22.45,0
"MT004",2020,8,24,32.54,21.22,0
"MT004",2020,8,25,30.11,20.31,0
"MT004",2020,8,26,30.66,20.58,0
"MT004",2020,8,27,31.24,20.23,0
"MT004",2020,8,28,32.16,21.88,0
"MT004",2020,8,29,32.52,22.91,0
"MT004",2020,8,30,32.87,25.66,0
"MT004",2020,8,31,33.69,22,0
"MT004",2020,9,1,26.57,17.95,0
"MT004",2020,9,2,27.06,17.73,0
"MT004",2020,9,3,27.33,18.69,0
"MT004",2020,9,4,29.17,17.98,0
"MT004",2020,9,5,29.04,18.52,0
"MT004",2020,9,6,28.98,19.1,0
"MT004",2020,9,7,30.44,21.38,0
"MT004",2020,9,8,30.74,20.35,0
"MT004",2020,9,9,30.98,21.4,0
"MT004",2020,9,10,31.21,21.15,0
"MT004",2020,9,11,29.98,20.02,0
"MT004",2020,9,12,29.99,18.96,0
"MT004",2020,9,13,32.09,20.13,0
"MT004",2020,9,14,31.34,21.24,0
"MT004",2020,9,15,30.5,20.22,0
"MT004",2020,9,16,30.05,19.83,0
"MT004",2020,9,17,28.17,20.46,0
"MT004",2020,9,18,30.6,21.71,2
"MT004",2020,9,19,29.22,20.02,0
"MT004",2020,9,20,28.44,19.33,0
"MT004",2020,9,21,28.37,19.56,0
"MT004",2020,9,22,28.02,18.37,0
"MT004",2020,9,23,27.38,18.55,0
"MT004",2020,9,24,27.29,17.56,0
"MT004",2020,9,25,27.1,16.23,7.3
"MT004",2020,9,26,18.95,11.27,10.8
"MT004",2020,9,27,21.9,12.07,14.3
"MT004",2020,9,28,20.51,13.73,10
"MT004",2020,9,29,21.65,13.05,0
"MT004",2020,9,30,22.08,13.08,0
"MT004",2020,10,1,23.23,13.34,0
"MT004",2020,10,2,25.47,14.71,0
"MT004",2020,10,3,30.44,20.41,0
"MT004",2020,10,4,27.15,17.29,0
"MT004",2020,10,5,27.06,17.88,0
"MT004",2020,10,6,25.72,15.02,0
"MT004",2020,10,7,20.78,13.37,10.5
"MT004",2020,10,8,20.26,12.14,0
"MT004",2020,10,9,21.89,11.11,0
"MT004",2020,10,10,22.49,12.1,0
"MT004",2020,10,11,22.91,13.88,0
"MT004",2020,10,12,18.58,11.23,12.2
"MT004",2020,10,13,18.4,9.42,5.1
"MT004",2020,10,14,19.53,9.75,0
"MT004",2020,10,15,20.97,12.99,16.6
"MT004",2020,10,16,19.58,10.22,2
"MT004",2020,10,17,17.76,9.57,0
"MT004",2020,10,18,18.03,10.6,2
"MT004",2020,10,19,18.36,9.55,0
"MT004",2020,10,20,19.11,9.41,0
"MT004",2020,10,21,20.1,8.67,0
"MT004",2020,10,22,19.89,11.26,0
"MT004",2020,10,23,21.75,12.71,0
"MT004",2020,10,24,21.7,12.74,3.2
"MT004",2020,10,25,19.37,11.76,0
"MT004",2020,10,26,20.16,10.99,0
"MT004",2020,10,27,19.61,10.25,6.1
"MT004",2020,10,28,17.03,9.77,3.6
"MT004",2020,10,29,19.76,11.45,0
"MT004",2020,10,30,19.08,11.14,0
"MT004",2020,10,31,20.93,11.93,0
"MT004",2020,11,1,20.38,11.75,0
"MT004",2020,11,2,17.76,10.87,0
"MT004",2020,11,3,19.26,10.69,0
"MT004",2020,11,4,19.43,11.09,0
"MT004",2020,11,5,18.75,12.77,0
"MT004",2020,11,6,18.77,13.01,0
"MT004",2020,11,7,18.4,9.94,0
"MT004",2020,11,8,19.09,9.52,0
"MT004",2020,11,9,19.43,9.76,0
"MT004",2020,11,10,19.88,11,0
"MT004",2020,11,11,18.77,9.98,0
"MT004",2020,11,12,18.09,9.5,0
"MT004",2020,11,13,18.62,11.6,0
"MT004",2020,11,14,18.51,11.2,0
"MT004",2020,11,15,18.99,12.34,0
"MT004",2020,11,16,18.21,12.1,0
"MT004",2020,11,17,16.48,12.15,12
"MT004",2020,11,18,17.01,10.55,10.3
"MT004",2020,11,19,16.84,9.24,0
"MT004",2020,11,20,15.01,9.94,20.4
"MT004",2020,11,21,12.42,7.64,28.9
"MT004",2020,11,22,11.42,5.05,12.1
"MT004",2020,11,23,14.2,8.02,0
"MT004",2020,11,24,13.17,8.28,0
"MT004",2020,11,25,14.81,7.92,0
"MT004",2020,11,26,15.41,7.1,0
"MT004",2020,11,27,15.65,7.17,0
"MT004",2020,11,28,14.82,6.64,8.6
"MT004",2020,11,29,15.7,10.18,21.8
"MT004",2020,11,30,15.46,8.68,3.9
"MT004",2020,12,1,11.8,6.21,0
"MT004",2020,12,2,15.72,8.38,4.2
"MT004",2020,12,3,15.28,10.25,7
"MT004",2020,12,4,13.33,7.04,0
"MT004",2020,12,5,15.55,8.48,0
"MT004",2020,12,6,15.32,8.86,22.2
"MT004",2020,12,7,13.07,6.6,7.8
"MT004",2020,12,8,13.91,7.01,10.2
"MT004",2020,12,9,12.54,7,20.4
"MT004",2020,12,10,11.56,6.05,5.5
"MT004",2020,12,11,10.62,6.1,1.5
"MT004",2020,12,12,11.95,6.5,0
"MT004",2020,12,13,11.77,5.9,0
"MT004",2020,12,14,13.21,6.34,0
"MT004",2020,12,15,14.23,5.76,0
"MT004",2020,12,16,13.98,7.19,0
"MT004",2020,12,17,14.24,6.77,0
"MT004",2020,12,18,13.74,5.34,0
"MT004",2020,12,19,12.59,6.11,0
"MT004",2020,12,20,12.33,7.27,0
"MT004",2020,12,21,13.65,8,0
"MT004",2020,12,22,13.93,7.71,0
"MT004",2020,12,23,14.25,7.11,0
"MT004",2020,12,24,13.62,8.4,0
"MT004",2020,12,25,15.39,9.67,7.4
"MT004",2020,12,26,12.93,6.13,8.9
"MT004",2020,12,27,8.59,4.22,14.9
"MT004",2020,12,28,13.43,4.93,0
"MT004",2020,12,29,14.05,9.03,5.2
"MT004",2020,12,30,13,7.06,13.9
"MT004",2020,12,31,9.75,4.77,5.7
"MT004",2021,1,1,10.71,3.83,0
"MT004",2021,1,2,11.63,6.8,6
"MT004",2021,1,3,10.62,6.72,1.9
"MT004",2021,1,4,10.95,4.77,0
"MT004",2021,1,5,11.67,4.72,0
"MT004",2021,1,6,12.87,7.61,0
"MT004",2021,1,7,13.23,8.39,0
"MT004",2021,1,8,15.29,7.9,6.8
"MT004",2021,1,9,11.08,5.66,16.8
"MT004",2021,1,10,17.88,8.51,15.8
"MT004",2021,1,11,14.25,6.15,4.7
"MT004",2021,1,12,9.51,4.97,3.1
"MT004",2021,1,13,11.34,3.06,0
"MT004",2021,1,14,12.77,3.32,0
"MT004",2021,1,15,8.28,1.91,10.1
"MT004",2021,1,16,4.62,-0.45,0
"MT004",2021,1,17,5.86,-1.43,6.4
"MT004",2021,1,18,5.73,-0.01,3.9
"MT004",2021,1,19,9.68,0.83,0
"MT004",2021,1,20,10.96,4,0
"MT004",2021,1,21,13.56,5.92,0
"MT004",2021,1,22,12.53,8.51,0
"MT004",2021,1,23,12.61,7.57,11.5
"MT004",2021,1,24,11.6,6.87,33.7
"MT004",2021,1,25,11.4,3.88,6.5
"MT004",2021,1,26,10.3,2.42,4.3
"MT004",2021,1,27,8.11,1.55,0
"MT004",2021,1,28,9.92,1.17,0
"MT004",2021,1,29,14.15,5.85,0
"MT004",2021,1,30,16.35,7.44,0
"MT004",2021,1,31,14.05,6.55,10.3
"MT004",2021,2,1,14.04,5.57,8.2
"MT004",2021,2,2,12.81,7.4,4.4
"MT004",2021,2,3,14.66,5.4,0
"MT004",2021,2,4,17.68,8.77,0
"MT004",2021,2,5,19.44,11.16,0
"MT004",2021,2,6,18.48,12.54,0
"MT004",2021,2,7,19.28,9.94,0
"MT004",2021,2,8,15.19,7.66,5.8
"MT004",2021,2,9,13.71,7.14,11.5
"MT004",2021,2,10,18.73,8.93,9.8
"MT004",2021,2,11,14.08,6.41,5.4
"MT004",2021,2,12,9.89,4.72,2.9
"MT004",2021,2,13,6.21,-0.44,15.1
"MT004",2021,2,14,1.71,-3.51,0
"MT004",2021,2,15,3.92,-2.59,0
"MT004",2021,2,16,8.37,-0.16,0
"MT004",2021,2,17,9.33,2.92,0
"MT004",2021,2,18,12.63,4.71,0
"MT004",2021,2,19,14.45,5.07,0
"MT004",2021,2,20,16.57,6.63,0
"MT004",2021,2,21,14.3,6.04,0
"MT004",2021,2,22,13.48,4.4,0
"MT004",2021,2,23,16.59,5.26,0
"MT004",2021,2,24,18.79,8.75,0
"MT004",2021,2,25,16.49,8.88,0
"MT004",2021,2,26,17.09,8.27,0
"MT004",2021,2,27,16.7,9.74,0
"MT004",2021,2,28,14.32,6.46,0
"MT004",2021,3,1,14.43,4.96,0
"MT004",2021,3,2,13.83,5.31,0
"MT004",2021,3,3,15.09,4.83,0
"MT004",2021,3,4,14.18,6.35,0
"MT004",2021,3,5,13.91,5.52,0
"MT004",2021,3,6,15.04,6.58,1.7
"MT004",2021,3,7,12.39,5.88,0
"MT004",2021,3,8,13.83,6.53,0
"MT004",2021,3,9,16.08,8.26,0
"MT004",2021,3,10,11.84,4.52,11
"MT004",2021,3,11,14.15,2.82,0
"MT004",2021,3,12,15.75,5.9,0
"MT004",2021,3,13,15.76,7.57,0
"MT004",2021,3,14,15.85,6.5,2.2
"MT004",2021,3,15,11.09,4.68,2.6
"MT004",2021,3,16,14,3.65,1.4
"MT004",2021,3,17,11.11,3.33,0
"MT004",2021,3,18,8.85,2.11,3.8
"MT004",2021,3,19,10.11,1.08,5.1
"MT004",2021,3,20,7.72,3.35,22.5
"MT004",2021,3,21,7.13,2.84,10.5
"MT004",2021,3,22,10.12,3.43,0
"MT004",2021,3,23,8.17,1.84,0
"MT004",2021,3,24,10.66,2.23,0
"MT004",2021,3,25,11.53,3.74,0
"MT004",2021,3,26,14.98,4.5,0
"MT004",2021,3,27,16.85,7.02,0
"MT004",2021,3,28,16.68,8.98,0
"MT004",2021,3,29,19.01,8.96,0
"MT004",2021,3,30,18.17,9.1,0
"MT004",2021,3,31,18.15,9.57,0
"MT004",2021,4,1,20.09,9.7,0
"MT004",2021,4,2,19.9,11.55,0
"MT004",2021,4,3,18.3,10.52,0
"MT004",2021,4,4,13.26,6.87,0
"MT004",2021,4,5,12.04,4.69,0
"MT004",2021,4,6,15.96,5.75,0
"MT004",2021,4,7,13.01,1.88,7.6
"MT004",2021,4,8,11.03,1,0
"MT004",2021,4,9,13.12,2.96,0
"MT004",2021,4,10,15.42,4.52,0
"MT004",2021,4,11,17.59,9.64,0
"MT004",2021,4,12,18.42,11.51,0
"MT004",2021,4,13,17.51,8.83,0
"MT004",2021,4,14,13.3,5.32,0
"MT004",2021,4,15,13.55,4.45,0
"MT004",2021,4,16,10.05,4.26,0
"MT004",2021,4,17,14.71,5.94,0
"MT004",2021,4,18,13.98,7.02,2.1
"MT004",2021,4,19,12.17,5.17,7
"MT004",2021,4,20,13.33,5.42,0
"MT004",2021,4,21,15.32,6.04,0
"MT004",2021,4,22,14.67,9.28,9.1
"MT004",2021,4,23,13.95,9.4,19.2
"MT004",2021,4,24,14.77,8.67,9.7
"MT004",2021,4,25,19.02,7.96,0
"MT004",2021,4,26,18.93,10.28,0
"MT004",2021,4,27,20.82,12.09,0
"MT004",2021,4,28,20.99,13.07,0
"MT004",2021,4,29,21.31,13.28,0
"MT004",2021,4,30,25.26,15.98,0
"MT004",2021,5,1,25.39,16.22,0
"MT004",2021,5,2,21.16,14.01,0
"MT004",2021,5,3,19.95,12.21,0
"MT004",2021,5,4,20.1,10.15,0
"MT004",2021,5,5,19.57,12.41,0
"MT004",2021,5,6,22.93,11.92,0
"MT004",2021,5,7,24.48,13.32,0
"MT004",2021,5,8,21.97,13.27,0
"MT004",2021,5,9,21.29,13.22,0
"MT004",2021,5,10,22.95,13.02,0
"MT004",2021,5,11,25.18,14.97,0
"MT004",2021,5,12,20.93,12.69,0
"MT004",2021,5,13,20.71,11.23,0
"MT004",2021,5,14,22.03,11.42,4.7
"MT004",2021,5,15,19.57,10.01,8
"MT004",2021,5,16,22.67,11.84,0
"MT004",2021,5,17,25.07,14.36,0
"MT004",2021,5,18,22.38,13.22,0
"MT004",2021,5,19,22.95,12.91,0
"MT004",2021,5,20,19.2,10.44,0
"MT004",2021,5,21,21.98,10.63,0
"MT004",2021,5,22,25.26,12.09,0
"MT004",2021,5,23,27.72,16.03,0
"MT004",2021,5,24,30.13,19.22,0
"MT004",2021,5,25,25.25,15.77,0
"MT004",2021,5,26,23.19,14.78,0
"MT004",2021,5,27,23.34,14.21,0
"MT004",2021,5,28,25.63,14.04,0
"MT004",2021,5,29,24.81,14.31,0
"MT004",2021,5,30,22.49,13.2,3.6
"MT004",2021,5,31,20.76,12.18,0
"MT004",2021,6,1,22.13,11.69,0
"MT004",2021,6,2,22.07,11.28,0
"MT004",2021,6,3,25.03,13.39,0
"MT004",2021,6,4,27.81,15.8,0
"MT004",2021,6,5,28.07,17.39,0
"MT004",2021,6,6,27.44,18.16,0
"MT004",2021,6,7,25.45,16.34,0
"MT004",2021,6,8,23.55,16.26,9
"MT004",2021,6,9,25.19,15.03,5.6
"MT004",2021,6,10,27.82,14.59,0
"MT004",2021,6,11,26.2,15.74,1.6
"MT004",2021,6,12,26.84,14.17,6.8
"MT004",2021,6,13,27.37,16.46,0
"MT004",2021,6,14,24.93,15.8,0
"MT004",2021,6,15,23.39,13.21,0
"MT004",2021,6,16,25.52,14.54,0
"MT004",2021,6,17,26.95,16.73,0
"MT004",2021,6,18,27.91,17.53,0
"MT004",2021,6,19,29.41,18.88,0
"MT004",2021,6,20,31.88,21.05,0
"MT004",2021,6,21,35.41,24.32,0
"MT004",2021,6,22,36.71,25.54,0
"MT004",2021,6,23,36.09,24.57,0
"MT004",2021,6,24,36.76,26.91,0
"MT004",2021,6,25,36.8,25.84,0
"MT004",2021,6,26,33.66,22.52,0
"MT004",2021,6,27,31.79,20.94,0
"MT004",2021,6,28,34.38,22.31,0
"MT004",2021,6,29,36.75,24.74,0
"MT004",2021,6,30,35.08,24.86,0
"MT004",2021,7,1,32.65,21.89,0
"MT004",2021,7,2,29.95,20.06,0
"MT004",2021,7,3,31.47,19.52,0
"MT004",2021,7,4,32.05,20.68,0
"MT004",2021,7,5,30.94,20.45,0
"MT004",2021,7,6,32.54,20.32,0
"MT004",2021,7,7,33.76,23.5,0
"MT004",2021,7,8,35.6,24.18,0
"MT004",2021,7,9,35.73,23.16,0
"MT004",2021,7,10,32.42,21.87,0
"MT004",2021,7,11,31.93,20.93,0
"MT004",2021,7,12,32.87,21.4,0
"MT004",2021,7,13,35.59,23.02,0
"MT004",2021,7,14,32.58,21.96,0
"MT004",2021,7,15,29.74,19.62,0
"MT004",2021,7,16,29.11,17.72,0
"MT004",2021,7,17,27.42,17.96,0
"MT004",2021,7,18,27.46,16.48,10
"MT004",2021,7,19,27.81,17.7,5
"MT004",2021,7,20,28.79,18.71,0
"MT004",2021,7,21,32.62,19.52,0
"MT004",2021,7,22,32.38,21.21,0
"MT004",2021,7,23,31.84,20.46,0
"MT004",2021,7,24,32.67,20.73,0
"MT004",2021,7,25,33.99,22.87,0
"MT004",2021,7,26,35.19,25.3,0
"MT004",2021,7,27,36.02,25.68,0
"MT004",2021,7,28,37.44,26.63,0
"MT004",2021,7,29,37.61,26.02,0
"MT004",2021,7,30,36.17,25.18,0
"MT004",2021,7,31,36.06,24.28,0
"MT004",2021,8,1,36.88,27.11,0
"MT004",2021,8,2,34.72,25.85,0
"MT004",2021,8,3,34.86,24.06,0
"MT004",2021,8,4,34.74,24.31,0
"MT004",2021,8,5,33.47,22.13,0
"MT004",2021,8,6,30.41,21.52,0
"MT004",2021,8,7,31.72,20.43,0
"MT004",2021,8,8,35.15,24.11,0
"MT004",2021,8,9,35.79,26.14,0
"MT004",2021,8,10,38.03,26.19,0
"MT004",2021,8,11,38.62,24.03,0
"MT004",2021,8,12,35.7,23.59,0
"MT004",2021,8,13,36.39,23.78,0
"MT004",2021,8,14,35.17,23.9,0
"MT004",2021,8,15,35.29,22.99,0
"MT004",2021,8,16,34.81,24.29,0
"MT004",2021,8,17,34.45,24.27,0
"MT004",2021,8,18,31.84,21.19,0
"MT004",2021,8,19,30.54,20.81,0
"MT004",2021,8,20,30.96,19.93,0
"MT004",2021,8,21,31.34,20.62,0
"MT004",2021,8,22,33.04,21.48,0
"MT004",2021,8,23,31.38,21.58,0
"MT004",2021,8,24,32.23,21.92,0
"MT004",2021,8,25,29.85,20.93,0
"MT004",2021,8,26,28.58,19.04,4.7
"MT004",2021,8,27,28.88,18.99,0
"MT004",2021,8,28,29.61,19.27,0
"MT004",2021,8,29,26.21,17.1,2.7
"MT004",2021,8,30,26.67,15.95,0
"MT004",2021,8,31,27.56,16.65,0
"MT004",2021,9,1,26.54,18.06,0
"MT004",2021,9,2,27.45,17.11,0
"MT004",2021,9,3,25.9,17.39,0
"MT004",2021,9,4,24.46,18.37,5.1
"MT004",2021,9,5,25.05,18.28,3.4
"MT004",2021,9,6,26.68,16.41,4.5
"MT004",2021,9,7,25.53,17.45,0
"MT004",2021,9,8,25.28,17.07,0
"MT004",2021,9,9,24.23,16.45,0
"MT004",2021,9,10,24.9,16.64,0
"MT004",2021,9,11,22.64,15.4,21.9
"MT004",2021,9,12,24.92,15.51,0
"MT004",2021,9,13,27.19,16.97,0
"MT004",2021,9,14,27.22,18.39,0
"MT004",2021,9,15,28.77,19.09,0
"MT004",2021,9,16,31.31,21.14,0
"MT004",2021,9,17,30.52,22.43,0
"MT004",2021,9,18,29.76,21.8,0
"MT004",2021,9,19,29.5,20.5,0
"MT004",2021,9,20,27.49,18.5,0
"MT004",2021,9,21,26.34,16.81,0
"MT004",2021,9,22,22.92,15.17,0
"MT004",2021,9,23,21.52,13.38,0
"MT004",2021,9,24,24.43,11.94,0
"MT004",2021,9,25,25.34,16.38,0
"MT004",2021,9,26,28.4,18.8,0
"MT004",2021,9,27,26.61,20.01,0
"MT004",2021,9,28,25.13,19.21,0
"MT004",2021,9,29,24.47,16.9,0
"MT004",2021,9,30,24.29,16.2,4.9
"MT004",2021,10,1,25.13,16.17,0
"MT004",2021,10,2,22.72,15.84,0
"MT004",2021,10,3,22.9,15.72,0
"MT004",2021,10,4,24.39,15.99,0
"MT004",2021,10,5,25.26,14.87,9.7
"MT004",2021,10,6,24.01,15.53,0
"MT004",2021,10,7,21.38,12.96,6.6
"MT004",2021,10,8,20.44,12.57,3.9
"MT004",2021,10,9,20.97,13.03,0
"MT004",2021,10,10,15.45,11.26,26.7
"MT004",2021,10,11,13.66,9.01,8.2
"MT004",2021,10,12,18.15,10.25,0
"MT004",2021,10,13,16.35,9.25,6.5
"MT004",2021,10,14,14.79,9.17,0
"MT004",2021,10,15,14.7,7.57,0
"MT004",2021,10,16,16.74,9.37,0
"MT004",2021,10,17,17.73,11.41,0
"MT004",2021,10,18,18.26,11.45,0
"MT004",2021,10,19,18.47,11.41,0
"MT004",2021,10,20,20.52,10.19,0
"MT004",2021,10,21,20.75,11.28,0
"MT004",2021,10,22,21.27,14.55,0
"MT004",2021,10,23,23.53,15.4,0
"MT004",2021,10,24,19.17,13.94,4.5
"MT004",2021,10,25,18.16,11.73,20.1
"MT004",2021,10,26,17.12,13.19,0
"MT004",2021,10,27,18.46,11.05,0
"MT004",2021,10,28,18.2,9.81,0
"MT004",2021,10,29,17.13,10.1,0
"MT004",2021,10,30,18.81,11.48,0
"MT004",2021,10,31,17.8,11.77,0
"MT004",2021,11,1,16.84,11.7,15.5
"MT004",2021,11,2,21.02,13.69,14
"MT004",2021,11,3,20.78,11.98,0.7
"MT004",2021,11,4,22.9,18.22,0
"MT004",2021,11,5,20.23,15.28,1.9
"MT004",2021,11,6,21.99,15.2,3.7
"MT004",2021,11,7,23.45,14.05,0
"MT004",2021,11,8,21.64,14.53,3.7
"MT004",2021,11,9,20.39,15.24,2.4
"MT004",2021,11,10,19.5,13.48,0
"MT004",2021,11,11,17.54,12.76,0
"MT004",2021,11,12,16.87,12.32,0
"MT004",2021,11,13,17.11,12.41,5.8
"MT004",2021,11,14,17.83,12.43,0
"MT004",2021,11,15,14.31,10.95,16.5
"MT004",2021,11,16,17.68,10.07,3.4
"MT004",2021,11,17,16.73,11.4,0
"MT004",2021,11,18,16.74,10.97,3.9
"MT004",2021,11,19,16.3,10.18,0
"MT004",2021,11,20,17.74,10.07,0
"MT004",2021,11,21,17.25,8.91,0
"MT004",2021,11,22,16.32,10.57,0
"MT004",2021,11,23,16.85,10.95,2.7
"MT004",2021,11,24,15.49,9.6,0
"MT004",2021,11,25,15.2,9.07,10.9
"MT004",2021,11,26,14.33,10.06,27.6
"MT004",2021,11,27,12.97,9.19,27.7
"MT004",2021,11,28,14.21,7.92,22.2
"MT004",2021,11,29,9.64,4.98,25.5
"MT004",2021,11,30,8.67,3.18,0
"MT004",2021,12,1,12.74,3.09,0
"MT004",2021,12,2,15.11,7.66,3.4
"MT004",2021,12,3,13.81,8.21,11.3
"MT004",2021,12,4,12.47,6.13,0
"MT004",2021,12,5,13.62,7.12,15.9
"MT004",2021,12,6,10.84,5.48,15.8
"MT004",2021,12,7,9.17,4.5,0
"MT004",2021,12,8,12.72,3.67,0
"MT004",2021,12,9,13.39,6.6,14.1
"MT004",2021,12,10,10.34,3.99,11.6
"MT004",2021,12,11,11.31,6.23,12.3
"MT004",2021,12,12,9.44,6.45,0
"MT004",2021,12,13,9.95,4.57,0
"MT004",2021,12,14,11.89,6.12,0
"MT004",2021,12,15,13.66,4.69,0
"MT004",2021,12,16,11.26,5.6,0
"MT004",2021,12,17,13.41,5.09,0
"MT004",2021,12,18,10.4,2.95,0
"MT004",2021,12,19,11.21,1.74,0
"MT004",2021,12,20,14.57,4.68,0
"MT004",2021,12,21,8.24,3.78,0
"MT004",2021,12,22,10.74,5.01,0
"MT004",2021,12,23,10.88,4.17,0
"MT004",2021,12,24,12.6,6.13,0
"MT004",2021,12,25,14.66,7.79,0
"MT004",2021,12,26,17.52,10.24,4
"MT004",2021,12,27,15.03,9.69,11.9
"MT004",2021,12,28,14.22,8.17,3.7
"MT004",2021,12,29,17.13,8.81,0
"MT004",2021,12,30,14.67,7.95,0
"MT004",2021,12,31,18.51,8.5,0
"MT004",2022,1,1,18.81,7.47,0
"MT004",2022,1,2,17.27,6.29,0
"MT004",2022,1,3,13.91,5.95,0
"MT004",2022,1,4,13.64,7.38,0
"MT004",2022,1,5,14.72,6.32,0
"MT004",2022,1,6,12.77,6.32,0
"MT004",2022,1,7,10.38,6.6,0
"MT004",2022,1,8,7.9,4.08,3.1
"MT004",2022,1,9,10.02,1.57,11
"MT004",2022,1,10,6.79,2.49,7.3
"MT004",2022,1,11,9.75,4.32,0
"MT004",2022,1,12,8.58,3.54,0
"MT004",2022,1,13,8.17,1.98,0
"MT004",2022,1,14,11.57,1.39,0
"MT004",2022,1,15,14.59,4.66,0
"MT004",2022,1,16,13.64,2.81,0
"MT004",2022,1,17,11.82,3.31,0
"MT004",2022,1,18,13.35,2.63,0
"MT004",2022,1,19,11,0.5,0
"MT004",2022,1,20,10.46,-0.01,3.8
"MT004",2022,1,21,8.59,3.46,6.2
"MT004",2022,1,22,7.2,-0.11,0
"MT004",2022,1,23,8.37,-0.76,0
"MT004",2022,1,24,5.11,-0.61,0
"MT004",2022,1,25,5.77,-3.06,0
"MT004",2022,1,26,11.64,-0.98,0
"MT004",2022,1,27,12.63,0.85,0
"MT004",2022,1,28,11.7,-0.25,5.5
"MT004",2022,1,29,7.93,1.84,0
"MT004",2022,1,30,12.44,0.19,0
"MT004",2022,1,31,11.48,1.94,4.6
"MT004",2022,2,1,7.8,3.64,14.5
"MT004",2022,2,2,12.29,1.54,0
"MT004",2022,2,3,10.91,1.09,0
"MT004",2022,2,4,13.53,0.76,0
"MT004",2022,2,5,13.63,3.04,0
"MT004",2022,2,6,13.85,5.22,0
"MT004",2022,2,7,13.31,2.48,6.1
"MT004",2022,2,8,8.91,1.83,0
"MT004",2022,2,9,16.77,1.83,0
"MT004",2022,2,10,16.35,2.57,0
"MT004",2022,2,11,14.07,2.01,0
"MT004",2022,2,12,13.09,3.4,0
"MT004",2022,2,13,13.16,3.89,0
"MT004",2022,2,14,12.45,2.89,0
"MT004",2022,2,15,12.99,3.19,10.4
"MT004",2022,2,16,11.46,3.81,6.6
"MT004",2022,2,17,12.89,2.77,0
"MT004",2022,2,18,16.37,4.99,0
"MT004",2022,2,19,15.96,5.69,0
"MT004",2022,2,20,15.77,7,0
"MT004",2022,2,21,14.05,6.85,8.2
"MT004",2022,2,22,9.25,3.93,7.9
"MT004",2022,2,23,12.3,2.61,0
"MT004",2022,2,24,15.72,2.26,0
"MT004",2022,2,25,13.92,0.66,0
"MT004",2022,2,26,11.82,-0.2,10.7
"MT004",2022,2,27,7.63,1.42,10.6
"MT004",2022,2,28,10.12,1.46,0
"MT004",2022,3,1,6.71,0.01,0
"MT004",2022,3,2,8.72,0.8,0
"MT004",2022,3,3,11.81,0,0
"MT004",2022,3,4,11.24,2.17,0
"MT004",2022,3,5,6.9,3.08,11.2
"MT004",2022,3,6,9.38,1.13,10.2
"MT004",2022,3,7,7.79,1.44,2.9
"MT004",2022,3,8,6.45,-0.78,0
"MT004",2022,3,9,7.91,-0.19,0
"MT004",2022,3,10,11.26,1.43,0
"MT004",2022,3,11,8.94,0.09,0
"MT004",2022,3,12,9.19,-1.77,0
"MT004",2022,3,13,11.35,-1.38,0
"MT004",2022,3,14,13.61,-0.98,0
"MT004",2022,3,15,14.76,3.39,0
"MT004",2022,3,16,16.29,2.87,0
"MT004",2022,3,17,17.13,4.85,0
"MT004",2022,3,18,13.17,6.89,6.2
"MT004",2022,3,19,11.11,5.12,0
"MT004",2022,3,20,9.22,1.02,0
"MT004",2022,3,21,11.11,-0.11,0
"MT004",2022,3,22,12.9,0.03,0
"MT004",2022,3,23,15.8,3.34,0
"MT004",2022,3,24,16.97,2.98,0
"MT004",2022,3,25,18.44,2.2,0
"MT004",2022,3,26,16.74,4.09,0
"MT004",2022,3,27,15.95,6.97,4
"MT004",2022,3,28,13.38,6.06,0
"MT004",2022,3,29,15.73,5.33,0
"MT004",2022,3,30,13.83,6.77,3.3
"MT004",2022,3,31,15.07,10.73,30.4
"MT004",2022,4,1,13.76,9.05,19.6
"MT004",2022,4,2,11.95,3.91,13
"MT004",2022,4,3,12.36,2.72,5.5
"MT004",2022,4,4,11.53,3.62,0
"MT004",2022,4,5,14.91,5.24,0
"MT004",2022,4,6,16.27,5.5,6.9
"MT004",2022,4,7,15.13,8.89,5.9
"MT004",2022,4,8,19.03,7.15,0
"MT004",2022,4,9,18.33,7.92,0
"MT004",2022,4,10,13.01,6.44,0
"MT004",2022,4,11,14.99,2.88,0
"MT004",2022,4,12,18.47,2,0
"MT004",2022,4,13,19.72,4.18,0
"MT004",2022,4,14,19.7,5.71,0
"MT004",2022,4,15,21.58,7.23,0
"MT004",2022,4,16,19.34,9.82,0
"MT004",2022,4,17,13.88,10.77,0
"MT004",2022,4,18,14.31,7.48,0
"MT004",2022,4,19,16.2,4.06,0
"MT004",2022,4,20,18.66,4.93,0
"MT004",2022,4,21,17.09,11.59,0
"MT004",2022,4,22,18.44,11.84,0
"MT004",2022,4,23,19.32,8.05,0
"MT004",2022,4,24,20.92,9.29,0
"MT004",2022,4,25,19.23,7.68,0
"MT004",2022,4,26,20.83,7.6,0
"MT004",2022,4,27,21.77,7.56,0
"MT004",2022,4,28,19.59,10.27,0
"MT004",2022,4,29,19.05,10.4,0
"MT004",2022,4,30,20.21,10.53,0
"MT004",2022,5,1,19.94,8.17,0
"MT004",2022,5,2,17.64,9.75,5.4
"MT004",2022,5,3,18.35,7.41,0
"MT004",2022,5,4,20.05,8.84,0
"MT004",2022,5,5,20.86,9.84,0
"MT004",2022,5,6,20.13,14.07,1.7
"MT004",2022,5,7,19.37,13.28,16.1
"MT004",2022,5,8,19.13,12.77,9.4
"MT004",2022,5,9,20.51,12.72,0
"MT004",2022,5,10,22.09,10.61,0
"MT004",2022,5,11,22.34,11.14,0
"MT004",2022,5,12,22.74,11.16,0
"MT004",2022,5,13,23.09,12.65,0
"MT004",2022,5,14,23.64,13.24,0
"MT004",2022,5,15,24.4,12.77,0
"MT004",2022,5,16,24.96,12.59,0
"MT004",2022,5,17,25.6,13.71,0
"MT004",2022,5,18,25.79,14.43,0
"MT004",2022,5,19,23.63,12.53,0
"MT004",2022,5,20,26.11,9.2,0
"MT004",2022,5,21,24.98,11.75,0
"MT004",2022,5,22,25.53,14.6,0
"MT004",2022,5,23,25.92,14.98,0
"MT004",2022,5,24,27.93,13.61,0
"MT004",2022,5,25,30.48,16.09,0
"MT004",2022,5,26,30.86,14.95,0
"MT004",2022,5,27,30.37,18.32,0
"MT004",2022,5,28,28.34,17.69,0
"MT004",2022,5,29,26.43,15.26,0
"MT004",2022,5,30,27.47,15.16,0
"MT004",2022,5,31,30,14.12,0
"MT004",2022,6,1,29.84,15.38,0
"MT004",2022,6,2,30.34,16.41,0
"MT004",2022,6,3,35.56,17.91,0
"MT004",2022,6,4,31.68,18.85,0
"MT004",2022,6,5,32.6,19.43,0
"MT004",2022,6,6,33.37,20.34,0
"MT004",2022,6,7,30.1,19.65,0
"MT004",2022,6,8,28.82,18.59,0
"MT004",2022,6,9,24.58,16.73,33.7
"MT004",2022,6,10,22.53,14.64,0
"MT004",2022,6,11,26.41,17.62,0
"MT004",2022,6,12,28.59,18.93,0
"MT004",2022,6,13,29.99,18.11,0
"MT004",2022,6,14,28.66,16.98,0
"MT004",2022,6,15,30.24,17.8,0
"MT004",2022,6,16,28.36,17.78,0
"MT004",2022,6,17,29.05,18.39,0
"MT004",2022,6,18,29.78,18.28,0
"MT004",2022,6,19,29.63,17.44,0
"MT004",2022,6,20,28.2,16.79,0
"MT004",2022,6,21,30.01,16.41,0
"MT004",2022,6,22,31.05,18.47,0
"MT004",2022,6,23,31.87,18.85,0
"MT004",2022,6,24,31,21.2,0
"MT004",2022,6,25,33.61,20.68,0
"MT004",2022,6,26,33.12,19.2,0
"MT004",2022,6,27,33.31,21.02,0
"MT004",2022,6,28,34.54,20.02,0
"MT004",2022,6,29,31.15,20.38,0
"MT004",2022,6,30,31.26,20.26,0
"MT004",2022,7,1,34.07,20.79,0
"MT004",2022,7,2,34.28,20.01,0
"MT004",2022,7,3,33.67,20.52,0
"MT004",2022,7,4,33.52,21.4,0
"MT004",2022,7,5,34.56,21.71,0
"MT004",2022,7,6,33.91,20.77,0
"MT004",2022,7,7,32.16,19.78,0
"MT004",2022,7,8,26.53,15.84,13.8
"MT004",2022,7,9,27.14,16.83,0
"MT004",2022,7,10,27.81,16.32,0
"MT004",2022,7,11,29.41,16.05,0
"MT004",2022,7,12,30.56,16.22,0
"MT004",2022,7,13,28.66,16.85,0
"MT004",2022,7,14,30.71,15.77,0
"MT004",2022,7,15,31.27,16.05,0
"MT004",2022,7,16,32.82,18.29,0
"MT004",2022,7,17,32.99,19.33,0
"MT004",2022,7,18,33.52,21.25,0
"MT004",2022,7,19,33.41,19.78,0
"MT004",2022,7,20,31.93,17.43,0
"MT004",2022,7,21,32.06,18.19,0
"MT004",2022,7,22,32.6,19.11,0
"MT004",2022,7,23,31.58,21.05,0
"MT004",2022,7,24,33.95,20.28,0
"MT004",2022,7,25,33.79,20.73,0
"MT004",2022,7,26,33.4,20.7,0
"MT004",2022,7,27,32.93,21.36,0
"MT004",2022,7,28,32.05,19.91,0
"MT004",2022,7,29,32.4,20.07,0
"MT004",2022,7,30,32.86,19.94,0
"MT004",2022,7,31,31.88,21.11,0
"MT004",2022,8,1,31.72,19.5,0
"MT004",2022,8,2,32.72,20.76,0
"MT004",2022,8,3,32.39,21.43,0
"MT004",2022,8,4,32.77,20.14,0
"MT004",2022,8,5,32.97,21.13,0
"MT004",2022,8,6,33.45,21.54,0
"MT004",2022,8,7,34.71,21.37,0
"MT004",2022,8,8,32.68,21.31,8.5
"MT004",2022,8,9,31.16,19.08,4.2
"MT004",2022,8,10,31.15,19.55,2.5
"MT004",2022,8,11,30.64,19.33,0
"MT004",2022,8,12,28,17.64,4.4
"MT004",2022,8,13,27.28,16.03,1.8
"MT004",2022,8,14,27.79,15.77,0
"MT004",2022,8,15,29.07,16.73,0
"MT004",2022,8,16,29.82,18.7,0
"MT004",2022,8,17,32.14,21.03,0
"MT004",2022,8,18,33.74,21.91,0
"MT004",2022,8,19,30.82,20.61,0
"MT004",2022,8,20,29.08,18.59,0
"MT004",2022,8,21,30.6,19.13,0
"MT004",2022,8,22,31.09,18.14,0
"MT004",2022,8,23,28.77,16.79,9.7
"MT004",2022,8,24,28.38,17.87,5.6
"MT004",2022,8,25,29.45,18.72,0
"MT004",2022,8,26,31.02,18.51,0
"MT004",2022,8,27,29.6,19.3,0
"MT004",2022,8,28,29.25,18.1,6.1
"MT004",2022,8,29,28.58,17.55,0
"MT004",2022,8,30,30.35,16.84,0
"MT004",2022,8,31,29.49,18.32,0
"MT004",2022,9,1,27.13,17.97,14.8
"MT004",2022,9,2,28.16,17.08,0
"MT004",2022,9,3,28.41,16.11,0
"MT004",2022,9,4,27.02,18.23,0
"MT004",2022,9,5,29.88,18.25,0
"MT004",2022,9,6,29.48,17.2,0
"MT004",2022,9,7,29.21,16.81,0
"MT004",2022,9,8,30.4,17.84,0
"MT004",2022,9,9,29.37,19.49,0
"MT004",2022,9,10,28.84,18.31,0
"MT004",2022,9,11,29.24,17.25,0
"MT004",2022,9,12,28.34,17.39,0
"MT004",2022,9,13,28.53,14.88,0
"MT004",2022,9,14,28.24,14.51,0
"MT004",2022,9,15,28.35,17.17,0
"MT004",2022,9,16,28.16,19.02,5.7
"MT004",2022,9,17,28.46,15.98,12.4
"MT004",2022,9,18,24.5,12.46,0
"MT004",2022,9,19,24.78,10.99,0
"MT004",2022,9,20,25.44,12.7,0
"MT004",2022,9,21,22.96,13.84,0
"MT004",2022,9,22,21.51,11.37,0
"MT004",2022,9,23,21.6,11.29,0
"MT004",2022,9,24,22.53,9.06,0
"MT004",2022,9,25,23.64,12.41,0
"MT004",2022,9,26,19.89,15.81,28.4
"MT004",2022,9,27,23.63,15.7,3.6
"MT004",2022,9,28,24.14,16.02,9.6
"MT004",2022,9,29,22.87,16.28,9.5
"MT004",2022,9,30,26.51,15.53,0
"MT004",2022,10,1,24.61,15.48,0
"MT004",2022,10,2,25.2,13.71,0
"MT004",2022,10,3,24.83,14.72,0
"MT004",2022,10,4,22.73,12.04,0
"MT004",2022,10,5,22.58,11.78,0
"MT004",2022,10,6,23.15,11.4,0
"MT004",2022,10,7,23.74,12.22,0
"MT004",2022,10,8,23.4,11.25,0
"MT004",2022,10,9,23.45,11.12,0
"MT004",2022,10,10,20.68,15.31,6.6
"MT004",2022,10,11,21.25,14.21,0
"MT004",2022,10,12,22.83,13.26,0
"MT004",2022,10,13,17.79,16.35,31.4
"MT004",2022,10,14,20.88,14.17,0
"MT004",2022,10,15,21.77,11.03,0
"MT004",2022,10,16,22.38,11.5,0
"MT004",2022,10,17,23.23,11.3,0
"MT004",2022,10,18,24.15,12.19,0
"MT004",2022,10,19,22.93,12.19,0
"MT004",2022,10,20,23.08,13.72,0
"MT004",2022,10,21,21.92,10.29,0
"MT004",2022,10,22,21.76,11.84,0
"MT004",2022,10,23,22.33,12.34,0
"MT004",2022,10,24,21.65,10.69,0
"MT004",2022,10,25,23.88,11.1,0
"MT004",2022,10,26,24.5,12.84,0
"MT004",2022,10,27,24.81,11.43,0
"MT004",2022,10,28,23.94,13.28,0
"MT004",2022,10,29,23.63,11.32,0
"MT004",2022,10,30,23.69,10.8,0
"MT004",2022,10,31,25.36,10.65,0
"MT004",2022,11,1,25.42,9.64,0
"MT004",2022,11,2,23.22,9.27,0
"MT004",2022,11,3,21.23,9.46,0
"MT004",2022,11,4,20.56,9.83,59.6
"MT004",2022,11,5,15.42,12.3,40.4
"MT004",2022,11,6,16.63,8.44,0
"MT004",2022,11,7,19.43,8.19,0
"MT004",2022,11,8,19.16,8,0
"MT004",2022,11,9,19.03,6.34,0
"MT004",2022,11,10,19.18,7.84,0
"MT004",2022,11,11,19.7,9.35,0
"MT004",2022,11,12,16.65,10.58,1.7
"MT004",2022,11,13,16.62,9.91,0
"MT004",2022,11,14,17.91,9.43,1.8
"MT004",2022,11,15,18.55,9.19,0
"MT004",2022,11,16,19.23,9.83,17.9
"MT004",2022,11,17,19.49,12.11,4.3
"MT004",2022,11,18,20.4,10.91,1.9
"MT004",2022,11,19,19.41,11.89,17.1
"MT004",2022,11,20,15.69,11.97,10.9
"MT004",2022,11,21,15.16,7.77,0
"MT004",2022,11,22,16.4,7.25,35.2
"MT004",2022,11,23,15.48,7.69,9
"MT004",2022,11,24,16.38,5.26,0
"MT004",2022,11,25,15.92,5.96,0
"MT004",2022,11,26,12.18,8.26,22.3
"MT004",2022,11,27,13.29,8.18,1
"MT004",2022,11,28,13,4.65,0
"MT004",2022,11,29,13.37,4.59,0
"MT004",2022,11,30,12.49,8.15,2.6
"MT004",2022,12,1,13.17,6.82,0
"MT004",2022,12,2,14.35,5.55,3.6
"MT004",2022,12,3,16.93,9.54,2
"MT004",2022,12,4,17.32,10.67,17.3
"MT004",2022,12,5,16.17,8.02,0
"MT004",2022,12,6,16.23,9.09,0
"MT004",2022,12,7,15.37,7.43,0
"MT004",2022,12,8,16.79,8.16,0
"MT004",2022,12,9,17.37,9.53,0
"MT004",2022,12,10,18,12.75,9.2
"MT004",2022,12,11,15.32,11.13,10.2
"MT004",2022,12,12,12.58,7.14,3.9
"MT004",2022,12,13,12.9,6.49,7.5
"MT004",2022,12,14,16.61,10.52,15.3
"MT004",2022,12,15,17.15,11.74,5.1
"MT004",2022,12,16,19.13,13.77,16.6
"MT004",2022,12,17,16.67,11.29,0
"MT004",2022,12,18,15.47,6.97,0
"MT004",2022,12,19,14.62,6.73,0
"MT004",2022,12,20,14.05,3.9,0
"MT004",2022,12,21,13.5,3.45,0
"MT004",2022,12,22,14.19,6.21,0
"MT004",2022,12,23,15.41,6.71,0
"MT004",2022,12,24,15.45,6.42,0
"MT004",2022,12,25,17.25,8.03,0
"MT004",2022,12,26,15.63,8.16,0
"MT004",2022,12,27,15.18,8.46,0
"MT004",2022,12,28,15.08,6.21,0
"MT004",2022,12,29,15.3,6.17,0
"MT004",2022,12,30,15.47,6.27,0
"MT004",2022,12,31,16.87,7.92,0
"MT004",2023,1,1,16.93,7.96,0
"MT004",2023,1,2,14.61,5.37,0
"MT004",2023,1,3,15.22,5.03,0
"MT004",2023,1,4,15.66,4.34,0
"MT004",2023,1,5,14.91,4.88,0
"MT004",2023,1,6,15.36,5.21,0
"MT004",2023,1,7,14.46,3.87,0
"MT004",2023,1,8,14.12,4.29,0
"MT004",2023,1,9,13.62,7.01,20.6
"MT004",2023,1,10,9.91,5.71,5.3
"MT004",2023,1,11,11.87,4.19,0
"MT004",2023,1,12,12.74,3.51,0
"MT004",2023,1,13,14.39,3.3,0
"MT004",2023,1,14,14.39,5.16,0
"MT004",2023,1,15,13.55,2.39,0
"MT004",2023,1,16,14.29,6.92,8.5
"MT004",2023,1,17,15.33,10.84,27.5
"MT004",2023,1,18,15.19,10.99,28.9
"MT004",2023,1,19,12.41,6.44,8.8
"MT004",2023,1,20,9.04,2.8,35.5
"MT004",2023,1,21,7.65,5.29,11
"MT004",2023,1,22,8.68,1.64,42.2
"MT004",2023,1,23,10.39,2.15,18
"MT004",2023,1,24,11.55,1.25,0
"MT004",2023,1,25,9.78,3.51,4.8
"MT004",2023,1,26,8.98,4.69,5.4
"MT004",2023,1,27,9.51,2.22,3.9
"MT004",2023,1,28,10.84,3.32,0
"MT004",2023,1,29,10.19,2.68,0
"MT004",2023,1,30,11.1,2.19,0
"MT004",2023,1,31,11.91,2.74,0
"MT004",2023,2,1,11.67,0.08,0
"MT004",2023,2,2,13.33,2.67,0
"MT004",2023,2,3,14.46,2.23,0
"MT004",2023,2,4,13.79,4.37,0
"MT004",2023,2,5,4.68,2.2,0
"MT004",2023,2,6,4.37,0.02,0
"MT004",2023,2,7,6.04,-0.09,0
"MT004",2023,2,8,7.11,-1.59,0
"MT004",2023,2,9,6.2,1.57,0
"MT004",2023,2,10,9.6,3.4,0
"MT004",2023,2,11,11.42,0.99,0
"MT004",2023,2,12,11.68,0.2,0
"MT004",2023,2,13,13.29,4.12,0
"MT004",2023,2,14,13.15,1.59,0
"MT004",2023,2,15,15.75,3.35,0
"MT004",2023,2,16,14.68,3.59,0
"MT004",2023,2,17,15.12,4.98,0
"MT004",2023,2,18,14.91,4.68,0
"MT004",2023,2,19,13.81,6.51,0
"MT004",2023,2,20,17.92,6.19,0
"MT004",2023,2,21,14.97,4.95,0
"MT004",2023,2,22,15.64,5.06,0
"MT004",2023,2,23,16.4,5.09,0
"MT004",2023,2,24,16.36,4.81,0
"MT004",2023,2,25,15.48,8.16,0
"MT004",2023,2,26,15.02,10.35,5.5
"MT004",2023,2,27,14.33,5.78,10.6
"MT004",2023,2,28,14.65,6.13,1.9
"MT004",2023,3,1,14.27,6.96,8.5
"MT004",2023,3,2,13.75,4.76,18.3
"MT004",2023,3,3,13.69,3.96,8.3
"MT004",2023,3,4,12.01,5.4,5.7
"MT004",2023,3,5,12.98,3.98,0
"MT004",2023,3,6,13.57,4.28,6.2
"MT004",2023,3,7,14.03,6.28,3.8
"MT004",2023,3,8,15.5,5.63,0
"MT004",2023,3,9,17.61,7.31,0
"MT004",2023,3,10,17.5,11.19,4.7
"MT004",2023,3,11,16.85,6.67,3.5
"MT004",2023,3,12,16.32,7.33,0
"MT004",2023,3,13,18.83,5.5,0
"MT004",2023,3,14,16.6,3.92,5.3
"MT004",2023,3,15,14.67,7.26,6.6
"MT004",2023,3,16,12.91,4.26,0
"MT004",2023,3,17,14.04,2.17,0
"MT004",2023,3,18,14.5,2.5,0
"MT004",2023,3,19,16.28,3.22,0
"MT004",2023,3,20,14.61,7.13,1.6
"MT004",2023,3,21,13.59,8.82,6
"MT004",2023,3,22,18.7,5.86,0
"MT004",2023,3,23,18.99,6.18,0
"MT004",2023,3,24,18.15,7.06,0
"MT004",2023,3,25,17.64,5.82,0
"MT004",2023,3,26,17.4,7.15,0
"MT004",2023,3,27,17.28,6.62,14.1
"MT004",2023,3,28,13.11,4.72,0
"MT004",2023,3,29,14.89,0.79,0
"MT004",2023,3,30,15.93,4.42,0
"MT004",2023,3,31,16.97,6.45,0
"MT004",2023,4,1,19.63,10.38,0
"MT004",2023,4,2,17.45,6.69,3.6
"MT004",2023,4,3,13.05,9.24,4.4
"MT004",2023,4,4,12.5,6.45,0
"MT004",2023,4,5,10.84,5.56,12.6
"MT004",2023,4,6,12.86,5.02,0
"MT004",2023,4,7,14.95,2,0
"MT004",2023,4,8,15.43,3.31,3.5
"MT004",2023,4,9,13.12,5.12,2.2
"MT004",2023,4,10,13.89,6,0
"MT004",2023,4,11,16.92,5.31,0
"MT004",2023,4,12,19.49,6.69,0
"MT004",2023,4,13,19.58,6.67,1.6
"MT004",2023,4,14,15.96,8.21,12.1
"MT004",2023,4,15,15.88,7.07,4.6
"MT004",2023,4,16,14.13,7.65,22.5
"MT004",2023,4,17,13.53,8.15,9.1
"MT004",2023,4,18,15.29,6.92,10.3
"MT004",2023,4,19,17.67,7.23,0
"MT004",2023,4,20,18.5,6.83,0
"MT004",2023,4,21,19.59,6.52,0
"MT004",2023,4,22,20.41,8.29,0
"MT004",2023,4,23,19.69,7.71,0
"MT004",2023,4,24,20.26,8.99,0
"MT004",2023,4,25,21.82,9.56,0
"MT004",2023,4,26,19.19,10.4,0
"MT004",2023,4,27,20.53,7.79,0
"MT004",2023,4,28,20.92,8.19,0
"MT004",2023,4,29,21.2,7.69,0
"MT004",2023,4,30,17.62,12.49,4.5
"MT004",2023,5,1,14.17,13.23,1.9
"MT004",2023,5,2,18.31,12.93,11.4
"MT004",2023,5,3,16.21,11.3,0
"MT004",2023,5,4,19.96,10.34,0
"MT004",2023,5,5,22.97,10.82,0
"MT004",2023,5,6,22.54,9.86,0
"MT004",2023,5,7,22.09,9.81,0
"MT004",2023,5,8,17.4,11.81,6.4
"MT004",2023,5,9,18.77,14.4,2.6
"MT004",2023,5,10,17.49,13.66,21.1
"MT004",2023,5,11,19.67,12.83,0
"MT004",2023,5,12,20.02,9.4,0
"MT004",2023,5,13,16.93,11.05,4.2
"MT004",2023,5,14,19.16,14.67,4.3
"MT004",2023,5,15,16.72,12.75,17.5
"MT004",2023,5,16,18.75,13.72,13.5
"MT004",2023,5,17,19.21,12.62,1.9
"MT004",2023,5,18,20.19,11.9,0
"MT004",2023,5,19,21.8,13.22,0
"MT004",2023,5,20,20.85,14.35,2.8
"MT004",2023,5,21,18.95,14.21,5
"MT004",2023,5,22,22.97,13.31,0
"MT004",2023,5,23,23.49,11.18,0
"MT004",2023,5,24,23.12,11.98,0
"MT004",2023,5,25,25.57,11.38,0
"MT004",2023,5,26,25.48,14.25,0
"MT004",2023,5,27,24.76,14.41,7.5
"MT004",2023,5,28,24.85,13.14,0
"MT004",2023,5,29,25.09,13.46,0
"MT004",2023,5,30,24.32,13.4,0
"MT004",2023,5,31,23.67,12.98,0
"MT004",2023,6,1,24.89,14.29,5.9
"MT004",2023,6,2,24.59,13.6,0
"MT004",2023,6,3,25.54,13.49,0
"MT004",2023,6,4,25.37,13.81,0
"MT004",2023,6,5,24.32,16.17,2.5
"MT004",2023,6,6,24.48,16.4,0
"MT004",2023,6,7,31.54,16.18,0
"MT004",2023,6,8,26.65,15.3,0
"MT004",2023,6,9,25.61,15.5,0
"MT004",2023,6,10,24.71,16.78,0
"MT004",2023,6,11,24.86,15.59,0
"MT004",2023,6,12,25.48,16,9.1
"MT004",2023,6,13,25.55,15.62,0
"MT004",2023,6,14,25.08,15.68,21.8
"MT004",2023,6,15,22.86,17.43,32
"MT004",2023,6,16,24.39,15.34,0
"MT004",2023,6,17,25.74,14.47,0
"MT004",2023,6,18,26.15,13.59,0
"MT004",2023,6,19,28.51,13.72,0
"MT004",2023,6,20,28.78,15.84,0
"MT004",2023,6,21,29.06,17.22,0
"MT004",2023,6,22,31.14,18.33,0
"MT004",2023,6,23,28.57,18.29,0
"MT004",2023,6,24,28.37,18.86,0
"MT004",2023,6,25,28.23,18.31,0
"MT004",2023,6,26,29.67,18.42,0
"MT004",2023,6,27,29.25,17.51,0
"MT004",2023,6,28,28.33,17.65,0
"MT004",2023,6,29,28.56,18.79,0
"MT004",2023,6,30,28.15,17.53,0
"MT004",2023,7,1,27.3,18.41,0
"MT004",2023,7,2,26.44,17.21,0
"MT004",2023,7,3,29.01,17.76,0
"MT004",2023,7,4,29.66,18.24,0
"MT004",2023,7,5,28.88,17.85,0
"MT004",2023,7,6,30.47,18.58,0
"MT004",2023,7,7,30.24,18.47,0
"MT004",2023,7,8,31.23,20.21,0
"MT004",2023,7,9,32.21,19.64,0
"MT004",2023,7,10,31.63,19.33,0
"MT004",2023,7,11,32.65,17.93,0
"MT004",2023,7,12,33.1,18.91,0
"MT004",2023,7,13,32.98,19.12,0
"MT004",2023,7,14,33.69,19.86,0
"MT004",2023,7,15,33.31,20.58,0
"MT004",2023,7,16,35.06,19.65,0
"MT004",2023,7,17,35.9,20.88,0
"MT004",2023,7,18,35.23,20.99,0
"MT004",2023,7,19,36.55,22.43,0
"MT004",2023,7,20,35.15,21.86,0
"MT004",2023,7,21,36.38,22.09,0
"MT004",2023,7,22,36.11,22.01,0
"MT004",2023,7,23,36.84,21.83,0
"MT004",2023,7,24,39.14,22.37,0
"MT004",2023,7,25,38.74,21.77,0
"MT004",2023,7,26,30.23,21.78,0
"MT004",2023,7,27,29.38,19.08,0
"MT004",2023,7,28,30.79,16.54,0
"MT004",2023,7,29,30.87,17.3,0
"MT004",2023,7,30,32.06,18.61,0
"MT004",2023,7,31,31.44,20.98,0
"MT004",2023,8,1,30.14,21,0
"MT004",2023,8,2,30.68,20.77,0
"MT004",2023,8,3,30.57,19.46,0
"MT004",2023,8,4,31.97,19.86,13.6
"MT004",2023,8,5,25.97,18.74,14.3
"MT004",2023,8,6,28.19,16.38,0
"MT004",2023,8,7,27.63,18.18,0
"MT004",2023,8,8,27.19,17.98,0
"MT004",2023,8,9,27.93,17.11,0
"MT004",2023,8,10,28.63,15.93,0
"MT004",2023,8,11,29.18,17.71,0
"MT004",2023,8,12,28.97,18.39,0
"MT004",2023,8,13,29.5,16.55,0
"MT004",2023,8,14,29.24,17.45,0
"MT004",2023,8,15,29.77,18.64,0
"MT004",2023,8,16,29.73,17.66,0
"MT004",2023,8,17,30.61,20.36,0
"MT004",2023,8,18,31.64,20.18,0
"MT004",2023,8,19,32.08,20.13,0
"MT004",2023,8,20,31.18,21.57,0
"MT004",2023,8,21,33.63,23.68,0
"MT004",2023,8,22,32.78,23.82,0
"MT004",2023,8,23,33.03,22.58,0
"MT004",2023,8,24,33.38,21.66,0
"MT004",2023,8,25,31.95,21.46,0
"MT004",2023,8,26,32.06,21.24,0
"MT004",2023,8,27,34.67,19.09,0
"MT004",2023,8,28,30.07,19.44,9.4
"MT004",2023,8,29,27.42,17.97,10.8
"MT004",2023,8,30,25.76,17.07,0
"MT004",2023,8,31,26.28,15.91,0
"MT004",2023,9,1,28.38,16.15,0
"MT004",2023,9,2,29.81,16.38,0
"MT004",2023,9,3,30.61,15.76,0
"MT004",2023,9,4,27.31,19.98,0
"MT004",2023,9,5,27.71,19.01,0
"MT004",2023,9,6,28.17,20.7,0
"MT004",2023,9,7,29.18,20.59,0
"MT004",2023,9,8,29.31,19.53,0
"MT004",2023,9,9,29.57,19.67,0
"MT004",2023,9,10,30.33,17.97,0
"MT004",2023,9,11,30.75,16.94,0
"MT004",2023,9,12,29.34,14.86,0
"MT004",2023,9,13,27.11,14.31,0
"MT004",2023,9,14,29.05,16.53,0
"MT004",2023,9,15,28.26,16.89,0
"MT004",2023,9,16,28.8,16.55,0
"MT004",2023,9,17,30.34,17.01,0
"MT004",2023,9,18,29.66,16.35,0
"MT004",2023,9,19,29.23,18.78,0
"MT004",2023,9,20,29.88,18.05,0
"MT004",2023,9,21,30.68,19.4,3.9
"MT004",2023,9,22,32.96,19.71,0
"MT004",2023,9,23,28.25,17.95,0
"MT004",2023,9,24,24.14,14.04,1.1
"MT004",2023,9,25,23.43,14.2,3.5
"MT004",2023,9,26,25.24,17.6,2.7
"MT004",2023,9,27,26.99,17.09,0
"MT004",2023,9,28,27.03,15.76,0
"MT004",2023,9,29,27.14,16.06,0
"MT004",2023,9,30,27.14,16.42,0
"MT004",2023,10,1,27.32,14.91,0
"MT004",2023,10,2,27.34,16.17,0
"MT004",2023,10,3,27.79,14.82,0
"MT004",2023,10,4,26.31,13.48,0
"MT004",2023,10,5,24.92,14.67,0
"MT004",2023,10,6,25.52,15.27,0
"MT004",2023,10,7,25.49,15.39,0
"MT004",2023,10,8,27.49,13.65,0
"MT004",2023,10,9,28.74,15.89,0
"MT004",2023,10,10,28.39,15.56,0
"MT004",2023,10,11,27.03,16.06,0
"MT004",2023,10,12,25.6,15.7,0
"MT004",2023,10,13,26.34,14.9,0
"MT004",2023,10,14,25.13,14.11,0
"MT004",2023,10,15,25.12,14.26,0
"MT004",2023,10,16,19.64,15.95,21.7
"MT004",2023,10,17,18.26,15.19,18.8
"MT004",2023,10,18,22.85,11.33,0
"MT004",2023,10,19,25.53,16.97,0
"MT004",2023,10,20,27.25,19.18,0
"MT004",2023,10,21,23.18,19.6,21.5
"MT004",2023,10,22,23.28,14.82,0
"MT004",2023,10,23,23.49,14.62,0
"MT004",2023,10,24,24.33,14.24,0.2
"MT004",2023,10,25,21.48,17.39,17.2
"MT004",2023,10,26,22.62,15.21,7.7
"MT004",2023,10,27,22.74,14.94,4.5
"MT004",2023,10,28,22.95,15.96,0
"MT004",2023,10,29,22.55,13.3,0
"MT004",2023,10,30,23.87,11.61,0
"MT004",2023,10,31,23.86,15.53,0
"MT004",2023,11,1,21.49,12.97,5.1
"MT004",2023,11,2,21.08,12.17,1.4
"MT004",2023,11,3,23.39,16.1,18.6
"MT004",2023,11,4,19.58,12.49,11.4
"MT004",2023,11,5,23.43,13.64,1.8
"MT004",2023,11,6,22.01,13.19,0
"MT004",2023,11,7,20.53,12.1,0
"MT004",2023,11,8,18,10.63,9.7
"MT004",2023,11,9,18.2,7.94,0
"MT004",2023,11,10,19.06,11.35,10.1
"MT004",2023,11,11,18.52,11.09,11.3
"MT004",2023,11,12,17.67,10.02,7
"MT004",2023,11,13,20.53,10.71,0
"MT004",2023,11,14,20.62,12.59,0
"MT004",2023,11,15,22.87,12.41,0
"MT004",2023,11,16,19.16,11.25,0
"MT004",2023,11,17,20.67,11.52,1.5
"MT004",2023,11,18,14.85,8.01,0
"MT004",2023,11,19,18.57,4.86,0
"MT004",2023,11,20,18.41,9.57,0
"MT004",2023,11,21,18.11,9.97,4.1
"MT004",2023,11,22,16.8,11.03,14.2
"MT004",2023,11,23,18.56,12.2,0
"MT004",2023,11,24,17.78,11.06,4
"MT004",2023,11,25,11.26,5.37,18.2
"MT004",2023,11,26,10.4,1.09,2.4
"MT004",2023,11,27,12.9,0.79,1.7
"MT004",2023,11,28,16.57,8.73,35.9
"MT004",2023,11,29,15.47,7.84,0
"MT004",2023,11,30,17.75,6.73,0
"MT004",2023,12,1,19.53,12.3,0
"MT004",2023,12,2,18.04,11.74,0
"MT004",2023,12,3,14.26,8.84,0
"MT004",2023,12,4,12.53,4.71,0
"MT004",2023,12,5,13.84,4.93,17.7
"MT004",2023,12,6,12.9,5.39,1.4
"MT004",2023,12,7,12.46,4.73,0
"MT004",2023,12,8,11.7,1.54,0
"MT004",2023,12,9,11.79,3.1,0
"MT004",2023,12,10,13.09,1.82,3.9
"MT004",2023,12,11,13.55,4.67,0
"MT004",2023,12,12,16.71,9.27,0
"MT004",2023,12,13,17.86,8.76,0
"MT004",2023,12,14,14.28,8.64,12.3
"MT004",2023,12,15,12.41,6.6,0
"MT004",2023,12,16,11.19,7.14,0
"MT004",2023,12,17,12.89,3.55,0
"MT004",2023,12,18,13.74,2.32,0
"MT004",2023,12,19,14.8,2.63,0
"MT004",2023,12,20,13.39,2.29,0
"MT004",2023,12,21,13.79,3.22,0
"MT004",2023,12,22,16.86,5.09,1.7
"MT004",2023,12,23,16.88,4.78,0
"MT004",2023,12,24,14.51,6.39,0
"MT004",2023,12,25,13.15,6.18,0
"MT004",2023,12,26,13.08,7.12,0
"MT004",2023,12,27,14.69,4.31,0
"MT004",2023,12,28,13.28,3.73,0
"MT004",2023,12,29,12.87,6.24,0
"MT004",2023,12,30,13.73,6.5,0
"MT004",2023,12,31,13.28,6.49,0
