"site","year","month","day","tmax","tmin","prec"
"Torrecuso",2003,1,1,10.28,6.74,0
"Torrecuso",2003,1,2,13.22,4.63,0
"Torrecuso",2003,1,3,16.56,11.33,0
"Torrecuso",2003,1,4,15.43,11.64,1.8
"Torrecuso",2003,1,5,10.97,8.61,4.3
"Torrecuso",2003,1,6,10.47,4.52,9.1
"Torrecuso",2003,1,7,9.42,7.68,11
"Torrecuso",2003,1,8,10.31,5.77,11.5
"Torrecuso",2003,1,9,10.04,6.7,17.8
"Torrecuso",2003,1,10,11.51,5.03,0
"Torrecuso",2003,1,11,7.19,4.11,0
"Torrecuso",2003,1,12,3.08,1.26,0
"Torrecuso",2003,1,13,5.47,-0.39,0
"Torrecuso",2003,1,14,9.69,-2.03,0
"Torrecuso",2003,1,15,13.38,1.69,0
"Torrecuso",2003,1,16,11.05,3.37,0
"Torrecuso",2003,1,17,9.84,3.24,4.3
"Torrecuso",2003,1,18,8.34,4.9,7.1
"Torrecuso",2003,1,19,10.43,4.2,0
"Torrecuso",2003,1,20,11.52,2.79,0
"Torrecuso",2003,1,21,10.51,4.61,0
"Torrecuso",2003,1,22,13.57,8.5,0
"Torrecuso",2003,1,23,11.66,5.51,7.2
"Torrecuso",2003,1,24,7.38,5.48,16.6
"Torrecuso",2003,1,25,8.36,4.74,6.3
"Torrecuso",2003,1,26,7.87,4.79,0
"Torrecuso",2003,1,27,7.65,3.91,0
"Torrecuso",2003,1,28,13.8,1.81,0
"Torrecuso",2003,1,29,11.94,6.4,3.4
"Torrecuso",2003,1,30,6.7,3.66,7.8
"Torrecuso",2003,1,31,7.19,1.1,8.8
"Torrecuso",2003,2,1,5.41,1.14,7.3
"Torrecuso",2003,2,2,3.99,0.14,0
"Torrecuso",2003,2,3,6.52,-3.04,1.7
"Torrecuso",2003,2,4,10.21,4.67,8
"Torrecuso",2003,2,5,4.27,1.12,3.3
"Torrecuso",2003,2,6,4.24,-1.42,0
"Torrecuso",2003,2,7,6.98,-1.5,0
"Torrecuso",2003,2,8,8.48,-1.67,0
"Torrecuso",2003,2,9,4.55,0.49,0
"Torrecuso",2003,2,10,6.1,0.21,0
"Torrecuso",2003,2,11,4.26,-0.02,0
"Torrecuso",2003,2,12,4.4,-0.18,0
"Torrecuso",2003,2,13,4.9,-0.91,0
"Torrecuso",2003,2,14,5.22,-0.74,0
"Torrecuso",2003,2,15,6.71,-0.17,0
"Torrecuso",2003,2,16,6.07,0.47,0
"Torrecuso",2003,2,17,5.1,0.95,0
"Torrecuso",2003,2,18,3.29,-0.27,0
"Torrecuso",2003,2,19,4.92,-0.81,0
"Torrecuso",2003,2,20,7.24,-1.66,0
"Torrecuso",2003,2,21,9.46,-0.67,0
"Torrecuso",2003,2,22,9.13,1.79,0
"Torrecuso",2003,2,23,7.08,1.3,0
"Torrecuso",2003,2,24,8.43,0.8,0
"Torrecuso",2003,2,25,10.13,-0.11,0
"Torrecuso",2003,2,26,11.38,-0.52,0
"Torrecuso",2003,2,27,13.14,2.8,0
"Torrecuso",2003,2,28,14.48,4.86,0
"Torrecuso",2003,3,1,13.76,4.18,0
"Torrecuso",2003,3,2,11.47,7.16,6.5
"Torrecuso",2003,3,3,12.02,7.33,7.1
"Torrecuso",2003,3,4,11.67,6.44,0
"Torrecuso",2003,3,5,11.98,3.57,0
"Torrecuso",2003,3,6,12.91,2.87,0
"Torrecuso",2003,3,7,13.15,4.82,0
"Torrecuso",2003,3,8,13.84,4.48,0
"Torrecuso",2003,3,9,14.65,4.46,0
"Torrecuso",2003,3,10,15.89,4.59,0
"Torrecuso",2003,3,11,19.76,6.46,0
"Torrecuso",2003,3,12,15.83,7.14,0
"Torrecuso",2003,3,13,14.37,6.24,0
"Torrecuso",2003,3,14,8.61,4.25,0
"Torrecuso",2003,3,15,7.15,1.92,0
"Torrecuso",2003,3,16,4.39,1.32,5.3
"Torrecuso",2003,3,17,9.28,3.35,0
"Torrecuso",2003,3,18,10.98,1.4,0
"Torrecuso",2003,3,19,9.58,3.73,0
"Torrecuso",2003,3,20,12.37,2.19,0
"Torrecuso",2003,3,21,14.33,5.8,0
"Torrecuso",2003,3,22,10.91,4.79,0
"Torrecuso",2003,3,23,7.75,3.07,0
"Torrecuso",2003,3,24,14.63,2.36,0
"Torrecuso",2003,3,25,17.47,5.9,0
"Torrecuso",2003,3,26,17.37,6.19,0
"Torrecuso",2003,3,27,16.78,7.48,0
"Torrecuso",2003,3,28,18.38,5.78,0
"Torrecuso",2003,3,29,18.25,8.81,0
"Torrecuso",2003,3,30,17.99,8.4,0
"Torrecuso",2003,3,31,16.11,10.04,0
"Torrecuso",2003,4,1,15.1,9.3,0
"Torrecuso",2003,4,2,15.93,5.96,0
"Torrecuso",2003,4,3,17.1,10.1,0
"Torrecuso",2003,4,4,13.15,8.66,0
"Torrecuso",2003,4,5,12.73,6.12,0
"Torrecuso",2003,4,6,14.77,4.15,2.9
"Torrecuso",2003,4,7,4.32,-0.39,0
"Torrecuso",2003,4,8,7.33,-3.1,0
"Torrecuso",2003,4,9,6.96,-1.18,4.5
"Torrecuso",2003,4,10,14.39,3.04,4.2
"Torrecuso",2003,4,11,14.88,6.85,0
"Torrecuso",2003,4,12,15.02,8.77,0
"Torrecuso",2003,4,13,13.98,8.42,0
"Torrecuso",2003,4,14,16.76,6.7,0
"Torrecuso",2003,4,15,16.82,8.1,0
"Torrecuso",2003,4,16,17.61,9.18,0
"Torrecuso",2003,4,17,18.66,11.14,0
"Torrecuso",2003,4,18,16.45,10.85,0
"Torrecuso",2003,4,19,18.91,7.38,0
"Torrecuso",2003,4,20,17.45,9.04,1.6
"Torrecuso",2003,4,21,14.26,10.06,8.7
"Torrecuso",2003,4,22,15.51,8.19,0
"Torrecuso",2003,4,23,18.16,7.29,0
"Torrecuso",2003,4,24,18.33,8.86,0
"Torrecuso",2003,4,25,18.53,9.74,0
"Torrecuso",2003,4,26,18.78,8.63,0
"Torrecuso",2003,4,27,17.34,10.72,0
"Torrecuso",2003,4,28,20.78,11.09,0
"Torrecuso",2003,4,29,24.89,10.91,0
"Torrecuso",2003,4,30,27.22,14.51,0
"Torrecuso",2003,5,1,26.9,17.32,0
"Torrecuso",2003,5,2,28.66,16.57,0
"Torrecuso",2003,5,3,25.62,15.13,0
"Torrecuso",2003,5,4,28.18,15.27,0
"Torrecuso",2003,5,5,27.31,16.58,0
"Torrecuso",2003,5,6,29.1,17.13,0
"Torrecuso",2003,5,7,28.62,18.03,0
"Torrecuso",2003,5,8,28.75,18.34,0
"Torrecuso",2003,5,9,30.27,18.03,0
"Torrecuso",2003,5,10,27.26,18.81,0
"Torrecuso",2003,5,11,26.02,18.76,0
"Torrecuso",2003,5,12,26.56,15.58,0
"Torrecuso",2003,5,13,25.27,15.95,0
"Torrecuso",2003,5,14,23.7,15.23,0
"Torrecuso",2003,5,15,21.09,14.9,0
"Torrecuso",2003,5,16,21.56,13.08,0
"Torrecuso",2003,5,17,22.37,12.96,2.2
"Torrecuso",2003,5,18,20.41,13.43,0
"Torrecuso",2003,5,19,26.09,13.96,0
"Torrecuso",2003,5,20,23.47,15.34,0
"Torrecuso",2003,5,21,18.77,14.19,0
"Torrecuso",2003,5,22,17.21,10.36,0
"Torrecuso",2003,5,23,19.93,12.49,0
"Torrecuso",2003,5,24,23.06,12.49,0
"Torrecuso",2003,5,25,24.05,14.57,0
"Torrecuso",2003,5,26,26.24,15.78,0
"Torrecuso",2003,5,27,24.33,16.06,6.1
"Torrecuso",2003,5,28,24.43,15.42,7.2
"Torrecuso",2003,5,29,25.9,16.19,5
"Torrecuso",2003,5,30,23.92,16.87,0
"Torrecuso",2003,5,31,23.81,17,0
"Torrecuso",2003,6,1,25.27,15.43,0
"Torrecuso",2003,6,2,25.63,16.38,0
"Torrecuso",2003,6,3,25,17.51,6.4
"Torrecuso",2003,6,4,26.08,16.38,0
"Torrecuso",2003,6,5,26.89,16.91,0
"Torrecuso",2003,6,6,28.52,17.83,0
"Torrecuso",2003,6,7,27.52,18.97,0
"Torrecuso",2003,6,8,27.46,19.81,0
"Torrecuso",2003,6,9,29.56,18.8,0
"Torrecuso",2003,6,10,29.35,19.63,0
"Torrecuso",2003,6,11,30.08,20.82,0
"Torrecuso",2003,6,12,31.6,22.13,0
"Torrecuso",2003,6,13,31.38,21.55,0
"Torrecuso",2003,6,14,31.2,22.97,0
"Torrecuso",2003,6,15,30.47,22.21,0
"Torrecuso",2003,6,16,29.72,21.82,0
"Torrecuso",2003,6,17,29.36,20.45,0
"Torrecuso",2003,6,18,28.25,20.12,0
"Torrecuso",2003,6,19,26.18,18.44,0
"Torrecuso",2003,6,20,27.04,19.07,0
"Torrecuso",2003,6,21,29.85,18.87,0
"Torrecuso",2003,6,22,29.98,20.75,0
"Torrecuso",2003,6,23,31.45,20.97,0
"Torrecuso",2003,6,24,31.88,21.17,0
"Torrecuso",2003,6,25,31.53,21.88,0
"Torrecuso",2003,6,26,31.29,22.09,0
"Torrecuso",2003,6,27,31.38,20.72,0
"Torrecuso",2003,6,28,31.03,19.93,0
"Torrecuso",2003,6,29,29.87,21.36,0
"Torrecuso",2003,6,30,32.17,21.03,0
"Torrecuso",2003,7,1,30.89,22.48,0
"Torrecuso",2003,7,2,29.07,22.5,0
"Torrecuso",2003,7,3,28.28,19.8,0
"Torrecuso",2003,7,4,29.6,20.72,0
"Torrecuso",2003,7,5,26.93,18,0
"Torrecuso",2003,7,6,28.46,18.12,0
"Torrecuso",2003,7,7,29.56,18.49,0
"Torrecuso",2003,7,8,28.57,19.16,0
"Torrecuso",2003,7,9,29.08,18.94,0
"Torrecuso",2003,7,10,28.41,19.1,3.4
"Torrecuso",2003,7,11,29.25,20.71,0
"Torrecuso",2003,7,12,29.99,19.89,0
"Torrecuso",2003,7,13,29.97,21.1,0
"Torrecuso",2003,7,14,29.11,20.49,0
"Torrecuso",2003,7,15,29.86,20.7,0
"Torrecuso",2003,7,16,33.02,21.4,0
"Torrecuso",2003,7,17,33.72,23.25,0
"Torrecuso",2003,7,18,31.16,23.19,0
"Torrecuso",2003,7,19,30.25,21.6,0
"Torrecuso",2003,7,20,29.4,20.68,0
"Torrecuso",2003,7,21,32.76,21.21,0
"Torrecuso",2003,7,22,33.95,22.39,0
"Torrecuso",2003,7,23,32.65,23.81,0
"Torrecuso",2003,7,24,34.15,23.02,0
"Torrecuso",2003,7,25,31.4,22.17,0
"Torrecuso",2003,7,26,30.93,21.26,0
"Torrecuso",2003,7,27,31.56,21.66,0
"Torrecuso",2003,7,28,34.12,23.52,0
"Torrecuso",2003,7,29,31.43,23.28,0
"Torrecuso",2003,7,30,29.39,20.28,0
"Torrecuso",2003,7,31,28.08,20.23,8.1
"Torrecuso",2003,8,1,22.72,16.26,0
"Torrecuso",2003,8,2,27.33,19.96,0
"Torrecuso",2003,8,3,30,20.74,0
"Torrecuso",2003,8,4,31.93,21.06,0
"Torrecuso",2003,8,5,32.23,22.59,0
"Torrecuso",2003,8,6,33.57,23.33,0
"Torrecuso",2003,8,7,32.8,22.34,0
"Torrecuso",2003,8,8,30.87,22.69,0
"Torrecuso",2003,8,9,31.32,21.44,0
"Torrecuso",2003,8,10,32.46,20.96,0
"Torrecuso",2003,8,11,33.14,22.23,0
"Torrecuso",2003,8,12,32.94,24.51,0
"Torrecuso",2003,8,13,32.41,23.57,0
"Torrecuso",2003,8,14,33.14,23.71,0
"Torrecuso",2003,8,15,32.58,23.38,0
"Torrecuso",2003,8,16,32.66,22.15,0
"Torrecuso",2003,8,17,33.46,23.08,0
"Torrecuso",2003,8,18,36.82,23.98,0
"Torrecuso",2003,8,19,33.11,23.67,0
"Torrecuso",2003,8,20,33.04,22.7,0
"Torrecuso",2003,8,21,31.92,22.14,0
"Torrecuso",2003,8,22,32.27,22.54,0
"Torrecuso",2003,8,23,31.54,22.01,0
"Torrecuso",2003,8,24,30.94,21.69,0
"Torrecuso",2003,8,25,30.72,21.39,7.1
"Torrecuso",2003,8,26,25.86,19.13,2.9
"Torrecuso",2003,8,27,28.86,18.15,0
"Torrecuso",2003,8,28,30.12,20.92,0
"Torrecuso",2003,8,29,32.06,22.1,0
"Torrecuso",2003,8,30,30.49,24.73,0
"Torrecuso",2003,8,31,28.38,20.61,0
"Torrecuso",2003,9,1,28.67,20.72,0
"Torrecuso",2003,9,2,26.8,20,0
"Torrecuso",2003,9,3,22.58,17.19,0
"Torrecuso",2003,9,4,21.74,14.34,0
"Torrecuso",2003,9,5,24.59,13.65,0
"Torrecuso",2003,9,6,25.29,15.41,0
"Torrecuso",2003,9,7,26.35,16.66,0
"Torrecuso",2003,9,8,21.19,17.23,7.8
"Torrecuso",2003,9,9,24.73,16.26,5.3
"Torrecuso",2003,9,10,21.15,15.19,9.7
"Torrecuso",2003,9,11,25.14,14.73,0
"Torrecuso",2003,9,12,22.56,15.52,0
"Torrecuso",2003,9,13,19.31,13.54,0
"Torrecuso",2003,9,14,19.69,13.76,0
"Torrecuso",2003,9,15,20.2,14.29,0
"Torrecuso",2003,9,16,21.31,14.06,0
"Torrecuso",2003,9,17,23.39,13.18,0
"Torrecuso",2003,9,18,24.41,15.34,0
"Torrecuso",2003,9,19,25.63,15.35,0
"Torrecuso",2003,9,20,26.16,15.18,0
"Torrecuso",2003,9,21,26.63,17.07,0
"Torrecuso",2003,9,22,25.68,16.33,0
"Torrecuso",2003,9,23,24.97,14.71,0
"Torrecuso",2003,9,24,24.68,15.91,0
"Torrecuso",2003,9,25,21.12,15.58,0
"Torrecuso",2003,9,26,22.42,12.82,0
"Torrecuso",2003,9,27,22.95,12.7,0
"Torrecuso",2003,9,28,18.67,14.36,8.9
"Torrecuso",2003,9,29,22.59,16.49,2.8
"Torrecuso",2003,9,30,23.57,15.21,0
"Torrecuso",2003,10,1,26.55,14.72,0
"Torrecuso",2003,10,2,27.55,17.09,0
"Torrecuso",2003,10,3,28.14,17.92,0
"Torrecuso",2003,10,4,24.84,19.02,0
"Torrecuso",2003,10,5,21.83,16.22,6.7
"Torrecuso",2003,10,6,19.14,12.07,0
"Torrecuso",2003,10,7,19.65,12.19,0
"Torrecuso",2003,10,8,18.61,14.68,4.3
"Torrecuso",2003,10,9,19.25,7.57,0
"Torrecuso",2003,10,10,22.33,10.67,0
"Torrecuso",2003,10,11,22.95,12.3,0
"Torrecuso",2003,10,12,22.45,11.97,0
"Torrecuso",2003,10,13,22.62,12.58,0
"Torrecuso",2003,10,14,21.34,12.36,0
"Torrecuso",2003,10,15,15.2,13.61,15.1
"Torrecuso",2003,10,16,14.69,9.99,0
"Torrecuso",2003,10,17,11.85,8.43,6.6
"Torrecuso",2003,10,18,11.79,7.64,20.3
"Torrecuso",2003,10,19,13.72,9.46,3.9
"Torrecuso",2003,10,20,18.61,11.93,2.4
"Torrecuso",2003,10,21,19.68,16.96,0
"Torrecuso",2003,10,22,20.31,16.56,11.3
"Torrecuso",2003,10,23,17.31,12.87,7.7
"Torrecuso",2003,10,24,14.93,11.39,0
"Torrecuso",2003,10,25,15.13,8.22,0
"Torrecuso",2003,10,26,14.76,8.25,4
"Torrecuso",2003,10,27,17.55,11.86,0
"Torrecuso",2003,10,28,14.18,7.15,1.4
"Torrecuso",2003,10,29,18.31,8.87,4.8
"Torrecuso",2003,10,30,15.53,11.75,2.8
"Torrecuso",2003,10,31,17.02,9.01,0
"Torrecuso",2003,11,1,21.24,14.7,1.8
"Torrecuso",2003,11,2,18.69,14.21,0
"Torrecuso",2003,11,3,18.1,10.26,0
"Torrecuso",2003,11,4,16.51,9.33,0
"Torrecuso",2003,11,5,15.96,10.68,0
"Torrecuso",2003,11,6,13.57,7.94,0
"Torrecuso",2003,11,7,13.08,8.14,0
"Torrecuso",2003,11,8,18.48,8.44,0
"Torrecuso",2003,11,9,17.69,10.43,0
"Torrecuso",2003,11,10,13.39,8.63,0
"Torrecuso",2003,11,11,12.17,7.65,0
"Torrecuso",2003,11,12,13.26,7.28,0
"Torrecuso",2003,11,13,11.43,8.31,5.2
"Torrecuso",2003,11,14,15.38,8.74,0
"Torrecuso",2003,11,15,15.16,8.88,0
"Torrecuso",2003,11,16,17.17,7.71,0
"Torrecuso",2003,11,17,17.85,11.52,0
"Torrecuso",2003,11,18,18.69,10.79,0
"Torrecuso",2003,11,19,16.75,8.36,0
"Torrecuso",2003,11,20,14.76,8.86,0
"Torrecuso",2003,11,21,13.36,9.92,0
"Torrecuso",2003,11,22,15.32,8.98,0
"Torrecuso",2003,11,23,17.57,8.77,0
"Torrecuso",2003,11,24,18.27,9.92,0
"Torrecuso",2003,11,25,19.61,11.35,2.9
"Torrecuso",2003,11,26,16.67,13.48,6.6
"Torrecuso",2003,11,27,15.26,11.05,6.1
"Torrecuso",2003,11,28,11.26,8.06,4.8
"Torrecuso",2003,11,29,11.32,5.75,3.1
"Torrecuso",2003,11,30,12.62,4.26,0
"Torrecuso",2003,12,1,15.11,4.46,0
"Torrecuso",2003,12,2,16.34,5.88,0
"Torrecuso",2003,12,3,16.08,6.92,0
"Torrecuso",2003,12,4,17.59,8.96,0
"Torrecuso",2003,12,5,16.09,8.54,0
"Torrecuso",2003,12,6,15.17,8.63,0
"Torrecuso",2003,12,7,10.69,5.84,4.1
"Torrecuso",2003,12,8,3.53,0.26,7.2
"Torrecuso",2003,12,9,4.18,1.1,6.6
"Torrecuso",2003,12,10,11.46,2.73,4.8
"Torrecuso",2003,12,11,11.56,6.03,4
"Torrecuso",2003,12,12,11.21,9.66,5.8
"Torrecuso",2003,12,13,12.47,9.49,0
"Torrecuso",2003,12,14,12.45,3.94,0
"Torrecuso",2003,12,15,10.4,6.08,0
"Torrecuso",2003,12,16,4.63,0.43,0
"Torrecuso",2003,12,17,5.05,-0.87,0
"Torrecuso",2003,12,18,9.88,-0.18,0
"Torrecuso",2003,12,19,10.44,2.04,0
"Torrecuso",2003,12,20,10.95,2.99,0
"Torrecuso",2003,12,21,11.53,1.99,7.4
"Torrecuso",2003,12,22,11.16,8.62,4.5
"Torrecuso",2003,12,23,5,1.48,0
"Torrecuso",2003,12,24,3.58,1.46,0
"Torrecuso",2003,12,25,5.4,0.27,0
"Torrecuso",2003,12,26,7.49,0.14,0
"Torrecuso",2003,12,27,9.46,1.81,0
"Torrecuso",2003,12,28,11.5,5.69,0
"Torrecuso",2003,12,29,12.23,6.65,7.5
"Torrecuso",2003,12,30,9.77,7.88,10.4
"Torrecuso",2003,12,31,8.32,5.19,6.1
"Torrecuso",2004,1,1,8.55,4.79,0
"Torrecuso",2004,1,2,8.83,2.27,0
"Torrecuso",2004,1,3,8.03,4.42,0
"Torrecuso",2004,1,4,6.78,1.58,0
"Torrecuso",2004,1,5,8.93,1.24,0
"Torrecuso",2004,1,6,7.53,0.7,0
"Torrecuso",2004,1,7,9.19,0.21,0
"Torrecuso",2004,1,8,7.12,2.49,0
"Torrecuso",2004,1,9,8.75,4.4,4.7
"Torrecuso",2004,1,10,10.33,3.7,0
"Torrecuso",2004,1,11,10.58,2.8,0
"Torrecuso",2004,1,12,12.13,4.44,0
"Torrecuso",2004,1,13,14.52,11.14,0
"Torrecuso",2004,1,14,15.54,12.01,0
"Torrecuso",2004,1,15,12.43,9.65,0
"Torrecuso",2004,1,16,10.16,1.78,0
"Torrecuso",2004,1,17,11.21,6.61,1
"Torrecuso",2004,1,18,12.94,9.31,11.2
"Torrecuso",2004,1,19,11.29,7.06,11.6
"Torrecuso",2004,1,20,10.04,5.41,5.3
"Torrecuso",2004,1,21,7.43,3.9,2.1
"Torrecuso",2004,1,22,1.96,-0.69,0
"Torrecuso",2004,1,23,1.74,-3.82,0
"Torrecuso",2004,1,24,2.16,-4.11,0
"Torrecuso",2004,1,25,5,-4.17,0
"Torrecuso",2004,1,26,6.29,-1.43,3.1
"Torrecuso",2004,1,27,11.41,4.06,12.7
"Torrecuso",2004,1,28,8.12,6.49,7
"Torrecuso",2004,1,29,7.04,1.25,7.3
"Torrecuso",2004,1,30,5.35,-0.33,0
"Torrecuso",2004,1,31,9.99,-1.55,0
"Torrecuso",2004,2,1,9,0.51,0
"Torrecuso",2004,2,2,11.45,1.48,0
"Torrecuso",2004,2,3,13.3,3.28,0
"Torrecuso",2004,2,4,15.31,5.51,0
"Torrecuso",2004,2,5,12.27,7.11,0
"Torrecuso",2004,2,6,10.71,5.66,0
"Torrecuso",2004,2,7,12.32,6.96,0
"Torrecuso",2004,2,8,13.13,7.8,0
"Torrecuso",2004,2,9,14.05,3.71,0
"Torrecuso",2004,2,10,10.58,3.01,0
"Torrecuso",2004,2,11,8.49,1.21,2.2
"Torrecuso",2004,2,12,5.13,0.15,0
"Torrecuso",2004,2,13,5.54,-1.64,0
"Torrecuso",2004,2,14,9.67,0.37,0
"Torrecuso",2004,2,15,10.86,4.21,0
"Torrecuso",2004,2,16,11.27,4.38,0
"Torrecuso",2004,2,17,8.19,3.07,0
"Torrecuso",2004,2,18,10.74,0.23,0
"Torrecuso",2004,2,19,11.49,3.77,15
"Torrecuso",2004,2,20,17.16,8.94,0
"Torrecuso",2004,2,21,14.39,9.17,2.2
"Torrecuso",2004,2,22,12.49,10.43,3.3
"Torrecuso",2004,2,23,12.8,9.39,5.1
"Torrecuso",2004,2,24,10.91,6.96,0
"Torrecuso",2004,2,25,10.08,2.13,2.7
"Torrecuso",2004,2,26,13.48,6.71,4.6
"Torrecuso",2004,2,27,11.13,7.3,4.1
"Torrecuso",2004,2,28,8.78,3.52,9.8
"Torrecuso",2004,2,29,7.48,1.76,9.1
"Torrecuso",2004,3,1,8.41,1.32,6.9
"Torrecuso",2004,3,2,3.99,1.03,0
"Torrecuso",2004,3,3,7.67,-1.09,0
"Torrecuso",2004,3,4,9.61,1.89,0
"Torrecuso",2004,3,5,9.77,0.26,0
"Torrecuso",2004,3,6,10.28,0.44,0
"Torrecuso",2004,3,7,8.9,4.01,12.8
"Torrecuso",2004,3,8,8.35,5.29,2.1
"Torrecuso",2004,3,9,5.79,1.18,0
"Torrecuso",2004,3,10,10.64,0.5,0
"Torrecuso",2004,3,11,8.59,5.28,3.3
"Torrecuso",2004,3,12,11.15,3.06,0
"Torrecuso",2004,3,13,15.22,3.75,0
"Torrecuso",2004,3,14,16.97,6.58,0
"Torrecuso",2004,3,15,16.03,7.21,0
"Torrecuso",2004,3,16,16.6,6.75,0
"Torrecuso",2004,3,17,18.1,8.67,0
"Torrecuso",2004,3,18,18.33,8.87,0
"Torrecuso",2004,3,19,18.39,9.9,0
"Torrecuso",2004,3,20,15.57,8.71,0
"Torrecuso",2004,3,21,13.99,8.82,0
"Torrecuso",2004,3,22,14.61,9.99,0
"Torrecuso",2004,3,23,11.66,8.73,9.1
"Torrecuso",2004,3,24,9.82,4.85,6.8
"Torrecuso",2004,3,25,13.04,6.13,0
"Torrecuso",2004,3,26,14.17,5.77,0
"Torrecuso",2004,3,27,13.29,4.23,0
"Torrecuso",2004,3,28,13.66,4.9,0
"Torrecuso",2004,3,29,14.54,6.68,0
"Torrecuso",2004,3,30,15.14,9.29,0
"Torrecuso",2004,3,31,16.65,9.07,0.3
"Torrecuso",2004,4,1,14.58,10.44,12.1
"Torrecuso",2004,4,2,18.67,8.27,0
"Torrecuso",2004,4,3,17.31,9.36,0
"Torrecuso",2004,4,4,17.93,9.33,0
"Torrecuso",2004,4,5,16.2,9.28,0
"Torrecuso",2004,4,6,16.01,9.98,0
"Torrecuso",2004,4,7,14.33,8.27,0
"Torrecuso",2004,4,8,16.31,7.7,0
"Torrecuso",2004,4,9,16.78,8.71,8.9
"Torrecuso",2004,4,10,16.85,10.84,12.7
"Torrecuso",2004,4,11,15.02,10,3.7
"Torrecuso",2004,4,12,13.71,9.4,2.8
"Torrecuso",2004,4,13,12.43,7.51,7.9
"Torrecuso",2004,4,14,12.64,6.82,2
"Torrecuso",2004,4,15,16.73,6.41,0
"Torrecuso",2004,4,16,13.03,10.49,6.2
"Torrecuso",2004,4,17,14.04,10.88,17.6
"Torrecuso",2004,4,18,14.93,10.57,1.4
"Torrecuso",2004,4,19,14.85,9.15,9
"Torrecuso",2004,4,20,12.34,6.62,4.5
"Torrecuso",2004,4,21,16.69,8.26,0
"Torrecuso",2004,4,22,18.71,8.87,0
"Torrecuso",2004,4,23,19.47,10.03,0
"Torrecuso",2004,4,24,19.8,11.04,0
"Torrecuso",2004,4,25,13.24,8.91,2.8
"Torrecuso",2004,4,26,13.97,10.03,0
"Torrecuso",2004,4,27,18.73,10.4,9.2
"Torrecuso",2004,4,28,18.95,10.41,0
"Torrecuso",2004,4,29,19.88,10.52,2
"Torrecuso",2004,4,30,17.4,11.24,0
"Torrecuso",2004,5,1,19,11.98,0
"Torrecuso",2004,5,2,19.22,11,0
"Torrecuso",2004,5,3,23.28,11.06,7.3
"Torrecuso",2004,5,4,19.58,11.71,4.4
"Torrecuso",2004,5,5,16.08,11.37,7.3
"Torrecuso",2004,5,6,14.35,9.68,8.2
"Torrecuso",2004,5,7,14.26,7.69,3.3
"Torrecuso",2004,5,8,14.26,8.19,0
"Torrecuso",2004,5,9,15.25,8.08,0
"Torrecuso",2004,5,10,17.22,8.8,0
"Torrecuso",2004,5,11,18.8,8.54,0
"Torrecuso",2004,5,12,21.22,11.01,2.9
"Torrecuso",2004,5,13,15.63,10.68,8.2
"Torrecuso",2004,5,14,17.37,11.34,6.4
"Torrecuso",2004,5,15,19.4,10.42,0
"Torrecuso",2004,5,16,18.65,10.23,3.1
"Torrecuso",2004,5,17,16.97,9.69,0
"Torrecuso",2004,5,18,19.09,10.15,0
"Torrecuso",2004,5,19,21.76,9.96,0
"Torrecuso",2004,5,20,22.36,12.4,0
"Torrecuso",2004,5,21,22.19,12.51,0
"Torrecuso",2004,5,22,20.1,13.53,0
"Torrecuso",2004,5,23,16.8,13.64,8.2
"Torrecuso",2004,5,24,17.21,10.4,0
"Torrecuso",2004,5,25,19.47,8.91,0
"Torrecuso",2004,5,26,21.85,9.91,0
"Torrecuso",2004,5,27,22.87,12.69,0
"Torrecuso",2004,5,28,23.17,13,8.5
"Torrecuso",2004,5,29,18.34,12.9,7.7
"Torrecuso",2004,5,30,19.87,11.94,0
"Torrecuso",2004,5,31,22.01,12.4,0
"Torrecuso",2004,6,1,19.14,13.8,0
"Torrecuso",2004,6,2,21,14.02,0
"Torrecuso",2004,6,3,19.14,13.87,12.3
"Torrecuso",2004,6,4,16.79,12.6,4.8
"Torrecuso",2004,6,5,19.44,13.57,6
"Torrecuso",2004,6,6,19.98,14.01,8.1
"Torrecuso",2004,6,7,22.63,12.67,0
"Torrecuso",2004,6,8,24.14,14.75,0
"Torrecuso",2004,6,9,25.91,16.56,0
"Torrecuso",2004,6,10,27.88,16.63,0
"Torrecuso",2004,6,11,29.79,18.6,0
"Torrecuso",2004,6,12,27.47,18.02,0
"Torrecuso",2004,6,13,26.53,17.51,0
"Torrecuso",2004,6,14,22.81,16.41,0
"Torrecuso",2004,6,15,23.91,16.37,0
"Torrecuso",2004,6,16,23.74,15.28,0
"Torrecuso",2004,6,17,20.18,16.92,3.1
"Torrecuso",2004,6,18,25.65,15.53,0
"Torrecuso",2004,6,19,24.08,17.01,0
"Torrecuso",2004,6,20,24.37,16.86,0
"Torrecuso",2004,6,21,24,15.78,0
"Torrecuso",2004,6,22,25.53,15.62,0
"Torrecuso",2004,6,23,27.46,16.84,0
"Torrecuso",2004,6,24,27.2,18.41,0
"Torrecuso",2004,6,25,26.38,18.4,0
"Torrecuso",2004,6,26,28.34,18.49,0
"Torrecuso",2004,6,27,27.43,18.86,0
"Torrecuso",2004,6,28,29.92,20.38,0
"Torrecuso",2004,6,29,29.57,20.94,0
"Torrecuso",2004,6,30,29.41,20.33,0
"Torrecuso",2004,7,1,29.15,20.49,0
"Torrecuso",2004,7,2,27.77,20.27,0
"Torrecuso",2004,7,3,29.24,20.67,0
"Torrecuso",2004,7,4,28.23,19.35,0
"Torrecuso",2004,7,5,30.22,20.21,0
"Torrecuso",2004,7,6,32.19,21.36,0
"Torrecuso",2004,7,7,32.84,22.1,0
"Torrecuso",2004,7,8,35.05,23.18,0
"Torrecuso",2004,7,9,31.98,22.95,0
"Torrecuso",2004,7,10,27.62,19,0
"Torrecuso",2004,7,11,26.75,17.85,0
"Torrecuso",2004,7,12,24.41,17.34,0
"Torrecuso",2004,7,13,22.78,14.76,0
"Torrecuso",2004,7,14,24.61,15.98,0
"Torrecuso",2004,7,15,25.8,14.89,0
"Torrecuso",2004,7,16,28.94,18.13,0
"Torrecuso",2004,7,17,29.22,19.47,0
"Torrecuso",2004,7,18,30.52,20.02,0
"Torrecuso",2004,7,19,31.06,19.87,0
"Torrecuso",2004,7,20,31.54,21.52,0
"Torrecuso",2004,7,21,32.95,21.12,0
"Torrecuso",2004,7,22,32.18,21.98,0
"Torrecuso",2004,7,23,32.38,22.94,0
"Torrecuso",2004,7,24,31.55,23.25,0
"Torrecuso",2004,7,25,28.72,21.72,2
"Torrecuso",2004,7,26,26.61,20.07,4.6
"Torrecuso",2004,7,27,26.97,18.15,2.8
"Torrecuso",2004,7,28,25.95,18.38,0
"Torrecuso",2004,7,29,26.3,16.84,0
"Torrecuso",2004,7,30,27.38,18.27,0
"Torrecuso",2004,7,31,27.69,19.21,0
"Torrecuso",2004,8,1,30.59,19.48,0
"Torrecuso",2004,8,2,29.27,20.48,0
"Torrecuso",2004,8,3,27.69,19.76,0
"Torrecuso",2004,8,4,29.19,20.01,0
"Torrecuso",2004,8,5,29.29,18.85,0
"Torrecuso",2004,8,6,25.79,18.61,0
"Torrecuso",2004,8,7,27.25,19.14,0
"Torrecuso",2004,8,8,27.58,20.02,0
"Torrecuso",2004,8,9,29.6,19.45,0
"Torrecuso",2004,8,10,30.34,20.78,0
"Torrecuso",2004,8,11,31.59,20.83,0
"Torrecuso",2004,8,12,30.32,21.57,0
"Torrecuso",2004,8,13,28.54,21.91,0
"Torrecuso",2004,8,14,28.21,19.69,0
"Torrecuso",2004,8,15,28.61,19.68,0
"Torrecuso",2004,8,16,27.43,18.68,0
"Torrecuso",2004,8,17,29.18,18.66,0
"Torrecuso",2004,8,18,29.87,18.47,0
"Torrecuso",2004,8,19,32.26,20.3,0
"Torrecuso",2004,8,20,32.26,21.97,0
"Torrecuso",2004,8,21,28.93,21.25,0
"Torrecuso",2004,8,22,27.34,17.34,0
"Torrecuso",2004,8,23,29.13,18.36,0
"Torrecuso",2004,8,24,30.09,18.44,0
"Torrecuso",2004,8,25,30.68,20.39,0
"Torrecuso",2004,8,26,26.93,20.65,0
"Torrecuso",2004,8,27,25.64,15.91,0
"Torrecuso",2004,8,28,27.63,17.01,0
"Torrecuso",2004,8,29,27.98,18,0
"Torrecuso",2004,8,30,28.77,16.75,0
"Torrecuso",2004,8,31,28.54,18.69,0
"Torrecuso",2004,9,1,28.45,18.26,0
"Torrecuso",2004,9,2,28.45,18.34,0
"Torrecuso",2004,9,3,29.48,18.65,0
"Torrecuso",2004,9,4,28.46,19.52,0
"Torrecuso",2004,9,5,26.75,18.61,0
"Torrecuso",2004,9,6,25.56,17.86,0
"Torrecuso",2004,9,7,26.04,18.14,0
"Torrecuso",2004,9,8,25.25,15.49,0
"Torrecuso",2004,9,9,25.46,15.94,0
"Torrecuso",2004,9,10,23.47,15.92,0
"Torrecuso",2004,9,11,24.91,14,0
"Torrecuso",2004,9,12,26.18,17.24,0
"Torrecuso",2004,9,13,26.92,18.41,0
"Torrecuso",2004,9,14,27.46,18.69,0
"Torrecuso",2004,9,15,28.93,18.68,0
"Torrecuso",2004,9,16,24.41,18.65,21.3
"Torrecuso",2004,9,17,21.7,16.96,7.3
"Torrecuso",2004,9,18,21.89,16.25,0
"Torrecuso",2004,9,19,23.04,16.26,0
"Torrecuso",2004,9,20,25.73,16.77,0
"Torrecuso",2004,9,21,25.74,16.42,0
"Torrecuso",2004,9,22,25.43,16.01,0
"Torrecuso",2004,9,23,26.31,16.52,0
"Torrecuso",2004,9,24,25.19,17.07,0
"Torrecuso",2004,9,25,17.95,14.3,9.9
"Torrecuso",2004,9,26,16.18,10.73,5.1
"Torrecuso",2004,9,27,16.28,11.65,0
"Torrecuso",2004,9,28,19.67,11.71,0
"Torrecuso",2004,9,29,20.79,11.61,0
"Torrecuso",2004,9,30,22.06,12.79,0
"Torrecuso",2004,10,1,23.22,13.94,0
"Torrecuso",2004,10,2,23.12,14.9,0
"Torrecuso",2004,10,3,23.48,13.87,0
"Torrecuso",2004,10,4,24.09,15.22,0
"Torrecuso",2004,10,5,24.41,15.34,0
"Torrecuso",2004,10,6,24.42,14.94,0
"Torrecuso",2004,10,7,23.96,15.25,0
"Torrecuso",2004,10,8,23.66,15.35,0
"Torrecuso",2004,10,9,24.77,15.62,0
"Torrecuso",2004,10,10,23.36,16.87,7.4
"Torrecuso",2004,10,11,22.08,15.57,10.1
"Torrecuso",2004,10,12,21.3,13.67,8.6
"Torrecuso",2004,10,13,16.67,12.68,11.1
"Torrecuso",2004,10,14,18.7,10.72,5.2
"Torrecuso",2004,10,15,20.52,14.02,17.7
"Torrecuso",2004,10,16,17.63,12.97,5.2
"Torrecuso",2004,10,17,18.53,12.9,3.9
"Torrecuso",2004,10,18,20.59,12.06,0
"Torrecuso",2004,10,19,21.15,14.26,0
"Torrecuso",2004,10,20,24.71,15.32,0
"Torrecuso",2004,10,21,24.94,16.49,0
"Torrecuso",2004,10,22,25.12,16.51,0
"Torrecuso",2004,10,23,24.41,16.46,0
"Torrecuso",2004,10,24,22.13,14.91,0
"Torrecuso",2004,10,25,24.52,13.75,0
"Torrecuso",2004,10,26,23.92,14.37,0
"Torrecuso",2004,10,27,20.42,15.2,0
"Torrecuso",2004,10,28,20.45,13.52,0
"Torrecuso",2004,10,29,22.84,14.1,0
"Torrecuso",2004,10,30,22.89,16.9,0
"Torrecuso",2004,10,31,24.54,17.76,0
"Torrecuso",2004,11,1,27.64,18.99,0
"Torrecuso",2004,11,2,24.07,17.86,0
"Torrecuso",2004,11,3,21.09,14.8,0
"Torrecuso",2004,11,4,21.11,14.54,0
"Torrecuso",2004,11,5,20.38,13.07,0
"Torrecuso",2004,11,6,19.17,12.31,0
"Torrecuso",2004,11,7,14.05,12.34,21.8
"Torrecuso",2004,11,8,9.58,6.54,7.3
"Torrecuso",2004,11,9,11.37,3.65,8.4
"Torrecuso",2004,11,10,12.45,7.8,17.2
"Torrecuso",2004,11,11,13.36,8.86,4.7
"Torrecuso",2004,11,12,15.8,11.43,12.2
"Torrecuso",2004,11,13,15.95,12.66,7.7
"Torrecuso",2004,11,14,12.64,9.12,12.1
"Torrecuso",2004,11,15,8.97,7.58,0
"Torrecuso",2004,11,16,8.27,5.3,0
"Torrecuso",2004,11,17,12.65,3.62,0
"Torrecuso",2004,11,18,14.14,5.2,0
"Torrecuso",2004,11,19,14.03,10.41,2.6
"Torrecuso",2004,11,20,9.7,5.42,0
"Torrecuso",2004,11,21,8.85,1.66,0
"Torrecuso",2004,11,22,11.11,0.95,0
"Torrecuso",2004,11,23,12.07,7.5,0
"Torrecuso",2004,11,24,12.94,8.88,0
"Torrecuso",2004,11,25,9.52,4.02,0
"Torrecuso",2004,11,26,12.75,2.29,0
"Torrecuso",2004,11,27,11.46,8.17,13.9
"Torrecuso",2004,11,28,13.63,7.12,0
"Torrecuso",2004,11,29,14.47,7.35,0
"Torrecuso",2004,11,30,14.71,11.59,7.5
"Torrecuso",2004,12,1,14.95,11.02,5.5
"Torrecuso",2004,12,2,19.81,12.89,0
"Torrecuso",2004,12,3,18.7,11.71,0
"Torrecuso",2004,12,4,15.66,11.78,0
"Torrecuso",2004,12,5,15.12,10.77,0
"Torrecuso",2004,12,6,17.5,11.1,0
"Torrecuso",2004,12,7,14.54,10.58,0
"Torrecuso",2004,12,8,12.55,10.88,4.3
"Torrecuso",2004,12,9,14.33,11.37,8.7
"Torrecuso",2004,12,10,10.78,9.7,1.9
"Torrecuso",2004,12,11,11.67,8.42,0
"Torrecuso",2004,12,12,13.16,7.42,0
"Torrecuso",2004,12,13,14.47,6.52,0
"Torrecuso",2004,12,14,13.73,6.51,0
"Torrecuso",2004,12,15,13.04,5.29,0
"Torrecuso",2004,12,16,14.06,6.26,7.5
"Torrecuso",2004,12,17,12.4,9.42,9.9
"Torrecuso",2004,12,18,10.56,8.1,5.7
"Torrecuso",2004,12,19,9.92,2.58,4.3
"Torrecuso",2004,12,20,8.94,5.92,6.7
"Torrecuso",2004,12,21,6.53,3.62,0
"Torrecuso",2004,12,22,6.7,1.93,0
"Torrecuso",2004,12,23,8.83,0.58,0
"Torrecuso",2004,12,24,10.9,1.69,0
"Torrecuso",2004,12,25,10.96,7.66,7.3
"Torrecuso",2004,12,26,13.13,9.4,16.6
"Torrecuso",2004,12,27,10.52,6.07,12.3
"Torrecuso",2004,12,28,8.71,4.31,8
"Torrecuso",2004,12,29,8.43,4.06,4.5
"Torrecuso",2004,12,30,7.72,5.28,0
"Torrecuso",2004,12,31,8.2,3.96,0
"Torrecuso",2005,1,1,10.07,3.26,0
"Torrecuso",2005,1,2,10.86,2.54,0
"Torrecuso",2005,1,3,9.26,3.15,0
"Torrecuso",2005,1,4,11.12,2.7,0
"Torrecuso",2005,1,5,12.67,3.8,0
"Torrecuso",2005,1,6,12.07,5.3,0
"Torrecuso",2005,1,7,12.92,5.42,0
"Torrecuso",2005,1,8,15.58,4.67,0
"Torrecuso",2005,1,9,12.75,5.7,0
"Torrecuso",2005,1,10,13.62,4.81,0
"Torrecuso",2005,1,11,9.52,3.52,0
"Torrecuso",2005,1,12,9.77,4.52,0
"Torrecuso",2005,1,13,10.84,5.27,0
"Torrecuso",2005,1,14,10.9,4.2,0
"Torrecuso",2005,1,15,6.39,2.31,0
"Torrecuso",2005,1,16,6.02,1.56,0
"Torrecuso",2005,1,17,7.91,1.26,0
"Torrecuso",2005,1,18,8.54,-0.27,0
"Torrecuso",2005,1,19,7.6,5.08,11.8
"Torrecuso",2005,1,20,10.04,5.34,1.9
"Torrecuso",2005,1,21,11.8,3.8,0
"Torrecuso",2005,1,22,12.37,5.77,0
"Torrecuso",2005,1,23,9.37,1.85,7.2
"Torrecuso",2005,1,24,5.93,3.7,10.7
"Torrecuso",2005,1,25,3.86,2.6,10.5
"Torrecuso",2005,1,26,1.89,0.89,6.2
"Torrecuso",2005,1,27,2.69,-1.07,5.4
"Torrecuso",2005,1,28,3.21,-1.08,7.9
"Torrecuso",2005,1,29,2.79,-1.83,6.7
"Torrecuso",2005,1,30,2.04,0.11,5.6
"Torrecuso",2005,1,31,4.7,-0.37,0
"Torrecuso",2005,2,1,6.76,-1.07,0
"Torrecuso",2005,2,2,4.97,1.37,0
"Torrecuso",2005,2,3,8.34,-0.89,0
"Torrecuso",2005,2,4,5.29,0.38,0
"Torrecuso",2005,2,5,3.24,-1.22,0
"Torrecuso",2005,2,6,5.58,-1.98,0
"Torrecuso",2005,2,7,7.31,-0.5,0
"Torrecuso",2005,2,8,7.19,0.49,0
"Torrecuso",2005,2,9,5.57,2.07,0
"Torrecuso",2005,2,10,8.17,0.37,0
"Torrecuso",2005,2,11,10.94,-0.04,0
"Torrecuso",2005,2,12,10.54,3.73,1
"Torrecuso",2005,2,13,13.35,7.87,1.6
"Torrecuso",2005,2,14,8.54,7.09,11.9
"Torrecuso",2005,2,15,6.12,1.51,4.7
"Torrecuso",2005,2,16,3.77,0.44,0
"Torrecuso",2005,2,17,6.68,0.74,0
"Torrecuso",2005,2,18,6.88,0.79,0
"Torrecuso",2005,2,19,7.7,-0.15,3.3
"Torrecuso",2005,2,20,5.58,0.97,10.5
"Torrecuso",2005,2,21,6.84,2.94,10.5
"Torrecuso",2005,2,22,4.6,2.08,6.8
"Torrecuso",2005,2,23,7.65,-0.05,8.6
"Torrecuso",2005,2,24,7.52,2.04,4.7
"Torrecuso",2005,2,25,9.48,2.77,6.1
"Torrecuso",2005,2,26,7.24,3.81,7.8
"Torrecuso",2005,2,27,5.42,1.24,4.6
"Torrecuso",2005,2,28,2.57,-1.76,6
"Torrecuso",2005,3,1,0.05,-3.29,0
"Torrecuso",2005,3,2,5.75,-3.96,0
"Torrecuso",2005,3,3,8.12,-2.73,11.1
"Torrecuso",2005,3,4,8.76,5.58,19.3
"Torrecuso",2005,3,5,7.94,3.92,6.2
"Torrecuso",2005,3,6,7.02,1.71,9.9
"Torrecuso",2005,3,7,4.17,-0.24,0
"Torrecuso",2005,3,8,3.79,-1.97,0
"Torrecuso",2005,3,9,9.35,-1.44,0
"Torrecuso",2005,3,10,10.57,1.65,0
"Torrecuso",2005,3,11,10.28,0.12,0
"Torrecuso",2005,3,12,10.9,2.97,0
"Torrecuso",2005,3,13,13.13,5.45,0
"Torrecuso",2005,3,14,15.45,5.42,0
"Torrecuso",2005,3,15,16.57,5.27,0
"Torrecuso",2005,3,16,17.11,6.13,0
"Torrecuso",2005,3,17,18.34,6.68,0
"Torrecuso",2005,3,18,18.3,7.84,0
"Torrecuso",2005,3,19,17.66,8.46,0
"Torrecuso",2005,3,20,16.46,5.43,0
"Torrecuso",2005,3,21,16.19,7.37,0
"Torrecuso",2005,3,22,17.16,6.36,0
"Torrecuso",2005,3,23,18.47,7.84,0
"Torrecuso",2005,3,24,19.91,10.21,0
"Torrecuso",2005,3,25,19.31,11.81,0
"Torrecuso",2005,3,26,19.74,10.96,0
"Torrecuso",2005,3,27,15.91,11.8,0
"Torrecuso",2005,3,28,16.21,10.82,0
"Torrecuso",2005,3,29,16.55,11.06,0
"Torrecuso",2005,3,30,16.09,8.76,5.4
"Torrecuso",2005,3,31,16.78,8.66,0
"Torrecuso",2005,4,1,14.77,7.39,0
"Torrecuso",2005,4,2,13.06,6.37,0
"Torrecuso",2005,4,3,14.01,5.74,0
"Torrecuso",2005,4,4,15.4,5.63,0
"Torrecuso",2005,4,5,15.37,7.24,0
"Torrecuso",2005,4,6,16.69,6.77,0
"Torrecuso",2005,4,7,18.24,7.99,0
"Torrecuso",2005,4,8,16.72,7.96,0
"Torrecuso",2005,4,9,15.86,11.44,19.6
"Torrecuso",2005,4,10,14.99,10.39,9.5
"Torrecuso",2005,4,11,14.08,6.72,0.9
"Torrecuso",2005,4,12,13.63,8.28,2.4
"Torrecuso",2005,4,13,12.84,6.74,2.7
"Torrecuso",2005,4,14,15.34,7.46,0
"Torrecuso",2005,4,15,17.54,7.83,0
"Torrecuso",2005,4,16,17.82,9.99,0
"Torrecuso",2005,4,17,13.68,6.68,10.1
"Torrecuso",2005,4,18,13.83,5.11,0
"Torrecuso",2005,4,19,15.19,7.32,4.8
"Torrecuso",2005,4,20,15.18,8.51,6.4
"Torrecuso",2005,4,21,12.18,4.78,7.5
"Torrecuso",2005,4,22,13.13,6.35,0
"Torrecuso",2005,4,23,15.82,6.13,0
"Torrecuso",2005,4,24,19.25,8.12,0
"Torrecuso",2005,4,25,20.39,12,2
"Torrecuso",2005,4,26,19.73,10.42,0
"Torrecuso",2005,4,27,21.23,10.63,0
"Torrecuso",2005,4,28,21.5,11.05,0
"Torrecuso",2005,4,29,22.26,12.32,0
"Torrecuso",2005,4,30,21.72,13.69,0
"Torrecuso",2005,5,1,22.7,11.83,0
"Torrecuso",2005,5,2,23.41,13.28,0
"Torrecuso",2005,5,3,23.54,14.27,0
"Torrecuso",2005,5,4,23.31,14.39,0
"Torrecuso",2005,5,5,20.02,13.91,0
"Torrecuso",2005,5,6,15.95,11.36,7.8
"Torrecuso",2005,5,7,21.89,9.78,0
"Torrecuso",2005,5,8,18.63,12.19,0
"Torrecuso",2005,5,9,20.14,10.41,0
"Torrecuso",2005,5,10,21.9,11.98,0
"Torrecuso",2005,5,11,23.55,13.14,0
"Torrecuso",2005,5,12,20.56,14.17,0
"Torrecuso",2005,5,13,22.69,13.25,0
"Torrecuso",2005,5,14,24.17,14.03,0
"Torrecuso",2005,5,15,22.14,15.69,0
"Torrecuso",2005,5,16,23.78,14.37,0
"Torrecuso",2005,5,17,24.37,14.97,0
"Torrecuso",2005,5,18,21.48,16.26,0
"Torrecuso",2005,5,19,17.73,13.1,2.6
"Torrecuso",2005,5,20,19.84,10.19,0
"Torrecuso",2005,5,21,22.47,11.97,0
"Torrecuso",2005,5,22,24.55,14.1,0
"Torrecuso",2005,5,23,25.97,15.18,0
"Torrecuso",2005,5,24,22.58,15.46,0
"Torrecuso",2005,5,25,24.07,15.5,0
"Torrecuso",2005,5,26,24.94,16.21,0
"Torrecuso",2005,5,27,27.1,17.34,0
"Torrecuso",2005,5,28,26.6,17.43,0
"Torrecuso",2005,5,29,26.66,17.94,0
"Torrecuso",2005,5,30,28.19,18.03,0
"Torrecuso",2005,5,31,28.25,18.36,0
"Torrecuso",2005,6,1,26.28,17.2,0
"Torrecuso",2005,6,2,25.58,17.13,0
"Torrecuso",2005,6,3,26.9,16.12,0
"Torrecuso",2005,6,4,28.11,17.24,0
"Torrecuso",2005,6,5,26.22,19.19,0
"Torrecuso",2005,6,6,26.07,18.41,0
"Torrecuso",2005,6,7,23.15,15.54,9.3
"Torrecuso",2005,6,8,17.36,11.65,0
"Torrecuso",2005,6,9,17.46,11.18,0
"Torrecuso",2005,6,10,18.38,10.7,0
"Torrecuso",2005,6,11,20.48,12.34,0
"Torrecuso",2005,6,12,21.91,10.73,0
"Torrecuso",2005,6,13,27.1,14.59,0
"Torrecuso",2005,6,14,26.31,16.65,0
"Torrecuso",2005,6,15,26.15,17.34,0
"Torrecuso",2005,6,16,24.02,15.89,0
"Torrecuso",2005,6,17,27.86,17.65,0
"Torrecuso",2005,6,18,28.36,18.36,0
"Torrecuso",2005,6,19,27.16,19.3,0
"Torrecuso",2005,6,20,26.07,19.03,0
"Torrecuso",2005,6,21,27.06,18.8,0
"Torrecuso",2005,6,22,28.46,17.81,0
"Torrecuso",2005,6,23,29.66,18.62,0
"Torrecuso",2005,6,24,29.9,20.33,0
"Torrecuso",2005,6,25,29.98,20.35,0
"Torrecuso",2005,6,26,30.86,20.71,0
"Torrecuso",2005,6,27,30.06,20.9,0
"Torrecuso",2005,6,28,31.88,22.7,0
"Torrecuso",2005,6,29,30.7,23.79,0
"Torrecuso",2005,6,30,30.52,21.69,0
"Torrecuso",2005,7,1,29.49,21.43,0
"Torrecuso",2005,7,2,27.37,19.19,0
"Torrecuso",2005,7,3,27.74,19.13,0
"Torrecuso",2005,7,4,26.39,18.94,0
"Torrecuso",2005,7,5,27.8,19.74,0
"Torrecuso",2005,7,6,26.73,19.81,0
"Torrecuso",2005,7,7,26.82,18.89,0
"Torrecuso",2005,7,8,27.19,18.22,0
"Torrecuso",2005,7,9,27.16,18.5,0
"Torrecuso",2005,7,10,27.18,17.52,0
"Torrecuso",2005,7,11,26.57,18.88,0
"Torrecuso",2005,7,12,24.87,17.05,0
"Torrecuso",2005,7,13,24.67,18.22,6.8
"Torrecuso",2005,7,14,26.45,17.42,0
"Torrecuso",2005,7,15,29.01,19.47,0
"Torrecuso",2005,7,16,31.04,20.76,0
"Torrecuso",2005,7,17,29.79,21.39,0
"Torrecuso",2005,7,18,32.81,20.8,0
"Torrecuso",2005,7,19,31.64,22.42,0
"Torrecuso",2005,7,20,28.95,21.01,0
"Torrecuso",2005,7,21,29.19,20.37,0
"Torrecuso",2005,7,22,29.15,20.03,0
"Torrecuso",2005,7,23,29.03,19.75,0
"Torrecuso",2005,7,24,28.76,20.2,0
"Torrecuso",2005,7,25,31.44,20.04,0
"Torrecuso",2005,7,26,32.84,21.77,0
"Torrecuso",2005,7,27,33.15,22.28,0
"Torrecuso",2005,7,28,34.22,21.87,0
"Torrecuso",2005,7,29,34.83,24.16,0
"Torrecuso",2005,7,30,35.15,23.91,0
"Torrecuso",2005,7,31,32.55,23.3,0
"Torrecuso",2005,8,1,32.32,21.41,0
"Torrecuso",2005,8,2,34.54,22.75,0
"Torrecuso",2005,8,3,27.94,23.09,3.4
"Torrecuso",2005,8,4,25.46,17.57,0
"Torrecuso",2005,8,5,23.93,17.12,0
"Torrecuso",2005,8,6,26.68,15.51,0
"Torrecuso",2005,8,7,26.74,18,4.7
"Torrecuso",2005,8,8,24.4,17.68,0
"Torrecuso",2005,8,9,27.5,16.16,0
"Torrecuso",2005,8,10,28.29,17.77,0
"Torrecuso",2005,8,11,31.91,20.76,0
"Torrecuso",2005,8,12,31.05,21.92,0
"Torrecuso",2005,8,13,27.55,20.09,0
"Torrecuso",2005,8,14,27.9,19.06,0
"Torrecuso",2005,8,15,27.01,19.14,0
"Torrecuso",2005,8,16,24.34,15.25,0
"Torrecuso",2005,8,17,25.08,15.23,0
"Torrecuso",2005,8,18,27.57,17.16,0
"Torrecuso",2005,8,19,28.99,19.61,0
"Torrecuso",2005,8,20,27.62,18.86,0
"Torrecuso",2005,8,21,24.79,18.79,9.5
"Torrecuso",2005,8,22,21.5,15.14,14
"Torrecuso",2005,8,23,23.7,14.66,0
"Torrecuso",2005,8,24,25.05,17.4,6.5
"Torrecuso",2005,8,25,26.19,16.18,0
"Torrecuso",2005,8,26,27.07,16.62,0
"Torrecuso",2005,8,27,27.29,17.46,0
"Torrecuso",2005,8,28,27.97,18.48,0
"Torrecuso",2005,8,29,27.89,19.02,0
"Torrecuso",2005,8,30,26.28,20.05,6.2
"Torrecuso",2005,8,31,25.48,18.43,5.6
"Torrecuso",2005,9,1,27.91,18.3,0
"Torrecuso",2005,9,2,29.28,18.38,0
"Torrecuso",2005,9,3,27.99,20.73,0
"Torrecuso",2005,9,4,26.82,18.95,8.9
"Torrecuso",2005,9,5,24.78,16.2,5.2
"Torrecuso",2005,9,6,25.57,16.03,0
"Torrecuso",2005,9,7,25.19,17.53,5
"Torrecuso",2005,9,8,27.49,17.61,0
"Torrecuso",2005,9,9,25.33,20.45,5.8
"Torrecuso",2005,9,10,26.42,19.21,0
"Torrecuso",2005,9,11,25.63,17.91,0
"Torrecuso",2005,9,12,26.65,17.67,0
"Torrecuso",2005,9,13,26.21,18.37,0
"Torrecuso",2005,9,14,26.58,17.36,0
"Torrecuso",2005,9,15,25.58,15.77,0
"Torrecuso",2005,9,16,26.47,15.84,0
"Torrecuso",2005,9,17,23.91,16.88,26.2
"Torrecuso",2005,9,18,24.63,16.88,0
"Torrecuso",2005,9,19,22.37,16.76,5.8
"Torrecuso",2005,9,20,18.95,15.54,6.2
"Torrecuso",2005,9,21,20.39,13.69,0
"Torrecuso",2005,9,22,20.97,14.91,3.5
"Torrecuso",2005,9,23,22.32,14.82,0
"Torrecuso",2005,9,24,22.08,14.05,0
"Torrecuso",2005,9,25,23.02,13.96,4.5
"Torrecuso",2005,9,26,23.66,15,0
"Torrecuso",2005,9,27,24.01,14.46,0
"Torrecuso",2005,9,28,23.1,15.14,0
"Torrecuso",2005,9,29,22.94,15.6,6.3
"Torrecuso",2005,9,30,20.27,15.86,9.3
"Torrecuso",2005,10,1,17.98,9.44,0
"Torrecuso",2005,10,2,21.57,9.65,8.5
"Torrecuso",2005,10,3,18.66,15.04,29.5
"Torrecuso",2005,10,4,19.53,14.93,5.5
"Torrecuso",2005,10,5,20.75,12.05,0
"Torrecuso",2005,10,6,20.59,12.53,5.9
"Torrecuso",2005,10,7,17.61,13.76,12.3
"Torrecuso",2005,10,8,19.83,12.5,13.3
"Torrecuso",2005,10,9,18.97,12.12,1.1
"Torrecuso",2005,10,10,18.72,12.99,0
"Torrecuso",2005,10,11,20.77,11.83,0
"Torrecuso",2005,10,12,19.22,12.3,0
"Torrecuso",2005,10,13,20.08,11.34,0
"Torrecuso",2005,10,14,21.42,12.98,0
"Torrecuso",2005,10,15,20.28,13.55,0
"Torrecuso",2005,10,16,19.58,10.61,0
"Torrecuso",2005,10,17,17.62,10.37,0
"Torrecuso",2005,10,18,16.88,8.27,0
"Torrecuso",2005,10,19,17.57,7.52,0
"Torrecuso",2005,10,20,19.47,12.48,16.6
"Torrecuso",2005,10,21,20.32,13.74,3.9
"Torrecuso",2005,10,22,22.1,14.84,0
"Torrecuso",2005,10,23,22.54,14.8,0
"Torrecuso",2005,10,24,21.55,14.15,0
"Torrecuso",2005,10,25,21.91,13.59,0
"Torrecuso",2005,10,26,22.13,13.25,0
"Torrecuso",2005,10,27,21.85,11.98,0
"Torrecuso",2005,10,28,21.91,11.78,0
"Torrecuso",2005,10,29,20.93,11.9,0
"Torrecuso",2005,10,30,20.23,12.84,0
"Torrecuso",2005,10,31,20.56,11.67,0
"Torrecuso",2005,11,1,19.33,10.25,0.6
"Torrecuso",2005,11,2,18.87,13.6,0
"Torrecuso",2005,11,3,19.23,11.61,0
"Torrecuso",2005,11,4,21.02,10.94,0
"Torrecuso",2005,11,5,19.73,11.37,0
"Torrecuso",2005,11,6,19.9,12.05,23.1
"Torrecuso",2005,11,7,17.57,13.17,6.9
"Torrecuso",2005,11,8,16.35,11.33,0
"Torrecuso",2005,11,9,18.53,11.16,0
"Torrecuso",2005,11,10,19.36,10.97,0
"Torrecuso",2005,11,11,17.68,10.01,0
"Torrecuso",2005,11,12,18.23,8.25,0
"Torrecuso",2005,11,13,15.84,7.78,0
"Torrecuso",2005,11,14,16,10.36,0
"Torrecuso",2005,11,15,19.21,9.8,0
"Torrecuso",2005,11,16,17.27,14.17,13.4
"Torrecuso",2005,11,17,15.36,9.98,17
"Torrecuso",2005,11,18,11.33,9.05,3.7
"Torrecuso",2005,11,19,8.93,6.12,0
"Torrecuso",2005,11,20,5.63,1.45,0
"Torrecuso",2005,11,21,9.98,0.34,0
"Torrecuso",2005,11,22,5.64,2.97,0
"Torrecuso",2005,11,23,5.02,2.35,11
"Torrecuso",2005,11,24,6.82,1.86,6.8
"Torrecuso",2005,11,25,9.08,1.43,11.9
"Torrecuso",2005,11,26,13.88,7.86,12.3
"Torrecuso",2005,11,27,10.64,9.36,12.2
"Torrecuso",2005,11,28,10.88,5.14,5.6
"Torrecuso",2005,11,29,11.67,5.03,22.6
"Torrecuso",2005,11,30,10.99,9.42,18.4
"Torrecuso",2005,12,1,11.85,6.58,0
"Torrecuso",2005,12,2,12.31,2.77,0
"Torrecuso",2005,12,3,13.83,8.24,17
"Torrecuso",2005,12,4,14.52,7,3.6
"Torrecuso",2005,12,5,16.01,9.64,7
"Torrecuso",2005,12,6,12.57,9.16,8.8
"Torrecuso",2005,12,7,11.15,5.36,5.4
"Torrecuso",2005,12,8,11.03,2.32,0
"Torrecuso",2005,12,9,8.04,6.3,14.3
"Torrecuso",2005,12,10,8.52,6.11,0
"Torrecuso",2005,12,11,8.23,4.11,4.6
"Torrecuso",2005,12,12,12.41,7.39,3
"Torrecuso",2005,12,13,10.6,6.18,0.8
"Torrecuso",2005,12,14,10.51,7.58,0
"Torrecuso",2005,12,15,9,5.37,0
"Torrecuso",2005,12,16,10.62,3.12,0
"Torrecuso",2005,12,17,11.75,6.58,6.2
"Torrecuso",2005,12,18,4.34,1.15,0
"Torrecuso",2005,12,19,7.08,-1.21,0
"Torrecuso",2005,12,20,7.78,-0.69,0
"Torrecuso",2005,12,21,8.45,0,0
"Torrecuso",2005,12,22,8.53,0.68,0
"Torrecuso",2005,12,23,7.7,1.75,0
"Torrecuso",2005,12,24,8.87,1.61,0
"Torrecuso",2005,12,25,9.41,2.72,0
"Torrecuso",2005,12,26,10.95,7.29,8.8
"Torrecuso",2005,12,27,10.78,6.87,22.1
"Torrecuso",2005,12,28,9.71,8.71,7.8
"Torrecuso",2005,12,29,6.49,2.64,9.1
"Torrecuso",2005,12,30,4.7,-0.19,0
"Torrecuso",2005,12,31,10.22,2.28,4
"Torrecuso",2006,1,1,12.28,9.75,15.3
"Torrecuso",2006,1,2,10.48,6.67,13.7
"Torrecuso",2006,1,3,7.25,4.35,5.5
"Torrecuso",2006,1,4,7.45,4.38,1.2
"Torrecuso",2006,1,5,7.31,2.75,0
"Torrecuso",2006,1,6,9.88,1.51,0
"Torrecuso",2006,1,7,9.96,0.69,0
"Torrecuso",2006,1,8,8.6,1.92,0
"Torrecuso",2006,1,9,6.66,3.12,0
"Torrecuso",2006,1,10,6.78,1.68,0
"Torrecuso",2006,1,11,6.02,2.22,0
"Torrecuso",2006,1,12,7.17,1.59,0
"Torrecuso",2006,1,13,6.08,1.49,0
"Torrecuso",2006,1,14,5.43,-0.27,0
"Torrecuso",2006,1,15,6.29,2.04,0
"Torrecuso",2006,1,16,9.5,0.97,0
"Torrecuso",2006,1,17,11.53,-0.03,0
"Torrecuso",2006,1,18,9.35,7.13,4
"Torrecuso",2006,1,19,9.92,5.81,0
"Torrecuso",2006,1,20,11.73,0.96,0
"Torrecuso",2006,1,21,10.75,1.5,0
"Torrecuso",2006,1,22,7.68,0.81,0
"Torrecuso",2006,1,23,2.94,1.63,0
"Torrecuso",2006,1,24,1.15,-1.05,0
"Torrecuso",2006,1,25,2.82,-2.17,0
"Torrecuso",2006,1,26,7.31,-3.29,0
"Torrecuso",2006,1,27,8.79,2.51,0
"Torrecuso",2006,1,28,13.32,5.09,0
"Torrecuso",2006,1,29,12.42,7.87,0
"Torrecuso",2006,1,30,10.29,9.12,0
"Torrecuso",2006,1,31,12.8,7.47,0
"Torrecuso",2006,2,1,13.38,4.85,0
"Torrecuso",2006,2,2,14.02,5.21,0
"Torrecuso",2006,2,3,11.99,4.41,0
"Torrecuso",2006,2,4,9.88,5.64,0
"Torrecuso",2006,2,5,6.74,3.25,0
"Torrecuso",2006,2,6,3.97,-0.19,0
"Torrecuso",2006,2,7,7.5,-1.09,0
"Torrecuso",2006,2,8,8.92,-0.38,1.1
"Torrecuso",2006,2,9,11.14,4.82,1.2
"Torrecuso",2006,2,10,11.62,3.24,0
"Torrecuso",2006,2,11,10.43,1.61,0
"Torrecuso",2006,2,12,9.64,0.54,0
"Torrecuso",2006,2,13,9.5,-0.34,0
"Torrecuso",2006,2,14,10.06,0.96,0
"Torrecuso",2006,2,15,11.83,0.88,0.3
"Torrecuso",2006,2,16,11.22,6.64,4.7
"Torrecuso",2006,2,17,16.02,9.02,2.2
"Torrecuso",2006,2,18,16.66,7.53,0
"Torrecuso",2006,2,19,16.61,8.65,0
"Torrecuso",2006,2,20,13.24,7.76,10.7
"Torrecuso",2006,2,21,11.96,7.35,9.9
"Torrecuso",2006,2,22,13.95,5.23,6.4
"Torrecuso",2006,2,23,10.65,6.12,11.8
"Torrecuso",2006,2,24,12.38,7.35,9.2
"Torrecuso",2006,2,25,12.81,4.67,3.4
"Torrecuso",2006,2,26,11.04,3.07,0
"Torrecuso",2006,2,27,8.67,3.8,7.9
"Torrecuso",2006,2,28,11.17,3.72,5.8
"Torrecuso",2006,3,1,10.22,4.29,2
"Torrecuso",2006,3,2,11.19,4.89,3.5
"Torrecuso",2006,3,3,10.83,2.83,0
"Torrecuso",2006,3,4,14.17,9.24,0
"Torrecuso",2006,3,5,13.34,9.92,5.1
"Torrecuso",2006,3,6,10.57,3.97,7.7
"Torrecuso",2006,3,7,6.72,0.35,0
"Torrecuso",2006,3,8,8.61,-0.47,0
"Torrecuso",2006,3,9,8.15,1.16,1.7
"Torrecuso",2006,3,10,12.19,5.77,6
"Torrecuso",2006,3,11,8.68,4.17,17
"Torrecuso",2006,3,12,8.67,3.92,0
"Torrecuso",2006,3,13,7.71,3.57,0
"Torrecuso",2006,3,14,9.76,2.18,0
"Torrecuso",2006,3,15,10.16,3.49,0
"Torrecuso",2006,3,16,10.89,4.84,4.6
"Torrecuso",2006,3,17,12.33,4.14,0
"Torrecuso",2006,3,18,12.53,4.06,0
"Torrecuso",2006,3,19,10.97,6.45,1.8
"Torrecuso",2006,3,20,11.09,8.17,2.1
"Torrecuso",2006,3,21,18.06,9.3,0
"Torrecuso",2006,3,22,15.31,9.53,12.7
"Torrecuso",2006,3,23,13.81,8.74,10.4
"Torrecuso",2006,3,24,13.19,5.11,3.7
"Torrecuso",2006,3,25,14.34,9.4,0
"Torrecuso",2006,3,26,17.66,7.46,0
"Torrecuso",2006,3,27,16.7,9.33,0
"Torrecuso",2006,3,28,20.02,9.37,0
"Torrecuso",2006,3,29,17.9,9.15,0
"Torrecuso",2006,3,30,17.98,8.08,0
"Torrecuso",2006,3,31,18.66,9,0
"Torrecuso",2006,4,1,19.02,9.45,0
"Torrecuso",2006,4,2,19.73,10.07,0
"Torrecuso",2006,4,3,17.92,8.32,0
"Torrecuso",2006,4,4,18.51,8.19,0
"Torrecuso",2006,4,5,16.96,7.33,1.6
"Torrecuso",2006,4,6,17.49,11.75,2.4
"Torrecuso",2006,4,7,16.51,8.4,0
"Torrecuso",2006,4,8,17.33,7.29,0
"Torrecuso",2006,4,9,19.19,6.78,0
"Torrecuso",2006,4,10,18.84,11.24,1.3
"Torrecuso",2006,4,11,19.05,8.77,0
"Torrecuso",2006,4,12,15.31,5.62,0
"Torrecuso",2006,4,13,13.91,6.24,3.7
"Torrecuso",2006,4,14,18.06,5.96,0
"Torrecuso",2006,4,15,20.19,8.27,0
"Torrecuso",2006,4,16,20.58,11.5,0
"Torrecuso",2006,4,17,18.2,11.82,1.4
"Torrecuso",2006,4,18,19.79,12.7,0
"Torrecuso",2006,4,19,18.9,12.21,0
"Torrecuso",2006,4,20,18.76,12.48,0
"Torrecuso",2006,4,21,19.08,11.37,0
"Torrecuso",2006,4,22,18.96,10.31,0
"Torrecuso",2006,4,23,20.46,10.97,0
"Torrecuso",2006,4,24,23.11,11.7,0
"Torrecuso",2006,4,25,20.93,12.19,0
"Torrecuso",2006,4,26,17.04,12.69,2.7
"Torrecuso",2006,4,27,16.05,12.7,6.7
"Torrecuso",2006,4,28,15.73,11.24,6.6
"Torrecuso",2006,4,29,15.8,10.43,8.4
"Torrecuso",2006,4,30,18.37,10.42,5.6
"Torrecuso",2006,5,1,18.05,10.61,0
"Torrecuso",2006,5,2,20.55,11.01,0
"Torrecuso",2006,5,3,22.01,12.89,0
"Torrecuso",2006,5,4,22.21,13.48,0
"Torrecuso",2006,5,5,20.02,12.26,0
"Torrecuso",2006,5,6,20.26,10.9,0
"Torrecuso",2006,5,7,19.77,10.61,0
"Torrecuso",2006,5,8,20.31,10.83,0
"Torrecuso",2006,5,9,18.12,10.91,7.4
"Torrecuso",2006,5,10,18.88,10.75,0
"Torrecuso",2006,5,11,18,11.29,2.5
"Torrecuso",2006,5,12,22.56,11.05,0
"Torrecuso",2006,5,13,21.29,12.95,0
"Torrecuso",2006,5,14,21.57,12.67,0
"Torrecuso",2006,5,15,22.78,13.68,0
"Torrecuso",2006,5,16,23.66,13.92,0
"Torrecuso",2006,5,17,23.34,15.83,0
"Torrecuso",2006,5,18,25.58,15.15,0
"Torrecuso",2006,5,19,26.66,16.53,0
"Torrecuso",2006,5,20,24.83,15.62,0
"Torrecuso",2006,5,21,25.4,15.61,0
"Torrecuso",2006,5,22,28.58,15.69,0
"Torrecuso",2006,5,23,31.6,18.41,0
"Torrecuso",2006,5,24,27.59,17.75,0
"Torrecuso",2006,5,25,24.17,15.29,0
"Torrecuso",2006,5,26,24.57,14.4,0
"Torrecuso",2006,5,27,25.82,14.53,0
"Torrecuso",2006,5,28,25.59,16.1,0
"Torrecuso",2006,5,29,25.72,16.15,0
"Torrecuso",2006,5,30,24.27,14.15,0
"Torrecuso",2006,5,31,21.77,11.15,0
"Torrecuso",2006,6,1,16.74,10.78,8.2
"Torrecuso",2006,6,2,17.65,9.49,11.4
"Torrecuso",2006,6,3,16.68,9.73,6.8
"Torrecuso",2006,6,4,19.04,11.82,5.1
"Torrecuso",2006,6,5,21.71,10.93,0
"Torrecuso",2006,6,6,20.15,11.74,9
"Torrecuso",2006,6,7,20.04,11.26,2.8
"Torrecuso",2006,6,8,20.84,11.99,0
"Torrecuso",2006,6,9,21.86,12.65,0
"Torrecuso",2006,6,10,21.5,12.03,0
"Torrecuso",2006,6,11,20.23,13,7.4
"Torrecuso",2006,6,12,22.46,12.3,0
"Torrecuso",2006,6,13,24.37,13.4,0
"Torrecuso",2006,6,14,25.34,15.89,0
"Torrecuso",2006,6,15,26.92,15.62,0
"Torrecuso",2006,6,16,27.36,15.49,0
"Torrecuso",2006,6,17,29.73,17.32,0
"Torrecuso",2006,6,18,30.66,19.15,0
"Torrecuso",2006,6,19,31.99,21.02,0
"Torrecuso",2006,6,20,32.82,21.38,0
"Torrecuso",2006,6,21,33.68,21.49,0
"Torrecuso",2006,6,22,31.04,19.78,0
"Torrecuso",2006,6,23,31.81,20.12,0
"Torrecuso",2006,6,24,31.62,20.99,0
"Torrecuso",2006,6,25,32.17,21.04,0
"Torrecuso",2006,6,26,33.19,21.18,0
"Torrecuso",2006,6,27,33.59,21.37,0
"Torrecuso",2006,6,28,35.39,22.67,0
"Torrecuso",2006,6,29,35.68,23.47,0
"Torrecuso",2006,6,30,30.55,22.51,0
"Torrecuso",2006,7,1,29.46,20.76,0
"Torrecuso",2006,7,2,27.38,19.69,0
"Torrecuso",2006,7,3,28,18.87,9.3
"Torrecuso",2006,7,4,28.19,18.31,0
"Torrecuso",2006,7,5,28.35,17.55,0
"Torrecuso",2006,7,6,29.26,18.47,0
"Torrecuso",2006,7,7,27.67,18.3,11.6
"Torrecuso",2006,7,8,26.68,16.59,0
"Torrecuso",2006,7,9,27.43,17.95,0
"Torrecuso",2006,7,10,28.58,18.51,0
"Torrecuso",2006,7,11,30.19,19.69,0
"Torrecuso",2006,7,12,30.12,20.36,0
"Torrecuso",2006,7,13,29.99,19.26,3.9
"Torrecuso",2006,7,14,29.41,18.99,0
"Torrecuso",2006,7,15,30.44,19.95,0
"Torrecuso",2006,7,16,30.78,19.56,0
"Torrecuso",2006,7,17,28.94,18.31,0
"Torrecuso",2006,7,18,29.63,17.41,0
"Torrecuso",2006,7,19,29.65,18.35,0
"Torrecuso",2006,7,20,31.51,18.67,0
"Torrecuso",2006,7,21,32.29,20.19,0
"Torrecuso",2006,7,22,32,21.98,0
"Torrecuso",2006,7,23,31.57,20.85,0
"Torrecuso",2006,7,24,32.59,20.52,0
"Torrecuso",2006,7,25,32.86,21.03,0
"Torrecuso",2006,7,26,32.14,21.05,0
"Torrecuso",2006,7,27,31.91,21.71,0
"Torrecuso",2006,7,28,31.88,21.68,0
"Torrecuso",2006,7,29,31.2,20.12,4.5
"Torrecuso",2006,7,30,29.2,19.07,0
"Torrecuso",2006,7,31,30.39,20.69,0
"Torrecuso",2006,8,1,31.91,20.93,0
"Torrecuso",2006,8,2,31.42,20.83,0
"Torrecuso",2006,8,3,30.62,19.9,0
"Torrecuso",2006,8,4,28.51,19.75,0
"Torrecuso",2006,8,5,27.09,18.37,0
"Torrecuso",2006,8,6,27.41,16.94,2.4
"Torrecuso",2006,8,7,27.78,16.23,0
"Torrecuso",2006,8,8,26.49,18,0
"Torrecuso",2006,8,9,26.04,16.62,12.9
"Torrecuso",2006,8,10,24.14,17.37,3.6
"Torrecuso",2006,8,11,26.38,17.53,0
"Torrecuso",2006,8,12,25.43,18.33,2.2
"Torrecuso",2006,8,13,24.37,16.75,5.6
"Torrecuso",2006,8,14,25.98,16.21,0
"Torrecuso",2006,8,15,27.65,16.42,0
"Torrecuso",2006,8,16,29.42,17.78,0
"Torrecuso",2006,8,17,31.08,19.91,0
"Torrecuso",2006,8,18,32.83,21.23,0
"Torrecuso",2006,8,19,35.79,21.86,0
"Torrecuso",2006,8,20,35.39,23.56,0
"Torrecuso",2006,8,21,30.82,20.02,4.3
"Torrecuso",2006,8,22,28.8,17.89,0
"Torrecuso",2006,8,23,28.4,18.68,0
"Torrecuso",2006,8,24,28.35,18.45,0
"Torrecuso",2006,8,25,27.57,17.82,0
"Torrecuso",2006,8,26,26.28,17.19,0
"Torrecuso",2006,8,27,25.44,17.29,0
"Torrecuso",2006,8,28,25.24,15.94,0
"Torrecuso",2006,8,29,25.88,17.46,0
"Torrecuso",2006,8,30,24.95,16.92,0
"Torrecuso",2006,8,31,26.04,13.43,0
"Torrecuso",2006,9,1,26.69,14.46,0
"Torrecuso",2006,9,2,27.61,14.91,0
"Torrecuso",2006,9,3,27.66,14.75,0
"Torrecuso",2006,9,4,29.49,16.16,0
"Torrecuso",2006,9,5,30.27,17.49,0
"Torrecuso",2006,9,6,32.67,20.02,0
"Torrecuso",2006,9,7,31.96,19.65,0
"Torrecuso",2006,9,8,30.7,18.39,0
"Torrecuso",2006,9,9,29.98,20.57,0
"Torrecuso",2006,9,10,29.59,19.69,0
"Torrecuso",2006,9,11,29.12,19.57,0
"Torrecuso",2006,9,12,28.48,19.65,0
"Torrecuso",2006,9,13,28.48,17.76,0
"Torrecuso",2006,9,14,26.96,17.25,0
"Torrecuso",2006,9,15,25.88,19.57,15.2
"Torrecuso",2006,9,16,22.7,16.87,10.9
"Torrecuso",2006,9,17,21.09,15.47,44.2
"Torrecuso",2006,9,18,23.17,16.37,5.4
"Torrecuso",2006,9,19,25.35,16.01,3.3
"Torrecuso",2006,9,20,25.94,15.59,4.7
"Torrecuso",2006,9,21,26.06,16.38,0
"Torrecuso",2006,9,22,25.44,15.96,0
"Torrecuso",2006,9,23,26.24,16.55,0
"Torrecuso",2006,9,24,25.67,14.9,0
"Torrecuso",2006,9,25,23.27,13.45,25.8
"Torrecuso",2006,9,26,18.65,15.2,16.2
"Torrecuso",2006,9,27,23.58,15.84,0
"Torrecuso",2006,9,28,24.81,15.37,0
"Torrecuso",2006,9,29,24.04,15.19,0
"Torrecuso",2006,9,30,24.61,16.01,0
"Torrecuso",2006,10,1,26.25,14.43,0
"Torrecuso",2006,10,2,26.24,15.59,0
"Torrecuso",2006,10,3,27.01,15.81,0
"Torrecuso",2006,10,4,24.37,18,8.1
"Torrecuso",2006,10,5,22.9,15.97,0
"Torrecuso",2006,10,6,23.33,15.02,0
"Torrecuso",2006,10,7,23.68,12.35,0
"Torrecuso",2006,10,8,22.81,14.82,0
"Torrecuso",2006,10,9,22.87,13.9,0
"Torrecuso",2006,10,10,23.63,13.54,0
"Torrecuso",2006,10,11,24.24,14.27,0
"Torrecuso",2006,10,12,24.43,13.66,0
"Torrecuso",2006,10,13,23.18,14.73,0
"Torrecuso",2006,10,14,22.44,13.53,0
"Torrecuso",2006,10,15,19.46,14.86,0
"Torrecuso",2006,10,16,20.4,12.7,0
"Torrecuso",2006,10,17,20.23,10.98,0
"Torrecuso",2006,10,18,20.36,8.54,0
"Torrecuso",2006,10,19,21.56,8.99,0
"Torrecuso",2006,10,20,20.73,13.36,0
"Torrecuso",2006,10,21,21.73,14.71,4
"Torrecuso",2006,10,22,22.15,15.77,2.6
"Torrecuso",2006,10,23,25.02,15.08,0
"Torrecuso",2006,10,24,25.11,15.85,0
"Torrecuso",2006,10,25,25.07,15.81,0
"Torrecuso",2006,10,26,27.3,14.95,0
"Torrecuso",2006,10,27,25.51,15.73,0
"Torrecuso",2006,10,28,24.01,14.3,0
"Torrecuso",2006,10,29,23.28,14.68,0
"Torrecuso",2006,10,30,21.21,12.47,0
"Torrecuso",2006,10,31,20.72,9.66,0
"Torrecuso",2006,11,1,15.76,9.3,11.4
"Torrecuso",2006,11,2,15.45,6.8,5.3
"Torrecuso",2006,11,3,10.81,3.56,0
"Torrecuso",2006,11,4,11.23,2.81,0
"Torrecuso",2006,11,5,12.41,2.91,0
"Torrecuso",2006,11,6,16.07,7.29,0
"Torrecuso",2006,11,7,19.11,9.59,0
"Torrecuso",2006,11,8,20.05,9.69,0
"Torrecuso",2006,11,9,17.86,10.52,0
"Torrecuso",2006,11,10,17.86,9.53,0
"Torrecuso",2006,11,11,16.36,5.24,0
"Torrecuso",2006,11,12,12.25,8.36,7.2
"Torrecuso",2006,11,13,16.99,9.24,0
"Torrecuso",2006,11,14,18.24,8.56,0
"Torrecuso",2006,11,15,19.47,9.55,0
"Torrecuso",2006,11,16,18.05,9.95,0
"Torrecuso",2006,11,17,21.55,10.93,0
"Torrecuso",2006,11,18,21.12,11.94,0
"Torrecuso",2006,11,19,19.54,10.45,0
"Torrecuso",2006,11,20,16.52,9.27,5.6
"Torrecuso",2006,11,21,16.95,9.91,7.8
"Torrecuso",2006,11,22,14.16,8.69,22.5
"Torrecuso",2006,11,23,15.63,7.31,0
"Torrecuso",2006,11,24,18.01,6.71,0
"Torrecuso",2006,11,25,19.44,10.24,0
"Torrecuso",2006,11,26,18.61,9.47,0
"Torrecuso",2006,11,27,18.9,8.88,0
"Torrecuso",2006,11,28,18.88,7.24,0
"Torrecuso",2006,11,29,17.17,5.93,0
"Torrecuso",2006,11,30,16.44,7.51,0
"Torrecuso",2006,12,1,15.8,6.31,0
"Torrecuso",2006,12,2,15.35,6.28,0
"Torrecuso",2006,12,3,15.48,6.07,0
"Torrecuso",2006,12,4,16.62,8.95,0.8
"Torrecuso",2006,12,5,17.96,11.11,0
"Torrecuso",2006,12,6,18.05,9.41,0
"Torrecuso",2006,12,7,17.79,10.48,0
"Torrecuso",2006,12,8,18.16,10.28,0.9
"Torrecuso",2006,12,9,14.64,9.11,4.6
"Torrecuso",2006,12,10,14.73,9.34,3.3
"Torrecuso",2006,12,11,12.53,6.73,2.8
"Torrecuso",2006,12,12,12.22,4.14,0
"Torrecuso",2006,12,13,12.89,4.88,0
"Torrecuso",2006,12,14,13.65,6.93,0
"Torrecuso",2006,12,15,18.58,9.58,0
"Torrecuso",2006,12,16,17.27,9.4,0
"Torrecuso",2006,12,17,14.33,10.12,1.8
"Torrecuso",2006,12,18,13.62,10.03,5.1
"Torrecuso",2006,12,19,11.97,8.03,9.8
"Torrecuso",2006,12,20,10.65,7.17,0
"Torrecuso",2006,12,21,9.08,6.95,0
"Torrecuso",2006,12,22,9.22,7.88,0
"Torrecuso",2006,12,23,11.77,7.05,0
"Torrecuso",2006,12,24,13.86,5.41,0
"Torrecuso",2006,12,25,14.95,3.62,0
"Torrecuso",2006,12,26,13.21,5,0
"Torrecuso",2006,12,27,13.75,4.85,0
"Torrecuso",2006,12,28,13.38,5.23,0
"Torrecuso",2006,12,29,13.84,4.91,0
"Torrecuso",2006,12,30,15.18,4.68,0
"Torrecuso",2006,12,31,12.77,6.52,0
"Torrecuso",2007,1,1,13.76,8.31,1.8
"Torrecuso",2007,1,2,13.24,6.68,8.1
"Torrecuso",2007,1,3,10.08,3.62,0
"Torrecuso",2007,1,4,11.62,2.32,0
"Torrecuso",2007,1,5,11.75,7.18,2
"Torrecuso",2007,1,6,13.75,6.33,0
"Torrecuso",2007,1,7,11.01,6.62,0
"Torrecuso",2007,1,8,12.67,7.75,2.5
"Torrecuso",2007,1,9,14.43,7.48,0
"Torrecuso",2007,1,10,14.65,6.2,0
"Torrecuso",2007,1,11,13.27,8.33,0
"Torrecuso",2007,1,12,15.82,9.18,0
"Torrecuso",2007,1,13,17.98,6.75,0
"Torrecuso",2007,1,14,15.68,6.51,0
"Torrecuso",2007,1,15,15.11,6.95,0
"Torrecuso",2007,1,16,12.23,5.33,0
"Torrecuso",2007,1,17,13.72,9.33,7.5
"Torrecuso",2007,1,18,15.39,9.36,0
"Torrecuso",2007,1,19,15.14,11.44,0
"Torrecuso",2007,1,20,17.59,10.4,0
"Torrecuso",2007,1,21,14.99,10.85,0
"Torrecuso",2007,1,22,16.87,10.51,0
"Torrecuso",2007,1,23,13.7,8.26,7
"Torrecuso",2007,1,24,9.79,5.89,12.6
"Torrecuso",2007,1,25,10.2,3.83,6.3
"Torrecuso",2007,1,26,8.96,3.5,0
"Torrecuso",2007,1,27,9.67,3,0
"Torrecuso",2007,1,28,10.95,1.65,0
"Torrecuso",2007,1,29,11.14,4.05,0
"Torrecuso",2007,1,30,15.01,4.01,0
"Torrecuso",2007,1,31,15.04,4.39,0
"Torrecuso",2007,2,1,13.8,5.61,0
"Torrecuso",2007,2,2,12.82,5.34,0
"Torrecuso",2007,2,3,13.51,3.99,0
"Torrecuso",2007,2,4,11.92,3.94,0
"Torrecuso",2007,2,5,11.98,2.05,0
"Torrecuso",2007,2,6,12.06,3.51,6.7
"Torrecuso",2007,2,7,13.11,6.81,5.9
"Torrecuso",2007,2,8,13.95,7.57,4.8
"Torrecuso",2007,2,9,11.7,8.53,13.1
"Torrecuso",2007,2,10,12.74,8.98,10.2
"Torrecuso",2007,2,11,14.94,9.46,2.3
"Torrecuso",2007,2,12,13.48,7.11,9.8
"Torrecuso",2007,2,13,14.07,7.36,8.7
"Torrecuso",2007,2,14,15.58,6.23,0
"Torrecuso",2007,2,15,12.92,7.14,13.2
"Torrecuso",2007,2,16,14.31,6.18,0
"Torrecuso",2007,2,17,14.41,5.68,0
"Torrecuso",2007,2,18,11.78,5.41,9
"Torrecuso",2007,2,19,14.39,8.56,5.8
"Torrecuso",2007,2,20,13.05,9.56,5.1
"Torrecuso",2007,2,21,14.95,8.88,2.2
"Torrecuso",2007,2,22,14.65,7.16,0
"Torrecuso",2007,2,23,15.58,7.09,0
"Torrecuso",2007,2,24,16.39,6.98,0
"Torrecuso",2007,2,25,14.8,7.11,0.7
"Torrecuso",2007,2,26,15.2,7.12,6.5
"Torrecuso",2007,2,27,15.16,4.84,0
"Torrecuso",2007,2,28,14.35,5.73,0
"Torrecuso",2007,3,1,15.98,11.69,0
"Torrecuso",2007,3,2,15.22,10.79,0
"Torrecuso",2007,3,3,16.01,10.26,0
"Torrecuso",2007,3,4,19.35,9.8,0
"Torrecuso",2007,3,5,17.56,7.51,0
"Torrecuso",2007,3,6,18.69,8.52,0
"Torrecuso",2007,3,7,12.97,8.28,9.7
"Torrecuso",2007,3,8,16.46,8.54,3.8
"Torrecuso",2007,3,9,16.07,8.94,0
"Torrecuso",2007,3,10,11.62,9.4,0
"Torrecuso",2007,3,11,13.43,10.03,0
"Torrecuso",2007,3,12,16.34,9.31,0
"Torrecuso",2007,3,13,17.45,8.01,0
"Torrecuso",2007,3,14,17.41,8.23,0
"Torrecuso",2007,3,15,18.32,8,0
"Torrecuso",2007,3,16,17.6,7.77,0
"Torrecuso",2007,3,17,17.62,8.06,0
"Torrecuso",2007,3,18,17.19,8.11,0
"Torrecuso",2007,3,19,13.27,8.34,8.8
"Torrecuso",2007,3,20,10.43,3.8,16.6
"Torrecuso",2007,3,21,8.08,2.23,9.8
"Torrecuso",2007,3,22,10.49,3.92,7.8
"Torrecuso",2007,3,23,12.36,3.22,0
"Torrecuso",2007,3,24,10.3,4.96,11
"Torrecuso",2007,3,25,13.01,4.69,11.1
"Torrecuso",2007,3,26,14.88,5.36,0
"Torrecuso",2007,3,27,13.59,6.98,8
"Torrecuso",2007,3,28,14.63,6.01,0
"Torrecuso",2007,3,29,14.89,9.68,0
"Torrecuso",2007,3,30,14.35,8.54,2.8
"Torrecuso",2007,3,31,16.31,6.86,0
"Torrecuso",2007,4,1,17.92,6.98,0
"Torrecuso",2007,4,2,18.5,9.49,0
"Torrecuso",2007,4,3,16.49,8.58,3.7
"Torrecuso",2007,4,4,12.6,8.18,12.5
"Torrecuso",2007,4,5,15.42,8.46,0
"Torrecuso",2007,4,6,18.02,7.74,0
"Torrecuso",2007,4,7,17.38,8.29,0
"Torrecuso",2007,4,8,17.3,9.46,0
"Torrecuso",2007,4,9,18.3,8.55,0
"Torrecuso",2007,4,10,19.35,8.98,0
"Torrecuso",2007,4,11,20.83,10.87,0
"Torrecuso",2007,4,12,23.19,11.57,0
"Torrecuso",2007,4,13,23.65,11.57,0
"Torrecuso",2007,4,14,18.69,11.85,2.7
"Torrecuso",2007,4,15,21.71,12.23,0
"Torrecuso",2007,4,16,21.63,13.33,0
"Torrecuso",2007,4,17,20.07,11.15,0
"Torrecuso",2007,4,18,18.32,9.21,0
"Torrecuso",2007,4,19,21.8,10.47,0
"Torrecuso",2007,4,20,22.61,11.23,0
"Torrecuso",2007,4,21,24.36,12.17,0
"Torrecuso",2007,4,22,23.31,13.02,0
"Torrecuso",2007,4,23,23.35,13.34,0
"Torrecuso",2007,4,24,22.69,13.55,0
"Torrecuso",2007,4,25,23.16,12.57,3.9
"Torrecuso",2007,4,26,20.42,12.11,0
"Torrecuso",2007,4,27,20.17,12.71,0
"Torrecuso",2007,4,28,20.61,10.76,0
"Torrecuso",2007,4,29,20.63,12.17,0
"Torrecuso",2007,4,30,18.01,12.64,4.7
"Torrecuso",2007,5,1,19.3,11.9,6.7
"Torrecuso",2007,5,2,20.43,12.44,4.5
"Torrecuso",2007,5,3,18.98,12.72,18.5
"Torrecuso",2007,5,4,21.82,13.24,7.6
"Torrecuso",2007,5,5,19.53,12.84,0
"Torrecuso",2007,5,6,19.51,11.75,0
"Torrecuso",2007,5,7,19.41,11.89,5
"Torrecuso",2007,5,8,21.82,11.39,0
"Torrecuso",2007,5,9,22.47,12.91,0
"Torrecuso",2007,5,10,23.79,14.05,0
"Torrecuso",2007,5,11,23.54,13.88,0
"Torrecuso",2007,5,12,23.07,14.75,0
"Torrecuso",2007,5,13,26.18,15.11,0
"Torrecuso",2007,5,14,26.14,15.48,0
"Torrecuso",2007,5,15,24.36,14.65,0
"Torrecuso",2007,5,16,19.53,12.82,0
"Torrecuso",2007,5,17,19.68,10.76,8.6
"Torrecuso",2007,5,18,19.87,11.5,5.5
"Torrecuso",2007,5,19,20.71,11.47,0
"Torrecuso",2007,5,20,22.1,12.05,0
"Torrecuso",2007,5,21,24.41,13.78,0
"Torrecuso",2007,5,22,26.31,15.08,0
"Torrecuso",2007,5,23,26.52,16.65,0
"Torrecuso",2007,5,24,27.54,17.46,0
"Torrecuso",2007,5,25,26.31,16.93,0
"Torrecuso",2007,5,26,26.63,16.91,0
"Torrecuso",2007,5,27,25.29,16.06,3.1
"Torrecuso",2007,5,28,21.71,13.74,14.4
"Torrecuso",2007,5,29,15.84,10.86,8.7
"Torrecuso",2007,5,30,16.71,10.16,4.2
"Torrecuso",2007,5,31,20.64,10.89,0
"Torrecuso",2007,6,1,21.77,12.34,0
"Torrecuso",2007,6,2,21.76,12.97,0
"Torrecuso",2007,6,3,19.49,13.89,10
"Torrecuso",2007,6,4,23.81,14.15,3.6
"Torrecuso",2007,6,5,23.2,14.69,0
"Torrecuso",2007,6,6,23.24,14.42,0
"Torrecuso",2007,6,7,25.85,13.34,0
"Torrecuso",2007,6,8,23.64,14.44,8.7
"Torrecuso",2007,6,9,25.06,14.14,0
"Torrecuso",2007,6,10,25.3,16.12,0
"Torrecuso",2007,6,11,24.55,16.25,0
"Torrecuso",2007,6,12,24.52,16.72,0
"Torrecuso",2007,6,13,26.23,16.34,0
"Torrecuso",2007,6,14,26.04,16.65,0
"Torrecuso",2007,6,15,26.21,17.78,0
"Torrecuso",2007,6,16,26.31,18.38,0
"Torrecuso",2007,6,17,26.35,18.11,0
"Torrecuso",2007,6,18,29.15,17.19,0
"Torrecuso",2007,6,19,32.49,19.61,0
"Torrecuso",2007,6,20,32.51,19.93,0
"Torrecuso",2007,6,21,30.48,18.64,0
"Torrecuso",2007,6,22,31.33,19.08,0
"Torrecuso",2007,6,23,30.53,19.6,0
"Torrecuso",2007,6,24,33,19.97,0
"Torrecuso",2007,6,25,34.53,22.31,0
"Torrecuso",2007,6,26,33.21,21.25,0
"Torrecuso",2007,6,27,25.74,17.55,0
"Torrecuso",2007,6,28,25.58,16.16,0
"Torrecuso",2007,6,29,26.98,15.49,0
"Torrecuso",2007,6,30,27.82,15.91,0
"Torrecuso",2007,7,1,27.68,17.42,0
"Torrecuso",2007,7,2,28.28,17.5,0
"Torrecuso",2007,7,3,27.75,18.52,0
"Torrecuso",2007,7,4,27.55,17.24,0
"Torrecuso",2007,7,5,26.23,15.45,0
"Torrecuso",2007,7,6,27.02,15.1,0
"Torrecuso",2007,7,7,28.06,15.55,0
"Torrecuso",2007,7,8,28.42,17.06,0
"Torrecuso",2007,7,9,28.85,17.4,0
"Torrecuso",2007,7,10,27.72,17.14,0
"Torrecuso",2007,7,11,25.14,15.89,0
"Torrecuso",2007,7,12,26.05,14.74,0
"Torrecuso",2007,7,13,28.7,15.69,0
"Torrecuso",2007,7,14,29.73,17.48,0
"Torrecuso",2007,7,15,32.05,19.16,0
"Torrecuso",2007,7,16,31.41,19.72,0
"Torrecuso",2007,7,17,32.61,21.6,0
"Torrecuso",2007,7,18,34.53,20.94,0
"Torrecuso",2007,7,19,34.55,22.42,0
"Torrecuso",2007,7,20,34.77,21.69,0
"Torrecuso",2007,7,21,33.88,22.29,0
"Torrecuso",2007,7,22,34.59,21.92,0
"Torrecuso",2007,7,23,34.88,22.95,0
"Torrecuso",2007,7,24,35.48,23.11,0
"Torrecuso",2007,7,25,31.86,20.71,0
"Torrecuso",2007,7,26,30.97,20.46,0
"Torrecuso",2007,7,27,31.5,21.13,0
"Torrecuso",2007,7,28,32.35,21,0
"Torrecuso",2007,7,29,30.28,20.45,0
"Torrecuso",2007,7,30,29.61,19.09,0
"Torrecuso",2007,7,31,29.71,20.21,0
"Torrecuso",2007,8,1,29.83,18.4,0
"Torrecuso",2007,8,2,30.36,18.69,0
"Torrecuso",2007,8,3,30.76,19.18,0
"Torrecuso",2007,8,4,29.74,20.09,0
"Torrecuso",2007,8,5,28.96,18.99,0
"Torrecuso",2007,8,6,29.28,16.77,0
"Torrecuso",2007,8,7,28.56,18,0
"Torrecuso",2007,8,8,29.94,18.85,0
"Torrecuso",2007,8,9,28.28,17.72,0
"Torrecuso",2007,8,10,26.4,15.42,4.3
"Torrecuso",2007,8,11,24.74,15.4,0
"Torrecuso",2007,8,12,27.36,16.53,0
"Torrecuso",2007,8,13,28.66,17.1,0
"Torrecuso",2007,8,14,29.95,17.99,0
"Torrecuso",2007,8,15,30.15,18.9,0
"Torrecuso",2007,8,16,30.65,18.72,0
"Torrecuso",2007,8,17,31.12,19.59,0
"Torrecuso",2007,8,18,30.07,18.63,0
"Torrecuso",2007,8,19,28.59,17.01,0
"Torrecuso",2007,8,20,28.45,17.46,0
"Torrecuso",2007,8,21,30.88,18.73,0
"Torrecuso",2007,8,22,33.96,20.59,0
"Torrecuso",2007,8,23,34.05,23.52,0
"Torrecuso",2007,8,24,34.32,21.54,0
"Torrecuso",2007,8,25,34.6,22.39,0
"Torrecuso",2007,8,26,34.59,22.97,0
"Torrecuso",2007,8,27,33.74,21.41,0
"Torrecuso",2007,8,28,31.97,19.92,0
"Torrecuso",2007,8,29,32.22,20.34,0
"Torrecuso",2007,8,30,33.2,22.38,0
"Torrecuso",2007,8,31,29.96,19.69,0
"Torrecuso",2007,9,1,27.47,18.33,0
"Torrecuso",2007,9,2,28.26,18.04,0
"Torrecuso",2007,9,3,27.46,17.29,0
"Torrecuso",2007,9,4,25.58,14.59,8.6
"Torrecuso",2007,9,5,21.92,11.25,0
"Torrecuso",2007,9,6,20.42,9.03,0
"Torrecuso",2007,9,7,21.3,9.3,0
"Torrecuso",2007,9,8,24.64,12.42,0
"Torrecuso",2007,9,9,24.95,14.74,0
"Torrecuso",2007,9,10,25.82,14.59,0
"Torrecuso",2007,9,11,25.84,15.06,0
"Torrecuso",2007,9,12,26.27,15.83,0
"Torrecuso",2007,9,13,26.12,13.32,0
"Torrecuso",2007,9,14,25.63,14.56,0
"Torrecuso",2007,9,15,28.32,16.09,0
"Torrecuso",2007,9,16,27.94,16.86,0
"Torrecuso",2007,9,17,27.9,17.65,0
"Torrecuso",2007,9,18,28.27,19.1,0
"Torrecuso",2007,9,19,25.31,16.87,0
"Torrecuso",2007,9,20,24.41,14.61,0
"Torrecuso",2007,9,21,24.44,12.77,0
"Torrecuso",2007,9,22,25.35,11.85,0
"Torrecuso",2007,9,23,25.98,13.21,0
"Torrecuso",2007,9,24,25.06,13.41,0
"Torrecuso",2007,9,25,21.85,14.72,3.6
"Torrecuso",2007,9,26,23.23,13.28,5.3
"Torrecuso",2007,9,27,20.91,12.91,8.5
"Torrecuso",2007,9,28,21.38,13.32,0
"Torrecuso",2007,9,29,21.13,11.32,0
"Torrecuso",2007,9,30,24.87,11.39,0
"Torrecuso",2007,10,1,26.13,14.04,0
"Torrecuso",2007,10,2,26.9,14.19,0
"Torrecuso",2007,10,3,26.06,14.17,0
"Torrecuso",2007,10,4,27.2,14.98,0
"Torrecuso",2007,10,5,27.16,15.95,0
"Torrecuso",2007,10,6,26.99,15.47,12.5
"Torrecuso",2007,10,7,23.01,15.21,24.7
"Torrecuso",2007,10,8,24.1,15.53,0
"Torrecuso",2007,10,9,22.81,14.03,0
"Torrecuso",2007,10,10,19.14,14.74,4.1
"Torrecuso",2007,10,11,21.33,14.09,0
"Torrecuso",2007,10,12,22.13,12.65,0
"Torrecuso",2007,10,13,23.25,13.2,0
"Torrecuso",2007,10,14,20.91,10.58,0
"Torrecuso",2007,10,15,21.39,8.64,0
"Torrecuso",2007,10,16,21.32,9.69,0
"Torrecuso",2007,10,17,22.37,11.09,0
"Torrecuso",2007,10,18,20.51,12.23,0
"Torrecuso",2007,10,19,17.34,10.4,0
"Torrecuso",2007,10,20,14.09,6.66,0
"Torrecuso",2007,10,21,10.87,7.79,0
"Torrecuso",2007,10,22,10.68,6.83,0
"Torrecuso",2007,10,23,15.28,5.35,2.4
"Torrecuso",2007,10,24,15.95,8.04,2
"Torrecuso",2007,10,25,17.01,8.09,6.6
"Torrecuso",2007,10,26,22.53,13.3,0
"Torrecuso",2007,10,27,22.7,12.76,0
"Torrecuso",2007,10,28,21.47,12.66,0
"Torrecuso",2007,10,29,20.9,11.49,0
"Torrecuso",2007,10,30,20.33,13.46,0
"Torrecuso",2007,10,31,19.79,14.54,13.4
"Torrecuso",2007,11,1,16.67,11.98,6.8
"Torrecuso",2007,11,2,17.65,11.53,0
"Torrecuso",2007,11,3,20.41,10.63,0
"Torrecuso",2007,11,4,20.39,8.32,0
"Torrecuso",2007,11,5,18.84,8.9,0
"Torrecuso",2007,11,6,14.46,5.67,0
"Torrecuso",2007,11,7,15.72,6.64,0
"Torrecuso",2007,11,8,16.52,4.94,0
"Torrecuso",2007,11,9,15.19,6.4,3.1
"Torrecuso",2007,11,10,14.72,4.59,0
"Torrecuso",2007,11,11,15.1,6.95,2.8
"Torrecuso",2007,11,12,16.86,7.99,2.7
"Torrecuso",2007,11,13,14.23,6.68,0
"Torrecuso",2007,11,14,10.96,4.71,17.9
"Torrecuso",2007,11,15,11.59,4.67,0
"Torrecuso",2007,11,16,8.72,5.11,5.7
"Torrecuso",2007,11,17,10.75,5.43,3.3
"Torrecuso",2007,11,18,8.53,3.55,0
"Torrecuso",2007,11,19,13.26,2.57,0
"Torrecuso",2007,11,20,14.17,3.01,0
"Torrecuso",2007,11,21,16.29,4.39,0
"Torrecuso",2007,11,22,18.4,7.55,0
"Torrecuso",2007,11,23,19.92,11.93,0
"Torrecuso",2007,11,24,19.68,12.91,0
"Torrecuso",2007,11,25,15.84,12.06,1.9
"Torrecuso",2007,11,26,19.71,9.87,0
"Torrecuso",2007,11,27,16.43,7.85,0
"Torrecuso",2007,11,28,13.88,5.79,0
"Torrecuso",2007,11,29,9.7,5.8,14.8
"Torrecuso",2007,11,30,13.32,7.31,2.3
"Torrecuso",2007,12,1,14.57,6.26,0
"Torrecuso",2007,12,2,15.62,7.11,0
"Torrecuso",2007,12,3,14.22,7.35,8.4
"Torrecuso",2007,12,4,13.3,5.2,0
"Torrecuso",2007,12,5,13.25,3.53,0
"Torrecuso",2007,12,6,13.58,2.53,0
"Torrecuso",2007,12,7,13.2,3.21,8.1
"Torrecuso",2007,12,8,12.58,6.22,10.8
"Torrecuso",2007,12,9,10.92,4.51,15.8
"Torrecuso",2007,12,10,14.53,6.61,3.3
"Torrecuso",2007,12,11,12.67,4.38,6.9
"Torrecuso",2007,12,12,12.01,5.04,0
"Torrecuso",2007,12,13,12.72,5.22,0
"Torrecuso",2007,12,14,8.07,0.91,0
"Torrecuso",2007,12,15,3.92,-2.79,0
"Torrecuso",2007,12,16,5.51,-1.78,0
"Torrecuso",2007,12,17,8.05,3.66,6.6
"Torrecuso",2007,12,18,10.68,3.64,0
"Torrecuso",2007,12,19,12.18,2.94,0
"Torrecuso",2007,12,20,13.02,3.14,0
"Torrecuso",2007,12,21,14.05,2.76,0
"Torrecuso",2007,12,22,14.7,3.12,0
"Torrecuso",2007,12,23,14.39,6.09,3.1
"Torrecuso",2007,12,24,14.69,7.02,0
"Torrecuso",2007,12,25,14.32,6.53,1.7
"Torrecuso",2007,12,26,10.07,5.09,2
"Torrecuso",2007,12,27,11.13,3.73,0
"Torrecuso",2007,12,28,12.58,3.36,0
"Torrecuso",2007,12,29,12.92,2.98,0
"Torrecuso",2007,12,30,13.3,2.8,0
"Torrecuso",2007,12,31,11.5,4.41,0
"Torrecuso",2008,1,1,9.28,2.5,0
"Torrecuso",2008,1,2,6.94,-0.35,0
"Torrecuso",2008,1,3,9.99,2.03,0
"Torrecuso",2008,1,4,13.27,5.65,0
"Torrecuso",2008,1,5,15.09,10.67,11.5
"Torrecuso",2008,1,6,12.88,9.81,11.7
"Torrecuso",2008,1,7,14.28,10.63,4.6
"Torrecuso",2008,1,8,16.87,9.22,0
"Torrecuso",2008,1,9,15.14,6.84,0
"Torrecuso",2008,1,10,14.31,8.81,0
"Torrecuso",2008,1,11,14.24,9.37,6.5
"Torrecuso",2008,1,12,13.46,8.14,16
"Torrecuso",2008,1,13,10.72,4.85,16.2
"Torrecuso",2008,1,14,11.85,3.04,0
"Torrecuso",2008,1,15,11.2,2.71,6.2
"Torrecuso",2008,1,16,12.64,7.14,11.2
"Torrecuso",2008,1,17,11.72,8.92,7.9
"Torrecuso",2008,1,18,13.41,6.83,0
"Torrecuso",2008,1,19,14.41,6.02,0
"Torrecuso",2008,1,20,16.62,5.57,0
"Torrecuso",2008,1,21,11.43,5.93,0
"Torrecuso",2008,1,22,9.63,7.99,8
"Torrecuso",2008,1,23,9.47,4.94,0
"Torrecuso",2008,1,24,13.13,2.06,0
"Torrecuso",2008,1,25,13.75,2.26,0
"Torrecuso",2008,1,26,15.2,4.02,0
"Torrecuso",2008,1,27,11.09,3.36,0
"Torrecuso",2008,1,28,16.11,5.04,0
"Torrecuso",2008,1,29,14.76,3.67,0
"Torrecuso",2008,1,30,15.3,4.4,0
"Torrecuso",2008,1,31,11.85,4.86,0
"Torrecuso",2008,2,1,10.58,4.37,1.7
"Torrecuso",2008,2,2,11.96,5.15,1.1
"Torrecuso",2008,2,3,14.06,6.19,0
"Torrecuso",2008,2,4,14.06,8.55,10.3
"Torrecuso",2008,2,5,13.27,6.25,3
"Torrecuso",2008,2,6,14.29,5.44,0
"Torrecuso",2008,2,7,14.76,5.37,0
"Torrecuso",2008,2,8,12.34,5.5,0
"Torrecuso",2008,2,9,12.49,4.68,0
"Torrecuso",2008,2,10,12.14,3.13,0
"Torrecuso",2008,2,11,10.77,3.52,0
"Torrecuso",2008,2,12,11.18,2.52,0
"Torrecuso",2008,2,13,12.95,2.94,0
"Torrecuso",2008,2,14,11.69,1.41,0
"Torrecuso",2008,2,15,11.83,2.47,0
"Torrecuso",2008,2,16,8.41,1.81,0
"Torrecuso",2008,2,17,6.22,-2.88,0
"Torrecuso",2008,2,18,10.14,-2.96,0
"Torrecuso",2008,2,19,11.99,0.36,0
"Torrecuso",2008,2,20,12.64,1.93,0
"Torrecuso",2008,2,21,11.5,7.66,6.2
"Torrecuso",2008,2,22,15.17,6.18,0
"Torrecuso",2008,2,23,16.85,4.99,0
"Torrecuso",2008,2,24,18.67,6.51,0
"Torrecuso",2008,2,25,16.15,7.27,0
"Torrecuso",2008,2,26,16.59,6.7,0
"Torrecuso",2008,2,27,14.44,7.85,0
"Torrecuso",2008,2,28,15.29,9.01,0
"Torrecuso",2008,2,29,16.05,7.34,0
"Torrecuso",2008,3,1,12.68,9.75,2.1
"Torrecuso",2008,3,2,17.07,7.19,0
"Torrecuso",2008,3,3,17.55,10.15,0
"Torrecuso",2008,3,4,17.28,6.93,0
"Torrecuso",2008,3,5,11.01,5.15,8.5
"Torrecuso",2008,3,6,12.07,5.22,19.8
"Torrecuso",2008,3,7,8.45,3.11,6.6
"Torrecuso",2008,3,8,13.43,2.84,0
"Torrecuso",2008,3,9,13.8,3.62,0
"Torrecuso",2008,3,10,11.53,5.04,15.7
"Torrecuso",2008,3,11,12.41,7.12,13.4
"Torrecuso",2008,3,12,16,5.94,0
"Torrecuso",2008,3,13,18.21,7.89,0
"Torrecuso",2008,3,14,18.15,7.65,0
"Torrecuso",2008,3,15,17.26,10.06,0
"Torrecuso",2008,3,16,17.55,9.62,0
"Torrecuso",2008,3,17,15.65,8.96,0
"Torrecuso",2008,3,18,14.87,7.39,0
"Torrecuso",2008,3,19,14.38,7.9,4.5
"Torrecuso",2008,3,20,11.9,5.42,5.6
"Torrecuso",2008,3,21,10.79,3.37,7.5
"Torrecuso",2008,3,22,10.63,8.59,20.8
"Torrecuso",2008,3,23,13.05,7.1,13.5
"Torrecuso",2008,3,24,10.01,3.39,11.2
"Torrecuso",2008,3,25,11.64,3.39,2.3
"Torrecuso",2008,3,26,11.93,5.3,1.6
"Torrecuso",2008,3,27,14.82,6.89,12.3
"Torrecuso",2008,3,28,17.16,6.87,6.8
"Torrecuso",2008,3,29,18.9,7.14,0
"Torrecuso",2008,3,30,19.03,7.95,0
"Torrecuso",2008,3,31,17.88,7.8,0
"Torrecuso",2008,4,1,19.77,7.65,0
"Torrecuso",2008,4,2,18.31,8.38,0
"Torrecuso",2008,4,3,15.23,7.47,0
"Torrecuso",2008,4,4,11.81,6.07,5.9
"Torrecuso",2008,4,5,15.04,6.6,5.2
"Torrecuso",2008,4,6,14.88,5.49,0
"Torrecuso",2008,4,7,18.33,8.09,0
"Torrecuso",2008,4,8,17.11,10.63,12.8
"Torrecuso",2008,4,9,17.88,10.51,0
"Torrecuso",2008,4,10,20.56,13.59,0
"Torrecuso",2008,4,11,19.73,13.73,4.3
"Torrecuso",2008,4,12,17,9.91,6.1
"Torrecuso",2008,4,13,16.02,7.91,0
"Torrecuso",2008,4,14,16.37,7.35,0
"Torrecuso",2008,4,15,15.46,6.25,9
"Torrecuso",2008,4,16,17.12,5.86,0
"Torrecuso",2008,4,17,13.8,8.34,4.7
"Torrecuso",2008,4,18,18.48,10.38,8
"Torrecuso",2008,4,19,19.88,11.34,6.1
"Torrecuso",2008,4,20,21.8,9.94,0
"Torrecuso",2008,4,21,19.81,10.59,2.9
"Torrecuso",2008,4,22,15.2,9.58,9
"Torrecuso",2008,4,23,17.48,10.53,4.4
"Torrecuso",2008,4,24,18.82,9.49,6.3
"Torrecuso",2008,4,25,19.75,8.44,0
"Torrecuso",2008,4,26,18.62,9.31,0
"Torrecuso",2008,4,27,19.87,8.28,0
"Torrecuso",2008,4,28,19.46,9.05,0
"Torrecuso",2008,4,29,16.1,8.74,0
"Torrecuso",2008,4,30,18.96,9.43,0
"Torrecuso",2008,5,1,21.36,9.76,0
"Torrecuso",2008,5,2,22.03,11.82,0
"Torrecuso",2008,5,3,23.55,12.48,0
"Torrecuso",2008,5,4,23.46,11.78,0
"Torrecuso",2008,5,5,20.41,11.44,1.4
"Torrecuso",2008,5,6,19.78,11.86,0
"Torrecuso",2008,5,7,21.03,10.15,0
"Torrecuso",2008,5,8,21.51,10.44,0
"Torrecuso",2008,5,9,22.15,10.6,0
"Torrecuso",2008,5,10,23.58,11.79,0
"Torrecuso",2008,5,11,23.31,13.15,0
"Torrecuso",2008,5,12,19.69,13.61,2.6
"Torrecuso",2008,5,13,18.32,13.75,5.2
"Torrecuso",2008,5,14,20.46,13.07,0
"Torrecuso",2008,5,15,20.17,12.17,0
"Torrecuso",2008,5,16,21.81,12.61,0
"Torrecuso",2008,5,17,28.25,15.5,0
"Torrecuso",2008,5,18,21.97,14.19,0
"Torrecuso",2008,5,19,25.25,13.03,6.4
"Torrecuso",2008,5,20,19.29,13.32,12.5
"Torrecuso",2008,5,21,18.49,13.17,24.6
"Torrecuso",2008,5,22,20.83,12.78,0
"Torrecuso",2008,5,23,21.16,11.84,0
"Torrecuso",2008,5,24,23.7,12.21,0
"Torrecuso",2008,5,25,27.19,14.13,0
"Torrecuso",2008,5,26,30.65,16.69,0
"Torrecuso",2008,5,27,33.15,18.76,0
"Torrecuso",2008,5,28,30.91,19.4,0
"Torrecuso",2008,5,29,29.4,17.87,0
"Torrecuso",2008,5,30,23.42,15.88,0
"Torrecuso",2008,5,31,24.97,13.69,0
"Torrecuso",2008,6,1,27.44,15.23,0
"Torrecuso",2008,6,2,26.65,17.32,0
"Torrecuso",2008,6,3,24.98,17.56,11.5
"Torrecuso",2008,6,4,24.07,15.09,3.6
"Torrecuso",2008,6,5,22.08,13.68,7.3
"Torrecuso",2008,6,6,22.23,11.25,5
"Torrecuso",2008,6,7,21,14.1,9.2
"Torrecuso",2008,6,8,21.87,14.03,0
"Torrecuso",2008,6,9,23.63,13.73,0
"Torrecuso",2008,6,10,24.98,15.39,0
"Torrecuso",2008,6,11,24.31,15.72,0
"Torrecuso",2008,6,12,21.87,15.47,9.4
"Torrecuso",2008,6,13,22.29,14.25,0
"Torrecuso",2008,6,14,22.97,13.17,7.8
"Torrecuso",2008,6,15,22.92,12.88,0
"Torrecuso",2008,6,16,25.69,14.43,0
"Torrecuso",2008,6,17,27.42,16.64,1.2
"Torrecuso",2008,6,18,27.64,17.7,0
"Torrecuso",2008,6,19,26.98,18.15,0
"Torrecuso",2008,6,20,27.35,18.52,0
"Torrecuso",2008,6,21,29.9,19.02,0
"Torrecuso",2008,6,22,30.6,20.41,0
"Torrecuso",2008,6,23,29.61,20.59,0
"Torrecuso",2008,6,24,31.59,20.67,0
"Torrecuso",2008,6,25,31.42,21.46,0
"Torrecuso",2008,6,26,31.77,21.78,0
"Torrecuso",2008,6,27,31.16,20.82,0
"Torrecuso",2008,6,28,31.42,21.55,0
"Torrecuso",2008,6,29,31.93,21.22,0
"Torrecuso",2008,6,30,31.28,22.15,0
"Torrecuso",2008,7,1,30.97,21.63,0
"Torrecuso",2008,7,2,29.62,20.95,0
"Torrecuso",2008,7,3,29.76,20.49,0
"Torrecuso",2008,7,4,30.46,21.73,0
"Torrecuso",2008,7,5,29.94,20.87,0
"Torrecuso",2008,7,6,29.74,20.35,0
"Torrecuso",2008,7,7,31.31,20.06,0
"Torrecuso",2008,7,8,30.14,20.19,0
"Torrecuso",2008,7,9,29.28,18.42,0
"Torrecuso",2008,7,10,29.04,18.52,0
"Torrecuso",2008,7,11,29.8,19.13,0
"Torrecuso",2008,7,12,31.53,19.2,0
"Torrecuso",2008,7,13,31.11,19.57,0
"Torrecuso",2008,7,14,29.53,18.31,0
"Torrecuso",2008,7,15,28.06,17.36,0
"Torrecuso",2008,7,16,29.43,18.36,0
"Torrecuso",2008,7,17,28.49,18.12,0
"Torrecuso",2008,7,18,29.15,17.82,0
"Torrecuso",2008,7,19,29.3,19.06,0
"Torrecuso",2008,7,20,30.34,19.76,0
"Torrecuso",2008,7,21,29.18,19.23,0
"Torrecuso",2008,7,22,27.15,18.13,5.3
"Torrecuso",2008,7,23,25.14,16.62,0
"Torrecuso",2008,7,24,26.67,17,0
"Torrecuso",2008,7,25,27.86,18.42,0
"Torrecuso",2008,7,26,29.32,17.94,0
"Torrecuso",2008,7,27,28.56,19.66,0
"Torrecuso",2008,7,28,29.32,19.39,0
"Torrecuso",2008,7,29,30.64,20.06,0
"Torrecuso",2008,7,30,31.12,21.93,0
"Torrecuso",2008,7,31,31.26,21.07,0
"Torrecuso",2008,8,1,31.63,19.91,0
"Torrecuso",2008,8,2,32.15,19.96,0
"Torrecuso",2008,8,3,32.4,20.89,0
"Torrecuso",2008,8,4,32.37,21.2,0
"Torrecuso",2008,8,5,30.84,20.83,0
"Torrecuso",2008,8,6,32.2,22,0
"Torrecuso",2008,8,7,31.53,22.11,0
"Torrecuso",2008,8,8,32.27,20.86,0
"Torrecuso",2008,8,9,30.32,20.74,0
"Torrecuso",2008,8,10,29.84,20.24,0
"Torrecuso",2008,8,11,30.3,18.64,0
"Torrecuso",2008,8,12,29.9,17.85,0
"Torrecuso",2008,8,13,32.14,19.4,0
"Torrecuso",2008,8,14,32.46,20.67,0
"Torrecuso",2008,8,15,32.44,20.35,0
"Torrecuso",2008,8,16,26.99,18.68,0
"Torrecuso",2008,8,17,26.83,17.7,0
"Torrecuso",2008,8,18,29.28,17.85,0
"Torrecuso",2008,8,19,31.34,18.36,0
"Torrecuso",2008,8,20,31.36,18.6,0
"Torrecuso",2008,8,21,32.71,20.7,0
"Torrecuso",2008,8,22,31.95,20.63,0
"Torrecuso",2008,8,23,30.38,18.8,0
"Torrecuso",2008,8,24,28.92,20.04,0
"Torrecuso",2008,8,25,28.37,19.6,0
"Torrecuso",2008,8,26,29.62,18.12,0
"Torrecuso",2008,8,27,28.09,19.22,0
"Torrecuso",2008,8,28,28.39,17.94,0
"Torrecuso",2008,8,29,29.42,17.97,0
"Torrecuso",2008,8,30,29.44,19.06,0
"Torrecuso",2008,8,31,30.45,19.36,0
"Torrecuso",2008,9,1,29.78,20.13,0
"Torrecuso",2008,9,2,30.56,18.49,0
"Torrecuso",2008,9,3,29.48,18.17,0
"Torrecuso",2008,9,4,30.25,18.11,0
"Torrecuso",2008,9,5,30.49,18.85,0
"Torrecuso",2008,9,6,32.78,21.06,0
"Torrecuso",2008,9,7,34.64,22.04,0
"Torrecuso",2008,9,8,32.29,20.99,0
"Torrecuso",2008,9,9,31.24,19.37,0
"Torrecuso",2008,9,10,33.03,19.38,0
"Torrecuso",2008,9,11,31.92,19.69,0
"Torrecuso",2008,9,12,31.19,19.04,7.9
"Torrecuso",2008,9,13,26.99,18.59,3.8
"Torrecuso",2008,9,14,23.31,15.5,12.2
"Torrecuso",2008,9,15,22.96,14.23,5.5
"Torrecuso",2008,9,16,21.52,13.51,3.3
"Torrecuso",2008,9,17,23.02,12.23,0
"Torrecuso",2008,9,18,23.16,11.95,0
"Torrecuso",2008,9,19,19.02,12.22,8.9
"Torrecuso",2008,9,20,19.22,12.16,0
"Torrecuso",2008,9,21,20.51,11.47,0.7
"Torrecuso",2008,9,22,18.91,10.89,5.8
"Torrecuso",2008,9,23,20,10.93,0
"Torrecuso",2008,9,24,21.43,14.29,0
"Torrecuso",2008,9,25,21.2,13.49,0
"Torrecuso",2008,9,26,20.08,12,0
"Torrecuso",2008,9,27,20.22,11.18,0
"Torrecuso",2008,9,28,19.24,11.71,0
"Torrecuso",2008,9,29,19.55,10.88,0
"Torrecuso",2008,9,30,21.32,10.14,0
"Torrecuso",2008,10,1,22.7,12.68,3.2
"Torrecuso",2008,10,2,23.59,14.14,0
"Torrecuso",2008,10,3,23.66,14.74,10.3
"Torrecuso",2008,10,4,18.39,9.96,7.9
"Torrecuso",2008,10,5,18.59,7.57,0
"Torrecuso",2008,10,6,20.8,9.85,0
"Torrecuso",2008,10,7,22.66,12.37,0
"Torrecuso",2008,10,8,22.6,12.09,0
"Torrecuso",2008,10,9,23.82,12.42,0
"Torrecuso",2008,10,10,24.2,13.75,0
"Torrecuso",2008,10,11,23.81,13.4,0
"Torrecuso",2008,10,12,23.51,11.98,0
"Torrecuso",2008,10,13,24.19,11.77,0
"Torrecuso",2008,10,14,22.92,13.8,0
"Torrecuso",2008,10,15,21.95,13.68,0
"Torrecuso",2008,10,16,23.02,14.04,0
"Torrecuso",2008,10,17,21.02,13.4,0
"Torrecuso",2008,10,18,22.89,12.71,0
"Torrecuso",2008,10,19,22.47,13.52,0
"Torrecuso",2008,10,20,23.06,12.63,0
"Torrecuso",2008,10,21,22.44,12.49,0
"Torrecuso",2008,10,22,22.56,10.63,0
"Torrecuso",2008,10,23,21.86,12.01,0
"Torrecuso",2008,10,24,22.62,13.73,0
"Torrecuso",2008,10,25,22.27,14.79,0
"Torrecuso",2008,10,26,22.29,13.95,0
"Torrecuso",2008,10,27,22.03,12.55,0
"Torrecuso",2008,10,28,19.86,13.68,24.6
"Torrecuso",2008,10,29,22.94,16.12,19.1
"Torrecuso",2008,10,30,19,13.87,8.6
"Torrecuso",2008,10,31,22.23,12.46,1.4
"Torrecuso",2008,11,1,22.86,16.32,2.7
"Torrecuso",2008,11,2,23.49,13.59,0
"Torrecuso",2008,11,3,26.57,12.67,2.3
"Torrecuso",2008,11,4,22.22,16.87,2.4
"Torrecuso",2008,11,5,22.77,13.58,17.1
"Torrecuso",2008,11,6,18.97,11.68,0
"Torrecuso",2008,11,7,16.03,10.56,0
"Torrecuso",2008,11,8,17.88,9.37,0
"Torrecuso",2008,11,9,18.25,7.81,0
"Torrecuso",2008,11,10,19.46,8.84,0
"Torrecuso",2008,11,11,18.74,7.71,0
"Torrecuso",2008,11,12,16.49,6.79,0
"Torrecuso",2008,11,13,15.33,9.89,29.8
"Torrecuso",2008,11,14,17.7,10.23,0
"Torrecuso",2008,11,15,16.69,12.08,7.6
"Torrecuso",2008,11,16,17.82,11.55,0
"Torrecuso",2008,11,17,16.15,10.1,0
"Torrecuso",2008,11,18,15.01,6.16,0
"Torrecuso",2008,11,19,14.5,5.28,0
"Torrecuso",2008,11,20,15.75,7.41,0
"Torrecuso",2008,11,21,14.19,11.67,13
"Torrecuso",2008,11,22,12.7,4.76,9.1
"Torrecuso",2008,11,23,8.22,1.82,0
"Torrecuso",2008,11,24,11.86,2.38,15.6
"Torrecuso",2008,11,25,13.23,8.99,11.7
"Torrecuso",2008,11,26,12.5,5.91,0
"Torrecuso",2008,11,27,13.39,5.96,0
"Torrecuso",2008,11,28,12.97,9.23,48.1
"Torrecuso",2008,11,29,14.56,10.12,15.2
"Torrecuso",2008,11,30,17.1,10.89,11.1
"Torrecuso",2008,12,1,15.62,9.05,4.2
"Torrecuso",2008,12,2,11.38,7.98,5.9
"Torrecuso",2008,12,3,12.76,6.05,0
"Torrecuso",2008,12,4,12.64,6.66,4.9
"Torrecuso",2008,12,5,14.04,9.05,22.5
"Torrecuso",2008,12,6,14.78,8.81,6.3
"Torrecuso",2008,12,7,14.28,4.56,0
"Torrecuso",2008,12,8,12.57,3.25,0
"Torrecuso",2008,12,9,13.07,2.11,0
"Torrecuso",2008,12,10,14.48,6.32,16.4
"Torrecuso",2008,12,11,14.44,9.79,31.2
"Torrecuso",2008,12,12,9.66,6.86,18.1
"Torrecuso",2008,12,13,12.22,4.38,6.7
"Torrecuso",2008,12,14,12.6,5.73,5.4
"Torrecuso",2008,12,15,13.19,7.92,18
"Torrecuso",2008,12,16,13.84,9.32,6.8
"Torrecuso",2008,12,17,13.91,6.73,8.2
"Torrecuso",2008,12,18,10.41,4.58,6.2
"Torrecuso",2008,12,19,11.56,4.5,0
"Torrecuso",2008,12,20,13.2,4.17,0
"Torrecuso",2008,12,21,12.73,3.98,0
"Torrecuso",2008,12,22,15.53,5.24,0
"Torrecuso",2008,12,23,15.56,3.93,0
"Torrecuso",2008,12,24,14.74,3.33,0
"Torrecuso",2008,12,25,9.68,4.79,1
"Torrecuso",2008,12,26,7.39,5.36,2.5
"Torrecuso",2008,12,27,7.1,4.04,0
"Torrecuso",2008,12,28,7.08,3.84,2.6
"Torrecuso",2008,12,29,13.18,6.9,0
"Torrecuso",2008,12,30,11.08,3.94,0
"Torrecuso",2008,12,31,12.38,2.45,0
"Torrecuso",2009,1,1,11.95,5.29,22.8
"Torrecuso",2009,1,2,11.7,4.53,9.1
"Torrecuso",2009,1,3,7.99,5.76,25.7
"Torrecuso",2009,1,4,8.87,0.74,0
"Torrecuso",2009,1,5,10.24,1.52,0
"Torrecuso",2009,1,6,8.7,0.24,0
"Torrecuso",2009,1,7,8.61,4.75,26
"Torrecuso",2009,1,8,10.35,4.2,14.6
"Torrecuso",2009,1,9,11.26,6.85,0
"Torrecuso",2009,1,10,11.43,8.01,4.3
"Torrecuso",2009,1,11,13.71,7.92,0
"Torrecuso",2009,1,12,10.47,7.56,5.7
"Torrecuso",2009,1,13,12.67,9.28,16.2
"Torrecuso",2009,1,14,11.85,8.77,11.1
"Torrecuso",2009,1,15,12.35,6.61,4.4
"Torrecuso",2009,1,16,14.1,6.08,0
"Torrecuso",2009,1,17,13.64,3.68,0
"Torrecuso",2009,1,18,12.05,3.83,3.6
"Torrecuso",2009,1,19,13.86,8.61,0
"Torrecuso",2009,1,20,15.12,9.09,4
"Torrecuso",2009,1,21,11.78,9.88,21.1
"Torrecuso",2009,1,22,12.23,7.32,7.4
"Torrecuso",2009,1,23,12.19,5.48,5.2
"Torrecuso",2009,1,24,11.57,6.02,19.5
"Torrecuso",2009,1,25,9.97,6.19,7.5
"Torrecuso",2009,1,26,11.06,4.96,18.6
"Torrecuso",2009,1,27,9.52,4.09,16.5
"Torrecuso",2009,1,28,10.75,3.76,2.9
"Torrecuso",2009,1,29,11.19,3.33,0
"Torrecuso",2009,1,30,10.89,4.87,0
"Torrecuso",2009,1,31,11.77,3.01,0
"Torrecuso",2009,2,1,11.4,4.44,2.6
"Torrecuso",2009,2,2,12.66,7.31,2
"Torrecuso",2009,2,3,14.65,11.99,10.4
"Torrecuso",2009,2,4,13.52,9.2,11.7
"Torrecuso",2009,2,5,15.45,8.58,1.7
"Torrecuso",2009,2,6,13.59,8.81,3.1
"Torrecuso",2009,2,7,13.15,7.1,14.2
"Torrecuso",2009,2,8,10.09,4.42,6.7
"Torrecuso",2009,2,9,11.95,2.99,0
"Torrecuso",2009,2,10,10.26,4.15,1.6
"Torrecuso",2009,2,11,9.91,3.09,4.1
"Torrecuso",2009,2,12,8.65,1.3,4.4
"Torrecuso",2009,2,13,7.04,-0.65,0
"Torrecuso",2009,2,14,7.09,-0.5,0
"Torrecuso",2009,2,15,7.71,-1.21,0
"Torrecuso",2009,2,16,7.82,-1.76,0
"Torrecuso",2009,2,17,9,-0.79,0
"Torrecuso",2009,2,18,6.07,-1.17,6.1
"Torrecuso",2009,2,19,5.92,-1.77,0
"Torrecuso",2009,2,20,8.66,-0.59,0
"Torrecuso",2009,2,21,11.34,0.6,0
"Torrecuso",2009,2,22,10.21,2.18,0
"Torrecuso",2009,2,23,11.28,0.46,0
"Torrecuso",2009,2,24,9.65,4.36,0
"Torrecuso",2009,2,25,12.22,1.77,0
"Torrecuso",2009,2,26,11.95,0.01,0
"Torrecuso",2009,2,27,14.39,3.05,0
"Torrecuso",2009,2,28,15.59,4.55,0
"Torrecuso",2009,3,1,12.93,6.29,6.6
"Torrecuso",2009,3,2,13.58,7.43,4.1
"Torrecuso",2009,3,3,15.33,7.82,4.5
"Torrecuso",2009,3,4,14.78,8.5,19.2
"Torrecuso",2009,3,5,11.6,5.55,19.1
"Torrecuso",2009,3,6,10.1,3.76,6
"Torrecuso",2009,3,7,12.87,4.42,0
"Torrecuso",2009,3,8,14.31,5.24,0
"Torrecuso",2009,3,9,14.69,4.94,0
"Torrecuso",2009,3,10,13.8,4.2,0
"Torrecuso",2009,3,11,14,5.73,9.8
"Torrecuso",2009,3,12,13.4,4.15,0
"Torrecuso",2009,3,13,14.8,3.5,0
"Torrecuso",2009,3,14,16.11,5.34,0
"Torrecuso",2009,3,15,15.96,6.21,0
"Torrecuso",2009,3,16,16.64,7.7,0
"Torrecuso",2009,3,17,16.18,6.3,0
"Torrecuso",2009,3,18,16.08,4.85,0
"Torrecuso",2009,3,19,12.9,4.39,13.3
"Torrecuso",2009,3,20,8.68,2.66,12.1
"Torrecuso",2009,3,21,8.93,2.31,0
"Torrecuso",2009,3,22,10.82,3.88,0
"Torrecuso",2009,3,23,13.06,2.79,0
"Torrecuso",2009,3,24,12.68,3.87,5.2
"Torrecuso",2009,3,25,12.95,2.87,7.9
"Torrecuso",2009,3,26,13.26,4.91,7
"Torrecuso",2009,3,27,14.73,4.93,0
"Torrecuso",2009,3,28,17.2,6.09,2.3
"Torrecuso",2009,3,29,17.89,11.99,18.3
"Torrecuso",2009,3,30,20.67,12.76,0
"Torrecuso",2009,3,31,18.78,12.04,4.4
"Torrecuso",2009,4,1,20.08,9.94,10
"Torrecuso",2009,4,2,17.03,8.89,0
"Torrecuso",2009,4,3,17.55,8,0
"Torrecuso",2009,4,4,18.01,9.34,4.8
"Torrecuso",2009,4,5,18.83,9.15,2.5
"Torrecuso",2009,4,6,18.92,10.4,0
"Torrecuso",2009,4,7,18.1,9.68,0
"Torrecuso",2009,4,8,19.71,8.85,0
"Torrecuso",2009,4,9,20.16,12.07,0
"Torrecuso",2009,4,10,20.01,10.9,0
"Torrecuso",2009,4,11,20.64,10.05,0
"Torrecuso",2009,4,12,19.93,9.83,3.1
"Torrecuso",2009,4,13,16.78,11.9,4
"Torrecuso",2009,4,14,17.45,10.17,0
"Torrecuso",2009,4,15,19.27,9.94,0
"Torrecuso",2009,4,16,20.03,9.2,0
"Torrecuso",2009,4,17,18.1,10.93,0
"Torrecuso",2009,4,18,18.26,10.31,0
"Torrecuso",2009,4,19,15.02,10.66,8.2
"Torrecuso",2009,4,20,18.34,10.41,10.8
"Torrecuso",2009,4,21,16.15,11.78,10.5
"Torrecuso",2009,4,22,16.48,11.79,2.8
"Torrecuso",2009,4,23,17.36,9.84,6.5
"Torrecuso",2009,4,24,17.62,9.98,4.6
"Torrecuso",2009,4,25,20.44,9.87,0
"Torrecuso",2009,4,26,21.85,13.55,0
"Torrecuso",2009,4,27,20.93,11.2,20.3
"Torrecuso",2009,4,28,14.49,10.3,22.2
"Torrecuso",2009,4,29,17.31,10.67,5
"Torrecuso",2009,4,30,15.59,8.26,8.4
"Torrecuso",2009,5,1,18.38,8.24,0
"Torrecuso",2009,5,2,19.81,10.84,0
"Torrecuso",2009,5,3,16.79,8.86,5.4
"Torrecuso",2009,5,4,18.61,8.5,2
"Torrecuso",2009,5,5,19.45,9.94,0
"Torrecuso",2009,5,6,19.52,9.76,0
"Torrecuso",2009,5,7,21.94,11.91,0
"Torrecuso",2009,5,8,20.79,11.7,0
"Torrecuso",2009,5,9,22.34,11.52,0
"Torrecuso",2009,5,10,24.29,12.3,0
"Torrecuso",2009,5,11,23.18,12.32,0
"Torrecuso",2009,5,12,24.42,12.73,0
"Torrecuso",2009,5,13,24.15,13.94,0
"Torrecuso",2009,5,14,25.08,13.18,0
"Torrecuso",2009,5,15,25.5,14.65,0
"Torrecuso",2009,5,16,25.73,16.1,0
"Torrecuso",2009,5,17,27.48,16.67,0
"Torrecuso",2009,5,18,26.13,16.01,0
"Torrecuso",2009,5,19,26.88,16,0
"Torrecuso",2009,5,20,26.63,17.12,0
"Torrecuso",2009,5,21,28.28,17.77,0
"Torrecuso",2009,5,22,27.53,17.29,0
"Torrecuso",2009,5,23,28.14,17.05,0
"Torrecuso",2009,5,24,28.32,18.31,0
"Torrecuso",2009,5,25,30.13,18.57,0
"Torrecuso",2009,5,26,29.25,18.85,0
"Torrecuso",2009,5,27,26.99,17.53,0
"Torrecuso",2009,5,28,25.21,15.94,10.6
"Torrecuso",2009,5,29,24.82,14.05,0
"Torrecuso",2009,5,30,22.88,12.72,4.6
"Torrecuso",2009,5,31,23.2,14.42,11.9
"Torrecuso",2009,6,1,20.29,16.37,28.6
"Torrecuso",2009,6,2,19.68,14.46,26.9
"Torrecuso",2009,6,3,22.9,13.68,0
"Torrecuso",2009,6,4,23.75,13.71,0
"Torrecuso",2009,6,5,24.97,14.74,0
"Torrecuso",2009,6,6,25.28,17.29,0
"Torrecuso",2009,6,7,23.32,15.74,0
"Torrecuso",2009,6,8,25.75,14.73,0
"Torrecuso",2009,6,9,27.53,14.73,0
"Torrecuso",2009,6,10,27.96,17.12,0
"Torrecuso",2009,6,11,26.83,16.7,0
"Torrecuso",2009,6,12,27.33,15.93,0
"Torrecuso",2009,6,13,27.97,18.14,0
"Torrecuso",2009,6,14,29.47,19.21,0
"Torrecuso",2009,6,15,29.29,18.08,0
"Torrecuso",2009,6,16,29.36,18.38,0
"Torrecuso",2009,6,17,31.59,18.56,0
"Torrecuso",2009,6,18,30.29,19.67,0
"Torrecuso",2009,6,19,28.06,18.42,0
"Torrecuso",2009,6,20,28.44,18.47,0
"Torrecuso",2009,6,21,23.55,15.81,11.8
"Torrecuso",2009,6,22,20.93,14.57,13.4
"Torrecuso",2009,6,23,20.37,13.22,8.2
"Torrecuso",2009,6,24,20.71,13.43,0
"Torrecuso",2009,6,25,23.67,14.6,4.3
"Torrecuso",2009,6,26,23.98,16.27,0
"Torrecuso",2009,6,27,25.22,15.78,0
"Torrecuso",2009,6,28,25.22,16.29,5.7
"Torrecuso",2009,6,29,25.21,16.87,9.5
"Torrecuso",2009,6,30,26.78,17.74,7.4
"Torrecuso",2009,7,1,25.8,18.52,0
"Torrecuso",2009,7,2,26.52,17.95,14.9
"Torrecuso",2009,7,3,27.19,17.41,0
"Torrecuso",2009,7,4,27.57,18.86,6.4
"Torrecuso",2009,7,5,26.24,18.99,8
"Torrecuso",2009,7,6,26.82,18.52,0
"Torrecuso",2009,7,7,28.45,19.51,0
"Torrecuso",2009,7,8,28.42,18.75,0
"Torrecuso",2009,7,9,26.44,17.85,0
"Torrecuso",2009,7,10,26.61,17.04,0
"Torrecuso",2009,7,11,25.95,16.79,0
"Torrecuso",2009,7,12,26.56,17.16,0
"Torrecuso",2009,7,13,28.47,17.77,0
"Torrecuso",2009,7,14,30.46,19,0
"Torrecuso",2009,7,15,31.68,19.83,0
"Torrecuso",2009,7,16,32.96,20.91,0
"Torrecuso",2009,7,17,30.43,21.17,0
"Torrecuso",2009,7,18,27.42,17.71,0
"Torrecuso",2009,7,19,26.22,15.49,0
"Torrecuso",2009,7,20,27.53,16.88,0
"Torrecuso",2009,7,21,29.92,17.88,0
"Torrecuso",2009,7,22,30.62,18.64,0
"Torrecuso",2009,7,23,31.92,19.99,0
"Torrecuso",2009,7,24,33.95,21.93,0
"Torrecuso",2009,7,25,32.37,20.7,0
"Torrecuso",2009,7,26,31.23,20.77,0
"Torrecuso",2009,7,27,29.86,19.57,0
"Torrecuso",2009,7,28,29.73,18.62,0
"Torrecuso",2009,7,29,32.59,19.69,0
"Torrecuso",2009,7,30,32.1,20.79,0
"Torrecuso",2009,7,31,31.4,20.75,0
"Torrecuso",2009,8,1,31.56,20.91,0
"Torrecuso",2009,8,2,32.22,19.06,0
"Torrecuso",2009,8,3,31.41,19.48,0
"Torrecuso",2009,8,4,27.38,19.48,0
"Torrecuso",2009,8,5,27.94,18.57,0
"Torrecuso",2009,8,6,29.91,19.63,0
"Torrecuso",2009,8,7,29.97,20.16,0
"Torrecuso",2009,8,8,30.51,19.56,0
"Torrecuso",2009,8,9,29.2,20.07,0
"Torrecuso",2009,8,10,29.05,19.95,0
"Torrecuso",2009,8,11,29.87,20.36,0
"Torrecuso",2009,8,12,31.06,20.68,0
"Torrecuso",2009,8,13,30.31,20.28,0
"Torrecuso",2009,8,14,30.45,20.23,0
"Torrecuso",2009,8,15,31.48,21.11,0
"Torrecuso",2009,8,16,32.63,20.99,0
"Torrecuso",2009,8,17,31.83,22.09,0
"Torrecuso",2009,8,18,33.23,20.79,0
"Torrecuso",2009,8,19,33.99,22.3,0
"Torrecuso",2009,8,20,33.83,22.89,0
"Torrecuso",2009,8,21,32.07,21.14,0
"Torrecuso",2009,8,22,31.96,21.05,0
"Torrecuso",2009,8,23,31.84,20.98,0
"Torrecuso",2009,8,24,31.52,21.97,0
"Torrecuso",2009,8,25,30.68,21.26,0
"Torrecuso",2009,8,26,32.73,20.62,0
"Torrecuso",2009,8,27,32.13,20.15,0
"Torrecuso",2009,8,28,31.45,20.94,0
"Torrecuso",2009,8,29,31.84,19.6,0
"Torrecuso",2009,8,30,30.48,20.22,0
"Torrecuso",2009,8,31,30.3,20.74,0
"Torrecuso",2009,9,1,30.45,21.15,0
"Torrecuso",2009,9,2,30.61,19.97,0
"Torrecuso",2009,9,3,31.22,19.63,0
"Torrecuso",2009,9,4,29.55,20.26,0
"Torrecuso",2009,9,5,29.25,19.14,0
"Torrecuso",2009,9,6,27.87,18.73,0
"Torrecuso",2009,9,7,26.73,16.44,0
"Torrecuso",2009,9,8,27.24,16.26,0
"Torrecuso",2009,9,9,26.71,16.62,0
"Torrecuso",2009,9,10,26.61,15.73,0
"Torrecuso",2009,9,11,27.1,17.06,3
"Torrecuso",2009,9,12,26.31,15.97,0
"Torrecuso",2009,9,13,24.7,16.14,0
"Torrecuso",2009,9,14,24.38,14.34,8.7
"Torrecuso",2009,9,15,24.78,15.44,22.5
"Torrecuso",2009,9,16,23.42,16.4,24.1
"Torrecuso",2009,9,17,24.79,16.17,4
"Torrecuso",2009,9,18,25.36,16.54,0
"Torrecuso",2009,9,19,26.58,16.67,0
"Torrecuso",2009,9,20,23.33,16.75,8.7
"Torrecuso",2009,9,21,21.68,16.49,8.7
"Torrecuso",2009,9,22,23.83,17.32,0
"Torrecuso",2009,9,23,24.32,16.93,0
"Torrecuso",2009,9,24,23.44,17.12,1.8
"Torrecuso",2009,9,25,24.41,18.83,0
"Torrecuso",2009,9,26,25.05,18.24,0
"Torrecuso",2009,9,27,25.21,18.56,0
"Torrecuso",2009,9,28,26.33,17.18,0
"Torrecuso",2009,9,29,24.99,15.54,0
"Torrecuso",2009,9,30,26.34,15.63,0
"Torrecuso",2009,10,1,25.96,16.1,0
"Torrecuso",2009,10,2,21.69,16.51,6
"Torrecuso",2009,10,3,23.79,14.93,0
"Torrecuso",2009,10,4,23.76,13.7,0
"Torrecuso",2009,10,5,25.14,14.07,0
"Torrecuso",2009,10,6,24.42,15.15,0
"Torrecuso",2009,10,7,26.02,15.38,0
"Torrecuso",2009,10,8,24.39,15.98,0
"Torrecuso",2009,10,9,25.22,15.27,0
"Torrecuso",2009,10,10,24.18,16.43,4.1
"Torrecuso",2009,10,11,23.16,15.52,6.3
"Torrecuso",2009,10,12,21.01,11.36,10.1
"Torrecuso",2009,10,13,16.92,8.84,0
"Torrecuso",2009,10,14,14.94,6.65,0
"Torrecuso",2009,10,15,13.95,6.7,0
"Torrecuso",2009,10,16,15.53,6.93,0
"Torrecuso",2009,10,17,15.03,6.79,0
"Torrecuso",2009,10,18,11.74,9.38,6.7
"Torrecuso",2009,10,19,14.7,8.01,3.1
"Torrecuso",2009,10,20,16.01,7.06,2.1
"Torrecuso",2009,10,21,21.42,8.85,0
"Torrecuso",2009,10,22,19.94,14.79,15.3
"Torrecuso",2009,10,23,19.39,13.33,25
"Torrecuso",2009,10,24,17.8,13.09,0
"Torrecuso",2009,10,25,21.22,14.11,0
"Torrecuso",2009,10,26,21.64,12.16,0
"Torrecuso",2009,10,27,21.09,12.35,0
"Torrecuso",2009,10,28,20.61,11.14,0
"Torrecuso",2009,10,29,19.82,9.93,0
"Torrecuso",2009,10,30,20.52,8.94,0
"Torrecuso",2009,10,31,17.13,8,0
"Torrecuso",2009,11,1,16.28,5.22,0
"Torrecuso",2009,11,2,15.03,5.16,34.7
"Torrecuso",2009,11,3,14.06,7.31,8.3
"Torrecuso",2009,11,4,14.17,5.89,4.1
"Torrecuso",2009,11,5,17.31,11.73,4.9
"Torrecuso",2009,11,6,13.74,10.47,29.9
"Torrecuso",2009,11,7,14.35,8.68,0
"Torrecuso",2009,11,8,13.32,8.11,13.5
"Torrecuso",2009,11,9,12.45,7.95,18.7
"Torrecuso",2009,11,10,13.96,7.7,6.5
"Torrecuso",2009,11,11,13.64,7.04,0
"Torrecuso",2009,11,12,15.35,6.21,0
"Torrecuso",2009,11,13,17.17,8.44,0
"Torrecuso",2009,11,14,16.26,8.71,0
"Torrecuso",2009,11,15,17,10.7,0
"Torrecuso",2009,11,16,19.46,11.54,0
"Torrecuso",2009,11,17,21.16,10.93,0
"Torrecuso",2009,11,18,19.61,10.27,0
"Torrecuso",2009,11,19,20.51,10.34,0
"Torrecuso",2009,11,20,20.55,11.55,0
"Torrecuso",2009,11,21,17.83,11.09,0
"Torrecuso",2009,11,22,16.31,8.91,0
"Torrecuso",2009,11,23,16.57,9.52,0
"Torrecuso",2009,11,24,17.26,8.45,0
"Torrecuso",2009,11,25,17.99,8.45,0
"Torrecuso",2009,11,26,16.68,9.26,0
"Torrecuso",2009,11,27,16.64,11.07,0
"Torrecuso",2009,11,28,16.33,9.75,9.5
"Torrecuso",2009,11,29,17.03,7.19,0
"Torrecuso",2009,11,30,16.66,11.31,5
"Torrecuso",2009,12,1,13.01,6.55,8.6
"Torrecuso",2009,12,2,12.42,4.88,0
"Torrecuso",2009,12,3,12.87,3.62,0
"Torrecuso",2009,12,4,12.27,5.73,29
"Torrecuso",2009,12,5,13.7,5.63,0
"Torrecuso",2009,12,6,13.53,5.9,0
"Torrecuso",2009,12,7,13.77,5.71,0
"Torrecuso",2009,12,8,12.83,8.12,3.8
"Torrecuso",2009,12,9,12.46,6.52,0
"Torrecuso",2009,12,10,14.31,5.92,0
"Torrecuso",2009,12,11,11.67,4.05,0
"Torrecuso",2009,12,12,10.31,3.52,0
"Torrecuso",2009,12,13,8.63,2.46,3
"Torrecuso",2009,12,14,9.81,5.52,49.9
"Torrecuso",2009,12,15,10.02,5.96,6.5
"Torrecuso",2009,12,16,8.47,4.58,0
"Torrecuso",2009,12,17,8.59,3.49,18.2
"Torrecuso",2009,12,18,7.77,2.52,3.7
"Torrecuso",2009,12,19,7.29,1.61,10.1
"Torrecuso",2009,12,20,6.57,-1.45,0
"Torrecuso",2009,12,21,9.23,-0.73,9.9
"Torrecuso",2009,12,22,16.48,10.27,25.9
"Torrecuso",2009,12,23,19.18,14.58,1.8
"Torrecuso",2009,12,24,20.12,14.48,0
"Torrecuso",2009,12,25,19.48,11.55,5.7
"Torrecuso",2009,12,26,13,8.14,15.8
"Torrecuso",2009,12,27,13.12,6.33,6.9
"Torrecuso",2009,12,28,12.05,5.53,0
"Torrecuso",2009,12,29,13.92,9.95,5
"Torrecuso",2009,12,30,16.26,11.69,3.6
"Torrecuso",2009,12,31,19.61,13.22,3.4
"Torrecuso",2010,1,1,14.08,8.59,21.4
"Torrecuso",2010,1,2,12.96,4.81,7.5
"Torrecuso",2010,1,3,9.64,2.39,0
"Torrecuso",2010,1,4,7.18,2.64,6.1
"Torrecuso",2010,1,5,13.08,6.8,0.8
"Torrecuso",2010,1,6,14.28,10.12,9.1
"Torrecuso",2010,1,7,14.83,10.17,5.4
"Torrecuso",2010,1,8,14.89,11.47,12.6
"Torrecuso",2010,1,9,12.08,4.97,11.7
"Torrecuso",2010,1,10,8.05,4.31,11.3
"Torrecuso",2010,1,11,6.09,4.56,3.8
"Torrecuso",2010,1,12,9.83,2.29,0
"Torrecuso",2010,1,13,7.31,1.35,2.3
"Torrecuso",2010,1,14,11.85,3.14,0
"Torrecuso",2010,1,15,11.83,4.26,0
"Torrecuso",2010,1,16,12.24,4.76,0
"Torrecuso",2010,1,17,8.78,3.11,0
"Torrecuso",2010,1,18,11.64,5.01,0
"Torrecuso",2010,1,19,11.76,3.27,0
"Torrecuso",2010,1,20,12.48,0.63,0
"Torrecuso",2010,1,21,12.11,4.24,0
"Torrecuso",2010,1,22,10.03,1.52,0
"Torrecuso",2010,1,23,8.96,1.37,0
"Torrecuso",2010,1,24,11.12,0.56,0
"Torrecuso",2010,1,25,9.54,2.59,16.1
"Torrecuso",2010,1,26,10.21,5.1,7.9
"Torrecuso",2010,1,27,9.98,4.69,6.1
"Torrecuso",2010,1,28,8.81,2.23,0
"Torrecuso",2010,1,29,10.27,3.56,1.3
"Torrecuso",2010,1,30,10.65,4.88,14.1
"Torrecuso",2010,1,31,10.15,3.75,10.2
"Torrecuso",2010,2,1,7.12,0.41,0
"Torrecuso",2010,2,2,7.4,-1.19,0
"Torrecuso",2010,2,3,10,1.47,0
"Torrecuso",2010,2,4,13.57,5.62,0
"Torrecuso",2010,2,5,11.5,5.03,14.4
"Torrecuso",2010,2,6,9.51,5.87,13.1
"Torrecuso",2010,2,7,9.96,4.18,0
"Torrecuso",2010,2,8,9.57,2.66,0
"Torrecuso",2010,2,9,9.55,3.7,5.1
"Torrecuso",2010,2,10,7.86,5.97,26.7
"Torrecuso",2010,2,11,7.53,1.94,7.1
"Torrecuso",2010,2,12,5.87,-0.44,11.7
"Torrecuso",2010,2,13,8.63,-0.8,4.3
"Torrecuso",2010,2,14,8.28,3.07,4.2
"Torrecuso",2010,2,15,10.96,3.56,0
"Torrecuso",2010,2,16,10.02,5.86,13.4
"Torrecuso",2010,2,17,13.98,8.75,7.2
"Torrecuso",2010,2,18,17.96,9.28,5
"Torrecuso",2010,2,19,15.98,8.98,19.8
"Torrecuso",2010,2,20,13.6,6.6,12.2
"Torrecuso",2010,2,21,12.93,4.67,4.5
"Torrecuso",2010,2,22,12.28,7.02,21.6
"Torrecuso",2010,2,23,16.8,11.14,9.3
"Torrecuso",2010,2,24,15.13,8.9,10.4
"Torrecuso",2010,2,25,14.66,6.17,0
"Torrecuso",2010,2,26,14.56,6.81,1.8
"Torrecuso",2010,2,27,16.82,6.38,0
"Torrecuso",2010,2,28,18.15,8.33,0
"Torrecuso",2010,3,1,17.02,12.55,2.9
"Torrecuso",2010,3,2,16.69,9.24,0
"Torrecuso",2010,3,3,15.07,8.46,3.5
"Torrecuso",2010,3,4,13.18,7.78,16.1
"Torrecuso",2010,3,5,10.91,3.72,9.1
"Torrecuso",2010,3,6,9.41,2.43,0
"Torrecuso",2010,3,7,10.32,0.22,0
"Torrecuso",2010,3,8,8.44,3.32,0
"Torrecuso",2010,3,9,7.82,2.19,26.1
"Torrecuso",2010,3,10,12.09,4.76,14.3
"Torrecuso",2010,3,11,9.66,2.54,10.6
"Torrecuso",2010,3,12,10.51,1.73,0
"Torrecuso",2010,3,13,11.85,3.04,0
"Torrecuso",2010,3,14,13.06,3.5,0
"Torrecuso",2010,3,15,12.53,2.3,0
"Torrecuso",2010,3,16,13.68,4.05,0
"Torrecuso",2010,3,17,15.97,3.91,0
"Torrecuso",2010,3,18,15.44,4.07,0
"Torrecuso",2010,3,19,14.87,4.7,0
"Torrecuso",2010,3,20,17.55,7.09,0
"Torrecuso",2010,3,21,19.28,8.24,0
"Torrecuso",2010,3,22,17.36,10.73,2.3
"Torrecuso",2010,3,23,16.17,11.79,1.7
"Torrecuso",2010,3,24,16.09,10.8,0
"Torrecuso",2010,3,25,18.03,8.46,0
"Torrecuso",2010,3,26,19.49,8.95,0
"Torrecuso",2010,3,27,16.92,9.34,5.7
"Torrecuso",2010,3,28,17.23,8.1,0
"Torrecuso",2010,3,29,17.14,7.99,0
"Torrecuso",2010,3,30,17.8,8.14,0
"Torrecuso",2010,3,31,16.63,9.54,0
"Torrecuso",2010,4,1,16.99,6.98,0
"Torrecuso",2010,4,2,16.56,8.17,0
"Torrecuso",2010,4,3,15.59,6.56,0
"Torrecuso",2010,4,4,15.2,5.95,3.5
"Torrecuso",2010,4,5,14.71,7.51,4.8
"Torrecuso",2010,4,6,17.02,6.34,0
"Torrecuso",2010,4,7,17.92,7.09,0
"Torrecuso",2010,4,8,17.88,7.75,0
"Torrecuso",2010,4,9,17.5,9.63,0
"Torrecuso",2010,4,10,18.38,8.24,0
"Torrecuso",2010,4,11,15.77,6.97,3.9
"Torrecuso",2010,4,12,11.85,7.88,22.9
"Torrecuso",2010,4,13,15,8.83,4.3
"Torrecuso",2010,4,14,14.5,8.83,0
"Torrecuso",2010,4,15,17.73,10.18,0
"Torrecuso",2010,4,16,18.53,11.76,0
"Torrecuso",2010,4,17,18.41,10.6,0
"Torrecuso",2010,4,18,19.25,11.42,8.3
"Torrecuso",2010,4,19,18.04,10.96,6.7
"Torrecuso",2010,4,20,19.68,10.02,0
"Torrecuso",2010,4,21,20.08,10.06,0
"Torrecuso",2010,4,22,20.79,9.68,0
"Torrecuso",2010,4,23,17.34,11.97,10.3
"Torrecuso",2010,4,24,18.86,13.71,4.3
"Torrecuso",2010,4,25,20.14,13.55,0
"Torrecuso",2010,4,26,21.3,13.09,0
"Torrecuso",2010,4,27,21.38,13.37,0
"Torrecuso",2010,4,28,21.86,12.93,6.1
"Torrecuso",2010,4,29,22.75,12.02,0
"Torrecuso",2010,4,30,21.04,10.66,0
"Torrecuso",2010,5,1,21.14,11.19,0
"Torrecuso",2010,5,2,21.84,11.72,0
"Torrecuso",2010,5,3,21.16,13.51,0
"Torrecuso",2010,5,4,22.67,15.2,0
"Torrecuso",2010,5,5,21.53,12.5,2
"Torrecuso",2010,5,6,16.39,9.95,4.8
"Torrecuso",2010,5,7,18.04,9.33,1.5
"Torrecuso",2010,5,8,18.13,10.48,1.6
"Torrecuso",2010,5,9,20.11,9.57,0
"Torrecuso",2010,5,10,22.65,10.66,0
"Torrecuso",2010,5,11,22.73,13.99,0
"Torrecuso",2010,5,12,20.93,12.37,5
"Torrecuso",2010,5,13,19.94,12.04,0
"Torrecuso",2010,5,14,20.61,11.69,2.7
"Torrecuso",2010,5,15,15.1,11.69,37.9
"Torrecuso",2010,5,16,15.21,11.05,10.9
"Torrecuso",2010,5,17,17.97,10.41,5.6
"Torrecuso",2010,5,18,19.73,9.74,0
"Torrecuso",2010,5,19,19.51,10.38,0
"Torrecuso",2010,5,20,18.11,11.69,6.2
"Torrecuso",2010,5,21,18.88,10.67,0
"Torrecuso",2010,5,22,20.98,11.18,0
"Torrecuso",2010,5,23,22.94,12.09,0
"Torrecuso",2010,5,24,23.18,11.94,0
"Torrecuso",2010,5,25,24.07,13.17,0
"Torrecuso",2010,5,26,23.14,14.55,0
"Torrecuso",2010,5,27,24.66,13.57,0
"Torrecuso",2010,5,28,23.29,16.21,0
"Torrecuso",2010,5,29,25.16,14.81,0
"Torrecuso",2010,5,30,25.2,16.14,0
"Torrecuso",2010,5,31,21.32,12.07,3.7
"Torrecuso",2010,6,1,21.68,12.13,0
"Torrecuso",2010,6,2,19.84,11.71,0
"Torrecuso",2010,6,3,21.33,11.75,11
"Torrecuso",2010,6,4,21.92,12.09,5.9
"Torrecuso",2010,6,5,24.72,15.44,0
"Torrecuso",2010,6,6,25.54,15.85,0
"Torrecuso",2010,6,7,26.53,15.72,0
"Torrecuso",2010,6,8,24.81,15.33,0
"Torrecuso",2010,6,9,28.1,15.89,0
"Torrecuso",2010,6,10,30.43,18.04,0
"Torrecuso",2010,6,11,30.1,18.9,0
"Torrecuso",2010,6,12,29.32,17.89,0
"Torrecuso",2010,6,13,29.48,18.8,0
"Torrecuso",2010,6,14,27.3,19.17,0
"Torrecuso",2010,6,15,31.44,18.79,0
"Torrecuso",2010,6,16,27.58,18.13,0
"Torrecuso",2010,6,17,28.32,17.38,0
"Torrecuso",2010,6,18,26.8,17.96,0
"Torrecuso",2010,6,19,23.87,14.97,3.6
"Torrecuso",2010,6,20,22.88,13.52,30.1
"Torrecuso",2010,6,21,19.16,13.1,12
"Torrecuso",2010,6,22,20.42,13.07,0
"Torrecuso",2010,6,23,22.53,15.01,0
"Torrecuso",2010,6,24,23.57,15.26,0
"Torrecuso",2010,6,25,25.66,15.51,0
"Torrecuso",2010,6,26,25.17,15.97,7
"Torrecuso",2010,6,27,25.77,16.14,0
"Torrecuso",2010,6,28,27.19,18.27,0
"Torrecuso",2010,6,29,27.51,18.97,0
"Torrecuso",2010,6,30,28.88,19.62,8.4
"Torrecuso",2010,7,1,27.64,19,0
"Torrecuso",2010,7,2,28.88,19.66,0
"Torrecuso",2010,7,3,29.33,19.87,0
"Torrecuso",2010,7,4,29.2,20.01,0
"Torrecuso",2010,7,5,29.38,18.77,0
"Torrecuso",2010,7,6,29.67,19.49,0
"Torrecuso",2010,7,7,28.79,20.39,0
"Torrecuso",2010,7,8,28.19,19.57,0
"Torrecuso",2010,7,9,29.07,19.35,0
"Torrecuso",2010,7,10,30.45,18.9,0
"Torrecuso",2010,7,11,30.33,19.84,0
"Torrecuso",2010,7,12,29.48,20.67,0
"Torrecuso",2010,7,13,30.09,20.49,0
"Torrecuso",2010,7,14,30.89,21.59,0
"Torrecuso",2010,7,15,32.37,21.47,0
"Torrecuso",2010,7,16,33.35,21.31,0
"Torrecuso",2010,7,17,32.11,22.71,0
"Torrecuso",2010,7,18,32.32,21.84,0
"Torrecuso",2010,7,19,31.18,21.45,4.2
"Torrecuso",2010,7,20,30.27,22.27,0
"Torrecuso",2010,7,21,29.78,20.62,0
"Torrecuso",2010,7,22,31.43,21.47,0
"Torrecuso",2010,7,23,32.86,22.04,0
"Torrecuso",2010,7,24,29.33,20.82,0
"Torrecuso",2010,7,25,27.91,17.5,0
"Torrecuso",2010,7,26,26.35,15.87,0
"Torrecuso",2010,7,27,27.08,15.24,5.7
"Torrecuso",2010,7,28,27.02,15.64,0
"Torrecuso",2010,7,29,27.29,16,0
"Torrecuso",2010,7,30,26.03,17.15,0
"Torrecuso",2010,7,31,26.45,17.07,4.3
"Torrecuso",2010,8,1,28.84,18.4,0
"Torrecuso",2010,8,2,30.05,19.22,0
"Torrecuso",2010,8,3,29.06,19.15,0
"Torrecuso",2010,8,4,27.68,19.49,0
"Torrecuso",2010,8,5,28.1,18.97,0
"Torrecuso",2010,8,6,25.24,17.08,0
"Torrecuso",2010,8,7,26.92,17.06,0
"Torrecuso",2010,8,8,28.35,18.61,0
"Torrecuso",2010,8,9,29.8,18.46,0
"Torrecuso",2010,8,10,30.08,20.2,0
"Torrecuso",2010,8,11,28.82,20,0
"Torrecuso",2010,8,12,29.29,20.07,0
"Torrecuso",2010,8,13,30.34,19.94,0
"Torrecuso",2010,8,14,31.46,20.32,0
"Torrecuso",2010,8,15,30.7,21.29,0
"Torrecuso",2010,8,16,28.87,18.77,0
"Torrecuso",2010,8,17,26.87,18.51,0
"Torrecuso",2010,8,18,27.5,17.59,0
"Torrecuso",2010,8,19,30.72,18.48,0
"Torrecuso",2010,8,20,33,20.45,0
"Torrecuso",2010,8,21,33.09,22.46,0
"Torrecuso",2010,8,22,32.71,22.69,0
"Torrecuso",2010,8,23,31.92,21.19,0
"Torrecuso",2010,8,24,30.9,21.11,0
"Torrecuso",2010,8,25,31.01,20.46,0
"Torrecuso",2010,8,26,31.26,21.89,0
"Torrecuso",2010,8,27,31.72,20.41,0
"Torrecuso",2010,8,28,29.03,20.24,0
"Torrecuso",2010,8,29,28.64,18.74,0
"Torrecuso",2010,8,30,26.45,17.48,0
"Torrecuso",2010,8,31,26.24,15.88,0
"Torrecuso",2010,9,1,25.74,13.5,0
"Torrecuso",2010,9,2,27.18,15.22,0
"Torrecuso",2010,9,3,27.13,16.71,0
"Torrecuso",2010,9,4,27.12,15.8,0
"Torrecuso",2010,9,5,28.01,16.47,0
"Torrecuso",2010,9,6,27.56,17,0
"Torrecuso",2010,9,7,28.35,16.74,0
"Torrecuso",2010,9,8,26.49,18.27,7.9
"Torrecuso",2010,9,9,24.97,16.95,7.3
"Torrecuso",2010,9,10,22.22,16.03,8.4
"Torrecuso",2010,9,11,24.53,15.61,0
"Torrecuso",2010,9,12,26.37,16.42,0
"Torrecuso",2010,9,13,26.56,14.78,0
"Torrecuso",2010,9,14,26.46,16.31,0
"Torrecuso",2010,9,15,26.09,15.25,0
"Torrecuso",2010,9,16,25.84,15.01,0
"Torrecuso",2010,9,17,25.32,15.72,0
"Torrecuso",2010,9,18,26.94,17.8,0
"Torrecuso",2010,9,19,26.71,17.21,0
"Torrecuso",2010,9,20,24.64,16.13,0
"Torrecuso",2010,9,21,24.34,14.37,0
"Torrecuso",2010,9,22,25.74,16.47,0
"Torrecuso",2010,9,23,25.82,15.42,0
"Torrecuso",2010,9,24,22.93,14.79,5.7
"Torrecuso",2010,9,25,21.3,14.91,25.2
"Torrecuso",2010,9,26,20.72,13.17,8.4
"Torrecuso",2010,9,27,22.04,13.32,0
"Torrecuso",2010,9,28,21.66,13.45,0
"Torrecuso",2010,9,29,21.69,13.33,0
"Torrecuso",2010,9,30,21.35,13.43,0
"Torrecuso",2010,10,1,22.22,12.36,0
"Torrecuso",2010,10,2,23.76,12.84,0
"Torrecuso",2010,10,3,24.85,13.48,0
"Torrecuso",2010,10,4,25.8,13.49,0
"Torrecuso",2010,10,5,24.3,16.28,0
"Torrecuso",2010,10,6,24.3,14.17,0
"Torrecuso",2010,10,7,25.21,14.02,0
"Torrecuso",2010,10,8,23.98,13.92,0
"Torrecuso",2010,10,9,22.14,11.59,0
"Torrecuso",2010,10,10,20.77,10.68,1.5
"Torrecuso",2010,10,11,16.84,12.79,5
"Torrecuso",2010,10,12,21.93,14.73,0
"Torrecuso",2010,10,13,22.09,15.67,23.6
"Torrecuso",2010,10,14,20.34,14.81,6
"Torrecuso",2010,10,15,19.45,13.95,2.2
"Torrecuso",2010,10,16,19.17,12.87,6.7
"Torrecuso",2010,10,17,20.34,11.28,2.9
"Torrecuso",2010,10,18,18.69,11.25,0
"Torrecuso",2010,10,19,16.9,10.84,9.1
"Torrecuso",2010,10,20,17.75,9.59,0
"Torrecuso",2010,10,21,19.89,10.16,0
"Torrecuso",2010,10,22,19.03,10.02,0
"Torrecuso",2010,10,23,20.01,11.65,0
"Torrecuso",2010,10,24,19.95,12.6,0
"Torrecuso",2010,10,25,17.95,10.58,12.5
"Torrecuso",2010,10,26,14.82,9.49,22.2
"Torrecuso",2010,10,27,15.53,9.03,0
"Torrecuso",2010,10,28,16.88,8.71,0
"Torrecuso",2010,10,29,17.84,8.19,0
"Torrecuso",2010,10,30,19.21,8.1,0
"Torrecuso",2010,10,31,18.96,12.53,0
"Torrecuso",2010,11,1,21.66,14.29,61.9
"Torrecuso",2010,11,2,17.84,11.85,26.1
"Torrecuso",2010,11,3,19.59,10.68,0
"Torrecuso",2010,11,4,21.41,12.34,0
"Torrecuso",2010,11,5,21.81,10.75,0
"Torrecuso",2010,11,6,20.92,10.82,0
"Torrecuso",2010,11,7,20.05,10.09,5.6
"Torrecuso",2010,11,8,14.92,10.96,33.5
"Torrecuso",2010,11,9,15.16,10.6,31.3
"Torrecuso",2010,11,10,17.77,12.54,11.9
"Torrecuso",2010,11,11,17.54,9.11,2.8
"Torrecuso",2010,11,12,16.49,6.9,0
"Torrecuso",2010,11,13,18.81,8.38,0
"Torrecuso",2010,11,14,20.89,12.54,0
"Torrecuso",2010,11,15,20.07,9.98,0
"Torrecuso",2010,11,16,15.26,9.58,15
"Torrecuso",2010,11,17,11.77,7.52,16.7
"Torrecuso",2010,11,18,13.77,7.4,18
"Torrecuso",2010,11,19,16.39,9.56,1.6
"Torrecuso",2010,11,20,14.75,8.42,20.9
"Torrecuso",2010,11,21,16.77,10.46,13.4
"Torrecuso",2010,11,22,16.36,9.15,22.4
"Torrecuso",2010,11,23,11.4,6.1,10
"Torrecuso",2010,11,24,10.85,6.34,6.6
"Torrecuso",2010,11,25,10.74,6.35,8.5
"Torrecuso",2010,11,26,11.19,6.16,17.2
"Torrecuso",2010,11,27,10.86,5.91,2.8
"Torrecuso",2010,11,28,15.67,8.79,13
"Torrecuso",2010,11,29,13.08,9.44,5.6
"Torrecuso",2010,11,30,14.03,8.16,27.2
"Torrecuso",2010,12,1,17.16,11.33,13
"Torrecuso",2010,12,2,16.28,11.06,9.9
"Torrecuso",2010,12,3,13.29,6.04,3.8
"Torrecuso",2010,12,4,10.47,3.85,2.6
"Torrecuso",2010,12,5,10.03,1.04,0
"Torrecuso",2010,12,6,15.26,7.58,2.9
"Torrecuso",2010,12,7,19.44,13.36,0
"Torrecuso",2010,12,8,22.14,13.34,0
"Torrecuso",2010,12,9,18.4,8.51,0
"Torrecuso",2010,12,10,11.07,3.42,0
"Torrecuso",2010,12,11,7.67,0.4,0
"Torrecuso",2010,12,12,9.58,3.32,3
"Torrecuso",2010,12,13,8.25,2.15,0
"Torrecuso",2010,12,14,6.42,-0.65,0
"Torrecuso",2010,12,15,2.76,-0.68,0
"Torrecuso",2010,12,16,4.56,-2.67,0
"Torrecuso",2010,12,17,5.48,-6.03,15.1
"Torrecuso",2010,12,18,9.85,2.06,14.1
"Torrecuso",2010,12,19,9.95,3.67,1.3
"Torrecuso",2010,12,20,11.81,9.1,3.9
"Torrecuso",2010,12,21,15.66,9.95,0
"Torrecuso",2010,12,22,15.9,11.23,0
"Torrecuso",2010,12,23,17.09,13.19,5.9
"Torrecuso",2010,12,24,13.46,9.16,17.3
"Torrecuso",2010,12,25,10.89,4.6,8.8
"Torrecuso",2010,12,26,9.45,2.76,6.8
"Torrecuso",2010,12,27,8.01,2.44,0
"Torrecuso",2010,12,28,8.46,0.35,0
"Torrecuso",2010,12,29,11.11,1.57,0
"Torrecuso",2010,12,30,12.11,1.86,0
"Torrecuso",2010,12,31,8.61,4.93,0
"Torrecuso",2011,1,1,12.17,5.98,0
"Torrecuso",2011,1,2,10.79,6.14,0
"Torrecuso",2011,1,3,10.26,4.82,0
"Torrecuso",2011,1,4,6.4,2.16,0
"Torrecuso",2011,1,5,8.39,2.99,2.4
"Torrecuso",2011,1,6,12.33,4.45,0
"Torrecuso",2011,1,7,15.01,8.49,0
"Torrecuso",2011,1,8,18.31,8.23,0
"Torrecuso",2011,1,9,16.48,7.5,0
"Torrecuso",2011,1,10,16.13,8.52,0
"Torrecuso",2011,1,11,13.21,7.89,6.9
"Torrecuso",2011,1,12,14.39,6.48,0
"Torrecuso",2011,1,13,14.63,4.95,0
"Torrecuso",2011,1,14,15.93,5.67,0
"Torrecuso",2011,1,15,16.2,6.2,0
"Torrecuso",2011,1,16,16.95,6.42,0
"Torrecuso",2011,1,17,17.06,6.2,0
"Torrecuso",2011,1,18,15.09,5.66,0
"Torrecuso",2011,1,19,11.39,7.29,0
"Torrecuso",2011,1,20,8.69,7.02,6.8
"Torrecuso",2011,1,21,7.76,4.35,9.1
"Torrecuso",2011,1,22,5.73,3.68,26.8
"Torrecuso",2011,1,23,5.05,2.29,4.3
"Torrecuso",2011,1,24,7.33,0.45,0
"Torrecuso",2011,1,25,7.88,0.85,0
"Torrecuso",2011,1,26,9.19,1.92,0
"Torrecuso",2011,1,27,11.52,3.51,0
"Torrecuso",2011,1,28,11.67,7.17,0
"Torrecuso",2011,1,29,9.88,7.49,0
"Torrecuso",2011,1,30,11.33,5.95,12.8
"Torrecuso",2011,1,31,14.23,4.87,3.3
"Torrecuso",2011,2,1,12.8,7.86,0
"Torrecuso",2011,2,2,12.41,5.67,0
"Torrecuso",2011,2,3,11.52,5.25,0
"Torrecuso",2011,2,4,14.79,5.93,0
"Torrecuso",2011,2,5,15.45,4.99,0
"Torrecuso",2011,2,6,15.97,5.73,0
"Torrecuso",2011,2,7,19.29,7.31,0
"Torrecuso",2011,2,8,17.47,7.51,0
"Torrecuso",2011,2,9,14.58,6.67,0
"Torrecuso",2011,2,10,14.81,5.73,0
"Torrecuso",2011,2,11,13.92,5.84,0
"Torrecuso",2011,2,12,13.71,5.16,0
"Torrecuso",2011,2,13,12.58,5.33,0
"Torrecuso",2011,2,14,14.49,3.67,0
"Torrecuso",2011,2,15,14.28,3.43,0
"Torrecuso",2011,2,16,11.72,6.32,26
"Torrecuso",2011,2,17,16.63,7.79,0
"Torrecuso",2011,2,18,15.61,7.38,0
"Torrecuso",2011,2,19,15.34,8.56,0
"Torrecuso",2011,2,20,12.83,5.67,3.3
"Torrecuso",2011,2,21,11.61,6.96,8.4
"Torrecuso",2011,2,22,11.86,4.73,0
"Torrecuso",2011,2,23,9.45,3.66,0
"Torrecuso",2011,2,24,9.03,2.1,0
"Torrecuso",2011,2,25,10.32,2.22,0
"Torrecuso",2011,2,26,9.5,1.35,0
"Torrecuso",2011,2,27,10.56,0.98,10.3
"Torrecuso",2011,2,28,10.3,4.95,23.6
"Torrecuso",2011,3,1,10.86,5.68,23.8
"Torrecuso",2011,3,2,10.59,4.65,18.5
"Torrecuso",2011,3,3,11.83,5.89,15.5
"Torrecuso",2011,3,4,10.39,6.51,3.1
"Torrecuso",2011,3,5,9.47,8.29,8.1
"Torrecuso",2011,3,6,10.38,5.86,0
"Torrecuso",2011,3,7,8.4,2.31,0
"Torrecuso",2011,3,8,8.97,-0.49,0
"Torrecuso",2011,3,9,9.99,-1.28,0
"Torrecuso",2011,3,10,12.32,0.81,0
"Torrecuso",2011,3,11,13.96,2.54,0
"Torrecuso",2011,3,12,14.27,3.75,0
"Torrecuso",2011,3,13,12.22,8.71,16.4
"Torrecuso",2011,3,14,17.63,11.22,0.7
"Torrecuso",2011,3,15,19.07,11.31,0
"Torrecuso",2011,3,16,16.36,10.56,37.1
"Torrecuso",2011,3,17,15.06,9.67,20.1
"Torrecuso",2011,3,18,14.79,8.46,10.7
"Torrecuso",2011,3,19,16.02,7.66,0
"Torrecuso",2011,3,20,13.36,6.47,0
"Torrecuso",2011,3,21,11.99,5.81,0
"Torrecuso",2011,3,22,14.86,7.6,0
"Torrecuso",2011,3,23,15.44,6.73,0
"Torrecuso",2011,3,24,17.56,6.87,0
"Torrecuso",2011,3,25,17.22,6.9,0
"Torrecuso",2011,3,26,17.25,8.32,0
"Torrecuso",2011,3,27,16.8,9.35,0
"Torrecuso",2011,3,28,14.47,9.73,10.6
"Torrecuso",2011,3,29,16.39,9.72,4.4
"Torrecuso",2011,3,30,16.19,9.22,4.2
"Torrecuso",2011,3,31,18.78,8.05,0
"Torrecuso",2011,4,1,20.35,8.12,0
"Torrecuso",2011,4,2,22.62,10.36,0
"Torrecuso",2011,4,3,20.73,9.8,0
"Torrecuso",2011,4,4,18.91,9.65,0
"Torrecuso",2011,4,5,18.58,8.52,4.3
"Torrecuso",2011,4,6,20.94,9.77,0
"Torrecuso",2011,4,7,23.67,11.93,0
"Torrecuso",2011,4,8,20.96,13.04,0
"Torrecuso",2011,4,9,21.76,13.06,0
"Torrecuso",2011,4,10,19.19,11.57,0
"Torrecuso",2011,4,11,22.15,11.13,0
"Torrecuso",2011,4,12,18.45,8.06,0
"Torrecuso",2011,4,13,15.61,5.57,5.5
"Torrecuso",2011,4,14,15.57,4.15,0
"Torrecuso",2011,4,15,13.01,7.1,0
"Torrecuso",2011,4,16,15.03,9.44,0
"Torrecuso",2011,4,17,16.66,9.06,0
"Torrecuso",2011,4,18,18.76,7.94,0
"Torrecuso",2011,4,19,19.36,9.25,0
"Torrecuso",2011,4,20,20.37,9.63,0
"Torrecuso",2011,4,21,20.9,10.08,0
"Torrecuso",2011,4,22,21,10.86,0
"Torrecuso",2011,4,23,22.34,10.06,0
"Torrecuso",2011,4,24,20.99,12.38,0
"Torrecuso",2011,4,25,18.91,12.43,1.7
"Torrecuso",2011,4,26,15.35,13,2.2
"Torrecuso",2011,4,27,17.55,12.34,4.1
"Torrecuso",2011,4,28,19.24,11.29,3.8
"Torrecuso",2011,4,29,19.14,10.04,0
"Torrecuso",2011,4,30,14.76,11.63,14.9
"Torrecuso",2011,5,1,18.87,11.62,9.1
"Torrecuso",2011,5,2,18.82,12.12,7.7
"Torrecuso",2011,5,3,18.49,12.41,6.9
"Torrecuso",2011,5,4,18.79,10.52,8.7
"Torrecuso",2011,5,5,19.99,10.2,0
"Torrecuso",2011,5,6,20.06,9.89,0
"Torrecuso",2011,5,7,20.27,9.75,0
"Torrecuso",2011,5,8,20.35,9.05,0
"Torrecuso",2011,5,9,17.96,9.51,4
"Torrecuso",2011,5,10,21.77,10.73,0
"Torrecuso",2011,5,11,24.19,12.3,0
"Torrecuso",2011,5,12,24.36,13.34,0
"Torrecuso",2011,5,13,22.81,12.39,0
"Torrecuso",2011,5,14,22.64,12.14,0
"Torrecuso",2011,5,15,22.4,10.41,8.9
"Torrecuso",2011,5,16,16.69,9.74,5.5
"Torrecuso",2011,5,17,18.21,10.65,0
"Torrecuso",2011,5,18,20.83,10.42,0
"Torrecuso",2011,5,19,23.08,12.09,0
"Torrecuso",2011,5,20,23.61,12.66,0
"Torrecuso",2011,5,21,24.76,14.13,0
"Torrecuso",2011,5,22,24.08,15.49,0
"Torrecuso",2011,5,23,23.75,14.88,0
"Torrecuso",2011,5,24,24.44,16.27,3.3
"Torrecuso",2011,5,25,25.42,15.23,6.4
"Torrecuso",2011,5,26,26.91,16.92,0
"Torrecuso",2011,5,27,25.06,14.49,0
"Torrecuso",2011,5,28,24.33,14.81,0
"Torrecuso",2011,5,29,24.46,13.86,0
"Torrecuso",2011,5,30,25.07,15.16,0
"Torrecuso",2011,5,31,25.19,14.53,0
"Torrecuso",2011,6,1,23.95,15.09,7.5
"Torrecuso",2011,6,2,26.55,15.15,6.3
"Torrecuso",2011,6,3,26.3,15.23,0
"Torrecuso",2011,6,4,27.77,16.8,0
"Torrecuso",2011,6,5,26.64,17.28,3.8
"Torrecuso",2011,6,6,26.81,16.6,0
"Torrecuso",2011,6,7,28,18.44,0
"Torrecuso",2011,6,8,24.73,15.81,0
"Torrecuso",2011,6,9,23.62,14.61,0
"Torrecuso",2011,6,10,24.19,14.68,0
"Torrecuso",2011,6,11,24.27,14.68,7.1
"Torrecuso",2011,6,12,24.37,14.59,0
"Torrecuso",2011,6,13,24.24,14.59,0
"Torrecuso",2011,6,14,23.11,16.18,4.6
"Torrecuso",2011,6,15,25.7,16.89,0
"Torrecuso",2011,6,16,25.77,16.44,0
"Torrecuso",2011,6,17,26.36,16.21,0
"Torrecuso",2011,6,18,27.07,16.96,0
"Torrecuso",2011,6,19,26.68,17.1,0
"Torrecuso",2011,6,20,27.55,16.64,0
"Torrecuso",2011,6,21,28.92,17.52,0
"Torrecuso",2011,6,22,29.17,17.45,0
"Torrecuso",2011,6,23,29.72,17.4,0
"Torrecuso",2011,6,24,28.59,17.57,0
"Torrecuso",2011,6,25,28.64,18.14,0
"Torrecuso",2011,6,26,28.61,17.85,0
"Torrecuso",2011,6,27,29.25,18.85,0
"Torrecuso",2011,6,28,29.57,18.96,0
"Torrecuso",2011,6,29,29.6,18.2,0
"Torrecuso",2011,6,30,28.29,18.59,0
"Torrecuso",2011,7,1,28.51,18.4,0
"Torrecuso",2011,7,2,25.82,17.29,0
"Torrecuso",2011,7,3,27.15,16.73,0
"Torrecuso",2011,7,4,28.74,16.34,0
"Torrecuso",2011,7,5,26.99,17.93,18.3
"Torrecuso",2011,7,6,28.26,17.92,0
"Torrecuso",2011,7,7,29.17,18.88,0
"Torrecuso",2011,7,8,30.85,19.17,0
"Torrecuso",2011,7,9,32.32,20.37,0
"Torrecuso",2011,7,10,32.42,18.87,0
"Torrecuso",2011,7,11,33.14,20.73,0
"Torrecuso",2011,7,12,33.5,21.39,0
"Torrecuso",2011,7,13,35.14,21.31,0
"Torrecuso",2011,7,14,32.18,20.21,0
"Torrecuso",2011,7,15,30.58,18.51,0
"Torrecuso",2011,7,16,28.57,17.66,0
"Torrecuso",2011,7,17,27.54,17.34,0
"Torrecuso",2011,7,18,29.82,18.43,0
"Torrecuso",2011,7,19,29.07,18.64,0
"Torrecuso",2011,7,20,26.14,16.76,0
"Torrecuso",2011,7,21,26.77,15.58,0
"Torrecuso",2011,7,22,26.96,17.04,0
"Torrecuso",2011,7,23,27.52,16.95,0
"Torrecuso",2011,7,24,25.99,15.16,0
"Torrecuso",2011,7,25,24.55,15.84,0
"Torrecuso",2011,7,26,24.77,14.8,0
"Torrecuso",2011,7,27,25.61,16.6,0
"Torrecuso",2011,7,28,25.95,17.87,10.3
"Torrecuso",2011,7,29,25.26,16.77,9.8
"Torrecuso",2011,7,30,26.46,16.34,0
"Torrecuso",2011,7,31,26.79,16.83,0
"Torrecuso",2011,8,1,27.49,16.75,0
"Torrecuso",2011,8,2,28.42,18.55,0
"Torrecuso",2011,8,3,30.47,20.31,0
"Torrecuso",2011,8,4,29.14,20.28,0
"Torrecuso",2011,8,5,29.51,18.91,0
"Torrecuso",2011,8,6,28.59,19.46,0
"Torrecuso",2011,8,7,28.96,17.88,0
"Torrecuso",2011,8,8,29.43,18.96,0
"Torrecuso",2011,8,9,29.67,19.37,0
"Torrecuso",2011,8,10,28.41,18.91,0
"Torrecuso",2011,8,11,28.4,17.18,0
"Torrecuso",2011,8,12,27.67,16.98,0
"Torrecuso",2011,8,13,28.26,17.36,0
"Torrecuso",2011,8,14,28.91,18,0
"Torrecuso",2011,8,15,29.97,18.28,0
"Torrecuso",2011,8,16,31.48,18.89,0
"Torrecuso",2011,8,17,31.93,20.26,0
"Torrecuso",2011,8,18,32.1,21.41,0
"Torrecuso",2011,8,19,32.54,20.89,0
"Torrecuso",2011,8,20,34.32,21.39,0
"Torrecuso",2011,8,21,35.2,22.69,0
"Torrecuso",2011,8,22,35.57,22.67,0
"Torrecuso",2011,8,23,34.76,22.08,0
"Torrecuso",2011,8,24,33.21,21.43,0
"Torrecuso",2011,8,25,33.67,21.22,0
"Torrecuso",2011,8,26,33.46,21.61,0
"Torrecuso",2011,8,27,31.6,20.31,0
"Torrecuso",2011,8,28,29.93,19.55,0
"Torrecuso",2011,8,29,29.6,19.1,0
"Torrecuso",2011,8,30,29.11,18.9,0
"Torrecuso",2011,8,31,29.52,18.7,0
"Torrecuso",2011,9,1,30.71,19.35,0
"Torrecuso",2011,9,2,32.36,20.64,0
"Torrecuso",2011,9,3,32.39,22.11,0
"Torrecuso",2011,9,4,32.88,19.95,0
"Torrecuso",2011,9,5,29.14,18.9,0
"Torrecuso",2011,9,6,29.64,18.29,0
"Torrecuso",2011,9,7,28.94,18.84,0
"Torrecuso",2011,9,8,27.81,17.28,0
"Torrecuso",2011,9,9,29.78,18.64,0
"Torrecuso",2011,9,10,31.44,18.45,0
"Torrecuso",2011,9,11,30.67,18.19,0
"Torrecuso",2011,9,12,29.45,17.85,0
"Torrecuso",2011,9,13,30.91,19.37,0
"Torrecuso",2011,9,14,30.54,18.71,0
"Torrecuso",2011,9,15,31.44,18.91,0
"Torrecuso",2011,9,16,32.5,19.49,0
"Torrecuso",2011,9,17,31.71,18.71,0
"Torrecuso",2011,9,18,29.14,17.14,0
"Torrecuso",2011,9,19,25,14.29,14.3
"Torrecuso",2011,9,20,21.2,11.94,3.9
"Torrecuso",2011,9,21,26.17,16.76,0
"Torrecuso",2011,9,22,26.28,17.49,0
"Torrecuso",2011,9,23,26.5,17.55,0
"Torrecuso",2011,9,24,25.34,16.84,0
"Torrecuso",2011,9,25,25.76,17.06,0
"Torrecuso",2011,9,26,24.62,17.98,1.1
"Torrecuso",2011,9,27,26.85,19.4,0
"Torrecuso",2011,9,28,26,18.66,0
"Torrecuso",2011,9,29,26.66,17.12,0
"Torrecuso",2011,9,30,26.15,16.11,0
"Torrecuso",2011,10,1,26.95,16.53,0
"Torrecuso",2011,10,2,28.11,16.08,0
"Torrecuso",2011,10,3,27.53,16.12,0
"Torrecuso",2011,10,4,27.35,15.39,0
"Torrecuso",2011,10,5,26.74,14.1,0
"Torrecuso",2011,10,6,25.58,14.38,0
"Torrecuso",2011,10,7,23.28,13.12,2.9
"Torrecuso",2011,10,8,20.08,10.68,15.1
"Torrecuso",2011,10,9,15.65,8.14,0
"Torrecuso",2011,10,10,19.77,8.76,0
"Torrecuso",2011,10,11,25.62,11.74,0
"Torrecuso",2011,10,12,24.38,14.86,0
"Torrecuso",2011,10,13,23.26,15.8,0
"Torrecuso",2011,10,14,20.45,13.07,0
"Torrecuso",2011,10,15,18.05,11.05,0
"Torrecuso",2011,10,16,18.59,10.19,0
"Torrecuso",2011,10,17,18.81,8.68,0
"Torrecuso",2011,10,18,20.05,8.48,0
"Torrecuso",2011,10,19,19.89,11.52,0
"Torrecuso",2011,10,20,18.75,10.4,24.4
"Torrecuso",2011,10,21,19.1,11.54,4.6
"Torrecuso",2011,10,22,18.98,11.09,0
"Torrecuso",2011,10,23,20.3,11.64,0
"Torrecuso",2011,10,24,17.81,12.08,0
"Torrecuso",2011,10,25,22.58,11.93,0
"Torrecuso",2011,10,26,19.04,14.1,16.2
"Torrecuso",2011,10,27,20.84,12.87,0
"Torrecuso",2011,10,28,22.28,13.01,0
"Torrecuso",2011,10,29,21.59,12.72,0
"Torrecuso",2011,10,30,20.33,11.58,0
"Torrecuso",2011,10,31,20.18,11.94,0
"Torrecuso",2011,11,1,21.13,11.85,0
"Torrecuso",2011,11,2,21.44,10.64,0
"Torrecuso",2011,11,3,19.94,9.17,0
"Torrecuso",2011,11,4,20.4,10.88,0
"Torrecuso",2011,11,5,19.7,13.73,0
"Torrecuso",2011,11,6,19.68,11.26,14.8
"Torrecuso",2011,11,7,18.2,10.48,8.1
"Torrecuso",2011,11,8,19.85,11.89,2
"Torrecuso",2011,11,9,19.97,11.06,0
"Torrecuso",2011,11,10,19.42,11.2,0
"Torrecuso",2011,11,11,19.59,10,0
"Torrecuso",2011,11,12,18.95,10.42,0
"Torrecuso",2011,11,13,15.93,7.31,0
"Torrecuso",2011,11,14,17.14,6.68,0
"Torrecuso",2011,11,15,16.34,5.35,0
"Torrecuso",2011,11,16,16.35,6.29,0
"Torrecuso",2011,11,17,17.31,7.25,0
"Torrecuso",2011,11,18,17.56,6.87,0
"Torrecuso",2011,11,19,17.17,6.33,0
"Torrecuso",2011,11,20,18.36,7.47,0
"Torrecuso",2011,11,21,19.35,9.14,0
"Torrecuso",2011,11,22,16.54,12.1,14.5
"Torrecuso",2011,11,23,19.22,12.33,0
"Torrecuso",2011,11,24,18.34,10.62,0
"Torrecuso",2011,11,25,17.07,9.25,0
"Torrecuso",2011,11,26,17.16,8.97,0
"Torrecuso",2011,11,27,16.64,7.4,0
"Torrecuso",2011,11,28,16.75,6.69,0
"Torrecuso",2011,11,29,17.09,7.57,0
"Torrecuso",2011,11,30,17.05,6.94,0
"Torrecuso",2011,12,1,16.52,7,0
"Torrecuso",2011,12,2,14.52,6.74,0
"Torrecuso",2011,12,3,16.51,10.3,5.7
"Torrecuso",2011,12,4,16.35,10.48,9.9
"Torrecuso",2011,12,5,16.09,11.78,16.5
"Torrecuso",2011,12,6,15.29,8.96,5
"Torrecuso",2011,12,7,15.02,8.43,0
"Torrecuso",2011,12,8,15.64,8.12,0
"Torrecuso",2011,12,9,15.57,8.15,0
"Torrecuso",2011,12,10,15.31,10.25,1.9
"Torrecuso",2011,12,11,14.94,12.28,0
"Torrecuso",2011,12,12,15.48,9.81,13.5
"Torrecuso",2011,12,13,14.78,6.87,6.7
"Torrecuso",2011,12,14,15.57,7.8,2.7
"Torrecuso",2011,12,15,15.49,9.73,7.7
"Torrecuso",2011,12,16,14.14,8.36,7.7
"Torrecuso",2011,12,17,12.7,4.51,5.8
"Torrecuso",2011,12,18,7.99,2.47,10.3
"Torrecuso",2011,12,19,8.17,1.7,6.5
"Torrecuso",2011,12,20,7.63,-0.42,0
"Torrecuso",2011,12,21,9.85,2.09,0
"Torrecuso",2011,12,22,8.63,2.04,0
"Torrecuso",2011,12,23,12.64,2.56,0
"Torrecuso",2011,12,24,11.78,2.01,15.7
"Torrecuso",2011,12,25,10.17,4.55,14.6
"Torrecuso",2011,12,26,12.08,4.51,0
"Torrecuso",2011,12,27,12.99,4.16,0
"Torrecuso",2011,12,28,11.71,2.15,0
"Torrecuso",2011,12,29,10.94,2.41,0
"Torrecuso",2011,12,30,9,3.41,2
"Torrecuso",2011,12,31,10.49,2.28,0
"Torrecuso",2012,1,1,11.41,1.76,0
"Torrecuso",2012,1,2,12.31,5.48,0
"Torrecuso",2012,1,3,14.2,7.09,16.5
"Torrecuso",2012,1,4,12.85,6.55,3.2
"Torrecuso",2012,1,5,11.43,6.02,3.2
"Torrecuso",2012,1,6,9.79,3.97,8.2
"Torrecuso",2012,1,7,10.6,2.45,0
"Torrecuso",2012,1,8,11.26,1.7,0
"Torrecuso",2012,1,9,9.58,1.31,0
"Torrecuso",2012,1,10,10.07,1.54,0
"Torrecuso",2012,1,11,12.04,1.64,0
"Torrecuso",2012,1,12,12.11,1.48,0
"Torrecuso",2012,1,13,10.52,1.83,0
"Torrecuso",2012,1,14,10.75,3.5,0
"Torrecuso",2012,1,15,9.52,-1.15,0
"Torrecuso",2012,1,16,6.16,-2.2,0
"Torrecuso",2012,1,17,7.61,-3.75,0
"Torrecuso",2012,1,18,9.68,-2.56,0
"Torrecuso",2012,1,19,11.9,-0.16,0
"Torrecuso",2012,1,20,10.65,6.43,6.6
"Torrecuso",2012,1,21,12.92,3.86,0
"Torrecuso",2012,1,22,11.78,4.76,0
"Torrecuso",2012,1,23,13.24,5.69,0
"Torrecuso",2012,1,24,12.03,4.51,0
"Torrecuso",2012,1,25,7.48,1.12,0
"Torrecuso",2012,1,26,8.54,-1.09,0
"Torrecuso",2012,1,27,9.18,-2.84,0
"Torrecuso",2012,1,28,9.53,-1.58,0
"Torrecuso",2012,1,29,10.39,1.4,0
"Torrecuso",2012,1,30,7.97,3.74,0
"Torrecuso",2012,1,31,6.43,2.38,1.2
"Torrecuso",2012,2,1,6.27,-0.39,33.8
"Torrecuso",2012,2,2,6.52,-0.62,7.8
"Torrecuso",2012,2,3,4.06,2.67,27.7
"Torrecuso",2012,2,4,5.35,-1.4,13.5
"Torrecuso",2012,2,5,6,-0.9,0
"Torrecuso",2012,2,6,4.8,-0.53,0
"Torrecuso",2012,2,7,2.86,-0.21,5.7
"Torrecuso",2012,2,8,6.87,1.16,0
"Torrecuso",2012,2,9,7.73,0.48,0
"Torrecuso",2012,2,10,3.81,0.27,11.9
"Torrecuso",2012,2,11,5.92,0.05,6.7
"Torrecuso",2012,2,12,6.49,-0.07,3.1
"Torrecuso",2012,2,13,6.25,-3.29,0
"Torrecuso",2012,2,14,5.94,-2.63,0
"Torrecuso",2012,2,15,6.94,-3.53,0
"Torrecuso",2012,2,16,9.19,-1.3,0
"Torrecuso",2012,2,17,11.04,-0.81,0
"Torrecuso",2012,2,18,13.13,0.08,0
"Torrecuso",2012,2,19,12.29,3.56,3.2
"Torrecuso",2012,2,20,11.6,4.81,3.2
"Torrecuso",2012,2,21,12.81,4.55,0
"Torrecuso",2012,2,22,12.92,7.43,0
"Torrecuso",2012,2,23,15.27,4.62,0
"Torrecuso",2012,2,24,16.81,3.58,0
"Torrecuso",2012,2,25,18.05,4.24,0
"Torrecuso",2012,2,26,13.05,5.23,4.3
"Torrecuso",2012,2,27,10.8,3.39,0
"Torrecuso",2012,2,28,12.24,0.06,0
"Torrecuso",2012,2,29,16.8,2.98,0
"Torrecuso",2012,3,1,19.05,8.43,0
"Torrecuso",2012,3,2,17.19,7.55,0
"Torrecuso",2012,3,3,14.09,7.9,0
"Torrecuso",2012,3,4,13.02,6.14,0
"Torrecuso",2012,3,5,13.62,4.97,5.6
"Torrecuso",2012,3,6,11.39,4.76,6.8
"Torrecuso",2012,3,7,11.54,3.73,0
"Torrecuso",2012,3,8,11.54,3.82,5.6
"Torrecuso",2012,3,9,12.77,6.12,0
"Torrecuso",2012,3,10,12.85,8.54,0
"Torrecuso",2012,3,11,14.58,7.86,0
"Torrecuso",2012,3,12,14.32,6.8,0
"Torrecuso",2012,3,13,17.31,7.6,0
"Torrecuso",2012,3,14,16.52,5.69,0
"Torrecuso",2012,3,15,18.77,6.75,0
"Torrecuso",2012,3,16,17.4,7.03,0
"Torrecuso",2012,3,17,16.98,7.73,0
"Torrecuso",2012,3,18,17.06,8.41,0
"Torrecuso",2012,3,19,16.73,9.38,0
"Torrecuso",2012,3,20,19.12,8.6,0
"Torrecuso",2012,3,21,19.84,7.88,0
"Torrecuso",2012,3,22,20.13,9.01,0
"Torrecuso",2012,3,23,21.13,9.66,0
"Torrecuso",2012,3,24,20.5,10.52,0
"Torrecuso",2012,3,25,19.58,10.09,0
"Torrecuso",2012,3,26,20.85,9.61,0
"Torrecuso",2012,3,27,19.49,8.84,0
"Torrecuso",2012,3,28,19.9,9.2,0
"Torrecuso",2012,3,29,18.65,7.92,0
"Torrecuso",2012,3,30,16.41,6.91,0
"Torrecuso",2012,3,31,17.07,8.3,0
"Torrecuso",2012,4,1,18.61,7.12,0
"Torrecuso",2012,4,2,18.97,7.83,0
"Torrecuso",2012,4,3,20.63,11.79,0
"Torrecuso",2012,4,4,20.92,10.82,0
"Torrecuso",2012,4,5,17.64,11.75,11.9
"Torrecuso",2012,4,6,15.96,11.22,0
"Torrecuso",2012,4,7,12.97,9.88,6
"Torrecuso",2012,4,8,13.45,5.77,10.7
"Torrecuso",2012,4,9,12.41,3.02,0
"Torrecuso",2012,4,10,16.2,2.25,0
"Torrecuso",2012,4,11,13.88,7.64,5.4
"Torrecuso",2012,4,12,15.67,8.15,0
"Torrecuso",2012,4,13,12.8,8.48,28.4
"Torrecuso",2012,4,14,12.3,9.68,19.6
"Torrecuso",2012,4,15,14.82,7.6,9.1
"Torrecuso",2012,4,16,13.78,7.23,14.5
"Torrecuso",2012,4,17,14.23,6.72,5.8
"Torrecuso",2012,4,18,15.97,7.02,3
"Torrecuso",2012,4,19,15.46,7.4,6.4
"Torrecuso",2012,4,20,13.28,8.39,13.4
"Torrecuso",2012,4,21,15.9,8.36,2.7
"Torrecuso",2012,4,22,15.56,10.86,0
"Torrecuso",2012,4,23,15.03,10.82,6.1
"Torrecuso",2012,4,24,15.82,8.87,2.4
"Torrecuso",2012,4,25,18.06,8.61,0
"Torrecuso",2012,4,26,20.35,8.92,0
"Torrecuso",2012,4,27,24.47,11.03,0
"Torrecuso",2012,4,28,25.15,14.21,0
"Torrecuso",2012,4,29,25.68,13.37,0
"Torrecuso",2012,4,30,24.45,14.78,0
"Torrecuso",2012,5,1,25.12,13.06,0
"Torrecuso",2012,5,2,23.32,12.04,0
"Torrecuso",2012,5,3,21.58,10.98,0
"Torrecuso",2012,5,4,19.38,9.71,0
"Torrecuso",2012,5,5,19.86,8.7,0
"Torrecuso",2012,5,6,18.7,11.36,2.6
"Torrecuso",2012,5,7,18.94,13.01,5.1
"Torrecuso",2012,5,8,20.5,11.35,0
"Torrecuso",2012,5,9,22.8,11.59,0
"Torrecuso",2012,5,10,24.28,12.9,0
"Torrecuso",2012,5,11,25.93,14.27,0
"Torrecuso",2012,5,12,24.72,13.54,0
"Torrecuso",2012,5,13,23.53,13.56,0
"Torrecuso",2012,5,14,15.79,8.87,10
"Torrecuso",2012,5,15,16.75,8.31,0
"Torrecuso",2012,5,16,18.31,7.61,0
"Torrecuso",2012,5,17,18.45,7.17,0
"Torrecuso",2012,5,18,19.36,7.26,0
"Torrecuso",2012,5,19,22.28,9.7,0
"Torrecuso",2012,5,20,23.11,11.93,0
"Torrecuso",2012,5,21,21.82,12.52,7.8
"Torrecuso",2012,5,22,15.84,10.1,15.9
"Torrecuso",2012,5,23,17.98,9.78,0
"Torrecuso",2012,5,24,22.7,12.77,0
"Torrecuso",2012,5,25,24.24,14.91,0
"Torrecuso",2012,5,26,22.59,13.31,9.6
"Torrecuso",2012,5,27,21.42,10.41,0
"Torrecuso",2012,5,28,18.22,11.28,3.6
"Torrecuso",2012,5,29,21.31,11.19,5.1
"Torrecuso",2012,5,30,22.85,13.24,0
"Torrecuso",2012,5,31,23.09,13.08,0
"Torrecuso",2012,6,1,22.66,14.16,0
"Torrecuso",2012,6,2,24.57,14.33,0
"Torrecuso",2012,6,3,25.13,14.78,0
"Torrecuso",2012,6,4,23.72,13.62,13.9
"Torrecuso",2012,6,5,22.5,13.18,0
"Torrecuso",2012,6,6,23.15,14.3,0
"Torrecuso",2012,6,7,25.17,14.17,0
"Torrecuso",2012,6,8,29.32,15.81,0
"Torrecuso",2012,6,9,28.86,17.91,0
"Torrecuso",2012,6,10,25.85,17.32,0
"Torrecuso",2012,6,11,24.62,16.87,0
"Torrecuso",2012,6,12,25.02,16.34,0
"Torrecuso",2012,6,13,23.38,14.38,0
"Torrecuso",2012,6,14,25.33,14.33,0
"Torrecuso",2012,6,15,28.04,16.09,0
"Torrecuso",2012,6,16,30.27,17.51,0
"Torrecuso",2012,6,17,31.11,18.75,0
"Torrecuso",2012,6,18,30.85,19.87,0
"Torrecuso",2012,6,19,31.39,19.89,0
"Torrecuso",2012,6,20,31.13,19.99,0
"Torrecuso",2012,6,21,29.68,21.09,0
"Torrecuso",2012,6,22,29.95,19.4,0
"Torrecuso",2012,6,23,31.12,20.45,0
"Torrecuso",2012,6,24,30.38,19.48,0
"Torrecuso",2012,6,25,29.25,18.01,0
"Torrecuso",2012,6,26,30.71,17.86,0
"Torrecuso",2012,6,27,30.9,20.94,0
"Torrecuso",2012,6,28,31.38,19.83,0
"Torrecuso",2012,6,29,30.1,20.8,0
"Torrecuso",2012,6,30,32.25,21.34,0
"Torrecuso",2012,7,1,31.94,21.28,0
"Torrecuso",2012,7,2,31.9,20.44,0
"Torrecuso",2012,7,3,30.21,19.52,0
"Torrecuso",2012,7,4,29.51,19.27,0
"Torrecuso",2012,7,5,29.16,19.79,0
"Torrecuso",2012,7,6,29.46,18.99,0
"Torrecuso",2012,7,7,29.61,19.18,0
"Torrecuso",2012,7,8,30.49,20.28,0
"Torrecuso",2012,7,9,31.98,20.29,0
"Torrecuso",2012,7,10,32.2,20.82,0
"Torrecuso",2012,7,11,31.54,19.94,0
"Torrecuso",2012,7,12,30.92,20.39,0
"Torrecuso",2012,7,13,29.44,19.37,0
"Torrecuso",2012,7,14,30.76,18.72,0
"Torrecuso",2012,7,15,30.82,19.75,0
"Torrecuso",2012,7,16,29.3,17.57,0
"Torrecuso",2012,7,17,30.14,18.3,0
"Torrecuso",2012,7,18,31.89,20.25,0
"Torrecuso",2012,7,19,31.25,18.84,0
"Torrecuso",2012,7,20,31.03,19.06,0
"Torrecuso",2012,7,21,31.12,17.7,0
"Torrecuso",2012,7,22,28.27,19.19,0
"Torrecuso",2012,7,23,25.3,18.59,36
"Torrecuso",2012,7,24,25.55,18.37,15.1
"Torrecuso",2012,7,25,25.68,18.33,10.7
"Torrecuso",2012,7,26,28.79,19.41,0
"Torrecuso",2012,7,27,31.42,20.75,0
"Torrecuso",2012,7,28,32.47,20.77,0
"Torrecuso",2012,7,29,32.68,20.49,0
"Torrecuso",2012,7,30,32.52,20.58,0
"Torrecuso",2012,7,31,31.28,19.39,0
"Torrecuso",2012,8,1,31.58,21.86,0
"Torrecuso",2012,8,2,30.72,21,0
"Torrecuso",2012,8,3,31.91,19.99,0
"Torrecuso",2012,8,4,33.03,20.2,0
"Torrecuso",2012,8,5,34.01,21,0
"Torrecuso",2012,8,6,34.09,21.45,0
"Torrecuso",2012,8,7,34.99,22.15,0
"Torrecuso",2012,8,8,33.98,21.32,0
"Torrecuso",2012,8,9,32.01,20.96,0
"Torrecuso",2012,8,10,31.62,19.95,0
"Torrecuso",2012,8,11,30.25,19.69,0
"Torrecuso",2012,8,12,29.27,17.67,0
"Torrecuso",2012,8,13,29.64,19.85,0
"Torrecuso",2012,8,14,29.75,20.35,0
"Torrecuso",2012,8,15,30.68,20.68,0
"Torrecuso",2012,8,16,30.35,20.27,0
"Torrecuso",2012,8,17,32.46,21.67,0
"Torrecuso",2012,8,18,32.62,22.67,0
"Torrecuso",2012,8,19,33.09,22.31,0
"Torrecuso",2012,8,20,33.23,21.98,0
"Torrecuso",2012,8,21,32.58,21.92,0
"Torrecuso",2012,8,22,32.86,21.88,0
"Torrecuso",2012,8,23,33.87,21.6,0
"Torrecuso",2012,8,24,31.82,21.5,0
"Torrecuso",2012,8,25,31.56,21.41,0
"Torrecuso",2012,8,26,30.41,19.84,0
"Torrecuso",2012,8,27,29.9,20.64,0
"Torrecuso",2012,8,28,29.68,19.74,0
"Torrecuso",2012,8,29,29.76,19.27,0
"Torrecuso",2012,8,30,30.32,19.81,0
"Torrecuso",2012,8,31,29.27,18.95,0
"Torrecuso",2012,9,1,24.81,15.73,4.1
"Torrecuso",2012,9,2,27.97,17.03,5.2
"Torrecuso",2012,9,3,26.52,17.57,9.7
"Torrecuso",2012,9,4,23.93,17.61,14.4
"Torrecuso",2012,9,5,25.4,18.24,9.1
"Torrecuso",2012,9,6,26,18.82,10.5
"Torrecuso",2012,9,7,28.62,18.14,0
"Torrecuso",2012,9,8,28.18,17.9,0
"Torrecuso",2012,9,9,28.09,18.44,0
"Torrecuso",2012,9,10,26.42,17.85,0
"Torrecuso",2012,9,11,26.82,17.78,0
"Torrecuso",2012,9,12,25.67,16.36,0
"Torrecuso",2012,9,13,22.84,16.01,38.6
"Torrecuso",2012,9,14,20.02,14.9,22.5
"Torrecuso",2012,9,15,24.57,15.08,0
"Torrecuso",2012,9,16,24.81,15.17,0
"Torrecuso",2012,9,17,24.7,15.22,0
"Torrecuso",2012,9,18,24.86,15.73,0
"Torrecuso",2012,9,19,23.21,14.19,26.3
"Torrecuso",2012,9,20,23.49,14.71,0
"Torrecuso",2012,9,21,23.12,12.03,0
"Torrecuso",2012,9,22,23.7,13.64,0
"Torrecuso",2012,9,23,27.08,16.56,0
"Torrecuso",2012,9,24,27.84,18.47,0
"Torrecuso",2012,9,25,24.68,18.38,0
"Torrecuso",2012,9,26,25.53,17.57,0
"Torrecuso",2012,9,27,27.59,19.63,0
"Torrecuso",2012,9,28,28.9,19.56,0
"Torrecuso",2012,9,29,32.41,18.29,0
"Torrecuso",2012,9,30,24.88,17.26,6.2
"Torrecuso",2012,10,1,27.12,17.7,0
"Torrecuso",2012,10,2,24.4,16.24,0
"Torrecuso",2012,10,3,23.03,15.48,0
"Torrecuso",2012,10,4,24.04,14.09,0
"Torrecuso",2012,10,5,25.37,13.82,0
"Torrecuso",2012,10,6,25.47,14.8,0
"Torrecuso",2012,10,7,22.39,14.08,0
"Torrecuso",2012,10,8,25.18,15.19,0
"Torrecuso",2012,10,9,21.09,15.23,5.9
"Torrecuso",2012,10,10,24.17,15.48,0
"Torrecuso",2012,10,11,23.01,15.7,0
"Torrecuso",2012,10,12,21.79,16.58,11.8
"Torrecuso",2012,10,13,21.52,14.38,14.2
"Torrecuso",2012,10,14,21.63,14.56,0
"Torrecuso",2012,10,15,22.11,14.22,17.2
"Torrecuso",2012,10,16,20.49,12.62,2.4
"Torrecuso",2012,10,17,22.64,11.68,0
"Torrecuso",2012,10,18,23.87,11.83,0
"Torrecuso",2012,10,19,25.15,11.97,0
"Torrecuso",2012,10,20,25.33,13.82,0
"Torrecuso",2012,10,21,26.03,14.21,0
"Torrecuso",2012,10,22,23.16,14.01,0
"Torrecuso",2012,10,23,23.13,13.76,0
"Torrecuso",2012,10,24,23.64,13.16,0
"Torrecuso",2012,10,25,23.25,11.68,0
"Torrecuso",2012,10,26,21.84,11.94,27.6
"Torrecuso",2012,10,27,20.75,14.57,20.8
"Torrecuso",2012,10,28,16.06,8.12,8.3
"Torrecuso",2012,10,29,11.52,5.68,12.3
"Torrecuso",2012,10,30,14.35,5.28,0
"Torrecuso",2012,10,31,15.43,9.47,36.7
"Torrecuso",2012,11,1,19.79,13.26,9.2
"Torrecuso",2012,11,2,19.57,11.27,0
"Torrecuso",2012,11,3,18.65,10.63,0
"Torrecuso",2012,11,4,20.61,13.31,34
"Torrecuso",2012,11,5,21.59,14.15,6.8
"Torrecuso",2012,11,6,18.18,11.8,0
"Torrecuso",2012,11,7,16.14,8.42,3.2
"Torrecuso",2012,11,8,16.8,6.38,0
"Torrecuso",2012,11,9,17.14,7.22,0
"Torrecuso",2012,11,10,20.11,7.29,0
"Torrecuso",2012,11,11,20.88,12.58,0
"Torrecuso",2012,11,12,21.04,15.09,0
"Torrecuso",2012,11,13,20.5,13.59,0
"Torrecuso",2012,11,14,19.55,12.82,0
"Torrecuso",2012,11,15,18.42,12.31,0
"Torrecuso",2012,11,16,16.68,11.22,0
"Torrecuso",2012,11,17,16.7,11.61,1.2
"Torrecuso",2012,11,18,15.76,12.38,26.6
"Torrecuso",2012,11,19,15.94,13.75,11.3
"Torrecuso",2012,11,20,13.45,11.75,5
"Torrecuso",2012,11,21,17.22,10.93,0
"Torrecuso",2012,11,22,18.4,9.71,0
"Torrecuso",2012,11,23,17.17,10.85,0
"Torrecuso",2012,11,24,17.55,8.88,0
"Torrecuso",2012,11,25,17.78,6.97,0
"Torrecuso",2012,11,26,16.33,6.32,0
"Torrecuso",2012,11,27,16.24,8,0
"Torrecuso",2012,11,28,18.41,9.55,24.3
"Torrecuso",2012,11,29,12.2,8.31,32.8
"Torrecuso",2012,11,30,13.27,5.58,10.5
"Torrecuso",2012,12,1,11.87,5.43,13.7
"Torrecuso",2012,12,2,12.16,6.58,16.1
"Torrecuso",2012,12,3,8.82,0.85,4.1
"Torrecuso",2012,12,4,9.86,1.14,12.9
"Torrecuso",2012,12,5,10.76,2.89,7.1
"Torrecuso",2012,12,6,8.86,0.17,0
"Torrecuso",2012,12,7,8.21,-0.65,9.9
"Torrecuso",2012,12,8,8.67,2.8,13.2
"Torrecuso",2012,12,9,6.75,-0.01,0
"Torrecuso",2012,12,10,6.9,-0.22,13
"Torrecuso",2012,12,11,8.26,2.12,0
"Torrecuso",2012,12,12,7.22,-0.98,0
"Torrecuso",2012,12,13,6.44,-2.09,0
"Torrecuso",2012,12,14,12.54,4.91,18.4
"Torrecuso",2012,12,15,14.96,12.04,1.9
"Torrecuso",2012,12,16,17.08,11.57,1.8
"Torrecuso",2012,12,17,14.68,6.64,13.4
"Torrecuso",2012,12,18,12.44,4.79,0
"Torrecuso",2012,12,19,10.58,3.44,0
"Torrecuso",2012,12,20,10.65,2.37,0
"Torrecuso",2012,12,21,7.73,4.35,3.7
"Torrecuso",2012,12,22,13.21,3.29,0
"Torrecuso",2012,12,23,13.1,3.66,0
"Torrecuso",2012,12,24,15.11,5.5,0
"Torrecuso",2012,12,25,16.37,7.49,0
"Torrecuso",2012,12,26,15.04,7.66,0
"Torrecuso",2012,12,27,14.6,7.26,4.8
"Torrecuso",2012,12,28,12.97,7.65,0
"Torrecuso",2012,12,29,12.22,4.07,0
"Torrecuso",2012,12,30,12.85,3.45,0
"Torrecuso",2012,12,31,12.59,3.27,0
"Torrecuso",2013,1,1,12.26,3.25,0
"Torrecuso",2013,1,2,12.21,5.39,2.8
"Torrecuso",2013,1,3,14.16,5.89,0
"Torrecuso",2013,1,4,12.99,5.12,0
"Torrecuso",2013,1,5,10.17,4.07,0
"Torrecuso",2013,1,6,13.83,4.6,0
"Torrecuso",2013,1,7,13.91,4.27,0
"Torrecuso",2013,1,8,11.94,3.3,0
"Torrecuso",2013,1,9,12.86,5.29,0
"Torrecuso",2013,1,10,10.42,7.3,0
"Torrecuso",2013,1,11,11.52,4.85,5.2
"Torrecuso",2013,1,12,12.24,2.74,1.2
"Torrecuso",2013,1,13,10.63,6.02,7.2
"Torrecuso",2013,1,14,11.2,6.01,19.1
"Torrecuso",2013,1,15,11.03,5.09,12.1
"Torrecuso",2013,1,16,6.8,1.89,15.4
"Torrecuso",2013,1,17,8.75,1.14,26
"Torrecuso",2013,1,18,6.32,1.16,8.1
"Torrecuso",2013,1,19,9.02,0.25,6.8
"Torrecuso",2013,1,20,14.21,9.21,32.5
"Torrecuso",2013,1,21,13.14,8.37,12.4
"Torrecuso",2013,1,22,9.89,5.72,7.6
"Torrecuso",2013,1,23,8.78,3.84,12.1
"Torrecuso",2013,1,24,10,4.41,11.3
"Torrecuso",2013,1,25,9.3,3.41,0
"Torrecuso",2013,1,26,7.81,3.18,0
"Torrecuso",2013,1,27,10.56,3.06,0
"Torrecuso",2013,1,28,8.84,1.89,5.1
"Torrecuso",2013,1,29,13.78,4.88,0
"Torrecuso",2013,1,30,14.93,3.94,0
"Torrecuso",2013,1,31,18.12,6.57,0
"Torrecuso",2013,2,1,15.18,7.26,0
"Torrecuso",2013,2,2,15.8,6.83,8.2
"Torrecuso",2013,2,3,7.65,3.34,10.2
"Torrecuso",2013,2,4,11.27,1.59,0
"Torrecuso",2013,2,5,11.05,2.11,4.3
"Torrecuso",2013,2,6,10.52,3.62,8.1
"Torrecuso",2013,2,7,7.85,2.18,10.4
"Torrecuso",2013,2,8,7.36,2.38,3.4
"Torrecuso",2013,2,9,5.97,-1.06,6
"Torrecuso",2013,2,10,5.71,-2.2,0
"Torrecuso",2013,2,11,8.99,-0.4,17.4
"Torrecuso",2013,2,12,10.18,4.45,9
"Torrecuso",2013,2,13,10.71,3.23,0
"Torrecuso",2013,2,14,11.55,3.36,0
"Torrecuso",2013,2,15,11.79,2.48,0
"Torrecuso",2013,2,16,12.69,5.66,0
"Torrecuso",2013,2,17,11.79,3.33,0
"Torrecuso",2013,2,18,9.91,2.15,3.2
"Torrecuso",2013,2,19,10.67,1.7,0
"Torrecuso",2013,2,20,11.96,1.1,0
"Torrecuso",2013,2,21,11.97,3.38,0
"Torrecuso",2013,2,22,10.04,3.39,8.9
"Torrecuso",2013,2,23,11.28,3.86,15
"Torrecuso",2013,2,24,11.02,2.61,4.1
"Torrecuso",2013,2,25,10.52,2.24,0
"Torrecuso",2013,2,26,10.49,3.58,0
"Torrecuso",2013,2,27,12.98,2.53,0
"Torrecuso",2013,2,28,13.64,2.73,0
"Torrecuso",2013,3,1,12.3,4.86,0
"Torrecuso",2013,3,2,12.37,5.21,0
"Torrecuso",2013,3,3,13.85,3.38,0
"Torrecuso",2013,3,4,13.5,3.39,0
"Torrecuso",2013,3,5,14.11,4.19,0
"Torrecuso",2013,3,6,13.3,9.86,19.7
"Torrecuso",2013,3,7,14.65,11.08,5.7
"Torrecuso",2013,3,8,14.01,10.08,9.1
"Torrecuso",2013,3,9,16.2,9.94,0
"Torrecuso",2013,3,10,16.8,9.44,11
"Torrecuso",2013,3,11,14.36,9.79,6.6
"Torrecuso",2013,3,12,12.88,7.31,24.2
"Torrecuso",2013,3,13,11.44,6.93,20.4
"Torrecuso",2013,3,14,9.2,4.85,5.4
"Torrecuso",2013,3,15,6.35,0.93,6.7
"Torrecuso",2013,3,16,9.18,0.97,0
"Torrecuso",2013,3,17,10.33,0.96,2.8
"Torrecuso",2013,3,18,13.9,8.43,10
"Torrecuso",2013,3,19,14.26,7.35,0
"Torrecuso",2013,3,20,15.4,5.66,6.8
"Torrecuso",2013,3,21,15.33,7.55,3.6
"Torrecuso",2013,3,22,14.71,4.68,0
"Torrecuso",2013,3,23,15.44,4.54,0
"Torrecuso",2013,3,24,20.1,8.79,0
"Torrecuso",2013,3,25,14.51,7.97,19.4
"Torrecuso",2013,3,26,12.86,6.3,15.3
"Torrecuso",2013,3,27,14.86,6.49,0
"Torrecuso",2013,3,28,14.2,8.09,1.6
"Torrecuso",2013,3,29,18.14,11.48,0
"Torrecuso",2013,3,30,15.83,11.03,4.5
"Torrecuso",2013,3,31,13.27,9.23,13.5
"Torrecuso",2013,4,1,16.68,7.6,12.4
"Torrecuso",2013,4,2,12.96,8.7,21
"Torrecuso",2013,4,3,14.35,6.39,0
"Torrecuso",2013,4,4,16.94,6.25,0
"Torrecuso",2013,4,5,16.62,10.51,0
"Torrecuso",2013,4,6,17.76,7.47,0
"Torrecuso",2013,4,7,17.06,8.67,0
"Torrecuso",2013,4,8,15.63,6.42,0
"Torrecuso",2013,4,9,16.92,8.47,5
"Torrecuso",2013,4,10,16.99,9.95,0
"Torrecuso",2013,4,11,18.3,9.39,0
"Torrecuso",2013,4,12,18.76,9.75,0
"Torrecuso",2013,4,13,19.11,10.99,0
"Torrecuso",2013,4,14,21.79,10.29,0
"Torrecuso",2013,4,15,20.88,12.73,0
"Torrecuso",2013,4,16,19.53,10.44,0
"Torrecuso",2013,4,17,21.1,10.95,0
"Torrecuso",2013,4,18,20.8,11.51,0
"Torrecuso",2013,4,19,21.58,12,0
"Torrecuso",2013,4,20,20.09,11.81,0
"Torrecuso",2013,4,21,17.75,9.77,3.7
"Torrecuso",2013,4,22,15.47,8.61,11.5
"Torrecuso",2013,4,23,18.54,8.82,0
"Torrecuso",2013,4,24,23.39,12.4,0
"Torrecuso",2013,4,25,23.86,14.03,0
"Torrecuso",2013,4,26,24.86,13.41,11.9
"Torrecuso",2013,4,27,17.31,12.73,1.1
"Torrecuso",2013,4,28,23.21,12.59,0
"Torrecuso",2013,4,29,26.99,15.34,0
"Torrecuso",2013,4,30,28.1,16.24,0
"Torrecuso",2013,5,1,27.44,15.9,0
"Torrecuso",2013,5,2,26.14,15,0
"Torrecuso",2013,5,3,25.71,14.42,0
"Torrecuso",2013,5,4,26.57,16.05,0
"Torrecuso",2013,5,5,25.16,15.33,2.7
"Torrecuso",2013,5,6,20.57,14.07,4.3
"Torrecuso",2013,5,7,20.17,12.39,5.6
"Torrecuso",2013,5,8,21.33,12.69,0
"Torrecuso",2013,5,9,22.94,11.82,0
"Torrecuso",2013,5,10,22.28,12.84,0
"Torrecuso",2013,5,11,21.46,13.12,0
"Torrecuso",2013,5,12,20.43,10.84,0
"Torrecuso",2013,5,13,20.72,10.73,0
"Torrecuso",2013,5,14,22.36,8.98,0
"Torrecuso",2013,5,15,21.64,10.21,0
"Torrecuso",2013,5,16,23.76,14.66,5.9
"Torrecuso",2013,5,17,20.61,12.31,0.8
"Torrecuso",2013,5,18,26.55,11.68,0
"Torrecuso",2013,5,19,22.95,13.08,0
"Torrecuso",2013,5,20,20.7,11.76,0
"Torrecuso",2013,5,21,21.75,11.19,4.4
"Torrecuso",2013,5,22,23.98,13.88,12.7
"Torrecuso",2013,5,23,19.26,11.96,11
"Torrecuso",2013,5,24,19.91,10.91,3.3
"Torrecuso",2013,5,25,18.61,8.62,7.4
"Torrecuso",2013,5,26,17.32,8.78,3.2
"Torrecuso",2013,5,27,18.51,9.68,0
"Torrecuso",2013,5,28,23.52,10.27,0
"Torrecuso",2013,5,29,20.49,10.27,3.2
"Torrecuso",2013,5,30,18.41,9.41,7
"Torrecuso",2013,5,31,16.57,8.43,10.9
"Torrecuso",2013,6,1,17.93,9.96,6.5
"Torrecuso",2013,6,2,19.34,10.53,0
"Torrecuso",2013,6,3,20.68,11.95,0
"Torrecuso",2013,6,4,19.57,12.51,7
"Torrecuso",2013,6,5,21.04,12.13,0
"Torrecuso",2013,6,6,23.75,12.95,0
"Torrecuso",2013,6,7,24.56,13.79,0
"Torrecuso",2013,6,8,24.26,14.32,0
"Torrecuso",2013,6,9,24.69,15.11,0
"Torrecuso",2013,6,10,22.94,14.77,0
"Torrecuso",2013,6,11,22.88,13.41,7.3
"Torrecuso",2013,6,12,24.8,14.54,0
"Torrecuso",2013,6,13,26.79,15.1,0
"Torrecuso",2013,6,14,26.35,14.13,0
"Torrecuso",2013,6,15,26.4,16.94,0
"Torrecuso",2013,6,16,28.04,17.4,0
"Torrecuso",2013,6,17,30.41,19.66,0
"Torrecuso",2013,6,18,30.42,20.63,0
"Torrecuso",2013,6,19,31.33,19.74,0
"Torrecuso",2013,6,20,31.17,19.53,0
"Torrecuso",2013,6,21,30.04,19.2,0
"Torrecuso",2013,6,22,29.15,18.33,0
"Torrecuso",2013,6,23,27.29,17.36,0
"Torrecuso",2013,6,24,24.26,15.56,0
"Torrecuso",2013,6,25,24.34,15.17,0
"Torrecuso",2013,6,26,25.08,13.87,0
"Torrecuso",2013,6,27,24.38,13.72,0
"Torrecuso",2013,6,28,23.89,13.91,0
"Torrecuso",2013,6,29,23.72,15.15,9.8
"Torrecuso",2013,6,30,24.91,13.99,0
"Torrecuso",2013,7,1,25.64,14.6,0
"Torrecuso",2013,7,2,27.12,15.49,0
"Torrecuso",2013,7,3,26.78,15.48,0
"Torrecuso",2013,7,4,23.88,16.28,4.8
"Torrecuso",2013,7,5,29.05,16.32,0
"Torrecuso",2013,7,6,29.26,18.3,3.3
"Torrecuso",2013,7,7,28.91,18.41,8.1
"Torrecuso",2013,7,8,28.91,18.19,5.7
"Torrecuso",2013,7,9,27.11,17.62,0
"Torrecuso",2013,7,10,27.04,16.95,0
"Torrecuso",2013,7,11,26.77,16.94,8
"Torrecuso",2013,7,12,27.7,17.23,0
"Torrecuso",2013,7,13,28.58,17.6,0
"Torrecuso",2013,7,14,28.44,18.37,8.9
"Torrecuso",2013,7,15,29.03,18.51,0
"Torrecuso",2013,7,16,29.24,19.09,0
"Torrecuso",2013,7,17,29.02,18.48,0
"Torrecuso",2013,7,18,27.9,18.41,0
"Torrecuso",2013,7,19,27.61,18.29,4.9
"Torrecuso",2013,7,20,28.64,17.34,0
"Torrecuso",2013,7,21,29.48,19.08,4.6
"Torrecuso",2013,7,22,30.05,17.97,0
"Torrecuso",2013,7,23,29.3,19.46,0
"Torrecuso",2013,7,24,30.05,19.72,0
"Torrecuso",2013,7,25,29.61,20.91,0
"Torrecuso",2013,7,26,30.98,20.83,0
"Torrecuso",2013,7,27,32.35,21.76,0
"Torrecuso",2013,7,28,32.43,21.85,0
"Torrecuso",2013,7,29,32.94,21.44,0
"Torrecuso",2013,7,30,30.61,20.13,0
"Torrecuso",2013,7,31,31.46,20.97,0
"Torrecuso",2013,8,1,32.3,20.35,0
"Torrecuso",2013,8,2,31.67,21.62,0
"Torrecuso",2013,8,3,32.67,20.93,0
"Torrecuso",2013,8,4,34.38,21.52,0
"Torrecuso",2013,8,5,34.29,21.77,0
"Torrecuso",2013,8,6,33.02,22.11,0
"Torrecuso",2013,8,7,34.42,22.33,0
"Torrecuso",2013,8,8,34.52,21.34,0
"Torrecuso",2013,8,9,31.92,19.76,3.5
"Torrecuso",2013,8,10,28.91,19.45,0
"Torrecuso",2013,8,11,29.93,18.59,0
"Torrecuso",2013,8,12,30.58,20.1,0
"Torrecuso",2013,8,13,30.52,19.94,0
"Torrecuso",2013,8,14,30.81,19.31,0
"Torrecuso",2013,8,15,30.59,20.18,0
"Torrecuso",2013,8,16,30.81,20.84,0
"Torrecuso",2013,8,17,30.76,20.2,0
"Torrecuso",2013,8,18,30.06,19.82,0
"Torrecuso",2013,8,19,30.79,19.66,0
"Torrecuso",2013,8,20,28.4,19.16,0
"Torrecuso",2013,8,21,29.12,18.91,0
"Torrecuso",2013,8,22,29.72,19.5,0
"Torrecuso",2013,8,23,29.6,19.64,0
"Torrecuso",2013,8,24,28.41,18.63,0
"Torrecuso",2013,8,25,25.37,18.26,23.4
"Torrecuso",2013,8,26,28.03,18.73,0
"Torrecuso",2013,8,27,29.59,18.95,22.3
"Torrecuso",2013,8,28,26.62,18,0
"Torrecuso",2013,8,29,27.15,17.04,0
"Torrecuso",2013,8,30,27.02,18.29,0
"Torrecuso",2013,8,31,27.12,17.28,0
"Torrecuso",2013,9,1,27.49,17.5,0
"Torrecuso",2013,9,2,27.83,16.68,0
"Torrecuso",2013,9,3,29.52,17.18,0
"Torrecuso",2013,9,4,30.61,18.35,0
"Torrecuso",2013,9,5,29.56,18.67,0
"Torrecuso",2013,9,6,28.36,17.89,0
"Torrecuso",2013,9,7,28.66,19.22,0
"Torrecuso",2013,9,8,28.64,18.07,0
"Torrecuso",2013,9,9,26.61,18.47,0
"Torrecuso",2013,9,10,25.12,17.76,9.9
"Torrecuso",2013,9,11,25.9,17.24,12.1
"Torrecuso",2013,9,12,23.73,15.71,4.4
"Torrecuso",2013,9,13,23.65,14.71,0
"Torrecuso",2013,9,14,25.44,14.64,0
"Torrecuso",2013,9,15,23.31,13.29,13.4
"Torrecuso",2013,9,16,24.26,14.76,4.2
"Torrecuso",2013,9,17,22.33,14.56,0
"Torrecuso",2013,9,18,23.84,14.05,0
"Torrecuso",2013,9,19,24.48,15.02,0
"Torrecuso",2013,9,20,26.26,15.6,0
"Torrecuso",2013,9,21,25.61,15.33,0
"Torrecuso",2013,9,22,24.07,15.73,0
"Torrecuso",2013,9,23,23.56,12.76,0
"Torrecuso",2013,9,24,25.58,12.35,0
"Torrecuso",2013,9,25,25.19,14.84,0
"Torrecuso",2013,9,26,26.38,14.74,0
"Torrecuso",2013,9,27,25.96,15.95,0
"Torrecuso",2013,9,28,25.13,16.47,0
"Torrecuso",2013,9,29,24.62,17.17,17.1
"Torrecuso",2013,9,30,23.49,15.89,32.3
"Torrecuso",2013,10,1,23.82,14.96,0
"Torrecuso",2013,10,2,23.2,14.29,0
"Torrecuso",2013,10,3,21.01,12.94,0
"Torrecuso",2013,10,4,21.08,11.18,0
"Torrecuso",2013,10,5,19.51,14.53,27.5
"Torrecuso",2013,10,6,22.3,16.99,27
"Torrecuso",2013,10,7,23.27,15.34,0
"Torrecuso",2013,10,8,21.9,14.94,10.8
"Torrecuso",2013,10,9,20.69,14.2,7
"Torrecuso",2013,10,10,21.25,14.1,4.9
"Torrecuso",2013,10,11,22.78,15.5,3.9
"Torrecuso",2013,10,12,22.5,15.31,0.9
"Torrecuso",2013,10,13,25.7,15.17,0
"Torrecuso",2013,10,14,24.48,15.54,0
"Torrecuso",2013,10,15,21.35,15.37,0
"Torrecuso",2013,10,16,21.56,13.89,9.6
"Torrecuso",2013,10,17,21.92,11.65,0
"Torrecuso",2013,10,18,22.96,11.56,0
"Torrecuso",2013,10,19,23.63,12.26,0
"Torrecuso",2013,10,20,23.37,12.51,0
"Torrecuso",2013,10,21,24.04,15.15,0
"Torrecuso",2013,10,22,25.29,15.32,0
"Torrecuso",2013,10,23,24.76,13.54,0
"Torrecuso",2013,10,24,20.53,13.34,0
"Torrecuso",2013,10,25,24.11,14.64,0
"Torrecuso",2013,10,26,23.71,14.16,0
"Torrecuso",2013,10,27,22.52,13.67,0
"Torrecuso",2013,10,28,22.45,14.42,0
"Torrecuso",2013,10,29,23.9,12.86,0
"Torrecuso",2013,10,30,21.83,12.35,0
"Torrecuso",2013,10,31,22.33,13.83,0
"Torrecuso",2013,11,1,23.15,13.51,0
"Torrecuso",2013,11,2,21.61,13.29,1.6
"Torrecuso",2013,11,3,21.64,15.3,0
"Torrecuso",2013,11,4,22.4,15.88,3.9
"Torrecuso",2013,11,5,18,11.84,16.5
"Torrecuso",2013,11,6,19.58,10.9,0
"Torrecuso",2013,11,7,23.14,11.91,0
"Torrecuso",2013,11,8,21.16,12.21,0
"Torrecuso",2013,11,9,20.96,13.57,0
"Torrecuso",2013,11,10,18.7,11.31,14.6
"Torrecuso",2013,11,11,13.29,9.7,6.8
"Torrecuso",2013,11,12,14.61,11.64,7.7
"Torrecuso",2013,11,13,17.33,13.01,0
"Torrecuso",2013,11,14,20.66,12.62,0
"Torrecuso",2013,11,15,16.74,11.38,15.8
"Torrecuso",2013,11,16,17.11,14.02,0
"Torrecuso",2013,11,17,18.51,11.48,0
"Torrecuso",2013,11,18,17.67,9.49,0
"Torrecuso",2013,11,19,17.21,10.44,43.3
"Torrecuso",2013,11,20,15.65,9.25,13.2
"Torrecuso",2013,11,21,13.06,7.34,11.3
"Torrecuso",2013,11,22,11.78,6.58,19.2
"Torrecuso",2013,11,23,10.13,5.78,14.5
"Torrecuso",2013,11,24,10.94,5.06,3.8
"Torrecuso",2013,11,25,11.71,3.19,5
"Torrecuso",2013,11,26,6.99,2,0
"Torrecuso",2013,11,27,6.13,1.84,5.3
"Torrecuso",2013,11,28,7.48,1.47,2.4
"Torrecuso",2013,11,29,11.94,4.83,0
"Torrecuso",2013,11,30,12.52,4.26,0
"Torrecuso",2013,12,1,13.61,10.56,11.2
"Torrecuso",2013,12,2,13.3,10.38,17.9
"Torrecuso",2013,12,3,14.22,7.57,0
"Torrecuso",2013,12,4,15.36,6.33,0
"Torrecuso",2013,12,5,13.92,4.94,0
"Torrecuso",2013,12,6,11.97,4.2,0
"Torrecuso",2013,12,7,13.36,4.26,0
"Torrecuso",2013,12,8,14.19,5.38,0
"Torrecuso",2013,12,9,14.46,6.97,0
"Torrecuso",2013,12,10,15.18,7.37,0
"Torrecuso",2013,12,11,16.13,6.81,0
"Torrecuso",2013,12,12,14.91,5,0
"Torrecuso",2013,12,13,11.95,5.03,0
"Torrecuso",2013,12,14,11.55,4.67,0
"Torrecuso",2013,12,15,12.3,5.86,0
"Torrecuso",2013,12,16,15.18,5.45,0
"Torrecuso",2013,12,17,14.67,4.88,0
"Torrecuso",2013,12,18,13.37,3.86,0
"Torrecuso",2013,12,19,14.39,3.18,0
"Torrecuso",2013,12,20,14.75,7.1,0
"Torrecuso",2013,12,21,15.53,4.72,0
"Torrecuso",2013,12,22,13.77,3.22,0
"Torrecuso",2013,12,23,12.49,3.35,0
"Torrecuso",2013,12,24,13.54,2.16,0
"Torrecuso",2013,12,25,12.14,5.8,0
"Torrecuso",2013,12,26,11.85,7.25,23.6
"Torrecuso",2013,12,27,10.68,4.94,5.5
"Torrecuso",2013,12,28,13.74,4.84,0
"Torrecuso",2013,12,29,12.98,6.71,0
"Torrecuso",2013,12,30,9.45,8.48,10.8
"Torrecuso",2013,12,31,12.81,7.54,0
"Torrecuso",2014,1,1,13.45,6.07,0
"Torrecuso",2014,1,2,12.33,5.51,3.6
"Torrecuso",2014,1,3,15.43,8.78,2.1
"Torrecuso",2014,1,4,15.48,10.23,4.4
"Torrecuso",2014,1,5,13.19,6.35,17.4
"Torrecuso",2014,1,6,13.74,5.49,0
"Torrecuso",2014,1,7,15.19,5.59,0
"Torrecuso",2014,1,8,14.41,5.75,0
"Torrecuso",2014,1,9,12.4,4.45,0
"Torrecuso",2014,1,10,11.85,6.69,0
"Torrecuso",2014,1,11,13.64,5.11,0
"Torrecuso",2014,1,12,11.83,5.78,0
"Torrecuso",2014,1,13,14.33,5.99,0
"Torrecuso",2014,1,14,11.4,7.79,14.3
"Torrecuso",2014,1,15,12.74,6.71,0
"Torrecuso",2014,1,16,11.82,4.8,0
"Torrecuso",2014,1,17,13.36,8.43,5.3
"Torrecuso",2014,1,18,16.65,10.11,0
"Torrecuso",2014,1,19,15.87,10.92,20
"Torrecuso",2014,1,20,13.57,7.91,23.1
"Torrecuso",2014,1,21,10.33,7.89,13.5
"Torrecuso",2014,1,22,10.93,6.55,3.4
"Torrecuso",2014,1,23,10.05,5.75,5.1
"Torrecuso",2014,1,24,9.96,5.92,35
"Torrecuso",2014,1,25,9.52,4.21,0
"Torrecuso",2014,1,26,8.15,2.43,0
"Torrecuso",2014,1,27,6.89,0.54,9
"Torrecuso",2014,1,28,10.08,3.43,5.9
"Torrecuso",2014,1,29,10.57,1.15,11.5
"Torrecuso",2014,1,30,13.37,7.53,3.6
"Torrecuso",2014,1,31,14.92,12.4,12.8
"Torrecuso",2014,2,1,15.13,12.03,14
"Torrecuso",2014,2,2,10.94,9.32,15.3
"Torrecuso",2014,2,3,10.8,7.11,15.8
"Torrecuso",2014,2,4,11.46,7.28,5.2
"Torrecuso",2014,2,5,11.82,6.67,8.2
"Torrecuso",2014,2,6,13.47,6.39,10.7
"Torrecuso",2014,2,7,16.05,4.99,0.8
"Torrecuso",2014,2,8,14.95,8.16,8.6
"Torrecuso",2014,2,9,12.45,7.27,11.8
"Torrecuso",2014,2,10,13.22,6.07,15.4
"Torrecuso",2014,2,11,14.75,8.98,2.4
"Torrecuso",2014,2,12,12.26,6.43,6.8
"Torrecuso",2014,2,13,14.31,4.67,0
"Torrecuso",2014,2,14,14.89,6.97,0
"Torrecuso",2014,2,15,16.74,5.31,0
"Torrecuso",2014,2,16,19.95,8.2,0
"Torrecuso",2014,2,17,19.76,9.72,0
"Torrecuso",2014,2,18,19.64,9.77,0
"Torrecuso",2014,2,19,17.61,10.8,0
"Torrecuso",2014,2,20,13.56,9.31,9.7
"Torrecuso",2014,2,21,13.67,7.33,3.3
"Torrecuso",2014,2,22,13.77,5.77,5.9
"Torrecuso",2014,2,23,13.34,4.99,0
"Torrecuso",2014,2,24,13.78,4.52,0
"Torrecuso",2014,2,25,13.98,3.19,0
"Torrecuso",2014,2,26,13.4,4.18,0
"Torrecuso",2014,2,27,14.15,5.69,3.9
"Torrecuso",2014,2,28,12.21,5.37,6.8
"Torrecuso",2014,3,1,10.08,3.21,20.1
"Torrecuso",2014,3,2,10.15,2.78,4.7
"Torrecuso",2014,3,3,12.23,2.25,3.2
"Torrecuso",2014,3,4,10.28,3.08,17
"Torrecuso",2014,3,5,12.59,3.71,0
"Torrecuso",2014,3,6,11.57,6.9,0
"Torrecuso",2014,3,7,14.06,6.97,0
"Torrecuso",2014,3,8,13.59,7.84,0
"Torrecuso",2014,3,9,16.55,7.64,0
"Torrecuso",2014,3,10,11.92,7.8,0
"Torrecuso",2014,3,11,13.41,6.34,0
"Torrecuso",2014,3,12,15.32,5.44,0
"Torrecuso",2014,3,13,17.37,6.05,0
"Torrecuso",2014,3,14,17.48,6.54,0
"Torrecuso",2014,3,15,15.64,7.91,0
"Torrecuso",2014,3,16,16.24,5.58,0
"Torrecuso",2014,3,17,20.25,8.29,0
"Torrecuso",2014,3,18,19.16,8.71,0
"Torrecuso",2014,3,19,17.88,8.22,0
"Torrecuso",2014,3,20,21.64,7.04,0
"Torrecuso",2014,3,21,18.99,8.54,0
"Torrecuso",2014,3,22,16.93,8.62,0
"Torrecuso",2014,3,23,14.44,8.44,4
"Torrecuso",2014,3,24,10.07,4.47,13.1
"Torrecuso",2014,3,25,11.32,2.48,3.1
"Torrecuso",2014,3,26,12.89,4.47,2.5
"Torrecuso",2014,3,27,12.25,6.18,18.6
"Torrecuso",2014,3,28,15.33,5.21,2.1
"Torrecuso",2014,3,29,17.89,7.59,0
"Torrecuso",2014,3,30,19.05,7.55,0
"Torrecuso",2014,3,31,18.25,8.17,0
"Torrecuso",2014,4,1,18.85,8.95,0
"Torrecuso",2014,4,2,18.06,8.01,0
"Torrecuso",2014,4,3,20.31,8.27,0
"Torrecuso",2014,4,4,18.5,8.72,13.3
"Torrecuso",2014,4,5,16.38,8.27,3.7
"Torrecuso",2014,4,6,17.69,9.38,0
"Torrecuso",2014,4,7,21.53,10.2,0
"Torrecuso",2014,4,8,19.71,9.75,0
"Torrecuso",2014,4,9,17.95,10.04,2.9
"Torrecuso",2014,4,10,17.29,8.46,0
"Torrecuso",2014,4,11,18.45,8.01,0
"Torrecuso",2014,4,12,17.26,10.68,4.8
"Torrecuso",2014,4,13,17.33,10.29,3.1
"Torrecuso",2014,4,14,18.36,7.97,0
"Torrecuso",2014,4,15,16.25,6.43,12.2
"Torrecuso",2014,4,16,12.34,4.66,0
"Torrecuso",2014,4,17,13.41,5.82,0
"Torrecuso",2014,4,18,15.53,6.41,0
"Torrecuso",2014,4,19,13.83,8.3,18.6
"Torrecuso",2014,4,20,18.04,10.95,6.4
"Torrecuso",2014,4,21,22.24,10.49,0
"Torrecuso",2014,4,22,21.56,10.78,0
"Torrecuso",2014,4,23,18.6,13.7,5.6
"Torrecuso",2014,4,24,18.44,11.4,0
"Torrecuso",2014,4,25,19.38,11.76,0
"Torrecuso",2014,4,26,18.42,11.44,8.7
"Torrecuso",2014,4,27,15.18,9.06,8
"Torrecuso",2014,4,28,16.89,9.21,3.4
"Torrecuso",2014,4,29,15.56,9.27,5.9
"Torrecuso",2014,4,30,18.54,8.52,7.8
"Torrecuso",2014,5,1,18.15,9.61,2.9
"Torrecuso",2014,5,2,17.79,9.67,35.6
"Torrecuso",2014,5,3,15.97,8.99,11.4
"Torrecuso",2014,5,4,17.51,9,0
"Torrecuso",2014,5,5,19.33,8.78,0
"Torrecuso",2014,5,6,20.05,9.32,0
"Torrecuso",2014,5,7,20.64,9.18,0
"Torrecuso",2014,5,8,21.94,10.5,0
"Torrecuso",2014,5,9,22.74,10.49,0
"Torrecuso",2014,5,10,23.16,11.89,0
"Torrecuso",2014,5,11,21.52,12.91,0
"Torrecuso",2014,5,12,21.1,12.75,0
"Torrecuso",2014,5,13,21.21,11.24,2.7
"Torrecuso",2014,5,14,18.64,8.59,0
"Torrecuso",2014,5,15,18.62,8.98,0
"Torrecuso",2014,5,16,16.41,9.98,5.6
"Torrecuso",2014,5,17,18.54,10.05,4.5
"Torrecuso",2014,5,18,20.93,10.5,0
"Torrecuso",2014,5,19,20.32,12.73,0
"Torrecuso",2014,5,20,22.04,11.46,0
"Torrecuso",2014,5,21,23.14,13.1,0
"Torrecuso",2014,5,22,26.03,13.56,0
"Torrecuso",2014,5,23,23.38,16.02,0
"Torrecuso",2014,5,24,24.39,15.11,0
"Torrecuso",2014,5,25,26.89,15.66,0
"Torrecuso",2014,5,26,23.91,13.65,0
"Torrecuso",2014,5,27,21.75,12.26,0
"Torrecuso",2014,5,28,19.92,11.34,0
"Torrecuso",2014,5,29,20.77,12.64,0
"Torrecuso",2014,5,30,21.32,12.26,4
"Torrecuso",2014,5,31,21.19,11.29,4.9
"Torrecuso",2014,6,1,20.42,10.32,5.8
"Torrecuso",2014,6,2,22.33,9.9,0
"Torrecuso",2014,6,3,24.28,12.14,0
"Torrecuso",2014,6,4,23.4,12.01,0
"Torrecuso",2014,6,5,23.49,12.53,0
"Torrecuso",2014,6,6,26.94,13.93,0
"Torrecuso",2014,6,7,28.2,16.16,0
"Torrecuso",2014,6,8,30.22,17.85,0
"Torrecuso",2014,6,9,31.68,18.27,0
"Torrecuso",2014,6,10,30.54,18.85,0
"Torrecuso",2014,6,11,30.72,17.85,0
"Torrecuso",2014,6,12,30.14,18.45,2.8
"Torrecuso",2014,6,13,29.56,17.76,0
"Torrecuso",2014,6,14,26.17,15.89,6.6
"Torrecuso",2014,6,15,25.03,15.51,4.5
"Torrecuso",2014,6,16,21.79,15.36,10.9
"Torrecuso",2014,6,17,23.67,15.88,7
"Torrecuso",2014,6,18,24.49,15.4,6.7
"Torrecuso",2014,6,19,23.09,14.29,6.4
"Torrecuso",2014,6,20,24.38,14.17,0
"Torrecuso",2014,6,21,26.22,14.31,0
"Torrecuso",2014,6,22,27.89,15.52,0
"Torrecuso",2014,6,23,27.9,16.88,0
"Torrecuso",2014,6,24,30.01,17.28,0
"Torrecuso",2014,6,25,27.98,18.61,3.7
"Torrecuso",2014,6,26,25.56,17.33,0.9
"Torrecuso",2014,6,27,26.09,16.98,0
"Torrecuso",2014,6,28,27.05,17.33,0
"Torrecuso",2014,6,29,28.3,15.49,0
"Torrecuso",2014,6,30,25.93,17.2,0
"Torrecuso",2014,7,1,26.15,15.36,0
"Torrecuso",2014,7,2,27.41,15.59,0
"Torrecuso",2014,7,3,29.72,15.63,0
"Torrecuso",2014,7,4,30.48,19.17,0
"Torrecuso",2014,7,5,27.53,17.66,0
"Torrecuso",2014,7,6,28.5,17.22,0
"Torrecuso",2014,7,7,28.19,17.67,0
"Torrecuso",2014,7,8,27.29,17.17,0
"Torrecuso",2014,7,9,24.82,15.98,0
"Torrecuso",2014,7,10,22.99,12.79,10.5
"Torrecuso",2014,7,11,24.78,13,0
"Torrecuso",2014,7,12,24.73,15.33,0
"Torrecuso",2014,7,13,22.29,16.03,4.9
"Torrecuso",2014,7,14,24.34,14.78,6.6
"Torrecuso",2014,7,15,25.25,14.85,0
"Torrecuso",2014,7,16,28.54,17.46,3.3
"Torrecuso",2014,7,17,29.19,18.41,0
"Torrecuso",2014,7,18,30.41,18.07,7.6
"Torrecuso",2014,7,19,30.51,18.16,0
"Torrecuso",2014,7,20,30.37,18.75,0
"Torrecuso",2014,7,21,27.14,18.33,11
"Torrecuso",2014,7,22,25.42,16.36,9.9
"Torrecuso",2014,7,23,26.19,16.26,0
"Torrecuso",2014,7,24,27.99,17.95,3.9
"Torrecuso",2014,7,25,27.4,18.19,0
"Torrecuso",2014,7,26,27.65,18.35,11.6
"Torrecuso",2014,7,27,26.78,18.18,3.5
"Torrecuso",2014,7,28,26.01,17.53,0
"Torrecuso",2014,7,29,27.02,17.75,0
"Torrecuso",2014,7,30,24.7,16.91,11.1
"Torrecuso",2014,7,31,25.74,15.75,0
"Torrecuso",2014,8,1,28.57,17.97,0
"Torrecuso",2014,8,2,28.15,19.46,0
"Torrecuso",2014,8,3,29.46,18.44,0
"Torrecuso",2014,8,4,29.31,18.85,0
"Torrecuso",2014,8,5,28.45,18.02,0
"Torrecuso",2014,8,6,28.07,17.8,0
"Torrecuso",2014,8,7,28.96,18.02,0
"Torrecuso",2014,8,8,29.63,18.58,0
"Torrecuso",2014,8,9,29.78,18.4,0
"Torrecuso",2014,8,10,30.92,18.9,0
"Torrecuso",2014,8,11,31.15,18.28,0
"Torrecuso",2014,8,12,30.47,18.99,0
"Torrecuso",2014,8,13,31.19,21.06,0
"Torrecuso",2014,8,14,29.02,18.69,0
"Torrecuso",2014,8,15,27.1,17.34,0
"Torrecuso",2014,8,16,26.81,17.15,0
"Torrecuso",2014,8,17,27.6,16.31,0
"Torrecuso",2014,8,18,27.12,15.26,0
"Torrecuso",2014,8,19,29.6,15.51,0
"Torrecuso",2014,8,20,30.38,17.76,0
"Torrecuso",2014,8,21,29.41,19.86,0
"Torrecuso",2014,8,22,29.4,19.81,0
"Torrecuso",2014,8,23,28.12,17.2,0
"Torrecuso",2014,8,24,26.62,17.24,0
"Torrecuso",2014,8,25,27.76,16.66,0
"Torrecuso",2014,8,26,27.26,16.73,0
"Torrecuso",2014,8,27,28.28,18.51,0
"Torrecuso",2014,8,28,30.03,19.12,0
"Torrecuso",2014,8,29,29.49,18.77,0
"Torrecuso",2014,8,30,28.52,19.07,0
"Torrecuso",2014,8,31,27.77,18.36,0
"Torrecuso",2014,9,1,24.47,14.53,28
"Torrecuso",2014,9,2,24.3,15.65,3.2
"Torrecuso",2014,9,3,24.59,16.33,0
"Torrecuso",2014,9,4,26.34,15.95,0
"Torrecuso",2014,9,5,26.2,16.52,6.1
"Torrecuso",2014,9,6,26.06,16.59,8.6
"Torrecuso",2014,9,7,26.3,15.69,0
"Torrecuso",2014,9,8,26.97,17.03,0
"Torrecuso",2014,9,9,26.55,16.35,0
"Torrecuso",2014,9,10,26.22,16.6,4.8
"Torrecuso",2014,9,11,23.01,15.79,13.7
"Torrecuso",2014,9,12,25.12,16.26,13.2
"Torrecuso",2014,9,13,24.37,15.18,0
"Torrecuso",2014,9,14,25.13,14.56,0
"Torrecuso",2014,9,15,25.13,14.29,0
"Torrecuso",2014,9,16,26.42,15.13,0
"Torrecuso",2014,9,17,25.44,15.01,0
"Torrecuso",2014,9,18,26.02,16.1,0
"Torrecuso",2014,9,19,27.61,18.33,0
"Torrecuso",2014,9,20,29.75,19.67,0
"Torrecuso",2014,9,21,27.9,19.34,0
"Torrecuso",2014,9,22,26.35,17.92,0
"Torrecuso",2014,9,23,23.77,14.61,0
"Torrecuso",2014,9,24,21.86,13.19,0
"Torrecuso",2014,9,25,22.98,15.39,4.7
"Torrecuso",2014,9,26,22.86,13.61,0
"Torrecuso",2014,9,27,24.17,12.69,0
"Torrecuso",2014,9,28,24.87,12.6,0
"Torrecuso",2014,9,29,23.9,13.21,0
"Torrecuso",2014,9,30,24.02,12.14,0
"Torrecuso",2014,10,1,24.21,12.7,0
"Torrecuso",2014,10,2,21.89,15.14,0
"Torrecuso",2014,10,3,23.55,14.7,0
"Torrecuso",2014,10,4,24.08,14.55,0
"Torrecuso",2014,10,5,22.79,14.55,0
"Torrecuso",2014,10,6,23.4,14.07,0
"Torrecuso",2014,10,7,23.85,12.94,0
"Torrecuso",2014,10,8,26.4,13.39,0
"Torrecuso",2014,10,9,26.25,13.81,0
"Torrecuso",2014,10,10,26.11,13.99,0
"Torrecuso",2014,10,11,27.6,13.95,0
"Torrecuso",2014,10,12,25.41,15.97,0
"Torrecuso",2014,10,13,26.58,16.01,0
"Torrecuso",2014,10,14,27.41,17.89,0
"Torrecuso",2014,10,15,26.02,18.01,0
"Torrecuso",2014,10,16,25.28,18.21,0
"Torrecuso",2014,10,17,23.97,16.55,0
"Torrecuso",2014,10,18,25.59,14.92,0
"Torrecuso",2014,10,19,25.77,15.2,0
"Torrecuso",2014,10,20,24.02,15.28,0
"Torrecuso",2014,10,21,23.25,13.89,0
"Torrecuso",2014,10,22,22.05,6.77,1.7
"Torrecuso",2014,10,23,14.32,5.62,0
"Torrecuso",2014,10,24,15.89,6.87,0
"Torrecuso",2014,10,25,19.03,8.98,0
"Torrecuso",2014,10,26,19.55,9.17,0
"Torrecuso",2014,10,27,18.93,9.63,0
"Torrecuso",2014,10,28,18.59,9.22,0
"Torrecuso",2014,10,29,19.2,9.63,0
"Torrecuso",2014,10,30,18.89,9.99,0
"Torrecuso",2014,10,31,19.03,9.34,0
"Torrecuso",2014,11,1,19.43,7.9,0
"Torrecuso",2014,11,2,18.92,8.38,0
"Torrecuso",2014,11,3,19.82,8.89,0
"Torrecuso",2014,11,4,18.76,11.26,5.7
"Torrecuso",2014,11,5,19.3,14.96,0
"Torrecuso",2014,11,6,19.29,16.49,19.4
"Torrecuso",2014,11,7,17.03,13.53,29.7
"Torrecuso",2014,11,8,19.6,13.16,0
"Torrecuso",2014,11,9,19.14,12.32,0
"Torrecuso",2014,11,10,21.01,11.3,0
"Torrecuso",2014,11,11,19.4,13.09,0
"Torrecuso",2014,11,12,15.63,12.47,16.3
"Torrecuso",2014,11,13,16,10.34,8.7
"Torrecuso",2014,11,14,18.18,9.23,0
"Torrecuso",2014,11,15,17.04,8.6,7.8
"Torrecuso",2014,11,16,17.22,11.07,12
"Torrecuso",2014,11,17,17.23,9.91,9.9
"Torrecuso",2014,11,18,17.62,10.45,1
"Torrecuso",2014,11,19,17.3,8.37,0
"Torrecuso",2014,11,20,16.57,5.95,0
"Torrecuso",2014,11,21,16.32,7.28,0
"Torrecuso",2014,11,22,17.16,8.52,0
"Torrecuso",2014,11,23,18.27,9.84,0
"Torrecuso",2014,11,24,17.18,9.12,0
"Torrecuso",2014,11,25,16.79,9.13,0
"Torrecuso",2014,11,26,13.79,9.25,4.1
"Torrecuso",2014,11,27,17.76,9.9,1.2
"Torrecuso",2014,11,28,19.75,9.43,0
"Torrecuso",2014,11,29,17.85,14.73,1.2
"Torrecuso",2014,11,30,21.2,14.29,1.7
"Torrecuso",2014,12,1,18.89,12.34,8
"Torrecuso",2014,12,2,13.91,9.74,37.8
"Torrecuso",2014,12,3,14.98,9.14,18.4
"Torrecuso",2014,12,4,15.94,8.98,10.2
"Torrecuso",2014,12,5,12.93,8.27,10.3
"Torrecuso",2014,12,6,12.78,6.85,4.7
"Torrecuso",2014,12,7,13.09,5.48,4.7
"Torrecuso",2014,12,8,13.27,4.02,0
"Torrecuso",2014,12,9,10.88,3.89,0
"Torrecuso",2014,12,10,12.23,3.04,0
"Torrecuso",2014,12,11,13.15,3.3,0
"Torrecuso",2014,12,12,14.43,3.82,0
"Torrecuso",2014,12,13,17.08,5.62,0
"Torrecuso",2014,12,14,15.18,9.9,0
"Torrecuso",2014,12,15,14.18,8.61,0
"Torrecuso",2014,12,16,12.6,7.39,22.2
"Torrecuso",2014,12,17,14.32,6.41,4.3
"Torrecuso",2014,12,18,17.11,5.92,0
"Torrecuso",2014,12,19,16.46,5.6,0
"Torrecuso",2014,12,20,14.26,5.91,0
"Torrecuso",2014,12,21,15.07,4.71,0
"Torrecuso",2014,12,22,15.31,3.26,0
"Torrecuso",2014,12,23,13.71,3.53,0
"Torrecuso",2014,12,24,13.84,6.77,0
"Torrecuso",2014,12,25,12.34,6.01,0
"Torrecuso",2014,12,26,10.83,3.44,0
"Torrecuso",2014,12,27,10.2,1.26,11
"Torrecuso",2014,12,28,7.3,1.55,14.2
"Torrecuso",2014,12,29,4.56,-0.72,0
"Torrecuso",2014,12,30,1.02,-3.33,0
"Torrecuso",2014,12,31,1.37,-3.49,0
"Torrecuso",2015,1,1,7.81,-1.11,0
"Torrecuso",2015,1,2,11.92,0.32,0
"Torrecuso",2015,1,3,12.01,3.28,0
"Torrecuso",2015,1,4,14.44,6.15,0
"Torrecuso",2015,1,5,10,0.3,0
"Torrecuso",2015,1,6,10.77,1.01,0
"Torrecuso",2015,1,7,10.21,1.82,0
"Torrecuso",2015,1,8,12.18,2.97,0
"Torrecuso",2015,1,9,12.6,6.14,0
"Torrecuso",2015,1,10,14.9,7.84,0
"Torrecuso",2015,1,11,11.35,7.21,0
"Torrecuso",2015,1,12,13.62,2.95,0
"Torrecuso",2015,1,13,14.26,2.15,0
"Torrecuso",2015,1,14,13.55,3.68,0
"Torrecuso",2015,1,15,14.17,4.33,0
"Torrecuso",2015,1,16,14.42,3.49,0
"Torrecuso",2015,1,17,14,6.91,3.5
"Torrecuso",2015,1,18,10.41,7.34,10.4
"Torrecuso",2015,1,19,12.13,4.75,7
"Torrecuso",2015,1,20,9.88,7.38,11.6
"Torrecuso",2015,1,21,11.59,5.71,6.4
"Torrecuso",2015,1,22,10.52,4.84,17.4
"Torrecuso",2015,1,23,10.2,6.31,6.6
"Torrecuso",2015,1,24,11.7,5.57,0
"Torrecuso",2015,1,25,8.46,3.08,0
"Torrecuso",2015,1,26,8.8,0.92,0
"Torrecuso",2015,1,27,9.43,-0.57,0
"Torrecuso",2015,1,28,7.47,0.78,0
"Torrecuso",2015,1,29,8.93,-1.11,14.8
"Torrecuso",2015,1,30,10.13,3.57,24.3
"Torrecuso",2015,1,31,8.17,3.91,21.1
"Torrecuso",2015,2,1,7.83,1.62,4
"Torrecuso",2015,2,2,6.98,-0.38,6.6
"Torrecuso",2015,2,3,7.72,-0.16,15.7
"Torrecuso",2015,2,4,10.83,4.46,9.7
"Torrecuso",2015,2,5,11.75,4.81,23.2
"Torrecuso",2015,2,6,10.28,3.14,19.5
"Torrecuso",2015,2,7,9.43,1.39,11.8
"Torrecuso",2015,2,8,9.35,0.44,4.6
"Torrecuso",2015,2,9,4.56,-1.33,0
"Torrecuso",2015,2,10,12.61,0.49,0
"Torrecuso",2015,2,11,13.53,3.59,0
"Torrecuso",2015,2,12,12.58,3.68,0
"Torrecuso",2015,2,13,11.57,3.63,0
"Torrecuso",2015,2,14,12.3,2.21,0
"Torrecuso",2015,2,15,11.35,4.68,5
"Torrecuso",2015,2,16,11.41,6.91,15.6
"Torrecuso",2015,2,17,13.16,6.27,0
"Torrecuso",2015,2,18,11.59,1.81,0
"Torrecuso",2015,2,19,11.65,-0.39,0
"Torrecuso",2015,2,20,11.72,0.78,0
"Torrecuso",2015,2,21,11.54,2.34,5.3
"Torrecuso",2015,2,22,11.94,7.66,18.8
"Torrecuso",2015,2,23,12.99,6.54,4.3
"Torrecuso",2015,2,24,11.12,5.84,22.6
"Torrecuso",2015,2,25,10.45,6.04,8.7
"Torrecuso",2015,2,26,12.51,4.02,0
"Torrecuso",2015,2,27,12.26,3.94,0
"Torrecuso",2015,2,28,12.7,3.51,0
"Torrecuso",2015,3,1,14.08,3.51,0
"Torrecuso",2015,3,2,11.41,6.25,2.3
"Torrecuso",2015,3,3,17.27,7.29,0
"Torrecuso",2015,3,4,14.71,5.98,12.2
"Torrecuso",2015,3,5,8.63,4.26,50.9
"Torrecuso",2015,3,6,10.14,4.92,0
"Torrecuso",2015,3,7,11.17,3.7,0
"Torrecuso",2015,3,8,12.75,4.26,0
"Torrecuso",2015,3,9,14.86,4.79,0
"Torrecuso",2015,3,10,14.31,3.51,0
"Torrecuso",2015,3,11,13.85,4.15,0
"Torrecuso",2015,3,12,10.67,4.07,6.9
"Torrecuso",2015,3,13,12.52,3.05,0
"Torrecuso",2015,3,14,12.88,2.48,0
"Torrecuso",2015,3,15,10.16,4.71,3.9
"Torrecuso",2015,3,16,12.66,7.6,6.3
"Torrecuso",2015,3,17,12.16,9.01,5.1
"Torrecuso",2015,3,18,16.17,7.36,0
"Torrecuso",2015,3,19,16.73,7.98,0
"Torrecuso",2015,3,20,15.56,5.1,0
"Torrecuso",2015,3,21,12.97,3.45,0
"Torrecuso",2015,3,22,12.71,5.83,4.5
"Torrecuso",2015,3,23,16.64,6.73,0
"Torrecuso",2015,3,24,18.01,9.37,2.4
"Torrecuso",2015,3,25,13.59,9.72,10.2
"Torrecuso",2015,3,26,18.9,9.45,0
"Torrecuso",2015,3,27,16.69,8.28,9.3
"Torrecuso",2015,3,28,15.66,7.46,0
"Torrecuso",2015,3,29,16.21,4.68,0
"Torrecuso",2015,3,30,15.49,8.08,2.7
"Torrecuso",2015,3,31,17.57,7.96,0
"Torrecuso",2015,4,1,17.96,7.46,0
"Torrecuso",2015,4,2,15.98,6.01,0
"Torrecuso",2015,4,3,15.62,5.01,0
"Torrecuso",2015,4,4,11.98,4.09,8.3
"Torrecuso",2015,4,5,10.27,6.15,17.4
"Torrecuso",2015,4,6,10.61,3.9,3.9
"Torrecuso",2015,4,7,9.99,2.09,0
"Torrecuso",2015,4,8,13.51,3.76,0
"Torrecuso",2015,4,9,16.32,5.74,0
"Torrecuso",2015,4,10,16.17,7.34,0
"Torrecuso",2015,4,11,15.34,5.54,0
"Torrecuso",2015,4,12,17.88,6.76,0
"Torrecuso",2015,4,13,19.33,9.01,0
"Torrecuso",2015,4,14,18.9,9.21,0
"Torrecuso",2015,4,15,20.08,10.93,0
"Torrecuso",2015,4,16,20.46,10.65,0
"Torrecuso",2015,4,17,22.03,9.9,0
"Torrecuso",2015,4,18,18.12,9.98,0
"Torrecuso",2015,4,19,18.63,8.73,0
"Torrecuso",2015,4,20,18.56,9.17,0
"Torrecuso",2015,4,21,20.87,8.79,0
"Torrecuso",2015,4,22,21.92,9.95,0
"Torrecuso",2015,4,23,19.26,9.35,0
"Torrecuso",2015,4,24,19.49,11.63,0
"Torrecuso",2015,4,25,20.99,9.86,0
"Torrecuso",2015,4,26,20.37,10.8,0
"Torrecuso",2015,4,27,20.96,10.42,8.8
"Torrecuso",2015,4,28,14.97,9.77,17.3
"Torrecuso",2015,4,29,18.89,9.5,0
"Torrecuso",2015,4,30,17.87,9.6,0
"Torrecuso",2015,5,1,19.03,10.07,0
"Torrecuso",2015,5,2,20.95,12.62,0
"Torrecuso",2015,5,3,21.55,12.16,0
"Torrecuso",2015,5,4,26.29,12.77,0
"Torrecuso",2015,5,5,29.32,15.78,0
"Torrecuso",2015,5,6,28.42,16.3,0
"Torrecuso",2015,5,7,25.78,15.51,0
"Torrecuso",2015,5,8,25.58,13.93,0
"Torrecuso",2015,5,9,24.41,13.04,0
"Torrecuso",2015,5,10,24.89,14.66,0
"Torrecuso",2015,5,11,25.38,13.82,0
"Torrecuso",2015,5,12,24.61,12.66,0
"Torrecuso",2015,5,13,24.34,13.69,0
"Torrecuso",2015,5,14,24.02,14.17,0
"Torrecuso",2015,5,15,26.11,14.35,0
"Torrecuso",2015,5,16,21.75,13.79,4
"Torrecuso",2015,5,17,25.95,16.32,0
"Torrecuso",2015,5,18,28.09,15.78,0
"Torrecuso",2015,5,19,25.04,14.34,0
"Torrecuso",2015,5,20,25,13.49,0
"Torrecuso",2015,5,21,20.69,12.03,3.1
"Torrecuso",2015,5,22,17.85,9.88,7.4
"Torrecuso",2015,5,23,17.78,10.12,2.3
"Torrecuso",2015,5,24,18.75,11.4,0
"Torrecuso",2015,5,25,20.33,10.47,0
"Torrecuso",2015,5,26,20.3,11.06,10.3
"Torrecuso",2015,5,27,20.42,11.9,7.6
"Torrecuso",2015,5,28,21.31,11.17,0
"Torrecuso",2015,5,29,22.67,10.09,0
"Torrecuso",2015,5,30,22.3,11.11,0
"Torrecuso",2015,5,31,23.42,12.27,0
"Torrecuso",2015,6,1,24.93,13.72,0
"Torrecuso",2015,6,2,27.07,14.01,0
"Torrecuso",2015,6,3,27.17,15.71,0
"Torrecuso",2015,6,4,28.65,16.61,0
"Torrecuso",2015,6,5,29.37,18.24,0
"Torrecuso",2015,6,6,28.06,18.02,0
"Torrecuso",2015,6,7,27.71,17.14,0
"Torrecuso",2015,6,8,26.97,16.62,2.7
"Torrecuso",2015,6,9,25.03,14.84,6
"Torrecuso",2015,6,10,27.44,14.62,2.9
"Torrecuso",2015,6,11,27.99,16.86,0
"Torrecuso",2015,6,12,29.05,17.34,0
"Torrecuso",2015,6,13,29.33,18.36,0
"Torrecuso",2015,6,14,26.79,17.99,0
"Torrecuso",2015,6,15,24.16,17.28,0
"Torrecuso",2015,6,16,25.49,16.78,0
"Torrecuso",2015,6,17,23.88,14.64,10.5
"Torrecuso",2015,6,18,25.06,13.82,0
"Torrecuso",2015,6,19,25.13,12.77,0
"Torrecuso",2015,6,20,24.37,14.12,4.6
"Torrecuso",2015,6,21,24.3,13.56,0
"Torrecuso",2015,6,22,25.78,13.51,0
"Torrecuso",2015,6,23,24.87,14.95,0
"Torrecuso",2015,6,24,26.65,16.43,0
"Torrecuso",2015,6,25,27.57,15.34,0
"Torrecuso",2015,6,26,26.9,15.45,0
"Torrecuso",2015,6,27,26.9,15.63,0
"Torrecuso",2015,6,28,26.78,15.63,0
"Torrecuso",2015,6,29,28.96,16.6,0
"Torrecuso",2015,6,30,28.93,17.93,0
"Torrecuso",2015,7,1,29.89,17.76,0
"Torrecuso",2015,7,2,29.92,18.44,0
"Torrecuso",2015,7,3,31.23,19.66,0
"Torrecuso",2015,7,4,32.08,19.78,0
"Torrecuso",2015,7,5,30.82,19.55,0
"Torrecuso",2015,7,6,31.48,19.98,0
"Torrecuso",2015,7,7,31.53,22.06,0
"Torrecuso",2015,7,8,30.76,19.6,0
"Torrecuso",2015,7,9,30.39,20.02,0
"Torrecuso",2015,7,10,31.91,20.38,0
"Torrecuso",2015,7,11,31.13,20.48,0
"Torrecuso",2015,7,12,30.91,20.2,0
"Torrecuso",2015,7,13,30.01,19.56,0
"Torrecuso",2015,7,14,31.29,20.83,0
"Torrecuso",2015,7,15,33.62,23.02,0
"Torrecuso",2015,7,16,34.34,22.07,0
"Torrecuso",2015,7,17,35.75,22.04,0
"Torrecuso",2015,7,18,34.08,21.71,0
"Torrecuso",2015,7,19,34.54,22.27,0
"Torrecuso",2015,7,20,33.74,21.54,0
"Torrecuso",2015,7,21,34.29,22.4,0
"Torrecuso",2015,7,22,34.17,22.27,0
"Torrecuso",2015,7,23,32.82,20.11,0
"Torrecuso",2015,7,24,32.02,19.95,0
"Torrecuso",2015,7,25,29.65,19.79,0
"Torrecuso",2015,7,26,30.11,20.47,0
"Torrecuso",2015,7,27,28.85,19.35,0
"Torrecuso",2015,7,28,28.84,19,0
"Torrecuso",2015,7,29,28.76,19.53,0
"Torrecuso",2015,7,30,32.02,19.73,0
"Torrecuso",2015,7,31,32.47,21.61,0
"Torrecuso",2015,8,1,33.23,22.12,0
"Torrecuso",2015,8,2,33.96,21.97,0
"Torrecuso",2015,8,3,31.94,21.21,0
"Torrecuso",2015,8,4,31.73,21.39,0
"Torrecuso",2015,8,5,33.24,21.59,0
"Torrecuso",2015,8,6,35.43,23.02,0
"Torrecuso",2015,8,7,35.12,23.33,3.3
"Torrecuso",2015,8,8,33.88,22.49,0
"Torrecuso",2015,8,9,31.65,19.67,0
"Torrecuso",2015,8,10,30.53,19.84,2.3
"Torrecuso",2015,8,11,28.49,18.85,21.5
"Torrecuso",2015,8,12,31.03,20.45,0
"Torrecuso",2015,8,13,32.6,21.33,0
"Torrecuso",2015,8,14,31.53,21.48,0
"Torrecuso",2015,8,15,29.9,19.58,0
"Torrecuso",2015,8,16,23.65,16.98,11.7
"Torrecuso",2015,8,17,25.74,16.14,0
"Torrecuso",2015,8,18,26.75,15.17,0
"Torrecuso",2015,8,19,27.88,16.53,5.5
"Torrecuso",2015,8,20,25.82,17.08,0
"Torrecuso",2015,8,21,26.4,17.39,4.4
"Torrecuso",2015,8,22,26.86,17,0
"Torrecuso",2015,8,23,26.56,16.38,0
"Torrecuso",2015,8,24,28.1,17.08,0
"Torrecuso",2015,8,25,28.64,18.56,0
"Torrecuso",2015,8,26,27.86,18.23,0
"Torrecuso",2015,8,27,28.98,19.6,0
"Torrecuso",2015,8,28,30.36,18.61,0
"Torrecuso",2015,8,29,31.92,20.3,0
"Torrecuso",2015,8,30,32.26,21.73,0
"Torrecuso",2015,8,31,31.75,20.75,0
"Torrecuso",2015,9,1,31.52,19.29,0
"Torrecuso",2015,9,2,30.53,18.4,0
"Torrecuso",2015,9,3,30.05,19.32,0
"Torrecuso",2015,9,4,28.5,19.72,5
"Torrecuso",2015,9,5,28.1,18.62,8.9
"Torrecuso",2015,9,6,26.21,17.94,0
"Torrecuso",2015,9,7,25.94,16.23,0
"Torrecuso",2015,9,8,25.74,16.19,0
"Torrecuso",2015,9,9,23.25,15.5,0
"Torrecuso",2015,9,10,24.48,14.98,0
"Torrecuso",2015,9,11,24.7,14.21,0
"Torrecuso",2015,9,12,26.14,13.9,0
"Torrecuso",2015,9,13,28.17,15.12,0
"Torrecuso",2015,9,14,27.31,17.92,0
"Torrecuso",2015,9,15,28.4,20.1,0
"Torrecuso",2015,9,16,30.83,19.79,0
"Torrecuso",2015,9,17,32.28,20.52,0
"Torrecuso",2015,9,18,31.96,20.55,0
"Torrecuso",2015,9,19,30.34,19.41,0
"Torrecuso",2015,9,20,24.77,16.41,5.5
"Torrecuso",2015,9,21,24.81,15.35,0
"Torrecuso",2015,9,22,24.51,13.05,0
"Torrecuso",2015,9,23,24.33,12.08,14.6
"Torrecuso",2015,9,24,21.75,12.55,2.9
"Torrecuso",2015,9,25,21.16,13.76,0
"Torrecuso",2015,9,26,22.3,14.02,0
"Torrecuso",2015,9,27,23.13,14.45,0
"Torrecuso",2015,9,28,22.8,14.73,0
"Torrecuso",2015,9,29,22.45,14.16,0
"Torrecuso",2015,9,30,22.4,12.8,0
"Torrecuso",2015,10,1,19.2,14.23,18.2
"Torrecuso",2015,10,2,22.86,16.07,13.4
"Torrecuso",2015,10,3,23.35,15.11,0
"Torrecuso",2015,10,4,23.45,13.44,0
"Torrecuso",2015,10,5,22.5,15.96,3.3
"Torrecuso",2015,10,6,24.25,16.3,0
"Torrecuso",2015,10,7,22.61,13.8,9.4
"Torrecuso",2015,10,8,22.14,13.58,0
"Torrecuso",2015,10,9,21.86,13.86,5.3
"Torrecuso",2015,10,10,19.77,15.4,16.8
"Torrecuso",2015,10,11,18.1,12.1,4.2
"Torrecuso",2015,10,12,20.7,9.44,0
"Torrecuso",2015,10,13,19.6,11.74,14
"Torrecuso",2015,10,14,21.04,15.98,32.8
"Torrecuso",2015,10,15,20.51,12.69,3.4
"Torrecuso",2015,10,16,20.14,11.7,0
"Torrecuso",2015,10,17,20.68,11.18,0
"Torrecuso",2015,10,18,20.63,10.29,0
"Torrecuso",2015,10,19,22.39,14.49,9
"Torrecuso",2015,10,20,18.3,12.97,3.9
"Torrecuso",2015,10,21,17.18,11.63,10.6
"Torrecuso",2015,10,22,13.66,9.47,11.9
"Torrecuso",2015,10,23,18.2,9.09,0
"Torrecuso",2015,10,24,20.33,8.87,0
"Torrecuso",2015,10,25,19.62,9.66,0
"Torrecuso",2015,10,26,18.81,10.31,0
"Torrecuso",2015,10,27,20.64,12.63,0
"Torrecuso",2015,10,28,18.01,12.11,1.8
"Torrecuso",2015,10,29,19.36,12.51,35.9
"Torrecuso",2015,10,30,16.7,11.99,4.1
"Torrecuso",2015,10,31,18.59,13.34,0
"Torrecuso",2015,11,1,16.59,9.51,0
"Torrecuso",2015,11,2,19.26,8.86,0
"Torrecuso",2015,11,3,19.72,9.93,0
"Torrecuso",2015,11,4,20.84,8.12,0
"Torrecuso",2015,11,5,20.21,9.75,0
"Torrecuso",2015,11,6,20.89,9.89,0
"Torrecuso",2015,11,7,21.56,9.56,0
"Torrecuso",2015,11,8,22.2,7.67,0
"Torrecuso",2015,11,9,19.89,7.57,0
"Torrecuso",2015,11,10,19.29,10.88,0
"Torrecuso",2015,11,11,17.22,9.71,0
"Torrecuso",2015,11,12,16.87,9.35,0
"Torrecuso",2015,11,13,15.37,8.73,0
"Torrecuso",2015,11,14,15.42,10.24,0
"Torrecuso",2015,11,15,18.15,6.58,0
"Torrecuso",2015,11,16,17.04,5.62,0
"Torrecuso",2015,11,17,14.34,7.23,0
"Torrecuso",2015,11,18,16.87,6.43,0
"Torrecuso",2015,11,19,15.91,4.86,0
"Torrecuso",2015,11,20,16.18,9.67,2
"Torrecuso",2015,11,21,17.11,11.97,8.7
"Torrecuso",2015,11,22,10.36,4.52,13
"Torrecuso",2015,11,23,7.06,3.23,4.7
"Torrecuso",2015,11,24,8.4,7.74,3
"Torrecuso",2015,11,25,8.75,4.37,2.4
"Torrecuso",2015,11,26,6.58,4.41,8.9
"Torrecuso",2015,11,27,8.21,5.56,8.8
"Torrecuso",2015,11,28,9.53,2.59,0
"Torrecuso",2015,11,29,11.06,1.31,0
"Torrecuso",2015,11,30,11.9,1.45,0
"Torrecuso",2015,12,1,14.89,9.42,0
"Torrecuso",2015,12,2,14.77,6,0
"Torrecuso",2015,12,3,13.43,5.12,0
"Torrecuso",2015,12,4,13.47,7.18,0
"Torrecuso",2015,12,5,15.18,5.18,0
"Torrecuso",2015,12,6,13.92,3.88,0
"Torrecuso",2015,12,7,14.49,3.07,0
"Torrecuso",2015,12,8,13.13,3.69,0
"Torrecuso",2015,12,9,12.99,3.49,0
"Torrecuso",2015,12,10,12.31,7.8,0
"Torrecuso",2015,12,11,13.3,2.76,0
"Torrecuso",2015,12,12,10.91,0.06,0
"Torrecuso",2015,12,13,11.09,2.51,0
"Torrecuso",2015,12,14,9.49,1.88,0
"Torrecuso",2015,12,15,10.26,1.26,0
"Torrecuso",2015,12,16,10.84,2.01,0
"Torrecuso",2015,12,17,12.5,5.79,0
"Torrecuso",2015,12,18,11.18,2.98,0
"Torrecuso",2015,12,19,11.57,2.76,0
"Torrecuso",2015,12,20,13.74,6.71,0
"Torrecuso",2015,12,21,12.5,2.43,0
"Torrecuso",2015,12,22,11.67,2.69,0
"Torrecuso",2015,12,23,12.33,2.51,0
"Torrecuso",2015,12,24,10.97,2.56,0
"Torrecuso",2015,12,25,13.01,3.87,0
"Torrecuso",2015,12,26,15.07,6.4,0
"Torrecuso",2015,12,27,15.31,3.48,0
"Torrecuso",2015,12,28,14.94,2.65,0
"Torrecuso",2015,12,29,10.34,1.99,0
"Torrecuso",2015,12,30,9.62,1.95,0
"Torrecuso",2015,12,31,7.98,2.93,0
"Torrecuso",2016,1,1,9.99,2.96,0
"Torrecuso",2016,1,2,10.58,4.02,5
"Torrecuso",2016,1,3,13.54,5.06,11.8
"Torrecuso",2016,1,4,11.91,4.25,18.1
"Torrecuso",2016,1,5,13.35,9.27,9.9
"Torrecuso",2016,1,6,12.21,6.16,9.4
"Torrecuso",2016,1,7,12.29,4.98,3.7
"Torrecuso",2016,1,8,14.51,8.23,0
"Torrecuso",2016,1,9,18.01,12.3,0
"Torrecuso",2016,1,10,18.81,13.46,4
"Torrecuso",2016,1,11,16.39,11.54,5.2
"Torrecuso",2016,1,12,13.6,7.85,0
"Torrecuso",2016,1,13,12.33,2.69,1
"Torrecuso",2016,1,14,10.06,2.52,4.5
"Torrecuso",2016,1,15,11.42,5.22,14.6
"Torrecuso",2016,1,16,7.48,1.66,0
"Torrecuso",2016,1,17,4.84,-2.12,0
"Torrecuso",2016,1,18,4.01,-3.84,0
"Torrecuso",2016,1,19,5.55,-2.43,0
"Torrecuso",2016,1,20,8.35,-2.52,0
"Torrecuso",2016,1,21,10.31,2.59,3.5
"Torrecuso",2016,1,22,10.14,1.19,0
"Torrecuso",2016,1,23,8.92,1.45,0
"Torrecuso",2016,1,24,11.8,2.08,0
"Torrecuso",2016,1,25,12.23,2.98,0
"Torrecuso",2016,1,26,13.37,3.64,0
"Torrecuso",2016,1,27,13.39,6.52,0
"Torrecuso",2016,1,28,14.88,6.3,0
"Torrecuso",2016,1,29,14.65,6.67,0
"Torrecuso",2016,1,30,13.76,7.1,0
"Torrecuso",2016,1,31,14.84,8.94,0
"Torrecuso",2016,2,1,17.41,8.45,0
"Torrecuso",2016,2,2,14.9,9.28,0
"Torrecuso",2016,2,3,11.96,9.06,0.7
"Torrecuso",2016,2,4,9.89,2.5,0.7
"Torrecuso",2016,2,5,12.18,0.06,0
"Torrecuso",2016,2,6,12.71,-0.4,0
"Torrecuso",2016,2,7,11.63,-1.16,0
"Torrecuso",2016,2,8,13.06,3.66,1.3
"Torrecuso",2016,2,9,12.87,10.69,2.4
"Torrecuso",2016,2,10,11.88,6.04,11.8
"Torrecuso",2016,2,11,9.61,5.08,9.8
"Torrecuso",2016,2,12,10.72,4.3,2.9
"Torrecuso",2016,2,13,14.12,9.6,17.9
"Torrecuso",2016,2,14,15.78,10.99,9.2
"Torrecuso",2016,2,15,15.69,10.11,16
"Torrecuso",2016,2,16,17.12,8.85,0
"Torrecuso",2016,2,17,16.58,7.48,0
"Torrecuso",2016,2,18,11.78,8.17,1.4
"Torrecuso",2016,2,19,12.49,6.28,0
"Torrecuso",2016,2,20,13.15,3.33,1.5
"Torrecuso",2016,2,21,14.03,2.71,0
"Torrecuso",2016,2,22,14.39,8.31,0
"Torrecuso",2016,2,23,16.74,6.82,0
"Torrecuso",2016,2,24,16.45,6.62,0
"Torrecuso",2016,2,25,14.76,8.16,0
"Torrecuso",2016,2,26,14.08,6.31,8.3
"Torrecuso",2016,2,27,14.28,5.53,0
"Torrecuso",2016,2,28,17.59,8.22,13.9
"Torrecuso",2016,2,29,13.31,4.88,19.2
"Torrecuso",2016,3,1,11.27,6.25,19.7
"Torrecuso",2016,3,2,14.4,3.83,0
"Torrecuso",2016,3,3,10.3,1.56,12.6
"Torrecuso",2016,3,4,11.89,0.94,0
"Torrecuso",2016,3,5,12.85,3.57,0
"Torrecuso",2016,3,6,11.16,5.73,3.4
"Torrecuso",2016,3,7,9.77,3.61,1.1
"Torrecuso",2016,3,8,13.23,3.37,0
"Torrecuso",2016,3,9,7.72,3.63,1.2
"Torrecuso",2016,3,10,10.08,2.44,0
"Torrecuso",2016,3,11,10.59,3.3,0
"Torrecuso",2016,3,12,8.7,7.88,1.9
"Torrecuso",2016,3,13,9.98,7.67,0
"Torrecuso",2016,3,14,11.89,6.74,0
"Torrecuso",2016,3,15,11.57,6,0
"Torrecuso",2016,3,16,11.43,4.86,2.1
"Torrecuso",2016,3,17,10.29,7.48,1.6
"Torrecuso",2016,3,18,10.31,4.97,0
"Torrecuso",2016,3,19,16.05,3.58,0
"Torrecuso",2016,3,20,16.07,5.29,0
"Torrecuso",2016,3,21,20.19,4.8,0
"Torrecuso",2016,3,22,17.33,7.09,0
"Torrecuso",2016,3,23,12.15,6.68,1.2
"Torrecuso",2016,3,24,8.47,6.55,0
"Torrecuso",2016,3,25,13.46,5.32,0
"Torrecuso",2016,3,26,14.54,4.49,0
"Torrecuso",2016,3,27,16.02,2.58,0
"Torrecuso",2016,3,28,13.57,8.42,0
"Torrecuso",2016,3,29,15.88,9.2,0
"Torrecuso",2016,3,30,18.71,8.72,0
"Torrecuso",2016,3,31,23.67,6.99,0
"Torrecuso",2016,4,1,22.72,10.2,0
"Torrecuso",2016,4,2,18.98,11.45,0
"Torrecuso",2016,4,3,22.15,10.12,0
"Torrecuso",2016,4,4,22.51,8.72,0
"Torrecuso",2016,4,5,24.9,8.71,0
"Torrecuso",2016,4,6,24.75,12.26,0
"Torrecuso",2016,4,7,23.6,12.05,0
"Torrecuso",2016,4,8,19.03,12.97,3.7
"Torrecuso",2016,4,9,16.99,7.9,3
"Torrecuso",2016,4,10,21.62,7.59,4.4
"Torrecuso",2016,4,11,29.91,10.02,0
"Torrecuso",2016,4,12,22.08,8.23,0
"Torrecuso",2016,4,13,24.87,10.55,0
"Torrecuso",2016,4,14,21.47,9.22,0
"Torrecuso",2016,4,15,20.31,8.54,0
"Torrecuso",2016,4,16,17.37,8.14,0
"Torrecuso",2016,4,17,27.05,8.56,0
"Torrecuso",2016,4,18,26.85,7.81,0
"Torrecuso",2016,4,19,22.66,11.4,0
"Torrecuso",2016,4,20,19.3,10.41,0
"Torrecuso",2016,4,21,20.38,9.54,0
"Torrecuso",2016,4,22,18.37,8.4,0
"Torrecuso",2016,4,23,19.06,10.86,23.8
"Torrecuso",2016,4,24,14.34,9.33,13
"Torrecuso",2016,4,25,10.29,0.96,18.3
"Torrecuso",2016,4,26,12.78,0.84,0.8
"Torrecuso",2016,4,27,17.17,9.73,0
"Torrecuso",2016,4,28,19.54,9.11,0
"Torrecuso",2016,4,29,21.18,10.8,0
"Torrecuso",2016,4,30,22.87,10.03,0.6
"Torrecuso",2016,5,1,17.2,6.41,13.1
"Torrecuso",2016,5,2,13.19,5.84,16
"Torrecuso",2016,5,3,18.1,10.14,1.5
"Torrecuso",2016,5,4,17.12,9,0
"Torrecuso",2016,5,5,19.2,8.62,0
"Torrecuso",2016,5,6,21.38,8.57,0
"Torrecuso",2016,5,7,22.69,9.97,0
"Torrecuso",2016,5,8,22.88,8.87,0
"Torrecuso",2016,5,9,24.23,10.94,0
"Torrecuso",2016,5,10,25.37,12.65,0
"Torrecuso",2016,5,11,24.77,14.24,2.2
"Torrecuso",2016,5,12,19.47,13.25,11.7
"Torrecuso",2016,5,13,18.75,11.7,5
"Torrecuso",2016,5,14,16.05,9.98,25.3
"Torrecuso",2016,5,15,17.15,10.8,5.8
"Torrecuso",2016,5,16,20.03,10.31,11.3
"Torrecuso",2016,5,17,16.08,9.55,14.9
"Torrecuso",2016,5,18,19.46,8.43,0
"Torrecuso",2016,5,19,20.9,7.07,3.1
"Torrecuso",2016,5,20,16.19,9.67,30.3
"Torrecuso",2016,5,21,23.31,13.5,0
"Torrecuso",2016,5,22,25.11,10.57,0
"Torrecuso",2016,5,23,21.56,8.97,0
"Torrecuso",2016,5,24,18.49,10.44,3.6
"Torrecuso",2016,5,25,21.03,10.07,0
"Torrecuso",2016,5,26,25.9,10.31,0
"Torrecuso",2016,5,27,29.83,13.53,0
"Torrecuso",2016,5,28,28.49,14.79,0
"Torrecuso",2016,5,29,26.5,14.79,0
"Torrecuso",2016,5,30,22.79,14.45,0
"Torrecuso",2016,5,31,23.3,12.11,0
"Torrecuso",2016,6,1,18.94,11.64,11.5
"Torrecuso",2016,6,2,20.69,12.57,0
"Torrecuso",2016,6,3,21.51,12.32,3.4
"Torrecuso",2016,6,4,24.47,10.95,0
"Torrecuso",2016,6,5,25.02,11.8,4.7
"Torrecuso",2016,6,6,26.94,13.37,0
"Torrecuso",2016,6,7,25.54,13.29,4.8
"Torrecuso",2016,6,8,26.34,12.78,0
"Torrecuso",2016,6,9,23.02,13.7,21.4
"Torrecuso",2016,6,10,25.95,12.25,4.2
"Torrecuso",2016,6,11,24.15,13.89,0
"Torrecuso",2016,6,12,24.24,15.34,6.8
"Torrecuso",2016,6,13,24.49,13.19,0
"Torrecuso",2016,6,14,24.59,14.35,0
"Torrecuso",2016,6,15,24.53,15.13,0
"Torrecuso",2016,6,16,31.89,14.52,0
"Torrecuso",2016,6,17,26.44,15.11,0
"Torrecuso",2016,6,18,27.46,12.89,2.2
"Torrecuso",2016,6,19,23.9,12.03,14.1
"Torrecuso",2016,6,20,22.5,11.34,0
"Torrecuso",2016,6,21,29.24,13.07,0
"Torrecuso",2016,6,22,30.25,18.85,0
"Torrecuso",2016,6,23,29.29,18.71,4.8
"Torrecuso",2016,6,24,32.75,20.1,0
"Torrecuso",2016,6,25,32.45,18.34,12.8
"Torrecuso",2016,6,26,28.88,17.67,0
"Torrecuso",2016,6,27,26.97,16.3,0
"Torrecuso",2016,6,28,29.13,13.29,0
"Torrecuso",2016,6,29,30.19,16.29,0
"Torrecuso",2016,6,30,29.02,16.31,0
"Torrecuso",2016,7,1,31.6,15.98,0
"Torrecuso",2016,7,2,31.28,17.92,0
"Torrecuso",2016,7,3,30.51,15.68,0
"Torrecuso",2016,7,4,33.1,17.15,0
"Torrecuso",2016,7,5,32.6,19.35,0
"Torrecuso",2016,7,6,30.48,17.42,0
"Torrecuso",2016,7,7,33.62,16.03,0
"Torrecuso",2016,7,8,32.71,18.33,0
"Torrecuso",2016,7,9,28.68,17.92,0
"Torrecuso",2016,7,10,34.14,18.9,0
"Torrecuso",2016,7,11,34.01,19.61,0
"Torrecuso",2016,7,12,28.98,17.95,0
"Torrecuso",2016,7,13,31.45,18.02,0
"Torrecuso",2016,7,14,26.7,16.91,0
"Torrecuso",2016,7,15,21.03,13.02,6.4
"Torrecuso",2016,7,16,21.19,13.32,0
"Torrecuso",2016,7,17,22.4,12.11,0
"Torrecuso",2016,7,18,31.62,14.39,0
"Torrecuso",2016,7,19,27.86,15.58,0
"Torrecuso",2016,7,20,33.67,18.41,0
"Torrecuso",2016,7,21,32.5,17.08,0
"Torrecuso",2016,7,22,26.93,14.88,0
"Torrecuso",2016,7,23,33.77,16.92,0
"Torrecuso",2016,7,24,31.95,17.37,13.9
"Torrecuso",2016,7,25,30.46,16.51,2.1
"Torrecuso",2016,7,26,30.43,16.44,2.6
"Torrecuso",2016,7,27,30.86,17.35,0
"Torrecuso",2016,7,28,30.78,18.07,16.1
"Torrecuso",2016,7,29,31.04,16.13,0
"Torrecuso",2016,7,30,32.24,18.15,0
"Torrecuso",2016,7,31,31.47,18.04,0
"Torrecuso",2016,8,1,29.35,17.37,0
"Torrecuso",2016,8,2,31.02,17.05,0
"Torrecuso",2016,8,3,31.82,18.56,0
"Torrecuso",2016,8,4,32.92,16.19,0
"Torrecuso",2016,8,5,30.48,16.15,0
"Torrecuso",2016,8,6,25.95,16.72,6.7
"Torrecuso",2016,8,7,23.79,18.07,2.5
"Torrecuso",2016,8,8,27.5,17.92,0
"Torrecuso",2016,8,9,29.37,15.87,0
"Torrecuso",2016,8,10,28.6,15.76,0
"Torrecuso",2016,8,11,27.29,15.61,3.8
"Torrecuso",2016,8,12,24.31,15.35,0
"Torrecuso",2016,8,13,26.72,15.63,0
"Torrecuso",2016,8,14,29.91,13.43,0
"Torrecuso",2016,8,15,30.92,13.67,0
"Torrecuso",2016,8,16,30.3,14.48,0
"Torrecuso",2016,8,17,28.08,17.5,0
"Torrecuso",2016,8,18,27.95,16.33,0
"Torrecuso",2016,8,19,29.28,17.2,0
"Torrecuso",2016,8,20,31.21,17.28,0
"Torrecuso",2016,8,21,31.25,15.38,0
"Torrecuso",2016,8,22,26.9,16.79,0
"Torrecuso",2016,8,23,25.02,17.68,0
"Torrecuso",2016,8,24,27.48,19.54,0
"Torrecuso",2016,8,25,29.8,20.07,0
"Torrecuso",2016,8,26,32.4,17.65,0
"Torrecuso",2016,8,27,32.8,16.4,0
"Torrecuso",2016,8,28,31.63,16.11,0
"Torrecuso",2016,8,29,29.32,15.56,0
"Torrecuso",2016,8,30,31.12,14.22,0
"Torrecuso",2016,8,31,28.87,16.95,3
"Torrecuso",2016,9,1,29.92,16.13,0
"Torrecuso",2016,9,2,31.71,15.76,0
"Torrecuso",2016,9,3,32.38,14.89,0
"Torrecuso",2016,9,4,30.68,14.25,0
"Torrecuso",2016,9,5,26.71,17.62,6.1
"Torrecuso",2016,9,6,22.17,16.77,1.8
"Torrecuso",2016,9,7,18.26,13.85,11.8
"Torrecuso",2016,9,8,23.85,14.98,0
"Torrecuso",2016,9,9,23.1,15.74,3
"Torrecuso",2016,9,10,22.22,16.65,7.3
"Torrecuso",2016,9,11,22.83,16.13,8.9
"Torrecuso",2016,9,12,25.96,17.46,13.7
"Torrecuso",2016,9,13,27.4,15.64,12.3
"Torrecuso",2016,9,14,26.77,14.5,0
"Torrecuso",2016,9,15,25.18,14.74,0
"Torrecuso",2016,9,16,26.68,15.31,9.6
"Torrecuso",2016,9,17,23.49,15.72,1.8
"Torrecuso",2016,9,18,19.12,12.01,14.9
"Torrecuso",2016,9,19,19.92,12.26,9.3
"Torrecuso",2016,9,20,23.38,11.2,0
"Torrecuso",2016,9,21,22,12.71,5.6
"Torrecuso",2016,9,22,21.48,13.63,0
"Torrecuso",2016,9,23,22.88,11.53,0
"Torrecuso",2016,9,24,22.53,13.67,0
"Torrecuso",2016,9,25,22.37,11.1,0
"Torrecuso",2016,9,26,23.22,10.29,0
"Torrecuso",2016,9,27,22.79,12.12,0
"Torrecuso",2016,9,28,22.74,11.54,0
"Torrecuso",2016,9,29,23.76,9.47,0
"Torrecuso",2016,9,30,22.64,11.36,0
"Torrecuso",2016,10,1,22.21,10.58,0
"Torrecuso",2016,10,2,19.72,14.64,27.2
"Torrecuso",2016,10,3,23.76,14.74,0
"Torrecuso",2016,10,4,20.1,12.37,6.3
"Torrecuso",2016,10,5,18.51,10.69,0
"Torrecuso",2016,10,6,17.27,8.62,6.4
"Torrecuso",2016,10,7,17.9,10.15,30
"Torrecuso",2016,10,8,19.19,9.65,1.8
"Torrecuso",2016,10,9,19.93,9.91,2.1
"Torrecuso",2016,10,10,20.02,11.27,0
"Torrecuso",2016,10,11,14.21,10.25,15.2
"Torrecuso",2016,10,12,14.87,7.34,0
"Torrecuso",2016,10,13,17.68,5.11,0
"Torrecuso",2016,10,14,24.06,11.23,0
"Torrecuso",2016,10,15,23.65,11.98,1.5
"Torrecuso",2016,10,16,21.94,10.49,0
"Torrecuso",2016,10,17,21.61,10.39,0
"Torrecuso",2016,10,18,16.31,10.05,8.5
"Torrecuso",2016,10,19,19.32,10.05,0.9
"Torrecuso",2016,10,20,18.93,12.38,2.7
"Torrecuso",2016,10,21,16.81,11.08,15.6
"Torrecuso",2016,10,22,19.04,10.03,1.6
"Torrecuso",2016,10,23,17.82,9.79,3.7
"Torrecuso",2016,10,24,24.86,10.41,0
"Torrecuso",2016,10,25,24.26,12.32,0
"Torrecuso",2016,10,26,21.69,14.49,1.9
"Torrecuso",2016,10,27,16.18,11.32,17.6
"Torrecuso",2016,10,28,14.69,9.6,0
"Torrecuso",2016,10,29,20.85,10.22,0
"Torrecuso",2016,10,30,20.67,11.32,0
"Torrecuso",2016,10,31,18.46,9.7,0
"Torrecuso",2016,11,1,19.4,6.51,0
"Torrecuso",2016,11,2,18.94,6.07,0
"Torrecuso",2016,11,3,21.71,11.63,7.2
"Torrecuso",2016,11,4,19.06,11,0
"Torrecuso",2016,11,5,20.18,8.96,0
"Torrecuso",2016,11,6,20.71,15.57,12.3
"Torrecuso",2016,11,7,16.22,10.66,23.2
"Torrecuso",2016,11,8,14.55,9.42,14
"Torrecuso",2016,11,9,14.93,7.66,4.4
"Torrecuso",2016,11,10,14.79,5.7,5.3
"Torrecuso",2016,11,11,14.87,6.58,39.4
"Torrecuso",2016,11,12,11.45,5.38,3.1
"Torrecuso",2016,11,13,14.18,2.99,0
"Torrecuso",2016,11,14,12.27,7,2.5
"Torrecuso",2016,11,15,11,8.12,0
"Torrecuso",2016,11,16,15.75,5.48,0
"Torrecuso",2016,11,17,15.43,4.36,0
"Torrecuso",2016,11,18,19.26,7.7,0
"Torrecuso",2016,11,19,18.31,11.17,0
"Torrecuso",2016,11,20,20.74,9.15,0
"Torrecuso",2016,11,21,20.7,8.1,0
"Torrecuso",2016,11,22,21.1,8.4,0
"Torrecuso",2016,11,23,20.96,9.65,0
"Torrecuso",2016,11,24,19.15,9.94,0
"Torrecuso",2016,11,25,18.31,11.54,34.7
"Torrecuso",2016,11,26,13.92,9.04,0
"Torrecuso",2016,11,27,13.38,6.29,0
"Torrecuso",2016,11,28,16.52,6.42,0
"Torrecuso",2016,11,29,6.63,4.68,0
"Torrecuso",2016,11,30,10.79,2.67,0
"Torrecuso",2016,12,1,11.08,-1.07,0
"Torrecuso",2016,12,2,12.28,2.55,0
"Torrecuso",2016,12,3,10.9,4.81,0
"Torrecuso",2016,12,4,13.13,4.37,0
"Torrecuso",2016,12,5,14.58,2.08,0
"Torrecuso",2016,12,6,11.28,3.61,0
"Torrecuso",2016,12,7,12.98,7.94,0
"Torrecuso",2016,12,8,13.42,4.67,0
"Torrecuso",2016,12,9,14.19,0.67,0
"Torrecuso",2016,12,10,13.72,0.48,0
"Torrecuso",2016,12,11,12,1.29,0
"Torrecuso",2016,12,12,12.81,6.44,0
"Torrecuso",2016,12,13,12.77,3.71,0
"Torrecuso",2016,12,14,12.41,-1.12,0
"Torrecuso",2016,12,15,10.27,-1.06,0
"Torrecuso",2016,12,16,9.01,4.39,0
"Torrecuso",2016,12,17,9.45,3.6,0
"Torrecuso",2016,12,18,11.14,-1.43,0
"Torrecuso",2016,12,19,7.64,-2.71,0
"Torrecuso",2016,12,20,10.56,5.18,4.1
"Torrecuso",2016,12,21,13.41,7.74,0
"Torrecuso",2016,12,22,12.49,4.32,0
"Torrecuso",2016,12,23,14.52,3.15,0
"Torrecuso",2016,12,24,14.28,1.14,0
"Torrecuso",2016,12,25,11.63,1.22,0
"Torrecuso",2016,12,26,15.5,1.26,0
"Torrecuso",2016,12,27,13.02,1.76,0
"Torrecuso",2016,12,28,13.13,5.16,0
"Torrecuso",2016,12,29,3.74,2.85,0
"Torrecuso",2016,12,30,6.2,1.06,0
"Torrecuso",2016,12,31,11.06,0.82,0
"Torrecuso",2017,1,1,10.68,-3.69,0
"Torrecuso",2017,1,2,10.33,-2.66,0
"Torrecuso",2017,1,3,8.26,5.36,28.3
"Torrecuso",2017,1,4,10.81,2.35,0
"Torrecuso",2017,1,5,5.94,-0.36,16.9
"Torrecuso",2017,1,6,-0.65,-4.51,0
"Torrecuso",2017,1,7,-2,-4.9,0
"Torrecuso",2017,1,8,1.93,-3.4,0
"Torrecuso",2017,1,9,2.99,-0.6,1.1
"Torrecuso",2017,1,10,2.04,-1.11,1.6
"Torrecuso",2017,1,11,1.6,-5.31,0
"Torrecuso",2017,1,12,5.54,-5.87,0
"Torrecuso",2017,1,13,11.74,3.59,40.4
"Torrecuso",2017,1,14,7.05,-3.47,0
"Torrecuso",2017,1,15,1.68,-4.02,7.2
"Torrecuso",2017,1,16,3.14,0.18,2
"Torrecuso",2017,1,17,3.85,-0.62,5.6
"Torrecuso",2017,1,18,4.39,-1.07,17
"Torrecuso",2017,1,19,5.84,3.38,0
"Torrecuso",2017,1,20,6.08,4.59,0
"Torrecuso",2017,1,21,8.02,6.41,0
"Torrecuso",2017,1,22,9.32,8.15,0
"Torrecuso",2017,1,23,10.24,8.13,9.3
"Torrecuso",2017,1,24,9.04,7.21,2.9
"Torrecuso",2017,1,25,9.15,3.21,0
"Torrecuso",2017,1,26,7.64,0.71,0
"Torrecuso",2017,1,27,9.75,-0.83,0
"Torrecuso",2017,1,28,10.05,-1.42,0
"Torrecuso",2017,1,29,10.72,2.42,0
"Torrecuso",2017,1,30,12.83,-0.9,0
"Torrecuso",2017,1,31,10.87,-2.05,0.7
"Torrecuso",2017,2,1,13.24,7.32,1.3
"Torrecuso",2017,2,2,14.46,3.92,0
"Torrecuso",2017,2,3,14.66,6.17,0
"Torrecuso",2017,2,4,14.23,12.09,2.1
"Torrecuso",2017,2,5,12.84,11.34,9.4
"Torrecuso",2017,2,6,11.68,5.92,15.5
"Torrecuso",2017,2,7,12.33,4.67,0
"Torrecuso",2017,2,8,10.51,4.07,0
"Torrecuso",2017,2,9,7.46,5.82,5.1
"Torrecuso",2017,2,10,13.52,7.28,2.1
"Torrecuso",2017,2,11,14.57,3.75,0
"Torrecuso",2017,2,12,13.32,6.59,0
"Torrecuso",2017,2,13,13.62,6.11,0
"Torrecuso",2017,2,14,10.65,5.53,0
"Torrecuso",2017,2,15,14.43,1.54,0
"Torrecuso",2017,2,16,14.65,0.24,0
"Torrecuso",2017,2,17,13.57,3.58,0
"Torrecuso",2017,2,18,11.08,5.1,15.9
"Torrecuso",2017,2,19,12.38,2.24,0
"Torrecuso",2017,2,20,13.35,-1.23,0
"Torrecuso",2017,2,21,12.86,-1.1,0
"Torrecuso",2017,2,22,14.72,3.98,0
"Torrecuso",2017,2,23,15.61,6.75,0
"Torrecuso",2017,2,24,16.16,8.81,4.3
"Torrecuso",2017,2,25,13.16,6.69,11.5
"Torrecuso",2017,2,26,12.34,7.57,0
"Torrecuso",2017,2,27,17.43,8.09,0
"Torrecuso",2017,2,28,12.8,6.5,0
"Torrecuso",2017,3,1,15.21,5.27,4
"Torrecuso",2017,3,2,15.01,2.46,0
"Torrecuso",2017,3,3,18.6,3.71,0
"Torrecuso",2017,3,4,17.87,2.57,0
"Torrecuso",2017,3,5,10.6,7.26,16.3
"Torrecuso",2017,3,6,13.58,8.11,10.1
"Torrecuso",2017,3,7,11.1,5.5,14.9
"Torrecuso",2017,3,8,13,7.08,2.6
"Torrecuso",2017,3,9,18.37,5.8,0
"Torrecuso",2017,3,10,17.43,3.65,0
"Torrecuso",2017,3,11,11.85,7.19,0
"Torrecuso",2017,3,12,15.04,2.72,0
"Torrecuso",2017,3,13,12.3,2.13,0
"Torrecuso",2017,3,14,15.86,3.51,0
"Torrecuso",2017,3,15,13.51,2.82,0
"Torrecuso",2017,3,16,15.84,5.06,0
"Torrecuso",2017,3,17,19.22,2.52,0
"Torrecuso",2017,3,18,16.47,8.55,0
"Torrecuso",2017,3,19,16.66,9.46,0
"Torrecuso",2017,3,20,18.41,8.23,0
"Torrecuso",2017,3,21,21.98,7.98,0
"Torrecuso",2017,3,22,17.18,5.7,0
"Torrecuso",2017,3,23,20.19,6.58,0
"Torrecuso",2017,3,24,24.09,6.51,0
"Torrecuso",2017,3,25,22.92,6.86,0
"Torrecuso",2017,3,26,18.65,9.82,0
"Torrecuso",2017,3,27,11.87,7.86,6.1
"Torrecuso",2017,3,28,15.66,5.67,0
"Torrecuso",2017,3,29,20.22,3.94,0
"Torrecuso",2017,3,30,22.11,5.04,0
"Torrecuso",2017,3,31,22.23,7.14,0
"Torrecuso",2017,4,1,20.52,5.5,0
"Torrecuso",2017,4,2,18.41,6.28,0
"Torrecuso",2017,4,3,14.08,11.2,3.9
"Torrecuso",2017,4,4,19.05,8.73,0
"Torrecuso",2017,4,5,19.48,4.85,0
"Torrecuso",2017,4,6,18.81,5.4,4.9
"Torrecuso",2017,4,7,17.27,6.85,0
"Torrecuso",2017,4,8,20.89,4.11,0
"Torrecuso",2017,4,9,21.04,6.13,0
"Torrecuso",2017,4,10,22.97,6.11,0
"Torrecuso",2017,4,11,20.44,9.15,0
"Torrecuso",2017,4,12,22.35,7.33,4.6
"Torrecuso",2017,4,13,19.91,11.22,0
"Torrecuso",2017,4,14,20.33,11,0
"Torrecuso",2017,4,15,20.53,8.18,0
"Torrecuso",2017,4,16,19.36,8.67,7.3
"Torrecuso",2017,4,17,16.85,8.38,0
"Torrecuso",2017,4,18,18.53,5.02,3.2
"Torrecuso",2017,4,19,9.07,3.55,3.7
"Torrecuso",2017,4,20,11.07,1.37,0
"Torrecuso",2017,4,21,10.18,3.07,0
"Torrecuso",2017,4,22,16.99,0.76,0
"Torrecuso",2017,4,23,17.56,6.93,0
"Torrecuso",2017,4,24,19.89,5.97,0
"Torrecuso",2017,4,25,19.72,2.8,0
"Torrecuso",2017,4,26,22.68,3.45,0
"Torrecuso",2017,4,27,23.73,10.87,0
"Torrecuso",2017,4,28,18.95,11.19,8.5
"Torrecuso",2017,4,29,17.71,9.63,2.1
"Torrecuso",2017,4,30,19.99,6.16,0
"Torrecuso",2017,5,1,20.3,4.15,0
"Torrecuso",2017,5,2,19.22,10.06,0
"Torrecuso",2017,5,3,19.76,9.53,0
"Torrecuso",2017,5,4,21.4,7.42,0
"Torrecuso",2017,5,5,24.04,9.71,0
"Torrecuso",2017,5,6,21.91,8.76,1.2
"Torrecuso",2017,5,7,22.47,12.85,0
"Torrecuso",2017,5,8,19.71,10.55,17.1
"Torrecuso",2017,5,9,19.75,9.51,6.7
"Torrecuso",2017,5,10,22.18,9.55,0
"Torrecuso",2017,5,11,27.21,10.43,0
"Torrecuso",2017,5,12,27.18,14.03,0
"Torrecuso",2017,5,13,24.62,13.12,0
"Torrecuso",2017,5,14,25.37,11.21,0
"Torrecuso",2017,5,15,24.42,10.5,2.7
"Torrecuso",2017,5,16,23.29,14.6,0
"Torrecuso",2017,5,17,24.41,15.09,0
"Torrecuso",2017,5,18,25.19,10.61,0
"Torrecuso",2017,5,19,25.07,8.98,0
"Torrecuso",2017,5,20,21.89,10.44,6.4
"Torrecuso",2017,5,21,19.11,9.82,0
"Torrecuso",2017,5,22,25.6,12.01,0
"Torrecuso",2017,5,23,25.19,11.61,0
"Torrecuso",2017,5,24,26.84,11.1,1.5
"Torrecuso",2017,5,25,22.1,12.87,8
"Torrecuso",2017,5,26,21.55,10.1,0
"Torrecuso",2017,5,27,23.87,10.26,0
"Torrecuso",2017,5,28,25.19,12.18,0
"Torrecuso",2017,5,29,28.33,10.88,0
"Torrecuso",2017,5,30,25.97,10.94,0
"Torrecuso",2017,5,31,26.29,12.61,0
"Torrecuso",2017,6,1,28.28,13.7,0
"Torrecuso",2017,6,2,25.59,12.85,0
"Torrecuso",2017,6,3,28.76,11.28,0
"Torrecuso",2017,6,4,27.39,12.82,0
"Torrecuso",2017,6,5,29.52,13.53,0
"Torrecuso",2017,6,6,24.02,16.89,0
"Torrecuso",2017,6,7,26.67,14.25,0
"Torrecuso",2017,6,8,28.21,12.09,0
"Torrecuso",2017,6,9,28.89,12.87,0
"Torrecuso",2017,6,10,29.52,14.31,0
"Torrecuso",2017,6,11,28.1,17.87,0
"Torrecuso",2017,6,12,31.27,13.52,0
"Torrecuso",2017,6,13,30.79,14.09,0
"Torrecuso",2017,6,14,30.5,15.55,0
"Torrecuso",2017,6,15,31.94,16.19,0
"Torrecuso",2017,6,16,32.49,16.3,0
"Torrecuso",2017,6,17,30.35,18.9,6.7
"Torrecuso",2017,6,18,24.32,17.28,0
"Torrecuso",2017,6,19,28.44,16.38,0
"Torrecuso",2017,6,20,30.84,12.68,0
"Torrecuso",2017,6,21,30.43,18.13,0
"Torrecuso",2017,6,22,33.25,16.99,0
"Torrecuso",2017,6,23,31.2,16.72,0
"Torrecuso",2017,6,24,31.28,17.81,0
"Torrecuso",2017,6,25,30.68,19.02,0
"Torrecuso",2017,6,26,32.91,18.27,0
"Torrecuso",2017,6,27,34.9,16.99,0
"Torrecuso",2017,6,28,33.57,20.88,0
"Torrecuso",2017,6,29,29.8,19.27,0
"Torrecuso",2017,6,30,31.97,15.74,0
"Torrecuso",2017,7,1,28.89,17.03,0
"Torrecuso",2017,7,2,27.63,13.03,3.7
"Torrecuso",2017,7,3,28.75,12.24,0
"Torrecuso",2017,7,4,30.85,14.79,0
"Torrecuso",2017,7,5,33.34,14.54,0
"Torrecuso",2017,7,6,34.56,17.5,0
"Torrecuso",2017,7,7,33.81,17.65,0
"Torrecuso",2017,7,8,33.83,17.56,0
"Torrecuso",2017,7,9,35.12,17.31,0
"Torrecuso",2017,7,10,34.06,16.68,0
"Torrecuso",2017,7,11,34.52,16.03,0
"Torrecuso",2017,7,12,34.82,14.61,0
"Torrecuso",2017,7,13,34.76,17.95,0
"Torrecuso",2017,7,14,32.15,18.4,0
"Torrecuso",2017,7,15,29.75,18.75,5.1
"Torrecuso",2017,7,16,25.56,19.08,0
"Torrecuso",2017,7,17,26.87,18.55,0
"Torrecuso",2017,7,18,31.9,14.72,0
"Torrecuso",2017,7,19,30.59,15.13,0
"Torrecuso",2017,7,20,33.05,15.28,0
"Torrecuso",2017,7,21,34.91,15.95,0
"Torrecuso",2017,7,22,34.22,16.18,0
"Torrecuso",2017,7,23,32.83,18.78,0
"Torrecuso",2017,7,24,30.36,20.53,0
"Torrecuso",2017,7,25,26.9,17.53,5.1
"Torrecuso",2017,7,26,27.5,14.78,12.8
"Torrecuso",2017,7,27,28.29,13.33,0
"Torrecuso",2017,7,28,29.07,17.28,0
"Torrecuso",2017,7,29,31.55,16.93,0
"Torrecuso",2017,7,30,33.94,17.33,0
"Torrecuso",2017,7,31,37.45,18.03,0
"Torrecuso",2017,8,1,39.85,20.93,0
"Torrecuso",2017,8,2,39.58,19.61,0
"Torrecuso",2017,8,3,38.03,20.84,0
"Torrecuso",2017,8,4,38.42,21.77,0
"Torrecuso",2017,8,5,38.07,20.1,0
"Torrecuso",2017,8,6,36.86,17.26,0
"Torrecuso",2017,8,7,37.84,19.9,0
"Torrecuso",2017,8,8,37.47,18.99,0
"Torrecuso",2017,8,9,37.65,18.59,0
"Torrecuso",2017,8,10,37.94,18.1,0
"Torrecuso",2017,8,11,28.45,18.13,0
"Torrecuso",2017,8,12,24.73,13.74,0
"Torrecuso",2017,8,13,27.16,12.84,0
"Torrecuso",2017,8,14,30.76,17.17,0
"Torrecuso",2017,8,15,33.76,14.88,0
"Torrecuso",2017,8,16,35.36,16.83,0
"Torrecuso",2017,8,17,35.29,17.21,0
"Torrecuso",2017,8,18,36.25,17.91,0
"Torrecuso",2017,8,19,33.18,16.28,0
"Torrecuso",2017,8,20,31.48,17.63,0
"Torrecuso",2017,8,21,28.01,19.58,0
"Torrecuso",2017,8,22,27.82,17.81,0
"Torrecuso",2017,8,23,32.18,13.11,0
"Torrecuso",2017,8,24,33.28,14.96,0
"Torrecuso",2017,8,25,34.48,15.52,0
"Torrecuso",2017,8,26,34.94,16.62,0
"Torrecuso",2017,8,27,34.96,16.39,0
"Torrecuso",2017,8,28,33.9,16.69,0
"Torrecuso",2017,8,29,32.42,20.98,0
"Torrecuso",2017,8,30,33.4,15.34,0
"Torrecuso",2017,8,31,31.42,13.91,0
"Torrecuso",2017,9,1,29.25,19.77,0
"Torrecuso",2017,9,2,24.36,18.41,18.6
"Torrecuso",2017,9,3,24.05,13.49,0
"Torrecuso",2017,9,4,26.19,12.5,0
"Torrecuso",2017,9,5,28.05,13.07,0
"Torrecuso",2017,9,6,26.75,13.56,0
"Torrecuso",2017,9,7,23.03,16.07,2.8
"Torrecuso",2017,9,8,28.01,14.75,0
"Torrecuso",2017,9,9,25.02,15.48,0
"Torrecuso",2017,9,10,29.09,14.3,6.9
"Torrecuso",2017,9,11,20.45,15.49,37.4
"Torrecuso",2017,9,12,24.39,16.56,0
"Torrecuso",2017,9,13,25.33,14.56,0
"Torrecuso",2017,9,14,24.04,12,0
"Torrecuso",2017,9,15,26.34,16.57,0
"Torrecuso",2017,9,16,28.85,15.36,0
"Torrecuso",2017,9,17,25.3,13.4,1.3
"Torrecuso",2017,9,18,22.79,10.42,0
"Torrecuso",2017,9,19,21.78,11.56,4.2
"Torrecuso",2017,9,20,18.83,10.55,2.6
"Torrecuso",2017,9,21,21.85,8.74,0
"Torrecuso",2017,9,22,22.92,9.87,0
"Torrecuso",2017,9,23,24.3,10.42,0
"Torrecuso",2017,9,24,24.1,10.85,0
"Torrecuso",2017,9,25,23.57,11.21,7.2
"Torrecuso",2017,9,26,23.77,12.05,0
"Torrecuso",2017,9,27,23.79,15.68,0
"Torrecuso",2017,9,28,24.84,13.9,0
"Torrecuso",2017,9,29,21.91,13.14,0
"Torrecuso",2017,9,30,23.1,11.24,0
"Torrecuso",2017,10,1,22.43,8.92,0
"Torrecuso",2017,10,2,21.88,14.36,0
"Torrecuso",2017,10,3,23.44,10.6,0
"Torrecuso",2017,10,4,26.7,12.87,0
"Torrecuso",2017,10,5,25.4,12.75,0
"Torrecuso",2017,10,6,22.57,12.49,2.1
"Torrecuso",2017,10,7,17,9.08,2.1
"Torrecuso",2017,10,8,19.57,4.97,0
"Torrecuso",2017,10,9,20.47,9.58,0
"Torrecuso",2017,10,10,20.66,10.8,0
"Torrecuso",2017,10,11,23.4,11.4,0
"Torrecuso",2017,10,12,23.47,7.93,0
"Torrecuso",2017,10,13,24.79,8.87,0
"Torrecuso",2017,10,14,26.23,9.62,0
"Torrecuso",2017,10,15,26.75,8.87,0
"Torrecuso",2017,10,16,26.93,9.43,0
"Torrecuso",2017,10,17,25.3,9.26,0
"Torrecuso",2017,10,18,22.6,10.91,0
"Torrecuso",2017,10,19,21.93,11.99,0
"Torrecuso",2017,10,20,24.49,9.01,0
"Torrecuso",2017,10,21,23.4,7.53,0
"Torrecuso",2017,10,22,19.91,8.99,14.8
"Torrecuso",2017,10,23,14.91,7.7,4.9
"Torrecuso",2017,10,24,16.27,9.61,5.8
"Torrecuso",2017,10,25,17.05,13.44,0
"Torrecuso",2017,10,26,22.17,9.72,0
"Torrecuso",2017,10,27,18.69,7.75,0
"Torrecuso",2017,10,28,16.38,6.12,0
"Torrecuso",2017,10,29,16.62,3.67,0
"Torrecuso",2017,10,30,17.3,7.84,0
"Torrecuso",2017,10,31,15.98,8.47,0
"Torrecuso",2017,11,1,16.7,4.65,0
"Torrecuso",2017,11,2,17.39,2.89,0
"Torrecuso",2017,11,3,15.28,7.62,0
"Torrecuso",2017,11,4,19.97,7.29,0
"Torrecuso",2017,11,5,17.54,4.09,40.9
"Torrecuso",2017,11,6,15.6,8.65,59.5
"Torrecuso",2017,11,7,10.5,7.22,13.4
"Torrecuso",2017,11,8,14.39,6.45,0
"Torrecuso",2017,11,9,14.62,5.6,1.6
"Torrecuso",2017,11,10,16.04,9.23,0
"Torrecuso",2017,11,11,16.38,6.34,0
"Torrecuso",2017,11,12,15.22,3.52,0
"Torrecuso",2017,11,13,14.25,6.51,13.3
"Torrecuso",2017,11,14,10.95,6.99,10.5
"Torrecuso",2017,11,15,16.02,8.51,3.7
"Torrecuso",2017,11,16,12.06,10.45,6.2
"Torrecuso",2017,11,17,14.43,9.82,0
"Torrecuso",2017,11,18,14.32,7.64,0
"Torrecuso",2017,11,19,13.66,6.09,0
"Torrecuso",2017,11,20,13.47,2.02,0
"Torrecuso",2017,11,21,13.76,1.31,0
"Torrecuso",2017,11,22,14.32,5.04,0
"Torrecuso",2017,11,23,15.81,6.55,0
"Torrecuso",2017,11,24,12.99,5.24,0
"Torrecuso",2017,11,25,15.72,7.82,2.3
"Torrecuso",2017,11,26,14.62,7.27,5.1
"Torrecuso",2017,11,27,8.71,4.02,0
"Torrecuso",2017,11,28,9.5,-1.21,0
"Torrecuso",2017,11,29,13.44,3.71,21.5
"Torrecuso",2017,11,30,13.64,7.28,41.3
"Torrecuso",2017,12,1,8.42,1.84,0
"Torrecuso",2017,12,2,6.58,-1.21,5.6
"Torrecuso",2017,12,3,7.98,2.55,8.2
"Torrecuso",2017,12,4,7.9,1.42,0
"Torrecuso",2017,12,5,11.88,-0.43,0
"Torrecuso",2017,12,6,10.08,-1.27,0
"Torrecuso",2017,12,7,11.3,-1.64,0
"Torrecuso",2017,12,8,12.88,4.24,3.6
"Torrecuso",2017,12,9,11.06,0.19,21.5
"Torrecuso",2017,12,10,9.37,-2.6,0
"Torrecuso",2017,12,11,14.97,10.29,0
"Torrecuso",2017,12,12,16.06,13.96,0
"Torrecuso",2017,12,13,14.06,8.45,29.7
"Torrecuso",2017,12,14,12.74,8.3,2.4
"Torrecuso",2017,12,15,13.61,10.48,47
"Torrecuso",2017,12,16,10.56,4.93,3.8
"Torrecuso",2017,12,17,8.41,2.83,1.2
"Torrecuso",2017,12,18,7.46,0.83,0
"Torrecuso",2017,12,19,5.48,0.15,0
"Torrecuso",2017,12,20,4.74,-0.3,0
"Torrecuso",2017,12,21,6.74,1.37,0
"Torrecuso",2017,12,22,9.99,7.08,0
"Torrecuso",2017,12,23,13.61,4.79,0
"Torrecuso",2017,12,24,13.91,-0.19,0
"Torrecuso",2017,12,25,12.26,0.16,0
"Torrecuso",2017,12,26,9.91,2.95,0
"Torrecuso",2017,12,27,10.97,6.79,31.1
"Torrecuso",2017,12,28,6.64,2.1,30.9
"Torrecuso",2017,12,29,7.58,-0.84,0
"Torrecuso",2017,12,30,8.21,-1.83,0
"Torrecuso",2017,12,31,9.75,-0.36,0
"Torrecuso",2018,1,1,14.5,8.57,3.8
"Torrecuso",2018,1,2,9.15,5.06,17.2
"Torrecuso",2018,1,3,11.09,1.59,3.9
"Torrecuso",2018,1,4,14.16,8.04,0
"Torrecuso",2018,1,5,15.23,11.32,0
"Torrecuso",2018,1,6,16.06,7.03,0
"Torrecuso",2018,1,7,12.09,3.91,0
"Torrecuso",2018,1,8,17.38,4.35,0
"Torrecuso",2018,1,9,14.72,8.75,0
"Torrecuso",2018,1,10,11.74,4.33,2.7
"Torrecuso",2018,1,11,9.68,0.71,4.4
"Torrecuso",2018,1,12,7.82,8.33,9.6
"Torrecuso",2018,1,13,10.28,5.91,0
"Torrecuso",2018,1,14,9.08,1.98,0
"Torrecuso",2018,1,15,10.54,2.87,2.8
"Torrecuso",2018,1,16,11.94,5.66,13.6
"Torrecuso",2018,1,17,13.07,2.88,18.6
"Torrecuso",2018,1,18,11.11,-0.63,0.9
"Torrecuso",2018,1,19,11.28,9.69,2.6
"Torrecuso",2018,1,20,13.51,9.86,1.7
"Torrecuso",2018,1,21,14.1,8.14,4.7
"Torrecuso",2018,1,22,11.04,5.65,0
"Torrecuso",2018,1,23,11.47,4.96,1.3
"Torrecuso",2018,1,24,13.29,2.89,0
"Torrecuso",2018,1,25,12.82,0.31,0
"Torrecuso",2018,1,26,13.37,0.06,0
"Torrecuso",2018,1,27,13.67,0.22,0
"Torrecuso",2018,1,28,14.06,2.22,0
"Torrecuso",2018,1,29,14.1,1.4,0
"Torrecuso",2018,1,30,13.82,5.09,0
"Torrecuso",2018,1,31,9.37,2.19,0
"Torrecuso",2018,2,1,11.35,7.81,1.5
"Torrecuso",2018,2,2,14.59,8.67,11.4
"Torrecuso",2018,2,3,15.12,4.53,34
"Torrecuso",2018,2,4,10.13,0.86,2.4
"Torrecuso",2018,2,5,11.59,-0.82,0
"Torrecuso",2018,2,6,6.85,4.22,36.6
"Torrecuso",2018,2,7,9.67,4.98,32
"Torrecuso",2018,2,8,9.43,6.03,2.1
"Torrecuso",2018,2,9,11.95,3.02,0
"Torrecuso",2018,2,10,9.53,4.58,0
"Torrecuso",2018,2,11,9.8,2.52,0
"Torrecuso",2018,2,12,8.61,-1.56,2.7
"Torrecuso",2018,2,13,9.99,2.16,5
"Torrecuso",2018,2,14,4.33,-1.3,0
"Torrecuso",2018,2,15,7.25,1.52,0
"Torrecuso",2018,2,16,14.74,-0.42,0
"Torrecuso",2018,2,17,11.73,-0.7,0
"Torrecuso",2018,2,18,8.6,5.78,4.6
"Torrecuso",2018,2,19,8.13,5.33,12
"Torrecuso",2018,2,20,7.44,4.43,4
"Torrecuso",2018,2,21,4.36,3.19,5
"Torrecuso",2018,2,22,9.27,1.78,7.6
"Torrecuso",2018,2,23,13.31,6.41,17.5
"Torrecuso",2018,2,24,11.76,5.94,8.3
"Torrecuso",2018,2,25,8.14,1.19,0
"Torrecuso",2018,2,26,1.28,-3.65,2
"Torrecuso",2018,2,27,1.12,-5.93,2.8
"Torrecuso",2018,2,28,2.7,-7.76,0
"Torrecuso",2018,3,1,11.52,-1.93,1.5
"Torrecuso",2018,3,2,14.57,5.39,3.4
"Torrecuso",2018,3,3,11.96,7.78,19.1
"Torrecuso",2018,3,4,13.8,8.78,1.6
"Torrecuso",2018,3,5,11.3,9.75,9.6
"Torrecuso",2018,3,6,11.94,8.61,29.7
"Torrecuso",2018,3,7,13.61,7.51,18.6
"Torrecuso",2018,3,8,13.41,4.68,0
"Torrecuso",2018,3,9,15.81,5.83,0
"Torrecuso",2018,3,10,13.84,3.87,0
"Torrecuso",2018,3,11,22.05,5.63,9.6
"Torrecuso",2018,3,12,13.78,8.24,23.2
"Torrecuso",2018,3,13,13.46,8.28,2.8
"Torrecuso",2018,3,14,14.7,4.78,0
"Torrecuso",2018,3,15,13.49,3.53,0
"Torrecuso",2018,3,16,15.19,9.33,7.6
"Torrecuso",2018,3,17,14.94,7.64,4.9
"Torrecuso",2018,3,18,9.33,4.5,28.8
"Torrecuso",2018,3,19,11.42,5.01,10.5
"Torrecuso",2018,3,20,9.89,4.7,20.4
"Torrecuso",2018,3,21,5.69,3.57,14.9
"Torrecuso",2018,3,22,3.64,0.76,3.9
"Torrecuso",2018,3,23,7.1,0.72,0
"Torrecuso",2018,3,24,10.9,2.42,0
"Torrecuso",2018,3,25,8.05,1.08,2.3
"Torrecuso",2018,3,26,10.5,6.7,0
"Torrecuso",2018,3,27,13.83,3.47,0
"Torrecuso",2018,3,28,15.5,2.29,0
"Torrecuso",2018,3,29,17.84,8.38,0
"Torrecuso",2018,3,30,23.37,4.83,0
"Torrecuso",2018,3,31,16.34,5.61,21.7
"Torrecuso",2018,4,1,14.69,5.61,11.6
"Torrecuso",2018,4,2,15.76,4.22,0
"Torrecuso",2018,4,3,19.01,2.06,0
"Torrecuso",2018,4,4,17.31,5.88,0
"Torrecuso",2018,4,5,17.75,7.25,2.3
"Torrecuso",2018,4,6,19.08,5.24,0
"Torrecuso",2018,4,7,21.05,7.51,0
"Torrecuso",2018,4,8,23.35,7,0
"Torrecuso",2018,4,9,16.44,10.88,3.7
"Torrecuso",2018,4,10,16.99,8.51,0
"Torrecuso",2018,4,11,21.56,9.06,0
"Torrecuso",2018,4,12,21.38,10.1,0
"Torrecuso",2018,4,13,20.12,7.42,0
"Torrecuso",2018,4,14,19.95,10.94,0
"Torrecuso",2018,4,15,20.25,13.55,0
"Torrecuso",2018,4,16,20.76,10.17,0
"Torrecuso",2018,4,17,20.4,13.82,13.6
"Torrecuso",2018,4,18,19.53,15.15,0.6
"Torrecuso",2018,4,19,22.95,14.49,0
"Torrecuso",2018,4,20,24.04,12.09,0
"Torrecuso",2018,4,21,24.81,10.9,0
"Torrecuso",2018,4,22,23.71,10.62,0
"Torrecuso",2018,4,23,23.58,12.45,0
"Torrecuso",2018,4,24,22.77,11.87,0
"Torrecuso",2018,4,25,25.24,11.42,0
"Torrecuso",2018,4,26,25.94,8.77,0
"Torrecuso",2018,4,27,29.14,9.23,0
"Torrecuso",2018,4,28,27.8,14.79,0
"Torrecuso",2018,4,29,27.58,12.98,0
"Torrecuso",2018,4,30,23.46,10.42,0
"Torrecuso",2018,5,1,20.35,7.34,0
"Torrecuso",2018,5,2,22.31,12.91,0
"Torrecuso",2018,5,3,20.14,12.81,13.9
"Torrecuso",2018,5,4,18.84,12.07,1.8
"Torrecuso",2018,5,5,20.27,11.19,7
"Torrecuso",2018,5,6,19.64,10.92,0
"Torrecuso",2018,5,7,21.7,13.3,13.7
"Torrecuso",2018,5,8,21.11,13.46,18
"Torrecuso",2018,5,9,21.55,13.12,2.5
"Torrecuso",2018,5,10,22.46,12.92,0
"Torrecuso",2018,5,11,23.58,12.52,0
"Torrecuso",2018,5,12,23.19,13.36,0
"Torrecuso",2018,5,13,22.61,11.47,0
"Torrecuso",2018,5,14,19.14,10.46,0
"Torrecuso",2018,5,15,14.55,7.95,11
"Torrecuso",2018,5,16,17.83,5.9,0
"Torrecuso",2018,5,17,22.54,8.92,0
"Torrecuso",2018,5,18,23.74,11.89,0
"Torrecuso",2018,5,19,24.6,13.89,0
"Torrecuso",2018,5,20,24.81,12.84,0
"Torrecuso",2018,5,21,23.98,13.88,1.6
"Torrecuso",2018,5,22,25.53,13.47,7.5
"Torrecuso",2018,5,23,17.05,14.12,26.9
"Torrecuso",2018,5,24,25.44,13.4,0
"Torrecuso",2018,5,25,26.23,13.63,0
"Torrecuso",2018,5,26,28.94,15.1,0
"Torrecuso",2018,5,27,29.27,15.91,0
"Torrecuso",2018,5,28,28.31,15.52,0
"Torrecuso",2018,5,29,29.92,16.32,0
"Torrecuso",2018,5,30,29.85,16.96,0
"Torrecuso",2018,5,31,28.2,15.4,0
"Torrecuso",2018,6,1,27.6,13.27,0
"Torrecuso",2018,6,2,28.14,11.6,0
"Torrecuso",2018,6,3,30.19,14.28,0
"Torrecuso",2018,6,4,29.58,13.8,0
"Torrecuso",2018,6,5,25.22,16.57,0
"Torrecuso",2018,6,6,26.16,14.65,0
"Torrecuso",2018,6,7,29.98,15.15,0
"Torrecuso",2018,6,8,27.55,16.23,0
"Torrecuso",2018,6,9,24.25,15.34,0
"Torrecuso",2018,6,10,29.01,14.74,0
"Torrecuso",2018,6,11,31.12,14.33,0
"Torrecuso",2018,6,12,28.57,16.4,0
"Torrecuso",2018,6,13,24.94,15.83,0
"Torrecuso",2018,6,14,21.73,13.59,19.8
"Torrecuso",2018,6,15,23.67,13.94,0
"Torrecuso",2018,6,16,24.21,14.41,0
"Torrecuso",2018,6,17,27,13.89,8.8
"Torrecuso",2018,6,18,26.36,15.52,0
"Torrecuso",2018,6,19,27.36,19.11,0
"Torrecuso",2018,6,20,27.65,16.35,15.5
"Torrecuso",2018,6,21,28.04,15.53,0
"Torrecuso",2018,6,22,26.99,17.09,4.3
"Torrecuso",2018,6,23,23.61,16.11,0
"Torrecuso",2018,6,24,24.61,13.15,0
"Torrecuso",2018,6,25,25.96,10.64,0
"Torrecuso",2018,6,26,23.46,15.93,0
"Torrecuso",2018,6,27,23.68,16.64,0
"Torrecuso",2018,6,28,25.72,12.71,0
"Torrecuso",2018,6,29,25.54,15.37,0
"Torrecuso",2018,6,30,29.14,17.05,0
"Torrecuso",2018,7,1,30.71,16.15,0
"Torrecuso",2018,7,2,30.95,15.73,0
"Torrecuso",2018,7,3,29.41,17.99,0
"Torrecuso",2018,7,4,30.27,18.91,0
"Torrecuso",2018,7,5,30.98,18.72,0
"Torrecuso",2018,7,6,28.3,19.43,0
"Torrecuso",2018,7,7,28.86,18.22,17.4
"Torrecuso",2018,7,8,28.41,18.18,0
"Torrecuso",2018,7,9,28.06,17.5,0
"Torrecuso",2018,7,10,29.27,15.68,0
"Torrecuso",2018,7,11,28.79,15.97,0
"Torrecuso",2018,7,12,29.45,19.14,0
"Torrecuso",2018,7,13,31.38,18.63,0
"Torrecuso",2018,7,14,33.74,19.34,0
"Torrecuso",2018,7,15,31.79,20.24,0
"Torrecuso",2018,7,16,30.97,17.46,0
"Torrecuso",2018,7,17,27.35,19.53,11.5
"Torrecuso",2018,7,18,31.09,18.22,0
"Torrecuso",2018,7,19,31.69,17.66,0
"Torrecuso",2018,7,20,31.1,17.2,0
"Torrecuso",2018,7,21,31.54,17.24,0
"Torrecuso",2018,7,22,30.59,20.65,0
"Torrecuso",2018,7,23,23.62,17.99,18.6
"Torrecuso",2018,7,24,28.54,19.07,0
"Torrecuso",2018,7,25,30.27,17.38,0
"Torrecuso",2018,7,26,31.09,17.25,0
"Torrecuso",2018,7,27,29.49,17.31,0
"Torrecuso",2018,7,28,29.24,19.2,0
"Torrecuso",2018,7,29,32.03,20.66,0
"Torrecuso",2018,7,30,32.81,18.88,0
"Torrecuso",2018,7,31,33.7,19.43,0
"Torrecuso",2018,8,1,33.21,19.09,0
"Torrecuso",2018,8,2,32.53,18.62,0
"Torrecuso",2018,8,3,29.44,20.44,0
"Torrecuso",2018,8,4,31.12,20.25,0
"Torrecuso",2018,8,5,32.74,19.55,0
"Torrecuso",2018,8,6,33.04,18.91,0
"Torrecuso",2018,8,7,32.92,18.28,0
"Torrecuso",2018,8,8,31.35,19.03,0
"Torrecuso",2018,8,9,31.54,17,0
"Torrecuso",2018,8,10,32.19,18.52,0
"Torrecuso",2018,8,11,31.95,18.84,0
"Torrecuso",2018,8,12,32.76,18.58,0
"Torrecuso",2018,8,13,30.98,17.4,0
"Torrecuso",2018,8,14,30.07,16.76,0
"Torrecuso",2018,8,15,22.85,16.91,2.1
"Torrecuso",2018,8,16,27.33,17.78,0
"Torrecuso",2018,8,17,30.03,17.73,0
"Torrecuso",2018,8,18,30.91,17.48,3
"Torrecuso",2018,8,19,31.05,17.14,0
"Torrecuso",2018,8,20,30.09,18.27,3.4
"Torrecuso",2018,8,21,31.35,17.19,0
"Torrecuso",2018,8,22,30.07,17.83,2
"Torrecuso",2018,8,23,30.97,16.4,4.7
"Torrecuso",2018,8,24,29.63,16.62,8.8
"Torrecuso",2018,8,25,28,15.32,0
"Torrecuso",2018,8,26,24.87,16.4,0
"Torrecuso",2018,8,27,24.26,16.78,0
"Torrecuso",2018,8,28,28.82,16.19,0
"Torrecuso",2018,8,29,30.2,16.39,0
"Torrecuso",2018,8,30,28.66,15.86,0
"Torrecuso",2018,8,31,28.14,15.14,0
"Torrecuso",2018,9,1,26.54,16.45,17.7
"Torrecuso",2018,9,2,25.43,14.01,2.8
"Torrecuso",2018,9,3,25.03,13.18,0
"Torrecuso",2018,9,4,26.02,14.03,0
"Torrecuso",2018,9,5,28.21,15.31,0
"Torrecuso",2018,9,6,28.41,13.5,0
"Torrecuso",2018,9,7,27.12,13.09,7.4
"Torrecuso",2018,9,8,28.27,14.47,0
"Torrecuso",2018,9,9,28.77,15.72,0
"Torrecuso",2018,9,10,28.59,17.28,0
"Torrecuso",2018,9,11,29.57,15.84,0
"Torrecuso",2018,9,12,30.39,14.1,0
"Torrecuso",2018,9,13,27.2,13.96,0
"Torrecuso",2018,9,14,27.99,16.96,0
"Torrecuso",2018,9,15,28.71,15.45,0
"Torrecuso",2018,9,16,28.77,16.99,0
"Torrecuso",2018,9,17,28.44,16.12,0
"Torrecuso",2018,9,18,27.95,17.23,0
"Torrecuso",2018,9,19,27.34,18.48,13.2
"Torrecuso",2018,9,20,27.52,18.96,10.8
"Torrecuso",2018,9,21,27.22,17.36,0
"Torrecuso",2018,9,22,28.73,15.54,0
"Torrecuso",2018,9,23,27.71,15.06,0
"Torrecuso",2018,9,24,26.59,17.58,0
"Torrecuso",2018,9,25,18.85,14.11,0
"Torrecuso",2018,9,26,15.53,12.18,0
"Torrecuso",2018,9,27,19.7,13.07,0
"Torrecuso",2018,9,28,23.27,11.08,0
"Torrecuso",2018,9,29,23.79,7.94,0
"Torrecuso",2018,9,30,23.37,12.76,0
"Torrecuso",2018,10,1,17.97,10.75,28.8
"Torrecuso",2018,10,2,17.87,9.62,1.5
"Torrecuso",2018,10,3,19.93,15.76,0
"Torrecuso",2018,10,4,17.74,16.44,0
"Torrecuso",2018,10,5,17.53,16.94,0
"Torrecuso",2018,10,6,21.09,14.65,5.5
"Torrecuso",2018,10,7,20.96,14.35,4
"Torrecuso",2018,10,8,24.25,12.92,0
"Torrecuso",2018,10,9,24.58,12.94,0
"Torrecuso",2018,10,10,24.46,12.85,0
"Torrecuso",2018,10,11,23.45,12.2,0
"Torrecuso",2018,10,12,22.54,13.1,0
"Torrecuso",2018,10,13,23.33,10.99,0
"Torrecuso",2018,10,14,22.14,11.61,1.8
"Torrecuso",2018,10,15,19.05,15.44,3.7
"Torrecuso",2018,10,16,22.74,15.61,0
"Torrecuso",2018,10,17,22.68,13.3,0
"Torrecuso",2018,10,18,21.94,17.15,0
"Torrecuso",2018,10,19,22.52,14.5,0
"Torrecuso",2018,10,20,23.44,11.91,0
"Torrecuso",2018,10,21,20.67,10.38,8.3
"Torrecuso",2018,10,22,13.28,9.78,15.5
"Torrecuso",2018,10,23,16.68,9.98,3.7
"Torrecuso",2018,10,24,20.36,5.41,0
"Torrecuso",2018,10,25,21.95,7.71,0
"Torrecuso",2018,10,26,20.66,12.72,0
"Torrecuso",2018,10,27,21.57,15.86,0
"Torrecuso",2018,10,28,20.55,16.48,7.4
"Torrecuso",2018,10,29,24.32,12.21,33
"Torrecuso",2018,10,30,16.8,8.97,1.6
"Torrecuso",2018,10,31,18.26,6.83,0
"Torrecuso",2018,11,1,15.54,12.09,14.7
"Torrecuso",2018,11,2,14.37,13.09,32.7
"Torrecuso",2018,11,3,20.05,13.57,0
"Torrecuso",2018,11,4,16.76,14.56,3.8
"Torrecuso",2018,11,5,17.27,11.56,1.7
"Torrecuso",2018,11,6,20.07,9.92,0
"Torrecuso",2018,11,7,16.84,9.45,9.1
"Torrecuso",2018,11,8,17.44,6.35,0
"Torrecuso",2018,11,9,18.47,5.67,0
"Torrecuso",2018,11,10,18.92,6.66,0
"Torrecuso",2018,11,11,19.3,5.67,0
"Torrecuso",2018,11,12,20.5,5.99,0
"Torrecuso",2018,11,13,18.45,5.04,0
"Torrecuso",2018,11,14,19.16,5.73,0
"Torrecuso",2018,11,15,16.27,9.57,0
"Torrecuso",2018,11,16,13.68,8.74,1.3
"Torrecuso",2018,11,17,12.35,4.78,0
"Torrecuso",2018,11,18,9.45,7.77,0
"Torrecuso",2018,11,19,11.08,3.63,33.5
"Torrecuso",2018,11,20,16.25,10.16,34.8
"Torrecuso",2018,11,21,15.14,9.33,0
"Torrecuso",2018,11,22,15.26,8.1,6.9
"Torrecuso",2018,11,23,15.01,7.39,0
"Torrecuso",2018,11,24,16.77,7.56,0
"Torrecuso",2018,11,25,14.27,11.82,25.9
"Torrecuso",2018,11,26,12.77,8.8,11.7
"Torrecuso",2018,11,27,8.44,8.47,24.8
"Torrecuso",2018,11,28,8.38,7.65,0
"Torrecuso",2018,11,29,10.85,6.14,0
"Torrecuso",2018,11,30,10.43,2.43,0
"Torrecuso",2018,12,1,11.86,7.03,0
"Torrecuso",2018,12,2,15.43,6.12,0
"Torrecuso",2018,12,3,12.41,6.01,0
"Torrecuso",2018,12,4,18.1,13.01,1.7
"Torrecuso",2018,12,5,16.29,6.85,0
"Torrecuso",2018,12,6,12.34,3.38,0
"Torrecuso",2018,12,7,14.64,6.86,0
"Torrecuso",2018,12,8,14.17,5.64,4.6
"Torrecuso",2018,12,9,11.97,0.92,0
"Torrecuso",2018,12,10,12.9,1.68,3.5
"Torrecuso",2018,12,11,9.05,2.91,0
"Torrecuso",2018,12,12,8.09,-0.47,0
"Torrecuso",2018,12,13,5.08,2.75,4.7
"Torrecuso",2018,12,14,8.27,5.29,11.6
"Torrecuso",2018,12,15,5.2,2.53,2.5
"Torrecuso",2018,12,16,8.05,0.19,0
"Torrecuso",2018,12,17,9.03,4.83,16.4
"Torrecuso",2018,12,18,10.65,4.4,0
"Torrecuso",2018,12,19,10.34,-0.34,0
"Torrecuso",2018,12,20,9.44,1.47,0
"Torrecuso",2018,12,21,9.23,3.77,0
"Torrecuso",2018,12,22,11.69,9.23,0
"Torrecuso",2018,12,23,15.51,10.57,0
"Torrecuso",2018,12,24,14.74,12.35,0
"Torrecuso",2018,12,25,10.35,6.73,0
"Torrecuso",2018,12,26,11.93,-0.07,0
"Torrecuso",2018,12,27,12.93,-1.59,0
"Torrecuso",2018,12,28,10.27,-1.05,0
"Torrecuso",2018,12,29,12.85,-0.7,0
"Torrecuso",2018,12,30,7.93,-0.49,0
"Torrecuso",2018,12,31,9.91,6.13,0
"Torrecuso",2019,1,1,8.73,-0.9,0
"Torrecuso",2019,1,2,9.15,-3.85,0
"Torrecuso",2019,1,3,2.24,-0.2,0
"Torrecuso",2019,1,4,0.7,-1.46,3.8
"Torrecuso",2019,1,5,4.46,-1.86,4.1
"Torrecuso",2019,1,6,6.39,-2.12,0
"Torrecuso",2019,1,7,5.33,2.12,3.1
"Torrecuso",2019,1,8,6.66,-0.37,0
"Torrecuso",2019,1,9,5.66,4.17,6.3
"Torrecuso",2019,1,10,5.89,2.22,0
"Torrecuso",2019,1,11,4.76,-0.23,0
"Torrecuso",2019,1,12,7.49,-0.05,0
"Torrecuso",2019,1,13,5.96,-2.42,0
"Torrecuso",2019,1,14,8.76,3.11,7.2
"Torrecuso",2019,1,15,7.78,-0.07,3
"Torrecuso",2019,1,16,11.27,-2.52,0
"Torrecuso",2019,1,17,10.77,0.99,0
"Torrecuso",2019,1,18,12.68,5.94,8.3
"Torrecuso",2019,1,19,8.33,0.86,5.6
"Torrecuso",2019,1,20,8.15,0.85,2.9
"Torrecuso",2019,1,21,6.97,4.29,3.6
"Torrecuso",2019,1,22,7.22,5.38,21.2
"Torrecuso",2019,1,23,7.75,-0.3,4.6
"Torrecuso",2019,1,24,5.78,-0.77,8.9
"Torrecuso",2019,1,25,5.63,4.13,8.5
"Torrecuso",2019,1,26,7.56,-0.21,0
"Torrecuso",2019,1,27,10.27,-1.4,2
"Torrecuso",2019,1,28,9.72,3.58,30.2
"Torrecuso",2019,1,29,6.62,0.64,4.7
"Torrecuso",2019,1,30,6.7,1.98,7.7
"Torrecuso",2019,1,31,8.81,3.02,3.9
"Torrecuso",2019,2,1,13.75,7.02,21.6
"Torrecuso",2019,2,2,16.91,9.61,11.5
"Torrecuso",2019,2,3,10.14,2.96,3
"Torrecuso",2019,2,4,8.32,3.29,12.2
"Torrecuso",2019,2,5,8.76,4.79,0
"Torrecuso",2019,2,6,9.67,5.72,0
"Torrecuso",2019,2,7,13.06,2.97,0
"Torrecuso",2019,2,8,11.13,1.91,0
"Torrecuso",2019,2,9,11.7,-0.76,0
"Torrecuso",2019,2,10,12.35,3.32,0
"Torrecuso",2019,2,11,10.79,2.9,5.7
"Torrecuso",2019,2,12,7.98,2.02,3.7
"Torrecuso",2019,2,13,6.46,3.89,0
"Torrecuso",2019,2,14,14.53,7.18,0
"Torrecuso",2019,2,15,12.42,5.51,2.3
"Torrecuso",2019,2,16,11.98,3.37,0
"Torrecuso",2019,2,17,13.26,-0.92,0
"Torrecuso",2019,2,18,11.57,2.88,0
"Torrecuso",2019,2,19,10.63,1.19,0
"Torrecuso",2019,2,20,12.75,0.18,0
"Torrecuso",2019,2,21,13.91,0.36,0
"Torrecuso",2019,2,22,13.21,0.62,0
"Torrecuso",2019,2,23,6.53,-1.02,0
"Torrecuso",2019,2,24,4.76,2.71,0
"Torrecuso",2019,2,25,8.45,2.43,2.8
"Torrecuso",2019,2,26,13.87,1.36,0
"Torrecuso",2019,2,27,13.4,3.17,0
"Torrecuso",2019,2,28,15.23,0.43,0
"Torrecuso",2019,3,1,13.31,5.65,0
"Torrecuso",2019,3,2,13.97,5,6.8
"Torrecuso",2019,3,3,17.65,2.56,0
"Torrecuso",2019,3,4,14.64,5.39,0
"Torrecuso",2019,3,5,15.62,7.43,0
"Torrecuso",2019,3,6,17.37,3.85,0
"Torrecuso",2019,3,7,19.34,4.84,0
"Torrecuso",2019,3,8,17.82,6.99,0
"Torrecuso",2019,3,9,15.75,8.63,0
"Torrecuso",2019,3,10,12.72,10.5,0
"Torrecuso",2019,3,11,15.02,5.58,6.7
"Torrecuso",2019,3,12,9.22,2.95,8.4
"Torrecuso",2019,3,13,12.66,-1.8,5.5
"Torrecuso",2019,3,14,11.15,4.28,6.3
"Torrecuso",2019,3,15,13.84,3.16,0
"Torrecuso",2019,3,16,14.1,6.41,0
"Torrecuso",2019,3,17,16.85,6.45,0
"Torrecuso",2019,3,18,16.18,6.62,0
"Torrecuso",2019,3,19,14.11,3.48,2.3
"Torrecuso",2019,3,20,8.34,8.46,4.4
"Torrecuso",2019,3,21,13.88,6.19,0
"Torrecuso",2019,3,22,16.76,7.55,0
"Torrecuso",2019,3,23,19.05,6.94,0
"Torrecuso",2019,3,24,20.61,6.45,0
"Torrecuso",2019,3,25,16.49,6.25,0
"Torrecuso",2019,3,26,9.75,4.49,2.6
"Torrecuso",2019,3,27,8.22,8.82,1
"Torrecuso",2019,3,28,11.07,8.62,0
"Torrecuso",2019,3,29,13.87,7.2,0
"Torrecuso",2019,3,30,18.03,3.42,0
"Torrecuso",2019,3,31,19.66,3.82,0
"Torrecuso",2019,4,1,21.61,5.78,0
"Torrecuso",2019,4,2,18.87,6.47,0
"Torrecuso",2019,4,3,14.07,8.53,0
"Torrecuso",2019,4,4,14.64,5.14,5
"Torrecuso",2019,4,5,13.78,4.9,8.8
"Torrecuso",2019,4,6,18.5,5.46,0
"Torrecuso",2019,4,7,13.87,10.08,0
"Torrecuso",2019,4,8,15.54,7.12,0
"Torrecuso",2019,4,9,15.06,9.69,0
"Torrecuso",2019,4,10,15.33,4.97,7.6
"Torrecuso",2019,4,11,11.68,5.32,6.8
"Torrecuso",2019,4,12,13.48,5.27,6.9
"Torrecuso",2019,4,13,11.4,8.08,1.3
"Torrecuso",2019,4,14,13.69,6.45,3.6
"Torrecuso",2019,4,15,13,7.24,1
"Torrecuso",2019,4,16,18.02,4.31,0
"Torrecuso",2019,4,17,18.03,6.35,0
"Torrecuso",2019,4,18,18.14,5.62,0
"Torrecuso",2019,4,19,18.78,8.39,0
"Torrecuso",2019,4,20,20.64,8.4,0
"Torrecuso",2019,4,21,17.01,12.89,0
"Torrecuso",2019,4,22,17.86,13.58,3.7
"Torrecuso",2019,4,23,20.03,9.65,0
"Torrecuso",2019,4,24,24.64,7.96,0
"Torrecuso",2019,4,25,27.87,9.22,0
"Torrecuso",2019,4,26,24.16,11.3,0
"Torrecuso",2019,4,27,19.3,9.03,0
"Torrecuso",2019,4,28,17.17,8.61,0
"Torrecuso",2019,4,29,13.16,5.92,3.5
"Torrecuso",2019,4,30,16.58,4.75,0
"Torrecuso",2019,5,1,16.96,3.52,3.8
"Torrecuso",2019,5,2,18.41,8.1,0
"Torrecuso",2019,5,3,16.66,8.93,0
"Torrecuso",2019,5,4,12.62,9.91,13.5
"Torrecuso",2019,5,5,14.91,6.36,11.3
"Torrecuso",2019,5,6,11.13,5.85,9
"Torrecuso",2019,5,7,14.73,4.44,0
"Torrecuso",2019,5,8,17.91,4.43,0
"Torrecuso",2019,5,9,15.88,8.61,0
"Torrecuso",2019,5,10,20.16,9.93,0
"Torrecuso",2019,5,11,19.83,7.02,0
"Torrecuso",2019,5,12,16.09,9.75,18.6
"Torrecuso",2019,5,13,13.85,8.26,7.1
"Torrecuso",2019,5,14,11.62,9.49,5.9
"Torrecuso",2019,5,15,10.91,8.67,13.9
"Torrecuso",2019,5,16,14.85,8.52,5.2
"Torrecuso",2019,5,17,20.29,5.28,0
"Torrecuso",2019,5,18,19.33,9.04,3.6
"Torrecuso",2019,5,19,16.01,9.11,3.8
"Torrecuso",2019,5,20,14.53,8.8,12.1
"Torrecuso",2019,5,21,16.63,10.59,8.8
"Torrecuso",2019,5,22,19.67,11.18,0
"Torrecuso",2019,5,23,19.55,9.64,0
"Torrecuso",2019,5,24,19.85,9.38,0
"Torrecuso",2019,5,25,21.17,10.05,3.2
"Torrecuso",2019,5,26,14.95,12.75,8.3
"Torrecuso",2019,5,27,16.01,13.26,30.1
"Torrecuso",2019,5,28,18.5,13.18,4.8
"Torrecuso",2019,5,29,18.39,12.1,0
"Torrecuso",2019,5,30,18.31,10.75,0
"Torrecuso",2019,5,31,18.05,10.93,6.1
"Torrecuso",2019,6,1,20.58,10.09,3.2
"Torrecuso",2019,6,2,21.81,13.97,12.5
"Torrecuso",2019,6,3,23.05,14.99,0
"Torrecuso",2019,6,4,22.47,16.96,0
"Torrecuso",2019,6,5,23.63,16.41,0
"Torrecuso",2019,6,6,26.92,14.46,0
"Torrecuso",2019,6,7,29.48,13.5,0
"Torrecuso",2019,6,8,30.25,16.52,0
"Torrecuso",2019,6,9,32.11,16.52,0
"Torrecuso",2019,6,10,33.3,17.38,0
"Torrecuso",2019,6,11,31.63,15.95,0
"Torrecuso",2019,6,12,33.54,14.67,0
"Torrecuso",2019,6,13,30.64,14.79,0
"Torrecuso",2019,6,14,34.03,18.09,0
"Torrecuso",2019,6,15,31.45,19.15,0
"Torrecuso",2019,6,16,29.16,15.86,0
"Torrecuso",2019,6,17,30.06,12.55,0
"Torrecuso",2019,6,18,31.05,17.27,0
"Torrecuso",2019,6,19,28.78,15.93,0
"Torrecuso",2019,6,20,28.48,15.99,0
"Torrecuso",2019,6,21,30.36,16.35,0
"Torrecuso",2019,6,22,31.38,16.12,0
"Torrecuso",2019,6,23,30.31,17.74,0
"Torrecuso",2019,6,24,28.81,18.13,0
"Torrecuso",2019,6,25,28.88,20.15,0
"Torrecuso",2019,6,26,30.87,19.94,0
"Torrecuso",2019,6,27,33.06,20.36,0
"Torrecuso",2019,6,28,34.71,17.28,0
"Torrecuso",2019,6,29,29.15,20.67,0
"Torrecuso",2019,6,30,32.65,16.56,0
"Torrecuso",2019,7,1,32.98,16.21,0
"Torrecuso",2019,7,2,33.39,17.2,0
"Torrecuso",2019,7,3,34.07,18.48,0
"Torrecuso",2019,7,4,33.04,18.21,0
"Torrecuso",2019,7,5,32.55,16.63,0
"Torrecuso",2019,7,6,32.27,19.44,0
"Torrecuso",2019,7,7,30.8,19.23,0
"Torrecuso",2019,7,8,32.04,19.28,0
"Torrecuso",2019,7,9,31.52,21.72,0
"Torrecuso",2019,7,10,30.03,19.82,2.3
"Torrecuso",2019,7,11,27.4,18.04,0
"Torrecuso",2019,7,12,28.07,14.8,6.1
"Torrecuso",2019,7,13,27.54,17.63,6.8
"Torrecuso",2019,7,14,26.37,17.56,0
"Torrecuso",2019,7,15,27.3,14.81,0
"Torrecuso",2019,7,16,24.7,16.11,0
"Torrecuso",2019,7,17,27.88,13.72,0
"Torrecuso",2019,7,18,27.35,12.92,0
"Torrecuso",2019,7,19,30.01,15.87,0
"Torrecuso",2019,7,20,31.38,15.14,0
"Torrecuso",2019,7,21,33.03,16.9,0
"Torrecuso",2019,7,22,33.61,18.66,0
"Torrecuso",2019,7,23,31.89,20.96,0
"Torrecuso",2019,7,24,33.49,19.14,0
"Torrecuso",2019,7,25,35.05,19.25,0
"Torrecuso",2019,7,26,32.83,17.49,0
"Torrecuso",2019,7,27,31.15,18.35,0
"Torrecuso",2019,7,28,24.91,18.55,26.6
"Torrecuso",2019,7,29,26.68,18.14,0
"Torrecuso",2019,7,30,27.43,16.67,0
"Torrecuso",2019,7,31,30.12,18.01,0
"Torrecuso",2019,8,1,31.76,17.39,0
"Torrecuso",2019,8,2,31.31,15.81,0
"Torrecuso",2019,8,3,31.64,16.56,0
"Torrecuso",2019,8,4,31.14,19.51,0
"Torrecuso",2019,8,5,31.56,16.39,0
"Torrecuso",2019,8,6,31.29,15.55,0
"Torrecuso",2019,8,7,33.14,15.82,0
"Torrecuso",2019,8,8,33.46,15.72,0
"Torrecuso",2019,8,9,34.35,19.59,0
"Torrecuso",2019,8,10,33.84,19.16,0
"Torrecuso",2019,8,11,36.56,19.64,0
"Torrecuso",2019,8,12,37.14,20.33,0
"Torrecuso",2019,8,13,34.65,20.18,0
"Torrecuso",2019,8,14,30.49,21.96,0
"Torrecuso",2019,8,15,29.84,18.41,0
"Torrecuso",2019,8,16,30.01,14.72,0
"Torrecuso",2019,8,17,30.47,17.57,0
"Torrecuso",2019,8,18,32.95,16.31,0
"Torrecuso",2019,8,19,33.27,16.93,0
"Torrecuso",2019,8,20,34.49,17.19,0
"Torrecuso",2019,8,21,32.7,17.71,0
"Torrecuso",2019,8,22,34.31,18.19,0
"Torrecuso",2019,8,23,32.53,19.88,18.8
"Torrecuso",2019,8,24,30.52,18.51,7.5
"Torrecuso",2019,8,25,30.33,17.65,23
"Torrecuso",2019,8,26,29.92,17.8,0
"Torrecuso",2019,8,27,30.79,18.26,0
"Torrecuso",2019,8,28,31.12,18.14,0
"Torrecuso",2019,8,29,30.63,17.24,0
"Torrecuso",2019,8,30,31.91,20.66,0
"Torrecuso",2019,8,31,31,19.59,0
"Torrecuso",2019,9,1,27.88,18.02,11.6
"Torrecuso",2019,9,2,26.58,18.61,0
"Torrecuso",2019,9,3,26.6,17.67,0
"Torrecuso",2019,9,4,23.92,17.19,0
"Torrecuso",2019,9,5,28.46,15.27,0
"Torrecuso",2019,9,6,26.49,15.19,0
"Torrecuso",2019,9,7,25.67,14.01,0
"Torrecuso",2019,9,8,25.24,12.41,0
"Torrecuso",2019,9,9,23.16,11.39,1.9
"Torrecuso",2019,9,10,26.88,10.06,0
"Torrecuso",2019,9,11,27.2,16.21,0
"Torrecuso",2019,9,12,27.89,14.23,0
"Torrecuso",2019,9,13,27.36,17.99,0
"Torrecuso",2019,9,14,27.42,15.56,0
"Torrecuso",2019,9,15,29.29,14.81,0
"Torrecuso",2019,9,16,27.61,14.65,0
"Torrecuso",2019,9,17,27.4,13.74,0
"Torrecuso",2019,9,18,28.15,15.4,0
"Torrecuso",2019,9,19,24.32,14.68,8.9
"Torrecuso",2019,9,20,21.51,13.58,0
"Torrecuso",2019,9,21,23.45,10.64,0
"Torrecuso",2019,9,22,22.09,10.63,0
"Torrecuso",2019,9,23,26.18,16.7,23.7
"Torrecuso",2019,9,24,25.11,15.29,0
"Torrecuso",2019,9,25,23.32,12.55,0
"Torrecuso",2019,9,26,25.1,15.67,9.7
"Torrecuso",2019,9,27,26.53,13.95,0
"Torrecuso",2019,9,28,25.7,13.52,0
"Torrecuso",2019,9,29,25.66,15.3,0
"Torrecuso",2019,9,30,24.88,15.71,0
"Torrecuso",2019,10,1,25.46,16.41,0
"Torrecuso",2019,10,2,24.43,15.63,8
"Torrecuso",2019,10,3,20.77,13.71,12.4
"Torrecuso",2019,10,4,19.8,11.37,0
"Torrecuso",2019,10,5,20.64,10.32,1.4
"Torrecuso",2019,10,6,20.79,12.62,0
"Torrecuso",2019,10,7,14.01,12.94,19.1
"Torrecuso",2019,10,8,20.04,12.65,0
"Torrecuso",2019,10,9,21.67,7.87,0
"Torrecuso",2019,10,10,22.86,11.46,0
"Torrecuso",2019,10,11,23.49,13.08,0
"Torrecuso",2019,10,12,22.83,12.49,0
"Torrecuso",2019,10,13,22.11,9.84,0
"Torrecuso",2019,10,14,22.69,10.51,0
"Torrecuso",2019,10,15,22.78,9.32,0
"Torrecuso",2019,10,16,20.09,10.56,0
"Torrecuso",2019,10,17,20.19,8.09,0
"Torrecuso",2019,10,18,20.75,8.73,0
"Torrecuso",2019,10,19,21.46,9.06,0
"Torrecuso",2019,10,20,22.95,7.9,0
"Torrecuso",2019,10,21,24.63,10.98,0
"Torrecuso",2019,10,22,26.03,12.2,0
"Torrecuso",2019,10,23,25.81,11.69,0
"Torrecuso",2019,10,24,23.43,9.24,0
"Torrecuso",2019,10,25,21.76,16.37,0
"Torrecuso",2019,10,26,22,14.41,0
"Torrecuso",2019,10,27,24.62,10.99,0
"Torrecuso",2019,10,28,22.11,7.59,0
"Torrecuso",2019,10,29,21.88,7.59,0
"Torrecuso",2019,10,30,19.24,9.72,0
"Torrecuso",2019,10,31,20.01,9.75,0
"Torrecuso",2019,11,1,17.12,14.13,3.7
"Torrecuso",2019,11,2,17.89,11.37,5.3
"Torrecuso",2019,11,3,19.07,14.07,77.8
"Torrecuso",2019,11,4,17.36,13.58,16.5
"Torrecuso",2019,11,5,19.86,13.77,40.2
"Torrecuso",2019,11,6,14.67,9.8,23.1
"Torrecuso",2019,11,7,14.82,6.26,0
"Torrecuso",2019,11,8,16.48,4.92,16.4
"Torrecuso",2019,11,9,11.47,8.64,23
"Torrecuso",2019,11,10,13.14,6.94,0.6
"Torrecuso",2019,11,11,16.57,8.83,0
"Torrecuso",2019,11,12,16.34,12.17,6
"Torrecuso",2019,11,13,13.87,9,19
"Torrecuso",2019,11,14,14.53,6.57,0.9
"Torrecuso",2019,11,15,18.01,5.82,0
"Torrecuso",2019,11,16,17.76,12.67,0
"Torrecuso",2019,11,17,18.5,10.68,24.5
"Torrecuso",2019,11,18,15.28,6.17,0
"Torrecuso",2019,11,19,12.04,8.67,0
"Torrecuso",2019,11,20,13.5,8.82,2.5
"Torrecuso",2019,11,21,11.73,4.51,0
"Torrecuso",2019,11,22,14.51,5.2,0
"Torrecuso",2019,11,23,18.33,4.73,0
"Torrecuso",2019,11,24,13.88,11.62,23
"Torrecuso",2019,11,25,14.04,10.73,2.9
"Torrecuso",2019,11,26,17.23,7.84,0
"Torrecuso",2019,11,27,15.58,9.22,2.5
"Torrecuso",2019,11,28,15.05,9.91,8.4
"Torrecuso",2019,11,29,14.14,9.36,13.7
"Torrecuso",2019,11,30,15.53,8.21,0
"Torrecuso",2019,12,1,14.37,4.66,0
"Torrecuso",2019,12,2,17.43,7.27,0
"Torrecuso",2019,12,3,12.35,8.86,0
"Torrecuso",2019,12,4,8.79,4.45,0
"Torrecuso",2019,12,5,12.92,5.37,0
"Torrecuso",2019,12,6,11.68,9.07,2.8
"Torrecuso",2019,12,7,14,9.61,0
"Torrecuso",2019,12,8,14.57,7.94,0
"Torrecuso",2019,12,9,14.04,5.26,4
"Torrecuso",2019,12,10,9.42,6.25,2.8
"Torrecuso",2019,12,11,9.69,2.31,0
"Torrecuso",2019,12,12,7.13,1.49,0
"Torrecuso",2019,12,13,13.23,0.99,30
"Torrecuso",2019,12,14,12.44,2.89,0
"Torrecuso",2019,12,15,12.4,2.73,0
"Torrecuso",2019,12,16,17.23,6.28,0
"Torrecuso",2019,12,17,16.7,4.79,0
"Torrecuso",2019,12,18,14.09,8.94,0
"Torrecuso",2019,12,19,10.25,10.31,36
"Torrecuso",2019,12,20,14.17,9.08,6
"Torrecuso",2019,12,21,15.59,13.09,49
"Torrecuso",2019,12,22,14.81,9.74,40.9
"Torrecuso",2019,12,23,13.35,2.68,4.7
"Torrecuso",2019,12,24,11.7,0.95,0
"Torrecuso",2019,12,25,13.1,1.73,0
"Torrecuso",2019,12,26,12.37,1.58,0
"Torrecuso",2019,12,27,11.33,0.93,0
"Torrecuso",2019,12,28,7.37,2.73,0
"Torrecuso",2019,12,29,6.14,3.88,0.9
"Torrecuso",2019,12,30,5.97,4.85,0
"Torrecuso",2019,12,31,9.42,1.85,0
"Torrecuso",2020,1,1,13.42,3.34,0
"Torrecuso",2020,1,2,12.82,3.85,0
"Torrecuso",2020,1,3,10.91,-0.59,0
"Torrecuso",2020,1,4,9.54,0.19,0
"Torrecuso",2020,1,5,10.61,1.5,0
"Torrecuso",2020,1,6,7.15,5.19,0
"Torrecuso",2020,1,7,10.55,2.62,0
"Torrecuso",2020,1,8,11.84,3.63,0
"Torrecuso",2020,1,9,10.88,0.42,0
"Torrecuso",2020,1,10,12.01,-0.86,0
"Torrecuso",2020,1,11,11.64,0.55,0
"Torrecuso",2020,1,12,11.47,6.13,0
"Torrecuso",2020,1,13,12.13,2.77,0
"Torrecuso",2020,1,14,11.76,-0.47,0
"Torrecuso",2020,1,15,12.49,-1.29,0
"Torrecuso",2020,1,16,13.07,-0.1,0
"Torrecuso",2020,1,17,10.86,-1.09,0
"Torrecuso",2020,1,18,8.45,-2.1,5.1
"Torrecuso",2020,1,19,9.55,3.38,0
"Torrecuso",2020,1,20,6.6,7.78,0
"Torrecuso",2020,1,21,9.93,5.31,0
"Torrecuso",2020,1,22,12.99,2.33,0
"Torrecuso",2020,1,23,14.53,1.44,0
"Torrecuso",2020,1,24,13.2,0.32,0
"Torrecuso",2020,1,25,12.22,3.6,0
"Torrecuso",2020,1,26,8.67,2.72,2.8
"Torrecuso",2020,1,27,11.57,7.8,0
"Torrecuso",2020,1,28,13.27,9.77,3.4
"Torrecuso",2020,1,29,13.73,6.74,0.8
"Torrecuso",2020,1,30,12.77,4.82,0
"Torrecuso",2020,1,31,11.39,6.02,0
"Torrecuso",2020,2,1,11.41,9.63,0
"Torrecuso",2020,2,2,12.33,9.76,0
"Torrecuso",2020,2,3,15.54,12.66,0
"Torrecuso",2020,2,4,14.47,4.47,11.3
"Torrecuso",2020,2,5,4.74,2.93,8.4
"Torrecuso",2020,2,6,5.94,1.88,0
"Torrecuso",2020,2,7,10.17,-1.11,0
"Torrecuso",2020,2,8,12.55,-1.66,0
"Torrecuso",2020,2,9,11.88,-1.61,0
"Torrecuso",2020,2,10,11.72,7.84,1.5
"Torrecuso",2020,2,11,14.74,12.67,0
"Torrecuso",2020,2,12,15.22,5.44,0
"Torrecuso",2020,2,13,13.17,3.16,0
"Torrecuso",2020,2,14,12.32,7.42,14.1
"Torrecuso",2020,2,15,13.73,6.24,0
"Torrecuso",2020,2,16,15.11,0.93,0
"Torrecuso",2020,2,17,14.65,-0.01,0
"Torrecuso",2020,2,18,14.62,4.23,0
"Torrecuso",2020,2,19,12.61,4.4,1.7
"Torrecuso",2020,2,20,11.47,2.33,0
"Torrecuso",2020,2,21,13.75,-0.2,0
"Torrecuso",2020,2,22,12.84,3.32,0
"Torrecuso",2020,2,23,14.76,1.3,0
"Torrecuso",2020,2,24,15.51,10.98,0
"Torrecuso",2020,2,25,15.24,11.5,0
"Torrecuso",2020,2,26,13.27,4.98,1.9
"Torrecuso",2020,2,27,11.62,2.53,3.9
"Torrecuso",2020,2,28,13.08,5.54,11.8
"Torrecuso",2020,2,29,14.23,1.35,0
"Torrecuso",2020,3,1,16.22,6.41,9
"Torrecuso",2020,3,2,16.11,10.14,5.3
"Torrecuso",2020,3,3,13.24,4.16,11.5
"Torrecuso",2020,3,4,12.02,2.88,3.3
"Torrecuso",2020,3,5,13.25,3.32,0
"Torrecuso",2020,3,6,14.05,7.09,14
"Torrecuso",2020,3,7,12.29,5.25,4
"Torrecuso",2020,3,8,12.17,6.16,1.6
"Torrecuso",2020,3,9,12.09,1.69,0
"Torrecuso",2020,3,10,14.26,3.55,0
"Torrecuso",2020,3,11,17.3,0.9,0
"Torrecuso",2020,3,12,18.41,6.02,0
"Torrecuso",2020,3,13,15.95,6.94,0
"Torrecuso",2020,3,14,17.53,7.49,0
"Torrecuso",2020,3,15,12.9,7.09,0
"Torrecuso",2020,3,16,14.64,4.23,0
"Torrecuso",2020,3,17,16.89,3.56,0
"Torrecuso",2020,3,18,17.85,5.35,0
"Torrecuso",2020,3,19,20.26,5.43,0
"Torrecuso",2020,3,20,19.3,4.44,0
"Torrecuso",2020,3,21,17.93,3.86,0
"Torrecuso",2020,3,22,14.68,5.89,0
"Torrecuso",2020,3,23,7.76,2.26,0
"Torrecuso",2020,3,24,5.53,-0.93,0
"Torrecuso",2020,3,25,2.72,-1.73,9.2
"Torrecuso",2020,3,26,9.64,4.72,15.2
"Torrecuso",2020,3,27,11.93,8.56,7
"Torrecuso",2020,3,28,14.68,8.47,3.8
"Torrecuso",2020,3,29,16.06,5.81,0
"Torrecuso",2020,3,30,17.12,4.26,0
"Torrecuso",2020,3,31,10.72,1.36,9.1
"Torrecuso",2020,4,1,7.92,0.42,5.4
"Torrecuso",2020,4,2,12.57,-1.24,0
"Torrecuso",2020,4,3,13.42,4.36,0
"Torrecuso",2020,4,4,15.54,4.86,0
"Torrecuso",2020,4,5,15.89,9.28,0
"Torrecuso",2020,4,6,17.05,5.69,0
"Torrecuso",2020,4,7,18.59,6.68,0
"Torrecuso",2020,4,8,19.01,5.81,0
"Torrecuso",2020,4,9,20.12,4.43,0
"Torrecuso",2020,4,10,21.32,3.58,0
"Torrecuso",2020,4,11,21.88,4.58,0
"Torrecuso",2020,4,12,22.03,5.02,0
"Torrecuso",2020,4,13,20.93,6.94,0
"Torrecuso",2020,4,14,18.68,7.35,5.9
"Torrecuso",2020,4,15,13.4,5.65,0
"Torrecuso",2020,4,16,19.3,2.17,0
"Torrecuso",2020,4,17,21.28,4.23,0
"Torrecuso",2020,4,18,21.76,6.96,0
"Torrecuso",2020,4,19,24.22,13.13,0
"Torrecuso",2020,4,20,13.04,9.43,18.6
"Torrecuso",2020,4,21,16.49,12.22,3.5
"Torrecuso",2020,4,22,14.05,11.36,18.3
"Torrecuso",2020,4,23,14.25,9.7,2.3
"Torrecuso",2020,4,24,20.39,6.83,0
"Torrecuso",2020,4,25,19.2,8.92,0
"Torrecuso",2020,4,26,19.15,9.44,0
"Torrecuso",2020,4,27,20.63,6.69,0
"Torrecuso",2020,4,28,18.43,8.83,0
"Torrecuso",2020,4,29,18.97,12.99,0
"Torrecuso",2020,4,30,19.59,9.66,0
"Torrecuso",2020,5,1,19.16,12.28,0
"Torrecuso",2020,5,2,20.73,12.27,0
"Torrecuso",2020,5,3,21.3,10.28,10.8
"Torrecuso",2020,5,4,21.03,8.55,0
"Torrecuso",2020,5,5,22.62,6.82,0
"Torrecuso",2020,5,6,24.11,11.74,0
"Torrecuso",2020,5,7,18.95,10.54,0
"Torrecuso",2020,5,8,24.9,7.15,0
"Torrecuso",2020,5,9,23.6,7.36,0
"Torrecuso",2020,5,10,24.57,11.34,0
"Torrecuso",2020,5,11,22.05,8.2,0
"Torrecuso",2020,5,12,23.12,13.16,0
"Torrecuso",2020,5,13,29.06,10.33,0
"Torrecuso",2020,5,14,28.78,18.21,0
"Torrecuso",2020,5,15,23.9,14.07,0
"Torrecuso",2020,5,16,27.57,12.19,0
"Torrecuso",2020,5,17,23.36,15.7,0
"Torrecuso",2020,5,18,26.2,15.95,0
"Torrecuso",2020,5,19,24.81,15.14,0
"Torrecuso",2020,5,20,16.72,12.6,21.8
"Torrecuso",2020,5,21,20.86,14.09,5.8
"Torrecuso",2020,5,22,23.73,10.81,0
"Torrecuso",2020,5,23,24.85,8.66,0
"Torrecuso",2020,5,24,24.8,13.11,0
"Torrecuso",2020,5,25,23.01,14.34,0
"Torrecuso",2020,5,26,20.8,10.67,0
"Torrecuso",2020,5,27,20.11,12.5,0
"Torrecuso",2020,5,28,22.82,8.62,0
"Torrecuso",2020,5,29,22.22,7.58,6.9
"Torrecuso",2020,5,30,16.73,10.71,8.7
"Torrecuso",2020,5,31,21.19,8.45,3.3
"Torrecuso",2020,6,1,20.45,12.34,0
"Torrecuso",2020,6,2,23.22,9.12,0
"Torrecuso",2020,6,3,24.02,11.74,0
"Torrecuso",2020,6,4,24.71,12.98,0
"Torrecuso",2020,6,5,20.55,12.75,18
"Torrecuso",2020,6,6,23.75,12.71,0
"Torrecuso",2020,6,7,23.02,15.19,0
"Torrecuso",2020,6,8,23.44,15.62,0.5
"Torrecuso",2020,6,9,23.93,14.39,0
"Torrecuso",2020,6,10,21.73,12.08,0
"Torrecuso",2020,6,11,20.19,11.67,4.5
"Torrecuso",2020,6,12,24.47,10.27,0
"Torrecuso",2020,6,13,26.63,10.83,0
"Torrecuso",2020,6,14,23.99,15.41,0
"Torrecuso",2020,6,15,24.15,15.31,5
"Torrecuso",2020,6,16,22.1,15.71,25.5
"Torrecuso",2020,6,17,24.15,15.33,0
"Torrecuso",2020,6,18,23.95,14.54,0
"Torrecuso",2020,6,19,24.05,12.16,0
"Torrecuso",2020,6,20,28.04,13.96,0
"Torrecuso",2020,6,21,25.42,15.06,5.1
"Torrecuso",2020,6,22,23.05,14.61,0
"Torrecuso",2020,6,23,27.65,17.56,0
"Torrecuso",2020,6,24,30.01,16.07,0
"Torrecuso",2020,6,25,29.15,13.58,0
"Torrecuso",2020,6,26,30.43,15.06,0
"Torrecuso",2020,6,27,31.79,15.33,0
"Torrecuso",2020,6,28,31.55,15.89,0
"Torrecuso",2020,6,29,29.32,16.36,0
"Torrecuso",2020,6,30,29.64,18,0
"Torrecuso",2020,7,1,30.92,18.95,0
"Torrecuso",2020,7,2,31.8,17.48,0
"Torrecuso",2020,7,3,30.63,15.66,0
"Torrecuso",2020,7,4,27.54,18.44,4.1
"Torrecuso",2020,7,5,28.73,16.98,0
"Torrecuso",2020,7,6,30.22,17.62,0
"Torrecuso",2020,7,7,27.18,15.74,0
"Torrecuso",2020,7,8,30.36,17.87,0
"Torrecuso",2020,7,9,33.33,17.88,0
"Torrecuso",2020,7,10,33.07,16.68,0
"Torrecuso",2020,7,11,31.32,16.65,0
"Torrecuso",2020,7,12,30.93,17.89,0
"Torrecuso",2020,7,13,26.45,19.87,0
"Torrecuso",2020,7,14,28.7,15.52,0
"Torrecuso",2020,7,15,27.89,12.56,0
"Torrecuso",2020,7,16,28.32,15,0
"Torrecuso",2020,7,17,27.16,16.23,7.8
"Torrecuso",2020,7,18,25.46,16.86,9.4
"Torrecuso",2020,7,19,27.26,16.4,0
"Torrecuso",2020,7,20,30.57,13.98,0
"Torrecuso",2020,7,21,33.21,15.44,0
"Torrecuso",2020,7,22,33.64,15.88,0
"Torrecuso",2020,7,23,31.09,17.35,0
"Torrecuso",2020,7,24,30.48,18.29,0
"Torrecuso",2020,7,25,30.14,18.01,0
"Torrecuso",2020,7,26,31.61,17.12,0
"Torrecuso",2020,7,27,34.47,16.64,0
"Torrecuso",2020,7,28,34.83,17.51,0
"Torrecuso",2020,7,29,34.81,17.85,0
"Torrecuso",2020,7,30,36.25,20.63,0
"Torrecuso",2020,7,31,36.28,20.74,0
"Torrecuso",2020,8,1,34.05,21.59,21
"Torrecuso",2020,8,2,34.07,18.8,0
"Torrecuso",2020,8,3,32.47,18.35,0
"Torrecuso",2020,8,4,28,15.32,0
"Torrecuso",2020,8,5,24.33,15.79,9.1
"Torrecuso",2020,8,6,26,17.31,8.5
"Torrecuso",2020,8,7,27.52,19.06,0
"Torrecuso",2020,8,8,27.94,17.44,0
"Torrecuso",2020,8,9,31.06,20.06,0
"Torrecuso",2020,8,10,33.46,18.11,2.6
"Torrecuso",2020,8,11,33.21,17.03,0
"Torrecuso",2020,8,12,32.11,17.98,0
"Torrecuso",2020,8,13,32.95,18.06,0
"Torrecuso",2020,8,14,32.57,17.23,0
"Torrecuso",2020,8,15,31.41,20.49,0
"Torrecuso",2020,8,16,32.43,21.01,0
"Torrecuso",2020,8,17,31.35,16.67,0
"Torrecuso",2020,8,18,29.38,19.44,0
"Torrecuso",2020,8,19,30.96,17.49,0
"Torrecuso",2020,8,20,33.45,17.41,0
"Torrecuso",2020,8,21,34.17,18.9,0
"Torrecuso",2020,8,22,32.6,18.25,0
"Torrecuso",2020,8,23,31.52,16.74,0
"Torrecuso",2020,8,24,29.71,19.72,0
"Torrecuso",2020,8,25,31.77,18.04,0
"Torrecuso",2020,8,26,30.54,17.7,0
"Torrecuso",2020,8,27,30.69,19.39,0
"Torrecuso",2020,8,28,30.36,18.79,0
"Torrecuso",2020,8,29,33.92,16.22,0
"Torrecuso",2020,8,30,32.68,16.58,0
"Torrecuso",2020,8,31,30.26,15.87,9.6
"Torrecuso",2020,9,1,25.28,11.51,0
"Torrecuso",2020,9,2,27.2,13.76,0
"Torrecuso",2020,9,3,28.3,17.68,0
"Torrecuso",2020,9,4,28.41,16.96,0
"Torrecuso",2020,9,5,29.97,13.96,0
"Torrecuso",2020,9,6,29.15,12.38,0
"Torrecuso",2020,9,7,30.89,13.22,0
"Torrecuso",2020,9,8,30.14,21.49,0
"Torrecuso",2020,9,9,32.57,17.82,0
"Torrecuso",2020,9,10,32.2,16.07,0
"Torrecuso",2020,9,11,31.88,18.44,0
"Torrecuso",2020,9,12,31.96,18.98,0
"Torrecuso",2020,9,13,31.47,20.31,0
"Torrecuso",2020,9,14,31.56,20.6,0
"Torrecuso",2020,9,15,30.95,17.63,0
"Torrecuso",2020,9,16,30.73,17.78,0
"Torrecuso",2020,9,17,24.26,18.35,0
"Torrecuso",2020,9,18,30.2,15.82,0
"Torrecuso",2020,9,19,29.96,16.67,0
"Torrecuso",2020,9,20,28.42,14.73,0
"Torrecuso",2020,9,21,25.61,16.06,0
"Torrecuso",2020,9,22,24.81,14.24,5.5
"Torrecuso",2020,9,23,25.9,14.08,13.4
"Torrecuso",2020,9,24,24.35,13.53,3.5
"Torrecuso",2020,9,25,24.98,13.03,20.9
"Torrecuso",2020,9,26,17.55,9.17,19.4
"Torrecuso",2020,9,27,18,10.8,41.6
"Torrecuso",2020,9,28,16.96,10.51,6.7
"Torrecuso",2020,9,29,19.57,9.94,0
"Torrecuso",2020,9,30,20.64,7.5,0
"Torrecuso",2020,10,1,20.21,11.87,0
"Torrecuso",2020,10,2,22.89,11.4,0
"Torrecuso",2020,10,3,27.92,12.6,0
"Torrecuso",2020,10,4,21.61,12.5,0
"Torrecuso",2020,10,5,21.55,13.93,0
"Torrecuso",2020,10,6,20.44,11.56,0
"Torrecuso",2020,10,7,15.35,11.57,36.4
"Torrecuso",2020,10,8,19.84,11.22,0
"Torrecuso",2020,10,9,22.31,9.33,0
"Torrecuso",2020,10,10,20.61,8.22,0
"Torrecuso",2020,10,11,18.51,11.22,6.3
"Torrecuso",2020,10,12,16.03,11.55,10.4
"Torrecuso",2020,10,13,15.91,8.12,0
"Torrecuso",2020,10,14,18.81,8.99,2.8
"Torrecuso",2020,10,15,17.85,10.97,32.5
"Torrecuso",2020,10,16,16.96,7.05,3.9
"Torrecuso",2020,10,17,15.93,7.99,0
"Torrecuso",2020,10,18,19.12,7.71,0
"Torrecuso",2020,10,19,19.28,8.25,0
"Torrecuso",2020,10,20,20.09,6.2,0
"Torrecuso",2020,10,21,18.93,5.32,0
"Torrecuso",2020,10,22,19.71,6.44,0
"Torrecuso",2020,10,23,19.99,5.74,0
"Torrecuso",2020,10,24,15.63,13.17,18.6
"Torrecuso",2020,10,25,17.7,12.18,0
"Torrecuso",2020,10,26,18.08,10.65,0
"Torrecuso",2020,10,27,16.23,9.36,7.8
"Torrecuso",2020,10,28,16.3,8.55,1.2
"Torrecuso",2020,10,29,16.59,7.33,0
"Torrecuso",2020,10,30,19.65,9.56,0
"Torrecuso",2020,10,31,19.27,7.51,0
"Torrecuso",2020,11,1,17.02,10.23,0
"Torrecuso",2020,11,2,17.93,7.68,0
"Torrecuso",2020,11,3,17.98,5.45,0
"Torrecuso",2020,11,4,19.28,6.95,0
"Torrecuso",2020,11,5,15.72,11.22,0
"Torrecuso",2020,11,6,16.37,13.79,0
"Torrecuso",2020,11,7,18.3,9.01,0
"Torrecuso",2020,11,8,18.41,6.38,0
"Torrecuso",2020,11,9,19.87,5.38,0
"Torrecuso",2020,11,10,20.71,5.26,0
"Torrecuso",2020,11,11,18.65,4.73,0
"Torrecuso",2020,11,12,17.47,5.21,0
"Torrecuso",2020,11,13,17.82,9.64,0
"Torrecuso",2020,11,14,17.53,9.26,2.1
"Torrecuso",2020,11,15,18,9.24,0
"Torrecuso",2020,11,16,15.76,7.69,20.3
"Torrecuso",2020,11,17,13.63,13.09,20.2
"Torrecuso",2020,11,18,15.78,10.6,0
"Torrecuso",2020,11,19,17.34,6.54,0
"Torrecuso",2020,11,20,10.56,7.57,36.6
"Torrecuso",2020,11,21,7.88,7.48,10
"Torrecuso",2020,11,22,7.83,7.04,0
"Torrecuso",2020,11,23,14.47,10.41,0
"Torrecuso",2020,11,24,12.07,11.79,0
"Torrecuso",2020,11,25,13.49,10.48,0
"Torrecuso",2020,11,26,14.88,7.03,0
"Torrecuso",2020,11,27,13.43,3.83,0
"Torrecuso",2020,11,28,13.38,6.02,3.5
"Torrecuso",2020,11,29,10.89,10.7,9.1
"Torrecuso",2020,11,30,10.35,4.65,0
"Torrecuso",2020,12,1,11.9,4.31,1.8
"Torrecuso",2020,12,2,12.51,8.12,29.7
"Torrecuso",2020,12,3,9.93,5.92,12.3
"Torrecuso",2020,12,4,10.39,5.69,0
"Torrecuso",2020,12,5,17.27,10.52,0
"Torrecuso",2020,12,6,16.24,9.69,38.5
"Torrecuso",2020,12,7,10.9,5.46,8.4
"Torrecuso",2020,12,8,12.63,7.59,35.3
"Torrecuso",2020,12,9,9.89,8.54,9.3
"Torrecuso",2020,12,10,8.36,5.48,0
"Torrecuso",2020,12,11,7.48,6.36,5.2
"Torrecuso",2020,12,12,11.12,4.51,0
"Torrecuso",2020,12,13,11.85,5.98,0
"Torrecuso",2020,12,14,13.61,5.5,0
"Torrecuso",2020,12,15,11.13,1.48,0
"Torrecuso",2020,12,16,12.59,0.29,0
"Torrecuso",2020,12,17,12.01,0.5,0
"Torrecuso",2020,12,18,12.82,0.09,0
"Torrecuso",2020,12,19,10.93,1.88,0
"Torrecuso",2020,12,20,13.46,2.59,0
"Torrecuso",2020,12,21,12.06,4.2,0
"Torrecuso",2020,12,22,11.33,4.36,0
"Torrecuso",2020,12,23,11.18,3.96,0
"Torrecuso",2020,12,24,13.18,11.19,0
"Torrecuso",2020,12,25,12.57,7.3,6.1
"Torrecuso",2020,12,26,5.12,5.18,7
"Torrecuso",2020,12,27,7.78,5.63,1.5
"Torrecuso",2020,12,28,11.89,6.35,31.7
"Torrecuso",2020,12,29,12.64,7.14,29.4
"Torrecuso",2020,12,30,10.53,5.72,18.4
"Torrecuso",2020,12,31,8.97,2.06,5.8
"Torrecuso",2021,1,1,9.48,0.09,4.1
"Torrecuso",2021,1,2,11.11,5.05,11
"Torrecuso",2021,1,3,7.84,3.12,11.7
"Torrecuso",2021,1,4,8.47,0.64,7.1
"Torrecuso",2021,1,5,7,-0.01,31.3
"Torrecuso",2021,1,6,6.74,4.47,20.7
"Torrecuso",2021,1,7,7.49,3.36,6.2
"Torrecuso",2021,1,8,7.94,5.51,7.1
"Torrecuso",2021,1,9,5.7,5.41,16.2
"Torrecuso",2021,1,10,7.42,5.34,17.7
"Torrecuso",2021,1,11,5.32,5.25,0
"Torrecuso",2021,1,12,7.34,1.12,0
"Torrecuso",2021,1,13,9.94,1.18,0
"Torrecuso",2021,1,14,10.11,-0.45,0
"Torrecuso",2021,1,15,5.29,3.7,0
"Torrecuso",2021,1,16,3.7,0.43,0
"Torrecuso",2021,1,17,2.53,-2.28,5.1
"Torrecuso",2021,1,18,6.41,-0.58,2.3
"Torrecuso",2021,1,19,9.65,-2.61,0
"Torrecuso",2021,1,20,11.29,4.89,0
"Torrecuso",2021,1,21,14.89,7.91,0
"Torrecuso",2021,1,22,12.86,11.23,10.2
"Torrecuso",2021,1,23,11.87,7.69,16
"Torrecuso",2021,1,24,10.93,7.83,41.4
"Torrecuso",2021,1,25,10.88,2.04,11.6
"Torrecuso",2021,1,26,6.25,-0.85,0
"Torrecuso",2021,1,27,7.44,-3.16,0
"Torrecuso",2021,1,28,9.75,-1.81,0
"Torrecuso",2021,1,29,13.17,8.39,2.6
"Torrecuso",2021,1,30,13.85,7.02,0
"Torrecuso",2021,1,31,11.48,7.52,27.3
"Torrecuso",2021,2,1,11.49,7.02,1.4
"Torrecuso",2021,2,2,13.53,4.44,0
"Torrecuso",2021,2,3,12.29,2.52,0
"Torrecuso",2021,2,4,17.32,7.03,0
"Torrecuso",2021,2,5,18.41,4.74,0
"Torrecuso",2021,2,6,20.47,3.62,0
"Torrecuso",2021,2,7,17.67,5.01,28.4
"Torrecuso",2021,2,8,10.72,9.82,3.2
"Torrecuso",2021,2,9,11.54,10.34,23.1
"Torrecuso",2021,2,10,12.81,9.35,48.4
"Torrecuso",2021,2,11,12.83,6.93,4.2
"Torrecuso",2021,2,12,6.12,4.85,1.5
"Torrecuso",2021,2,13,1.89,0.23,18.4
"Torrecuso",2021,2,14,0.34,-0.03,1.8
"Torrecuso",2021,2,15,4.37,-1.77,0
"Torrecuso",2021,2,16,8.41,-4.23,0
"Torrecuso",2021,2,17,8.49,-0.42,0
"Torrecuso",2021,2,18,13.75,2.29,0
"Torrecuso",2021,2,19,13.71,1.03,0
"Torrecuso",2021,2,20,14.53,3.03,0
"Torrecuso",2021,2,21,16.65,4.27,0
"Torrecuso",2021,2,22,17.46,3.57,0
"Torrecuso",2021,2,23,19.16,4.23,0
"Torrecuso",2021,2,24,21.35,7.26,0
"Torrecuso",2021,2,25,21.24,6.33,0
"Torrecuso",2021,2,26,20.85,5.23,0
"Torrecuso",2021,2,27,13.33,7.72,0
"Torrecuso",2021,2,28,13.1,6.95,0
"Torrecuso",2021,3,1,13.26,2.35,0
"Torrecuso",2021,3,2,14.46,3.02,0
"Torrecuso",2021,3,3,16.67,2.07,0
"Torrecuso",2021,3,4,13.93,0.15,0
"Torrecuso",2021,3,5,13.35,1.21,0
"Torrecuso",2021,3,6,12.99,5.67,0
"Torrecuso",2021,3,7,12.38,7.11,0
"Torrecuso",2021,3,8,12.93,8.03,6.4
"Torrecuso",2021,3,9,8.16,6.57,52.2
"Torrecuso",2021,3,10,11.3,4.92,5
"Torrecuso",2021,3,11,12.37,1.95,0
"Torrecuso",2021,3,12,13.71,9.02,0
"Torrecuso",2021,3,13,14.46,9.35,6
"Torrecuso",2021,3,14,11.73,5.52,2.6
"Torrecuso",2021,3,15,11.92,0.93,0
"Torrecuso",2021,3,16,11.85,-1.19,2.8
"Torrecuso",2021,3,17,9.46,1.42,0
"Torrecuso",2021,3,18,7.89,2.23,0
"Torrecuso",2021,3,19,6.62,-1.28,0
"Torrecuso",2021,3,20,4.13,2.27,5.3
"Torrecuso",2021,3,21,4.8,3.98,0
"Torrecuso",2021,3,22,7.68,3.95,0
"Torrecuso",2021,3,23,6.23,2.11,0
"Torrecuso",2021,3,24,11.32,1.47,0
"Torrecuso",2021,3,25,15.77,1.35,0
"Torrecuso",2021,3,26,17.11,1.32,0
"Torrecuso",2021,3,27,15.28,4.85,0
"Torrecuso",2021,3,28,20.02,3.85,0
"Torrecuso",2021,3,29,20.5,4.91,0
"Torrecuso",2021,3,30,19.32,5.67,0
"Torrecuso",2021,3,31,20.66,7.53,0
"Torrecuso",2021,4,1,20.42,6.67,0
"Torrecuso",2021,4,2,17.63,11.31,0
"Torrecuso",2021,4,3,16.89,8.76,0
"Torrecuso",2021,4,4,11.79,4.99,0
"Torrecuso",2021,4,5,14.89,3.1,0
"Torrecuso",2021,4,6,14.31,6.9,1.8
"Torrecuso",2021,4,7,7.48,2.96,3.9
"Torrecuso",2021,4,8,11.22,0.38,0
"Torrecuso",2021,4,9,14.86,-0.93,0
"Torrecuso",2021,4,10,15.83,-0.95,0
"Torrecuso",2021,4,11,17.83,4.55,0
"Torrecuso",2021,4,12,15.1,2.86,1.9
"Torrecuso",2021,4,13,12.39,7.72,13.7
"Torrecuso",2021,4,14,11.09,6.04,0
"Torrecuso",2021,4,15,13.66,3.53,0
"Torrecuso",2021,4,16,7.82,6.6,0
"Torrecuso",2021,4,17,11.05,4.19,0
"Torrecuso",2021,4,18,13.67,3.01,2.4
"Torrecuso",2021,4,19,11.6,4.48,4.2
"Torrecuso",2021,4,20,13.08,2.8,6.5
"Torrecuso",2021,4,21,16.12,2.74,0
"Torrecuso",2021,4,22,11.53,6.6,12
"Torrecuso",2021,4,23,14.6,11.89,0
"Torrecuso",2021,4,24,17.46,7.23,0
"Torrecuso",2021,4,25,20.4,3.62,0
"Torrecuso",2021,4,26,21.35,5.42,0
"Torrecuso",2021,4,27,20.48,7.34,0
"Torrecuso",2021,4,28,19.64,12.24,0
"Torrecuso",2021,4,29,21.48,9.75,0
"Torrecuso",2021,4,30,26.33,9.65,0
"Torrecuso",2021,5,1,20.06,11.43,7.4
"Torrecuso",2021,5,2,17.39,11.25,0
"Torrecuso",2021,5,3,17.2,8.72,0
"Torrecuso",2021,5,4,19.23,6.16,1.1
"Torrecuso",2021,5,5,19.19,11.56,0
"Torrecuso",2021,5,6,19.64,10.65,0
"Torrecuso",2021,5,7,20.91,12.47,0
"Torrecuso",2021,5,8,23.06,10.48,0
"Torrecuso",2021,5,9,26.98,10.45,0
"Torrecuso",2021,5,10,26.69,9.3,0
"Torrecuso",2021,5,11,27.2,8.25,0
"Torrecuso",2021,5,12,18.73,12.62,2.2
"Torrecuso",2021,5,13,17.39,11.59,7.5
"Torrecuso",2021,5,14,18.38,9.49,8.7
"Torrecuso",2021,5,15,17.42,10.42,2.8
"Torrecuso",2021,5,16,19.69,12.07,0
"Torrecuso",2021,5,17,21.52,11.91,0
"Torrecuso",2021,5,18,20.05,10.07,0
"Torrecuso",2021,5,19,19.76,11.5,0
"Torrecuso",2021,5,20,18.78,8.84,0
"Torrecuso",2021,5,21,21.22,5.69,0
"Torrecuso",2021,5,22,22.81,8.48,0
"Torrecuso",2021,5,23,26.05,9.74,0
"Torrecuso",2021,5,24,31.48,11.6,0
"Torrecuso",2021,5,25,23.35,13.44,0
"Torrecuso",2021,5,26,22.36,12.01,0
"Torrecuso",2021,5,27,23.16,10,0
"Torrecuso",2021,5,28,26.48,10.86,0
"Torrecuso",2021,5,29,26.46,10.69,0
"Torrecuso",2021,5,30,19.93,13.19,0
"Torrecuso",2021,5,31,21.35,13.08,0
"Torrecuso",2021,6,1,23.72,11.25,0
"Torrecuso",2021,6,2,26.09,8.73,0
"Torrecuso",2021,6,3,29.21,10.94,0
"Torrecuso",2021,6,4,27.42,12.63,0
"Torrecuso",2021,6,5,25.72,11.85,0
"Torrecuso",2021,6,6,23.88,13.67,0
"Torrecuso",2021,6,7,24.01,13.6,15.9
"Torrecuso",2021,6,8,24.17,14.86,6.2
"Torrecuso",2021,6,9,25.11,16.26,0
"Torrecuso",2021,6,10,27.37,14.68,0
"Torrecuso",2021,6,11,26.34,14.32,10.5
"Torrecuso",2021,6,12,26.77,14.53,0
"Torrecuso",2021,6,13,27.65,13.73,0
"Torrecuso",2021,6,14,28.17,17.56,0
"Torrecuso",2021,6,15,27.63,13.33,0
"Torrecuso",2021,6,16,28.24,12.32,0
"Torrecuso",2021,6,17,29.12,14.25,0
"Torrecuso",2021,6,18,28.62,15.5,0
"Torrecuso",2021,6,19,28.89,16.26,0
"Torrecuso",2021,6,20,30.24,17.2,0
"Torrecuso",2021,6,21,32.53,18.29,0
"Torrecuso",2021,6,22,33.74,18.22,0
"Torrecuso",2021,6,23,35.08,18.15,0
"Torrecuso",2021,6,24,32.54,20.29,0
"Torrecuso",2021,6,25,31.92,19.87,0
"Torrecuso",2021,6,26,31.64,17.71,0
"Torrecuso",2021,6,27,32.55,16.69,0
"Torrecuso",2021,6,28,35.61,18.79,0
"Torrecuso",2021,6,29,33.26,16.99,0
"Torrecuso",2021,6,30,30.75,18.91,0
"Torrecuso",2021,7,1,28.36,17.24,0
"Torrecuso",2021,7,2,28.98,17.16,0
"Torrecuso",2021,7,3,30.44,16.86,0
"Torrecuso",2021,7,4,29.92,18.15,0
"Torrecuso",2021,7,5,30.56,21.01,0
"Torrecuso",2021,7,6,32.11,19,0
"Torrecuso",2021,7,7,34.09,18.85,0
"Torrecuso",2021,7,8,35.84,18.4,0
"Torrecuso",2021,7,9,32.22,17.84,0
"Torrecuso",2021,7,10,31.46,14.19,0
"Torrecuso",2021,7,11,30.62,17.52,0
"Torrecuso",2021,7,12,31.21,17.61,0
"Torrecuso",2021,7,13,32.36,17.25,0
"Torrecuso",2021,7,14,26.15,19.13,0
"Torrecuso",2021,7,15,26.98,17.58,0
"Torrecuso",2021,7,16,26.9,15.23,0
"Torrecuso",2021,7,17,26.27,16.19,23.8
"Torrecuso",2021,7,18,26.43,18.28,8.1
"Torrecuso",2021,7,19,24.94,17.66,1.3
"Torrecuso",2021,7,20,29.83,18.26,0
"Torrecuso",2021,7,21,33.18,17.24,0
"Torrecuso",2021,7,22,32.58,19.23,0
"Torrecuso",2021,7,23,31.71,17.66,0
"Torrecuso",2021,7,24,31.36,19.05,0
"Torrecuso",2021,7,25,32.01,18.23,0
"Torrecuso",2021,7,26,33.62,18.71,0
"Torrecuso",2021,7,27,34.67,17.58,0
"Torrecuso",2021,7,28,35.2,17.41,0
"Torrecuso",2021,7,29,34.57,17.34,0
"Torrecuso",2021,7,30,35.46,18.11,0
"Torrecuso",2021,7,31,34.98,18.75,0
"Torrecuso",2021,8,1,33.89,18.68,0
"Torrecuso",2021,8,2,29.09,18.81,0
"Torrecuso",2021,8,3,28.36,15.8,0
"Torrecuso",2021,8,4,34.26,16.21,0
"Torrecuso",2021,8,5,27.17,19.58,0
"Torrecuso",2021,8,6,28.08,18.34,0
"Torrecuso",2021,8,7,31.72,18.18,0
"Torrecuso",2021,8,8,33.27,16.01,0
"Torrecuso",2021,8,9,34.1,19.98,0
"Torrecuso",2021,8,10,36.43,19.38,0
"Torrecuso",2021,8,11,37.22,22.16,0
"Torrecuso",2021,8,12,36.18,22.09,0
"Torrecuso",2021,8,13,37.86,20.63,0
"Torrecuso",2021,8,14,36.58,20.38,0
"Torrecuso",2021,8,15,36.28,18.87,0
"Torrecuso",2021,8,16,33.65,19.25,0
"Torrecuso",2021,8,17,31.34,17.9,0
"Torrecuso",2021,8,18,30.73,16.1,0
"Torrecuso",2021,8,19,31.65,20.29,0
"Torrecuso",2021,8,20,31.55,17.63,11.8
"Torrecuso",2021,8,21,32.43,17.22,0
"Torrecuso",2021,8,22,32.72,15.89,0
"Torrecuso",2021,8,23,29.19,18.28,0
"Torrecuso",2021,8,24,30.41,16.6,0
"Torrecuso",2021,8,25,30.75,18.25,0
"Torrecuso",2021,8,26,29.18,18.11,0
"Torrecuso",2021,8,27,27.79,16.42,0
"Torrecuso",2021,8,28,27.2,17.6,0
"Torrecuso",2021,8,29,26.86,15.49,0
"Torrecuso",2021,8,30,27.4,14.24,0
"Torrecuso",2021,8,31,28.41,12.43,0
"Torrecuso",2021,9,1,27.77,12.89,0
"Torrecuso",2021,9,2,26.62,17.55,0
"Torrecuso",2021,9,3,27.44,16.77,0
"Torrecuso",2021,9,4,27.69,16.49,15.6
"Torrecuso",2021,9,5,25.99,16.46,0
"Torrecuso",2021,9,6,26.29,16.57,0
"Torrecuso",2021,9,7,26.65,14.45,0
"Torrecuso",2021,9,8,27.07,13.75,0
"Torrecuso",2021,9,9,26.48,11.54,0
"Torrecuso",2021,9,10,27.26,12.58,0
"Torrecuso",2021,9,11,25.55,15.58,0
"Torrecuso",2021,9,12,27.01,12.83,0
"Torrecuso",2021,9,13,28.33,12.98,0
"Torrecuso",2021,9,14,27.65,13.58,0
"Torrecuso",2021,9,15,28.75,13.98,0
"Torrecuso",2021,9,16,27.85,17.2,0
"Torrecuso",2021,9,17,26.28,15.96,30.4
"Torrecuso",2021,9,18,27.02,15.81,0
"Torrecuso",2021,9,19,27.03,15.76,0
"Torrecuso",2021,9,20,23.54,15.54,3
"Torrecuso",2021,9,21,24.24,13.14,0
"Torrecuso",2021,9,22,21.48,14.28,0
"Torrecuso",2021,9,23,21.13,10.37,0
"Torrecuso",2021,9,24,24.71,8.51,0
"Torrecuso",2021,9,25,26.9,11.07,0
"Torrecuso",2021,9,26,27.32,12.64,0
"Torrecuso",2021,9,27,24.86,16.04,0
"Torrecuso",2021,9,28,23.53,15.85,0
"Torrecuso",2021,9,29,24.83,12.33,0
"Torrecuso",2021,9,30,24.65,14.11,0
"Torrecuso",2021,10,1,24.47,13.81,0
"Torrecuso",2021,10,2,23.29,11.4,0
"Torrecuso",2021,10,3,23.96,11.79,0
"Torrecuso",2021,10,4,25.45,10.9,0
"Torrecuso",2021,10,5,19.44,12.77,19
"Torrecuso",2021,10,6,19.26,11.65,22.5
"Torrecuso",2021,10,7,16.86,9.67,5.1
"Torrecuso",2021,10,8,17.79,10.8,3.3
"Torrecuso",2021,10,9,16.8,11.58,0
"Torrecuso",2021,10,10,11.82,6.37,11.2
"Torrecuso",2021,10,11,12.98,4.62,1.9
"Torrecuso",2021,10,12,15.41,6.98,0
"Torrecuso",2021,10,13,15.93,8.55,0
"Torrecuso",2021,10,14,12.14,8.08,0
"Torrecuso",2021,10,15,13.03,8.02,0
"Torrecuso",2021,10,16,16.19,5.09,0
"Torrecuso",2021,10,17,14.41,10.14,0
"Torrecuso",2021,10,18,18.14,9.66,0
"Torrecuso",2021,10,19,19.37,6.43,0
"Torrecuso",2021,10,20,18.94,4.6,0
"Torrecuso",2021,10,21,16.93,11.46,0
"Torrecuso",2021,10,22,18.27,11.93,3.5
"Torrecuso",2021,10,23,19.37,10.65,0
"Torrecuso",2021,10,24,15.13,12.69,0
"Torrecuso",2021,10,25,14.14,12.48,0
"Torrecuso",2021,10,26,16.31,12.53,0
"Torrecuso",2021,10,27,16.76,10.7,0
"Torrecuso",2021,10,28,17.33,9.78,0
"Torrecuso",2021,10,29,16.32,8.72,0
"Torrecuso",2021,10,30,16.4,9.73,0
"Torrecuso",2021,10,31,18.05,10.33,0
"Torrecuso",2021,11,1,19.71,11.72,1.4
"Torrecuso",2021,11,2,18.02,13.48,1.4
"Torrecuso",2021,11,3,21.66,12.38,71
"Torrecuso",2021,11,4,22.28,10.67,16.5
"Torrecuso",2021,11,5,15.62,10.51,0
"Torrecuso",2021,11,6,14.23,12.43,15.3
"Torrecuso",2021,11,7,18.56,10.33,0
"Torrecuso",2021,11,8,15.09,10.58,36.6
"Torrecuso",2021,11,9,17.35,14.15,30.5
"Torrecuso",2021,11,10,18.36,16.14,0
"Torrecuso",2021,11,11,19.59,15.65,0
"Torrecuso",2021,11,12,16.05,11.85,3.6
"Torrecuso",2021,11,13,17.51,9.24,0
"Torrecuso",2021,11,14,17.36,7.83,0
"Torrecuso",2021,11,15,15.06,6.68,4
"Torrecuso",2021,11,16,17.07,9.33,16
"Torrecuso",2021,11,17,16.57,7.57,3.3
"Torrecuso",2021,11,18,15.54,12.06,2.1
"Torrecuso",2021,11,19,16.58,8.34,0
"Torrecuso",2021,11,20,18.65,5.4,0
"Torrecuso",2021,11,21,15.11,2.89,0
"Torrecuso",2021,11,22,13.13,7.98,8.7
"Torrecuso",2021,11,23,15.36,8.47,2.2
"Torrecuso",2021,11,24,11.64,11.2,0
"Torrecuso",2021,11,25,10.82,8.83,16.2
"Torrecuso",2021,11,26,11.03,9.17,35.6
"Torrecuso",2021,11,27,10.59,7.09,25.2
"Torrecuso",2021,11,28,11.88,5.57,34.2
"Torrecuso",2021,11,29,4.14,1.37,15.1
"Torrecuso",2021,11,30,7.44,-0.29,1.7
"Torrecuso",2021,12,1,8.42,0.93,9.1
"Torrecuso",2021,12,2,13.53,7.89,31.3
"Torrecuso",2021,12,3,8.48,7.68,10.8
"Torrecuso",2021,12,4,10.67,3.54,0.8
"Torrecuso",2021,12,5,11.91,6.02,19
"Torrecuso",2021,12,6,6.55,5.29,2.8
"Torrecuso",2021,12,7,8.41,-0.45,0
"Torrecuso",2021,12,8,13.4,-2.78,11.4
"Torrecuso",2021,12,9,12.11,4.12,43.7
"Torrecuso",2021,12,10,8.81,0.93,13.4
"Torrecuso",2021,12,11,6.68,5.06,12.9
"Torrecuso",2021,12,12,8.12,3.93,0
"Torrecuso",2021,12,13,11.21,0.93,0
"Torrecuso",2021,12,14,12.88,6.87,0
"Torrecuso",2021,12,15,12.3,9.53,0
"Torrecuso",2021,12,16,8.76,9.35,0
"Torrecuso",2021,12,17,13.58,5.67,0
"Torrecuso",2021,12,18,8.45,5.02,0
"Torrecuso",2021,12,19,11.48,2.46,0
"Torrecuso",2021,12,20,11.59,-1.26,0
"Torrecuso",2021,12,21,7.16,2.53,0
"Torrecuso",2021,12,22,6.56,-0.35,0
"Torrecuso",2021,12,23,10.55,1.9,0
"Torrecuso",2021,12,24,10.05,8.6,1.8
"Torrecuso",2021,12,25,13.56,10.68,0
"Torrecuso",2021,12,26,13.87,11.99,29.2
"Torrecuso",2021,12,27,11.88,8.92,0
"Torrecuso",2021,12,28,14.58,6.32,1.9
"Torrecuso",2021,12,29,15.36,6.01,0
"Torrecuso",2021,12,30,16.91,5.24,0
"Torrecuso",2021,12,31,20.18,5.53,0
"Torrecuso",2022,1,1,13.31,4.78,0
"Torrecuso",2022,1,2,10.9,8.77,0
"Torrecuso",2022,1,3,12.8,10.06,0
"Torrecuso",2022,1,4,12.48,10.8,0
"Torrecuso",2022,1,5,14.94,10.38,4.8
"Torrecuso",2022,1,6,10.8,5.84,2.5
"Torrecuso",2022,1,7,7.77,7.56,0
"Torrecuso",2022,1,8,7.33,1.49,0
"Torrecuso",2022,1,9,5.45,-1.67,12.3
"Torrecuso",2022,1,10,6.57,3,6.4
"Torrecuso",2022,1,11,7.77,6.43,0
"Torrecuso",2022,1,12,6.05,4.61,0
"Torrecuso",2022,1,13,8.33,4.31,0
"Torrecuso",2022,1,14,12.6,0.13,0
"Torrecuso",2022,1,15,16.61,0.3,0
"Torrecuso",2022,1,16,13.66,0.47,0
"Torrecuso",2022,1,17,11.85,1.72,0
"Torrecuso",2022,1,18,12.62,-0.43,0
"Torrecuso",2022,1,19,10.62,1.66,0
"Torrecuso",2022,1,20,9.05,2.34,4.1
"Torrecuso",2022,1,21,8.52,3.88,0.9
"Torrecuso",2022,1,22,8.53,-1.12,0
"Torrecuso",2022,1,23,11.8,-0.56,0
"Torrecuso",2022,1,24,7.79,1.22,3.4
"Torrecuso",2022,1,25,8.04,-3.66,0
"Torrecuso",2022,1,26,10.7,-4.01,0
"Torrecuso",2022,1,27,10.74,-3.52,0
"Torrecuso",2022,1,28,11.16,1.78,1.6
"Torrecuso",2022,1,29,8.25,-1.65,0
"Torrecuso",2022,1,30,11.52,-3.25,0
"Torrecuso",2022,1,31,9.72,2.02,5.7
"Torrecuso",2022,2,1,6.86,2.42,8.2
"Torrecuso",2022,2,2,12.47,-1.84,0
"Torrecuso",2022,2,3,13.07,1.28,0
"Torrecuso",2022,2,4,10.3,1.47,0
"Torrecuso",2022,2,5,11.75,6.63,0
"Torrecuso",2022,2,6,14.37,4.78,0
"Torrecuso",2022,2,7,10.36,4.59,2.9
"Torrecuso",2022,2,8,10.7,0.14,0
"Torrecuso",2022,2,9,15.21,-0.57,0
"Torrecuso",2022,2,10,15.43,-0.32,0
"Torrecuso",2022,2,11,14.74,2.2,0
"Torrecuso",2022,2,12,13.69,3.04,0
"Torrecuso",2022,2,13,13.63,3.49,0
"Torrecuso",2022,2,14,8.86,1.82,0
"Torrecuso",2022,2,15,10.23,5.38,13.8
"Torrecuso",2022,2,16,11.81,2.6,0
"Torrecuso",2022,2,17,13.19,0.61,0
"Torrecuso",2022,2,18,15.37,6.99,0
"Torrecuso",2022,2,19,16,9.2,0
"Torrecuso",2022,2,20,15.54,7.68,0
"Torrecuso",2022,2,21,10.64,8.06,14
"Torrecuso",2022,2,22,11.75,6.04,5.4
"Torrecuso",2022,2,23,15.51,6.63,0
"Torrecuso",2022,2,24,17.11,2.85,0
"Torrecuso",2022,2,25,14.1,1.89,0
"Torrecuso",2022,2,26,5.75,0.52,27.6
"Torrecuso",2022,2,27,8.7,2.87,6.5
"Torrecuso",2022,2,28,9.41,4.2,0
"Torrecuso",2022,3,1,6.61,0.97,0
"Torrecuso",2022,3,2,10.02,-0.21,0
"Torrecuso",2022,3,3,11.41,-1.44,0
"Torrecuso",2022,3,4,11.58,0.8,6.1
"Torrecuso",2022,3,5,4.73,3.44,6.4
"Torrecuso",2022,3,6,8.9,2.44,0
"Torrecuso",2022,3,7,7.83,0.97,2.8
"Torrecuso",2022,3,8,4.51,0.93,0
"Torrecuso",2022,3,9,8.7,2.52,0
"Torrecuso",2022,3,10,13.69,0.25,0
"Torrecuso",2022,3,11,8.85,0.74,0
"Torrecuso",2022,3,12,9.5,-2.33,0
"Torrecuso",2022,3,13,11.99,-2.48,0
"Torrecuso",2022,3,14,14.61,-1.66,0
"Torrecuso",2022,3,15,15.77,-1.03,0
"Torrecuso",2022,3,16,16.47,-0.21,0
"Torrecuso",2022,3,17,15.13,6.06,0
"Torrecuso",2022,3,18,11.56,9.72,0
"Torrecuso",2022,3,19,10.31,7.27,0
"Torrecuso",2022,3,20,10.37,4,0
"Torrecuso",2022,3,21,10.86,1.07,0.9
"Torrecuso",2022,3,22,13.02,-0.18,0
"Torrecuso",2022,3,23,17.14,4.3,0
"Torrecuso",2022,3,24,18.88,1.41,0
"Torrecuso",2022,3,25,18.06,1.9,0
"Torrecuso",2022,3,26,21.1,3.7,0
"Torrecuso",2022,3,27,16.9,9.6,4.1
"Torrecuso",2022,3,28,10.89,9.17,7.1
"Torrecuso",2022,3,29,18.04,4.96,0
"Torrecuso",2022,3,30,13.21,4.23,3.2
"Torrecuso",2022,3,31,13.78,9.46,30.5
"Torrecuso",2022,4,1,11.42,4.94,13.6
"Torrecuso",2022,4,2,7.74,0.68,30.6
"Torrecuso",2022,4,3,10.45,0.91,5.7
"Torrecuso",2022,4,4,11.87,1.71,0
"Torrecuso",2022,4,5,15.86,4.49,0
"Torrecuso",2022,4,6,17.06,3.97,5.7
"Torrecuso",2022,4,7,15.03,7.57,4.1
"Torrecuso",2022,4,8,17.35,10.58,0
"Torrecuso",2022,4,9,16.83,9.12,0
"Torrecuso",2022,4,10,12.09,3.85,0
"Torrecuso",2022,4,11,16.79,0.58,0
"Torrecuso",2022,4,12,19.2,0.94,0
"Torrecuso",2022,4,13,20.99,4.59,0
"Torrecuso",2022,4,14,19.83,7.04,0
"Torrecuso",2022,4,15,22.4,7.93,0
"Torrecuso",2022,4,16,20.37,9.92,0
"Torrecuso",2022,4,17,12,9.52,0
"Torrecuso",2022,4,18,14.94,9.04,0
"Torrecuso",2022,4,19,16.76,3.32,0
"Torrecuso",2022,4,20,19.59,7.74,0
"Torrecuso",2022,4,21,17.3,10.66,1.3
"Torrecuso",2022,4,22,14.36,9.35,11.1
"Torrecuso",2022,4,23,19.05,8.58,0
"Torrecuso",2022,4,24,19.08,5.77,0
"Torrecuso",2022,4,25,15.53,8.24,0
"Torrecuso",2022,4,26,20.86,7.2,0
"Torrecuso",2022,4,27,22.79,6.16,0
"Torrecuso",2022,4,28,18.76,12.17,0
"Torrecuso",2022,4,29,19.69,11.29,0
"Torrecuso",2022,4,30,21.83,6.76,0
"Torrecuso",2022,5,1,20.63,4.66,0
"Torrecuso",2022,5,2,20.47,9.04,9.7
"Torrecuso",2022,5,3,20.48,6.9,0
"Torrecuso",2022,5,4,21,8.17,0
"Torrecuso",2022,5,5,21,7.3,0
"Torrecuso",2022,5,6,19.92,12.61,1.4
"Torrecuso",2022,5,7,14.21,12.51,14.6
"Torrecuso",2022,5,8,17.6,12.59,4
"Torrecuso",2022,5,9,21.63,13.61,0
"Torrecuso",2022,5,10,23.71,10.53,0
"Torrecuso",2022,5,11,24.28,9.67,0
"Torrecuso",2022,5,12,23.43,10.88,0
"Torrecuso",2022,5,13,23.93,14.75,0
"Torrecuso",2022,5,14,23.89,14.04,0
"Torrecuso",2022,5,15,25.02,11.64,0
"Torrecuso",2022,5,16,26.72,11.27,0
"Torrecuso",2022,5,17,25.29,12.43,0
"Torrecuso",2022,5,18,25.8,13.1,0
"Torrecuso",2022,5,19,24.1,11.57,0
"Torrecuso",2022,5,20,26.45,7,0
"Torrecuso",2022,5,21,25.57,11.42,0
"Torrecuso",2022,5,22,25.04,16.27,0
"Torrecuso",2022,5,23,25.56,14.7,0
"Torrecuso",2022,5,24,28.92,10.57,0
"Torrecuso",2022,5,25,31.33,9.84,0
"Torrecuso",2022,5,26,32.6,13.35,0
"Torrecuso",2022,5,27,29.72,20.59,0
"Torrecuso",2022,5,28,31.21,16.62,0
"Torrecuso",2022,5,29,28.26,14.68,4.7
"Torrecuso",2022,5,30,28.73,13.7,0
"Torrecuso",2022,5,31,29.95,13.65,0
"Torrecuso",2022,6,1,30.34,13.52,0
"Torrecuso",2022,6,2,33.73,15.39,0
"Torrecuso",2022,6,3,35.65,17.43,0
"Torrecuso",2022,6,4,33.6,16.24,0
"Torrecuso",2022,6,5,34.16,17.21,0
"Torrecuso",2022,6,6,31.76,18.28,0
"Torrecuso",2022,6,7,29,15.56,0
"Torrecuso",2022,6,8,27.95,16.47,0
"Torrecuso",2022,6,9,18.64,14.63,64.7
"Torrecuso",2022,6,10,20.69,14.1,16.5
"Torrecuso",2022,6,11,26.26,18.39,0
"Torrecuso",2022,6,12,26.77,17.57,0
"Torrecuso",2022,6,13,29.48,15.84,0
"Torrecuso",2022,6,14,31.28,15.01,0
"Torrecuso",2022,6,15,30.8,17.8,0
"Torrecuso",2022,6,16,30.45,18.47,0
"Torrecuso",2022,6,17,29.43,17.81,0
"Torrecuso",2022,6,18,27.01,16.92,0
"Torrecuso",2022,6,19,30.64,13.93,0
"Torrecuso",2022,6,20,29.06,14.76,0
"Torrecuso",2022,6,21,29.28,17.67,0
"Torrecuso",2022,6,22,31.3,16.88,0
"Torrecuso",2022,6,23,28.35,15.65,0
"Torrecuso",2022,6,24,31.25,19.24,0
"Torrecuso",2022,6,25,30.25,18.39,0
"Torrecuso",2022,6,26,33.74,18.27,0
"Torrecuso",2022,6,27,35.72,18.52,0
"Torrecuso",2022,6,28,36.72,16.86,0
"Torrecuso",2022,6,29,30.2,18.47,0
"Torrecuso",2022,6,30,31.76,17.72,0
"Torrecuso",2022,7,1,33.87,17.08,0
"Torrecuso",2022,7,2,34.62,16.72,0
"Torrecuso",2022,7,3,35.49,20.64,0
"Torrecuso",2022,7,4,33.97,19.99,0
"Torrecuso",2022,7,5,32.56,19,0
"Torrecuso",2022,7,6,33.79,17.92,8.6
"Torrecuso",2022,7,7,31.36,16.68,0
"Torrecuso",2022,7,8,26.3,16.59,15.9
"Torrecuso",2022,7,9,26.11,18.93,0
"Torrecuso",2022,7,10,26.73,15.36,0
"Torrecuso",2022,7,11,29.92,14.82,0
"Torrecuso",2022,7,12,30.63,15.6,0
"Torrecuso",2022,7,13,28.04,17.35,3.9
"Torrecuso",2022,7,14,31.46,13.76,0
"Torrecuso",2022,7,15,32.93,14.36,0
"Torrecuso",2022,7,16,33.27,17.83,0
"Torrecuso",2022,7,17,36,18.81,0
"Torrecuso",2022,7,18,32.63,22.39,0
"Torrecuso",2022,7,19,32.82,20.49,0
"Torrecuso",2022,7,20,34.12,17.6,0
"Torrecuso",2022,7,21,34.54,17.39,0
"Torrecuso",2022,7,22,35.41,19.3,0
"Torrecuso",2022,7,23,33.59,22.41,0
"Torrecuso",2022,7,24,33.82,19.85,0
"Torrecuso",2022,7,25,33.24,20.81,0
"Torrecuso",2022,7,26,32.26,21.9,0
"Torrecuso",2022,7,27,32.8,19.32,0
"Torrecuso",2022,7,28,34.68,19.21,0
"Torrecuso",2022,7,29,32.66,18.83,0
"Torrecuso",2022,7,30,32.74,19.14,0
"Torrecuso",2022,7,31,31.29,19.17,0
"Torrecuso",2022,8,1,31.75,16.65,0
"Torrecuso",2022,8,2,33.43,15.61,0
"Torrecuso",2022,8,3,33.67,18.89,0
"Torrecuso",2022,8,4,34.26,18.15,0
"Torrecuso",2022,8,5,32.86,18.88,0
"Torrecuso",2022,8,6,33.52,19.48,0
"Torrecuso",2022,8,7,33.75,17.09,0
"Torrecuso",2022,8,8,33.35,18.86,4
"Torrecuso",2022,8,9,31.41,17.75,34
"Torrecuso",2022,8,10,28.83,18.44,0
"Torrecuso",2022,8,11,29.96,19.33,11.1
"Torrecuso",2022,8,12,27.7,15.78,11.2
"Torrecuso",2022,8,13,25.92,14.19,4.1
"Torrecuso",2022,8,14,27.72,14.54,0
"Torrecuso",2022,8,15,28.48,14.88,0
"Torrecuso",2022,8,16,29.56,16.45,10.9
"Torrecuso",2022,8,17,31.56,19.63,0
"Torrecuso",2022,8,18,34.33,18.3,0
"Torrecuso",2022,8,19,27.06,20.37,0
"Torrecuso",2022,8,20,26.86,17.28,0
"Torrecuso",2022,8,21,29.75,17.06,0
"Torrecuso",2022,8,22,28.53,15.93,0
"Torrecuso",2022,8,23,27.78,14.18,0
"Torrecuso",2022,8,24,27.59,17.21,0
"Torrecuso",2022,8,25,29.39,16.48,0
"Torrecuso",2022,8,26,29.56,15.96,0
"Torrecuso",2022,8,27,29.14,15.75,0
"Torrecuso",2022,8,28,29.1,15.78,6.8
"Torrecuso",2022,8,29,28.49,14.93,14.4
"Torrecuso",2022,8,30,29.41,14.86,0
"Torrecuso",2022,8,31,28.72,18.18,0
"Torrecuso",2022,9,1,23.97,16.93,21.1
"Torrecuso",2022,9,2,26.43,15.46,0
"Torrecuso",2022,9,3,26.58,15.06,0
"Torrecuso",2022,9,4,24.55,17.4,3.3
"Torrecuso",2022,9,5,28.3,17.08,0
"Torrecuso",2022,9,6,30.23,15.41,0
"Torrecuso",2022,9,7,29.51,17.57,0
"Torrecuso",2022,9,8,28.67,17.19,0
"Torrecuso",2022,9,9,28.65,20.52,1.7
"Torrecuso",2022,9,10,27.09,17.19,0
"Torrecuso",2022,9,11,27.41,15.08,0
"Torrecuso",2022,9,12,27.53,15.43,0
"Torrecuso",2022,9,13,28.16,11.76,0
"Torrecuso",2022,9,14,28.06,13.65,0
"Torrecuso",2022,9,15,22.83,15.56,2.5
"Torrecuso",2022,9,16,25.89,18.88,14
"Torrecuso",2022,9,17,24.11,15.08,12.9
"Torrecuso",2022,9,18,22.36,10.63,0
"Torrecuso",2022,9,19,22.76,7.82,0
"Torrecuso",2022,9,20,24.09,12.48,0
"Torrecuso",2022,9,21,20.14,12.53,0
"Torrecuso",2022,9,22,19.51,9.67,0
"Torrecuso",2022,9,23,20.38,8.22,0
"Torrecuso",2022,9,24,21.61,6.08,0
"Torrecuso",2022,9,25,15.34,10.56,66.1
"Torrecuso",2022,9,26,16.6,13.68,11.2
"Torrecuso",2022,9,27,20.4,14.68,4.5
"Torrecuso",2022,9,28,18.6,15.41,9.4
"Torrecuso",2022,9,29,20.76,14.89,13.6
"Torrecuso",2022,9,30,21.56,15,6.6
"Torrecuso",2022,10,1,22.29,12.72,0
"Torrecuso",2022,10,2,22.44,11.5,0
"Torrecuso",2022,10,3,24.1,15.5,0
"Torrecuso",2022,10,4,21.74,11.55,0
"Torrecuso",2022,10,5,22.88,9.24,0
"Torrecuso",2022,10,6,23.93,10.71,0
"Torrecuso",2022,10,7,23.51,12.91,0
"Torrecuso",2022,10,8,22.86,10.88,0
"Torrecuso",2022,10,9,22.66,10.83,0
"Torrecuso",2022,10,10,21.31,15.15,0
"Torrecuso",2022,10,11,22.19,13.45,0
"Torrecuso",2022,10,12,22.49,12.51,0
"Torrecuso",2022,10,13,16.05,16.16,27.4
"Torrecuso",2022,10,14,21.44,12.35,0
"Torrecuso",2022,10,15,21.92,10.51,0
"Torrecuso",2022,10,16,22.47,9.59,0
"Torrecuso",2022,10,17,23.51,11.79,0
"Torrecuso",2022,10,18,23.73,11.44,0
"Torrecuso",2022,10,19,24.42,11.71,0
"Torrecuso",2022,10,20,23.1,11.11,0
"Torrecuso",2022,10,21,20.38,7.49,0
"Torrecuso",2022,10,22,19.63,12.05,0
"Torrecuso",2022,10,23,22.19,13.36,0
"Torrecuso",2022,10,24,22.1,10.83,0
"Torrecuso",2022,10,25,21.51,10.61,0
"Torrecuso",2022,10,26,21.34,13.01,0
"Torrecuso",2022,10,27,25.14,12.48,0
"Torrecuso",2022,10,28,24.47,13.02,0
"Torrecuso",2022,10,29,23.88,13.05,0
"Torrecuso",2022,10,30,19.85,10.21,0
"Torrecuso",2022,10,31,24.01,9.03,0
"Torrecuso",2022,11,1,22.75,7.83,0
"Torrecuso",2022,11,2,20.67,7.33,0
"Torrecuso",2022,11,3,19.82,10.28,0
"Torrecuso",2022,11,4,19.62,10.25,46.4
"Torrecuso",2022,11,5,12.97,10.53,15.3
"Torrecuso",2022,11,6,16.56,9,2
"Torrecuso",2022,11,7,18.17,6.85,0
"Torrecuso",2022,11,8,17.7,6.52,0
"Torrecuso",2022,11,9,16.59,5.6,0
"Torrecuso",2022,11,10,18.78,8.39,0
"Torrecuso",2022,11,11,18.06,11.73,0
"Torrecuso",2022,11,12,15.22,10.79,2.9
"Torrecuso",2022,11,13,14.56,8.72,2.6
"Torrecuso",2022,11,14,14.12,6.4,0.9
"Torrecuso",2022,11,15,15.63,7.64,0
"Torrecuso",2022,11,16,15,11.33,34.6
"Torrecuso",2022,11,17,17.05,11.59,0
"Torrecuso",2022,11,18,19.47,12.86,4.5
"Torrecuso",2022,11,19,15.48,11.19,22.5
"Torrecuso",2022,11,20,12.59,9.2,3
"Torrecuso",2022,11,21,13.23,5.01,0
"Torrecuso",2022,11,22,13.7,7.15,75.2
"Torrecuso",2022,11,23,13.66,3.97,0
"Torrecuso",2022,11,24,14.2,1.97,0
"Torrecuso",2022,11,25,13.68,3.34,4.3
"Torrecuso",2022,11,26,8.92,8.36,31.8
"Torrecuso",2022,11,27,12.31,7.45,0
"Torrecuso",2022,11,28,12.07,3.47,0
"Torrecuso",2022,11,29,11.66,4.03,0
"Torrecuso",2022,11,30,10.04,7.58,1.6
"Torrecuso",2022,12,1,11.01,6.1,0
"Torrecuso",2022,12,2,8.63,4.18,2.3
"Torrecuso",2022,12,3,14.07,6.62,2.2
"Torrecuso",2022,12,4,15.58,6.36,11.5
"Torrecuso",2022,12,5,14.49,4.28,0
"Torrecuso",2022,12,6,16.34,6.83,0
"Torrecuso",2022,12,7,15.84,6.14,0
"Torrecuso",2022,12,8,13.07,6.35,3.4
"Torrecuso",2022,12,9,17.72,11.05,1.9
"Torrecuso",2022,12,10,17.55,12.91,13
"Torrecuso",2022,12,11,12.78,8.75,2.8
"Torrecuso",2022,12,12,12.83,2.58,0
"Torrecuso",2022,12,13,9.3,3.04,5
"Torrecuso",2022,12,14,14.86,7.38,32.1
"Torrecuso",2022,12,15,16.4,11.58,6.9
"Torrecuso",2022,12,16,17.07,12.6,22.1
"Torrecuso",2022,12,17,14.26,6.62,6.5
"Torrecuso",2022,12,18,12.39,5.69,0
"Torrecuso",2022,12,19,12.36,3.82,0
"Torrecuso",2022,12,20,12.77,1.04,0
"Torrecuso",2022,12,21,10.58,1,0
"Torrecuso",2022,12,22,12.69,9,0
"Torrecuso",2022,12,23,13.24,8.12,0
"Torrecuso",2022,12,24,15.08,9.33,0
"Torrecuso",2022,12,25,15.97,10.55,0
"Torrecuso",2022,12,26,16.2,10.78,0
"Torrecuso",2022,12,27,15.36,9.69,0
"Torrecuso",2022,12,28,14.91,7.29,0
"Torrecuso",2022,12,29,12.3,5.83,0
"Torrecuso",2022,12,30,14.23,8.37,0
"Torrecuso",2022,12,31,16.98,8.01,0
"Torrecuso",2023,1,1,16.28,5.78,0
"Torrecuso",2023,1,2,12.07,4.42,0
"Torrecuso",2023,1,3,13.13,5,0
"Torrecuso",2023,1,4,14.46,3.92,0
"Torrecuso",2023,1,5,13.11,3.05,0
"Torrecuso",2023,1,6,14.21,4.35,0
"Torrecuso",2023,1,7,13.56,1.17,0
"Torrecuso",2023,1,8,12.88,5.52,0
"Torrecuso",2023,1,9,13.15,8.41,32.6
"Torrecuso",2023,1,10,8.98,4.63,2.6
"Torrecuso",2023,1,11,11.98,1.89,0
"Torrecuso",2023,1,12,11.67,1.35,0
"Torrecuso",2023,1,13,10.98,0.92,0
"Torrecuso",2023,1,14,13.17,3.31,0
"Torrecuso",2023,1,15,12.34,0.73,0
"Torrecuso",2023,1,16,11.29,9.29,12.3
"Torrecuso",2023,1,17,12.56,9.28,83
"Torrecuso",2023,1,18,11.34,7.61,37.9
"Torrecuso",2023,1,19,9.92,2.26,12.1
"Torrecuso",2023,1,20,4.91,-0.31,42.3
"Torrecuso",2023,1,21,5.01,2.84,11.1
"Torrecuso",2023,1,22,4.1,0.43,10.8
"Torrecuso",2023,1,23,7.71,1.27,11.8
"Torrecuso",2023,1,24,10.86,0.14,0
"Torrecuso",2023,1,25,8.25,4.11,5.3
"Torrecuso",2023,1,26,6.85,5.7,9.4
"Torrecuso",2023,1,27,7.35,4.5,0
"Torrecuso",2023,1,28,7.38,4.04,0
"Torrecuso",2023,1,29,7.52,2.63,0
"Torrecuso",2023,1,30,9.6,-1.3,0
"Torrecuso",2023,1,31,10.87,0.12,0
"Torrecuso",2023,2,1,10.33,-2.19,0
"Torrecuso",2023,2,2,11.77,0.5,0
"Torrecuso",2023,2,3,13.15,0.04,0
"Torrecuso",2023,2,4,14.83,5.42,0
"Torrecuso",2023,2,5,3.6,3.3,0
"Torrecuso",2023,2,6,1.82,2.41,0
"Torrecuso",2023,2,7,2.9,1.16,0
"Torrecuso",2023,2,8,4.04,-1.33,0
"Torrecuso",2023,2,9,2.25,2.51,1.3
"Torrecuso",2023,2,10,6.06,4.41,0
"Torrecuso",2023,2,11,10.99,-0.24,0
"Torrecuso",2023,2,12,12.51,-1.02,0
"Torrecuso",2023,2,13,12.23,3.67,0
"Torrecuso",2023,2,14,13.93,0.32,0
"Torrecuso",2023,2,15,16.55,-0.18,0
"Torrecuso",2023,2,16,13.45,2.25,0
"Torrecuso",2023,2,17,13.46,4.37,0
"Torrecuso",2023,2,18,14.18,3.13,0
"Torrecuso",2023,2,19,14.49,9.86,0
"Torrecuso",2023,2,20,17.15,6.57,0
"Torrecuso",2023,2,21,13.55,7.03,0
"Torrecuso",2023,2,22,14.58,4.79,0
"Torrecuso",2023,2,23,16.16,3.44,0
"Torrecuso",2023,2,24,16.25,2.82,0
"Torrecuso",2023,2,25,14.13,3.77,0
"Torrecuso",2023,2,26,11.81,5.36,6.1
"Torrecuso",2023,2,27,10.24,6.4,3.3
"Torrecuso",2023,2,28,8.9,7.82,9.6
"Torrecuso",2023,3,1,11.53,2.6,15.6
"Torrecuso",2023,3,2,9.18,4.21,5.3
"Torrecuso",2023,3,3,11.9,3.94,7.6
"Torrecuso",2023,3,4,9.92,6.97,2.7
"Torrecuso",2023,3,5,13.4,1.67,0
"Torrecuso",2023,3,6,11.37,5.79,0
"Torrecuso",2023,3,7,12.79,5.62,0
"Torrecuso",2023,3,8,14.12,9.44,14
"Torrecuso",2023,3,9,14.21,12.02,0
"Torrecuso",2023,3,10,15.65,12.04,1.6
"Torrecuso",2023,3,11,14.93,8.35,0
"Torrecuso",2023,3,12,15.7,4.87,0
"Torrecuso",2023,3,13,19.14,2.73,0
"Torrecuso",2023,3,14,17.6,7.17,8.6
"Torrecuso",2023,3,15,12.97,6.19,2
"Torrecuso",2023,3,16,11.09,6.34,0
"Torrecuso",2023,3,17,13.87,2.53,0
"Torrecuso",2023,3,18,15.86,1.15,0
"Torrecuso",2023,3,19,15.54,2.84,0
"Torrecuso",2023,3,20,12.42,7.02,0
"Torrecuso",2023,3,21,13.97,6.43,4.3
"Torrecuso",2023,3,22,19.1,4.08,0
"Torrecuso",2023,3,23,18.18,5.17,0
"Torrecuso",2023,3,24,17.7,11.15,0
"Torrecuso",2023,3,25,16.82,11.01,0
"Torrecuso",2023,3,26,16.6,6.83,0
"Torrecuso",2023,3,27,12.73,4.24,17.4
"Torrecuso",2023,3,28,11.72,0.78,0
"Torrecuso",2023,3,29,14.07,0.4,0
"Torrecuso",2023,3,30,14.72,6.75,0
"Torrecuso",2023,3,31,14.66,7.97,0
"Torrecuso",2023,4,1,16.51,9.27,0
"Torrecuso",2023,4,2,16.67,5.02,0
"Torrecuso",2023,4,3,10.7,9.27,0
"Torrecuso",2023,4,4,10.08,6.82,0
"Torrecuso",2023,4,5,7.12,5.89,0
"Torrecuso",2023,4,6,12.4,2.88,0
"Torrecuso",2023,4,7,14.78,0.65,0
"Torrecuso",2023,4,8,10.22,2.36,15.6
"Torrecuso",2023,4,9,11.31,6.75,0
"Torrecuso",2023,4,10,11.98,5.47,0
"Torrecuso",2023,4,11,14.95,1.91,0
"Torrecuso",2023,4,12,17.72,5.27,0
"Torrecuso",2023,4,13,18,4.72,2.5
"Torrecuso",2023,4,14,11.94,5.38,13
"Torrecuso",2023,4,15,11.96,5.09,12
"Torrecuso",2023,4,16,11.42,6.73,10.2
"Torrecuso",2023,4,17,11.51,9.81,4.5
"Torrecuso",2023,4,18,14.36,9.15,21.4
"Torrecuso",2023,4,19,16.56,7.45,1.9
"Torrecuso",2023,4,20,18.41,5.54,0
"Torrecuso",2023,4,21,20.05,7.21,0
"Torrecuso",2023,4,22,21.26,9.25,0
"Torrecuso",2023,4,23,20.47,8.1,0
"Torrecuso",2023,4,24,17.13,10.76,1
"Torrecuso",2023,4,25,18.73,9.44,0
"Torrecuso",2023,4,26,17.87,10.45,0
"Torrecuso",2023,4,27,20.97,6.47,0
"Torrecuso",2023,4,28,21.45,7.58,0
"Torrecuso",2023,4,29,20.73,7.17,0
"Torrecuso",2023,4,30,17.24,12.22,4.2
"Torrecuso",2023,5,1,9.12,9.76,7.5
"Torrecuso",2023,5,2,12.62,8.22,25.2
"Torrecuso",2023,5,3,12.87,9.28,0
"Torrecuso",2023,5,4,16.15,5.61,0
"Torrecuso",2023,5,5,19.75,2.13,0
"Torrecuso",2023,5,6,18.63,4.89,0
"Torrecuso",2023,5,7,18.47,7.17,0
"Torrecuso",2023,5,8,10.84,8.3,3.1
"Torrecuso",2023,5,9,15.13,8.75,0
"Torrecuso",2023,5,10,11.25,8.93,19
"Torrecuso",2023,5,11,13.87,8.37,4.7
"Torrecuso",2023,5,12,16.75,6.29,4.2
"Torrecuso",2023,5,13,14.87,5.55,9.3
"Torrecuso",2023,5,14,16.25,16.39,4.4
"Torrecuso",2023,5,15,12.96,16.02,16.5
"Torrecuso",2023,5,16,14.35,9.17,20.8
"Torrecuso",2023,5,17,14.27,9.31,12.1
"Torrecuso",2023,5,18,17.99,16.04,0
"Torrecuso",2023,5,19,20.04,18.51,0
"Torrecuso",2023,5,20,17.13,18.34,14
"Torrecuso",2023,5,21,19.94,18.42,2.5
"Torrecuso",2023,5,22,23.2,8.68,1.9
"Torrecuso",2023,5,23,25.35,7.62,0
"Torrecuso",2023,5,24,24.39,12.22,0
"Torrecuso",2023,5,25,26.03,15.92,0
"Torrecuso",2023,5,26,26.26,17.61,0
"Torrecuso",2023,5,27,25.39,16.93,0
"Torrecuso",2023,5,28,24.33,11.22,5.4
"Torrecuso",2023,5,29,25.51,15.08,5.4
"Torrecuso",2023,5,30,25.6,13.07,9.1
"Torrecuso",2023,5,31,24.01,15.31,1.6
"Torrecuso",2023,6,1,23.13,12.66,3.9
"Torrecuso",2023,6,2,24.23,12.98,7.2
"Torrecuso",2023,6,3,23.69,14.2,4.1
"Torrecuso",2023,6,4,23.49,13.77,0
"Torrecuso",2023,6,5,20.86,22.22,2.8
"Torrecuso",2023,6,6,21.63,19.75,0
"Torrecuso",2023,6,7,24.3,18.31,0
"Torrecuso",2023,6,8,24.15,18.97,0
"Torrecuso",2023,6,9,23.69,18.68,0
"Torrecuso",2023,6,10,22.13,16.14,3.5
"Torrecuso",2023,6,11,21.99,12.97,3.2
"Torrecuso",2023,6,12,23.18,13.51,16
"Torrecuso",2023,6,13,21.3,14.2,4.2
"Torrecuso",2023,6,14,20.72,20.93,29.4
"Torrecuso",2023,6,15,18.73,19.79,7.5
"Torrecuso",2023,6,16,21.57,13.5,0
"Torrecuso",2023,6,17,22.7,10.54,0
"Torrecuso",2023,6,18,25.74,9.09,0
"Torrecuso",2023,6,19,26.34,10.96,0
"Torrecuso",2023,6,20,25.9,11.95,0
"Torrecuso",2023,6,21,27.99,13.37,0
"Torrecuso",2023,6,22,29.15,13.58,0
"Torrecuso",2023,6,23,26.37,15.34,0
"Torrecuso",2023,6,24,24.89,13.25,10.1
"Torrecuso",2023,6,25,23.08,13.72,0
"Torrecuso",2023,6,26,24.64,15.14,0
"Torrecuso",2023,6,27,26.09,13.95,0
"Torrecuso",2023,6,28,24.77,16.84,0
"Torrecuso",2023,6,29,25.11,14.66,0
"Torrecuso",2023,6,30,26,15.25,0
"Torrecuso",2023,7,1,24.07,14.27,11.6
"Torrecuso",2023,7,2,24.51,16.64,0
"Torrecuso",2023,7,3,25.88,17.36,0
"Torrecuso",2023,7,4,26.07,17.41,0
"Torrecuso",2023,7,5,26.32,14.75,0
"Torrecuso",2023,7,6,28.12,18.79,0
"Torrecuso",2023,7,7,29.52,22.35,0
"Torrecuso",2023,7,8,29.83,24.89,0
"Torrecuso",2023,7,9,32.19,20.3,0
"Torrecuso",2023,7,10,31.71,22.86,0
"Torrecuso",2023,7,11,29.29,15.74,0
"Torrecuso",2023,7,12,31.25,20.75,0
"Torrecuso",2023,7,13,30.32,17.81,0
"Torrecuso",2023,7,14,30.7,18.62,0
"Torrecuso",2023,7,15,31.3,14.88,0
"Torrecuso",2023,7,16,29.22,21.89,0
"Torrecuso",2023,7,17,33.43,21.07,0
"Torrecuso",2023,7,18,33.7,20.42,0
"Torrecuso",2023,7,19,30.17,19.22,0
"Torrecuso",2023,7,20,28.63,23.88,0
"Torrecuso",2023,7,21,29.19,21.3,0
"Torrecuso",2023,7,22,31.48,23.45,0
"Torrecuso",2023,7,23,32.09,19.15,0
"Torrecuso",2023,7,24,34.98,18.91,0
"Torrecuso",2023,7,25,32.49,18.76,0
"Torrecuso",2023,7,26,25.56,16.9,0
"Torrecuso",2023,7,27,28.58,17.18,0
"Torrecuso",2023,7,28,26.77,14.97,0
"Torrecuso",2023,7,29,28.78,15.61,0
"Torrecuso",2023,7,30,28.1,18.82,0
"Torrecuso",2023,7,31,30.64,22.79,18
"Torrecuso",2023,8,1,29.81,23.19,0
"Torrecuso",2023,8,2,28.62,19.05,0
"Torrecuso",2023,8,3,29.02,17.88,0
"Torrecuso",2023,8,4,29.41,16.94,5.7
"Torrecuso",2023,8,5,22.01,19.52,8.2
"Torrecuso",2023,8,6,23.77,19.44,0
"Torrecuso",2023,8,7,25.03,19.75,0
"Torrecuso",2023,8,8,26.42,13.55,0
"Torrecuso",2023,8,9,27.87,16.52,0
"Torrecuso",2023,8,10,27.49,12.33,0
"Torrecuso",2023,8,11,30.72,14.37,0
"Torrecuso",2023,8,12,28.85,13.41,0
"Torrecuso",2023,8,13,29.88,12.16,0
"Torrecuso",2023,8,14,30.78,13.18,0
"Torrecuso",2023,8,15,29.08,16.21,0
"Torrecuso",2023,8,16,29.43,19.25,0
"Torrecuso",2023,8,17,32.58,19.96,0
"Torrecuso",2023,8,18,31.94,16.07,0
"Torrecuso",2023,8,19,31.84,18.11,0
"Torrecuso",2023,8,20,26.35,20.53,0
"Torrecuso",2023,8,21,32.71,23.05,0
"Torrecuso",2023,8,22,33.34,21.19,0
"Torrecuso",2023,8,23,33.89,19.66,0
"Torrecuso",2023,8,24,34.76,15.94,0
"Torrecuso",2023,8,25,31.46,15.08,0
"Torrecuso",2023,8,26,31.91,20.78,0
"Torrecuso",2023,8,27,35.37,20.69,0
"Torrecuso",2023,8,28,29.24,20.57,7.2
"Torrecuso",2023,8,29,23.26,20.09,9
"Torrecuso",2023,8,30,22.18,10.96,0
"Torrecuso",2023,8,31,22.81,13.09,0
"Torrecuso",2023,9,1,28.18,14.01,0
"Torrecuso",2023,9,2,30.09,16,0
"Torrecuso",2023,9,3,29.04,14.92,0
"Torrecuso",2023,9,4,24.85,20.24,0
"Torrecuso",2023,9,5,25.91,21.99,0
"Torrecuso",2023,9,6,27.94,21.9,0
"Torrecuso",2023,9,7,28.04,19.97,0
"Torrecuso",2023,9,8,28.34,20.02,0
"Torrecuso",2023,9,9,29.71,18.69,0
"Torrecuso",2023,9,10,30.59,17.52,0
"Torrecuso",2023,9,11,30.84,15.79,0
"Torrecuso",2023,9,12,29.87,10.62,0
"Torrecuso",2023,9,13,28.44,12.42,0
"Torrecuso",2023,9,14,26.61,18.89,0
"Torrecuso",2023,9,15,28.6,15.25,0
"Torrecuso",2023,9,16,27.32,15.08,0
"Torrecuso",2023,9,17,31.05,16.51,0
"Torrecuso",2023,9,18,29.75,16.76,0
"Torrecuso",2023,9,19,29.14,12.13,0
"Torrecuso",2023,9,20,28.39,18.17,0
"Torrecuso",2023,9,21,27.14,17.68,1.9
"Torrecuso",2023,9,22,29.96,18.99,0
"Torrecuso",2023,9,23,21.26,15.87,37.8
"Torrecuso",2023,9,24,21.86,11.12,0
"Torrecuso",2023,9,25,21.12,16.67,1
"Torrecuso",2023,9,26,24.83,18.78,0
"Torrecuso",2023,9,27,26.67,17.15,0
"Torrecuso",2023,9,28,27.79,10.77,0
"Torrecuso",2023,9,29,24.34,10.28,0
"Torrecuso",2023,9,30,24.68,9.82,0
"Torrecuso",2023,10,1,26.54,12.98,0
"Torrecuso",2023,10,2,27.75,14.55,0
"Torrecuso",2023,10,3,27.58,12,0
"Torrecuso",2023,10,4,25.47,13.64,0
"Torrecuso",2023,10,5,25.87,13.94,0
"Torrecuso",2023,10,6,27.3,15.99,0
"Torrecuso",2023,10,7,25.99,16.28,0
"Torrecuso",2023,10,8,28.63,13.99,0
"Torrecuso",2023,10,9,28.21,14.49,0
"Torrecuso",2023,10,10,26.91,16.96,0
"Torrecuso",2023,10,11,26.43,18.22,0
"Torrecuso",2023,10,12,24.7,16.6,0
"Torrecuso",2023,10,13,25.51,16.39,0
"Torrecuso",2023,10,14,24.51,15.75,0
"Torrecuso",2023,10,15,23.94,16.84,0
"Torrecuso",2023,10,16,16.94,14.28,5.5
"Torrecuso",2023,10,17,17.15,11.5,14.3
"Torrecuso",2023,10,18,20.06,10.47,0
"Torrecuso",2023,10,19,26.03,11.3,0
"Torrecuso",2023,10,20,28.64,14.84,0
"Torrecuso",2023,10,21,21.35,14.65,33
"Torrecuso",2023,10,22,20.51,13.15,3.2
"Torrecuso",2023,10,23,21.88,12.13,0
"Torrecuso",2023,10,24,22.23,9.82,2.8
"Torrecuso",2023,10,25,18.56,14.95,18.6
"Torrecuso",2023,10,26,20.36,15.2,3.9
"Torrecuso",2023,10,27,20.95,14.41,6.5
"Torrecuso",2023,10,28,20,13.35,0
"Torrecuso",2023,10,29,21.31,11.08,0
"Torrecuso",2023,10,30,23.32,9.17,0
"Torrecuso",2023,10,31,21.97,11.59,0
"Torrecuso",2023,11,1,14.62,9.55,4.3
"Torrecuso",2023,11,2,17.53,8.91,3.2
"Torrecuso",2023,11,3,18.63,7.51,45.3
"Torrecuso",2023,11,4,14.69,8.42,7.3
"Torrecuso",2023,11,5,18.16,13.56,14.9
"Torrecuso",2023,11,6,17.65,11.48,0
"Torrecuso",2023,11,7,15.41,12.24,9.2
"Torrecuso",2023,11,8,15.13,8.05,1.8
"Torrecuso",2023,11,9,15.69,5.98,0
"Torrecuso",2023,11,10,15,9.46,9.3
"Torrecuso",2023,11,11,14.72,7.66,7.4
"Torrecuso",2023,11,12,9.77,7.16,11.3
"Torrecuso",2023,11,13,16.21,9.72,0
"Torrecuso",2023,11,14,18.39,14.35,0
"Torrecuso",2023,11,15,18.78,13.95,0
"Torrecuso",2023,11,16,16.79,9.62,0
"Torrecuso",2023,11,17,16.34,10.48,2.8
"Torrecuso",2023,11,18,13.77,3.23,0
"Torrecuso",2023,11,19,15.24,1.56,0
"Torrecuso",2023,11,20,15.42,12.3,0
"Torrecuso",2023,11,21,16.33,11.54,3.2
"Torrecuso",2023,11,22,14.79,10.28,2
"Torrecuso",2023,11,23,11.77,11.52,8.7
"Torrecuso",2023,11,24,13.58,8.9,0
"Torrecuso",2023,11,25,10.88,0.99,9.6
"Torrecuso",2023,11,26,12.19,-1.64,0
"Torrecuso",2023,11,27,13.06,-0.69,7.7
"Torrecuso",2023,11,28,17.88,13.44,52.2
"Torrecuso",2023,11,29,18.44,4.77,0
"Torrecuso",2023,11,30,23.67,14.76,2
"Torrecuso",2023,12,1,17.67,11.77,0
"Torrecuso",2023,12,2,16.83,13.02,3.9
"Torrecuso",2023,12,3,14.38,8.2,1.5
"Torrecuso",2023,12,4,12.78,6.27,0
"Torrecuso",2023,12,5,11.69,8.3,18.6
"Torrecuso",2023,12,6,11.62,5.97,0
"Torrecuso",2023,12,7,11.15,-0.53,0
"Torrecuso",2023,12,8,10.35,1.91,0
"Torrecuso",2023,12,9,9.3,4.31,0
"Torrecuso",2023,12,10,11.51,3.68,6.2
"Torrecuso",2023,12,11,10.65,1.9,0
"Torrecuso",2023,12,12,15.09,15.2,0
"Torrecuso",2023,12,13,18.13,10.58,0
"Torrecuso",2023,12,14,16.17,9.79,8.9
"Torrecuso",2023,12,15,13.76,10.08,1.8
"Torrecuso",2023,12,16,8.24,8.57,0
"Torrecuso",2023,12,17,6.41,-1.65,0
"Torrecuso",2023,12,18,6.92,1.79,0
"Torrecuso",2023,12,19,8.09,-0.22,0
"Torrecuso",2023,12,20,7.79,-1.45,0
"Torrecuso",2023,12,21,10.59,2.85,0
"Torrecuso",2023,12,22,14.88,5.06,0
"Torrecuso",2023,12,23,15.26,7.63,0
"Torrecuso",2023,12,24,10.86,11.48,0
"Torrecuso",2023,12,25,10.18,6.15,0
"Torrecuso",2023,12,26,9.82,6.62,0
"Torrecuso",2023,12,27,11.37,2.51,0
"Torrecuso",2023,12,28,9.19,0.34,0
"Torrecuso",2023,12,29,12.47,4.24,0
"Torrecuso",2023,12,30,11.24,7,0
"Torrecuso",2023,12,31,10.97,6.32,4.2
